k,status,infeasible,solver_mode,rollout_steps,i_ref,i_ref_mpc,idx_ref_0,idx_ref_terminal,u0_vx,u0_vy,u0_vz,u0_wx,u0_wy,u0_wz,u0_dL,p_now_x,p_now_y,p_now_z,p_now_qw,p_now_qx,p_now_qy,p_now_qz,p_now_L,tip_x,tip_y,tip_z,tip_tx,tip_ty,tip_tz,pred1_err_xy_m,pred1_err_xy_mm,pred1_err_xyz_m,pred1_err_xyz_mm,sqp_iters_done,sqp_du_final,sqp_du_rel_final,frame_path,i_seg,u_seg,rho_m,rho_mm,clearance_m,clearance_mm,tip_vessel_angle_deg,trust_vx,trust_vy,trust_vz,trust_wx,trust_wy,trust_wz,trust_dL,sqp_status_0,sqp_du_0,sqp_du_rel_0,u_applied_0_vx,u_applied_0_vy,u_applied_0_vz,u_applied_0_wx,u_applied_0_wy,u_applied_0_wz,u_applied_0_dL,x_rollout_0_x,x_rollout_0_y,x_rollout_0_z,x_rollout_0_tx,x_rollout_0_ty,x_rollout_0_tz,x_pred_0_x,x_pred_0_y,x_pred_0_z,x_pred_0_tx,x_pred_0_ty,x_pred_0_tz,rollout_err_xy_0_m,rollout_err_xy_0_mm,rollout_err_xyz_0_m,rollout_err_xyz_0_mm,u_plan_0_vx,u_plan_0_vy,u_plan_0_vz,u_plan_0_wx,u_plan_0_wy,u_plan_0_wz,u_plan_0_dL,u_plan_1_vx,u_plan_1_vy,u_plan_1_vz,u_plan_1_wx,u_plan_1_wy,u_plan_1_wz,u_plan_1_dL,u_plan_2_vx,u_plan_2_vy,u_plan_2_vz,u_plan_2_wx,u_plan_2_wy,u_plan_2_wz,u_plan_2_dL,u_plan_3_vx,u_plan_3_vy,u_plan_3_vz,u_plan_3_wx,u_plan_3_wy,u_plan_3_wz,u_plan_3_dL,u_plan_4_vx,u_plan_4_vy,u_plan_4_vz,u_plan_4_wx,u_plan_4_wy,u_plan_4_wz,u_plan_4_dL,u_plan_5_vx,u_plan_5_vy,u_plan_5_vz,u_plan_5_wx,u_plan_5_wy,u_plan_5_wz,u_plan_5_dL,u_plan_6_vx,u_plan_6_vy,u_plan_6_vz,u_plan_6_wx,u_plan_6_wy,u_plan_6_wz,u_plan_6_dL,u_plan_7_vx,u_plan_7_vy,u_plan_7_vz,u_plan_7_wx,u_plan_7_wy,u_plan_7_wz,u_plan_7_dL,u_plan_8_vx,u_plan_8_vy,u_plan_8_vz,u_plan_8_wx,u_plan_8_wy,u_plan_8_wz,u_plan_8_dL,u_plan_9_vx,u_plan_9_vy,u_plan_9_vz,u_plan_9_wx,u_plan_9_wy,u_plan_9_wz,u_plan_9_dL,u_plan_10_vx,u_plan_10_vy,u_plan_10_vz,u_plan_10_wx,u_plan_10_wy,u_plan_10_wz,u_plan_10_dL,u_plan_11_vx,u_plan_11_vy,u_plan_11_vz,u_plan_11_wx,u_plan_11_wy,u_plan_11_wz,u_plan_11_dL
0,solved,0,lti,1,18,18,18,29,-0.01000100519413487,-0.009999934283158866,8.063696452862262e-09,0.0,0.0,-0.5236005282921777,0.03999978441792027,0.6619328019190704,-0.7101273153778633,-0.1,0.0005353394347544018,0.999984381766393,0.005554285527072539,0.00031551110612948555,0.016799995688358407,0.781332835239677,-0.7099155957146724,-0.10000438659698824,-0.999998956338594,0.0014438392261127944,-5.1478266278189904e-05,5.6196881722766436e-05,0.056196881722766434,5.619688721113255e-05,0.05619688721113255,1,1.8157162116161,26.207606088334796,,16,0.03475368017381636,0.0013482495749689233,1.3482495749689234,0.0026517504250310768,2.651750425031077,1.4811353562784246,0.01,0.01,0.0001,0.17453292519943295,0.17453292519943295,0.5235987755982988,0.02,solved,1.8157162116161,26.207606088334796,-0.01000100519413487,-0.009999934283158866,8.063696452862262e-09,0.0,0.0,-0.5236005282921777,0.03999978441792027,0.781332835239677,-0.7099155957146724,-0.10000438659698824,-0.999998956338594,0.0014438392261127944,-5.1478266278189904e-05,0.7813328355760865,-0.7099717925963942,-0.10000436176035898,-0.9999999959501354,-6.354956883895543e-05,-6.372739919610255e-05,5.6196881722766436e-05,0.056196881722766434,5.619688721113255e-05,0.05619688721113255,-0.01000100519413487,-0.009999934283158866,8.063696452862262e-09,0.0,0.0,-0.5236005282921777,0.03999978441792027,-0.009669181833736473,0.010000010461045053,8.09283499768928e-09,0.0,0.0,0.523598775344906,0.039999898639157774,0.005808190459633297,0.009999998894595108,1.101242480413463e-08,0.0,0.0,0.5235987755517972,0.039999961567055556,0.009997895756454055,0.009999998798353418,1.2706612370636655e-08,0.0,0.0,0.5235987755456804,0.0400001376933522,0.009999835558894315,0.010000000102293037,1.4296175582475165e-08,0.0,0.0,0.5235987756020276,0.0400001322045155,0.009999848945942148,0.010000000855625397,1.5750781860321597e-08,0.0,0.0,0.523598775632533,0.04000028178817553,0.009998835408111834,0.010000000962290138,1.7075369986830426e-08,0.0,0.0,0.5235987756349406,0.04000046411727104,0.009999696163213096,0.01000000059627045,1.8317823409897304e-08,0.0,0.0,0.5235987756208786,0.04000025195897331,0.005153144378246059,0.010000000157558564,1.9510476542118113e-08,0.0,0.0,0.5235987756043147,0.0399997166011053,-0.0012997030529859554,0.010000000132961444,1.896788692225584e-08,0.0,0.0,0.5235987756045037,0.039999603570748145,-0.009997936937643427,0.010000000388065316,1.9190678570596035e-08,0.0,0.0,0.5235987756160188,0.04000127304051901,-0.009996876563247225,0.010000000922381345,1.9340570730360468e-08,0.0,0.0,0.5235987293405493,0.04000176538867897
1,solved,0,lti,1,19,19,19,30,-0.019669181833736473,0.020000010461045055,5.998514732242332e-06,0.0,0.0,1.0471975509432048,0.05999989863915777,0.6615394182823957,-0.7097273151686424,-0.1,0.0005320061175646757,0.9999877152672348,-0.0049176395808683245,0.00032109976544366167,0.01799999366114156,0.7801328440822006,-0.7099497617333443,-0.10000407424736578,-0.9999987445340427,-0.0015845914544696243,-5.108231193942958e-07,6.366289048778265e-05,0.06366289048778265,6.366290985106428e-05,0.06366290985106428,1,1.815119467673095,0.9974955221455908,,16,0.8349420682178981,0.001343854821507001,1.343854821507001,0.0026561451784929994,2.6561451784929995,1.3938475439652798,0.01,0.01,0.0001,0.17453292519943295,0.17453292519943295,0.5235987755982988,0.02,solved,1.815119467673095,0.9974955221455908,-0.019669181833736473,0.020000010461045055,5.998514732242332e-06,0.0,0.0,1.0471975509432048,0.05999989863915777,0.7801328440822006,-0.7099497617333443,-0.10000407424736578,-0.9999987445340427,-0.0015845914544696243,-5.108231193942958e-07,0.7801328775865706,-0.7098860988516729,-0.10000412390061675,-0.9999999996900084,-1.7500665974514663e-05,-1.7711849997325682e-05,6.366289048778265e-05,0.06366289048778265,6.366290985106428e-05,0.06366290985106428,-0.019669181833736473,0.020000010461045055,5.998514732242332e-06,0.0,0.0,1.0471975509432048,0.05999989863915777,-0.004191809540366703,0.019999998894595108,5.998514732242331e-06,0.0,0.0,1.047197551150096,0.05999996156705558,-2.1042435459448644e-06,0.019999998798353416,5.998514732242331e-06,0.0,0.0,1.047197551143979,0.060000137693352204,-1.6444110568537848e-07,0.02000000010229304,5.998514732242331e-06,0.0,0.0,1.0471975512003264,0.0600001322045155,-1.5105405785226242e-07,0.020000000855625397,5.998514732242331e-06,0.0,0.0,1.0471975512308318,0.05844014670751033,-1.16459188816663e-06,0.02000000096229014,5.998514732242331e-06,0.0,0.0,1.0471975512332394,0.04433104396674509,-3.038367869037662e-07,0.02000000059627045,5.998514732242331e-06,0.0,0.0,1.0471975512191776,0.043581410341675446,-0.0048468556217539415,0.020000000157558564,5.998514732242331e-06,0.0,0.0,1.0471975512026135,0.04338903943547887,-0.011299703052985955,0.020000000132961444,5.998514732242331e-06,0.0,0.0,1.0471975512028027,0.043390437352278904,-0.01999793693764343,0.020000000388065316,5.998514732240588e-06,0.0,0.0,1.0471975512143175,0.04339454928455876,-0.019996876563247223,0.020000000922381345,5.998512989570457e-06,0.0,0.0,1.0471975049388482,0.036641814892984334,-0.019996876563247223,0.020000000922381345,4.255839286057697e-06,0.0,0.0,1.0471975049388482,0.020684629775591892
2,solved,0,lti,1,20,20,20,31,-0.01419107502203145,0.029999027855661234,4.7599928738255785e-08,0.0,0.0,1.570796295088274,0.07999996671592835,0.6612555967819551,-0.7091273346115292,-0.1,0.0005268968694900825,0.9997871063456497,-0.020624156938503464,0.00032941654089581644,0.019599992995460128,0.778533070996733,-0.7100164868929312,-0.10000354494773915,-0.9999777724930696,-0.006667108443355465,6.469005502761371e-05,7.425709319884708e-05,0.07425709319884709,7.425711482734038e-05,0.07425711482734038,1,1.8148160799622763,0.49966374424596904,,18,0.16927547162093254,0.001221264933558378,1.221264933558378,0.0027787350664416222,2.778735066441622,7.834658625511632,0.01,0.01,0.0001,0.17453292519943295,0.17453292519943295,0.5235987755982988,0.02,solved,1.8148160799622763,0.49966374424596904,-0.01419107502203145,0.029999027855661234,4.7599928738255785e-08,0.0,0.0,1.570796295088274,0.07999996671592835,0.778533070996733,-0.7100164868929312,-0.10000354494773915,-0.9999777724930696,-0.006667108443355465,6.469005502761371e-05,0.7785328894505564,-0.7099422300216577,-0.10000360162347076,-0.9999878332441773,-0.004932642396042771,4.901640726320721e-05,7.425709319884708e-05,0.07425709319884709,7.425711482734038e-05,0.07425711482734038,-0.01419107502203145,0.029999027855661234,4.7599928738255785e-08,0.0,0.0,1.570796295088274,0.07999996671592835,-0.006398842833014326,0.029999056794344097,4.7603241467465665e-08,0.0,0.0,1.570796296188485,0.06629031852818615,0.005775752911491707,0.029999099555067025,4.813697272605869e-08,0.0,0.0,1.5707962979098777,0.04673836445599447,0.009612830056314237,0.029999151990710182,4.8323574418823514e-08,0.0,0.0,1.5707963001688514,0.04543679010953568,0.007015879111975606,0.029999205086965224,4.796307075948047e-08,0.0,0.0,1.570796302812778,0.04427623413315447,0.003330079824413968,0.029999245165085727,4.7210621337782115e-08,0.0,0.0,1.5707963057805419,0.04353183303771708,-0.00752416014227899,0.029999242392665076,4.6450127891049504e-08,0.0,0.0,1.5707963089881507,0.04335008471083932,-0.021292672253644642,0.029999109077631047,4.622650167146535e-08,0.0,0.0,1.5707963114135228,0.04336352467571777,-0.029996159903793514,0.029999364758860902,4.607161076533464e-08,0.0,0.0,1.5707963063265766,0.04338142092137294,-0.029993611508626478,0.029999338283413206,4.599895089027567e-08,0.0,0.0,1.5707962613672506,0.04514628485474305,-0.029985536482174262,0.029999225169412797,4.59840145537456e-08,0.0,0.0,1.5707962717076887,0.040683681005983525,-0.02997915939732856,0.02999919106488027,4.605615790859942e-08,0.0,0.0,1.5707957594190847,0.04068692907386918
3,solved,0,lti,1,22,22,22,33,-0.016404776805244988,0.039977347754887635,-1.564814351851863e-08,0.0,0.0,2.0943942095307,0.0862903369631199,0.6609275012458502,-0.7083277876564315,-0.1,0.0005198825358227026,0.9991359171282975,-0.04155758617421665,0.00034037878523899027,0.021325799734722525,0.7768081630130621,-0.7101271883310667,-0.100002855134987,-0.9999021847418186,-0.013985850436726587,0.00013013877063340384,8.762046336122284e-05,0.08762046336122284,8.762048381449745e-05,0.08762048381449745,1,1.8144920452722557,0.33322902658445525,,19,0.8128636244924766,0.0008823568072516636,0.8823568072516635,0.0031176431927483366,3.1176431927483366,12.334348165473912,0.01,0.01,0.0001,0.17453292519943295,0.17453292519943295,0.5235987755982988,0.02,solved,1.8144920452722557,0.33322902658445525,-0.016404776805244988,0.039977347754887635,-1.564814351851863e-08,0.0,0.0,2.0943942095307,0.0862903369631199,0.7768081630130621,-0.7101271883310667,-0.100002855134987,-0.9999021847418186,-0.013985850436726587,0.00013013877063340384,0.7768075360058849,-0.7100395701111485,-0.10000291500360327,-0.9999266156931043,-0.012114030573907315,0.00011615416252662393,8.762046336122284e-05,0.08762046336122284,8.762048381449745e-05,0.08762048381449745,-0.016404776805244988,0.039977347754887635,-1.564814351851863e-08,0.0,0.0,2.0943942095307,0.0862903369631199,-0.004229513363487579,0.03997811747369499,-1.5593355430470485e-08,0.0,0.0,2.094394240249514,0.0667383749163795,-0.00039096144044262047,0.03997948930766621,-1.5504787820389268e-08,0.0,0.0,2.0943942956419823,0.04949394526500806,-0.0017222204312772656,0.0399813047939144,-1.5408044982363294e-08,0.0,0.0,2.0943943696412135,0.043410890267000055,-0.0008404221037340845,0.039983429205410016,-1.4907307988309646e-08,0.0,0.0,2.0943944559181884,0.04324066151964569,-0.010610514004631066,0.039985689503741303,-1.4361113746232142e-08,0.0,0.0,2.0943945489570748,0.043270974453248706,-0.02408959490898517,0.03998790911564291,-1.3995080093678439e-08,0.0,0.0,2.094394644350583,0.04330837427237488,-0.03074425940558988,0.03999058969355973,-1.3933017321870517e-08,0.0,0.0,2.094394734665995,0.04317360714253171,-0.028953066196998684,0.039993048360809864,-1.372446738648009e-08,0.0,0.0,2.094394787009708,0.04261812246609068,-0.030806774755434037,0.03999525716784833,-1.141611384733396e-08,0.0,0.0,2.0943948909892267,0.043190546190248195,-0.03271127269337335,0.039996610183217596,-8.04535639897833e-09,0.0,0.0,2.0943924089950396,0.04363336321650448,-0.035392885956028027,0.03999501756945487,-4.1559908799708824e-09,0.0,0.0,2.094417313293012,0.044028129707196
4,solved,0,lti,1,24,24,24,35,0.005770486636512421,0.049978117473694995,7.38091880117068e-07,0.0,0.0,2.6179930158478126,0.08673837491637953,0.6610429109785805,-0.7073282253069576,-0.1,0.0005107943102466117,0.9977056880020427,-0.06769766608090895,0.0003538710797930548,0.023060567233050114,0.7750757486191986,-0.7102900314839904,-0.10000198932651669,-0.9997243417428228,-0.023477708640117168,0.00019422638710366925,0.00010147462479030437,0.10147462479030438,0.00010147464493407557,0.10147464493407557,1,1.8146238417943545,0.2499899575145518,,21,0.5271283364084319,0.00026194493646857755,0.2619449364685775,0.0037380550635314224,3.7380550635314225,21.54492302927612,0.01,0.01,0.0001,0.17453292519943295,0.17453292519943295,0.5235987755982988,0.02,solved,1.8146238417943545,0.2499899575145518,0.005770486636512421,0.049978117473694995,7.38091880117068e-07,0.0,0.0,2.6179930158478126,0.08673837491637953,0.7750757486191986,-0.7102900314839904,-0.10000198932651669,-0.9997243417428228,-0.023477708640117168,0.00019422638710366925,0.7750743600580363,-0.7101885663600599,-0.10000205326526593,-0.9997676780248502,-0.021553600156239895,0.00017971395110759247,0.00010147462479030437,0.10147462479030438,0.00010147464493407557,0.10147464493407557,0.005770486636512421,0.049978117473694995,7.38091880117068e-07,0.0,0.0,2.6179930158478126,0.08673837491637953,0.00960903855955738,0.049979489307666214,7.380918801170681e-07,0.0,0.0,2.617993071240281,0.06949394526500806,0.008277779568722735,0.049981304793914404,7.380918801170681e-07,0.0,0.0,2.617993145239512,0.04591597114119736,0.0046482061508759985,0.04998342920541002,7.380918801170681e-07,0.0,0.0,2.617993231516487,0.043103540073390074,-0.020610514004631066,0.049985689503741305,7.380918801170681e-07,0.0,0.0,2.6179933245553735,0.04316244573871898,-0.03408959490898517,0.04998790911564291,7.380918801170681e-07,0.0,0.0,2.6179934199488817,0.04286547081833049,-0.04074425940558988,0.04999058969355973,7.380918801170681e-07,0.0,0.0,2.6179935102642937,0.04261581741988658,-0.03895306619699868,0.049993048360809866,7.380918801165188e-07,0.0,0.0,2.6179935626080066,0.04317120975103162,-0.04080677475543404,0.049995257167848334,7.380913307453288e-07,0.0,0.0,2.6179936665875254,0.04345320811028929,-0.041705322282978824,0.0499966101832176,1.8871901463333337e-07,0.0,0.0,2.6179911845933383,0.044313556131501765,-0.04143851433302245,0.049995017569454875,1.1946705521832995e-07,0.0,0.0,2.6180160888913107,0.044541583628093524,-0.04133439203298508,0.049995017569454875,5.544624228703802e-08,0.0,0.0,2.6180160888913107,0.04490558276197225
5,solved,0,lti,1,25,25,25,36,0.019609038559557382,0.059979489307666216,2.897629592188473e-06,0.0,0.0,3.1415918468385797,0.0717480692746779,0.6614350917497717,-0.7061286355208043,-0.1,0.0004994269078397697,0.9950869461915359,-0.09900294633815154,0.0003697408987653659,0.024495528618543674,0.7736455777944069,-0.7105026622183886,-0.10000108481137605,-0.9993900714076047,-0.03492023785682697,0.0002493189229765215,0.00011281741802195826,0.11281741802195826,0.00011281743299595432,0.11281743299595431,1,1.8142398067998855,0.19996369425875357,,23,0.02231234557462364,0.0005792012187794753,0.5792012187794753,0.003420798781220525,3.420798781220525,29.030529279805233,0.01,0.01,0.0001,0.17453292519943295,0.17453292519943295,0.5235987755982988,0.02,solved,1.8142398067998855,0.19996369425875357,0.019609038559557382,0.059979489307666216,2.897629592188473e-06,0.0,0.0,3.1415918468385797,0.0717480692746779,0.7736455777944069,-0.7105026622183886,-0.10000108481137605,-0.9993900714076047,-0.03492023785682697,0.0002493189229765215,0.7736431207508488,-0.7103898715594399,-0.10000114293757813,-0.9994530735127591,-0.03306802625189839,0.00024389691074309464,0.00011281741802195826,0.11281741802195826,0.00011281743299595432,0.11281743299595431,0.019609038559557382,0.059979489307666216,2.897629592188473e-06,0.0,0.0,3.1415918468385797,0.0717480692746779,0.018277779568722737,0.059981304793914406,2.8976295921884727e-06,0.0,0.0,3.141591920837811,0.042849413622881055,0.009147754739222469,0.05998342920541002,2.897629592188346e-06,0.0,0.0,3.141592007114786,0.04292354174414833,-0.030610514004631065,0.05998568950374131,2.8976294648967383e-06,0.0,0.0,3.141592100153672,0.042467550175458696,-0.041204079210781744,0.05998790911564291,2.7703375964386716e-06,0.0,0.0,3.1415921955471804,0.042723501911712515,-0.040883684506021346,0.059990589693559734,2.5165774245146822e-06,0.0,0.0,3.1415922858625924,0.04315371216019438,-0.04071634665479546,0.05999304836080987,2.163090577750973e-06,0.0,0.0,3.1415923382063053,0.043652916368299835,-0.040534471486868076,0.059995257167848336,1.7628472273630116e-06,0.0,0.0,3.141592442185824,0.044103777080620486,-0.04039399261617595,0.0599966101832176,1.350829453136463e-06,0.0,0.0,3.141589960191637,0.04453977345174246,-0.04021214962491453,0.05999501756945488,9.525224110038115e-07,0.0,0.0,3.1416148644896094,0.04492122046045865,-0.04004137629948421,0.05999501756945488,5.860647029641918e-07,0.0,0.0,3.1416148644896094,0.04527818196220563,-0.03984375168429428,0.05999501756945488,2.652703222087646e-07,0.0,0.0,3.1416148644896094,0.045585140989320067
6,solved,0,lti,1,26,26,26,37,0.02827777956872274,0.0699813047939144,9.52056168276176e-06,0.0,0.0,3.6651906964361096,0.04188633347367125,0.6620006473411462,-0.704729009424926,-0.1,0.0004855428146716637,0.9907908054731369,-0.1354001242773595,0.000387793429050742,0.0253332552880171,0.7728160204479981,-0.710751694795053,-0.10000029841130341,-0.9988355058215508,-0.048244654922427396,0.0002925433692243211,0.0001236682761805512,0.1236682761805512,0.00012366828985746917,0.12366828985746917,1,1.8141818924686552,0.16664344291490685,,24,0.14455983351555177,0.001437201780274546,1.437201780274546,0.002562798219725454,2.5627982197254537,31.50280763271439,0.01,0.01,0.0001,0.17453292519943295,0.17453292519943295,0.5235987755982988,0.02,solved,1.8141818924686552,0.16664344291490685,0.02827777956872274,0.0699813047939144,9.52056168276176e-06,0.0,0.0,3.6651906964361096,0.04188633347367125,0.7728160204479981,-0.710751694795053,-0.10000029841130341,-0.9988355058215508,-0.048244654922427396,0.0002925433692243211,0.7728121143055443,-0.7106280882232835,-0.10000035657316314,-0.9989238090021432,-0.04638038971508714,0.00028854553604084146,0.0001236682761805512,0.1236682761805512,0.00012366828985746917,0.12366828985746917,0.02827777956872274,0.0699813047939144,9.52056168276176e-06,0.0,0.0,3.6651906964361096,0.04188633347367125,0.011116569323820083,0.06998342920541002,9.520561728319526e-06,0.0,0.0,3.6651907827130845,0.04239841977423423,-0.03849010333158874,0.0699856895037413,9.566119588935359e-06,0.0,0.0,3.665190875751971,0.04242284181435311,-0.04012155381479612,0.06998790911564291,9.275961535872228e-06,0.0,0.0,3.665190971145479,0.04257695622931099,-0.03982915035574386,0.06999058969355973,8.469819833633604e-06,0.0,0.0,3.665191061460891,0.043136935868029344,-0.039535565653703295,0.06999304836080987,7.389543326423464e-06,0.0,0.0,3.665191113804604,0.043649107240511194,-0.03923957914320871,0.06999525716784834,6.179683130234697e-06,0.0,0.0,3.665191217784123,0.04411731164764614,-0.03894464410764838,0.0699966101832176,4.935484541765023e-06,0.0,0.0,3.6651887357899358,0.04454733219050333,-0.03864756967488271,0.06999501756945488,3.723489275108793e-06,0.0,0.0,3.665213640087908,0.04494160025939192,-0.0383500907367748,0.06999501756945488,2.5921513567136897e-06,0.0,0.0,3.665213640087908,0.04530496862530425,-0.03804961033792393,0.06999501756945488,1.577630089614593e-06,0.0,0.0,3.665213640087908,0.0456389480888139,-0.03771986886561391,0.06999501756945488,7.071980513569576e-07,0.0,0.0,3.665213640087908,0.04592547040826059
7,solved,0,lti,1,27,27,27,38,0.014304087271413832,0.07998342920541002,2.3013045188306684e-05,0.0,0.0,4.188789558311384,0.04067921145996218,0.6622867290865745,-0.7031293408408178,-0.1,0.00046887781041176285,0.9842517460239013,-0.1767713616888589,0.00040778568807363184,0.02614683951721634,0.77201591848119,-0.7110570037486399,-0.09999947650630824,-0.9979583417008953,-0.06386733101405767,0.0003350503542888615,0.0001322527111118777,0.1322527111118777,0.00013225272372359556,0.13225272372359556,1,1.814143522077588,0.14284007511303468,,24,0.7439342694686152,0.002062445698724301,2.062445698724301,0.001937554301275699,1.937554301275699,32.266910132687705,0.01,0.01,0.0001,0.17453292519943295,0.17453292519943295,0.5235987755982988,0.02,solved,1.814143522077588,0.14284007511303468,0.014304087271413832,0.07998342920541002,2.3013045188306684e-05,0.0,0.0,4.188789558311384,0.04067921145996218,0.77201591848119,-0.7110570037486399,-0.09999947650630824,-0.9979583417008953,-0.06386733101405767,0.0003350503542888615,0.7720102006726228,-0.710924874697097,-0.09999953426328109,-0.9980819735087523,-0.06190528176787383,0.0003320333038190049,0.0001322527111118777,0.1322527111118777,0.00013225272372359556,0.13225272372359556,0.014304087271413832,0.07998342920541002,2.3013045188306684e-05,0.0,0.0,4.188789558311384,0.04067921145996218,-0.03764611737306253,0.0799856895037413,2.31233248810797e-05,0.0,0.0,4.18878965135027,0.04219032776276438,-0.03909369259587717,0.07998790911564291,2.2351873747112663e-05,0.0,0.0,4.188789746743778,0.042550520227028266,-0.038646468943027874,0.07999058969355972,2.0540780394669544e-05,0.0,0.0,4.18878983705919,0.043112905469491064,-0.03819058029050984,0.07999304836080987,1.816332999480331e-05,0.0,0.0,4.188789889402903,0.043627584631515864,-0.037732226074639816,0.07999525716784833,1.5507661335248716e-05,0.0,0.0,4.1887899933824215,0.04409878045993653,-0.03727238643603598,0.07999661018321759,1.27651453070244e-05,0.0,0.0,4.1887875113882345,0.044531144425404984,-0.036811295093454,0.07999501756945487,1.007032918352611e-05,0.0,0.0,4.188812415686207,0.044928809925303126,-0.03634842711978017,0.07999501756945487,7.52156482769345e-06,0.0,0.0,4.188812415686207,0.0452956435088937,-0.03588363926215927,0.07999501756945487,5.192180673284093e-06,0.0,0.0,4.188812415686207,0.045634955649519394,-0.035414171175991625,0.07999501756945487,3.1371744171270974e-06,0.0,0.0,4.188812415686207,0.04594806060534049,-0.03490998170117816,0.07999501756945487,1.3974342677780216e-06,0.0,0.0,4.188812415686207,0.046215376049356584
8,solved,0,lti,1,27,27,27,38,-0.02764611737306253,0.08998568950374129,2.4450837794173915e-05,0.0,0.0,4.712388426948569,0.02219032776276438,0.6617338067391132,-0.701329627050743,-0.1,0.0004491479633758761,0.9748320333144718,-0.2229397243391235,0.00042942016195041084,0.02659064607247163,0.7715750468389879,-0.7111185238553177,-0.10000066057340828,-0.99772628570159,-0.06739571786054463,0.00027574294330830337,0.0003602215521681639,0.3602215521681639,0.0003602237458627,0.3602237458627,1,1.8145045025883915,0.12501355543679238,,25,0.2682612800131272,0.0027243931678990947,2.7243931678990947,0.0012756068321009054,1.2756068321009053,33.619817635079166,0.01,0.01,0.0001,0.17453292519943295,0.17453292519943295,0.5235987755982988,0.02,solved,1.8145045025883915,0.12501355543679238,-0.02764611737306253,0.08998568950374129,2.4450837794173915e-05,0.0,0.0,4.712388426948569,0.02219032776276438,0.7715750468389879,-0.7111185238553177,-0.10000066057340828,-0.99772628570159,-0.06739571786054463,0.00027574294330830337,0.7715569440846556,-0.7107587574631519,-0.10000191772770027,-0.9985247492800162,-0.054298040236681375,0.00021886465400625566,0.0003602215521681639,0.3602215521681639,0.0003602237458627,0.3602237458627,-0.02764611737306253,0.08998568950374129,2.4450837794173915e-05,0.0,0.0,4.712388426948569,0.02219032776276438,-0.02909369259587717,0.0899879091156429,2.4450837794173915e-05,0.0,0.0,4.712388522342077,0.022550520227028265,-0.028646468943027872,0.08999058969355972,2.4450837794173915e-05,0.0,0.0,4.712388612657489,0.039650083045011976,-0.028190580290509838,0.08999304836080986,2.445083779417271e-05,0.0,0.0,4.712388665001202,0.04357238558063745,-0.027732226074639814,0.08999525716784833,2.4450836587808612e-05,0.0,0.0,4.712388768980721,0.043866168490879,-0.035010242671904473,0.08999661018321758,2.324447001662992e-05,0.0,0.0,4.712386286986534,0.04402199859284981,-0.034830002555914646,0.08999501756945487,1.8833622121494122e-05,0.0,0.0,4.712411191284506,0.044909001336968124,-0.03416428322599356,0.08999501756945487,1.4642620465614474e-05,0.0,0.0,4.712411191284506,0.045278938494280004,-0.03349527467849024,0.08999501756945487,1.0786273509316423e-05,0.0,0.0,4.712411191284506,0.04562189508867081,-0.03282241805826193,0.08999501756945487,7.3470446884884335e-06,0.0,0.0,4.712411191284506,0.04594095670678661,-0.032141981695246076,0.08999501756945487,4.3821882415849645e-06,0.0,0.0,4.712411191284506,0.04623691593485014,-0.031420655604542,0.08999501756945487,1.928317920046345e-06,0.0,0.0,4.712411191284506,0.046489074663046866
9,solved,0,lti,1,28,28,28,39,-0.01909369259587717,0.0999879091156429,6.260896051285142e-05,0.0,0.0,5.235987297940376,0.016135583794410987,0.6613519328871956,-0.6993298688684301,-0.1,0.0004260583089682429,0.961828297488307,-0.2736529554292746,0.0004523382427490911,0.02691335774835985,0.7712428885197175,-0.7109334634937209,-0.10000303299590764,-0.9982687312835393,-0.05881764205050526,0.00015850921596546232,0.0001937032807065868,0.19370328070658682,0.0001937034478370608,0.19370344783706078,1,1.8142335714043458,0.11110994045374564,,25,0.6195087397861543,0.0029978394816082767,2.9978394816082767,0.0010021605183917234,1.0021605183917235,33.82241082229429,0.01,0.01,0.0001,0.17453292519943295,0.17453292519943295,0.5235987755982988,0.02,solved,1.8142335714043458,0.11110994045374564,-0.01909369259587717,0.0999879091156429,6.260896051285142e-05,0.0,0.0,5.235987297940376,0.016135583794410987,0.7712428885197175,-0.7109334634937209,-0.10000303299590764,-0.9982687312835393,-0.05881764205050526,0.00015850921596546232,0.7712315902333381,-0.7107400899958434,-0.10000328745114961,-0.9985112583168453,-0.05454580746501709,0.00014799493063457923,0.0001937032807065868,0.19370328070658682,0.0001937034478370608,0.19370344783706078,-0.01909369259587717,0.0999879091156429,6.260896051285142e-05,0.0,0.0,5.235987297940376,0.016135583794410987,-0.01864646894302787,0.09999058969355971,6.260896051284468e-05,0.0,0.0,5.235987388255788,0.04242955658290491,-0.027263881196556268,0.09999304836080986,6.260895378129919e-05,0.0,0.0,5.2359874405995015,0.04194419150831191,-0.03417346117201643,0.09999525716784832,5.587739448944745e-05,0.0,0.0,5.23598754457902,0.04361136182878124,-0.033245446189872935,0.09999661018321758,4.84338766853226e-05,0.0,0.0,5.235985062584833,0.04407045136872382,-0.03240750697318818,0.09999501756945486,4.071547941476938e-05,0.0,0.0,5.236009966882805,0.04453877748365065,-0.0314973756158561,0.09999501756945486,3.308620561251842e-05,0.0,0.0,5.236009966882805,0.04494503818314315,-0.030581334005590197,0.09999501756945486,2.5810353324488274e-05,0.0,0.0,5.236009966882805,0.045320295973724584,-0.02965884815996096,0.09999501756945486,1.9084495196843955e-05,0.0,0.0,5.236009966882805,0.0456685280469706,-0.02872896814048808,0.09999501756945486,1.3053294849800286e-05,0.0,0.0,5.236009966882805,0.045993185783073105,-0.027786638336696316,0.09999501756945486,7.820658891281547e-06,0.0,0.0,5.236009966882805,0.04629517655043959,-0.026794326794042936,0.09999501756945486,3.4575835676449664e-06,0.0,0.0,5.236009966882805,0.046553624020871286
10,solved,0,lti,1,28,28,28,39,-0.00864646894302787,0.10999058969355971,5.1321245723442616e-05,0.0,0.0,5.759586163854087,0.022429556582904908,0.661179003508335,-0.6971300570745589,-0.1,0.00039931341710920453,0.9444808448895845,-0.32856589521903834,0.0004761138135055364,0.027361948880017948,0.770783885260542,-0.7106735844518538,-0.10000526279249067,-0.9989042779036926,-0.04680000871909072,5.2626946385485137e-05,0.0003806924009876873,0.3806924009876873,0.0003806932849165727,0.38069328491657267,1,1.8145268658524505,0.10001636787512207,,25,0.9997020727427345,0.00300336223607857,3.00336223607857,0.0009966377639214299,0.9966377639214299,33.32993090777858,0.01,0.01,0.0001,0.17453292519943295,0.17453292519943295,0.5235987755982988,0.02,solved,1.8145268658524505,0.10001636787512207,-0.00864646894302787,0.10999058969355971,5.1321245723442616e-05,0.0,0.0,5.759586163854087,0.022429556582904908,0.770783885260542,-0.7106735844518538,-0.10000526279249067,-0.9989042779036926,-0.04680000871909072,5.2626946385485137e-05,0.7707656407921429,-0.7102933294801012,-0.10000608316484558,-0.9994025387958029,-0.03456247756457339,2.4353688378527366e-05,0.0003806924009876873,0.3806924009876873,0.0003806932849165727,0.38069328491657267,-0.00864646894302787,0.10999058969355971,5.1321245723442616e-05,0.0,0.0,5.759586163854087,0.022429556582904908,-0.017263881196556266,0.10999304836080985,5.1321245723442616e-05,0.0,0.0,5.759586216197801,0.021944191508311915,-0.02417346117201643,0.10999525716784832,5.1321245723442616e-05,0.0,0.0,5.759586320177319,0.04010944865402403,-0.023245446189872933,0.10999661018321757,5.1321245723442616e-05,0.0,0.0,5.759583838183132,0.0439722019372285,-0.022407506973188177,0.10999501756945486,5.13212457234325e-05,0.0,0.0,5.759608742481104,0.044416921204153664,-0.025273066882047338,0.10999501756945486,5.1321235597686426e-05,0.0,0.0,5.759608742481104,0.04382912450946075,-0.02774364836075276,0.10999501756945486,4.119546877683082e-05,0.0,0.0,5.759608742481104,0.04525434928068963,-0.026531688865960783,0.10999501756945486,3.1747189217756026e-05,0.0,0.0,5.759608742481104,0.045607532096962354,-0.02530821737482372,0.10999501756945486,2.3188845331244418e-05,0.0,0.0,5.759608742481104,0.04593829274884053,-0.024071628188598482,0.10999501756945486,1.566649592644491e-05,0.0,0.0,5.759608742481104,0.04624993426447818,-0.02281519885178175,0.10999501756945486,9.271862192807077e-06,0.0,0.0,5.759608742481104,0.046543133242119304,-0.021493571787025836,0.10999501756945486,4.050643791062596e-06,0.0,0.0,5.759608742481104,0.046793572746512246
11,solved,0,lti,1,29,29,29,40,-0.007262371312359361,0.11997012407811088,0.00013168812771338593,0.0,0.0,6.2831846787043535,0.013241646590574257,0.6610337560820878,-0.6947306545929967,-0.1,0.00036863003273384905,0.9219863068614988,-0.38722198262020946,0.0005002474062510028,0.027626781811829433,0.7705146021465732,-0.7105219362945842,-0.10000688953600707,-0.999154917462453,-0.041102924800594215,-2.198716320049799e-05,0.00024044065275229066,0.24044065275229065,0.00024044079185249584,0.24044079185249584,1,1.8142473570604698,0.09091133607418303,,26,0.5268620293082303,0.0030074582268199224,3.0074582268199226,0.0009925417731800777,0.9925417731800776,32.64596885355759,0.01,0.01,0.0001,0.17453292519943295,0.17453292519943295,0.5235987755982988,0.02,solved,1.8142473570604698,0.09091133607418303,-0.007262371312359361,0.11997012407811088,0.00013168812771338593,0.0,0.0,6.2831846787043535,0.013241646590574257,0.7705146021465732,-0.7105219362945842,-0.10000688953600707,-0.999154917462453,-0.041102924800594215,-2.198716320049799e-05,0.7704978416355412,-0.710282080519657,-0.10000714816838635,-0.9993619704182732,-0.03571625977796195,-2.9481849929889206e-05,0.00024044065275229066,0.24044065275229065,0.00024044079185249584,0.24044079185249584,-0.007262371312359361,0.11997012407811088,0.00013168812771338593,0.0,0.0,6.2831846787043535,0.013241646590574257,-0.014172126604210434,0.11997309458672252,0.00013168808454273127,0.0,0.0,6.2831847460843395,0.04279815701878417,-0.014656828625783309,0.11997584908664752,0.00013168797968045426,0.0,0.0,6.283183533274595,0.04181386050099799,-0.027515943227919015,0.1199761978429541,0.00011637114986751206,0.0,0.0,6.283196021239015,0.044056303288919914,-0.025808172731070143,0.11997828705753576,0.00010016491447662799,0.0,0.0,6.2831960669086095,0.04440520502217197,-0.024503293468718435,0.11998074857013033,8.365049607080663e-05,0.0,0.0,6.283196116662182,0.04491343338041012,-0.022959572846835013,0.11998325959513778,6.755419231663401e-05,0.0,0.0,6.283196168729704,0.04529791086227646,-0.02139923135533329,0.11998565926941601,5.237985577311431e-05,0.0,0.0,6.283196220562978,0.045656622168725326,-0.019817535230918743,0.11998809772777266,3.849957456006476e-05,0.0,0.0,6.2831962689437795,0.04599409191495742,-0.018214601101370957,0.11999027631259836,2.617961697179641e-05,0.0,0.0,6.283196313833952,0.046313739497559896,-0.016580306143299924,0.11999211810947906,1.559854009968553e-05,0.0,0.0,6.283196353545045,0.046616852916449604,-0.014863526307192171,0.11999374074006339,6.86313887638623e-06,0.0,0.0,6.2831963864007365,0.04687792398072985
12,solved,0,lti,1,29,29,29,40,-0.004172126604210433,0.12997309458672252,7.195020887777951e-05,0.0,0.0,6.283185307179586,0.02279815701878418,0.6609503135500036,-0.6921311927012622,-0.1,0.00033649183103807805,0.8958531080307525,-0.44434988769670314,0.000522406753534883,0.028082744952205117,0.770053267672748,-0.7102595223834852,-0.10000850892692051,-0.9995499553873965,-0.029997968820003686,-9.247555289992606e-05,0.0003224270005211516,0.3224270005211516,0.0003224279370193839,0.32242793701938394,1,0.056101932972386054,0.0025769981334918257,,26,0.8358951429786191,0.003010566686552466,3.010566686552466,0.000989433313447534,0.989433313447534,32.319228917081396,0.01,0.01,0.0001,0.17453292519943295,0.17453292519943295,0.5235987755982988,0.02,solved,0.056101932972386054,0.0025769981334918257,-0.004172126604210433,0.12997309458672252,7.195020887777951e-05,0.0,0.0,6.283185307179586,0.02279815701878418,0.770053267672748,-0.7102595223834852,-0.10000850892692051,-0.9995499553873965,-0.029997968820003686,-9.247555289992606e-05,0.7700417207630686,-0.7099373022110225,-0.10000928604049593,-0.9998217483195917,-0.01888011470680696,-0.0001133834780256104,0.0003224270005211516,0.3224270005211516,0.0003224279370193839,0.32242793701938394,-0.004172126604210433,0.12997309458672252,7.195020887777951e-05,0.0,0.0,6.283185307179586,0.02279815701878418,-0.004656828625783309,0.12997584908664753,7.195020887777952e-05,0.0,0.0,6.283185307179586,0.021813860500997984,-0.017515943227919016,0.1299761978429541,7.195020887777952e-05,0.0,0.0,6.283185307179586,0.04044473195706623,-0.015808172731070144,0.12997828705753575,7.195020887777952e-05,0.0,0.0,6.283185307179586,0.04434360193668028,-0.014503293468718434,0.12998074857013034,7.195020887777952e-05,0.0,0.0,6.283185307179586,0.04477280885205842,-0.012959572846835013,0.1299832595951378,7.195020887777952e-05,0.0,0.0,6.283185307179586,0.04516344746579263,-0.011399231355333288,0.12998565926941602,7.195020887777952e-05,0.0,0.0,6.283185307179586,0.04552900509603508,-0.009817535230918743,0.12998809772777267,7.195020887775834e-05,0.0,0.0,6.283185307179586,0.04587381024707874,-0.008214601101370957,0.12999027631259835,7.195018770345676e-05,0.0,0.0,6.283185307179586,0.044594117178362265,-0.008946031108414137,0.12999211810947905,5.077584271506137e-05,0.0,0.0,6.283185307179586,0.0465698858976658,-0.006368449098693985,0.1299937407400634,2.8621040548394496e-05,0.0,0.0,6.283185307179586,0.04656220259902171,-0.004863526307192171,0.1299937407400634,9.893282256828756e-06,0.0,0.0,6.283185307179586,0.04776504067907827
13,solved,0,lti,1,29,29,29,40,0.005343171374216691,0.13997584908664754,7.906394764636283e-05,0.0,0.0,6.283185307179586,0.0018138605009979832,0.6610571769774879,-0.6893316757195292,-0.1,0.00030302564981369445,0.8661843862589628,-0.4997241467706116,0.0005425044000275046,0.028119022162225078,0.7700169406402219,-0.7102408044154764,-0.10000943443660046,-0.9995130002454338,-0.031204871725899423,-0.00013535487329936448,0.00033441335353098165,0.33441335353098167,0.00033441416040453585,0.33441416040453587,1,0.056061830432659644,0.002575091062493543,,27,0.3666324597609226,0.0030136348532320257,3.0136348532320256,0.0009863651467679744,0.9863651467679744,31.68255207598509,0.01,0.01,0.0001,0.17453292519943295,0.17453292519943295,0.5235987755982988,0.02,solved,0.056061830432659644,0.002575091062493543,0.005343171374216691,0.13997584908664754,7.906394764636283e-05,0.0,0.0,6.283185307179586,0.0018138605009979832,0.7700169406402219,-0.7102408044154764,-0.10000943443660046,-0.9995130002454338,-0.031204871725899423,-0.00013535487329936448,0.7700024756268273,-0.7099067040497069,-0.10001016905162434,-0.9997985944965151,-0.020068559636122685,-0.00015282972327511398,0.00033441335353098165,0.33441335353098167,0.00033441416040453585,0.33441416040453587,0.005343171374216691,0.13997584908664754,7.906394764636283e-05,0.0,0.0,6.283185307179586,0.0018138605009979832,-0.007515943227919016,0.13997619784295412,7.906394764636283e-05,0.0,0.0,6.283185307179586,0.020444731957066233,-0.005808172731070144,0.13997828705753576,7.906394764636283e-05,0.0,0.0,6.283185307179586,0.03602409935271703,-0.004503293468718434,0.13998074857013035,7.906394764636283e-05,0.0,0.0,6.283185307179586,0.044389105161430624,-0.0029595728468350124,0.1399832595951378,7.906394764636283e-05,0.0,0.0,6.283185307179586,0.044811094606803326,-0.0013992313553332879,0.13998565926941603,7.906394764636283e-05,0.0,0.0,6.283185307179586,0.04520321078795829,0.00018246476908125725,0.13998809772777268,7.906394764636283e-05,0.0,0.0,6.283185307179586,0.04557011359517205,0.0017853988986290432,0.13999027631259836,7.906394764633861e-05,0.0,0.0,6.283185307179586,0.0456722877351439,-0.00041527779415946413,0.13999211810947906,7.906392341886405e-05,0.0,0.0,6.283185307179586,0.044386215781373514,-0.0001032505221762266,0.1399937407400634,5.48363991892652e-05,0.0,0.0,6.283185307179586,0.04655704004889007,0.0025189395565139096,0.1399937407400634,3.32512961626685e-05,0.0,0.0,6.283185307179586,0.04689679518702718,0.005136473692807829,0.1399937407400634,1.3561973462327833e-05,0.0,0.0,6.283185307179586,0.04759042436772391
14,solved,0,lti,1,29,29,29,40,0.0024840567720809843,0.14997619784295413,0.0,0.0,0.0,6.283185307179586,0.0004447319570662322,0.6611068581129295,-0.6863321517626702,-0.1,0.000268363564788747,0.8330972304366132,-0.5531262229394626,0.0005604610294999022,0.028127916801366403,0.7700082594513664,-0.7102377514176478,-0.10001030563234535,-0.9994495460358781,-0.03317489174658262,-0.00017744373695208497,0.00034759734698249525,0.3475973469824952,0.0003475980854503738,0.3475980854503738,1,0.05743020584453731,0.002637859167726734,,27,0.4074533928870875,0.003015559614025805,3.015559614025805,0.000984440385974195,0.9844403859741949,31.751730707201695,0.01,0.01,0.0001,0.17453292519943295,0.17453292519943295,0.5235987755982988,0.02,solved,0.05743020584453731,0.002637859167726734,0.0024840567720809843,0.14997619784295413,0.0,0.0,0.0,6.283185307179586,0.0004447319570662322,0.7700082594513664,-0.7102377514176478,-0.10001030563234535,-0.9994495460358781,-0.03317489174658262,-0.00017744373695208497,0.7699899927215552,-0.7098906343736824,-0.10001102213740196,-0.9997584949176909,-0.021975326394137705,-0.00019201506344850765,0.00034759734698249525,0.3475973469824952,0.0003475980854503738,0.3475980854503738,0.0024840567720809843,0.14997619784295413,0.0,0.0,0.0,6.283185307179586,0.0004447319570662322,0.004191827268929856,0.14997828705753577,0.0,0.0,0.0,6.283185307179586,0.01602409935271703,0.005496706531281566,0.14998074857013036,0.0,0.0,0.0,6.283185307179586,0.03461977438091529,0.007040427153164988,0.1499832595951378,0.0,0.0,0.0,6.283185307179586,0.044370699234951,0.008600768644666712,0.14998565926941604,0.0,0.0,0.0,6.283185307179586,0.04479756676747303,0.010182464769081257,0.1499880977277727,0.0,0.0,0.0,6.283185307179586,0.045193922053441256,0.011785398898629043,0.14999027631259837,0.0,0.0,0.0,6.283185307179586,0.04552388909399779,0.009584722205840536,0.14999211810947907,0.0,0.0,0.0,6.283185307179586,0.04559267138107084,0.009896749477823773,0.1499937407400634,0.0,0.0,0.0,6.283185307179586,0.04623527679316022,0.01251893955651391,0.1499937407400634,0.0,0.0,0.0,6.283185307179586,0.04656301893798563,0.01513647369280783,0.1499937407400634,0.0,0.0,0.0,6.283185307179586,0.046953455020107636,0.01513647369280783,0.1499937407400634,0.0,0.0,0.0,6.283185307179586,0.04722165692637758
15,solved,0,lti,1,29,29,29,40,0.014191827268929856,0.15997828705753578,0.0,0.0,0.0,6.283185307179586,-0.00397590064728297,0.661390694658308,-0.6831325860215194,-0.1,0.000232642371377229,0.7967222204516513,-0.6043453626057056,0.0005762057753391525,0.028048398788420744,0.7700888502875975,-0.7102859400952652,-0.10001106725251005,-0.9992864110528579,-0.037770641745346036,-0.000217502283955662,0.0003627608652346647,0.36276086523466466,0.0003627614915611526,0.36276149156115256,1,0.05761829336875548,0.002646398122870139,,27,0.41649965293292224,0.003017248296028063,3.017248296028063,0.0009827517039719372,0.9827517039719372,31.864662445435826,0.01,0.01,0.0001,0.17453292519943295,0.17453292519943295,0.5235987755982988,0.02,solved,0.05761829336875548,0.002646398122870139,0.014191827268929856,0.15997828705753578,0.0,0.0,0.0,6.283185307179586,-0.00397590064728297,0.7700888502875975,-0.7102859400952652,-0.10001106725251005,-0.9992864110528579,-0.037770641745346036,-0.000217502283955662,0.7700652352132994,-0.7099239486953512,-0.10001174135477948,-0.9996513263681703,-0.026404031035710627,-0.0002298595723767359,0.0003627608652346647,0.36276086523466466,0.0003627614915611526,0.36276149156115256,0.014191827268929856,0.15997828705753578,0.0,0.0,0.0,6.283185307179586,-0.00397590064728297,0.015496706531281566,0.15998074857013037,0.0,0.0,0.0,6.283185307179586,0.014619774380915293,0.017040427153164988,0.15998325959513782,0.0,0.0,0.0,6.283185307179586,0.03346828624167763,0.018600768644666713,0.15998565926941605,0.0,0.0,0.0,6.283185307179586,0.04434159725822576,0.020182464769081258,0.1599880977277727,0.0,0.0,0.0,6.283185307179586,0.044773966346287844,0.021785398898629044,0.15999027631259838,0.0,0.0,0.0,6.283185307179586,0.045167601205749926,0.019584722205840538,0.15999211810947908,0.0,0.0,0.0,6.283185307179586,0.045488845602194045,0.019896749477823772,0.15999374074006342,0.0,0.0,0.0,6.283185307179586,0.045899546157769595,0.02251893955651391,0.15999374074006342,0.0,0.0,0.0,6.283185307179586,0.04623657428173313,0.02513647369280783,0.15999374074006342,0.0,0.0,0.0,6.283185307179586,0.046575630220438945,0.02513647369280783,0.15999374074006342,0.0,0.0,0.0,6.283185307179586,0.046884589917926454,0.02513647369280783,0.15999374074006342,0.0,0.0,0.0,6.283185307179586,0.047135153224135314
16,solved,0,lti,1,29,29,29,40,0.02549670653128157,0.16998074857013037,0.0,0.0,0.0,6.283185307179586,-0.005,0.6619006287889336,-0.6797329710501168,-0.1,0.0001960030448100746,0.7572029118503262,-0.6531794272248772,0.0005896765002265177,0.027948398788420745,0.7701903373973802,-0.7103461304892688,-0.10001180942048142,-0.9990708166493524,-0.043097985287563145,-0.0002588121891154845,0.0003734903078755867,0.37349030787558674,0.000373490894117096,0.37349089411709596,1,0.057826588743704645,0.00265584967607318,,27,0.32261304059366264,0.0030187434301259825,3.0187434301259826,0.0009812565698740176,0.9812565698740175,32.12814341010088,0.01,0.01,0.0001,0.17453292519943295,0.17453292519943295,0.5235987755982988,0.02,solved,0.057826588743704645,0.00265584967607318,0.02549670653128157,0.16998074857013037,0.0,0.0,0.0,6.283185307179586,-0.005,0.7701903373973802,-0.7103461304892688,-0.10001180942048142,-0.9990708166493524,-0.043097985287563145,-0.0002588121891154845,0.7701603017602794,-0.7099738498550948,-0.10001247116921562,-0.9994955680992785,-0.03175746990927982,-0.0002691744071751585,0.0003734903078755867,0.37349030787558674,0.000373490894117096,0.37349089411709596,0.02549670653128157,0.16998074857013037,0.0,0.0,0.0,6.283185307179586,-0.005,0.027040427153164986,0.16998325959513783,0.0,0.0,0.0,6.283185307179586,0.013468286241677629,0.028600768644666714,0.16998565926941606,0.0,0.0,0.0,6.283185307179586,0.0317749887152086,0.030182464769081256,0.1699880977277727,0.0,0.0,0.0,6.283185307179586,0.04431144706544108,0.031785398898629046,0.1699902763125984,0.0,0.0,0.0,6.283185307179586,0.0447484918160582,0.02958472220584054,0.1699921181094791,0.0,0.0,0.0,6.283185307179586,0.045144130655503656,0.029896749477823774,0.16999374074006343,0.0,0.0,0.0,6.283185307179586,0.04553592140843735,0.03251893955651391,0.16999374074006343,0.0,0.0,0.0,6.283185307179586,0.045892868038648726,0.03513647369280783,0.16999374074006343,0.0,0.0,0.0,6.283185307179586,0.046234773278690154,0.03513647369280783,0.16999374074006343,0.0,0.0,0.0,6.283185307179586,0.04655827723747942,0.03513647369280783,0.16999374074006343,0.0,0.0,0.0,6.283185307179586,0.04685924800605553,0.03513647369280783,0.16999374074006343,0.0,0.0,0.0,6.283185307179586,0.04709491030481367
17,solved,0,lti,1,29,29,29,40,0.03704042715316499,0.17998325959513783,0.0,0.0,0.0,6.283185307179586,-0.005000000000000002,0.662641437331997,-0.676133305858214,-0.1,0.0001585901837703284,0.7146952692890326,-0.6994356910540874,0.0006008200413650564,0.027848398788420745,0.7702920821459096,-0.7104064857371634,-0.10001255471597427,-0.998818806898052,-0.048589089747776475,-0.00030223208725206494,0.00037195772849371535,0.37195772849371533,0.000371958308462498,0.371958308462498,1,0.05810324745720358,0.0026684255920938925,,27,0.20462882913075908,0.0030201997924896072,3.020199792489607,0.0009798002075103928,0.9798002075103929,32.43362629926402,0.01,0.01,0.0001,0.17453292519943295,0.17453292519943295,0.5235987755982988,0.02,solved,0.05810324745720358,0.0026684255920938925,0.03704042715316499,0.17998325959513783,0.0,0.0,0.0,6.283185307179586,-0.005000000000000002,0.7702920821459096,-0.7104064857371634,-0.10001255471597427,-0.998818806898052,-0.048589089747776475,-0.00030223208725206494,0.7702551930131327,-0.7100363617799961,-0.10001321156304806,-0.9992878536484645,-0.03773180449629437,-0.00031061245731654947,0.00037195772849371535,0.37195772849371533,0.000371958308462498,0.371958308462498,0.03704042715316499,0.17998325959513783,0.0,0.0,0.0,6.283185307179586,-0.005000000000000002,0.038600768644666716,0.17998565926941607,0.0,0.0,0.0,6.283185307179586,0.011774988715208597,0.04018246476908126,0.17998809772777272,0.0,0.0,0.0,6.283185307179586,0.02901948365284925,0.04178539889862905,0.1799902763125984,0.0,0.0,0.0,6.283185307179586,0.044282156564135165,0.03958472220584054,0.1799921181094791,0.0,0.0,0.0,6.283185307179586,0.044725964851543384,0.039896749477823776,0.17999374074006344,0.0,0.0,0.0,6.283185307179586,0.04514214835314295,0.04251893955651391,0.17999374074006344,0.0,0.0,0.0,6.283185307179586,0.04552687460420625,0.045136473692807835,0.17999374074006344,0.0,0.0,0.0,6.283185307179586,0.045888613274845336,0.045136473692807835,0.17999374074006344,0.0,0.0,0.0,6.283185307179586,0.04623008168035569,0.045136473692807835,0.17999374074006344,0.0,0.0,0.0,6.283185307179586,0.0465523483362854,0.045136473692807835,0.17999374074006344,0.0,0.0,0.0,6.283185307179586,0.046846439240413006,0.045136473692807835,0.17999374074006344,0.0,0.0,0.0,6.283185307179586,0.04706628536116286
18,solved,0,lti,1,29,29,29,40,0.04860076864466672,0.18998565926941607,0.0,0.0,0.0,6.283185307179586,-0.005,0.6636134527048904,-0.6723335926728257,-0.1,0.00012055143972820379,0.6693670510130653,-0.7429316017524791,0.0006095924202888942,0.027748398788420746,0.7703941010033096,-0.7104670298269303,-0.10001330013741533,-0.9985269134538959,-0.05425755478602809,-0.00034764475690828007,0.0003599782796979249,0.35997827969792495,0.000359978743884783,0.35997874388478296,1,0.05862758726964695,0.002692360412715551,,27,0.08633908001752882,0.003021670515079269,3.021670515079269,0.0009783294849207312,0.9783294849207311,32.74857262654734,0.01,0.01,0.0001,0.17453292519943295,0.17453292519943295,0.5235987755982988,0.02,solved,0.05862758726964695,0.002692360412715551,0.04860076864466672,0.18998565926941607,0.0,0.0,0.0,6.283185307179586,-0.005,0.7703941010033096,-0.7104670298269303,-0.10001330013741533,-0.9985269134538959,-0.05425755478602809,-0.00034764475690828007,0.7703502827297297,-0.7101097283845113,-0.10001387823307237,-0.9990213062721369,-0.04423012686455029,-0.0003542483016122294,0.0003599782796979249,0.35997827969792495,0.000359978743884783,0.35997874388478296,0.04860076864466672,0.18998565926941607,0.0,0.0,0.0,6.283185307179586,-0.005,0.05018246476908126,0.18998809772777273,0.0,0.0,0.0,6.283185307179586,0.009019483652849249,0.05178539889862905,0.1899902763125984,0.0,0.0,0.0,6.283185307179586,0.02544751412087586,0.049584722205840544,0.1899921181094791,0.0,0.0,0.0,6.283185307179586,0.044255870876478094,0.04989674947782378,0.18999374074006345,0.0,0.0,0.0,6.283185307179586,0.0447115808599331,0.05251893955651391,0.18999374074006345,0.0,0.0,0.0,6.283185307179586,0.0451318147542684,0.05513647369280784,0.18999374074006345,0.0,0.0,0.0,6.283185307179586,0.045522888463443004,0.05513647369280784,0.18999374074006345,0.0,0.0,0.0,6.283185307179586,0.04588927989156897,0.05513647369280784,0.18999374074006345,0.0,0.0,0.0,6.283185307179586,0.04623347496263674,0.05513647369280784,0.18999374074006345,0.0,0.0,0.0,6.283185307179586,0.04655494632777483,0.05513647369280784,0.18999374074006345,0.0,0.0,0.0,6.283185307179586,0.04684089111145421,0.05513647369280784,0.18999374074006345,0.0,0.0,0.0,6.283185307179586,0.0470526365013432
19,solved,0,lti,1,29,29,29,40,0.06018246476908126,0.19998809772777273,0.0,0.0,0.0,6.283185307179586,-0.005,0.664817102000272,-0.6683338307182702,-0.1,8.203693422818597e-05,0.6213971467914664,-0.783495500831917,0.0006159590164261376,0.027648398788420746,0.7704964095639494,-0.7105277772737164,-0.10001403892841353,-0.9981919246279206,-0.060105954889562434,-0.00039470802027304536,0.0003249311133210278,0.3249311133210278,0.0003249314082852332,0.3249314082852332,1,0.05846476184218069,0.002684723621847259,,26,0.9677175407998851,0.003023168159962438,3.023168159962438,0.0009768318400375621,0.9768318400375622,33.073780909822915,0.01,0.01,0.0001,0.17453292519943295,0.17453292519943295,0.5235987755982988,0.02,solved,0.05846476184218069,0.002684723621847259,0.06018246476908126,0.19998809772777273,0.0,0.0,0.0,6.283185307179586,-0.005,0.7704964095639494,-0.7105277772737164,-0.10001403892841353,-0.9981919246279206,-0.060105954889562434,-0.00039470802027304536,0.7704476413240668,-0.7102065267683739,-0.10001447674821926,-0.998668361254045,-0.05158822033324074,-0.0003996911423231448,0.0003249311133210278,0.3249311133210278,0.0003249314082852332,0.3249314082852332,0.06018246476908126,0.19998809772777273,0.0,0.0,0.0,6.283185307179586,-0.005,0.06178539889862905,0.19999027631259841,0.0,0.0,0.0,6.283185307179586,0.0054475141208758585,0.059584722205840546,0.19999211810947912,0.0,0.0,0.0,6.283185307179586,0.02425587087647809,0.05989674947782378,0.19999374074006346,0.0,0.0,0.0,6.283185307179586,0.04015122505164811,0.06251893955651391,0.19999374074006346,0.0,0.0,0.0,6.283185307179586,0.04470213677419557,0.06513647369280784,0.19999374074006346,0.0,0.0,0.0,6.283185307179586,0.04513101917721848,0.06513647369280784,0.19999374074006346,0.0,0.0,0.0,6.283185307179586,0.04552988467665039,0.06513647369280784,0.19999374074006346,0.0,0.0,0.0,6.283185307179586,0.04590191933055054,0.06513647369280784,0.19999374074006346,0.0,0.0,0.0,6.283185307179586,0.04624929630855127,0.06513647369280784,0.19999374074006346,0.0,0.0,0.0,6.283185307179586,0.04656937846564853,0.06513647369280784,0.19999374074006346,0.0,0.0,0.0,6.283185307179586,0.0468500447968988,0.06513647369280784,0.19999374074006346,0.0,0.0,0.0,6.283185307179586,0.047040509641670857
20,solved,0,lti,1,29,29,29,40,0.07178539889862905,0.20999027631259842,0.0,0.0,0.0,6.283185307179586,-0.005,0.6662528099782445,-0.6641340251920183,-0.1,4.319866642787968e-05,0.570974871920834,-0.8209673011146174,0.000619894703730454,0.027548398788420747,0.770599020294562,-0.7105887306238292,-0.10001476144689991,-0.9978114206977549,-0.06612240618771303,-0.000442860107912592,0.00026757703882274457,0.2675770388227446,0.00026757738025092625,0.26757738025092626,1,0.05861980088422992,0.002691670063871207,,26,0.848743449531176,0.003024697520428106,3.0246975204281057,0.0009753024795718943,0.9753024795718943,33.40941737759598,0.01,0.01,0.0001,0.17453292519943295,0.17453292519943295,0.5235987755982988,0.02,solved,0.05861980088422992,0.002691670063871207,0.07178539889862905,0.20999027631259842,0.0,0.0,0.0,6.283185307179586,-0.005,0.770599020294562,-0.7105887306238292,-0.10001476144689991,-0.9978114206977549,-0.06612240618771303,-0.000442860107912592,0.7705489908047828,-0.7103258722553918,-0.10001518890075732,-0.9982174217357156,-0.05968064734106705,-0.00044640368685558505,0.00026757703882274457,0.2675770388227446,0.00026757738025092625,0.26757738025092626,0.07178539889862905,0.20999027631259842,0.0,0.0,0.0,6.283185307179586,-0.005,0.06958472220584054,0.20999211810947913,0.0,0.0,0.0,6.283185307179586,0.00425587087647809,0.06989674947782377,0.20999374074006347,0.0,0.0,0.0,6.283185307179586,0.020151225051648115,0.07251893955651391,0.20999374074006347,0.0,0.0,0.0,6.283185307179586,0.03345846543468066,0.07513647369280783,0.20999374074006347,0.0,0.0,0.0,6.283185307179586,0.04470863378223102,0.07513647369280783,0.20999374074006347,0.0,0.0,0.0,6.283185307179586,0.04514863910702728,0.07513647369280783,0.20999374074006347,0.0,0.0,0.0,6.283185307179586,0.045556196220524744,0.07513647369280783,0.20999374074006347,0.0,0.0,0.0,6.283185307179586,0.04593494127679236,0.07513647369280783,0.20999374074006347,0.0,0.0,0.0,6.283185307179586,0.046285473670847926,0.07513647369280783,0.20999374074006347,0.0,0.0,0.0,6.283185307179586,0.046605335839298455,0.07513647369280783,0.20999374074006347,0.0,0.0,0.0,6.283185307179586,0.04687422996560173,0.07513647369280783,0.20999374074006347,0.0,0.0,0.0,6.283185307179586,0.04705167707933324
21,solved,0,lti,1,29,29,29,40,0.07958472220584054,0.21999211810947913,0.0,0.0,0.0,6.283185307179586,-0.004999999999999998,0.6678445044223613,-0.6597341828298287,-0.1,4.189913226775969e-06,0.5182992200843363,-0.8551991185241016,0.0006213839498420978,0.027448398788420748,0.7707019284189266,-0.7106498270166208,-0.10001545951484626,-0.9973872903402388,-0.07223815770935421,-0.0004915674061895317,0.00025491036658296685,0.25491036658296684,0.00025491057734028757,0.25491057734028755,1,0.05974484691366925,0.00274313980401702,,26,0.7294047268518838,0.0030262545776332337,3.026254577633234,0.0009737454223667664,0.9737454223667664,33.754822657998204,0.01,0.01,0.0001,0.17453292519943295,0.17453292519943295,0.5235987755982988,0.02,solved,0.05974484691366925,0.00274313980401702,0.07958472220584054,0.21999211810947913,0.0,0.0,0.0,6.283185307179586,-0.004999999999999998,0.7707019284189266,-0.7106498270166208,-0.10001545951484626,-0.9973872903402388,-0.07223815770935421,-0.0004915674061895317,0.7706457898868454,-0.7104011751310313,-0.10001578730822047,-0.9977893144389609,-0.06645479274371306,-0.0004944823743625046,0.00025491036658296685,0.25491036658296684,0.00025491057734028757,0.25491057734028755,0.07958472220584054,0.21999211810947913,0.0,0.0,0.0,6.283185307179586,-0.004999999999999998,0.07989674947782377,0.21999374074006348,0.0,0.0,0.0,6.283185307179586,0.0001512250516481142,0.0825189395565139,0.21999374074006348,0.0,0.0,0.0,6.283185307179586,0.013458465434680659,0.08513647369280783,0.21999374074006348,0.0,0.0,0.0,6.283185307179586,0.027880842175348173,0.08513647369280783,0.21999374074006348,0.0,0.0,0.0,6.283185307179586,0.044743243832299405,0.08513647369280783,0.21999374074006348,0.0,0.0,0.0,6.283185307179586,0.04519553934662758,0.08513647369280783,0.21999374074006348,0.0,0.0,0.0,6.283185307179586,0.045613247107125776,0.08513647369280783,0.21999374074006348,0.0,0.0,0.0,6.283185307179586,0.045999160966250306,0.08513647369280783,0.21999374074006348,0.0,0.0,0.0,6.283185307179586,0.04635417047177851,0.08513647369280783,0.21999374074006348,0.0,0.0,0.0,6.283185307179586,0.046670304526062405,0.08513647369280783,0.21999374074006348,0.0,0.0,0.0,6.283185307179586,0.04692932813074009,0.08513647369280783,0.21999374074006348,0.0,0.0,0.0,6.283185307179586,0.04709036798309839
22,solved,0,lti,1,29,29,29,40,0.08989674947782376,0.22999374074006348,0.0,0.0,0.0,6.283185307179586,-0.005,0.6696424394119178,-0.6551343080150274,-0.1,3.4835375647644556e-05,-0.46357807801455564,0.8860558557160841,-0.000620420877387038,0.02734839878842075,0.7708051324123394,-0.7107110617628031,-0.10001611887218852,-0.9969203382199335,-0.07841905324327045,-0.0005397516859324655,0.00017021806789806998,0.17021806789806998,0.00017021807531060736,0.17021807531060737,1,0.060222591944357834,0.0027648683838303392,,26,0.6097369010571639,0.0030277872491146726,3.0277872491146725,0.0009722127508853275,0.9722127508853275,34.10607036231773,0.01,0.01,0.0001,0.17453292519943295,0.17453292519943295,0.5235987755982988,0.02,solved,0.060222591944357834,0.0027648683838303392,0.08989674947782376,0.22999374074006348,0.0,0.0,0.0,6.283185307179586,-0.005,0.7708051324123394,-0.7107110617628031,-0.10001611887218852,-0.9969203382199335,-0.07841905324327045,-0.0005397516859324655,0.7707569876395393,-0.7105477942783153,-0.10001606863778155,-0.9971697185583587,-0.07518150642215578,-0.0005417401029729328,0.00017021806789806998,0.17021806789806998,0.00017021807531060736,0.17021807531060737,0.08989674947782376,0.22999374074006348,0.0,0.0,0.0,6.283185307179586,-0.005,0.0925189395565139,0.22999374074006348,0.0,0.0,0.0,6.283185307179586,-0.005,0.09513647369280782,0.22999374074006348,0.0,0.0,0.0,6.283185307179586,0.00788084217534817,0.09513647369280782,0.22999374074006348,0.0,0.0,0.0,6.283185307179586,0.024743243832299405,0.09513647369280782,0.22999374074006348,0.0,0.0,0.0,6.283185307179586,0.03750387708411187,0.09513647369280782,0.22999374074006348,0.0,0.0,0.0,6.283185307179586,0.04527449580195331,0.09513647369280782,0.22999374074006348,0.0,0.0,0.0,6.283185307179586,0.04570400892206586,0.09513647369280782,0.22999374074006348,0.0,0.0,0.0,6.283185307179586,0.04609884777379525,0.09513647369280782,0.22999374074006348,0.0,0.0,0.0,6.283185307179586,0.04645673081243285,0.09513647369280782,0.22999374074006348,0.0,0.0,0.0,6.283185307179586,0.04676927727303105,0.09513647369280782,0.22999374074006348,0.0,0.0,0.0,6.283185307179586,0.04701530708039464,0.09513647369280782,0.22999374074006348,0.0,0.0,0.0,6.283185307179586,0.047160549153124995
23,solved,0,lti,1,29,29,29,40,0.1025189395565139,0.2399937407400635,0.0,0.0,0.0,6.283185307179586,-0.005,0.671692818203048,-0.6503344332002261,-0.1,7.372318520915312e-05,-0.4070274050595297,0.9134157352459705,-0.0006170092871722689,0.02724839878842075,0.7709086214167564,-0.7107724157432428,-0.1000167278483409,-0.9964134808275545,-0.08461578677880804,-0.0005863897337644398,4.8282967507521544e-05,0.04828296750752154,4.828428351669621e-05,0.04828428351669621,1,0.061681197847212425,0.0028316084125187685,,26,0.48974362604369404,0.0030292922183860565,3.0292922183860567,0.0009707077816139436,0.9707077816139437,34.461217871455204,0.01,0.01,0.0001,0.17453292519943295,0.17453292519943295,0.5235987755982988,0.02,solved,0.061681197847212425,0.0028316084125187685,0.1025189395565139,0.2399937407400635,0.0,0.0,0.0,6.283185307179586,-0.005,0.7709086214167564,-0.7107724157432428,-0.1000167278483409,-0.9964134808275545,-0.08461578677880804,-0.0005863897337644398,0.7708825562022356,-0.7107317727912915,-0.10001637136076984,-0.996406279351993,-0.08470053964917612,-0.0005874104667109366,4.8282967507521544e-05,0.04828296750752154,4.828428351669621e-05,0.04828428351669621,0.1025189395565139,0.2399937407400635,0.0,0.0,0.0,6.283185307179586,-0.005,0.10513647369280782,0.2399937407400635,0.0,0.0,0.0,6.283185307179586,-0.005000000000000001,0.10513647369280782,0.2399937407400635,0.0,0.0,0.0,6.283185307179586,0.004743243832299404,0.10513647369280782,0.2399937407400635,0.0,0.0,0.0,6.283185307179586,0.017503877084111868,0.10513647369280782,0.2399937407400635,0.0,0.0,0.0,6.283185307179586,0.025274495801953307,0.10513647369280782,0.2399937407400635,0.0,0.0,0.0,6.283185307179586,0.039497368164345806,0.10513647369280782,0.2399937407400635,0.0,0.0,0.0,6.283185307179586,0.04586672109391697,0.10513647369280782,0.2399937407400635,0.0,0.0,0.0,6.283185307179586,0.04626933742899058,0.10513647369280782,0.2399937407400635,0.0,0.0,0.0,6.283185307179586,0.04662870664033356,0.10513647369280782,0.2399937407400635,0.0,0.0,0.0,6.283185307179586,0.046933098662166245,0.10513647369280782,0.2399937407400635,0.0,0.0,0.0,6.283185307179586,0.04716195165622541,0.10513647369280782,0.2399937407400635,0.0,0.0,0.0,6.283185307179586,0.04728768630683518
24,solved,0,lti,1,29,29,29,40,0.11513647369280781,0.2499937407400635,0.0,0.0,0.0,6.283185307179586,-0.005000000000000001,0.6739955476769042,-0.6453345583854249,-0.1,0.00011232004303956072,-0.34887038088986716,0.9371707801687965,-0.000611162643185761,0.02714839878842075,0.7710123628874955,-0.7108338201750387,-0.10001727770242647,-0.9958747681046773,-0.09073614869305296,-0.000630533747780369,4.829449001295972e-05,0.04829449001295972,4.829546399966454e-05,0.04829546399966454,1,0.06326459296582629,0.0029040545593332578,,26,0.3694438501977825,0.0030307583165932257,3.030758316593226,0.0009692416834067743,0.9692416834067743,34.81745011480301,0.01,0.01,0.0001,0.17453292519943295,0.17453292519943295,0.5235987755982988,0.02,solved,0.06326459296582629,0.0029040545593332578,0.11513647369280781,0.2499937407400635,0.0,0.0,0.0,6.283185307179586,-0.005000000000000001,0.7710123628874955,-0.7108338201750387,-0.10001727770242647,-0.9958747681046773,-0.09073614869305296,-0.000630533747780369,0.770984407025756,-0.7107944396270485,-0.10001697098214506,-0.995866532585421,-0.0908264855951798,-0.0006314987879954884,4.829449001295972e-05,0.04829449001295972,4.829546399966454e-05,0.04829546399966454,0.11513647369280781,0.2499937407400635,0.0,0.0,0.0,6.283185307179586,-0.005000000000000001,0.11513647369280781,0.2499937407400635,0.0,0.0,0.0,6.283185307179586,-0.004999999999999999,0.11513647369280781,0.2499937407400635,0.0,0.0,0.0,6.283185307179586,-0.0024961229158881326,0.11513647369280781,0.2499937407400635,0.0,0.0,0.0,6.283185307179586,0.005274495801953306,0.11513647369280781,0.2499937407400635,0.0,0.0,0.0,6.283185307179586,0.019497368164345805,0.11513647369280781,0.2499937407400635,0.0,0.0,0.0,6.283185307179586,0.028334053419289677,0.11513647369280781,0.2499937407400635,0.0,0.0,0.0,6.283185307179586,0.04610830243689578,0.11513647369280781,0.2499937407400635,0.0,0.0,0.0,6.283185307179586,0.046517459034682,0.11513647369280781,0.2499937407400635,0.0,0.0,0.0,6.283185307179586,0.04687371048720718,0.11513647369280781,0.2499937407400635,0.0,0.0,0.0,6.283185307179586,0.047163904905159364,0.11513647369280781,0.2499937407400635,0.0,0.0,0.0,6.283185307179586,0.047369437818066115,0.11513647369280781,0.2499937407400635,0.0,0.0,0.0,6.283185307179586,0.047474674511216834
25,solved,0,lti,1,29,29,29,40,0.1251364736928078,0.2599937407400635,0.0,0.0,0.0,6.283185307179586,-0.005,0.6764982771507603,-0.6401346835706236,-0.1,0.00015047362497423776,-0.28933652471054844,0.957227240174899,-0.0006029040194602513,0.02704839878842075,0.7711162936351985,-0.710895145808905,-0.1000177637834516,-0.9953195070976625,-0.0966365766570173,-0.0006714483439354947,4.771530257853486e-05,0.04771530257853486,4.771702745041183e-05,0.04771702745041183,1,0.06436420324933276,0.0029542686754935534,,26,0.24890011633884399,0.003032142172550361,3.032142172550361,0.0009678578274496391,0.9678578274496391,35.16947667094103,0.01,0.01,0.0001,0.17453292519943295,0.17453292519943295,0.5235987755982988,0.02,solved,0.06436420324933276,0.0029542686754935534,0.1251364736928078,0.2599937407400635,0.0,0.0,0.0,6.283185307179586,-0.005,0.7711162936351985,-0.710895145808905,-0.1000177637834516,-0.9953195070976625,-0.0966365766570173,-0.0006714483439354947,0.7710870190155025,-0.7108574662820792,-0.10001816950323449,-0.9953100090365031,-0.09673434679025784,-0.0006723561690456814,4.771530257853486e-05,0.04771530257853486,4.771702745041183e-05,0.04771702745041183,0.1251364736928078,0.2599937407400635,0.0,0.0,0.0,6.283185307179586,-0.005,0.1251364736928078,0.2599937407400635,0.0,0.0,0.0,6.283185307179586,-0.005,0.1251364736928078,0.2599937407400635,0.0,0.0,0.0,6.283185307179586,-0.005,0.1251364736928078,0.2599937407400635,0.0,0.0,0.0,6.283185307179586,-0.0005026318356541951,0.1251364736928078,0.2599937407400635,0.0,0.0,0.0,6.283185307179586,0.008334053419289677,0.1251364736928078,0.2599937407400635,0.0,0.0,0.0,6.283185307179586,0.02610830243689578,0.1251364736928078,0.2599937407400635,0.0,0.0,0.0,6.283185307179586,0.026517459034681997,0.1251364736928078,0.2599937407400635,0.0,0.0,0.0,6.283185307179586,0.0413252741714944,0.1251364736928078,0.2599937407400635,0.0,0.0,0.0,6.283185307179586,0.04722665914544128,0.1251364736928078,0.2599937407400635,0.0,0.0,0.0,6.283185307179586,0.04749176031993784,0.1251364736928078,0.2599937407400635,0.0,0.0,0.0,6.283185307179586,0.0476668333562918,0.1251364736928078,0.2599937407400635,0.0,0.0,0.0,6.283185307179586,0.04774857964867758
26,solved,0,lti,1,29,29,29,40,0.11513647369280781,0.2699937407400635,0.0,0.0,0.0,6.283185307179586,-0.005000000000000001,0.6788010066246164,-0.6347348087558223,-0.1,0.0001880333562560016,-0.22866078945348164,0.9735059615795592,-0.0005922660090105781,0.02694839878842075,0.7712202380309283,-0.7109559771309688,-0.10001819052510062,-0.9947904439255817,-0.10193856022170963,-0.0007089529384037214,4.693096774923576e-05,0.04693096774923576,4.693311979296332e-05,0.04693311979296332,1,0.06622703886499097,0.003039490156142826,,26,0.1282317185447812,0.003033363333316612,3.033363333316612,0.0009666366666833881,0.9666366666833881,35.50904055186369,0.01,0.01,0.0001,0.17453292519943295,0.17453292519943295,0.5235987755982988,0.02,solved,0.06622703886499097,0.003039490156142826,0.11513647369280781,0.2699937407400635,0.0,0.0,0.0,6.283185307179586,-0.005000000000000001,0.7712202380309283,-0.7109559771309688,-0.10001819052510062,-0.9947904439255817,-0.10193856022170963,-0.0007089529384037214,0.7711903800237448,-0.710919769187905,-0.1000186399687799,-0.9947530560370976,-0.10230275901746493,-0.0007092265289436395,4.693096774923576e-05,0.04693096774923576,4.693311979296332e-05,0.04693311979296332,0.11513647369280781,0.2699937407400635,0.0,0.0,0.0,6.283185307179586,-0.005000000000000001,0.11513647369280781,0.2699937407400635,0.0,0.0,0.0,6.283185307179586,-0.004999999999999999,0.11513647369280781,0.2699937407400635,0.0,0.0,0.0,6.283185307179586,-0.005,0.11513647369280781,0.2699937407400635,0.0,0.0,0.0,6.283185307179586,-0.005000000000000001,0.11513647369280781,0.2699937407400635,0.0,0.0,0.0,6.283185307179586,0.00610830243689578,0.11513647369280781,0.2699937407400635,0.0,0.0,0.0,6.283185307179586,0.006517459034681997,0.11513647369280781,0.2699937407400635,0.0,0.0,0.0,6.283185307179586,0.021325274171494393,0.11513647369280781,0.2699937407400635,0.0,0.0,0.0,6.283185307179586,0.02722665914544128,0.11513647369280781,0.2699937407400635,0.0,0.0,0.0,6.283185307179586,0.03379577609414467,0.11513647369280781,0.2699937407400635,0.0,0.0,0.0,6.283185307179586,0.04798268141900826,0.11513647369280781,0.2699937407400635,0.0,0.0,0.0,6.283185307179586,0.048118167910483886,0.11513647369280781,0.2699937407400635,0.0,0.0,0.0,6.283185307179586,0.0481740634153705
27,solved,0,lti,1,29,29,29,40,0.10513647369280782,0.2799937407400635,0.0,0.0,0.0,6.283185307179586,-0.005000000000000001,0.6809037360984725,-0.629134933941021,-0.1,0.00022485100578489213,-0.1670826345256198,0.9859426997064331,-0.0005792905952039417,0.02684839878842075,0.771324109370903,-0.7110162063609795,-0.10001855541407902,-0.9943084382861301,-0.1065372169351782,-0.0007422672723180413,4.720759357280075e-05,0.04720759357280075,4.720759386206343e-05,0.047207593862063434,1,0.06846434725685495,0.003142065581212301,,26,0.007798342369212444,0.0030341495055065913,3.0341495055065915,0.0009658504944934088,0.9658504944934088,35.814327275938474,0.01,0.01,0.0001,0.17453292519943295,0.17453292519943295,0.5235987755982988,0.02,solved,0.06846434725685495,0.003142065581212301,0.10513647369280782,0.2799937407400635,0.0,0.0,0.0,6.283185307179586,-0.005000000000000001,0.771324109370903,-0.7110162063609795,-0.10001855541407902,-0.9943084382861301,-0.1065372169351782,-0.0007422672723180413,0.7712929185230109,-0.7109807706741835,-0.10001856064005163,-0.9942694241947546,-0.10690070475548741,-0.0007425861641591708,4.720759357280075e-05,0.04720759357280075,4.720759386206343e-05,0.047207593862063434,0.10513647369280782,0.2799937407400635,0.0,0.0,0.0,6.283185307179586,-0.005000000000000001,0.10513647369280782,0.2799937407400635,0.0,0.0,0.0,6.283185307179586,-0.005,0.10513647369280782,0.2799937407400635,0.0,0.0,0.0,6.283185307179586,-0.005,0.10513647369280782,0.2799937407400635,0.0,0.0,0.0,6.283185307179586,-0.005,0.10513647369280782,0.2799937407400635,0.0,0.0,0.0,6.283185307179586,-0.005,0.10513647369280782,0.2799937407400635,0.0,0.0,0.0,6.283185307179586,0.001325274171494393,0.10513647369280782,0.2799937407400635,0.0,0.0,0.0,6.283185307179586,0.0072266591454412795,0.10513647369280782,0.2799937407400635,0.0,0.0,0.0,6.283185307179586,0.013795776094144669,0.10513647369280782,0.2799937407400635,0.0,0.0,0.0,6.283185307179586,0.02798268141900826,0.10513647369280782,0.2799937407400635,0.0,0.0,0.0,6.283185307179586,0.02811816791048389,0.10513647369280782,0.2799937407400635,0.0,0.0,0.0,6.283185307179586,0.04261281337667611,0.10513647369280782,0.2799937407400635,0.0,0.0,0.0,6.283185307179586,0.04880103843019978
28,solved,0,lti,1,29,29,29,40,0.09513647369280782,0.2899937407400635,0.0,0.0,0.0,6.283185307179586,-0.005,0.6828064655723287,-0.6233350591262198,-0.1,0.0002607812711186029,-0.10484508077208018,0.9944883724319393,-0.0005640289860707341,0.026748398788420752,0.7714278513922307,-0.7110758041587352,-0.10001885879491186,-0.9938881148394356,-0.11038940556250604,-0.0007709218308497959,4.721626123317267e-05,0.04721626123317267,4.723564562561214e-05,0.04723564562561214,1,0.07030491793740036,0.0032264123611811775,,25,0.8880240338728769,0.0030344614913784987,3.0344614913784986,0.0009655385086215014,0.9655385086215014,36.07368500448715,0.01,0.01,0.0001,0.17453292519943295,0.17453292519943295,0.5235987755982988,0.02,solved,0.07030491793740036,0.0032264123611811775,0.09513647369280782,0.2899937407400635,0.0,0.0,0.0,6.283185307179586,-0.005,0.7714278513922307,-0.7110758041587352,-0.10001885879491186,-0.9938881148394356,-0.11038940556250604,-0.0007709218308497959,0.7713956750474233,-0.7110412490120899,-0.10001750569002708,-0.9938486699003793,-0.11074396819790547,-0.0007712619711282557,4.721626123317267e-05,0.04721626123317267,4.723564562561214e-05,0.04723564562561214,0.09513647369280782,0.2899937407400635,0.0,0.0,0.0,6.283185307179586,-0.005,0.09513647369280782,0.2899937407400635,0.0,0.0,0.0,6.283185307179586,-0.005,0.09513647369280782,0.2899937407400635,0.0,0.0,0.0,6.283185307179586,-0.004999999999999999,0.09513647369280782,0.2899937407400635,0.0,0.0,0.0,6.283185307179586,-0.005,0.09513647369280782,0.2899937407400635,0.0,0.0,0.0,6.283185307179586,-0.005,0.09513647369280782,0.2899937407400635,0.0,0.0,0.0,6.283185307179586,-0.005,0.09513647369280782,0.2899937407400635,0.0,0.0,0.0,6.283185307179586,-0.005,0.09513647369280782,0.2899937407400635,0.0,0.0,0.0,6.283185307179586,0.00798268141900826,0.09513647369280782,0.2899937407400635,0.0,0.0,0.0,6.283185307179586,0.008118167910483889,0.09513647369280782,0.2899937407400635,0.0,0.0,0.0,6.283185307179586,0.022612813376676116,0.09513647369280782,0.2899937407400635,0.0,0.0,0.0,6.283185307179586,0.028801038430199776,0.09513647369280782,0.2899937407400635,0.0,0.0,0.0,6.283185307179586,0.028801038430199776
29,solved,0,lti,1,29,29,29,40,0.08513647369280783,0.2999937407400635,0.0,0.0,0.0,6.283185307179586,-0.004999999999999999,0.6845091950461849,-0.6173351843114185,-0.1,0.0002956823519148386,-0.042193751383894314,0.9991092538899766,-0.0005465414122098381,0.026648398788420753,0.7715314399316415,-0.711134769849394,-0.10001910391007741,-0.9935371270860974,-0.11350482566495373,-0.0007947655456083164,4.6238911041006436e-05,0.046238911041006435,4.6256109733237077e-05,0.04625610973323708,1,0.06588350587328448,0.0030233816015131213,,25,0.7683819653106411,0.0030342917728917924,3.0342917728917924,0.0009657082271082077,0.9657082271082077,36.29571381906185,0.01,0.01,0.0001,0.17453292519943295,0.17453292519943295,0.5235987755982988,0.02,solved,0.06588350587328448,0.0030233816015131213,0.08513647369280783,0.2999937407400635,0.0,0.0,0.0,6.283185307179586,-0.004999999999999999,0.7715314399316415,-0.711134769849394,-0.10001910391007741,-0.9935371270860974,-0.11350482566495373,-0.0007947655456083164,0.7714993019314554,-0.7111015255139623,-0.10001784264349371,-0.9934984282394267,-0.11384305374947748,-0.0007951092894680262,4.6238911041006436e-05,0.046238911041006435,4.6256109733237077e-05,0.04625610973323708,0.08513647369280783,0.2999937407400635,0.0,0.0,0.0,6.283185307179586,-0.004999999999999999,0.08513647369280783,0.2999937407400635,0.0,0.0,0.0,6.283185307179586,-0.005,0.08513647369280783,0.2999937407400635,0.0,0.0,0.0,6.283185307179586,-0.005,0.08513647369280783,0.2999937407400635,0.0,0.0,0.0,6.283185307179586,-0.005,0.08513647369280783,0.2999937407400635,0.0,0.0,0.0,6.283185307179586,-0.004999999999999999,0.08513647369280783,0.2999937407400635,0.0,0.0,0.0,6.283185307179586,-0.005,0.08513647369280783,0.2999937407400635,0.0,0.0,0.0,6.283185307179586,-0.004999999999999999,0.08513647369280783,0.2999937407400635,0.0,0.0,0.0,6.283185307179586,-0.005000000000000001,0.08513647369280783,0.2999937407400635,0.0,0.0,0.0,6.283185307179586,0.002612813376676116,0.08513647369280783,0.2999937407400635,0.0,0.0,0.0,6.283185307179586,0.008801038430199776,0.08513647369280783,0.2999937407400635,0.0,0.0,0.0,6.283185307179586,0.008801038430199776,0.08513647369280783,0.2999937407400635,0.0,0.0,0.0,6.283185307179586,0.008801038430199776
30,solved,0,lti,1,29,29,29,40,0.07513647369280783,0.30999374074006353,0.0,0.0,0.0,6.283185307179586,-0.005000000000000003,0.686011924520041,-0.6111353094966173,-0.1,0.00032941650955248356,0.0206240974645124,0.9997871075725102,-0.0005268968890859701,0.026548398788420753,0.7716348877236334,-0.711193150557324,-0.10001929547250081,-0.9932550387121818,-0.11594725337183473,-0.0008139461834885406,4.669659895712751e-05,0.04669659895712751,4.67254199245632e-05,0.0467254199245632,1,0.05674354213930872,0.0026038232479593014,,25,0.6491884868279978,0.003033651038787375,3.033651038787375,0.0009663489612126252,0.9663489612126253,36.47533866082251,0.01,0.01,0.0001,0.17453292519943295,0.17453292519943295,0.5235987755982988,0.02,solved,0.05674354213930872,0.0026038232479593014,0.07513647369280783,0.30999374074006353,0.0,0.0,0.0,6.283185307179586,-0.005000000000000003,0.7716348877236334,-0.711193150557324,-0.10001929547250081,-0.9932550387121818,-0.11594725337183473,-0.0008139461834885406,0.7716020367581355,-0.7111599634149339,-0.10001765458464237,-0.9932180900119518,-0.1162633329929616,-0.000814293791016546,4.669659895712751e-05,0.04669659895712751,4.67254199245632e-05,0.0467254199245632,0.07513647369280783,0.30999374074006353,0.0,0.0,0.0,6.283185307179586,-0.005000000000000003,0.07513647369280783,0.30999374074006353,0.0,0.0,0.0,6.283185307179586,-0.005000000000000001,0.07513647369280783,0.30999374074006353,0.0,0.0,0.0,6.283185307179586,-0.005000000000000001,0.07513647369280783,0.30999374074006353,0.0,0.0,0.0,6.283185307179586,-0.005,0.07513647369280783,0.30999374074006353,0.0,0.0,0.0,6.283185307179586,-0.005,0.07513647369280783,0.30999374074006353,0.0,0.0,0.0,6.283185307179586,-0.005,0.07513647369280783,0.30999374074006353,0.0,0.0,0.0,6.283185307179586,-0.005,0.07513647369280783,0.30999374074006353,0.0,0.0,0.0,6.283185307179586,-0.005,0.07513647369280783,0.30999374074006353,0.0,0.0,0.0,6.283185307179586,-0.005,0.07513647369280783,0.30999374074006353,0.0,0.0,0.0,6.283185307179586,-0.005,0.07513647369280783,0.30999374074006353,0.0,0.0,0.0,6.283185307179586,-0.005,0.07513647369280783,0.30999374074006353,0.0,0.0,0.0,6.283185307179586,-0.005
31,solved,0,lti,1,29,29,29,40,0.06513647369280784,0.31999374074006354,0.0,0.0,0.0,6.283185307179586,-0.005,0.6873146539938971,-0.604735434681816,-0.1,0.0003618506107230127,0.08336055242248055,0.9965192583007367,-0.0005051729446571712,0.026448398788420754,0.7717382369773742,-0.7112510296300762,-0.10001943943348822,-0.9930346245444146,-0.11781997928936633,-0.0008288161357774844,4.4557307902471024e-05,0.044557307902471026,4.458242645686325e-05,0.04458242645686325,1,0.04898979485566357,0.0022478953671608696,,25,0.5304090361350055,0.0030325737443527264,3.0325737443527263,0.0009674262556472737,0.9674262556472737,36.61620990103391,0.01,0.01,0.0001,0.17453292519943295,0.17453292519943295,0.5235987755982988,0.02,solved,0.04898979485566357,0.0022478953671608696,0.06513647369280784,0.31999374074006354,0.0,0.0,0.0,6.283185307179586,-0.005,0.7717382369773742,-0.7112510296300762,-0.10001943943348822,-0.9930346245444146,-0.11781997928936633,-0.0008288161357774844,0.7717068041506222,-0.7112194490808427,-0.10001794308417539,-0.9930001896068223,-0.11810984687716959,-0.0008291631121675426,4.4557307902471024e-05,0.044557307902471026,4.458242645686325e-05,0.04458242645686325,0.06513647369280784,0.31999374074006354,0.0,0.0,0.0,6.283185307179586,-0.005,0.06513647369280784,0.31999374074006354,0.0,0.0,0.0,6.283185307179586,-0.005000000000000002,0.06513647369280784,0.31999374074006354,0.0,0.0,0.0,6.283185307179586,-0.005,0.06513647369280784,0.31999374074006354,0.0,0.0,0.0,6.283185307179586,-0.005000000000000001,0.06513647369280784,0.31999374074006354,0.0,0.0,0.0,6.283185307179586,-0.005,0.06513647369280784,0.31999374074006354,0.0,0.0,0.0,6.283185307179586,-0.005,0.06513647369280784,0.31999374074006354,0.0,0.0,0.0,6.283185307179586,-0.005000000000000001,0.06513647369280784,0.31999374074006354,0.0,0.0,0.0,6.283185307179586,-0.005,0.06513647369280784,0.31999374074006354,0.0,0.0,0.0,6.283185307179586,-0.005,0.06513647369280784,0.31999374074006354,0.0,0.0,0.0,6.283185307179586,-0.005000000000000001,0.06513647369280784,0.31999374074006354,0.0,0.0,0.0,6.283185307179586,-0.005,0.06513647369280784,0.31999374074006354,0.0,0.0,0.0,6.283185307179586,-0.005
32,solved,0,lti,1,29,29,29,40,0.05513647369280784,0.32999374074006355,0.0,0.0,0.0,6.283185307179586,-0.004999999999999998,0.6884173834677533,-0.5981355598670147,-0.1,0.0003928566528468372,0.14576802136385097,0.9893186027827939,-0.00048145531340737556,0.026348398788420754,0.7718415482895943,-0.7113085135882341,-0.1000195422540194,-0.9928639996071392,-0.11924920449439111,-0.0008399473611860646,4.3667045301407164e-05,0.043667045301407165,4.366710919227216e-05,0.04366710919227216,1,0.04898979485566359,0.0022477563171648756,,25,0.4119654265509574,0.0030311110157763633,3.0311110157763634,0.0009688889842236368,0.9688889842236368,36.72424978930604,0.01,0.01,0.0001,0.17453292519943295,0.17453292519943295,0.5235987755982988,0.02,solved,0.04898979485566359,0.0022477563171648756,0.05513647369280784,0.32999374074006355,0.0,0.0,0.0,6.283185307179586,-0.004999999999999998,0.7718415482895943,-0.7113085135882341,-0.1000195422540194,-0.9928639996071392,-0.11924920449439111,-0.0008399473611860646,0.7718106601545321,-0.7112776471994311,-0.10001946755559456,-0.9928325766549109,-0.1195105380328043,-0.0008402570321843983,4.3667045301407164e-05,0.043667045301407165,4.366710919227216e-05,0.04366710919227216,0.05513647369280784,0.32999374074006355,0.0,0.0,0.0,6.283185307179586,-0.004999999999999998,0.05513647369280784,0.32999374074006355,0.0,0.0,0.0,6.283185307179586,-0.005,0.05513647369280784,0.32999374074006355,0.0,0.0,0.0,6.283185307179586,-0.004999999999999999,0.05513647369280784,0.32999374074006355,0.0,0.0,0.0,6.283185307179586,-0.005,0.05513647369280784,0.32999374074006355,0.0,0.0,0.0,6.283185307179586,-0.005,0.05513647369280784,0.32999374074006355,0.0,0.0,0.0,6.283185307179586,-0.005,0.05513647369280784,0.32999374074006355,0.0,0.0,0.0,6.283185307179586,-0.004999999999999999,0.05513647369280784,0.32999374074006355,0.0,0.0,0.0,6.283185307179586,-0.005,0.05513647369280784,0.32999374074006355,0.0,0.0,0.0,6.283185307179586,-0.005,0.05513647369280784,0.32999374074006355,0.0,0.0,0.0,6.283185307179586,-0.005,0.05513647369280784,0.32999374074006355,0.0,0.0,0.0,6.283185307179586,-0.005,0.05513647369280784,0.32999374074006355,0.0,0.0,0.0,6.283185307179586,-0.005
33,solved,0,lti,1,29,29,29,40,0.045136473692807835,0.33999374074006355,0.0,0.0,0.0,6.283185307179586,-0.005,0.6893201129416094,-0.5913356850522135,-0.1,0.0004223122692410077,0.20760021051997263,0.9782135587163443,-0.00045583759799157114,0.026248398788420755,0.7719448891876145,-0.7113657190107742,-0.10001961041022568,-0.9927289528954713,-0.12036821523375642,-0.0008478469798845163,4.360068460200779e-05,0.04360068460200779,4.360310696354262e-05,0.043603106963542616,1,0.04898979485566359,0.0022476059385797883,,25,0.2937519690998443,0.0030293248788314455,3.0293248788314453,0.0009706751211685546,0.9706751211685546,36.8067200355073,0.01,0.01,0.0001,0.17453292519943295,0.17453292519943295,0.5235987755982988,0.02,solved,0.04898979485566359,0.0022476059385797883,0.045136473692807835,0.33999374074006355,0.0,0.0,0.0,6.283185307179586,-0.005,0.7719448891876145,-0.7113657190107742,-0.10001961041022568,-0.9927289528954713,-0.12036821523375642,-0.0008478469798845163,0.7719143455921835,-0.7113346045691769,-0.10002007001778696,-0.9927007744510034,-0.12060038602549034,-0.0008481125402081038,4.360068460200779e-05,0.04360068460200779,4.360310696354262e-05,0.043603106963542616,0.045136473692807835,0.33999374074006355,0.0,0.0,0.0,6.283185307179586,-0.005,0.045136473692807835,0.33999374074006355,0.0,0.0,0.0,6.283185307179586,-0.005,0.045136473692807835,0.33999374074006355,0.0,0.0,0.0,6.283185307179586,-0.005000000000000001,0.045136473692807835,0.33999374074006355,0.0,0.0,0.0,6.283185307179586,-0.004999999999999999,0.045136473692807835,0.33999374074006355,0.0,0.0,0.0,6.283185307179586,-0.005000000000000001,0.045136473692807835,0.33999374074006355,0.0,0.0,0.0,6.283185307179586,-0.005000000000000001,0.045136473692807835,0.33999374074006355,0.0,0.0,0.0,6.283185307179586,-0.005,0.045136473692807835,0.33999374074006355,0.0,0.0,0.0,6.283185307179586,-0.004999999999999999,0.045136473692807835,0.33999374074006355,0.0,0.0,0.0,6.283185307179586,-0.005000000000000001,0.045136473692807835,0.33999374074006355,0.0,0.0,0.0,6.283185307179586,-0.005000000000000001,0.045136473692807835,0.33999374074006355,0.0,0.0,0.0,6.283185307179586,-0.005,0.045136473692807835,0.33999374074006355,0.0,0.0,0.0,6.283185307179586,-0.005
34,solved,0,lti,1,29,29,29,40,0.03513647369280783,0.34999374074006356,0.0,0.0,0.0,6.283185307179586,-0.005,0.6900228424154656,-0.5843358102374122,-0.1,0.00045010121204460736,0.2686130964886865,0.9632479526369061,-0.0004284208998288833,0.026148398788420756,0.7720483249898396,-0.7114227615693084,-0.1000196496124215,-0.9926149051041206,-0.12130507914323849,-0.0008531935243306431,4.252298426910305e-05,0.042522984269103045,4.252301161717853e-05,0.04252301161717853,1,0.04898979485566359,0.002247444238232936,,25,0.17565194740567236,0.0030272826163105946,3.0272826163105946,0.0009727173836894054,0.9727173836894054,36.87130208692221,0.01,0.01,0.0001,0.17453292519943295,0.17453292519943295,0.5235987755982988,0.02,solved,0.04898979485566359,0.002247444238232936,0.03513647369280783,0.34999374074006356,0.0,0.0,0.0,6.283185307179586,-0.005,0.7720483249898396,-0.7114227615693084,-0.1000196496124215,-0.9926149051041206,-0.12130507914323849,-0.0008531935243306431,0.7720190141538283,-0.7113919544421545,-0.10001960138541335,-0.9925900152929209,-0.12150857243468899,-0.0008534434269279943,4.252298426910305e-05,0.042522984269103045,4.252301161717853e-05,0.04252301161717853,0.03513647369280783,0.34999374074006356,0.0,0.0,0.0,6.283185307179586,-0.005,0.03513647369280783,0.34999374074006356,0.0,0.0,0.0,6.283185307179586,-0.005000000000000001,0.03513647369280783,0.34999374074006356,0.0,0.0,0.0,6.283185307179586,-0.005,0.03513647369280783,0.34999374074006356,0.0,0.0,0.0,6.283185307179586,-0.005,0.03513647369280783,0.34999374074006356,0.0,0.0,0.0,6.283185307179586,-0.005000000000000001,0.03513647369280783,0.34999374074006356,0.0,0.0,0.0,6.283185307179586,-0.005,0.03513647369280783,0.34999374074006356,0.0,0.0,0.0,6.283185307179586,-0.005,0.03513647369280783,0.34999374074006356,0.0,0.0,0.0,6.283185307179586,-0.005,0.03513647369280783,0.34999374074006356,0.0,0.0,0.0,6.283185307179586,-0.005,0.03513647369280783,0.34999374074006356,0.0,0.0,0.0,6.283185307179586,-0.005,0.03513647369280783,0.34999374074006356,0.0,0.0,0.0,6.283185307179586,-0.005,0.03513647369280783,0.34999374074006356,0.0,0.0,0.0,6.283185307179586,-0.005
35,solved,0,lti,1,29,29,29,40,0.02513647369280783,0.3599937407400636,0.0,0.0,0.0,6.283185307179586,-0.005,0.6905255718893218,-0.577135935422611,-0.1,0.00047611381099595075,0.3285658892832102,0.9444808469545398,-0.00039931342010146207,0.026048398788420756,0.7721518229491602,-0.7114791098250894,-0.10001967885975821,-0.9925225120000887,-0.12205870833109277,-0.0008572593417702408,4.181482456925201e-05,0.041814824569252014,4.1815210692226915e-05,0.04181521069222691,1,0.04898979485566359,0.002247271223462943,,25,0.057551011497557786,0.003025051829560532,3.025051829560532,0.0009749481704394679,0.9749481704394679,36.925377268950605,0.01,0.01,0.0001,0.17453292519943295,0.17453292519943295,0.5235987755982988,0.02,solved,0.04898979485566359,0.002247271223462943,0.02513647369280783,0.3599937407400636,0.0,0.0,0.0,6.283185307179586,-0.005,0.7721518229491602,-0.7114791098250894,-0.10001967885975821,-0.9925225120000887,-0.12205870833109277,-0.0008572593417702408,0.7721238151533546,-0.7114480607843978,-0.10001949916146104,-0.9925009186382994,-0.12223416569623778,-0.0008574605976540072,4.181482456925201e-05,0.041814824569252014,4.1815210692226915e-05,0.04181521069222691,0.02513647369280783,0.3599937407400636,0.0,0.0,0.0,6.283185307179586,-0.005,0.02513647369280783,0.3599937407400636,0.0,0.0,0.0,6.283185307179586,-0.005000000000000001,0.02513647369280783,0.3599937407400636,0.0,0.0,0.0,6.283185307179586,-0.005,0.02513647369280783,0.3599937407400636,0.0,0.0,0.0,6.283185307179586,-0.005000000000000002,0.02513647369280783,0.3599937407400636,0.0,0.0,0.0,6.283185307179586,-0.005,0.02513647369280783,0.3599937407400636,0.0,0.0,0.0,6.283185307179586,-0.005000000000000001,0.02513647369280783,0.3599937407400636,0.0,0.0,0.0,6.283185307179586,-0.005,0.02513647369280783,0.3599937407400636,0.0,0.0,0.0,6.283185307179586,-0.005,0.02513647369280783,0.3599937407400636,0.0,0.0,0.0,6.283185307179586,-0.005,0.02513647369280783,0.3599937407400636,0.0,0.0,0.0,6.283185307179586,-0.005000000000000002,0.02513647369280783,0.3599937407400636,0.0,0.0,0.0,6.283185307179586,-0.005,0.02513647369280783,0.3599937407400636,0.0,0.0,0.0,6.283185307179586,-0.005
36,solved,0,lti,1,29,29,29,40,0.015136473692807831,0.3699937407400636,0.0,0.0,0.0,6.283185307179586,-0.005000000000000001,0.690828301363178,-0.5697360606078097,-0.1,0.0005002474062510029,0.38722198262020946,0.9219863068614988,-0.00036863003273384916,0.025948398788420757,0.7722555197612062,-0.7115350140902451,-0.10001967771262447,-0.9924192501843788,-0.12289545823053535,-0.0008591913537093107,4.1654769035863736e-05,0.04165476903586374,4.165924437405513e-05,0.04165924437405513,1,0.048989794855663585,0.002247086902118811,,24,0.9638162185942968,0.0030225725423386933,3.0225725423386933,0.0009774274576613068,0.9774274576613068,36.51250482475692,0.01,0.01,0.0001,0.17453292519943295,0.17453292519943295,0.5235987755982988,0.02,solved,0.048989794855663585,0.002247086902118811,0.015136473692807831,0.3699937407400636,0.0,0.0,0.0,6.283185307179586,-0.005000000000000001,0.7722555197612062,-0.7115350140902451,-0.10001967771262447,-0.9924192501843788,-0.12289545823053535,-0.0008591913537093107,0.7722285403323055,-0.7115032772000442,-0.100020288333936,-0.9924006031034165,-0.12304594451158496,-0.0008593597773426229,4.1654769035863736e-05,0.04165476903586374,4.165924437405513e-05,0.04165924437405513,0.015136473692807831,0.3699937407400636,0.0,0.0,0.0,6.283185307179586,-0.005000000000000001,0.015136473692807831,0.3699937407400636,0.0,0.0,0.0,6.283185307179586,-0.004999999999999999,0.015136473692807831,0.3699937407400636,0.0,0.0,0.0,6.283185307179586,-0.005,0.015136473692807831,0.3699937407400636,0.0,0.0,0.0,6.283185307179586,-0.005,0.015136473692807831,0.3699937407400636,0.0,0.0,0.0,6.283185307179586,-0.005000000000000001,0.015136473692807831,0.3699937407400636,0.0,0.0,0.0,6.283185307179586,-0.005,0.015136473692807831,0.3699937407400636,0.0,0.0,0.0,6.283185307179586,-0.005,0.015136473692807831,0.3699937407400636,0.0,0.0,0.0,6.283185307179586,-0.005000000000000001,0.015136473692807831,0.3699937407400636,0.0,0.0,0.0,6.283185307179586,-0.005,0.015136473692807831,0.3699937407400636,0.0,0.0,0.0,6.283185307179586,-0.005000000000000001,0.015136473692807831,0.3699937407400636,0.0,0.0,0.0,6.283185307179586,-0.005000000000000001,0.015136473692807831,0.3699937407400636,0.0,0.0,0.0,6.283185307179586,-0.005
37,solved,0,lti,1,29,29,29,40,0.005136473692807831,0.3799937407400636,0.0,0.0,0.0,6.283185307179586,-0.004999999999999999,0.6909310308370341,-0.5621361857930084,-0.1,0.0005224067535348831,0.44434988769670314,0.8958531080307525,-0.00033649183103807816,0.025848398788420757,0.7723594442283032,-0.7115910268588955,-0.10001966302593708,-0.9923024477513187,-0.12383502100087594,-0.0008600932821840678,3.942367919939947e-05,0.03942367919939947,3.9424963713881084e-05,0.03942496371388109,1,0.048989794855663585,0.002246891282558931,,24,0.8460322935347157,0.0030201632336019557,3.0201632336019557,0.0009798367663980444,0.9798367663980444,36.56081072690793,0.01,0.01,0.0001,0.17453292519943295,0.17453292519943295,0.5235987755982988,0.02,solved,0.048989794855663585,0.002246891282558931,0.005136473692807831,0.3799937407400636,0.0,0.0,0.0,6.283185307179586,-0.004999999999999999,0.7723594442283032,-0.7115910268588955,-0.10001966302593708,-0.9923024477513187,-0.12383502100087594,-0.0008600932821840678,0.7723350294780104,-0.7115600729181164,-0.10001934477725495,-0.9922864765882298,-0.12396293152442951,-0.0008602255437773703,3.942367919939947e-05,0.03942367919939947,3.9424963713881084e-05,0.03942496371388109,0.005136473692807831,0.3799937407400636,0.0,0.0,0.0,6.283185307179586,-0.004999999999999999,0.005136473692807831,0.3799937407400636,0.0,0.0,0.0,6.283185307179586,-0.005000000000000001,0.005136473692807831,0.3799937407400636,0.0,0.0,0.0,6.283185307179586,-0.005,0.005136473692807831,0.3799937407400636,0.0,0.0,0.0,6.283185307179586,-0.005000000000000002,0.005136473692807831,0.3799937407400636,0.0,0.0,0.0,6.283185307179586,-0.005000000000000001,0.005136473692807831,0.3799937407400636,0.0,0.0,0.0,6.283185307179586,-0.005000000000000001,0.005136473692807831,0.3799937407400636,0.0,0.0,0.0,6.283185307179586,-0.005000000000000001,0.005136473692807831,0.3799937407400636,0.0,0.0,0.0,6.283185307179586,-0.005,0.005136473692807831,0.3799937407400636,0.0,0.0,0.0,6.283185307179586,-0.005000000000000001,0.005136473692807831,0.3799937407400636,0.0,0.0,0.0,6.283185307179586,-0.005,0.005136473692807831,0.3799937407400636,0.0,0.0,0.0,6.283185307179586,-0.005,0.005136473692807831,0.3799937407400636,0.0,0.0,0.0,6.283185307179586,-0.005
38,solved,0,lti,1,29,29,29,40,-0.004863526307192169,0.3899937407400636,0.0,0.0,0.0,6.283185307179586,-0.005,0.6908337603108903,-0.5543363109782071,-0.1,0.0005425044000275047,0.4997241467706116,0.8661843862589628,-0.00030302564981369456,0.025748398788420758,0.7724636220577912,-0.7116472074036287,-0.10001963864988815,-0.9921645795989716,-0.12493481016908589,-0.0008603471452068282,3.944518152321665e-05,0.03944518152321665,3.944621204976733e-05,0.03944621204976733,1,0.048989794855663585,0.0022466843736500294,,24,0.7279967848771037,0.0030177362364168987,3.0177362364168987,0.0009822637635831014,0.9822637635831014,36.61505809806015,0.01,0.01,0.0001,0.17453292519943295,0.17453292519943295,0.5235987755982988,0.02,solved,0.048989794855663585,0.0022466843736500294,-0.004863526307192169,0.3899937407400636,0.0,0.0,0.0,6.283185307179586,-0.005,0.7724636220577912,-0.7116472074036287,-0.10001963864988815,-0.9921645795989716,-0.12493481016908589,-0.0008603471452068282,0.772440496962732,-0.7116152519295452,-0.10001992378086805,-0.9921509996741401,-0.12504260673090445,-0.0008604345093761352,3.944518152321665e-05,0.03944518152321665,3.944621204976733e-05,0.03944621204976733,-0.004863526307192169,0.3899937407400636,0.0,0.0,0.0,6.283185307179586,-0.005,-0.004863526307192169,0.3899937407400636,0.0,0.0,0.0,6.283185307179586,-0.005,-0.004863526307192169,0.3899937407400636,0.0,0.0,0.0,6.283185307179586,-0.004999999999999999,-0.004863526307192169,0.3899937407400636,0.0,0.0,0.0,6.283185307179586,-0.005,-0.004863526307192169,0.3899937407400636,0.0,0.0,0.0,6.283185307179586,-0.005000000000000001,-0.004863526307192169,0.3899937407400636,0.0,0.0,0.0,6.283185307179586,-0.005000000000000001,-0.004863526307192169,0.3899937407400636,0.0,0.0,0.0,6.283185307179586,-0.004999999999999999,-0.004863526307192169,0.3899937407400636,0.0,0.0,0.0,6.283185307179586,-0.005000000000000001,-0.004863526307192169,0.3899937407400636,0.0,0.0,0.0,6.283185307179586,-0.005000000000000001,-0.004863526307192169,0.3899937407400636,0.0,0.0,0.0,6.283185307179586,-0.005,-0.004863526307192169,0.3899937407400636,0.0,0.0,0.0,6.283185307179586,-0.005000000000000001,-0.004863526307192169,0.3899937407400636,0.0,0.0,0.0,6.283185307179586,-0.005
39,solved,0,lti,1,29,29,29,40,-0.01486352630719217,0.3999937407400636,0.0,0.0,0.0,6.283185307179586,-0.005000000000000001,0.6905364897847465,-0.5463364361634059,-0.1,0.0005604610294999024,0.5531262229394626,0.8330972304366132,-0.0002683635647887471,0.02564839878842076,0.7725680708644532,-0.7117035975838406,-0.10001960828299178,-0.9919999368990577,-0.12623543521678474,-0.0008602836126253902,3.6859163757313605e-05,0.03685916375731361,3.6859608157439285e-05,0.036859608157439286,1,0.048989794855663585,0.002246466184766056,,24,0.6096581312429917,0.0030153304829345913,3.0153304829345915,0.0009846695170654088,0.9846695170654088,36.678564570736405,0.01,0.01,0.0001,0.17453292519943295,0.17453292519943295,0.5235987755982988,0.02,solved,0.048989794855663585,0.002246466184766056,-0.01486352630719217,0.3999937407400636,0.0,0.0,0.0,6.283185307179586,-0.005000000000000001,0.7725680708644532,-0.7117035975838406,-0.10001960828299178,-0.9919999368990577,-0.12623543521678474,-0.0008602836126253902,0.7725479056126245,-0.7116727437255475,-0.10001978928197383,-0.9919884610766937,-0.1263255827895743,-0.0008603624628648554,3.6859163757313605e-05,0.03685916375731361,3.6859608157439285e-05,0.036859608157439286,-0.01486352630719217,0.3999937407400636,0.0,0.0,0.0,6.283185307179586,-0.005000000000000001,-0.01486352630719217,0.3999937407400636,0.0,0.0,0.0,6.283185307179586,-0.005000000000000001,-0.01486352630719217,0.3999937407400636,0.0,0.0,0.0,6.283185307179586,-0.004999999999999999,-0.01486352630719217,0.3999937407400636,0.0,0.0,0.0,6.283185307179586,-0.004999999999999999,-0.01486352630719217,0.3999937407400636,0.0,0.0,0.0,6.283185307179586,-0.005000000000000001,-0.01486352630719217,0.3999937407400636,0.0,0.0,0.0,6.283185307179586,-0.005000000000000002,-0.01486352630719217,0.3999937407400636,0.0,0.0,0.0,6.283185307179586,-0.005000000000000001,-0.01486352630719217,0.3999937407400636,0.0,0.0,0.0,6.283185307179586,-0.005000000000000001,-0.01486352630719217,0.3999937407400636,0.0,0.0,0.0,6.283185307179586,-0.005,-0.01486352630719217,0.3999937407400636,0.0,0.0,0.0,6.283185307179586,-0.005000000000000001,-0.01486352630719217,0.3999937407400636,0.0,0.0,0.0,6.283185307179586,-0.005,-0.01486352630719217,0.3999937407400636,0.0,0.0,0.0,6.283185307179586,-0.005
40,solved,0,lti,1,29,29,29,40,-0.02486352630719217,0.4099937407400636,0.0,0.0,0.0,5.759586531581287,-0.004999999999999999,0.6900392192586027,-0.5381365613486047,-0.1,0.0005749797698107662,0.6001654696590333,0.7998756296408734,-0.0002356561749722951,0.02554839878842076,0.7726728216160378,-0.711760295880472,-0.10001955966029369,-0.9917984063917812,-0.12780916603128678,-0.0008591607010180563,3.894141255635425e-05,0.03894141255635425,3.895046063039824e-05,0.03895046063039824,1,1.8144608382923164,0.0831950528570809,,24,0.49098038983988457,0.0030129737352180544,3.0129737352180546,0.0009870262647819457,0.9870262647819458,36.75367959883513,0.01,0.01,0.0001,0.17453292519943295,0.17453292519943295,0.5235987755982988,0.02,solved,1.8144608382923164,0.0831950528570809,-0.02486352630719217,0.4099937407400636,0.0,0.0,0.0,5.759586531581287,-0.004999999999999999,0.7726728216160378,-0.711760295880472,-0.10001955966029369,-0.9917984063917812,-0.12780916603128678,-0.0008591607010180563,0.7726534454399493,-0.711726517227271,-0.1000187201536314,-0.9917946909381649,-0.12783798734194549,-0.0008602437043774454,3.894141255635425e-05,0.03894141255635425,3.895046063039824e-05,0.03895046063039824,-0.02486352630719217,0.4099937407400636,0.0,0.0,0.0,5.759586531581287,-0.004999999999999999,-0.02486352630719217,0.4099937407400636,0.0,0.0,0.0,5.759586531581287,-0.005000000000000002,-0.02486352630719217,0.4099937407400636,0.0,0.0,0.0,5.759586531581287,-0.005000000000000003,-0.02486352630719217,0.4099937407400636,0.0,0.0,0.0,5.759586531581287,-0.004999999999999998,-0.02486352630719217,0.4099937407400636,0.0,0.0,0.0,5.759586531581287,-0.004999999999999998,-0.02486352630719217,0.4099937407400636,0.0,0.0,0.0,5.759586531581287,-0.005,-0.02486352630719217,0.4099937407400636,0.0,0.0,0.0,5.759586531581287,-0.004999999999999999,-0.02486352630719217,0.4099937407400636,0.0,0.0,0.0,5.759586531581287,-0.004999999999999999,-0.02486352630719217,0.4099937407400636,0.0,0.0,0.0,5.759586531581287,-0.005000000000000002,-0.02486352630719217,0.4099937407400636,0.0,0.0,0.0,5.759586531581287,-0.005,-0.02486352630719217,0.4099937407400636,0.0,0.0,0.0,5.759586531581287,-0.005,-0.02486352630719217,0.4099937407400636,0.0,0.0,0.0,5.759586531581287,-0.005
41,solved,0,lti,1,29,29,29,40,-0.03486352630719217,0.4199937407400636,0.0,0.0,0.0,5.235987755982988,-0.004999999999999999,0.6893419487324588,-0.5297366865338033,-0.1,0.000586525071281147,0.6412052196940425,0.7673691941311862,-0.00020524110030123132,0.02544839878842076,0.7727778923195944,-0.7118173393803211,-0.10001949678477157,-0.9915535280220575,-0.12969528144275055,-0.0008573438611615457,4.6337446946813774e-05,0.04633744694681378,4.6347424936126355e-05,0.046347424936126355,1,1.8145120856097248,0.09071439030211681,,24,0.3718881021505672,0.0030107364386091585,3.0107364386091584,0.0009892635613908416,0.9892635613908416,36.844584068988226,0.01,0.01,0.0001,0.17453292519943295,0.17453292519943295,0.5235987755982988,0.02,solved,1.8145120856097248,0.09071439030211681,-0.03486352630719217,0.4199937407400636,0.0,0.0,0.0,5.235987755982988,-0.004999999999999999,0.7727778923195944,-0.7118173393803211,-0.10001949678477157,-0.9915535280220575,-0.12969528144275055,-0.0008573438611615457,0.7727570562458429,-0.7117759507705332,-0.10002045845449714,-0.9915523306086632,-0.12970442889512343,-0.0008583644436347264,4.6337446946813774e-05,0.04633744694681378,4.6347424936126355e-05,0.046347424936126355,-0.03486352630719217,0.4199937407400636,0.0,0.0,0.0,5.235987755982988,-0.004999999999999999,-0.03486352630719217,0.4199937407400636,0.0,0.0,0.0,5.235987755982988,-0.005,-0.03486352630719217,0.4199937407400636,0.0,0.0,0.0,5.235987755982988,-0.004999999999999998,-0.03486352630719217,0.4199937407400636,0.0,0.0,0.0,5.235987755982988,-0.004999999999999999,-0.03486352630719217,0.4199937407400636,0.0,0.0,0.0,5.235987755982988,-0.005000000000000001,-0.03486352630719217,0.4199937407400636,0.0,0.0,0.0,5.235987755982988,-0.005000000000000001,-0.03486352630719217,0.4199937407400636,0.0,0.0,0.0,5.235987755982988,-0.005000000000000001,-0.03486352630719217,0.4199937407400636,0.0,0.0,0.0,5.235987755982988,-0.005000000000000001,-0.03486352630719217,0.4199937407400636,0.0,0.0,0.0,5.235987755982988,-0.005,-0.03486352630719217,0.4199937407400636,0.0,0.0,0.0,5.235987755982988,-0.005000000000000001,-0.03486352630719217,0.4199937407400636,0.0,0.0,0.0,5.235987755982988,-0.005,-0.03486352630719217,0.4199937407400636,0.0,0.0,0.0,5.235987755982988,0.008637269788973796
42,solved,0,lti,1,29,29,29,40,-0.044863526307192175,0.42999374074006363,0.0,0.0,0.0,4.712388980384689,-0.005000000000000001,0.6884446782063149,-0.5211368117190021,-0.1,0.0005955421348890183,0.6766414408445836,0.7363124162990853,-0.0001773841426566791,0.02534839878842076,0.7728832884952118,-0.7118747269125053,-0.1000194223858656,-0.9912623462298004,-0.13190234954431532,-0.0008550623839542449,5.097931296844765e-05,0.05097931296844765,5.09814974868884e-05,0.0509814974868884,1,1.8147047210604454,0.09972733717484564,,24,0.25234733446350466,0.0030086420086415425,3.0086420086415426,0.0009913579913584576,0.9913579913584576,36.95355752758537,0.01,0.01,0.0001,0.17453292519943295,0.17453292519943295,0.5235987755982988,0.02,solved,1.8147047210604454,0.09972733717484564,-0.044863526307192175,0.42999374074006363,0.0,0.0,0.0,4.712388980384689,-0.005000000000000001,0.7728832884952118,-0.7118747269125053,-0.1000194223858656,-0.9912623462298004,-0.13190234954431532,-0.0008550623839542449,0.7728629395981215,-0.7118279849320387,-0.10001895043748847,-0.9912629675339834,-0.13189767392897198,-0.0008560419660855556,5.097931296844765e-05,0.05097931296844765,5.09814974868884e-05,0.0509814974868884,-0.044863526307192175,0.42999374074006363,0.0,0.0,0.0,4.712388980384689,-0.005000000000000001,-0.044863526307192175,0.42999374074006363,0.0,0.0,0.0,4.712388980384689,-0.004999999999999999,-0.044863526307192175,0.42999374074006363,0.0,0.0,0.0,4.712388980384689,-0.004999999999999998,-0.044863526307192175,0.42999374074006363,0.0,0.0,0.0,4.712388980384689,-0.005000000000000002,-0.044863526307192175,0.42999374074006363,0.0,0.0,0.0,4.712388980384689,-0.005000000000000001,-0.044863526307192175,0.42999374074006363,0.0,0.0,0.0,4.712388980384689,-0.005000000000000001,-0.044863526307192175,0.42999374074006363,0.0,0.0,0.0,4.712388980384689,-0.005000000000000003,-0.044863526307192175,0.42999374074006363,0.0,0.0,0.0,4.712388980384689,-0.005,-0.044863526307192175,0.42999374074006363,0.0,0.0,0.0,4.712388980384689,0.005631855014675865,-0.044863526307192175,0.42999374074006363,0.0,0.0,0.0,4.712388980384689,0.015000000000000003,-0.044863526307192175,0.42999374074006363,0.0,0.0,0.0,4.712388980384689,0.023601419747628544,-0.044863526307192175,0.42999374074006363,0.0,0.0,0.0,4.712388980384689,0.020808088067754558
43,solved,0,lti,1,29,29,29,40,-0.05486352630719218,0.43999374074006364,0.0,0.0,0.0,4.18879020478639,-0.005000000000000001,0.6873474076801711,-0.5123369369042008,-0.1,0.000602447820188374,0.7068814751202603,0.7073317425340364,-0.00015228983040404005,0.02524839878842076,0.7729890076389292,-0.7119324263238309,-0.10001933866428565,-0.9909242381250303,-0.13441885132344056,-0.0008524700669253793,5.3603943865277794e-05,0.053603943865277795,5.3604140442341733e-05,0.053604140442341734,1,1.8147097775776717,0.11070160093599889,,24,0.132353860666231,0.0030066867113570676,3.0066867113570677,0.0009933132886429325,0.9933132886429324,37.0811090216393,0.01,0.01,0.0001,0.17453292519943295,0.17453292519943295,0.5235987755982988,0.02,solved,1.8147097775776717,0.11070160093599889,-0.05486352630719218,0.43999374074006364,0.0,0.0,0.0,4.18879020478639,-0.005000000000000001,0.7729890076389292,-0.7119324263238309,-0.10001933866428565,-0.9909242381250303,-0.13441885132344056,-0.0008524700669253793,0.7729703024179604,-0.7118821918983199,-0.10001919349317819,-0.9909261427417235,-0.13440480383697787,-0.0008534263605717491,5.3603943865277794e-05,0.053603943865277795,5.3604140442341733e-05,0.053604140442341734,-0.05486352630719218,0.43999374074006364,0.0,0.0,0.0,4.18879020478639,-0.005000000000000001,-0.05486352630719218,0.43999374074006364,0.0,0.0,0.0,4.18879020478639,-0.005,-0.05486352630719218,0.43999374074006364,0.0,0.0,0.0,4.18879020478639,-0.005000000000000001,-0.05486352630719218,0.43999374074006364,0.0,0.0,0.0,4.18879020478639,-0.005000000000000001,-0.05486352630719218,0.43999374074006364,0.0,0.0,0.0,4.18879020478639,-0.004999999999999999,-0.05486352630719218,0.43999374074006364,0.0,0.0,0.0,4.18879020478639,-0.005000000000000001,-0.05486352630719218,0.43999374074006364,0.0,0.0,0.0,4.18879020478639,0.010161376541677307,-0.05486352630719218,0.43999374074006364,0.0,0.0,0.0,4.18879020478639,0.025443420226607415,-0.05486352630719218,0.43999374074006364,0.0,0.0,0.0,4.18879020478639,0.02711274431561991,-0.05486352630719218,0.43999374074006364,0.0,0.0,0.0,4.18879020478639,0.029271680855304343,-0.05486352630719218,0.43999374074006364,0.0,0.0,0.0,4.18879020478639,0.028139693226219665,-0.05486352630719218,0.43999374074006364,0.0,0.0,0.0,4.18879020478639,0.027769037333308936
44,solved,0,lti,1,29,29,29,40,-0.06486352630719218,0.44999374074006365,0.0,0.0,0.0,3.665191429188091,-0.005000000000000002,0.6860501371540273,-0.5033370620893995,-0.1,0.0006076236766685971,0.7323259874561351,0.680953935270829,-0.00013011162917261077,0.02514839878842076,0.7730947549602357,-0.7119878862900137,-0.10001928155647594,-0.9905677647267905,-0.13702108566692062,-0.0008518021062221972,5.361422548416075e-05,0.05361422548416075,5.36150335098036e-05,0.0536150335098036,1,1.8146382330119326,0.12436159946428246,,24,0.011925695576020447,0.0030048437984692903,3.0048437984692904,0.0009951562015307097,0.9951562015307097,37.22658954729211,0.01,0.01,0.0001,0.17453292519943295,0.17453292519943295,0.5235987755982988,0.02,solved,1.8146382330119326,0.12436159946428246,-0.06486352630719218,0.44999374074006365,0.0,0.0,0.0,3.665191429188091,-0.005000000000000002,0.7730947549602357,-0.7119878862900137,-0.10001928155647594,-0.9905677647267905,-0.13702108566692062,-0.0008518021062221972,0.7730786106204569,-0.7119367605091652,-0.10001957590998947,-0.9905704997934692,-0.1370013058722999,-0.0008527181252438042,5.361422548416075e-05,0.05361422548416075,5.36150335098036e-05,0.0536150335098036,-0.06486352630719218,0.44999374074006365,0.0,0.0,0.0,3.665191429188091,-0.005000000000000002,-0.06486352630719218,0.44999374074006365,0.0,0.0,0.0,3.665191429188091,-0.005,-0.06486352630719218,0.44999374074006365,0.0,0.0,0.0,3.665191429188091,-0.005,-0.06486352630719218,0.44999374074006365,0.0,0.0,0.0,3.665191429188091,-0.005000000000000001,-0.06486352630719218,0.44999374074006365,0.0,0.0,0.0,3.665191429188091,0.009392599748629568,-0.06486352630719218,0.44999374074006365,0.0,0.0,0.0,3.665191429188091,0.02703879989959952,-0.06486352630719218,0.44999374074006365,0.0,0.0,0.0,3.665191429188091,0.031269398887568516,-0.06486352630719218,0.44999374074006365,0.0,0.0,0.0,3.665191429188091,0.03162927921229699,-0.06486352630719218,0.44999374074006365,0.0,0.0,0.0,3.665191429188091,0.03219771018846111,-0.06486352630719218,0.44999374074006365,0.0,0.0,0.0,3.665191429188091,0.03265361432951309,-0.06486352630719218,0.44999374074006365,0.0,0.0,0.0,3.665191429188091,0.03348184612237023,-0.06486352630719218,0.44999374074006365,0.0,0.0,0.0,3.665191429188091,0.03375854774862378
45,solved,0,lti,1,29,29,29,40,-0.07486352630719217,0.45999374074006366,0.0,0.0,0.0,3.1415926535897922,-0.005,0.6845528666278835,-0.49413718727459827,-0.1,0.0006114107561010126,0.7533539087928147,0.6576150104514183,-0.00011096150601989393,0.025048398788420762,0.77320058630494,-0.7120414185691812,-0.10001917777280935,-0.9901797500994852,-0.13979750555798856,-0.00084848847067506,5.2804454318667727e-05,0.052804454318667725,5.280747378471919e-05,0.05280747378471919,1,1.8146355023496288,0.14183232845347707,,23,0.9877534893958444,0.0030029349633927866,3.0029349633927866,0.0009970650366072135,0.9970650366072135,35.56069508698747,0.01,0.01,0.0001,0.17453292519943295,0.17453292519943295,0.5235987755982988,0.02,solved,1.8146355023496288,0.14183232845347707,-0.07486352630719217,0.45999374074006366,0.0,0.0,0.0,3.1415926535897922,-0.005,0.77320058630494,-0.7120414185691812,-0.10001917777280935,-0.9901797500994852,-0.13979750555798856,-0.00084848847067506,0.7731869656874408,-0.711990401031267,-0.10001974247771594,-0.9901830811395829,-0.13977390429533182,-0.0008494133044390726,5.2804454318667727e-05,0.052804454318667725,5.280747378471919e-05,0.05280747378471919,-0.07486352630719217,0.45999374074006366,0.0,0.0,0.0,3.1415926535897922,-0.005,-0.07486352630719217,0.45999374074006366,0.0,0.0,0.0,3.1415926535897922,-0.005,-0.07486352630719217,0.45999374074006366,0.0,0.0,0.0,3.1415926535897922,0.008247610610918582,-0.07486352630719217,0.45999374074006366,0.0,0.0,0.0,3.1415926535897922,0.02427419678459258,-0.07486352630719217,0.45999374074006366,0.0,0.0,0.0,3.1415926535897922,0.0338055114424623,-0.07486352630719217,0.45999374074006366,0.0,0.0,0.0,3.1415926535897922,0.03647820681773876,-0.07486352630719217,0.45999374074006366,0.0,0.0,0.0,3.1415926535897922,0.03701106180695819,-0.07486352630719217,0.45999374074006366,0.0,0.0,0.0,3.1415926535897922,0.037507878684614936,-0.07486352630719217,0.45999374074006366,0.0,0.0,0.0,3.1415926535897922,0.03792904875569974,-0.07486352630719217,0.45999374074006366,0.0,0.0,0.0,3.1415926535897922,0.038553310852519965,-0.07486352630719217,0.45999374074006366,0.0,0.0,0.0,3.1415926535897922,0.038854635783981226,-0.07486352630719217,0.45999374074006366,0.0,0.0,0.0,3.1415926535897922,0.03898444090958899
46,solved,0,lti,1,29,29,29,40,-0.08486352630719217,0.46999374074006367,0.0,0.0,0.0,2.6179938779914935,-0.005,0.6828555961017396,-0.484737312459797,-0.1,0.0006141058745124676,0.7703101073587734,0.6376691558836344,-9.491861452577251e-05,0.024948398788420763,0.7733066645361918,-0.7120949164767524,-0.10001906784287252,-0.9897531927580322,-0.14278621572887887,-0.0008449988802378763,4.951923860519939e-05,0.04951923860519939,4.951967143204725e-05,0.049519671432047246,1,1.8145831223875746,0.16492459283881947,,23,0.8691568173247933,0.0030011678505197435,3.0011678505197437,0.0009988321494802566,0.9988321494802566,35.72131822398577,0.01,0.01,0.0001,0.17453292519943295,0.17453292519943295,0.5235987755982988,0.02,solved,1.8145831223875746,0.16492459283881947,-0.08486352630719217,0.46999374074006367,0.0,0.0,0.0,2.6179938779914935,-0.005,0.7733066645361918,-0.7120949164767524,-0.10001906784287252,-0.9897531927580322,-0.14278621572887887,-0.0008449988802378763,0.7732957847203689,-0.7120466072167736,-0.10001886080012513,-0.9897569648767444,-0.14276006070118546,-0.0008458998576391496,4.951923860519939e-05,0.04951923860519939,4.951967143204725e-05,0.049519671432047246,-0.08486352630719217,0.46999374074006367,0.0,0.0,0.0,2.6179938779914935,-0.005,-0.08486352630719217,0.46999374074006367,0.0,0.0,0.0,2.6179938779914935,0.023184417964935516,-0.08486352630719217,0.46999374074006367,0.0,0.0,0.0,2.6179938779914935,0.03390337648841371,-0.08486352630719217,0.46999374074006367,0.0,0.0,0.0,2.6179938779914935,0.03849518161298928,-0.08486352630719217,0.46999374074006367,0.0,0.0,0.0,2.6179938779914935,0.04012264550867666,-0.08486352630719217,0.46999374074006367,0.0,0.0,0.0,2.6179938779914935,0.04064729814129136,-0.08486352630719217,0.46999374074006367,0.0,0.0,0.0,2.6179938779914935,0.04113187258629876,-0.08486352630719217,0.46999374074006367,0.0,0.0,0.0,2.6179938779914935,0.041561162150266305,-0.08486352630719217,0.46999374074006367,0.0,0.0,0.0,2.6179938779914935,0.042073032620541746,-0.08486352630719217,0.46999374074006367,0.0,0.0,0.0,2.6179938779914935,0.042412569499660775,-0.08486352630719217,0.46999374074006367,0.0,0.0,0.0,2.6179938779914935,0.04265129962006361,-0.08486352630719217,0.46999374074006367,0.0,0.0,0.0,2.6179938779914935,0.04280924435130511
47,solved,0,lti,1,29,29,29,40,-0.09486352630719216,0.4799937407400637,0.0,0.0,0.0,2.094395102393195,0.027061555940695748,0.6809583255755958,-0.4751374376449957,-0.1,0.0006159590164261378,0.7834955008319169,0.6213971467914665,-8.203693422818603e-05,0.025489629907234676,0.7727304815107332,-0.7117794810489069,-0.10001918485211989,-0.9928110894052716,-0.11968900474333066,-0.0008263761061708272,3.874713192177263e-05,0.038747131921772635,3.8747293845067006e-05,0.038747293845067005,1,1.8144846564015251,0.19680530082348005,,23,0.7503574728510373,0.0029992555867915387,2.9992555867915387,0.0010007444132084614,1.0007444132084613,35.89429402771387,0.01,0.01,0.0001,0.17453292519943295,0.17453292519943295,0.5235987755982988,0.02,solved,1.8144846564015251,0.19680530082348005,-0.09486352630719216,0.4799937407400637,0.0,0.0,0.0,2.094395102393195,0.027061555940695748,0.7727304815107332,-0.7117794810489069,-0.10001918485211989,-0.9928110894052716,-0.11968900474333066,-0.0008263761061708272,0.7727326331159895,-0.7118181683960243,-0.10001929687065726,-0.9924213838107347,-0.1228784378647351,-0.0008285306926579278,3.874713192177263e-05,0.038747131921772635,3.8747293845067006e-05,0.038747293845067005,-0.09486352630719216,0.4799937407400637,0.0,0.0,0.0,2.094395102393195,0.027061555940695748,-0.09486352630719216,0.4799937407400637,0.0,0.0,0.0,2.094395102393195,0.038904293611007314,-0.09486352630719216,0.4799937407400637,0.0,0.0,0.0,2.094395102393195,0.041113857056568684,-0.09486352630719216,0.4799937407400637,0.0,0.0,0.0,2.094395102393195,0.04210814658771178,-0.09486352630719216,0.4799937407400637,0.0,0.0,0.0,2.094395102393195,0.04265552003499718,-0.09486352630719216,0.4799937407400637,0.0,0.0,0.0,2.094395102393195,0.04315769965863143,-0.09486352630719216,0.4799937407400637,0.0,0.0,0.0,2.094395102393195,0.04361167447648494,-0.09486352630719216,0.4799937407400637,0.0,0.0,0.0,2.094395102393195,0.0440775148619176,-0.09486352630719216,0.4799937407400637,0.0,0.0,0.0,2.094395102393195,0.04445175862909582,-0.09486352630719216,0.4799937407400637,0.0,0.0,0.0,2.094395102393195,0.04476413418221192,-0.09486352630719216,0.4799937407400637,0.0,0.0,0.0,2.094395102393195,0.04502394432114267,-0.09486352630719216,0.4799937407400637,0.0,0.0,0.0,2.094395102393195,0.04519814264123776
48,solved,0,lti,1,29,29,29,40,-0.10486352630719216,0.4899937407400637,0.0,0.0,0.0,1.5707963267948961,0.025218972558488296,0.6788610550494519,-0.46533756283019445,-0.1,0.0006171716072480936,0.7931593250976627,0.6090138741236129,-7.235174981311582e-05,0.025994009358404443,0.7721988115799576,-0.7114783734408779,-0.10001930339283639,-0.9951303055071442,-0.0985647941978072,-0.0008101888680838193,0.0003289646053633266,0.32896460536332656,0.00032896466539092796,0.32896466539092795,1,1.8145154805740367,0.24349178510620392,,24,0.31225517350101284,0.002999039200312994,2.999039200312994,0.0010009607996870062,1.0009607996870062,36.37572757139613,0.01,0.01,0.0001,0.17453292519943295,0.17453292519943295,0.5235987755982988,0.02,solved,1.8145154805740367,0.24349178510620392,-0.10486352630719216,0.4899937407400637,0.0,0.0,0.0,1.5707963267948961,0.025218972558488296,0.7721988115799576,-0.7114783734408779,-0.10001930339283639,-0.9951303055071442,-0.0985647941978072,-0.0008101888680838193,0.7721613398140179,-0.7111515499742492,-0.1000191046620738,-0.9961440042133417,-0.08772953630917386,-0.0008070494327938142,0.0003289646053633266,0.32896460536332656,0.00032896466539092796,0.32896466539092795,-0.10486352630719216,0.4899937407400637,0.0,0.0,0.0,1.5707963267948961,0.025218972558488296,-0.10486352630719216,0.4899937407400637,0.0,0.0,0.0,1.5707963267948961,0.04217978067487069,-0.10486352630719216,0.4899937407400637,0.0,0.0,0.0,1.5707963267948961,0.042947595538958064,-0.10486352630719216,0.4899937407400637,0.0,0.0,0.0,1.5707963267948961,0.043525841908744145,-0.10486352630719216,0.4899937407400637,0.0,0.0,0.0,1.5707963267948961,0.04405374189522985,-0.10486352630719216,0.4899937407400637,0.0,0.0,0.0,1.5707963267948961,0.0445339366324696,-0.10486352630719216,0.4899937407400637,0.0,0.0,0.0,1.5707963267948961,0.04499235723534142,-0.10486352630719216,0.4899937407400637,0.0,0.0,0.0,1.5707963267948961,0.04539289290362382,-0.10486352630719216,0.4899937407400637,0.0,0.0,0.0,1.5707963267948961,0.045748283469572854,-0.10486352630719216,0.4899937407400637,0.0,0.0,0.0,1.5707963267948961,0.046063781557736605,-0.10486352630719216,0.4899937407400637,0.0,0.0,0.0,1.5707963267948961,0.04632768567843961,-0.10486352630719216,0.4899937407400637,0.0,0.0,0.0,1.5707963267948961,0.04650481703217952
49,solved,0,lti,1,29,29,29,40,-0.11486352630719215,0.4999937407400637,0.0,0.0,0.0,1.0471975511965974,0.022179780674870673,0.6765637845233081,-0.4553376880153932,-0.1,0.0006178954192417559,0.7994932974822386,0.6006746882842728,-6.588489488698879e-05,0.026437604971901858,0.7717356816374965,-0.7112120129198463,-0.10001939026800365,-0.9967509960053711,-0.08054079364500984,-0.0007953120975424201,0.0004415137074765598,0.4415137074765598,0.0004415137398191644,0.4415137398191644,1,1.8145779740745094,0.3175849546470693,,24,0.9232816331060891,0.002998791797766847,2.998791797766847,0.001001208202233153,1.001208202233153,35.15810387246928,0.01,0.01,0.0001,0.17453292519943295,0.17453292519943295,0.5235987755982988,0.02,solved,1.8145779740745094,0.3175849546470693,-0.11486352630719215,0.4999937407400637,0.0,0.0,0.0,1.0471975511965974,0.022179780674870673,0.7717356816374965,-0.7112120129198463,-0.10001939026800365,-0.9967509960053711,-0.08054079364500984,-0.0007953120975424201,0.771693929822791,-0.710772477779205,-0.10001922127271494,-0.9978623023429092,-0.06534675329215468,-0.000792084012331418,0.0004415137074765598,0.4415137074765598,0.0004415137398191644,0.4415137398191644,-0.11486352630719215,0.4999937407400637,0.0,0.0,0.0,1.0471975511965974,0.022179780674870673,-0.11486352630719215,0.4999937407400637,0.0,0.0,0.0,1.0471975511965974,0.03804467609547613,-0.11486352630719215,0.4999937407400637,0.0,0.0,0.0,1.0471975511965974,0.04364749261602017,-0.11486352630719215,0.4999937407400637,0.0,0.0,0.0,1.0471975511965974,0.0442118593978162,-0.11486352630719215,0.4999937407400637,0.0,0.0,0.0,1.0471975511965974,0.04472524856321747,-0.11486352630719215,0.4999937407400637,0.0,0.0,0.0,1.0471975511965974,0.04520042641863942,-0.11486352630719215,0.4999937407400637,0.0,0.0,0.0,1.0471975511965974,0.04562860724563672,-0.11486352630719215,0.4999937407400637,0.0,0.0,0.0,1.0471975511965974,0.046016677399493916,-0.11486352630719215,0.4999937407400637,0.0,0.0,0.0,1.0471975511965974,0.046368809256635064,-0.11486352630719215,0.4999937407400637,0.0,0.0,0.0,1.0471975511965974,0.046682780681054824,-0.11486352630719215,0.4999937407400637,0.0,0.0,0.0,1.0471975511965974,0.04694718165310196,-0.11486352630719215,0.4999937407400637,0.0,0.0,0.0,1.0471975511965974,0.04712897276902649
50,solved,0,lti,1,29,29,29,40,-0.12486352630719215,0.5099937407400637,0.0,0.0,0.0,0.5235987755982986,0.018044676095476143,0.6740665139971643,-0.4451378132005919,-0.1,0.000618231920210898,0.8026274491682385,0.5964803363951895,-6.26487136864017e-05,0.02679849849381138,0.771361961574914,-0.7109963095072265,-0.10001944381416983,-0.9977968996068692,-0.06633803534237297,-0.0007824332774102271,0.00042306464312955055,0.42306464312955055,0.00042306474327519287,0.4230647432751929,1,1.8146068503080073,0.4488762877240294,,25,0.4336628706454293,0.002998583242753948,2.998583242753948,0.001001416757246052,1.0014167572460522,34.57759693533762,0.01,0.01,0.0001,0.17453292519943295,0.17453292519943295,0.5235987755982988,0.02,solved,1.8146068503080073,0.4488762877240294,-0.12486352630719215,0.5099937407400637,0.0,0.0,0.0,0.5235987755982986,0.018044676095476143,0.771361961574914,-0.7109963095072265,-0.10001944381416983,-0.9977968996068692,-0.06633803534237297,-0.0007824332774102271,0.7713275885097824,-0.7105746435438623,-0.10001915271938988,-0.9986662424794837,-0.05162487671705288,-0.0007798947738411379,0.00042306464312955055,0.42306464312955055,0.00042306474327519287,0.4230647432751929,-0.12486352630719215,0.5099937407400637,0.0,0.0,0.0,0.5235987755982986,0.018044676095476143,-0.12486352630719215,0.5099937407400637,0.0,0.0,0.0,0.5235987755982986,0.032263498594423574,-0.12486352630719215,0.5099937407400637,0.0,0.0,0.0,0.5235987755982986,0.04394309598974481,-0.12486352630719215,0.5099937407400637,0.0,0.0,0.0,0.5235987755982986,0.04449598336056914,-0.12486352630719215,0.5099937407400637,0.0,0.0,0.0,0.5235987755982986,0.045001402637442005,-0.12486352630719215,0.5099937407400637,0.0,0.0,0.0,0.5235987755982986,0.0454608103560354,-0.12486352630719215,0.5099937407400637,0.0,0.0,0.0,0.5235987755982986,0.04587965037954436,-0.12486352630719215,0.5099937407400637,0.0,0.0,0.0,0.5235987755982986,0.04626215695947922,-0.12486352630719215,0.5099937407400637,0.0,0.0,0.0,0.5235987755982986,0.04661010759034193,-0.12486352630719215,0.5099937407400637,0.0,0.0,0.0,0.5235987755982986,0.046921773334834604,-0.12486352630719215,0.5099937407400637,0.0,0.0,0.0,0.5235987755982986,0.04718755396678326,-0.12486352630719215,0.5099937407400637,0.0,0.0,0.0,0.5235987755982986,0.04737411764989016
51,solved,0,lti,1,29,29,29,40,-0.13486352630719214,0.5199937407400637,0.0,0.0,0.0,-2.220446051431456e-16,0.01226349859442357,0.6713692434710204,-0.43473793838579067,-0.1,0.000618231920210898,0.8026274491682385,0.5964803363951895,-6.26487136864017e-05,0.027043768465699853,0.7711094649865529,-0.7108503605409187,-0.10001943888479622,-0.9983814708439821,-0.0568668955233673,-0.0007712774737456272,0.00040613014571116155,0.40613014571116157,0.00040613016722963865,0.40613016722963863,1,1.8146323838802838,0.705145872345677,,25,0.8651655312373172,0.002998321743738919,2.998321743738919,0.0010016782562610811,1.001678256261081,33.76162825525436,0.01,0.01,0.0001,0.17453292519943295,0.17453292519943295,0.5235987755982988,0.02,solved,1.8146323838802838,0.705145872345677,-0.13486352630719214,0.5199937407400637,0.0,0.0,0.0,-2.220446051431456e-16,0.01226349859442357,0.7711094649865529,-0.7108503605409187,-0.10001943888479622,-0.9983814708439821,-0.0568668955233673,-0.0007712774737456272,0.7710807509529829,-0.7104452467303277,-0.10001930667812108,-0.999097346253448,-0.04247235675760902,-0.000769168884071996,0.00040613014571116155,0.40613014571116157,0.00040613016722963865,0.40613016722963863,-0.13486352630719214,0.5199937407400637,0.0,0.0,0.0,-2.220446051431456e-16,0.01226349859442357,-0.13486352630719214,0.5199937407400637,0.0,0.0,0.0,-2.220446051426304e-16,0.029056425133216136,-0.13486352630719214,0.5199937407400637,0.0,0.0,0.0,-2.220446053311052e-16,0.044046558873817254,-0.13486352630719214,0.5199937407400637,0.0,0.0,0.0,-2.220445993862855e-16,0.044589883188024315,-0.13486352630719214,0.5199937407400637,0.0,0.0,0.0,-2.2204460517605705e-16,0.04508421857546247,-0.13486352630719214,0.5199937407400637,0.0,0.0,0.0,-2.220446024106904e-16,0.04553512426665565,-0.13486352630719214,0.5199937407400637,0.0,0.0,0.0,-2.220446059565678e-16,0.04594727570337244,-0.13486352630719214,0.5199937407400637,0.0,0.0,0.0,-2.2204460340682745e-16,0.04632417565491028,-0.13486352630719214,0.5199937407400637,0.0,0.0,0.0,-2.2204460673511225e-16,0.04666784057521761,-0.13486352630719214,0.5199937407400637,0.0,0.0,0.0,-2.2204460633430873e-16,0.04697744023049578,-0.13486352630719214,0.5199937407400637,0.0,0.0,0.0,-2.2204460465143157e-16,0.047244226511013857,-0.13486352630719214,0.5199937407400637,0.0,0.0,0.0,-2.22044605390964e-16,0.04743496620617452
52,solved,0,lti,1,29,29,29,40,-0.14486352630719215,0.5299937407400637,0.0,0.0,0.0,-0.523598775598299,0.009056425133216136,0.6684719729448766,-0.4241380635709894,-0.1,0.0006178954192417559,0.7994932974822386,0.6006746882842728,-6.58848948869888e-05,0.027224896968364175,0.770923745440371,-0.7107428930864336,-0.10001940440200494,-0.9987506170215084,-0.04996624322349809,-0.000761273463642792,0.0003899855107334225,0.38998551073342247,0.0003899855465323476,0.3899855465323476,1,1.8146489751430666,0.9717446731803278,,26,0.15651667286293117,0.002997975549661587,2.997975549661587,0.001002024450338413,1.002024450338413,33.223509222196036,0.01,0.01,0.0001,0.17453292519943295,0.17453292519943295,0.5235987755982988,0.02,solved,1.8146489751430666,0.9717446731803278,-0.14486352630719215,0.5299937407400637,0.0,0.0,0.0,-0.523598775598299,0.009056425133216136,0.770923745440371,-0.7107428930864336,-0.10001940440200494,-0.9987506170215084,-0.04996624322349809,-0.000761273463642792,0.7708996410639296,-0.7103536532148654,-0.10001923730285626,-0.9993585335248101,-0.035804254393086585,-0.0007594988453537933,0.0003899855107334225,0.38998551073342247,0.0003899855465323476,0.3899855465323476,-0.14486352630719215,0.5299937407400637,0.0,0.0,0.0,-0.523598775598299,0.009056425133216136,-0.14486352630719215,0.5299937407400637,0.0,0.0,0.0,-0.523598775598299,0.02727257050528422,-0.14486352630719215,0.5299937407400637,0.0,0.0,0.0,-0.523598775598299,0.044067139731231185,-0.14486352630719215,0.5299937407400637,0.0,0.0,0.0,-0.523598775598299,0.044600483906795885,-0.14486352630719215,0.5299937407400637,0.0,0.0,0.0,-0.523598775598299,0.045086327821872024,-0.14486352630719215,0.5299937407400637,0.0,0.0,0.0,-0.523598775598299,0.045529964360803386,-0.14486352630719215,0.5299937407400637,0.0,0.0,0.0,-0.523598775598299,0.0459358021649553,-0.14486352630719215,0.5299937407400637,0.0,0.0,0.0,-0.523598775598299,0.04630737730533545,-0.14486352630719215,0.5299937407400637,0.0,0.0,0.0,-0.523598775598299,0.04664701993698293,-0.14486352630719215,0.5299937407400637,0.0,0.0,0.0,-0.523598775598299,0.04695441177834947,-0.14486352630719215,0.5299937407400637,0.0,0.0,0.0,-0.523598775598299,0.04722169172350978,-0.14486352630719215,0.5299937407400637,0.0,0.0,0.0,-0.523598775598299,0.04741613289131153
53,solved,0,lti,1,29,29,29,40,-0.15486352630719216,0.5399937407400637,0.0,0.0,0.0,-1.0471975511965979,0.007272570505284219,0.6653747024187328,-0.4133381887561881,-0.1,0.0006171716072480936,0.7931593250976627,0.609013874123613,-7.235174981311584e-05,0.02737034837846986,0.7707750562564832,-0.7106568137632973,-0.10001935772044117,-0.999009324614325,-0.04449498333205318,-0.0007521914054797998,0.00037558250927376114,0.37558250927376113,0.00037558256690443665,0.37558256690443664,1,1.814662866193512,0.689007582833421,,26,0.3710880024033964,0.002997629022609539,2.997629022609539,0.001002370977390461,1.002370977390461,32.82756483591611,0.01,0.01,0.0001,0.17453292519943295,0.17453292519943295,0.5235987755982988,0.02,solved,1.814662866193512,0.689007582833421,-0.15486352630719216,0.5399937407400637,0.0,0.0,0.0,-1.0471975511965979,0.007272570505284219,0.7707750562564832,-0.7106568137632973,-0.10001935772044117,-0.999009324614325,-0.04449498333205318,-0.0007521914054797998,0.7707546385526274,-0.7102817866460889,-0.10001914965758833,-0.9995339399623676,-0.030517851854235493,-0.0007507206595837881,0.00037558250927376114,0.37558250927376113,0.00037558256690443665,0.37558256690443664,-0.15486352630719216,0.5399937407400637,0.0,0.0,0.0,-1.0471975511965979,0.007272570505284219,-0.15486352630719216,0.5399937407400637,0.0,0.0,0.0,-1.0471975511965979,0.025855537354946886,-0.15486352630719216,0.5399937407400637,0.0,0.0,0.0,-1.0471975511965979,0.04406352951721988,-0.15486352630719216,0.5399937407400637,0.0,0.0,0.0,-1.0471975511965979,0.04458809477227687,-0.15486352630719216,0.5399937407400637,0.0,0.0,0.0,-1.0471975511965979,0.045066256811085524,-0.15486352630719216,0.5399937407400637,0.0,0.0,0.0,-1.0471975511965979,0.045503149655541045,-0.15486352630719216,0.5399937407400637,0.0,0.0,0.0,-1.0471975511965979,0.0459031113378312,-0.15486352630719216,0.5399937407400637,0.0,0.0,0.0,-1.0471975511965979,0.04626971506143494,-0.15486352630719216,0.5399937407400637,0.0,0.0,0.0,-1.0471975511965979,0.04660544957956017,-0.15486352630719216,0.5399937407400637,0.0,0.0,0.0,-1.0471975511965979,0.046910431727268005,-0.15486352630719216,0.5399937407400637,0.0,0.0,0.0,-1.0471975511965979,0.047177657787046634,-0.15486352630719216,0.5399937407400637,0.0,0.0,0.0,-1.0471975511965979,0.047374934643476176
54,solved,0,lti,1,29,29,29,40,-0.16486352630719217,0.5499937407400637,0.0,0.0,0.0,-1.5707963267948966,0.005855537354946885,0.6620774318925889,-0.40233831394138686,-0.1,0.0006159590164261378,0.7834955008319168,0.6213971467914666,-8.203693422818605e-05,0.027487459125568797,0.7706556221469549,-0.7105876343629569,-0.10001930356276453,-0.9991941256278799,-0.0401316064865647,-0.0007439566815754812,0.00036278142022442173,0.3627814202244217,0.0003627814298221302,0.3627814298221302,1,1.8146742977829458,0.4405065881801371,,26,0.5428960461839765,0.0029973172254665163,2.9973172254665164,0.0010026827745334838,1.0026827745334836,32.51373434816504,0.01,0.01,0.0001,0.17453292519943295,0.17453292519943295,0.5235987755982988,0.02,solved,1.8146742977829458,0.4405065881801371,-0.16486352630719217,0.5499937407400637,0.0,0.0,0.0,-1.5707963267948966,0.005855537354946885,0.7706556221469549,-0.7105876343629569,-0.10001930356276453,-0.9991941256278799,-0.0401316064865647,-0.0007439566815754812,0.7706381448097431,-0.7102252741808949,-0.10001922011373376,-0.99965374948317,-0.026302651433341498,-0.0007427461313848293,0.00036278142022442173,0.3627814202244217,0.0003627814298221302,0.3627814298221302,-0.16486352630719217,0.5499937407400637,0.0,0.0,0.0,-1.5707963267948966,0.005855537354946885,-0.16486352630719217,0.5499937407400637,0.0,0.0,0.0,-1.5707963267948966,0.024745923859411555,-0.16486352630719217,0.5499937407400637,0.0,0.0,0.0,-1.5707963267948966,0.044054424765176875,-0.16486352630719217,0.5499937407400637,0.0,0.0,0.0,-1.5707963267948966,0.044571510890532254,-0.16486352630719217,0.5499937407400637,0.0,0.0,0.0,-1.5707963267948966,0.04504307702406063,-0.16486352630719217,0.5499937407400637,0.0,0.0,0.0,-1.5707963267948966,0.04547416146964883,-0.16486352630719217,0.5499937407400637,0.0,0.0,0.0,-1.5707963267948966,0.04586904360893762,-0.16486352630719217,0.5499937407400637,0.0,0.0,0.0,-1.5707963267948966,0.046231292741552736,-0.16486352630719217,0.5499937407400637,0.0,0.0,0.0,-1.5707963267948966,0.046563513099655084,-0.16486352630719217,0.5499937407400637,0.0,0.0,0.0,-1.5707963267948966,0.046866184686585315,-0.16486352630719217,0.5499937407400637,0.0,0.0,0.0,-1.5707963267948966,0.0471330377252499,-0.16486352630719217,0.5499937407400637,0.0,0.0,0.0,-1.5707963267948966,0.0473325777079557
55,solved,0,lti,1,29,29,29,40,-0.17486352630719218,0.5599937407400637,0.0,0.0,0.0,-2.0943951023931953,0.004745923859411556,0.6585801613664451,-0.3911384391265856,-0.1,0.0006141058745124676,0.7703101073587733,0.6376691558836344,-9.491861452577254e-05,0.02758237760275703,0.7705590023677928,-0.7105316336407572,-0.10001924463143076,-0.9993290344676832,-0.036618827501857625,-0.0007364389162324281,0.0003514999048219197,0.35149990482191973,0.0003514999110784429,0.3514999110784429,1,1.8146817343647288,0.31311436806052223,,26,0.6809185051851762,0.002997035181092459,2.997035181092459,0.001002964818907541,1.002964818907541,32.26350716392707,0.01,0.01,0.0001,0.17453292519943295,0.17453292519943295,0.5235987755982988,0.02,solved,1.8146817343647288,0.31311436806052223,-0.17486352630719218,0.5599937407400637,0.0,0.0,0.0,-2.0943951023931953,0.004745923859411556,0.7705590023677928,-0.7105316336407572,-0.10001924463143076,-0.9993290344676832,-0.036618827501857625,-0.0007364389162324281,0.7705438788762055,-0.7101804592352376,-0.1000191783114891,-0.9997372610519155,-0.02290999636734819,-0.0007354800214350875,0.0003514999048219197,0.35149990482191973,0.0003514999110784429,0.3514999110784429,-0.17486352630719218,0.5599937407400637,0.0,0.0,0.0,-2.0943951023931953,0.004745923859411556,-0.17486352630719218,0.5599937407400637,0.0,0.0,0.0,-2.0943951023931953,0.024054424765176875,-0.17486352630719218,0.5599937407400637,0.0,0.0,0.0,-2.0943951023931953,0.043867889131016434,-0.17486352630719218,0.5599937407400637,0.0,0.0,0.0,-2.0943951023931953,0.044556779841269135,-0.17486352630719218,0.5599937407400637,0.0,0.0,0.0,-2.0943951023931953,0.04502291067938731,-0.17486352630719218,0.5599937407400637,0.0,0.0,0.0,-2.0943951023931953,0.04544919660676117,-0.17486352630719218,0.5599937407400637,0.0,0.0,0.0,-2.0943951023931953,0.04583986031578767,-0.17486352630719218,0.5599937407400637,0.0,0.0,0.0,-2.0943951023931953,0.04619845856650421,-0.17486352630719218,0.5599937407400637,0.0,0.0,0.0,-2.0943951023931953,0.046527679867584174,-0.17486352630719218,0.5599937407400637,0.0,0.0,0.0,-2.0943951023931953,0.04682828838595259,-0.17486352630719218,0.5599937407400637,0.0,0.0,0.0,-2.0943951023931953,0.047094674368078855,-0.17486352630719218,0.5599937407400637,0.0,0.0,0.0,-2.0943951023931953,0.04729606208049193
56,solved,0,lti,1,29,29,29,40,-0.1848635263071922,0.5699937407400637,0.0,0.0,0.0,-2.617993877991494,0.004054424765176875,0.6548828908403013,-0.3797385643117843,-0.1,0.0006114107561010126,0.7533539087928146,0.6576150104514185,-0.00011096150601989395,0.027663466098060568,0.7704765881044154,-0.7104838470402445,-0.10001918512094878,-0.9994338206168187,-0.03363786573488564,-0.0007295176970455271,0.0003414110311539875,0.3414110311539875,0.0003414110429469932,0.3414110429469932,1,1.8146820709423037,0.24080069440728072,,26,0.792593846873161,0.002996775830133065,2.996775830133065,0.0010032241698669352,1.0032241698669353,32.0620912675186,0.01,0.01,0.0001,0.17453292519943295,0.17453292519943295,0.5235987755982988,0.02,solved,1.8146820709423037,0.24080069440728072,-0.1848635263071922,0.5699937407400637,0.0,0.0,0.0,-2.617993877991494,0.004054424765176875,0.7704765881044154,-0.7104838470402445,-0.10001918512094878,-0.9994338206168187,-0.03363786573488564,-0.0007295176970455271,0.7704634050350971,-0.7101426906261512,-0.1000190953850886,-0.9997990812922344,-0.020031622478965613,-0.0007287990562510758,0.0003414110311539875,0.3414110311539875,0.0003414110429469932,0.3414110429469932,-0.1848635263071922,0.5699937407400637,0.0,0.0,0.0,-2.617993877991494,0.004054424765176875,-0.1848635263071922,0.5699937407400637,0.0,0.0,0.0,-2.617993877991494,0.02386788913101643,-0.1848635263071922,0.5699937407400637,0.0,0.0,0.0,-2.617993877991494,0.04322838631948322,-0.1848635263071922,0.5699937407400637,0.0,0.0,0.0,-2.617993877991494,0.0445444945827068,-0.1848635263071922,0.5699937407400637,0.0,0.0,0.0,-2.617993877991494,0.04500622655109916,-0.1848635263071922,0.5699937407400637,0.0,0.0,0.0,-2.617993877991494,0.04542862190922389,-0.1848635263071922,0.5699937407400637,0.0,0.0,0.0,-2.617993877991494,0.045815853239193516,-0.1848635263071922,0.5699937407400637,0.0,0.0,0.0,-2.617993877991494,0.046171461748779404,-0.1848635263071922,0.5699937407400637,0.0,0.0,0.0,-2.617993877991494,0.04649819427570895,-0.1848635263071922,0.5699937407400637,0.0,0.0,0.0,-2.617993877991494,0.046797047546530204,-0.1848635263071922,0.5699937407400637,0.0,0.0,0.0,-2.617993877991494,0.04706298599374289,-0.1848635263071922,0.5699937407400637,0.0,0.0,0.0,-2.617993877991494,0.04726596728902847
57,solved,0,lti,1,29,29,29,40,-0.1948635263071922,0.5799937407400637,0.0,0.0,0.0,-3.1415926535897927,0.003867889131016429,0.6509856203141574,-0.36813868949698303,-0.1,0.0006076236766685971,0.7323259874561349,0.6809539352708293,-0.0001301116291726108,0.027740823880680898,0.770398075468469,-0.7104383398377968,-0.10001913000713639,-0.9995245902538311,-0.03082321627083955,-0.0007230606006804576,0.00033240990893026534,0.33240990893026534,0.0003324099152585577,0.33240991525855773,1,1.8146824828626733,0.1950265046516776,,26,0.8878598033989887,0.0029965378182887203,2.9965378182887203,0.0010034621817112798,1.0034621817112799,31.891189069364394,0.01,0.01,0.0001,0.17453292519943295,0.17453292519943295,0.5235987755982988,0.02,solved,1.8146824828626733,0.1950265046516776,-0.1948635263071922,0.5799937407400637,0.0,0.0,0.0,-3.1415926535897927,0.003867889131016429,0.770398075468469,-0.7104383398377968,-0.10001913000713639,-0.9995245902538311,-0.03082321627083955,-0.0007230606006804576,0.7703865532341203,-0.7101061296849257,-0.1000190651444027,-0.9998498415188705,-0.017313933900795643,-0.0007225701133641469,0.00033240990893026534,0.33240990893026534,0.0003324099152585577,0.33240991525855773,-0.1948635263071922,0.5799937407400637,0.0,0.0,0.0,-3.1415926535897927,0.003867889131016429,-0.1948635263071922,0.5799937407400637,0.0,0.0,0.0,-3.1415926535897927,0.02322838631948323,-0.1948635263071922,0.5799937407400637,0.0,0.0,0.0,-3.1415926535897927,0.04272677903309125,-0.1948635263071922,0.5799937407400637,0.0,0.0,0.0,-3.1415926535897927,0.044535335980371196,-0.1948635263071922,0.5799937407400637,0.0,0.0,0.0,-3.1415926535897927,0.04499346562015682,-0.1948635263071922,0.5799937407400637,0.0,0.0,0.0,-3.1415926535897927,0.045412673667825525,-0.1948635263071922,0.5799937407400637,0.0,0.0,0.0,-3.1415926535897927,0.045797088400480995,-0.1948635263071922,0.5799937407400637,0.0,0.0,0.0,-3.1415926535897927,0.046150232830732066,-0.1948635263071922,0.5799937407400637,0.0,0.0,0.0,-3.1415926535897927,0.04647489500153811,-0.1948635263071922,0.5799937407400637,0.0,0.0,0.0,-3.1415926535897927,0.04677225878583516,-0.1948635263071922,0.5799937407400637,0.0,0.0,0.0,-3.1415926535897927,0.04703779033375039,-0.1948635263071922,0.5799937407400637,0.0,0.0,0.0,-3.1415926535897927,0.0472421385394072
58,solved,0,lti,1,29,29,29,40,-0.2048635263071922,0.5899937407400637,0.0,0.0,0.0,-3.6651914291880914,0.0032283863194832317,0.6468883497880136,-0.35633881468218176,-0.1,0.000602447820188374,0.7068814751202601,0.7073317425340366,-0.00015228983040404008,0.027805391607070563,0.7703326220619269,-0.7104003491029708,-0.1000190715131701,-0.9995942759074495,-0.0284740151603359,-0.0007169614430285366,0.00032419850114686553,0.32419850114686555,0.0003241985083970095,0.3241985083970095,1,1.8146828414038183,0.1636568344626754,,26,0.978607171827282,0.0029963258955243276,2.9963258955243277,0.0010036741044756724,1.0036741044756725,31.729837655431982,0.01,0.01,0.0001,0.17453292519943295,0.17453292519943295,0.5235987755982988,0.02,solved,1.8146828414038183,0.1636568344626754,-0.2048635263071922,0.5899937407400637,0.0,0.0,0.0,-3.6651914291880914,0.0032283863194832317,0.7703326220619269,-0.7104003491029708,-0.1000190715131701,-0.9995942759074495,-0.0284740151603359,-0.0007169614430285366,0.7703224948573016,-0.7100763088155491,-0.10001900294953796,-0.9998865414727415,-0.015046279531089576,-0.0007166965549946452,0.00032419850114686553,0.32419850114686555,0.0003241985083970095,0.3241985083970095,-0.2048635263071922,0.5899937407400637,0.0,0.0,0.0,-3.6651914291880914,0.0032283863194832317,-0.2048635263071922,0.5899937407400637,0.0,0.0,0.0,-3.6651914291880914,0.02272677903309124,-0.2048635263071922,0.5899937407400637,0.0,0.0,0.0,-3.6651914291880914,0.04238164314154687,-0.2048635263071922,0.5899937407400637,0.0,0.0,0.0,-3.6651914291880914,0.04452826996222054,-0.2048635263071922,0.5899937407400637,0.0,0.0,0.0,-3.6651914291880914,0.044983437314293356,-0.2048635263071922,0.5899937407400637,0.0,0.0,0.0,-3.6651914291880914,0.04540002499310165,-0.2048635263071922,0.5899937407400637,0.0,0.0,0.0,-3.6651914291880914,0.04578212265894973,-0.2048635263071922,0.5899937407400637,0.0,0.0,0.0,-3.6651914291880914,0.04613323463810887,-0.2048635263071922,0.5899937407400637,0.0,0.0,0.0,-3.6651914291880914,0.04645617836629418,-0.2048635263071922,0.5899937407400637,0.0,0.0,0.0,-3.6651914291880914,0.04675229281912582,-0.2048635263071922,0.5899937407400637,0.0,0.0,0.0,-3.6651914291880914,0.04701748217132965,-0.2048635263071922,0.5899937407400637,0.0,0.0,0.0,-3.6651914291880914,0.04722308872659008
59,solved,0,lti,1,29,29,29,40,-0.21486352630719222,0.5999937407400637,0.0,0.0,0.0,-4.1887902047863905,0.002726779033091242,0.6425910792618698,-0.3443389398673805,-0.1,0.0005955421348890184,0.6766414408445833,0.7363124162990855,-0.00017738414265667916,0.02785992718773239,0.7702773927085644,-0.7103682276223278,-0.10001900961567178,-0.9996490129337514,-0.026482924332432642,-0.00071109730629958,0.00031653326681029285,0.31653326681029287,0.00031653327196721755,0.31653327196721753,1,1.814683091907906,0.14088581303427306,,27,0.05428667416090131,0.002996103410534124,2.996103410534124,0.001003896589465876,1.003896589465876,31.59517917890556,0.01,0.01,0.0001,0.17453292519943295,0.17453292519943295,0.5235987755982988,0.02,solved,1.814683091907906,0.14088581303427306,-0.21486352630719222,0.5999937407400637,0.0,0.0,0.0,-4.1887902047863905,0.002726779033091242,0.7702773927085644,-0.7103682276223278,-0.10001900961567178,-0.9996490129337514,-0.026482924332432642,-0.00071109730629958,0.7702684706510666,-0.7100518201225943,-0.10001895247832411,-0.9999136121640452,-0.013124885750029147,-0.0007110436696613622,0.00031653326681029285,0.31653326681029287,0.00031653327196721755,0.31653327196721753,-0.21486352630719222,0.5999937407400637,0.0,0.0,0.0,-4.1887902047863905,0.002726779033091242,-0.21486352630719222,0.5999937407400637,0.0,0.0,0.0,-4.1887902047863905,0.02238164314154687,-0.21486352630719222,0.5999937407400637,0.0,0.0,0.0,-4.1887902047863905,0.04216715626076344,-0.21486352630719222,0.5999937407400637,0.0,0.0,0.0,-4.1887902047863905,0.044523183757112464,-0.21486352630719222,0.5999937407400637,0.0,0.0,0.0,-4.1887902047863905,0.04497584429630678,-0.21486352630719222,0.5999937407400637,0.0,0.0,0.0,-4.1887902047863905,0.04539021773291596,-0.21486352630719222,0.5999937407400637,0.0,0.0,0.0,-4.1887902047863905,0.04577035865856477,-0.21486352630719222,0.5999937407400637,0.0,0.0,0.0,-4.1887902047863905,0.046119752769521453,-0.21486352630719222,0.5999937407400637,0.0,0.0,0.0,-4.1887902047863905,0.046441238995209994,-0.21486352630719222,0.5999937407400637,0.0,0.0,0.0,-4.1887902047863905,0.046736284918603384,-0.21486352630719222,0.5999937407400637,0.0,0.0,0.0,-4.1887902047863905,0.047001198693064225,-0.21486352630719222,0.5999937407400637,0.0,0.0,0.0,-4.1887902047863905,0.04720801300982731
60,solved,0,lti,1,29,29,29,40,-0.22486352630719222,0.6099937407400637,0.0,0.0,0.0,-4.71238898038469,0.002381643141546871,0.638093808735726,-0.33213906505257923,-0.1,0.0005865250712811472,0.6412052196940423,0.7673691941311864,-0.0002052411003012314,0.027907560050563326,0.7702291939307457,-0.7103401231892512,-0.10001894426181038,-0.999693819209712,-0.02473399156604627,-0.0007053333327533716,0.0003092667069369009,0.3092667069369009,0.00030926671034541524,0.30926671034541525,1,1.8146832548247982,0.12363133244442688,,27,0.1181772427146588,0.002995859333419174,2.995859333419174,0.0010041406665808263,1.0041406665808263,31.481054907198132,0.01,0.01,0.0001,0.17453292519943295,0.17453292519943295,0.5235987755982988,0.02,solved,1.8146832548247982,0.12363133244442688,-0.22486352630719222,0.6099937407400637,0.0,0.0,0.0,-4.71238898038469,0.002381643141546871,0.7702291939307457,-0.7103401231892512,-0.10001894426181038,-0.999693819209712,-0.02473399156604627,-0.0007053333327533716,0.7702213391363358,-0.7100309562469298,-0.10001889834579959,-0.9999343389069538,-0.011437663319733048,-0.0007055015929743793,0.0003092667069369009,0.3092667069369009,0.00030926671034541524,0.30926671034541525,-0.22486352630719222,0.6099937407400637,0.0,0.0,0.0,-4.71238898038469,0.002381643141546871,-0.22486352630719222,0.6099937407400637,0.0,0.0,0.0,-4.71238898038469,0.02216715626076344,-0.22486352630719222,0.6099937407400637,0.0,0.0,0.0,-4.71238898038469,0.04203495904575944,-0.22486352630719222,0.6099937407400637,0.0,0.0,0.0,-4.71238898038469,0.0445204028495185,-0.22486352630719222,0.6099937407400637,0.0,0.0,0.0,-4.71238898038469,0.04497085874878836,-0.22486352630719222,0.6099937407400637,0.0,0.0,0.0,-4.71238898038469,0.045383288703326266,-0.22486352630719222,0.6099937407400637,0.0,0.0,0.0,-4.71238898038469,0.04576171398425131,-0.22486352630719222,0.6099937407400637,0.0,0.0,0.0,-4.71238898038469,0.04610960195634771,-0.22486352630719222,0.6099937407400637,0.0,0.0,0.0,-4.71238898038469,0.04642980664888447,-0.22486352630719222,0.6099937407400637,0.0,0.0,0.0,-4.71238898038469,0.046723908392737434,-0.22486352630719222,0.6099937407400637,0.0,0.0,0.0,-4.71238898038469,0.04698859022890698,-0.22486352630719222,0.6099937407400637,0.0,0.0,0.0,-4.71238898038469,0.04719657888044667
61,solved,0,lti,1,29,29,29,40,-0.23486352630719223,0.6199937407400637,0.0,0.0,0.0,-5.235987755982989,0.002167156260763439,0.6333965382095821,-0.31973919023777797,-0.1,0.0005749797698107664,0.6001654696590331,0.7998756296408736,-0.0002356561749722952,0.027950903175778596,0.7701853680010776,-0.7103144912188352,-0.10001887595864467,-0.9997321774264555,-0.02313188254868062,-0.0006995912465238881,0.00030219717510116917,0.30219717510116917,0.00030219717723267513,0.30219717723267514,1,1.8146833153216138,0.11011745462600535,,27,0.17397060836314804,0.0029955839930439995,2.9955839930439994,0.0010044160069560006,1.0044160069560006,31.380815109556725,0.01,0.01,0.0001,0.17453292519943295,0.17453292519943295,0.5235987755982988,0.02,solved,1.8146833153216138,0.11011745462600535,-0.23486352630719223,0.6199937407400637,0.0,0.0,0.0,-5.235987755982989,0.002167156260763439,0.7701853680010776,-0.7103144912188352,-0.10001887595864467,-0.9997321774264555,-0.02313188254868062,-0.0006995912465238881,0.770178486197079,-0.7100123724120507,-0.10001884006616402,-0.9999508227334378,-0.009892530929225974,-0.0006999618096864918,0.00030219717510116917,0.30219717510116917,0.00030219717723267513,0.30219717723267514,-0.23486352630719223,0.6199937407400637,0.0,0.0,0.0,-5.235987755982989,0.002167156260763439,-0.23486352630719223,0.6199937407400637,0.0,0.0,0.0,-5.235987755982989,0.022034959045759445,-0.23486352630719223,0.6199937407400637,0.0,0.0,0.0,-5.235987755982989,0.041984055980686726,-0.23486352630719223,0.6199937407400637,0.0,0.0,0.0,-5.235987755982989,0.04451987173344658,-0.23486352630719223,0.6199937407400637,0.0,0.0,0.0,-5.235987755982989,0.04496833345830538,-0.23486352630719223,0.6199937407400637,0.0,0.0,0.0,-5.235987755982989,0.0453790078743913,-0.23486352630719223,0.6199937407400637,0.0,0.0,0.0,-5.235987755982989,0.04575588545610491,-0.23486352630719223,0.6199937407400637,0.0,0.0,0.0,-5.235987755982989,0.046102414889933926,-0.23486352630719223,0.6199937407400637,0.0,0.0,0.0,-5.235987755982989,0.0464214609394558,-0.23486352630719223,0.6199937407400637,0.0,0.0,0.0,-5.235987755982989,0.04671470561989952,-0.23486352630719223,0.6199937407400637,0.0,0.0,0.0,-5.235987755982989,0.04697918922584501,-0.23486352630719223,0.6199937407400637,0.0,0.0,0.0,-5.235987755982989,0.047188368561382206
62,solved,0,lti,1,29,29,29,40,-0.24486352630719224,0.6299937407400638,0.0,0.0,0.0,-5.759586531581288,0.002034959045759444,0.6284992676834382,-0.3071393154229767,-0.1,0.0005604610294999027,0.5531262229394625,0.8330972304366134,-0.0002683635647887472,0.027991602356693783,0.7701442431416379,-0.7102903516465915,-0.10001880367331199,-0.9997661039341041,-0.02161610838968633,-0.0006937452756787407,0.00029522237667680014,0.2952223766768001,0.0002952223779503051,0.2952223779503051,1,1.814683309293803,0.09925271914873954,,27,0.22474071647869126,0.0029952666454832497,2.9952666454832495,0.0010047333545167504,1.0047333545167505,31.288995207743085,0.01,0.01,0.0001,0.17453292519943295,0.17453292519943295,0.5235987755982988,0.02,solved,1.814683309293803,0.09925271914873954,-0.24486352630719224,0.6299937407400638,0.0,0.0,0.0,-5.759586531581288,0.002034959045759444,0.7701442431416379,-0.7102903516465915,-0.10001880367331199,-0.9997661039341041,-0.02161610838968633,-0.0006937452756787407,0.7701382639393124,-0.7099951898251609,-0.10001877625189148,-0.9999642161890371,-0.008431146718679042,-0.000694338860227947,0.00029522237667680014,0.2952223766768001,0.0002952223779503051,0.2952223779503051,-0.24486352630719224,0.6299937407400638,0.0,0.0,0.0,-5.759586531581288,0.002034959045759444,-0.24486352630719224,0.6299937407400638,0.0,0.0,0.0,-5.759586531581288,0.021984055980686725,-0.24486352630719224,0.6299937407400638,0.0,0.0,0.0,-5.759586531581288,0.04198353441848917,-0.24486352630719224,0.6299937407400638,0.0,0.0,0.0,-5.759586531581288,0.044521924520089066,-0.24486352630719224,0.6299937407400638,0.0,0.0,0.0,-5.759586531581288,0.04496851122916933,-0.24486352630719224,0.6299937407400638,0.0,0.0,0.0,-5.759586531581288,0.04537753730024649,-0.24486352630719224,0.6299937407400638,0.0,0.0,0.0,-5.759586531581288,0.045752962725032396,-0.24486352630719224,0.6299937407400638,0.0,0.0,0.0,-5.759586531581288,0.04609821723661959,-0.24486352630719224,0.6299937407400638,0.0,0.0,0.0,-5.759586531581288,0.046416173524764674,-0.24486352630719224,0.6299937407400638,0.0,0.0,0.0,-5.759586531581288,0.04670860539790815,-0.24486352630719224,0.6299937407400638,0.0,0.0,0.0,-5.759586531581288,0.046972905763078714,-0.24486352630719224,0.6299937407400638,0.0,0.0,0.0,-5.759586531581288,0.04718329209752571
63,solved,0,lti,1,29,29,29,40,-0.2548862097924206,0.6400594350772036,-1.7558984257860383e-10,0.0,0.0,-6.283185296504478,0.0019841023443243366,0.6234015434875898,-0.2943381267214326,-0.1,0.0005425044000598533,0.4997241468630775,0.8661843862056168,-0.0003030256497557817,0.02803128440358027,0.7701041719670281,-0.7102667359069105,-0.10001872728827774,-0.9997971691118003,-0.02012828035971539,-0.0006877250838596408,0.0002882759256361136,0.2882759256361136,0.00028827592609633493,0.2882759260963349,1,1.6901299642439083,0.08413087524097607,,27,0.27242539181618425,0.0029948931841767184,2.9948931841767186,0.0010051068158232817,1.0051068158232817,31.202125645540402,0.01,0.01,0.0001,0.17453292519943295,0.17453292519943295,0.5235987755982988,0.02,solved,1.6901299642439083,0.08413087524097607,-0.2548862097924206,0.6400594350772036,-1.7558984257860383e-10,0.0,0.0,-6.283185296504478,0.0019841023443243366,0.7701041719670281,-0.7102667359069105,-0.10001872728827774,-0.9997971691118003,-0.02012828035971539,-0.0006877250838596408,0.7700990410836501,-0.7099785056459434,-0.10001871099897311,-0.9999752807346178,-0.006997415191890373,-0.0006885494568782516,0.0002882759256361136,0.2882759256361136,0.00028827592609633493,0.2882759260963349,-0.2548862097924206,0.6400594350772036,-1.7558984257860383e-10,0.0,0.0,-6.283185296504478,0.0019841023443243366,-0.2548858509253943,0.6400583977865532,-1.72192529612577e-10,0.0,0.0,-6.283185296806329,0.021983578053215626,-0.25488513876196206,0.6400563385332264,-1.6556606952701923e-10,0.0,0.0,-6.283185297366684,0.042015754886828974,-0.2548840843670769,0.6400532888632027,-1.559694730777718e-10,0.0,0.0,-6.283185298126695,0.04452680712033274,-0.25488270485442294,0.6400492977741398,-1.4374659096389499e-10,0.0,0.0,-6.283185299036088,0.044971578549283894,-0.2548810225982394,0.6400444299138134,-1.293009544727883e-10,0.0,0.0,-6.283185300042409,0.045379008073546834,-0.2548790652455066,0.6400387652131427,-1.1306578095759137e-10,0.0,0.0,-6.283185301097821,0.045753025774667375,-0.2548768640273275,0.6400323939421231,-9.547792145552318e-11,0.0,0.0,-6.283185302161356,0.046097042106888614,-0.2548744527344757,0.6400254137600953,-7.695910032196202e-11,0.0,0.0,-6.283185303199625,0.04641393488307594,-0.2548718689193413,0.6400179331149868,-5.78906734104697e-11,0.0,0.0,-6.283185308505288,0.0467055638684373,-0.2548691526533017,0.6400100674873659,-3.8578165303292116e-11,0.0,0.0,-5.926609599715464,0.046966734862950235,-0.25486642620041366,0.6400021022982322,-1.9555298681326664e-11,0.0,0.0,-5.469992710402357,0.04717458710188658
64,solved,0,lti,1,29,29,29,40,-0.2648858509253943,0.6500583977865532,0.0,0.0,0.0,-5.75958652120803,0.0019835780532156256,0.6181038264690819,-0.28133695876570153,-0.1,0.0005241614516394963,0.44903445131837044,0.893514227863016,-0.00033375191551419004,0.02807095596464458,0.7700641375574173,-0.710243053753063,-0.10001865428615626,-0.9998260845221666,-0.01863694400583015,-0.0006819290261879101,0.00028205629539672134,0.28205629539672133,0.0002820562967699778,0.28205629676997784,1,1.814683160394947,0.08498117577220451,,27,0.31893558431498414,0.00299444728246045,2.9944472824604498,0.0010055527175395502,1.0055527175395502,31.116861195900615,0.01,0.01,0.0001,0.17453292519943295,0.17453292519943295,0.5235987755982988,0.02,solved,1.814683160394947,0.08498117577220451,-0.2648858509253943,0.6500583977865532,0.0,0.0,0.0,-5.75958652120803,0.0019835780532156256,0.7700641375574173,-0.710243053753063,-0.10001865428615626,-0.9998260845221666,-0.01863694400583015,-0.0006819290261879101,0.7700597701348066,-0.7099610312727663,-0.10001862645323918,-0.9999843295283644,-0.005556513759444481,-0.0006825339175701209,0.00028205629539672134,0.28205629539672133,0.0002820562967699778,0.28205629676997784,-0.2648858509253943,0.6500583977865532,0.0,0.0,0.0,-5.75958652120803,0.0019835780532156256,-0.26488513876196207,0.6500563385332264,0.0,0.0,0.0,-5.759586521768385,0.022015754886828977,-0.2648840843670769,0.6500532888632027,0.0,0.0,0.0,-5.759586522528396,0.04208698193415726,-0.26488270485442295,0.6500492977741398,0.0,0.0,0.0,-5.759586523437789,0.04453725735091576,-0.2648810225982394,0.6500444299138134,0.0,0.0,0.0,-5.75958652444411,0.0449802438970848,-0.2648790652455066,0.6500387652131427,0.0,0.0,0.0,-5.759586525499522,0.04538610493577673,-0.2648768640273275,0.6500323939421231,0.0,0.0,0.0,-5.759586526563057,0.045758739054828815,-0.2648744527344757,0.6500254137600953,0.0,0.0,0.0,-5.759586527601326,0.046101538310359465,-0.26487186891934134,0.6500179331149868,0.0,0.0,0.0,-5.759586532906988,0.04641738206495399,-0.2648691526533017,0.6500100674873659,0.0,0.0,0.0,-5.403010824117165,0.04670760888435164,-0.2648664262004137,0.6500021022982322,0.0,0.0,0.0,-4.946393934804058,0.04697066310903125,-0.2648664262004137,0.6500021022982322,0.0,0.0,0.0,-4.946393934804058,0.04718343756440738
65,solved,0,lti,1,29,29,29,40,-0.2748851387619621,0.6600563385332264,0.0,0.0,0.0,-5.235987746170085,0.002015754886828977,0.6126061236938427,-0.268135831995037,-0.1,0.0005059758809760806,0.40165614376681863,0.9157903450237943,-0.0003607270108609751,0.02811127106238116,0.7700234815966394,-0.7102189526215326,-0.10001858726942103,-0.9998530663200957,-0.01712857677195427,-0.000676482128023938,0.0002776282074051434,0.2776282074051434,0.0002776282080352588,0.27762820803525884,1,1.81468314067851,0.09384613055458997,,27,0.36544709830827,0.0029939254861690245,2.9939254861690245,0.0010060745138309756,1.0060745138309757,31.03139785648048,0.01,0.01,0.0001,0.17453292519943295,0.17453292519943295,0.5235987755982988,0.02,solved,1.81468314067851,0.09384613055458997,-0.2748851387619621,0.6600563385332264,0.0,0.0,0.0,-5.235987746170085,0.002015754886828977,0.7700234815966394,-0.7102189526215326,-0.10001858726942103,-0.9998530663200957,-0.01712857677195427,-0.000676482128023938,0.770019749371662,-0.7099413495018748,-0.10001856856445833,-0.9999913606686819,-0.004101209084353958,-0.0006772533090397954,0.0002776282074051434,0.2776282074051434,0.0002776282080352588,0.27762820803525884,-0.2748851387619621,0.6600563385332264,0.0,0.0,0.0,-5.235987746170085,0.002015754886828977,-0.2748840843670769,0.6600532888632027,0.0,0.0,0.0,-5.235987746930097,0.022086981934157264,-0.27488270485442295,0.6600492977741398,0.0,0.0,0.0,-5.23598774783949,0.04210342818593308,-0.27488102259823943,0.6600444299138134,0.0,0.0,0.0,-5.235987748845811,0.04455553176859678,-0.2748790652455066,0.6600387652131428,0.0,0.0,0.0,-5.235987749901223,0.04499667062144546,-0.2748768640273275,0.6600323939421231,0.0,0.0,0.0,-5.235987750964758,0.04540090580928897,-0.2748744527344757,0.6600254137600953,0.0,0.0,0.0,-5.235987752003027,0.045772107820318576,-0.27487186891934134,0.6600179331149868,0.0,0.0,0.0,-5.235987757308689,0.04611364588307449,-0.2748691526533017,0.6600100674873659,0.0,0.0,0.0,-4.879412048518866,0.04642817564492321,-0.2748664262004137,0.6600021022982322,0.0,0.0,0.0,-4.422795159205759,0.046717822895655035,-0.2748664262004137,0.6600021022982322,0.0,0.0,0.0,-4.422795159205759,0.04698138920540371,-0.2748664262004137,0.6600021022982322,0.0,0.0,0.0,-4.422795159205759,0.04719539947374184
66,solved,0,lti,1,29,29,29,40,-0.2848673272505397,0.6700065332325998,-9.946416651624525e-10,0.0,0.0,-4.712388965655238,0.0020870121010608594,0.606908777148832,-0.254735701330385,-0.1,0.0004884216153817954,0.35807062261424255,0.9336942985180323,-0.0003841612865998505,0.028153011304402377,0.769981418751489,-0.7101940076527264,-0.10001852852446927,-0.9998783460083689,-0.015583397980579332,-0.0006714841379338744,0.00027307235639516286,0.27307235639516286,0.00027307235661883485,0.27307235661883483,1,1.7659289046218425,0.10193558576918489,,27,0.41270635060154304,0.002993351149702263,2.993351149702263,0.001006648850297737,1.0066488502977369,30.944960945465944,0.01,0.01,0.0001,0.17453292519943295,0.17453292519943295,0.5235987755982988,0.02,solved,1.7659289046218425,0.10193558576918489,-0.2848673272505397,0.6700065332325998,-9.946416651624525e-10,0.0,0.0,-4.712388965655238,0.0020870121010608594,0.769981418751489,-0.7101940076527264,-0.10001852852446927,-0.9998783460083689,-0.015583397980579332,-0.0006714841379338744,0.7699782958636915,-0.7099209531537725,-0.10001851747199174,-0.9999963629622403,-0.0026118791363162193,-0.0006724207525455817,0.00027307235639516286,0.27307235639516286,0.00027307235661883485,0.27307235661883483,-0.2848673272505397,0.6700065332325998,-9.946416651624525e-10,0.0,0.0,-4.712388965655238,0.0020870121010608594,-0.28486621157412856,0.6700032809958356,-9.790840800238274e-10,0.0,0.0,-4.7123889665823375,0.022103451651039385,-0.2848650530997918,0.6699998788301487,-9.4817242677343e-10,0.0,0.0,-4.712388967643779,0.04200472518796591,-0.28486387118609047,0.6699963828203691,-9.026220143475653e-10,0.0,0.0,-4.712388968818474,0.04457379662524922,-0.28486268506516066,0.6699928490060952,-8.428677896164571e-10,0.0,0.0,-4.712388970077877,0.045013182608949,-0.284861512582705,0.6699893298693952,-7.696390093655802e-10,0.0,0.0,-4.7123889714024285,0.0454158839105407,-0.2848603717876414,0.6699858788420833,-6.839659952822181e-10,0.0,0.0,-4.712388977096682,0.04578573762897351,-0.2848592800134072,0.669982547468193,-5.871020346963648e-10,0.0,0.0,-4.35581326880636,0.04612594146899185,-0.28485833391813625,0.66997954934241,-4.805214211214888e-10,0.0,0.0,-3.8991963801087492,0.04643944784170276,-0.28486024205969884,0.6699848705979803,-3.6592179234022343e-10,0.0,0.0,-3.8991963808413987,0.04672858528456508,-0.2848622479154444,0.6699904619995889,-2.4524729772526523e-10,0.0,0.0,-3.89919638250979,0.04699192211031781,-0.28486431993197986,0.6699962354678587,-1.2069695350536967e-10,0.0,0.0,-4.107208174798147,0.04720448331537632
67,solved,0,lti,1,29,29,29,40,-0.29487111627317397,0.6800167900230356,-2.8001288815521104e-08,0.0,0.0,-4.188790201540502,0.0021034538326043647,0.6010113548233684,-0.24113536552992426,-0.1,0.0004719061816410187,0.31865747473870004,0.9478697313753544,-0.00040427728630632807,0.028195080381054463,0.7699390553863709,-0.7101688758573793,-0.10001847846268605,-0.9999011861007779,-0.014041835690323079,-0.0006669967791582368,0.0002686294050319438,0.26862940503194377,0.00026862940504171674,0.26862940504171673,1,1.7705109374651875,0.11477813676521245,,27,0.4616059063322854,0.0029927484323069974,2.9927484323069975,0.0010072515676930027,1.0072515676930027,30.856416910519446,0.01,0.01,0.0001,0.17453292519943295,0.17453292519943295,0.5235987755982988,0.02,solved,1.7705109374651875,0.11477813676521245,-0.29487111627317397,0.6800167900230356,-2.8001288815521104e-08,0.0,0.0,-4.188790201540502,0.0021034538326043647,0.7699390553863709,-0.7101688758573793,-0.10001847846268605,-0.9999011861007779,-0.014041835690323079,-0.0006669967791582368,0.769936494762342,-0.7099002586567901,-0.10001847617126325,-0.9999991411259526,-0.0011275641896639817,-0.0006680915769920676,0.0002686294050319438,0.26862940503194377,0.00026862940504171674,0.26862940504171673,-0.29487111627317397,0.6800167900230356,-2.8001288815521104e-08,0.0,0.0,-4.188790201540502,0.0021034538326043647,-0.29486988135119163,0.6800131763758211,-2.7568607816866975e-08,0.0,0.0,-4.188790202343584,0.0220047246985874,-0.29486854739833623,0.6800092601725941,-2.670956102455818e-08,0.0,0.0,-4.188790203032617,0.04184098143894958,-0.2948671359403571,0.6800051040186476,-2.543461324692999e-08,0.0,0.0,-4.188790203615129,0.044590618305022506,-0.29486566803268927,0.6800007695111236,-2.3760721874141754e-08,0.0,0.0,-4.188790204104587,0.045028357380390634,-0.2948641661232434,0.6799963224189469,-2.17115057644989e-08,0.0,0.0,-4.188790208842604,0.04542961393356873,-0.29486265303511194,0.6799918295874311,-1.93166590932839e-08,0.0,0.0,-3.8322144995117897,0.045798069537019606,-0.2948612319025794,0.6799875225874389,-1.661124778480506e-08,0.0,0.0,-3.3755976097253937,0.04613711607821218,-0.2948626186477407,0.6799914079316304,-1.3635538074191216e-08,0.0,0.0,-3.375597609355225,0.046449828296523984,-0.2948640648903195,0.6799954588657036,-1.0434874947109329e-08,0.0,0.0,-3.375597609938553,0.0467381945953412,-0.29486554787662217,0.6799996115625728,-7.058576038837661e-09,0.0,0.0,-3.5836094010921724,0.04700096439712083,-0.294864938760369,0.679997936169958,-3.5594752205468412e-09,0.0,0.0,-3.7669356963263994,0.04721459628509517
68,solved,0,lti,1,30,30,30,41,-0.30486988135119164,0.6900131763758212,0.0,0.0,0.0,-3.665191426745285,0.019078348868735422,0.5949139571963445,-0.22733510200240784,-0.1,0.0004567750274077434,0.28371000009133196,0.9589099278413006,-0.0004212981638114154,0.028576647358429172,0.7695561913042752,-0.7099493959027388,-0.10001868127825148,-0.9999985225188531,-0.0015854486160543774,-0.0006643137788009146,4.2303368372561924e-05,0.04230336837256193,4.230336889113293e-05,0.04230336889113293,1,1.8144642432527605,0.1336054420368516,,27,0.5108591312996925,0.0029921339586148153,2.9921339586148155,0.0010078660413851848,1.0078660413851848,30.768082272973505,0.01,0.01,0.0001,0.17453292519943295,0.17453292519943295,0.5235987755982988,0.02,solved,1.8144642432527605,0.1336054420368516,-0.30486988135119164,0.6900131763758212,0.0,0.0,0.0,-3.665191426745285,0.019078348868735422,0.7695561913042752,-0.7099493959027388,-0.10001868127825148,-0.9999985225188531,-0.0015854486160543774,-0.0006643137788009146,0.7695559168376996,-0.7099070934247527,-0.10001867465446097,-0.9999997411554868,0.00027643687986232446,-0.0006642827792762342,4.2303368372561924e-05,0.04230336837256193,4.230336889113293e-05,0.04230336889113293,-0.30486988135119164,0.6900131763758212,0.0,0.0,0.0,-3.665191426745285,0.019078348868735422,-0.30486854739833624,0.6900092601725941,0.0,0.0,0.0,-3.6651914274343187,0.04349573762771742,-0.3048671359403571,0.6900051040186476,0.0,0.0,0.0,-3.6651914280168305,0.044128648428826044,-0.3048656680326893,0.6900007695111237,0.0,0.0,0.0,-3.665191428506288,0.044605571688900655,-0.3048641661232434,0.6899963224189469,0.0,0.0,0.0,-3.665191433244305,0.045041797412023174,-0.30486265303511195,0.6899918295874311,0.0,0.0,0.0,-3.308615723913491,0.04544160913246195,-0.3048612319025794,0.6899875225874389,0.0,0.0,0.0,-2.851998834127095,0.045808846804999345,-0.3048626186477407,0.6899914079316304,0.0,0.0,0.0,-2.851998833756926,0.046146988374735874,-0.30486406489031953,0.6899954588657036,0.0,0.0,0.0,-2.8519988343402543,0.04645877455340825,-0.3048655478766222,0.6899996115625728,0.0,0.0,0.0,-3.0600106254938737,0.046746400131754275,-0.304864938760369,0.689997936169958,0.0,0.0,0.0,-3.2433369207281006,0.047008808527711894,-0.304864938760369,0.689997936169958,0.0,0.0,0.0,-3.2433369207281006,0.04722570366665665
69,solved,0,lti,1,30,30,30,41,-0.31486854739833625,0.7000092601725941,0.0,0.0,0.0,-3.14159265183602,0.023495737627717426,0.5886165862483779,-0.21333491679895594,-0.1,0.0004433163413893748,0.2534499176285652,0.9673483101336898,-0.00043543792893058165,0.02904656211098352,0.769087633072898,-0.7096804541751166,-0.10001896001545915,-0.9999125260470489,0.013209886118496635,-0.0006626937045660756,0.0002602488057561437,0.2602488057561437,0.00026024880584579806,0.26024880584579807,1,1.8146813140757696,0.15511901620214388,,27,0.9521699435114791,0.002993209812208539,2.993209812208539,0.0010067901877914612,1.0067901877914611,30.054357649971905,0.01,0.01,0.0001,0.17453292519943295,0.17453292519943295,0.5235987755982988,0.02,solved,1.8146813140757696,0.15511901620214388,-0.31486854739833625,0.7000092601725941,0.0,0.0,0.0,-3.14159265183602,0.023495737627717426,0.769087633072898,-0.7096804541751166,-0.10001896001545915,-0.9999125260470489,0.013209886118496635,-0.0006626937045660756,0.7690903497456537,-0.7094202195490834,-0.10001896684662881,-0.9996798057353347,0.02529516175535864,-0.0006639252471354166,0.0002602488057561437,0.2602488057561437,0.00026024880584579806,0.26024880584579807,-0.31486854739833625,0.7000092601725941,0.0,0.0,0.0,-3.14159265183602,0.023495737627717426,-0.3148671359403571,0.7000051040186476,0.0,0.0,0.0,-3.141592652418532,0.024128648428826033,-0.3148656680326893,0.7000007695111237,0.0,0.0,0.0,-3.141592652907989,0.044314576498395035,-0.3148641661232434,0.6999963224189469,0.0,0.0,0.0,-3.1415926576460063,0.0449886090546892,-0.31486265303511196,0.6999918295874311,0.0,0.0,0.0,-2.7850169483151923,0.045387180978955326,-0.3148612319025794,0.6999875225874389,0.0,0.0,0.0,-2.3284000585287963,0.04575415248726085,-0.31486261864774073,0.6999914079316304,0.0,0.0,0.0,-2.3284000581586275,0.046092718332715193,-0.31486406489031954,0.6999954588657036,0.0,0.0,0.0,-2.3284000587419555,0.046405482532630285,-0.3148655478766222,0.6999996115625728,0.0,0.0,0.0,-2.536411849895575,0.046694872690469326,-0.31486493876036903,0.699997936169958,0.0,0.0,0.0,-2.719738145129802,0.04696259185154817,-0.31486493876036903,0.699997936169958,0.0,0.0,0.0,-2.719738145129802,0.047207689976391826,-0.31486493876036903,0.699997936169958,0.0,0.0,0.0,-2.719738145129802,0.047408999569247406
70,solved,0,lti,1,30,30,30,41,-0.3248671359403571,0.7100051040186476,0.0,0.0,0.0,-2.617993876820233,0.004128648428826033,0.5821192435295708,-0.199134814718583,-0.1,0.0004317659917995844,0.22804083997317273,0.9736513694175967,-0.00044689338417517,0.02912913507956004,0.7690056273077417,-0.7096330117108405,-0.10001896975663156,-0.9998744756162042,0.015830259881479836,-0.0006602145906056998,0.00025771042525146894,0.2577104252514689,0.00025771042546639814,0.25771042546639816,1,1.814685242650737,0.18449652341113576,,28,0.49242496917139195,0.0029942346042770183,2.9942346042770183,0.0010057653957229818,1.0057653957229817,29.20662489548052,0.01,0.01,0.0001,0.17453292519943295,0.17453292519943295,0.5235987755982988,0.02,solved,1.814685242650737,0.18449652341113576,-0.3248671359403571,0.7100051040186476,0.0,0.0,0.0,-2.617993876820233,0.004128648428826033,0.7690056273077417,-0.7096330117108405,-0.10001896975663156,-0.9998744756162042,0.015830259881479836,-0.0006602145906056998,0.7690089140574355,-0.7093753222454762,-0.10001898028179089,-0.99961232181062,0.027834663250993482,-0.0006615180157086386,0.00025771042525146894,0.2577104252514689,0.00025771042546639814,0.25771042546639816,-0.3248671359403571,0.7100051040186476,0.0,0.0,0.0,-2.617993876820233,0.004128648428826033,-0.3248656680326893,0.7100007695111237,0.0,0.0,0.0,-2.6179938773096905,0.02431457649839504,-0.3248641661232434,0.709996322418947,0.0,0.0,0.0,-2.6179938820477076,0.04126093136424639,-0.32486265303511197,0.7099918295874311,0.0,0.0,0.0,-2.2614181727168936,0.04505535865827436,-0.32486123190257943,0.7099875225874389,0.0,0.0,0.0,-1.8048012829304976,0.04545243901387587,-0.32486261864774074,0.7099914079316304,0.0,0.0,0.0,-1.8048012825603288,0.04581749630946924,-0.32486406489031955,0.7099954588657036,0.0,0.0,0.0,-1.8048012831436568,0.04615369723485438,-0.3248655478766222,0.7099996115625729,0.0,0.0,0.0,-2.0128130742972763,0.04646394743441845,-0.32486493876036904,0.709997936169958,0.0,0.0,0.0,-2.1961393695315032,0.04675067580017103,-0.32486493876036904,0.709997936169958,0.0,0.0,0.0,-2.1961393695315032,0.047015742319194205,-0.32486493876036904,0.709997936169958,0.0,0.0,0.0,-2.1961393695315032,0.04725832676084499,-0.32486493876036904,0.709997936169958,0.0,0.0,0.0,-2.1961393695315032,0.04745955443160559
71,solved,0,lti,1,31,31,31,42,-0.3348656680326893,0.7200007695111237,0.0,0.0,0.0,-2.0943951017113918,0.019842281167478753,0.575421930168917,-0.1847347993283605,-0.1,0.0004223122694912002,0.2076002110568772,0.9782135586024002,-0.0004558375977597797,0.029525980702909616,0.7686127683046431,-0.7094072543984389,-0.10001921585688685,-0.9996128090634548,0.02781720766870721,-0.0006594799351787963,6.03206768829185e-05,0.0603206768829185,6.03206769388463e-05,0.060320676938846296,1,1.8144686582405514,0.2266320158648339,,28,0.5871651917458126,0.0029940907806092583,2.994090780609258,0.0010059092193907418,1.0059092193907417,29.056472998496307,0.01,0.01,0.0001,0.17453292519943295,0.17453292519943295,0.5235987755982988,0.02,solved,1.8144686582405514,0.2266320158648339,-0.3348656680326893,0.7200007695111237,0.0,0.0,0.0,-2.0943951017113918,0.019842281167478753,0.7686127683046431,-0.7094072543984389,-0.10001921585688685,-0.9996128090634548,0.02781720766870721,-0.0006594799351787963,0.7686137321486787,-0.7093469414225192,-0.10001921325934854,-0.9995359481691418,0.030454116979221478,-0.0006596033889037503,6.03206768829185e-05,0.0603206768829185,6.03206769388463e-05,0.060320676938846296,-0.3348656680326893,0.7200007695111237,0.0,0.0,0.0,-2.0943951017113918,0.019842281167478753,-0.33486416612324343,0.719996322418947,0.0,0.0,0.0,-2.094395106449409,0.0440011955564339,-0.334862653035112,0.7199918295874311,0.0,0.0,0.0,-1.737819397118595,0.04463612786763217,-0.33486123190257944,0.7199875225874389,0.0,0.0,0.0,-1.2812025073321989,0.045068947830965864,-0.33486261864774075,0.7199914079316304,0.0,0.0,0.0,-1.28120250696203,0.04546593670560234,-0.33486406489031956,0.7199954588657036,0.0,0.0,0.0,-1.2812025075453581,0.04583073999976305,-0.3348655478766222,0.7199996115625729,0.0,0.0,0.0,-1.4892142986989776,0.04616666429275742,-0.33486493876036905,0.719997936169958,0.0,0.0,0.0,-1.6725405939332045,0.04647653586803817,-0.33486493876036905,0.719997936169958,0.0,0.0,0.0,-1.6725405939332045,0.04676282666824146,-0.33486493876036905,0.719997936169958,0.0,0.0,0.0,-1.6725405939332045,0.04702749074349123,-0.33486493876036905,0.719997936169958,0.0,0.0,0.0,-1.6725405939332045,0.0472700391410969,-0.33486493876036905,0.719997936169958,0.0,0.0,0.0,-1.6725405939332045,0.04747197880213557
72,solved,0,lti,1,31,31,31,42,-0.34486416612324344,0.729996322418947,0.0,0.0,0.0,-1.5707963308511101,0.024001195556433905,0.5685246468464521,-0.17013487287998158,-0.1,0.00041510018406512133,0.1922094891305334,0.9813537212201373,-0.00046241475504498906,0.030006004614038295,0.7681402894697927,-0.7091355926355586,-0.10001952982885115,-0.9991256542737951,0.041803015010229774,-0.0006594755608169273,0.0002508896159609229,0.2508896159609229,0.00025088961636078773,0.2508896163607877,1,1.814681734443849,0.2908616219487978,,29,0.040270282692763885,0.0029947202484634132,2.9947202484634134,0.0010052797515365869,1.0052797515365868,28.369503777973122,0.01,0.01,0.0001,0.17453292519943295,0.17453292519943295,0.5235987755982988,0.02,solved,1.814681734443849,0.2908616219487978,-0.34486416612324344,0.729996322418947,0.0,0.0,0.0,-1.5707963308511101,0.024001195556433905,0.7681402894697927,-0.7091355926355586,-0.10001952982885115,-0.9991256542737951,0.041803015010229774,-0.0006594755608169273,0.7681482096656848,-0.708884828064907,-0.10001954399373215,-0.9985933996436517,0.053016843399457565,-0.0006606845627636795,0.0002508896159609229,0.2508896159609229,0.00025088961636078773,0.2508896163607877,-0.34486416612324344,0.729996322418947,0.0,0.0,0.0,-1.5707963308511101,0.024001195556433905,-0.344862653035112,0.7299918295874311,0.0,0.0,0.0,-1.2142206215202962,0.02463612786763216,-0.34486123190257945,0.7299875225874389,0.0,0.0,0.0,-0.7576037317339,0.04379687241495384,-0.34486261864774076,0.7299914079316304,0.0,0.0,0.0,-0.7576037313637313,0.045416203078048625,-0.34486406489031957,0.7299954588657036,0.0,0.0,0.0,-0.7576037319470593,0.045780490829508386,-0.3448655478766222,0.7299996115625729,0.0,0.0,0.0,-0.9656155231006788,0.0461166120629882,-0.34486493876036906,0.729997936169958,0.0,0.0,0.0,-1.1489418183349058,0.04642720126184325,-0.34486493876036906,0.729997936169958,0.0,0.0,0.0,-1.1489418183349058,0.046714616651914655,-0.34486493876036906,0.729997936169958,0.0,0.0,0.0,-1.1489418183349058,0.046980987084354615,-0.34486493876036906,0.729997936169958,0.0,0.0,0.0,-1.1489418183349058,0.04722793156047575,-0.34486493876036906,0.729997936169958,0.0,0.0,0.0,-1.1489418183349058,0.04745470795844301,-0.34486493876036906,0.729997936169958,0.0,0.0,0.0,-1.1489418183349058,0.04764214387945186
73,solved,0,lti,1,32,32,32,43,-0.354862653035112,0.7399918295874311,0.0,0.0,0.0,-0.6906218459219974,0.02165401652299877,0.5614273937857499,-0.15533503628823295,-0.1,0.0004118967728949501,0.18542751604229016,0.9826577482312027,-0.0004652704772204452,0.03043908494449827,0.767716430163549,-0.7088917336661693,-0.10001981856858919,-0.9985418951220728,0.053978221762058125,-0.0006597434542226449,4.0813130071802366e-05,0.040813130071802366,4.0813130183632345e-05,0.04081313018363234,1,1.8144636106559624,0.3939333654454671,,29,0.5852804360197944,0.002995346706138139,2.995346706138139,0.001004653293861861,1.0046532938618609,27.56768356607715,0.01,0.01,0.0001,0.17453292519943295,0.17453292519943295,0.5235987755982988,0.02,solved,1.8144636106559624,0.3939333654454671,-0.354862653035112,0.7399918295874311,0.0,0.0,0.0,-0.6906218459219974,0.02165401652299877,0.767716430163549,-0.7088917336661693,-0.10001981856858919,-0.9985418951220728,0.053978221762058125,-0.0006597434542226449,0.767717724349112,-0.7088509410605895,-0.1000198155472877,-0.9984518217587867,0.0556194600048423,-0.0006597691490491323,4.0813130071802366e-05,0.040813130071802366,4.0813130183632345e-05,0.04081313018363234,-0.354862653035112,0.7399918295874311,0.0,0.0,0.0,-0.6906218459219974,0.02165401652299877,-0.35486123190257945,0.7399875225874389,0.0,0.0,0.0,-0.23400495613560124,0.04458095157451335,-0.35486261864774077,0.7399914079316304,0.0,0.0,0.0,-0.23400495576543245,0.04507711917160217,-0.3548640648903196,0.7399954588657036,0.0,0.0,0.0,-0.2340049563487605,0.04547223986256407,-0.3548655478766222,0.7399996115625729,0.0,0.0,0.0,-0.44201674750237996,0.04583550471222302,-0.35486493876036906,0.739997936169958,0.0,0.0,0.0,-0.625343042736607,0.04617009973477755,-0.35486493876036906,0.739997936169958,0.0,0.0,0.0,-0.625343042736607,0.04647884123699482,-0.35486493876036906,0.739997936169958,0.0,0.0,0.0,-0.625343042736607,0.04676426081880336,-0.35486493876036906,0.739997936169958,0.0,0.0,0.0,-0.625343042736607,0.047028545159704956,-0.35486493876036906,0.739997936169958,0.0,0.0,0.0,-0.625343042736607,0.047273382402078776,-0.35486493876036906,0.739997936169958,0.0,0.0,0.0,-0.625343042736607,0.047498060825495965,-0.35486493876036906,0.739997936169958,0.0,0.0,0.0,-0.625343042736607,0.047685234322784764
74,solved,0,lti,1,32,32,32,43,-0.36486123190257946,0.749987522587439,0.0,0.0,0.0,0.2895938194626976,0.024580951574513347,0.5541301691476983,-0.14033528583648416,-0.1,0.000413242438381163,0.18827245063056414,0.9821166418496294,-0.00046407570030654007,0.030930703975988537,0.7672378837253102,-0.708616321989271,-0.10002015706464204,-0.9977323875824788,0.06730264777965377,-0.0006605836919607293,0.00024603972488450136,0.24603972488450138,0.0002460397253514702,0.24603972535147023,1,1.814682185163381,0.5328943877630664,,30,0.07428330580636874,0.0029957769829589464,2.9957769829589465,0.0010042230170410537,1.0042230170410538,26.86928983038119,0.01,0.01,0.0001,0.17453292519943295,0.17453292519943295,0.5235987755982988,0.02,solved,1.814682185163381,0.5328943877630664,-0.36486123190257946,0.749987522587439,0.0,0.0,0.0,0.2895938194626976,0.024580951574513347,0.7672378837253102,-0.708616321989271,-0.10002015706464204,-0.9977323875824788,0.06730264777965377,-0.0006605836919607293,0.7672500474313201,-0.7083705831228349,-0.100020172223329,-0.996972327243958,0.07775436286960595,-0.000661637746659878,0.00024603972488450136,0.24603972488450138,0.0002460397253514702,0.24603972535147023,-0.36486123190257946,0.749987522587439,0.0,0.0,0.0,0.2895938194626976,0.024580951574513347,-0.3648626186477408,0.7499914079316304,0.0,0.0,0.0,0.28959381983286636,0.025077119171602175,-0.3648640648903196,0.7499954588657036,0.0,0.0,0.0,0.2895938192495383,0.043666366243472116,-0.36486554787662223,0.7499996115625729,0.0,0.0,0.0,0.08158202809591886,0.04579087920743691,-0.3648649387603691,0.749997936169958,0.0,0.0,0.0,-0.1017442671383082,0.04612590643773633,-0.3648649387603691,0.749997936169958,0.0,0.0,0.0,-0.1017442671383082,0.04643550280233186,-0.3648649387603691,0.749997936169958,0.0,0.0,0.0,-0.1017442671383082,0.046722068945983644,-0.3648649387603691,0.749997936169958,0.0,0.0,0.0,-0.1017442671383082,0.04698772367223186,-0.3648649387603691,0.749997936169958,0.0,0.0,0.0,-0.1017442671383082,0.04723433316240214,-0.3648649387603691,0.749997936169958,0.0,0.0,0.0,-0.1017442671383082,0.04746330904057524,-0.3648649387603691,0.749997936169958,0.0,0.0,0.0,-0.1017442671383082,0.04767363566942273,-0.3648649387603691,0.749997936169958,0.0,0.0,0.0,-0.1017442671383082,0.04784690390463751
75,solved,0,lti,1,33,33,33,44,-0.3748626186477408,0.7599914079316304,0.0,0.0,0.0,0.8131925954311652,0.02102812633555042,0.5466329167747435,-0.12513545767785156,-0.1,0.0004170025626025328,0.19625263739201693,0.9805531684621233,-0.000460699936267779,0.031351266502699544,0.7668305822230443,-0.7083818214710632,-0.10002044731942307,-0.9969283436687313,0.0783162835585886,-0.0006613013615361856,5.273119332931952e-05,0.05273119332931952,5.273119335137428e-05,0.05273119335137428,1,1.8144659607471458,0.617305957006438,,30,0.6264229914749102,0.0029961851876462793,2.9961851876462795,0.0010038148123537208,1.0038148123537207,26.10444305931903,0.01,0.01,0.0001,0.17453292519943295,0.17453292519943295,0.5235987755982988,0.02,solved,1.8144659607471458,0.617305957006438,-0.3748626186477408,0.7599914079316304,0.0,0.0,0.0,0.8131925954311652,0.02102812633555042,0.7668305822230443,-0.7083818214710632,-0.10002044731942307,-0.9969283436687313,0.0783162835585886,-0.0006613013615361856,0.7668332087264614,-0.7083291557304937,-0.1000204457943175,-0.9967630195433813,0.08039306841551361,-0.0006613784842938509,5.273119332931952e-05,0.05273119332931952,5.273119335137428e-05,0.05273119335137428,-0.3748626186477408,0.7599914079316304,0.0,0.0,0.0,0.8131925954311652,0.02102812633555042,-0.3748640648903196,0.7599954588657036,0.0,0.0,0.0,0.8131925948478371,0.044979298009748314,-0.37486554787662224,0.7599996115625729,0.0,0.0,0.0,0.6051808036942177,0.04547978036053386,-0.3748649387603691,0.759997936169958,0.0,0.0,0.0,0.4218545084599906,0.04584235147043128,-0.3748649387603691,0.759997936169958,0.0,0.0,0.0,0.4218545084599906,0.04617631020435775,-0.3748649387603691,0.759997936169958,0.0,0.0,0.0,0.4218545084599906,0.04648450517097103,-0.3748649387603691,0.759997936169958,0.0,0.0,0.0,0.4218545084599906,0.04676944266451098,-0.3748649387603691,0.759997936169958,0.0,0.0,0.0,0.4218545084599906,0.047033327207824625,-0.3748649387603691,0.759997936169958,0.0,0.0,0.0,0.4218545084599906,0.04727809329315892,-0.3748649387603691,0.759997936169958,0.0,0.0,0.0,0.4218545084599906,0.0475051936400778,-0.3748649387603691,0.759997936169958,0.0,0.0,0.0,0.4218545084599906,0.04771346336449831,-0.3748649387603691,0.759997936169958,0.0,0.0,0.0,0.4218545084599906,0.04788619231883558
76,solved,0,lti,1,33,33,33,44,-0.3848640648903196,0.7699954588657036,0.0,0.0,0.0,1.3367913704461358,0.024979298009748314,0.538935635476937,-0.10973554850053749,-0.1,0.0004231237173141869,0.2093426621116451,0.977842146608767,-0.000455084484838188,0.03185085246289451,0.7663490916722904,-0.7081045498174791,-0.10002079612614988,-0.9958553232530947,0.09094908731048754,-0.0006623185515376388,0.00024241897179729083,0.24241897179729083,0.00024241897220410162,0.2424189722041016,1,1.8146835441014006,0.5362687955067477,,31,0.0964070545584161,0.002996453329859728,2.9964533298597282,0.001003546670140272,1.003546670140272,25.47172579656354,0.01,0.01,0.0001,0.17453292519943295,0.17453292519943295,0.5235987755982988,0.02,solved,1.8146835441014006,0.5362687955067477,-0.3848640648903196,0.7699954588657036,0.0,0.0,0.0,1.3367913704461358,0.024979298009748314,0.7663490916722904,-0.7081045498174791,-0.10002079612614988,-0.9958553232530947,0.09094908731048754,-0.0006623185515376388,0.7663649747553588,-0.7078626517282772,-0.1000208101702699,-0.9949153881538866,0.10071211734675115,-0.000663199921257502,0.00024241897179729083,0.24241897179729083,0.00024241897220410162,0.2424189722041016,-0.3848640648903196,0.7699954588657036,0.0,0.0,0.0,1.3367913704461358,0.024979298009748314,-0.38486554787662225,0.7699996115625729,0.0,0.0,0.0,1.1287795792925164,0.025479780360533857,-0.3848649387603691,0.769997936169958,0.0,0.0,0.0,0.9454532840582894,0.04365328558310818,-0.3848649387603691,0.769997936169958,0.0,0.0,0.0,0.9454532840582894,0.046131448835340635,-0.3848649387603691,0.769997936169958,0.0,0.0,0.0,0.9454532840582894,0.04644056814776499,-0.3848649387603691,0.769997936169958,0.0,0.0,0.0,0.9454532840582894,0.04672671044858021,-0.3848649387603691,0.769997936169958,0.0,0.0,0.0,0.9454532840582894,0.04699199251164628,-0.3848649387603691,0.769997936169958,0.0,0.0,0.0,0.9454532840582894,0.04723830370162817,-0.3848649387603691,0.769997936169958,0.0,0.0,0.0,0.9454532840582894,0.047467304719806695,-0.3848649387603691,0.769997936169958,0.0,0.0,0.0,0.9454532840582894,0.047679906434163956,-0.3848649387603691,0.769997936169958,0.0,0.0,0.0,0.9454532840582894,0.04787435973662215,-0.3848649387603691,0.769997936169958,0.0,0.0,0.0,0.9454532840582894,0.04603477015044975
77,solved,0,lti,1,34,34,34,45,-0.3948584479139662,0.779981658274584,7.1671259423944045e-09,0.0,0.0,1.6523783749543002,0.02066002148782922,0.5310384665186577,-0.09413591533504581,-0.1,0.0004305853301739056,0.22547100069328121,0.9742496814014373,-0.0004480310725086416,0.0322640528926511,0.765952680826033,-0.7078762117698603,-0.10002108347101529,-0.9948804559167734,0.10105661175730742,-0.0006630648279016532,6.0824798932630345e-05,0.06082479893263035,6.08247989359944e-05,0.0608247989359944,1,1.8033474374944356,0.4030032335705224,,31,0.6520263216311917,0.002996720590382997,2.996720590382997,0.0010032794096170032,1.0032794096170032,24.745308244707715,0.01,0.01,0.0001,0.17453292519943295,0.17453292519943295,0.5235987755982988,0.02,solved,1.8033474374944356,0.4030032335705224,-0.3948584479139662,0.779981658274584,7.1671259423944045e-09,0.0,0.0,1.6523783749543002,0.02066002148782922,0.765952680826033,-0.7078762117698603,-0.10002108347101529,-0.9948804559167734,0.10105661175730742,-0.0006630648279016532,0.7659566983214057,-0.7078155197943106,-0.10002108283129961,-0.9946431512919097,0.1033661540210099,-0.0006631674026425452,6.0824798932630345e-05,0.06082479893263035,6.08247989359944e-05,0.0608247989359944,-0.3948584479139662,0.779981658274584,7.1671259423944045e-09,0.0,0.0,1.6523783749543002,0.02066002148782922,-0.394857946884154,0.7799802623707675,7.058297905241837e-09,0.0,0.0,1.469052079106505,0.045339332569628396,-0.394858162610068,0.7799808178756757,6.841279387478629e-09,0.0,0.0,1.4690520779603662,0.04584567289560182,-0.39485848370376736,0.7799816415809208,6.518061341035855e-09,0.0,0.0,1.4690520763693309,0.046179338937573707,-0.394858906154017,0.7799827214352035,6.092578500814175e-09,0.0,0.0,1.4690520744252913,0.046487278636477315,-0.3948594242402255,0.7799840412996045,5.570524568585491e-09,0.0,0.0,1.469052072221867,0.04677198938268031,-0.39486003060792213,0.7799855811656368,4.959256923153011e-09,0.0,0.0,1.4690520698519658,0.04703568003417504,-0.3948607163723037,0.7799873174370489,4.267684013914307e-09,0.0,0.0,1.4690520674054193,0.04728030544542697,-0.3948614712487339,0.7799892232724864,3.5061278943031007e-09,0.0,0.0,1.469052064966716,0.047507543691416555,-0.39486228370840754,0.7799912689845461,2.686176920587008e-09,0.0,0.0,1.4690520626129693,0.047718208428481304,-0.3948631411564773,0.7799934224883079,1.8205110032597536e-09,0.0,0.0,1.4690520621185104,0.047671044234796955,-0.3948640302211211,0.7799956498151812,9.234928498753758e-10,0.0,0.0,1.4291103981144735,0.045815484775094
78,solved,0,lti,1,34,34,34,45,-0.404857946884154,0.7899802623707675,0.0,0.0,0.0,1.9926508547048036,0.025339332569628392,0.5229413075809747,-0.07833631008763046,-0.1,0.0004394269518542532,0.2448383486658214,0.9695637147124604,-0.00043936263209141344,0.03277083954404367,0.7654686107066349,-0.7075973432901139,-0.10002143668485175,-0.993590155857066,0.11304052952191461,-0.0006639799216535245,0.0002394378798088782,0.2394378798088782,0.00023943788011960359,0.2394378801196036,1,1.814684097570571,0.3073375518418122,,32,0.1094974988290415,0.002996888227724745,2.996888227724745,0.0010031117722752551,1.0031117722752552,24.163499437976686,0.01,0.01,0.0001,0.17453292519943295,0.17453292519943295,0.5235987755982988,0.02,solved,1.814684097570571,0.3073375518418122,-0.404857946884154,0.7899802623707675,0.0,0.0,0.0,1.9926508547048036,0.025339332569628392,0.7654686107066349,-0.7075973432901139,-0.10002143668485175,-0.993590155857066,0.11304052952191461,-0.0006639799216535245,0.7654878074209305,-0.7073586761904801,-0.10002144888316544,-0.9925079713050007,0.12217808746697437,-0.000664709669291669,0.0002394378798088782,0.2394378798088782,0.00023943788011960359,0.2394378801196036,-0.404857946884154,0.7899802623707675,0.0,0.0,0.0,1.9926508547048036,0.025339332569628392,-0.404858162610068,0.7899808178756758,0.0,0.0,0.0,1.992650853558665,0.025845672895601822,-0.40485848370376737,0.7899816415809208,0.0,0.0,0.0,1.9926508519676296,0.04379111682699941,-0.404858906154017,0.7899827214352035,0.0,0.0,0.0,1.99265085002359,0.04644308477264369,-0.40485942424022553,0.7899840412996045,0.0,0.0,0.0,1.9926508478201659,0.046729020891035866,-0.40486003060792214,0.7899855811656368,0.0,0.0,0.0,1.9926508454502647,0.04699412207506286,-0.4048607163723037,0.7899873174370489,0.0,0.0,0.0,1.9926508430037182,0.04724028127443088,-0.4048614712487339,0.7899892232724864,0.0,0.0,0.0,1.9926508405650147,0.04746918061228752,-0.40486228370840754,0.7899912689845461,0.0,0.0,0.0,1.9926508382112682,0.047681957431378104,-0.4048631411564773,0.789993422488308,0.0,0.0,0.0,1.992650837716809,0.047850218902449164,-0.4048640302211211,0.7899956498151812,0.0,0.0,0.0,1.9527091737127722,0.045777341109508395,-0.4048640302211211,0.7899956498151812,0.0,0.0,0.0,1.9527091737127722,0.04793520208359703
79,solved,0,lti,1,35,35,35,45,-0.414858162610068,0.7999808178756758,0.0,0.0,0.0,2.5162496291569636,0.020529338924395277,0.5146441443287734,-0.06233669373011695,-0.1,0.0004503421413466102,0.2691549119024636,0.9630966967356958,-0.00042816763565403285,0.03318142632253157,0.765078060887061,-0.7073723099911415,-0.10002172256049156,-0.9924755754747893,0.12244096656020699,-0.0006646757014762425,6.555218151309565e-05,0.06555218151309565,6.555218151310163e-05,0.06555218151310163,1,1.814617758041659,0.2410806833255498,,32,0.6681490932589432,0.0029970604506353382,2.997060450635338,0.0010029395493646618,1.0029395493646618,23.472899053551895,0.01,0.01,0.0001,0.17453292519943295,0.17453292519943295,0.5235987755982988,0.02,solved,1.814617758041659,0.2410806833255498,-0.414858162610068,0.7999808178756758,0.0,0.0,0.0,2.5162496291569636,0.020529338924395277,0.765078060887061,-0.7073723099911415,-0.10002172256049156,-0.9924755754747893,0.12244096656020699,-0.0006646757014762425,0.7650833634730798,-0.7073069726275382,-0.10002172258847503,-0.9921784857323198,0.12482552021364322,-0.0006647956935707397,6.555218151309565e-05,0.06555218151309565,6.555218151310163e-05,0.06555218151310163,-0.414858162610068,0.7999808178756758,0.0,0.0,0.0,2.5162496291569636,0.020529338924395277,-0.4148584837037674,0.7999816415809208,0.0,0.0,0.0,2.5162496275659283,0.04567433367896505,-0.414858906154017,0.7999827214352035,0.0,0.0,0.0,2.5162496256218887,0.04618090931122081,-0.41485942424022554,0.7999840412996045,0.0,0.0,0.0,2.5162496234184646,0.0464887197082317,-0.41486003060792215,0.7999855811656368,0.0,0.0,0.0,2.5162496210485634,0.04677332335382808,-0.4148607163723037,0.7999873174370489,0.0,0.0,0.0,2.516249618602017,0.04703692377282852,-0.4148614712487339,0.7999892232724864,0.0,0.0,0.0,2.5162496161633134,0.047281480563139876,-0.41486228370840755,0.7999912689845461,0.0,0.0,0.0,2.516249613809567,0.04750869264385847,-0.4148631411564773,0.799993422488308,0.0,0.0,0.0,2.5162496133151078,0.047716311883546095,-0.4148640302211211,0.7999956498151812,0.0,0.0,0.0,2.476307949311071,0.04764339549082915,-0.4148640302211211,0.7999956498151812,0.0,0.0,0.0,2.476307949311071,0.03636445180272786,-0.4148640302211211,0.7999956498151812,0.0,0.0,0.0,2.476307949311071,0.027935202083597028
80,solved,0,lti,1,35,35,35,45,-0.4248584837037674,0.8099816415809208,0.0,0.0,0.0,3.039848403164227,0.02567433367896504,0.506146974654698,-0.04613706089849853,-0.1,0.0004631477265970862,0.2983027336059519,0.9544711064184438,-0.00041428221279963927,0.033694912996110875,0.7645915743679002,-0.7070919733074722,-0.10002208027096346,-0.9910059893066583,0.1338158669364414,-0.000665518129101548,0.00023680045069279765,0.23680045069279765,0.0002368004509297492,0.2368004509297492,1,1.8148808402375423,0.19691132251458002,,33,0.11889205631224285,0.0029971638548249445,2.9971638548249446,0.0010028361451750556,1.0028361451750556,22.930519114516258,0.01,0.01,0.0001,0.17453292519943295,0.17453292519943295,0.5235987755982988,0.02,solved,1.8148808402375423,0.19691132251458002,-0.4248584837037674,0.8099816415809208,0.0,0.0,0.0,3.039848403164227,0.02567433367896504,0.7645915743679002,-0.7070919733074722,-0.10002208027096346,-0.9910059893066583,0.1338158669364414,-0.000665518129101548,0.7646137585826605,-0.7068562142905422,-0.10002209086437983,-0.9898115717395304,0.14238191153590254,-0.0006661215375896356,0.00023680045069279765,0.23680045069279765,0.0002368004509297492,0.2368004509297492,-0.4248584837037674,0.8099816415809208,0.0,0.0,0.0,3.039848403164227,0.02567433367896504,-0.424858906154017,0.8099827214352036,0.0,0.0,0.0,3.0398484012201874,0.026180909311220822,-0.42485942424022555,0.8099840412996046,0.0,0.0,0.0,3.0398483990167633,0.043965065921248075,-0.42486003060792216,0.8099855811656368,0.0,0.0,0.0,3.039848396646862,0.04673041331834639,-0.4248607163723037,0.8099873174370489,0.0,0.0,0.0,3.0398483942003156,0.04699541281816041,-0.4248614712487339,0.8099892232724865,0.0,0.0,0.0,3.039848391761612,0.04724148258148533,-0.42486228370840756,0.8099912689845461,0.0,0.0,0.0,3.0398483894078656,0.0474703095383782,-0.42486314115647733,0.809993422488308,0.0,0.0,0.0,3.0398483889134065,0.04768269024398411,-0.4248640302211211,0.8099956498151812,0.0,0.0,0.0,2.9999067249093696,0.047848133866923326,-0.4248640302211211,0.8099956498151812,0.0,0.0,0.0,2.9999067249093696,0.04463287177300724,-0.4248640302211211,0.8099956498151812,0.0,0.0,0.0,2.9999067249093696,0.043732204390554794,-0.4248640302211211,0.8099956498151812,0.0,0.0,0.0,2.9999067249093696,0.007935202083597027
81,solved,0,lti,1,36,36,36,45,-0.4348766452980149,0.8200263774391595,5.714965010058534e-09,0.0,0.0,3.563447181945785,0.020456716084916293,0.49744944174873773,-0.029736533349715343,-0.1,0.00047761330532425253,0.3321182349411378,0.9432375585630667,-0.0003975186776384942,0.0341040473178092,0.7642054270856355,-0.7068694247393763,-0.10002236553246288,-0.9897802432932131,0.14259953085690588,-0.0006661725138019585,6.913850899140821e-05,0.0691385089914082,6.913850899530288e-05,0.06913850899530288,1,1.7713167041330653,0.16187302802022235,,33,0.6803703776988239,0.002997270976737735,2.997270976737735,0.0010027290232622649,1.002729023262265,22.273365137978026,0.01,0.01,0.0001,0.17453292519943295,0.17453292519943295,0.5235987755982988,0.02,solved,1.7713167041330653,0.16187302802022235,-0.4348766452980149,0.8200263774391595,5.714965010058534e-09,0.0,0.0,3.563447181945785,0.020456716084916293,0.7642054270856355,-0.7068694247393763,-0.10002236553246288,-0.9897802432932131,0.14259953085690588,-0.0006661725138019585,0.7642119813466682,-0.7068005976001951,-0.1000223647986068,-0.9894304420195815,0.14500674650162415,-0.0006662386577485619,6.913850899140821e-05,0.0691385089914082,6.913850899530288e-05,0.06913850899530288,-0.4348766452980149,0.8200263774391595,5.714965010058534e-09,0.0,0.0,3.563447181945785,0.020456716084916293,-0.43487689345241937,0.8200270105730006,5.627320494344451e-09,0.0,0.0,3.5634471794607747,0.04598325597932277,-0.43487696099993717,0.8200271872275634,5.45261844426833e-09,0.0,0.0,3.563447176587124,0.04648953465413332,-0.4348768447191709,0.8200269047831009,5.192500607885888e-09,0.0,0.0,3.5634471734762534,0.04677406854958325,-0.43487654438129164,0.8200261677393459,4.850189073413261e-09,0.0,0.0,3.5634471702746264,0.04703761135743775,-0.434876062809712,0.8200249876495329,4.4303152140646704e-09,0.0,0.0,3.5634471671199335,0.04728211768138088,-0.4348754058467486,0.8200233829312464,3.938835671639226e-09,0.0,0.0,3.563447165843951,0.04750924805591038,-0.4348745823606192,0.820021378592579,3.3829579779018206e-09,0.0,0.0,3.523505501130592,0.04771654735041178,-0.4348726973620149,0.820016740007636,2.771030109776407e-09,0.0,0.0,3.523505500540014,0.04751076818476523,-0.4348706683243667,0.820011767424769,2.113503738185542e-09,0.0,0.0,3.5235055001072904,0.04552798224566248,-0.43486852667656517,0.8200065392408914,1.4174473179865156e-09,0.0,0.0,3.5235055006394917,0.0009650732165379419,-0.4348663019343132,0.8200011367159775,7.094056679395017e-10,0.0,0.0,3.3452976399137495,0.0009688218847407011
82,solved,0,lti,1,36,36,36,45,-0.44485917059920554,0.8299838040663896,3.5403213627349456e-09,0.0,0.0,4.08704596954564,0.02598324852086118,0.48855225833675364,-0.01313685726838755,-0.1,0.0004934567079189222,0.3703807103967517,0.9288798325027997,-0.0003776718759770635,0.03462371228822642,0.7637167404231917,-0.7065877613153827,-0.1000227246119889,-0.9881634167153771,0.1534034459143288,-0.0006668185671029014,0.0002343168073926643,0.2343168073926643,0.0002343168075075442,0.2343168075075442,1,1.7514554852641646,0.13907904540940183,,34,0.1260582363581908,0.0029973281710596305,2.9973281710596305,0.0010026718289403696,1.0026718289403695,21.76521990260315,0.01,0.01,0.0001,0.17453292519943295,0.17453292519943295,0.5235987755982988,0.02,solved,1.7514554852641646,0.13907904540940183,-0.44485917059920554,0.8299838040663896,3.5403213627349456e-09,0.0,0.0,4.08704596954564,0.02598324852086118,0.7637167404231917,-0.7065877613153827,-0.1000227246119889,-0.9881634167153771,0.1534034459143288,-0.0006668185671029014,0.7637416348937112,-0.7063547706898969,-0.10002273194933009,-0.9868813040676567,0.1614461101356892,-0.0006672359222770619,0.0002343168073926643,0.2343168073926643,0.0002343168075075442,0.2343168075075442,-0.44485917059920554,0.8299838040663896,3.5403213627349456e-09,0.0,0.0,4.08704596954564,0.02598324852086118,-0.44485950634271015,0.8299846566001003,3.4854952342169904e-09,0.0,0.0,4.087045966318493,0.026489530107154945,-0.44485992572164906,0.8299857168254005,3.3761010814852886e-09,0.0,0.0,4.087045962540781,0.04416432366021398,-0.4448604232769961,0.8299869695634327,3.213319208462305e-09,0.0,0.0,4.087045958403403,0.04699611273916322,-0.4448609922058604,0.8299883965007586,2.9992216089226058e-09,0.0,0.0,4.0870459540907875,0.04724212573535922,-0.4448616244082386,0.8299899763276334,2.736751677431953e-09,0.0,0.0,4.087045951483397,0.047470892691326025,-0.4448623106981275,0.8299916850722885,2.4296761589354038e-09,0.0,0.0,4.047104285314208,0.04768320817006689,-0.4448621341863234,0.8299912306129051,2.082532860428902e-09,0.0,0.0,4.0471042831916835,0.047833411613493595,-0.4448619869690692,0.829990848072383,1.7010369484875342e-09,0.0,0.0,4.047104281197225,0.05561312283605088,-0.4448618719193811,0.8299905440327879,1.288536087577105e-09,0.0,0.0,4.047104280181319,0.020965061519288238,-0.44486179198055215,0.8299903239752087,8.630827008845233e-10,0.0,0.0,3.8688964185970285,0.011737238895045155,-0.4448640216600979,0.8299956829982695,4.31550491002018e-10,0.0,0.0,3.5645421520607883,0.00011846803173101559
83,solved,0,lti,1,37,37,37,45,-0.45484901154337604,0.8399592798299651,2.4825239762201008e-09,0.0,0.0,4.610644746019525,0.02048338298909394,0.4794552781058861,0.0036623283282117523,-0.1,0.0005103392442678173,0.4127992786870912,0.9108218098946956,-0.00035452704305083426,0.0350333799480083,0.7633328387246061,-0.7063664652911283,-0.10002300617776783,-0.9868453857374218,0.1616655171864477,-0.0006672342898022273,7.11058313632432e-05,0.0711058313632432,7.110583136442087e-05,0.07110583136442088,1,1.6757456350912654,0.11847083337905852,,34,0.6901052765669382,0.0029973847384265092,2.997384738426509,0.0010026152615734908,1.002615261573491,21.139304990690288,0.01,0.01,0.0001,0.17453292519943295,0.17453292519943295,0.5235987755982988,0.02,solved,1.6757456350912654,0.11847083337905852,-0.45484901154337604,0.8399592798299651,2.4825239762201008e-09,0.0,0.0,4.610644746019525,0.02048338298909394,0.7633328387246061,-0.7063664652911283,-0.10002300617776783,-0.9868453857374218,0.1616655171864477,-0.0006672342898022273,0.7633405217600373,-0.7062957757571051,-0.10002300658701034,-0.986453926142653,0.16403720996545934,-0.0006673413615654799,7.11058313632432e-05,0.0711058313632432,7.110583136442087e-05,0.07110583136442088,-0.45484901154337604,0.8399592798299651,2.4825239762201008e-09,0.0,0.0,4.610644746019525,0.02048338298909394,-0.45484959108318856,0.8399607408079856,2.444196084696427e-09,0.0,0.0,4.610644742167942,0.04627014522309779,-0.4548504077111033,0.8399627874560763,2.3677935390162537e-09,0.0,0.0,4.610644737888383,0.046774435003157463,-0.4548514502069276,0.8399653865812203,2.254000118753223e-09,0.0,0.0,4.6106447333718865,0.04703793818374335,-0.4548527037926139,0.8399684968496531,2.1041602638888286e-09,0.0,0.0,4.6106447305062215,0.04728240671973551,-0.4548541513253377,0.8399720716379585,1.9202135171208795e-09,0.0,0.0,4.57070306403206,0.04750949104343392,-0.45485486711942,0.8399737946231112,1.704710059381967e-09,0.0,0.0,4.570703061565672,0.04771510253209719,-0.4548557322039419,0.8399758716821089,1.4608293053980973e-09,0.0,0.0,4.57070305919669,0.05060814644066044,-0.4548567316908781,0.8399782652882524,1.1913027539533795e-09,0.0,0.0,4.570703056955412,0.04096506968452463,-0.45485784412562674,0.8399809167489805,9.049605411940718e-10,0.0,0.0,4.392454151835422,0.001464060041716816,-0.45486135332985433,0.8399893408871196,6.063563622217483e-10,0.0,0.0,3.8168069266000484,1.568243881167059e-05,-0.4548626738177845,0.8399924876083396,3.0278117884798954e-10,0.0,0.0,3.567095776689475,1.5101500989781925e-05
84,solved,0,lti,1,37,37,37,45,-0.4648485147448966,0.8499581568966443,-8.077856352573253e-10,0.0,0.0,5.134243506417834,0.026270147654963202,0.47015830781098816,0.02066149146614464,-0.1,0.0005278610389770006,0.45899858640683827,0.8884367797097077,-0.00032786932156628554,0.03555878290110757,0.7628421214393192,-0.7060835839169944,-0.1000233659708176,-0.9851082702639664,0.17193385373741868,-0.000667679965532967,0.0002317036569357386,0.2317036569357386,0.00023170365703972744,0.23170365703972742,1,1.6781914917779812,0.10858169695222078,,35,0.13322210525739298,0.0029974055120163133,2.9974055120163134,0.0010025944879836868,1.0025944879836868,20.659935870270346,0.01,0.01,0.0001,0.17453292519943295,0.17453292519943295,0.5235987755982988,0.02,solved,1.6781914917779812,0.10858169695222078,-0.4648485147448966,0.8499581568966443,-8.077856352573253e-10,0.0,0.0,5.134243506417834,0.026270147654963202,0.7628421214393192,-0.7060835839169944,-0.1000233659708176,-0.9851082702639664,0.17193385373741868,-0.000667679965532967,0.762869494660747,-0.7058535028630459,-0.10002337291266171,-0.9837585499515207,0.17949559631582865,-0.0006680572628130641,0.0002317036569357386,0.2317036569357386,0.00023170365703972744,0.23170365703972742,-0.4648485147448966,0.8499581568966443,-8.077856352573253e-10,0.0,0.0,5.134243506417834,0.026270147654963202,-0.4648493491679853,0.8499602475530723,-7.951079038219893e-10,0.0,0.0,5.134243502438202,0.02677443747840425,-0.46485042639565655,0.8499629321907282,-7.698166663117592e-10,0.0,0.0,5.134243498476158,0.04439886466023948,-0.4648517305476062,0.8499661664229298,-7.321878305715354e-10,0.0,0.0,5.134243496370925,0.04724267277062334,-0.46485324370073683,0.849969901413873,-6.827085404221351e-10,0.0,0.0,5.0943018308128725,0.047471361723083756,-0.46485403973380646,0.8499718195023844,-6.220697312468383e-10,0.0,0.0,5.094301829367504,0.047683461329205847,-0.4648549985198133,0.8499741234999217,-5.511564653691513e-10,0.0,0.0,5.094301828074884,0.048195103933522276,-0.46485610228298496,0.8499767687006287,-4.709300895512884e-10,0.0,0.0,5.094301826918463,0.05501302656047701,-0.4648573272754778,0.8499796906582696,-3.825680578521291e-10,0.0,0.0,4.916052926075716,0.0214640671086344,-0.46486095972361874,0.8499884093822636,-2.8965030329138916e-10,0.0,0.0,4.34042672343426,0.011288182731741385,-0.46486240646180566,0.8499918563854356,-1.9386400542658686e-10,0.0,0.0,3.7455822031091555,2.9383037842219612e-06,-0.4648625436694134,0.8499921812563866,-9.687566828114374e-11,0.0,0.0,3.3697282629797085,2.4100015784476673e-06
85,solved,0,lti,1,38,38,38,45,-0.47486481046426404,0.8599970273384908,6.779224360893828e-09,0.0,0.0,5.6578422785200315,0.020630662777549085,0.46066101160170286,0.03786143201291446,-0.1,0.0005455568253268593,0.508503666006774,0.8610596004470904,-0.0002974950736289489,0.03597139615665855,0.7624579888917127,-0.7058621201550259,-0.10002364552597706,-0.9837096978017875,0.17976313413447553,-0.0006678748881785227,7.121282197211321e-05,0.07121282197211322,7.121282197429567e-05,0.07121282197429567,1,1.1983928270973014,0.07240899761570359,,35,0.6996366658724911,0.0029974211076558657,2.9974211076558657,0.0010025788923441344,1.0025788923441343,20.063241511674423,0.01,0.01,0.0001,0.17453292519943295,0.17453292519943295,0.5235987755982988,0.02,solved,1.1983928270973014,0.07240899761570359,-0.47486481046426404,0.8599970273384908,6.779224360893828e-09,0.0,0.0,5.6578422785200315,0.020630662777549085,0.7624579888917127,-0.7058621201550259,-0.10002364552597706,-0.9837096978017875,0.17976313413447553,-0.0006678748881785227,0.7624666040628647,-0.7057914303761378,-0.10002364608350504,-0.9832901201187495,0.1820442075009173,-0.0006679762107190107,7.121282197211321e-05,0.07121282197211322,7.121282197429567e-05,0.07121282197429567,-0.47486481046426404,0.8599970273384908,6.779224360893828e-09,0.0,0.0,5.6578422785200315,0.020630662777549085,-0.4748656532469019,0.8599991342682606,6.67275439421476e-09,0.0,0.0,5.6578422745300205,0.04654053140537794,-0.47486648926716957,0.860001221445346,6.46064409766729e-09,0.0,0.0,5.657842272398569,0.047038349556811326,-0.474867305389744,0.8600032574749831,6.145005417176259e-09,0.0,0.0,5.6179011931439256,0.047282732293947916,-0.4748671840835108,0.8600029507998316,5.729843847415784e-09,0.0,0.0,5.488215868548723,0.04750967776729808,-0.4748670182858543,0.8600025401996582,5.2207767922575134e-09,0.0,0.0,5.3312643371699515,0.04775598732921419,-0.4748668057739406,0.8600020225025927,4.625044245791308e-09,0.0,0.0,5.189122563001435,0.05035601609383251,-0.4748665422520852,0.860001382410649,3.949294861653108e-09,0.0,0.0,4.90228422159354,0.04146402834745964,-0.4748685337268108,0.8600061947722418,3.215307371454673e-09,0.0,0.0,4.25922414232905,0.001157376808492188,-0.47486821110562427,0.86000545208134,2.434963710314072e-09,0.0,0.0,3.618353696166371,1.0842289647234315e-06,-0.47486647658895675,0.86000136946672,1.6302633741622672e-09,0.0,0.0,3.1916828607615138,9.17748079279701e-07,-0.4748645315186434,0.8599968136063989,8.14256046782032e-10,0.0,0.0,3.1216041584073224,8.072723810966298e-07
86,solved,0,lti,1,38,38,38,45,-0.48484299537816905,0.8699456792058896,-1.3320761398860113e-08,0.0,0.0,5.134243500935205,0.026540569763173618,0.4509641516941395,0.05526034559703226,-0.1,0.0005601053387459668,0.5520230701440791,0.8338286058256438,-0.0002691051430249538,0.036502207551922024,0.761965332178932,-0.7055780839360987,-0.10002400323235718,-0.9818755072001246,0.18952583493909886,-0.000668020310800002,0.00022927681030231433,0.22927681030231434,0.00022927681048318316,0.22927681048318316,1,1.7313524290548417,0.1039160493114589,,36,0.14303726414414875,0.00299741185950935,2.99741185950935,0.00100258814049065,1.00258814049065,19.60755456942555,0.01,0.01,0.0001,0.17453292519943295,0.17453292519943295,0.5235987755982988,0.02,solved,1.7313524290548417,0.1039160493114589,-0.48484299537816905,0.8699456792058896,-1.3320761398860113e-08,0.0,0.0,5.134243500935205,0.026540569763173618,0.761965332178932,-0.7055780839360987,-0.10002400323235718,-0.9818755072001246,0.18952583493909886,-0.000668020310800002,0.7619949836660803,-0.7053507325669532,-0.1000240123393902,-0.9804741800398759,0.19664672789088933,-0.0006683449256645144,0.00022927681030231433,0.22927681030231434,0.00022927681048318316,0.22927681048318316,-0.48484299537816905,0.8699456792058896,-1.3320761398860113e-08,0.0,0.0,5.134243500935205,0.026540569763173618,-0.4848441745993769,0.8699486057433675,-1.3109018909288093e-08,0.0,0.0,5.13424349872645,0.027038380697750986,-0.48484567584851396,0.869952308140112,-1.2686762939037863e-08,0.0,0.0,5.094302419332018,0.04465571961140672,-0.48484657461484437,0.8699544694732877,-1.2058773781134961e-08,0.0,0.0,4.964617094550575,0.04747283343608969,-0.48484775123685114,0.8699572905220777,-1.123319965138012e-08,0.0,0.0,4.8076655629545,0.04768934751791664,-0.48484918539256644,0.8699607179580996,-1.0221519891400532e-08,0.0,0.0,4.6655237885530685,0.04816364146955941,-0.4848508492742728,0.8699646749332529,-9.036958518073544e-09,0.0,0.0,4.378685446911459,0.05532797543054455,-0.48485502133836694,0.8699746646546895,-7.695792350134064e-09,0.0,0.0,3.7356253674263917,0.021157440034326378,-0.4848571042368271,0.8699795997081706,-6.2528065143105176e-09,0.0,0.0,3.0947549195160637,0.011376927991101344,-0.4848579643456007,0.8699816064301206,-4.738253745324068e-09,0.0,0.0,2.6717428029410786,1.2790652905330646e-06,-0.4848587643227351,0.8699834574084663,-3.17259106559818e-09,0.0,0.0,2.720245011516641,1.1698431583363179e-06,-0.48486161676426903,0.8699900800528937,-1.5848622552374863e-09,0.0,0.0,2.813655924970418,1.172899108230517e-06
87,solved,0,lti,1,39,39,39,45,-0.49483123881267677,0.8799183607961444,-6.235614965156575e-09,0.0,0.0,4.61064472699765,0.02087237698911447,0.441067526917886,0.07285871281295514,-0.1,0.0005719131935575732,0.589867682567954,0.807499678592099,-0.00024300384262186672,0.03691965509170431,0.7615790427897009,-0.7053553545448522,-0.10002428062836985,-0.980407096283763,0.19698091126691392,-0.0006679467764690863,7.123591124934968e-05,0.07123591124934968,7.123591132123093e-05,0.07123591132123093,1,1.8033708827952486,0.12539338723097157,,36,0.7117088190285169,0.0029973956063696207,2.9973956063696208,0.0010026043936303794,1.0026043936303795,19.038404096652627,0.01,0.01,0.0001,0.17453292519943295,0.17453292519943295,0.5235987755982988,0.02,solved,1.8033708827952486,0.12539338723097157,-0.49483123881267677,0.8799183607961444,-6.235614965156575e-09,0.0,0.0,4.61064472699765,0.02087237698911447,0.7615790427897009,-0.7053553545448522,-0.10002428062836985,-0.980407096283763,0.19698091126691392,-0.0006679467764690863,0.7615883716014403,-0.7052847321098683,-0.10002428382853426,-0.9799710227324243,0.19913901760872452,-0.0006680348782136493,7.123591124934968e-05,0.07123591124934968,7.123591132123093e-05,0.07123591132123093,-0.49483123881267677,0.8799183607961444,-6.235614965156575e-09,0.0,0.0,4.61064472699765,0.02087237698911447,-0.49483293615671287,0.8799225382585416,-6.136318054924946e-09,0.0,0.0,4.570703647463094,0.0467983076148575,-0.49483422638786945,0.8799256427340658,-5.938549245963093e-09,0.0,0.0,4.441018322426876,0.04728492111435186,-0.49483598577941906,0.8799298605990461,-5.644332515862635e-09,0.0,0.0,4.284066790488082,0.047512204255686516,-0.49483818674803015,0.8799351169515222,-5.2574476548221875e-09,0.0,0.0,4.141925015683124,0.047753743719516455,-0.49484079109020357,0.8799413065156231,-4.78316677154808e-09,0.0,0.0,3.8550866736041,0.050545055579935015,-0.49484606357685307,0.8799538975669643,-4.226393673148838e-09,0.0,0.0,3.212026593673845,0.04115746667822839,-0.49484939244046405,0.8799617624756305,-3.60521180928025e-09,0.0,0.0,2.571156145333944,0.0013010382270884375,-0.49485162607329647,0.8799669818784724,-2.930050107729219e-09,0.0,0.0,2.1481440283675592,1.4836372408476113e-06,-0.4948539072426089,0.8799722781761972,-2.2192087961064297e-09,0.0,0.0,2.1966462366084425,1.4539262243897184e-06,-0.4948583259063042,0.8799825246044739,-1.4860088878521812e-09,0.0,0.0,2.290057147959583,1.4558440335197086e-06,-0.49485995285978585,0.8799862697822695,-7.420472895011426e-10,0.0,0.0,2.330464710483391,1.4238718982330602e-06
88,solved,0,lti,1,39,39,39,45,-0.5048329361567129,0.8899225382585416,0.0,0.0,0.0,4.047104871864795,0.026798307614857513,0.4309708681947517,0.09065716357812598,-0.1,0.0005812768233954545,0.6220561129938673,0.7829724172353664,-0.00021966525232158332,0.037455621244001466,0.7610844864475687,-0.7050702010620417,-0.10002463713191616,-0.9784967166514069,0.20626131353884863,-0.000667861995452062,0.0002275721903633507,0.2275721903633507,0.00022757219048077495,0.22757219048077496,1,1.8148856897138157,0.15035441669452682,,37,0.1576100979536417,0.0029973671191631337,2.9973671191631337,0.0010026328808368664,1.0026328808368663,18.60305182239296,0.01,0.01,0.0001,0.17453292519943295,0.17453292519943295,0.5235987755982988,0.02,solved,1.8148856897138157,0.15035441669452682,-0.5048329361567129,0.8899225382585416,0.0,0.0,0.0,4.047104871864795,0.026798307614857513,0.7610844864475687,-0.7050702010620417,-0.10002463713191616,-0.9784967166514069,0.20626131353884863,-0.000667861995452062,0.76111622900923,-0.7048448535268744,-0.10002464444252335,-0.9770580656240984,0.21297204057017038,-0.0006680825345286705,0.0002275721903633507,0.2275721903633507,0.00022757219048077495,0.22757219048077496,-0.5048329361567129,0.8899225382585416,0.0,0.0,0.0,4.047104871864795,0.026798307614857513,-0.5048342263878695,0.8899256427340658,0.0,0.0,0.0,3.9174195468285773,0.02728492111435187,-0.504835985779419,0.8899298605990461,0.0,0.0,0.0,3.7604680148897836,0.04484810557854816,-0.5048381867480302,0.8899351169515222,0.0,0.0,0.0,3.618326240084825,0.04769151022875831,-0.5048407910902035,0.8899413065156231,0.0,0.0,0.0,3.3314878980058014,0.0481821951112675,-0.504846063576853,0.8899538975669643,0.0,0.0,0.0,2.6884278180755463,0.05536290329937394,-0.504849392440464,0.8899617624756305,0.0,0.0,0.0,2.0475573697356455,0.021301038227088433,-0.5048516260732965,0.8899669818784725,0.0,0.0,0.0,1.6245452527692605,0.011291045077861358,-0.5048539072426089,0.8899722781761972,0.0,0.0,0.0,1.6730474610101438,1.6132056005352957e-06,-0.5048583259063042,0.8899825246044739,0.0,0.0,0.0,1.7664583723612841,1.5636031884289454e-06,-0.5048599528597858,0.8899862697822695,0.0,0.0,0.0,1.8068659348850922,1.5403467668300515e-06,-0.5048599528597858,0.8899862697822695,0.0,0.0,0.0,1.8068659348850922,1.517261936053849e-06
89,solved,0,lti,1,40,40,40,45,-0.5148342263878695,0.8999256427340658,0.0,0.0,0.0,3.3938207712302786,0.02100577134473747,0.42067418366699433,0.1086556764328073,-0.1,0.0005883957115585663,0.6482654844036125,0.7614141288388213,-0.00019981505227010247,0.037875736670896214,0.7606978936415285,-0.704847285082898,-0.10002491337405478,-0.976980752770367,0.21332642349765588,-0.0006676480701244345,7.230087089685826e-05,0.07230087089685826,7.230087094645132e-05,0.07230087094645132,1,1.8146177431165835,0.18517928691924657,,37,0.7284853990857061,0.002997331698317823,2.997331698317823,0.001002668301682177,1.0026683016821771,18.060172866179116,0.01,0.01,0.0001,0.17453292519943295,0.17453292519943295,0.5235987755982988,0.02,solved,1.8146177431165835,0.18517928691924657,-0.5148342263878695,0.8999256427340658,0.0,0.0,0.0,3.3938207712302786,0.02100577134473747,0.7606978936415285,-0.704847285082898,-0.10002491337405478,-0.976980752770367,0.21332642349765588,-0.0006676480701244345,0.7607080331534616,-0.704775698727842,-0.10002491605197238,-0.9765260856880911,0.21539813865328045,-0.0006677090661431714,7.230087089685826e-05,0.07230087089685826,7.230087094645132e-05,0.07230087094645132,-0.5148342263878695,0.8999256427340658,0.0,0.0,0.0,3.3938207712302786,0.02100577134473747,-0.514835985779419,0.8999298605990461,0.0,0.0,0.0,3.236869239291485,0.04703450418613413,-0.5148381867480302,0.8999351169515222,0.0,0.0,0.0,3.0947274644865264,0.04751463327990273,-0.5148407910902035,0.8999413065156231,0.0,0.0,0.0,2.8078891224075027,0.04775713952789595,-0.514846063576853,0.8999538975669643,0.0,0.0,0.0,2.1648290424772476,0.050513374849392834,-0.514849392440464,0.8999617624756305,0.0,0.0,0.0,1.5239585941373468,0.04130103822708845,-0.5148516260732965,0.8999669818784725,0.0,0.0,0.0,1.1009464771709618,0.0012172320724782677,-0.5148539072426089,0.8999722781761972,0.0,0.0,0.0,1.149448685411845,1.6811338379805284e-06,-0.5148583259063042,0.8999825246044739,0.0,0.0,0.0,1.2428595967629854,1.6588480531966273e-06,-0.5148599528597858,0.8999862697822695,0.0,0.0,0.0,1.2832671592867935,1.6581115475799951e-06,-0.5148599528597858,0.8999862697822695,0.0,0.0,0.0,1.2832671592867935,1.627417812110549e-06,-0.5148599528597858,0.8999862697822695,0.0,0.0,0.0,1.2832671592867935,1.836878087053557e-05
