k,stage,controller,solver_mode,inverse_sequence_mode,rollout_steps_used,was_applied,ref_idx,ref_s_mm,ref_x_mm,ref_y_mm,ref_z_mm,pred_x_mm,pred_y_mm,pred_z_mm,nl_x_mm,nl_y_mm,nl_z_mm,actual_x_mm,actual_y_mm,actual_z_mm,linearisation_err_xy_mm,linearisation_err_xyz_mm,execution_err_xy_mm,execution_err_xyz_mm,plant_vs_nl_err_xy_mm,plant_vs_nl_err_xyz_mm,tracking_pred_xy_mm,tracking_nl_xy_mm,tracking_actual_xy_mm,pred_step_mm,actual_step_mm,local_gain,direction_error_deg,u_plan_vx,u_applied_vx,u_plan_vy,u_applied_vy,u_plan_vz,u_applied_vz,u_plan_wx,u_applied_wx,u_plan_wy,u_applied_wy,u_plan_wz,u_applied_wz,u_plan_dL,u_applied_dL
0,0,sqp_full,sqp_full,,10,1,34,13.737373737374261,784.3954538531256,-709.9360621727807,-100.00874548336117,784.7332900182093,-709.9357979369736,-100.00150946953872,784.733290100677,-709.9358107375302,-100.00151351813669,784.733290100677,-709.9358107375302,-100.00151351813669,1.2800822260648177e-05,1.3425803368051017e-05,1.2800822260648177e-05,1.3425803368051017e-05,0.0,0.0,0.3378362684186875,0.3378363411169101,0.3378363411169101,0.3996247692391958,0.3996249738133647,1.0000005113514225,0.0019246870235046691,-0.32777308552981765,-0.32777308552981765,-0.0278975127801821,-0.0278975127801821,0.0,0.0,0.0,0.0,-0.08091807252213086,-0.08091807252213086,-0.00037628382050850965,-0.00037628382050850965,0.03995354592341058,0.03995354592341058
0,1,sqp_full,sqp_full,,10,1,35,14.141414141414698,783.9914136128365,-709.9363193927978,-100.00900270346003,784.3331118405255,-709.9361325064256,-100.00289515477407,784.3331118647288,-709.9361064078805,-100.00290434953811,784.3331118647288,-709.9361064078805,-100.00290434953811,2.609855621475271e-05,2.767089305355783e-05,2.609855621475271e-05,2.767089305355783e-05,0.0,0.0,0.3416982787961747,0.34169831827045505,0.34169831827045505,0.4001807166202462,0.40018076210563963,1.0000001088551502,0.005617897935903032,-0.08343266459648926,-0.08343266459648926,0.0006075467641153912,0.0006075467641153912,0.0,0.0,0.0,0.0,-0.06557057182397456,-0.06557057182397456,-0.0005366156404835375,-0.0005366156404835375,0.04001786510215636,0.04001786510215636
0,2,sqp_full,sqp_full,,10,1,36,14.545454545455133,783.5873733725475,-709.9365766128149,-100.00925992355889,783.9329804413065,-709.9363826615646,-100.00419606119294,783.9329803983316,-709.9363034245531,-100.00420809192211,783.9329803983316,-709.9363034245531,-100.00420809192211,7.923702316163366e-05,8.014514510379373e-05,7.923702316163366e-05,8.014514510379373e-05,0.0,0.0,0.34560712318083175,0.34560713375619667,0.34560713375619667,0.4001335921613977,0.4001336388770765,1.0000001079069198,0.007619814717463779,-0.04364205134716458,-0.04364205134716458,0.00101484536077258,0.00101484536077258,0.0,0.0,0.0,0.0,-0.0532805456407285,-0.0532805456407285,-0.000324376844863782,-0.000324376844863782,0.04001319255334226,0.04001319255334226
0,3,sqp_full,sqp_full,,10,1,37,14.94949494949557,783.1833331322584,-709.9368338328319,-100.00951714365775,783.5328907027094,-709.9366341334428,-100.00539115620624,783.5328905679357,-709.9364940911574,-100.00540811031563,783.5328905679357,-709.9364940911574,-100.00540811031563,0.00014004235017540996,0.0001410648846011338,0.00014004235017540996,0.0001410648846011338,0.0,0.0,0.3495576274943871,0.3495576007780615,0.3495576007780615,0.4000916025372989,0.4000916754746133,1.0000001706770998,0.008736220268451509,-0.02758638596428817,-0.02758638596428817,0.0010070059105145698,0.0010070059105145698,0.0,0.0,0.0,0.0,-0.04206142185361379,-0.04206142185361379,-0.00022817848201297947,-0.00022817848201297947,0.04000903607777504,0.04000903607777504
0,4,sqp_full,sqp_full,,10,1,38,15.353535353536007,782.7792928919694,-709.937091052849,-100.0097743637566,783.1328327960006,-709.9368830261874,-100.00645855912447,783.1328325504795,-709.9366787760368,-100.0064885451882,783.1328325504795,-709.9366787760368,-100.0064885451882,0.00020425029813610234,0.00020643969653992304,0.00020425029813610234,0.00020643969653992304,0.0,0.0,0.35353996523374837,0.35353989889635196,0.35353989889635196,0.4000594081095039,0.40005951904564835,1.0000002638891548,0.009383228977494598,-0.017281967438352943,-0.017281967438352943,0.0009742549535004788,0.0009742549535004788,0.0,0.0,0.0,0.0,-0.03185242814594074,-0.03185242814594074,-0.00016421294406559277,-0.00016421294406559277,0.040005857286364514,0.040005857286364514
0,5,sqp_full,sqp_full,,10,1,39,15.757575757576442,782.3752526516803,-709.9373482728662,-100.01003158385546,782.7327952845087,-709.9371207310978,-100.00737934307496,782.7327949243877,-709.9368521233845,-100.00743755966299,782.7327949243877,-709.9368521233845,-100.00743755966299,0.0002686079547000684,0.000274844327664112,0.0002686079547000684,0.000274844327664112,0.0,0.0,0.35754270523269344,0.3575426169523307,0.3575426169523307,0.400038641817656,0.40003878932786263,1.0000003533089707,0.010065457480424343,-0.010734044658097464,-0.010734044658097464,0.0009424956768145413,0.0009424956768145413,0.0,0.0,0.0,0.0,-0.022741644255583213,-0.022741644255583213,-0.00012241917461366616,-0.00012241917461366616,0.04000381607713654,0.04000381607713654
0,6,sqp_full,sqp_full,,10,1,40,16.161616161616767,781.9712124113913,-709.9376054928832,-100.01028880395431,782.332788795183,-709.9373856955453,-100.0082860412811,782.3327880775845,-709.9368623657309,-100.00825890598645,782.3327880775845,-709.9368623657309,-100.00825890598645,0.0005233303063636647,0.0005240333326933358,0.0005233303063636647,0.0005240333326933358,0.0,0.0,0.3615764505975311,0.36157642984717814,0.36157642984717814,0.40000760469079366,0.4000076901812271,0.9999999882043046,0.03847936743845749,-0.006639702027920851,-0.006639702027920851,0.00125267123153603,0.00125267123153603,0.0,0.0,0.0,0.0,-0.015184002549243573,-0.015184002549243573,-0.00011611890975374958,-0.00011611890975374958,0.04000072169243863,0.04000072169243863
0,7,sqp_full,sqp_full,,10,1,41,16.5656565656572,781.5671721711022,-709.9378627129003,-100.01054602405317,781.9327884852016,-709.9376376280782,-100.00908714837963,781.9327874036447,-709.9368521827619,-100.00897319603955,781.9327874036447,-709.9368521827619,-100.00897319603955,0.0007854460609932565,0.0007936691064557056,0.0007854460609932565,0.0007936691064557056,0.0,0.0,0.36561638338398733,0.3656166290504377,0.3656166290504377,0.4000011915329058,0.40000131183074245,1.0000000624893222,0.039551049696974885,-0.004095450161178408,-0.004095450161178408,0.0011937193085810331,0.0011937193085810331,0.0,0.0,0.0,0.0,-0.009518101579569034,-0.009518101579569034,-9.662434851363054e-05,-9.662434851363054e-05,0.040000098712483084,0.040000098712483084
0,8,sqp_full,sqp_full,,10,1,42,16.969696969697633,781.1631319308132,-709.9381199329173,-100.01080324415203,781.5327958565543,-709.9378904562136,-100.00978836728308,781.5327944149324,-709.9368378892758,-100.00958966456011,781.5327944149324,-709.9368378892758,-100.00958966456011,0.0010525679249605948,0.0010711591892765182,0.0010525679249605948,0.0010711591892765182,0.0,0.0,0.36966399696736785,0.3696647072700654,0.3696647072700654,0.39999332319703373,0.39999346401751895,1.0000001066217157,0.04014265944777275,-0.0025378356231476316,-0.0025378356231476316,0.001102227109033296,0.001102227109033296,0.0,0.0,0.0,0.0,-0.005016707379721282,-0.005016707379721282,-8.115373694277024e-05,-8.115373694277024e-05,0.039999325029090566,0.039999325029090566
0,9,sqp_full,sqp_full,,10,1,43,17.37373737373807,780.7590916905242,-709.9383771529344,-100.01106046425089,781.1328074507727,-709.9381439143817,-100.01040173308142,781.1328056653966,-709.9368217574997,-100.01012259737162,781.1328056653966,-709.9368217574997,-100.01012259737162,0.001322158087419443,0.0013513026132661566,0.001322158087419443,0.0013513026132661566,0.0,0.0,0.37371583303146105,0.37371721163196653,0.37371721163196653,0.39998895637047993,0.3999891048925857,1.000000123963422,0.040299100660717985,-0.0015920234997356046,-0.0015920234997356046,0.00101388110081645,0.00101388110081645,0.0,0.0,0.0,0.0,-0.0016346396454652273,-0.0016346396454652273,-6.97005274981687e-05,-6.97005274981687e-05,0.039998896212266453,0.039998896212266453
0,10,sqp_full,sqp_full,,10,0,44,17.777777777778503,780.3550514502351,-709.9386343729515,-100.01131768434975,780.7328191187577,-709.9383873572777,-100.01089571702782,780.7328170348134,-709.9368064443603,-100.01052883143971,nan,nan,nan,0.001580914290982072,0.0016229279189786314,nan,nan,nan,nan,0.37776774928220597,0.3777700070342809,nan,0.3999887111316522,nan,nan,nan,-0.0010233486684814315,nan,0.0009287848942390776,nan,0.0,nan,0.0,nan,0.0026047672418859,nan,-6.094862733405755e-05,nan,0.039998875657094264,nan
0,11,sqp_full,sqp_full,,10,0,45,18.181818181818937,779.951011209946,-709.9388915929685,-100.01157490444861,780.3328410747876,-709.9386537294029,-100.01153946012144,780.3328383863527,-709.9365789629081,-100.01095896450903,nan,nan,nan,0.0020747682365249353,0.002154446191326824,nan,nan,nan,nan,0.3818299389308491,0.38183417984838,nan,0.39997865070212685,nan,nan,nan,-0.0006206516331515474,nan,0.0012317005489263717,nan,0.0,nan,0.0,nan,0.0018018453630869226,nan,-7.716248951138185e-05,nan,0.03999786574436234,nan
0,12,sqp_full,sqp_full,,10,0,46,18.58585858585937,779.546970969657,-709.9391488129856,-100.01183212454747,779.9328647303532,-709.938908206685,-100.01216402147121,779.9328614698514,-709.9363387267928,-100.01137105721006,nan,nan,nan,0.002569481960981325,0.0026890574310077294,nan,nan,nan,nan,0.3858938357057971,0.3859007316975804,nan,0.3999769130119068,nan,nan,nan,-0.0004041457455282644,nan,0.0011521633467574276,nan,0.0,nan,0.0,nan,0.0022771005596008997,nan,-7.10542012708452e-05,nan,0.03999769190979998,nan
0,13,sqp_full,sqp_full,,10,0,47,18.989898989899697,779.142930729368,-709.9394060330028,-100.01208934464633,779.5329228987237,-709.9391631456319,-100.0127945401331,779.532919082866,-709.9361002030622,-100.01178656015146,nan,nan,nan,0.0030629449467221743,0.003224539562488793,nan,nan,nan,nan,0.38999224499084334,0.39000236457704945,nan,0.3999424098978497,nan,nan,nan,-0.0002528460531249023,nan,0.0010570541830678163,nan,0.0,nan,0.0,nan,0.0020937262179770108,nan,-6.454369347153755e-05,nan,0.03999424085530187,nan
0,14,sqp_full,sqp_full,,10,0,48,19.39393939394013,778.7388904890789,-709.9396632530198,-100.01234656474517,779.1368812424787,-709.9394359435322,-100.01345557693743,779.1368768576937,-709.9358837766872,-100.012224388744,nan,nan,nan,0.003552169551282401,0.0037594857213032766,nan,nan,nan,nan,0.3979908183128108,0.39800431410278686,nan,0.3960423018688821,nan,nan,nan,-0.00012970752694736574,nan,0.0009348256154649435,nan,0.0,nan,0.0,nan,0.0013017696889147715,nan,-5.6686823361131484e-05,nan,0.03960422932135392,nan
1,0,sqp_full,sqp_full,,10,1,36,14.545454545455133,783.5873733725475,-709.9365766128149,-100.00925992355889,781.232796108203,-709.9380456852534,-100.01027923705453,781.2327960799813,-709.9380507888097,-100.01027948938341,781.2327960799813,-709.9380507888097,-100.01027948938341,5.103634385354955e-06,5.109868275803437e-06,5.103634385354955e-06,5.109868275803437e-06,0.0,0.0,2.35457772263763,2.354577754049134,2.354577754049134,0.09999805591988216,0.09999809069113459,1.0000003464137563,0.0029277275194406977,6.114667659108145e-05,6.114667659108145e-05,-0.002681660522923966,-0.002681660522923966,0.0,0.0,0.0,0.0,-0.009087466097043995,-0.009087466097043995,0.00015798734821531035,0.00015798734821531035,-0.009998931785803756,-0.009998931785803756
1,1,sqp_full,sqp_full,,10,1,37,14.94949494949557,783.1833331322584,-709.9368338328319,-100.00951714365775,781.3327870893264,-709.9380185804439,-100.01033854437661,781.3327870635732,-709.9380283218815,-100.01033909877232,781.3327870635732,-709.9380283218815,-100.01033909877232,9.74147158723382e-06,9.757234407762994e-06,9.74147158723382e-06,9.757234407762994e-06,0.0,0.0,1.8505464221786458,1.8505464541941834,1.8505464541941834,0.09999100238540456,0.09999100388385149,1.0000000139055636,0.0026631803103864225,9.72956273480337e-07,9.72956273480337e-07,-0.00022970119989810974,-0.00022970119989810974,0.0,0.0,0.0,0.0,-0.0061420789774587125,-0.0061420789774587125,8.835007765311082e-06,8.835007765311082e-06,-0.009999090500243857,-0.009999090500243857
1,2,sqp_full,sqp_full,,10,1,38,15.353535353536007,782.7792928919694,-709.937091052849,-100.0097743637566,781.43278114133,-709.9379540483665,-100.01032818064908,781.4327811190939,-709.9379683442904,-100.01032892681059,781.4327811190939,-709.9379683442904,-100.01032892681059,1.4295941293330005e-05,1.4315400603441854e-05,1.4295941293330005e-05,1.4315400603441854e-05,0.0,0.0,1.3465120271914348,1.346512058665849,1.346512058665849,0.09999407336380783,0.09999407402574625,1.0000000055806468,0.002611996252913419,-5.113064184562964e-05,-5.113064184562964e-05,-0.0001582252856728451,-0.0001582252856728451,0.0,0.0,0.0,0.0,-0.003938962814487382,-0.003938962814487382,5.0694033047662025e-06,5.0694033047662025e-06,-0.009999406098970319,-0.009999406098970319
1,3,sqp_full,sqp_full,,10,1,39,15.757575757576442,782.3752526516803,-709.9373482728662,-100.01003158385546,781.5327731402964,-709.9378884859203,-100.0102649394579,781.5327731221184,-709.9379078263132,-100.01026572325236,781.5327731221184,-709.9379078263132,-100.01026572325236,1.934040149656133e-05,1.9356277116314168e-05,1.934040149656133e-05,1.9356277116314168e-05,0.0,0.0,0.8424796845809892,0.8424797153823999,0.8424797153823999,0.09999204045921085,0.09999204131320505,1.0000000072680146,0.002890579007684215,-9.129091607543845e-05,-9.129091607543845e-05,-0.0001603897962488148,-0.0001603897962488148,0.0,0.0,0.0,0.0,-0.0022198969550287395,-0.0022198969550287395,6.3719378524343395e-06,6.3719378524343395e-06,-0.009999205043005218,-0.009999205043005218
1,4,sqp_full,sqp_full,,10,1,40,16.161616161616767,781.9712124113913,-709.9376054928832,-100.01028880395431,781.6327339289073,-709.9378248863109,-100.01015583040515,781.6327339156413,-709.9378501185366,-100.01015650938017,781.6327339156413,-709.9378501185366,-100.01015650938017,2.523222924054695e-05,2.52413628696757e-05,2.523222924054695e-05,2.52413628696757e-05,0.0,0.0,0.3384785535867326,0.33847858414805826,0.33847858414805826,0.09996086839058282,0.09996086984210387,1.0000000127832978,0.0033776283591343973,-0.00012663854665342453,-0.00012663854665342453,-0.00016945091054846914,-0.00016945091054846914,0.0,0.0,0.0,0.0,-0.0006752905195557865,-0.0006752905195557865,8.94828389322126e-06,8.94828389322126e-06,-0.009996087468400824,-0.009996087468400824
1,5,sqp_full,sqp_full,,10,1,41,16.5656565656572,781.5671721711022,-709.9378627129003,-100.01054602405317,781.7275981840581,-709.9377453396871,-100.01000810250935,781.7275981764826,-709.9377765455167,-100.01000862479198,781.7275981764826,-709.9377765455167,-100.01000862479198,3.120583050655417e-05,3.121020084448936e-05,3.120583050655417e-05,3.121020084448936e-05,0.0,0.0,0.1604260558929929,0.16042602852129514,0.16042602852129514,0.09486440352690725,0.09486440464051994,1.000000009755023,0.003609153165792039,-0.00016195506952488333,-0.00016195506952488333,-0.00012362273344453505,-0.00012362273344453505,0.0,0.0,0.0,0.0,0.0008985625679755433,0.0008985625679755433,1.4691189951170072e-05,1.4691189951170072e-05,-0.009486438726448113,-0.009486438726448113
1,6,sqp_full,sqp_full,,10,1,42,16.969696969697633,781.1631319308132,-709.9381199329173,-100.01080324415203,781.3344544929046,-709.9380126991141,-100.01044392485083,781.3344544489547,-709.9380101932031,-100.01043807528016,781.3344544489547,-709.9380101932031,-100.01043807528016,2.5062963020356567e-06,6.363882324193127e-06,2.5062963020356567e-06,6.363882324193127e-06,0.0,0.0,0.1713225956511607,0.1713225532880351,0.1713225532880351,0.3931440236299942,0.3931440315120497,1.0000000162409766,0.00500005208652741,-0.00020309308846730832,-0.00020309308846730832,0.0006421661132663076,0.0006421661132663076,0.0,0.0,0.0,0.0,0.002556244902151638,0.002556244902151638,-3.911509256061817e-05,-3.911509256061817e-05,0.03931440518084953,0.03931440518084953
1,7,sqp_full,sqp_full,,10,1,43,17.37373737373807,780.7590916905242,-709.9383771529344,-100.01106046425089,780.9333951981714,-709.9382687673977,-100.01084872545677,780.9333951167724,-709.9382309643574,-100.0108359139067,780.9333951167724,-709.9382309643574,-100.0108359139067,3.780312788935928e-05,3.991506348586814e-05,3.780312788935928e-05,3.991506348586814e-05,0.0,0.0,0.17430354134542855,0.17430348755253766,0.17430348755253766,0.4010595807687477,0.4010595902680276,1.0000000196619345,0.005139737136409482,-0.0002246045198060737,-0.0002246045198060737,0.0006415109273858314,0.0006415109273858314,0.0,0.0,0.0,0.0,0.003810116855695913,0.003810116855695913,-3.998095910651704e-05,-3.998095910651704e-05,0.04010596189971519,0.04010596189971519
1,8,sqp_full,sqp_full,,10,1,44,17.777777777778503,780.3550514502351,-709.9386343729515,-100.01131768434975,780.5327014980209,-709.9385231644425,-100.01122028941464,780.5327013796383,-709.9384516121855,-100.011198583067,780.5327013796383,-709.9384516121855,-100.011198583067,7.155235493977439e-05,7.477235468891022e-05,7.155235493977439e-05,7.477235468891022e-05,0.0,0.0,0.17765008259393264,0.17765002341246106,0.17765002341246106,0.4006939531836368,0.4006939620120402,1.000000018239307,0.004990641377822404,-0.0002295202414339403,-0.0002295202414339403,0.0005953654049279597,0.0005953654049279597,0.0,0.0,0.0,0.0,0.004612574877146105,0.004612574877146105,-3.703079209473884e-05,-3.703079209473884e-05,0.04006939970221417,0.04006939970221417
1,9,sqp_full,sqp_full,,10,1,45,18.181818181818937,779.951011209946,-709.9388915929685,-100.01157490444861,780.1326414704879,-709.9387771870622,-100.0115657966814,780.1326413178188,-709.9386764298762,-100.01153679984232,780.1326413178188,-709.9386764298762,-100.01153679984232,0.0001007573017023846,0.00010484679548336171,0.0001007573017023846,0.00010484679548336171,0.0,0.0,0.18163029657304747,0.18163023531621802,0.18163023531621802,0.40006025737690626,0.4000602679554449,1.0000000236117155,0.00431102509069768,-0.00022115665531168412,-0.00022115665531168412,0.0005408074669576625,0.0005408074669576625,0.0,0.0,0.0,0.0,0.005015993409340851,0.005015993409340851,-3.3318204246517663e-05,-3.3318204246517663e-05,0.04000603062166404,0.04000603062166404
1,10,sqp_full,sqp_full,,10,0,46,18.58585858585937,779.546970969657,-709.9391488129856,-100.01183212454747,779.7327884687194,-709.9390316630507,-100.0118970402446,779.7327882847951,-709.9389028477306,-100.01186215173496,nan,nan,nan,0.0001288154514931748,0.0001334564672395856,nan,nan,nan,nan,0.1858175359914271,0.18581747792940315,nan,0.3998532199490093,nan,nan,nan,-0.00020320951476315445,nan,0.0005001954364062971,nan,0.0,nan,0.0,nan,0.005076837045152365,nan,-3.0603095725080164e-05,nan,0.03998532685842577,nan
1,11,sqp_full,sqp_full,,10,0,47,18.989898989899697,779.142930729368,-709.9394060330028,-100.01208934464633,779.3328761718377,-709.9392862392807,-100.01222731250407,779.3328759565767,-709.9391298498159,-100.0121846893088,nan,nan,nan,0.00015638961296975375,0.00016209394751379573,nan,nan,nan,nan,0.18994548024505245,0.18994542799573558,nan,0.39991251429038094,nan,nan,nan,-0.00017731698325970622,nan,0.0004657225822908979,nan,0.0,nan,0.0,nan,0.004828954738862951,nan,-2.8387867358663504e-05,nan,0.03999125620405894,nan
1,12,sqp_full,sqp_full,,10,0,48,19.39393939394013,778.7388904890789,-709.9396632530198,-100.01234656474517,778.9328738744794,-709.9395360240547,-100.01257381657763,778.9328736252548,-709.9393530648309,-100.01251727726846,nan,nan,nan,0.00018295939362725753,0.00019149630074464635,nan,nan,nan,nan,0.1939834271236235,0.19398338417853006,nan,0.40000252542876763,nan,nan,nan,-0.00014446130727941182,nan,0.00044099203965136766,nan,0.0,nan,0.0,nan,0.004263626869158299,nan,-2.6780690607917252e-05,nan,0.040000257046394115,nan
1,13,sqp_full,sqp_full,,10,0,49,19.797979797980563,778.3348502487898,-709.9399204730369,-100.01260378484403,778.532883747216,-709.9397857351844,-100.01297435434148,778.5328834048639,-709.939493528838,-100.01291040367927,nan,nan,nan,0.00029220654689343824,0.0002991226391373805,nan,nan,nan,nan,0.19803354426257938,0.19803361630286326,nan,0.39999040575279,nan,nan,nan,-8.726728970557907e-05,nan,0.0005341142085399805,nan,0.0,nan,0.0,nan,0.002505379566038856,nan,-3.221493022771348e-05,nan,0.039999044476180946,nan
1,14,sqp_full,sqp_full,,10,0,50,20.202018536570584,777.9308118884686,-709.9394310773979,-100.01286100494289,778.1368287334062,-709.9397411120492,-100.01340584544108,778.1368283602441,-709.9393369889463,-100.01333963350885,nan,nan,nan,0.00040412327515711144,0.00040951146686631567,nan,nan,nan,nan,0.20601707822296247,0.20601649326080185,nan,0.3960552513725281,nan,nan,nan,-4.708551200091489e-05,nan,0.0009091413483715801,nan,0.0,nan,0.0,nan,0.0013846706352174027,nan,-5.449166558762039e-05,nan,0.03960550747573614,nan
2,0,sqp_full,sqp_full,,10,1,39,15.757575757576442,782.3752526516803,-709.9373482728662,-100.01003158385546,780.2326370725806,-709.938717102792,-100.0114241317389,780.2326370722409,-709.9387167997801,-100.01142404764923,780.2326370722409,-709.9387167997801,-100.01142404764923,3.030121393123055e-07,3.144637156535527e-07,3.030121393123055e-07,3.144637156535527e-07,0.0,0.0,2.142616016344503,2.1426160164906705,2.1426160164906705,0.09999582650678604,0.09999582613904973,0.9999999963175389,0.00018017860701612863,-4.8644389440185785e-05,-4.8644389440185785e-05,-0.00030616336672234355,-0.00030616336672234355,0.0,0.0,0.0,0.0,-0.0004289280767308975,-0.0004289280767308975,1.6183763670799968e-05,1.6183763670799968e-05,-0.00999957607418585,-0.00999957607418585
2,1,sqp_full,sqp_full,,10,1,40,16.161616161616767,781.9712124113913,-709.9376054928832,-100.01028880395431,780.3326334159433,-709.9386553714975,-100.01132061858698,780.3326334155778,-709.9386551136419,-100.01132046926296,780.3326334155778,-709.9386551136419,-100.01132046926296,2.578558847604263e-07,2.9797201522520183e-07,2.578558847604263e-07,2.9797201522520183e-07,0.0,0.0,1.6385793317897899,1.6385793319900812,1.6385793319900812,0.09999641599391892,0.09999641600784523,1.000000000138953,4.5466953813729375e-05,-4.560411830003514e-05,-4.560411830003514e-05,-0.00012763179598990868,-0.00012763179598990868,0.0,0.0,0.0,0.0,-0.0005693533362908533,-0.0005693533362908533,5.646132155129872e-06,5.646132155129872e-06,-0.009999642416172403,-0.009999642416172403
2,2,sqp_full,sqp_full,,10,1,41,16.5656565656572,781.5671721711022,-709.9378627129003,-100.01054602405317,780.43263092592,-709.9385894797077,-100.01120959334482,780.4326309246813,-709.9385884363631,-100.01120915146322,780.4326309246813,-709.9385884363631,-100.01120915146322,1.043345368199521e-06,1.1330617399015747e-06,1.043345368199521e-06,1.1330617399015747e-06,0.0,0.0,1.1345414779591858,1.1345414785299934,1.1345414785299934,0.0999975933203926,0.09999759329312172,0.9999999996921536,0.00048026873530613424,-4.9245679620280646e-05,-4.9245679620280646e-05,-0.00011861868971969754,-0.00011861868971969754,0.0,0.0,0.0,0.0,-0.0004551840179530091,-0.0004551840179530091,5.490793486095158e-06,5.490793486095158e-06,-0.00999976000350614,-0.00999976000350614
2,3,sqp_full,sqp_full,,10,1,42,16.969696969697633,781.1631319308132,-709.9381199329173,-100.01080324415203,780.5326269874944,-709.9385242970442,-100.01108873050882,780.5326269862147,-709.9385232282681,-100.01108825814093,780.5326269862147,-709.9385232282681,-100.01108825814093,1.0687768337040768e-06,1.1685098836978883e-06,1.0687768337040768e-06,1.1685098836978883e-06,0.0,0.0,0.63050507298502,0.6305050735801265,0.6305050735801265,0.09999615586109609,0.09999615587356232,1.0000000001245881,2.2765518468793922e-05,-5.716947515660887e-05,-5.716947515660887e-05,-0.00012473935238344034,-0.00012473935238344034,0.0,0.0,0.0,0.0,-0.00017583656719631082,-0.00017583656719631082,6.023130529090749e-06,6.023130529090749e-06,-0.009999615876223831,-0.009999615876223831
2,4,sqp_full,sqp_full,,10,1,43,17.37373737373807,780.7590916905242,-709.9383771529344,-100.01106046425089,780.6326093556986,-709.9384595919427,-100.01094564093559,780.6326093543563,-709.9384584889997,-100.01094515077261,780.6326093543563,-709.9384584889997,-100.01094515077261,1.1029437759371155e-06,1.2069568010070754e-06,1.1029437759371155e-06,1.2069568010070754e-06,0.0,0.0,0.12648236169175534,0.1264823623199445,0.1264823623199445,0.09998249153273744,0.09998249151770733,0.9999999998495982,2.208288465562367e-05,-7.50205873330781e-05,-7.50205873330781e-05,-0.00012802499254738675,-0.00012802499254738675,0.0,0.0,0.0,0.0,0.0005074525348696887,0.0005074525348696887,7.079097696730553e-06,7.079097696730553e-06,-0.009998248239781671,-0.009998248239781671
2,5,sqp_full,sqp_full,,10,1,44,17.777777777778503,780.3550514502351,-709.9386343729515,-100.01131768434975,780.7292970746422,-709.9383858108648,-100.01077476720381,780.7292970733264,-709.9383847596706,-100.01077431024741,780.7292970733264,-709.9383847596706,-100.01077431024741,1.0511949552916637e-06,1.1462198691882182e-06,1.0511949552916637e-06,1.1462198691882182e-06,0.0,0.0,0.37424570695065473,0.3742457063344647,0.3742457063344647,0.09668789808455415,0.09668789801282317,0.9999999992579163,3.644323583217498e-05,-0.00010025440409729638,-0.00010025440409729638,-0.00010503614390507328,-0.00010503614390507328,0.0,0.0,0.0,0.0,0.001512055346782796,0.001512055346782796,1.0492000483845454e-05,1.0492000483845454e-05,-0.009668786350074976,-0.009668786350074976
2,6,sqp_full,sqp_full,,10,1,45,18.181818181818937,779.951011209946,-709.9388915929685,-100.01157490444861,780.3336187494875,-709.938648762124,-100.01117579456091,780.3336187500071,-709.9386487690587,-100.01117629910286,780.3336187500071,-709.9386487690587,-100.01117629910286,6.9541128881644535e-09,5.045898719563926e-07,6.9541128881644535e-09,5.045898719563926e-07,0.0,0.0,0.3826076166005827,0.38260761711576574,0.38260761711576574,0.3956786157521928,0.39567861559703993,0.9999999996013534,0.00020702910668606638,-0.0001353863160766074,-0.0001353863160766074,0.00048537336622361544,0.00048537336622361544,0.0,0.0,0.0,0.0,0.002835441681672365,0.002835441681672365,-2.9716316269326227e-05,-2.9716316269326227e-05,0.03956786502749095,0.03956786502749095
2,7,sqp_full,sqp_full,,10,1,46,18.58585858585937,779.546970969657,-709.9391488129856,-100.01183212454747,779.9331350296302,-709.9389041993226,-100.01154292836166,779.93313503194,-709.9389051221465,-100.0115444413703,779.93313503194,-709.9389051221465,-100.0115444413703,9.228268188287232e-07,1.77223150555076e-06,9.228268188287232e-07,1.77223150555076e-06,0.0,0.0,0.38616413744790445,0.3861641391741566,0.3861641391741566,0.400483969599383,0.4004839693202381,0.9999999992971957,0.00019489615970584158,-0.00015528678586362637,-0.00015528678586362637,0.0004765018415572719,0.0004765018415572719,0.0,0.0,0.0,0.0,0.0038287662944197754,0.0038287662944197754,-2.9211956867346993e-05,-2.9211956867346993e-05,0.04004840104951652,0.04004840104951652
2,8,sqp_full,sqp_full,,10,1,47,18.989898989899697,779.142930729368,-709.9394060330028,-100.01208934464633,779.5328220922562,-709.9391590153001,-100.01187763118628,779.5328220937259,-709.9391597818864,-100.01187791974286,779.5328220937259,-709.9391597818864,-100.01187791974286,7.665876480238636e-07,8.190979933903333e-07,7.665876480238636e-07,8.190979933903333e-07,0.0,0.0,0.3898914411378073,0.3898914421227104,0.3898914421227104,0.4003131583975577,0.4003131581161249,0.9999999992922143,0.00017667339219273678,-0.00016196427560100205,-0.00016196427560100205,0.0004469893157363499,0.0004469893157363499,0.0,0.0,0.0,0.0,0.004407942730082732,0.004407942730082732,-2.738571407597675e-05,-2.738571407597675e-05,0.04003132020367732,0.04003132020367732
2,9,sqp_full,sqp_full,,10,1,48,19.39393939394013,778.7388904890789,-709.9396632530198,-100.01234656474517,779.1327440122298,-709.9394136374557,-100.01219283416023,779.1327440171193,-709.9394165111984,-100.01219506190247,779.1327440171193,-709.9394165111984,-100.01219506190247,2.8737468479068838e-06,3.6361045690079894e-06,2.8737468479068838e-06,3.6361045690079894e-06,0.0,0.0,0.39385360225117605,0.3938536053298789,0.3938536053298789,0.4000782852179904,0.40007828467738493,0.999999998623134,0.0004101073960041326,-0.00015873987055163057,-0.00015873987055163057,0.0004143193631336616,0.0004143193631336616,0.0,0.0,0.0,0.0,0.004662705908898507,0.004662705908898507,-2.52678467574789e-05,-2.52678467574789e-05,0.040007832904227394,0.040007832904227394
2,10,sqp_full,sqp_full,,10,0,49,19.797979797980563,778.3348502487898,-709.9399204730369,-100.01260378484403,778.732788959726,-709.939667949539,-100.0124973569984,778.7327889676847,-709.9396736109751,-100.01250045098821,nan,nan,nan,5.661441691674749e-06,6.451720313183282e-06,nan,nan,nan,nan,0.3979387910591044,0.39793879546538197,nan,0.3999552492868437,nan,nan,nan,-0.00014798365331226718,nan,0.0003868079681619709,nan,0.0,nan,0.0,nan,0.004652013980407645,nan,-2.3494155495771714e-05,nan,0.039995529266951525,nan
2,11,sqp_full,sqp_full,,10,0,50,20.202018536570584,777.9308118884686,-709.9394310773979,-100.01286100494289,778.3328340708727,-709.939893967906,-100.01280027316434,778.3328340811216,-709.9399022327901,-100.01280362251617,nan,nan,nan,8.264890576198046e-06,8.917767314481222e-06,nan,nan,nan,nan,0.402022448891263,0.40202246874146147,nan,0.39995506742659137,nan,nan,nan,-0.00013122865550647042,nan,0.0004040576534292023,nan,0.0,nan,0.0,nan,0.004402614590932346,nan,-2.4430300280942084e-05,nan,0.039995510499800144,nan
2,12,sqp_full,sqp_full,,10,0,50,20.202018536570584,777.9308118884686,-709.9394310773979,-100.01286100494289,777.9324862510281,-709.9390691191248,-100.0131489160353,777.9324862588869,-709.9390859806412,-100.0131545429699,nan,nan,nan,1.6861518125742306e-05,1.777563462957579e-05,nan,nan,nan,nan,0.0017130393375601126,0.0017095637072741024,nan,0.4003488213816125,nan,nan,nan,-9.497218289557324e-05,nan,0.0018233250950920857,nan,0.0,nan,0.0,nan,0.0030210745113968328,nan,-0.00010913453331772412,nan,0.040034727653733296,nan
2,13,sqp_full,sqp_full,,10,0,51,20.60596566234257,777.527149014864,-709.9242818618887,-100.01311822504175,777.5301562822502,-709.9234754740006,-100.01352922699604,777.5301560430908,-709.9234994003601,-100.01353820595784,nan,nan,nan,2.3927554807372075e-05,2.5556792330972663e-05,nan,nan,nan,nan,0.0031135058307906554,0.003107163465314472,nan,0.40263222695344514,nan,nan,nan,-0.00010491518240060976,nan,0.021247261842994705,nan,0.0,nan,0.0,nan,0.002349646338207529,nan,-0.001267238801118156,nan,0.04023265377434541,nan
2,14,sqp_full,sqp_full,,10,0,52,21.009682638263833,777.1272469472419,-709.8689133979727,-100.01337544514061,777.1552320105862,-709.8755892698639,-100.01390518683645,777.1552321892158,-709.875643576545,-100.01391420188408,nan,nan,nan,5.430697482098979e-05,5.505014621134016e-05,nan,nan,nan,nan,0.028770315185866122,0.028783138674428468,nan,0.3779701567256007,nan,nan,nan,1.6755438614919752e-06,nan,0.061125960801382835,nan,0.0,nan,0.0,nan,0.0013357115604963148,nan,-0.0036377123965580585,nan,0.03750031557370746,nan
3,0,sqp_full,sqp_full,,10,1,41,16.5656565656572,781.5671721711022,-709.9378627129003,-100.01054602405317,779.2327211010207,-709.9393568900174,-100.01207961796999,779.232721101037,-709.9393569147877,-100.01207961932262,779.232721101037,-709.9393569147877,-100.01207961932262,2.477030230114282e-08,2.4807206849226585e-08,2.477030230114282e-08,2.4807206849226585e-08,0.0,0.0,2.334451548259297,2.3344515482588317,2.3344515482588317,0.09997716833066078,0.09997716833065051,0.9999999999998666,1.4183953086968166e-05,0.0018846300632013404,0.0018846300632013404,-0.00010407663327655999,-0.00010407663327655999,0.0,0.0,0.0,0.0,-0.000141841300488015,-0.000141841300488015,1.5006270344641455e-05,1.5006270344641455e-05,-0.009997717265418241,-0.009997717265418241
3,1,sqp_full,sqp_full,,10,1,42,16.969696969697633,781.1631319308132,-709.9381199329173,-100.01080324415203,779.3327211295559,-709.9392918175843,-100.01197688146631,779.3327211298162,-709.939291681767,-100.0119773329394,779.3327211298162,-709.939291681767,-100.0119773329394,1.3581749565449638e-07,4.714598049174731e-07,1.3581749565449638e-07,4.714598049174731e-07,0.0,0.0,1.8304111763954076,1.830411176048222,1.830411176048222,0.10000010248116847,0.10000010236828684,0.9999999988597651,0.00027382186002690217,0.0019574238832543137,0.0019574238832543137,-9.860580024053197e-05,-9.860580024053197e-05,0.0,0.0,0.0,0.0,-0.000450310955568453,-0.000450310955568453,1.6286918851003937e-05,1.6286918851003937e-05,-0.01000001112924896,-0.01000001112924896
3,2,sqp_full,sqp_full,,10,1,43,17.37373737373807,780.7590916905242,-709.9383771529344,-100.01106046425089,779.432654488447,-709.9392266920587,-100.01187542577506,779.4326544885987,-709.9392268236994,-100.01187550923265,779.4326544885987,-709.9392268236994,-100.01187550923265,1.3164078569980967e-07,1.5586682707139676e-07,1.3164078569980967e-07,1.5586682707139676e-07,0.0,0.0,1.3264374741279636,1.326437474060625,1.326437474060625,0.09993343161252831,0.09993343170430607,1.0000000009080268,0.000260834486202135,0.00203735066173682,0.00203735066173682,-9.484100804931777e-05,-9.484100804931777e-05,0.0,0.0,0.0,0.0,-0.00042181916183602785,-0.00042181916183602785,1.8050407797712135e-05,1.8050407797712135e-05,-0.009993344068314803,-0.009993344068314803
3,3,sqp_full,sqp_full,,10,1,44,17.777777777778503,780.3550514502351,-709.9386343729515,-100.01131768434975,779.5327081436704,-709.9391614752133,-100.01175919132027,779.532708142246,-709.9391596838686,-100.01175980464562,779.532708142246,-709.9391596838686,-100.01175980464562,1.7913451945998422e-06,1.8934322247568413e-06,1.7913451945998422e-06,1.8934322247568413e-06,0.0,0.0,0.8223434754945228,0.8223434757727923,0.8223434757727923,0.10005374399423286,0.10005374307581177,0.9999999906220043,0.0011422371472087714,0.0021117037808926604,0.0021117037808926604,-9.446456426115513e-05,-9.446456426115513e-05,0.0,0.0,0.0,0.0,-0.00013806677931998802,-0.00013806677931998802,2.8531494176931027e-05,2.8531494176931027e-05,-0.010005374826456687,-0.010005374826456687
3,4,sqp_full,sqp_full,,10,1,45,18.181818181818937,779.951011209946,-709.9388915929685,-100.01157490444861,779.632655617092,-709.9390961226964,-100.01162345212377,779.6326556183717,-709.9390978120309,-100.01162363214019,779.6326556183717,-709.9390978120309,-100.01162363214019,1.6893350457821467e-06,1.6988992915469468e-06,1.6893350457821467e-06,1.6988992915469468e-06,0.0,0.0,0.3183556585547349,0.31835565836489865,0.31835565836489865,0.09994758696154774,0.09994758803983579,1.0000000101727453,0.0020107304692878634,0.0021296550022102557,0.0021296550022102557,-0.00010374585741596362,-0.00010374585741596362,0.0,0.0,0.0,0.0,0.0004267059224770991,0.0004267059224770991,5.2462924337527066e-05,5.2462924337527066e-05,-0.009994758266204938,-0.009994758266204938
3,5,sqp_full,sqp_full,,10,1,46,18.58585858585937,779.546970969657,-709.9391488129856,-100.01183212454747,779.7303111083633,-709.9390261818518,-100.01145690093844,779.7303111095972,-709.9390276755404,-100.01145705942227,779.7303111095972,-709.9390276755404,-100.01145705942227,1.4936891269784962e-06,1.5020733438475886e-06,1.4936891269784962e-06,1.5020733438475886e-06,0.0,0.0,0.18334017971852257,0.18334017995953317,0.18334017995953317,0.09765565834313748,0.09765565847455078,1.0000000013436492,0.00011548689079720213,0.002028427290166485,0.002028427290166485,-8.732669799640802e-05,-8.732669799640802e-05,0.0,0.0,0.0,0.0,0.0013554327679683145,0.0013554327679683145,4.8051848887629675e-05,4.8051848887629675e-05,-0.009765562923567568,-0.009765562923567568
3,6,sqp_full,sqp_full,,10,1,47,18.989898989899697,779.142930729368,-709.9394060330028,-100.01208934464633,779.3338397597154,-709.9392852774172,-100.01184314182684,779.3338397428163,-709.9392691501113,-100.01184451639921,779.3338397428163,-709.9392691501113,-100.01184451639921,1.6127314789106308e-05,1.618578794734037e-05,1.6127314789106308e-05,1.618578794734037e-05,0.0,0.0,0.19090906853808134,0.19090906252111886,0.19090906252111886,0.3964716214449336,0.3964716296408542,1.0000000196797865,0.002552541907242897,0.0017898180025452024,0.0017898180025452024,0.00045007562261754116,0.00045007562261754116,0.0,0.0,0.0,0.0,0.0025732502684826858,0.0025732502684826858,-4.442705297370113e-06,-4.442705297370113e-06,0.03964716635366648,0.03964716635366648
3,7,sqp_full,sqp_full,,10,1,48,19.39393939394013,778.7388904890789,-709.9396632530198,-100.01234656474517,778.9323155983861,-709.9395405250984,-100.01219530693399,778.9323155621453,-709.9395074764916,-100.01219698492066,778.9323155621453,-709.9395074764916,-100.01219698492066,3.3048626721928084e-05,3.3091197734505356e-05,3.3048626721928084e-05,3.3091197734505356e-05,0.0,0.0,0.1934251482425299,0.19342513579426607,0.19342513579426607,0.4015243968960918,0.40152440610380286,1.0000000220435967,0.0024149850475109324,0.0014752662847745597,0.0014752662847745597,0.00043639582564589395,0.00043639582564589395,0.0,0.0,0.0,0.0,0.003459863098300417,0.003459863098300417,-6.880424514819842e-06,-6.880424514819842e-06,0.040152444510352485,0.040152444510352485
3,8,sqp_full,sqp_full,,10,1,49,19.797979797980563,778.3348502487898,-709.9399204730369,-100.01260378484403,778.5328662047058,-709.939788031085,-100.01251677823537,778.5328661502788,-709.9397416475933,-100.0125158504019,778.5328661502788,-709.9397416475933,-100.0125158504019,4.6383523535820266e-05,4.6392802572519326e-05,4.6383523535820266e-05,4.6392802572519326e-05,0.0,0.0,0.19801600020739596,0.1980159822362096,0.1980159822362096,0.399449599717742,0.39944960777527666,1.0000000195930965,0.0019488925912445844,0.0011038558590297013,0.0011038558590297013,0.00040802333091105385,0.00040802333091105385,0.0,0.0,0.0,0.0,0.0039327807935312185,0.0039327807935312185,-8.18238257815507e-06,-8.18238257815507e-06,0.03994496473847648,0.03994496473847648
3,9,sqp_full,sqp_full,,10,1,50,20.202018536570584,777.9308118884686,-709.9394310773979,-100.01286100494289,778.1328335941788,-709.9395609387757,-100.01282063215632,778.1328335704708,-709.9395033299921,-100.0128208074982,778.1328335704708,-709.9395033299921,-100.0128208074982,5.760878839968967e-05,5.760905524008416e-05,5.760878839968967e-05,5.760905524008416e-05,0.0,0.0,0.20202174744829382,0.20202169492271654,0.20202169492271654,0.40003279038485057,0.4000327670352621,0.999999941233302,0.0016155206817098616,0.0007046946036559544,0.0007046946036559544,0.0010453053849580857,0.0010453053849580857,0.0,0.0,0.0,0.0,0.004089723756298814,0.004089723756298814,-4.9939121301482765e-05,-4.9939121301482765e-05,0.04000324330232916,0.04000324330232916
3,10,sqp_full,sqp_full,,10,0,51,20.60596566234257,777.527149014864,-709.9242818618887,-100.01311822504175,777.731919769678,-709.9315503212728,-100.01311360945238,777.7319212873962,-709.9316333581096,-100.01312641378374,nan,nan,nan,8.30507058529089e-05,8.403196203956935e-05,nan,nan,nan,nan,0.20489971334518614,0.20490419247712616,nan,0.4009939532017095,nan,nan,nan,0.000303476858137133,nan,0.011259971726006431,nan,0.0,nan,0.0,nan,0.003991157422228457,nan,-0.0006681437719992016,nan,0.04009083101893063,nan
3,11,sqp_full,sqp_full,,10,0,52,21.009682638263833,777.1272469472419,-709.8689133979727,-100.01337544514061,777.3279090007572,-709.8955975267229,-100.01338764784386,777.3279219038136,-709.8960225828961,-100.01340541362543,nan,nan,nan,0.00042525197141876983,0.0004256229107916636,nan,nan,nan,nan,0.20242851194469047,0.20249776814145312,nan,0.4056074209589597,nan,nan,nan,9.809899973353059e-06,nan,0.046441107368950484,nan,0.0,nan,0.0,nan,0.0037015805138946255,nan,-0.0027621134544982043,nan,0.040402863269068,nan
3,12,sqp_full,sqp_full,,10,0,53,21.413189617935263,776.7396844805236,-709.7566051130042,-100.01363266523947,776.9338910088984,-709.811905034395,-100.01374128679092,776.9339220041026,-709.8122055640076,-100.01375349023013,nan,nan,nan,0.00030212373418165233,0.00030237009555278535,nan,nan,nan,nan,0.20192636521574855,0.20203867381742624,nan,0.40280856028764367,nan,nan,nan,0.00031528531535077794,nan,0.1036049595144931,nan,0.0,nan,0.0,nan,0.0025078563885417744,nan,-0.006150918501715096,nan,0.03943608943145061,nan
3,13,sqp_full,sqp_full,,10,0,54,21.81642421755359,776.3812543101576,-709.571873174405,-100.01388988533833,776.5772898883777,-709.6729360493765,-100.01406684752288,776.577344851188,-709.6730975008829,-100.01407535230672,nan,nan,nan,0.0001705505773037057,0.0001707624981274172,nan,nan,nan,nan,0.2205530607939874,0.22067592653585183,nan,0.38272293365236143,nan,nan,nan,0.0023455753425250677,nan,0.1644428680384763,nan,0.0,nan,0.0,nan,0.001877902900379873,nan,-0.009743092430660297,nan,0.03580583488615255,nan
3,14,sqp_full,sqp_full,,10,0,55,22.21945701180642,776.0693811583575,-709.3165880313447,-100.01414710543719,776.3309732236153,-709.5338542431764,-100.01431183319133,776.3310474141261,-709.5339236686608,-100.0143189437275,nan,nan,nan,0.00010160772515059326,0.00010185621991295717,nan,nan,nan,nan,0.3400514893504851,0.3401529195165201,nan,0.28287047950182204,nan,nan,nan,0.005057628628086004,nan,0.15882129260343733,nan,0.0,nan,0.0,nan,0.0009284899046503243,nan,-0.009393898644202866,nan,0.024885397782464586,nan
4,0,sqp_full,sqp_full,,10,1,44,17.777777777778503,780.3550514502351,-709.9386343729515,-100.01131768434975,778.2328362577382,-709.9399832384074,-100.01271231526927,778.2328362574443,-709.9399833981937,-100.01271213549519,778.2328362574443,-709.9399833981937,-100.01271213549519,1.5978656555170698e-07,2.405212422872699e-07,1.5978656555170698e-07,2.405212422872699e-07,0.0,0.0,2.1222156211616743,2.1222156215571153,2.1222156215571153,0.10000389764080085,0.1000038983090489,1.000000006679328,0.0001378018171733492,0.006431555351925867,0.006431555351925867,-0.0008410042785427373,-0.0008410042785427373,0.0,0.0,0.0,0.0,-6.321913681774701e-05,-6.321913681774701e-05,9.490848142255606e-05,9.490848142255606e-05,-0.01000023454253103,-0.01000023454253103
4,1,sqp_full,sqp_full,,10,1,45,18.181818181818937,779.951011209946,-709.9388915929685,-100.01157490444861,778.3328284684284,-709.9399279624208,-100.01261624752615,778.3328284666435,-709.9399279809109,-100.01261481933464,778.3328284666435,-709.9399279809109,-100.01261481933464,1.8576039088071508e-08,1.4283123107490945e-06,1.8576039088071508e-08,1.4283123107490945e-06,0.0,0.0,1.6181830733904599,1.6181830751870963,1.6181830751870963,0.09999227211712093,0.09999227191162456,0.9999999978659396,0.0007199139673976325,0.00659163009318386,0.00659163009318386,-8.107896740929293e-05,-8.107896740929293e-05,0.0,0.0,0.0,0.0,-0.0003677246839242838,-0.0003677246839242838,7.165926673435312e-05,7.165926673435312e-05,-0.009999227977494576,-0.009999227977494576
4,2,sqp_full,sqp_full,,10,1,46,18.58585858585937,779.546970969657,-709.9391488129856,-100.01183212454747,778.4327996679824,-709.9398625394399,-100.01252089519832,778.4327996687972,-709.9398639916809,-100.01252171980434,778.4327996687972,-709.9398639916809,-100.01252171980434,1.4522413337220341e-06,1.670023940123458e-06,1.4522413337220341e-06,1.670023940123458e-06,0.0,0.0,1.1141715302773896,1.1141715303938335,1.1141715303938335,0.09997126643447571,0.09997126598274064,0.9999999951246089,0.0015304344495589075,0.006652314250002653,0.006652314250002653,-6.252627679127835e-05,-6.252627679127835e-05,0.0,0.0,0.0,0.0,-0.0004000148312457155,-0.0004000148312457155,0.00015163929509952925,0.00015163929509952925,-0.009997127629901688,-0.009997127629901688
4,3,sqp_full,sqp_full,,10,1,47,18.989898989899697,779.142930729368,-709.9394060330028,-100.01208934464633,778.5327651769936,-709.939796620704,-100.0124183866001,778.5327651777384,-709.9397997926142,-100.01241835464727,778.5327651777384,-709.9397997926142,-100.01241835464727,3.171910266385274e-06,3.1720712038328544e-06,3.171910266385274e-06,3.1720712038328544e-06,0.0,0.0,0.6101656773885806,0.6101656786825347,0.6101656786825347,0.09996558330331597,0.09996558299609645,0.9999999967420722,0.0011011376592614576,0.0063822588369579865,0.0063822588369579865,-6.0109398211294244e-05,-6.0109398211294244e-05,0.0,0.0,0.0,0.0,-0.00023226744706736393,-0.00023226744706736393,0.00024667852997782114,0.00024667852997782114,-0.009996559134052254,-0.009996559134052254
4,4,sqp_full,sqp_full,,10,1,48,19.39393939394013,778.7388904890789,-709.9396632530198,-100.01234656474517,778.6327772167047,-709.9397305116225,-100.01230767180449,778.6327772117559,-709.939733719126,-100.01230522987548,778.6327772117559,-709.939733719126,-100.01230522987548,3.207507302771448e-06,4.031267844804188e-06,3.207507302771448e-06,4.031267844804188e-06,0.0,0.0,0.10611329368982866,0.10611330072016008,0.10611330072016008,0.10001212284183474,0.10001211982167481,0.9999999695116684,0.001380800386990134,0.005559422706187087,0.005559422706187087,-6.232160489660067e-05,-6.232160489660067e-05,0.0,0.0,0.0,0.0,-1.4296214308865969e-05,-1.4296214308865969e-05,0.0002248299749947311,0.0002248299749947311,-0.010001212556575396,-0.010001212556575396
4,5,sqp_full,sqp_full,,10,1,49,19.797979797980563,778.3348502487898,-709.9399204730369,-100.01260378484403,778.7274161850554,-709.9396641671977,-100.01216260801861,778.7274161818375,-709.939670459387,-100.01215981487941,778.7274161818375,-709.939670459387,-100.01215981487941,6.292190036928559e-06,6.88427788570422e-06,6.292190036928559e-06,6.88427788570422e-06,0.0,0.0,0.39256601993634727,0.3925660126607422,0.3925660126607422,0.0946391027830038,0.09463910294076837,1.0000000011289354,0.001879575653156006,0.003816347095541532,0.003816347095541532,-6.816455220734436e-05,-6.816455220734436e-05,0.0,0.0,0.0,0.0,0.0009149185326868472,0.0009149185326868472,0.00011877268600027546,0.00011877268600027546,-0.009463908755968144,-0.009463908755968144
4,6,sqp_full,sqp_full,,10,1,50,20.202018536570584,777.9308118884686,-709.9394310773979,-100.01286100494289,778.3350812056561,-709.9399043391435,-100.0125161828999,778.3350812288021,-709.9400363870742,-100.0125355657512,778.3350812288021,-709.9400363870742,-100.0125355657512,0.00013204793272956328,0.00013346292167685508,0.00013204793272956328,0.00013346292167685508,0.0,0.0,0.40426959420161235,0.40426979349628545,0.40426979349628545,0.39233521223310064,0.39233530361803226,1.000000179958061,0.01864844636617496,0.001221586302796081,0.001221586302796081,0.0001929967185605244,0.0001929967185605244,0.0,0.0,0.0,0.0,0.0020801592946826093,0.0020801592946826093,5.6084585329891016e-05,5.6084585329891016e-05,0.03923353432050152,0.03923353432050152
4,7,sqp_full,sqp_full,,10,1,50,20.202018536570584,777.9308118884686,-709.9394310773979,-100.01286100494289,777.9329629521907,-709.9392342795182,-100.01284350981925,777.9329627423591,-709.9395016658917,-100.01288272848453,777.9329627423591,-709.9395016658917,-100.01288272848453,0.0002673864558197146,0.00027024733201784886,0.0002673864558197146,0.00027024733201784886,0.0,0.0,0.0021600473472042944,0.0021520118944713157,0.0021520118944713157,0.40211894495640266,0.402118991826945,1.000000058704706,0.01948969466239915,-0.0016176765300252086,-0.0016176765300252086,0.0014298673998490766,0.0014298673998490766,0.0,0.0,0.0,0.0,0.0027851923341819127,0.0027851923341819127,-7.379820717497723e-05,-7.379820717497723e-05,0.040211813839943364,0.040211813839943364
4,8,sqp_full,sqp_full,,10,1,51,20.60596566234257,777.527149014864,-709.9242818618887,-100.01311822504175,777.5306118588824,-709.9237149884143,-100.01314756671832,777.5306061672015,-709.9241142959835,-100.01321850486374,777.5306061672015,-709.9241142959835,-100.01321850486374,0.0003993481313201782,0.00040559974169811236,0.0003993481313201782,0.00040559974169811236,0.0,0.0,0.003508936339101811,0.0034612108600024097,0.0034612108600024097,0.40265039815374853,0.402650838160127,1.000001035908861,0.019322580110350582,-0.004020355956646892,-0.004020355956646892,0.02088654673879766,0.02088654673879766,0.0,0.0,0.0,0.0,0.0030800386200218965,0.0030800386200218965,-0.001241762349209904,-0.001241762349209904,0.04023524130403192,0.04023524130403192
4,9,sqp_full,sqp_full,,10,1,52,21.009682638263833,777.1272469472419,-709.8689133979727,-100.01337544514061,777.1296614544158,-709.8680076890666,-100.01345500786041,777.1296342038373,-709.8686282160994,-100.01352497058407,777.1296342038373,-709.8686282160994,-100.01352497058407,0.0006211251020601697,0.0006250529378465779,0.0006211251020601697,0.0006250529378465779,0.0,0.0,0.0025787891567992127,0.0024042301789099925,0.0024042301789099925,0.40480195721195283,0.40479292778687725,0.9999775437188961,0.03143448529019847,-0.005534802809334421,-0.005534802809334421,0.07041423515148361,0.07041423515148361,0.0,0.0,0.0,0.0,0.00298953690675778,0.00298953690675778,-0.004184026854029133,-0.004184026854029133,0.04010742605439398,0.04010742605439398
4,10,sqp_full,sqp_full,,10,0,53,21.413189617935263,776.7396844805236,-709.7566051130042,-100.01363266523947,776.7381392796323,-709.7536808268362,-100.0137596609813,776.738072833265,-709.7545116065947,-100.01383672763022,nan,nan,nan,0.0008334327368968184,0.0008369882886323046,nan,nan,nan,nan,0.003307430329818908,0.002642002265775169,nan,0.40787294294687115,nan,nan,nan,-0.004774790957716867,nan,0.1377206377890117,nan,0.0,nan,0.0,nan,0.002773100652461614,nan,-0.008163940992516425,nan,0.03923306077523772,nan
4,11,sqp_full,sqp_full,,10,0,54,21.81642421755359,776.3812543101576,-709.571873174405,-100.01388988533833,776.3808285585009,-709.5689115069504,-100.01404461099219,776.3806656743109,-709.5700633295321,-100.01413111001428,nan,nan,nan,0.0011632826480295025,0.0011664941491625256,nan,nan,nan,nan,0.00299211272942267,0.0019031633204402132,nan,0.4022570499109484,nan,nan,nan,-0.0005717870071092693,nan,0.21341588226121003,nan,0.0,nan,0.0,nan,0.002243744137109965,nan,-0.012624675333964646,nan,0.03601961682001356,nan
4,12,sqp_full,sqp_full,,10,0,55,22.21945701180642,776.0693811583575,-709.3165880313447,-100.01414710543719,776.0841662850565,-709.328391385917,-100.01430356356977,776.0838703444622,-709.3296241396225,-100.01440456901513,nan,nan,nan,0.0012677785822811155,0.0012717958301873957,nan,nan,nan,nan,0.018918751297758628,0.019490424136109987,nan,0.38191425760696696,nan,nan,nan,0.0075007494546789335,nan,0.2686367669154968,nan,0.0,nan,0.0,nan,0.0014874864805816462,nan,-0.015868109255591668,nan,0.03032336353956496,nan
4,13,sqp_full,sqp_full,,10,0,56,22.622393333371768,775.8238147912732,-708.9971279048322,-100.01440432553605,775.8695855479954,-709.0684936418842,-100.0145108982233,775.8691562037819,-709.0695477651917,-100.01462186252317,nan,nan,nan,0.0011382057815105305,0.0011436019748629555,nan,nan,nan,nan,0.08478225401521007,0.08544284559159085,nan,0.3370337862273713,nan,nan,nan,0.016548462375553446,nan,0.28342045209698313,nan,0.0,nan,0.0,nan,0.0009025343046046432,nan,-0.01673108826799188,nan,0.022519839000311733,nan
4,14,sqp_full,sqp_full,,10,0,57,23.025391063526154,775.6586124146631,-708.6295476018917,-100.0146615456349,775.7404104644546,-708.8679423605279,-100.01465098170367,775.7398770894175,-708.8687354657565,-100.01476796446467,nan,nan,nan,0.0009557744681031415,0.0009629069530578551,nan,nan,nan,nan,0.25203765967587577,0.2526158775356915,nan,0.23855196139372484,nan,nan,nan,0.018375601718337516,nan,0.2145302887452817,nan,0.0,nan,0.0,nan,0.0004219899585871237,nan,-0.012667714575664023,nan,0.013984634758404352,nan
5,0,sqp_full,sqp_full,,10,1,46,18.58585858585937,779.546970969657,-709.9391488129856,-100.01183212454747,777.2295584569338,-709.9394522269606,-100.01339378452532,777.2295584070243,-709.939436799179,-100.01339372812507,777.2295584070243,-709.939436799179,-100.01339372812507,1.5427862336917846e-05,1.5427965428926645e-05,1.5427862336917846e-05,1.5427965428926645e-05,0.0,0.0,2.3174125325858945,2.3174125805267307,2.3174125805267307,0.12247821880293147,0.12246925755018444,0.9999268286500542,0.005875169326743155,0.007936708041283456,0.007936708041283456,-0.09011752445311205,-0.09011752445311205,0.0,0.0,0.0,0.0,0.0006484107938242202,0.0006484107938242202,0.00599356812184229,0.00599356812184229,-0.010002232005380057,-0.010002232005380057
5,1,sqp_full,sqp_full,,10,1,47,18.989898989899697,779.142930729368,-709.9394060330028,-100.01208934464633,777.3295379960607,-709.9405548461226,-100.01328678640614,777.329537941523,-709.9405394425236,-100.01328665575195,777.329537941523,-709.9405394425236,-100.01328665575195,1.5403695610642622e-05,1.540424970521393e-05,1.5403695610642622e-05,1.540424970521393e-05,0.0,0.0,1.8133930972029222,1.8133931420477292,1.8133931420477292,0.09998567628245461,0.09998567200050168,0.9999999571740315,4.476412657367345e-05,0.007792421626950206,0.007792421626950206,-0.0015151443192543165,-0.0015151443192543165,0.0,0.0,0.0,0.0,3.1125264105280655e-06,3.1125264105280655e-06,0.0008000037184795453,0.0008000037184795453,-0.009997872518396844,-0.009997872518396844
5,2,sqp_full,sqp_full,,10,1,48,19.39393939394013,778.7388904890789,-709.9396632530198,-100.01234656474517,777.4294924300364,-709.9404953797963,-100.01318578432364,777.4294923761571,-709.9404804235427,-100.0131856640835,777.4294923761571,-709.9404804235427,-100.0131856640835,1.495635072842656e-05,1.4956834050103034e-05,1.495635072842656e-05,1.4956834050103034e-05,0.0,0.0,1.3093983234522473,1.3093983679121417,1.3093983679121417,0.09995450269520326,0.09995450307812453,1.0000000038209353,0.0002564961119579384,0.005642369873106975,0.005642369873106975,-3.602072147428759e-05,-3.602072147428759e-05,0.0,0.0,0.0,0.0,-0.00018989060547280548,-0.00018989060547280548,0.0005789052519026013,0.0005789052519026013,-0.009995451091950677,-0.009995451091950677
5,3,sqp_full,sqp_full,,10,1,49,19.797979797980563,778.3348502487898,-709.9399204730369,-100.01260378484403,777.5293986745115,-709.9399213639101,-100.01308329848473,777.5293986220795,-709.9399065950736,-100.01308322026603,777.5293986220795,-709.9399065950736,-100.01308322026603,1.4768929669506183e-05,1.4769136797630781e-05,1.4768929669506183e-05,1.4769136797630781e-05,0.0,0.0,0.8054515742788524,0.8054516268299773,0.8054516268299773,0.09990794604396254,0.09990794637139745,1.0000000032755183,0.00011015003637185222,0.002591182509731177,0.002591182509731177,0.0006287218523057173,0.0006287218523057173,0.0,0.0,0.0,0.0,-0.0002271650763623492,-0.0002271650763623492,0.0004219502453028526,0.0004219502453028526,-0.009990672842340035,-0.009990672842340035
5,4,sqp_full,sqp_full,,10,1,50,20.202018536570584,777.9308118884686,-709.9394310773979,-100.01286100494289,777.629512239007,-709.9348584091986,-100.01296966002013,777.6295122327816,-709.9348463383338,-100.0129699669167,777.6295122327816,-709.9348463383338,-100.0129699669167,1.2070866357502114e-05,1.2074767083529937e-05,1.2070866357502114e-05,1.2074767083529937e-05,0.0,0.0,0.3013343459682742,0.3013345356067669,0.3013345356067669,0.10024156932181123,0.10024147880203356,0.9999990966143546,0.001557095420357352,-0.001257556387161446,-0.001257556387161446,0.0065805712625244435,0.0065805712625244435,0.0,0.0,0.0,0.0,7.771207235725751e-06,7.771207235725751e-06,-0.00012526443363550206,-0.00012526443363550206,-0.010011678494729365,-0.010011678494729365
5,5,sqp_full,sqp_full,,10,1,51,20.60596566234257,777.527149014864,-709.9242818618887,-100.01311822504175,777.721902819065,-709.9310333668924,-100.01283998549032,777.7219027838742,-709.9310410308066,-100.0128392735503,777.7219027838742,-709.9310410308066,-100.0128392735503,7.663995074507686e-06,7.696991561339478e-06,7.663995074507686e-06,7.696991561339478e-06,0.0,0.0,0.19487079583818886,0.19487102634345935,0.19487102634345935,0.09246981695446337,0.09246897521503712,0.9999908743509534,0.012233225662917721,-0.006893162876201514,-0.006893162876201514,0.005017233990735628,0.005017233990735628,0.0,0.0,0.0,0.0,0.0005728177158072615,0.0005728177158072615,-0.00015293403169469507,-0.00015293403169469507,-0.009239194746328047,-0.009239194746328047
5,6,sqp_full,sqp_full,,10,1,52,21.009682638263833,777.1272469472419,-709.8689133979727,-100.01337544514061,777.3357388840207,-709.8972220648752,-100.01317434080792,777.3357332709727,-709.8974726218938,-100.0131739215559,777.3357332709727,-709.8974726218938,-100.0131739215559,0.00025061988322012436,0.00025062023389488475,0.00025061988322012436,0.00025062023389488475,0.0,0.0,0.21040501021493913,0.21043330642693014,0.21043330642693014,0.3876414589108904,0.3876259056884585,0.9999596816910212,0.035837639892757095,-0.01403920124302888,-0.01403920124302888,0.04364425427643318,0.04364425427643318,0.0,0.0,0.0,0.0,0.0014943646884241428,0.0014943646884241428,-0.0024828682566336584,-0.0024828682566336584,0.038619627813471655,0.038619627813471655
5,7,sqp_full,sqp_full,,10,1,53,21.413189617935263,776.7396844805236,-709.7566051130042,-100.01363266523947,776.9364748171679,-709.8128872392426,-100.01353693765083,776.9364355645362,-709.8134541235491,-100.01353788642713,776.9364355645362,-709.8134541235491,-100.01353788642713,0.0005682416616612019,0.000568242453732506,0.0005682416616612019,0.000568242453732506,0.0,0.0,0.20468051771115225,0.20479941176692856,0.20479941176692856,0.40807387734423733,0.4080415406548835,0.9999204570477527,0.04443531210603584,-0.018883583968770757,-0.018883583968770757,0.10393022512701425,0.10393022512701425,0.0,0.0,0.0,0.0,0.0019814387567433046,0.0019814387567433046,-0.0060753594514858615,-0.0060753594514858615,0.039965300268406743,0.039965300268406743
5,8,sqp_full,sqp_full,,10,1,54,21.81642421755359,776.3812543101576,-709.571873174405,-100.01388988533833,776.5621949402235,-709.6644898955577,-100.01384729693966,776.5620695316329,-709.6653875860759,-100.01384475555112,776.5620695316329,-709.6653875860759,-100.01384475555112,0.0009064080653683685,0.000906411628136224,0.0009064080653683685,0.000906411628136224,0.0,0.0,0.20326674259632616,0.2035659340540464,0.2035659340540464,0.4026255012056732,0.4025838052874598,0.9998960848451321,0.04828771522946517,-0.020166842786734154,-0.020166842786734154,0.17557171710086678,0.17557171710086678,0.0,0.0,0.0,0.0,0.0019523894412857923,0.0019523894412857923,-0.010327168691236953,-0.010327168691236953,0.03759694768427523,0.03759694768427523
5,9,sqp_full,sqp_full,,10,1,55,22.21945701180642,776.0693811583575,-709.3165880313447,-100.01414710543719,776.2242732461077,-709.442689642794,-100.01413768429752,776.2240054703101,-709.4438222821663,-100.01413773023638,776.2240054703101,-709.4438222821663,-100.01413773023638,0.0011638624598600904,0.0011638624607667178,0.0011638624598600904,0.0011638624607667178,0.0,0.0,0.19973275960077966,0.2002429335306219,0.2002429335306219,0.4042109694267637,0.404201161909206,0.9999755059571339,0.03891773632945404,-0.015896654988811453,-0.015896654988811453,0.2535881770104767,0.2535881770104767,0.0,0.0,0.0,0.0,0.001564492863008001,0.001564492863008001,-0.014950461632440726,-0.014950461632440726,0.034273362062918124,0.034273362062918124
5,10,sqp_full,sqp_full,,10,0,56,22.622393333371768,775.8238147912732,-708.9971279048322,-100.01440432553605,775.9498833301803,-709.1607418129586,-100.01439999072683,775.9494149507535,-709.1619375721699,-100.01440321575478,nan,nan,nan,0.0012842193655647786,0.0012842234150243876,nan,nan,nan,nan,0.20654972145855585,0.20721396311418583,nan,0.39342657957514926,nan,nan,nan,-0.005987491756445385,nan,0.31389232926843486,nan,0.0,nan,0.0,nan,0.0008721964277601151,nan,-0.018530991850824286,nan,0.028439255265163624,nan
5,11,sqp_full,sqp_full,,10,0,57,23.025391063526154,775.6586124146631,-708.6295476018917,-100.0146615456349,775.7494087047941,-708.8312409292347,-100.01462767411819,775.7487239478761,-708.832155392039,-100.01463455785384,nan,nan,nan,0.001142424727169742,0.001142445466123163,nan,nan,nan,nan,0.22118807516729916,0.22174310597260813,nan,0.3856954234086528,nan,nan,nan,0.008851925840116615,nan,0.36083721986143164,nan,0.0,nan,0.0,nan,0.00027057389371563175,nan,-0.021340922072696503,nan,0.02176001271805778,nan
5,12,sqp_full,sqp_full,,10,0,58,23.42857696903292,775.5758463738447,-708.2349483232249,-100.01491876573375,775.6285472706486,-708.4841225836201,-100.01480975621607,775.6276998104611,-708.4843198520892,-100.01481023031798,nan,nan,nan,0.0008701170141407176,0.0008701171433030034,nan,nan,nan,nan,0.254686467185462,0.25470559141309956,nan,0.36755770333353927,nan,nan,nan,0.025367948708278146,nan,0.3774695903337907,nan,0.0,nan,0.0,nan,-0.00017372036389086277,nan,-0.022383269115238167,nan,0.014523201425107794,nan
5,13,sqp_full,sqp_full,,10,0,59,23.832005755335558,775.5757993427779,-707.8315196216635,-100.01517598583261,775.5782358802768,-708.1642053599688,-100.01493782353953,775.5773364098375,-708.163288827149,-100.01494855464273,nan,nan,nan,0.0012841648962454548,0.0012842097326079564,nan,nan,nan,nan,0.3326946605925104,0.33177276603678396,nan,0.3238491661114536,nan,nan,nan,0.03751429299812214,nan,0.3481733443413517,nan,0.0,nan,0.0,nan,-0.0003753703260603732,nan,-0.02071864487974024,nan,0.007858451302274916,nan
5,14,sqp_full,sqp_full,,10,0,60,24.235623427351253,775.6399933753629,-707.4330396533067,-100.01543320593147,775.5643845609832,-707.9398505861449,-100.0150140873756,775.5635071775985,-707.9378147743879,-100.01502556319208,nan,nan,nan,0.002216829067277667,0.0022168587703981055,nan,nan,nan,nan,0.5124197639204168,0.5105370322621794,nan,0.22478195968528442,nan,nan,nan,0.0338095814197039,nan,0.2441951573306999,nan,0.0,nan,0.0,nan,-0.00027026862142514517,nan,-0.01458341410004104,nan,0.003704651422262025,nan
6,0,sqp_full,sqp_full,,10,1,49,19.797979797980563,778.3348502487898,-709.9399204730369,-100.01260378484403,776.3180941123796,-709.7375527701224,-100.0141572829688,776.3184759631208,-709.7290295422134,-100.01367709718484,776.3184759631208,-709.7290295422134,-100.01367709718484,0.008531777304728294,0.008545279536948402,0.008531777304728294,0.008545279536948402,0.0,0.0,2.0268838153508963,2.027372744369149,2.027372744369149,0.3084319576563487,0.30044644677261667,0.9740606917340218,0.5725485449245363,-0.5000102103804389,-0.5000102103804389,-0.18609168057356054,-0.18609168057356054,-1.6591707526954228e-11,-1.6591707526954228e-11,-6.71915893605046e-21,-6.71915893605046e-21,-0.0008247853874471361,-0.0008247853874471361,2.251869067776398,2.251869067776398,-0.009999905384517215,-0.009999905384517215
6,1,sqp_full,sqp_full,,10,1,50,20.202018536570584,777.9308118884686,-709.9394310773979,-100.01286100494289,776.4136708836581,-709.910010022021,-100.01378439624405,776.4174772046623,-709.8600118764464,-100.01325435707895,776.4174772046623,-709.8600118764464,-100.01325435707895,0.05014282242230557,0.050145623757127694,0.05014282242230557,0.050145623757127694,0.0,0.0,1.5174262509185945,1.5154171949304744,1.5154171949304744,0.19717140255350227,0.1641882956153286,0.8244358149462222,8.087932310399403,-0.44123536577107236,-0.44123536577107236,-0.13913576413340709,-0.13913576413340709,-2.6597490107966763e-11,-2.6597490107966763e-11,-1.428463860726072e-20,-1.428463860726072e-20,-0.0006332380945979889,-0.0006332380945979889,0.290114943456736,0.290114943456736,-0.009999757731550096,-0.009999757731550096
6,2,sqp_full,sqp_full,,10,1,50,20.202018536570584,777.9308118884686,-709.9394310773979,-100.01286100494289,776.5169930324367,-709.9109432035826,-100.01365513513811,776.5174910008209,-709.8567080136423,-100.01314589251989,776.5174910008209,-709.8567080136423,-100.01314589251989,0.0542374759771507,0.05423986659659299,0.0542374759771507,0.05423986659659299,0.0,0.0,1.4141058364301355,1.4157397489433976,1.4157397489433976,0.10332644368452505,0.10006841008056823,0.9676122838728052,2.409510230877243,0.0014423703061354882,0.0014423703061354882,0.005487096726857423,0.005487096726857423,-3.550882215184555e-11,-3.550882215184555e-11,-3.935621105388366e-21,-3.935621105388366e-21,-3.946403931801638e-05,-3.946403931801638e-05,0.002466811451124248,0.002466811451124248,-0.010000001409218215,-0.010000001409218215
6,3,sqp_full,sqp_full,,10,1,51,20.60596566234257,777.527149014864,-709.9242818618887,-100.01311822504175,776.6252259056805,-709.8460407690927,-100.01363274061231,776.6178456586566,-709.7963850021579,-100.0130031327319,776.6178456586566,-709.7963850021579,-100.0130031327319,0.05020122743538484,0.050205175451364735,0.05020122743538484,0.050205175451364735,0.0,0.0,0.9053104238221713,0.9182538866451291,0.9182538866451291,0.1262009562358142,0.11708946769131426,0.9278007219383646,0.08517714759710947,0.019006034623241352,0.019006034623241352,0.08240634918303187,0.08240634918303187,-3.5905253883711094e-11,-3.5905253883711094e-11,-4.201868013460935e-21,-4.201868013460935e-21,0.0009903997049387206,0.0009903997049387206,-0.004858852696008043,-0.004858852696008043,-0.01000000026391838,-0.01000000026391838
6,4,sqp_full,sqp_full,,10,1,52,21.009682638263833,777.1272469472419,-709.8689133979727,-100.01337544514061,776.7327910493749,-709.7867304860569,-100.01356781094101,776.7183809771171,-709.739282158983,-100.01283710184327,776.7183809771171,-709.739282158983,-100.01283710184327,0.04958824381432413,0.0495936272153425,0.04958824381432413,0.0495936272153425,0.0,0.0,0.40292615498754397,0.4289238156690738,0.4289238156690738,0.12283311454019483,0.11562055406743411,0.9412060573358387,0.7260362701868758,0.02085730706967276,0.02085730706967276,0.07912553665835856,0.07912553665835856,-3.142750221814856e-11,-3.142750221814856e-11,-4.072849854755328e-21,-4.072849854755328e-21,0.0015893742928224802,0.0015893742928224802,-0.004706871517560279,-0.004706871517560279,-0.009999999256725487,-0.009999999256725487
6,5,sqp_full,sqp_full,,10,1,53,21.413189617935263,776.7396844805236,-709.7566051130042,-100.01363266523947,776.7449319370148,-709.7565998392765,-100.0136274587568,776.7260701221951,-709.71516029235,-100.01273667745765,776.7260701221951,-709.71516029235,-100.01273667745765,0.04553025486166925,0.04553896791860218,0.04553025486166925,0.04553896791860218,0.0,0.0,0.005247459141395262,0.04362366229182658,0.04362366229182658,0.03248477467911135,0.025317928172421192,0.7772056593998128,4.279149525535481,0.010603553612896213,0.010603553612896213,0.032731244108570465,0.032731244108570465,-2.4578637640545937e-11,-2.4578637640545937e-11,-3.403055487437709e-21,-3.403055487437709e-21,0.0021493970890115407,0.0021493970890115407,-0.0019280358044594912,-0.0019280358044594912,-0.0007406280789156222,-0.0007406280789156222
6,6,sqp_full,sqp_full,,10,1,54,21.81642421755359,776.3812543101576,-709.571873174405,-100.01388988533833,776.3869872642377,-709.5729536582386,-100.01389159966381,776.3482206678763,-709.6116784527037,-100.0130752189358,776.3482206678763,-709.6116784527037,-100.0130752189358,0.05479469590953153,0.054800777159736636,0.05479469590953153,0.054800777159736636,0.0,0.0,0.005833884452005637,0.05172699201386378,0.05172699201386378,0.40230632402411065,0.39176372455343395,0.9530613084654389,11.844360674149797,0.034804385571738324,0.034804385571738324,0.12473396715717251,0.12473396715717251,-1.6006243831553707e-11,-1.6006243831553707e-11,-2.6362673730108546e-21,-2.6362673730108546e-21,0.0021734533317778093,0.0021734533317778093,-0.007494965502812573,-0.007494965502812573,0.03793948674292224,0.03793948674292224
6,7,sqp_full,sqp_full,,10,1,55,22.21945701180642,776.0693811583575,-709.3165880313447,-100.01414710543719,776.0734347718334,-709.3170008305372,-100.01420567713353,776.0052426279763,-709.4412647539248,-100.01339029820149,776.0052426279763,-709.4412647539248,-100.01339029820149,0.14174516266705303,0.14174750785220938,0.14174516266705303,0.14174750785220938,0.0,0.0,0.004074577939506127,0.14020711905160457,0.14020711905160457,0.4047556227478627,0.3829815450646564,0.9226774644685448,12.803588319851062,0.0591703636059032,0.0591703636059032,0.2006141242333175,0.2006141242333175,-6.244618463862367e-12,-6.244618463862367e-12,-1.3598779503082612e-21,-1.3598779503082612e-21,0.0021472279685847214,0.0021472279685847214,-0.012138814270525088,-0.012138814270525088,0.0346791527495809,0.0346791527495809
6,8,sqp_full,sqp_full,,10,1,56,22.622393333371768,775.8238147912732,-708.9971279048322,-100.01440432553605,775.828209845858,-708.9990007585378,-100.01446936597272,775.7223112070141,-709.2043574258547,-100.01367659156124,775.7223112070141,-709.2043574258547,-100.01367659156124,0.23105385199240275,0.2310552120420456,0.23105385199240275,0.2310552120420456,0.0,0.0,0.004777455997437103,0.2307532274978915,0.2307532274978915,0.4015711389566528,0.3690194480306176,0.8974266176500307,12.421987696183887,0.08570166946655716,0.08570166946655716,0.2699350994730075,0.2699350994730075,3.4728615919891608e-12,3.4728615919891608e-12,-5.66408644684828e-23,-5.66408644684828e-23,0.0017607013652196897,0.0017607013652196897,-0.016440021068074108,-0.016440021068074108,0.029082312917198337,0.029082312917198337
6,9,sqp_full,sqp_full,,10,1,57,23.025391063526154,775.6586124146631,-708.6295476018917,-100.0146615456349,775.6641417636212,-708.6374818366015,-100.0147664523963,775.5153541386803,-708.9104046166015,-100.01392260198661,775.5153541386803,-708.9104046166015,-100.01392260198661,0.31084497933603444,0.3108461247336592,0.31084497933603444,0.3108461247336592,0.0,0.0,0.009670872780239176,0.31528335882072733,0.31528335882072733,0.3970067440071887,0.35949901630228165,0.8896691248963228,10.737439948610358,0.11125243277957009,0.11125243277957009,0.3249150163959146,0.3249150163959146,1.2162218906357732e-11,1.2162218906357732e-11,1.4493753132922507e-21,1.4493753132922507e-21,0.0013272843921854072,0.0013272843921854072,-0.01992292570524237,-0.01992292570524237,0.022091662209631924,0.022091662209631924
6,10,sqp_full,sqp_full,,10,0,58,23.42857696903292,775.5758463738447,-708.2349483232249,-100.01491876573375,775.5807110581568,-708.2529871657005,-100.01512457785265,775.3875357373089,-708.5763079393807,-100.0141351251476,nan,nan,nan,0.3766338105878195,0.37663511027857854,nan,nan,nan,nan,0.018683281064041986,0.38985546472328947,nan,0.393442451725082,nan,nan,nan,0.13277532900498745,nan,0.3602433805066317,nan,1.9319389565946558e-11,nan,2.8243450608579762e-21,nan,0.0007104744733965922,nan,-0.022250311611666337,nan,0.014930437569832044,nan
6,11,sqp_full,sqp_full,,10,0,59,23.832005755335558,775.5757993427779,-707.8315196216635,-100.01517598583261,775.5757421192773,-707.8659053110148,-100.0153213488987,775.3400698015516,-708.221565039333,-100.01433669012675,nan,nan,nan,0.42665593127193313,0.42665706749381016,nan,nan,nan,nan,0.03438573696599776,0.455745372386545,nan,0.38711379631753284,nan,nan,nan,0.14896131189009246,nan,0.37672559893220503,nan,2.3895398727463898e-11,nan,4.088828172878682e-21,nan,-0.00038112567321552413,nan,-0.023452138664511638,nan,0.007692749983928668,nan
6,12,sqp_full,sqp_full,,10,0,60,24.235623427351253,775.6399933753629,-707.4330396533067,-100.01543320593147,775.6284457212876,-707.4963840734101,-100.01534444777685,775.3548512169889,-707.8692004451553,-100.01452381225305,nan,nan,nan,0.4624348600870288,0.4624355882351323,nan,nan,nan,nan,0.0643883830585182,0.5210971951836936,nan,0.3732607871707415,nan,nan,nan,0.15660406754472364,nan,0.3705204117496809,nan,2.479599004968254e-11,nan,5.176801889613639e-21,nan,-0.0010879971252396026,nan,-0.02326208382313556,nan,0.0021399959946608463,nan
6,13,sqp_full,sqp_full,,10,0,61,24.639494442075346,775.7516610414759,-707.0449133043983,-100.01569042603033,775.7123529355447,-707.1744063239339,-100.0154692903792,775.4080951107527,-707.5511886550046,-100.01467690516942,nan,nan,nan,0.4842909755035081,0.48429162374385554,nan,nan,nan,nan,0.1353276368683753,0.6118433454613189,nan,0.3327312839932651,nan,nan,nan,0.14894424760560557,nan,0.3325282939063822,nan,1.9556977247617196e-11,nan,5.3251482835283435e-21,nan,-0.0009339454877863136,nan,-0.021061191956410586,nan,-0.001452677863820676,nan
6,14,sqp_full,sqp_full,,10,0,62,25.043518827373667,775.8863153166785,-706.6639882935061,-100.01594764612919,775.7767075650263,-706.9740388085768,-100.01556015101622,775.456413085861,-707.3300120852134,-100.014752629062,nan,nan,nan,0.4788585668682896,0.47885924774912586,nan,nan,nan,nan,0.3288543463569808,0.7927191300719814,nan,0.21044872962733685,nan,nan,nan,0.10599323445305682,nan,0.2296554939532159,nan,1.0496376894135588e-11,nan,3.673036044334824e-21,nan,-0.0004882861566916035,nan,-0.014656756474737253,nan,-0.0017975520557309457,nan
7,0,sqp_full,sqp_full,,10,1,51,20.60596566234257,777.527149014864,-709.9242818618887,-100.01311822504175,775.5945958551222,-709.3354206148886,-100.0139682096117,775.596744171032,-709.3293380251598,-100.01402317126914,775.596744171032,-709.3293380251598,-100.01402317126914,0.0064508262304764944,0.006451060365520769,0.0064508262304764944,0.006451060365520769,0.0,0.0,2.0202770313614846,2.020005205426886,2.020005205426886,0.43233997097726845,0.42676638607874223,0.9870801039474951,0.4332808535462674,-0.3672808594397767,-0.3672808594397767,-0.1397844808085618,-0.1397844808085618,-1.771551693599215e-11,-1.771551693599215e-11,-8.47097722654355e-19,-8.47097722654355e-19,-0.010515634402699462,-0.010515634402699462,5.213743800004042,5.213743800004042,-0.009999931837833138,-0.009999931837833138
7,1,sqp_full,sqp_full,,10,1,52,21.009682638263833,777.1272469472419,-709.8689133979727,-100.01337544514061,775.682205959321,-709.5518422229071,-100.01397579137084,775.691741322534,-709.5075359398921,-100.01393166931267,775.691741322534,-709.5075359398921,-100.01393166931267,0.04532074432538451,0.04532076580291742,0.04532074432538451,0.04532076580291742,0.0,0.0,1.4794179892203585,1.4802939119570113,1.4802939119570113,0.23348199680613588,0.20193802014734188,0.8601226122301089,6.023400072851619,-0.35109074359545867,-0.35109074359545867,-0.12329125302353228,-0.12329125302353228,-2.9146390951210724e-11,-2.9146390951210724e-11,-4.59618141628759e-19,-4.59618141628759e-19,-0.006128485096025558,-0.006128485096025558,1.0448614822175901,1.0448614822175901,-0.009999927188735538,-0.009999927188735538
7,2,sqp_full,sqp_full,,10,1,53,21.413189617935263,776.7396844805236,-709.7566051130042,-100.01363266523947,775.7928786680685,-709.4777676557065,-100.01403568544356,775.7935064705241,-709.4390827331197,-100.01394268569567,775.7935064705241,-709.4390827331197,-100.01394268569567,0.03869001643155385,0.038690128203806934,0.03869001643155385,0.038690128203806934,0.0,0.0,0.987011435643352,0.9980347129904562,0.9980347129904562,0.1331746730980235,0.1226457785015632,0.9209367001096346,0.13382054338579602,0.02147648411316639,0.02147648411316639,0.09433279454408387,0.09433279454408387,-5.6996178262713384e-11,-5.6996178262713384e-11,1.654519357410852e-20,1.654519357410852e-20,-0.0023236299049641993,-0.0023236299049641993,0.004335481606797813,0.004335481606797813,-0.009999976146366074,-0.009999976146366074
7,3,sqp_full,sqp_full,,10,1,54,21.81642421755359,776.3812543101576,-709.571873174405,-100.01388988533833,775.9117802225817,-709.339894652484,-100.01404949096926,775.8973588069498,-709.3157163897646,-100.0138639945381,775.8973588069498,-709.3157163897646,-100.0138639945381,0.02815254192707769,0.02815315303623806,0.02815254192707769,0.02815315303623806,0.0,0.0,0.5236601508019829,0.5475136129285948,0.5475136129285948,0.18206192593142598,0.161259321114131,0.8856757626216757,0.6838527331132505,0.04811928949084821,0.04811928949084821,0.1652114806062246,0.1652114806062246,-6.816580039639324e-11,-6.816580039639324e-11,3.2359823234656225e-20,3.2359823234656225e-20,-0.00010174887790060096,-0.00010174887790060096,-0.01007705124714421,-0.01007705124714421,-0.009999981214295956,-0.009999981214295956
7,4,sqp_full,sqp_full,,10,1,55,22.21945701180642,776.0693811583575,-709.3165880313447,-100.01414710543719,776.0213097132136,-709.2829514531761,-100.0141730902476,775.9994230666013,-709.2600425346718,-100.01369763836345,775.9994230666013,-709.2600425346718,-100.01369763836345,0.03168349486670752,0.03168706205161366,0.03168349486670752,0.03168706205161366,0.0,0.0,0.05867097433242458,0.08995291988677521,0.08995291988677521,0.12344736749838071,0.11626142487292027,0.9415995434700042,1.1505509449592015,0.029252828380512547,0.029252828380512547,0.07859454544497663,0.07859454544497663,-7.026597951675102e-11,-7.026597951675102e-11,4.2496096594625535e-20,4.2496096594625535e-20,0.0015239948701307366,0.0015239948701307366,-0.004875955315070584,-0.004875955315070584,-0.00999998988980467,-0.00999998988980467
7,5,sqp_full,sqp_full,,10,1,56,22.622393333371768,775.8238147912732,-708.9971279048322,-100.01440432553605,775.9359368059436,-709.142096205565,-100.01436311600597,775.8975350965828,-709.1567720457305,-100.01376798966017,775.8975350965828,-709.1567720457305,-100.01376798966017,0.04111048000680806,0.041114787385533584,0.04111048000680806,0.041114787385533584,0.0,0.0,0.1832679851778193,0.17584349614960781,0.17584349614960781,0.1647081363658015,0.1450722484486924,0.8568274830380654,13.39373725421398,0.0464737897826179,0.0464737897826179,0.1223389780184615,0.1223389780184615,-6.901421847358384e-11,-6.901421847358384e-11,4.610753027393965e-20,4.610753027393965e-20,0.0016685351558629658,0.0016685351558629658,-0.0075781550839078525,-0.0075781550839078525,0.010600498044760008,0.010600498044760008
7,6,sqp_full,sqp_full,,10,1,57,23.025391063526154,775.6586124146631,-708.6295476018917,-100.0146615456349,775.7438630278698,-708.8191444138678,-100.01465330106969,775.6681826399147,-708.9130075958506,-100.01405515129008,775.6681826399147,-708.9130075958506,-100.01405515129008,0.12057287444933039,0.12057435812034346,0.12057287444933039,0.12057435812034346,0.0,0.0,0.2078812597700691,0.2836215037448909,0.2836215037448909,0.375752951008257,0.3346994754504732,0.8695842367277548,12.513373981448527,0.1056114960821216,0.1056114960821216,0.277781817618499,0.277781817618499,-6.316569451990047e-11,-6.316569451990047e-11,4.621752343876941e-20,4.621752343876941e-20,0.0010681447764390407,0.0010681447764390407,-0.01718355924842067,-0.01718355924842067,0.024127590008980192,0.024127590008980192
7,7,sqp_full,sqp_full,,10,1,58,23.42857696903292,775.5758463738447,-708.2349483232249,-100.01491876573375,775.6202336643253,-708.4465863121942,-100.01509930187842,775.5016299230585,-708.6131557763907,-100.01434377171769,775.5016299230585,-708.6131557763907,-100.01434377171769,0.2044803996602636,0.20448179545144082,0.2044803996602636,0.20448179545144082,0.0,0.0,0.21624261821198149,0.3854204965975538,0.3854204965975538,0.39253529468031106,0.3430029218932008,0.8586433126102093,10.692128991290213,0.1351956248357745,0.1351956248357745,0.33433462398337926,0.33433462398337926,-5.5753675315785456e-11,-5.5753675315785456e-11,4.5180143695265356e-20,4.5180143695265356e-20,0.00012553517468672992,0.00012553517468672992,-0.020739051603550534,-0.020739051603550534,0.018558206341508777,0.018558206341508777
7,8,sqp_full,sqp_full,,10,1,59,23.832005755335558,775.5757993427779,-707.8315196216635,-100.01517598583261,775.5757224605848,-708.0541695892866,-100.01512153301394,775.4129504166312,-708.2798837396992,-100.01467065475406,775.4129504166312,-708.2798837396992,-100.01467065475406,0.27828333760623497,0.27828370286538695,0.27828333760623497,0.27828370286538695,0.0,0.0,0.22264998089713342,0.4770221746304784,0.4770221746304784,0.3949330730264222,0.34486868827590467,0.8638002022912422,8.429272473656725,0.1575172419665011,0.1575172419665011,0.36539606383501355,0.36539606383501355,-4.362272054943461e-11,-4.362272054943461e-11,4.217085071503205e-20,4.217085071503205e-20,-0.0019000815968030491,-0.0019000815968030491,-0.022752359215146435,-0.022752359215146435,0.011554821006920773,0.011554821006920773
7,9,sqp_full,sqp_full,,10,1,60,24.235623427351253,775.6399933753629,-707.4330396533067,-100.01543320593147,775.6042640597097,-707.6539694948207,-100.01497306139403,775.398272958469,-707.9257334447278,-100.01496671795489,775.398272958469,-707.9257334447278,-100.01496671795489,0.3410102318986426,0.34101023195764263,0.3410102318986426,0.34101023195764263,0.0,0.0,0.2238003102510149,0.548794981799614,0.548794981799614,0.40121660052281144,0.3544544355201083,0.8778520244354084,6.452917721510155,0.1765732829715015,0.1765732829715015,0.384346584210933,0.384346584210933,-3.413196452572337e-11,-3.413196452572337e-11,3.798993996621952e-20,3.798993996621952e-20,-0.002449325962417575,-0.002449325962417575,-0.02404482107210736,-0.02404482107210736,0.004997581273796335,0.004997581273796335
7,10,sqp_full,sqp_full,,10,0,61,24.639494442075346,775.7516610414759,-707.0449133043983,-100.01569042603033,775.6935177633583,-707.2447223622452,-100.01535163933757,775.446016305637,-707.5514455520001,-100.01513161855179,nan,nan,nan,0.39412699312228794,0.39412705453541524,nan,nan,nan,nan,0.20809685338306874,0.5916025882352737,nan,0.4188670224039078,nan,nan,nan,0.197142177262527,nan,0.4035964654347608,nan,-2.8237823147438102e-11,nan,3.318770284873081e-20,nan,-0.0007882100176225266,nan,-0.02538738922632205,nan,-0.0002680121525818828,nan
7,11,sqp_full,sqp_full,,10,0,62,25.043518827373667,775.8863153166785,-706.6639882935061,-100.01594764612919,775.8311147983283,-706.8155543175374,-100.0154158184723,775.5455413848277,-707.1387120777116,-100.01524158960929,nan,nan,nan,0.4312575940886276,0.43125762928301714,nan,nan,nan,nan,0.16130516689431898,0.5843710669766548,nan,0.4506863196833593,nan,nan,nan,0.22897478454246822,nan,0.44156176858720875,nan,-2.2699032308276427e-11,nan,2.682133131401486e-20,nan,0.00030977500271257364,nan,-0.027951516503859422,nan,-0.0040380575568909,nan
7,12,sqp_full,sqp_full,,10,0,63,25.447559231414143,776.0242635098198,-706.2842266867788,-100.01620486622805,775.9695591753804,-706.428723751753,-100.01649885590292,775.66944228066,-706.6709043956782,-100.01534207387736,nan,nan,nan,0.38564441495855034,0.3856461499008868,nan,nan,nan,nan,0.15450555327428164,0.5248025869050541,nan,0.41085995805452763,nan,nan,nan,0.2670478845619062,nan,0.48709812492852034,nan,-1.7301493531883984e-11,nan,1.9131260751407368e-20,nan,0.002127829382967123,nan,-0.0310523253434349,nan,-0.004495763962791767,nan
7,13,sqp_full,sqp_full,,10,0,64,25.851599635454477,776.1622117029609,-705.9044650800516,-100.01646208632691,776.0098408920413,-706.3243690001278,-100.01633995419955,775.7364019059819,-706.3810217362261,-100.01533096985152,nan,nan,nan,0.27924614877306075,0.2792479716202088,nan,nan,nan,nan,0.4466947124330711,0.6390776398431285,nan,0.11185953751751529,nan,nan,nan,0.1651408863947952,nan,0.2931454274248363,nan,-1.0828876978035207e-11,nan,6.44198354395846e-21,nan,0.0006792198463798158,nan,-0.018809655137582836,nan,-0.0011844677640227717,nan
7,14,sqp_full,sqp_full,,10,0,65,26.255640039494953,776.3001598961023,-705.5247034733244,-100.01671930642577,776.020727452614,-706.3034682722839,-100.01624876832967,775.7635946508972,-706.2667024520387,-100.01536424802399,nan,nan,nan,0.25974796102573744,0.2597494670508473,nan,nan,nan,nan,0.8273796604776822,0.9156772066481915,nan,0.023566203350868977,nan,nan,nan,0.06506016715709494,nan,0.11463001560688053,nan,-4.880469673963939e-12,nan,1.5253570959798447e-21,nan,0.0001238110979137333,nan,-0.007399944744448129,nan,-0.00041131573945171344,nan
8,0,sqp_full,sqp_full,,10,1,53,21.413189617935263,776.7396844805236,-709.7566051130042,-100.01363266523947,774.8637570086248,-708.2523631445208,-100.01472704439976,774.8625426605302,-708.2643920369823,-100.0154446008123,774.8625426605302,-708.2643920369823,-100.0154446008123,0.01209003288432217,0.012111308036259599,0.01209003288432217,0.012111308036259599,0.0,0.0,2.4045473128160895,2.3979910918556926,2.3979910918556926,0.6264138559035614,0.6337955684677622,1.011666606164777,0.8731183724723433,-0.302912570851221,-0.302912570851221,-0.0963624801490898,-0.0963624801490898,-5.367230542099215e-11,-5.367230542099215e-11,2.330100211568597e-18,2.330100211568597e-18,-0.004694502800475246,-0.004694502800475246,5.2105981385840066,5.2105981385840066,0.049998973270640235,0.049998973270640235
8,1,sqp_full,sqp_full,,10,1,54,21.81642421755359,776.3812543101576,-709.571873174405,-100.01388988533833,774.9414983483638,-708.4663713043199,-100.01481605307895,774.9467041054751,-708.4566589535756,-100.01541060413682,774.9467041054751,-708.4566589535756,-100.01541060413682,0.011019512878625385,0.011035540541478159,0.011019512878625385,0.011035540541478159,0.0,0.0,1.8152221941907314,1.8170407392502304,1.8170407392502304,0.22769105447414373,0.20988024487147375,0.9198794535483091,3.6764534526543833,-0.2710835968414173,-0.2710835968414173,-0.058408183266603506,-0.058408183266603506,-8.902357409532225e-11,-8.902357409532225e-11,1.4321905568024435e-18,1.4321905568024435e-18,-0.0063434794438103235,-0.0063434794438103235,1.4833102950448833,1.4833102950448833,-0.010000897718987262,-0.010000897718987262
8,2,sqp_full,sqp_full,,10,1,55,22.21945701180642,776.0693811583575,-709.3165880313447,-100.01414710543719,775.068966949233,-708.3360953925834,-100.01503536833316,775.0575051259306,-708.3299606132448,-100.01550088327605,775.0575051259306,-708.3299606132448,-100.01550088327605,0.013000342724310665,0.013008674610104846,0.013000342724310665,0.013008674610104846,0.0,0.0,1.400783496648731,1.4132681158034504,1.4132681158034504,0.1822638348261081,0.16831323099168496,0.9220143105016894,3.205647925442218,0.06511586868013954,0.06511586868013954,0.16083910687900668,0.16083910687900668,-1.8096316254605707e-10,-1.8096316254605707e-10,1.019923419410527e-18,1.019923419410527e-18,-0.003334632777854509,-0.003334632777854509,0.004362035964581543,0.004362035964581543,-0.010000788846300243,-0.010000788846300243
8,3,sqp_full,sqp_full,,10,1,56,22.622393333371768,775.8238147912732,-708.9971279048322,-100.01440432553605,775.2216476922858,-708.0665937049503,-100.01508376617528,775.1821333866905,-708.071417485117,-100.01562066866101,775.1821333866905,-708.071417485117,-100.01562066866101,0.039807652553085424,0.039811273102807916,0.039807652553085424,0.039811273102807916,0.0,0.0,1.1083767916428882,1.1263635319720957,1.1263635319720957,0.309745978631838,0.28701353074502906,0.9245754979233917,3.7969262786723172,0.14140983624507938,0.14140983624507938,0.3079043615368932,0.3079043615368932,-2.12568778906116e-10,-2.12568778906116e-10,1.1247456666833073e-18,1.1247456666833073e-18,-0.0030018777900589653,-0.0030018777900589653,-0.01948839380813053,-0.01948839380813053,-0.01000082168483334,-0.01000082168483334
8,4,sqp_full,sqp_full,,10,1,57,23.025391063526154,775.6586124146631,-708.6295476018917,-100.0146615456349,775.36490955896,-707.8584640254488,-100.0151555319929,775.304222225236,-707.8693298737729,-100.0157081513213,775.304222225236,-707.8693298737729,-100.0157081513213,0.06165240574649274,0.06165488238941263,0.06165240574649274,0.06165488238941263,0.0,0.0,0.8251249901124622,0.83876301808571,0.83876301808571,0.2526696085457586,0.23610399151506709,0.9327899385046916,3.4030235233557877,0.11738419068232081,0.11738419068232081,0.24361443741502986,0.24361443741502986,-1.8213253617043623e-10,-1.8213253617043623e-10,1.0105956140255776e-18,1.0105956140255776e-18,-0.0026587794283072434,-0.0026587794283072434,-0.015536156839750688,-0.015536156839750688,-0.010000787778068303,-0.010000787778068303
8,5,sqp_full,sqp_full,,10,1,58,23.42857696903292,775.5758463738447,-708.2349483232249,-100.01491876573375,775.4879373803716,-707.7565329396087,-100.01519279443578,775.416804298008,-707.765661014029,-100.0157388062699,775.416804298008,-707.765661014029,-100.0157388062699,0.07171636597855564,0.07171844447625124,0.07171636597855564,0.07171844447625124,0.0,0.0,0.48642498950407703,0.4955047532151554,0.4955047532151554,0.15976793323542532,0.15304233574401213,0.9565935214818708,2.997328229954397,0.06184381517131353,0.06184381517131353,0.1364672248932614,0.1364672248932614,-1.3031924229749529e-10,-1.3031924229749529e-10,7.157451286313059e-19,7.157451286313059e-19,-0.00225327818687764,-0.00225327818687764,-0.00857675807839441,-0.00857675807839441,-0.010000580885775623,-0.010000580885775623
8,6,sqp_full,sqp_full,,10,1,59,23.832005755335558,775.5757993427779,-707.8315196216635,-100.01517598583261,775.5846409039633,-707.738156885269,-100.01512705180536,775.5112838768222,-707.7388328433915,-100.01572520331963,775.5112838768222,-707.7388328433915,-100.01572520331963,0.07336014142814909,0.07336257994094857,0.07336014142814909,0.07336257994094857,0.0,0.0,0.09378045505999556,0.11292955420940035,0.11292955420940035,0.0984340142950663,0.09821477352065303,0.9938333571952416,5.093044014085283,0.013458884936288338,0.013458884936288338,0.05231719129221791,0.05231719129221791,-7.160566241006039e-11,-7.160566241006039e-11,2.976036657255972e-19,2.976036657255972e-19,-0.0018189409760852513,-0.0018189409760852513,-0.0030568034193527637,-0.0030568034193527637,-0.009070614342922388,-0.009070614342922388
8,7,sqp_full,sqp_full,,10,1,60,24.235623427351253,775.6399933753629,-707.4330396533067,-100.01543320593147,775.6446404249658,-707.4198499933632,-100.01549699610311,775.5393674355284,-707.4460476379884,-100.01590353449046,775.5393674355284,-707.4460476379884,-100.01590353449046,0.10848372637864628,0.10848448811907346,0.10848372637864628,0.10848448811907346,0.0,0.0,0.013984355524509624,0.10146323192693218,0.10146323192693218,0.3239125758813029,0.2941290440853256,0.9043194473545517,5.195881512983159,0.15150614699684878,0.15150614699684878,0.3260127054306887,0.3260127054306887,-2.003758555798475e-11,-2.003758555798475e-11,-1.388255992961967e-19,-1.388255992961967e-19,-0.0010842492031065227,-0.0010842492031065227,-0.020801012929298264,-0.020801012929298264,0.000968135608815393,0.000968135608815393
8,8,sqp_full,sqp_full,,10,1,61,24.639494442075346,775.7516610414759,-707.0449133043983,-100.01569042603033,775.7558676707025,-707.0340469616464,-100.01581665384492,775.6176441479902,-707.0764472323866,-100.01606342385348,775.6176441479902,-707.0764472323866,-100.01606342385348,0.14458051455795648,0.1445807251513167,0.14458051455795648,0.1445807251513167,0.0,0.0,0.011652172941107543,0.13767685482302622,0.13767685482302622,0.4015166019694252,0.37779852977400663,0.9384918609731023,4.124528586768889,0.1941020509806149,0.1941020509806149,0.4165821020229356,0.4165821020229356,1.2586510535424081e-11,1.2586510535424081e-11,-9.444350089949888e-19,-9.444350089949888e-19,-0.0014546551585814863,-0.0014546551585814863,-0.026663736753180137,-0.026663736753180137,-0.002337228277846903,-0.002337228277846903
8,9,sqp_full,sqp_full,,10,1,62,25.043518827373667,775.8863153166785,-706.6639882935061,-100.01594764612919,775.9150947901373,-706.5814808095423,-100.01621540058018,775.7477244127418,-706.6283611937878,-100.01628062486138,775.7477244127418,-706.6283611937878,-100.01628062486138,0.17381200665230262,0.1738120188902567,0.17381200665230262,0.1738120188902567,0.0,0.0,0.0873827385849029,0.14309692130968835,0.14309692130968835,0.4797598947315007,0.46658549103172864,0.9710274897717055,3.195438581716912,0.24402414988965512,0.24402414988965512,0.49995168220832903,0.49995168220832903,2.830956202221026e-11,2.830956202221026e-11,-2.9842639139673422e-18,-2.9842639139673422e-18,-0.002197328105055948,-0.002197328105055948,-0.03281650766870786,-0.03281650766870786,-0.005259316725055791,-0.005259316725055791
8,10,sqp_full,sqp_full,,10,0,63,25.447559231414143,776.0242635098198,-706.2842266867788,-100.01620486622805,776.0497649780854,-706.2054048725007,-100.01620883564547,775.8837488648655,-706.1615476319782,-100.0165844510974,nan,nan,nan,0.17171140729387024,0.17171181811922298,nan,nan,nan,nan,0.08284445237786317,0.18653288164121612,nan,0.3994610994662107,nan,nan,nan,0.2840688063919279,nan,0.4999451056707965,nan,4.0432418018875844e-11,nan,-3.3325932832163887e-18,nan,-0.0032741608523398687,nan,-0.03769906697028289,nan,-0.004275028336668425,nan
8,11,sqp_full,sqp_full,,10,0,64,25.851599635454477,776.1622117029609,-705.9044650800516,-100.01646208632691,776.1971689632304,-705.8082567481907,-100.01614287178475,776.0430535773298,-705.6776082531487,-100.01697161646273,nan,nan,nan,0.20204103896986003,0.20204273866130837,nan,nan,nan,nan,0.10236236205274998,0.25624730011531827,nan,0.4236207877699842,nan,nan,nan,0.3871417474738493,nan,0.4999407613799332,nan,6.289949164087072e-11,nan,-3.522560828907674e-18,nan,-0.0030197623176765206,nan,-0.04828208845911564,nan,-0.0048325154490745995,nan
8,12,sqp_full,sqp_full,,10,0,65,26.255640039494953,776.3001598961023,-705.5247034733244,-100.01671930642577,776.238769837285,-705.6822904455212,-100.01638690054898,776.0884091914351,-705.5343427088708,-100.01702773453783,nan,nan,nan,0.21094278039408096,0.21094375380320396,nan,nan,nan,nan,0.16912242053536378,0.21196998794395824,nan,0.13265821376892364,nan,nan,nan,0.1624362373977476,nan,0.4079767995239486,nan,9.706408176558565e-11,nan,-1.1209293228082877e-18,nan,-0.0014421443188194086,nan,-0.026032861009599,nan,-0.0007107331927445196,nan
8,13,sqp_full,sqp_full,,10,0,66,26.659680443535287,776.4381080892434,-705.1449418665973,-100.01697652652463,776.2884596049767,-705.575963240703,-100.01649132349613,776.1274801466413,-705.4742743791282,-100.01671998845649,nan,nan,nan,0.19040748560467344,0.19040762290926802,nan,nan,nan,nan,0.45626099305044937,0.45271362088538386,nan,0.11736506465658261,nan,nan,nan,0.14228931131917708,nan,0.36576582948650693,nan,8.5317344418292e-11,nan,-7.711433166205197e-19,nan,-0.0005705875767728965,nan,-0.023184926560497945,nan,-0.001968294918758091,nan
8,14,sqp_full,sqp_full,,10,0,67,27.063720847575762,776.5760562823847,-704.76518025987,-100.01723374662348,776.2954314037859,-705.5508829067716,-100.01673600657462,776.1327699859912,-705.4561151427172,-100.01778420111295,nan,nan,nan,0.18825425876411814,0.18825717690069002,nan,nan,nan,nan,0.8343134733640336,0.8209103196484498,nan,0.026032460478385873,nan,nan,nan,0.04039242293001874,nan,0.1423659815331168,nan,3.171138341657115e-11,nan,-2.0160073124150531e-19,nan,-1.7839165908342803e-05,nan,-0.008838025456004059,nan,7.532157017863522e-05,nan
9,0,sqp_full,sqp_full,,10,1,56,22.622393333371768,775.8238147912732,-708.9971279048322,-100.01440432553605,775.21015781732,-706.8293817828624,-100.01719276170267,775.2042374018499,-706.8384331755434,-100.01662584283261,775.2042374018499,-706.8384331755434,-100.01662584283261,0.010815684389111284,0.010830532111124913,0.010815684389111284,0.010830532111124913,0.0,0.0,2.2529310089295587,2.2458492994285093,2.2458492994285093,0.5739232995260778,0.5826735687350106,1.0151845770680679,0.632353012754563,-0.21593096909035772,-0.21593096909035772,-2.510070858101956e-05,-2.510070858101956e-05,-3.601351060364099e-13,-3.601351060364099e-13,2.8106537776445614e-18,2.8106537776445614e-18,-0.0010403090239398567,-0.0010403090239398567,5.198286976996962,5.198286976996962,0.04999996460248521,0.04999996460248521
9,1,sqp_full,sqp_full,,10,1,57,23.025391063526154,775.6586124146631,-708.6295476018917,-100.0146615456349,775.2301990242254,-707.0184142803512,-100.01577133074734,775.2308046986725,-706.9937913906703,-100.01646103669829,775.2308046986725,-706.9937913906703,-100.01646103669829,0.02463033775198794,0.02463999253400407,0.02463033775198794,0.02463999253400407,0.0,0.0,1.6671198555846265,1.6907743268724007,1.6907743268724007,0.19009722656324923,0.1576135255265266,0.8274196293314525,3.670715972211478,-0.1128564844218762,-0.1128564844218762,-3.1599988034819034e-05,-3.1599988034819034e-05,8.567756355145605e-13,8.567756355145605e-13,2.695090706770388e-18,2.695090706770388e-18,-0.0024062396224931344,-0.0024062396224931344,1.984652203138903,1.984652203138903,-0.0051460638056949675,-0.0051460638056949675
9,2,sqp_full,sqp_full,,10,1,58,23.42857696903292,775.5758463738447,-708.2349483232249,-100.01491876573375,775.3412940917644,-706.9980288935686,-100.01562404937718,775.3715494232563,-706.7600490721873,-100.01633634031141,775.3715494232563,-706.7600490721873,-100.01633634031141,0.23989535316134344,0.23989641061670905,0.23989535316134344,0.23989641061670905,0.0,0.0,1.2589616548926648,1.488981210335118,1.488981210335118,0.11294998768294413,0.27284531239723103,1.5991119927726827,48.5485143081177,-0.2715709512419798,-0.2715709512419798,0.5000155910840315,0.5000155910840315,1.2274964336100813e-12,1.2274964336100813e-12,1.4221284262356263e-18,1.4221284262356263e-18,-0.006087108574325882,-0.006087108574325882,-0.03547722967106826,-0.03547722967106826,-0.009999810337086041,-0.009999810337086041
9,3,sqp_full,sqp_full,,10,1,59,23.832005755335558,775.5757993427779,-707.8315196216635,-100.01517598583261,775.4788881866094,-706.8818351620458,-100.0159582544577,775.5732099853242,-706.2316319031598,-100.01685852175805,775.5732099853242,-706.2316319031598,-100.01685852175805,0.6570090407131046,0.6570096575089029,0.6570090407131046,0.6570096575089029,0.0,0.0,0.9546163339421565,1.599889813890543,1.599889813890543,0.18009228155151527,0.5655899216658298,2.748608141542362,28.931594400362314,0.49999154035843957,0.49999154035843957,0.5000070864111567,0.5000070864111567,-5.3478435964231495e-12,-5.3478435964231495e-12,4.488187296861229e-19,4.488187296861229e-19,-0.005481888864605219,-0.005481888864605219,-0.13907356643088156,-0.13907356643088156,-0.009999914595454412,-0.009999914595454412
9,4,sqp_full,sqp_full,,10,1,60,24.235623427351253,775.6399933753629,-707.4330396533067,-100.01543320593147,775.6072936982612,-706.8030051171896,-100.01708791007015,775.7762220871784,-705.7715904797468,-100.01729303705044,775.7762220871784,-705.7715904797468,-100.01729303705044,1.0451569044471256,1.0451569245766763,1.0451569044471256,1.0451569245766763,0.0,0.0,0.6308825449976428,1.6670247803333655,1.6670247803333655,0.15067656591654238,0.50284412451447,2.745552391200702,34.64389619831192,0.35020717772002213,0.35020717772002213,0.5000060293173538,0.5000060293173538,-1.538523600395589e-11,-1.538523600395589e-11,3.5276845419740063e-19,3.5276845419740063e-19,-0.0056818016166103455,-0.0056818016166103455,-0.1118394193913167,-0.1118394193913167,-0.010000167529935974,-0.010000167529935974
9,5,sqp_full,sqp_full,,10,1,61,24.639494442075346,775.7516610414759,-707.0449133043983,-100.01569042603033,775.7374880138982,-706.7175556009756,-100.01711961103,775.9380723847364,-705.5362571585025,-100.01791143531094,775.9380723847364,-705.5362571585025,-100.01791143531094,1.1982070355384518,1.19820729717338,1.1982070355384518,1.19820729717338,0.0,0.0,0.3276643720346423,1.5201291245959951,1.5201291245959951,0.15573111651287527,0.2856180549682982,1.6980381011139767,22.204239649195685,0.33729869381557287,0.33729869381557287,0.5000037231931401,0.5000037231931401,-1.1923797400417559e-11,-1.1923797400417559e-11,2.3660766536421003e-19,2.3660766536421003e-19,-0.0141188847835978,-0.0141188847835978,-0.10653596340570246,-0.10653596340570246,-0.009999447489081383,-0.009999447489081383
9,6,sqp_full,sqp_full,,10,1,62,25.043518827373667,775.8863153166785,-706.6639882935061,-100.01594764612919,775.8627615900485,-706.6519019952531,-100.01600335858878,776.0654430710672,-705.4570177057441,-100.01916644349903,776.0654430710672,-705.4570177057441,-100.01916644349903,1.21195224661011,1.2119563742847521,1.21195224661011,1.2119563742847521,0.0,0.0,0.02647369720346356,1.2201904573118183,1.2201904573118183,0.14143942465018114,0.1500125249949887,1.0575865547569867,4.329575714851368,0.28420430775792044,0.28420430775792044,0.5000015012969485,0.5000015012969485,-8.441451395335889e-12,-8.441451395335889e-12,1.3909028341591998e-19,1.3909028341591998e-19,-0.019083018442853993,-0.019083018442853993,-0.10099313346217802,-0.10099313346217802,-0.009999292754673993,-0.009999292754673993
9,7,sqp_full,sqp_full,,10,1,63,25.447559231414143,776.0242635098198,-706.2842266867788,-100.01620486622805,775.9264909657587,-706.5764773415323,-100.01549777593728,776.1280231968796,-705.3859727126717,-100.01859840881025,776.1280231968796,-705.3859727126717,-100.01859840881025,1.207442135888544,1.2074461169937571,1.207442135888544,1.2074461169937571,0.0,0.0,0.3081718929039512,0.9042268933503474,0.9042268933503474,0.09874496104171664,0.09467832830570755,0.9586133013630154,1.180500785066838,0.3497290973276245,0.3497290973276245,0.49999981405257976,0.49999981405257976,-1.0987543325814742e-11,-1.0987543325814742e-11,7.727402179233669e-20,7.727402179233669e-20,-0.019173891395226874,-0.019173891395226874,-0.10471166543372816,-0.10471166543372816,-0.0036773438540695187,-0.0036773438540695187
9,8,sqp_full,sqp_full,,10,1,64,25.851599635454477,776.1622117029609,-705.9044650800516,-100.01646208632691,775.9387925894347,-706.5096105832523,-100.01578482891765,776.1394249336247,-705.3245434545042,-100.02132399321883,776.1394249336247,-705.3245434545042,-100.02132399321883,1.2019307123018588,1.2019434760069247,1.2019307123018588,1.2019434760069247,0.0,0.0,0.6450714536645371,0.5803691313589657,0.5803691313589657,0.06798952645331116,0.06253784590288886,0.919101792592412,2.257823875921817,0.2816668526566571,0.2816668526566571,0.4999987872366332,0.4999987872366332,-9.491992693327988e-12,-9.491992693327988e-12,3.266223684634171e-20,3.266223684634171e-20,-0.016748529097661558,-0.016748529097661558,-0.0981436387521967,-0.0981436387521967,0.0011346096222385569,0.0011346096222385569
9,9,sqp_full,sqp_full,,10,1,65,26.255640039494953,776.3001598961023,-705.5247034733244,-100.01671930642577,775.9761905200947,-706.4481819721962,-100.01573815383166,776.1755062289706,-705.2718159995231,-100.02066504890156,776.1755062289706,-705.2718159995231,-100.02066504890156,1.1931318675936922,1.1931420400617194,1.1931318675936922,1.1931420400617194,0.0,0.0,0.9786565763684129,0.2819407936694348,0.2819407936694348,0.07191718607195735,0.06389427666259331,0.8871420000773345,3.1003644440974436,0.23320783867898287,0.23320783867898287,0.49999835859331276,0.49999835859331276,-7.30814467817213e-12,-7.30814467817213e-12,1.1792911778870189e-20,1.1792911778870189e-20,-0.015462741867952871,-0.015462741867952871,-0.09107008153882912,-0.09107008153882912,-0.001477616710579327,-0.001477616710579327
9,10,sqp_full,sqp_full,,10,0,66,26.659680443535287,776.4381080892434,-705.1449418665973,-100.01697652652463,775.9875027041055,-706.3922529035115,-100.0160651482173,776.1852759623583,-705.2253331953815,-100.02249394058653,nan,nan,nan,1.1835606730971124,1.1835781327286412,nan,nan,nan,nan,1.3262088960353386,0.2653052018505015,nan,0.05706253724081218,nan,nan,nan,0.18669633503392802,nan,0.5000002210018418,nan,-3.3797635579309364e-12,nan,6.86601583004581e-21,nan,-0.014569024869751698,nan,-0.07739808240039892,nan,0.0009181563805172163,nan
9,11,sqp_full,sqp_full,,10,0,67,27.063720847575762,776.5760562823847,-704.76518025987,-100.01723374662348,776.0194046794396,-706.3370459772754,-100.0132756679642,776.2147367870932,-705.1829675277202,-100.02233048001382,nan,nan,nan,1.170492076012499,1.1705270990580714,nan,nan,nan,nan,1.6675199670814715,0.5523567496241758,nan,0.06382258169915837,nan,nan,nan,0.19466730324357912,nan,0.4999998749730813,nan,-1.5169563882200076e-12,nan,2.6272057992069253e-21,nan,-0.014209944410839353,nan,-0.06373683489478767,nan,-0.001095460777241879,nan
9,12,sqp_full,sqp_full,,10,0,68,27.46776125161624,776.7140044755259,-704.3854186531428,-100.01749096672233,776.0335879050481,-706.2829135760372,-100.01648448328777,776.2262685491733,-705.14232731907,-100.02211068592428,nan,nan,nan,1.1567466620669293,1.156760344392515,nan,nan,nan,nan,2.0158010050079973,0.9004427035691768,nan,0.0560515588386354,nan,nan,nan,0.20270854387570375,nan,0.5000001972599896,nan,-1.4350389526450341e-12,nan,-1.118111395078421e-21,nan,-0.00436231686929272,nan,-0.047778601771106995,nan,0.0006257152759843079,nan
9,13,sqp_full,sqp_full,,10,0,69,27.871801655656572,776.8519526686671,-704.0056570464156,-100.0177481868212,776.0597262273,-706.2317268364544,-100.01373065991103,776.2488941719827,-705.1071484307904,-100.01931614861728,nan,nan,nan,1.1403776136794885,1.1403912922613062,nan,nan,nan,nan,2.3628392760669596,1.2557718026278595,nan,0.05754022716723342,nan,nan,nan,0.200318452459781,nan,0.4721869260550097,nan,-1.1647345830456785e-12,nan,-4.328629657980482e-21,nan,-0.004997044109774992,nan,-0.03156082996927841,nan,-0.0006287664043488488,nan
9,14,sqp_full,sqp_full,,10,0,70,28.275842059697048,776.9899008618085,-703.6258954396883,-100.01800540692004,776.0682018054848,-706.2066918270993,-100.0168401887065,776.2555774659035,-705.0896274584097,-100.01979962948135,nan,nan,nan,1.1326704913227321,1.1326743575286673,nan,nan,nan,nan,2.7404450630694326,1.6376025990464347,nan,0.026613084907676755,nan,nan,nan,0.11316903786926587,nan,0.22681112330753972,nan,-6.651587463608155e-13,nan,-2.584416968452844e-21,nan,0.0010763067297500511,nan,-0.015510150959723603,nan,0.0001255422280301489,nan
10,0,sqp_full,sqp_full,,10,1,58,23.42857696903292,775.5758463738447,-708.2349483232249,-100.01491876573375,775.7413424825623,-705.2781367271247,-100.01898600014403,775.7424350290848,-705.2746880829915,-100.01877488945922,775.7424350290848,-705.2746880829915,-100.01877488945922,0.0036175688330237704,0.0036237234970269575,0.0036175688330237704,0.0036237234970269575,0.0,0.0,2.9614394771518007,2.9649439235779202,2.9649439235779202,0.4342130001478484,0.43308484819568194,0.9973703982065201,0.4549916270105517,-0.3133104388486745,-0.3133104388486745,5.053023673430913e-06,5.053023673430913e-06,-2.5623455327834543e-13,-2.5623455327834543e-13,6.750128901318473e-20,6.750128901318473e-20,0.059856081145212174,0.059856081145212174,0.4621903556027804,0.4621903556027804,0.04199717726823317,0.04199717726823317
10,1,sqp_full,sqp_full,,10,1,59,23.832005755335558,775.5757993427779,-707.8315196216635,-100.01517598583261,775.8298437454074,-705.314287490065,-100.01986606396493,775.832985807136,-705.3069777585474,-100.01649621480453,775.832985807136,-705.3069777585474,-100.01649621480453,0.007956426758569545,0.00864063713671136,0.007956426758569545,0.00864063713671136,0.0,0.0,2.5300190044462565,2.5376084205555145,2.5376084205555145,0.09560400461628253,0.09616266901127922,1.0042694749585286,3.2058141631151478,-0.30533925251763394,-0.30533925251763394,4.971235873560338e-06,4.971235873560338e-06,-1.89338435941814e-13,-1.89338435941814e-13,7.553015485933201e-20,7.553015485933201e-20,0.03637310908033684,0.03637310908033684,0.09759010797622383,0.09759010797622383,-0.010000022839744464,-0.010000022839744464
10,2,sqp_full,sqp_full,,10,1,60,24.235623427351253,775.6399933753629,-707.4330396533067,-100.01543320593147,775.9232726095142,-705.3382745851608,-100.01735883205555,775.9315802995608,-705.3191411725667,-100.01671344612427,775.9315802995608,-705.3191411725667,-100.01671344612427,0.020859175233091366,0.0208691570123258,0.020859175233091366,0.0208691570123258,0.0,0.0,2.113832494599686,2.1339141785080837,2.1339141785080837,0.09649155191656075,0.09934218523139193,1.0206401046411588,7.540329270056812,-0.29729785938769693,-0.29729785938769693,0.30370668083185565,0.30370668083185565,-6.340662811546897e-13,-6.340662811546897e-13,8.293420034720915e-20,8.293420034720915e-20,0.01640973281423777,0.01640973281423777,0.002460712846036521,0.002460712846036521,-0.010000051305567274,-0.010000051305567274
10,3,sqp_full,sqp_full,,10,1,61,24.639494442075346,775.7516610414759,-707.0449133043983,-100.01569042603033,776.0225002814441,-705.3488168846334,-100.01481106833211,776.0360063348456,-705.316066009398,-100.01327255629654,776.0360063348456,-705.316066009398,-100.01327255629654,0.03542644925994525,0.03545984103815312,0.03542644925994525,0.03545984103815312,0.0,0.0,1.7175846293693042,1.752074546156941,1.752074546156941,0.09981864582718841,0.10452795413968108,1.0375899782200892,7.759581005014691,-0.17362984230869788,-0.17362984230869788,0.4158605530838898,0.4158605530838898,-2.9127547497467983e-12,-2.9127547497467983e-12,1.0214568004922164e-19,1.0214568004922164e-19,0.01680900283195295,0.01680900283195295,-0.013684815761103785,-0.013684815761103785,-0.010000184040921177,-0.010000184040921177
10,4,sqp_full,sqp_full,,10,1,62,25.043518827373667,775.8863153166785,-706.6639882935061,-100.01594764612919,776.127797004321,-705.3441903618188,-100.01988599540023,776.1447381485955,-705.301565274559,-100.0134929612566,776.1447381485955,-705.301565274559,-100.0134929612566,0.04586829442260132,0.04631167583666136,0.04586829442260132,0.04631167583666136,0.0,0.0,1.3417078616273277,1.3867151266979283,1.3867151266979283,0.10552042194156877,0.10969470001128866,1.0343750226578363,5.724315284168714,0.020694460259735155,0.020694460259735155,0.41274843720367665,0.41274843720367665,-7.26567377979932e-12,-7.26567377979932e-12,9.904121250135618e-20,9.904121250135618e-20,0.027919516795662694,0.027919516795662694,-0.019242044680911032,-0.019242044680911032,-0.010000212086347715,-0.010000212086347715
10,5,sqp_full,sqp_full,,10,1,63,25.447559231414143,776.0242635098198,-706.2842266867788,-100.01620486622805,776.2446347283682,-705.3164133440442,-100.02051896947586,776.2590928220412,-705.2731242152695,-100.01410103327336,776.2590928220412,-705.2731242152695,-100.01410103327336,0.04563973206256335,0.04608877355541067,0.04563973206256335,0.04608877355541067,0.0,0.0,0.9925855833828635,1.038013975710704,1.038013975710704,0.12009586642821549,0.117839954785956,0.9811631194878574,0.5933985144501779,0.23181505482462814,0.23181505482462814,0.41859692647459734,0.41859692647459734,-8.048884265337573e-12,-8.048884265337573e-12,8.9973890633101e-20,8.9973890633101e-20,0.011182606654367053,0.011182606654367053,-0.025961174828736312,-0.025961174828736312,-0.010000189948989808,-0.010000189948989808
10,6,sqp_full,sqp_full,,10,1,64,25.851599635454477,776.1622117029609,-705.9044650800516,-100.01646208632691,776.3685798537366,-705.2719844145975,-100.01423682172805,776.3791693961205,-705.2317001867863,-100.01488986295928,776.3791693961205,-705.2317001867863,-100.01488986295928,0.041652820051535755,0.041657938992409424,0.041652820051535755,0.041657938992409424,0.0,0.0,0.6652966299538426,0.7068827641352669,0.7068827641352669,0.13181725704446878,0.1270234467752775,0.9621649685799268,3.162940940623532,0.42097869566113694,0.42097869566113694,0.41981542675925665,0.41981542675925665,-4.573481852935246e-12,-4.573481852935246e-12,7.235090476466299e-20,7.235090476466299e-20,-0.006482049801614199,-0.006482049801614199,-0.032122306202915285,-0.032122306202915285,-0.01000011763600207,-0.01000011763600207
10,7,sqp_full,sqp_full,,10,1,65,26.255640039494953,776.3001598961023,-705.5247034733244,-100.01671930642577,776.4103896803041,-705.2148808688921,-100.01716800892987,776.4166402975122,-705.1789021802988,-100.01458024486584,776.4166402975122,-705.1789021802988,-100.01458024486584,0.03651761559006199,0.036609189710162075,0.03651761559006199,0.036609189710162075,0.0,0.0,0.3288474593825528,0.36489206372684496,0.36489206372684496,0.0708340905788299,0.0647440638477835,0.912949990350815,2.7779206110275214,0.500000832874532,0.500000832874532,0.4183227316680229,0.4183227316680229,2.8586984421353475e-13,2.8586984421353475e-13,5.302028500200709e-20,5.302028500200709e-20,0.008350041247538745,0.008350041247538745,-0.038157169097958805,-0.038157169097958805,-0.0014453566001286402,-0.0014453566001286402
10,8,sqp_full,sqp_full,,10,1,66,26.659680443535287,776.4381080892434,-705.1449418665973,-100.01697652652463,776.4329078159604,-705.1586975711027,-100.01559198000389,776.435988995921,-705.1253762625907,-100.01420307769034,776.435988995921,-705.1253762625907,-100.01420307769034,0.033463461729168385,0.03349227254959115,0.033463461729168385,0.03349227254959115,0.0,0.0,0.014705857630864813,0.019680025829467523,0.019680025829467523,0.06054843723095484,0.05691694169295159,0.9392927550509801,2.259017090492334,0.5000029684393827,0.5000029684393827,0.3946076477727018,0.3946076477727018,4.135174804695465e-12,4.135174804695465e-12,3.9348655003264484e-20,3.9348655003264484e-20,0.006706693608932534,0.006706693608932534,-0.039892666780431234,-0.039892666780431234,0.00043123518507107145,0.00043123518507107145
10,9,sqp_full,sqp_full,,10,1,67,27.063720847575762,776.5760562823847,-704.76518025987,-100.01723374662348,776.4550694592506,-705.1037081751547,-100.01698141111633,776.45634221536,-705.072368962036,-100.01488046068455,776.45634221536,-705.072368962036,-100.01488046068455,0.03136504721842179,0.031435333300771987,0.03136504721842179,0.031435333300771987,0.0,0.0,0.3594982069483248,0.32969130498391697,0.32969130498391697,0.05930347897778781,0.05678456041352332,0.9573314274614888,1.1519388830886164,0.5000050594929103,0.5000050594929103,0.359809490361912,0.359809490361912,7.722180220026416e-12,7.722180220026416e-12,2.867981433635508e-20,2.867981433635508e-20,0.01106116866010413,0.01106116866010413,-0.039800790332582346,-0.039800790332582346,0.0003981574507362526,0.0003981574507362526
10,10,sqp_full,sqp_full,,10,0,68,27.46776125161624,776.7140044755259,-704.3854186531428,-100.01749096672233,776.4762595881093,-705.0496971908739,-100.0172992939217,776.4765745224505,-705.0195991839232,-100.0152564946592,nan,nan,nan,0.030099654583402247,0.030168895154894,nan,nan,nan,nan,0.7055413575283438,0.6771690544010228,nan,0.05801990204670409,nan,nan,nan,0.5000069453048596,nan,0.3188005114444654,nan,1.1584549698033678e-11,nan,1.8074801285511277e-20,nan,0.011105319527326827,nan,-0.036293399213389595,nan,0.00048469142182966114,nan
10,11,sqp_full,sqp_full,,10,0,69,27.871801655656572,776.8519526686671,-704.0056570464156,-100.0177481868212,776.4976937077082,-704.9959894531913,-100.01643419972483,776.498123673143,-704.9665377704322,-100.01505136458859,nan,nan,nan,0.029454821126942813,0.029487263702049318,nan,nan,nan,nan,1.051787852815337,1.0239564072069862,nan,0.057833303190504406,nan,nan,nan,0.5000086282890165,nan,0.2786765395312015,nan,1.6406396919946445e-11,nan,7.874089155477229e-21,nan,0.00948586935952493,nan,-0.030876984841785735,nan,0.0004566862580835531,nan
10,12,sqp_full,sqp_full,,10,0,70,28.275842059697048,776.9899008618085,-703.6258954396883,-100.01800540692004,776.5143682843163,-704.9572276522057,-100.01982116894912,776.5147717592142,-704.9284856559564,-100.01863381403227,nan,nan,nan,0.02874482806334846,0.028769340487575578,nan,nan,nan,nan,1.413710257564345,1.3865384724734648,nan,0.04233190618475934,nan,nan,nan,0.36961153827468574,nan,0.2507856241929997,nan,2.216182898219878e-11,nan,-3.2731506802180912e-21,nan,0.009727185006970689,nan,-0.02362948023711276,nan,0.00024106385219435322,nan
10,13,sqp_full,sqp_full,,10,0,71,28.679882463737382,777.1278490549496,-703.2461338329612,-100.0182626270189,776.5217704261377,-704.9411017514705,-100.01806858425076,776.5234150318994,-704.9113630598517,-100.01499723636252,nan,nan,nan,0.029784131803874937,0.029942072158773297,nan,nan,nan,nan,1.8000687623194611,1.771532914261259,nan,0.0178299728319992,nan,nan,nan,0.17013380669991515,nan,0.21266156480319637,nan,1.1851623578814948e-11,nan,3.383105755618295e-22,nan,0.005778582894663253,nan,-0.015163173825162137,nan,7.10684241886751e-05,nan
10,14,sqp_full,sqp_full,,10,0,72,29.083922867777858,777.2657972480908,-702.8663722262339,-100.01851984711776,776.5264619667946,-704.93383731036,-100.0193631064423,776.529040965159,-704.9034532089184,-100.01515335615044,nan,nan,nan,0.03049335752211405,0.030782573812001113,nan,nan,nan,nan,2.1956840693163504,2.1662199219965044,nan,0.008744052040610174,nan,nan,nan,0.08287910756188398,nan,0.09732316861898754,nan,5.366405677927716e-12,nan,5.065149450441695e-22,nan,0.004136784988702399,nan,-0.007100438527644354,nan,-9.695605559230551e-05,nan
11,0,sqp_full,sqp_full,,10,1,61,24.639494442075346,775.7516610414759,-707.0449133043983,-100.01569042603033,776.2834307142318,-705.0536664356653,-100.01542234237662,776.2830747695039,-705.0534532051507,-100.01883080485136,776.2830747695039,-705.0534532051507,-100.01883080485136,0.00041492638097640773,0.0034336249567053843,0.00041492638097640773,0.0034336249567053843,0.0,0.0,2.061029615775015,2.0611438274004916,2.0611438274004916,0.17392085944710606,0.17434167278959478,1.0022276128449463,1.1212944166212173,-3.705728547673776e-07,-3.705728547673776e-07,0.45587459072413955,0.45587459072413955,-2.3833982846671513e-13,-2.3833982846671513e-13,-1.82664695230621e-21,-1.82664695230621e-21,-0.014486705817217975,-0.014486705817217975,0.05372807276641826,0.05372807276641826,0.017666454351182727,0.017666454351182727
11,1,sqp_full,sqp_full,,10,1,62,25.043518827373667,775.8863153166785,-706.6639882935061,-100.01594764612919,776.3844344539851,-705.0607979439211,-100.01577183758226,776.3831219254512,-705.061173393418,-100.015709054606,776.3831219254512,-705.061173393418,-100.015709054606,0.0013651715924907282,0.0013666144954053506,0.0013651715924907282,0.0013666144954053506,0.0,0.0,1.6787918191227684,1.6780442218441585,1.6780442218441585,0.10125579490110417,0.10039312747708731,0.9908674573246008,2.0146423330503067,-3.1357720849238884e-07,-3.1357720849238884e-07,0.5000002399699423,0.5000002399699423,-2.468857051268727e-13,-2.468857051268727e-13,-7.432979786754544e-22,-7.432979786754544e-22,-0.0035135615504323296,-0.0035135615504323296,0.013025235653742981,0.013025235653742981,-0.010000005513948512,-0.010000005513948512
11,2,sqp_full,sqp_full,,10,1,63,25.447559231414143,776.0242635098198,-706.2842266867788,-100.01620486622805,776.4472840883612,-705.0852772395565,-100.01650177812475,776.4487886232699,-705.0803533322401,-100.01452019387544,776.4487886232699,-705.0803533322401,-100.01452019387544,0.005148639485554047,0.005516807472563679,0.005148639485554047,0.005516807472563679,0.0,0.0,1.2713875046044307,1.2765314824626348,1.2765314824626348,0.06745254086558541,0.06842074718583878,1.0100940299515528,5.252821313853981,-0.13038880461184352,-0.13038880461184352,0.5000002402572444,0.5000002402572444,-3.485567601160586e-13,-3.485567601160586e-13,-1.1759826776715437e-21,-1.1759826776715437e-21,0.003881597589627976,0.003881597589627976,-0.012939228238563121,-0.012939228238563121,-0.007173987179448702,-0.007173987179448702
11,3,sqp_full,sqp_full,,10,1,64,25.851599635454477,776.1622117029609,-705.9044650800516,-100.01646208632691,776.4691898978391,-705.0423777468395,-100.01720061580713,776.4639312686666,-705.04740799282,-100.01467687260421,776.4639312686666,-705.04740799282,-100.01467687260421,0.007277125490129718,0.0077023266065119125,0.007277125490129718,0.0077023266065119125,0.0,0.0,0.9151121145605305,0.9086151809778891,0.9086151809778891,0.048173844961317776,0.036259062968172794,0.7519908666719792,2.436186400155264,0.425628747403248,0.425628747403248,0.5000002637476851,0.5000002637476851,-5.144250003237403e-13,-5.144250003237403e-13,-7.484128033678826e-22,-7.484128033678826e-22,0.004781900565327861,0.004781900565327861,-0.032860259080740334,-0.032860259080740334,6.696571925598873e-05,6.696571925598873e-05
11,4,sqp_full,sqp_full,,10,1,65,26.255640039494953,776.3001598961023,-705.5247034733244,-100.01671930642577,776.4884999178109,-704.9931175269343,-100.0161499883594,776.4759479248121,-705.0094003961799,-100.01537844443571,776.4759479248121,-705.0094003961799,-100.01537844443571,0.020559288876639627,0.020573760938129605,0.020559288876639627,0.020573760938129605,0.0,0.0,0.5639641674581363,0.5444618373700143,0.5444618373700143,0.052920222547373746,0.039868153083874584,0.7511265224022619,4.4162491051851465,0.499999668105924,0.499999668105924,0.4206080074631277,0.4206080074631277,-3.151517151250464e-13,-3.151517151250464e-13,-8.374363455943066e-22,-8.374363455943066e-22,0.0077364022811689005,0.0077364022811689005,-0.04303549928120903,-0.04303549928120903,0.0006373275614773447,0.0006373275614773447
11,5,sqp_full,sqp_full,,10,1,66,26.659680443535287,776.4381080892434,-705.1449418665973,-100.01697652652463,776.5091576626397,-704.9436551772922,-100.01529561363947,776.4895029071423,-704.9721000176385,-100.01178763520936,776.4895029071423,-704.9721000176385,-100.01178763520936,0.034574822573443825,0.034752327528543646,0.034574822573443825,0.034752327528543646,0.0,0.0,0.21345812978474013,0.18032119137353894,0.18032119137353894,0.05360966712905266,0.03984908651660485,0.7404489514284068,5.0366037975746005,0.49999971108423497,0.49999971108423497,0.34764434586084864,0.34764434586084864,-1.7893150496752887e-13,-1.7893150496752887e-13,-8.509992905835873e-22,-8.509992905835873e-22,0.012607430583286535,0.012607430583286535,-0.05050023113105251,-0.05050023113105251,0.0005246355543759446,0.0005246355543759446
11,6,sqp_full,sqp_full,,10,1,67,27.063720847575762,776.5760562823847,-704.76518025987,-100.01723374662348,776.5295557344594,-704.8898975145323,-100.01670886666169,776.5006845415513,-704.9341771571181,-100.01469117031682,776.5006845415513,-704.9341771571181,-100.01469117031682,0.05286050063579719,0.05289899456518234,0.05286050063579719,0.05289899456518234,0.0,0.0,0.13310407419706025,0.18504283448908232,0.18504283448908232,0.0575149104447584,0.039643446043662704,0.6864738927939983,5.164878316458097,0.4999997652747836,0.4999997652747836,0.2637239286183382,0.2637239286183382,-7.240839237439285e-14,-7.240839237439285e-14,-8.750824810335998e-22,-8.750824810335998e-22,0.014859972473889113,0.014859972473889113,-0.05764103658751878,-0.05764103658751878,0.0007682115892297276,0.0007682115892297276
11,7,sqp_full,sqp_full,,10,1,68,27.46776125161624,776.7140044755259,-704.3854186531428,-100.01749096672233,776.5522595280257,-704.8360333176521,-100.01848897238068,776.5152255219518,-704.8953961132584,-100.01519874397717,776.5152255219518,-704.8953961132584,-100.01519874397717,0.06996755753970853,0.07004487640805478,0.06996755753970853,0.07004487640805478,0.0,0.0,0.47876403782314453,0.5473482275571808,0.5473482275571808,0.058480618363910296,0.04142061207762248,0.7075909233648302,2.526312331788473,0.49999983687155175,0.49999983687155175,0.21722175338010627,0.21722175338010627,-1.9035587521317672e-14,-1.9035587521317672e-14,-8.283327650176386e-22,-8.283327650176386e-22,0.016608565714554727,0.016608565714554727,-0.05725208277079704,-0.05725208277079704,0.0005606631339242022,0.0005606631339242022
11,8,sqp_full,sqp_full,,10,1,69,27.871801655656572,776.8519526686671,-704.0056570464156,-100.0177481868212,776.5713963789025,-704.7855209580819,-100.01849238452309,776.5276309566083,-704.8577321080396,-100.01500583433999,776.5276309566083,-704.8577321080396,-100.01500583433999,0.08443851234363278,0.08451046325151125,0.08443851234363278,0.08451046325151125,0.0,0.0,0.8287940349966025,0.9117107455516399,0.9117107455516399,0.054015900829951655,0.03965487753431706,0.7334150883905344,2.5348097934982703,0.4999999206764807,0.4999999206764807,0.22178688447509337,0.22178688447509337,7.495900106341332e-15,7.495900106341332e-15,-7.142704441206566e-22,-7.142704441206566e-22,0.015281910851922665,0.015281910851922665,-0.05099017938693516,-0.05099017938693516,0.000758723578801492,0.000758723578801492
11,9,sqp_full,sqp_full,,10,1,70,28.275842059697048,776.9899008618085,-703.6258954396883,-100.01800540692004,776.5920371119568,-704.7355607376675,-100.01585751265257,776.5411549741076,-704.821561581333,-100.0150115348367,776.5411549741076,-704.821561581333,-100.0150115348367,0.09992565768242179,0.0999292386728203,0.09992565768242179,0.0999292386728203,0.0,0.0,1.1788352883186077,1.2771023428071913,1.2771023428071913,0.05412029226311701,0.038616137611836736,0.7122614556064011,3.4092046718793707,0.5000000059303803,0.5000000059303803,0.21983620641741963,0.21983620641741963,3.344154054103081e-14,3.344154054103081e-14,-6.45553016274708e-22,-6.45553016274708e-22,0.010813005775382738,0.010813005775382738,-0.045657568607512605,-0.045657568607512605,0.0006202149950561076,0.0006202149950561076
11,10,sqp_full,sqp_full,,10,0,71,28.679882463737382,777.1278490549496,-703.2461338329612,-100.0182626270189,776.6115725401053,-704.685038115606,-100.01832163498253,776.5529991789206,-704.7875343890681,-100.01481888280016,nan,nan,nan,0.11805221181374452,0.11810416583240547,nan,nan,nan,nan,1.528720698621257,1.64510426853053,nan,0.05422398170351142,nan,nan,nan,0.500000087107032,nan,0.22325347844466334,nan,5.892128371125703e-14,nan,-5.993824818368158e-22,nan,0.014973892853600991,nan,-0.040082110843610096,nan,0.0007111652456654641,nan
11,11,sqp_full,sqp_full,,10,0,72,29.083922867777858,777.2657972480908,-702.8663722262339,-100.01851984711776,776.6320828716259,-704.6364844699948,-100.0182101837631,776.5637401799548,-704.759224348288,-100.0141983098659,nan,nan,nan,0.1404841671799802,0.1405414400111923,nan,nan,nan,nan,1.8801306514310676,2.018854448167114,nan,0.052708088777582054,nan,nan,nan,0.5000001628840328,nan,0.267473676197462,nan,9.364759244989654e-14,nan,-5.349333051905316e-22,nan,0.012087579921194589,nan,-0.03205567797874872,nan,0.000554863059191996,nan
11,12,sqp_full,sqp_full,,10,0,73,29.48796327181823,777.4037454412321,-702.4866106195068,-100.01877706721662,776.6444034370388,-704.6055164224605,-100.01875025967759,776.5633713826165,-704.7522107204227,-100.01478871447515,nan,nan,nan,0.1675870248513085,0.16763384126990633,nan,nan,nan,nan,2.2508580766283983,2.4164379519582684,nan,0.03333328639926329,nan,nan,nan,0.36507973866596205,nan,0.3295412482498566,nan,1.4482476684454148e-13,nan,-4.853867188391001e-22,nan,0.008904132086535826,nan,-0.02392943407862129,nan,0.00045628812043289554,nan
11,13,sqp_full,sqp_full,,10,0,74,29.892003675858668,777.5416936343734,-702.1068490127795,-100.01903428731548,776.6531918349843,-704.5863833944383,-100.01938528454181,776.5631183697145,-704.7499878743098,-100.01466069881786,nan,nan,nan,0.18676095678636176,0.18682070733732956,nan,nan,nan,nan,2.6339184112923864,2.818473450280027,nan,0.021064471422964165,nan,nan,nan,0.2355916283244203,nan,0.21481238032371947,nan,7.397941639376335e-14,nan,-2.8095616132110907e-22,nan,0.006153878243033925,nan,-0.015375425490934288,nan,0.00017438584493656865,nan
11,14,sqp_full,sqp_full,,10,0,75,30.296044079899143,777.6796418275146,-701.7270874060523,-100.01929150741434,776.6590868386783,-704.5762427776878,-100.01938476612705,776.5648474138671,-704.7479068212225,-100.01532550581818,nan,nan,nan,0.19583057225936806,0.19587263878777622,nan,nan,nan,nan,3.026420132261519,3.219955981650799,nan,0.01172958553830838,nan,nan,nan,0.1228734741093698,nan,0.09169877894377788,nan,3.305860940256249e-14,nan,-1.2670618421070038e-22,nan,0.002528896861409809,nan,-0.00724536872720404,nan,-2.818277566287814e-05,nan
12,0,sqp_full,sqp_full,,10,1,63,25.447559231414143,776.0242635098198,-706.2842266867788,-100.01620486622805,776.5368377317643,-704.851548727627,-100.01459628496933,776.5360600690169,-704.8529483408253,-100.01629988874672,776.5360600690169,-704.8529483408253,-100.01629988874672,0.001601148479491235,0.002337935474672293,0.001601148479491235,0.002337935474672293,0.0,0.0,1.5216104848618133,1.5200307304793514,1.5200307304793514,0.030299174192816154,0.03182367962869461,1.0486039226297705,3.2710113176095916,8.195590341105446e-06,8.195590341105446e-06,0.49998650310087267,0.49998650310087267,-2.23083116472555e-13,-2.23083116472555e-13,-5.953542548137303e-20,-5.953542548137303e-20,-0.041197259011912526,-0.041197259011912526,-0.019394658929328512,-0.019394658929328512,-0.0011139256328824704,-0.0011139256328824704
12,1,sqp_full,sqp_full,,10,1,64,25.851599635454477,776.1622117029609,-705.9044650800516,-100.01646208632691,776.5427693407973,-704.8400165721268,-100.01436743651755,776.5407102502285,-704.842777172809,-100.01743270681683,776.5407102502285,-704.842777172809,-100.01743270681683,0.0034439468778490728,0.004610493694290385,0.0034439468778490728,0.004610493694290385,0.0,0.0,1.1304312193756372,1.1271390165675959,1.1271390165675959,0.012970233915233205,0.01124100177454618,0.859667782628625,7.291770437065824,0.500006555193425,0.500006555193425,0.49998885153500483,0.49998885153500483,4.22723398776194e-14,4.22723398776194e-14,-5.860099655265165e-20,-5.860099655265165e-20,-0.030355281780958504,-0.030355281780958504,-0.018035898951312135,-0.018035898951312135,0.00013420005611477711,0.00013420005611477711
12,2,sqp_full,sqp_full,,10,1,65,26.255640039494953,776.3001598961023,-705.5247034733244,-100.01671930642577,776.5480944811694,-704.8342771821439,-100.01545480223811,776.5444504389739,-704.8395467412596,-100.01770922625282,776.5444504389739,-704.8395467412596,-100.01770922625282,0.006406816432293039,0.00679188666242162,0.006406816432293039,0.00679188666242162,0.0,0.0,0.7335939081165952,0.7274047132307275,0.7274047132307275,0.007904434297856035,0.004949864932053887,0.6203323258443124,7.858790433907333,0.5000043214459511,0.5000043214459511,0.4999924800473104,0.4999924800473104,-3.3651433252973224e-12,-3.3651433252973224e-12,-4.9789387591534257e-20,-4.9789387591534257e-20,-0.0023017887641955956,-0.0023017887641955956,-0.009347707233153367,-0.009347707233153367,-0.0001402467207998597,-0.0001402467207998597
12,3,sqp_full,sqp_full,,10,1,66,26.659680443535287,776.4381080892434,-705.1449418665973,-100.01697652652463,776.5541553186613,-704.81823623857,-100.01433524675012,776.5472818437039,-704.8284853468081,-100.01762016769095,776.5472818437039,-704.8284853468081,-100.01762016769095,0.012340537981189137,0.012770261675184014,0.012340537981189137,0.012770261675184014,0.0,0.0,0.3467038027484739,0.3347590739324055,0.3347590739324055,0.01718426682558211,0.011418372536590357,0.6593167495558676,7.138092064338893,0.500001261484858,0.500001261484858,0.3306303415057213,0.3306303415057213,-4.923426068626571e-12,-4.923426068626571e-12,-4.172573270323984e-20,-4.172573270323984e-20,0.013556175634009467,0.013556175634009467,0.00382608223165235,0.00382608223165235,0.0003489071356209905,0.0003489071356209905
12,4,sqp_full,sqp_full,,10,1,67,27.063720847575762,776.5760562823847,-704.76518025987,-100.01723374662348,776.5732025973141,-704.7741879011845,-100.01710243782006,776.561426585275,-704.7918471975677,-100.01774560723229,776.561426585275,-704.7918471975677,-100.01774560723229,0.021225579103907967,0.021235321405363314,0.021225579103907967,0.021235321405363314,0.0,0.0,0.009448868743551544,0.03041633777587734,0.03041633777587734,0.04806986786878107,0.039273953569121604,0.8151666446314941,3.858015849379139,0.4999993973311952,0.4999993973311952,-0.003108794230643274,-0.003108794230643274,-2.106389554720603e-12,-2.106389554720603e-12,-3.054991716907332e-20,-3.054991716907332e-20,0.009496628689272264,0.009496628689272264,0.014595002372789689,0.014595002372789689,0.0006189175772517798,0.0006189175772517798
12,5,sqp_full,sqp_full,,10,1,68,27.46776125161624,776.7140044755259,-704.3854186531428,-100.01749096672233,776.5915060901618,-704.7235726773935,-100.01898006716296,776.5761037699056,-704.7475384942821,-100.01794999735395,776.5761037699056,-704.7475384942821,-100.01794999735395,0.028488451141061674,0.028507067408417894,0.028488451141061674,0.028507067408417894,0.0,0.0,0.35965816900746234,0.3874885597762085,0.3874885597762085,0.053855772409186424,0.04667678985159404,0.8659785375698524,2.337733536018868,0.4999983397712761,0.4999983397712761,-0.07694246662777748,-0.07694246662777748,-9.213086558183071e-13,-9.213086558183071e-13,-2.091191973646322e-20,-2.091191973646322e-20,0.010035727987195446,0.010035727987195446,0.01917689814547284,0.01917689814547284,0.0010335936935199715,0.0010335936935199715
12,6,sqp_full,sqp_full,,10,1,69,27.871801655656572,776.8519526686671,-704.0056570464156,-100.0177481868212,776.6102711836605,-704.681399231449,-100.01827037275055,776.5923269208415,-704.7103403199446,-100.01803745300057,776.5923269208415,-704.7103403199446,-100.01803745300057,0.03405265292798022,0.034053449502853717,0.03405265292798022,0.034053449502853717,0.0,0.0,0.7176610905076073,0.7509887115833064,0.7509887115833064,0.04616526771304395,0.040582045892597125,0.8789010873142601,1.0898871787140025,0.49999781794580656,0.49999781794580656,-0.008732358104919825,-0.008732358104919825,9.193018642528361e-13,9.193018642528361e-13,-1.2873552368650265e-20,-1.2873552368650265e-20,0.010491981605975424,0.010491981605975424,0.022340461490578053,0.022340461490578053,0.0005536730519844041,0.0005536730519844041
12,7,sqp_full,sqp_full,,10,1,70,28.275842059697048,776.9899008618085,-703.6258954396883,-100.01800540692004,776.6231154511462,-704.6517441270065,-100.01868248526297,776.6010206220105,-704.6886507347648,-100.01818483443438,776.6010206220105,-704.6886507347648,-100.01818483443438,0.04301487150696582,0.043017750140005855,0.04301487150696582,0.043017750140005855,0.0,0.0,1.0894480560114104,1.1316698538524284,1.1316698538524284,0.032319812243501556,0.023367504500338886,0.7227200516976737,1.6189859739628873,0.4999975697836158,0.4999975697836158,0.11633812190886868,0.11633812190886868,2.795601536886298e-12,2.795601536886298e-12,-7.148509650007156e-21,-7.148509650007156e-21,0.0063756849004164015,0.0063756849004164015,0.025380899063038302,0.025380899063038302,0.00044038529252992813,0.00044038529252992813
12,8,sqp_full,sqp_full,,10,1,71,28.679882463737382,777.1278490549496,-703.2461338329612,-100.0182626270189,776.6282771449889,-704.6420081139452,-100.01867743930336,776.5979257875293,-704.6930540662386,-100.01801340269346,776.5979257875293,-704.6930540662386,-100.01801340269346,0.05938765987297224,0.059391372183231574,0.05938765987297224,0.059391372183231574,0.0,0.0,1.482577856820429,1.5409077943929588,1.5409077943929588,0.01101966692411665,0.005384860014527963,-0.48458480925893915,172.59610208157335,0.4529577475838986,0.4529577475838986,0.2746448529065679,0.2746448529065679,5.1315027320533255e-12,5.1315027320533255e-12,-3.083348284983102e-21,-3.083348284983102e-21,0.01275861190601318,0.01275861190601318,0.028316035164007294,0.028316035164007294,9.032417149491694e-05,9.032417149491694e-05
12,9,sqp_full,sqp_full,,10,1,72,29.083922867777858,777.2657972480908,-702.8663722262339,-100.01851984711776,776.6320270994044,-704.6350062116273,-100.01656772409302,776.5941568869238,-704.6991322425773,-100.01793481024659,776.5941568869238,-704.6991322425773,-100.01793481024659,0.074473490845536,0.0744860373712509,0.074473490845536,0.0744860373712509,0.0,0.0,1.878757774609229,1.9519503201299833,1.9519503201299833,0.008218253613456546,0.007152273495257709,-0.8369329608360785,164.08510708941566,0.35827837823733516,0.35827837823733516,0.20985244123682387,0.20985244123682387,2.842888707300407e-12,2.842888707300407e-12,-2.939909220897952e-21,-2.939909220897952e-21,0.006403252240538998,0.006403252240538998,0.028517943950649112,0.028517943950649112,4.8931425033510825e-05,4.8931425033510825e-05
12,10,sqp_full,sqp_full,,10,0,73,29.48796327181823,777.4037454412321,-702.4866106195068,-100.01877706721662,776.6364892639717,-704.6296137671501,-100.01764334764617,776.5922089091154,-704.7045395557535,-100.01800798479952,nan,nan,nan,0.087032313677492,0.08703307752981605,nan,nan,nan,nan,2.276212760783386,2.3617367146235004,nan,0.007081407776366228,nan,nan,nan,0.266031789034403,nan,0.14587431003979864,nan,1.6909150400656798e-12,nan,-2.420627350273698e-21,nan,0.0033462360214461164,nan,0.02557476729810951,nan,-9.610344321076336e-05,nan
12,11,sqp_full,sqp_full,,10,0,74,29.892003675858668,777.5416936343734,-702.1068490127795,-100.01903428731548,776.6377302266567,-704.6256614832527,-100.01550980813799,776.5893744143916,-704.7078535425618,-100.01802974911568,nan,nan,nan,0.0953615184091603,0.09539480748883382,nan,nan,nan,nan,2.6761102563051473,2.769862173591787,nan,0.004659670291324997,nan,nan,nan,0.18803375987588283,nan,0.09387093426767262,nan,1.1214604085695004e-12,nan,-1.7907838988263182e-21,nan,0.001610642335665513,nan,0.022806854316537367,nan,0.00010049227167580409,nan
12,12,sqp_full,sqp_full,,10,0,75,30.296044079899143,777.6796418275146,-701.7270874060523,-100.01929150741434,776.6434438323968,-704.6223087483587,-100.01782511631669,776.5917332660432,-704.7099907551961,-100.01813155563377,nan,nan,nan,0.10179448411205341,0.10179494535925716,nan,nan,nan,nan,3.075063073504828,3.175099593470464,nan,0.007017604561707591,nan,nan,nan,0.12852362880890064,nan,0.05565784580191191,nan,7.54039535144388e-13,nan,-1.4222892398410523e-21,nan,-0.0003883685675916505,nan,0.019830141073257524,nan,-0.00033560048851367144,nan
12,13,sqp_full,sqp_full,,10,0,76,30.700084483939477,777.8175900206558,-701.3473257993252,-100.01954872751318,776.6452214791763,-704.619580923571,-100.01803272882752,776.5920340132006,-704.7098284395826,-100.01819609466534,nan,nan,nan,0.10475457356674958,0.10475470095202657,nan,nan,nan,nan,3.475931759284738,3.5788841184295475,nan,0.003262538750668427,nan,nan,nan,0.07251696042051614,nan,0.021537577875281162,nan,4.518665197390163e-13,nan,-8.657417271396446e-22,nan,-0.0001817547495327989,nan,0.014060669878836808,nan,-1.3731418232421715e-05,nan
12,14,sqp_full,sqp_full,,10,0,77,31.104124887979953,777.955538213797,-700.9675641925978,-100.01980594761204,776.648357206723,-704.6178340292698,-100.01793041567048,776.5948918161148,-704.7085718928023,-100.01818947403078,nan,nan,nan,0.10531812698363055,0.10531844559512911,nan,nan,nan,nan,3.8772660555824787,3.9807659102884885,nan,0.003590946244244413,nan,nan,nan,0.03264541897307185,nan,-0.0014050904784738327,nan,2.033415402281493e-13,nan,-3.5795010389684444e-22,nan,0.0009788083956493079,nan,0.006838646333242911,nan,-0.00020008963930192837,nan
13,0,sqp_full,sqp_full,,10,1,66,26.659680443535287,776.4381080892434,-705.1449418665973,-100.01697652652463,776.5801626941253,-704.7471798566453,-100.01458698045779,776.5828084906975,-704.7435834146564,-100.02083914363327,776.5828084906975,-704.7435834146564,-100.02083914363327,0.004464821886782418,0.007682719495958796,0.004464821886782418,0.007682719495958796,0.0,0.0,0.4223672896061207,0.42664600446431467,0.42664600446431467,0.05015594295792607,0.04596877144903396,0.9082701086423446,7.691962731164349,-0.1641543447815221,-0.1641543447815221,0.28861820971910146,0.28861820971910146,1.0760426927717033e-09,1.0760426927717033e-09,3.721558627974584e-18,3.721558627974584e-18,-0.08732868481040965,-0.08732868481040965,0.1871407381754301,0.1871407381754301,-0.0014145120255316648,-0.0014145120255316648
13,1,sqp_full,sqp_full,,10,1,67,27.063720847575762,776.5760562823847,-704.76518025987,-100.01723374662348,776.5908717506353,-704.7207675207578,-100.01808779105069,776.5899516641551,-704.7228282413515,-100.02208196429991,776.5899516641551,-704.7228282413515,-100.02208196429991,0.002256796068874164,0.004587651734965495,0.002256796068874164,0.004587651734965495,0.0,0.0,0.046818687454163274,0.044573255514173044,0.044573255514173044,0.028714997008030232,0.021985148377196874,0.7628880398391162,4.85313780671677,-0.2990787750306883,-0.2990787750306883,-0.2987323894263772,-0.2987323894263772,9.996044500288307e-10,9.996044500288307e-10,3.506573814433338e-18,3.506573814433338e-18,-0.04361856337143322,-0.04361856337143322,0.2215842419415363,0.2215842419415363,0.000441422447780534,0.000441422447780534
13,2,sqp_full,sqp_full,,10,1,68,27.46776125161624,776.7140044755259,-704.3854186531428,-100.01749096672233,776.6034871006959,-704.6937290378274,-100.01713412876084,776.5959459550334,-704.7068111147449,-100.02233647388663,776.5959459550334,-704.7068111147449,-100.02233647388663,0.01509998723113689,0.015971036572128772,0.01509998723113689,0.015971036572128772,0.0,0.0,0.32752005044539456,0.3423900241473896,0.3423900241473896,0.02985190258746599,0.017103936476556378,0.5705707273439542,5.233957008579803,-0.371476118243118,-0.371476118243118,-0.3228647112596355,-0.3228647112596355,1.048094869967712e-09,1.048094869967712e-09,3.1709177125671515e-18,3.1709177125671515e-18,-0.011878668903701536,-0.011878668903701536,0.2338480477459869,0.2338480477459869,0.0002873098144892426,0.0002873098144892426
13,3,sqp_full,sqp_full,,10,1,69,27.871801655656572,776.8519526686671,-704.0056570464156,-100.0177481868212,776.6116744464246,-704.6663983052698,-100.01615549900868,776.5930261929661,-704.6978939837453,-100.0212918107209,776.5930261929661,-704.6978939837453,-100.0212918107209,0.03660239226719145,0.03696101754127431,0.03660239226719145,0.03696101754127431,0.0,0.0,0.7030737054080956,0.7390770577027251,0.7390770577027251,0.028547491805946738,0.009440951060409932,0.2709693142227056,34.97968074053039,-0.4274799858354368,-0.4274799858354368,-0.32893654393288674,-0.32893654393288674,1.0219594911705725e-09,1.0219594911705725e-09,2.8306905864915805e-18,2.8306905864915805e-18,-0.010676398444087043,-0.010676398444087043,0.24160055247400794,0.24160055247400794,0.0007215890639082257,0.0007215890639082257
13,4,sqp_full,sqp_full,,10,1,70,28.275842059697048,776.9899008618085,-703.6258954396883,-100.01800540692004,776.6189523692608,-704.6585040144782,-100.01660445910919,776.5873656519998,-704.7119344734313,-100.02166633176458,776.5873656519998,-704.7119344734313,-100.02166633176458,0.06206878967126264,0.06227485211572048,0.06206878967126264,0.06227485211572048,0.0,0.0,1.097216137710807,1.1582380489126323,1.1582380489126323,0.010746606584574341,0.015143227551155795,-1.314998107971057,158.94039191900396,-0.4673483483171605,-0.4673483483171605,-0.1982598514617746,-0.1982598514617746,9.814426209063928e-10,9.814426209063928e-10,2.580544099132245e-18,2.580544099132245e-18,-0.019003325869726147,-0.019003325869726147,0.2391694348310344,0.2391694348310344,-0.00029167647282211164,-0.00029167647282211164
13,5,sqp_full,sqp_full,,10,1,71,28.679882463737382,777.1278490549496,-703.2461338329612,-100.0182626270189,776.623823664247,-704.6503337446019,-100.01687408338118,776.5770534546909,-704.7296622443245,-100.02337939917602,776.5770534546909,-704.7296622443245,-100.02337939917602,0.09208943137054185,0.09231891736659563,0.09208943137054185,0.09231891736659563,0.0,0.0,1.491917888599942,1.5824766477222227,1.5824766477222227,0.009516066516368505,0.02058032735727897,-2.1490963645290604,173.57196011990635,-0.46735087789238167,-0.46735087789238167,-0.19640625620150773,-0.19640625620150773,9.301219838686416e-10,9.301219838686416e-10,2.4315092218433135e-18,2.4315092218433135e-18,-0.014626026326166023,-0.014626026326166023,0.22959912952822362,0.22959912952822362,-4.4785378026672024e-05,-4.4785378026672024e-05
13,6,sqp_full,sqp_full,,10,1,72,29.083922867777858,777.2657972480908,-702.8663722262339,-100.01851984711776,776.6286800984698,-704.6422014566725,-100.01704895811132,776.5649431598355,-704.7508375634119,-100.02141294472682,776.5649431598355,-704.7508375634119,-100.02141294472682,0.1259531700036166,0.12602874835980926,0.1259531700036166,0.12602874835980926,0.0,0.0,1.886660467074442,2.0105735649435226,2.0105735649435226,0.00947362873961725,0.02447284869086086,-2.5778434490943885,176.28890976011922,-0.4673486424340068,-0.4673486424340068,-0.19455329217507422,-0.19455329217507422,8.576215123712954e-10,8.576215123712954e-10,2.2401001815657957e-18,2.2401001815657957e-18,-0.011790889318334094,-0.011790889318334094,0.21547604503941223,0.21547604503941223,-4.5069177670184356e-05,-4.5069177670184356e-05
13,7,sqp_full,sqp_full,,10,1,73,29.48796327181823,777.4037454412321,-702.4866106195068,-100.01877706721662,776.6334946619234,-704.6341181052106,-100.01713591761481,776.5513970642213,-704.7750072728522,-100.02111807184392,776.5513970642213,-704.7750072728522,-100.02111807184392,0.16306370873743636,0.16311232528387248,0.16306370873743636,0.16311232528387248,0.0,0.0,2.2814632725905764,2.441978091391436,2.441978091391436,0.00940894011360585,0.027708455583723115,-2.943881952413334,178.48807229598887,-0.46734972519093954,-0.46734972519093954,-0.19269995418827546,-0.19269995418827546,7.562033972448574e-10,7.562033972448574e-10,1.9863930194153622e-18,1.9863930194153622e-18,-0.009943988970162503,-0.009943988970162503,0.19747654306352047,0.19747654306352047,-4.3424143432066276e-05,-4.3424143432066276e-05
13,8,sqp_full,sqp_full,,10,1,74,29.892003675858668,777.5416936343734,-702.1068490127795,-100.01903428731548,776.6383661652957,-704.6261080029781,-100.0171800557667,776.5363489624833,-704.8018779039768,-100.0221683373343,776.5363489624833,-704.8018779039768,-100.0221683373343,0.20323033180785338,0.20329154119079287,0.20323033180785338,0.20329154119079287,0.0,0.0,2.676315821439323,2.876438532923171,2.876438532923171,0.009375245653236434,0.03081524363920814,-3.282283014343873,176.9716112463109,-0.46734985092276016,-0.46734985092276016,-0.19084142655994688,-0.19084142655994688,6.394953192090751e-10,6.394953192090751e-10,1.7772929792875214e-18,1.7772929792875214e-18,-0.008544072555491292,-0.008544072555491292,0.17627572765567112,0.17627572765567112,-5.255849677623592e-05,-5.255849677623592e-05
13,9,sqp_full,sqp_full,,10,1,75,30.296044079899143,777.6796418275146,-701.7270874060523,-100.01929150741434,776.6431836292945,-704.6181623285488,-100.01743653343424,776.5204382112609,-704.8310990012794,-100.02213900509734,776.5204382112609,-704.8310990012794,-100.02213900509734,0.24578133420144402,0.245826315681589,0.24578133420144402,0.245826315681589,0.0,0.0,3.0712472717360018,3.313403236438352,3.313403236438352,0.009295562506399808,0.033271991109874714,-3.5742080621773993,176.9310829048331,-0.4673518883847091,-0.4673518883847091,-0.18898556386410498,-0.18898556386410498,5.170917682208299e-10,5.170917682208299e-10,1.5349418777434847e-18,1.5349418777434847e-18,-0.007352226832154078,-0.007352226832154078,0.152584261000454,0.152584261000454,-4.972133635865098e-05,-4.972133635865098e-05
13,10,sqp_full,sqp_full,,10,0,76,30.700084483939477,777.8175900206558,-701.3473257993252,-100.01954872751318,776.6479252495006,-704.6104749698264,-100.01719581742603,776.503981841199,-704.8618516441184,-100.02062998360205,nan,nan,nan,0.2896721201144635,0.28969247603093295,nan,nan,nan,nan,3.466447487821593,3.7519939182860824,nan,0.009035285856140557,nan,nan,nan,-0.459974820964753,nan,-0.1840254292500616,nan,3.984508230765829e-10,nan,1.277095325053342e-18,nan,-0.007164382964809877,nan,0.12715131794313952,nan,-5.752111491174614e-05,nan
13,11,sqp_full,sqp_full,,10,0,77,31.104124887979953,777.955538213797,-700.9675641925978,-100.01980594761204,776.6522076824542,-704.6040959954918,-100.01705576577048,776.490654557819,-704.8883501416267,-100.0216750860309,nan,nan,nan,0.32695539707165705,0.32698802698868534,nan,nan,nan,nan,3.8630343031597802,4.18550434041744,nan,0.007684410194034858,nan,nan,nan,-0.38554098886961663,nan,-0.1510203226634563,nan,2.980148831512042e-10,nan,1.017074921182914e-18,nan,-0.003736737899027196,nan,0.10387955406133727,nan,-8.048985168850917e-05,nan
13,12,sqp_full,sqp_full,,10,0,78,31.50816529202033,778.0934864069383,-700.5878025858707,-100.0200631677109,776.6555832883063,-704.5997671584645,-100.01698711987162,776.4806853198344,-704.9091408872946,-100.02001619012925,nan,nan,nan,0.3553890874321423,0.35540199596017547,nan,nan,nan,nan,4.261857002565817,4.612493041936949,nan,0.005489832159242362,nan,nan,nan,-0.28918500361841326,nan,-0.10929990732917123,nan,2.0563657319418135e-10,nan,7.430227533471418e-19,nan,-0.0028491888931908476,nan,0.07629214520036783,nan,-0.00010181552443181812,nan
13,13,sqp_full,sqp_full,,10,0,79,31.91220569606077,778.2314346000795,-700.2080409791434,-100.02032038780976,776.6582812474356,-704.59759161529,-100.01689834677575,776.4748247688627,-704.9233230621657,-100.02152056109259,nan,nan,nan,0.37384121631256706,0.3738697900061604,nan,nan,nan,nan,4.662935369295732,5.031854849019128,nan,0.003466965853621817,nan,nan,nan,-0.1911707830297123,nan,-0.06744752861738414,nan,1.253130075212657e-10,nan,4.741393600248439e-19,nan,-0.0019025525785262064,nan,0.04920261879162414,nan,-0.00015082614953319687,nan
13,14,sqp_full,sqp_full,,10,0,80,32.316246100101246,778.3693827932208,-699.8282793724162,-100.02057760790862,776.6602385370982,-704.5975350153719,-100.01687149824615,776.4729117197144,-704.930856790504,-100.02138194432308,nan,nan,nan,0.38235421050163065,0.38238081334206386,nan,nan,nan,nan,5.066258330967904,5.443610827403578,nan,0.0019582919132413615,nan,nan,nan,-0.0959379211965617,nan,-0.027312382275332035,nan,5.68570773670175e-11,nan,2.208825581133315e-19,nan,-0.0008968992738038502,nan,0.023720503635739885,nan,-0.00019240462517131044,nan
14,0,sqp_full,sqp_full,,10,1,68,27.46776125161624,776.7140044755259,-704.3854186531428,-100.01749096672233,776.5654984542367,-704.7992537253712,-100.02055586735686,776.5659800167734,-704.7988822336599,-100.02143521317251,776.5659800167734,-704.7988822336599,-100.02143521317251,0.0006082010919558164,0.0010691854992263914,0.0006082010919558164,0.0010691854992263914,0.0,0.0,0.4396743173820996,0.43916212587502246,0.43916212587502246,0.05520012155626702,0.05578952848223045,1.0105470600536512,0.9210245552961486,0.04002612750488655,0.04002612750488655,-0.5000011153178856,-0.5000011153178856,-3.8594997487568846e-12,-3.8594997487568846e-12,-2.5521186814879284e-20,-2.5521186814879284e-20,0.022199997865735302,0.022199997865735302,-0.07015331558003132,-0.07015331558003132,-0.0027059596308867083,-0.0027059596308867083
14,1,sqp_full,sqp_full,,10,1,69,27.871801655656572,776.8519526686671,-704.0056570464156,-100.0177481868212,776.5758001139769,-704.7664341512018,-100.01793667702314,776.5789820403118,-704.7620994259106,-100.0208133997478,776.5789820403118,-704.7620994259106,-100.0208133997478,0.005377220336712584,0.006098363074139836,0.005377220336712584,0.006098363074139836,0.0,0.0,0.8093466727112227,0.8041878122931394,0.8041878122931394,0.03449795356343644,0.039018126735513546,1.1282726059580348,3.999675225249616,0.11445957245697558,0.11445957245697558,-0.3868056071051819,-0.3868056071051819,-4.04015691030436e-12,-4.04015691030436e-12,-2.694165813634349e-20,-2.694165813634349e-20,0.028364638979448187,0.028364638979448187,-0.0992796478776752,-0.0992796478776752,0.0007095300883351249,0.0007095300883351249
14,2,sqp_full,sqp_full,,10,1,70,28.275842059697048,776.9899008618085,-703.6258954396883,-100.01800540692004,776.582317012377,-704.7589080837205,-100.0177584749659,776.5862230853803,-704.7539002108118,-100.02120492322685,776.5862230853803,-704.7539002108118,-100.02120492322685,0.006351078441914395,0.007225939592241994,0.006351078441914395,0.007225939592241994,0.0,0.0,1.2040939522536926,1.1980611465444388,1.1980611465444388,0.009957078510444231,0.010945919447682393,1.097674854595674,3.125761223941575,0.21081626570441037,0.21081626570441037,0.206682720122996,0.206682720122996,-3.774042867729203e-12,-3.774042867729203e-12,-2.5626748432539514e-20,-2.5626748432539514e-20,-0.008836944492473969,-0.008836944492473969,-0.11219176652803853,-0.11219176652803853,-0.00021732185720374077,-0.00021732185720374077
14,3,sqp_full,sqp_full,,10,1,71,28.679882463737382,777.1278490549496,-703.2461338329612,-100.0182626270189,776.5915538550594,-704.7458370952135,-100.0186897141201,776.5940893035145,-704.7446202667869,-100.0211532825881,776.5940893035145,-704.7446202667869,-100.0211532825881,0.0028123247124172642,0.0037387618116980223,0.0028123247124172642,0.0037387618116980223,0.0,0.0,1.5927091436402492,1.5907108676977149,1.5907108676977149,0.01603238003703042,0.01216541884184381,0.7544003904544593,6.175054118791211,0.30882914965307395,0.30882914965307395,0.3067732716660772,0.3067732716660772,-3.6094928708222777e-12,-3.6094928708222777e-12,-2.593734016996795e-20,-2.593734016996795e-20,0.007920615728182359,0.007920615728182359,-0.12119729724653387,-0.12119729724653387,-0.0002020595870977602,-0.0002020595870977602
14,4,sqp_full,sqp_full,,10,1,72,29.083922867777858,777.2657972480908,-702.8663722262339,-100.01851984711776,776.6027249896514,-704.7263082026792,-100.01767994153056,776.6002082708009,-704.7364152715239,-100.02073670630442,776.6002082708009,-704.7364152715239,-100.02073670630442,0.010415695579512906,0.010854976982369676,0.010415695579512906,0.010854976982369676,0.0,0.0,1.9745953145866275,1.9849608756667068,1.9849608756667068,0.022520913222346808,0.010243888115179714,0.45152750105396106,6.9410099987368445,0.40406107242463024,0.40406107242463024,0.3971422992037959,0.3971422992037959,-3.496777694939468e-12,-3.496777694939468e-12,-2.6318810301971833e-20,-2.6318810301971833e-20,0.003648777318729184,0.003648777318729184,-0.12533099242433685,-0.12533099242433685,-7.421038389302392e-05,-7.421038389302392e-05
14,5,sqp_full,sqp_full,,10,1,73,29.48796327181823,777.4037454412321,-702.4866106195068,-100.01877706721662,776.611735491104,-704.7064827436352,-100.0168990792262,776.6003882056079,-704.7343774492123,-100.02103587304757,776.6003882056079,-704.7343774492123,-100.02103587304757,0.03011437343461368,0.030397179975779072,0.03011437343461368,0.030397179975779072,0.0,0.0,2.356928511555784,2.3870145723799228,2.3870145723799228,0.0217910006348843,0.002067509866712753,0.08800391541108553,21.945813970793296,0.4040602762068689,0.4040602762068689,0.404785335465146,0.404785335465146,-3.1555140165733803e-12,-3.1555140165733803e-12,-2.5414461818272825e-20,-2.5414461818272825e-20,0.0004673227757609221,0.0004673227757609221,-0.11898319006206129,-0.11898319006206129,0.00014380254069965245,0.00014380254069965245
14,6,sqp_full,sqp_full,,10,1,74,29.892003675858668,777.5416936343734,-702.1068490127795,-100.01903428731548,776.6129322362077,-704.6857636621845,-100.0159999363824,776.5896373523649,-704.7370251166808,-100.0218817252946,776.5896373523649,-704.7370251166808,-100.0218817252946,0.05630620152638653,0.056612576086395146,0.05630620152638653,0.056612576086395146,0.0,0.0,2.7410579168704112,2.7971838519562797,2.7971838519562797,0.020773083373907437,0.011104343947393186,-0.15870331233590873,107.27084237795988,0.4040614195245681,0.4040614195245681,0.412470653629208,0.412470653629208,-2.7188434498418463e-12,-2.7188434498418463e-12,-2.4265256465484682e-20,-2.4265256465484682e-20,0.0006798287808955773,0.0006798287808955773,-0.11072736065975325,-0.11072736065975325,0.0009345342110888059,0.0009345342110888059
14,7,sqp_full,sqp_full,,10,1,75,30.296044079899143,777.6796418275146,-701.7270874060523,-100.01929150741434,776.6304077433307,-704.6672765702959,-100.01702283188638,776.5911959699431,-704.7482336117332,-100.02263514722095,776.5911959699431,-704.7482336117332,-100.02263514722095,0.08995335308081007,0.09012826312481365,0.08995335308081007,0.09012826312481365,0.0,0.0,3.1217950741438845,3.211236332156971,3.211236332156971,0.025460012390262528,0.011341397387207481,-0.27645910541256785,128.36112924227535,0.40406567896040957,0.40406567896040957,0.4202146674555322,0.4202146674555322,-2.252197571397414e-12,-2.252197571397414e-12,-2.2687389067615537e-20,-2.2687389067615537e-20,-0.008868139156911226,-0.008868139156911226,-0.09898088704816028,-0.09898088704816028,-0.0007375091908777306,-0.0007375091908777306
14,8,sqp_full,sqp_full,,10,1,76,30.700084483939477,777.8175900206558,-701.3473257993252,-100.01954872751318,776.6391299277136,-704.6478810490539,-100.01797428696348,776.5812948712631,-704.763845076871,-100.0195119242949,776.5812948712631,-704.763845076871,-100.0195119242949,0.12958606986159915,0.12959519215903909,0.12958606986159915,0.12959519215903909,0.0,0.0,3.5046302440014454,3.63332212585864,3.63332212585864,0.02128774322050218,0.018748443142356432,-0.8652934638015638,169.26196116747158,0.40405948403400416,0.40405948403400416,0.4279631429156926,0.4279631429156926,-2.2364384674035526e-12,-2.2364384674035526e-12,-2.071325578788124e-20,-2.071325578788124e-20,-0.007598642561354246,-0.007598642561354246,-0.08797779321131376,-0.08797779321131376,0.00014676147455813823,0.00014676147455813823
14,9,sqp_full,sqp_full,,10,1,77,31.104124887979953,777.955538213797,-700.9675641925978,-100.01980594761204,776.6411577671423,-704.6276925698503,-100.01896404156851,776.5614795478367,-704.7844623594287,-100.02360682808018,776.5614795478367,-704.7844623594287,-100.02360682808018,0.17585615018013162,0.17591742671711028,0.17585615018013162,0.17591742671711028,0.0,0.0,3.888976175874127,4.063509712071043,4.063509712071043,0.020314193055225027,0.02888749936514008,-1.0961902425957026,140.43118666908168,0.4040628575222325,0.4040628575222325,0.4357880692317199,0.4357880692317199,-2.4123028877999784e-12,-2.4123028877999784e-12,-1.8305059056823907e-20,-1.8305059056823907e-20,-0.009330348644915068,-0.009330348644915068,-0.07592722455824814,-0.07592722455824814,0.0008247353678601532,0.0008247353678601532
14,10,sqp_full,sqp_full,,10,0,78,31.50816529202033,778.0934864069383,-700.5878025858707,-100.0200631677109,776.6572362260272,-704.6102316910211,-100.01803826080173,776.5532542663547,-704.8120827509549,-100.02386605321009,nan,nan,nan,0.2270596801145504,0.22713445687098407,nan,nan,nan,nan,4.271153297193634,4.49631604316357,nan,0.023754077536911535,nan,nan,nan,0.4040621181714935,nan,0.4436386496118357,nan,-2.954490227307213e-12,nan,-1.5103136493792354e-20,nan,-0.0031890433936136342,nan,-0.05990496072461273,nan,-0.0006698246898195625,nan
14,11,sqp_full,sqp_full,,10,0,79,31.91220569606077,778.2314346000795,-700.2080409791434,-100.02032038780976,776.665020623549,-704.5918979957071,-100.01673463839235,776.5348231851253,-704.8432566554567,-100.0244689591948,nan,nan,nan,0.28307693089191865,0.2831825710058151,nan,nan,nan,nan,4.655303973699691,4.935961371333077,nan,0.01996047744996761,nan,nan,nan,0.40406374264626305,nan,0.45154536184716354,nan,-2.2112818113289797e-12,nan,-1.1121155399669089e-20,nan,-0.007105028991897421,nan,-0.047350860081255976,nan,0.00016886162408026793,nan
14,12,sqp_full,sqp_full,,10,0,80,32.316246100101246,778.3693827932208,-699.8282793724162,-100.02057760790862,776.6685796136959,-704.5728461706243,-100.01291529221554,776.5098141020176,-704.8780338211587,-100.02505325875534,nan,nan,nan,0.34401451966047764,0.3442285867980033,nan,nan,nan,nan,5.040202928269905,5.381265251769179,nan,0.019754135138465703,nan,nan,nan,0.40405698594082384,nan,0.45946507755204347,nan,-1.1531164588696016e-12,nan,-7.583351064982274e-21,nan,-0.007582988681340535,nan,-0.0347603745211364,nan,0.000629871068218633,nan
14,13,sqp_full,sqp_full,,10,0,81,32.72028650414162,778.507330986362,-699.4485177656891,-100.02083482800748,776.6816950566681,-704.5590942857751,-100.01621378643597,776.5001333956566,-704.9086771759007,-100.02536850056505,nan,nan,nan,0.393919831714332,0.3940261953330424,nan,nan,nan,nan,5.426871927311772,5.817403454554043,nan,0.019287541195874634,nan,nan,nan,0.3022241609327191,nan,0.3617440912206989,nan,-5.249420837164008e-13,nan,-5.028409416106527e-21,nan,-0.003229896873058886,nan,-0.023596075555864012,nan,-0.0006087563244901357,nan
14,14,sqp_full,sqp_full,,10,0,82,33.12432690818206,778.6452791795032,-699.0687561589618,-100.02109204810634,776.6845094185169,-704.5536633184197,-100.01644268478991,776.4916136103575,-704.9251695141138,-100.02548262053025,nan,nan,nan,0.4185996252321835,0.41869722554933914,nan,nan,nan,nan,5.824845457475361,6.239859996035668,nan,0.006121146419396187,nan,nan,nan,0.13021922354988308,nan,0.18778416918650853,nan,-2.7284336567189434e-13,nan,-2.1821531101410476e-21,nan,-0.001280365099695553,nan,-0.011400071401078389,nan,4.1431303865185397e-07,nan
15,0,sqp_full,sqp_full,,10,1,68,27.46776125161624,776.7140044755259,-704.3854186531428,-100.01749096672233,776.5818642958279,-704.7495557894176,-100.02481696472071,776.581411737249,-704.7508459571377,-100.0217231744955,776.581411737249,-704.7508459571377,-100.0217231744955,0.0013672388280709302,0.0033824369869267785,0.0013672388280709302,0.0033824369869267785,0.0,0.0,0.3873717608514405,0.3887389210624077,0.3887389210624077,0.04044095710152275,0.03912675336121281,0.964533439642794,4.490343769223227,0.5000018783622439,0.5000018783622439,-0.05636604232967369,-0.05636604232967369,9.207326558771998e-14,9.207326558771998e-14,3.4609874627256513e-22,3.4609874627256513e-22,0.07942321248704035,0.07942321248704035,0.24428720426339365,0.24428720426339365,-4.4684761183235754e-05,-4.4684761183235754e-05
15,1,sqp_full,sqp_full,,10,1,69,27.871801655656572,776.8519526686671,-704.0056570464156,-100.0177481868212,776.5920526399111,-704.7204728739911,-100.02079947474694,776.5943861791117,-704.7180232213829,-100.01934539101626,776.5943861791117,-704.7180232213829,-100.01934539101626,0.003383223773464692,0.003682466917323944,0.003383223773464692,0.003682466917323944,0.0,0.0,0.7605982463165343,0.7574998770821215,0.7574998770821215,0.031076656038872327,0.03537402971601709,1.135192276231328,4.223202769818053,0.5000018957563749,0.5000018957563749,-0.04845932755236312,-0.04845932755236312,3.8872547508966015e-13,3.8872547508966015e-13,2.3378661960343444e-22,2.3378661960343444e-22,0.07481238698851103,0.07481238698851103,0.28579394875495473,0.28579394875495473,0.0006194432914674547,0.0006194432914674547
15,2,sqp_full,sqp_full,,10,1,70,28.275842059697048,776.9899008618085,-703.6258954396883,-100.01800540692004,776.6037849880058,-704.7021848061996,-100.02045479885814,776.6112428994334,-704.6921720550763,-100.01835161938669,776.6112428994334,-704.6921720550763,-100.01835161938669,0.01248501613610299,0.012660923813367697,0.01248501613610299,0.012660923813367697,0.0,0.0,1.143452783663386,1.1315156530040409,1.1315156530040409,0.021730628541971754,0.03087749020673974,1.4206916554261777,1.0277664913390059,0.4125449428657686,0.4125449428657686,-0.04053960804216964,-0.04053960804216964,6.424212255723604e-13,6.424212255723604e-13,8.157001183255071e-23,8.157001183255071e-23,0.03400021160788243,0.03400021160788243,0.3102349497139963,0.3102349497139963,-0.00011967480874471724,-0.00011967480874471724
15,3,sqp_full,sqp_full,,10,1,71,28.679882463737382,777.1278490549496,-703.2461338329612,-100.0182626270189,776.6065945099141,-704.6914722524094,-100.01856296773192,776.6139560802633,-704.6825458429647,-100.0174352363381,776.6139560802633,-704.6825458429647,-100.0174352363381,0.011570371799598989,0.011625200285482048,0.011570371799598989,0.011625200285482048,0.0,0.0,1.5364600377013984,1.5255705332479286,1.5255705332479286,0.01123526800168873,0.01004316024584416,0.8910448134561972,4.577375125779243,-0.19777394862922304,-0.19777394862922304,-0.13826058721529882,-0.13826058721529882,4.0551614361317165e-13,4.0551614361317165e-13,1.0309582013269584e-22,1.0309582013269584e-22,0.02450236150652251,0.02450236150652251,0.3458952102039056,0.3458952102039056,0.0002693846218312914,0.0002693846218312914
15,4,sqp_full,sqp_full,,10,1,72,29.083922867777858,777.2657972480908,-702.8663722262339,-100.01851984711776,776.6149424460936,-704.6853533726497,-100.01742426942843,776.6170492643089,-704.6856211157655,-100.01678283481866,776.6170492643089,-704.6856211157655,-100.01678283481866,0.0021237630207961446,0.0022185147570204697,0.0021237630207961446,0.0022185147570204697,0.0,0.0,1.9319172819504993,1.9314607085113105,1.9314607085113105,0.010412749963227764,0.004410296824628237,0.07145345777406169,80.28762639737164,-0.36978082817038666,-0.36978082817038666,-0.13240073698873694,-0.13240073698873694,2.5737209472940107e-13,2.5737209472940107e-13,6.059246092564392e-23,6.059246092564392e-23,0.009974104390859983,0.009974104390859983,0.3372134235947745,0.3372134235947745,-0.0005086779752640733,-0.0005086779752640733
15,5,sqp_full,sqp_full,,10,1,73,29.48796327181823,777.4037454412321,-702.4866106195068,-100.01877706721662,776.6228237275539,-704.6787514646917,-100.01761381560875,776.617113265732,-704.6926116161426,-100.01665477729605,776.617113265732,-704.6926116161426,-100.01665477729605,0.014990436033026416,0.015021082748772598,0.014990436033026416,0.015021082748772598,0.0,0.0,2.3270840569309725,2.3420569114968717,2.3420569114968717,0.010282787263056209,0.006991966135049558,-0.4319306880434188,129.43645879592617,-0.36978076999384096,-0.36978076999384096,-0.12285346833113972,-0.12285346833113972,1.6581472188073551e-13,1.6581472188073551e-13,2.791257992094992e-23,2.791257992094992e-23,-0.005699798589438728,-0.005699798589438728,0.3273192818498163,0.3273192818498163,-0.00044141647636466275,-0.00044141647636466275
15,6,sqp_full,sqp_full,,10,1,74,29.892003675858668,777.5416936343734,-702.1068490127795,-100.01903428731548,776.6193913935944,-704.6708522847324,-100.01575707697597,776.6039167602991,-704.7017885922663,-100.015903125514,776.6039167602991,-704.7017885922663,-100.015903125514,0.03459074152801834,0.03459104984867664,0.03459074152801834,0.03459104984867664,0.0,0.0,2.7248402158531557,2.7591913465244455,2.7591913465244455,0.008810529994857505,0.016091290402525004,-0.3323672192954496,100.48524928292741,-0.369780772098811,-0.369780772098811,-0.11362884553043742,-0.11362884553043742,1.0919554742129814e-13,1.0919554742129814e-13,1.7783620157925636e-23,1.7783620157925636e-23,0.015195040067747948,0.015195040067747948,0.3097948082976179,0.3097948082976179,0.0007068304565269627,0.0007068304565269627
15,7,sqp_full,sqp_full,,10,1,75,30.296044079899143,777.6796418275146,-701.7270874060523,-100.01929150741434,776.6313974511763,-704.6639458601562,-100.01782828465677,776.6037645256843,-704.7161879416808,-100.01602477006324,776.6037645256843,-704.7161879416808,-100.01602477006324,0.059100030907527044,0.059127542805022124,0.059100030907527044,0.059127542805022124,0.0,0.0,3.118325488457966,3.176827659897271,3.176827659897271,0.014004785622960394,0.014400667912810118,-0.5150753904158717,120.06059970168674,-0.3697807713252285,-0.3697807713252285,-0.10470861626186544,-0.10470861626186544,8.570029508109453e-14,8.570029508109453e-14,1.3458340947980866e-23,1.3458340947980866e-23,-0.011700451430716715,-0.011700451430716715,0.2876234255591833,0.2876234255591833,-0.000831822267709963,-0.000831822267709963
15,8,sqp_full,sqp_full,,10,1,76,30.700084483939477,777.8175900206558,-701.3473257993252,-100.01954872751318,776.6335247209277,-704.6565861873755,-100.01634455551736,776.5926288887283,-704.7322382726082,-100.015641636328,776.5926288887283,-704.7322382726082,-100.015641636328,0.08599829702581449,0.08600116968231883,0.08599829702581449,0.08600116968231883,0.0,0.0,3.514714063752477,3.5997447446340662,3.5997447446340662,0.007803301365033998,0.01953873907791764,-2.319620839270821,157.8805168116954,-0.3697807712411575,-0.3697807712411575,-0.09608068829338853,-0.09608068829338853,6.495531588336377e-14,6.495531588336377e-14,1.2012064934461758e-23,1.2012064934461758e-23,0.0014937023750469488,0.0014937023750469488,0.2538369595400074,0.2538369595400074,0.00013739111923259184,0.00013739111923259184
15,9,sqp_full,sqp_full,,10,1,77,31.104124887979953,777.955538213797,-700.9675641925978,-100.01980594761204,776.6388299343807,-704.6505558863739,-100.01777175561483,776.5835626934496,-704.7515558241921,-100.01804680793002,776.5835626934496,-704.7515558241921,-100.01804680793002,0.11513233846063683,0.11513266701154248,0.11513233846063683,0.11513266701154248,0.0,0.0,3.9112847645635513,4.025035341013534,4.025035341013534,0.008157617303503081,0.021474369524210894,-2.4216984775380066,156.91838653771185,-0.3697807711261309,-0.3697807711261309,-0.08773334424088233,-0.08773334424088233,4.6456976141757585e-14,4.6456976141757585e-14,1.0858640192906073e-23,1.0858640192906073e-23,0.004882868008542351,0.004882868008542351,0.2115976346009924,0.2115976346009924,-0.00023420500642092027,-0.00023420500642092027
15,10,sqp_full,sqp_full,,10,0,78,31.50816529202033,778.0934864069383,-700.5878025858707,-100.0200631677109,776.6444840099722,-704.6450839636093,-100.01816547516337,776.5745942967959,-704.7724455648485,-100.01512461338788,nan,nan,nan,0.1452774912988056,0.14530931256603,nan,nan,nan,nan,4.308264166060083,4.451771569135176,nan,0.007878167592777253,nan,nan,nan,-0.3697807711423635,nan,-0.07965543673666611,nan,3.5573504352372675e-14,nan,1.111040628462907e-23,nan,0.0055159386641540995,nan,0.172890296340547,nan,-0.00030583160011434467,nan
15,11,sqp_full,sqp_full,,10,0,79,31.91220569606077,778.2314346000795,-700.2080409791434,-100.02032038780976,776.6484517222981,-704.6394725738543,-100.01799069014804,776.5628762496116,-704.7951286142675,-100.01465015982653,nan,nan,nan,0.17762872640044644,0.1776601350485629,nan,nan,nan,nan,4.705679628911242,4.881133059159935,nan,0.00687466260153509,nan,nan,nan,-0.36978077119552827,nan,-0.07183633015090513,nan,2.638848819072781e-14,nan,1.1703122403906808e-23,nan,0.0009552099125727188,nan,0.13739912282523278,nan,-0.0001266287857927389,nan
15,12,sqp_full,sqp_full,,10,0,80,32.316246100101246,778.3693827932208,-699.8282793724162,-100.02057760790862,776.6537555559453,-704.6333826276253,-100.01763731974776,776.5516771876758,-704.8193717634647,-100.01396948820609,nan,nan,nan,0.2121602034285527,0.21219190584719066,nan,nan,nan,nan,5.102195028661944,5.311784721203565,nan,0.008083499679490933,nan,nan,nan,-0.3697807712727561,nan,-0.06426587955435423,nan,1.4933089338490412e-14,nan,1.0304044855426176e-23,nan,0.002377095163888726,nan,0.10388966669778099,nan,-0.00023925987327046304,nan
15,13,sqp_full,sqp_full,,10,0,81,32.72028650414162,778.507330986362,-699.4485177656891,-100.02083482800748,776.6572536982164,-704.629200638473,-100.01928649266382,776.540730584626,-704.8421928324485,-100.01396843744017,nan,nan,nan,0.24278243489865708,0.24284067288385291,nan,nan,nan,nan,5.501114523482401,5.741014532806121,nan,0.005696121832137062,nan,nan,nan,-0.33097222137466525,nan,-0.04535554842027623,nan,6.464335546186609e-15,nan,7.154319368966387e-24,nan,0.0041631121026693444,nan,0.06461019865026285,nan,-0.00015866405415960344,nan
15,14,sqp_full,sqp_full,,10,0,82,33.12432690818206,778.6452791795032,-699.0687561589618,-100.02109204810634,776.6603757283054,-704.6293291845425,-100.01527480381219,776.5362152284796,-704.8566311226928,-100.01694716222909,nan,nan,nan,0.25900193204669125,0.25900733114449376,nan,nan,nan,nan,5.904220023287744,6.160166178382819,nan,0.005085001810326812,nan,nan,nan,-0.17314487455432265,nan,0.00668574314454655,nan,2.770901315441379e-15,nan,4.055901472291441e-24,nan,-0.0035978780949607304,nan,0.031280870800093105,nan,-0.00030514483454629316,nan
16,0,sqp_full,sqp_full,,10,1,69,27.871801655656572,776.8519526686671,-704.0056570464156,-100.0177481868212,776.6001009464533,-704.6940964232381,-100.01377510207824,776.6027633464525,-704.6902914467573,-100.01616013259041,776.6027633464525,-704.6902914467573,-100.01616013259041,0.004643944419915612,0.00522059290878403,0.004643944419915612,0.00522059290878403,0.0,0.0,0.7330607516037453,0.7285736616410545,0.7285736616410545,0.05994450801609756,0.06423043330111258,1.0702618403129422,2.7526983140323753,0.13021633407736433,0.13021633407736433,-0.4999959562236758,-0.4999959562236758,-1.4014349476842317e-09,-1.4014349476842317e-09,1.6452406003069782e-17,1.6452406003069782e-17,-0.032464388438644104,-0.032464388438644104,0.09006193325416346,0.09006193325416346,0.0015689884375831536,0.0015689884375831536
16,1,sqp_full,sqp_full,,10,1,70,28.275842059697048,776.9899008618085,-703.6258954396883,-100.01800540692004,776.6060801307357,-704.6912343399886,-100.01238599417867,776.6090663410183,-704.6869559204406,-100.01642289952197,776.6090663410183,-704.6869559204406,-100.01642289952197,0.005217501862109565,0.006596887935373382,0.005217501862109565,0.006596887935373382,0.0,0.0,1.1323715494899185,1.127335032738561,1.127335032738561,0.006772871323610918,0.00713600187546642,1.021724082278587,14.133012058045233,0.13021846542838597,0.13021846542838597,0.07066384124679913,0.07066384124679913,-1.3385058960625397e-09,-1.3385058960625397e-09,1.7176956055512678e-17,1.7176956055512678e-17,-0.005676172829903815,-0.005676172829903815,0.060538297151516776,0.060538297151516776,-0.0003998916214710311,-0.0003998916214710311
16,2,sqp_full,sqp_full,,10,1,71,28.679882463737382,777.1278490549496,-703.2461338329612,-100.0182626270189,776.6057173983783,-704.6900156578647,-100.01438841448557,776.6077410449147,-704.6874167961641,-100.01736612291512,776.6077410449147,-704.6874167961641,-100.01736612291512,0.0032938165467203346,0.0044402674395666595,0.0032938165467203346,0.0044402674395666595,0.0,0.0,1.535387961096683,1.532256154212265,1.532256154212265,0.0023720134838669847,0.001690705936642857,0.32130332692191405,63.20628375250758,0.13021572073394114,0.13021572073394114,0.1106936442818591,0.1106936442818591,-1.466532150331456e-09,-1.466532150331456e-09,1.7896170806239127e-17,1.7896170806239127e-17,-0.02353396437511388,-0.02353396437511388,0.03568573598683023,0.03568573598683023,0.00011666646717552664,0.00011666646717552664
16,3,sqp_full,sqp_full,,10,1,71,28.679882463737382,777.1278490549496,-703.2461338329612,-100.0182626270189,776.6120680776454,-704.6881031947286,-100.01406211177317,776.6112973554726,-704.6902296476788,-100.01695241203805,776.6112973554726,-704.6902296476788,-100.01695241203805,0.0022618167072776143,0.0036701022381468284,0.0022618167072776143,0.0036701022381468284,0.0,0.0,1.5314390803504223,1.5337008770674392,1.5337008770674392,0.006640415338016225,0.004553090721482471,0.39325234872068193,55.002866867588814,0.16902214723003978,0.16902214723003978,0.1488557579801846,0.1488557579801846,-1.3225845659556475e-09,-1.3225845659556475e-09,1.7512945124981362e-17,1.7512945124981362e-17,0.0172914223054009,0.0172914223054009,0.012511695925104031,0.012511695925104031,-0.0004847453615587795,-0.0004847453615587795
16,4,sqp_full,sqp_full,,10,1,72,29.083922867777858,777.2657972480908,-702.8663722262339,-100.01851984711776,776.6205183748823,-704.68116831473,-100.01669395184953,776.6137708700709,-704.6940089679645,-100.01656114553928,776.6137708700709,-704.6940089679645,-100.01656114553928,0.014505557440711577,0.014506165385167318,0.014505557440711577,0.014506165385167318,0.0,0.0,1.9261021953754278,1.9404624338948282,1.9404624338948282,0.011243961320353959,0.0045337209620894174,-0.05012352318643703,97.14091222237309,0.3268499623762695,0.3268499623762695,0.2582126253689753,0.2582126253689753,-1.2905004338254712e-09,-1.2905004338254712e-09,1.6391394874866435e-17,1.6391394874866435e-17,0.027032430368209456,0.027032430368209456,-0.004740804460163507,-0.004740804460163507,-0.0004066695469164435,-0.0004066695469164435
16,5,sqp_full,sqp_full,,10,1,73,29.48796327181823,777.4037454412321,-702.4866106195068,-100.01877706721662,776.6142029703689,-704.67264990431,-100.0131192808053,776.5997185076858,-704.6998793247616,-100.01567772075943,776.5997185076858,-704.6998793247616,-100.01567772075943,0.030842195079927703,0.030948127768044335,0.030842195079927703,0.030948127768044335,0.0,0.0,2.3242515070447527,2.354786120123936,2.354786120123936,0.011190438924700112,0.015254848962517048,0.3345808614342011,75.79233043825865,0.32685263045729823,0.32685263045729823,0.26643172963082795,0.26643172963082795,-1.2268428929712542e-09,-1.2268428929712542e-09,1.5045021128859372e-17,1.5045021128859372e-17,0.030150645810796878,0.030150645810796878,-0.010659018596690613,-0.010659018596690613,0.0010472744135613854,0.0010472744135613854
16,6,sqp_full,sqp_full,,10,1,74,29.892003675858668,777.5416936343734,-702.1068490127795,-100.01903428731548,776.6310957493627,-704.6654098076144,-100.01567018037653,776.6054163363335,-704.7125722968392,-100.01526513972122,776.6054163363335,-704.7125722968392,-100.01526513972122,0.053700397050631114,0.05370192455888227,0.053700397050631114,0.05370192455888227,0.0,0.0,2.7157727903953766,2.768828093601176,2.768828093601176,0.018555109024634284,0.013919303666916247,0.009588841506930153,89.26760292564735,0.3268475660434407,0.3268475660434407,0.2746059675298163,0.2746059675298163,-1.2620710195014991e-09,-1.2620710195014991e-09,1.4643390213699882e-17,1.4643390213699882e-17,0.012887907660694082,0.012887907660694082,-0.015762277928862627,-0.015762277928862627,-0.0012289775809628488,-0.0012289775809628488
16,7,sqp_full,sqp_full,,10,1,75,30.296044079899143,777.6796418275146,-701.7270874060523,-100.01929150741434,776.6239034298321,-704.6556074891594,-100.01618633735522,776.5851876929881,-704.7260324456743,-100.01458518471014,776.5851876929881,-704.7260324456743,-100.01458518471014,0.08036530830835203,0.0803812569526586,0.08036530830835203,0.0803812569526586,0.0,0.0,3.113007138042342,3.1924130690208568,3.1924130690208568,0.012168867052835066,0.02430711741598358,0.08913505953286227,87.44240298021798,0.3268545011253222,0.3268545011253222,0.2827792463252818,0.2827792463252818,-1.0094540801471613e-09,-1.0094540801471613e-09,1.2902297053127553e-17,1.2902297053127553e-17,0.02358033644710435,0.02358033644710435,-0.01882491600979752,-0.01882491600979752,0.001214059687642799,0.001214059687642799
16,8,sqp_full,sqp_full,,10,1,76,30.700084483939477,777.8175900206558,-701.3473257993252,-100.01954872751318,776.6406702712445,-704.649422121992,-100.01870676938242,776.5869580200005,-704.7463073258081,-100.01327607026273,776.5869580200005,-704.7463073258081,-100.01327607026273,0.1107779249317094,0.11091096043720806,0.1107779249317094,0.11091096043720806,0.0,0.0,3.5055641800891784,3.61490394594501,3.61490394594501,0.018048221949728712,0.020394082543873517,-0.3039996061011809,105.6066486859436,0.32685794689615744,0.32685794689615744,0.29090974851337026,0.29090974851337026,-7.773590798869651e-10,-7.773590798869651e-10,1.0556295884378215e-17,1.0556295884378215e-17,0.04174272336484066,0.04174272336484066,-0.020072030659578473,-0.020072030659578473,-0.0012678568586517224,-0.0012678568586517224
16,9,sqp_full,sqp_full,,10,1,77,31.104124887979953,777.955538213797,-700.9675641925978,-100.01980594761204,776.6401265983618,-704.6415612022352,-100.02067362234975,776.5698018385139,-704.767987148469,-100.01171561524664,776.5698018385139,-704.767987148469,-100.01171561524664,0.14466890380720626,0.14494598173125697,0.14466890380720626,0.14494598173125697,0.0,0.0,3.902378985291666,4.045179840908829,4.045179840908829,0.008121462320375831,0.027690870222318496,-2.4889294296839037,136.88461186440372,0.3268501047470073,0.3268501047470073,0.298994966040994,0.298994966040994,-7.264153337288548e-10,-7.264153337288548e-10,8.96078064476949e-18,8.96078064476949e-18,0.040230651568340006,0.040230651568340006,-0.02000586213608648,-0.02000586213608648,0.0004790752514152367,0.0004790752514152367
16,10,sqp_full,sqp_full,,10,0,78,31.50816529202033,778.0934864069383,-700.5878025858707,-100.0200631677109,776.6493493907032,-704.6339315090149,-100.02179297654473,776.5602860888557,-704.794103078498,-100.01036611192438,nan,nan,nan,0.1832681189041116,0.18362400889236463,nan,nan,nan,nan,4.296125112745694,4.477015417624212,nan,0.012021858052002128,nan,nan,nan,0.32685321239457804,nan,0.30709128287066384,nan,-7.196914709276594e-10,nan,7.64258179960677e-18,nan,0.03568192551348103,nan,-0.01895104424625836,nan,-0.0004805007139243957,nan
16,11,sqp_full,sqp_full,,10,0,79,31.91220569606077,778.2314346000795,-700.2080409791434,-100.02032038780976,776.6496097909392,-704.625425688531,-100.02692676741954,776.5403488650047,-704.8221660535689,-100.00926147197625,nan,nan,nan,0.22504382055791752,0.2257360933355643,nan,nan,nan,nan,4.6920632346061915,4.914256929161882,nan,0.00993844047787992,nan,nan,nan,0.32685109326438905,nan,0.31514381278345077,nan,-6.438989151101783e-10,nan,5.98018362740616e-18,nan,0.026317693828932717,nan,-0.016544324533603563,nan,0.00043632525086030903,nan
16,12,sqp_full,sqp_full,,10,0,80,32.316246100101246,778.3693827932208,-699.8282793724162,-100.02057760790862,776.659011244849,-704.6193540426087,-100.02090475423275,776.5292772880746,-704.8539823160721,-100.00829338393383,nan,nan,nan,0.2681069306241859,0.2684033772319907,nan,nan,nan,nan,5.087216068621459,5.351978918861754,nan,0.01270892846182154,nan,nan,nan,0.3268524996400791,nan,0.3231458863069202,nan,-4.146478019533175e-10,nan,3.827368569020838e-18,nan,0.019919107549991075,nan,-0.012290823248173778,nan,-0.000590445949842615,nan
16,13,sqp_full,sqp_full,,10,0,81,32.72028650414162,778.507330986362,-699.4485177656891,-100.02083482800748,776.6573844676014,-704.6160884633633,-100.02017486930251,776.5137887138437,-704.8765561319417,-100.0077910899437,nan,nan,nan,0.2974275489457936,0.29768524461771756,nan,nan,nan,nan,5.488723807747667,5.782543670205001,nan,0.003720637584203334,nan,nan,nan,0.2015513711465985,nan,0.22575590732912287,nan,-2.4498490578337163e-10,nan,2.4163384142205117e-18,nan,0.010530089168995874,nan,-0.008495887462050395,nan,0.0003306635685751524,nan
16,14,sqp_full,sqp_full,,10,0,82,33.12432690818206,778.6452791795032,-699.0687561589618,-100.02109204810634,776.6628656763756,-704.616964234843,-100.01897836898586,776.5121271274685,-704.8907191445354,-100.00747921073614,nan,nan,nan,0.31251217689446203,0.3127236661139792,nan,nan,nan,nan,5.891737956720047,6.200450845098977,nan,0.0056782249267412965,nan,nan,nan,0.08250398143879252,nan,0.12957625388686927,nan,-1.1296023693730815e-10,nan,1.1456032092786985e-18,nan,0.004631933093036926,nan,-0.004355113765888642,nan,-0.0005608374365097712,nan
17,0,sqp_full,sqp_full,,10,1,69,27.871801655656572,776.8519526686671,-704.0056570464156,-100.0177481868212,776.5894175266951,-704.7272550210268,-100.01125233853736,776.591352559651,-704.7241776386419,-100.01355271946738,776.591352559651,-704.7241776386419,-100.01355271946738,0.0036351939265066567,0.004301905078742711,0.0036351939265066567,0.004301905078742711,0.0,0.0,0.7678726051457591,0.7643194739587069,0.7643194739587069,0.0452116805051054,0.048857769952531015,1.0793698619695604,2.78351046308509,0.5000011347161515,0.5000011347161515,-0.1929119183873473,-0.1929119183873473,4.3755703452368613e-13,4.3755703452368613e-13,1.0115517574222544e-22,1.0115517574222544e-22,-0.04036488902311971,-0.04036488902311971,0.3495872454509904,0.3495872454509904,0.00039391454978741864,0.00039391454978741864
17,1,sqp_full,sqp_full,,10,1,70,28.275842059697048,776.9899008618085,-703.6258954396883,-100.01800540692004,776.6027722412924,-704.7014971961445,-100.01713238509957,776.6056637677427,-704.6976830652469,-100.0154125497847,776.6056637677427,-704.6976830652469,-100.0154125497847,0.0047862845419370005,0.005085897484875147,0.0047862845419370005,0.005085897484875147,0.0,0.0,1.1431481563271393,1.1385810725444852,1.1385810725444852,0.02960386617017047,0.030170052456677043,1.009255797471801,7.980408715290005,0.01347389184571341,0.01347389184571341,-0.1848593830790272,-0.1848593830790272,4.711300837449933e-13,4.711300837449933e-13,2.6847354880695834e-23,2.6847354880695834e-23,-0.048344054382223146,-0.048344054382223146,0.4113711485160926,0.4113711485160926,0.00012404206487700377,0.00012404206487700377
17,2,sqp_full,sqp_full,,10,1,71,28.679882463737382,777.1278490549496,-703.2461338329612,-100.0182626270189,776.6097866253873,-704.6833625825416,-100.02043810717005,776.6134210643792,-704.6792301982414,-100.01682370721532,776.6134210643792,-704.6792301982414,-100.01682370721532,0.005503248748705326,0.006584043880694837,0.005503248748705326,0.006584043880694837,0.0,0.0,1.5277483953663573,1.5226297480548956,1.5226297480548956,0.01972292050287376,0.020066771467337784,1.0121327763210264,5.851464375061884,-0.17314637136662497,-0.17314637136662497,-0.176857303586688,-0.176857303586688,2.513835167657981e-13,2.513835167657981e-13,6.94911563694786e-24,6.94911563694786e-24,-0.03450703555149203,-0.03450703555149203,0.4151074459410676,0.4151074459410676,0.0002936708999674296,0.0002936708999674296
17,3,sqp_full,sqp_full,,10,1,71,28.679882463737382,777.1278490549496,-703.2461338329612,-100.0182626270189,776.6144039921232,-704.6769324167078,-100.01770174901459,776.6135158816994,-704.6807000754642,-100.01654303792593,776.6135158816994,-704.6807000754642,-100.01654303792593,0.0038709162519566494,0.004040619261530183,0.0038709162519566494,0.004040619261530183,0.0,0.0,1.5201350005154435,1.5239812719436001,1.5239812719436001,0.008375844087577782,0.001499434768312937,-0.11753636912101313,131.03791236071433,-0.29844866001837744,-0.29844866001837744,-0.08233861016780608,-0.08233861016780608,2.230832898023727e-13,2.230832898023727e-13,-3.0764461709070907e-23,-3.0764461709070907e-23,0.0026624866676044656,0.0026624866676044656,0.42493923194853406,0.42493923194853406,-0.00012313057045847063,-0.00012313057045847063
17,4,sqp_full,sqp_full,,10,1,72,29.083922867777858,777.2657972480908,-702.8663722262339,-100.01851984711776,776.6283715177228,-704.6670211519169,-100.01668549346529,776.6188448237823,-704.6860204235787,-100.01670247905273,776.6188448237823,-704.6860204235787,-100.01670247905273,0.02125394601291531,0.021253952800128713,0.02125394601291531,0.021253952800128713,0.0,0.0,1.9101434802909896,1.9312345795938317,1.9312345795938317,0.017156856252626425,0.00753187554694318,0.07317193293062313,80.40525482734213,-0.4174960188060095,-0.4174960188060095,-0.12598070735811245,-0.12598070735811245,1.1823961275819547e-13,1.1823961275819547e-13,-4.400416857457835e-23,-4.400416857457835e-23,-0.016511913384741273,-0.016511913384741273,0.40420582477829803,0.40420582477829803,-0.0008549034042536081,-0.0008549034042536081
17,5,sqp_full,sqp_full,,10,1,73,29.48796327181823,777.4037454412321,-702.4866106195068,-100.01877706721662,776.617842074732,-704.6546232957453,-100.01595614434557,776.5973737643793,-704.6925562581122,-100.01553378365658,776.5973737643793,-704.6925562581122,-100.01553378365658,0.0431029159411627,0.043104985224246904,0.0431029159411627,0.043104985224246904,0.0,0.0,2.3060622423965005,2.3487084624773606,2.3487084624773606,0.016282136146239648,0.022474193508647006,0.5503431423555367,66.50222886819834,-0.41749601937215075,-0.41749601937215075,-0.11982242578544469,-0.11982242578544469,5.975864032820607e-14,5.975864032820607e-14,-3.8562712755998095e-23,-3.8562712755998095e-23,-0.013787791696363148,-0.013787791696363148,0.3777509116218933,0.3777509116218933,0.001620785377376659,0.001620785377376659
17,6,sqp_full,sqp_full,,10,1,74,29.892003675858668,777.5416936343734,-702.1068490127795,-100.01903428731548,776.6411544230399,-704.6446798402203,-100.01621825751523,776.6068699811142,-704.7070433269299,-100.01600390223577,776.6068699811142,-704.7070433269299,-100.01600390223577,0.07116619585690416,0.0711665186792854,0.07116619585690416,0.0711665186792854,0.0,0.0,2.692871363407007,2.7631333181793263,2.7631333181793263,0.02534574115543986,0.01732842481825679,0.12056353804881195,79.84309141666986,-0.4174960188478745,-0.4174960188478745,-0.11380220484422854,-0.11380220484422854,3.19039004305764e-14,3.19039004305764e-14,-3.5663914448542366e-23,-3.5663914448542366e-23,-0.02072864766299999,-0.02072864766299999,0.36290740831400436,0.36290740831400436,-0.0017639019693557014,-0.0017639019693557014
17,7,sqp_full,sqp_full,,10,1,75,30.296044079899143,777.6796418275146,-701.7270874060523,-100.01929150741434,776.63366377824,-704.6319186619904,-100.01596489585349,776.5846684884423,-704.7207082133003,-100.01740341061713,776.5846684884423,-704.7207082133003,-100.01740341061713,0.10141066435139394,0.10142086653601563,0.10141066435139394,0.10142086653601563,0.0,0.0,3.08741229916561,3.1875903361109157,3.1875903361109157,0.014799379090521024,0.026107355670094024,-0.03849454015291838,91.25036511871095,-0.4174960183620301,-0.4174960183620301,-0.10791622064531192,-0.10791622064531192,1.6837491241375913e-14,1.6837491241375913e-14,-2.9912100768320895e-23,-2.9912100768320895e-23,-0.01471591113955547,-0.01471591113955547,0.32603031698816165,0.32603031698816165,0.0013369275240325946,0.0013369275240325946
17,8,sqp_full,sqp_full,,10,1,76,30.700084483939477,777.8175900206558,-701.3473257993252,-100.01954872751318,776.653417290244,-704.6215713702879,-100.0160242123317,776.5872247693748,-704.7410355330694,-100.0176069622102,776.5872247693748,-704.7410355330694,-100.0176069622102,0.1365764840962851,0.13658565482978322,0.1365764840962851,0.13658565482978322,0.0,0.0,3.4750513960521356,3.609856563420563,3.609856563420563,0.022299578482752578,0.020488434162998854,-0.32140431009820514,110.47605694819656,-0.41749601798522945,-0.41749601798522945,-0.10216067769098572,-0.10216067769098572,9.967104300783733e-15,9.967104300783733e-15,-2.404206531299999e-23,-2.404206531299999e-23,-0.010249991763731193,-0.010249991763731193,0.29198935829017314,0.29198935829017314,-0.0014114268786282645,-0.0014114268786282645
17,9,sqp_full,sqp_full,,10,1,77,31.104124887979953,777.955538213797,-700.9675641925978,-100.01980594761204,776.6449619676157,-704.6087411179791,-100.01560590809255,776.56071472962,-704.7607445963636,-100.01629345956697,776.56071472962,-704.7607445963636,-100.01629345956697,0.17378910941380837,0.17379046946790438,0.17378910941380837,0.17379046946790438,0.0,0.0,3.8698552297190143,4.041503448906512,4.041503448906512,0.01537149418541665,0.03305986498643178,-0.1192294492081421,93.17792672721568,-0.41749601765662675,-0.41749601765662675,-0.09653191046367166,-0.09653191046367166,7.2363070083039e-15,7.2363070083039e-15,-1.8540275387226046e-23,-1.8540275387226046e-23,-0.004183560298570576,-0.004183560298570576,0.24851818439460402,0.24851818439460402,0.0014238669568963228,0.0014238669568963228
17,10,sqp_full,sqp_full,,10,0,78,31.50816529202033,778.0934864069383,-700.5878025858707,-100.0200631677109,776.6652846714701,-704.5999513658045,-100.0160949917865,776.5624994886335,-704.7855465246711,-100.01702218026917,nan,nan,nan,0.21215644417616814,0.21215847021497386,nan,nan,nan,nan,4.2587671959756195,4.468218338415817,nan,0.022147488302442543,nan,nan,nan,-0.41749601736749203,nan,-0.09102637724774906,nan,7.773153257165848e-15,nan,-1.2604242811458396e-23,nan,-0.00459198561000451,nan,0.19678613409464257,nan,-0.001547939204704129,nan
17,11,sqp_full,sqp_full,,10,0,79,31.91220569606077,778.2314346000795,-700.2080409791434,-100.02032038780976,776.6601480286446,-704.5891158508572,-100.01755194372747,776.5384858565186,-704.8093836354849,-100.01669301924277,nan,nan,nan,0.2516338233846853,0.25163528930272366,nan,nan,nan,nan,4.6543268601520404,4.902900130472881,nan,0.012079577502893199,nan,nan,nan,-0.4174960171868497,nan,-0.08564065545375758,nan,6.8742771620730325e-15,nan,-8.47615455005137e-24,nan,0.0020330940949659358,nan,0.15345753023175018,nan,0.001001826269175569,nan
17,12,sqp_full,sqp_full,,10,0,80,32.316246100101246,778.3693827932208,-699.8282793724162,-100.02057760790862,776.6756033832452,-704.5799257944091,-100.01880052714132,776.5342088027718,-704.836981450806,-100.01621617190581,nan,nan,nan,0.29337695525189106,0.29338833781330403,nan,nan,nan,nan,5.044505169914599,5.334319083565061,nan,0.018024541156135252,nan,nan,nan,-0.4174960170490623,nan,-0.08037143454711812,nan,5.556047754303077e-15,nan,-5.213664231609261e-24,nan,0.00466788661694399,nan,0.11400479752786095,nan,-0.0010694012244892805,nan
17,13,sqp_full,sqp_full,,10,0,81,32.72028650414162,778.507330986362,-699.4485177656891,-100.02083482800748,776.674098264065,-704.5704809392296,-100.01785023510574,776.5144786234112,-704.8618721169831,-100.01597008504817,nan,nan,nan,0.3322457646909816,0.33225108445170515,nan,nan,nan,nan,5.440151557190814,5.768523716965506,nan,0.00961112522345655,nan,nan,nan,-0.3856193415484657,nan,-0.0665785892196817,nan,4.014243573613895e-15,nan,-2.635658881536478e-24,nan,0.0016604571174821986,nan,0.0725891582056021,nan,0.0005837155668313435,nan
17,14,sqp_full,sqp_full,,10,0,82,33.12432690818206,778.6452791795032,-699.0687561589618,-100.02109204810634,776.6817689334966,-704.5685931181025,-100.01866958832538,776.5132273711487,-704.8768291166014,-100.01575302737564,nan,nan,nan,0.351305691683533,0.35131779820700665,nan,nan,nan,nan,5.839826972034604,6.187031307078643,nan,0.007941937914271606,nan,nan,nan,-0.19146057031582983,nan,-0.010459843624432712,nan,2.849841354088779e-15,nan,-9.089122831345126e-25,nan,0.0005859131018500013,nan,0.03435962850515897,nan,-0.0006548290525796367,nan
18,0,sqp_full,sqp_full,,10,1,69,27.871801655656572,776.8519526686671,-704.0056570464156,-100.0177481868212,776.5944718225147,-704.7099594170829,-100.01256287793488,776.5965230976453,-704.7070363729632,-100.01698646622454,776.5965230976453,-704.7070363729632,-100.01698646622454,0.003570982580132456,0.005685072553978142,0.003570982580132456,0.005685072553978142,0.0,0.0,0.7498921358855315,0.7464430490403677,0.7464430490403677,0.06109495064711793,0.06455457179537132,1.0539008265501937,4.116646061673596,0.08250856008151812,0.08250856008151812,-0.5000070048114769,-0.5000070048114769,-2.3768881921607373e-09,-2.3768881921607373e-09,1.827905780943518e-17,1.827905780943518e-17,0.018748349562515632,0.018748349562515632,0.07594599173460216,0.07594599173460216,-0.00046998612678040506,-0.00046998612678040506
18,1,sqp_full,sqp_full,,10,1,70,28.275842059697048,776.9899008618085,-703.6258954396883,-100.01800540692004,776.6071310386387,-704.6896264964629,-100.01433766597353,776.6105709011928,-704.685000998701,-100.0166420918895,776.6105709011928,-704.685000998701,-100.0166420918895,0.005764363272482641,0.00620791935670176,0.005764363272482641,0.00620791935670176,0.0,0.0,1.130502763674696,1.1249870239927064,1.1249870239927064,0.024017353859149437,0.02613459578924747,1.0839639808881942,5.03007628320475,0.08251003501155119,0.08251003501155119,-0.15654316129315776,-0.15654316129315776,-2.5601372676426985e-09,-2.5601372676426985e-09,2.0058847248204755e-17,2.0058847248204755e-17,0.005967857161640042,0.005967857161640042,0.04300614579968056,0.04300614579968056,-0.00010249849998121685,-0.00010249849998121685
18,2,sqp_full,sqp_full,,10,1,71,28.679882463737382,777.1278490549496,-703.2461338329612,-100.0182626270189,776.6058181890514,-704.6877095267757,-100.01690002482317,776.6078768084595,-704.6852456498267,-100.01668209417623,776.6078768084595,-704.6852456498267,-100.01668209417623,0.003210701401187034,0.0032180890687584047,0.003210701401187034,0.0032180890687584047,0.0,0.0,1.5331851505761698,1.5301679510961683,1.5301679510961683,0.003458905852302827,0.002705474082590978,0.2649985026191974,70.19643896110165,0.08249899261016119,0.08249899261016119,0.07692813219942854,0.07692813219942854,-2.625934042580935e-09,-2.625934042580935e-09,2.1264409145721045e-17,2.1264409145721045e-17,0.00026850491794518707,0.00026850491794518707,0.015068598447459967,0.015068598447459967,0.00025545078527569473,0.00025545078527569473
18,3,sqp_full,sqp_full,,10,1,71,28.679882463737382,777.1278490549496,-703.2461338329612,-100.0182626270189,776.614877178169,-704.6859633880593,-100.02035500382546,776.6143358460488,-704.6878653095531,-100.01654610249699,776.6143358460488,-704.6878653095531,-100.01654610249699,0.0019774594389666863,0.00429162849775409,0.0019774594389666863,0.00429162849775409,0.0,0.0,1.528479405848138,1.530452699795522,1.530452699795522,0.009851454925867495,0.0069713899186440165,0.5509281009418693,38.873726293177675,0.11437397890709997,0.11437397890709997,0.11138953232235292,0.11138953232235292,-2.6246353707097685e-09,-2.6246353707097685e-09,2.1098794390786874e-17,2.1098794390786874e-17,-0.0018839443807002248,-0.0018839443807002248,-0.010670176637344856,-0.010670176637344856,-0.0007513079049484046,-0.0007513079049484046
18,4,sqp_full,sqp_full,,10,1,72,29.083922867777858,777.2657972480908,-702.8663722262339,-100.01851984711776,776.6220256783106,-704.678630133244,-100.01889744360963,776.616857213029,-704.689243920093,-100.01602228691969,776.616857213029,-704.689243920093,-100.01602228691969,0.011805316795433455,0.01215039220075795,0.011805316795433455,0.01215039220075795,0.0,0.0,1.9232058016702227,1.9349378236466424,1.9349378236466424,0.010344184948226958,0.0029210000391005947,0.08109913294602124,73.30974071937283,0.30854433312917023,0.30854433312917023,0.24730429109693441,0.24730429109693441,-2.0908009523124117e-09,-2.0908009523124117e-09,1.828776329040803e-17,1.828776329040803e-17,0.0346440741268265,0.0346440741268265,-0.02550146496945087,-0.02550146496945087,-0.00028576084829388525,-0.00028576084829388525
18,5,sqp_full,sqp_full,,10,1,73,29.48796327181823,777.4037454412321,-702.4866106195068,-100.01877706721662,776.6133276596141,-704.6695074948667,-100.01817418769474,776.6016541392848,-704.692218439564,-100.01547693846639,776.6016541392848,-704.692218439564,-100.01547693846639,0.025535428054505142,0.025677485066232658,0.025535428054505142,0.025677485066232658,0.0,0.0,2.32159407260484,2.34692486299784,2.34692486299784,0.012625417194209272,0.015500923272170591,0.6618244254209966,57.38084692563895,0.30852579388323664,0.30852579388323664,0.2566895686745697,0.2566895686745697,-1.8604372995207537e-09,-1.8604372995207537e-09,1.6775759689681953e-17,1.6775759689681953e-17,0.02681522471305872,0.02681522471305872,-0.03064064972210752,-0.03064064972210752,0.0013227172172548946,0.0013227172172548946
18,6,sqp_full,sqp_full,,10,1,74,29.892003675858668,777.5416936343734,-702.1068490127795,-100.01903428731548,776.631703370223,-704.6645083747705,-100.0172979040766,776.6113959984237,-704.7025494748584,-100.01459850571261,776.6113959984237,-704.7025494748584,-100.01459850571261,0.04312208999212136,0.04320649715975737,0.04312208999212136,0.04320649715975737,0.0,0.0,2.714719818476431,2.7573745810625665,2.7573745810625665,0.01906373035629378,0.01422693761281503,0.3525815973577893,61.80653329971657,0.30853771787819256,0.30853771787819256,0.26619025712134914,0.26619025712134914,-1.7751563577638758e-09,-1.7751563577638758e-09,1.4500629803292506e-17,1.4500629803292506e-17,0.022209107129630732,0.022209107129630732,-0.03280640404625502,-0.03280640404625502,-0.0014854759005270973,-0.0014854759005270973
18,7,sqp_full,sqp_full,,10,1,75,30.296044079899143,777.6796418275146,-701.7270874060523,-100.01929150741434,776.6275134611745,-704.6571996129051,-100.01670554865363,776.5966156508206,-704.7138382396781,-100.01319551664491,776.5966156508206,-704.7138382396781,-100.01319551664491,0.06451828211760495,0.06461369090300563,0.06451828211760495,0.06461369090300563,0.0,0.0,3.1132830973114483,3.177046779883675,3.177046779883675,0.008445366942194311,0.018651092856692475,-0.2768696623099259,97.20205637103048,0.3085371692213257,0.3085371692213257,0.275636672071883,0.275636672071883,-1.5581054161203258e-09,-1.5581054161203258e-09,1.2903977042784052e-17,1.2903977042784052e-17,0.02126604499334753,0.02126604499334753,-0.034055782322366,-0.034055782322366,0.0007981804404603385,0.0007981804404603385
18,8,sqp_full,sqp_full,,10,1,76,30.700084483939477,777.8175900206558,-701.3473257993252,-100.01954872751318,776.6409429690921,-704.6504392123317,-100.01646238598927,776.5968318739366,-704.7307880153537,-100.0138451623293,776.5968318739366,-704.7307880153537,-100.0138451623293,0.09166089058534062,0.0916982481980111,0.09166089058534062,0.0916982481980111,0.0,0.0,3.506430735539628,3.5969524628599596,3.5969524628599596,0.015037081728214868,0.01696359889301806,-0.494624651033534,116.00510709551882,0.30853016967714403,0.30853016967714403,0.28505878561226233,0.28505878561226233,-1.3682315957780718e-09,-1.3682315957780718e-09,1.2062764911215106e-17,1.2062764911215106e-17,0.01699095028148501,0.01699095028148501,-0.03533040324227465,-0.03533040324227465,-0.0009270049831310494,-0.0009270049831310494
18,9,sqp_full,sqp_full,,10,1,77,31.104124887979953,777.955538213797,-700.9675641925978,-100.01980594761204,776.6348414861747,-704.6416030276016,-100.01584499321723,776.5757100326423,-704.7488450204635,-100.01319276843192,776.5757100326423,-704.7488450204635,-100.01319276843192,0.12246376537514059,0.12249248191692941,0.12246376537514059,0.12249248191692941,0.0,0.0,3.90420301821869,4.025172109201463,4.025172109201463,0.010755809044827227,0.0277959211215596,-0.26171984435067214,95.81254721032282,0.30854151932609436,0.30854151932609436,0.2945388051579756,0.2945388051579756,-1.1874920487070652e-09,-1.1874920487070652e-09,1.022320268848189e-17,1.022320268848189e-17,0.01954711780373268,0.01954711780373268,-0.03329091111215114,-0.03329091111215114,0.001051045007868939,0.001051045007868939
18,10,sqp_full,sqp_full,,10,0,78,31.50816529202033,778.0934864069383,-700.5878025858707,-100.0200631677109,776.6510708213923,-704.6339950098413,-100.01788590158276,776.5742167966382,-704.7729770871257,-100.0126101831859,nan,nan,nan,0.1588161167110528,0.15890371969145864,nan,nan,nan,nan,4.295606575703076,4.452399999408917,nan,0.018039915820258937,nan,nan,nan,0.3085373260718118,nan,0.3039510862166395,nan,-1.159791549888941e-09,nan,9.03161936545393e-18,nan,0.005581471037187425,nan,-0.03086910617650136,nan,-0.0011576842468616869,nan
18,11,sqp_full,sqp_full,,10,0,79,31.91220569606077,778.2314346000795,-700.2080409791434,-100.02032038780976,776.6489866093804,-704.6244594143061,-100.0215512661762,776.553183105794,-704.7980466854401,-100.01229571657102,nan,nan,nan,0.1982696446740373,0.1984855591665631,nan,nan,nan,nan,4.691363707677329,4.887195562069019,nan,0.010426237074155683,nan,nan,nan,0.30853480326383564,nan,0.313386841438118,nan,-8.950883457069458e-10,nan,7.006837205303165e-18,nan,0.008397168381195143,nan,-0.025964642477890352,nan,0.0006843283886952391,nan
18,12,sqp_full,sqp_full,,10,0,80,32.316246100101246,778.3693827932208,-699.8282793724162,-100.02057760790862,776.6601712393336,-704.6177591533675,-100.02058171723732,776.5446403841653,-704.8275087736857,-100.01156386477646,nan,nan,nan,0.23946248499409406,0.23963222525894273,nan,nan,nan,nan,5.085324051433011,5.321839857222613,nan,0.013073999731589295,nan,nan,nan,0.30853803297669286,nan,0.322815180622346,nan,-5.531736874320435e-10,nan,4.508356873736155e-18,nan,0.01519930733684517,nan,-0.018792628462572854,nan,-0.0007299510990263433,nan
18,13,sqp_full,sqp_full,,10,0,81,32.72028650414162,778.507330986362,-699.4485177656891,-100.02083482800748,776.658385868947,-704.6128154154507,-100.01832325120643,776.5273221038626,-704.8513211531565,-100.01127157295075,nan,nan,nan,0.2721446259559622,0.2722359704427985,nan,nan,nan,nan,5.485304755667256,5.754191482598255,nan,0.005720905594528666,nan,nan,nan,0.22133514262423212,nan,0.2568804323030721,nan,-3.331535309020316e-10,nan,2.831240604530351e-18,nan,0.007951994340010681,nan,-0.012697340208601995,nan,0.0004267776416660161,nan
18,14,sqp_full,sqp_full,,10,0,82,33.12432690818206,778.6452791795032,-699.0687561589618,-100.02109204810634,776.6650671373854,-704.6126294539058,-100.02102725413688,776.5253125932381,-704.8670811325156,-100.01108082962762,nan,nan,nan,0.29030499368285195,0.29047533581651824,nan,nan,nan,nan,5.88691522294497,6.1737209870400225,nan,0.007210101350978429,nan,nan,nan,0.09209887954577746,nan,0.15072198432908862,nan,-1.5712063346647514e-10,nan,1.4084306804480063e-18,nan,0.003620072418616228,nan,-0.006632035629205435,nan,-0.0006202906470635463,nan
19,0,sqp_full,sqp_full,,10,1,69,27.871801655656572,776.8519526686671,-704.0056570464156,-100.0177481868212,776.5961929328085,-704.7072772334809,-100.00701565250627,776.5991855768342,-704.7025550866404,-100.0171840819691,776.5991855768342,-704.7025550866404,-100.0171840819691,0.005590580385580537,0.011603945311336773,0.005590580385580537,0.011603945311336773,0.0,0.0,0.7467823842218152,0.7413218472315669,0.7413218472315669,0.046750260694610205,0.05205564073384555,1.089118239787698,12.008141688676474,0.5000000011736795,0.5000000011736795,-0.186798511906754,-0.186798511906754,-1.2512970256295924e-14,-1.2512970256295924e-14,-2.4353442289379574e-23,-2.4353442289379574e-23,-0.11346373955452399,-0.11346373955452399,0.27971468157584894,0.27971468157584894,0.000373269422372403,0.000373269422372403
19,1,sqp_full,sqp_full,,10,1,70,28.275842059697048,776.9899008618085,-703.6258954396883,-100.01800540692004,776.6104251548933,-704.6754931680082,-100.0103818696078,776.617667761434,-704.665250225271,-100.02154996464728,776.617667761434,-704.665250225271,-100.02154996464728,0.012544848560972755,0.016795820082051532,0.012544848560972755,0.016795820082051532,0.0,0.0,1.1160901412667408,1.1039999326666952,1.1039999326666952,0.034987346012831884,0.04186053942466535,1.1955085600445523,2.270642594654062,0.25896265891161235,0.25896265891161235,-0.18661316134365788,-0.18661316134365788,-2.555166825185148e-15,-2.555166825185148e-15,-1.5761731058540493e-23,-1.5761731058540493e-23,-0.10765160857850661,-0.10765160857850661,0.3265003003364661,0.3265003003364661,0.00038671225241500816,0.00038671225241500816
19,2,sqp_full,sqp_full,,10,1,71,28.679882463737382,777.1278490549496,-703.2461338329612,-100.0182626270189,776.6115085870036,-704.6751987404226,-100.00929792504142,776.6185922979697,-704.6647558691438,-100.02272423067117,776.6185922979697,-704.6647558691438,-100.02272423067117,0.012618736925462405,0.018425477048294694,0.012618736925462405,0.018425477048294694,0.0,0.0,1.5194847773427393,1.5072594090178462,1.5072594090178462,0.0015605923759403754,0.001574184386051623,-0.05157761365352507,92.93094172653227,-0.19146196914765307,-0.19146196914765307,-0.061367821200580604,-0.061367821200580604,6.100250964213669e-15,6.100250964213669e-15,-8.499845525175048e-24,-8.499845525175048e-24,-0.041951394159514155,-0.041951394159514155,0.33798460906712346,0.33798460906712346,-7.790545542356912e-05,-7.790545542356912e-05
19,3,sqp_full,sqp_full,,10,1,71,28.679882463737382,777.1278490549496,-703.2461338329612,-100.0182626270189,776.6173692827917,-704.6719239599635,-100.01179678868961,776.6210007443647,-704.667172470917,-100.02357145481326,776.6210007443647,-704.667172470917,-100.02357145481326,0.005980314482943389,0.013206321351470136,0.005980314482943389,0.013206321351470136,0.0,0.0,1.5144197185851243,1.5087233081336806,1.5087233081336806,0.007163536955208758,0.003515446901014616,0.1621012270329422,70.71187474455063,-0.2786648556346149,-0.2786648556346149,-0.08285108115228466,-0.08285108115228466,5.071569764149138e-15,5.071569764149138e-15,-2.5025172560960497e-24,-2.5025172560960497e-24,-0.03565934224946159,-0.03565934224946159,0.3632367621618635,0.3632367621618635,-0.0003987076608144428,-0.0003987076608144428
19,4,sqp_full,sqp_full,,10,1,72,29.083922867777858,777.2657972480908,-702.8663722262339,-100.01851984711776,776.629969639104,-704.6623518694416,-100.01373040101049,776.6246694118189,-704.6731183616931,-100.02343824162107,776.6246694118189,-704.6731183616931,-100.02343824162107,0.012000406854620106,0.015435411688599281,0.012000406854620106,0.015435411688599281,0.0,0.0,1.9052085521449411,1.9171271476976899,1.9171271476976899,0.015941541731016615,0.006987881207209792,-0.04307067932065379,95.63884905622358,-0.407901122844257,-0.407901122844257,-0.1299633106077384,-0.1299633106077384,8.109727962711231e-16,8.109727962711231e-16,2.189666045431364e-24,2.189666045431364e-24,-0.007760895162387687,-0.007760895162387687,0.39170359074582095,0.39170359074582095,-0.0007344993210145258,-0.0007344993210145258
19,5,sqp_full,sqp_full,,10,1,73,29.48796327181823,777.4037454412321,-702.4866106195068,-100.01877706721662,776.6202620824943,-704.6504516520232,-100.01467779231324,776.604012717577,-704.6802705316658,-100.02220309918246,776.604012717577,-704.6802705316658,-100.02220309918246,0.033958908158996444,0.03478272109578357,0.033958908158996444,0.03478272109578357,0.0,0.0,2.3013157513520413,2.334891055166885,2.334891055166885,0.015386662413179398,0.0218947055052295,0.4825503142855719,70.1769919873673,-0.40790111816112457,-0.40790111816112457,-0.12286763345677573,-0.12286763345677573,9.566086187814813e-16,9.566086187814813e-16,3.861307344168278e-24,3.861307344168278e-24,0.015069263634563583,0.015069263634563583,0.36807472610732916,0.36807472610732916,0.0015241418004273651,0.0015241418004273651
19,6,sqp_full,sqp_full,,10,1,74,29.892003675858668,777.5416936343734,-702.1068490127795,-100.01903428731548,776.6417689490014,-704.6430409921445,-100.01665239681023,776.6125216230053,-704.6954095970272,-100.02168386041897,776.6125216230053,-704.6954095970272,-100.02168386041897,0.059982304517950745,0.06019296039679575,0.059982304517950745,0.06019296039679575,0.0,0.0,2.691121363955335,2.750273900001633,2.750273900001633,0.02283335826623718,0.017374187189419632,0.13384961747973043,79.8685721205445,-0.407901119935685,-0.407901119935685,-0.11595959109722385,-0.11595959109722385,3.199364627706553e-15,3.199364627706553e-15,5.341009376376463e-24,5.341009376376463e-24,0.015046514805542066,0.015046514805542066,0.3275126898945625,0.3275126898945625,-0.001715885585925794,-0.001715885585925794
19,7,sqp_full,sqp_full,,10,1,75,30.296044079899143,777.6796418275146,-701.7270874060523,-100.01929150741434,776.6298083922627,-704.6323285011396,-100.01812298937848,776.5862147854461,-704.7096554002962,-100.01964944381771,776.5862147854461,-704.7096554002962,-100.01964944381771,0.08876852983167555,0.08878165323777261,0.08876852983167555,0.08878165323777261,0.0,0.0,3.0891060296397543,3.176679797621316,3.176679797621316,0.016123740990595607,0.029985520906796785,0.6117687144224179,70.79441029183869,-0.40790112304286225,-0.40790112304286225,-0.10923288475109316,-0.10923288475109316,-3.0662281243327693e-15,-3.0662281243327693e-15,5.37570801117444e-24,5.37570801117444e-24,0.021970959872470556,0.021970959872470556,0.2951615470376553,0.2951615470376553,0.001665406240398861,0.001665406240398861
19,8,sqp_full,sqp_full,,10,1,76,30.700084483939477,777.8175900206558,-701.3473257993252,-100.01954872751318,776.6528167512766,-704.6250314248276,-100.02061735455331,776.5928184484242,-704.7311707322248,-100.01870588907059,776.5928184484242,-704.7311707322248,-100.01870588907059,0.1219235371859451,0.12193851983776147,0.1219235371859451,0.12193851983776147,0.0,0.0,3.4785127477861217,3.59867641419138,3.59867641419138,0.02426630925463587,0.022525722369844778,-0.012589102586832436,90.77706208612707,-0.40790111910768073,-0.40790111910768073,-0.10268148503993584,-0.10268148503993584,3.499379905399858e-15,3.499379905399858e-15,6.2684005714229695e-24,6.2684005714229695e-24,0.018401949985086808,0.018401949985086808,0.2628700917430996,0.2628700917430996,-0.0018693365933621286,-0.0018693365933621286
19,9,sqp_full,sqp_full,,10,1,77,31.104124887979953,777.955538213797,-700.9675641925978,-100.01980594761204,776.646627692772,-704.6151792100148,-100.02389890466104,776.5697002466645,-704.7515153261181,-100.01805523825162,776.5697002466645,-704.7515153261181,-100.01805523825162,0.15654190658972697,0.15665093984988207,0.15654190658972697,0.15665093984988207,0.0,0.0,3.875350573475369,4.029743546680769,4.029743546680769,0.0120888027943513,0.030802225565294838,-0.4071088968612754,99.19389993906258,-0.40790111984035,-0.40790111984035,-0.09629971693689555,-0.09629971693689555,3.5949007657491465e-15,3.5949007657491465e-15,6.3739876616323856e-24,6.3739876616323856e-24,0.009734527806605641,0.009734527806605641,0.22458947951712188,0.22458947951712188,0.001065990067937393,0.001065990067937393
19,10,sqp_full,sqp_full,,10,0,78,31.50816529202033,778.0934864069383,-700.5878025858707,-100.0200631677109,776.6614652558342,-704.6094302092138,-100.02115495512977,776.5672157013938,-704.7765898303427,-100.01739933921742,nan,nan,nan,0.19189923774769088,0.1919359843776717,nan,nan,nan,nan,4.268978017985729,4.458188067595822,nan,0.01614724579814443,nan,nan,nan,-0.4079011206823521,nan,-0.09008199949892066,nan,2.7188645361437274e-15,nan,4.933457583817297e-24,nan,0.026277500376672914,nan,0.17283198972155914,nan,-0.0011587617616453977,nan
19,11,sqp_full,sqp_full,,10,0,79,31.91220569606077,778.2314346000795,-700.2080409791434,-100.02032038780976,776.6532799545707,-704.6016598587917,-100.0181955803916,776.5415351708563,-704.800431224421,-100.01727465932254,nan,nan,nan,0.2280284027957741,0.2280302624153365,nan,nan,nan,nan,4.668453592437391,4.893445437093353,nan,0.011667707628097688,nan,nan,nan,-0.4079011211121408,nan,-0.084023034091329,nan,1.232955541227254e-15,nan,4.350454104460572e-24,nan,0.010082485233083457,nan,0.13510242000409417,nan,0.0011537086415551677,nan
19,12,sqp_full,sqp_full,,10,0,80,32.316246100101246,778.3693827932208,-699.8282793724162,-100.02057760790862,776.6702089868029,-704.594897720276,-100.01793523166491,776.5391390079376,-704.8288557974744,-100.01303809747796,nan,nan,nan,0.2681710671309182,0.26821577725663437,nan,nan,nan,nan,5.060419162339179,5.324993605293334,nan,0.018231468154880436,nan,nan,nan,-0.40790112052446026,nan,-0.07811770189834798,nan,2.881736656248733e-16,nan,3.822739980685725e-24,nan,0.0016967555804199045,nan,0.10446447435040698,nan,-0.0013184694901897426,nan
19,13,sqp_full,sqp_full,,10,0,81,32.72028650414162,778.507330986362,-699.4485177656891,-100.02083482800748,776.6667674515708,-704.5886641997791,-100.01698386480729,776.5206463853457,-704.8510746752543,-100.01666743481599,nan,nan,nan,0.3003508342486578,0.30035100093358125,nan,nan,nan,nan,5.459741705382449,5.756260666874535,nan,0.007183734504806045,nan,nan,nan,-0.333356132494498,nan,-0.051542144615190036,nan,-5.33166673856215e-16,nan,2.7613349821083115e-24,nan,-0.0006175718251214404,nan,0.06669112111530894,nan,0.0006189061427130264,nan
19,14,sqp_full,sqp_full,,10,0,82,33.12432690818206,778.6452791795032,-699.0687561589618,-100.02109204810634,776.6746723574214,-704.5887181722262,-100.01698845987302,776.5210662125999,-704.8652266763614,-100.01600639014094,nan,nan,nan,0.316309659330864,0.31631118387904955,nan,nan,nan,nan,5.861166426157665,6.173439170174381,nan,0.007905091438178078,nan,nan,nan,-0.16615482127106374,nan,-0.0013677230616134205,nan,-8.569294570207851e-16,nan,1.1898353717777592e-24,nan,-0.003857185244199148,nan,0.031238418621883684,nan,-0.000777943755588515,nan
20,0,sqp_full,sqp_full,,10,1,69,27.871801655656572,776.8519526686671,-704.0056570464156,-100.0177481868212,776.5971200634449,-704.7017335682956,-100.01442283333593,776.5991707766409,-704.6989295279081,-100.01744330384199,776.5991707766409,-704.6989295279081,-100.01744330384199,0.003473912363073774,0.004603401914267087,0.003473912363073774,0.004603401914267087,0.0,0.0,0.7412571625265074,0.7379196558780611,0.7379196558780611,0.05694966312146454,0.060283934627659526,1.056994638823857,3.1040528598860995,0.09209695087908594,0.09209695087908594,-0.4764633985939322,-0.4764633985939322,1.1191877141902998e-10,1.1191877141902998e-10,1.8635458959959888e-17,1.8635458959959888e-17,0.041370660117354706,0.041370660117354706,0.053490322828700324,0.053490322828700324,8.828852802028295e-05,8.828852802028295e-05
20,1,sqp_full,sqp_full,,10,1,70,28.275842059697048,776.9899008618085,-703.6258954396883,-100.01800540692004,776.608976415218,-704.6851567219671,-100.01877011514848,776.6115088046023,-704.6820949365112,-100.01792614053727,776.6115088046023,-704.6820949365112,-100.01792614053727,0.0039733520070573194,0.004061996961637972,0.0039733520070573194,0.004061996961637972,0.0,0.0,1.1256721983531675,1.1219349027664791,1.1219349027664791,0.020838996394225092,0.020877344964131843,0.9843037579674397,10.736063388458934,0.09209442888997132,0.09209442888997132,-0.09440926525714537,-0.09440926525714537,-8.618182270854005e-11,-8.618182270854005e-11,2.0244291240398784e-17,2.0244291240398784e-17,0.002395442480521615,0.002395442480521615,0.021786801661379848,0.021786801661379848,-0.00022500009070128507,-0.00022500009070128507
20,2,sqp_full,sqp_full,,10,1,71,28.679882463737382,777.1278490549496,-703.2461338329612,-100.0182626270189,776.6082512358897,-704.6839076098025,-100.01422702279537,776.610113129531,-704.6822217185352,-100.01739356607055,776.610113129531,-704.6822217185352,-100.01739356607055,0.0025117478569240768,0.0040417661498793715,0.0025117478569240768,0.0040417661498793715,0.0,0.0,1.528782302011711,1.5265644118612314,1.5265644118612314,0.00476716418712369,0.0014992058393723663,0.1440335167976445,62.74208229684849,0.09210008394042976,0.09210008394042976,0.08408547525238873,0.08408547525238873,1.2695781098240398e-10,1.2695781098240398e-10,2.012362159789247e-17,2.012362159789247e-17,0.026146415082817055,0.026146415082817055,-0.0040981177571860865,-0.0040981177571860865,0.00013847663065650302,0.00013847663065650302
20,3,sqp_full,sqp_full,,10,1,71,28.679882463737382,777.1278490549496,-703.2461338329612,-100.0182626270189,776.6132806734265,-704.6814692000492,-100.01805697850126,776.6127931453597,-704.6836467690181,-100.01626133410231,776.6127931453597,-704.6836467690181,-100.01626133410231,0.0022314771408923867,0.0028642327136259127,0.0022314771408923867,0.0028642327136259127,0.0,0.0,1.5247846520990416,1.526999027941511,1.526999027941511,0.006775665633022999,0.0032396300639057,0.12345373074883753,75.03655711999947,0.16665777025335385,0.16665777025335385,0.14522154828590506,0.14522154828590506,2.684676799002999e-10,2.684676799002999e-10,1.8642593591526815e-17,1.8642593591526815e-17,0.03319747786867044,0.03319747786867044,-0.02524062823041896,-0.02524062823041896,-0.000317074127641343,-0.000317074127641343
20,4,sqp_full,sqp_full,,10,1,72,29.083922867777858,777.2657972480908,-702.8663722262339,-100.01851984711776,776.6236544232213,-704.6725429419832,-100.01653347470769,776.6179508237556,-704.6843960730771,-100.01515367586582,776.6179508237556,-704.6843960730771,-100.01515367586582,0.013154001809096804,0.01322617134463824,0.013154001809096804,0.01322617134463824,0.0,0.0,1.916924636484623,1.9300040666315534,1.9300040666315534,0.013770033829825718,0.005328227639428072,0.25580151457254113,48.6175536539146,0.33384076899730514,0.33384076899730514,0.26075559121987346,0.26075559121987346,3.978883170741654e-10,3.978883170741654e-10,1.7954080037044008e-17,1.7954080037044008e-17,0.03776387509447713,0.03776387509447713,-0.041099684179920354,-0.041099684179920354,-0.0004974447078991402,-0.0004974447078991402
20,5,sqp_full,sqp_full,,10,1,73,29.48796327181823,777.4037454412321,-702.4866106195068,-100.01877706721662,776.6196143618581,-704.6618985157697,-100.01637027705118,776.6063437307984,-704.6875317386324,-100.01385124273419,776.6063437307984,-704.6875317386324,-100.01385124273419,0.028864714844406995,0.02897442487676129,0.028864714844406995,0.02897442487676129,0.0,0.0,2.3123016631202113,2.3409193195015994,2.3409193195015994,0.011386506870304803,0.012093524608432627,0.10588733035156223,84.27828356648583,0.3338460155535046,0.3338460155535046,0.26904944459023433,0.26904944459023433,4.955148208033727e-10,4.955148208033727e-10,1.6306844974178384e-17,1.6306844974178384e-17,0.04054308453083497,0.04054308453083497,-0.04364298834192691,-0.04364298834192691,0.0009698027144935778,0.0009698027144935778
20,6,sqp_full,sqp_full,,10,1,74,29.892003675858668,777.5416936343734,-702.1068490127795,-100.01903428731548,776.635219506511,-704.6532264069036,-100.0184431538706,776.6116976792721,-704.6972707724962,-100.01354722873906,776.6116976792721,-704.6972707724962,-100.01354722873906,0.04993177842920052,0.050171232593952425,0.04993177842920052,0.050171232593952425,0.0,0.0,2.702911981139962,2.7523040111364496,2.7523040111364496,0.01797283589568828,0.011117822150324893,-0.004764384868733343,90.44129666916135,0.33384540780922256,0.33384540780922256,0.2773111757912075,0.2773111757912075,4.96005926948347e-10,4.96005926948347e-10,1.494757836258577e-17,1.494757836258577e-17,0.018592109608054977,0.018592109608054977,-0.04367297785721293,-0.04367297785721293,-0.0010296643265164643,-0.0010296643265164643
20,7,sqp_full,sqp_full,,10,1,75,30.296044079899143,777.6796418275146,-701.7270874060523,-100.01929150741434,776.6334662875876,-704.642757334629,-100.02055773851384,776.5977089852157,-704.7087250012308,-100.01303615051827,776.5977089852157,-704.7087250012308,-100.01303615051827,0.07503544302394595,0.07541148450849428,0.07503544302394595,0.07541148450849428,0.0,0.0,3.0976788717922683,3.1718671826271385,3.1718671826271385,0.010823433794262129,0.018087125759963036,-0.8235025636144135,119.52401932507068,0.3338416475441268,0.3338416475441268,0.2855581430275584,0.2855581430275584,3.3358080715763597e-10,3.3358080715763597e-10,1.3561107103334075e-17,1.3561107103334075e-17,0.01704112265723237,0.01704112265723237,-0.04304074256082903,-0.04304074256082903,0.0007253709661266287,0.0007253709661266287
20,8,sqp_full,sqp_full,,10,1,76,30.700084483939477,777.8175900206558,-701.3473257993252,-100.01954872751318,776.6457090122915,-704.6351853046041,-100.02040127006562,776.5959268964409,-704.7259566618686,-100.01165783581592,776.5959268964409,-704.7259566618686,-100.01165783581592,0.10352631722513321,0.10389487956909951,0.10352631722513321,0.10389487956909951,0.0,0.0,3.490462035922797,3.592715866082075,3.592715866082075,0.014395986567393984,0.01737831177523277,-0.7338224326917993,127.4370752392202,0.33384612594556257,0.33384612594556257,0.2938113074410725,0.2938113074410725,3.302947086956045e-10,3.302947086956045e-10,1.1439672777456163e-17,1.1439672777456163e-17,0.039652698099717526,0.039652698099717526,-0.03912807131192132,-0.03912807131192132,-0.000765497167696094,-0.000765497167696094
20,9,sqp_full,sqp_full,,10,1,77,31.104124887979953,777.955538213797,-700.9675641925978,-100.01980594761204,776.6398691466885,-704.6254158585351,-100.01746061266306,776.5741295007668,-704.7446235377188,-100.01069631670518,776.5741295007668,-704.7446235377188,-100.01069631670518,0.1361329196861152,0.13630087131809618,0.1361329196861152,0.13630087131809618,0.0,0.0,3.88726946636661,4.021749287188501,4.021749287188501,0.011755576239189432,0.028714164295327495,-0.3780470853023502,98.90359888890124,0.333837165473912,0.333837165473912,0.3020039529067006,0.3020039529067006,1.930119161141606e-10,1.930119161141606e-10,9.845599884255969e-18,9.845599884255969e-18,0.028136864050410212,0.028136864050410212,-0.03572796903701192,-0.03572796903701192,0.0010797466307392463,0.0010797466307392463
20,10,sqp_full,sqp_full,,10,0,78,31.50816529202033,778.0934864069383,-700.5878025858707,-100.0200631677109,776.6565350758901,-704.6178227001343,-100.01851347198364,776.5726047155516,-704.769566201877,-100.01013617102203,nan,nan,nan,0.1734081765882576,0.17361041120585388,nan,nan,nan,nan,4.278538447784475,4.449744718447151,nan,0.01834442049792004,nan,nan,nan,0.33383525075130327,nan,0.31021705503165936,nan,2.2800739778727838e-11,nan,8.249016339427163e-18,nan,0.01571450910976972,nan,-0.0314019338825526,nan,-0.0011985779911169773,nan
20,11,sqp_full,sqp_full,,10,0,79,31.91220569606077,778.2314346000795,-700.2080409791434,-100.02032038780976,776.6547964884471,-704.6085559039385,-100.01896245726499,776.5513836451133,-704.7955171000749,-100.00958609638951,nan,nan,nan,0.21365557569866242,0.21386121941669145,nan,nan,nan,nan,4.674432515118382,4.885438401146727,nan,0.009439162347000778,nan,nan,nan,0.33384579833643807,nan,0.31843387813600393,nan,-2.267708321506521e-11,nan,6.396487881552492e-18,nan,0.013516577728180577,nan,-0.025910885805939338,nan,0.0006531844299610159,nan
20,12,sqp_full,sqp_full,,10,0,80,32.316246100101246,778.3693827932208,-699.8282793724162,-100.02057760790862,776.6665507787583,-704.5994897025009,-100.02004062658894,776.5416526144705,-704.8258380596831,-100.0090520899969,nan,nan,nan,0.2585210440978807,0.25875447470119806,nan,nan,nan,nan,5.065973241479476,5.3212959360470125,nan,0.014883608376845351,nan,nan,nan,0.33384585787236576,nan,0.3265902475042612,nan,-2.302699091722935e-11,nan,4.7928245105830236e-18,nan,0.010498208203470869,nan,-0.020406478379442084,nan,-0.0006628858539608651,nan
20,13,sqp_full,sqp_full,,10,0,81,32.72028650414162,778.507330986362,-699.4485177656891,-100.02083482800748,776.6670237715299,-704.5924694800242,-100.02117443033706,776.5248046144627,-704.8509490949182,-100.00873424830235,nan,nan,nan,0.29502203299523017,0.29528419883511436,nan,nan,nan,nan,5.463238040244514,5.754708948531865,nan,0.007126903726359509,nan,nan,nan,0.24963300350324952,nan,0.2644590213227752,nan,-1.8206415001702625e-11,nan,3.0146819007521956e-18,nan,0.006213338594192253,nan,-0.013615103638708726,nan,0.00031384996692837824,nan
20,14,sqp_full,sqp_full,,10,0,82,33.12432690818206,778.6452791795032,-699.0687561589618,-100.02109204810634,776.6715894648847,-704.5920541144183,-100.01873792605305,776.5208644396959,-704.8659983085877,-100.00850510337912,nan,nan,nan,0.31267148053075217,0.3128388808910564,nan,nan,nan,nan,5.865344951010184,6.1742331125500485,nan,0.00519178558136982,nan,nan,nan,0.09962238525930994,nan,0.14394344258110142,nan,-7.74516189804002e-12,nan,1.3614854421146298e-18,nan,0.002607973772906545,nan,-0.0065692678404182326,nan,-0.00039781666001655253,nan
21,0,sqp_full,sqp_full,,10,1,69,27.871801655656572,776.8519526686671,-704.0056570464156,-100.0177481868212,776.5983513324959,-704.701870416332,-100.0093895841786,776.6002596134208,-704.6991404459349,-100.01211968960358,776.6002596134208,-704.6991404459349,-100.01211968960358,0.003330806877923301,0.004306709891489574,0.003330806877923301,0.004306709891489574,0.0,0.0,0.7409633554759896,0.7377456333100111,0.7377456333100111,0.049155203900691474,0.05247399752207213,1.0659577230590946,3.096798888641089,0.4999984743202081,0.4999984743202081,-0.18977889464284278,-0.18977889464284278,-6.458989550381582e-13,-6.458989550381582e-13,-2.893064714217229e-23,-2.893064714217229e-23,-0.022723760329945563,-0.022723760329945563,0.29258364050686175,0.29258364050686175,8.189637438220874e-05,8.189637438220874e-05
21,1,sqp_full,sqp_full,,10,1,70,28.275842059697048,776.9899008618085,-703.6258954396883,-100.01800540692004,776.6142152976806,-704.6626798100647,-100.01571914183451,776.6183425700186,-704.6582235632586,-100.01294912966306,776.6183425700186,-704.6582235632586,-100.01294912966306,0.006073920690056613,0.006675738159862422,0.006073920690056613,0.006675738159862422,0.0,0.0,1.1027517734062937,1.097158565983881,1.097158565983881,0.042750816496325575,0.0447422907110571,1.0372298682393448,7.665848879425161,0.36347341096774316,0.36347341096774316,-0.1815620714706853,-0.1815620714706853,-6.431644536263709e-13,-6.431644536263709e-13,5.889137853879664e-23,5.889137853879664e-23,-0.02470928897816711,-0.02470928897816711,0.35309522472122934,0.35309522472122934,0.0006469258616881841,0.0006469258616881841
21,2,sqp_full,sqp_full,,10,1,71,28.679882463737382,777.1278490549496,-703.2461338329612,-100.0182626270189,776.6180354500253,-704.6609485353765,-100.01837616117002,776.6213419581946,-704.6575366085292,-100.01309588458022,776.6213419581946,-704.6575366085292,-100.01309588458022,0.004751235743052556,0.007103207863415086,0.004751235743052556,0.007103207863415086,0.0,0.0,1.5038652047096859,1.4995356727814164,1.4995356727814164,0.004964939851779596,0.003080547554678279,0.5288854264754551,31.525415466861087,-0.1661541097651035,-0.1661541097651035,-0.049029164477280236,-0.049029164477280236,-1.4721120648307697e-13,-1.4721120648307697e-13,1.5543091810932838e-23,1.5543091810932838e-23,-0.008574181984090233,-0.008574181984090233,0.3631193672143783,0.3631193672143783,-0.00026502188257950654,-0.00026502188257950654
21,3,sqp_full,sqp_full,,10,1,72,29.083922867777858,777.2657972480908,-702.8663722262339,-100.01851984711776,776.6222289247075,-704.6588797048701,-100.01888797280525,776.6231732675453,-704.6591968930403,-100.01261167417282,776.6231732675453,-704.6591968930403,-100.01261167417282,0.0009961886019743667,0.006354865557513323,0.0009961886019743667,0.006354865557513323,0.0,0.0,1.9045375417220975,1.9045172265646895,1.9045172265646895,0.004703960110941326,0.0025188684592150714,0.18063154284269017,70.28586634901077,-0.2503670098494634,-0.2503670098494634,-0.06662466229351076,-0.06662466229351076,-9.714044351456448e-14,-9.714044351456448e-14,-7.965355384170687e-24,-7.965355384170687e-24,0.011482318885679773,0.011482318885679773,0.3585917736312516,0.3585917736312516,-0.00029637468390643557,-0.00029637468390643557
21,4,sqp_full,sqp_full,,10,1,72,29.083922867777858,777.2657972480908,-702.8663722262339,-100.01851984711776,776.6339156117084,-704.6509789959005,-100.01689360077665,776.6275523933876,-704.6640747001404,-100.01152014792146,776.6275523933876,-704.6640747001404,-100.01152014792146,0.014559808272641016,0.015519729782542312,0.014559808272641016,0.015519729782542312,0.0,0.0,1.8931708123508026,1.9076400811590228,1.9076400811590228,0.014247012847103726,0.0066453874834243535,0.07299457965759766,80.99662103935695,-0.4003776178097367,-0.4003776178097367,-0.11801850568899425,-0.11801850568899425,-4.852260365639054e-14,-4.852260365639054e-14,-2.8318514209948385e-23,-2.8318514209948385e-23,0.029255618117565125,0.029255618117565125,0.37236081633175144,0.37236081633175144,-0.0007388456116854087,-0.0007388456116854087
21,5,sqp_full,sqp_full,,10,1,73,29.48796327181823,777.4037454412321,-702.4866106195068,-100.01877706721662,776.6245291995494,-704.6408429895943,-100.01519780129233,776.6088063170982,-704.6702343431506,-100.01061013584842,776.6088063170982,-704.6702343431506,-100.01061013584842,0.03333257710476947,0.033646803275653225,0.03333257710476947,0.033646803275653225,0.0,0.0,2.290828464908451,2.3238202980305167,2.3238202980305167,0.01391830064863784,0.019753093434533454,0.5939910943868607,65.2579153383518,-0.4003776164783818,-0.4003776164783818,-0.1109808882650456,-0.1109808882650456,-3.917906518678977e-14,-3.917906518678977e-14,-3.736988970758853e-23,-3.736988970758853e-23,0.030186866204223194,0.030186866204223194,0.35026879807543787,0.35026879807543787,0.0013978675861583201,0.0013978675861583201
21,6,sqp_full,sqp_full,,10,1,74,29.892003675858668,777.5416936343734,-702.1068490127795,-100.01903428731548,776.6444484633699,-704.6340121539703,-100.01653706412135,776.6167760756226,-704.683916788649,-100.00992041315168,776.6167760756226,-704.683916788649,-100.00992041315168,0.05706341740596918,0.057445745500448286,0.05706341740596918,0.057445745500448286,0.0,0.0,2.6817163233798493,2.7380195053925096,2.7380195053925096,0.021100497894456557,0.015849355922272816,0.14456644950587716,78.90340801781613,-0.4003776222606185,-0.4003776222606185,-0.10412006363193951,-0.10412006363193951,-4.671130374031418e-14,-4.671130374031418e-14,-5.00580109114252e-23,-5.00580109114252e-23,0.007263437223270627,0.007263437223270627,0.3236639010412699,0.3236639010412699,-0.001587109795112545,-0.001587109795112545
21,7,sqp_full,sqp_full,,10,1,75,30.296044079899143,777.6796418275146,-701.7270874060523,-100.01929150741434,776.6330998811698,-704.6240633766283,-100.01793874248774,776.5922817303551,-704.6968261962352,-100.0096884205075,776.5922817303551,-704.6968261962352,-100.0096884205075,0.08342990682648059,0.08383684849666517,0.08342990682648059,0.08383684849666517,0.0,0.0,3.080214248969394,3.1625465155174854,3.1625465155174854,0.015156951896561011,0.027688979304038016,0.6495277823247526,69.17274453480134,-0.4003776170108624,-0.4003776170108624,-0.09743035755239562,-0.09743035755239562,-3.6197613580647374e-14,-3.6197613580647374e-14,-5.613315988809167e-23,-5.613315988809167e-23,0.013688182104394233,0.013688182104394233,0.2920795641317564,0.2920795641317564,0.0015730148728529863,0.0015730148728529863
21,8,sqp_full,sqp_full,,10,1,76,30.700084483939477,777.8175900206558,-701.3473257993252,-100.01954872751318,776.6549604096227,-704.6175516744496,-100.01753271120411,776.5985670874987,-704.7172201441309,-100.00786832869076,776.5985670874987,-704.7172201441309,-100.00786832869076,0.11451642078237936,0.11492350028680609,0.11451642078237936,0.11492350028680609,0.0,0.0,3.4707470214327647,3.5836022110046013,3.5836022110046013,0.0228133695650414,0.021418019502743215,0.01026213792426652,89.37370455290282,-0.4003776209580388,-0.4003776209580388,-0.0909066015767712,-0.0909066015767712,-2.772757736178971e-14,-2.772757736178971e-14,-5.861824743951641e-23,-5.861824743951641e-23,0.020135718912639527,0.020135718912639527,0.25883656637008656,0.25883656637008656,-0.0017953786041102421,-0.0017953786041102421
21,9,sqp_full,sqp_full,,10,1,77,31.104124887979953,777.955538213797,-700.9675641925978,-100.01980594761204,776.6464817666515,-704.6083176193501,-100.01743598688844,776.5743305718502,-704.735885407786,-100.0077770715365,776.5743305718502,-704.735885407786,-100.0077770715365,0.14655830088282307,0.14687624111283745,0.14655830088282307,0.14687624111283745,0.0,0.0,3.868942270985939,4.013474720365021,4.013474720365021,0.012536527262647645,0.03059099681215234,0.2108969485308616,85.0418607843616,-0.4003776226067718,-0.4003776226067718,-0.08454352769540718,-0.08454352769540718,-2.3356005974044385e-14,-2.3356005974044385e-14,-5.860043233482311e-23,-5.860043233482311e-23,0.02093447876731894,0.02093447876731894,0.2213828744144855,0.2213828744144855,0.0012572517137350717,0.0012572517137350717
21,10,sqp_full,sqp_full,,10,0,78,31.50816529202033,778.0934864069383,-700.5878025858707,-100.0200631677109,776.6646488779685,-704.6009352183787,-100.01916764919152,776.574611515611,-704.7603296379413,-100.00638438049432,nan,nan,nan,0.18306640218228948,0.18351217825134217,nan,nan,nan,nan,4.2599073006690364,4.44037869283296,nan,0.01968609743036605,nan,nan,nan,-0.4003776155136793,nan,-0.07833614170760658,nan,-1.8953393424270967e-14,nan,-5.731793936029253e-23,nan,0.014032348390992282,nan,0.1894787491949325,nan,-0.0014036147339629224,nan
21,11,sqp_full,sqp_full,,10,0,79,31.91220569606077,778.2314346000795,-700.2080409791434,-100.02032038780976,776.6583297095361,-704.5915268260367,-100.02009307788326,776.5502879897701,-704.7833798935959,-100.00601649727209,nan,nan,nan,0.2201831345537311,0.22063264233473992,nan,nan,nan,nan,4.657210234310287,4.874421002278946,nan,0.011371286400554141,nan,nan,nan,-0.40037761670904054,nan,-0.07227976820281085,nan,-1.4409977272603324e-14,nan,-5.013042687571096e-23,nan,0.011306083654082004,nan,0.14838232726709533,nan,0.0010511492700150185,nan
21,12,sqp_full,sqp_full,,10,0,80,32.316246100101246,778.3693827932208,-699.8282793724162,-100.02057760790862,776.6733791359927,-704.5856114519462,-100.02040806740627,776.5473253309299,-704.8102224851623,-100.00602913639808,nan,nan,nan,0.25756490058480713,0.2579659506023996,nan,nan,nan,nan,5.05060757931716,5.304681948479914,nan,0.016173314617138525,nan,nan,nan,-0.4003776217824038,nan,-0.06636976350327352,nan,-8.051489877240854e-15,nan,-3.7451646116259285e-23,nan,0.015017407417107994,nan,0.10225412654626535,nan,-0.0011742632235091648,nan
21,13,sqp_full,sqp_full,,10,0,81,32.72028650414162,778.507330986362,-699.4485177656891,-100.02083482800748,776.6701836714739,-704.5802362517493,-100.02023853011941,776.5293337257513,-704.8322024256232,-100.00579546960847,nan,nan,nan,0.2886618436627438,0.289022943697723,nan,nan,nan,nan,5.4506554538672445,5.735549989372833,nan,0.006255598575698202,nan,nan,nan,-0.32995638357373386,nan,-0.04269742473737612,nan,-4.262949529948656e-15,nan,-2.557897577667862e-23,nan,0.0071701868550738,nan,0.06525809506010298,nan,0.0005579563948702952,nan
21,14,sqp_full,sqp_full,,10,0,82,33.12432690818206,778.6452791795032,-699.0687561589618,-100.02109204810634,776.6771974845374,-704.5805028691896,-100.0181522468936,776.5288873890436,-704.8461918571396,-100.00558176183308,nan,nan,nan,0.3042803357814257,0.3045398821795169,nan,nan,nan,nan,5.852580401478204,6.152875543784715,nan,0.007322379138425031,nan,nan,nan,-0.1671446313761395,nan,0.002257573724967292,nan,-1.6895323185550337e-15,nan,-1.2454518555615088e-23,nan,0.0014482892189360064,nan,0.03115878067764586,nan,-0.0007024818160358139,nan
22,0,sqp_full,sqp_full,,10,1,69,27.871801655656572,776.8519526686671,-704.0056570464156,-100.0177481868212,776.6081964176349,-704.6783216794396,-100.00922187156485,776.6090987355458,-704.6775970569912,-100.00931069870697,776.6090987355458,-704.6775970569912,-100.00931069870697,0.0011572619862868754,0.001160666001088707,0.0011572619862868754,0.001160666001088707,0.0,0.0,0.7154682511743923,0.71447981822081,0.71447981822081,0.06680243842087416,0.06788747349426193,1.0162234172071538,0.35063722169223194,0.09962238489314215,0.09962238489314215,-0.5000000006355501,-0.5000000006355501,7.391393490150708e-15,7.391393490150708e-15,-6.004447316635803e-23,-6.004447316635803e-23,-0.12005007284236051,-0.12005007284236051,0.0754981884570864,0.0754981884570864,-6.33419776231621e-05,-6.33419776231621e-05
22,1,sqp_full,sqp_full,,10,1,70,28.275842059697048,776.9899008618085,-703.6258954396883,-100.01800540692004,776.6140773886332,-704.6694283990129,-100.01098190232564,776.6154805630656,-704.6682664552703,-100.01407767748668,776.6154805630656,-704.6682664552703,-100.01407767748668,0.0018218155089560456,0.003592051725183224,0.0018218155089560456,0.003592051725183224,0.0,0.0,1.1091457614696976,1.107577489043606,1.107577489043606,0.010806200299297838,0.012268330679121057,1.1038507564794378,13.51845981481636,0.09962238350962097,0.09962238350962097,-0.018006557267524318,-0.018006557267524318,6.717137661841218e-15,6.717137661841218e-15,-6.161602831004179e-23,-6.161602831004179e-23,-0.0771313353594948,-0.0771313353594948,0.04179053873242653,0.04179053873242653,-6.973412036968093e-05,-6.973412036968093e-05
22,2,sqp_full,sqp_full,,10,1,71,28.679882463737382,777.1278490549496,-703.2461338329612,-100.0182626270189,776.6110383228138,-704.6688930944557,-100.01199282361378,776.611832600451,-704.6685882731739,-100.01469090979823,776.611832600451,-704.6685882731739,-100.01469090979823,0.0008507602357915096,0.002829039066094887,0.0008507602357915096,0.002829039066094887,0.0,0.0,1.5137163700704024,1.5131588204131758,1.5131588204131758,0.003247219406618502,0.0037131188869800424,1.0938527034994312,16.94150535333449,0.09962237917046791,0.09962237917046791,0.08506625748049845,0.08506625748049845,5.759858176423143e-15,5.759858176423143e-15,-6.223720845548763e-23,-6.223720845548763e-23,-0.03668225135531524,-0.03668225135531524,0.015902604435324263,0.015902604435324263,0.00033559829077738144,0.00033559829077738144
22,3,sqp_full,sqp_full,,10,1,72,29.083922867777858,777.2657972480908,-702.8663722262339,-100.01851984711776,776.6202794810224,-704.6663362413226,-100.01548378851274,776.6182691739417,-704.670820831978,-100.01584582453933,776.6182691739417,-704.670820831978,-100.01584582453933,0.004914558770127836,0.0049278756061398536,0.004914558770127836,0.0049278756061398536,0.0,0.0,1.9122143298320544,1.9171143360746243,1.9171143360746243,0.010204084422797029,0.006909965642073166,0.5551573394179841,34.934027040958185,0.170043615166674,0.170043615166674,0.13985224253585127,0.13985224253585127,5.439422457124069e-15,5.439422457124069e-15,-6.550680511355365e-23,-6.550680511355365e-23,-0.04560539469256165,-0.04560539469256165,-0.010229723459612702,-0.010229723459612702,-0.0007168193652675834,-0.0007168193652675834
22,4,sqp_full,sqp_full,,10,1,73,29.48796327181823,777.4037454412321,-702.4866106195068,-100.01877706721662,776.6282012032218,-704.6582457778876,-100.01530001441046,776.6205532438071,-704.6730233391883,-100.01641941410291,776.6205532438071,-704.6730233391883,-100.01641941410291,0.016639338965358172,0.016676949867273447,0.016639338965358172,0.016676949867273447,0.0,0.0,2.3059636003689716,2.322453573032698,2.322453573032698,0.01132444498058521,0.003224440749744021,0.0013182156447719671,89.73473914169791,0.3328553690686813,0.3328553690686813,0.2447823179279756,0.2447823179279756,4.10442821989488e-15,4.10442821989488e-15,-6.046164278155872e-23,-6.046164278155872e-23,-0.004864674159550788,-0.004864674159550788,-0.02509843283602281,-0.02509843283602281,-0.00030790469123949626,-0.00030790469123949626
22,5,sqp_full,sqp_full,,10,1,74,29.892003675858668,777.5416936343734,-702.1068490127795,-100.01903428731548,776.6238654683699,-704.6488646595902,-100.01430227293856,776.6084933864757,-704.6774220019452,-100.0172128497014,776.6084933864757,-704.6774220019452,-100.0172128497014,0.03243181623251531,0.0325621584240362,0.03243181623251531,0.0325621584240362,0.0,0.0,2.7026379874003483,2.7347226907501963,2.7347226907501963,0.010382652130394828,0.012861490308280977,0.09491999279355554,85.60536055941536,0.3328553695339044,0.3328553695339044,0.25283407249290224,0.25283407249290224,3.2449712207784615e-15,3.2449712207784615e-15,-5.607593050399995e-23,-5.607593050399995e-23,0.004523075129983714,0.004523075129983714,-0.02921854881073053,-0.02921854881073053,0.0009388463806752761,0.0009388463806752761
22,6,sqp_full,sqp_full,,10,1,74,29.892003675858668,777.5416936343734,-702.1068490127795,-100.01903428731548,776.639212742649,-704.6413463109975,-100.0165882016645,776.6134035263544,-704.688255231492,-100.01779654536048,776.6134035263544,-704.688255231492,-100.01779654536048,0.05354028826684174,0.05355392200562083,0.05354028826684174,0.05355392200562083,0.0,0.0,2.6903807006819465,2.743242714499258,2.743242714499258,0.017242095681669598,0.011908359948619628,-0.015999354708454032,91.327400715727,0.3328553666667298,0.3328553666667298,0.2608659142351722,0.2608659142351722,2.946098148395961e-15,2.946098148395961e-15,-5.136795747573155e-23,-5.136795747573155e-23,-0.0106340461887292,-0.0106340461887292,-0.03169072435554945,-0.03169072435554945,-0.0010548869654287995,-0.0010548869654287995
22,7,sqp_full,sqp_full,,10,1,75,30.296044079899143,777.6796418275146,-701.7270874060523,-100.01929150741434,776.6374514852776,-704.6320731055081,-100.01852109048566,776.5992976715855,-704.700684110477,-100.01816223643728,776.5992976715855,-704.700684110477,-100.01816223643728,0.07850594564800023,0.0785067658123477,0.07850594564800023,0.0785067658123477,0.0,0.0,3.086276498224881,3.1637668776026917,3.1637668776026917,0.009634854787254052,0.018803879959973294,-0.9663282941224545,119.67856050006968,0.33285537003249893,0.33285537003249893,0.2688780676552577,0.2688780676552577,3.24985111156478e-15,3.24985111156478e-15,-4.650852438947004e-23,-4.650852438947004e-23,-0.004431276251905188,-0.004431276251905188,-0.032664413132051484,-0.032664413132051484,0.0006760398414706912,0.0006760398414706912
22,8,sqp_full,sqp_full,,10,1,76,30.700084483939477,777.8175900206558,-701.3473257993252,-100.01954872751318,776.6493259249421,-704.6245503814588,-100.01920388394984,776.5966962922156,-704.7186409774079,-100.01810682953798,776.5966962922156,-704.7186409774079,-100.01810682953798,0.10780964004661578,0.10781522163110102,0.10780964004661578,0.10781522163110102,0.0,0.0,3.479230081364949,3.5855749226749736,3.5855749226749736,0.014073375621525844,0.018144401740559642,-0.8381924225582413,130.5513080404281,0.3328553694074688,0.3328553694074688,0.2768706747784618,0.2768706747784618,2.9155661667293753e-15,2.9155661667293753e-15,-3.987827024782269e-23,-3.987827024782269e-23,0.011171034865931025,0.011171034865931025,-0.03105143838568184,-0.03105143838568184,-0.0007332606952084188,-0.0007332606952084188
22,9,sqp_full,sqp_full,,10,1,77,31.104124887979953,777.955538213797,-700.9675641925978,-100.01980594761204,776.6449298403937,-704.6151871898693,-100.01851603009105,776.5760457109859,-704.7380604812337,-100.0176666988184,776.5760457109859,-704.7380604812337,-100.0176666988184,0.1408647188439496,0.14086727930430007,0.1408647188439496,0.14086727930430007,0.0,0.0,3.875931867133133,4.014927375174842,4.014927375174842,0.010366680231849185,0.028350614614390056,-0.8443819404632185,107.98430957105111,0.33285536697810547,0.33285536697810547,0.28484394144212044,0.28484394144212044,2.5384441381441905e-15,2.5384441381441905e-15,-3.3726037526869485e-23,-3.3726037526869485e-23,0.006275441936472762,0.006275441936472762,-0.029249657230527148,-0.029249657230527148,0.0009212353537585068,0.0009212353537585068
22,10,sqp_full,sqp_full,,10,0,78,31.50816529202033,778.0934864069383,-700.5878025858707,-100.0200631677109,776.6591561081798,-704.6089032545073,-100.01922538640744,776.5725466114297,-704.7631943848827,-100.01765863426576,nan,nan,nan,0.17693772305487404,0.1769446595750116,nan,nan,nan,nan,4.269256843204142,4.443777057506139,nan,0.015568484998255649,nan,nan,nan,0.33285536877087113,nan,0.2927980766561,nan,2.390003977156399e-15,nan,-2.6761077040290665e-23,nan,0.003114478009545408,nan,-0.024998947397503715,nan,-0.0010265259881287693,nan
22,11,sqp_full,sqp_full,,10,0,79,31.91220569606077,778.2314346000795,-700.2080409791434,-100.02032038780976,776.657653181059,-704.6010359901669,-100.01692954236766,776.5520112752066,-704.7894889744082,-100.01776627942178,nan,nan,nan,0.21604337421360736,0.21604499455090018,nan,nan,nan,nan,4.666389731015891,4.8795623202744665,nan,0.0083320788513879,nan,nan,nan,0.33285536978310754,nan,0.30073325767285797,nan,1.9058505823705683e-15,nan,-2.0908749645643528e-23,nan,-0.0005985505909542464,nan,-0.02104890330256115,nan,0.0005619684505627065,nan
22,12,sqp_full,sqp_full,,10,0,80,32.316246100101246,778.3693827932208,-699.8282793724162,-100.02057760790862,776.6679637264701,-704.5943540626153,-100.0190931123505,776.5419042065103,-704.8198714475371,-100.01764711351996,nan,nan,nan,0.2583584592663924,0.2583625057687784,nan,nan,nan,nan,5.0606614975967945,5.315606214656536,nan,0.012475437369094514,nan,nan,nan,0.33285536795484466,nan,0.30864967622329625,nan,1.2696768272219657e-15,nan,-1.4829099281942597e-23,nan,0.003965888767311631,nan,-0.016287175499461796,nan,-0.0006371584578175174,nan
22,13,sqp_full,sqp_full,,10,0,81,32.72028650414162,778.507330986362,-699.4485177656891,-100.02083482800748,776.6671691900357,-704.5899181053126,-100.01701103734533,776.5259324056354,-704.843477927452,-100.01757073497633,nan,nan,nan,0.29024198984825367,0.29024252950336543,nan,nan,nan,nan,5.460786837896165,5.7473068025566745,nan,0.004964276549956157,nan,nan,nan,0.22968650794492163,nan,0.23553082035229575,nan,7.703094919201158e-16,nan,-9.319923588337766e-24,nan,0.0008720808625046358,nan,-0.011020577794952153,nan,0.0003017012303973855,nan
22,14,sqp_full,sqp_full,,10,0,82,33.12432690818206,778.6452791795032,-699.0687561589618,-100.02109204810634,776.6723448388883,-704.5898421527638,-100.0188080072632,776.5227944778725,-704.858434411887,-100.01753447012794,nan,nan,nan,0.30742009065911835,0.307422728563936,nan,nan,nan,nan,5.863007800040422,6.166467025862682,nan,0.005479252752160529,nan,nan,nan,0.09823377993583247,nan,0.13665996937755812,nan,3.417776518977858e-16,nan,-4.455438072940605e-24,nan,0.0011497263689245589,nan,-0.005664133002200548,nan,-0.00047406029697523927,nan
23,0,sqp_full,sqp_full,,10,1,69,27.871801655656572,776.8519526686671,-704.0056570464156,-100.0177481868212,776.5961787250941,-704.6978493621275,-100.01278454964036,776.5970369753209,-704.6970883600344,-100.01779073277258,776.5970369753209,-704.6970883600344,-100.01779073277258,0.0011470473562557454,0.0051359115248368475,0.0011470473562557454,0.0051359115248368475,0.0,0.0,0.7379366586242645,0.7369255540194246,0.7369255540194246,0.04523392241940103,0.04603654285855925,1.011455397209721,6.372524406209659,0.5000000558401506,0.5000000558401506,-0.16652536492168676,-0.16652536492168676,-2.8240484327470397e-13,-2.8240484327470397e-13,5.15703746681413e-23,5.15703746681413e-23,0.014821384203964946,0.014821384203964946,0.32196779429436556,0.32196779429436556,0.00032811481134197983,0.00032811481134197983
23,1,sqp_full,sqp_full,,10,1,70,28.275842059697048,776.9899008618085,-703.6258954396883,-100.01800540692004,776.6125258885049,-704.6725690216928,-100.01424750860082,776.6144732615955,-704.6706189406384,-100.0179669452902,776.6144732615955,-704.6706189406384,-100.0179669452902,0.002755916920486232,0.004629177827532241,0.002755916920486232,0.004629177827532241,0.0,0.0,1.1126263783236923,1.1101320085642736,1.1101320085642736,0.030140763311495306,0.031696771019550436,1.0506149407052372,2.5110179525919833,-0.027047338538467205,-0.027047338538467205,-0.19926747402717862,-0.19926747402717862,-5.844780610754503e-13,-5.844780610754503e-13,4.116348514429887e-23,4.116348514429887e-23,-0.004653902731113337,-0.004653902731113337,0.3642180391158992,0.3642180391158992,-0.00015786872700630677,-0.00015786872700630677
23,2,sqp_full,sqp_full,,10,1,71,28.679882463737382,777.1278490549496,-703.2461338329612,-100.0182626270189,776.6244791720922,-704.6477617443715,-100.01854545118752,776.624622066158,-704.6502242265988,-100.01793444025546,776.624622066158,-704.6502242265988,-100.01793444025546,0.002466624704633719,0.0025411752778201372,0.002466624704633719,0.0025411752778201372,0.0,0.0,1.4892756766335231,1.4915452509908789,1.4915452509908789,0.027870312289049664,0.022780334751361972,0.8073455860879425,8.982255437846295,-0.16714428245564436,-0.16714428245564436,-0.19135144008173638,-0.19135144008173638,-6.00602057328666e-13,-6.00602057328666e-13,-1.0216623578488109e-23,-1.0216623578488109e-23,-0.0064097428828508345,-0.0064097428828508345,0.41237223954777597,0.41237223954777597,0.00019380982925748893,0.00019380982925748893
23,3,sqp_full,sqp_full,,10,1,72,29.083922867777858,777.2657972480908,-702.8663722262339,-100.01851984711776,776.6250337834238,-704.6432691182265,-100.01617700097242,776.6207484999258,-704.653130610716,-100.01665042864228,776.6207484999258,-704.653130610716,-100.01665042864228,0.010752334108371776,0.010762751624777137,0.010752334108371776,0.010762751624777137,0.0,0.0,1.8888992515285328,1.8996298092065858,1.8996298092065858,0.005108898103226135,0.0050100169475995535,-0.46605793133818635,118.37604373618126,-0.2703135237964774,-0.2703135237964774,-0.061695890140221823,-0.061695890140221823,-7.003343928618971e-13,-7.003343928618971e-13,1.2978218234904397e-23,1.2978218234904397e-23,0.03434978197412866,0.03434978197412866,0.3924621108126054,0.3924621108126054,0.00017400392544231712,0.00017400392544231712
23,4,sqp_full,sqp_full,,10,1,73,29.48796327181823,777.4037454412321,-702.4866106195068,-100.01877706721662,776.6395224019205,-704.6349764634241,-100.01705875273744,776.6261331712888,-704.6605645536226,-100.01601215156309,776.6261331712888,-704.6605645536226,-100.01601215156309,0.028879436575514773,0.028898394954345357,0.028879436575514773,0.028898394954345357,0.0,0.0,2.2802439898232687,2.3088431194050654,2.3088431194050654,0.01671722691698508,0.009201390680474786,0.05655980748586594,84.10194782659762,-0.40176624708712344,-0.40176624708712344,-0.10523723797587375,-0.10523723797587375,-5.734875880497657e-13,-5.734875880497657e-13,-1.447131054640061e-23,-1.447131054640061e-23,0.0076639854006489835,0.0076639854006489835,0.38884060776173796,0.38884060776173796,-0.000985995786179695,-0.000985995786179695
23,5,sqp_full,sqp_full,,10,1,74,29.892003675858668,777.5416936343734,-702.1068490127795,-100.01903428731548,776.6287781450159,-704.6240725328457,-100.01792849103035,776.6045059444937,-704.668473458718,-100.01535800963138,776.6045059444937,-704.668473458718,-100.01535800963138,0.05060219300096412,0.050667438371495274,0.05060219300096412,0.050667438371495274,0.0,0.0,2.6776536259724417,2.727680437311498,2.727680437311498,0.015332684148258393,0.023037265903718133,0.6191698985239713,65.66350775994616,-0.40176619637970973,-0.40176619637970973,-0.09864177263149979,-0.09864177263149979,-3.098229628229183e-13,-3.098229628229183e-13,2.0057257607812916e-23,2.0057257607812916e-23,0.010256412276529766,0.010256412276529766,0.3649195131408355,0.3649195131408355,0.0015720855973421083,0.0015720855973421083
23,6,sqp_full,sqp_full,,10,1,74,29.892003675858668,777.5416936343734,-702.1068490127795,-100.01903428731548,776.6508962567385,-704.6169264482005,-100.01747339259089,776.6133156972153,-704.6842614349489,-100.01464405847565,776.6133156972153,-704.6842614349489,-100.01464405847565,0.07711224866704781,0.07716413691621407,0.07711224866704781,0.07716413691621407,0.0,0.0,2.66345803417484,2.7395146263808763,2.7395146263808763,0.023248322660454228,0.018093691241208108,0.15237772310717523,78.70924367766905,-0.4017662321100339,-0.4017662321100339,-0.0922033629200102,-0.0922033629200102,-2.1897447208927942e-13,-2.1897447208927942e-13,3.078965195945219e-23,3.078965195945219e-23,0.016726455113282076,0.016726455113282076,0.3347533956788838,0.3347533956788838,-0.0017851485098108234,-0.0017851485098108234
23,7,sqp_full,sqp_full,,10,1,75,30.296044079899143,777.6796418275146,-701.7270874060523,-100.01929150741434,776.6430985649712,-704.6069832063573,-100.01725645778299,776.5911639385756,-704.6992157483124,-100.01405859645992,776.5911639385756,-704.6992157483124,-100.01405859645992,0.1058491720059489,0.10589746706785105,0.1058491720059489,0.10589746706785105,0.0,0.0,3.0607550956812304,3.1651747183330867,3.1651747183330867,0.01263800284709014,0.02673339979826863,0.15129834991244856,85.89841163109493,-0.40176620922073325,-0.40176620922073325,-0.0859160852842131,-0.0859160852842131,-1.3332579218931854e-13,-1.3332579218931854e-13,3.4543599352684513e-23,3.4543599352684513e-23,0.016759012830234732,0.016759012830234732,0.301808999663805,0.301808999663805,0.001233498450795633,0.001233498450795633
23,8,sqp_full,sqp_full,,10,1,76,30.700084483939477,777.8175900206558,-701.3473257993252,-100.01954872751318,776.6614043017703,-704.598605576346,-100.01951523701315,776.5926607232875,-704.7201733303293,-100.01364582181087,776.5926607232875,-704.7201733303293,-100.01364582181087,0.13965814831643322,0.13978143090550915,0.13965814831643322,0.13978143090550915,0.0,0.0,3.4507369654929665,3.5883913179797244,3.5883913179797244,0.0202580050344777,0.021015018234123398,-0.3633340534532202,110.50235359747131,-0.4017662229440788,-0.4017662229440788,-0.07977656888628748,-0.07977656888628748,-9.382664395277957e-14,-9.382664395277957e-14,2.1811340299326868e-23,2.1811340299326868e-23,0.00020448584000085708,0.00020448584000085708,0.2784736602131738,0.2784736602131738,-0.00135778431995627,-0.00135778431995627
23,9,sqp_full,sqp_full,,10,1,77,31.104124887979953,777.955538213797,-700.9675641925978,-100.01980594761204,776.6549015442303,-704.5879908538295,-100.02215146587591,776.5685959401684,-704.7405113745433,-100.01283816081705,776.5685959401684,-704.7405113745433,-100.01283816081705,0.1752460171624179,0.17549331663174433,0.1752460171624179,0.17549331663174433,0.0,0.0,3.846965681622166,4.019793440977812,4.019793440977812,0.012724303216474598,0.031518282714966546,-0.3799964554737163,98.82453858993489,-0.4017662199785914,-0.4017662199785914,-0.07377977733259887,-0.07377977733259887,-6.576445332516949e-14,-6.576445332516949e-14,1.948839958237569e-23,1.948839958237569e-23,-0.005099456898537822,-0.005099456898537822,0.23786065284602712,0.23786065284602712,0.001138496220139812,0.001138496220139812
23,10,sqp_full,sqp_full,,10,0,78,31.50816529202033,778.0934864069383,-700.5878025858707,-100.0200631677109,776.6710937805095,-704.5818073472151,-100.01985290265416,776.5673877150965,-704.7653046901102,-100.0129843013151,nan,nan,nan,0.2107752899487432,0.21088717490006792,nan,nan,nan,nan,4.239725795067491,4.4475275207879195,nan,0.017484497781111365,nan,nan,nan,-0.40176621995087547,nan,-0.06792186439901467,nan,-4.139925433851773e-14,nan,2.650262875232985e-23,nan,0.010787451757993567,nan,0.18187232330548672,nan,-0.0012700631073642404,nan
23,11,sqp_full,sqp_full,,10,0,79,31.91220569606077,778.2314346000795,-700.2080409791434,-100.02032038780976,776.6638954829638,-704.5735338907957,-100.01790662539138,776.542352326503,-704.7891871141957,-100.01301004651224,nan,nan,nan,0.24754605964401316,0.24759448323821145,nan,nan,nan,nan,4.638394899679599,4.882611886850574,nan,0.011137933554470998,nan,nan,nan,-0.40176622112388705,nan,-0.06219871646809157,nan,-2.5438185968530015e-14,nan,2.154208815938805e-23,nan,-0.00038442022263539613,nan,0.1420768669595778,nan,0.0010829937040513198,nan
23,12,sqp_full,sqp_full,,10,0,80,32.316246100101246,778.3693827932208,-699.8282793724162,-100.02057760790862,776.6799374723943,-704.5671072118032,-100.01669246910777,776.5396334133708,-704.816955157577,-100.0128209530386,nan,nan,nan,0.2865470728971183,0.28657322558567877,nan,nan,nan,nan,5.030975529995281,5.313649299917293,nan,0.017324023875604045,nan,nan,nan,-0.40176621542619706,nan,-0.0566063314025677,nan,-1.5238892402688912e-14,nan,1.5874372108121818e-23,nan,-0.006598320003257081,nan,0.10593874082319865,nan,-0.0012433527965582142,nan
23,13,sqp_full,sqp_full,,10,0,81,32.72028650414162,778.507330986362,-699.4485177656891,-100.02083482800748,776.6773627955948,-704.5608399759845,-100.0155717270014,776.5210968129958,-704.8402009341155,-100.01277356606381,nan,nan,nan,0.32009623903681883,0.32010846903846335,nan,nan,nan,nan,5.42997439783098,5.745900589127944,nan,0.006867551841597284,nan,nan,nan,-0.34559063731085743,nan,-0.03823173850283769,nan,-8.252350037076317e-15,nan,1.01577436145549e-23,nan,-0.0061752944627389145,nan,0.0676063390394114,nan,0.0005418358312922538,nan
23,14,sqp_full,sqp_full,,10,0,82,33.12432690818206,778.6452791795032,-699.0687561589618,-100.02109204810634,776.6843075333987,-704.5604970117146,-100.01501539740242,776.5200442069822,-704.8547782162049,-100.01142814858589,nan,nan,nan,0.33702205821245257,0.3370411489356001,nan,nan,nan,nan,5.831348676817286,6.163982068057157,nan,0.006975421871015094,nan,nan,nan,-0.1751482695041398,nan,0.004447786256956534,nan,-2.8966111790591474e-15,nan,3.8882350081180935e-24,nan,-0.004051526877881957,nan,0.03243633646724195,nan,-0.0006612396699986187,nan
24,0,sqp_full,sqp_full,,10,1,69,27.871801655656572,776.8519526686671,-704.0056570464156,-100.0177481868212,776.590612954982,-704.7181911488118,-100.01369711748843,776.5906265411833,-704.7180173641946,-100.01311534084176,776.5906265411833,-704.7180173641946,-100.01311534084176,0.00017431488191948022,0.0006073300129758261,0.00017431488191948022,0.0006073300129758261,0.0,0.0,0.7589488079091057,0.7587809744925736,0.7587809744925736,0.031363660892347885,0.03148657986209319,1.0037393476010095,1.0844149422952127,0.09823378000630598,0.09823378000630598,-0.16596817423618423,-0.16596817423618423,8.06382167732555e-15,8.06382167732555e-15,-6.755503866499648e-23,-6.755503866499648e-23,-0.0032211882454134598,-0.0032211882454134598,0.06005299067324061,0.06005299067324061,-0.0008613498048419817,-0.0008613498048419817
24,1,sqp_full,sqp_full,,10,1,70,28.275842059697048,776.9899008618085,-703.6258954396883,-100.01800540692004,776.6191013398644,-704.6611076867653,-100.02139614550128,776.618436448815,-704.6645162991584,-100.01418322226972,776.618436448815,-704.6645162991584,-100.01418322226972,0.003472854525336194,0.008005434410363261,0.003472854525336194,0.008005434410363261,0.0,0.0,1.0996166068098114,1.1030499081396188,1.1030499081396188,0.06426028901877842,0.060306677020365636,0.9334337328358985,5.941447435768131,0.09823377883233646,0.09823377883233646,-0.4448324571064202,-0.4448324571064202,7.857436862991782e-15,7.857436862991782e-15,-8.015887226942788e-23,-8.015887226942788e-23,-0.02080714446601606,-0.02080714446601606,0.03304268458338639,0.03304268458338639,0.0003678761847635805,0.0003678761847635805
24,2,sqp_full,sqp_full,,10,1,71,28.679882463737382,777.1278490549496,-703.2461338329612,-100.0182626270189,776.6176099858538,-704.660580781818,-100.0206759958492,776.6163936493666,-704.664625849483,-100.0144268724543,776.6163936493666,-704.664625849483,-100.0144268724543,0.004223984713988587,0.007542783973358992,0.004223984713988587,0.007542783973358992,0.0,0.0,1.5036635523820228,1.507881372269065,1.507881372269065,0.001737924374019519,0.002060193260921163,0.9314552785444891,38.20981371192655,0.09823378464735569,0.09823378464735569,0.08132084622889477,0.08132084622889477,6.8606681760969725e-15,6.8606681760969725e-15,-6.98265323988336e-23,-6.98265323988336e-23,0.0011393752238694989,0.0011393752238694989,0.002391633278942102,0.002391633278942102,0.000199537332207482,0.000199537332207482
24,3,sqp_full,sqp_full,,10,1,72,29.083922867777858,777.2657972480908,-702.8663722262339,-100.01851984711776,776.6200033299942,-704.6585961975234,-100.02081118445783,776.6168351342667,-704.6657165595068,-100.01546973544671,776.6168351342667,-704.6657165595068,-100.01546973544671,0.007793395854418786,0.009448179532692067,0.007793395854418786,0.009448179532692067,0.0,0.0,1.9050240281726059,1.9127968671190274,1.9127968671190274,0.0031120647417924425,0.0015722978388641598,-0.09984540876057904,101.39811033484258,0.15440936250255402,0.15440936250255402,0.1269791482640307,0.1269791482640307,5.685584969541827e-15,5.685584969541827e-15,-6.927829611344616e-23,-6.927829611344616e-23,-0.015247753501527527,-0.015247753501527527,-0.020795049191631807,-0.020795049191631807,-8.59775752539676e-05,-8.59775752539676e-05
24,4,sqp_full,sqp_full,,10,1,73,29.48796327181823,777.4037454412321,-702.4866106195068,-100.01877706721662,776.6310446434798,-704.6518649729993,-100.01685603161907,776.6233549484452,-704.6671762188967,-100.01550476145725,776.6233549484452,-704.6671762188967,-100.01550476145725,0.01713375792561679,0.01718695993199093,0.01713375792561679,0.01718695993199093,0.0,0.0,2.298998246664235,2.316004243190095,2.316004243190095,0.013522692818259156,0.00668130296262258,0.33917965322669064,46.64739951177041,0.32485173084766256,0.32485173084766256,0.2353514434634279,0.2353514434634279,4.324369387899458e-15,4.324369387899458e-15,-6.307161890801739e-23,-6.307161890801739e-23,0.003954878288246748,0.003954878288246748,-0.032075739436431085,-0.032075739436431085,-0.0006725912786467426,-0.0006725912786467426
24,5,sqp_full,sqp_full,,10,1,74,29.892003675858668,777.5416936343734,-702.1068490127795,-100.01903428731548,776.6272990600089,-704.643505039761,-100.01544946490493,776.6132274416606,-704.6703561013766,-100.01514225942343,776.6132274416606,-704.6703561013766,-100.01514225942343,0.030314847069139957,0.030316403613113573,0.030314847069139957,0.030316403613113573,0.0,0.0,2.6964312038040212,2.7264662228418293,2.7264662228418293,0.009268026176465802,0.010621179500571417,0.1380699610916564,83.08021452321834,0.3248517307891711,0.3248517307891711,0.24350150022830544,0.24350150022830544,3.226155801918262e-15,3.226155801918262e-15,-5.859448496697788e-23,-5.859448496697788e-23,0.003210094178477093,0.003210094178477093,-0.035391246457435736,-0.035391246457435736,0.000822057518305774,0.000822057518305774
24,6,sqp_full,sqp_full,,10,1,74,29.892003675858668,777.5416936343734,-702.1068490127795,-100.01903428731548,776.641068902276,-704.6361800379784,-100.01559555592739,776.6176589984651,-704.6795676745769,-100.01617581499764,776.6176589984651,-704.6795676745769,-100.01617581499764,0.049300208985698604,0.04930362366623944,0.049300208985698604,0.04930362366623944,0.0,0.0,2.6848911231369033,2.733627868075442,2.733627868075442,0.015597613591743553,0.010274240296183741,-0.0259035472220225,92.25373220217128,0.3248517294733071,0.3248517294733071,0.2516262557930501,0.2516262557930501,3.204066969509189e-15,3.204066969509189e-15,-5.645196700047307e-23,-5.645196700047307e-23,-0.022050146268702116,-0.022050146268702116,-0.03811282772809131,-0.03811282772809131,-0.0009182861610957505,-0.0009182861610957505
24,7,sqp_full,sqp_full,,10,1,75,30.296044079899143,777.6796418275146,-701.7270874060523,-100.01929150741434,776.6357631238508,-704.6269765166805,-100.01428477570836,776.6014075002419,-704.6899627137933,-100.01679012575924,776.6014075002419,-704.6899627137933,-100.01679012575924,0.07174656716732639,0.07179029655303777,0.07174656716732639,0.07179029655303777,0.0,0.0,3.0820512004025873,3.1529699259160546,3.1529699259160546,0.010703935433363005,0.01930143550420882,-0.08945591194304463,92.84356952078733,0.3248517306522693,0.3248517306522693,0.25972596069950754,0.25972596069950754,2.7522007245268553e-15,2.7522007245268553e-15,-5.077871409804977e-23,-5.077871409804977e-23,-0.01574941370119725,-0.01574941370119725,-0.038324930275469384,-0.038324930275469384,0.0009951533721685882,0.0009951533721685882
24,8,sqp_full,sqp_full,,10,1,76,30.700084483939477,777.8175900206558,-701.3473257993252,-100.01954872751318,776.651377350437,-704.6197481398345,-100.01593059357957,776.603295103594,-704.7066591120981,-100.01722350663574,776.603295103594,-704.7066591120981,-100.01722350663574,0.09932481845576373,0.0993332330362869,0.09932481845576373,0.0993332330362869,0.0,0.0,3.474017842044537,3.57206277267186,3.57206277267186,0.017284739517249004,0.01680834857290347,-0.3029202501802093,108.14999882679543,0.3248517309243832,0.3248517309243832,0.26780083660366866,0.26780083660366866,2.406139248575331e-15,2.406139248575331e-15,-4.470529660655875e-23,-4.470529660655875e-23,-0.008919269594593406,-0.008919269594593406,-0.03657373018298301,-0.03657373018298301,-0.0010975928235802323,-0.0010975928235802323
24,9,sqp_full,sqp_full,,10,1,77,31.104124887979953,777.955538213797,-700.9675641925978,-100.01980594761204,776.6469981587604,-704.610681472496,-100.01654211903721,776.5838069541232,-704.7243116159675,-100.01736562581391,776.5838069541232,-704.7243116159675,-100.01736562581391,0.13001899033928713,0.1300215982529784,0.13001899033928713,0.1300215982529784,0.0,0.0,3.8709921971928405,3.9993496786053395,3.9993496786053395,0.010087405005813541,0.026294848554692534,-0.733325992314679,106.33920543751941,0.32485173060149364,0.32485173060149364,0.2758511303246944,0.2758511303246944,2.0150712429287e-15,2.0150712429287e-15,-3.7957217433269153e-23,-3.7957217433269153e-23,-0.004147317870610689,-0.004147317870610689,-0.033849336406909535,-0.033849336406909535,0.0009019697665248235,0.0009019697665248235
24,10,sqp_full,sqp_full,,10,0,78,31.50816529202033,778.0934864069383,-700.5878025858707,-100.0200631677109,776.6612869733742,-704.6037600549014,-100.01661615879244,776.5810321516907,-704.7476000021986,-100.01747534896022,nan,nan,nan,0.16471419745092244,0.16471643831034555,nan,nan,nan,nan,4.263696707150372,4.426221008840915,nan,0.01587708179957026,nan,nan,nan,0.32485173116465416,nan,0.28387709178454046,nan,1.690640825747406e-15,nan,-3.104860026671327e-23,nan,-0.00273804889785275,nan,-0.029576328312989817,nan,-0.001003985421395727,nan
24,11,sqp_full,sqp_full,,10,0,79,31.91220569606077,778.2314346000795,-700.2080409791434,-100.02032038780976,776.6589582915396,-704.5950510017942,-100.01687260686323,776.5602605187665,-704.7718901309645,-100.01761872554194,nan,nan,nan,0.2025174756806912,0.20251885010823573,nan,nan,nan,nan,4.660315298320184,4.860199778880479,nan,0.009018654596135899,nan,nan,nan,0.3248517298149123,nan,0.2918789557484,nan,1.307970138187022e-15,nan,-2.3950225641167e-23,nan,-0.0006366774910727175,nan,-0.02461832633987338,nan,0.0006812547644397853,nan
24,12,sqp_full,sqp_full,,10,0,80,32.316246100101246,778.3693827932208,-699.8282793724162,-100.02057760790862,776.6704805697238,-704.5879917289743,-100.01687673300151,776.5520293586015,-704.8005775476499,-100.01770141586682,nan,nan,nan,0.24335862367768837,0.24336002099795911,nan,nan,nan,nan,5.053823352885907,5.29400818376347,nan,0.013512817778877336,nan,nan,nan,0.3248517289582213,nan,0.29985697834661196,nan,9.298280913299736e-16,nan,-1.687111665889328e-23,nan,0.00021937574569858996,nan,-0.018550909244263298,nan,-0.0007419617349234068,nan
24,13,sqp_full,sqp_full,,10,0,81,32.72028650414162,778.507330986362,-699.4485177656891,-100.02083482800748,776.6698514226168,-704.5825793441503,-100.01837317067516,776.5354586755545,-704.8240845034093,-100.01754530948966,nan,nan,nan,0.2763804486784012,0.27638168855012235,nan,nan,nan,nan,5.452973449285522,5.725818558233697,nan,0.005650580614203205,nan,nan,nan,0.23982039664049376,nan,0.24181516272784212,nan,6.290087571269215e-16,nan,-1.069035623544806e-23,nan,0.0014050108727121915,nan,-0.012446642790515746,nan,0.0003514598872232345,nan
24,14,sqp_full,sqp_full,,10,0,82,33.12432690818206,778.6452791795032,-699.0687561589618,-100.02109204810634,776.6751738514683,-704.5833454511486,-100.01752655037814,776.5332407022231,-704.8387008318091,-100.0175701716245,nan,nan,nan,0.2921496008673081,0.2921496041238813,nan,nan,nan,nan,5.855938017521464,6.144344396046726,nan,0.00544352227330982,nan,nan,nan,0.09505469090562833,nan,0.13402138124982396,nan,3.066364052051018e-16,nan,-4.738104883950827e-24,nan,0.000992267968014198,nan,-0.006012708320789837,nan,-0.0005534528988118509,nan
0,0,sqp_full,sqp_full,,10,1,34,13.737373737374261,784.3954538531256,-709.9360621727807,-100.00874548336117,784.7332900182093,-709.9357979369736,-100.00150946953872,784.733290100677,-709.9358107375302,-100.00151351813669,784.733290100677,-709.9358107375302,-100.00151351813669,1.2800822260648177e-05,1.3425803368051017e-05,1.2800822260648177e-05,1.3425803368051017e-05,0.0,0.0,0.3378362684186875,0.3378363411169101,0.3378363411169101,0.3996247692391958,0.3996249738133647,1.0000005113514225,0.0019246870235046691,-0.32777308552981765,-0.32777308552981765,-0.0278975127801821,-0.0278975127801821,0.0,0.0,0.0,0.0,-0.08091807252213086,-0.08091807252213086,-0.00037628382050850965,-0.00037628382050850965,0.03995354592341058,0.03995354592341058
0,1,sqp_full,sqp_full,,10,1,35,14.141414141414698,783.9914136128365,-709.9363193927978,-100.00900270346003,784.3331118405255,-709.9361325064256,-100.00289515477407,784.3331118647288,-709.9361064078805,-100.00290434953811,784.3331118647288,-709.9361064078805,-100.00290434953811,2.609855621475271e-05,2.767089305355783e-05,2.609855621475271e-05,2.767089305355783e-05,0.0,0.0,0.3416982787961747,0.34169831827045505,0.34169831827045505,0.4001807166202462,0.40018076210563963,1.0000001088551502,0.005617897935903032,-0.08343266459648926,-0.08343266459648926,0.0006075467641153912,0.0006075467641153912,0.0,0.0,0.0,0.0,-0.06557057182397456,-0.06557057182397456,-0.0005366156404835375,-0.0005366156404835375,0.04001786510215636,0.04001786510215636
0,2,sqp_full,sqp_full,,10,1,36,14.545454545455133,783.5873733725475,-709.9365766128149,-100.00925992355889,783.9329804413065,-709.9363826615646,-100.00419606119294,783.9329803983316,-709.9363034245531,-100.00420809192211,783.9329803983316,-709.9363034245531,-100.00420809192211,7.923702316163366e-05,8.014514510379373e-05,7.923702316163366e-05,8.014514510379373e-05,0.0,0.0,0.34560712318083175,0.34560713375619667,0.34560713375619667,0.4001335921613977,0.4001336388770765,1.0000001079069198,0.007619814717463779,-0.04364205134716458,-0.04364205134716458,0.00101484536077258,0.00101484536077258,0.0,0.0,0.0,0.0,-0.0532805456407285,-0.0532805456407285,-0.000324376844863782,-0.000324376844863782,0.04001319255334226,0.04001319255334226
0,3,sqp_full,sqp_full,,10,1,37,14.94949494949557,783.1833331322584,-709.9368338328319,-100.00951714365775,783.5328907027094,-709.9366341334428,-100.00539115620624,783.5328905679357,-709.9364940911574,-100.00540811031563,783.5328905679357,-709.9364940911574,-100.00540811031563,0.00014004235017540996,0.0001410648846011338,0.00014004235017540996,0.0001410648846011338,0.0,0.0,0.3495576274943871,0.3495576007780615,0.3495576007780615,0.4000916025372989,0.4000916754746133,1.0000001706770998,0.008736220268451509,-0.02758638596428817,-0.02758638596428817,0.0010070059105145698,0.0010070059105145698,0.0,0.0,0.0,0.0,-0.04206142185361379,-0.04206142185361379,-0.00022817848201297947,-0.00022817848201297947,0.04000903607777504,0.04000903607777504
0,4,sqp_full,sqp_full,,10,1,38,15.353535353536007,782.7792928919694,-709.937091052849,-100.0097743637566,783.1328327960006,-709.9368830261874,-100.00645855912447,783.1328325504795,-709.9366787760368,-100.0064885451882,783.1328325504795,-709.9366787760368,-100.0064885451882,0.00020425029813610234,0.00020643969653992304,0.00020425029813610234,0.00020643969653992304,0.0,0.0,0.35353996523374837,0.35353989889635196,0.35353989889635196,0.4000594081095039,0.40005951904564835,1.0000002638891548,0.009383228977494598,-0.017281967438352943,-0.017281967438352943,0.0009742549535004788,0.0009742549535004788,0.0,0.0,0.0,0.0,-0.03185242814594074,-0.03185242814594074,-0.00016421294406559277,-0.00016421294406559277,0.040005857286364514,0.040005857286364514
0,5,sqp_full,sqp_full,,10,1,39,15.757575757576442,782.3752526516803,-709.9373482728662,-100.01003158385546,782.7327952845087,-709.9371207310978,-100.00737934307496,782.7327949243877,-709.9368521233845,-100.00743755966299,782.7327949243877,-709.9368521233845,-100.00743755966299,0.0002686079547000684,0.000274844327664112,0.0002686079547000684,0.000274844327664112,0.0,0.0,0.35754270523269344,0.3575426169523307,0.3575426169523307,0.400038641817656,0.40003878932786263,1.0000003533089707,0.010065457480424343,-0.010734044658097464,-0.010734044658097464,0.0009424956768145413,0.0009424956768145413,0.0,0.0,0.0,0.0,-0.022741644255583213,-0.022741644255583213,-0.00012241917461366616,-0.00012241917461366616,0.04000381607713654,0.04000381607713654
0,6,sqp_full,sqp_full,,10,1,40,16.161616161616767,781.9712124113913,-709.9376054928832,-100.01028880395431,782.332788795183,-709.9373856955453,-100.0082860412811,782.3327880775845,-709.9368623657309,-100.00825890598645,782.3327880775845,-709.9368623657309,-100.00825890598645,0.0005233303063636647,0.0005240333326933358,0.0005233303063636647,0.0005240333326933358,0.0,0.0,0.3615764505975311,0.36157642984717814,0.36157642984717814,0.40000760469079366,0.4000076901812271,0.9999999882043046,0.03847936743845749,-0.006639702027920851,-0.006639702027920851,0.00125267123153603,0.00125267123153603,0.0,0.0,0.0,0.0,-0.015184002549243573,-0.015184002549243573,-0.00011611890975374958,-0.00011611890975374958,0.04000072169243863,0.04000072169243863
0,7,sqp_full,sqp_full,,10,1,41,16.5656565656572,781.5671721711022,-709.9378627129003,-100.01054602405317,781.9327884852016,-709.9376376280782,-100.00908714837963,781.9327874036447,-709.9368521827619,-100.00897319603955,781.9327874036447,-709.9368521827619,-100.00897319603955,0.0007854460609932565,0.0007936691064557056,0.0007854460609932565,0.0007936691064557056,0.0,0.0,0.36561638338398733,0.3656166290504377,0.3656166290504377,0.4000011915329058,0.40000131183074245,1.0000000624893222,0.039551049696974885,-0.004095450161178408,-0.004095450161178408,0.0011937193085810331,0.0011937193085810331,0.0,0.0,0.0,0.0,-0.009518101579569034,-0.009518101579569034,-9.662434851363054e-05,-9.662434851363054e-05,0.040000098712483084,0.040000098712483084
0,8,sqp_full,sqp_full,,10,1,42,16.969696969697633,781.1631319308132,-709.9381199329173,-100.01080324415203,781.5327958565543,-709.9378904562136,-100.00978836728308,781.5327944149324,-709.9368378892758,-100.00958966456011,781.5327944149324,-709.9368378892758,-100.00958966456011,0.0010525679249605948,0.0010711591892765182,0.0010525679249605948,0.0010711591892765182,0.0,0.0,0.36966399696736785,0.3696647072700654,0.3696647072700654,0.39999332319703373,0.39999346401751895,1.0000001066217157,0.04014265944777275,-0.0025378356231476316,-0.0025378356231476316,0.001102227109033296,0.001102227109033296,0.0,0.0,0.0,0.0,-0.005016707379721282,-0.005016707379721282,-8.115373694277024e-05,-8.115373694277024e-05,0.039999325029090566,0.039999325029090566
0,9,sqp_full,sqp_full,,10,1,43,17.37373737373807,780.7590916905242,-709.9383771529344,-100.01106046425089,781.1328074507727,-709.9381439143817,-100.01040173308142,781.1328056653966,-709.9368217574997,-100.01012259737162,781.1328056653966,-709.9368217574997,-100.01012259737162,0.001322158087419443,0.0013513026132661566,0.001322158087419443,0.0013513026132661566,0.0,0.0,0.37371583303146105,0.37371721163196653,0.37371721163196653,0.39998895637047993,0.3999891048925857,1.000000123963422,0.040299100660717985,-0.0015920234997356046,-0.0015920234997356046,0.00101388110081645,0.00101388110081645,0.0,0.0,0.0,0.0,-0.0016346396454652273,-0.0016346396454652273,-6.97005274981687e-05,-6.97005274981687e-05,0.039998896212266453,0.039998896212266453
0,10,sqp_full,sqp_full,,10,0,44,17.777777777778503,780.3550514502351,-709.9386343729515,-100.01131768434975,780.7328191187577,-709.9383873572777,-100.01089571702782,780.7328170348134,-709.9368064443603,-100.01052883143971,nan,nan,nan,0.001580914290982072,0.0016229279189786314,nan,nan,nan,nan,0.37776774928220597,0.3777700070342809,nan,0.3999887111316522,nan,nan,nan,-0.0010233486684814315,nan,0.0009287848942390776,nan,0.0,nan,0.0,nan,0.0026047672418859,nan,-6.094862733405755e-05,nan,0.039998875657094264,nan
0,11,sqp_full,sqp_full,,10,0,45,18.181818181818937,779.951011209946,-709.9388915929685,-100.01157490444861,780.3328410747876,-709.9386537294029,-100.01153946012144,780.3328383863527,-709.9365789629081,-100.01095896450903,nan,nan,nan,0.0020747682365249353,0.002154446191326824,nan,nan,nan,nan,0.3818299389308491,0.38183417984838,nan,0.39997865070212685,nan,nan,nan,-0.0006206516331515474,nan,0.0012317005489263717,nan,0.0,nan,0.0,nan,0.0018018453630869226,nan,-7.716248951138185e-05,nan,0.03999786574436234,nan
0,12,sqp_full,sqp_full,,10,0,46,18.58585858585937,779.546970969657,-709.9391488129856,-100.01183212454747,779.9328647303532,-709.938908206685,-100.01216402147121,779.9328614698514,-709.9363387267928,-100.01137105721006,nan,nan,nan,0.002569481960981325,0.0026890574310077294,nan,nan,nan,nan,0.3858938357057971,0.3859007316975804,nan,0.3999769130119068,nan,nan,nan,-0.0004041457455282644,nan,0.0011521633467574276,nan,0.0,nan,0.0,nan,0.0022771005596008997,nan,-7.10542012708452e-05,nan,0.03999769190979998,nan
0,13,sqp_full,sqp_full,,10,0,47,18.989898989899697,779.142930729368,-709.9394060330028,-100.01208934464633,779.5329228987237,-709.9391631456319,-100.0127945401331,779.532919082866,-709.9361002030622,-100.01178656015146,nan,nan,nan,0.0030629449467221743,0.003224539562488793,nan,nan,nan,nan,0.38999224499084334,0.39000236457704945,nan,0.3999424098978497,nan,nan,nan,-0.0002528460531249023,nan,0.0010570541830678163,nan,0.0,nan,0.0,nan,0.0020937262179770108,nan,-6.454369347153755e-05,nan,0.03999424085530187,nan
0,14,sqp_full,sqp_full,,10,0,48,19.39393939394013,778.7388904890789,-709.9396632530198,-100.01234656474517,779.1368812424787,-709.9394359435322,-100.01345557693743,779.1368768576937,-709.9358837766872,-100.012224388744,nan,nan,nan,0.003552169551282401,0.0037594857213032766,nan,nan,nan,nan,0.3979908183128108,0.39800431410278686,nan,0.3960423018688821,nan,nan,nan,-0.00012970752694736574,nan,0.0009348256154649435,nan,0.0,nan,0.0,nan,0.0013017696889147715,nan,-5.6686823361131484e-05,nan,0.03960422932135392,nan
1,0,sqp_full,sqp_full,,10,1,36,14.545454545455133,783.5873733725475,-709.9365766128149,-100.00925992355889,781.232796108203,-709.9380456852534,-100.01027923705453,781.2327960799813,-709.9380507888097,-100.01027948938341,781.2327960799813,-709.9380507888097,-100.01027948938341,5.103634385354955e-06,5.109868275803437e-06,5.103634385354955e-06,5.109868275803437e-06,0.0,0.0,2.35457772263763,2.354577754049134,2.354577754049134,0.09999805591988216,0.09999809069113459,1.0000003464137563,0.0029277275194406977,6.114667659108145e-05,6.114667659108145e-05,-0.002681660522923966,-0.002681660522923966,0.0,0.0,0.0,0.0,-0.009087466097043995,-0.009087466097043995,0.00015798734821531035,0.00015798734821531035,-0.009998931785803756,-0.009998931785803756
1,1,sqp_full,sqp_full,,10,1,37,14.94949494949557,783.1833331322584,-709.9368338328319,-100.00951714365775,781.3327870893264,-709.9380185804439,-100.01033854437661,781.3327870635732,-709.9380283218815,-100.01033909877232,781.3327870635732,-709.9380283218815,-100.01033909877232,9.74147158723382e-06,9.757234407762994e-06,9.74147158723382e-06,9.757234407762994e-06,0.0,0.0,1.8505464221786458,1.8505464541941834,1.8505464541941834,0.09999100238540456,0.09999100388385149,1.0000000139055636,0.0026631803103864225,9.72956273480337e-07,9.72956273480337e-07,-0.00022970119989810974,-0.00022970119989810974,0.0,0.0,0.0,0.0,-0.0061420789774587125,-0.0061420789774587125,8.835007765311082e-06,8.835007765311082e-06,-0.009999090500243857,-0.009999090500243857
1,2,sqp_full,sqp_full,,10,1,38,15.353535353536007,782.7792928919694,-709.937091052849,-100.0097743637566,781.43278114133,-709.9379540483665,-100.01032818064908,781.4327811190939,-709.9379683442904,-100.01032892681059,781.4327811190939,-709.9379683442904,-100.01032892681059,1.4295941293330005e-05,1.4315400603441854e-05,1.4295941293330005e-05,1.4315400603441854e-05,0.0,0.0,1.3465120271914348,1.346512058665849,1.346512058665849,0.09999407336380783,0.09999407402574625,1.0000000055806468,0.002611996252913419,-5.113064184562964e-05,-5.113064184562964e-05,-0.0001582252856728451,-0.0001582252856728451,0.0,0.0,0.0,0.0,-0.003938962814487382,-0.003938962814487382,5.0694033047662025e-06,5.0694033047662025e-06,-0.009999406098970319,-0.009999406098970319
1,3,sqp_full,sqp_full,,10,1,39,15.757575757576442,782.3752526516803,-709.9373482728662,-100.01003158385546,781.5327731402964,-709.9378884859203,-100.0102649394579,781.5327731221184,-709.9379078263132,-100.01026572325236,781.5327731221184,-709.9379078263132,-100.01026572325236,1.934040149656133e-05,1.9356277116314168e-05,1.934040149656133e-05,1.9356277116314168e-05,0.0,0.0,0.8424796845809892,0.8424797153823999,0.8424797153823999,0.09999204045921085,0.09999204131320505,1.0000000072680146,0.002890579007684215,-9.129091607543845e-05,-9.129091607543845e-05,-0.0001603897962488148,-0.0001603897962488148,0.0,0.0,0.0,0.0,-0.0022198969550287395,-0.0022198969550287395,6.3719378524343395e-06,6.3719378524343395e-06,-0.009999205043005218,-0.009999205043005218
1,4,sqp_full,sqp_full,,10,1,40,16.161616161616767,781.9712124113913,-709.9376054928832,-100.01028880395431,781.6327339289073,-709.9378248863109,-100.01015583040515,781.6327339156413,-709.9378501185366,-100.01015650938017,781.6327339156413,-709.9378501185366,-100.01015650938017,2.523222924054695e-05,2.52413628696757e-05,2.523222924054695e-05,2.52413628696757e-05,0.0,0.0,0.3384785535867326,0.33847858414805826,0.33847858414805826,0.09996086839058282,0.09996086984210387,1.0000000127832978,0.0033776283591343973,-0.00012663854665342453,-0.00012663854665342453,-0.00016945091054846914,-0.00016945091054846914,0.0,0.0,0.0,0.0,-0.0006752905195557865,-0.0006752905195557865,8.94828389322126e-06,8.94828389322126e-06,-0.009996087468400824,-0.009996087468400824
1,5,sqp_full,sqp_full,,10,1,41,16.5656565656572,781.5671721711022,-709.9378627129003,-100.01054602405317,781.7275981840581,-709.9377453396871,-100.01000810250935,781.7275981764826,-709.9377765455167,-100.01000862479198,781.7275981764826,-709.9377765455167,-100.01000862479198,3.120583050655417e-05,3.121020084448936e-05,3.120583050655417e-05,3.121020084448936e-05,0.0,0.0,0.1604260558929929,0.16042602852129514,0.16042602852129514,0.09486440352690725,0.09486440464051994,1.000000009755023,0.003609153165792039,-0.00016195506952488333,-0.00016195506952488333,-0.00012362273344453505,-0.00012362273344453505,0.0,0.0,0.0,0.0,0.0008985625679755433,0.0008985625679755433,1.4691189951170072e-05,1.4691189951170072e-05,-0.009486438726448113,-0.009486438726448113
1,6,sqp_full,sqp_full,,10,1,42,16.969696969697633,781.1631319308132,-709.9381199329173,-100.01080324415203,781.3344544929046,-709.9380126991141,-100.01044392485083,781.3344544489547,-709.9380101932031,-100.01043807528016,781.3344544489547,-709.9380101932031,-100.01043807528016,2.5062963020356567e-06,6.363882324193127e-06,2.5062963020356567e-06,6.363882324193127e-06,0.0,0.0,0.1713225956511607,0.1713225532880351,0.1713225532880351,0.3931440236299942,0.3931440315120497,1.0000000162409766,0.00500005208652741,-0.00020309308846730832,-0.00020309308846730832,0.0006421661132663076,0.0006421661132663076,0.0,0.0,0.0,0.0,0.002556244902151638,0.002556244902151638,-3.911509256061817e-05,-3.911509256061817e-05,0.03931440518084953,0.03931440518084953
1,7,sqp_full,sqp_full,,10,1,43,17.37373737373807,780.7590916905242,-709.9383771529344,-100.01106046425089,780.9333951981714,-709.9382687673977,-100.01084872545677,780.9333951167724,-709.9382309643574,-100.0108359139067,780.9333951167724,-709.9382309643574,-100.0108359139067,3.780312788935928e-05,3.991506348586814e-05,3.780312788935928e-05,3.991506348586814e-05,0.0,0.0,0.17430354134542855,0.17430348755253766,0.17430348755253766,0.4010595807687477,0.4010595902680276,1.0000000196619345,0.005139737136409482,-0.0002246045198060737,-0.0002246045198060737,0.0006415109273858314,0.0006415109273858314,0.0,0.0,0.0,0.0,0.003810116855695913,0.003810116855695913,-3.998095910651704e-05,-3.998095910651704e-05,0.04010596189971519,0.04010596189971519
1,8,sqp_full,sqp_full,,10,1,44,17.777777777778503,780.3550514502351,-709.9386343729515,-100.01131768434975,780.5327014980209,-709.9385231644425,-100.01122028941464,780.5327013796383,-709.9384516121855,-100.011198583067,780.5327013796383,-709.9384516121855,-100.011198583067,7.155235493977439e-05,7.477235468891022e-05,7.155235493977439e-05,7.477235468891022e-05,0.0,0.0,0.17765008259393264,0.17765002341246106,0.17765002341246106,0.4006939531836368,0.4006939620120402,1.000000018239307,0.004990641377822404,-0.0002295202414339403,-0.0002295202414339403,0.0005953654049279597,0.0005953654049279597,0.0,0.0,0.0,0.0,0.004612574877146105,0.004612574877146105,-3.703079209473884e-05,-3.703079209473884e-05,0.04006939970221417,0.04006939970221417
1,9,sqp_full,sqp_full,,10,1,45,18.181818181818937,779.951011209946,-709.9388915929685,-100.01157490444861,780.1326414704879,-709.9387771870622,-100.0115657966814,780.1326413178188,-709.9386764298762,-100.01153679984232,780.1326413178188,-709.9386764298762,-100.01153679984232,0.0001007573017023846,0.00010484679548336171,0.0001007573017023846,0.00010484679548336171,0.0,0.0,0.18163029657304747,0.18163023531621802,0.18163023531621802,0.40006025737690626,0.4000602679554449,1.0000000236117155,0.00431102509069768,-0.00022115665531168412,-0.00022115665531168412,0.0005408074669576625,0.0005408074669576625,0.0,0.0,0.0,0.0,0.005015993409340851,0.005015993409340851,-3.3318204246517663e-05,-3.3318204246517663e-05,0.04000603062166404,0.04000603062166404
1,10,sqp_full,sqp_full,,10,0,46,18.58585858585937,779.546970969657,-709.9391488129856,-100.01183212454747,779.7327884687194,-709.9390316630507,-100.0118970402446,779.7327882847951,-709.9389028477306,-100.01186215173496,nan,nan,nan,0.0001288154514931748,0.0001334564672395856,nan,nan,nan,nan,0.1858175359914271,0.18581747792940315,nan,0.3998532199490093,nan,nan,nan,-0.00020320951476315445,nan,0.0005001954364062971,nan,0.0,nan,0.0,nan,0.005076837045152365,nan,-3.0603095725080164e-05,nan,0.03998532685842577,nan
1,11,sqp_full,sqp_full,,10,0,47,18.989898989899697,779.142930729368,-709.9394060330028,-100.01208934464633,779.3328761718377,-709.9392862392807,-100.01222731250407,779.3328759565767,-709.9391298498159,-100.0121846893088,nan,nan,nan,0.00015638961296975375,0.00016209394751379573,nan,nan,nan,nan,0.18994548024505245,0.18994542799573558,nan,0.39991251429038094,nan,nan,nan,-0.00017731698325970622,nan,0.0004657225822908979,nan,0.0,nan,0.0,nan,0.004828954738862951,nan,-2.8387867358663504e-05,nan,0.03999125620405894,nan
1,12,sqp_full,sqp_full,,10,0,48,19.39393939394013,778.7388904890789,-709.9396632530198,-100.01234656474517,778.9328738744794,-709.9395360240547,-100.01257381657763,778.9328736252548,-709.9393530648309,-100.01251727726846,nan,nan,nan,0.00018295939362725753,0.00019149630074464635,nan,nan,nan,nan,0.1939834271236235,0.19398338417853006,nan,0.40000252542876763,nan,nan,nan,-0.00014446130727941182,nan,0.00044099203965136766,nan,0.0,nan,0.0,nan,0.004263626869158299,nan,-2.6780690607917252e-05,nan,0.040000257046394115,nan
1,13,sqp_full,sqp_full,,10,0,49,19.797979797980563,778.3348502487898,-709.9399204730369,-100.01260378484403,778.532883747216,-709.9397857351844,-100.01297435434148,778.5328834048639,-709.939493528838,-100.01291040367927,nan,nan,nan,0.00029220654689343824,0.0002991226391373805,nan,nan,nan,nan,0.19803354426257938,0.19803361630286326,nan,0.39999040575279,nan,nan,nan,-8.726728970557907e-05,nan,0.0005341142085399805,nan,0.0,nan,0.0,nan,0.002505379566038856,nan,-3.221493022771348e-05,nan,0.039999044476180946,nan
1,14,sqp_full,sqp_full,,10,0,50,20.202018536570584,777.9308118884686,-709.9394310773979,-100.01286100494289,778.1368287334062,-709.9397411120492,-100.01340584544108,778.1368283602441,-709.9393369889463,-100.01333963350885,nan,nan,nan,0.00040412327515711144,0.00040951146686631567,nan,nan,nan,nan,0.20601707822296247,0.20601649326080185,nan,0.3960552513725281,nan,nan,nan,-4.708551200091489e-05,nan,0.0009091413483715801,nan,0.0,nan,0.0,nan,0.0013846706352174027,nan,-5.449166558762039e-05,nan,0.03960550747573614,nan
2,0,sqp_full,sqp_full,,10,1,39,15.757575757576442,782.3752526516803,-709.9373482728662,-100.01003158385546,780.2326370725806,-709.938717102792,-100.0114241317389,780.2326370722409,-709.9387167997801,-100.01142404764923,780.2326370722409,-709.9387167997801,-100.01142404764923,3.030121393123055e-07,3.144637156535527e-07,3.030121393123055e-07,3.144637156535527e-07,0.0,0.0,2.142616016344503,2.1426160164906705,2.1426160164906705,0.09999582650678604,0.09999582613904973,0.9999999963175389,0.00018017860701612863,-4.8644389440185785e-05,-4.8644389440185785e-05,-0.00030616336672234355,-0.00030616336672234355,0.0,0.0,0.0,0.0,-0.0004289280767308975,-0.0004289280767308975,1.6183763670799968e-05,1.6183763670799968e-05,-0.00999957607418585,-0.00999957607418585
2,1,sqp_full,sqp_full,,10,1,40,16.161616161616767,781.9712124113913,-709.9376054928832,-100.01028880395431,780.3326334159433,-709.9386553714975,-100.01132061858698,780.3326334155778,-709.9386551136419,-100.01132046926296,780.3326334155778,-709.9386551136419,-100.01132046926296,2.578558847604263e-07,2.9797201522520183e-07,2.578558847604263e-07,2.9797201522520183e-07,0.0,0.0,1.6385793317897899,1.6385793319900812,1.6385793319900812,0.09999641599391892,0.09999641600784523,1.000000000138953,4.5466953813729375e-05,-4.560411830003514e-05,-4.560411830003514e-05,-0.00012763179598990868,-0.00012763179598990868,0.0,0.0,0.0,0.0,-0.0005693533362908533,-0.0005693533362908533,5.646132155129872e-06,5.646132155129872e-06,-0.009999642416172403,-0.009999642416172403
2,2,sqp_full,sqp_full,,10,1,41,16.5656565656572,781.5671721711022,-709.9378627129003,-100.01054602405317,780.43263092592,-709.9385894797077,-100.01120959334482,780.4326309246813,-709.9385884363631,-100.01120915146322,780.4326309246813,-709.9385884363631,-100.01120915146322,1.043345368199521e-06,1.1330617399015747e-06,1.043345368199521e-06,1.1330617399015747e-06,0.0,0.0,1.1345414779591858,1.1345414785299934,1.1345414785299934,0.0999975933203926,0.09999759329312172,0.9999999996921536,0.00048026873530613424,-4.9245679620280646e-05,-4.9245679620280646e-05,-0.00011861868971969754,-0.00011861868971969754,0.0,0.0,0.0,0.0,-0.0004551840179530091,-0.0004551840179530091,5.490793486095158e-06,5.490793486095158e-06,-0.00999976000350614,-0.00999976000350614
2,3,sqp_full,sqp_full,,10,1,42,16.969696969697633,781.1631319308132,-709.9381199329173,-100.01080324415203,780.5326269874944,-709.9385242970442,-100.01108873050882,780.5326269862147,-709.9385232282681,-100.01108825814093,780.5326269862147,-709.9385232282681,-100.01108825814093,1.0687768337040768e-06,1.1685098836978883e-06,1.0687768337040768e-06,1.1685098836978883e-06,0.0,0.0,0.63050507298502,0.6305050735801265,0.6305050735801265,0.09999615586109609,0.09999615587356232,1.0000000001245881,2.2765518468793922e-05,-5.716947515660887e-05,-5.716947515660887e-05,-0.00012473935238344034,-0.00012473935238344034,0.0,0.0,0.0,0.0,-0.00017583656719631082,-0.00017583656719631082,6.023130529090749e-06,6.023130529090749e-06,-0.009999615876223831,-0.009999615876223831
2,4,sqp_full,sqp_full,,10,1,43,17.37373737373807,780.7590916905242,-709.9383771529344,-100.01106046425089,780.6326093556986,-709.9384595919427,-100.01094564093559,780.6326093543563,-709.9384584889997,-100.01094515077261,780.6326093543563,-709.9384584889997,-100.01094515077261,1.1029437759371155e-06,1.2069568010070754e-06,1.1029437759371155e-06,1.2069568010070754e-06,0.0,0.0,0.12648236169175534,0.1264823623199445,0.1264823623199445,0.09998249153273744,0.09998249151770733,0.9999999998495982,2.208288465562367e-05,-7.50205873330781e-05,-7.50205873330781e-05,-0.00012802499254738675,-0.00012802499254738675,0.0,0.0,0.0,0.0,0.0005074525348696887,0.0005074525348696887,7.079097696730553e-06,7.079097696730553e-06,-0.009998248239781671,-0.009998248239781671
2,5,sqp_full,sqp_full,,10,1,44,17.777777777778503,780.3550514502351,-709.9386343729515,-100.01131768434975,780.7292970746422,-709.9383858108648,-100.01077476720381,780.7292970733264,-709.9383847596706,-100.01077431024741,780.7292970733264,-709.9383847596706,-100.01077431024741,1.0511949552916637e-06,1.1462198691882182e-06,1.0511949552916637e-06,1.1462198691882182e-06,0.0,0.0,0.37424570695065473,0.3742457063344647,0.3742457063344647,0.09668789808455415,0.09668789801282317,0.9999999992579163,3.644323583217498e-05,-0.00010025440409729638,-0.00010025440409729638,-0.00010503614390507328,-0.00010503614390507328,0.0,0.0,0.0,0.0,0.001512055346782796,0.001512055346782796,1.0492000483845454e-05,1.0492000483845454e-05,-0.009668786350074976,-0.009668786350074976
2,6,sqp_full,sqp_full,,10,1,45,18.181818181818937,779.951011209946,-709.9388915929685,-100.01157490444861,780.3336187494875,-709.938648762124,-100.01117579456091,780.3336187500071,-709.9386487690587,-100.01117629910286,780.3336187500071,-709.9386487690587,-100.01117629910286,6.9541128881644535e-09,5.045898719563926e-07,6.9541128881644535e-09,5.045898719563926e-07,0.0,0.0,0.3826076166005827,0.38260761711576574,0.38260761711576574,0.3956786157521928,0.39567861559703993,0.9999999996013534,0.00020702910668606638,-0.0001353863160766074,-0.0001353863160766074,0.00048537336622361544,0.00048537336622361544,0.0,0.0,0.0,0.0,0.002835441681672365,0.002835441681672365,-2.9716316269326227e-05,-2.9716316269326227e-05,0.03956786502749095,0.03956786502749095
2,7,sqp_full,sqp_full,,10,1,46,18.58585858585937,779.546970969657,-709.9391488129856,-100.01183212454747,779.9331350296302,-709.9389041993226,-100.01154292836166,779.93313503194,-709.9389051221465,-100.0115444413703,779.93313503194,-709.9389051221465,-100.0115444413703,9.228268188287232e-07,1.77223150555076e-06,9.228268188287232e-07,1.77223150555076e-06,0.0,0.0,0.38616413744790445,0.3861641391741566,0.3861641391741566,0.400483969599383,0.4004839693202381,0.9999999992971957,0.00019489615970584158,-0.00015528678586362637,-0.00015528678586362637,0.0004765018415572719,0.0004765018415572719,0.0,0.0,0.0,0.0,0.0038287662944197754,0.0038287662944197754,-2.9211956867346993e-05,-2.9211956867346993e-05,0.04004840104951652,0.04004840104951652
2,8,sqp_full,sqp_full,,10,1,47,18.989898989899697,779.142930729368,-709.9394060330028,-100.01208934464633,779.5328220922562,-709.9391590153001,-100.01187763118628,779.5328220937259,-709.9391597818864,-100.01187791974286,779.5328220937259,-709.9391597818864,-100.01187791974286,7.665876480238636e-07,8.190979933903333e-07,7.665876480238636e-07,8.190979933903333e-07,0.0,0.0,0.3898914411378073,0.3898914421227104,0.3898914421227104,0.4003131583975577,0.4003131581161249,0.9999999992922143,0.00017667339219273678,-0.00016196427560100205,-0.00016196427560100205,0.0004469893157363499,0.0004469893157363499,0.0,0.0,0.0,0.0,0.004407942730082732,0.004407942730082732,-2.738571407597675e-05,-2.738571407597675e-05,0.04003132020367732,0.04003132020367732
2,9,sqp_full,sqp_full,,10,1,48,19.39393939394013,778.7388904890789,-709.9396632530198,-100.01234656474517,779.1327440122298,-709.9394136374557,-100.01219283416023,779.1327440171193,-709.9394165111984,-100.01219506190247,779.1327440171193,-709.9394165111984,-100.01219506190247,2.8737468479068838e-06,3.6361045690079894e-06,2.8737468479068838e-06,3.6361045690079894e-06,0.0,0.0,0.39385360225117605,0.3938536053298789,0.3938536053298789,0.4000782852179904,0.40007828467738493,0.999999998623134,0.0004101073960041326,-0.00015873987055163057,-0.00015873987055163057,0.0004143193631336616,0.0004143193631336616,0.0,0.0,0.0,0.0,0.004662705908898507,0.004662705908898507,-2.52678467574789e-05,-2.52678467574789e-05,0.040007832904227394,0.040007832904227394
2,10,sqp_full,sqp_full,,10,0,49,19.797979797980563,778.3348502487898,-709.9399204730369,-100.01260378484403,778.732788959726,-709.939667949539,-100.0124973569984,778.7327889676847,-709.9396736109751,-100.01250045098821,nan,nan,nan,5.661441691674749e-06,6.451720313183282e-06,nan,nan,nan,nan,0.3979387910591044,0.39793879546538197,nan,0.3999552492868437,nan,nan,nan,-0.00014798365331226718,nan,0.0003868079681619709,nan,0.0,nan,0.0,nan,0.004652013980407645,nan,-2.3494155495771714e-05,nan,0.039995529266951525,nan
2,11,sqp_full,sqp_full,,10,0,50,20.202018536570584,777.9308118884686,-709.9394310773979,-100.01286100494289,778.3328340708727,-709.939893967906,-100.01280027316434,778.3328340811216,-709.9399022327901,-100.01280362251617,nan,nan,nan,8.264890576198046e-06,8.917767314481222e-06,nan,nan,nan,nan,0.402022448891263,0.40202246874146147,nan,0.39995506742659137,nan,nan,nan,-0.00013122865550647042,nan,0.0004040576534292023,nan,0.0,nan,0.0,nan,0.004402614590932346,nan,-2.4430300280942084e-05,nan,0.039995510499800144,nan
2,12,sqp_full,sqp_full,,10,0,50,20.202018536570584,777.9308118884686,-709.9394310773979,-100.01286100494289,777.9324862510281,-709.9390691191248,-100.0131489160353,777.9324862588869,-709.9390859806412,-100.0131545429699,nan,nan,nan,1.6861518125742306e-05,1.777563462957579e-05,nan,nan,nan,nan,0.0017130393375601126,0.0017095637072741024,nan,0.4003488213816125,nan,nan,nan,-9.497218289557324e-05,nan,0.0018233250950920857,nan,0.0,nan,0.0,nan,0.0030210745113968328,nan,-0.00010913453331772412,nan,0.040034727653733296,nan
2,13,sqp_full,sqp_full,,10,0,51,20.60596566234257,777.527149014864,-709.9242818618887,-100.01311822504175,777.5301562822502,-709.9234754740006,-100.01352922699604,777.5301560430908,-709.9234994003601,-100.01353820595784,nan,nan,nan,2.3927554807372075e-05,2.5556792330972663e-05,nan,nan,nan,nan,0.0031135058307906554,0.003107163465314472,nan,0.40263222695344514,nan,nan,nan,-0.00010491518240060976,nan,0.021247261842994705,nan,0.0,nan,0.0,nan,0.002349646338207529,nan,-0.001267238801118156,nan,0.04023265377434541,nan
2,14,sqp_full,sqp_full,,10,0,52,21.009682638263833,777.1272469472419,-709.8689133979727,-100.01337544514061,777.1552320105862,-709.8755892698639,-100.01390518683645,777.1552321892158,-709.875643576545,-100.01391420188408,nan,nan,nan,5.430697482098979e-05,5.505014621134016e-05,nan,nan,nan,nan,0.028770315185866122,0.028783138674428468,nan,0.3779701567256007,nan,nan,nan,1.6755438614919752e-06,nan,0.061125960801382835,nan,0.0,nan,0.0,nan,0.0013357115604963148,nan,-0.0036377123965580585,nan,0.03750031557370746,nan
3,0,sqp_full,sqp_full,,10,1,41,16.5656565656572,781.5671721711022,-709.9378627129003,-100.01054602405317,779.2327211010207,-709.9393568900174,-100.01207961796999,779.232721101037,-709.9393569147877,-100.01207961932262,779.232721101037,-709.9393569147877,-100.01207961932262,2.477030230114282e-08,2.4807206849226585e-08,2.477030230114282e-08,2.4807206849226585e-08,0.0,0.0,2.334451548259297,2.3344515482588317,2.3344515482588317,0.09997716833066078,0.09997716833065051,0.9999999999998666,1.4183953086968166e-05,0.0018846300632013404,0.0018846300632013404,-0.00010407663327655999,-0.00010407663327655999,0.0,0.0,0.0,0.0,-0.000141841300488015,-0.000141841300488015,1.5006270344641455e-05,1.5006270344641455e-05,-0.009997717265418241,-0.009997717265418241
3,1,sqp_full,sqp_full,,10,1,42,16.969696969697633,781.1631319308132,-709.9381199329173,-100.01080324415203,779.3327211295559,-709.9392918175843,-100.01197688146631,779.3327211298162,-709.939291681767,-100.0119773329394,779.3327211298162,-709.939291681767,-100.0119773329394,1.3581749565449638e-07,4.714598049174731e-07,1.3581749565449638e-07,4.714598049174731e-07,0.0,0.0,1.8304111763954076,1.830411176048222,1.830411176048222,0.10000010248116847,0.10000010236828684,0.9999999988597651,0.00027382186002690217,0.0019574238832543137,0.0019574238832543137,-9.860580024053197e-05,-9.860580024053197e-05,0.0,0.0,0.0,0.0,-0.000450310955568453,-0.000450310955568453,1.6286918851003937e-05,1.6286918851003937e-05,-0.01000001112924896,-0.01000001112924896
3,2,sqp_full,sqp_full,,10,1,43,17.37373737373807,780.7590916905242,-709.9383771529344,-100.01106046425089,779.432654488447,-709.9392266920587,-100.01187542577506,779.4326544885987,-709.9392268236994,-100.01187550923265,779.4326544885987,-709.9392268236994,-100.01187550923265,1.3164078569980967e-07,1.5586682707139676e-07,1.3164078569980967e-07,1.5586682707139676e-07,0.0,0.0,1.3264374741279636,1.326437474060625,1.326437474060625,0.09993343161252831,0.09993343170430607,1.0000000009080268,0.000260834486202135,0.00203735066173682,0.00203735066173682,-9.484100804931777e-05,-9.484100804931777e-05,0.0,0.0,0.0,0.0,-0.00042181916183602785,-0.00042181916183602785,1.8050407797712135e-05,1.8050407797712135e-05,-0.009993344068314803,-0.009993344068314803
3,3,sqp_full,sqp_full,,10,1,44,17.777777777778503,780.3550514502351,-709.9386343729515,-100.01131768434975,779.5327081436704,-709.9391614752133,-100.01175919132027,779.532708142246,-709.9391596838686,-100.01175980464562,779.532708142246,-709.9391596838686,-100.01175980464562,1.7913451945998422e-06,1.8934322247568413e-06,1.7913451945998422e-06,1.8934322247568413e-06,0.0,0.0,0.8223434754945228,0.8223434757727923,0.8223434757727923,0.10005374399423286,0.10005374307581177,0.9999999906220043,0.0011422371472087714,0.0021117037808926604,0.0021117037808926604,-9.446456426115513e-05,-9.446456426115513e-05,0.0,0.0,0.0,0.0,-0.00013806677931998802,-0.00013806677931998802,2.8531494176931027e-05,2.8531494176931027e-05,-0.010005374826456687,-0.010005374826456687
3,4,sqp_full,sqp_full,,10,1,45,18.181818181818937,779.951011209946,-709.9388915929685,-100.01157490444861,779.632655617092,-709.9390961226964,-100.01162345212377,779.6326556183717,-709.9390978120309,-100.01162363214019,779.6326556183717,-709.9390978120309,-100.01162363214019,1.6893350457821467e-06,1.6988992915469468e-06,1.6893350457821467e-06,1.6988992915469468e-06,0.0,0.0,0.3183556585547349,0.31835565836489865,0.31835565836489865,0.09994758696154774,0.09994758803983579,1.0000000101727453,0.0020107304692878634,0.0021296550022102557,0.0021296550022102557,-0.00010374585741596362,-0.00010374585741596362,0.0,0.0,0.0,0.0,0.0004267059224770991,0.0004267059224770991,5.2462924337527066e-05,5.2462924337527066e-05,-0.009994758266204938,-0.009994758266204938
3,5,sqp_full,sqp_full,,10,1,46,18.58585858585937,779.546970969657,-709.9391488129856,-100.01183212454747,779.7303111083633,-709.9390261818518,-100.01145690093844,779.7303111095972,-709.9390276755404,-100.01145705942227,779.7303111095972,-709.9390276755404,-100.01145705942227,1.4936891269784962e-06,1.5020733438475886e-06,1.4936891269784962e-06,1.5020733438475886e-06,0.0,0.0,0.18334017971852257,0.18334017995953317,0.18334017995953317,0.09765565834313748,0.09765565847455078,1.0000000013436492,0.00011548689079720213,0.002028427290166485,0.002028427290166485,-8.732669799640802e-05,-8.732669799640802e-05,0.0,0.0,0.0,0.0,0.0013554327679683145,0.0013554327679683145,4.8051848887629675e-05,4.8051848887629675e-05,-0.009765562923567568,-0.009765562923567568
3,6,sqp_full,sqp_full,,10,1,47,18.989898989899697,779.142930729368,-709.9394060330028,-100.01208934464633,779.3338397597154,-709.9392852774172,-100.01184314182684,779.3338397428163,-709.9392691501113,-100.01184451639921,779.3338397428163,-709.9392691501113,-100.01184451639921,1.6127314789106308e-05,1.618578794734037e-05,1.6127314789106308e-05,1.618578794734037e-05,0.0,0.0,0.19090906853808134,0.19090906252111886,0.19090906252111886,0.3964716214449336,0.3964716296408542,1.0000000196797865,0.002552541907242897,0.0017898180025452024,0.0017898180025452024,0.00045007562261754116,0.00045007562261754116,0.0,0.0,0.0,0.0,0.0025732502684826858,0.0025732502684826858,-4.442705297370113e-06,-4.442705297370113e-06,0.03964716635366648,0.03964716635366648
3,7,sqp_full,sqp_full,,10,1,48,19.39393939394013,778.7388904890789,-709.9396632530198,-100.01234656474517,778.9323155983861,-709.9395405250984,-100.01219530693399,778.9323155621453,-709.9395074764916,-100.01219698492066,778.9323155621453,-709.9395074764916,-100.01219698492066,3.3048626721928084e-05,3.3091197734505356e-05,3.3048626721928084e-05,3.3091197734505356e-05,0.0,0.0,0.1934251482425299,0.19342513579426607,0.19342513579426607,0.4015243968960918,0.40152440610380286,1.0000000220435967,0.0024149850475109324,0.0014752662847745597,0.0014752662847745597,0.00043639582564589395,0.00043639582564589395,0.0,0.0,0.0,0.0,0.003459863098300417,0.003459863098300417,-6.880424514819842e-06,-6.880424514819842e-06,0.040152444510352485,0.040152444510352485
3,8,sqp_full,sqp_full,,10,1,49,19.797979797980563,778.3348502487898,-709.9399204730369,-100.01260378484403,778.5328662047058,-709.939788031085,-100.01251677823537,778.5328661502788,-709.9397416475933,-100.0125158504019,778.5328661502788,-709.9397416475933,-100.0125158504019,4.6383523535820266e-05,4.6392802572519326e-05,4.6383523535820266e-05,4.6392802572519326e-05,0.0,0.0,0.19801600020739596,0.1980159822362096,0.1980159822362096,0.399449599717742,0.39944960777527666,1.0000000195930965,0.0019488925912445844,0.0011038558590297013,0.0011038558590297013,0.00040802333091105385,0.00040802333091105385,0.0,0.0,0.0,0.0,0.0039327807935312185,0.0039327807935312185,-8.18238257815507e-06,-8.18238257815507e-06,0.03994496473847648,0.03994496473847648
3,9,sqp_full,sqp_full,,10,1,50,20.202018536570584,777.9308118884686,-709.9394310773979,-100.01286100494289,778.1328335941788,-709.9395609387757,-100.01282063215632,778.1328335704708,-709.9395033299921,-100.0128208074982,778.1328335704708,-709.9395033299921,-100.0128208074982,5.760878839968967e-05,5.760905524008416e-05,5.760878839968967e-05,5.760905524008416e-05,0.0,0.0,0.20202174744829382,0.20202169492271654,0.20202169492271654,0.40003279038485057,0.4000327670352621,0.999999941233302,0.0016155206817098616,0.0007046946036559544,0.0007046946036559544,0.0010453053849580857,0.0010453053849580857,0.0,0.0,0.0,0.0,0.004089723756298814,0.004089723756298814,-4.9939121301482765e-05,-4.9939121301482765e-05,0.04000324330232916,0.04000324330232916
3,10,sqp_full,sqp_full,,10,0,51,20.60596566234257,777.527149014864,-709.9242818618887,-100.01311822504175,777.731919769678,-709.9315503212728,-100.01311360945238,777.7319212873962,-709.9316333581096,-100.01312641378374,nan,nan,nan,8.30507058529089e-05,8.403196203956935e-05,nan,nan,nan,nan,0.20489971334518614,0.20490419247712616,nan,0.4009939532017095,nan,nan,nan,0.000303476858137133,nan,0.011259971726006431,nan,0.0,nan,0.0,nan,0.003991157422228457,nan,-0.0006681437719992016,nan,0.04009083101893063,nan
3,11,sqp_full,sqp_full,,10,0,52,21.009682638263833,777.1272469472419,-709.8689133979727,-100.01337544514061,777.3279090007572,-709.8955975267229,-100.01338764784386,777.3279219038136,-709.8960225828961,-100.01340541362543,nan,nan,nan,0.00042525197141876983,0.0004256229107916636,nan,nan,nan,nan,0.20242851194469047,0.20249776814145312,nan,0.4056074209589597,nan,nan,nan,9.809899973353059e-06,nan,0.046441107368950484,nan,0.0,nan,0.0,nan,0.0037015805138946255,nan,-0.0027621134544982043,nan,0.040402863269068,nan
3,12,sqp_full,sqp_full,,10,0,53,21.413189617935263,776.7396844805236,-709.7566051130042,-100.01363266523947,776.9338910088984,-709.811905034395,-100.01374128679092,776.9339220041026,-709.8122055640076,-100.01375349023013,nan,nan,nan,0.00030212373418165233,0.00030237009555278535,nan,nan,nan,nan,0.20192636521574855,0.20203867381742624,nan,0.40280856028764367,nan,nan,nan,0.00031528531535077794,nan,0.1036049595144931,nan,0.0,nan,0.0,nan,0.0025078563885417744,nan,-0.006150918501715096,nan,0.03943608943145061,nan
3,13,sqp_full,sqp_full,,10,0,54,21.81642421755359,776.3812543101576,-709.571873174405,-100.01388988533833,776.5772898883777,-709.6729360493765,-100.01406684752288,776.577344851188,-709.6730975008829,-100.01407535230672,nan,nan,nan,0.0001705505773037057,0.0001707624981274172,nan,nan,nan,nan,0.2205530607939874,0.22067592653585183,nan,0.38272293365236143,nan,nan,nan,0.0023455753425250677,nan,0.1644428680384763,nan,0.0,nan,0.0,nan,0.001877902900379873,nan,-0.009743092430660297,nan,0.03580583488615255,nan
3,14,sqp_full,sqp_full,,10,0,55,22.21945701180642,776.0693811583575,-709.3165880313447,-100.01414710543719,776.3309732236153,-709.5338542431764,-100.01431183319133,776.3310474141261,-709.5339236686608,-100.0143189437275,nan,nan,nan,0.00010160772515059326,0.00010185621991295717,nan,nan,nan,nan,0.3400514893504851,0.3401529195165201,nan,0.28287047950182204,nan,nan,nan,0.005057628628086004,nan,0.15882129260343733,nan,0.0,nan,0.0,nan,0.0009284899046503243,nan,-0.009393898644202866,nan,0.024885397782464586,nan
4,0,sqp_full,sqp_full,,10,1,44,17.777777777778503,780.3550514502351,-709.9386343729515,-100.01131768434975,778.2328362577382,-709.9399832384074,-100.01271231526927,778.2328362574443,-709.9399833981937,-100.01271213549519,778.2328362574443,-709.9399833981937,-100.01271213549519,1.5978656555170698e-07,2.405212422872699e-07,1.5978656555170698e-07,2.405212422872699e-07,0.0,0.0,2.1222156211616743,2.1222156215571153,2.1222156215571153,0.10000389764080085,0.1000038983090489,1.000000006679328,0.0001378018171733492,0.006431555351925867,0.006431555351925867,-0.0008410042785427373,-0.0008410042785427373,0.0,0.0,0.0,0.0,-6.321913681774701e-05,-6.321913681774701e-05,9.490848142255606e-05,9.490848142255606e-05,-0.01000023454253103,-0.01000023454253103
4,1,sqp_full,sqp_full,,10,1,45,18.181818181818937,779.951011209946,-709.9388915929685,-100.01157490444861,778.3328284684284,-709.9399279624208,-100.01261624752615,778.3328284666435,-709.9399279809109,-100.01261481933464,778.3328284666435,-709.9399279809109,-100.01261481933464,1.8576039088071508e-08,1.4283123107490945e-06,1.8576039088071508e-08,1.4283123107490945e-06,0.0,0.0,1.6181830733904599,1.6181830751870963,1.6181830751870963,0.09999227211712093,0.09999227191162456,0.9999999978659396,0.0007199139673976325,0.00659163009318386,0.00659163009318386,-8.107896740929293e-05,-8.107896740929293e-05,0.0,0.0,0.0,0.0,-0.0003677246839242838,-0.0003677246839242838,7.165926673435312e-05,7.165926673435312e-05,-0.009999227977494576,-0.009999227977494576
4,2,sqp_full,sqp_full,,10,1,46,18.58585858585937,779.546970969657,-709.9391488129856,-100.01183212454747,778.4327996679824,-709.9398625394399,-100.01252089519832,778.4327996687972,-709.9398639916809,-100.01252171980434,778.4327996687972,-709.9398639916809,-100.01252171980434,1.4522413337220341e-06,1.670023940123458e-06,1.4522413337220341e-06,1.670023940123458e-06,0.0,0.0,1.1141715302773896,1.1141715303938335,1.1141715303938335,0.09997126643447571,0.09997126598274064,0.9999999951246089,0.0015304344495589075,0.006652314250002653,0.006652314250002653,-6.252627679127835e-05,-6.252627679127835e-05,0.0,0.0,0.0,0.0,-0.0004000148312457155,-0.0004000148312457155,0.00015163929509952925,0.00015163929509952925,-0.009997127629901688,-0.009997127629901688
4,3,sqp_full,sqp_full,,10,1,47,18.989898989899697,779.142930729368,-709.9394060330028,-100.01208934464633,778.5327651769936,-709.939796620704,-100.0124183866001,778.5327651777384,-709.9397997926142,-100.01241835464727,778.5327651777384,-709.9397997926142,-100.01241835464727,3.171910266385274e-06,3.1720712038328544e-06,3.171910266385274e-06,3.1720712038328544e-06,0.0,0.0,0.6101656773885806,0.6101656786825347,0.6101656786825347,0.09996558330331597,0.09996558299609645,0.9999999967420722,0.0011011376592614576,0.0063822588369579865,0.0063822588369579865,-6.0109398211294244e-05,-6.0109398211294244e-05,0.0,0.0,0.0,0.0,-0.00023226744706736393,-0.00023226744706736393,0.00024667852997782114,0.00024667852997782114,-0.009996559134052254,-0.009996559134052254
4,4,sqp_full,sqp_full,,10,1,48,19.39393939394013,778.7388904890789,-709.9396632530198,-100.01234656474517,778.6327772167047,-709.9397305116225,-100.01230767180449,778.6327772117559,-709.939733719126,-100.01230522987548,778.6327772117559,-709.939733719126,-100.01230522987548,3.207507302771448e-06,4.031267844804188e-06,3.207507302771448e-06,4.031267844804188e-06,0.0,0.0,0.10611329368982866,0.10611330072016008,0.10611330072016008,0.10001212284183474,0.10001211982167481,0.9999999695116684,0.001380800386990134,0.005559422706187087,0.005559422706187087,-6.232160489660067e-05,-6.232160489660067e-05,0.0,0.0,0.0,0.0,-1.4296214308865969e-05,-1.4296214308865969e-05,0.0002248299749947311,0.0002248299749947311,-0.010001212556575396,-0.010001212556575396
4,5,sqp_full,sqp_full,,10,1,49,19.797979797980563,778.3348502487898,-709.9399204730369,-100.01260378484403,778.7274161850554,-709.9396641671977,-100.01216260801861,778.7274161818375,-709.939670459387,-100.01215981487941,778.7274161818375,-709.939670459387,-100.01215981487941,6.292190036928559e-06,6.88427788570422e-06,6.292190036928559e-06,6.88427788570422e-06,0.0,0.0,0.39256601993634727,0.3925660126607422,0.3925660126607422,0.0946391027830038,0.09463910294076837,1.0000000011289354,0.001879575653156006,0.003816347095541532,0.003816347095541532,-6.816455220734436e-05,-6.816455220734436e-05,0.0,0.0,0.0,0.0,0.0009149185326868472,0.0009149185326868472,0.00011877268600027546,0.00011877268600027546,-0.009463908755968144,-0.009463908755968144
4,6,sqp_full,sqp_full,,10,1,50,20.202018536570584,777.9308118884686,-709.9394310773979,-100.01286100494289,778.3350812056561,-709.9399043391435,-100.0125161828999,778.3350812288021,-709.9400363870742,-100.0125355657512,778.3350812288021,-709.9400363870742,-100.0125355657512,0.00013204793272956328,0.00013346292167685508,0.00013204793272956328,0.00013346292167685508,0.0,0.0,0.40426959420161235,0.40426979349628545,0.40426979349628545,0.39233521223310064,0.39233530361803226,1.000000179958061,0.01864844636617496,0.001221586302796081,0.001221586302796081,0.0001929967185605244,0.0001929967185605244,0.0,0.0,0.0,0.0,0.0020801592946826093,0.0020801592946826093,5.6084585329891016e-05,5.6084585329891016e-05,0.03923353432050152,0.03923353432050152
4,7,sqp_full,sqp_full,,10,1,50,20.202018536570584,777.9308118884686,-709.9394310773979,-100.01286100494289,777.9329629521907,-709.9392342795182,-100.01284350981925,777.9329627423591,-709.9395016658917,-100.01288272848453,777.9329627423591,-709.9395016658917,-100.01288272848453,0.0002673864558197146,0.00027024733201784886,0.0002673864558197146,0.00027024733201784886,0.0,0.0,0.0021600473472042944,0.0021520118944713157,0.0021520118944713157,0.40211894495640266,0.402118991826945,1.000000058704706,0.01948969466239915,-0.0016176765300252086,-0.0016176765300252086,0.0014298673998490766,0.0014298673998490766,0.0,0.0,0.0,0.0,0.0027851923341819127,0.0027851923341819127,-7.379820717497723e-05,-7.379820717497723e-05,0.040211813839943364,0.040211813839943364
4,8,sqp_full,sqp_full,,10,1,51,20.60596566234257,777.527149014864,-709.9242818618887,-100.01311822504175,777.5306118588824,-709.9237149884143,-100.01314756671832,777.5306061672015,-709.9241142959835,-100.01321850486374,777.5306061672015,-709.9241142959835,-100.01321850486374,0.0003993481313201782,0.00040559974169811236,0.0003993481313201782,0.00040559974169811236,0.0,0.0,0.003508936339101811,0.0034612108600024097,0.0034612108600024097,0.40265039815374853,0.402650838160127,1.000001035908861,0.019322580110350582,-0.004020355956646892,-0.004020355956646892,0.02088654673879766,0.02088654673879766,0.0,0.0,0.0,0.0,0.0030800386200218965,0.0030800386200218965,-0.001241762349209904,-0.001241762349209904,0.04023524130403192,0.04023524130403192
4,9,sqp_full,sqp_full,,10,1,52,21.009682638263833,777.1272469472419,-709.8689133979727,-100.01337544514061,777.1296614544158,-709.8680076890666,-100.01345500786041,777.1296342038373,-709.8686282160994,-100.01352497058407,777.1296342038373,-709.8686282160994,-100.01352497058407,0.0006211251020601697,0.0006250529378465779,0.0006211251020601697,0.0006250529378465779,0.0,0.0,0.0025787891567992127,0.0024042301789099925,0.0024042301789099925,0.40480195721195283,0.40479292778687725,0.9999775437188961,0.03143448529019847,-0.005534802809334421,-0.005534802809334421,0.07041423515148361,0.07041423515148361,0.0,0.0,0.0,0.0,0.00298953690675778,0.00298953690675778,-0.004184026854029133,-0.004184026854029133,0.04010742605439398,0.04010742605439398
4,10,sqp_full,sqp_full,,10,0,53,21.413189617935263,776.7396844805236,-709.7566051130042,-100.01363266523947,776.7381392796323,-709.7536808268362,-100.0137596609813,776.738072833265,-709.7545116065947,-100.01383672763022,nan,nan,nan,0.0008334327368968184,0.0008369882886323046,nan,nan,nan,nan,0.003307430329818908,0.002642002265775169,nan,0.40787294294687115,nan,nan,nan,-0.004774790957716867,nan,0.1377206377890117,nan,0.0,nan,0.0,nan,0.002773100652461614,nan,-0.008163940992516425,nan,0.03923306077523772,nan
4,11,sqp_full,sqp_full,,10,0,54,21.81642421755359,776.3812543101576,-709.571873174405,-100.01388988533833,776.3808285585009,-709.5689115069504,-100.01404461099219,776.3806656743109,-709.5700633295321,-100.01413111001428,nan,nan,nan,0.0011632826480295025,0.0011664941491625256,nan,nan,nan,nan,0.00299211272942267,0.0019031633204402132,nan,0.4022570499109484,nan,nan,nan,-0.0005717870071092693,nan,0.21341588226121003,nan,0.0,nan,0.0,nan,0.002243744137109965,nan,-0.012624675333964646,nan,0.03601961682001356,nan
4,12,sqp_full,sqp_full,,10,0,55,22.21945701180642,776.0693811583575,-709.3165880313447,-100.01414710543719,776.0841662850565,-709.328391385917,-100.01430356356977,776.0838703444622,-709.3296241396225,-100.01440456901513,nan,nan,nan,0.0012677785822811155,0.0012717958301873957,nan,nan,nan,nan,0.018918751297758628,0.019490424136109987,nan,0.38191425760696696,nan,nan,nan,0.0075007494546789335,nan,0.2686367669154968,nan,0.0,nan,0.0,nan,0.0014874864805816462,nan,-0.015868109255591668,nan,0.03032336353956496,nan
4,13,sqp_full,sqp_full,,10,0,56,22.622393333371768,775.8238147912732,-708.9971279048322,-100.01440432553605,775.8695855479954,-709.0684936418842,-100.0145108982233,775.8691562037819,-709.0695477651917,-100.01462186252317,nan,nan,nan,0.0011382057815105305,0.0011436019748629555,nan,nan,nan,nan,0.08478225401521007,0.08544284559159085,nan,0.3370337862273713,nan,nan,nan,0.016548462375553446,nan,0.28342045209698313,nan,0.0,nan,0.0,nan,0.0009025343046046432,nan,-0.01673108826799188,nan,0.022519839000311733,nan
4,14,sqp_full,sqp_full,,10,0,57,23.025391063526154,775.6586124146631,-708.6295476018917,-100.0146615456349,775.7404104644546,-708.8679423605279,-100.01465098170367,775.7398770894175,-708.8687354657565,-100.01476796446467,nan,nan,nan,0.0009557744681031415,0.0009629069530578551,nan,nan,nan,nan,0.25203765967587577,0.2526158775356915,nan,0.23855196139372484,nan,nan,nan,0.018375601718337516,nan,0.2145302887452817,nan,0.0,nan,0.0,nan,0.0004219899585871237,nan,-0.012667714575664023,nan,0.013984634758404352,nan
5,0,sqp_full,sqp_full,,10,1,46,18.58585858585937,779.546970969657,-709.9391488129856,-100.01183212454747,777.2295584569338,-709.9394522269606,-100.01339378452532,777.2295584070243,-709.939436799179,-100.01339372812507,777.2295584070243,-709.939436799179,-100.01339372812507,1.5427862336917846e-05,1.5427965428926645e-05,1.5427862336917846e-05,1.5427965428926645e-05,0.0,0.0,2.3174125325858945,2.3174125805267307,2.3174125805267307,0.12247821880293147,0.12246925755018444,0.9999268286500542,0.005875169326743155,0.007936708041283456,0.007936708041283456,-0.09011752445311205,-0.09011752445311205,0.0,0.0,0.0,0.0,0.0006484107938242202,0.0006484107938242202,0.00599356812184229,0.00599356812184229,-0.010002232005380057,-0.010002232005380057
5,1,sqp_full,sqp_full,,10,1,47,18.989898989899697,779.142930729368,-709.9394060330028,-100.01208934464633,777.3295379960607,-709.9405548461226,-100.01328678640614,777.329537941523,-709.9405394425236,-100.01328665575195,777.329537941523,-709.9405394425236,-100.01328665575195,1.5403695610642622e-05,1.540424970521393e-05,1.5403695610642622e-05,1.540424970521393e-05,0.0,0.0,1.8133930972029222,1.8133931420477292,1.8133931420477292,0.09998567628245461,0.09998567200050168,0.9999999571740315,4.476412657367345e-05,0.007792421626950206,0.007792421626950206,-0.0015151443192543165,-0.0015151443192543165,0.0,0.0,0.0,0.0,3.1125264105280655e-06,3.1125264105280655e-06,0.0008000037184795453,0.0008000037184795453,-0.009997872518396844,-0.009997872518396844
5,2,sqp_full,sqp_full,,10,1,48,19.39393939394013,778.7388904890789,-709.9396632530198,-100.01234656474517,777.4294924300364,-709.9404953797963,-100.01318578432364,777.4294923761571,-709.9404804235427,-100.0131856640835,777.4294923761571,-709.9404804235427,-100.0131856640835,1.495635072842656e-05,1.4956834050103034e-05,1.495635072842656e-05,1.4956834050103034e-05,0.0,0.0,1.3093983234522473,1.3093983679121417,1.3093983679121417,0.09995450269520326,0.09995450307812453,1.0000000038209353,0.0002564961119579384,0.005642369873106975,0.005642369873106975,-3.602072147428759e-05,-3.602072147428759e-05,0.0,0.0,0.0,0.0,-0.00018989060547280548,-0.00018989060547280548,0.0005789052519026013,0.0005789052519026013,-0.009995451091950677,-0.009995451091950677
5,3,sqp_full,sqp_full,,10,1,49,19.797979797980563,778.3348502487898,-709.9399204730369,-100.01260378484403,777.5293986745115,-709.9399213639101,-100.01308329848473,777.5293986220795,-709.9399065950736,-100.01308322026603,777.5293986220795,-709.9399065950736,-100.01308322026603,1.4768929669506183e-05,1.4769136797630781e-05,1.4768929669506183e-05,1.4769136797630781e-05,0.0,0.0,0.8054515742788524,0.8054516268299773,0.8054516268299773,0.09990794604396254,0.09990794637139745,1.0000000032755183,0.00011015003637185222,0.002591182509731177,0.002591182509731177,0.0006287218523057173,0.0006287218523057173,0.0,0.0,0.0,0.0,-0.0002271650763623492,-0.0002271650763623492,0.0004219502453028526,0.0004219502453028526,-0.009990672842340035,-0.009990672842340035
5,4,sqp_full,sqp_full,,10,1,50,20.202018536570584,777.9308118884686,-709.9394310773979,-100.01286100494289,777.629512239007,-709.9348584091986,-100.01296966002013,777.6295122327816,-709.9348463383338,-100.0129699669167,777.6295122327816,-709.9348463383338,-100.0129699669167,1.2070866357502114e-05,1.2074767083529937e-05,1.2070866357502114e-05,1.2074767083529937e-05,0.0,0.0,0.3013343459682742,0.3013345356067669,0.3013345356067669,0.10024156932181123,0.10024147880203356,0.9999990966143546,0.001557095420357352,-0.001257556387161446,-0.001257556387161446,0.0065805712625244435,0.0065805712625244435,0.0,0.0,0.0,0.0,7.771207235725751e-06,7.771207235725751e-06,-0.00012526443363550206,-0.00012526443363550206,-0.010011678494729365,-0.010011678494729365
5,5,sqp_full,sqp_full,,10,1,51,20.60596566234257,777.527149014864,-709.9242818618887,-100.01311822504175,777.721902819065,-709.9310333668924,-100.01283998549032,777.7219027838742,-709.9310410308066,-100.0128392735503,777.7219027838742,-709.9310410308066,-100.0128392735503,7.663995074507686e-06,7.696991561339478e-06,7.663995074507686e-06,7.696991561339478e-06,0.0,0.0,0.19487079583818886,0.19487102634345935,0.19487102634345935,0.09246981695446337,0.09246897521503712,0.9999908743509534,0.012233225662917721,-0.006893162876201514,-0.006893162876201514,0.005017233990735628,0.005017233990735628,0.0,0.0,0.0,0.0,0.0005728177158072615,0.0005728177158072615,-0.00015293403169469507,-0.00015293403169469507,-0.009239194746328047,-0.009239194746328047
5,6,sqp_full,sqp_full,,10,1,52,21.009682638263833,777.1272469472419,-709.8689133979727,-100.01337544514061,777.3357388840207,-709.8972220648752,-100.01317434080792,777.3357332709727,-709.8974726218938,-100.0131739215559,777.3357332709727,-709.8974726218938,-100.0131739215559,0.00025061988322012436,0.00025062023389488475,0.00025061988322012436,0.00025062023389488475,0.0,0.0,0.21040501021493913,0.21043330642693014,0.21043330642693014,0.3876414589108904,0.3876259056884585,0.9999596816910212,0.035837639892757095,-0.01403920124302888,-0.01403920124302888,0.04364425427643318,0.04364425427643318,0.0,0.0,0.0,0.0,0.0014943646884241428,0.0014943646884241428,-0.0024828682566336584,-0.0024828682566336584,0.038619627813471655,0.038619627813471655
5,7,sqp_full,sqp_full,,10,1,53,21.413189617935263,776.7396844805236,-709.7566051130042,-100.01363266523947,776.9364748171679,-709.8128872392426,-100.01353693765083,776.9364355645362,-709.8134541235491,-100.01353788642713,776.9364355645362,-709.8134541235491,-100.01353788642713,0.0005682416616612019,0.000568242453732506,0.0005682416616612019,0.000568242453732506,0.0,0.0,0.20468051771115225,0.20479941176692856,0.20479941176692856,0.40807387734423733,0.4080415406548835,0.9999204570477527,0.04443531210603584,-0.018883583968770757,-0.018883583968770757,0.10393022512701425,0.10393022512701425,0.0,0.0,0.0,0.0,0.0019814387567433046,0.0019814387567433046,-0.0060753594514858615,-0.0060753594514858615,0.039965300268406743,0.039965300268406743
5,8,sqp_full,sqp_full,,10,1,54,21.81642421755359,776.3812543101576,-709.571873174405,-100.01388988533833,776.5621949402235,-709.6644898955577,-100.01384729693966,776.5620695316329,-709.6653875860759,-100.01384475555112,776.5620695316329,-709.6653875860759,-100.01384475555112,0.0009064080653683685,0.000906411628136224,0.0009064080653683685,0.000906411628136224,0.0,0.0,0.20326674259632616,0.2035659340540464,0.2035659340540464,0.4026255012056732,0.4025838052874598,0.9998960848451321,0.04828771522946517,-0.020166842786734154,-0.020166842786734154,0.17557171710086678,0.17557171710086678,0.0,0.0,0.0,0.0,0.0019523894412857923,0.0019523894412857923,-0.010327168691236953,-0.010327168691236953,0.03759694768427523,0.03759694768427523
5,9,sqp_full,sqp_full,,10,1,55,22.21945701180642,776.0693811583575,-709.3165880313447,-100.01414710543719,776.2242732461077,-709.442689642794,-100.01413768429752,776.2240054703101,-709.4438222821663,-100.01413773023638,776.2240054703101,-709.4438222821663,-100.01413773023638,0.0011638624598600904,0.0011638624607667178,0.0011638624598600904,0.0011638624607667178,0.0,0.0,0.19973275960077966,0.2002429335306219,0.2002429335306219,0.4042109694267637,0.404201161909206,0.9999755059571339,0.03891773632945404,-0.015896654988811453,-0.015896654988811453,0.2535881770104767,0.2535881770104767,0.0,0.0,0.0,0.0,0.001564492863008001,0.001564492863008001,-0.014950461632440726,-0.014950461632440726,0.034273362062918124,0.034273362062918124
5,10,sqp_full,sqp_full,,10,0,56,22.622393333371768,775.8238147912732,-708.9971279048322,-100.01440432553605,775.9498833301803,-709.1607418129586,-100.01439999072683,775.9494149507535,-709.1619375721699,-100.01440321575478,nan,nan,nan,0.0012842193655647786,0.0012842234150243876,nan,nan,nan,nan,0.20654972145855585,0.20721396311418583,nan,0.39342657957514926,nan,nan,nan,-0.005987491756445385,nan,0.31389232926843486,nan,0.0,nan,0.0,nan,0.0008721964277601151,nan,-0.018530991850824286,nan,0.028439255265163624,nan
5,11,sqp_full,sqp_full,,10,0,57,23.025391063526154,775.6586124146631,-708.6295476018917,-100.0146615456349,775.7494087047941,-708.8312409292347,-100.01462767411819,775.7487239478761,-708.832155392039,-100.01463455785384,nan,nan,nan,0.001142424727169742,0.001142445466123163,nan,nan,nan,nan,0.22118807516729916,0.22174310597260813,nan,0.3856954234086528,nan,nan,nan,0.008851925840116615,nan,0.36083721986143164,nan,0.0,nan,0.0,nan,0.00027057389371563175,nan,-0.021340922072696503,nan,0.02176001271805778,nan
5,12,sqp_full,sqp_full,,10,0,58,23.42857696903292,775.5758463738447,-708.2349483232249,-100.01491876573375,775.6285472706486,-708.4841225836201,-100.01480975621607,775.6276998104611,-708.4843198520892,-100.01481023031798,nan,nan,nan,0.0008701170141407176,0.0008701171433030034,nan,nan,nan,nan,0.254686467185462,0.25470559141309956,nan,0.36755770333353927,nan,nan,nan,0.025367948708278146,nan,0.3774695903337907,nan,0.0,nan,0.0,nan,-0.00017372036389086277,nan,-0.022383269115238167,nan,0.014523201425107794,nan
5,13,sqp_full,sqp_full,,10,0,59,23.832005755335558,775.5757993427779,-707.8315196216635,-100.01517598583261,775.5782358802768,-708.1642053599688,-100.01493782353953,775.5773364098375,-708.163288827149,-100.01494855464273,nan,nan,nan,0.0012841648962454548,0.0012842097326079564,nan,nan,nan,nan,0.3326946605925104,0.33177276603678396,nan,0.3238491661114536,nan,nan,nan,0.03751429299812214,nan,0.3481733443413517,nan,0.0,nan,0.0,nan,-0.0003753703260603732,nan,-0.02071864487974024,nan,0.007858451302274916,nan
5,14,sqp_full,sqp_full,,10,0,60,24.235623427351253,775.6399933753629,-707.4330396533067,-100.01543320593147,775.5643845609832,-707.9398505861449,-100.0150140873756,775.5635071775985,-707.9378147743879,-100.01502556319208,nan,nan,nan,0.002216829067277667,0.0022168587703981055,nan,nan,nan,nan,0.5124197639204168,0.5105370322621794,nan,0.22478195968528442,nan,nan,nan,0.0338095814197039,nan,0.2441951573306999,nan,0.0,nan,0.0,nan,-0.00027026862142514517,nan,-0.01458341410004104,nan,0.003704651422262025,nan
6,0,sqp_full,sqp_full,,10,1,49,19.797979797980563,778.3348502487898,-709.9399204730369,-100.01260378484403,776.3180941123796,-709.7375527701224,-100.0141572829688,776.3184759631208,-709.7290295422134,-100.01367709718484,776.3184759631208,-709.7290295422134,-100.01367709718484,0.008531777304728294,0.008545279536948402,0.008531777304728294,0.008545279536948402,0.0,0.0,2.0268838153508963,2.027372744369149,2.027372744369149,0.3084319576563487,0.30044644677261667,0.9740606917340218,0.5725485449245363,-0.5000102103804389,-0.5000102103804389,-0.18609168057356054,-0.18609168057356054,-1.6591707526954228e-11,-1.6591707526954228e-11,-6.71915893605046e-21,-6.71915893605046e-21,-0.0008247853874471361,-0.0008247853874471361,2.251869067776398,2.251869067776398,-0.009999905384517215,-0.009999905384517215
6,1,sqp_full,sqp_full,,10,1,50,20.202018536570584,777.9308118884686,-709.9394310773979,-100.01286100494289,776.4136708836581,-709.910010022021,-100.01378439624405,776.4174772046623,-709.8600118764464,-100.01325435707895,776.4174772046623,-709.8600118764464,-100.01325435707895,0.05014282242230557,0.050145623757127694,0.05014282242230557,0.050145623757127694,0.0,0.0,1.5174262509185945,1.5154171949304744,1.5154171949304744,0.19717140255350227,0.1641882956153286,0.8244358149462222,8.087932310399403,-0.44123536577107236,-0.44123536577107236,-0.13913576413340709,-0.13913576413340709,-2.6597490107966763e-11,-2.6597490107966763e-11,-1.428463860726072e-20,-1.428463860726072e-20,-0.0006332380945979889,-0.0006332380945979889,0.290114943456736,0.290114943456736,-0.009999757731550096,-0.009999757731550096
6,2,sqp_full,sqp_full,,10,1,50,20.202018536570584,777.9308118884686,-709.9394310773979,-100.01286100494289,776.5169930324367,-709.9109432035826,-100.01365513513811,776.5174910008209,-709.8567080136423,-100.01314589251989,776.5174910008209,-709.8567080136423,-100.01314589251989,0.0542374759771507,0.05423986659659299,0.0542374759771507,0.05423986659659299,0.0,0.0,1.4141058364301355,1.4157397489433976,1.4157397489433976,0.10332644368452505,0.10006841008056823,0.9676122838728052,2.409510230877243,0.0014423703061354882,0.0014423703061354882,0.005487096726857423,0.005487096726857423,-3.550882215184555e-11,-3.550882215184555e-11,-3.935621105388366e-21,-3.935621105388366e-21,-3.946403931801638e-05,-3.946403931801638e-05,0.002466811451124248,0.002466811451124248,-0.010000001409218215,-0.010000001409218215
6,3,sqp_full,sqp_full,,10,1,51,20.60596566234257,777.527149014864,-709.9242818618887,-100.01311822504175,776.6252259056805,-709.8460407690927,-100.01363274061231,776.6178456586566,-709.7963850021579,-100.0130031327319,776.6178456586566,-709.7963850021579,-100.0130031327319,0.05020122743538484,0.050205175451364735,0.05020122743538484,0.050205175451364735,0.0,0.0,0.9053104238221713,0.9182538866451291,0.9182538866451291,0.1262009562358142,0.11708946769131426,0.9278007219383646,0.08517714759710947,0.019006034623241352,0.019006034623241352,0.08240634918303187,0.08240634918303187,-3.5905253883711094e-11,-3.5905253883711094e-11,-4.201868013460935e-21,-4.201868013460935e-21,0.0009903997049387206,0.0009903997049387206,-0.004858852696008043,-0.004858852696008043,-0.01000000026391838,-0.01000000026391838
6,4,sqp_full,sqp_full,,10,1,52,21.009682638263833,777.1272469472419,-709.8689133979727,-100.01337544514061,776.7327910493749,-709.7867304860569,-100.01356781094101,776.7183809771171,-709.739282158983,-100.01283710184327,776.7183809771171,-709.739282158983,-100.01283710184327,0.04958824381432413,0.0495936272153425,0.04958824381432413,0.0495936272153425,0.0,0.0,0.40292615498754397,0.4289238156690738,0.4289238156690738,0.12283311454019483,0.11562055406743411,0.9412060573358387,0.7260362701868758,0.02085730706967276,0.02085730706967276,0.07912553665835856,0.07912553665835856,-3.142750221814856e-11,-3.142750221814856e-11,-4.072849854755328e-21,-4.072849854755328e-21,0.0015893742928224802,0.0015893742928224802,-0.004706871517560279,-0.004706871517560279,-0.009999999256725487,-0.009999999256725487
6,5,sqp_full,sqp_full,,10,1,53,21.413189617935263,776.7396844805236,-709.7566051130042,-100.01363266523947,776.7449319370148,-709.7565998392765,-100.0136274587568,776.7260701221951,-709.71516029235,-100.01273667745765,776.7260701221951,-709.71516029235,-100.01273667745765,0.04553025486166925,0.04553896791860218,0.04553025486166925,0.04553896791860218,0.0,0.0,0.005247459141395262,0.04362366229182658,0.04362366229182658,0.03248477467911135,0.025317928172421192,0.7772056593998128,4.279149525535481,0.010603553612896213,0.010603553612896213,0.032731244108570465,0.032731244108570465,-2.4578637640545937e-11,-2.4578637640545937e-11,-3.403055487437709e-21,-3.403055487437709e-21,0.0021493970890115407,0.0021493970890115407,-0.0019280358044594912,-0.0019280358044594912,-0.0007406280789156222,-0.0007406280789156222
6,6,sqp_full,sqp_full,,10,1,54,21.81642421755359,776.3812543101576,-709.571873174405,-100.01388988533833,776.3869872642377,-709.5729536582386,-100.01389159966381,776.3482206678763,-709.6116784527037,-100.0130752189358,776.3482206678763,-709.6116784527037,-100.0130752189358,0.05479469590953153,0.054800777159736636,0.05479469590953153,0.054800777159736636,0.0,0.0,0.005833884452005637,0.05172699201386378,0.05172699201386378,0.40230632402411065,0.39176372455343395,0.9530613084654389,11.844360674149797,0.034804385571738324,0.034804385571738324,0.12473396715717251,0.12473396715717251,-1.6006243831553707e-11,-1.6006243831553707e-11,-2.6362673730108546e-21,-2.6362673730108546e-21,0.0021734533317778093,0.0021734533317778093,-0.007494965502812573,-0.007494965502812573,0.03793948674292224,0.03793948674292224
6,7,sqp_full,sqp_full,,10,1,55,22.21945701180642,776.0693811583575,-709.3165880313447,-100.01414710543719,776.0734347718334,-709.3170008305372,-100.01420567713353,776.0052426279763,-709.4412647539248,-100.01339029820149,776.0052426279763,-709.4412647539248,-100.01339029820149,0.14174516266705303,0.14174750785220938,0.14174516266705303,0.14174750785220938,0.0,0.0,0.004074577939506127,0.14020711905160457,0.14020711905160457,0.4047556227478627,0.3829815450646564,0.9226774644685448,12.803588319851062,0.0591703636059032,0.0591703636059032,0.2006141242333175,0.2006141242333175,-6.244618463862367e-12,-6.244618463862367e-12,-1.3598779503082612e-21,-1.3598779503082612e-21,0.0021472279685847214,0.0021472279685847214,-0.012138814270525088,-0.012138814270525088,0.0346791527495809,0.0346791527495809
6,8,sqp_full,sqp_full,,10,1,56,22.622393333371768,775.8238147912732,-708.9971279048322,-100.01440432553605,775.828209845858,-708.9990007585378,-100.01446936597272,775.7223112070141,-709.2043574258547,-100.01367659156124,775.7223112070141,-709.2043574258547,-100.01367659156124,0.23105385199240275,0.2310552120420456,0.23105385199240275,0.2310552120420456,0.0,0.0,0.004777455997437103,0.2307532274978915,0.2307532274978915,0.4015711389566528,0.3690194480306176,0.8974266176500307,12.421987696183887,0.08570166946655716,0.08570166946655716,0.2699350994730075,0.2699350994730075,3.4728615919891608e-12,3.4728615919891608e-12,-5.66408644684828e-23,-5.66408644684828e-23,0.0017607013652196897,0.0017607013652196897,-0.016440021068074108,-0.016440021068074108,0.029082312917198337,0.029082312917198337
6,9,sqp_full,sqp_full,,10,1,57,23.025391063526154,775.6586124146631,-708.6295476018917,-100.0146615456349,775.6641417636212,-708.6374818366015,-100.0147664523963,775.5153541386803,-708.9104046166015,-100.01392260198661,775.5153541386803,-708.9104046166015,-100.01392260198661,0.31084497933603444,0.3108461247336592,0.31084497933603444,0.3108461247336592,0.0,0.0,0.009670872780239176,0.31528335882072733,0.31528335882072733,0.3970067440071887,0.35949901630228165,0.8896691248963228,10.737439948610358,0.11125243277957009,0.11125243277957009,0.3249150163959146,0.3249150163959146,1.2162218906357732e-11,1.2162218906357732e-11,1.4493753132922507e-21,1.4493753132922507e-21,0.0013272843921854072,0.0013272843921854072,-0.01992292570524237,-0.01992292570524237,0.022091662209631924,0.022091662209631924
6,10,sqp_full,sqp_full,,10,0,58,23.42857696903292,775.5758463738447,-708.2349483232249,-100.01491876573375,775.5807110581568,-708.2529871657005,-100.01512457785265,775.3875357373089,-708.5763079393807,-100.0141351251476,nan,nan,nan,0.3766338105878195,0.37663511027857854,nan,nan,nan,nan,0.018683281064041986,0.38985546472328947,nan,0.393442451725082,nan,nan,nan,0.13277532900498745,nan,0.3602433805066317,nan,1.9319389565946558e-11,nan,2.8243450608579762e-21,nan,0.0007104744733965922,nan,-0.022250311611666337,nan,0.014930437569832044,nan
6,11,sqp_full,sqp_full,,10,0,59,23.832005755335558,775.5757993427779,-707.8315196216635,-100.01517598583261,775.5757421192773,-707.8659053110148,-100.0153213488987,775.3400698015516,-708.221565039333,-100.01433669012675,nan,nan,nan,0.42665593127193313,0.42665706749381016,nan,nan,nan,nan,0.03438573696599776,0.455745372386545,nan,0.38711379631753284,nan,nan,nan,0.14896131189009246,nan,0.37672559893220503,nan,2.3895398727463898e-11,nan,4.088828172878682e-21,nan,-0.00038112567321552413,nan,-0.023452138664511638,nan,0.007692749983928668,nan
6,12,sqp_full,sqp_full,,10,0,60,24.235623427351253,775.6399933753629,-707.4330396533067,-100.01543320593147,775.6284457212876,-707.4963840734101,-100.01534444777685,775.3548512169889,-707.8692004451553,-100.01452381225305,nan,nan,nan,0.4624348600870288,0.4624355882351323,nan,nan,nan,nan,0.0643883830585182,0.5210971951836936,nan,0.3732607871707415,nan,nan,nan,0.15660406754472364,nan,0.3705204117496809,nan,2.479599004968254e-11,nan,5.176801889613639e-21,nan,-0.0010879971252396026,nan,-0.02326208382313556,nan,0.0021399959946608463,nan
6,13,sqp_full,sqp_full,,10,0,61,24.639494442075346,775.7516610414759,-707.0449133043983,-100.01569042603033,775.7123529355447,-707.1744063239339,-100.0154692903792,775.4080951107527,-707.5511886550046,-100.01467690516942,nan,nan,nan,0.4842909755035081,0.48429162374385554,nan,nan,nan,nan,0.1353276368683753,0.6118433454613189,nan,0.3327312839932651,nan,nan,nan,0.14894424760560557,nan,0.3325282939063822,nan,1.9556977247617196e-11,nan,5.3251482835283435e-21,nan,-0.0009339454877863136,nan,-0.021061191956410586,nan,-0.001452677863820676,nan
6,14,sqp_full,sqp_full,,10,0,62,25.043518827373667,775.8863153166785,-706.6639882935061,-100.01594764612919,775.7767075650263,-706.9740388085768,-100.01556015101622,775.456413085861,-707.3300120852134,-100.014752629062,nan,nan,nan,0.4788585668682896,0.47885924774912586,nan,nan,nan,nan,0.3288543463569808,0.7927191300719814,nan,0.21044872962733685,nan,nan,nan,0.10599323445305682,nan,0.2296554939532159,nan,1.0496376894135588e-11,nan,3.673036044334824e-21,nan,-0.0004882861566916035,nan,-0.014656756474737253,nan,-0.0017975520557309457,nan
7,0,sqp_full,sqp_full,,10,1,51,20.60596566234257,777.527149014864,-709.9242818618887,-100.01311822504175,775.5945958551222,-709.3354206148886,-100.0139682096117,775.596744171032,-709.3293380251598,-100.01402317126914,775.596744171032,-709.3293380251598,-100.01402317126914,0.0064508262304764944,0.006451060365520769,0.0064508262304764944,0.006451060365520769,0.0,0.0,2.0202770313614846,2.020005205426886,2.020005205426886,0.43233997097726845,0.42676638607874223,0.9870801039474951,0.4332808535462674,-0.3672808594397767,-0.3672808594397767,-0.1397844808085618,-0.1397844808085618,-1.771551693599215e-11,-1.771551693599215e-11,-8.47097722654355e-19,-8.47097722654355e-19,-0.010515634402699462,-0.010515634402699462,5.213743800004042,5.213743800004042,-0.009999931837833138,-0.009999931837833138
7,1,sqp_full,sqp_full,,10,1,52,21.009682638263833,777.1272469472419,-709.8689133979727,-100.01337544514061,775.682205959321,-709.5518422229071,-100.01397579137084,775.691741322534,-709.5075359398921,-100.01393166931267,775.691741322534,-709.5075359398921,-100.01393166931267,0.04532074432538451,0.04532076580291742,0.04532074432538451,0.04532076580291742,0.0,0.0,1.4794179892203585,1.4802939119570113,1.4802939119570113,0.23348199680613588,0.20193802014734188,0.8601226122301089,6.023400072851619,-0.35109074359545867,-0.35109074359545867,-0.12329125302353228,-0.12329125302353228,-2.9146390951210724e-11,-2.9146390951210724e-11,-4.59618141628759e-19,-4.59618141628759e-19,-0.006128485096025558,-0.006128485096025558,1.0448614822175901,1.0448614822175901,-0.009999927188735538,-0.009999927188735538
7,2,sqp_full,sqp_full,,10,1,53,21.413189617935263,776.7396844805236,-709.7566051130042,-100.01363266523947,775.7928786680685,-709.4777676557065,-100.01403568544356,775.7935064705241,-709.4390827331197,-100.01394268569567,775.7935064705241,-709.4390827331197,-100.01394268569567,0.03869001643155385,0.038690128203806934,0.03869001643155385,0.038690128203806934,0.0,0.0,0.987011435643352,0.9980347129904562,0.9980347129904562,0.1331746730980235,0.1226457785015632,0.9209367001096346,0.13382054338579602,0.02147648411316639,0.02147648411316639,0.09433279454408387,0.09433279454408387,-5.6996178262713384e-11,-5.6996178262713384e-11,1.654519357410852e-20,1.654519357410852e-20,-0.0023236299049641993,-0.0023236299049641993,0.004335481606797813,0.004335481606797813,-0.009999976146366074,-0.009999976146366074
7,3,sqp_full,sqp_full,,10,1,54,21.81642421755359,776.3812543101576,-709.571873174405,-100.01388988533833,775.9117802225817,-709.339894652484,-100.01404949096926,775.8973588069498,-709.3157163897646,-100.0138639945381,775.8973588069498,-709.3157163897646,-100.0138639945381,0.02815254192707769,0.02815315303623806,0.02815254192707769,0.02815315303623806,0.0,0.0,0.5236601508019829,0.5475136129285948,0.5475136129285948,0.18206192593142598,0.161259321114131,0.8856757626216757,0.6838527331132505,0.04811928949084821,0.04811928949084821,0.1652114806062246,0.1652114806062246,-6.816580039639324e-11,-6.816580039639324e-11,3.2359823234656225e-20,3.2359823234656225e-20,-0.00010174887790060096,-0.00010174887790060096,-0.01007705124714421,-0.01007705124714421,-0.009999981214295956,-0.009999981214295956
7,4,sqp_full,sqp_full,,10,1,55,22.21945701180642,776.0693811583575,-709.3165880313447,-100.01414710543719,776.0213097132136,-709.2829514531761,-100.0141730902476,775.9994230666013,-709.2600425346718,-100.01369763836345,775.9994230666013,-709.2600425346718,-100.01369763836345,0.03168349486670752,0.03168706205161366,0.03168349486670752,0.03168706205161366,0.0,0.0,0.05867097433242458,0.08995291988677521,0.08995291988677521,0.12344736749838071,0.11626142487292027,0.9415995434700042,1.1505509449592015,0.029252828380512547,0.029252828380512547,0.07859454544497663,0.07859454544497663,-7.026597951675102e-11,-7.026597951675102e-11,4.2496096594625535e-20,4.2496096594625535e-20,0.0015239948701307366,0.0015239948701307366,-0.004875955315070584,-0.004875955315070584,-0.00999998988980467,-0.00999998988980467
7,5,sqp_full,sqp_full,,10,1,56,22.622393333371768,775.8238147912732,-708.9971279048322,-100.01440432553605,775.9359368059436,-709.142096205565,-100.01436311600597,775.8975350965828,-709.1567720457305,-100.01376798966017,775.8975350965828,-709.1567720457305,-100.01376798966017,0.04111048000680806,0.041114787385533584,0.04111048000680806,0.041114787385533584,0.0,0.0,0.1832679851778193,0.17584349614960781,0.17584349614960781,0.1647081363658015,0.1450722484486924,0.8568274830380654,13.39373725421398,0.0464737897826179,0.0464737897826179,0.1223389780184615,0.1223389780184615,-6.901421847358384e-11,-6.901421847358384e-11,4.610753027393965e-20,4.610753027393965e-20,0.0016685351558629658,0.0016685351558629658,-0.0075781550839078525,-0.0075781550839078525,0.010600498044760008,0.010600498044760008
7,6,sqp_full,sqp_full,,10,1,57,23.025391063526154,775.6586124146631,-708.6295476018917,-100.0146615456349,775.7438630278698,-708.8191444138678,-100.01465330106969,775.6681826399147,-708.9130075958506,-100.01405515129008,775.6681826399147,-708.9130075958506,-100.01405515129008,0.12057287444933039,0.12057435812034346,0.12057287444933039,0.12057435812034346,0.0,0.0,0.2078812597700691,0.2836215037448909,0.2836215037448909,0.375752951008257,0.3346994754504732,0.8695842367277548,12.513373981448527,0.1056114960821216,0.1056114960821216,0.277781817618499,0.277781817618499,-6.316569451990047e-11,-6.316569451990047e-11,4.621752343876941e-20,4.621752343876941e-20,0.0010681447764390407,0.0010681447764390407,-0.01718355924842067,-0.01718355924842067,0.024127590008980192,0.024127590008980192
7,7,sqp_full,sqp_full,,10,1,58,23.42857696903292,775.5758463738447,-708.2349483232249,-100.01491876573375,775.6202336643253,-708.4465863121942,-100.01509930187842,775.5016299230585,-708.6131557763907,-100.01434377171769,775.5016299230585,-708.6131557763907,-100.01434377171769,0.2044803996602636,0.20448179545144082,0.2044803996602636,0.20448179545144082,0.0,0.0,0.21624261821198149,0.3854204965975538,0.3854204965975538,0.39253529468031106,0.3430029218932008,0.8586433126102093,10.692128991290213,0.1351956248357745,0.1351956248357745,0.33433462398337926,0.33433462398337926,-5.5753675315785456e-11,-5.5753675315785456e-11,4.5180143695265356e-20,4.5180143695265356e-20,0.00012553517468672992,0.00012553517468672992,-0.020739051603550534,-0.020739051603550534,0.018558206341508777,0.018558206341508777
7,8,sqp_full,sqp_full,,10,1,59,23.832005755335558,775.5757993427779,-707.8315196216635,-100.01517598583261,775.5757224605848,-708.0541695892866,-100.01512153301394,775.4129504166312,-708.2798837396992,-100.01467065475406,775.4129504166312,-708.2798837396992,-100.01467065475406,0.27828333760623497,0.27828370286538695,0.27828333760623497,0.27828370286538695,0.0,0.0,0.22264998089713342,0.4770221746304784,0.4770221746304784,0.3949330730264222,0.34486868827590467,0.8638002022912422,8.429272473656725,0.1575172419665011,0.1575172419665011,0.36539606383501355,0.36539606383501355,-4.362272054943461e-11,-4.362272054943461e-11,4.217085071503205e-20,4.217085071503205e-20,-0.0019000815968030491,-0.0019000815968030491,-0.022752359215146435,-0.022752359215146435,0.011554821006920773,0.011554821006920773
7,9,sqp_full,sqp_full,,10,1,60,24.235623427351253,775.6399933753629,-707.4330396533067,-100.01543320593147,775.6042640597097,-707.6539694948207,-100.01497306139403,775.398272958469,-707.9257334447278,-100.01496671795489,775.398272958469,-707.9257334447278,-100.01496671795489,0.3410102318986426,0.34101023195764263,0.3410102318986426,0.34101023195764263,0.0,0.0,0.2238003102510149,0.548794981799614,0.548794981799614,0.40121660052281144,0.3544544355201083,0.8778520244354084,6.452917721510155,0.1765732829715015,0.1765732829715015,0.384346584210933,0.384346584210933,-3.413196452572337e-11,-3.413196452572337e-11,3.798993996621952e-20,3.798993996621952e-20,-0.002449325962417575,-0.002449325962417575,-0.02404482107210736,-0.02404482107210736,0.004997581273796335,0.004997581273796335
7,10,sqp_full,sqp_full,,10,0,61,24.639494442075346,775.7516610414759,-707.0449133043983,-100.01569042603033,775.6935177633583,-707.2447223622452,-100.01535163933757,775.446016305637,-707.5514455520001,-100.01513161855179,nan,nan,nan,0.39412699312228794,0.39412705453541524,nan,nan,nan,nan,0.20809685338306874,0.5916025882352737,nan,0.4188670224039078,nan,nan,nan,0.197142177262527,nan,0.4035964654347608,nan,-2.8237823147438102e-11,nan,3.318770284873081e-20,nan,-0.0007882100176225266,nan,-0.02538738922632205,nan,-0.0002680121525818828,nan
7,11,sqp_full,sqp_full,,10,0,62,25.043518827373667,775.8863153166785,-706.6639882935061,-100.01594764612919,775.8311147983283,-706.8155543175374,-100.0154158184723,775.5455413848277,-707.1387120777116,-100.01524158960929,nan,nan,nan,0.4312575940886276,0.43125762928301714,nan,nan,nan,nan,0.16130516689431898,0.5843710669766548,nan,0.4506863196833593,nan,nan,nan,0.22897478454246822,nan,0.44156176858720875,nan,-2.2699032308276427e-11,nan,2.682133131401486e-20,nan,0.00030977500271257364,nan,-0.027951516503859422,nan,-0.0040380575568909,nan
7,12,sqp_full,sqp_full,,10,0,63,25.447559231414143,776.0242635098198,-706.2842266867788,-100.01620486622805,775.9695591753804,-706.428723751753,-100.01649885590292,775.66944228066,-706.6709043956782,-100.01534207387736,nan,nan,nan,0.38564441495855034,0.3856461499008868,nan,nan,nan,nan,0.15450555327428164,0.5248025869050541,nan,0.41085995805452763,nan,nan,nan,0.2670478845619062,nan,0.48709812492852034,nan,-1.7301493531883984e-11,nan,1.9131260751407368e-20,nan,0.002127829382967123,nan,-0.0310523253434349,nan,-0.004495763962791767,nan
7,13,sqp_full,sqp_full,,10,0,64,25.851599635454477,776.1622117029609,-705.9044650800516,-100.01646208632691,776.0098408920413,-706.3243690001278,-100.01633995419955,775.7364019059819,-706.3810217362261,-100.01533096985152,nan,nan,nan,0.27924614877306075,0.2792479716202088,nan,nan,nan,nan,0.4466947124330711,0.6390776398431285,nan,0.11185953751751529,nan,nan,nan,0.1651408863947952,nan,0.2931454274248363,nan,-1.0828876978035207e-11,nan,6.44198354395846e-21,nan,0.0006792198463798158,nan,-0.018809655137582836,nan,-0.0011844677640227717,nan
7,14,sqp_full,sqp_full,,10,0,65,26.255640039494953,776.3001598961023,-705.5247034733244,-100.01671930642577,776.020727452614,-706.3034682722839,-100.01624876832967,775.7635946508972,-706.2667024520387,-100.01536424802399,nan,nan,nan,0.25974796102573744,0.2597494670508473,nan,nan,nan,nan,0.8273796604776822,0.9156772066481915,nan,0.023566203350868977,nan,nan,nan,0.06506016715709494,nan,0.11463001560688053,nan,-4.880469673963939e-12,nan,1.5253570959798447e-21,nan,0.0001238110979137333,nan,-0.007399944744448129,nan,-0.00041131573945171344,nan
8,0,sqp_full,sqp_full,,10,1,53,21.413189617935263,776.7396844805236,-709.7566051130042,-100.01363266523947,774.8637570086248,-708.2523631445208,-100.01472704439976,774.8625426605302,-708.2643920369823,-100.0154446008123,774.8625426605302,-708.2643920369823,-100.0154446008123,0.01209003288432217,0.012111308036259599,0.01209003288432217,0.012111308036259599,0.0,0.0,2.4045473128160895,2.3979910918556926,2.3979910918556926,0.6264138559035614,0.6337955684677622,1.011666606164777,0.8731183724723433,-0.302912570851221,-0.302912570851221,-0.0963624801490898,-0.0963624801490898,-5.367230542099215e-11,-5.367230542099215e-11,2.330100211568597e-18,2.330100211568597e-18,-0.004694502800475246,-0.004694502800475246,5.2105981385840066,5.2105981385840066,0.049998973270640235,0.049998973270640235
8,1,sqp_full,sqp_full,,10,1,54,21.81642421755359,776.3812543101576,-709.571873174405,-100.01388988533833,774.9414983483638,-708.4663713043199,-100.01481605307895,774.9467041054751,-708.4566589535756,-100.01541060413682,774.9467041054751,-708.4566589535756,-100.01541060413682,0.011019512878625385,0.011035540541478159,0.011019512878625385,0.011035540541478159,0.0,0.0,1.8152221941907314,1.8170407392502304,1.8170407392502304,0.22769105447414373,0.20988024487147375,0.9198794535483091,3.6764534526543833,-0.2710835968414173,-0.2710835968414173,-0.058408183266603506,-0.058408183266603506,-8.902357409532225e-11,-8.902357409532225e-11,1.4321905568024435e-18,1.4321905568024435e-18,-0.0063434794438103235,-0.0063434794438103235,1.4833102950448833,1.4833102950448833,-0.010000897718987262,-0.010000897718987262
8,2,sqp_full,sqp_full,,10,1,55,22.21945701180642,776.0693811583575,-709.3165880313447,-100.01414710543719,775.068966949233,-708.3360953925834,-100.01503536833316,775.0575051259306,-708.3299606132448,-100.01550088327605,775.0575051259306,-708.3299606132448,-100.01550088327605,0.013000342724310665,0.013008674610104846,0.013000342724310665,0.013008674610104846,0.0,0.0,1.400783496648731,1.4132681158034504,1.4132681158034504,0.1822638348261081,0.16831323099168496,0.9220143105016894,3.205647925442218,0.06511586868013954,0.06511586868013954,0.16083910687900668,0.16083910687900668,-1.8096316254605707e-10,-1.8096316254605707e-10,1.019923419410527e-18,1.019923419410527e-18,-0.003334632777854509,-0.003334632777854509,0.004362035964581543,0.004362035964581543,-0.010000788846300243,-0.010000788846300243
8,3,sqp_full,sqp_full,,10,1,56,22.622393333371768,775.8238147912732,-708.9971279048322,-100.01440432553605,775.2216476922858,-708.0665937049503,-100.01508376617528,775.1821333866905,-708.071417485117,-100.01562066866101,775.1821333866905,-708.071417485117,-100.01562066866101,0.039807652553085424,0.039811273102807916,0.039807652553085424,0.039811273102807916,0.0,0.0,1.1083767916428882,1.1263635319720957,1.1263635319720957,0.309745978631838,0.28701353074502906,0.9245754979233917,3.7969262786723172,0.14140983624507938,0.14140983624507938,0.3079043615368932,0.3079043615368932,-2.12568778906116e-10,-2.12568778906116e-10,1.1247456666833073e-18,1.1247456666833073e-18,-0.0030018777900589653,-0.0030018777900589653,-0.01948839380813053,-0.01948839380813053,-0.01000082168483334,-0.01000082168483334
8,4,sqp_full,sqp_full,,10,1,57,23.025391063526154,775.6586124146631,-708.6295476018917,-100.0146615456349,775.36490955896,-707.8584640254488,-100.0151555319929,775.304222225236,-707.8693298737729,-100.0157081513213,775.304222225236,-707.8693298737729,-100.0157081513213,0.06165240574649274,0.06165488238941263,0.06165240574649274,0.06165488238941263,0.0,0.0,0.8251249901124622,0.83876301808571,0.83876301808571,0.2526696085457586,0.23610399151506709,0.9327899385046916,3.4030235233557877,0.11738419068232081,0.11738419068232081,0.24361443741502986,0.24361443741502986,-1.8213253617043623e-10,-1.8213253617043623e-10,1.0105956140255776e-18,1.0105956140255776e-18,-0.0026587794283072434,-0.0026587794283072434,-0.015536156839750688,-0.015536156839750688,-0.010000787778068303,-0.010000787778068303
8,5,sqp_full,sqp_full,,10,1,58,23.42857696903292,775.5758463738447,-708.2349483232249,-100.01491876573375,775.4879373803716,-707.7565329396087,-100.01519279443578,775.416804298008,-707.765661014029,-100.0157388062699,775.416804298008,-707.765661014029,-100.0157388062699,0.07171636597855564,0.07171844447625124,0.07171636597855564,0.07171844447625124,0.0,0.0,0.48642498950407703,0.4955047532151554,0.4955047532151554,0.15976793323542532,0.15304233574401213,0.9565935214818708,2.997328229954397,0.06184381517131353,0.06184381517131353,0.1364672248932614,0.1364672248932614,-1.3031924229749529e-10,-1.3031924229749529e-10,7.157451286313059e-19,7.157451286313059e-19,-0.00225327818687764,-0.00225327818687764,-0.00857675807839441,-0.00857675807839441,-0.010000580885775623,-0.010000580885775623
8,6,sqp_full,sqp_full,,10,1,59,23.832005755335558,775.5757993427779,-707.8315196216635,-100.01517598583261,775.5846409039633,-707.738156885269,-100.01512705180536,775.5112838768222,-707.7388328433915,-100.01572520331963,775.5112838768222,-707.7388328433915,-100.01572520331963,0.07336014142814909,0.07336257994094857,0.07336014142814909,0.07336257994094857,0.0,0.0,0.09378045505999556,0.11292955420940035,0.11292955420940035,0.0984340142950663,0.09821477352065303,0.9938333571952416,5.093044014085283,0.013458884936288338,0.013458884936288338,0.05231719129221791,0.05231719129221791,-7.160566241006039e-11,-7.160566241006039e-11,2.976036657255972e-19,2.976036657255972e-19,-0.0018189409760852513,-0.0018189409760852513,-0.0030568034193527637,-0.0030568034193527637,-0.009070614342922388,-0.009070614342922388
8,7,sqp_full,sqp_full,,10,1,60,24.235623427351253,775.6399933753629,-707.4330396533067,-100.01543320593147,775.6446404249658,-707.4198499933632,-100.01549699610311,775.5393674355284,-707.4460476379884,-100.01590353449046,775.5393674355284,-707.4460476379884,-100.01590353449046,0.10848372637864628,0.10848448811907346,0.10848372637864628,0.10848448811907346,0.0,0.0,0.013984355524509624,0.10146323192693218,0.10146323192693218,0.3239125758813029,0.2941290440853256,0.9043194473545517,5.195881512983159,0.15150614699684878,0.15150614699684878,0.3260127054306887,0.3260127054306887,-2.003758555798475e-11,-2.003758555798475e-11,-1.388255992961967e-19,-1.388255992961967e-19,-0.0010842492031065227,-0.0010842492031065227,-0.020801012929298264,-0.020801012929298264,0.000968135608815393,0.000968135608815393
8,8,sqp_full,sqp_full,,10,1,61,24.639494442075346,775.7516610414759,-707.0449133043983,-100.01569042603033,775.7558676707025,-707.0340469616464,-100.01581665384492,775.6176441479902,-707.0764472323866,-100.01606342385348,775.6176441479902,-707.0764472323866,-100.01606342385348,0.14458051455795648,0.1445807251513167,0.14458051455795648,0.1445807251513167,0.0,0.0,0.011652172941107543,0.13767685482302622,0.13767685482302622,0.4015166019694252,0.37779852977400663,0.9384918609731023,4.124528586768889,0.1941020509806149,0.1941020509806149,0.4165821020229356,0.4165821020229356,1.2586510535424081e-11,1.2586510535424081e-11,-9.444350089949888e-19,-9.444350089949888e-19,-0.0014546551585814863,-0.0014546551585814863,-0.026663736753180137,-0.026663736753180137,-0.002337228277846903,-0.002337228277846903
8,9,sqp_full,sqp_full,,10,1,62,25.043518827373667,775.8863153166785,-706.6639882935061,-100.01594764612919,775.9150947901373,-706.5814808095423,-100.01621540058018,775.7477244127418,-706.6283611937878,-100.01628062486138,775.7477244127418,-706.6283611937878,-100.01628062486138,0.17381200665230262,0.1738120188902567,0.17381200665230262,0.1738120188902567,0.0,0.0,0.0873827385849029,0.14309692130968835,0.14309692130968835,0.4797598947315007,0.46658549103172864,0.9710274897717055,3.195438581716912,0.24402414988965512,0.24402414988965512,0.49995168220832903,0.49995168220832903,2.830956202221026e-11,2.830956202221026e-11,-2.9842639139673422e-18,-2.9842639139673422e-18,-0.002197328105055948,-0.002197328105055948,-0.03281650766870786,-0.03281650766870786,-0.005259316725055791,-0.005259316725055791
8,10,sqp_full,sqp_full,,10,0,63,25.447559231414143,776.0242635098198,-706.2842266867788,-100.01620486622805,776.0497649780854,-706.2054048725007,-100.01620883564547,775.8837488648655,-706.1615476319782,-100.0165844510974,nan,nan,nan,0.17171140729387024,0.17171181811922298,nan,nan,nan,nan,0.08284445237786317,0.18653288164121612,nan,0.3994610994662107,nan,nan,nan,0.2840688063919279,nan,0.4999451056707965,nan,4.0432418018875844e-11,nan,-3.3325932832163887e-18,nan,-0.0032741608523398687,nan,-0.03769906697028289,nan,-0.004275028336668425,nan
8,11,sqp_full,sqp_full,,10,0,64,25.851599635454477,776.1622117029609,-705.9044650800516,-100.01646208632691,776.1971689632304,-705.8082567481907,-100.01614287178475,776.0430535773298,-705.6776082531487,-100.01697161646273,nan,nan,nan,0.20204103896986003,0.20204273866130837,nan,nan,nan,nan,0.10236236205274998,0.25624730011531827,nan,0.4236207877699842,nan,nan,nan,0.3871417474738493,nan,0.4999407613799332,nan,6.289949164087072e-11,nan,-3.522560828907674e-18,nan,-0.0030197623176765206,nan,-0.04828208845911564,nan,-0.0048325154490745995,nan
8,12,sqp_full,sqp_full,,10,0,65,26.255640039494953,776.3001598961023,-705.5247034733244,-100.01671930642577,776.238769837285,-705.6822904455212,-100.01638690054898,776.0884091914351,-705.5343427088708,-100.01702773453783,nan,nan,nan,0.21094278039408096,0.21094375380320396,nan,nan,nan,nan,0.16912242053536378,0.21196998794395824,nan,0.13265821376892364,nan,nan,nan,0.1624362373977476,nan,0.4079767995239486,nan,9.706408176558565e-11,nan,-1.1209293228082877e-18,nan,-0.0014421443188194086,nan,-0.026032861009599,nan,-0.0007107331927445196,nan
8,13,sqp_full,sqp_full,,10,0,66,26.659680443535287,776.4381080892434,-705.1449418665973,-100.01697652652463,776.2884596049767,-705.575963240703,-100.01649132349613,776.1274801466413,-705.4742743791282,-100.01671998845649,nan,nan,nan,0.19040748560467344,0.19040762290926802,nan,nan,nan,nan,0.45626099305044937,0.45271362088538386,nan,0.11736506465658261,nan,nan,nan,0.14228931131917708,nan,0.36576582948650693,nan,8.5317344418292e-11,nan,-7.711433166205197e-19,nan,-0.0005705875767728965,nan,-0.023184926560497945,nan,-0.001968294918758091,nan
8,14,sqp_full,sqp_full,,10,0,67,27.063720847575762,776.5760562823847,-704.76518025987,-100.01723374662348,776.2954314037859,-705.5508829067716,-100.01673600657462,776.1327699859912,-705.4561151427172,-100.01778420111295,nan,nan,nan,0.18825425876411814,0.18825717690069002,nan,nan,nan,nan,0.8343134733640336,0.8209103196484498,nan,0.026032460478385873,nan,nan,nan,0.04039242293001874,nan,0.1423659815331168,nan,3.171138341657115e-11,nan,-2.0160073124150531e-19,nan,-1.7839165908342803e-05,nan,-0.008838025456004059,nan,7.532157017863522e-05,nan
9,0,sqp_full,sqp_full,,10,1,56,22.622393333371768,775.8238147912732,-708.9971279048322,-100.01440432553605,775.21015781732,-706.8293817828624,-100.01719276170267,775.2042374018499,-706.8384331755434,-100.01662584283261,775.2042374018499,-706.8384331755434,-100.01662584283261,0.010815684389111284,0.010830532111124913,0.010815684389111284,0.010830532111124913,0.0,0.0,2.2529310089295587,2.2458492994285093,2.2458492994285093,0.5739232995260778,0.5826735687350106,1.0151845770680679,0.632353012754563,-0.21593096909035772,-0.21593096909035772,-2.510070858101956e-05,-2.510070858101956e-05,-3.601351060364099e-13,-3.601351060364099e-13,2.8106537776445614e-18,2.8106537776445614e-18,-0.0010403090239398567,-0.0010403090239398567,5.198286976996962,5.198286976996962,0.04999996460248521,0.04999996460248521
9,1,sqp_full,sqp_full,,10,1,57,23.025391063526154,775.6586124146631,-708.6295476018917,-100.0146615456349,775.2301990242254,-707.0184142803512,-100.01577133074734,775.2308046986725,-706.9937913906703,-100.01646103669829,775.2308046986725,-706.9937913906703,-100.01646103669829,0.02463033775198794,0.02463999253400407,0.02463033775198794,0.02463999253400407,0.0,0.0,1.6671198555846265,1.6907743268724007,1.6907743268724007,0.19009722656324923,0.1576135255265266,0.8274196293314525,3.670715972211478,-0.1128564844218762,-0.1128564844218762,-3.1599988034819034e-05,-3.1599988034819034e-05,8.567756355145605e-13,8.567756355145605e-13,2.695090706770388e-18,2.695090706770388e-18,-0.0024062396224931344,-0.0024062396224931344,1.984652203138903,1.984652203138903,-0.0051460638056949675,-0.0051460638056949675
9,2,sqp_full,sqp_full,,10,1,58,23.42857696903292,775.5758463738447,-708.2349483232249,-100.01491876573375,775.3412940917644,-706.9980288935686,-100.01562404937718,775.3715494232563,-706.7600490721873,-100.01633634031141,775.3715494232563,-706.7600490721873,-100.01633634031141,0.23989535316134344,0.23989641061670905,0.23989535316134344,0.23989641061670905,0.0,0.0,1.2589616548926648,1.488981210335118,1.488981210335118,0.11294998768294413,0.27284531239723103,1.5991119927726827,48.5485143081177,-0.2715709512419798,-0.2715709512419798,0.5000155910840315,0.5000155910840315,1.2274964336100813e-12,1.2274964336100813e-12,1.4221284262356263e-18,1.4221284262356263e-18,-0.006087108574325882,-0.006087108574325882,-0.03547722967106826,-0.03547722967106826,-0.009999810337086041,-0.009999810337086041
9,3,sqp_full,sqp_full,,10,1,59,23.832005755335558,775.5757993427779,-707.8315196216635,-100.01517598583261,775.4788881866094,-706.8818351620458,-100.0159582544577,775.5732099853242,-706.2316319031598,-100.01685852175805,775.5732099853242,-706.2316319031598,-100.01685852175805,0.6570090407131046,0.6570096575089029,0.6570090407131046,0.6570096575089029,0.0,0.0,0.9546163339421565,1.599889813890543,1.599889813890543,0.18009228155151527,0.5655899216658298,2.748608141542362,28.931594400362314,0.49999154035843957,0.49999154035843957,0.5000070864111567,0.5000070864111567,-5.3478435964231495e-12,-5.3478435964231495e-12,4.488187296861229e-19,4.488187296861229e-19,-0.005481888864605219,-0.005481888864605219,-0.13907356643088156,-0.13907356643088156,-0.009999914595454412,-0.009999914595454412
9,4,sqp_full,sqp_full,,10,1,60,24.235623427351253,775.6399933753629,-707.4330396533067,-100.01543320593147,775.6072936982612,-706.8030051171896,-100.01708791007015,775.7762220871784,-705.7715904797468,-100.01729303705044,775.7762220871784,-705.7715904797468,-100.01729303705044,1.0451569044471256,1.0451569245766763,1.0451569044471256,1.0451569245766763,0.0,0.0,0.6308825449976428,1.6670247803333655,1.6670247803333655,0.15067656591654238,0.50284412451447,2.745552391200702,34.64389619831192,0.35020717772002213,0.35020717772002213,0.5000060293173538,0.5000060293173538,-1.538523600395589e-11,-1.538523600395589e-11,3.5276845419740063e-19,3.5276845419740063e-19,-0.0056818016166103455,-0.0056818016166103455,-0.1118394193913167,-0.1118394193913167,-0.010000167529935974,-0.010000167529935974
9,5,sqp_full,sqp_full,,10,1,61,24.639494442075346,775.7516610414759,-707.0449133043983,-100.01569042603033,775.7374880138982,-706.7175556009756,-100.01711961103,775.9380723847364,-705.5362571585025,-100.01791143531094,775.9380723847364,-705.5362571585025,-100.01791143531094,1.1982070355384518,1.19820729717338,1.1982070355384518,1.19820729717338,0.0,0.0,0.3276643720346423,1.5201291245959951,1.5201291245959951,0.15573111651287527,0.2856180549682982,1.6980381011139767,22.204239649195685,0.33729869381557287,0.33729869381557287,0.5000037231931401,0.5000037231931401,-1.1923797400417559e-11,-1.1923797400417559e-11,2.3660766536421003e-19,2.3660766536421003e-19,-0.0141188847835978,-0.0141188847835978,-0.10653596340570246,-0.10653596340570246,-0.009999447489081383,-0.009999447489081383
9,6,sqp_full,sqp_full,,10,1,62,25.043518827373667,775.8863153166785,-706.6639882935061,-100.01594764612919,775.8627615900485,-706.6519019952531,-100.01600335858878,776.0654430710672,-705.4570177057441,-100.01916644349903,776.0654430710672,-705.4570177057441,-100.01916644349903,1.21195224661011,1.2119563742847521,1.21195224661011,1.2119563742847521,0.0,0.0,0.02647369720346356,1.2201904573118183,1.2201904573118183,0.14143942465018114,0.1500125249949887,1.0575865547569867,4.329575714851368,0.28420430775792044,0.28420430775792044,0.5000015012969485,0.5000015012969485,-8.441451395335889e-12,-8.441451395335889e-12,1.3909028341591998e-19,1.3909028341591998e-19,-0.019083018442853993,-0.019083018442853993,-0.10099313346217802,-0.10099313346217802,-0.009999292754673993,-0.009999292754673993
9,7,sqp_full,sqp_full,,10,1,63,25.447559231414143,776.0242635098198,-706.2842266867788,-100.01620486622805,775.9264909657587,-706.5764773415323,-100.01549777593728,776.1280231968796,-705.3859727126717,-100.01859840881025,776.1280231968796,-705.3859727126717,-100.01859840881025,1.207442135888544,1.2074461169937571,1.207442135888544,1.2074461169937571,0.0,0.0,0.3081718929039512,0.9042268933503474,0.9042268933503474,0.09874496104171664,0.09467832830570755,0.9586133013630154,1.180500785066838,0.3497290973276245,0.3497290973276245,0.49999981405257976,0.49999981405257976,-1.0987543325814742e-11,-1.0987543325814742e-11,7.727402179233669e-20,7.727402179233669e-20,-0.019173891395226874,-0.019173891395226874,-0.10471166543372816,-0.10471166543372816,-0.0036773438540695187,-0.0036773438540695187
9,8,sqp_full,sqp_full,,10,1,64,25.851599635454477,776.1622117029609,-705.9044650800516,-100.01646208632691,775.9387925894347,-706.5096105832523,-100.01578482891765,776.1394249336247,-705.3245434545042,-100.02132399321883,776.1394249336247,-705.3245434545042,-100.02132399321883,1.2019307123018588,1.2019434760069247,1.2019307123018588,1.2019434760069247,0.0,0.0,0.6450714536645371,0.5803691313589657,0.5803691313589657,0.06798952645331116,0.06253784590288886,0.919101792592412,2.257823875921817,0.2816668526566571,0.2816668526566571,0.4999987872366332,0.4999987872366332,-9.491992693327988e-12,-9.491992693327988e-12,3.266223684634171e-20,3.266223684634171e-20,-0.016748529097661558,-0.016748529097661558,-0.0981436387521967,-0.0981436387521967,0.0011346096222385569,0.0011346096222385569
9,9,sqp_full,sqp_full,,10,1,65,26.255640039494953,776.3001598961023,-705.5247034733244,-100.01671930642577,775.9761905200947,-706.4481819721962,-100.01573815383166,776.1755062289706,-705.2718159995231,-100.02066504890156,776.1755062289706,-705.2718159995231,-100.02066504890156,1.1931318675936922,1.1931420400617194,1.1931318675936922,1.1931420400617194,0.0,0.0,0.9786565763684129,0.2819407936694348,0.2819407936694348,0.07191718607195735,0.06389427666259331,0.8871420000773345,3.1003644440974436,0.23320783867898287,0.23320783867898287,0.49999835859331276,0.49999835859331276,-7.30814467817213e-12,-7.30814467817213e-12,1.1792911778870189e-20,1.1792911778870189e-20,-0.015462741867952871,-0.015462741867952871,-0.09107008153882912,-0.09107008153882912,-0.001477616710579327,-0.001477616710579327
9,10,sqp_full,sqp_full,,10,0,66,26.659680443535287,776.4381080892434,-705.1449418665973,-100.01697652652463,775.9875027041055,-706.3922529035115,-100.0160651482173,776.1852759623583,-705.2253331953815,-100.02249394058653,nan,nan,nan,1.1835606730971124,1.1835781327286412,nan,nan,nan,nan,1.3262088960353386,0.2653052018505015,nan,0.05706253724081218,nan,nan,nan,0.18669633503392802,nan,0.5000002210018418,nan,-3.3797635579309364e-12,nan,6.86601583004581e-21,nan,-0.014569024869751698,nan,-0.07739808240039892,nan,0.0009181563805172163,nan
9,11,sqp_full,sqp_full,,10,0,67,27.063720847575762,776.5760562823847,-704.76518025987,-100.01723374662348,776.0194046794396,-706.3370459772754,-100.0132756679642,776.2147367870932,-705.1829675277202,-100.02233048001382,nan,nan,nan,1.170492076012499,1.1705270990580714,nan,nan,nan,nan,1.6675199670814715,0.5523567496241758,nan,0.06382258169915837,nan,nan,nan,0.19466730324357912,nan,0.4999998749730813,nan,-1.5169563882200076e-12,nan,2.6272057992069253e-21,nan,-0.014209944410839353,nan,-0.06373683489478767,nan,-0.001095460777241879,nan
9,12,sqp_full,sqp_full,,10,0,68,27.46776125161624,776.7140044755259,-704.3854186531428,-100.01749096672233,776.0335879050481,-706.2829135760372,-100.01648448328777,776.2262685491733,-705.14232731907,-100.02211068592428,nan,nan,nan,1.1567466620669293,1.156760344392515,nan,nan,nan,nan,2.0158010050079973,0.9004427035691768,nan,0.0560515588386354,nan,nan,nan,0.20270854387570375,nan,0.5000001972599896,nan,-1.4350389526450341e-12,nan,-1.118111395078421e-21,nan,-0.00436231686929272,nan,-0.047778601771106995,nan,0.0006257152759843079,nan
9,13,sqp_full,sqp_full,,10,0,69,27.871801655656572,776.8519526686671,-704.0056570464156,-100.0177481868212,776.0597262273,-706.2317268364544,-100.01373065991103,776.2488941719827,-705.1071484307904,-100.01931614861728,nan,nan,nan,1.1403776136794885,1.1403912922613062,nan,nan,nan,nan,2.3628392760669596,1.2557718026278595,nan,0.05754022716723342,nan,nan,nan,0.200318452459781,nan,0.4721869260550097,nan,-1.1647345830456785e-12,nan,-4.328629657980482e-21,nan,-0.004997044109774992,nan,-0.03156082996927841,nan,-0.0006287664043488488,nan
9,14,sqp_full,sqp_full,,10,0,70,28.275842059697048,776.9899008618085,-703.6258954396883,-100.01800540692004,776.0682018054848,-706.2066918270993,-100.0168401887065,776.2555774659035,-705.0896274584097,-100.01979962948135,nan,nan,nan,1.1326704913227321,1.1326743575286673,nan,nan,nan,nan,2.7404450630694326,1.6376025990464347,nan,0.026613084907676755,nan,nan,nan,0.11316903786926587,nan,0.22681112330753972,nan,-6.651587463608155e-13,nan,-2.584416968452844e-21,nan,0.0010763067297500511,nan,-0.015510150959723603,nan,0.0001255422280301489,nan
10,0,sqp_full,sqp_full,,10,1,58,23.42857696903292,775.5758463738447,-708.2349483232249,-100.01491876573375,775.7413424825623,-705.2781367271247,-100.01898600014403,775.7424350290848,-705.2746880829915,-100.01877488945922,775.7424350290848,-705.2746880829915,-100.01877488945922,0.0036175688330237704,0.0036237234970269575,0.0036175688330237704,0.0036237234970269575,0.0,0.0,2.9614394771518007,2.9649439235779202,2.9649439235779202,0.4342130001478484,0.43308484819568194,0.9973703982065201,0.4549916270105517,-0.3133104388486745,-0.3133104388486745,5.053023673430913e-06,5.053023673430913e-06,-2.5623455327834543e-13,-2.5623455327834543e-13,6.750128901318473e-20,6.750128901318473e-20,0.059856081145212174,0.059856081145212174,0.4621903556027804,0.4621903556027804,0.04199717726823317,0.04199717726823317
10,1,sqp_full,sqp_full,,10,1,59,23.832005755335558,775.5757993427779,-707.8315196216635,-100.01517598583261,775.8298437454074,-705.314287490065,-100.01986606396493,775.832985807136,-705.3069777585474,-100.01649621480453,775.832985807136,-705.3069777585474,-100.01649621480453,0.007956426758569545,0.00864063713671136,0.007956426758569545,0.00864063713671136,0.0,0.0,2.5300190044462565,2.5376084205555145,2.5376084205555145,0.09560400461628253,0.09616266901127922,1.0042694749585286,3.2058141631151478,-0.30533925251763394,-0.30533925251763394,4.971235873560338e-06,4.971235873560338e-06,-1.89338435941814e-13,-1.89338435941814e-13,7.553015485933201e-20,7.553015485933201e-20,0.03637310908033684,0.03637310908033684,0.09759010797622383,0.09759010797622383,-0.010000022839744464,-0.010000022839744464
10,2,sqp_full,sqp_full,,10,1,60,24.235623427351253,775.6399933753629,-707.4330396533067,-100.01543320593147,775.9232726095142,-705.3382745851608,-100.01735883205555,775.9315802995608,-705.3191411725667,-100.01671344612427,775.9315802995608,-705.3191411725667,-100.01671344612427,0.020859175233091366,0.0208691570123258,0.020859175233091366,0.0208691570123258,0.0,0.0,2.113832494599686,2.1339141785080837,2.1339141785080837,0.09649155191656075,0.09934218523139193,1.0206401046411588,7.540329270056812,-0.29729785938769693,-0.29729785938769693,0.30370668083185565,0.30370668083185565,-6.340662811546897e-13,-6.340662811546897e-13,8.293420034720915e-20,8.293420034720915e-20,0.01640973281423777,0.01640973281423777,0.002460712846036521,0.002460712846036521,-0.010000051305567274,-0.010000051305567274
10,3,sqp_full,sqp_full,,10,1,61,24.639494442075346,775.7516610414759,-707.0449133043983,-100.01569042603033,776.0225002814441,-705.3488168846334,-100.01481106833211,776.0360063348456,-705.316066009398,-100.01327255629654,776.0360063348456,-705.316066009398,-100.01327255629654,0.03542644925994525,0.03545984103815312,0.03542644925994525,0.03545984103815312,0.0,0.0,1.7175846293693042,1.752074546156941,1.752074546156941,0.09981864582718841,0.10452795413968108,1.0375899782200892,7.759581005014691,-0.17362984230869788,-0.17362984230869788,0.4158605530838898,0.4158605530838898,-2.9127547497467983e-12,-2.9127547497467983e-12,1.0214568004922164e-19,1.0214568004922164e-19,0.01680900283195295,0.01680900283195295,-0.013684815761103785,-0.013684815761103785,-0.010000184040921177,-0.010000184040921177
10,4,sqp_full,sqp_full,,10,1,62,25.043518827373667,775.8863153166785,-706.6639882935061,-100.01594764612919,776.127797004321,-705.3441903618188,-100.01988599540023,776.1447381485955,-705.301565274559,-100.0134929612566,776.1447381485955,-705.301565274559,-100.0134929612566,0.04586829442260132,0.04631167583666136,0.04586829442260132,0.04631167583666136,0.0,0.0,1.3417078616273277,1.3867151266979283,1.3867151266979283,0.10552042194156877,0.10969470001128866,1.0343750226578363,5.724315284168714,0.020694460259735155,0.020694460259735155,0.41274843720367665,0.41274843720367665,-7.26567377979932e-12,-7.26567377979932e-12,9.904121250135618e-20,9.904121250135618e-20,0.027919516795662694,0.027919516795662694,-0.019242044680911032,-0.019242044680911032,-0.010000212086347715,-0.010000212086347715
10,5,sqp_full,sqp_full,,10,1,63,25.447559231414143,776.0242635098198,-706.2842266867788,-100.01620486622805,776.2446347283682,-705.3164133440442,-100.02051896947586,776.2590928220412,-705.2731242152695,-100.01410103327336,776.2590928220412,-705.2731242152695,-100.01410103327336,0.04563973206256335,0.04608877355541067,0.04563973206256335,0.04608877355541067,0.0,0.0,0.9925855833828635,1.038013975710704,1.038013975710704,0.12009586642821549,0.117839954785956,0.9811631194878574,0.5933985144501779,0.23181505482462814,0.23181505482462814,0.41859692647459734,0.41859692647459734,-8.048884265337573e-12,-8.048884265337573e-12,8.9973890633101e-20,8.9973890633101e-20,0.011182606654367053,0.011182606654367053,-0.025961174828736312,-0.025961174828736312,-0.010000189948989808,-0.010000189948989808
10,6,sqp_full,sqp_full,,10,1,64,25.851599635454477,776.1622117029609,-705.9044650800516,-100.01646208632691,776.3685798537366,-705.2719844145975,-100.01423682172805,776.3791693961205,-705.2317001867863,-100.01488986295928,776.3791693961205,-705.2317001867863,-100.01488986295928,0.041652820051535755,0.041657938992409424,0.041652820051535755,0.041657938992409424,0.0,0.0,0.6652966299538426,0.7068827641352669,0.7068827641352669,0.13181725704446878,0.1270234467752775,0.9621649685799268,3.162940940623532,0.42097869566113694,0.42097869566113694,0.41981542675925665,0.41981542675925665,-4.573481852935246e-12,-4.573481852935246e-12,7.235090476466299e-20,7.235090476466299e-20,-0.006482049801614199,-0.006482049801614199,-0.032122306202915285,-0.032122306202915285,-0.01000011763600207,-0.01000011763600207
10,7,sqp_full,sqp_full,,10,1,65,26.255640039494953,776.3001598961023,-705.5247034733244,-100.01671930642577,776.4103896803041,-705.2148808688921,-100.01716800892987,776.4166402975122,-705.1789021802988,-100.01458024486584,776.4166402975122,-705.1789021802988,-100.01458024486584,0.03651761559006199,0.036609189710162075,0.03651761559006199,0.036609189710162075,0.0,0.0,0.3288474593825528,0.36489206372684496,0.36489206372684496,0.0708340905788299,0.0647440638477835,0.912949990350815,2.7779206110275214,0.500000832874532,0.500000832874532,0.4183227316680229,0.4183227316680229,2.8586984421353475e-13,2.8586984421353475e-13,5.302028500200709e-20,5.302028500200709e-20,0.008350041247538745,0.008350041247538745,-0.038157169097958805,-0.038157169097958805,-0.0014453566001286402,-0.0014453566001286402
10,8,sqp_full,sqp_full,,10,1,66,26.659680443535287,776.4381080892434,-705.1449418665973,-100.01697652652463,776.4329078159604,-705.1586975711027,-100.01559198000389,776.435988995921,-705.1253762625907,-100.01420307769034,776.435988995921,-705.1253762625907,-100.01420307769034,0.033463461729168385,0.03349227254959115,0.033463461729168385,0.03349227254959115,0.0,0.0,0.014705857630864813,0.019680025829467523,0.019680025829467523,0.06054843723095484,0.05691694169295159,0.9392927550509801,2.259017090492334,0.5000029684393827,0.5000029684393827,0.3946076477727018,0.3946076477727018,4.135174804695465e-12,4.135174804695465e-12,3.9348655003264484e-20,3.9348655003264484e-20,0.006706693608932534,0.006706693608932534,-0.039892666780431234,-0.039892666780431234,0.00043123518507107145,0.00043123518507107145
10,9,sqp_full,sqp_full,,10,1,67,27.063720847575762,776.5760562823847,-704.76518025987,-100.01723374662348,776.4550694592506,-705.1037081751547,-100.01698141111633,776.45634221536,-705.072368962036,-100.01488046068455,776.45634221536,-705.072368962036,-100.01488046068455,0.03136504721842179,0.031435333300771987,0.03136504721842179,0.031435333300771987,0.0,0.0,0.3594982069483248,0.32969130498391697,0.32969130498391697,0.05930347897778781,0.05678456041352332,0.9573314274614888,1.1519388830886164,0.5000050594929103,0.5000050594929103,0.359809490361912,0.359809490361912,7.722180220026416e-12,7.722180220026416e-12,2.867981433635508e-20,2.867981433635508e-20,0.01106116866010413,0.01106116866010413,-0.039800790332582346,-0.039800790332582346,0.0003981574507362526,0.0003981574507362526
10,10,sqp_full,sqp_full,,10,0,68,27.46776125161624,776.7140044755259,-704.3854186531428,-100.01749096672233,776.4762595881093,-705.0496971908739,-100.0172992939217,776.4765745224505,-705.0195991839232,-100.0152564946592,nan,nan,nan,0.030099654583402247,0.030168895154894,nan,nan,nan,nan,0.7055413575283438,0.6771690544010228,nan,0.05801990204670409,nan,nan,nan,0.5000069453048596,nan,0.3188005114444654,nan,1.1584549698033678e-11,nan,1.8074801285511277e-20,nan,0.011105319527326827,nan,-0.036293399213389595,nan,0.00048469142182966114,nan
10,11,sqp_full,sqp_full,,10,0,69,27.871801655656572,776.8519526686671,-704.0056570464156,-100.0177481868212,776.4976937077082,-704.9959894531913,-100.01643419972483,776.498123673143,-704.9665377704322,-100.01505136458859,nan,nan,nan,0.029454821126942813,0.029487263702049318,nan,nan,nan,nan,1.051787852815337,1.0239564072069862,nan,0.057833303190504406,nan,nan,nan,0.5000086282890165,nan,0.2786765395312015,nan,1.6406396919946445e-11,nan,7.874089155477229e-21,nan,0.00948586935952493,nan,-0.030876984841785735,nan,0.0004566862580835531,nan
10,12,sqp_full,sqp_full,,10,0,70,28.275842059697048,776.9899008618085,-703.6258954396883,-100.01800540692004,776.5143682843163,-704.9572276522057,-100.01982116894912,776.5147717592142,-704.9284856559564,-100.01863381403227,nan,nan,nan,0.02874482806334846,0.028769340487575578,nan,nan,nan,nan,1.413710257564345,1.3865384724734648,nan,0.04233190618475934,nan,nan,nan,0.36961153827468574,nan,0.2507856241929997,nan,2.216182898219878e-11,nan,-3.2731506802180912e-21,nan,0.009727185006970689,nan,-0.02362948023711276,nan,0.00024106385219435322,nan
10,13,sqp_full,sqp_full,,10,0,71,28.679882463737382,777.1278490549496,-703.2461338329612,-100.0182626270189,776.5217704261377,-704.9411017514705,-100.01806858425076,776.5234150318994,-704.9113630598517,-100.01499723636252,nan,nan,nan,0.029784131803874937,0.029942072158773297,nan,nan,nan,nan,1.8000687623194611,1.771532914261259,nan,0.0178299728319992,nan,nan,nan,0.17013380669991515,nan,0.21266156480319637,nan,1.1851623578814948e-11,nan,3.383105755618295e-22,nan,0.005778582894663253,nan,-0.015163173825162137,nan,7.10684241886751e-05,nan
10,14,sqp_full,sqp_full,,10,0,72,29.083922867777858,777.2657972480908,-702.8663722262339,-100.01851984711776,776.5264619667946,-704.93383731036,-100.0193631064423,776.529040965159,-704.9034532089184,-100.01515335615044,nan,nan,nan,0.03049335752211405,0.030782573812001113,nan,nan,nan,nan,2.1956840693163504,2.1662199219965044,nan,0.008744052040610174,nan,nan,nan,0.08287910756188398,nan,0.09732316861898754,nan,5.366405677927716e-12,nan,5.065149450441695e-22,nan,0.004136784988702399,nan,-0.007100438527644354,nan,-9.695605559230551e-05,nan
11,0,sqp_full,sqp_full,,10,1,61,24.639494442075346,775.7516610414759,-707.0449133043983,-100.01569042603033,776.2834307142318,-705.0536664356653,-100.01542234237662,776.2830747695039,-705.0534532051507,-100.01883080485136,776.2830747695039,-705.0534532051507,-100.01883080485136,0.00041492638097640773,0.0034336249567053843,0.00041492638097640773,0.0034336249567053843,0.0,0.0,2.061029615775015,2.0611438274004916,2.0611438274004916,0.17392085944710606,0.17434167278959478,1.0022276128449463,1.1212944166212173,-3.705728547673776e-07,-3.705728547673776e-07,0.45587459072413955,0.45587459072413955,-2.3833982846671513e-13,-2.3833982846671513e-13,-1.82664695230621e-21,-1.82664695230621e-21,-0.014486705817217975,-0.014486705817217975,0.05372807276641826,0.05372807276641826,0.017666454351182727,0.017666454351182727
11,1,sqp_full,sqp_full,,10,1,62,25.043518827373667,775.8863153166785,-706.6639882935061,-100.01594764612919,776.3844344539851,-705.0607979439211,-100.01577183758226,776.3831219254512,-705.061173393418,-100.015709054606,776.3831219254512,-705.061173393418,-100.015709054606,0.0013651715924907282,0.0013666144954053506,0.0013651715924907282,0.0013666144954053506,0.0,0.0,1.6787918191227684,1.6780442218441585,1.6780442218441585,0.10125579490110417,0.10039312747708731,0.9908674573246008,2.0146423330503067,-3.1357720849238884e-07,-3.1357720849238884e-07,0.5000002399699423,0.5000002399699423,-2.468857051268727e-13,-2.468857051268727e-13,-7.432979786754544e-22,-7.432979786754544e-22,-0.0035135615504323296,-0.0035135615504323296,0.013025235653742981,0.013025235653742981,-0.010000005513948512,-0.010000005513948512
11,2,sqp_full,sqp_full,,10,1,63,25.447559231414143,776.0242635098198,-706.2842266867788,-100.01620486622805,776.4472840883612,-705.0852772395565,-100.01650177812475,776.4487886232699,-705.0803533322401,-100.01452019387544,776.4487886232699,-705.0803533322401,-100.01452019387544,0.005148639485554047,0.005516807472563679,0.005148639485554047,0.005516807472563679,0.0,0.0,1.2713875046044307,1.2765314824626348,1.2765314824626348,0.06745254086558541,0.06842074718583878,1.0100940299515528,5.252821313853981,-0.13038880461184352,-0.13038880461184352,0.5000002402572444,0.5000002402572444,-3.485567601160586e-13,-3.485567601160586e-13,-1.1759826776715437e-21,-1.1759826776715437e-21,0.003881597589627976,0.003881597589627976,-0.012939228238563121,-0.012939228238563121,-0.007173987179448702,-0.007173987179448702
11,3,sqp_full,sqp_full,,10,1,64,25.851599635454477,776.1622117029609,-705.9044650800516,-100.01646208632691,776.4691898978391,-705.0423777468395,-100.01720061580713,776.4639312686666,-705.04740799282,-100.01467687260421,776.4639312686666,-705.04740799282,-100.01467687260421,0.007277125490129718,0.0077023266065119125,0.007277125490129718,0.0077023266065119125,0.0,0.0,0.9151121145605305,0.9086151809778891,0.9086151809778891,0.048173844961317776,0.036259062968172794,0.7519908666719792,2.436186400155264,0.425628747403248,0.425628747403248,0.5000002637476851,0.5000002637476851,-5.144250003237403e-13,-5.144250003237403e-13,-7.484128033678826e-22,-7.484128033678826e-22,0.004781900565327861,0.004781900565327861,-0.032860259080740334,-0.032860259080740334,6.696571925598873e-05,6.696571925598873e-05
11,4,sqp_full,sqp_full,,10,1,65,26.255640039494953,776.3001598961023,-705.5247034733244,-100.01671930642577,776.4884999178109,-704.9931175269343,-100.0161499883594,776.4759479248121,-705.0094003961799,-100.01537844443571,776.4759479248121,-705.0094003961799,-100.01537844443571,0.020559288876639627,0.020573760938129605,0.020559288876639627,0.020573760938129605,0.0,0.0,0.5639641674581363,0.5444618373700143,0.5444618373700143,0.052920222547373746,0.039868153083874584,0.7511265224022619,4.4162491051851465,0.499999668105924,0.499999668105924,0.4206080074631277,0.4206080074631277,-3.151517151250464e-13,-3.151517151250464e-13,-8.374363455943066e-22,-8.374363455943066e-22,0.0077364022811689005,0.0077364022811689005,-0.04303549928120903,-0.04303549928120903,0.0006373275614773447,0.0006373275614773447
11,5,sqp_full,sqp_full,,10,1,66,26.659680443535287,776.4381080892434,-705.1449418665973,-100.01697652652463,776.5091576626397,-704.9436551772922,-100.01529561363947,776.4895029071423,-704.9721000176385,-100.01178763520936,776.4895029071423,-704.9721000176385,-100.01178763520936,0.034574822573443825,0.034752327528543646,0.034574822573443825,0.034752327528543646,0.0,0.0,0.21345812978474013,0.18032119137353894,0.18032119137353894,0.05360966712905266,0.03984908651660485,0.7404489514284068,5.0366037975746005,0.49999971108423497,0.49999971108423497,0.34764434586084864,0.34764434586084864,-1.7893150496752887e-13,-1.7893150496752887e-13,-8.509992905835873e-22,-8.509992905835873e-22,0.012607430583286535,0.012607430583286535,-0.05050023113105251,-0.05050023113105251,0.0005246355543759446,0.0005246355543759446
11,6,sqp_full,sqp_full,,10,1,67,27.063720847575762,776.5760562823847,-704.76518025987,-100.01723374662348,776.5295557344594,-704.8898975145323,-100.01670886666169,776.5006845415513,-704.9341771571181,-100.01469117031682,776.5006845415513,-704.9341771571181,-100.01469117031682,0.05286050063579719,0.05289899456518234,0.05286050063579719,0.05289899456518234,0.0,0.0,0.13310407419706025,0.18504283448908232,0.18504283448908232,0.0575149104447584,0.039643446043662704,0.6864738927939983,5.164878316458097,0.4999997652747836,0.4999997652747836,0.2637239286183382,0.2637239286183382,-7.240839237439285e-14,-7.240839237439285e-14,-8.750824810335998e-22,-8.750824810335998e-22,0.014859972473889113,0.014859972473889113,-0.05764103658751878,-0.05764103658751878,0.0007682115892297276,0.0007682115892297276
11,7,sqp_full,sqp_full,,10,1,68,27.46776125161624,776.7140044755259,-704.3854186531428,-100.01749096672233,776.5522595280257,-704.8360333176521,-100.01848897238068,776.5152255219518,-704.8953961132584,-100.01519874397717,776.5152255219518,-704.8953961132584,-100.01519874397717,0.06996755753970853,0.07004487640805478,0.06996755753970853,0.07004487640805478,0.0,0.0,0.47876403782314453,0.5473482275571808,0.5473482275571808,0.058480618363910296,0.04142061207762248,0.7075909233648302,2.526312331788473,0.49999983687155175,0.49999983687155175,0.21722175338010627,0.21722175338010627,-1.9035587521317672e-14,-1.9035587521317672e-14,-8.283327650176386e-22,-8.283327650176386e-22,0.016608565714554727,0.016608565714554727,-0.05725208277079704,-0.05725208277079704,0.0005606631339242022,0.0005606631339242022
11,8,sqp_full,sqp_full,,10,1,69,27.871801655656572,776.8519526686671,-704.0056570464156,-100.0177481868212,776.5713963789025,-704.7855209580819,-100.01849238452309,776.5276309566083,-704.8577321080396,-100.01500583433999,776.5276309566083,-704.8577321080396,-100.01500583433999,0.08443851234363278,0.08451046325151125,0.08443851234363278,0.08451046325151125,0.0,0.0,0.8287940349966025,0.9117107455516399,0.9117107455516399,0.054015900829951655,0.03965487753431706,0.7334150883905344,2.5348097934982703,0.4999999206764807,0.4999999206764807,0.22178688447509337,0.22178688447509337,7.495900106341332e-15,7.495900106341332e-15,-7.142704441206566e-22,-7.142704441206566e-22,0.015281910851922665,0.015281910851922665,-0.05099017938693516,-0.05099017938693516,0.000758723578801492,0.000758723578801492
11,9,sqp_full,sqp_full,,10,1,70,28.275842059697048,776.9899008618085,-703.6258954396883,-100.01800540692004,776.5920371119568,-704.7355607376675,-100.01585751265257,776.5411549741076,-704.821561581333,-100.0150115348367,776.5411549741076,-704.821561581333,-100.0150115348367,0.09992565768242179,0.0999292386728203,0.09992565768242179,0.0999292386728203,0.0,0.0,1.1788352883186077,1.2771023428071913,1.2771023428071913,0.05412029226311701,0.038616137611836736,0.7122614556064011,3.4092046718793707,0.5000000059303803,0.5000000059303803,0.21983620641741963,0.21983620641741963,3.344154054103081e-14,3.344154054103081e-14,-6.45553016274708e-22,-6.45553016274708e-22,0.010813005775382738,0.010813005775382738,-0.045657568607512605,-0.045657568607512605,0.0006202149950561076,0.0006202149950561076
11,10,sqp_full,sqp_full,,10,0,71,28.679882463737382,777.1278490549496,-703.2461338329612,-100.0182626270189,776.6115725401053,-704.685038115606,-100.01832163498253,776.5529991789206,-704.7875343890681,-100.01481888280016,nan,nan,nan,0.11805221181374452,0.11810416583240547,nan,nan,nan,nan,1.528720698621257,1.64510426853053,nan,0.05422398170351142,nan,nan,nan,0.500000087107032,nan,0.22325347844466334,nan,5.892128371125703e-14,nan,-5.993824818368158e-22,nan,0.014973892853600991,nan,-0.040082110843610096,nan,0.0007111652456654641,nan
11,11,sqp_full,sqp_full,,10,0,72,29.083922867777858,777.2657972480908,-702.8663722262339,-100.01851984711776,776.6320828716259,-704.6364844699948,-100.0182101837631,776.5637401799548,-704.759224348288,-100.0141983098659,nan,nan,nan,0.1404841671799802,0.1405414400111923,nan,nan,nan,nan,1.8801306514310676,2.018854448167114,nan,0.052708088777582054,nan,nan,nan,0.5000001628840328,nan,0.267473676197462,nan,9.364759244989654e-14,nan,-5.349333051905316e-22,nan,0.012087579921194589,nan,-0.03205567797874872,nan,0.000554863059191996,nan
11,12,sqp_full,sqp_full,,10,0,73,29.48796327181823,777.4037454412321,-702.4866106195068,-100.01877706721662,776.6444034370388,-704.6055164224605,-100.01875025967759,776.5633713826165,-704.7522107204227,-100.01478871447515,nan,nan,nan,0.1675870248513085,0.16763384126990633,nan,nan,nan,nan,2.2508580766283983,2.4164379519582684,nan,0.03333328639926329,nan,nan,nan,0.36507973866596205,nan,0.3295412482498566,nan,1.4482476684454148e-13,nan,-4.853867188391001e-22,nan,0.008904132086535826,nan,-0.02392943407862129,nan,0.00045628812043289554,nan
11,13,sqp_full,sqp_full,,10,0,74,29.892003675858668,777.5416936343734,-702.1068490127795,-100.01903428731548,776.6531918349843,-704.5863833944383,-100.01938528454181,776.5631183697145,-704.7499878743098,-100.01466069881786,nan,nan,nan,0.18676095678636176,0.18682070733732956,nan,nan,nan,nan,2.6339184112923864,2.818473450280027,nan,0.021064471422964165,nan,nan,nan,0.2355916283244203,nan,0.21481238032371947,nan,7.397941639376335e-14,nan,-2.8095616132110907e-22,nan,0.006153878243033925,nan,-0.015375425490934288,nan,0.00017438584493656865,nan
11,14,sqp_full,sqp_full,,10,0,75,30.296044079899143,777.6796418275146,-701.7270874060523,-100.01929150741434,776.6590868386783,-704.5762427776878,-100.01938476612705,776.5648474138671,-704.7479068212225,-100.01532550581818,nan,nan,nan,0.19583057225936806,0.19587263878777622,nan,nan,nan,nan,3.026420132261519,3.219955981650799,nan,0.01172958553830838,nan,nan,nan,0.1228734741093698,nan,0.09169877894377788,nan,3.305860940256249e-14,nan,-1.2670618421070038e-22,nan,0.002528896861409809,nan,-0.00724536872720404,nan,-2.818277566287814e-05,nan
12,0,sqp_full,sqp_full,,10,1,63,25.447559231414143,776.0242635098198,-706.2842266867788,-100.01620486622805,776.5368377317643,-704.851548727627,-100.01459628496933,776.5360600690169,-704.8529483408253,-100.01629988874672,776.5360600690169,-704.8529483408253,-100.01629988874672,0.001601148479491235,0.002337935474672293,0.001601148479491235,0.002337935474672293,0.0,0.0,1.5216104848618133,1.5200307304793514,1.5200307304793514,0.030299174192816154,0.03182367962869461,1.0486039226297705,3.2710113176095916,8.195590341105446e-06,8.195590341105446e-06,0.49998650310087267,0.49998650310087267,-2.23083116472555e-13,-2.23083116472555e-13,-5.953542548137303e-20,-5.953542548137303e-20,-0.041197259011912526,-0.041197259011912526,-0.019394658929328512,-0.019394658929328512,-0.0011139256328824704,-0.0011139256328824704
12,1,sqp_full,sqp_full,,10,1,64,25.851599635454477,776.1622117029609,-705.9044650800516,-100.01646208632691,776.5427693407973,-704.8400165721268,-100.01436743651755,776.5407102502285,-704.842777172809,-100.01743270681683,776.5407102502285,-704.842777172809,-100.01743270681683,0.0034439468778490728,0.004610493694290385,0.0034439468778490728,0.004610493694290385,0.0,0.0,1.1304312193756372,1.1271390165675959,1.1271390165675959,0.012970233915233205,0.01124100177454618,0.859667782628625,7.291770437065824,0.500006555193425,0.500006555193425,0.49998885153500483,0.49998885153500483,4.22723398776194e-14,4.22723398776194e-14,-5.860099655265165e-20,-5.860099655265165e-20,-0.030355281780958504,-0.030355281780958504,-0.018035898951312135,-0.018035898951312135,0.00013420005611477711,0.00013420005611477711
12,2,sqp_full,sqp_full,,10,1,65,26.255640039494953,776.3001598961023,-705.5247034733244,-100.01671930642577,776.5480944811694,-704.8342771821439,-100.01545480223811,776.5444504389739,-704.8395467412596,-100.01770922625282,776.5444504389739,-704.8395467412596,-100.01770922625282,0.006406816432293039,0.00679188666242162,0.006406816432293039,0.00679188666242162,0.0,0.0,0.7335939081165952,0.7274047132307275,0.7274047132307275,0.007904434297856035,0.004949864932053887,0.6203323258443124,7.858790433907333,0.5000043214459511,0.5000043214459511,0.4999924800473104,0.4999924800473104,-3.3651433252973224e-12,-3.3651433252973224e-12,-4.9789387591534257e-20,-4.9789387591534257e-20,-0.0023017887641955956,-0.0023017887641955956,-0.009347707233153367,-0.009347707233153367,-0.0001402467207998597,-0.0001402467207998597
12,3,sqp_full,sqp_full,,10,1,66,26.659680443535287,776.4381080892434,-705.1449418665973,-100.01697652652463,776.5541553186613,-704.81823623857,-100.01433524675012,776.5472818437039,-704.8284853468081,-100.01762016769095,776.5472818437039,-704.8284853468081,-100.01762016769095,0.012340537981189137,0.012770261675184014,0.012340537981189137,0.012770261675184014,0.0,0.0,0.3467038027484739,0.3347590739324055,0.3347590739324055,0.01718426682558211,0.011418372536590357,0.6593167495558676,7.138092064338893,0.500001261484858,0.500001261484858,0.3306303415057213,0.3306303415057213,-4.923426068626571e-12,-4.923426068626571e-12,-4.172573270323984e-20,-4.172573270323984e-20,0.013556175634009467,0.013556175634009467,0.00382608223165235,0.00382608223165235,0.0003489071356209905,0.0003489071356209905
12,4,sqp_full,sqp_full,,10,1,67,27.063720847575762,776.5760562823847,-704.76518025987,-100.01723374662348,776.5732025973141,-704.7741879011845,-100.01710243782006,776.561426585275,-704.7918471975677,-100.01774560723229,776.561426585275,-704.7918471975677,-100.01774560723229,0.021225579103907967,0.021235321405363314,0.021225579103907967,0.021235321405363314,0.0,0.0,0.009448868743551544,0.03041633777587734,0.03041633777587734,0.04806986786878107,0.039273953569121604,0.8151666446314941,3.858015849379139,0.4999993973311952,0.4999993973311952,-0.003108794230643274,-0.003108794230643274,-2.106389554720603e-12,-2.106389554720603e-12,-3.054991716907332e-20,-3.054991716907332e-20,0.009496628689272264,0.009496628689272264,0.014595002372789689,0.014595002372789689,0.0006189175772517798,0.0006189175772517798
12,5,sqp_full,sqp_full,,10,1,68,27.46776125161624,776.7140044755259,-704.3854186531428,-100.01749096672233,776.5915060901618,-704.7235726773935,-100.01898006716296,776.5761037699056,-704.7475384942821,-100.01794999735395,776.5761037699056,-704.7475384942821,-100.01794999735395,0.028488451141061674,0.028507067408417894,0.028488451141061674,0.028507067408417894,0.0,0.0,0.35965816900746234,0.3874885597762085,0.3874885597762085,0.053855772409186424,0.04667678985159404,0.8659785375698524,2.337733536018868,0.4999983397712761,0.4999983397712761,-0.07694246662777748,-0.07694246662777748,-9.213086558183071e-13,-9.213086558183071e-13,-2.091191973646322e-20,-2.091191973646322e-20,0.010035727987195446,0.010035727987195446,0.01917689814547284,0.01917689814547284,0.0010335936935199715,0.0010335936935199715
12,6,sqp_full,sqp_full,,10,1,69,27.871801655656572,776.8519526686671,-704.0056570464156,-100.0177481868212,776.6102711836605,-704.681399231449,-100.01827037275055,776.5923269208415,-704.7103403199446,-100.01803745300057,776.5923269208415,-704.7103403199446,-100.01803745300057,0.03405265292798022,0.034053449502853717,0.03405265292798022,0.034053449502853717,0.0,0.0,0.7176610905076073,0.7509887115833064,0.7509887115833064,0.04616526771304395,0.040582045892597125,0.8789010873142601,1.0898871787140025,0.49999781794580656,0.49999781794580656,-0.008732358104919825,-0.008732358104919825,9.193018642528361e-13,9.193018642528361e-13,-1.2873552368650265e-20,-1.2873552368650265e-20,0.010491981605975424,0.010491981605975424,0.022340461490578053,0.022340461490578053,0.0005536730519844041,0.0005536730519844041
12,7,sqp_full,sqp_full,,10,1,70,28.275842059697048,776.9899008618085,-703.6258954396883,-100.01800540692004,776.6231154511462,-704.6517441270065,-100.01868248526297,776.6010206220105,-704.6886507347648,-100.01818483443438,776.6010206220105,-704.6886507347648,-100.01818483443438,0.04301487150696582,0.043017750140005855,0.04301487150696582,0.043017750140005855,0.0,0.0,1.0894480560114104,1.1316698538524284,1.1316698538524284,0.032319812243501556,0.023367504500338886,0.7227200516976737,1.6189859739628873,0.4999975697836158,0.4999975697836158,0.11633812190886868,0.11633812190886868,2.795601536886298e-12,2.795601536886298e-12,-7.148509650007156e-21,-7.148509650007156e-21,0.0063756849004164015,0.0063756849004164015,0.025380899063038302,0.025380899063038302,0.00044038529252992813,0.00044038529252992813
12,8,sqp_full,sqp_full,,10,1,71,28.679882463737382,777.1278490549496,-703.2461338329612,-100.0182626270189,776.6282771449889,-704.6420081139452,-100.01867743930336,776.5979257875293,-704.6930540662386,-100.01801340269346,776.5979257875293,-704.6930540662386,-100.01801340269346,0.05938765987297224,0.059391372183231574,0.05938765987297224,0.059391372183231574,0.0,0.0,1.482577856820429,1.5409077943929588,1.5409077943929588,0.01101966692411665,0.005384860014527963,-0.48458480925893915,172.59610208157335,0.4529577475838986,0.4529577475838986,0.2746448529065679,0.2746448529065679,5.1315027320533255e-12,5.1315027320533255e-12,-3.083348284983102e-21,-3.083348284983102e-21,0.01275861190601318,0.01275861190601318,0.028316035164007294,0.028316035164007294,9.032417149491694e-05,9.032417149491694e-05
12,9,sqp_full,sqp_full,,10,1,72,29.083922867777858,777.2657972480908,-702.8663722262339,-100.01851984711776,776.6320270994044,-704.6350062116273,-100.01656772409302,776.5941568869238,-704.6991322425773,-100.01793481024659,776.5941568869238,-704.6991322425773,-100.01793481024659,0.074473490845536,0.0744860373712509,0.074473490845536,0.0744860373712509,0.0,0.0,1.878757774609229,1.9519503201299833,1.9519503201299833,0.008218253613456546,0.007152273495257709,-0.8369329608360785,164.08510708941566,0.35827837823733516,0.35827837823733516,0.20985244123682387,0.20985244123682387,2.842888707300407e-12,2.842888707300407e-12,-2.939909220897952e-21,-2.939909220897952e-21,0.006403252240538998,0.006403252240538998,0.028517943950649112,0.028517943950649112,4.8931425033510825e-05,4.8931425033510825e-05
12,10,sqp_full,sqp_full,,10,0,73,29.48796327181823,777.4037454412321,-702.4866106195068,-100.01877706721662,776.6364892639717,-704.6296137671501,-100.01764334764617,776.5922089091154,-704.7045395557535,-100.01800798479952,nan,nan,nan,0.087032313677492,0.08703307752981605,nan,nan,nan,nan,2.276212760783386,2.3617367146235004,nan,0.007081407776366228,nan,nan,nan,0.266031789034403,nan,0.14587431003979864,nan,1.6909150400656798e-12,nan,-2.420627350273698e-21,nan,0.0033462360214461164,nan,0.02557476729810951,nan,-9.610344321076336e-05,nan
12,11,sqp_full,sqp_full,,10,0,74,29.892003675858668,777.5416936343734,-702.1068490127795,-100.01903428731548,776.6377302266567,-704.6256614832527,-100.01550980813799,776.5893744143916,-704.7078535425618,-100.01802974911568,nan,nan,nan,0.0953615184091603,0.09539480748883382,nan,nan,nan,nan,2.6761102563051473,2.769862173591787,nan,0.004659670291324997,nan,nan,nan,0.18803375987588283,nan,0.09387093426767262,nan,1.1214604085695004e-12,nan,-1.7907838988263182e-21,nan,0.001610642335665513,nan,0.022806854316537367,nan,0.00010049227167580409,nan
12,12,sqp_full,sqp_full,,10,0,75,30.296044079899143,777.6796418275146,-701.7270874060523,-100.01929150741434,776.6434438323968,-704.6223087483587,-100.01782511631669,776.5917332660432,-704.7099907551961,-100.01813155563377,nan,nan,nan,0.10179448411205341,0.10179494535925716,nan,nan,nan,nan,3.075063073504828,3.175099593470464,nan,0.007017604561707591,nan,nan,nan,0.12852362880890064,nan,0.05565784580191191,nan,7.54039535144388e-13,nan,-1.4222892398410523e-21,nan,-0.0003883685675916505,nan,0.019830141073257524,nan,-0.00033560048851367144,nan
12,13,sqp_full,sqp_full,,10,0,76,30.700084483939477,777.8175900206558,-701.3473257993252,-100.01954872751318,776.6452214791763,-704.619580923571,-100.01803272882752,776.5920340132006,-704.7098284395826,-100.01819609466534,nan,nan,nan,0.10475457356674958,0.10475470095202657,nan,nan,nan,nan,3.475931759284738,3.5788841184295475,nan,0.003262538750668427,nan,nan,nan,0.07251696042051614,nan,0.021537577875281162,nan,4.518665197390163e-13,nan,-8.657417271396446e-22,nan,-0.0001817547495327989,nan,0.014060669878836808,nan,-1.3731418232421715e-05,nan
12,14,sqp_full,sqp_full,,10,0,77,31.104124887979953,777.955538213797,-700.9675641925978,-100.01980594761204,776.648357206723,-704.6178340292698,-100.01793041567048,776.5948918161148,-704.7085718928023,-100.01818947403078,nan,nan,nan,0.10531812698363055,0.10531844559512911,nan,nan,nan,nan,3.8772660555824787,3.9807659102884885,nan,0.003590946244244413,nan,nan,nan,0.03264541897307185,nan,-0.0014050904784738327,nan,2.033415402281493e-13,nan,-3.5795010389684444e-22,nan,0.0009788083956493079,nan,0.006838646333242911,nan,-0.00020008963930192837,nan
13,0,sqp_full,sqp_full,,10,1,66,26.659680443535287,776.4381080892434,-705.1449418665973,-100.01697652652463,776.5801626941253,-704.7471798566453,-100.01458698045779,776.5828084906975,-704.7435834146564,-100.02083914363327,776.5828084906975,-704.7435834146564,-100.02083914363327,0.004464821886782418,0.007682719495958796,0.004464821886782418,0.007682719495958796,0.0,0.0,0.4223672896061207,0.42664600446431467,0.42664600446431467,0.05015594295792607,0.04596877144903396,0.9082701086423446,7.691962731164349,-0.1641543447815221,-0.1641543447815221,0.28861820971910146,0.28861820971910146,1.0760426927717033e-09,1.0760426927717033e-09,3.721558627974584e-18,3.721558627974584e-18,-0.08732868481040965,-0.08732868481040965,0.1871407381754301,0.1871407381754301,-0.0014145120255316648,-0.0014145120255316648
13,1,sqp_full,sqp_full,,10,1,67,27.063720847575762,776.5760562823847,-704.76518025987,-100.01723374662348,776.5908717506353,-704.7207675207578,-100.01808779105069,776.5899516641551,-704.7228282413515,-100.02208196429991,776.5899516641551,-704.7228282413515,-100.02208196429991,0.002256796068874164,0.004587651734965495,0.002256796068874164,0.004587651734965495,0.0,0.0,0.046818687454163274,0.044573255514173044,0.044573255514173044,0.028714997008030232,0.021985148377196874,0.7628880398391162,4.85313780671677,-0.2990787750306883,-0.2990787750306883,-0.2987323894263772,-0.2987323894263772,9.996044500288307e-10,9.996044500288307e-10,3.506573814433338e-18,3.506573814433338e-18,-0.04361856337143322,-0.04361856337143322,0.2215842419415363,0.2215842419415363,0.000441422447780534,0.000441422447780534
13,2,sqp_full,sqp_full,,10,1,68,27.46776125161624,776.7140044755259,-704.3854186531428,-100.01749096672233,776.6034871006959,-704.6937290378274,-100.01713412876084,776.5959459550334,-704.7068111147449,-100.02233647388663,776.5959459550334,-704.7068111147449,-100.02233647388663,0.01509998723113689,0.015971036572128772,0.01509998723113689,0.015971036572128772,0.0,0.0,0.32752005044539456,0.3423900241473896,0.3423900241473896,0.02985190258746599,0.017103936476556378,0.5705707273439542,5.233957008579803,-0.371476118243118,-0.371476118243118,-0.3228647112596355,-0.3228647112596355,1.048094869967712e-09,1.048094869967712e-09,3.1709177125671515e-18,3.1709177125671515e-18,-0.011878668903701536,-0.011878668903701536,0.2338480477459869,0.2338480477459869,0.0002873098144892426,0.0002873098144892426
13,3,sqp_full,sqp_full,,10,1,69,27.871801655656572,776.8519526686671,-704.0056570464156,-100.0177481868212,776.6116744464246,-704.6663983052698,-100.01615549900868,776.5930261929661,-704.6978939837453,-100.0212918107209,776.5930261929661,-704.6978939837453,-100.0212918107209,0.03660239226719145,0.03696101754127431,0.03660239226719145,0.03696101754127431,0.0,0.0,0.7030737054080956,0.7390770577027251,0.7390770577027251,0.028547491805946738,0.009440951060409932,0.2709693142227056,34.97968074053039,-0.4274799858354368,-0.4274799858354368,-0.32893654393288674,-0.32893654393288674,1.0219594911705725e-09,1.0219594911705725e-09,2.8306905864915805e-18,2.8306905864915805e-18,-0.010676398444087043,-0.010676398444087043,0.24160055247400794,0.24160055247400794,0.0007215890639082257,0.0007215890639082257
13,4,sqp_full,sqp_full,,10,1,70,28.275842059697048,776.9899008618085,-703.6258954396883,-100.01800540692004,776.6189523692608,-704.6585040144782,-100.01660445910919,776.5873656519998,-704.7119344734313,-100.02166633176458,776.5873656519998,-704.7119344734313,-100.02166633176458,0.06206878967126264,0.06227485211572048,0.06206878967126264,0.06227485211572048,0.0,0.0,1.097216137710807,1.1582380489126323,1.1582380489126323,0.010746606584574341,0.015143227551155795,-1.314998107971057,158.94039191900396,-0.4673483483171605,-0.4673483483171605,-0.1982598514617746,-0.1982598514617746,9.814426209063928e-10,9.814426209063928e-10,2.580544099132245e-18,2.580544099132245e-18,-0.019003325869726147,-0.019003325869726147,0.2391694348310344,0.2391694348310344,-0.00029167647282211164,-0.00029167647282211164
13,5,sqp_full,sqp_full,,10,1,71,28.679882463737382,777.1278490549496,-703.2461338329612,-100.0182626270189,776.623823664247,-704.6503337446019,-100.01687408338118,776.5770534546909,-704.7296622443245,-100.02337939917602,776.5770534546909,-704.7296622443245,-100.02337939917602,0.09208943137054185,0.09231891736659563,0.09208943137054185,0.09231891736659563,0.0,0.0,1.491917888599942,1.5824766477222227,1.5824766477222227,0.009516066516368505,0.02058032735727897,-2.1490963645290604,173.57196011990635,-0.46735087789238167,-0.46735087789238167,-0.19640625620150773,-0.19640625620150773,9.301219838686416e-10,9.301219838686416e-10,2.4315092218433135e-18,2.4315092218433135e-18,-0.014626026326166023,-0.014626026326166023,0.22959912952822362,0.22959912952822362,-4.4785378026672024e-05,-4.4785378026672024e-05
13,6,sqp_full,sqp_full,,10,1,72,29.083922867777858,777.2657972480908,-702.8663722262339,-100.01851984711776,776.6286800984698,-704.6422014566725,-100.01704895811132,776.5649431598355,-704.7508375634119,-100.02141294472682,776.5649431598355,-704.7508375634119,-100.02141294472682,0.1259531700036166,0.12602874835980926,0.1259531700036166,0.12602874835980926,0.0,0.0,1.886660467074442,2.0105735649435226,2.0105735649435226,0.00947362873961725,0.02447284869086086,-2.5778434490943885,176.28890976011922,-0.4673486424340068,-0.4673486424340068,-0.19455329217507422,-0.19455329217507422,8.576215123712954e-10,8.576215123712954e-10,2.2401001815657957e-18,2.2401001815657957e-18,-0.011790889318334094,-0.011790889318334094,0.21547604503941223,0.21547604503941223,-4.5069177670184356e-05,-4.5069177670184356e-05
13,7,sqp_full,sqp_full,,10,1,73,29.48796327181823,777.4037454412321,-702.4866106195068,-100.01877706721662,776.6334946619234,-704.6341181052106,-100.01713591761481,776.5513970642213,-704.7750072728522,-100.02111807184392,776.5513970642213,-704.7750072728522,-100.02111807184392,0.16306370873743636,0.16311232528387248,0.16306370873743636,0.16311232528387248,0.0,0.0,2.2814632725905764,2.441978091391436,2.441978091391436,0.00940894011360585,0.027708455583723115,-2.943881952413334,178.48807229598887,-0.46734972519093954,-0.46734972519093954,-0.19269995418827546,-0.19269995418827546,7.562033972448574e-10,7.562033972448574e-10,1.9863930194153622e-18,1.9863930194153622e-18,-0.009943988970162503,-0.009943988970162503,0.19747654306352047,0.19747654306352047,-4.3424143432066276e-05,-4.3424143432066276e-05
13,8,sqp_full,sqp_full,,10,1,74,29.892003675858668,777.5416936343734,-702.1068490127795,-100.01903428731548,776.6383661652957,-704.6261080029781,-100.0171800557667,776.5363489624833,-704.8018779039768,-100.0221683373343,776.5363489624833,-704.8018779039768,-100.0221683373343,0.20323033180785338,0.20329154119079287,0.20323033180785338,0.20329154119079287,0.0,0.0,2.676315821439323,2.876438532923171,2.876438532923171,0.009375245653236434,0.03081524363920814,-3.282283014343873,176.9716112463109,-0.46734985092276016,-0.46734985092276016,-0.19084142655994688,-0.19084142655994688,6.394953192090751e-10,6.394953192090751e-10,1.7772929792875214e-18,1.7772929792875214e-18,-0.008544072555491292,-0.008544072555491292,0.17627572765567112,0.17627572765567112,-5.255849677623592e-05,-5.255849677623592e-05
13,9,sqp_full,sqp_full,,10,1,75,30.296044079899143,777.6796418275146,-701.7270874060523,-100.01929150741434,776.6431836292945,-704.6181623285488,-100.01743653343424,776.5204382112609,-704.8310990012794,-100.02213900509734,776.5204382112609,-704.8310990012794,-100.02213900509734,0.24578133420144402,0.245826315681589,0.24578133420144402,0.245826315681589,0.0,0.0,3.0712472717360018,3.313403236438352,3.313403236438352,0.009295562506399808,0.033271991109874714,-3.5742080621773993,176.9310829048331,-0.4673518883847091,-0.4673518883847091,-0.18898556386410498,-0.18898556386410498,5.170917682208299e-10,5.170917682208299e-10,1.5349418777434847e-18,1.5349418777434847e-18,-0.007352226832154078,-0.007352226832154078,0.152584261000454,0.152584261000454,-4.972133635865098e-05,-4.972133635865098e-05
13,10,sqp_full,sqp_full,,10,0,76,30.700084483939477,777.8175900206558,-701.3473257993252,-100.01954872751318,776.6479252495006,-704.6104749698264,-100.01719581742603,776.503981841199,-704.8618516441184,-100.02062998360205,nan,nan,nan,0.2896721201144635,0.28969247603093295,nan,nan,nan,nan,3.466447487821593,3.7519939182860824,nan,0.009035285856140557,nan,nan,nan,-0.459974820964753,nan,-0.1840254292500616,nan,3.984508230765829e-10,nan,1.277095325053342e-18,nan,-0.007164382964809877,nan,0.12715131794313952,nan,-5.752111491174614e-05,nan
13,11,sqp_full,sqp_full,,10,0,77,31.104124887979953,777.955538213797,-700.9675641925978,-100.01980594761204,776.6522076824542,-704.6040959954918,-100.01705576577048,776.490654557819,-704.8883501416267,-100.0216750860309,nan,nan,nan,0.32695539707165705,0.32698802698868534,nan,nan,nan,nan,3.8630343031597802,4.18550434041744,nan,0.007684410194034858,nan,nan,nan,-0.38554098886961663,nan,-0.1510203226634563,nan,2.980148831512042e-10,nan,1.017074921182914e-18,nan,-0.003736737899027196,nan,0.10387955406133727,nan,-8.048985168850917e-05,nan
13,12,sqp_full,sqp_full,,10,0,78,31.50816529202033,778.0934864069383,-700.5878025858707,-100.0200631677109,776.6555832883063,-704.5997671584645,-100.01698711987162,776.4806853198344,-704.9091408872946,-100.02001619012925,nan,nan,nan,0.3553890874321423,0.35540199596017547,nan,nan,nan,nan,4.261857002565817,4.612493041936949,nan,0.005489832159242362,nan,nan,nan,-0.28918500361841326,nan,-0.10929990732917123,nan,2.0563657319418135e-10,nan,7.430227533471418e-19,nan,-0.0028491888931908476,nan,0.07629214520036783,nan,-0.00010181552443181812,nan
13,13,sqp_full,sqp_full,,10,0,79,31.91220569606077,778.2314346000795,-700.2080409791434,-100.02032038780976,776.6582812474356,-704.59759161529,-100.01689834677575,776.4748247688627,-704.9233230621657,-100.02152056109259,nan,nan,nan,0.37384121631256706,0.3738697900061604,nan,nan,nan,nan,4.662935369295732,5.031854849019128,nan,0.003466965853621817,nan,nan,nan,-0.1911707830297123,nan,-0.06744752861738414,nan,1.253130075212657e-10,nan,4.741393600248439e-19,nan,-0.0019025525785262064,nan,0.04920261879162414,nan,-0.00015082614953319687,nan
13,14,sqp_full,sqp_full,,10,0,80,32.316246100101246,778.3693827932208,-699.8282793724162,-100.02057760790862,776.6602385370982,-704.5975350153719,-100.01687149824615,776.4729117197144,-704.930856790504,-100.02138194432308,nan,nan,nan,0.38235421050163065,0.38238081334206386,nan,nan,nan,nan,5.066258330967904,5.443610827403578,nan,0.0019582919132413615,nan,nan,nan,-0.0959379211965617,nan,-0.027312382275332035,nan,5.68570773670175e-11,nan,2.208825581133315e-19,nan,-0.0008968992738038502,nan,0.023720503635739885,nan,-0.00019240462517131044,nan
14,0,sqp_full,sqp_full,,10,1,68,27.46776125161624,776.7140044755259,-704.3854186531428,-100.01749096672233,776.5654984542367,-704.7992537253712,-100.02055586735686,776.5659800167734,-704.7988822336599,-100.02143521317251,776.5659800167734,-704.7988822336599,-100.02143521317251,0.0006082010919558164,0.0010691854992263914,0.0006082010919558164,0.0010691854992263914,0.0,0.0,0.4396743173820996,0.43916212587502246,0.43916212587502246,0.05520012155626702,0.05578952848223045,1.0105470600536512,0.9210245552961486,0.04002612750488655,0.04002612750488655,-0.5000011153178856,-0.5000011153178856,-3.8594997487568846e-12,-3.8594997487568846e-12,-2.5521186814879284e-20,-2.5521186814879284e-20,0.022199997865735302,0.022199997865735302,-0.07015331558003132,-0.07015331558003132,-0.0027059596308867083,-0.0027059596308867083
14,1,sqp_full,sqp_full,,10,1,69,27.871801655656572,776.8519526686671,-704.0056570464156,-100.0177481868212,776.5758001139769,-704.7664341512018,-100.01793667702314,776.5789820403118,-704.7620994259106,-100.0208133997478,776.5789820403118,-704.7620994259106,-100.0208133997478,0.005377220336712584,0.006098363074139836,0.005377220336712584,0.006098363074139836,0.0,0.0,0.8093466727112227,0.8041878122931394,0.8041878122931394,0.03449795356343644,0.039018126735513546,1.1282726059580348,3.999675225249616,0.11445957245697558,0.11445957245697558,-0.3868056071051819,-0.3868056071051819,-4.04015691030436e-12,-4.04015691030436e-12,-2.694165813634349e-20,-2.694165813634349e-20,0.028364638979448187,0.028364638979448187,-0.0992796478776752,-0.0992796478776752,0.0007095300883351249,0.0007095300883351249
14,2,sqp_full,sqp_full,,10,1,70,28.275842059697048,776.9899008618085,-703.6258954396883,-100.01800540692004,776.582317012377,-704.7589080837205,-100.0177584749659,776.5862230853803,-704.7539002108118,-100.02120492322685,776.5862230853803,-704.7539002108118,-100.02120492322685,0.006351078441914395,0.007225939592241994,0.006351078441914395,0.007225939592241994,0.0,0.0,1.2040939522536926,1.1980611465444388,1.1980611465444388,0.009957078510444231,0.010945919447682393,1.097674854595674,3.125761223941575,0.21081626570441037,0.21081626570441037,0.206682720122996,0.206682720122996,-3.774042867729203e-12,-3.774042867729203e-12,-2.5626748432539514e-20,-2.5626748432539514e-20,-0.008836944492473969,-0.008836944492473969,-0.11219176652803853,-0.11219176652803853,-0.00021732185720374077,-0.00021732185720374077
14,3,sqp_full,sqp_full,,10,1,71,28.679882463737382,777.1278490549496,-703.2461338329612,-100.0182626270189,776.5915538550594,-704.7458370952135,-100.0186897141201,776.5940893035145,-704.7446202667869,-100.0211532825881,776.5940893035145,-704.7446202667869,-100.0211532825881,0.0028123247124172642,0.0037387618116980223,0.0028123247124172642,0.0037387618116980223,0.0,0.0,1.5927091436402492,1.5907108676977149,1.5907108676977149,0.01603238003703042,0.01216541884184381,0.7544003904544593,6.175054118791211,0.30882914965307395,0.30882914965307395,0.3067732716660772,0.3067732716660772,-3.6094928708222777e-12,-3.6094928708222777e-12,-2.593734016996795e-20,-2.593734016996795e-20,0.007920615728182359,0.007920615728182359,-0.12119729724653387,-0.12119729724653387,-0.0002020595870977602,-0.0002020595870977602
14,4,sqp_full,sqp_full,,10,1,72,29.083922867777858,777.2657972480908,-702.8663722262339,-100.01851984711776,776.6027249896514,-704.7263082026792,-100.01767994153056,776.6002082708009,-704.7364152715239,-100.02073670630442,776.6002082708009,-704.7364152715239,-100.02073670630442,0.010415695579512906,0.010854976982369676,0.010415695579512906,0.010854976982369676,0.0,0.0,1.9745953145866275,1.9849608756667068,1.9849608756667068,0.022520913222346808,0.010243888115179714,0.45152750105396106,6.9410099987368445,0.40406107242463024,0.40406107242463024,0.3971422992037959,0.3971422992037959,-3.496777694939468e-12,-3.496777694939468e-12,-2.6318810301971833e-20,-2.6318810301971833e-20,0.003648777318729184,0.003648777318729184,-0.12533099242433685,-0.12533099242433685,-7.421038389302392e-05,-7.421038389302392e-05
14,5,sqp_full,sqp_full,,10,1,73,29.48796327181823,777.4037454412321,-702.4866106195068,-100.01877706721662,776.611735491104,-704.7064827436352,-100.0168990792262,776.6003882056079,-704.7343774492123,-100.02103587304757,776.6003882056079,-704.7343774492123,-100.02103587304757,0.03011437343461368,0.030397179975779072,0.03011437343461368,0.030397179975779072,0.0,0.0,2.356928511555784,2.3870145723799228,2.3870145723799228,0.0217910006348843,0.002067509866712753,0.08800391541108553,21.945813970793296,0.4040602762068689,0.4040602762068689,0.404785335465146,0.404785335465146,-3.1555140165733803e-12,-3.1555140165733803e-12,-2.5414461818272825e-20,-2.5414461818272825e-20,0.0004673227757609221,0.0004673227757609221,-0.11898319006206129,-0.11898319006206129,0.00014380254069965245,0.00014380254069965245
14,6,sqp_full,sqp_full,,10,1,74,29.892003675858668,777.5416936343734,-702.1068490127795,-100.01903428731548,776.6129322362077,-704.6857636621845,-100.0159999363824,776.5896373523649,-704.7370251166808,-100.0218817252946,776.5896373523649,-704.7370251166808,-100.0218817252946,0.05630620152638653,0.056612576086395146,0.05630620152638653,0.056612576086395146,0.0,0.0,2.7410579168704112,2.7971838519562797,2.7971838519562797,0.020773083373907437,0.011104343947393186,-0.15870331233590873,107.27084237795988,0.4040614195245681,0.4040614195245681,0.412470653629208,0.412470653629208,-2.7188434498418463e-12,-2.7188434498418463e-12,-2.4265256465484682e-20,-2.4265256465484682e-20,0.0006798287808955773,0.0006798287808955773,-0.11072736065975325,-0.11072736065975325,0.0009345342110888059,0.0009345342110888059
14,7,sqp_full,sqp_full,,10,1,75,30.296044079899143,777.6796418275146,-701.7270874060523,-100.01929150741434,776.6304077433307,-704.6672765702959,-100.01702283188638,776.5911959699431,-704.7482336117332,-100.02263514722095,776.5911959699431,-704.7482336117332,-100.02263514722095,0.08995335308081007,0.09012826312481365,0.08995335308081007,0.09012826312481365,0.0,0.0,3.1217950741438845,3.211236332156971,3.211236332156971,0.025460012390262528,0.011341397387207481,-0.27645910541256785,128.36112924227535,0.40406567896040957,0.40406567896040957,0.4202146674555322,0.4202146674555322,-2.252197571397414e-12,-2.252197571397414e-12,-2.2687389067615537e-20,-2.2687389067615537e-20,-0.008868139156911226,-0.008868139156911226,-0.09898088704816028,-0.09898088704816028,-0.0007375091908777306,-0.0007375091908777306
14,8,sqp_full,sqp_full,,10,1,76,30.700084483939477,777.8175900206558,-701.3473257993252,-100.01954872751318,776.6391299277136,-704.6478810490539,-100.01797428696348,776.5812948712631,-704.763845076871,-100.0195119242949,776.5812948712631,-704.763845076871,-100.0195119242949,0.12958606986159915,0.12959519215903909,0.12958606986159915,0.12959519215903909,0.0,0.0,3.5046302440014454,3.63332212585864,3.63332212585864,0.02128774322050218,0.018748443142356432,-0.8652934638015638,169.26196116747158,0.40405948403400416,0.40405948403400416,0.4279631429156926,0.4279631429156926,-2.2364384674035526e-12,-2.2364384674035526e-12,-2.071325578788124e-20,-2.071325578788124e-20,-0.007598642561354246,-0.007598642561354246,-0.08797779321131376,-0.08797779321131376,0.00014676147455813823,0.00014676147455813823
14,9,sqp_full,sqp_full,,10,1,77,31.104124887979953,777.955538213797,-700.9675641925978,-100.01980594761204,776.6411577671423,-704.6276925698503,-100.01896404156851,776.5614795478367,-704.7844623594287,-100.02360682808018,776.5614795478367,-704.7844623594287,-100.02360682808018,0.17585615018013162,0.17591742671711028,0.17585615018013162,0.17591742671711028,0.0,0.0,3.888976175874127,4.063509712071043,4.063509712071043,0.020314193055225027,0.02888749936514008,-1.0961902425957026,140.43118666908168,0.4040628575222325,0.4040628575222325,0.4357880692317199,0.4357880692317199,-2.4123028877999784e-12,-2.4123028877999784e-12,-1.8305059056823907e-20,-1.8305059056823907e-20,-0.009330348644915068,-0.009330348644915068,-0.07592722455824814,-0.07592722455824814,0.0008247353678601532,0.0008247353678601532
14,10,sqp_full,sqp_full,,10,0,78,31.50816529202033,778.0934864069383,-700.5878025858707,-100.0200631677109,776.6572362260272,-704.6102316910211,-100.01803826080173,776.5532542663547,-704.8120827509549,-100.02386605321009,nan,nan,nan,0.2270596801145504,0.22713445687098407,nan,nan,nan,nan,4.271153297193634,4.49631604316357,nan,0.023754077536911535,nan,nan,nan,0.4040621181714935,nan,0.4436386496118357,nan,-2.954490227307213e-12,nan,-1.5103136493792354e-20,nan,-0.0031890433936136342,nan,-0.05990496072461273,nan,-0.0006698246898195625,nan
14,11,sqp_full,sqp_full,,10,0,79,31.91220569606077,778.2314346000795,-700.2080409791434,-100.02032038780976,776.665020623549,-704.5918979957071,-100.01673463839235,776.5348231851253,-704.8432566554567,-100.0244689591948,nan,nan,nan,0.28307693089191865,0.2831825710058151,nan,nan,nan,nan,4.655303973699691,4.935961371333077,nan,0.01996047744996761,nan,nan,nan,0.40406374264626305,nan,0.45154536184716354,nan,-2.2112818113289797e-12,nan,-1.1121155399669089e-20,nan,-0.007105028991897421,nan,-0.047350860081255976,nan,0.00016886162408026793,nan
14,12,sqp_full,sqp_full,,10,0,80,32.316246100101246,778.3693827932208,-699.8282793724162,-100.02057760790862,776.6685796136959,-704.5728461706243,-100.01291529221554,776.5098141020176,-704.8780338211587,-100.02505325875534,nan,nan,nan,0.34401451966047764,0.3442285867980033,nan,nan,nan,nan,5.040202928269905,5.381265251769179,nan,0.019754135138465703,nan,nan,nan,0.40405698594082384,nan,0.45946507755204347,nan,-1.1531164588696016e-12,nan,-7.583351064982274e-21,nan,-0.007582988681340535,nan,-0.0347603745211364,nan,0.000629871068218633,nan
14,13,sqp_full,sqp_full,,10,0,81,32.72028650414162,778.507330986362,-699.4485177656891,-100.02083482800748,776.6816950566681,-704.5590942857751,-100.01621378643597,776.5001333956566,-704.9086771759007,-100.02536850056505,nan,nan,nan,0.393919831714332,0.3940261953330424,nan,nan,nan,nan,5.426871927311772,5.817403454554043,nan,0.019287541195874634,nan,nan,nan,0.3022241609327191,nan,0.3617440912206989,nan,-5.249420837164008e-13,nan,-5.028409416106527e-21,nan,-0.003229896873058886,nan,-0.023596075555864012,nan,-0.0006087563244901357,nan
14,14,sqp_full,sqp_full,,10,0,82,33.12432690818206,778.6452791795032,-699.0687561589618,-100.02109204810634,776.6845094185169,-704.5536633184197,-100.01644268478991,776.4916136103575,-704.9251695141138,-100.02548262053025,nan,nan,nan,0.4185996252321835,0.41869722554933914,nan,nan,nan,nan,5.824845457475361,6.239859996035668,nan,0.006121146419396187,nan,nan,nan,0.13021922354988308,nan,0.18778416918650853,nan,-2.7284336567189434e-13,nan,-2.1821531101410476e-21,nan,-0.001280365099695553,nan,-0.011400071401078389,nan,4.1431303865185397e-07,nan
15,0,sqp_full,sqp_full,,10,1,68,27.46776125161624,776.7140044755259,-704.3854186531428,-100.01749096672233,776.5818642958279,-704.7495557894176,-100.02481696472071,776.581411737249,-704.7508459571377,-100.0217231744955,776.581411737249,-704.7508459571377,-100.0217231744955,0.0013672388280709302,0.0033824369869267785,0.0013672388280709302,0.0033824369869267785,0.0,0.0,0.3873717608514405,0.3887389210624077,0.3887389210624077,0.04044095710152275,0.03912675336121281,0.964533439642794,4.490343769223227,0.5000018783622439,0.5000018783622439,-0.05636604232967369,-0.05636604232967369,9.207326558771998e-14,9.207326558771998e-14,3.4609874627256513e-22,3.4609874627256513e-22,0.07942321248704035,0.07942321248704035,0.24428720426339365,0.24428720426339365,-4.4684761183235754e-05,-4.4684761183235754e-05
15,1,sqp_full,sqp_full,,10,1,69,27.871801655656572,776.8519526686671,-704.0056570464156,-100.0177481868212,776.5920526399111,-704.7204728739911,-100.02079947474694,776.5943861791117,-704.7180232213829,-100.01934539101626,776.5943861791117,-704.7180232213829,-100.01934539101626,0.003383223773464692,0.003682466917323944,0.003383223773464692,0.003682466917323944,0.0,0.0,0.7605982463165343,0.7574998770821215,0.7574998770821215,0.031076656038872327,0.03537402971601709,1.135192276231328,4.223202769818053,0.5000018957563749,0.5000018957563749,-0.04845932755236312,-0.04845932755236312,3.8872547508966015e-13,3.8872547508966015e-13,2.3378661960343444e-22,2.3378661960343444e-22,0.07481238698851103,0.07481238698851103,0.28579394875495473,0.28579394875495473,0.0006194432914674547,0.0006194432914674547
15,2,sqp_full,sqp_full,,10,1,70,28.275842059697048,776.9899008618085,-703.6258954396883,-100.01800540692004,776.6037849880058,-704.7021848061996,-100.02045479885814,776.6112428994334,-704.6921720550763,-100.01835161938669,776.6112428994334,-704.6921720550763,-100.01835161938669,0.01248501613610299,0.012660923813367697,0.01248501613610299,0.012660923813367697,0.0,0.0,1.143452783663386,1.1315156530040409,1.1315156530040409,0.021730628541971754,0.03087749020673974,1.4206916554261777,1.0277664913390059,0.4125449428657686,0.4125449428657686,-0.04053960804216964,-0.04053960804216964,6.424212255723604e-13,6.424212255723604e-13,8.157001183255071e-23,8.157001183255071e-23,0.03400021160788243,0.03400021160788243,0.3102349497139963,0.3102349497139963,-0.00011967480874471724,-0.00011967480874471724
15,3,sqp_full,sqp_full,,10,1,71,28.679882463737382,777.1278490549496,-703.2461338329612,-100.0182626270189,776.6065945099141,-704.6914722524094,-100.01856296773192,776.6139560802633,-704.6825458429647,-100.0174352363381,776.6139560802633,-704.6825458429647,-100.0174352363381,0.011570371799598989,0.011625200285482048,0.011570371799598989,0.011625200285482048,0.0,0.0,1.5364600377013984,1.5255705332479286,1.5255705332479286,0.01123526800168873,0.01004316024584416,0.8910448134561972,4.577375125779243,-0.19777394862922304,-0.19777394862922304,-0.13826058721529882,-0.13826058721529882,4.0551614361317165e-13,4.0551614361317165e-13,1.0309582013269584e-22,1.0309582013269584e-22,0.02450236150652251,0.02450236150652251,0.3458952102039056,0.3458952102039056,0.0002693846218312914,0.0002693846218312914
15,4,sqp_full,sqp_full,,10,1,72,29.083922867777858,777.2657972480908,-702.8663722262339,-100.01851984711776,776.6149424460936,-704.6853533726497,-100.01742426942843,776.6170492643089,-704.6856211157655,-100.01678283481866,776.6170492643089,-704.6856211157655,-100.01678283481866,0.0021237630207961446,0.0022185147570204697,0.0021237630207961446,0.0022185147570204697,0.0,0.0,1.9319172819504993,1.9314607085113105,1.9314607085113105,0.010412749963227764,0.004410296824628237,0.07145345777406169,80.28762639737164,-0.36978082817038666,-0.36978082817038666,-0.13240073698873694,-0.13240073698873694,2.5737209472940107e-13,2.5737209472940107e-13,6.059246092564392e-23,6.059246092564392e-23,0.009974104390859983,0.009974104390859983,0.3372134235947745,0.3372134235947745,-0.0005086779752640733,-0.0005086779752640733
15,5,sqp_full,sqp_full,,10,1,73,29.48796327181823,777.4037454412321,-702.4866106195068,-100.01877706721662,776.6228237275539,-704.6787514646917,-100.01761381560875,776.617113265732,-704.6926116161426,-100.01665477729605,776.617113265732,-704.6926116161426,-100.01665477729605,0.014990436033026416,0.015021082748772598,0.014990436033026416,0.015021082748772598,0.0,0.0,2.3270840569309725,2.3420569114968717,2.3420569114968717,0.010282787263056209,0.006991966135049558,-0.4319306880434188,129.43645879592617,-0.36978076999384096,-0.36978076999384096,-0.12285346833113972,-0.12285346833113972,1.6581472188073551e-13,1.6581472188073551e-13,2.791257992094992e-23,2.791257992094992e-23,-0.005699798589438728,-0.005699798589438728,0.3273192818498163,0.3273192818498163,-0.00044141647636466275,-0.00044141647636466275
15,6,sqp_full,sqp_full,,10,1,74,29.892003675858668,777.5416936343734,-702.1068490127795,-100.01903428731548,776.6193913935944,-704.6708522847324,-100.01575707697597,776.6039167602991,-704.7017885922663,-100.015903125514,776.6039167602991,-704.7017885922663,-100.015903125514,0.03459074152801834,0.03459104984867664,0.03459074152801834,0.03459104984867664,0.0,0.0,2.7248402158531557,2.7591913465244455,2.7591913465244455,0.008810529994857505,0.016091290402525004,-0.3323672192954496,100.48524928292741,-0.369780772098811,-0.369780772098811,-0.11362884553043742,-0.11362884553043742,1.0919554742129814e-13,1.0919554742129814e-13,1.7783620157925636e-23,1.7783620157925636e-23,0.015195040067747948,0.015195040067747948,0.3097948082976179,0.3097948082976179,0.0007068304565269627,0.0007068304565269627
15,7,sqp_full,sqp_full,,10,1,75,30.296044079899143,777.6796418275146,-701.7270874060523,-100.01929150741434,776.6313974511763,-704.6639458601562,-100.01782828465677,776.6037645256843,-704.7161879416808,-100.01602477006324,776.6037645256843,-704.7161879416808,-100.01602477006324,0.059100030907527044,0.059127542805022124,0.059100030907527044,0.059127542805022124,0.0,0.0,3.118325488457966,3.176827659897271,3.176827659897271,0.014004785622960394,0.014400667912810118,-0.5150753904158717,120.06059970168674,-0.3697807713252285,-0.3697807713252285,-0.10470861626186544,-0.10470861626186544,8.570029508109453e-14,8.570029508109453e-14,1.3458340947980866e-23,1.3458340947980866e-23,-0.011700451430716715,-0.011700451430716715,0.2876234255591833,0.2876234255591833,-0.000831822267709963,-0.000831822267709963
15,8,sqp_full,sqp_full,,10,1,76,30.700084483939477,777.8175900206558,-701.3473257993252,-100.01954872751318,776.6335247209277,-704.6565861873755,-100.01634455551736,776.5926288887283,-704.7322382726082,-100.015641636328,776.5926288887283,-704.7322382726082,-100.015641636328,0.08599829702581449,0.08600116968231883,0.08599829702581449,0.08600116968231883,0.0,0.0,3.514714063752477,3.5997447446340662,3.5997447446340662,0.007803301365033998,0.01953873907791764,-2.319620839270821,157.8805168116954,-0.3697807712411575,-0.3697807712411575,-0.09608068829338853,-0.09608068829338853,6.495531588336377e-14,6.495531588336377e-14,1.2012064934461758e-23,1.2012064934461758e-23,0.0014937023750469488,0.0014937023750469488,0.2538369595400074,0.2538369595400074,0.00013739111923259184,0.00013739111923259184
15,9,sqp_full,sqp_full,,10,1,77,31.104124887979953,777.955538213797,-700.9675641925978,-100.01980594761204,776.6388299343807,-704.6505558863739,-100.01777175561483,776.5835626934496,-704.7515558241921,-100.01804680793002,776.5835626934496,-704.7515558241921,-100.01804680793002,0.11513233846063683,0.11513266701154248,0.11513233846063683,0.11513266701154248,0.0,0.0,3.9112847645635513,4.025035341013534,4.025035341013534,0.008157617303503081,0.021474369524210894,-2.4216984775380066,156.91838653771185,-0.3697807711261309,-0.3697807711261309,-0.08773334424088233,-0.08773334424088233,4.6456976141757585e-14,4.6456976141757585e-14,1.0858640192906073e-23,1.0858640192906073e-23,0.004882868008542351,0.004882868008542351,0.2115976346009924,0.2115976346009924,-0.00023420500642092027,-0.00023420500642092027
15,10,sqp_full,sqp_full,,10,0,78,31.50816529202033,778.0934864069383,-700.5878025858707,-100.0200631677109,776.6444840099722,-704.6450839636093,-100.01816547516337,776.5745942967959,-704.7724455648485,-100.01512461338788,nan,nan,nan,0.1452774912988056,0.14530931256603,nan,nan,nan,nan,4.308264166060083,4.451771569135176,nan,0.007878167592777253,nan,nan,nan,-0.3697807711423635,nan,-0.07965543673666611,nan,3.5573504352372675e-14,nan,1.111040628462907e-23,nan,0.0055159386641540995,nan,0.172890296340547,nan,-0.00030583160011434467,nan
15,11,sqp_full,sqp_full,,10,0,79,31.91220569606077,778.2314346000795,-700.2080409791434,-100.02032038780976,776.6484517222981,-704.6394725738543,-100.01799069014804,776.5628762496116,-704.7951286142675,-100.01465015982653,nan,nan,nan,0.17762872640044644,0.1776601350485629,nan,nan,nan,nan,4.705679628911242,4.881133059159935,nan,0.00687466260153509,nan,nan,nan,-0.36978077119552827,nan,-0.07183633015090513,nan,2.638848819072781e-14,nan,1.1703122403906808e-23,nan,0.0009552099125727188,nan,0.13739912282523278,nan,-0.0001266287857927389,nan
15,12,sqp_full,sqp_full,,10,0,80,32.316246100101246,778.3693827932208,-699.8282793724162,-100.02057760790862,776.6537555559453,-704.6333826276253,-100.01763731974776,776.5516771876758,-704.8193717634647,-100.01396948820609,nan,nan,nan,0.2121602034285527,0.21219190584719066,nan,nan,nan,nan,5.102195028661944,5.311784721203565,nan,0.008083499679490933,nan,nan,nan,-0.3697807712727561,nan,-0.06426587955435423,nan,1.4933089338490412e-14,nan,1.0304044855426176e-23,nan,0.002377095163888726,nan,0.10388966669778099,nan,-0.00023925987327046304,nan
15,13,sqp_full,sqp_full,,10,0,81,32.72028650414162,778.507330986362,-699.4485177656891,-100.02083482800748,776.6572536982164,-704.629200638473,-100.01928649266382,776.540730584626,-704.8421928324485,-100.01396843744017,nan,nan,nan,0.24278243489865708,0.24284067288385291,nan,nan,nan,nan,5.501114523482401,5.741014532806121,nan,0.005696121832137062,nan,nan,nan,-0.33097222137466525,nan,-0.04535554842027623,nan,6.464335546186609e-15,nan,7.154319368966387e-24,nan,0.0041631121026693444,nan,0.06461019865026285,nan,-0.00015866405415960344,nan
15,14,sqp_full,sqp_full,,10,0,82,33.12432690818206,778.6452791795032,-699.0687561589618,-100.02109204810634,776.6603757283054,-704.6293291845425,-100.01527480381219,776.5362152284796,-704.8566311226928,-100.01694716222909,nan,nan,nan,0.25900193204669125,0.25900733114449376,nan,nan,nan,nan,5.904220023287744,6.160166178382819,nan,0.005085001810326812,nan,nan,nan,-0.17314487455432265,nan,0.00668574314454655,nan,2.770901315441379e-15,nan,4.055901472291441e-24,nan,-0.0035978780949607304,nan,0.031280870800093105,nan,-0.00030514483454629316,nan
16,0,sqp_full,sqp_full,,10,1,69,27.871801655656572,776.8519526686671,-704.0056570464156,-100.0177481868212,776.6001009464533,-704.6940964232381,-100.01377510207824,776.6027633464525,-704.6902914467573,-100.01616013259041,776.6027633464525,-704.6902914467573,-100.01616013259041,0.004643944419915612,0.00522059290878403,0.004643944419915612,0.00522059290878403,0.0,0.0,0.7330607516037453,0.7285736616410545,0.7285736616410545,0.05994450801609756,0.06423043330111258,1.0702618403129422,2.7526983140323753,0.13021633407736433,0.13021633407736433,-0.4999959562236758,-0.4999959562236758,-1.4014349476842317e-09,-1.4014349476842317e-09,1.6452406003069782e-17,1.6452406003069782e-17,-0.032464388438644104,-0.032464388438644104,0.09006193325416346,0.09006193325416346,0.0015689884375831536,0.0015689884375831536
16,1,sqp_full,sqp_full,,10,1,70,28.275842059697048,776.9899008618085,-703.6258954396883,-100.01800540692004,776.6060801307357,-704.6912343399886,-100.01238599417867,776.6090663410183,-704.6869559204406,-100.01642289952197,776.6090663410183,-704.6869559204406,-100.01642289952197,0.005217501862109565,0.006596887935373382,0.005217501862109565,0.006596887935373382,0.0,0.0,1.1323715494899185,1.127335032738561,1.127335032738561,0.006772871323610918,0.00713600187546642,1.021724082278587,14.133012058045233,0.13021846542838597,0.13021846542838597,0.07066384124679913,0.07066384124679913,-1.3385058960625397e-09,-1.3385058960625397e-09,1.7176956055512678e-17,1.7176956055512678e-17,-0.005676172829903815,-0.005676172829903815,0.060538297151516776,0.060538297151516776,-0.0003998916214710311,-0.0003998916214710311
16,2,sqp_full,sqp_full,,10,1,71,28.679882463737382,777.1278490549496,-703.2461338329612,-100.0182626270189,776.6057173983783,-704.6900156578647,-100.01438841448557,776.6077410449147,-704.6874167961641,-100.01736612291512,776.6077410449147,-704.6874167961641,-100.01736612291512,0.0032938165467203346,0.0044402674395666595,0.0032938165467203346,0.0044402674395666595,0.0,0.0,1.535387961096683,1.532256154212265,1.532256154212265,0.0023720134838669847,0.001690705936642857,0.32130332692191405,63.20628375250758,0.13021572073394114,0.13021572073394114,0.1106936442818591,0.1106936442818591,-1.466532150331456e-09,-1.466532150331456e-09,1.7896170806239127e-17,1.7896170806239127e-17,-0.02353396437511388,-0.02353396437511388,0.03568573598683023,0.03568573598683023,0.00011666646717552664,0.00011666646717552664
16,3,sqp_full,sqp_full,,10,1,71,28.679882463737382,777.1278490549496,-703.2461338329612,-100.0182626270189,776.6120680776454,-704.6881031947286,-100.01406211177317,776.6112973554726,-704.6902296476788,-100.01695241203805,776.6112973554726,-704.6902296476788,-100.01695241203805,0.0022618167072776143,0.0036701022381468284,0.0022618167072776143,0.0036701022381468284,0.0,0.0,1.5314390803504223,1.5337008770674392,1.5337008770674392,0.006640415338016225,0.004553090721482471,0.39325234872068193,55.002866867588814,0.16902214723003978,0.16902214723003978,0.1488557579801846,0.1488557579801846,-1.3225845659556475e-09,-1.3225845659556475e-09,1.7512945124981362e-17,1.7512945124981362e-17,0.0172914223054009,0.0172914223054009,0.012511695925104031,0.012511695925104031,-0.0004847453615587795,-0.0004847453615587795
16,4,sqp_full,sqp_full,,10,1,72,29.083922867777858,777.2657972480908,-702.8663722262339,-100.01851984711776,776.6205183748823,-704.68116831473,-100.01669395184953,776.6137708700709,-704.6940089679645,-100.01656114553928,776.6137708700709,-704.6940089679645,-100.01656114553928,0.014505557440711577,0.014506165385167318,0.014505557440711577,0.014506165385167318,0.0,0.0,1.9261021953754278,1.9404624338948282,1.9404624338948282,0.011243961320353959,0.0045337209620894174,-0.05012352318643703,97.14091222237309,0.3268499623762695,0.3268499623762695,0.2582126253689753,0.2582126253689753,-1.2905004338254712e-09,-1.2905004338254712e-09,1.6391394874866435e-17,1.6391394874866435e-17,0.027032430368209456,0.027032430368209456,-0.004740804460163507,-0.004740804460163507,-0.0004066695469164435,-0.0004066695469164435
16,5,sqp_full,sqp_full,,10,1,73,29.48796327181823,777.4037454412321,-702.4866106195068,-100.01877706721662,776.6142029703689,-704.67264990431,-100.0131192808053,776.5997185076858,-704.6998793247616,-100.01567772075943,776.5997185076858,-704.6998793247616,-100.01567772075943,0.030842195079927703,0.030948127768044335,0.030842195079927703,0.030948127768044335,0.0,0.0,2.3242515070447527,2.354786120123936,2.354786120123936,0.011190438924700112,0.015254848962517048,0.3345808614342011,75.79233043825865,0.32685263045729823,0.32685263045729823,0.26643172963082795,0.26643172963082795,-1.2268428929712542e-09,-1.2268428929712542e-09,1.5045021128859372e-17,1.5045021128859372e-17,0.030150645810796878,0.030150645810796878,-0.010659018596690613,-0.010659018596690613,0.0010472744135613854,0.0010472744135613854
16,6,sqp_full,sqp_full,,10,1,74,29.892003675858668,777.5416936343734,-702.1068490127795,-100.01903428731548,776.6310957493627,-704.6654098076144,-100.01567018037653,776.6054163363335,-704.7125722968392,-100.01526513972122,776.6054163363335,-704.7125722968392,-100.01526513972122,0.053700397050631114,0.05370192455888227,0.053700397050631114,0.05370192455888227,0.0,0.0,2.7157727903953766,2.768828093601176,2.768828093601176,0.018555109024634284,0.013919303666916247,0.009588841506930153,89.26760292564735,0.3268475660434407,0.3268475660434407,0.2746059675298163,0.2746059675298163,-1.2620710195014991e-09,-1.2620710195014991e-09,1.4643390213699882e-17,1.4643390213699882e-17,0.012887907660694082,0.012887907660694082,-0.015762277928862627,-0.015762277928862627,-0.0012289775809628488,-0.0012289775809628488
16,7,sqp_full,sqp_full,,10,1,75,30.296044079899143,777.6796418275146,-701.7270874060523,-100.01929150741434,776.6239034298321,-704.6556074891594,-100.01618633735522,776.5851876929881,-704.7260324456743,-100.01458518471014,776.5851876929881,-704.7260324456743,-100.01458518471014,0.08036530830835203,0.0803812569526586,0.08036530830835203,0.0803812569526586,0.0,0.0,3.113007138042342,3.1924130690208568,3.1924130690208568,0.012168867052835066,0.02430711741598358,0.08913505953286227,87.44240298021798,0.3268545011253222,0.3268545011253222,0.2827792463252818,0.2827792463252818,-1.0094540801471613e-09,-1.0094540801471613e-09,1.2902297053127553e-17,1.2902297053127553e-17,0.02358033644710435,0.02358033644710435,-0.01882491600979752,-0.01882491600979752,0.001214059687642799,0.001214059687642799
16,8,sqp_full,sqp_full,,10,1,76,30.700084483939477,777.8175900206558,-701.3473257993252,-100.01954872751318,776.6406702712445,-704.649422121992,-100.01870676938242,776.5869580200005,-704.7463073258081,-100.01327607026273,776.5869580200005,-704.7463073258081,-100.01327607026273,0.1107779249317094,0.11091096043720806,0.1107779249317094,0.11091096043720806,0.0,0.0,3.5055641800891784,3.61490394594501,3.61490394594501,0.018048221949728712,0.020394082543873517,-0.3039996061011809,105.6066486859436,0.32685794689615744,0.32685794689615744,0.29090974851337026,0.29090974851337026,-7.773590798869651e-10,-7.773590798869651e-10,1.0556295884378215e-17,1.0556295884378215e-17,0.04174272336484066,0.04174272336484066,-0.020072030659578473,-0.020072030659578473,-0.0012678568586517224,-0.0012678568586517224
16,9,sqp_full,sqp_full,,10,1,77,31.104124887979953,777.955538213797,-700.9675641925978,-100.01980594761204,776.6401265983618,-704.6415612022352,-100.02067362234975,776.5698018385139,-704.767987148469,-100.01171561524664,776.5698018385139,-704.767987148469,-100.01171561524664,0.14466890380720626,0.14494598173125697,0.14466890380720626,0.14494598173125697,0.0,0.0,3.902378985291666,4.045179840908829,4.045179840908829,0.008121462320375831,0.027690870222318496,-2.4889294296839037,136.88461186440372,0.3268501047470073,0.3268501047470073,0.298994966040994,0.298994966040994,-7.264153337288548e-10,-7.264153337288548e-10,8.96078064476949e-18,8.96078064476949e-18,0.040230651568340006,0.040230651568340006,-0.02000586213608648,-0.02000586213608648,0.0004790752514152367,0.0004790752514152367
16,10,sqp_full,sqp_full,,10,0,78,31.50816529202033,778.0934864069383,-700.5878025858707,-100.0200631677109,776.6493493907032,-704.6339315090149,-100.02179297654473,776.5602860888557,-704.794103078498,-100.01036611192438,nan,nan,nan,0.1832681189041116,0.18362400889236463,nan,nan,nan,nan,4.296125112745694,4.477015417624212,nan,0.012021858052002128,nan,nan,nan,0.32685321239457804,nan,0.30709128287066384,nan,-7.196914709276594e-10,nan,7.64258179960677e-18,nan,0.03568192551348103,nan,-0.01895104424625836,nan,-0.0004805007139243957,nan
16,11,sqp_full,sqp_full,,10,0,79,31.91220569606077,778.2314346000795,-700.2080409791434,-100.02032038780976,776.6496097909392,-704.625425688531,-100.02692676741954,776.5403488650047,-704.8221660535689,-100.00926147197625,nan,nan,nan,0.22504382055791752,0.2257360933355643,nan,nan,nan,nan,4.6920632346061915,4.914256929161882,nan,0.00993844047787992,nan,nan,nan,0.32685109326438905,nan,0.31514381278345077,nan,-6.438989151101783e-10,nan,5.98018362740616e-18,nan,0.026317693828932717,nan,-0.016544324533603563,nan,0.00043632525086030903,nan
16,12,sqp_full,sqp_full,,10,0,80,32.316246100101246,778.3693827932208,-699.8282793724162,-100.02057760790862,776.659011244849,-704.6193540426087,-100.02090475423275,776.5292772880746,-704.8539823160721,-100.00829338393383,nan,nan,nan,0.2681069306241859,0.2684033772319907,nan,nan,nan,nan,5.087216068621459,5.351978918861754,nan,0.01270892846182154,nan,nan,nan,0.3268524996400791,nan,0.3231458863069202,nan,-4.146478019533175e-10,nan,3.827368569020838e-18,nan,0.019919107549991075,nan,-0.012290823248173778,nan,-0.000590445949842615,nan
16,13,sqp_full,sqp_full,,10,0,81,32.72028650414162,778.507330986362,-699.4485177656891,-100.02083482800748,776.6573844676014,-704.6160884633633,-100.02017486930251,776.5137887138437,-704.8765561319417,-100.0077910899437,nan,nan,nan,0.2974275489457936,0.29768524461771756,nan,nan,nan,nan,5.488723807747667,5.782543670205001,nan,0.003720637584203334,nan,nan,nan,0.2015513711465985,nan,0.22575590732912287,nan,-2.4498490578337163e-10,nan,2.4163384142205117e-18,nan,0.010530089168995874,nan,-0.008495887462050395,nan,0.0003306635685751524,nan
16,14,sqp_full,sqp_full,,10,0,82,33.12432690818206,778.6452791795032,-699.0687561589618,-100.02109204810634,776.6628656763756,-704.616964234843,-100.01897836898586,776.5121271274685,-704.8907191445354,-100.00747921073614,nan,nan,nan,0.31251217689446203,0.3127236661139792,nan,nan,nan,nan,5.891737956720047,6.200450845098977,nan,0.0056782249267412965,nan,nan,nan,0.08250398143879252,nan,0.12957625388686927,nan,-1.1296023693730815e-10,nan,1.1456032092786985e-18,nan,0.004631933093036926,nan,-0.004355113765888642,nan,-0.0005608374365097712,nan
17,0,sqp_full,sqp_full,,10,1,69,27.871801655656572,776.8519526686671,-704.0056570464156,-100.0177481868212,776.5894175266951,-704.7272550210268,-100.01125233853736,776.591352559651,-704.7241776386419,-100.01355271946738,776.591352559651,-704.7241776386419,-100.01355271946738,0.0036351939265066567,0.004301905078742711,0.0036351939265066567,0.004301905078742711,0.0,0.0,0.7678726051457591,0.7643194739587069,0.7643194739587069,0.0452116805051054,0.048857769952531015,1.0793698619695604,2.78351046308509,0.5000011347161515,0.5000011347161515,-0.1929119183873473,-0.1929119183873473,4.3755703452368613e-13,4.3755703452368613e-13,1.0115517574222544e-22,1.0115517574222544e-22,-0.04036488902311971,-0.04036488902311971,0.3495872454509904,0.3495872454509904,0.00039391454978741864,0.00039391454978741864
17,1,sqp_full,sqp_full,,10,1,70,28.275842059697048,776.9899008618085,-703.6258954396883,-100.01800540692004,776.6027722412924,-704.7014971961445,-100.01713238509957,776.6056637677427,-704.6976830652469,-100.0154125497847,776.6056637677427,-704.6976830652469,-100.0154125497847,0.0047862845419370005,0.005085897484875147,0.0047862845419370005,0.005085897484875147,0.0,0.0,1.1431481563271393,1.1385810725444852,1.1385810725444852,0.02960386617017047,0.030170052456677043,1.009255797471801,7.980408715290005,0.01347389184571341,0.01347389184571341,-0.1848593830790272,-0.1848593830790272,4.711300837449933e-13,4.711300837449933e-13,2.6847354880695834e-23,2.6847354880695834e-23,-0.048344054382223146,-0.048344054382223146,0.4113711485160926,0.4113711485160926,0.00012404206487700377,0.00012404206487700377
17,2,sqp_full,sqp_full,,10,1,71,28.679882463737382,777.1278490549496,-703.2461338329612,-100.0182626270189,776.6097866253873,-704.6833625825416,-100.02043810717005,776.6134210643792,-704.6792301982414,-100.01682370721532,776.6134210643792,-704.6792301982414,-100.01682370721532,0.005503248748705326,0.006584043880694837,0.005503248748705326,0.006584043880694837,0.0,0.0,1.5277483953663573,1.5226297480548956,1.5226297480548956,0.01972292050287376,0.020066771467337784,1.0121327763210264,5.851464375061884,-0.17314637136662497,-0.17314637136662497,-0.176857303586688,-0.176857303586688,2.513835167657981e-13,2.513835167657981e-13,6.94911563694786e-24,6.94911563694786e-24,-0.03450703555149203,-0.03450703555149203,0.4151074459410676,0.4151074459410676,0.0002936708999674296,0.0002936708999674296
17,3,sqp_full,sqp_full,,10,1,71,28.679882463737382,777.1278490549496,-703.2461338329612,-100.0182626270189,776.6144039921232,-704.6769324167078,-100.01770174901459,776.6135158816994,-704.6807000754642,-100.01654303792593,776.6135158816994,-704.6807000754642,-100.01654303792593,0.0038709162519566494,0.004040619261530183,0.0038709162519566494,0.004040619261530183,0.0,0.0,1.5201350005154435,1.5239812719436001,1.5239812719436001,0.008375844087577782,0.001499434768312937,-0.11753636912101313,131.03791236071433,-0.29844866001837744,-0.29844866001837744,-0.08233861016780608,-0.08233861016780608,2.230832898023727e-13,2.230832898023727e-13,-3.0764461709070907e-23,-3.0764461709070907e-23,0.0026624866676044656,0.0026624866676044656,0.42493923194853406,0.42493923194853406,-0.00012313057045847063,-0.00012313057045847063
17,4,sqp_full,sqp_full,,10,1,72,29.083922867777858,777.2657972480908,-702.8663722262339,-100.01851984711776,776.6283715177228,-704.6670211519169,-100.01668549346529,776.6188448237823,-704.6860204235787,-100.01670247905273,776.6188448237823,-704.6860204235787,-100.01670247905273,0.02125394601291531,0.021253952800128713,0.02125394601291531,0.021253952800128713,0.0,0.0,1.9101434802909896,1.9312345795938317,1.9312345795938317,0.017156856252626425,0.00753187554694318,0.07317193293062313,80.40525482734213,-0.4174960188060095,-0.4174960188060095,-0.12598070735811245,-0.12598070735811245,1.1823961275819547e-13,1.1823961275819547e-13,-4.400416857457835e-23,-4.400416857457835e-23,-0.016511913384741273,-0.016511913384741273,0.40420582477829803,0.40420582477829803,-0.0008549034042536081,-0.0008549034042536081
17,5,sqp_full,sqp_full,,10,1,73,29.48796327181823,777.4037454412321,-702.4866106195068,-100.01877706721662,776.617842074732,-704.6546232957453,-100.01595614434557,776.5973737643793,-704.6925562581122,-100.01553378365658,776.5973737643793,-704.6925562581122,-100.01553378365658,0.0431029159411627,0.043104985224246904,0.0431029159411627,0.043104985224246904,0.0,0.0,2.3060622423965005,2.3487084624773606,2.3487084624773606,0.016282136146239648,0.022474193508647006,0.5503431423555367,66.50222886819834,-0.41749601937215075,-0.41749601937215075,-0.11982242578544469,-0.11982242578544469,5.975864032820607e-14,5.975864032820607e-14,-3.8562712755998095e-23,-3.8562712755998095e-23,-0.013787791696363148,-0.013787791696363148,0.3777509116218933,0.3777509116218933,0.001620785377376659,0.001620785377376659
17,6,sqp_full,sqp_full,,10,1,74,29.892003675858668,777.5416936343734,-702.1068490127795,-100.01903428731548,776.6411544230399,-704.6446798402203,-100.01621825751523,776.6068699811142,-704.7070433269299,-100.01600390223577,776.6068699811142,-704.7070433269299,-100.01600390223577,0.07116619585690416,0.0711665186792854,0.07116619585690416,0.0711665186792854,0.0,0.0,2.692871363407007,2.7631333181793263,2.7631333181793263,0.02534574115543986,0.01732842481825679,0.12056353804881195,79.84309141666986,-0.4174960188478745,-0.4174960188478745,-0.11380220484422854,-0.11380220484422854,3.19039004305764e-14,3.19039004305764e-14,-3.5663914448542366e-23,-3.5663914448542366e-23,-0.02072864766299999,-0.02072864766299999,0.36290740831400436,0.36290740831400436,-0.0017639019693557014,-0.0017639019693557014
17,7,sqp_full,sqp_full,,10,1,75,30.296044079899143,777.6796418275146,-701.7270874060523,-100.01929150741434,776.63366377824,-704.6319186619904,-100.01596489585349,776.5846684884423,-704.7207082133003,-100.01740341061713,776.5846684884423,-704.7207082133003,-100.01740341061713,0.10141066435139394,0.10142086653601563,0.10141066435139394,0.10142086653601563,0.0,0.0,3.08741229916561,3.1875903361109157,3.1875903361109157,0.014799379090521024,0.026107355670094024,-0.03849454015291838,91.25036511871095,-0.4174960183620301,-0.4174960183620301,-0.10791622064531192,-0.10791622064531192,1.6837491241375913e-14,1.6837491241375913e-14,-2.9912100768320895e-23,-2.9912100768320895e-23,-0.01471591113955547,-0.01471591113955547,0.32603031698816165,0.32603031698816165,0.0013369275240325946,0.0013369275240325946
17,8,sqp_full,sqp_full,,10,1,76,30.700084483939477,777.8175900206558,-701.3473257993252,-100.01954872751318,776.653417290244,-704.6215713702879,-100.0160242123317,776.5872247693748,-704.7410355330694,-100.0176069622102,776.5872247693748,-704.7410355330694,-100.0176069622102,0.1365764840962851,0.13658565482978322,0.1365764840962851,0.13658565482978322,0.0,0.0,3.4750513960521356,3.609856563420563,3.609856563420563,0.022299578482752578,0.020488434162998854,-0.32140431009820514,110.47605694819656,-0.41749601798522945,-0.41749601798522945,-0.10216067769098572,-0.10216067769098572,9.967104300783733e-15,9.967104300783733e-15,-2.404206531299999e-23,-2.404206531299999e-23,-0.010249991763731193,-0.010249991763731193,0.29198935829017314,0.29198935829017314,-0.0014114268786282645,-0.0014114268786282645
17,9,sqp_full,sqp_full,,10,1,77,31.104124887979953,777.955538213797,-700.9675641925978,-100.01980594761204,776.6449619676157,-704.6087411179791,-100.01560590809255,776.56071472962,-704.7607445963636,-100.01629345956697,776.56071472962,-704.7607445963636,-100.01629345956697,0.17378910941380837,0.17379046946790438,0.17378910941380837,0.17379046946790438,0.0,0.0,3.8698552297190143,4.041503448906512,4.041503448906512,0.01537149418541665,0.03305986498643178,-0.1192294492081421,93.17792672721568,-0.41749601765662675,-0.41749601765662675,-0.09653191046367166,-0.09653191046367166,7.2363070083039e-15,7.2363070083039e-15,-1.8540275387226046e-23,-1.8540275387226046e-23,-0.004183560298570576,-0.004183560298570576,0.24851818439460402,0.24851818439460402,0.0014238669568963228,0.0014238669568963228
17,10,sqp_full,sqp_full,,10,0,78,31.50816529202033,778.0934864069383,-700.5878025858707,-100.0200631677109,776.6652846714701,-704.5999513658045,-100.0160949917865,776.5624994886335,-704.7855465246711,-100.01702218026917,nan,nan,nan,0.21215644417616814,0.21215847021497386,nan,nan,nan,nan,4.2587671959756195,4.468218338415817,nan,0.022147488302442543,nan,nan,nan,-0.41749601736749203,nan,-0.09102637724774906,nan,7.773153257165848e-15,nan,-1.2604242811458396e-23,nan,-0.00459198561000451,nan,0.19678613409464257,nan,-0.001547939204704129,nan
17,11,sqp_full,sqp_full,,10,0,79,31.91220569606077,778.2314346000795,-700.2080409791434,-100.02032038780976,776.6601480286446,-704.5891158508572,-100.01755194372747,776.5384858565186,-704.8093836354849,-100.01669301924277,nan,nan,nan,0.2516338233846853,0.25163528930272366,nan,nan,nan,nan,4.6543268601520404,4.902900130472881,nan,0.012079577502893199,nan,nan,nan,-0.4174960171868497,nan,-0.08564065545375758,nan,6.8742771620730325e-15,nan,-8.47615455005137e-24,nan,0.0020330940949659358,nan,0.15345753023175018,nan,0.001001826269175569,nan
17,12,sqp_full,sqp_full,,10,0,80,32.316246100101246,778.3693827932208,-699.8282793724162,-100.02057760790862,776.6756033832452,-704.5799257944091,-100.01880052714132,776.5342088027718,-704.836981450806,-100.01621617190581,nan,nan,nan,0.29337695525189106,0.29338833781330403,nan,nan,nan,nan,5.044505169914599,5.334319083565061,nan,0.018024541156135252,nan,nan,nan,-0.4174960170490623,nan,-0.08037143454711812,nan,5.556047754303077e-15,nan,-5.213664231609261e-24,nan,0.00466788661694399,nan,0.11400479752786095,nan,-0.0010694012244892805,nan
17,13,sqp_full,sqp_full,,10,0,81,32.72028650414162,778.507330986362,-699.4485177656891,-100.02083482800748,776.674098264065,-704.5704809392296,-100.01785023510574,776.5144786234112,-704.8618721169831,-100.01597008504817,nan,nan,nan,0.3322457646909816,0.33225108445170515,nan,nan,nan,nan,5.440151557190814,5.768523716965506,nan,0.00961112522345655,nan,nan,nan,-0.3856193415484657,nan,-0.0665785892196817,nan,4.014243573613895e-15,nan,-2.635658881536478e-24,nan,0.0016604571174821986,nan,0.0725891582056021,nan,0.0005837155668313435,nan
17,14,sqp_full,sqp_full,,10,0,82,33.12432690818206,778.6452791795032,-699.0687561589618,-100.02109204810634,776.6817689334966,-704.5685931181025,-100.01866958832538,776.5132273711487,-704.8768291166014,-100.01575302737564,nan,nan,nan,0.351305691683533,0.35131779820700665,nan,nan,nan,nan,5.839826972034604,6.187031307078643,nan,0.007941937914271606,nan,nan,nan,-0.19146057031582983,nan,-0.010459843624432712,nan,2.849841354088779e-15,nan,-9.089122831345126e-25,nan,0.0005859131018500013,nan,0.03435962850515897,nan,-0.0006548290525796367,nan
18,0,sqp_full,sqp_full,,10,1,69,27.871801655656572,776.8519526686671,-704.0056570464156,-100.0177481868212,776.5944718225147,-704.7099594170829,-100.01256287793488,776.5965230976453,-704.7070363729632,-100.01698646622454,776.5965230976453,-704.7070363729632,-100.01698646622454,0.003570982580132456,0.005685072553978142,0.003570982580132456,0.005685072553978142,0.0,0.0,0.7498921358855315,0.7464430490403677,0.7464430490403677,0.06109495064711793,0.06455457179537132,1.0539008265501937,4.116646061673596,0.08250856008151812,0.08250856008151812,-0.5000070048114769,-0.5000070048114769,-2.3768881921607373e-09,-2.3768881921607373e-09,1.827905780943518e-17,1.827905780943518e-17,0.018748349562515632,0.018748349562515632,0.07594599173460216,0.07594599173460216,-0.00046998612678040506,-0.00046998612678040506
18,1,sqp_full,sqp_full,,10,1,70,28.275842059697048,776.9899008618085,-703.6258954396883,-100.01800540692004,776.6071310386387,-704.6896264964629,-100.01433766597353,776.6105709011928,-704.685000998701,-100.0166420918895,776.6105709011928,-704.685000998701,-100.0166420918895,0.005764363272482641,0.00620791935670176,0.005764363272482641,0.00620791935670176,0.0,0.0,1.130502763674696,1.1249870239927064,1.1249870239927064,0.024017353859149437,0.02613459578924747,1.0839639808881942,5.03007628320475,0.08251003501155119,0.08251003501155119,-0.15654316129315776,-0.15654316129315776,-2.5601372676426985e-09,-2.5601372676426985e-09,2.0058847248204755e-17,2.0058847248204755e-17,0.005967857161640042,0.005967857161640042,0.04300614579968056,0.04300614579968056,-0.00010249849998121685,-0.00010249849998121685
18,2,sqp_full,sqp_full,,10,1,71,28.679882463737382,777.1278490549496,-703.2461338329612,-100.0182626270189,776.6058181890514,-704.6877095267757,-100.01690002482317,776.6078768084595,-704.6852456498267,-100.01668209417623,776.6078768084595,-704.6852456498267,-100.01668209417623,0.003210701401187034,0.0032180890687584047,0.003210701401187034,0.0032180890687584047,0.0,0.0,1.5331851505761698,1.5301679510961683,1.5301679510961683,0.003458905852302827,0.002705474082590978,0.2649985026191974,70.19643896110165,0.08249899261016119,0.08249899261016119,0.07692813219942854,0.07692813219942854,-2.625934042580935e-09,-2.625934042580935e-09,2.1264409145721045e-17,2.1264409145721045e-17,0.00026850491794518707,0.00026850491794518707,0.015068598447459967,0.015068598447459967,0.00025545078527569473,0.00025545078527569473
18,3,sqp_full,sqp_full,,10,1,71,28.679882463737382,777.1278490549496,-703.2461338329612,-100.0182626270189,776.614877178169,-704.6859633880593,-100.02035500382546,776.6143358460488,-704.6878653095531,-100.01654610249699,776.6143358460488,-704.6878653095531,-100.01654610249699,0.0019774594389666863,0.00429162849775409,0.0019774594389666863,0.00429162849775409,0.0,0.0,1.528479405848138,1.530452699795522,1.530452699795522,0.009851454925867495,0.0069713899186440165,0.5509281009418693,38.873726293177675,0.11437397890709997,0.11437397890709997,0.11138953232235292,0.11138953232235292,-2.6246353707097685e-09,-2.6246353707097685e-09,2.1098794390786874e-17,2.1098794390786874e-17,-0.0018839443807002248,-0.0018839443807002248,-0.010670176637344856,-0.010670176637344856,-0.0007513079049484046,-0.0007513079049484046
18,4,sqp_full,sqp_full,,10,1,72,29.083922867777858,777.2657972480908,-702.8663722262339,-100.01851984711776,776.6220256783106,-704.678630133244,-100.01889744360963,776.616857213029,-704.689243920093,-100.01602228691969,776.616857213029,-704.689243920093,-100.01602228691969,0.011805316795433455,0.01215039220075795,0.011805316795433455,0.01215039220075795,0.0,0.0,1.9232058016702227,1.9349378236466424,1.9349378236466424,0.010344184948226958,0.0029210000391005947,0.08109913294602124,73.30974071937283,0.30854433312917023,0.30854433312917023,0.24730429109693441,0.24730429109693441,-2.0908009523124117e-09,-2.0908009523124117e-09,1.828776329040803e-17,1.828776329040803e-17,0.0346440741268265,0.0346440741268265,-0.02550146496945087,-0.02550146496945087,-0.00028576084829388525,-0.00028576084829388525
18,5,sqp_full,sqp_full,,10,1,73,29.48796327181823,777.4037454412321,-702.4866106195068,-100.01877706721662,776.6133276596141,-704.6695074948667,-100.01817418769474,776.6016541392848,-704.692218439564,-100.01547693846639,776.6016541392848,-704.692218439564,-100.01547693846639,0.025535428054505142,0.025677485066232658,0.025535428054505142,0.025677485066232658,0.0,0.0,2.32159407260484,2.34692486299784,2.34692486299784,0.012625417194209272,0.015500923272170591,0.6618244254209966,57.38084692563895,0.30852579388323664,0.30852579388323664,0.2566895686745697,0.2566895686745697,-1.8604372995207537e-09,-1.8604372995207537e-09,1.6775759689681953e-17,1.6775759689681953e-17,0.02681522471305872,0.02681522471305872,-0.03064064972210752,-0.03064064972210752,0.0013227172172548946,0.0013227172172548946
18,6,sqp_full,sqp_full,,10,1,74,29.892003675858668,777.5416936343734,-702.1068490127795,-100.01903428731548,776.631703370223,-704.6645083747705,-100.0172979040766,776.6113959984237,-704.7025494748584,-100.01459850571261,776.6113959984237,-704.7025494748584,-100.01459850571261,0.04312208999212136,0.04320649715975737,0.04312208999212136,0.04320649715975737,0.0,0.0,2.714719818476431,2.7573745810625665,2.7573745810625665,0.01906373035629378,0.01422693761281503,0.3525815973577893,61.80653329971657,0.30853771787819256,0.30853771787819256,0.26619025712134914,0.26619025712134914,-1.7751563577638758e-09,-1.7751563577638758e-09,1.4500629803292506e-17,1.4500629803292506e-17,0.022209107129630732,0.022209107129630732,-0.03280640404625502,-0.03280640404625502,-0.0014854759005270973,-0.0014854759005270973
18,7,sqp_full,sqp_full,,10,1,75,30.296044079899143,777.6796418275146,-701.7270874060523,-100.01929150741434,776.6275134611745,-704.6571996129051,-100.01670554865363,776.5966156508206,-704.7138382396781,-100.01319551664491,776.5966156508206,-704.7138382396781,-100.01319551664491,0.06451828211760495,0.06461369090300563,0.06451828211760495,0.06461369090300563,0.0,0.0,3.1132830973114483,3.177046779883675,3.177046779883675,0.008445366942194311,0.018651092856692475,-0.2768696623099259,97.20205637103048,0.3085371692213257,0.3085371692213257,0.275636672071883,0.275636672071883,-1.5581054161203258e-09,-1.5581054161203258e-09,1.2903977042784052e-17,1.2903977042784052e-17,0.02126604499334753,0.02126604499334753,-0.034055782322366,-0.034055782322366,0.0007981804404603385,0.0007981804404603385
18,8,sqp_full,sqp_full,,10,1,76,30.700084483939477,777.8175900206558,-701.3473257993252,-100.01954872751318,776.6409429690921,-704.6504392123317,-100.01646238598927,776.5968318739366,-704.7307880153537,-100.0138451623293,776.5968318739366,-704.7307880153537,-100.0138451623293,0.09166089058534062,0.0916982481980111,0.09166089058534062,0.0916982481980111,0.0,0.0,3.506430735539628,3.5969524628599596,3.5969524628599596,0.015037081728214868,0.01696359889301806,-0.494624651033534,116.00510709551882,0.30853016967714403,0.30853016967714403,0.28505878561226233,0.28505878561226233,-1.3682315957780718e-09,-1.3682315957780718e-09,1.2062764911215106e-17,1.2062764911215106e-17,0.01699095028148501,0.01699095028148501,-0.03533040324227465,-0.03533040324227465,-0.0009270049831310494,-0.0009270049831310494
18,9,sqp_full,sqp_full,,10,1,77,31.104124887979953,777.955538213797,-700.9675641925978,-100.01980594761204,776.6348414861747,-704.6416030276016,-100.01584499321723,776.5757100326423,-704.7488450204635,-100.01319276843192,776.5757100326423,-704.7488450204635,-100.01319276843192,0.12246376537514059,0.12249248191692941,0.12246376537514059,0.12249248191692941,0.0,0.0,3.90420301821869,4.025172109201463,4.025172109201463,0.010755809044827227,0.0277959211215596,-0.26171984435067214,95.81254721032282,0.30854151932609436,0.30854151932609436,0.2945388051579756,0.2945388051579756,-1.1874920487070652e-09,-1.1874920487070652e-09,1.022320268848189e-17,1.022320268848189e-17,0.01954711780373268,0.01954711780373268,-0.03329091111215114,-0.03329091111215114,0.001051045007868939,0.001051045007868939
18,10,sqp_full,sqp_full,,10,0,78,31.50816529202033,778.0934864069383,-700.5878025858707,-100.0200631677109,776.6510708213923,-704.6339950098413,-100.01788590158276,776.5742167966382,-704.7729770871257,-100.0126101831859,nan,nan,nan,0.1588161167110528,0.15890371969145864,nan,nan,nan,nan,4.295606575703076,4.452399999408917,nan,0.018039915820258937,nan,nan,nan,0.3085373260718118,nan,0.3039510862166395,nan,-1.159791549888941e-09,nan,9.03161936545393e-18,nan,0.005581471037187425,nan,-0.03086910617650136,nan,-0.0011576842468616869,nan
18,11,sqp_full,sqp_full,,10,0,79,31.91220569606077,778.2314346000795,-700.2080409791434,-100.02032038780976,776.6489866093804,-704.6244594143061,-100.0215512661762,776.553183105794,-704.7980466854401,-100.01229571657102,nan,nan,nan,0.1982696446740373,0.1984855591665631,nan,nan,nan,nan,4.691363707677329,4.887195562069019,nan,0.010426237074155683,nan,nan,nan,0.30853480326383564,nan,0.313386841438118,nan,-8.950883457069458e-10,nan,7.006837205303165e-18,nan,0.008397168381195143,nan,-0.025964642477890352,nan,0.0006843283886952391,nan
18,12,sqp_full,sqp_full,,10,0,80,32.316246100101246,778.3693827932208,-699.8282793724162,-100.02057760790862,776.6601712393336,-704.6177591533675,-100.02058171723732,776.5446403841653,-704.8275087736857,-100.01156386477646,nan,nan,nan,0.23946248499409406,0.23963222525894273,nan,nan,nan,nan,5.085324051433011,5.321839857222613,nan,0.013073999731589295,nan,nan,nan,0.30853803297669286,nan,0.322815180622346,nan,-5.531736874320435e-10,nan,4.508356873736155e-18,nan,0.01519930733684517,nan,-0.018792628462572854,nan,-0.0007299510990263433,nan
18,13,sqp_full,sqp_full,,10,0,81,32.72028650414162,778.507330986362,-699.4485177656891,-100.02083482800748,776.658385868947,-704.6128154154507,-100.01832325120643,776.5273221038626,-704.8513211531565,-100.01127157295075,nan,nan,nan,0.2721446259559622,0.2722359704427985,nan,nan,nan,nan,5.485304755667256,5.754191482598255,nan,0.005720905594528666,nan,nan,nan,0.22133514262423212,nan,0.2568804323030721,nan,-3.331535309020316e-10,nan,2.831240604530351e-18,nan,0.007951994340010681,nan,-0.012697340208601995,nan,0.0004267776416660161,nan
18,14,sqp_full,sqp_full,,10,0,82,33.12432690818206,778.6452791795032,-699.0687561589618,-100.02109204810634,776.6650671373854,-704.6126294539058,-100.02102725413688,776.5253125932381,-704.8670811325156,-100.01108082962762,nan,nan,nan,0.29030499368285195,0.29047533581651824,nan,nan,nan,nan,5.88691522294497,6.1737209870400225,nan,0.007210101350978429,nan,nan,nan,0.09209887954577746,nan,0.15072198432908862,nan,-1.5712063346647514e-10,nan,1.4084306804480063e-18,nan,0.003620072418616228,nan,-0.006632035629205435,nan,-0.0006202906470635463,nan
19,0,sqp_full,sqp_full,,10,1,69,27.871801655656572,776.8519526686671,-704.0056570464156,-100.0177481868212,776.5961929328085,-704.7072772334809,-100.00701565250627,776.5991855768342,-704.7025550866404,-100.0171840819691,776.5991855768342,-704.7025550866404,-100.0171840819691,0.005590580385580537,0.011603945311336773,0.005590580385580537,0.011603945311336773,0.0,0.0,0.7467823842218152,0.7413218472315669,0.7413218472315669,0.046750260694610205,0.05205564073384555,1.089118239787698,12.008141688676474,0.5000000011736795,0.5000000011736795,-0.186798511906754,-0.186798511906754,-1.2512970256295924e-14,-1.2512970256295924e-14,-2.4353442289379574e-23,-2.4353442289379574e-23,-0.11346373955452399,-0.11346373955452399,0.27971468157584894,0.27971468157584894,0.000373269422372403,0.000373269422372403
19,1,sqp_full,sqp_full,,10,1,70,28.275842059697048,776.9899008618085,-703.6258954396883,-100.01800540692004,776.6104251548933,-704.6754931680082,-100.0103818696078,776.617667761434,-704.665250225271,-100.02154996464728,776.617667761434,-704.665250225271,-100.02154996464728,0.012544848560972755,0.016795820082051532,0.012544848560972755,0.016795820082051532,0.0,0.0,1.1160901412667408,1.1039999326666952,1.1039999326666952,0.034987346012831884,0.04186053942466535,1.1955085600445523,2.270642594654062,0.25896265891161235,0.25896265891161235,-0.18661316134365788,-0.18661316134365788,-2.555166825185148e-15,-2.555166825185148e-15,-1.5761731058540493e-23,-1.5761731058540493e-23,-0.10765160857850661,-0.10765160857850661,0.3265003003364661,0.3265003003364661,0.00038671225241500816,0.00038671225241500816
19,2,sqp_full,sqp_full,,10,1,71,28.679882463737382,777.1278490549496,-703.2461338329612,-100.0182626270189,776.6115085870036,-704.6751987404226,-100.00929792504142,776.6185922979697,-704.6647558691438,-100.02272423067117,776.6185922979697,-704.6647558691438,-100.02272423067117,0.012618736925462405,0.018425477048294694,0.012618736925462405,0.018425477048294694,0.0,0.0,1.5194847773427393,1.5072594090178462,1.5072594090178462,0.0015605923759403754,0.001574184386051623,-0.05157761365352507,92.93094172653227,-0.19146196914765307,-0.19146196914765307,-0.061367821200580604,-0.061367821200580604,6.100250964213669e-15,6.100250964213669e-15,-8.499845525175048e-24,-8.499845525175048e-24,-0.041951394159514155,-0.041951394159514155,0.33798460906712346,0.33798460906712346,-7.790545542356912e-05,-7.790545542356912e-05
19,3,sqp_full,sqp_full,,10,1,71,28.679882463737382,777.1278490549496,-703.2461338329612,-100.0182626270189,776.6173692827917,-704.6719239599635,-100.01179678868961,776.6210007443647,-704.667172470917,-100.02357145481326,776.6210007443647,-704.667172470917,-100.02357145481326,0.005980314482943389,0.013206321351470136,0.005980314482943389,0.013206321351470136,0.0,0.0,1.5144197185851243,1.5087233081336806,1.5087233081336806,0.007163536955208758,0.003515446901014616,0.1621012270329422,70.71187474455063,-0.2786648556346149,-0.2786648556346149,-0.08285108115228466,-0.08285108115228466,5.071569764149138e-15,5.071569764149138e-15,-2.5025172560960497e-24,-2.5025172560960497e-24,-0.03565934224946159,-0.03565934224946159,0.3632367621618635,0.3632367621618635,-0.0003987076608144428,-0.0003987076608144428
19,4,sqp_full,sqp_full,,10,1,72,29.083922867777858,777.2657972480908,-702.8663722262339,-100.01851984711776,776.629969639104,-704.6623518694416,-100.01373040101049,776.6246694118189,-704.6731183616931,-100.02343824162107,776.6246694118189,-704.6731183616931,-100.02343824162107,0.012000406854620106,0.015435411688599281,0.012000406854620106,0.015435411688599281,0.0,0.0,1.9052085521449411,1.9171271476976899,1.9171271476976899,0.015941541731016615,0.006987881207209792,-0.04307067932065379,95.63884905622358,-0.407901122844257,-0.407901122844257,-0.1299633106077384,-0.1299633106077384,8.109727962711231e-16,8.109727962711231e-16,2.189666045431364e-24,2.189666045431364e-24,-0.007760895162387687,-0.007760895162387687,0.39170359074582095,0.39170359074582095,-0.0007344993210145258,-0.0007344993210145258
19,5,sqp_full,sqp_full,,10,1,73,29.48796327181823,777.4037454412321,-702.4866106195068,-100.01877706721662,776.6202620824943,-704.6504516520232,-100.01467779231324,776.604012717577,-704.6802705316658,-100.02220309918246,776.604012717577,-704.6802705316658,-100.02220309918246,0.033958908158996444,0.03478272109578357,0.033958908158996444,0.03478272109578357,0.0,0.0,2.3013157513520413,2.334891055166885,2.334891055166885,0.015386662413179398,0.0218947055052295,0.4825503142855719,70.1769919873673,-0.40790111816112457,-0.40790111816112457,-0.12286763345677573,-0.12286763345677573,9.566086187814813e-16,9.566086187814813e-16,3.861307344168278e-24,3.861307344168278e-24,0.015069263634563583,0.015069263634563583,0.36807472610732916,0.36807472610732916,0.0015241418004273651,0.0015241418004273651
19,6,sqp_full,sqp_full,,10,1,74,29.892003675858668,777.5416936343734,-702.1068490127795,-100.01903428731548,776.6417689490014,-704.6430409921445,-100.01665239681023,776.6125216230053,-704.6954095970272,-100.02168386041897,776.6125216230053,-704.6954095970272,-100.02168386041897,0.059982304517950745,0.06019296039679575,0.059982304517950745,0.06019296039679575,0.0,0.0,2.691121363955335,2.750273900001633,2.750273900001633,0.02283335826623718,0.017374187189419632,0.13384961747973043,79.8685721205445,-0.407901119935685,-0.407901119935685,-0.11595959109722385,-0.11595959109722385,3.199364627706553e-15,3.199364627706553e-15,5.341009376376463e-24,5.341009376376463e-24,0.015046514805542066,0.015046514805542066,0.3275126898945625,0.3275126898945625,-0.001715885585925794,-0.001715885585925794
19,7,sqp_full,sqp_full,,10,1,75,30.296044079899143,777.6796418275146,-701.7270874060523,-100.01929150741434,776.6298083922627,-704.6323285011396,-100.01812298937848,776.5862147854461,-704.7096554002962,-100.01964944381771,776.5862147854461,-704.7096554002962,-100.01964944381771,0.08876852983167555,0.08878165323777261,0.08876852983167555,0.08878165323777261,0.0,0.0,3.0891060296397543,3.176679797621316,3.176679797621316,0.016123740990595607,0.029985520906796785,0.6117687144224179,70.79441029183869,-0.40790112304286225,-0.40790112304286225,-0.10923288475109316,-0.10923288475109316,-3.0662281243327693e-15,-3.0662281243327693e-15,5.37570801117444e-24,5.37570801117444e-24,0.021970959872470556,0.021970959872470556,0.2951615470376553,0.2951615470376553,0.001665406240398861,0.001665406240398861
19,8,sqp_full,sqp_full,,10,1,76,30.700084483939477,777.8175900206558,-701.3473257993252,-100.01954872751318,776.6528167512766,-704.6250314248276,-100.02061735455331,776.5928184484242,-704.7311707322248,-100.01870588907059,776.5928184484242,-704.7311707322248,-100.01870588907059,0.1219235371859451,0.12193851983776147,0.1219235371859451,0.12193851983776147,0.0,0.0,3.4785127477861217,3.59867641419138,3.59867641419138,0.02426630925463587,0.022525722369844778,-0.012589102586832436,90.77706208612707,-0.40790111910768073,-0.40790111910768073,-0.10268148503993584,-0.10268148503993584,3.499379905399858e-15,3.499379905399858e-15,6.2684005714229695e-24,6.2684005714229695e-24,0.018401949985086808,0.018401949985086808,0.2628700917430996,0.2628700917430996,-0.0018693365933621286,-0.0018693365933621286
19,9,sqp_full,sqp_full,,10,1,77,31.104124887979953,777.955538213797,-700.9675641925978,-100.01980594761204,776.646627692772,-704.6151792100148,-100.02389890466104,776.5697002466645,-704.7515153261181,-100.01805523825162,776.5697002466645,-704.7515153261181,-100.01805523825162,0.15654190658972697,0.15665093984988207,0.15654190658972697,0.15665093984988207,0.0,0.0,3.875350573475369,4.029743546680769,4.029743546680769,0.0120888027943513,0.030802225565294838,-0.4071088968612754,99.19389993906258,-0.40790111984035,-0.40790111984035,-0.09629971693689555,-0.09629971693689555,3.5949007657491465e-15,3.5949007657491465e-15,6.3739876616323856e-24,6.3739876616323856e-24,0.009734527806605641,0.009734527806605641,0.22458947951712188,0.22458947951712188,0.001065990067937393,0.001065990067937393
19,10,sqp_full,sqp_full,,10,0,78,31.50816529202033,778.0934864069383,-700.5878025858707,-100.0200631677109,776.6614652558342,-704.6094302092138,-100.02115495512977,776.5672157013938,-704.7765898303427,-100.01739933921742,nan,nan,nan,0.19189923774769088,0.1919359843776717,nan,nan,nan,nan,4.268978017985729,4.458188067595822,nan,0.01614724579814443,nan,nan,nan,-0.4079011206823521,nan,-0.09008199949892066,nan,2.7188645361437274e-15,nan,4.933457583817297e-24,nan,0.026277500376672914,nan,0.17283198972155914,nan,-0.0011587617616453977,nan
19,11,sqp_full,sqp_full,,10,0,79,31.91220569606077,778.2314346000795,-700.2080409791434,-100.02032038780976,776.6532799545707,-704.6016598587917,-100.0181955803916,776.5415351708563,-704.800431224421,-100.01727465932254,nan,nan,nan,0.2280284027957741,0.2280302624153365,nan,nan,nan,nan,4.668453592437391,4.893445437093353,nan,0.011667707628097688,nan,nan,nan,-0.4079011211121408,nan,-0.084023034091329,nan,1.232955541227254e-15,nan,4.350454104460572e-24,nan,0.010082485233083457,nan,0.13510242000409417,nan,0.0011537086415551677,nan
19,12,sqp_full,sqp_full,,10,0,80,32.316246100101246,778.3693827932208,-699.8282793724162,-100.02057760790862,776.6702089868029,-704.594897720276,-100.01793523166491,776.5391390079376,-704.8288557974744,-100.01303809747796,nan,nan,nan,0.2681710671309182,0.26821577725663437,nan,nan,nan,nan,5.060419162339179,5.324993605293334,nan,0.018231468154880436,nan,nan,nan,-0.40790112052446026,nan,-0.07811770189834798,nan,2.881736656248733e-16,nan,3.822739980685725e-24,nan,0.0016967555804199045,nan,0.10446447435040698,nan,-0.0013184694901897426,nan
19,13,sqp_full,sqp_full,,10,0,81,32.72028650414162,778.507330986362,-699.4485177656891,-100.02083482800748,776.6667674515708,-704.5886641997791,-100.01698386480729,776.5206463853457,-704.8510746752543,-100.01666743481599,nan,nan,nan,0.3003508342486578,0.30035100093358125,nan,nan,nan,nan,5.459741705382449,5.756260666874535,nan,0.007183734504806045,nan,nan,nan,-0.333356132494498,nan,-0.051542144615190036,nan,-5.33166673856215e-16,nan,2.7613349821083115e-24,nan,-0.0006175718251214404,nan,0.06669112111530894,nan,0.0006189061427130264,nan
19,14,sqp_full,sqp_full,,10,0,82,33.12432690818206,778.6452791795032,-699.0687561589618,-100.02109204810634,776.6746723574214,-704.5887181722262,-100.01698845987302,776.5210662125999,-704.8652266763614,-100.01600639014094,nan,nan,nan,0.316309659330864,0.31631118387904955,nan,nan,nan,nan,5.861166426157665,6.173439170174381,nan,0.007905091438178078,nan,nan,nan,-0.16615482127106374,nan,-0.0013677230616134205,nan,-8.569294570207851e-16,nan,1.1898353717777592e-24,nan,-0.003857185244199148,nan,0.031238418621883684,nan,-0.000777943755588515,nan
20,0,sqp_full,sqp_full,,10,1,69,27.871801655656572,776.8519526686671,-704.0056570464156,-100.0177481868212,776.5971200634449,-704.7017335682956,-100.01442283333593,776.5991707766409,-704.6989295279081,-100.01744330384199,776.5991707766409,-704.6989295279081,-100.01744330384199,0.003473912363073774,0.004603401914267087,0.003473912363073774,0.004603401914267087,0.0,0.0,0.7412571625265074,0.7379196558780611,0.7379196558780611,0.05694966312146454,0.060283934627659526,1.056994638823857,3.1040528598860995,0.09209695087908594,0.09209695087908594,-0.4764633985939322,-0.4764633985939322,1.1191877141902998e-10,1.1191877141902998e-10,1.8635458959959888e-17,1.8635458959959888e-17,0.041370660117354706,0.041370660117354706,0.053490322828700324,0.053490322828700324,8.828852802028295e-05,8.828852802028295e-05
20,1,sqp_full,sqp_full,,10,1,70,28.275842059697048,776.9899008618085,-703.6258954396883,-100.01800540692004,776.608976415218,-704.6851567219671,-100.01877011514848,776.6115088046023,-704.6820949365112,-100.01792614053727,776.6115088046023,-704.6820949365112,-100.01792614053727,0.0039733520070573194,0.004061996961637972,0.0039733520070573194,0.004061996961637972,0.0,0.0,1.1256721983531675,1.1219349027664791,1.1219349027664791,0.020838996394225092,0.020877344964131843,0.9843037579674397,10.736063388458934,0.09209442888997132,0.09209442888997132,-0.09440926525714537,-0.09440926525714537,-8.618182270854005e-11,-8.618182270854005e-11,2.0244291240398784e-17,2.0244291240398784e-17,0.002395442480521615,0.002395442480521615,0.021786801661379848,0.021786801661379848,-0.00022500009070128507,-0.00022500009070128507
20,2,sqp_full,sqp_full,,10,1,71,28.679882463737382,777.1278490549496,-703.2461338329612,-100.0182626270189,776.6082512358897,-704.6839076098025,-100.01422702279537,776.610113129531,-704.6822217185352,-100.01739356607055,776.610113129531,-704.6822217185352,-100.01739356607055,0.0025117478569240768,0.0040417661498793715,0.0025117478569240768,0.0040417661498793715,0.0,0.0,1.528782302011711,1.5265644118612314,1.5265644118612314,0.00476716418712369,0.0014992058393723663,0.1440335167976445,62.74208229684849,0.09210008394042976,0.09210008394042976,0.08408547525238873,0.08408547525238873,1.2695781098240398e-10,1.2695781098240398e-10,2.012362159789247e-17,2.012362159789247e-17,0.026146415082817055,0.026146415082817055,-0.0040981177571860865,-0.0040981177571860865,0.00013847663065650302,0.00013847663065650302
20,3,sqp_full,sqp_full,,10,1,71,28.679882463737382,777.1278490549496,-703.2461338329612,-100.0182626270189,776.6132806734265,-704.6814692000492,-100.01805697850126,776.6127931453597,-704.6836467690181,-100.01626133410231,776.6127931453597,-704.6836467690181,-100.01626133410231,0.0022314771408923867,0.0028642327136259127,0.0022314771408923867,0.0028642327136259127,0.0,0.0,1.5247846520990416,1.526999027941511,1.526999027941511,0.006775665633022999,0.0032396300639057,0.12345373074883753,75.03655711999947,0.16665777025335385,0.16665777025335385,0.14522154828590506,0.14522154828590506,2.684676799002999e-10,2.684676799002999e-10,1.8642593591526815e-17,1.8642593591526815e-17,0.03319747786867044,0.03319747786867044,-0.02524062823041896,-0.02524062823041896,-0.000317074127641343,-0.000317074127641343
20,4,sqp_full,sqp_full,,10,1,72,29.083922867777858,777.2657972480908,-702.8663722262339,-100.01851984711776,776.6236544232213,-704.6725429419832,-100.01653347470769,776.6179508237556,-704.6843960730771,-100.01515367586582,776.6179508237556,-704.6843960730771,-100.01515367586582,0.013154001809096804,0.01322617134463824,0.013154001809096804,0.01322617134463824,0.0,0.0,1.916924636484623,1.9300040666315534,1.9300040666315534,0.013770033829825718,0.005328227639428072,0.25580151457254113,48.6175536539146,0.33384076899730514,0.33384076899730514,0.26075559121987346,0.26075559121987346,3.978883170741654e-10,3.978883170741654e-10,1.7954080037044008e-17,1.7954080037044008e-17,0.03776387509447713,0.03776387509447713,-0.041099684179920354,-0.041099684179920354,-0.0004974447078991402,-0.0004974447078991402
20,5,sqp_full,sqp_full,,10,1,73,29.48796327181823,777.4037454412321,-702.4866106195068,-100.01877706721662,776.6196143618581,-704.6618985157697,-100.01637027705118,776.6063437307984,-704.6875317386324,-100.01385124273419,776.6063437307984,-704.6875317386324,-100.01385124273419,0.028864714844406995,0.02897442487676129,0.028864714844406995,0.02897442487676129,0.0,0.0,2.3123016631202113,2.3409193195015994,2.3409193195015994,0.011386506870304803,0.012093524608432627,0.10588733035156223,84.27828356648583,0.3338460155535046,0.3338460155535046,0.26904944459023433,0.26904944459023433,4.955148208033727e-10,4.955148208033727e-10,1.6306844974178384e-17,1.6306844974178384e-17,0.04054308453083497,0.04054308453083497,-0.04364298834192691,-0.04364298834192691,0.0009698027144935778,0.0009698027144935778
20,6,sqp_full,sqp_full,,10,1,74,29.892003675858668,777.5416936343734,-702.1068490127795,-100.01903428731548,776.635219506511,-704.6532264069036,-100.0184431538706,776.6116976792721,-704.6972707724962,-100.01354722873906,776.6116976792721,-704.6972707724962,-100.01354722873906,0.04993177842920052,0.050171232593952425,0.04993177842920052,0.050171232593952425,0.0,0.0,2.702911981139962,2.7523040111364496,2.7523040111364496,0.01797283589568828,0.011117822150324893,-0.004764384868733343,90.44129666916135,0.33384540780922256,0.33384540780922256,0.2773111757912075,0.2773111757912075,4.96005926948347e-10,4.96005926948347e-10,1.494757836258577e-17,1.494757836258577e-17,0.018592109608054977,0.018592109608054977,-0.04367297785721293,-0.04367297785721293,-0.0010296643265164643,-0.0010296643265164643
20,7,sqp_full,sqp_full,,10,1,75,30.296044079899143,777.6796418275146,-701.7270874060523,-100.01929150741434,776.6334662875876,-704.642757334629,-100.02055773851384,776.5977089852157,-704.7087250012308,-100.01303615051827,776.5977089852157,-704.7087250012308,-100.01303615051827,0.07503544302394595,0.07541148450849428,0.07503544302394595,0.07541148450849428,0.0,0.0,3.0976788717922683,3.1718671826271385,3.1718671826271385,0.010823433794262129,0.018087125759963036,-0.8235025636144135,119.52401932507068,0.3338416475441268,0.3338416475441268,0.2855581430275584,0.2855581430275584,3.3358080715763597e-10,3.3358080715763597e-10,1.3561107103334075e-17,1.3561107103334075e-17,0.01704112265723237,0.01704112265723237,-0.04304074256082903,-0.04304074256082903,0.0007253709661266287,0.0007253709661266287
20,8,sqp_full,sqp_full,,10,1,76,30.700084483939477,777.8175900206558,-701.3473257993252,-100.01954872751318,776.6457090122915,-704.6351853046041,-100.02040127006562,776.5959268964409,-704.7259566618686,-100.01165783581592,776.5959268964409,-704.7259566618686,-100.01165783581592,0.10352631722513321,0.10389487956909951,0.10352631722513321,0.10389487956909951,0.0,0.0,3.490462035922797,3.592715866082075,3.592715866082075,0.014395986567393984,0.01737831177523277,-0.7338224326917993,127.4370752392202,0.33384612594556257,0.33384612594556257,0.2938113074410725,0.2938113074410725,3.302947086956045e-10,3.302947086956045e-10,1.1439672777456163e-17,1.1439672777456163e-17,0.039652698099717526,0.039652698099717526,-0.03912807131192132,-0.03912807131192132,-0.000765497167696094,-0.000765497167696094
20,9,sqp_full,sqp_full,,10,1,77,31.104124887979953,777.955538213797,-700.9675641925978,-100.01980594761204,776.6398691466885,-704.6254158585351,-100.01746061266306,776.5741295007668,-704.7446235377188,-100.01069631670518,776.5741295007668,-704.7446235377188,-100.01069631670518,0.1361329196861152,0.13630087131809618,0.1361329196861152,0.13630087131809618,0.0,0.0,3.88726946636661,4.021749287188501,4.021749287188501,0.011755576239189432,0.028714164295327495,-0.3780470853023502,98.90359888890124,0.333837165473912,0.333837165473912,0.3020039529067006,0.3020039529067006,1.930119161141606e-10,1.930119161141606e-10,9.845599884255969e-18,9.845599884255969e-18,0.028136864050410212,0.028136864050410212,-0.03572796903701192,-0.03572796903701192,0.0010797466307392463,0.0010797466307392463
20,10,sqp_full,sqp_full,,10,0,78,31.50816529202033,778.0934864069383,-700.5878025858707,-100.0200631677109,776.6565350758901,-704.6178227001343,-100.01851347198364,776.5726047155516,-704.769566201877,-100.01013617102203,nan,nan,nan,0.1734081765882576,0.17361041120585388,nan,nan,nan,nan,4.278538447784475,4.449744718447151,nan,0.01834442049792004,nan,nan,nan,0.33383525075130327,nan,0.31021705503165936,nan,2.2800739778727838e-11,nan,8.249016339427163e-18,nan,0.01571450910976972,nan,-0.0314019338825526,nan,-0.0011985779911169773,nan
20,11,sqp_full,sqp_full,,10,0,79,31.91220569606077,778.2314346000795,-700.2080409791434,-100.02032038780976,776.6547964884471,-704.6085559039385,-100.01896245726499,776.5513836451133,-704.7955171000749,-100.00958609638951,nan,nan,nan,0.21365557569866242,0.21386121941669145,nan,nan,nan,nan,4.674432515118382,4.885438401146727,nan,0.009439162347000778,nan,nan,nan,0.33384579833643807,nan,0.31843387813600393,nan,-2.267708321506521e-11,nan,6.396487881552492e-18,nan,0.013516577728180577,nan,-0.025910885805939338,nan,0.0006531844299610159,nan
20,12,sqp_full,sqp_full,,10,0,80,32.316246100101246,778.3693827932208,-699.8282793724162,-100.02057760790862,776.6665507787583,-704.5994897025009,-100.02004062658894,776.5416526144705,-704.8258380596831,-100.0090520899969,nan,nan,nan,0.2585210440978807,0.25875447470119806,nan,nan,nan,nan,5.065973241479476,5.3212959360470125,nan,0.014883608376845351,nan,nan,nan,0.33384585787236576,nan,0.3265902475042612,nan,-2.302699091722935e-11,nan,4.7928245105830236e-18,nan,0.010498208203470869,nan,-0.020406478379442084,nan,-0.0006628858539608651,nan
20,13,sqp_full,sqp_full,,10,0,81,32.72028650414162,778.507330986362,-699.4485177656891,-100.02083482800748,776.6670237715299,-704.5924694800242,-100.02117443033706,776.5248046144627,-704.8509490949182,-100.00873424830235,nan,nan,nan,0.29502203299523017,0.29528419883511436,nan,nan,nan,nan,5.463238040244514,5.754708948531865,nan,0.007126903726359509,nan,nan,nan,0.24963300350324952,nan,0.2644590213227752,nan,-1.8206415001702625e-11,nan,3.0146819007521956e-18,nan,0.006213338594192253,nan,-0.013615103638708726,nan,0.00031384996692837824,nan
20,14,sqp_full,sqp_full,,10,0,82,33.12432690818206,778.6452791795032,-699.0687561589618,-100.02109204810634,776.6715894648847,-704.5920541144183,-100.01873792605305,776.5208644396959,-704.8659983085877,-100.00850510337912,nan,nan,nan,0.31267148053075217,0.3128388808910564,nan,nan,nan,nan,5.865344951010184,6.1742331125500485,nan,0.00519178558136982,nan,nan,nan,0.09962238525930994,nan,0.14394344258110142,nan,-7.74516189804002e-12,nan,1.3614854421146298e-18,nan,0.002607973772906545,nan,-0.0065692678404182326,nan,-0.00039781666001655253,nan
21,0,sqp_full,sqp_full,,10,1,69,27.871801655656572,776.8519526686671,-704.0056570464156,-100.0177481868212,776.5983513324959,-704.701870416332,-100.0093895841786,776.6002596134208,-704.6991404459349,-100.01211968960358,776.6002596134208,-704.6991404459349,-100.01211968960358,0.003330806877923301,0.004306709891489574,0.003330806877923301,0.004306709891489574,0.0,0.0,0.7409633554759896,0.7377456333100111,0.7377456333100111,0.049155203900691474,0.05247399752207213,1.0659577230590946,3.096798888641089,0.4999984743202081,0.4999984743202081,-0.18977889464284278,-0.18977889464284278,-6.458989550381582e-13,-6.458989550381582e-13,-2.893064714217229e-23,-2.893064714217229e-23,-0.022723760329945563,-0.022723760329945563,0.29258364050686175,0.29258364050686175,8.189637438220874e-05,8.189637438220874e-05
21,1,sqp_full,sqp_full,,10,1,70,28.275842059697048,776.9899008618085,-703.6258954396883,-100.01800540692004,776.6142152976806,-704.6626798100647,-100.01571914183451,776.6183425700186,-704.6582235632586,-100.01294912966306,776.6183425700186,-704.6582235632586,-100.01294912966306,0.006073920690056613,0.006675738159862422,0.006073920690056613,0.006675738159862422,0.0,0.0,1.1027517734062937,1.097158565983881,1.097158565983881,0.042750816496325575,0.0447422907110571,1.0372298682393448,7.665848879425161,0.36347341096774316,0.36347341096774316,-0.1815620714706853,-0.1815620714706853,-6.431644536263709e-13,-6.431644536263709e-13,5.889137853879664e-23,5.889137853879664e-23,-0.02470928897816711,-0.02470928897816711,0.35309522472122934,0.35309522472122934,0.0006469258616881841,0.0006469258616881841
21,2,sqp_full,sqp_full,,10,1,71,28.679882463737382,777.1278490549496,-703.2461338329612,-100.0182626270189,776.6180354500253,-704.6609485353765,-100.01837616117002,776.6213419581946,-704.6575366085292,-100.01309588458022,776.6213419581946,-704.6575366085292,-100.01309588458022,0.004751235743052556,0.007103207863415086,0.004751235743052556,0.007103207863415086,0.0,0.0,1.5038652047096859,1.4995356727814164,1.4995356727814164,0.004964939851779596,0.003080547554678279,0.5288854264754551,31.525415466861087,-0.1661541097651035,-0.1661541097651035,-0.049029164477280236,-0.049029164477280236,-1.4721120648307697e-13,-1.4721120648307697e-13,1.5543091810932838e-23,1.5543091810932838e-23,-0.008574181984090233,-0.008574181984090233,0.3631193672143783,0.3631193672143783,-0.00026502188257950654,-0.00026502188257950654
21,3,sqp_full,sqp_full,,10,1,72,29.083922867777858,777.2657972480908,-702.8663722262339,-100.01851984711776,776.6222289247075,-704.6588797048701,-100.01888797280525,776.6231732675453,-704.6591968930403,-100.01261167417282,776.6231732675453,-704.6591968930403,-100.01261167417282,0.0009961886019743667,0.006354865557513323,0.0009961886019743667,0.006354865557513323,0.0,0.0,1.9045375417220975,1.9045172265646895,1.9045172265646895,0.004703960110941326,0.0025188684592150714,0.18063154284269017,70.28586634901077,-0.2503670098494634,-0.2503670098494634,-0.06662466229351076,-0.06662466229351076,-9.714044351456448e-14,-9.714044351456448e-14,-7.965355384170687e-24,-7.965355384170687e-24,0.011482318885679773,0.011482318885679773,0.3585917736312516,0.3585917736312516,-0.00029637468390643557,-0.00029637468390643557
21,4,sqp_full,sqp_full,,10,1,72,29.083922867777858,777.2657972480908,-702.8663722262339,-100.01851984711776,776.6339156117084,-704.6509789959005,-100.01689360077665,776.6275523933876,-704.6640747001404,-100.01152014792146,776.6275523933876,-704.6640747001404,-100.01152014792146,0.014559808272641016,0.015519729782542312,0.014559808272641016,0.015519729782542312,0.0,0.0,1.8931708123508026,1.9076400811590228,1.9076400811590228,0.014247012847103726,0.0066453874834243535,0.07299457965759766,80.99662103935695,-0.4003776178097367,-0.4003776178097367,-0.11801850568899425,-0.11801850568899425,-4.852260365639054e-14,-4.852260365639054e-14,-2.8318514209948385e-23,-2.8318514209948385e-23,0.029255618117565125,0.029255618117565125,0.37236081633175144,0.37236081633175144,-0.0007388456116854087,-0.0007388456116854087
21,5,sqp_full,sqp_full,,10,1,73,29.48796327181823,777.4037454412321,-702.4866106195068,-100.01877706721662,776.6245291995494,-704.6408429895943,-100.01519780129233,776.6088063170982,-704.6702343431506,-100.01061013584842,776.6088063170982,-704.6702343431506,-100.01061013584842,0.03333257710476947,0.033646803275653225,0.03333257710476947,0.033646803275653225,0.0,0.0,2.290828464908451,2.3238202980305167,2.3238202980305167,0.01391830064863784,0.019753093434533454,0.5939910943868607,65.2579153383518,-0.4003776164783818,-0.4003776164783818,-0.1109808882650456,-0.1109808882650456,-3.917906518678977e-14,-3.917906518678977e-14,-3.736988970758853e-23,-3.736988970758853e-23,0.030186866204223194,0.030186866204223194,0.35026879807543787,0.35026879807543787,0.0013978675861583201,0.0013978675861583201
21,6,sqp_full,sqp_full,,10,1,74,29.892003675858668,777.5416936343734,-702.1068490127795,-100.01903428731548,776.6444484633699,-704.6340121539703,-100.01653706412135,776.6167760756226,-704.683916788649,-100.00992041315168,776.6167760756226,-704.683916788649,-100.00992041315168,0.05706341740596918,0.057445745500448286,0.05706341740596918,0.057445745500448286,0.0,0.0,2.6817163233798493,2.7380195053925096,2.7380195053925096,0.021100497894456557,0.015849355922272816,0.14456644950587716,78.90340801781613,-0.4003776222606185,-0.4003776222606185,-0.10412006363193951,-0.10412006363193951,-4.671130374031418e-14,-4.671130374031418e-14,-5.00580109114252e-23,-5.00580109114252e-23,0.007263437223270627,0.007263437223270627,0.3236639010412699,0.3236639010412699,-0.001587109795112545,-0.001587109795112545
21,7,sqp_full,sqp_full,,10,1,75,30.296044079899143,777.6796418275146,-701.7270874060523,-100.01929150741434,776.6330998811698,-704.6240633766283,-100.01793874248774,776.5922817303551,-704.6968261962352,-100.0096884205075,776.5922817303551,-704.6968261962352,-100.0096884205075,0.08342990682648059,0.08383684849666517,0.08342990682648059,0.08383684849666517,0.0,0.0,3.080214248969394,3.1625465155174854,3.1625465155174854,0.015156951896561011,0.027688979304038016,0.6495277823247526,69.17274453480134,-0.4003776170108624,-0.4003776170108624,-0.09743035755239562,-0.09743035755239562,-3.6197613580647374e-14,-3.6197613580647374e-14,-5.613315988809167e-23,-5.613315988809167e-23,0.013688182104394233,0.013688182104394233,0.2920795641317564,0.2920795641317564,0.0015730148728529863,0.0015730148728529863
21,8,sqp_full,sqp_full,,10,1,76,30.700084483939477,777.8175900206558,-701.3473257993252,-100.01954872751318,776.6549604096227,-704.6175516744496,-100.01753271120411,776.5985670874987,-704.7172201441309,-100.00786832869076,776.5985670874987,-704.7172201441309,-100.00786832869076,0.11451642078237936,0.11492350028680609,0.11451642078237936,0.11492350028680609,0.0,0.0,3.4707470214327647,3.5836022110046013,3.5836022110046013,0.0228133695650414,0.021418019502743215,0.01026213792426652,89.37370455290282,-0.4003776209580388,-0.4003776209580388,-0.0909066015767712,-0.0909066015767712,-2.772757736178971e-14,-2.772757736178971e-14,-5.861824743951641e-23,-5.861824743951641e-23,0.020135718912639527,0.020135718912639527,0.25883656637008656,0.25883656637008656,-0.0017953786041102421,-0.0017953786041102421
21,9,sqp_full,sqp_full,,10,1,77,31.104124887979953,777.955538213797,-700.9675641925978,-100.01980594761204,776.6464817666515,-704.6083176193501,-100.01743598688844,776.5743305718502,-704.735885407786,-100.0077770715365,776.5743305718502,-704.735885407786,-100.0077770715365,0.14655830088282307,0.14687624111283745,0.14655830088282307,0.14687624111283745,0.0,0.0,3.868942270985939,4.013474720365021,4.013474720365021,0.012536527262647645,0.03059099681215234,0.2108969485308616,85.0418607843616,-0.4003776226067718,-0.4003776226067718,-0.08454352769540718,-0.08454352769540718,-2.3356005974044385e-14,-2.3356005974044385e-14,-5.860043233482311e-23,-5.860043233482311e-23,0.02093447876731894,0.02093447876731894,0.2213828744144855,0.2213828744144855,0.0012572517137350717,0.0012572517137350717
21,10,sqp_full,sqp_full,,10,0,78,31.50816529202033,778.0934864069383,-700.5878025858707,-100.0200631677109,776.6646488779685,-704.6009352183787,-100.01916764919152,776.574611515611,-704.7603296379413,-100.00638438049432,nan,nan,nan,0.18306640218228948,0.18351217825134217,nan,nan,nan,nan,4.2599073006690364,4.44037869283296,nan,0.01968609743036605,nan,nan,nan,-0.4003776155136793,nan,-0.07833614170760658,nan,-1.8953393424270967e-14,nan,-5.731793936029253e-23,nan,0.014032348390992282,nan,0.1894787491949325,nan,-0.0014036147339629224,nan
21,11,sqp_full,sqp_full,,10,0,79,31.91220569606077,778.2314346000795,-700.2080409791434,-100.02032038780976,776.6583297095361,-704.5915268260367,-100.02009307788326,776.5502879897701,-704.7833798935959,-100.00601649727209,nan,nan,nan,0.2201831345537311,0.22063264233473992,nan,nan,nan,nan,4.657210234310287,4.874421002278946,nan,0.011371286400554141,nan,nan,nan,-0.40037761670904054,nan,-0.07227976820281085,nan,-1.4409977272603324e-14,nan,-5.013042687571096e-23,nan,0.011306083654082004,nan,0.14838232726709533,nan,0.0010511492700150185,nan
21,12,sqp_full,sqp_full,,10,0,80,32.316246100101246,778.3693827932208,-699.8282793724162,-100.02057760790862,776.6733791359927,-704.5856114519462,-100.02040806740627,776.5473253309299,-704.8102224851623,-100.00602913639808,nan,nan,nan,0.25756490058480713,0.2579659506023996,nan,nan,nan,nan,5.05060757931716,5.304681948479914,nan,0.016173314617138525,nan,nan,nan,-0.4003776217824038,nan,-0.06636976350327352,nan,-8.051489877240854e-15,nan,-3.7451646116259285e-23,nan,0.015017407417107994,nan,0.10225412654626535,nan,-0.0011742632235091648,nan
21,13,sqp_full,sqp_full,,10,0,81,32.72028650414162,778.507330986362,-699.4485177656891,-100.02083482800748,776.6701836714739,-704.5802362517493,-100.02023853011941,776.5293337257513,-704.8322024256232,-100.00579546960847,nan,nan,nan,0.2886618436627438,0.289022943697723,nan,nan,nan,nan,5.4506554538672445,5.735549989372833,nan,0.006255598575698202,nan,nan,nan,-0.32995638357373386,nan,-0.04269742473737612,nan,-4.262949529948656e-15,nan,-2.557897577667862e-23,nan,0.0071701868550738,nan,0.06525809506010298,nan,0.0005579563948702952,nan
21,14,sqp_full,sqp_full,,10,0,82,33.12432690818206,778.6452791795032,-699.0687561589618,-100.02109204810634,776.6771974845374,-704.5805028691896,-100.0181522468936,776.5288873890436,-704.8461918571396,-100.00558176183308,nan,nan,nan,0.3042803357814257,0.3045398821795169,nan,nan,nan,nan,5.852580401478204,6.152875543784715,nan,0.007322379138425031,nan,nan,nan,-0.1671446313761395,nan,0.002257573724967292,nan,-1.6895323185550337e-15,nan,-1.2454518555615088e-23,nan,0.0014482892189360064,nan,0.03115878067764586,nan,-0.0007024818160358139,nan
22,0,sqp_full,sqp_full,,10,1,69,27.871801655656572,776.8519526686671,-704.0056570464156,-100.0177481868212,776.6081964176349,-704.6783216794396,-100.00922187156485,776.6090987355458,-704.6775970569912,-100.00931069870697,776.6090987355458,-704.6775970569912,-100.00931069870697,0.0011572619862868754,0.001160666001088707,0.0011572619862868754,0.001160666001088707,0.0,0.0,0.7154682511743923,0.71447981822081,0.71447981822081,0.06680243842087416,0.06788747349426193,1.0162234172071538,0.35063722169223194,0.09962238489314215,0.09962238489314215,-0.5000000006355501,-0.5000000006355501,7.391393490150708e-15,7.391393490150708e-15,-6.004447316635803e-23,-6.004447316635803e-23,-0.12005007284236051,-0.12005007284236051,0.0754981884570864,0.0754981884570864,-6.33419776231621e-05,-6.33419776231621e-05
22,1,sqp_full,sqp_full,,10,1,70,28.275842059697048,776.9899008618085,-703.6258954396883,-100.01800540692004,776.6140773886332,-704.6694283990129,-100.01098190232564,776.6154805630656,-704.6682664552703,-100.01407767748668,776.6154805630656,-704.6682664552703,-100.01407767748668,0.0018218155089560456,0.003592051725183224,0.0018218155089560456,0.003592051725183224,0.0,0.0,1.1091457614696976,1.107577489043606,1.107577489043606,0.010806200299297838,0.012268330679121057,1.1038507564794378,13.51845981481636,0.09962238350962097,0.09962238350962097,-0.018006557267524318,-0.018006557267524318,6.717137661841218e-15,6.717137661841218e-15,-6.161602831004179e-23,-6.161602831004179e-23,-0.0771313353594948,-0.0771313353594948,0.04179053873242653,0.04179053873242653,-6.973412036968093e-05,-6.973412036968093e-05
22,2,sqp_full,sqp_full,,10,1,71,28.679882463737382,777.1278490549496,-703.2461338329612,-100.0182626270189,776.6110383228138,-704.6688930944557,-100.01199282361378,776.611832600451,-704.6685882731739,-100.01469090979823,776.611832600451,-704.6685882731739,-100.01469090979823,0.0008507602357915096,0.002829039066094887,0.0008507602357915096,0.002829039066094887,0.0,0.0,1.5137163700704024,1.5131588204131758,1.5131588204131758,0.003247219406618502,0.0037131188869800424,1.0938527034994312,16.94150535333449,0.09962237917046791,0.09962237917046791,0.08506625748049845,0.08506625748049845,5.759858176423143e-15,5.759858176423143e-15,-6.223720845548763e-23,-6.223720845548763e-23,-0.03668225135531524,-0.03668225135531524,0.015902604435324263,0.015902604435324263,0.00033559829077738144,0.00033559829077738144
22,3,sqp_full,sqp_full,,10,1,72,29.083922867777858,777.2657972480908,-702.8663722262339,-100.01851984711776,776.6202794810224,-704.6663362413226,-100.01548378851274,776.6182691739417,-704.670820831978,-100.01584582453933,776.6182691739417,-704.670820831978,-100.01584582453933,0.004914558770127836,0.0049278756061398536,0.004914558770127836,0.0049278756061398536,0.0,0.0,1.9122143298320544,1.9171143360746243,1.9171143360746243,0.010204084422797029,0.006909965642073166,0.5551573394179841,34.934027040958185,0.170043615166674,0.170043615166674,0.13985224253585127,0.13985224253585127,5.439422457124069e-15,5.439422457124069e-15,-6.550680511355365e-23,-6.550680511355365e-23,-0.04560539469256165,-0.04560539469256165,-0.010229723459612702,-0.010229723459612702,-0.0007168193652675834,-0.0007168193652675834
22,4,sqp_full,sqp_full,,10,1,73,29.48796327181823,777.4037454412321,-702.4866106195068,-100.01877706721662,776.6282012032218,-704.6582457778876,-100.01530001441046,776.6205532438071,-704.6730233391883,-100.01641941410291,776.6205532438071,-704.6730233391883,-100.01641941410291,0.016639338965358172,0.016676949867273447,0.016639338965358172,0.016676949867273447,0.0,0.0,2.3059636003689716,2.322453573032698,2.322453573032698,0.01132444498058521,0.003224440749744021,0.0013182156447719671,89.73473914169791,0.3328553690686813,0.3328553690686813,0.2447823179279756,0.2447823179279756,4.10442821989488e-15,4.10442821989488e-15,-6.046164278155872e-23,-6.046164278155872e-23,-0.004864674159550788,-0.004864674159550788,-0.02509843283602281,-0.02509843283602281,-0.00030790469123949626,-0.00030790469123949626
22,5,sqp_full,sqp_full,,10,1,74,29.892003675858668,777.5416936343734,-702.1068490127795,-100.01903428731548,776.6238654683699,-704.6488646595902,-100.01430227293856,776.6084933864757,-704.6774220019452,-100.0172128497014,776.6084933864757,-704.6774220019452,-100.0172128497014,0.03243181623251531,0.0325621584240362,0.03243181623251531,0.0325621584240362,0.0,0.0,2.7026379874003483,2.7347226907501963,2.7347226907501963,0.010382652130394828,0.012861490308280977,0.09491999279355554,85.60536055941536,0.3328553695339044,0.3328553695339044,0.25283407249290224,0.25283407249290224,3.2449712207784615e-15,3.2449712207784615e-15,-5.607593050399995e-23,-5.607593050399995e-23,0.004523075129983714,0.004523075129983714,-0.02921854881073053,-0.02921854881073053,0.0009388463806752761,0.0009388463806752761
22,6,sqp_full,sqp_full,,10,1,74,29.892003675858668,777.5416936343734,-702.1068490127795,-100.01903428731548,776.639212742649,-704.6413463109975,-100.0165882016645,776.6134035263544,-704.688255231492,-100.01779654536048,776.6134035263544,-704.688255231492,-100.01779654536048,0.05354028826684174,0.05355392200562083,0.05354028826684174,0.05355392200562083,0.0,0.0,2.6903807006819465,2.743242714499258,2.743242714499258,0.017242095681669598,0.011908359948619628,-0.015999354708454032,91.327400715727,0.3328553666667298,0.3328553666667298,0.2608659142351722,0.2608659142351722,2.946098148395961e-15,2.946098148395961e-15,-5.136795747573155e-23,-5.136795747573155e-23,-0.0106340461887292,-0.0106340461887292,-0.03169072435554945,-0.03169072435554945,-0.0010548869654287995,-0.0010548869654287995
22,7,sqp_full,sqp_full,,10,1,75,30.296044079899143,777.6796418275146,-701.7270874060523,-100.01929150741434,776.6374514852776,-704.6320731055081,-100.01852109048566,776.5992976715855,-704.700684110477,-100.01816223643728,776.5992976715855,-704.700684110477,-100.01816223643728,0.07850594564800023,0.0785067658123477,0.07850594564800023,0.0785067658123477,0.0,0.0,3.086276498224881,3.1637668776026917,3.1637668776026917,0.009634854787254052,0.018803879959973294,-0.9663282941224545,119.67856050006968,0.33285537003249893,0.33285537003249893,0.2688780676552577,0.2688780676552577,3.24985111156478e-15,3.24985111156478e-15,-4.650852438947004e-23,-4.650852438947004e-23,-0.004431276251905188,-0.004431276251905188,-0.032664413132051484,-0.032664413132051484,0.0006760398414706912,0.0006760398414706912
22,8,sqp_full,sqp_full,,10,1,76,30.700084483939477,777.8175900206558,-701.3473257993252,-100.01954872751318,776.6493259249421,-704.6245503814588,-100.01920388394984,776.5966962922156,-704.7186409774079,-100.01810682953798,776.5966962922156,-704.7186409774079,-100.01810682953798,0.10780964004661578,0.10781522163110102,0.10780964004661578,0.10781522163110102,0.0,0.0,3.479230081364949,3.5855749226749736,3.5855749226749736,0.014073375621525844,0.018144401740559642,-0.8381924225582413,130.5513080404281,0.3328553694074688,0.3328553694074688,0.2768706747784618,0.2768706747784618,2.9155661667293753e-15,2.9155661667293753e-15,-3.987827024782269e-23,-3.987827024782269e-23,0.011171034865931025,0.011171034865931025,-0.03105143838568184,-0.03105143838568184,-0.0007332606952084188,-0.0007332606952084188
22,9,sqp_full,sqp_full,,10,1,77,31.104124887979953,777.955538213797,-700.9675641925978,-100.01980594761204,776.6449298403937,-704.6151871898693,-100.01851603009105,776.5760457109859,-704.7380604812337,-100.0176666988184,776.5760457109859,-704.7380604812337,-100.0176666988184,0.1408647188439496,0.14086727930430007,0.1408647188439496,0.14086727930430007,0.0,0.0,3.875931867133133,4.014927375174842,4.014927375174842,0.010366680231849185,0.028350614614390056,-0.8443819404632185,107.98430957105111,0.33285536697810547,0.33285536697810547,0.28484394144212044,0.28484394144212044,2.5384441381441905e-15,2.5384441381441905e-15,-3.3726037526869485e-23,-3.3726037526869485e-23,0.006275441936472762,0.006275441936472762,-0.029249657230527148,-0.029249657230527148,0.0009212353537585068,0.0009212353537585068
22,10,sqp_full,sqp_full,,10,0,78,31.50816529202033,778.0934864069383,-700.5878025858707,-100.0200631677109,776.6591561081798,-704.6089032545073,-100.01922538640744,776.5725466114297,-704.7631943848827,-100.01765863426576,nan,nan,nan,0.17693772305487404,0.1769446595750116,nan,nan,nan,nan,4.269256843204142,4.443777057506139,nan,0.015568484998255649,nan,nan,nan,0.33285536877087113,nan,0.2927980766561,nan,2.390003977156399e-15,nan,-2.6761077040290665e-23,nan,0.003114478009545408,nan,-0.024998947397503715,nan,-0.0010265259881287693,nan
22,11,sqp_full,sqp_full,,10,0,79,31.91220569606077,778.2314346000795,-700.2080409791434,-100.02032038780976,776.657653181059,-704.6010359901669,-100.01692954236766,776.5520112752066,-704.7894889744082,-100.01776627942178,nan,nan,nan,0.21604337421360736,0.21604499455090018,nan,nan,nan,nan,4.666389731015891,4.8795623202744665,nan,0.0083320788513879,nan,nan,nan,0.33285536978310754,nan,0.30073325767285797,nan,1.9058505823705683e-15,nan,-2.0908749645643528e-23,nan,-0.0005985505909542464,nan,-0.02104890330256115,nan,0.0005619684505627065,nan
22,12,sqp_full,sqp_full,,10,0,80,32.316246100101246,778.3693827932208,-699.8282793724162,-100.02057760790862,776.6679637264701,-704.5943540626153,-100.0190931123505,776.5419042065103,-704.8198714475371,-100.01764711351996,nan,nan,nan,0.2583584592663924,0.2583625057687784,nan,nan,nan,nan,5.0606614975967945,5.315606214656536,nan,0.012475437369094514,nan,nan,nan,0.33285536795484466,nan,0.30864967622329625,nan,1.2696768272219657e-15,nan,-1.4829099281942597e-23,nan,0.003965888767311631,nan,-0.016287175499461796,nan,-0.0006371584578175174,nan
22,13,sqp_full,sqp_full,,10,0,81,32.72028650414162,778.507330986362,-699.4485177656891,-100.02083482800748,776.6671691900357,-704.5899181053126,-100.01701103734533,776.5259324056354,-704.843477927452,-100.01757073497633,nan,nan,nan,0.29024198984825367,0.29024252950336543,nan,nan,nan,nan,5.460786837896165,5.7473068025566745,nan,0.004964276549956157,nan,nan,nan,0.22968650794492163,nan,0.23553082035229575,nan,7.703094919201158e-16,nan,-9.319923588337766e-24,nan,0.0008720808625046358,nan,-0.011020577794952153,nan,0.0003017012303973855,nan
22,14,sqp_full,sqp_full,,10,0,82,33.12432690818206,778.6452791795032,-699.0687561589618,-100.02109204810634,776.6723448388883,-704.5898421527638,-100.0188080072632,776.5227944778725,-704.858434411887,-100.01753447012794,nan,nan,nan,0.30742009065911835,0.307422728563936,nan,nan,nan,nan,5.863007800040422,6.166467025862682,nan,0.005479252752160529,nan,nan,nan,0.09823377993583247,nan,0.13665996937755812,nan,3.417776518977858e-16,nan,-4.455438072940605e-24,nan,0.0011497263689245589,nan,-0.005664133002200548,nan,-0.00047406029697523927,nan
23,0,sqp_full,sqp_full,,10,1,69,27.871801655656572,776.8519526686671,-704.0056570464156,-100.0177481868212,776.5961787250941,-704.6978493621275,-100.01278454964036,776.5970369753209,-704.6970883600344,-100.01779073277258,776.5970369753209,-704.6970883600344,-100.01779073277258,0.0011470473562557454,0.0051359115248368475,0.0011470473562557454,0.0051359115248368475,0.0,0.0,0.7379366586242645,0.7369255540194246,0.7369255540194246,0.04523392241940103,0.04603654285855925,1.011455397209721,6.372524406209659,0.5000000558401506,0.5000000558401506,-0.16652536492168676,-0.16652536492168676,-2.8240484327470397e-13,-2.8240484327470397e-13,5.15703746681413e-23,5.15703746681413e-23,0.014821384203964946,0.014821384203964946,0.32196779429436556,0.32196779429436556,0.00032811481134197983,0.00032811481134197983
23,1,sqp_full,sqp_full,,10,1,70,28.275842059697048,776.9899008618085,-703.6258954396883,-100.01800540692004,776.6125258885049,-704.6725690216928,-100.01424750860082,776.6144732615955,-704.6706189406384,-100.0179669452902,776.6144732615955,-704.6706189406384,-100.0179669452902,0.002755916920486232,0.004629177827532241,0.002755916920486232,0.004629177827532241,0.0,0.0,1.1126263783236923,1.1101320085642736,1.1101320085642736,0.030140763311495306,0.031696771019550436,1.0506149407052372,2.5110179525919833,-0.027047338538467205,-0.027047338538467205,-0.19926747402717862,-0.19926747402717862,-5.844780610754503e-13,-5.844780610754503e-13,4.116348514429887e-23,4.116348514429887e-23,-0.004653902731113337,-0.004653902731113337,0.3642180391158992,0.3642180391158992,-0.00015786872700630677,-0.00015786872700630677
23,2,sqp_full,sqp_full,,10,1,71,28.679882463737382,777.1278490549496,-703.2461338329612,-100.0182626270189,776.6244791720922,-704.6477617443715,-100.01854545118752,776.624622066158,-704.6502242265988,-100.01793444025546,776.624622066158,-704.6502242265988,-100.01793444025546,0.002466624704633719,0.0025411752778201372,0.002466624704633719,0.0025411752778201372,0.0,0.0,1.4892756766335231,1.4915452509908789,1.4915452509908789,0.027870312289049664,0.022780334751361972,0.8073455860879425,8.982255437846295,-0.16714428245564436,-0.16714428245564436,-0.19135144008173638,-0.19135144008173638,-6.00602057328666e-13,-6.00602057328666e-13,-1.0216623578488109e-23,-1.0216623578488109e-23,-0.0064097428828508345,-0.0064097428828508345,0.41237223954777597,0.41237223954777597,0.00019380982925748893,0.00019380982925748893
23,3,sqp_full,sqp_full,,10,1,72,29.083922867777858,777.2657972480908,-702.8663722262339,-100.01851984711776,776.6250337834238,-704.6432691182265,-100.01617700097242,776.6207484999258,-704.653130610716,-100.01665042864228,776.6207484999258,-704.653130610716,-100.01665042864228,0.010752334108371776,0.010762751624777137,0.010752334108371776,0.010762751624777137,0.0,0.0,1.8888992515285328,1.8996298092065858,1.8996298092065858,0.005108898103226135,0.0050100169475995535,-0.46605793133818635,118.37604373618126,-0.2703135237964774,-0.2703135237964774,-0.061695890140221823,-0.061695890140221823,-7.003343928618971e-13,-7.003343928618971e-13,1.2978218234904397e-23,1.2978218234904397e-23,0.03434978197412866,0.03434978197412866,0.3924621108126054,0.3924621108126054,0.00017400392544231712,0.00017400392544231712
23,4,sqp_full,sqp_full,,10,1,73,29.48796327181823,777.4037454412321,-702.4866106195068,-100.01877706721662,776.6395224019205,-704.6349764634241,-100.01705875273744,776.6261331712888,-704.6605645536226,-100.01601215156309,776.6261331712888,-704.6605645536226,-100.01601215156309,0.028879436575514773,0.028898394954345357,0.028879436575514773,0.028898394954345357,0.0,0.0,2.2802439898232687,2.3088431194050654,2.3088431194050654,0.01671722691698508,0.009201390680474786,0.05655980748586594,84.10194782659762,-0.40176624708712344,-0.40176624708712344,-0.10523723797587375,-0.10523723797587375,-5.734875880497657e-13,-5.734875880497657e-13,-1.447131054640061e-23,-1.447131054640061e-23,0.0076639854006489835,0.0076639854006489835,0.38884060776173796,0.38884060776173796,-0.000985995786179695,-0.000985995786179695
23,5,sqp_full,sqp_full,,10,1,74,29.892003675858668,777.5416936343734,-702.1068490127795,-100.01903428731548,776.6287781450159,-704.6240725328457,-100.01792849103035,776.6045059444937,-704.668473458718,-100.01535800963138,776.6045059444937,-704.668473458718,-100.01535800963138,0.05060219300096412,0.050667438371495274,0.05060219300096412,0.050667438371495274,0.0,0.0,2.6776536259724417,2.727680437311498,2.727680437311498,0.015332684148258393,0.023037265903718133,0.6191698985239713,65.66350775994616,-0.40176619637970973,-0.40176619637970973,-0.09864177263149979,-0.09864177263149979,-3.098229628229183e-13,-3.098229628229183e-13,2.0057257607812916e-23,2.0057257607812916e-23,0.010256412276529766,0.010256412276529766,0.3649195131408355,0.3649195131408355,0.0015720855973421083,0.0015720855973421083
23,6,sqp_full,sqp_full,,10,1,74,29.892003675858668,777.5416936343734,-702.1068490127795,-100.01903428731548,776.6508962567385,-704.6169264482005,-100.01747339259089,776.6133156972153,-704.6842614349489,-100.01464405847565,776.6133156972153,-704.6842614349489,-100.01464405847565,0.07711224866704781,0.07716413691621407,0.07711224866704781,0.07716413691621407,0.0,0.0,2.66345803417484,2.7395146263808763,2.7395146263808763,0.023248322660454228,0.018093691241208108,0.15237772310717523,78.70924367766905,-0.4017662321100339,-0.4017662321100339,-0.0922033629200102,-0.0922033629200102,-2.1897447208927942e-13,-2.1897447208927942e-13,3.078965195945219e-23,3.078965195945219e-23,0.016726455113282076,0.016726455113282076,0.3347533956788838,0.3347533956788838,-0.0017851485098108234,-0.0017851485098108234
23,7,sqp_full,sqp_full,,10,1,75,30.296044079899143,777.6796418275146,-701.7270874060523,-100.01929150741434,776.6430985649712,-704.6069832063573,-100.01725645778299,776.5911639385756,-704.6992157483124,-100.01405859645992,776.5911639385756,-704.6992157483124,-100.01405859645992,0.1058491720059489,0.10589746706785105,0.1058491720059489,0.10589746706785105,0.0,0.0,3.0607550956812304,3.1651747183330867,3.1651747183330867,0.01263800284709014,0.02673339979826863,0.15129834991244856,85.89841163109493,-0.40176620922073325,-0.40176620922073325,-0.0859160852842131,-0.0859160852842131,-1.3332579218931854e-13,-1.3332579218931854e-13,3.4543599352684513e-23,3.4543599352684513e-23,0.016759012830234732,0.016759012830234732,0.301808999663805,0.301808999663805,0.001233498450795633,0.001233498450795633
23,8,sqp_full,sqp_full,,10,1,76,30.700084483939477,777.8175900206558,-701.3473257993252,-100.01954872751318,776.6614043017703,-704.598605576346,-100.01951523701315,776.5926607232875,-704.7201733303293,-100.01364582181087,776.5926607232875,-704.7201733303293,-100.01364582181087,0.13965814831643322,0.13978143090550915,0.13965814831643322,0.13978143090550915,0.0,0.0,3.4507369654929665,3.5883913179797244,3.5883913179797244,0.0202580050344777,0.021015018234123398,-0.3633340534532202,110.50235359747131,-0.4017662229440788,-0.4017662229440788,-0.07977656888628748,-0.07977656888628748,-9.382664395277957e-14,-9.382664395277957e-14,2.1811340299326868e-23,2.1811340299326868e-23,0.00020448584000085708,0.00020448584000085708,0.2784736602131738,0.2784736602131738,-0.00135778431995627,-0.00135778431995627
23,9,sqp_full,sqp_full,,10,1,77,31.104124887979953,777.955538213797,-700.9675641925978,-100.01980594761204,776.6549015442303,-704.5879908538295,-100.02215146587591,776.5685959401684,-704.7405113745433,-100.01283816081705,776.5685959401684,-704.7405113745433,-100.01283816081705,0.1752460171624179,0.17549331663174433,0.1752460171624179,0.17549331663174433,0.0,0.0,3.846965681622166,4.019793440977812,4.019793440977812,0.012724303216474598,0.031518282714966546,-0.3799964554737163,98.82453858993489,-0.4017662199785914,-0.4017662199785914,-0.07377977733259887,-0.07377977733259887,-6.576445332516949e-14,-6.576445332516949e-14,1.948839958237569e-23,1.948839958237569e-23,-0.005099456898537822,-0.005099456898537822,0.23786065284602712,0.23786065284602712,0.001138496220139812,0.001138496220139812
23,10,sqp_full,sqp_full,,10,0,78,31.50816529202033,778.0934864069383,-700.5878025858707,-100.0200631677109,776.6710937805095,-704.5818073472151,-100.01985290265416,776.5673877150965,-704.7653046901102,-100.0129843013151,nan,nan,nan,0.2107752899487432,0.21088717490006792,nan,nan,nan,nan,4.239725795067491,4.4475275207879195,nan,0.017484497781111365,nan,nan,nan,-0.40176621995087547,nan,-0.06792186439901467,nan,-4.139925433851773e-14,nan,2.650262875232985e-23,nan,0.010787451757993567,nan,0.18187232330548672,nan,-0.0012700631073642404,nan
23,11,sqp_full,sqp_full,,10,0,79,31.91220569606077,778.2314346000795,-700.2080409791434,-100.02032038780976,776.6638954829638,-704.5735338907957,-100.01790662539138,776.542352326503,-704.7891871141957,-100.01301004651224,nan,nan,nan,0.24754605964401316,0.24759448323821145,nan,nan,nan,nan,4.638394899679599,4.882611886850574,nan,0.011137933554470998,nan,nan,nan,-0.40176622112388705,nan,-0.06219871646809157,nan,-2.5438185968530015e-14,nan,2.154208815938805e-23,nan,-0.00038442022263539613,nan,0.1420768669595778,nan,0.0010829937040513198,nan
23,12,sqp_full,sqp_full,,10,0,80,32.316246100101246,778.3693827932208,-699.8282793724162,-100.02057760790862,776.6799374723943,-704.5671072118032,-100.01669246910777,776.5396334133708,-704.816955157577,-100.0128209530386,nan,nan,nan,0.2865470728971183,0.28657322558567877,nan,nan,nan,nan,5.030975529995281,5.313649299917293,nan,0.017324023875604045,nan,nan,nan,-0.40176621542619706,nan,-0.0566063314025677,nan,-1.5238892402688912e-14,nan,1.5874372108121818e-23,nan,-0.006598320003257081,nan,0.10593874082319865,nan,-0.0012433527965582142,nan
23,13,sqp_full,sqp_full,,10,0,81,32.72028650414162,778.507330986362,-699.4485177656891,-100.02083482800748,776.6773627955948,-704.5608399759845,-100.0155717270014,776.5210968129958,-704.8402009341155,-100.01277356606381,nan,nan,nan,0.32009623903681883,0.32010846903846335,nan,nan,nan,nan,5.42997439783098,5.745900589127944,nan,0.006867551841597284,nan,nan,nan,-0.34559063731085743,nan,-0.03823173850283769,nan,-8.252350037076317e-15,nan,1.01577436145549e-23,nan,-0.0061752944627389145,nan,0.0676063390394114,nan,0.0005418358312922538,nan
23,14,sqp_full,sqp_full,,10,0,82,33.12432690818206,778.6452791795032,-699.0687561589618,-100.02109204810634,776.6843075333987,-704.5604970117146,-100.01501539740242,776.5200442069822,-704.8547782162049,-100.01142814858589,nan,nan,nan,0.33702205821245257,0.3370411489356001,nan,nan,nan,nan,5.831348676817286,6.163982068057157,nan,0.006975421871015094,nan,nan,nan,-0.1751482695041398,nan,0.004447786256956534,nan,-2.8966111790591474e-15,nan,3.8882350081180935e-24,nan,-0.004051526877881957,nan,0.03243633646724195,nan,-0.0006612396699986187,nan
24,0,sqp_full,sqp_full,,10,1,69,27.871801655656572,776.8519526686671,-704.0056570464156,-100.0177481868212,776.590612954982,-704.7181911488118,-100.01369711748843,776.5906265411833,-704.7180173641946,-100.01311534084176,776.5906265411833,-704.7180173641946,-100.01311534084176,0.00017431488191948022,0.0006073300129758261,0.00017431488191948022,0.0006073300129758261,0.0,0.0,0.7589488079091057,0.7587809744925736,0.7587809744925736,0.031363660892347885,0.03148657986209319,1.0037393476010095,1.0844149422952127,0.09823378000630598,0.09823378000630598,-0.16596817423618423,-0.16596817423618423,8.06382167732555e-15,8.06382167732555e-15,-6.755503866499648e-23,-6.755503866499648e-23,-0.0032211882454134598,-0.0032211882454134598,0.06005299067324061,0.06005299067324061,-0.0008613498048419817,-0.0008613498048419817
24,1,sqp_full,sqp_full,,10,1,70,28.275842059697048,776.9899008618085,-703.6258954396883,-100.01800540692004,776.6191013398644,-704.6611076867653,-100.02139614550128,776.618436448815,-704.6645162991584,-100.01418322226972,776.618436448815,-704.6645162991584,-100.01418322226972,0.003472854525336194,0.008005434410363261,0.003472854525336194,0.008005434410363261,0.0,0.0,1.0996166068098114,1.1030499081396188,1.1030499081396188,0.06426028901877842,0.060306677020365636,0.9334337328358985,5.941447435768131,0.09823377883233646,0.09823377883233646,-0.4448324571064202,-0.4448324571064202,7.857436862991782e-15,7.857436862991782e-15,-8.015887226942788e-23,-8.015887226942788e-23,-0.02080714446601606,-0.02080714446601606,0.03304268458338639,0.03304268458338639,0.0003678761847635805,0.0003678761847635805
24,2,sqp_full,sqp_full,,10,1,71,28.679882463737382,777.1278490549496,-703.2461338329612,-100.0182626270189,776.6176099858538,-704.660580781818,-100.0206759958492,776.6163936493666,-704.664625849483,-100.0144268724543,776.6163936493666,-704.664625849483,-100.0144268724543,0.004223984713988587,0.007542783973358992,0.004223984713988587,0.007542783973358992,0.0,0.0,1.5036635523820228,1.507881372269065,1.507881372269065,0.001737924374019519,0.002060193260921163,0.9314552785444891,38.20981371192655,0.09823378464735569,0.09823378464735569,0.08132084622889477,0.08132084622889477,6.8606681760969725e-15,6.8606681760969725e-15,-6.98265323988336e-23,-6.98265323988336e-23,0.0011393752238694989,0.0011393752238694989,0.002391633278942102,0.002391633278942102,0.000199537332207482,0.000199537332207482
24,3,sqp_full,sqp_full,,10,1,72,29.083922867777858,777.2657972480908,-702.8663722262339,-100.01851984711776,776.6200033299942,-704.6585961975234,-100.02081118445783,776.6168351342667,-704.6657165595068,-100.01546973544671,776.6168351342667,-704.6657165595068,-100.01546973544671,0.007793395854418786,0.009448179532692067,0.007793395854418786,0.009448179532692067,0.0,0.0,1.9050240281726059,1.9127968671190274,1.9127968671190274,0.0031120647417924425,0.0015722978388641598,-0.09984540876057904,101.39811033484258,0.15440936250255402,0.15440936250255402,0.1269791482640307,0.1269791482640307,5.685584969541827e-15,5.685584969541827e-15,-6.927829611344616e-23,-6.927829611344616e-23,-0.015247753501527527,-0.015247753501527527,-0.020795049191631807,-0.020795049191631807,-8.59775752539676e-05,-8.59775752539676e-05
24,4,sqp_full,sqp_full,,10,1,73,29.48796327181823,777.4037454412321,-702.4866106195068,-100.01877706721662,776.6310446434798,-704.6518649729993,-100.01685603161907,776.6233549484452,-704.6671762188967,-100.01550476145725,776.6233549484452,-704.6671762188967,-100.01550476145725,0.01713375792561679,0.01718695993199093,0.01713375792561679,0.01718695993199093,0.0,0.0,2.298998246664235,2.316004243190095,2.316004243190095,0.013522692818259156,0.00668130296262258,0.33917965322669064,46.64739951177041,0.32485173084766256,0.32485173084766256,0.2353514434634279,0.2353514434634279,4.324369387899458e-15,4.324369387899458e-15,-6.307161890801739e-23,-6.307161890801739e-23,0.003954878288246748,0.003954878288246748,-0.032075739436431085,-0.032075739436431085,-0.0006725912786467426,-0.0006725912786467426
24,5,sqp_full,sqp_full,,10,1,74,29.892003675858668,777.5416936343734,-702.1068490127795,-100.01903428731548,776.6272990600089,-704.643505039761,-100.01544946490493,776.6132274416606,-704.6703561013766,-100.01514225942343,776.6132274416606,-704.6703561013766,-100.01514225942343,0.030314847069139957,0.030316403613113573,0.030314847069139957,0.030316403613113573,0.0,0.0,2.6964312038040212,2.7264662228418293,2.7264662228418293,0.009268026176465802,0.010621179500571417,0.1380699610916564,83.08021452321834,0.3248517307891711,0.3248517307891711,0.24350150022830544,0.24350150022830544,3.226155801918262e-15,3.226155801918262e-15,-5.859448496697788e-23,-5.859448496697788e-23,0.003210094178477093,0.003210094178477093,-0.035391246457435736,-0.035391246457435736,0.000822057518305774,0.000822057518305774
24,6,sqp_full,sqp_full,,10,1,74,29.892003675858668,777.5416936343734,-702.1068490127795,-100.01903428731548,776.641068902276,-704.6361800379784,-100.01559555592739,776.6176589984651,-704.6795676745769,-100.01617581499764,776.6176589984651,-704.6795676745769,-100.01617581499764,0.049300208985698604,0.04930362366623944,0.049300208985698604,0.04930362366623944,0.0,0.0,2.6848911231369033,2.733627868075442,2.733627868075442,0.015597613591743553,0.010274240296183741,-0.0259035472220225,92.25373220217128,0.3248517294733071,0.3248517294733071,0.2516262557930501,0.2516262557930501,3.204066969509189e-15,3.204066969509189e-15,-5.645196700047307e-23,-5.645196700047307e-23,-0.022050146268702116,-0.022050146268702116,-0.03811282772809131,-0.03811282772809131,-0.0009182861610957505,-0.0009182861610957505
24,7,sqp_full,sqp_full,,10,1,75,30.296044079899143,777.6796418275146,-701.7270874060523,-100.01929150741434,776.6357631238508,-704.6269765166805,-100.01428477570836,776.6014075002419,-704.6899627137933,-100.01679012575924,776.6014075002419,-704.6899627137933,-100.01679012575924,0.07174656716732639,0.07179029655303777,0.07174656716732639,0.07179029655303777,0.0,0.0,3.0820512004025873,3.1529699259160546,3.1529699259160546,0.010703935433363005,0.01930143550420882,-0.08945591194304463,92.84356952078733,0.3248517306522693,0.3248517306522693,0.25972596069950754,0.25972596069950754,2.7522007245268553e-15,2.7522007245268553e-15,-5.077871409804977e-23,-5.077871409804977e-23,-0.01574941370119725,-0.01574941370119725,-0.038324930275469384,-0.038324930275469384,0.0009951533721685882,0.0009951533721685882
24,8,sqp_full,sqp_full,,10,1,76,30.700084483939477,777.8175900206558,-701.3473257993252,-100.01954872751318,776.651377350437,-704.6197481398345,-100.01593059357957,776.603295103594,-704.7066591120981,-100.01722350663574,776.603295103594,-704.7066591120981,-100.01722350663574,0.09932481845576373,0.0993332330362869,0.09932481845576373,0.0993332330362869,0.0,0.0,3.474017842044537,3.57206277267186,3.57206277267186,0.017284739517249004,0.01680834857290347,-0.3029202501802093,108.14999882679543,0.3248517309243832,0.3248517309243832,0.26780083660366866,0.26780083660366866,2.406139248575331e-15,2.406139248575331e-15,-4.470529660655875e-23,-4.470529660655875e-23,-0.008919269594593406,-0.008919269594593406,-0.03657373018298301,-0.03657373018298301,-0.0010975928235802323,-0.0010975928235802323
24,9,sqp_full,sqp_full,,10,1,77,31.104124887979953,777.955538213797,-700.9675641925978,-100.01980594761204,776.6469981587604,-704.610681472496,-100.01654211903721,776.5838069541232,-704.7243116159675,-100.01736562581391,776.5838069541232,-704.7243116159675,-100.01736562581391,0.13001899033928713,0.1300215982529784,0.13001899033928713,0.1300215982529784,0.0,0.0,3.8709921971928405,3.9993496786053395,3.9993496786053395,0.010087405005813541,0.026294848554692534,-0.733325992314679,106.33920543751941,0.32485173060149364,0.32485173060149364,0.2758511303246944,0.2758511303246944,2.0150712429287e-15,2.0150712429287e-15,-3.7957217433269153e-23,-3.7957217433269153e-23,-0.004147317870610689,-0.004147317870610689,-0.033849336406909535,-0.033849336406909535,0.0009019697665248235,0.0009019697665248235
24,10,sqp_full,sqp_full,,10,0,78,31.50816529202033,778.0934864069383,-700.5878025858707,-100.0200631677109,776.6612869733742,-704.6037600549014,-100.01661615879244,776.5810321516907,-704.7476000021986,-100.01747534896022,nan,nan,nan,0.16471419745092244,0.16471643831034555,nan,nan,nan,nan,4.263696707150372,4.426221008840915,nan,0.01587708179957026,nan,nan,nan,0.32485173116465416,nan,0.28387709178454046,nan,1.690640825747406e-15,nan,-3.104860026671327e-23,nan,-0.00273804889785275,nan,-0.029576328312989817,nan,-0.001003985421395727,nan
24,11,sqp_full,sqp_full,,10,0,79,31.91220569606077,778.2314346000795,-700.2080409791434,-100.02032038780976,776.6589582915396,-704.5950510017942,-100.01687260686323,776.5602605187665,-704.7718901309645,-100.01761872554194,nan,nan,nan,0.2025174756806912,0.20251885010823573,nan,nan,nan,nan,4.660315298320184,4.860199778880479,nan,0.009018654596135899,nan,nan,nan,0.3248517298149123,nan,0.2918789557484,nan,1.307970138187022e-15,nan,-2.3950225641167e-23,nan,-0.0006366774910727175,nan,-0.02461832633987338,nan,0.0006812547644397853,nan
24,12,sqp_full,sqp_full,,10,0,80,32.316246100101246,778.3693827932208,-699.8282793724162,-100.02057760790862,776.6704805697238,-704.5879917289743,-100.01687673300151,776.5520293586015,-704.8005775476499,-100.01770141586682,nan,nan,nan,0.24335862367768837,0.24336002099795911,nan,nan,nan,nan,5.053823352885907,5.29400818376347,nan,0.013512817778877336,nan,nan,nan,0.3248517289582213,nan,0.29985697834661196,nan,9.298280913299736e-16,nan,-1.687111665889328e-23,nan,0.00021937574569858996,nan,-0.018550909244263298,nan,-0.0007419617349234068,nan
24,13,sqp_full,sqp_full,,10,0,81,32.72028650414162,778.507330986362,-699.4485177656891,-100.02083482800748,776.6698514226168,-704.5825793441503,-100.01837317067516,776.5354586755545,-704.8240845034093,-100.01754530948966,nan,nan,nan,0.2763804486784012,0.27638168855012235,nan,nan,nan,nan,5.452973449285522,5.725818558233697,nan,0.005650580614203205,nan,nan,nan,0.23982039664049376,nan,0.24181516272784212,nan,6.290087571269215e-16,nan,-1.069035623544806e-23,nan,0.0014050108727121915,nan,-0.012446642790515746,nan,0.0003514598872232345,nan
24,14,sqp_full,sqp_full,,10,0,82,33.12432690818206,778.6452791795032,-699.0687561589618,-100.02109204810634,776.6751738514683,-704.5833454511486,-100.01752655037814,776.5332407022231,-704.8387008318091,-100.0175701716245,nan,nan,nan,0.2921496008673081,0.2921496041238813,nan,nan,nan,nan,5.855938017521464,6.144344396046726,nan,0.00544352227330982,nan,nan,nan,0.09505469090562833,nan,0.13402138124982396,nan,3.066364052051018e-16,nan,-4.738104883950827e-24,nan,0.000992267968014198,nan,-0.006012708320789837,nan,-0.0005534528988118509,nan
25,0,sqp_full,sqp_full,,10,1,69,27.871801655656572,776.8519526686671,-704.0056570464156,-100.0177481868212,776.6036160918277,-704.684006005496,-100.01469976184127,776.6053245481535,-704.6816397504822,-100.01796248189359,776.6053245481535,-704.6816397504822,-100.01796248189359,0.002918558858053975,0.0043775938536807285,0.002918558858053975,0.0043775938536807285,0.0,0.0,0.7223768861763854,0.7195679578922558,0.7195679578922558,0.04498945435087734,0.04779384054487983,1.0595431792380055,4.154239781708432,0.49999999483428287,0.49999999483428287,-0.16802721199270293,-0.16802721199270293,3.429942502931303e-14,3.429942502931303e-14,-4.749802975222803e-24,-4.749802975222803e-24,-0.0008941566891480118,-0.0008941566891480118,0.2853119197192594,0.2853119197192594,0.00039288895903171584,0.00039288895903171584
25,1,sqp_full,sqp_full,,10,1,70,28.275842059697048,776.9899008618085,-703.6258954396883,-100.01800540692004,776.6203317240243,-704.6459721807711,-100.0155363397553,776.6253881227896,-704.6398189054028,-100.01848655820605,776.6253881227896,-704.6398189054028,-100.01848655820605,0.00796429320360729,0.008493159314426192,0.00796429320360729,0.008493159314426192,0.0,0.0,1.0849598634514153,1.0774554892120958,1.0774554892120958,0.041553387894945205,0.04638754969081488,1.1156762937624152,1.9701131524852593,0.30804882636611125,0.30804882636611125,-0.20812103732181736,-0.20812103732181736,1.8522978615989273e-14,1.8522978615989273e-14,-3.7913140192209265e-24,-3.7913140192209265e-24,-0.010372937245148402,-0.010372937245148402,0.33087378519283095,0.33087378519283095,0.0005308184413242543,0.0005308184413242543
25,2,sqp_full,sqp_full,,10,1,71,28.679882463737382,777.1278490549496,-703.2461338329612,-100.0182626270189,776.6246406918615,-704.6453985748095,-100.01823342101298,776.6292894183655,-704.6397084744794,-100.01837999443723,776.6292894183655,-704.6397084744794,-100.01837999443723,0.007347645873114809,0.007349107676813288,0.007347645873114809,0.007349107676813288,0.0,0.0,1.4869971333065317,1.4800716174271846,1.4800716174271846,0.005115708644142517,0.003904312743157357,0.6337863525844124,33.85685737560352,-0.17514826615630064,-0.17514826615630064,-0.047851001907268244,-0.047851001907268244,1.524837982787735e-14,1.524837982787735e-14,4.376254528079793e-24,4.376254528079793e-24,-0.025293694906695443,-0.025293694906695443,0.343723853240954,0.343723853240954,-0.00038942256986782936,-0.00038942256986782936
25,3,sqp_full,sqp_full,,10,1,72,29.083922867777858,777.2657972480908,-702.8663722262339,-100.01851984711776,776.6271370937272,-704.641903257007,-100.02125575900905,776.6286482465362,-704.6412793731859,-100.02072483017417,776.6286482465362,-704.6412793731859,-100.02072483017417,0.0016348742563605258,0.0017189238673717257,0.0016348742563605258,0.0017189238673717257,0.0,0.0,1.8869014902771142,1.8858033382310344,1.8858033382310344,0.005252027777783163,0.0028943183470337788,-0.0001641044468588616,90.01706175515145,-0.26017960831240894,-0.26017960831240894,-0.06402397521878772,-0.06402397521878772,-2.9802697737671074e-14,-2.9802697737671074e-14,8.930662434436655e-24,8.930662434436655e-24,-0.03738176845763226,-0.03738176845763226,0.3642964973629225,0.3642964973629225,-5.390791255265051e-05,-5.390791255265051e-05
25,4,sqp_full,sqp_full,,10,1,73,29.48796327181823,777.4037454412321,-702.4866106195068,-100.01877706721662,776.6391494555463,-704.6352157062084,-100.02021880795363,776.6334458038201,-704.6469207308446,-100.02012740969998,776.6334458038201,-704.6469207308446,-100.02012740969998,0.013020723664454052,0.013021044443010065,0.013020723664454052,0.013021044443010065,0.0,0.0,2.2805944049583045,2.2935346756797323,2.2935346756797323,0.01378751027737605,0.007429561450676441,0.10795957997304685,78.44272130640435,-0.4049453024024039,-0.4049453024024039,-0.10929604062293587,-0.10929604062293587,-2.3318811220757885e-14,-2.3318811220757885e-14,1.6509889235850967e-23,1.6509889235850967e-23,-0.007224451934063214,-0.007224451934063214,0.3548022342660298,0.3548022342660298,-0.0008266634726231952,-0.0008266634726231952
25,5,sqp_full,sqp_full,,10,1,74,29.892003675858668,777.5416936343734,-702.1068490127795,-100.01903428731548,776.6324557103757,-704.6265735814354,-100.01960216728597,776.6175005729533,-704.6540737306539,-100.01960262608259,776.6175005729533,-704.6540737306539,-100.01960262608259,0.031303583538627396,0.03130358354198954,0.031303583538627396,0.03130358354198954,0.0,0.0,2.6787544688387825,2.7097023043366057,2.7097023043366057,0.010948643327643276,0.017484026753379518,0.37739838962986005,76.32996423787674,-0.4049453130625143,-0.4049453130625143,-0.10280593868980224,-0.10280593868980224,-1.1179945433930622e-14,-1.1179945433930622e-14,1.4932226845114154e-23,1.4932226845114154e-23,-0.023704246236115348,-0.023704246236115348,0.3331613011195686,0.3331613011195686,0.001068995361237494,0.001068995361237494
25,6,sqp_full,sqp_full,,10,1,75,30.296044079899143,777.6796418275146,-701.7270874060523,-100.01929150741434,776.6483453349664,-704.6211928929873,-100.01691811862739,776.6219186990686,-704.667980852062,-100.0205368982966,776.6219186990686,-704.667980852062,-100.0205368982966,0.05373527890730397,0.053856993654864085,0.05373527890730397,0.053856993654864085,0.0,0.0,3.0723637520726,3.1253211798521154,3.1253211798521154,0.016989293540719534,0.014621926302583077,-0.024720242361882992,91.64590899559964,-0.40494531140702633,-0.40494531140702633,-0.09646666546518246,-0.09646666546518246,1.7301427780769333e-15,1.7301427780769333e-15,1.3206528316854039e-23,1.3206528316854039e-23,-0.011999241386931094,-0.011999241386931094,0.2988876340717884,0.2988876340717884,-0.0012665008977352252,-0.0012665008977352252
25,7,sqp_full,sqp_full,,10,1,76,30.700084483939477,777.8175900206558,-701.3473257993252,-100.01954872751318,776.6378638888359,-704.613033555164,-100.01448457003684,776.5985721839497,-704.6816721147446,-100.0208905661377,776.5985721839497,-704.6816721147446,-100.0208905661377,0.07908912652309072,0.07934813621144247,0.07908912652309072,0.07934813621144247,0.0,0.0,3.472261639428137,3.55019292959682,3.55019292959682,0.013503987020310193,0.02706724077157801,0.7245811954108295,68.80781978774765,-0.404945305562695,-0.404945305562695,-0.09027394678643991,-0.09027394678643991,-7.032932370897328e-15,-7.032932370897328e-15,1.565600102026809e-23,1.565600102026809e-23,-0.014018098827098353,-0.014018098827098353,0.2695528017293795,0.2695528017293795,0.0014094041943635003,0.0014094041943635003
25,8,sqp_full,sqp_full,,10,1,77,31.104124887979953,777.955538213797,-700.9675641925978,-100.01980594761204,776.6574820874696,-704.6081870211001,-100.01403851705314,776.6033018754497,-704.7021347481104,-100.02164559875403,776.6033018754497,-704.7021347481104,-100.02164559875403,0.1084512368990019,0.10871770084456182,0.1084512368990019,0.10871770084456182,0.0,0.0,3.865111160950957,3.971845962376706,3.971845962376706,0.020212906107832787,0.021015694616118977,-0.016451882190087717,90.9066535321306,-0.40494530878493806,-0.40494530878493806,-0.08422356309741291,-0.08422356309741291,2.097335341689737e-15,2.097335341689737e-15,1.3499889616162703e-23,1.3499889616162703e-23,-0.029308438274179883,-0.029308438274179883,0.2385409077828239,0.2385409077828239,-0.0016582759962444932,-0.0016582759962444932
25,9,sqp_full,sqp_full,,10,1,78,31.50816529202033,778.0934864069383,-700.5878025858707,-100.0200631677109,776.649407878499,-704.6006634909699,-100.01282901152585,776.5797221220045,-704.7215837407972,-100.02156893890877,776.5797221220045,-704.7215837407972,-100.02156893890877,0.1395629301660363,0.13983632506322805,0.1395629301660363,0.13983632506322805,0.0,0.0,4.264787854040611,4.402229997077226,4.402229997077226,0.01110221868550577,0.030565895468669852,0.3582326788938586,82.52358063126098,-0.40494531279183577,-0.40494531279183577,-0.07831135240213605,-0.07831135240213605,1.3099283869938456e-14,1.3099283869938456e-14,1.0226638686895161e-23,1.0226638686895161e-23,-0.016926863448158136,-0.016926863448158136,0.20420033820025094,0.20420033820025094,0.0011394390629572736,0.0011394390629572736
25,10,sqp_full,sqp_full,,10,0,78,31.50816529202033,778.0934864069383,-700.5878025858707,-100.0200631677109,776.6664833621204,-704.5933939252429,-100.01558301737889,776.5786371903132,-704.7461635326493,-100.02187607438346,nan,nan,nan,0.1762257156271249,0.1763380430161203,nan,nan,nan,nan,4.252187633203989,4.425690218802374,nan,0.018761750318174196,nan,nan,nan,-0.4049453072777314,nan,-0.07253326640423699,nan,1.8273891823406965e-14,nan,1.5104822790727233e-23,nan,-0.025417104761608012,nan,0.18741512114729794,nan,-0.0012908232595415436,nan
25,11,sqp_full,sqp_full,,10,0,79,31.91220569606077,778.2314346000795,-700.2080409791434,-100.02032038780976,776.6617953149473,-704.5842278516072,-100.018137486977,776.5555003619725,-704.7698467223238,-100.02200886150915,nan,nan,nan,0.21389946749348196,0.2139344987017367,nan,nan,nan,nan,4.649169713847258,4.859920494099897,nan,0.01060754482052607,nan,nan,nan,-0.40494530649342636,nan,-0.06688557168411412,nan,1.9556341978883342e-14,nan,1.3873827740214077e-23,nan,-0.01548092335304794,nan,0.14683281706643264,nan,0.0008942452824965563,nan
25,12,sqp_full,sqp_full,,10,0,80,32.316246100101246,778.3693827932208,-699.8282793724162,-100.02057760790862,776.6751459720606,-704.5784371482339,-100.01741743655323,776.5504075203952,-704.7972460600788,-100.02199640892172,nan,nan,nan,0.2518670705483814,0.25190869023234325,nan,nan,nan,nan,5.043256616645249,5.291436571126139,nan,0.01457020121780467,nan,nan,nan,-0.4049453113906524,nan,-0.06136455246341963,nan,1.4006767555579419e-14,nan,6.0207359012026015e-24,nan,-0.0030114405999686574,nan,0.10048546213155228,nan,-0.0010144027901735511,nan
25,13,sqp_full,sqp_full,,10,0,81,32.72028650414162,778.507330986362,-699.4485177656891,-100.02083482800748,776.6725121742069,-704.5737083341995,-100.01628381736262,776.5335829983003,-704.8183964489532,-100.02164946260588,nan,nan,nan,0.28137801872171464,0.2814291732721291,nan,nan,nan,nan,5.443724684164987,5.721125605451423,nan,0.005530250064414367,nan,nan,nan,-0.31378050568135657,nan,-0.03483918763519779,nan,7.869128000236136e-15,nan,4.468897875111488e-24,nan,-0.0038339755457200276,nan,0.06410908739457144,nan,0.0004738953966610823,nan
25,14,sqp_full,sqp_full,,10,0,82,33.12432690818206,778.6452791795032,-699.0687561589618,-100.02109204810634,776.678933949302,-704.5739367592331,-100.01582761081751,776.5324707535348,-704.832003870882,-100.02088930801948,nan,nan,nan,0.29673237408333014,0.29677554246887283,nan,nan,nan,nan,5.845812775477703,6.138320913229937,nan,0.006442010383430923,nan,nan,nan,-0.15881922940919552,nan,0.0042198236967144285,nan,3.9797109683071376e-15,nan,2.7371176741565053e-24,nan,-0.004728606435016728,nan,0.030741819209690806,nan,-0.0006312952122807622,nan
26,0,sqp_full,sqp_full,,10,1,69,27.871801655656572,776.8519526686671,-704.0056570464156,-100.0177481868212,776.610192332895,-704.663223876218,-100.01744059695051,776.6110382272557,-704.6626083966228,-100.01866244685534,776.6110382272557,-704.6626083966228,-100.01866244685534,0.0010461129964970991,0.0016084991735743801,0.0010461129964970991,0.0016084991735743801,0.0,0.0,0.7006013100252226,0.6997319805608591,0.6997319805608591,0.06596476902665589,0.06683739495711329,1.013018870318643,1.1659775364597864,0.0950546929067242,0.0950546929067242,-0.5000000003569555,-0.5000000003569555,4.0942665043001364e-16,4.0942665043001364e-16,-5.942990289796761e-23,-5.942990289796761e-23,0.07901700015569225,0.07901700015569225,0.06351358893923409,0.06351358893923409,0.0003327353860428129,0.0003327353860428129
26,1,sqp_full,sqp_full,,10,1,70,28.275842059697048,776.9899008618085,-703.6258954396883,-100.01800540692004,776.6227792173829,-704.6556815441579,-100.02047108673887,776.6234180343528,-704.6556479576885,-100.0189019890606,776.6234180343528,-704.6556479576885,-100.0189019890606,0.0006396992824207404,0.0016944859680439418,0.0006396992824207404,0.0016944859680439418,0.0,0.0,1.0932692819083218,1.0930232893894045,1.0930232893894045,0.014983334154045196,0.014204390672851694,0.9311661126384949,10.81761266180038,0.09505469384606732,0.09505469384606732,-0.0023150227407848127,-0.0023150227407848127,1.868137546484475e-15,1.868137546484475e-15,-6.526242632662007e-23,-6.526242632662007e-23,0.01799005671248922,0.01799005671248922,0.031841796558571035,0.031841796558571035,-0.0007779326143851164,-0.0007779326143851164
26,2,sqp_full,sqp_full,,10,1,71,28.679882463737382,777.1278490549496,-703.2461338329612,-100.0182626270189,776.615362648234,-704.6548298195437,-100.01507140900331,776.6155527460213,-704.6553852932151,-100.0160704785166,776.6155527460213,-704.6553852932151,-100.0160704785166,0.0005871014975849851,0.0011588045826812848,0.0005871014975849851,0.0011588045826812848,0.0,0.0,1.4990219143433743,1.4994789716329397,1.4994789716329397,0.009213438685183343,0.008363564139918456,0.8699332461068685,16.597978296813604,0.09505468818215383,0.09505468818215383,0.07926453732151362,0.07926453732151362,1.2336557706405338e-16,1.2336557706405338e-16,-6.290218096261498e-23,-6.290218096261498e-23,0.08796927388670477,0.08796927388670477,0.0034937926413212517,0.0034937926413212517,0.0007816508768683655,0.0007816508768683655
26,3,sqp_full,sqp_full,,10,1,72,29.083922867777858,777.2657972480908,-702.8663722262339,-100.01851984711776,776.6235228115113,-704.6518681677329,-100.01601852555811,776.6210246815162,-704.6571599748272,-100.01517962736607,776.6210246815162,-704.6571599748272,-100.01517962736607,0.005851826705830564,0.0059116517126498415,0.005851826705830564,0.0059116517126498415,0.0,0.0,1.8975015702215121,1.903326672728327,1.903326672728327,0.008732506852372458,0.005821098578234709,0.5055578115632932,40.675657207701576,0.1862194939641417,0.1862194939641417,0.1426467343361109,0.1426467343361109,4.1825029342415044e-16,4.1825029342415044e-16,-6.466935547735239e-23,-6.466935547735239e-23,0.030909216800022583,0.030909216800022583,-0.018912906821158138,-0.018912906821158138,-0.0006036148443845574,-0.0006036148443845574
26,4,sqp_full,sqp_full,,10,1,73,29.48796327181823,777.4037454412321,-702.4866106195068,-100.01877706721662,776.6335083211288,-704.6435303803023,-100.01705649222194,776.625539318843,-704.6591905152239,-100.01446214734493,776.625539318843,-704.6591905152239,-100.01446214734493,0.017571136081495374,0.01776162854400742,0.017571136081495374,0.01776162854400742,0.0,0.0,2.290320518114311,2.3077495904448413,2.3077495904448413,0.013050152349931626,0.0050019818147994345,0.16092177168939864,65.17524105855342,0.34118077071578756,0.34118077071578756,0.23683091936293857,0.23683091936293857,-4.188120881513637e-17,-4.188120881513637e-17,-6.093729499211611e-23,-6.093729499211611e-23,0.025673931164317702,0.025673931164317702,-0.031025198655041077,-0.031025198655041077,-0.0005117756399064285,-0.0005117756399064285
26,5,sqp_full,sqp_full,,10,1,74,29.892003675858668,777.5416936343734,-702.1068490127795,-100.01903428731548,776.6305115730379,-704.6334365850729,-100.01818073803804,776.6145825486927,-704.6633157977612,-100.01378183977626,776.6145825486927,-704.6633157977612,-100.01378183977626,0.03386002314614789,0.03414456726003749,0.03386002314614789,0.03414456726003749,0.0,0.0,2.6858699725353405,2.7193854798292745,2.7193854798292745,0.010589104301573948,0.011727386176218504,-0.08534722518896432,94.41978188801465,0.3411807719419361,0.3411807719419361,0.2444373059935394,0.2444373059935394,1.029451520432287e-15,1.029451520432287e-15,-5.668581281416829e-23,-5.668581281416829e-23,0.029080131912001993,0.029080131912001993,-0.034457844944911824,-0.034457844944911824,0.0008469016761206067,0.0008469016761206067
26,6,sqp_full,sqp_full,,10,1,75,30.296044079899143,777.6796418275146,-701.7270874060523,-100.01929150741434,776.6445366759157,-704.6255218434302,-100.01956755789126,776.6178726738066,-704.6737847231383,-100.0132684752886,776.6178726738066,-704.6737847231383,-100.0132684752886,0.0551386848427739,0.0554973243303306,0.0551386848427739,0.0554973243303306,0.0,0.0,3.0777207252518517,3.1321524251363493,3.1321524251363493,0.01616384593192002,0.010985757366318735,-0.143248182452749,102.16733847848676,0.3411807692423151,0.3411807692423151,0.2520237242098848,0.2520237242098848,-2.9551720761694215e-16,-2.9551720761694215e-16,-5.014080031485951e-23,-5.014080031485951e-23,0.04130248611197506,0.04130248611197506,-0.03728497202279007,-0.03728497202279007,-0.000899403570820514,-0.000899403570820514
26,7,sqp_full,sqp_full,,10,1,76,30.700084483939477,777.8175900206558,-701.3473257993252,-100.01954872751318,776.6426631475885,-704.6160220153449,-100.02022722198603,776.6040355447267,-704.6855103226528,-100.01166005109715,776.6040355447267,-704.6855103226528,-100.01166005109715,0.07950293425632254,0.0799631976124286,0.07950293425632254,0.0799631976124286,0.0,0.0,3.473446143195213,3.551927698846354,3.551927698846354,0.009705256243965796,0.01820831825097397,-0.9186337174357914,119.31711987886493,0.34118077074280045,0.34118077074280045,0.25959036010809294,0.25959036010809294,-3.499217383307106e-16,-3.499217383307106e-16,-4.4864932770894087e-23,-4.4864932770894087e-23,0.03410205056093449,0.03410205056093449,-0.03739578902871981,-0.03739578902871981,0.0007005610733968702,0.0007005610733968702
26,8,sqp_full,sqp_full,,10,1,77,31.104124887979953,777.955538213797,-700.9675641925978,-100.01980594761204,776.6547494980882,-704.607903836071,-100.01998448703989,776.6014402399569,-704.7030124965792,-100.01060788905241,776.6014402399569,-704.7030124965792,-100.01060788905241,0.1090299697613216,0.1094324215942131,0.1090299697613216,0.1094324215942131,0.0,0.0,3.8657630556926375,3.9733053437251455,3.9733053437251455,0.014561717734493468,0.017724805893590677,-0.8168043417651616,132.14747280278675,0.34118077078278286,0.34118077078278286,0.2671373379014684,0.2671373379014684,-2.8795891488693843e-16,-2.8795891488693843e-16,-3.967568860279514e-23,-3.967568860279514e-23,0.032351057946673215,0.032351057946673215,-0.035972100336665876,-0.035972100336665876,-0.0007165253245044894,-0.0007165253245044894
26,9,sqp_full,sqp_full,,10,1,78,31.50816529202033,778.0934864069383,-700.5878025858707,-100.0200631677109,776.6526148835924,-704.5982580744508,-100.02051553093887,776.5828448200932,-704.7222403858552,-100.00963478575751,776.5828448200932,-704.7222403858552,-100.00963478575751,0.1422655098815684,0.14268099354000927,0.1422655098815684,0.14268099354000927,0.0,0.0,4.261439190305424,4.401773952152272,4.401773952152272,0.009893396985089852,0.026766551812666364,-1.494599351989469,123.53392888785841,0.3411807703105413,0.3411807703105413,0.2746648239145516,0.2746648239145516,-3.054112481681921e-16,-3.054112481681921e-16,-3.363161847439161e-23,-3.363161847439161e-23,0.024515824076175457,0.024515824076175457,-0.03325862724079627,-0.03325862724079627,0.000725704719938091,0.000725704719938091
26,10,sqp_full,sqp_full,,10,0,78,31.50816529202033,778.0934864069383,-700.5878025858707,-100.0200631677109,776.6651922127792,-704.5904559273534,-100.0191630502334,776.5771536145375,-704.7466514554849,-100.00883253718499,nan,nan,nan,0.17929818121946492,0.1795955380527361,nan,nan,nan,nan,4.249853888918033,4.426656645551016,nan,0.014862432938769654,nan,nan,nan,0.34118077101046157,nan,0.2821729811788528,nan,-1.7669826295352637e-16,nan,-2.775134227585165e-23,nan,0.024364174012761242,nan,-0.028915507980006753,nan,-0.0007885283347858661,nan
26,11,sqp_full,sqp_full,,10,0,79,31.91220569606077,778.2314346000795,-700.2080409791434,-100.02032038780976,776.6629533818829,-704.5811798774005,-100.01567933360671,776.5553555224459,-704.7723250295979,-100.00820097268837,nan,nan,nan,0.21934850937270478,0.21947595414088655,nan,nan,nan,nan,4.645909723109541,4.862296779065871,nan,0.010158432361783416,nan,nan,nan,0.34118077030110916,nan,0.28966195829751645,nan,7.590156202595165e-17,nan,-2.1824263493069624e-23,nan,0.018735196925928062,nan,-0.024075989341051623,nan,0.0007036355227725354,nan
26,12,sqp_full,sqp_full,,10,0,80,32.316246100101246,778.3693827932208,-699.8282793724162,-100.02057760790862,776.6753944513606,-704.5730164729919,-100.02082572503437,776.5465476608475,-704.8024363968988,-100.00746723317629,nan,nan,nan,0.26312543949790534,0.2634643167787404,nan,nan,nan,nan,5.038067750232952,5.297637777729184,nan,0.01574505401750985,nan,nan,nan,0.34118077015370646,nan,0.29713192586025633,nan,3.880488996989166e-16,nan,-1.5958359941188065e-23,nan,0.012559953992294372,nan,-0.018461112033314745,nan,-0.0007634693538171826,nan
26,13,sqp_full,sqp_full,,10,0,81,32.72028650414162,778.507330986362,-699.4485177656891,-100.02083482800748,776.6759311406324,-704.5666685632154,-100.02289130225994,776.5298878071856,-704.8275023899499,-100.00698331653878,nan,nan,nan,0.29893634843090944,0.29935932326037706,nan,nan,nan,nan,5.435944534407888,5.73094731391824,nan,0.006697059293328148,nan,nan,nan,0.25947618384826676,nan,0.24411021394336221,nan,7.396044133819386e-16,nan,-1.0297323028245414e-23,nan,0.008313526924391431,nan,-0.012392703999066322,nan,0.00027894346732664567,nan
26,14,sqp_full,sqp_full,,10,0,82,33.12432690818206,778.6452791795032,-699.0687561589618,-100.02109204810634,776.680238007697,-704.5673182589474,-100.02015232867322,776.5264837846477,-704.8422253210692,-100.0066386570724,nan,nan,nan,0.3149829422523783,0.3152726966137404,nan,nan,nan,nan,5.839141373035204,6.1499788691561035,nan,0.005145209885363166,nan,nan,nan,0.10151676217822318,nan,0.13152778125172165,nan,4.317111993580065e-16,nan,-4.225997400669772e-24,nan,0.005384769260373316,nan,-0.00583580062859293,nan,-0.0004435111345387982,nan
27,0,sqp_full,sqp_full,,10,1,69,27.871801655656572,776.8519526686671,-704.0056570464156,-100.0177481868212,776.6048078774895,-704.673658114848,-100.01037457386911,776.6046822113683,-704.6745886228788,-100.01272974677224,776.6046822113683,-704.6745886228788,-100.01272974677224,0.0009389553607680463,0.002535444058364529,0.0009389553607680463,0.002535444058364529,0.0,0.0,0.7122541507306037,0.7131704796486846,0.7131704796486846,0.05332129249056881,0.05250848461095971,0.983742078228679,2.600762459050164,0.5000000106946393,0.5000000106946393,-0.21782705391168994,-0.21782705391168994,-1.3270868289182285e-14,-1.3270868289182285e-14,-1.2427776283824948e-24,-1.2427776283824948e-24,-0.07625085071979408,-0.07625085071979408,0.3194354376758775,0.3194354376758775,0.000652440439758056,0.000652440439758056
27,1,sqp_full,sqp_full,,10,1,70,28.275842059697048,776.9899008618085,-703.6258954396883,-100.01800540692004,776.6236396572847,-704.6431975895326,-100.01274366347955,776.6276334950262,-704.638681971504,-100.01448137330172,776.6276334950262,-704.638681971504,-100.01448137330172,0.00602839498431637,0.006273849018984593,0.00602839498431637,0.006273849018984593,0.0,0.0,1.0812265877312845,1.0756273537161323,1.0756273537161323,0.03589000025519696,0.042651110536561086,1.187879905098384,1.669292253058818,0.1738447120393152,0.1738447120393152,-0.21033807668231722,-0.21033807668231722,-2.8013426572624656e-14,-2.8013426572624656e-14,4.6633743137379465e-24,4.6633743137379465e-24,-0.049265364877094306,-0.049265364877094306,0.33780261257672445,0.33780261257672445,-9.433131573392336e-05,-9.433131573392336e-05
27,2,sqp_full,sqp_full,,10,1,71,28.679882463737382,777.1278490549496,-703.2461338329612,-100.0182626270189,776.621994420591,-704.6363445974337,-100.0117995288837,776.625879390124,-704.6323227476751,-100.01459788862952,776.625879390124,-704.6323227476751,-100.01459788862952,0.005591803264901434,0.006252925796811963,0.005591803264901434,0.006252925796811963,0.0,0.0,1.479383277165553,1.474277196351033,1.474277196351033,0.007110674695302625,0.006597741093336135,0.9168130656763491,8.851818473535856,-0.15881921959543552,-0.15881921959543552,-0.07352615304015783,-0.07352615304015783,-4.542074989345915e-14,-4.542074989345915e-14,1.5949691866150259e-23,1.5949691866150259e-23,-0.002624479044645596,-0.002624479044645596,0.36948518919604717,0.36948518919604717,0.0005242237074045533,0.0005242237074045533
27,3,sqp_full,sqp_full,,10,1,72,29.083922867777858,777.2657972480908,-702.8663722262339,-100.01851984711776,776.6354454697274,-704.6330806510128,-100.01876473456578,776.635263661427,-704.6357917904478,-100.01577219906206,776.635263661427,-704.6357917904478,-100.01577219906206,0.0027172286053720896,0.0040421034171412885,0.0027172286053720896,0.0040421034171412885,0.0,0.0,1.8757937047209274,1.878408421545722,1.878408421545722,0.015495101138805803,0.010073619540053614,0.5126438233371848,37.9505717915808,-0.24052382236650266,-0.24052382236650266,-0.04738488613899991,-0.04738488613899991,-6.011741952016229e-14,-6.011741952016229e-14,6.707434291067471e-24,6.707434291067471e-24,-0.0469504590959332,-0.0469504590959332,0.39273435815786945,0.39273435815786945,-0.001123643598694379,-0.001123643598694379
27,4,sqp_full,sqp_full,,10,1,73,29.48796327181823,777.4037454412321,-702.4866106195068,-100.01877706721662,776.6431122056138,-704.6239400895342,-100.01904020949034,776.6347163575238,-704.6407840927266,-100.01540673209429,776.6347163575238,-704.6407840927266,-100.01540673209429,0.018820486409601142,0.019168016764434238,0.018820486409601142,0.019168016764434238,0.0,0.0,2.268642806299615,2.287327935455051,2.287327935455051,0.011933339420696618,0.005035492995710087,-0.3506148043029823,146.19159420783035,-0.39848324210404995,-0.39848324210404995,-0.09375337140514946,-0.09375337140514946,-3.9032151018059875e-14,-3.9032151018059875e-14,1.5195188934036556e-23,1.5195188934036556e-23,0.0061117245231511845,0.0061117245231511845,0.3912489142301528,0.3912489142301528,-0.0002789099798880438,-0.0002789099798880438
27,5,sqp_full,sqp_full,,10,1,74,29.892003675858668,777.5416936343734,-702.1068490127795,-100.01903428731548,776.6340118645676,-704.6130030379823,-100.02014269209864,776.6150057516778,-704.6476358898909,-100.01457371184857,776.6150057516778,-704.6476358898909,-100.01457371184857,0.03950527507185508,0.03989586820121399,0.03950527507185508,0.03989586820121399,0.0,0.0,2.665463223020979,2.7045052018503872,2.7045052018503872,0.014270626184889137,0.020884181332396327,0.508303432455277,69.67559845633063,-0.3984832326517517,-0.3984832326517517,-0.08733691635034171,-0.08733691635034171,-2.0692447842449463e-14,-2.0692447842449463e-14,2.2057066245902535e-23,2.2057066245902535e-23,-0.001869388372914176,-0.001869388372914176,0.36722084366748037,0.36722084366748037,0.0014198187530441108,0.0014198187530441108
27,6,sqp_full,sqp_full,,10,1,75,30.296044079899143,777.6796418275146,-701.7270874060523,-100.01929150741434,776.6533404470364,-704.6073274257442,-100.01680931929747,776.6229780293266,-704.6616106400602,-100.01427597917518,776.6229780293266,-704.6616106400602,-100.01427597917518,0.06219761864939216,0.06224918937488545,0.06219761864939216,0.06224918937488545,0.0,0.0,3.0576260553910513,3.1189685784459336,3.1189685784459336,0.020418571173349657,0.01609159712236844,0.18173839471553507,76.66717652447564,-0.39848323695685645,-0.39848323695685645,-0.08106635415607619,-0.08106635415607619,-1.3774173617981209e-14,-1.3774173617981209e-14,2.2707545823527754e-23,2.2707545823527754e-23,0.022601890141123022,0.022601890141123022,0.3137940864878756,0.3137940864878756,-0.0015878282187578262,-0.0015878282187578262
27,7,sqp_full,sqp_full,,10,1,76,30.700084483939477,777.8175900206558,-701.3473257993252,-100.01954872751318,776.6421371721123,-704.5985362181176,-100.01388373125914,776.5988394770166,-704.6749053837509,-100.01334143670242,776.5988394770166,-704.6749053837509,-100.01334143670242,0.08778917849096803,0.08779085341597555,0.08778917849096803,0.08779085341597555,0.0,0.0,3.45717494298653,3.54374643256369,3.54374643256369,0.014538148641684349,0.027573416311048395,0.7394479747015172,67.0532356253898,-0.3984832385092052,-0.3984832385092052,-0.07493734371752864,-0.07493734371752864,8.243046887035628e-15,8.243046887035628e-15,1.6258513447468346e-23,1.6258513447468346e-23,0.022095954503944793,0.022095954503944793,0.2828048138579267,0.2828048138579267,0.0015055603956535748,0.0015055603956535748
27,8,sqp_full,sqp_full,,10,1,77,31.104124887979953,777.955538213797,-700.9675641925978,-100.01980594761204,776.6636953261461,-704.592375091067,-100.01599461444314,776.6049391952942,-704.6952552193936,-100.01398900530398,776.6049391952942,-704.6952552193936,-100.01398900530398,0.11847617362654404,0.11849314826269969,0.11847617362654404,0.11849314826269969,0.0,0.0,3.8481309873800766,3.9648200589729385,3.9648200589729385,0.022520420060394116,0.02125421649566064,0.014763678947578863,89.10367331538815,-0.3984832363579344,-0.3984832363579344,-0.06894591932893422,-0.06894591932893422,1.0878697319022468e-14,1.0878697319022468e-14,1.9366790348621853e-23,1.9366790348621853e-23,-0.01090097879010745,-0.01090097879010745,0.25845197267941084,0.25845197267941084,-0.00178039426951169,-0.00178039426951169
27,9,sqp_full,sqp_full,,10,1,78,31.50816529202033,778.0934864069383,-700.5878025858707,-100.0200631677109,776.6569861657296,-704.5836980343358,-100.01775181672929,776.5820508413117,-704.7145527771235,-100.0127707048621,776.5820508413117,-704.7145527771235,-100.0127707048621,0.1507921302841082,0.15087437831206746,0.1507921302841082,0.15087437831206746,0.0,0.0,4.246258750718943,4.394827028455797,4.394827028455797,0.011108190981652413,0.029962588979112796,-0.12987209114000955,92.75975424522852,-0.3984832427110259,-0.3984832427110259,-0.06308833142506841,-0.06308833142506841,1.5733529036867654e-15,1.5733529036867654e-15,1.3992408357333712e-23,1.3992408357333712e-23,-0.0017688151307007783,-0.0017688151307007783,0.2208806827663818,0.2208806827663818,0.001063627658370082,0.001063627658370082
27,10,sqp_full,sqp_full,,10,0,78,31.50816529202033,778.0934864069383,-700.5878025858707,-100.0200631677109,776.672778944705,-704.5767379228574,-100.01893298768474,776.5802486619386,-704.7385678042367,-100.01233959932101,nan,nan,nan,0.18641556731142878,0.18653213263713203,nan,nan,nan,nan,4.234384821424123,4.418001852748433,nan,0.017298849221409188,nan,nan,nan,-0.3984832368978735,nan,-0.05736059784034094,nan,8.569059265565685e-16,nan,1.304491405876615e-23,nan,0.006524937592313589,nan,0.1875487773773505,nan,-0.001192414351684419,nan
27,11,sqp_full,sqp_full,,10,0,79,31.91220569606077,778.2314346000795,-700.2080409791434,-100.02032038780976,776.6682256898947,-704.5680282611629,-100.01971641862177,776.5579769029998,-704.7616594944857,-100.01316058859372,nan,nan,nan,0.2228179739829786,0.22291439710623454,nan,nan,nan,nan,4.631750338290343,4.851381478216551,nan,0.009859213976468042,nan,nan,nan,-0.3984832347389945,nan,-0.051759282892170244,nan,1.9549397431411935e-15,nan,1.1782908109046214e-23,nan,0.003706753365858832,nan,0.14681612517898904,nan,0.0008529735717321046,nan
27,12,sqp_full,sqp_full,,10,0,80,32.316246100101246,778.3693827932208,-699.8282793724162,-100.02057760790862,776.6810079121237,-704.5617649776009,-100.01829591186204,776.5523179822032,-704.7883504390187,-100.0124292363492,nan,nan,nan,0.2605802551783532,0.26064628765894315,nan,nan,nan,nan,5.025584116658529,5.2824264796762606,nan,0.014304955978409325,nan,nan,nan,-0.3984832368003933,nan,-0.04628083128419656,nan,2.1169374462002394e-15,nan,9.000755298908672e-24,nan,0.0061700360914838685,nan,0.10401684174047425,nan,-0.0009397067125584894,nan
27,13,sqp_full,sqp_full,,10,0,81,32.72028650414162,778.507330986362,-699.4485177656891,-100.02083482800748,776.6788672663217,-704.5562561271482,-100.01868046526991,776.5348790599975,-704.8106671418612,-100.01198698034162,nan,nan,nan,0.2923312640956722,0.29240788414175634,nan,nan,nan,nan,5.425151679411852,5.7134238888955995,nan,0.0059226412252540855,nan,nan,nan,-0.33415980553656394,nan,-0.02805893835140577,nan,2.2249747804785903e-15,nan,6.4286992230670906e-24,nan,0.003478173258254587,nan,0.06637272984434055,nan,0.00046320853659780677,nan
27,14,sqp_full,sqp_full,,10,0,82,33.12432690818206,778.6452791795032,-699.0687561589618,-100.02109204810634,776.6847599155881,-704.5562022241585,-100.01748025048981,776.5330337227548,-704.8246892486136,-100.01179391002663,nan,nan,nan,0.3083928012980172,0.3084452210041544,nan,nan,nan,nan,5.827151971814796,6.131259789154512,nan,0.006013878650791608,nan,nan,nan,-0.16814585360768874,nan,0.008511012887717335,nan,3.662274704892087e-15,nan,9.822922740825494e-25,nan,0.0014043094800125376,nan,0.03174821622331363,nan,-0.0005718050395425563,nan
28,0,sqp_full,sqp_full,,10,1,69,27.871801655656572,776.8519526686671,-704.0056570464156,-100.0177481868212,776.6142407952935,-704.6566796636134,-100.01176637597015,776.6163843126803,-704.6536098126728,-100.01623343572223,776.6163843126803,-704.6536098126728,-100.01623343572223,0.0037441489801436647,0.005828659744237604,0.0037441489801436647,0.005828659744237604,0.0,0.0,0.6930637653534746,0.6894456016558937,0.6894456016558937,0.06623065061749903,0.07003443922290904,1.0552092127079182,3.716040635942673,0.10150946416382088,0.10150946416382088,-0.4999864000702051,-0.4999864000702051,-7.298536514892447e-10,-7.298536514892447e-10,1.5334948614818913e-17,1.5334948614818913e-17,-0.09686451696284597,-0.09686451696284597,0.07247705108989334,0.07247705108989334,0.00018145962548037206,0.00018145962548037206
28,1,sqp_full,sqp_full,,10,1,70,28.275842059697048,776.9899008618085,-703.6258954396883,-100.01800540692004,776.6221587941278,-704.6474537329084,-100.01402647887964,776.6246241131745,-704.6438085294609,-100.01859638061772,776.6246241131745,-704.6438085294609,-100.01859638061772,0.0044006029332189864,0.006344234238392274,0.0044006029332189864,0.006344234238392274,0.0,0.0,1.0857327363530447,1.0814685207729358,1.0814685207729358,0.012366105614765985,0.01302086684375265,1.0528942646539992,0.5791412585569446,0.10151106563812837,0.10151106563812837,-0.019087257105876214,-0.019087257105876214,-6.206806325555356e-10,-6.206806325555356e-10,1.6856635717999034e-17,1.6856635717999034e-17,-0.06588874912477607,-0.06588874912477607,0.04185907422962129,0.04185907422962129,-0.00020945898475280834,-0.00020945898475280834
28,2,sqp_full,sqp_full,,10,1,71,28.679882463737382,777.1278490549496,-703.2461338329612,-100.0182626270189,776.6216592814254,-704.6470891193494,-100.01460147694755,776.6233791294125,-704.6445767659249,-100.02029384596094,776.6233791294125,-704.6445767659249,-100.02029384596094,0.0030446341041546034,0.00645545209979858,0.0030446341041546034,0.00645545209979858,0.0,0.0,1.4895985369485867,1.4866514529395862,1.4866514529395862,0.0008444399121819864,0.002240883848756147,nan,nan,0.10151328040393474,0.10151328040393474,0.07862867880032723,0.07862867880032723,-5.838804410553939e-10,-5.838804410553939e-10,1.730141214525228e-17,1.730141214525228e-17,-0.05216508483348081,-0.05216508483348081,0.01481431291058309,0.01481431291058309,8.627476992811701e-05,8.627476992811701e-05
28,3,sqp_full,sqp_full,,10,1,72,29.083922867777858,777.2657972480908,-702.8663722262339,-100.01851984711776,776.626753961628,-704.6452058167633,-100.01510071796585,776.6261864880908,-704.6466657842773,-100.02143383653586,776.6261864880908,-704.6466657842773,-100.02143383653586,0.0015663752286644993,0.006523949890887178,0.0015663752286644993,0.006523949890887178,0.0,0.0,1.8901389538256643,1.891704807077052,1.891704807077052,0.00545452441468473,0.0036803313622934294,0.3676233914703265,56.985916320326695,0.16584113437410997,0.16584113437410997,0.12463686124347692,0.12463686124347692,-5.176075782349954e-10,-5.176075782349954e-10,1.7440668193960485e-17,1.7440668193960485e-17,-0.03691592776481127,-0.03691592776481127,-0.006591773712360659,-0.006591773712360659,-0.00036931595438076956,-0.00036931595438076956
28,4,sqp_full,sqp_full,,10,1,73,29.48796327181823,777.4037454412321,-702.4866106195068,-100.01877706721662,776.6352173999366,-704.6386203099541,-100.0146245863379,776.6295902615284,-704.6491498321085,-100.0222359119914,776.6295902615284,-704.6491498321085,-100.0222359119914,0.011938824207742515,0.014158665250189646,0.011938824207742515,0.014158665250189646,0.0,0.0,2.28512167247983,2.2969310151378326,2.2969310151378326,0.01073430897939786,0.004289462935878272,0.10472534901368302,74.80687235556393,0.33185863393341797,0.33185863393341797,0.21941028175146068,0.21941028175146068,-4.439565634604548e-10,-4.439565634604548e-10,1.5974275569305173e-17,1.5974275569305173e-17,-0.0175258793809506,-0.0175258793809506,-0.02132986444085031,-0.02132986444085031,-0.0004347879022682322,-0.0004347879022682322
28,5,sqp_full,sqp_full,,10,1,74,29.892003675858668,777.5416936343734,-702.1068490127795,-100.01903428731548,776.6318420802585,-704.6306786629257,-100.01376674512449,776.6192801811262,-704.6534957232403,-100.0228223149387,776.6192801811262,-704.6534957232403,-100.0228223149387,0.026046488270174053,0.027575766460217963,0.026046488270174053,0.027575766460217963,0.0,0.0,2.6828242494584353,2.708552389493679,2.708552389493679,0.008671702947006005,0.01120394555699062,-0.0028824636292402632,90.12782630390244,0.331856166072133,0.331856166072133,0.22707374299633953,0.22707374299633953,-3.76612737715189e-10,-3.76612737715189e-10,1.470532545027416e-17,1.470532545027416e-17,-0.006161191989182869,-0.006161191989182869,-0.02568806347832966,-0.02568806347832966,0.0007686767719234807,0.0007686767719234807
28,6,sqp_full,sqp_full,,10,1,75,30.296044079899143,777.6796418275146,-701.7270874060523,-100.01929150741434,776.6447013470066,-704.6239326241013,-100.01536447668062,776.6222565876,-704.663924903874,-100.02368504522231,776.6222565876,-704.663924903874,-100.02368504522231,0.04586010974951677,0.04660881383488233,0.04586010974951677,0.04660881383488233,0.0,0.0,3.0761687235142885,3.12139040079912,3.12139040079912,0.014608987892568082,0.01087984869970645,-0.14385942132271276,101.13773344609224,0.3318581629489692,0.3318581629489692,0.23475814638996184,0.23475814638996184,-3.683464144198603e-10,-3.683464144198603e-10,1.388980184433271e-17,1.388980184433271e-17,-0.02026524789100684,-0.02026524789100684,-0.029351130868338585,-0.029351130868338585,-0.0008556195345402468,-0.0008556195345402468
28,7,sqp_full,sqp_full,,10,1,76,30.700084483939477,777.8175900206558,-701.3473257993252,-100.01954872751318,776.6392546718816,-704.6151137727272,-100.01737369728245,776.6051775263996,-704.6753612896515,-100.02423224185353,776.6051775263996,-704.6753612896515,-100.02423224185353,0.0692171592868167,0.06955612678528084,0.0692171592868167,0.06955612678528084,0.0,0.0,3.4737461670769774,3.542000039680962,3.542000039680962,0.01055819003905419,0.020561728411990797,-0.060392259473345686,91.77706534977662,0.33184775106298514,0.33184775106298514,0.24233848380183917,0.24233848380183917,-2.7549728365521286e-10,-2.7549728365521286e-10,1.2334265616474733e-17,1.2334265616474733e-17,-0.010758831894307461,-0.010758831894307461,-0.0306679538683346,-0.0306679538683346,0.0010070363427696612,0.0010070363427696612
28,8,sqp_full,sqp_full,,10,1,77,31.104124887979953,777.955538213797,-700.9675641925978,-100.01980594761204,776.6549957062316,-704.6083432257916,-100.01711531323518,776.6067718697078,-704.6930999772441,-100.02434594663593,776.6067718697078,-704.6930999772441,-100.02434594663593,0.09751535943558651,0.09778306287505933,0.09751535943558651,0.09778306287505933,0.0,0.0,3.8660939955628857,3.9621695488238515,3.9621695488238515,0.01713730522955803,0.01781055577092041,-0.32358704691790025,108.14092295688664,0.33184718008786596,0.33184718008786596,0.24993557571986222,0.24993557571986222,-1.976191719081093e-10,-1.976191719081093e-10,1.1001055492800689e-17,1.1001055492800689e-17,0.004979578085753681,0.004979578085753681,-0.03078257231724404,-0.03078257231724404,-0.0011385192225242177,-0.0011385192225242177
28,9,sqp_full,sqp_full,,10,1,78,31.50816529202033,778.0934864069383,-700.5878025858707,-100.0200631677109,776.6517229204127,-704.5995738437632,-100.01753258461075,776.5877923660929,-704.7117371643291,-100.02427040069288,776.5877923660929,-704.7117371643291,-100.02427040069288,0.12910354858020717,0.12927924977179617,0.12910354858020717,0.12927924977179617,0.0,0.0,4.262979072987701,4.39021080952182,4.39021080952182,0.009369487903610434,0.026600225696469977,-1.1545210096706755,113.99524706682537,0.3318589938327184,0.3318589938327184,0.25754326634167185,0.25754326634167185,-1.6870847187997397e-10,-1.6870847187997397e-10,9.445090433745176e-18,9.445090433745176e-18,0.005386217217070041,0.005386217217070041,-0.029115838230617738,-0.029115838230617738,0.0007878996212420529,0.0007878996212420529
28,10,sqp_full,sqp_full,,10,0,79,31.91220569606077,778.2314346000795,-700.2080409791434,-100.02032038780976,776.6643837336813,-704.5934515569995,-100.01749361052084,776.5833107314767,-704.7356157557588,-100.02447261404312,nan,nan,nan,0.163656625577223,0.16380536494720624,nan,nan,nan,nan,4.656981249076571,4.818220173892109,nan,0.014063431544931598,nan,nan,nan,0.33185480678550955,nan,0.2650590132279527,nan,-1.5213134952338966e-10,nan,7.526075501394141e-18,nan,0.0007870682434089236,nan,-0.02482797810462433,nan,-0.0008838230513827127,nan
28,11,sqp_full,sqp_full,,10,0,80,32.316246100101246,778.3693827932208,-699.8282793724162,-100.02057760790862,776.6621460171365,-704.5858161891348,-100.01754701818608,776.562655850547,-704.7605743736324,-100.02465932645818,nan,nan,nan,0.20109379974757144,0.2012195349012462,nan,nan,nan,nan,5.054583461774773,5.252789375598974,nan,0.007956699701743638,nan,nan,nan,0.331854100372222,nan,0.27257669246025973,nan,-1.2049778660074343e-10,nan,5.954114033304586e-18,nan,0.0008435255726444117,nan,-0.020987214594068975,nan,0.000622466502605472,nan
28,12,sqp_full,sqp_full,,10,0,80,32.316246100101246,778.3693827932208,-699.8282793724162,-100.02057760790862,776.6731092033112,-704.5795993782417,-100.01769351669202,776.5538246985104,-704.7897262216043,-100.0245000127375,nan,nan,nan,0.24162384689247782,0.24171969670578503,nan,nan,nan,nan,5.0450357669279,5.28320035892892,nan,0.012604033108305886,nan,nan,nan,0.331864716384766,nan,0.2800888500188624,nan,-8.415002846595632e-11,nan,4.307992508219491e-18,nan,0.0014974735859198778,nan,-0.016249951230446532,nan,-0.0007212725070155333,nan
28,13,sqp_full,sqp_full,,10,0,81,32.72028650414162,778.507330986362,-699.4485177656891,-100.02083482800748,776.6728681645311,-704.5751206953156,-100.01760214090638,776.5379943714939,-704.8133813058391,-100.02495298934828,nan,nan,nan,0.27378652007591847,0.27388518314815263,nan,nan,nan,nan,5.444934475522667,5.714896981319248,nan,0.004486095181791618,nan,nan,nan,0.2427907731176293,nan,0.22458838539838652,nan,-5.021005621559359e-11,nan,2.7316128897740765e-18,nan,0.0010605076688430374,nan,-0.01102325268299028,nan,0.00026318094162576733,nan
28,14,sqp_full,sqp_full,,10,0,82,33.12432690818206,778.6452791795032,-699.0687561589618,-100.02109204810634,776.677624685316,-704.5747826624855,-100.01815582393527,776.5340683645469,-704.8286886293487,-100.02490774719773,nan,nan,nan,0.2916790311994935,0.2917571690793855,nan,nan,nan,nan,5.847049860057707,6.134658357936943,nan,0.004800554245914474,nan,nan,nan,0.10858874124630363,nan,0.13413440135616567,nan,-2.4941688403176857e-11,nan,1.3507965690904938e-18,nan,-4.4899482139706426e-05,nan,-0.005808210449377363,nan,-0.00043056961192861493,nan
29,0,sqp_full,sqp_full,,10,1,69,27.871801655656572,776.8519526686671,-704.0056570464156,-100.0177481868212,776.6168760400745,-704.6636035005436,-100.0294459619244,776.6172946037489,-704.6632290293028,-100.02026507477393,776.6172946037489,-704.6632290293028,-100.02026507477393,0.0005616264413336015,0.00919804941980191,0.0005616264413336015,0.00919804941980191,0.0,0.0,0.6986805835358725,0.6981871669612527,0.6981871669612527,0.056475624084670474,0.05691628788104781,0.9945702390805947,9.294947380697462,0.4999999740532972,0.4999999740532972,-0.23494089552801614,-0.23494089552801614,4.42704468448356e-15,4.42704468448356e-15,-1.060888416908222e-26,-1.060888416908222e-26,0.1469694959819815,0.1469694959819815,0.31331324269373173,0.31331324269373173,-1.1134725164531781e-05,-1.1134725164531781e-05
29,1,sqp_full,sqp_full,,10,1,70,28.275842059697048,776.9899008618085,-703.6258954396883,-100.01800540692004,776.6271575196454,-704.6294858884714,-100.02536109784256,776.6309828812925,-704.6248391539342,-100.01564177081268,776.6309828812925,-704.6248391539342,-100.01564177081268,0.006018765121680423,0.011432009950298567,0.006018765121680423,0.011432009950298567,0.0,0.0,1.067134724939729,1.061466278771511,1.061466278771511,0.03586650791810614,0.04101861056205661,1.142245716973257,2.83622139200557,0.1289249618684955,0.1289249618684955,-0.22742323133622844,-0.22742323133622844,3.774508892073514e-16,3.774508892073514e-16,9.635374532742907e-24,9.635374532742907e-24,0.12242201376054647,0.12242201376054647,0.3476851853704119,0.3476851853704119,0.0009454229875367076,0.0009454229875367076
29,2,sqp_full,sqp_full,,10,1,71,28.679882463737382,777.1278490549496,-703.2461338329612,-100.0182626270189,776.6281601151877,-704.6261093932769,-100.02423105357128,776.6306271627418,-704.6235715096457,-100.01364287382813,776.6306271627418,-704.6235715096457,-100.01364287382813,0.0035393752216409426,0.011164082014790131,0.0035393752216409426,0.011164082014790131,0.0,0.0,1.4676585378040496,1.4644330518124624,1.4644330518124624,0.0036990428051968003,0.0023935427475645916,0.45183309937607025,45.71126601022735,-0.16813529704201804,-0.16813529704201804,-0.040941527740291125,-0.040941527740291125,-4.79213833467064e-15,-4.79213833467064e-15,1.48377189156017e-23,1.48377189156017e-23,0.05002471566847171,0.05002471566847171,0.3786185473007629,0.3786185473007629,9.22192358483706e-05,9.22192358483706e-05
29,3,sqp_full,sqp_full,,10,1,72,29.083922867777858,777.2657972480908,-702.8663722262339,-100.01851984711776,776.6353327921634,-704.624169867769,-100.02164979658161,776.6348236180258,-704.6264119796506,-100.01227745212009,776.6348236180258,-704.6264119796506,-100.01227745212009,0.00229920072893473,0.009650241691137207,0.00229920072893473,0.009650241691137207,0.0,0.0,1.8674415596677107,1.8697239516689093,1.8697239516689093,0.00786587196939905,0.005248131404640112,0.45440885897486616,47.07302886798805,-0.2572092219075194,-0.2572092219075194,-0.04923553914507653,-0.04923553914507653,-1.3802516641356176e-14,-1.3802516641356176e-14,2.892287909270735e-23,2.892287909270735e-23,0.0438711795869188,0.0438711795869188,0.36563312429811046,0.36563312429811046,-0.0005959708605472827,-0.0005959708605472827
29,4,sqp_full,sqp_full,,10,1,73,29.48796327181823,777.4037454412321,-702.4866106195068,-100.01877706721662,776.6454178010387,-704.6174657689302,-100.01975818688217,776.6375310701069,-704.6321579282064,-100.0116929384536,776.6375310701069,-704.6321579282064,-100.0116929384536,0.01667513325254871,0.018523182804389245,0.01667513325254871,0.018523182804389245,0.0,0.0,2.2617702088641507,2.2782576053614148,2.2782576053614148,0.012256856550996533,0.006378705025638998,-0.06730360921995443,97.43063057787676,-0.39141125657033177,-0.39141125657033177,-0.08498211922851164,-0.08498211922851164,-2.5679605439150503e-14,-2.5679605439150503e-14,3.4780529191681684e-23,3.4780529191681684e-23,0.013031318185389522,0.013031318185389522,0.3651857075993501,0.3651857075993501,-0.0006340116325392366,-0.0006340116325392366
29,5,sqp_full,sqp_full,,10,1,74,29.892003675858668,777.5416936343734,-702.1068490127795,-100.01903428731548,776.6335067139843,-704.608338324518,-100.0180054936409,776.6164658641188,-704.638582556823,-100.01087507822382,776.6164658641188,-704.638582556823,-100.01087507822382,0.03471461006352688,0.035439342204433004,0.03471461006352688,0.035439342204433004,0.0,0.0,2.6612501308797394,2.6955001697060825,2.6955001697060825,0.015108149122708345,0.022038322339477296,0.8486189878101519,54.42542006403669,-0.3914112658339615,-0.3914112658339615,-0.07837934023441445,-0.07837934023441445,-1.5443171736863055e-14,-1.5443171736863055e-14,2.4846976756153766e-23,2.4846976756153766e-23,-0.002417479940486272,-0.002417479940486272,0.3434169899532672,0.3434169899532672,0.001601424493154198,0.001601424493154198
29,6,sqp_full,sqp_full,,10,1,75,30.296044079899143,777.6796418275146,-701.7270874060523,-100.01929150741434,776.655793345717,-704.6019787578533,-100.01710275687776,776.6262932717661,-704.6531036384347,-100.01160084764263,776.6262932717661,-704.6531036384347,-100.01160084764263,0.05902548413662452,0.059281352740930215,0.05902548413662452,0.059281352740930215,0.0,0.0,3.0517644074108796,3.1098415027236976,3.1098415027236976,0.023193813309088533,0.01754897414342414,0.23425253786364544,71.96471151689306,-0.39141125179906694,-0.39141125179906694,-0.07193007678558379,-0.07193007678558379,-1.9134221960360692e-14,-1.9134221960360692e-14,3.357846094172174e-23,3.357846094172174e-23,-0.004387317420618536,-0.004387317420618536,0.3308188068860371,0.3308188068860371,-0.0018295058943791239,-0.0018295058943791239
29,7,sqp_full,sqp_full,,10,1,76,30.700084483939477,777.8175900206558,-701.3473257993252,-100.01954872751318,776.6483152512051,-704.5927264686401,-100.01594831325836,776.6053902458831,-704.6666626847208,-100.01117697920314,776.6053902458831,-704.6666626847208,-100.01117697920314,0.08549339231904195,0.08562643142677424,0.08549339231904195,0.08562643142677424,0.0,0.0,3.4496128755070914,3.533755177245182,3.533755177245182,0.011952384418404837,0.024919147090365038,0.21945981285375632,83.95767173621809,-0.3914112587580826,-0.3914112587580826,-0.06563032834910942,-0.06563032834910942,-1.9631110721465195e-14,-1.9631110721465195e-14,3.0107477782514953e-23,3.0107477782514953e-23,-0.0048707383862576035,-0.0048707383862576035,0.2987539292174591,0.2987539292174591,0.0011788908502417274,0.0011788908502417274
29,8,sqp_full,sqp_full,,10,1,77,31.104124887979953,777.955538213797,-700.9675641925978,-100.01980594761204,776.6654470546662,-704.5862019401735,-100.01793841721043,776.6072229786058,-704.6862768475578,-100.01180268468484,776.6072229786058,-704.6862768475578,-100.01180268468484,0.11578009380311248,0.11594256049735677,0.11578009380311248,0.11594256049735677,0.0,0.0,3.841728041786254,3.955600811963692,3.955600811963692,0.01843986646601698,0.01970953577282602,-0.2803584960685426,105.20646539882631,-0.3914112625992956,-0.3914112625992956,-0.0594754422613116,-0.0594754422613116,-1.701911409994656e-14,-1.701911409994656e-14,2.112464852576538e-23,2.112464852576538e-23,-0.011605155625553438,-0.011605155625553438,0.2636487030967445,0.2636487030967445,-0.001335109545060028,-0.001335109545060028
29,9,sqp_full,sqp_full,,10,1,78,31.50816529202033,778.0934864069383,-700.5878025858707,-100.0200631677109,776.6581107804263,-704.5773888162767,-100.01723101952557,776.583964466451,-704.7050665374358,-100.01176331452973,776.583964466451,-704.7050665374358,-100.01176331452973,0.14764578001602294,0.14774698695561095,0.14764578001602294,0.14774698695561095,0.0,0.0,4.239941211742097,4.385261558410182,4.385261558410182,0.011488798197773065,0.02990003985583346,0.03835679807592503,89.15553134059088,-0.39141125679710664,-0.39141125679710664,-0.05346127056994128,-0.05346127056994128,-1.1111423766092678e-14,-1.1111423766092678e-14,2.2101748839683548e-23,2.2101748839683548e-23,-0.013949105567079933,-0.013949105567079933,0.22540157023772028,0.22540157023772028,0.0011303653200382797,0.0011303653200382797
29,10,sqp_full,sqp_full,,10,0,79,31.91220569606077,778.2314346000795,-700.2080409791434,-100.02032038780976,776.6744671991538,-704.5715205394723,-100.01730430959041,776.583034684812,-704.7292110258012,-100.01158091956319,nan,nan,nan,0.18228053696838487,0.18237036862079975,nan,nan,nan,nan,4.632936580717828,4.812296839498678,nan,0.01737741285900568,nan,nan,nan,-0.3914112591717991,nan,-0.0475839715220973,nan,-6.664414004195024e-15,nan,2.1174837902299646e-23,nan,-0.013152160367970234,nan,0.18353203457587758,nan,-0.001298972336596811,nan
29,11,sqp_full,sqp_full,,10,0,80,32.316246100101246,778.3693827932208,-699.8282793724162,-100.02057760790862,776.6687024292795,-704.5636553482282,-100.01766141354166,776.5600320599827,-704.7518832038079,-100.01238622772212,nan,nan,nan,0.2173452892961959,0.21740929686809105,nan,nan,nan,nan,5.031510641208308,5.2455337921286835,nan,0.009758141638780428,nan,nan,nan,-0.3914112594986996,nan,-0.04183948062990783,nan,-3.2424465836676395e-15,nan,1.5733984295132266e-23,nan,-0.012790149800334744,nan,0.1436822259574217,nan,0.0009279620294354842,nan
29,12,sqp_full,sqp_full,,10,0,81,32.72028650414162,778.507330986362,-699.4485177656891,-100.02083482800748,776.6821644052415,-704.5585162183954,-100.01613300427145,776.5554052559069,-704.7786566066831,-100.01299534621349,nan,nan,nan,0.2540269129353561,0.2540462898637879,nan,nan,nan,nan,5.426169665196676,5.676301095034141,nan,0.014490392925427356,nan,nan,nan,-0.3914112569005489,nan,-0.03622406021058085,nan,2.3143767558600783e-16,nan,9.852656635158479e-24,nan,-0.00795587964713731,nan,0.10175671543020084,nan,-0.0010561963700382161,nan
29,13,sqp_full,sqp_full,,10,0,81,32.72028650414162,778.507330986362,-699.4485177656891,-100.02083482800748,776.6787331237164,-704.5536808163891,-100.01376531622915,776.5374654837581,-704.8003655215607,-100.01245722696555,nan,nan,nan,0.28427080375052666,0.28427381336045005,nan,nan,nan,nan,5.422772346088818,5.702862833733369,nan,0.006384414783796497,nan,nan,nan,-0.3259184246674323,nan,-0.018883985547787734,nan,1.0978619226443313e-16,nan,7.275329476148018e-24,nan,-0.006659433571342817,nan,0.06496145938959923,nan,0.000553295074209216,nan
29,14,sqp_full,sqp_full,,10,0,82,33.12432690818206,778.6452791795032,-699.0687561589618,-100.02109204810634,776.6866446114033,-704.5535431573561,-100.01612579539028,776.5371718473871,-704.8150157183071,-100.01238799618855,nan,nan,nan,0.3011810208378345,0.3012042138745613,nan,nan,nan,nan,5.824013889845306,6.120752849698224,nan,0.00825726645439295,nan,nan,nan,-0.17182242452780702,nan,0.012489291872658216,nan,9.679215279883815e-16,nan,4.759678270954547e-24,nan,-0.00322435875575558,nan,0.03259314698371428,nan,-0.0007588387234519741,nan
30,0,sqp_full,sqp_full,,10,1,69,27.871801655656572,776.8519526686671,-704.0056570464156,-100.0177481868212,776.6055535704219,-704.6820264990312,-100.0075441940381,776.6067489063693,-704.6802440881183,-100.00934774870147,776.6067489063693,-704.6802440881183,-100.00934774870147,0.002146116653204332,0.002803324118418749,0.002146116653204332,0.002803324118418749,0.0,0.0,0.7198528683331802,0.7177691563993981,0.7177691563993981,0.03185488593101585,0.03378046256017981,1.0584031358432338,3.559070019864675,0.10858874073390945,0.10858874073390945,-0.1702218429936051,-0.1702218429936051,5.123880462887725e-15,5.123880462887725e-15,-4.3577950556929774e-23,-4.3577950556929774e-23,0.09132245405525992,0.09132245405525992,0.07615560922822823,0.07615560922822823,-0.000771090772006632,-0.000771090772006632
30,1,sqp_full,sqp_full,,10,1,70,28.275842059697048,776.9899008618085,-703.6258954396883,-100.01800540692004,776.6256702621679,-704.6343128546048,-100.02327913471892,776.6264805769647,-704.6343642750602,-100.00809658718524,776.6264805769647,-704.6343642750602,-100.00809658718524,0.0008119446614024572,0.015204242952079568,0.0008119446614024572,0.015204242952079568,0.0,0.0,1.072179841454412,1.0719532150948434,1.0719532150948434,0.054118957025048965,0.049958597617197224,0.8762251342581939,18.342230991511535,0.10858874054485892,0.10858874054485892,-0.331925221657129,-0.331925221657129,5.3191090285118864e-15,5.3191090285118864e-15,-5.54886219034673e-23,-5.54886219034673e-23,0.04427451980242566,0.04427451980242566,0.04706582454623081,0.04706582454623081,0.0007606438055904387,0.0007606438055904387
30,2,sqp_full,sqp_full,,10,1,71,28.679882463737382,777.1278490549496,-703.2461338329612,-100.0182626270189,776.6291262706958,-704.6328816242386,-100.0219071645828,776.6283823708957,-704.6355721476324,-100.00531355597194,776.6283823708957,-704.6355721476324,-100.00531355597194,0.0027914696926288995,0.016826768845368087,0.0027914696926288995,0.016826768845368087,0.0,0.0,1.4737007335774583,1.476484269728639,1.476484269728639,0.003984308893686051,0.0035806478521138775,0.5456543040185481,52.614978485992076,0.10858874400620835,0.10858874400620835,0.07951533793466826,0.07951533793466826,3.285192856034205e-15,3.285192856034205e-15,-5.519770964849146e-23,-5.519770964849146e-23,0.09204135363493383,0.09204135363493383,0.01838449933423383,0.01838449933423383,-0.00023828856627508072,-0.00023828856627508072
30,3,sqp_full,sqp_full,,10,1,72,29.083922867777858,777.2657972480908,-702.8663722262339,-100.01851984711776,776.63319650377,-704.6293597270387,-100.02264851861194,776.6291615805236,-704.6374600114457,-100.00402742695285,776.6291615805236,-704.6374600114457,-100.00402742695285,0.009049597398616716,0.020703629335310416,0.009049597398616716,0.020703629335310416,0.0,0.0,1.8730479517912306,1.8820353121408122,1.8820353121408122,0.005433246079623896,0.002413571062862835,-0.15009315546111254,109.74765521999724,0.17408157372282795,0.17408157372282795,0.12401177652830823,0.12401177652830823,1.5207384357139197e-15,1.5207384357139197e-15,-5.383172091206469e-23,-5.383172091206469e-23,0.043522653598610024,0.043522653598610024,-0.003519035940150443,-0.003519035940150443,-0.0001650409696074564,-0.0001650409696074564
30,4,sqp_full,sqp_full,,10,1,73,29.48796327181823,777.4037454412321,-702.4866106195068,-100.01877706721662,776.6406734915672,-704.6233206343018,-100.0199552139823,776.6317890645388,-704.6401294156747,-99.99993961881067,776.6317890645388,-704.6401294156747,-99.99993961881067,0.01901231639923372,0.027606017911666413,0.01901231639923372,0.027606017911666413,0.0,0.0,2.268878244351307,2.287697500319016,2.287697500319016,0.009981476716026267,0.005544327424930665,0.14588594501891608,74.77328521057171,0.32817757588957897,0.32817757588957897,0.20827890909893174,0.20827890909893174,4.732590116743295e-16,4.732590116743295e-16,-4.717509467355663e-23,-4.717509467355663e-23,0.06836663680056208,0.06836663680056208,-0.018059013782510975,-0.018059013782510975,-0.0003665652290636924,-0.0003665652290636924
30,5,sqp_full,sqp_full,,10,1,74,29.892003675858668,777.5416936343734,-702.1068490127795,-100.01903428731548,776.6342594019794,-704.6156670015102,-100.0176493249511,776.6184442780592,-704.6444956973423,-99.99970620951927,776.6184442780592,-704.6444956973423,-99.99970620951927,0.03288178596110491,0.03745887397388835,0.03288178596110491,0.03745887397388835,0.0,0.0,2.6678839155216494,2.7003777642409736,2.7003777642409736,0.010248695740051368,0.014042870849140054,0.5018762485470006,68.51382332773224,0.32817757688380633,0.32817757688380633,0.21589956472681224,0.21589956472681224,-8.616461184562804e-16,-8.616461184562804e-16,-4.3174581030794466e-23,-4.3174581030794466e-23,0.05507135661071812,0.05507135661071812,-0.022804630401572948,-0.022804630401572948,0.001046992144048124,0.001046992144048124
30,6,sqp_full,sqp_full,,10,1,75,30.296044079899143,777.6796418275146,-701.7270874060523,-100.01929150741434,776.6504015435863,-704.6091523480933,-100.0180706746855,776.6245002127142,-704.6552952442443,-99.99923354481676,776.6245002127142,-704.6552952442443,-99.99923354481676,0.05291545904694903,0.05616834756196264,0.05291545904694903,0.05616834756196264,0.0,0.0,3.060332317282327,3.112511039487693,3.112511039487693,0.01741226522886282,0.012390640409419652,0.08971787790997611,82.75696666984011,0.32817757414343784,0.32817757414343784,0.22348577848435144,0.22348577848435144,-9.816757936877892e-16,-9.816757936877892e-16,-4.067476550698246e-23,-4.067476550698246e-23,0.026974672621293147,0.026974672621293147,-0.0279366287637636,-0.0279366287637636,-0.0011770303071133247,-0.0011770303071133247
30,7,sqp_full,sqp_full,,10,1,76,30.700084483939477,777.8175900206558,-701.3473257993252,-100.01954872751318,776.6465651974884,-704.6006255622427,-100.0187731328364,776.6090164821284,-704.6669768188651,-99.99812116252541,776.6090164821284,-704.6669768188651,-99.99812116252541,0.0762390666297424,0.07898670241439701,0.0762390666297424,0.07898670241439701,0.0,0.0,3.4576377028071446,3.5328080742607275,3.5328080742607275,0.009376410602088001,0.019427879267723963,-0.4661976916303112,103.00284227530067,0.32817757643349427,0.32817757643349427,0.23103786376074212,0.23103786376074212,-9.813316486584977e-17,-9.813316486584977e-17,-3.666477171788702e-23,-3.666477171788702e-23,0.025263400389063335,0.025263400389063335,-0.029597350347098476,-0.029597350347098476,0.0008416461458517978,0.0008416461458517978
30,8,sqp_full,sqp_full,,10,1,77,31.104124887979953,777.955538213797,-700.9675641925978,-100.01980594761204,776.6599954150538,-704.5943898891948,-100.01915923318128,776.6087474425674,-704.6842683442391,-99.99727068204056,776.6087474425674,-704.6842683442391,-99.99727068204056,0.10346251188288966,0.10575254151157477,0.10346251188288966,0.10575254151157477,0.0,0.0,3.8512719686969583,3.953193029981721,3.953193029981721,0.014812273143936185,0.01731451844829078,-0.5094082917410343,115.83557627264548,0.32817757507375295,0.32817757507375295,0.2385560572013466,0.2385560572013466,2.141165639996691e-16,2.141165639996691e-16,-3.159146276984642e-23,-3.159146276984642e-23,0.024814057642353532,0.024814057642353532,-0.028715194676661764,-0.028715194676661764,-0.0009419039153091934,-0.0009419039153091934
30,9,sqp_full,sqp_full,,10,1,78,31.50816529202033,778.0934864069383,-700.5878025858707,-100.0200631677109,776.6571544861696,-704.5864009589072,-100.0197558175645,776.5906250807977,-704.702763786233,-99.9964855592582,776.5906250807977,-704.702763786233,-99.9964855592582,0.13403905909244745,0.13604401598023522,0.13403905909244745,0.13604401598023522,0.0,0.0,4.248745501376787,4.38081018147289,4.38081018147289,0.008499988058265151,0.025905941180472587,-1.3390051148368456,116.06180591586964,0.3281775743445262,0.3281775743445262,0.24604066934644347,0.24604066934644347,5.70182429731364e-17,5.70182429731364e-17,-2.6854315302885904e-23,-2.6854315302885904e-23,0.020242092485127313,0.020242092485127313,-0.027410558244473113,-0.027410558244473113,0.0007078960555317395,0.0007078960555317395
30,10,sqp_full,sqp_full,,10,0,79,31.91220569606077,778.2314346000795,-700.2080409791434,-100.02032038780976,776.6690688028486,-704.5810719250521,-100.02009910810655,776.5858815075896,-704.7262646840861,-99.99545084857706,nan,nan,nan,0.16733518269755052,0.1691407699706235,nan,nan,nan,nan,4.643747036416993,4.808553881169365,nan,0.013056316178595836,nan,nan,nan,0.3281775757073935,nan,0.25349198244157745,nan,3.523735874589749e-16,nan,-2.164471642058688e-23,nan,0.018306713289851357,nan,-0.023753847637437205,nan,-0.0008450036493783381,nan
30,11,sqp_full,sqp_full,,10,0,80,32.316246100101246,778.3693827932208,-699.8282793724162,-100.02057760790862,776.6663345473381,-704.5741877483019,-100.0204188252109,776.5652452122108,-704.7507717933573,-99.99471297619768,nan,nan,nan,0.2034723043674593,0.20508966165580983,nan,nan,nan,nan,5.042223680094554,5.242694349800982,nan,0.007414193263733017,nan,nan,nan,0.3281775770117815,nan,0.26091028100672303,nan,4.852745726763632e-16,nan,-1.7395695032744654e-23,nan,0.01176596991698008,nan,-0.020168448532095175,nan,0.0006374392109769673,nan
30,12,sqp_full,sqp_full,,10,0,81,32.72028650414162,778.507330986362,-699.4485177656891,-100.02083482800748,776.6771878172589,-704.5680280413702,-100.01974622878993,776.5564808999321,-704.7793991483035,-99.99422220388794,nan,nan,nan,0.24340892493236116,0.244743499574401,nan,nan,nan,nan,5.436801401763688,5.67662860994344,nan,0.012497513488845242,nan,nan,nan,0.32817757615913157,nan,0.2682958518056756,nan,3.3889090281206894e-16,nan,-1.2970624749198804e-23,nan,0.008762985233908659,nan,-0.016209568915191524,nan,-0.000707993800555756,nan
30,13,sqp_full,sqp_full,,10,0,82,33.12432690818206,778.6452791795032,-699.0687561589618,-100.02109204810634,776.6766190564733,-704.5632103893058,-100.01900316993928,776.5398920372834,-704.8032845808838,-99.99359545971762,nan,nan,nan,0.27627865505394006,0.27744449350657757,nan,nan,nan,nan,5.83649295119536,6.10880276653749,nan,0.004907687510455588,nan,nan,nan,0.24908802551355394,nan,0.2219983183428708,nan,1.9458721521434542e-16,nan,-8.307242697113355e-24,nan,0.003663607726720903,nan,-0.011024506898695446,nan,0.00031554616288678467,nan
30,14,sqp_full,sqp_full,,10,0,82,33.12432690818206,778.6452791795032,-699.0687561589618,-100.02109204810634,776.6814761887335,-704.5637929836469,-100.01758107009445,776.5366874181926,-704.8183850202729,-99.9935035526155,nan,nan,nan,0.29288375371150493,0.29387177482039867,nan,nan,nan,nan,5.8354050323179285,6.124082891232699,nan,0.005094459532447818,nan,nan,nan,0.10515199688582161,nan,0.12872349857312515,nan,1.0902120207655412e-16,nan,-3.939647612763059e-24,nan,-5.980702895713403e-05,nan,-0.005537165645624249,nan,-0.0004937929705866217,nan
31,0,sqp_full,sqp_full,,10,1,69,27.871801655656572,776.8519526686671,-704.0056570464156,-100.0177481868212,776.6175788389102,-704.6532676037548,-100.00841531246408,776.6183657143393,-704.6529217343765,-100.00098370321646,776.6183657143393,-704.6529217343765,-100.00098370321646,0.0008595339249030713,0.0074811506185526585,0.0008595339249030713,0.0074811506185526585,0.0,0.0,0.6887165789003081,0.688123856230218,0.688123856230218,0.057608125883911086,0.05721893202114212,0.9848347670737593,7.461011109748651,0.4999999969471812,0.4999999969471812,-0.2465080074153981,-0.2465080074153981,1.6961664908532223e-14,1.6961664908532223e-14,1.1003130837081139e-23,1.1003130837081139e-23,-0.1417345168795308,-0.1417345168795308,0.31776894803780215,0.31776894803780215,0.00024730689042226704,0.00024730689042226704
31,1,sqp_full,sqp_full,,10,1,70,28.275842059697048,776.9899008618085,-703.6258954396883,-100.01800540692004,776.6267494102093,-704.6200820740311,-100.01369829989898,776.6317053435296,-704.614628825221,-100.00309722985408,776.6317053435296,-704.614628825221,-100.00309722985408,0.007368798929245303,0.012910533829261679,0.007368798929245303,0.012910533829261679,0.0,0.0,1.0584356573284144,1.0516167253243338,1.0516167253243338,0.034832294171297545,0.040604920802379034,1.157406485613018,6.849428538319493,0.11986184241019068,0.11986184241019068,-0.22674508775906763,-0.22674508775906763,2.347814184208743e-14,2.347814184208743e-14,1.8556433467681745e-23,1.8556433467681745e-23,-0.06038627289160506,-0.06038627289160506,0.3422844139877469,0.3422844139877469,0.0009904966800559501,0.0009904966800559501
31,2,sqp_full,sqp_full,,10,1,71,28.679882463737382,777.1278490549496,-703.2461338329612,-100.0182626270189,776.6368946094523,-704.619745950731,-100.01369741029032,776.6407925358681,-704.6156518920152,-100.00343968490807,776.6407925358681,-704.6156518920152,-100.00343968490807,0.005652888386666689,0.011712219137702392,0.005652888386666689,0.011712219137702392,0.0,0.0,1.4587139944614886,1.4535486805933628,1.4535486805933628,0.010150765850167236,0.009151011185993733,0.8913910731283621,8.592402963909112,-0.17182242581804502,-0.17182242581804502,-0.03306956854420692,-0.03306956854420692,2.752200141586952e-14,2.752200141586952e-14,2.2870410149705414e-23,2.2870410149705414e-23,-0.005395188649064702,-0.005395188649064702,0.36334578111778065,0.36334578111778065,-0.0009477716140386682,-0.0009477716140386682
31,3,sqp_full,sqp_full,,10,1,72,29.083922867777858,777.2657972480908,-702.8663722262339,-100.01851984711776,776.6353536834777,-704.6146897174318,-100.01483548489011,776.6353874992598,-704.6169334007582,-100.00342495130803,776.6353874992598,-704.6169334007582,-100.00342495130803,0.0022439381399829766,0.011629081434216346,0.0022439381399829766,0.011629081434216346,0.0,0.0,1.8585136906115427,1.8606130379992742,1.8606130379992742,0.0054069549499285285,0.005554898961663999,0.06267747715191604,86.50231654680954,-0.2509119690940682,-0.2509119690940682,-0.04344833433527928,-0.04344833433527928,3.189260183048514e-14,3.189260183048514e-14,4.253098661297957e-23,4.253098661297957e-23,-0.0012632378624941611,-0.0012632378624941611,0.3922746824558694,0.3922746824558694,0.00041525634639672903,0.00041525634639672903
31,4,sqp_full,sqp_full,,10,1,73,29.48796327181823,777.4037454412321,-702.4866106195068,-100.01877706721662,776.6488470687507,-704.6072883033466,-100.01743261125766,776.6408411251739,-704.6230388657833,-100.00372550612187,776.6408411251739,-704.6230388657833,-100.00372550612187,0.017668484644407945,0.022362023182916566,0.017668484644407945,0.022362023182916566,0.0,0.0,2.251032072519493,2.268556511737981,2.268556511737981,0.015607608463666996,0.008192012694148416,0.11978524633574843,76.80784471872936,-0.3948480031729584,-0.3948480031729584,-0.07968693311074125,-0.07968693311074125,3.024581877858371e-14,3.024581877858371e-14,4.004755176469555e-23,4.004755176469555e-23,-0.000912516874142063,-0.000912516874142063,0.3782433439277467,0.3782433439277467,-0.0009235030217581306,-0.0009235030217581306
31,5,sqp_full,sqp_full,,10,1,74,29.892003675858668,777.5416936343734,-702.1068490127795,-100.01903428731548,776.6429459897088,-704.5978586573265,-100.01912605721539,776.6250475593184,-704.6302772928896,-100.0036169218249,776.6250475593184,-704.6302772928896,-100.0036169218249,0.03703136160346346,0.040147914301579046,0.03703136160346346,0.040147914301579046,0.0,0.0,2.648183599755896,2.6847588926703345,2.6847588926703345,0.01125205390745614,0.017373639225888228,0.19555836308401597,82.72374322596242,-0.39484799963686096,-0.39484799963686096,-0.07340622939090737,-0.07340622939090737,4.007615073744953e-14,4.007615073744953e-14,4.375181920647535e-23,4.375181920647535e-23,0.002224278950534941,0.002224278950534941,0.3552637139213739,0.3552637139213739,0.001041168234476427,0.001041168234476427
31,6,sqp_full,sqp_full,,10,1,75,30.296044079899143,777.6796418275146,-701.7270874060523,-100.01929150741434,776.6589354914566,-704.5905219036862,-100.01829811684678,776.6287456736799,-704.6437099390022,-100.00277653167448,776.6287456736799,-704.6437099390022,-100.00277653167448,0.06115874588446976,0.06309763707478912,0.06115874588446976,0.06309763707478912,0.0,0.0,3.03991752301095,3.10017253162716,3.10017253162716,0.017611859793247975,0.013957732159032111,-0.1248485242523181,99.06377852387399,-0.39484801202134745,-0.39484801202134745,-0.06726547980834831,-0.06726547980834831,3.542077318139981e-14,3.542077318139981e-14,2.6316320283465833e-23,2.6316320283465833e-23,0.027119744953557446,0.027119744953557446,0.33470281273731145,0.33470281273731145,-0.0011754155856920955,-0.0011754155856920955
31,7,sqp_full,sqp_full,,10,1,76,30.700084483939477,777.8175900206558,-701.3473257993252,-100.01954872751318,776.6492580050653,-704.5804410920335,-100.01770486795583,776.6053623576851,-704.6569178525775,-100.00182303086184,776.6053623576851,-704.6569178525775,-100.00182303086184,0.08817892470561894,0.08959774278250064,0.08817892470561894,0.08959774278250064,0.0,0.0,3.4377367837864807,3.524612810767023,3.524612810767023,0.013986724086637146,0.02687261825220803,0.4790248873307818,75.56248583026388,-0.3948480032290871,-0.3948480032290871,-0.061260307056299874,-0.061260307056299874,3.299626364351259e-14,3.299626364351259e-14,2.9337773611968355e-23,2.9337773611968355e-23,0.02320497879463813,0.02320497879463813,0.3018716465788629,0.3018716465788629,0.001430378849715511,0.001430378849715511
31,8,sqp_full,sqp_full,,10,1,77,31.104124887979953,777.955538213797,-700.9675641925978,-100.01980594761204,776.6695754586563,-704.5741204703619,-100.01735683108426,776.6101289667116,-704.6769443308146,-100.00133726987258,776.6101289667116,-704.6769443308146,-100.00133726987258,0.11877134201021479,0.1198468106556123,0.11877134201021479,0.1198468106556123,0.0,0.0,3.8289617903928987,3.945836673246852,3.945836673246852,0.021280749714168583,0.020591657435254103,-0.06528441230128637,93.86863532178938,-0.39484799511334084,-0.39484799511334084,-0.05538721396247057,-0.05538721396247057,3.1293486984578825e-14,3.1293486984578825e-14,3.9363863679464477e-23,3.9363863679464477e-23,0.014776957971773162,0.014776957971773162,0.26290777339040927,0.26290777339040927,-0.0016436140822174334,-0.0016436140822174334
31,9,sqp_full,sqp_full,,10,1,78,31.50816529202033,778.0934864069383,-700.5878025858707,-100.0200631677109,776.6612904564046,-704.5650514748286,-100.0183418957473,776.5855736514205,-704.6957006912343,-100.00099282063205,776.5855736514205,-704.6957006912343,-100.00099282063205,0.15100414664630138,0.15199750889975855,0.15100414664630138,0.15199750889975855,0.0,0.0,4.22725607994621,4.375914501255955,4.375914501255955,0.012323079756473175,0.03090118461345234,0.21730909664678222,85.02847337378299,-0.3948480095857374,-0.3948480095857374,-0.049642752952286553,-0.049642752952286553,2.1825031492890178e-14,2.1825031492890178e-14,2.2375025537132e-23,2.2375025537132e-23,0.016462619657890202,0.016462619657890202,0.22464657780903188,0.22464657780903188,0.0012450603451788422,0.0012450603451788422
31,10,sqp_full,sqp_full,,10,0,79,31.91220569606077,778.2314346000795,-700.2080409791434,-100.02032038780976,776.6791550272012,-704.5588699347737,-100.01900739367014,776.5857580860308,-704.7200229550613,-100.00002812257644,nan,nan,nan,0.18626133406542206,0.18722579229122943,nan,nan,nan,nan,4.619446338418221,4.802731778883688,nan,0.018915528400899124,nan,nan,nan,-0.3948480024515669,nan,-0.04402289791483218,nan,2.0198891916767e-14,nan,2.1544912471927677e-23,nan,0.013321175068292413,nan,0.18478112746680003,nan,-0.0014209028809646176,nan
31,11,sqp_full,sqp_full,,10,0,80,32.316246100101246,778.3693827932208,-699.8282793724162,-100.02057760790862,776.6754394909234,-704.5508575566853,-100.02004829198927,776.5643948326162,-704.743036062178,-100.00029667306481,nan,nan,nan,0.22195381076240298,0.22283092371143048,nan,nan,nan,nan,5.017189314539837,5.23572486457087,nan,0.008893080555838852,nan,nan,nan,-0.3948479978380131,nan,-0.03852460088014991,nan,2.5991283775163393e-14,nan,2.635136925858165e-23,nan,0.010196384938604964,nan,0.14464875092118706,nan,0.0007454447972597809,nan
31,12,sqp_full,sqp_full,,10,0,81,32.72028650414162,778.507330986362,-699.4485177656891,-100.02083482800748,776.6868527567937,-704.5447578232216,-100.0192309329529,776.557557505698,-704.769593032972,-100.00051386451145,nan,nan,nan,0.2593610099829356,0.260035501711613,nan,nan,nan,nan,5.411635954896883,5.667050257937675,nan,0.012966783022219989,nan,nan,nan,-0.39484800657356045,nan,-0.033144576745128884,nan,2.1280950199051816e-14,nan,9.925043745787929e-24,nan,0.011367621960830862,nan,0.10438266797182917,nan,-0.0008095368491102452,nan
31,13,sqp_full,sqp_full,,10,0,82,33.12432690818206,778.6452791795032,-699.0687561589618,-100.02109204810634,776.6846742847147,-704.5392308221202,-100.01864474360397,776.5398715160418,-704.791708375017,-99.99989923776737,nan,nan,nan,0.2910545593734978,0.29165759122843227,nan,nan,nan,nan,5.811201648000787,6.097944202484451,nan,0.005969681710700324,nan,nan,nan,-0.331124683281837,nan,-0.017258382596820068,nan,1.3928187978585004e-14,nan,4.647873427751362e-24,nan,0.006527542484704386,nan,0.06662609193310721,nan,0.0004705939724585865,nan
31,14,sqp_full,sqp_full,,10,0,83,33.528367312222535,778.7832273726445,-698.6889945522346,-100.0213492682052,776.6909475950365,-704.539764105559,-100.01947739200571,776.5389021463307,-704.8054621444604,-100.00001508022078,nan,nan,nan,0.30612622616858537,0.30674427122317083,nan,nan,nan,nan,6.213625273050766,6.515226130244245,nan,0.006350757197497747,nan,nan,nan,-0.16104405716556067,nan,0.014376726671994593,nan,5.3539471873531136e-15,nan,4.8449992630915146e-24,nan,0.003590384206323059,nan,0.03095348778471439,nan,-0.0006343394984095317,nan
32,0,sqp_full,sqp_full,,10,1,69,27.871801655656572,776.8519526686671,-704.0056570464156,-100.0177481868212,776.6227658354153,-704.6327296889601,-100.00946819504674,776.6232416009989,-704.6327459028502,-100.00510791162675,776.6232416009989,-704.6327459028502,-100.00510791162675,0.0004760417845755668,0.0043861928005032936,0.0004760417845755668,0.0043861928005032936,0.0,0.0,0.6676426466034715,0.6674947088467567,0.6674947088467567,0.07362362154350806,0.07347866207140377,0.9962583688544535,3.415451631499129,0.10515198948677576,0.10515198948677576,-0.49999998413693286,-0.49999998413693286,3.808534507177572e-14,3.808534507177572e-14,-3.975597164856598e-23,-3.975597164856598e-23,-0.1527086592102471,-0.1527086592102471,0.07695667969618437,0.07695667969618437,1.0364568418175275e-05,1.0364568418175275e-05
32,1,sqp_full,sqp_full,,10,1,70,28.275842059697048,776.9899008618085,-703.6258954396883,-100.01800540692004,776.6290844787763,-704.6271298933666,-100.0094180126773,776.6303101707462,-704.6261137618177,-100.0069237632608,776.6303101707462,-704.6261137618177,-100.0069237632608,0.001592119382938733,0.0029590749029510424,0.001592119382938733,0.0029590749029510424,0.0,0.0,1.0642644847484124,1.062893295219212,1.062893295219212,0.008443073070977105,0.009861404063515896,1.1462541655511134,11.070258160227295,0.10515199428184999,0.10515199428184999,0.008189130504869193,0.008189130504869193,3.261255757794675e-14,3.261255757794675e-14,-2.979442865810687e-23,-2.979442865810687e-23,-0.05162087932653414,-0.05162087932653414,0.04332438055734655,0.04332438055734655,-0.0002740076609057862,-0.0002740076609057862
32,2,sqp_full,sqp_full,,10,1,71,28.679882463737382,777.1278490549496,-703.2461338329612,-100.0182626270189,776.6282106032875,-704.6273050459291,-100.0105319152236,776.6288039973589,-704.6269868496578,-100.00842228879117,776.6288039973589,-704.6269868496578,-100.00842228879117,0.0006733241352454055,0.0022144726404877886,0.0006733241352454055,0.0022144726404877886,0.0,0.0,1.4687656388649915,1.4682646298353879,1.4682646298353879,0.0014265748044826826,0.002297045801455975,1.5420956279916465,16.721458741878052,0.1051519998474462,0.1051519998474462,0.07575358709256387,0.07575358709256387,8.36844233247433e-15,8.36844233247433e-15,-4.321653013753498e-23,-4.321653013753498e-23,-0.03419005637722368,-0.03419005637722368,0.01724986273946977,0.01724986273946977,0.00010705959012044591,0.00010705959012044591
32,3,sqp_full,sqp_full,,10,1,72,29.083922867777858,777.2657972480908,-702.8663722262339,-100.01851984711776,776.6317580485658,-704.6253522302299,-100.01436202262717,776.629990778505,-704.629068685572,-100.00938395363298,776.629990778505,-704.629068685572,-100.00938395363298,0.004115250147645757,0.006458827655908864,0.004115250147645757,0.006458827655908864,0.0,0.0,1.8697637179579052,1.8738592995553298,1.8738592995553298,0.005573829911364823,0.00258210951171421,0.12321136572948752,74.57550460193403,0.16887530697303632,0.16887530697303632,0.11793501035117548,0.11793501035117548,-5.7784473539998785e-15,-5.7784473539998785e-15,-3.556898153829701e-23,-3.556898153829701e-23,-0.04672349581125201,-0.04672349581125201,-0.007054227536287492,-0.007054227536287492,-0.00021924694425227414,-0.00021924694425227414
32,4,sqp_full,sqp_full,,10,1,73,29.48796327181823,777.4037454412321,-702.4866106195068,-100.01877706721662,776.642297176918,-704.6179773474153,-100.0170559136103,776.6345066973122,-704.6320074325178,-100.01044550739596,776.6345066973122,-704.6320074325178,-100.01044550739596,0.016047892711261454,0.017356045943439913,0.016047892711261454,0.017356045943439913,0.0,0.0,2.2633001542133755,2.279134864466158,2.279134864466158,0.013142266607496067,0.005491507322735037,0.1666325946120116,66.49776378102604,0.33895595034400605,0.33895595034400605,0.20605658231690663,0.20605658231690663,-2.9291166421534045e-15,-2.9291166421534045e-15,-4.3634033895500515e-23,-4.3634033895500515e-23,-0.019580318466678175,-0.019580318466678175,-0.022983720145022982,-0.022983720145022982,-0.0005622666328823044,-0.0005622666328823044
32,5,sqp_full,sqp_full,,10,1,74,29.892003675858668,777.5416936343734,-702.1068490127795,-100.01903428731548,776.6417516602523,-704.6095808731033,-100.01842012423157,776.6263296773345,-704.6370173594584,-100.0110340045633,776.6263296773345,-704.6370173594584,-100.0110340045633,0.03147377226572806,0.03232882776082313,0.03147377226572806,0.03232882776082313,0.0,0.0,2.659616950138511,2.6906584763550714,2.6906584763550714,0.008524050675867562,0.009607775631326474,-0.5065025018133308,116.70331676340747,0.33895594483885644,0.33895594483885644,0.2132210259011046,0.2132210259011046,3.432210579753577e-15,3.432210579753577e-15,-3.991478900968531e-23,-3.991478900968531e-23,-0.014879737659137712,-0.014879737659137712,-0.02717145665035674,-0.02717145665035674,0.0005191324503533788,0.0005191324503533788
32,6,sqp_full,sqp_full,,10,1,75,30.296044079899143,777.6796418275146,-701.7270874060523,-100.01929150741434,776.6519490909079,-704.6022556203765,-100.01868998032862,776.626409096411,-704.6470543441162,-100.01176959710119,776.626409096411,-704.6470543441162,-100.01176959710119,0.05156759610079127,0.05202988248717107,0.05156759610079127,0.05202988248717107,0.0,0.0,3.053316986743153,3.104111161871382,3.104111161871382,0.012558652069419666,0.010064217048204377,-0.459771704848689,125.01053062309714,0.33895593360720694,0.33895593360720694,0.22035285947707423,0.22035285947707423,-2.2321562179541577e-15,-2.2321562179541577e-15,-3.181435844176552e-23,-3.181435844176552e-23,0.003350867656998523,0.003350867656998523,-0.028694060433481293,-0.028694060433481293,-0.0005628959126407222,-0.0005628959126407222
32,7,sqp_full,sqp_full,,10,1,76,30.700084483939477,777.8175900206558,-701.3473257993252,-100.01954872751318,776.6503429316246,-704.5936570429081,-100.01850996154846,776.6128164837979,-704.6590633448742,-100.01103224117817,776.6128164837979,-704.6590633448742,-100.01103224117817,0.07540701972208455,0.0757768759273104,0.07540701972208455,0.0757768759273104,0.0,0.0,3.449801778351143,3.524072196438685,3.524072196438685,0.008749153609600843,0.01815265574542348,-1.06202663558189,120.78859590444412,0.3389559506621798,0.3389559506621798,0.22745244612928434,0.22745244612928434,-2.5382526229664946e-15,-2.5382526229664946e-15,-3.2015821126615374e-23,-3.2015821126615374e-23,4.6214440048690326e-05,4.6214440048690326e-05,-0.02997133109310039,-0.02997133109310039,0.0006330451989675897,0.0006330451989675897
32,8,sqp_full,sqp_full,,10,1,77,31.104124887979953,777.955538213797,-700.9675641925978,-100.01980594761204,776.6621915386585,-704.5866023011863,-100.0173712647167,776.6105465265209,-704.6763176681446,-100.01104920615875,776.6105465265209,-704.6763176681446,-100.01104920615875,0.10351837685721733,0.1037112470832506,0.10351837685721733,0.1037112470832506,0.0,0.0,3.843199507377595,3.945105192668768,3.945105192668768,0.013836744554935785,0.01740300736574369,-0.7763681068424619,128.11726936196033,0.33895594398052525,0.33895594398052525,0.234519789813046,0.234519789813046,-3.2991436516379276e-15,-3.2991436516379276e-15,-2.8844708338866695e-23,-2.8844708338866695e-23,0.009732802734470187,0.009732802734470187,-0.029107064309029762,-0.029107064309029762,-0.0007487898043872159,-0.0007487898043872159
32,9,sqp_full,sqp_full,,10,1,78,31.50816529202033,778.0934864069383,-700.5878025858707,-100.0200631677109,776.6597870622523,-704.5779754349586,-100.01639162094936,776.5923674852606,-704.6950120883502,-100.01067312112548,776.5923674852606,-704.6950120883502,-100.01067312112548,0.1350665672875645,0.1351875690996842,0.1350665672875645,0.1351875690996842,0.0,0.0,4.239926081496109,4.372931272530623,4.372931272530623,0.009009108147269223,0.026078733249870287,-1.4439248239310998,119.9216612769474,0.3389559353249414,0.3389559353249414,0.24155528503575802,0.24155528503575802,-1.455422304168803e-15,-1.455422304168803e-15,-2.29803567631489e-23,-2.29803567631489e-23,0.009207567009418887,0.009207567009418887,-0.027631228902991647,-0.027631228902991647,0.0006974889760199875,0.0006974889760199875
32,10,sqp_full,sqp_full,,10,0,79,31.91220569606077,778.2314346000795,-700.2080409791434,-100.02032038780976,776.6715781019057,-704.5715879262337,-100.01724233311604,776.5867633282738,-704.7186708327952,-100.01042292515203,nan,nan,nan,0.16978494405799174,0.16992183954322956,nan,nan,nan,nan,4.6339717580447175,4.8011170855288245,nan,0.013436986083439904,nan,nan,nan,0.3389559439786039,nan,0.24855922050235513,nan,-1.2067567338388724e-15,nan,-1.8682862239857065e-23,nan,-4.8380329470059824e-05,nan,-0.024569854819466812,nan,-0.0007769622156847027,nan
32,11,sqp_full,sqp_full,,10,0,80,32.316246100101246,778.3693827932208,-699.8282793724162,-100.02057760790862,776.6689543823759,-704.5636764168826,-100.01811601148523,776.5654818887584,-704.7433843657436,-100.01028805426593,nan,nan,nan,0.2073680395318047,0.20751573611052102,nan,nan,nan,nan,5.031445314136777,5.235677183378646,nan,0.00838088290561889,nan,nan,nan,0.3389559483579824,nan,0.2555317548933289,nan,2.4855598350654345e-16,nan,-1.5955284252029046e-23,nan,0.002500080615543378,nan,-0.020758202902053286,nan,0.0006818046674870446,nan
32,12,sqp_full,sqp_full,,10,0,81,32.72028650414162,778.507330986362,-699.4485177656891,-100.02083482800748,776.6811222413312,-704.5567697028898,-100.01890610449058,776.5573856129662,-704.7724303255453,-100.0101244692883,nan,nan,nan,0.24863679808766073,0.24879182960883248,nan,nan,nan,nan,5.42487568837687,5.669773532004838,nan,0.014013698180373069,nan,nan,nan,0.338955943418188,nan,0.2624731600365931,nan,4.1731525701096236e-16,nan,-1.213262880192152e-23,nan,0.0024296788749760168,nan,-0.016293131478740015,nan,-0.0008016811536463315,nan
32,13,sqp_full,sqp_full,,10,0,82,33.12432690818206,778.6452791795032,-699.0687561589618,-100.02109204810634,776.6816144580878,-704.5511411378122,-100.01952775549158,776.5410633302024,-704.7969617217632,-100.00997519561365,nan,nan,nan,0.2831649325814068,0.2833260144145859,nan,nan,nan,nan,5.823446075517186,6.102463708221251,nan,0.005684142163510342,nan,nan,nan,0.26341829618289403,nan,0.22037139277546317,nan,-3.683944497096469e-17,nan,-7.147188755335789e-24,nan,0.0017560339719324854,nan,-0.011062227662763305,nan,0.00025043511899389413,nan
32,14,sqp_full,sqp_full,,10,0,83,33.528367312222535,778.7832273726445,-698.6889945522346,-100.0213492682052,776.6855294203341,-704.5522859649344,-100.01902081460742,776.5374691591929,-704.8113566535103,-100.00983613358517,nan,nan,nan,0.29839480995537376,0.2985361300978226,nan,nan,nan,nan,6.227240391165892,6.521253533824766,nan,0.004110297749503026,nan,nan,nan,0.10246224588288223,nan,0.12000681288251208,nan,1.3551799375014776e-16,nan,-2.992953093346874e-24,nan,0.0024665931910957117,nan,-0.005152659556892208,nan,-0.0004221759833701618,nan
33,0,sqp_full,sqp_full,,10,1,69,27.871801655656572,776.8519526686671,-704.0056570464156,-100.0177481868212,776.6188078839076,-704.6493480367226,-100.0135484784458,776.6215666986092,-704.6455428466708,-100.01652972832501,776.6215666986092,-704.6455428466708,-100.01652972832501,0.004700056370745261,0.005565822556497095,0.004700056370745261,0.005565822556497095,0.0,0.0,0.6846127238541712,0.6800967082465522,0.6800967082465522,0.052844753489559394,0.05774166416371107,1.091412891919904,2.74426211889287,0.4999999904670134,0.4999999904670134,-0.25144074165158814,-0.25144074165158814,6.948140611844402e-15,6.948140611844402e-15,2.39357787648439e-23,2.39357787648439e-23,-0.16956297060966263,-0.16956297060966263,0.3041296767085556,0.3041296767085556,0.00010057540904045681,0.00010057540904045681
33,1,sqp_full,sqp_full,,10,1,70,28.275842059697048,776.9899008618085,-703.6258954396883,-100.01800540692004,776.6247342115515,-704.6343776963247,-100.0118317438005,776.6316968578557,-704.6242253526775,-100.02024585052307,776.6316968578557,-704.6242253526775,-100.02024585052307,0.0123105046641392,0.014911261416272458,0.0123105046641392,0.014911261416272458,0.0,0.0,1.072559156601664,1.0606473134915197,1.0606473134915197,0.0161919618582066,0.023892786373799404,1.4218693887444,15.508626944890054,0.1070658633784102,0.1070658633784102,-0.11900631581965394,-0.11900631581965394,1.6899584330769846e-14,1.6899584330769846e-14,1.9382149730129218e-23,1.9382149730129218e-23,-0.10489821811100708,-0.10489821811100708,0.3182510759804152,0.3182510759804152,0.0002949562053866351,0.0002949562053866351
33,2,sqp_full,sqp_full,,10,1,71,28.679882463737382,777.1278490549496,-703.2461338329612,-100.0182626270189,776.6348430502836,-704.6200767269127,-100.01482886001837,776.6438805534525,-704.6072696130772,-100.024234834412,776.6438805534525,-704.6072696130772,-100.024234834412,0.015674776818846256,0.018280344160167647,0.015674776818846256,0.018280344160167647,0.0,0.0,1.4597170946715377,1.4446162543573022,1.4446162543573022,0.017767640593459744,0.021256799765152837,1.1961199570795646,1.1881382486123266,-0.1610440632153248,-0.1610440632153248,-0.1445072085232348,-0.1445072085232348,-7.943861667920442e-15,-7.943861667920442e-15,2.919747315704497e-23,2.919747315704497e-23,-0.11993416052635135,-0.11993416052635135,0.35492437905138363,0.35492437905138363,-0.00017058054453543894,-0.00017058054453543894
33,3,sqp_full,sqp_full,,10,1,72,29.083922867777858,777.2657972480908,-702.8663722262339,-100.01851984711776,776.6301054272534,-704.6186389313277,-100.01063369356616,776.6373821320353,-704.6086390105183,-100.02512542200647,776.6373821320353,-704.6086390105183,-100.02512542200647,0.012367249034284652,0.019051483980609008,0.012367249034284652,0.019051483980609008,0.0,0.0,1.864012525939615,1.8521336630243403,1.8521336630243403,0.006489356646249083,0.006700587774928082,0.5956056055823582,54.77214064354846,-0.23658169922116556,-0.23658169922116556,-0.03421668814432058,-0.03421668814432058,-4.153628004418037e-14,-4.153628004418037e-14,5.814825404961903e-23,5.814825404961903e-23,-0.039987666977384505,-0.039987666977384505,0.35159210698859295,0.35159210698859295,0.0005156827823519085,0.0005156827823519085
33,4,sqp_full,sqp_full,,10,1,73,29.48796327181823,777.4037454412321,-702.4866106195068,-100.01877706721662,776.6470812471064,-704.6118987460171,-100.01322335318015,776.6463467197432,-704.6149854077025,-100.02747931576097,776.6463467197432,-704.6149854077025,-100.02747931576097,0.003172855308249195,0.014604775928201565,0.003172855308249195,0.014604775928201565,0.0,0.0,2.2559677132791482,2.2591219671235687,2.2591219671235687,0.018447625717589285,0.011233049710444743,0.33939483204399845,56.125497201701876,-0.3975377526614872,-0.3975377526614872,-0.0722761569776687,-0.0722761569776687,-1.9384914063102048e-14,-1.9384914063102048e-14,4.691206423396354e-23,4.691206423396354e-23,-0.07534031827997374,-0.07534031827997374,0.37549712238904936,0.37549712238904936,-0.0012812102290000926,-0.0012812102290000926
33,5,sqp_full,sqp_full,,10,1,74,29.892003675858668,777.5416936343734,-702.1068490127795,-100.01903428731548,776.6416236485459,-704.6028419922544,-100.0148577986371,776.6312806015284,-704.6219762034758,-100.02817010976807,776.6312806015284,-704.6219762034758,-100.02817010976807,0.021750785288528446,0.025501260524048684,0.021750785288528446,0.025501260524048684,0.0,0.0,2.653319983148551,2.6748302143787384,2.6748302143787384,0.010699606661845017,0.01662336728720879,0.17504976615811652,83.53071691076006,-0.39753775162672705,-0.39753775162672705,-0.06634879322644396,-0.06634879322644396,-1.3953196589909473e-15,-1.3953196589909473e-15,4.7585200884638084e-23,4.7585200884638084e-23,-0.05170450813008441,-0.05170450813008441,0.3526683263293946,0.3526683263293946,0.0009927501587624033,0.0009927501587624033
33,6,sqp_full,sqp_full,,10,1,75,30.296044079899143,777.6796418275146,-701.7270874060523,-100.01929150741434,776.6567205169401,-704.5966683369641,-100.0144600944963,776.6346313704859,-704.6353238222064,-100.02924544640166,776.6346313704859,-704.6353238222064,-100.02924544640166,0.04452164563890455,0.04691250964680299,0.04452164563890455,0.04691250964680299,0.0,0.0,3.0464508410083018,3.0902889682915444,3.0902889682915444,0.016315257385095573,0.013803728744779599,-0.12113690494931666,98.23174140775069,-0.39753775825404236,-0.39753775825404236,-0.060543742673364674,-0.060543742673364674,1.2852084227680439e-14,1.2852084227680439e-14,3.535650593388643e-23,3.535650593388643e-23,-0.02087012762595278,-0.02087012762595278,0.31844063924161076,0.31844063924161076,-0.0011433629485396043,-0.0011433629485396043
33,7,sqp_full,sqp_full,,10,1,76,30.700084483939477,777.8175900206558,-701.3473257993252,-100.01954872751318,776.6470368810807,-704.5879108780634,-100.01363218140108,776.6119277128759,-704.6484162577638,-100.02934496768663,776.6119277128759,-704.6484162577638,-100.02934496768663,0.06995394674145772,0.07169690591345014,0.06995394674145772,0.07169690591345014,0.0,0.0,3.445516841507341,3.5143733175625473,3.5143733175625473,0.013082481796151322,0.0262083544347684,0.6141646210186876,72.1471213181602,-0.3975377557466267,-0.3975377557466267,-0.054857619473442754,-0.054857619473442754,1.9188050670943223e-14,1.9188050670943223e-14,3.410494505076004e-23,3.410494505076004e-23,-0.00829329478068189,-0.00829329478068189,0.2870021960748154,0.2870021960748154,0.0013699582787295849,0.0013699582787295849
33,8,sqp_full,sqp_full,,10,1,77,31.104124887979953,777.955538213797,-700.9675641925978,-100.01980594761204,776.6663752220751,-704.5824222930173,-100.01295515187029,776.6159080067596,-704.6683991090454,-100.02824241513952,776.6159080067596,-704.6683991090454,-100.02824241513952,0.0996942963063482,0.1008595713568181,0.0996942963063482,0.1008595713568181,0.0,0.0,3.8378562121832163,3.935833859603808,3.935833859603808,0.020113536914427393,0.02040521273746893,-0.07899763369564225,94.46605332405346,-0.3975377550420363,-0.3975377550420363,-0.04928754425408931,-0.04928754425408931,2.5417052747747533e-14,2.5417052747747533e-14,3.5389093482333976e-23,3.5389093482333976e-23,-0.01307137473997109,-0.01307137473997109,0.25286898865111923,0.25286898865111923,-0.0015851187832454532,-0.0015851187832454532
33,9,sqp_full,sqp_full,,10,1,78,31.50816529202033,778.0934864069383,-700.5878025858707,-100.0200631677109,776.6586485418519,-704.5743934353529,-100.01426328988941,776.5925420816322,-704.6870472371063,-100.0276680528339,776.5925420816322,-704.6870472371063,-100.0276680528339,0.1306175452696439,0.1313035825934142,0.1306175452696439,0.1313035825934142,0.0,0.0,4.2369406769815425,4.365391228555816,4.365391228555816,0.011219419224873482,0.029900652656692,0.2388594451832318,84.85793088469349,-0.39753775164998933,-0.39753775164998933,-0.0438304148427374,-0.0438304148427374,2.935110845832984e-14,2.935110845832984e-14,3.302601813101878e-23,3.302601813101878e-23,0.006083151290520861,0.006083151290520861,0.21610838662593532,0.21610838662593532,0.0011437777143856827,0.0011437777143856827
33,10,sqp_full,sqp_full,,10,0,79,31.91220569606077,778.2314346000795,-700.2080409791434,-100.02032038780976,776.6759823813558,-704.5673507523509,-100.0177348499553,776.591864849328,-704.7109691592359,-100.02740326643573,nan,nan,nan,0.16643919607663263,0.16671977767461993,nan,nan,nan,nan,4.628500113807327,4.792134301399554,nan,0.019029269694432287,nan,nan,nan,-0.3975377489161653,nan,-0.03848336296436544,nan,3.687654438178719e-14,nan,4.509521400902809e-23,nan,-0.0015422455659320983,nan,0.19049582791670452,nan,-0.0013164433378595115,nan
33,11,sqp_full,sqp_full,,10,0,80,32.316246100101246,778.3693827932208,-699.8282793724162,-100.02057760790862,776.6735778492797,-704.5586592195193,-100.02083551967984,776.5709441843786,-704.7343337492099,-100.02631316232822,nan,nan,nan,0.20345812727199453,0.20353185038713387,nan,nan,nan,nan,5.025161480566993,5.225299128072051,nan,0.009536176917784417,nan,nan,nan,-0.3975377572567798,nan,-0.033243726033759705,nan,1.1622852786952529e-14,nan,2.0253029699796145e-23,nan,0.003342600457851783,nan,0.14903509628792996,nan,0.0006660001490688536,nan
33,12,sqp_full,sqp_full,,10,0,81,32.72028650414162,778.507330986362,-699.4485177656891,-100.02083482800748,776.6833810099803,-704.5537301853464,-100.01980995588754,776.5630664749846,-704.7604674777874,-100.02606868445501,nan,nan,nan,0.2391984435925215,0.23928031072440134,nan,nan,nan,nan,5.421253302158705,5.656586800718607,nan,0.011020395577770976,nan,nan,nan,-0.39753775966682503,nan,-0.028108638619123463,nan,1.0428446711585618e-14,nan,7.015508578209447e-24,nan,0.014873451321324057,nan,0.09834823516395834,nan,-0.0007077984454940058,nan
33,13,sqp_full,sqp_full,,10,0,82,33.12432690818206,778.6452791795032,-699.0687561589618,-100.02109204810634,776.6806737384518,-704.5497406103544,-100.01894215821537,776.5463484150309,-704.7813706587216,-100.02590476125329,nan,nan,nan,0.26776066144730704,0.267851170726885,nan,nan,nan,nan,5.8224449413813115,6.086006471974392,nan,0.004898887684414058,nan,nan,nan,-0.31103651644752567,nan,-0.010238255282628833,nan,7.256095370706407e-15,nan,9.887500764428154e-24,nan,0.0082414186084878,nan,0.06271995899022696,nan,0.000450587422462683,nan
33,14,sqp_full,sqp_full,,10,0,83,33.528367312222535,778.7832273726445,-698.6889945522346,-100.0213492682052,776.6876464427293,-704.5495791122906,-100.01981327120971,776.5451241438548,-704.7956447126861,-100.02436105199693,nan,nan,nan,0.2843604849032614,0.284396848935614,nan,nan,nan,nan,6.223978696894178,6.5038667148752065,nan,0.007028764074410601,nan,nan,nan,-0.16633939048019164,nan,0.014275787421866129,nan,6.557341456943362e-15,nan,8.946187737655029e-24,nan,0.0018841520508938443,nan,0.032107815684327086,nan,-0.0006689544534203237,nan
34,0,sqp_full,sqp_full,,10,1,69,27.871801655656572,776.8519526686671,-704.0056570464156,-100.0177481868212,776.6277134623207,-704.624627916466,-100.02599162694943,776.629193050719,-704.6228425164229,-100.0243309899441,776.629193050719,-704.6228425164229,-100.0243309899441,0.002318800366973482,0.002852113322665835,0.002318800366973482,0.002852113322665835,0.0,0.0,0.6583374208062038,0.6561552802321852,0.6561552802321852,0.07166594737031085,0.0740045652764666,1.0323727219721053,1.284483721629239,0.1024622480037938,0.1024622480037938,-0.49999999361155756,-0.49999999361155756,-3.719990326492855e-15,-3.719990326492855e-15,-3.5165871679555843e-23,-3.5165871679555843e-23,0.126401319347948,0.126401319347948,0.07911132493632378,0.07911132493632378,0.00020498150341894398,0.00020498150341894398
34,1,sqp_full,sqp_full,,10,1,70,28.275842059697048,776.9899008618085,-703.6258954396883,-100.01800540692004,776.6294661427761,-704.6183967605598,-100.02324060808864,776.6311184798583,-704.6165521743123,-100.0222933818257,776.6311184798583,-704.6165521743123,-100.0222933818257,0.002476432163011238,0.002651406014023494,0.002476432163011238,0.002651406014023494,0.0,0.0,1.0559223733852574,1.0536249633781303,1.0536249633781303,0.007033299188683944,0.006886764703667455,0.973901248627765,5.943978751157892,0.10246223966389807,0.10246223966389807,0.01237066867644268,0.01237066867644268,-6.196249190371764e-15,-6.196249190371764e-15,-3.7259495921964946e-23,-3.7259495921964946e-23,0.08051564548383512,0.08051564548383512,0.048273590607868934,0.048273590607868934,0.00019625309893594182,0.00019625309893594182
34,2,sqp_full,sqp_full,,10,1,71,28.679882463737382,777.1278490549496,-703.2461338329612,-100.0182626270189,776.6326554709923,-704.6203051026109,-100.02060678590504,776.6342071480651,-704.6183056386733,-100.01976058369736,776.6342071480651,-704.6183056386733,-100.01976058369736,0.0025309203417482056,0.0026686355975586605,0.0025309203417482056,0.0026686355975586605,0.0,0.0,1.4606722301472705,1.4582653382097117,1.4582653382097117,0.004555282993365612,0.004362290099910267,0.9574625947670719,1.081444789818151,0.10246224269244426,0.10246224269244426,0.07203958838284787,0.07203958838284787,-7.670609294374997e-15,-7.670609294374997e-15,-4.069152933095303e-23,-4.069152933095303e-23,0.07010517983237671,0.07010517983237671,0.018618111467541533,0.018618111467541533,-0.00038825154005169547,-0.00038825154005169547
34,3,sqp_full,sqp_full,,10,1,72,29.083922867777858,777.2657972480908,-702.8663722262339,-100.01851984711776,776.634661186549,-704.6172381758639,-100.0197338865734,776.6333780533406,-704.6200296831938,-100.01897020689276,776.6333780533406,-704.6200296831938,-100.01897020689276,0.003072286445461034,0.0031657780493261193,0.003072286445461034,0.0031657780493261193,0.0,0.0,1.8611459646552289,1.8642072079679053,1.8642072079679053,0.00376707948008585,0.0020698847948437526,-0.4411652843262519,143.4076613008209,0.1889634800176578,0.1889634800176578,0.12248030419447613,0.12248030419447613,-4.629665312241299e-15,-4.629665312241299e-15,-4.241708392860186e-23,-4.241708392860186e-23,0.03542237541307821,0.03542237541307821,-0.0035942380057908166,-0.0035942380057908166,-1.684125650042169e-06,-1.684125650042169e-06
34,4,sqp_full,sqp_full,,10,1,73,29.48796327181823,777.4037454412321,-702.4866106195068,-100.01877706721662,776.6448676722839,-704.6104949623674,-100.01836685114874,776.6379280908018,-704.6233497455172,-100.01895608161514,776.6379280908018,-704.6233497455172,-100.01895608161514,0.014608327795342366,0.014620206343232507,0.014608327795342366,0.014620206343232507,0.0,0.0,2.2553891393842034,2.269830457731139,2.269830457731139,0.012309023729350927,0.005632570838654873,0.1588739028782952,69.68434854155527,0.33366061427967647,0.33366061427967647,0.19490993541955112,0.19490993541955112,-2.4774575685567934e-15,-2.4774575685567934e-15,-4.4397631011637817e-23,-4.4397631011637817e-23,0.01510044565940354,0.01510044565940354,-0.01870774511253978,-0.01870774511253978,-0.0005947541003899567,-0.0005947541003899567
34,5,sqp_full,sqp_full,,10,1,74,29.892003675858668,777.5416936343734,-702.1068490127795,-100.01903428731548,776.6447617077854,-704.6025094237607,-100.0202049787025,776.6302552332655,-704.6287181705345,-100.01839612416592,776.6302552332655,-704.6287181705345,-100.01839612416592,0.029955570607982207,0.03001013437464561,0.029955570607982207,0.03001013437464561,0.0,0.0,2.6519441487088846,2.6815189739865133,2.6815189739865133,0.008195045345691487,0.009381166360454609,-0.6415541721734254,124.0861189944672,0.333660605607027,0.333660605607027,0.20223108280646032,0.20223108280646032,-2.1713976221827783e-15,-2.1713976221827783e-15,-3.734935411606232e-23,-3.734935411606232e-23,0.010092631669635697,0.010092631669635697,-0.023740915160577986,-0.023740915160577986,0.00045167727286024925,0.00045167727286024925
34,6,sqp_full,sqp_full,,10,1,75,30.296044079899143,777.6796418275146,-701.7270874060523,-100.01929150741434,776.6545279548677,-704.5961139733307,-100.01786224240628,776.6299771474208,-704.6389172848324,-100.01869623362045,776.6299771474208,-704.6389172848324,-100.01869623362045,0.049344357547798985,0.04935140487514355,0.049344357547798985,0.04935140487514355,0.0,0.0,3.046665701327006,3.0952462234195477,3.0952462234195477,0.011906711621112015,0.010207317467542288,-0.4842136421107566,124.39043993082457,0.33366061051610063,0.33366061051610063,0.20951836598271223,0.20951836598271223,-1.5796278311441138e-15,-1.5796278311441138e-15,-3.3283684906965365e-23,-3.3283684906965365e-23,0.015607648189054867,0.015607648189054867,-0.02559778268664464,-0.02559778268664464,-0.0005434417326035053,-0.0005434417326035053
34,7,sqp_full,sqp_full,,10,1,76,30.700084483939477,777.8175900206558,-701.3473257993252,-100.01954872751318,776.6497244195775,-704.5884630164868,-100.01671531853326,776.6138501413016,-704.650647062134,-100.0174917281073,776.6138501413016,-704.650647062134,-100.0174917281073,0.07179010638567125,0.07179430469537713,0.07179010638567125,0.07179430469537713,0.0,0.0,3.445124166507287,3.515810157342503,3.515810157342503,0.009106400292165912,0.019977958740766386,-0.131392224700783,93.43358577283355,0.3336606106566937,0.3336606106566937,0.21677189598798297,0.21677189598798297,-3.0696218661536397e-15,-3.0696218661536397e-15,-2.9846827591500573e-23,-2.9846827591500573e-23,0.011700054362975392,0.011700054362975392,-0.027376051258054392,-0.027376051258054392,0.0008897327249529506,0.0008897327249529506
34,8,sqp_full,sqp_full,,10,1,77,31.104124887979953,777.955538213797,-700.9675641925978,-100.01980594761204,776.6637126435692,-704.5828222816749,-100.01631398923737,776.6140968506527,-704.6683071618912,-100.01775710113593,776.6140968506527,-704.6683071618912,-100.01775710113593,0.09884023296376705,0.09885076744407964,0.09884023296376705,0.09885076744407964,0.0,0.0,3.839128072171015,3.9363642432489465,3.9363642432489465,0.015088053713563643,0.017663816455784565,-0.42289340823515525,111.17553822994071,0.33366060778505613,0.33366060778505613,0.22399195825355286,0.22399195825355286,-2.420445684562739e-15,-2.420445684562739e-15,-2.5684441044962075e-23,-2.5684441044962075e-23,0.0037320183706871907,0.0037320183706871907,-0.027865158392431918,-0.027865158392431918,-0.0010203207994570595,-0.0010203207994570595
34,9,sqp_full,sqp_full,,10,1,78,31.50816529202033,778.0934864069383,-700.5878025858707,-100.0200631677109,776.6610459650436,-704.5754205740055,-100.01607241955755,776.59620468908,-704.6869546206809,-100.0179175402931,776.59620468908,-704.6869546206809,-100.0179175402931,0.12901253674104113,0.12902573040633128,0.12901253674104113,0.12902573040633128,0.0,0.0,4.237096038429171,4.364046281505391,4.364046281505391,0.007871137572872179,0.025843430611614933,-1.4583073978695869,116.36941039478096,0.33366061192962415,0.33366061192962415,0.23117884600264677,0.23117884600264677,-2.406953745273097e-15,-2.406953745273097e-15,-2.2821042797046292e-23,-2.2821042797046292e-23,0.005781254962009599,0.005781254962009599,-0.026676916936090422,-0.026676916936090422,0.0006667147837073912,0.0006667147837073912
34,10,sqp_full,sqp_full,,10,0,79,31.91220569606077,778.2314346000795,-700.2080409791434,-100.02032038780976,776.6725214857801,-704.5697183664995,-100.01735451194352,776.5906609727248,-704.7104308731996,-100.01790728623749,nan,nan,nan,0.1627917477622835,0.1627926862574576,nan,nan,nan,nan,4.63189375194508,4.792040573108887,nan,0.012878140684927918,nan,nan,nan,0.33366060847484846,nan,0.2383327361345733,nan,-2.365384567000842e-15,nan,-1.8393011658367716e-23,nan,-0.0006044511436217516,nan,-0.024169503770830776,nan,-0.0007794419060618244,nan
34,11,sqp_full,sqp_full,,10,0,80,32.316246100101246,778.3693827932208,-699.8282793724162,-100.02057760790862,776.6715693542532,-704.5626862653935,-100.01858974526016,776.5714218033947,-704.7351190120936,-100.01793090692682,nan,nan,nan,0.19940557684647478,0.199406665248243,nan,nan,nan,nan,5.029630115804754,5.225872077504927,nan,0.007202971730863193,nan,nan,nan,0.33366060782833756,nan,0.24545394441095156,nan,-2.4619971573133996e-15,nan,-1.4521157255513604e-23,nan,0.0005034800636645937,nan,-0.02055190746458789,nan,0.00048007178516274753,nan
34,12,sqp_full,sqp_full,,10,0,81,32.72028650414162,778.507330986362,-699.4485177656891,-100.02083482800748,776.6806551488623,-704.5563225918393,-100.0179885200972,776.5607107684516,-704.7635075597448,-100.01780683390007,nan,nan,nan,0.23939980225163457,0.23939987119461023,nan,nan,nan,nan,5.424611945323755,5.660251477071907,nan,0.011108981793143782,nan,nan,nan,0.3336606097001183,nan,0.25254271291201563,nan,-2.1126229452340766e-15,nan,-1.1663928184207572e-23,nan,0.004521517604340111,nan,-0.01626963907640732,nan,-0.0005231090021108194,nan
34,13,sqp_full,sqp_full,,10,0,82,33.12432690818206,778.6452791795032,-699.0687561589618,-100.02109204810634,776.6805631129699,-704.5513606022974,-100.01712027281019,776.5439989288685,-704.7879610946883,-100.01781977552534,nan,nan,nan,0.27318413090602345,0.273185026461788,nan,nan,nan,nan,5.82400727198879,6.0930028547955075,nan,0.005038220337568557,nan,nan,nan,0.2621221129981644,nan,0.21491468446041673,nan,-1.8528735537034174e-15,nan,-8.071751476605817e-24,nan,0.002341676542150221,nan,-0.011082340635657415,nan,0.0002845795256544147,nan
34,14,sqp_full,sqp_full,,10,0,83,33.528367312222535,778.7832273726445,-698.6889945522346,-100.0213492682052,776.6855491760505,-704.5517835357762,-100.0181323380482,776.5406024163902,-704.8032770897333,-100.01775701605504,nan,nan,nan,0.2902732692102501,0.29027351185494843,nan,nan,nan,nan,6.226760673255652,6.5125891658216215,nan,0.0051052888083216175,nan,nan,nan,0.11104844708150259,nan,0.12485523895106174,nan,-1.3079213658836772e-15,nan,-3.0290954017090245e-24,nan,0.0008309296156547208,nan,-0.005476528242457919,nan,-0.0004943418951201782,nan
35,0,sqp_full,sqp_full,,10,1,69,27.871801655656572,776.8519526686671,-704.0056570464156,-100.0177481868212,776.6158502314146,-704.6451855448008,-100.01738739979889,776.6162465002817,-704.6445883753881,-100.01597912691092,776.6162465002817,-704.6445883753881,-100.01597912691092,0.0007166870464469201,0.0015801496288445707,0.0007166870464469201,0.0015801496288445707,0.0,0.0,0.6817191952141786,0.6810217624698439,0.6810217624698439,0.04616150000202164,0.04690767935947909,1.0157093077369472,1.7150933681071905,0.5000000160143745,0.5000000160143745,-0.20100068797330897,-0.20100068797330897,-5.727472998422943e-14,-5.727472998422943e-14,1.4563731793237523e-23,1.4563731793237523e-23,0.07004654065944918,0.07004654065944918,0.3129523242015867,0.3129523242015867,0.0005717704179260571,0.0005717704179260571
35,1,sqp_full,sqp_full,,10,1,70,28.275842059697048,776.9899008618085,-703.6258954396883,-100.01800540692004,776.6437796765222,-704.5981011160083,-100.02157532345177,776.6441855341858,-704.5997839937532,-100.01467938481467,776.6441855341858,-704.5997839937532,-100.01467938481467,0.001731126207845929,0.007109906302759702,0.001731126207845929,0.007109906302759702,0.0,0.0,1.0319804998025193,1.033430212201968,1.033430212201968,0.05490479071322358,0.052817720120199606,0.9568527854379715,5.92246793622727,0.27518174264644224,0.27518174264644224,-0.25454621259968313,-0.25454621259968313,-2.2134100400770925e-14,-2.2134100400770925e-14,1.265721434404906e-23,1.265721434404906e-23,0.04135408759683172,0.04135408759683172,0.38170433220267797,0.38170433220267797,1.098117670835994e-05,1.098117670835994e-05
35,2,sqp_full,sqp_full,,10,1,71,28.679882463737382,777.1278490549496,-703.2461338329612,-100.0182626270189,776.6398729118968,-704.5950913396052,-100.01923005843256,776.639671763451,-704.5975569243269,-100.01282005957744,776.639671763451,-704.5975569243269,-100.01282005957744,0.0024737762059632894,0.006870782636620372,0.0024737762059632894,0.006870782636620372,0.0,0.0,1.434505862978573,1.4368929813355245,1.4368929813355245,0.005460936901841527,0.005365729662704859,0.9623094727347522,11.654288692701302,-0.1663393796733436,-0.1663393796733436,-0.029330100420523957,-0.029330100420523957,-3.0281686058660427e-14,-3.0281686058660427e-14,8.282569591487594e-23,8.282569591487594e-23,0.052767027724004,0.052767027724004,0.3710097936035179,0.3710097936035179,0.0005465917521023103,0.0005465917521023103
35,3,sqp_full,sqp_full,,10,1,72,29.083922867777858,777.2657972480908,-702.8663722262339,-100.01851984711776,776.6410042213922,-704.5906163479901,-100.01780741334603,776.6377901075892,-704.5980380791773,-100.01156109775341,776.6377901075892,-704.5980380791773,-100.01156109775341,0.0080878069557377,0.010219054742779446,0.0080878069557377,0.010219054742779446,0.0,0.0,1.8339531394291444,1.842025948452166,1.842025948452166,0.004830044531012982,0.00231454609948455,-0.10676874104359238,102.8739731062119,-0.23787791354468707,-0.23787791354468707,-0.03412383955266068,-0.03412383955266068,7.458903175949487e-15,7.458903175949487e-15,-3.7534669320089744e-24,-3.7534669320089744e-24,0.037736366633277146,0.037736366633277146,0.38817055046797055,0.38817055046797055,0.00012644204505268055,0.00012644204505268055
35,4,sqp_full,sqp_full,,10,1,73,29.48796327181823,777.4037454412321,-702.4866106195068,-100.01877706721662,776.6576140486998,-704.5833112515252,-100.01814989955776,776.647188654053,-704.6028391613257,-100.01068894820476,776.647188654053,-704.6028391613257,-100.01068894820476,0.0221365786588431,0.023360092247483488,0.0221365786588431,0.023360092247483488,0.0,0.0,2.225503447588553,2.2473988104997806,2.2473988104997806,0.018148501159997915,0.010589792739344515,0.3665721372207356,51.08097474367554,-0.38895153397762994,-0.38895153397762994,-0.06473161385660131,-0.06473161385660131,4.4804732986569323e-14,4.4804732986569323e-14,9.402525273384966e-23,9.402525273384966e-23,0.016217124489285722,0.016217124489285722,0.38211172389104164,0.38211172389104164,-0.0012221308069744136,-0.0012221308069744136
35,5,sqp_full,sqp_full,,10,1,74,29.892003675858668,777.5416936343734,-702.1068490127795,-100.01903428731548,776.6517919972678,-704.5737360369538,-100.01863653541432,776.6323853892366,-704.608294638117,-100.01023775024684,776.6323853892366,-704.608294638117,-100.01023775024684,0.03963474926913229,0.040514848412852966,0.03963474926913229,0.040514848412852966,0.0,0.0,2.6224905173827993,2.6615919486640505,2.6615919486640505,0.011216854791867362,0.015782979941833863,0.26807360112311157,79.01698110584479,-0.3889515630611168,-0.3889515630611168,-0.05853315342143525,-0.05853315342143525,4.0270333123447074e-14,4.0270333123447074e-14,5.80616936463608e-23,5.80616936463608e-23,0.012706095400001623,0.012706095400001623,0.3590021347607344,0.3590021347607344,0.0010490126489880118,0.0010490126489880118
35,6,sqp_full,sqp_full,,10,1,75,30.296044079899143,777.6796418275146,-701.7270874060523,-100.01929150741434,776.6675697713265,-704.5674397183026,-100.0174484556025,776.637038978173,-704.6203913299796,-100.00933709390655,776.637038978173,-704.6203913299796,-100.00933709390655,0.061122847690325666,0.061658711455376464,0.061122847690325666,0.061658711455376464,0.0,0.0,3.015276289931433,3.075423271302465,3.075423271302465,0.017029190128849417,0.012992190956718897,-0.005763236878047661,90.43281751999275,-0.3889515529525297,-0.3889515529525297,-0.052467549068921336,-0.052467549068921336,1.3813942712787816e-14,1.3813942712787816e-14,4.382711561210195e-23,4.382711561210195e-23,0.02602233400517361,0.02602233400517361,0.3215658466117804,0.3215658466117804,-0.0012002956274215534,-0.0012002956274215534
35,7,sqp_full,sqp_full,,10,1,76,30.700084483939477,777.8175900206558,-701.3473257993252,-100.01954872751318,776.659685954728,-704.5587531737294,-100.01635017716463,776.6167492301455,-704.6323798257224,-100.00844458894757,776.6167492301455,-704.6323798257224,-100.00844458894757,0.08523172063020815,0.08559757313524352,0.08523172063020815,0.08559757313524352,0.0,0.0,3.4137966557727406,3.4976561524116083,3.4976561524116083,0.01178205569105774,0.02358377557347493,0.4091886121734405,78.20423403928294,-0.38895153959132905,-0.38895153959132905,-0.046532039748086514,-0.046532039748086514,-6.801454945120178e-15,-6.801454945120178e-15,5.735515083108504e-23,5.735515083108504e-23,0.024796691380771303,0.024796691380771303,0.29020828807324484,0.29020828807324484,0.001195195117504488,0.001195195117504488
35,8,sqp_full,sqp_full,,10,1,77,31.104124887979953,777.955538213797,-700.9675641925978,-100.01980594761204,776.6774485183622,-704.5512489657287,-100.01774470335958,776.6190705364919,-704.6507099712835,-100.00792956792525,776.6190705364919,-704.6507099712835,-100.00792956792525,0.11532770869663352,0.11574462094114786,0.11532770869663352,0.11574462094114786,0.0,0.0,3.804774608665645,3.9181256589766726,3.9181256589766726,0.01933304186835749,0.018483721110690646,-0.25962487686527613,105.75679273977549,-0.38895155823991756,-0.38895155823991756,-0.04072343549311281,-0.04072343549311281,-2.1812921586000504e-14,-2.1812921586000504e-14,3.044188885148711e-23,3.044188885148711e-23,0.007318259965365663,0.007318259965365663,0.27354525584012057,0.27354525584012057,-0.001329064712443513,-0.001329064712443513
35,9,sqp_full,sqp_full,,10,1,78,31.50816529202033,778.0934864069383,-700.5878025858707,-100.0200631677109,776.6712635442902,-704.5414828122098,-100.01909778874773,776.5968001730845,-704.668160507197,-100.00767309996493,776.5968001730845,-704.668160507197,-100.00767309996493,0.14694227457949632,0.147385737343815,0.14694227457949632,0.147385737343815,0.0,0.0,4.201702655255715,4.346192638245233,4.346192638245233,0.011638835804938321,0.028294099486950244,-0.2438314352067305,95.7564783460314,-0.3889515588830749,-0.3889515588830749,-0.03503770666972545,-0.03503770666972545,-1.9592756153238813e-14,-1.9592756153238813e-14,2.608900262363153e-23,2.608900262363153e-23,0.0088223645822629,0.0088223645822629,0.23389290890335607,0.23389290890335607,0.0010866015228057687,0.0010866015228057687
35,10,sqp_full,sqp_full,,10,0,79,31.91220569606077,778.2314346000795,-700.2080409791434,-100.02032038780976,776.6869874288493,-704.5355248474482,-100.01730879077286,776.595706253596,-704.6908847313799,-100.00673519323016,nan,nan,nan,0.18019141625208648,0.18050137798900012,nan,nan,nan,nan,4.594826840606558,4.7719487979708655,nan,0.016909713287948134,nan,nan,nan,-0.38895154934298126,nan,-0.029471754914945046,nan,-7.0653186720971895e-15,nan,3.459147328827484e-23,nan,0.025538503171315997,nan,0.18320750785758816,nan,-0.0012247539139033459,nan
35,11,sqp_full,sqp_full,,10,0,80,32.316246100101246,778.3693827932208,-699.8282793724162,-100.02057760790862,776.6815693267314,-704.5276285944561,-100.01521189514857,776.57299828174,-704.7128178175226,-100.00595575801432,nan,nan,nan,0.21466886162290133,0.21486832299136224,nan,nan,nan,nan,4.993255191591003,5.204393637573009,nan,0.009803245030797145,nan,nan,nan,-0.38895155869625714,nan,-0.024022900242045096,nan,9.222628530228083e-15,nan,1.4875520314682108e-23,nan,0.02430921405577369,nan,0.14346199181969815,nan,0.0009056425934278232,nan
35,12,sqp_full,sqp_full,,10,0,81,32.72028650414162,778.507330986362,-699.4485177656891,-100.02083482800748,776.6959579884436,-704.5200202911359,-100.01919787631667,776.56839277313,-704.7386111324574,-100.00550092624123,nan,nan,nan,0.2530905768053185,0.2534609368502728,nan,nan,nan,nan,5.38527715193953,5.634231910727318,nan,0.016757324104817756,nan,nan,nan,-0.38895154406783006,nan,-0.01868716117562105,nan,1.4082976397918678e-14,nan,2.2938420742407866e-23,nan,0.012139197031455414,nan,0.11222556163173973,nan,-0.00102329104465066,nan
35,13,sqp_full,sqp_full,,10,0,82,33.12432690818206,778.6452791795032,-699.0687561589618,-100.02109204810634,776.6946645365427,-704.5121402306008,-100.02275827991616,776.5495541368947,-704.7619422626858,-100.00854587136915,nan,nan,nan,0.28889112710469445,0.28924051562069925,nan,nan,nan,nan,5.78232891114861,6.066665597002429,nan,0.008743274309305703,nan,nan,nan,-0.35532860960600626,nan,-0.009150288248693138,nan,3.3260290860629463e-14,nan,3.496861945341192e-23,nan,0.012961661706784821,nan,0.07157315519878628,nan,0.000498110054665009,nan
35,14,sqp_full,sqp_full,,10,0,83,33.528367312222535,778.7832273726445,-698.6889945522346,-100.0213492682052,776.7014154012882,-704.5110209812217,-100.02289902660971,776.547590160967,-704.7765028713266,-100.00362877514753,nan,nan,nan,0.30682704987254633,0.3074315877149027,nan,nan,nan,nan,6.183035890556275,6.4850467444152615,nan,0.006844465181026512,nan,nan,nan,-0.1738194542621733,nan,0.017687451190641225,nan,1.2489146530966004e-14,nan,5.448367100953607e-24,nan,0.00929373161193376,nan,0.03359879769821807,nan,-0.0006011948231708407,nan
36,0,sqp_full,sqp_full,,10,1,69,27.871801655656572,776.8519526686671,-704.0056570464156,-100.0177481868212,776.6196217385851,-704.6423903252717,-100.00561911661586,776.6228029778512,-704.6373239384178,-100.01149950645595,776.6228029778512,-704.6373239384178,-100.01149950645595,0.005982353969821737,0.008388536445154299,0.005982353969821737,0.008388536445154299,0.0,0.0,0.6777956399059748,0.6719469050846345,0.6719469050846345,0.03448398144006539,0.040517665485983206,1.1606905400560796,8.941913627776048,0.11104845054960473,0.11104845054960473,-0.2100364307115292,-0.2100364307115292,1.575690388203258e-14,1.575690388203258e-14,-1.961913971184739e-23,-1.961913971184739e-23,-0.12516895184320712,-0.12516895184320712,0.08877330368523535,0.08877330368523535,-0.0006931496987760455,-0.0006931496987760455
36,1,sqp_full,sqp_full,,10,1,70,28.275842059697048,776.9899008618085,-703.6258954396883,-100.01800540692004,776.632532711871,-704.612644308535,-100.01005042108714,776.6389819757028,-704.6035257862816,-100.01499645076622,776.6389819757028,-704.6035257862816,-100.01499645076622,0.011168726519034574,0.012214895072957812,0.011168726519034574,0.012214895072957812,0.0,0.0,1.0494690680338246,1.0387035954523614,1.0387035954523614,0.032728507485143644,0.037633810314883546,1.14805308380592,3.2289532916513135,0.1110484413371011,0.1110484413371011,-0.21188623161029377,-0.21188623161029377,1.42558210276266e-14,1.42558210276266e-14,-2.754999191263285e-23,-2.754999191263285e-23,-0.12108613678313587,-0.12108613678313587,0.06337002365031826,0.06337002365031826,0.000452758492491157,0.000452758492491157
36,2,sqp_full,sqp_full,,10,1,71,28.679882463737382,777.1278490549496,-703.2461338329612,-100.0182626270189,776.6362459807488,-704.612761855885,-100.01090399031835,776.6413386546025,-704.6056368855157,-100.01662574805326,776.6413386546025,-704.6056368855157,-100.01662574805326,0.008757883862170617,0.010461311644348836,0.008757883862170617,0.010461311644348836,0.0,0.0,1.452358680080161,1.4439324497880381,1.4439324497880381,0.0038119238673086937,0.00355883198001562,0.7150246796067419,40.015121230347575,0.11104845584428003,0.11104845584428003,0.07241104602589515,0.07241104602589515,1.0366778170485008e-14,1.0366778170485008e-14,-3.353514834918352e-23,-3.353514834918352e-23,-0.04801293826091868,-0.04801293826091868,0.035613784538599653,0.035613784538599653,-0.00033808449942592493,-0.00033808449942592493
36,3,sqp_full,sqp_full,,10,1,72,29.083922867777858,777.2657972480908,-702.8663722262339,-100.01851984711776,776.6333513519528,-704.6182775762835,-100.01467015693629,776.635676640922,-704.615014817356,-100.01742435674258,776.635676640922,-704.615014817356,-100.01742435674258,0.004006565188465914,0.004861911268453952,0.004006565188465914,0.004861911268453952,0.0,0.0,1.8625681644101304,1.8587100072536578,1.8587100072536578,0.007279152311598882,0.010983705219906246,1.3422997172744344,27.18040091347749,0.1446713905170593,0.1446713905170593,0.14847529960505873,0.14847529960505873,9.950411248668912e-15,9.950411248668912e-15,-3.4753155222295694e-23,-3.4753155222295694e-23,-0.01681748401770126,-0.01681748401770126,0.008410396574937022,0.008410396574937022,1.0253115428307361e-06,1.0253115428307361e-06
36,4,sqp_full,sqp_full,,10,1,73,29.48796327181823,777.4037454412321,-702.4866106195068,-100.01877706721662,776.6460013265049,-704.6058962510896,-100.01425989552912,776.6425977248323,-704.6128669252763,-100.01922037777942,776.6425977248323,-704.6128669252763,-100.01922037777942,0.007757241968927746,0.009207670015813397,0.007757241968927746,0.009207670015813397,0.0,0.0,2.2506771717945315,2.258386973927551,2.258386973927551,0.017705574945476484,0.007465958374026369,0.3617639920238005,30.915499145242407,0.3261805456257665,0.3261805456257665,0.1296380465473334,0.1296380465473334,9.325925851681447e-15,9.325925851681447e-15,-3.9421793971761445e-23,-3.9421793971761445e-23,-0.05399059165638359,-0.05399059165638359,-0.00848503753038504,-0.00848503753038504,-0.0005011132780513134,-0.0005011132780513134
36,5,sqp_full,sqp_full,,10,1,74,29.892003675858668,777.5416936343734,-702.1068490127795,-100.01903428731548,776.6476221357381,-704.59775470347,-100.01988849359148,776.6358166925496,-704.6192712784597,-100.0197237899134,776.6358166925496,-704.6192712784597,-100.0197237899134,0.02454244258751958,0.024542995242293975,0.02454244258751958,0.024542995242293975,0.0,0.0,2.6465024097071908,2.6707449662618825,2.6707449662618825,0.010029603001129546,0.00934085447327123,-0.5994317669623884,130.06310312411824,0.32618054631680116,0.32618054631680116,0.18748877084614346,0.18748877084614346,8.362706829165611e-15,8.362706829165611e-15,-3.6626754497567044e-23,-3.6626754497567044e-23,-0.03668395146928412,-0.03668395146928412,-0.015331063436890537,-0.015331063436890537,0.00029672342760476967,0.00029672342760476967
36,6,sqp_full,sqp_full,,10,1,75,30.296044079899143,777.6796418275146,-701.7270874060523,-100.01929150741434,776.6553318244141,-704.593011087343,-100.0180805678713,776.6341851005249,-704.6300841834897,-100.02091224038193,776.6341851005249,-704.6300841834897,-100.02091224038193,0.042680187313797247,0.0427740196655429,0.042680187313797247,0.0427740196655429,0.0,0.0,3.043473267409292,3.0855096917397007,3.0855096917397007,0.009230914843721566,0.010999701006730322,-0.7747932285127641,130.55698930460133,0.32618054558906096,0.32618054558906096,0.1948994097900786,0.1948994097900786,7.424600786033074e-15,7.424600786033074e-15,-2.7590893092275035e-23,-2.7590893092275035e-23,-0.007514991851077196,-0.007514991851077196,-0.017881877122281318,-0.017881877122281318,-0.00044874841681892563,-0.00044874841681892563
36,7,sqp_full,sqp_full,,10,1,76,30.700084483939477,777.8175900206558,-701.3473257993252,-100.01954872751318,776.6502243087009,-704.5868995924403,-100.01810076045378,776.6180711166912,-704.6424677819216,-100.02143499065274,776.6180711166912,-704.6424677819216,-100.02143499065274,0.06420008908589384,0.06428661236724409,0.06420008908589384,0.06428661236724409,0.0,0.0,3.443483855993362,3.506680237266906,3.506680237266906,0.00796476581245906,0.02032946760152042,0.10452308488076786,87.6530528347505,0.32618054374730304,0.32618054374730304,0.20226974747412452,0.20226974747412452,6.814090230952771e-15,6.814090230952771e-15,-2.3797892815699904e-23,-2.3797892815699904e-23,-0.009740889006925605,-0.009740889006925605,-0.020785468428972904,-0.020785468428972904,0.0008418187672726998,0.0008418187672726998
36,8,sqp_full,sqp_full,,10,1,77,31.104124887979953,777.955538213797,-700.9675641925978,-100.01980594761204,776.6634928813922,-704.582867645392,-100.01683595607813,776.6181675166449,-704.6604946573991,-100.0213795676619,776.6181675166449,-704.6604946573991,-100.0213795676619,0.08989072078164662,0.09000547810476918,0.08989072078164662,0.09000547810476918,0.0,0.0,3.839244743015676,3.9276323401584086,3.9276323401584086,0.01392520550569491,0.018027218424906472,-0.3678702610110018,106.50882528178371,0.3261805480818374,0.3261805480818374,0.20960013553843068,0.20960013553843068,4.785756211741675e-15,4.785756211741675e-15,-2.128263592298952e-23,-2.128263592298952e-23,-0.0015078191349820055,-0.0015078191349820055,-0.022243609449777036,-0.022243609449777036,-0.0010335165930634466,-0.0010335165930634466
36,9,sqp_full,sqp_full,,10,1,78,31.50816529202033,778.0934864069383,-700.5878025858707,-100.0200631677109,776.6615407599443,-704.5771712392591,-100.01600941112808,776.6015649937584,-704.6795764598112,-100.0220269742975,776.6015649937584,-704.6795764598112,-100.0220269742975,0.11867569981212402,0.1188281649795005,0.11867569981212402,0.1188281649795005,0.0,0.0,4.238576481388886,4.355277596039801,4.355277596039801,0.006078075150215868,0.025301740747249203,-2.079491949392877,119.96977198637032,0.3261805455554363,0.3261805455554363,0.21689082273055313,0.21689082273055313,3.592513993743574e-15,3.592513993743574e-15,-1.802194873402899e-23,-1.802194873402899e-23,-0.0014658257149288173,-0.0014658257149288173,-0.022145933796489672,-0.022145933796489672,0.0005125779410623059,0.0005125779410623059
36,10,sqp_full,sqp_full,,10,0,79,31.91220569606077,778.2314346000795,-700.2080409791434,-100.02032038780976,776.671378314348,-704.5713360020516,-100.0166145022355,776.5941956633734,-704.7029613297094,-100.02239459187967,nan,nan,nan,0.15258567590865918,0.15269511429249172,nan,nan,nan,nan,4.633801794594275,4.783812317994787,nan,0.011453977700399525,nan,nan,nan,0.3261805447490481,nan,0.22414218535333053,nan,3.023222309592749e-15,nan,-1.6432430299240546e-23,nan,-0.01204437605434491,nan,-0.02258809209321194,nan,-0.0006064325197181371,nan
36,11,sqp_full,sqp_full,,10,0,80,32.316246100101246,778.3693827932208,-699.8282793724162,-100.02057760790862,776.6689151450208,-704.5641083421626,-100.01767070797197,776.5733047338155,-704.7274139671613,-100.0228826617789,nan,nan,nan,0.1892355090543385,0.18930726966902256,nan,nan,nan,nan,5.031865086949813,5.217989667765303,nan,0.00770855636043468,nan,nan,nan,0.32618054647283834,nan,0.23135453894385644,nan,2.3468891459580482e-15,nan,-1.3386171411620318e-23,nan,-0.00887402816946663,nan,-0.019579456649042086,nan,0.0006437133261567134,nan
36,12,sqp_full,sqp_full,,10,0,81,32.72028650414162,778.507330986362,-699.4485177656891,-100.02083482800748,776.6794961310669,-704.5596227039392,-100.016876570819,776.5649081306229,-704.7559466381875,-100.02313828398114,nan,nan,nan,0.22731805252656168,0.22740427888716974,nan,nan,nan,nan,5.428109610908494,5.651708395443623,nan,0.01151993358475759,nan,nan,nan,0.3261805443942116,nan,0.2385281785111507,nan,1.5599467518255794e-15,nan,-9.236383634758805e-24,nan,-0.003488042344840401,nan,-0.014386504088510046,nan,-0.0007613082209985645,nan
36,13,sqp_full,sqp_full,,10,0,82,33.12432690818206,778.6452791795032,-699.0687561589618,-100.02109204810634,776.6787744141457,-704.5561046603873,-100.01614519250288,776.5485657304159,-704.7798803887458,-100.02335428724054,nan,nan,nan,0.2589012899176231,0.25900163892907246,nan,nan,nan,nan,5.829076648001014,6.083843132067888,nan,0.003665026601387456,nan,nan,nan,0.2506681096077543,nan,0.20106637622803117,nan,8.022322549471844e-16,nan,-6.1913550174148975e-24,nan,-0.0030281915038583955,nan,-0.009923082071706267,nan,0.00027009079861027856,nan
36,14,sqp_full,sqp_full,,10,0,83,33.528367312222535,778.7832273726445,-698.6889945522346,-100.0213492682052,776.683696531169,-704.5572948384937,-100.01576502205519,776.5452941041212,-704.7953771936493,-100.02349513406216,nan,nan,nan,0.2753877986569549,0.27549626908683106,nan,nan,nan,nan,6.23257394693528,6.5035570480879406,nan,0.005078217156177023,nan,nan,nan,0.10932575676675484,nan,0.12192029272174763,nan,4.635914985015948e-16,nan,-2.8418104653323868e-24,nan,-0.0022206320582335883,nan,-0.005113576447499112,nan,-0.0005204267729534454,nan
37,0,sqp_full,sqp_full,,10,1,69,27.871801655656572,776.8519526686671,-704.0056570464156,-100.0177481868212,776.6242976640569,-704.6256382065943,-100.02035351529405,776.623642445461,-704.6276330494517,-100.02042975123993,776.623642445461,-704.6276330494517,-100.02042975123993,0.0020996926998868696,0.0021010762369323387,0.0020996926998868696,0.0021010762369323387,0.0,0.0,0.6604569933770016,0.66255543645277,0.66255543645277,0.05855689476076971,0.05646311074456413,0.9642391349060937,0.17427698245173898,0.500000015708843,0.500000015708843,-0.2758578878322645,-0.2758578878322645,4.937784169323341e-15,4.937784169323341e-15,6.944578577404208e-23,6.944578577404208e-23,0.0604081110963427,0.0604081110963427,0.34179097538665193,0.34179097538665193,0.0009546527488365972,0.0009546527488365972
37,1,sqp_full,sqp_full,,10,1,70,28.275842059697048,776.9899008618085,-703.6258954396883,-100.01800540692004,776.6401903824196,-704.5918989211764,-100.02001642790798,776.6437106074428,-704.5887660500846,-100.01909150155576,776.6437106074428,-704.5887660500846,-100.01909150155576,0.004712416099202065,0.0048023280030671965,0.004712416099202065,0.0048023280030671965,0.0,0.0,1.0273559001832353,1.0232143004192769,1.0232143004192769,0.037296534763625426,0.04376260592499301,1.1723196291426838,2.4236103440496044,0.01731725247118574,0.01731725247118574,-0.2497912571552806,-0.2497912571552806,-6.932604853098463e-17,-6.932604853098463e-17,8.966477721085272e-23,8.966477721085272e-23,0.03506956049169468,0.03506956049169468,0.3526297621556095,0.3526297621556095,0.0004079117701255506,0.0004079117701255506
37,2,sqp_full,sqp_full,,10,1,71,28.679882463737382,777.1278490549496,-703.2461338329612,-100.0182626270189,776.6410462419667,-704.596279268165,-100.01853427739051,776.6428270918973,-704.5952612805346,-100.01823656220776,776.6428270918973,-704.5952612805346,-100.01823656220776,0.0020512740651820903,0.0020727661760392637,0.0020512740651820903,0.0020727661760392637,0.0,0.0,1.4352246078330368,1.433663549944384,1.433663549944384,0.004702840148369427,0.006610562729999743,1.309523553367907,21.312484142933954,-0.17381945433005083,-0.17381945433005083,0.020207213562544075,0.020207213562544075,2.0230332299288548e-14,2.0230332299288548e-14,1.0960998438719293e-22,1.0960998438719293e-22,0.030085819401957557,0.030085819401957557,0.3732244113061924,0.3732244113061924,-0.00032511138419538736,-0.00032511138419538736
37,3,sqp_full,sqp_full,,10,1,72,29.083922867777858,777.2657972480908,-702.8663722262339,-100.01851984711776,776.6493769487373,-704.5846960570832,-100.02070564119695,776.6471491355205,-704.5910073703354,-100.01827601728084,776.6471491355205,-704.5910073703354,-100.01827601728084,0.0066929684518007015,0.007120315938955254,0.0066929684518007015,0.007120315938955254,0.0,0.0,1.825543966361663,1.8322368480785227,1.8322368480785227,0.014432126490666688,0.006064434826727953,0.4098459638603076,12.747908370188554,-0.24933188723197125,-0.24933188723197125,-0.07090818079087732,-0.07090818079087732,4.6501460865101036e-14,4.6501460865101036e-14,1.3738551674382972e-22,1.3738551674382972e-22,-0.007098317075014227,-0.007098317075014227,0.4150017511952124,0.4150017511952124,-0.0001827332403530719,-0.0001827332403530719
37,4,sqp_full,sqp_full,,10,1,73,29.48796327181823,777.4037454412321,-702.4866106195068,-100.01877706721662,776.6590794651311,-704.578007330188,-100.02027944463003,776.649476472247,-704.5964508160239,-100.01804707371444,776.649476472247,-704.5964508160239,-100.01804707371444,0.02079374045488758,0.02091322839759614,0.02079374045488758,0.02091322839759614,0.0,0.0,2.2200152290943924,2.240613159921407,2.240613159921407,0.01179235071393226,0.00592452634036719,-0.09874277113636024,101.33472956440588,-0.3906742492685121,-0.3906742492685121,-0.054805158657987095,-0.054805158657987095,3.125977107381067e-14,3.125977107381067e-14,8.492944935344839e-23,8.492944935344839e-23,-0.0022466491238191466,-0.0022466491238191466,0.36897723747930544,0.36897723747930544,-0.0005874145510270176,-0.0005874145510270176
37,5,sqp_full,sqp_full,,10,1,74,29.892003675858668,777.5416936343734,-702.1068490127795,-100.01903428731548,776.6509903446405,-704.5693583270715,-100.02010516660171,776.6321164946686,-704.6031047964316,-100.01839305223527,776.6321164946686,-704.6031047964316,-100.01839305223527,0.03866582996691983,0.03870371742655355,0.03866582996691983,0.03870371742655355,0.0,0.0,2.6186455417478616,2.6568070141600373,2.6568070141600373,0.011843542462062076,0.018594729842848184,0.5904088754717837,67.91082765854706,-0.39067423449026134,-0.39067423449026134,-0.04887769874373923,-0.04887769874373923,2.5733817955619908e-14,2.5733817955619908e-14,1.1628258038323992e-22,1.1628258038323992e-22,-0.018601766184000213,-0.018601766184000213,0.3458645038148216,0.3458645038148216,0.001219748333720032,0.001219748333720032
37,6,sqp_full,sqp_full,,10,1,75,30.296044079899143,777.6796418275146,-701.7270874060523,-100.01929150741434,776.668944390777,-704.5633290030438,-100.01758407151324,776.6381356128818,-704.6167471962825,-100.01940392871582,776.6381356128818,-704.6167471962825,-100.01940392871582,0.0616659076336846,0.061692755202891345,0.0616659076336846,0.061692755202891345,0.0,0.0,3.0109426605522076,3.071623169985603,3.071623169985603,0.019106450255101614,0.014945458474578567,0.06372866910137348,85.32684844077801,-0.3906742517025619,-0.3906742517025619,-0.04307523445634279,-0.04307523445634279,1.9277759335121363e-14,1.9277759335121363e-14,8.32996696834465e-23,8.32996696834465e-23,-0.002055445584121617,-0.002055445584121617,0.3239511346660375,0.3239511346660375,-0.0014217747737011624,-0.0014217747737011624
37,7,sqp_full,sqp_full,,10,1,76,30.700084483939477,777.8175900206558,-701.3473257993252,-100.01954872751318,776.6579618736251,-704.5543006868807,-100.01516729395446,776.6140710480639,-704.6294343668657,-100.0176786175082,776.6140710480639,-704.6294343668657,-100.0176786175082,0.08701421973756139,0.08705045193752971,0.08701421973756139,0.08705045193752971,0.0,0.0,3.4101943300635127,3.495811002687565,3.495811002687565,0.014421060623414625,0.027258838493976083,0.7400953507088739,66.94956496998758,-0.39067424818993407,-0.39067424818993407,-0.03739357437890234,-0.03739357437890234,4.150753215079376e-14,4.150753215079376e-14,6.152058867990022e-23,6.152058867990022e-23,-0.006193568927604185,-0.006193568927604185,0.2918363843147058,0.2918363843147058,0.0015118431529059617,0.0015118431529059617
37,8,sqp_full,sqp_full,,10,1,77,31.104124887979953,777.955538213797,-700.9675641925978,-100.01980594761204,776.6786562315242,-704.5493468897674,-100.0145873409264,776.6198053939562,-704.6492739894919,-100.01791812765374,776.6198053939562,-704.6492739894919,-100.01791812765374,0.11596916116710353,0.11601698359302699,0.11596916116710353,0.11601698359302699,0.0,0.0,3.802577400447801,3.9165251428461034,3.9165251428461034,0.021286918523093976,0.02065310421890949,0.044684983758891836,87.36023446705563,-0.39067422958034376,-0.39067422958034376,-0.03182965855820608,-0.03182965855820608,2.2570262992210868e-14,2.2570262992210868e-14,8.49963433932962e-23,8.49963433932962e-23,-0.014840469454460072,-0.014840469454460072,0.2515605585003444,0.2515605585003444,-0.0017435600385196414,-0.0017435600385196414
37,9,sqp_full,sqp_full,,10,1,78,31.50816529202033,778.0934864069383,-700.5878025858707,-100.0200631677109,776.6731729028219,-704.5419594090163,-100.01306397384229,776.5987433540815,-704.6679881890338,-100.0184111420389,776.5987433540815,-704.6679881890338,-100.0184111420389,0.14636601763526885,0.14646365872164518,0.14636601763526885,0.14646365872164518,0.0,0.0,4.201505281682307,4.345362050545782,4.345362050545782,0.00932536394887078,0.028179316020146398,-0.2703667279837608,95.13324947216833,-0.3906742485741328,-0.3906742485741328,-0.026381227371453608,-0.026381227371453608,3.3739551029704704e-14,3.3739551029704704e-14,4.289127270696764e-23,4.289127270696764e-23,-0.005158501969334226,-0.005158501969334226,0.2150228289512267,0.2150228289512267,0.0008964919403405821,0.0008964919403405821
37,10,sqp_full,sqp_full,,10,0,79,31.91220569606077,778.2314346000795,-700.2080409791434,-100.02032038780976,776.6873341108326,-704.5343976486696,-100.01708601789053,776.5948378381535,-704.6912200753459,-100.01820448628096,nan,nan,nan,0.18206821240458032,0.18207164781958715,nan,nan,nan,nan,4.593648697151897,4.772561552224697,nan,0.016549829914220018,nan,nan,nan,-0.3906742467438869,nan,-0.021044294538895163,nan,3.899906685691286e-14,nan,7.244973633895057e-23,nan,-0.015121803944032532,nan,0.1950295780705696,nan,-0.0009863086047134648,nan
37,11,sqp_full,sqp_full,,10,0,80,32.316246100101246,778.3693827932208,-699.8282793724162,-100.02057760790862,776.6836562332036,-704.5252921548094,-100.01865980029669,776.5728064269365,-704.7139085044181,-100.01838215918004,nan,nan,nan,0.21877798538504978,0.21877816155578855,nan,nan,nan,nan,4.990351000993075,5.205483517921887,nan,0.009945531325812064,nan,nan,nan,-0.39067424197571465,nan,-0.015816522608285945,nan,6.090707247661802e-14,nan,8.721427211232967e-23,nan,-0.010397990427395426,nan,0.15270292976741967,nan,0.0008041013024277662,nan
37,12,sqp_full,sqp_full,,10,0,81,32.72028650414162,778.507330986362,-699.4485177656891,-100.02083482800748,776.69620929714,-704.5180793253526,-100.01591993258256,776.5663300750792,-704.740129136999,-100.01791728416663,nan,nan,nan,0.25724449688047535,0.2572522508912979,nan,nan,nan,nan,5.383364763824675,5.636367220344811,nan,0.014734693687128842,nan,nan,nan,-0.39067423426147513,nan,-0.010694704759021602,nan,3.622126928223889e-14,nan,3.545336869739112e-23,nan,0.0020112072833848578,nan,0.11110052676465647,nan,-0.0008691759113876192,nan
37,13,sqp_full,sqp_full,,10,0,82,33.12432690818206,778.6452791795032,-699.0687561589618,-100.02109204810634,776.6942744784448,-704.5106871443751,-100.01660495467327,776.5470605831083,-704.7635778790769,-100.01779955214262,nan,nan,nan,0.29261861642453035,0.2926210548496471,nan,nan,nan,nan,5.781092647030741,6.069062176494219,nan,0.007671839300511133,nan,nan,nan,-0.35337343201519844,nan,-0.001679127434293398,nan,2.0531155356568792e-14,nan,1.2513237384144588e-23,nan,0.0046017980143909076,nan,0.07088210076700877,nan,0.000539578136655458,nan
37,14,sqp_full,sqp_full,,10,0,83,33.528367312222535,778.7832273726445,-698.6889945522346,-100.0213492682052,776.7019785005754,-704.5102080358797,-100.01980764156477,776.5463413348236,-704.7783311385311,-100.02035277925684,nan,nan,nan,0.31002084694206145,0.31002132622414286,nan,nan,nan,nan,6.18208082199364,6.487193476952012,nan,0.008356955502071198,nan,nan,nan,-0.1697484683739147,nan,0.021362235013430448,nan,9.446354944172481e-15,nan,8.924393336382704e-24,nan,0.0034020772006723905,nan,0.032806582567017954,nan,-0.0007285608030993087,nan
38,0,sqp_full,sqp_full,,10,1,69,27.871801655656572,776.8519526686671,-704.0056570464156,-100.0177481868212,776.6383140482594,-704.5957346951429,-100.02953949684515,776.6359985652963,-704.6007151547112,-100.01100765314848,776.6359985652963,-704.6007151547112,-100.01100765314848,0.005492398279826276,0.019328623066893726,0.005492398279826276,0.019328623066893726,0.0,0.0,0.6275612254252626,0.6330326429269466,0.6330326429269466,0.08312789843287509,0.07725557298592062,0.904821092837001,13.195192656744148,0.10932574900935972,0.10932574900935972,-0.4999999906301886,-0.4999999906301886,6.6305669060854e-14,6.6305669060854e-14,-3.4713095285970985e-23,-3.4713095285970985e-23,0.23137730342404367,0.23137730342404367,0.09042317673006707,0.09042317673006707,0.000377410879837621,0.000377410879837621
38,1,sqp_full,sqp_full,,10,1,70,28.275842059697048,776.9899008618085,-703.6258954396883,-100.01800540692004,776.640477210548,-704.5903338328145,-100.02751600098249,776.6373986208685,-704.5965712277682,-100.00526491197353,776.6373986208685,-704.5965712277682,-100.00526491197353,0.006955775314317877,0.02331295288693134,0.006955775314317877,0.02331295288693134,0.0,0.0,1.025786674799382,1.0327000123134245,1.0327000123134245,0.006159798737221982,0.00721882000861977,0.9759276219291112,33.61707496484387,0.10932575325374824,0.10932575325374824,0.027840999772065944,0.027840999772065944,2.535694821436602e-14,2.535694821436602e-14,-3.063895480589734e-23,-3.063895480589734e-23,0.2015086805500605,0.2015086805500605,0.05557635144276953,0.05557635144276953,0.00012259744124545817,0.00012259744124545817
38,2,sqp_full,sqp_full,,10,1,71,28.679882463737382,777.1278490549496,-703.2461338329612,-100.0182626270189,776.6444284507095,-704.5903551440072,-100.02610786768057,776.6401803483445,-704.5984341291283,-100.00111353292928,776.6401803483445,-704.5984341291283,-100.00111353292928,0.009127780359565876,0.026608892197001594,0.009127780359565876,0.026608892197001594,0.0,0.0,1.4285049575251598,1.4375454282963458,1.4375454282963458,0.0041947100467025905,0.00533313765034678,0.9591418516371653,41.0269815638916,0.10932577393727347,0.10932577393727347,0.06946117617115044,0.06946117617115044,4.3535609282132245e-14,4.3535609282132245e-14,-4.3958742759061846e-23,-4.3958742759061846e-23,0.140488153704054,0.140488153704054,0.026666228688490133,0.026666228688490133,-0.0003641307821150461,-0.0003641307821150461
38,3,sqp_full,sqp_full,,10,1,72,29.083922867777858,777.2657972480908,-702.8663722262339,-100.01851984711776,776.6445546816375,-704.5903518879973,-100.02200638016353,776.6385483733127,-704.6011195817676,-99.99597825884297,776.6385483733127,-704.6011195817676,-99.99597825884297,0.012329597269406902,0.028800730343233747,0.012329597269406902,0.028800730343233747,0.0,0.0,1.832497803695011,1.8446651561846175,1.8446651561846175,0.004103430845179871,0.006020468281090947,1.2381122355421905,32.448660301513826,0.1466265575649722,0.1466265575649722,0.09590715197154379,0.09590715197154379,3.530018752632092e-14,3.530018752632092e-14,-2.834514757497882e-23,-2.834514757497882e-23,0.14465213947858918,0.14465213947858918,0.0016682300504480465,0.0016682300504480465,1.3901587530036607e-05,1.3901587530036607e-05
38,4,sqp_full,sqp_full,,10,1,73,29.48796327181823,777.4037454412321,-702.4866106195068,-100.01877706721662,776.654307239726,-704.5845602790234,-100.02454689820925,776.6425583056836,-704.6048849972854,-99.99391190591061,776.6425583056836,-704.6048849972854,-99.99391190591061,0.023476192697320458,0.03859578185112879,0.023476192697320458,0.03859578185112879,0.0,0.0,2.227790473034355,2.2508869795877966,2.2508869795877966,0.01162365500670591,0.005876029788960719,0.08918462453733923,79.83867495012805,0.3302515429426143,0.3302515429426143,0.17621455087715043,0.17621455087715043,2.864785698103262e-14,2.864785698103262e-14,-4.4389863629499623e-23,-4.4389863629499623e-23,0.08458670530790309,0.08458670530790309,-0.015877850486659493,-0.015877850486659493,-0.0005725284722693114,-0.0005725284722693114
38,5,sqp_full,sqp_full,,10,1,74,29.892003675858668,777.5416936343734,-702.1068490127795,-100.01903428731548,776.6521184183952,-704.5770675378809,-100.0223439539575,776.6329827731006,-704.6100896807934,-99.99273670423004,776.6329827731006,-704.6100896807934,-99.99273670423004,0.03816588585862148,0.04830345825919315,0.03816588585862148,0.04830345825919315,0.0,0.0,2.6255139738033715,2.663075153162912,2.663075153162912,0.008110799715292659,0.01096178150012509,-0.23484526233335104,100.00684412242404,0.3302515249981639,0.3302515249981639,0.18338680419526784,0.18338680419526784,2.6627024463174993e-14,2.6627024463174993e-14,-3.544096606696379e-23,-3.544096606696379e-23,0.0539170126819191,0.0539170126819191,-0.021260823447471672,-0.021260823447471672,0.0006349315619152268,0.0006349315619152268
38,6,sqp_full,sqp_full,,10,1,75,30.296044079899143,777.6796418275146,-701.7270874060523,-100.01929150741434,776.663301959578,-704.5714314097166,-100.02143079967415,776.6344662110156,-704.6207388144454,-99.99060016785856,776.6344662110156,-704.6207388144454,-99.99060016785856,0.05712022895820412,0.06490954024168147,0.05712022895820412,0.06490954024168147,0.0,0.0,3.0204700856553766,3.07662323702784,3.07662323702784,0.012556726676034923,0.010962181500632,-0.2630712338529126,107.53793890775874,0.3302515216038181,0.3302515216038181,0.1905163522254127,0.1905163522254127,7.302965165663126e-15,7.302965165663126e-15,-2.652591075887394e-23,-2.652591075887394e-23,0.04334101333135482,0.04334101333135482,-0.02386826633841192,-0.02386826633841192,-0.0007411906141248675,-0.0007411906141248675
38,7,sqp_full,sqp_full,,10,1,76,30.700084483939477,777.8175900206558,-701.3473257993252,-100.01954872751318,776.6617074139536,-704.56417042732,-100.02320302410641,776.6214628341587,-704.6328362089758,-99.98857381740734,776.6214628341587,-704.6328362089758,-99.98857381740734,0.07959029949239632,0.08679745232375902,0.07959029949239632,0.08679745232375902,0.0,0.0,3.4182091745731222,3.496469490529107,3.496469490529107,0.007642330832349443,0.017875705867470188,-1.2104335566841933,121.16416559438936,0.3302515468882629,0.3302515468882629,0.19760354884063924,0.19760354884063924,9.08729538652285e-15,9.08729538652285e-15,-2.975524948892963e-23,-2.975524948892963e-23,0.02961973763118308,0.02961973763118308,-0.026088841969517145,-0.026088841969517145,0.0005613902567353968,0.0005613902567353968
38,8,sqp_full,sqp_full,,10,1,77,31.104124887979953,777.955538213797,-700.9675641925978,-100.01980594761204,776.6715354437465,-704.5594971303406,-100.02169522843323,776.6183251569485,-704.6498052406093,-99.9881933332455,776.6183251569485,-704.6498052406093,-99.9881933332455,0.10481836385594455,0.11004211185998847,0.10481836385594455,0.11004211185998847,0.0,0.0,3.81453081554452,3.9175295653086173,3.9175295653086173,0.010986506362681423,0.017260875442791153,-0.9077199793459125,125.29326030803897,0.33025153307120864,0.33025153307120864,0.20464841995050798,0.20464841995050798,7.100594198785187e-15,7.100594198785187e-15,-2.2692236440213798e-23,-2.2692236440213798e-23,0.03446528778834805,0.03446528778834805,-0.025275985265309713,-0.025275985265309713,-0.0006709135671883851,-0.0006709135671883851
38,9,sqp_full,sqp_full,,10,1,78,31.50816529202033,778.0934864069383,-700.5878025858707,-100.0200631677109,776.6683041728592,-704.5533726164192,-100.02033387679772,776.6006479396476,-704.6680923462615,-99.98729872317978,776.6006479396476,-704.6680923462615,-99.98729872317978,0.13318401671167035,0.13721990993298053,0.13318401671167035,0.13721990993298053,0.0,0.0,4.213892507826893,4.344805084025375,4.344805084025375,0.007057199203323986,0.02545000141072416,-1.0774598696711506,107.38410005655426,0.33025152226229004,0.33025152226229004,0.21165160209577874,0.21165160209577874,1.0888175801296488e-14,1.0888175801296488e-14,-1.662695812696983e-23,-1.662695812696983e-23,0.019879192921095877,0.019879192921095877,-0.02448376070528805,-0.02448376070528805,0.0006542139342894773,0.0006542139342894773
38,10,sqp_full,sqp_full,,10,0,79,31.91220569606077,778.2314346000795,-700.2080409791434,-100.02032038780976,776.6794854539281,-704.5490536455892,-100.0185348728728,776.5956074461202,-704.6911551397939,-99.986494080059,nan,nan,nan,0.16501016589603013,0.16809213917721466,nan,nan,nan,nan,4.6100907933013495,4.772236693108856,nan,0.012120683582108473,nan,nan,nan,0.3302515322732349,nan,0.2186134488407036,nan,1.1811699029554567e-14,nan,-1.2972908393602671e-23,nan,0.01682355449565522,nan,-0.022621538185651466,nan,-0.0008184266223019919,nan
38,11,sqp_full,sqp_full,,10,0,80,32.316246100101246,778.3693827932208,-699.8282793724162,-100.02057760790862,776.6776922602173,-704.5433237940648,-100.01687005648975,776.5763821176032,-704.7152230841194,-99.98618019388088,nan,nan,nan,0.1995322302731223,0.2018786233971241,nan,nan,nan,nan,5.009337357133488,5.205484632973224,nan,0.006230437846986157,nan,nan,nan,0.330251533360945,nan,0.2255341689696795,nan,7.032399099657952e-15,nan,-1.1540896028421706e-23,nan,0.011077718845173331,nan,-0.019337074324930377,nan,0.0004965065068442867,nan
38,12,sqp_full,sqp_full,,10,0,81,32.72028650414162,778.507330986362,-699.4485177656891,-100.02083482800748,776.6868976006267,-704.5384619329757,-100.01681222124574,776.5667466902598,-704.7430367124321,-99.98491541297825,nan,nan,nan,0.2372489866188001,0.23938355839384676,nan,nan,nan,nan,5.405692308853195,5.638953651848862,nan,0.010410539381720887,nan,nan,nan,0.3302515350021404,nan,0.23241424123043772,nan,3.709877038811786e-15,nan,-1.0450594996839588e-23,nan,0.003097341219177662,nan,-0.015199232771175023,nan,-0.0006120918331362432,nan
38,13,sqp_full,sqp_full,,10,0,82,33.12432690818206,778.6452791795032,-699.0687561589618,-100.02109204810634,776.6858329571123,-704.5346712570829,-100.01659628554802,776.550125966253,-704.7665017658916,-99.9843574708745,nan,nan,nan,0.2686294328300955,0.270557042699265,nan,nan,nan,nan,5.8065185230316905,6.070747234754626,nan,0.003943262324770131,nan,nan,nan,0.2541770297124009,nan,0.1957854237639003,nan,6.56167229218904e-16,nan,-6.115089774269095e-24,nan,0.0040691572584502355,nan,-0.010396520111614425,nan,0.0003131945763358496,nan
38,14,sqp_full,sqp_full,,10,0,83,33.528367312222535,778.7832273726445,-698.6889945522346,-100.0213492682052,776.6916653798305,-704.535456586852,-100.02138117005106,776.5475675369461,-704.7821931675414,-99.98379365167945,nan,nan,nan,0.2857326172739724,0.2881942922952689,nan,nan,nan,nan,6.209327652170371,6.490396310436884,nan,0.007584788547916882,nan,nan,nan,0.11649638086924552,nan,0.12129911986312401,nan,-2.038264986856698e-15,nan,-1.2896566842298768e-24,nan,0.0041912369184470095,nan,-0.0055336446338017905,nan,-0.0006061055330032977,nan
39,0,sqp_full,sqp_full,,10,1,69,27.871801655656572,776.8519526686671,-704.0056570464156,-100.0177481868212,776.6282265887124,-704.6207864799348,-99.99471463632386,776.63122643883,-704.6162189287,-99.9993243153065,776.63122643883,-704.6162189287,-99.9993243153065,0.005464579124700955,0.0071491793468167735,0.005464579124700955,0.0071491793468167735,0.0,0.0,0.6545514332988873,0.6492348424390729,0.6492348424390729,0.05525778353242798,0.06140448621841604,1.1090542646428552,3.591638947054924,0.49999999994007194,0.49999999994007194,-0.28138655079163916,-0.28138655079163916,8.355062981162952e-15,8.355062981162952e-15,5.0081440976926876e-23,5.0081440976926876e-23,-0.37219582323436917,-0.37219582323436917,0.2966344465155122,0.2966344465155122,0.00015745376808470266,0.00015745376808470266
39,1,sqp_full,sqp_full,,10,1,70,28.275842059697048,776.9899008618085,-703.6258954396883,-100.01800540692004,776.641588946634,-704.5912371880665,-100.00125575771304,776.6497824482291,-704.5799968234554,-100.0074103465296,776.6497824482291,-704.5799968234554,-100.0074103465296,0.01390968241835777,0.01521046443999945,0.01390968241835777,0.01521046443999945,0.0,0.0,1.0262581943226703,1.0129116376871081,1.0129116376871081,0.0330832212483759,0.04149397901039163,1.2527929666863706,2.7432885580249278,0.15307023372684384,0.15307023372684384,-0.21106795686418992,-0.21106795686418992,1.4458446863339994e-14,1.4458446863339994e-14,5.991985728598012e-23,5.991985728598012e-23,-0.23743046658629474,-0.23743046658629474,0.3301882088016706,0.3301882088016706,0.00041696860181732285,0.00041696860181732285
39,2,sqp_full,sqp_full,,10,1,71,28.679882463737382,777.1278490549496,-703.2461338329612,-100.0182626270189,776.6433230347279,-704.5904801658826,-100.00514769918028,776.6514210353425,-704.5792631808865,-100.01212083215725,776.6514210353425,-704.5792631808865,-100.01212083215725,0.013834679842935429,0.015492674071025695,0.013834679842935429,0.015492674071025695,0.0,0.0,1.4289970353751313,1.4157038942400217,1.4157038942400217,0.0043275111194526535,0.005041019142589944,1.1603227131093379,5.068273726578568,-0.16974846640195818,-0.16974846640195818,-0.022641857934034934,-0.022641857934034934,3.660972417210036e-15,3.660972417210036e-15,6.7841273562449e-23,6.7841273562449e-23,-0.1391078087011934,-0.1391078087011934,0.35423494365836367,0.35423494365836367,-0.00012842978416799397,-0.00012842978416799397
39,3,sqp_full,sqp_full,,10,1,72,29.083922867777858,777.2657972480908,-702.8663722262339,-100.01851984711776,776.6477744056989,-704.5864824870611,-100.01025070091544,776.6524203231227,-704.5809411934019,-100.01523850219702,776.6524203231227,-704.5809411934019,-100.01523850219702,0.007231215950601306,0.008784568614844297,0.007231215950601306,0.008784568614844297,0.0,0.0,1.8277668185851474,1.8209827004282984,1.8209827004282984,0.007863635685224336,0.003678881425984219,0.22073471793525826,61.84736460651162,-0.2458229690114195,-0.2458229690114195,-0.026752626324171656,-0.026752626324171656,-5.903658344508501e-16,-5.903658344508501e-16,8.342392936067485e-23,8.342392936067485e-23,-0.09516499649645359,-0.09516499649645359,0.3856047255695845,0.3856047255695845,-0.0002221080774395717,-0.0002221080774395717
39,4,sqp_full,sqp_full,,10,1,73,29.48796327181823,777.4037454412321,-702.4866106195068,-100.01877706721662,776.6582461559796,-704.5801353655071,-100.01538559999813,776.6559947424134,-704.5859137182488,-100.01723991387966,776.6559947424134,-704.5859137182488,-100.01723991387966,0.006201469459122207,0.00647276628835789,0.006201469459122207,0.00647276628835789,0.0,0.0,2.2222994952138784,2.228498285386699,2.228498285386699,0.013278203739598576,0.006442679981295362,0.0915784129468736,79.12068987648097,-0.38350361696694446,-0.38350361696694446,-0.04958164141104085,-0.04958164141104085,1.6758507365328864e-15,1.6758507365328864e-15,8.310635767986743e-23,8.310635767986743e-23,-0.0702700987674369,-0.0702700987674369,0.36498592967606563,0.36498592967606563,-0.0006794373603613017,-0.0006794373603613017
39,5,sqp_full,sqp_full,,10,1,74,29.892003675858668,777.5416936343734,-702.1068490127795,-100.01903428731548,776.6501556820148,-704.5717070498933,-100.02038996210933,776.6391009893388,-704.5918709551363,-100.0187808370727,776.6391009893388,-704.5918709551363,-100.0187808370727,0.022995419213583845,0.023051650443992645,0.022995419213583845,0.023051650443992645,0.0,0.0,2.6211381237203533,2.643862238632177,2.643862238632177,0.012709677934552506,0.017979488551388784,0.583030315187386,65.66044889516171,-0.3835036218088432,-0.3835036218088432,-0.04345020837899803,-0.04345020837899803,-2.4735868940366615e-14,-2.4735868940366615e-14,5.403538142863505e-23,5.403538142863505e-23,-0.05273116216342593,-0.05273116216342593,0.34281310618406774,0.34281310618406774,0.0012102111378797316,0.0012102111378797316
39,6,sqp_full,sqp_full,,10,1,75,30.296044079899143,777.6796418275146,-701.7270874060523,-100.01929150741434,776.6672690489188,-704.5665235940587,-100.01806133025478,776.6450991647355,-704.6048428018872,-100.01790406052378,776.6450991647355,-704.6048428018872,-100.01790406052378,0.044270367666261766,0.044270647014407735,0.044270367666261766,0.044270647014407735,0.0,0.0,3.0145143072478784,3.058063871041127,3.058063871041127,0.018032139847937934,0.014318367690986055,0.11517989290833092,81.65957990885315,-0.3835036184969969,-0.3835036184969969,-0.037447408002147554,-0.037447408002147554,-2.3001895177263403e-14,-2.3001895177263403e-14,7.416740649601555e-23,7.416740649601555e-23,0.014334894077908592,0.014334894077908592,0.31484325036933786,0.31484325036933786,-0.0013815608870268805,-0.0013815608870268805
39,7,sqp_full,sqp_full,,10,1,76,30.700084483939477,777.8175900206558,-701.3473257993252,-100.01954872751318,776.6584233581474,-704.5585030494509,-100.01478012959939,776.623757244714,-704.6172966568679,-100.01737425339483,776.623757244714,-704.6172966568679,-100.01737425339483,0.06825267535909585,0.06830195584271562,0.06825267535909585,0.06830195584271562,0.0,0.0,3.413989848138985,3.48108404180243,3.48108404180243,0.012383119912619601,0.02471551637478314,0.5910704878945066,72.77398456314869,-0.3835036190148975,-0.3835036190148975,-0.03157008868098386,-0.03157008868098386,-1.2681385610176551e-14,-1.2681385610176551e-14,6.449270054454442e-23,6.449270054454442e-23,0.008871300001645406,0.008871300001645406,0.28411783710839744,0.28411783710839744,0.0012584270436119273,0.0012584270436119273
39,8,sqp_full,sqp_full,,10,1,77,31.104124887979953,777.955538213797,-700.9675641925978,-100.01980594761204,776.6764841382508,-704.5534504877452,-100.01549328311025,776.6271154873136,-704.6362895295854,-100.01609377641496,776.6271154873136,-704.6362895295854,-100.01609377641496,0.09643428098109064,0.09643615058964639,0.09643428098109064,0.09643615058964639,0.0,0.0,3.807172159214376,3.9018268206689273,3.9018268206689273,0.01876775814160148,0.019329941249645113,-0.10284043352145474,95.73050234354092,-0.3835036183746643,-0.3835036183746643,-0.025814818779890066,-0.025814818779890066,-7.792188198080374e-15,-7.792188198080374e-15,5.625652294957776e-23,5.625652294957776e-23,-0.013910657962899753,-0.013910657962899753,0.25319755542536054,0.25319755542536054,-0.001489008373858073,-0.001489008373858073
39,9,sqp_full,sqp_full,,10,1,78,31.50816529202033,778.0934864069383,-700.5878025858707,-100.0200631677109,776.6687908880838,-704.5457712714108,-100.015847517702,776.6044762478067,-704.6538866180322,-100.01742736401229,776.6044762478067,-704.6538866180322,-100.01742736401229,0.1257986531288493,0.12580857301232187,0.1257986531288493,0.12580857301232187,0.0,0.0,4.206575024549083,4.33014902868199,4.33014902868199,0.010875750263175027,0.028704897546224795,0.3340314309226564,82.7292466817175,-0.3835036220516281,-0.3835036220516281,-0.020178606085685523,-0.020178606085685523,-1.6127143751342295e-15,-1.6127143751342295e-15,4.161959190326046e-23,4.161959190326046e-23,-0.004851815066423426,-0.004851815066423426,0.21657158814987518,0.21657158814987518,0.0011200513916120557,0.0011200513916120557
39,10,sqp_full,sqp_full,,10,0,79,31.91220569606077,778.2314346000795,-700.2080409791434,-100.02032038780976,776.6853973745056,-704.539774759562,-100.0169815028494,776.603885673667,-704.6769650764885,-100.01724093409607,nan,nan,nan,0.15957863400841418,0.15957884489042762,nan,nan,nan,nan,4.599363939424567,4.756069605850749,nan,0.017692356201033287,nan,nan,nan,-0.38350361791000864,nan,-0.014658119445413828,nan,1.3083881762860317e-15,nan,4.3690696240550847e-23,nan,-0.002971336594475946,nan,0.186860796960662,nan,-0.0013051718918176624,nan
39,11,sqp_full,sqp_full,,10,0,80,32.316246100101246,778.3693827932208,-699.8282793724162,-100.02057760790862,776.6803964542684,-704.5318071020464,-100.01820242093092,776.5814442035012,-704.698958980954,-100.01679033643538,nan,nan,nan,0.1942454595459738,0.19425059211453924,nan,nan,nan,nan,4.997584212053702,5.188472246204525,nan,0.009485958595000005,nan,nan,nan,-0.38350361638657676,nan,-0.009250570120092082,nan,3.823279284744123e-15,nan,4.1059001405906924e-23,nan,0.0012674325970554222,nan,0.14632287179603606,nan,0.0008690356385835525,nan
39,12,sqp_full,sqp_full,,10,0,81,32.72028650414162,778.507330986362,-699.4485177656891,-100.02083482800748,776.6931072232765,-704.5274928819542,-100.01860764284262,776.5764919347263,-704.7249406096686,-100.01686283307355,nan,nan,nan,0.22931360775842943,0.22932024564856257,nan,nan,nan,nan,5.3932732263613,5.6186099234411,nan,0.013429085917472675,nan,nan,nan,-0.38350362071996885,nan,-0.003953099955635882,nan,2.5744483487693925e-15,nan,2.148886545864912e-23,nan,0.0030486330111857544,nan,0.09902877094665896,nan,-0.0010104290487453018,nan
39,13,sqp_full,sqp_full,,10,0,82,33.12432690818206,778.6452791795032,-699.0687561589618,-100.02109204810634,776.6909043100503,-704.5237276402692,-100.01882306447528,776.5599998452669,-704.7460638445679,-100.01578061722475,nan,nan,nan,0.25801040025968575,0.2580283378379891,nan,nan,nan,nan,5.794505586521232,6.048157773970051,nan,0.004367639878595453,nan,nan,nan,-0.3099926529764409,nan,0.008043672028738902,nan,1.4716810311343466e-15,nan,1.23298018934415e-23,nan,0.0021664714105462746,nan,0.06319995903808809,nan,0.0003884622250899763,nan
39,14,sqp_full,sqp_full,,10,0,83,33.528367312222535,778.7832273726445,-698.6889945522346,-100.0213492682052,776.6960634626372,-704.5243849212485,-100.01900890245348,776.5576513357888,-704.7598333885752,-100.01578537929834,nan,nan,nan,0.27311883425569716,0.2731378566341962,nan,nan,nan,nan,6.197421556261719,6.465931709556477,nan,0.005204172312195973,nan,nan,nan,-0.1576852377350365,nan,0.025351171669767993,nan,5.42551567742003e-16,nan,6.871688385922597e-24,nan,0.0014471446375192718,nan,0.030836153874206722,nan,-0.0005364399603263986,nan
0,0,sqp_full,sqp_full,,10,1,34,13.737373737374261,784.3954538531256,-709.9360621727807,-100.00874548336117,784.632984997681,-709.935591427797,-100.00112284688919,784.6329852840241,-709.9356228765299,-100.00114055854338,784.6329852840241,-709.9356228765299,-100.00114055854338,3.145003640157682e-05,3.6094424550449765e-05,3.145003640157682e-05,3.6094424550449765e-05,0.0,0.0,0.237531611021836,0.2375318371206471,0.2375318371206471,0.49990669574442337,0.49990697066782913,1.0000005473430005,0.004136767062858351,0.0013840979216761826,0.0013840979216761826,-0.03431615348581789,-0.03431615348581789,0.0,0.0,0.0,0.0,-0.07057737229224012,-0.07057737229224012,0.0023028721154579298,0.0023028721154579298,0.049984006120516816,0.049984006120516816
0,1,sqp_full,sqp_full,,10,1,35,14.141414141414698,783.9914136128365,-709.9363193927978,-100.00900270346003,784.1329354914111,-709.9364058038432,-100.00235504019857,784.1329358338047,-709.9364606536658,-100.00239535340079,784.1329358338047,-709.9364606536658,-100.00239535340079,5.485089123876953e-05,6.807183369784961e-05,5.485089123876953e-05,6.807183369784961e-05,0.0,0.0,0.14152190495513817,0.14152229146817452,0.14152229146817452,0.5000516875578805,0.5000517263697902,1.0000000754993479,0.0037277036280495444,0.0006909246506485035,0.0006909246506485035,-0.00018413558627218402,-0.00018413558627218402,0.0,0.0,0.0,0.0,-0.06546725196095625,-0.06546725196095625,1.6635354497446106e-05,1.6635354497446106e-05,0.05000501977174897,0.05000501977174897
0,2,sqp_full,sqp_full,,10,1,36,14.545454545455133,783.5873733725475,-709.9365766128149,-100.00925992355889,783.6328879684608,-709.9365345445898,-100.00359491734594,783.6328883884858,-709.936610271007,-100.00368064735932,783.6328883884858,-709.936610271007,-100.00368064735932,7.572758198576003e-05,0.00011438663325555055,7.572758198576003e-05,0.00011438663325555055,0.0,0.0,0.04551461535469016,0.04551502838335708,0.04551502838335708,0.5000490766697293,0.5000491195231912,1.0000000807024467,0.005727322860890802,0.00030804615541395793,0.00030804615541395793,0.0023363998260378925,0.0023363998260378925,0.0,0.0,0.0,0.0,-0.05634266295834028,-0.05634266295834028,-0.00015431310337341256,-0.00015431310337341256,0.05000477672002056,0.05000477672002056
0,3,sqp_full,sqp_full,,10,1,38,15.353535353536007,782.7792928919694,-709.937091052849,-100.0097743637566,783.1328522511304,-709.936835445654,-100.00488616731013,783.1328527727238,-709.9369401822687,-100.00502030255338,783.1328527727238,-709.9369401822687,-100.00502030255338,0.00010473791348672474,0.00017018311901741904,0.00010473791348672474,0.00017018311901741904,0.0,0.0,0.35355945155716273,0.35355991294411326,0.35355991294411326,0.5000374750696388,0.5000375191402274,1.0000000817661936,0.006466242902086859,0.000137539883933394,0.000137539883933394,0.0014866643673570146,0.0014866643673570146,0.0,0.0,0.0,0.0,-0.05001349085440081,-0.05001349085440081,-9.895382012502334e-05,-9.895382012502334e-05,0.05000362269015668,0.05000362269015668
0,4,sqp_full,sqp_full,,10,1,39,15.757575757576442,782.3752526516803,-709.9373482728662,-100.01003158385546,782.6328271236997,-709.9371800203588,-100.00619222593774,782.6328277749262,-709.9373244222425,-100.0063796544091,782.6328277749262,-709.9373244222425,-100.0063796544091,0.000144403352122458,0.00023660464911667975,0.000144403352122458,0.00023660464911667975,0.0,0.0,0.25757452697231287,0.25757512435022417,0.25757512435022417,0.5000269518564877,0.5000269931716382,1.0000000737997652,0.007612399812040553,4.2662166746706814e-05,4.2662166746706814e-05,0.00117956180232118,0.00117956180232118,0.0,0.0,0.0,0.0,-0.0431944803129752,-0.0431944803129752,-7.870434439140501e-05,-7.870434439140501e-05,0.05000257798769819,0.05000257798769819
0,5,sqp_full,sqp_full,,10,1,40,16.161616161616767,781.9712124113913,-709.9376054928832,-100.01028880395431,782.1328137543998,-709.9375156524957,-100.0074757312937,782.132814551492,-709.9377083312731,-100.00772486292418,782.132814551492,-709.9377083312731,-100.00772486292418,0.00019268042622550121,0.0003149481163017902,0.00019268042622550121,0.0003149481163017902,0.0,0.0,0.16160136798132368,0.1616021728221502,0.1616021728221502,0.5000151292847184,0.5000151803508015,1.000000089853905,0.008977416745792489,-1.644377733156295e-05,-1.644377733156295e-05,0.0010753042918282417,0.0010753042918282417,0.0,0.0,0.0,0.0,-0.03615594398998376,-0.03615594398998376,-7.143765992253957e-05,-7.143765992253957e-05,0.0500014105328224,0.0500014105328224
0,6,sqp_full,sqp_full,,10,1,41,16.5656565656572,781.5671721711022,-709.9378627129003,-100.01054602405317,781.6328077405751,-709.9378320230944,-100.00872975681285,781.6328087480952,-709.9381563520553,-100.00903699285503,781.6328087480952,-709.9381563520553,-100.00903699285503,0.00032433052582463536,0.00044674855970018167,0.00032433052582463536,0.00044674855970018167,0.0,0.0,0.06563557664776264,0.06563723381812646,0.06563723381812646,0.5000076864721592,0.5000077257783876,1.0000000371966493,0.016489760367841444,-4.515825313365357e-05,-4.515825313365357e-05,0.0008178683019646572,0.0008178683019646572,0.0,0.0,0.0,0.0,-0.029624036469765254,-0.029624036469765254,-5.391870440176204e-05,-5.391870440176204e-05,0.05000068118494982,0.05000068118494982
0,7,sqp_full,sqp_full,,10,1,43,17.37373737373807,780.7590916905242,-709.9383771529344,-100.01106046425089,781.1328100533561,-709.938133898121,-100.00989796232588,781.1328112607612,-709.9385969253489,-100.01026444798475,781.1328112607612,-709.9385969253489,-100.01026444798475,0.0004630288021246601,0.0005905145296675657,0.0004630288021246601,0.0005905145296675657,0.0,0.0,0.37371844199972293,0.3737196348575442,0.3737196348575442,0.4999991430562451,0.49999918809055743,1.0000000445730943,0.017283142663334368,-8.620618907037587e-05,-8.620618907037587e-05,0.0007726460127579107,0.0007726460127579107,0.0,0.0,0.0,0.0,-0.022369587218582683,-0.022369587218582683,-5.039677215858703e-05,-5.039677215858703e-05,0.04999985073722857,0.04999985073722857
0,8,sqp_full,sqp_full,,10,1,44,17.777777777778503,780.3550514502351,-709.9386343729515,-100.01131768434975,780.6328182604121,-709.9384472779974,-100.0109999740693,780.632819662278,-709.9390501043225,-100.0114271539464,780.632819662278,-709.9390501043225,-100.0114271539464,0.000602827955200843,0.0007388397600074799,0.000602827955200843,0.0007388397600074799,0.0,0.0,0.2777668731876137,0.2777685231521209,0.2777685231521209,0.4999931056006737,0.4999931557632067,1.0000000538699463,0.017464689474068196,-9.804219605228741e-05,-9.804219605228741e-05,0.0006875081965840419,0.0006875081965840419,0.0,0.0,0.0,0.0,-0.01713574349619549,-0.01713574349619549,-4.429701921809386e-05,-4.429701921809386e-05,0.0499992639259949,0.0499992639259949
0,9,sqp_full,sqp_full,,10,1,45,18.181818181818937,779.951011209946,-709.9388915929685,-100.01157490444861,780.1328334111838,-709.9387904213781,-100.01202501905702,780.1328350179951,-709.9395391818289,-100.01251369523636,780.1328350179951,-709.9395391818289,-100.01251369523636,0.0007487621747176935,0.0008941192328452828,0.0007487621747176935,0.0008941192328452828,0.0,0.0,0.18182222938527182,0.1818249612809172,0.1818249612809172,0.49998601772695617,0.49998606409328417,1.0000000425752358,0.018147484479163346,-0.00011030945566451585,-0.00011030945566451585,0.0005666590727999113,0.0005666590727999113,0.0,0.0,0.0,0.0,-0.012489101036405435,-0.012489101036405435,-3.589753895476704e-05,-3.589753895476704e-05,0.049998569928244266,0.049998569928244266
0,10,sqp_full,sqp_full,,10,0,46,18.58585858585937,779.546970969657,-709.9391488129856,-100.01183212454747,779.6328449419746,-709.9390858660221,-100.01294873217914,779.6328468651968,-709.9401609305638,-100.01346493834984,nan,nan,nan,0.0010750662619822549,0.001192575481182958,nan,nan,nan,nan,0.0858739953881803,0.08588185964898418,nan,0.4999894097634538,nan,nan,nan,-9.338198140115615e-05,nan,0.0002556245428702633,nan,0.0,nan,0.0,nan,-0.0065224906647830825,nan,-1.542971020577562e-05,nan,0.04999892375401221,nan
0,11,sqp_full,sqp_full,,10,0,48,19.39393939394013,778.7388904890789,-709.9396632530198,-100.01234656474517,779.1328586412897,-709.9393924813304,-100.01382083931354,779.1328608870687,-709.9408005061965,-100.01436576663868,nan,nan,nan,0.0014080266571363663,0.0015097962964880894,nan,nan,nan,nan,0.39396824526048996,0.39397203941011455,nan,0.4999871552914152,nan,nan,nan,-0.0001135347355833737,nan,0.00022340266881862417,nan,0.0,nan,0.0,nan,-0.004085100783461979,nan,-1.382381671451997e-05,nan,0.04999870581290544,nan
0,12,sqp_full,sqp_full,,10,0,49,19.797979797980563,778.3348502487898,-709.9399204730369,-100.01260378484403,778.6328732606027,-709.9397810370338,-100.01464613486637,778.6328758734176,-709.94151738988,-100.01521885797688,nan,nan,nan,0.001736354812126303,0.0018283708034482894,nan,nan,nan,nan,0.29802304443165223,0.2980299029931596,nan,0.499986212798995,nan,nan,nan,-0.00015024949932361227,nan,8.175080011164572e-05,nan,0.0,nan,0.0,nan,-0.002172640934663724,nan,-6.836200624847371e-06,nan,0.04999861401804893,nan
0,13,sqp_full,sqp_full,,10,0,50,20.202018536570584,777.9308118884686,-709.9394310773979,-100.01286100494289,778.1328529618999,-709.939534941305,-100.0154394469808,778.132855432747,-709.9415322829685,-100.01603822879717,nan,nan,nan,0.0019973431918088747,0.002085166537587807,nan,nan,nan,nan,0.20204110012807255,0.20205447000609605,nan,0.5000209885815099,nan,nan,nan,-0.0002380168731409015,nan,0.0012687621617630534,nan,0.0,nan,0.0,nan,-0.0008693490474588247,nan,-8.965304489095053e-05,nan,0.05000209058702543,nan
0,14,sqp_full,sqp_full,,10,0,51,20.60596566234257,777.527149014864,-709.9242818618887,-100.01311822504175,777.6334747993561,-709.9284086170579,-100.01624164827484,777.6334699825695,-709.9309690237992,-100.01686081122,nan,nan,nan,0.002560411271986969,0.0026342111977526914,nan,nan,nan,nan,0.1064058389191476,0.10653105795150249,nan,0.4995027405768056,nan,nan,nan,-0.0004288465928067715,nan,0.017977467230279296,nan,0.0,nan,0.0,nan,-0.0004557417329233215,nan,-0.0011801299540570515,nan,0.049938009396810625,nan
1,0,sqp_full,sqp_full,,10,1,36,14.545454545455133,783.5873733725475,-709.9365766128149,-100.00925992355889,780.2328509651747,-709.9387707239306,-100.01173232720843,780.2328509651737,-709.9387707218742,-100.01173232549421,780.2328509651737,-709.9387707218742,-100.01173232549421,2.0564663512601936e-09,2.677241971876382e-09,2.0564663512601936e-09,2.677241971876382e-09,0.0,0.0,3.3545231249299228,3.3545231249295764,3.3545231249295764,0.10002195135949955,0.10002195138769154,1.0000000002818574,1.7075472925031877e-06,-8.195716668253376e-05,-8.195716668253376e-05,0.001314621473167197,0.001314621473167197,0.0,0.0,0.0,0.0,0.020849843188227867,0.020849843188227867,-9.489647864521009e-05,-9.489647864521009e-05,-0.010001720309230753,-0.010001720309230753
1,1,sqp_full,sqp_full,,10,1,38,15.353535353536007,782.7792928919694,-709.937091052849,-100.0097743637566,780.3328685062726,-709.9386738104293,-100.01145476970729,780.3328685062734,-709.9386738199318,-100.01145476844641,780.3328685062734,-709.9386738199318,-100.01145476844641,9.502398899546671e-09,9.58568562770537e-09,9.502398899546671e-09,9.58568562770537e-09,0.0,0.0,2.446424897693224,2.4464248976985945,2.4464248976985945,0.10001797317313824,0.10001797316245707,0.9999999998932009,6.613302226726415e-06,0.0004839335993031075,0.0004839335993031075,-9.509440212385747e-05,-9.509440212385747e-05,0.0,0.0,0.0,0.0,0.004613349019236141,0.004613349019236141,-6.941790103808612e-07,-6.941790103808612e-07,-0.010001779488437966,-0.010001779488437966
1,2,sqp_full,sqp_full,,10,1,39,15.757575757576442,782.3752526516803,-709.9373482728662,-100.01003158385546,780.4328855496996,-709.9386039458032,-100.01132491471316,780.4328855497258,-709.9386039888789,-100.01132491675305,780.4328855497258,-709.9386039888789,-100.01132491675305,4.30757731456254e-08,4.312404740425863e-08,4.30757731456254e-08,4.312404740425863e-08,0.0,0.0,1.9423675078551523,1.9423675078567988,1.9423675078567988,0.1000171521253345,0.10001715212302689,0.9999999999768708,1.935638736085189e-05,0.0007162547320465652,0.0007162547320465652,-0.0001539858381676522,-0.0001539858381676522,0.0,0.0,0.0,0.0,-0.000201775068998699,-0.000201775068998699,4.7999597501426045e-06,4.7999597501426045e-06,-0.010001715283004127,-0.010001715283004127
1,3,sqp_full,sqp_full,,10,1,40,16.161616161616767,781.9712124113913,-709.9376054928832,-100.01028880395431,780.5329005227215,-709.9385349888558,-100.01123020228702,780.5329005227935,-709.9385351648955,-100.0112301335555,780.5329005227935,-709.9385351648955,-100.0112301335555,1.760396420656599e-07,1.8898142100591942e-07,1.760396420656599e-07,1.8898142100591942e-07,0.0,0.0,1.4383121890089565,1.4383121890506778,1.4383121890506778,0.10001504163914599,0.10001504166045681,1.0000000002119422,8.6290290413992e-05,0.0008894443745113521,0.0008894443745113521,-0.00015816431491717673,-0.00015816431491717673,0.0,0.0,0.0,0.0,-0.0013729062296881764,-0.0013729062296881764,9.402957123450399e-06,9.402957123450399e-06,-0.01000150529640889,-0.01000150529640889
1,4,sqp_full,sqp_full,,10,1,41,16.5656565656572,781.5671721711022,-709.9378627129003,-100.01054602405317,780.6329117663322,-709.9384659595635,-100.01113258670246,780.632911766158,-709.9384658391051,-100.01113250743758,780.632911766158,-709.9384658391051,-100.01113250743758,1.2045843594375386e-07,1.4419831758205668e-07,1.2045843594375386e-07,1.4419831758205668e-07,0.0,0.0,0.9342605995265311,0.9342605996229536,0.9342605996229536,0.10001131507186557,0.10001131504098665,0.9999999996868455,0.0001699695868596658,0.001062877149900066,0.001062877149900066,-0.00015544475705425994,-0.00015544475705425994,0.0,0.0,0.0,0.0,-0.0011505108703373974,-0.0011505108703373974,3.9274595034958796e-05,3.9274595034958796e-05,-0.01000113259734237,-0.01000113259734237
1,5,sqp_full,sqp_full,,10,1,43,17.37373737373807,780.7590916905242,-709.9383771529344,-100.01106046425089,780.7329175428483,-709.9383960851143,-100.01098777860737,780.7329175427199,-709.9383960613739,-100.01098768234421,780.7329175427199,-709.9383960613739,-100.01098768234421,2.3740801555212524e-08,9.914747814391785e-08,2.3740801555212524e-08,9.914747814391785e-08,0.0,0.0,0.02617415452277943,0.026174154634071124,0.026174154634071124,0.10000590576770872,0.10000590577053443,1.0000000000277733,5.625843602771732e-05,0.001191525964919998,0.001191525964919998,-0.00015784096403931219,-0.00015784096403931219,0.0,0.0,0.0,0.0,0.0003325647172494395,0.0003325647172494395,1.9485981844241338e-05,1.9485981844241338e-05,-0.010000589736958033,-0.010000589736958033
1,6,sqp_full,sqp_full,,10,1,44,17.777777777778503,780.3550514502351,-709.9386343729515,-100.01131768434975,780.6327569174098,-709.9384555432079,-100.01100635525482,780.6327569172076,-709.9384555907909,-100.01100609562212,780.6327569172076,-709.9384555907909,-100.01100609562212,4.758347763387161e-08,2.639570579598417e-07,4.758347763387161e-08,2.639570579598417e-07,0.0,0.0,0.27770552475377114,0.27770552452107333,0.27770552452107333,0.1001606448092731,0.10016064489507918,1.0000000008551007,0.00010197145898641968,0.0012252243835183564,0.0012252243835183564,0.00019121882812983494,0.00019121882812983494,0.0,0.0,0.0,0.0,0.004083318549739023,0.004083318549739023,-1.7172122454073626e-06,-1.7172122454073626e-06,0.010016063633361154,0.010016063633361154
1,7,sqp_full,sqp_full,,10,1,45,18.181818181818937,779.951011209946,-709.9388915929685,-100.01157490444861,780.1328375279238,-709.9387758897368,-100.01143384082746,780.1328375278898,-709.9387759311837,-100.0114337843454,780.1328375278898,-709.9387759311837,-100.0114337843454,4.1446970900857925e-08,7.005764733528736e-08,4.1446970900857925e-08,7.005764733528736e-08,0.0,0.0,0.1818263547910598,0.18182635473071737,0.18182635473071737,0.49991967489764966,0.49991967489938705,1.0000000000033928,2.3287840231354886e-05,0.0011778496326032189,0.0011778496326032189,0.0008387386505387783,0.0008387386505387783,0.0,0.0,0.0,0.0,0.00818398125718155,0.00818398125718155,-4.21929050244247e-05,-4.21929050244247e-05,0.04999197310733786,0.04999197310733786
1,8,sqp_full,sqp_full,,10,1,46,18.58585858585937,779.546970969657,-709.9391488129856,-100.01183212454747,779.6328346251863,-709.9390943825604,-100.01179448331789,779.63283462519,-709.9390942568651,-100.01179463091165,779.63283462519,-709.9390942568651,-100.01179463091165,1.2569534307626392e-07,1.9386397389115577e-07,1.2569534307626392e-07,1.9386397389115577e-07,0.0,0.0,0.08586367278149928,0.08586367286493542,0.08586367286493542,0.5000031342368378,0.5000031342400002,1.0000000000061855,3.022165758374778e-05,0.0010837960047388173,0.0010837960047388173,0.0007735791806747351,0.0007735791806747351,0.0,0.0,0.0,0.0,0.009459944241483526,0.009459944241483526,-3.8423189519129205e-05,-3.8423189519129205e-05,0.050000318912565817,0.050000318912565817
1,9,sqp_full,sqp_full,,10,1,48,19.39393939394013,778.7388904890789,-709.9396632530198,-100.01234656474517,779.1328356852997,-709.9394127095112,-100.01213015255355,779.1328356855305,-709.9394125698408,-100.01213059401363,779.1328356855305,-709.9394125698408,-100.01213059401363,1.396705770870143e-07,4.6302792279032665e-07,1.396705770870143e-07,4.6302792279032665e-07,0.0,0.0,0.39394527589174844,0.39394527621141684,0.39394527621141684,0.4999991538929058,0.49999915385422766,0.9999999999224706,3.367809684552461e-05,0.0007487235686152035,0.0007487235686152035,0.0007048574685828205,0.0007048574685828205,0.0,0.0,0.0,0.0,0.009514926299972158,0.009514926299972158,-3.788102399874532e-05,-3.788102399874532e-05,0.04999992057521432,0.04999992057521432
1,10,sqp_full,sqp_full,,10,0,49,19.797979797980563,778.3348502487898,-709.9399204730369,-100.01260378484403,778.6328357340885,-709.9397300468979,-100.01244804488776,778.6328357357005,-709.9397310661076,-100.01244909387077,nan,nan,nan,1.0192109914762416e-06,1.4625855201310366e-06,nan,nan,nan,nan,0.29798554614401096,0.2979855471064767,nan,0.5000001529697263,nan,nan,nan,-7.958560580611106e-05,nan,0.000646332079559721,nan,0.0,nan,0.0,nan,0.009206081553296124,nan,-5.160071129141032e-05,nan,0.0500000201706384,nan
1,11,sqp_full,sqp_full,,10,0,50,20.202018536570584,777.9308118884686,-709.9394310773979,-100.01286100494289,778.1328270957006,-709.9396325338901,-100.0127461137532,778.1328271013979,-709.9396351631005,-100.01274989372702,nan,nan,nan,2.629216688839499e-06,4.604452462261263e-06,nan,nan,nan,nan,0.20201530768158985,0.20201531601796546,nan,0.5000087367400763,nan,nan,nan,-0.0017231728605899327,nan,0.0012884290744552087,nan,0.0,nan,0.0,nan,0.008928651814677583,nan,-0.0001029435281925417,nan,0.050000854278865435,nan
1,12,sqp_full,sqp_full,,10,0,51,20.60596566234257,777.527149014864,-709.9242818618887,-100.01311822504175,777.6328585736936,-709.928091225121,-100.0130710227421,777.6328586185897,-709.9280933383897,-100.01307252284833,nan,nan,nan,2.113745522798065e-06,2.591956567433734e-06,nan,nan,nan,nan,0.10577817391213042,0.10577829490476695,nan,0.5001018200044585,nan,nan,nan,-0.004697817450860197,nan,0.01934846645596114,nan,0.0,nan,0.0,nan,0.007500043602535037,nan,-0.0012698582409541707,nan,0.049996382446519196,nan
1,13,sqp_full,sqp_full,,10,0,52,21.009682638263833,777.1272469472419,-709.8689133979727,-100.01337544514061,777.1358014594647,-709.8697367278476,-100.01340012463281,777.1358040483977,-709.8697264957271,-100.01338435813705,nan,nan,nan,1.0554566027746229e-05,1.897317191823615e-05,nan,nan,nan,nan,0.008594041625048175,0.008595644719863476,nan,0.5004709087106086,nan,nan,nan,-0.010401005827280142,nan,0.08840261686848151,nan,0.0,nan,0.0,nan,0.0070802973830289976,nan,-0.006014786004558015,nan,0.049715391613308284,nan
1,14,sqp_full,sqp_full,,10,0,54,21.81642421755359,776.3812543101576,-709.571873174405,-100.01388988533833,776.6671839519935,-709.7195696584572,-100.01402280687815,776.667289612895,-709.7193785837828,-100.01378768559317,nan,nan,nan,0.0002183432097885962,0.00032086722473079465,nan,nan,nan,nan,0.32182295052059406,0.32182920968705403,nan,0.4920903420826169,nan,nan,nan,-0.04276528062541402,nan,0.20871199519507394,nan,0.0,nan,0.0,nan,0.0029713027333145023,nan,-0.1187398284517889,nan,0.046968017631634135,nan
2,0,sqp_full,sqp_full,,10,1,39,15.757575757576442,782.3752526516803,-709.9373482728662,-100.01003158385546,779.2328272556456,-709.9393765547392,-100.01201685744208,779.2328272543599,-709.9393757381603,-100.01201611046704,779.2328272543599,-709.9393757381603,-100.01201611046704,8.165799276634591e-07,1.1066952895892858e-06,8.165799276634591e-07,1.1066952895892858e-06,0.0,0.0,3.142426050613006,3.1424260513716886,3.1424260513716886,0.09999164128653837,0.09999164115079653,0.999999998581219,0.0006341435008880536,0.0008371197193021255,0.0008371197193021255,-0.00019086025020487456,-0.00019086025020487456,0.0,0.0,0.0,0.0,-0.00028872587888802587,-0.00028872587888802587,-1.2407569092628142e-05,-1.2407569092628142e-05,-0.009999163859020938,-0.009999163859020938
2,1,sqp_full,sqp_full,,10,1,40,16.161616161616767,781.9712124113913,-709.9376054928832,-100.01028880395431,779.3328365341778,-709.939309099803,-100.01191336602744,779.332836533198,-709.9393087380785,-100.0119126579814,779.332836533198,-709.9393087380785,-100.0119126579814,3.617259768408309e-07,7.950942553621603e-07,3.617259768408309e-07,7.950942553621603e-07,0.0,0.0,2.6383764272255013,2.63837642797162,2.63837642797162,0.10000935482825206,0.1000093547881939,0.9999999995890373,0.00026154335271109876,-0.00014640290590244107,-0.00014640290590244107,-0.0001332574235445476,-0.0001332574235445476,0.0,0.0,0.0,0.0,-0.0007741233773228168,-0.0007741233773228168,-2.2124043313045737e-05,-2.2124043313045737e-05,-0.010000936393945864,-0.010000936393945864
2,2,sqp_full,sqp_full,,10,1,41,16.5656565656572,781.5671721711022,-709.9378627129003,-100.01054602405317,779.432796830019,-709.9392399596761,-100.01185147704241,779.4327968283951,-709.9392396209493,-100.01185007659797,779.4327968283951,-709.9392396209493,-100.01185007659797,3.38730716516613e-07,1.440827251762788e-06,3.38730716516613e-07,1.440827251762788e-06,0.0,0.0,2.1343757854307452,2.134375786836014,2.134375786836014,0.0999603389113599,0.09996033868239079,0.9999999976853841,0.0003970919493674106,-0.001645492753704797,-0.001645492753704797,-0.00013672287281117377,-0.00013672287281117377,0.0,0.0,0.0,0.0,-0.00205151732905898,-0.00205151732905898,-1.9798996213168754e-05,-1.9798996213168754e-05,-0.009996034910272691,-0.009996034910272691
2,3,sqp_full,sqp_full,,10,1,43,17.37373737373807,780.7590916905242,-709.9383771529344,-100.01106046425089,779.5328432643564,-709.9391703154738,-100.01184616206298,779.532843263391,-709.9391687710732,-100.01184732575123,779.532843263391,-709.9391687710732,-100.01184732575123,1.5444009091660293e-06,1.933738484749726e-06,1.5444009091660293e-06,1.933738484749726e-06,0.0,0.0,1.2262486826845398,1.2262486826520125,1.2262486826520125,0.10004645871897043,0.1000464601205281,1.00000001360802,0.0016226917693063848,-0.004875113950917689,-0.004875113950917689,-0.00017762591302180163,-0.00017762591302180163,0.0,0.0,0.0,0.0,-0.0040168452681349455,-0.0040168452681349455,-0.00046499354878064465,-0.00046499354878064465,-0.010004644194077922,-0.010004644194077922
2,4,sqp_full,sqp_full,,10,1,44,17.777777777778503,780.3550514502351,-709.9386343729515,-100.01131768434975,779.6327528112805,-709.9391004407123,-100.01196259375018,779.6327528089266,-709.9391055541578,-100.01195749912003,779.6327528089266,-709.9391055541578,-100.01195749912003,5.1134459866380705e-06,7.218212119790486e-06,5.1134459866380705e-06,7.218212119790486e-06,0.0,0.0,0.7222987893211342,0.722298794992611,0.722298794992611,0.09990963920159644,0.09990962628137934,0.9999998664987554,0.005240118228537336,-0.02979098961160963,-0.02979098961160963,-0.005233616956088144,-0.005233616956088144,0.0,0.0,0.0,0.0,-0.008322455221017612,-0.008322455221017612,-0.07676554117871312,-0.07676554117871312,-0.009990945344433554,-0.009990945344433554
2,5,sqp_full,sqp_full,,10,1,45,18.181818181818937,779.951011209946,-709.9388915929685,-100.01157490444861,779.7327709916099,-709.9390337446877,-100.01177560575475,779.7327709855094,-709.9390329814413,-100.0117708602145,779.7327709855094,-709.9390329814413,-100.0117708602145,7.632707343817142e-07,4.8065304015853744e-06,7.632707343817142e-07,4.8065304015853744e-06,0.0,0.0,0.2182402646317297,0.21824027023637282,0.21824027023637282,0.10001837735767823,0.10001837705054543,0.999999995197004,0.00337241260367599,-0.03442309476785104,-0.03442309476785104,-0.005277359651624669,-0.005277359651624669,0.0,0.0,0.0,0.0,0.0006731776144244221,0.0006731776144244221,-0.07701124401538657,-0.07701124401538657,-0.010001833386389164,-0.010001833386389164
2,6,sqp_full,sqp_full,,10,1,46,18.58585858585937,779.546970969657,-709.9391488129856,-100.01183212454747,779.6316336296225,-709.9390899347703,-100.01173532245694,779.6316336128498,-709.9390734634807,-100.01173295723932,779.6316336128498,-709.9390734634807,-100.01173295723932,1.6471298205336654e-05,1.664024996670038e-05,1.6471298205336654e-05,1.664024996670038e-05,0.0,0.0,0.08466268043881475,0.0846626767232585,0.0846626767232585,0.10113738561892596,0.10113738786382408,1.0000000098583488,0.00900042546083015,-0.03924703842932635,-0.03924703842932635,-0.004969840601914554,-0.004969840601914554,0.0,0.0,0.0,0.0,0.004397752866805384,0.004397752866805384,-0.07703520524848138,-0.07703520524848138,0.01011373223181678,0.01011373223181678
2,7,sqp_full,sqp_full,,10,1,48,19.39393939394013,778.7388904890789,-709.9396632530198,-100.01234656474517,779.1338929490612,-709.9394131289407,-100.01211320048424,779.1338927625792,-709.9392265350579,-100.01210154621921,779.1338927625792,-709.9392265350579,-100.01210154621921,0.0001865939760855529,0.00018695757220475102,0.0001865939760855529,0.00018695757220475102,0.0,0.0,0.3950025391742256,0.39500251491972205,0.39500251491972205,0.4977409289297995,0.49774101028235507,1.000000104859374,0.01961226906762536,-0.04595652956729616,-0.04595652956729616,-0.004140618683652408,-0.004140618683652408,0.0,0.0,0.0,0.0,0.007263601851618124,0.007263601851618124,-0.0771066450199681,-0.0771066450199681,0.049774101255895736,0.049774101255895736
2,8,sqp_full,sqp_full,,10,1,49,19.797979797980563,778.3348502487898,-709.9399204730369,-100.01260378484403,778.6325334714023,-709.9397300486448,-100.01242301337102,778.632533119551,-709.9393686827638,-100.01240932772902,778.632533119551,-709.9393686827638,-100.01240932772902,0.00036136605240106825,0.0003616251106114421,0.00036136605240106825,0.0003616251106114421,0.0,0.0,0.2976832835185722,0.29768338216485274,0.29768338216485274,0.5013596735483065,0.50135975765183,1.0000001069830249,0.01997443614775348,-0.05264065953403056,-0.05264065953403056,-0.004216224926543434,-0.004216224926543434,0.0,0.0,0.0,0.0,0.008434121777790586,0.008434121777790586,-0.0770987092682561,-0.0770987092682561,0.05013597476767482,0.05013597476767482
2,9,sqp_full,sqp_full,,10,1,50,20.202018536570584,777.9308118884686,-709.9394310773979,-100.01286100494289,778.1327460289453,-709.9396456394018,-100.01272522862129,778.1327456274471,-709.9391453549545,-100.01270431999701,778.1327456274471,-709.9391453549545,-100.01270431999701,0.0005002846083115917,0.0005007213395524445,0.0005002846083115917,0.0005007213395524445,0.0,0.0,0.20193425446649646,0.2019339411172434,0.2019339411172434,0.49978754095788713,0.49978762905793533,1.00000013754102,0.015947170919099824,-0.06013167619711776,-0.06013167619711776,-0.00368943559547966,-0.00368943559547966,0.0,0.0,0.0,0.0,0.007866896162202921,0.007866896162202921,-0.077125122713137,-0.077125122713137,0.04997873110105769,0.04997873110105769
2,10,sqp_full,sqp_full,,10,0,51,20.60596566234257,777.527149014864,-709.9242818618887,-100.01311822504175,777.632909393887,-709.9281278637633,-100.01302639722964,777.6329117538236,-709.9274823908219,-100.01300578705262,nan,nan,nan,0.0006454772555391978,0.0006458062145995109,nan,nan,nan,nan,0.10583028631495515,0.10581115412697113,nan,0.49996941066895606,nan,nan,nan,-0.06764967288907853,nan,0.015062715625281461,nan,0.0,nan,0.0,nan,0.00698500625889542,nan,-0.0783341028465539,nan,0.049982955285775184,nan
2,11,sqp_full,sqp_full,,10,0,52,21.009682638263833,777.1272469472419,-709.8689133979727,-100.01337544514061,777.1359605959249,-709.8697899301523,-100.01336503196087,777.1359814675186,-709.8690476519093,-100.01333055583453,nan,nan,nan,0.0007425716216414156,0.0007433715198706209,nan,nan,nan,nan,0.008757624223001942,0.008735551990798824,nan,0.5003614063529428,nan,nan,nan,-0.07123860572180069,nan,0.08742176869130897,nan,0.0,nan,0.0,nan,0.005923552140986972,nan,-0.08303745745284821,nan,0.04970321456474793,nan
2,12,sqp_full,sqp_full,,10,0,54,21.81642421755359,776.3812543101576,-709.571873174405,-100.01388988533833,776.660899375825,-709.7158391074057,-100.01370281565335,776.6609698361382,-709.7149503844573,-100.01367044700498,nan,nan,nan,0.0008915117132372687,0.0008920991336369688,nan,nan,nan,nan,0.3145275069321025,0.3141844418664637,nan,0.4993837530044691,nan,nan,nan,-0.0674385102925396,nan,0.22635369657768464,nan,0.0,nan,0.0,nan,0.004508097303868933,nan,-0.09210300475933739,nan,0.047623061004399565,nan
2,13,sqp_full,sqp_full,,10,0,55,22.21945701180642,776.0693811583575,-709.3165880313447,-100.01414710543719,776.2355516240983,-709.4521787031986,-100.01399555158875,776.2357027612225,-709.451164714442,-100.0139685580435,nan,nan,nan,0.0010251905328452085,0.0010255458449631367,nan,nan,nan,nan,0.21447017036941624,0.21394802923383088,nan,0.5004374130099091,nan,nan,nan,-0.0939452371850659,nan,0.3763885813839536,nan,0.0,nan,0.0,nan,0.0035076046891077506,nan,-0.10196032092350972,nan,0.04304519235232141,nan
2,14,sqp_full,sqp_full,,10,0,56,22.622393333371768,775.8238147912732,-708.9971279048322,-100.01440432553605,775.9126176402451,-709.1162529563184,-100.01425016656867,775.9130304810445,-709.1146897533887,-100.01421489182403,nan,nan,nan,0.0016167995934278031,0.0016171843534113996,nan,nan,nan,nan,0.148582380776248,0.147581257405549,nan,0.46597481710179656,nan,nan,nan,-0.044555204253125015,nan,0.4655950787831317,nan,0.0,nan,0.0,nan,0.00244247873578891,nan,-0.1077869875009878,nan,0.0334826872877075,nan
3,0,sqp_full,sqp_full,,10,1,41,16.5656565656572,781.5671721711022,-709.9378627129003,-100.01054602405317,778.2327281363215,-709.939982830127,-100.0126869166308,778.232728136457,-709.9399831968092,-100.01268666912486,778.232728136457,-709.9399831968092,-100.01268666912486,3.666822651843106e-07,4.423969677240173e-07,3.666822651843106e-07,4.423969677240173e-07,0.0,0.0,3.3344447087906843,3.3344447088882916,3.3344447088882916,0.09998601776433182,0.0999860210152465,1.000000032503905,0.0002535060848640041,-0.053670559848611576,-0.053670559848611576,-0.005310114724217503,-0.005310114724217503,0.0,0.0,0.0,0.0,-0.004128742319675923,-0.004128742319675923,-0.05132181619067429,-0.05132181619067429,-0.00999818194407248,-0.00999818194407248
3,1,sqp_full,sqp_full,,10,1,43,17.37373737373807,780.7590916905242,-709.9383771529344,-100.01106046425089,778.3327230550477,-709.9399443310226,-100.01263170294835,778.3327230544454,-709.9399455987002,-100.01262994062331,778.3327230544454,-709.9399455987002,-100.01262994062331,1.2676777726157716e-06,2.170897629154851e-06,1.2676777726157716e-06,2.170897629154851e-06,0.0,0.0,2.4263691415921844,2.4263691430135976,2.4263691430135976,0.09999494138106128,0.09999494114827738,0.9999999975167041,0.0010098991054750199,-0.05193140597930695,-0.05193140597930695,-0.0037992947205359694,-0.0037992947205359694,0.0,0.0,0.0,0.0,-0.0031919843248469425,-0.0031919843248469425,-0.05132008999837925,-0.05132008999837925,-0.009999494070536833,-0.009999494070536833
3,2,sqp_full,sqp_full,,10,1,44,17.777777777778503,780.3550514502351,-709.9386343729515,-100.01131768434975,778.4326952695873,-709.9398752580806,-100.01255590864976,778.4326952690692,-709.9398760363312,-100.01255722213264,778.4326952690692,-709.9398760363312,-100.01255722213264,7.782506364822063e-07,1.5267322491151602e-06,7.782506364822063e-07,1.5267322491151602e-06,0.0,0.0,1.922356581144838,1.9223565821653879,1.9223565821653879,0.09997226713333564,0.09997226527233738,0.9999999808995794,0.0017849734362869057,-0.04285719395828563,-0.04285719395828563,-0.0037187058620702677,-0.0037187058620702677,0.0,0.0,0.0,0.0,-0.0024898502743894305,-0.0024898502743894305,-0.05123070038985027,-0.05123070038985027,-0.00999722763492455,-0.00999722763492455
3,3,sqp_full,sqp_full,,10,1,45,18.181818181818937,779.951011209946,-709.9388915929685,-100.01157490444861,778.5326303166656,-709.9398096450033,-100.01248184983997,778.5326303204788,-709.939818912182,-100.01248274398817,778.5326303204788,-709.939818912182,-100.01248274398817,9.267179475601084e-06,9.310215703002407e-06,9.267179475601084e-06,9.310215703002407e-06,0.0,0.0,1.4183811903865684,1.418381192601884,1.418381192601884,0.09993509605911076,0.09993509548902561,0.9999999906788649,0.0048728916028222815,-0.05934699975075279,-0.05934699975075279,-0.003750675086786572,-0.003750675086786572,0.0,0.0,0.0,0.0,-0.002962165309342339,-0.002962165309342339,-0.049777753518374844,-0.049777753518374844,-0.009993510425895896,-0.009993510425895896
3,4,sqp_full,sqp_full,,10,1,46,18.58585858585937,779.546970969657,-709.9391488129856,-100.01183212454747,778.632749087043,-709.9397365841332,-100.01243067792004,778.6327490901695,-709.9397444098103,-100.01243221361584,778.6327490901695,-709.9397444098103,-100.01243221361584,7.825677619856353e-06,7.974935220915716e-06,7.825677619856353e-06,7.974935220915716e-06,0.0,0.0,0.9142220715587999,0.9142220734970751,0.9142220734970751,0.10011881011237907,0.10011881016216044,1.0000000003730427,0.0009029502978830779,-0.03842812284531847,-0.03842812284531847,-0.0028865359472926757,-0.0028865359472926757,0.0,0.0,0.0,0.0,-0.0032024064523693296,-0.0032024064523693296,-0.0384541113278134,-0.0384541113278134,-0.010011881753379484,-0.010011881753379484
3,5,sqp_full,sqp_full,,10,1,48,19.39393939394013,778.7388904890789,-709.9396632530198,-100.01234656474517,778.732649930492,-709.9396661970413,-100.01231274458645,778.7326499333687,-709.9396741497396,-100.01231405045695,778.7326499333687,-709.9396741497396,-100.01231405045695,7.952698909002058e-06,8.059200809456349e-06,7.952698909002058e-06,8.059200809456349e-06,0.0,0.0,0.006240559281319634,0.006240565223639474,0.006240565223639474,0.09990093785576518,0.09990093778812442,0.9999999993194673,0.00015059850784821508,-0.06936603563039538,-0.06936603563039538,-0.0022147135295267455,-0.0022147135295267455,0.0,0.0,0.0,0.0,-0.0020813377136821233,-0.0020813377136821233,-0.02559179283037679,-0.02559179283037679,-0.009990094192736138,-0.009990094192736138
3,6,sqp_full,sqp_full,,10,1,49,19.797979797980563,778.3348502487898,-709.9399204730369,-100.01260378484403,778.6304666452456,-709.9397230428115,-100.0123557107493,778.6304666525493,-709.9397374787133,-100.01235645471509,778.6304666525493,-709.9397374787133,-100.01235645471509,1.4435903654898334e-05,1.4455061377690541e-05,1.4435903654898334e-05,1.4455061377690541e-05,0.0,0.0,0.29561646238352085,0.2956164603985559,0.2956164603985559,0.10218331009168964,0.10218330924230219,0.9999999896597426,0.0036488626603598546,-0.11186483161182237,-0.11186483161182237,-0.0015731494390242924,-0.0015731494390242924,0.0,0.0,0.0,0.0,-0.0001874066428826178,-0.0001874066428826178,-0.01716413516468857,-0.01716413516468857,0.010218331450594838,0.010218331450594838
3,7,sqp_full,sqp_full,,10,1,50,20.202018536570584,777.9308118884686,-709.9394310773979,-100.01286100494289,778.1345263641483,-709.9396510301392,-100.0127356136488,778.1345263702791,-709.939688202841,-100.01273510158785,778.1345263702791,-709.939688202841,-100.01273510158785,3.7172702311150366e-05,3.717622901168296e-05,3.7172702311150366e-05,3.717622901168296e-05,0.0,0.0,0.2037145944224472,0.20371464408048198,0.20371464408048198,0.4959404318331352,0.4959404292652409,0.9999999937680449,0.002630777250704098,-0.25922232604848633,-0.25922232604848633,0.0011642380974880983,0.0011642380974880983,0.0,0.0,0.0,0.0,0.001176860938782324,0.001176860938782324,0.015450828987264277,0.015450828987264277,0.04959402963971952,0.04959402963971952
3,8,sqp_full,sqp_full,,10,1,51,20.60596566234257,777.527149014864,-709.9242818618887,-100.01311822504175,777.6328107607055,-709.928096300521,-100.01307077450836,777.6328095241756,-709.9281811358561,-100.01306061281527,777.6328095241756,-709.9281811358561,-100.01306061281527,8.484434622297503e-05,8.545070562975928e-05,8.484434622297503e-05,8.545070562975928e-05,0.0,0.0,0.10573057493635518,0.10573243383883164,0.10573243383883164,0.5018487529598279,0.5018488938038506,1.0000002759524118,0.005553806036584052,-0.256016054851346,-0.256016054851346,0.020385021069347465,0.020385021069347465,0.0,0.0,0.0,0.0,0.0026203231011334574,0.0026203231011334574,-0.011700549653435718,-0.011700549653435718,0.05017121460237873,0.05017121460237873
3,9,sqp_full,sqp_full,,10,1,52,21.009682638263833,777.1272469472419,-709.8689133979727,-100.01337544514061,777.1365975758695,-709.8700305169409,-100.01338281081347,777.1365829711376,-709.8701983616606,-100.01337295452267,777.1365829711376,-709.8701983616606,-100.01337295452267,0.00016847892495547908,0.00016876698321187467,0.00016847892495547908,0.00016876698321187467,0.0,0.0,0.009417123261402696,0.009424037025666871,0.009424037025666871,0.4995990966710968,0.4996027337803154,1.0000072659207138,0.0096334697394418,-0.21579661186545898,-0.21579661186545898,0.09993934534933843,0.09993934534933843,0.0,0.0,0.0,0.0,0.003985593594437057,0.003985593594437057,-0.048498621667598434,-0.048498621667598434,0.049632468378058285,0.049632468378058285
3,10,sqp_full,sqp_full,,10,0,54,21.81642421755359,776.3812543101576,-709.571873174405,-100.01388988533833,776.6580633896581,-709.7142710507827,-100.0136362041925,776.6579472156806,-709.7146816178249,-100.01362393083569,nan,nan,nan,0.0004266868749070253,0.0004268633557769272,nan,nan,nan,nan,0.31128832565763936,0.31137311296701187,nan,0.5032455095469426,nan,nan,nan,-0.24515753921337569,nan,0.2653668427487167,nan,0.0,nan,0.0,nan,0.0037697321914202573,nan,-0.06745322592720056,nan,0.04798659228725193,nan
3,11,sqp_full,sqp_full,,10,0,55,22.21945701180642,776.0693811583575,-709.3165880313447,-100.01414710543719,776.1972395362219,-709.4164486575187,-100.01401926311672,776.1968576202562,-709.4170158619996,-100.01400339034363,nan,nan,nan,0.0006837987481713881,0.0006839829478328174,nan,nan,nan,nan,0.1622341192535671,0.16228369452377847,nan,0.5486865667750007,nan,nan,nan,-0.16260679633789682,nan,0.49086522744831435,nan,0.0,nan,0.0,nan,0.0017679544043027672,nan,-0.11025603277552165,nan,0.046724629080963316,nan
3,12,sqp_full,sqp_full,,10,0,56,22.622393333371768,775.8238147912732,-708.9971279048322,-100.01440432553605,775.8988276898805,-709.0943223055016,-100.0142875451595,775.8981908972954,-709.0945688347228,-100.0142695744494,nan,nan,nan,0.0006828480456016521,0.0006830844748667718,nan,nan,nan,nan,0.12277494239042266,0.12258278820862073,nan,0.43910714942481094,nan,nan,nan,0.010623374015463836,nan,0.4999951840901894,nan,0.0,nan,0.0,nan,0.003252800720671639,nan,-0.16564132665204462,nan,0.03108322024278629,nan
3,13,sqp_full,sqp_full,,10,0,57,23.025391063526154,775.6586124146631,-708.6295476018917,-100.0146615456349,775.6861909141005,-708.706233480986,-100.01474615042555,775.685234861649,-708.7064580045212,-100.01472259922514,nan,nan,nan,0.0009820626802588238,0.0009823450345971794,nan,nan,nan,nan,0.08149415735924243,0.08138774303392894,nan,0.44252406086763063,nan,nan,nan,0.44151255219470464,nan,0.4999955289902015,nan,0.0,nan,0.0,nan,0.005402840819861633,nan,-0.23956526992802962,nan,0.023506270673704605,nan
3,14,sqp_full,sqp_full,,10,0,59,23.832005755335558,775.5757993427779,-707.8315196216635,-100.01517598583261,775.5836573659298,-708.290062291701,-100.01497543530269,775.58238734986,-708.2898284760613,-100.01494810938081,nan,nan,nan,0.001291359969388284,0.0012916490531660258,nan,nan,nan,nan,0.4586099963727369,0.4583562019398572,nan,0.42861595847913125,nan,nan,nan,0.43578215634147893,nan,0.49999444151110806,nan,0.0,nan,0.0,nan,0.007190546902214584,nan,-0.2275550523020414,nan,0.013572970661108656,nan
4,0,sqp_full,sqp_full,,10,1,44,17.777777777778503,780.3550514502351,-709.9386343729515,-100.01131768434975,777.237030385661,-709.9432605322669,-100.01318651133198,777.2364987441717,-709.9465885768692,-100.01486315778392,777.2364987441717,-709.9465885768692,-100.01486315778392,0.0033702408739328406,0.003764261796571731,0.0033702408739328406,0.003764261796571731,0.0,0.0,3.118024496452431,3.1185628500728972,3.1185628500728972,0.12420868978937688,0.1257809500138216,1.0122791044161459,1.56784216571549,0.08260520083996696,0.08260520083996696,-0.13464186898563307,-0.13464186898563307,1.1163941681719447e-11,1.1163941681719447e-11,-3.068321986094976e-19,-3.068321986094976e-19,-0.04058806073786474,-0.04058806073786474,0.027298850314871857,0.027298850314871857,-0.010000122278082939,-0.010000122278082939
4,1,sqp_full,sqp_full,,10,1,45,18.181818181818937,779.951011209946,-709.9388915929685,-100.01157490444861,777.3395120660263,-709.9426482259329,-100.01295586898183,777.336509642881,-709.9532278384991,-100.01593716009413,777.336509642881,-709.9532278384991,-100.01593716009413,0.010997397273572716,0.01139433383261452,0.010997397273572716,0.01139433383261452,0.0,0.0,2.6115018458704915,2.6145408721459718,2.6145408721459718,0.10248376908278961,0.10023678534631116,0.9754400803409389,4.206404592349707,0.07200364117062454,0.07200364117062454,-0.0091279426494334,-0.0091279426494334,-1.476621633175664e-11,-1.476621633175664e-11,-1.0770879965511362e-18,-1.0770879965511362e-18,-0.03014234975410465,-0.03014234975410465,0.03945047302496768,0.03945047302496768,-0.010000065171735753,-0.010000065171735753
4,2,sqp_full,sqp_full,,10,1,46,18.58585858585937,779.546970969657,-709.9391488129856,-100.01183212454747,777.4424209427743,-709.9405908618244,-100.01318399462119,777.43651155016,-709.9551040515363,-100.01613349380328,777.43651155016,-709.9551040515363,-100.01613349380328,0.015670149861580728,0.015945317247066933,0.015670149861580728,0.015945317247066933,0.0,0.0,2.104550520932288,2.1105197300619087,2.1105197300619087,0.10292969300422701,0.10001969896847597,0.9709988780583818,2.220197020970328,0.018193526312421215,0.018193526312421215,1.0199322954683777e-05,1.0199322954683777e-05,-1.839569827178778e-12,-1.839569827178778e-12,-2.279252578481871e-18,-2.279252578481871e-18,-0.008788532514092411,-0.008788532514092411,0.05494675981685318,0.05494675981685318,-0.009999848765954188,-0.009999848765954188
4,3,sqp_full,sqp_full,,10,1,48,19.39393939394013,778.7388904890789,-709.9396632530198,-100.01234656474517,777.5467218922039,-709.9365423842123,-100.01302305567926,777.536516773617,-709.9587843479615,-100.01622540322144,777.536516773617,-709.9587843479615,-100.01622540322144,0.024471399567424643,0.024680041056883966,0.024471399567424643,0.024680041056883966,0.0,0.0,1.1921726817861806,1.2025257452152665,1.2025257452152665,0.104379615463027,0.10007296212164705,0.9560005343904636,4.332725413180773,-0.05848668768688844,-0.05848668768688844,3.5960858312551527e-06,3.5960858312551527e-06,1.7678971510916504e-11,1.7678971510916504e-11,-1.690198783366725e-18,-1.690198783366725e-18,-0.008397231854052651,-0.008397231854052651,0.11344347704352992,0.11344347704352992,-0.009999825391936237,-0.009999825391936237
4,4,sqp_full,sqp_full,,10,1,49,19.797979797980563,778.3348502487898,-709.9399204730369,-100.01260378484403,777.6515530580132,-709.9369202549619,-100.0130441055117,777.636516773401,-709.9597382790079,-100.01609393726656,777.636516773401,-709.9597382790079,-100.01609393726656,0.02732676483404663,0.02749642795034051,0.02732676483404663,0.02749642795034051,0.0,0.0,0.683303777416679,0.6986146207188552,0.6986146207188552,0.1048318489502696,0.10000463601528009,0.9539349083085019,0.3509307327539263,-0.04956933931868073,-0.04956933931868073,-8.388087844081657e-07,-8.388087844081657e-07,-1.6849023626015493e-11,-1.6849023626015493e-11,-1.4653337435116197e-18,-1.4653337435116197e-18,-0.0022736940889619235,-0.0022736940889619235,0.041217229085138814,0.041217229085138814,-0.009999804947909426,-0.009999804947909426
4,5,sqp_full,sqp_full,,10,1,50,20.202018536570584,777.9308118884686,-709.9394310773979,-100.01286100494289,777.7569804331215,-709.9413903438741,-100.01297945462461,777.7365123551014,-709.9577596449348,-100.01594387503795,777.7365123551014,-709.9577596449348,-100.01594387503795,0.026208705329572726,0.026375822706398832,0.026208705329572726,0.026375822706398832,0.0,0.0,0.17384249651111827,0.19516209943194848,0.19516209943194848,0.10552211757187187,0.10001526818961873,0.9459824847995671,3.561806630412096,-0.058436721517754926,-0.058436721517754926,0.005326675712042612,0.005326675712042612,5.725586139400567e-11,5.725586139400567e-11,-5.838928281543911e-19,-5.838928281543911e-19,-0.0020605992157168595,-0.0020605992157168595,0.03961351353619014,0.03961351353619014,-0.00999993966209973,-0.00999993966209973
4,6,sqp_full,sqp_full,,10,1,51,20.60596566234257,777.527149014864,-709.9242818618887,-100.01311822504175,777.6141710503988,-709.9311537739529,-100.01299141947203,777.5870113682497,-709.9756026229031,-100.01622063890657,777.5870113682497,-709.9756026229031,-100.01622063890657,0.05208981193517712,0.05218981093660418,0.05208981193517712,0.05218981093660418,0.0,0.0,0.08729294269318565,0.07884999596689511,0.07884999596689511,0.14317579160092567,0.15056225798860823,1.0325956754649557,10.906473761163568,-0.06421528059606058,-0.06421528059606058,-7.85718449619686e-06,-7.85718449619686e-06,4.341035250241522e-11,4.341035250241522e-11,-2.4347454831669205e-19,-2.4347454831669205e-19,-0.0023573090413328925,-0.0023573090413328925,0.4787399531510164,0.4787399531510164,0.014954400042221393,0.014954400042221393
4,7,sqp_full,sqp_full,,10,1,52,21.009682638263833,777.1272469472419,-709.8689133979727,-100.01337544514061,777.1428901657234,-709.8584264140534,-100.01356457306784,777.1021940288163,-710.0067822151059,-100.01688640075557,777.1021940288163,-710.0067822151059,-100.01688640075557,0.15383633922161888,0.15387219958230247,0.15383633922161888,0.15387219958230247,0.0,0.0,0.01883313877683083,0.1401265836996718,0.1401265836996718,0.4768598008254883,0.4858193726314837,0.9948224391345959,12.452332422341282,-0.06421239289497471,-0.06421239289497471,-4.4603793965785505e-06,-4.4603793965785505e-06,2.3049002781773272e-11,2.3049002781773272e-11,-1.2970879912689329e-18,-1.2970879912689329e-18,0.0014530399301199894,0.0014530399301199894,0.7566360559510144,0.7566360559510144,0.048493565463932894,0.048493565463932894
4,8,sqp_full,sqp_full,,10,1,54,21.81642421755359,776.3812543101576,-709.571873174405,-100.01388988533833,776.661530711653,-709.7158323343534,-100.01331200254899,776.5941077623858,-710.0000155982281,-100.01805180561341,776.5941077623858,-710.0000155982281,-100.01805180561341,0.29207187737661156,0.292110334098929,0.29207187737661156,0.292110334098929,0.0,0.0,0.31508586285052054,0.47813442377897347,0.47813442377897347,0.502035914432783,0.5081326592610911,0.9741971716433514,15.738768057539184,-0.06421099699342614,-0.06421099699342614,0.018609082491295115,0.018609082491295115,5.1775297175973305e-11,5.1775297175973305e-11,-1.2736373157207684e-18,-1.2736373157207684e-18,-0.009972185545589799,-0.009972185545589799,0.010715102913796074,0.010715102913796074,0.05080524848930296,0.05080524848930296
4,9,sqp_full,sqp_full,,10,1,55,22.21945701180642,776.0693811583575,-709.3165880313447,-100.01414710543719,775.8790761157826,-709.0963211923824,-100.01426188515777,775.6938538396273,-709.7044919756207,-100.01913889319398,775.6938538396273,-709.7044919756207,-100.01913889319398,0.635750731945142,0.6357694380639646,0.635750731945142,0.6357694380639646,0.0,0.0,0.29109017430326395,0.5398983581170168,0.5398983581170168,0.998013102069299,0.9475191389731529,0.8910262677736488,20.197234877856122,0.050985078666438595,0.050985078666438595,0.4720919721988205,0.4720919721988205,1.0153039590391789e-10,1.0153039590391789e-10,-1.823343315024924e-19,-1.823343315024924e-19,0.011507931931290882,0.011507931931290882,-0.07723817242899675,-0.07723817242899675,0.09014926746756735,0.09014926746756735
4,10,sqp_full,sqp_full,,10,0,56,22.622393333371768,775.8238147912732,-708.9971279048322,-100.01440432553605,775.6857141637629,-708.7896185377147,-100.01472031586525,775.4395737356828,-709.2489453071221,-100.01960736598068,nan,nan,nan,0.521120131476148,0.5211430462824468,nan,nan,nan,nan,0.2492627544584607,0.4594052599800243,nan,0.36256802537978006,nan,nan,nan,0.5000049201064247,nan,0.4999871387393686,nan,1.9002965681750116e-11,nan,3.502371100432184e-18,nan,0.012449122985197335,nan,-2.065910036261852,nan,0.026562562676346185,nan
4,11,sqp_full,sqp_full,,10,0,57,23.025391063526154,775.6586124146631,-708.6295476018917,-100.0146615456349,775.6791914964199,-708.6859885049809,-100.01400529171757,775.4213566036086,-708.8203010512957,-100.02002784106989,nan,nan,nan,0.29072098659799606,0.29078336119732395,nan,nan,nan,nan,0.060075570305017506,0.30442929940899327,nan,0.10383756609828451,nan,nan,nan,0.500012297617426,nan,0.4999936581924985,nan,2.4394925068019978e-11,nan,5.774363014536136e-19,nan,0.004704620573268961,nan,-0.657455720375529,nan,0.003931108658475554,nan
4,12,sqp_full,sqp_full,,10,0,59,23.832005755335558,775.5757993427779,-707.8315196216635,-100.01517598583261,775.603916176666,-708.584671299279,-100.01511082437938,775.3473901967453,-708.3467806414726,-100.01981724257563,nan,nan,nan,0.3498536028765763,0.3498852580746425,nan,nan,nan,nan,0.753676326975234,0.5636174735812465,nan,0.1262250852159474,nan,nan,nan,0.5000153868580426,nan,0.4999935736943142,nan,-1.922797824012064e-11,nan,3.624710308585982e-19,nan,0.019521161010897403,nan,-0.5356995237181489,nan,0.010871955146382062,nan
4,13,sqp_full,sqp_full,,10,0,60,24.235623427351253,775.6399933753629,-707.4330396533067,-100.01543320593147,775.4933456408323,-708.478389633731,-100.0149765571828,775.2517991291809,-707.8257665378603,-100.01979352019391,nan,nan,nan,0.6958890878256642,0.6959057591998253,nan,nan,nan,nan,1.055586159257593,0.5522039284722131,nan,0.1533677079891177,nan,nan,nan,0.5000177738281821,nan,0.49999329729643216,nan,-2.4787948537806375e-11,nan,2.316782203930362e-19,nan,0.015718467078290495,nan,-0.4069536146568993,nan,0.014743286032550413,nan
4,14,sqp_full,sqp_full,,10,0,61,24.639494442075346,775.7516610414759,-707.0449133043983,-100.01569042603033,775.3864497882621,-708.3681595166137,-100.01532599029113,775.1758082088597,-707.2626694305277,-100.02008293095082,nan,nan,nan,1.12537913851619,1.1253891921872547,nan,nan,nan,nan,1.3727198540185206,0.6156494256466223,nan,0.15354974477321884,nan,nan,nan,0.5000194532638326,nan,0.49999307387162756,nan,-3.004263693547745e-11,nan,1.1005362637384066e-19,nan,0.009273649704296418,nan,-0.23490937887762423,nan,0.014794606531731726,nan
5,0,sqp_full,sqp_full,,10,1,46,18.58585858585937,779.546970969657,-709.9391488129856,-100.01183212454747,775.7981483275697,-709.8146078784821,-100.01518086866118,775.7926533193458,-709.8438864385538,-100.01523139383562,775.7926533193458,-709.8438864385538,-100.01523139383562,0.029789749835382247,0.029789792682190817,0.029789749835382247,0.029789792682190817,0.0,0.0,3.750890780360408,3.755526053620157,3.755526053620157,0.1517185494142269,0.1709017906293086,1.1151566751921798,8.116312651634482,2.40693740129063e-05,2.40693740129063e-05,-7.867337862129493e-06,-7.867337862129493e-06,-2.247402153157879e-11,-2.247402153157879e-11,2.622567685876058e-19,2.622567685876058e-19,0.08601837327336387,0.08601837327336387,3.170076856796377,3.170076856796377,-0.009999987922845767,-0.009999987922845767
5,1,sqp_full,sqp_full,,10,1,48,19.39393939394013,778.7388904890789,-709.9396632530198,-100.01234656474517,775.8993737818676,-709.9174193970669,-100.01435738187458,775.89247690804,-709.9542654641625,-100.01451930749437,775.89247690804,-709.9542654641625,-100.01451930749437,0.03748599110348235,0.03748634083125087,0.03748599110348235,0.03748634083125087,0.0,0.0,2.839603831463159,2.8464510357449404,2.8464510357449404,0.14428263610705827,0.14882467947574304,1.0305527228887343,2.429890328243397,2.442757964438813e-05,2.442757964438813e-05,-6.974187079497922e-08,-6.974187079497922e-08,-2.6049212987082033e-12,-2.6049212987082033e-12,-6.695904940506725e-19,-6.695904940506725e-19,0.013863020860925333,0.013863020860925333,2.5527706846606817,2.5527706846606817,-0.009999957249833682,-0.009999957249833682
5,2,sqp_full,sqp_full,,10,1,49,19.797979797980563,778.3348502487898,-709.9399204730369,-100.01260378484403,776.004458611698,-709.935018789923,-100.01419936056382,775.9925473307942,-709.9826714790839,-100.014301615298,775.9925473307942,-709.9826714790839,-100.014301615298,0.04911880899444817,0.04911891543045044,0.04911880899444817,0.04911891543045044,0.0,0.0,2.330396792120346,2.342693024740854,2.342693024740854,0.10654851036100331,0.10402422114010162,0.9703381479998656,6.339678933026278,3.0096413326196334e-06,3.0096413326196334e-06,-4.22862019052135e-05,-4.22862019052135e-05,-1.3149236174870141e-11,-1.3149236174870141e-11,6.454047101702067e-18,6.454047101702067e-18,0.0013027442785369403,0.0013027442785369403,0.6667049064095175,0.6667049064095175,-0.010000403657590142,-0.010000403657590142
5,3,sqp_full,sqp_full,,10,1,50,20.202018536570584,777.9308118884686,-709.9394310773979,-100.01286100494289,776.1136412118682,-709.9147540691436,-100.01403365568922,776.0925294744753,-709.9764263771289,-100.01439786747186,776.0925294744753,-709.9764263771289,-100.01439786747186,0.06518572718000826,0.06518674465111053,0.06518572718000826,0.06518674465111053,0.0,0.0,1.817338224611098,1.838654640164608,1.838654640164608,0.1110474067517415,0.1001770413717836,0.8954973801624381,6.941918106070094,1.844761937721481e-05,1.844761937721481e-05,0.03967760575380402,0.03967760575380402,-1.740392245653297e-11,-1.740392245653297e-11,4.345497971467923e-20,4.345497971467923e-20,-0.002628433367165444,-0.002628433367165444,0.4336234127944709,0.4336234127944709,-0.009999998222476192,-0.009999998222476192
5,4,sqp_full,sqp_full,,10,1,51,20.60596566234257,777.527149014864,-709.9242818618887,-100.01311822504175,776.2323376914142,-709.8284727584982,-100.01398745869224,776.1924630923902,-709.9170336937838,-100.0141101173825,776.1924630923902,-709.9170336937838,-100.0141101173825,0.09712375047325884,0.09712382792675618,0.09712375047325884,0.09712382792675618,0.0,0.0,1.2983511649882171,1.334705603341248,1.334705603341248,0.1467423625183111,0.11625102848831564,0.7888360798269025,5.2911901756074355,1.472181217532067e-05,1.472181217532067e-05,0.117939114470925,0.117939114470925,-1.853691487034426e-11,-1.853691487034426e-11,2.250051468709436e-19,2.250051468709436e-19,-0.0003416636656891804,-0.0003416636656891804,0.2883754556208636,0.2883754556208636,-0.01000000136081592,-0.01000000136081592
5,5,sqp_full,sqp_full,,10,1,52,21.009682638263833,777.1272469472419,-709.8689133979727,-100.01337544514061,776.36014703024,-709.7098791971886,-100.01383256366071,776.2927096217638,-709.8342796211138,-100.01404924188131,776.2927096217638,-709.8342796211138,-100.01404924188131,0.14150360255052183,0.1415037684453221,0.14150360255052183,0.1415037684453221,0.0,0.0,0.7834118710380463,0.8352556770927565,0.8352556770927565,0.17435505116762212,0.1299907954462331,0.7443022222678634,3.3182865451286547,1.066478531331059e-05,1.066478531331059e-05,0.15319083900322053,0.15319083900322053,-1.177725469920697e-11,-1.177725469920697e-11,3.0880249936473406e-19,3.0880249936473406e-19,-0.0008018211366115285,-0.0008018211366115285,0.20807937018019573,0.20807937018019573,-0.009999998814226333,-0.009999998814226333
5,6,sqp_full,sqp_full,,10,1,54,21.81642421755359,776.3812543101576,-709.571873174405,-100.01388988533833,776.4892725461824,-709.6171741960403,-100.01378463325005,776.3931816414977,-709.7694999020371,-100.01375679842481,776.3931816414977,-709.7694999020371,-100.01375679842481,0.18010158986125266,0.18010159201219839,0.18010158986125266,0.18010159201219839,0.0,0.0,0.11713292395866387,0.19798632454650544,0.19798632454650544,0.15895791393508585,0.11954549040524097,0.7511162718951049,2.8668401103648096,6.191184639421267e-06,6.191184639421267e-06,0.12365230264711911,0.12365230264711911,-1.5250934443681465e-11,-1.5250934443681465e-11,3.8631084579000905e-19,3.8631084579000905e-19,0.003837602942743111,0.003837602942743111,0.1778707720546148,0.1778707720546148,-0.009999992563085458,-0.009999992563085458
5,7,sqp_full,sqp_full,,10,1,55,22.21945701180642,776.0693811583575,-709.3165880313447,-100.01414710543719,775.6508152786965,-708.9168199379229,-100.01504802425397,775.424862362456,-709.3442626581169,-100.01496544360657,775.424862362456,-709.3442626581169,-100.01496544360657,0.48348939947474207,0.4834894065271855,0.48348939947474207,0.4834894065271855,0.0,0.0,0.578802145931162,0.6451126748384471,0.6451126748384471,1.09247804207679,1.0575776097306948,0.9297904370534205,16.16295928403664,0.42248778704104145,0.42248778704104145,0.49999974282823373,0.49999974282823373,-2.83882243308074e-11,-2.83882243308074e-11,5.39607407499136e-19,5.39607407499136e-19,0.009078063880258114,0.009078063880258114,-1.185905527339903,-1.185905527339903,0.09770036873486755,0.09770036873486755
5,8,sqp_full,sqp_full,,10,1,56,22.622393333371768,775.8238147912732,-708.9971279048322,-100.01440432553605,775.7003918669723,-708.7886980229041,-100.01329225079702,775.4545289378196,-708.9000349626106,-100.01657278146818,775.4545289378196,-708.9000349626106,-100.01657278146818,0.2698971916762132,0.26991712794150524,0.2698971916762132,0.26991712794150524,0.0,0.0,0.24223177727854384,0.38183645843495184,0.38183645843495184,0.13739048712910013,0.4452200969000383,3.0929644572280277,17.358241507721544,0.4715516309936966,0.4715516309936966,0.5000018469642767,0.5000018469642767,2.3429345779133303e-11,2.3429345779133303e-11,3.9922755622956676e-19,3.9922755622956676e-19,-0.025715342855783318,-0.025715342855783318,-1.1589102729377991,-1.1589102729377991,-0.0009880517997564622,-0.0009880517997564622
5,9,sqp_full,sqp_full,,10,1,57,23.025391063526154,775.6586124146631,-708.6295476018917,-100.0146615456349,775.677171735184,-708.6743892407108,-100.01520979563358,775.425242600449,-708.4324059833648,-100.01520497884063,775.425242600449,-708.4324059833648,-100.01520497884063,0.34931960403631435,0.3493196040695239,0.34931960403631435,0.3493196040695239,0.0,0.0,0.04853061868734954,0.30549351538415603,0.30549351538415603,0.1166591153103253,0.4685471402869491,3.977523700110574,7.976132002752038,0.39068363293694736,0.39068363293694736,0.500003494180467,0.500003494180467,-3.514014899581148e-11,-3.514014899581148e-11,3.207343701151094e-19,3.207343701151094e-19,0.03765778705248279,0.03765778705248279,-1.0045525573357643,-1.0045525573357643,0.00617255759030317,0.00617255759030317
5,10,sqp_full,sqp_full,,10,0,59,23.832005755335558,775.5757993427779,-707.8315196216635,-100.01517598583261,775.6018096329283,-708.5431151872552,-100.01501692229418,775.3543192289219,-707.8989812487393,-100.01524801312411,nan,nan,nan,0.6900434992252938,0.6900435379206589,nan,nan,nan,nan,0.7120707718784295,0.231526482203254,nan,0.15136829511882563,nan,nan,nan,0.4999871569899651,nan,0.5000054509023191,nan,-8.014259430083463e-12,nan,3.205391017196417e-19,nan,0.010596549833361767,nan,-0.9732563076599001,nan,0.012211848843052691,nan
5,11,sqp_full,sqp_full,,10,0,60,24.235623427351253,775.6399933753629,-707.4330396533067,-100.01543320593147,775.5040411545154,-708.4020314628023,-100.01516463616207,775.275269361815,-707.3171110527081,-100.01538032801363,nan,nan,nan,1.1087780794073026,1.108778100386692,nan,nan,nan,nan,0.978482566642323,0.3827049078536008,nan,0.17164881151953207,nan,nan,nan,0.4999806123311719,nan,0.5000076855205421,nan,-2.975147594451344e-11,nan,2.914123245847215e-19,nan,0.00928090475844543,nan,-0.8421206988557781,nan,0.015187467571748697,nan
5,12,sqp_full,sqp_full,,10,0,61,24.639494442075346,775.7516610414759,-707.0449133043983,-100.01569042603033,775.4178395950839,-708.2529099956472,-100.01579667354598,775.223620229471,-706.6966637684123,-100.0164295921734,nan,nan,nan,1.568318679912254,1.5683188076241716,nan,nan,nan,nan,1.2532728211126478,0.6325384086814461,nan,0.172244942701254,nan,nan,nan,0.4999751260412978,nan,0.5000099538709674,nan,-1.0760872848344345e-11,nan,2.4373229494652615e-19,nan,-0.007288563156922011,nan,-0.6331162286848482,nan,0.01488117829043972,nan
5,13,sqp_full,sqp_full,,10,0,62,25.043518827373667,775.8863153166785,-706.6639882935061,-100.01594764612919,775.7340044737136,-707.1122264378168,-100.0147566555641,775.3732700466531,-706.3065182835801,-100.01844860229521,nan,nan,nan,0.8827768442082509,0.8827845643988932,nan,nan,nan,nan,0.4734089425642294,0.6253001336093991,nan,1.1836892713972296,nan,nan,nan,-2.8958820540550988e-05,nan,0.500012061898583,nan,5.157909283512016e-11,nan,1.752789793558948e-19,nan,-0.04085235333139701,nan,-0.3326031156161085,nan,-0.007502546046351461,nan
5,14,sqp_full,sqp_full,,10,0,64,25.851599635454477,776.1622117029609,-705.9044650800516,-100.01646208632691,775.7357887305742,-707.1109566750629,-100.0149851906047,775.4556324155744,-705.921467892724,-100.0193492868555,nan,nan,nan,1.222035647656979,1.222043440095522,nan,nan,nan,nan,1.2796321816099125,0.7067838318767383,nan,0.0022018397445437575,nan,nan,nan,-3.148210199543558e-05,nan,0.5000136942653748,nan,3.145131953789325e-11,nan,8.960072684283276e-20,nan,-0.01697919086560504,nan,-0.23008353806757434,nan,-9.514329006657808e-05,nan
6,0,sqp_full,sqp_full,,10,1,49,19.797979797980563,778.3348502487898,-709.9399204730369,-100.01260378484403,775.5171634200032,-708.6251314061805,-100.01631267295775,775.5089529874763,-708.6475833941524,-100.01614233067141,775.5089529874763,-708.6475833941524,-100.01614233067141,0.023906128213816862,0.02390673509013659,0.023906128213816862,0.02390673509013659,0.0,0.0,3.109345486664879,3.1073832169463076,3.1073832169463076,0.21352693659877828,0.23088877330438434,1.0783478062927565,4.241849453243478,-8.10107681064782e-06,-8.10107681064782e-06,2.2149043423005613e-05,2.2149043423005613e-05,9.727296128315064e-12,9.727296128315064e-12,1.695707745296161e-17,1.695707745296161e-17,-0.023702604280816445,-0.023702604280816445,4.262729969236475,4.262729969236475,-0.009998951249008778,-0.009998951249008778
6,1,sqp_full,sqp_full,,10,1,50,20.202018536570584,777.9308118884686,-709.9394310773979,-100.01286100494289,775.6033401467787,-708.8325562601815,-100.01482168520414,775.5948912919358,-708.8663740330361,-100.01505299477643,775.5948912919358,-708.8663740330361,-100.01505299477643,0.034857207418285054,0.034857974885520414,0.034857207418285054,0.034857974885520414,0.0,0.0,2.5772653276977193,2.5705984621796536,2.5705984621796536,0.22461905827327067,0.23506578332285827,1.0463078023794805,1.1225009219602182,-1.5084353754930395e-05,-1.5084353754930395e-05,1.6095052707667777e-05,1.6095052707667777e-05,-3.64346461266962e-11,-3.64346461266962e-11,9.975190052347476e-18,9.975190052347476e-18,0.018299828677395207,0.018299828677395207,4.393865992843874,4.393865992843874,-0.009998950262841625,-0.009998950262841625
6,2,sqp_full,sqp_full,,10,1,51,20.60596566234257,777.527149014864,-709.9242818618887,-100.01311822504175,775.681102623149,-709.0635838394437,-100.01453141740554,775.6830435916015,-709.0925458966962,-100.01511265701363,775.6830435916015,-709.0925458966962,-100.01511265701363,0.029027023940253992,0.029032842752822176,0.029027023940253992,0.029032842752822176,0.0,0.0,2.0368329254518933,2.0229951873152556,2.0229951873152556,0.24376388035633298,0.2427437813979852,0.9947162062627691,2.6920874020605017,-2.4215416806706026e-05,-2.4215416806706026e-05,3.2381208290202615e-06,3.2381208290202615e-06,4.30905226058046e-11,4.30905226058046e-11,1.6813239153131172e-18,1.6813239153131172e-18,-0.006254745150104709,-0.006254745150104709,4.602871303407504,4.602871303407504,-0.009999183193781127,-0.009999183193781127
6,3,sqp_full,sqp_full,,10,1,52,21.009682638263833,777.1272469472419,-709.8689133979727,-100.01337544514061,775.7081243359017,-709.5137928243555,-100.01443575188134,775.7719700686821,-709.3807634667718,-100.01484623265074,775.7719700686821,-709.3807634667718,-100.01484623265074,0.14755706548110925,0.1475576364267821,0.14755706548110925,0.1475576364267821,0.0,0.0,1.462880585633381,1.4405088590114334,1.4405088590114334,0.4510191927261802,0.3016245298516349,0.6497011475064635,13.712313729028912,-0.5000178782219701,-0.5000178782219701,-1.4815540595240284e-05,-1.4815540595240284e-05,-4.1504380217665477e-11,-4.1504380217665477e-11,-5.689638779332396e-18,-5.689638779332396e-18,-0.00931496588371744,-0.00931496588371744,4.73635005948859,4.73635005948859,-0.009999595163372267,-0.009999595163372267
6,4,sqp_full,sqp_full,,10,1,54,21.81642421755359,776.3812543101576,-709.571873174405,-100.01388988533833,775.8492476499512,-709.3424130436772,-100.01424514047643,775.8823145603226,-709.1132979717547,-100.01489073254594,775.8823145603226,-709.1132979717547,-100.01489073254594,0.2314889559861488,0.2314898562198295,0.2314889559861488,0.2314898562198295,0.0,0.0,0.5793815997231068,0.6776666514232326,0.6776666514232326,0.22200643082206695,0.2893331986489082,1.2459782498531065,17.051082789552314,-0.500019196456372,-0.500019196456372,0.49998694877225597,0.49998694877225597,2.6473571027806096e-11,2.6473571027806096e-11,-4.583697010322337e-18,-4.583697010322337e-18,-0.015301755523265919,-0.015301755523265919,-0.3287399903844285,-0.3287399903844285,-0.009999658257087764,-0.009999658257087764
6,5,sqp_full,sqp_full,,10,1,55,22.21945701180642,776.0693811583575,-709.3165880313447,-100.01414710543719,775.3855031229624,-708.6401187643056,-100.01528824329304,775.3017638325952,-708.597764754375,-100.01630744744632,775.3017638325952,-708.597764754375,-100.01630744744632,0.09384098735846452,0.09384652196814525,0.09384098735846452,0.09384652196814525,0.0,0.0,0.9619250680506467,1.0516383705076617,1.0516383705076617,0.8415921394674717,0.7764120380106694,0.8912959708805989,14.956816022523915,0.34302670890439574,0.34302670890439574,0.5000007305991253,0.5000007305991253,2.368448133565569e-13,2.368448133565569e-13,3.1234328904396666e-19,3.1234328904396666e-19,-0.006622507087614779,-0.006622507087614779,-1.716608133882755,-1.716608133882755,0.06104143385511247,0.06104143385511247
6,6,sqp_full,sqp_full,,10,1,56,22.622393333371768,775.8238147912732,-708.9971279048322,-100.01440432553605,775.3760852232324,-708.3074431624085,-100.01427914787371,775.269550790705,-707.9300980472366,-100.01735777147249,775.269550790705,-707.9300980472366,-100.01735777147249,0.39209555118362055,0.3921076372391261,0.39209555118362055,0.3921076372391261,0.0,0.0,0.8222693050515687,1.2023981450942773,1.2023981450942773,0.33281041330847133,0.6684441749834884,2.0080640865382087,1.1707289551247033,0.49997522282210694,0.49997522282210694,0.49997115652338076,0.49997115652338076,-1.3254354181517177e-11,-1.3254354181517177e-11,-8.877190391180938e-18,-8.877190391180938e-18,-0.00789891670630031,-0.00789891670630031,-4.403188596562005,-4.403188596562005,0.009287334337736895,0.009287334337736895
6,7,sqp_full,sqp_full,,10,1,57,23.025391063526154,775.6586124146631,-708.6295476018917,-100.0146615456349,775.5150280865694,-708.1870541695076,-100.01480635259728,775.4425869273329,-707.3543930066853,-100.01891920204868,775.4425869273329,-707.3543930066853,-100.01891920204868,0.8358063972141866,0.8358165164405215,0.8358063972141866,0.8358165164405215,0.0,0.0,0.46520629507469896,1.293323723145962,1.293323723145962,0.1838447900506082,0.6011490966146813,2.761968308331842,32.36324763381266,0.4999800571099491,0.4999800571099491,0.4999864455063368,0.4999864455063368,1.2391253259334643e-10,1.2391253259334643e-10,-3.614385855520759e-18,-3.614385855520759e-18,-0.024129295663220005,-0.024129295663220005,-2.389644547581202,-2.389644547581202,-0.00999706989185465,-0.00999706989185465
6,8,sqp_full,sqp_full,,10,1,59,23.832005755335558,775.5757993427779,-707.8315196216635,-100.01517598583261,775.5707242794355,-708.0916453310804,-100.01497113529413,775.5623750474173,-706.7524234957006,-100.01794045426412,775.5623750474173,-706.7524234957006,-100.01794045426412,1.3392478613137277,1.3392511530286393,1.3392478613137277,1.3392511530286393,0.0,0.0,0.2601752120544592,1.0791796239616867,1.0791796239616867,0.11047596798927255,0.6137731207994312,5.2523646474177434,19.021154555384893,0.4999819162859964,0.4999819162859964,0.4999922234943668,0.4999922234943668,-1.3595859712769975e-10,-1.3595859712769975e-10,-1.8676671301803777e-18,-1.8676671301803777e-18,0.029606099280186846,0.029606099280186846,-1.9815119365953822,-1.9815119365953822,-0.0023756574487227822,-0.0023756574487227822
6,9,sqp_full,sqp_full,,10,1,60,24.235623427351253,775.6399933753629,-707.4330396533067,-100.01543320593147,775.5572959259055,-708.003526166966,-100.01611914971646,775.6431576723859,-706.1123526209553,-100.01801378602552,775.6431576723859,-706.1123526209553,-100.01801378602552,1.8931216602848264,1.893122608360674,1.8931216602848264,1.893122608360674,0.0,0.0,0.5764492435714142,1.3206908230909364,1.3206908230909364,0.08914384835674008,0.6451484810270693,6.961170575366103,15.874178905762445,0.49998254430986216,0.49998254430986216,0.4999940255137145,0.4999940255137145,-7.738855530317065e-12,-7.738855530317065e-12,-1.202990108336092e-18,-1.202990108336092e-18,0.009538667564359631,0.009538667564359631,-1.7608291117497736,-1.7608291117497736,0.004294003671461013,0.004294003671461013
6,10,sqp_full,sqp_full,,10,0,61,24.639494442075346,775.7516610414759,-707.0449133043983,-100.01569042603033,775.5103596690751,-707.9209236767631,-100.01472584453877,775.6899531374766,-705.5780550046702,-100.01959079685105,nan,nan,nan,2.3497419919145845,2.3497470281559503,nan,nan,nan,nan,0.9086366296894103,1.4681556923218404,nan,0.09501644537815086,nan,nan,nan,0.49998310971644316,nan,0.49999535438928916,nan,8.281291208598753e-11,nan,-7.474800683026439e-19,nan,-0.020295970312652012,nan,-1.5129051221304974,nan,0.007480736745329565,nan
6,11,sqp_full,sqp_full,,10,0,62,25.043518827373667,775.8863153166785,-706.6639882935061,-100.01594764612919,775.4875020009995,-707.8452018006946,-100.01678924270648,775.6790481755735,-705.4444119750422,-100.02084944370219,nan,nan,nan,2.408418926173354,2.40842234858883,nan,nan,nan,nan,1.2467226677683363,1.2370634843611874,nan,0.07912353074270276,nan,nan,nan,0.4999836769890383,nan,0.49999638435514576,nan,-6.1006507694787474e-12,nan,-4.414651025119901e-19,nan,-0.014360278749787911,nan,-1.2361071053841848,nan,0.004979731892115733,nan
6,12,sqp_full,sqp_full,,10,0,64,25.851599635454477,776.1622117029609,-705.9044650800516,-100.01646208632691,775.5003456279898,-707.800528134545,-100.01306379032219,775.698676625757,-705.3749448982747,-100.02308401705693,nan,nan,nan,2.433678125954675,2.433698754097161,nan,nan,nan,nan,2.008263381086321,0.7037445493270387,nan,0.04663232995440612,nan,nan,nan,0.1830903404347597,nan,0.4999972223085356,nan,4.315473895684205e-11,nan,-1.9133882111299668e-19,nan,-0.03864174475590523,nan,-0.9131228202270849,nan,0.00045666947499668976,nan
6,13,sqp_full,sqp_full,,10,0,65,26.255640039494953,776.3001598961023,-705.5247034733244,-100.01671930642577,775.5204396789517,-707.76395678627,-100.01396618784007,775.7263716504186,-705.3156082580716,-100.02268287115386,nan,nan,nan,2.456993791690082,2.457009253741548,nan,nan,nan,nan,2.3711218898595674,0.6106994022646083,nan,0.04173785715616544,nan,nan,nan,0.16378554915558818,nan,0.4999984138919279,nan,-7.152234977917823e-11,nan,-7.38970790765909e-20,nan,-0.009500266570275672,nan,-0.594187131833565,nan,-0.0005410908996077645,nan
6,14,sqp_full,sqp_full,,10,0,66,26.659680443535287,776.4381080892434,-705.1449418665973,-100.01697652652463,775.5399161003886,-707.7300296227542,-100.01601074269227,775.753621025186,-705.2609279729032,-100.0226621298169,nan,nan,nan,2.478332655673808,2.4783415812050347,nan,nan,nan,nan,2.736681851416952,0.6942444221727524,nan,0.039173506618237965,nan,nan,nan,0.18049543098155651,nan,0.49999933240642536,nan,-1.1312321126139474e-10,nan,-1.1758688056046673e-20,nan,0.0003416536521133915,nan,-0.3120949465554208,nan,-0.0005668974075573229,nan
7,0,sqp_full,sqp_full,,10,1,51,20.60596566234257,777.527149014864,-709.9242818618887,-100.01311822504175,775.6847568148543,-706.4386503964103,-100.01220042858594,775.7012468489256,-706.3224610406426,-100.01372131508218,775.7012468489256,-706.3224610406426,-100.01372131508218,0.11735368599833454,0.117363540817113,0.11735368599833454,0.117363540817113,0.0,0.0,3.9425925140432465,4.038196620762884,4.038196620762884,0.32899015493736566,0.21803285477501727,0.6559766902927405,8.188687485516999,2.455705569268964e-05,2.455705569268964e-05,3.7682107245244345e-05,3.7682107245244345e-05,-1.2881155789118085e-10,-1.2881155789118085e-10,1.186841930521864e-16,1.186841930521864e-16,0.07869400535291528,0.07869400535291528,3.723079213313616,3.723079213313616,-0.009997033814764626,-0.009997033814764626
7,1,sqp_full,sqp_full,,10,1,52,21.009682638263833,777.1272469472419,-709.8689133979727,-100.01337544514061,775.7478540146784,-706.6015626774727,-100.01339228021585,775.7592531084167,-706.5447613202906,-100.01548292649458,775.7592531084167,-706.5447613202906,-100.01548292649458,0.057933871921126825,0.057971581983211895,0.057933871921126825,0.057971581983211895,0.0,0.0,3.5465906999763464,3.594634081324801,3.594634081324801,0.17470858152046123,0.2297503944426264,1.3064725681408507,6.5473169010064645,5.883673284535e-06,5.883673284535e-06,6.127829998749702e-06,6.127829998749702e-06,3.6950921139449685e-10,3.6950921139449685e-10,3.430845731109171e-17,3.430845731109171e-17,-0.039929098471452484,-0.039929098471452484,3.9998794965135915,3.9998794965135915,-0.00999944747027884,-0.00999944747027884
7,2,sqp_full,sqp_full,,10,1,54,21.81642421755359,776.3812543101576,-709.571873174405,-100.01388988533833,774.7174342084103,-706.6129489904191,-100.01236919608665,774.7312153907232,-706.6094369082596,-100.01717439257992,774.7312153907232,-706.6094369082596,-100.01717439257992,0.014221663300617427,0.015011516258359546,0.014221663300617427,0.015011516258359546,0.0,0.0,3.3946324775378787,3.3909669810574665,3.3909669810574665,1.0304832225578209,1.0300715226319084,0.9982573051690101,2.970565401955737,-0.31689356847024663,-0.31689356847024663,-1.8648292976927317e-06,-1.8648292976927317e-06,-5.023365252230563e-10,-5.023365252230563e-10,1.3509769956327987e-17,1.3509769956327987e-17,-0.01742298931526701,-0.01742298931526701,4.322864403871701,4.322864403871701,0.10023110595079861,0.10023110595079861
7,3,sqp_full,sqp_full,,10,1,55,22.21945701180642,776.0693811583575,-709.3165880313447,-100.01414710543719,774.7980273935303,-706.6767079779021,-100.02066882401064,774.7669332589983,-707.0023688536618,-100.02510044969587,774.7669332589983,-707.0023688536618,-100.02510044969587,0.3271419435090336,0.32717195862280385,0.3271419435090336,0.32717195862280385,0.0,0.0,2.930069468784811,2.655556614516271,2.655556614516271,0.10309875749157449,0.3946316031604951,2.633964737649762,46.517606759770096,-0.3361994443495786,-0.3361994443495786,-1.8088719676368032e-06,-1.8088719676368032e-06,8.944598925457269e-10,8.944598925457269e-10,1.0671240311019345e-17,1.0671240311019345e-17,-0.164003051643573,-0.164003051643573,4.641800233089888,4.641800233089888,-0.009999900761483198,-0.009999900761483198
7,4,sqp_full,sqp_full,,10,1,56,22.622393333371768,775.8238147912732,-708.9971279048322,-100.01440432553605,774.8816915685062,-706.728825084276,-100.01418045342542,774.8286265956185,-707.2651424351416,-100.02404361476178,774.8286265956185,-707.2651424351416,-100.02404361476178,0.5389361670802508,0.5390264132106133,0.5389361670802508,0.5390264132106133,0.0,0.0,2.4561746380541067,1.997541792301143,1.997541792301143,0.0987825182105939,0.26992061760296043,1.9331220735810377,44.971183959463964,-0.31949039039145066,-0.31949039039145066,-1.1242501535802948e-06,-1.1242501535802948e-06,-6.453960270954199e-10,-6.453960270954199e-10,9.432830071621073e-18,9.432830071621073e-18,0.0055770917797493495,0.0055770917797493495,2.4607474090348336,2.4607474090348336,-0.009999674417396364,-0.009999674417396364
7,5,sqp_full,sqp_full,,10,1,57,23.025391063526154,775.6586124146631,-708.6295476018917,-100.0146615456349,775.0001437381839,-706.6913339709955,-100.0157844134079,774.9895784095622,-706.8772526554374,-100.02639480668762,774.9895784095622,-706.8772526554374,-100.02639480668762,0.18621864405442667,0.1865206793870847,0.18621864405442667,0.1865206793870847,0.0,0.0,2.047010766189628,1.8756716342022426,1.8756716342022426,0.12425406538208512,0.4199636838040577,2.1770272721682584,49.90072116519317,0.020600058866379056,0.020600058866379056,0.499995572505647,0.499995572505647,2.1249110476394028e-10,2.1249110476394028e-10,1.9339642337063942e-18,1.9339642337063942e-18,-0.05144556434528302,-0.05144556434528302,-1.3058482783094763,-1.3058482783094763,-0.009991705188519802,-0.009991705188519802
7,6,sqp_full,sqp_full,,10,1,59,23.832005755335558,775.5757993427779,-707.8315196216635,-100.01517598583261,775.1360602828973,-706.6118813556425,-100.01522726030272,775.1999371183425,-706.2786961219077,-100.02657258982791,775.1999371183425,-706.2786961219077,-100.02657258982791,0.33925307675147864,0.3394427294660759,0.33925307675147864,0.3394427294660759,0.0,0.0,1.2964906250055939,1.5976649314393607,1.5976649314393607,0.15743676709362797,0.6344452236383744,3.0721770635560084,40.32758976940922,0.5000087510474245,0.5000087510474245,0.499992536783462,0.499992536783462,-1.106798293372142e-10,-1.106798293372142e-10,-1.7414676340818538e-18,-1.7414676340818538e-18,0.00561840421512431,0.00561840421512431,-1.9093659720278602,-1.9093659720278602,-0.00998340960000982,-0.00998340960000982
7,7,sqp_full,sqp_full,,10,1,60,24.235623427351253,775.6399933753629,-707.4330396533067,-100.01543320593147,775.2709624859637,-706.5374272522945,-100.0155164225305,775.425353728744,-705.7081294177452,-100.02590914697413,775.425353728744,-705.7081294177452,-100.02590914697413,0.8435470077212478,0.843611025862531,0.8435470077212478,0.843611025862531,0.0,0.0,0.9686616386424722,1.7382133064285532,1.7382133064285532,0.1540847218651497,0.6134814196862135,3.0700752344619984,39.54779148495972,0.5000107498557649,0.5000107498557649,0.49999140291119964,0.49999140291119964,-1.1866104682180593e-10,-1.1866104682180593e-10,-2.1207904851308798e-18,-2.1207904851308798e-18,0.020600147942052206,0.020600147942052206,-1.5297525869698576,-1.5297525869698576,-0.00997915041095993,-0.00997915041095993
7,8,sqp_full,sqp_full,,10,1,61,24.639494442075346,775.7516610414759,-707.0449133043983,-100.01569042603033,775.4050042195695,-706.4676171895107,-100.01686618698683,775.5828551193889,-705.4959917705092,-100.02582274165947,775.5828551193889,-705.4959917705092,-100.02582274165947,0.9877686456941723,0.9878092514691806,0.9877686456941723,0.9878092514691806,0.0,0.0,0.6733808405638197,1.5580928590673293,1.5580928590673293,0.1511371995176003,0.26421407399261176,1.5725537520073432,25.902211829951803,0.5000127884688427,0.5000127884688427,0.4999906549374173,0.4999906549374173,1.292416142400193e-10,1.292416142400193e-10,-1.8567610770832608e-18,-1.8567610770832608e-18,0.002848221245519191,0.002848221245519191,-1.2098681460323182,-1.2098681460323182,-0.009976761053632438,-0.009976761053632438
7,9,sqp_full,sqp_full,,10,1,62,25.043518827373667,775.8863153166785,-706.6639882935061,-100.01594764612919,775.538076384523,-706.4018388987795,-100.01791425426919,775.7150562292084,-705.4048479178635,-100.02517426339527,775.7150562292084,-705.4048479178635,-100.02517426339527,1.012577345911253,1.0126033720984677,1.012577345911253,1.0126033720984677,0.0,0.0,0.43588147359612117,1.2707337095609041,1.2707337095609041,0.14844555588488223,0.16057632402269997,1.0703760289629136,8.304569298433755,0.5000144317969498,0.5000144317969498,0.499990107691603,0.499990107691603,1.0927813283663498e-10,1.0927813283663498e-10,-1.5881362023958063e-18,-1.5881362023958063e-18,0.006344023161464884,0.006344023161464884,-1.0200546997197242,-1.0200546997197242,-0.00997460852265701,-0.00997460852265701
7,10,sqp_full,sqp_full,,10,0,64,25.851599635454477,776.1622117029609,-705.9044650800516,-100.01646208632691,775.6687960210111,-706.3428522527215,-100.01709079201765,775.8462775448176,-705.3254552561748,-100.01891969786735,nan,nan,nan,1.032761511615893,1.0327631310091157,nan,nan,nan,nan,0.6600320813078699,0.6595959129859288,nan,0.14341452460197499,nan,nan,nan,0.500015655690482,nan,0.4999897850865484,nan,-8.812709105760471e-11,nan,-1.2752217276074532e-18,nan,0.043430623281895904,nan,-0.8447519123147899,nan,-0.009972411118574009,nan
7,11,sqp_full,sqp_full,,10,0,65,26.255640039494953,776.3001598961023,-705.5247034733244,-100.01671930642577,775.783678910081,-706.3190501667292,-100.01553480357855,775.9681241461865,-705.2761261475043,-100.02433130416433,nan,nan,nan,1.0591083773619172,1.0591449067151997,nan,nan,nan,nan,0.9474910438862314,0.4147751512976705,nan,0.11733302433109763,nan,nan,nan,0.20710423276134854,nan,0.4999994442561169,nan,2.0699516169303213e-10,nan,-9.339590807514093e-19,nan,-0.016579339052521375,nan,-0.7042167176680687,nan,-0.00997094045659903,nan
7,12,sqp_full,sqp_full,,10,0,66,26.659680443535287,776.4381080892434,-705.1449418665973,-100.01697652652463,775.897643657206,-706.2983236356447,-100.01630326782707,776.0895085336174,-705.2303373492314,-100.02286229151164,nan,nan,nan,1.0850837934313304,1.0851036169689146,nan,nan,nan,nan,1.273731254020443,0.3589067269319264,nan,0.11583670927371663,nan,nan,nan,0.22702263502895687,nan,0.4999992172205089,nan,3.225096447873979e-11,nan,-6.306443548144199e-19,nan,0.011405681083628653,nan,-0.5232616986841174,nan,-0.009971550470100432,nan
7,13,sqp_full,sqp_full,,10,0,67,27.063720847575762,776.5760562823847,-704.76518025987,-100.01723374662348,776.0085817090788,-706.2822991963875,-100.01714596651848,776.210410142586,-705.1878691565241,-100.02171033736943,nan,nan,nan,1.112884463332761,1.112893823421045,nan,nan,nan,nan,1.6197769163958045,0.5588944470150681,nan,0.11209256954821502,nan,nan,nan,0.24797947134161888,nan,0.499999567376762,nan,-1.011534177241707e-10,nan,-3.292200788196484e-19,nan,0.02963866866459296,nan,-0.34905579393953584,nan,-0.009977011989678439,nan
7,14,sqp_full,sqp_full,,10,0,69,27.871801655656572,776.8519526686671,-704.0056570464156,-100.0177481868212,776.0601747556807,-706.2620569235667,-100.01614198792585,776.2706566895188,-705.1433428111693,-100.02094804002354,nan,nan,nan,1.1383426152742009,1.1383527607407435,nan,nan,nan,nan,2.3912868228426016,1.2775891024493227,nan,0.055431038594165094,nan,nan,nan,0.27003392083790834,nan,0.49999981310647557,nan,-2.353205841257061e-11,nan,-7.710438273210138e-20,nan,0.0009660315532637775,nan,-0.21665433666915446,nan,-0.003937373013664518,nan
8,0,sqp_full,sqp_full,,10,1,54,21.81642421755359,776.3812543101576,-709.571873174405,-100.01388988533833,774.7204968924187,-705.3865444019095,-100.0272010739479,774.7212582461639,-705.3817973057415,-100.02704985012102,774.7212582461639,-705.3817973057415,-100.02704985012102,0.0048077626348317195,0.0048101403512475095,0.0048077626348317195,0.0048101403512475095,0.0,0.0,4.50278715180429,4.50691942657406,4.50691942657406,0.9947298130913076,0.9940670398157071,0.9993222456124876,0.27451000545300813,-4.02997293241061e-05,-4.02997293241061e-05,3.1418071944802854e-05,3.1418071944802854e-05,6.06740096389316e-10,6.06740096389316e-10,3.935043415082373e-17,3.935043415082373e-17,-0.019601448800844253,-0.019601448800844253,4.391234207121081,4.391234207121081,0.09769492025029748,0.09769492025029748
8,1,sqp_full,sqp_full,,10,1,55,22.21945701180642,776.0693811583575,-709.3165880313447,-100.01414710543719,774.8012336000149,-705.4464619126902,-100.02349566126105,774.8030763069985,-705.444405783192,-100.01916978936049,774.8030763069985,-705.444405783192,-100.01916978936049,0.0027610211047168075,0.005131900743466339,0.0027610211047168075,0.005131900743466339,0.0,0.0,4.0726004473827535,4.073981264007561,4.073981264007561,0.10060941374849644,0.10332527224735315,1.0260821073131572,2.4147744175478434,-0.2929335291307782,-0.2929335291307782,3.240848897642076e-05,3.240848897642076e-05,5.295163115219353e-10,5.295163115219353e-10,2.876315265365812e-17,2.876315265365812e-17,0.10557362377867353,0.10557362377867353,4.531769843897111,4.531769843897111,-0.009999078433059751,-0.009999078433059751
8,2,sqp_full,sqp_full,,10,1,56,22.622393333371768,775.8238147912732,-708.9971279048322,-100.01440432553605,774.8817285159298,-705.5042722473137,-100.01861337134066,774.8837476935537,-705.5156733851428,-100.01813628442606,774.8837476935537,-705.5156733851428,-100.01813628442606,0.01157855872178075,0.011588383580025598,0.01157855872178075,0.011588383580025598,0.0,0.0,3.6176742797616326,3.606140834864935,3.606140834864935,0.09922350040333623,0.10764762806955101,1.0785535224240335,6.200676852263129,-0.2730091409494181,-0.2730091409494181,2.1348812729621913e-05,2.1348812729621913e-05,8.069283025140113e-10,8.069283025140113e-10,1.8009590737584267e-17,1.8009590737584267e-17,0.05706870921010437,0.05706870921010437,4.7127255779598185,4.7127255779598185,-0.009997941118069568,-0.009997941118069568
8,3,sqp_full,sqp_full,,10,1,57,23.025391063526154,775.6586124146631,-708.6295476018917,-100.0146615456349,774.9799445992618,-705.5181566192122,-100.01648405013417,774.9902700448724,-705.5033035709603,-100.01625466362765,774.9902700448724,-705.5033035709603,-100.01625466362765,0.018089440826930394,0.018090895157520145,0.018089440826930394,0.018090895157520145,0.0,0.0,3.184547668156537,3.196886495356359,3.196886495356359,0.09921546662128858,0.10725466950302051,1.0457915608822161,14.668991399175791,-0.25204380083449085,-0.25204380083449085,0.500009054373117,0.500009054373117,9.03051272200956e-10,9.03051272200956e-10,5.991847268453317e-18,5.991847268453317e-18,0.01648359663306043,0.01648359663306043,1.6198203014642287,1.6198203014642287,-0.009995600443486952,-0.009995600443486952
8,4,sqp_full,sqp_full,,10,1,59,23.832005755335558,775.5757993427779,-707.8315196216635,-100.01517598583261,775.1057098450696,-705.4663183430206,-100.01702692726852,775.1182847779936,-705.4218411547645,-100.01807740280411,775.1182847779936,-705.4218411547645,-100.01807740280411,0.046220657862150655,0.046232593611659434,0.046220657862150655,0.046232593611659434,0.0,0.0,2.411464539310064,2.4527270314542764,2.4527270314542764,0.13603087387496346,0.15174722246765313,1.0983153529554746,10.080228351398373,0.30255353992451417,0.30255353992451417,0.4999895069064201,0.4999895069064201,9.066561732534723e-10,9.066561732534723e-10,-2.0507534788754697e-17,-2.0507534788754697e-17,-0.02770953110733556,-0.02770953110733556,-1.961698847214087,-1.961698847214087,-0.009987624011364622,-0.009987624011364622
8,5,sqp_full,sqp_full,,10,1,60,24.235623427351253,775.6399933753629,-707.4330396533067,-100.01543320593147,775.2397477542848,-705.3974597491992,-100.01657035095712,775.2503031887458,-705.3367633346073,-100.01906020045065,775.2503031887458,-705.3367633346073,-100.01906020045065,0.06160740167352179,0.06165769450330644,0.06160740167352179,0.06165769450330644,0.0,0.0,2.0745558809533486,2.132189683373636,2.132189683373636,0.1506913252705191,0.15706069575621126,1.037233187323005,5.633783925463058,0.49997950221504506,0.49997950221504506,0.4999839478021415,0.4999839478021415,6.85967377070172e-10,6.85967377070172e-10,-2.7501636938495995e-17,-2.7501636938495995e-17,0.0002783120912335556,0.0002783120912335556,-2.3175720156081634,-2.3175720156081634,-0.00998258293847254,-0.00998258293847254
8,6,sqp_full,sqp_full,,10,1,61,24.639494442075346,775.7516610414759,-707.0449133043983,-100.01569042603033,775.3721350445472,-705.3343500916121,-100.0192984616949,775.3820598691545,-705.2591958900358,-100.02106211175716,775.3820598691545,-705.2591958900358,-100.02106211175716,0.07580670259324744,0.07582721556013522,0.07580670259324744,0.07582721556013522,0.0,0.0,1.7521605198387806,1.823565658411702,1.823565658411702,0.14668560287902302,0.15290696170736412,1.038433468285323,5.008012718857825,0.49998872991460014,0.49998872991460014,0.499980183409538,0.499980183409538,8.747306207444649e-10,8.747306207444649e-10,-2.690810676452452e-17,-2.690810676452452e-17,-0.0479357131224145,-0.0479357131224145,-1.8933624166834284,-1.8933624166834284,-0.009979371778149802,-0.009979371778149802
8,7,sqp_full,sqp_full,,10,1,62,25.043518827373667,775.8863153166785,-706.6639882935061,-100.01594764612919,775.5028826197735,-705.2765185712748,-100.01607048017112,775.5143697019449,-705.1855027395777,-100.01817857345881,775.5143697019449,-705.1855027395777,-100.01817857345881,0.09173785846821333,0.09176207677272523,0.09173785846821333,0.09176207677272523,0.0,0.0,1.4394765934756626,1.5245534013259097,1.5245534013259097,0.14300291268637674,0.15147569795382498,1.0547902623424454,5.2589488888544365,0.49999984909762163,0.49999984909762163,0.49997605657545724,0.49997605657545724,1.6904165627799774e-10,1.6904165627799774e-10,-2.475798983224258e-17,-2.475798983224258e-17,0.06772660756739407,0.06772660756739407,-1.680570219683808,-1.680570219683808,-0.009976332952288424,-0.009976332952288424
8,8,sqp_full,sqp_full,,10,1,64,25.851599635454477,776.1622117029609,-705.9044650800516,-100.01646208632691,775.6319209863781,-705.2238218246806,-100.01617967834856,775.647257331787,-705.1149985735043,-100.02003936883796,775.647257331787,-705.1149985735043,-100.02003936883796,0.10989860548281272,0.1099663616645597,0.10989860548281272,0.1099663616645597,0.0,0.0,0.8628345641987805,0.9425684958405506,0.9425684958405506,0.13938385516925966,0.15044408316112193,1.0738777740645349,5.772393200768019,0.5000113256589221,0.5000113256589221,0.4999716994790054,0.4999716994790054,4.840411896403581e-10,4.840411896403581e-10,-2.1585988602270278e-17,-2.1585988602270278e-17,-0.015596080573964383,-0.015596080573964383,-1.5624898281309694,-1.5624898281309694,-0.009973556269081738,-0.009973556269081738
8,9,sqp_full,sqp_full,,10,1,65,26.255640039494953,776.3001598961023,-705.5247034733244,-100.01671930642577,775.7582699150237,-705.1778668348948,-100.01849335750828,775.7800235246679,-705.0488433063757,-100.02049913974578,775.7800235246679,-705.0488433063757,-100.02049913974578,0.1308445277574195,0.1308599006817842,0.1308445277574195,0.1308599006817842,0.0,0.0,0.6433820057713924,0.70497144862561,0.70497144862561,0.13446659796156007,0.14833608033858373,1.0959461939314519,6.548944633781761,0.5000224706827051,0.5000224706827051,0.4999677358586974,0.4999677358586974,4.665962237370425e-10,4.665962237370425e-10,-1.7393445379101033e-17,-1.7393445379101033e-17,-0.022498107425029657,-0.022498107425029657,-1.308474930185587,-1.308474930185587,-0.009971800345906872,-0.009971800345906872
8,10,sqp_full,sqp_full,,10,0,66,26.659680443535287,776.4381080892434,-705.1449418665973,-100.01697652652463,775.8822702326217,-705.1373902811744,-100.01799741702288,775.9120835409896,-704.9877733434469,-100.01974237606235,nan,nan,nan,0.1525583868910212,0.15256836596372111,nan,nan,nan,nan,0.5558891519863514,0.5490025227947474,nan,0.13044031632309602,nan,nan,nan,0.5000309789256219,nan,0.49996476418140245,nan,1.179250400888088e-10,nan,-1.3667350938302353e-17,nan,0.029094814069504968,nan,-1.0454859966690504,nan,-0.009971283058330345,nan
8,11,sqp_full,sqp_full,,10,0,67,27.063720847575762,776.5760562823847,-704.76518025987,-100.01723374662348,775.9958234037623,-705.1184953113918,-100.01836715798729,776.0346416792548,-704.9491149286216,-100.02103157405884,nan,nan,nan,0.17377161039588157,0.1737920357570519,nan,nan,nan,nan,0.6793391782212379,0.571805679274898,nan,0.11511506968040405,nan,nan,nan,0.3571350426641738,nan,0.4999990816804926,nan,4.634504362657036e-11,nan,-9.566785360667514e-18,nan,0.0377310160104239,nan,-0.7497041230041303,nan,-0.009972087426808631,nan
8,12,sqp_full,sqp_full,,10,0,69,27.871801655656572,776.8519526686671,-704.0056570464156,-100.0177481868212,776.1082894190018,-705.1018162673039,-100.01635481913284,776.1561275873236,-704.9139252213569,-100.01914695227461,nan,nan,nan,0.19388536689349695,0.19390547053373006,nan,nan,nan,nan,1.3246131761541313,1.1441694024216666,nan,0.11371387163933568,nan,nan,nan,0.3855578140900589,nan,0.4999953951817483,nan,2.058177100241326e-10,nan,-6.282134615873634e-18,nan,-0.01482471449461261,nan,-0.5008764103954718,nan,-0.009974250969583005,nan
8,13,sqp_full,sqp_full,,10,0,70,28.275842059697048,776.9899008618085,-703.6258954396883,-100.01800540692004,776.2191995596954,-705.0885504971379,-100.01625165243608,776.2771405814456,-704.8817268855889,-100.01861454042218,nan,nan,nan,0.21478633172440192,0.21479932852609118,nan,nan,nan,nan,1.6532816802231514,1.4440013288690665,nan,0.11170071893298587,nan,nan,nan,0.4161922521339844,nan,0.49999790037193453,nan,7.890155737011424e-11,nan,-3.176425136853252e-18,nan,0.009847911481700024,nan,-0.26913123932734145,nan,-0.009977821876650594,nan
8,14,sqp_full,sqp_full,,10,0,71,28.679882463737382,777.1278490549496,-703.2461338329612,-100.0182626270189,776.3294012418793,-705.076743338004,-100.01764041490198,776.396208470171,-704.8530089574379,-100.01929915306258,nan,nan,nan,0.23349577897537135,0.23350167068267608,nan,nan,nan,nan,1.9971605018499656,1.765600637448072,nan,0.11084109537604696,nan,nan,nan,0.4491907686453322,nan,0.5000009549491617,nan,5.881488661347388e-11,nan,-1.109202975643301e-18,nan,-0.0036764620854304415,nan,-0.11764959038574867,nan,-0.009982719781006844,nan
9,0,sqp_full,sqp_full,,10,1,56,22.622393333371768,775.8238147912732,-708.9971279048322,-100.01440432553605,775.3014776154164,-705.0332347233206,-100.01908412784172,775.3023146445776,-705.0284221351449,-100.0153394671876,775.3023146445776,-705.0284221351449,-100.0153394671876,0.00488483600196422,0.006155006594680517,0.00488483600196422,0.006155006594680517,0.0,0.0,3.9981602368734626,4.00282249036265,4.00282249036265,0.47880248264297937,0.4781730027641994,0.9986035423273122,0.733162433910379,-2.8239577668375386e-05,-2.8239577668375386e-05,2.678574777342616e-07,2.678574777342616e-07,-6.360685014678745e-10,-6.360685014678745e-10,1.1593195795728636e-17,1.1593195795728636e-17,0.13377223503584487,0.13377223503584487,4.190501555534201,4.190501555534201,0.04714766270185467,0.04714766270185467
9,1,sqp_full,sqp_full,,10,1,57,23.025391063526154,775.6586124146631,-708.6295476018917,-100.0146615456349,775.3821555864105,-705.0809528856801,-100.01656539199247,775.3840988467787,-705.0759959927016,-100.0147211635278,775.3840988467787,-705.0759959927016,-100.0147211635278,0.0053241946676941656,0.005634556547718169,0.0053241946676941656,0.005634556547718169,0.0,0.0,3.5593472488382596,3.5641389897323608,3.5641389897323608,0.09376727602403939,0.09461664732976363,1.0088231548549804,1.2369380820762228,-0.1428923850031702,-0.1428923850031702,3.367637408767615e-05,3.367637408767615e-05,-6.005198860107625e-10,-6.005198860107625e-10,1.1019297013679763e-17,1.1019297013679763e-17,0.01570129360279506,0.01570129360279506,4.486283448830227,4.486283448830227,-0.010000036944777203,-0.010000036944777203
9,2,sqp_full,sqp_full,,10,1,59,23.832005755335558,775.5757993427779,-707.8315196216635,-100.01517598583261,775.4740828873593,-705.1064334379647,-100.01626473702224,775.4844375599833,-705.0835263210407,-100.01447264499049,775.4844375599833,-705.0835263210407,-100.01447264499049,0.025138720152773703,0.025202516635640975,0.025138720152773703,0.025202516635640975,0.0,0.0,2.726983855083954,2.749511621292525,2.749511621292525,0.0953938027226482,0.10062119545061896,1.0347079020356762,11.200465919024555,-0.11446904710858752,-0.11446904710858752,0.5000331555535773,0.5000331555535773,-5.199649359590135e-10,-5.199649359590135e-10,8.714042756868417e-18,8.714042756868417e-18,-0.02976335502690829,-0.02976335502690829,0.40103549422289547,0.40103549422289547,-0.009999814661868738,-0.009999814661868738
9,3,sqp_full,sqp_full,,10,1,60,24.235623427351253,775.6399933753629,-707.4330396533067,-100.01543320593147,775.6018008626564,-705.0615847747487,-100.017794055919,775.6150898316052,-705.0234949104496,-100.01886323739568,775.6150898316052,-705.0234949104496,-100.01886323739568,0.040341473176446666,0.04035563909884252,0.040341473176446666,0.04035563909884252,0.0,0.0,2.371762405693941,2.4096734331277525,2.4096734331277525,0.13537216339612076,0.14385083815952956,1.0578460077852023,5.4401450919137195,0.49997396700110197,0.49997396700110197,0.5000312731954393,0.5000312731954393,-3.4283702083179984e-10,-3.4283702083179984e-10,5.838849223658575e-18,5.838849223658575e-18,-0.058827659839386794,-0.058827659839386794,-1.2513250454140887,-1.2513250454140887,-0.009999362120597006,-0.009999362120597006
9,4,sqp_full,sqp_full,,10,1,61,24.639494442075346,775.7516610414759,-707.0449133043983,-100.01569042603033,775.7260938155637,-705.0233776834391,-100.01903319017194,775.745213958186,-704.9676161761392,-100.01669241382342,775.745213958186,-704.9676161761392,-100.01669241382342,0.05894849913487783,0.05899495558239253,0.05894849913487783,0.05899495558239253,0.0,0.0,2.0216972943166507,2.0773071327938015,2.0773071327938015,0.1300386689505951,0.1416313303669503,1.082538492163571,6.315272826511568,0.4999760467711284,0.4999760467711284,0.5000288200393709,0.5000288200393709,-1.5081165932370343e-10,-1.5081165932370343e-10,4.367649737352942e-18,4.367649737352942e-18,-0.029309829255170988,-0.029309829255170988,-1.3471319742266306,-1.3471319742266306,-0.009999033351889168,-0.009999033351889168
9,5,sqp_full,sqp_full,,10,1,62,25.043518827373667,775.8863153166785,-706.6639882935061,-100.01594764612919,775.847356506535,-704.9925154293496,-100.01605696519779,775.873424794291,-704.9182414310952,-100.01679674651459,775.873424794291,-704.9182414310952,-100.01679674651459,0.07871583349753723,0.07871930969977248,0.07871583349753723,0.07871930969977248,0.0,0.0,1.6719268298879735,1.745794453303304,1.745794453303304,0.12516380013485073,0.13738957321507006,1.0896668975931372,6.92653154786374,0.4999789739596248,0.4999789739596248,0.5000256219801998,0.5000256219801998,5.3545789559240777e-11,5.3545789559240777e-11,3.267984815371661e-18,3.267984815371661e-18,0.07856780537646055,0.07856780537646055,-1.136492858242825,-1.136492858242825,-0.009998899331076939,-0.009998899331076939
9,6,sqp_full,sqp_full,,10,1,64,25.851599635454477,776.1622117029609,-705.9044650800516,-100.01646208632691,775.9648533390595,-704.9692466070555,-100.01571847288652,775.9992876033981,-704.8755858872241,-100.016562176797,775.9992876033981,-704.8755858872241,-100.016562176797,0.09979002455094088,0.09979359115777892,0.09979002455094088,0.09979359115777892,0.0,0.0,0.9558158379285836,1.04169892754667,1.04169892754667,0.11977920654807445,0.13289468447694233,1.0999540616312578,7.5202117600146225,0.4999826097292507,0.4999826097292507,0.5000216024934022,0.5000216024934022,1.8269259572329603e-10,1.8269259572329603e-10,2.2826840347963078e-18,2.2826840347963078e-18,0.022678014109102196,0.022678014109102196,-0.9634469684741391,-0.9634469684741391,-0.009998868472250455,-0.009998868472250455
9,7,sqp_full,sqp_full,,10,1,65,26.255640039494953,776.3001598961023,-705.5247034733244,-100.01671930642577,776.0781681887468,-704.9540296539615,-100.0179736743022,776.1219378173788,-704.8406672681115,-100.01794463316232,776.1219378173788,-704.8406672681115,-100.01794463316232,0.12151876775296247,0.1215187712231581,0.12151876775296247,0.1215187712231581,0.0,0.0,0.6123307327260978,0.7068724350168423,0.7068724350168423,0.11435425988800386,0.12753154957050175,1.1036688244118937,8.257959177758595,0.4999862765790414,0.4999862765790414,0.5000172308316521,0.5000172308316521,4.03890462346826e-10,4.03890462346826e-10,1.0388924056953946e-18,1.0388924056953946e-18,-0.055953372762952966,-0.055953372762952966,-0.7404858442901772,-0.7404858442901772,-0.009998768603580808,-0.009998768603580808
9,8,sqp_full,sqp_full,,10,1,66,26.659680443535287,776.4381080892434,-705.1449418665973,-100.01697652652463,776.186871434504,-704.947209587327,-100.01421100604585,776.2408626765827,-704.8138554556081,-100.01497623094411,776.2408626765827,-704.8138554556081,-100.01497623094411,0.1438693110698708,0.1438713461286304,0.1438693110698708,0.1438713461286304,0.0,0.0,0.31971535926511757,0.3853880698172102,0.3853880698172102,0.10898195547647106,0.12194591767705967,1.1047799997881516,9.129653636467554,0.4999899313952508,0.4999899313952508,0.5000127105511637,0.5000127105511637,7.381550073055746e-10,7.381550073055746e-10,7.240428142306828e-20,7.240428142306828e-20,0.11012898599548475,0.11012898599548475,-0.4586840118097123,-0.4586840118097123,-0.0099984726754162,-0.0099984726754162
9,9,sqp_full,sqp_full,,10,1,67,27.063720847575762,776.5760562823847,-704.76518025987,-100.01723374662348,776.303267483317,-704.9263641530074,-100.016481663608,776.3640628995116,-704.7796136627527,-100.01545289522443,776.3640628995116,-704.7796136627527,-100.01545289522443,0.15884517310977253,0.158848504508732,0.15884517310977253,0.158848504508732,0.0,0.0,0.316850084904035,0.2124841582347378,0.2124841582347378,0.11826972646037791,0.12787111681901436,1.0762924711631052,5.451199267666966,0.4999930682224561,0.4999930682224561,0.20533629249695357,0.20533629249695357,1.093437694453135e-09,1.093437694453135e-09,-1.4070761763713822e-18,-1.4070761763713822e-18,0.007717811511816624,0.007717811511816624,-0.2681809407872432,-0.2681809407872432,-0.009997665970060568,-0.009997665970060568
9,10,sqp_full,sqp_full,,10,0,69,27.871801655656572,776.8519526686671,-704.0056570464156,-100.0177481868212,776.4053384753362,-704.9309378397036,-100.01147955167173,776.478625485015,-704.762181228103,-100.0102552680913,nan,nan,nan,0.18398309636092858,0.18398716970712933,nan,nan,nan,nan,1.0274282379379756,0.8436243379203444,nan,0.10229578263839621,nan,nan,nan,0.5000000968493555,nan,0.44037449280002994,nan,7.403647226992973e-10,nan,-4.795805937663431e-19,nan,0.14567087801197676,nan,-0.07844694052645788,nan,-0.009998565899538358,nan
9,11,sqp_full,sqp_full,,10,0,70,28.275842059697048,776.9899008618085,-703.6258954396883,-100.01800540692004,776.4897977602488,-704.9624327974299,-100.00234532401758,776.5907193704344,-704.7495250276993,-100.0025394492221,nan,nan,nan,0.2356159795389285,0.23561605950928682,nan,nan,nan,nan,1.4270372177445863,1.1924300038615483,nan,0.09060208212270246,nan,nan,nan,0.5000000522513274,nan,0.4101414460257139,nan,4.736711015130165e-10,nan,-2.268747933506044e-19,nan,0.2963967107085939,nan,0.024202619077007912,nan,-0.009999113220897774,nan
9,12,sqp_full,sqp_full,,10,0,71,28.679882463737382,777.1278490549496,-703.2461338329612,-100.0182626270189,776.3818951028985,-705.138373296712,-99.99344553755473,776.5986746487563,-704.7280843502919,-99.98827108713422,nan,nan,nan,0.4640370578485659,0.4640659069506267,nan,nan,nan,nan,2.0339659502450256,1.5735955287133636,nan,0.20658472583894327,nan,nan,nan,0.5000000966558971,nan,0.3820691574095523,nan,1.838284138821211e-10,nan,-4.709510672554113e-20,nan,0.4659697716365068,nan,0.06479572893509178,nan,0.00048183580358590145,nan
9,13,sqp_full,sqp_full,,10,0,72,29.083922867777858,777.2657972480908,-702.8663722262339,-100.01851984711776,777.1987351679165,-702.7901010800141,-100.0536356830007,775.7351773214876,-704.619734540718,-99.98492240886276,nan,nan,nan,2.342981043536409,2.3439884138821414,nan,nan,nan,nan,0.10156087013712216,2.3274614423375004,nan,2.487012856650001,nan,nan,nan,-0.011903642581558297,nan,0.06828593274450609,nan,1.4071940951169317e-11,nan,-1.0959499971135583e-21,nan,0.11814669965816621,nan,0.007355073913220278,nan,0.08881402847149127,nan
9,14,sqp_full,sqp_full,,10,0,74,29.892003675858668,777.5416936343734,-702.1068490127795,-100.01903428731548,777.2962798078654,-702.7997843693867,-100.05408726907325,775.8256547272058,-704.643399019357,-99.98471108906264,nan,nan,nan,2.3583157348944384,2.3593359573836787,nan,nan,nan,nan,0.7351104370619626,3.0624949741642045,nan,0.09802513354145732,nan,nan,nan,-0.0372233819968628,nan,0.07416549721297022,nan,1.3867693578795595e-12,nan,-3.485175046668506e-22,nan,0.01301506878970277,nan,0.002089573517850854,nan,-0.009999437735579797,nan
10,0,sqp_full,sqp_full,,10,1,59,23.832005755335558,775.5757993427779,-707.8315196216635,-100.01517598583261,775.9617990134468,-704.7697457646967,-100.01576786850346,775.9644382897184,-704.7644616863082,-100.01766537999697,775.9644382897184,-704.7644616863082,-100.01766537999697,0.0059065441379383835,0.006203854730845611,0.0059065441379383835,0.006203854730845611,0.0,0.0,3.0860095425907685,3.09158286479667,3.09158286479667,0.40238502538259957,0.39991787435854276,0.9937686245006078,0.8130158863795982,-1.2708359580742444e-05,-1.2708359580742444e-05,0.5000216412643069,0.5000216412643069,-1.0106735140449435e-10,-1.0106735140449435e-10,1.591551982557675e-18,1.591551982557675e-18,-0.020561169844276847,-0.020561169844276847,2.563815444562149,2.563815444562149,0.03923956133785089,0.03923956133785089
10,1,sqp_full,sqp_full,,10,1,60,24.235623427351253,775.6399933753629,-707.4330396533067,-100.01543320593147,776.0407381578107,-704.8157550242767,-100.01571101199295,776.0470474153856,-704.8043018865357,-100.01752316018033,776.0470474153856,-704.8043018865357,-100.01752316018033,0.013075973969821096,0.013200946038541094,0.013075973969821096,0.013200946038541094,0.0,0.0,2.6477868513186222,2.6600667732120504,2.6600667732120504,0.0913687239302825,0.09171439049640782,1.0007038826925188,4.48906912003311,-1.316175295344071e-05,-1.316175295344071e-05,0.5000203574100976,0.5000203574100976,-6.906162106911743e-11,-6.906162106911743e-11,9.561935751665808e-19,9.561935751665808e-19,-0.04801318479281235,-0.04801318479281235,0.23493943742961862,0.23493943742961862,-0.00999989199995413,-0.00999989199995413
10,2,sqp_full,sqp_full,,10,1,61,24.639494442075346,775.7516610414759,-707.0449133043983,-100.01569042603033,776.1159574555975,-704.8671068262761,-100.01738262765956,776.1303700430609,-704.8435719481021,-100.0156781645178,776.1303700430609,-704.8435719481021,-100.0156781645178,0.02759733987282521,0.0276499251835845,0.02759733987282521,0.0276499251835845,0.0,0.0,2.2080654278106477,2.23367953718101,2.23367953718101,0.09109195698336621,0.09213143886406333,0.9979788747533813,9.348318786262416,-1.2514173002339667e-05,-1.2514173002339667e-05,0.5000180172771941,0.5000180172771941,-3.133862340550237e-11,-3.133862340550237e-11,3.7450476181405357e-19,3.7450476181405357e-19,0.05736608532666946,0.05736608532666946,-0.24303722518310103,-0.24303722518310103,-0.009999763961548395,-0.009999763961548395
10,3,sqp_full,sqp_full,,10,1,62,25.043518827373667,775.8863153166785,-706.6639882935061,-100.01594764612919,776.2101233584497,-704.884063336894,-100.01535327567046,776.225268144967,-704.861381343997,-100.01574698102407,776.225268144967,-704.861381343997,-100.01574698102407,0.02727338190315259,0.027276223425186128,0.02727338190315259,0.027276223425186128,0.0,0.0,1.8091391596795636,1.8341975995576696,1.8341975995576696,0.0957019267402435,0.0965547982402399,1.0086421488421757,1.3245866170980234,0.2586914537125927,0.2586914537125927,0.5000144623768635,0.5000144623768635,-3.880396963217075e-11,-3.880396963217075e-11,-4.084676039904702e-21,-4.084676039904702e-21,-0.0044154435388992575,-0.0044154435388992575,-0.23511629672976428,-0.23511629672976428,-0.009999653211498113,-0.009999653211498113
10,4,sqp_full,sqp_full,,10,1,64,25.851599635454477,776.1622117029609,-705.9044650800516,-100.01646208632691,776.3118586232497,-704.8898875688286,-100.01474771416213,776.3268312876062,-704.8668917814965,-100.01580661282442,776.3268312876062,-704.8668917814965,-100.01580661282442,0.0274406070077731,0.027461030194295844,0.0274406070077731,0.027461030194295844,0.0,0.0,1.0255543510859924,1.0505512636341687,1.0505512636341687,0.10190364314541216,0.10171253816584883,0.9980989358102023,0.41127665041838785,0.46276695654099803,0.46276695654099803,0.5000133073891019,0.5000133073891019,-2.991985126838936e-11,-2.991985126838936e-11,4.763452129207469e-20,4.763452129207469e-20,0.0119773119306413,0.0119773119306413,-0.2779849226218524,-0.2779849226218524,-0.009999740904985172,-0.009999740904985172
10,5,sqp_full,sqp_full,,10,1,65,26.255640039494953,776.3001598961023,-705.5247034733244,-100.01671930642577,776.4541975643955,-704.8246066139386,-100.01467827378181,776.4530065645166,-704.8258068287403,-100.01234753192965,776.4530065645166,-704.8258068287403,-100.01234753192965,0.0016908566708882873,0.002879471108187703,0.0016908566708882873,0.002879471108187703,0.0,0.0,0.7168425320633796,0.7154150011401207,0.7154150011401207,0.1565949617957808,0.1327408719538177,0.8417737363681058,6.761912858364436,0.4627683615433926,0.4627683615433926,-0.22411132162163985,-0.22411132162163985,-8.47559241532513e-12,-8.47559241532513e-12,6.389594852454314e-20,6.389594852454314e-20,0.0745860113408572,0.0745860113408572,-0.26774967494961105,-0.26774967494961105,-0.009999826358074568,-0.009999826358074568
10,6,sqp_full,sqp_full,,10,1,66,26.659680443535287,776.4381080892434,-705.1449418665973,-100.01697652652463,776.5494009956848,-704.8323752337205,-100.01322822175621,776.5449483247422,-704.8388021541084,-100.01168922680992,776.5449483247422,-704.8388021541084,-100.01168922680992,0.007818668952925227,0.007968694349774938,0.007818668952925227,0.007968694349774938,0.0,0.0,0.33178910622873004,0.3242473739048296,0.3242473739048296,0.09553087162511519,0.09285795130425774,0.9702978650323231,3.411472441196527,0.4627659459800936,0.4627659459800936,0.5000148978694113,0.5000148978694113,3.749639248928667e-11,3.749639248928667e-11,1.260770982328542e-19,1.260770982328542e-19,0.06624359133339883,0.06624359133339883,-0.24788347744147554,-0.24788347744147554,-0.009484810441197407,-0.009484810441197407
10,7,sqp_full,sqp_full,,10,1,67,27.063720847575762,776.5760562823847,-704.76518025987,-100.01723374662348,776.5849520010391,-704.7502210855596,-100.017553299794,776.5732660438351,-704.7674499788449,-100.00572147842925,776.5732660438351,-704.7674499788449,-100.00572147842925,0.020818173781796585,0.023945528944181244,0.020818173781796585,0.023945528944181244,0.0,0.0,0.017404330105694293,0.0035968118366526964,0.0035968118366526964,0.08962078074746933,0.07699766327754863,0.8519532020956494,7.421064680674119,0.4627637322823908,0.4627637322823908,-0.42581665251341067,-0.42581665251341067,3.727274157848333e-12,3.727274157848333e-12,1.0096303217163973e-19,1.0096303217163973e-19,0.20461333272760285,0.20461333272760285,-0.24712529192055535,-0.24712529192055535,0.0010943300482991187,0.0010943300482991187
10,8,sqp_full,sqp_full,,10,1,69,27.871801655656572,776.8519526686671,-704.0056570464156,-100.0177481868212,776.6042255968339,-704.6665016083574,-100.02426182710094,776.5922231885438,-704.6867286880725,-99.99768995069802,776.5922231885438,-704.6867286880725,-99.99768995069802,0.02352004588779493,0.035486013782000454,0.02352004588779493,0.035486013782000454,0.0,0.0,0.7057508322114636,0.7289156219443139,0.7289156219443139,0.0861709156066884,0.08330549535984687,0.9520579992145018,10.00074537173737,0.46276224224372425,0.46276224224372425,-0.4258146690363061,-0.4258146690363061,-4.3303208914673305e-12,-4.3303208914673305e-12,7.713705464217567e-20,7.713705464217567e-20,0.18226534836381175,0.18226534836381175,-0.22997362908094923,-0.22997362908094923,0.002682536758129134,0.002682536758129134
10,9,sqp_full,sqp_full,,10,1,70,28.275842059697048,776.9899008618085,-703.6258954396883,-100.01800540692004,776.6321043137391,-704.6520795795052,-100.02191043922713,776.6134215506188,-704.684368956618,-99.99697157226309,776.6134215506188,-704.684368956618,-99.99697157226309,0.03730481888639964,0.044873116646800694,0.03730481888639964,0.044873116646800694,0.0,0.0,1.086771484085729,1.1234335128503659,1.1234335128503659,0.03147613059814057,0.02134139064759169,0.6325576204017492,21.100444263017142,0.46277854169607047,0.46277854169607047,0.3361729952927274,0.3361729952927274,1.2866247409783073e-11,1.2866247409783073e-11,6.854264440654064e-20,6.854264440654064e-20,0.10189828860309486,0.10189828860309486,-0.2091896505052763,-0.2091896505052763,-0.0018347712276062268,-0.0018347712276062268
10,10,sqp_full,sqp_full,,10,0,71,28.679882463737382,777.1278490549496,-703.2461338329612,-100.0182626270189,776.643174679264,-704.6351247213541,-100.0161070404061,776.6143976001671,-704.6854478236244,-99.99778067711985,nan,nan,nan,0.057970120781812524,0.0607979481130527,nan,nan,nan,nan,1.471123699246538,1.5281548220442789,nan,0.021064179206716042,nan,nan,nan,0.46277645036613924,nan,0.3351372266226199,nan,3.0702231913359704e-11,nan,7.02615706501347e-20,nan,-0.02559678079119484,nan,-0.1724211854620669,nan,-0.00010312897558948621,nan
10,11,sqp_full,sqp_full,,10,0,72,29.083922867777858,777.2657972480908,-702.8663722262339,-100.01851984711776,776.637390074718,-704.6147846109184,-100.01652069486624,776.5954831380402,-704.689786242492,-99.99713692389855,nan,nan,nan,0.08591528432368685,0.0880747787811461,nan,nan,nan,nan,1.8579131956215182,1.942719660892805,nan,0.02115071753638204,nan,nan,nan,0.462776762891002,nan,0.3341500994632509,nan,7.728414087741734e-12,nan,7.668670811311406e-20,nan,0.013639645886119503,nan,-0.13267432651547728,nan,0.0016126368034909736,nan
10,12,sqp_full,sqp_full,,10,0,74,29.892003675858668,777.5416936343734,-702.1068490127795,-100.01903428731548,776.6679849168239,-704.6030732344718,-100.01867605851098,776.6107613469543,-704.7044632408838,-99.9980666287554,nan,nan,nan,0.11642366747718214,0.11823374705932224,nan,nan,nan,nan,2.6447121370926263,2.7593902590624526,nan,0.03283056950768937,nan,nan,nan,0.462775859580218,nan,0.333166077509484,nan,8.512617740258952e-12,nan,7.580252820836307e-20,nan,-0.03034672097203527,nan,-0.09287663662735879,nan,-0.0022497936195397883,nan
10,13,sqp_full,sqp_full,,10,0,75,30.296044079899143,777.6796418275146,-701.7270874060523,-100.01929150741434,776.6759691104326,-704.5880890617782,-100.01790465433653,776.6005841970233,-704.7214480925371,-99.99820816578422,nan,nan,nan,0.1531911102339004,0.15445215413190672,nan,nan,nan,nan,3.0319448209162867,3.182854267899729,nan,0.016996112593595604,nan,nan,nan,0.46277810631577526,nan,0.3322132543100187,nan,1.6044993723329756e-12,nan,7.951403853119777e-20,nan,-0.013831778619117182,nan,-0.056762207202545566,nan,5.144257446728131e-05,nan
10,14,sqp_full,sqp_full,,10,0,76,30.700084483939477,777.8175900206558,-701.3473257993252,-100.01954872751318,776.6832693680295,-704.5721458449017,-100.0219433035341,776.5872833344254,-704.7428203144228,-99.99696505822035,nan,nan,nan,0.1958139249220497,0.1974006229279229,nan,nan,nan,nan,3.418500792646789,3.6115145776033644,nan,0.017994182745927925,nan,nan,nan,0.46277582541115997,nan,0.3312518417012219,nan,-6.116231074062933e-12,nan,8.420142719368496e-20,nan,0.021476343007679102,nan,-0.02568138823301215,nan,0.00012858826770325256,nan
11,0,sqp_full,sqp_full,,10,1,61,24.639494442075346,775.7516610414759,-707.0449133043983,-100.01569042603033,776.4230922702767,-704.7236180467512,-100.01141410819781,776.4264228403008,-704.7182536968542,-100.01104928465732,776.4264228403008,-704.7182536968542,-100.01104928465732,0.006314186131529978,0.00632471680941527,0.006314186131529978,0.00632471680941527,0.0,0.0,2.4164501998144754,2.4225293423466585,2.4225293423466585,0.19486998967521743,0.1905646222877853,0.9776238261821777,1.3775696377289353,-0.037219264024743855,-0.037219264024743855,0.49999092138634005,0.49999092138634005,6.5137269887059286e-12,6.5137269887059286e-12,6.796818109293703e-20,6.796818109293703e-20,-0.43899116035112545,-0.43899116035112545,0.06529774174615285,0.06529774174615285,0.016020860922015556,0.016020860922015556
11,1,sqp_full,sqp_full,,10,1,62,25.043518827373667,775.8863153166785,-706.6639882935061,-100.01594764612919,776.5085467158732,-704.756356738123,-100.01615648795033,776.5140527710734,-704.7480387648355,-100.0156542189347,776.5140527710734,-704.7480387648355,-100.0156542189347,0.009975235509901412,0.009987872528324471,0.009975235509901412,0.009987872528324471,0.0,0.0,2.00654680115793,2.016163909027017,2.016163909027017,0.09163391484956006,0.09266801207290644,1.0105463470464682,2.190154425450284,0.500008852342109,0.500008852342109,0.49998204163561855,0.49998204163561855,6.241301535576001e-12,6.241301535576001e-12,5.979759025101102e-20,5.979759025101102e-20,-0.14297018255787397,-0.14297018255787397,0.5009697196928501,0.5009697196928501,-0.01000001524852002,-0.01000001524852002
11,2,sqp_full,sqp_full,,10,1,64,25.851599635454477,776.1622117029609,-705.9044650800516,-100.01646208632691,776.5482735888086,-704.7901165640055,-100.017771365331,776.5572926529483,-704.776865680858,-100.01695865975447,776.5572926529483,-704.776865680858,-100.01695865975447,0.016029018127948852,0.016049607861261264,0.016029018127948852,0.016049607861261264,0.0,0.0,1.1793287899981595,1.194809341319732,1.194809341319732,0.052158969562178914,0.05198442110648765,0.9899011033342203,6.673304626498195,0.5000130257705482,0.5000130257705482,0.4999733111552315,0.4999733111552315,5.823976109312724e-12,5.823976109312724e-12,5.476492123662136e-20,5.476492123662136e-20,-0.040508183935214874,-0.040508183935214874,1.127027413080987,1.127027413080987,-0.005683350008223653,-0.005683350008223653
11,3,sqp_full,sqp_full,,10,1,65,26.255640039494953,776.3001598961023,-705.5247034733244,-100.01671930642577,776.5416478404661,-704.8218478639936,-100.01300395967084,776.554583734052,-704.8031326233616,-100.0116728953346,776.554583734052,-704.8031326233616,-100.0116728953346,0.022750770861177386,0.022789675448435846,0.022750770861177386,0.022789675448435846,0.0,0.0,0.7431839845158548,0.7651117440171957,0.7651117440171957,0.032764372369420716,0.026930091265780155,0.8166081835187247,6.52487661446442,0.5000105984898762,0.5000105984898762,0.4999777668122143,0.4999777668122143,4.806886709044533e-12,4.806886709044533e-12,4.3546778246920376e-20,4.3546778246920376e-20,0.16237492187076788,0.16237492187076788,1.8289344841990678,1.8289344841990678,-0.0011265542661289818,-0.0011265542661289818
11,4,sqp_full,sqp_full,,10,1,66,26.659680443535287,776.4381080892434,-705.1449418665973,-100.01697652652463,776.5631738153781,-704.7708368257207,-100.01522903896301,776.5721682236308,-704.756841920174,-100.01235858137063,776.5721682236308,-704.756841920174,-100.01235858137063,0.016636007967058174,0.016881833071964978,0.016636007967058174,0.016881833071964978,0.0,0.0,0.3944566103677726,0.4106016171981655,0.4106016171981655,0.05541159264490992,0.04952285977910835,0.8928302499891828,2.5674914337037085,0.500001870257373,0.500001870257373,-0.1536594914827534,-0.1536594914827534,3.5886500466932677e-13,3.5886500466932677e-13,3.1357156429641696e-20,3.1357156429641696e-20,-0.006468689392445375,-0.006468689392445375,2.559037945617655,2.559037945617655,0.0008381699550764313,0.0008381699550764313
11,5,sqp_full,sqp_full,,10,1,67,27.063720847575762,776.5760562823847,-704.76518025987,-100.01723374662348,776.5891497135184,-704.7227426894419,-100.01817163114302,776.5996365806869,-704.7063056552421,-100.01200985572966,776.5996365806869,-704.7063056552421,-100.01200985572966,0.01949744794318976,0.02044793272050062,0.01949744794318976,0.02044793272050062,0.0,0.0,0.044411544925778486,0.06342120732154262,0.06342120732154262,0.05473985821448071,0.05751996455321646,1.048902842148846,3.4322075378319283,0.4999944451824834,0.4999944451824834,-0.1687330437542976,-0.1687330437542976,-8.701958480738717e-13,-8.701958480738717e-13,1.0765410693163382e-20,1.0765410693163382e-20,0.007737881065880455,0.007737881065880455,3.068629271250962,3.068629271250962,0.00020090682980867286,0.00020090682980867286
11,6,sqp_full,sqp_full,,10,1,69,27.871801655656572,776.8519526686671,-704.0056570464156,-100.0177481868212,776.6114976522739,-704.6723290845877,-100.019471854256,776.6260148637197,-704.6514845256706,-100.01129244644878,776.6260148637197,-704.6514845256706,-100.01129244644878,0.025401674444935123,0.02668609706725975,0.025401674444935123,0.02668609706725975,0.0,0.0,0.7087102520700265,0.6842083196405763,0.6842083196405763,0.055160243846096475,0.060841472198789714,1.101768349871825,2.7023922339381383,0.4999952867823495,0.4999952867823495,-0.16873576298552562,-0.16873576298552562,-1.703385651369334e-12,-1.703385651369334e-12,3.641958681675923e-22,3.641958681675923e-22,0.03397563344036652,0.03397563344036652,3.6528081429042847,3.6528081429042847,0.0006349558616362148,0.0006349558616362148
11,7,sqp_full,sqp_full,,10,1,70,28.275842059697048,776.9899008618085,-703.6258954396883,-100.01800540692004,776.6289792452137,-704.6354751806969,-100.01980027511647,776.6416093585924,-704.6204251858226,-100.01043327514243,776.6416093585924,-704.6204251858226,-100.01043327514243,0.019647445372787325,0.02176609285540602,0.019647445372787325,0.02176609285540602,0.0,0.0,1.0721546841665563,1.05375347551422,1.05375347551422,0.04079122680138957,0.03476505483191701,0.8515967139697355,2.274115005204294,-0.03721901494760803,-0.03721901494760803,-0.16874364022208957,-0.16874364022208957,-3.6499993663442355e-12,-3.6499993663442355e-12,-1.2547035516205617e-21,-1.2547035516205617e-21,0.0004888208594641641,0.0004888208594641641,3.8735873399333687,3.8735873399333687,0.0003049412625709461,0.0003049412625709461
11,8,sqp_full,sqp_full,,10,1,71,28.679882463737382,777.1278490549496,-703.2461338329612,-100.0182626270189,776.6412374305667,-704.6246234175175,-100.01447760151785,776.6484444770607,-704.6189933316426,-100.00777218335514,776.6484444770607,-704.6189933316426,-100.00777218335514,0.009145457130474268,0.011340283015080537,0.009145457130474268,0.011340283015080537,0.0,0.0,1.4618564935432437,1.4541567839887433,1.4541567839887433,0.01721495647655538,0.00747331655754295,0.38294788109962724,28.09971039206107,-0.03721244716132004,-0.03721244716132004,0.029931779875798217,0.029931779875798217,-6.128716517894559e-12,-6.128716517894559e-12,2.098336310753613e-22,2.098336310753613e-22,0.08525923854067113,0.08525923854067113,3.780341827423591,3.780341827423591,-0.0006006841208962461,-0.0006006841208962461
11,9,sqp_full,sqp_full,,10,1,72,29.083922867777858,777.2657972480908,-702.8663722262339,-100.01851984711776,776.6507901597032,-704.6106117139325,-100.01107646186676,776.6492965622048,-704.620358917392,-100.00511436088384,776.6492965622048,-704.620358917392,-100.00511436088384,0.009860974027337292,0.011523257217404236,0.009860974027337292,0.011523257217404236,0.0,0.0,1.8494877964490404,1.8591778851033847,1.8591778851033847,0.01729595970838007,0.003107232501835526,-0.0065345723324277995,92.0845222156703,-0.03722791267625154,-0.03722791267625154,0.04468460388019311,0.04468460388019311,-6.7732643012267e-12,-6.7732643012267e-12,-1.0793854209289558e-22,-1.0793854209289558e-22,0.08166225025652343,0.08166225025652343,3.823193881324881,3.823193881324881,-0.00019163617428568795,-0.00019163617428568795
11,10,sqp_full,sqp_full,,10,0,74,29.892003675858668,777.5416936343734,-702.1068490127795,-100.01903428731548,776.6690469126306,-704.5947542774136,-100.01911674449327,776.6554073417602,-704.6260845912948,-100.00468768856061,nan,nan,nan,0.03417054962137394,0.037092103155994566,nan,nan,nan,nan,2.6365099860918595,2.6705900644859772,nan,0.025483592076432842,nan,nan,nan,-0.03722756789357565,nan,0.05838982133651908,nan,-8.917177485181795e-12,nan,-4.073196423368519e-21,nan,0.009304334082089845,nan,3.657606262560928,nan,-0.0009501466965482337,nan
11,11,sqp_full,sqp_full,,10,0,75,30.296044079899143,777.6796418275146,-701.7270874060523,-100.01929150741434,776.6795994989177,-704.5802579545606,-100.02692109812995,776.6533397243393,-704.6341576862471,-100.00363374492983,nan,nan,nan,0.059956291052707326,0.064319963120818,nan,nan,nan,nan,3.023353574734623,3.08291317117016,nan,0.01955526500182651,nan,nan,nan,-0.03722381893336028,nan,0.0709738702993384,nan,-5.589047100945707e-12,nan,-3.96159977851074e-21,nan,0.0274712219787539,nan,3.166887966354338,nan,-0.00030350891702388214,nan
11,12,sqp_full,sqp_full,,10,0,76,30.700084483939477,777.8175900206558,-701.3473257993252,-100.01954872751318,776.6891203194016,-704.5755962991519,-100.01762192817502,776.6534581696876,-704.6453503203683,-100.00037633043367,nan,nan,nan,0.07834163898003421,0.08021734874411307,nan,nan,nan,nan,3.419820797454212,3.4974517448908804,nan,0.01410147565633413,nan,nan,nan,-0.03722876175813879,nan,0.08236464099061833,nan,-4.674766186792655e-12,nan,-2.215693015847392e-21,nan,0.11786679024038406,nan,2.300542765161157,nan,-0.0006796685486718247,nan
11,13,sqp_full,sqp_full,,10,0,77,31.104124887979953,777.955538213797,-700.9675641925978,-100.01980594761204,776.7004646358735,-704.5718521921302,-100.01854571646182,776.6546941623283,-704.6586115527234,-99.99988607341028,nan,nan,nan,0.09809242019178287,0.09985141550269795,nan,nan,nan,nan,3.816556257881567,3.913569452677579,nan,0.011981871239599276,nan,nan,nan,-0.037225764319444764,nan,0.0928716347355794,nan,-3.298043855038645e-12,nan,-5.685740752999733e-21,nan,0.006616319889647354,nan,1.664044089164245,nan,-0.0008983320126072384,nan
11,14,sqp_full,sqp_full,,10,0,78,31.50816529202033,778.0934864069383,-700.5878025858707,-100.0200631677109,776.7107210718328,-704.5737785300225,-100.02019236072934,776.6565662869045,-704.673654977185,-99.99964743585275,nan,nan,nan,0.11361357941914547,0.11545622272798974,nan,nan,nan,nan,4.21900986006511,4.331157950821804,nan,0.010564880198400396,nan,nan,nan,-0.03722277673982898,nan,0.10244584615559736,nan,-1.944396340065125e-12,nan,-6.91568830474509e-21,nan,0.003105871475642107,nan,0.8408532930021264,nan,-0.0010548848236810115,nan
12,0,sqp_full,sqp_full,,10,1,64,25.851599635454477,776.1622117029609,-705.9044650800516,-100.01646208632691,776.573754440685,-704.7131482473029,-100.01064295007271,776.580481046753,-704.7040512161105,-100.0149992682058,776.580481046753,-704.7040512161105,-100.0149992682058,0.011313850171759364,0.01212356026032272,0.011313850171759364,0.01212356026032272,0.0,0.0,1.26039804068553,1.2711973445135292,1.2711973445135292,0.11977911824456951,0.10880113705496156,0.9074258181191959,2.58217176796179,-0.5000027810108946,-0.5000027810108946,0.5000076823621483,0.5000076823621483,-2.3053489926147498e-11,-2.3053489926147498e-11,2.4652162794785178e-20,2.4652162794785178e-20,-0.33726187039892025,-0.33726187039892025,1.6625812994323645,1.6625812994323645,0.001703313015585237,0.001703313015585237
12,1,sqp_full,sqp_full,,10,1,65,26.255640039494953,776.3001598961023,-705.5247034733244,-100.01671930642577,776.5674304230297,-704.7493633769203,-100.01323326620958,776.5774190240005,-704.7364617819445,-100.01989670069248,776.5774190240005,-704.7364617819445,-100.01989670069248,0.016316350764593653,0.017624547125566544,0.016316350764593653,0.017624547125566544,0.0,0.0,0.8201132846479305,0.8355821850855609,0.8355821850855609,0.03685428808425507,0.03292120298491082,0.8877696976135409,6.367366631951254,0.462773590732966,0.462773590732966,0.5000072270972097,0.5000072270972097,-1.6269109879740265e-11,-1.6269109879740265e-11,2.316004984980265e-20,2.316004984980265e-20,-0.1640860817269059,-0.1640860817269059,1.486476916206975,1.486476916206975,-0.0014872704026603638,-0.0014872704026603638
12,2,sqp_full,sqp_full,,10,1,66,26.659680443535287,776.4381080892434,-705.1449418665973,-100.01697652652463,776.5808798997897,-704.74063504733,-100.01452892023175,776.5864727162465,-704.7345300838308,-100.01972258031907,776.5864727162465,-704.7345300838308,-100.01972258031907,0.0082795033211534,0.00977365235454983,0.0082795033211534,0.00977365235454983,0.0,0.0,0.42877475904338097,0.43640565301025436,0.43640565301025436,0.01608573535472078,0.009259110043222083,0.5348863759667029,21.681583676019933,0.4627688753208846,0.4627688753208846,0.17237851886671351,0.17237851886671351,5.97148232232358e-12,5.97148232232358e-12,1.4349452251534632e-20,1.4349452251534632e-20,0.017364339425227908,0.017364339425227908,1.244495129369405,1.244495129369405,-0.0007332682923473829,-0.0007332682923473829
12,3,sqp_full,sqp_full,,10,1,67,27.063720847575762,776.5760562823847,-704.76518025987,-100.01723374662348,776.6163482618214,-704.6531615514898,-100.01890382047804,776.6115292966971,-704.661971788555,-100.01617020060338,776.6115292966971,-704.661971788555,-100.01617020060338,0.01004204670435873,0.010407467493662344,0.01004204670435873,0.010407467493662344,0.0,0.0,0.1190446749505772,0.10913442763674334,0.10913442763674334,0.09449209983838451,0.07684502481527797,0.8086346570837194,6.102365799181037,0.4627712624943942,0.4627712624943942,-0.4071200676200073,-0.4071200676200073,-1.2784412018971387e-11,-1.2784412018971387e-11,1.8955518122795102e-20,1.8955518122795102e-20,0.121010907274989,0.121010907274989,1.0420129921152568,1.0420129921152568,0.0017382404518785214,0.0017382404518785214
12,4,sqp_full,sqp_full,,10,1,69,27.871801655656572,776.8519526686671,-704.0056570464156,-100.0177481868212,776.6440650709662,-704.5672032045237,-100.02673347048139,776.6357108386339,-704.5837828557484,-100.01591173360673,776.6357108386339,-704.5837828557484,-100.01591173360673,0.018565506526778883,0.02148925363013075,0.018565506526778883,0.02148925363013075,0.0,0.0,0.5987915672116675,0.6172438581896362,0.6172438581896362,0.09065518375415199,0.08184328310286752,0.8991089203203805,5.181152700649899,0.46277372931440086,0.46277372931440086,-0.3975444199417581,-0.3975444199417581,-1.644501246874935e-11,-1.644501246874935e-11,1.7627228135084342e-20,1.7627228135084342e-20,0.03376270117715259,0.03376270117715259,0.8610038561916193,0.8610038561916193,0.0023440610112180713,0.0023440610112180713
12,5,sqp_full,sqp_full,,10,1,70,28.275842059697048,776.9899008618085,-703.6258954396883,-100.01800540692004,776.6638540722308,-704.5594390375503,-100.02066724043127,776.6468361124424,-704.5900688576708,-100.00921137928243,776.6468361124424,-704.5900688576708,-100.00921137928243,0.03503993201997415,0.036865072773908894,0.03503993201997415,0.036865072773908894,0.0,0.0,0.9888428379186546,1.0233883926454133,1.0233883926454133,0.022106243617103873,0.014428454025058626,0.433813075714752,48.3439589668172,0.4627778930777966,0.4627778930777966,0.1737533700050554,0.1737533700050554,-1.2446495796599667e-11,-1.2446495796599667e-11,1.5589634909420998e-20,1.5589634909420998e-20,0.20951946977782374,0.20951946977782374,0.7016559757578079,0.7016559757578079,-0.00140060490419961,-0.00140060490419961
12,6,sqp_full,sqp_full,,10,1,71,28.679882463737382,777.1278490549496,-703.2461338329612,-100.0182626270189,776.6631845293674,-704.5492167671376,-100.01674815563558,776.6352912708883,-704.5976084937492,-100.00635544628169,776.6352912708883,-704.5976084937492,-100.00635544628169,0.05585510785086334,0.056813743766328854,0.05585510785086334,0.056813743766328854,0.0,0.0,1.3834515729422656,1.4384355840257275,1.4384355840257275,0.010968241685520389,0.014081400214889715,-0.4833637970874665,112.117068922129,0.46277737265837493,0.46277737265837493,0.17367489125418925,0.17367489125418925,-7.428044180358035e-12,-7.428044180358035e-12,1.3116142979355336e-20,1.3116142979355336e-20,0.07900211843929529,0.07900211843929529,0.6005497609530003,0.6005497609530003,0.0006849370798594432,0.0006849370798594432
12,7,sqp_full,sqp_full,,10,1,72,29.083922867777858,777.2657972480908,-702.8663722262339,-100.01851984711776,776.6723042043269,-704.5410860282306,-100.01450028709296,776.6313967886135,-704.6106713255092,-100.00377603216523,776.6313967886135,-704.6106713255092,-100.00377603216523,0.08071883459093379,0.08142812721334863,0.08071883459093379,0.08142812721334863,0.0,0.0,1.7767668140738309,1.8560827812136467,1.8560827812136467,0.01242297466498027,0.01387292121235838,-0.8807648496528577,142.0651737781267,0.4627772598475474,0.4627772598475474,0.1736116476726273,0.1736116476726273,-6.150394485225828e-12,-6.150394485225828e-12,1.0122080184311316e-20,1.0122080184311316e-20,0.07636148174830514,0.07636148174830514,0.48836315238530187,0.48836315238530187,-0.00037423867144629753,-0.00037423867144629753
12,8,sqp_full,sqp_full,,10,1,74,29.892003675858668,777.5416936343734,-702.1068490127795,-100.01903428731548,776.6917670931847,-704.5334484124887,-100.01716188028001,776.6349586532417,-704.6290880018964,-100.00569116842482,776.6349586532417,-704.6290880018964,-100.00569116842482,0.1112390664775964,0.11182891907405618,0.1112390664775964,0.11182891907405618,0.0,0.0,2.571139780736579,2.680271972063452,2.680271972063452,0.021076557954338212,0.01885546593619886,-0.1491103852819483,99.59454905052421,0.4627773766667462,0.4627773766667462,0.17355016094472905,0.17355016094472905,-2.7961066790629924e-12,-2.7961066790629924e-12,7.374236056353772e-21,7.374236056353772e-21,-0.06053432437911356,-0.06053432437911356,0.41428491966235537,0.41428491966235537,-0.0014006072540919594,-0.0014006072540919594
12,9,sqp_full,sqp_full,,10,1,75,30.296044079899143,777.6796418275146,-701.7270874060523,-100.01929150741434,776.6896360757913,-704.522954342037,-100.02031244329098,776.6146402301564,-704.6485837019402,-100.00622475831992,776.6146402301564,-704.6485837019402,-100.00622475831992,0.1463116978651167,0.14698835259984744,0.1463116978651167,0.14698835259984744,0.0,0.0,2.9659708886261837,3.109560902967211,3.109560902967211,0.011162114363440964,0.028163901630439463,-1.281046994223396,120.51164675245283,0.4627771373094609,0.4627771373094609,0.17348568823374694,0.17348568823374694,-1.8754488178597642e-12,-1.8754488178597642e-12,5.222947241254312e-21,5.222947241254312e-21,-0.016684413915644236,-0.016684413915644236,0.3122434743339468,0.3122434743339468,0.0008266492817202418,0.0008266492817202418
12,10,sqp_full,sqp_full,,10,0,76,30.700084483939477,777.8175900206558,-701.3473257993252,-100.01954872751318,776.7097305101223,-704.5155636159568,-100.0187524904202,776.61451128454,-704.6749928625281,-100.00472736326769,nan,nan,nan,0.18569971885490216,0.1862285954799462,nan,nan,nan,nan,3.356349737112406,3.5384695178593706,nan,0.021467244257994303,nan,nan,nan,0.46277762104296594,nan,0.17343053894263058,nan,-1.1178147162657615e-12,nan,3.1496107998060043e-21,nan,0.04022513223692049,nan,0.23008874228227005,nan,-0.0014934665705234064,nan
12,11,sqp_full,sqp_full,,10,0,77,31.104124887979953,777.955538213797,-700.9675641925978,-100.01980594761204,776.7123448595504,-704.5056390979476,-100.01952893441151,776.5947715449776,-704.7027480051715,-100.00347189527339,nan,nan,nan,0.22951123198373846,0.23007223672702587,nan,nan,nan,nan,3.7501338311995918,3.975334456455486,nan,0.010292412055541798,nan,nan,nan,0.462776603585835,nan,0.17336084006346356,nan,1.313680291683055e-13,nan,1.8917602879625412e-21,nan,0.02995465780865897,nan,0.15113327109011146,nan,0.0003257000345183182,nan
12,12,sqp_full,sqp_full,,10,0,78,31.50816529202033,778.0934864069383,-700.5878025858707,-100.0200631677109,776.727629956652,-704.4976850689909,-100.02001162016295,776.585976611385,-704.7356222872742,-100.00140919571736,nan,nan,nan,0.27691115916424464,0.27753529553002665,nan,nan,nan,nan,4.141587240974019,4.413274754537662,nan,0.0172375681458166,nan,nan,nan,0.4627781214834609,nan,0.17331655739381394,nan,-2.932729647489041e-13,nan,7.415267482462599e-22,nan,0.04362074459470381,nan,0.07450933724276676,nan,-0.0009870082604167196,nan
12,13,sqp_full,sqp_full,,10,0,80,32.316246100101246,778.3693827932208,-699.8282793724162,-100.02057760790862,776.7307222767422,-704.4878053067815,-100.01773032275634,776.5634888377382,-704.7698663134679,-100.00050415630226,nan,nan,nan,0.3279107113438809,0.3283628715685647,nan,nan,nan,nan,4.939270211406651,5.261229369113418,nan,0.010600776514523177,nan,nan,nan,0.46277632611882125,nan,0.17324275335620423,nan,2.652167684168333e-14,nan,-8.823847871116911e-23,nan,0.005737522607880609,nan,0.03413708258737726,nan,0.00028127418025307183,nan
12,14,sqp_full,sqp_full,,10,0,81,32.72028650414162,778.507330986362,-699.4485177656891,-100.02083482800748,776.7451788177407,-704.4793167388561,-100.01894573522944,776.5515654903741,-704.8079739085597,-100.00059940954836,nan,nan,nan,0.381446792792247,0.3818877366419184,nan,nan,nan,nan,5.3304895247806074,5.705154583589333,nan,0.01680846782260474,nan,nan,nan,0.4627777808225735,nan,0.17319909362573702,nan,2.4625229722502286e-13,nan,-7.1282966977083495e-22,nan,-0.01465629730637697,nan,0.01379395103374152,nan,-0.0009046994296164289,nan
13,0,sqp_full,sqp_full,,10,1,66,26.659680443535287,776.4381080892434,-705.1449418665973,-100.01697652652463,776.5930856766801,-704.6768816589353,-100.01573796745008,776.5939712088083,-704.675460477033,-100.01623184918081,776.5939712088083,-704.675460477033,-100.01623184918081,0.0016744925050257338,0.001745807639268066,0.0016744925050257338,0.001745807639268066,0.0,0.0,0.49305010962809087,0.4946777609592675,0.4946777609592675,0.036822198381056534,0.03535125670153571,0.9597268020849297,1.4932988387638313,0.49999905397366734,0.49999905397366734,0.35813065817385253,0.35813065817385253,2.426919360822934e-11,2.426919360822934e-11,8.54551871502859e-19,8.54551871502859e-19,-0.29026148486935005,-0.29026148486935005,5.235987601368471,5.235987601368471,0.0004158395601434197,0.0004158395601434197
13,1,sqp_full,sqp_full,,10,1,67,27.063720847575762,776.5760562823847,-704.76518025987,-100.01723374662348,776.6287015996244,-704.6044381998732,-100.00589178370525,776.6284052263379,-704.6053378808274,-100.00781623598711,776.6284052263379,-704.6053378808274,-100.00781623598711,0.000947239644465631,0.002144942779929055,0.000947239644465631,0.002144942779929055,0.0,0.0,0.16914354637188458,0.16819630813734598,0.16819630813734598,0.08132340414898272,0.0785729126816607,0.9660827429413764,0.8060544322662626,0.4999994967442573,0.4999994967442573,-0.3266406922026429,-0.3266406922026429,-5.398022280479701e-11,-5.398022280479701e-11,1.1733023348840403e-18,1.1733023348840403e-18,0.2439566785699789,0.2439566785699789,5.235987548553521,5.235987548553521,0.0008453818819202744,0.0008453818819202744
13,2,sqp_full,sqp_full,,10,1,69,27.871801655656572,776.8519526686671,-704.0056570464156,-100.0177481868212,776.6641001327855,-704.5229533039367,-100.03615687549436,776.6623666503812,-704.5317703029345,-100.02150308620634,776.6623666503812,-704.5317703029345,-100.02150308620634,0.00898579059267744,0.017189472739829768,0.00898579059267744,0.017189472739829768,0.0,0.0,0.5503489740904811,0.5592298427431547,0.5592298427431547,0.09385531522916574,0.08217601054430551,0.8640277167967926,9.309797458066743,-0.037221851691631495,-0.037221851691631495,-0.32668498546981384,-0.32668498546981384,8.715595421090613e-11,8.715595421090613e-11,1.5321016302172827e-18,1.5321016302172827e-18,-0.4101292983319938,-0.4101292983319938,5.235987492761134,5.235987492761134,0.001226824293766046,0.001226824293766046
13,3,sqp_full,sqp_full,,10,1,70,28.275842059697048,776.9899008618085,-703.6258954396883,-100.01800540692004,776.6738371736623,-704.4984411236426,-100.01237349569013,776.6673278044224,-704.516299872267,-100.00701446941524,776.6673278044224,-704.516299872267,-100.00701446941524,0.019008071715273092,0.019749074736503072,0.019008071715273092,0.019749074736503072,0.0,0.0,0.9280259832309231,0.9470340178194134,0.9470340178194134,0.03551487157117009,0.021768493080109884,0.6121505475651507,2.908692527399742,-0.03722375586954955,-0.03722375586954955,0.016030707736309283,0.016030707736309283,-3.332207581947056e-11,-3.332207581947056e-11,1.5128145942606741e-18,1.5128145942606741e-18,0.434027828910351,0.434027828910351,5.235987500910731,5.235987500910731,0.0004549257591826002,0.0004549257591826002
13,4,sqp_full,sqp_full,,10,1,71,28.679882463737382,777.1278490549496,-703.2461338329612,-100.0182626270189,776.6884264163328,-704.470765041694,-100.00620951376521,776.6719217447301,-704.5068809890328,-100.00380871710622,776.6719217447301,-704.5068809890328,-100.00380871710622,0.03970851088735298,0.03978102137312264,0.03970851088735298,0.03978102137312264,0.0,0.0,1.301081800937725,1.3406539836015172,1.3406539836015172,0.03188739855953901,0.010958854721091541,0.3417171315291762,6.116445661250358,-0.037221638454188855,-0.037221638454188855,0.02856554223454361,0.02856554223454361,4.048800057960794e-11,4.048800057960794e-11,1.7151068714820894e-18,1.7151068714820894e-18,0.09923840251625271,0.09923840251625271,5.235987472251609,5.235987472251609,0.00011546947916603916,0.00011546947916603916
13,5,sqp_full,sqp_full,,10,1,72,29.083922867777858,777.2657972480908,-702.8663722262339,-100.01851984711776,776.7120653047897,-704.4440583478548,-100.00929838296874,776.6820459562286,-704.5041348996783,-100.00255982172531,776.6820459562286,-704.5041348996783,-100.00255982172531,0.06715916443066423,0.0674963819375254,0.06715916443066423,0.0674963819375254,0.0,0.0,1.6720384455470356,1.738686902601642,1.738686902601642,0.03579924100103375,0.010564109280174634,0.24095650414522524,35.259684380996426,-0.03722143975324838,-0.03722143975324838,0.04046277799206805,0.04046277799206805,1.6933757048781517e-11,1.6933757048781517e-11,1.828509597979265e-18,1.828509597979265e-18,0.04419917698680533,0.04419917698680533,5.235987459470709,5.235987459470709,-0.0008291678892347976,-0.0008291678892347976
13,6,sqp_full,sqp_full,,10,1,74,29.892003675858668,777.5416936343734,-702.1068490127795,-100.01903428731548,776.7260832581235,-704.4101782903393,-100.02609046503137,776.6768047703274,-704.5044681203518,-100.0054323988604,776.6768047703274,-704.5044681203518,-100.0054323988604,0.10639051369014833,0.10837756733373186,0.10639051369014833,0.10837756733373186,0.0,0.0,2.4434700830398115,2.548844862314379,2.548844862314379,0.04032784810675531,0.005986047532897308,-0.022457658785903674,98.70207789788195,-0.037220956273812285,-0.037220956273812285,0.05176460127325776,0.05176460127325776,3.309588997944807e-11,3.309588997944807e-11,2.1490394437431567e-18,2.1490394437431567e-18,-0.09535491359642093,-0.09535491359642093,5.23598741197754,5.23598741197754,0.00043810178136245633,0.00043810178136245633
13,7,sqp_full,sqp_full,,10,1,75,30.296044079899143,777.6796418275146,-701.7270874060523,-100.01929150741434,776.7460374868987,-704.3746907353359,-100.03300561278004,776.6735935623425,-704.5102167493956,-100.00594366795234,776.6735935623425,-704.5102167493956,-100.00594366795234,0.1536731033461163,0.15603772476514843,0.1536731033461163,0.15603772476514843,0.0,0.0,2.807386766024687,2.9593820391484877,2.9593820391484877,0.04129596922849165,0.006604543034166663,-0.15512673023445217,165.9194997339074,-0.03722104593708868,-0.03722104593708868,0.06253852180918816,0.06253852180918816,3.36744016815775e-11,3.36744016815775e-11,2.2860966195831256e-18,2.2860966195831256e-18,-0.0181952031935485,-0.0181952031935485,5.23598739715898,5.23598739715898,-9.409997456688797e-05,-9.409997456688797e-05
13,8,sqp_full,sqp_full,,10,1,76,30.700084483939477,777.8175900206558,-701.3473257993252,-100.01954872751318,776.7685320466104,-704.344000973902,-100.01322832401767,776.6724677901966,-704.5210552011562,-99.99767607802146,776.6724677901966,-704.5210552011562,-99.99767607802146,0.2014361952304876,0.2020356728512611,0.2014361952304876,0.2020356728512611,0.0,0.0,3.1749936590224794,3.373998108881875,3.373998108881875,0.04288365451184393,0.013678173955422326,-0.10573241266311965,109.35930120139551,-0.03722001220499502,-0.03722001220499502,0.07264475306048722,0.07264475306048722,2.303283664735806e-11,2.303283664735806e-11,2.1920613971842777e-18,2.1920613971842777e-18,0.25913526876478626,0.25913526876478626,5.235987418192227,5.235987418192227,-0.0006090875522155681,-0.0006090875522155681
13,9,sqp_full,sqp_full,,10,1,77,31.104124887979953,777.955538213797,-700.9675641925978,-100.01980594761204,776.7843860484054,-704.3058806809908,-100.0140505536866,776.6599499430324,-704.5344026993922,-99.99536745235868,776.6599499430324,-704.5344026993922,-99.99536745235868,0.26020502918791877,0.26087490390973817,0.26020502918791877,0.26087490390973817,0.0,0.0,3.537789475248265,3.794849918098751,3.794849918098751,0.04129385143306062,0.01844402231725143,-0.41588913394883703,158.61064354508798,-0.03722088756179017,-0.03722088756179017,0.08231301136916293,0.08231301136916293,3.301290583819343e-11,3.301290583819343e-11,2.43761949515966e-18,2.43761949515966e-18,0.12536431072557133,0.12536431072557133,5.235987383856613,5.235987383856613,0.0003268796918835116,0.0003268796918835116
13,10,sqp_full,sqp_full,,10,0,78,31.50816529202033,778.0934864069383,-700.5878025858707,-100.0200631677109,776.8399389122135,-704.2402398178265,-100.01915543541877,776.6701937851343,-704.5551494240367,-99.9941889348162,nan,nan,nan,0.3577449765553957,0.3586151062113237,nan,nan,nan,nan,3.861564327433564,4.2149261940854315,nan,0.08614466560231067,nan,nan,nan,-0.03721998440571194,nan,0.09137391987959557,nan,1.3878163640350642e-11,nan,2.575756287818578e-18,nan,0.023974904998917048,nan,5.2359873649243465,nan,-0.0022892538804989027,nan
13,11,sqp_full,sqp_full,,10,0,80,32.316246100101246,778.3693827932208,-699.8282793724162,-100.02057760790862,776.837980376227,-704.1726698312787,-100.02674810778011,776.6246726544904,-704.5712098880842,-99.99363835993401,nan,nan,nan,0.45203358396365223,0.4532445437437236,nan,nan,nan,nan,4.606400093546958,5.053652475649968,nan,0.06802343433599467,nan,nan,nan,-0.03721931836742473,nan,0.09992346715655058,nan,-1.4992203745356776e-11,nan,2.547762506039581e-18,nan,0.05836581568030667,nan,5.235987632865641,nan,0.003328822549822127,nan
13,12,sqp_full,sqp_full,,10,0,81,32.72028650414162,778.507330986362,-699.4485177656891,-100.02083482800748,776.8899645827777,-704.1266411289737,-100.02080886123355,776.6390251331054,-704.5966300215446,-99.9906262964682,nan,nan,nan,0.5327852912213477,0.5336395354147123,nan,nan,nan,nan,4.9498194194892715,5.476643731356173,nan,0.06968697020331076,nan,nan,nan,-0.03722161803933382,nan,0.10804057694934542,nan,1.4451273436107733e-11,nan,2.39690126549749e-18,nan,0.11535382319890954,nan,3.756984549515684,nan,-0.0029222747672875116,nan
13,13,sqp_full,sqp_full,,10,0,82,33.12432690818206,778.6452791795032,-699.0687561589618,-100.02109204810634,776.8892359318689,-704.0893955835451,-100.01348381597472,776.6090452477192,-704.6147023201694,-99.99080131988106,nan,nan,nan,0.5953603841600466,0.5957923150362358,nan,nan,nan,nan,5.318882224607156,5.9079410498042435,nan,0.037966009461955746,nan,nan,nan,-0.03721948931746143,nan,0.11557582777562944,nan,3.2219658188881655e-11,nan,1.6515915935121855e-18,nan,-0.004932669492845946,nan,2.349476758008588,nan,0.0017728598834365708,nan
13,14,sqp_full,sqp_full,,10,0,83,33.528367312222535,778.7832273726445,-698.6889945522346,-100.0213492682052,776.9183506686874,-704.0651152150388,-100.02177503210298,776.6139485336431,-704.6360708541686,-99.99064248678727,nan,nan,nan,0.6470324579753799,0.6477810101041066,nan,nan,nan,nan,5.690381226419941,6.330362329469355,nan,0.03880655176249572,nan,nan,nan,-0.03722260189327657,nan,0.1227473528822878,nan,1.7546209432206687e-11,nan,7.349472797057121e-19,nan,0.007215822467333125,nan,1.104154582631301,nan,-0.0017313609676447763,nan
14,0,sqp_full,sqp_full,,10,1,69,27.871801655656572,776.8519526686671,-704.0056570464156,-100.0177481868212,776.6826098483702,-704.4657963223078,-100.00402242558742,776.6849472559893,-704.46351624235,-100.0074450506625,776.6849472559893,-704.46351624235,-100.0074450506625,0.0032653084068064043,0.004730391251906438,0.0032653084068064043,0.004730391251906438,0.0,0.0,0.49031127256547996,0.4873662392548794,0.4873662392548794,0.0727682269136278,0.07612899465938369,1.0451381475546597,2.562824471116567,0.46277548761369325,0.46277548761369325,-0.336859510500666,-0.336859510500666,1.3547883986812558e-11,1.3547883986812558e-11,4.592487733535871e-18,4.592487733535871e-18,-0.43807018533946146,-0.43807018533946146,-3.1521234769267577e-07,-3.1521234769267577e-07,0.0021354287503667735,0.0021354287503667735
14,1,sqp_full,sqp_full,,10,1,70,28.275842059697048,776.9899008618085,-703.6258954396883,-100.01800540692004,776.700627356974,-704.4555332000947,-100.01293322216249,776.7001875967635,-704.4581754694852,-100.01572560075196,776.7001875967635,-704.4581754694852,-100.01572560075196,0.002678614674551401,0.0038694127153499885,0.002678614674551401,0.0038694127153499885,0.0,0.0,0.8786227712114274,0.8812626305146624,0.8812626305146624,0.022569106970619528,0.01814826028835297,0.7915592904886688,10.140133340356284,0.4627755105154088,0.4627755105154088,0.052143065278796516,0.052143065278796516,1.6707192496929112e-11,1.6707192496929112e-11,4.0474524845204886e-18,4.0474524845204886e-18,-0.2914867578913908,-0.2914867578913908,4.5090934226980294e-08,4.5090934226980294e-08,-0.0010565712309438908,-0.0010565712309438908
14,2,sqp_full,sqp_full,,10,1,71,28.679882463737382,777.1278490549496,-703.2461338329612,-100.0182626270189,776.6887001823854,-704.4366670047465,-99.99527867290415,776.6797353753673,-704.4527698872026,-100.00239978089617,776.6797353753673,-704.4527698872026,-100.00239978089617,0.018430154320268868,0.019758055757156185,0.018430154320268868,0.019758055757156185,0.0,0.0,1.2689448236213896,1.2871582797869563,1.2871582797869563,0.028458284032878402,0.025001823027198156,0.717619506054042,35.23136487339663,0.46277262785113554,0.46277262785113554,0.05340008346888868,0.05340008346888868,-3.188149555478148e-11,-3.188149555478148e-11,3.4562992858476794e-18,3.4562992858476794e-18,0.49999990964765695,0.49999990964765695,-1.4790029540543568,-1.4790029540543568,0.002350688073072745,0.002350688073072745
14,3,sqp_full,sqp_full,,10,1,72,29.083922867777858,777.2657972480908,-702.8663722262339,-100.01851984711776,776.7216325802216,-704.4182843912932,-100.01634305299245,776.6952636256983,-704.4615961858409,-100.01608820418053,776.6952636256983,-704.4615961858409,-100.01608820418053,0.050707329939423375,0.05070797035479212,0.050707329939423375,0.05070797035479212,0.0,0.0,1.6445505628640662,1.694180656123947,1.694180656123947,0.043199206162944426,0.022503400587626163,0.34159253962550906,49.023720952632395,0.46277438409297783,0.46277438409297783,0.054573256629482036,0.054573256629482036,4.223574877514604e-11,4.223574877514604e-11,3.102946278891258e-18,3.102946278891258e-18,-0.49999987539658197,-0.49999987539658197,-2.886510537101752,-2.886510537101752,-0.001983861344911133,-0.001983861344911133
14,4,sqp_full,sqp_full,,10,1,74,29.892003675858668,777.5416936343734,-702.1068490127795,-100.01903428731548,776.7237498439043,-704.3923490582137,-100.03717394574315,776.671586656776,-704.4760490450053,-100.0312181567016,776.671586656776,-704.4760490450053,-100.0312181567016,0.09862396199862347,0.09880363001131731,0.09862396199862347,0.09880363001131731,0.0,0.0,2.427455973245701,2.5239245125720524,2.5239245125720524,0.0333324226578724,0.03159745968688845,-0.09882511584092672,95.98404028107409,0.46277115510700173,0.46277115510700173,0.05565736960459183,0.05565736960459183,1.4832139133386065e-11,1.4832139133386065e-11,2.760782468295171e-18,2.760782468295171e-18,-0.4785670413442318,-0.4785670413442318,-4.131823736581988,-4.131823736581988,0.0013938790571347854,0.0013938790571347854
14,5,sqp_full,sqp_full,,10,1,75,30.296044079899143,777.6796418275146,-701.7270874060523,-100.01929150741434,776.7568127551137,-704.3746782163713,-100.02373963155584,776.6744505166275,-704.5049934196842,-100.01606794356597,776.6744505166275,-704.5049934196842,-100.01606794356597,0.1541609241764424,0.15435169367243298,0.1541609241764424,0.15435169367243298,0.0,0.0,2.803810014204624,2.954178632387563,2.954178632387563,0.03982330406611174,0.032794930657934804,-0.13446736788984037,99.39764700155979,0.46277193264385796,0.46277193264385796,0.056780866150020086,0.056780866150020086,-2.9513478581613974e-11,-2.9513478581613974e-11,2.3187584413718704e-18,2.3187584413718704e-18,0.4999998924155074,0.4999998924155074,-3.9692633983026173,-3.9692633983026173,-0.002052163489450819,-0.002052163489450819
14,6,sqp_full,sqp_full,,10,1,76,30.700084483939477,777.8175900206558,-701.3473257993252,-100.01954872751318,776.7440935485492,-704.3513238097261,-100.0147867285476,776.6271592397305,-704.5358258625437,-100.00491601125768,776.6271592397305,-704.5358258625437,-100.00491601125768,0.21843681025140718,0.21865971538586393,0.21843681025140718,0.21865971538586393,0.0,0.0,3.190046821304998,3.403477353725013,3.403477353725013,0.028059953628931406,0.05754537337995261,-0.023780350562631385,90.66439622256966,0.46277219398102465,0.46277219398102465,0.0578812824044335,0.0578812824044335,-3.854429506492706e-12,-3.854429506492706e-12,2.076056743540726e-18,2.076056743540726e-18,0.34079032084253696,0.34079032084253696,-3.723313467599033,-3.723313467599033,0.0026247511925950894,0.0026247511925950894
14,7,sqp_full,sqp_full,,10,1,77,31.104124887979953,777.955538213797,-700.9675641925978,-100.01980594761204,776.7857882052197,-704.3332584791535,-100.0222821750699,776.6278118980132,-704.5826911083906,-100.01079280349529,776.6278118980132,-704.5826911083906,-100.01079280349529,0.29525099520019144,0.29547445883846407,0.29525099520019144,0.29547445883846407,0.0,0.0,3.5631745835869397,3.851233540946799,3.851233540946799,0.046054123399911114,0.04723678564554986,-0.3655733572893728,110.88053095546363,0.46277247533644167,0.46277247533644167,0.05896263336397762,0.05896263336397762,2.1327068620192677e-11,2.1327068620192677e-11,1.884462285868026e-18,1.884462285868026e-18,-0.1776609097410086,-0.1776609097410086,-3.555174783423075,-3.555174783423075,-0.0028909883313893566,-0.0028909883313893566
14,8,sqp_full,sqp_full,,10,1,78,31.50816529202033,778.0934864069383,-700.5878025858707,-100.0200631677109,776.7835260343411,-704.3104433268746,-100.02931226415129,776.5910539715204,-704.6155353579945,-100.02001391678365,776.5910539715204,-704.6155353579945,-100.02001391678365,0.3607307062328896,0.36085052540220663,0.3607307062328896,0.36085052540220663,0.0,0.0,3.9463971245120932,4.298829434466501,4.298829434466501,0.023980632666469097,0.050148966314110574,-1.0457297727513641,120.0036654855063,0.4627733282874542,0.4627733282874542,0.06002600629317627,0.06002600629317627,1.477648092843714e-11,1.477648092843714e-11,1.5489760952699708e-18,1.5489760952699708e-18,-0.22810211578057854,-0.22810211578057854,-3.1799490482799055,-3.1799490482799055,0.0015594824217637416,0.0015594824217637416
14,9,sqp_full,sqp_full,,10,1,80,32.316246100101246,778.3693827932208,-699.8282793724162,-100.02057760790862,776.8095742671413,-704.2941285835873,-100.02013567316378,776.5903739705287,-704.6425279271754,-100.00962358634777,776.5903739705287,-704.6425279271754,-100.00962358634777,0.41161981566449296,0.411754024408868,0.41161981566449296,0.411754024408868,0.0,0.0,4.730413493020197,5.132432321835042,5.132432321835042,0.032076332438440186,0.02893130067768644,-0.35255611346943805,113.00935334356569,0.46277384994965093,0.46277384994965093,0.06105631578551685,0.06105631578551685,-2.369324284215978e-11,-2.369324284215978e-11,1.1767092581963418e-18,1.1767092581963418e-18,0.2527130214622163,0.2527130214622163,-2.6443353738951427,-2.6443353738951427,-0.0015274991928549964,-0.0015274991928549964
14,10,sqp_full,sqp_full,,10,0,81,32.72028650414162,778.507330986362,-699.4485177656891,-100.02083482800748,776.7938761015621,-704.2734522630042,-100.01229392924868,776.5503818294211,-704.6620986026747,-100.00305917139893,nan,nan,nan,0.45862341621939867,0.4587163815009176,nan,nan,nan,nan,5.120148488630609,5.568758851542737,nan,0.027118915594811582,nan,nan,nan,0.4627747120876646,nan,0.06208041121673309,nan,-2.346320627019215e-11,nan,8.713037807821975e-19,nan,0.17208530304755676,nan,-2.208213398233127,nan,0.002686629516313153,nan
14,11,sqp_full,sqp_full,,10,0,82,33.12432690818206,778.6452791795032,-699.0687561589618,-100.02109204810634,776.8361818878193,-704.257735979529,-100.01950712342948,776.5680359901073,-704.6871617501812,-100.00937914722165,nan,nan,nan,0.5062694094650003,0.5063707049801625,nan,nan,nan,nan,5.495302047115485,5.99011023732763,nan,0.045703515044266514,nan,nan,nan,0.46277516281189984,nan,0.06308009028949256,nan,-3.4303843849130285e-12,nan,6.584411006873597e-19,nan,-0.1703457320189105,nan,-1.8758570400281456,nan,-0.003131944532914299,nan
14,12,sqp_full,sqp_full,,10,0,83,33.528367312222535,778.7832273726445,-698.6889945522346,-100.0213492682052,776.8337183287979,-704.2383958678803,-100.02387487063278,776.5440553281269,-704.7038244636626,-100.01327597461618,nan,nan,nan,0.5482047352309842,0.5483071842739655,nan,nan,nan,nan,5.88187389138278,6.418104884493505,nan,0.019979646074674756,nan,nan,nan,0.46277549454767386,nan,0.06405396837706191,nan,7.023541002103811e-12,nan,4.388235561380618e-19,nan,-0.10644005034235653,nan,-1.3811282986413607,nan,0.001336090172112726,nan
14,13,sqp_full,sqp_full,,10,0,85,34.33644812030335,779.059123758927,-697.9294713387801,-100.0218637084029,776.8578391655059,-704.2233625731512,-100.02025162854453,776.5496288458296,-704.720276984064,-100.01002027826988,nan,nan,nan,0.5847371485784877,0.5848266524844288,nan,nan,nan,nan,6.6677373022132445,7.239655104414829,nan,0.028652095859380788,nan,nan,nan,0.4627765158847686,nan,0.06502288196939396,nan,-9.114892379093181e-12,nan,2.262760206339638e-19,nan,0.08350286335375252,nan,-0.8865959763434499,nan,-0.0014535323022768977,nan
14,14,sqp_full,sqp_full,,10,0,86,34.740488524343824,779.1970719520682,-697.5497097320529,-100.02212092850176,776.8632200138518,-704.2076060123052,-100.01862932554926,776.5390367395438,-704.7315748722685,-100.00880950367397,nan,nan,nan,0.6161478406619508,0.6162260871255346,nan,nan,nan,nan,7.055100831888484,7.657959133036999,nan,0.016728855478659328,nan,nan,nan,0.46277699414635604,nan,0.06596085182002924,nan,-3.3292892444425558e-12,nan,7.475107287505378e-20,nan,0.029100180103873316,nan,-0.4280453646675066,nan,0.00037756359993751365,nan
15,0,sqp_full,sqp_full,,10,1,69,27.871801655656572,776.8519526686671,-704.0056570464156,-100.0177481868212,776.6745455050333,-704.5346275756671,-100.0132725545879,776.6612354647918,-704.5572138644386,-100.01239714984071,776.6612354647918,-704.5572138644386,-100.01239714984071,0.02621636152667719,0.026230973012239655,0.02621636152667719,0.026230973012239655,0.0,0.0,0.5579275244377457,0.5835991564093155,0.5835991564093155,0.13689648660820958,0.11093932271428317,0.810007139316045,1.757561795386969,-0.03722393446589493,-0.03722393446589493,-0.4379024134636615,-0.4379024134636615,3.0827831069710384e-10,3.0827831069710384e-10,7.878212754869441e-18,7.878212754869441e-18,-0.05937038250153043,-0.05937038250153043,3.0277736089740297,3.0277736089740297,-0.0016167257739596937,-0.0016167257739596937
15,1,sqp_full,sqp_full,,10,1,70,28.275842059697048,776.9899008618085,-703.6258954396883,-100.01800540692004,776.6715250983576,-704.4683720161164,-100.01227478881417,776.6444282235364,-704.5162195061353,-100.00500084000987,776.6444282235364,-704.5162195061353,-100.00500084000987,0.05498747972205739,0.055466505725449,0.05498747972205739,0.055466505725449,0.0,0.0,0.9006275082313062,0.9550017209876331,0.9550017209876331,0.06633187442244051,0.04491910696389651,0.6305228667789328,21.394518500627726,-0.03722443849400545,-0.03722443849400545,-0.08490891815940817,-0.08490891815940817,-3.6453744322101203e-10,-3.6453744322101203e-10,6.794120906389613e-18,6.794120906389613e-18,0.19901015476657336,0.19901015476657336,3.360130059874241,3.360130059874241,0.004135698626120935,0.004135698626120935
15,2,sqp_full,sqp_full,,10,1,72,29.083922867777858,777.2657972480908,-702.8663722262339,-100.01851984711776,776.7085805416465,-704.419858877227,-100.00607319699363,776.662838477811,-704.5009900434759,-99.99822531710468,776.662838477811,-704.5009900434759,-99.99822531710468,0.09313754635396465,0.09346759737785185,0.09313754635396465,0.09346759737785185,0.0,0.0,1.6503972954275068,1.742278590553852,1.742278590553852,0.06136033134975171,0.02483509021504688,0.38858250281145057,16.244834975434877,-0.03722823587432089,-0.03722823587432089,0.033144991070916154,0.033144991070916154,-3.1779705949357326e-10,-3.1779705949357326e-10,8.011626144302883e-18,8.011626144302883e-18,0.20037227258608611,0.20037227258608611,3.8548586587295257,3.8548586587295257,-0.0008163340393531473,-0.0008163340393531473
15,3,sqp_full,sqp_full,,10,1,73,29.48796327181823,777.4037454412321,-702.4866106195068,-100.01877706721662,776.7457050634894,-704.3648877039121,-100.03448104185601,776.6762176461688,-704.4874184140425,-100.01329424864649,776.6762176461688,-704.4874184140425,-100.01329424864649,0.14086261424145177,0.14244702979507481,0.14086261424145177,0.14244702979507481,0.0,0.0,1.9902115326120755,2.1289735844449997,2.1289735844449997,0.07216000046704235,0.024295348716099504,0.32087544077467345,17.629050675934756,-0.03722249353867096,-0.03722249353867096,0.04476154349541371,0.04476154349541371,6.237334263123279e-10,6.237334263123279e-10,8.78963964332506e-18,8.78963964332506e-18,-0.41298079578371444,-0.41298079578371444,4.349390899744463,4.349390899744463,-0.00044474084144579726,-0.00044474084144579726
15,4,sqp_full,sqp_full,,10,1,74,29.892003675858668,777.5416936343734,-702.1068490127795,-100.01903428731548,776.7758951431954,-704.3113030084999,-100.02186732172225,776.6826111904926,-704.4761911174633,-100.002603527447,776.6826111904926,-704.4761911174633,-100.002603527447,0.18944652097458084,0.19042341788564748,0.18944652097458084,0.19042341788564748,0.0,0.0,2.3336805154814586,2.520278685862188,2.520278685862188,0.06278428490228198,0.016769648692324876,0.23579760040638223,28.017004673825767,-0.037214868165346235,-0.037214868165346235,0.05585928414447564,0.05585928414447564,-6.203488103084968e-10,-6.203488103084968e-10,7.085894070200294e-18,7.085894070200294e-18,0.3389054347528747,0.3389054347528747,4.807941672563762,4.807941672563762,7.667818913034985e-05,7.667818913034985e-05
15,5,sqp_full,sqp_full,,10,1,75,30.296044079899143,777.6796418275146,-701.7270874060523,-100.01929150741434,776.7995109110774,-704.258728320304,-100.01787392612286,776.6802554329964,-704.4693956681759,-99.99871797683072,776.6802554329964,-704.4693956681759,-99.99871797683072,0.242079739985982,0.24283646947063808,0.242079739985982,0.24283646947063808,0.0,0.0,2.680267924813114,2.9187373588693206,2.9187373588693206,0.057773259731145284,0.008174669900981733,0.0950197557228575,47.81412460895475,-0.03724337857097564,-0.03724337857097564,0.06722298614734516,0.06722298614734516,-1.1072077376223095e-10,-1.1072077376223095e-10,7.822595938213664e-18,7.822595938213664e-18,0.11017863478128499,0.11017863478128499,4.807941589713738,4.807941589713738,0.0006268246420555829,0.0006268246420555829
15,6,sqp_full,sqp_full,,10,1,76,30.700084483939477,777.8175900206558,-701.3473257993252,-100.01954872751318,776.8230164454179,-704.2073146336782,-100.01456421242568,776.675234670605,-704.4675030847654,-99.997988467345,776.675234670605,-704.4675030847654,-99.997988467345,0.2992281454777811,0.29968690056632835,0.2992281454777811,0.29968690056632835,0.0,0.0,3.0279882313485293,3.322722082625523,3.322722082625523,0.05662889299516297,0.005414989477926224,-0.005705489910440806,93.42069267292044,-0.037196580548494756,-0.037196580548494756,0.07717229328493028,0.07717229328493028,-5.301781932001996e-11,-5.301781932001996e-11,7.055755633963602e-18,7.055755633963602e-18,0.09281479896195112,0.09281479896195112,4.807941666419236,4.807941666419236,0.0005664902455227444,0.0005664902455227444
15,7,sqp_full,sqp_full,,10,1,78,31.50816529202033,778.0934864069383,-700.5878025858707,-100.0200631677109,776.8148797218781,-704.1533399045251,-100.01096409712224,776.6371341830742,-704.4656827736945,-99.99032028003684,776.6371341830742,-704.4656827736945,-99.99032028003684,0.3593766053678375,0.3599690426544565,0.3593766053678375,0.3599690426544565,0.0,0.0,3.7878610621032203,4.142332259859264,4.142332259859264,0.054703185348794134,0.03890709162961183,0.14565722607935283,78.18259686937215,-0.0372443578853176,-0.0372443578853176,0.08793635730535629,0.08793635730535629,-3.6633905024967455e-10,-3.6633905024967455e-10,7.433346017118534e-18,7.433346017118534e-18,0.22223235539506528,0.22223235539506528,4.807941623259535,4.807941623259535,0.003699945287698062,0.003699945287698062
15,8,sqp_full,sqp_full,,10,1,79,31.91220569606077,778.2314346000795,-700.2080409791434,-100.02032038780976,776.8730991479763,-704.1040755736169,-100.01736855926748,776.6592840329796,-704.4781546152299,-99.99217935873217,776.6592840329796,-704.4781546152299,-99.99217935873217,0.43087356936250265,0.43160923136419493,0.43087356936250265,0.43160923136419493,0.0,0.0,4.126034508068723,4.550332720881389,4.550332720881389,0.07653426037016368,0.025487621617290054,0.11729267437932064,69.37766097317778,-0.03721894434677117,-0.03721894434677117,0.09749264088896813,0.09749264088896813,3.187357695036657e-12,3.187357695036657e-12,7.55040708592645e-18,7.55040708592645e-18,-0.04387476395085334,-0.04387476395085334,4.807941607270856,4.807941607270856,-0.0029399013272059338,-0.0029399013272059338
15,9,sqp_full,sqp_full,,10,1,80,32.316246100101246,778.3693827932208,-699.8282793724162,-100.02057760790862,776.8960685919452,-704.0522243005522,-100.02003097293786,776.6453279391545,-704.4894288286242,-99.99142689428861,776.6453279391545,-704.4894288286242,-99.99142689428861,0.5040026530966684,0.5048136959749145,0.5040026530966684,0.5048136959749145,0.0,0.0,4.473518245364226,4.969776593865906,4.969776593865906,0.05677357062235742,0.017956799415612568,-0.281440375688761,152.8510269847225,-0.03720909962926954,-0.03720909962926954,0.10689801956422275,0.10689801956422275,-1.6547186186457645e-10,-1.6547186186457645e-10,7.711457519830818e-18,7.711457519830818e-18,0.055312020230146246,0.055312020230146246,4.807941585353079,4.807941585353079,0.0005729380875983384,0.0005729380875983384
15,10,sqp_full,sqp_full,,10,0,81,32.72028650414162,778.507330986362,-699.4485177656891,-100.02083482800748,776.9172171095373,-704.001425926137,-100.02241974264575,776.6279710797769,-704.5043786267872,-99.99016607798838,nan,nan,nan,0.5801936614817217,0.5810894799489984,nan,nan,nan,nan,4.822596277809718,5.393859722431109,nan,0.05507668163836833,nan,nan,nan,-0.03724858400920495,nan,0.11639916954891937,nan,-2.465268904793168e-10,nan,7.398550945734338e-18,nan,0.060719474950199,nan,4.807941674072891,nan,0.0006725804061895494,nan
15,11,sqp_full,sqp_full,,10,0,83,33.528367312222535,778.7832273726445,-698.6889945522346,-100.0213492682052,776.9186300421485,-703.9491651078492,-100.02987846248935,776.5898923276975,-704.5199040793067,-99.99109003531301,nan,nan,nan,0.6586436505749749,0.6597848138033676,nan,nan,nan,nan,5.580870673922533,6.229785271764422,nan,0.052809298503001416,nan,nan,nan,-0.037195595850670234,nan,0.12469707317249944,nan,-1.0460002294493859e-10,nan,7.533788968103563e-18,nan,-0.003927522069945454,nan,4.807952907055263,nan,0.002618600792868046,nan
15,12,sqp_full,sqp_full,,10,0,84,33.93240771626291,778.9211755657858,-698.3092329455073,-100.02160648830406,776.962130690708,-703.9172700104344,-100.02079934967139,776.5996063262127,-704.5452646653713,-99.98776579757842,nan,nan,nan,0.7251215080812463,0.725873554447261,nan,nan,nan,nan,5.940365017754723,6.65415474311205,nan,0.054699487691982816,nan,nan,nan,-0.03724608385691098,nan,0.13359571956208663,nan,-1.933733748677118e-10,nan,6.920223014646508e-18,nan,0.13375126256404135,nan,3.5938719867644098,nan,-0.002519675278188909,nan
15,13,sqp_full,sqp_full,,10,0,85,34.33644812030335,779.059123758927,-697.9294713387801,-100.0218637084029,776.9737297084243,-703.892525262043,-100.01557093633743,776.587794648347,-704.5606831653927,-99.98817443118668,nan,nan,nan,0.7716092627784755,0.7720954752490246,nan,nan,nan,nan,6.317189283028697,7.076753341907998,nan,0.02782402003537425,nan,nan,nan,0.05644544862530514,nan,0.10086079388390069,nan,1.1236172318564723e-10,nan,4.644947650593465e-18,nan,-0.011675609022060794,nan,2.284817972940652,nan,0.000172313464418159,nan
15,14,sqp_full,sqp_full,,10,0,86,34.740488524343824,779.1970719520682,-697.5497097320529,-100.02212092850176,776.981283909979,-703.876128526549,-100.01456945335391,776.5813575182863,-704.5690333341096,-99.98903838736584,nan,nan,nan,0.8000363686188984,0.8004436435148955,nan,nan,nan,nan,6.703229923762089,7.490852143079952,nan,0.018080980729908935,nan,nan,nan,0.14748411770049524,nan,0.06319320343531885,nan,1.0181397001416567e-10,nan,1.7298039163685608e-18,nan,-0.01567724109843246,nan,1.0901835818149654,nan,0.00010898776000224441,nan
16,0,sqp_full,sqp_full,,10,1,69,27.871801655656572,776.8519526686671,-704.0056570464156,-100.0177481868212,776.7376304794034,-704.4275681433055,-100.00973165746146,776.7349568053781,-704.432684058202,-100.00419369595363,776.7349568053781,-704.432684058202,-100.00419369595363,0.005772444717788204,0.007999383456376203,0.005772444717788204,0.007999383456376203,0.0,0.0,0.437125309993521,0.44276415936916,0.44276415936916,0.11261246680228716,0.1068470582448077,0.9475907083010255,2.896798851528753,0.46272857482244345,0.46272857482244345,-0.3835768458076219,-0.3835768458076219,2.3047871616069878e-10,2.3047871616069878e-10,4.136364355193661e-17,4.136364355193661e-17,-0.43927991957651247,-0.43927991957651247,4.440101027984638,4.440101027984638,-0.0048350667983061875,-0.0048350667983061875
16,1,sqp_full,sqp_full,,10,1,71,28.679882463737382,777.1278490549496,-703.2461338329612,-100.0182626270189,776.7041247886075,-704.381740339717,-100.00578533059628,776.7075661376422,-704.3794969002039,-100.00364785589717,776.7075661376422,-704.3794969002039,-100.00364785589717,0.0041080292145191976,0.004630842484547476,0.0041080292145191976,0.004630842484547476,0.0,0.0,1.2120826671779752,1.2087802003549426,1.2087802003549426,0.05690687474447052,0.05982825750684581,1.0367329000555894,9.560846117165067,0.4627768689887122,0.4627768689887122,-0.2524642907077829,-0.2524642907077829,2.0090475215700083e-11,2.0090475215700083e-11,2.905944694984924e-17,2.905944694984924e-17,0.017032704575233874,0.017032704575233874,1.0555633946423761,1.0555633946423761,0.006127563229209365,0.006127563229209365
16,2,sqp_full,sqp_full,,10,1,72,29.083922867777858,777.2657972480908,-702.8663722262339,-100.01851984711776,776.6839449870835,-704.427677530759,-100.00255151032306,776.676804503458,-704.4369165164143,-99.99949147228405,776.676804503458,-704.4369165164143,-99.99949147228405,0.011676701689465361,0.012071006384925014,0.011676701689465361,0.012071006384925014,0.0,0.0,1.6662011605977802,1.6773556035164985,1.6773556035164985,0.050278300527500555,0.06527301117743887,1.2943118149316717,4.455000219783822,0.46272227383776143,0.46272227383776143,0.3243098927247038,0.3243098927247038,-9.237586359576743e-12,-9.237586359576743e-12,2.1809226259013637e-17,2.1809226259013637e-17,0.13959408927101688,0.13959408927101688,-1.642127002528467,-1.642127002528467,-0.0008852233975821265,-0.0008852233975821265
16,3,sqp_full,sqp_full,,10,1,73,29.48796327181823,777.4037454412321,-702.4866106195068,-100.01877706721662,776.7460893392994,-704.3594430024873,-100.01829001620864,776.7390956620325,-704.3732579155818,-100.01376695834867,776.7390956620325,-704.3732579155818,-100.01376695834867,0.015484293510566158,0.016131379293973146,0.015484293510566158,0.016131379293973146,0.0,0.0,1.9849465189646716,2.0002993147969974,2.0002993147969974,0.09362463312768249,0.0902019700387885,0.9627932081452982,2.1039648526406123,0.499964485793185,0.499964485793185,-0.39912994561645226,-0.39912994561645226,9.969440373627121e-11,9.969440373627121e-11,1.785859570186134e-17,1.785859570186134e-17,-0.49999972693676087,-0.49999972693676087,-2.951169043317457,-2.951169043317457,-0.0016437600806237002,-0.0016437600806237002
16,4,sqp_full,sqp_full,,10,1,74,29.892003675858668,777.5416936343734,-702.1068490127795,-100.01903428731548,776.7637589287285,-704.3417350594178,-100.03195842502008,776.7484621758083,-704.368599919125,-100.02847560089984,776.7484621758083,-704.368599919125,-100.02847560089984,0.03091458130053615,0.031110149482765404,0.03091458130053615,0.031110149482765404,0.0,0.0,2.366410371787924,2.3968173291287576,2.3968173291287576,0.028506333292486592,0.018049173859258163,0.5525764571835289,29.223374985385167,0.49996341577504794,0.49996341577504794,-0.05720227470004089,-0.05720227470004089,7.690057584513979e-11,7.690057584513979e-11,1.418959376105747e-17,1.418959376105747e-17,-0.4999997825043312,-0.4999997825043312,-4.145803222972422,-4.145803222972422,-0.0005371897483490698,-0.0005371897483490698
16,5,sqp_full,sqp_full,,10,1,76,30.700084483939477,777.8175900206558,-701.3473257993252,-100.01954872751318,776.7751102747952,-704.3255277012462,-100.01585427278725,776.7529003672414,-704.3634226043325,-100.0137883791559,776.7529003672414,-704.3634226043325,-100.0137883791559,0.04392383946631691,0.043972395772335034,0.04392383946631691,0.043972395772335034,0.0,0.0,3.155384380568561,3.1985002728252416,3.1985002728252416,0.025512256575368604,0.016193103909197943,0.5697179377186964,26.156753153488502,0.49996707120373735,0.49996707120373735,-0.06358469903328949,-0.06358469903328949,-2.1968076740191604e-10,-2.1968076740191604e-10,1.1665879654198186e-17,1.1665879654198186e-17,0.4843223305277944,0.4843223305277944,-3.9189072970525456,-3.9189072970525456,-3.993383823102613e-05,-3.993383823102613e-05
16,6,sqp_full,sqp_full,,10,1,77,31.104124887979953,777.955538213797,-700.9675641925978,-100.01980594761204,776.7466346875777,-704.3588749995703,-100.0057759915518,776.7042035355648,-704.4211022353805,-99.99937591079409,776.7042035355648,-704.4211022353805,-99.99937591079409,0.075316874189895,0.07558830975383599,0.075316874189895,0.07558830975383599,0.0,0.0,3.6003384181481164,3.6732497178784276,3.6732497178784276,0.04499414545860875,0.07685076770901528,1.706806381985868,2.1573975447431537,0.4999687699972656,0.4999687699972656,0.2907791644995806,0.2907791644995806,-2.6162501336697794e-10,-2.6162501336697794e-10,9.80976982751409e-18,9.80976982751409e-18,0.4843222508091906,0.4843222508091906,-3.666256185457365,-3.666256185457365,0.0007622607230090843,0.0007622607230090843
16,7,sqp_full,sqp_full,,10,1,78,31.50816529202033,778.0934864069383,-700.5878025858707,-100.0200631677109,776.7947165500536,-704.2871012518956,-100.0166016002132,776.7559069416599,-704.3528112996671,-100.00882545010845,776.7559069416599,-704.3528112996671,-100.00882545010845,0.07631511044218371,0.07671026393028837,0.07631511044218371,0.07671026393028837,0.0,0.0,3.9206649642128406,3.9955487033569246,3.9955487033569246,0.08706624005490986,0.08617533229240724,0.9880297695532417,3.3956449574720184,0.49996963486757895,0.49996963486757895,-0.4367951201518834,-0.4367951201518834,-7.273960466129215e-11,-7.273960466129215e-11,8.975507921939827e-18,8.975507921939827e-18,-0.3139784969573161,-0.3139784969573161,-3.715583944135175,-3.715583944135175,-0.00026356298599040543,-0.00026356298599040543
16,8,sqp_full,sqp_full,,10,1,79,31.91220569606077,778.2314346000795,-700.2080409791434,-100.02032038780976,776.8102787776778,-704.2684871762519,-100.02239085097379,776.761959890805,-704.3498387135256,-100.01372926083592,776.761959890805,-704.3498387135256,-100.01372926083592,0.09461917060210519,0.09501479142295077,0.09461917060210519,0.09501479142295077,0.0,0.0,4.301965503250634,4.3947519149242815,4.3947519149242815,0.024943579636210036,0.008337974656521195,0.2859591863314666,31.188852713609936,0.4999678365990687,0.4999678365990687,-0.08231766335723203,-0.08231766335723203,-8.019855877238805e-11,-8.019855877238805e-11,6.868571774772372e-18,6.868571774772372e-18,-0.2028714052224175,-0.2028714052224175,-3.922132578543467,-3.922132578543467,-0.0003351255484164729,-0.0003351255484164729
16,9,sqp_full,sqp_full,,10,1,81,32.72028650414162,778.507330986362,-699.4485177656891,-100.02083482800748,776.7905073646598,-704.2431891855498,-100.02896784026206,776.7318552508875,-704.3420242736432,-100.02269765012167,776.7318552508875,-704.3420242736432,-100.02269765012167,0.11492799958403555,0.11509891560212274,0.11492799958403555,0.11509891560212274,0.0,0.0,5.092775016870918,5.2056430948201475,5.2056430948201475,0.03277428709198552,0.03236953539391395,0.7930762079530742,36.583138079829276,0.4999673036366299,0.4999673036366299,-0.08847678009877838,-0.08847678009877838,-4.6005157283309574e-11,-4.6005157283309574e-11,5.111115470986259e-18,5.111115470986259e-18,-0.2544014400433845,-0.2544014400433845,-4.061506223954543,-4.061506223954543,0.003418102369088555,0.003418102369088555
16,10,sqp_full,sqp_full,,10,0,82,33.12432690818206,778.6452791795032,-699.0687561589618,-100.02109204810634,776.8398152780895,-704.226775695965,-100.02524836227197,776.7678606464561,-704.3469493118815,-100.01948179818764,nan,nan,nan,0.14006843675841568,0.14018709012346708,nan,nan,nan,nan,5.464875610973678,5.602144527567778,nan,0.05210093553538189,nan,nan,nan,0.49996752039737746,nan,-0.09458991860274603,nan,1.8475302717633668e-11,nan,3.1263536926986808e-18,nan,0.12846394185343876,nan,-4.05543310695159,nan,-0.0037051068870609986,nan
16,11,sqp_full,sqp_full,,10,0,83,33.528367312222535,778.7832273726445,-698.6889945522346,-100.0213492682052,776.9173876681933,-704.2128349473161,-100.02777299093226,776.8296214676798,-704.3578110284716,-100.01888859006783,nan,nan,nan,0.16947262333423072,0.1697053406304766,nan,nan,nan,nan,5.830451999034172,5.996003358335448,nan,0.07885552567305157,nan,nan,nan,0.4999670605158599,nan,-0.10064453390019543,nan,2.561936469088942e-11,nan,1.4320490827599772e-18,nan,-0.023977965250367765,nan,-4.0790470318787655,nan,-0.006547134115169674,nan
16,12,sqp_full,sqp_full,,10,0,84,33.93240771626291,778.9211755657858,-698.3092329455073,-100.02160648830406,777.0293265854311,-704.2019898036862,-100.03882170860336,776.922909744146,-704.3753964176236,-100.0267849815369,nan,nan,nan,0.20345613253561834,0.20381187567171785,nan,nan,nan,nan,6.1889963608070016,6.386814978091257,nan,0.11300447997714409,nan,nan,nan,0.49996574626497053,nan,-0.1066425126961019,nan,1.6656581073049752e-11,nan,-7.401578340730165e-19,nan,-0.20991526398015317,nan,-4.084552035264482,nan,-0.009995279067163337,nan
16,13,sqp_full,sqp_full,,10,0,86,34.740488524343824,779.1970719520682,-697.5497097320529,-100.02212092850176,777.141029722969,-704.1906216575338,-100.02094776277126,777.0156736363255,-704.3939249438358,-100.0079456232956,nan,nan,nan,0.23884382905937224,0.2391974713718506,nan,nan,nan,nan,6.951907712983163,7.183437928814151,nan,0.11369390318909187,nan,nan,nan,0.4999655390183905,nan,-0.11261226035536968,nan,-2.1453375537999034e-10,nan,-2.366763401801018e-18,nan,0.48432238531138705,nan,-4.005402380518127,nan,-0.009985568073588998,nan
16,14,sqp_full,sqp_full,,10,0,87,35.14452892838416,779.3350201452093,-697.1699481253257,-100.02237814860062,777.2532232850925,-704.1782147765417,-100.00442457174671,777.1071445991354,-704.4137186139174,-99.98819347535138,nan,nan,nan,0.2771300054299425,0.2776049142212622,nan,nan,nan,nan,7.310928779665345,7.578630505585116,nan,0.11408041865076227,nan,nan,nan,0.4999648073751152,nan,-0.1183738534883771,nan,-2.080704281385989e-10,nan,-4.200621481575465e-18,nan,0.484322398302552,nan,-4.008953218739541,nan,-0.009961399440946928,nan
17,0,sqp_full,sqp_full,,10,1,70,28.275842059697048,776.9899008618085,-703.6258954396883,-100.01800540692004,nan,nan,nan,nan,nan,nan,776.7318552508875,-704.3420242736432,-100.02269765012167,nan,nan,nan,nan,nan,nan,nan,nan,0.7612017105453275,nan,0.0,nan,nan,0.0,0.0,0.0,0.0,0.0,0.0,0.0,0.0,0.0,0.0,0.0,0.0,0.0,0.0
17,1,sqp_full,sqp_full,,10,1,71,28.679882463737382,777.1278490549496,-703.2461338329612,-100.0182626270189,nan,nan,nan,nan,nan,nan,776.7318552508875,-704.3420242736432,-100.02269765012167,nan,nan,nan,nan,nan,nan,nan,nan,1.165241155655695,nan,0.0,nan,nan,0.0,0.0,0.0,0.0,0.0,0.0,0.0,0.0,0.0,0.0,0.0,0.0,0.0,0.0
17,2,sqp_full,sqp_full,,10,1,72,29.083922867777858,777.2657972480908,-702.8663722262339,-100.01851984711776,nan,nan,nan,nan,nan,nan,776.7318552508875,-704.3420242736432,-100.02269765012167,nan,nan,nan,nan,nan,nan,nan,nan,1.5692810523933398,nan,0.0,nan,nan,0.0,0.0,0.0,0.0,0.0,0.0,0.0,0.0,0.0,0.0,0.0,0.0,0.0,0.0
17,3,sqp_full,sqp_full,,10,1,74,29.892003675858668,777.5416936343734,-702.1068490127795,-100.01903428731548,nan,nan,nan,nan,nan,nan,776.7318552508875,-704.3420242736432,-100.02269765012167,nan,nan,nan,nan,nan,nan,nan,nan,2.377361279684685,nan,0.0,nan,nan,0.0,0.0,0.0,0.0,0.0,0.0,0.0,0.0,0.0,0.0,0.0,0.0,0.0,0.0
17,4,sqp_full,sqp_full,,10,1,75,30.296044079899143,777.6796418275146,-701.7270874060523,-100.01929150741434,nan,nan,nan,nan,nan,nan,776.7318552508875,-704.3420242736432,-100.02269765012167,nan,nan,nan,nan,nan,nan,nan,nan,2.781401484201964,nan,0.0,nan,nan,0.0,0.0,0.0,0.0,0.0,0.0,0.0,0.0,0.0,0.0,0.0,0.0,0.0,0.0
17,5,sqp_full,sqp_full,,10,1,76,30.700084483939477,777.8175900206558,-701.3473257993252,-100.01954872751318,nan,nan,nan,nan,nan,nan,776.7318552508875,-704.3420242736432,-100.02269765012167,nan,nan,nan,nan,nan,nan,nan,nan,3.1854417185638315,nan,0.0,nan,nan,0.0,0.0,0.0,0.0,0.0,0.0,0.0,0.0,0.0,0.0,0.0,0.0,0.0,0.0
17,6,sqp_full,sqp_full,,10,1,77,31.104124887979953,777.955538213797,-700.9675641925978,-100.01980594761204,nan,nan,nan,nan,nan,nan,776.7318552508875,-704.3420242736432,-100.02269765012167,nan,nan,nan,nan,nan,nan,nan,nan,3.589481972692399,nan,0.0,nan,nan,0.0,0.0,0.0,0.0,0.0,0.0,0.0,0.0,0.0,0.0,0.0,0.0,0.0,0.0
17,7,sqp_full,sqp_full,,10,1,79,31.91220569606077,778.2314346000795,-700.2080409791434,-100.02032038780976,nan,nan,nan,nan,nan,nan,776.7318552508875,-704.3420242736432,-100.02269765012167,nan,nan,nan,nan,nan,nan,nan,nan,4.39756251845567,nan,0.0,nan,nan,0.0,0.0,0.0,0.0,0.0,0.0,0.0,0.0,0.0,0.0,0.0,0.0,0.0,0.0
17,8,sqp_full,sqp_full,,10,1,80,32.316246100101246,778.3693827932208,-699.8282793724162,-100.02057760790862,nan,nan,nan,nan,nan,nan,776.7318552508875,-704.3420242736432,-100.02269765012167,nan,nan,nan,nan,nan,nan,nan,nan,4.801602803778439,nan,0.0,nan,nan,0.0,0.0,0.0,0.0,0.0,0.0,0.0,0.0,0.0,0.0,0.0,0.0,0.0,0.0
17,9,sqp_full,sqp_full,,10,1,81,32.72028650414162,778.507330986362,-699.4485177656891,-100.02083482800748,nan,nan,nan,nan,nan,nan,776.7318552508875,-704.3420242736432,-100.02269765012167,nan,nan,nan,nan,nan,nan,nan,nan,5.2056430948201475,nan,0.0,nan,nan,0.0,0.0,0.0,0.0,0.0,0.0,0.0,0.0,0.0,0.0,0.0,0.0,0.0,0.0
17,10,sqp_full,sqp_full,,10,0,82,33.12432690818206,778.6452791795032,-699.0687561589618,-100.02109204810634,nan,nan,nan,nan,nan,nan,nan,nan,nan,nan,nan,nan,nan,nan,nan,nan,nan,nan,nan,nan,nan,nan,0.0,nan,0.0,nan,0.0,nan,0.0,nan,0.0,nan,0.0,nan,0.0,nan
17,11,sqp_full,sqp_full,,10,0,83,33.528367312222535,778.7832273726445,-698.6889945522346,-100.0213492682052,nan,nan,nan,nan,nan,nan,nan,nan,nan,nan,nan,nan,nan,nan,nan,nan,nan,nan,nan,nan,nan,nan,0.0,nan,0.0,nan,0.0,nan,0.0,nan,0.0,nan,0.0,nan,0.0,nan
17,12,sqp_full,sqp_full,,10,0,85,34.33644812030335,779.059123758927,-697.9294713387801,-100.0218637084029,nan,nan,nan,nan,nan,nan,nan,nan,nan,nan,nan,nan,nan,nan,nan,nan,nan,nan,nan,nan,nan,nan,0.0,nan,0.0,nan,0.0,nan,0.0,nan,0.0,nan,0.0,nan,0.0,nan
17,13,sqp_full,sqp_full,,10,0,86,34.740488524343824,779.1970719520682,-697.5497097320529,-100.02212092850176,nan,nan,nan,nan,nan,nan,nan,nan,nan,nan,nan,nan,nan,nan,nan,nan,nan,nan,nan,nan,nan,nan,0.0,nan,0.0,nan,0.0,nan,0.0,nan,0.0,nan,0.0,nan,0.0,nan
17,14,sqp_full,sqp_full,,10,0,87,35.14452892838416,779.3350201452093,-697.1699481253257,-100.02237814860062,nan,nan,nan,nan,nan,nan,nan,nan,nan,nan,nan,nan,nan,nan,nan,nan,nan,nan,nan,nan,nan,nan,0.0,nan,0.0,nan,0.0,nan,0.0,nan,0.0,nan,0.0,nan,0.0,nan
