node_index,s_m,insertion_m,position_error_m,position_error_mm,tangent_error_rad,tangent_error_deg,feasible,position_constraint_margin_m,tangent_constraint_margin_rad,minimum_joint_margin_rad,minimum_state_margin,jacobian_condition,jacobian_effective_rank,contact_active,contact_diagnostic_available,minimum_gap_m,contact_energy,contact_force_norm,q1_rad,q2_rad,q3_rad,q4_rad,q5_rad,q6_rad,magnet_pose_x,magnet_pose_y,magnet_pose_z,magnet_pose_rx,magnet_pose_ry,magnet_pose_rz,desired_x,desired_y,desired_z,achieved_x,achieved_y,achieved_z,desired_tangent_x,desired_tangent_y,desired_tangent_z,achieved_tangent_x,achieved_tangent_y,achieved_tangent_z,seed_q1,seed_q2,seed_q3,seed_q4,seed_q5,seed_q6,seed_L,change_from_seed_q1,change_from_seed_q2,change_from_seed_q3,change_from_seed_q4,change_from_seed_q5,change_from_seed_q6,change_from_seed_L
0,0.0,0.025,0.0,0.0,0.026483017914252185,1.5173651552560026,1,0.0015,3.113364306423547,4.226776597179587,0.025,nan,0,1,1,0.048579337599595936,3.273941598143782e-13,1.5207882997213842e-09,-0.85634357,-1.94584002,-1.76176286,-1.0331945,1.56234264,-2.05640871,0.24557497783369636,-0.6700279629478505,-0.016566991220873295,-3.077932948039142,0.5753726959665791,0.045033578217205016,0.5005794864881917,-0.669607395033303,-0.01656004894946191,0.5005794864881917,-0.669607395033303,-0.01656004894946191,-1.0,0.0,0.0,-0.9996493453761041,0.026476307031826483,0.00043755580570542735,-0.85634357,-1.94584002,-1.76176286,-1.0331945,1.56234264,-2.05640871,0.025,0.0,0.0,0.0,0.0,0.0,0.0,0.0
1,0.00025,0.025126128389645383,0.00028275067502039127,0.28275067502039125,0.025023857979730006,1.433761449373296,1,0.0012172493249796089,3.114823466358069,4.225967753346499,0.02487387161035462,nan,0,1,1,0.04860044032978679,3.2894401677510316e-13,1.519863348979339e-09,-0.858233648084426,-1.9402452003439623,-1.7598556676002441,-1.035144502626804,1.5614049764348281,-2.0572175538330875,0.24500954010724899,-0.6721494308148389,-0.011830312205281635,-3.0817787187395727,0.5778504842051493,0.03918203008956723,0.5003294864881918,-0.669607395033303,-0.01656004894946191,0.5004528985521932,-0.6697087610410238,-0.016326720127491434,-1.0,0.0,0.0,-0.9996869196038249,0.01999374950450214,0.015043694817666533,-0.8564663487140928,-1.9459168915289047,-1.7616567302896553,-1.033082679462022,1.562230772252171,-2.056432505238703,0.025178528873871522,-0.001767299370333264,0.0056716911849423735,0.0018010626894111592,-0.002061823164781984,-0.0008257958173429891,-0.000785048594384552,-5.240048422613941e-05
2,0.0005,0.025377242000241013,0.00028528624745163307,0.28528624745163306,0.024652133975769312,1.412463232802644,1,0.001214713752548367,3.1151951903620296,4.225926229811302,0.02462275799975899,nan,0,1,1,0.048602120186334606,3.322243013287811e-13,1.5197972033240021e-09,-0.858393765020961,-1.9404337356493173,-1.7597242781498657,-1.0349944073326918,1.5612058625901535,-2.057259077368285,0.24491727250647743,-0.6723563709392912,-0.011887398289770756,-3.0819513747700595,0.5780692059493471,0.039263631913635064,0.5000794864881918,-0.669607395033303,-0.01656004894946191,0.5002017099871542,-0.6697124469789894,-0.01632464770054012,-1.0,0.0,0.0,-0.9996961515337823,0.019549681296273498,0.01501381263234456,-0.8566000316191335,-1.945999125520175,-1.7615454999319364,-1.032969186028224,1.5621016502686793,-2.056457364612644,0.025408078398677477,-0.0017937334018275353,0.00556538987085764,0.001821221782070781,-0.002025221304467806,-0.0008957876785258279,-0.0008017127556407821,-3.083639843646374e-05
3,0.00075,0.025628478213924808,0.0002882152902950721,0.2882152902950721,0.024275130187869795,1.3908625068955565,1,0.001211784709704928,3.1155721941499293,4.225884755956955,0.024371521786075195,nan,0,1,1,0.04860406590460607,3.3550454339708164e-13,1.5197179368371055e-09,-0.858555621601997,-1.940616676274541,-1.7595878589315705,-1.0348437602648044,1.5610120564220562,-2.057300551222632,0.2448290051847854,-0.6725660072987515,-0.011938934258173384,-3.082126417328115,0.5782914756277997,0.03932645542891013,0.49982948648819175,-0.669607395033303,-0.01656004894946191,0.49995039552905934,-0.6697166978951106,-0.016322347578416153,-1.0,0.0,0.0,-0.9997053734957806,0.019084195623072314,0.014998655975852123,-0.8567318396522002,-1.9460810569323284,-1.7614357012197523,-1.0328590956439698,1.5619690449941166,-2.0564827672294896,0.025652204563760467,-0.001823781949796821,0.0054643806577874265,0.0018478422881818002,-0.0019846646208345753,-0.000956988572060391,-0.0008177839931424735,-2.372634983565866e-05
4,0.001,0.025879924765197057,0.00029149249478311326,0.2914924947831133,0.023889165341127946,1.368748350136835,1,0.0012085075052168867,3.115958158996671,4.22584884235937,0.024120075234802946,nan,0,1,1,0.04860628715149138,3.387859633041514e-13,1.519626350755657e-09,-0.8587185420867469,-1.940794492292233,-1.759448052549103,-1.0346905191178393,1.5608203986176323,-2.0573364648202164,0.24474417121942044,-0.6727779881729221,-0.01198579108149328,-3.08230488449671,0.5785251480899083,0.0393737188411463,0.4995794864881917,-0.669607395033303,-0.01656004894946191,0.49969886716434453,-0.6697215191482364,-0.016319857744238126,-1.0,0.0,0.0,-0.9997146674597944,0.01859393092142052,0.01499497911442614,-0.8568591790563063,-1.9461625415148975,-1.7613270845094355,-1.0327565921959372,1.5618376683229838,-2.056506348755422,0.02590051693181088,-0.0018593630304406528,0.005368049222664428,0.0018790319603325667,-0.001933926921902085,-0.0010172697053514312,-0.0008301160647943284,-2.0592166613823265e-05
5,0.00125,0.026131700072334188,0.0002951068709870102,0.2951068709870102,0.023495163765005923,1.3461737227035404,1,0.0012048931290129898,3.116352160572793,4.225814436242241,0.023868299927665815,nan,0,1,1,0.048608762879866096,3.4207019872815477e-13,1.5195235526700849e-09,-0.8588819132923178,-1.9409662019012686,-1.759306615432178,-1.0345324744231121,1.5606310966880954,-2.057370870937345,0.24466291634305404,-0.6729926232114901,-0.012028195518242746,-3.082488824169263,0.5787631814967409,0.03940345263677789,0.49932948648819175,-0.669607395033303,-0.01656004894946191,0.49944700701174066,-0.6697269180167594,-0.01631716780924264,-1.0,0.0,0.0,-0.9997240013366393,0.01807852131436506,0.015002940329993214,-0.8569815380271929,-1.9462397368443192,-1.7612243850567502,-1.0326549867927282,1.5617099709887858,-2.0565302573895132,0.026149982958200074,-0.0019003752651248762,0.005273534943050606,0.0019177696245722409,-0.0018774876303839783,-0.0010788743006904244,-0.0008406135478318255,-1.828288586588553e-05
6,0.0015,0.02638389524702474,0.00029907097492483424,0.29907097492483425,0.023095007839137916,1.3232464770041539,1,0.0012009290250751658,3.116752316498661,4.225774837654901,0.023616104752975264,nan,0,1,1,0.04861146323792514,3.453585619847468e-13,1.5194108974285646e-09,-0.8590452877919482,-1.941131766367896,-1.75916356534496,-1.0343702676545095,1.5604449285746416,-2.0574104695246844,0.24458519672753382,-0.6732103672551198,-0.01206616422059753,-3.0826792507093974,0.5789943764355758,0.0394156252488194,0.4990794864881917,-0.669607395033303,-0.01656004894946191,0.4991947246812758,-0.6697329007095466,-0.01631426056054199,-1.0,0.0,0.0,-0.9997333221601431,0.0175382316228394,0.015023148610966859,-0.8570994073474442,-1.9463148789454854,-1.7611248087922042,-1.032558625280709,1.561584962943805,-2.0565529817080206,0.026399801410803295,-0.0019458804445040556,0.0051831125775894105,0.001961243447244243,-0.0018116423738003817,-0.001140034369163434,-0.0008574878166638378,-1.5906163778556248e-05
7,0.00175,0.02663665827524913,0.00030346520600015134,0.30346520600015137,0.022689214342817916,1.2999962223111603,1,0.0011965347939998487,3.117158109994981,4.225731298030913,0.023363341724750873,nan,0,1,1,0.048614380244062075,3.4865299868207066e-13,1.5192887417228987e-09,-0.8592078481982909,-1.9412914787005342,-1.7590165593166132,-1.0342043154729859,1.5602597728687158,-2.0574540091486724,0.24451190688303212,-0.6734326417465728,-0.012098654357381333,-3.0828787023340336,0.5792198893110354,0.0394103464087881,0.49882948648819175,-0.669607395033303,-0.01656004894946191,0.4989418724700249,-0.6697395572857544,-0.01631106368610866,-1.0,0.0,0.0,-0.9997426108185425,0.01696836556546936,0.015059438361399993,-0.8572139729552951,-1.9463852940825197,-1.7610319265972305,-1.0324629847939057,1.5614628934476908,-2.056572852321007,0.02664970915947379,-0.0019938752429957685,0.0050938153819855,0.002015367280617353,-0.0017413306790801109,-0.001203120578975092,-0.0008811568276652082,-1.3050884224659332e-05
8,0.002,0.026890069891412138,0.0003083793008763435,0.30837930087634347,0.02228216258907243,1.2766738747781456,1,0.0011916206991236565,3.1175651617487263,4.225688411216568,0.023109930108587865,nan,0,1,1,0.048617441921360895,3.519549038186396e-13,1.5191602293860574e-09,-0.859372199252317,-1.9414446115663815,-1.7588647213043096,-1.034034312568689,1.5600798690388886,-2.0574968959630175,0.24444367545879506,-0.6736588140151291,-0.012125137613942405,-3.0830830948776597,0.5794505335416592,0.039381114601002375,0.4985794864881917,-0.669607395033303,-0.01656004894946191,0.4986883710874953,-0.6697469071713132,-0.016307505288699464,-1.0,0.0,0.0,-0.9997517628861344,0.01636872778857952,0.015115467463823312,-0.8573221065065484,-1.9464553737751369,-1.7609392697912378,-1.0323724935837557,1.5613451077173877,-2.0565927015512413,0.02689967295618335,-0.002050092745768617,0.005010762208755404,0.0020745484869282294,-0.0016618189849333387,-0.0012652386784990366,-0.000904194411776249,-9.603064771213088e-06
9,0.0022500000000000003,0.027144137783292024,0.0003141655947406765,0.3141655947406765,0.021881345216961588,1.2537087310006696,1,0.0011858344052593235,3.117965979120837,4.225648727160728,0.02285586221670798,nan,0,1,1,0.04862052059299083,3.5526501866101817e-13,1.5190309408126641e-09,-0.8595399390693222,-1.9415871275365122,-1.7587049636641465,-1.0338589004635157,1.5599080013918234,-2.0575365800188585,0.24438301098631732,-0.6738908917579837,-0.012141800235576428,-3.083294434905523,0.5796934410315187,0.03931484402764213,0.49832948648819175,-0.669607395033303,-0.01656004894946191,0.49843421519261294,-0.669755102928854,-0.01630331115134693,-1.0,0.0,0.0,-0.999760612917387,0.015731350109174824,0.015206626279134154,-0.8574263336816649,-1.9465232775038415,-1.7608492156541695,-1.0322852747936473,1.5612328458246838,-2.05661331485629,0.02714962808554244,-0.002113605387657369,0.004936149967329273,0.002144251990022994,-0.001573625669868406,-0.0013248444328604059,-0.0009232651625685762,-5.490302250416024e-06
10,0.0025000000000000005,0.027398890614601712,0.0003209691996401915,0.3209691996401915,0.021494430140577604,1.2315401300938855,1,0.0011790308003598086,3.1183528941972214,4.225609980645315,0.02260110938539829,nan,0,1,1,0.04862347940635179,3.5858443939724674e-13,1.5189068900535228e-09,-0.8597107576874764,-1.9417184684569613,-1.7585360342116712,-1.0336797686018042,1.5597461670244464,-2.057575326534271,0.2443308573009531,-0.6741287607803317,-0.012147798432183443,-3.083512005222679,0.5799444141138118,0.03920940945736921,0.4980794864881917,-0.669607395033303,-0.01656004894946191,0.498179378460574,-0.6697641568665383,-0.016298383994582676,-1.0,0.0,0.0,-0.9997690036302342,0.015056805167465928,0.015337274802180584,-0.8575236816512088,-1.9465904815966286,-1.7607605251458787,-1.032202525911694,1.5611212447716658,-2.0566298134665826,0.027399588080438884,-0.0021870760362675545,0.004872013139667342,0.0022244909342075125,-0.001477242690110181,-0.0013750777472194553,-0.0009455130676885304,-6.974658371718123e-07
11,0.0027500000000000007,0.027654296761077477,0.00032887038815914316,0.32887038815914316,0.021130051276651574,1.2106627590471521,1,0.001171129611840857,3.118717273061147,4.22556855382926,0.022345703238922526,nan,0,1,1,0.048626160124951204,3.619136099529948e-13,1.5187950088870286e-09,-0.8598821772868274,-1.9418385437286538,-1.7583583009651065,-1.0334994842120662,1.5595939349898051,-2.0576167533503265,0.24428755742608346,-0.6743714096187612,-0.012143095955983396,-3.083736109621694,0.5801937561412822,0.039068699647673996,0.49782948648819175,-0.669607395033303,-0.01656004894946191,0.49792389506544626,-0.6697740124452197,-0.016292688909824524,-1.0,0.0,0.0,-0.999776768772381,0.014349575602795329,0.01550813667327415,-0.8576193528322342,-1.9466558379084478,-1.760674089317828,-1.0321249332977476,1.5610152973704903,-2.0566492660696336,0.02764957072864974,-0.0022628244545931375,0.0048172941797939295,0.002315788352721615,-0.0013745509143185952,-0.0014213623806851317,-0.000967487280692847,4.726032427737614e-06
12,0.003000000000000001,0.02791037972043731,0.0003377452261965594,0.3377452261965594,0.020785505458278935,1.190921737805519,1,0.0011622547738034407,3.11906181887952,4.225521568412185,0.022089620279562693,nan,0,1,1,0.04862859663422364,3.6525270740760906e-13,1.5186938875302112e-09,-0.8600516999352182,-1.941949213908101,-1.7581776645615266,-1.0333132632764177,1.5594455356674293,-2.0576637387674004,0.24425086943026303,-0.6746184097483753,-0.012131283689831796,-3.083970823706828,0.5804335192901854,0.03890202735069677,0.4975794864881917,-0.669607395033303,-0.01656004894946191,0.4976677406412493,-0.6697846436311852,-0.016286432471823105,-1.0,0.0,0.0,-0.9997839891586505,0.013612157846504087,0.015706182883733398,-0.8577126437996305,-1.9467175838834974,-1.760591927596072,-1.0320448217102185,1.560914645085337,-2.056667738382981,0.027899517244568368,-0.0023390561355877137,0.004768369975396425,0.002414263034545394,-0.0012684415661992077,-0.001469109417907788,-0.000996000384419382,1.0862475868941845e-05
13,0.003250000000000001,0.028167103711488777,0.00034732674481623946,0.3473267448162395,0.020454457614795873,1.171954093557032,1,0.0011526732551837605,3.119392866723003,4.225467230256396,0.021832896288511226,nan,0,1,1,0.04863089226631052,3.6860074350023537e-13,1.518599029329961e-09,-0.8602193028909836,-1.942056413867006,-1.7579978625101425,-1.0331208648272936,1.559298756716114,-2.05771807692319,0.2442173872676538,-0.6748677584928185,-0.012117836985883867,-3.0842124321837936,0.5806599710696428,0.038723063628799945,0.49732948648819175,-0.669607395033303,-0.01656004894946191,0.4974109490195303,-0.6697959447063436,-0.016279961919328702,-1.0,0.0,0.0,-0.9997908148753185,0.012851504084523584,0.015911170092492898,-0.8578018444484314,-1.9467766764596246,-1.760513329073748,-1.0319676744251114,1.5608179934669515,-2.0566857994535788,0.028149469827797556,-0.002417458442552145,0.004720262592618596,0.002515466563605573,-0.0011531904021822026,-0.0015192367508374272,-0.0010322774696112091,1.763388369122043e-05
14,0.0035000000000000014,0.028424417301441542,0.0003576415260502128,0.35764152605021277,0.020144255036259072,1.154180795012798,1,0.0011423584739497872,3.11970306930154,4.225410047868767,0.02157558269855846,nan,0,1,1,0.04863291138253552,3.719577958190944e-13,1.5185162990447606e-09,-0.860386853383435,-1.9421614463255124,-1.7578165913340091,-1.0329278270697615,1.559157422078813,-2.057775259310819,0.24418677932161664,-0.675117270119705,-0.012102700904978836,-3.0844533769185865,0.5808818923075357,0.03853357427105781,0.4970794864881917,-0.669607395033303,-0.01656004894946191,0.49715357372087304,-0.669807830403637,-0.0162732664440188,-1.0,0.0,0.0,-0.999797111355522,0.012073099188767514,0.016123783710166588,-0.8578883261863105,-1.9468349790662287,-1.7604363090172865,-1.0318955338898668,1.5607217957584303,-2.0567042602126753,0.02839943503955531,-0.0024985271971245115,0.004673532740716357,0.0026197176832774005,-0.0010322931798947277,-0.0015643736796173702,-0.0010709990981436768,2.4982261886231233e-05
15,0.0037500000000000016,0.02868226103501136,0.000368434098770872,0.368434098770872,0.01985619642850776,1.1376762525362334,1,0.001131565901229128,3.1199911279092913,4.225358061121984,0.021317738964988644,nan,0,1,1,0.048634619595181255,3.75323323370612e-13,1.5184472429019167e-09,-0.8605585660044313,-1.9422672458919805,-1.7576362555838927,-1.032736705322734,1.55902846247125,-2.057827246057602,0.24415678204108976,-0.6753619295790775,-0.012089396358972604,-3.084679941986613,0.5811162900707373,0.03833634090295443,0.49682948648819175,-0.669607395033303,-0.01656004894946191,0.4968956745222283,-0.6698200612813567,-0.016266559773807622,-1.0,0.0,0.0,-0.9998028722085978,0.011290766109320753,0.016332033679337568,-0.857970911065242,-1.9468913910017454,-1.7603616482603064,-1.0318257674120364,1.5606295820715634,-2.056721223487233,0.02864940850059551,-0.002587654939189221,0.004624145109764832,0.002725392676413696,-0.00091093791069774,-0.0016011196003133943,-0.0011060225703687365,3.285253441584826e-05
16,0.004000000000000002,0.028940596248036802,0.00037989022220995163,0.3798902222099516,0.019590693393613526,1.122464049188879,1,0.0011201097777900483,3.1202566309441853,4.225308415927623,0.0210594037519632,nan,0,1,1,0.04863599818946823,3.7869697418338706e-13,1.5183926987735947e-09,-0.8607340049531395,-1.9423735633937556,-1.7574547958884976,-1.032545996935913,1.5589092317208408,-2.0578768912519636,0.24412809824762768,-0.6756046252370709,-0.012076675071109877,-3.08489744707273,0.5813589046841519,0.038129320176506165,0.4965794864881917,-0.669607395033303,-0.01656004894946191,0.4966372901491214,-0.6698327958632427,-0.016259766110164785,-1.0,0.0,0.0,-0.9998081085035505,0.01049582427322927,0.016540370110070764,-0.8580501375587017,-1.9469460343876785,-1.760289133965737,-1.031756472555227,1.5605405564809254,-2.0567368279827627,0.028899367574355767,-0.002683867394437711,0.004572470993922995,0.002834338077239318,-0.0007895243806859131,-0.0016313247600845404,-0.0011400632692009083,4.122867368103536e-05
17,0.004250000000000002,0.02919943537513001,0.0003919155631541304,0.3919155631541304,0.019354979720603904,1.108958650551901,1,0.0011080844368458697,3.120492344617195,4.225254207967994,0.020800564624869993,nan,0,1,1,0.04863690191838869,3.8207977302513955e-13,1.5183590135160045e-09,-0.8609036232604511,-1.9424772715376712,-1.7572772877528025,-1.0323569006434816,1.558790792169172,-2.0579310992115927,0.24410113248599932,-0.6758438943762765,-0.012063938962203202,-3.0851155268443966,0.5815851067286255,0.037925185245415625,0.49632948648819175,-0.669607395033303,-0.01656004894946191,0.4963784102216337,-0.6698458503671598,-0.016252895354816232,-1.0,0.0,0.0,-0.9998126982272919,0.009698789846056348,0.016748192110917978,-0.8581270354239444,-1.946998348334044,-1.7602198228351424,-1.0316898663302996,1.5604546488780031,-2.0567527651124635,0.02914933463343274,-0.0027765878365066943,0.004521076796372814,0.002942535082339992,-0.0006670343131820466,-0.0016638567088311795,-0.0011783340991291524,5.010074169727041e-05
18,0.004500000000000002,0.029458714729765578,0.00040452352163101936,0.40452352163101934,0.019151689753294777,1.0973109934077354,1,0.0010954764783689807,3.120695634584504,4.225199018376108,0.020541285270234425,nan,0,1,1,0.048637265146465,3.854713375353746e-13,1.5183491152923574e-09,-0.8610650380801169,-1.942577953892964,-1.757104065911048,-1.032169488600343,1.5586702721643995,-2.057986288803479,0.24407658641852892,-0.6760793181779308,-0.012050823822550238,-3.0853360935661134,0.5817971247864779,0.03772676764207097,0.4960794864881917,-0.669607395033303,-0.01656004894946191,0.4961190991659932,-0.6698591956945966,-0.016245936641071643,-1.0,0.0,0.0,-0.9998166119952643,0.00890127455694023,0.016956110685331427,-0.8582002552135392,-1.947049522784907,-1.7601516488659035,-1.0316247724999275,1.560372758379313,-2.056768738567493,0.029399304835017726,-0.002864782866577764,0.004471568891943001,0.003047582954855521,-0.0005447161004155099,-0.0017024862149135345,-0.0012175502359861312,5.940989474785205e-05
19,0.0047500000000000025,0.02971839042699613,0.0004174052752427005,0.4174052752427005,0.01897082641750145,1.0869482875981205,1,0.0010825947247572994,3.1208764979202974,4.225148202462207,0.020281609573003873,nan,0,1,1,0.04863725728561409,3.8887022531208596e-13,1.51835569685357e-09,-0.8612219251630955,-1.942680367698222,-1.7569368230713396,-1.0319839409743339,1.5585511880337333,-2.0580371047173793,0.2440520493643397,-0.676308169578072,-0.012041571204002899,-3.0855497202925615,0.582007581454635,0.037538668383037564,0.49582948648819175,-0.669607395033303,-0.01656004894946191,0.4958593979756208,-0.669872688721576,-0.01623918803616344,-1.0,0.0,0.0,-0.9998200592692219,0.0081109877567077,0.017148205751628943,-0.8582718831576052,-1.9470989831287506,-1.7600864353921633,-1.0315629355792268,1.5602904909774802,-2.056783193431917,0.029649267953526487,-0.0029500420054903165,0.004418615430528572,0.0031496123208236693,-0.0004210053951070325,-0.001739302943746912,-0.0012539112854623724,6.912247346964329e-05
20,0.005000000000000003,0.029978335230101818,0.00043024234593024024,0.43024234593024024,0.018806421845839246,1.07752859950922,1,0.00106975765406976,3.1210409024919596,4.22510369936766,0.020021664769898185,nan,0,1,1,0.0486369834010155,3.922742163530556e-13,1.5183741313681077e-09,-0.8613755917646533,-1.942786222308652,-1.7567788111135525,-1.0318017245567397,1.558436730543539,-2.058081607811926,0.24402560384101338,-0.6765268585370989,-0.012039004683832788,-3.0857490243969616,0.5822202403259104,0.03736556573650384,0.4955794864881917,-0.669607395033303,-0.01656004894946191,0.49559943213129826,-0.6698860827531886,-0.016232873457810118,-1.0,0.0,0.0,-0.9998231644607253,0.0073407813285439275,0.017313368742911197,-0.8583413822229169,-1.947146480092369,-1.7600236106316252,-1.0315020106850037,1.5602118880590414,-2.0567964285812685,0.029899228934413376,-0.003034209541736388,0.004360257783716959,0.0032447995180726608,-0.00029971387173599595,-0.0017751575155025012,-0.0012851792306576293,7.910629568844141e-05
21,0.005250000000000003,0.030238469058768744,0.00044279461467093366,0.4427946146709337,0.01865422749011513,1.0688085052605156,1,0.0010572053853290663,3.121193096847684,4.225067038839676,0.01976153094123126,nan,0,1,1,0.04863651931006265,3.956818595716074e-13,1.5184010763621326e-09,-0.8615248192907405,-1.9428969649934262,-1.7566305059915448,-1.031627630722803,1.5583266461390601,-2.058118268339911,0.24399622662333648,-0.6767327660660983,-0.012044126160007662,-3.085929938794702,0.582434755276304,0.037215896369876565,0.49532948648819175,-0.669607395033303,-0.01656004894946191,0.4953392804668262,-0.6698991631302338,-0.016227118736988653,-1.0,0.0,0.0,-0.9998260149437409,0.006601220509690248,0.017446023314811644,-0.8584085392197136,-1.9471925966000243,-1.759962800346246,-1.0314438416372698,1.5601350792893427,-2.056806739142149,0.030149201886981215,-0.0031162800710269334,0.0042956316065980715,0.0033322943547011707,-0.0001837890855331814,-0.0018084331502825624,-0.001311529197761896,8.926717178752916e-05
22,0.005500000000000003,0.030498787008597934,0.0004549403936242001,0.45494039362420013,0.018508513178438348,1.060459690186782,1,0.0010450596063758,3.1213388111593607,4.225037289084622,0.01950121299140207,nan,0,1,1,0.04863597096062555,3.990924969375176e-13,1.518431877919397e-09,-0.8616716553440602,-1.9430132443653791,-1.7564919710334808,-1.0314627327363468,1.5582233521581326,-2.058148018094964,0.2439628898173032,-0.6769252942944635,-0.012057568665557516,-3.086089150488034,0.5826522886021083,0.03708943945638759,0.4950794864881917,-0.669607395033303,-0.01656004894946191,0.495078946220644,-0.6699118491135406,-0.016221998386840585,-1.0,0.0,0.0,-0.9998287223595235,0.005895484831229861,0.017543352117757226,-0.8584734687029907,-1.9472372072498352,-1.759903221119221,-1.0313859214717016,1.5600641557838897,-2.0568193142558013,0.030399173903083023,-0.0031981866410695226,0.004223962884456034,0.0034112500857401695,-7.68112646452046e-05,-0.0018408036257571148,-0.001328703839162504,9.961310551491118e-05
23,0.005750000000000003,0.03075928247492102,0.00046752047081410864,0.46752047081410864,0.01840317721758936,1.0544243841991798,1,0.0010324795291858915,3.1214441471202097,4.22501179551999,0.01924071752507898,nan,0,1,1,0.048634679931431515,4.0250992043673585e-13,1.5184951821010651e-09,-0.8618144768254288,-1.9431217445426803,-1.7563582113445904,-1.0313050732528048,1.5581272429418775,-2.058173511659597,0.2439314156755934,-0.6771098587888682,-0.01206823971466181,-3.0862402801957094,0.5828687988460637,0.03696109629098543,0.49482948648819175,-0.669607395033303,-0.01656004894946191,0.49481844585595175,-0.6699244686347252,-0.016216657297916406,-1.0,0.0,0.0,-0.9998306663133477,0.0052056527985917,0.017650492297600868,-0.8585289055432198,-1.947283774352779,-1.7598416083677084,-1.0313316816681017,1.5599900327583973,-2.0568286868265364,0.03064908285560189,-0.0032855712822089655,0.004162029810098833,0.003483397023118062,2.6608415296891508e-05,-0.001862789816519772,-0.0013448248330605317,0.0001101996193191325
24,0.006000000000000004,0.031019899200495436,0.00048077929226359025,0.48077929226359023,0.01835360992946012,1.0515843877874653,1,0.0010192207077364098,3.121493714408339,4.224984489938029,0.018980100799504566,nan,0,1,1,0.04863231372025058,4.0593552392665786e-13,1.5186057722403111e-09,-0.8619458140975049,-1.943215938135192,-1.756229661517346,-1.0311555846104274,1.5580311246472571,-2.058200817241557,0.24390429783148132,-0.6772881204850524,-0.012071315291567408,-3.086395983090906,0.5830650009324848,0.03683169229634536,0.4945794864881917,-0.669607395033303,-0.01656004894946191,0.49455784039574735,-0.6699370391689354,-0.016210742610563617,-1.0,0.0,0.0,-0.9998315772291959,0.004530693239082412,0.017784543686919244,-0.8585907954147903,-1.947324753614492,-1.7597879550931577,-1.031279121241666,1.5599194007601118,-2.056843446248235,0.03089908912751131,-0.0033550186827145945,0.0041088154793000875,0.0035582935758116108,0.0001235366312386521,-0.001888276112854692,-0.0013573709933218936,0.00012081007298412466
25,0.006250000000000004,0.031280522293773955,0.0004949340380811942,0.4949340380811942,0.01836457069440475,1.0522123933590277,1,0.0010050659619188058,3.1214827536433942,4.224955854697283,0.018719477706226048,nan,0,1,1,0.04862874161683821,4.09368793001893e-13,1.5187696374096427e-09,-0.8620669113949393,-1.9432950974689456,-1.756103566008312,-1.0310129453350534,1.5579340181835715,-2.0582294524823026,0.24388224817602724,-0.6774627699919473,-0.012065031127740489,-3.086559498352698,0.5832443040348937,0.036696331813193976,0.49432948648819175,-0.669607395033303,-0.01656004894946191,0.4942972465577212,-0.6699497507773026,-0.01620408148818893,-1.0,0.0,0.0,-0.9998313760108265,0.003860701508314361,0.017953120290387127,-0.8586486259439665,-1.9473660775184098,-1.759733091810447,-1.0312270628166864,1.5598528413143324,-2.05685526564994,0.03114907282331949,-0.00341828545097278,0.004070980049464268,0.0036295258021350474,0.0002141174816330249,-0.0019188231307609716,-0.0013741868323626782,0.0001314494704544658
26,0.006500000000000004,0.03154114345270013,0.0005097673707309371,0.5097673707309371,0.018435901232686455,1.0562993321529657,1,0.0009902326292690628,3.1214114231051124,4.224929059091001,0.018458856547299875,nan,0,1,1,0.04862392948962504,4.128100416226633e-13,1.518988491255054e-09,-0.8621815990802487,-1.9433600771933117,-1.7559800080141632,-1.0308804469376862,1.5578446550982366,-2.0582562480885853,0.24386478737574135,-0.6776302910739003,-0.012050597349899439,-3.086719506660246,0.5834158275303029,0.036551532359967984,0.4940794864881917,-0.669607395033303,-0.01656004894946191,0.4940366731900567,-0.669962370547379,-0.016196700386548468,-1.0,0.0,0.0,-0.9998300635861516,0.003207475909990511,0.018153678624425015,-0.8587046238597179,-1.9474058682249535,-1.7596803335854472,-1.0311768417003133,1.5597881084899379,-2.0568666749755122,0.031399047020842855,-0.003476975220530809,0.004045791031641821,0.003700325571283969,0.00029639476262710573,-0.001943453391701322,-0.0013895731130730837,0.00014209643185727344
27,0.006750000000000004,0.0318017369068483,0.0005241766442274158,0.5241766442274157,0.018529513092469672,1.0616628966309145,1,0.0009758233557725843,3.121317811245329,4.224900730626798,0.0181982630931517,nan,0,1,1,0.04861860753842493,4.1625469583307414e-13,1.5192306168785484e-09,-0.8622906200305053,-1.943419689378572,-1.7558678077430316,-1.0307614698406726,1.557767784038293,-2.0582845765527886,0.24384635984835826,-0.6777823639755282,-0.01203818019067271,3.0865525968899363,-0.5835140402412758,-0.03641458456385026,0.49382948648819175,-0.669607395033303,-0.01656004894946191,0.493776135209927,-0.6699742047234049,-0.016189420501136052,-1.0,0.0,0.0,-0.9998283334840683,0.002605050135046542,0.018344407220314586,-0.8587584305619727,-1.9474446807948846,-1.7596289996816241,-1.031128332378983,1.5597250291822256,-2.056877507907524,0.031649018933387445,-0.0035321894685326205,0.004024991416312629,0.0037611919385924786,0.0003668625383104196,-0.0019572451439324734,-0.0014070686452645198,0.0001527179734608572
28,0.0070000000000000045,0.03206230777528635,0.0005378447356398046,0.5378447356398046,0.01862654851872894,1.0672226170188235,1,0.0009621552643601954,3.12122077581907,4.224868759771471,0.017937692224713656,nan,0,1,1,0.04861315813148765,4.197005124444631e-13,1.5194790759371385e-09,-0.8623902283739083,-1.9434774916001272,-1.755769357694785,-1.0306544648956755,1.5576976633570943,-2.0583165474081153,0.24382620507445846,-0.6779187688827523,-0.012030839314683184,3.0863911879325534,-0.5835922622688401,-0.03630043147074564,0.4935794864881917,-0.669607395033303,-0.01656004894946191,0.4935156218334151,-0.6699851326655981,-0.016182540609588725,-1.0,0.0,0.0,-0.9998265308606288,0.0020574242549843743,0.018511488125897108,-0.8588103066538016,-1.947482313785062,-1.7595792491148774,-1.031081263486935,1.5596635197591673,-2.0568882964610813,0.03189899074334829,-0.0035799217201066824,0.00400482218493492,0.0038098914200923595,0.00042679859125960284,-0.0019658564020730296,-0.0014282509470340266,0.00016331703193805946
29,0.007250000000000005,0.0323228116781581,0.0005502840943121173,0.5502840943121173,0.01870405142821446,1.0716632066323282,1,0.0009497159056878827,3.1211432729095843,4.224835344344301,0.017677188321841904,nan,0,1,1,0.04860805894850982,4.2314393336363953e-13,1.5197127506874245e-09,-0.8624805179896768,-1.943537762401772,-1.7556877412891692,-1.0305592620915784,1.5576344788586207,-2.0583499628352855,0.2438024533734125,-0.6780367819132015,-0.012032873109005915,3.0862569139884606,-0.5836581600950953,-0.03621795548473754,0.49332948648819175,-0.669607395033303,-0.01656004894946191,0.49325517019047527,-0.6699948862111746,-0.01617646029032522,-1.0,0.0,0.0,-0.9998250843295718,0.0015760491192256933,0.018636437817849447,-0.8588609037596843,-1.9475187466554964,-1.7595310162701585,-1.0310355907165778,1.559604159143339,-2.0568986204721713,0.0321489624064771,-0.0036196142299925738,0.003980984253724396,0.003843274980989353,0.0004763286249993559,-0.0019696802847182227,-0.001451342363114172,0.00017384927168100084
30,0.007500000000000005,0.03258324453268184,0.0005613561827227901,0.5613561827227901,0.018761462376563152,1.074952611670552,1,0.00093864381727721,3.1210858619612356,4.224805351093108,0.017416755467318162,nan,0,1,1,0.04860334387161968,4.265845921482007e-13,1.5199298465914134e-09,-0.8625610372052679,-1.9435983489342439,-1.7556234700181874,-1.03047827912254,1.5575809322332606,-2.0583799560864775,0.24377595690138798,-0.6781339026441933,-0.012043208829199958,3.086150995672029,-0.5837190486070845,-0.03616547368071678,0.4930794864881917,-0.669607395033303,-0.01656004894946191,0.49299478381089734,-0.6700032224342589,-0.016171118507103937,-1.0,0.0,0.0,-0.9998240089271316,0.0011707077847024417,0.018723798123293636,-0.8589094395326158,-1.9475541472973796,-1.7594842379440305,-1.0309911754286765,1.5595463532701173,-2.0569089570199024,0.032398934958568375,-0.003651597672652107,0.003955798363135754,0.0038607679258431116,0.00051289630613649,-0.001965421036856707,-0.0014709990665751072,0.00018430957411346566
31,0.007750000000000005,0.03284365141994174,0.0005723058282759906,0.5723058282759906,0.018853739537345586,1.0802397035288354,1,0.0009276941717240094,3.1209935848004533,4.224778079608889,0.01715634858005826,nan,0,1,1,0.048597886771483544,4.300300923123907e-13,1.5201794828590757e-09,-0.8626261924016517,-1.9436443887894512,-1.7555674375355081,-1.0304097591740933,1.5575338274883712,-2.0584072275706977,0.24375627061790714,-0.678217907009115,-0.012047539517554218,3.0860572407998177,-0.5837620683416126,-0.036114356533521436,0.49282948648819175,-0.669607395033303,-0.01656004894946191,0.49273443494168373,-0.6700106824359948,-0.016165259847009467,-1.0,0.0,0.0,-0.9998222735174289,0.0008130367952724544,0.018835082946702573,-0.8589562651839698,-1.9475887078307947,-1.7594385560037311,-1.030948276415436,1.559490081987304,-2.056918739850476,0.032648907469977895,-0.00366992721768189,0.003944319041343514,0.003871118468222967,0.0005385172413427952,-0.0019562544989328856,-0.0014884877202216984,0.00019474394996384786
32,0.008000000000000005,0.033103980773398725,0.0005831822662509473,0.5831822662509473,0.018985257072895223,1.0877751032477914,1,0.0009168177337490527,3.1208620672649037,4.224754566235115,0.016896019226601278,nan,0,1,1,0.04859155707617771,4.334807930986958e-13,1.5204679492789078e-09,-0.8626764967712096,-1.943673538594908,-1.7555190970361396,-1.030354464791722,1.5574960693880515,-2.058430740944471,0.24374446884319148,-0.6782882775238914,-0.01204425328923181,3.08597616471286,-0.5837898566718729,-0.03605915463354388,0.4925794864881917,-0.669607395033303,-0.01656004894946191,0.492474177286074,-0.6700171885200804,-0.016158700191131012,-1.0,0.0,0.0,-0.9998197854200807,0.0005059496285099932,0.01897737330394585,-0.8590011964596856,-1.9476221006910206,-1.759394454427625,-1.0309062427033227,1.55943525471118,-2.0569290699818406,0.03289888054994276,-0.0036753003115239657,0.003948562096112607,0.003875357391485368,0.0005517779116006594,-0.0019391853231285339,-0.0015016709626305413,0.0002051002234559618
33,0.008250000000000006,0.03336409906265611,0.0005932876091743457,0.5932876091743456,0.019129637916688726,1.0960475162396968,1,0.0009067123908256543,3.12071768642111,4.224739492826215,0.016635900937343892,nan,0,1,1,0.04858488226166072,4.3693175018184664e-13,1.5207724546564655e-09,-0.8627162467650762,-1.9436902927750568,-1.7554835239891684,-1.0303143589285897,1.5574731644847206,-2.0584458143533713,0.24373618590919327,-0.6783393953605215,-0.012039051331791895,3.085916365218552,-0.5838183210840671,-0.036008731377070065,0.49232948648819175,-0.669607395033303,-0.01656004894946191,0.4922141363535869,-0.6700222646894337,-0.016151921883380205,-1.0,0.0,0.0,-0.9998170340562832,0.00027081691096885894,0.01912655403092607,-0.8590451382921898,-1.947654694188781,-1.7593513590965735,-1.0308659232453166,1.5593823786118133,-2.0569385194093357,0.03314885461165464,-0.0036711084728864307,0.003964401413724117,0.003867835107405071,0.0005515643167268713,-0.0019092141270926621,-0.0015072949440355643,0.00021524445100146866
34,0.008500000000000006,0.03362387952776392,0.0006023404394824134,0.6023404394824133,0.01927836844723412,1.1045691479246893,1,0.0008976595605175866,3.120568955890565,4.224728647726858,0.016376120472236085,nan,0,1,1,0.04857804405625168,4.4038016460505695e-13,1.5210849383144338e-09,-0.8627446165710214,-1.9436952260946079,-1.7554628122860794,-1.0302924398719755,1.5574637393854172,-2.058456659452729,0.24372922775337716,-0.6783697715744783,-0.012033042134860172,3.085881697007368,-0.5838400600903373,-0.03597140970284182,0.4920794864881917,-0.669607395033303,-0.01656004894946191,0.49195443617981716,-0.670025668520715,-0.016145050497489467,-1.0,0.0,0.0,-0.9998141780102602,0.00011684403755992122,0.01927682020299618,-0.859093055057276,-1.947684303989605,-1.7593126084075619,-1.0308273675492274,1.5593312034675997,-2.0569485458067764,0.033398827314304415,-0.0036515615137454605,0.0039890778949971395,0.003849796121482507,0.0005349276772519396,-0.001867464082182524,-0.0015081136459524913,0.00022505221345950344
35,0.008750000000000006,0.033883243685264186,0.0006094780015953087,0.6094780015953087,0.019394273100462867,1.111209995380624,1,0.0008905219984046913,3.120453051237336,4.224718334591849,0.016116756314735817,nan,0,1,1,0.048571951517595836,4.438186362769396e-13,1.5213627662800519e-09,-0.8627621054012802,-1.9436965913981088,-1.7554623252351829,-1.030290503515492,1.5574646763421138,-2.058466972587738,0.2437176984824134,-0.6783760901543547,-0.012033878735781933,3.085880008815925,-0.583851228284451,-0.03596921830525851,0.49182948648819175,-0.669607395033303,-0.01656004894946191,0.49169514127252395,-0.6700270290140945,-0.01613895261889029,-1.0,0.0,0.0,-0.9998119369803645,5.523015552732746e-05,0.019392978657275156,-0.8591280817038853,-1.9477168312914288,-1.7592692983036573,-1.030787612763675,1.5592804074996423,-2.056956274979471,0.03364875499173936,-0.0036340236973948503,0.00402023989332001,0.0038069730684744396,0.0004971092481831363,-0.0018157311575284218,-0.001510697608266831,0.00023448869352482582
36,0.009000000000000006,0.034142022857026826,0.0006143495496653944,0.6143495496653943,0.019475511123919247,1.1158645912606593,1,0.0008856504503346056,3.12037181321388,4.22471032978767,0.015857977142973177,nan,0,1,1,0.048566531630771216,4.472458683829234e-13,1.5216122963086544e-09,-0.8627707494733649,-1.9436931700407452,-1.7554843603759573,-1.0303096323359708,1.5574790143765975,-2.058474977391916,0.24370007819158845,-0.6783561251910687,-0.012041987835110735,3.08591385089654,-0.5838584148693534,-0.03600186950879907,0.4915794864881917,-0.669607395033303,-0.01656004894946191,0.4914364207366844,-0.670025779293561,-0.016133537319270995,-1.0,0.0,0.0,-0.9998103582275345,0.00011815758552906615,0.019473921528908297,-0.8591677933300407,-1.9477468075667297,-1.7592296552489364,-1.0307506316206398,1.5592319580745453,-2.056964803286995,0.0338987643942798,-0.0036029561433241764,0.0040536375259845325,0.0037452948729790325,0.00044099928466900806,-0.001752943697947762,-0.0015101741049212691,0.0002432584627470244
37,0.009250000000000006,0.03440006415050738,0.0006183491139337177,0.6183491139337177,0.01957998982400661,1.1218507798246782,1,0.0008816508860662823,3.1202673345137923,4.2247044824301145,0.015599935849492624,nan,0,1,1,0.04856045248336459,4.506689746849949e-13,1.5218942786638833e-09,-0.8627658508698083,-1.9436690507904544,-1.7555231618399192,-1.030351497016189,1.5575062297599567,-2.0584808247494712,0.2436837110821801,-0.6783139932502442,-0.012043953738447577,3.0859721236058495,-0.5838520108828867,-0.03604522669062803,0.49132948648819175,-0.669607395033303,-0.01656004894946191,0.49117844835010743,-0.6700226439212736,-0.016127485117656937,-1.0,0.0,0.0,-0.9998083181232159,0.0002630634685912363,0.01957697140105763,-0.8592055355112322,-1.9477746586364069,-1.7591931396551876,-1.0307118075493467,1.5591829172307228,-2.056972044317223,0.034148746596677354,-0.0035603153585760383,0.004105607845952486,0.003669977815268455,0.00036031053315754846,-0.0016766874707661028,-0.0015087804322484466,0.0002513175538300244
38,0.009500000000000007,0.034657173558458196,0.0006213166809933801,0.6213166809933801,0.01971947406831194,1.1298426383319453,1,0.00087868331900662,3.120127850269487,4.22470207220865,0.015342826441541807,nan,0,1,1,0.048553639846958624,4.540851753973447e-13,1.5222072495723485e-09,-0.8627464863542853,-1.943620601809178,-1.755579883473266,-1.030413050171649,1.5575451583152082,-2.058483234970936,0.24366969310600398,-0.6782505557335491,-0.012037861506509429,3.0860504664931567,-0.5838318060540489,-0.03609360783564034,0.4910794864881917,-0.669607395033303,-0.01656004894946191,0.49092142032723446,-0.6700173710835557,-0.016120766415026452,-1.0,0.0,0.0,-0.9998055774715812,0.0004996335567915413,0.019711865031676427,-0.8592421512038706,-1.9478030815349547,-1.7591555493208604,-1.0306770274622876,1.5591372940862342,-2.0569796751159273,0.03439872558225343,-0.0035043351504147058,0.004182479725776789,0.003575665847594278,0.0002639772906385396,-0.0015921357710260153,-0.0015035598550086071,0.0002584479762047648
39,0.009750000000000007,0.03491311744184688,0.0006220476807684741,0.622047680768474,0.01985027384674985,1.1373369135976839,1,0.000877952319231526,3.1199970504910493,4.224707984939297,0.015086882558153124,nan,0,1,1,0.04854698424427134,4.574857859177064e-13,1.5225135494430153e-09,-0.8627161725698228,-1.943558290448781,-1.7556620684158966,-1.0304991951882985,1.5575973036329396,-2.0584773222402895,0.24364993343776825,-0.6781578470867757,-0.012034110535009024,3.0861613767293377,-0.5838133515634538,-0.036173808975271976,0.49082948648819175,-0.669607395033303,-0.01656004894946191,0.4906655557934711,-0.6700091965579446,-0.016114374652162207,-1.0,0.0,0.0,-0.999802989783282,0.0008606812176187488,0.01983030126479153,-0.8592783465710969,-1.9478311559437116,-1.7591186842119575,-1.0306447559253629,1.5590916721661159,-2.056988127408735,0.03464870213354326,-0.0034378259987258852,0.004272865494930667,0.0034566157960609356,0.00014556073706439854,-0.0014943685331763046,-0.0014891948315542969,0.00026441530830361576
40,0.010000000000000007,0.035167623546485595,0.000620188529308233,0.620188529308233,0.019971902147603384,1.1443057019059388,1,0.000879811470691767,3.1198754221901956,4.224724444808467,0.014832376453514408,nan,0,1,1,0.04854050850992917,4.608670455377839e-13,1.5228121077747972e-09,-0.8626760355130555,-1.9434836656309658,-1.7557711994978493,-1.0306141263701807,1.5576629551862278,-2.0584608623711196,0.2436217105005043,-0.678033159814239,-0.012034282183394918,3.086308429216207,-0.5838026127286272,-0.036294475860186755,0.4905794864881917,-0.669607395033303,-0.01656004894946191,0.49041112660958447,-0.669997773942121,-0.0161085037460648,-1.0,0.0,0.0,-0.9998005681914969,0.0013581800352725684,0.019924336650233705,-0.8593129955697637,-1.947858043797472,-1.7590828983041213,-1.0306112381132706,1.5590493499989257,-2.0569958167246822,0.03489867700610084,-0.00336303994329179,0.00437437816650621,0.003311698806272023,-2.888256910082987e-06,-0.0013863948126979775,-0.0014650456464373462,0.00026894654038475685
41,0.010250000000000007,0.03542050228475621,0.0006162700000078857,0.6162700000078857,0.02011937745775342,1.1527554147599186,1,0.0008837299999921144,3.1197279468800456,4.224748504803528,0.014579497715243792,nan,0,1,1,0.04853343790158721,4.642317080158807e-13,1.5231369248254873e-09,-0.862623042608883,-1.9433905829629818,-1.7559040725386836,-1.0307577941158395,1.5577413879626514,-2.0584368023760584,0.24358901058439086,-0.6778792002074757,-0.012032727621676398,3.08648713255779,-0.5837892946095437,-0.03644474822635737,0.49032948648819175,-0.669607395033303,-0.01656004894946191,0.490158335172786,-0.6699832015726258,-0.016102593612683732,-1.0,0.0,0.0,-0.9997976121525315,0.0019839714537588956,0.020019954829291108,-0.8593464502630493,-1.947884032598863,-1.7590484628581622,-1.0305788799125815,1.5590073310519417,-2.0570030780391866,0.035148658732395255,-0.003276592345833662,0.004493449635881053,0.0031443903194785516,-0.000178914203257996,-0.001265943089290289,-0.0014337243368718333,0.00027184355236095636
42,0.010500000000000008,0.035671533204955544,0.0006102515289623879,0.6102515289623879,0.02030871938516102,1.1636039080852467,1,0.0008897484710376121,3.1195386049526377,4.224778302757739,0.014328466795044459,nan,0,1,1,0.04852538613864789,4.675796857061929e-13,1.5235054061061495e-09,-0.8625551421359411,-1.943276731645509,-1.7560623561466144,-1.0309318443876643,1.5578351498342227,-2.0584070044218477,0.24355295256420662,-0.6776937805904917,-0.012028782387964454,-3.0866242372989556,0.5837533211196787,0.03662250456410268,0.4900794864881917,-0.669607395033303,-0.01656004894946191,0.4899074085960707,-0.6699651393026604,-0.01609656737983261,-1.0,0.0,0.0,-0.9997937850462917,0.002750111940667194,0.020120245205351227,-0.8593816331939705,-1.9479086987274048,-1.759016588257601,-1.0305487742566812,1.5589639361853325,-2.057007526616575,0.03539867260687596,-0.0031735089419705487,0.004631967081895727,0.0029542321109865544,-0.0003830701309830431,-0.0011287863511098006,-0.0013994778052728307,0.0002728605980795856
43,0.010750000000000008,0.0359204005301354,0.0006017263635766135,0.6017263635766135,0.02054342707491418,1.1770516681273686,1,0.0008982736364233865,3.119303897262885,4.224816150530852,0.014079599469864604,nan,0,1,1,0.048516244931010054,4.70907790247544e-13,1.5239227200974704e-09,-0.8624679960546592,-1.9431441461417598,-1.7562500487430424,-1.0311383351966512,1.557942364467918,-2.0583691566487343,0.24351308790534607,-0.6774727248929394,-0.012025377414029093,-3.0863951629417965,0.5836299778381794,0.0368356421439526,0.48982948648819175,-0.669607395033303,-0.01656004894946191,0.4896586649506884,-0.669943050342491,-0.016090762115678954,-1.0,0.0,0.0,-0.9997889912232104,0.003676742154553536,0.020210259671866362,-0.8594136651187756,-1.9479330545219022,-1.7589843026126726,-1.030518140285271,1.5589248098065802,-2.057014661158135,0.03564860760564572,-0.003054330935883587,0.004788908380142454,0.002734253869630221,-0.0006201949113802119,-0.0009824453386622078,-0.0013544954905992945,0.0002717929244896791
44,0.011000000000000008,0.03616681910640018,0.0005907189523356754,0.5907189523356754,0.020841582734097922,1.194134729036538,1,0.0009092810476643246,3.119005741603701,4.224860020827709,0.01383318089359982,nan,0,1,1,0.0485055754606524,4.742155377356698e-13,1.5244085226829189e-09,-0.8623575566295236,-1.942992780155847,-1.7564692457928768,-1.031376725746112,1.5580617261378038,-2.058325286351877,0.24347067914230766,-0.677214738772647,-0.012023318815533313,-3.0861343345714847,0.5834727994825916,0.03709123005538579,0.4895794864881917,-0.669607395033303,-0.01656004894946191,0.4894123975837164,-0.6699166301703099,-0.01608528183951205,-1.0,0.0,0.0,-0.999782822076066,0.004773015912323968,0.02028612828309977,-0.8594441409207482,-1.9479571197262933,-1.758952158452639,-1.0304877487602615,1.5588874275003135,-2.057021381994405,0.03589858398168828,-0.0029134157087754575,0.004964339570446175,0.002482912659762304,-0.0008889769858504426,-0.0008257013625097009,-0.0013039043574716302,0.0002682351247119061
45,0.011250000000000008,0.036410588862574214,0.0005775142563065668,0.5775142563065668,0.021213093237742408,1.2154207129401466,1,0.0009224857436934332,3.1186342311000566,4.224909578520895,0.013589411137425789,nan,0,1,1,0.048492486787313854,4.775097029153081e-13,1.5250179501294965e-09,-0.8622235934651673,-1.9428219724803089,-1.7567187524749746,-1.0316492492401363,1.5581976173472918,-2.058275728658691,0.2434273669085087,-0.6769185055609348,-0.012021884936644633,-3.085838349470331,0.5832803336551597,0.03738540919425646,0.48932948648819174,-0.669607395033303,-0.01656004894946191,0.4891688204779887,-0.6698852930087167,-0.0160799636813441,-1.0,0.0,0.0,-0.9997750107748415,0.005987549111916547,0.020348884141345197,-0.8594742418678409,-1.9479803287011082,-1.7589216450805063,-1.0304589995448041,1.5588490024060802,-2.0570275053160554,0.03614855678295068,-0.002749351597326366,0.005158356220799298,0.0022028926055317477,-0.0011902496953322128,-0.0006513850587883674,-0.0012482233426354128,0.0002620320796235323
46,0.011500000000000008,0.036651468403154024,0.0005628378266370626,0.5628378266370626,0.021738205133085726,1.245507408315434,1,0.0009371621733629375,3.1181091192047132,4.22496845037423,0.01334853159684598,nan,0,1,1,0.048476659657258336,4.807825526228668e-13,1.5257268788881905e-09,-0.8620630641845236,-1.9426325567702765,-1.756997608856321,-1.0319596265766298,1.5583518308831863,-2.0582168568053563,0.2433852791389143,-0.6765813252245143,-0.012021196899814623,-3.0855034986665064,0.5830528502240521,0.03772081285480325,0.4890794864881917,-0.669607395033303,-0.01656004894946191,0.4889281901780184,-0.6698495587225154,-0.01607502050364813,-1.0,0.0,0.0,-0.9997637345229448,0.007484709810923622,0.020407210779071937,-0.8595147539136248,-1.948006089430971,-1.758886605657723,-1.0304498906736945,1.558812224569146,-2.057035634787145,0.036398514885811285,-0.002548310270898857,0.005373532660694513,0.0018889968014019765,-0.0015097359029352386,-0.00046039368595973684,-0.0011812220182112476,0.0002529535173427383
47,0.011750000000000009,0.03688913233776768,0.0005470093483521984,0.5470093483521984,0.02237941361402413,1.2822459480611994,1,0.0009529906516478016,3.1174679107237746,4.225034717651987,0.013110867662232323,nan,0,1,1,0.04845674062699031,4.840497424297465e-13,1.5266483567254401e-09,-0.8618705268829242,-1.9424238632108535,-1.7573082045084718,-1.0323075092495873,1.5585208438237195,-2.0581505895276,0.24334569950385743,-0.6762020761845962,-0.012021572424367966,-3.085133776887753,0.5827793292934691,0.038102626917377314,0.48882948648819174,-0.669607395033303,-0.01656004894946191,0.488690850871941,-0.6698078604017468,-0.016070341864413945,-1.0,0.0,0.0,-0.9997495913745907,0.009090096159396792,0.020448097665843774,-0.8595423467883813,-1.9480291841109432,-1.7588563756789724,-1.0304178441080623,1.5587831203362639,-2.057042495158836,0.036648511503120686,-0.002328180094542942,0.005605320900089694,0.0015481711705005452,-0.0018896651415249988,-0.00026227651254440154,-0.0011080943687638012,0.0002406208346469943
48,0.012000000000000009,0.037123224080517346,0.0005315947007598563,0.5315947007598563,0.0232248823974815,1.3306877410633668,1,0.0009684052992401437,3.1166224419403172,4.2251078659670975,0.012876775919482657,nan,0,1,1,0.04843221803382313,4.873035410459357e-13,1.527766761507959e-09,-0.8616439412005066,-1.9421954084895492,-1.7576509506173237,-1.0326932697879723,1.5587078907691885,-2.0580774412124887,0.24331078906075512,-0.6757790741805869,-0.012023090243072299,-3.084727294177328,0.5824554382819183,0.03852805457595056,0.4885794864881917,-0.669607395033303,-0.01656004894946191,0.4884571829511688,-0.6697608449956394,-0.01606599644236715,-1.0,0.0,0.0,-0.9997303145413912,0.010947694302580782,0.020480385163087787,-0.8595703384385103,-1.9480500041204343,-1.758828540741883,-1.0303898028456828,1.5587501207429946,-2.0570482895447175,0.03689848891336916,-0.002073602761996307,0.005854595630885084,0.0011775901245594245,-0.002303466942289445,-4.2229973806096055e-05,-0.0010291516677711776,0.00022473516714818786
49,0.01225000000000001,0.037353474775164645,0.0005181861159901939,0.5181861159901939,0.024291445130176146,1.3917972842327098,1,0.0009818138840098061,3.115555879207623,4.225188855170336,0.012646525224835357,nan,0,1,1,0.04840202433218065,4.905516036302971e-13,1.5291453355738353e-09,-0.8613794808524127,-1.9419479172158083,-1.7580244274994217,-1.0331193784371864,1.5589183029249158,-2.05799645200925,0.24328485375278555,-0.6753094896720647,-0.012025907849186779,-3.084279773128384,0.5820759341815377,0.03899404129633812,0.48832948648819174,-0.669607395033303,-0.01656004894946191,0.48822748353640605,-0.6697077480736695,-0.01606201128429871,-1.0,0.0,0.0,-0.9997049773542788,0.013028149764856807,0.02049940405927779,-0.8595961064192048,-1.948071236871665,-1.758800636828275,-1.0303645919703806,1.5587154711093205,-2.057053979870796,0.03714847377496477,-0.0017833744332078627,0.006123319655856774,0.0007762093288532501,-0.0027547864668058253,0.00020283181559532792,-0.0009424721384543311,0.0002050010001998781
50,0.01250000000000001,0.03757963666109159,0.0005092996013049232,0.5092996013049232,0.025609126980251702,1.4672948929830292,1,0.0009907003986950767,3.114238197357547,4.225277316337261,0.012420363338908412,nan,0,1,1,0.048365298586284806,4.937980245807748e-13,1.5308251684790104e-09,-0.8610694273912444,-1.9416827526269396,-1.7584274527732475,-1.0335828467059065,1.5591499154180248,-2.057907990842326,0.2432735546814839,-0.6747936971725992,-0.01203030142214695,-3.0837970410788578,0.581629086572931,0.03949937493378985,0.4880794864881917,-0.669607395033303,-0.01656004894946191,0.48800203326554886,-0.6696483750578972,-0.016058344136074744,-1.0,5.096193663453712e-13,0.0,-0.9996721042284867,0.015333892538909906,0.020507456375544943,-0.8596216293050386,-1.9480896346175864,-1.7587764754748156,-1.0303435392532456,1.5586740670353367,-2.057063287999425,0.03739846618871002,-0.0014477980862057649,0.006406881990646873,0.00034902270156811355,-0.003239307452660878,0.00047584838268810437,-0.0008447028429010572,0.0001811704723815727
51,0.01275000000000001,0.03780137766908025,0.0005079495679822338,0.5079495679822338,0.021895637208165664,1.2545276017775013,1,0.0009920504320177661,3.1179516871296333,4.2253720713714,0.012198622330919756,nan,0,1,1,0.04832123207406544,4.970456442923656e-13,1.5328460237306065e-09,-0.8607062785904084,-1.9414004600253774,-1.7588594858489528,-1.034082065903968,1.5594047884998714,-2.057813235808187,0.24328317415173423,-0.6742302328460548,-0.012036577159948658,-3.0832811206772397,0.5811015718235442,0.04004015567359951,0.48782948648819174,-0.669607395033303,-0.01656004894946191,0.48778120315778384,-0.6695823518269832,-0.01605501991917228,-0.9999479532614245,0.010202488338043556,0.0,-0.9996299417188875,0.01787660672186075,0.020503817966551933,-0.8596458515215293,-1.9481107090680583,-1.7587490925749074,-1.03031508356236,1.5586480338106952,-2.057068811214857,0.0376484387746451,-0.0010604270688790995,0.006710249042680916,-0.0001103932740453839,-0.003766982341607994,0.0007567546891762422,-0.0007444245933299065,0.00015293889443514924
52,0.01300000000000001,0.038018367138782386,0.0005176580354689378,0.5176580354689378,0.020493975886827692,1.1742183237581052,1,0.000982341964531062,3.119353348450971,4.2254753599355706,0.011981632861217617,nan,0,1,1,0.04826895918580732,5.002979479909088e-13,1.535251253337177e-09,-0.8602859426156356,-1.9411011370849462,-1.7593194322851768,-1.034618723842019,1.5596888749096198,-2.0577099472440152,0.24331857670109247,-0.6736159887638629,-0.012044682315464128,-3.0827276522183884,0.5804898375646185,0.04061146318499577,0.4875794864881917,-0.6696073950333025,-0.01656004894946191,0.487565372982283,-0.6695091673466828,-0.016051991893396487,-0.9997918184634089,0.020403914664352502,0.0,-0.9995762919321981,0.020672857601788858,0.02049071901259794,-0.8596692480526851,-1.9481302645837273,-1.7587229898463432,-1.03029084449062,1.5586178568140645,-2.057074029969231,0.03789841376964992,-0.0006166945629505483,0.00702912749878104,-0.0005964424388336109,-0.004327879351399,0.0010710180955553206,-0.0006359172747840702,0.00011995336913246668
53,0.01325000000000001,0.03823027766459881,0.0005384664621216575,0.5384664621216575,0.037308924660961716,2.137643921244662,1,0.0009615335378783425,3.102538399676837,4.225588343468605,0.011769722335401196,nan,0,1,1,0.04820796031617656,5.03556036803831e-13,1.5380695547242424e-09,-0.859807689869053,-1.940785712152115,-1.759804541574229,-1.0351927814126352,1.5600053969956151,-2.0575969637109814,0.24338255964671332,-0.6729511016131382,-0.012054215484183672,-3.0821352226185863,0.5797945378515312,0.041207976483644465,0.48732970321991864,-0.6695969873971244,-0.01656004894946191,0.48735492138475467,-0.6694286692788908,-0.016049187729494666,-0.9984920388718002,0.05489670581770438,0.0,-0.9995089064893758,0.023724864123540287,0.0204713622099684,-0.8596267325339352,-1.9481035193716432,-1.7587617071907515,-1.0303367867006517,1.558648811586238,-2.0570638494525997,0.03814833729620838,-0.00018095733511780399,0.007317807219528127,-0.001042834383477409,-0.004855994711983502,0.001356585409377109,-0.0005331142583817616,8.19403683904249e-05
54,0.01350000000000001,0.038436741565376305,0.0005728614073405474,0.5728614073405474,0.06850307794887839,3.924937250126428,1,0.0009271385926594526,3.0713442463889207,4.225711769829415,0.011563258434623698,nan,0,1,1,0.04813787537752764,5.068194008748644e-13,1.5413234673483753e-09,-0.8592693695538658,-1.9404546041351531,-1.7603132186245545,-1.0358032366797636,1.560355715360475,-2.057473537350172,0.24347796321113882,-0.6722357250413888,-0.012064832654621271,-3.081504571171946,0.579013792139979,0.04182585385705982,0.4870800825517031,-0.6695847490419617,-0.01656004894946191,0.4871502731227892,-0.6693406920782278,-0.01604655145754617,-0.9957315125396728,0.09229710144666231,0.0,-0.9994253073941588,0.027035611300638886,0.020448243486716755,-0.8595748797924089,-1.9480685112279943,-1.7588127814990802,-1.0303945783317479,1.5586861014558921,-2.057055911608058,0.038398165082780294,0.000305510238543083,0.0076139070928411545,-0.0015004371254743187,-0.005408658348015738,0.0016696139045828673,-0.0004176257421137919,3.8576482596010264e-05
55,0.01375000000000001,0.03863742084246401,0.0006116568141383643,0.6116568141383643,0.13619013296428595,7.803119830179092,1,0.0008883431858616357,3.003657191373513,4.225847900340025,0.011362579157535996,nan,0,1,1,0.048058459547555665,5.100871252933312e-13,1.545031356557178e-09,-0.8586685179698899,-1.9401064822949556,-1.7608466258930504,-1.0364484167278103,1.560737466720912,-2.057337406839562,0.24360566082834934,-0.6714697240162489,-0.012075974730316685,-3.0808387270986946,0.5781480069285034,0.04246536951941146,0.486832375009692,-0.6695509707407785,-0.01656004894946191,0.4869518298377983,-0.6692450514087491,-0.01604403735597327,-0.9863724163143543,0.16452798039902522,0.0,-0.9993227554809961,0.030609067820770407,0.020423401896176346,-0.8593902665496308,-1.9479413997033506,-1.7589924312575254,-1.0305896201930074,1.558846225252525,-2.057015671769968,0.0386468130222159,0.000721748579740944,0.007834917408394926,-0.0018541946355250527,-0.005858796534802924,0.0018912414683869283,-0.0003217350695940979,-9.392179751890883e-06
56,0.01400000000000001,0.03883201144645289,0.0006559738570880841,0.6559738570880841,0.22475799181176004,12.877684342649765,1,0.0008440261429119159,2.9150893325260387,4.225990665757477,0.011167988553547115,nan,0,1,1,0.04796962933749836,5.133575641184796e-13,1.5492052673870033e-09,-0.8580023757145279,-1.9397414033152989,-1.7614043433276207,-1.0371275419513963,1.561149164947383,-2.0571946414221087,0.24376683572223592,-0.6706542980160081,-0.01208734080324847,-3.080141995459455,0.5771840928793817,0.043126762683426134,0.4865874800805531,-0.6695046561677286,-0.01656004894946191,0.4867599636276784,-0.6691416364604496,-0.016041620729472756,-0.9668239680188416,0.25544356493030307,0.0,-0.9991983570811841,0.03444655832418756,0.02039798582902033,-0.8591351533730408,-1.9477665701148672,-1.7592387676632215,-1.0308546486806243,1.559069724128559,-2.0569636025292932,0.03889326204117241,0.00113277765851294,0.008025166799568328,-0.002165575664399233,-0.006272893270772073,0.002079440818824052,-0.00023103889281550494,-6.125059471952243e-05
57,0.014250000000000011,0.03902008726575392,0.0006940763457973145,0.6940763457973145,0.36101233131809896,20.68448293670562,1,0.0008059236542026856,2.7788349930197,4.22614293479703,0.010979912734246082,nan,0,1,1,0.047871158546613446,5.166286302706028e-13,1.5538651383046313e-09,-0.8572707118094468,-1.9393595910569525,-1.761985423147,-1.0378406483465608,1.561596655579707,-2.057042372382556,0.24396405741089816,-0.6697876496971875,-0.01209906077891737,-3.0794095830915293,0.5761256979765826,0.04380365053741477,0.4863490844142695,-0.6694293733257444,-0.01656004894946191,0.48657518228125873,-0.669030110157124,-0.016039270061140306,-0.9214351100426998,0.3885322869216887,0.0,-0.999048627992493,0.03855855477545307,0.020373432699119003,-0.8587094104392239,-1.9474729916304503,-1.759651381256781,-1.03129744354067,1.5594514454247408,-2.0568749256682235,0.039134912386474305,0.0014386986297770799,0.008113400573497742,-0.0023340418902189075,-0.006543204805890657,0.0021452101549661595,-0.00016744671433244207,-0.00011482512072038403
58,0.014500000000000011,0.03920133093367378,0.0007095668073464005,0.7095668073464004,0.5668075685719404,32.47568147524419,1,0.0007904331926535996,2.5730397557658584,4.226311928571059,0.010798669066326226,nan,0,1,1,0.04776281085258234,5.198998419529655e-13,1.5590328433417151e-09,-0.8564726524891003,-1.938962633713427,-1.7625875213814333,-1.0385886794350818,1.562085809528606,-2.056873378608527,0.24420083350562355,-0.6688674257001178,-0.01211150517244941,-3.0786351261558944,0.5749821133347207,0.04449076697045888,0.48613220171199434,-0.6693092051824955,-0.01656004894946191,0.48639789570539027,-0.6689100932604716,-0.016036979709628914,-0.8199564737267997,0.5724258739727895,0.0,-0.9988696393140055,0.04295716587643971,0.02035007509992664,-0.8580113000331028,-1.9470043961649512,-1.760310164489466,-1.0320076211564508,1.5600661860943266,-2.056721659615525,0.039360623634267705,0.0015386475440024583,0.008041762451524326,-0.002277356891967175,-0.00658105827863098,0.002019623434279527,-0.00015171899300225888,-0.00015929270059392847
59,0.014750000000000011,0.039375489531458883,0.0007035751384733662,0.7035751384733663,0.8009613927495703,45.891707357470715,1,0.0007964248615266338,2.3388859315882287,4.226492980795075,0.01062451046854112,nan,0,1,1,0.0476445347378198,5.231701748844425e-13,1.5647229966853126e-09,-0.85560360994817,-1.9385508708961634,-1.7632112776544513,-1.039366886905637,1.5626171649181655,-2.0566923263845114,0.24448092622099332,-0.6678942401948994,-0.012125338815641595,-3.0778231639343336,0.5737397475380792,0.04518326443398071,0.485942621588342,-0.6691520976835069,-0.01656004894946191,0.48622845271012094,-0.6687813872786599,-0.016034794400658612,-0.6611568929856046,0.750247667678895,0.0,-0.9986573717957471,0.047647627550880645,0.020326272328774164,-0.8570843250946298,-1.9463941090489263,-1.7611664364380062,-1.0329116958050581,1.5608735249613654,-2.056529728182378,0.03956332697366325,0.0014807151464598656,0.007843238152762888,-0.0020448412164451035,-0.006455191100578794,0.0017436399568000471,-0.00016259820213360143,-0.0001878374422043666
60,0.015000000000000012,0.039542342299168344,0.0006616031151359938,0.6616031151359938,1.0366839741287919,59.3976164064292,1,0.0008383968848640062,2.103163350209007,4.226689517601313,0.010457657700831659,nan,0,1,1,0.047515858265811915,5.264425078001574e-13,1.5709720037580948e-09,-0.8546577190814165,-1.9381239056060555,-1.763859499881949,-1.0401756585116828,1.5631915787719182,-2.056495789578273,0.24480697380467806,-0.6668641094066208,-0.012141508400651868,-3.076972030268851,0.5723947016371541,0.045884088557944305,0.48580394653928566,-0.6689440851099225,-0.01656004894946191,0.4860671986495578,-0.6686433186610652,-0.01603283310027235,-0.4631495038445839,0.8862801685068418,0.0,-0.9984065401915189,0.052653473981139814,0.020297590510168672,-0.8558344621093963,-1.9456052554512118,-1.762276971884173,-1.0341213752618441,1.5619354644514187,-2.0562630619646733,0.039724772106814236,0.0011767430279797653,0.007481349845156249,-0.0015825279977759177,-0.006054283249838699,0.0012561143204994352,-0.0002327276135996037,-0.00018242980764589245
61,0.015250000000000012,0.03970176351594615,0.0006040709242120867,0.6040709242120867,1.188637411310505,68.10390703944763,1,0.0008959290757879133,1.951209913027294,4.226900773445594,0.010298236484053855,nan,0,1,1,0.04737656750522886,5.297190482474842e-13,1.5778059933140252e-09,-0.8536359136861065,-1.9376849073145532,-1.7645292914159123,-1.0410170107233618,1.5638159008392414,-2.056284533733992,0.24518077344836367,-0.6657757114984395,-0.012161194854834745,-3.0760749003730257,0.570946450641576,0.04658963267799664,0.4857174823302599,-0.6687110485331393,-0.01656004894946191,0.4859143869676848,-0.6684955352057873,-0.01603119712619506,-0.31856106411694435,0.9479023411874664,0.0,-0.9981117958694176,0.05798588495323244,0.02026030830260918,-0.8544133611465237,-1.9447371838742773,-1.7634992012459512,-1.035462568952173,1.5631280585828624,-2.055963421500887,0.0398388291479283,0.000777447460417191,0.007052276559724069,-0.0010300901699611398,-0.0055544417711888006,0.0006878422563789677,-0.00032111223310504755,-0.00013706563198215282
62,0.015500000000000012,0.039853738793965386,0.000558884399638409,0.558884399638409,1.3077775157785612,74.93013219621498,1,0.000941115600361591,1.8320698085592377,4.227128215978684,0.010146261206034617,nan,0,1,1,0.04722726174827509,5.329968136122656e-13,1.5852127277909934e-09,-0.8525384866058319,-1.9372374788974984,-1.7652182526313682,-1.0418837025331382,1.56448159041638,-2.056057091200902,0.24560184508547445,-0.6646347883293213,-0.012185242846188105,-3.0751414557076826,0.5693997770240495,0.047301300987472886,0.4856517300662274,-0.6684705146054563,-0.01656004894946191,0.4857701279553161,-0.6683385423281204,-0.016030032883636244,-0.19807533953917053,0.9801867984554997,0.0,-0.9977693141179744,0.06362382066440646,0.020209038784923868,-0.8529265007206509,-1.9438629721703873,-1.7647321542632453,-1.0368265519216504,1.564347783709068,-2.0556526336088314,0.03992599816388205,0.00038801411481903525,0.0066254932728888605,-0.0004860983681229669,-0.005057150611487815,0.00013380670731200084,-0.00040445759207052845,-7.225936991666487e-05
63,0.01575000000000001,0.039998554192392004,0.0005333216984660459,0.5333216984660458,1.3747053092915862,78.76481229663436,1,0.0009666783015339542,1.7651420150462127,4.227371906944327,0.010001445807607999,nan,0,1,1,0.047068529742851806,5.362767898265258e-13,1.593180793244505e-09,-0.8513712713328746,-1.936782812604699,-1.7659243855478053,-1.0427688404154611,1.5651860488869027,-2.0558134002352584,0.24606800724407765,-0.6634468272570166,-0.012213546700627964,-3.074176621499658,0.5677652680259947,0.04801256865462104,0.4856179517650441,-0.6682228070634453,-0.01656004894946191,0.4856342300582161,-0.6681728782762935,-0.016029319105341888,-0.12617854273796808,0.9920075480320313,0.0,-0.9973753837432321,0.06954522398600724,0.02014462021922548,-0.8513736181376157,-1.94297862442933,-1.7659816946882319,-1.0382167546091858,1.5655991273677143,-2.0553262849043734,0.039984214927440274,2.3468047410935e-06,0.006195811824630804,5.730914042656465e-05,-0.004552085806275308,-0.0004130784808116239,-0.0004871153308849685,1.4339264951729325e-05
64,0.01600000000000001,0.04013649406841099,0.0005388964884319347,0.5388964884319347,1.4239148536972013,81.58431150283772,1,0.0009611035115680653,1.7159324706405976,4.22762481121285,0.009863505931589016,nan,0,1,1,0.04690095936427551,5.395598104823829e-13,1.6016988491864174e-09,-0.8501442488230521,-1.9363230410247083,-1.7666436696521743,-1.0436715279700257,1.5659310518622571,-2.0555604959667355,0.246574511318378,-0.6622170245790775,-0.012245836007769184,-3.073179580730956,0.5660478298542786,0.048718466010349834,0.4855947682998848,-0.6679741585135779,-0.01656004894946191,0.4855065003063863,-0.6679990733519219,-0.016029014640402395,-0.07103451513700024,0.9974738581332602,0.0,-0.996926459441981,0.0757290161713406,0.020068646546221047,-0.8497929278465826,-1.9421134808421656,-1.7672080207599228,-1.039598611647532,1.566838324503177,-2.055001540847302,0.040027966875987,-0.00035132097646950466,0.005790439817457305,0.0005643511077484398,-0.004072916322493736,-0.0009072726409198317,-0.0005589551194336018,0.00010852719242398362
65,0.01625000000000001,0.04026772341089334,0.0005739356869877966,0.5739356869877966,1.4519571401293172,83.19101616329493,1,0.0009260643130122034,1.6878901842084817,4.227893480515044,0.009732276589106664,nan,0,1,1,0.04672431680482244,5.428520523606973e-13,1.6107978189495223e-09,-0.848858708966828,-1.9358548263612159,-1.7673808530796435,-1.0445965956170407,1.5667103061856336,-2.0552918266645426,0.2471149583307717,-0.6609426080597351,-0.012281194344261726,-3.0721489727984617,0.5642598001797561,0.049433165655301155,0.4855843606637067,-0.6677243752453048,-0.01656004894946191,0.48538691832035363,-0.6678167950144906,-0.01602912778759977,-0.036558521305649225,0.9993315138230878,0.0,-0.9964166024126527,0.08218708473082392,0.01998092940466309,-0.8481810688210908,-1.9412641446382,-1.768415489663697,-1.040971631297355,1.5680692375078422,-2.0546733171351264,0.040059890292125484,-0.000677640145737235,0.005409318276984099,0.00103463658405345,-0.0036249643196857306,-0.0013589313222086563,-0.0006185095294162224,0.0002078331187678542
66,0.01650000000000001,0.040392392390146074,0.000629598685166176,0.6295986851661759,1.4667413721581757,84.03809026189066,1,0.0008704013148338241,1.6731059521796232,4.2281782942294,0.009607607609853928,nan,0,1,1,0.046537606412357685,5.461662808029131e-13,1.6205505533107806e-09,-0.8475157419516516,-1.935370064953563,-1.7681463202435186,-1.0455532025687995,1.567526324769183,-2.055007012950186,0.2476821460343137,-0.6596149717620972,-0.012318532215083555,-3.071075203380518,0.5624021077175904,0.05016851291696926,0.4855794864882067,-0.6674744767465924,-0.01656004894946191,0.48527554832850933,-0.6676249624564559,-0.016029605596624252,-0.014980416574903822,0.999887787263772,0.0,-0.9958367847287646,0.08895921406231096,0.019883571472254575,-0.8465502424204779,-1.9404345539674088,-1.7695979992165358,-1.042328146891232,1.5692878129231982,-2.0543431594438633,0.040085860535974176,-0.0009654995311736414,0.005064489013845819,0.0014516789730172341,-0.003225055677567479,-0.0017614881540151117,-0.000663853506322809,0.00030653185417189865
67,0.01675000000000001,0.0405106117178243,0.0006969311346515133,0.6969311346515132,1.469813567152106,84.21411406888409,1,0.0008030688653484868,1.670033757185693,4.228472811612235,0.0094893882821757,nan,0,1,1,0.04634054509472859,5.495089187418148e-13,1.6309968355399952e-09,-0.8461195085021603,-1.93486514025205,-1.7689440768713414,-1.0465468820017534,1.5683808070348553,-2.0547124955673506,0.248269873410415,-0.6582318572390423,-0.012357000012255592,-3.0699536467539903,0.5604706967774191,0.05093029099213205,0.4855794864882067,-0.6672244767465925,-0.01656004894946191,0.48517246670685577,-0.6674232448214652,-0.016030389477303553,-0.004778028956237044,0.9999885851544974,0.0,-0.9951792743905934,0.09605731930686469,0.019778858182192955,-0.8448999338039407,-1.939624996925049,-1.7707544824493109,-1.0436647177571292,1.570494936732445,-2.0540111213730112,0.040108027933689526,-0.0012195746982196498,0.004759856672998941,0.0018104055779695205,-0.0028821642446241746,-0.0021141296975897284,-0.0007013741943393548,0.00040258378413477597
68,0.01700000000000001,0.04062247376270927,0.0007670076391622884,0.7670076391622884,1.4671847814817573,84.06349574472864,1,0.0007329923608377116,1.6726625428560415,4.228778539403755,0.009377526237290733,nan,0,1,1,0.04613463434127159,5.528704380400347e-13,1.6420832944673257e-09,-0.8446808483310916,-1.9343437020988399,-1.769767579656997,-1.047568045188429,1.569266574343819,-2.0544067677758315,0.2488740465703486,-0.6568044206377316,-0.012395882649595402,-3.068793887098741,0.5584870898313151,0.05171047423336721,0.4855794864882067,-0.6669744767465924,-0.01656004894946191,0.4850776283019958,-0.6672131388814219,-0.016031390775529977,0.0,1.0,0.0,-0.9944426053152503,0.10342626038879105,0.019670114280483385,-0.8432326779307995,-1.9388390203087718,-1.7718807052904433,-1.044983945212643,1.571685011179981,-2.053677779203737,0.040130460534807455,-0.0014481704002921036,0.004495318209931876,0.0021131256334463444,-0.002584099975786014,-0.0024184368361619413,-0.0007289885720944689,0.000492013227901815
69,0.017250000000000012,0.04072790186110126,0.00083598078254821,0.83598078254821,1.459587559452907,83.6282069864517,1,0.00066401921745179,1.6802597648848918,4.229090614346096,0.009272098138898746,nan,0,1,1,0.04592226600422403,5.562304220848668e-13,1.6537046802752306e-09,-0.8432119740310134,-1.9338130372520999,-1.7706047145634174,-1.048601637913194,1.5701729536023912,-2.05409469283349,0.24949224238561496,-0.6553507803522215,-0.012434455599254046,-3.0676141152527245,0.5564662272793156,0.05249519188475208,0.4855794864882067,-0.6667244767465924,-0.01656004894946191,0.4849910460236411,-0.6669970347583497,-0.016032494384816055,0.0,1.0,0.0,-0.9936301385483618,0.110979682015634,0.019561644820214167,-0.8415491819031856,-1.938076849443176,-1.7729759880296672,-1.0462836879177613,1.5728578476249346,-2.0533433028065504,0.040154339251518366,-0.001662792127827828,0.004263812191076077,0.002371273466249768,-0.0023179499954326666,-0.0026848940225434603,-0.0007513900269398022,0.0005735626095828908
70,0.017500000000000012,0.0408268421948012,0.000901444107255491,0.901444107255491,1.451836645089914,83.18411230608487,1,0.000598555892744509,1.6880106792478848,4.229400821848095,0.009173157805198805,nan,0,1,1,0.04570458226274619,5.595792216295588e-13,1.6658185403761104e-09,-0.8417189133069772,-1.9332759938465796,-1.7714496234086918,-1.0496406741050954,1.571098906447383,-2.0537844853314913,0.25012423248413884,-0.6538793225320242,-0.012472241792902072,-3.0664216788585694,0.5544061362315206,0.05327319793310825,0.4855794864882067,-0.6664744767465924,-0.01656004894946191,0.48491278102082325,-0.6667760397134622,-0.01603358425427395,0.0,1.0,0.0,-0.9927419711447351,0.11867930570789953,0.01945767520432361,-0.8398515054563583,-1.937336925024629,-1.77404248187406,-1.0475624294884385,1.5740127493243743,-2.053007726553452,0.040179983983849546,-0.0018674078506188962,0.004060931178049509,0.002592858465368275,-0.0020782446166569546,-0.002913842876991257,-0.0007767587780391771,0.0006468582109516521
71,0.017750000000000012,0.04091930377413665,0.0009610733516621582,0.9610733516621581,1.4438812476507692,82.72830160847269,1,0.0005389266483378419,1.6959660766870297,4.2297148471314365,0.009080696225863355,nan,0,1,1,0.04548035604230603,5.629295481747086e-13,1.6785139789154099e-09,-0.8401943147848093,-1.9327274856976153,-1.772308536740742,-1.0506944157715705,1.572049845232538,-2.05347046004815,0.25077145915320453,-0.652379586672828,-0.012508542498010089,-3.065206523546564,0.5523027319231479,0.054052370582442874,0.4855794864882067,-0.6662244767465925,-0.01656004894946191,0.4848430592378281,-0.6665488583347736,-0.0160345839388056,0.0,1.0,0.0,-0.991768126488634,0.12657464065914711,0.019360878679255122,-0.8381332169845249,-1.936622867844394,-1.7750746384437497,-1.0488184065896469,1.5751478215863957,-2.0526738379792198,0.040207483365544,-0.002061097800284406,0.0038953821467786476,0.0027661017030076174,-0.0018760091819236546,-0.0030979763538576677,-0.000796622068930386,0.0007118204085926477
72,0.018000000000000013,0.04100526525459609,0.0010125961637178222,1.0125961637178222,1.4356308614615876,82.25558930047956,1,0.0004874038362821778,1.7042164628762113,4.230039795167753,0.00899473474540391,nan,0,1,1,0.0452472725994101,5.663045267942397e-13,1.6919493847539402e-09,-0.838622381977021,-1.9321594149268229,-1.7731932108501547,-1.0517773159571608,1.5730330009944817,-2.0531455120118336,0.25143741888747384,-0.6508337028169158,-0.01254293862674044,-3.063954488889407,0.5501402471201199,0.05484854829587652,0.4855794864882067,-0.6659744767465924,-0.01656004894946191,0.48478229805177137,-0.6663131044255743,-0.016035479714167727,0.0,1.0,0.0,-0.9906916229026539,0.13475426898318518,0.019271619063101233,-0.8364067392623094,-1.9359313333356774,-1.776077618591775,-1.0500585079283125,1.5762669141866261,-2.0523346154263313,0.04023687898133218,-0.002215642714711641,0.003771918408854491,0.002884407741620354,-0.0017188080288483842,-0.0032339131921443887,-0.0008108965855022632,0.0007683862732639143
73,0.018250000000000013,0.04108466411715615,0.0010549721563002552,1.0549721563002552,1.4270739161487351,81.76531244852886,1,0.0004450278436997448,1.7127734081890638,4.230372126531517,0.00891533588284385,nan,0,1,1,0.04500514992589505,5.697075875066292e-13,1.706169277996249e-09,-0.8370004432692144,-1.9315728338552285,-1.7741037133385775,-1.0528884555889568,1.5740517395925397,-2.0528131806480694,0.25212451603158725,-0.6492405525200298,-0.0125763395609369,-3.062664449243865,0.5479091409647413,0.05565907019582937,0.4855794864882067,-0.6657244767465924,-0.01656004894946191,0.48473077008826526,-0.6660685507354183,-0.016036350741280216,0.0,1.0,0.0,-0.9895036957250082,0.14322812992077796,0.01918694728056394,-0.8346690045430005,-1.9352596102183084,-1.7770547001026504,-1.0512735297808915,1.5773668562459058,-2.051996248294544,0.040268157073724026,-0.002331438726213886,0.003686776363079902,0.002950986764072905,-0.0016149258080653262,-0.0033151166533660348,-0.0008169323535254236,0.000816507043432127
74,0.018500000000000013,0.04115740913028851,0.0010883959063296349,1.088395906329635,1.4182807841419531,81.26150309583885,1,0.0004116040936703652,1.7215665401958458,4.230704875268454,0.008842590869711495,nan,0,1,1,0.04475604081946192,5.73120441654935e-13,1.721087427628424e-09,-0.83533696210982,-1.9309778625696492,-1.7750272211124787,-1.0540128938823095,1.5751011745488734,-2.052480431911132,0.25283470364267446,-0.6476157523314265,-0.012610060856456051,-3.0613503529553303,0.5456144222901315,0.056467124766562134,0.4855794864882067,-0.6654744767465924,-0.01656004894946191,0.4846885049989522,-0.6658172286930851,-0.016037288260526292,0.0,1.0,0.0,-0.9882073992307595,0.15192495285226848,0.019103528637777922,-0.8329175589410458,-1.934612970400661,-1.7779985764926935,-1.0524707150075592,1.578447817687694,-2.051662894564575,0.040301318088613945,-0.0024194031687742035,0.00363510783101173,0.0029713553802148684,-0.0015421788747502774,-0.003346643138820493,-0.0008175373465566516,0.0008560910416745629
75,0.018750000000000013,0.04122341151444416,0.0011137844642875568,1.1137844642875567,1.4093687273672948,80.75087985586995,1,0.00038621553571244324,1.730478596970504,4.23103372190732,0.00877658848555584,nan,0,1,1,0.044503295255268735,5.765112277723784e-13,1.7365308363945158e-09,-0.833644060303273,-1.9303882326649768,-1.7759454032712692,-1.0551275151984325,1.576166062587193,-2.052151585272266,0.25356925590708523,-0.6459840720786034,-0.012645080919777951,-3.0600386445834284,0.5432727183846028,0.05725343912151818,0.4855794864882067,-0.6652244767465925,-0.01656004894946191,0.4846553012238492,-0.6655624766016333,-0.016038365589534476,0.0,1.0,0.0,-0.986815579976855,0.16072740889176076,0.01901870515792499,-0.8311568985383315,-1.9339865181426736,-1.7789156198806975,-1.0536421652144266,1.579509835902129,-2.0513236230649476,0.04033635193958285,-0.002487161764941459,0.0035982854776968054,0.002970216609428311,-0.001485349984005957,-0.0033437733149359605,-0.0008279622073184001,0.0008870595748613139
76,0.019000000000000013,0.04128256300695433,0.0011312919727060528,1.1312919727060529,1.4003834613938415,80.23606203778857,1,0.0003687080272939472,1.7394638629439574,4.231359505039702,0.008717436993045675,nan,0,1,1,0.044248342621414256,5.798651044271914e-13,1.7524318070755527e-09,-0.8319263293395378,-1.9298117519070852,-1.776848503104589,-1.0562250447437447,1.5772406603624356,-2.0518258021398847,0.25432946836019865,-0.6443551478247241,-0.012682190629546453,-3.058737828650317,0.5408939477119138,0.05801232690573793,0.4855794864882067,-0.6649744767465924,-0.01656004894946191,0.4846311565750753,-0.665305693577896,-0.016039676665389774,0.0,1.0,0.0,-0.9853330279670093,0.1695892484862711,0.018929099165748933,-0.8293847182911901,-1.933382071484298,-1.7798033622588765,-1.0547903805130547,1.5805519594914366,-2.050979885696191,0.04037326395229894,-0.002541611048347714,0.003570319577212766,0.0029548591542873925,-0.0014346642306899415,-0.0033112991290009663,-0.000845916443693806,0.0009092990546553867
77,0.019250000000000014,0.04133483397657697,0.001140262163715186,1.140262163715186,1.3912811034507573,79.71453534403247,1,0.00035973783628481413,1.7485662208870416,4.23168811467669,0.00866516602342303,nan,0,1,1,0.043990137321645494,5.831924258764814e-13,1.7688747936916187e-09,-0.8301781240490013,-1.9292446280843014,-1.7777408934796093,-1.0573096800396415,1.5783329806227369,-2.051497192502897,0.25511888939916455,-0.64272062115289,-0.012721163452106332,-3.0574387926026794,0.5384772799543243,0.05874237233317014,0.4855794864882067,-0.6647244767465924,-0.01656004894946191,0.4846163233698327,-0.6650458113977924,-0.016041147560619435,0.0,1.0,0.0,-0.9837500300498624,0.1785526079524988,0.01883731855270658,-0.8276009276115465,-1.9328020015306708,-1.7806584862902646,-1.0559184595485673,1.5815733525243563,-2.0506406096740784,0.04041204169721164,-0.0025771964374547984,0.003557373446369416,0.0029175928106552895,-0.0013912204910742076,-0.00324037190161941,-0.0008565828288187305,0.0009227922793653351
78,0.019500000000000014,0.04138019120933375,0.0011400773057838691,1.1400773057838691,1.3820175979966902,79.183775578018,1,0.0003599226942161309,1.7578297263411087,4.232017230714456,0.008619808790666254,nan,0,1,1,0.04372762102097001,5.865042457621774e-13,1.7859520303024534e-09,-0.8283892266046965,-1.9286849076723012,-1.778625503438621,-1.0583846116891409,1.579448667352557,-2.0511680764651294,0.25594345438364463,-0.6410738531464104,-0.01276223102636509,-3.0561379804522626,0.5360026990827241,0.05944369055722538,0.4855794864882067,-0.6644744767465924,-0.01656004894946191,0.48461109516281964,-0.6647817478587208,-0.01604276859246979,0.0,1.0,0.0,-0.9820552955395835,0.18765946094041797,0.01874361817294968,-0.8258065719371968,-1.932245061968134,-1.7814823489030582,-1.0570240677785907,1.5825747417577514,-2.0503003074821358,0.040452681940733745,-0.0025826546674997397,0.0035601542958327848,0.0028568454644373187,-0.0013605439105501826,-0.0031260744051944123,-0.0008677689829936774,0.0009275092686000033
79,0.019750000000000014,0.041418550093182384,0.001130562252173064,1.130562252173064,1.372580362211612,78.64306179726319,1,0.00036943774782693603,1.767266962126187,4.232346562552305,0.008581449906817619,nan,0,1,1,0.04346060434245835,5.898024633904954e-13,1.803704790103798e-09,-0.8265575778304203,-1.9281317528129276,-1.7795016543257476,-1.0594505038339592,1.580590657383809,-2.0508387446272813,0.2568055089545087,-0.6394135402649558,-0.01280470755005736,-3.054834147454123,0.533466581309996,0.06011274901832419,0.4855794864882067,-0.6642244767465925,-0.01656004894946191,0.4846157109099745,-0.664513310113009,-0.01604441058075147,0.0,1.0,0.0,-0.98024200106525,0.1969205420764174,0.01865259917342512,-0.8240024840100774,-1.9317114241222297,-1.7822744318060462,-1.0581063441251912,1.5835559715268528,-2.049959581647418,0.04049517512662923,-0.002555093820342913,0.003579671309302146,0.0027727774802985827,-0.0013441597087680002,-0.0029653141430436847,-0.000879162979863235,0.0009233749665531546
80,0.020000000000000014,0.04144976875812805,0.0011123457331426272,1.1123457331426272,1.3630195687147633,78.09526868109764,1,0.00038765426685737287,1.7768277556230356,4.232672290787233,0.008550231241871951,nan,0,1,1,0.04319065134402064,5.930697760536397e-13,1.8220564603760919e-09,-0.8246940147184905,-1.927585061741236,-1.7803644421680405,-1.0605037086272613,1.5817523218040834,-2.0505130163923533,0.2576991798302315,-0.6377490052567815,-0.01284615020607327,-3.053535470152476,0.5308812232535663,0.06074511695906839,0.4855794864882067,-0.6639744767465924,-0.01656004894946191,0.48463017351196447,-0.6642420835524309,-0.01604574893911032,0.0,1.0,0.0,-0.9783156118077717,0.20628498712076335,0.018576000155361407,-0.8221876697785228,-1.9312004911370098,-1.7830359418163453,-1.0591654149640064,1.5845140827138837,-2.049619451111455,0.040539516246016156,-0.0025063449399677085,0.0036154293957737504,0.0026714996483048203,-0.0013382936632548859,-0.0027617609098002927,-0.0008935652808981231,0.0009102525121118948
81,0.020250000000000015,0.04147371470238672,0.0010855061563617835,1.0855061563617836,1.3533434769166124,77.54086945888244,1,0.0004144938436382165,1.7865038474211865,4.232993475946767,0.008526285297613283,nan,0,1,1,0.04291817661064375,5.963005254121595e-13,1.841004015146979e-09,-0.8227984158945446,-1.9270476712060856,-1.7812095851385163,-1.0615399349419359,1.5829348190719652,-2.0501918312328193,0.25862796792698806,-0.636083286652577,-0.012886870694730213,-3.0522447087574758,0.5282455327617174,0.061332839878836025,0.4855794864882067,-0.6637244767465924,-0.01656004894946191,0.4846546401087525,-0.6639684669926503,-0.016046773633731318,0.0,1.0,0.0,-0.9762746126150361,0.21574316052829576,0.018514033829048617,-0.8203656508616819,-1.930713170472522,-1.7837655357961655,-1.060202955590508,1.5854499471948085,-2.049272209410398,0.0405856891215079,-0.002432765032862716,0.003665499266436445,0.002555950657649131,-0.0013369793514279582,-0.0025151281228432687,-0.0009196218224212238,0.0008880255808788179
82,0.020500000000000015,0.04149030408343067,0.0010500537944434132,1.0500537944434132,1.343542032022549,76.97928803332256,1,0.00044994620555658684,1.7963052923152498,4.233316512317039,0.008509695916569332,nan,0,1,1,0.04264305770132209,5.994954460992709e-13,1.8605825067899207e-09,-0.8208653632874745,-1.9265233091510734,-1.7820317580140774,-1.0625537534790164,1.584141801958659,-2.0498687948625474,0.25960080960884113,-0.6344169271832981,-0.012927504862146388,-3.050963174665521,0.5255614422155297,0.06186445176050649,0.4855794864882067,-0.6634744767465924,-0.01656004894946191,0.48468931141738525,-0.6636923234821459,-0.016047463235340138,0.0,1.0,0.0,-0.9741136473236435,0.225303266634497,0.01846727217683365,-0.8185321314407327,-1.9302500903012432,-1.7844602575194348,-1.0612122446602104,1.5863681465802433,-2.048930832154598,0.04063370547870007,-0.0023332318467418345,0.003726781150169778,0.0024284995053573954,-0.0013415088188060142,-0.0022263446215842198,-0.0009379627079493247,0.000856598604730599
83,0.020750000000000015,0.04149945672777113,0.0010072142296512975,1.0072142296512976,1.3336938100718667,76.41502647984036,1,0.0004927857703487025,1.8061535142659322,4.233640162062429,0.00850054327222887,nan,0,1,1,0.042367742352524204,6.026264752785668e-13,1.8806362831555028e-09,-0.8189192733939926,-1.9260069161283813,-1.7828328214008968,-1.0635479506106629,1.5853583106482478,-2.0495451451171576,0.2605958547881878,-0.6327597710263368,-0.01296444876254843,-3.0496959558221204,0.5228655910895309,0.06235296098697806,0.4855794864882067,-0.6632244767465925,-0.01656004894946191,0.484733885204759,-0.6634161201004215,-0.016047494758398326,0.0,1.0,0.0,-0.9718475656293029,0.23488719702204253,0.018447597554320464,-0.816689670106315,-1.9298112670735816,-1.7851218074394473,-1.062199041524743,1.5872622236156786,-2.048588982236286,0.04068354323473179,-0.0022296032876776284,0.0038043509452003743,0.0022889860385504335,-0.0013489090859197805,-0.0019039129674307542,-0.000956162880871414,0.00081591349303934
84,0.021000000000000015,0.04150103033409778,0.0009584498460348701,0.95844984603487,1.323899952776679,75.8538797916727,1,0.0005415501539651299,1.8159473715611198,4.233959708497487,0.008498969665902224,nan,0,1,1,0.04209534362224591,6.056556384813199e-13,1.9009430729349353e-09,-0.8169871389900993,-1.925494446774342,-1.7836136820151869,-1.0645248877650904,1.586565919298088,-2.0492255986820993,0.26158895739764243,-0.6311246700075206,-0.012994198407358881,-3.048451322191979,0.5201934005822372,0.06281374544723121,0.4855794864882067,-0.6629744767465924,-0.01656004894946191,0.48478790648021086,-0.6631429829017432,-0.016046597029627296,0.0,1.0,0.0,-0.9694997773444927,0.24439563075849122,0.01846503168527922,-0.8148382645241341,-1.9293987007533564,-1.7857468358978934,-1.0631638175486242,1.5881337527405963,-2.0482450460675365,0.040735193592588745,-0.0021488744659652337,0.0039042539790143937,0.0021331538827065177,-0.0013610702164661426,-0.0015678334425082152,-0.0009805526145627574,0.0007658367415090336
85,0.021250000000000015,0.04149486025286286,0.0009040789212639366,0.9040789212639365,1.314169378526769,75.29635895491418,1,0.0005959210787360635,1.82567794581103,4.234268522386872,0.008505139747137146,nan,0,1,1,0.041826237182297936,6.085748523453455e-13,1.9214766076971472e-09,-0.8150586070965699,-1.9249996803538523,-1.784359777443145,-1.0654668548292177,1.5877728555159702,-2.0489167847927146,0.26260066270428833,-0.6295194188002742,-0.013021042102285774,-3.0472388276833144,0.5175197896682298,0.06321638416310818,0.4855794864882067,-0.6627244767465924,-0.01656004894946191,0.48485142465666803,-0.6628732453928774,-0.016045119289010264,0.0,1.0,0.0,-0.9670745622302539,0.25381941222113025,0.018506676278650023,-0.8129769645003013,-1.9290086570744875,-1.7863405396903953,-1.0641015905310516,1.5889796927927538,-2.0479025949770975,0.040788655596287096,-0.002081642596268529,0.004008976720635271,0.0019807622472503006,-0.00136526429816608,-0.0012068372767835012,-0.0010141898156170726,0.000706204656575761
86,0.021500000000000016,0.0414808670643458,0.0008447163606442862,0.8447163606442861,1.3044848256399284,74.74147494802698,1,0.0006552836393557139,1.8353624986978705,4.234571511360432,0.008519132935654206,nan,0,1,1,0.04156021732504523,6.113825810700721e-13,1.942248537797056e-09,-0.8131354514479376,-1.9245203387218666,-1.78507687761003,-1.066381255620492,1.5889791876307808,-2.048613795819154,0.2636252596617922,-0.6279382092151765,-0.013045609407257908,-3.0460499185774736,0.5148537267921097,0.06357414159549762,0.4855794864882067,-0.6624744767465924,-0.01656004894946191,0.48492453274031677,-0.6626066774269832,-0.01604322760879448,0.0,1.0,0.0,-0.9645694985672536,0.26317476246967597,0.01856682074956987,-0.8111060080408915,-1.9286441689895102,-1.7868986083193406,-1.0650148946435962,1.5897998999749288,-2.047556718137155,0.04084391686705558,-0.0020294434070461387,0.0041238302676436245,0.001821730709310465,-0.0013663609768956864,-0.0008207123441479336,-0.0010570776819993633,0.0006369501972902161
87,0.021750000000000016,0.041458991242241346,0.0007827861251543328,0.7827861251543328,1.2949005803439837,74.19233814275123,1,0.0007172138748456672,1.8449467439938152,4.234872939167966,0.008541008757758657,nan,0,1,1,0.04129932500543189,6.140497043884279e-13,1.9630803522343942e-09,-0.8112580797245796,-1.9240290270208336,-1.7857937453030093,-1.0673070711053887,1.5901648530588024,-2.048312368011621,0.26460716921027405,-0.6263722746944314,-0.013059110155862919,-3.0448630460290667,0.5122609944419697,0.06395371831839002,0.4855794864882067,-0.6622244767465925,-0.01656004894946191,0.4850068066001191,-0.6623453609965502,-0.016040261626005244,0.0,1.0,0.0,-0.9620004191100001,0.2724089168564487,0.0186701807511543,-0.8092267948218216,-1.9283038453442536,-1.7874218486566769,-1.0659000050468737,1.5905974091727493,-2.047213727691067,0.04090094841220443,-0.002031284902758057,0.0042748183234200265,0.001628103353667587,-0.0014070660585150385,-0.0004325561139468803,-0.0010986403205537343,0.0005580428300369158
88,0.022000000000000016,0.04142911901324886,0.0007202725631011275,0.7202725631011274,1.2908292139907118,73.95906603385718,1,0.0007797274368988726,1.849018110347087,4.235174430590964,0.008570880986751142,nan,0,1,1,0.041043635722052337,6.165694821162971e-13,1.983947382074123e-09,-0.8094297598762253,-1.9235196950866298,-1.7865231336256902,-1.0682520501688584,1.591329102863152,-2.0480108765886214,0.26553600072052214,-0.6248138502672952,-0.013062634699479991,-3.0436687946772696,0.509747657158813,0.06437314777972651,0.4855794864882067,-0.6619744767465924,-0.01656004894946191,0.4850982782297648,-0.6620893371170257,-0.016036562299710917,0.0054243271549280995,0.99998528822924,0.0,-0.9593675283710095,0.2815321071678032,0.018804737194573456,-0.8073362194857878,-1.927990916946931,-1.787906077785505,-1.0667586261472894,1.5913685037260126,-2.0468699353788797,0.04095978417688368,-0.0020935403904375205,0.004471221860301133,0.0013829441598147696,-0.0014934240215689343,-3.940086286058353e-05,-0.0011409412097416194,0.0004693348363651803
89,0.022250000000000016,0.04139112574073472,0.0006600959288716955,0.6600959288716954,1.2916209498621531,74.00442915777988,1,0.0008399040711283046,1.8482263744756458,4.235474407176584,0.008608874259265285,nan,0,1,1,0.040793266755935045,6.189354598128739e-13,2.004825130899679e-09,-0.8076440167781448,-1.9230033941133684,-1.7872602651917908,-1.0692052504629814,1.592479943189099,-2.0477109000030023,0.26642312279869595,-0.6232638571540762,-0.013062384999986687,-3.0424661879285417,0.5073011132811784,0.06481911715358667,0.4855794864882067,-0.6617244767465924,-0.01656004894946191,0.4851989733112828,-0.6618386656952701,-0.016032889351711696,0.0156266474964244,0.9998778964893775,0.0,-0.9566728498305536,0.2905481125474792,0.018943407618078095,-0.8054357638605479,-1.9277036136599532,-1.7883537134615366,-1.067589496004424,1.5921123612029373,-2.0465264105782763,0.04102038290239834,-0.0022082529175968535,0.004700219546584838,0.0010934482697457781,-0.001615754458557328,0.00036758198616171356,-0.0011844894247259319,0.0003707428383363798
90,0.022500000000000017,0.04134477181883095,0.0006103441057704297,0.6103441057704297,1.3054890179693457,74.799010930322,1,0.0008896558942295703,1.8343583063684532,4.235767139498257,0.008655228181169053,nan,0,1,1,0.040550518708509606,6.211123067117911e-13,2.0254943569917122e-09,-0.8059171867418733,-1.9224818560916976,-1.788007395249414,-1.0701693050037004,1.593607592313169,-2.0474181676813297,0.26725272265188527,-0.6217285516799136,-0.013059690330727514,-3.041255829715645,0.5049375206601258,0.06530768165712994,0.48558501994888503,-0.6614745919770317,-0.01656004894946191,0.48530847996014864,-0.6615956269611474,-0.01602958114205178,0.03874383618753411,0.9992491757101796,0.0,-0.9539401554172646,0.2993899275646035,0.019074882839658625,-0.8035266446587133,-1.9274316398999871,-1.7887805691566796,-1.068406299623879,1.5928394029280253,-2.0461829202435653,0.04107889289538189,-0.00239054208316003,0.004949783808289476,0.0007731739072656119,-0.0017630053798214362,0.0007681893851436694,-0.0012352474377643752,0.00026587892344905745
91,0.022750000000000017,0.041289859177128116,0.0005756649285877549,0.5756649285877549,1.3309469207182656,76.25764131308961,1,0.0009243350714122451,1.8089004036195333,4.236053243185573,0.008710140822871887,nan,0,1,1,0.0403167485097367,6.230752303641845e-13,2.045800053440609e-09,-0.804260400174874,-1.9219510728564442,-1.7887746375956584,-1.0711520763123459,1.5947040092759202,-2.0471320639940136,0.26800815364539476,-0.6202060392324238,-0.013055309670865933,-3.0400324432833585,0.502674017831941,0.06586264361663258,0.4855954275850631,-0.6612248087087585,-0.01656004894946191,0.4854265290346709,-0.6613615570130283,-0.016026979262684756,0.07321548149327353,0.997316145096282,0.0,-0.9511849164401533,0.30802450084913857,0.019187537970718982,-0.801620007065176,-1.927171021411055,-1.789191839906029,-1.0692135386293466,1.5935586739975338,-2.045840186839113,0.04113468678764516,-0.0026403931096979916,0.0052199485546107205,0.000417202310370568,-0.0019385376829992307,0.001145335278386339,-0.0012918771549004227,0.00015517238948295486
92,0.023000000000000017,0.041226084702465936,0.0005635084903864356,0.5635084903864356,1.380021400741097,79.06940190019691,1,0.0009364915096135645,1.759825923596702,4.236335975132124,0.008773915297534067,nan,0,1,1,0.040095368969626226,6.247712709980011e-13,2.065387460177013e-09,-0.8027079619314431,-1.9214003682128682,-1.7895762875382213,-1.0721701671414219,1.5957527987032045,-2.0468493320474623,0.26865169694104873,-0.6186987687422913,-0.013046453871495722,-3.038786612253287,0.5005670179025651,0.06652222087783445,0.4856200914952324,-0.6609762916484567,-0.01656004894946191,0.48555236784807515,-0.6611398746467761,-0.01602507611929747,0.13075714075438713,0.9914144290566571,0.0,-0.9484458962438532,0.31635195456325677,0.019282705780084588,-0.7997196329231834,-1.9269027244431676,-1.7896170408794092,-1.0700285332799098,1.5942824349190035,-2.0454968253235335,0.04118089753703721,-0.002988329008259738,0.005502356230299377,4.075334118791574e-05,-0.0021416338615121155,0.0014703637842010675,-0.0013525067239288369,4.518716542872836e-05
93,0.023250000000000017,0.04115316680921328,0.0005744093574586105,0.5744093574586104,1.4444893175981122,82.76314145010419,1,0.0009255906425413896,1.6953580067396867,4.2366151847752285,0.008846833190786725,nan,0,1,1,0.03988896384842239,6.261574300811673e-13,2.083957889479697e-09,-0.8012767848839307,-1.9208291007695615,-1.7904172533105422,-1.0732296905729892,1.5967418507274884,-2.0465701224043573,0.2691648038038231,-0.6172110499376418,-0.013033653446155535,-3.0375172567862165,0.49864176412410793,0.06730902636760774,0.4856538697964157,-0.6607285841064456,-0.01656004894946191,0.4856853522249305,-0.66093314580366,-0.01602422297149556,0.20258947546855557,0.9792637563135764,0.0,-0.9457575400237671,0.32429665645159794,0.019348232542196562,-0.7978285521783739,-1.9266317876982275,-1.7900476504951968,-1.0708466387867204,1.5950115600573058,-2.04515826584838,0.041219224507067685,-0.0034482327055568307,0.005802686928666034,-0.00036960281534548223,-0.0023830517862688527,0.0017302906701825993,-0.0014118565559773089,-6.605769785440752e-05
94,0.023500000000000017,0.04107063713561791,0.0006012234177032602,0.6012234177032603,1.5656380848254678,89.70445450544449,1,0.0008987765822967398,1.574209239512331,4.236884683916259,0.00892936286438209,nan,0,1,1,0.03969883645670315,6.272043263193647e-13,2.1013224827652113e-09,-0.7999661250374019,-1.9202472590885964,-1.7912908675629622,-1.0743178467705896,1.5976739233812727,-2.0463006232633276,0.26955533198730547,-0.6157496874574689,-0.013021420079559254,-3.036230049795247,0.4968879802475014,0.06820792948570788,0.4857222512192807,-0.6604886400515776,-0.01656004894946191,0.4858253254221905,-0.6607426443855672,-0.016024953532733446,0.3270125618160791,0.9450199915422346,0.0,-0.9431434052296634,0.3318215096033954,0.019364992546315046,-0.7960240332148312,-1.9262922828830904,-1.7905846985050442,-1.0717303398663731,1.5958021858449896,-2.0448216601350193,0.041231314414582304,-0.00394209182257077,0.006045023794494009,-0.0007061690579179825,-0.0025875069042164967,0.0018717375362831135,-0.0014789631283083082,-0.0001606772789643912
95,0.023750000000000018,0.04097805635367784,0.0006366976138927953,0.6366976138927953,1.7215467561172701,98.63736335995722,1,0.0008633023861072047,1.4183005682205287,4.2371458203008885,0.00902194364632216,nan,0,1,1,0.039524709474242324,6.279022134384415e-13,2.1174340169761084e-09,-0.7987668663219967,-1.919654455993406,-1.7922043425190173,-1.0754370448251964,1.5985497939010513,-2.0460394868786973,0.2698251133368517,-0.6143073731207292,-0.013012404507500297,-3.0349211164146856,0.49529281628140237,0.06922937661200056,0.48581273108967554,-0.6602575281311088,-0.01656004894946191,0.4859725552806042,-0.6605680699018148,-0.016027692031428932,0.4764768886312024,0.8791869963780906,0.0,-0.9406072359607845,0.338946682908043,0.019317707002840582,-0.7943237062146651,-1.925896152573693,-1.7912086698000986,-1.0726600121198193,1.5966453982104063,-2.044497003679901,0.04122025878450754,-0.00444316010733159,0.0062416965802871704,-0.0009956727189186498,-0.0027770327053771027,0.0019043956906450443,-0.0015424831987962406,-0.00024220243082969523
96,0.024000000000000018,0.040875474102913624,0.000661553128450749,0.661553128450749,1.955113693885533,112.01976312787342,1,0.000838446871549251,1.184733630452266,4.2374022651469225,0.009124525897086379,nan,0,1,1,0.03936503300465554,6.282652208679186e-13,2.132371425019368e-09,-0.7976691275027002,-1.9190424756105762,-1.7931713356317607,-1.076602914796436,1.5993786942877577,-2.045783042032664,0.26997260167181863,-0.6128665788975972,-0.013006647437598828,-3.0335722789028967,0.4938443408904091,0.07039067152064818,0.48595140613873183,-0.6600495155575243,-0.01656004894946191,0.48612721619176574,-0.660407871014878,-0.016032484040469606,0.672424880747988,0.7401653732450972,0.0,-0.9381362905910015,0.34573327312096785,0.01920427382689286,-0.7928528085695712,-1.9253706396379784,-1.7920312638601357,-1.0736891237897557,1.5975876412713157,-2.044198355912501,0.041166087519251174,-0.00481631893312906,0.006328164027402217,-0.0011400717716250064,-0.002913791006680322,0.0017910530164420013,-0.001584686120163159,-0.00029061341633754983
97,0.024250000000000018,0.04076284821439336,0.0006533884723189015,0.6533884723189015,2.187421187045481,125.33000203520268,1,0.0008466115276810985,0.952426137292318,4.23765545309642,0.009237151785606641,nan,0,1,1,0.03922165906029506,6.282636478825653e-13,2.1458912186980078e-09,-0.7966913278508909,-1.9183970971202928,-1.7942059078054644,-1.077834538234446,1.6001517366543765,-2.045529854083166,0.2699722274416091,-0.6114231680864818,-0.012999220088388774,-3.0321737069946115,0.4925715506938292,0.07172178403731083,0.4861453785375791,-0.6598968003337308,-0.01656004894946191,0.48628858957800236,-0.6602639313847461,-0.0160388753842838,0.828634238526028,0.559790406082839,0.0,-0.9357588128769293,0.35212623588348896,0.019040959158757993,-0.7918622246804948,-1.9246745129376002,-1.7931137382850169,-1.0748513604947254,1.598554877976511,-2.043960862299472,0.04105117704174052,-0.004829103170396087,0.006277415817307341,-0.0010921695204475501,-0.002983177739720677,0.0015968586778654092,-0.0015689917836940737,-0.0002883288273471604
98,0.02450000000000002,0.04064009244327046,0.0006321025263799916,0.6321025263799916,2.384986090627865,136.64963719038232,1,0.0008678974736200084,0.7548612337099341,4.23790201422187,0.009359907556729545,nan,0,1,1,0.039096144710721745,6.27872699119963e-13,2.1577817224958713e-09,-0.7958374099406785,-1.917718327428958,-1.7953052267603047,-1.0791316485977973,1.6008627121005203,-2.0452832929577163,0.2698213837528666,-0.6099826370433183,-0.012988491246421874,-3.03073193328694,0.49147565904277796,0.07322362871270499,0.4863641858961687,-0.659780647851851,-0.01656004894946191,0.4864560488411872,-0.6601378218952098,-0.016046686011630167,0.9248526817293932,0.38032554094873733,0.0,-0.9335039524011809,0.35807216373360856,0.018833385529576283,-0.791153857354133,-1.9238212733400184,-1.7944301611751656,-1.0762681350712069,1.5994017373744012,-2.0437398713405086,0.04089484727830706,-0.004683552586545514,0.00610294591106042,-0.0008750655851390565,-0.002863513526590422,0.0014609747261191686,-0.0015434216172076631,-0.00025475483503660523
99,0.02475000000000002,0.040507531750569495,0.0006000830503627044,0.6000830503627044,2.5197539609335387,144.37126737286388,1,0.0008999169496372956,0.6200933634042602,4.23814258244021,0.009492468249430508,nan,0,1,1,0.03898820918152075,6.270980490196617e-13,2.16801433716329e-09,-0.7951030804982804,-1.9170019210525502,-1.7964709883572514,-1.0804992202692252,1.6015164925427465,-2.045042724739376,0.26952282207370115,-0.6085402843068126,-0.012972338099628,-3.0292426297655446,0.4905502849335976,0.07489421261900216,0.48660258156245223,-0.6597053650098667,-0.01656004894946191,0.4866291068248897,-0.6600292791627919,-0.016055593104694524,0.969054302365609,0.246847643429511,0.0,-0.931378864961602,0.3635763281784273,0.01859202762289437,-0.790716152976198,-1.9228664020960409,-1.795902830960531,-1.0778549585391586,1.6001127419333945,-2.043540085547056,0.0407049568530762,-0.004386927522082362,0.005864481043490688,-0.0005681573967204478,-0.0026442617300665994,0.0014037506093520502,-0.0015026391923202986,-0.00019742510250670559
100,0.02500000000000002,0.040365488434527766,0.0005678123705641677,0.5678123705641677,2.603051635803599,149.14387258617126,1,0.0009321876294358324,0.5367956885342,4.238377991872351,0.009634511565472237,nan,0,1,1,0.03889777446556887,6.259453273293427e-13,2.1765561763325716e-09,-0.7944736807501498,-1.9162603447391175,-1.7976889610972697,-1.08191514547132,1.6021146469557443,-2.0448073153072346,0.2690995914775062,-0.6071049390334032,-0.0129540354097884,-3.0277229249908886,0.48977586591409733,0.07670305273582312,0.48684806636440614,-0.6596616795956493,-0.01656004894946191,0.48680721771460433,-0.6599382145321672,-0.016065811451026084,0.9871217819016702,0.15997058384362875,0.0,-0.9293965532636909,0.3686283867991102,0.018307354463636287,-0.7904746028813691,-1.92186487668166,-1.7974487358104556,-1.0795416445584054,1.6007194560915035,-2.0433588910595644,0.04049390663268908,-0.003999077868780732,0.005604531942542401,-0.00024022528681411082,-0.002373500912914661,0.0013951908642408917,-0.0014484242476702214,-0.00012841819816131195
101,0.02525000000000002,0.04021423877907917,0.0005470524687046198,0.5470524687046199,2.670815946808032,153.0264816083372,1,0.0009529475312953802,0.46903137752976676,4.238605804241846,0.009785761220920834,nan,0,1,1,0.03882315284664408,6.244368236942441e-13,2.1835237156225436e-09,-0.793925571893672,-1.9155096041722963,-1.7989402949618323,-1.083355674100677,1.6026683041969652,-2.0445795029377396,0.2685856390542565,-0.6056828832423587,-0.012937907457755471,-3.0261872580644704,0.4891139131329059,0.07860793644511042,0.48709577390641723,-0.6596279012944659,-0.01656004894946191,0.486990470246969,-0.6598629361117169,-0.016077414328343156,0.996145708542979,0.08771389485940168,0.0,-0.9275351874910008,0.37330387782336427,0.01796359563318696,-0.7902520409794256,-1.9208183182072012,-1.799063958966777,-1.0812845090286107,1.6013282924419894,-2.04317565300285,0.0402732424438356,-0.0036735309142463812,0.005308714034904849,0.0001236640049446791,-0.0020711650720661723,0.0013400117549757784,-0.0014038499348894007,-5.900366475643237e-05
102,0.02550000000000002,0.04005415888882828,0.0005316129592227892,0.5316129592227892,2.701288374395662,154.7724231006264,1,0.0009683870407772108,0.43855894994213696,4.238829371059458,0.009945841111171722,nan,0,1,1,0.03876282746311889,6.226085045372934e-13,2.1890978754801274e-09,-0.7934403306032102,-1.9147455228546622,-1.8002294676219497,-1.0848280178390877,1.6031872881076736,-2.044355936120128,0.2679916437004225,-0.6042611150076951,-0.012923168819998054,-3.024627349381955,0.48854022948011205,0.08060976419137389,0.48734552606419823,-0.6596171433843133,-0.01656004894946191,0.48717868970197875,-0.6598019307829335,-0.016090334585229585,0.9986097321103905,0.052712455211404045,0.0,-0.9258120537899807,0.37757509337723516,0.017580953283314996,-0.7901380112599473,-1.9197712839161007,-1.800680618242489,-1.0830299707075055,1.6018653774406533,-2.043009478242644,0.0400433994007083,-0.0033023193432628606,0.005025761061438594,0.0004511506205393534,-0.001798047131582159,0.001321910667020365,-0.0013464578774842195,1.0759488119981009e-05
103,0.02575000000000002,0.039885580681073736,0.000527987636790042,0.527987636790042,2.7299731817618538,156.41594149885498,1,0.0009720123632099581,0.4098741425759451,4.239045602604589,0.010114419318926267,nan,0,1,1,0.038714643047373376,6.204889575107965e-13,2.1934544462879595e-09,-0.792997809221673,-1.913975181184023,-1.8015438516279023,-1.086319248838554,1.603685121947065,-2.044139704574997,0.2673443135704312,-0.6028404031221245,-0.012910616025106791,-3.023049982223217,0.48802008052548995,0.08267409256470916,0.48759532306162295,-0.659607395033313,-0.01656004894946191,0.487372166397015,-0.6597530582261271,-0.016104248245312154,0.9998047959209475,0.019757784629672544,0.0,-0.9241928782296898,0.38154015192763474,0.01716497295539195,-0.7899703814515661,-1.9187284888521525,-1.802292745188916,-1.084772994512137,1.602437944982333,-2.0428377790413492,0.039810780975972786,-0.003027427770106894,0.004753307668129425,0.0007488935610135972,-0.0015462543264170847,0.0012471769647319775,-0.0013019255336477187,7.479970510095024e-05
104,0.02600000000000002,0.03970884449540404,0.0005308584528706218,0.5308584528706218,2.736156142451102,156.7701990512442,1,0.0009691415471293782,0.40369118188669706,4.239257820319185,0.010291155504595965,nan,0,1,1,0.03867688179546114,6.181039628724883e-13,2.1967442741016415e-09,-0.7925873587338644,-1.9131796832660086,-1.802898654213527,-1.0878526192379079,1.604168044990303,-2.043927486860401,0.26663924786888077,-0.6014019292575046,-0.012893431781684173,-3.0214401675758316,0.48754051325492226,0.08481961583668989,0.487845323061623,-0.659607395033313,-0.01656004894946191,0.4875710520460058,-0.659714635121009,-0.016118363913981346,0.9999543385115583,0.009556196519114407,0.0,-0.922654111756588,0.38526478180665175,0.016746281919722075,-0.7898140822224433,-1.9176881861864234,-1.8039018601383103,-1.0865113416388137,1.603004416889959,-2.0426712079704195,0.03957506300746579,-0.002773276511421119,0.004508502920414825,0.0010032059247833125,-0.0013412775990941928,0.001163628100343983,-0.001256278889981477,0.00013378148793824485
105,0.02625000000000002,0.03952431897336626,0.0005402546764361506,0.5402546764361505,2.7419250863480267,157.10073518878573,1,0.0009597453235638495,0.3979222379897722,4.239475059551612,0.010475681026633744,nan,0,1,1,0.03864884274263408,6.154683341652198e-13,2.199025963076948e-09,-0.7921915657259402,-1.9123543485804502,-1.8042903837459592,-1.089429880294587,1.6046423509643775,-2.043710247627974,0.265891512824701,-0.5999395423439532,-0.012867324990105344,-3.019799548688106,0.4870890318793585,0.0870340806389599,0.48809532306162295,-0.659607395033313,-0.01656004894946191,0.487775140864459,-0.6596859849123031,-0.0161320511609738,1.0,0.0,0.0,-0.9211903985202076,0.3887686174591146,0.016346612894116166,-0.7895826157818056,-1.9166753665315188,-1.8054718110650432,-1.088208348654077,1.6036119874443253,-2.0425008475168087,0.03933852601360125,-0.002608949944134631,0.004321017951068651,0.0011814273190839941,-0.0012215316405099763,0.0010303635200521466,-0.0012094001111653263,0.00018579295976500765
106,0.02650000000000002,0.03933234771499553,0.0005532318524278968,0.5532318524278967,2.7382966987363044,156.8928438921965,1,0.0009467681475721033,0.40155062560149446,4.239697187468056,0.010667652285004471,nan,0,1,1,0.03862797282969922,6.126251015902637e-13,2.2005760072416435e-09,-0.7918035025570549,-1.9114914080459307,-1.805717861484767,-1.0910555145160061,1.6051203209094935,-2.0434881197115304,0.26510953940140475,-0.59844761949849,-0.012827332773376499,-3.0181231024588913,0.48665465374536376,0.08930097450313991,0.488345323061623,-0.659607395033313,-0.01656004894946191,0.4879848091510077,-0.6596645886018169,-0.01614432777064672,1.0,0.0,0.0,-0.9197724881664774,0.39212618401868565,0.015988302567535133,-0.7892854428414983,-1.915675718180831,-1.8070232977696539,-1.0898863963599312,1.6042597198794049,-2.0423263049512017,0.03910183004768849,-0.002518059715556631,0.004184310134900393,0.001305436284886774,-0.0011691181560748998,0.0008606010300886702,-0.0011618147603287277,0.00023051766730704248
107,0.02675000000000002,0.03913331991666035,0.000567345368987768,0.567345368987768,2.7348051287141453,156.6927916660524,1,0.000932654631012232,0.4050421956236536,4.239921536852691,0.010866680083339651,nan,0,1,1,0.03861362423243588,6.095891408709988e-13,2.201456955716548e-09,-0.7914039358269518,-1.9105961193908045,-1.8071750533429256,-1.0927187776821676,1.6056072246632516,-2.0432637703268957,0.2643124262359142,-0.5969258625690124,-0.012775255135721642,-3.0164195693914735,0.4862050105044479,0.09160236297989968,0.48859532306162295,-0.659607395033313,-0.01656004894946191,0.4881998472067111,-0.6596497802260407,-0.016155471254413047,1.0,0.0,0.0,-0.9183966108268564,0.39535055959154136,0.01567163847205951,-0.7889236768291946,-1.9146876557294414,-1.8085606733079702,-1.0915479006788016,1.6049478182595582,-2.0421467579233057,0.03886516698812595,-0.0024802589977571676,0.004091536338636903,0.0013856199650446044,-0.0011708770033660443,0.00065940640369333,-0.0011170124035899676,0.0002681529285344028
108,0.02700000000000002,0.038927649697640954,0.0005804841003697136,0.5804841003697135,2.7313946007845606,156.4973828097757,1,0.0009195158996302865,0.40845272355323825,4.240146357892623,0.01107235030235905,nan,0,1,1,0.03860401807170657,6.063915639233884e-13,2.201857524493056e-09,-0.7909681824980569,-1.909685349686625,-1.8086463305854938,-1.0943983502452144,1.6061130741543002,-2.0430389492869625,0.26353105659476184,-0.5953779840361217,-0.012717165474162906,-3.014700651383979,0.4857014148621214,0.09390605133377071,0.488845323061623,-0.659607395033313,-0.01656004894946191,0.48842038613104444,-0.6596397581086387,-0.01616591315158511,1.0,0.0,0.0,-0.9170418591345295,0.3984942645122692,0.01538017379328252,-0.7884879609018903,-1.9137306608477909,-1.8100531965524727,-1.0931610324635157,1.6056758327138025,-2.0419647628187936,0.03862859526969683,-0.0024802215961665652,0.004045311161165799,0.0014068659669788097,-0.0012373177816986658,0.0004372414404976155,-0.001074186468168925,0.00029905442794412457
109,0.02725000000000002,0.0387157273651938,0.0005911287774199731,0.5911287774199732,2.727996895671617,156.302708646774,1,0.0009088712225800269,0.41185042866618193,4.240371893883626,0.011284272634806206,nan,0,1,1,0.03859716159299726,6.030649732029207e-13,2.2019876618964572e-09,-0.7904742819525865,-1.9087729486995364,-1.810118129963956,-1.0960778042397534,1.6066528474712711,-2.0428134132959603,0.26279398769595874,-0.5938041832043527,-0.012658062267294823,-3.012970653123186,0.4851119133027776,0.09618019934634041,0.48909532306162296,-0.659607395033313,-0.01656004894946191,0.48864668109665793,-0.6596325136564953,-0.016175962144773466,1.0,0.0,0.0,-0.9156815943188961,0.40162066112606704,0.015101734412501929,-0.787990220804527,-1.9127833757660486,-1.811533996709597,-1.094760963074848,1.6064451695922994,-2.0417786783991163,0.038392132228763115,-0.0024840611480595465,0.004010427066512223,0.0014158667456409813,-0.0013168411649053802,0.00020767787897169043,-0.001034734896844025,0.00032359513643068216
110,0.02750000000000002,0.038497937083857944,0.0005982148742014074,0.5982148742014074,2.7245686082193066,156.10628224479896,1,0.0009017851257985927,0.4152787161184923,4.240600556635121,0.011502062916142058,nan,0,1,1,0.03859163604604568,5.996348279904299e-13,2.202001422219278e-09,-0.7899016882592552,-1.9078827293025564,-1.8115654165830182,-1.0977232912331452,1.6072364778736279,-2.042584750544465,0.2621378051681029,-0.5922169885201054,-0.012605411899640984,-3.0112488545162552,0.4844117042998932,0.09837485559500131,0.489345323061623,-0.659607395033313,-0.01656004894946191,0.4888788026612793,-0.6596266086325923,-0.016186082922419718,1.0,0.0,0.0,-0.9142983718346442,0.4047702083770819,0.014817748509553553,-0.7874258372030981,-1.9118670393047719,-1.8129708835860467,-1.0963167495466677,1.607251006857843,-2.0415889319160345,0.038155763276420715,-0.002475851056157108,0.003984310002215441,0.001405467003028571,-0.0014065416864774694,-1.452898421505644e-05,-0.000995818628430456,0.00034217380743722936
111,0.02775000000000002,0.03827461044407856,0.0006012431764369741,0.6012431764369741,2.721051435554726,155.90476309529973,1,0.000898756823563026,0.4187958887830727,4.240830492454196,0.011725389555921444,nan,0,1,1,0.03858588502380631,5.961265195942149e-13,2.2020640813748264e-09,-0.7892406703192131,-1.907017469170533,-1.8129825081947069,-1.0993297129739639,1.6078727343823664,-2.04235481472539,0.26157501369243435,-0.5906157048296454,-0.012559564859723038,-3.0095366162905917,0.4835839867091158,0.10047322750667176,0.48959532306162296,-0.659607395033313,-0.01656004894946191,0.4891169423078005,-0.6596204926702616,-0.016196079632773468,1.0,0.0,0.0,-0.9128681192822835,0.4079957943204055,0.01453370616491022,-0.7867900612605151,-1.9109654561642138,-1.8143892460851636,-1.0978484747479138,1.6080968835293927,-2.041395628639262,0.037919549317413814,-0.0024506090586979834,0.003947986993680708,0.0014067378904567551,-0.0014812382260500634,-0.00022414914702628685,-0.0009591860861277723,0.00035506112666474493
112,0.02800000000000002,0.03804608760905004,0.0006004310416227014,0.6004310416227014,2.7174740965196986,155.69979666670525,1,0.0008995689583772986,0.42237322781810027,4.24106284402278,0.011953912390949964,nan,0,1,1,0.038580664811611924,5.925345302276394e-13,2.2020904626168365e-09,-0.7884865352453355,-1.9061791113636197,-1.8143631213825755,-1.1008908182391728,1.6085586570522392,-2.0421224631568062,0.26111225159728424,-0.5890051778792678,-0.01251953911893916,-3.0078440514562486,0.4826247893151212,0.10246613884608165,0.489845323061623,-0.659607395033313,-0.01656004894946191,0.48936051822775267,-0.6596149241361912,-0.016205894997895712,1.0,0.0,0.0,-0.9114018162329527,0.4112706382142698,0.014254525951511051,-0.7860875164936005,-1.9100853808655913,-1.8157780418081513,-1.0993475080658164,1.608979537775548,-2.0411995725784635,0.03768345935099177,-0.0023990187517349826,0.003906269501971593,0.001414920425575783,-0.0015433101733564047,-0.0004208807233088141,-0.0009228905783427166,0.000362628258058266
113,0.02825000000000002,0.03781282822496318,0.000596548680174022,0.5965486801740221,2.7138506179505457,155.4921866375367,1,0.000903451319825978,0.4259967063872532,4.241298978181825,0.012187171775036823,nan,0,1,1,0.03857578768718289,5.888729737576583e-13,2.2021229909627763e-09,-0.7876453267528284,-1.9053510614381053,-1.8157165291447692,-1.1024227560790145,1.6092934319554357,-2.0418863289977613,0.2607373264994617,-0.587379010931586,-0.012477785121072005,-3.0061644812437316,0.48154508482142916,0.10436530213368389,0.49009532306162296,-0.659607395033313,-0.01656004894946191,0.48960903811687095,-0.6596097487706871,-0.016214517850651276,1.0,0.0,0.0,-0.9099047111540791,0.4145808973175988,0.014003435255205766,-0.7851617146901598,-1.9093054633581377,-1.8170102084318174,-1.100739361995385,1.6097045050604157,-2.040981042609805,0.03744741917910667,-0.002483612062668561,0.00395440192003238,0.001293679287048155,-0.001683394083629608,-0.0004110731049800087,-0.0009052863879563944,0.00036540904585651013
114,0.028500000000000022,0.037575303900981204,0.0005892964336452486,0.5892964336452486,2.7101107655370624,155.27790887824227,1,0.0009107035663547514,0.42973655880073647,4.241536632259386,0.012424696099018799,nan,0,1,1,0.03857113733915983,5.85136654150473e-13,2.202102562324274e-09,-0.786723458918688,-1.9045281603640394,-1.817047015860027,-1.1039328919912803,1.610077150074413,-2.0416486749202,0.26044195535066816,-0.5857351658713854,-0.012432424147220567,-3.004492578442137,0.48035101237745614,0.1061784050101307,0.490345323061623,-0.659607395033313,-0.01656004894946191,0.4898623102892486,-0.6596048300120508,-0.01622246582029794,1.0,0.0,0.0,-0.9083469959986649,0.4179892682171837,0.01380965298133768,-0.7843409233148801,-1.908454045855388,-1.8183662825328293,-1.1022033744290116,1.6106576180542458,-2.040766169164549,0.03721172167140954,-0.002382535603807856,0.003925885491348646,0.001319266672802355,-0.0017295175622686898,-0.0005804679798326884,-0.0008825057556509641,0.0003635822295716615
115,0.028750000000000022,0.03733387222910742,0.0005794819299669527,0.5794819299669527,2.7063466269460332,155.06223962347397,1,0.0009205180700330473,0.43350069739176567,4.241777507812107,0.012666127770892585,nan,0,1,1,0.03856723874660587,5.813402271711585e-13,2.2020522897494324e-09,-0.7857209531035448,-1.9037069210638733,-1.8183678448050637,-1.105436307812301,1.6109086289968328,-2.0414077993674793,0.26021377567295206,-0.5840620965568847,-0.012385358679378788,-3.002813373650322,0.4790438807756632,0.10793731187497488,0.49059532306162296,-0.659607395033313,-0.01656004894946191,0.49011949254905807,-0.6596007030225046,-0.016229383185492007,1.0,0.0,0.0,-0.9067663366676709,0.42141327904031717,0.013625671901962932,-0.7834469460483013,-1.9076366943088205,-1.819670004229454,-1.1035930217420764,1.6116592638177474,-2.04055537069229,0.03697594787663553,-0.0022740070552434988,0.0039297732449472544,0.00130215942439027,-0.001843286070224659,-0.0007506348209145308,-0.0008524286751891985,0.00035792435247188753
116,0.029000000000000022,0.03708887592271812,0.0005664149859221819,0.5664149859221819,2.702483427418333,154.84089459511983,1,0.0009335850140778181,0.43736389691946576,4.242022061181284,0.012911124077281885,nan,0,1,1,0.03856325205158787,5.774897923673888e-13,2.202011846048492e-09,-0.7846375395620744,-1.9028975112328141,-1.8196749508183232,-1.1069238429586516,1.6117932787425109,-2.0411632459983013,0.26005811153932196,-0.5823616358458386,-0.012342062576209678,-3.001124512180482,0.47762439631005005,0.1096338647824525,0.490845323061623,-0.659607395033313,-0.01656004894946191,0.4903807178820692,-0.6595964944172322,-0.0162362447802823,1.0,0.0,0.0,-0.9051307199475577,0.42492054109517674,0.01345041124272124,-0.7824878571711079,-1.9068394366969734,-1.8209475292391566,-1.1049662213573783,1.612691834525564,-2.0403477788186066,0.03674041660499863,-0.0021496823909664675,0.003941925464159279,0.0012725784208333923,-0.0019576216012733294,-0.0008985557830532009,-0.0008154671796947177,0.000348459317719485
117,0.029250000000000023,0.03684063679231293,0.0005505706475234178,0.5505706475234178,2.6985595534623297,154.61607317809953,1,0.0009494293524765822,0.4412877708754692,4.242275262834884,0.013159363207687076,nan,0,1,1,0.038559763411395005,5.735855604524067e-13,2.2019318438960467e-09,-0.7834746186754241,-1.9021088567125115,-1.8209567267084803,-1.108378724540954,1.6127280454448842,-2.040910044344703,0.2599835974251346,-0.5806448747949527,-0.012304391502182266,-2.9994391189459595,0.47610396950651857,0.11124807402153346,0.49109532306162296,-0.659607395033313,-0.01656004894946191,0.49064540488328007,-0.6595927905446568,-0.016243049927977517,1.0,0.0,0.0,-0.9034555864379418,0.4284760121415861,0.013278190890256707,-0.7814243823592708,-1.9061759271968988,-1.8220341972229683,-1.1062670542174324,1.6137115336597843,-2.0401852008684416,0.03650505238254231,-0.002050236316153309,0.0040670704843872585,0.0010774705144880325,-0.002111670323521553,-0.000983488214900019,-0.0007248434762612277,0.00033558440977061316
118,0.029500000000000023,0.03658951795431102,0.0005322632070772924,0.5322632070772925,2.6946091642691368,154.38973254989548,1,0.0009677367929227076,0.4452381600686621,4.242531038058441,0.013410482045688982,nan,0,1,1,0.03855732999477237,5.69627998116757e-13,2.2017613076520262e-09,-0.782235702653688,-1.9013577066136733,-1.8221964013608292,-1.1097802947712194,1.6137042234026056,-2.040654269121145,0.25999830711887484,-0.5789299988782246,-0.012277050906964071,-2.9977771809937854,0.474480680317151,0.11276263051869505,0.491345323061623,-0.659607395033313,-0.01656004894946191,0.4909129456607034,-0.6595901389297552,-0.0162501197129058,1.0,0.0,0.0,-0.9017550818090642,0.4320490115066428,0.013092902186333582,-0.7803088397411925,-1.9054690607061675,-1.8231740217815218,-1.1074534850091857,1.6147817442922923,-2.0400728810571054,0.036269715244985824,-0.0019268629124955527,0.0041113540924941905,0.0009776204206926042,-0.002326809762033699,-0.0010775208896867117,-0.0005813880640395119,0.0003198027093251968
119,0.029750000000000023,0.036335909629862335,0.0005116641975540317,0.5116641975540317,2.6906603791797594,154.16348383006996,1,0.0009883358024459683,0.4491869451580395,4.24278222929685,0.013664090370137667,nan,0,1,1,0.03855641653420437,5.65618636996483e-13,2.2014556683360893e-09,-0.7809283181392065,-1.9006598938085857,-1.8233838690916069,-1.111113501084621,1.6147170825387356,-2.0404030778827367,0.26010397104408967,-0.5772296855868698,-0.01226662842816617,-2.996147557212391,0.47275595860776676,0.11416985414556122,0.49159532306162296,-0.659607395033313,-0.01656004894946191,0.4911827403743242,-0.6595889889787536,-0.016257994327985106,1.0,0.0,0.0,-0.9000412038694415,0.43561472441944094,0.012870244994599642,-0.7791549472371447,-1.9047362722289722,-1.8243654311582032,-1.1086843302339462,1.6158904410421653,-2.0398105079272204,0.03603467330922277,-0.001773370902061755,0.0040763784203865505,0.0009815620665962754,-0.0024291708506747334,-0.0011733585034297,-0.0005925699555162645,0.00030123632063956685
120,0.030000000000000023,0.0360800610662661,0.0004891902814514644,0.48919028145146437,2.6867546288974196,153.93970082305987,1,0.0010108097185485357,0.45309269544037933,4.243028661365873,0.013919938933733902,nan,0,1,1,0.03855710129551252,5.615635321776118e-13,2.201023915865117e-09,-0.7795602066801324,-1.900008976528432,-1.8245173841743463,-1.1123790284422364,1.6157583417871126,-2.0401566458137133,0.2602948548899354,-0.5755501306964126,-0.012268209517667994,-2.99455924819266,0.4709419746082295,0.11546801111295982,0.491845323061623,-0.659607395033313,-0.01656004894946191,0.4914544560177783,-0.6595894274933681,-0.016266438232676872,1.0,0.0,0.0,-0.8983321984383305,0.4391350176927974,0.012637147023859478,-0.7779545640304806,-1.9040388186747512,-1.8255073989266641,-1.1098909241531765,1.6170634621760034,-2.039574080176638,0.03579984755388506,-0.001605642649651795,0.004029842146319185,0.0009900147523178582,-0.002488104289059878,-0.0013051203888907459,-0.0005825656370750387,0.00028021351238104175
121,0.030250000000000023,0.03582222088152721,0.0004665180019099906,0.4665180019099906,2.682892643019187,153.71842533169803,1,0.0010334819980900095,0.45695468131861183,4.243271424589958,0.014177779118472796,nan,0,1,1,0.03856135137649695,5.574377361193018e-13,2.200221311764644e-09,-0.7781436216300602,-1.899391541196641,-1.8255948834612274,-1.1135853395195199,1.6168241936735908,-2.039913882589629,0.26056281703962225,-0.5738956051524229,-0.012272238376518918,-2.993015984979391,0.4690592625379249,0.11665152045658303,0.49209532306162296,-0.659607395033313,-0.01656004894946191,0.49172714094482106,-0.6595934673530003,-0.016273889912046573,1.0,0.0,0.0,-0.8966288680572843,0.4426087741811097,0.0124155541241041,-0.7766604208030355,-1.9033632761760295,-1.8266149342752647,-1.1110798072025276,1.6182283628024938,-2.0393993733511224,0.035565336059403936,-0.0014832008270246888,0.003971734979388408,0.001020050814037221,-0.0025055323169922428,-0.0014041691289030656,-0.0005145092385063776,0.00025688482212327113
122,0.030500000000000024,0.03556274581487962,0.0004427319216735308,0.4427319216735308,2.679065465613057,153.49914421887894,1,0.001057268078326469,0.46078185872474187,4.2435175223909525,0.014437254185120381,nan,0,1,1,0.0385665409035587,5.532852022956424e-13,2.1993677130110726e-09,-0.7766746487136521,-1.898805650432352,-1.8266307158799957,-1.1147462900246101,1.6179208939796594,-2.0396677847886338,0.26090022042154526,-0.5722496776762132,-0.012282283281078166,-2.991495948547064,0.4671106771822983,0.11774770926627351,0.492345323061623,-0.659607395033313,-0.01656004894946191,0.49200131891680143,-0.6595984479840703,-0.016281494371103954,1.0,0.0,0.0,-0.8949276970032095,0.44604426906273037,0.012203572133862032,-0.7753357398466728,-1.9027227113745566,-1.827682936027368,-1.1122074198449559,1.6194736963056164,-2.039204608905128,0.03533081656609894,-0.0013389088669792937,0.003917060942204564,0.0010522201473723847,-0.0025388701796542623,-0.0015528023259570034,-0.0004631758835058619,0.00023192924878068233
123,0.030750000000000024,0.035301927226744835,0.00041801436462935115,0.41801436462935115,2.675181757397183,153.2766241292491,1,0.0010819856353706488,0.4646655669406159,4.243767897568583,0.014698072773255168,nan,0,1,1,0.03857253380502986,5.491042720622142e-13,2.1984297505971427e-09,-0.7751382525931754,-1.8982511177927455,-1.8276381534678596,-1.1158727936712327,1.61905804338839,-2.039417409611003,0.26130773704401666,-0.5705941465954947,-0.012302936892530925,-2.989980301161926,0.46507360987038576,0.11877862471222782,0.49259532306162296,-0.659607395033313,-0.01656004894946191,0.49227685340373367,-0.6596042321630967,-0.016289303529754842,1.0,0.0,0.0,-0.893187998160386,0.449524139613429,0.011968619262424674,-0.773934268870234,-1.9020819566707765,-1.8287576069663778,-1.1133660863173414,1.6207148464765186,-2.03901074246136,0.03509638576290951,-0.001203983722941393,0.00383083887803104,0.0011194534985181637,-0.0025067073538913576,-0.0016568030881285445,-0.0004066671496429919,0.00020554146383532784
124,0.031000000000000024,0.03503997820134504,0.0003926688918081496,0.3926688918081496,2.671231250036246,153.05027673053203,1,0.0011073311081918505,0.46861607430155283,4.244019858127713,0.014960021798654966,nan,0,1,1,0.038578483813107134,5.449100643496068e-13,2.1975081372067184e-09,-0.7735330016663843,-1.8977163861990392,-1.8286230140974407,-1.1169784735379196,1.620242657886614,-2.0391654490518736,0.2617818994855012,-0.5689205044153558,-0.012328837028845963,-2.98845934784244,0.4629415091390168,0.11974777454497261,0.492845323061623,-0.659607395033313,-0.01656004894946191,0.492553825105525,-0.6596099827775342,-0.01629696891645984,1.0,0.0,0.0,-0.8914045552610095,0.45305647949255157,0.011736492224557553,-0.7724870666398151,-1.90148327266315,-1.8297676927413498,-1.114440189937806,1.622004683183451,-2.038785634657076,0.034862256466548475,-0.0010459350265691336,0.003766886464110941,0.0011446786439091028,-0.0025382836001135445,-0.0017620252968368888,-0.00037981439479750634,0.00017772173479656261
125,0.03125000000000002,0.03477718406783288,0.0003669641656111825,0.3669641656111825,2.6672110422022093,152.8199357888763,1,0.0011330358343888175,0.4726362821355896,4.24427671705566,0.015222815932167122,nan,0,1,1,0.03858437477694228,5.407067017093134e-13,2.1966018766344798e-09,-0.7718578263749583,-1.8972000157263005,-1.8295917229561454,-1.1180689725237902,1.621474764728638,-2.038908590123926,0.26231794308755607,-0.5672226333689959,-0.012361013871492577,-2.9869258313117317,0.46071741688047596,0.12066886568511521,0.49309532306162296,-0.659607395033313,-0.01656004894946191,0.49283195489411663,-0.6596156794833793,-0.01630464480878645,1.0,0.0,0.0,-0.8895753644581458,0.4566436555276811,0.011499687625046481,-0.7709825130384664,-1.9009117294477336,-1.8307429890046987,-1.115472491113883,1.6233263541428682,-2.0385600714536523,0.034628342037029594,-0.0008753133364918231,0.0037117137214330853,0.0011512660485533122,-0.002596481409907314,-0.001851589414230137,-0.00034851867027363426,0.00014884203080328673
126,0.03150000000000002,0.034513894891599346,0.0003417502907407485,0.34175029074074853,2.663139406262566,152.58664823382094,1,0.0011582497092592515,0.47670791807523294,4.244536944272021,0.015486105108400657,nan,0,1,1,0.03859055579362506,5.364956504203542e-13,2.1956744206858196e-09,-0.770116092765044,-1.8966939588287042,-1.8305459401950568,-1.1191510495807055,1.6227509560816766,-2.038648362907565,0.2629103883936827,-0.565500614697241,-0.012394585315769535,-2.985381373685943,0.45840442638697393,0.12154549973364756,0.493345323061623,-0.659607395033313,-0.01656004894946191,0.49311074022449236,-0.6596216811975938,-0.016311935952512385,1.0,0.0,0.0,-0.8877081196259261,0.4602685693382345,0.011275567814409143,-0.7694213311396721,-1.900368841893915,-1.831679192668494,-1.116460469814557,1.624675354987045,-2.0383340720889307,0.03439462743430276,-0.0006947616253718536,0.00367488306521091,0.0011332524734373184,-0.0026905797661485042,-0.0019243989053683297,-0.00031429081863443287,0.00011926745729658877
127,0.03175000000000002,0.034250437543100906,0.00031794119962941155,0.31794119962941153,2.6590234001693522,152.35081845622966,1,0.0011820588003705885,0.48082392416844666,4.244800849976402,0.015749562456899097,nan,0,1,1,0.03859711935220907,5.322809493813465e-13,2.194715814171318e-09,-0.7683108682500541,-1.8961892644466256,-1.8314857502145763,-1.1202314398992703,1.624073105923772,-2.0383844572031844,0.26355672910927513,-0.5637533586001541,-0.012423780803212547,-2.9838247418682595,0.45600796525389137,0.12237362592372962,0.49359532306162296,-0.659607395033313,-0.01656004894946191,0.49338980174248587,-0.6596280914401003,-0.016318348199467137,1.0,0.0,0.0,-0.8858055688051821,0.4639241149635081,0.011086470540861471,-0.7678057241252362,-1.8998480646907847,-1.8325874605274663,-1.1174216489358115,1.62606256187212,-2.0381046310861946,0.034161118399408205,-0.0005051441248179467,0.0036588002441590994,0.0011017103128900807,-0.0028097909634587914,-0.0019894559483479846,-0.0002798261169898453,8.9319143692701e-05
128,0.03200000000000002,0.033987143131651104,0.00029574049562493314,0.29574049562493315,2.654853385428758,152.11189421108628,1,0.001204259504375067,0.48499393890904097,4.245075582406404,0.0160128568683489,nan,0,1,1,0.03860378251789722,5.280708325112646e-13,2.1937550177041456e-09,-0.7664402902998103,-1.8956926334928277,-1.8324109454196233,-1.1213061319913817,1.6254431747583593,-2.0381097247731828,0.26425915603163547,-0.5619788444197141,-0.012452687691404618,-2.9822517266874713,0.4535360771839807,0.1231557886693347,0.493845323061623,-0.659607395033313,-0.01656004894946191,0.49366890683694004,-0.659634616871272,-0.016324255124353555,1.0,0.0,0.0,-0.8838627500670545,0.46761893906273005,0.010916358080897602,-0.7661344822847865,-1.8993760252652059,-1.8334289197218567,-1.1183011072553863,1.6274577673059454,-2.0378792509509447,0.033927805468230036,-0.0003058080150237785,0.0036833917723781973,0.001017974302233382,-0.0030050247359953985,-0.0020145925475860693,-0.00023047382223806423,5.9337663421067666e-05
129,0.03225000000000002,0.03372431016911973,0.0002752950072943862,0.27529500729438616,2.6506217404039307,151.86943881076616,1,0.001224704992705614,0.48922558393386817,4.245353441222276,0.01627568983088027,nan,0,1,1,0.038610273269184606,5.238730445437572e-13,2.1928211931462162e-09,-0.7645014813603463,-1.8952167839122738,-1.8333125674186974,-1.122361841259419,1.6268586604327797,-2.0378318659573105,0.26502533419625507,-0.5601854090709992,-0.012486409708984514,-2.9806722023836163,0.45097377466287797,0.12388276801340263,0.49409532306162296,-0.659607395033313,-0.01656004894946191,0.4939478508185654,-0.6596409761815276,-0.01633002376594198,1.0,0.0,0.0,-0.8818755059260877,0.4713597896787376,0.010748987004516765,-0.7644066914729533,-1.8989212839157381,-1.8342473844455602,-1.1191605963952802,1.628884742095316,-2.03765466223234,0.03369471118443912,-9.478988739308747e-05,0.0037045000034643394,0.000934817026862822,-0.0032012448641387525,-0.002026081662536372,-0.0001772037249705427,2.959898468061356e-05
130,0.03250000000000002,0.03346219632160827,0.00025729676818177314,0.25729676818177316,2.646340187984527,151.62412392737028,1,0.0012427032318182269,0.4935071363532719,4.245627627537845,0.016537803678391735,nan,0,1,1,0.038616717383284385,5.196904909492183e-13,2.1919033610014146e-09,-0.7624972406452073,-1.8947664133910664,-1.8341775631733885,-1.1233866708057598,1.6283111841090387,-2.037557679641741,0.26586093770421804,-0.5583875115186614,-0.012523457320176457,-2.979105627796435,0.44831642668507593,0.1245371457181307,0.494345323061623,-0.659607395033313,-0.01656004894946191,0.4942263057735933,-0.6596472994911401,-0.01633545120612426,1.0,0.0,0.0,-0.8798487526400088,0.47513571457090176,0.010593640404468774,-0.7626287615312836,-1.8984958412105795,-1.8350252591723444,-1.1199736272919438,1.630338630846959,-2.037413277497469,0.03346180634479471,0.000131520886076264,0.0037294278195130204,0.0008476959989558441,-0.0034130435138159942,-0.0020274467379202132,-0.00014440214427224873,3.8997681355706915e-07
131,0.03275000000000002,0.0332011034762229,0.00024222411651515197,0.24222411651515197,2.6420307894001853,151.37721357624787,1,0.001257775883484848,0.4978165349376136,4.245904568016237,0.016798896523777106,nan,0,1,1,0.03862340141277188,5.1552520909247e-13,2.1909747321739507e-09,-0.7604406369065815,-1.894353347666466,-1.8349907148762465,-1.1243599719912873,1.6297949040369035,-2.037280739163349,0.2667706602391854,-0.5566023075094303,-0.012566407495717247,-2.977566629679775,0.4455943526870064,0.12509478015923062,0.49459532306162296,-0.659607395033313,-0.01656004894946191,0.49450382262991094,-0.6596538706644315,-0.01634064017723482,1.0,0.0,0.0,-0.8777925311488471,0.47892709137879064,0.01044573610387524,-0.7608013277328982,-1.8980854124581337,-1.835787386630587,-1.120750554150893,1.6318335146626852,-2.0371881027337575,0.033229221950551384,0.0003606908263167341,0.0037320647916676553,0.0007966717543403945,-0.003609417840394258,-0.0020386106257817005,-9.263642959167484e-05,-2.8118474328486798e-05
132,0.03300000000000002,0.032941335647508695,0.00022975287911132126,0.22975287911132125,2.6376937138552625,151.12871745209438,1,0.0012702471208886788,0.5021536104825364,4.246174215892703,0.017058664352491308,nan,0,1,1,0.0386302144331165,5.113831582754102e-13,2.190047220345929e-09,-0.7583344412970695,-1.8939941163402314,-1.835746391141623,-1.1252682893438464,1.6313040070636182,-2.037011091286883,0.2677558443202799,-0.5548387009937391,-0.012623884796220564,-2.976062166800596,0.4427967152471352,0.12555682524063838,0.494845323061623,-0.659607395033313,-0.01656004894946191,0.4947801214870474,-0.6596605642506917,-0.016346254247806,1.0,0.0,0.0,-0.8757066449655408,0.4827341988684083,0.01027449298371684,-0.7589129307656893,-1.897713272797806,-1.8364986747697198,-1.1214797684533602,1.6333357460575026,-2.0369615042084,0.032996827443746934,0.000578489468619825,0.0037191564575747016,0.0007522836280968725,-0.0037885208904862022,-0.0020317389938844244,-4.9587078482904445e-05,-5.54917962382398e-05
133,0.03325000000000002,0.032683139262603585,0.0002207151416967697,0.2207151416967697,2.6333654497313526,150.88072618517646,1,0.0012792848583032302,0.5064818746064463,4.246435180598748,0.017316860737396418,nan,0,1,1,0.03863779805542584,5.072615590325595e-13,2.1890555756318056e-09,-0.7561898677525517,-1.8936796526652593,-1.836441641035888,-1.1261133307124194,1.6328261223104745,-2.0367501265808374,0.2688086585137006,-0.5531059505341704,-0.012688923451238177,-2.974605402389359,0.43993851735528855,0.12592083193870604,0.49509532306162296,-0.659607395033313,-0.01656004894946191,0.49505466017722705,-0.6596680337593018,-0.01635175913089825,1.0,0.0,0.0,-0.8736085744990567,0.4865243663736922,0.010104429048865776,-0.7569758124698611,-1.8973668495552753,-1.8371711664387373,-1.122163614074891,1.6348583646748984,-2.0367355541494208,0.03276471136435988,0.000785944717309417,0.0036871968900160645,0.0007295254028494291,-0.003949716637528411,-0.0020322423644238974,-1.457243141667064e-05,-8.157210175629287e-05
134,0.03350000000000002,0.032426789222284924,0.00021540065214375038,0.21540065214375037,2.6290626396798045,150.63419332917627,1,0.0012845993478562496,0.5107846846579944,4.246692877044395,0.01757321077771508,nan,0,1,1,0.038646321749630445,5.031632774106705e-13,2.1879839822767746e-09,-0.7540208953941125,-1.893410788883264,-1.8370653402796164,-1.1268883325192867,1.634355798815824,-2.0364924301351914,0.26992845914092356,-0.5514163277437449,-0.012758190259956281,-2.973206325315618,0.43704905719365,0.12617020543852592,0.495345323061623,-0.659607395033313,-0.01656004894946191,0.495327056573186,-0.6596764549252548,-0.01635683844857892,1.0,0.0,0.0,-0.8715066205338481,0.4902827735018803,0.009950496117044794,-0.754987090760566,-1.8970563794013122,-1.8377971118020264,-1.1227945255555187,1.636400485332747,-2.0365113467696894,0.03253281875778531,0.0009661953664534817,0.0036455905180481363,0.0007317715224099963,-0.004093806963767932,-0.002044686516923022,1.8916634497934126e-05,-0.00010602953550038763
135,0.03375000000000002,0.03217255426885151,0.00021245322657831894,0.21245322657831894,2.6247445045444033,150.38678241055064,1,0.0012875467734216812,0.5151028197933956,4.246939853269203,0.017827445731148493,nan,0,1,1,0.03865481374160266,4.991027252495791e-13,2.186933170976556e-09,-0.7518196700720042,-1.893200794855664,-1.8376203053698865,-1.1275882371312884,1.6358998800980422,-2.036245453910383,0.2711197776521268,-0.5497643945491474,-0.01284141850300502,-2.971855694018686,0.43410464127601134,0.12631225862543533,0.49559532306162296,-0.659607395033313,-0.01656004894946191,0.49559743202676737,-0.6596848406115733,-0.016362225522746344,1.0,0.0,0.0,-0.8693809586958221,0.4940456841753035,0.009778067543727117,-0.7529506054193836,-1.8967748983374961,-1.838382084727891,-1.1233791987489727,1.6379595210634093,-2.036288922115974,0.03230119192553185,0.0011309353473794026,0.0035741034818321804,0.0007617793580045884,-0.004209038382315677,-0.0020596409653670378,4.3468205590979636e-05,-0.00012863765668034294
136,0.03400000000000002,0.03192061935573249,0.00021113950595837223,0.21113950595837222,2.6203568328457374,150.1353873403281,1,0.0012888604940416279,0.5194904914920615,4.247178433051205,0.018079380644267513,nan,0,1,1,0.038662387101376636,4.950904279524653e-13,2.185986092707484e-09,-0.7495828213722682,-1.8930501596897664,-1.8381039203796243,-1.1282047700341722,1.6374529258287052,-2.0360068741283817,0.2723872259801283,-0.5481541568561675,-0.012938518658498155,-2.97056430039165,0.43110384842408606,0.12633984422026423,0.495845323061623,-0.659607395033313,-0.01656004894946191,0.49586600832478595,-0.6596923056405465,-0.01636784541244069,1.0,0.0,0.0,-0.867204462362696,0.49785986867263426,0.009590183704952612,-0.7508675140564762,-1.8965271204080312,-1.8389211827867442,-1.1239077588187123,1.639535023959115,-2.036065865298184,0.032069795331428536,0.0012846926842080553,0.0034769607182647544,0.0008172624071198786,-0.004297011215459889,-0.0020820981304099373,5.899116980234709e-05,-0.00014917597569604618
137,0.034250000000000023,0.03167120345495817,0.00021055971502517766,0.21055971502517765,2.615878978503062,149.87882518521846,1,0.0012894402849748224,0.5239683458347368,4.247408806437374,0.018328796545041832,nan,0,1,1,0.03866851772141398,4.911350454126822e-13,2.1851980084692066e-09,-0.7473071084281783,-1.8929615345556243,-1.8385180944755737,-1.1287390502165235,1.639017656160437,-2.035776500742213,0.2737317837535398,-0.5465815193056096,-0.01305183377397967,-2.969326821923139,0.4280415295247886,0.1262578125666994,0.49609532306162296,-0.659607395033313,-0.01656004894946191,0.4961327854376922,-0.6596983230753505,-0.016373866095412554,1.0,0.0,0.0,-0.8649660180500912,0.5017427952538409,0.009378434274000846,-0.7487428334477002,-1.8963185062617813,-1.8394053153077548,-1.1243774199701568,1.6411208917519908,-2.0358484848054768,0.03183871282061292,0.0014357250195219384,0.003356971706157008,0.0008872208321810682,-0.00436163024636671,-0.002103235591553787,7.198406326391904e-05,-0.00016750936565475272
138,0.034500000000000024,0.03142454212920144,0.0002100973571823043,0.2100973571823043,2.6113039094687576,149.6166930385718,1,0.0012899026428176957,0.5285434148690413,4.247631198774659,0.018575457870798562,nan,0,1,1,0.03867308622600689,4.872406694499766e-13,2.184578717197803e-09,-0.7449986587294365,-1.8929316219993841,-1.8388694935729855,-1.1292003879021326,1.6406039524670397,-2.0355541084049267,0.27514689893510297,-0.5450381886340147,-0.013181556517763926,-2.9681255644411553,0.4249262414897785,0.12607221819812908,0.496345323061623,-0.659607395033313,-0.01656004894946191,0.49639758649329035,-0.6597027741653473,-0.016380292852547988,1.0,0.0,0.0,-0.8626610647690499,0.5056998233366794,0.009141991510627258,-0.7465688109249069,-1.8961366102503967,-1.8398583581263759,-1.1248093097734193,1.642727693781088,-2.0356322827843605,0.031607907299269135,0.001570152195470409,0.003204988251012564,0.0009888645533904228,-0.0043910781287133105,-0.002123741314048244,7.817437943380412e-05,-0.00018336517006769387
139,0.034750000000000024,0.031180770026635364,0.00020943544092330582,0.20943544092330582,2.6066532990411626,149.3502326889111,1,0.0012905645590766941,0.5331940252966363,4.247849966440697,0.01881922997336464,nan,0,1,1,0.03867650751676675,4.834047750352296e-13,2.1840850568400125e-09,-0.742662893074741,-1.8929552374144192,-1.8391628333641445,-1.1295941078905565,1.6422035068685976,-2.03533534073889,0.27662363654276445,-0.5435239192825791,-0.013325606331768047,-2.966961579827108,0.4217720407501106,0.12579626873395225,0.49659532306162296,-0.659607395033313,-0.01656004894946191,0.49666009614091833,-0.6597060760546212,-0.016387046902806637,1.0,0.0,0.0,-0.8602995472327212,0.5097114474415274,0.008884220744554423,-0.7443450415361788,-1.8959792502445667,-1.8402797091277914,-1.1252039305150467,1.6443566564704508,-2.0354173345277395,0.03137739162159604,0.0016821484614377713,0.0030240128301475266,0.0011168757636468296,-0.0043901773755097295,-0.0021531496018531993,8.199378884965469e-05,-0.00019662159496067894
140,0.035000000000000024,0.030939976543108108,0.00020816667174315863,0.20816667174315862,2.60192321063752,149.0792185866586,1,0.0012918333282568415,0.5379241137002788,4.248065223089366,0.019060023456891895,nan,0,1,1,0.038678743973128885,4.796285547311466e-13,2.183719163968414e-09,-0.7402970016636784,-1.8930251231968134,-1.8394062557404285,-1.1299278421848007,1.6438143445463436,-2.0351200840902206,0.27815685944879026,-0.5420324780213377,-0.01348212526749143,-2.965831488900749,0.4185743626319625,0.1254424138906386,0.496845323061623,-0.659607395033313,-0.01656004894946191,0.4969202525767124,-0.6597081932601917,-0.016394040972390927,1.0,0.0,0.0,-0.8578785857762207,0.5137803190011925,0.008609057650213713,-0.742090207217718,-1.8958686224999552,-1.8406286102359237,-1.1255189575295093,1.645981824466732,-2.0352078443260972,0.031147162847577046,0.001793205554039612,0.002843499303141872,0.001222354495495237,-0.004408884655291434,-0.002167479920388349,8.776023587664383e-05,-0.00020718630446893774
141,0.035250000000000024,0.030702326566612058,0.00020647527395587482,0.2064752739558748,2.5970869873166125,148.80212340158786,1,0.0012935247260441253,0.5427603370211864,4.248276970253519,0.019297673433387945,nan,0,1,1,0.03867927042301143,4.759192832273983e-13,2.1835340780250428e-09,-0.7379040394590481,-1.8931235618281965,-1.839593629786618,-1.130206335250334,1.6454408068081612,-2.0349083369260677,0.2797508244931288,-0.540566811657443,-0.01363843488815042,-2.9647424885110794,0.4153380549483978,0.12498331278808757,0.49709532306162296,-0.659607395033313,-0.01656004894946191,0.4971781343399226,-0.6597086172151652,-0.01640027285349438,1.0,0.0,0.0,-0.8553834578348787,0.5179277398961548,0.00836637965354811,-0.7397897082649272,-1.8957847332878437,-1.8409466613400873,-1.1257932491923346,1.6476287049105838,-2.0350051098745485,0.030917245258660374,0.0018856688058790372,0.0026611714596471714,0.0013530315534693305,-0.004413086057999394,-0.002187898102422592,9.677294848087215e-05,-0.00021491869204831593
142,0.035500000000000025,0.030468034491818285,0.0002042225564883299,0.20422255648832988,2.592075106015046,148.51496375558756,1,0.0012957774435116702,0.5477722183227529,4.248487675912623,0.019531965508181717,nan,0,1,1,0.03867679819567836,4.722920929721716e-13,2.1836600194549703e-09,-0.7354750420040846,-1.8932363060642936,-1.8397167736670923,-1.130433413646703,1.647087435279885,-2.0346976312669636,0.28141749856458215,-0.5391268867076945,-0.013783115961808035,-2.9637037117281912,0.4120537185312495,0.12439363514613555,0.497345323061623,-0.659607395033313,-0.01656004894946191,0.49743413667566677,-0.6597060715053241,-0.01640486535364537,1.0,0.0,0.0,-0.8527765945540213,0.5222114681989543,0.008201357347349614,-0.7374479367846943,-1.8957332480634588,-1.8412182589795492,-1.1260189229872934,1.6492827165350783,-2.034805343121188,0.030687651881139637,0.001972894780609691,0.00249694199916517,0.0015014853124568628,-0.004414490659409465,-0.0021952812551933043,0.00010771185422431273,-0.00021961738932135128
143,0.035750000000000025,0.03023727072656241,0.0002015155034742603,0.20151550347426028,2.586810513366532,148.2133248159721,1,0.0012984844965257397,0.5530368109712671,4.248703389526084,0.01976272927343759,nan,0,1,1,0.03867001879097543,4.687610508152156e-13,2.18422800154539e-09,-0.7329977466969233,-1.8933432842409657,-1.8397761096591918,-1.1306222726187534,1.648769009284441,-2.034481917653502,0.2831666302809033,-0.5377008767201771,-0.013904006604609276,-2.962708706331973,0.4087120037101014,0.12365469010109358,0.49759532306162296,-0.659607395033313,-0.01656004894946191,0.49768874335589697,-0.6596992588977982,-0.016406940565759115,1.0,0.0,0.0,-0.8500152198492973,0.5266949111094525,0.00816067619482904,-0.7350728206221191,-1.895725333662475,-1.8414296684820155,-1.1261750456873074,1.6509365991769287,-2.034607926846844,0.030458357109740725,0.0020750739251957917,0.0023820494215094357,0.0016535588228236975,-0.004447226931445947,-0.0021675898924877757,0.00012600919334193605,-0.00022108638317831428
144,0.036000000000000025,0.030010209327373985,0.00019901997506135502,0.19901997506135502,2.581286530813558,147.8968239295828,1,0.001300980024938645,0.5585607935242409,4.248925164429231,0.019989790672626018,nan,0,1,1,0.038658902212480625,4.653280442938969e-13,2.1852405424926113e-09,-0.7304720542438295,-1.8934254945557991,-1.8397766813464302,-1.1307878349180538,1.6504882678813355,-2.0342601427503557,0.28499396076027816,-0.5362822619891893,-0.013990736216102695,-2.961753831019312,0.4053138458975256,0.12276555625965235,0.497845323061623,-0.659607395033313,-0.01656004894946191,0.49794184441681866,-0.6596881575553029,-0.01640587374553322,1.0,0.0,0.0,-0.8470924631237237,0.5313810404383333,0.008279419161839814,-0.7326570400836923,-1.8957493803874461,-1.841598600491903,-1.1262835311002508,1.6525986902326006,-2.0344131456540073,0.030229392393580985,0.0021849858398627076,0.002323885831646999,0.0018219191454726946,-0.004504303817802979,-0.0021104223512651288,0.00015300290365161118,-0.00021918306620699948
145,0.036250000000000025,0.029787095082821603,0.00019750887350971093,0.1975088735097109,2.576241760794298,147.60777989886506,1,0.0013024911264902892,0.5636055635435011,4.24915699315455,0.0202129049171784,nan,0,1,1,0.038645164912016756,4.619796169652477e-13,2.186521837675022e-09,-0.7279069426394303,-1.8934631161223194,-1.8397445115489484,-1.1309566595740062,1.652238926403599,-2.034028314025037,0.2868716722414746,-0.5348556210900747,-0.014038771118018656,-2.960820575789553,0.40187719528070287,0.12177126220876802,0.49809532306162296,-0.659607395033313,-0.01656004894946191,0.49819241019429295,-0.6596744848083443,-0.01640167342776982,0.9999997911737828,-0.0006462603119086725,0.0,-0.8440543332597368,0.5361893249885222,0.008560973882351601,-0.7298841494733668,-1.8957933190237337,-1.8416599985530804,-1.1266831724194972,1.6538775488999542,-2.0340765333701807,0.030000785187396566,0.001977206833936429,0.00233020290141428,0.0019154870041320216,-0.004273487154508926,-0.0016386224963551577,4.821934514387394e-05,-0.0002136901045749623
146,0.036500000000000025,0.02956812908327185,0.00019771858478632255,0.19771858478632254,2.580804799380049,147.86922275158395,1,0.0013022814152136774,0.55904252495775,4.249401218654722,0.020431870916728153,nan,0,1,1,0.0386325921038474,4.586832585470617e-13,2.1876870511373616e-09,-0.7253436417135701,-1.8934389210957687,-1.839701113987869,-1.1311577076658923,1.6540010298756274,-2.033784088524864,0.28875176312616957,-0.5334214770687258,-0.014042691569887467,-2.9598940476591,0.3984652713985553,0.12072540778771051,0.498345323061623,-0.659607395033313,-0.01656004894946191,0.498438391937395,-0.6596620292731308,-0.016394380838553445,0.9999411502991525,-0.010848775894435336,0.0,-0.8410173822870246,0.5409331167225843,0.00900699305383482,-0.7267841186712873,-1.8958950015451759,-1.8416205107794879,-1.1273197490268714,1.6548087793075656,-2.033613556028882,0.029772613195012038,0.0014404769577172072,0.0024560804494071498,0.0019193967916188992,-0.003837958639020922,-0.0008077494319382872,-0.00017053249598220077,-0.00020448411174018785
147,0.036750000000000026,0.029353477617589104,0.00019958966442079517,0.19958966442079518,2.587196027525747,148.23541315023766,1,0.001300410335579205,0.5526512968120518,4.249657469115691,0.0206465223824109,nan,0,1,1,0.03862512042722485,4.554054783544073e-13,2.188334173002448e-09,-0.7228236691618071,-1.8933393930331393,-1.8396718452641336,-1.1314188004145922,1.655757229082899,-2.0335278380638955,0.29058446395529286,-0.5319783960366318,-0.014000946735035047,-2.958954348510433,0.39513773828426574,0.11968659652916075,0.4985953093324713,-0.6596080543184912,-0.01656004894946191,0.4986776190685092,-0.6596547289568877,-0.0163843144348453,0.9997448454863214,-0.022588579493441084,0.0,-0.8381119567866693,0.5454136972995757,0.009604514002655636,-0.7235504247796737,-1.8960687809902612,-1.8414948543273042,-1.1279810930991931,1.6555960248283101,-2.0331103139616418,0.02954459140994093,0.0007267556178666146,0.002729387957121965,0.0018230090631705664,-0.0034377073153990523,0.00016120425458887588,-0.00041752410225370795,-0.0001911137923518262
148,0.037000000000000026,0.029143333502771925,0.00020159426732974228,0.20159426732974228,2.616856232548306,149.934817717523,1,0.0012984057326702577,0.5229910917894931,4.249924229629826,0.020856666497228078,nan,0,1,1,0.03862593668932322,4.521211281806633e-13,2.188137430770495e-09,-0.720375617360457,-1.8931616367726067,-1.839681065995934,-1.131753446730504,1.657484526318677,-2.03326107754976,0.29232913699689556,-0.5305273770971711,-0.01391899498848137,-2.957992723862304,0.391933725427572,0.11871376765207664,0.49884509260074444,-0.6596184619546693,-0.01656004894946191,0.498908185615349,-0.6596557648283021,-0.016372251143971374,0.9983695687849893,-0.057080680830509684,0.0,-0.8354544577179327,0.5494628588305622,0.010315805590481786,-0.7202915910383191,-1.8962481376368074,-1.8413788331386445,-1.1286863085729346,1.6563391030578944,-2.032595787732181,0.02931379758691636,-8.402632213788674e-05,0.003086500864200703,0.0016977671427105268,-0.0030671381575693157,0.0011454232607825965,-0.0006652898175789623,-0.00017046408414443312
149,0.037250000000000026,0.028937861216652653,0.00020591239146543411,0.2059123914654341,2.6526304090736743,151.98452704798262,1,0.0012940876085345658,0.4872169152641246,4.250199199495015,0.02106213878334735,nan,0,1,1,0.038638465710324504,4.4880316116748314e-13,2.1867473698420947e-09,-0.7180261263879876,-1.8929259983967335,-1.8397627256589666,-1.132173353359428,1.6591705700581194,-2.032986107684572,0.2939410709542852,-0.5290582798646996,-0.013819729594302443,-2.956974121419385,0.3888881299135993,0.11789454041875257,0.49909458177939464,-0.6596321807548405,-0.01656004894946191,0.4991280487797636,-0.6596685305649787,-0.016360152565932234,0.9952959871542741,-0.09688084410552461,0.0,-0.8331746460891999,0.5528997672748907,0.01103886142264771,-0.7170164971329163,-1.8964718911160714,-1.841188677709854,-1.129342062842785,1.657020149699708,-2.032081030321464,0.02908155699435788,-0.0010096292550713093,0.0035458927193379175,0.001425952050887469,-0.0028312905166429925,0.002150420358411509,-0.0009050773631082976,-0.00014369577770522585
150,0.037500000000000026,0.02873730269525981,0.00021211190229211994,0.21211190229211993,2.7222854220651604,155.97546531432369,1,0.00128788809770788,0.41756190227263845,4.250481169431271,0.021262697304740192,nan,0,1,1,0.03866622891572949,4.4542574048783626e-13,2.183808541027649e-09,-0.7158086106912555,-1.892659270473856,-1.8399513433264028,-1.1326853728307904,1.6608056676110827,-2.0327041377483153,0.29537323881061084,-0.5275626059373312,-0.013730465018810256,-2.95585882378356,0.3860478478525152,0.11731616461866207,0.4993422893214057,-0.6596659590560238,-0.01656004894946191,0.4993350028463856,-0.6596965018178799,-0.0163502740556496,0.9856021100395863,-0.16908128425557706,0.0,-0.8314110992811383,0.5555355899991335,0.0116529925960629,-0.7138958634880581,-1.8966785576524599,-1.8410270858246573,-1.1299940594486653,1.65765916738041,-2.031590938678576,0.02884360121028894,-0.0019127472031973403,0.004019287178603781,0.001075742498254595,-0.002691313382125138,0.003146500230672755,-0.001113199069739057,-0.00010629851502912818
151,0.03775000000000003,0.028541977826561087,0.0002264397552465955,0.22643975524659551,2.8176420321067264,161.43899661838023,1,0.0012735602447534046,0.3222052922310725,4.250771864269851,0.021458022173438916,nan,0,1,1,0.03871402327918237,4.4195546101972427e-13,2.1788559529858247e-09,-0.7137650597817514,-1.8923672922736159,-1.8402826256349065,-1.1333103569564598,1.6623585701758565,-2.032413442909735,0.29656531897566674,-0.5260398761289775,-0.01366486217946733,-2.9546259900638003,0.38347697803238423,0.11707656392878028,0.49958659437773023,-0.6597149027879038,-0.01656004894946191,0.4995260570535589,-0.6597444439131654,-0.016343860334922224,0.9645144767469338,-0.26402996827176317,0.0,-0.8303616696880554,0.557093688917844,0.012087980839385198,-0.7109098393106429,-1.896892358524756,-1.840849550484252,-1.1306083534907876,1.6582356325956615,-2.0311218469267063,0.028601180959068054,-0.0028552204711085327,0.00452506625114002,0.000566924849345396,-0.002702003465672176,0.004122937580194996,-0.0012915959830288593,-5.920313250696793e-05
152,0.03800000000000003,0.028352178941631292,0.0002537161038846157,0.25371610388461574,2.957854445038221,169.4725761147004,1,0.0012462838961153843,0.18199287929957775,4.251066647654829,0.02164782105836871,nan,0,1,1,0.03878563072500338,4.3836816166115917e-13,2.171537041398261e-09,-0.7119411697179968,-1.8920463898428208,-1.8407797704178397,-1.134064442049949,1.6638001564100493,-2.032118659524757,0.29746597163042254,-0.5245002464706401,-0.013627121596189007,-2.953269662468425,0.38123597261508796,0.11723751104522706,0.49982499004401376,-0.659790185629888,-0.01656004894946191,0.499698850194074,-0.6598161214082927,-0.016341444432065522,0.9179491752917803,-0.39669801055858644,0.0,-0.8301834149885121,0.557354418832828,0.012310535550189978,-0.7081712194583059,-1.8970445182384155,-1.8407749535115852,-1.1312588666974996,1.6588195218738244,-2.0306824982821614,0.028352474985979773,-0.0037699502596909573,0.004998128395594659,-4.816906254534459e-06,-0.0028055753524494076,0.004980634536224882,-0.0014361612425957127,-2.9604434848007344e-07
153,0.03825000000000003,0.028168158574634766,0.000287035490744383,0.287035490744383,3.1045404687029774,177.87706618424704,1,0.001212964509255617,0.0353068556348215,4.251358932796778,0.021831841425365237,nan,0,1,1,0.03888268101908772,4.346606317718745e-13,2.1617445955687598e-09,-0.7103674658964391,-1.8916835255968927,-1.841453923864022,-1.1349634156679886,1.6651135818841636,-2.031826374382808,0.29804429519086423,-0.5229527390197048,-0.013611966898650296,-2.9517907671916284,0.37936015503169007,0.11782478324534594,0.5000399480899764,-0.6599143694345022,-0.01656004894946191,0.4998522416613086,-0.6599131632744042,-0.016342898737024863,0.8110851847206502,-0.5849280495297424,0.0,-0.8309622600303663,0.5561922845287143,0.012323353275623027,-0.7061203820179489,-1.8970319649387966,-1.8409609824563677,-1.1319526463518932,1.6593768690862833,-2.0303515292063783,0.028100799750258636,-0.004247083878490154,0.005348439341903877,-0.0004929414076542127,-0.003010769316095452,0.005736712797880239,-0.0014748451764297066,6.735882437612986e-05
154,0.03850000000000003,0.027990246929184306,0.00032280373667446566,0.32280373667446566,2.8645781928127945,164.1282405333857,1,0.0011771962633255343,0.27526913152500443,4.251650035964386,0.022009753070815697,nan,0,1,1,0.03900238930986223,4.308697105935452e-13,2.1498258832550517e-09,-0.7090406453207524,-1.8912430241850986,-1.8422777346074741,-1.1360054299465838,1.666296022301255,-2.0315352712152004,0.2983239943685148,-0.5214173687383941,-0.013588854587098798,-2.9502323133094546,0.3778471017671926,0.11876057586442722,0.500225135938438,-0.6600758692086814,-0.01656004894946191,0.4999874045954382,-0.6600328331201446,-0.01634596028546968,0.6496993282329686,-0.7601912804640877,0.0,-0.8326228489818093,0.5537050078337302,0.012245638132169483,-0.7047398315754677,-1.896853112607913,-1.8414086478165226,-1.132692131342673,1.6599534117748784,-2.0301090357096987,0.027854972715686925,-0.004300813745284682,0.005610088422814297,-0.0008690867909515454,-0.0033132986039108303,0.006342610526376635,-0.001426235505501694,0.0001352742134973807
155,0.03875000000000003,0.02781872128133254,0.00035067911547153447,0.35067911547153446,2.6190188575430833,150.05872700239325,1,0.0011493208845284656,0.5208284667947156,4.2519449042014905,0.02218127871866746,nan,0,1,1,0.03915102116871458,4.269540693742447e-13,2.13525503608131e-09,-0.7080416608351239,-1.890714530214621,-1.8432964077607379,-1.137230696208161,1.6672977677247636,-2.0312404029780957,0.29821003490766984,-0.519902794561088,-0.013562961509093807,-2.948571045663954,0.3768216739082316,0.12016817113445043,0.5003638109874943,-0.6602838817822658,-0.01656004894946191,0.500101121136157,-0.6601813774991375,-0.016351571718156765,0.44977001256833726,-0.8931444092610544,0.0,-0.8353923558434088,0.5495225666514594,0.0120233331149018,-0.7043653532404739,-1.8964306117447218,-1.8422192372466526,-1.1335172145734491,1.660473464741059,-2.030008284084258,0.027625734233861936,-0.0036763075946499857,0.005716081530100725,-0.0010771705140852905,-0.003713481634711968,0.006824302983704511,-0.0012321188938377858,0.00019298704747060594
156,0.03900000000000003,0.02765391211511772,0.0003612782076194243,0.3612782076194243,2.460970234836778,141.00320796346645,1,0.0011387217923805757,0.6788770895010208,4.252239423109055,0.022346087884882283,nan,0,1,1,0.03932505664264202,4.22958202353862e-13,2.1184883735875813e-09,-0.7073732842410776,-1.8900784672150066,-1.8444781593203097,-1.1386305499493512,1.6681134441820478,-2.0309458840705314,0.29772510697100474,-0.518434046098436,-0.013511956404790582,-2.94684757201439,0.376281168652523,0.1219758827032842,0.5004462595351549,-0.6605188430153616,-0.01656004894946191,0.5001952585606495,-0.6603553118888393,-0.016358113254854863,0.3100847346233109,-0.9507089235689287,0.0,-0.8391469780255266,0.5437779269566181,0.011743739838290867,-0.7047486479733718,-1.8957630877743037,-1.8432863803272606,-1.1346632949555386,1.6605929804596968,-2.0299343351155974,0.027429762725023468,-0.0026246362677058155,0.005684620559297082,-0.0011917789930491196,-0.003967254993812563,0.007520463722350934,-0.0010115489549340495,0.00022414939009425192
157,0.03925000000000003,0.027495849568113583,0.0003700763509066134,0.3700763509066134,2.3317779503301517,133.6010353155834,1,0.0011299236490933866,0.8080693740076472,4.252520193549351,0.02250415043188642,nan,0,1,1,0.03952425559368887,4.188934727607668e-13,2.0996676895872665e-09,-0.7070591449325434,-1.8893443716308482,-1.8458280267039293,-1.1401996781517645,1.668720484618373,-2.030665113630235,0.2968484640986053,-0.5170261304795073,-0.013443068773881572,-2.9450706946005862,0.3762386700924378,0.12420758134340497,0.5005093826403573,-0.660759966815859,-0.01656004894946191,0.5002704980320131,-0.6605543861270637,-0.016366071554410194,0.19355499742955595,-0.9810894265917071,0.0,-0.8438592711193695,0.5364439120932035,0.011378036914422998,-0.7054878034517242,-1.8950277706791627,-1.8444232281540798,-1.1358985809279822,1.660507824772978,-2.029876533216608,0.027255313956052348,-0.0015713414808191661,0.005683399048314497,-0.0014047985498495397,-0.0043010972237822465,0.008212659845394876,-0.0007885804136269492,0.00024053561206123508
158,0.03950000000000003,0.027344553465666003,0.00036928921094660125,0.3692892109466012,2.2488687823528375,128.8506899075421,1,0.0011307107890533988,0.8909785419849614,4.252778630020924,0.022655446534334,nan,0,1,1,0.039739764396884106,4.148406223690723e-13,2.079732999995511e-09,-0.7070736097793741,-1.8884948272602324,-1.8472574687910226,-1.1418777888975153,1.669113375651179,-2.030406677158662,0.29566857086873266,-0.5157387594444641,-0.013320020538918675,-2.9433509397353483,0.37664265811284164,0.1266650177513172,0.5005431609415406,-0.6610076743578701,-0.01656004894946191,0.5003317646074865,-0.6607698032548055,-0.01637268980344315,0.12159830860891935,-0.9925793929673585,0.0,-0.8492037811680134,0.5279490095358603,0.011080675974552286,-0.7066507598137801,-1.8941745385371827,-1.8456992469564704,-1.1373033804705708,1.6601967864168228,-2.029832301444043,0.02710572372460164,-0.00042284996559394106,0.005679711276950217,-0.0015582218345522314,-0.004574408426944565,0.00891658923435612,-0.0005743757146192685,0.00023882974106436208
159,0.03975000000000003,0.027199864131353217,0.0003647727660341231,0.3647727660341231,2.1847100531377466,125.1746655045947,1,0.001135227233965877,0.9551372712000523,4.253007430562299,0.022800135868646786,nan,0,1,1,0.03996873941137383,4.10824641736521e-13,2.059020839792407e-09,-0.7074259509250337,-1.8875642013447007,-1.8487460399212872,-1.1436247683186933,1.6692809146042835,-2.0301778766172873,0.2941991940696028,-0.5145965397885124,-0.01315881500013627,-2.9417107205191626,0.37749386823462555,0.12932219302789533,0.5005648639616913,-0.6612564543973029,-0.01656004894946191,0.5003811376067849,-0.6609987014713443,-0.01637875574354173,0.06885304193230556,-0.9976268133007794,0.0,-0.8550528054708809,0.5184282830142429,0.010808109329581251,-0.7080698426550255,-1.893274001522529,-1.8470339880975901,-1.1387774844269924,1.6597333948559376,-2.029797721921194,0.026972604332175184,0.0006438917299917968,0.005709800177828184,-0.0017120518236970472,-0.00484728389170086,0.00954751974834589,-0.0003801546960935376,0.00022725979917803327
160,0.04000000000000003,0.027061644184882386,0.0003551554313075534,0.3551554313075534,2.1380524279399986,122.5013804986605,1,0.0011448445686924468,1.0017948963978003,4.253197397035658,0.022938355815117616,nan,0,1,1,0.04020852090566729,4.0686757357649686e-13,2.03782938173501e-09,-0.7081202202756968,-1.886601193785267,-1.8502798281708546,-1.145394968158148,1.6692117638529291,-2.029987910143929,0.29245244502938905,-0.5136189820011294,-0.012986436866153805,-2.9401643523098726,0.3787824407638765,0.13217267097627647,0.5005752715978694,-0.6615062376655759,-0.01656004894946191,0.5004205168947106,-0.6612383933638851,-0.016385561722739608,0.03437319414667058,-0.9994090671612678,0.0,-0.8612843668212907,0.5080150370843709,0.010486256024616109,-0.7097229347600319,-1.8923053696024987,-1.848443473488821,-1.1403466351228306,1.6591425779449736,-2.029771752871671,0.0268532228843351,0.0016027144843351326,0.005704175817231816,-0.0018363546820334697,-0.005048333035317265,0.01006918590795558,-0.0002161572722578775,0.00020842130054728528
161,0.04025000000000003,0.02692977735416804,0.0003406516860444045,0.3406516860444045,2.1050031194360055,120.60779460555587,1,0.0011593483139555956,1.0348442049017934,4.253342360738148,0.023070222645831962,nan,0,1,1,0.040457889553398164,4.0297911589615233e-13,2.0163117474464634e-09,-0.7091672229512119,-1.8856487694139692,-1.8518585916731114,-1.1471563579435549,1.6688844236258573,-2.0298429464414385,0.2904218652419438,-0.5128201195406391,-0.012829677901849634,-2.9387188145673537,0.380512526296271,0.13524480796822444,0.5005794864881917,-0.6617561498934399,-0.01656004894946191,0.500451052092168,-0.6614876339659631,-0.016394376459850032,0.01433417540492578,-0.9998972604300208,0.0,-0.867824148345671,0.4967700020759096,0.010040547077315071,-0.7115552874412275,-1.8912913837518845,-1.8499171956104947,-1.1419862403883507,1.658451746788802,-2.029753416759976,0.02674371594218127,0.0023880644900156067,0.005642614337915353,-0.0019413960626166737,-0.0051701175552041345,0.010432676837055288,-8.952968146269669e-05,0.00018606141198677234
162,0.04050000000000003,0.026804191620641675,0.0003224300281765975,0.3224300281765975,2.081093768727289,119.23788971904828,1,0.0011775699718234024,1.0587535556105099,4.2534321295663755,0.023195808379358328,nan,0,1,1,0.040714299437262146,3.991787651673928e-13,1.994721292465076e-09,-0.710576146597798,-1.884714162181406,-1.8534567946283034,-1.1488857620629234,1.6682828341644855,-2.0297531776132107,0.28812008029862096,-0.5122263865513098,-0.01268539756217274,-2.9374088694219584,0.3826803829332499,0.1384988775712932,0.5005794864881917,-0.6620061498934399,-0.01656004894946191,0.5004743698292227,-0.661743888997727,-0.01640470792572057,0.00413173329414581,-0.9999914643535645,0.0,-0.8745582200021619,0.48482751309796485,0.009497492821426683,-0.7135616662347878,-1.8902356901363784,-1.8514413739277025,-1.1436872100710738,1.6576607066985454,-2.029741792592351,0.026641770018995026,0.0029855196369897863,0.005521527954972294,-0.0020154207006009006,-0.005198551991849598,0.010622127465940157,-1.1385020859844275e-05,0.00016242160164664857
163,0.04075000000000003,0.02668465511464568,0.00030233471900901777,0.30233471900901776,2.062674519288341,118.18254446439786,1,0.0011976652809909823,1.0771728050494578,4.253458140727264,0.023315344885354323,nan,0,1,1,0.04097606381511151,3.9547580914980765e-13,1.973219818163428e-09,-0.7123658909457113,-1.8837819449839412,-1.8550519052670063,-1.1505717177652797,1.6673928894384007,-2.0297271664523224,0.28555248988243076,-0.5118635104215562,-0.012537819505321846,-2.9362698009832604,0.38529920398169976,0.14188345782235304,0.5005794864881917,-0.66225614989344,-0.01656004894946191,0.500491789996741,-0.6620054937009037,-0.01641552531523997,0.0,-1.0,0.0,-0.8814022778960622,0.47228224805724484,0.008916428075631625,-0.7156981054103609,-1.8891411397921627,-1.8530142784573962,-1.1454480355534273,1.6567987575669458,-2.0297380568517553,0.026543967158097426,0.0033322144646495966,0.005359194808221446,-0.0020376268096100603,-0.005123682211852332,0.01059413187145486,1.0890399432916809e-05,0.00014068795654825425
164,0.04100000000000003,0.026570924450654256,0.00028090824029999053,0.2809082402999905,2.0479208810701053,117.33722326203004,1,0.0012190917597000096,1.0919264432676936,4.253416941460877,0.023429075549345747,nan,0,1,1,0.04124162493313511,3.9187745258392385e-13,1.9519442368150023e-09,-0.7145466143390415,-1.882842182520391,-1.856621340017014,-1.1522015223600837,1.6661944456480997,-2.0297683657187093,0.28272653352463856,-0.5117553302833131,-0.012374131302988756,-2.935340188740754,0.38837707078880945,0.14536009867878844,0.5005794864881917,-0.6625061498934399,-0.01656004894946191,0.500504504166216,-0.6622709047882716,-0.01642608316519637,0.0,-1.0,0.0,-0.8882799113373997,0.4592267642603106,0.008341348897292067,-0.7179670071575994,-1.8880071702987922,-1.8546388493173662,-1.1472701162308219,1.6558674480470779,-2.029741377979187,0.026449320575366465,0.0034203928185578825,0.005164987778401242,-0.001982490699647732,-0.004931406129261795,0.010326997601021848,-2.6987739522255083e-05,0.00012160387528779154
165,0.04125000000000003,0.026462763772242742,0.0002590598352727891,0.2590598352727891,2.0328002628190256,116.4708756526147,1,0.0012409401647272109,1.1070470615187733,4.253305578788776,0.02353723622775726,nan,0,1,1,0.041509675986753494,3.883884114121863e-13,1.9309990397649326e-09,-0.7171315644292496,-1.8818760051720347,-1.8581397777083566,-1.153769460992265,1.6646758122201764,-2.02987972839081,0.2796505315579286,-0.5119235262341673,-0.012175110449994697,-2.9346537507731765,0.39192813306978685,0.14887809180250844,0.5005794864881917,-0.6627561498934399,-0.01656004894946191,0.5005135099722309,-0.662538831754932,-0.016435421808482523,0.0,-1.0,0.0,-0.8951268098081572,0.4457428462488823,0.007830030690653987,-0.7203736219627187,-1.8868322302715677,-1.856316962206789,-1.149156630869486,1.654854536463142,-2.0297525483923526,0.026357554351900986,0.003242057533469067,0.004956225099532974,-0.0018228155015675984,-0.004612830122779021,0.009821275757034398,-0.00012717999845746064,0.0001052094203417564
166,0.04150000000000003,0.026360019293379267,0.00023674957955585114,0.23674957955585113,2.0173339211967676,115.58471955315179,1,0.001263250420444149,1.1225134031410313,4.2531176081181785,0.023639980706620736,nan,0,1,1,0.04178012753508448,3.850055315249741e-13,1.910386283865331e-09,-0.7201394555069554,-1.8808786619521087,-1.859597539753524,-1.155270904377053,1.6628236099594464,-2.0300676990614077,0.2763170585792071,-0.5123819519567389,-0.011934804699294699,-2.9342255858817032,0.39596960981242096,0.15242541374391108,0.5005794864881917,-0.6630061498934399,-0.01656004894946191,0.5005191872072376,-0.6628091865331901,-0.016443345072682202,0.0,-1.0,0.0,-0.9019174063651868,0.4318452200168165,0.007395812607274388,-0.7229284768783866,-1.8856105900893403,-1.8580532960914327,-1.151113204153225,1.6537597059979112,-2.0297718264445064,0.026268629615160105,0.0027890213714312218,0.004731928137231556,-0.0015442436620913824,-0.004157700223827998,0.009063903961535225,-0.00029587261690133815,9.138967821916213e-05
167,0.04175000000000003,0.0262625259112176,0.000214109684927911,0.214109684927911,2.001528869348585,114.67915678726548,1,0.0012858903150720891,1.1383184549892138,4.25284859098942,0.023737474088782403,nan,0,1,1,0.04205310709310153,3.817240394213469e-13,1.8900913134385624e-09,-0.7235840053689568,-1.8798346686292042,-1.8609864820246127,-1.1567052615099884,1.6606173770153498,-2.030336716190166,0.2727177453476788,-0.5131440854020641,-0.01164106521824404,-2.934080081942326,0.4005148632628632,0.1559919340049837,0.5005794864881917,-0.66325614989344,-0.01656004894946191,0.5005218387420147,-0.6630821013008327,-0.016449474169552263,0.0,-1.0,0.0,-0.9086326788112452,0.4175365466108343,0.007063090017773858,-0.7256358703748909,-1.8843434653855178,-1.8598531038134405,-1.1531532505496953,1.652577372538269,-2.029798387085291,0.026182531191084667,0.002051865005934017,0.004508796756313549,-0.001133378211172209,-0.003552010960293117,0.008040004477080753,-0.0005383291048750571,7.999472013293235e-05
168,0.04200000000000003,0.02617006379789734,0.00019010456727337066,0.19010456727337066,1.985307928609661,113.74976534319332,1,0.0013098954327266294,1.1545393957281378,4.252498911375119,0.023829936202102664,nan,0,1,1,0.042330113529807895,3.7852927545030204e-13,1.8700011486318386e-09,-0.7274788832340062,-1.8787557371662345,-1.862326255109952,-1.158075880920346,1.658041834950222,-2.030686395804468,0.2688238962664495,-0.5142012257506516,-0.011305781852796348,-2.934199575994708,0.4055839232043222,0.15963595632721264,0.5005794864881917,-0.6635061498934399,-0.01656004894946191,0.5005213572396374,-0.6633590611640661,-0.016454570787495123,0.0,-1.0,0.0,-0.9152879593677915,0.40274294116617804,0.0067878403900353676,-0.7285123587296289,-1.88302097803738,-1.8617226844185921,-1.1552747810631634,1.6513041018027639,-2.0298389477631598,0.02609927149847743,0.0010334754956227155,0.004265240871145659,-0.000603570691359856,-0.0028010998571825763,0.006737733147458069,-0.0008474480413083185,7.079229941990908e-05
169,0.04225000000000003,0.026082434694333204,0.00016511897268060591,0.1651189726806059,1.9686250121326712,112.79390463909255,1,0.0013348810273193941,1.1712223122051277,4.252064110170991,0.0239175653056668,nan,0,1,1,0.04261212423571599,3.754111346300423e-13,1.8500501783173978e-09,-0.7318424311603414,-1.8776474242027195,-1.8636260239169782,-1.1593879159079798,1.6550908513836244,-2.0311211970085954,0.2646128071363443,-0.5155481723418338,-0.010933521477358543,-2.9345668986851443,0.41119718647576353,0.16338950230258042,0.5005794864881917,-0.6637561498934399,-0.01656004894946191,0.5005178641155582,-0.663641037720269,-0.01645897399748084,0.0,-1.0,0.0,-0.9218810987625866,0.38741751266210417,0.006550620351874511,-0.7315721292725483,-1.8816451908417664,-1.8636656166567387,-1.1574788218163494,1.649923822359957,-2.029886721421351,0.026018881005143782,-0.0002703018877930896,0.00399776663904694,3.959273976050781e-05,-0.0019090940916304255,0.005167029023667391,-0.0012344755872444324,6.355368918942172e-05
170,0.04250000000000003,0.025999428849110297,0.0001405157032175026,0.14051570321750262,1.951357764162946,111.80456420662145,1,0.0013594842967824974,1.1884895601748529,4.251542832077369,0.024000571150889705,nan,0,1,1,0.04290132907964999,3.7235201887330325e-13,1.830096050433522e-09,-0.7367014438089281,-1.8765219794306998,-1.8649218918670643,-1.16065908850188,1.6517543455483594,-2.031642475102217,0.260035096915409,-0.5171631161654011,-0.010539991312866648,-2.9351351232148883,0.4173906474308537,0.16734371180523194,0.5005794864881917,-0.6640061498934399,-0.01656004894946191,0.5005111674813626,-0.6639302063373432,-0.016463561891034432,0.0,-1.0,0.0,-0.9284348743409716,0.3714417979551154,0.006298796657741243,-0.7348234252787411,-1.8802038329666566,-1.8656950439636202,-1.1597807562542801,1.64843494093813,-2.029947813410718,0.02594137422964533,-0.0018780185301869867,0.003681853535956847,0.0007731520965559291,-0.0008783322475998112,0.003319404610229393,-0.001694661691499011,5.805461946496726e-05
171,0.04275000000000003,0.025920880299454312,0.00012335934216005685,0.12335934216005685,1.933449904895675,110.77851945049258,1,0.0013766406578399433,1.2063974194421239,4.250933963572926,0.02407911970054569,nan,0,1,1,0.043198843132419056,3.6934282668447005e-13,1.810082965642974e-09,-0.7420743522150773,-1.8753841629767138,-1.8662410021644518,-1.161901914183197,1.64801400411338,-2.03225134360666,0.25505087297433293,-0.5190304862041417,-0.010133489074390212,-2.9358775531626122,0.42418814789564835,0.17157271310377717,0.5005794864881917,-0.66425614989344,-0.01656004894946191,0.5005014806202606,-0.6642276739094763,-0.016468825431640174,0.0,-1.0,0.0,-0.9349394746377975,0.35475646541175365,0.0060024172262949805,-0.738286689994584,-1.8787007228696224,-1.8678075857429306,-1.162184730850591,1.6468253584307946,-2.030019811232669,0.025866731444112164,-0.0037876622204933152,0.003316559892908577,0.0015665835784788307,0.000282816667394048,0.0011886456825853653,-0.0022315323739912074,5.4148855342148194e-05
172,0.04300000000000003,0.025846595215912573,0.00012711773868771128,0.12711773868771128,1.9148219679086378,109.7112172800997,1,0.0013728822613122888,1.225025356429161,4.2502382940668095,0.02415340478408743,nan,0,1,1,0.04350615257201065,3.663722573445523e-13,1.7899378187422307e-09,-0.7479894978906839,-1.8742436198587769,-1.8676273009432398,-1.1631409840592701,1.6438528146587796,-2.0329470131127763,0.24960101995849548,-0.5211215504185807,-0.009728955567485154,-2.9367399747765215,0.4316289016898026,0.17618964913758844,0.5005794864881917,-0.6645061498934399,-0.01656004894946191,0.5004890133152246,-0.6645349143549774,-0.01647551416245212,0.0,-1.0,0.0,-0.9413877840638483,0.33727957162522865,0.00561520967194265,-0.7419924648929845,-1.8771195994745127,-1.8700170764861461,-1.1646976067855999,1.6450842222336266,-2.030114875175684,0.025795096722253098,-0.005997032997699381,0.002875979615735824,0.002389775542906314,0.001556622726329726,-0.0012314075748469655,-0.0028321379370921385,5.1498493659474925e-05
173,0.04325000000000003,0.025776357728261156,0.00016137637592336725,0.16137637592336723,1.8954854555180263,108.60331672961524,1,0.0013386236240766328,1.2443618688197726,4.249459020630987,0.024223642271738847,nan,0,1,1,0.043823277407458124,3.6343835431397875e-13,1.7696898467518485e-09,-0.75447188300378,-1.8730907545837339,-1.8691089274567672,-1.1644045922416066,1.6392608779713578,-2.0337262865486,0.24364095237270608,-0.523411194190928,-0.009324592396131093,-2.9376801975627,0.4397508180158992,0.18126511849535798,0.5005794864881917,-0.6647561498934399,-0.01656004894946191,0.5004744860944402,-0.6648519487757932,-0.0164836301941852,0.0,-1.0,0.0,-0.9477360267977514,0.31901417304124596,0.005136234848796838,-0.7459486290580956,-1.875466656963365,-1.8723175491850266,-1.1673335342251576,1.6431850664756846,-2.030221520246013,0.025726372903844663,-0.008523253945684428,0.002375902379631034,0.00320862172825942,0.002928941983550981,-0.003924188504326853,-0.0035047663025871145,4.998482441649285e-05
174,0.04350000000000003,0.025709961818486095,0.00022069450863124637,0.22069450863124637,1.87547412007565,107.45675166634652,1,0.0012793054913687537,1.264373204262149,4.248593932880214,0.024290038181513908,nan,0,1,1,0.044149864640173446,3.6054155524500927e-13,1.749390388560603e-09,-0.7615470243820293,-1.8719228052285632,-1.8707252401472894,-1.165724925714835,1.6342242194856724,-2.0345913742993726,0.23711574519777248,-0.5258661470104551,-0.008925223828912199,-2.9386429572424766,0.4485820340961721,0.18689923330714667,0.5005794864881917,-0.6650061498934399,-0.01656004894946191,0.5004587089953341,-0.6651784229661061,-0.01649340923312736,0.0,-1.0,0.0,-0.9539328077442047,0.29998582372953536,0.004550150609631683,-0.7501847575582428,-1.873735647794384,-1.8747280695266006,-1.1700987020316589,1.6411190470755939,-2.03034645224876,0.025660622422183647,-0.011362266823786493,0.0018128425658208158,0.00400282937931129,0.004373776316823896,-0.006894827589921437,-0.004244922050612665,4.933939630244813e-05
175,0.04375000000000003,0.025647189187553834,0.00029528888750526323,0.2952888875052632,1.8549472331851975,106.28064768098118,1,0.0012047111124947369,1.2849000911526014,4.247644518316504,0.02435281081244617,nan,0,1,1,0.04448352047282512,3.5769403088574116e-13,1.7292099487166564e-09,-0.7692300993681108,-1.8707165080213175,-1.872483463700344,-1.1671230129889867,1.628733056897714,-2.035540788863082,0.2300021421880849,-0.5284692549984573,-0.0085142388324001,-2.9396100296277123,0.45814268324924157,0.19311472426447726,0.5005794864881917,-0.66525614989344,-0.01656004894946191,0.500442955024202,-0.6655119568951883,-0.016504214692222723,0.0,-1.0,0.0,-0.959892131064671,0.2803425074648348,0.0038955395587483596,-0.7547356863096322,-1.8719149820552097,-1.8772484537441465,-1.172999206344938,1.63885783273787,-2.030495132432605,0.025597860126751342,-0.01449441305847865,0.0011984740338921718,0.004764990043802486,0.0058761933559512425,-0.01012477584015592,-0.005045656430477052,4.932906080249225e-05
176,0.04400000000000003,0.025587841309927306,0.0003782679725487083,0.3782679725487083,1.8340701694960042,105.08448004296459,1,0.0011217320274512917,1.3057771548417947,4.246613556840174,0.024412158690072697,nan,0,1,1,0.044821718666675565,3.549079779198824e-13,1.7093098348151185e-09,-0.7775427737829258,-1.8694461555020665,-1.8743976183286872,-1.1686299232513964,1.6227780678723651,-2.0365717503394123,0.22226692500066894,-0.5311956755999745,-0.008074507051645252,-2.940548897879414,0.4684626046281594,0.19995113165536632,0.5005794864881917,-0.6655061498934399,-0.01656004894946191,0.5004283416540329,-0.6658500360123386,-0.016515504192284185,0.0,-1.0,0.0,-0.965537837766986,0.2602429773174921,0.003205713209387187,-0.7596375708772434,-1.870000423041081,-1.8798886880156138,-1.1760495509263533,1.6363853341383017,-2.0306671397537173,0.025538103770686507,-0.017905202905682427,0.0005542675390144414,0.005491069686926586,0.007419627674956963,-0.013607266265936557,-0.005904610585695025,4.9737539240798934e-05
177,0.04425000000000003,0.025531711230051234,0.0004637985759138813,0.4637985759138813,1.8130841596416685,103.88207024949119,1,0.0010362014240861187,1.3267631646961304,4.245503934485701,0.02446828876994877,nan,0,1,1,0.045160695253471425,3.522014764934764e-13,1.6899045979936554e-09,-0.7864944643587918,-1.8680848081184351,-1.8764632965787826,-1.1702624065748348,1.6163568296417465,-2.0376813726938856,0.21390067652843606,-0.5340276010524427,-0.007583482097101135,-2.941444914119002,0.47955525038118385,0.207403807104035,0.5005794864881917,-0.6657561498934399,-0.01656004894946191,0.5004160590114511,-0.6661889081405283,-0.016526569426722003,0.0,-1.0,0.0,-0.9707883260421867,0.23992426132390907,0.0025248462103254748,-0.7649379982916774,-1.8679804828202404,-1.882653354194721,-1.1792580670013095,1.6336653669109884,-2.0308705575583907,0.025481374370148524,-0.021556466067114366,-0.00010432529819470737,0.0061900576159383824,0.008995660426474705,-0.017308537269241864,-0.006810815135494863,5.0336859902709585e-05
178,0.04450000000000003,0.025478579244229787,0.0005472163519250577,0.5472163519250577,1.7922190963186084,102.68659018180664,1,0.0009527836480749424,1.3476282280191905,4.244318810987525,0.024521420755770216,nan,0,1,1,0.04549685047203424,3.495900601432741e-13,1.6711763399257616e-09,-0.7960904603698293,-1.8666241952042475,-1.8786915601865986,-1.1720337906272864,1.60945772504133,-2.0388664961920613,0.20488347300701176,-0.5369374485127065,-0.007033565729019142,-2.942269113746394,0.4914252443924953,0.21551397521757248,0.5005794864881917,-0.6660061498934399,-0.01656004894946191,0.5004070163086319,-0.6665249765833159,-0.01653727530572454,0.0,-1.0,0.0,-0.9755841947666614,0.2196178788834598,0.001861772331648743,-0.7706777451382517,-1.865850751376792,-1.8855620680848058,-1.1826255257024605,1.6306565156616797,-2.0311087261605976,0.025427662776458023,-0.02541271523157762,-0.0007734438274555888,0.006870507898207201,0.01059173507517408,-0.021198790620349683,-0.007757770031463718,5.091646777176384e-05
179,0.04475000000000003,0.025428249886544293,0.0006240874945015499,0.6240874945015499,1.771724613818284,101.51234283123333,1,0.0008759125054984501,1.3681227105195148,4.243058754831963,0.02457175011345571,nan,0,1,1,0.04582624440293352,3.4709020256998973e-13,1.6533053421964115e-09,-0.8063343150761931,-1.8650559156483804,-1.881081500128358,-1.1739469164083713,1.6020718159626839,-2.0401265523476235,0.19520724122780522,-0.5399045205421916,-0.006413928259142221,-2.9430039990306294,0.5040714537924427,0.22429445469242085,0.5005794864881917,-0.66625614989344,-0.01656004894946191,0.5004019047166639,-0.6668543050151062,-0.01654738539393185,0.0,-1.0,0.0,-0.9798809592143858,0.19957902815232068,0.0012317836134989493,-0.7769290158072124,-1.8636070652112784,-1.8886005818213147,-1.186177580842193,1.6273216727431132,-2.0313867594828214,0.02537699575652618,-0.029405299268980722,-0.0014488504371019673,0.007519081692956675,0.012230664433821703,-0.025249856780429347,-0.008739792864802087,5.125413001811144e-05
180,0.04500000000000003,0.025380506891180033,0.000690742985386441,0.690742985386441,1.7518187777780392,100.3718224384479,1,0.000809257014613559,1.3880285465597597,4.241721415753124,0.02461949310881997,nan,0,1,1,0.04614543695478063,3.447141494418927e-13,1.6364261672312648e-09,-0.8172425316724724,-1.8633795023891173,-1.8836416435359635,-1.1760116330164307,1.5941971616590243,-2.0414638914264627,0.18485108120596708,-0.5428979941984218,-0.005720350122342621,-2.943604409077391,0.5175041743401628,0.23377860289088326,0.5005794864881917,-0.6665061498934399,-0.01656004894946191,0.5004011050265171,-0.6671734548681048,-0.01655688718113052,0.0,-1.0,0.0,-0.9836599238444647,0.18003541162221795,0.0006362266268302235,-0.7837658748273831,-1.8612379533636332,-1.8917862593527952,-1.189918216160672,1.6236006933738791,-2.0317137854520593,0.025329378000958,-0.03347665684508927,-0.002141549025484135,0.00814461581683168,0.013906583144241313,-0.02940353171485488,-0.0097501059744034,5.1128890222032486e-05
181,0.04525000000000003,0.025335133241539354,0.0007432411868516942,0.7432411868516943,1.7327467261860052,99.27907437556858,1,0.0007567588131483058,1.4071005981517937,4.240309812654364,0.02466486675846065,nan,0,1,1,0.04645056087073313,3.4247550335275674e-13,1.620681275038727e-09,-0.8288088537064334,-1.8615899160833083,-1.8863541481704238,-1.1782261796275066,1.5858399508382541,-2.042875494525222,0.17382810941223925,-0.5458962640072716,-0.004938608825729662,-2.944051976340312,0.5317115242049523,0.24394618717287078,0.5005794864881917,-0.6667561498934399,-0.01656004894946191,0.5004048453779988,-0.6674785613135986,-0.01656549729669331,0.0,-1.0,0.0,-0.9869146672703674,0.16124338985811415,9.356112606537341e-05,-0.7912700645751647,-1.8587428913831303,-1.8951241002372539,-1.1938518973266476,1.6194247110877482,-2.0320940239833307,0.025284861257931363,-0.037538789131268735,-0.002847024700177947,0.008769952066830067,0.015625717699141006,-0.03358476024949408,-0.01078147054189138,5.027198360799123e-05
182,0.045500000000000033,0.025291938507558915,0.0007786896981486273,0.7786896981486273,1.7146934346964777,98.24469696689921,1,0.0007213103018513727,1.4251538896413212,4.238831989513367,0.024708061492441088,nan,0,1,1,0.046738716269248845,3.4038228504848886e-13,1.6061514647179758e-09,-0.8410329456308365,-1.859671263073746,-1.8892121294802218,-1.1805955577161162,1.5769943387768959,-2.0443533176662196,0.16213841710748858,-0.5488737491922092,-0.0040507869317706335,-2.9443282927952743,0.5466963236273209,0.254796918545069,0.5005794864881917,-0.6670061498934399,-0.01656004894946191,0.5004130039619769,-0.6677667242439098,-0.016573005487392087,0.0,-1.0,0.0,-0.9896645897892896,0.14340102380865197,-0.00038221437384416724,-0.799556049956469,-1.8561114366237144,-1.8986133345479763,-1.1979858375517836,1.6147080371817932,-2.0325379205010567,0.02524341591365557,-0.04147689567436752,-0.0035598264500316112,0.009401205067754548,0.01739027983566732,-0.037713698404897356,-0.011815397165162889,4.85225939033454e-05
183,0.045750000000000034,0.025250663388540016,0.000794713841602389,0.794713841602389,1.6978143759932438,97.27759814105035,1,0.0007052861583976111,1.442032948344555,4.237287603743638,0.024749336611459987,nan,0,1,1,0.047007498806262385,3.38438624262843e-13,1.5928872365053211e-09,-0.853906659144944,-1.8576114676820892,-1.8921964860821956,-1.18311235602712,1.5676571837670579,-2.045897703435948,0.14979666866517297,-0.5518132029161786,-0.0030385221124686335,-2.9444303879244624,0.5624399692208053,0.2663050149244448,0.5005794864881917,-0.66725614989344,-0.01656004894946191,0.5004253497314983,-0.6680355364435037,-0.016579246757937215,0.0,-1.0,0.0,-0.9919437407348265,0.1266767818628645,-0.0007798422068715027,-0.8087658249824214,-1.8533282425325275,-1.902249506948869,-1.2023238853873672,1.6093340873802058,-2.033065004953715,0.025205051849950123,-0.04514083416252257,-0.004283225149561698,0.010053020866673368,0.01921152936024728,-0.04167690361314791,-0.012832698482232896,4.561153858989239e-05
184,0.046000000000000034,0.025211031572151925,0.0007898472008955615,0.7898472008955615,1.682209937571285,96.38352967780033,1,0.0007101527991044386,1.457637386766514,4.235678454597268,0.024788968427848078,nan,0,1,1,0.047255398220264144,3.3664372255852326e-13,1.5808940703914372e-09,-0.86743032292505,-1.85539110366046,-1.8952811972772452,-1.1857762609530562,1.557825047762471,-2.0475068525823175,0.13681519426728772,-0.5547002435251143,-0.0018763236402679073,-2.9443565138806065,0.5789410805404832,0.27843771469412226,0.5005794864881917,-0.6675061498934399,-0.01656004894946191,0.5004415118910923,-0.6682834817036342,-0.016584067029692416,0.0,-1.0,0.0,-0.9937993246088036,0.11118325773582666,-0.0010888555159463936,-0.8190584722387823,-1.85040671040963,-1.9060184384952719,-1.206849604191651,1.603173515947125,-2.0336843750896247,0.025169780399424625,-0.0483718506862677,-0.004984393250829999,0.01073724121802666,0.021073343238594777,-0.04534846818465388,-0.01382247749269272,4.1251172727300306e-05
185,0.046250000000000034,0.025172759784766425,0.0007633019445205276,0.7633019445205276,1.66793914481846,95.56587348275757,1,0.0007366980554794724,1.471908179519339,4.2340087958458215,0.024827240215233578,nan,0,1,1,0.04748157854988328,3.349934680972417e-13,1.5701481496341986e-09,-0.8816006696708839,-1.852985810591287,-1.8984339464826203,-1.1885872680808345,1.5474971817606502,-2.0491765113337648,0.12321278226830595,-0.5575221576857798,-0.0005342892495460161,-2.9441110934874732,0.5961997053141923,0.2911499130732289,0.5005794864881917,-0.6677561498934399,-0.01656004894946191,0.5004610617707163,-0.6685097148943544,-0.016587347927398802,0.0,-1.0,0.0,-0.995284495617353,0.09699010505310826,-0.0013008864279272345,-0.8306579034537117,-1.8473466962369829,-1.909884858425537,-1.2115403351685763,1.5960402783672063,-2.034413803799175,0.02513759093846289,-0.0509427662171722,-0.005639114354304198,0.011450911942916697,0.022953067087741807,-0.04854309660655609,-0.014762707534589747,3.516884630353628e-05
186,0.046500000000000034,0.025135605878670093,0.0007148258378816395,0.7148258378816394,1.6550284840948992,94.82614711257222,1,0.0007851741621183605,1.4848188402428997,4.2322847116699664,0.02486439412132991,nan,0,1,1,0.04768573023697159,3.334820114373737e-13,1.5606063132749689e-09,-0.8963993602568526,-1.8503654245845889,-1.9016050531290254,-1.1915362179077746,1.5366789601866224,-2.05090059550962,0.10903000085052653,-0.5602762762808285,0.00102427969176766,-2.9437233258162365,0.6142046893495193,0.3043586476377886,0.5005794864881917,-0.6680061498934399,-0.01656004894946191,0.5004835249105899,-0.6687139140991774,-0.01658898306780248,0.0,-1.0,0.0,-0.9964535735351009,0.08413258731258634,-0.0014083824826179744,-0.8438125450483945,-1.8441730717324107,-1.9137930281034707,-1.2163227879790035,1.5877030303947302,-2.0352711463262434,0.025108504884893326,-0.05258681520845809,-0.006192352852178118,0.012187974974445348,0.024786570071228864,-0.05102407020810773,-0.015629449183376387,2.7100993776767862e-05
187,0.046750000000000035,0.02509940736265098,0.0006450497619282328,0.6450497619282328,1.6434507555583442,94.16279213107944,1,0.0008549502380717672,1.4963965687794547,4.230514471060403,0.024900592637349023,nan,0,1,1,0.04786839072037187,3.3210082796409024e-13,1.5521931737777825e-09,-0.9118233259919335,-1.8475000635757524,-1.9047678706448454,-1.1946265427681353,1.5253689113428408,-2.052670836119183,0.09428105620367958,-0.562945741937213,0.0028300105086049854,-2.943195951531345,0.6329674753744525,0.3180294628258686,0.5005794864881917,-0.66825614989344,-0.01656004894946191,0.5005083570057619,-0.6688966068043918,-0.01658911331436089,0.0,-1.0,0.0,-0.9973608174176428,0.07259052588783654,-0.0014196588811545424,-0.8588612054634441,-1.8409216327466347,-1.91761597172936,-1.2210857362946315,1.5778570828820997,-2.0362847965335624,0.02508249723078209,-0.052962120528489365,-0.006578430829117687,0.012848101084514507,0.026459193526496172,-0.05248817153925889,-0.016386039585620793,1.691013186888926e-05
188,0.047000000000000035,0.025064036733140747,0.0005549437017930072,0.5549437017930072,1.633160319221363,93.57319355962235,1,0.0009450562982069928,1.5066870051164358,4.2287002034627985,0.024935963266859255,nan,0,1,1,0.04803038588591996,3.3084098594046536e-13,1.5448283476086651e-09,-0.9278507476056408,-1.8443677128570888,-1.907872376238121,-1.1978430889090115,1.5135730760481119,-2.054485103716788,0.0790073502048286,-0.5655299498324707,0.0049138812283452404,-2.94256104915583,0.6524730570868482,0.3320871593902812,0.5005794864881917,-0.6685061498934399,-0.01656004894946191,0.5005350541154111,-0.6690586109290769,-0.016587889217271435,0.0,-1.0,0.0,-0.9980550917732266,0.06232357524490916,-0.0013437835497343632,-0.8762021626316834,-1.837658467651158,-1.9211229574830644,-1.2256067347725728,1.5661118930819238,-2.0374740567758165,0.025059559035840544,-0.05164858497395741,-0.006709245205930747,0.013250581244943493,0.02776364586356128,-0.05253881703381191,-0.017011046940971664,4.4776973002029485e-06
189,0.047250000000000035,0.02502932975170568,0.0004460882923680763,0.4460882923680763,1.6240818495421685,93.05303556256703,1,0.0010539117076319238,1.5157654747956304,4.226846725942055,0.024970670248294323,nan,0,1,1,0.048173000287334476,3.2969137764221967e-13,1.5384186295329728e-09,-0.9444699966903479,-1.8409506034812892,-1.9108866179297173,-1.2011812424628612,1.5012970436109268,-2.0563385812375317,0.06323161001010905,-0.568014543379848,0.007299890888753657,-2.94182348549617,0.6727229022171829,0.34649549712988853,0.5005794864881917,-0.6687561498934399,-0.01656004894946191,0.5005632218092767,-0.6692012092687146,-0.016585590626926956,0.0,-1.0,0.0,-0.9985799434541933,0.05326031031260324,-0.0011982806121802548,-0.8962758280628537,-1.8344954508856537,-1.9238835808364645,-1.2294872594783235,1.5519956046606511,-2.0388506306944003,0.025039685272426376,-0.04819416862749426,-0.00645515259563556,0.012996962906747234,0.028306017015462315,-0.05069856104972437,-0.017487950543131348,-1.0355520720695816e-05
190,0.047500000000000035,0.024995095618673066,0.0003207742025488802,0.32077420254888017,1.6161272519410543,92.5972706922983,1,0.0011792257974511198,1.5237200723967446,4.224965043984229,0.024995095618673066,nan,0,1,1,0.04829770784552626,3.286401579431334e-13,1.5328698065122704e-09,-0.96166122679519,-1.8372181058740693,-1.9137677253322598,-1.204639036371284,1.488548145223126,-2.058220263195358,0.04698690014691373,-0.5703912115067571,0.010022145159831464,-2.9410056921856125,0.6937244367411114,0.36119831120405127,0.5005794864881917,-0.6690061498934399,-0.01656004894946191,0.50059258073837,-0.6693258766461114,-0.016582396952935164,0.0,-1.0,0.0,-0.9989722346525887,0.045315401709435335,-0.0009943646846967144,-0.9194859729928273,-1.8315840970218789,-1.9251083665195825,-1.2320266632077645,1.534990592701748,-2.0403980376372606,0.02502293720576321,-0.042175253802362644,-0.005634008852190453,0.011340641187322698,0.02738762683648055,-0.04644244747862203,-0.017822225558097315,-2.7841587090144532e-05
191,0.047750000000000035,0.02496114246499485,0.0001842003771637987,0.1842003771637987,1.609200576067608,92.20040139869472,1,0.0013157996228362013,1.5306467482701909,4.223062916557245,0.02496114246499485,nan,0,1,1,0.048406087916470275,3.2767543142122933e-13,1.5280895311603562e-09,-0.9793950826859679,-1.8331434712943155,-1.9164659621980737,-1.2082038273314968,1.4753402529032023,-2.0601223906223414,0.030317515350456653,-0.572658524707675,0.013112691064633697,-2.9401429362808087,0.7154755390483953,0.3761226151380758,0.5005794864881917,-0.66925614989344,-0.01656004894946191,0.5006229369687495,-0.6694341991830186,-0.01657849576943508,0.0,-1.0,0.0,-0.9992623705667565,0.03839480965160624,-0.0007438824660348678,-0.9459510939991785,-1.829146633992092,-1.923457027816167,-1.2320824817694196,1.5147267149538506,-2.042030334376322,0.025009317610272867,-0.03344398868678933,-0.003996837302223444,0.006991065618093151,0.02387865443792281,-0.03938646205064833,-0.018092056246019173,-4.817514527801631e-05
192,0.048000000000000036,0.02492728787796501,7.90150523864264e-05,0.07901505238642641,1.6032004535196824,91.85661970013732,1,0.0014209849476135737,1.5366468708181165,4.221149830235323,0.02492728787796501,nan,0,1,1,0.04849978449607386,3.267855312625328e-13,1.5239881536683413e-09,-0.9976416526213316,-1.8286998261328795,-1.9189322863214695,-1.2118653647086135,1.4616905967211649,-2.062035476944263,0.01326646260749223,-0.5748144332904204,0.0166032069483949,-2.9392683684044556,0.7379819191784887,0.3911995455599151,0.5005794864881917,-0.6695061498934399,-0.01656004894946191,0.5006541625109784,-0.6695278344914136,-0.016574072085171004,0.0,-1.0,0.0,-0.9994749270065609,0.03239845615219573,-0.00045861114672950446,-0.9751455293954867,-1.8274808561754599,-1.9169253173280905,-1.2279967825274272,1.4912587736376175,-2.043548982566391,0.024999060473417507,-0.022496123225844933,-0.0012189699574196577,-0.0020069689933790436,0.016131417818813665,-0.029568176916452638,-0.018486494377872198,-7.177259545249753e-05
193,0.04810124513986315,0.024913579916751964,9.969530812565945e-05,0.09969530812565945,1.6010474237575942,91.7332601816036,1,0.0014003046918743406,1.5387999005802047,4.22037438404337,0.024913579916751964,nan,0,1,1,0.04853334538967799,3.264468325147709e-13,1.522526361855565e-09,-1.0050734220877533,-1.826879597388742,-1.9199130594861513,-1.21334908562131,1.4561272791419644,-2.062810923136216,0.00632281627876366,-0.575590602236996,0.018059662251986464,-2.938815937797394,0.747141984103728,0.39737358844072423,0.5005794864881917,-0.669607395033303,-0.01656004894946191,0.5006670373276515,-0.6695613784927499,-0.016572558264698195,0.0,-1.0,0.0,-0.99954240535685,0.03024648323179355,-0.00036075691482118197,-0.9952142144742235,-1.8273695359622204,-1.9101602275715623,-1.2228627654783242,1.4745489169487487,-2.044372451061146,0.02499625971849836,-0.009859207613529763,0.0004899385734784545,-0.009752831914588977,0.009513679857014123,-0.018421637806784297,-0.018438472075070322,-8.267980174639714e-05
