k,stage,controller,solver_mode,inverse_sequence_mode,rollout_steps_used,was_applied,ref_idx,ref_s_mm,ref_x_mm,ref_y_mm,ref_z_mm,pred_x_mm,pred_y_mm,pred_z_mm,nl_x_mm,nl_y_mm,nl_z_mm,actual_x_mm,actual_y_mm,actual_z_mm,linearisation_err_xy_mm,linearisation_err_xyz_mm,execution_err_xy_mm,execution_err_xyz_mm,plant_vs_nl_err_xy_mm,plant_vs_nl_err_xyz_mm,tracking_pred_xy_mm,tracking_nl_xy_mm,tracking_actual_xy_mm,pred_step_mm,actual_step_mm,local_gain,direction_error_deg,u_plan_vx,u_applied_vx,u_plan_vy,u_applied_vy,u_plan_vz,u_applied_vz,u_plan_wx,u_applied_wx,u_plan_wy,u_applied_wy,u_plan_wz,u_applied_wz,u_plan_dL,u_applied_dL
0,0,sqp_full,sqp_full,,10,1,32,12.9290310921763,786.0993808447178,-713.9449164252301,-100.00823104316345,785.3401739120325,-711.4276389124614,-100.01685903204432,785.3408496439636,-711.4051649603526,-100.01798861870574,785.3408496439636,-711.4051649603526,-100.01798861870574,0.02248410854423579,0.022512465503685436,0.02248410854423579,0.022512465503685436,0.0,0.0,2.6292739003245895,2.6506050414696776,2.6506050414696776,0.3000628560938905,0.280422559845983,0.9338737311642586,2.1734723008812242,0.5000020299875408,0.5000020299875408,-0.49997039985529296,-0.49997039985529296,5.4879244510658305e-09,5.4879244510658305e-09,1.577307514957788e-17,1.577307514957788e-17,-0.49999957925082045,-0.49999957925082045,5.23598617947643,5.23598617947643,-0.009952544481658021,-0.009952544481658021
0,1,sqp_full,sqp_full,,10,1,33,13.333071496216668,785.7496003424849,-714.1471593044437,-100.00848826326231,785.4782364810757,-711.7320214054816,-100.02039336552627,785.4817281298107,-711.6556354451313,-100.0225613538559,785.4817281298107,-711.6556354451313,-100.0225613538559,0.07646572140199948,0.07649644908703662,0.07646572140199948,0.07649644908703662,0.0,0.0,2.4303352477141753,2.5058824122144894,2.5058824122144894,0.3342491085121432,0.2874075876287593,0.8566319809951273,4.966582869957711,0.5000010407965544,0.5000010407965544,-0.4999693431023068,-0.4999693431023068,5.8616021218093245e-09,5.8616021218093245e-09,1.4739355773203624e-17,1.4739355773203624e-17,-0.49999955207834745,-0.49999955207834745,5.2359860972061885,5.2359860972061885,-0.009949311455464472,-0.009949311455464472
0,2,sqp_full,sqp_full,,10,1,35,14.141152304297446,785.050039338019,-714.551645062871,-100.00900270346003,785.6213468945958,-712.0666942207874,-100.02412109924029,785.6284056511882,-711.8987229687095,-100.02727945251824,785.6284056511882,-711.8987229687095,-100.02727945251824,0.1681195038335828,0.16814916819502382,0.1681195038335828,0.16814916819502382,0.0,0.0,2.549779012340794,2.715235391250469,2.715235391250469,0.3640060161058414,0.28395087577226863,0.7725521588691242,7.961999249732939,0.5000003598776767,0.5000003598776767,-0.4999685456784356,-0.4999685456784356,6.259830738849376e-09,6.259830738849376e-09,1.315890056766124e-17,1.315890056766124e-17,-0.49999952439839596,-0.49999952439839596,5.235986037465302,5.235986037465302,-0.009948610799286004,-0.009948610799286004
0,3,sqp_full,sqp_full,,10,1,36,14.545192708337813,784.7002588357861,-714.7538879420846,-100.00925992355889,785.7689463094888,-712.425316430923,-100.02813031333696,785.7794812621033,-712.129483024846,-100.03215494695806,785.7794812621033,-712.129483024846,-100.03215494695806,0.2960209272630785,0.29604828500343816,0.2960209272630785,0.29604828500343816,0.0,0.0,2.562096446085226,2.837643778752373,2.837643778752373,0.38782928032442515,0.27585832263592547,0.6985760039470085,10.848535327123038,0.5000000073455938,0.5000000073455938,-0.49996803347197594,-0.49996803347197594,6.683813429734849e-09,6.683813429734849e-09,1.1461380880151023e-17,1.1461380880151023e-17,-0.49999949900447355,-0.49999949900447355,5.235986002176239,5.235986002176239,-0.009951554750126441,-0.009951554750126441
0,4,sqp_full,sqp_full,,10,1,37,14.949233112378183,784.3504783335532,-714.9561308212983,-100.00951714365775,785.9147046573881,-712.7583821831143,-100.03168600918325,785.9175079301708,-712.2808253725897,-100.03607004524582,785.9175079301708,-712.2808253725897,-100.03607004524582,0.4775650381014765,0.4775851603526461,0.4775650381014765,0.4775851603526461,0.0,0.0,2.6975735520680844,3.1004581920364007,3.1004581920364007,0.36358071213707577,0.20486872702530154,0.5336176289129335,18.735458243005933,0.3174440122135458,0.3174440122135458,-0.49996780687859427,-0.49996780687859427,7.134392259671505e-09,7.134392259671505e-09,9.731703548643719e-18,9.731703548643719e-18,-0.4757194548722995,-0.4757194548722995,5.235985991103873,5.235985991103873,-0.009959588004552192,-0.009959588004552192
0,5,sqp_full,sqp_full,,10,1,38,15.35327320469802,784.0004553550353,-715.1579531306428,-100.0097743637566,786.0613381297956,-713.0867691256905,-100.03051608476353,786.044039369176,-712.3753577312666,-100.03576620239781,786.044039369176,-712.3753577312666,-100.03576620239781,0.7116216826622815,0.7116410492448217,0.7116216826622815,0.7116410492448217,0.0,0.0,2.921821519818305,3.4524010166086834,3.4524010166086834,0.35963971973055064,0.1579451303910111,0.3834622917896407,29.17435158161176,0.2324101753860015,0.2324101753860015,-0.4999680398484411,-0.4999680398484411,4.346520745555904e-09,4.346520745555904e-09,6.577003714694637e-18,6.577003714694637e-18,-0.2595361331408868,-0.2595361331408868,5.235985997491115,5.235985997491115,-0.009975149791915073,-0.009975149791915073
0,6,sqp_full,sqp_full,,10,1,40,16.161340512108996,783.2934879974588,-715.5492546554972,-100.01028880395431,785.7546611592223,-713.5591835401722,-100.0278686353902,785.749737911489,-712.6939332969371,-100.0365523791955,785.749737911489,-712.6939332969371,-100.0365523791955,0.8652642496871752,0.8653078233745412,0.8652642496871752,0.8653078233745412,0.0,0.0,3.165083944579603,3.7664338173957415,3.7664338173957415,0.5632345446421698,0.4337099919450306,0.7589152826899528,9.74860103544516,0.23241453848698876,0.23241453848698876,-0.4999685305079633,-0.4999685305079633,1.0084349351275762e-09,1.0084349351275762e-09,3.586974518460536e-18,3.586974518460536e-18,-0.1400058794852841,-0.1400058794852841,5.235986015447763,5.235986015447763,0.037111122623590474,0.037111122623590474
0,7,sqp_full,sqp_full,,10,1,41,16.56536498529333,782.933522146907,-715.7327220782353,-100.01054602405317,784.7507265452941,-714.2499603266793,-100.02517045571886,784.8560228686907,-713.4622991824647,-100.04055585596744,784.8560228686907,-713.4622991824647,-100.04055585596744,0.7946681029375984,0.7948170257155104,0.7946681029375984,0.7948170257155104,0.0,0.0,2.3453814694831396,2.9750343108775477,2.9750343108775477,1.2186322488732235,1.1786130576201035,0.9615676126223849,6.164793239936486,0.2324099472538681,0.2324099472538681,-0.49996644178373956,-0.49996644178373956,-2.031053616859396e-09,-2.031053616859396e-09,1.106166090818578e-18,1.106166090818578e-18,-0.06777552776681225,-0.06777552776681225,5.23598589177674,5.23598589177674,0.10948303253099646,0.10948303253099646
0,8,sqp_full,sqp_full,,10,1,42,16.96937925491037,782.5674133537459,-715.9035782032709,-100.01080324415203,783.6229054430636,-715.0028965265578,-100.02030972953398,783.9222890707222,-714.4186412312338,-100.04205081149777,783.9222890707222,-714.4186412312338,-100.04205081149777,0.6564943309916462,0.6568542313703445,0.6564943309916462,0.6568542313703445,0.0,0.0,1.3875485697368761,2.0101557201805544,2.0101557201805544,1.3560667337498502,1.33658189221792,0.9642316514337134,11.961156463588376,0.23240891182191845,0.23240891182191845,-0.49996426610933614,-0.49996426610933614,-4.717017526142501e-09,-4.717017526142501e-09,-2.1979050713464946e-18,-2.1979050713464946e-18,0.009698133246947408,0.009698133246947408,5.235985782111912,5.235985782111912,0.12283864034486686,0.12283864034486686
0,9,sqp_full,sqp_full,,10,1,43,17.373382614129284,782.1949156949905,-716.0599883765966,-100.01106046425089,782.5347751969668,-715.7142470485874,-100.01517932480188,783.096384744787,-715.4247482694819,-100.04148744214773,783.096384744787,-715.4247482694819,-100.04148744214773,0.6318344936027336,0.6323819607994098,0.6318344936027336,0.6323819607994098,0.0,0.0,0.4848108362826982,1.1028038998061813,1.1028038998061813,1.3000281991999356,1.3016795478903855,0.9552184019140272,17.44472940849169,0.23237097237630688,0.23237097237630688,-0.4999620248936418,-0.4999620248936418,-6.817693644314847e-09,-6.817693644314847e-09,-4.9267138788420254e-18,-4.9267138788420254e-18,0.0903213663592925,0.0903213663592925,3.1694107658973536,3.1694107658973536,0.11849471512502177,0.11849471512502177
0,10,sqp_full,sqp_full,,10,0,45,18.181357942697378,781.4296802280157,-716.3184713394327,-100.01157490444861,781.7914048558482,-716.2000956191823,-100.01739408118775,782.5810665226829,-716.1662334955349,-100.0410155788618,nan,nan,nan,0.7903873679949998,0.7907402649659548,nan,nan,nan,nan,0.3806015206555767,1.1614072329127394,nan,0.8880614859061322,nan,nan,nan,0.2324333095073282,nan,-0.4999860483427791,nan,-4.701609394804522e-09,nan,-3.220963273283159e-18,nan,0.10343867970044796,nan,0.6822706287138839,nan,0.08117450897124837,nan
0,11,sqp_full,sqp_full,,10,0,46,18.585336640941502,781.0379026423875,-716.4170058302069,-100.01183212454747,781.3086000252534,-716.349089378607,-100.01560967939677,782.2133500142122,-716.5229962275826,-100.03898167958236,nan,nan,nan,0.9213121808819369,0.9216085855904911,nan,nan,nan,nan,0.27908729367070084,1.1802162887646939,nan,0.5052750032238227,nan,nan,nan,-0.1271247119815773,nan,0.02397779001564264,nan,-3.9169057085071276e-09,nan,-1.0889945405039173e-18,nan,0.08864242851102744,nan,0.14803042553474446,nan,0.05043262565324227,nan
0,12,sqp_full,sqp_full,,10,0,47,18.989309248872825,780.640910081837,-716.4917768718221,-100.01208934464633,780.8201772617391,-716.4578309554813,-100.01296461381546,781.8184803396146,-716.8262241087662,-100.03795560580133,nan,nan,nan,1.0641064564613194,1.0643998780360244,nan,nan,nan,nan,0.18245286247764028,1.2241432376571462,nan,0.5003883719992356,nan,nan,nan,-0.21107451681886355,nan,0.05954211117398946,nan,-2.7246481298340757e-09,nan,-7.8538080876126895e-19,nan,0.05750488891259907,nan,0.029973323830132317,nan,0.05042265892188011,nan
0,13,sqp_full,sqp_full,,10,0,48,19.39327502316379,780.2402047763453,-716.5429973636891,-100.01234656474519,780.3254243982649,-716.5318454049809,-100.0143894858961,781.3538222662486,-717.0043816996642,-100.03708322836235,nan,nan,nan,1.1317653134225263,1.1319928138524171,nan,nan,nan,nan,0.08594620493748903,1.2054125514950538,nan,0.5002604970524069,nan,nan,nan,-0.37180702274430677,nan,-0.00537031190768574,nan,-1.6525284659588547e-09,nan,-4.7324091083991055e-19,nan,0.03903413867504335,nan,-0.007276686364176438,nan,0.050547998296972804,nan
0,14,sqp_full,sqp_full,,10,0,50,20.201193983497888,779.4330971605882,-716.5688405725564,-100.01286100494289,779.8343455946527,-716.5695654000411,-100.0122982244825,780.9300323492386,-717.2392997256364,-100.03769085307958,nan,nan,nan,1.2841625796819836,1.2844136080883586,nan,nan,nan,nan,0.401249088739299,1.640222678470363,nan,0.4925297582469926,nan,nan,nan,-0.2908889684118451,nan,0.15631131816942587,nan,-7.41188091067543e-10,nan,-2.14705495305056e-19,nan,0.013479755641829353,nan,-0.015470236265466982,nan,0.0496208540572055,nan
1,0,sqp_full,sqp_full,,10,1,35,14.141152304297446,785.050039338019,-714.551645062871,-100.00900270346003,783.2786122305702,-715.5534319976842,-100.02793755099886,783.2567616649313,-715.5291552540332,-100.0276063069634,783.2567616649313,-715.5291552540332,-100.0276063069634,0.03266201924316356,0.03266369886665943,0.03266201924316356,0.03266369886665943,0.0,0.0,2.0350751975706465,2.042393445597773,2.042393445597773,0.22349487248942512,0.1918704272473103,0.8578315682228729,2.261722117237242,0.3988155809424628,0.3988155809424628,-0.3360591046654398,-0.3360591046654398,-1.063410754154186e-08,-1.063410754154186e-08,-8.329157173903809e-18,-8.329157173903809e-18,0.35386355405254405,0.35386355405254405,0.6248271328866482,0.6248271328866482,-0.009998943107688448,-0.009998943107688448
1,1,sqp_full,sqp_full,,10,1,36,14.545192708337813,784.7002588357861,-714.7538879420846,-100.00925992355889,783.3728635644084,-715.5167911632809,-100.01458830050231,783.3356746389817,-715.4651979034495,-100.0208340026856,783.3356746389817,-715.4651979034495,-100.0208340026856,0.06359937605372065,0.06390531613398878,0.06359937605372065,0.06390531613398878,0.0,0.0,1.5310125836803623,1.5388475854694978,1.5388475854694978,0.10200032923906796,0.10180208383124409,0.9488124963830256,18.07334205318736,0.19130461640362773,0.19130461640362773,-0.44229448470047716,-0.44229448470047716,-2.4302973745124516e-09,-2.4302973745124516e-09,-1.3776168831768795e-18,-1.3776168831768795e-18,0.16566433003805922,0.16566433003805922,0.164629156943008,0.164629156943008,-0.009998915394407514,-0.009998915394407514
1,2,sqp_full,sqp_full,,10,1,37,14.949233112378183,784.3504783335532,-714.9561308212983,-100.00951714365775,783.4601473421395,-715.4685153368304,-100.00410590524677,783.3992262393953,-715.3702773541438,-100.01920898045438,783.3992262393953,-715.3702773541438,-100.01920898045438,0.11559447219433211,0.11657694833290516,0.11559447219433211,0.11657694833290516,0.0,0.0,1.0272425059491292,1.0374959745983658,1.0374959745983658,0.10029403713483735,0.11424253714304489,1.0087019478845765,27.68146227392427,0.12032094256741462,0.12032094256741462,-0.3188585970971977,-0.3188585970971977,4.037420328036983e-09,4.037420328036983e-09,2.12322084210977e-18,2.12322084210977e-18,0.033557072572355046,0.033557072572355046,0.0562643613276047,0.0562643613276047,-0.009999068331503472,-0.009999068331503472
1,3,sqp_full,sqp_full,,10,1,38,15.35327320469802,784.0004553550353,-715.1579531306428,-100.0097743637566,783.5455702370193,-715.4180371576193,-100.00675769392663,783.4517076077785,-715.2515622502463,-100.01583405766077,783.4517076077785,-715.2515622502463,-100.01583405766077,0.19111276240188865,0.1913281692054651,0.19111276240188865,0.1913281692054651,0.0,0.0,0.5239887133143315,0.5566747321303837,0.5566747321303837,0.09925799478783995,0.12984205799607315,1.0623755852417147,35.69495289388279,0.09122849189287041,0.09122849189287041,-0.30586864838659916,-0.30586864838659916,1.029372027996599e-10,1.029372027996599e-10,-1.4940528034621517e-19,-1.4940528034621517e-19,0.0822168733776543,0.0822168733776543,0.027718869702556426,0.027718869702556426,-0.009998932595317743,-0.009998932595317743
1,4,sqp_full,sqp_full,,10,1,40,16.161340512108996,783.2934879974588,-715.5492546554972,-100.01028880395431,783.5919656850459,-715.386519791134,-100.01380619239701,783.4881607105472,-715.1983033194832,-100.0123102033807,783.4881607105472,-715.1983033194832,-100.0123102033807,0.21494397626211867,0.21494918216756997,0.21494397626211867,0.21494918216756997,0.0,0.0,0.3399581828205843,0.4013281767720133,0.4013281767720133,0.05652931379780407,0.06463559357251338,1.0467642351420068,23.725417954683383,0.07070609392979654,0.07070609392979654,-0.14647896131342875,-0.14647896131342875,-3.1520220538501265e-09,-3.1520220538501265e-09,-3.7327487502505364e-18,-3.7327487502505364e-18,0.09357699753174163,0.09357699753174163,0.011366032746600098,0.011366032746600098,-0.005654981546550227,-0.005654981546550227
1,5,sqp_full,sqp_full,,10,1,41,16.56536498529333,782.933522146907,-715.7327220782353,-100.01054602405317,783.1721384989648,-715.6113936649912,-100.01130350491489,783.080112140628,-715.4551327077985,-100.01131237089307,783.080112140628,-715.4551327077985,-100.01131237089307,0.18134590530670938,0.18134590552343766,0.18134590530670938,0.18134590552343766,0.0,0.0,0.26769076810706416,0.31391795877047673,0.31391795877047673,0.47626609029088535,0.4821472449212466,1.0098629673983068,4.015763162636472,-0.24740295157934938,-0.24740295157934938,-0.09191156418331779,-0.09191156418331779,-2.2677700510525054e-09,-2.2677700510525054e-09,1.0305497166121765e-18,1.0305497166121765e-18,0.04135897296378746,0.04135897296378746,-0.003539781782532932,-0.003539781782532932,0.04888496871395887,0.04888496871395887
1,6,sqp_full,sqp_full,,10,1,42,16.96937925491037,782.5674133537459,-715.9035782032709,-100.01080324415203,782.7140049233593,-715.8351168366884,-100.0110944036101,782.6511184224322,-715.7419714459066,-100.01084859999456,782.6511184224322,-715.7419714459066,-100.01084859999456,0.11238672440605192,0.11238699320712911,0.11238672440605192,0.11238699320712911,0.0,0.0,0.1617901325670636,0.1819980289715985,0.1819980289715985,0.5098416169505069,0.5160545387983987,1.00296424331485,7.740057843426653,-0.2840887166549287,-0.2840887166549287,-0.010066543924544041,-0.010066543924544041,-2.163078723157021e-09,-2.163078723157021e-09,-8.365216984638962e-19,-8.365216984638962e-19,0.025648412390288585,0.025648412390288585,-0.00844997086392646,-0.00844997086392646,0.05221294962438478,0.05221294962438478
1,7,sqp_full,sqp_full,,10,1,43,17.373382614129284,782.1949156949905,-716.0599883765966,-100.01106046425089,782.2551836419199,-716.0345900573649,-100.01096854298123,782.2333260279287,-716.0235069187834,-100.01048612512712,782.2333260279287,-716.0235069187834,-100.01048612512712,0.02450696330038769,0.024511711021316426,0.02450696330038769,0.024511711021316426,0.0,0.0,0.06540107068599356,0.05297405440966059,0.05297405440966059,0.5003064559943801,0.5037984108558295,0.9901893300111034,10.477600643820898,-0.29385828535800596,-0.29385828535800596,0.046429878263845994,0.046429878263845994,-1.728984802746616e-09,-1.728984802746616e-09,-9.038900096174287e-19,-9.038900096174287e-19,0.020834099766055433,0.020834099766055433,-0.010928281792070517,-0.010928281792070517,0.051028763423482434,0.051028763423482434
1,8,sqp_full,sqp_full,,10,1,45,18.181357942697378,781.4296802280157,-716.3184713394327,-100.01157490444861,781.7876395892542,-716.2076307396795,-100.01126527013828,781.8164874957455,-716.2932383122002,-100.0100661669672,781.8164874957455,-716.2932383122002,-100.0100661669672,0.09033746831632972,0.09034542617210196,0.09033746831632972,0.09034542617210196,0.0,0.0,0.37472729130919197,0.38762942100915226,0.38762942100915226,0.49853847089865533,0.49649729392221287,0.9719327531164993,12.596911711377242,-0.30784700687923056,-0.30784700687923056,0.08243186329373504,0.08243186329373504,-1.2378792782287776e-09,-1.2378792782287776e-09,-5.949611351604157e-19,-5.949611351604157e-19,0.020170894538739555,0.020170894538739555,-0.012757453246382654,-0.012757453246382654,0.05046578861891923,0.05046578861891923
1,9,sqp_full,sqp_full,,10,1,46,18.585336640941502,781.0379026423875,-716.4170058302069,-100.01183212454747,781.3083438640375,-716.3489561017316,-100.0121197714736,781.3959988403426,-716.5436749839565,-100.00965434974526,781.3959988403426,-716.5436749839565,-100.00965434974526,0.21353884416191665,0.2135530760029129,0.21353884416191665,0.2135530760029129,0.0,0.0,0.278871332182269,0.37983938908643367,0.37983938908643367,0.49969788907172086,0.48941741435749764,0.9488707762884336,14.349422140337742,-0.32584790065275787,-0.32584790065275787,0.11130800314338696,0.11130800314338696,-5.7093038994505e-10,-5.7093038994505e-10,-2.5143041020888107e-19,-2.5143041020888107e-19,0.01810215203737015,0.01810215203737015,-0.014596135609429389,-0.014596135609429389,0.04993910131759136,0.04993910131759136
1,10,sqp_full,sqp_full,,10,0,47,18.989309248872825,780.640910081837,-716.4917768718221,-100.01208934464633,780.8204251228333,-716.4579409490215,-100.01277632024447,780.9714096353345,-716.7681345803112,-100.00952253759816,nan,nan,nan,0.3449875532651985,0.3450028971029338,nan,nan,nan,nan,0.18267599627660955,0.4308172906270917,nan,0.49994282274419216,nan,nan,nan,-0.3435345234322558,nan,0.1362903945905325,nan,3.067952583046436e-10,nan,1.1380063750153474e-19,nan,0.010382791040518528,nan,-0.01664611413810738,nan,0.04910216596267653,nan
1,11,sqp_full,sqp_full,,10,0,48,19.39327502316379,780.2402047763453,-716.5429973636891,-100.01234656474519,780.3263904120819,-716.5319827447614,-100.0118561112577,780.543998946493,-716.9631249529863,-100.0097578027547,nan,nan,nan,0.4829462474868911,0.48295080583869326,nan,nan,nan,nan,0.08688662519308239,0.518457413009482,nan,0.4995531300353998,nan,nan,nan,-0.3570783323781207,nan,0.15661604398683407,nan,1.0486468020507029e-09,nan,3.887797803018416e-19,nan,0.001543451795691339,nan,-0.018465761878125802,nan,0.047958333104308554,nan
1,12,sqp_full,sqp_full,,10,0,50,20.201193983497888,779.4330971605882,-716.5688405725564,-100.01286100494289,779.8280234806514,-716.5685835242894,-100.011895231353,780.1141296514317,-717.1242043024523,-100.00982044517032,nan,nan,nan,0.6249569505853736,0.6249603946032684,nan,nan,nan,nan,0.3949264037165472,0.8787685281508019,nan,0.4997091323318478,nan,nan,nan,-0.3706040731569536,nan,0.17404193531708864,nan,1.1078553304339344e-09,nan,2.3010515961560636e-19,nan,0.004478115360304763,nan,-0.019626771153683175,nan,0.04656302393093873,nan
1,13,sqp_full,sqp_full,,10,0,51,20.605154261839584,779.0299158127051,-716.5437678576077,-100.01311822504175,779.3330739567609,-716.562716855936,-100.01335451821386,779.6892412605737,-717.2456999213368,-100.00956373208639,nan,nan,nan,0.7702733384517482,0.7702826662914503,nan,nan,nan,nan,0.3037497734073226,0.9630257879715466,nan,0.4949864427589423,nan,nan,nan,-0.37861507196408656,nan,0.18440293361991486,nan,8.962531890166054e-10,nan,2.025669447088127e-19,nan,0.010155120711014001,nan,-0.020166726119056174,nan,0.04423954485521317,nan
1,14,sqp_full,sqp_full,,10,0,52,21.009120036130668,778.6291456160805,-716.4930576009149,-100.01337544514061,778.8419211269994,-716.5204318606104,-100.01311199964259,779.2754843999136,-717.3475222332767,-100.0093438309564,nan,nan,nan,0.9338391704020595,0.933846772908947,nan,nan,nan,nan,0.21452917783074085,1.0713839794602724,nan,0.492969757518238,nan,nan,nan,-0.36207381304401454,nan,0.1777213361368438,nan,5.408884318947545e-10,nan,9.910991231805616e-19,nan,0.009006615943630489,nan,-0.019376292609456218,nan,0.042323209216454945,nan
2,0,sqp_full,sqp_full,,10,1,37,14.949233112378183,784.3504783335532,-714.9561308212983,-100.00951714365775,781.5224140266495,-716.5766048277326,-100.0119309190787,781.5271834802205,-716.5845196388128,-100.01279979067381,781.5271834802205,-716.5845196388128,-100.01279979067381,0.009240774956883382,0.009281533259788683,0.009240774956883382,0.009281533259788683,0.0,0.0,3.259429970027293,3.2592397840387943,3.2592397840387943,0.13065357518276224,0.13743212640743904,1.0507044413537339,2.711197455523631,0.15646874610248557,0.15646874610248557,0.11043514067494903,0.11043514067494903,-8.803191980090621e-11,-8.803191980090621e-11,3.073202014098769e-18,3.073202014098769e-18,-0.08786522617187305,-0.08786522617187305,0.3510243961280095,0.3510243961280095,-0.009999555575859275,-0.009999555575859275
2,1,sqp_full,sqp_full,,10,1,38,15.35327320469802,784.0004553550353,-715.1579531306428,-100.0097743637566,781.6023952179306,-716.516148065196,-100.0094455868353,781.603096688869,-716.5165450153761,-100.01494046542078,781.603096688869,-716.5165450153761,-100.01494046542078,0.0008059968503528797,0.0055536764032543505,0.0008059968503528797,0.0055536764032543505,0.0,0.0,2.7559727686276148,2.7555581074450988,2.7555581074450988,0.10029051785443865,0.10192127926513282,1.011696567031023,5.432021339928085,0.14292580023942159,0.14292580023942159,-0.3254648889712283,-0.3254648889712283,1.776458758748994e-10,1.776458758748994e-10,2.7213845754682565e-18,2.7213845754682565e-18,-0.06550129512719469,-0.06550129512719469,0.2900031591612014,0.2900031591612014,-0.009999569768365744,-0.009999569768365744
2,2,sqp_full,sqp_full,,10,1,40,16.161340512108996,783.2934879974588,-715.5492546554972,-100.01028880395431,781.6741501520212,-716.4400885219443,-100.0122211449539,781.6570054124774,-716.4061582316945,-100.01177043243968,781.6570054124774,-716.4061582316945,-100.01177043243968,0.03801587419035469,0.038018545898381544,0.03801587419035469,0.038018545898381544,0.0,0.0,1.8481991330145973,1.8472571531455086,1.8472571531455086,0.10460176102181923,0.12288792292880965,1.1200799548780944,17.55876043567063,0.09939838459646298,0.09939838459646298,-0.325943706403675,-0.325943706403675,-3.376042973333459e-10,-3.376042973333459e-10,2.485186177871447e-19,2.485186177871447e-19,0.058554186206169215,0.058554186206169215,0.16963217725311727,0.16963217725311727,-0.009999788681362561,-0.009999788681362561
2,3,sqp_full,sqp_full,,10,1,41,16.56536498529333,782.933522146907,-715.7327220782353,-100.01054602405317,781.7365794730733,-716.3465343751624,-100.01434440824792,781.692854628929,-716.25945414698,-100.01095077818282,781.692854628929,-716.25945414698,-100.01095077818282,0.09744140873230711,0.09750048646419869,0.09744140873230711,0.09750048646419869,0.0,0.0,1.3451532627559515,1.3478510905918382,1.3478510905918382,0.11249136302019656,0.1510229341034586,1.2613158260283666,20.031036114881356,0.05447640155264167,0.05447640155264167,-0.3155842717010637,-0.3155842717010637,-3.537469271796588e-10,-3.537469271796588e-10,1.6223120893257248e-19,1.6223120893257248e-19,0.008604373304541736,0.008604373304541736,0.10379360318695814,0.10379360318695814,-0.00999968201589227,-0.00999968201589227
2,4,sqp_full,sqp_full,,10,1,42,16.96937925491037,782.5674133537459,-715.9035782032709,-100.01080324415203,781.8027126885353,-716.2580196667293,-100.0106476033585,781.7243691669013,-716.1023463746619,-100.01975874489682,781.7243691669013,-716.1023463746619,-100.01975874489682,0.17427530302687025,0.1745133064990709,0.17427530302687025,0.1745133064990709,0.0,0.0,0.8428498433244832,0.8661595043239664,0.8661595043239664,0.11055370714149088,0.16047927749081256,1.3056607389718249,25.91205154160559,-0.0003905489374292533,-0.0003905489374292533,-0.221625414265116,-0.221625414265116,7.367521448030085e-11,7.367521448030085e-11,4.145412707911319e-20,4.145412707911319e-20,-0.2151858227491132,-0.2151858227491132,0.051186544177550974,0.051186544177550974,-0.009999573975596728,-0.009999573975596728
2,5,sqp_full,sqp_full,,10,1,43,17.373382614129284,782.1949156949905,-716.0599883765966,-100.01106046425089,781.8772594191057,-716.1881430463854,-100.0093475280197,781.7810093570506,-715.9949508045273,-100.02741569861458,781.7810093570506,-715.9949508045273,-100.02741569861458,0.21584095246212728,0.21659588072815128,0.21584095246212728,0.21659588072815128,0.0,0.0,0.34253339836830826,0.4189848951543381,0.4189848951543381,0.10218437896909868,0.12165750517306557,1.1221242698730665,19.52233657675744,0.01825791731165552,0.01825791731165552,-0.09404162821614649,-0.09404162821614649,7.283259972586854e-11,7.283259972586854e-11,1.386704396388448e-20,1.386704396388448e-20,-0.19159682461127486,-0.19159682461127486,0.03308609659825091,0.03308609659825091,-0.009999590236642555,-0.009999590236642555
2,6,sqp_full,sqp_full,,10,1,45,18.181357942697378,781.4296802280157,-716.3184713394327,-100.01157490444861,781.7841687003712,-716.2085811953327,-100.01104441299435,781.6826369699359,-716.0040918998457,-100.02962534818455,781.6826369699359,-716.0040918998457,-100.02962534818455,0.228308046844491,0.22906290709429245,0.228308046844491,0.22906290709429245,0.0,0.0,0.371130598042252,0.4035115181973196,0.4035115181973196,0.09532302589363975,0.09882089213063222,1.028795921477385,7.077387791338391,-0.06419766475689903,-0.06419766475689903,-0.11380758570546981,-0.11380758570546981,-3.951591118940295e-10,-3.951591118940295e-10,-3.4743508146940635e-19,-3.4743508146940635e-19,-0.05231390037779974,-0.05231390037779974,0.02606718958630576,0.02606718958630576,0.009471985428919513,0.009471985428919513
2,7,sqp_full,sqp_full,,10,1,46,18.585336640941502,781.0379026423875,-716.4170058302069,-100.01183212454747,781.3097840782256,-716.3486129106451,-100.01140575260231,781.2357676275868,-716.2001108594568,-100.03165504316983,781.2357676275868,-716.2001108594568,-100.03165504316983,0.16592556816928497,0.1671565970603261,0.16592556816928497,0.1671565970603261,0.0,0.0,0.28035175512129235,0.29358811403845947,0.29358811403845947,0.4946208462932235,0.48797516465514806,0.9786951254236711,7.2414049876562885,-0.3462506625460534,-0.3462506625460534,-0.128560488482876,-0.128560488482876,-1.3154449925948197e-10,-1.3154449925948197e-10,-4.029316250151856e-21,-4.029316250151856e-21,-0.02722634387208772,-0.02722634387208772,0.003713534726378783,0.003713534726378783,0.04982379094883721,0.04982379094883721
2,8,sqp_full,sqp_full,,10,1,47,18.989309248872825,780.640910081837,-716.4917768718221,-100.01208934464633,780.8193615126617,-716.4581112632923,-100.01182422115009,780.7722768392655,-716.3649285110209,-100.03273865546795,780.7722768392655,-716.3649285110209,-100.03273865546795,0.10440302576877689,0.10647725274682766,0.10440302576877689,0.10647725274682766,0.0,0.0,0.18159924658721463,0.18261361284210614,0.18261361284210614,0.5024981165762931,0.49192453012779314,0.9716824654903247,6.989661530779626,-0.3852588160965293,-0.3852588160965293,-0.1481146307849509,-0.1481146307849509,-5.3578332467981675e-11,-5.3578332467981675e-11,-6.249495506024929e-20,-6.249495506024929e-20,-0.007947913608300416,-0.007947913608300416,-0.001365520174922883,-0.001365520174922883,0.04996166830392148,0.04996166830392148
2,9,sqp_full,sqp_full,,10,1,48,19.39327502316379,780.2402047763453,-716.5429973636891,-100.01234656474519,780.3251649750083,-716.5320389879912,-100.01239469571804,780.3062833628464,-716.4980037324777,-100.03326119554958,780.3062833628464,-716.4980037324777,-100.03326119554958,0.0389218948112329,0.044162480805731104,0.0389218948112329,0.044162480805731104,0.0,0.0,0.0856640026778556,0.07994251962241804,0.07994251962241804,0.4996957591864998,0.48462274779361847,0.9616924244648907,7.43002741810947,-0.41753425735655786,-0.41753425735655786,-0.1437196848474936,-0.1437196848474936,-6.048101072560581e-11,-6.048101072560581e-11,-5.214077464487088e-21,-5.214077464487088e-21,0.0017804179526412698,0.0017804179526412698,-0.007285527208343861,-0.007285527208343861,0.04877815830387464,0.04877815830387464
2,10,sqp_full,sqp_full,,10,0,50,20.201193983497888,779.4330971605882,-716.5688405725564,-100.01286100494289,779.826061836788,-716.568526513046,-100.01276645925243,779.8544258001701,-716.6350477541363,-100.03410617969038,nan,nan,nan,0.07231590374836538,0.07539876393756664,nan,nan,nan,nan,0.3929648016987744,0.4264987847869799,nan,0.500435230848236,nan,nan,nan,-0.4376636783159683,nan,-0.0400289730001181,nan,4.412445619205569e-12,nan,1.6130489581598743e-20,nan,-0.005164939839864732,nan,-0.01330995260342542,nan,0.04763745009998492,nan
2,11,sqp_full,sqp_full,,10,0,51,20.605154261839584,779.0299158127051,-716.5437678576077,-100.01311822504175,779.3265559250857,-716.5621517043518,-100.01303202293036,779.4167031925662,-716.7626218521104,-100.03527643438026,nan,nan,nan,0.21980630103932602,0.22092900175699642,nan,nan,nan,nan,0.29720922276116907,0.4444114626443047,nan,0.49954665901737977,nan,nan,nan,-0.4567326694795872,nan,0.05031061809890828,nan,-4.1043903697376573e-11,nan,-1.839116043160153e-22,nan,-0.012798897879849227,nan,-0.01966057256989263,nan,0.045902542953951776,nan
2,12,sqp_full,sqp_full,,10,0,52,21.009120036130668,778.6291456160805,-716.4930576009149,-100.01337544514061,778.8292262042069,-716.5183078564843,-100.01328244199465,778.991978651245,-716.8799899573551,-100.03668101611696,nan,nan,nan,0.3966135412553689,0.3973031517343923,nan,nan,nan,nan,0.20166759073128496,0.5304379887102844,nan,0.49925864737119185,nan,nan,nan,-0.4644624478847302,nan,0.13134872015596605,nan,-2.978838067886236e-11,nan,-4.333763233536976e-20,nan,-0.0176456717573666,nan,-0.02820635719980254,nan,0.044244487259269806,nan
2,13,sqp_full,sqp_full,,10,0,53,21.41309264406197,778.2320581759074,-716.4187920863511,-100.01363266523947,778.3373755302041,-716.4384941693405,-100.01341197630335,778.5804133789161,-716.9824153137055,-100.03810667300085,nan,nan,nan,0.5957496178713179,0.5962612139312796,nan,nan,nan,nan,0.10714437544821931,0.6625877224010271,nan,0.4982843836120614,nan,nan,nan,-0.4651476834940217,nan,0.20644308502081757,nan,-1.0835465706361015e-11,nan,-8.786782134424508e-20,nan,-0.01792314581461396,nan,-0.03580209879294055,nan,0.04237010108135186,nan
2,14,sqp_full,sqp_full,,10,0,54,21.817071342306118,777.8401554498771,-716.3207565019804,-100.01388988533833,777.8726479364706,-716.3302875351507,-100.01332462566647,778.1965737519074,-717.0632524716881,-100.03918926585541,nan,nan,nan,0.8013523145905924,0.801769612614374,nan,nan,nan,nan,0.033861516184655695,0.823610509315129,nan,0.4771586944509583,nan,nan,nan,-0.4405107020496917,nan,0.2580572039042262,nan,4.001988200987506e-11,nan,-1.0213236496920992e-19,nan,-0.011137743882758658,nan,-0.03972260806540476,nan,0.03887683717115762,nan
3,0,sqp_full,sqp_full,,10,1,40,16.161340512108996,783.2934879974588,-715.5492546554972,-100.01028880395431,780.4740374330839,-716.6192202844397,-100.00752360579759,780.4665055715009,-716.6029874166959,-100.02012022915464,780.4665055715009,-716.6029874166959,-100.02012022915464,0.01789510922273295,0.021884009095522766,0.01789510922273295,0.021884009095522766,0.0,0.0,3.0156471829562546,3.0169823282045485,3.0169823282045485,0.20856007306537944,0.19200368511024854,0.9182616142988977,4.098316107153307,0.06230839962201404,0.06230839962201404,0.4599229319811624,0.4599229319811624,3.4337857256887082e-12,3.4337857256887082e-12,-5.469367919293287e-17,-5.469367919293287e-17,0.062217140270910604,0.062217140270910604,4.416627744871581,4.416627744871581,-0.010001441969313315,-0.010001441969313315
3,1,sqp_full,sqp_full,,10,1,41,16.56536498529333,782.933522146907,-715.7327220782353,-100.01054602405317,780.6375048095252,-716.735604143957,-100.00142309477398,780.6205487044107,-716.6939726161257,-100.0365536607832,780.6205487044107,-716.6939726161257,-100.0365536607832,0.044952125758590436,0.05705129515044609,0.044952125758590436,0.05705129515044609,0.0,0.0,2.5054875875373526,2.5047652070179818,2.5047652070179818,0.20075856681962803,0.1796598201798107,0.8850233532463364,8.522392790763984,0.043250393105408715,0.043250393105408715,0.4999685362067991,0.4999685362067991,5.5225751350681375e-11,5.5225751350681375e-11,-3.190732031835601e-17,-3.190732031835601e-17,-0.43375715053581826,-0.43375715053581826,1.681567410615105,1.681567410615105,-0.010000883606102446,-0.010000883606102446
3,2,sqp_full,sqp_full,,10,1,42,16.96937925491037,782.5674133537459,-715.9035782032709,-100.01080324415203,780.7486667559408,-716.7416388347546,-100.00999451800458,780.7332773451049,-716.7014572991861,-100.04976436363543,780.7332773451049,-716.7014572991861,-100.04976436363543,0.04302777900973126,0.05859206762021693,0.04302777900973126,0.05859206762021693,0.0,0.0,2.0025445835412556,2.000166480544082,2.000166480544082,0.11165511685597099,0.11374660251247785,1.017861127668718,2.368814463463696,0.035537445042174716,0.035537445042174716,0.2695135096350232,0.2695135096350232,-9.882128587388695e-12,-9.882128587388695e-12,-7.712714171976308e-19,-7.712714171976308e-19,-0.28877743025921193,-0.28877743025921193,0.14807167696176401,0.14807167696176401,-0.009999995611418823,-0.009999995611418823
3,3,sqp_full,sqp_full,,10,1,43,17.373382614129284,782.1949156949905,-716.0599883765966,-100.01106046425089,780.8012155168817,-716.6221798472194,-100.0120386247996,780.7816218197949,-716.5791031687314,-100.0541057744237,780.7816218197949,-716.5791031687314,-100.0541057744237,0.04732349516988825,0.06331791431018415,0.04732349516988825,0.06331791431018415,0.0,0.0,1.502817166558064,1.5056160682853286,1.5056160682853286,0.13052203014021813,0.13163042702962838,1.0076084022564,2.3986538652629723,0.03485200749969007,0.03485200749969007,-0.21427701510540134,-0.21427701510540134,-2.0794698257198742e-11,-2.0794698257198742e-11,-9.261300612649212e-19,-9.261300612649212e-19,-0.1143349313936224,-0.1143349313936224,0.08818888484166387,0.08818888484166387,-0.010000008817964604,-0.010000008817964604
3,4,sqp_full,sqp_full,,10,1,45,18.181357942697378,781.4296802280157,-716.3184713394327,-100.01157490444861,780.863309094821,-716.5222835956813,-100.010706986652,780.8295328813265,-716.454476212246,-100.05775835918631,780.8295328813265,-716.454476212246,-100.05775835918631,0.07575403518206147,0.08917682156102345,0.07575403518206147,0.08917682156102345,0.0,0.0,0.6019266535993884,0.6153650649550066,0.6153650649550066,0.11762927676746117,0.13356904385132062,1.114422546236245,11.0589383486814,0.05256270164829537,0.05256270164829537,-0.24194235345604306,-0.24194235345604306,1.8389911261960895e-11,1.8389911261960895e-11,-5.635974871131676e-19,-5.635974871131676e-19,-0.09736996103676818,-0.09736996103676818,0.04761887707237677,0.04761887707237677,-0.009999999192125813,-0.009999999192125813
3,5,sqp_full,sqp_full,,10,1,46,18.585336640941502,781.0379026423875,-716.4170058302069,-100.01183212454747,780.9381488391507,-716.4490066003253,-100.01174598847211,780.888472738188,-716.3515542485314,-100.05713826649307,780.888472738188,-716.3515542485314,-100.05713826649307,0.10938316084751937,0.11842776186741984,0.10938316084751937,0.11842776186741984,0.0,0.0,0.10476101635804622,0.16313554429635718,0.16313554429635718,0.10474533356913185,0.11860531968113724,1.089378781832531,15.82983026885347,0.05948809965803363,0.05948809965803363,-0.167594349185108,-0.167594349185108,-5.564558000772198e-12,-5.564558000772198e-12,-1.2748580896050148e-18,-1.2748580896050148e-18,-0.0037842568184893845,-0.0037842568184893845,0.041084800129869065,0.041084800129869065,-0.01000006103510845,-0.01000006103510845
3,6,sqp_full,sqp_full,,10,1,47,18.989309248872825,780.640910081837,-716.4917768718221,-100.01208934464633,780.8157742849357,-716.4584872510436,-100.01203169035219,780.753777585444,-716.3376831855717,-100.05648674905794,780.753777585444,-716.3376831855717,-100.05648674905794,0.13578369925151065,0.142875698517824,0.13578369925151065,0.142875698517824,0.0,0.0,0.1780047425686791,0.19100768966919773,0.19100768966919773,0.12274158171912043,0.13540906555815657,1.0853652980474502,10.31773388501183,-0.07449840944381884,-0.07449840944381884,-0.23051158743532252,-0.23051158743532252,-4.496165071271117e-12,-4.496165071271117e-12,-4.95964876940278e-19,-4.95964876940278e-19,0.013193294247833599,0.013193294247833599,0.027268669569243467,0.027268669569243467,0.011807852787348375,0.011807852787348375
3,7,sqp_full,sqp_full,,10,1,48,19.39327502316379,780.2402047763453,-716.5429973636891,-100.01234656474519,780.297603989788,-716.5333772866536,-100.01231325604775,780.2477534589678,-716.4439995794573,-100.05681109042602,780.2477534589678,-716.4439995794573,-100.05681109042602,0.10233987476395658,0.11159528319359689,0.10233987476395658,0.11159528319359689,0.0,0.0,0.05819979025746295,0.09928516451175837,0.09928516451175837,0.5235542488476526,0.5170722361355825,0.9856252442247386,3.641458206824013,-0.4494478480548745,-0.4494478480548745,-0.2419417756132799,-0.2419417756132799,2.7324196212292862e-12,2.7324196212292862e-12,-4.4626210371465845e-19,-4.4626210371465845e-19,0.01032934881813773,0.01032934881813773,0.014544156425418819,0.014544156425418819,0.05131640136719545,0.05131640136719545
3,8,sqp_full,sqp_full,,10,1,50,20.201193983497888,779.4330971605882,-716.5688405725564,-100.01286100494289,779.770067812198,-716.5671742604222,-100.01283289441353,779.731835921504,-716.5111619311713,-100.05684310403973,779.731835921504,-716.5111619311713,-100.05684310403973,0.0678163586029735,0.08084526606739663,0.0678163586029735,0.08084526606739663,0.0,0.0,0.33697477152230293,0.3042559332955467,0.3042559332955467,0.5286179377642762,0.5202707833189868,0.9821002267259579,3.7517627194110887,-0.49999647055104335,-0.49999647055104335,-0.24194123087324604,-0.24194123087324604,3.828079278404072e-12,3.828079278404072e-12,3.507081951862598e-19,3.507081951862598e-19,0.012035653516086812,0.012035653516086812,-0.05113619267361048,-0.05113619267361048,0.050565884752155024,0.050565884752155024
3,9,sqp_full,sqp_full,,10,1,51,20.605154261839584,779.0299158127051,-716.5437678576077,-100.01311822504175,779.282995514887,-716.5578452392649,-100.01305645307374,779.2529930868424,-716.5295558933491,-100.0570537443314,779.2529930868424,-716.5295558933491,-100.0570537443314,0.04123630416171553,0.060300865822372186,0.04123630416171553,0.060300865822372186,0.0,0.0,0.2534709220617033,0.22352952861894418,0.22352952861894418,0.48716168098700563,0.47919603767214713,0.9820206576051724,3.2971083215750014,-0.49999211862964943,-0.49999211862964943,-0.24194113089081243,-0.24194113089081243,1.425618495678837e-11,1.425618495678837e-11,8.046766879274271e-19,8.046766879274271e-19,0.005507310915496395,0.005507310915496395,-0.1692879586632603,-0.1692879586632603,0.0451381002965259,0.0451381002965259
3,10,sqp_full,sqp_full,,10,0,52,21.009120036130668,778.6291456160805,-716.4930576009149,-100.01337544514061,778.8250791392167,-716.5172617855129,-100.0130295444985,778.8139905486635,-716.5415929360203,-100.05734264735888,nan,nan,nan,0.026738768211469748,0.05175531673733918,nan,nan,nan,nan,0.19742286605308043,0.19111077378169608,nan,0.45971124039946654,nan,nan,nan,-0.49998894100901603,nan,-0.14779609704020588,nan,3.8313896396413166e-11,nan,9.95048026704834e-19,nan,0.006791082487525019,nan,-0.2740726906329078,nan,0.041278167984985695,nan
3,11,sqp_full,sqp_full,,10,0,53,21.41309264406197,778.2320581759074,-716.4187920863511,-100.01363266523947,778.3726529939572,-716.4466868764229,-100.01315950706629,778.4317590418134,-716.6417063017602,-100.05781866044649,nan,nan,nan,0.20377954056309602,0.2086157739307876,nan,nan,nan,nan,0.14333534866047282,0.29928445211057114,nan,0.4578976431448758,nan,nan,nan,-0.4999883393320879,nan,0.25190403660673794,nan,8.129853970288579e-12,nan,7.644980473449582e-19,nan,0.016851102794932293,nan,-0.30883691537256147,nan,0.03964426700983105,nan
3,12,sqp_full,sqp_full,,10,0,54,21.817071342306118,777.8401554498771,-716.3207565019804,-100.01388988533833,777.9121860920056,-716.3424078315558,-100.01429419773253,778.0645986366277,-716.7671071681931,-100.05826131949729,nan,nan,nan,0.45121958102279097,0.4533566124968952,nan,nan,nan,nan,0.0752143169737906,0.49960350409828336,nan,0.4721283453830863,nan,nan,nan,-0.4999921820393226,nan,0.5000003740966756,nan,-4.7181931020284784e-11,nan,2.993607155103493e-19,nan,0.022627199536184833,nan,-0.2880584443146655,nan,0.039239424359849694,nan
3,13,sqp_full,sqp_full,,10,0,56,22.625046670874102,777.0745914925676,-716.0632480763683,-100.01440432553605,777.465111983529,-716.2071544481614,-100.01395531787854,777.6949169500714,-716.8336112188416,-100.05859202946209,nan,nan,nan,0.6672768602151383,0.6687681542953176,nan,nan,nan,nan,0.4161914195456743,0.9890718095814481,nan,0.4670854857831545,nan,nan,nan,-0.4999951836865043,nan,0.5000001008981617,nan,-2.0734222835099807e-11,nan,7.93781425723147e-20,nan,0.016638632568718774,nan,-0.22424470060785753,nan,0.037048563330925086,nan
3,14,sqp_full,sqp_full,,10,0,57,23.029050030093146,776.7018949882014,-715.9073123084017,-100.01466154563491,777.0328984694124,-716.0492795615888,-100.01485510460341,777.3229935257124,-716.8454863044734,-100.05858004739586,nan,nan,nan,0.8474080003779331,0.8485353202588152,nan,nan,nan,nan,0.36016385930756667,1.1251372539398259,nan,0.46014542398189523,nan,nan,nan,-0.4999974786719741,nan,0.48059490889282996,nan,-7.97720732851368e-12,nan,-9.414462152038582e-21,nan,0.014397310193469135,nan,-0.12960276669841075,nan,0.03507376873366975,nan
4,0,sqp_full,sqp_full,,10,1,42,16.96937925491037,782.5674133537459,-715.9035782032709,-100.01080324415203,779.2334368014281,-716.7475899211194,-100.01103660495744,779.2317493243482,-716.7419712264646,-100.02210468566142,779.2317493243482,-716.7419712264646,-100.02210468566142,0.005866626672839916,0.012526760115375556,0.005866626672839916,0.012526760115375556,0.0,0.0,3.4391503938139225,3.439412359452889,3.439412359452889,0.22369368046743435,0.21631691540277226,0.9659986825402791,2.637286314288328,-1.4926725961712589e-06,-1.4926725961712589e-06,0.3521889897463141,0.3521889897463141,-1.0471531680776447e-10,-1.0471531680776447e-10,-3.252356179224283e-17,-3.252356179224283e-17,0.4999998649560184,0.4999998649560184,4.961915026842026,4.961915026842026,0.01112297467010704,0.01112297467010704
4,1,sqp_full,sqp_full,,10,1,43,17.373382614129284,782.1949156949905,-716.0599883765966,-100.01106046425089,779.3659367033164,-716.8043727376611,-100.01968323383191,779.3737651911284,-716.8132565941712,-100.02432166647026,779.3737651911284,-716.8132565941712,-100.02432166647026,0.011840951309604636,0.012717043101950784,0.011840951309604636,0.012717043101950784,0.0,0.0,2.9252743824009935,2.9199834199956456,2.9199834199956456,0.14441356046334583,0.158918296839306,1.0972782759031585,4.343539422223756,-2.0161271149849324e-05,-2.0161271149849324e-05,0.49996938424818593,0.49996938424818593,3.607958842706153e-11,3.607958842706153e-11,-6.327486696602701e-17,-6.327486696602701e-17,-0.19596466459306391,-0.19596466459306391,2.8538278992116184,2.8538278992116184,-0.010000780215052615,-0.010000780215052615
4,2,sqp_full,sqp_full,,10,1,45,18.181357942697378,781.4296802280157,-716.3184713394327,-100.01157490444861,779.4871791425032,-716.8371631866712,-100.00900254011404,779.5103040223813,-716.8723226285084,-100.0185790726376,779.5103040223813,-716.8723226285084,-100.0185790726376,0.04208261422106459,0.04315850315817069,0.04208261422106459,0.04315850315817069,0.0,0.0,2.0105600462580195,1.997687730644213,1.997687730644213,0.1260516553820951,0.14887789035365265,1.167626311925107,8.658314564153796,-2.0280578430954202e-05,-2.0280578430954202e-05,0.49997922056529087,0.49997922056529087,2.1083562559362405e-11,2.1083562559362405e-11,-4.570317224019248e-17,-4.570317224019248e-17,0.029076920747652182,0.029076920747652182,1.5968138502188127,1.5968138502188127,-0.01000068180804642,-0.01000068180804642
4,3,sqp_full,sqp_full,,10,1,46,18.585336640941502,781.0379026423875,-716.4170058302069,-100.01183212454747,779.5833867419511,-716.8126865609436,-100.01330468376025,779.6196757693627,-716.8750932744251,-100.01766585143596,779.6196757693627,-716.8750932744251,-100.01766585143596,0.07219066004719635,0.07232227306677778,0.07219066004719635,0.07232227306677778,0.0,0.0,1.5073751176460157,1.4903729633617988,1.4903729633617988,0.09936556666422866,0.10941064614347285,1.0584525840169916,15.997192633462571,2.779932420063683e-06,2.779932420063683e-06,0.3539803343860699,0.3539803343860699,1.0545943835829804e-11,1.0545943835829804e-11,-5.085721223859066e-18,-5.085721223859066e-18,0.00996784737741445,0.00996784737741445,0.12346087559096335,0.12346087559096335,-0.00999966402612281,-0.00999966402612281
4,4,sqp_full,sqp_full,,10,1,47,18.989309248872825,780.640910081837,-716.4917768718221,-100.01208934464633,779.638777668189,-716.6936007988139,-100.01264234127284,779.6740285014067,-716.7631389850944,-100.01771060785187,779.6740285014067,-716.7631389850944,-100.01771060785187,0.07796268718901052,0.07812725465448989,0.07796268718901052,0.07812725465448989,0.0,0.0,1.0222535262792323,1.0042397059939745,1.0042397059939745,0.13133930161625515,0.12445073074640461,0.9474068919378295,1.000442125766483,-0.033719970849341384,-0.033719970849341384,-0.019403572394892883,-0.019403572394892883,5.937970806415469e-12,5.937970806415469e-12,-2.296665563753469e-18,-2.296665563753469e-18,-0.008261078974976629,-0.008261078974976629,0.03343791205009835,0.03343791205009835,-0.00999970543982484,-0.00999970543982484
4,5,sqp_full,sqp_full,,10,1,48,19.39327502316379,780.2402047763453,-716.5429973636891,-100.01234656474519,779.7087709155319,-716.60716153115,-100.01288866097671,779.753372942121,-716.7028386230825,-100.01703989027433,779.753372942121,-716.7028386230825,-100.01703989027433,0.10556252505746458,0.1056441167372288,0.10556252505746458,0.1056441167372288,0.0,0.0,0.5352933670473781,0.5124006860052279,0.5124006860052279,0.1112243783587088,0.09966004110524322,0.8702488709701911,13.776825117822812,-7.5796587434678176e-06,-7.5796587434678176e-06,0.1058886874929282,0.1058886874929282,1.1271234504708792e-11,1.1271234504708792e-11,-6.510622299159807e-18,-6.510622299159807e-18,0.007188349665314274,0.007188349665314274,0.055501105152677754,0.055501105152677754,-0.010000292761621947,-0.010000292761621947
4,6,sqp_full,sqp_full,,10,1,50,20.201193983497888,779.4330971605882,-716.5688405725564,-100.01286100494289,779.7347409366341,-716.5660582532925,-100.01260340382152,779.7773696258397,-716.6628629418564,-100.01672377180797,779.7773696258397,-716.6628629418564,-100.01672377180797,0.1057750106184567,0.10585523276474604,0.1057750106184567,0.10585523276474604,0.0,0.0,0.30165660763146435,0.3568805630166756,0.3568805630166756,0.04862101210718332,0.046626128403220536,0.9587197075331371,1.3110439698205774,-0.002825088705600723,-0.002825088705600723,-0.01882590128560753,-0.01882590128560753,2.923789395053461e-11,2.923789395053461e-11,-1.3004328806711668e-18,-1.3004328806711668e-18,0.004379757524482761,0.004379757524482761,0.003492586785602281,0.003492586785602281,-0.003972698690820088,-0.003972698690820088
4,7,sqp_full,sqp_full,,10,1,51,20.605154261839584,779.0299158127051,-716.5437678576077,-100.01311822504175,779.2528404291274,-716.5544302751094,-100.0128974981364,779.3218936772222,-716.7312867302726,-100.01696680634957,779.3218936772222,-716.7312867302726,-100.01696680634957,0.18985930792383207,0.18990291223319952,0.18985930792383207,0.18990291223319952,0.0,0.0,0.22317946086959697,0.3470077822952927,0.3470077822952927,0.4820408649722918,0.46058681446177063,0.9411918408162766,9.925607525817652,-0.4999950801351933,-0.4999950801351933,0.03373386039506088,0.03373386039506088,5.834023920131365e-11,5.834023920131365e-11,1.0905296669504373e-19,1.0905296669504373e-19,0.00854338583178804,0.00854338583178804,-0.2046190688726287,-0.2046190688726287,0.04495250365488082,0.04495250365488082
4,8,sqp_full,sqp_full,,10,1,52,21.009120036130668,778.6291456160805,-716.4930576009149,-100.01337544514061,778.7579704766931,-716.5052595239213,-100.01324752181729,778.8965431599958,-716.8639448348389,-100.01724646422979,778.8965431599958,-716.8639448348389,-100.01724646422979,0.3845224841614669,0.3845432776244098,0.3845224841614669,0.3845432776244098,0.0,0.0,0.1294014359925796,0.4572294684069982,0.4572294684069982,0.4973069023362916,0.4455573065503036,0.8247420749939445,22.99596366731774,-0.49999532831740784,-0.49999532831740784,0.5000020515147332,0.5000020515147332,5.806312858145369e-13,5.806312858145369e-13,8.543863433252279e-20,8.543863433252279e-20,0.02097349326399529,0.02097349326399529,-0.39445316907168654,-0.39445316907168654,0.04488222341432103,0.04488222341432103
4,9,sqp_full,sqp_full,,10,1,53,21.41309264406197,778.2320581759074,-716.4187920863511,-100.01363266523947,778.2596569419426,-716.4184864174271,-100.01367749710126,778.4524804657661,-716.9388142559259,-100.01715761651728,778.4524804657661,-716.9388142559259,-100.01715761651728,0.5549071731889216,0.5549180859259044,0.5549071731889216,0.5549180859259044,0.0,0.0,0.027600458694678028,0.5648088550260725,0.5648088550260725,0.5058123523650236,0.4503300062336067,0.8395114496655358,19.44828337438175,-0.499995293450249,-0.499995293450249,0.5000014033011961,0.5000014033011961,2.0601583565794574e-12,2.0601583565794574e-12,2.2961010818486725e-20,2.2961010818486725e-20,0.037910151246080846,0.037910151246080846,-0.587436528697692,-0.587436528697692,0.04411430293571343,0.04411430293571343
4,10,sqp_full,sqp_full,,10,0,54,21.817071342306118,777.8401554498771,-716.3207565019804,-100.01388988533833,777.7630581558121,-716.2938920739599,-100.01426965824179,777.9938308028601,-716.953285038273,-100.0175453517629,nan,nan,nan,0.6986094016051317,0.6986170812248471,nan,nan,nan,nan,0.08164367853669986,0.6509289234154275,nan,0.5119906790802266,nan,nan,nan,-0.4999946861155092,nan,0.5000006438470805,nan,-2.8876077927206276e-12,nan,-1.9606142316744784e-19,nan,0.040636398358410514,nan,-0.8285137050389897,nan,0.04295238531605903,nan
4,11,sqp_full,sqp_full,,10,0,56,22.625046670874102,777.0745914925676,-716.0632480763683,-100.01440432553605,777.296798644731,-716.1406256069777,-100.0148369284136,777.5412616794254,-716.8920615632608,-100.01828308251675,nan,nan,nan,0.7902013488517544,0.7902088633426194,nan,nan,nan,nan,0.2352940728445319,0.9511639497777783,nan,0.4908043025181097,nan,nan,nan,-0.49999413228814044,nan,0.49999977327795225,nan,-2.786080664345802e-12,nan,-6.235546898056902e-19,nan,0.044475868872613115,nan,-1.0548981994835798,nan,0.03940215026227345,nan
4,12,sqp_full,sqp_full,,10,0,57,23.029050030093146,776.7018949882014,-715.9073123084017,-100.01466154563491,776.9973524799412,-716.0320911970191,-100.01489479536126,777.1852961852651,-716.6839481443204,-100.02001360230577,nan,nan,nan,0.678410138571028,0.6784294497591453,nan,nan,nan,nan,0.32072558437047033,0.9147895599293527,nan,0.31850859815854227,nan,nan,nan,-0.49999416581217365,nan,0.49999901427705745,nan,-2.8012969253977495e-12,nan,-1.0729703036960218e-18,nan,0.030223878135954924,nan,-1.2618776882963698,nan,0.024835849073913025,nan
4,13,sqp_full,sqp_full,,10,0,58,23.43306429971004,776.3355689511008,-715.7369224658817,-100.01491876573375,776.8182253422035,-715.9771124579588,-100.01420042770951,776.9040400061308,-716.3845274985238,-100.02186526189486,nan,nan,nan,0.41635462267580114,0.41642516915599304,nan,nan,nan,nan,0.5391181912774828,0.8617143486738353,nan,0.18737575982296797,nan,nan,nan,-0.49999528596583603,nan,0.49999870896536286,nan,-4.004689938357693e-12,nan,-1.2593535845878498e-18,nan,0.019531436949736216,nan,-1.2261391213736437,nan,0.014975477014304923,nan
4,14,sqp_full,sqp_full,,10,0,59,23.83708877289445,775.9753697944327,-715.5539135144465,-100.01517598583261,776.6669870832552,-715.940747346717,-100.01348391995941,776.6461413662167,-716.0690824433462,-100.02367677549167,nan,nan,nan,0.1300170794383651,0.13041600840994724,nan,nan,nan,nan,0.7924486658372434,0.845773921812051,nan,0.15555046020081262,nan,nan,nan,-0.49999750650799657,nan,0.49999911205529507,nan,1.8951901869669684e-12,nan,-8.70198025783507e-19,nan,-0.0010709814284861421,nan,-0.7966391741364518,nan,0.013012135804033107,nan
5,0,sqp_full,sqp_full,,10,1,45,18.181357942697378,781.4296802280157,-716.3184713394327,-100.01157490444861,778.5783086413389,-716.9740688262181,-100.0009032756165,778.5748493052708,-716.9694748932474,-100.02493610185444,778.5748493052708,-716.9694748932474,-100.02493610185444,0.00575075874741299,0.024711292219434192,0.00575075874741299,0.024711292219434192,0.0,0.0,2.92576964062229,2.928116327016319,2.928116327016319,0.1316807430590833,0.1263911088520375,0.9430284202421061,10.736167434546173,-4.183340773962033e-05,-4.183340773962033e-05,0.4999942683998319,0.4999942683998319,1.4375797572244073e-11,1.4375797572244073e-11,-3.2825989986329185e-17,-3.2825989986329185e-17,-0.3933540594255484,-0.3933540594255484,4.40747289035987,4.40747289035987,-0.010002571729040085,-0.010002571729040085
5,1,sqp_full,sqp_full,,10,1,46,18.585336640941502,781.0379026423875,-716.4170058302069,-100.01183212454747,778.6869431773183,-716.9733386989342,-100.0078675046359,778.6881809735385,-716.9808178061928,-100.03838062837201,778.6881809735385,-716.9808178061928,-100.03838062837201,0.007580843282144106,0.03144073639410919,0.007580843282144106,0.03144073639410919,0.0,0.0,2.415888380539227,2.416417982329195,2.416417982329195,0.10885998336923533,0.11468863936622331,1.0461234877710208,6.803701738631175,-3.61116669505545e-05,-3.61116669505545e-05,0.4999987301385481,0.4999987301385481,-3.5117519160107477e-10,-3.5117519160107477e-10,-9.83021453597779e-18,-9.83021453597779e-18,-0.4555241848527373,-0.4555241848527373,3.6023018578523165,3.6023018578523165,-0.010002476679310672,-0.010002476679310672
5,2,sqp_full,sqp_full,,10,1,47,18.989309248872825,780.640910081837,-716.4917768718221,-100.01208934464633,778.7523282523593,-716.869386049735,-100.01122376323632,778.7477609498568,-716.8767369110808,-100.04617353096235,778.7477609498568,-716.8767369110808,-100.04617353096235,0.008654213694777441,0.036005300703898874,0.008654213694777441,0.036005300703898874,0.0,0.0,1.9259621018797257,1.9318923023148882,1.9318923023148882,0.12285204835671504,0.12018042950580851,0.9767207645867078,3.207620010073781,-0.04123039317103374,-0.04123039317103374,-9.879132092299574e-07,-9.879132092299574e-07,8.4556760703343e-11,8.4556760703343e-11,7.207871599890998e-20,7.207871599890998e-20,-0.1712423624353991,-0.1712423624353991,0.15489905643761634,0.15489905643761634,-0.009999972564970799,-0.009999972564970799
5,3,sqp_full,sqp_full,,10,1,48,19.39327502316379,780.2402047763453,-716.5429973636891,-100.01234656474519,778.802130759027,-716.7217847419403,-100.01209024942445,778.787851515204,-716.729458549971,-100.04429530994358,778.787851515204,-716.729458549971,-100.04429530994358,0.01621061793550258,0.03605482016168342,0.01621061793550258,0.03605482016168342,0.0,0.0,1.44914519835235,1.4642738026534734,1.4642738026534734,0.15577928787687392,0.1526489331611109,0.9780063244817894,3.567493666098736,-0.10379685443951622,-0.10379685443951622,-1.2451662703416181e-06,-1.2451662703416181e-06,-2.9124063676062946e-12,-2.9124063676062946e-12,1.6227657490004622e-19,1.6227657490004622e-19,0.01822765601162596,0.01822765601162596,0.016651070466553123,0.016651070466553123,-0.009999948505594618,-0.009999948505594618
5,4,sqp_full,sqp_full,,10,1,50,20.201193983497888,779.4330971605882,-716.5688405725564,-100.01286100494289,778.8704756470471,-716.6148499098091,-100.01512573055534,778.8478371131098,-716.6241737088251,-100.03816325116733,778.8478371131098,-716.6241737088251,-100.03816325116733,0.024483391246375885,0.03361790896042627,0.024483391246375885,0.03361790896042627,0.0,0.0,0.564499624989799,0.5878699508766564,0.5878699508766564,0.1269460365159303,0.1213291880632649,0.951872795807824,5.165322878971565,-0.041660200322418975,-0.041660200322418975,-7.512335005327567e-07,-7.512335005327567e-07,-7.902446114244345e-11,-7.902446114244345e-11,2.4669083570541686e-19,2.4669083570541686e-19,0.1109153185024956,0.1109153185024956,0.0008852941330577251,0.0008852941330577251,-0.00999991789795803,-0.00999991789795803
5,5,sqp_full,sqp_full,,10,1,51,20.605154261839584,779.0299158127051,-716.5437678576077,-100.01311822504175,778.930654907603,-716.5173114077737,-100.01283054366668,778.8952274092451,-716.5208065823323,-100.03859736530958,778.8952274092451,-716.5208065823323,-100.03859736530958,0.03559949276448947,0.043946023513693616,0.03559949276448947,0.043946023513693616,0.0,0.0,0.10272619441754706,0.13663157098148654,0.13663157098148654,0.1146323281766016,0.11371363797823442,0.9842183886185384,7.174736035549471,-0.054088690799171286,-0.054088690799171286,1.1704148771265654e-05,1.1704148771265654e-05,2.1701563860472007e-10,2.1701563860472007e-10,7.339580251805195e-19,7.339580251805195e-19,-0.017379642686806817,-0.017379642686806817,-0.056599692028966066,-0.056599692028966066,-0.008709517739564625,-0.008709517739564625
5,6,sqp_full,sqp_full,,10,1,52,21.009120036130668,778.6291456160805,-716.4930576009149,-100.01337544514061,778.3544470163546,-716.4270783033169,-100.0132758115161,778.3556953074577,-716.576406301821,-100.03894249705988,778.3556953074577,-716.576406301821,-100.03894249705988,0.14933321588955217,0.15152289633820687,0.14933321588955217,0.15152289633820687,0.0,0.0,0.2825112181894081,0.28587073517339734,0.28587073517339734,0.5832304393121578,0.5423894696454146,0.8991883242447269,14.783790498493099,-0.4999865968604677,-0.4999865968604677,0.4999951990427464,0.4999951990427464,-6.8255095581410565e-12,-6.8255095581410565e-12,-1.637066005503722e-17,-1.637066005503722e-17,0.08438501773438169,0.08438501773438169,-1.461250658992627,-1.461250658992627,0.05238220018533805,0.05238220018533805
5,7,sqp_full,sqp_full,,10,1,53,21.41309264406197,778.2320581759074,-716.4187920863511,-100.01363266523947,777.9947941791147,-716.3438692626593,-100.01363956069761,777.9375956170815,-716.3958972787909,-100.03962072416772,777.9375956170815,-716.3958972787909,-100.03962072416772,0.077321342210731,0.08156966848363051,0.077321342210731,0.08156966848363051,0.0,0.0,0.24881244680280168,0.29535126673763684,0.29535126673763684,0.36915313908371566,0.4554023698665096,1.2136645330113491,10.324953623813146,-0.49997416849018955,-0.49997416849018955,0.49998844687005817,0.49998844687005817,-9.107090689759785e-11,-9.107090689759785e-11,-3.832894183386871e-17,-3.832894183386871e-17,0.1462527999386841,0.1462527999386841,-3.11953310752163,-3.11953310752163,0.031772225991310105,0.031772225991310105
5,8,sqp_full,sqp_full,,10,1,54,21.817071342306118,777.8401554498771,-716.3207565019804,-100.01388988533833,777.7224813988041,-716.2734483166922,-100.01451825236866,777.5606847946946,-716.0910206656021,-100.04051800139437,777.5606847946946,-716.0910206656021,-100.04051800139437,0.24384008895935969,0.2452222990127705,0.24384008895935969,0.2452222990127705,0.0,0.0,0.1268276258989548,0.36177672897056384,0.36177672897056384,0.28127234497966846,0.4847806951687694,1.5687225365536304,24.469598348564716,-0.4999669659525622,-0.4999669659525622,0.49998249138474865,0.49998249138474865,-1.0009745206292906e-10,-1.0009745206292906e-10,-5.703502429150002e-17,-5.703502429150002e-17,0.1979498415487835,0.1979498415487835,-4.2992402714928,-4.2992402714928,0.023861961911103995,0.023861961911103995
5,9,sqp_full,sqp_full,,10,1,56,22.625046670874102,777.0745914925676,-716.0632480763683,-100.01440432553605,777.4367284977077,-716.1892200030869,-100.01436227374815,777.165289940165,-715.7394985170938,-100.04080133165527,777.165289940165,-715.7394985170938,-100.04080133165527,0.5252887829419762,0.5259537330104989,0.5252887829419762,0.5259537330104989,0.0,0.0,0.3834216175609559,0.33621419590337065,0.33621419590337065,0.2979079616713251,0.5290604806222199,1.606700396600239,25.215102947141016,-0.4999644483608911,-0.4999644483608911,0.49997806859878274,0.49997806859878274,-7.930272376182863e-11,-7.930272376182863e-11,-7.041822489108124e-17,-7.041822489108124e-17,0.24697992845569175,0.24697992845569175,-4.976274947547628,-4.976274947547628,0.025026317059236358,0.025026317059236358
5,10,sqp_full,sqp_full,,10,0,57,23.029050030093146,776.7018949882014,-715.9073123084017,-100.01466154563491,777.1599287759909,-716.1028330832409,-100.01503370550033,776.7786697894797,-715.3565714330574,-100.04171135386319,nan,nan,nan,0.8380124493884616,0.8384369757186414,nan,nan,nan,nan,0.4980194013796008,0.5560664365760472,nan,0.2899676476498448,nan,nan,nan,-0.4999675913999791,nan,0.4999770986202393,nan,-1.751048187857233e-12,nan,-7.252835304929407e-17,nan,0.22833184996740505,nan,-5.004937447087874,nan,0.024397678799530437,nan
5,11,sqp_full,sqp_full,,10,0,58,23.43306429971004,776.3355689511008,-715.7369224658817,-100.01491876573375,776.8952697966205,-716.0168792548311,-100.0143996678661,776.4619917777106,-715.1353173739495,-100.04089546411885,nan,nan,nan,0.9822836614206414,0.9826409408899104,nan,nan,nan,nan,0.62581214446063,0.6147450021973686,nan,0.2782675654534905,nan,nan,nan,-0.4999734393771302,nan,0.49997865365251065,nan,-1.9245210726990315e-11,nan,-6.677934022956748e-17,nan,0.22207810809947356,nan,-4.647712218288861,nan,0.023463173709485582,nan
5,12,sqp_full,sqp_full,,10,0,59,23.83708877289445,775.9753697944327,-715.5539135144465,-100.01517598583261,776.6589522368438,-715.9402717155133,-100.01463553184597,776.2377059371796,-715.1338483793602,-100.04063336742361,nan,nan,nan,0.9098170376911024,0.910188403314245,nan,nan,nan,nan,0.7852118281739389,0.49525243008633757,nan,0.24842455549113396,nan,nan,nan,-0.49998072538901595,nan,0.4999824927015417,nan,7.112973473594919e-12,nan,-5.4055216377810814e-17,nan,0.17170949009869726,nan,-3.945594795791798,nan,0.02112646789755083,nan
5,13,sqp_full,sqp_full,,10,0,61,24.645156080305494,775.2679047895069,-715.16351244524,-100.01569042603033,776.4656978617694,-715.879555625378,-100.01463745781471,776.0567890862807,-715.145016083848,-100.03832727530079,nan,nan,nan,0.8406870551774334,0.8410207679929362,nan,nan,nan,nan,1.3955020887774396,0.789101101938713,nan,0.20256775925701215,nan,nan,nan,-0.49998829925152266,nan,0.49998804155314075,nan,-2.1080024487093473e-11,nan,-3.651885952968719e-17,nan,0.11851423423142392,nan,-2.9160294522140147,nan,0.017355178120336583,nan
5,14,sqp_full,sqp_full,,10,0,62,25.049196172625212,774.9176251266547,-714.9621359624231,-100.01594764612919,776.3271812340098,-715.8432409369078,-100.0135904531386,775.9240383772931,-715.1457372141049,-100.03695895087543,nan,nan,nan,0.805627461203731,0.8059663100477866,nan,nan,nan,nan,1.6622858947375947,1.0230234849110431,nan,0.14320163750246298,nan,nan,nan,-0.4999950072755646,nan,0.49999427727657314,nan,-3.208120827708083e-11,nan,-1.732243888424663e-17,nan,0.052382920940621025,nan,-1.6199643116522064,nan,0.012496197030125378,nan
6,0,sqp_full,sqp_full,,10,1,47,18.989309248872825,780.640910081837,-716.4917768718221,-100.01208934464633,776.5070733979677,-716.2099325185472,-100.04284569073744,776.5093850254369,-716.2280088418426,-100.04245278504236,776.5093850254369,-716.2280088418426,-100.04245278504236,0.01822353109124685,0.018227766191139937,0.01822353109124685,0.018227766191139937,0.0,0.0,4.143433596472487,4.139936335899446,4.139936335899446,0.8090496557998675,0.8178363661814545,1.0106657114215578,1.1249089469978586,3.555972406314062e-05,3.555972406314062e-05,-2.3482379881176815e-05,-2.3482379881176815e-05,5.881813333635451e-10,5.881813333635451e-10,-2.401265530070288e-18,-2.401265530070288e-18,0.015620626944411886,0.015620626944411886,0.23105044920086457,0.23105044920086457,0.0792974644069756,0.0792974644069756
6,1,sqp_full,sqp_full,,10,1,48,19.39327502316379,780.2402047763453,-716.5429973636891,-100.01234656474519,776.6571783425059,-716.3504424147244,-100.02850246734083,776.5985702492843,-716.18420876754,-100.03204989728863,776.5985702492843,-716.18420876754,-100.03204989728863,0.17626268478413304,0.17629837862710265,0.17626268478413304,0.17629837862710265,0.0,0.0,3.5881967384694846,3.659266495543707,3.659266495543707,0.20610738306992912,0.09990330692843337,0.17377509657463733,68.99128437378185,2.7624553868308587e-05,2.7624553868308587e-05,-2.113094941638208e-05,-2.113094941638208e-05,4.110227015984578e-10,4.110227015984578e-10,5.952026692916223e-20,5.952026692916223e-20,0.1793603216901407,0.1793603216901407,0.5882755824874868,0.5882755824874868,-0.010000796231025327,-0.010000796231025327
6,2,sqp_full,sqp_full,,10,1,50,20.201193983497888,779.4330971605882,-716.5688405725564,-100.01286100494289,776.8412399761758,-716.6407613307474,-100.01885132989284,776.6550418347914,-716.0523878748112,-100.01912033090649,776.6550418347914,-716.0523878748112,-100.01912033090649,0.6171329447576855,0.6171330033848764,0.6171329447576855,0.6171330033848764,0.0,0.0,2.5928548474315427,2.8256529833290216,2.8256529833290216,0.343885013404201,0.14398944897568797,-0.23466758223846232,124.08681728421287,-0.05984778991582305,-0.05984778991582305,-1.601818274972795e-05,-1.601818274972795e-05,-1.4404285136696568e-10,-1.4404285136696568e-10,1.891492596072331e-18,1.891492596072331e-18,0.3178160936895281,0.3178160936895281,-1.1612143870285567,-1.1612143870285567,-0.010001892085126364,-0.010001892085126364
6,3,sqp_full,sqp_full,,10,1,51,20.605154261839584,779.0299158127051,-716.5437678576077,-100.01311822504175,776.9003079619416,-716.4967122153869,-100.01549653494467,776.5615547760013,-715.4854524243117,-100.0199883712017,776.5615547760013,-715.4854524243117,-100.0199883712017,1.0664896089649323,1.0664990682711046,1.0664896089649323,1.0664990682711046,0.0,0.0,2.1301276561506994,2.685672683680891,2.685672683680891,0.1557254931850455,0.5745923674120662,3.139801982093549,31.68526317606222,-0.5000021392620888,-0.5000021392620888,0.5000026515563301,0.5000026515563301,3.224304070182397e-10,3.224304070182397e-10,3.2202630956680833e-18,3.2202630956680833e-18,0.171472221193841,0.171472221193841,-3.8463732303921803,-3.8463732303921803,-0.010003052055740062,-0.010003052055740062
6,4,sqp_full,sqp_full,,10,1,52,21.009120036130668,778.6291456160805,-716.4930576009149,-100.01337544514061,776.9599873948766,-716.3397386760056,-100.01371668232395,776.5419605805222,-715.1047126396348,-100.02142033690396,776.5419605805222,-715.1047126396348,-100.02142033690396,1.3038541820438132,1.3038769398708718,1.3038541820438132,1.3038769398708718,0.0,0.0,1.676184912277782,2.5067594827127024,2.5067594827127024,0.16794491554277582,0.3812463333044108,2.0774020500015506,23.776119529389188,-0.5000036712906363,-0.5000036712906363,0.5000042483583232,0.5000042483583232,3.0160166840783833e-10,3.0160166840783833e-10,4.1127840946442984e-18,4.1127840946442984e-18,0.13282579062284533,0.13282579062284533,-3.536206375279801,-3.536206375279801,-0.010004803702670014,-0.010004803702670014
6,5,sqp_full,sqp_full,,10,1,53,21.41309264406197,778.2320581759074,-716.4187920863511,-100.01363266523947,777.0298702378584,-716.2130433365859,-100.0151701831921,776.6018398219855,-714.9740160530488,-100.02130229219668,776.6018398219855,-714.9740160530488,-100.02130229219668,1.3108770523056814,1.3108913948235665,1.3108770523056814,1.3108913948235665,0.0,0.0,1.2196673261263904,2.1782997194758034,2.1782997194758034,0.1446977312838326,0.14376068738713063,0.9907140008461782,4.310363261819881,-0.5000076213100462,-0.5000076213100462,0.5000083554629164,0.5000083554629164,4.971062642850584e-11,4.971062642850584e-11,7.151532486807899e-18,7.151532486807899e-18,0.12970992760456607,0.12970992760456607,-2.9839705681260607,-2.9839705681260607,-0.010009999918482218,-0.010009999918482218
6,6,sqp_full,sqp_full,,10,1,54,21.817071342306118,777.8401554498771,-716.3207565019804,-100.01388988533833,777.1039926968476,-716.0971998304012,-100.01572787276635,776.6726465718544,-714.8764996275331,-100.02222867505122,776.6726465718544,-714.8764996275331,-100.02222867505122,1.2946692492018677,1.2946855700359354,1.2946692492018677,1.2946855700359354,0.0,0.0,0.769358943767798,1.857136209234583,1.857136209234583,0.13752878923854212,0.12051517438709608,0.874769210252225,3.3766450013423004,-0.5000070041649789,-0.5000070041649789,0.5000082960992223,0.5000082960992223,-5.4697963819395825e-11,-5.4697963819395825e-11,5.957395802959174e-18,5.957395802959174e-18,0.09314744725084462,0.09314744725084462,-2.804209078456289,-2.804209078456289,-0.010011117124207733,-0.010011117124207733
6,7,sqp_full,sqp_full,,10,1,56,22.625046670874102,777.0745914925676,-716.0632480763683,-100.01440432553605,776.9988578434212,-716.0042849947598,-100.01277039362422,776.5794390218111,-714.8665139999856,-100.02448640113403,776.5794390218111,-714.8665139999856,-100.02448640113403,1.2126149366019603,1.2126715339704095,1.2126149366019603,1.2126715339704095,0.0,0.0,0.09598036573075151,1.2951248661313322,1.2951248661313322,0.14033976902558062,0.09376810475663676,0.5443189326047256,35.445748465869265,-0.5000008459793286,-0.5000008459793286,0.5000008846995552,0.5000008846995552,-1.0695936512021226e-10,-1.0695936512021226e-10,7.705487791977221e-19,7.705487791977221e-19,0.10437126196696037,0.10437126196696037,-4.024396123042495,-4.024396123042495,0.008351961257472491,0.008351961257472491
6,8,sqp_full,sqp_full,,10,1,57,23.029050030093146,776.7018949882014,-715.9073123084017,-100.01466154563491,776.7496634986522,-715.90516910043,-100.01714637527789,776.3554078802262,-714.9185649672431,-100.02474104897341,776.3554078802262,-714.9185649672431,-100.02474104897341,1.0624618620364337,1.0624890057551029,1.0624618620364337,1.0624890057551029,0.0,0.0,0.04781656544654123,1.0476996805579724,1.0476996805579724,0.26821806648512136,0.22999852268621335,0.7043185132782931,34.779110492176876,-0.4999991077916926,-0.4999991077916926,0.4999974278244621,0.4999974278244621,-3.8519472745049754e-10,-3.8519472745049754e-10,-1.0447908666275694e-19,-1.0447908666275694e-19,0.22774573769882564,0.22774573769882564,-5.236046261287618,-5.236046261287618,0.022728376973087463,0.022728376973087463
6,9,sqp_full,sqp_full,,10,1,58,23.43306429971004,776.3355689511008,-715.7369224658817,-100.01491876573375,776.4956927287923,-715.8037834357094,-100.01376199299308,776.1233841929873,-714.9661760233543,-100.02771006193628,776.1233841929873,-714.9661760233543,-100.02771006193628,0.9166241449283475,0.9167302611416668,0.9166241449283475,0.9167302611416668,0.0,0.0,0.17352237166573317,0.7994200712043373,0.7994200712043373,0.27348063733576045,0.23687680161203278,0.72321042683173,33.38771385387607,-0.49999974658987495,-0.49999974658987495,0.4999987923913317,0.4999987923913317,-4.294740420610673e-10,-4.294740420610673e-10,-2.850852958739358e-19,-2.850852958739358e-19,0.21427928458964968,0.21427928458964968,-5.235987655592131,-5.235987655592131,0.023433915058295215,0.023433915058295215
6,10,sqp_full,sqp_full,,10,0,59,23.83708877289445,775.9753697944327,-715.5539135144465,-100.01517598583261,776.2405595184212,-715.6994397971025,-100.01410323486034,775.8865031001768,-715.0074521405534,-100.02885825975578,nan,nan,nan,0.777304872052368,0.7774449015049317,nan,nan,nan,nan,0.3024954357552334,0.5536400658416489,nan,0.27564590763874663,nan,nan,nan,-0.499999227984904,nan,0.49999838259885865,nan,-4.687461495977942e-10,nan,-1.4467311586454273e-19,nan,0.2376631957881142,nan,-5.235987608790051,nan,0.02375280117369419,nan
6,11,sqp_full,sqp_full,,10,0,61,24.645156080305494,775.2679047895069,-715.16351244524,-100.01569042603033,775.985133886024,-715.588759889162,-100.01420515322998,775.646576488323,-715.0425787838784,-100.02686322141436,nan,nan,nan,0.6426001177301823,0.6427247762433035,nan,nan,nan,nan,0.833818304819997,0.3975137808109238,nan,0.2783743991364517,nan,nan,nan,-0.49999896482935,nan,0.4999977949578732,nan,-4.0506132570240476e-10,nan,4.030929564527955e-19,nan,0.23295370464954365,nan,-5.235987565297598,nan,0.023916031789876974,nan
6,12,sqp_full,sqp_full,,10,0,62,25.049196172625212,774.9176251266547,-714.9621359624231,-100.01594764612919,775.7638576989777,-715.4943322877218,-100.01536514439546,775.4349625531506,-715.0653366670855,-100.02685625801668,nan,nan,nan,0.540563834781632,0.5406859579886268,nan,nan,nan,nan,0.9996711935040773,0.527530471438534,nan,0.24058484666948896,nan,nan,nan,-0.4999990162122162,nan,0.499997247889737,nan,-1.8803424096476594e-10,nan,1.3911255602381357e-18,nan,0.21434538343754236,nan,-4.635709906704845,nan,0.02089317980965803,nan
6,13,sqp_full,sqp_full,,10,0,63,25.453236576665585,774.5675874044048,-714.7603386013477,-100.01620486622805,775.5843003378316,-715.4249908765462,-100.01507335630896,775.2617092458357,-715.07383933563,-100.02699148854042,nan,nan,nan,0.47683583896645876,0.4769847578264245,nan,nan,nan,nan,1.2146883698808537,0.7616349789413811,nan,0.1924815897323492,nan,nan,nan,-0.4999995651083138,nan,0.49999784473825787,nan,-8.294545472806622e-11,nan,1.6988962961624326e-18,nan,0.15401935174271608,nan,-3.5287573196479816,nan,0.01687114472801959,nan
6,14,sqp_full,sqp_full,,10,0,64,25.85727698070601,774.2175496821549,-714.5585412402722,-100.01646208632691,775.4644089163565,-715.3992933589997,-100.0145349447099,775.1456803366423,-715.0779159999183,-100.02691776954185,nan,nan,nan,0.4526271251889748,0.45279647614315066,nan,nan,nan,nan,1.5038357872649957,1.0635678881748258,nan,0.12261568104606066,nan,nan,nan,-0.5000000499734266,nan,0.4999989581259357,nan,-3.775154375824763e-11,nan,1.0863739278022838e-18,nan,0.0896247364534093,nan,-2.151425550166993,nan,0.011259674591852887,nan
7,0,sqp_full,sqp_full,,10,1,50,20.201193983497888,779.4330971605882,-716.5688405725564,-100.01286100494289,776.2894575731474,-715.4212707946269,-100.03482309490919,776.2159712024128,-714.9279344010206,-100.03466772737774,776.2159712024128,-714.9279344010206,-100.03466772737774,0.49877955445295447,0.49877957865108874,0.49877955445295447,0.49877957865108874,0.0,0.0,3.3465484085759343,3.6114363478469773,3.6114363478469773,0.4845020264928213,0.1004150641163161,-0.008425560192784036,92.32990301895882,-2.961320595368487e-06,-2.961320595368487e-06,6.798235726252999e-06,6.798235726252999e-06,8.966735015791232e-10,8.966735015791232e-10,-2.096671925429599e-18,-2.096671925429599e-18,-0.2623366215572754,-0.2623366215572754,-5.815870879941097e-07,-5.815870879941097e-07,-0.01001129147905271,-0.01001129147905271
7,1,sqp_full,sqp_full,,10,1,51,20.605154261839584,779.0299158127051,-716.5437678576077,-100.01311822504175,776.4426167092574,-715.8743078081301,-100.03158425612297,776.3084829685406,-714.8895897768417,-100.03127416579164,776.3084829685406,-714.8895897768417,-100.03127416579164,0.9938115825161266,0.9938116308935118,0.9938115825161266,0.9938116308935118,0.0,0.0,2.672506952011099,3.184729478022228,3.184729478022228,0.47823712387741335,0.1002010645439366,-0.013954397375443219,93.81879425363849,-1.6443818696136509e-06,-1.6443818696136509e-06,6.334338982244014e-06,6.334338982244014e-06,9.027575800264866e-10,9.027575800264866e-10,-7.2113627654764e-18,-7.2113627654764e-18,-0.006825977789005109,-0.006825977789005109,-5.216689838702328e-07,-5.216689838702328e-07,-0.010012045447070236,-0.010012045447070236
7,2,sqp_full,sqp_full,,10,1,52,21.009120036130668,778.6291456160805,-716.4930576009149,-100.01337544514061,776.5692231096045,-716.1828528737115,-100.02156356847443,776.3978797601446,-714.841648859341,-100.02975591338905,776.3978797601446,-714.841648859341,-100.02975591338905,1.3521045638439002,1.3521293821534623,1.3521045638439002,1.3521293821534623,0.0,0.0,2.083148507779835,2.775913930872418,2.775913930872418,0.33366098406073796,0.1014515796341348,-0.03106552066457253,95.86416762947708,-0.2176430289102945,-0.2176430289102945,5.342686289472272e-06,5.342686289472272e-06,-1.0990067327480473e-09,-1.0990067327480473e-09,-1.2392834442280997e-17,-1.2392834442280997e-17,0.351312192903795,0.351312192903795,-2.170070300744641,-2.170070300744641,-0.010012464281605033,-0.010012464281605033
7,3,sqp_full,sqp_full,,10,1,53,21.41309264406197,778.2320581759074,-716.4187920863511,-100.01363266523947,776.6603611960641,-716.1248608320072,-100.0173838560124,776.477434824556,-714.7659012046574,-100.0225230933812,776.477434824556,-714.7659012046574,-100.0225230933812,1.371216002736167,1.3712256334828654,1.371216002736167,1.3712256334828654,0.0,0.0,1.598945583416964,2.4105500143936784,2.4105500143936784,0.10810503087643981,0.11008646215053657,0.9988697316223087,11.218846810922157,-0.4999942560279555,-0.4999942560279555,0.4999917125893157,0.4999917125893157,-2.1589812393283736e-10,-2.1589812393283736e-10,1.7933014090867462e-17,1.7933014090867462e-17,0.2936983531177283,0.2936983531177283,-4.352864798146984,-4.352864798146984,-0.010001188959646586,-0.010001188959646586
7,4,sqp_full,sqp_full,,10,1,54,21.817071342306118,777.8401554498771,-716.3207565019804,-100.01388988533833,776.7520497177501,-716.0337088429155,-100.01598034029546,776.55885448079,-714.69455628081,-100.0227038494564,776.55885448079,-714.69455628081,-100.0227038494564,1.3530166237625196,1.3530333291361172,1.3530166237625196,1.3530333291361172,0.0,0.0,1.1253312591686644,2.070328315199782,2.070328315199782,0.1292959395368554,0.10825567538392802,0.835548143657063,3.675700961516906,-0.49999241282524926,-0.49999241282524926,0.4999824811175804,0.4999824811175804,6.752569347250444e-10,6.752569347250444e-10,4.6651578544800253e-17,4.6651578544800253e-17,0.21586784221087404,0.21586784221087404,-4.235752343180486,-4.235752343180486,-0.009992779761270868,-0.009992779761270868
7,5,sqp_full,sqp_full,,10,1,56,22.625046670874102,777.0745914925676,-716.0632480763683,-100.01440432553605,776.843650958593,-715.9313612566233,-100.01558315338107,776.6416034935149,-714.6262525763622,-100.0221843730621,776.6416034935149,-714.6262525763622,-100.0221843730621,1.320655839133491,1.3206723369324667,1.320655839133491,1.3206723369324667,0.0,0.0,0.26594673048364303,1.5008113386969673,1.5008113386969673,0.13735346191938816,0.10729895155111412,0.7723342692835415,8.63470217700127,-0.49999398940889733,-0.49999398940889733,0.49998205170067717,0.49998205170067717,9.346365055310357e-10,9.346365055310357e-10,5.531849789988497e-17,5.531849789988497e-17,0.20220114771901293,0.20220114771901293,-4.62108255004976,-4.62108255004976,-0.009992281157497037,-0.009992281157497037
7,6,sqp_full,sqp_full,,10,1,57,23.029050030093146,776.7018949882014,-715.9073123084017,-100.01466154563491,776.640062553295,-715.8298519422304,-100.01590839120578,776.4521346724373,-714.6856397680228,-100.02281418046888,776.4521346724373,-714.6856397680228,-100.02281418046888,1.1595423183345719,1.1595628822681674,1.1595423183345719,1.1595628822681674,0.0,0.0,0.09911285655175045,1.2469418636193812,1.2469418636193812,0.22749172613507745,0.19855898204627334,0.6288684799514704,43.90396126957914,-0.4999963264105528,-0.4999963264105528,0.49998620601519783,0.49998620601519783,4.873685755861933e-10,4.873685755861933e-10,4.86430506000674e-17,4.86430506000674e-17,0.24673570978864706,0.24673570978864706,-5.235986503634101,-5.235986503634101,0.019795554261406407,0.019795554261406407
7,7,sqp_full,sqp_full,,10,1,58,23.43306429971004,776.3355689511008,-715.7369224658817,-100.01491876573375,776.3755747487182,-715.7257638969676,-100.01517281681527,776.2046435439393,-714.7656144280331,-100.02156602552064,776.2046435439393,-714.7656144280331,-100.02156602552064,0.9752458559063111,0.9752668109702,0.9752458559063111,0.9752668109702,0.0,0.0,0.04153284848423667,0.9800922235328304,0.9800922235328304,0.28423346215068895,0.2600949111762798,0.7072143119701894,39.38962106933096,-0.49999759575984226,-0.49999759575984226,0.49998698155143045,0.49998698155143045,-3.845639564354843e-11,-3.845639564354843e-11,5.2093346994365207e-17,5.2093346994365207e-17,0.28172367107150686,0.28172367107150686,-5.2359865643880745,-5.2359865643880745,0.025974008523514433,0.025974008523514433
7,8,sqp_full,sqp_full,,10,1,59,23.83708877289445,775.9753697944327,-715.5539135144465,-100.01517598583261,776.1101821339878,-715.6181636562229,-100.01391655392126,775.9532746971948,-714.8393109075074,-100.02191974629548,775.9532746971948,-714.8393109075074,-100.02191974629548,0.7945008168042104,0.7945411247951463,0.7945008168042104,0.7945411247951463,0.0,0.0,0.14934004022560032,0.7149441091205198,0.7149441091205198,0.2863784732801299,0.261949600722903,0.7167339009787665,38.410924723585964,-0.49999866512281166,-0.49999866512281166,0.4999876706758846,0.4999876706758846,-4.6056654483100236e-10,-4.6056654483100236e-10,5.589290442669694e-17,5.589290442669694e-17,0.30125617359238116,0.30125617359238116,-5.235986617280196,-5.235986617280196,0.0262118550172326,0.0262118550172326
7,9,sqp_full,sqp_full,,10,1,61,24.645156080305494,775.2679047895069,-715.16351244524,-100.01569042603033,775.8486000978453,-715.5080507571394,-100.01312102112524,775.7001800249484,-714.8996318955432,-100.02142410651176,775.7001800249484,-714.8996318955432,-100.02142410651176,0.6262603525568763,0.6263153921241267,0.6262603525568763,0.6263153921241267,0.0,0.0,0.6752138102057839,0.5064531801501947,0.5064531801501947,0.2838144553215284,0.26018412783256517,0.7394514978246107,36.2340061792922,-0.27390585302352966,-0.27390585302352966,0.49998830458017945,0.49998830458017945,-7.007571290954274e-10,-7.007571290954274e-10,6.006662313409838e-17,6.006662313409838e-17,0.30898446541243463,0.30898446541243463,-5.235986662271019,-5.235986662271019,0.026020706745924077,0.026020706745924077
7,10,sqp_full,sqp_full,,10,0,62,25.049196172625212,774.9176251266547,-714.9621359624231,-100.01594764612919,775.5554121538149,-715.3709677333235,-100.01304122924722,775.4126851383214,-714.9494597646091,-100.0213445491042,nan,nan,nan,0.44501681838035057,0.4450942751395679,nan,nan,nan,nan,0.757572246661254,0.49522227448127965,nan,0.323652486951634,nan,nan,nan,-5.331106983019737e-07,nan,0.49998944514416094,nan,-9.763884871087298e-10,nan,6.111112243366931e-17,nan,0.3045253064037177,nan,-5.235986756618642,nan,0.029083700730698228,nan
7,11,sqp_full,sqp_full,,10,0,63,25.453236576665585,774.5675874044048,-714.7603386013477,-100.01620486622805,775.2414405523153,-715.2163368768033,-100.01342079556615,775.0979272619668,-714.9814491418307,-100.01959569483857,nan,nan,nan,0.2752604449375701,0.2753296967787052,nan,nan,nan,nan,0.8136415010110328,0.5745870131073159,nan,0.3499843030865216,nan,nan,nan,-1.295061812728369e-06,nan,0.4999904711891391,nan,-9.260981238000075e-10,nan,6.203400310373821e-17,nan,0.28326817772791,nan,-5.235986038416514,nan,0.031232851706110377,nan
7,12,sqp_full,sqp_full,,10,0,64,25.85727698070601,774.2175496821549,-714.5585412402722,-100.01646208632691,774.9151557152237,-715.0544966299354,-100.01485711006812,774.7719391074006,-714.9933369524565,-100.02157385139552,nan,nan,nan,0.15572894048858718,0.15587372299318772,nan,nan,nan,nan,0.8559357019719381,0.7045530116025258,nan,0.36421988334177824,nan,nan,nan,-1.8920227963405936e-06,nan,0.49999143522321293,nan,-6.151456255932572e-10,nan,6.310435137340243e-17,nan,0.2474842131533299,nan,-4.413669187746886,nan,0.03186376958757682,nan
7,13,sqp_full,sqp_full,,10,0,66,26.66535778878681,773.5174742376549,-714.1549465181213,-100.01697652652463,774.5951596432155,-714.9010936780157,-100.01642761902673,774.44966018199,-714.9795332081786,-100.0216879711589,nan,nan,nan,0.16529625860585392,0.1653799395744473,nan,nan,nan,nan,1.3107789354338302,1.2445536727018434,nan,0.35486957922131884,nan,nan,nan,-1.6908057382529488e-06,nan,0.49999436224215466,nan,-3.9120216016720516e-10,nan,4.6661262647657207e-17,nan,0.19475476700886318,nan,-3.3944177342777637,nan,0.03087328999948783,nan
7,14,sqp_full,sqp_full,,10,0,67,27.069398192827087,773.1674365154051,-713.9531491570459,-100.01723374662348,774.3197113288574,-714.7864517913256,-100.01824965446743,774.1575242347288,-714.9227027267516,-100.0221552455303,nan,nan,nan,0.2118229706767378,0.2118589732531255,nan,nan,nan,nan,1.4220163592638302,1.3857517153100791,nan,0.29835860282522014,nan,nan,nan,-9.149712973277339e-07,nan,0.4999975805874812,nan,-1.8625860162482015e-10,nan,2.2461872958552097e-17,nan,0.1290654711990858,nan,-2.365356548312129,nan,0.026777959814461096,nan
8,0,sqp_full,sqp_full,,10,1,52,21.009120036130668,778.6291456160805,-716.4930576009149,-100.01337544514061,775.7978994803549,-715.3037600889305,-100.02828119548924,775.7925207716622,-714.8612668569489,-100.02484330915986,775.7925207716622,-714.8612668569489,-100.02484330915986,0.4425259211128336,0.4425392750018642,0.4425259211128336,0.4425392750018642,0.0,0.0,3.0708929081087772,3.2724885851693224,3.2724885851693224,0.4158313460102522,0.10005188972118968,-0.03734455672889189,98.92896619097972,0.4999673934867552,0.4999673934867552,-3.945330152254658e-06,-3.945330152254658e-06,-3.7786156086203924e-10,-3.7786156086203924e-10,-5.791977099229156e-18,-5.791977099229156e-18,-0.1954747606936725,-0.1954747606936725,8.929113908612574e-07,8.929113908612574e-07,-0.010001345939173515,-0.010001345939173515
8,1,sqp_full,sqp_full,,10,1,53,21.41309264406197,778.2320581759074,-716.4187920863511,-100.01363266523947,775.8822109129943,-715.7184024273757,-100.02292675710413,775.8903034680878,-714.8394332317106,-100.02313240236809,775.8903034680878,-714.8394332317106,-100.02313240236809,0.8790064484269148,0.8790064724824687,0.8790064484269148,0.8790064724824687,0.0,0.0,2.452004859990951,2.824568905749329,2.824568905749329,0.4231611472187247,0.10020523994956194,-0.004466443275744584,91.08075079254807,-0.5000325956136882,-0.5000325956136882,-1.9992855347005592e-06,-1.9992855347005592e-06,-3.7729265906665087e-10,-3.7729265906665087e-10,-1.1376001807867333e-17,-1.1376001807867333e-17,0.0654631136400366,0.0654631136400366,1.5323731865631338e-06,1.5323731865631338e-06,-0.01000154703682077,-0.01000154703682077
8,2,sqp_full,sqp_full,,10,1,54,21.817071342306118,777.8401554498771,-716.3207565019804,-100.01388988533833,775.9714685955385,-715.8008696535433,-100.01785305009795,775.9764806681005,-714.782120823475,-100.02003497525389,775.9764806681005,-714.782120823475,-100.02003497525389,1.018761159269824,1.0187634958292244,1.018761159269824,1.0187634958292244,0.0,0.0,1.939657932408667,2.416750596027567,2.416750596027567,0.12162861418143651,0.10354137334668824,0.20152724365362537,76.30630360790609,0.4999679219932494,0.4999679219932494,0.500008928753407,0.500008928753407,-3.6885428411749867e-10,-3.6885428411749867e-10,-2.0927621670028812e-17,-2.0927621670028812e-17,0.3709579784333019,0.3709579784333019,-2.839494163195614,-2.839494163195614,-0.010001915954685414,-0.010001915954685414
8,3,sqp_full,sqp_full,,10,1,56,22.625046670874102,777.0745914925676,-716.0632480763683,-100.01440432553605,776.0599405060175,-715.7718470389561,-100.01574435347854,776.0610057051533,-714.7177743117494,-100.01907234294148,776.0610057051533,-714.7177743117494,-100.01907234294148,1.054073265428059,1.0540785190886095,1.054073265428059,1.0540785190886095,0.0,0.0,1.055666229976171,1.684534297580704,1.684534297580704,0.09313451402520911,0.10623503245634194,1.0776556133472266,19.132520152675067,0.4999691104718265,0.4999691104718265,0.500008989813518,0.500008989813518,-3.289628170054196e-10,-3.289628170054196e-10,-2.255316740450869e-17,-2.255316740450869e-17,0.2976336283614676,0.2976336283614676,-4.274894816484661,-4.274894816484661,-0.01000100656081051,-0.01000100656081051
8,4,sqp_full,sqp_full,,10,1,57,23.029050030093146,776.7018949882014,-715.9073123084017,-100.01466154563491,776.1365060096432,-715.7181382251478,-100.01500079461118,776.1456170361142,-714.6531839403129,-100.02347276888901,776.1456170361142,-714.6531839403129,-100.02347276888901,1.0649932580027437,1.0650269545600535,1.0649932580027437,1.0650269545600535,0.0,0.0,0.5961975602516865,1.3719632369795676,1.3719632369795676,0.0935278883861039,0.10653805497465742,1.1367988777466305,3.646193642908174,0.4999709697975625,0.4999709697975625,0.5000096397708468,0.5000096397708468,-3.002384841983554e-10,-3.002384841983554e-10,-2.8727151030730647e-17,-2.8727151030730647e-17,0.1669457272569379,0.1669457272569379,-2.4630956883198314,-2.4630956883198314,-0.01000059584660985,-0.01000059584660985
8,5,sqp_full,sqp_full,,10,1,58,23.43306429971004,776.3355689511008,-715.7369224658817,-100.01491876573375,776.1868235444052,-715.6235780043124,-100.01531411584685,776.2307960727325,-714.5893640262766,-100.01820578139463,776.2307960727325,-714.5893640262766,-100.01820578139463,1.0351483640581065,1.0351524029541805,1.0351483640581065,1.0351524029541805,0.0,0.0,0.18700845697835017,1.1523314316420723,1.1523314316420723,0.10711483482295506,0.1065654299672211,0.8993851083588884,25.30812396616787,0.4999728563300224,0.4999728563300224,0.5000107198496735,0.5000107198496735,-2.785640169279061e-10,-2.785640169279061e-10,-3.94970896128005e-17,-3.94970896128005e-17,0.1027880735556327,0.1027880735556327,-1.1274827949471384,-1.1274827949471384,-0.010001232627992414,-0.010001232627992414
8,6,sqp_full,sqp_full,,10,1,59,23.83708877289445,775.9753697944327,-715.5539135144465,-100.01517598583261,775.9137037965172,-715.4805383808027,-100.01492920622778,775.9605510837198,-714.6480469418975,-100.02345900495816,775.9605510837198,-714.6480469418975,-100.02345900495816,0.8338085296809166,0.8338521581401781,0.8338085296809166,0.8338521581401781,0.0,0.0,0.0958467815638891,0.9059877711364768,0.9059877711364768,0.30830971236019444,0.2765929048802172,0.6881628798447977,39.9081174294566,0.4999749206589314,0.4999749206589314,0.5000108817362426,0.5000108817362426,-2.5059471631956734e-10,-2.5059471631956734e-10,-4.436174658463482e-17,-4.436174658463482e-17,0.19752650432117383,0.19752650432117383,-3.276806436771079,-3.276806436771079,0.02762513015121117,0.02762513015121117
8,7,sqp_full,sqp_full,,10,1,61,24.645156080305494,775.2679047895069,-715.16351244524,-100.01569042603033,775.5920610178862,-715.3341344310436,-100.01624622594852,775.5967021533246,-714.7063594278065,-100.01821627374204,775.5967021533246,-714.7063594278065,-100.01821627374204,0.6277921589406218,0.6277952499944832,0.6277921589406218,0.6277952499944832,0.0,0.0,0.3663183348354057,0.5631132992586103,0.5631132992586103,0.3533976911237211,0.3685293426489014,0.8686472928142194,33.59381022268605,0.49997731388890065,0.49997731388890065,0.5000111099936755,0.5000111099936755,-2.1840669850567393e-10,-2.1840669850567393e-10,-5.118762053107086e-17,-5.118762053107086e-17,0.3179764126908117,0.3179764126908117,-5.162886112155786,-5.162886112155786,0.036724913322200826,0.036724913322200826
8,8,sqp_full,sqp_full,,10,1,62,25.049196172625212,774.9176251266547,-714.9621359624231,-100.01594764612919,775.230523005959,-715.1520778806719,-100.01518767085983,775.176297905232,-714.7401262178879,-100.0179219923795,775.176297905232,-714.7401262178879,-100.0179219923795,0.4155051552259216,0.4155141520255238,0.4155051552259216,0.4155141520255238,0.0,0.0,0.3660369041246055,0.34088111277311606,0.34088111277311606,0.40479061518314147,0.42175824180230004,0.8900831144191638,31.32032828382346,0.4999799644900034,0.4999799644900034,0.5000111332893333,0.5000111332893333,-1.8049585659799286e-10,-1.8049585659799286e-10,-5.7973290848157e-17,-5.7973290848157e-17,0.3231985193180824,0.3231985193180824,-5.2359883117175094,-5.2359883117175094,0.04167838336659466,0.04167838336659466
8,9,sqp_full,sqp_full,,10,1,63,25.453236576665585,774.5675874044048,-714.7603386013477,-100.01620486622805,774.8104448798231,-714.9190708876453,-100.01621397732765,774.6756525405885,-714.7307431446421,-100.0182081783421,774.6756525405885,-714.7307431446421,-100.0182081783421,0.2315951499944989,0.2316037355887432,0.2315951499944989,0.2316037355887432,0.0,0.0,0.29013047423497457,0.11204447650834327,0.11204447650834327,0.480373754655796,0.5007333672773496,0.9208604364458122,27.942458788155538,0.4999827904115329,0.4999827904115329,0.5000107794455516,0.5000107794455516,-1.616366732584379e-10,-1.616366732584379e-10,-6.284841535840513e-17,-6.284841535840513e-17,0.3030157883694791,0.3030157883694791,-5.235988321823029,-5.235988321823029,0.04853601572228286,0.04853601572228286
8,10,sqp_full,sqp_full,,10,0,64,25.85727698070601,774.2175496821549,-714.5585412402722,-100.01646208632691,774.3753486932223,-714.6741761539021,-100.01657083714188,774.138745997026,-714.6497050259138,-100.01817841359198,nan,nan,nan,0.23786481865204945,0.2378702508814738,nan,nan,nan,nan,0.1956322088615946,0.12050251699611739,nan,0.4992817336520693,nan,nan,nan,0.49998567727742455,nan,0.5000098804740541,nan,-1.224321595913162e-10,nan,-6.33040329712039e-17,nan,0.27542269068703734,nan,-4.697673524267717,nan,0.050598262456283793,nan
8,11,sqp_full,sqp_full,,10,0,66,26.66535778878681,773.5174742376549,-714.1549465181213,-100.01697652652463,773.9321038820713,-714.4240796869175,-100.01686420241596,773.5514027678677,-714.3398612398034,-100.01882746641026,nan,nan,nan,0.3899052259076564,0.3899101686229944,nan,nan,nan,nan,0.49431812082408694,0.1880015942942569,nan,0.5089344667771432,nan,nan,nan,0.4999885768738575,nan,0.5000085139745252,nan,-8.771892987983887e-11,nan,-5.926526563580158e-17,nan,0.23219487210320183,nan,-3.912921828568892,nan,0.05164671054846058,nan
8,12,sqp_full,sqp_full,,10,0,67,27.069398192827087,773.1674365154051,-713.9531491570459,-100.01723374662348,773.481186545796,-714.1713869835694,-100.01738795245697,772.9912553760743,-714.063265109586,-100.02028546809042,nan,nan,nan,0.5017199325306688,0.5017282992770339,nan,nan,nan,nan,0.3821869051864702,0.2077626454869538,nan,0.5168948836978299,nan,nan,nan,0.4999914196293831,nan,0.50000670148117,nan,-5.879982059112585e-11,nan,-4.990321544372114e-17,nan,0.18144652027203712,nan,-3.061481848962369,nan,0.052557449513628944,nan
8,13,sqp_full,sqp_full,,10,0,68,27.473438596867513,772.8173987931551,-713.7513517959703,-100.01749096672233,773.0195424132786,-713.9179963023453,-100.01672507602052,772.4657324719641,-714.0618815997519,-100.02106136767318,nan,nan,nan,0.5721961463595041,0.5722125770497918,nan,nan,nan,nan,0.26197792781373436,0.4691459906006746,nan,0.5266142628377022,nan,nan,nan,0.49999417632392845,nan,0.5000045654509525,nan,-3.209726899636777e-11,nan,-3.57580322455344e-17,nan,0.12396708759289761,nan,-2.1534086095563696,nan,0.053800618569137475,nan
8,14,sqp_full,sqp_full,,10,0,69,27.877479000907886,772.4673610709052,-713.549554434895,-100.0177481868212,772.5324814524794,-713.65655394043,-100.01837304844236,771.9082016501623,-714.0057927186978,-100.0212287368123,nan,nan,nan,0.7153271949444187,0.715332895079708,nan,nan,nan,nan,0.12525796693657226,0.7216734922476293,nan,0.5527958067421902,nan,nan,nan,0.4999968731987288,nan,0.5000022883879173,nan,-1.5844819672615724e-11,nan,-1.850807155158147e-17,nan,0.07986998454134714,nan,-1.164143580770488,nan,0.0566338693589304,nan
9,0,sqp_full,sqp_full,,10,1,54,21.817071342306118,777.8401554498771,-716.3207565019804,-100.01388988533833,774.6382182200279,-715.2218983771444,-100.023222289299,774.7741911510219,-714.7131574252599,-100.01941545326525,774.7741911510219,-714.7131574252599,-100.01941545326525,0.5265985131838203,0.5266122730130754,0.5265985131838203,0.5266122730130754,0.0,0.0,3.385246106623951,3.461865374812764,3.461865374812764,0.49260524974752734,0.10010281107469816,-0.05077060108982793,104.46814981785785,0.16152342373231998,0.16152342373231998,0.14846083198092472,0.14846083198092472,3.8672815132034334e-11,3.8672815132034334e-11,4.195547165156046e-20,4.195547165156046e-20,0.07928947648023041,0.07928947648023041,-2.810483004011893,-2.810483004011893,-0.010007481338360779,-0.010007481338360779
9,1,sqp_full,sqp_full,,10,1,56,22.625046670874102,777.0745914925676,-716.0632480763683,-100.01440432553605,774.637429165182,-715.0953230324608,-100.02297030726795,774.8635762899063,-714.6572783905295,-100.0189760121718,774.8635762899063,-714.6572783905295,-100.0189760121718,0.49297629795541187,0.49299247939409596,0.49297629795541187,0.49299247939409596,0.0,0.0,2.6223346660277915,2.6201791892725392,2.6201791892725392,0.12657805490781615,0.10541519190451502,0.4370545059615708,58.345464517199105,0.5000001267101594,0.5000001267101594,0.5000002202070357,0.5000002202070357,-1.237651500062074e-11,-1.237651500062074e-11,-1.7787388284949927e-18,-1.7787388284949927e-18,0.3013737809795539,0.3013737809795539,-5.235987773540974,-5.235987773540974,-0.010006855229569433,-0.010006855229569433
9,2,sqp_full,sqp_full,,10,1,57,23.029050030093146,776.7018949882014,-715.9073123084017,-100.01466154563491,774.6740823555627,-714.9918828461391,-100.01696203770989,774.9540427853865,-714.6044432119824,-100.01647021064855,774.9540427853865,-714.6044432119824,-100.01647021064855,0.47800346482280265,0.47800371784795004,0.47800346482280265,0.47800371784795004,0.0,0.0,2.2248674507635866,2.180012661726928,2.180012661726928,0.10990645028587247,0.10479514272067418,0.728198558848292,40.20711064384242,0.5000003123655168,0.5000003123655168,0.5000004577027126,0.5000004577027126,-3.6160590999738766e-11,-3.6160590999738766e-11,-3.774718765918709e-18,-3.774718765918709e-18,0.3950558542638034,0.3950558542638034,-5.23598779750165,-5.23598779750165,-0.010005950112538823,-0.010005950112538823
9,3,sqp_full,sqp_full,,10,1,58,23.43306429971004,776.3355689511008,-715.7369224658817,-100.01491876573375,774.7649518253501,-715.1423987377726,-100.01948794255064,775.0458264106119,-714.555502060217,-100.01672654500544,775.0458264106119,-714.555502060217,-100.01672654500544,0.6506444826261382,0.6506503424176749,0.6506444826261382,0.6506503424176749,0.0,0.0,1.6793738770702415,1.7490540288016738,1.7490540288016738,0.17583706767607796,0.1040169981442701,0.031519971665850355,86.94563957487217,0.5000005616193401,0.5000005616193401,0.5000007303417856,0.5000007303417856,4.517993743079383e-12,4.517993743079383e-12,-6.043305563465382e-18,-6.043305563465382e-18,0.26380863237491176,0.26380863237491176,-5.235987823568431,-5.235987823568431,-0.010004754469132987,-0.010004754469132987
9,4,sqp_full,sqp_full,,10,1,59,23.83708877289445,775.9753697944327,-715.5539135144465,-100.01517598583261,774.8640639434252,-715.2172546335674,-100.00347529501303,775.1376512623706,-714.5069810728925,-100.01300025415266,775.1376512623706,-714.5069810728925,-100.01300025415266,0.7611429248712915,0.7612025203112744,0.7611429248712915,0.7612025203112744,0.0,0.0,1.1611803893272765,1.3408355141995416,1.3408355141995416,0.1252318728029861,0.10392292747494423,0.3525176061620884,64.86200719888613,0.5000008161066072,0.5000008161066072,0.5000009714946505,0.5000009714946505,-5.570160540422323e-11,-5.570160540422323e-11,-8.02753388168344e-18,-8.02753388168344e-18,0.43094261164280834,0.43094261164280834,-5.23598784923423,-5.23598784923423,-0.010003376876419603,-0.010003376876419603
9,5,sqp_full,sqp_full,,10,1,61,24.645156080305494,775.2679047895069,-715.16351244524,-100.01569042603033,774.9617790794056,-715.2270583738075,-100.00772430817635,775.2313329923995,-714.4666466279397,-100.01421203929765,775.2313329923995,-714.4666466279397,-100.01421203929765,0.8067746496166889,0.8068007349520905,0.8067746496166889,0.8068007349520905,0.0,0.0,0.3126516198943574,0.6978248087201533,0.6978248087201533,0.09829758509349222,0.1020029529676032,0.9070033987678836,29.066607323364195,0.500001159909933,0.500001159909933,0.500001292277979,0.500001292277979,-2.3018316481276424e-11,-2.3018316481276424e-11,-1.053817935104029e-17,-1.053817935104029e-17,0.21811010840921585,0.21811010840921585,-5.235987882813542,-5.235987882813542,-0.01000181431009053,-0.01000181431009053
9,6,sqp_full,sqp_full,,10,1,62,25.049196172625212,774.9176251266547,-714.9621359624231,-100.01594764612919,774.8997285632792,-715.0263208702647,-100.01186797470108,775.1255576874199,-714.4591051051889,-100.01711762899619,775.1255576874199,-714.4591051051889,-100.01711762899619,0.610518236796289,0.6105408064421803,0.610518236796289,0.6105408064421803,0.0,0.0,0.066633245270649,0.5443124040072993,0.5443124040072993,0.21014990328906658,0.10608360929200712,0.18316966320635736,68.72429583218023,0.5000015167999375,0.5000015167999375,0.5000015766878961,0.5000015766878961,-5.647953265659515e-12,-5.647953265659515e-12,-1.2819846129352027e-17,-1.2819846129352027e-17,0.17110877662840238,0.17110877662840238,-5.23598791515454,-5.23598791515454,0.010283098430850696,0.010283098430850696
9,7,sqp_full,sqp_full,,10,1,63,25.453236576665585,774.5675874044048,-714.7603386013477,-100.01620486622805,774.6069792529058,-714.8046703378104,-100.01653988459952,774.8375354496595,-714.4583133615399,-100.0180528444351,774.8375354496595,-714.4583133615399,-100.0180528444351,0.41607609264737416,0.41607884339409806,0.41607609264737416,0.41607884339409806,0.0,0.0,0.059304473575956494,0.40508171103833446,0.40508171103833446,0.36722328902657314,0.2880248442938132,0.6265949308306599,36.97573686408324,0.5000015863994784,0.5000015863994784,0.5000015602230089,0.5000015602230089,-1.464822069247477e-11,-1.464822069247477e-11,-1.243262145195184e-17,-1.243262145195184e-17,0.12656132144745147,0.12656132144745147,-2.6372996002206053,-2.6372996002206053,0.028332756679408648,0.028332756679408648
9,8,sqp_full,sqp_full,,10,1,64,25.85727698070601,774.2175496821549,-714.5585412402722,-100.01646208632691,774.2347360055918,-714.5736697190047,-100.01634307822064,774.5172346815082,-714.4359868232876,-100.01847315402507,774.5172346815082,-714.4359868232876,-100.01847315402507,0.31426434997866526,0.3142715686956833,0.31426434997866526,0.3142715686956833,0.0,0.0,0.02289630061909369,0.32377566919055456,0.32377566919055456,0.43809400793918146,0.32107823509051675,0.6480983624185771,27.835061609560146,0.5000015820800635,0.5000015820800635,0.5000014792751805,0.5000014792751805,1.731913344336625e-11,1.731913344336625e-11,-1.1450942257096122e-17,-1.1450942257096122e-17,0.08278621352682441,0.08278621352682441,-1.3819278869440883,-1.3819278869440883,0.03108289671444014,0.03108289671444014
9,9,sqp_full,sqp_full,,10,1,66,26.66535778878681,773.5174742376549,-714.1549465181213,-100.01697652652463,773.825677051198,-714.3331153712116,-100.01681240261944,774.2133533599197,-714.389112479877,-100.01855249893467,774.2133533599197,-714.389112479877,-100.01855249893467,0.39169962538018044,0.3917034904850351,0.39169962538018044,0.3917034904850351,0.0,0.0,0.3559959472906984,0.7342216630207589,0.7342216630207589,0.4745480404313866,0.3074753127913285,0.6020592494194186,21.68956082645302,0.49999993253542657,0.49999993253542657,0.4465924774413057,0.4465924774413057,3.805241256482482e-12,3.805241256482482e-12,3.378872234321885e-19,3.378872234321885e-19,0.07343055368354764,0.07343055368354764,-1.0330044948631163,-1.0330044948631163,0.029019981046588095,0.029019981046588095
9,10,sqp_full,sqp_full,,10,0,67,27.069398192827087,773.1674365154051,-713.9531491570459,-100.01723374662348,773.3943932596085,-714.0841475162637,-100.017190021199,773.9967111871422,-714.3290313307899,-100.01885113184605,nan,nan,nan,0.6501960999925042,0.6501982218785625,nan,nan,nan,nan,0.2620494874201282,0.910485524170068,nan,0.4979867912716443,nan,nan,nan,0.48969117397351486,nan,0.3360246921723522,nan,4.042230995703858e-12,nan,-2.1953420901061245e-20,nan,0.0500630717981023,nan,-0.8003863253232003,nan,0.02026468637962569,nan
9,11,sqp_full,sqp_full,,10,0,68,27.473438596867513,772.8173987931551,-713.7513517959703,-100.01749096672233,772.9616120714132,-713.8345645178181,-100.01828586065392,773.9780695492304,-714.312999797345,-100.02007901896103,nan,nan,nan,1.1234260638361726,1.1234274949115097,nan,nan,nan,nan,0.16649872883375152,1.2894204440198922,nan,0.49959226458470113,nan,nan,nan,0.36115106381158824,nan,0.2284034238646489,nan,-5.862850256571482e-12,nan,-6.97575954464517e-21,nan,0.0230186368170177,nan,-0.6816650406691747,nan,0.0015981650839326867,nan
9,12,sqp_full,sqp_full,,10,0,69,27.877479000907886,772.4673610709052,-713.549554434895,-100.0177481868212,772.5290897312341,-713.5851572580149,-100.01757876564923,773.9538062112498,-714.30564013542,-100.02510571235352,nan,nan,nan,1.5965314356636526,1.5965491786941401,nan,nan,nan,nan,0.07126000645601158,1.6676884426632352,nan,0.4992795369128645,nan,nan,nan,0.3201780968326454,nan,0.23290337746759893,nan,3.18477744307425e-12,nan,-2.069547733056003e-21,nan,-0.07636778900659817,nan,-0.684451939073449,nan,0.002276603564465837,nan
9,13,sqp_full,sqp_full,,10,0,71,28.685559808988685,771.7672856264053,-713.1459597127441,-100.0182626270189,772.0978969016996,-713.3364665201051,-100.01684414631923,773.888469474755,-714.2989851021113,-100.03091505272573,nan,nan,nan,2.03287780254624,2.0329264990383518,nan,nan,nan,nan,0.381571302645543,2.4143091075967944,nan,0.4977699057091137,nan,nan,nan,0.3076316968155061,nan,0.25905087239641555,nan,2.751538723742164e-12,nan,1.6716282604708147e-24,nan,-0.07568586087072328,nan,-0.6856936337595396,nan,0.006300463424048178,nan
9,14,sqp_full,sqp_full,,10,0,72,29.08960021302911,771.4172479041554,-712.9441623516685,-100.01851984711776,771.6553783759402,-713.0819452660072,-100.01845437069397,773.6145833300709,-714.190239131083,-100.033874319179,nan,nan,nan,2.2509552069410526,2.2510080227458804,nan,nan,nan,nan,0.27511861637508833,2.5260622150255174,nan,0.5104961383304903,nan,nan,nan,0.3735187112120145,nan,0.33493491614135446,nan,-4.5028786641718874e-12,nan,5.360869298502717e-22,nan,0.03595969527881169,nan,-0.6890579116343816,nan,0.02520917285510447,nan
10,0,sqp_full,sqp_full,,10,1,57,23.029050030093146,776.7018949882014,-715.9073123084017,-100.01466154563491,774.0328100112324,-714.7781035067056,-100.01192698193145,774.3182359160776,-714.4056032457767,-100.01712666451486,774.3182359160776,-714.4056032457767,-100.01712666451486,0.4692807172140666,0.4693095228608907,0.4692807172140666,0.4693095228608907,0.0,0.0,2.8981247613085594,2.817261202105431,2.817261202105431,0.4288983762897781,0.10618064300977202,-0.06801512058026361,105.94624262433685,0.30974406386783426,0.30974406386783426,0.34449475465715657,0.34449475465715657,7.147108788343365e-10,7.147108788343365e-10,2.9386498001165367e-19,2.9386498001165367e-19,0.08485227166845923,0.08485227166845923,-0.7861135540268138,-0.7861135540268138,-0.009999741550548617,-0.009999741550548617
10,1,sqp_full,sqp_full,,10,1,58,23.43306429971004,776.3355689511008,-715.7369224658817,-100.01491876573375,774.2049970072801,-714.7032061548592,-100.01327053203374,774.4214386372836,-714.411218494102,-100.01547248645934,774.4214386372836,-714.411218494102,-100.01547248645934,0.36346082764602955,0.3634674976341477,0.36346082764602955,0.3634674976341477,0.0,0.0,2.3681018178004094,2.3283869693558543,2.3283869693558543,0.1877758771738652,0.10336860733858913,0.4919876648115843,26.654494209930963,0.4755184915863674,0.4755184915863674,0.3625685785950799,0.3625685785950799,5.365437012701769e-10,5.365437012701769e-10,-1.6226156862763374e-19,-1.6226156862763374e-19,0.08351451687140177,0.08351451687140177,-0.684896173116101,-0.684896173116101,-0.009999422359476755,-0.009999422359476755
10,2,sqp_full,sqp_full,,10,1,59,23.83708877289445,775.9753697944327,-715.5539135144465,-100.01517598583261,774.3471000463644,-714.68316745863,-100.01269492497622,774.5265747333079,-714.4287595014298,-100.01376611140431,774.5265747333079,-714.4287595014298,-100.01376611140431,0.31134317390988614,0.31134501663049835,0.31134317390988614,0.31134501663049835,0.0,0.0,1.8464726009866368,1.834387822175834,1.834387822175834,0.14351011945873768,0.10660298936309645,0.7084016838357923,17.511199121183058,0.40559626017320194,0.40559626017320194,0.3628120641106404,0.3628120641106404,1.9597553763649548e-10,1.9597553763649548e-10,2.069305275280307e-19,2.069305275280307e-19,0.05389683939190608,0.05389683939190608,-0.6814438048902269,-0.6814438048902269,-0.009999573389249516,-0.009999573389249516
10,3,sqp_full,sqp_full,,10,1,61,24.645156080305494,775.2679047895069,-715.16351244524,-100.01569042603033,774.4779114237613,-714.6923165044327,-100.00880321166971,774.6342346132483,-714.4610201279528,-100.01349147105671,774.6342346132483,-714.4610201279528,-100.01349147105671,0.2791683243925923,0.2792076881467402,0.2791683243925923,0.2792076881467402,0.0,0.0,0.9198451677077341,0.9460620212899412,0.9460620212899412,0.13118866920597516,0.11238982694060455,0.8355008621604821,12.773789789957657,0.40581887038935716,0.40581887038935716,0.3980770463007791,0.3980770463007791,-1.7913349752585552e-10,-1.7913349752585552e-10,-1.0561712725767866e-19,-1.0561712725767866e-19,0.06535093461071724,0.06535093461071724,-0.6823447280374204,-0.6823447280374204,-0.010000386608238718,-0.010000386608238718
10,4,sqp_full,sqp_full,,10,1,62,25.049196172625212,774.9176251266547,-714.9621359624231,-100.01594764612919,774.5171783182342,-714.7450271022051,-100.01823990521594,774.7473753763805,-714.5181047454529,-100.00376679314674,774.7473753763805,-714.5181047454529,-100.00376679314674,0.3232405320704903,0.32356438701776397,0.3232405320704903,0.32356438701776397,0.0,0.0,0.4555149871951016,0.4755509427101437,0.4755509427101437,0.06640291638283898,0.12709860423197594,1.6691545041900955,29.30189784705488,0.4999994824128597,0.4999994824128597,0.4999999286202613,0.4999999286202613,-4.258346042653657e-10,-4.258346042653657e-10,2.0735488922697406e-18,2.0735488922697406e-18,0.2159907572248941,0.2159907572248941,-0.7375138099155412,-0.7375138099155412,-0.010004028816708225,-0.010004028816708225
10,5,sqp_full,sqp_full,,10,1,63,25.453236576665585,774.5675874044048,-714.7603386013477,-100.01620486622805,774.4995638389415,-714.7174903320242,-100.02211394645627,774.8607948737313,-714.5730661600724,-99.99457659289504,774.8607948737313,-714.5730661600724,-99.99457659289504,0.38903239188955685,0.3900057791629067,0.38903239188955685,0.3900057791629067,0.0,0.0,0.08039390301730429,0.34791031506708225,0.34791031506708225,0.03291734783178473,0.1263692971292555,-3.273390791115869,148.50330194284146,0.49381279625701385,0.49381279625701385,0.4164453896030646,0.4164453896030646,-3.4117385385713e-10,-3.4117385385713e-10,8.765027393284038e-20,8.765027393284038e-20,0.16644097271433883,0.16644097271433883,-0.6795105933883339,-0.6795105933883339,-0.010001574123659268,-0.010001574123659268
10,6,sqp_full,sqp_full,,10,1,64,25.85727698070601,774.2175496821549,-714.5585412402722,-100.01646208632691,774.2610789018157,-714.5837172497619,-100.0170420623774,774.7478926498904,-714.6549540895338,-99.98666090481035,774.7478926498904,-714.6549540895338,-99.98666090481035,0.49199828521573147,0.49293541908685595,0.49199828521573147,0.49293541908685595,0.0,0.0,0.050285429481226024,0.5390353429315442,0.5390353429315442,0.2734886227651091,0.1396968262257927,0.21406520066822587,65.22336896305029,0.3703369535241982,0.3703369535241982,0.37899975318198675,0.37899975318198675,-2.0234847611330868e-10,-2.0234847611330868e-10,-8.884875530877216e-19,-8.884875530877216e-19,0.11282538058489805,0.11282538058489805,-0.6741923137660487,-0.6741923137660487,0.01284836317146506,0.01284836317146506
10,7,sqp_full,sqp_full,,10,1,66,26.66535778878681,773.5174742376549,-714.1549465181213,-100.01697652652463,773.8166697094182,-714.3280455386464,-100.0238068656281,774.2311741928512,-714.702788465982,-99.98210269938214,774.2311741928512,-714.702788465982,-99.98210269938214,0.5587899680327953,0.5603440602490255,0.5587899680327953,0.5603440602490255,0.0,0.0,0.3456605288869289,0.8997213045620912,0.8997213045620912,0.5127507354603911,0.5189478477187782,0.8267884741101184,35.22282237778799,0.25932404239440626,0.25932404239440626,0.34410309220999846,0.34410309220999846,-4.3459108004837275e-11,-4.3459108004837275e-11,-5.855002134225075e-19,-5.855002134225075e-19,0.052132960063748054,0.052132960063748054,-0.668661514871019,-0.668661514871019,0.05153063979858522,0.05153063979858522
10,8,sqp_full,sqp_full,,10,1,67,27.069398192827087,773.1674365154051,-713.9531491570459,-100.01723374662348,773.3766227701967,-714.0739577170035,-100.0165991466037,773.3088956245099,-714.2409518599195,-99.95600022754367,773.3088956245099,-714.2409518599195,-99.95600022754367,0.1802054661521907,0.19012164269849077,0.1802054661521907,0.19012164269849077,0.0,0.0,0.24156489263297865,0.32068843965771626,0.32068843965771626,0.5081868564208891,1.0317810559207738,2.026614490650846,3.4613362564905588,0.26425232530636655,0.26425232530636655,0.34590565805466755,0.34590565805466755,5.314478272093082e-11,5.314478272093082e-11,6.249311334151666e-19,6.249311334151666e-19,-0.04959530307660001,-0.04959530307660001,-0.6761267220785467,-0.6761267220785467,0.0820298811539776,0.0820298811539776
10,9,sqp_full,sqp_full,,10,1,68,27.473438596867513,772.8173987931551,-713.7513517959703,-100.01749096672233,772.9875608746337,-713.8488315094324,-100.02231173292542,772.5208642048083,-714.8794230813593,-99.98122044706383,772.5208642048083,-714.8794230813593,-99.98122044706383,1.1313376020237553,1.13208359387751,1.1313376020237553,1.13208359387751,0.0,0.0,0.19610565649610998,1.1663951247348041,1.1663951247348041,0.4495370969751942,1.0145319504660373,0.8065991728747958,69.05924020062372,0.2572166891021326,0.2572166891021326,0.387426790192196,0.387426790192196,2.935353889995445e-11,2.935353889995445e-11,-1.945424214321936e-19,-1.945424214321936e-19,-0.16225612956662994,-0.16225612956662994,-0.6870412548244043,-0.6870412548244043,0.08965678524945953,0.08965678524945953
10,10,sqp_full,sqp_full,,10,0,69,27.877479000907886,772.4673610709052,-713.549554434895,-100.0177481868212,772.0348858790134,-713.3063831602806,-99.97147027203974,770.9405404937347,-715.4239117506283,-99.98385970816935,nan,nan,nan,2.3835937475209117,2.3836259461896265,nan,nan,nan,nan,0.4961522552598632,2.417518649755235,nan,1.0974628526391172,nan,nan,nan,-0.08999830961763701,nan,0.24611589217839386,nan,-3.830055354791469e-11,nan,6.54400970955303e-20,nan,-0.0021710520810378888,nan,-0.6485013851586043,nan,0.16661989383590423,nan
10,11,sqp_full,sqp_full,,10,0,71,28.685559808988685,771.7672856264053,-713.1459597127441,-100.0182626270189,772.090325975846,-713.3333072153124,-100.05956743978102,770.1398122217438,-715.5977332036055,-99.99000934249605,nan,nan,nan,2.9886667531524704,2.989476089601125,nan,nan,nan,nan,0.37343560902167694,2.942764505251985,nan,0.10751567346301354,nan,nan,nan,0.38052860989329756,nan,0.5000001735815165,nan,1.1138063659365339e-11,nan,2.1528882246697565e-19,nan,0.07149552481917837,nan,-0.6964891272786826,nan,0.08192215594000128,nan
10,12,sqp_full,sqp_full,,10,0,72,29.08960021302911,771.4172479041554,-712.9441623516685,-100.01851984711776,772.2624200323359,-713.4357214196575,-100.18693322147864,768.9309244380922,-714.9049460203518,-100.09549268626964,nan,nan,nan,3.6410827815019093,3.642230799006152,nan,nan,nan,nan,0.9777250347491597,3.166461269820101,nan,0.23733325910665387,nan,nan,nan,0.44497164000296224,nan,0.3900486738342594,nan,-3.9283933377362685e-11,nan,-3.5936132245354636e-19,nan,-0.25780960009403836,nan,-0.7011302270734842,nan,0.10554561427365454,nan
10,13,sqp_full,sqp_full,,10,0,73,29.493640617069484,771.0672101819054,-712.7423649905932,-100.01877706721662,771.4353919266317,-712.9361136822833,-99.85156033114978,767.4632860737291,-714.014760387939,-100.47935680628666,nan,nan,nan,4.115957193932442,4.163560019560005,nan,nan,nan,nan,0.4160484979919633,3.821944403661649,nan,1.0227699420867626,nan,nan,nan,-0.1264800131084703,nan,-0.1650637986952789,nan,-2.942783335133774e-10,nan,-4.028454346746269e-18,nan,-0.464040590941152,nan,-0.3963605683920916,nan,0.14276621438685844,nan
10,14,sqp_full,sqp_full,,10,0,74,29.897681021109815,770.7171724596556,-712.5405676295177,-100.01903428731548,770.633270577013,-712.4945873579381,-99.97936117449557,766.8016232075413,-713.6725040160036,-100.30123750004651,nan,nan,nan,4.008616870858031,4.0215188158552495,nan,nan,nan,nan,0.09567502958183963,4.075881000321662,nan,0.9244875392149792,nan,nan,nan,0.08141343664459309,nan,0.42784584170947454,nan,-1.0620086782269035e-09,nan,-2.3632864930675447e-18,nan,-0.39989261418991584,nan,-0.6885722432285577,nan,0.06752237601451028,nan
11,0,sqp_full,sqp_full,,10,1,59,23.83708877289445,775.9753697944327,-715.5539135144465,-100.01517598583261,772.6441342647827,-713.794633054456,-99.91526916277158,770.1456304129634,-715.6093499901501,-100.13735484309962,770.1456304129634,-715.6093499901501,-100.13735484309962,3.087995960853939,3.0959717543377248,3.087995960853939,3.0959717543377248,0.0,0.0,3.7672533616558854,5.830002955290148,5.830002955290148,1.09376162030617,2.489760391628829,-0.9152358542535068,113.70744428135201,0.4100012109120305,0.4100012109120305,0.5000007479175038,0.5000007479175038,-2.314542106522653e-11,-2.314542106522653e-11,-1.0877182179516738e-18,-1.0877182179516738e-18,-0.49999994133035774,-0.49999994133035774,-5.235987774546064,-5.235987774546064,0.24831581715977732,0.24831581715977732
11,1,sqp_full,sqp_full,,10,1,61,24.645156080305494,775.2679047895069,-715.16351244524,-100.01569042603033,772.2343736818863,-713.7358011697844,-99.78171253307063,769.0723148760486,-715.0038179608175,-100.08315672734778,769.0723148760486,-715.0038179608175,-100.08315672734778,3.4068288002066,3.4201390433987533,3.4068288002066,3.4201390433987533,0.0,0.0,3.3527109131216486,6.197647675053871,6.197647675053871,0.4349739064433865,1.2335366699379118,2.551055193559364,25.89947511071968,0.2480598192991455,0.2480598192991455,0.5000006632345421,0.5000006632345421,-9.907553490831814e-12,-9.907553490831814e-12,-1.9530553659803024e-18,-1.9530553659803024e-18,0.5000000204663879,0.5000000204663879,-5.235987791729789,-5.235987791729789,0.09310768110882332,0.09310768110882332
11,2,sqp_full,sqp_full,,10,1,62,25.049196172625212,774.9176251266547,-714.9621359624231,-100.01594764612919,771.7963367761541,-713.3145181268081,-99.8066160225165,768.48537854571,-714.6753592353577,-100.10644549282395,768.48537854571,-714.6753592353577,-100.10644549282395,3.5797112909373467,3.5922459044070436,3.5797112909373467,3.5922459044070436,0.0,0.0,3.5294596610823374,6.438636266264926,6.438636266264926,0.6082564564962426,0.6729946187002314,1.0704854527659171,14.644979505306779,0.4999998709493326,0.4999998709493326,0.500000543138927,0.500000543138927,-2.37145603538321e-11,-2.37145603538321e-11,-8.89010080197609e-19,-8.89010080197609e-19,-0.4999999597835587,-0.4999999597835587,-5.235987783095786,-5.235987783095786,0.05469789013227024,0.05469789013227024
11,3,sqp_full,sqp_full,,10,1,63,25.453236576665585,774.5675874044048,-714.7603386013477,-100.01620486622805,771.7450065550945,-713.3183904542846,-99.26818338583956,768.4044035305558,-714.6315336544446,-100.13244763662797,768.4044035305558,-714.6315336544446,-100.13244763662797,3.589425250883961,3.692008440791304,3.589425250883961,3.692008440791304,0.0,0.0,3.169570492939388,6.164529680131203,6.164529680131203,0.5408876877439354,0.09567521154399435,-0.03422772030007047,101.15723257803359,0.2894041940104899,0.2894041940104899,0.08694770222137509,0.08694770222137509,1.8069927373367234e-12,1.8069927373367234e-12,-5.45889751017851e-19,-5.45889751017851e-19,-0.5000000035376191,-0.5000000035376191,-5.235987770866849,-5.235987770866849,0.0077643248637622635,0.0077643248637622635
11,4,sqp_full,sqp_full,,10,1,64,25.85727698070601,774.2175496821549,-714.5585412402722,-100.01646208632691,772.845825901838,-713.5972282801943,-100.37141424032649,768.5087995669506,-714.6964135925389,-100.10455947802777,768.5087995669506,-714.6964135925389,-100.10455947802777,4.474148609554805,4.482099646877867,4.474148609554805,4.482099646877867,0.0,0.0,1.6750369359212522,5.710414754058039,5.710414754058039,1.5832473229457453,0.12603843926422723,0.04078917263021932,59.17762945386636,0.5000021222178874,0.5000021222178874,0.5000014573930281,0.5000014573930281,5.357980183755142e-10,5.357980183755142e-10,1.0745154503509817e-18,1.0745154503509817e-18,0.10010682270222318,0.10010682270222318,-3.2869124294402012,-3.2869124294402012,-0.009999246457749501,-0.009999246457749501
11,5,sqp_full,sqp_full,,10,1,66,26.66535778878681,773.5174742376549,-714.1549465181213,-100.01697652652463,772.9872828825039,-713.8163445891665,-99.95089987016063,768.6141850547845,-714.7590762578634,-100.10820520364831,768.6141850547845,-714.7590762578634,-100.10820520364831,4.4735587187349415,4.476323555990238,4.4735587187349415,4.476323555990238,0.0,0.0,0.6290899294764627,4.940366135550685,4.940366135550685,0.4948276161985749,0.12266214569636764,0.11069781954675005,63.47663713734151,0.23138299445531946,0.23138299445531946,0.5000002686266314,0.5000002686266314,-2.5900943397626888e-11,-2.5900943397626888e-11,-5.39811917630307e-19,-5.39811917630307e-19,-0.4999999958022592,-0.4999999958022592,-4.0170854857720695,-4.0170854857720695,-0.00999868646914573,-0.00999868646914573
11,6,sqp_full,sqp_full,,10,1,67,27.069398192827087,773.1674365154051,-713.9531491570459,-100.01723374662348,772.6851108007485,-713.6680395868526,-99.91592527360828,768.1388896718768,-714.4853107021157,-100.11802572207735,768.1388896718768,-714.4853107021157,-100.11802572207735,4.619097165945194,4.623516326316401,4.619097165945194,4.623516326316401,0.0,0.0,0.560290604985341,5.056627262079971,5.056627262079971,0.3384162571564721,0.5485888470516013,1.6055658057543631,7.924941225417785,-0.10763020687182216,-0.10763020687182216,0.5000002503514972,0.5000002503514972,-2.52033993148824e-10,-2.52033993148824e-10,-4.1589060445936616e-19,-4.1589060445936616e-19,-0.4999998514209087,-0.4999998514209087,-5.2359874598601355,-5.2359874598601355,0.045354826116676204,0.045354826116676204
11,7,sqp_full,sqp_full,,10,1,68,27.473438596867513,772.8173987931551,-713.7513517959703,-100.01749096672233,772.1740170425439,-713.3849942499504,-99.94756390075158,767.5019584752616,-714.11791795811,-100.12501177938775,767.5019584752616,-714.11791795811,-100.12501177938775,4.729197439111519,4.732525347817107,4.729197439111519,4.732525347817107,0.0,0.0,0.7403768827734291,5.32806498874723,5.32806498874723,0.5850918689788727,0.7353282141781322,1.2553333304757721,2.7436194430097993,-0.06773464173669701,-0.06773464173669701,0.5000000937358505,0.5000000937358505,-1.7026085017003887e-10,-1.7026085017003887e-10,-4.2790798609608074e-19,-4.2790798609608074e-19,-0.4999999135185443,-0.4999999135185443,-3.3483481487765623,-3.3483481487765623,0.06280525617946885,0.06280525617946885
11,8,sqp_full,sqp_full,,10,1,69,27.877479000907886,772.4673610709052,-713.549554434895,-100.0177481868212,772.4847478257353,-713.5416635245336,-99.9916257708051,767.6011221073923,-714.1764860704419,-100.12607897873069,767.6011221073923,-714.1764860704419,-100.12607897873069,4.924713171511074,4.926548232462172,4.924713171511074,4.926548232462172,0.0,0.0,0.01909360389902188,4.906457472113734,4.906457472113734,0.350771050136337,0.11517286413872892,0.3253895667646286,7.689349250959194,0.5000010882282874,0.5000010882282874,0.43310327986408426,0.43310327986408426,1.000896433660426e-10,1.000896433660426e-10,-3.733919339059926e-18,-3.733919339059926e-18,-0.5000000726403964,-0.5000000726403964,-3.7549186259940894,-3.7549186259940894,-0.009990368415700819,-0.009990368415700819
11,9,sqp_full,sqp_full,,10,1,71,28.685559808988685,771.7672856264053,-713.1459597127441,-100.0182626270189,771.9175909545085,-713.2366726953076,-100.00351060443953,766.9668423404942,-713.8103856181702,-100.1317619081175,766.9668423404942,-713.8103856181702,-100.1317619081175,4.983879849778031,4.985529736539397,4.983879849778031,4.985529736539397,0.0,0.0,0.17555778781286183,4.846206508708689,4.846206508708689,0.6440710921648296,0.7323746715556779,1.1365226936631903,1.8293405032319496,0.04536884869098615,0.04536884869098615,0.4999999986391385,0.4999999986391385,-3.111586821968252e-11,-3.111586821968252e-11,-3.593484915183732e-19,-3.593484915183732e-19,-0.49999999108029225,-0.49999999108029225,-1.7327543749676986,-1.7327543749676986,0.06417953167832981,0.06417953167832981
11,10,sqp_full,sqp_full,,10,0,72,29.08960021302911,771.4172479041554,-712.9441623516685,-100.01851984711776,771.3468117140725,-712.8880233876373,-99.992961924689,766.3359156416197,-713.4460799187153,-100.1383428602284,nan,nan,nan,5.041875300005071,5.043970871963827,nan,nan,nan,nan,0.09007130595192976,5.1060609873360585,nan,0.668921935427438,nan,nan,nan,0.1003531884428257,nan,0.49999996282566755,nan,3.912410034011512e-11,nan,-1.9738943862882056e-20,nan,-0.5000000246922229,nan,-0.9217773541036659,nan,0.06529921610663833,nan
11,11,sqp_full,sqp_full,,10,0,73,29.493640617069484,771.0672101819054,-712.7423649905932,-100.01877706721662,771.2943330682078,-712.8780876155445,-100.02956973888062,766.0294314294249,-713.2696685899975,-100.13907812210009,nan,nan,nan,5.279443618944375,5.280579230691253,nan,nan,nan,nan,0.2645854047486919,5.065299975804824,nan,0.06475229647478307,nan,nan,nan,0.3981406991675105,nan,0.5000003235058263,nan,5.820284880015733e-10,nan,9.352281683424783e-19,nan,-0.5000002706632997,nan,-0.9469781815641111,nan,0.03185860148226802,nan
11,12,sqp_full,sqp_full,,10,0,74,29.897681021109815,770.7171724596556,-712.5405676295177,-100.01903428731548,770.694366313219,-712.5227307662032,-100.01120380228971,765.4701563918924,-712.9467232242711,-100.14434380522903,nan,nan,nan,5.241387116650059,5.243077833388314,nan,nan,nan,nan,0.028952961993298384,5.262712226838352,nan,0.6975499301788298,nan,nan,nan,0.08846921774575682,nan,0.223981347123577,nan,1.7477490486657764e-12,nan,9.681788805463463e-20,nan,-0.1903317565969302,nan,-0.4238530924062445,nan,0.05873559816531818,nan
11,13,sqp_full,sqp_full,,10,0,76,30.705761829190614,770.0170970151556,-712.1369729073667,-100.01954872751318,770.359103019068,-712.3340004214067,-100.01917199677588,764.9180489754181,-712.6281564641123,-100.14518225916262,nan,nan,nan,5.448999622259165,5.450456445987555,nan,nan,nan,nan,0.3946998201176538,5.122650895578283,nan,0.3848169845202867,nan,nan,nan,0.21356715024402423,nan,0.48748133713292346,nan,2.0030494117525112e-11,nan,1.4327728325407153e-19,nan,-0.35823323722286426,nan,-0.4353963371999887,nan,0.0578064523542586,nan
11,14,sqp_full,sqp_full,,10,0,77,31.109802233230987,769.6670592929057,-711.9351755462914,-100.01980594761204,769.9342436722167,-712.08947480296,-100.01934651800472,764.3153871415927,-712.2802772424229,-100.14722814065158,nan,nan,nan,5.622095186195238,5.623549412252946,nan,nan,nan,nan,0.30853809028428847,5.36278752103897,nan,0.49020227778073266,nan,nan,nan,0.1583100831615767,nan,0.4541323090622291,nan,1.6686009168045987e-11,nan,1.71859633572122e-19,nan,-0.29031972654744503,nan,-0.4132860207431011,nan,0.0626962828062132,nan
12,0,sqp_full,sqp_full,,10,1,62,25.049196172625212,774.9176251266547,-714.9621359624231,-100.01594764612919,767.2403648088808,-712.8190976601251,-100.78153484838982,767.0643826835652,-713.8665915955246,-100.14078291853481,767.0643826835652,-713.8665915955246,-100.14078291853481,1.062173833762295,1.2404742192976876,1.062173833762295,1.2404742192976876,0.0,0.0,7.970755243512543,7.9292896484984885,7.9292896484984885,1.21641737507641,0.1129363052597775,-0.015662414851624656,99.71207762323802,0.5000021947367341,0.5000021947367341,5.77993712504205e-06,5.77993712504205e-06,-2.5191893191718937e-08,-2.5191893191718937e-08,6.800000949973748e-17,6.800000949973748e-17,-0.4999964322312596,-0.4999964322312596,4.314170079398905,4.314170079398905,-0.009967968723926841,-0.009967968723926841
12,1,sqp_full,sqp_full,,10,1,63,25.453236576665585,774.5675874044048,-714.7603386013477,-100.01620486622805,768.0210070096364,-712.5091560857177,-100.9617153634544,767.1607623047037,-713.9238268419651,-100.13420223865378,767.1607623047037,-713.9238268419651,-100.13420223865378,1.655691487248324,1.8509706298760786,1.655691487248324,1.8509706298760786,0.0,0.0,6.92282728253743,7.453912394249627,7.453912394249627,0.8590291282346677,0.11228628657848323,0.07631161121619774,54.281008546861536,0.49999136141297923,0.49999136141297923,5.480329031993439e-06,5.480329031993439e-06,2.081940768060209e-08,2.081940768060209e-08,-6.453855979067975e-17,-6.453855979067975e-17,-3.611623583778188e-06,-3.611623583778188e-06,-5.236006559130461,-5.236006559130461,-0.009956758231666635,-0.009956758231666635
12,2,sqp_full,sqp_full,,10,1,64,25.85727698070601,774.2175496821549,-714.5585412402722,-100.01646208632691,768.3323396342412,-711.6704841103814,-101.21530619809207,767.2587514509945,-713.9807794561684,-100.14549822705453,767.2587514509945,-713.9807794561684,-100.14549822705453,2.5475588652614705,2.7630680894374926,2.5475588652614705,2.7630680894374926,0.0,0.0,6.555651858783911,6.982741689420458,6.982741689420458,0.9298424580379117,0.11389939600087015,-0.016646620122357073,97.81056736374015,0.49999656359154193,0.49999656359154193,-0.2760078499855291,-0.2760078499855291,-6.063759833696273e-09,-6.063759833696273e-09,4.1205907504093e-18,4.1205907504093e-18,-0.4999989586181598,-0.4999989586181598,0.19310788822254538,0.19310788822254538,-0.009952152176149186,-0.009952152176149186
12,3,sqp_full,sqp_full,,10,1,66,26.66535778878681,773.5174742376549,-714.1549465181213,-100.01697652652463,769.410394660149,-712.9301041175676,-100.49227812692865,765.0889927103477,-712.7261607459474,-100.17859483502615,765.0889927103477,-712.7261607459474,-100.17859483502615,4.326211704317612,4.337569010193786,4.326211704317612,4.337569010193786,0.0,0.0,4.285830323538283,8.548726784669508,8.548726784669508,1.8087605682010865,2.5065945994734156,-1.2053350318356792,150.4320014010712,-0.28642317595611033,-0.28642317595611033,-0.01253060549703943,-0.01253060549703943,-1.3505937217046474e-08,-1.3505937217046474e-08,1.1707232041612716e-16,1.1707232041612716e-16,-0.49999387708305787,-0.49999387708305787,0.4135716928758241,0.4135716928758241,0.2261849901823521,0.2261849901823521
12,4,sqp_full,sqp_full,,10,1,67,27.069398192827087,773.1674365154051,-713.9531491570459,-100.01723374662348,770.4716541791875,-712.9401432308455,-99.60772148978822,764.426508686199,-712.3435046282572,-100.19631888623367,764.426508686199,-712.3435046282572,-100.19631888623367,6.074517400872093,6.102967192161547,6.074517400872093,6.102967192161547,0.0,0.0,2.879830448269484,8.88790047336542,8.88790047336542,1.381597985976507,0.7652613466321584,-0.37855302433042165,133.11282785490818,0.4999980691383743,0.4999980691383743,-0.04585897999271232,-0.04585897999271232,-5.9190894004840755e-09,-5.9190894004840755e-09,1.263135637220022e-17,1.263135637220022e-17,-0.4999983006891944,-0.4999983006891944,-0.08364229829578741,-0.08364229829578741,0.06926983072540248,0.06926983072540248
12,5,sqp_full,sqp_full,,10,1,68,27.473438596867513,772.8173987931551,-713.7513517959703,-100.01749096672233,770.6892289582653,-712.5983612267378,-100.10315565847667,763.8828287269998,-712.0281885729615,-100.219473066851,763.8828287269998,-712.0281885729615,-100.219473066851,6.830240183425799,6.831230540889059,6.830240183425799,6.831230540889059,0.0,0.0,2.4204326263860936,9.09922160188266,9.09922160188266,0.6400068267812296,0.6289262507178214,0.002318501612386793,89.86481910359193,0.05633210207510256,0.05633210207510256,-0.045859839108516334,-0.045859839108516334,-1.461245622779783e-10,-1.461245622779783e-10,-2.094550527583717e-17,-2.094550527583717e-17,-0.5000000832549477,-0.5000000832549477,-0.0980382551545,-0.0980382551545,0.05618349448909075,0.05618349448909075
12,6,sqp_full,sqp_full,,10,1,69,27.877479000907886,772.4673610709052,-713.549554434895,-100.0177481868212,771.0303861706839,-712.9770995911407,-100.03170239651493,762.5416115104734,-711.2506418615801,-100.25362184015597,762.5416115104734,-711.2506418615801,-100.25362184015597,8.662560333053442,8.66540245823914,8.662560333053442,8.66540245823914,0.0,0.0,1.5468036113236097,10.188498582036363,10.188498582036363,0.5147198858610302,1.55068006016886,-2.847824155461118,160.9586106854101,-0.3416875465087911,-0.3416875465087911,0.013213756207848653,0.013213756207848653,-6.69402272344801e-10,-6.69402272344801e-10,4.1475620562149785e-17,4.1475620562149785e-17,-0.49999876476448746,-0.49999876476448746,-0.09264054808582428,-0.09264054808582428,0.1353307398982691,0.1353307398982691
12,7,sqp_full,sqp_full,,10,1,71,28.685559808988685,771.7672856264053,-713.1459597127441,-100.0182626270189,771.6227622583992,-713.1104922466067,-99.9793929724006,761.6518035302512,-710.7331357350612,-100.29308408719751,761.6518035302512,-710.7331357350612,-100.29308408719751,10.250455694329851,10.255254460856728,10.250455694329851,10.255254460856728,0.0,0.0,0.14881177726922376,10.399264280942944,10.399264280942944,0.6094582066724249,1.0301107229775834,-1.61048312563334,162.3321074782948,0.025743834931649532,0.025743834931649532,-0.045857397869272634,-0.045857397869272634,3.417086765064233e-09,3.417086765064233e-09,-5.5197799039802504e-17,-5.5197799039802504e-17,-0.3592042885086344,-0.3592042885086344,-0.28836060439438344,-0.28836060439438344,0.09627011700522804,0.09627011700522804
12,8,sqp_full,sqp_full,,10,1,72,29.08960021302911,771.4172479041554,-712.9441623516685,-100.01851984711776,771.6310296481046,-713.0677495111078,-100.03144582404109,760.9295501468894,-710.3125763544866,-100.31871842317159,760.9295501468894,-710.3125763544866,-100.31871842317159,11.050458933360899,11.054192335223178,11.050458933360899,11.054192335223178,0.0,0.0,0.2469340398248655,10.812818740195647,10.812818740195647,0.06785860692927591,0.8361682017080524,2.896776382549535,76.40332383872395,-0.33700578027292744,-0.33700578027292744,0.09384926078383368,0.09384926078383368,4.042249220493974e-09,4.042249220493974e-09,-3.574189885025551e-17,-3.574189885025551e-17,-0.09896475265493718,-0.09896475265493718,-0.3175527323298091,-0.3175527323298091,0.08915463452350365,0.08915463452350365
12,9,sqp_full,sqp_full,,10,1,73,29.493640617069484,771.0672101819054,-712.7423649905932,-100.01877706721662,771.2660189683581,-712.8544214145097,-100.01618657490515,760.3419628294146,-709.9674882162345,-100.31413574926007,760.3419628294146,-709.9674882162345,-100.31413574926007,11.299087831240769,11.303015505987418,11.299087831240769,11.303015505987418,0.0,0.0,0.22821388150542232,11.0783966297017,11.0783966297017,0.4230538001381318,0.6814438199291665,1.6100759680239376,1.6861482554387395,-0.34020184402029274,-0.34020184402029274,0.2846234484036027,0.2846234484036027,4.2254657666461325e-10,4.2254657666461325e-10,-2.2945885429738862e-17,-2.2945885429738862e-17,0.1616861425043304,0.1616861425043304,-0.3482714497864897,-0.3482714497864897,0.07376111488591998,0.07376111488591998
12,10,sqp_full,sqp_full,,10,0,74,29.897681021109815,770.7171724596556,-712.5405676295177,-100.01903428731548,770.7994179702523,-712.5860802033021,-100.02488032052399,759.858400985461,-709.5716809504619,-100.30451186492083,nan,nan,nan,11.348676377314517,11.352120917151927,nan,nan,nan,nan,0.09399850204025421,11.25731788846067,nan,0.538329897254979,nan,nan,nan,-0.34168884354637863,nan,0.35171364698420904,nan,7.087251165544608e-10,nan,-1.6412757829966152e-17,nan,-0.06400056835408956,nan,-0.31281241555626194,nan,0.06916724782137647,nan
12,11,sqp_full,sqp_full,,10,0,76,30.705761829190614,770.0170970151556,-712.1369729073667,-100.01954872751318,770.3526296236662,-712.3322439321404,-100.01311605501077,759.4530225233367,-709.0568118648908,-100.30635204937161,nan,nan,nan,11.381119899584597,11.384896904105425,nan,nan,nan,nan,0.38821759940792105,11.003956648237304,nan,0.5139952112087398,nan,nan,nan,-0.3416887583922997,nan,0.36454002385662926,nan,-8.299403152723251e-10,nan,-6.063226750332423e-18,nan,0.17963625262713048,nan,-0.35460972331137786,nan,0.07064353522694919,nan
12,12,sqp_full,sqp_full,,10,0,77,31.109802233230987,769.6670592929057,-711.9351755462914,-100.01980594761204,769.7950220976613,-712.0222096597092,-100.00792885243189,759.2101598676568,-708.5442867192083,-100.39927079065987,nan,nan,nan,11.141600262450586,11.148470967843751,nan,nan,nan,nan,0.15475598954278855,10.99294649433929,nan,0.6380237536407036,nan,nan,nan,-0.3416890971583801,nan,0.4745088883584897,nan,5.836770500120017e-10,nan,-1.0328125416990913e-17,nan,0.023467470559419633,nan,-0.3623971937492243,nan,0.07973503255835698,nan
12,13,sqp_full,sqp_full,,10,0,78,31.513842637271416,769.3170215706557,-711.7333781852159,-100.0200631677109,769.4897518474997,-711.8344344540941,-100.00811932423085,759.0989062262856,-707.973986123114,-100.6453391777867,nan,nan,nan,11.084797428914683,11.103097909225125,nan,nan,nan,nan,0.2001202588900388,10.887741265636654,nan,0.35839850691235786,nan,nan,nan,-0.3076259164197703,nan,0.415343208360709,nan,2.8976998505393495e-09,nan,-1.9361010123549653e-17,nan,0.20967972673140367,nan,-0.38075123670968936,nan,0.10030974818789862,nan
12,14,sqp_full,sqp_full,,10,0,79,31.91788304131179,768.9669838484058,-711.5315808241405,-100.02032038780976,769.1538784789198,-711.6250162505532,-100.05667005619297,759.2916466791805,-708.2412870557501,-101.0703500773245,nan,nan,nan,10.426564119380243,10.475723675278418,nan,nan,nan,nan,0.20894923264720844,10.219500106193973,nan,0.39877823068681606,nan,nan,nan,-0.33658355049797656,nan,0.49999957215535307,nan,2.2759292285504575e-09,nan,-1.2910730373526869e-17,nan,-0.05884198084189741,nan,-0.3886960396674112,nan,0.11042441998097216,nan
13,0,sqp_full,sqp_full,,10,1,64,25.85727698070601,774.2175496821549,-714.5585412402722,-100.01646208632691,761.3002142505914,-708.7397104353884,-100.20481352862683,760.4244571748629,-710.0171410305232,-100.33357842468732,760.4244571748629,-710.0171410305232,-100.33357842468732,1.5487993353158913,1.5541427796481302,1.5487993353158913,1.5541427796481302,0.0,0.0,14.16743966238747,14.52149154804075,14.52149154804075,1.5612928659450807,0.09822798290464183,0.006548225007431426,84.02576059769555,0.1583065068311627,0.1583065068311627,-0.14827904308779297,-0.14827904308779297,8.843247884273478e-09,8.843247884273478e-09,-5.599797631393273e-17,-5.599797631393273e-17,0.07119856951446539,0.07119856951446539,4.923175457550588,4.923175457550588,-0.009991511374078941,-0.009991511374078941
13,1,sqp_full,sqp_full,,10,1,66,26.66535778878681,773.5174742376549,-714.1549465181213,-100.01697652652463,763.9737327591602,-709.8128256743562,-100.07372606823762,759.47386499286,-708.4871668499337,-101.30285019071508,759.47386499286,-708.4871668499337,-101.30285019071508,4.69107463519358,4.8494254650847655,4.69107463519358,4.8494254650847655,0.0,0.0,10.48508535159352,15.144196478770704,15.144196478770704,2.8838275700943137,2.045466755089021,-0.5182881925397971,136.94639067261065,0.15830807280471826,0.15830807280471826,-0.13545562305566927,-0.13545562305566927,6.069199103991807e-09,6.069199103991807e-09,-3.418827123587997e-17,-3.418827123587997e-17,0.4999990655707982,0.4999990655707982,4.881417770014893,4.881417770014893,0.3036091776995751,0.3036091776995751
13,2,sqp_full,sqp_full,,10,1,67,27.069398192827087,773.1674365154051,-713.9531491570459,-100.01723374662348,767.3109429094429,-711.698648906844,-100.16002027109427,760.7332489498058,-705.984873577463,-102.25721193188838,760.7332489498058,-705.984873577463,-102.25721193188838,8.712823098243755,8.961668327013347,8.712823098243755,8.961668327013347,0.0,0.0,6.275451277385272,14.768291577859719,14.768291577859719,3.834155388190151,2.9594468918161367,-0.029501763539957346,92.19046121433666,0.15830843485001944,0.15830843485001944,-0.02548572102740029,-0.02548572102740029,3.3105508830265274e-09,3.3105508830265274e-09,-2.6789916290931277e-17,-2.6789916290931277e-17,-0.47653340213138734,-0.47653340213138734,4.8735906324378995,4.8735906324378995,0.41714495464027035,0.41714495464027035
13,3,sqp_full,sqp_full,,10,1,68,27.473438596867513,772.8173987931551,-713.7513517959703,-100.01749096672233,769.9018511277081,-712.4513878576978,-100.05640630380343,759.7749701416883,-705.6451207355433,-99.17597421404015,759.7749701416883,-705.6451207355433,-99.17597421404015,12.201597872538338,12.233321352266401,12.201597872538338,12.233321352266401,0.0,0.0,3.192228755948199,15.356299265566449,15.356299265566449,2.700029106847669,3.2446503881882447,-0.33185819098165525,106.03086282125837,0.19238078423884994,0.19238078423884994,-0.08464740514782283,-0.08464740514782283,-1.8573708375166742e-08,-1.8573708375166742e-08,1.0798536408684081e-16,1.0798536408684081e-16,0.5000052592923083,0.5000052592923083,0.725011969523095,0.725011969523095,0.2733493427589772,0.2733493427589772
13,4,sqp_full,sqp_full,,10,1,69,27.877479000907886,772.4673610709052,-713.549554434895,-100.0177481868212,772.5618501342889,-713.7356782914495,-100.23943905225552,759.4341164838169,-706.0223323569579,-100.57003098921298,759.4341164838169,-706.0223323569579,-100.57003098921298,15.226066343703991,15.229654865808898,15.226066343703991,15.229654865808898,0.0,0.0,0.2087349349722872,15.05073209772371,15.05073209772371,2.9594759029670925,1.4838679576767617,-0.019074398216463274,92.18020755005124,0.16341507999519828,0.16341507999519828,2.9369264668077957e-06,2.9369264668077957e-06,8.683775411341809e-10,8.683775411341809e-10,-1.1632965306426797e-17,-1.1632965306426797e-17,-0.14297701648759437,-0.14297701648759437,-0.11411912471821473,-0.11411912471821473,0.2400610478054403,0.2400610478054403
13,5,sqp_full,sqp_full,,10,1,71,28.685559808988685,771.7672856264053,-713.1459597127441,-100.0182626270189,771.0751580441561,-712.8225858290006,-100.08526658520708,759.6358264083553,-705.8840546457388,-99.0563186966942,759.6358264083553,-705.8840546457388,-99.0563186966942,13.379145086847872,13.418653323348087,13.379145086847872,13.418653323348087,0.0,0.0,0.7639445390848186,14.138867279998214,14.138867279998214,1.75150231671001,1.5333403156506809,0.019477579063338236,88.72513086638185,-0.4999999127487383,-0.4999999127487383,0.44053541782663125,0.44053541782663125,-1.7161477210885071e-09,-1.7161477210885071e-09,8.422818434199396e-18,8.422818434199396e-18,-0.4999996303305839,-0.4999996303305839,-1.3297873561721287,-1.3297873561721287,-0.009000771949919883,-0.009000771949919883
13,6,sqp_full,sqp_full,,10,1,72,29.08960021302911,771.4172479041554,-712.9441623516685,-100.01851984711776,771.5169433764534,-712.8659359107745,-99.91864318908564,760.2674645273255,-705.0701788428494,-100.46281619782135,760.2674645273255,-705.0701788428494,-100.46281619782135,13.686657833053312,13.697471551440291,13.686657833053312,13.697471551440291,0.0,0.0,0.12672238654508433,13.649808996736432,13.649808996736432,0.47414856907715197,1.7434436488002956,0.04186288859747745,89.34766942209818,-0.5000010646475299,-0.5000010646475299,0.4999906124463801,0.4999906124463801,-2.7791997712014522e-09,-2.7791997712014522e-09,3.3397000883235154e-17,3.3397000883235154e-17,-0.49999937449895165,-0.49999937449895165,-4.4981057504050534,-4.4981057504050534,0.21258621790105625,0.21258621790105625
13,7,sqp_full,sqp_full,,10,1,73,29.493640617069484,771.0672101819054,-712.7423649905932,-100.01877706721662,771.9478119775454,-713.3515662475446,-100.00291199292096,759.7716229345522,-705.7685718083032,-101.1017858369937,759.7716229345522,-705.7685718083032,-101.1017858369937,14.344385113216736,14.386414007717875,14.344385113216736,14.386414007717875,0.0,0.0,1.0707874177237664,13.274941906160013,13.274941906160013,0.6546646520915953,1.0685943192360048,0.41850066415320103,75.14399669383049,-0.5000002886958207,-0.5000002886958207,0.4999973393898747,0.4999973393898747,-3.7932312664008326e-10,-3.7932312664008326e-10,7.38123359497217e-18,7.38123359497217e-18,-0.49999990929921906,-0.49999990929921906,-4.8812097565745844,-4.8812097565745844,0.2197805134196752,0.2197805134196752
13,8,sqp_full,sqp_full,,10,1,74,29.897681021109815,770.7171724596556,-712.5405676295177,-100.01903428731548,770.9875703195713,-712.6665820034074,-99.80237580744183,760.0418142176825,-705.2856033919483,-99.50806357934506,760.0418142176825,-705.2856033919483,-99.50806357934506,13.201834035650295,13.205114221106223,13.201834035650295,13.205114221106223,0.0,0.0,0.29831966927081704,12.907276230207286,12.907276230207286,1.196445660325394,1.6870721547108458,0.27312655878722464,78.83137461692576,-0.48917361720008784,-0.48917361720008784,0.4999994300745071,0.4999994300745071,-4.0300304932179673e-10,-4.0300304932179673e-10,2.948531239230748e-18,2.948531239230748e-18,-0.4999999033768564,-0.4999999033768564,-4.176722642392057,-4.176722642392057,-0.009999141778635314,-0.009999141778635314
13,9,sqp_full,sqp_full,,10,1,76,30.705761829190614,770.0170970151556,-712.1369729073667,-100.01954872751318,770.6261787411397,-712.3940196056167,-99.67029054855092,759.4478807037914,-705.9911755135378,-99.45383290104408,759.4478807037914,-705.9911755135378,-99.45383290104408,12.882187682193349,12.884006108055765,12.882187682193349,12.884006108055765,0.0,0.0,0.6611002601791135,12.226166980799949,12.226166980799949,0.47153011490996816,0.9238668757760758,0.13264877148756243,86.11797583920168,-0.2476362764426158,-0.2476362764426158,0.4999985273806902,0.4999985273806902,1.0268864127498743e-10,1.0268864127498743e-10,2.0721429068641793e-18,2.0721429068641793e-18,-0.5000000239742091,-0.5000000239742091,-4.349430575043441,-4.349430575043441,0.004671310273173081,0.004671310273173081
13,10,sqp_full,sqp_full,,10,0,77,31.109802233230987,769.6670592929057,-711.9351755462914,-100.01980594761204,769.1719828207936,-711.6215244293311,-99.90181926864555,759.7221354797606,-705.569841431653,-99.99532712220447,nan,nan,nan,11.221518697271486,11.221908286556738,nan,nan,nan,nan,0.5860697368141291,11.807581803241435,nan,1.6628409786760652,nan,nan,nan,-0.4999995811606161,nan,0.010721112019920457,nan,1.1674712753080597e-09,nan,-7.35797991811962e-18,nan,0.44115772484822746,nan,-0.053950934259928134,nan,-0.009999108333087335,nan
13,11,sqp_full,sqp_full,,10,0,78,31.513842637271416,769.3170215706557,-711.7333781852159,-100.0200631677109,768.5580883619507,-711.30628796371,-100.4412909603113,760.3360236524699,-705.0585984622916,-100.58065566410272,nan,nan,nan,10.326469493153212,10.327409874391877,nan,nan,nan,nan,0.870853416242503,11.189772471146137,nan,0.8759395766626747,nan,nan,nan,0.1634164445950087,nan,0.12931312197552924,nan,2.2723494203816498e-09,nan,-1.444311601460656e-17,nan,0.4411574493428629,nan,-1.1297262501008747,nan,-0.004520270350983838,nan
13,12,sqp_full,sqp_full,,10,0,79,31.91788304131179,768.9669838484058,-711.5315808241405,-100.02032038780976,769.5169408471421,-711.8774857864933,-100.14720231289057,760.3142209228528,-705.0062636701108,-100.14311650081113,nan,nan,nan,11.48493567146005,11.484936398232074,nan,nan,nan,nan,0.6496945000839087,10.83743835998618,nan,1.1541894011173823,nan,nan,nan,0.14567950763722676,nan,0.39560247966617135,nan,1.65679840054674e-09,nan,-1.1144455654855467e-17,nan,0.44115759894436074,nan,-1.2654722306915962,nan,0.1743459369706067,nan
13,13,sqp_full,sqp_full,,10,0,80,32.32192344535222,768.6169461261559,-711.3297834630649,-100.02057760790862,769.0653542121172,-711.6827574349431,-100.26405926457394,761.0892877839634,-704.7319657657177,-99.44106001396152,nan,nan,nan,10.57975143825669,10.61171372879061,nan,nan,nan,nan,0.5706666595999632,10.009837085797498,nan,0.5054751892894811,nan,nan,nan,-0.49999935341955565,nan,0.21673185923342853,nan,-8.342739264632675e-10,nan,4.82423641090216e-18,nan,-0.44057577003570136,nan,0.04040654800952067,nan,0.00774073180601647,nan
13,14,sqp_full,sqp_full,,10,0,82,33.130004253432915,767.9168706816561,-710.9261887409141,-100.02109204810634,767.9427347620527,-710.8469141632769,-99.69526908236598,759.7845874720813,-705.4529364470189,-100.14390505179135,nan,nan,nan,9.78010034756069,9.790384928153692,nan,nan,nan,nan,0.08338710520405901,9.802577256689155,nan,1.5107715498475487,nan,nan,nan,-0.3743130513339632,nan,0.499999456673262,nan,-2.545735757353285e-10,nan,3.250239135238706e-18,nan,-0.4999999341777866,nan,-1.1070143686718068,nan,-0.009997838906715,nan
14,0,sqp_full,sqp_full,,10,1,67,27.069398192827087,773.1674365154051,-713.9531491570459,-100.01723374662348,763.0796565545825,-708.0508460823964,-100.56083872578583,759.9942849619242,-705.3556883132685,-99.33920174874872,759.9942849619242,-705.3556883132685,-99.33920174874872,4.096753991304966,4.275019317960745,4.096753991304966,4.275019317960745,0.0,0.0,11.687621063458193,15.7304880665306,15.7304880665306,4.319432900118203,0.8458970954485615,0.0294051258674879,81.36424228705525,3.7335073171623687e-07,3.7335073171623687e-07,-0.4753035265577162,-0.4753035265577162,4.628023311985408e-10,4.628023311985408e-10,-3.1963054808031166e-18,-3.1963054808031166e-18,0.4999998966518234,0.4999998966518234,-5.235987752051882,-5.235987752051882,0.4900003715096213,0.4900003715096213
14,1,sqp_full,sqp_full,,10,1,68,27.473438596867513,772.8173987931551,-713.7513517959703,-100.01749096672233,767.3012952870148,-710.5878703360372,-99.81385533327524,759.6919569683962,-706.0951034366861,-101.36511169833253,759.6919569683962,-706.0951034366861,-101.36511169833253,8.836683996788677,8.971810317278884,8.836683996788677,8.971810317278884,0.0,0.0,6.358853107109437,15.195241427307895,15.195241427307895,4.981637264938187,2.1777162497056723,-0.036819004563072355,94.83148126779821,0.033461844156276066,0.033461844156276066,0.4999994407163839,0.4999994407163839,2.8315454116810973e-10,2.8315454116810973e-10,-2.601419296650077e-19,-2.601419296650077e-19,-0.05884261348776754,-0.05884261348776754,-5.235987721201703,-5.235987721201703,0.49547829816651,0.49547829816651
14,2,sqp_full,sqp_full,,10,1,69,27.877479000907886,772.4673610709052,-713.549554434895,-100.0177481868212,769.6547475148685,-711.9015036950663,-100.24712270781804,759.8826925961548,-705.9103327297603,-98.61868895542017,759.8826925961548,-705.9103327297603,-98.61868895542017,11.462424999531322,11.577520604854445,11.462424999531322,11.577520604854445,0.0,0.0,3.259887460734104,14.721806576625578,14.721806576625578,2.729851755789481,2.759231446729425,-0.13201250483752064,97.50466209976085,-0.35432043286313103,-0.35432043286313103,0.4999996929901145,0.4999996929901145,6.352075185820821e-10,6.352075185820821e-10,-2.736647678261563e-18,-2.736647678261563e-18,0.4999998609438471,0.4999998609438471,-4.463451459189738,-4.463451459189738,0.5000001994644698,0.5000001994644698
14,3,sqp_full,sqp_full,,10,1,71,28.685559808988685,771.7672856264053,-713.1459597127441,-100.0182626270189,770.2969477552679,-712.3319056093678,-99.53699307233258,760.2806335549755,-706.2602843709333,-102.16348833783358,760.2806335549755,-706.2602843709333,-102.16348833783358,11.712861931312569,12.003733252688118,11.712861931312569,12.003733252688118,0.0,0.0,1.6806479519888804,13.39237472306183,13.39237472306183,1.0497385654525118,3.5841910969457613,-1.9157742501365187,124.13137294751942,-0.22002537570548306,-0.22002537570548306,0.34045458603982615,0.34045458603982615,5.486365237743571e-10,5.486365237743571e-10,-3.054065447791253e-18,-3.054065447791253e-18,-0.21512185355577765,-0.21512185355577765,0.12470896229299636,0.12470896229299636,0.026791257416670614,0.026791257416670614
14,4,sqp_full,sqp_full,,10,1,72,29.08960021302911,771.4172479041554,-712.9441623516685,-100.01851984711776,769.6723887633847,-711.7721999594107,-99.95055844283664,760.7093832952427,-704.9801750726664,-99.03224736142982,760.7093832952427,-704.9801750726664,-99.03224736142982,11.245757826136037,11.28318945716744,11.245757826136037,11.28318945716744,0.0,0.0,2.101910861572721,13.344791413241106,13.344791413241106,0.9350832394050339,3.4098645438783066,-0.9678484069226905,105.39143281318314,-0.49999946809431617,-0.49999946809431617,0.500000841640632,0.500000841640632,-1.1578417900100158e-10,-1.1578417900100158e-10,-2.240885228764858e-18,-2.240885228764858e-18,9.05425079782759e-08,9.05425079782759e-08,2.9784426709409213,2.9784426709409213,-0.009999875010535998,-0.009999875010535998
14,5,sqp_full,sqp_full,,10,1,73,29.493640617069484,771.0672101819054,-712.7423649905932,-100.01877706721662,769.8287865254248,-712.0728018357667,-100.31414112335531,760.13676511622,-705.4515915278414,-101.21958101113327,760.13676511622,-705.4515915278414,-101.21958101113327,11.737789610410399,11.772660121172176,11.737789610410399,11.772660121172176,0.0,0.0,1.4078380486519717,13.138873887024404,13.138873887024404,0.4970051444531682,2.3096652459354456,3.4306910176958163,42.41888966118547,0.12568729175586701,0.12568729175586701,-3.096691213277149e-07,-3.096691213277149e-07,-7.212243506637678e-10,-7.212243506637678e-10,3.532100756484348e-18,3.532100756484348e-18,2.2962922243779433e-07,2.2962922243779433e-07,-3.3615474032142956,-3.3615474032142956,-0.009998666493251653,-0.009998666493251653
14,6,sqp_full,sqp_full,,10,1,74,29.897681021109815,770.7171724596556,-712.5405676295177,-100.01903428731548,770.1564064293771,-712.3390274292084,-101.02837170985829,759.5256446316992,-705.9813832617893,-100.66613072586486,759.5256446316992,-705.9813832617893,-100.66613072586486,12.386796832050099,12.392092409636515,12.386796832050099,12.392092409636515,0.0,0.0,0.5958833720242049,12.972015830000121,12.972015830000121,0.8296602911828349,0.9800279313490281,-0.6602329476986396,123.9819767599085,-0.5000008697879446,-0.5000008697879446,0.4999976899524899,0.4999976899524899,-6.78571429135049e-10,-6.78571429135049e-10,1.4676186189207314e-17,1.4676186189207314e-17,2.3054005317647217e-07,2.3054005317647217e-07,-1.3762750046897807,-1.3762750046897807,-0.00999739699201037,-0.00999739699201037
14,7,sqp_full,sqp_full,,10,1,76,30.705761829190614,770.0170970151556,-712.1369729073667,-100.01954872751318,770.2924727252412,-712.2273642088492,-99.47817510358301,760.0857366748556,-705.6924994500959,-101.48918892908415,760.0857366748556,-705.6924994500959,-101.48918892908415,12.11948506403776,12.28519820042766,12.11948506403776,12.28519820042766,0.0,0.0,0.2898316219613994,11.83905217280305,11.83905217280305,1.5601577579714587,1.0366203544945674,-0.4796180985856802,136.2070720025852,-0.5000021958246936,-0.5000021958246936,0.49999349535292514,0.49999349535292514,-1.6093826689236595e-09,-1.6093826689236595e-09,4.4107929523980684e-17,4.4107929523980684e-17,-0.4999996022354271,-0.4999996022354271,-3.2694373891546946,-3.2694373891546946,0.07204373558600038,0.07204373558600038
14,8,sqp_full,sqp_full,,10,1,77,31.109802233230987,769.6670592929057,-711.9351755462914,-100.01980594761204,770.906690872581,-712.5963944681506,-99.68902693949393,759.822223829751,-705.5595411852373,-100.7676504115837,759.822223829751,-705.5595411852373,-100.7676504115837,13.12945976606922,13.173691295281417,13.12945976606922,13.173691295281417,0.0,0.0,1.4049544177491091,11.729002464082017,11.729002464082017,0.7469308947342993,0.7795734423170916,-0.6507509701838314,128.57236048269007,-0.5000012227640547,-0.5000012227640547,0.49999404394593755,0.49999404394593755,-4.40619558749512e-09,-4.40619558749512e-09,6.628018384647225e-17,6.628018384647225e-17,-0.49999893991070665,-0.49999893991070665,-5.181919378181068,-5.181919378181068,-0.010007642362712751,-0.010007642362712751
14,9,sqp_full,sqp_full,,10,1,78,31.513842637271416,769.3170215706557,-711.7333781852159,-100.0200631677109,770.1885262263161,-712.2492132858678,-100.31152660447509,760.007396633061,-705.2957569131444,-99.60684462641262,760.007396633061,-705.2957569131444,-99.60684462641262,12.32906952377268,12.349191552981367,12.32906952377268,12.349191552981367,0.0,0.0,1.0127221810063094,11.318660880215118,11.318660880215118,1.0118305517119313,1.2047162239199511,-0.7462434486035365,128.81172659355963,-0.49999042893920553,-0.49999042893920553,0.500016910180317,0.500016910180317,-7.157954230543269e-09,-7.157954230543269e-09,-4.8114437372363165e-17,-4.8114437372363165e-17,1.6924236159789752e-06,1.6924236159789752e-06,2.9312298011312685,2.9312298011312685,-0.009995375629205617,-0.009995375629205617
14,10,sqp_full,sqp_full,,10,0,79,31.91788304131179,768.9669838484058,-711.5315808241405,-100.02032038780976,770.405331318939,-712.1034361816785,-99.10881167178623,759.2916962583213,-706.1746604400913,-99.83746716547753,nan,nan,nan,12.59616076646472,12.617218587434856,nan,nan,nan,nan,1.54785722724495,11.059285056091296,nan,1.230763430398329,nan,nan,nan,-0.4999995764499183,nan,0.5000000089961717,nan,3.3173724701318014e-10,nan,-2.838500776775069e-18,nan,-0.5000000638913771,nan,-1.6634064342295358,nan,-0.009995279106216825,nan
14,11,sqp_full,sqp_full,,10,0,80,32.32192344535222,768.6169461261559,-711.3297834630649,-100.02057760790862,770.7286342365006,-712.7995103980996,-100.82675671653699,759.5249533115069,-705.789946031995,-100.14546114238027,nan,nan,nan,13.215765542397904,13.233314873114645,nan,nan,nan,nan,2.5728046834025196,10.64678975580487,nan,1.8815895588713842,nan,nan,nan,0.11516829149749183,nan,0.4999986665483828,nan,-2.1455238110971017e-09,nan,2.7755333676228263e-17,nan,5.956627796687456e-07,nan,-3.532732708780715,nan,-0.009997933304496835,nan
14,12,sqp_full,sqp_full,,10,0,82,33.130004253432915,767.9168706816561,-710.9261887409141,-100.02109204810634,770.1354583553046,-712.4500518908158,-100.34057153843567,760.1228260251274,-705.4088797942527,-98.94601529570754,nan,nan,nan,12.240543724554342,12.319727991593757,nan,nan,nan,nan,2.6915219050369585,9.549231912613221,nan,0.8428255464514112,nan,nan,nan,-0.39959194522574,nan,0.2808551001582929,nan,-6.3768847697756675e-12,nan,2.1880128047216866e-17,nan,1.2418166201659344e-07,nan,-0.9564812318612593,nan,-0.00999995755044438,nan
14,13,sqp_full,sqp_full,,10,0,83,33.53404465747329,767.566832959406,-710.7243913798387,-100.0213492682052,770.2735020414141,-712.2138440961202,-99.86909742731041,760.6303554588309,-704.9062802078276,-99.42778752285878,nan,nan,nan,12.099205180286209,12.10725073773694,nan,nan,nan,nan,3.0894217765686363,9.053459986428734,nan,0.5451036773045975,nan,nan,nan,-0.5000001600860615,nan,0.49999931484526583,nan,-9.08789420522054e-11,nan,6.719788675954556e-18,nan,-0.49999996475804526,nan,-0.7093479704237641,nan,-0.009999097156544786,nan
14,14,sqp_full,sqp_full,,10,0,84,33.93808506151372,767.2167952371561,-710.5225940187631,-100.02160648830406,770.2204632393798,-712.2678466427849,-99.84430266139155,759.9359034492797,-705.3534403307618,-100.48681470299685,nan,nan,nan,12.392787609084792,12.409432156528894,nan,nan,nan,nan,3.473892368689146,8.929251652683067,nan,0.07965029808153108,nan,nan,nan,-0.5000000754467796,nan,0.49999962154930877,nan,-7.788068472021904e-11,nan,4.048788572563595e-18,nan,-0.4999999782013418,nan,-1.2777874256558401,nan,-0.009999832471545234,nan
15,0,sqp_full,sqp_full,,10,1,69,27.877479000907886,772.4673610709052,-713.549554434895,-100.0177481868212,763.4133930180437,-708.1665454730696,-99.45039176577562,759.7346370288104,-705.5735499988514,-100.09819264140644,759.7346370288104,-705.5735499988514,-100.09819264140644,4.500763397206885,4.547143843348847,4.500763397206885,4.547143843348847,0.0,0.0,10.533333896982786,15.024610087983202,15.024610087983202,4.45720942159047,0.626888883308627,-0.010490199683353291,94.27742446726694,1.5261034603926982e-06,1.5261034603926982e-06,0.17035123282329734,0.17035123282329734,5.691302595669446e-11,5.691302595669446e-11,-1.0610369200506423e-17,-1.0610369200506423e-17,-0.5000000189183234,-0.5000000189183234,-5.23598784671819,-5.23598784671819,0.4899998639010129,0.4899998639010129
15,1,sqp_full,sqp_full,,10,1,71,28.685559808988685,771.7672856264053,-713.1459597127441,-100.0182626270189,764.0208185324104,-708.407601339178,-99.8204253004146,760.1093729809185,-705.4774487874727,-100.92181559339213,760.1093729809185,-705.4774487874727,-100.92181559339213,4.887248743265623,5.0098164493339015,4.887248743265623,5.0098164493339015,0.0,0.0,9.080737443329621,13.953959547770216,13.953959547770216,0.7509983374457322,0.9099545283520756,0.9028863149125582,41.82674052821947,0.5000011067685912,0.5000011067685912,0.026202815030911136,0.026202815030911136,4.947549067299088e-11,4.947549067299088e-11,-1.9827052839611982e-17,-1.9827052839611982e-17,0.5000001716331204,0.5000001716331204,-5.235987844727808,-5.235987844727808,0.053734993358783865,0.053734993358783865
15,2,sqp_full,sqp_full,,10,1,72,29.08960021302911,771.4172479041554,-712.9441623516685,-100.01851984711776,767.7040762833775,-710.7429903594564,-100.45943498545499,759.1753513535722,-706.8862851962016,-100.87274870271959,759.1753513535722,-706.8862851962016,-100.87274870271959,9.360198910523252,9.369319712414542,9.360198910523252,9.369319712414542,0.0,0.0,4.316572902737618,13.658766664157827,13.658766664157827,4.407807041338326,1.6910422782033454,-0.009337472351742355,91.39464269585602,0.10040873317377448,0.10040873317377448,-0.2191456550341233,-0.2191456550341233,1.6320803404458562e-10,1.6320803404458562e-10,-2.71409326389922e-18,-2.71409326389922e-18,0.5000000396212287,0.5000000396212287,-0.16844722887540242,-0.16844722887540242,0.4899974863573019,0.4899974863573019
15,3,sqp_full,sqp_full,,10,1,73,29.493640617069484,771.0672101819054,-712.7423649905932,-100.01877706721662,769.1288145700862,-711.562949009087,-99.92189399431466,760.6013063847395,-705.0024821339259,-99.1325168933932,760.6013063847395,-705.0024821339259,-99.1325168933932,10.75909482583186,10.788013611351307,10.75909482583186,10.788013611351307,0.0,0.0,2.269008507113195,13.016947757691293,13.016947757691293,1.729497525258018,2.9343599776683433,0.47554033916992455,73.72301363883999,-0.451812942946732,-0.451812942946732,0.4442514320375329,0.4442514320375329,1.296822297561085e-10,1.296822297561085e-10,-1.9576268973484216e-17,-1.9576268973484216e-17,-0.005851718770097761,-0.005851718770097761,-0.5102794569269274,-0.5102794569269274,0.1834217298849159,0.1834217298849159
15,4,sqp_full,sqp_full,,10,1,74,29.897681021109815,770.7171724596556,-712.5405676295177,-100.01903428731548,769.2985945139552,-711.7016097855644,-100.07934509106816,759.9275722374006,-705.3549147663495,-99.59736429811768,759.9275722374006,-705.3549147663495,-99.59736429811768,11.317976682013901,11.32823471064153,11.317976682013901,11.32823471064153,0.0,0.0,1.6480939451251198,12.963374561665695,12.963374561665695,0.2698942165782086,0.8911843644086748,0.10533314428569707,88.17195288149226,-5.832497101308789e-06,-5.832497101308789e-06,0.010910976862967067,0.010910976862967067,3.270045327998136e-08,3.270045327998136e-08,-3.5655798703517696e-16,-3.5655798703517696e-16,-1.3617693085241048e-05,-1.3617693085241048e-05,-2.975447454400847,-2.975447454400847,-0.009938397904510876,-0.009938397904510876
15,5,sqp_full,sqp_full,,10,1,76,30.705761829190614,770.0170970151556,-712.1369729073667,-100.01954872751318,769.2787066497823,-711.6550111438427,-99.78775162770225,759.7256185153808,-705.5563738479885,-100.39923057825054,759.7256185153808,-705.5563738479885,-100.39923057825054,11.333793264835272,11.350276484605518,11.333793264835272,11.350276484605518,0.0,0.0,0.8817638420662847,12.215515285554593,12.215515285554593,0.29596234292457885,0.8510937660602451,-2.7306785092584023,161.72744257108914,-0.4999984759407321,-0.4999984759407321,0.5000001608028396,0.5000001608028396,2.1295595875479577e-08,2.1295595875479577e-08,-1.6012030027768056e-16,-1.6012030027768056e-16,-5.054423454451367e-06,-5.054423454451367e-06,-3.4659145530720146,-3.4659145530720146,-0.00995817646977959,-0.00995817646977959
15,6,sqp_full,sqp_full,,10,1,77,31.109802233230987,769.6670592929057,-711.9351755462914,-100.01980594761204,769.6223795561398,-711.6446497420959,-100.11177136325837,759.8855642849073,-705.3551416540068,-100.15710535878654,759.8855642849073,-705.3551416540068,-100.15710535878654,11.591526371287133,11.591615020668845,11.591526371287133,11.591615020668845,0.0,0.0,0.29394135772440444,11.788744234018795,11.788744234018795,0.4724481074575628,0.35313123195861046,-0.09587178701217375,97.36935572727465,-0.1573767533372009,-0.1573767533372009,0.21625300453060373,0.21625300453060373,2.267816879207667e-08,2.267816879207667e-08,-1.9195422415056286e-16,-1.9195422415056286e-16,-6.310821017822036e-06,-6.310821017822036e-06,-2.707730880766011,-2.707730880766011,-0.009947276502545213,-0.009947276502545213
15,7,sqp_full,sqp_full,,10,1,78,31.513842637271416,769.3170215706557,-711.7333781852159,-100.0200631677109,769.2411440184519,-712.314262897719,-100.28510291945928,760.0717180798396,-705.1784159613167,-100.00923609009315,760.0717180798396,-705.1784159613167,-100.00923609009315,11.618893387214634,11.622167872260514,11.618893387214634,11.622167872260514,0.0,0.0,0.5858194706121831,11.33327694861656,11.33327694861656,0.7897886690467856,0.2962271534623327,-0.3445789807023237,156.73710195918423,-0.4999944931948921,-0.4999944931948921,0.43199056781173056,0.43199056781173056,-9.19643547874143e-09,-9.19643547874143e-09,2.5008315569808487e-17,2.5008315569808487e-17,-0.4999977727696716,-0.4999977727696716,3.9581997135511733,3.9581997135511733,-0.010018760992141438,-0.010018760992141438
15,8,sqp_full,sqp_full,,10,1,79,31.91788304131179,768.9669838484058,-711.5315808241405,-100.02032038780976,769.6442933818129,-711.3684577939558,-100.29114645159386,759.6174283272661,-705.6556181034066,-100.18387223183939,759.6174283272661,-705.6556181034066,-100.18387223183939,11.540128255440045,11.540626842170647,11.540128255440045,11.540626842170647,0.0,0.0,0.6966759124734367,11.04269561014556,11.04269561014556,1.0281601177654618,0.6816148807885913,-0.5992086848183491,154.66979527460475,1.396673146873845e-06,1.396673146873845e-06,0.5000047596642113,0.5000047596642113,-5.778292419020948e-09,-5.778292419020948e-09,-4.7465750312350436e-17,-4.7465750312350436e-17,1.3738238607885204e-06,1.3738238607885204e-06,-5.235988234565526,-5.235988234565526,-0.009998156376459209,-0.009998156376459209
15,9,sqp_full,sqp_full,,10,1,80,32.32192344535222,768.6169461261559,-711.3297834630649,-100.02057760790862,769.1649622032216,-712.3667768524266,-99.83890516497493,759.7409252103495,-705.5197021928437,-99.76951422428849,759.7409252103495,-705.5197021928437,-99.76951422428849,11.648815589446091,11.649022265390844,11.648815589446091,11.649022265390844,0.0,0.0,1.172892539963571,10.60852448102026,10.60852448102026,1.1962113118501339,0.4532297136077989,-0.005236871425664495,90.79195025544611,1.1699813555893376e-06,1.1699813555893376e-06,-4.034700214395809e-06,-4.034700214395809e-06,2.2622935992141375e-10,2.2622935992141375e-10,3.845828092167899e-17,3.845828092167899e-17,-1.4265564994180229e-08,-1.4265564994180229e-08,0.06216017883466481,0.06216017883466481,-0.009987956105252317,-0.009987956105252317
15,10,sqp_full,sqp_full,,10,0,82,33.130004253432915,767.9168706816561,-710.9261887409141,-100.02109204810634,770.2086835485776,-711.2770121881837,-100.66992155782562,759.9311393713704,-705.3047725469978,-99.95241521052591,nan,nan,nan,11.886780920257504,11.908416183717009,nan,nan,nan,nan,2.3185088544453465,9.76587039568417,nan,1.722651884557891,nan,nan,nan,-1.0520780344142222e-06,nan,0.49999633711086233,nan,6.187191333662336e-09,nan,8.639638013116629e-18,nan,-0.5000015445103626,nan,-5.235987337036992,nan,-0.009990376697103313,nan
15,11,sqp_full,sqp_full,,10,0,83,33.53404465747329,767.566832959406,-710.7243913798387,-100.0213492682052,769.0468248070665,-712.1259937452047,-99.07235622945595,760.1949826833139,-705.1723574632196,-99.41222384683631,nan,nan,nan,11.25647220606801,11.261601863115452,nan,nan,nan,nan,2.038348610944905,9.228719147552892,nan,2.1500931137503114,nan,nan,nan,-0.49999957136487655,nan,0.4999992049294725,nan,2.891241209845117e-10,nan,1.6188204613174523e-18,nan,-0.5000000704114018,nan,0.7021985135858505,nan,-0.00998372772736241,nan
15,12,sqp_full,sqp_full,,10,0,84,33.93808506151372,767.2167952371561,-710.5225940187631,-100.02160648830406,769.218682128197,-711.6919760557399,-99.98195528589585,760.053001449226,-705.2047797083001,-100.19584042798525,nan,nan,nan,11.229132591571739,11.231169378702523,nan,nan,nan,nan,2.3184058041950437,8.92183223763771,nan,1.0223877625787425,nan,nan,nan,-0.5000017645847519,nan,0.5000053843101935,nan,2.142503988261957e-08,nan,-2.72309530565013e-16,nan,-0.5000059936480377,nan,-4.5546006414272036,nan,-0.009969390362415037,nan
15,13,sqp_full,sqp_full,,10,0,85,34.34212546555409,766.8667575149062,-710.3207966576878,-100.02186370840292,769.1537067419389,-711.7706691824874,-100.08518249375535,760.1298953958823,-705.1682725693627,-99.71068120909743,nan,nan,nan,11.181270600706315,11.187540545554675,nan,nan,nan,nan,2.707815928971888,8.481380529814112,nan,0.14515600386873917,nan,nan,nan,-0.4999997120584626,nan,0.5000001270882783,nan,7.266062271220062e-11,nan,-8.42276420000561e-18,nan,-0.45296093839741153,nan,-0.958120327672979,nan,-0.009996975029094019,nan
15,14,sqp_full,sqp_full,,10,0,87,35.150206273634886,766.1666820704063,-709.9172019355369,-100.02237814860062,769.1571579827614,-711.7289605623115,-100.01240935356739,760.2979541042794,-705.0658655807506,-99.70435665815576,nan,nan,nan,11.085230177755161,11.089509662602946,nan,nan,nan,nan,3.4964861652905945,7.614291324061051,nan,0.08394909167467465,nan,nan,nan,-0.4999998003572023,nan,0.4999988010144979,nan,1.252708837688606e-09,nan,2.012396638294884e-18,nan,-0.5000005128868807,nan,-1.0320910474045133,nan,-0.010000758978120004,nan
16,0,sqp_full,sqp_full,,10,1,72,29.08960021302911,771.4172479041554,-712.9441623516685,-100.01851984711776,760.6858194485593,-705.3421589120512,-99.4034588387761,759.703237895769,-705.5779672915432,-99.69936042362073,759.703237895769,-705.5779672915432,-99.69936042362073,1.01048112289267,1.0529149289643471,1.01048112289267,1.0529149289643471,0.0,0.0,13.151198158096884,13.837588667842054,13.837588667842054,1.0287581266844021,0.09867477466342282,-0.019157230883809443,101.52107829814678,-0.4240161775232054,-0.4240161775232054,0.5000000550742327,0.5000000550742327,2.2386461971760154e-11,2.2386461971760154e-11,-7.998971401892225e-19,-7.998971401892225e-19,-1.2012907825882215e-08,-1.2012907825882215e-08,-5.23598775914698,-5.23598775914698,0.03918283975200007,0.03918283975200007
16,1,sqp_full,sqp_full,,10,1,73,29.493640617069484,771.0672101819054,-712.7423649905932,-100.01877706721662,764.154729063145,-708.213109746804,-100.0297164727875,760.1971965876005,-705.0855826639848,-100.09442299980238,760.1971965876005,-705.0855826639848,-100.09442299980238,5.044153937852904,5.0445689492161065,5.044153937852904,5.0445689492161065,0.0,0.0,8.264172570839133,13.295996056611722,13.295996056611722,4.546195248104816,0.8015686182673624,0.026480541524380594,81.36219833835364,3.968347239993694e-07,3.968347239993694e-07,0.03663407660547479,0.03663407660547479,-4.058442021351184e-10,-4.058442021351184e-10,3.1580225343035443e-18,3.1580225343035443e-18,-0.4999998479946532,-0.4999998479946532,2.631362696455016,2.631362696455016,0.4900163056932546,0.4900163056932546
16,2,sqp_full,sqp_full,,10,1,74,29.897681021109815,770.7171724596556,-712.5405676295177,-100.01903428731548,766.0386305933715,-709.5225525100095,-100.51132349448436,760.1896904150442,-705.0980122978629,-99.8685899136012,760.1896904150442,-705.0980122978629,-99.8685899136012,7.333938730215427,7.362048882923064,7.333938730215427,7.362048882923064,0.0,0.0,5.567510148724678,12.892614477457894,12.892614477457894,2.3442846774759722,0.22629940620323447,-0.019402144467748916,101.59491755039471,-4.181023797687892e-07,-4.181023797687892e-07,-1.9362132127296043e-07,-1.9362132127296043e-07,5.435326556183308e-10,5.435326556183308e-10,3.086305530782075e-18,3.086305530782075e-18,-2.2484553760949949e-07,-2.2484553760949949e-07,-2.5632613962764603,-2.5632613962764603,0.23080491439076503,0.23080491439076503
16,3,sqp_full,sqp_full,,10,1,76,30.705761829190614,770.0170970151556,-712.1369729073667,-100.01954872751318,768.1142029389131,-711.1069224894718,-100.79410096360635,760.0584169714297,-705.2055375179115,-100.2431447301097,760.0584169714297,-705.2055375179115,-100.2431447301097,9.986091935109638,10.001279163571557,9.986091935109638,10.001279163571557,0.0,0.0,2.1637952141560355,12.133429225552852,12.133429225552852,2.6264409169904033,0.41120031677355073,0.0005520090669868495,89.79798485082752,-0.499999606615091,-0.499999606615091,0.5000007935237671,0.5000007935237671,-5.582252327933618e-11,-5.582252327933618e-11,-1.6221672157311263e-17,-1.6221672157311263e-17,0.0470390689463432,0.0470390689463432,2.571616692339695,2.571616692339695,0.24849320237613717,0.24849320237613717
16,4,sqp_full,sqp_full,,10,1,77,31.109802233230987,769.6670592929057,-711.9351755462914,-100.01980594761204,768.1787645915987,-710.9450210559705,-100.60537888174538,760.8795260111951,-704.7433282265367,-100.33632637463225,760.8795260111951,-704.7433282265367,-100.33632637463225,9.578093641445745,9.581871792916417,9.578093641445745,9.581871792916417,0.0,0.0,1.7875757417913292,11.355325140559945,11.355325140559945,0.25689746076830955,0.946858121945264,1.6706854870832577,63.04547477008676,-0.5000003055452102,-0.5000003055452102,0.49999944000367463,0.49999944000367463,3.997357523260778e-10,3.997357523260778e-10,1.043220450077199e-17,1.043220450077199e-17,-0.500000117149283,-0.500000117149283,-2.8041715305405503,-2.8041715305405503,-0.010001480309385531,-0.010001480309385531
16,5,sqp_full,sqp_full,,10,1,78,31.513842637271416,769.3170215706557,-711.7333781852159,-100.0200631677109,768.3744396857089,-711.0569872829607,-100.36524242514646,759.5233607316845,-705.9978969357744,-100.81323620293523,759.5233607316845,-705.9978969357744,-100.81323620293523,10.194900381630312,10.20473871376937,10.194900381630312,10.20473871376937,0.0,0.0,1.1601574300427877,11.349517073051683,11.349517073051683,0.3293792589543496,1.9080277502909107,-2.20684250752642,112.39335150251054,1.825857496489374e-07,1.825857496489374e-07,0.36826942451208783,0.36826942451208783,2.9888839099502476e-10,2.9888839099502476e-10,-1.3968159283135358e-18,-1.3968159283135358e-18,-0.5000000989673937,-0.5000000989673937,4.203896713305646,4.203896713305646,-0.01000044151435552,-0.01000044151435552
16,6,sqp_full,sqp_full,,10,1,79,31.91788304131179,768.9669838484058,-711.5315808241405,-100.02032038780976,769.2210296165892,-711.6418380589496,-99.1184237921071,760.809656217923,-704.8003592920109,-99.5124559787993,760.809656217923,-704.8003592920109,-99.5124559787993,10.842372165271806,10.849529737938425,10.842372165271806,10.849529737938425,0.0,0.0,0.27694026460530446,10.575979263673009,10.575979263673009,1.616577138566808,2.1864770014000383,0.7692971936279248,55.334681604045585,-0.4999999077034839,-0.4999999077034839,0.5000004249496263,0.5000004249496263,1.740122397637521e-10,1.740122397637521e-10,-9.248637733841024e-18,-9.248637733841024e-18,-0.5000000578504601,-0.5000000578504601,1.3046976563355657,1.3046976563355657,0.06341275783591319,0.06341275783591319
16,7,sqp_full,sqp_full,,10,1,80,32.32192344535222,768.6169461261559,-711.3297834630649,-100.02057760790862,768.8638409179225,-711.5049048363474,-99.51767595003732,760.7393948266784,-704.8107406056912,-100.38017033762912,760.7393948266784,-704.8107406056912,-100.38017033762912,10.527034674424112,10.562308251757988,10.527034674424112,10.562308251757988,0.0,0.0,0.3026954469128887,10.225152040540767,10.225152040540767,0.5529346792519014,0.8706162434120046,1.2105572747606375,39.75072960792745,-0.5000000811437181,-0.5000000811437181,0.499999884630322,0.499999884630322,1.4166709081594636e-10,1.4166709081594636e-10,2.3985628367243267e-18,2.3985628367243267e-18,-0.500000039355026,-0.500000039355026,-2.5706702262693626,-2.5706702262693626,-0.01000063416395821,-0.01000063416395821
16,8,sqp_full,sqp_full,,10,1,82,33.130004253432915,767.9168706816561,-710.9261887409141,-100.02109204810634,768.7817946346511,-711.5961039337122,-100.60121659328416,760.2413029217688,-705.7360919352088,-101.67394161682275,760.2413029217688,-705.7360919352088,-101.67394161682275,10.357593317002497,10.412995644699976,10.357593317002497,10.412995644699976,0.0,0.0,1.0940200226716188,9.265605500409121,9.265605500409121,1.0904628345462377,1.6667977536710457,1.2842483835025236,32.83991739992987,-0.5000000278544221,-0.5000000278544221,0.4999999849421136,0.4999999849421136,1.2954956018183957e-10,1.2954956018183957e-10,1.6231401541856669e-19,1.6231401541856669e-19,-0.5000000322441154,-0.5000000322441154,-0.4785308036185084,-0.4785308036185084,-0.010000483585482148,-0.010000483585482148
16,9,sqp_full,sqp_full,,10,1,83,33.53404465747329,767.566832959406,-710.7243913798387,-100.0213492682052,769.0248779050246,-711.7580306501648,-99.32115432055913,759.8362760710335,-705.6324646914493,-100.91736461316643,759.8362760710335,-705.6324646914493,-100.91736461316643,11.043231500706666,11.15799485913242,11.043231500706666,11.15799485913242,0.0,0.0,1.7872619294898895,9.256847584588307,9.256847584588307,1.312961979605865,0.8644039090190511,0.49495079316990176,41.25419142781531,-0.49999997197457186,-0.49999997197457186,0.5000001815817359,0.5000001815817359,7.120635450440267e-11,7.120635450440267e-11,-3.940877831525706e-18,-3.940877831525706e-18,-0.5000000198098576,-0.5000000198098576,0.09607910737152565,0.09607910737152565,-0.010000049554448873,-0.010000049554448873
16,10,sqp_full,sqp_full,,10,0,84,33.93808506151372,767.2167952371561,-710.5225940187631,-100.02160648830406,768.8066606173644,-711.2177629927687,-99.75945268919601,760.3829752105411,-705.0089752300216,-99.72915032354564,nan,nan,nan,10.464584144435253,10.464628017723788,nan,nan,nan,nan,1.7352036853362738,8.780722538819271,nan,0.7291182251265661,nan,nan,nan,1.8540568165018886e-07,nan,0.49999986957831705,nan,2.778377986189065e-10,nan,1.1249433453068977e-18,nan,-0.5000000955582918,nan,-3.916247161074436,nan,-0.010000453776954925,nan
16,11,sqp_full,sqp_full,,10,0,85,34.34212546555409,766.8667575149062,-710.3207966576878,-100.02186370840292,768.4987177895894,-711.3334007274358,-100.04824072661962,759.7949119989786,-705.6128350372875,-100.84372683845086,nan,nan,nan,10.41542639818316,10.44576015472723,nan,nan,nan,nan,1.9205888003979799,8.49564015364981,nan,0.4377206888142121,nan,nan,nan,-0.2746918363236516,nan,0.5000000941173575,nan,-4.521991138394847e-11,nan,-1.6655680207950289e-18,nan,-0.2760531328156201,nan,-2.986874566799361,nan,-0.010000052831577469,nan
16,12,sqp_full,sqp_full,,10,0,87,35.150206273634886,766.1666820704063,-709.9172019355369,-100.02237814860062,768.5338805105936,-711.3028525097754,-100.1607495185899,759.7787400590041,-705.4891437219211,-100.31905629347145,nan,nan,nan,10.509600096912946,10.510792321799817,nan,nan,nan,nan,2.742928356540286,7.772612346193959,nan,0.12176961370250487,nan,nan,nan,-0.5000000844153826,nan,0.49999972583909735,nan,2.1900553645714181e-10,nan,5.588601161774451e-18,nan,-0.5000000559567039,nan,-1.773580987856884,nan,-0.010000950401325735,nan
16,13,sqp_full,sqp_full,,10,0,88,35.554246677675316,765.8166443481563,-709.7154045744613,-100.02263536869948,768.412301462924,-711.4587227636907,-99.90999699630977,760.353289389503,-705.7856027723983,-100.90988405459109,nan,nan,nan,9.855555085085165,9.906146585048422,nan,nan,nan,nan,3.1267545740499365,6.72990264474458,nan,0.31930209569886514,nan,nan,nan,-0.4999999896982631,nan,0.5000005025003311,nan,3.961332978153678e-10,nan,-1.2488358792000221e-17,nan,-0.5000001144577844,nan,0.26371561815261396,nan,-0.009998061955366323,nan
16,14,sqp_full,sqp_full,,10,0,89,35.95828708171559,765.4666066259065,-709.513607213386,-100.02289258879834,768.4122746307468,-711.4218214413132,-99.99656915706574,760.4930284325956,-705.0833997515881,-100.986273377768,nan,nan,nan,10.14347326430702,10.191641884808707,nan,nan,nan,nan,3.509735251326528,6.660571912347129,nan,0.09410869955070308,nan,nan,nan,-0.051058757328840444,nan,0.49999956571929216,nan,-1.0807349859569386e-10,nan,1.0043045133533543e-17,nan,-0.49999996471888813,nan,-1.1652511146910582,nan,-0.010001183594457532,nan
17,0,sqp_full,sqp_full,,10,1,74,29.897681021109815,770.7171724596556,-712.5405676295177,-100.01903428731548,765.3234794145919,-707.29276138821,-99.7308091743357,759.6305976264622,-705.9436715100371,-101.0302358415972,759.6305976264622,-705.9436715100371,-101.0302358415972,5.8505509614913205,5.993117403872324,5.8505509614913205,5.993117403872324,0.0,0.0,7.525383379647517,12.900820901912127,12.900820901912127,5.854391468312721,0.3897348081763872,-0.021760925295297575,109.07958494951033,0.15061638700841684,0.15061638700841684,-1.6104747059442862e-06,-1.6104747059442862e-06,2.8495165814210797e-10,2.8495165814210797e-10,1.9405912562922877e-17,1.9405912562922877e-17,-0.5000000900976161,-0.5000000900976161,1.3197407061843156,1.3197407061843156,0.4420307648893146,0.4420307648893146
17,1,sqp_full,sqp_full,,10,1,76,30.705761829190614,770.0170970151556,-712.1369729073667,-100.01954872751318,766.1898274045168,-709.6832403763617,-98.52674355808477,759.7270186925798,-705.7149733870248,-100.90355431077187,759.7270186925798,-705.7149733870248,-100.90355431077187,7.583867044308492,7.947595151983866,7.583867044308492,7.947595151983866,0.0,0.0,4.546294755757961,12.129624467559422,12.129624467559422,2.8133116856613865,0.27865402152643554,-0.039247235752245715,113.34351970252665,-0.4999998759455975,-0.4999998759455975,0.49999935228850767,0.49999935228850767,-3.067161913285607e-11,-3.067161913285607e-11,6.4008476954662544e-18,6.4008476954662544e-18,0.22394687708238084,0.22394687708238084,2.0133195747604593,2.0133195747604593,0.2794263117092341,0.2794263117092341
17,2,sqp_full,sqp_full,,10,1,77,31.109802233230987,769.6670592929057,-711.9351755462914,-100.01980594761204,766.5508157349219,-709.5368769857876,-100.01861053637083,760.6363259093284,-705.0793706012262,-100.4571259698125,760.6363259093284,-705.0793706012262,-100.4571259698125,7.406115923036519,7.419086793590004,7.406115923036519,7.419086793590004,0.0,0.0,3.9322779527889358,11.338262957351008,11.338262957351008,1.5418825823289422,1.1958799184524056,-0.10294154618915172,97.6271178862365,1.9432061835186347e-07,1.9432061835186347e-07,-1.5731020202174454e-06,-1.5731020202174454e-06,-1.6094097195542025e-09,-1.6094097195542025e-09,2.6928006397555405e-17,2.6928006397555405e-17,4.225296060217388e-07,4.225296060217388e-07,-3.821640783349186,-3.821640783349186,-0.01000207149710212,-0.01000207149710212
17,3,sqp_full,sqp_full,,10,1,78,31.513842637271416,769.3170215706557,-711.7333781852159,-100.0200631677109,768.0809950159451,-710.6565397466883,-99.19258622147213,759.9804552473433,-705.5445430182965,-101.10944977750316,759.9804552473433,-705.5445430182965,-101.10944977750316,9.5786875454723,9.76860384017215,9.5786875454723,9.76860384017215,0.0,0.0,1.639311644148367,11.201479876913966,11.201479876913966,2.068189908839181,1.0354120208572983,-0.23883586357150605,118.49382986434266,-0.5000001514527508,-0.5000001514527508,0.49999892202555424,0.49999892202555424,1.5186206663239686e-09,1.5186206663239686e-09,1.0039012353874963e-17,1.0039012353874963e-17,-0.5000003907397076,-0.5000003907397076,-0.2801753570210676,-0.2801753570210676,0.17791044495678404,0.17791044495678404
17,4,sqp_full,sqp_full,,10,1,79,31.91788304131179,768.9669838484058,-711.5315808241405,-100.02032038780976,768.0155701140869,-710.5300341434465,-100.1776147450467,759.8363734229589,-705.6447753665675,-101.00315983888939,759.8363734229589,-705.6447753665675,-101.00315983888939,9.527067325742676,9.562768246235052,9.527067325742676,9.562768246235052,0.0,0.0,1.3814064743802312,10.863817249778766,10.863817249778766,0.9952714592965147,0.2051917318227612,-0.10898023401118818,121.91109772808379,-0.5000003787028334,-0.5000003787028334,0.4999976275503846,0.4999976275503846,9.187086004974209e-10,9.187086004974209e-10,4.1520816914642894e-17,4.1520816914642894e-17,-0.5000002243857574,-0.5000002243857574,-1.3971769301459125,-1.3971769301459125,-0.0100099065427323,-0.0100099065427323
17,5,sqp_full,sqp_full,,10,1,80,32.32192344535222,768.6169461261559,-711.3297834630649,-100.02057760790862,767.8717083445351,-711.2847777825466,-99.7392050530976,759.6553443786092,-706.075234413848,-101.28270620008949,759.6553443786092,-706.075234413848,-101.28270620008949,9.728719285235664,9.850399723954434,9.728719285235664,9.850399723954434,0.0,0.0,0.746595514608744,10.388483604080845,10.388483604080845,0.8846113426220358,0.5442542368635582,0.29183730098066035,61.68349040727698,0.4489423850881314,0.4489423850881314,0.5000033940999482,0.5000033940999482,5.73322932672812e-10,5.73322932672812e-10,-8.858171420494929e-17,-8.858171420494929e-17,-0.5000002155751824,-0.5000002155751824,2.7741924184244415,2.7741924184244415,0.045078405834753546,0.045078405834753546
17,6,sqp_full,sqp_full,,10,1,82,33.130004253432915,767.9168706816561,-710.9261887409141,-100.02109204810634,768.2715418156932,-710.8071910581203,-99.34025046603334,760.4270052934663,-704.9362922230257,-99.86068268620237,760.4270052934663,-704.9362922230257,-99.86068268620237,9.798173624735771,9.811985327967921,9.798173624735771,9.811985327967921,0.0,0.0,0.3741016731177778,9.590461085277088,9.590461085277088,0.739676041619738,1.9785855441706444,2.595044338230128,14.038368886802536,-0.5000003540939789,-0.5000003540939789,0.49999723747474173,0.49999723747474173,-5.498503371703891e-09,-5.498503371703891e-09,8.934062079639226e-17,8.934062079639226e-17,1.5501173408550925e-06,1.5501173408550925e-06,-2.7257725949907954,-2.7257725949907954,-0.010029579635704357,-0.010029579635704357
17,7,sqp_full,sqp_full,,10,1,83,33.53404465747329,767.566832959406,-710.7243913798387,-100.0213492682052,768.0774225616674,-711.1925820536674,-100.2075328245391,759.9351187127662,-705.3438831791788,-100.44329177387061,759.9351187127662,-705.3438831791788,-100.44329177387061,10.02518780334194,10.027959551896183,10.02518780334194,10.027959551896183,0.0,0.0,0.6927512172472354,9.337715504326264,9.337715504326264,0.968703873021871,0.8645901600436026,0.8076123899398883,25.194912515696988,-0.2621226564770666,-0.2621226564770666,0.21587899129083363,0.21587899129083363,2.1069766542892055e-09,2.1069766542892055e-09,-1.5884276496173446e-17,-1.5884276496173446e-17,-5.446821743410478e-07,-5.446821743410478e-07,-2.579635631863361,-2.579635631863361,-0.010014746236597538,-0.010014746236597538
17,8,sqp_full,sqp_full,,10,1,84,33.93808506151372,767.2167952371561,-710.5225940187631,-100.02160648830406,767.9892098864335,-711.0792419811143,-100.51352806788074,759.7795308218003,-705.556310503482,-100.52770962222266,759.7795308218003,-705.556310503482,-100.52770962222266,9.894523861757902,9.894534024772467,9.894523861757902,9.894534024772467,0.0,0.0,0.9520931385152914,8.942979030394199,8.942979030394199,0.33802446223013155,0.27651280810520096,0.1354777090470726,80.4670137484626,-0.12098037036747822,-0.12098037036747822,0.4999993740879871,0.4999993740879871,-6.510849374699943e-10,-6.510849374699943e-10,1.501854633772815e-17,1.501854633772815e-17,-0.49999981600463944,-0.49999981600463944,-2.982591268597075,-2.982591268597075,-0.010011371900102163,-0.010011371900102163
17,9,sqp_full,sqp_full,,10,1,85,34.34212546555409,766.8667575149062,-710.3207966576878,-100.02186370840292,767.6947953420014,-710.7922406324993,-100.08645006085014,759.7426633597904,-705.6340775285097,-100.74385699764092,759.7426633597904,-705.6340775285097,-100.74385699764092,9.478557362270985,9.501327988781469,9.478557362270985,9.501327988781469,0.0,0.0,0.9528410489093336,8.527488125278017,8.527488125278017,0.592828240023366,0.23265125797407227,-0.2952855189726174,138.8012411012628,-0.4484509142545328,-0.4484509142545328,0.49999894754276514,0.49999894754276514,-1.2305662318318787e-09,-1.2305662318318787e-09,2.911980002895308e-17,2.911980002895308e-17,-0.4999996428424131,-0.4999996428424131,-5.148362440734582,-5.148362440734582,-0.010009228575673835,-0.010009228575673835
17,10,sqp_full,sqp_full,,10,0,87,35.150206273634886,766.1666820704063,-709.9172019355369,-100.02237814860062,767.6149213151414,-710.8828746476352,-99.94715697072225,759.9274398253114,-705.3929383718882,-100.6265683861699,nan,nan,nan,9.446521686220933,9.470922438690065,nan,nan,nan,nan,1.740666739178462,7.706951705203339,nan,0.18438261800893213,nan,nan,nan,-0.49999965956920045,nan,0.5000011255429586,nan,-8.132093454692599e-11,nan,-2.90298083199214e-17,nan,-0.4999999920573729,nan,-1.9554322428220416,nan,-0.009998790537772195,nan
17,11,sqp_full,sqp_full,,10,0,88,35.554246677675316,765.8166443481563,-709.7154045744613,-100.02263536869948,767.6775308481814,-710.8483603777662,-99.99067543533243,759.3671223243948,-706.052845592564,-100.1824117204349,nan,nan,nan,9.594782534654739,9.596698113952554,nan,nan,nan,nan,2.1786434812097077,7.4169180008181765,nan,0.08369614814368634,nan,nan,nan,-0.49999991301973734,nan,0.4999999250168141,nan,-2.2964180209457685e-10,nan,1.8483322286977546e-18,nan,1.0507366102553212e-07,nan,-1.049929019444828,nan,-0.010003482730115573,nan
17,12,sqp_full,sqp_full,,10,0,89,35.95828708171559,765.4666066259065,-709.513607213386,-100.02289258879834,767.7912604536784,-711.1254742655159,-100.3230888576538,759.9464670908606,-705.2932724591665,-100.03355467583403,nan,nan,nan,9.775242238190092,9.779529173622713,nan,nan,nan,nan,2.828803777697661,6.948608920068081,nan,0.4474653207675858,nan,nan,nan,-0.4999986510564581,nan,0.5000047740907195,nan,-1.3942882236189022e-09,nan,-1.150918345954707e-16,nan,3.767937730508478e-07,nan,-0.09123671700623578,nan,-0.009980205484328366,nan
17,13,sqp_full,sqp_full,,10,0,90,36.36232748575602,765.1165689036566,-709.3118098523105,-100.0231498088972,767.5427630643288,-710.8518040971078,-99.83390249397424,761.4388275665228,-704.7439261932902,-99.79986928386398,nan,nan,nan,8.635056516857272,8.635123583870103,nan,nan,nan,nan,2.8736736730688524,5.864413224288225,nan,0.6131473004100324,nan,nan,nan,0.10038538166972241,nan,0.5000009023358379,nan,-1.8161192677309677e-09,nan,-1.131922015015968e-17,nan,-0.4999994741749594,nan,-3.5280255823278046,nan,-0.009998192593281281,nan
17,14,sqp_full,sqp_full,,10,0,92,37.170408293836815,764.4164934591566,-708.9082151301595,-100.02366424909492,767.4290474409921,-710.9552526456398,-100.01616222082848,760.5758513362495,-705.2363278264183,-99.98491276417936,nan,nan,nan,8.925939610929868,8.925994312484615,nan,nan,nan,nan,3.642230646630772,5.313500568140059,nan,0.23843542777276708,nan,nan,nan,0.2429888466542972,nan,0.5000007957468748,nan,-1.651970270913031e-10,nan,-1.7263242356382218e-17,nan,-0.4999999605679841,nan,-0.6776392134918275,nan,-0.009997463645308671,nan
18,0,sqp_full,sqp_full,,10,1,77,31.109802233230987,769.6670592929057,-711.9351755462914,-100.01980594761204,761.7666506417193,-707.3936895468703,-100.7632531947706,761.2476442830565,-704.9258523824695,-101.35719351602987,761.2476442830565,-704.9258523824695,-101.35719351602987,2.5218223312378982,2.590820907656049,2.5218223312378982,2.590820907656049,0.0,0.0,9.112713752701737,10.955234380101777,10.955234380101777,2.682002085202691,1.7727752597742692,0.2518730871826155,67.60097847093861,3.4203967191951656e-07,3.4203967191951656e-07,2.8279077361061714e-10,2.8279077361061714e-10,-1.1174009395874335e-12,-1.1174009395874335e-12,2.0574521190533038e-20,2.0574521190533038e-20,8.485094899022721e-09,8.485094899022721e-09,-0.840296072915195,-0.840296072915195,0.24760172236265704,0.24760172236265704
18,1,sqp_full,sqp_full,,10,1,78,31.513842637271416,769.3170215706557,-711.7333781852159,-100.0200631677109,764.8991642466724,-709.1874958020668,-100.88053294660577,759.8666695586804,-705.4863514615085,-100.7348717541469,759.8666695586804,-705.4863514615085,-100.7348717541469,6.246957036374859,6.248655007063673,6.246957036374859,6.248655007063673,0.0,0.0,5.098919536911964,11.328481629810748,11.328481629810748,3.6116667767928026,1.6150959049796867,-0.2601537475640507,125.57401072425337,-0.4999999986920406,-0.4999999986920406,-7.522821542087572e-08,-7.522821542087572e-08,-8.231801653327123e-15,-8.231801653327123e-15,2.5570351013543335e-20,2.5570351013543335e-20,-0.49999994748131404,-0.49999994748131404,4.1860587365686035,4.1860587365686035,0.23169856238109687,0.23169856238109687
18,2,sqp_full,sqp_full,,10,1,79,31.91788304131179,768.9669838484058,-711.5315808241405,-100.02032038780976,766.8944972018597,-710.1340421627535,-99.99764804468542,760.9328264692977,-704.8318501563915,-100.27450594620767,760.9328264692977,-704.8318501563915,-100.27450594620767,7.978393196365913,7.983195368613572,7.978393196365913,7.983195368613572,0.0,0.0,2.4996630193253506,10.461074314459992,10.461074314459992,2.378400589687364,1.3330413322835066,0.33840259702039355,52.85926183754596,-0.08224602023987987,-0.08224602023987987,0.3336536593154996,0.3336536593154996,7.032184425055997e-13,7.032184425055997e-13,3.0080168751337776e-20,3.0080168751337776e-20,0.33220596453250073,0.33220596453250073,0.2872226589634298,0.2872226589634298,0.22248507497825948,0.22248507497825948
18,3,sqp_full,sqp_full,,10,1,80,32.32192344535222,768.6169461261559,-711.3297834630649,-100.02057760790862,767.8520903444969,-710.5530182758371,-99.8079459704518,760.1128812261264,-705.1818314565074,-100.33185896975061,760.1128812261264,-705.1818314565074,-100.33185896975061,9.420456763130336,9.435014067654715,9.420456763130336,9.435014067654715,0.0,0.0,1.0901231686494721,10.493637772424137,10.493637772424137,1.0623146836642618,0.8933568612483267,-0.5754656083656993,133.18070985569122,-0.39961461121562075,-0.39961461121562075,5.968383142111084e-08,5.968383142111084e-08,-6.846675554732353e-13,-6.846675554732353e-13,-1.3314114892612148e-18,-1.3314114892612148e-18,-0.04474541187190719,-0.04474541187190719,1.321046461518104,1.321046461518104,-0.009999582016358833,-0.009999582016358833
18,4,sqp_full,sqp_full,,10,1,82,33.130004253432915,767.9168706816561,-710.9261887409141,-100.02109204810634,767.3209581389804,-710.7559577690754,-100.22516123416095,760.1672832542359,-705.3093702102104,-100.97218430355794,760.1672832542359,-705.3093702102104,-100.97218430355794,8.991127871018472,9.02210750652066,8.991127871018472,9.02210750652066,0.0,0.0,0.619750225729126,9.57103733678238,9.57103733678238,0.7052336023790542,0.6551658167777118,0.5310930512674835,55.132595777233064,-0.2570111494129465,-0.2570111494129465,0.49999998047868355,0.49999998047868355,3.065596440247671e-11,3.065596440247671e-11,3.4311990973244985e-19,3.4311990973244985e-19,3.0798324050691666e-08,3.0798324050691666e-08,-4.398375436558744,-4.398375436558744,-0.009999518882969852,-0.009999518882969852
18,5,sqp_full,sqp_full,,10,1,83,33.53404465747329,767.566832959406,-710.7243913798387,-100.0213492682052,767.3952307472609,-710.640468449231,-99.98837308551184,760.1348826169427,-705.2714988791239,-100.49159199247329,760.1348826169427,-705.2714988791239,-100.49159199247329,9.02986651164628,9.043877403330631,9.02986651164628,9.043877403330631,0.0,0.0,0.1910245468386162,9.217804647376337,9.217804647376337,0.2737203512338568,0.4831697512147871,1.5451340662618673,28.915537540671586,-0.25701115880052267,-0.25701115880052267,0.29146251482478847,0.29146251482478847,6.72602340385914e-14,6.72602340385914e-14,2.210782048203214e-19,2.210782048203214e-19,-0.48387556188452546,-0.48387556188452546,0.712775981678752,0.712775981678752,-0.009999833714638143,-0.009999833714638143
18,6,sqp_full,sqp_full,,10,1,84,33.93808506151372,767.2167952371561,-710.5225940187631,-100.02160648830406,767.086639115522,-710.3590802910948,-100.0777135922963,760.8096601807749,-704.8223578779503,-100.67132210126812,760.8096601807749,-704.8223578779503,-100.67132210126812,8.369931877110808,8.390955290632848,8.369931877110808,8.390955290632848,0.0,0.0,0.20899128004504464,8.575784027815736,8.575784027815736,0.42707120819731353,0.8302742387873684,-0.3607140603818249,100.69272305003607,0.3793201542440727,0.3793201542440727,0.5000000244767574,0.5000000244767574,7.395823110736577e-12,7.395823110736577e-12,-3.6824731891240427e-19,-3.6824731891240427e-19,-0.38249146617775404,-0.38249146617775404,-4.125567453786337,-4.125567453786337,-0.009998983782515113,-0.009998983782515113
18,7,sqp_full,sqp_full,,10,1,85,34.34212546555409,766.8667575149062,-710.3207966576878,-100.02186370840292,767.2966279600892,-710.6837538792215,-99.89325139459673,784.2166699999344,-717.0424126821288,-97.58165605213489,784.2166699999344,-717.0424126821288,-97.58165605213489,18.07540772436191,18.22261884113295,18.07540772436191,18.22261884113295,0.0,0.0,0.5626069181100698,18.60643934819775,18.60643934819775,0.42840933235626677,26.585031209056822,51.50347040959735,33.90515874972246,-0.25701113885839166,-0.25701113885839166,0.5000000189673013,0.5000000189673013,-9.337940597751541e-11,-9.337940597751541e-11,1.2440834606947373e-19,1.2440834606947373e-19,-0.4999999645436956,-0.4999999645436956,-0.12922802584151452,-0.12922802584151452,-0.0099991277750037,-0.0099991277750037
18,8,sqp_full,sqp_full,,10,1,87,35.150206273634886,766.1666820704063,-709.9172019355369,-100.02237814860062,766.6442619701237,-710.1086568683919,-100.33360226381275,759.7343557923762,-705.790479275783,-101.01052290920511,759.7343557923762,-705.790479275783,-101.01052290920511,8.14821827803989,8.176287829250006,8.14821827803989,8.176287829250006,0.0,0.0,0.514526531802403,7.642294240446604,7.642294240446604,0.9747957964353986,27.16149558220177,25.20691458678863,25.224075233107033,0.4999999548771291,0.4999999548771291,0.4356084828186597,0.4356084828186597,2.398641176702352e-10,2.398641176702352e-10,-8.318629914893021e-19,-8.318629914893021e-19,-5.77828692636278e-08,-5.77828692636278e-08,-3.302009891490438,-3.302009891490438,-0.009999867652470625,-0.009999867652470625
18,9,sqp_full,sqp_full,,10,1,88,35.554246677675316,765.8166443481563,-709.7154045744613,-100.02263536869948,766.4915996201765,-710.4137679094471,-99.95035817858368,759.873902284753,-705.4388987414954,-100.61798435599506,759.873902284753,-705.4388987414954,-100.61798435599506,8.279084566635895,8.305959666063494,8.279084566635895,8.305959666063494,0.0,0.0,0.9712239529996627,7.321522066588029,7.321522066588029,0.5131028837652947,0.5451317376385285,0.08304440688503041,85.51689155922834,-0.25701116031241394,-0.25701116031241394,0.5000000093296616,0.5000000093296616,1.3377095853771519e-11,1.3377095853771519e-11,4.748630540473822e-21,4.748630540473822e-21,-0.5000000040899076,-0.5000000040899076,-0.5213301120613906,-0.5213301120613906,-0.009999208798312446,-0.009999208798312446
18,10,sqp_full,sqp_full,,10,0,89,35.95828708171559,765.4666066259065,-709.513607213386,-100.02289258879834,766.9537237423251,-709.995478527039,-99.73157722406367,760.1903710431648,-705.4679427046788,-99.25710722034897,nan,nan,nan,8.138889380990175,8.15270765699468,nan,nan,nan,nan,1.5632393549507528,6.64876403864682,nan,0.6605980758127805,nan,nan,nan,-0.2570111595821389,nan,0.5000000172961298,nan,-1.6635160344634897e-11,nan,-1.1227642824739722e-20,nan,-0.49999999482484053,nan,-1.5209157069383545,nan,-0.009999215128235458,nan
18,11,sqp_full,sqp_full,,10,0,90,36.36232748575602,765.1165689036566,-709.3118098523105,-100.0231498088972,766.5425202794544,-710.2674380096602,-100.0451605503709,760.8500788059837,-704.7976217340006,-100.62091291189793,nan,nan,nan,7.894477817966148,7.915445079094639,nan,nan,nan,nan,1.7165554174739979,6.211347045611801,nan,0.5842813967621543,nan,nan,nan,-0.16117578376291197,nan,0.5000000388714384,nan,1.6059687293148564e-11,nan,-7.596658859762276e-19,nan,3.3986332549761914e-08,nan,-1.6844358976916278,nan,-0.009998991288312538,nan
18,12,sqp_full,sqp_full,,10,0,92,37.170408293836815,764.4164934591566,-708.9082151301595,-100.02366424909492,766.3026334351396,-710.389644440479,-100.05991297773232,760.0886192248257,-705.1879965904029,-100.30727670385549,nan,nan,nan,8.103771527022673,8.107545977371014,nan,nan,nan,nan,2.3983654455637766,5.707058907329991,nan,0.26962519155634673,nan,nan,nan,0.16195915846104292,nan,0.5000000611435051,nan,7.438778319220932e-11,nan,-1.7075700165366696e-18,nan,1.493906752351786e-08,nan,-1.6140555069467595,nan,-0.009998759003502711,nan
18,13,sqp_full,sqp_full,,10,0,93,37.57444869787719,764.0664557369067,-708.7064177690842,-100.02392146919378,766.5704885671964,-710.1288194027604,-99.93295438294695,759.5353260143912,-705.9046691674847,-100.53310336103596,nan,nan,nan,8.205909904122302,8.227826939749875,nan,nan,nan,nan,2.8798275682154717,5.327375694357155,nan,0.3948348475754592,nan,nan,nan,0.16415495096167906,nan,0.500000070026948,nan,3.766688674269079e-10,nan,-3.705177340213494e-18,nan,-8.314875837685344e-08,nan,-1.533154493362477,nan,-0.009998820746527847,nan
18,14,sqp_full,sqp_full,,10,0,94,37.97848910191762,763.7164180146567,-708.5046204080087,-100.02417868929264,766.5787331466092,-710.8615255630375,-100.44271183960102,761.6665312379813,-704.6833586380718,-100.89767910588529,nan,nan,nan,7.8930015927952,7.906103297912175,nan,nan,nan,nan,3.70780930259448,4.336366833141445,nan,0.8926247559933193,nan,nan,nan,0.49999989243601484,nan,-2.9859210546478534e-07,nan,3.0803818274463683e-10,nan,7.261924460623055e-18,nan,-5.6294067740263146e-08,nan,-1.4135708231823745,nan,-0.010001483072926273,nan
19,0,sqp_full,sqp_full,,10,1,79,31.91788304131179,768.9669838484058,-711.5315808241405,-100.02032038780976,762.7351367328498,-707.9677960083652,-99.9107590332389,759.9790703535313,-705.5357052097156,-101.05539160709525,759.9790703535313,-705.5357052097156,-101.05539160709525,3.6757268043321174,3.849824836173536,3.6757268043321174,3.849824836173536,0.0,0.0,7.178891326995698,10.80430994441576,10.80430994441576,3.8835745918554143,0.46017053175410444,0.015672739267914695,82.39927664584594,-0.49999982868340537,-0.49999982868340537,9.526859248625551e-07,9.526859248625551e-07,-1.0516807395662892e-09,-1.0516807395662892e-09,-1.6546353187577238e-17,-1.6546353187577238e-17,3.1068345141177294e-07,3.1068345141177294e-07,-0.29641743721615,-0.29641743721615,0.32734187170472834,0.32734187170472834
19,1,sqp_full,sqp_full,,10,1,80,32.32192344535222,768.6169461261559,-711.3297834630649,-100.02057760790862,763.6171863950862,-708.4153887874327,-101.24538253049643,761.1876640160037,-704.8356104318565,-101.09474596891424,761.1876640160037,-704.8356104318565,-101.09474596891424,4.3263601405239465,4.328981801671114,4.3263601405239465,4.328981801671114,0.0,0.0,5.787166292217616,9.867548633348719,9.867548633348719,1.6611955881101341,1.3972759586954395,0.2917865074526175,69.702202918735,-0.350539886770247,-0.350539886770247,4.1241749462551657e-07,4.1241749462551657e-07,-7.652010493215999e-10,-7.652010493215999e-10,-4.8748128171151295e-18,-4.8748128171151295e-18,0.5000001319015249,0.5000001319015249,-1.3535698560567915,-1.3535698560567915,0.04616614801185399,0.04616614801185399
19,2,sqp_full,sqp_full,,10,1,82,33.130004253432915,767.9168706816561,-710.9261887409141,-100.02109204810634,764.0176141349953,-708.953425906295,-100.42405105674474,760.6704995011045,-704.8169168957821,-100.15506263478727,760.6704995011045,-704.8169168957821,-100.15506263478727,5.321079135519522,5.327873678833645,5.321079135519522,5.327873678833645,0.0,0.0,4.369896431076031,9.478032378297264,9.478032378297264,1.0603828110345535,1.0727596898643819,0.4932772049565287,60.817956668862806,-0.33804082229668503,-0.33804082229668503,0.30213035475328465,0.30213035475328465,-6.009624771162435e-10,-6.009624771162435e-10,1.2561679912508625e-18,1.2561679912508625e-18,0.5000001003771347,0.5000001003771347,-1.5219077253353424,-1.5219077253353424,0.03012734941334314,0.03012734941334314
19,3,sqp_full,sqp_full,,10,1,83,33.53404465747329,767.566832959406,-710.7243913798387,-100.0213492682052,766.3535621310201,-709.0344613770336,-100.40466248426858,780.342609091843,-714.1924977660144,-99.86165533404379,780.342609091843,-714.1924977660144,-99.86165533404379,14.909687262386035,14.919572079230411,14.909687262386035,14.919572079230411,0.0,0.0,2.0803580262524513,13.238134977857587,13.238134977857587,2.337433572188337,21.794024416073846,8.550864826342226,23.495721647035662,-0.08280419560119871,-0.08280419560119871,0.4999998722006712,0.4999998722006712,-5.699068429117399e-10,-5.699068429117399e-10,8.36272255667572e-18,8.36272255667572e-18,0.5000000495077682,0.5000000495077682,-1.8243686645392085,-1.8243686645392085,0.09456201244870044,0.09456201244870044
19,4,sqp_full,sqp_full,,10,1,84,33.93808506151372,767.2167952371561,-710.5225940187631,-100.02160648830406,766.0508254221928,-709.7868438951363,-99.38193104840636,759.8143240815259,-705.4494330144795,-100.33868536586817,759.8143240815259,-705.4494330144795,-100.33868536586817,7.5965177627502145,7.656530607511559,7.5965177627502145,7.656530607511559,0.0,0.0,1.3787000594119814,8.974048238410669,8.974048238410669,1.3052618734640342,22.317688598186,-0.49969652206191967,91.67470855720804,-2.1575129675710065e-07,-2.1575129675710065e-07,-0.5000002895818525,-0.5000002895818525,-7.304361970741722e-10,-7.304361970741722e-10,1.3828621653135576e-17,1.3828621653135576e-17,0.025532017000056747,0.025532017000056747,-1.1730348889675244,-1.1730348889675244,-0.010001409754119785,-0.010001409754119785
19,5,sqp_full,sqp_full,,10,1,85,34.34212546555409,766.8667575149062,-710.3207966576878,-100.02186370840292,765.5169840792985,-709.4713443592976,-100.156960306982,760.4113420253688,-704.9401459561153,-100.06877935314732,760.4113420253688,-704.9401459561153,-100.06877935314732,6.826370906408271,6.826940429832128,6.826370906408271,6.826940429832128,0.0,0.0,1.5948221012741841,8.403796232351896,8.403796232351896,0.9925708479226895,0.8298511847255476,-0.3727357360676958,116.47599690832195,0.1486118578917616,0.1486118578917616,0.2742349582056234,0.2742349582056234,-4.897342913817294e-10,-4.897342913817294e-10,1.351799546543253e-17,1.351799546543253e-17,0.5000000529083004,0.5000000529083004,-1.4228256183662549,-1.4228256183662549,-0.010001683575944744,-0.010001683575944744
19,6,sqp_full,sqp_full,,10,1,87,35.150206273634886,766.1666820704063,-709.9172019355369,-100.02237814860062,766.2789753932813,-709.8095091423376,-100.64209758732329,760.3607800214407,-704.9833599342585,-99.81165009748678,760.3607800214407,-704.9833599342585,-99.81165009748678,7.636540619804019,7.68156205932703,7.636540619804019,7.68156205932703,0.0,0.0,0.1555876861110187,7.619140075872142,7.619140075872142,0.9645436039135962,0.26559257946097725,-0.15978744627388194,125.47127110046348,-2.901833614115034e-07,-2.901833614115034e-07,-0.500000326811297,-0.500000326811297,-6.190553760303802e-10,-6.190553760303802e-10,1.5947935882934526e-17,1.5947935882934526e-17,0.5000000738266183,0.5000000738266183,-1.3162447684556537,-1.3162447684556537,-0.010002253483510202,-0.010002253483510202
19,7,sqp_full,sqp_full,,10,1,88,35.554246677675316,765.8166443481563,-709.7154045744613,-100.02263536869948,766.702761900819,-710.7159716937107,-99.90742373332873,759.8306674578184,-705.5729453074675,-100.80816905826987,759.8306674578184,-705.5729453074675,-100.80816905826987,8.583495933657447,8.630628284401853,8.583495933657447,8.630628284401853,0.0,0.0,1.3365398898873082,7.279552741093525,7.279552741093525,1.2413762655844034,1.2734521120216138,-0.27406216474726186,105.49528393771865,-2.202222039178144e-07,-2.202222039178144e-07,-0.5000001840232619,-0.5000001840232619,-5.611027034477495e-10,-5.611027034477495e-10,7.56295517764954e-18,7.56295517764954e-18,-0.14074284893477293,-0.14074284893477293,-1.2228790720959293,-1.2228790720959293,-0.010000782456752596,-0.010000782456752596
19,8,sqp_full,sqp_full,,10,1,89,35.95828708171559,765.4666066259065,-709.513607213386,-100.02289258879834,766.5520029618438,-709.9658771404075,-100.13202485778224,760.9967829556199,-704.7042803104066,-99.65665964756013,760.9967829556199,-704.7042803104066,-99.65665964756013,7.651461985727115,7.666214359259507,7.651461985727115,7.666214359259507,0.0,0.0,1.1758542821941225,6.5657405449176744,6.5657405449176744,0.7973805626435428,1.8548256398606988,0.34152698374555673,81.55726824727294,0.49944731726218156,0.49944731726218156,0.47054255906322623,0.47054255906322623,1.026835938018751e-10,1.026835938018751e-10,2.317944548253946e-18,2.317944548253946e-18,-0.021349478785177293,-0.021349478785177293,-1.4682205830937058,-1.4682205830937058,-0.009999494079255652,-0.009999494079255652
19,9,sqp_full,sqp_full,,10,1,90,36.36232748575602,765.1165689036566,-709.3118098523105,-100.0231498088972,766.4312275515672,-711.0372402926129,-99.57883499241538,759.8361116526298,-705.5272056086677,-100.78403484942324,759.8361116526298,-705.5272056086677,-100.78403484942324,8.593953452206678,8.678049471743453,8.593953452206678,8.678049471743453,0.0,0.0,2.169202057174119,6.496649756676058,6.496649756676058,1.2117857610878398,1.8153067966265526,0.2711612314255257,79.57138462282327,0.4384871541232623,0.4384871541232623,-0.29678263686611234,-0.29678263686611234,-1.6854970516377693e-10,-1.6854970516377693e-10,1.1729846177153643e-18,1.1729846177153643e-18,-0.03932238993679115,-0.03932238993679115,-1.377754728112259,-1.377754728112259,-0.009998823177643551,-0.009998823177643551
19,10,sqp_full,sqp_full,,10,0,92,37.170408293836815,764.4164934591566,-708.9082151301595,-100.02366424909492,766.4191777259888,-709.7523068066175,-100.2622478613431,760.2102109606384,-705.3756229824965,-99.36186809804349,nan,nan,nan,7.5964879773187945,7.649660992992334,nan,nan,nan,nan,2.173300492541833,5.4929063107859655,nan,1.4554217296524836,nan,nan,nan,0.4999997290808241,nan,0.4999997545529657,nan,1.0860897025467219e-10,nan,1.1811659279121984e-17,nan,0.4999999580309337,nan,-1.7176192141993407,nan,-0.010001407642069374,nan
19,11,sqp_full,sqp_full,,10,0,93,37.57444869787719,764.0664557369067,-708.7064177690842,-100.02392146919378,765.8720180028869,-709.9479774190262,-100.0463133363129,760.5507142510783,-704.9037435242557,-100.42630089126837,nan,nan,nan,7.332159927617775,7.341999710302701,nan,nan,nan,nan,2.1912383395458175,5.1788772535615495,nan,0.619918115758343,nan,nan,nan,0.49999962342233967,nan,0.19654019643031634,nan,4.903999980606632e-10,nan,1.4228875574438405e-17,nan,0.4414323435995065,nan,-1.526503969066279,nan,-0.010002475142648829,nan
19,12,sqp_full,sqp_full,,10,0,94,37.97848910191762,763.7164180146567,-708.5046204080087,-100.02417868929264,765.9189061127717,-709.8516335229725,-100.04277590621997,760.6389092039785,-705.6664389619235,-99.82684067689611,nan,nan,nan,6.737523348434528,6.740982783983622,nan,nan,nan,nan,2.5817432394068085,4.18644651234246,nan,0.1072061312007215,nan,nan,nan,0.4999996755380211,nan,0.07108146410295282,nan,6.084625301464463e-10,nan,1.0890269331540641e-17,nan,0.40398691771698386,nan,-1.5001772152192236,nan,-0.010001850527446992,nan
19,13,sqp_full,sqp_full,,10,0,95,38.38252950595799,763.3663802924068,-708.3028230469332,-100.02443590939149,765.4134683945625,-709.836789294099,-100.31539858623691,760.3761857627206,-705.334301748016,-101.3353733661848,nan,nan,nan,6.756227528413328,6.832785593549662,nan,nan,nan,nan,2.558050457952597,4.213476240290321,nan,0.5744656332444925,nan,nan,nan,0.49999978333445005,nan,0.320465697847966,nan,1.9581204644553028e-10,nan,8.592430462705405e-18,nan,0.12795433396103892,nan,-1.5088585259592253,nan,-0.009999835405974964,nan
19,14,sqp_full,sqp_full,,10,0,97,39.19061031403869,762.666304847907,-707.8992283247824,-100.0249503495892,765.1049176734493,-709.6970415390057,-99.95403698234465,760.0803822527018,-705.2710548961081,-100.68412226451576,nan,nan,nan,6.695917708384327,6.735602309867895,nan,nan,nan,nan,3.029680654150826,3.6870436991690494,nan,0.495293035808768,nan,nan,nan,0.4999998782969421,nan,0.13292381086374744,nan,4.777628788252098e-11,nan,4.601860498950345e-18,nan,-0.04562062490479927,nan,-1.4541542525368283,nan,-0.01000041180482727,nan
20,0,sqp_full,sqp_full,,10,1,82,33.130004253432915,767.9168706816561,-710.9261887409141,-100.02109204810634,763.4094611470484,-708.134475922292,-100.02901580023848,759.9688240090126,-705.2973807959002,-100.35193737303969,759.9688240090126,-705.2973807959002,-100.35193737303969,4.4594946655230085,4.4711711009542645,4.4594946655230085,4.4711711009542645,0.0,0.0,5.3019242897583805,9.739349300254625,9.739349300254625,4.487397782925013,0.5070899754454543,0.00999437133647794,84.9259413846541,-4.651488766831419e-07,-4.651488766831419e-07,-1.0297437683602724e-06,-1.0297437683602724e-06,5.7256593685635575e-11,5.7256593685635575e-11,2.0089570480308394e-17,2.0089570480308394e-17,0.49999999440023163,0.49999999440023163,3.5183686459318553,3.5183686459318553,0.3225383075209402,0.3225383075209402
20,1,sqp_full,sqp_full,,10,1,83,33.53404465747329,767.566832959406,-710.7243913798387,-100.0213492682052,764.3760708984705,-708.6139256540109,-101.14767697224227,759.6513077525411,-705.6478063235372,-100.3321507613238,759.6513077525411,-705.6478063235372,-100.3321507613238,5.578642367793685,5.637937004653186,5.578642367793685,5.637937004653186,0.0,0.0,3.825575526558013,9.403576720289935,9.403576720289935,1.5542230452989532,0.47329286234477164,-0.06666533386704311,102.64554836864235,-5.704200195987966e-07,-5.704200195987966e-07,-0.30346054302551834,-0.30346054302551834,4.764136239954063e-11,4.764136239954063e-11,1.8982320280049508e-17,1.8982320280049508e-17,0.49999999653981586,0.49999999653981586,-5.0996237609722215,-5.0996237609722215,0.09926615532255034,0.09926615532255034
20,2,sqp_full,sqp_full,,10,1,84,33.93808506151372,767.2167952371561,-710.5225940187631,-100.02160648830406,765.8090843576301,-709.4016644966601,-100.64434338415568,759.8564625598831,-705.5250697007332,-100.75947509117623,759.8564625598831,-705.5250697007332,-100.75947509117623,7.103639453042581,7.104572386061287,7.103639453042581,7.104572386061287,0.0,0.0,1.7994812902216375,8.896614323968167,8.896614323968167,1.7109660310033492,0.4896517705846405,-0.006074149203707622,91.21617132261818,2.165788305350473e-08,2.165788305350473e-08,-0.4289173437084278,-0.4289173437084278,-3.462211998310219e-10,-3.462211998310219e-10,-2.951007551522226e-17,-2.951007551522226e-17,0.5000000901120938,0.5000000901120938,0.3555054593621873,0.3555054593621873,-0.009994877216251403,-0.009994877216251403
20,3,sqp_full,sqp_full,,10,1,85,34.34212546555409,766.8667575149062,-710.3207966576878,-100.02186370840292,764.273737376661,-709.0921487933567,-101.45360568686304,760.2794649235876,-705.0377651588219,-100.24047082378507,760.2794649235876,-705.0377651588219,-100.24047082378507,5.691418020613458,5.8192727450583375,5.691418020613458,5.8192727450583375,0.0,0.0,2.869377809189779,8.444101225213313,8.444101225213313,1.7629508776894667,0.82810756900131,-0.29557233746311506,128.99417171853247,0.2226706658954577,0.2226706658954577,0.4999999506439454,0.4999999506439454,3.2267945773354496e-10,3.2267945773354496e-10,1.5206197061892979e-18,1.5206197061892979e-18,0.4999999013154472,0.4999999013154472,-5.235987741250554,-5.235987741250554,-0.00999823560272822,-0.00999823560272822
20,4,sqp_full,sqp_full,,10,1,87,35.150206273634886,766.1666820704063,-709.9172019355369,-100.02237814860062,764.3740558472655,-709.0951298623331,-100.56637680124281,759.9635799085053,-705.3707050332102,-100.6654814173437,759.9635799085053,-705.3707050332102,-100.6654814173437,5.772663017548327,5.773513664927335,5.772663017548327,5.773513664927335,0.0,0.0,1.9721336844731232,7.690845890657735,7.690845890657735,0.892887326483918,0.6255128354785099,-0.5114824669649385,136.8960235229383,0.4999999517020161,0.4999999517020161,-0.3670762501538845,-0.3670762501538845,2.056930361550363e-10,2.056930361550363e-10,2.465083665257522e-18,2.465083665257522e-18,0.454379312251345,0.454379312251345,-3.1284607796536563,-3.1284607796536563,-0.00999667448671964,-0.00999667448671964
20,5,sqp_full,sqp_full,,10,1,88,35.554246677675316,765.8166443481563,-709.7154045744613,-100.02263536869948,765.413850669406,-709.3560715326671,-100.0933747544205,760.3829746376513,-705.0926538763123,-99.99484688840128,760.3829746376513,-705.0926538763123,-99.99484688840128,6.594425203109209,6.595161218634782,6.594425203109209,6.595161218634782,0.0,0.0,0.539780494799869,7.134044472814723,7.134044472814723,1.1717485923886857,0.8384241504736958,0.49580730917908317,46.13823902062801,0.12778174330480466,0.12778174330480466,-0.36707612786785193,-0.36707612786785193,6.289365108777208e-11,6.289365108777208e-11,-7.158429787333911e-19,-7.158429787333911e-19,0.45437935501540455,0.45437935501540455,-1.344361354938329,-1.344361354938329,-0.009996352555841739,-0.009996352555841739
20,6,sqp_full,sqp_full,,10,1,89,35.95828708171559,765.4666066259065,-709.513607213386,-100.02289258879834,765.17412966234,-709.2407277099087,-100.18292958477542,760.053352870366,-705.3910701085115,-100.72035673720075,760.053352870366,-705.3910701085115,-100.72035673720075,6.406420108080229,6.428922658220324,6.406420108080229,6.428922658220324,0.0,0.0,0.4000074969736221,6.8043095463787004,6.8043095463787004,0.2806963240178595,0.8509214404474772,1.3906474372720916,62.69432561156785,0.40537872414552933,0.40537872414552933,0.4722117377022451,0.4722117377022451,-1.0739471866158134e-11,-1.0739471866158134e-11,6.858256550225654e-19,6.858256550225654e-19,-0.023922148655492154,-0.023922148655492154,-1.1906650019160139,-1.1906650019160139,-0.00999605577509302,-0.00999605577509302
20,7,sqp_full,sqp_full,,10,1,90,36.36232748575602,765.1165689036566,-709.3118098523105,-100.0231498088972,765.2790764956426,-709.4109349353932,-99.8411315042076,760.7990184155664,-705.1819901845022,-100.39645222552925,760.7990184155664,-705.1819901845022,-100.39645222552925,6.160754345609282,6.185731582478573,6.160754345609282,6.185731582478573,0.0,0.0,0.19035361711626755,5.974667581198388,5.974667581198388,0.3959927591601076,0.8394317438623832,0.9781136711778944,62.521583283893264,-1.553777815627561e-07,-1.553777815627561e-07,0.2935920969348932,0.2935920969348932,-7.287900103750522e-10,-7.287900103750522e-10,7.197931624751196e-19,7.197931624751196e-19,-0.49999976633019205,-0.49999976633019205,0.2365306322878393,0.2365306322878393,-0.009994899052353495,-0.009994899052353495
20,8,sqp_full,sqp_full,,10,1,92,37.170408293836815,764.4164934591566,-708.9082151301595,-100.02366424909492,764.8529234151721,-709.1706052288425,-100.07982410444463,759.869043268362,-705.4171000423086,-100.44857413728104,759.869043268362,-705.4171000423086,-100.44857413728104,6.23921970306428,6.250107126267707,6.23921970306428,6.250107126267707,0.0,0.0,0.5092343963191465,5.732991173408448,5.732991173408448,0.5443702538282981,0.960649318607042,1.1886691830874732,47.655864576506644,0.500000035014001,0.500000035014001,0.5000001466164896,0.5000001466164896,3.1836696925275825e-12,3.1836696925275825e-12,-2.8071074610660012e-18,-2.8071074610660012e-18,-0.3192086483382372,-0.3192086483382372,-1.6414316114052736,-1.6414316114052736,-0.009992299626844463,-0.009992299626844463
20,9,sqp_full,sqp_full,,10,1,93,37.57444869787719,764.0664557369067,-708.7064177690842,-100.02392146919378,764.4666296206221,-708.8802642136302,-99.97063774955305,760.0108254799383,-705.2509006955995,-100.21623500942178,760.0108254799383,-705.2509006955995,-100.21623500942178,5.7468661099896785,5.752111620979111,5.7468661099896785,5.752111620979111,0.0,0.0,0.43630462235601253,5.328108015645132,5.328108015645132,0.49542149823847276,0.31891360695391974,0.07681295624601424,83.14677530293385,0.5000000315875411,0.5000000315875411,0.500000136691643,0.500000136691643,-7.526126687136682e-11,-7.526126687136682e-11,-2.642950957883373e-18,-2.642950957883373e-18,-0.49999997682486913,-0.49999997682486913,-1.6227221810622956,-1.6227221810622956,-0.009990615084480525,-0.009990615084480525
20,10,sqp_full,sqp_full,,10,0,94,37.97848910191762,763.7164180146567,-708.5046204080087,-100.02417868929264,764.4995106679701,-709.1461628789067,-100.17028149615642,759.6492040257438,-705.7344639490008,-100.7147742526202,nan,nan,nan,5.930022269093627,5.954967378062441,nan,nan,nan,nan,1.0123294155754572,4.920975151226895,nan,0.33412705521762726,nan,nan,nan,-1.5499812994898833e-07,nan,0.27537928081918833,nan,2.7641001476194305e-11,nan,1.1559281645411961e-18,nan,-0.4841105715873512,nan,-1.0487052800576167,nan,-0.009996288200255452,nan
20,11,sqp_full,sqp_full,,10,0,95,38.38252950595799,763.3663802924068,-708.3028230469332,-100.02443590939149,764.141144725911,-708.755259550988,-99.96780393855599,759.7743619706883,-705.5291081858547,-100.44978416962329,nan,nan,nan,5.429258168669104,5.450609984689775,nan,nan,nan,nan,0.8971949161828413,4.538291501669791,nan,0.5676519369628835,nan,nan,nan,0.4999999918144907,nan,0.5000000370978752,nan,8.782324427865166e-11,nan,1.1585999525171395e-20,nan,-0.5000000293059259,nan,-1.740770686031617,nan,-0.009991587631729132,nan
20,12,sqp_full,sqp_full,,10,0,97,39.19061031403869,762.666304847907,-707.8992283247824,-100.0249503495892,763.7541603056841,-708.6607683629506,-99.56630711903952,760.1670871383872,-705.5230332626131,-101.35865457088347,nan,nan,nan,4.76576074383006,5.091658360059437,nan,nan,nan,nan,1.3279204519657246,3.4485347806067934,nan,0.565583965646904,nan,nan,nan,0.5000001856374072,nan,0.500000340114905,nan,2.7744346590191965e-11,nan,-8.836158211183434e-18,nan,-0.5000000144072235,nan,-0.9806227532605052,nan,-0.009988311807807963,nan
20,13,sqp_full,sqp_full,,10,0,98,39.594650718079116,762.3162671256571,-707.6974309637069,-100.02520756968806,763.8515566703333,-708.8064503431438,-100.44876939184626,759.4998818146652,-705.8176028921365,-100.13857296935981,nan,nan,nan,5.279231301510259,5.288336690810173,nan,nan,nan,nan,1.8939477210204443,3.386115739107944,nan,0.8996938113197518,nan,nan,nan,0.2466173918565901,nan,0.016513653121802654,nan,1.2688670338562346e-10,nan,5.976621731583359e-19,nan,0.4543793316321681,nan,-2.355276525753128,nan,-0.009991937652841374,nan
20,14,sqp_full,sqp_full,,10,0,99,39.99869112211949,761.966229403407,-707.4956336026314,-100.02546478978692,762.8879492127668,-708.4421910685636,-100.05075099753488,759.8652090925783,-705.5060191038147,-100.75559647298302,nan,nan,nan,4.214031756023649,4.272571916894491,nan,nan,nan,nan,1.3211882694295027,2.8935881186543186,nan,1.1043743901437548,nan,nan,nan,0.4999998003491611,nan,0.49999959033232827,nan,-1.7623098113683016e-11,nan,1.0074124510340808e-17,nan,-0.37460182833634925,nan,-2.793629735417499,nan,-0.009999752934189298,nan
21,0,sqp_full,sqp_full,,10,1,84,33.93808506151372,767.2167952371561,-710.5225940187631,-100.02160648830406,762.6720209296745,-708.3783589729404,-100.25260115234738,761.3325844489644,-704.8602152483969,-101.29032153360697,761.3325844489644,-704.8602152483969,-101.29032153360697,3.764495364906426,3.9049057532907887,3.764495364906426,3.9049057532907887,0.0,0.0,5.0252081984410335,8.166178417042184,8.166178417042184,4.10661405473621,1.747381970919143,0.13843858389302588,71.01311117864113,-0.4999975271576097,-0.4999975271576097,-0.22463107669466295,-0.22463107669466295,1.2782008811641756e-10,1.2782008811641756e-10,-3.775659650569611e-17,-3.775659650569611e-17,-0.5000002952307284,-0.5000002952307284,4.187282231209465,4.187282231209465,0.24805892690231326,0.24805892690231326
21,1,sqp_full,sqp_full,,10,1,85,34.34212546555409,766.8667575149062,-710.3207966576878,-100.02186370840292,765.1221284930843,-709.4766429464178,-99.78251992394928,760.2477626183143,-705.1095405217827,-100.30728946715637,760.2477626183143,-705.1095405217827,-100.30728946715637,6.544541715687664,6.56554714718079,6.544541715687664,6.56554714718079,0.0,0.0,1.9381243283220704,8.424267561937787,8.424267561937787,2.7258450286044003,1.4850432787882848,-0.2586723438210036,118.34642413882452,4.7208103789453285e-06,4.7208103789453285e-06,-1.1534963213665788e-05,-1.1534963213665788e-05,-5.132981605490454e-10,-5.132981605490454e-10,-1.6617322908850128e-17,-1.6617322908850128e-17,-0.20689946422730357,-0.20689946422730357,3.4952169449275674,3.4952169449275674,0.09427723573016598,0.09427723573016598
21,2,sqp_full,sqp_full,,10,1,87,35.150206273634886,766.1666820704063,-709.9172019355369,-100.02237814860062,764.8983875819013,-709.0020686439694,-100.63173197450199,760.2132155544343,-705.1147004989829,-100.08043717200974,760.2132155544343,-705.1147004989829,-100.08043717200974,6.087895204552597,6.112805737210162,6.087895204552597,6.112805737210162,0.0,0.0,1.5639820494198196,7.649038083635269,7.649038083635269,0.9982193499854413,0.22952579114496938,-0.18803395288313246,144.86210488618676,0.47976093101274325,0.47976093101274325,0.4999872999682915,0.4999872999682915,-6.7156563439513055e-09,-6.7156563439513055e-09,-9.970005160340078e-18,-9.970005160340078e-18,2.248425959749805e-06,2.248425959749805e-06,-5.23598796621077,-5.23598796621077,-0.009693737446369676,-0.009693737446369676
21,3,sqp_full,sqp_full,,10,1,88,35.554246677675316,765.8166443481563,-709.7154045744613,-100.02263536869948,765.1222754187497,-709.1236240255638,-100.28995863700237,760.4255707258717,-704.9813171252526,-100.51885156832175,760.4255707258717,-704.9813171252526,-100.51885156832175,6.262406999586368,6.2665886575134575,6.262406999586368,6.2665886575134575,0.0,0.0,0.912333507100697,7.1746260374773705,7.1746260374773705,0.42627513240738213,0.5050673481006888,-0.6521807261831293,123.39708913445202,-0.027146147246546005,-0.027146147246546005,0.4999735253729255,0.4999735253729255,-1.1468778332389288e-08,-1.1468778332389288e-08,2.819632670666046e-16,2.819632670666046e-16,-0.045616561078566015,-0.045616561078566015,1.9550959818607103,1.9550959818607103,-0.010013631676172583,-0.010013631676172583
21,4,sqp_full,sqp_full,,10,1,89,35.95828708171559,765.4666066259065,-709.513607213386,-100.02289258879834,765.8169923200846,-710.1605812345668,-99.7193108090305,759.8861935038392,-705.372015522946,-100.3263427919598,759.8861935038392,-705.372015522946,-100.3263427919598,7.622646271032702,7.646778668275147,7.622646271032702,7.646778668275147,0.0,0.0,0.7357618628113353,6.949373521639367,6.949373521639367,1.3724251418101212,0.693276751798217,0.074475169468836,81.52182876221475,0.5000023423933421,0.5000023423933421,0.49997632109914864,0.49997632109914864,-1.021101184977538e-08,-1.021101184977538e-08,1.782969536094779e-16,1.782969536094779e-16,-0.4999963303933703,-0.4999963303933703,2.4423592393203113,2.4423592393203113,-0.010006998145921342,-0.010006998145921342
21,5,sqp_full,sqp_full,,10,1,90,36.36232748575602,765.1165689036566,-709.3118098523105,-100.0231498088972,766.1969633273733,-709.2441792519779,-99.85719117940748,759.8552176386892,-705.5353835132512,-100.80454563342923,759.8552176386892,-705.5353835132512,-100.80454563342923,7.346625362133413,7.407454668986964,7.346625362133413,7.407454668986964,0.0,0.0,1.082509126474058,6.476358006450447,6.476358006450447,1.0015895150250769,0.5062870352553125,-0.0952428753933096,100.86055262139618,0.5000039013959514,0.5000039013959514,0.4999801834985344,0.4999801834985344,-3.930237643729515e-09,-3.930237643729515e-09,9.786860590727586e-17,9.786860590727586e-17,-0.49999851597076667,-0.49999851597076667,-5.235987036556258,-5.235987036556258,0.022007550645000578,0.022007550645000578
21,6,sqp_full,sqp_full,,10,1,92,37.170408293836815,764.4164934591566,-708.9082151301595,-100.02366424909492,765.0270168562959,-709.3701101840836,-99.68535200961396,759.9466666855442,-705.5621055370339,-101.08010688165164,759.9466666855442,-705.5621055370339,-101.08010688165164,6.349083181799368,6.500476782704513,6.349083181799368,6.500476782704513,0.0,0.0,0.7655624463711928,5.583529421012283,5.583529421012283,1.1891854544699871,0.29156645254151303,-0.10676115720350919,115.81310278276791,0.5000027284182017,0.5000027284182017,0.4999799575934108,0.4999799575934108,-1.3186157232928893e-09,-1.3186157232928893e-09,1.3149447759986858e-16,1.3149447759986858e-16,-0.4999994012314418,-0.4999994012314418,-5.235986720697726,-5.235986720697726,-0.010000536174343525,-0.010000536174343525
21,7,sqp_full,sqp_full,,10,1,93,37.57444869787719,764.0664557369067,-708.7064177690842,-100.02392146919378,764.755527794419,-709.017012620695,-100.00238380332384,760.599525242685,-704.85936157774,-100.2485747405255,760.599525242685,-704.85936157774,-100.2485747405255,5.878640948808214,5.8837937916420024,5.878640948808214,5.8837937916420024,0.0,0.0,0.755836928372438,5.1787496938086806,5.1787496938086806,0.5467114030387105,1.269456210226223,-0.6448082516282614,106.12279505304697,0.5000021140675274,0.5000021140675274,0.4999819482149809,0.4999819482149809,1.6377657481328926e-09,1.6377657481328926e-09,1.3158245363399163e-16,1.3158245363399163e-16,-0.3821866983933759,-0.3821866983933759,-4.466502333755954,-4.466502333755954,-0.010002428329045809,-0.010002428329045809
21,8,sqp_full,sqp_full,,10,1,94,37.97848910191762,763.7164180146567,-708.5046204080087,-100.02417868929264,764.0271967304186,-709.1971131421553,-100.461317314292,760.3935706199157,-705.109427359628,-99.28523972885536,760.3935706199157,-705.109427359628,-99.28523972885536,5.4692242381899865,5.5942445651375765,5.4692242381899865,5.5942445651375765,0.0,0.0,0.759032013169723,4.750647392146671,4.750647392146671,0.8795011677694055,1.01634863438721,-0.31940461261113373,106.04534316509012,0.5000024976649559,0.5000024976649559,0.49998585905123893,0.49998585905123893,-5.485295948068403e-10,-5.485295948068403e-10,6.627713617699366e-17,6.627713617699366e-17,0.12539850515095388,0.12539850515095388,-4.394485190684472,-4.394485190684472,-0.01000149349985409,-0.01000149349985409
21,9,sqp_full,sqp_full,,10,1,95,38.38252950595799,763.3663802924068,-708.3028230469332,-100.02443590939149,763.6399338001829,-708.6805025053197,-100.12673976098137,760.0365271810914,-705.2149986630321,-99.94730360007011,760.0365271810914,-705.2149986630321,-99.94730360007011,4.999425581346605,5.002644648509968,4.999425581346605,5.002644648509968,0.0,0.0,0.46634032090712474,4.54120921878204,4.54120921878204,0.7271872292646998,0.759574806637159,-0.26055399043499045,104.44462559490485,0.5000029081789665,0.5000029081789665,0.4999890182304098,0.4999890182304098,-2.369088974471428e-09,-2.369088974471428e-09,1.4641680618637345e-17,1.4641680618637345e-17,-0.4999988918862121,-0.4999988918862121,-4.671377130067436,-4.671377130067436,-0.010001892040421652,-0.010001892040421652
21,10,sqp_full,sqp_full,,10,0,97,39.19061031403869,762.666304847907,-707.8992283247824,-100.0249503495892,763.470317684361,-708.1167622069972,-99.7878036728472,760.263758102884,-705.0711411524119,-100.43839239705804,nan,nan,nan,4.422423765051877,4.470022107972834,nan,nan,nan,nan,0.8329211433829466,3.7108365521195896,nan,0.679301422447319,nan,nan,nan,0.5000050006900459,nan,0.4999938789702682,nan,-4.7632142427702965e-09,nan,-8.711027721228483e-17,nan,-0.4999978011336484,nan,-4.562705488805952,nan,0.0018980992112262827,nan
21,11,sqp_full,sqp_full,,10,0,98,39.594650718079116,762.3162671256571,-707.6974309637069,-100.02520756968806,762.4243583107568,-707.9248664316008,-100.03533996476934,760.8875327753883,-704.9040400185417,-99.0425647294043,nan,nan,nan,3.389280888919694,3.531689059352532,nan,nan,nan,nan,0.2518146071069283,3.137565109470796,nan,1.0918466997083591,nan,nan,nan,0.5000068004617635,nan,0.49999885272159494,nan,-7.406039958495311e-09,nan,-1.7889170372784693e-16,nan,-0.4999964027031163,nan,-5.235976830129919,nan,-0.01001883564639692,nan
21,12,sqp_full,sqp_full,,10,0,99,39.99869112211949,761.966229403407,-707.4956336026314,-100.02546478978692,762.7778783465385,-708.0699326384688,-99.78030713960686,761.0861998513114,-704.7388960276426,-99.2754879860391,nan,nan,nan,3.7359846137100963,3.7699367914711064,nan,nan,nan,nan,0.9942803374552724,2.893795789256222,nan,0.4594152391731617,nan,nan,nan,0.5000109623628373,nan,0.5000070302217582,nan,-9.622324327600121e-09,nan,-3.4879674602524427e-16,nan,-0.49999532133163466,nan,-1.810231171162604,nan,-0.01004078168618078,nan
21,13,sqp_full,sqp_full,,10,0,99,39.99869112211949,761.966229403407,-707.4956336026314,-100.02546478978692,762.3709315978882,-707.7060838830024,-99.80564292900245,759.8696987937786,-705.4319338238272,-99.49869939701756,nan,nan,nan,3.380521266313921,3.3944275458209496,nan,nan,nan,nan,0.456150399239208,2.941818718776842,nan,0.5464736730308439,nan,nan,nan,0.50000242000363,nan,0.49999987783226013,nan,-3.58807485602425e-09,nan,-8.213868416295115e-17,nan,-0.4999980689522034,nan,-4.404839439079364,nan,-0.009995457750008064,nan
21,14,sqp_full,sqp_full,,10,0,99,39.99869112211949,761.966229403407,-707.4956336026314,-100.02546478978692,761.5896422477803,-707.4425170429397,-100.04493050767984,759.8050631937458,-705.5799803987201,-99.30493672286332,nan,nan,nan,2.5794893198381903,2.6835342279774173,nan,nan,nan,nan,0.3803146785184516,2.887969283672785,nan,0.8585680363734255,nan,nan,nan,0.4999990682969722,nan,0.4999962454559086,nan,3.4473262570041996e-10,nan,4.5691990136181374e-17,nan,-0.3930302233350277,nan,-4.977416115337201,nan,-0.009947320298358589,nan
22,0,sqp_full,sqp_full,,10,1,87,35.150206273634886,766.1666820704063,-709.9172019355369,-100.02237814860062,762.6354679721878,-707.7900759833581,-100.46318826212625,760.1968541713552,-705.1228874563263,-100.44408768874594,760.1968541713552,-705.1228874563263,-100.44408768874594,3.6139634625077806,3.61401393747239,3.6139634625077806,3.61401393747239,0.0,0.0,4.122394671048513,7.65665047327201,7.65665047327201,3.69481439666822,0.5300789082479276,0.03192068782315259,77.14425816810714,-1.3617792831218791e-05,-1.3617792831218791e-05,-8.738083151571645e-06,-8.738083151571645e-06,7.47656986591576e-10,7.47656986591576e-10,3.5912835409563204e-16,3.5912835409563204e-16,-0.18398287934449234,-0.18398287934449234,0.6732854455267867,0.6732854455267867,0.1635193147754301,0.1635193147754301
22,1,sqp_full,sqp_full,,10,1,88,35.554246677675316,765.8166443481563,-709.7154045744613,-100.02263536869948,765.2266501650979,-708.788533312017,-100.57861332828115,760.0729895641206,-705.2512188046459,-100.58626942986436,760.0729895641206,-705.2512188046459,-100.58626942986436,6.250824866697489,6.250829555348243,6.250824866697489,6.250829555348243,0.0,0.0,1.0987190146657142,7.27451200188707,7.27451200188707,2.779292201245473,0.22809433003553736,-0.022837963444967257,106.15738915033273,0.49998544167467746,0.49998544167467746,0.049855575323386817,0.049855575323386817,1.6578098157006766e-09,1.6578098157006766e-09,3.648502405298516e-16,3.648502405298516e-16,-0.5000004436816543,-0.5000004436816543,1.4541459622477419e-05,1.4541459622477419e-05,-0.00999721795147378,-0.00999721795147378
22,2,sqp_full,sqp_full,,10,1,89,35.95828708171559,765.4666066259065,-709.513607213386,-100.02289258879834,764.3936109866402,-708.9637626583159,-100.09635012174378,759.8398728904373,-705.4622825426453,-99.5983578474602,759.8398728904373,-705.4622825426453,-99.5983578474602,5.744292267046071,5.765838183169158,5.744292267046071,5.765838183169158,0.0,0.0,1.2056735365034832,6.933495807860478,6.933495807860478,0.9783850964879088,1.0367548310452732,0.7392244524382006,45.764768472398394,0.49998551855560636,0.49998551855560636,0.4999950662138238,0.4999950662138238,2.2128869282593105e-09,2.2128869282593105e-09,3.4185585288354575e-16,3.4185585288354575e-16,-0.5000007683791367,-0.5000007683791367,-2.7137352908459422,-2.7137352908459422,-0.009991961216817686,-0.009991961216817686
22,3,sqp_full,sqp_full,,10,1,90,36.36232748575602,765.1165689036566,-709.3118098523105,-100.0231498088972,764.0674026902515,-709.1122864564669,-99.17206494382997,759.742137147986,-705.7190626994843,-99.11654758043987,759.742137147986,-705.7190626994843,-99.11654758043987,5.497443903857468,5.49772422495867,5.497443903857468,5.49772422495867,0.0,0.0,1.0679697228104155,6.464700209638488,6.464700209638488,0.9913497169824875,0.5546435411189831,0.5243831496814744,20.403056606520703,0.4999872110417977,0.4999872110417977,0.4999948312287396,0.4999948312287396,1.6805149301609777e-09,1.6805149301609777e-09,2.9549192369377093e-16,2.9549192369377093e-16,-0.5000006003972824,-0.5000006003972824,-5.235984248543825,-5.235984248543825,-0.009993687185438836,-0.009993687185438836
22,4,sqp_full,sqp_full,,10,1,92,37.170408293836815,764.4164934591566,-708.9082151301595,-100.02366424909492,763.8430442940818,-709.00619192054,-99.72028253940849,760.2133982892354,-705.1043647370883,-99.71943901501962,760.2133982892354,-705.1043647370883,-99.71943901501962,5.329032322103195,5.329032388863289,5.329032322103195,5.329032388863289,0.0,0.0,0.5817588816496913,5.66879941612718,5.66879941612718,0.6017767630834975,0.9815389600597779,0.8008068140287756,60.59559298341781,0.4999890086823733,0.4999890086823733,0.49999490701271865,0.49999490701271865,9.181593387007068e-10,9.181593387007068e-10,2.2366588815320936e-16,2.2366588815320936e-16,-0.5000003160756894,-0.5000003160756894,-5.235984628060985,-5.235984628060985,-0.009996230072766756,-0.009996230072766756
22,5,sqp_full,sqp_full,,10,1,93,37.57444869787719,764.0664557369067,-708.7064177690842,-100.02392146919378,764.131690334389,-708.6701316108516,-99.42887506246468,760.130009784406,-705.3994152400596,-98.95916754819964,760.130009784406,-705.3994152400596,-98.95916754819964,5.168271742302154,5.1895720393146085,5.168271742302154,5.1895720393146085,0.0,0.0,0.07464742452328617,5.141193680842415,5.141193680842415,0.5302559626743372,0.8197689584889002,0.34969513159062904,76.92682085065711,0.4999904206881281,0.4999904206881281,0.4999945203791878,0.4999945203791878,4.913417011285972e-10,4.913417011285972e-10,1.6503706669369802e-16,1.6503706669369802e-16,-0.5000001601375116,-0.5000001601375116,-5.235984884416985,-5.235984884416985,-0.001228411990562127,-0.001228411990562127
22,6,sqp_full,sqp_full,,10,1,94,37.97848910191762,763.7164180146567,-708.5046204080087,-100.02417868929264,764.2272019253802,-708.4051348916727,-100.30754760819282,759.9965453721443,-705.2705397067974,-99.73732962610217,759.9965453721443,-705.2705397067974,-99.73732962610217,5.265371956897297,5.296158078416845,5.265371956897297,5.296158078416845,0.0,0.0,0.5203821397920807,4.929171376454567,4.929171376454567,0.9227194415452731,0.7999736695039039,0.8282177586867415,17.19634449491058,0.49999213593785863,0.49999213593785863,0.4999944633875298,0.4999944633875298,8.837964092381883e-11,8.837964092381883e-11,1.0670067896359747e-16,1.0670067896359747e-16,0.1069698005073514,0.1069698005073514,-5.235985277222187,-5.235985277222187,-0.010002765227400283,-0.010002765227400283
22,7,sqp_full,sqp_full,,10,1,95,38.38252950595799,763.3663802924068,-708.3028230469332,-100.02443590939149,763.9090381146362,-708.4832385746093,-99.83722210603547,760.6844441944439,-704.8378832892519,-100.44957428823027,760.6844441944439,-704.8378832892519,-100.44957428823027,4.866890291204975,4.905262103258497,4.866890291204975,4.905262103258497,0.0,0.0,0.5718629859096703,4.381619421848183,4.381619421848183,0.5731792684099111,1.0805965130863875,-1.7886810843906014,161.58032401473903,0.49999373448606893,0.49999373448606893,0.4999945030731934,0.4999945030731934,-1.1780670783802154e-10,-1.1780670783802154e-10,6.071685036021105e-17,6.071685036021105e-17,-0.49300334158754655,-0.49300334158754655,-5.2359856707466985,-5.2359856707466985,-0.010005099216359704,-0.010005099216359704
22,8,sqp_full,sqp_full,,10,1,97,39.19061031403869,762.666304847907,-707.8992283247824,-100.0249503495892,763.9083533258867,-708.635952991227,-100.83122155853931,760.0359027794982,-705.3351761420555,-99.35600814945292,760.0359027794982,-705.3351761420555,-99.35600814945292,5.0883200609091634,5.297853871578464,5.0883200609091634,5.297853871578464,0.0,0.0,1.4441079100259773,3.67333345031941,3.67333345031941,1.0056625047979075,1.3652080604178365,-0.9992674870993193,137.4000103826655,0.49999502200660684,0.49999502200660684,0.4999945297874256,0.4999945297874256,-1.259494404034679e-10,-1.259494404034679e-10,2.9865824357923644e-17,2.9865824357923644e-17,0.10696987941846531,0.10696987941846531,-5.235985986262095,-5.235985986262095,-0.010007291891565915,-0.010007291891565915
22,9,sqp_full,sqp_full,,10,1,98,39.594650718079116,762.3162671256571,-707.6974309637069,-100.02520756968806,763.474572377504,-708.7145319827863,-99.44852545656,760.3229329741242,-705.0129164744393,-99.9912512268141,760.3229329741242,-705.0129164744393,-99.9912512268141,4.861562331244087,4.891762418829163,4.861562331244087,4.891762418829163,0.0,0.0,1.5414816052969595,3.343650562297795,3.343650562297795,1.4512715388661748,0.7679657501051073,-0.48817041480928863,157.29810027174554,0.49999602738365034,0.49999602738365034,0.4999947140904785,0.4999947140904785,-1.4778488673614375e-10,-1.4778488673614375e-10,7.380156965977105e-18,7.380156965977105e-18,-0.4999998972834904,-0.4999998972834904,-5.235986259068348,-5.235986259068348,-0.010007408985201251,-0.010007408985201251
22,10,sqp_full,sqp_full,,10,0,99,39.99869112211949,761.966229403407,-707.4956336026314,-100.02546478978692,763.8218217963886,-708.1050624717018,-99.84912089444626,760.9072971669237,-705.1241591819963,-101.46105823155823,nan,nan,nan,4.168961290097813,4.46974050892327,nan,nan,nan,nan,1.9531069288052696,2.597157755930569,nan,0.8077821171037041,nan,nan,nan,0.49999687968310247,nan,0.49999516209208084,nan,-1.3881844628427107e-10,nan,-7.149101290451784e-18,nan,-0.4999999212834719,nan,-5.235986520029971,nan,-0.010005728180648155,nan
22,11,sqp_full,sqp_full,,10,0,99,39.99869112211949,761.966229403407,-707.4956336026314,-100.02546478978692,763.2335963622089,-709.0678365634108,-101.00913999851093,759.7222127197873,-705.5604901480023,-99.59985907846419,nan,nan,nan,4.962992440246556,5.159202135364756,nan,nan,nan,nan,2.0194160438467796,2.9631724665226487,nan,1.6182050039710543,nan,nan,nan,0.4999974216268943,nan,0.4999957689864823,nan,-1.3398991300688025e-10,nan,-1.6266332138665182e-17,nan,-0.10700607078978915,nan,-5.235986713502641,nan,-0.01000309516494128,nan
22,12,sqp_full,sqp_full,,10,0,99,39.99869112211949,761.966229403407,-707.4956336026314,-100.02546478978692,763.1144825676909,-707.8919836855669,-100.09415873040815,759.6362129892938,-706.0760585440034,-98.81284998105134,nan,nan,nan,3.923766478750356,4.127674344100232,nan,nan,nan,nan,1.2147340110207776,2.7284006005563577,nan,1.4946600975998987,nan,nan,nan,0.4999977283069041,nan,0.4999965469159535,nan,-1.3228759826492795e-10,nan,-2.1988191645102405e-17,nan,-0.499999948269889,nan,-5.235986856144278,nan,0.06957243798673698,nan
22,13,sqp_full,sqp_full,,10,0,99,39.99869112211949,761.966229403407,-707.4956336026314,-100.02546478978692,762.5336413460049,-708.4394331836933,-99.08434058771665,760.3817491682306,-705.0518208787029,-99.38291187034997,nan,nan,nan,4.013297531169141,4.024388386388872,nan,nan,nan,nan,1.1012329280470572,2.9125243767735163,nan,1.2871713790779762,nan,nan,nan,0.49999855714901514,nan,0.499997687410278,nan,-9.618905650594683e-11,nan,-1.8317635168928155e-17,nan,-0.49999998048095157,nan,-5.235987177121526,nan,-0.010000594797014461,nan
22,14,sqp_full,sqp_full,,10,0,99,39.99869112211949,761.966229403407,-707.4956336026314,-100.02546478978692,762.3915116449492,-707.8011989178375,-100.05038309421883,760.2896509050737,-705.1317957619343,-99.46396600201999,nan,nan,nan,3.3975773396018867,3.4478133337811645,nan,nan,nan,nan,0.5236746574239681,2.898041545282873,nan,1.166525590976721,nan,nan,nan,0.49999920679044185,nan,0.4999988339474836,nan,-6.30545586626367e-11,nan,-1.1421882830627972e-17,nan,-0.10137532183820519,nan,-5.235987443419731,nan,0.03554465100866931,nan
23,0,sqp_full,sqp_full,,10,1,89,35.95828708171559,765.4666066259065,-709.513607213386,-100.02289258879834,762.1901910056858,-707.3438299341115,-101.57675414509451,760.1213840156615,-705.1905653847942,-99.69702917852375,760.1213840156615,-705.1905653847942,-99.69702917852375,2.986052675576927,3.5284382566894377,2.986052675576927,3.5284382566894377,0.0,0.0,3.929736983321082,6.874597835861235,6.874597835861235,3.381365052281109,0.39843158974640014,-0.03749899251217036,108.55665947997373,0.005440973815455666,0.005440973815455666,0.222675082577884,0.222675082577884,1.391367500167049e-09,1.391367500167049e-09,3.7834660925024157e-19,3.7834660925024157e-19,-0.3455761259047187,-0.3455761259047187,-2.2118824984797008,-2.2118824984797008,-0.01001045843842951,-0.01001045843842951
23,1,sqp_full,sqp_full,,10,1,90,36.36232748575602,765.1165689036566,-709.3118098523105,-100.0231498088972,760.9947947206684,-707.7370968170503,-99.82589984904149,761.1191469284587,-704.6277261750131,-100.06867055593655,761.1191469284587,-704.6277261750131,-100.06867055593655,3.111856240436752,3.1213117238224513,3.111856240436752,3.1213117238224513,0.0,0.0,4.412339918791993,6.15792354156153,6.15792354156153,2.1561822477372354,1.20434053308264,-0.44411784720147895,142.66688742737932,0.500008883018463,0.500008883018463,0.500005338142028,0.500005338142028,1.1894316038433783e-09,1.1894316038433783e-09,3.9407599659775936e-17,3.9407599659775936e-17,-0.5000017012020651,-0.5000017012020651,-5.2359906891546855,-5.2359906891546855,-0.010004953646006684,-0.010004953646006684
23,2,sqp_full,sqp_full,,10,1,92,37.170408293836815,764.4164934591566,-708.9082151301595,-100.02366424909492,761.6541977411171,-708.0033771002302,-98.9563316144576,760.2600311296582,-705.0591589128215,-100.14470338167692,760.2600311296582,-705.0591589128215,-100.14470338167692,3.2576250974559393,3.4676142710369033,3.2576250974559393,3.4676142710369033,0.0,0.0,2.906717993597939,5.664928319120065,5.664928319120065,1.1233282900312376,0.9643625633503949,-0.41029480754657494,118.55015643975857,0.5000099612207024,0.5000099612207024,0.5000017258284611,0.5000017258284611,9.33846884189189e-10,9.33846884189189e-10,6.936442092940475e-17,6.936442092940475e-17,-0.5000016432219301,-0.5000016432219301,-5.235990744729643,-5.235990744729643,-0.01000499716103201,-0.01000499716103201
23,3,sqp_full,sqp_full,,10,1,93,37.57444869787719,764.0664557369067,-708.7064177690842,-100.02392146919378,762.649842918806,-707.9739884284445,-99.63183004854392,760.0447612227845,-705.2109576746697,-99.90200987766222,760.0447612227845,-705.2109576746697,-99.90200987766222,3.797471473132031,3.8070706231056377,3.797471473132031,3.8070706231056377,0.0,0.0,1.5947553465773383,5.328439549864888,5.328439549864888,1.203524469355565,0.35816774533019907,-0.264232180968034,152.60801713868918,0.500013514742039,0.500013514742039,0.3741870867134044,0.3741870867134044,7.789269065388148e-10,7.789269065388148e-10,1.0895641545414423e-16,1.0895641545414423e-16,-0.5000016135413133,-0.5000016135413133,-3.4769952957457178,-3.4769952957457178,-0.010007160518547989,-0.010007160518547989
23,4,sqp_full,sqp_full,,10,1,94,37.97848910191762,763.7164180146567,-708.5046204080087,-100.02417868929264,763.0101824690512,-708.0082601643342,-99.73639884164432,760.0360034599051,-705.2183696831758,-99.93230975254491,760.0360034599051,-705.2183696831758,-99.93230975254491,4.077895250653562,4.082598530386349,4.077895250653562,4.082598530386349,0.0,0.0,0.8632161591266645,4.93405463298612,4.93405463298612,0.37676753554712494,0.03239936262724272,0.0018786073623605958,88.74821365221969,0.5000120361054422,0.5000120361054422,0.49998730181361506,0.49998730181361506,4.273327206090149e-10,4.273327206090149e-10,1.0216736770867164e-16,1.0216736770867164e-16,-0.3393663269145218,-0.3393663269145218,-5.235990375618269,-5.235990375618269,-0.009721345120840726,-0.009721345120840726
23,5,sqp_full,sqp_full,,10,1,95,38.38252950595799,763.3663802924068,-708.3028230469332,-100.02443590939149,763.195542362312,-707.5602826836189,-99.91247539113729,760.689615751299,-705.0123919080079,-99.06324905849164,760.689615751299,-705.0123919080079,-99.06324905849164,3.5737117377072902,3.673227592769831,3.5737117377072902,3.673227592769831,0.0,0.0,0.761939492026794,4.241698420272413,4.241698420272413,0.5157955646755735,1.1067530714990332,0.2270506358220078,83.92584274135265,0.5000106710657647,0.5000106710657647,0.4999843632675746,0.4999843632675746,1.5525147932856181e-10,1.5525147932856181e-10,9.920706232056793e-17,9.920706232056793e-17,0.39862346836866663,0.39862346836866663,-5.235989772339527,-5.235989772339527,0.09742795811922753,0.09742795811922753
23,6,sqp_full,sqp_full,,10,1,97,39.19061031403869,762.666304847907,-707.8992283247824,-100.0249503495892,763.2517707747692,-708.0328377557765,-100.3900527004144,761.3971379437202,-704.6743841731039,-100.8064453179213,761.3971379437202,-704.6743841731039,-100.8064453179213,3.8365183962768974,3.8590486155120294,3.8365183962768974,3.8590486155120294,0.0,0.0,0.6005179693957046,3.4656030403521036,3.4656030403521036,0.6742032460064888,1.9114314218702833,1.5676306956061143,56.431242608355014,0.500008135236331,0.500008135236331,0.4999870296650902,0.4999870296650902,-1.3773833562802122e-10,-1.3773833562802122e-10,8.70614211474934e-17,8.70614211474934e-17,0.39862350022547044,0.39862350022547044,-5.235989175356221,-5.235989175356221,-0.009998042909106851,-0.009998042909106851
23,7,sqp_full,sqp_full,,10,1,98,39.594650718079116,762.3162671256571,-707.6974309637069,-100.02520756968806,763.6143752729846,-707.9703697414026,-99.95525166115131,760.6724483006643,-705.0007459634701,-100.1726088743103,760.6724483006643,-705.0007459634701,-100.1726088743103,4.180143501475525,4.185790707983416,4.180143501475525,4.185790707983416,0.0,0.0,1.3264917408443346,3.15820365396259,3.15820365396259,0.5695930290041912,1.0165804120742263,-0.02333325489862983,90.74908872203302,0.5000066867315094,0.5000066867315094,0.4999917205543003,0.4999917205543003,-3.925544241001639e-10,-3.925544241001639e-10,8.600443995789748e-17,8.600443995789748e-17,-0.5000012097978274,-0.5000012097978274,-5.23598899336541,-5.23598899336541,-0.009998974040165219,-0.009998974040165219
23,8,sqp_full,sqp_full,,10,1,99,39.99869112211949,761.966229403407,-707.4956336026314,-100.02546478978692,763.7029035591999,-708.5186546387863,-99.27540972651828,760.010779959847,-705.7155187208732,-99.08896189678009,760.010779959847,-705.7155187208732,-99.08896189678009,4.63566043268839,4.639408414917444,4.63566043268839,4.639408414917444,0.0,0.0,2.0155915171021044,2.644350869036954,2.644350869036954,0.8778602635071487,1.4570503971640623,1.3884995414146184,33.22148096702911,0.5000060514566809,0.5000060514566809,0.4999948714024272,0.4999948714024272,-6.421486750126835e-10,-6.421486750126835e-10,8.703114173549463e-17,8.703114173549463e-17,-0.5000012544573469,-0.5000012544573469,-5.2359889433056646,-5.2359889433056646,-0.0099989529858171,-0.0099989529858171
23,9,sqp_full,sqp_full,,10,1,99,39.99869112211949,761.966229403407,-707.4956336026314,-100.02546478978692,760.9913313585861,-708.8498409889802,-100.71341178552399,760.5800662678826,-704.8574405893731,-99.80324631474676,760.5800662678826,-704.8574405893731,-99.80324631474676,4.01352711783709,4.115434498301344,4.01352711783709,4.115434498301344,0.0,0.0,1.6686233376760689,2.980186338719792,2.980186338719792,3.087095417929447,1.2532307090178418,-0.08401772749501296,101.94435849146943,0.5000054407560581,0.5000054407560581,0.4999972744716781,0.4999972744716781,-8.87701777772358e-10,-8.87701777772358e-10,8.261389084326477e-17,8.261389084326477e-17,0.39862340508326616,0.39862340508326616,-5.235988856376332,-5.235988856376332,0.22788084282982063,0.22788084282982063
23,10,sqp_full,sqp_full,,10,0,99,39.99869112211949,761.966229403407,-707.4956336026314,-100.02546478978692,762.1322469156404,-707.5556921134913,-99.80051206043231,759.6008266338646,-705.7356880442841,-99.6496150652937,nan,nan,nan,3.117772194198391,3.1214216885993653,nan,nan,nan,nan,0.176546988348288,2.948311148862286,nan,1.951895368181923,nan,nan,nan,0.5000038988479046,nan,0.5000003082041584,nan,-1.0924564184199723e-09,nan,6.442756056729841e-17,nan,0.3986234852441786,nan,-5.235988552799663,nan,0.013816766694940431,nan
23,11,sqp_full,sqp_full,,10,0,99,39.99869112211949,761.966229403407,-707.4956336026314,-100.02546478978692,762.4412140013222,-707.7341852649618,-100.70803431949535,760.1817851339259,-705.1126839602183,-100.30256012994677,nan,nan,nan,3.4608218529123067,3.4844938249314557,nan,nan,nan,nan,0.531523530859363,2.9770270991646814,nan,0.9751497914943493,nan,nan,nan,0.500001928389863,nan,0.49125927175164924,nan,-1.2809576991522023e-09,nan,3.888364638986277e-17,nan,0.39862360975226074,nan,-5.235988049738991,nan,0.015553060605440292,nan
23,12,sqp_full,sqp_full,,10,0,99,39.99869112211949,761.966229403407,-707.4956336026314,-100.02546478978692,761.8882643119365,-707.496615855872,-100.4528756121596,760.4066083403397,-704.9456483418143,-99.99045157838054,nan,nan,nan,2.950040622762056,2.9860635731616347,nan,nan,nan,nan,0.07797127874705657,2.989120722009732,nan,0.6536807699912306,nan,nan,nan,0.5000040437598168,nan,6.774486811562557e-07,nan,-1.4694488871906762e-09,nan,7.410643025160202e-17,nan,0.03392481586683894,nan,-5.235988602075048,nan,0.07634481553379877,nan
23,13,sqp_full,sqp_full,,10,0,99,39.99869112211949,761.966229403407,-707.4956336026314,-100.02546478978692,761.4462552160122,-707.2768921311026,-99.9328935006638,760.6281653375432,-704.8627918178628,-100.47594745687188,nan,nan,nan,2.5489510335896255,2.606157894485842,nan,nan,nan,nan,0.5641107931281091,2.9533491679752193,nan,0.7169602167359317,nan,nan,nan,0.5000051399573882,nan,-9.054191744017046e-07,nan,-2.9232115773489703e-10,nan,7.97265902447798e-17,nan,-0.5000005065167553,nan,-5.235992244900128,nan,0.06860273728637414,nan
23,14,sqp_full,sqp_full,,10,0,99,39.99869112211949,761.966229403407,-707.4956336026314,-100.02546478978692,761.8367337013617,-707.4444747093221,-99.60082525254576,760.1950977168855,-705.1375731848766,-100.51832620481076,nan,nan,nan,2.8313889434369126,2.9763352207746965,nan,nan,nan,nan,0.1392349424995408,2.949128071953364,nan,0.5392834963651232,nan,nan,nan,0.500006193875402,nan,0.4838472652975883,nan,8.554506098775916e-10,nan,7.864124713349562e-17,nan,-0.4999999026430559,nan,-4.190414300528937,nan,0.011636491606135118,nan
24,0,sqp_full,sqp_full,,10,1,92,37.170408293836815,764.4164934591566,-708.9082151301595,-100.02366424909492,759.7144517346243,-706.3169647814044,-100.13933650853217,760.222780022941,-705.1471555871365,-100.65157276804395,760.222780022941,-705.1471555871365,-100.65157276804395,1.275480771982401,1.3744952474473795,1.275480771982401,1.3744952474473795,0.0,0.0,5.3687777705141775,5.633187487671598,5.633187487671598,1.7298716731801367,0.965010887045922,0.33993228783935786,52.456743746965785,0.12236502522998147,0.12236502522998147,0.49999915577312026,0.49999915577312026,1.7739453185786952e-11,1.7739453185786952e-11,-5.948888055357923e-19,-5.948888055357923e-19,0.5000000195064142,0.5000000195064142,-5.235987750823068,-5.235987750823068,-0.009994412534715183,-0.009994412534715183
24,1,sqp_full,sqp_full,,10,1,93,37.57444869787719,764.0664557369067,-708.7064177690842,-100.02392146919378,760.6322904742593,-706.5915316960989,-99.96639252886375,760.3565340504122,-705.0039050396507,-100.36743979646212,760.3565340504122,-705.0039050396507,-100.36743979646212,1.6113969112412367,1.6605537981064995,1.6113969112412367,1.6605537981064995,0.0,0.0,4.033141970335421,5.241385258835604,5.241385258835604,0.9735114599855664,0.3451701098873101,0.1398843706478646,66.76350260619134,0.40894647940330725,0.40894647940330725,0.49999916026360064,0.49999916026360064,1.8993157658820746e-11,1.8993157658820746e-11,-5.089673823226946e-19,-5.089673823226946e-19,-0.052903408598334645,-0.052903408598334645,-3.7765422270999482,-3.7765422270999482,-0.009994528720735337,-0.009994528720735337
24,2,sqp_full,sqp_full,,10,1,94,37.97848910191762,763.7164180146567,-708.5046204080087,-100.02417868929264,761.2590736642805,-706.96616140776,-100.20993731748149,760.0718838424489,-705.2679837437393,-99.63707847676349,760.0718838424489,-705.2679837437393,-99.63707847676349,2.072010388883144,2.1497428457907333,2.072010388883144,2.1497428457907333,0.0,0.0,2.8992063313555145,4.874263660173116,4.874263660173116,0.7697523317375224,0.8271583646186164,-0.4343457018227527,113.84109605061184,0.5000015065781335,0.5000015065781335,-0.5000001517491937,-0.5000001517491937,1.0458756387297435e-10,1.0458756387297435e-10,2.178123079538046e-17,2.178123079538046e-17,0.09452574696874827,0.09452574696874827,-5.235988148496699,-5.235988148496699,-0.00999256668075931,-0.00999256668075931
24,3,sqp_full,sqp_full,,10,1,95,38.38252950595799,763.3663802924068,-708.3028230469332,-100.02443590939149,761.8791511691255,-707.7161852970611,-99.00268228626821,759.9898239729208,-705.2492922634322,-100.10754394678769,759.9898239729208,-705.2492922634322,-100.10754394678769,3.1072686548938098,3.2978535113875855,3.1072686548938098,3.2978535113875855,0.0,0.0,1.5987477332934883,4.552491935681997,4.552491935681997,1.550643949114969,0.477934045772122,-0.2632045005249623,148.64500818562817,0.5000008373272888,0.5000008373272888,-0.5000009172898545,-0.5000009172898545,1.4013380564306611e-09,1.4013380564306611e-09,1.0760342523739493e-17,1.0760342523739493e-17,-0.49999917584463255,-0.49999917584463255,-5.23598815104218,-5.23598815104218,-0.009993028140606057,-0.009993028140606057
24,4,sqp_full,sqp_full,,10,1,97,39.19061031403869,762.666304847907,-707.8992283247824,-100.0249503495892,762.0847970889744,-707.6987707030501,-100.78910704572404,759.9456523282332,-705.3277321883451,-100.28726372145519,759.9456523282332,-705.3277321883451,-100.28726372145519,3.1933937974545,3.232585755665901,3.1933937974545,3.232585755665901,0.0,0.0,0.6150890438053612,3.74360020735643,3.74360020735643,1.7983066850879048,0.20100535669802386,0.09604671490388163,30.763289776879745,0.5000002090038351,0.5000002090038351,-0.016153584197413143,-0.016153584197413143,2.848680701838361e-09,2.848680701838361e-09,3.9034505765976454e-18,3.9034505765976454e-18,1.6701686042391648e-06,1.6701686042391648e-06,-5.235988151219587,-5.235988151219587,-0.009993745364793067,-0.009993745364793067
24,5,sqp_full,sqp_full,,10,1,98,39.594650718079116,762.3162671256571,-707.6974309637069,-100.02520756968806,762.3040794337558,-707.6589681115572,-100.37959050972795,760.2999227132285,-705.0177207283712,-100.13781399321199,760.2999227132285,-705.0177207283712,-100.13781399321199,3.315543982459231,3.3243477230217975,3.315543982459231,3.3243477230217975,0.0,0.0,0.04034762482924051,3.353578944186966,3.353578944186966,0.46623254527823277,0.4939127780001941,0.6957017840821196,48.9503531236304,0.07867766225881942,0.07867766225881942,0.49999918342719096,0.49999918342719096,4.160482301688508e-09,4.160482301688508e-09,3.979892810551526e-18,3.979892810551526e-18,2.2472245305922875e-06,2.2472245305922875e-06,-5.235988221819715,-5.235988221819715,-0.009994882173036086,-0.009994882173036086
24,6,sqp_full,sqp_full,,10,1,99,39.99869112211949,761.966229403407,-707.4956336026314,-100.02546478978692,761.7174155610614,-707.4084501308047,-99.6314111633031,760.3001190441083,-705.0294030863397,-100.29355383355272,760.3001190441083,-705.0294030863397,-100.29355383355272,2.769222680960327,2.8472841748779487,2.769222680960327,2.8472841748779487,0.0,0.0,0.2636461376591354,2.9762756406037987,2.9762756406037987,0.9832121300216969,0.15617750767275415,-0.12368097587666278,141.13539364846548,0.4999980376926293,0.4999980376926293,0.35174563477392656,0.35174563477392656,5.5399099491025055e-09,5.5399099491025055e-09,-1.336492932340493e-17,-1.336492932340493e-17,-0.4999972199694275,-0.4999972199694275,-4.232428209113937,-4.232428209113937,0.05576109048849312,0.05576109048849312
24,7,sqp_full,sqp_full,,10,1,99,39.99869112211949,761.966229403407,-707.4956336026314,-100.02546478978692,762.3651897018901,-707.6762971361245,-100.37209011404865,759.9842331217683,-706.0516566491054,-101.60709623279384,759.9842331217683,-706.0516566491054,-101.60709623279384,2.8824314299713913,3.135865281198314,2.8824314299713913,3.135865281198314,0.0,0.0,0.43795962382379494,2.452219138401831,2.452219138401831,1.0197836358084484,1.6941605287350912,1.002057164156563,52.90210590484376,-1.5281006733899128e-07,-1.5281006733899128e-07,0.4999991522030253,0.4999991522030253,4.141775404688787e-09,4.141775404688787e-09,5.52276060992208e-18,5.52276060992208e-18,2.001788161207875e-06,2.001788161207875e-06,-4.692310511525753,-4.692310511525753,-0.009989787119452097,-0.009989787119452097
24,8,sqp_full,sqp_full,,10,1,99,39.99869112211949,761.966229403407,-707.4956336026314,-100.02546478978692,761.5289292740758,-707.2866111544431,-99.94708829258178,760.5787108162002,-704.954966803733,-100.64200658861178,760.5787108162002,-704.954966803733,-100.64200658861178,2.517832499569073,2.6119708907343275,2.517832499569073,2.6119708907343275,0.0,0.0,0.4846873084369029,2.8948567517011687,2.8948567517011687,1.015782070966682,1.5771906566511251,0.32989628297048257,77.73297043467518,0.4999960855605376,0.4999960855605376,0.1417385975944922,0.1417385975944922,2.7179996365676843e-09,2.7179996365676843e-09,-2.9989342512051073e-17,-2.9989342512051073e-17,-0.499998632658285,-0.499998632658285,-3.580703230191167,-3.580703230191167,0.07191478558630666,0.07191478558630666
24,9,sqp_full,sqp_full,,10,1,99,39.99869112211949,761.966229403407,-707.4956336026314,-100.02546478978692,758.0614380868426,-705.9812327924036,-100.09868561353221,761.3595296345843,-705.0048403492178,-101.43286634374881,761.3595296345843,-705.0048403492178,-101.43286634374881,3.4395857396488743,3.689280184707742,3.4395857396488743,3.689280184707742,0.0,0.0,4.188174428069616,2.5636176861498643,2.5636176861498643,3.70816525377986,1.1124857527076009,-0.1929163313816633,130.0183956726625,-2.3657686124795413e-06,-2.3657686124795413e-06,0.5000001089921979,0.5000001089921979,-4.0595573118700466e-10,-4.0595573118700466e-10,-2.0377859787925723e-17,-2.0377859787925723e-17,-0.3093509030572592,-0.3093509030572592,1.0455740043300552,1.0455740043300552,0.349010839537509,0.349010839537509
24,10,sqp_full,sqp_full,,10,0,99,39.99869112211949,761.966229403407,-707.4956336026314,-100.02546478978692,757.5646141457808,-707.1192958543711,-99.43115918949587,760.3954841418589,-705.2258653182504,-101.17775975934595,nan,nan,nan,3.4057163901019814,3.827468834675191,nan,nan,nan,nan,4.417674385571458,2.760269686363706,nan,1.4098273256727254,nan,nan,nan,-1.7868980071658305e-06,nan,0.5000000935255877,nan,-2.850463073569026e-10,nan,-1.3885947453208122e-17,nan,6.344215936895798e-08,nan,1.0455738594737793,nan,-0.010001073344309094,nan
24,11,sqp_full,sqp_full,,10,0,99,39.99869112211949,761.966229403407,-707.4956336026314,-100.02546478978692,755.5354523878698,-708.952166664686,-99.83657262704342,760.1211351315875,-705.2092721077639,-100.56850725124211,nan,nan,nan,5.9192690334422045,5.964350273447115,nan,nan,nan,nan,6.5936622285662265,2.9379962146187446,nan,2.76428524259301,nan,nan,nan,-1.416175059713797e-06,nan,0.5000001303205018,nan,-1.585677329692254e-10,nan,-9.724444844157333e-18,nan,9.81175913453711e-08,nan,1.0455737641027567,nan,-0.010001422699458026,nan
24,12,sqp_full,sqp_full,,10,0,99,39.99869112211949,761.966229403407,-707.4956336026314,-100.02546478978692,794.562533952297,-713.6847496716343,-100.19151290172728,760.6321041876209,-704.8216169625941,-100.17821127020495,nan,nan,nan,35.068920505679586,35.068923028332016,nan,nan,nan,nan,33.17867128080287,2.9883532392595042,nan,39.31458279001197,nan,nan,nan,-9.420487367691851e-07,nan,0.5000000809959773,nan,-4.912371445131134e-11,nan,-5.508122682701195e-18,nan,1.1954415156682584e-07,nan,1.0455736528770283,nan,-0.010001544691912207,nan
24,13,sqp_full,sqp_full,,10,0,99,39.99869112211949,761.966229403407,-707.4956336026314,-100.02546478978692,753.221812525307,-705.2716717082612,-100.70857467276473,760.3322060271835,-705.4383663313856,-101.45418046160329,nan,nan,nan,7.112347210935769,7.151322314177664,nan,nan,nan,nan,9.02279519027298,2.6272382875150155,nan,42.19126072774857,nan,nan,nan,0.4999994192882252,nan,-0.016152679161958904,nan,5.3845462032140004e-11,nan,-2.6375832548157734e-18,nan,-0.23486874827907842,nan,-5.2359876425006835,nan,0.49999874181637866,nan
24,14,sqp_full,sqp_full,,10,0,99,39.99869112211949,761.966229403407,-707.4956336026314,-100.02546478978692,753.4322070018106,-703.083100851548,-100.20558412764001,760.5997804525766,-704.845807110784,-100.0962909575507,nan,nan,nan,7.381141004511034,7.381950116703738,nan,nan,nan,nan,9.60728804764035,2.981402886582446,nan,2.25546175296379,nan,nan,nan,0.4999998307622066,nan,-0.01615276625375494,nan,-5.856950986466198e-11,nan,-9.213267128161411e-19,nan,-0.21128258409516615,nan,-5.235987717962287,nan,0.17527158029905276,nan
25,0,sqp_full,sqp_full,,10,1,94,37.97848910191762,763.7164180146567,-708.5046204080087,-100.02417868929264,760.3472607309592,-706.1995325380717,-101.50860985050322,760.3835529524584,-705.1772307463881,-100.99112413634376,760.3835529524584,-705.1772307463881,-100.99112413634376,1.0229457847906076,1.1463897866694401,1.0229457847906076,1.1463897866694401,0.0,0.0,4.082236016011704,4.70951287110269,4.70951287110269,1.567710061896096,1.085073781313086,0.4721642987294675,46.98568959357154,-0.4999993478483535,-0.4999993478483535,0.5000150097563523,0.5000150097563523,-1.0944967665462368e-09,-1.0944967665462368e-09,1.4852291974502432e-17,1.4852291974502432e-17,0.49999973974808876,0.49999973974808876,4.683533991469925,4.683533991469925,-0.010038349857499731,-0.010038349857499731
25,1,sqp_full,sqp_full,,10,1,95,38.38252950595799,763.3663802924068,-708.3028230469332,-100.02443590939149,759.5203749236742,-705.9428283786358,-100.32189668425212,759.9548860577077,-705.5502011163924,-101.0802142020562,759.9548860577077,-705.5502011163924,-101.0802142020562,0.5856245321499332,0.958123974475306,0.5856245321499332,0.958123974475306,0.0,0.0,4.5123532807962325,4.3835168992351505,4.3835168992351505,1.4689878497505386,0.5751514960121512,0.07089734377750109,79.56743798466711,-0.49999985946288955,-0.49999985946288955,0.5000148520950732,0.5000148520950732,-1.1802841772499055e-09,-1.1802841772499055e-09,6.001263938742505e-18,6.001263938742505e-18,0.4999997644806906,0.4999997644806906,-3.2829312048335275,-3.2829312048335275,-0.010045411553585328,-0.010045411553585328
25,2,sqp_full,sqp_full,,10,1,97,39.19061031403869,762.666304847907,-707.8992283247824,-100.0249503495892,760.2546896002087,-706.0894146633494,-101.43464186229656,760.9874611013503,-704.8035332705026,-100.59865806563856,760.9874611013503,-704.8035332705026,-100.59865806563856,1.4800152125417256,1.6997982049730658,1.4800152125417256,1.6997982049730658,0.0,0.0,3.015180523955444,3.5216252206111673,3.5216252206111673,1.3412335420430253,1.362211586120399,0.06277948162960711,86.4561352293076,-0.5000014146766626,-0.5000014146766626,0.5000148874664214,0.5000148874664214,-1.3898658862348963e-09,-1.3898658862348963e-09,-2.35401517264751e-17,-2.35401517264751e-17,0.49999980696774554,0.49999980696774554,-3.0860365358252544,-3.0860365358252544,-0.010061795591718924,-0.010061795591718924
25,3,sqp_full,sqp_full,,10,1,98,39.594650718079116,762.3162671256571,-707.6974309637069,-100.02520756968806,759.4454780112894,-706.3438974793088,-100.39762987219066,760.2922271418961,-705.02807472896,-100.20978015873273,760.2922271418961,-705.02807472896,-100.20978015873273,1.5647279637428806,1.575963551407573,1.5647279637428806,1.575963551407573,0.0,0.0,3.1738750814356185,3.3499553077384783,3.3499553077384783,1.3397681765451757,0.8276443387251984,0.5699256117515591,22.69376169881615,1.183078304210338e-05,1.183078304210338e-05,-0.36256057813814985,-0.36256057813814985,-8.3903749674713e-10,-8.3903749674713e-10,1.0358425322008531e-16,1.0358425322008531e-16,0.2651303242444848,0.2651303242444848,-5.2359903085135615,-5.2359903085135615,0.4848850700672895,0.4848850700672895
25,4,sqp_full,sqp_full,,10,1,99,39.99869112211949,761.966229403407,-707.4956336026314,-100.02546478978692,756.6582546710475,-704.8715955567766,-100.00390386954935,760.8247131175314,-704.874556608268,-100.59722153804367,760.8247131175314,-704.874556608268,-100.59722153804367,4.16645949867545,4.208492676701532,4.16645949867545,4.208492676701532,0.0,0.0,5.921163012910667,2.8588641173201252,2.8588641173201252,3.1766817694943112,0.6761804123393113,-0.1397914117469741,131.05150511709903,1.1143310349481237e-05,1.1143310349481237e-05,0.48385847650708613,0.48385847650708613,-6.403180257648166e-10,-6.403180257648166e-10,7.588655201633973e-17,7.588655201633973e-17,0.28871666160857473,0.28871666160857473,-2.2501953713121027e-06,-2.2501953713121027e-06,0.486486027852782,0.486486027852782
25,5,sqp_full,sqp_full,,10,1,99,39.99869112211949,761.966229403407,-707.4956336026314,-100.02546478978692,753.8317288800072,-703.3901003343988,-99.1543823508122,760.668603119698,-705.3076762349864,-101.55162001120807,760.668603119698,-705.3076762349864,-101.55162001120807,7.1007004375527805,7.494444282552411,7.1007004375527805,7.494444282552411,0.0,0.0,9.111833085705596,2.543814343619672,2.543814343619672,3.3023874624492806,1.059641160039911,-0.09272141412079739,106.79616193917995,9.980931385563498e-06,9.980931385563498e-06,0.4838605980117988,0.4838605980117988,-3.0191656655962074e-10,-3.0191656655962074e-10,5.438921347009848e-17,5.438921347009848e-17,0.28871687530846113,0.28871687530846113,-1.989360653754436e-06,-1.989360653754436e-06,0.4927095831062192,0.4927095831062192
25,6,sqp_full,sqp_full,,10,1,99,39.99869112211949,761.966229403407,-707.4956336026314,-100.02546478978692,751.4214623030781,-702.0967390432542,-99.8609810233607,759.7973037334144,-705.561522959312,-100.09450070636285,759.7973037334144,-705.561522959312,-100.09450070636285,9.064184864129453,9.067192437213567,9.064184864129453,9.067192437213567,0.0,0.0,11.846525890042823,2.906032095926369,2.906032095926369,2.8251460290292867,1.7166238517920942,0.09298431834410387,81.19746209448908,9.080067228855767e-06,9.080067228855767e-06,0.48386204795355714,0.48386204795355714,1.4337607680561178e-10,1.4337607680561178e-10,3.7765467807406594e-17,3.7765467807406594e-17,0.28871709987250127,0.28871709987250127,-1.7905646796810818e-06,-1.7905646796810818e-06,0.45066039567358074,0.45066039567358074
25,7,sqp_full,sqp_full,,10,1,99,39.99869112211949,761.966229403407,-707.4956336026314,-100.02546478978692,748.6998328664972,-704.3428185907275,-101.12851438309247,762.0531332748648,-704.5832316371358,-100.6869026176086,762.0531332748648,-704.5832316371358,-100.6869026176086,13.355464433294447,13.362763605647102,13.355464433294447,13.362763605647102,0.0,0.0,13.635890861026327,2.9136982499046655,2.9136982499046655,3.7495040927666454,2.5291818549825607,-0.5395889629925869,143.1242709302921,8.426004309878657e-06,8.426004309878657e-06,0.4838627048609392,0.4838627048609392,4.5583397918713407e-10,4.5583397918713407e-10,2.5331850216229806e-17,2.5331850216229806e-17,0.28871724868257237,0.28871724868257237,-1.6308411812032474e-06,-1.6308411812032474e-06,0.22550512883897383,0.22550512883897383
25,8,sqp_full,sqp_full,,10,1,99,39.99869112211949,761.966229403407,-707.4956336026314,-100.02546478978692,785.1737180718187,-709.7529764119118,-102.32780552333423,760.0818949038584,-705.1931656434813,-100.31589941697469,760.0818949038584,-705.1931656434813,-100.31589941697469,25.50277365574353,25.582009895958,25.50277365574353,25.582009895958,0.0,0.0,23.3170136778504,2.9752437226390347,2.9752437226390347,36.89244379083816,2.096531321565534,-0.05072826235318992,153.20942326673998,8.193240594477366e-06,8.193240594477366e-06,0.4838624257675762,0.4838624257675762,8.216495553920761e-10,8.216495553920761e-10,1.620233190729125e-17,1.620233190729125e-17,0.2887173898618641,0.2887173898618641,-1.5549183049228513e-06,-1.5549183049228513e-06,-0.010000162682124699,-0.010000162682124699
25,9,sqp_full,sqp_full,,10,1,99,39.99869112211949,761.966229403407,-707.4956336026314,-100.02546478978692,747.5148696112788,-702.8918756250574,-99.36244199943438,760.1970933953875,-705.2579948668586,-100.69258201807453,760.1970933953875,-705.2579948668586,-100.69258201807453,12.90105888586798,12.969448440308524,12.90105888586798,12.969448440308524,0.0,0.0,15.166950496313339,2.852519820562674,2.852519820562674,38.393449339830866,0.3992033349380085,-0.004002588371802558,112.64061292599165,0.5000074158471509,0.5000074158471509,-0.4999854279927388,-0.4999854279927388,1.1553946374166906e-09,1.1553946374166906e-09,8.785821746851432e-18,8.785821746851432e-18,-0.4999998775507605,-0.4999998775507605,-5.2359891406029595,-5.2359891406029595,0.49999938912717157,0.49999938912717157
25,10,sqp_full,sqp_full,,10,0,99,39.99869112211949,761.966229403407,-707.4956336026314,-100.02546478978692,745.0005503465984,-701.1663362034345,-100.68873220978824,760.6042306192952,-705.1510326462633,-101.28764653928518,nan,nan,nan,16.104429322209434,16.115562111453503,nan,nan,nan,nan,18.10785109907076,2.711493008016925,nan,3.3254072506082717,nan,nan,nan,6.3760261283148866e-06,nan,0.4838603311406689,nan,1.5416708111760593e-09,nan,6.267234724160627e-18,nan,0.10181509310151603,nan,-1.1685122924826142e-06,nan,0.49999979108934733,nan
25,11,sqp_full,sqp_full,,10,0,99,39.99869112211949,761.966229403407,-707.4956336026314,-100.02546478978692,743.7023728363125,-701.6971220278989,-100.86810205968143,760.7351805566728,-704.8195679110804,-100.52907906203959,nan,nan,nan,17.316645377559908,17.319963733365526,nan,nan,nan,nan,19.16223351245132,2.945642349054254,nan,1.4139207837482506,nan,nan,nan,6.130737152307348e-06,nan,0.483857960129342,nan,1.2460055198350792e-09,nan,-4.1633195873040204e-19,nan,0.2887176018411699,nan,-1.0681642092222463e-06,nan,0.20180954805485884,nan
25,12,sqp_full,sqp_full,,10,0,99,39.99869112211949,761.966229403407,-707.4956336026314,-100.02546478978692,774.1768154715796,-708.65083017547,-100.45417349756352,760.4047937452325,-705.1904927479561,-101.04688231399179,nan,nan,nan,14.200088645611773,14.212453035430027,nan,nan,nan,nan,12.265108692961055,2.7841974920095995,nan,31.260471010308315,nan,nan,nan,6.176956716574127e-06,nan,0.4838548225752196,nan,8.20417921980556e-10,nan,-8.146554277417895e-18,nan,0.2887174655807096,nan,-1.0201915941743539e-06,nan,-0.010000960000094282,nan
25,13,sqp_full,sqp_full,,10,0,99,39.99869112211949,761.966229403407,-707.4956336026314,-100.02546478978692,770.412911315032,-711.1568925941102,-97.47928434492178,760.3378001356494,-705.0086062593009,-100.3035899775571,nan,nan,nan,11.802935657357494,12.1361440514793,nan,nan,nan,nan,9.206044357858326,2.972723816058812,nan,5.412697000230387,nan,nan,nan,5.381046845035292e-06,nan,0.48385162986280145,nan,5.720335223034633e-10,nan,-1.0842995661782847e-17,nan,-0.5000000010966772,nan,-8.568570359759944e-07,nan,0.3338748029030838,nan
25,14,sqp_full,sqp_full,,10,0,99,39.99869112211949,761.966229403407,-707.4956336026314,-100.02546478978692,765.5717889621993,-705.629249992843,-99.51249243507765,760.1438238161672,-705.1565039628986,-100.4043767341339,nan,nan,nan,5.448513048104803,5.521028168581589,nan,nan,nan,nan,4.059981220508925,2.965246970469793,nan,7.623990654526958,nan,nan,nan,4.3153551374471195e-06,nan,0.48384831064412737,nan,2.850544730247583e-10,nan,-1.1842224557441085e-17,nan,0.28871736099284545,nan,-6.647560600920823e-07,nan,0.4999869917344449,nan
26,0,sqp_full,sqp_full,,10,1,97,39.19061031403869,762.666304847907,-707.8992283247824,-100.0249503495892,762.5749962837286,-707.7896771897779,-101.18930876679701,761.0349235290076,-706.0914730343152,-102.49961682767727,761.0349235290076,-706.0914730343152,-102.49961682767727,2.292536028825908,2.640573547143248,2.292536028825908,2.640573547143248,0.0,0.0,0.14261383198371175,2.435032689280778,2.435032689280778,3.508642899107846,2.159171135307438,0.4061535034896667,48.70031594393908,-0.4999967398828446,-0.4999967398828446,0.4999999827981519,0.4999999827981519,2.6826646188634335e-10,2.6826646188634335e-10,2.9944716247461127e-18,2.9944716247461127e-18,0.5000001048966092,0.5000001048966092,-5.235988366440793,-5.235988366440793,0.16537385919896416,0.16537385919896416
26,1,sqp_full,sqp_full,,10,1,98,39.594650718079116,762.3162671256571,-707.6974309637069,-100.02520756968806,762.6950455450774,-707.8755592480067,-100.34940992878784,760.3762710613555,-705.0364306731461,-100.62058102927702,760.3762710613555,-705.0364306731461,-100.62058102927702,3.665701320477268,3.6757176083982985,3.665701320477268,3.6757176083982985,0.0,0.0,0.41857230759589864,3.293099949268095,3.293099949268095,0.8527705501277199,2.253378128205511,1.936861828297122,42.86253793658749,-0.4999968717083695,-0.4999968717083695,0.4999999869497163,0.4999999869497163,2.685413853679732e-10,2.685413853679732e-10,3.0276875031816394e-18,3.0276875031816394e-18,0.5000001067121137,0.5000001067121137,-1.6073030367787655,-1.6073030367787655,0.1738419049206518,0.1738419049206518
26,2,sqp_full,sqp_full,,10,1,99,39.99869112211949,761.966229403407,-707.4956336026314,-100.02546478978692,762.4318246201805,-707.6794320032988,-100.68394460586156,760.3022415975249,-705.1295162575748,-100.78237399266742,760.3022415975249,-705.1295162575748,-100.78237399266742,3.322227289135041,3.3236850790742105,3.322227289135041,3.3236850790742105,0.0,0.0,0.5005604438727533,2.892640093185203,2.892640093185203,0.468683903697484,0.20080401028395423,0.251997095136242,53.97271600323689,-0.49999791711359864,-0.49999791711359864,0.5000008600465559,0.5000008600465559,-9.7777008865078e-11,-9.7777008865078e-11,-1.026299683093902e-17,-1.026299683093902e-17,0.500000041591314,0.500000041591314,-3.698153645715952,-3.698153645715952,0.024797787660954796,0.024797787660954796
26,3,sqp_full,sqp_full,,10,1,99,39.99869112211949,761.966229403407,-707.4956336026314,-100.02546478978692,761.8674986500349,-707.4570233686007,-99.80368791534111,760.2853445352793,-705.157683194916,-100.83475263873937,760.2853445352793,-705.157683194916,-100.83475263873937,2.7910888336200492,2.9754447299512856,2.7910888336200492,2.9754447299512856,0.0,0.0,0.10601184760840693,2.8794766970471914,2.8794766970471914,1.069009467953843,0.06182563898616407,-0.03748379049523641,130.4001215842696,0.5000028617585103,0.5000028617585103,0.4087884676595093,0.4087884676595093,8.324098356789955e-10,8.324098356789955e-10,9.996164034316554e-18,9.996164034316554e-18,-0.49999965989369133,-0.49999965989369133,3.535827759242563,3.535827759242563,0.36915870872208467,0.36915870872208467
26,4,sqp_full,sqp_full,,10,1,99,39.99869112211949,761.966229403407,-707.4956336026314,-100.02546478978692,761.8796954020967,-707.4434355527679,-100.1371532738159,760.438782858017,-704.9470780747017,-100.32854906785582,760.438782858017,-704.9470780747017,-100.32854906785582,2.882365281844597,2.888712856612657,2.882365281844597,2.888712856612657,0.0,0.0,0.10105824950171624,2.971233452282968,2.971233452282968,0.33396487061168323,0.5693328470414475,-1.4710348218126696,149.6431018510858,0.014614907886273981,0.014614907886273981,0.35786429283152593,0.35786429283152593,-4.6866255216622445e-11,-4.6866255216622445e-11,-4.503394447175633e-19,-4.503394447175633e-19,0.08959492192965006,0.08959492192965006,-0.04968013951994921,-0.04968013951994921,0.4999978726877999,0.4999978726877999
26,5,sqp_full,sqp_full,,10,1,99,39.99869112211949,761.966229403407,-707.4956336026314,-100.02546478978692,761.920393646687,-707.4822402888985,-99.74832707280827,760.1501872428731,-705.1750773844556,-100.49735838404611,760.1501872428731,-705.1750773844556,-100.49735838404611,2.9080287790428514,3.0029451018885,2.9080287790428514,3.0029451018885,0.0,0.0,0.047752460113128184,2.9466914142054383,2.9466914142054383,0.39287144112154204,0.4046822204658314,-0.4440315432870777,115.53563288851252,0.12185612288283142,0.12185612288283142,0.49999985484215337,0.49999985484215337,2.33874118810838e-09,2.33874118810838e-09,2.3102069336292098e-17,2.3102069336292098e-17,-0.21128162452339108,-0.21128162452339108,1.8383278128658325,1.8383278128658325,0.5000005647437895,0.5000005647437895
26,6,sqp_full,sqp_full,,10,1,99,39.99869112211949,761.966229403407,-707.4956336026314,-100.02546478978692,761.9168897889552,-707.47016260984,-100.0175146353735,760.3630586872248,-705.0400564870802,-99.71289219718857,760.3630586872248,-705.0400564870802,-99.71289219718857,2.88440754065377,2.9004485326283707,2.88440754065377,2.9004485326283707,0.0,0.0,0.05552629132254859,2.932578271017493,2.932578271017493,0.2694811518274599,0.823973356894038,-2.8956679825089844,161.26790835339443,-0.4999961396549321,-0.4999961396549321,0.3852448077525354,0.3852448077525354,1.8744115872372252e-09,1.8744115872372252e-09,1.7024334973871247e-17,1.7024334973871247e-17,0.5000008390649575,0.5000008390649575,-2.233037776915736,-2.233037776915736,0.4999985702416431,0.4999985702416431
26,7,sqp_full,sqp_full,,10,1,99,39.99869112211949,761.966229403407,-707.4956336026314,-100.02546478978692,761.9234939819218,-707.4665849983377,-100.05484664110242,761.265691472554,-704.6059208739521,-99.95797628084966,761.265691472554,-704.6059208739521,-99.95797628084966,2.9353199781075276,2.9369179832900802,2.9353199781075276,2.9369179832900802,0.0,0.0,0.05167337477799283,2.973414375235193,2.973414375235193,0.038080090868374515,1.031157545577386,11.491543223144374,64.88879694890356,-0.49999621033318764,-0.49999621033318764,0.3336853550785519,0.3336853550785519,2.0758533910142475e-09,2.0758533910142475e-09,1.9260818235478353e-17,1.9260818235478353e-17,0.5000009392584731,0.5000009392584731,-2.7044502228451286,-2.7044502228451286,0.4999980453084037,0.4999980453084037
26,8,sqp_full,sqp_full,,10,1,99,39.99869112211949,761.966229403407,-707.4956336026314,-100.02546478978692,761.9799603587757,-707.4891716308824,-100.38384637540321,760.9217641752267,-704.998134080523,-101.18921582656573,760.9217641752267,-704.998134080523,-101.18921582656573,2.7064824477869243,2.8237682612148833,2.7064824477869243,2.8237682612148833,0.0,0.0,0.015175513639409827,2.7071038908416907,2.7071038908416907,0.3345735088956093,1.3371866003630395,3.5243695678536824,28.137050809414117,-0.499996376474343,-0.499996376474343,0.42063478690904293,0.42063478690904293,2.5464147266962968e-09,2.5464147266962968e-09,2.4150418842528377e-17,2.4150418842528377e-17,0.5000011651100069,0.5000011651100069,-2.222580799256055,-2.222580799256055,0.4999982916275857,0.4999982916275857
26,9,sqp_full,sqp_full,,10,1,99,39.99869112211949,761.966229403407,-707.4956336026314,-100.02546478978692,762.1949992549793,-707.6533110495225,-99.54928207828983,760.3391248349299,-705.0336315783695,-100.44967796931543,760.3391248349299,-705.0336315783695,-100.44967796931543,3.21045018565526,3.3343219933218324,3.21045018565526,3.3343219933218324,0.0,0.0,0.27784496080802185,2.9510884846492607,2.9510884846492607,0.8773146765261957,0.9421490941041836,0.6466682731283666,52.97470819720397,-0.25917709768055486,-0.25917709768055486,0.4999996378752769,0.4999996378752769,3.4197961014552106e-09,3.4197961014552106e-09,3.9848400304280995e-17,3.9848400304280995e-17,-0.21128109996952021,-0.21128109996952021,2.6146091360919517,2.6146091360919517,0.5000038224378547,0.5000038224378547
26,10,sqp_full,sqp_full,,10,0,99,39.99869112211949,761.966229403407,-707.4956336026314,-100.02546478978692,761.9021281210285,-707.5030141905452,-99.83047342268998,761.194686733104,-704.6395610729445,-99.7214217524946,nan,nan,nan,2.9495486220853535,2.951563880524697,nan,nan,nan,nan,0.06452478191005938,2.9584503353835427,nan,0.4329332732484732,nan,nan,nan,-0.4999982788972278,nan,-0.008474245896701788,nan,2.1708379824219088e-09,nan,2.0461572068016863e-17,nan,0.5000010247707881,nan,-3.625215981911726,nan,0.49999716293767493,nan
26,11,sqp_full,sqp_full,,10,0,99,39.99869112211949,761.966229403407,-707.4956336026314,-100.02546478978692,762.1000731989764,-707.5122805543917,-100.4767080157145,760.0298543440526,-705.2647897573662,-100.45611520849255,nan,nan,nan,3.055653938193267,3.055723327414526,nan,nan,nan,nan,0.13487506298530882,2.954016356157792,nan,0.6759343670832972,nan,nan,nan,-0.4999977442553319,nan,0.499999649550042,nan,1.3768351462513515e-09,nan,1.884016689201952e-17,nan,0.5000006217472271,nan,-3.3818857136051927,nan,0.5000024370939526,nan
26,12,sqp_full,sqp_full,,10,0,99,39.99869112211949,761.966229403407,-707.4956336026314,-100.02546478978692,762.010910063952,-707.5263645185717,-99.86063909041285,760.5894509061665,-705.0798745532602,-101.0854892067487,nan,nan,nan,2.8294627206631144,3.0831991656573656,nan,nan,nan,nan,0.05422868817570693,2.7805414607740406,nan,0.6226470456179087,nan,nan,nan,-0.4999949510220999,nan,0.499999435104749,nan,7.349051114033004e-10,nan,1.5173789954227896e-17,nan,0.5000003059638969,nan,-0.8936424198684577,nan,0.5000051315524425,nan
26,13,sqp_full,sqp_full,,10,0,99,39.99869112211949,761.966229403407,-707.4956336026314,-100.02546478978692,762.1322987353738,-707.56647229782,-100.13867645697191,760.6643259011263,-704.8447442937158,-100.5139685046055,nan,nan,nan,3.0923692487174965,3.1150588584215595,nan,nan,nan,nan,0.1805467910428978,2.953331484505976,nan,0.3060206213784854,nan,nan,nan,-0.49999601597257354,nan,0.4557165308888209,nan,7.269436651871866e-11,nan,-1.713781538479169e-18,nan,0.5000000499109362,nan,-1.735458225819443,nan,0.49999787675334234,nan
26,14,sqp_full,sqp_full,,10,0,99,39.99869112211949,761.966229403407,-707.4956336026314,-100.02546478978692,762.0599564736802,-707.5456016483248,-100.3296844850924,760.2599000411697,-705.1791065701287,-100.83451126979159,nan,nan,nan,2.973298188098429,3.015850161712138,nan,nan,nan,nan,0.10621473199332421,2.8771265847629395,nan,0.20531208840143347,nan,nan,nan,-0.13202054413337505,nan,-0.016151723759411166,nan,-2.4629561898152973e-10,nan,-3.47028245952016e-18,nan,0.49999988396003314,nan,-1.75112009378235,nan,0.4999995815400152,nan
27,0,sqp_full,sqp_full,,10,1,99,39.99869112211949,761.966229403407,-707.4956336026314,-100.02546478978692,761.5268945711027,-707.2041208142358,-101.13486746281384,760.3660750428838,-704.9675231695272,-100.01284010365904,760.3660750428838,-704.9675231695272,-100.01284010365904,2.519895037776378,2.758408308445635,2.519895037776378,2.758408308445635,0.0,0.0,0.527252122493748,2.9919619548837826,2.9919619548837826,2.5673537175816015,0.44263298148651875,-0.06232356982144776,111.19162643440688,-0.5000113216719221,-0.5000113216719221,0.49154176168876607,0.49154176168876607,-1.6211100248307948e-09,-1.6211100248307948e-09,-4.383342186333538e-17,-4.383342186333538e-17,0.4999996720830616,0.4999996720830616,-5.235985554833515,-5.235985554833515,0.2742276763420688,0.2742276763420688
27,1,sqp_full,sqp_full,,10,1,99,39.99869112211949,761.966229403407,-707.4956336026314,-100.02546478978692,761.7686957277273,-707.3996026851893,-100.19353622092068,760.0053333205528,-705.2986633850497,-99.70515484888243,760.0053333205528,-705.2986633850497,-99.70515484888243,2.7428804060525374,2.786020331307883,2.7428804060525374,2.786020331307883,0.0,0.0,0.21963945486259476,2.9447905841831874,2.9447905841831874,0.9913553692700999,0.5783239996520229,0.2718170901138091,62.228584579261224,-0.500010741936669,-0.500010741936669,0.500015052085536,0.500015052085536,-1.5981147018290453e-09,-1.5981147018290453e-09,-3.265481897513462e-17,-3.265481897513462e-17,0.4999996621096912,0.4999996621096912,-4.803266060291987,-4.803266060291987,0.4484486357795065,0.4484486357795065
27,2,sqp_full,sqp_full,,10,1,99,39.99869112211949,761.966229403407,-707.4956336026314,-100.02546478978692,762.1745084523264,-707.4257671703148,-101.2533049911538,760.1912830219372,-705.0990037719336,-100.13282230804948,760.1912830219372,-705.0990037719336,-100.13282230804948,3.0572881806903625,3.25614687367226,3.0572881806903625,3.25614687367226,0.0,0.0,0.219684957572039,2.9823261395232574,2.9823261395232574,1.135111621863647,0.5072875990846472,0.4062663244109776,24.623479398950586,-0.500009136567812,-0.500009136567812,0.5000130728889722,0.5000130728889722,-1.7123934841453572e-09,-1.7123934841453572e-09,-2.923935671830158e-17,-2.923935671830158e-17,0.4999995565478298,0.4999995565478298,-2.2834201494147375,-2.2834201494147375,0.49342695885126686,0.49342695885126686
27,3,sqp_full,sqp_full,,10,1,99,39.99869112211949,761.966229403407,-707.4956336026314,-100.02546478978692,762.1282827919846,-707.3933579021996,-100.72014137322176,759.8643079342091,-705.818751042388,-101.32480364410954,759.8643079342091,-705.818751042388,-101.32480364410954,2.757710811453115,2.8232225171673164,2.757710811453115,2.8232225171673164,0.0,0.0,0.19162885912173105,2.688867602453488,2.688867602453488,0.536144211775328,1.430303585549915,-2.239455715627012,147.08229836799677,-0.4999974814762723,-0.4999974814762723,0.5000057678520191,0.5000057678520191,-1.7895118548485925e-09,-1.7895118548485925e-09,-3.538212163468015e-17,-3.538212163468015e-17,0.49999907366172597,0.49999907366172597,0.5309756248611177,0.5309756248611177,0.500059579711081,0.500059579711081
27,4,sqp_full,sqp_full,,10,1,99,39.99869112211949,761.966229403407,-707.4956336026314,-100.02546478978692,761.7877273897218,-707.4020734739962,-100.1127077743904,760.4015393082144,-704.9785494756524,-100.3623920516169,760.4015393082144,-704.9785494756524,-100.3623920516169,2.791950208700333,2.803092614623347,2.791950208700333,2.803092614623347,0.0,0.0,0.20153527373627106,2.9637759018327343,2.9637759018327343,0.6964406077989435,1.3859265115167372,0.8129840288239252,65.88736015594431,-0.4999989865629833,-0.4999989865629833,-0.41981161048969134,-0.41981161048969134,-1.7511662283730017e-09,-1.7511662283730017e-09,-3.700287294681451e-17,-3.700287294681451e-17,0.49999916432881875,0.49999916432881875,-4.910800335954139,-4.910800335954139,0.5000417283662489,0.5000417283662489
27,5,sqp_full,sqp_full,,10,1,99,39.99869112211949,761.966229403407,-707.4956336026314,-100.02546478978692,761.8293936485059,-707.4494346864947,-100.06057875480546,760.5568431220363,-705.1140743711161,-101.10239066102889,760.5568431220363,-705.1140743711161,-101.10239066102889,2.659566251301764,2.8563376363819795,2.659566251301764,2.8563376363819795,0.0,0.0,0.14442424890437802,2.7673442256669727,2.7673442256669727,0.081832733385106,0.7681693913517766,-3.835657513403172,114.1175996396644,-0.4999991808651986,-0.4999991808651986,0.4838511148050707,0.4838511148050707,-1.6519108604250315e-09,-1.6519108604250315e-09,-3.704969137659432e-17,-3.704969137659432e-17,0.4999992289759151,0.4999992289759151,-2.9185792413176648,-2.9185792413176648,0.5000345927696268,0.5000345927696268
27,6,sqp_full,sqp_full,,10,1,99,39.99869112211949,761.966229403407,-707.4956336026314,-100.02546478978692,761.8715240811327,-707.4135606720232,-100.33104830452416,760.3006004290811,-705.0400926814765,-99.68488976680742,760.3006004290811,-705.0400926814765,-99.68488976680742,2.846252171316748,2.918676460073905,2.846252171316748,2.918676460073905,0.0,0.0,0.12531984681487307,2.9671537027226607,2.9671537027226607,0.27607190293954975,1.4423738742827779,-5.137162638853449,169.5011062909368,-0.4999977442846706,-0.4999977442846706,-0.35326600664254365,-0.35326600664254365,-1.5504206228873442e-09,-1.5504206228873442e-09,-3.9564011340499763e-17,-3.9564011340499763e-17,0.4999992331066686,0.4999992331066686,-3.2392463158307625,-3.2392463158307625,0.5000378636429434,0.5000378636429434
27,7,sqp_full,sqp_full,,10,1,99,39.99869112211949,761.966229403407,-707.4956336026314,-100.02546478978692,761.9340240230794,-707.4283310278267,-100.00459954323325,761.012511979446,-704.7993596460296,-99.29552700785352,761.012511979446,-704.7993596460296,-99.29552700785352,2.785798803372077,2.8746232506711444,2.785798803372077,2.8746232506711444,0.0,0.0,0.07461114593275142,2.8599773030246185,2.8599773030246185,0.33270587596592305,0.8463886861002737,1.5181213343127375,53.3620546445089,-0.49999778668232625,-0.49999778668232625,0.05898475106757949,0.05898475106757949,-1.4517107361840512e-09,-1.4517107361840512e-09,-3.9501964452108034e-17,-3.9501964452108034e-17,0.49999928914639064,0.49999928914639064,-2.5658951556529317,-2.5658951556529317,0.5000327224844534,0.5000327224844534
27,8,sqp_full,sqp_full,,10,1,99,39.99869112211949,761.966229403407,-707.4956336026314,-100.02546478978692,761.8522329182763,-707.4441132529013,-100.60261524932736,760.3971178075436,-705.1075274853008,-100.89319117933765,760.3971178075436,-705.1075274853008,-100.89319117933765,2.7526338359534037,2.7679283599719295,2.7526338359534037,2.7679283599719295,0.0,0.0,0.12509814170679986,2.8574747641764566,2.8574747641764566,0.603789407151558,1.7396000140309595,2.7721665623430956,15.808420536058595,-0.4999997962266313,-0.4999997962266313,-0.49999971821093914,-0.49999971821093914,-1.2557946778461567e-09,-1.2557946778461567e-09,-3.068178282421203e-17,-3.068178282421203e-17,0.4999994573777519,0.4999994573777519,-5.235987742175062,-5.235987742175062,0.5000165706458616,0.5000165706458616
27,9,sqp_full,sqp_full,,10,1,99,39.99869112211949,761.966229403407,-707.4956336026314,-100.02546478978692,761.988224435083,-707.427286179347,-100.85742616505938,760.3953097268342,-704.9596601875108,-100.00597709338182,760.3953097268342,-704.9596601875108,-100.00597709338182,2.9370998116067604,3.05802564165199,2.9370998116067604,3.05802564165199,0.0,0.0,0.07179938501160216,2.9831107576558527,2.9831107576558527,0.2893189344373565,0.8994536348417287,-2.6740141125999815,149.33066524668288,-0.5000014068831892,-0.5000014068831892,-0.49999960540390737,-0.49999960540390737,-1.1569881408232924e-09,-1.1569881408232924e-09,-2.33120611459152e-17,-2.33120611459152e-17,0.49999956601200246,0.49999956601200246,-4.409285122679847,-4.409285122679847,0.5000019692385004,0.5000019692385004
27,10,sqp_full,sqp_full,,10,0,99,39.99869112211949,761.966229403407,-707.4956336026314,-100.02546478978692,761.9951776467285,-707.4469933363094,-100.05296066465037,759.6668979738064,-705.7063861633621,-100.62768380637343,nan,nan,nan,2.906991497383191,2.963259397266831,nan,nan,nan,nan,0.05660279409422864,2.9134741155674435,nan,0.8047368890115879,nan,nan,nan,-0.4999961615809012,nan,0.48384579753685747,nan,-1.1309330708624193e-09,nan,-4.351887071413989e-17,nan,0.49999939496236906,nan,0.38171073096837993,nan,0.5000331077951097,nan
27,11,sqp_full,sqp_full,,10,0,99,39.99869112211949,761.966229403407,-707.4956336026314,-100.02546478978692,761.9781151910679,-707.4550680107027,-100.36844298064614,760.3655187758262,-705.0145030175432,-100.51835435237186,nan,nan,nan,2.9252050670484433,2.9290438889949355,nan,nan,nan,nan,0.04227102076897701,2.9526739565198494,nan,0.316046546359514,nan,nan,nan,-0.4999999127500898,nan,-0.5000009113762519,nan,-9.567979052492307e-10,nan,-2.4748888700828425e-17,nan,0.4999996058185981,nan,-2.4427747313094224,nan,0.5000049370236164,nan
27,12,sqp_full,sqp_full,,10,0,99,39.99869112211949,761.966229403407,-707.4956336026314,-100.02546478978692,762.0447980095253,-707.4310436293473,-100.41476061556867,760.3617386881525,-704.9826144953106,-100.24039577786795,nan,nan,nan,2.9711098774127014,2.976221933976987,nan,nan,nan,nan,0.10170983490405326,2.981552529991337,nan,0.08467049357209352,nan,nan,nan,-0.5000002830452746,nan,-0.5000006792936951,nan,-8.534074979060415e-10,nan,-2.095203708640477e-17,nan,0.499999663292312,nan,-2.417232244561077,nan,0.5000000784737425,nan
27,13,sqp_full,sqp_full,,10,0,99,39.99869112211949,761.966229403407,-707.4956336026314,-100.02546478978692,762.0762547222395,-707.5347457345922,-100.85389059163897,760.3199434987886,-705.0148810261854,-100.19287761919124,nan,nan,nan,3.0715382566872145,3.1418601834004845,nan,nan,nan,nan,0.11677041427814129,2.977312651585113,nan,0.4523038661016684,nan,nan,nan,-0.4994737163876301,nan,-0.5000006637825345,nan,-7.741325304893703e-10,nan,-2.1909701708931125e-17,nan,0.4999996798361377,nan,-3.113822716673512,nan,0.500001619813732,nan
27,14,sqp_full,sqp_full,,10,0,99,39.99869112211949,761.966229403407,-707.4956336026314,-100.02546478978692,761.8376257474158,-707.4224305307134,-100.29031212787731,760.6769376402063,-704.8698647687247,-100.64616438740201,nan,nan,nan,2.804066484856323,2.826556152299707,nan,nan,nan,nan,0.1479783432551692,2.9252239606179167,nan,0.6222372356775699,nan,nan,nan,0.3679793655026933,nan,-0.500000266731387,nan,-3.6923929326661787e-10,nan,-9.739224910416469e-18,nan,0.49999985423199944,nan,-2.2363144915943938,nan,0.4999995303533801,nan
