
========================================================================
  open loop  x1  rep 1/2
========================================================================
RTDEReceiveInterface boost system Exception: (asio.misc:2) End of file
[open-loop] 132 samples, plan dt 0.100s -> playback dt 0.100s (x1.00), L0 30.0 mm
[reset] at reference joints (dq=0.0000)
[DEBUG] roi_desc = {'type': 'polygon', 'polygon': [(329.0, 318.0), (351.0, 301.0), (373.0, 280.0), (395.0, 264.0), (410.0, 237.0), (399.0, 194.0), (357.0, 161.0), (310.0, 167.0), (271.0, 175.0), (237.0, 188.0), (221.0, 208.0), (219.0, 222.0), (219.0, 239.0), (234.0, 245.0), (249.0, 255.0), (260.0, 269.0), (286.0, 288.0), (303.0, 300.0), (314.0, 310.0), (321.0, 313.0)]}
[DEBUG] mask nonzero = 228
[DEBUG] found 3 raw contours
[DEBUG] kept 3 candidates after filtering
[DEBUG] roi_desc = {'type': 'polygon', 'polygon': [(329.0, 318.0), (351.0, 301.0), (373.0, 280.0), (395.0, 264.0), (410.0, 237.0), (399.0, 194.0), (357.0, 161.0), (310.0, 167.0), (271.0, 175.0), (237.0, 188.0), (221.0, 208.0), (219.0, 222.0), (219.0, 239.0), (234.0, 245.0), (249.0, 255.0), (260.0, 269.0), (286.0, 288.0), (303.0, 300.0), (314.0, 310.0), (321.0, 313.0)]}
[DEBUG] mask nonzero = 236
[DEBUG] found 3 raw contours
[DEBUG] kept 3 candidates after filtering
[DEBUG] roi_desc = {'type': 'polygon', 'polygon': [(329.0, 318.0), (351.0, 301.0), (373.0, 280.0), (395.0, 264.0), (410.0, 237.0), (399.0, 194.0), (357.0, 161.0), (310.0, 167.0), (271.0, 175.0), (237.0, 188.0), (221.0, 208.0), (219.0, 222.0), (219.0, 239.0), (234.0, 245.0), (249.0, 255.0), (260.0, 269.0), (286.0, 288.0), (303.0, 300.0), (314.0, 310.0), (321.0, 313.0)]}
[DEBUG] mask nonzero = 237
[DEBUG] found 3 raw contours
[DEBUG] kept 3 candidates after filtering
[DEBUG] roi_desc = {'type': 'polygon', 'polygon': [(329.0, 318.0), (351.0, 301.0), (373.0, 280.0), (395.0, 264.0), (410.0, 237.0), (399.0, 194.0), (357.0, 161.0), (310.0, 167.0), (271.0, 175.0), (237.0, 188.0), (221.0, 208.0), (219.0, 222.0), (219.0, 239.0), (234.0, 245.0), (249.0, 255.0), (260.0, 269.0), (286.0, 288.0), (303.0, 300.0), (314.0, 310.0), (321.0, 313.0)]}
[DEBUG] mask nonzero = 231
[DEBUG] found 3 raw contours
[DEBUG] kept 3 candidates after filtering
[DEBUG] roi_desc = {'type': 'polygon', 'polygon': [(329.0, 318.0), (351.0, 301.0), (373.0, 280.0), (395.0, 264.0), (410.0, 237.0), (399.0, 194.0), (357.0, 161.0), (310.0, 167.0), (271.0, 175.0), (237.0, 188.0), (221.0, 208.0), (219.0, 222.0), (219.0, 239.0), (234.0, 245.0), (249.0, 255.0), (260.0, 269.0), (286.0, 288.0), (303.0, 300.0), (314.0, 310.0), (321.0, 313.0)]}
[DEBUG] mask nonzero = 233
[DEBUG] found 3 raw contours
[DEBUG] kept 3 candidates after filtering
[DEBUG] roi_desc = {'type': 'polygon', 'polygon': [(329.0, 318.0), (351.0, 301.0), (373.0, 280.0), (395.0, 264.0), (410.0, 237.0), (399.0, 194.0), (357.0, 161.0), (310.0, 167.0), (271.0, 175.0), (237.0, 188.0), (221.0, 208.0), (219.0, 222.0), (219.0, 239.0), (234.0, 245.0), (249.0, 255.0), (260.0, 269.0), (286.0, 288.0), (303.0, 300.0), (314.0, 310.0), (321.0, 313.0)]}
[DEBUG] mask nonzero = 232
[DEBUG] found 3 raw contours
[DEBUG] kept 3 candidates after filtering
[DEBUG] roi_desc = {'type': 'polygon', 'polygon': [(329.0, 318.0), (351.0, 301.0), (373.0, 280.0), (395.0, 264.0), (410.0, 237.0), (399.0, 194.0), (357.0, 161.0), (310.0, 167.0), (271.0, 175.0), (237.0, 188.0), (221.0, 208.0), (219.0, 222.0), (219.0, 239.0), (234.0, 245.0), (249.0, 255.0), (260.0, 269.0), (286.0, 288.0), (303.0, 300.0), (314.0, 310.0), (321.0, 313.0)]}
[DEBUG] mask nonzero = 239
[DEBUG] found 3 raw contours
[DEBUG] kept 3 candidates after filtering
[DEBUG] roi_desc = {'type': 'polygon', 'polygon': [(329.0, 318.0), (351.0, 301.0), (373.0, 280.0), (395.0, 264.0), (410.0, 237.0), (399.0, 194.0), (357.0, 161.0), (310.0, 167.0), (271.0, 175.0), (237.0, 188.0), (221.0, 208.0), (219.0, 222.0), (219.0, 239.0), (234.0, 245.0), (249.0, 255.0), (260.0, 269.0), (286.0, 288.0), (303.0, 300.0), (314.0, 310.0), (321.0, 313.0)]}
[DEBUG] mask nonzero = 230
[DEBUG] found 3 raw contours
[DEBUG] kept 3 candidates after filtering
[DEBUG] roi_desc = {'type': 'polygon', 'polygon': [(329.0, 318.0), (351.0, 301.0), (373.0, 280.0), (395.0, 264.0), (410.0, 237.0), (399.0, 194.0), (357.0, 161.0), (310.0, 167.0), (271.0, 175.0), (237.0, 188.0), (221.0, 208.0), (219.0, 222.0), (219.0, 239.0), (234.0, 245.0), (249.0, 255.0), (260.0, 269.0), (286.0, 288.0), (303.0, 300.0), (314.0, 310.0), (321.0, 313.0)]}
[DEBUG] mask nonzero = 234
[DEBUG] found 3 raw contours
[DEBUG] kept 3 candidates after filtering
[DEBUG] roi_desc = {'type': 'polygon', 'polygon': [(329.0, 318.0), (351.0, 301.0), (373.0, 280.0), (395.0, 264.0), (410.0, 237.0), (399.0, 194.0), (357.0, 161.0), (310.0, 167.0), (271.0, 175.0), (237.0, 188.0), (221.0, 208.0), (219.0, 222.0), (219.0, 239.0), (234.0, 245.0), (249.0, 255.0), (260.0, 269.0), (286.0, 288.0), (303.0, 300.0), (314.0, 310.0), (321.0, 313.0)]}
[DEBUG] mask nonzero = 233
[DEBUG] found 3 raw contours
[DEBUG] kept 3 candidates after filtering
[DEBUG] roi_desc = {'type': 'polygon', 'polygon': [(329.0, 318.0), (351.0, 301.0), (373.0, 280.0), (395.0, 264.0), (410.0, 237.0), (399.0, 194.0), (357.0, 161.0), (310.0, 167.0), (271.0, 175.0), (237.0, 188.0), (221.0, 208.0), (219.0, 222.0), (219.0, 239.0), (234.0, 245.0), (249.0, 255.0), (260.0, 269.0), (286.0, 288.0), (303.0, 300.0), (314.0, 310.0), (321.0, 313.0)]}
[DEBUG] mask nonzero = 234
[DEBUG] found 3 raw contours
[DEBUG] kept 3 candidates after filtering
[DEBUG] roi_desc = {'type': 'polygon', 'polygon': [(329.0, 318.0), (351.0, 301.0), (373.0, 280.0), (395.0, 264.0), (410.0, 237.0), (399.0, 194.0), (357.0, 161.0), (310.0, 167.0), (271.0, 175.0), (237.0, 188.0), (221.0, 208.0), (219.0, 222.0), (219.0, 239.0), (234.0, 245.0), (249.0, 255.0), (260.0, 269.0), (286.0, 288.0), (303.0, 300.0), (314.0, 310.0), (321.0, 313.0)]}
[DEBUG] mask nonzero = 232
[DEBUG] found 3 raw contours
[DEBUG] kept 3 candidates after filtering
[DEBUG] roi_desc = {'type': 'polygon', 'polygon': [(329.0, 318.0), (351.0, 301.0), (373.0, 280.0), (395.0, 264.0), (410.0, 237.0), (399.0, 194.0), (357.0, 161.0), (310.0, 167.0), (271.0, 175.0), (237.0, 188.0), (221.0, 208.0), (219.0, 222.0), (219.0, 239.0), (234.0, 245.0), (249.0, 255.0), (260.0, 269.0), (286.0, 288.0), (303.0, 300.0), (314.0, 310.0), (321.0, 313.0)]}
[DEBUG] mask nonzero = 235
[DEBUG] found 3 raw contours
[DEBUG] kept 3 candidates after filtering
[DEBUG] roi_desc = {'type': 'polygon', 'polygon': [(329.0, 318.0), (351.0, 301.0), (373.0, 280.0), (395.0, 264.0), (410.0, 237.0), (399.0, 194.0), (357.0, 161.0), (310.0, 167.0), (271.0, 175.0), (237.0, 188.0), (221.0, 208.0), (219.0, 222.0), (219.0, 239.0), (234.0, 245.0), (249.0, 255.0), (260.0, 269.0), (286.0, 288.0), (303.0, 300.0), (314.0, 310.0), (321.0, 313.0)]}
[DEBUG] mask nonzero = 235
[DEBUG] found 3 raw contours
[DEBUG] kept 3 candidates after filtering
[DEBUG] roi_desc = {'type': 'polygon', 'polygon': [(329.0, 318.0), (351.0, 301.0), (373.0, 280.0), (395.0, 264.0), (410.0, 237.0), (399.0, 194.0), (357.0, 161.0), (310.0, 167.0), (271.0, 175.0), (237.0, 188.0), (221.0, 208.0), (219.0, 222.0), (219.0, 239.0), (234.0, 245.0), (249.0, 255.0), (260.0, 269.0), (286.0, 288.0), (303.0, 300.0), (314.0, 310.0), (321.0, 313.0)]}
[DEBUG] mask nonzero = 234
[DEBUG] found 3 raw contours
[DEBUG] kept 3 candidates after filtering
[DEBUG] roi_desc = {'type': 'polygon', 'polygon': [(329.0, 318.0), (351.0, 301.0), (373.0, 280.0), (395.0, 264.0), (410.0, 237.0), (399.0, 194.0), (357.0, 161.0), (310.0, 167.0), (271.0, 175.0), (237.0, 188.0), (221.0, 208.0), (219.0, 222.0), (219.0, 239.0), (234.0, 245.0), (249.0, 255.0), (260.0, 269.0), (286.0, 288.0), (303.0, 300.0), (314.0, 310.0), (321.0, 313.0)]}
[DEBUG] mask nonzero = 234
[DEBUG] found 3 raw contours
[DEBUG] kept 3 candidates after filtering
[DEBUG] roi_desc = {'type': 'polygon', 'polygon': [(329.0, 318.0), (351.0, 301.0), (373.0, 280.0), (395.0, 264.0), (410.0, 237.0), (399.0, 194.0), (357.0, 161.0), (310.0, 167.0), (271.0, 175.0), (237.0, 188.0), (221.0, 208.0), (219.0, 222.0), (219.0, 239.0), (234.0, 245.0), (249.0, 255.0), (260.0, 269.0), (286.0, 288.0), (303.0, 300.0), (314.0, 310.0), (321.0, 313.0)]}
[DEBUG] mask nonzero = 231
[DEBUG] found 3 raw contours
[DEBUG] kept 3 candidates after filtering
[DEBUG] roi_desc = {'type': 'polygon', 'polygon': [(329.0, 318.0), (351.0, 301.0), (373.0, 280.0), (395.0, 264.0), (410.0, 237.0), (399.0, 194.0), (357.0, 161.0), (310.0, 167.0), (271.0, 175.0), (237.0, 188.0), (221.0, 208.0), (219.0, 222.0), (219.0, 239.0), (234.0, 245.0), (249.0, 255.0), (260.0, 269.0), (286.0, 288.0), (303.0, 300.0), (314.0, 310.0), (321.0, 313.0)]}
[DEBUG] mask nonzero = 232
[DEBUG] found 3 raw contours
[DEBUG] kept 3 candidates after filtering
[DEBUG] roi_desc = {'type': 'polygon', 'polygon': [(329.0, 318.0), (351.0, 301.0), (373.0, 280.0), (395.0, 264.0), (410.0, 237.0), (399.0, 194.0), (357.0, 161.0), (310.0, 167.0), (271.0, 175.0), (237.0, 188.0), (221.0, 208.0), (219.0, 222.0), (219.0, 239.0), (234.0, 245.0), (249.0, 255.0), (260.0, 269.0), (286.0, 288.0), (303.0, 300.0), (314.0, 310.0), (321.0, 313.0)]}
[DEBUG] mask nonzero = 233
[DEBUG] found 3 raw contours
[DEBUG] kept 3 candidates after filtering
[DEBUG] roi_desc = {'type': 'polygon', 'polygon': [(329.0, 318.0), (351.0, 301.0), (373.0, 280.0), (395.0, 264.0), (410.0, 237.0), (399.0, 194.0), (357.0, 161.0), (310.0, 167.0), (271.0, 175.0), (237.0, 188.0), (221.0, 208.0), (219.0, 222.0), (219.0, 239.0), (234.0, 245.0), (249.0, 255.0), (260.0, 269.0), (286.0, 288.0), (303.0, 300.0), (314.0, 310.0), (321.0, 313.0)]}
[DEBUG] mask nonzero = 228
[DEBUG] found 3 raw contours
[DEBUG] kept 3 candidates after filtering
[DEBUG] roi_desc = {'type': 'polygon', 'polygon': [(329.0, 318.0), (351.0, 301.0), (373.0, 280.0), (395.0, 264.0), (410.0, 237.0), (399.0, 194.0), (357.0, 161.0), (310.0, 167.0), (271.0, 175.0), (237.0, 188.0), (221.0, 208.0), (219.0, 222.0), (219.0, 239.0), (234.0, 245.0), (249.0, 255.0), (260.0, 269.0), (286.0, 288.0), (303.0, 300.0), (314.0, 310.0), (321.0, 313.0)]}
[DEBUG] mask nonzero = 228
[DEBUG] found 3 raw contours
[DEBUG] kept 3 candidates after filtering
[DEBUG] roi_desc = {'type': 'polygon', 'polygon': [(329.0, 318.0), (351.0, 301.0), (373.0, 280.0), (395.0, 264.0), (410.0, 237.0), (399.0, 194.0), (357.0, 161.0), (310.0, 167.0), (271.0, 175.0), (237.0, 188.0), (221.0, 208.0), (219.0, 222.0), (219.0, 239.0), (234.0, 245.0), (249.0, 255.0), (260.0, 269.0), (286.0, 288.0), (303.0, 300.0), (314.0, 310.0), (321.0, 313.0)]}
[DEBUG] mask nonzero = 230
[DEBUG] found 3 raw contours
[DEBUG] kept 3 candidates after filtering
[DEBUG] roi_desc = {'type': 'polygon', 'polygon': [(329.0, 318.0), (351.0, 301.0), (373.0, 280.0), (395.0, 264.0), (410.0, 237.0), (399.0, 194.0), (357.0, 161.0), (310.0, 167.0), (271.0, 175.0), (237.0, 188.0), (221.0, 208.0), (219.0, 222.0), (219.0, 239.0), (234.0, 245.0), (249.0, 255.0), (260.0, 269.0), (286.0, 288.0), (303.0, 300.0), (314.0, 310.0), (321.0, 313.0)]}
[DEBUG] mask nonzero = 238
[DEBUG] found 3 raw contours
[DEBUG] kept 3 candidates after filtering
[DEBUG] roi_desc = {'type': 'polygon', 'polygon': [(329.0, 318.0), (351.0, 301.0), (373.0, 280.0), (395.0, 264.0), (410.0, 237.0), (399.0, 194.0), (357.0, 161.0), (310.0, 167.0), (271.0, 175.0), (237.0, 188.0), (221.0, 208.0), (219.0, 222.0), (219.0, 239.0), (234.0, 245.0), (249.0, 255.0), (260.0, 269.0), (286.0, 288.0), (303.0, 300.0), (314.0, 310.0), (321.0, 313.0)]}
[DEBUG] mask nonzero = 232
[DEBUG] found 3 raw contours
[DEBUG] kept 3 candidates after filtering
[DEBUG] roi_desc = {'type': 'polygon', 'polygon': [(329.0, 318.0), (351.0, 301.0), (373.0, 280.0), (395.0, 264.0), (410.0, 237.0), (399.0, 194.0), (357.0, 161.0), (310.0, 167.0), (271.0, 175.0), (237.0, 188.0), (221.0, 208.0), (219.0, 222.0), (219.0, 239.0), (234.0, 245.0), (249.0, 255.0), (260.0, 269.0), (286.0, 288.0), (303.0, 300.0), (314.0, 310.0), (321.0, 313.0)]}
[DEBUG] mask nonzero = 234
[DEBUG] found 3 raw contours
[DEBUG] kept 3 candidates after filtering
[DEBUG] roi_desc = {'type': 'polygon', 'polygon': [(329.0, 318.0), (351.0, 301.0), (373.0, 280.0), (395.0, 264.0), (410.0, 237.0), (399.0, 194.0), (357.0, 161.0), (310.0, 167.0), (271.0, 175.0), (237.0, 188.0), (221.0, 208.0), (219.0, 222.0), (219.0, 239.0), (234.0, 245.0), (249.0, 255.0), (260.0, 269.0), (286.0, 288.0), (303.0, 300.0), (314.0, 310.0), (321.0, 313.0)]}
[DEBUG] mask nonzero = 235
[DEBUG] found 3 raw contours
[DEBUG] kept 3 candidates after filtering
[DEBUG] roi_desc = {'type': 'polygon', 'polygon': [(329.0, 318.0), (351.0, 301.0), (373.0, 280.0), (395.0, 264.0), (410.0, 237.0), (399.0, 194.0), (357.0, 161.0), (310.0, 167.0), (271.0, 175.0), (237.0, 188.0), (221.0, 208.0), (219.0, 222.0), (219.0, 239.0), (234.0, 245.0), (249.0, 255.0), (260.0, 269.0), (286.0, 288.0), (303.0, 300.0), (314.0, 310.0), (321.0, 313.0)]}
[DEBUG] mask nonzero = 234
[DEBUG] found 3 raw contours
[DEBUG] kept 3 candidates after filtering
[DEBUG] roi_desc = {'type': 'polygon', 'polygon': [(329.0, 318.0), (351.0, 301.0), (373.0, 280.0), (395.0, 264.0), (410.0, 237.0), (399.0, 194.0), (357.0, 161.0), (310.0, 167.0), (271.0, 175.0), (237.0, 188.0), (221.0, 208.0), (219.0, 222.0), (219.0, 239.0), (234.0, 245.0), (249.0, 255.0), (260.0, 269.0), (286.0, 288.0), (303.0, 300.0), (314.0, 310.0), (321.0, 313.0)]}
[DEBUG] mask nonzero = 228
[DEBUG] found 3 raw contours
[DEBUG] kept 3 candidates after filtering
[DEBUG] roi_desc = {'type': 'polygon', 'polygon': [(329.0, 318.0), (351.0, 301.0), (373.0, 280.0), (395.0, 264.0), (410.0, 237.0), (399.0, 194.0), (357.0, 161.0), (310.0, 167.0), (271.0, 175.0), (237.0, 188.0), (221.0, 208.0), (219.0, 222.0), (219.0, 239.0), (234.0, 245.0), (249.0, 255.0), (260.0, 269.0), (286.0, 288.0), (303.0, 300.0), (314.0, 310.0), (321.0, 313.0)]}
[DEBUG] mask nonzero = 228
[DEBUG] found 3 raw contours
[DEBUG] kept 3 candidates after filtering
[DEBUG] roi_desc = {'type': 'polygon', 'polygon': [(329.0, 318.0), (351.0, 301.0), (373.0, 280.0), (395.0, 264.0), (410.0, 237.0), (399.0, 194.0), (357.0, 161.0), (310.0, 167.0), (271.0, 175.0), (237.0, 188.0), (221.0, 208.0), (219.0, 222.0), (219.0, 239.0), (234.0, 245.0), (249.0, 255.0), (260.0, 269.0), (286.0, 288.0), (303.0, 300.0), (314.0, 310.0), (321.0, 313.0)]}
[DEBUG] mask nonzero = 233
[DEBUG] found 3 raw contours
[DEBUG] kept 3 candidates after filtering
[DEBUG] roi_desc = {'type': 'polygon', 'polygon': [(329.0, 318.0), (351.0, 301.0), (373.0, 280.0), (395.0, 264.0), (410.0, 237.0), (399.0, 194.0), (357.0, 161.0), (310.0, 167.0), (271.0, 175.0), (237.0, 188.0), (221.0, 208.0), (219.0, 222.0), (219.0, 239.0), (234.0, 245.0), (249.0, 255.0), (260.0, 269.0), (286.0, 288.0), (303.0, 300.0), (314.0, 310.0), (321.0, 313.0)]}
[DEBUG] mask nonzero = 231
[DEBUG] found 3 raw contours
[DEBUG] kept 3 candidates after filtering
[DEBUG] roi_desc = {'type': 'polygon', 'polygon': [(329.0, 318.0), (351.0, 301.0), (373.0, 280.0), (395.0, 264.0), (410.0, 237.0), (399.0, 194.0), (357.0, 161.0), (310.0, 167.0), (271.0, 175.0), (237.0, 188.0), (221.0, 208.0), (219.0, 222.0), (219.0, 239.0), (234.0, 245.0), (249.0, 255.0), (260.0, 269.0), (286.0, 288.0), (303.0, 300.0), (314.0, 310.0), (321.0, 313.0)]}
[DEBUG] mask nonzero = 230
[DEBUG] found 3 raw contours
[DEBUG] kept 3 candidates after filtering
[DEBUG] roi_desc = {'type': 'polygon', 'polygon': [(329.0, 318.0), (351.0, 301.0), (373.0, 280.0), (395.0, 264.0), (410.0, 237.0), (399.0, 194.0), (357.0, 161.0), (310.0, 167.0), (271.0, 175.0), (237.0, 188.0), (221.0, 208.0), (219.0, 222.0), (219.0, 239.0), (234.0, 245.0), (249.0, 255.0), (260.0, 269.0), (286.0, 288.0), (303.0, 300.0), (314.0, 310.0), (321.0, 313.0)]}
[DEBUG] mask nonzero = 225
[DEBUG] found 3 raw contours
[DEBUG] kept 3 candidates after filtering
[DEBUG] roi_desc = {'type': 'polygon', 'polygon': [(329.0, 318.0), (351.0, 301.0), (373.0, 280.0), (395.0, 264.0), (410.0, 237.0), (399.0, 194.0), (357.0, 161.0), (310.0, 167.0), (271.0, 175.0), (237.0, 188.0), (221.0, 208.0), (219.0, 222.0), (219.0, 239.0), (234.0, 245.0), (249.0, 255.0), (260.0, 269.0), (286.0, 288.0), (303.0, 300.0), (314.0, 310.0), (321.0, 313.0)]}
[DEBUG] mask nonzero = 229
[DEBUG] found 3 raw contours
[DEBUG] kept 3 candidates after filtering
[DEBUG] roi_desc = {'type': 'polygon', 'polygon': [(329.0, 318.0), (351.0, 301.0), (373.0, 280.0), (395.0, 264.0), (410.0, 237.0), (399.0, 194.0), (357.0, 161.0), (310.0, 167.0), (271.0, 175.0), (237.0, 188.0), (221.0, 208.0), (219.0, 222.0), (219.0, 239.0), (234.0, 245.0), (249.0, 255.0), (260.0, 269.0), (286.0, 288.0), (303.0, 300.0), (314.0, 310.0), (321.0, 313.0)]}
[DEBUG] mask nonzero = 229
[DEBUG] found 3 raw contours
[DEBUG] kept 3 candidates after filtering
[DEBUG] roi_desc = {'type': 'polygon', 'polygon': [(329.0, 318.0), (351.0, 301.0), (373.0, 280.0), (395.0, 264.0), (410.0, 237.0), (399.0, 194.0), (357.0, 161.0), (310.0, 167.0), (271.0, 175.0), (237.0, 188.0), (221.0, 208.0), (219.0, 222.0), (219.0, 239.0), (234.0, 245.0), (249.0, 255.0), (260.0, 269.0), (286.0, 288.0), (303.0, 300.0), (314.0, 310.0), (321.0, 313.0)]}
[DEBUG] mask nonzero = 232
[DEBUG] found 3 raw contours
[DEBUG] kept 3 candidates after filtering
[DEBUG] roi_desc = {'type': 'polygon', 'polygon': [(329.0, 318.0), (351.0, 301.0), (373.0, 280.0), (395.0, 264.0), (410.0, 237.0), (399.0, 194.0), (357.0, 161.0), (310.0, 167.0), (271.0, 175.0), (237.0, 188.0), (221.0, 208.0), (219.0, 222.0), (219.0, 239.0), (234.0, 245.0), (249.0, 255.0), (260.0, 269.0), (286.0, 288.0), (303.0, 300.0), (314.0, 310.0), (321.0, 313.0)]}
[DEBUG] mask nonzero = 232
[DEBUG] found 3 raw contours
[DEBUG] kept 3 candidates after filtering
[DEBUG] roi_desc = {'type': 'polygon', 'polygon': [(329.0, 318.0), (351.0, 301.0), (373.0, 280.0), (395.0, 264.0), (410.0, 237.0), (399.0, 194.0), (357.0, 161.0), (310.0, 167.0), (271.0, 175.0), (237.0, 188.0), (221.0, 208.0), (219.0, 222.0), (219.0, 239.0), (234.0, 245.0), (249.0, 255.0), (260.0, 269.0), (286.0, 288.0), (303.0, 300.0), (314.0, 310.0), (321.0, 313.0)]}
[DEBUG] mask nonzero = 230
[DEBUG] found 3 raw contours
[DEBUG] kept 3 candidates after filtering
[DEBUG] roi_desc = {'type': 'polygon', 'polygon': [(329.0, 318.0), (351.0, 301.0), (373.0, 280.0), (395.0, 264.0), (410.0, 237.0), (399.0, 194.0), (357.0, 161.0), (310.0, 167.0), (271.0, 175.0), (237.0, 188.0), (221.0, 208.0), (219.0, 222.0), (219.0, 239.0), (234.0, 245.0), (249.0, 255.0), (260.0, 269.0), (286.0, 288.0), (303.0, 300.0), (314.0, 310.0), (321.0, 313.0)]}
[DEBUG] mask nonzero = 235
[DEBUG] found 3 raw contours
[DEBUG] kept 3 candidates after filtering
[DEBUG] roi_desc = {'type': 'polygon', 'polygon': [(329.0, 318.0), (351.0, 301.0), (373.0, 280.0), (395.0, 264.0), (410.0, 237.0), (399.0, 194.0), (357.0, 161.0), (310.0, 167.0), (271.0, 175.0), (237.0, 188.0), (221.0, 208.0), (219.0, 222.0), (219.0, 239.0), (234.0, 245.0), (249.0, 255.0), (260.0, 269.0), (286.0, 288.0), (303.0, 300.0), (314.0, 310.0), (321.0, 313.0)]}
[DEBUG] mask nonzero = 230
[DEBUG] found 3 raw contours
[DEBUG] kept 3 candidates after filtering
[DEBUG] roi_desc = {'type': 'polygon', 'polygon': [(329.0, 318.0), (351.0, 301.0), (373.0, 280.0), (395.0, 264.0), (410.0, 237.0), (399.0, 194.0), (357.0, 161.0), (310.0, 167.0), (271.0, 175.0), (237.0, 188.0), (221.0, 208.0), (219.0, 222.0), (219.0, 239.0), (234.0, 245.0), (249.0, 255.0), (260.0, 269.0), (286.0, 288.0), (303.0, 300.0), (314.0, 310.0), (321.0, 313.0)]}
[DEBUG] mask nonzero = 234
[DEBUG] found 3 raw contours
[DEBUG] kept 3 candidates after filtering
[DEBUG] roi_desc = {'type': 'polygon', 'polygon': [(329.0, 318.0), (351.0, 301.0), (373.0, 280.0), (395.0, 264.0), (410.0, 237.0), (399.0, 194.0), (357.0, 161.0), (310.0, 167.0), (271.0, 175.0), (237.0, 188.0), (221.0, 208.0), (219.0, 222.0), (219.0, 239.0), (234.0, 245.0), (249.0, 255.0), (260.0, 269.0), (286.0, 288.0), (303.0, 300.0), (314.0, 310.0), (321.0, 313.0)]}
[DEBUG] mask nonzero = 232
[DEBUG] found 3 raw contours
[DEBUG] kept 3 candidates after filtering
[DEBUG] roi_desc = {'type': 'polygon', 'polygon': [(329.0, 318.0), (351.0, 301.0), (373.0, 280.0), (395.0, 264.0), (410.0, 237.0), (399.0, 194.0), (357.0, 161.0), (310.0, 167.0), (271.0, 175.0), (237.0, 188.0), (221.0, 208.0), (219.0, 222.0), (219.0, 239.0), (234.0, 245.0), (249.0, 255.0), (260.0, 269.0), (286.0, 288.0), (303.0, 300.0), (314.0, 310.0), (321.0, 313.0)]}
[DEBUG] mask nonzero = 232
[DEBUG] found 3 raw contours
[DEBUG] kept 3 candidates after filtering
[DEBUG] roi_desc = {'type': 'polygon', 'polygon': [(329.0, 318.0), (351.0, 301.0), (373.0, 280.0), (395.0, 264.0), (410.0, 237.0), (399.0, 194.0), (357.0, 161.0), (310.0, 167.0), (271.0, 175.0), (237.0, 188.0), (221.0, 208.0), (219.0, 222.0), (219.0, 239.0), (234.0, 245.0), (249.0, 255.0), (260.0, 269.0), (286.0, 288.0), (303.0, 300.0), (314.0, 310.0), (321.0, 313.0)]}
[DEBUG] mask nonzero = 229
[DEBUG] found 3 raw contours
[DEBUG] kept 3 candidates after filtering
[DEBUG] roi_desc = {'type': 'polygon', 'polygon': [(329.0, 318.0), (351.0, 301.0), (373.0, 280.0), (395.0, 264.0), (410.0, 237.0), (399.0, 194.0), (357.0, 161.0), (310.0, 167.0), (271.0, 175.0), (237.0, 188.0), (221.0, 208.0), (219.0, 222.0), (219.0, 239.0), (234.0, 245.0), (249.0, 255.0), (260.0, 269.0), (286.0, 288.0), (303.0, 300.0), (314.0, 310.0), (321.0, 313.0)]}
[DEBUG] mask nonzero = 234
[DEBUG] found 3 raw contours
[DEBUG] kept 3 candidates after filtering
[DEBUG] roi_desc = {'type': 'polygon', 'polygon': [(329.0, 318.0), (351.0, 301.0), (373.0, 280.0), (395.0, 264.0), (410.0, 237.0), (399.0, 194.0), (357.0, 161.0), (310.0, 167.0), (271.0, 175.0), (237.0, 188.0), (221.0, 208.0), (219.0, 222.0), (219.0, 239.0), (234.0, 245.0), (249.0, 255.0), (260.0, 269.0), (286.0, 288.0), (303.0, 300.0), (314.0, 310.0), (321.0, 313.0)]}
[DEBUG] mask nonzero = 228
[DEBUG] found 3 raw contours
[DEBUG] kept 3 candidates after filtering
[DEBUG] roi_desc = {'type': 'polygon', 'polygon': [(329.0, 318.0), (351.0, 301.0), (373.0, 280.0), (395.0, 264.0), (410.0, 237.0), (399.0, 194.0), (357.0, 161.0), (310.0, 167.0), (271.0, 175.0), (237.0, 188.0), (221.0, 208.0), (219.0, 222.0), (219.0, 239.0), (234.0, 245.0), (249.0, 255.0), (260.0, 269.0), (286.0, 288.0), (303.0, 300.0), (314.0, 310.0), (321.0, 313.0)]}
[DEBUG] mask nonzero = 233
[DEBUG] found 3 raw contours
[DEBUG] kept 3 candidates after filtering
[DEBUG] roi_desc = {'type': 'polygon', 'polygon': [(329.0, 318.0), (351.0, 301.0), (373.0, 280.0), (395.0, 264.0), (410.0, 237.0), (399.0, 194.0), (357.0, 161.0), (310.0, 167.0), (271.0, 175.0), (237.0, 188.0), (221.0, 208.0), (219.0, 222.0), (219.0, 239.0), (234.0, 245.0), (249.0, 255.0), (260.0, 269.0), (286.0, 288.0), (303.0, 300.0), (314.0, 310.0), (321.0, 313.0)]}
[DEBUG] mask nonzero = 235
[DEBUG] found 3 raw contours
[DEBUG] kept 3 candidates after filtering
[DEBUG] roi_desc = {'type': 'polygon', 'polygon': [(329.0, 318.0), (351.0, 301.0), (373.0, 280.0), (395.0, 264.0), (410.0, 237.0), (399.0, 194.0), (357.0, 161.0), (310.0, 167.0), (271.0, 175.0), (237.0, 188.0), (221.0, 208.0), (219.0, 222.0), (219.0, 239.0), (234.0, 245.0), (249.0, 255.0), (260.0, 269.0), (286.0, 288.0), (303.0, 300.0), (314.0, 310.0), (321.0, 313.0)]}
[DEBUG] mask nonzero = 232
[DEBUG] found 3 raw contours
[DEBUG] kept 3 candidates after filtering
[DEBUG] roi_desc = {'type': 'polygon', 'polygon': [(329.0, 318.0), (351.0, 301.0), (373.0, 280.0), (395.0, 264.0), (410.0, 237.0), (399.0, 194.0), (357.0, 161.0), (310.0, 167.0), (271.0, 175.0), (237.0, 188.0), (221.0, 208.0), (219.0, 222.0), (219.0, 239.0), (234.0, 245.0), (249.0, 255.0), (260.0, 269.0), (286.0, 288.0), (303.0, 300.0), (314.0, 310.0), (321.0, 313.0)]}
[DEBUG] mask nonzero = 227
[DEBUG] found 3 raw contours
[DEBUG] kept 3 candidates after filtering
[DEBUG] roi_desc = {'type': 'polygon', 'polygon': [(329.0, 318.0), (351.0, 301.0), (373.0, 280.0), (395.0, 264.0), (410.0, 237.0), (399.0, 194.0), (357.0, 161.0), (310.0, 167.0), (271.0, 175.0), (237.0, 188.0), (221.0, 208.0), (219.0, 222.0), (219.0, 239.0), (234.0, 245.0), (249.0, 255.0), (260.0, 269.0), (286.0, 288.0), (303.0, 300.0), (314.0, 310.0), (321.0, 313.0)]}
[DEBUG] mask nonzero = 229
[DEBUG] found 3 raw contours
[DEBUG] kept 3 candidates after filtering
[DEBUG] roi_desc = {'type': 'polygon', 'polygon': [(329.0, 318.0), (351.0, 301.0), (373.0, 280.0), (395.0, 264.0), (410.0, 237.0), (399.0, 194.0), (357.0, 161.0), (310.0, 167.0), (271.0, 175.0), (237.0, 188.0), (221.0, 208.0), (219.0, 222.0), (219.0, 239.0), (234.0, 245.0), (249.0, 255.0), (260.0, 269.0), (286.0, 288.0), (303.0, 300.0), (314.0, 310.0), (321.0, 313.0)]}
[DEBUG] mask nonzero = 231
[DEBUG] found 3 raw contours
[DEBUG] kept 3 candidates after filtering
[DEBUG] roi_desc = {'type': 'polygon', 'polygon': [(329.0, 318.0), (351.0, 301.0), (373.0, 280.0), (395.0, 264.0), (410.0, 237.0), (399.0, 194.0), (357.0, 161.0), (310.0, 167.0), (271.0, 175.0), (237.0, 188.0), (221.0, 208.0), (219.0, 222.0), (219.0, 239.0), (234.0, 245.0), (249.0, 255.0), (260.0, 269.0), (286.0, 288.0), (303.0, 300.0), (314.0, 310.0), (321.0, 313.0)]}
[DEBUG] mask nonzero = 233
[DEBUG] found 3 raw contours
[DEBUG] kept 3 candidates after filtering
[DEBUG] roi_desc = {'type': 'polygon', 'polygon': [(329.0, 318.0), (351.0, 301.0), (373.0, 280.0), (395.0, 264.0), (410.0, 237.0), (399.0, 194.0), (357.0, 161.0), (310.0, 167.0), (271.0, 175.0), (237.0, 188.0), (221.0, 208.0), (219.0, 222.0), (219.0, 239.0), (234.0, 245.0), (249.0, 255.0), (260.0, 269.0), (286.0, 288.0), (303.0, 300.0), (314.0, 310.0), (321.0, 313.0)]}
[DEBUG] mask nonzero = 228
[DEBUG] found 3 raw contours
[DEBUG] kept 3 candidates after filtering
[DEBUG] roi_desc = {'type': 'polygon', 'polygon': [(329.0, 318.0), (351.0, 301.0), (373.0, 280.0), (395.0, 264.0), (410.0, 237.0), (399.0, 194.0), (357.0, 161.0), (310.0, 167.0), (271.0, 175.0), (237.0, 188.0), (221.0, 208.0), (219.0, 222.0), (219.0, 239.0), (234.0, 245.0), (249.0, 255.0), (260.0, 269.0), (286.0, 288.0), (303.0, 300.0), (314.0, 310.0), (321.0, 313.0)]}
[DEBUG] mask nonzero = 232
[DEBUG] found 3 raw contours
[DEBUG] kept 3 candidates after filtering
[DEBUG] roi_desc = {'type': 'polygon', 'polygon': [(329.0, 318.0), (351.0, 301.0), (373.0, 280.0), (395.0, 264.0), (410.0, 237.0), (399.0, 194.0), (357.0, 161.0), (310.0, 167.0), (271.0, 175.0), (237.0, 188.0), (221.0, 208.0), (219.0, 222.0), (219.0, 239.0), (234.0, 245.0), (249.0, 255.0), (260.0, 269.0), (286.0, 288.0), (303.0, 300.0), (314.0, 310.0), (321.0, 313.0)]}
[DEBUG] mask nonzero = 232
[DEBUG] found 3 raw contours
[DEBUG] kept 3 candidates after filtering
[DEBUG] roi_desc = {'type': 'polygon', 'polygon': [(329.0, 318.0), (351.0, 301.0), (373.0, 280.0), (395.0, 264.0), (410.0, 237.0), (399.0, 194.0), (357.0, 161.0), (310.0, 167.0), (271.0, 175.0), (237.0, 188.0), (221.0, 208.0), (219.0, 222.0), (219.0, 239.0), (234.0, 245.0), (249.0, 255.0), (260.0, 269.0), (286.0, 288.0), (303.0, 300.0), (314.0, 310.0), (321.0, 313.0)]}
[DEBUG] mask nonzero = 227
[DEBUG] found 3 raw contours
[DEBUG] kept 3 candidates after filtering
[DEBUG] roi_desc = {'type': 'polygon', 'polygon': [(329.0, 318.0), (351.0, 301.0), (373.0, 280.0), (395.0, 264.0), (410.0, 237.0), (399.0, 194.0), (357.0, 161.0), (310.0, 167.0), (271.0, 175.0), (237.0, 188.0), (221.0, 208.0), (219.0, 222.0), (219.0, 239.0), (234.0, 245.0), (249.0, 255.0), (260.0, 269.0), (286.0, 288.0), (303.0, 300.0), (314.0, 310.0), (321.0, 313.0)]}
[DEBUG] mask nonzero = 233
[DEBUG] found 3 raw contours
[DEBUG] kept 3 candidates after filtering
[DEBUG] roi_desc = {'type': 'polygon', 'polygon': [(329.0, 318.0), (351.0, 301.0), (373.0, 280.0), (395.0, 264.0), (410.0, 237.0), (399.0, 194.0), (357.0, 161.0), (310.0, 167.0), (271.0, 175.0), (237.0, 188.0), (221.0, 208.0), (219.0, 222.0), (219.0, 239.0), (234.0, 245.0), (249.0, 255.0), (260.0, 269.0), (286.0, 288.0), (303.0, 300.0), (314.0, 310.0), (321.0, 313.0)]}
[DEBUG] mask nonzero = 230
[DEBUG] found 3 raw contours
[DEBUG] kept 3 candidates after filtering
[DEBUG] roi_desc = {'type': 'polygon', 'polygon': [(329.0, 318.0), (351.0, 301.0), (373.0, 280.0), (395.0, 264.0), (410.0, 237.0), (399.0, 194.0), (357.0, 161.0), (310.0, 167.0), (271.0, 175.0), (237.0, 188.0), (221.0, 208.0), (219.0, 222.0), (219.0, 239.0), (234.0, 245.0), (249.0, 255.0), (260.0, 269.0), (286.0, 288.0), (303.0, 300.0), (314.0, 310.0), (321.0, 313.0)]}
[DEBUG] mask nonzero = 231
[DEBUG] found 3 raw contours
[DEBUG] kept 3 candidates after filtering
[DEBUG] roi_desc = {'type': 'polygon', 'polygon': [(329.0, 318.0), (351.0, 301.0), (373.0, 280.0), (395.0, 264.0), (410.0, 237.0), (399.0, 194.0), (357.0, 161.0), (310.0, 167.0), (271.0, 175.0), (237.0, 188.0), (221.0, 208.0), (219.0, 222.0), (219.0, 239.0), (234.0, 245.0), (249.0, 255.0), (260.0, 269.0), (286.0, 288.0), (303.0, 300.0), (314.0, 310.0), (321.0, 313.0)]}
[DEBUG] mask nonzero = 236
[DEBUG] found 3 raw contours
[DEBUG] kept 3 candidates after filtering
[DEBUG] roi_desc = {'type': 'polygon', 'polygon': [(329.0, 318.0), (351.0, 301.0), (373.0, 280.0), (395.0, 264.0), (410.0, 237.0), (399.0, 194.0), (357.0, 161.0), (310.0, 167.0), (271.0, 175.0), (237.0, 188.0), (221.0, 208.0), (219.0, 222.0), (219.0, 239.0), (234.0, 245.0), (249.0, 255.0), (260.0, 269.0), (286.0, 288.0), (303.0, 300.0), (314.0, 310.0), (321.0, 313.0)]}
[DEBUG] mask nonzero = 233
[DEBUG] found 3 raw contours
[DEBUG] kept 3 candidates after filtering
[DEBUG] roi_desc = {'type': 'polygon', 'polygon': [(329.0, 318.0), (351.0, 301.0), (373.0, 280.0), (395.0, 264.0), (410.0, 237.0), (399.0, 194.0), (357.0, 161.0), (310.0, 167.0), (271.0, 175.0), (237.0, 188.0), (221.0, 208.0), (219.0, 222.0), (219.0, 239.0), (234.0, 245.0), (249.0, 255.0), (260.0, 269.0), (286.0, 288.0), (303.0, 300.0), (314.0, 310.0), (321.0, 313.0)]}
[DEBUG] mask nonzero = 233
[DEBUG] found 3 raw contours
[DEBUG] kept 3 candidates after filtering
[DEBUG] roi_desc = {'type': 'polygon', 'polygon': [(329.0, 318.0), (351.0, 301.0), (373.0, 280.0), (395.0, 264.0), (410.0, 237.0), (399.0, 194.0), (357.0, 161.0), (310.0, 167.0), (271.0, 175.0), (237.0, 188.0), (221.0, 208.0), (219.0, 222.0), (219.0, 239.0), (234.0, 245.0), (249.0, 255.0), (260.0, 269.0), (286.0, 288.0), (303.0, 300.0), (314.0, 310.0), (321.0, 313.0)]}
[DEBUG] mask nonzero = 234
[DEBUG] found 3 raw contours
[DEBUG] kept 3 candidates after filtering
[DEBUG] roi_desc = {'type': 'polygon', 'polygon': [(329.0, 318.0), (351.0, 301.0), (373.0, 280.0), (395.0, 264.0), (410.0, 237.0), (399.0, 194.0), (357.0, 161.0), (310.0, 167.0), (271.0, 175.0), (237.0, 188.0), (221.0, 208.0), (219.0, 222.0), (219.0, 239.0), (234.0, 245.0), (249.0, 255.0), (260.0, 269.0), (286.0, 288.0), (303.0, 300.0), (314.0, 310.0), (321.0, 313.0)]}
[DEBUG] mask nonzero = 232
[DEBUG] found 3 raw contours
[DEBUG] kept 3 candidates after filtering
[DEBUG] roi_desc = {'type': 'polygon', 'polygon': [(329.0, 318.0), (351.0, 301.0), (373.0, 280.0), (395.0, 264.0), (410.0, 237.0), (399.0, 194.0), (357.0, 161.0), (310.0, 167.0), (271.0, 175.0), (237.0, 188.0), (221.0, 208.0), (219.0, 222.0), (219.0, 239.0), (234.0, 245.0), (249.0, 255.0), (260.0, 269.0), (286.0, 288.0), (303.0, 300.0), (314.0, 310.0), (321.0, 313.0)]}
[DEBUG] mask nonzero = 233
[DEBUG] found 3 raw contours
[DEBUG] kept 3 candidates after filtering
[DEBUG] roi_desc = {'type': 'polygon', 'polygon': [(329.0, 318.0), (351.0, 301.0), (373.0, 280.0), (395.0, 264.0), (410.0, 237.0), (399.0, 194.0), (357.0, 161.0), (310.0, 167.0), (271.0, 175.0), (237.0, 188.0), (221.0, 208.0), (219.0, 222.0), (219.0, 239.0), (234.0, 245.0), (249.0, 255.0), (260.0, 269.0), (286.0, 288.0), (303.0, 300.0), (314.0, 310.0), (321.0, 313.0)]}
[DEBUG] mask nonzero = 233
[DEBUG] found 3 raw contours
[DEBUG] kept 3 candidates after filtering
[DEBUG] roi_desc = {'type': 'polygon', 'polygon': [(329.0, 318.0), (351.0, 301.0), (373.0, 280.0), (395.0, 264.0), (410.0, 237.0), (399.0, 194.0), (357.0, 161.0), (310.0, 167.0), (271.0, 175.0), (237.0, 188.0), (221.0, 208.0), (219.0, 222.0), (219.0, 239.0), (234.0, 245.0), (249.0, 255.0), (260.0, 269.0), (286.0, 288.0), (303.0, 300.0), (314.0, 310.0), (321.0, 313.0)]}
[DEBUG] mask nonzero = 231
[DEBUG] found 3 raw contours
[DEBUG] kept 3 candidates after filtering
[DEBUG] roi_desc = {'type': 'polygon', 'polygon': [(329.0, 318.0), (351.0, 301.0), (373.0, 280.0), (395.0, 264.0), (410.0, 237.0), (399.0, 194.0), (357.0, 161.0), (310.0, 167.0), (271.0, 175.0), (237.0, 188.0), (221.0, 208.0), (219.0, 222.0), (219.0, 239.0), (234.0, 245.0), (249.0, 255.0), (260.0, 269.0), (286.0, 288.0), (303.0, 300.0), (314.0, 310.0), (321.0, 313.0)]}
[DEBUG] mask nonzero = 228
[DEBUG] found 3 raw contours
[DEBUG] kept 3 candidates after filtering
[DEBUG] roi_desc = {'type': 'polygon', 'polygon': [(329.0, 318.0), (351.0, 301.0), (373.0, 280.0), (395.0, 264.0), (410.0, 237.0), (399.0, 194.0), (357.0, 161.0), (310.0, 167.0), (271.0, 175.0), (237.0, 188.0), (221.0, 208.0), (219.0, 222.0), (219.0, 239.0), (234.0, 245.0), (249.0, 255.0), (260.0, 269.0), (286.0, 288.0), (303.0, 300.0), (314.0, 310.0), (321.0, 313.0)]}
[DEBUG] mask nonzero = 236
[DEBUG] found 3 raw contours
[DEBUG] kept 3 candidates after filtering
[DEBUG] roi_desc = {'type': 'polygon', 'polygon': [(329.0, 318.0), (351.0, 301.0), (373.0, 280.0), (395.0, 264.0), (410.0, 237.0), (399.0, 194.0), (357.0, 161.0), (310.0, 167.0), (271.0, 175.0), (237.0, 188.0), (221.0, 208.0), (219.0, 222.0), (219.0, 239.0), (234.0, 245.0), (249.0, 255.0), (260.0, 269.0), (286.0, 288.0), (303.0, 300.0), (314.0, 310.0), (321.0, 313.0)]}
[DEBUG] mask nonzero = 232
[DEBUG] found 3 raw contours
[DEBUG] kept 3 candidates after filtering
[DEBUG] roi_desc = {'type': 'polygon', 'polygon': [(329.0, 318.0), (351.0, 301.0), (373.0, 280.0), (395.0, 264.0), (410.0, 237.0), (399.0, 194.0), (357.0, 161.0), (310.0, 167.0), (271.0, 175.0), (237.0, 188.0), (221.0, 208.0), (219.0, 222.0), (219.0, 239.0), (234.0, 245.0), (249.0, 255.0), (260.0, 269.0), (286.0, 288.0), (303.0, 300.0), (314.0, 310.0), (321.0, 313.0)]}
[DEBUG] mask nonzero = 231
[DEBUG] found 3 raw contours
[DEBUG] kept 3 candidates after filtering
[DEBUG] roi_desc = {'type': 'polygon', 'polygon': [(329.0, 318.0), (351.0, 301.0), (373.0, 280.0), (395.0, 264.0), (410.0, 237.0), (399.0, 194.0), (357.0, 161.0), (310.0, 167.0), (271.0, 175.0), (237.0, 188.0), (221.0, 208.0), (219.0, 222.0), (219.0, 239.0), (234.0, 245.0), (249.0, 255.0), (260.0, 269.0), (286.0, 288.0), (303.0, 300.0), (314.0, 310.0), (321.0, 313.0)]}
[DEBUG] mask nonzero = 232
[DEBUG] found 3 raw contours
[DEBUG] kept 3 candidates after filtering
[DEBUG] roi_desc = {'type': 'polygon', 'polygon': [(329.0, 318.0), (351.0, 301.0), (373.0, 280.0), (395.0, 264.0), (410.0, 237.0), (399.0, 194.0), (357.0, 161.0), (310.0, 167.0), (271.0, 175.0), (237.0, 188.0), (221.0, 208.0), (219.0, 222.0), (219.0, 239.0), (234.0, 245.0), (249.0, 255.0), (260.0, 269.0), (286.0, 288.0), (303.0, 300.0), (314.0, 310.0), (321.0, 313.0)]}
[DEBUG] mask nonzero = 233
[DEBUG] found 3 raw contours
[DEBUG] kept 3 candidates after filtering
[DEBUG] roi_desc = {'type': 'polygon', 'polygon': [(329.0, 318.0), (351.0, 301.0), (373.0, 280.0), (395.0, 264.0), (410.0, 237.0), (399.0, 194.0), (357.0, 161.0), (310.0, 167.0), (271.0, 175.0), (237.0, 188.0), (221.0, 208.0), (219.0, 222.0), (219.0, 239.0), (234.0, 245.0), (249.0, 255.0), (260.0, 269.0), (286.0, 288.0), (303.0, 300.0), (314.0, 310.0), (321.0, 313.0)]}
[DEBUG] mask nonzero = 232
[DEBUG] found 3 raw contours
[DEBUG] kept 3 candidates after filtering
[DEBUG] roi_desc = {'type': 'polygon', 'polygon': [(329.0, 318.0), (351.0, 301.0), (373.0, 280.0), (395.0, 264.0), (410.0, 237.0), (399.0, 194.0), (357.0, 161.0), (310.0, 167.0), (271.0, 175.0), (237.0, 188.0), (221.0, 208.0), (219.0, 222.0), (219.0, 239.0), (234.0, 245.0), (249.0, 255.0), (260.0, 269.0), (286.0, 288.0), (303.0, 300.0), (314.0, 310.0), (321.0, 313.0)]}
[DEBUG] mask nonzero = 227
[DEBUG] found 3 raw contours
[DEBUG] kept 3 candidates after filtering
[DEBUG] roi_desc = {'type': 'polygon', 'polygon': [(329.0, 318.0), (351.0, 301.0), (373.0, 280.0), (395.0, 264.0), (410.0, 237.0), (399.0, 194.0), (357.0, 161.0), (310.0, 167.0), (271.0, 175.0), (237.0, 188.0), (221.0, 208.0), (219.0, 222.0), (219.0, 239.0), (234.0, 245.0), (249.0, 255.0), (260.0, 269.0), (286.0, 288.0), (303.0, 300.0), (314.0, 310.0), (321.0, 313.0)]}
[DEBUG] mask nonzero = 232
[DEBUG] found 3 raw contours
[DEBUG] kept 3 candidates after filtering
[DEBUG] roi_desc = {'type': 'polygon', 'polygon': [(329.0, 318.0), (351.0, 301.0), (373.0, 280.0), (395.0, 264.0), (410.0, 237.0), (399.0, 194.0), (357.0, 161.0), (310.0, 167.0), (271.0, 175.0), (237.0, 188.0), (221.0, 208.0), (219.0, 222.0), (219.0, 239.0), (234.0, 245.0), (249.0, 255.0), (260.0, 269.0), (286.0, 288.0), (303.0, 300.0), (314.0, 310.0), (321.0, 313.0)]}
[DEBUG] mask nonzero = 228
[DEBUG] found 3 raw contours
[DEBUG] kept 3 candidates after filtering
[DEBUG] roi_desc = {'type': 'polygon', 'polygon': [(329.0, 318.0), (351.0, 301.0), (373.0, 280.0), (395.0, 264.0), (410.0, 237.0), (399.0, 194.0), (357.0, 161.0), (310.0, 167.0), (271.0, 175.0), (237.0, 188.0), (221.0, 208.0), (219.0, 222.0), (219.0, 239.0), (234.0, 245.0), (249.0, 255.0), (260.0, 269.0), (286.0, 288.0), (303.0, 300.0), (314.0, 310.0), (321.0, 313.0)]}
[DEBUG] mask nonzero = 231
[DEBUG] found 3 raw contours
[DEBUG] kept 3 candidates after filtering
[DEBUG] roi_desc = {'type': 'polygon', 'polygon': [(329.0, 318.0), (351.0, 301.0), (373.0, 280.0), (395.0, 264.0), (410.0, 237.0), (399.0, 194.0), (357.0, 161.0), (310.0, 167.0), (271.0, 175.0), (237.0, 188.0), (221.0, 208.0), (219.0, 222.0), (219.0, 239.0), (234.0, 245.0), (249.0, 255.0), (260.0, 269.0), (286.0, 288.0), (303.0, 300.0), (314.0, 310.0), (321.0, 313.0)]}
[DEBUG] mask nonzero = 230
[DEBUG] found 3 raw contours
[DEBUG] kept 3 candidates after filtering
[DEBUG] roi_desc = {'type': 'polygon', 'polygon': [(329.0, 318.0), (351.0, 301.0), (373.0, 280.0), (395.0, 264.0), (410.0, 237.0), (399.0, 194.0), (357.0, 161.0), (310.0, 167.0), (271.0, 175.0), (237.0, 188.0), (221.0, 208.0), (219.0, 222.0), (219.0, 239.0), (234.0, 245.0), (249.0, 255.0), (260.0, 269.0), (286.0, 288.0), (303.0, 300.0), (314.0, 310.0), (321.0, 313.0)]}
[DEBUG] mask nonzero = 230
[DEBUG] found 3 raw contours
[DEBUG] kept 3 candidates after filtering
[DEBUG] roi_desc = {'type': 'polygon', 'polygon': [(329.0, 318.0), (351.0, 301.0), (373.0, 280.0), (395.0, 264.0), (410.0, 237.0), (399.0, 194.0), (357.0, 161.0), (310.0, 167.0), (271.0, 175.0), (237.0, 188.0), (221.0, 208.0), (219.0, 222.0), (219.0, 239.0), (234.0, 245.0), (249.0, 255.0), (260.0, 269.0), (286.0, 288.0), (303.0, 300.0), (314.0, 310.0), (321.0, 313.0)]}
[DEBUG] mask nonzero = 231
[DEBUG] found 3 raw contours
[DEBUG] kept 3 candidates after filtering
[DEBUG] roi_desc = {'type': 'polygon', 'polygon': [(329.0, 318.0), (351.0, 301.0), (373.0, 280.0), (395.0, 264.0), (410.0, 237.0), (399.0, 194.0), (357.0, 161.0), (310.0, 167.0), (271.0, 175.0), (237.0, 188.0), (221.0, 208.0), (219.0, 222.0), (219.0, 239.0), (234.0, 245.0), (249.0, 255.0), (260.0, 269.0), (286.0, 288.0), (303.0, 300.0), (314.0, 310.0), (321.0, 313.0)]}
[DEBUG] mask nonzero = 233
[DEBUG] found 3 raw contours
[DEBUG] kept 3 candidates after filtering
[DEBUG] roi_desc = {'type': 'polygon', 'polygon': [(329.0, 318.0), (351.0, 301.0), (373.0, 280.0), (395.0, 264.0), (410.0, 237.0), (399.0, 194.0), (357.0, 161.0), (310.0, 167.0), (271.0, 175.0), (237.0, 188.0), (221.0, 208.0), (219.0, 222.0), (219.0, 239.0), (234.0, 245.0), (249.0, 255.0), (260.0, 269.0), (286.0, 288.0), (303.0, 300.0), (314.0, 310.0), (321.0, 313.0)]}
[DEBUG] mask nonzero = 232
[DEBUG] found 3 raw contours
[DEBUG] kept 3 candidates after filtering
[DEBUG] roi_desc = {'type': 'polygon', 'polygon': [(329.0, 318.0), (351.0, 301.0), (373.0, 280.0), (395.0, 264.0), (410.0, 237.0), (399.0, 194.0), (357.0, 161.0), (310.0, 167.0), (271.0, 175.0), (237.0, 188.0), (221.0, 208.0), (219.0, 222.0), (219.0, 239.0), (234.0, 245.0), (249.0, 255.0), (260.0, 269.0), (286.0, 288.0), (303.0, 300.0), (314.0, 310.0), (321.0, 313.0)]}
[DEBUG] mask nonzero = 232
[DEBUG] found 3 raw contours
[DEBUG] kept 3 candidates after filtering
[DEBUG] roi_desc = {'type': 'polygon', 'polygon': [(329.0, 318.0), (351.0, 301.0), (373.0, 280.0), (395.0, 264.0), (410.0, 237.0), (399.0, 194.0), (357.0, 161.0), (310.0, 167.0), (271.0, 175.0), (237.0, 188.0), (221.0, 208.0), (219.0, 222.0), (219.0, 239.0), (234.0, 245.0), (249.0, 255.0), (260.0, 269.0), (286.0, 288.0), (303.0, 300.0), (314.0, 310.0), (321.0, 313.0)]}
[DEBUG] mask nonzero = 237
[DEBUG] found 3 raw contours
[DEBUG] kept 3 candidates after filtering
[DEBUG] roi_desc = {'type': 'polygon', 'polygon': [(329.0, 318.0), (351.0, 301.0), (373.0, 280.0), (395.0, 264.0), (410.0, 237.0), (399.0, 194.0), (357.0, 161.0), (310.0, 167.0), (271.0, 175.0), (237.0, 188.0), (221.0, 208.0), (219.0, 222.0), (219.0, 239.0), (234.0, 245.0), (249.0, 255.0), (260.0, 269.0), (286.0, 288.0), (303.0, 300.0), (314.0, 310.0), (321.0, 313.0)]}
[DEBUG] mask nonzero = 239
[DEBUG] found 3 raw contours
[DEBUG] kept 3 candidates after filtering
[DEBUG] roi_desc = {'type': 'polygon', 'polygon': [(329.0, 318.0), (351.0, 301.0), (373.0, 280.0), (395.0, 264.0), (410.0, 237.0), (399.0, 194.0), (357.0, 161.0), (310.0, 167.0), (271.0, 175.0), (237.0, 188.0), (221.0, 208.0), (219.0, 222.0), (219.0, 239.0), (234.0, 245.0), (249.0, 255.0), (260.0, 269.0), (286.0, 288.0), (303.0, 300.0), (314.0, 310.0), (321.0, 313.0)]}
[DEBUG] mask nonzero = 226
[DEBUG] found 3 raw contours
[DEBUG] kept 3 candidates after filtering
[DEBUG] roi_desc = {'type': 'polygon', 'polygon': [(329.0, 318.0), (351.0, 301.0), (373.0, 280.0), (395.0, 264.0), (410.0, 237.0), (399.0, 194.0), (357.0, 161.0), (310.0, 167.0), (271.0, 175.0), (237.0, 188.0), (221.0, 208.0), (219.0, 222.0), (219.0, 239.0), (234.0, 245.0), (249.0, 255.0), (260.0, 269.0), (286.0, 288.0), (303.0, 300.0), (314.0, 310.0), (321.0, 313.0)]}
[DEBUG] mask nonzero = 233
[DEBUG] found 3 raw contours
[DEBUG] kept 3 candidates after filtering
[DEBUG] roi_desc = {'type': 'polygon', 'polygon': [(329.0, 318.0), (351.0, 301.0), (373.0, 280.0), (395.0, 264.0), (410.0, 237.0), (399.0, 194.0), (357.0, 161.0), (310.0, 167.0), (271.0, 175.0), (237.0, 188.0), (221.0, 208.0), (219.0, 222.0), (219.0, 239.0), (234.0, 245.0), (249.0, 255.0), (260.0, 269.0), (286.0, 288.0), (303.0, 300.0), (314.0, 310.0), (321.0, 313.0)]}
[DEBUG] mask nonzero = 231
[DEBUG] found 3 raw contours
[DEBUG] kept 3 candidates after filtering
[DEBUG] roi_desc = {'type': 'polygon', 'polygon': [(329.0, 318.0), (351.0, 301.0), (373.0, 280.0), (395.0, 264.0), (410.0, 237.0), (399.0, 194.0), (357.0, 161.0), (310.0, 167.0), (271.0, 175.0), (237.0, 188.0), (221.0, 208.0), (219.0, 222.0), (219.0, 239.0), (234.0, 245.0), (249.0, 255.0), (260.0, 269.0), (286.0, 288.0), (303.0, 300.0), (314.0, 310.0), (321.0, 313.0)]}
[DEBUG] mask nonzero = 230
[DEBUG] found 3 raw contours
[DEBUG] kept 3 candidates after filtering
[DEBUG] roi_desc = {'type': 'polygon', 'polygon': [(329.0, 318.0), (351.0, 301.0), (373.0, 280.0), (395.0, 264.0), (410.0, 237.0), (399.0, 194.0), (357.0, 161.0), (310.0, 167.0), (271.0, 175.0), (237.0, 188.0), (221.0, 208.0), (219.0, 222.0), (219.0, 239.0), (234.0, 245.0), (249.0, 255.0), (260.0, 269.0), (286.0, 288.0), (303.0, 300.0), (314.0, 310.0), (321.0, 313.0)]}
[DEBUG] mask nonzero = 230
[DEBUG] found 3 raw contours
[DEBUG] kept 3 candidates after filtering
[DEBUG] roi_desc = {'type': 'polygon', 'polygon': [(329.0, 318.0), (351.0, 301.0), (373.0, 280.0), (395.0, 264.0), (410.0, 237.0), (399.0, 194.0), (357.0, 161.0), (310.0, 167.0), (271.0, 175.0), (237.0, 188.0), (221.0, 208.0), (219.0, 222.0), (219.0, 239.0), (234.0, 245.0), (249.0, 255.0), (260.0, 269.0), (286.0, 288.0), (303.0, 300.0), (314.0, 310.0), (321.0, 313.0)]}
[DEBUG] mask nonzero = 231
[DEBUG] found 3 raw contours
[DEBUG] kept 3 candidates after filtering
[DEBUG] roi_desc = {'type': 'polygon', 'polygon': [(329.0, 318.0), (351.0, 301.0), (373.0, 280.0), (395.0, 264.0), (410.0, 237.0), (399.0, 194.0), (357.0, 161.0), (310.0, 167.0), (271.0, 175.0), (237.0, 188.0), (221.0, 208.0), (219.0, 222.0), (219.0, 239.0), (234.0, 245.0), (249.0, 255.0), (260.0, 269.0), (286.0, 288.0), (303.0, 300.0), (314.0, 310.0), (321.0, 313.0)]}
[DEBUG] mask nonzero = 231
[DEBUG] found 3 raw contours
[DEBUG] kept 3 candidates after filtering
[DEBUG] roi_desc = {'type': 'polygon', 'polygon': [(329.0, 318.0), (351.0, 301.0), (373.0, 280.0), (395.0, 264.0), (410.0, 237.0), (399.0, 194.0), (357.0, 161.0), (310.0, 167.0), (271.0, 175.0), (237.0, 188.0), (221.0, 208.0), (219.0, 222.0), (219.0, 239.0), (234.0, 245.0), (249.0, 255.0), (260.0, 269.0), (286.0, 288.0), (303.0, 300.0), (314.0, 310.0), (321.0, 313.0)]}
[DEBUG] mask nonzero = 227
[DEBUG] found 3 raw contours
[DEBUG] kept 3 candidates after filtering
[DEBUG] roi_desc = {'type': 'polygon', 'polygon': [(329.0, 318.0), (351.0, 301.0), (373.0, 280.0), (395.0, 264.0), (410.0, 237.0), (399.0, 194.0), (357.0, 161.0), (310.0, 167.0), (271.0, 175.0), (237.0, 188.0), (221.0, 208.0), (219.0, 222.0), (219.0, 239.0), (234.0, 245.0), (249.0, 255.0), (260.0, 269.0), (286.0, 288.0), (303.0, 300.0), (314.0, 310.0), (321.0, 313.0)]}
[DEBUG] mask nonzero = 231
[DEBUG] found 3 raw contours
[DEBUG] kept 3 candidates after filtering
[DEBUG] roi_desc = {'type': 'polygon', 'polygon': [(329.0, 318.0), (351.0, 301.0), (373.0, 280.0), (395.0, 264.0), (410.0, 237.0), (399.0, 194.0), (357.0, 161.0), (310.0, 167.0), (271.0, 175.0), (237.0, 188.0), (221.0, 208.0), (219.0, 222.0), (219.0, 239.0), (234.0, 245.0), (249.0, 255.0), (260.0, 269.0), (286.0, 288.0), (303.0, 300.0), (314.0, 310.0), (321.0, 313.0)]}
[DEBUG] mask nonzero = 232
[DEBUG] found 3 raw contours
[DEBUG] kept 3 candidates after filtering
[DEBUG] roi_desc = {'type': 'polygon', 'polygon': [(329.0, 318.0), (351.0, 301.0), (373.0, 280.0), (395.0, 264.0), (410.0, 237.0), (399.0, 194.0), (357.0, 161.0), (310.0, 167.0), (271.0, 175.0), (237.0, 188.0), (221.0, 208.0), (219.0, 222.0), (219.0, 239.0), (234.0, 245.0), (249.0, 255.0), (260.0, 269.0), (286.0, 288.0), (303.0, 300.0), (314.0, 310.0), (321.0, 313.0)]}
[DEBUG] mask nonzero = 233
[DEBUG] found 3 raw contours
[DEBUG] kept 3 candidates after filtering
[DEBUG] roi_desc = {'type': 'polygon', 'polygon': [(329.0, 318.0), (351.0, 301.0), (373.0, 280.0), (395.0, 264.0), (410.0, 237.0), (399.0, 194.0), (357.0, 161.0), (310.0, 167.0), (271.0, 175.0), (237.0, 188.0), (221.0, 208.0), (219.0, 222.0), (219.0, 239.0), (234.0, 245.0), (249.0, 255.0), (260.0, 269.0), (286.0, 288.0), (303.0, 300.0), (314.0, 310.0), (321.0, 313.0)]}
[DEBUG] mask nonzero = 231
[DEBUG] found 3 raw contours
[DEBUG] kept 3 candidates after filtering
[DEBUG] roi_desc = {'type': 'polygon', 'polygon': [(329.0, 318.0), (351.0, 301.0), (373.0, 280.0), (395.0, 264.0), (410.0, 237.0), (399.0, 194.0), (357.0, 161.0), (310.0, 167.0), (271.0, 175.0), (237.0, 188.0), (221.0, 208.0), (219.0, 222.0), (219.0, 239.0), (234.0, 245.0), (249.0, 255.0), (260.0, 269.0), (286.0, 288.0), (303.0, 300.0), (314.0, 310.0), (321.0, 313.0)]}
[DEBUG] mask nonzero = 227
[DEBUG] found 3 raw contours
[DEBUG] kept 3 candidates after filtering
[DEBUG] roi_desc = {'type': 'polygon', 'polygon': [(329.0, 318.0), (351.0, 301.0), (373.0, 280.0), (395.0, 264.0), (410.0, 237.0), (399.0, 194.0), (357.0, 161.0), (310.0, 167.0), (271.0, 175.0), (237.0, 188.0), (221.0, 208.0), (219.0, 222.0), (219.0, 239.0), (234.0, 245.0), (249.0, 255.0), (260.0, 269.0), (286.0, 288.0), (303.0, 300.0), (314.0, 310.0), (321.0, 313.0)]}
[DEBUG] mask nonzero = 228
[DEBUG] found 3 raw contours
[DEBUG] kept 3 candidates after filtering
[DEBUG] roi_desc = {'type': 'polygon', 'polygon': [(329.0, 318.0), (351.0, 301.0), (373.0, 280.0), (395.0, 264.0), (410.0, 237.0), (399.0, 194.0), (357.0, 161.0), (310.0, 167.0), (271.0, 175.0), (237.0, 188.0), (221.0, 208.0), (219.0, 222.0), (219.0, 239.0), (234.0, 245.0), (249.0, 255.0), (260.0, 269.0), (286.0, 288.0), (303.0, 300.0), (314.0, 310.0), (321.0, 313.0)]}
[DEBUG] mask nonzero = 232
[DEBUG] found 3 raw contours
[DEBUG] kept 3 candidates after filtering
[DEBUG] roi_desc = {'type': 'polygon', 'polygon': [(329.0, 318.0), (351.0, 301.0), (373.0, 280.0), (395.0, 264.0), (410.0, 237.0), (399.0, 194.0), (357.0, 161.0), (310.0, 167.0), (271.0, 175.0), (237.0, 188.0), (221.0, 208.0), (219.0, 222.0), (219.0, 239.0), (234.0, 245.0), (249.0, 255.0), (260.0, 269.0), (286.0, 288.0), (303.0, 300.0), (314.0, 310.0), (321.0, 313.0)]}
[DEBUG] mask nonzero = 235
[DEBUG] found 3 raw contours
[DEBUG] kept 3 candidates after filtering
[DEBUG] roi_desc = {'type': 'polygon', 'polygon': [(329.0, 318.0), (351.0, 301.0), (373.0, 280.0), (395.0, 264.0), (410.0, 237.0), (399.0, 194.0), (357.0, 161.0), (310.0, 167.0), (271.0, 175.0), (237.0, 188.0), (221.0, 208.0), (219.0, 222.0), (219.0, 239.0), (234.0, 245.0), (249.0, 255.0), (260.0, 269.0), (286.0, 288.0), (303.0, 300.0), (314.0, 310.0), (321.0, 313.0)]}
[DEBUG] mask nonzero = 230
[DEBUG] found 3 raw contours
[DEBUG] kept 3 candidates after filtering
[DEBUG] roi_desc = {'type': 'polygon', 'polygon': [(329.0, 318.0), (351.0, 301.0), (373.0, 280.0), (395.0, 264.0), (410.0, 237.0), (399.0, 194.0), (357.0, 161.0), (310.0, 167.0), (271.0, 175.0), (237.0, 188.0), (221.0, 208.0), (219.0, 222.0), (219.0, 239.0), (234.0, 245.0), (249.0, 255.0), (260.0, 269.0), (286.0, 288.0), (303.0, 300.0), (314.0, 310.0), (321.0, 313.0)]}
[DEBUG] mask nonzero = 226
[DEBUG] found 3 raw contours
[DEBUG] kept 3 candidates after filtering
[DEBUG] roi_desc = {'type': 'polygon', 'polygon': [(329.0, 318.0), (351.0, 301.0), (373.0, 280.0), (395.0, 264.0), (410.0, 237.0), (399.0, 194.0), (357.0, 161.0), (310.0, 167.0), (271.0, 175.0), (237.0, 188.0), (221.0, 208.0), (219.0, 222.0), (219.0, 239.0), (234.0, 245.0), (249.0, 255.0), (260.0, 269.0), (286.0, 288.0), (303.0, 300.0), (314.0, 310.0), (321.0, 313.0)]}
[DEBUG] mask nonzero = 232
[DEBUG] found 3 raw contours
[DEBUG] kept 3 candidates after filtering
[DEBUG] roi_desc = {'type': 'polygon', 'polygon': [(329.0, 318.0), (351.0, 301.0), (373.0, 280.0), (395.0, 264.0), (410.0, 237.0), (399.0, 194.0), (357.0, 161.0), (310.0, 167.0), (271.0, 175.0), (237.0, 188.0), (221.0, 208.0), (219.0, 222.0), (219.0, 239.0), (234.0, 245.0), (249.0, 255.0), (260.0, 269.0), (286.0, 288.0), (303.0, 300.0), (314.0, 310.0), (321.0, 313.0)]}
[DEBUG] mask nonzero = 232
[DEBUG] found 3 raw contours
[DEBUG] kept 3 candidates after filtering
[DEBUG] roi_desc = {'type': 'polygon', 'polygon': [(329.0, 318.0), (351.0, 301.0), (373.0, 280.0), (395.0, 264.0), (410.0, 237.0), (399.0, 194.0), (357.0, 161.0), (310.0, 167.0), (271.0, 175.0), (237.0, 188.0), (221.0, 208.0), (219.0, 222.0), (219.0, 239.0), (234.0, 245.0), (249.0, 255.0), (260.0, 269.0), (286.0, 288.0), (303.0, 300.0), (314.0, 310.0), (321.0, 313.0)]}
[DEBUG] mask nonzero = 232
[DEBUG] found 3 raw contours
[DEBUG] kept 3 candidates after filtering
[DEBUG] roi_desc = {'type': 'polygon', 'polygon': [(329.0, 318.0), (351.0, 301.0), (373.0, 280.0), (395.0, 264.0), (410.0, 237.0), (399.0, 194.0), (357.0, 161.0), (310.0, 167.0), (271.0, 175.0), (237.0, 188.0), (221.0, 208.0), (219.0, 222.0), (219.0, 239.0), (234.0, 245.0), (249.0, 255.0), (260.0, 269.0), (286.0, 288.0), (303.0, 300.0), (314.0, 310.0), (321.0, 313.0)]}
[DEBUG] mask nonzero = 227
[DEBUG] found 3 raw contours
[DEBUG] kept 3 candidates after filtering
[DEBUG] roi_desc = {'type': 'polygon', 'polygon': [(329.0, 318.0), (351.0, 301.0), (373.0, 280.0), (395.0, 264.0), (410.0, 237.0), (399.0, 194.0), (357.0, 161.0), (310.0, 167.0), (271.0, 175.0), (237.0, 188.0), (221.0, 208.0), (219.0, 222.0), (219.0, 239.0), (234.0, 245.0), (249.0, 255.0), (260.0, 269.0), (286.0, 288.0), (303.0, 300.0), (314.0, 310.0), (321.0, 313.0)]}
[DEBUG] mask nonzero = 232
[DEBUG] found 3 raw contours
[DEBUG] kept 3 candidates after filtering
[DEBUG] roi_desc = {'type': 'polygon', 'polygon': [(329.0, 318.0), (351.0, 301.0), (373.0, 280.0), (395.0, 264.0), (410.0, 237.0), (399.0, 194.0), (357.0, 161.0), (310.0, 167.0), (271.0, 175.0), (237.0, 188.0), (221.0, 208.0), (219.0, 222.0), (219.0, 239.0), (234.0, 245.0), (249.0, 255.0), (260.0, 269.0), (286.0, 288.0), (303.0, 300.0), (314.0, 310.0), (321.0, 313.0)]}
[DEBUG] mask nonzero = 231
[DEBUG] found 3 raw contours
[DEBUG] kept 3 candidates after filtering
[DEBUG] roi_desc = {'type': 'polygon', 'polygon': [(329.0, 318.0), (351.0, 301.0), (373.0, 280.0), (395.0, 264.0), (410.0, 237.0), (399.0, 194.0), (357.0, 161.0), (310.0, 167.0), (271.0, 175.0), (237.0, 188.0), (221.0, 208.0), (219.0, 222.0), (219.0, 239.0), (234.0, 245.0), (249.0, 255.0), (260.0, 269.0), (286.0, 288.0), (303.0, 300.0), (314.0, 310.0), (321.0, 313.0)]}
[DEBUG] mask nonzero = 233
[DEBUG] found 3 raw contours
[DEBUG] kept 3 candidates after filtering
[DEBUG] roi_desc = {'type': 'polygon', 'polygon': [(329.0, 318.0), (351.0, 301.0), (373.0, 280.0), (395.0, 264.0), (410.0, 237.0), (399.0, 194.0), (357.0, 161.0), (310.0, 167.0), (271.0, 175.0), (237.0, 188.0), (221.0, 208.0), (219.0, 222.0), (219.0, 239.0), (234.0, 245.0), (249.0, 255.0), (260.0, 269.0), (286.0, 288.0), (303.0, 300.0), (314.0, 310.0), (321.0, 313.0)]}
[DEBUG] mask nonzero = 233
[DEBUG] found 3 raw contours
[DEBUG] kept 3 candidates after filtering
[DEBUG] roi_desc = {'type': 'polygon', 'polygon': [(329.0, 318.0), (351.0, 301.0), (373.0, 280.0), (395.0, 264.0), (410.0, 237.0), (399.0, 194.0), (357.0, 161.0), (310.0, 167.0), (271.0, 175.0), (237.0, 188.0), (221.0, 208.0), (219.0, 222.0), (219.0, 239.0), (234.0, 245.0), (249.0, 255.0), (260.0, 269.0), (286.0, 288.0), (303.0, 300.0), (314.0, 310.0), (321.0, 313.0)]}
[DEBUG] mask nonzero = 233
[DEBUG] found 3 raw contours
[DEBUG] kept 3 candidates after filtering
[DEBUG] roi_desc = {'type': 'polygon', 'polygon': [(329.0, 318.0), (351.0, 301.0), (373.0, 280.0), (395.0, 264.0), (410.0, 237.0), (399.0, 194.0), (357.0, 161.0), (310.0, 167.0), (271.0, 175.0), (237.0, 188.0), (221.0, 208.0), (219.0, 222.0), (219.0, 239.0), (234.0, 245.0), (249.0, 255.0), (260.0, 269.0), (286.0, 288.0), (303.0, 300.0), (314.0, 310.0), (321.0, 313.0)]}
[DEBUG] mask nonzero = 228
[DEBUG] found 3 raw contours
[DEBUG] kept 3 candidates after filtering
[DEBUG] roi_desc = {'type': 'polygon', 'polygon': [(329.0, 318.0), (351.0, 301.0), (373.0, 280.0), (395.0, 264.0), (410.0, 237.0), (399.0, 194.0), (357.0, 161.0), (310.0, 167.0), (271.0, 175.0), (237.0, 188.0), (221.0, 208.0), (219.0, 222.0), (219.0, 239.0), (234.0, 245.0), (249.0, 255.0), (260.0, 269.0), (286.0, 288.0), (303.0, 300.0), (314.0, 310.0), (321.0, 313.0)]}
[DEBUG] mask nonzero = 231
[DEBUG] found 3 raw contours
[DEBUG] kept 3 candidates after filtering
[DEBUG] roi_desc = {'type': 'polygon', 'polygon': [(329.0, 318.0), (351.0, 301.0), (373.0, 280.0), (395.0, 264.0), (410.0, 237.0), (399.0, 194.0), (357.0, 161.0), (310.0, 167.0), (271.0, 175.0), (237.0, 188.0), (221.0, 208.0), (219.0, 222.0), (219.0, 239.0), (234.0, 245.0), (249.0, 255.0), (260.0, 269.0), (286.0, 288.0), (303.0, 300.0), (314.0, 310.0), (321.0, 313.0)]}
[DEBUG] mask nonzero = 233
[DEBUG] found 3 raw contours
[DEBUG] kept 3 candidates after filtering
[DEBUG] roi_desc = {'type': 'polygon', 'polygon': [(329.0, 318.0), (351.0, 301.0), (373.0, 280.0), (395.0, 264.0), (410.0, 237.0), (399.0, 194.0), (357.0, 161.0), (310.0, 167.0), (271.0, 175.0), (237.0, 188.0), (221.0, 208.0), (219.0, 222.0), (219.0, 239.0), (234.0, 245.0), (249.0, 255.0), (260.0, 269.0), (286.0, 288.0), (303.0, 300.0), (314.0, 310.0), (321.0, 313.0)]}
[DEBUG] mask nonzero = 232
[DEBUG] found 3 raw contours
[DEBUG] kept 3 candidates after filtering
[DEBUG] roi_desc = {'type': 'polygon', 'polygon': [(329.0, 318.0), (351.0, 301.0), (373.0, 280.0), (395.0, 264.0), (410.0, 237.0), (399.0, 194.0), (357.0, 161.0), (310.0, 167.0), (271.0, 175.0), (237.0, 188.0), (221.0, 208.0), (219.0, 222.0), (219.0, 239.0), (234.0, 245.0), (249.0, 255.0), (260.0, 269.0), (286.0, 288.0), (303.0, 300.0), (314.0, 310.0), (321.0, 313.0)]}
[DEBUG] mask nonzero = 234
[DEBUG] found 3 raw contours
[DEBUG] kept 3 candidates after filtering
[DEBUG] roi_desc = {'type': 'polygon', 'polygon': [(329.0, 318.0), (351.0, 301.0), (373.0, 280.0), (395.0, 264.0), (410.0, 237.0), (399.0, 194.0), (357.0, 161.0), (310.0, 167.0), (271.0, 175.0), (237.0, 188.0), (221.0, 208.0), (219.0, 222.0), (219.0, 239.0), (234.0, 245.0), (249.0, 255.0), (260.0, 269.0), (286.0, 288.0), (303.0, 300.0), (314.0, 310.0), (321.0, 313.0)]}
[DEBUG] mask nonzero = 227
[DEBUG] found 3 raw contours
[DEBUG] kept 3 candidates after filtering
[DEBUG] roi_desc = {'type': 'polygon', 'polygon': [(329.0, 318.0), (351.0, 301.0), (373.0, 280.0), (395.0, 264.0), (410.0, 237.0), (399.0, 194.0), (357.0, 161.0), (310.0, 167.0), (271.0, 175.0), (237.0, 188.0), (221.0, 208.0), (219.0, 222.0), (219.0, 239.0), (234.0, 245.0), (249.0, 255.0), (260.0, 269.0), (286.0, 288.0), (303.0, 300.0), (314.0, 310.0), (321.0, 313.0)]}
[DEBUG] mask nonzero = 231
[DEBUG] found 3 raw contours
[DEBUG] kept 3 candidates after filtering
[DEBUG] roi_desc = {'type': 'polygon', 'polygon': [(329.0, 318.0), (351.0, 301.0), (373.0, 280.0), (395.0, 264.0), (410.0, 237.0), (399.0, 194.0), (357.0, 161.0), (310.0, 167.0), (271.0, 175.0), (237.0, 188.0), (221.0, 208.0), (219.0, 222.0), (219.0, 239.0), (234.0, 245.0), (249.0, 255.0), (260.0, 269.0), (286.0, 288.0), (303.0, 300.0), (314.0, 310.0), (321.0, 313.0)]}
[DEBUG] mask nonzero = 231
[DEBUG] found 3 raw contours
[DEBUG] kept 3 candidates after filtering
[DEBUG] roi_desc = {'type': 'polygon', 'polygon': [(329.0, 318.0), (351.0, 301.0), (373.0, 280.0), (395.0, 264.0), (410.0, 237.0), (399.0, 194.0), (357.0, 161.0), (310.0, 167.0), (271.0, 175.0), (237.0, 188.0), (221.0, 208.0), (219.0, 222.0), (219.0, 239.0), (234.0, 245.0), (249.0, 255.0), (260.0, 269.0), (286.0, 288.0), (303.0, 300.0), (314.0, 310.0), (321.0, 313.0)]}
[DEBUG] mask nonzero = 227
[DEBUG] found 3 raw contours
[DEBUG] kept 3 candidates after filtering
[DEBUG] roi_desc = {'type': 'polygon', 'polygon': [(329.0, 318.0), (351.0, 301.0), (373.0, 280.0), (395.0, 264.0), (410.0, 237.0), (399.0, 194.0), (357.0, 161.0), (310.0, 167.0), (271.0, 175.0), (237.0, 188.0), (221.0, 208.0), (219.0, 222.0), (219.0, 239.0), (234.0, 245.0), (249.0, 255.0), (260.0, 269.0), (286.0, 288.0), (303.0, 300.0), (314.0, 310.0), (321.0, 313.0)]}
[DEBUG] mask nonzero = 234
[DEBUG] found 3 raw contours
[DEBUG] kept 3 candidates after filtering
[DEBUG] roi_desc = {'type': 'polygon', 'polygon': [(329.0, 318.0), (351.0, 301.0), (373.0, 280.0), (395.0, 264.0), (410.0, 237.0), (399.0, 194.0), (357.0, 161.0), (310.0, 167.0), (271.0, 175.0), (237.0, 188.0), (221.0, 208.0), (219.0, 222.0), (219.0, 239.0), (234.0, 245.0), (249.0, 255.0), (260.0, 269.0), (286.0, 288.0), (303.0, 300.0), (314.0, 310.0), (321.0, 313.0)]}
[DEBUG] mask nonzero = 233
[DEBUG] found 3 raw contours
[DEBUG] kept 3 candidates after filtering
[DEBUG] roi_desc = {'type': 'polygon', 'polygon': [(329.0, 318.0), (351.0, 301.0), (373.0, 280.0), (395.0, 264.0), (410.0, 237.0), (399.0, 194.0), (357.0, 161.0), (310.0, 167.0), (271.0, 175.0), (237.0, 188.0), (221.0, 208.0), (219.0, 222.0), (219.0, 239.0), (234.0, 245.0), (249.0, 255.0), (260.0, 269.0), (286.0, 288.0), (303.0, 300.0), (314.0, 310.0), (321.0, 313.0)]}
[DEBUG] mask nonzero = 234
[DEBUG] found 3 raw contours
[DEBUG] kept 3 candidates after filtering
[DEBUG] roi_desc = {'type': 'polygon', 'polygon': [(329.0, 318.0), (351.0, 301.0), (373.0, 280.0), (395.0, 264.0), (410.0, 237.0), (399.0, 194.0), (357.0, 161.0), (310.0, 167.0), (271.0, 175.0), (237.0, 188.0), (221.0, 208.0), (219.0, 222.0), (219.0, 239.0), (234.0, 245.0), (249.0, 255.0), (260.0, 269.0), (286.0, 288.0), (303.0, 300.0), (314.0, 310.0), (321.0, 313.0)]}
[DEBUG] mask nonzero = 234
[DEBUG] found 3 raw contours
[DEBUG] kept 3 candidates after filtering
[DEBUG] roi_desc = {'type': 'polygon', 'polygon': [(329.0, 318.0), (351.0, 301.0), (373.0, 280.0), (395.0, 264.0), (410.0, 237.0), (399.0, 194.0), (357.0, 161.0), (310.0, 167.0), (271.0, 175.0), (237.0, 188.0), (221.0, 208.0), (219.0, 222.0), (219.0, 239.0), (234.0, 245.0), (249.0, 255.0), (260.0, 269.0), (286.0, 288.0), (303.0, 300.0), (314.0, 310.0), (321.0, 313.0)]}
[DEBUG] mask nonzero = 231
[DEBUG] found 3 raw contours
[DEBUG] kept 3 candidates after filtering
[DEBUG] roi_desc = {'type': 'polygon', 'polygon': [(329.0, 318.0), (351.0, 301.0), (373.0, 280.0), (395.0, 264.0), (410.0, 237.0), (399.0, 194.0), (357.0, 161.0), (310.0, 167.0), (271.0, 175.0), (237.0, 188.0), (221.0, 208.0), (219.0, 222.0), (219.0, 239.0), (234.0, 245.0), (249.0, 255.0), (260.0, 269.0), (286.0, 288.0), (303.0, 300.0), (314.0, 310.0), (321.0, 313.0)]}
[DEBUG] mask nonzero = 232
[DEBUG] found 3 raw contours
[DEBUG] kept 3 candidates after filtering
[beam] iter 0: 30.1 mm (target 30, err -0.1)
[open-loop] beam at 30.1 mm
[DEBUG] roi_desc = {'type': 'polygon', 'polygon': [(329.0, 318.0), (351.0, 301.0), (373.0, 280.0), (395.0, 264.0), (410.0, 237.0), (399.0, 194.0), (357.0, 161.0), (310.0, 167.0), (271.0, 175.0), (237.0, 188.0), (221.0, 208.0), (219.0, 222.0), (219.0, 239.0), (234.0, 245.0), (249.0, 255.0), (260.0, 269.0), (286.0, 288.0), (303.0, 300.0), (314.0, 310.0), (321.0, 313.0)]}
[DEBUG] mask nonzero = 231
[DEBUG] found 3 raw contours
[DEBUG] kept 3 candidates after filtering
[DEBUG] roi_desc = {'type': 'polygon', 'polygon': [(329.0, 318.0), (351.0, 301.0), (373.0, 280.0), (395.0, 264.0), (410.0, 237.0), (399.0, 194.0), (357.0, 161.0), (310.0, 167.0), (271.0, 175.0), (237.0, 188.0), (221.0, 208.0), (219.0, 222.0), (219.0, 239.0), (234.0, 245.0), (249.0, 255.0), (260.0, 269.0), (286.0, 288.0), (303.0, 300.0), (314.0, 310.0), (321.0, 313.0)]}
[DEBUG] mask nonzero = 231
[DEBUG] found 3 raw contours
[DEBUG] kept 3 candidates after filtering
[DEBUG] roi_desc = {'type': 'polygon', 'polygon': [(329.0, 318.0), (351.0, 301.0), (373.0, 280.0), (395.0, 264.0), (410.0, 237.0), (399.0, 194.0), (357.0, 161.0), (310.0, 167.0), (271.0, 175.0), (237.0, 188.0), (221.0, 208.0), (219.0, 222.0), (219.0, 239.0), (234.0, 245.0), (249.0, 255.0), (260.0, 269.0), (286.0, 288.0), (303.0, 300.0), (314.0, 310.0), (321.0, 313.0)]}
[DEBUG] mask nonzero = 229
[DEBUG] found 3 raw contours
[DEBUG] kept 3 candidates after filtering
[DEBUG] roi_desc = {'type': 'polygon', 'polygon': [(329.0, 318.0), (351.0, 301.0), (373.0, 280.0), (395.0, 264.0), (410.0, 237.0), (399.0, 194.0), (357.0, 161.0), (310.0, 167.0), (271.0, 175.0), (237.0, 188.0), (221.0, 208.0), (219.0, 222.0), (219.0, 239.0), (234.0, 245.0), (249.0, 255.0), (260.0, 269.0), (286.0, 288.0), (303.0, 300.0), (314.0, 310.0), (321.0, 313.0)]}
[DEBUG] mask nonzero = 225
[DEBUG] found 3 raw contours
[DEBUG] kept 3 candidates after filtering
[DEBUG] roi_desc = {'type': 'polygon', 'polygon': [(329.0, 318.0), (351.0, 301.0), (373.0, 280.0), (395.0, 264.0), (410.0, 237.0), (399.0, 194.0), (357.0, 161.0), (310.0, 167.0), (271.0, 175.0), (237.0, 188.0), (221.0, 208.0), (219.0, 222.0), (219.0, 239.0), (234.0, 245.0), (249.0, 255.0), (260.0, 269.0), (286.0, 288.0), (303.0, 300.0), (314.0, 310.0), (321.0, 313.0)]}
[DEBUG] mask nonzero = 233
[DEBUG] found 3 raw contours
[DEBUG] kept 3 candidates after filtering
[DEBUG] roi_desc = {'type': 'polygon', 'polygon': [(329.0, 318.0), (351.0, 301.0), (373.0, 280.0), (395.0, 264.0), (410.0, 237.0), (399.0, 194.0), (357.0, 161.0), (310.0, 167.0), (271.0, 175.0), (237.0, 188.0), (221.0, 208.0), (219.0, 222.0), (219.0, 239.0), (234.0, 245.0), (249.0, 255.0), (260.0, 269.0), (286.0, 288.0), (303.0, 300.0), (314.0, 310.0), (321.0, 313.0)]}
[DEBUG] mask nonzero = 230
[DEBUG] found 3 raw contours
[DEBUG] kept 3 candidates after filtering
[DEBUG] roi_desc = {'type': 'polygon', 'polygon': [(329.0, 318.0), (351.0, 301.0), (373.0, 280.0), (395.0, 264.0), (410.0, 237.0), (399.0, 194.0), (357.0, 161.0), (310.0, 167.0), (271.0, 175.0), (237.0, 188.0), (221.0, 208.0), (219.0, 222.0), (219.0, 239.0), (234.0, 245.0), (249.0, 255.0), (260.0, 269.0), (286.0, 288.0), (303.0, 300.0), (314.0, 310.0), (321.0, 313.0)]}
[DEBUG] mask nonzero = 231
[DEBUG] found 3 raw contours
[DEBUG] kept 3 candidates after filtering
[DEBUG] roi_desc = {'type': 'polygon', 'polygon': [(329.0, 318.0), (351.0, 301.0), (373.0, 280.0), (395.0, 264.0), (410.0, 237.0), (399.0, 194.0), (357.0, 161.0), (310.0, 167.0), (271.0, 175.0), (237.0, 188.0), (221.0, 208.0), (219.0, 222.0), (219.0, 239.0), (234.0, 245.0), (249.0, 255.0), (260.0, 269.0), (286.0, 288.0), (303.0, 300.0), (314.0, 310.0), (321.0, 313.0)]}
[DEBUG] mask nonzero = 233
[DEBUG] found 3 raw contours
[DEBUG] kept 3 candidates after filtering
[DEBUG] roi_desc = {'type': 'polygon', 'polygon': [(329.0, 318.0), (351.0, 301.0), (373.0, 280.0), (395.0, 264.0), (410.0, 237.0), (399.0, 194.0), (357.0, 161.0), (310.0, 167.0), (271.0, 175.0), (237.0, 188.0), (221.0, 208.0), (219.0, 222.0), (219.0, 239.0), (234.0, 245.0), (249.0, 255.0), (260.0, 269.0), (286.0, 288.0), (303.0, 300.0), (314.0, 310.0), (321.0, 313.0)]}
[DEBUG] mask nonzero = 229
[DEBUG] found 3 raw contours
[DEBUG] kept 3 candidates after filtering
[DEBUG] roi_desc = {'type': 'polygon', 'polygon': [(329.0, 318.0), (351.0, 301.0), (373.0, 280.0), (395.0, 264.0), (410.0, 237.0), (399.0, 194.0), (357.0, 161.0), (310.0, 167.0), (271.0, 175.0), (237.0, 188.0), (221.0, 208.0), (219.0, 222.0), (219.0, 239.0), (234.0, 245.0), (249.0, 255.0), (260.0, 269.0), (286.0, 288.0), (303.0, 300.0), (314.0, 310.0), (321.0, 313.0)]}
[DEBUG] mask nonzero = 233
[DEBUG] found 3 raw contours
[DEBUG] kept 3 candidates after filtering
[DEBUG] roi_desc = {'type': 'polygon', 'polygon': [(329.0, 318.0), (351.0, 301.0), (373.0, 280.0), (395.0, 264.0), (410.0, 237.0), (399.0, 194.0), (357.0, 161.0), (310.0, 167.0), (271.0, 175.0), (237.0, 188.0), (221.0, 208.0), (219.0, 222.0), (219.0, 239.0), (234.0, 245.0), (249.0, 255.0), (260.0, 269.0), (286.0, 288.0), (303.0, 300.0), (314.0, 310.0), (321.0, 313.0)]}
[DEBUG] mask nonzero = 233
[DEBUG] found 3 raw contours
[DEBUG] kept 3 candidates after filtering
[DEBUG] roi_desc = {'type': 'polygon', 'polygon': [(329.0, 318.0), (351.0, 301.0), (373.0, 280.0), (395.0, 264.0), (410.0, 237.0), (399.0, 194.0), (357.0, 161.0), (310.0, 167.0), (271.0, 175.0), (237.0, 188.0), (221.0, 208.0), (219.0, 222.0), (219.0, 239.0), (234.0, 245.0), (249.0, 255.0), (260.0, 269.0), (286.0, 288.0), (303.0, 300.0), (314.0, 310.0), (321.0, 313.0)]}
[DEBUG] mask nonzero = 230
[DEBUG] found 3 raw contours
[DEBUG] kept 3 candidates after filtering
[DEBUG] roi_desc = {'type': 'polygon', 'polygon': [(329.0, 318.0), (351.0, 301.0), (373.0, 280.0), (395.0, 264.0), (410.0, 237.0), (399.0, 194.0), (357.0, 161.0), (310.0, 167.0), (271.0, 175.0), (237.0, 188.0), (221.0, 208.0), (219.0, 222.0), (219.0, 239.0), (234.0, 245.0), (249.0, 255.0), (260.0, 269.0), (286.0, 288.0), (303.0, 300.0), (314.0, 310.0), (321.0, 313.0)]}
[DEBUG] mask nonzero = 228
[DEBUG] found 3 raw contours
[DEBUG] kept 3 candidates after filtering
[DEBUG] roi_desc = {'type': 'polygon', 'polygon': [(329.0, 318.0), (351.0, 301.0), (373.0, 280.0), (395.0, 264.0), (410.0, 237.0), (399.0, 194.0), (357.0, 161.0), (310.0, 167.0), (271.0, 175.0), (237.0, 188.0), (221.0, 208.0), (219.0, 222.0), (219.0, 239.0), (234.0, 245.0), (249.0, 255.0), (260.0, 269.0), (286.0, 288.0), (303.0, 300.0), (314.0, 310.0), (321.0, 313.0)]}
[DEBUG] mask nonzero = 234
[DEBUG] found 3 raw contours
[DEBUG] kept 3 candidates after filtering
[DEBUG] roi_desc = {'type': 'polygon', 'polygon': [(329.0, 318.0), (351.0, 301.0), (373.0, 280.0), (395.0, 264.0), (410.0, 237.0), (399.0, 194.0), (357.0, 161.0), (310.0, 167.0), (271.0, 175.0), (237.0, 188.0), (221.0, 208.0), (219.0, 222.0), (219.0, 239.0), (234.0, 245.0), (249.0, 255.0), (260.0, 269.0), (286.0, 288.0), (303.0, 300.0), (314.0, 310.0), (321.0, 313.0)]}
[DEBUG] mask nonzero = 232
[DEBUG] found 3 raw contours
[DEBUG] kept 3 candidates after filtering
[DEBUG] roi_desc = {'type': 'polygon', 'polygon': [(329.0, 318.0), (351.0, 301.0), (373.0, 280.0), (395.0, 264.0), (410.0, 237.0), (399.0, 194.0), (357.0, 161.0), (310.0, 167.0), (271.0, 175.0), (237.0, 188.0), (221.0, 208.0), (219.0, 222.0), (219.0, 239.0), (234.0, 245.0), (249.0, 255.0), (260.0, 269.0), (286.0, 288.0), (303.0, 300.0), (314.0, 310.0), (321.0, 313.0)]}
[DEBUG] mask nonzero = 231
[DEBUG] found 3 raw contours
[DEBUG] kept 3 candidates after filtering
[DEBUG] roi_desc = {'type': 'polygon', 'polygon': [(329.0, 318.0), (351.0, 301.0), (373.0, 280.0), (395.0, 264.0), (410.0, 237.0), (399.0, 194.0), (357.0, 161.0), (310.0, 167.0), (271.0, 175.0), (237.0, 188.0), (221.0, 208.0), (219.0, 222.0), (219.0, 239.0), (234.0, 245.0), (249.0, 255.0), (260.0, 269.0), (286.0, 288.0), (303.0, 300.0), (314.0, 310.0), (321.0, 313.0)]}
[DEBUG] mask nonzero = 230
[DEBUG] found 3 raw contours
[DEBUG] kept 3 candidates after filtering
[DEBUG] roi_desc = {'type': 'polygon', 'polygon': [(329.0, 318.0), (351.0, 301.0), (373.0, 280.0), (395.0, 264.0), (410.0, 237.0), (399.0, 194.0), (357.0, 161.0), (310.0, 167.0), (271.0, 175.0), (237.0, 188.0), (221.0, 208.0), (219.0, 222.0), (219.0, 239.0), (234.0, 245.0), (249.0, 255.0), (260.0, 269.0), (286.0, 288.0), (303.0, 300.0), (314.0, 310.0), (321.0, 313.0)]}
[DEBUG] mask nonzero = 232
[DEBUG] found 3 raw contours
[DEBUG] kept 3 candidates after filtering
[DEBUG] roi_desc = {'type': 'polygon', 'polygon': [(329.0, 318.0), (351.0, 301.0), (373.0, 280.0), (395.0, 264.0), (410.0, 237.0), (399.0, 194.0), (357.0, 161.0), (310.0, 167.0), (271.0, 175.0), (237.0, 188.0), (221.0, 208.0), (219.0, 222.0), (219.0, 239.0), (234.0, 245.0), (249.0, 255.0), (260.0, 269.0), (286.0, 288.0), (303.0, 300.0), (314.0, 310.0), (321.0, 313.0)]}
[DEBUG] mask nonzero = 233
[DEBUG] found 3 raw contours
[DEBUG] kept 3 candidates after filtering
[DEBUG] roi_desc = {'type': 'polygon', 'polygon': [(329.0, 318.0), (351.0, 301.0), (373.0, 280.0), (395.0, 264.0), (410.0, 237.0), (399.0, 194.0), (357.0, 161.0), (310.0, 167.0), (271.0, 175.0), (237.0, 188.0), (221.0, 208.0), (219.0, 222.0), (219.0, 239.0), (234.0, 245.0), (249.0, 255.0), (260.0, 269.0), (286.0, 288.0), (303.0, 300.0), (314.0, 310.0), (321.0, 313.0)]}
[DEBUG] mask nonzero = 231
[DEBUG] found 3 raw contours
[DEBUG] kept 3 candidates after filtering
[DEBUG] roi_desc = {'type': 'polygon', 'polygon': [(329.0, 318.0), (351.0, 301.0), (373.0, 280.0), (395.0, 264.0), (410.0, 237.0), (399.0, 194.0), (357.0, 161.0), (310.0, 167.0), (271.0, 175.0), (237.0, 188.0), (221.0, 208.0), (219.0, 222.0), (219.0, 239.0), (234.0, 245.0), (249.0, 255.0), (260.0, 269.0), (286.0, 288.0), (303.0, 300.0), (314.0, 310.0), (321.0, 313.0)]}
[DEBUG] mask nonzero = 230
[DEBUG] found 3 raw contours
[DEBUG] kept 3 candidates after filtering
[DEBUG] roi_desc = {'type': 'polygon', 'polygon': [(329.0, 318.0), (351.0, 301.0), (373.0, 280.0), (395.0, 264.0), (410.0, 237.0), (399.0, 194.0), (357.0, 161.0), (310.0, 167.0), (271.0, 175.0), (237.0, 188.0), (221.0, 208.0), (219.0, 222.0), (219.0, 239.0), (234.0, 245.0), (249.0, 255.0), (260.0, 269.0), (286.0, 288.0), (303.0, 300.0), (314.0, 310.0), (321.0, 313.0)]}
[DEBUG] mask nonzero = 230
[DEBUG] found 3 raw contours
[DEBUG] kept 3 candidates after filtering
[DEBUG] roi_desc = {'type': 'polygon', 'polygon': [(329.0, 318.0), (351.0, 301.0), (373.0, 280.0), (395.0, 264.0), (410.0, 237.0), (399.0, 194.0), (357.0, 161.0), (310.0, 167.0), (271.0, 175.0), (237.0, 188.0), (221.0, 208.0), (219.0, 222.0), (219.0, 239.0), (234.0, 245.0), (249.0, 255.0), (260.0, 269.0), (286.0, 288.0), (303.0, 300.0), (314.0, 310.0), (321.0, 313.0)]}
[DEBUG] mask nonzero = 235
[DEBUG] found 3 raw contours
[DEBUG] kept 3 candidates after filtering
[DEBUG] roi_desc = {'type': 'polygon', 'polygon': [(329.0, 318.0), (351.0, 301.0), (373.0, 280.0), (395.0, 264.0), (410.0, 237.0), (399.0, 194.0), (357.0, 161.0), (310.0, 167.0), (271.0, 175.0), (237.0, 188.0), (221.0, 208.0), (219.0, 222.0), (219.0, 239.0), (234.0, 245.0), (249.0, 255.0), (260.0, 269.0), (286.0, 288.0), (303.0, 300.0), (314.0, 310.0), (321.0, 313.0)]}
[DEBUG] mask nonzero = 233
[DEBUG] found 3 raw contours
[DEBUG] kept 3 candidates after filtering
[DEBUG] roi_desc = {'type': 'polygon', 'polygon': [(329.0, 318.0), (351.0, 301.0), (373.0, 280.0), (395.0, 264.0), (410.0, 237.0), (399.0, 194.0), (357.0, 161.0), (310.0, 167.0), (271.0, 175.0), (237.0, 188.0), (221.0, 208.0), (219.0, 222.0), (219.0, 239.0), (234.0, 245.0), (249.0, 255.0), (260.0, 269.0), (286.0, 288.0), (303.0, 300.0), (314.0, 310.0), (321.0, 313.0)]}
[DEBUG] mask nonzero = 229
[DEBUG] found 3 raw contours
[DEBUG] kept 3 candidates after filtering
[DEBUG] roi_desc = {'type': 'polygon', 'polygon': [(329.0, 318.0), (351.0, 301.0), (373.0, 280.0), (395.0, 264.0), (410.0, 237.0), (399.0, 194.0), (357.0, 161.0), (310.0, 167.0), (271.0, 175.0), (237.0, 188.0), (221.0, 208.0), (219.0, 222.0), (219.0, 239.0), (234.0, 245.0), (249.0, 255.0), (260.0, 269.0), (286.0, 288.0), (303.0, 300.0), (314.0, 310.0), (321.0, 313.0)]}
[DEBUG] mask nonzero = 229
[DEBUG] found 3 raw contours
[DEBUG] kept 3 candidates after filtering
[DEBUG] roi_desc = {'type': 'polygon', 'polygon': [(329.0, 318.0), (351.0, 301.0), (373.0, 280.0), (395.0, 264.0), (410.0, 237.0), (399.0, 194.0), (357.0, 161.0), (310.0, 167.0), (271.0, 175.0), (237.0, 188.0), (221.0, 208.0), (219.0, 222.0), (219.0, 239.0), (234.0, 245.0), (249.0, 255.0), (260.0, 269.0), (286.0, 288.0), (303.0, 300.0), (314.0, 310.0), (321.0, 313.0)]}
[DEBUG] mask nonzero = 232
[DEBUG] found 3 raw contours
[DEBUG] kept 3 candidates after filtering
[DEBUG] roi_desc = {'type': 'polygon', 'polygon': [(329.0, 318.0), (351.0, 301.0), (373.0, 280.0), (395.0, 264.0), (410.0, 237.0), (399.0, 194.0), (357.0, 161.0), (310.0, 167.0), (271.0, 175.0), (237.0, 188.0), (221.0, 208.0), (219.0, 222.0), (219.0, 239.0), (234.0, 245.0), (249.0, 255.0), (260.0, 269.0), (286.0, 288.0), (303.0, 300.0), (314.0, 310.0), (321.0, 313.0)]}
[DEBUG] mask nonzero = 230
[DEBUG] found 3 raw contours
[DEBUG] kept 3 candidates after filtering
[DEBUG] roi_desc = {'type': 'polygon', 'polygon': [(329.0, 318.0), (351.0, 301.0), (373.0, 280.0), (395.0, 264.0), (410.0, 237.0), (399.0, 194.0), (357.0, 161.0), (310.0, 167.0), (271.0, 175.0), (237.0, 188.0), (221.0, 208.0), (219.0, 222.0), (219.0, 239.0), (234.0, 245.0), (249.0, 255.0), (260.0, 269.0), (286.0, 288.0), (303.0, 300.0), (314.0, 310.0), (321.0, 313.0)]}
[DEBUG] mask nonzero = 231
[DEBUG] found 3 raw contours
[DEBUG] kept 3 candidates after filtering
[DEBUG] roi_desc = {'type': 'polygon', 'polygon': [(329.0, 318.0), (351.0, 301.0), (373.0, 280.0), (395.0, 264.0), (410.0, 237.0), (399.0, 194.0), (357.0, 161.0), (310.0, 167.0), (271.0, 175.0), (237.0, 188.0), (221.0, 208.0), (219.0, 222.0), (219.0, 239.0), (234.0, 245.0), (249.0, 255.0), (260.0, 269.0), (286.0, 288.0), (303.0, 300.0), (314.0, 310.0), (321.0, 313.0)]}
[DEBUG] mask nonzero = 232
[DEBUG] found 3 raw contours
[DEBUG] kept 3 candidates after filtering
[DEBUG] roi_desc = {'type': 'polygon', 'polygon': [(329.0, 318.0), (351.0, 301.0), (373.0, 280.0), (395.0, 264.0), (410.0, 237.0), (399.0, 194.0), (357.0, 161.0), (310.0, 167.0), (271.0, 175.0), (237.0, 188.0), (221.0, 208.0), (219.0, 222.0), (219.0, 239.0), (234.0, 245.0), (249.0, 255.0), (260.0, 269.0), (286.0, 288.0), (303.0, 300.0), (314.0, 310.0), (321.0, 313.0)]}
[DEBUG] mask nonzero = 230
[DEBUG] found 3 raw contours
[DEBUG] kept 3 candidates after filtering
[DEBUG] roi_desc = {'type': 'polygon', 'polygon': [(329.0, 318.0), (351.0, 301.0), (373.0, 280.0), (395.0, 264.0), (410.0, 237.0), (399.0, 194.0), (357.0, 161.0), (310.0, 167.0), (271.0, 175.0), (237.0, 188.0), (221.0, 208.0), (219.0, 222.0), (219.0, 239.0), (234.0, 245.0), (249.0, 255.0), (260.0, 269.0), (286.0, 288.0), (303.0, 300.0), (314.0, 310.0), (321.0, 313.0)]}
[DEBUG] mask nonzero = 228
[DEBUG] found 3 raw contours
[DEBUG] kept 3 candidates after filtering
[DEBUG] roi_desc = {'type': 'polygon', 'polygon': [(329.0, 318.0), (351.0, 301.0), (373.0, 280.0), (395.0, 264.0), (410.0, 237.0), (399.0, 194.0), (357.0, 161.0), (310.0, 167.0), (271.0, 175.0), (237.0, 188.0), (221.0, 208.0), (219.0, 222.0), (219.0, 239.0), (234.0, 245.0), (249.0, 255.0), (260.0, 269.0), (286.0, 288.0), (303.0, 300.0), (314.0, 310.0), (321.0, 313.0)]}
[DEBUG] mask nonzero = 236
[DEBUG] found 3 raw contours
[DEBUG] kept 3 candidates after filtering
[DEBUG] roi_desc = {'type': 'polygon', 'polygon': [(329.0, 318.0), (351.0, 301.0), (373.0, 280.0), (395.0, 264.0), (410.0, 237.0), (399.0, 194.0), (357.0, 161.0), (310.0, 167.0), (271.0, 175.0), (237.0, 188.0), (221.0, 208.0), (219.0, 222.0), (219.0, 239.0), (234.0, 245.0), (249.0, 255.0), (260.0, 269.0), (286.0, 288.0), (303.0, 300.0), (314.0, 310.0), (321.0, 313.0)]}
[DEBUG] mask nonzero = 233
[DEBUG] found 3 raw contours
[DEBUG] kept 3 candidates after filtering
[DEBUG] roi_desc = {'type': 'polygon', 'polygon': [(329.0, 318.0), (351.0, 301.0), (373.0, 280.0), (395.0, 264.0), (410.0, 237.0), (399.0, 194.0), (357.0, 161.0), (310.0, 167.0), (271.0, 175.0), (237.0, 188.0), (221.0, 208.0), (219.0, 222.0), (219.0, 239.0), (234.0, 245.0), (249.0, 255.0), (260.0, 269.0), (286.0, 288.0), (303.0, 300.0), (314.0, 310.0), (321.0, 313.0)]}
[DEBUG] mask nonzero = 231
[DEBUG] found 3 raw contours
[DEBUG] kept 3 candidates after filtering
[DEBUG] roi_desc = {'type': 'polygon', 'polygon': [(329.0, 318.0), (351.0, 301.0), (373.0, 280.0), (395.0, 264.0), (410.0, 237.0), (399.0, 194.0), (357.0, 161.0), (310.0, 167.0), (271.0, 175.0), (237.0, 188.0), (221.0, 208.0), (219.0, 222.0), (219.0, 239.0), (234.0, 245.0), (249.0, 255.0), (260.0, 269.0), (286.0, 288.0), (303.0, 300.0), (314.0, 310.0), (321.0, 313.0)]}
[DEBUG] mask nonzero = 232
[DEBUG] found 3 raw contours
[DEBUG] kept 3 candidates after filtering
[DEBUG] roi_desc = {'type': 'polygon', 'polygon': [(329.0, 318.0), (351.0, 301.0), (373.0, 280.0), (395.0, 264.0), (410.0, 237.0), (399.0, 194.0), (357.0, 161.0), (310.0, 167.0), (271.0, 175.0), (237.0, 188.0), (221.0, 208.0), (219.0, 222.0), (219.0, 239.0), (234.0, 245.0), (249.0, 255.0), (260.0, 269.0), (286.0, 288.0), (303.0, 300.0), (314.0, 310.0), (321.0, 313.0)]}
[DEBUG] mask nonzero = 232
[DEBUG] found 3 raw contours
[DEBUG] kept 3 candidates after filtering
[open-loop] planner->R fit |t|=0.001 det=+1.000
[   0] i=  1/131 |e|=  0.10mm ins=30.1mm
[DEBUG] roi_desc = {'type': 'polygon', 'polygon': [(329.0, 318.0), (351.0, 301.0), (373.0, 280.0), (395.0, 264.0), (410.0, 237.0), (399.0, 194.0), (357.0, 161.0), (310.0, 167.0), (271.0, 175.0), (237.0, 188.0), (221.0, 208.0), (219.0, 222.0), (219.0, 239.0), (234.0, 245.0), (249.0, 255.0), (260.0, 269.0), (286.0, 288.0), (303.0, 300.0), (314.0, 310.0), (321.0, 313.0)]}
[DEBUG] mask nonzero = 231
[DEBUG] found 3 raw contours
[DEBUG] kept 3 candidates after filtering
[DEBUG] roi_desc = {'type': 'polygon', 'polygon': [(329.0, 318.0), (351.0, 301.0), (373.0, 280.0), (395.0, 264.0), (410.0, 237.0), (399.0, 194.0), (357.0, 161.0), (310.0, 167.0), (271.0, 175.0), (237.0, 188.0), (221.0, 208.0), (219.0, 222.0), (219.0, 239.0), (234.0, 245.0), (249.0, 255.0), (260.0, 269.0), (286.0, 288.0), (303.0, 300.0), (314.0, 310.0), (321.0, 313.0)]}
[DEBUG] mask nonzero = 231
[DEBUG] found 3 raw contours
[DEBUG] kept 3 candidates after filtering
[DEBUG] roi_desc = {'type': 'polygon', 'polygon': [(329.0, 318.0), (351.0, 301.0), (373.0, 280.0), (395.0, 264.0), (410.0, 237.0), (399.0, 194.0), (357.0, 161.0), (310.0, 167.0), (271.0, 175.0), (237.0, 188.0), (221.0, 208.0), (219.0, 222.0), (219.0, 239.0), (234.0, 245.0), (249.0, 255.0), (260.0, 269.0), (286.0, 288.0), (303.0, 300.0), (314.0, 310.0), (321.0, 313.0)]}
[DEBUG] mask nonzero = 230
[DEBUG] found 3 raw contours
[DEBUG] kept 3 candidates after filtering
[DEBUG] roi_desc = {'type': 'polygon', 'polygon': [(329.0, 318.0), (351.0, 301.0), (373.0, 280.0), (395.0, 264.0), (410.0, 237.0), (399.0, 194.0), (357.0, 161.0), (310.0, 167.0), (271.0, 175.0), (237.0, 188.0), (221.0, 208.0), (219.0, 222.0), (219.0, 239.0), (234.0, 245.0), (249.0, 255.0), (260.0, 269.0), (286.0, 288.0), (303.0, 300.0), (314.0, 310.0), (321.0, 313.0)]}
[DEBUG] mask nonzero = 233
[DEBUG] found 3 raw contours
[DEBUG] kept 3 candidates after filtering
[DEBUG] roi_desc = {'type': 'polygon', 'polygon': [(329.0, 318.0), (351.0, 301.0), (373.0, 280.0), (395.0, 264.0), (410.0, 237.0), (399.0, 194.0), (357.0, 161.0), (310.0, 167.0), (271.0, 175.0), (237.0, 188.0), (221.0, 208.0), (219.0, 222.0), (219.0, 239.0), (234.0, 245.0), (249.0, 255.0), (260.0, 269.0), (286.0, 288.0), (303.0, 300.0), (314.0, 310.0), (321.0, 313.0)]}
[DEBUG] mask nonzero = 231
[DEBUG] found 3 raw contours
[DEBUG] kept 3 candidates after filtering
[DEBUG] roi_desc = {'type': 'polygon', 'polygon': [(329.0, 318.0), (351.0, 301.0), (373.0, 280.0), (395.0, 264.0), (410.0, 237.0), (399.0, 194.0), (357.0, 161.0), (310.0, 167.0), (271.0, 175.0), (237.0, 188.0), (221.0, 208.0), (219.0, 222.0), (219.0, 239.0), (234.0, 245.0), (249.0, 255.0), (260.0, 269.0), (286.0, 288.0), (303.0, 300.0), (314.0, 310.0), (321.0, 313.0)]}
[DEBUG] mask nonzero = 235
[DEBUG] found 3 raw contours
[DEBUG] kept 3 candidates after filtering
[DEBUG] roi_desc = {'type': 'polygon', 'polygon': [(329.0, 318.0), (351.0, 301.0), (373.0, 280.0), (395.0, 264.0), (410.0, 237.0), (399.0, 194.0), (357.0, 161.0), (310.0, 167.0), (271.0, 175.0), (237.0, 188.0), (221.0, 208.0), (219.0, 222.0), (219.0, 239.0), (234.0, 245.0), (249.0, 255.0), (260.0, 269.0), (286.0, 288.0), (303.0, 300.0), (314.0, 310.0), (321.0, 313.0)]}
[DEBUG] mask nonzero = 246
[DEBUG] found 3 raw contours
[DEBUG] kept 3 candidates after filtering
[DEBUG] roi_desc = {'type': 'polygon', 'polygon': [(329.0, 318.0), (351.0, 301.0), (373.0, 280.0), (395.0, 264.0), (410.0, 237.0), (399.0, 194.0), (357.0, 161.0), (310.0, 167.0), (271.0, 175.0), (237.0, 188.0), (221.0, 208.0), (219.0, 222.0), (219.0, 239.0), (234.0, 245.0), (249.0, 255.0), (260.0, 269.0), (286.0, 288.0), (303.0, 300.0), (314.0, 310.0), (321.0, 313.0)]}
[DEBUG] mask nonzero = 231
[DEBUG] found 3 raw contours
[DEBUG] kept 3 candidates after filtering
[DEBUG] roi_desc = {'type': 'polygon', 'polygon': [(329.0, 318.0), (351.0, 301.0), (373.0, 280.0), (395.0, 264.0), (410.0, 237.0), (399.0, 194.0), (357.0, 161.0), (310.0, 167.0), (271.0, 175.0), (237.0, 188.0), (221.0, 208.0), (219.0, 222.0), (219.0, 239.0), (234.0, 245.0), (249.0, 255.0), (260.0, 269.0), (286.0, 288.0), (303.0, 300.0), (314.0, 310.0), (321.0, 313.0)]}
[DEBUG] mask nonzero = 221
[DEBUG] found 3 raw contours
[DEBUG] kept 3 candidates after filtering
[DEBUG] roi_desc = {'type': 'polygon', 'polygon': [(329.0, 318.0), (351.0, 301.0), (373.0, 280.0), (395.0, 264.0), (410.0, 237.0), (399.0, 194.0), (357.0, 161.0), (310.0, 167.0), (271.0, 175.0), (237.0, 188.0), (221.0, 208.0), (219.0, 222.0), (219.0, 239.0), (234.0, 245.0), (249.0, 255.0), (260.0, 269.0), (286.0, 288.0), (303.0, 300.0), (314.0, 310.0), (321.0, 313.0)]}
[DEBUG] mask nonzero = 235
[DEBUG] found 3 raw contours
[DEBUG] kept 3 candidates after filtering
[DEBUG] roi_desc = {'type': 'polygon', 'polygon': [(329.0, 318.0), (351.0, 301.0), (373.0, 280.0), (395.0, 264.0), (410.0, 237.0), (399.0, 194.0), (357.0, 161.0), (310.0, 167.0), (271.0, 175.0), (237.0, 188.0), (221.0, 208.0), (219.0, 222.0), (219.0, 239.0), (234.0, 245.0), (249.0, 255.0), (260.0, 269.0), (286.0, 288.0), (303.0, 300.0), (314.0, 310.0), (321.0, 313.0)]}
[DEBUG] mask nonzero = 220
[DEBUG] found 3 raw contours
[DEBUG] kept 3 candidates after filtering
[DEBUG] roi_desc = {'type': 'polygon', 'polygon': [(329.0, 318.0), (351.0, 301.0), (373.0, 280.0), (395.0, 264.0), (410.0, 237.0), (399.0, 194.0), (357.0, 161.0), (310.0, 167.0), (271.0, 175.0), (237.0, 188.0), (221.0, 208.0), (219.0, 222.0), (219.0, 239.0), (234.0, 245.0), (249.0, 255.0), (260.0, 269.0), (286.0, 288.0), (303.0, 300.0), (314.0, 310.0), (321.0, 313.0)]}
[DEBUG] mask nonzero = 226
[DEBUG] found 3 raw contours
[DEBUG] kept 3 candidates after filtering
[DEBUG] roi_desc = {'type': 'polygon', 'polygon': [(329.0, 318.0), (351.0, 301.0), (373.0, 280.0), (395.0, 264.0), (410.0, 237.0), (399.0, 194.0), (357.0, 161.0), (310.0, 167.0), (271.0, 175.0), (237.0, 188.0), (221.0, 208.0), (219.0, 222.0), (219.0, 239.0), (234.0, 245.0), (249.0, 255.0), (260.0, 269.0), (286.0, 288.0), (303.0, 300.0), (314.0, 310.0), (321.0, 313.0)]}
[DEBUG] mask nonzero = 230
[DEBUG] found 3 raw contours
[DEBUG] kept 3 candidates after filtering
[DEBUG] roi_desc = {'type': 'polygon', 'polygon': [(329.0, 318.0), (351.0, 301.0), (373.0, 280.0), (395.0, 264.0), (410.0, 237.0), (399.0, 194.0), (357.0, 161.0), (310.0, 167.0), (271.0, 175.0), (237.0, 188.0), (221.0, 208.0), (219.0, 222.0), (219.0, 239.0), (234.0, 245.0), (249.0, 255.0), (260.0, 269.0), (286.0, 288.0), (303.0, 300.0), (314.0, 310.0), (321.0, 313.0)]}
[DEBUG] mask nonzero = 226
[DEBUG] found 3 raw contours
[DEBUG] kept 3 candidates after filtering
[DEBUG] roi_desc = {'type': 'polygon', 'polygon': [(329.0, 318.0), (351.0, 301.0), (373.0, 280.0), (395.0, 264.0), (410.0, 237.0), (399.0, 194.0), (357.0, 161.0), (310.0, 167.0), (271.0, 175.0), (237.0, 188.0), (221.0, 208.0), (219.0, 222.0), (219.0, 239.0), (234.0, 245.0), (249.0, 255.0), (260.0, 269.0), (286.0, 288.0), (303.0, 300.0), (314.0, 310.0), (321.0, 313.0)]}
[DEBUG] mask nonzero = 223
[DEBUG] found 3 raw contours
[DEBUG] kept 3 candidates after filtering
[DEBUG] roi_desc = {'type': 'polygon', 'polygon': [(329.0, 318.0), (351.0, 301.0), (373.0, 280.0), (395.0, 264.0), (410.0, 237.0), (399.0, 194.0), (357.0, 161.0), (310.0, 167.0), (271.0, 175.0), (237.0, 188.0), (221.0, 208.0), (219.0, 222.0), (219.0, 239.0), (234.0, 245.0), (249.0, 255.0), (260.0, 269.0), (286.0, 288.0), (303.0, 300.0), (314.0, 310.0), (321.0, 313.0)]}
[DEBUG] mask nonzero = 234
[DEBUG] found 3 raw contours
[DEBUG] kept 3 candidates after filtering
[DEBUG] roi_desc = {'type': 'polygon', 'polygon': [(329.0, 318.0), (351.0, 301.0), (373.0, 280.0), (395.0, 264.0), (410.0, 237.0), (399.0, 194.0), (357.0, 161.0), (310.0, 167.0), (271.0, 175.0), (237.0, 188.0), (221.0, 208.0), (219.0, 222.0), (219.0, 239.0), (234.0, 245.0), (249.0, 255.0), (260.0, 269.0), (286.0, 288.0), (303.0, 300.0), (314.0, 310.0), (321.0, 313.0)]}
[DEBUG] mask nonzero = 237
[DEBUG] found 3 raw contours
[DEBUG] kept 3 candidates after filtering
[DEBUG] roi_desc = {'type': 'polygon', 'polygon': [(329.0, 318.0), (351.0, 301.0), (373.0, 280.0), (395.0, 264.0), (410.0, 237.0), (399.0, 194.0), (357.0, 161.0), (310.0, 167.0), (271.0, 175.0), (237.0, 188.0), (221.0, 208.0), (219.0, 222.0), (219.0, 239.0), (234.0, 245.0), (249.0, 255.0), (260.0, 269.0), (286.0, 288.0), (303.0, 300.0), (314.0, 310.0), (321.0, 313.0)]}
[DEBUG] mask nonzero = 218
[DEBUG] found 3 raw contours
[DEBUG] kept 3 candidates after filtering
[  10] i= 11/131 |e|=  1.22mm ins=31.6mm
[DEBUG] roi_desc = {'type': 'polygon', 'polygon': [(329.0, 318.0), (351.0, 301.0), (373.0, 280.0), (395.0, 264.0), (410.0, 237.0), (399.0, 194.0), (357.0, 161.0), (310.0, 167.0), (271.0, 175.0), (237.0, 188.0), (221.0, 208.0), (219.0, 222.0), (219.0, 239.0), (234.0, 245.0), (249.0, 255.0), (260.0, 269.0), (286.0, 288.0), (303.0, 300.0), (314.0, 310.0), (321.0, 313.0)]}
[DEBUG] mask nonzero = 220
[DEBUG] found 3 raw contours
[DEBUG] kept 3 candidates after filtering
[DEBUG] roi_desc = {'type': 'polygon', 'polygon': [(329.0, 318.0), (351.0, 301.0), (373.0, 280.0), (395.0, 264.0), (410.0, 237.0), (399.0, 194.0), (357.0, 161.0), (310.0, 167.0), (271.0, 175.0), (237.0, 188.0), (221.0, 208.0), (219.0, 222.0), (219.0, 239.0), (234.0, 245.0), (249.0, 255.0), (260.0, 269.0), (286.0, 288.0), (303.0, 300.0), (314.0, 310.0), (321.0, 313.0)]}
[DEBUG] mask nonzero = 212
[DEBUG] found 3 raw contours
[DEBUG] kept 3 candidates after filtering
[DEBUG] roi_desc = {'type': 'polygon', 'polygon': [(329.0, 318.0), (351.0, 301.0), (373.0, 280.0), (395.0, 264.0), (410.0, 237.0), (399.0, 194.0), (357.0, 161.0), (310.0, 167.0), (271.0, 175.0), (237.0, 188.0), (221.0, 208.0), (219.0, 222.0), (219.0, 239.0), (234.0, 245.0), (249.0, 255.0), (260.0, 269.0), (286.0, 288.0), (303.0, 300.0), (314.0, 310.0), (321.0, 313.0)]}
[DEBUG] mask nonzero = 227
[DEBUG] found 3 raw contours
[DEBUG] kept 3 candidates after filtering
[DEBUG] roi_desc = {'type': 'polygon', 'polygon': [(329.0, 318.0), (351.0, 301.0), (373.0, 280.0), (395.0, 264.0), (410.0, 237.0), (399.0, 194.0), (357.0, 161.0), (310.0, 167.0), (271.0, 175.0), (237.0, 188.0), (221.0, 208.0), (219.0, 222.0), (219.0, 239.0), (234.0, 245.0), (249.0, 255.0), (260.0, 269.0), (286.0, 288.0), (303.0, 300.0), (314.0, 310.0), (321.0, 313.0)]}
[DEBUG] mask nonzero = 221
[DEBUG] found 3 raw contours
[DEBUG] kept 3 candidates after filtering
[DEBUG] roi_desc = {'type': 'polygon', 'polygon': [(329.0, 318.0), (351.0, 301.0), (373.0, 280.0), (395.0, 264.0), (410.0, 237.0), (399.0, 194.0), (357.0, 161.0), (310.0, 167.0), (271.0, 175.0), (237.0, 188.0), (221.0, 208.0), (219.0, 222.0), (219.0, 239.0), (234.0, 245.0), (249.0, 255.0), (260.0, 269.0), (286.0, 288.0), (303.0, 300.0), (314.0, 310.0), (321.0, 313.0)]}
[DEBUG] mask nonzero = 235
[DEBUG] found 3 raw contours
[DEBUG] kept 3 candidates after filtering
[DEBUG] roi_desc = {'type': 'polygon', 'polygon': [(329.0, 318.0), (351.0, 301.0), (373.0, 280.0), (395.0, 264.0), (410.0, 237.0), (399.0, 194.0), (357.0, 161.0), (310.0, 167.0), (271.0, 175.0), (237.0, 188.0), (221.0, 208.0), (219.0, 222.0), (219.0, 239.0), (234.0, 245.0), (249.0, 255.0), (260.0, 269.0), (286.0, 288.0), (303.0, 300.0), (314.0, 310.0), (321.0, 313.0)]}
[DEBUG] mask nonzero = 227
[DEBUG] found 3 raw contours
[DEBUG] kept 3 candidates after filtering
[DEBUG] roi_desc = {'type': 'polygon', 'polygon': [(329.0, 318.0), (351.0, 301.0), (373.0, 280.0), (395.0, 264.0), (410.0, 237.0), (399.0, 194.0), (357.0, 161.0), (310.0, 167.0), (271.0, 175.0), (237.0, 188.0), (221.0, 208.0), (219.0, 222.0), (219.0, 239.0), (234.0, 245.0), (249.0, 255.0), (260.0, 269.0), (286.0, 288.0), (303.0, 300.0), (314.0, 310.0), (321.0, 313.0)]}
[DEBUG] mask nonzero = 227
[DEBUG] found 3 raw contours
[DEBUG] kept 3 candidates after filtering
[DEBUG] roi_desc = {'type': 'polygon', 'polygon': [(329.0, 318.0), (351.0, 301.0), (373.0, 280.0), (395.0, 264.0), (410.0, 237.0), (399.0, 194.0), (357.0, 161.0), (310.0, 167.0), (271.0, 175.0), (237.0, 188.0), (221.0, 208.0), (219.0, 222.0), (219.0, 239.0), (234.0, 245.0), (249.0, 255.0), (260.0, 269.0), (286.0, 288.0), (303.0, 300.0), (314.0, 310.0), (321.0, 313.0)]}
[DEBUG] mask nonzero = 230
[DEBUG] found 3 raw contours
[DEBUG] kept 3 candidates after filtering
[DEBUG] roi_desc = {'type': 'polygon', 'polygon': [(329.0, 318.0), (351.0, 301.0), (373.0, 280.0), (395.0, 264.0), (410.0, 237.0), (399.0, 194.0), (357.0, 161.0), (310.0, 167.0), (271.0, 175.0), (237.0, 188.0), (221.0, 208.0), (219.0, 222.0), (219.0, 239.0), (234.0, 245.0), (249.0, 255.0), (260.0, 269.0), (286.0, 288.0), (303.0, 300.0), (314.0, 310.0), (321.0, 313.0)]}
[DEBUG] mask nonzero = 228
[DEBUG] found 3 raw contours
[DEBUG] kept 3 candidates after filtering
[DEBUG] roi_desc = {'type': 'polygon', 'polygon': [(329.0, 318.0), (351.0, 301.0), (373.0, 280.0), (395.0, 264.0), (410.0, 237.0), (399.0, 194.0), (357.0, 161.0), (310.0, 167.0), (271.0, 175.0), (237.0, 188.0), (221.0, 208.0), (219.0, 222.0), (219.0, 239.0), (234.0, 245.0), (249.0, 255.0), (260.0, 269.0), (286.0, 288.0), (303.0, 300.0), (314.0, 310.0), (321.0, 313.0)]}
[DEBUG] mask nonzero = 234
[DEBUG] found 3 raw contours
[DEBUG] kept 3 candidates after filtering
[DEBUG] roi_desc = {'type': 'polygon', 'polygon': [(329.0, 318.0), (351.0, 301.0), (373.0, 280.0), (395.0, 264.0), (410.0, 237.0), (399.0, 194.0), (357.0, 161.0), (310.0, 167.0), (271.0, 175.0), (237.0, 188.0), (221.0, 208.0), (219.0, 222.0), (219.0, 239.0), (234.0, 245.0), (249.0, 255.0), (260.0, 269.0), (286.0, 288.0), (303.0, 300.0), (314.0, 310.0), (321.0, 313.0)]}
[DEBUG] mask nonzero = 228
[DEBUG] found 3 raw contours
[DEBUG] kept 3 candidates after filtering
[DEBUG] roi_desc = {'type': 'polygon', 'polygon': [(329.0, 318.0), (351.0, 301.0), (373.0, 280.0), (395.0, 264.0), (410.0, 237.0), (399.0, 194.0), (357.0, 161.0), (310.0, 167.0), (271.0, 175.0), (237.0, 188.0), (221.0, 208.0), (219.0, 222.0), (219.0, 239.0), (234.0, 245.0), (249.0, 255.0), (260.0, 269.0), (286.0, 288.0), (303.0, 300.0), (314.0, 310.0), (321.0, 313.0)]}
[DEBUG] mask nonzero = 224
[DEBUG] found 3 raw contours
[DEBUG] kept 3 candidates after filtering
[DEBUG] roi_desc = {'type': 'polygon', 'polygon': [(329.0, 318.0), (351.0, 301.0), (373.0, 280.0), (395.0, 264.0), (410.0, 237.0), (399.0, 194.0), (357.0, 161.0), (310.0, 167.0), (271.0, 175.0), (237.0, 188.0), (221.0, 208.0), (219.0, 222.0), (219.0, 239.0), (234.0, 245.0), (249.0, 255.0), (260.0, 269.0), (286.0, 288.0), (303.0, 300.0), (314.0, 310.0), (321.0, 313.0)]}
[DEBUG] mask nonzero = 231
[DEBUG] found 3 raw contours
[DEBUG] kept 3 candidates after filtering
[DEBUG] roi_desc = {'type': 'polygon', 'polygon': [(329.0, 318.0), (351.0, 301.0), (373.0, 280.0), (395.0, 264.0), (410.0, 237.0), (399.0, 194.0), (357.0, 161.0), (310.0, 167.0), (271.0, 175.0), (237.0, 188.0), (221.0, 208.0), (219.0, 222.0), (219.0, 239.0), (234.0, 245.0), (249.0, 255.0), (260.0, 269.0), (286.0, 288.0), (303.0, 300.0), (314.0, 310.0), (321.0, 313.0)]}
[DEBUG] mask nonzero = 228
[DEBUG] found 3 raw contours
[DEBUG] kept 3 candidates after filtering
[DEBUG] roi_desc = {'type': 'polygon', 'polygon': [(329.0, 318.0), (351.0, 301.0), (373.0, 280.0), (395.0, 264.0), (410.0, 237.0), (399.0, 194.0), (357.0, 161.0), (310.0, 167.0), (271.0, 175.0), (237.0, 188.0), (221.0, 208.0), (219.0, 222.0), (219.0, 239.0), (234.0, 245.0), (249.0, 255.0), (260.0, 269.0), (286.0, 288.0), (303.0, 300.0), (314.0, 310.0), (321.0, 313.0)]}
[DEBUG] mask nonzero = 227
[DEBUG] found 3 raw contours
[DEBUG] kept 3 candidates after filtering
[DEBUG] roi_desc = {'type': 'polygon', 'polygon': [(329.0, 318.0), (351.0, 301.0), (373.0, 280.0), (395.0, 264.0), (410.0, 237.0), (399.0, 194.0), (357.0, 161.0), (310.0, 167.0), (271.0, 175.0), (237.0, 188.0), (221.0, 208.0), (219.0, 222.0), (219.0, 239.0), (234.0, 245.0), (249.0, 255.0), (260.0, 269.0), (286.0, 288.0), (303.0, 300.0), (314.0, 310.0), (321.0, 313.0)]}
[DEBUG] mask nonzero = 231
[DEBUG] found 3 raw contours
[DEBUG] kept 3 candidates after filtering
[DEBUG] roi_desc = {'type': 'polygon', 'polygon': [(329.0, 318.0), (351.0, 301.0), (373.0, 280.0), (395.0, 264.0), (410.0, 237.0), (399.0, 194.0), (357.0, 161.0), (310.0, 167.0), (271.0, 175.0), (237.0, 188.0), (221.0, 208.0), (219.0, 222.0), (219.0, 239.0), (234.0, 245.0), (249.0, 255.0), (260.0, 269.0), (286.0, 288.0), (303.0, 300.0), (314.0, 310.0), (321.0, 313.0)]}
[DEBUG] mask nonzero = 234
[DEBUG] found 3 raw contours
[DEBUG] kept 3 candidates after filtering
[  20] i= 21/131 |e|=  1.07mm ins=33.2mm
[DEBUG] roi_desc = {'type': 'polygon', 'polygon': [(329.0, 318.0), (351.0, 301.0), (373.0, 280.0), (395.0, 264.0), (410.0, 237.0), (399.0, 194.0), (357.0, 161.0), (310.0, 167.0), (271.0, 175.0), (237.0, 188.0), (221.0, 208.0), (219.0, 222.0), (219.0, 239.0), (234.0, 245.0), (249.0, 255.0), (260.0, 269.0), (286.0, 288.0), (303.0, 300.0), (314.0, 310.0), (321.0, 313.0)]}
[DEBUG] mask nonzero = 225
[DEBUG] found 3 raw contours
[DEBUG] kept 3 candidates after filtering
[DEBUG] roi_desc = {'type': 'polygon', 'polygon': [(329.0, 318.0), (351.0, 301.0), (373.0, 280.0), (395.0, 264.0), (410.0, 237.0), (399.0, 194.0), (357.0, 161.0), (310.0, 167.0), (271.0, 175.0), (237.0, 188.0), (221.0, 208.0), (219.0, 222.0), (219.0, 239.0), (234.0, 245.0), (249.0, 255.0), (260.0, 269.0), (286.0, 288.0), (303.0, 300.0), (314.0, 310.0), (321.0, 313.0)]}
[DEBUG] mask nonzero = 236
[DEBUG] found 3 raw contours
[DEBUG] kept 3 candidates after filtering
[DEBUG] roi_desc = {'type': 'polygon', 'polygon': [(329.0, 318.0), (351.0, 301.0), (373.0, 280.0), (395.0, 264.0), (410.0, 237.0), (399.0, 194.0), (357.0, 161.0), (310.0, 167.0), (271.0, 175.0), (237.0, 188.0), (221.0, 208.0), (219.0, 222.0), (219.0, 239.0), (234.0, 245.0), (249.0, 255.0), (260.0, 269.0), (286.0, 288.0), (303.0, 300.0), (314.0, 310.0), (321.0, 313.0)]}
[DEBUG] mask nonzero = 216
[DEBUG] found 3 raw contours
[DEBUG] kept 3 candidates after filtering
[DEBUG] roi_desc = {'type': 'polygon', 'polygon': [(329.0, 318.0), (351.0, 301.0), (373.0, 280.0), (395.0, 264.0), (410.0, 237.0), (399.0, 194.0), (357.0, 161.0), (310.0, 167.0), (271.0, 175.0), (237.0, 188.0), (221.0, 208.0), (219.0, 222.0), (219.0, 239.0), (234.0, 245.0), (249.0, 255.0), (260.0, 269.0), (286.0, 288.0), (303.0, 300.0), (314.0, 310.0), (321.0, 313.0)]}
[DEBUG] mask nonzero = 214
[DEBUG] found 3 raw contours
[DEBUG] kept 3 candidates after filtering
[DEBUG] roi_desc = {'type': 'polygon', 'polygon': [(329.0, 318.0), (351.0, 301.0), (373.0, 280.0), (395.0, 264.0), (410.0, 237.0), (399.0, 194.0), (357.0, 161.0), (310.0, 167.0), (271.0, 175.0), (237.0, 188.0), (221.0, 208.0), (219.0, 222.0), (219.0, 239.0), (234.0, 245.0), (249.0, 255.0), (260.0, 269.0), (286.0, 288.0), (303.0, 300.0), (314.0, 310.0), (321.0, 313.0)]}
[DEBUG] mask nonzero = 213
[DEBUG] found 3 raw contours
[DEBUG] kept 3 candidates after filtering
[DEBUG] roi_desc = {'type': 'polygon', 'polygon': [(329.0, 318.0), (351.0, 301.0), (373.0, 280.0), (395.0, 264.0), (410.0, 237.0), (399.0, 194.0), (357.0, 161.0), (310.0, 167.0), (271.0, 175.0), (237.0, 188.0), (221.0, 208.0), (219.0, 222.0), (219.0, 239.0), (234.0, 245.0), (249.0, 255.0), (260.0, 269.0), (286.0, 288.0), (303.0, 300.0), (314.0, 310.0), (321.0, 313.0)]}
[DEBUG] mask nonzero = 219
[DEBUG] found 3 raw contours
[DEBUG] kept 3 candidates after filtering
[DEBUG] roi_desc = {'type': 'polygon', 'polygon': [(329.0, 318.0), (351.0, 301.0), (373.0, 280.0), (395.0, 264.0), (410.0, 237.0), (399.0, 194.0), (357.0, 161.0), (310.0, 167.0), (271.0, 175.0), (237.0, 188.0), (221.0, 208.0), (219.0, 222.0), (219.0, 239.0), (234.0, 245.0), (249.0, 255.0), (260.0, 269.0), (286.0, 288.0), (303.0, 300.0), (314.0, 310.0), (321.0, 313.0)]}
[DEBUG] mask nonzero = 222
[DEBUG] found 3 raw contours
[DEBUG] kept 3 candidates after filtering
[DEBUG] roi_desc = {'type': 'polygon', 'polygon': [(329.0, 318.0), (351.0, 301.0), (373.0, 280.0), (395.0, 264.0), (410.0, 237.0), (399.0, 194.0), (357.0, 161.0), (310.0, 167.0), (271.0, 175.0), (237.0, 188.0), (221.0, 208.0), (219.0, 222.0), (219.0, 239.0), (234.0, 245.0), (249.0, 255.0), (260.0, 269.0), (286.0, 288.0), (303.0, 300.0), (314.0, 310.0), (321.0, 313.0)]}
[DEBUG] mask nonzero = 224
[DEBUG] found 3 raw contours
[DEBUG] kept 3 candidates after filtering
[DEBUG] roi_desc = {'type': 'polygon', 'polygon': [(329.0, 318.0), (351.0, 301.0), (373.0, 280.0), (395.0, 264.0), (410.0, 237.0), (399.0, 194.0), (357.0, 161.0), (310.0, 167.0), (271.0, 175.0), (237.0, 188.0), (221.0, 208.0), (219.0, 222.0), (219.0, 239.0), (234.0, 245.0), (249.0, 255.0), (260.0, 269.0), (286.0, 288.0), (303.0, 300.0), (314.0, 310.0), (321.0, 313.0)]}
[DEBUG] mask nonzero = 228
[DEBUG] found 3 raw contours
[DEBUG] kept 3 candidates after filtering
[DEBUG] roi_desc = {'type': 'polygon', 'polygon': [(329.0, 318.0), (351.0, 301.0), (373.0, 280.0), (395.0, 264.0), (410.0, 237.0), (399.0, 194.0), (357.0, 161.0), (310.0, 167.0), (271.0, 175.0), (237.0, 188.0), (221.0, 208.0), (219.0, 222.0), (219.0, 239.0), (234.0, 245.0), (249.0, 255.0), (260.0, 269.0), (286.0, 288.0), (303.0, 300.0), (314.0, 310.0), (321.0, 313.0)]}
[DEBUG] mask nonzero = 227
[DEBUG] found 3 raw contours
[DEBUG] kept 3 candidates after filtering
[DEBUG] roi_desc = {'type': 'polygon', 'polygon': [(329.0, 318.0), (351.0, 301.0), (373.0, 280.0), (395.0, 264.0), (410.0, 237.0), (399.0, 194.0), (357.0, 161.0), (310.0, 167.0), (271.0, 175.0), (237.0, 188.0), (221.0, 208.0), (219.0, 222.0), (219.0, 239.0), (234.0, 245.0), (249.0, 255.0), (260.0, 269.0), (286.0, 288.0), (303.0, 300.0), (314.0, 310.0), (321.0, 313.0)]}
[DEBUG] mask nonzero = 232
[DEBUG] found 3 raw contours
[DEBUG] kept 3 candidates after filtering
[DEBUG] roi_desc = {'type': 'polygon', 'polygon': [(329.0, 318.0), (351.0, 301.0), (373.0, 280.0), (395.0, 264.0), (410.0, 237.0), (399.0, 194.0), (357.0, 161.0), (310.0, 167.0), (271.0, 175.0), (237.0, 188.0), (221.0, 208.0), (219.0, 222.0), (219.0, 239.0), (234.0, 245.0), (249.0, 255.0), (260.0, 269.0), (286.0, 288.0), (303.0, 300.0), (314.0, 310.0), (321.0, 313.0)]}
[DEBUG] mask nonzero = 234
[DEBUG] found 3 raw contours
[DEBUG] kept 3 candidates after filtering
[DEBUG] roi_desc = {'type': 'polygon', 'polygon': [(329.0, 318.0), (351.0, 301.0), (373.0, 280.0), (395.0, 264.0), (410.0, 237.0), (399.0, 194.0), (357.0, 161.0), (310.0, 167.0), (271.0, 175.0), (237.0, 188.0), (221.0, 208.0), (219.0, 222.0), (219.0, 239.0), (234.0, 245.0), (249.0, 255.0), (260.0, 269.0), (286.0, 288.0), (303.0, 300.0), (314.0, 310.0), (321.0, 313.0)]}
[DEBUG] mask nonzero = 229
[DEBUG] found 3 raw contours
[DEBUG] kept 3 candidates after filtering
[DEBUG] roi_desc = {'type': 'polygon', 'polygon': [(329.0, 318.0), (351.0, 301.0), (373.0, 280.0), (395.0, 264.0), (410.0, 237.0), (399.0, 194.0), (357.0, 161.0), (310.0, 167.0), (271.0, 175.0), (237.0, 188.0), (221.0, 208.0), (219.0, 222.0), (219.0, 239.0), (234.0, 245.0), (249.0, 255.0), (260.0, 269.0), (286.0, 288.0), (303.0, 300.0), (314.0, 310.0), (321.0, 313.0)]}
[DEBUG] mask nonzero = 236
[DEBUG] found 3 raw contours
[DEBUG] kept 3 candidates after filtering
[DEBUG] roi_desc = {'type': 'polygon', 'polygon': [(329.0, 318.0), (351.0, 301.0), (373.0, 280.0), (395.0, 264.0), (410.0, 237.0), (399.0, 194.0), (357.0, 161.0), (310.0, 167.0), (271.0, 175.0), (237.0, 188.0), (221.0, 208.0), (219.0, 222.0), (219.0, 239.0), (234.0, 245.0), (249.0, 255.0), (260.0, 269.0), (286.0, 288.0), (303.0, 300.0), (314.0, 310.0), (321.0, 313.0)]}
[DEBUG] mask nonzero = 234
[DEBUG] found 3 raw contours
[DEBUG] kept 3 candidates after filtering
[DEBUG] roi_desc = {'type': 'polygon', 'polygon': [(329.0, 318.0), (351.0, 301.0), (373.0, 280.0), (395.0, 264.0), (410.0, 237.0), (399.0, 194.0), (357.0, 161.0), (310.0, 167.0), (271.0, 175.0), (237.0, 188.0), (221.0, 208.0), (219.0, 222.0), (219.0, 239.0), (234.0, 245.0), (249.0, 255.0), (260.0, 269.0), (286.0, 288.0), (303.0, 300.0), (314.0, 310.0), (321.0, 313.0)]}
[DEBUG] mask nonzero = 225
[DEBUG] found 3 raw contours
[DEBUG] kept 3 candidates after filtering
[DEBUG] roi_desc = {'type': 'polygon', 'polygon': [(329.0, 318.0), (351.0, 301.0), (373.0, 280.0), (395.0, 264.0), (410.0, 237.0), (399.0, 194.0), (357.0, 161.0), (310.0, 167.0), (271.0, 175.0), (237.0, 188.0), (221.0, 208.0), (219.0, 222.0), (219.0, 239.0), (234.0, 245.0), (249.0, 255.0), (260.0, 269.0), (286.0, 288.0), (303.0, 300.0), (314.0, 310.0), (321.0, 313.0)]}
[DEBUG] mask nonzero = 228
[DEBUG] found 3 raw contours
[DEBUG] kept 3 candidates after filtering
[DEBUG] roi_desc = {'type': 'polygon', 'polygon': [(329.0, 318.0), (351.0, 301.0), (373.0, 280.0), (395.0, 264.0), (410.0, 237.0), (399.0, 194.0), (357.0, 161.0), (310.0, 167.0), (271.0, 175.0), (237.0, 188.0), (221.0, 208.0), (219.0, 222.0), (219.0, 239.0), (234.0, 245.0), (249.0, 255.0), (260.0, 269.0), (286.0, 288.0), (303.0, 300.0), (314.0, 310.0), (321.0, 313.0)]}
[DEBUG] mask nonzero = 218
[DEBUG] found 3 raw contours
[DEBUG] kept 3 candidates after filtering
[  30] i= 31/131 |e|=  1.74mm ins=34.8mm
[DEBUG] roi_desc = {'type': 'polygon', 'polygon': [(329.0, 318.0), (351.0, 301.0), (373.0, 280.0), (395.0, 264.0), (410.0, 237.0), (399.0, 194.0), (357.0, 161.0), (310.0, 167.0), (271.0, 175.0), (237.0, 188.0), (221.0, 208.0), (219.0, 222.0), (219.0, 239.0), (234.0, 245.0), (249.0, 255.0), (260.0, 269.0), (286.0, 288.0), (303.0, 300.0), (314.0, 310.0), (321.0, 313.0)]}
[DEBUG] mask nonzero = 220
[DEBUG] found 3 raw contours
[DEBUG] kept 3 candidates after filtering
[DEBUG] roi_desc = {'type': 'polygon', 'polygon': [(329.0, 318.0), (351.0, 301.0), (373.0, 280.0), (395.0, 264.0), (410.0, 237.0), (399.0, 194.0), (357.0, 161.0), (310.0, 167.0), (271.0, 175.0), (237.0, 188.0), (221.0, 208.0), (219.0, 222.0), (219.0, 239.0), (234.0, 245.0), (249.0, 255.0), (260.0, 269.0), (286.0, 288.0), (303.0, 300.0), (314.0, 310.0), (321.0, 313.0)]}
[DEBUG] mask nonzero = 229
[DEBUG] found 3 raw contours
[DEBUG] kept 3 candidates after filtering
[DEBUG] roi_desc = {'type': 'polygon', 'polygon': [(329.0, 318.0), (351.0, 301.0), (373.0, 280.0), (395.0, 264.0), (410.0, 237.0), (399.0, 194.0), (357.0, 161.0), (310.0, 167.0), (271.0, 175.0), (237.0, 188.0), (221.0, 208.0), (219.0, 222.0), (219.0, 239.0), (234.0, 245.0), (249.0, 255.0), (260.0, 269.0), (286.0, 288.0), (303.0, 300.0), (314.0, 310.0), (321.0, 313.0)]}
[DEBUG] mask nonzero = 221
[DEBUG] found 3 raw contours
[DEBUG] kept 3 candidates after filtering
[DEBUG] roi_desc = {'type': 'polygon', 'polygon': [(329.0, 318.0), (351.0, 301.0), (373.0, 280.0), (395.0, 264.0), (410.0, 237.0), (399.0, 194.0), (357.0, 161.0), (310.0, 167.0), (271.0, 175.0), (237.0, 188.0), (221.0, 208.0), (219.0, 222.0), (219.0, 239.0), (234.0, 245.0), (249.0, 255.0), (260.0, 269.0), (286.0, 288.0), (303.0, 300.0), (314.0, 310.0), (321.0, 313.0)]}
[DEBUG] mask nonzero = 224
[DEBUG] found 3 raw contours
[DEBUG] kept 3 candidates after filtering
[DEBUG] roi_desc = {'type': 'polygon', 'polygon': [(329.0, 318.0), (351.0, 301.0), (373.0, 280.0), (395.0, 264.0), (410.0, 237.0), (399.0, 194.0), (357.0, 161.0), (310.0, 167.0), (271.0, 175.0), (237.0, 188.0), (221.0, 208.0), (219.0, 222.0), (219.0, 239.0), (234.0, 245.0), (249.0, 255.0), (260.0, 269.0), (286.0, 288.0), (303.0, 300.0), (314.0, 310.0), (321.0, 313.0)]}
[DEBUG] mask nonzero = 221
[DEBUG] found 3 raw contours
[DEBUG] kept 3 candidates after filtering
[DEBUG] roi_desc = {'type': 'polygon', 'polygon': [(329.0, 318.0), (351.0, 301.0), (373.0, 280.0), (395.0, 264.0), (410.0, 237.0), (399.0, 194.0), (357.0, 161.0), (310.0, 167.0), (271.0, 175.0), (237.0, 188.0), (221.0, 208.0), (219.0, 222.0), (219.0, 239.0), (234.0, 245.0), (249.0, 255.0), (260.0, 269.0), (286.0, 288.0), (303.0, 300.0), (314.0, 310.0), (321.0, 313.0)]}
[DEBUG] mask nonzero = 226
[DEBUG] found 3 raw contours
[DEBUG] kept 3 candidates after filtering
[DEBUG] roi_desc = {'type': 'polygon', 'polygon': [(329.0, 318.0), (351.0, 301.0), (373.0, 280.0), (395.0, 264.0), (410.0, 237.0), (399.0, 194.0), (357.0, 161.0), (310.0, 167.0), (271.0, 175.0), (237.0, 188.0), (221.0, 208.0), (219.0, 222.0), (219.0, 239.0), (234.0, 245.0), (249.0, 255.0), (260.0, 269.0), (286.0, 288.0), (303.0, 300.0), (314.0, 310.0), (321.0, 313.0)]}
[DEBUG] mask nonzero = 222
[DEBUG] found 3 raw contours
[DEBUG] kept 3 candidates after filtering
[DEBUG] roi_desc = {'type': 'polygon', 'polygon': [(329.0, 318.0), (351.0, 301.0), (373.0, 280.0), (395.0, 264.0), (410.0, 237.0), (399.0, 194.0), (357.0, 161.0), (310.0, 167.0), (271.0, 175.0), (237.0, 188.0), (221.0, 208.0), (219.0, 222.0), (219.0, 239.0), (234.0, 245.0), (249.0, 255.0), (260.0, 269.0), (286.0, 288.0), (303.0, 300.0), (314.0, 310.0), (321.0, 313.0)]}
[DEBUG] mask nonzero = 223
[DEBUG] found 3 raw contours
[DEBUG] kept 3 candidates after filtering
[DEBUG] roi_desc = {'type': 'polygon', 'polygon': [(329.0, 318.0), (351.0, 301.0), (373.0, 280.0), (395.0, 264.0), (410.0, 237.0), (399.0, 194.0), (357.0, 161.0), (310.0, 167.0), (271.0, 175.0), (237.0, 188.0), (221.0, 208.0), (219.0, 222.0), (219.0, 239.0), (234.0, 245.0), (249.0, 255.0), (260.0, 269.0), (286.0, 288.0), (303.0, 300.0), (314.0, 310.0), (321.0, 313.0)]}
[DEBUG] mask nonzero = 232
[DEBUG] found 3 raw contours
[DEBUG] kept 3 candidates after filtering
[DEBUG] roi_desc = {'type': 'polygon', 'polygon': [(329.0, 318.0), (351.0, 301.0), (373.0, 280.0), (395.0, 264.0), (410.0, 237.0), (399.0, 194.0), (357.0, 161.0), (310.0, 167.0), (271.0, 175.0), (237.0, 188.0), (221.0, 208.0), (219.0, 222.0), (219.0, 239.0), (234.0, 245.0), (249.0, 255.0), (260.0, 269.0), (286.0, 288.0), (303.0, 300.0), (314.0, 310.0), (321.0, 313.0)]}
[DEBUG] mask nonzero = 223
[DEBUG] found 3 raw contours
[DEBUG] kept 3 candidates after filtering
[DEBUG] roi_desc = {'type': 'polygon', 'polygon': [(329.0, 318.0), (351.0, 301.0), (373.0, 280.0), (395.0, 264.0), (410.0, 237.0), (399.0, 194.0), (357.0, 161.0), (310.0, 167.0), (271.0, 175.0), (237.0, 188.0), (221.0, 208.0), (219.0, 222.0), (219.0, 239.0), (234.0, 245.0), (249.0, 255.0), (260.0, 269.0), (286.0, 288.0), (303.0, 300.0), (314.0, 310.0), (321.0, 313.0)]}
[DEBUG] mask nonzero = 223
[DEBUG] found 3 raw contours
[DEBUG] kept 3 candidates after filtering
[DEBUG] roi_desc = {'type': 'polygon', 'polygon': [(329.0, 318.0), (351.0, 301.0), (373.0, 280.0), (395.0, 264.0), (410.0, 237.0), (399.0, 194.0), (357.0, 161.0), (310.0, 167.0), (271.0, 175.0), (237.0, 188.0), (221.0, 208.0), (219.0, 222.0), (219.0, 239.0), (234.0, 245.0), (249.0, 255.0), (260.0, 269.0), (286.0, 288.0), (303.0, 300.0), (314.0, 310.0), (321.0, 313.0)]}
[DEBUG] mask nonzero = 239
[DEBUG] found 3 raw contours
[DEBUG] kept 3 candidates after filtering
[DEBUG] roi_desc = {'type': 'polygon', 'polygon': [(329.0, 318.0), (351.0, 301.0), (373.0, 280.0), (395.0, 264.0), (410.0, 237.0), (399.0, 194.0), (357.0, 161.0), (310.0, 167.0), (271.0, 175.0), (237.0, 188.0), (221.0, 208.0), (219.0, 222.0), (219.0, 239.0), (234.0, 245.0), (249.0, 255.0), (260.0, 269.0), (286.0, 288.0), (303.0, 300.0), (314.0, 310.0), (321.0, 313.0)]}
[DEBUG] mask nonzero = 226
[DEBUG] found 3 raw contours
[DEBUG] kept 3 candidates after filtering
[DEBUG] roi_desc = {'type': 'polygon', 'polygon': [(329.0, 318.0), (351.0, 301.0), (373.0, 280.0), (395.0, 264.0), (410.0, 237.0), (399.0, 194.0), (357.0, 161.0), (310.0, 167.0), (271.0, 175.0), (237.0, 188.0), (221.0, 208.0), (219.0, 222.0), (219.0, 239.0), (234.0, 245.0), (249.0, 255.0), (260.0, 269.0), (286.0, 288.0), (303.0, 300.0), (314.0, 310.0), (321.0, 313.0)]}
[DEBUG] mask nonzero = 224
[DEBUG] found 3 raw contours
[DEBUG] kept 3 candidates after filtering
[DEBUG] roi_desc = {'type': 'polygon', 'polygon': [(329.0, 318.0), (351.0, 301.0), (373.0, 280.0), (395.0, 264.0), (410.0, 237.0), (399.0, 194.0), (357.0, 161.0), (310.0, 167.0), (271.0, 175.0), (237.0, 188.0), (221.0, 208.0), (219.0, 222.0), (219.0, 239.0), (234.0, 245.0), (249.0, 255.0), (260.0, 269.0), (286.0, 288.0), (303.0, 300.0), (314.0, 310.0), (321.0, 313.0)]}
[DEBUG] mask nonzero = 222
[DEBUG] found 3 raw contours
[DEBUG] kept 3 candidates after filtering
[DEBUG] roi_desc = {'type': 'polygon', 'polygon': [(329.0, 318.0), (351.0, 301.0), (373.0, 280.0), (395.0, 264.0), (410.0, 237.0), (399.0, 194.0), (357.0, 161.0), (310.0, 167.0), (271.0, 175.0), (237.0, 188.0), (221.0, 208.0), (219.0, 222.0), (219.0, 239.0), (234.0, 245.0), (249.0, 255.0), (260.0, 269.0), (286.0, 288.0), (303.0, 300.0), (314.0, 310.0), (321.0, 313.0)]}
[DEBUG] mask nonzero = 221
[DEBUG] found 3 raw contours
[DEBUG] kept 3 candidates after filtering
[DEBUG] roi_desc = {'type': 'polygon', 'polygon': [(329.0, 318.0), (351.0, 301.0), (373.0, 280.0), (395.0, 264.0), (410.0, 237.0), (399.0, 194.0), (357.0, 161.0), (310.0, 167.0), (271.0, 175.0), (237.0, 188.0), (221.0, 208.0), (219.0, 222.0), (219.0, 239.0), (234.0, 245.0), (249.0, 255.0), (260.0, 269.0), (286.0, 288.0), (303.0, 300.0), (314.0, 310.0), (321.0, 313.0)]}
[DEBUG] mask nonzero = 223
[DEBUG] found 3 raw contours
[DEBUG] kept 3 candidates after filtering
[DEBUG] roi_desc = {'type': 'polygon', 'polygon': [(329.0, 318.0), (351.0, 301.0), (373.0, 280.0), (395.0, 264.0), (410.0, 237.0), (399.0, 194.0), (357.0, 161.0), (310.0, 167.0), (271.0, 175.0), (237.0, 188.0), (221.0, 208.0), (219.0, 222.0), (219.0, 239.0), (234.0, 245.0), (249.0, 255.0), (260.0, 269.0), (286.0, 288.0), (303.0, 300.0), (314.0, 310.0), (321.0, 313.0)]}
[DEBUG] mask nonzero = 217
[DEBUG] found 3 raw contours
[DEBUG] kept 3 candidates after filtering
[  40] i= 41/131 |e|=  1.55mm ins=36.4mm
[DEBUG] roi_desc = {'type': 'polygon', 'polygon': [(329.0, 318.0), (351.0, 301.0), (373.0, 280.0), (395.0, 264.0), (410.0, 237.0), (399.0, 194.0), (357.0, 161.0), (310.0, 167.0), (271.0, 175.0), (237.0, 188.0), (221.0, 208.0), (219.0, 222.0), (219.0, 239.0), (234.0, 245.0), (249.0, 255.0), (260.0, 269.0), (286.0, 288.0), (303.0, 300.0), (314.0, 310.0), (321.0, 313.0)]}
[DEBUG] mask nonzero = 229
[DEBUG] found 3 raw contours
[DEBUG] kept 3 candidates after filtering
[DEBUG] roi_desc = {'type': 'polygon', 'polygon': [(329.0, 318.0), (351.0, 301.0), (373.0, 280.0), (395.0, 264.0), (410.0, 237.0), (399.0, 194.0), (357.0, 161.0), (310.0, 167.0), (271.0, 175.0), (237.0, 188.0), (221.0, 208.0), (219.0, 222.0), (219.0, 239.0), (234.0, 245.0), (249.0, 255.0), (260.0, 269.0), (286.0, 288.0), (303.0, 300.0), (314.0, 310.0), (321.0, 313.0)]}
[DEBUG] mask nonzero = 218
[DEBUG] found 3 raw contours
[DEBUG] kept 3 candidates after filtering
[DEBUG] roi_desc = {'type': 'polygon', 'polygon': [(329.0, 318.0), (351.0, 301.0), (373.0, 280.0), (395.0, 264.0), (410.0, 237.0), (399.0, 194.0), (357.0, 161.0), (310.0, 167.0), (271.0, 175.0), (237.0, 188.0), (221.0, 208.0), (219.0, 222.0), (219.0, 239.0), (234.0, 245.0), (249.0, 255.0), (260.0, 269.0), (286.0, 288.0), (303.0, 300.0), (314.0, 310.0), (321.0, 313.0)]}
[DEBUG] mask nonzero = 224
[DEBUG] found 3 raw contours
[DEBUG] kept 3 candidates after filtering
[DEBUG] roi_desc = {'type': 'polygon', 'polygon': [(329.0, 318.0), (351.0, 301.0), (373.0, 280.0), (395.0, 264.0), (410.0, 237.0), (399.0, 194.0), (357.0, 161.0), (310.0, 167.0), (271.0, 175.0), (237.0, 188.0), (221.0, 208.0), (219.0, 222.0), (219.0, 239.0), (234.0, 245.0), (249.0, 255.0), (260.0, 269.0), (286.0, 288.0), (303.0, 300.0), (314.0, 310.0), (321.0, 313.0)]}
[DEBUG] mask nonzero = 220
[DEBUG] found 3 raw contours
[DEBUG] kept 3 candidates after filtering
[DEBUG] roi_desc = {'type': 'polygon', 'polygon': [(329.0, 318.0), (351.0, 301.0), (373.0, 280.0), (395.0, 264.0), (410.0, 237.0), (399.0, 194.0), (357.0, 161.0), (310.0, 167.0), (271.0, 175.0), (237.0, 188.0), (221.0, 208.0), (219.0, 222.0), (219.0, 239.0), (234.0, 245.0), (249.0, 255.0), (260.0, 269.0), (286.0, 288.0), (303.0, 300.0), (314.0, 310.0), (321.0, 313.0)]}
[DEBUG] mask nonzero = 221
[DEBUG] found 3 raw contours
[DEBUG] kept 3 candidates after filtering
[DEBUG] roi_desc = {'type': 'polygon', 'polygon': [(329.0, 318.0), (351.0, 301.0), (373.0, 280.0), (395.0, 264.0), (410.0, 237.0), (399.0, 194.0), (357.0, 161.0), (310.0, 167.0), (271.0, 175.0), (237.0, 188.0), (221.0, 208.0), (219.0, 222.0), (219.0, 239.0), (234.0, 245.0), (249.0, 255.0), (260.0, 269.0), (286.0, 288.0), (303.0, 300.0), (314.0, 310.0), (321.0, 313.0)]}
[DEBUG] mask nonzero = 221
[DEBUG] found 3 raw contours
[DEBUG] kept 3 candidates after filtering
[DEBUG] roi_desc = {'type': 'polygon', 'polygon': [(329.0, 318.0), (351.0, 301.0), (373.0, 280.0), (395.0, 264.0), (410.0, 237.0), (399.0, 194.0), (357.0, 161.0), (310.0, 167.0), (271.0, 175.0), (237.0, 188.0), (221.0, 208.0), (219.0, 222.0), (219.0, 239.0), (234.0, 245.0), (249.0, 255.0), (260.0, 269.0), (286.0, 288.0), (303.0, 300.0), (314.0, 310.0), (321.0, 313.0)]}
[DEBUG] mask nonzero = 217
[DEBUG] found 3 raw contours
[DEBUG] kept 3 candidates after filtering
[DEBUG] roi_desc = {'type': 'polygon', 'polygon': [(329.0, 318.0), (351.0, 301.0), (373.0, 280.0), (395.0, 264.0), (410.0, 237.0), (399.0, 194.0), (357.0, 161.0), (310.0, 167.0), (271.0, 175.0), (237.0, 188.0), (221.0, 208.0), (219.0, 222.0), (219.0, 239.0), (234.0, 245.0), (249.0, 255.0), (260.0, 269.0), (286.0, 288.0), (303.0, 300.0), (314.0, 310.0), (321.0, 313.0)]}
[DEBUG] mask nonzero = 222
[DEBUG] found 3 raw contours
[DEBUG] kept 3 candidates after filtering
[DEBUG] roi_desc = {'type': 'polygon', 'polygon': [(329.0, 318.0), (351.0, 301.0), (373.0, 280.0), (395.0, 264.0), (410.0, 237.0), (399.0, 194.0), (357.0, 161.0), (310.0, 167.0), (271.0, 175.0), (237.0, 188.0), (221.0, 208.0), (219.0, 222.0), (219.0, 239.0), (234.0, 245.0), (249.0, 255.0), (260.0, 269.0), (286.0, 288.0), (303.0, 300.0), (314.0, 310.0), (321.0, 313.0)]}
[DEBUG] mask nonzero = 218
[DEBUG] found 3 raw contours
[DEBUG] kept 3 candidates after filtering
[DEBUG] roi_desc = {'type': 'polygon', 'polygon': [(329.0, 318.0), (351.0, 301.0), (373.0, 280.0), (395.0, 264.0), (410.0, 237.0), (399.0, 194.0), (357.0, 161.0), (310.0, 167.0), (271.0, 175.0), (237.0, 188.0), (221.0, 208.0), (219.0, 222.0), (219.0, 239.0), (234.0, 245.0), (249.0, 255.0), (260.0, 269.0), (286.0, 288.0), (303.0, 300.0), (314.0, 310.0), (321.0, 313.0)]}
[DEBUG] mask nonzero = 227
[DEBUG] found 3 raw contours
[DEBUG] kept 3 candidates after filtering
[DEBUG] roi_desc = {'type': 'polygon', 'polygon': [(329.0, 318.0), (351.0, 301.0), (373.0, 280.0), (395.0, 264.0), (410.0, 237.0), (399.0, 194.0), (357.0, 161.0), (310.0, 167.0), (271.0, 175.0), (237.0, 188.0), (221.0, 208.0), (219.0, 222.0), (219.0, 239.0), (234.0, 245.0), (249.0, 255.0), (260.0, 269.0), (286.0, 288.0), (303.0, 300.0), (314.0, 310.0), (321.0, 313.0)]}
[DEBUG] mask nonzero = 216
[DEBUG] found 3 raw contours
[DEBUG] kept 3 candidates after filtering
[DEBUG] roi_desc = {'type': 'polygon', 'polygon': [(329.0, 318.0), (351.0, 301.0), (373.0, 280.0), (395.0, 264.0), (410.0, 237.0), (399.0, 194.0), (357.0, 161.0), (310.0, 167.0), (271.0, 175.0), (237.0, 188.0), (221.0, 208.0), (219.0, 222.0), (219.0, 239.0), (234.0, 245.0), (249.0, 255.0), (260.0, 269.0), (286.0, 288.0), (303.0, 300.0), (314.0, 310.0), (321.0, 313.0)]}
[DEBUG] mask nonzero = 221
[DEBUG] found 3 raw contours
[DEBUG] kept 3 candidates after filtering
[DEBUG] roi_desc = {'type': 'polygon', 'polygon': [(329.0, 318.0), (351.0, 301.0), (373.0, 280.0), (395.0, 264.0), (410.0, 237.0), (399.0, 194.0), (357.0, 161.0), (310.0, 167.0), (271.0, 175.0), (237.0, 188.0), (221.0, 208.0), (219.0, 222.0), (219.0, 239.0), (234.0, 245.0), (249.0, 255.0), (260.0, 269.0), (286.0, 288.0), (303.0, 300.0), (314.0, 310.0), (321.0, 313.0)]}
[DEBUG] mask nonzero = 221
[DEBUG] found 3 raw contours
[DEBUG] kept 3 candidates after filtering
[DEBUG] roi_desc = {'type': 'polygon', 'polygon': [(329.0, 318.0), (351.0, 301.0), (373.0, 280.0), (395.0, 264.0), (410.0, 237.0), (399.0, 194.0), (357.0, 161.0), (310.0, 167.0), (271.0, 175.0), (237.0, 188.0), (221.0, 208.0), (219.0, 222.0), (219.0, 239.0), (234.0, 245.0), (249.0, 255.0), (260.0, 269.0), (286.0, 288.0), (303.0, 300.0), (314.0, 310.0), (321.0, 313.0)]}
[DEBUG] mask nonzero = 226
[DEBUG] found 3 raw contours
[DEBUG] kept 3 candidates after filtering
[DEBUG] roi_desc = {'type': 'polygon', 'polygon': [(329.0, 318.0), (351.0, 301.0), (373.0, 280.0), (395.0, 264.0), (410.0, 237.0), (399.0, 194.0), (357.0, 161.0), (310.0, 167.0), (271.0, 175.0), (237.0, 188.0), (221.0, 208.0), (219.0, 222.0), (219.0, 239.0), (234.0, 245.0), (249.0, 255.0), (260.0, 269.0), (286.0, 288.0), (303.0, 300.0), (314.0, 310.0), (321.0, 313.0)]}
[DEBUG] mask nonzero = 225
[DEBUG] found 3 raw contours
[DEBUG] kept 3 candidates after filtering
[DEBUG] roi_desc = {'type': 'polygon', 'polygon': [(329.0, 318.0), (351.0, 301.0), (373.0, 280.0), (395.0, 264.0), (410.0, 237.0), (399.0, 194.0), (357.0, 161.0), (310.0, 167.0), (271.0, 175.0), (237.0, 188.0), (221.0, 208.0), (219.0, 222.0), (219.0, 239.0), (234.0, 245.0), (249.0, 255.0), (260.0, 269.0), (286.0, 288.0), (303.0, 300.0), (314.0, 310.0), (321.0, 313.0)]}
[DEBUG] mask nonzero = 228
[DEBUG] found 3 raw contours
[DEBUG] kept 3 candidates after filtering
[DEBUG] roi_desc = {'type': 'polygon', 'polygon': [(329.0, 318.0), (351.0, 301.0), (373.0, 280.0), (395.0, 264.0), (410.0, 237.0), (399.0, 194.0), (357.0, 161.0), (310.0, 167.0), (271.0, 175.0), (237.0, 188.0), (221.0, 208.0), (219.0, 222.0), (219.0, 239.0), (234.0, 245.0), (249.0, 255.0), (260.0, 269.0), (286.0, 288.0), (303.0, 300.0), (314.0, 310.0), (321.0, 313.0)]}
[DEBUG] mask nonzero = 231
[DEBUG] found 3 raw contours
[DEBUG] kept 3 candidates after filtering
[DEBUG] roi_desc = {'type': 'polygon', 'polygon': [(329.0, 318.0), (351.0, 301.0), (373.0, 280.0), (395.0, 264.0), (410.0, 237.0), (399.0, 194.0), (357.0, 161.0), (310.0, 167.0), (271.0, 175.0), (237.0, 188.0), (221.0, 208.0), (219.0, 222.0), (219.0, 239.0), (234.0, 245.0), (249.0, 255.0), (260.0, 269.0), (286.0, 288.0), (303.0, 300.0), (314.0, 310.0), (321.0, 313.0)]}
[DEBUG] mask nonzero = 233
[DEBUG] found 3 raw contours
[DEBUG] kept 3 candidates after filtering
[DEBUG] roi_desc = {'type': 'polygon', 'polygon': [(329.0, 318.0), (351.0, 301.0), (373.0, 280.0), (395.0, 264.0), (410.0, 237.0), (399.0, 194.0), (357.0, 161.0), (310.0, 167.0), (271.0, 175.0), (237.0, 188.0), (221.0, 208.0), (219.0, 222.0), (219.0, 239.0), (234.0, 245.0), (249.0, 255.0), (260.0, 269.0), (286.0, 288.0), (303.0, 300.0), (314.0, 310.0), (321.0, 313.0)]}
[DEBUG] mask nonzero = 232
[DEBUG] found 3 raw contours
[DEBUG] kept 3 candidates after filtering
[  50] i= 51/131 |e|=  1.87mm ins=37.7mm
[DEBUG] roi_desc = {'type': 'polygon', 'polygon': [(329.0, 318.0), (351.0, 301.0), (373.0, 280.0), (395.0, 264.0), (410.0, 237.0), (399.0, 194.0), (357.0, 161.0), (310.0, 167.0), (271.0, 175.0), (237.0, 188.0), (221.0, 208.0), (219.0, 222.0), (219.0, 239.0), (234.0, 245.0), (249.0, 255.0), (260.0, 269.0), (286.0, 288.0), (303.0, 300.0), (314.0, 310.0), (321.0, 313.0)]}
[DEBUG] mask nonzero = 226
[DEBUG] found 3 raw contours
[DEBUG] kept 3 candidates after filtering
[DEBUG] roi_desc = {'type': 'polygon', 'polygon': [(329.0, 318.0), (351.0, 301.0), (373.0, 280.0), (395.0, 264.0), (410.0, 237.0), (399.0, 194.0), (357.0, 161.0), (310.0, 167.0), (271.0, 175.0), (237.0, 188.0), (221.0, 208.0), (219.0, 222.0), (219.0, 239.0), (234.0, 245.0), (249.0, 255.0), (260.0, 269.0), (286.0, 288.0), (303.0, 300.0), (314.0, 310.0), (321.0, 313.0)]}
[DEBUG] mask nonzero = 229
[DEBUG] found 3 raw contours
[DEBUG] kept 3 candidates after filtering
[DEBUG] roi_desc = {'type': 'polygon', 'polygon': [(329.0, 318.0), (351.0, 301.0), (373.0, 280.0), (395.0, 264.0), (410.0, 237.0), (399.0, 194.0), (357.0, 161.0), (310.0, 167.0), (271.0, 175.0), (237.0, 188.0), (221.0, 208.0), (219.0, 222.0), (219.0, 239.0), (234.0, 245.0), (249.0, 255.0), (260.0, 269.0), (286.0, 288.0), (303.0, 300.0), (314.0, 310.0), (321.0, 313.0)]}
[DEBUG] mask nonzero = 221
[DEBUG] found 3 raw contours
[DEBUG] kept 3 candidates after filtering
[DEBUG] roi_desc = {'type': 'polygon', 'polygon': [(329.0, 318.0), (351.0, 301.0), (373.0, 280.0), (395.0, 264.0), (410.0, 237.0), (399.0, 194.0), (357.0, 161.0), (310.0, 167.0), (271.0, 175.0), (237.0, 188.0), (221.0, 208.0), (219.0, 222.0), (219.0, 239.0), (234.0, 245.0), (249.0, 255.0), (260.0, 269.0), (286.0, 288.0), (303.0, 300.0), (314.0, 310.0), (321.0, 313.0)]}
[DEBUG] mask nonzero = 223
[DEBUG] found 3 raw contours
[DEBUG] kept 3 candidates after filtering
[DEBUG] roi_desc = {'type': 'polygon', 'polygon': [(329.0, 318.0), (351.0, 301.0), (373.0, 280.0), (395.0, 264.0), (410.0, 237.0), (399.0, 194.0), (357.0, 161.0), (310.0, 167.0), (271.0, 175.0), (237.0, 188.0), (221.0, 208.0), (219.0, 222.0), (219.0, 239.0), (234.0, 245.0), (249.0, 255.0), (260.0, 269.0), (286.0, 288.0), (303.0, 300.0), (314.0, 310.0), (321.0, 313.0)]}
[DEBUG] mask nonzero = 222
[DEBUG] found 3 raw contours
[DEBUG] kept 3 candidates after filtering
[DEBUG] roi_desc = {'type': 'polygon', 'polygon': [(329.0, 318.0), (351.0, 301.0), (373.0, 280.0), (395.0, 264.0), (410.0, 237.0), (399.0, 194.0), (357.0, 161.0), (310.0, 167.0), (271.0, 175.0), (237.0, 188.0), (221.0, 208.0), (219.0, 222.0), (219.0, 239.0), (234.0, 245.0), (249.0, 255.0), (260.0, 269.0), (286.0, 288.0), (303.0, 300.0), (314.0, 310.0), (321.0, 313.0)]}
[DEBUG] mask nonzero = 221
[DEBUG] found 3 raw contours
[DEBUG] kept 3 candidates after filtering
[DEBUG] roi_desc = {'type': 'polygon', 'polygon': [(329.0, 318.0), (351.0, 301.0), (373.0, 280.0), (395.0, 264.0), (410.0, 237.0), (399.0, 194.0), (357.0, 161.0), (310.0, 167.0), (271.0, 175.0), (237.0, 188.0), (221.0, 208.0), (219.0, 222.0), (219.0, 239.0), (234.0, 245.0), (249.0, 255.0), (260.0, 269.0), (286.0, 288.0), (303.0, 300.0), (314.0, 310.0), (321.0, 313.0)]}
[DEBUG] mask nonzero = 221
[DEBUG] found 3 raw contours
[DEBUG] kept 3 candidates after filtering
[DEBUG] roi_desc = {'type': 'polygon', 'polygon': [(329.0, 318.0), (351.0, 301.0), (373.0, 280.0), (395.0, 264.0), (410.0, 237.0), (399.0, 194.0), (357.0, 161.0), (310.0, 167.0), (271.0, 175.0), (237.0, 188.0), (221.0, 208.0), (219.0, 222.0), (219.0, 239.0), (234.0, 245.0), (249.0, 255.0), (260.0, 269.0), (286.0, 288.0), (303.0, 300.0), (314.0, 310.0), (321.0, 313.0)]}
[DEBUG] mask nonzero = 215
[DEBUG] found 3 raw contours
[DEBUG] kept 3 candidates after filtering
[DEBUG] roi_desc = {'type': 'polygon', 'polygon': [(329.0, 318.0), (351.0, 301.0), (373.0, 280.0), (395.0, 264.0), (410.0, 237.0), (399.0, 194.0), (357.0, 161.0), (310.0, 167.0), (271.0, 175.0), (237.0, 188.0), (221.0, 208.0), (219.0, 222.0), (219.0, 239.0), (234.0, 245.0), (249.0, 255.0), (260.0, 269.0), (286.0, 288.0), (303.0, 300.0), (314.0, 310.0), (321.0, 313.0)]}
[DEBUG] mask nonzero = 222
[DEBUG] found 3 raw contours
[DEBUG] kept 3 candidates after filtering
[DEBUG] roi_desc = {'type': 'polygon', 'polygon': [(329.0, 318.0), (351.0, 301.0), (373.0, 280.0), (395.0, 264.0), (410.0, 237.0), (399.0, 194.0), (357.0, 161.0), (310.0, 167.0), (271.0, 175.0), (237.0, 188.0), (221.0, 208.0), (219.0, 222.0), (219.0, 239.0), (234.0, 245.0), (249.0, 255.0), (260.0, 269.0), (286.0, 288.0), (303.0, 300.0), (314.0, 310.0), (321.0, 313.0)]}
[DEBUG] mask nonzero = 221
[DEBUG] found 3 raw contours
[DEBUG] kept 3 candidates after filtering
[DEBUG] roi_desc = {'type': 'polygon', 'polygon': [(329.0, 318.0), (351.0, 301.0), (373.0, 280.0), (395.0, 264.0), (410.0, 237.0), (399.0, 194.0), (357.0, 161.0), (310.0, 167.0), (271.0, 175.0), (237.0, 188.0), (221.0, 208.0), (219.0, 222.0), (219.0, 239.0), (234.0, 245.0), (249.0, 255.0), (260.0, 269.0), (286.0, 288.0), (303.0, 300.0), (314.0, 310.0), (321.0, 313.0)]}
[DEBUG] mask nonzero = 219
[DEBUG] found 3 raw contours
[DEBUG] kept 3 candidates after filtering
[DEBUG] roi_desc = {'type': 'polygon', 'polygon': [(329.0, 318.0), (351.0, 301.0), (373.0, 280.0), (395.0, 264.0), (410.0, 237.0), (399.0, 194.0), (357.0, 161.0), (310.0, 167.0), (271.0, 175.0), (237.0, 188.0), (221.0, 208.0), (219.0, 222.0), (219.0, 239.0), (234.0, 245.0), (249.0, 255.0), (260.0, 269.0), (286.0, 288.0), (303.0, 300.0), (314.0, 310.0), (321.0, 313.0)]}
[DEBUG] mask nonzero = 220
[DEBUG] found 3 raw contours
[DEBUG] kept 3 candidates after filtering
[DEBUG] roi_desc = {'type': 'polygon', 'polygon': [(329.0, 318.0), (351.0, 301.0), (373.0, 280.0), (395.0, 264.0), (410.0, 237.0), (399.0, 194.0), (357.0, 161.0), (310.0, 167.0), (271.0, 175.0), (237.0, 188.0), (221.0, 208.0), (219.0, 222.0), (219.0, 239.0), (234.0, 245.0), (249.0, 255.0), (260.0, 269.0), (286.0, 288.0), (303.0, 300.0), (314.0, 310.0), (321.0, 313.0)]}
[DEBUG] mask nonzero = 217
[DEBUG] found 3 raw contours
[DEBUG] kept 3 candidates after filtering
[DEBUG] roi_desc = {'type': 'polygon', 'polygon': [(329.0, 318.0), (351.0, 301.0), (373.0, 280.0), (395.0, 264.0), (410.0, 237.0), (399.0, 194.0), (357.0, 161.0), (310.0, 167.0), (271.0, 175.0), (237.0, 188.0), (221.0, 208.0), (219.0, 222.0), (219.0, 239.0), (234.0, 245.0), (249.0, 255.0), (260.0, 269.0), (286.0, 288.0), (303.0, 300.0), (314.0, 310.0), (321.0, 313.0)]}
[DEBUG] mask nonzero = 228
[DEBUG] found 3 raw contours
[DEBUG] kept 3 candidates after filtering
[DEBUG] roi_desc = {'type': 'polygon', 'polygon': [(329.0, 318.0), (351.0, 301.0), (373.0, 280.0), (395.0, 264.0), (410.0, 237.0), (399.0, 194.0), (357.0, 161.0), (310.0, 167.0), (271.0, 175.0), (237.0, 188.0), (221.0, 208.0), (219.0, 222.0), (219.0, 239.0), (234.0, 245.0), (249.0, 255.0), (260.0, 269.0), (286.0, 288.0), (303.0, 300.0), (314.0, 310.0), (321.0, 313.0)]}
[DEBUG] mask nonzero = 210
[DEBUG] found 3 raw contours
[DEBUG] kept 3 candidates after filtering
[DEBUG] roi_desc = {'type': 'polygon', 'polygon': [(329.0, 318.0), (351.0, 301.0), (373.0, 280.0), (395.0, 264.0), (410.0, 237.0), (399.0, 194.0), (357.0, 161.0), (310.0, 167.0), (271.0, 175.0), (237.0, 188.0), (221.0, 208.0), (219.0, 222.0), (219.0, 239.0), (234.0, 245.0), (249.0, 255.0), (260.0, 269.0), (286.0, 288.0), (303.0, 300.0), (314.0, 310.0), (321.0, 313.0)]}
[DEBUG] mask nonzero = 225
[DEBUG] found 3 raw contours
[DEBUG] kept 3 candidates after filtering
[DEBUG] roi_desc = {'type': 'polygon', 'polygon': [(329.0, 318.0), (351.0, 301.0), (373.0, 280.0), (395.0, 264.0), (410.0, 237.0), (399.0, 194.0), (357.0, 161.0), (310.0, 167.0), (271.0, 175.0), (237.0, 188.0), (221.0, 208.0), (219.0, 222.0), (219.0, 239.0), (234.0, 245.0), (249.0, 255.0), (260.0, 269.0), (286.0, 288.0), (303.0, 300.0), (314.0, 310.0), (321.0, 313.0)]}
[DEBUG] mask nonzero = 217
[DEBUG] found 3 raw contours
[DEBUG] kept 3 candidates after filtering
[DEBUG] roi_desc = {'type': 'polygon', 'polygon': [(329.0, 318.0), (351.0, 301.0), (373.0, 280.0), (395.0, 264.0), (410.0, 237.0), (399.0, 194.0), (357.0, 161.0), (310.0, 167.0), (271.0, 175.0), (237.0, 188.0), (221.0, 208.0), (219.0, 222.0), (219.0, 239.0), (234.0, 245.0), (249.0, 255.0), (260.0, 269.0), (286.0, 288.0), (303.0, 300.0), (314.0, 310.0), (321.0, 313.0)]}
[DEBUG] mask nonzero = 221
[DEBUG] found 3 raw contours
[DEBUG] kept 3 candidates after filtering
[DEBUG] roi_desc = {'type': 'polygon', 'polygon': [(329.0, 318.0), (351.0, 301.0), (373.0, 280.0), (395.0, 264.0), (410.0, 237.0), (399.0, 194.0), (357.0, 161.0), (310.0, 167.0), (271.0, 175.0), (237.0, 188.0), (221.0, 208.0), (219.0, 222.0), (219.0, 239.0), (234.0, 245.0), (249.0, 255.0), (260.0, 269.0), (286.0, 288.0), (303.0, 300.0), (314.0, 310.0), (321.0, 313.0)]}
[DEBUG] mask nonzero = 224
[DEBUG] found 3 raw contours
[DEBUG] kept 3 candidates after filtering
[  60] i= 61/131 |e|=  3.12mm ins=38.8mm
[DEBUG] roi_desc = {'type': 'polygon', 'polygon': [(329.0, 318.0), (351.0, 301.0), (373.0, 280.0), (395.0, 264.0), (410.0, 237.0), (399.0, 194.0), (357.0, 161.0), (310.0, 167.0), (271.0, 175.0), (237.0, 188.0), (221.0, 208.0), (219.0, 222.0), (219.0, 239.0), (234.0, 245.0), (249.0, 255.0), (260.0, 269.0), (286.0, 288.0), (303.0, 300.0), (314.0, 310.0), (321.0, 313.0)]}
[DEBUG] mask nonzero = 235
[DEBUG] found 3 raw contours
[DEBUG] kept 3 candidates after filtering
[DEBUG] roi_desc = {'type': 'polygon', 'polygon': [(329.0, 318.0), (351.0, 301.0), (373.0, 280.0), (395.0, 264.0), (410.0, 237.0), (399.0, 194.0), (357.0, 161.0), (310.0, 167.0), (271.0, 175.0), (237.0, 188.0), (221.0, 208.0), (219.0, 222.0), (219.0, 239.0), (234.0, 245.0), (249.0, 255.0), (260.0, 269.0), (286.0, 288.0), (303.0, 300.0), (314.0, 310.0), (321.0, 313.0)]}
[DEBUG] mask nonzero = 227
[DEBUG] found 3 raw contours
[DEBUG] kept 3 candidates after filtering
[DEBUG] roi_desc = {'type': 'polygon', 'polygon': [(329.0, 318.0), (351.0, 301.0), (373.0, 280.0), (395.0, 264.0), (410.0, 237.0), (399.0, 194.0), (357.0, 161.0), (310.0, 167.0), (271.0, 175.0), (237.0, 188.0), (221.0, 208.0), (219.0, 222.0), (219.0, 239.0), (234.0, 245.0), (249.0, 255.0), (260.0, 269.0), (286.0, 288.0), (303.0, 300.0), (314.0, 310.0), (321.0, 313.0)]}
[DEBUG] mask nonzero = 230
[DEBUG] found 3 raw contours
[DEBUG] kept 3 candidates after filtering
[DEBUG] roi_desc = {'type': 'polygon', 'polygon': [(329.0, 318.0), (351.0, 301.0), (373.0, 280.0), (395.0, 264.0), (410.0, 237.0), (399.0, 194.0), (357.0, 161.0), (310.0, 167.0), (271.0, 175.0), (237.0, 188.0), (221.0, 208.0), (219.0, 222.0), (219.0, 239.0), (234.0, 245.0), (249.0, 255.0), (260.0, 269.0), (286.0, 288.0), (303.0, 300.0), (314.0, 310.0), (321.0, 313.0)]}
[DEBUG] mask nonzero = 224
[DEBUG] found 3 raw contours
[DEBUG] kept 3 candidates after filtering
[DEBUG] roi_desc = {'type': 'polygon', 'polygon': [(329.0, 318.0), (351.0, 301.0), (373.0, 280.0), (395.0, 264.0), (410.0, 237.0), (399.0, 194.0), (357.0, 161.0), (310.0, 167.0), (271.0, 175.0), (237.0, 188.0), (221.0, 208.0), (219.0, 222.0), (219.0, 239.0), (234.0, 245.0), (249.0, 255.0), (260.0, 269.0), (286.0, 288.0), (303.0, 300.0), (314.0, 310.0), (321.0, 313.0)]}
[DEBUG] mask nonzero = 225
[DEBUG] found 3 raw contours
[DEBUG] kept 3 candidates after filtering
[DEBUG] roi_desc = {'type': 'polygon', 'polygon': [(329.0, 318.0), (351.0, 301.0), (373.0, 280.0), (395.0, 264.0), (410.0, 237.0), (399.0, 194.0), (357.0, 161.0), (310.0, 167.0), (271.0, 175.0), (237.0, 188.0), (221.0, 208.0), (219.0, 222.0), (219.0, 239.0), (234.0, 245.0), (249.0, 255.0), (260.0, 269.0), (286.0, 288.0), (303.0, 300.0), (314.0, 310.0), (321.0, 313.0)]}
[DEBUG] mask nonzero = 223
[DEBUG] found 3 raw contours
[DEBUG] kept 3 candidates after filtering
[DEBUG] roi_desc = {'type': 'polygon', 'polygon': [(329.0, 318.0), (351.0, 301.0), (373.0, 280.0), (395.0, 264.0), (410.0, 237.0), (399.0, 194.0), (357.0, 161.0), (310.0, 167.0), (271.0, 175.0), (237.0, 188.0), (221.0, 208.0), (219.0, 222.0), (219.0, 239.0), (234.0, 245.0), (249.0, 255.0), (260.0, 269.0), (286.0, 288.0), (303.0, 300.0), (314.0, 310.0), (321.0, 313.0)]}
[DEBUG] mask nonzero = 216
[DEBUG] found 3 raw contours
[DEBUG] kept 3 candidates after filtering
[DEBUG] roi_desc = {'type': 'polygon', 'polygon': [(329.0, 318.0), (351.0, 301.0), (373.0, 280.0), (395.0, 264.0), (410.0, 237.0), (399.0, 194.0), (357.0, 161.0), (310.0, 167.0), (271.0, 175.0), (237.0, 188.0), (221.0, 208.0), (219.0, 222.0), (219.0, 239.0), (234.0, 245.0), (249.0, 255.0), (260.0, 269.0), (286.0, 288.0), (303.0, 300.0), (314.0, 310.0), (321.0, 313.0)]}
[DEBUG] mask nonzero = 223
[DEBUG] found 3 raw contours
[DEBUG] kept 3 candidates after filtering
[DEBUG] roi_desc = {'type': 'polygon', 'polygon': [(329.0, 318.0), (351.0, 301.0), (373.0, 280.0), (395.0, 264.0), (410.0, 237.0), (399.0, 194.0), (357.0, 161.0), (310.0, 167.0), (271.0, 175.0), (237.0, 188.0), (221.0, 208.0), (219.0, 222.0), (219.0, 239.0), (234.0, 245.0), (249.0, 255.0), (260.0, 269.0), (286.0, 288.0), (303.0, 300.0), (314.0, 310.0), (321.0, 313.0)]}
[DEBUG] mask nonzero = 222
[DEBUG] found 3 raw contours
[DEBUG] kept 3 candidates after filtering
[DEBUG] roi_desc = {'type': 'polygon', 'polygon': [(329.0, 318.0), (351.0, 301.0), (373.0, 280.0), (395.0, 264.0), (410.0, 237.0), (399.0, 194.0), (357.0, 161.0), (310.0, 167.0), (271.0, 175.0), (237.0, 188.0), (221.0, 208.0), (219.0, 222.0), (219.0, 239.0), (234.0, 245.0), (249.0, 255.0), (260.0, 269.0), (286.0, 288.0), (303.0, 300.0), (314.0, 310.0), (321.0, 313.0)]}
[DEBUG] mask nonzero = 227
[DEBUG] found 3 raw contours
[DEBUG] kept 3 candidates after filtering
[DEBUG] roi_desc = {'type': 'polygon', 'polygon': [(329.0, 318.0), (351.0, 301.0), (373.0, 280.0), (395.0, 264.0), (410.0, 237.0), (399.0, 194.0), (357.0, 161.0), (310.0, 167.0), (271.0, 175.0), (237.0, 188.0), (221.0, 208.0), (219.0, 222.0), (219.0, 239.0), (234.0, 245.0), (249.0, 255.0), (260.0, 269.0), (286.0, 288.0), (303.0, 300.0), (314.0, 310.0), (321.0, 313.0)]}
[DEBUG] mask nonzero = 230
[DEBUG] found 3 raw contours
[DEBUG] kept 3 candidates after filtering
[DEBUG] roi_desc = {'type': 'polygon', 'polygon': [(329.0, 318.0), (351.0, 301.0), (373.0, 280.0), (395.0, 264.0), (410.0, 237.0), (399.0, 194.0), (357.0, 161.0), (310.0, 167.0), (271.0, 175.0), (237.0, 188.0), (221.0, 208.0), (219.0, 222.0), (219.0, 239.0), (234.0, 245.0), (249.0, 255.0), (260.0, 269.0), (286.0, 288.0), (303.0, 300.0), (314.0, 310.0), (321.0, 313.0)]}
[DEBUG] mask nonzero = 222
[DEBUG] found 3 raw contours
[DEBUG] kept 3 candidates after filtering
[DEBUG] roi_desc = {'type': 'polygon', 'polygon': [(329.0, 318.0), (351.0, 301.0), (373.0, 280.0), (395.0, 264.0), (410.0, 237.0), (399.0, 194.0), (357.0, 161.0), (310.0, 167.0), (271.0, 175.0), (237.0, 188.0), (221.0, 208.0), (219.0, 222.0), (219.0, 239.0), (234.0, 245.0), (249.0, 255.0), (260.0, 269.0), (286.0, 288.0), (303.0, 300.0), (314.0, 310.0), (321.0, 313.0)]}
[DEBUG] mask nonzero = 222
[DEBUG] found 3 raw contours
[DEBUG] kept 3 candidates after filtering
[DEBUG] roi_desc = {'type': 'polygon', 'polygon': [(329.0, 318.0), (351.0, 301.0), (373.0, 280.0), (395.0, 264.0), (410.0, 237.0), (399.0, 194.0), (357.0, 161.0), (310.0, 167.0), (271.0, 175.0), (237.0, 188.0), (221.0, 208.0), (219.0, 222.0), (219.0, 239.0), (234.0, 245.0), (249.0, 255.0), (260.0, 269.0), (286.0, 288.0), (303.0, 300.0), (314.0, 310.0), (321.0, 313.0)]}
[DEBUG] mask nonzero = 214
[DEBUG] found 3 raw contours
[DEBUG] kept 3 candidates after filtering
[DEBUG] roi_desc = {'type': 'polygon', 'polygon': [(329.0, 318.0), (351.0, 301.0), (373.0, 280.0), (395.0, 264.0), (410.0, 237.0), (399.0, 194.0), (357.0, 161.0), (310.0, 167.0), (271.0, 175.0), (237.0, 188.0), (221.0, 208.0), (219.0, 222.0), (219.0, 239.0), (234.0, 245.0), (249.0, 255.0), (260.0, 269.0), (286.0, 288.0), (303.0, 300.0), (314.0, 310.0), (321.0, 313.0)]}
[DEBUG] mask nonzero = 228
[DEBUG] found 3 raw contours
[DEBUG] kept 3 candidates after filtering
[DEBUG] roi_desc = {'type': 'polygon', 'polygon': [(329.0, 318.0), (351.0, 301.0), (373.0, 280.0), (395.0, 264.0), (410.0, 237.0), (399.0, 194.0), (357.0, 161.0), (310.0, 167.0), (271.0, 175.0), (237.0, 188.0), (221.0, 208.0), (219.0, 222.0), (219.0, 239.0), (234.0, 245.0), (249.0, 255.0), (260.0, 269.0), (286.0, 288.0), (303.0, 300.0), (314.0, 310.0), (321.0, 313.0)]}
[DEBUG] mask nonzero = 223
[DEBUG] found 3 raw contours
[DEBUG] kept 3 candidates after filtering
[DEBUG] roi_desc = {'type': 'polygon', 'polygon': [(329.0, 318.0), (351.0, 301.0), (373.0, 280.0), (395.0, 264.0), (410.0, 237.0), (399.0, 194.0), (357.0, 161.0), (310.0, 167.0), (271.0, 175.0), (237.0, 188.0), (221.0, 208.0), (219.0, 222.0), (219.0, 239.0), (234.0, 245.0), (249.0, 255.0), (260.0, 269.0), (286.0, 288.0), (303.0, 300.0), (314.0, 310.0), (321.0, 313.0)]}
[DEBUG] mask nonzero = 227
[DEBUG] found 3 raw contours
[DEBUG] kept 3 candidates after filtering
[DEBUG] roi_desc = {'type': 'polygon', 'polygon': [(329.0, 318.0), (351.0, 301.0), (373.0, 280.0), (395.0, 264.0), (410.0, 237.0), (399.0, 194.0), (357.0, 161.0), (310.0, 167.0), (271.0, 175.0), (237.0, 188.0), (221.0, 208.0), (219.0, 222.0), (219.0, 239.0), (234.0, 245.0), (249.0, 255.0), (260.0, 269.0), (286.0, 288.0), (303.0, 300.0), (314.0, 310.0), (321.0, 313.0)]}
[DEBUG] mask nonzero = 230
[DEBUG] found 3 raw contours
[DEBUG] kept 3 candidates after filtering
[  70] i= 71/131 |e|=  2.58mm ins=38.3mm
[DEBUG] roi_desc = {'type': 'polygon', 'polygon': [(329.0, 318.0), (351.0, 301.0), (373.0, 280.0), (395.0, 264.0), (410.0, 237.0), (399.0, 194.0), (357.0, 161.0), (310.0, 167.0), (271.0, 175.0), (237.0, 188.0), (221.0, 208.0), (219.0, 222.0), (219.0, 239.0), (234.0, 245.0), (249.0, 255.0), (260.0, 269.0), (286.0, 288.0), (303.0, 300.0), (314.0, 310.0), (321.0, 313.0)]}
[DEBUG] mask nonzero = 228
[DEBUG] found 3 raw contours
[DEBUG] kept 3 candidates after filtering
[DEBUG] roi_desc = {'type': 'polygon', 'polygon': [(329.0, 318.0), (351.0, 301.0), (373.0, 280.0), (395.0, 264.0), (410.0, 237.0), (399.0, 194.0), (357.0, 161.0), (310.0, 167.0), (271.0, 175.0), (237.0, 188.0), (221.0, 208.0), (219.0, 222.0), (219.0, 239.0), (234.0, 245.0), (249.0, 255.0), (260.0, 269.0), (286.0, 288.0), (303.0, 300.0), (314.0, 310.0), (321.0, 313.0)]}
[DEBUG] mask nonzero = 235
[DEBUG] found 3 raw contours
[DEBUG] kept 3 candidates after filtering
[DEBUG] roi_desc = {'type': 'polygon', 'polygon': [(329.0, 318.0), (351.0, 301.0), (373.0, 280.0), (395.0, 264.0), (410.0, 237.0), (399.0, 194.0), (357.0, 161.0), (310.0, 167.0), (271.0, 175.0), (237.0, 188.0), (221.0, 208.0), (219.0, 222.0), (219.0, 239.0), (234.0, 245.0), (249.0, 255.0), (260.0, 269.0), (286.0, 288.0), (303.0, 300.0), (314.0, 310.0), (321.0, 313.0)]}
[DEBUG] mask nonzero = 241
[DEBUG] found 3 raw contours
[DEBUG] kept 3 candidates after filtering
[DEBUG] roi_desc = {'type': 'polygon', 'polygon': [(329.0, 318.0), (351.0, 301.0), (373.0, 280.0), (395.0, 264.0), (410.0, 237.0), (399.0, 194.0), (357.0, 161.0), (310.0, 167.0), (271.0, 175.0), (237.0, 188.0), (221.0, 208.0), (219.0, 222.0), (219.0, 239.0), (234.0, 245.0), (249.0, 255.0), (260.0, 269.0), (286.0, 288.0), (303.0, 300.0), (314.0, 310.0), (321.0, 313.0)]}
[DEBUG] mask nonzero = 234
[DEBUG] found 3 raw contours
[DEBUG] kept 3 candidates after filtering
[DEBUG] roi_desc = {'type': 'polygon', 'polygon': [(329.0, 318.0), (351.0, 301.0), (373.0, 280.0), (395.0, 264.0), (410.0, 237.0), (399.0, 194.0), (357.0, 161.0), (310.0, 167.0), (271.0, 175.0), (237.0, 188.0), (221.0, 208.0), (219.0, 222.0), (219.0, 239.0), (234.0, 245.0), (249.0, 255.0), (260.0, 269.0), (286.0, 288.0), (303.0, 300.0), (314.0, 310.0), (321.0, 313.0)]}
[DEBUG] mask nonzero = 242
[DEBUG] found 3 raw contours
[DEBUG] kept 3 candidates after filtering
[DEBUG] roi_desc = {'type': 'polygon', 'polygon': [(329.0, 318.0), (351.0, 301.0), (373.0, 280.0), (395.0, 264.0), (410.0, 237.0), (399.0, 194.0), (357.0, 161.0), (310.0, 167.0), (271.0, 175.0), (237.0, 188.0), (221.0, 208.0), (219.0, 222.0), (219.0, 239.0), (234.0, 245.0), (249.0, 255.0), (260.0, 269.0), (286.0, 288.0), (303.0, 300.0), (314.0, 310.0), (321.0, 313.0)]}
[DEBUG] mask nonzero = 246
[DEBUG] found 3 raw contours
[DEBUG] kept 3 candidates after filtering
[DEBUG] roi_desc = {'type': 'polygon', 'polygon': [(329.0, 318.0), (351.0, 301.0), (373.0, 280.0), (395.0, 264.0), (410.0, 237.0), (399.0, 194.0), (357.0, 161.0), (310.0, 167.0), (271.0, 175.0), (237.0, 188.0), (221.0, 208.0), (219.0, 222.0), (219.0, 239.0), (234.0, 245.0), (249.0, 255.0), (260.0, 269.0), (286.0, 288.0), (303.0, 300.0), (314.0, 310.0), (321.0, 313.0)]}
[DEBUG] mask nonzero = 221
[DEBUG] found 3 raw contours
[DEBUG] kept 3 candidates after filtering
[DEBUG] roi_desc = {'type': 'polygon', 'polygon': [(329.0, 318.0), (351.0, 301.0), (373.0, 280.0), (395.0, 264.0), (410.0, 237.0), (399.0, 194.0), (357.0, 161.0), (310.0, 167.0), (271.0, 175.0), (237.0, 188.0), (221.0, 208.0), (219.0, 222.0), (219.0, 239.0), (234.0, 245.0), (249.0, 255.0), (260.0, 269.0), (286.0, 288.0), (303.0, 300.0), (314.0, 310.0), (321.0, 313.0)]}
[DEBUG] mask nonzero = 241
[DEBUG] found 3 raw contours
[DEBUG] kept 3 candidates after filtering
[DEBUG] roi_desc = {'type': 'polygon', 'polygon': [(329.0, 318.0), (351.0, 301.0), (373.0, 280.0), (395.0, 264.0), (410.0, 237.0), (399.0, 194.0), (357.0, 161.0), (310.0, 167.0), (271.0, 175.0), (237.0, 188.0), (221.0, 208.0), (219.0, 222.0), (219.0, 239.0), (234.0, 245.0), (249.0, 255.0), (260.0, 269.0), (286.0, 288.0), (303.0, 300.0), (314.0, 310.0), (321.0, 313.0)]}
[DEBUG] mask nonzero = 223
[DEBUG] found 3 raw contours
[DEBUG] kept 3 candidates after filtering
[DEBUG] roi_desc = {'type': 'polygon', 'polygon': [(329.0, 318.0), (351.0, 301.0), (373.0, 280.0), (395.0, 264.0), (410.0, 237.0), (399.0, 194.0), (357.0, 161.0), (310.0, 167.0), (271.0, 175.0), (237.0, 188.0), (221.0, 208.0), (219.0, 222.0), (219.0, 239.0), (234.0, 245.0), (249.0, 255.0), (260.0, 269.0), (286.0, 288.0), (303.0, 300.0), (314.0, 310.0), (321.0, 313.0)]}
[DEBUG] mask nonzero = 221
[DEBUG] found 3 raw contours
[DEBUG] kept 3 candidates after filtering
[DEBUG] roi_desc = {'type': 'polygon', 'polygon': [(329.0, 318.0), (351.0, 301.0), (373.0, 280.0), (395.0, 264.0), (410.0, 237.0), (399.0, 194.0), (357.0, 161.0), (310.0, 167.0), (271.0, 175.0), (237.0, 188.0), (221.0, 208.0), (219.0, 222.0), (219.0, 239.0), (234.0, 245.0), (249.0, 255.0), (260.0, 269.0), (286.0, 288.0), (303.0, 300.0), (314.0, 310.0), (321.0, 313.0)]}
[DEBUG] mask nonzero = 233
[DEBUG] found 3 raw contours
[DEBUG] kept 3 candidates after filtering
[DEBUG] roi_desc = {'type': 'polygon', 'polygon': [(329.0, 318.0), (351.0, 301.0), (373.0, 280.0), (395.0, 264.0), (410.0, 237.0), (399.0, 194.0), (357.0, 161.0), (310.0, 167.0), (271.0, 175.0), (237.0, 188.0), (221.0, 208.0), (219.0, 222.0), (219.0, 239.0), (234.0, 245.0), (249.0, 255.0), (260.0, 269.0), (286.0, 288.0), (303.0, 300.0), (314.0, 310.0), (321.0, 313.0)]}
[DEBUG] mask nonzero = 220
[DEBUG] found 3 raw contours
[DEBUG] kept 3 candidates after filtering
[DEBUG] roi_desc = {'type': 'polygon', 'polygon': [(329.0, 318.0), (351.0, 301.0), (373.0, 280.0), (395.0, 264.0), (410.0, 237.0), (399.0, 194.0), (357.0, 161.0), (310.0, 167.0), (271.0, 175.0), (237.0, 188.0), (221.0, 208.0), (219.0, 222.0), (219.0, 239.0), (234.0, 245.0), (249.0, 255.0), (260.0, 269.0), (286.0, 288.0), (303.0, 300.0), (314.0, 310.0), (321.0, 313.0)]}
[DEBUG] mask nonzero = 231
[DEBUG] found 3 raw contours
[DEBUG] kept 3 candidates after filtering
[DEBUG] roi_desc = {'type': 'polygon', 'polygon': [(329.0, 318.0), (351.0, 301.0), (373.0, 280.0), (395.0, 264.0), (410.0, 237.0), (399.0, 194.0), (357.0, 161.0), (310.0, 167.0), (271.0, 175.0), (237.0, 188.0), (221.0, 208.0), (219.0, 222.0), (219.0, 239.0), (234.0, 245.0), (249.0, 255.0), (260.0, 269.0), (286.0, 288.0), (303.0, 300.0), (314.0, 310.0), (321.0, 313.0)]}
[DEBUG] mask nonzero = 230
[DEBUG] found 3 raw contours
[DEBUG] kept 3 candidates after filtering
[DEBUG] roi_desc = {'type': 'polygon', 'polygon': [(329.0, 318.0), (351.0, 301.0), (373.0, 280.0), (395.0, 264.0), (410.0, 237.0), (399.0, 194.0), (357.0, 161.0), (310.0, 167.0), (271.0, 175.0), (237.0, 188.0), (221.0, 208.0), (219.0, 222.0), (219.0, 239.0), (234.0, 245.0), (249.0, 255.0), (260.0, 269.0), (286.0, 288.0), (303.0, 300.0), (314.0, 310.0), (321.0, 313.0)]}
[DEBUG] mask nonzero = 224
[DEBUG] found 3 raw contours
[DEBUG] kept 3 candidates after filtering
[DEBUG] roi_desc = {'type': 'polygon', 'polygon': [(329.0, 318.0), (351.0, 301.0), (373.0, 280.0), (395.0, 264.0), (410.0, 237.0), (399.0, 194.0), (357.0, 161.0), (310.0, 167.0), (271.0, 175.0), (237.0, 188.0), (221.0, 208.0), (219.0, 222.0), (219.0, 239.0), (234.0, 245.0), (249.0, 255.0), (260.0, 269.0), (286.0, 288.0), (303.0, 300.0), (314.0, 310.0), (321.0, 313.0)]}
[DEBUG] mask nonzero = 239
[DEBUG] found 3 raw contours
[DEBUG] kept 3 candidates after filtering
[DEBUG] roi_desc = {'type': 'polygon', 'polygon': [(329.0, 318.0), (351.0, 301.0), (373.0, 280.0), (395.0, 264.0), (410.0, 237.0), (399.0, 194.0), (357.0, 161.0), (310.0, 167.0), (271.0, 175.0), (237.0, 188.0), (221.0, 208.0), (219.0, 222.0), (219.0, 239.0), (234.0, 245.0), (249.0, 255.0), (260.0, 269.0), (286.0, 288.0), (303.0, 300.0), (314.0, 310.0), (321.0, 313.0)]}
[DEBUG] mask nonzero = 223
[DEBUG] found 3 raw contours
[DEBUG] kept 3 candidates after filtering
[DEBUG] roi_desc = {'type': 'polygon', 'polygon': [(329.0, 318.0), (351.0, 301.0), (373.0, 280.0), (395.0, 264.0), (410.0, 237.0), (399.0, 194.0), (357.0, 161.0), (310.0, 167.0), (271.0, 175.0), (237.0, 188.0), (221.0, 208.0), (219.0, 222.0), (219.0, 239.0), (234.0, 245.0), (249.0, 255.0), (260.0, 269.0), (286.0, 288.0), (303.0, 300.0), (314.0, 310.0), (321.0, 313.0)]}
[DEBUG] mask nonzero = 228
[DEBUG] found 3 raw contours
[DEBUG] kept 3 candidates after filtering
[DEBUG] roi_desc = {'type': 'polygon', 'polygon': [(329.0, 318.0), (351.0, 301.0), (373.0, 280.0), (395.0, 264.0), (410.0, 237.0), (399.0, 194.0), (357.0, 161.0), (310.0, 167.0), (271.0, 175.0), (237.0, 188.0), (221.0, 208.0), (219.0, 222.0), (219.0, 239.0), (234.0, 245.0), (249.0, 255.0), (260.0, 269.0), (286.0, 288.0), (303.0, 300.0), (314.0, 310.0), (321.0, 313.0)]}
[DEBUG] mask nonzero = 225
[DEBUG] found 3 raw contours
[DEBUG] kept 3 candidates after filtering
[  80] i= 81/131 |e|=  1.65mm ins=37.9mm
[DEBUG] roi_desc = {'type': 'polygon', 'polygon': [(329.0, 318.0), (351.0, 301.0), (373.0, 280.0), (395.0, 264.0), (410.0, 237.0), (399.0, 194.0), (357.0, 161.0), (310.0, 167.0), (271.0, 175.0), (237.0, 188.0), (221.0, 208.0), (219.0, 222.0), (219.0, 239.0), (234.0, 245.0), (249.0, 255.0), (260.0, 269.0), (286.0, 288.0), (303.0, 300.0), (314.0, 310.0), (321.0, 313.0)]}
[DEBUG] mask nonzero = 230
[DEBUG] found 3 raw contours
[DEBUG] kept 3 candidates after filtering
[DEBUG] roi_desc = {'type': 'polygon', 'polygon': [(329.0, 318.0), (351.0, 301.0), (373.0, 280.0), (395.0, 264.0), (410.0, 237.0), (399.0, 194.0), (357.0, 161.0), (310.0, 167.0), (271.0, 175.0), (237.0, 188.0), (221.0, 208.0), (219.0, 222.0), (219.0, 239.0), (234.0, 245.0), (249.0, 255.0), (260.0, 269.0), (286.0, 288.0), (303.0, 300.0), (314.0, 310.0), (321.0, 313.0)]}
[DEBUG] mask nonzero = 233
[DEBUG] found 3 raw contours
[DEBUG] kept 3 candidates after filtering
[DEBUG] roi_desc = {'type': 'polygon', 'polygon': [(329.0, 318.0), (351.0, 301.0), (373.0, 280.0), (395.0, 264.0), (410.0, 237.0), (399.0, 194.0), (357.0, 161.0), (310.0, 167.0), (271.0, 175.0), (237.0, 188.0), (221.0, 208.0), (219.0, 222.0), (219.0, 239.0), (234.0, 245.0), (249.0, 255.0), (260.0, 269.0), (286.0, 288.0), (303.0, 300.0), (314.0, 310.0), (321.0, 313.0)]}
[DEBUG] mask nonzero = 235
[DEBUG] found 3 raw contours
[DEBUG] kept 3 candidates after filtering
[DEBUG] roi_desc = {'type': 'polygon', 'polygon': [(329.0, 318.0), (351.0, 301.0), (373.0, 280.0), (395.0, 264.0), (410.0, 237.0), (399.0, 194.0), (357.0, 161.0), (310.0, 167.0), (271.0, 175.0), (237.0, 188.0), (221.0, 208.0), (219.0, 222.0), (219.0, 239.0), (234.0, 245.0), (249.0, 255.0), (260.0, 269.0), (286.0, 288.0), (303.0, 300.0), (314.0, 310.0), (321.0, 313.0)]}
[DEBUG] mask nonzero = 243
[DEBUG] found 3 raw contours
[DEBUG] kept 3 candidates after filtering
[DEBUG] roi_desc = {'type': 'polygon', 'polygon': [(329.0, 318.0), (351.0, 301.0), (373.0, 280.0), (395.0, 264.0), (410.0, 237.0), (399.0, 194.0), (357.0, 161.0), (310.0, 167.0), (271.0, 175.0), (237.0, 188.0), (221.0, 208.0), (219.0, 222.0), (219.0, 239.0), (234.0, 245.0), (249.0, 255.0), (260.0, 269.0), (286.0, 288.0), (303.0, 300.0), (314.0, 310.0), (321.0, 313.0)]}
[DEBUG] mask nonzero = 241
[DEBUG] found 3 raw contours
[DEBUG] kept 3 candidates after filtering
[DEBUG] roi_desc = {'type': 'polygon', 'polygon': [(329.0, 318.0), (351.0, 301.0), (373.0, 280.0), (395.0, 264.0), (410.0, 237.0), (399.0, 194.0), (357.0, 161.0), (310.0, 167.0), (271.0, 175.0), (237.0, 188.0), (221.0, 208.0), (219.0, 222.0), (219.0, 239.0), (234.0, 245.0), (249.0, 255.0), (260.0, 269.0), (286.0, 288.0), (303.0, 300.0), (314.0, 310.0), (321.0, 313.0)]}
[DEBUG] mask nonzero = 237
[DEBUG] found 3 raw contours
[DEBUG] kept 3 candidates after filtering
[DEBUG] roi_desc = {'type': 'polygon', 'polygon': [(329.0, 318.0), (351.0, 301.0), (373.0, 280.0), (395.0, 264.0), (410.0, 237.0), (399.0, 194.0), (357.0, 161.0), (310.0, 167.0), (271.0, 175.0), (237.0, 188.0), (221.0, 208.0), (219.0, 222.0), (219.0, 239.0), (234.0, 245.0), (249.0, 255.0), (260.0, 269.0), (286.0, 288.0), (303.0, 300.0), (314.0, 310.0), (321.0, 313.0)]}
[DEBUG] mask nonzero = 240
[DEBUG] found 3 raw contours
[DEBUG] kept 3 candidates after filtering
[DEBUG] roi_desc = {'type': 'polygon', 'polygon': [(329.0, 318.0), (351.0, 301.0), (373.0, 280.0), (395.0, 264.0), (410.0, 237.0), (399.0, 194.0), (357.0, 161.0), (310.0, 167.0), (271.0, 175.0), (237.0, 188.0), (221.0, 208.0), (219.0, 222.0), (219.0, 239.0), (234.0, 245.0), (249.0, 255.0), (260.0, 269.0), (286.0, 288.0), (303.0, 300.0), (314.0, 310.0), (321.0, 313.0)]}
[DEBUG] mask nonzero = 227
[DEBUG] found 3 raw contours
[DEBUG] kept 3 candidates after filtering
[DEBUG] roi_desc = {'type': 'polygon', 'polygon': [(329.0, 318.0), (351.0, 301.0), (373.0, 280.0), (395.0, 264.0), (410.0, 237.0), (399.0, 194.0), (357.0, 161.0), (310.0, 167.0), (271.0, 175.0), (237.0, 188.0), (221.0, 208.0), (219.0, 222.0), (219.0, 239.0), (234.0, 245.0), (249.0, 255.0), (260.0, 269.0), (286.0, 288.0), (303.0, 300.0), (314.0, 310.0), (321.0, 313.0)]}
[DEBUG] mask nonzero = 226
[DEBUG] found 3 raw contours
[DEBUG] kept 3 candidates after filtering
[DEBUG] roi_desc = {'type': 'polygon', 'polygon': [(329.0, 318.0), (351.0, 301.0), (373.0, 280.0), (395.0, 264.0), (410.0, 237.0), (399.0, 194.0), (357.0, 161.0), (310.0, 167.0), (271.0, 175.0), (237.0, 188.0), (221.0, 208.0), (219.0, 222.0), (219.0, 239.0), (234.0, 245.0), (249.0, 255.0), (260.0, 269.0), (286.0, 288.0), (303.0, 300.0), (314.0, 310.0), (321.0, 313.0)]}
[DEBUG] mask nonzero = 229
[DEBUG] found 3 raw contours
[DEBUG] kept 3 candidates after filtering
[DEBUG] roi_desc = {'type': 'polygon', 'polygon': [(329.0, 318.0), (351.0, 301.0), (373.0, 280.0), (395.0, 264.0), (410.0, 237.0), (399.0, 194.0), (357.0, 161.0), (310.0, 167.0), (271.0, 175.0), (237.0, 188.0), (221.0, 208.0), (219.0, 222.0), (219.0, 239.0), (234.0, 245.0), (249.0, 255.0), (260.0, 269.0), (286.0, 288.0), (303.0, 300.0), (314.0, 310.0), (321.0, 313.0)]}
[DEBUG] mask nonzero = 240
[DEBUG] found 3 raw contours
[DEBUG] kept 3 candidates after filtering
[DEBUG] roi_desc = {'type': 'polygon', 'polygon': [(329.0, 318.0), (351.0, 301.0), (373.0, 280.0), (395.0, 264.0), (410.0, 237.0), (399.0, 194.0), (357.0, 161.0), (310.0, 167.0), (271.0, 175.0), (237.0, 188.0), (221.0, 208.0), (219.0, 222.0), (219.0, 239.0), (234.0, 245.0), (249.0, 255.0), (260.0, 269.0), (286.0, 288.0), (303.0, 300.0), (314.0, 310.0), (321.0, 313.0)]}
[DEBUG] mask nonzero = 231
[DEBUG] found 3 raw contours
[DEBUG] kept 3 candidates after filtering
[DEBUG] roi_desc = {'type': 'polygon', 'polygon': [(329.0, 318.0), (351.0, 301.0), (373.0, 280.0), (395.0, 264.0), (410.0, 237.0), (399.0, 194.0), (357.0, 161.0), (310.0, 167.0), (271.0, 175.0), (237.0, 188.0), (221.0, 208.0), (219.0, 222.0), (219.0, 239.0), (234.0, 245.0), (249.0, 255.0), (260.0, 269.0), (286.0, 288.0), (303.0, 300.0), (314.0, 310.0), (321.0, 313.0)]}
[DEBUG] mask nonzero = 241
[DEBUG] found 3 raw contours
[DEBUG] kept 3 candidates after filtering
[DEBUG] roi_desc = {'type': 'polygon', 'polygon': [(329.0, 318.0), (351.0, 301.0), (373.0, 280.0), (395.0, 264.0), (410.0, 237.0), (399.0, 194.0), (357.0, 161.0), (310.0, 167.0), (271.0, 175.0), (237.0, 188.0), (221.0, 208.0), (219.0, 222.0), (219.0, 239.0), (234.0, 245.0), (249.0, 255.0), (260.0, 269.0), (286.0, 288.0), (303.0, 300.0), (314.0, 310.0), (321.0, 313.0)]}
[DEBUG] mask nonzero = 230
[DEBUG] found 3 raw contours
[DEBUG] kept 3 candidates after filtering
[DEBUG] roi_desc = {'type': 'polygon', 'polygon': [(329.0, 318.0), (351.0, 301.0), (373.0, 280.0), (395.0, 264.0), (410.0, 237.0), (399.0, 194.0), (357.0, 161.0), (310.0, 167.0), (271.0, 175.0), (237.0, 188.0), (221.0, 208.0), (219.0, 222.0), (219.0, 239.0), (234.0, 245.0), (249.0, 255.0), (260.0, 269.0), (286.0, 288.0), (303.0, 300.0), (314.0, 310.0), (321.0, 313.0)]}
[DEBUG] mask nonzero = 244
[DEBUG] found 3 raw contours
[DEBUG] kept 3 candidates after filtering
[DEBUG] roi_desc = {'type': 'polygon', 'polygon': [(329.0, 318.0), (351.0, 301.0), (373.0, 280.0), (395.0, 264.0), (410.0, 237.0), (399.0, 194.0), (357.0, 161.0), (310.0, 167.0), (271.0, 175.0), (237.0, 188.0), (221.0, 208.0), (219.0, 222.0), (219.0, 239.0), (234.0, 245.0), (249.0, 255.0), (260.0, 269.0), (286.0, 288.0), (303.0, 300.0), (314.0, 310.0), (321.0, 313.0)]}
[DEBUG] mask nonzero = 236
[DEBUG] found 3 raw contours
[DEBUG] kept 3 candidates after filtering
[DEBUG] roi_desc = {'type': 'polygon', 'polygon': [(329.0, 318.0), (351.0, 301.0), (373.0, 280.0), (395.0, 264.0), (410.0, 237.0), (399.0, 194.0), (357.0, 161.0), (310.0, 167.0), (271.0, 175.0), (237.0, 188.0), (221.0, 208.0), (219.0, 222.0), (219.0, 239.0), (234.0, 245.0), (249.0, 255.0), (260.0, 269.0), (286.0, 288.0), (303.0, 300.0), (314.0, 310.0), (321.0, 313.0)]}
[DEBUG] mask nonzero = 237
[DEBUG] found 3 raw contours
[DEBUG] kept 3 candidates after filtering
[DEBUG] roi_desc = {'type': 'polygon', 'polygon': [(329.0, 318.0), (351.0, 301.0), (373.0, 280.0), (395.0, 264.0), (410.0, 237.0), (399.0, 194.0), (357.0, 161.0), (310.0, 167.0), (271.0, 175.0), (237.0, 188.0), (221.0, 208.0), (219.0, 222.0), (219.0, 239.0), (234.0, 245.0), (249.0, 255.0), (260.0, 269.0), (286.0, 288.0), (303.0, 300.0), (314.0, 310.0), (321.0, 313.0)]}
[DEBUG] mask nonzero = 241
[DEBUG] found 3 raw contours
[DEBUG] kept 3 candidates after filtering
[  90] i= 91/131 |e|=  1.49mm ins=36.3mm
[DEBUG] roi_desc = {'type': 'polygon', 'polygon': [(329.0, 318.0), (351.0, 301.0), (373.0, 280.0), (395.0, 264.0), (410.0, 237.0), (399.0, 194.0), (357.0, 161.0), (310.0, 167.0), (271.0, 175.0), (237.0, 188.0), (221.0, 208.0), (219.0, 222.0), (219.0, 239.0), (234.0, 245.0), (249.0, 255.0), (260.0, 269.0), (286.0, 288.0), (303.0, 300.0), (314.0, 310.0), (321.0, 313.0)]}
[DEBUG] mask nonzero = 236
[DEBUG] found 3 raw contours
[DEBUG] kept 3 candidates after filtering
[DEBUG] roi_desc = {'type': 'polygon', 'polygon': [(329.0, 318.0), (351.0, 301.0), (373.0, 280.0), (395.0, 264.0), (410.0, 237.0), (399.0, 194.0), (357.0, 161.0), (310.0, 167.0), (271.0, 175.0), (237.0, 188.0), (221.0, 208.0), (219.0, 222.0), (219.0, 239.0), (234.0, 245.0), (249.0, 255.0), (260.0, 269.0), (286.0, 288.0), (303.0, 300.0), (314.0, 310.0), (321.0, 313.0)]}
[DEBUG] mask nonzero = 238
[DEBUG] found 3 raw contours
[DEBUG] kept 3 candidates after filtering
[DEBUG] roi_desc = {'type': 'polygon', 'polygon': [(329.0, 318.0), (351.0, 301.0), (373.0, 280.0), (395.0, 264.0), (410.0, 237.0), (399.0, 194.0), (357.0, 161.0), (310.0, 167.0), (271.0, 175.0), (237.0, 188.0), (221.0, 208.0), (219.0, 222.0), (219.0, 239.0), (234.0, 245.0), (249.0, 255.0), (260.0, 269.0), (286.0, 288.0), (303.0, 300.0), (314.0, 310.0), (321.0, 313.0)]}
[DEBUG] mask nonzero = 230
[DEBUG] found 3 raw contours
[DEBUG] kept 3 candidates after filtering
[DEBUG] roi_desc = {'type': 'polygon', 'polygon': [(329.0, 318.0), (351.0, 301.0), (373.0, 280.0), (395.0, 264.0), (410.0, 237.0), (399.0, 194.0), (357.0, 161.0), (310.0, 167.0), (271.0, 175.0), (237.0, 188.0), (221.0, 208.0), (219.0, 222.0), (219.0, 239.0), (234.0, 245.0), (249.0, 255.0), (260.0, 269.0), (286.0, 288.0), (303.0, 300.0), (314.0, 310.0), (321.0, 313.0)]}
[DEBUG] mask nonzero = 223
[DEBUG] found 3 raw contours
[DEBUG] kept 3 candidates after filtering
[DEBUG] roi_desc = {'type': 'polygon', 'polygon': [(329.0, 318.0), (351.0, 301.0), (373.0, 280.0), (395.0, 264.0), (410.0, 237.0), (399.0, 194.0), (357.0, 161.0), (310.0, 167.0), (271.0, 175.0), (237.0, 188.0), (221.0, 208.0), (219.0, 222.0), (219.0, 239.0), (234.0, 245.0), (249.0, 255.0), (260.0, 269.0), (286.0, 288.0), (303.0, 300.0), (314.0, 310.0), (321.0, 313.0)]}
[DEBUG] mask nonzero = 241
[DEBUG] found 3 raw contours
[DEBUG] kept 3 candidates after filtering
[DEBUG] roi_desc = {'type': 'polygon', 'polygon': [(329.0, 318.0), (351.0, 301.0), (373.0, 280.0), (395.0, 264.0), (410.0, 237.0), (399.0, 194.0), (357.0, 161.0), (310.0, 167.0), (271.0, 175.0), (237.0, 188.0), (221.0, 208.0), (219.0, 222.0), (219.0, 239.0), (234.0, 245.0), (249.0, 255.0), (260.0, 269.0), (286.0, 288.0), (303.0, 300.0), (314.0, 310.0), (321.0, 313.0)]}
[DEBUG] mask nonzero = 230
[DEBUG] found 3 raw contours
[DEBUG] kept 3 candidates after filtering
[DEBUG] roi_desc = {'type': 'polygon', 'polygon': [(329.0, 318.0), (351.0, 301.0), (373.0, 280.0), (395.0, 264.0), (410.0, 237.0), (399.0, 194.0), (357.0, 161.0), (310.0, 167.0), (271.0, 175.0), (237.0, 188.0), (221.0, 208.0), (219.0, 222.0), (219.0, 239.0), (234.0, 245.0), (249.0, 255.0), (260.0, 269.0), (286.0, 288.0), (303.0, 300.0), (314.0, 310.0), (321.0, 313.0)]}
[DEBUG] mask nonzero = 225
[DEBUG] found 3 raw contours
[DEBUG] kept 3 candidates after filtering
[DEBUG] roi_desc = {'type': 'polygon', 'polygon': [(329.0, 318.0), (351.0, 301.0), (373.0, 280.0), (395.0, 264.0), (410.0, 237.0), (399.0, 194.0), (357.0, 161.0), (310.0, 167.0), (271.0, 175.0), (237.0, 188.0), (221.0, 208.0), (219.0, 222.0), (219.0, 239.0), (234.0, 245.0), (249.0, 255.0), (260.0, 269.0), (286.0, 288.0), (303.0, 300.0), (314.0, 310.0), (321.0, 313.0)]}
[DEBUG] mask nonzero = 221
[DEBUG] found 3 raw contours
[DEBUG] kept 3 candidates after filtering
[DEBUG] roi_desc = {'type': 'polygon', 'polygon': [(329.0, 318.0), (351.0, 301.0), (373.0, 280.0), (395.0, 264.0), (410.0, 237.0), (399.0, 194.0), (357.0, 161.0), (310.0, 167.0), (271.0, 175.0), (237.0, 188.0), (221.0, 208.0), (219.0, 222.0), (219.0, 239.0), (234.0, 245.0), (249.0, 255.0), (260.0, 269.0), (286.0, 288.0), (303.0, 300.0), (314.0, 310.0), (321.0, 313.0)]}
[DEBUG] mask nonzero = 221
[DEBUG] found 3 raw contours
[DEBUG] kept 3 candidates after filtering
[DEBUG] roi_desc = {'type': 'polygon', 'polygon': [(329.0, 318.0), (351.0, 301.0), (373.0, 280.0), (395.0, 264.0), (410.0, 237.0), (399.0, 194.0), (357.0, 161.0), (310.0, 167.0), (271.0, 175.0), (237.0, 188.0), (221.0, 208.0), (219.0, 222.0), (219.0, 239.0), (234.0, 245.0), (249.0, 255.0), (260.0, 269.0), (286.0, 288.0), (303.0, 300.0), (314.0, 310.0), (321.0, 313.0)]}
[DEBUG] mask nonzero = 233
[DEBUG] found 3 raw contours
[DEBUG] kept 3 candidates after filtering
[DEBUG] roi_desc = {'type': 'polygon', 'polygon': [(329.0, 318.0), (351.0, 301.0), (373.0, 280.0), (395.0, 264.0), (410.0, 237.0), (399.0, 194.0), (357.0, 161.0), (310.0, 167.0), (271.0, 175.0), (237.0, 188.0), (221.0, 208.0), (219.0, 222.0), (219.0, 239.0), (234.0, 245.0), (249.0, 255.0), (260.0, 269.0), (286.0, 288.0), (303.0, 300.0), (314.0, 310.0), (321.0, 313.0)]}
[DEBUG] mask nonzero = 223
[DEBUG] found 3 raw contours
[DEBUG] kept 3 candidates after filtering
[DEBUG] roi_desc = {'type': 'polygon', 'polygon': [(329.0, 318.0), (351.0, 301.0), (373.0, 280.0), (395.0, 264.0), (410.0, 237.0), (399.0, 194.0), (357.0, 161.0), (310.0, 167.0), (271.0, 175.0), (237.0, 188.0), (221.0, 208.0), (219.0, 222.0), (219.0, 239.0), (234.0, 245.0), (249.0, 255.0), (260.0, 269.0), (286.0, 288.0), (303.0, 300.0), (314.0, 310.0), (321.0, 313.0)]}
[DEBUG] mask nonzero = 238
[DEBUG] found 3 raw contours
[DEBUG] kept 3 candidates after filtering
[DEBUG] roi_desc = {'type': 'polygon', 'polygon': [(329.0, 318.0), (351.0, 301.0), (373.0, 280.0), (395.0, 264.0), (410.0, 237.0), (399.0, 194.0), (357.0, 161.0), (310.0, 167.0), (271.0, 175.0), (237.0, 188.0), (221.0, 208.0), (219.0, 222.0), (219.0, 239.0), (234.0, 245.0), (249.0, 255.0), (260.0, 269.0), (286.0, 288.0), (303.0, 300.0), (314.0, 310.0), (321.0, 313.0)]}
[DEBUG] mask nonzero = 233
[DEBUG] found 3 raw contours
[DEBUG] kept 3 candidates after filtering
[DEBUG] roi_desc = {'type': 'polygon', 'polygon': [(329.0, 318.0), (351.0, 301.0), (373.0, 280.0), (395.0, 264.0), (410.0, 237.0), (399.0, 194.0), (357.0, 161.0), (310.0, 167.0), (271.0, 175.0), (237.0, 188.0), (221.0, 208.0), (219.0, 222.0), (219.0, 239.0), (234.0, 245.0), (249.0, 255.0), (260.0, 269.0), (286.0, 288.0), (303.0, 300.0), (314.0, 310.0), (321.0, 313.0)]}
[DEBUG] mask nonzero = 235
[DEBUG] found 3 raw contours
[DEBUG] kept 3 candidates after filtering
[DEBUG] roi_desc = {'type': 'polygon', 'polygon': [(329.0, 318.0), (351.0, 301.0), (373.0, 280.0), (395.0, 264.0), (410.0, 237.0), (399.0, 194.0), (357.0, 161.0), (310.0, 167.0), (271.0, 175.0), (237.0, 188.0), (221.0, 208.0), (219.0, 222.0), (219.0, 239.0), (234.0, 245.0), (249.0, 255.0), (260.0, 269.0), (286.0, 288.0), (303.0, 300.0), (314.0, 310.0), (321.0, 313.0)]}
[DEBUG] mask nonzero = 232
[DEBUG] found 3 raw contours
[DEBUG] kept 3 candidates after filtering
[DEBUG] roi_desc = {'type': 'polygon', 'polygon': [(329.0, 318.0), (351.0, 301.0), (373.0, 280.0), (395.0, 264.0), (410.0, 237.0), (399.0, 194.0), (357.0, 161.0), (310.0, 167.0), (271.0, 175.0), (237.0, 188.0), (221.0, 208.0), (219.0, 222.0), (219.0, 239.0), (234.0, 245.0), (249.0, 255.0), (260.0, 269.0), (286.0, 288.0), (303.0, 300.0), (314.0, 310.0), (321.0, 313.0)]}
[DEBUG] mask nonzero = 233
[DEBUG] found 3 raw contours
[DEBUG] kept 3 candidates after filtering
[DEBUG] roi_desc = {'type': 'polygon', 'polygon': [(329.0, 318.0), (351.0, 301.0), (373.0, 280.0), (395.0, 264.0), (410.0, 237.0), (399.0, 194.0), (357.0, 161.0), (310.0, 167.0), (271.0, 175.0), (237.0, 188.0), (221.0, 208.0), (219.0, 222.0), (219.0, 239.0), (234.0, 245.0), (249.0, 255.0), (260.0, 269.0), (286.0, 288.0), (303.0, 300.0), (314.0, 310.0), (321.0, 313.0)]}
[DEBUG] mask nonzero = 232
[DEBUG] found 3 raw contours
[DEBUG] kept 3 candidates after filtering
[DEBUG] roi_desc = {'type': 'polygon', 'polygon': [(329.0, 318.0), (351.0, 301.0), (373.0, 280.0), (395.0, 264.0), (410.0, 237.0), (399.0, 194.0), (357.0, 161.0), (310.0, 167.0), (271.0, 175.0), (237.0, 188.0), (221.0, 208.0), (219.0, 222.0), (219.0, 239.0), (234.0, 245.0), (249.0, 255.0), (260.0, 269.0), (286.0, 288.0), (303.0, 300.0), (314.0, 310.0), (321.0, 313.0)]}
[DEBUG] mask nonzero = 236
[DEBUG] found 3 raw contours
[DEBUG] kept 3 candidates after filtering
[ 100] i=101/131 |e|=  1.08mm ins=34.7mm
[DEBUG] roi_desc = {'type': 'polygon', 'polygon': [(329.0, 318.0), (351.0, 301.0), (373.0, 280.0), (395.0, 264.0), (410.0, 237.0), (399.0, 194.0), (357.0, 161.0), (310.0, 167.0), (271.0, 175.0), (237.0, 188.0), (221.0, 208.0), (219.0, 222.0), (219.0, 239.0), (234.0, 245.0), (249.0, 255.0), (260.0, 269.0), (286.0, 288.0), (303.0, 300.0), (314.0, 310.0), (321.0, 313.0)]}
[DEBUG] mask nonzero = 217
[DEBUG] found 3 raw contours
[DEBUG] kept 3 candidates after filtering
[DEBUG] roi_desc = {'type': 'polygon', 'polygon': [(329.0, 318.0), (351.0, 301.0), (373.0, 280.0), (395.0, 264.0), (410.0, 237.0), (399.0, 194.0), (357.0, 161.0), (310.0, 167.0), (271.0, 175.0), (237.0, 188.0), (221.0, 208.0), (219.0, 222.0), (219.0, 239.0), (234.0, 245.0), (249.0, 255.0), (260.0, 269.0), (286.0, 288.0), (303.0, 300.0), (314.0, 310.0), (321.0, 313.0)]}
[DEBUG] mask nonzero = 233
[DEBUG] found 3 raw contours
[DEBUG] kept 3 candidates after filtering
[DEBUG] roi_desc = {'type': 'polygon', 'polygon': [(329.0, 318.0), (351.0, 301.0), (373.0, 280.0), (395.0, 264.0), (410.0, 237.0), (399.0, 194.0), (357.0, 161.0), (310.0, 167.0), (271.0, 175.0), (237.0, 188.0), (221.0, 208.0), (219.0, 222.0), (219.0, 239.0), (234.0, 245.0), (249.0, 255.0), (260.0, 269.0), (286.0, 288.0), (303.0, 300.0), (314.0, 310.0), (321.0, 313.0)]}
[DEBUG] mask nonzero = 219
[DEBUG] found 3 raw contours
[DEBUG] kept 3 candidates after filtering
[DEBUG] roi_desc = {'type': 'polygon', 'polygon': [(329.0, 318.0), (351.0, 301.0), (373.0, 280.0), (395.0, 264.0), (410.0, 237.0), (399.0, 194.0), (357.0, 161.0), (310.0, 167.0), (271.0, 175.0), (237.0, 188.0), (221.0, 208.0), (219.0, 222.0), (219.0, 239.0), (234.0, 245.0), (249.0, 255.0), (260.0, 269.0), (286.0, 288.0), (303.0, 300.0), (314.0, 310.0), (321.0, 313.0)]}
[DEBUG] mask nonzero = 223
[DEBUG] found 3 raw contours
[DEBUG] kept 3 candidates after filtering
[DEBUG] roi_desc = {'type': 'polygon', 'polygon': [(329.0, 318.0), (351.0, 301.0), (373.0, 280.0), (395.0, 264.0), (410.0, 237.0), (399.0, 194.0), (357.0, 161.0), (310.0, 167.0), (271.0, 175.0), (237.0, 188.0), (221.0, 208.0), (219.0, 222.0), (219.0, 239.0), (234.0, 245.0), (249.0, 255.0), (260.0, 269.0), (286.0, 288.0), (303.0, 300.0), (314.0, 310.0), (321.0, 313.0)]}
[DEBUG] mask nonzero = 236
[DEBUG] found 3 raw contours
[DEBUG] kept 3 candidates after filtering
[DEBUG] roi_desc = {'type': 'polygon', 'polygon': [(329.0, 318.0), (351.0, 301.0), (373.0, 280.0), (395.0, 264.0), (410.0, 237.0), (399.0, 194.0), (357.0, 161.0), (310.0, 167.0), (271.0, 175.0), (237.0, 188.0), (221.0, 208.0), (219.0, 222.0), (219.0, 239.0), (234.0, 245.0), (249.0, 255.0), (260.0, 269.0), (286.0, 288.0), (303.0, 300.0), (314.0, 310.0), (321.0, 313.0)]}
[DEBUG] mask nonzero = 222
[DEBUG] found 3 raw contours
[DEBUG] kept 3 candidates after filtering
[DEBUG] roi_desc = {'type': 'polygon', 'polygon': [(329.0, 318.0), (351.0, 301.0), (373.0, 280.0), (395.0, 264.0), (410.0, 237.0), (399.0, 194.0), (357.0, 161.0), (310.0, 167.0), (271.0, 175.0), (237.0, 188.0), (221.0, 208.0), (219.0, 222.0), (219.0, 239.0), (234.0, 245.0), (249.0, 255.0), (260.0, 269.0), (286.0, 288.0), (303.0, 300.0), (314.0, 310.0), (321.0, 313.0)]}
[DEBUG] mask nonzero = 222
[DEBUG] found 3 raw contours
[DEBUG] kept 3 candidates after filtering
[DEBUG] roi_desc = {'type': 'polygon', 'polygon': [(329.0, 318.0), (351.0, 301.0), (373.0, 280.0), (395.0, 264.0), (410.0, 237.0), (399.0, 194.0), (357.0, 161.0), (310.0, 167.0), (271.0, 175.0), (237.0, 188.0), (221.0, 208.0), (219.0, 222.0), (219.0, 239.0), (234.0, 245.0), (249.0, 255.0), (260.0, 269.0), (286.0, 288.0), (303.0, 300.0), (314.0, 310.0), (321.0, 313.0)]}
[DEBUG] mask nonzero = 238
[DEBUG] found 3 raw contours
[DEBUG] kept 3 candidates after filtering
[DEBUG] roi_desc = {'type': 'polygon', 'polygon': [(329.0, 318.0), (351.0, 301.0), (373.0, 280.0), (395.0, 264.0), (410.0, 237.0), (399.0, 194.0), (357.0, 161.0), (310.0, 167.0), (271.0, 175.0), (237.0, 188.0), (221.0, 208.0), (219.0, 222.0), (219.0, 239.0), (234.0, 245.0), (249.0, 255.0), (260.0, 269.0), (286.0, 288.0), (303.0, 300.0), (314.0, 310.0), (321.0, 313.0)]}
[DEBUG] mask nonzero = 223
[DEBUG] found 3 raw contours
[DEBUG] kept 3 candidates after filtering
[DEBUG] roi_desc = {'type': 'polygon', 'polygon': [(329.0, 318.0), (351.0, 301.0), (373.0, 280.0), (395.0, 264.0), (410.0, 237.0), (399.0, 194.0), (357.0, 161.0), (310.0, 167.0), (271.0, 175.0), (237.0, 188.0), (221.0, 208.0), (219.0, 222.0), (219.0, 239.0), (234.0, 245.0), (249.0, 255.0), (260.0, 269.0), (286.0, 288.0), (303.0, 300.0), (314.0, 310.0), (321.0, 313.0)]}
[DEBUG] mask nonzero = 237
[DEBUG] found 3 raw contours
[DEBUG] kept 3 candidates after filtering
[DEBUG] roi_desc = {'type': 'polygon', 'polygon': [(329.0, 318.0), (351.0, 301.0), (373.0, 280.0), (395.0, 264.0), (410.0, 237.0), (399.0, 194.0), (357.0, 161.0), (310.0, 167.0), (271.0, 175.0), (237.0, 188.0), (221.0, 208.0), (219.0, 222.0), (219.0, 239.0), (234.0, 245.0), (249.0, 255.0), (260.0, 269.0), (286.0, 288.0), (303.0, 300.0), (314.0, 310.0), (321.0, 313.0)]}
[DEBUG] mask nonzero = 220
[DEBUG] found 3 raw contours
[DEBUG] kept 3 candidates after filtering
[DEBUG] roi_desc = {'type': 'polygon', 'polygon': [(329.0, 318.0), (351.0, 301.0), (373.0, 280.0), (395.0, 264.0), (410.0, 237.0), (399.0, 194.0), (357.0, 161.0), (310.0, 167.0), (271.0, 175.0), (237.0, 188.0), (221.0, 208.0), (219.0, 222.0), (219.0, 239.0), (234.0, 245.0), (249.0, 255.0), (260.0, 269.0), (286.0, 288.0), (303.0, 300.0), (314.0, 310.0), (321.0, 313.0)]}
[DEBUG] mask nonzero = 234
[DEBUG] found 3 raw contours
[DEBUG] kept 3 candidates after filtering
[DEBUG] roi_desc = {'type': 'polygon', 'polygon': [(329.0, 318.0), (351.0, 301.0), (373.0, 280.0), (395.0, 264.0), (410.0, 237.0), (399.0, 194.0), (357.0, 161.0), (310.0, 167.0), (271.0, 175.0), (237.0, 188.0), (221.0, 208.0), (219.0, 222.0), (219.0, 239.0), (234.0, 245.0), (249.0, 255.0), (260.0, 269.0), (286.0, 288.0), (303.0, 300.0), (314.0, 310.0), (321.0, 313.0)]}
[DEBUG] mask nonzero = 215
[DEBUG] found 3 raw contours
[DEBUG] kept 3 candidates after filtering
[DEBUG] roi_desc = {'type': 'polygon', 'polygon': [(329.0, 318.0), (351.0, 301.0), (373.0, 280.0), (395.0, 264.0), (410.0, 237.0), (399.0, 194.0), (357.0, 161.0), (310.0, 167.0), (271.0, 175.0), (237.0, 188.0), (221.0, 208.0), (219.0, 222.0), (219.0, 239.0), (234.0, 245.0), (249.0, 255.0), (260.0, 269.0), (286.0, 288.0), (303.0, 300.0), (314.0, 310.0), (321.0, 313.0)]}
[DEBUG] mask nonzero = 226
[DEBUG] found 3 raw contours
[DEBUG] kept 3 candidates after filtering
[DEBUG] roi_desc = {'type': 'polygon', 'polygon': [(329.0, 318.0), (351.0, 301.0), (373.0, 280.0), (395.0, 264.0), (410.0, 237.0), (399.0, 194.0), (357.0, 161.0), (310.0, 167.0), (271.0, 175.0), (237.0, 188.0), (221.0, 208.0), (219.0, 222.0), (219.0, 239.0), (234.0, 245.0), (249.0, 255.0), (260.0, 269.0), (286.0, 288.0), (303.0, 300.0), (314.0, 310.0), (321.0, 313.0)]}
[DEBUG] mask nonzero = 218
[DEBUG] found 3 raw contours
[DEBUG] kept 3 candidates after filtering
[DEBUG] roi_desc = {'type': 'polygon', 'polygon': [(329.0, 318.0), (351.0, 301.0), (373.0, 280.0), (395.0, 264.0), (410.0, 237.0), (399.0, 194.0), (357.0, 161.0), (310.0, 167.0), (271.0, 175.0), (237.0, 188.0), (221.0, 208.0), (219.0, 222.0), (219.0, 239.0), (234.0, 245.0), (249.0, 255.0), (260.0, 269.0), (286.0, 288.0), (303.0, 300.0), (314.0, 310.0), (321.0, 313.0)]}
[DEBUG] mask nonzero = 220
[DEBUG] found 3 raw contours
[DEBUG] kept 3 candidates after filtering
[DEBUG] roi_desc = {'type': 'polygon', 'polygon': [(329.0, 318.0), (351.0, 301.0), (373.0, 280.0), (395.0, 264.0), (410.0, 237.0), (399.0, 194.0), (357.0, 161.0), (310.0, 167.0), (271.0, 175.0), (237.0, 188.0), (221.0, 208.0), (219.0, 222.0), (219.0, 239.0), (234.0, 245.0), (249.0, 255.0), (260.0, 269.0), (286.0, 288.0), (303.0, 300.0), (314.0, 310.0), (321.0, 313.0)]}
[DEBUG] mask nonzero = 229
[DEBUG] found 3 raw contours
[DEBUG] kept 3 candidates after filtering
[DEBUG] roi_desc = {'type': 'polygon', 'polygon': [(329.0, 318.0), (351.0, 301.0), (373.0, 280.0), (395.0, 264.0), (410.0, 237.0), (399.0, 194.0), (357.0, 161.0), (310.0, 167.0), (271.0, 175.0), (237.0, 188.0), (221.0, 208.0), (219.0, 222.0), (219.0, 239.0), (234.0, 245.0), (249.0, 255.0), (260.0, 269.0), (286.0, 288.0), (303.0, 300.0), (314.0, 310.0), (321.0, 313.0)]}
[DEBUG] mask nonzero = 222
[DEBUG] found 3 raw contours
[DEBUG] kept 3 candidates after filtering
[DEBUG] roi_desc = {'type': 'polygon', 'polygon': [(329.0, 318.0), (351.0, 301.0), (373.0, 280.0), (395.0, 264.0), (410.0, 237.0), (399.0, 194.0), (357.0, 161.0), (310.0, 167.0), (271.0, 175.0), (237.0, 188.0), (221.0, 208.0), (219.0, 222.0), (219.0, 239.0), (234.0, 245.0), (249.0, 255.0), (260.0, 269.0), (286.0, 288.0), (303.0, 300.0), (314.0, 310.0), (321.0, 313.0)]}
[DEBUG] mask nonzero = 231
[DEBUG] found 3 raw contours
[DEBUG] kept 3 candidates after filtering
[ 110] i=111/131 |e|=  0.81mm ins=33.1mm
[DEBUG] roi_desc = {'type': 'polygon', 'polygon': [(329.0, 318.0), (351.0, 301.0), (373.0, 280.0), (395.0, 264.0), (410.0, 237.0), (399.0, 194.0), (357.0, 161.0), (310.0, 167.0), (271.0, 175.0), (237.0, 188.0), (221.0, 208.0), (219.0, 222.0), (219.0, 239.0), (234.0, 245.0), (249.0, 255.0), (260.0, 269.0), (286.0, 288.0), (303.0, 300.0), (314.0, 310.0), (321.0, 313.0)]}
[DEBUG] mask nonzero = 216
[DEBUG] found 3 raw contours
[DEBUG] kept 3 candidates after filtering
[DEBUG] roi_desc = {'type': 'polygon', 'polygon': [(329.0, 318.0), (351.0, 301.0), (373.0, 280.0), (395.0, 264.0), (410.0, 237.0), (399.0, 194.0), (357.0, 161.0), (310.0, 167.0), (271.0, 175.0), (237.0, 188.0), (221.0, 208.0), (219.0, 222.0), (219.0, 239.0), (234.0, 245.0), (249.0, 255.0), (260.0, 269.0), (286.0, 288.0), (303.0, 300.0), (314.0, 310.0), (321.0, 313.0)]}
[DEBUG] mask nonzero = 226
[DEBUG] found 3 raw contours
[DEBUG] kept 3 candidates after filtering
[DEBUG] roi_desc = {'type': 'polygon', 'polygon': [(329.0, 318.0), (351.0, 301.0), (373.0, 280.0), (395.0, 264.0), (410.0, 237.0), (399.0, 194.0), (357.0, 161.0), (310.0, 167.0), (271.0, 175.0), (237.0, 188.0), (221.0, 208.0), (219.0, 222.0), (219.0, 239.0), (234.0, 245.0), (249.0, 255.0), (260.0, 269.0), (286.0, 288.0), (303.0, 300.0), (314.0, 310.0), (321.0, 313.0)]}
[DEBUG] mask nonzero = 224
[DEBUG] found 3 raw contours
[DEBUG] kept 3 candidates after filtering
[DEBUG] roi_desc = {'type': 'polygon', 'polygon': [(329.0, 318.0), (351.0, 301.0), (373.0, 280.0), (395.0, 264.0), (410.0, 237.0), (399.0, 194.0), (357.0, 161.0), (310.0, 167.0), (271.0, 175.0), (237.0, 188.0), (221.0, 208.0), (219.0, 222.0), (219.0, 239.0), (234.0, 245.0), (249.0, 255.0), (260.0, 269.0), (286.0, 288.0), (303.0, 300.0), (314.0, 310.0), (321.0, 313.0)]}
[DEBUG] mask nonzero = 219
[DEBUG] found 3 raw contours
[DEBUG] kept 3 candidates after filtering
[DEBUG] roi_desc = {'type': 'polygon', 'polygon': [(329.0, 318.0), (351.0, 301.0), (373.0, 280.0), (395.0, 264.0), (410.0, 237.0), (399.0, 194.0), (357.0, 161.0), (310.0, 167.0), (271.0, 175.0), (237.0, 188.0), (221.0, 208.0), (219.0, 222.0), (219.0, 239.0), (234.0, 245.0), (249.0, 255.0), (260.0, 269.0), (286.0, 288.0), (303.0, 300.0), (314.0, 310.0), (321.0, 313.0)]}
[DEBUG] mask nonzero = 230
[DEBUG] found 3 raw contours
[DEBUG] kept 3 candidates after filtering
[DEBUG] roi_desc = {'type': 'polygon', 'polygon': [(329.0, 318.0), (351.0, 301.0), (373.0, 280.0), (395.0, 264.0), (410.0, 237.0), (399.0, 194.0), (357.0, 161.0), (310.0, 167.0), (271.0, 175.0), (237.0, 188.0), (221.0, 208.0), (219.0, 222.0), (219.0, 239.0), (234.0, 245.0), (249.0, 255.0), (260.0, 269.0), (286.0, 288.0), (303.0, 300.0), (314.0, 310.0), (321.0, 313.0)]}
[DEBUG] mask nonzero = 229
[DEBUG] found 3 raw contours
[DEBUG] kept 3 candidates after filtering
[DEBUG] roi_desc = {'type': 'polygon', 'polygon': [(329.0, 318.0), (351.0, 301.0), (373.0, 280.0), (395.0, 264.0), (410.0, 237.0), (399.0, 194.0), (357.0, 161.0), (310.0, 167.0), (271.0, 175.0), (237.0, 188.0), (221.0, 208.0), (219.0, 222.0), (219.0, 239.0), (234.0, 245.0), (249.0, 255.0), (260.0, 269.0), (286.0, 288.0), (303.0, 300.0), (314.0, 310.0), (321.0, 313.0)]}
[DEBUG] mask nonzero = 227
[DEBUG] found 3 raw contours
[DEBUG] kept 3 candidates after filtering
[DEBUG] roi_desc = {'type': 'polygon', 'polygon': [(329.0, 318.0), (351.0, 301.0), (373.0, 280.0), (395.0, 264.0), (410.0, 237.0), (399.0, 194.0), (357.0, 161.0), (310.0, 167.0), (271.0, 175.0), (237.0, 188.0), (221.0, 208.0), (219.0, 222.0), (219.0, 239.0), (234.0, 245.0), (249.0, 255.0), (260.0, 269.0), (286.0, 288.0), (303.0, 300.0), (314.0, 310.0), (321.0, 313.0)]}
[DEBUG] mask nonzero = 215
[DEBUG] found 3 raw contours
[DEBUG] kept 3 candidates after filtering
[DEBUG] roi_desc = {'type': 'polygon', 'polygon': [(329.0, 318.0), (351.0, 301.0), (373.0, 280.0), (395.0, 264.0), (410.0, 237.0), (399.0, 194.0), (357.0, 161.0), (310.0, 167.0), (271.0, 175.0), (237.0, 188.0), (221.0, 208.0), (219.0, 222.0), (219.0, 239.0), (234.0, 245.0), (249.0, 255.0), (260.0, 269.0), (286.0, 288.0), (303.0, 300.0), (314.0, 310.0), (321.0, 313.0)]}
[DEBUG] mask nonzero = 221
[DEBUG] found 3 raw contours
[DEBUG] kept 3 candidates after filtering
[DEBUG] roi_desc = {'type': 'polygon', 'polygon': [(329.0, 318.0), (351.0, 301.0), (373.0, 280.0), (395.0, 264.0), (410.0, 237.0), (399.0, 194.0), (357.0, 161.0), (310.0, 167.0), (271.0, 175.0), (237.0, 188.0), (221.0, 208.0), (219.0, 222.0), (219.0, 239.0), (234.0, 245.0), (249.0, 255.0), (260.0, 269.0), (286.0, 288.0), (303.0, 300.0), (314.0, 310.0), (321.0, 313.0)]}
[DEBUG] mask nonzero = 215
[DEBUG] found 3 raw contours
[DEBUG] kept 3 candidates after filtering
[DEBUG] roi_desc = {'type': 'polygon', 'polygon': [(329.0, 318.0), (351.0, 301.0), (373.0, 280.0), (395.0, 264.0), (410.0, 237.0), (399.0, 194.0), (357.0, 161.0), (310.0, 167.0), (271.0, 175.0), (237.0, 188.0), (221.0, 208.0), (219.0, 222.0), (219.0, 239.0), (234.0, 245.0), (249.0, 255.0), (260.0, 269.0), (286.0, 288.0), (303.0, 300.0), (314.0, 310.0), (321.0, 313.0)]}
[DEBUG] mask nonzero = 219
[DEBUG] found 3 raw contours
[DEBUG] kept 3 candidates after filtering
[DEBUG] roi_desc = {'type': 'polygon', 'polygon': [(329.0, 318.0), (351.0, 301.0), (373.0, 280.0), (395.0, 264.0), (410.0, 237.0), (399.0, 194.0), (357.0, 161.0), (310.0, 167.0), (271.0, 175.0), (237.0, 188.0), (221.0, 208.0), (219.0, 222.0), (219.0, 239.0), (234.0, 245.0), (249.0, 255.0), (260.0, 269.0), (286.0, 288.0), (303.0, 300.0), (314.0, 310.0), (321.0, 313.0)]}
[DEBUG] mask nonzero = 220
[DEBUG] found 3 raw contours
[DEBUG] kept 3 candidates after filtering
[DEBUG] roi_desc = {'type': 'polygon', 'polygon': [(329.0, 318.0), (351.0, 301.0), (373.0, 280.0), (395.0, 264.0), (410.0, 237.0), (399.0, 194.0), (357.0, 161.0), (310.0, 167.0), (271.0, 175.0), (237.0, 188.0), (221.0, 208.0), (219.0, 222.0), (219.0, 239.0), (234.0, 245.0), (249.0, 255.0), (260.0, 269.0), (286.0, 288.0), (303.0, 300.0), (314.0, 310.0), (321.0, 313.0)]}
[DEBUG] mask nonzero = 225
[DEBUG] found 3 raw contours
[DEBUG] kept 3 candidates after filtering
[DEBUG] roi_desc = {'type': 'polygon', 'polygon': [(329.0, 318.0), (351.0, 301.0), (373.0, 280.0), (395.0, 264.0), (410.0, 237.0), (399.0, 194.0), (357.0, 161.0), (310.0, 167.0), (271.0, 175.0), (237.0, 188.0), (221.0, 208.0), (219.0, 222.0), (219.0, 239.0), (234.0, 245.0), (249.0, 255.0), (260.0, 269.0), (286.0, 288.0), (303.0, 300.0), (314.0, 310.0), (321.0, 313.0)]}
[DEBUG] mask nonzero = 226
[DEBUG] found 3 raw contours
[DEBUG] kept 3 candidates after filtering
[DEBUG] roi_desc = {'type': 'polygon', 'polygon': [(329.0, 318.0), (351.0, 301.0), (373.0, 280.0), (395.0, 264.0), (410.0, 237.0), (399.0, 194.0), (357.0, 161.0), (310.0, 167.0), (271.0, 175.0), (237.0, 188.0), (221.0, 208.0), (219.0, 222.0), (219.0, 239.0), (234.0, 245.0), (249.0, 255.0), (260.0, 269.0), (286.0, 288.0), (303.0, 300.0), (314.0, 310.0), (321.0, 313.0)]}
[DEBUG] mask nonzero = 238
[DEBUG] found 3 raw contours
[DEBUG] kept 3 candidates after filtering
[DEBUG] roi_desc = {'type': 'polygon', 'polygon': [(329.0, 318.0), (351.0, 301.0), (373.0, 280.0), (395.0, 264.0), (410.0, 237.0), (399.0, 194.0), (357.0, 161.0), (310.0, 167.0), (271.0, 175.0), (237.0, 188.0), (221.0, 208.0), (219.0, 222.0), (219.0, 239.0), (234.0, 245.0), (249.0, 255.0), (260.0, 269.0), (286.0, 288.0), (303.0, 300.0), (314.0, 310.0), (321.0, 313.0)]}
[DEBUG] mask nonzero = 240
[DEBUG] found 3 raw contours
[DEBUG] kept 3 candidates after filtering
[DEBUG] roi_desc = {'type': 'polygon', 'polygon': [(329.0, 318.0), (351.0, 301.0), (373.0, 280.0), (395.0, 264.0), (410.0, 237.0), (399.0, 194.0), (357.0, 161.0), (310.0, 167.0), (271.0, 175.0), (237.0, 188.0), (221.0, 208.0), (219.0, 222.0), (219.0, 239.0), (234.0, 245.0), (249.0, 255.0), (260.0, 269.0), (286.0, 288.0), (303.0, 300.0), (314.0, 310.0), (321.0, 313.0)]}
[DEBUG] mask nonzero = 244
[DEBUG] found 3 raw contours
[DEBUG] kept 3 candidates after filtering
[DEBUG] roi_desc = {'type': 'polygon', 'polygon': [(329.0, 318.0), (351.0, 301.0), (373.0, 280.0), (395.0, 264.0), (410.0, 237.0), (399.0, 194.0), (357.0, 161.0), (310.0, 167.0), (271.0, 175.0), (237.0, 188.0), (221.0, 208.0), (219.0, 222.0), (219.0, 239.0), (234.0, 245.0), (249.0, 255.0), (260.0, 269.0), (286.0, 288.0), (303.0, 300.0), (314.0, 310.0), (321.0, 313.0)]}
[DEBUG] mask nonzero = 243
[DEBUG] found 3 raw contours
[DEBUG] kept 3 candidates after filtering
[DEBUG] roi_desc = {'type': 'polygon', 'polygon': [(329.0, 318.0), (351.0, 301.0), (373.0, 280.0), (395.0, 264.0), (410.0, 237.0), (399.0, 194.0), (357.0, 161.0), (310.0, 167.0), (271.0, 175.0), (237.0, 188.0), (221.0, 208.0), (219.0, 222.0), (219.0, 239.0), (234.0, 245.0), (249.0, 255.0), (260.0, 269.0), (286.0, 288.0), (303.0, 300.0), (314.0, 310.0), (321.0, 313.0)]}
[DEBUG] mask nonzero = 235
[DEBUG] found 3 raw contours
[DEBUG] kept 3 candidates after filtering
[ 120] i=121/131 |e|=  0.75mm ins=31.6mm
[DEBUG] roi_desc = {'type': 'polygon', 'polygon': [(329.0, 318.0), (351.0, 301.0), (373.0, 280.0), (395.0, 264.0), (410.0, 237.0), (399.0, 194.0), (357.0, 161.0), (310.0, 167.0), (271.0, 175.0), (237.0, 188.0), (221.0, 208.0), (219.0, 222.0), (219.0, 239.0), (234.0, 245.0), (249.0, 255.0), (260.0, 269.0), (286.0, 288.0), (303.0, 300.0), (314.0, 310.0), (321.0, 313.0)]}
[DEBUG] mask nonzero = 236
[DEBUG] found 3 raw contours
[DEBUG] kept 3 candidates after filtering
[DEBUG] roi_desc = {'type': 'polygon', 'polygon': [(329.0, 318.0), (351.0, 301.0), (373.0, 280.0), (395.0, 264.0), (410.0, 237.0), (399.0, 194.0), (357.0, 161.0), (310.0, 167.0), (271.0, 175.0), (237.0, 188.0), (221.0, 208.0), (219.0, 222.0), (219.0, 239.0), (234.0, 245.0), (249.0, 255.0), (260.0, 269.0), (286.0, 288.0), (303.0, 300.0), (314.0, 310.0), (321.0, 313.0)]}
[DEBUG] mask nonzero = 239
[DEBUG] found 3 raw contours
[DEBUG] kept 3 candidates after filtering
[DEBUG] roi_desc = {'type': 'polygon', 'polygon': [(329.0, 318.0), (351.0, 301.0), (373.0, 280.0), (395.0, 264.0), (410.0, 237.0), (399.0, 194.0), (357.0, 161.0), (310.0, 167.0), (271.0, 175.0), (237.0, 188.0), (221.0, 208.0), (219.0, 222.0), (219.0, 239.0), (234.0, 245.0), (249.0, 255.0), (260.0, 269.0), (286.0, 288.0), (303.0, 300.0), (314.0, 310.0), (321.0, 313.0)]}
[DEBUG] mask nonzero = 243
[DEBUG] found 3 raw contours
[DEBUG] kept 3 candidates after filtering
[DEBUG] roi_desc = {'type': 'polygon', 'polygon': [(329.0, 318.0), (351.0, 301.0), (373.0, 280.0), (395.0, 264.0), (410.0, 237.0), (399.0, 194.0), (357.0, 161.0), (310.0, 167.0), (271.0, 175.0), (237.0, 188.0), (221.0, 208.0), (219.0, 222.0), (219.0, 239.0), (234.0, 245.0), (249.0, 255.0), (260.0, 269.0), (286.0, 288.0), (303.0, 300.0), (314.0, 310.0), (321.0, 313.0)]}
[DEBUG] mask nonzero = 239
[DEBUG] found 3 raw contours
[DEBUG] kept 3 candidates after filtering
[DEBUG] roi_desc = {'type': 'polygon', 'polygon': [(329.0, 318.0), (351.0, 301.0), (373.0, 280.0), (395.0, 264.0), (410.0, 237.0), (399.0, 194.0), (357.0, 161.0), (310.0, 167.0), (271.0, 175.0), (237.0, 188.0), (221.0, 208.0), (219.0, 222.0), (219.0, 239.0), (234.0, 245.0), (249.0, 255.0), (260.0, 269.0), (286.0, 288.0), (303.0, 300.0), (314.0, 310.0), (321.0, 313.0)]}
[DEBUG] mask nonzero = 241
[DEBUG] found 3 raw contours
[DEBUG] kept 3 candidates after filtering
[DEBUG] roi_desc = {'type': 'polygon', 'polygon': [(329.0, 318.0), (351.0, 301.0), (373.0, 280.0), (395.0, 264.0), (410.0, 237.0), (399.0, 194.0), (357.0, 161.0), (310.0, 167.0), (271.0, 175.0), (237.0, 188.0), (221.0, 208.0), (219.0, 222.0), (219.0, 239.0), (234.0, 245.0), (249.0, 255.0), (260.0, 269.0), (286.0, 288.0), (303.0, 300.0), (314.0, 310.0), (321.0, 313.0)]}
[DEBUG] mask nonzero = 245
[DEBUG] found 3 raw contours
[DEBUG] kept 3 candidates after filtering
[DEBUG] roi_desc = {'type': 'polygon', 'polygon': [(329.0, 318.0), (351.0, 301.0), (373.0, 280.0), (395.0, 264.0), (410.0, 237.0), (399.0, 194.0), (357.0, 161.0), (310.0, 167.0), (271.0, 175.0), (237.0, 188.0), (221.0, 208.0), (219.0, 222.0), (219.0, 239.0), (234.0, 245.0), (249.0, 255.0), (260.0, 269.0), (286.0, 288.0), (303.0, 300.0), (314.0, 310.0), (321.0, 313.0)]}
[DEBUG] mask nonzero = 238
[DEBUG] found 3 raw contours
[DEBUG] kept 3 candidates after filtering
[DEBUG] roi_desc = {'type': 'polygon', 'polygon': [(329.0, 318.0), (351.0, 301.0), (373.0, 280.0), (395.0, 264.0), (410.0, 237.0), (399.0, 194.0), (357.0, 161.0), (310.0, 167.0), (271.0, 175.0), (237.0, 188.0), (221.0, 208.0), (219.0, 222.0), (219.0, 239.0), (234.0, 245.0), (249.0, 255.0), (260.0, 269.0), (286.0, 288.0), (303.0, 300.0), (314.0, 310.0), (321.0, 313.0)]}
[DEBUG] mask nonzero = 239
[DEBUG] found 3 raw contours
[DEBUG] kept 3 candidates after filtering
[DEBUG] roi_desc = {'type': 'polygon', 'polygon': [(329.0, 318.0), (351.0, 301.0), (373.0, 280.0), (395.0, 264.0), (410.0, 237.0), (399.0, 194.0), (357.0, 161.0), (310.0, 167.0), (271.0, 175.0), (237.0, 188.0), (221.0, 208.0), (219.0, 222.0), (219.0, 239.0), (234.0, 245.0), (249.0, 255.0), (260.0, 269.0), (286.0, 288.0), (303.0, 300.0), (314.0, 310.0), (321.0, 313.0)]}
[DEBUG] mask nonzero = 242
[DEBUG] found 3 raw contours
[DEBUG] kept 3 candidates after filtering
[DEBUG] roi_desc = {'type': 'polygon', 'polygon': [(329.0, 318.0), (351.0, 301.0), (373.0, 280.0), (395.0, 264.0), (410.0, 237.0), (399.0, 194.0), (357.0, 161.0), (310.0, 167.0), (271.0, 175.0), (237.0, 188.0), (221.0, 208.0), (219.0, 222.0), (219.0, 239.0), (234.0, 245.0), (249.0, 255.0), (260.0, 269.0), (286.0, 288.0), (303.0, 300.0), (314.0, 310.0), (321.0, 313.0)]}
[DEBUG] mask nonzero = 241
[DEBUG] found 3 raw contours
[DEBUG] kept 3 candidates after filtering
[DEBUG] roi_desc = {'type': 'polygon', 'polygon': [(329.0, 318.0), (351.0, 301.0), (373.0, 280.0), (395.0, 264.0), (410.0, 237.0), (399.0, 194.0), (357.0, 161.0), (310.0, 167.0), (271.0, 175.0), (237.0, 188.0), (221.0, 208.0), (219.0, 222.0), (219.0, 239.0), (234.0, 245.0), (249.0, 255.0), (260.0, 269.0), (286.0, 288.0), (303.0, 300.0), (314.0, 310.0), (321.0, 313.0)]}
[DEBUG] mask nonzero = 250
[DEBUG] found 3 raw contours
[DEBUG] kept 3 candidates after filtering
[DEBUG] roi_desc = {'type': 'polygon', 'polygon': [(329.0, 318.0), (351.0, 301.0), (373.0, 280.0), (395.0, 264.0), (410.0, 237.0), (399.0, 194.0), (357.0, 161.0), (310.0, 167.0), (271.0, 175.0), (237.0, 188.0), (221.0, 208.0), (219.0, 222.0), (219.0, 239.0), (234.0, 245.0), (249.0, 255.0), (260.0, 269.0), (286.0, 288.0), (303.0, 300.0), (314.0, 310.0), (321.0, 313.0)]}
[DEBUG] mask nonzero = 244
[DEBUG] found 3 raw contours
[DEBUG] kept 3 candidates after filtering
[DEBUG] roi_desc = {'type': 'polygon', 'polygon': [(329.0, 318.0), (351.0, 301.0), (373.0, 280.0), (395.0, 264.0), (410.0, 237.0), (399.0, 194.0), (357.0, 161.0), (310.0, 167.0), (271.0, 175.0), (237.0, 188.0), (221.0, 208.0), (219.0, 222.0), (219.0, 239.0), (234.0, 245.0), (249.0, 255.0), (260.0, 269.0), (286.0, 288.0), (303.0, 300.0), (314.0, 310.0), (321.0, 313.0)]}
[DEBUG] mask nonzero = 243
[DEBUG] found 3 raw contours
[DEBUG] kept 3 candidates after filtering
[DEBUG] roi_desc = {'type': 'polygon', 'polygon': [(329.0, 318.0), (351.0, 301.0), (373.0, 280.0), (395.0, 264.0), (410.0, 237.0), (399.0, 194.0), (357.0, 161.0), (310.0, 167.0), (271.0, 175.0), (237.0, 188.0), (221.0, 208.0), (219.0, 222.0), (219.0, 239.0), (234.0, 245.0), (249.0, 255.0), (260.0, 269.0), (286.0, 288.0), (303.0, 300.0), (314.0, 310.0), (321.0, 313.0)]}
[DEBUG] mask nonzero = 236
[DEBUG] found 3 raw contours
[DEBUG] kept 3 candidates after filtering
[DEBUG] roi_desc = {'type': 'polygon', 'polygon': [(329.0, 318.0), (351.0, 301.0), (373.0, 280.0), (395.0, 264.0), (410.0, 237.0), (399.0, 194.0), (357.0, 161.0), (310.0, 167.0), (271.0, 175.0), (237.0, 188.0), (221.0, 208.0), (219.0, 222.0), (219.0, 239.0), (234.0, 245.0), (249.0, 255.0), (260.0, 269.0), (286.0, 288.0), (303.0, 300.0), (314.0, 310.0), (321.0, 313.0)]}
[DEBUG] mask nonzero = 241
[DEBUG] found 3 raw contours
[DEBUG] kept 3 candidates after filtering
[DEBUG] roi_desc = {'type': 'polygon', 'polygon': [(329.0, 318.0), (351.0, 301.0), (373.0, 280.0), (395.0, 264.0), (410.0, 237.0), (399.0, 194.0), (357.0, 161.0), (310.0, 167.0), (271.0, 175.0), (237.0, 188.0), (221.0, 208.0), (219.0, 222.0), (219.0, 239.0), (234.0, 245.0), (249.0, 255.0), (260.0, 269.0), (286.0, 288.0), (303.0, 300.0), (314.0, 310.0), (321.0, 313.0)]}
[DEBUG] mask nonzero = 228
[DEBUG] found 3 raw contours
[DEBUG] kept 3 candidates after filtering
[DEBUG] roi_desc = {'type': 'polygon', 'polygon': [(329.0, 318.0), (351.0, 301.0), (373.0, 280.0), (395.0, 264.0), (410.0, 237.0), (399.0, 194.0), (357.0, 161.0), (310.0, 167.0), (271.0, 175.0), (237.0, 188.0), (221.0, 208.0), (219.0, 222.0), (219.0, 239.0), (234.0, 245.0), (249.0, 255.0), (260.0, 269.0), (286.0, 288.0), (303.0, 300.0), (314.0, 310.0), (321.0, 313.0)]}
[DEBUG] mask nonzero = 228
[DEBUG] found 3 raw contours
[DEBUG] kept 3 candidates after filtering
[DEBUG] roi_desc = {'type': 'polygon', 'polygon': [(329.0, 318.0), (351.0, 301.0), (373.0, 280.0), (395.0, 264.0), (410.0, 237.0), (399.0, 194.0), (357.0, 161.0), (310.0, 167.0), (271.0, 175.0), (237.0, 188.0), (221.0, 208.0), (219.0, 222.0), (219.0, 239.0), (234.0, 245.0), (249.0, 255.0), (260.0, 269.0), (286.0, 288.0), (303.0, 300.0), (314.0, 310.0), (321.0, 313.0)]}
[DEBUG] mask nonzero = 237
[DEBUG] found 3 raw contours
[DEBUG] kept 3 candidates after filtering
[ 130] i=131/131 |e|=  0.15mm ins=30.0mm
[DEBUG] roi_desc = {'type': 'polygon', 'polygon': [(329.0, 318.0), (351.0, 301.0), (373.0, 280.0), (395.0, 264.0), (410.0, 237.0), (399.0, 194.0), (357.0, 161.0), (310.0, 167.0), (271.0, 175.0), (237.0, 188.0), (221.0, 208.0), (219.0, 222.0), (219.0, 239.0), (234.0, 245.0), (249.0, 255.0), (260.0, 269.0), (286.0, 288.0), (303.0, 300.0), (314.0, 310.0), (321.0, 313.0)]}
[DEBUG] mask nonzero = 234
[DEBUG] found 3 raw contours
[DEBUG] kept 3 candidates after filtering
[DEBUG] roi_desc = {'type': 'polygon', 'polygon': [(329.0, 318.0), (351.0, 301.0), (373.0, 280.0), (395.0, 264.0), (410.0, 237.0), (399.0, 194.0), (357.0, 161.0), (310.0, 167.0), (271.0, 175.0), (237.0, 188.0), (221.0, 208.0), (219.0, 222.0), (219.0, 239.0), (234.0, 245.0), (249.0, 255.0), (260.0, 269.0), (286.0, 288.0), (303.0, 300.0), (314.0, 310.0), (321.0, 313.0)]}
[DEBUG] mask nonzero = 226
[DEBUG] found 3 raw contours
[DEBUG] kept 3 candidates after filtering
[DEBUG] roi_desc = {'type': 'polygon', 'polygon': [(329.0, 318.0), (351.0, 301.0), (373.0, 280.0), (395.0, 264.0), (410.0, 237.0), (399.0, 194.0), (357.0, 161.0), (310.0, 167.0), (271.0, 175.0), (237.0, 188.0), (221.0, 208.0), (219.0, 222.0), (219.0, 239.0), (234.0, 245.0), (249.0, 255.0), (260.0, 269.0), (286.0, 288.0), (303.0, 300.0), (314.0, 310.0), (321.0, 313.0)]}
[DEBUG] mask nonzero = 228
[DEBUG] found 3 raw contours
[DEBUG] kept 3 candidates after filtering
[DEBUG] roi_desc = {'type': 'polygon', 'polygon': [(329.0, 318.0), (351.0, 301.0), (373.0, 280.0), (395.0, 264.0), (410.0, 237.0), (399.0, 194.0), (357.0, 161.0), (310.0, 167.0), (271.0, 175.0), (237.0, 188.0), (221.0, 208.0), (219.0, 222.0), (219.0, 239.0), (234.0, 245.0), (249.0, 255.0), (260.0, 269.0), (286.0, 288.0), (303.0, 300.0), (314.0, 310.0), (321.0, 313.0)]}
[DEBUG] mask nonzero = 227
[DEBUG] found 3 raw contours
[DEBUG] kept 3 candidates after filtering
[DEBUG] roi_desc = {'type': 'polygon', 'polygon': [(329.0, 318.0), (351.0, 301.0), (373.0, 280.0), (395.0, 264.0), (410.0, 237.0), (399.0, 194.0), (357.0, 161.0), (310.0, 167.0), (271.0, 175.0), (237.0, 188.0), (221.0, 208.0), (219.0, 222.0), (219.0, 239.0), (234.0, 245.0), (249.0, 255.0), (260.0, 269.0), (286.0, 288.0), (303.0, 300.0), (314.0, 310.0), (321.0, 313.0)]}
[DEBUG] mask nonzero = 236
[DEBUG] found 3 raw contours
[DEBUG] kept 3 candidates after filtering
[DEBUG] roi_desc = {'type': 'polygon', 'polygon': [(329.0, 318.0), (351.0, 301.0), (373.0, 280.0), (395.0, 264.0), (410.0, 237.0), (399.0, 194.0), (357.0, 161.0), (310.0, 167.0), (271.0, 175.0), (237.0, 188.0), (221.0, 208.0), (219.0, 222.0), (219.0, 239.0), (234.0, 245.0), (249.0, 255.0), (260.0, 269.0), (286.0, 288.0), (303.0, 300.0), (314.0, 310.0), (321.0, 313.0)]}
[DEBUG] mask nonzero = 232
[DEBUG] found 3 raw contours
[DEBUG] kept 3 candidates after filtering
[DEBUG] roi_desc = {'type': 'polygon', 'polygon': [(329.0, 318.0), (351.0, 301.0), (373.0, 280.0), (395.0, 264.0), (410.0, 237.0), (399.0, 194.0), (357.0, 161.0), (310.0, 167.0), (271.0, 175.0), (237.0, 188.0), (221.0, 208.0), (219.0, 222.0), (219.0, 239.0), (234.0, 245.0), (249.0, 255.0), (260.0, 269.0), (286.0, 288.0), (303.0, 300.0), (314.0, 310.0), (321.0, 313.0)]}
[DEBUG] mask nonzero = 231
[DEBUG] found 3 raw contours
[DEBUG] kept 3 candidates after filtering
[DEBUG] roi_desc = {'type': 'polygon', 'polygon': [(329.0, 318.0), (351.0, 301.0), (373.0, 280.0), (395.0, 264.0), (410.0, 237.0), (399.0, 194.0), (357.0, 161.0), (310.0, 167.0), (271.0, 175.0), (237.0, 188.0), (221.0, 208.0), (219.0, 222.0), (219.0, 239.0), (234.0, 245.0), (249.0, 255.0), (260.0, 269.0), (286.0, 288.0), (303.0, 300.0), (314.0, 310.0), (321.0, 313.0)]}
[DEBUG] mask nonzero = 229
[DEBUG] found 3 raw contours
[DEBUG] kept 3 candidates after filtering
[DEBUG] roi_desc = {'type': 'polygon', 'polygon': [(329.0, 318.0), (351.0, 301.0), (373.0, 280.0), (395.0, 264.0), (410.0, 237.0), (399.0, 194.0), (357.0, 161.0), (310.0, 167.0), (271.0, 175.0), (237.0, 188.0), (221.0, 208.0), (219.0, 222.0), (219.0, 239.0), (234.0, 245.0), (249.0, 255.0), (260.0, 269.0), (286.0, 288.0), (303.0, 300.0), (314.0, 310.0), (321.0, 313.0)]}
[DEBUG] mask nonzero = 230
[DEBUG] found 3 raw contours
[DEBUG] kept 3 candidates after filtering
[DEBUG] roi_desc = {'type': 'polygon', 'polygon': [(329.0, 318.0), (351.0, 301.0), (373.0, 280.0), (395.0, 264.0), (410.0, 237.0), (399.0, 194.0), (357.0, 161.0), (310.0, 167.0), (271.0, 175.0), (237.0, 188.0), (221.0, 208.0), (219.0, 222.0), (219.0, 239.0), (234.0, 245.0), (249.0, 255.0), (260.0, 269.0), (286.0, 288.0), (303.0, 300.0), (314.0, 310.0), (321.0, 313.0)]}
[DEBUG] mask nonzero = 234
[DEBUG] found 3 raw contours
[DEBUG] kept 3 candidates after filtering
[ 135] i=131/131 |e|=  0.09mm ins=30.0mm TERM
[DEBUG] roi_desc = {'type': 'polygon', 'polygon': [(329.0, 318.0), (351.0, 301.0), (373.0, 280.0), (395.0, 264.0), (410.0, 237.0), (399.0, 194.0), (357.0, 161.0), (310.0, 167.0), (271.0, 175.0), (237.0, 188.0), (221.0, 208.0), (219.0, 222.0), (219.0, 239.0), (234.0, 245.0), (249.0, 255.0), (260.0, 269.0), (286.0, 288.0), (303.0, 300.0), (314.0, 310.0), (321.0, 313.0)]}
[DEBUG] mask nonzero = 231
[DEBUG] found 3 raw contours
[DEBUG] kept 3 candidates after filtering
[DEBUG] roi_desc = {'type': 'polygon', 'polygon': [(329.0, 318.0), (351.0, 301.0), (373.0, 280.0), (395.0, 264.0), (410.0, 237.0), (399.0, 194.0), (357.0, 161.0), (310.0, 167.0), (271.0, 175.0), (237.0, 188.0), (221.0, 208.0), (219.0, 222.0), (219.0, 239.0), (234.0, 245.0), (249.0, 255.0), (260.0, 269.0), (286.0, 288.0), (303.0, 300.0), (314.0, 310.0), (321.0, 313.0)]}
[DEBUG] mask nonzero = 230
[DEBUG] found 3 raw contours
[DEBUG] kept 3 candidates after filtering
[DEBUG] roi_desc = {'type': 'polygon', 'polygon': [(329.0, 318.0), (351.0, 301.0), (373.0, 280.0), (395.0, 264.0), (410.0, 237.0), (399.0, 194.0), (357.0, 161.0), (310.0, 167.0), (271.0, 175.0), (237.0, 188.0), (221.0, 208.0), (219.0, 222.0), (219.0, 239.0), (234.0, 245.0), (249.0, 255.0), (260.0, 269.0), (286.0, 288.0), (303.0, 300.0), (314.0, 310.0), (321.0, 313.0)]}
[DEBUG] mask nonzero = 229
[DEBUG] found 3 raw contours
[DEBUG] kept 3 candidates after filtering
[DEBUG] roi_desc = {'type': 'polygon', 'polygon': [(329.0, 318.0), (351.0, 301.0), (373.0, 280.0), (395.0, 264.0), (410.0, 237.0), (399.0, 194.0), (357.0, 161.0), (310.0, 167.0), (271.0, 175.0), (237.0, 188.0), (221.0, 208.0), (219.0, 222.0), (219.0, 239.0), (234.0, 245.0), (249.0, 255.0), (260.0, 269.0), (286.0, 288.0), (303.0, 300.0), (314.0, 310.0), (321.0, 313.0)]}
[DEBUG] mask nonzero = 228
[DEBUG] found 3 raw contours
[DEBUG] kept 3 candidates after filtering
[DEBUG] roi_desc = {'type': 'polygon', 'polygon': [(329.0, 318.0), (351.0, 301.0), (373.0, 280.0), (395.0, 264.0), (410.0, 237.0), (399.0, 194.0), (357.0, 161.0), (310.0, 167.0), (271.0, 175.0), (237.0, 188.0), (221.0, 208.0), (219.0, 222.0), (219.0, 239.0), (234.0, 245.0), (249.0, 255.0), (260.0, 269.0), (286.0, 288.0), (303.0, 300.0), (314.0, 310.0), (321.0, 313.0)]}
[DEBUG] mask nonzero = 234
[DEBUG] found 3 raw contours
[DEBUG] kept 3 candidates after filtering
[DEBUG] roi_desc = {'type': 'polygon', 'polygon': [(329.0, 318.0), (351.0, 301.0), (373.0, 280.0), (395.0, 264.0), (410.0, 237.0), (399.0, 194.0), (357.0, 161.0), (310.0, 167.0), (271.0, 175.0), (237.0, 188.0), (221.0, 208.0), (219.0, 222.0), (219.0, 239.0), (234.0, 245.0), (249.0, 255.0), (260.0, 269.0), (286.0, 288.0), (303.0, 300.0), (314.0, 310.0), (321.0, 313.0)]}
[DEBUG] mask nonzero = 231
[DEBUG] found 3 raw contours
[DEBUG] kept 3 candidates after filtering
[DEBUG] roi_desc = {'type': 'polygon', 'polygon': [(329.0, 318.0), (351.0, 301.0), (373.0, 280.0), (395.0, 264.0), (410.0, 237.0), (399.0, 194.0), (357.0, 161.0), (310.0, 167.0), (271.0, 175.0), (237.0, 188.0), (221.0, 208.0), (219.0, 222.0), (219.0, 239.0), (234.0, 245.0), (249.0, 255.0), (260.0, 269.0), (286.0, 288.0), (303.0, 300.0), (314.0, 310.0), (321.0, 313.0)]}
[DEBUG] mask nonzero = 228
[DEBUG] found 3 raw contours
[DEBUG] kept 3 candidates after filtering
[DEBUG] roi_desc = {'type': 'polygon', 'polygon': [(329.0, 318.0), (351.0, 301.0), (373.0, 280.0), (395.0, 264.0), (410.0, 237.0), (399.0, 194.0), (357.0, 161.0), (310.0, 167.0), (271.0, 175.0), (237.0, 188.0), (221.0, 208.0), (219.0, 222.0), (219.0, 239.0), (234.0, 245.0), (249.0, 255.0), (260.0, 269.0), (286.0, 288.0), (303.0, 300.0), (314.0, 310.0), (321.0, 313.0)]}
[DEBUG] mask nonzero = 233
[DEBUG] found 3 raw contours
[DEBUG] kept 3 candidates after filtering
[DEBUG] roi_desc = {'type': 'polygon', 'polygon': [(329.0, 318.0), (351.0, 301.0), (373.0, 280.0), (395.0, 264.0), (410.0, 237.0), (399.0, 194.0), (357.0, 161.0), (310.0, 167.0), (271.0, 175.0), (237.0, 188.0), (221.0, 208.0), (219.0, 222.0), (219.0, 239.0), (234.0, 245.0), (249.0, 255.0), (260.0, 269.0), (286.0, 288.0), (303.0, 300.0), (314.0, 310.0), (321.0, 313.0)]}
[DEBUG] mask nonzero = 235
[DEBUG] found 3 raw contours
[DEBUG] kept 3 candidates after filtering
[ 140] i=131/131 |e|=  0.11mm ins=30.0mm TERM
[DEBUG] roi_desc = {'type': 'polygon', 'polygon': [(329.0, 318.0), (351.0, 301.0), (373.0, 280.0), (395.0, 264.0), (410.0, 237.0), (399.0, 194.0), (357.0, 161.0), (310.0, 167.0), (271.0, 175.0), (237.0, 188.0), (221.0, 208.0), (219.0, 222.0), (219.0, 239.0), (234.0, 245.0), (249.0, 255.0), (260.0, 269.0), (286.0, 288.0), (303.0, 300.0), (314.0, 310.0), (321.0, 313.0)]}
[DEBUG] mask nonzero = 234
[DEBUG] found 3 raw contours
[DEBUG] kept 3 candidates after filtering
[DEBUG] roi_desc = {'type': 'polygon', 'polygon': [(329.0, 318.0), (351.0, 301.0), (373.0, 280.0), (395.0, 264.0), (410.0, 237.0), (399.0, 194.0), (357.0, 161.0), (310.0, 167.0), (271.0, 175.0), (237.0, 188.0), (221.0, 208.0), (219.0, 222.0), (219.0, 239.0), (234.0, 245.0), (249.0, 255.0), (260.0, 269.0), (286.0, 288.0), (303.0, 300.0), (314.0, 310.0), (321.0, 313.0)]}
[DEBUG] mask nonzero = 227
[DEBUG] found 3 raw contours
[DEBUG] kept 3 candidates after filtering
[DEBUG] roi_desc = {'type': 'polygon', 'polygon': [(329.0, 318.0), (351.0, 301.0), (373.0, 280.0), (395.0, 264.0), (410.0, 237.0), (399.0, 194.0), (357.0, 161.0), (310.0, 167.0), (271.0, 175.0), (237.0, 188.0), (221.0, 208.0), (219.0, 222.0), (219.0, 239.0), (234.0, 245.0), (249.0, 255.0), (260.0, 269.0), (286.0, 288.0), (303.0, 300.0), (314.0, 310.0), (321.0, 313.0)]}
[DEBUG] mask nonzero = 228
[DEBUG] found 3 raw contours
[DEBUG] kept 3 candidates after filtering
[DEBUG] roi_desc = {'type': 'polygon', 'polygon': [(329.0, 318.0), (351.0, 301.0), (373.0, 280.0), (395.0, 264.0), (410.0, 237.0), (399.0, 194.0), (357.0, 161.0), (310.0, 167.0), (271.0, 175.0), (237.0, 188.0), (221.0, 208.0), (219.0, 222.0), (219.0, 239.0), (234.0, 245.0), (249.0, 255.0), (260.0, 269.0), (286.0, 288.0), (303.0, 300.0), (314.0, 310.0), (321.0, 313.0)]}
[DEBUG] mask nonzero = 231
[DEBUG] found 3 raw contours
[DEBUG] kept 3 candidates after filtering
[DEBUG] roi_desc = {'type': 'polygon', 'polygon': [(329.0, 318.0), (351.0, 301.0), (373.0, 280.0), (395.0, 264.0), (410.0, 237.0), (399.0, 194.0), (357.0, 161.0), (310.0, 167.0), (271.0, 175.0), (237.0, 188.0), (221.0, 208.0), (219.0, 222.0), (219.0, 239.0), (234.0, 245.0), (249.0, 255.0), (260.0, 269.0), (286.0, 288.0), (303.0, 300.0), (314.0, 310.0), (321.0, 313.0)]}
[DEBUG] mask nonzero = 230
[DEBUG] found 3 raw contours
[DEBUG] kept 3 candidates after filtering
[DEBUG] roi_desc = {'type': 'polygon', 'polygon': [(329.0, 318.0), (351.0, 301.0), (373.0, 280.0), (395.0, 264.0), (410.0, 237.0), (399.0, 194.0), (357.0, 161.0), (310.0, 167.0), (271.0, 175.0), (237.0, 188.0), (221.0, 208.0), (219.0, 222.0), (219.0, 239.0), (234.0, 245.0), (249.0, 255.0), (260.0, 269.0), (286.0, 288.0), (303.0, 300.0), (314.0, 310.0), (321.0, 313.0)]}
[DEBUG] mask nonzero = 234
[DEBUG] found 3 raw contours
[DEBUG] kept 3 candidates after filtering
[DEBUG] roi_desc = {'type': 'polygon', 'polygon': [(329.0, 318.0), (351.0, 301.0), (373.0, 280.0), (395.0, 264.0), (410.0, 237.0), (399.0, 194.0), (357.0, 161.0), (310.0, 167.0), (271.0, 175.0), (237.0, 188.0), (221.0, 208.0), (219.0, 222.0), (219.0, 239.0), (234.0, 245.0), (249.0, 255.0), (260.0, 269.0), (286.0, 288.0), (303.0, 300.0), (314.0, 310.0), (321.0, 313.0)]}
[DEBUG] mask nonzero = 229
[DEBUG] found 3 raw contours
[DEBUG] kept 3 candidates after filtering
[DEBUG] roi_desc = {'type': 'polygon', 'polygon': [(329.0, 318.0), (351.0, 301.0), (373.0, 280.0), (395.0, 264.0), (410.0, 237.0), (399.0, 194.0), (357.0, 161.0), (310.0, 167.0), (271.0, 175.0), (237.0, 188.0), (221.0, 208.0), (219.0, 222.0), (219.0, 239.0), (234.0, 245.0), (249.0, 255.0), (260.0, 269.0), (286.0, 288.0), (303.0, 300.0), (314.0, 310.0), (321.0, 313.0)]}
[DEBUG] mask nonzero = 234
[DEBUG] found 3 raw contours
[DEBUG] kept 3 candidates after filtering
[DEBUG] roi_desc = {'type': 'polygon', 'polygon': [(329.0, 318.0), (351.0, 301.0), (373.0, 280.0), (395.0, 264.0), (410.0, 237.0), (399.0, 194.0), (357.0, 161.0), (310.0, 167.0), (271.0, 175.0), (237.0, 188.0), (221.0, 208.0), (219.0, 222.0), (219.0, 239.0), (234.0, 245.0), (249.0, 255.0), (260.0, 269.0), (286.0, 288.0), (303.0, 300.0), (314.0, 310.0), (321.0, 313.0)]}
[DEBUG] mask nonzero = 228
[DEBUG] found 3 raw contours
[DEBUG] kept 3 candidates after filtering
[ 145] i=131/131 |e|=  0.10mm ins=30.0mm TERM
[DEBUG] roi_desc = {'type': 'polygon', 'polygon': [(329.0, 318.0), (351.0, 301.0), (373.0, 280.0), (395.0, 264.0), (410.0, 237.0), (399.0, 194.0), (357.0, 161.0), (310.0, 167.0), (271.0, 175.0), (237.0, 188.0), (221.0, 208.0), (219.0, 222.0), (219.0, 239.0), (234.0, 245.0), (249.0, 255.0), (260.0, 269.0), (286.0, 288.0), (303.0, 300.0), (314.0, 310.0), (321.0, 313.0)]}
[DEBUG] mask nonzero = 230
[DEBUG] found 3 raw contours
[DEBUG] kept 3 candidates after filtering
[DEBUG] roi_desc = {'type': 'polygon', 'polygon': [(329.0, 318.0), (351.0, 301.0), (373.0, 280.0), (395.0, 264.0), (410.0, 237.0), (399.0, 194.0), (357.0, 161.0), (310.0, 167.0), (271.0, 175.0), (237.0, 188.0), (221.0, 208.0), (219.0, 222.0), (219.0, 239.0), (234.0, 245.0), (249.0, 255.0), (260.0, 269.0), (286.0, 288.0), (303.0, 300.0), (314.0, 310.0), (321.0, 313.0)]}
[DEBUG] mask nonzero = 227
[DEBUG] found 3 raw contours
[DEBUG] kept 3 candidates after filtering
[DEBUG] roi_desc = {'type': 'polygon', 'polygon': [(329.0, 318.0), (351.0, 301.0), (373.0, 280.0), (395.0, 264.0), (410.0, 237.0), (399.0, 194.0), (357.0, 161.0), (310.0, 167.0), (271.0, 175.0), (237.0, 188.0), (221.0, 208.0), (219.0, 222.0), (219.0, 239.0), (234.0, 245.0), (249.0, 255.0), (260.0, 269.0), (286.0, 288.0), (303.0, 300.0), (314.0, 310.0), (321.0, 313.0)]}
[DEBUG] mask nonzero = 231
[DEBUG] found 3 raw contours
[DEBUG] kept 3 candidates after filtering
[DEBUG] roi_desc = {'type': 'polygon', 'polygon': [(329.0, 318.0), (351.0, 301.0), (373.0, 280.0), (395.0, 264.0), (410.0, 237.0), (399.0, 194.0), (357.0, 161.0), (310.0, 167.0), (271.0, 175.0), (237.0, 188.0), (221.0, 208.0), (219.0, 222.0), (219.0, 239.0), (234.0, 245.0), (249.0, 255.0), (260.0, 269.0), (286.0, 288.0), (303.0, 300.0), (314.0, 310.0), (321.0, 313.0)]}
[DEBUG] mask nonzero = 226
[DEBUG] found 3 raw contours
[DEBUG] kept 3 candidates after filtering
[DEBUG] roi_desc = {'type': 'polygon', 'polygon': [(329.0, 318.0), (351.0, 301.0), (373.0, 280.0), (395.0, 264.0), (410.0, 237.0), (399.0, 194.0), (357.0, 161.0), (310.0, 167.0), (271.0, 175.0), (237.0, 188.0), (221.0, 208.0), (219.0, 222.0), (219.0, 239.0), (234.0, 245.0), (249.0, 255.0), (260.0, 269.0), (286.0, 288.0), (303.0, 300.0), (314.0, 310.0), (321.0, 313.0)]}
[DEBUG] mask nonzero = 234
[DEBUG] found 3 raw contours
[DEBUG] kept 3 candidates after filtering
[DEBUG] roi_desc = {'type': 'polygon', 'polygon': [(329.0, 318.0), (351.0, 301.0), (373.0, 280.0), (395.0, 264.0), (410.0, 237.0), (399.0, 194.0), (357.0, 161.0), (310.0, 167.0), (271.0, 175.0), (237.0, 188.0), (221.0, 208.0), (219.0, 222.0), (219.0, 239.0), (234.0, 245.0), (249.0, 255.0), (260.0, 269.0), (286.0, 288.0), (303.0, 300.0), (314.0, 310.0), (321.0, 313.0)]}
[DEBUG] mask nonzero = 227
[DEBUG] found 3 raw contours
[DEBUG] kept 3 candidates after filtering
[DEBUG] roi_desc = {'type': 'polygon', 'polygon': [(329.0, 318.0), (351.0, 301.0), (373.0, 280.0), (395.0, 264.0), (410.0, 237.0), (399.0, 194.0), (357.0, 161.0), (310.0, 167.0), (271.0, 175.0), (237.0, 188.0), (221.0, 208.0), (219.0, 222.0), (219.0, 239.0), (234.0, 245.0), (249.0, 255.0), (260.0, 269.0), (286.0, 288.0), (303.0, 300.0), (314.0, 310.0), (321.0, 313.0)]}
[DEBUG] mask nonzero = 232
[DEBUG] found 3 raw contours
[DEBUG] kept 3 candidates after filtering
[DEBUG] roi_desc = {'type': 'polygon', 'polygon': [(329.0, 318.0), (351.0, 301.0), (373.0, 280.0), (395.0, 264.0), (410.0, 237.0), (399.0, 194.0), (357.0, 161.0), (310.0, 167.0), (271.0, 175.0), (237.0, 188.0), (221.0, 208.0), (219.0, 222.0), (219.0, 239.0), (234.0, 245.0), (249.0, 255.0), (260.0, 269.0), (286.0, 288.0), (303.0, 300.0), (314.0, 310.0), (321.0, 313.0)]}
[DEBUG] mask nonzero = 226
[DEBUG] found 3 raw contours
[DEBUG] kept 3 candidates after filtering
[DEBUG] roi_desc = {'type': 'polygon', 'polygon': [(329.0, 318.0), (351.0, 301.0), (373.0, 280.0), (395.0, 264.0), (410.0, 237.0), (399.0, 194.0), (357.0, 161.0), (310.0, 167.0), (271.0, 175.0), (237.0, 188.0), (221.0, 208.0), (219.0, 222.0), (219.0, 239.0), (234.0, 245.0), (249.0, 255.0), (260.0, 269.0), (286.0, 288.0), (303.0, 300.0), (314.0, 310.0), (321.0, 313.0)]}
[DEBUG] mask nonzero = 229
[DEBUG] found 3 raw contours
[DEBUG] kept 3 candidates after filtering
[ 150] i=131/131 |e|=  0.04mm ins=30.0mm TERM
[DEBUG] roi_desc = {'type': 'polygon', 'polygon': [(329.0, 318.0), (351.0, 301.0), (373.0, 280.0), (395.0, 264.0), (410.0, 237.0), (399.0, 194.0), (357.0, 161.0), (310.0, 167.0), (271.0, 175.0), (237.0, 188.0), (221.0, 208.0), (219.0, 222.0), (219.0, 239.0), (234.0, 245.0), (249.0, 255.0), (260.0, 269.0), (286.0, 288.0), (303.0, 300.0), (314.0, 310.0), (321.0, 313.0)]}
[DEBUG] mask nonzero = 233
[DEBUG] found 3 raw contours
[DEBUG] kept 3 candidates after filtering
[DEBUG] roi_desc = {'type': 'polygon', 'polygon': [(329.0, 318.0), (351.0, 301.0), (373.0, 280.0), (395.0, 264.0), (410.0, 237.0), (399.0, 194.0), (357.0, 161.0), (310.0, 167.0), (271.0, 175.0), (237.0, 188.0), (221.0, 208.0), (219.0, 222.0), (219.0, 239.0), (234.0, 245.0), (249.0, 255.0), (260.0, 269.0), (286.0, 288.0), (303.0, 300.0), (314.0, 310.0), (321.0, 313.0)]}
[DEBUG] mask nonzero = 234
[DEBUG] found 3 raw contours
[DEBUG] kept 3 candidates after filtering
[DEBUG] roi_desc = {'type': 'polygon', 'polygon': [(329.0, 318.0), (351.0, 301.0), (373.0, 280.0), (395.0, 264.0), (410.0, 237.0), (399.0, 194.0), (357.0, 161.0), (310.0, 167.0), (271.0, 175.0), (237.0, 188.0), (221.0, 208.0), (219.0, 222.0), (219.0, 239.0), (234.0, 245.0), (249.0, 255.0), (260.0, 269.0), (286.0, 288.0), (303.0, 300.0), (314.0, 310.0), (321.0, 313.0)]}
[DEBUG] mask nonzero = 229
[DEBUG] found 3 raw contours
[DEBUG] kept 3 candidates after filtering
[DEBUG] roi_desc = {'type': 'polygon', 'polygon': [(329.0, 318.0), (351.0, 301.0), (373.0, 280.0), (395.0, 264.0), (410.0, 237.0), (399.0, 194.0), (357.0, 161.0), (310.0, 167.0), (271.0, 175.0), (237.0, 188.0), (221.0, 208.0), (219.0, 222.0), (219.0, 239.0), (234.0, 245.0), (249.0, 255.0), (260.0, 269.0), (286.0, 288.0), (303.0, 300.0), (314.0, 310.0), (321.0, 313.0)]}
[DEBUG] mask nonzero = 227
[DEBUG] found 3 raw contours
[DEBUG] kept 3 candidates after filtering
[DEBUG] roi_desc = {'type': 'polygon', 'polygon': [(329.0, 318.0), (351.0, 301.0), (373.0, 280.0), (395.0, 264.0), (410.0, 237.0), (399.0, 194.0), (357.0, 161.0), (310.0, 167.0), (271.0, 175.0), (237.0, 188.0), (221.0, 208.0), (219.0, 222.0), (219.0, 239.0), (234.0, 245.0), (249.0, 255.0), (260.0, 269.0), (286.0, 288.0), (303.0, 300.0), (314.0, 310.0), (321.0, 313.0)]}
[DEBUG] mask nonzero = 233
[DEBUG] found 3 raw contours
[DEBUG] kept 3 candidates after filtering
[DEBUG] roi_desc = {'type': 'polygon', 'polygon': [(329.0, 318.0), (351.0, 301.0), (373.0, 280.0), (395.0, 264.0), (410.0, 237.0), (399.0, 194.0), (357.0, 161.0), (310.0, 167.0), (271.0, 175.0), (237.0, 188.0), (221.0, 208.0), (219.0, 222.0), (219.0, 239.0), (234.0, 245.0), (249.0, 255.0), (260.0, 269.0), (286.0, 288.0), (303.0, 300.0), (314.0, 310.0), (321.0, 313.0)]}
[DEBUG] mask nonzero = 230
[DEBUG] found 3 raw contours
[DEBUG] kept 3 candidates after filtering
[DEBUG] roi_desc = {'type': 'polygon', 'polygon': [(329.0, 318.0), (351.0, 301.0), (373.0, 280.0), (395.0, 264.0), (410.0, 237.0), (399.0, 194.0), (357.0, 161.0), (310.0, 167.0), (271.0, 175.0), (237.0, 188.0), (221.0, 208.0), (219.0, 222.0), (219.0, 239.0), (234.0, 245.0), (249.0, 255.0), (260.0, 269.0), (286.0, 288.0), (303.0, 300.0), (314.0, 310.0), (321.0, 313.0)]}
[DEBUG] mask nonzero = 228
[DEBUG] found 3 raw contours
[DEBUG] kept 3 candidates after filtering
[DEBUG] roi_desc = {'type': 'polygon', 'polygon': [(329.0, 318.0), (351.0, 301.0), (373.0, 280.0), (395.0, 264.0), (410.0, 237.0), (399.0, 194.0), (357.0, 161.0), (310.0, 167.0), (271.0, 175.0), (237.0, 188.0), (221.0, 208.0), (219.0, 222.0), (219.0, 239.0), (234.0, 245.0), (249.0, 255.0), (260.0, 269.0), (286.0, 288.0), (303.0, 300.0), (314.0, 310.0), (321.0, 313.0)]}
[DEBUG] mask nonzero = 224
[DEBUG] found 3 raw contours
[DEBUG] kept 3 candidates after filtering
[DEBUG] roi_desc = {'type': 'polygon', 'polygon': [(329.0, 318.0), (351.0, 301.0), (373.0, 280.0), (395.0, 264.0), (410.0, 237.0), (399.0, 194.0), (357.0, 161.0), (310.0, 167.0), (271.0, 175.0), (237.0, 188.0), (221.0, 208.0), (219.0, 222.0), (219.0, 239.0), (234.0, 245.0), (249.0, 255.0), (260.0, 269.0), (286.0, 288.0), (303.0, 300.0), (314.0, 310.0), (321.0, 313.0)]}
[DEBUG] mask nonzero = 233
[DEBUG] found 3 raw contours
[DEBUG] kept 3 candidates after filtering
[ 155] i=131/131 |e|=  0.09mm ins=30.0mm TERM
[DEBUG] roi_desc = {'type': 'polygon', 'polygon': [(329.0, 318.0), (351.0, 301.0), (373.0, 280.0), (395.0, 264.0), (410.0, 237.0), (399.0, 194.0), (357.0, 161.0), (310.0, 167.0), (271.0, 175.0), (237.0, 188.0), (221.0, 208.0), (219.0, 222.0), (219.0, 239.0), (234.0, 245.0), (249.0, 255.0), (260.0, 269.0), (286.0, 288.0), (303.0, 300.0), (314.0, 310.0), (321.0, 313.0)]}
[DEBUG] mask nonzero = 227
[DEBUG] found 3 raw contours
[DEBUG] kept 3 candidates after filtering
[DEBUG] roi_desc = {'type': 'polygon', 'polygon': [(329.0, 318.0), (351.0, 301.0), (373.0, 280.0), (395.0, 264.0), (410.0, 237.0), (399.0, 194.0), (357.0, 161.0), (310.0, 167.0), (271.0, 175.0), (237.0, 188.0), (221.0, 208.0), (219.0, 222.0), (219.0, 239.0), (234.0, 245.0), (249.0, 255.0), (260.0, 269.0), (286.0, 288.0), (303.0, 300.0), (314.0, 310.0), (321.0, 313.0)]}
[DEBUG] mask nonzero = 232
[DEBUG] found 3 raw contours
[DEBUG] kept 3 candidates after filtering
[DEBUG] roi_desc = {'type': 'polygon', 'polygon': [(329.0, 318.0), (351.0, 301.0), (373.0, 280.0), (395.0, 264.0), (410.0, 237.0), (399.0, 194.0), (357.0, 161.0), (310.0, 167.0), (271.0, 175.0), (237.0, 188.0), (221.0, 208.0), (219.0, 222.0), (219.0, 239.0), (234.0, 245.0), (249.0, 255.0), (260.0, 269.0), (286.0, 288.0), (303.0, 300.0), (314.0, 310.0), (321.0, 313.0)]}
[DEBUG] mask nonzero = 230
[DEBUG] found 3 raw contours
[DEBUG] kept 3 candidates after filtering
[DEBUG] roi_desc = {'type': 'polygon', 'polygon': [(329.0, 318.0), (351.0, 301.0), (373.0, 280.0), (395.0, 264.0), (410.0, 237.0), (399.0, 194.0), (357.0, 161.0), (310.0, 167.0), (271.0, 175.0), (237.0, 188.0), (221.0, 208.0), (219.0, 222.0), (219.0, 239.0), (234.0, 245.0), (249.0, 255.0), (260.0, 269.0), (286.0, 288.0), (303.0, 300.0), (314.0, 310.0), (321.0, 313.0)]}
[DEBUG] mask nonzero = 227
[DEBUG] found 3 raw contours
[DEBUG] kept 3 candidates after filtering
[DEBUG] roi_desc = {'type': 'polygon', 'polygon': [(329.0, 318.0), (351.0, 301.0), (373.0, 280.0), (395.0, 264.0), (410.0, 237.0), (399.0, 194.0), (357.0, 161.0), (310.0, 167.0), (271.0, 175.0), (237.0, 188.0), (221.0, 208.0), (219.0, 222.0), (219.0, 239.0), (234.0, 245.0), (249.0, 255.0), (260.0, 269.0), (286.0, 288.0), (303.0, 300.0), (314.0, 310.0), (321.0, 313.0)]}
[DEBUG] mask nonzero = 227
[DEBUG] found 3 raw contours
[DEBUG] kept 3 candidates after filtering
[DEBUG] roi_desc = {'type': 'polygon', 'polygon': [(329.0, 318.0), (351.0, 301.0), (373.0, 280.0), (395.0, 264.0), (410.0, 237.0), (399.0, 194.0), (357.0, 161.0), (310.0, 167.0), (271.0, 175.0), (237.0, 188.0), (221.0, 208.0), (219.0, 222.0), (219.0, 239.0), (234.0, 245.0), (249.0, 255.0), (260.0, 269.0), (286.0, 288.0), (303.0, 300.0), (314.0, 310.0), (321.0, 313.0)]}
[DEBUG] mask nonzero = 228
[DEBUG] found 3 raw contours
[DEBUG] kept 3 candidates after filtering
[DEBUG] roi_desc = {'type': 'polygon', 'polygon': [(329.0, 318.0), (351.0, 301.0), (373.0, 280.0), (395.0, 264.0), (410.0, 237.0), (399.0, 194.0), (357.0, 161.0), (310.0, 167.0), (271.0, 175.0), (237.0, 188.0), (221.0, 208.0), (219.0, 222.0), (219.0, 239.0), (234.0, 245.0), (249.0, 255.0), (260.0, 269.0), (286.0, 288.0), (303.0, 300.0), (314.0, 310.0), (321.0, 313.0)]}
[DEBUG] mask nonzero = 233
[DEBUG] found 3 raw contours
[DEBUG] kept 3 candidates after filtering
[DEBUG] roi_desc = {'type': 'polygon', 'polygon': [(329.0, 318.0), (351.0, 301.0), (373.0, 280.0), (395.0, 264.0), (410.0, 237.0), (399.0, 194.0), (357.0, 161.0), (310.0, 167.0), (271.0, 175.0), (237.0, 188.0), (221.0, 208.0), (219.0, 222.0), (219.0, 239.0), (234.0, 245.0), (249.0, 255.0), (260.0, 269.0), (286.0, 288.0), (303.0, 300.0), (314.0, 310.0), (321.0, 313.0)]}
[DEBUG] mask nonzero = 230
[DEBUG] found 3 raw contours
[DEBUG] kept 3 candidates after filtering
[DEBUG] roi_desc = {'type': 'polygon', 'polygon': [(329.0, 318.0), (351.0, 301.0), (373.0, 280.0), (395.0, 264.0), (410.0, 237.0), (399.0, 194.0), (357.0, 161.0), (310.0, 167.0), (271.0, 175.0), (237.0, 188.0), (221.0, 208.0), (219.0, 222.0), (219.0, 239.0), (234.0, 245.0), (249.0, 255.0), (260.0, 269.0), (286.0, 288.0), (303.0, 300.0), (314.0, 310.0), (321.0, 313.0)]}
[DEBUG] mask nonzero = 230
[DEBUG] found 3 raw contours
[DEBUG] kept 3 candidates after filtering
[DEBUG] roi_desc = {'type': 'polygon', 'polygon': [(329.0, 318.0), (351.0, 301.0), (373.0, 280.0), (395.0, 264.0), (410.0, 237.0), (399.0, 194.0), (357.0, 161.0), (310.0, 167.0), (271.0, 175.0), (237.0, 188.0), (221.0, 208.0), (219.0, 222.0), (219.0, 239.0), (234.0, 245.0), (249.0, 255.0), (260.0, 269.0), (286.0, 288.0), (303.0, 300.0), (314.0, 310.0), (321.0, 313.0)]}
[DEBUG] mask nonzero = 230
[DEBUG] found 3 raw contours
[DEBUG] kept 3 candidates after filtering
[ 160] i=131/131 |e|=  0.03mm ins=30.0mm TERM
[DEBUG] roi_desc = {'type': 'polygon', 'polygon': [(329.0, 318.0), (351.0, 301.0), (373.0, 280.0), (395.0, 264.0), (410.0, 237.0), (399.0, 194.0), (357.0, 161.0), (310.0, 167.0), (271.0, 175.0), (237.0, 188.0), (221.0, 208.0), (219.0, 222.0), (219.0, 239.0), (234.0, 245.0), (249.0, 255.0), (260.0, 269.0), (286.0, 288.0), (303.0, 300.0), (314.0, 310.0), (321.0, 313.0)]}
[DEBUG] mask nonzero = 228
[DEBUG] found 3 raw contours
[DEBUG] kept 3 candidates after filtering
[DEBUG] roi_desc = {'type': 'polygon', 'polygon': [(329.0, 318.0), (351.0, 301.0), (373.0, 280.0), (395.0, 264.0), (410.0, 237.0), (399.0, 194.0), (357.0, 161.0), (310.0, 167.0), (271.0, 175.0), (237.0, 188.0), (221.0, 208.0), (219.0, 222.0), (219.0, 239.0), (234.0, 245.0), (249.0, 255.0), (260.0, 269.0), (286.0, 288.0), (303.0, 300.0), (314.0, 310.0), (321.0, 313.0)]}
[DEBUG] mask nonzero = 229
[DEBUG] found 3 raw contours
[DEBUG] kept 3 candidates after filtering
[metrics] x1 rep1: rms=1.63 max=3.12 final=0.03 mm (path_complete)

========================================================================
  open loop  x1  rep 2/2
========================================================================
RTDEReceiveInterface boost system Exception: (system:125) Operation canceled
RTDEControlInterface: Could not receive data from robot...
RTDEControlInterface Exception: Operation canceled
Reconnecting...
RTDEControlInterface: Robot is disconnected, reconnecting...
RTDEControlInterface Exception: One of the RTDE input registers are already in use! Currently you must disable the EtherNet/IP adapter, PROFINET or any MODBUS unit configured on the robot. This might change in the future.
[open-loop] 132 samples, plan dt 0.100s -> playback dt 0.100s (x1.00), L0 30.0 mm
[reset] at reference joints (dq=0.0002)
[DEBUG] roi_desc = {'type': 'polygon', 'polygon': [(329.0, 318.0), (351.0, 301.0), (373.0, 280.0), (395.0, 264.0), (410.0, 237.0), (399.0, 194.0), (357.0, 161.0), (310.0, 167.0), (271.0, 175.0), (237.0, 188.0), (221.0, 208.0), (219.0, 222.0), (219.0, 239.0), (234.0, 245.0), (249.0, 255.0), (260.0, 269.0), (286.0, 288.0), (303.0, 300.0), (314.0, 310.0), (321.0, 313.0)]}
[DEBUG] mask nonzero = 247
[DEBUG] found 3 raw contours
[DEBUG] kept 3 candidates after filtering
[DEBUG] roi_desc = {'type': 'polygon', 'polygon': [(329.0, 318.0), (351.0, 301.0), (373.0, 280.0), (395.0, 264.0), (410.0, 237.0), (399.0, 194.0), (357.0, 161.0), (310.0, 167.0), (271.0, 175.0), (237.0, 188.0), (221.0, 208.0), (219.0, 222.0), (219.0, 239.0), (234.0, 245.0), (249.0, 255.0), (260.0, 269.0), (286.0, 288.0), (303.0, 300.0), (314.0, 310.0), (321.0, 313.0)]}
[DEBUG] mask nonzero = 255
[DEBUG] found 3 raw contours
[DEBUG] kept 3 candidates after filtering
[DEBUG] roi_desc = {'type': 'polygon', 'polygon': [(329.0, 318.0), (351.0, 301.0), (373.0, 280.0), (395.0, 264.0), (410.0, 237.0), (399.0, 194.0), (357.0, 161.0), (310.0, 167.0), (271.0, 175.0), (237.0, 188.0), (221.0, 208.0), (219.0, 222.0), (219.0, 239.0), (234.0, 245.0), (249.0, 255.0), (260.0, 269.0), (286.0, 288.0), (303.0, 300.0), (314.0, 310.0), (321.0, 313.0)]}
[DEBUG] mask nonzero = 245
[DEBUG] found 3 raw contours
[DEBUG] kept 3 candidates after filtering
[DEBUG] roi_desc = {'type': 'polygon', 'polygon': [(329.0, 318.0), (351.0, 301.0), (373.0, 280.0), (395.0, 264.0), (410.0, 237.0), (399.0, 194.0), (357.0, 161.0), (310.0, 167.0), (271.0, 175.0), (237.0, 188.0), (221.0, 208.0), (219.0, 222.0), (219.0, 239.0), (234.0, 245.0), (249.0, 255.0), (260.0, 269.0), (286.0, 288.0), (303.0, 300.0), (314.0, 310.0), (321.0, 313.0)]}
[DEBUG] mask nonzero = 242
[DEBUG] found 3 raw contours
[DEBUG] kept 3 candidates after filtering
[DEBUG] roi_desc = {'type': 'polygon', 'polygon': [(329.0, 318.0), (351.0, 301.0), (373.0, 280.0), (395.0, 264.0), (410.0, 237.0), (399.0, 194.0), (357.0, 161.0), (310.0, 167.0), (271.0, 175.0), (237.0, 188.0), (221.0, 208.0), (219.0, 222.0), (219.0, 239.0), (234.0, 245.0), (249.0, 255.0), (260.0, 269.0), (286.0, 288.0), (303.0, 300.0), (314.0, 310.0), (321.0, 313.0)]}
[DEBUG] mask nonzero = 254
[DEBUG] found 3 raw contours
[DEBUG] kept 3 candidates after filtering
[DEBUG] roi_desc = {'type': 'polygon', 'polygon': [(329.0, 318.0), (351.0, 301.0), (373.0, 280.0), (395.0, 264.0), (410.0, 237.0), (399.0, 194.0), (357.0, 161.0), (310.0, 167.0), (271.0, 175.0), (237.0, 188.0), (221.0, 208.0), (219.0, 222.0), (219.0, 239.0), (234.0, 245.0), (249.0, 255.0), (260.0, 269.0), (286.0, 288.0), (303.0, 300.0), (314.0, 310.0), (321.0, 313.0)]}
[DEBUG] mask nonzero = 254
[DEBUG] found 3 raw contours
[DEBUG] kept 3 candidates after filtering
[DEBUG] roi_desc = {'type': 'polygon', 'polygon': [(329.0, 318.0), (351.0, 301.0), (373.0, 280.0), (395.0, 264.0), (410.0, 237.0), (399.0, 194.0), (357.0, 161.0), (310.0, 167.0), (271.0, 175.0), (237.0, 188.0), (221.0, 208.0), (219.0, 222.0), (219.0, 239.0), (234.0, 245.0), (249.0, 255.0), (260.0, 269.0), (286.0, 288.0), (303.0, 300.0), (314.0, 310.0), (321.0, 313.0)]}
[DEBUG] mask nonzero = 254
[DEBUG] found 3 raw contours
[DEBUG] kept 3 candidates after filtering
[DEBUG] roi_desc = {'type': 'polygon', 'polygon': [(329.0, 318.0), (351.0, 301.0), (373.0, 280.0), (395.0, 264.0), (410.0, 237.0), (399.0, 194.0), (357.0, 161.0), (310.0, 167.0), (271.0, 175.0), (237.0, 188.0), (221.0, 208.0), (219.0, 222.0), (219.0, 239.0), (234.0, 245.0), (249.0, 255.0), (260.0, 269.0), (286.0, 288.0), (303.0, 300.0), (314.0, 310.0), (321.0, 313.0)]}
[DEBUG] mask nonzero = 254
[DEBUG] found 3 raw contours
[DEBUG] kept 3 candidates after filtering
[DEBUG] roi_desc = {'type': 'polygon', 'polygon': [(329.0, 318.0), (351.0, 301.0), (373.0, 280.0), (395.0, 264.0), (410.0, 237.0), (399.0, 194.0), (357.0, 161.0), (310.0, 167.0), (271.0, 175.0), (237.0, 188.0), (221.0, 208.0), (219.0, 222.0), (219.0, 239.0), (234.0, 245.0), (249.0, 255.0), (260.0, 269.0), (286.0, 288.0), (303.0, 300.0), (314.0, 310.0), (321.0, 313.0)]}
[DEBUG] mask nonzero = 247
[DEBUG] found 3 raw contours
[DEBUG] kept 3 candidates after filtering
[DEBUG] roi_desc = {'type': 'polygon', 'polygon': [(329.0, 318.0), (351.0, 301.0), (373.0, 280.0), (395.0, 264.0), (410.0, 237.0), (399.0, 194.0), (357.0, 161.0), (310.0, 167.0), (271.0, 175.0), (237.0, 188.0), (221.0, 208.0), (219.0, 222.0), (219.0, 239.0), (234.0, 245.0), (249.0, 255.0), (260.0, 269.0), (286.0, 288.0), (303.0, 300.0), (314.0, 310.0), (321.0, 313.0)]}
[DEBUG] mask nonzero = 242
[DEBUG] found 3 raw contours
[DEBUG] kept 3 candidates after filtering
[DEBUG] roi_desc = {'type': 'polygon', 'polygon': [(329.0, 318.0), (351.0, 301.0), (373.0, 280.0), (395.0, 264.0), (410.0, 237.0), (399.0, 194.0), (357.0, 161.0), (310.0, 167.0), (271.0, 175.0), (237.0, 188.0), (221.0, 208.0), (219.0, 222.0), (219.0, 239.0), (234.0, 245.0), (249.0, 255.0), (260.0, 269.0), (286.0, 288.0), (303.0, 300.0), (314.0, 310.0), (321.0, 313.0)]}
[DEBUG] mask nonzero = 241
[DEBUG] found 3 raw contours
[DEBUG] kept 3 candidates after filtering
[DEBUG] roi_desc = {'type': 'polygon', 'polygon': [(329.0, 318.0), (351.0, 301.0), (373.0, 280.0), (395.0, 264.0), (410.0, 237.0), (399.0, 194.0), (357.0, 161.0), (310.0, 167.0), (271.0, 175.0), (237.0, 188.0), (221.0, 208.0), (219.0, 222.0), (219.0, 239.0), (234.0, 245.0), (249.0, 255.0), (260.0, 269.0), (286.0, 288.0), (303.0, 300.0), (314.0, 310.0), (321.0, 313.0)]}
[DEBUG] mask nonzero = 248
[DEBUG] found 3 raw contours
[DEBUG] kept 3 candidates after filtering
[DEBUG] roi_desc = {'type': 'polygon', 'polygon': [(329.0, 318.0), (351.0, 301.0), (373.0, 280.0), (395.0, 264.0), (410.0, 237.0), (399.0, 194.0), (357.0, 161.0), (310.0, 167.0), (271.0, 175.0), (237.0, 188.0), (221.0, 208.0), (219.0, 222.0), (219.0, 239.0), (234.0, 245.0), (249.0, 255.0), (260.0, 269.0), (286.0, 288.0), (303.0, 300.0), (314.0, 310.0), (321.0, 313.0)]}
[DEBUG] mask nonzero = 252
[DEBUG] found 3 raw contours
[DEBUG] kept 3 candidates after filtering
[DEBUG] roi_desc = {'type': 'polygon', 'polygon': [(329.0, 318.0), (351.0, 301.0), (373.0, 280.0), (395.0, 264.0), (410.0, 237.0), (399.0, 194.0), (357.0, 161.0), (310.0, 167.0), (271.0, 175.0), (237.0, 188.0), (221.0, 208.0), (219.0, 222.0), (219.0, 239.0), (234.0, 245.0), (249.0, 255.0), (260.0, 269.0), (286.0, 288.0), (303.0, 300.0), (314.0, 310.0), (321.0, 313.0)]}
[DEBUG] mask nonzero = 245
[DEBUG] found 3 raw contours
[DEBUG] kept 3 candidates after filtering
[DEBUG] roi_desc = {'type': 'polygon', 'polygon': [(329.0, 318.0), (351.0, 301.0), (373.0, 280.0), (395.0, 264.0), (410.0, 237.0), (399.0, 194.0), (357.0, 161.0), (310.0, 167.0), (271.0, 175.0), (237.0, 188.0), (221.0, 208.0), (219.0, 222.0), (219.0, 239.0), (234.0, 245.0), (249.0, 255.0), (260.0, 269.0), (286.0, 288.0), (303.0, 300.0), (314.0, 310.0), (321.0, 313.0)]}
[DEBUG] mask nonzero = 253
[DEBUG] found 3 raw contours
[DEBUG] kept 3 candidates after filtering
[DEBUG] roi_desc = {'type': 'polygon', 'polygon': [(329.0, 318.0), (351.0, 301.0), (373.0, 280.0), (395.0, 264.0), (410.0, 237.0), (399.0, 194.0), (357.0, 161.0), (310.0, 167.0), (271.0, 175.0), (237.0, 188.0), (221.0, 208.0), (219.0, 222.0), (219.0, 239.0), (234.0, 245.0), (249.0, 255.0), (260.0, 269.0), (286.0, 288.0), (303.0, 300.0), (314.0, 310.0), (321.0, 313.0)]}
[DEBUG] mask nonzero = 249
[DEBUG] found 3 raw contours
[DEBUG] kept 3 candidates after filtering
[DEBUG] roi_desc = {'type': 'polygon', 'polygon': [(329.0, 318.0), (351.0, 301.0), (373.0, 280.0), (395.0, 264.0), (410.0, 237.0), (399.0, 194.0), (357.0, 161.0), (310.0, 167.0), (271.0, 175.0), (237.0, 188.0), (221.0, 208.0), (219.0, 222.0), (219.0, 239.0), (234.0, 245.0), (249.0, 255.0), (260.0, 269.0), (286.0, 288.0), (303.0, 300.0), (314.0, 310.0), (321.0, 313.0)]}
[DEBUG] mask nonzero = 246
[DEBUG] found 3 raw contours
[DEBUG] kept 3 candidates after filtering
[DEBUG] roi_desc = {'type': 'polygon', 'polygon': [(329.0, 318.0), (351.0, 301.0), (373.0, 280.0), (395.0, 264.0), (410.0, 237.0), (399.0, 194.0), (357.0, 161.0), (310.0, 167.0), (271.0, 175.0), (237.0, 188.0), (221.0, 208.0), (219.0, 222.0), (219.0, 239.0), (234.0, 245.0), (249.0, 255.0), (260.0, 269.0), (286.0, 288.0), (303.0, 300.0), (314.0, 310.0), (321.0, 313.0)]}
[DEBUG] mask nonzero = 249
[DEBUG] found 3 raw contours
[DEBUG] kept 3 candidates after filtering
[DEBUG] roi_desc = {'type': 'polygon', 'polygon': [(329.0, 318.0), (351.0, 301.0), (373.0, 280.0), (395.0, 264.0), (410.0, 237.0), (399.0, 194.0), (357.0, 161.0), (310.0, 167.0), (271.0, 175.0), (237.0, 188.0), (221.0, 208.0), (219.0, 222.0), (219.0, 239.0), (234.0, 245.0), (249.0, 255.0), (260.0, 269.0), (286.0, 288.0), (303.0, 300.0), (314.0, 310.0), (321.0, 313.0)]}
[DEBUG] mask nonzero = 253
[DEBUG] found 3 raw contours
[DEBUG] kept 3 candidates after filtering
[DEBUG] roi_desc = {'type': 'polygon', 'polygon': [(329.0, 318.0), (351.0, 301.0), (373.0, 280.0), (395.0, 264.0), (410.0, 237.0), (399.0, 194.0), (357.0, 161.0), (310.0, 167.0), (271.0, 175.0), (237.0, 188.0), (221.0, 208.0), (219.0, 222.0), (219.0, 239.0), (234.0, 245.0), (249.0, 255.0), (260.0, 269.0), (286.0, 288.0), (303.0, 300.0), (314.0, 310.0), (321.0, 313.0)]}
[DEBUG] mask nonzero = 251
[DEBUG] found 3 raw contours
[DEBUG] kept 3 candidates after filtering
[DEBUG] roi_desc = {'type': 'polygon', 'polygon': [(329.0, 318.0), (351.0, 301.0), (373.0, 280.0), (395.0, 264.0), (410.0, 237.0), (399.0, 194.0), (357.0, 161.0), (310.0, 167.0), (271.0, 175.0), (237.0, 188.0), (221.0, 208.0), (219.0, 222.0), (219.0, 239.0), (234.0, 245.0), (249.0, 255.0), (260.0, 269.0), (286.0, 288.0), (303.0, 300.0), (314.0, 310.0), (321.0, 313.0)]}
[DEBUG] mask nonzero = 249
[DEBUG] found 3 raw contours
[DEBUG] kept 3 candidates after filtering
[DEBUG] roi_desc = {'type': 'polygon', 'polygon': [(329.0, 318.0), (351.0, 301.0), (373.0, 280.0), (395.0, 264.0), (410.0, 237.0), (399.0, 194.0), (357.0, 161.0), (310.0, 167.0), (271.0, 175.0), (237.0, 188.0), (221.0, 208.0), (219.0, 222.0), (219.0, 239.0), (234.0, 245.0), (249.0, 255.0), (260.0, 269.0), (286.0, 288.0), (303.0, 300.0), (314.0, 310.0), (321.0, 313.0)]}
[DEBUG] mask nonzero = 245
[DEBUG] found 3 raw contours
[DEBUG] kept 3 candidates after filtering
[DEBUG] roi_desc = {'type': 'polygon', 'polygon': [(329.0, 318.0), (351.0, 301.0), (373.0, 280.0), (395.0, 264.0), (410.0, 237.0), (399.0, 194.0), (357.0, 161.0), (310.0, 167.0), (271.0, 175.0), (237.0, 188.0), (221.0, 208.0), (219.0, 222.0), (219.0, 239.0), (234.0, 245.0), (249.0, 255.0), (260.0, 269.0), (286.0, 288.0), (303.0, 300.0), (314.0, 310.0), (321.0, 313.0)]}
[DEBUG] mask nonzero = 249
[DEBUG] found 3 raw contours
[DEBUG] kept 3 candidates after filtering
[DEBUG] roi_desc = {'type': 'polygon', 'polygon': [(329.0, 318.0), (351.0, 301.0), (373.0, 280.0), (395.0, 264.0), (410.0, 237.0), (399.0, 194.0), (357.0, 161.0), (310.0, 167.0), (271.0, 175.0), (237.0, 188.0), (221.0, 208.0), (219.0, 222.0), (219.0, 239.0), (234.0, 245.0), (249.0, 255.0), (260.0, 269.0), (286.0, 288.0), (303.0, 300.0), (314.0, 310.0), (321.0, 313.0)]}
[DEBUG] mask nonzero = 253
[DEBUG] found 3 raw contours
[DEBUG] kept 3 candidates after filtering
[DEBUG] roi_desc = {'type': 'polygon', 'polygon': [(329.0, 318.0), (351.0, 301.0), (373.0, 280.0), (395.0, 264.0), (410.0, 237.0), (399.0, 194.0), (357.0, 161.0), (310.0, 167.0), (271.0, 175.0), (237.0, 188.0), (221.0, 208.0), (219.0, 222.0), (219.0, 239.0), (234.0, 245.0), (249.0, 255.0), (260.0, 269.0), (286.0, 288.0), (303.0, 300.0), (314.0, 310.0), (321.0, 313.0)]}
[DEBUG] mask nonzero = 254
[DEBUG] found 3 raw contours
[DEBUG] kept 3 candidates after filtering
[DEBUG] roi_desc = {'type': 'polygon', 'polygon': [(329.0, 318.0), (351.0, 301.0), (373.0, 280.0), (395.0, 264.0), (410.0, 237.0), (399.0, 194.0), (357.0, 161.0), (310.0, 167.0), (271.0, 175.0), (237.0, 188.0), (221.0, 208.0), (219.0, 222.0), (219.0, 239.0), (234.0, 245.0), (249.0, 255.0), (260.0, 269.0), (286.0, 288.0), (303.0, 300.0), (314.0, 310.0), (321.0, 313.0)]}
[DEBUG] mask nonzero = 245
[DEBUG] found 3 raw contours
[DEBUG] kept 3 candidates after filtering
[DEBUG] roi_desc = {'type': 'polygon', 'polygon': [(329.0, 318.0), (351.0, 301.0), (373.0, 280.0), (395.0, 264.0), (410.0, 237.0), (399.0, 194.0), (357.0, 161.0), (310.0, 167.0), (271.0, 175.0), (237.0, 188.0), (221.0, 208.0), (219.0, 222.0), (219.0, 239.0), (234.0, 245.0), (249.0, 255.0), (260.0, 269.0), (286.0, 288.0), (303.0, 300.0), (314.0, 310.0), (321.0, 313.0)]}
[DEBUG] mask nonzero = 254
[DEBUG] found 3 raw contours
[DEBUG] kept 3 candidates after filtering
[DEBUG] roi_desc = {'type': 'polygon', 'polygon': [(329.0, 318.0), (351.0, 301.0), (373.0, 280.0), (395.0, 264.0), (410.0, 237.0), (399.0, 194.0), (357.0, 161.0), (310.0, 167.0), (271.0, 175.0), (237.0, 188.0), (221.0, 208.0), (219.0, 222.0), (219.0, 239.0), (234.0, 245.0), (249.0, 255.0), (260.0, 269.0), (286.0, 288.0), (303.0, 300.0), (314.0, 310.0), (321.0, 313.0)]}
[DEBUG] mask nonzero = 244
[DEBUG] found 3 raw contours
[DEBUG] kept 3 candidates after filtering
[DEBUG] roi_desc = {'type': 'polygon', 'polygon': [(329.0, 318.0), (351.0, 301.0), (373.0, 280.0), (395.0, 264.0), (410.0, 237.0), (399.0, 194.0), (357.0, 161.0), (310.0, 167.0), (271.0, 175.0), (237.0, 188.0), (221.0, 208.0), (219.0, 222.0), (219.0, 239.0), (234.0, 245.0), (249.0, 255.0), (260.0, 269.0), (286.0, 288.0), (303.0, 300.0), (314.0, 310.0), (321.0, 313.0)]}
[DEBUG] mask nonzero = 253
[DEBUG] found 3 raw contours
[DEBUG] kept 3 candidates after filtering
[DEBUG] roi_desc = {'type': 'polygon', 'polygon': [(329.0, 318.0), (351.0, 301.0), (373.0, 280.0), (395.0, 264.0), (410.0, 237.0), (399.0, 194.0), (357.0, 161.0), (310.0, 167.0), (271.0, 175.0), (237.0, 188.0), (221.0, 208.0), (219.0, 222.0), (219.0, 239.0), (234.0, 245.0), (249.0, 255.0), (260.0, 269.0), (286.0, 288.0), (303.0, 300.0), (314.0, 310.0), (321.0, 313.0)]}
[DEBUG] mask nonzero = 248
[DEBUG] found 3 raw contours
[DEBUG] kept 3 candidates after filtering
[DEBUG] roi_desc = {'type': 'polygon', 'polygon': [(329.0, 318.0), (351.0, 301.0), (373.0, 280.0), (395.0, 264.0), (410.0, 237.0), (399.0, 194.0), (357.0, 161.0), (310.0, 167.0), (271.0, 175.0), (237.0, 188.0), (221.0, 208.0), (219.0, 222.0), (219.0, 239.0), (234.0, 245.0), (249.0, 255.0), (260.0, 269.0), (286.0, 288.0), (303.0, 300.0), (314.0, 310.0), (321.0, 313.0)]}
[DEBUG] mask nonzero = 251
[DEBUG] found 3 raw contours
[DEBUG] kept 3 candidates after filtering
[DEBUG] roi_desc = {'type': 'polygon', 'polygon': [(329.0, 318.0), (351.0, 301.0), (373.0, 280.0), (395.0, 264.0), (410.0, 237.0), (399.0, 194.0), (357.0, 161.0), (310.0, 167.0), (271.0, 175.0), (237.0, 188.0), (221.0, 208.0), (219.0, 222.0), (219.0, 239.0), (234.0, 245.0), (249.0, 255.0), (260.0, 269.0), (286.0, 288.0), (303.0, 300.0), (314.0, 310.0), (321.0, 313.0)]}
[DEBUG] mask nonzero = 249
[DEBUG] found 3 raw contours
[DEBUG] kept 3 candidates after filtering
[DEBUG] roi_desc = {'type': 'polygon', 'polygon': [(329.0, 318.0), (351.0, 301.0), (373.0, 280.0), (395.0, 264.0), (410.0, 237.0), (399.0, 194.0), (357.0, 161.0), (310.0, 167.0), (271.0, 175.0), (237.0, 188.0), (221.0, 208.0), (219.0, 222.0), (219.0, 239.0), (234.0, 245.0), (249.0, 255.0), (260.0, 269.0), (286.0, 288.0), (303.0, 300.0), (314.0, 310.0), (321.0, 313.0)]}
[DEBUG] mask nonzero = 251
[DEBUG] found 3 raw contours
[DEBUG] kept 3 candidates after filtering
[DEBUG] roi_desc = {'type': 'polygon', 'polygon': [(329.0, 318.0), (351.0, 301.0), (373.0, 280.0), (395.0, 264.0), (410.0, 237.0), (399.0, 194.0), (357.0, 161.0), (310.0, 167.0), (271.0, 175.0), (237.0, 188.0), (221.0, 208.0), (219.0, 222.0), (219.0, 239.0), (234.0, 245.0), (249.0, 255.0), (260.0, 269.0), (286.0, 288.0), (303.0, 300.0), (314.0, 310.0), (321.0, 313.0)]}
[DEBUG] mask nonzero = 250
[DEBUG] found 3 raw contours
[DEBUG] kept 3 candidates after filtering
[DEBUG] roi_desc = {'type': 'polygon', 'polygon': [(329.0, 318.0), (351.0, 301.0), (373.0, 280.0), (395.0, 264.0), (410.0, 237.0), (399.0, 194.0), (357.0, 161.0), (310.0, 167.0), (271.0, 175.0), (237.0, 188.0), (221.0, 208.0), (219.0, 222.0), (219.0, 239.0), (234.0, 245.0), (249.0, 255.0), (260.0, 269.0), (286.0, 288.0), (303.0, 300.0), (314.0, 310.0), (321.0, 313.0)]}
[DEBUG] mask nonzero = 249
[DEBUG] found 3 raw contours
[DEBUG] kept 3 candidates after filtering
[DEBUG] roi_desc = {'type': 'polygon', 'polygon': [(329.0, 318.0), (351.0, 301.0), (373.0, 280.0), (395.0, 264.0), (410.0, 237.0), (399.0, 194.0), (357.0, 161.0), (310.0, 167.0), (271.0, 175.0), (237.0, 188.0), (221.0, 208.0), (219.0, 222.0), (219.0, 239.0), (234.0, 245.0), (249.0, 255.0), (260.0, 269.0), (286.0, 288.0), (303.0, 300.0), (314.0, 310.0), (321.0, 313.0)]}
[DEBUG] mask nonzero = 244
[DEBUG] found 3 raw contours
[DEBUG] kept 3 candidates after filtering
[DEBUG] roi_desc = {'type': 'polygon', 'polygon': [(329.0, 318.0), (351.0, 301.0), (373.0, 280.0), (395.0, 264.0), (410.0, 237.0), (399.0, 194.0), (357.0, 161.0), (310.0, 167.0), (271.0, 175.0), (237.0, 188.0), (221.0, 208.0), (219.0, 222.0), (219.0, 239.0), (234.0, 245.0), (249.0, 255.0), (260.0, 269.0), (286.0, 288.0), (303.0, 300.0), (314.0, 310.0), (321.0, 313.0)]}
[DEBUG] mask nonzero = 249
[DEBUG] found 3 raw contours
[DEBUG] kept 3 candidates after filtering
[DEBUG] roi_desc = {'type': 'polygon', 'polygon': [(329.0, 318.0), (351.0, 301.0), (373.0, 280.0), (395.0, 264.0), (410.0, 237.0), (399.0, 194.0), (357.0, 161.0), (310.0, 167.0), (271.0, 175.0), (237.0, 188.0), (221.0, 208.0), (219.0, 222.0), (219.0, 239.0), (234.0, 245.0), (249.0, 255.0), (260.0, 269.0), (286.0, 288.0), (303.0, 300.0), (314.0, 310.0), (321.0, 313.0)]}
[DEBUG] mask nonzero = 244
[DEBUG] found 3 raw contours
[DEBUG] kept 3 candidates after filtering
[DEBUG] roi_desc = {'type': 'polygon', 'polygon': [(329.0, 318.0), (351.0, 301.0), (373.0, 280.0), (395.0, 264.0), (410.0, 237.0), (399.0, 194.0), (357.0, 161.0), (310.0, 167.0), (271.0, 175.0), (237.0, 188.0), (221.0, 208.0), (219.0, 222.0), (219.0, 239.0), (234.0, 245.0), (249.0, 255.0), (260.0, 269.0), (286.0, 288.0), (303.0, 300.0), (314.0, 310.0), (321.0, 313.0)]}
[DEBUG] mask nonzero = 250
[DEBUG] found 3 raw contours
[DEBUG] kept 3 candidates after filtering
[DEBUG] roi_desc = {'type': 'polygon', 'polygon': [(329.0, 318.0), (351.0, 301.0), (373.0, 280.0), (395.0, 264.0), (410.0, 237.0), (399.0, 194.0), (357.0, 161.0), (310.0, 167.0), (271.0, 175.0), (237.0, 188.0), (221.0, 208.0), (219.0, 222.0), (219.0, 239.0), (234.0, 245.0), (249.0, 255.0), (260.0, 269.0), (286.0, 288.0), (303.0, 300.0), (314.0, 310.0), (321.0, 313.0)]}
[DEBUG] mask nonzero = 251
[DEBUG] found 3 raw contours
[DEBUG] kept 3 candidates after filtering
[DEBUG] roi_desc = {'type': 'polygon', 'polygon': [(329.0, 318.0), (351.0, 301.0), (373.0, 280.0), (395.0, 264.0), (410.0, 237.0), (399.0, 194.0), (357.0, 161.0), (310.0, 167.0), (271.0, 175.0), (237.0, 188.0), (221.0, 208.0), (219.0, 222.0), (219.0, 239.0), (234.0, 245.0), (249.0, 255.0), (260.0, 269.0), (286.0, 288.0), (303.0, 300.0), (314.0, 310.0), (321.0, 313.0)]}
[DEBUG] mask nonzero = 253
[DEBUG] found 3 raw contours
[DEBUG] kept 3 candidates after filtering
[DEBUG] roi_desc = {'type': 'polygon', 'polygon': [(329.0, 318.0), (351.0, 301.0), (373.0, 280.0), (395.0, 264.0), (410.0, 237.0), (399.0, 194.0), (357.0, 161.0), (310.0, 167.0), (271.0, 175.0), (237.0, 188.0), (221.0, 208.0), (219.0, 222.0), (219.0, 239.0), (234.0, 245.0), (249.0, 255.0), (260.0, 269.0), (286.0, 288.0), (303.0, 300.0), (314.0, 310.0), (321.0, 313.0)]}
[DEBUG] mask nonzero = 254
[DEBUG] found 3 raw contours
[DEBUG] kept 3 candidates after filtering
[DEBUG] roi_desc = {'type': 'polygon', 'polygon': [(329.0, 318.0), (351.0, 301.0), (373.0, 280.0), (395.0, 264.0), (410.0, 237.0), (399.0, 194.0), (357.0, 161.0), (310.0, 167.0), (271.0, 175.0), (237.0, 188.0), (221.0, 208.0), (219.0, 222.0), (219.0, 239.0), (234.0, 245.0), (249.0, 255.0), (260.0, 269.0), (286.0, 288.0), (303.0, 300.0), (314.0, 310.0), (321.0, 313.0)]}
[DEBUG] mask nonzero = 241
[DEBUG] found 3 raw contours
[DEBUG] kept 3 candidates after filtering
[DEBUG] roi_desc = {'type': 'polygon', 'polygon': [(329.0, 318.0), (351.0, 301.0), (373.0, 280.0), (395.0, 264.0), (410.0, 237.0), (399.0, 194.0), (357.0, 161.0), (310.0, 167.0), (271.0, 175.0), (237.0, 188.0), (221.0, 208.0), (219.0, 222.0), (219.0, 239.0), (234.0, 245.0), (249.0, 255.0), (260.0, 269.0), (286.0, 288.0), (303.0, 300.0), (314.0, 310.0), (321.0, 313.0)]}
[DEBUG] mask nonzero = 253
[DEBUG] found 3 raw contours
[DEBUG] kept 3 candidates after filtering
[DEBUG] roi_desc = {'type': 'polygon', 'polygon': [(329.0, 318.0), (351.0, 301.0), (373.0, 280.0), (395.0, 264.0), (410.0, 237.0), (399.0, 194.0), (357.0, 161.0), (310.0, 167.0), (271.0, 175.0), (237.0, 188.0), (221.0, 208.0), (219.0, 222.0), (219.0, 239.0), (234.0, 245.0), (249.0, 255.0), (260.0, 269.0), (286.0, 288.0), (303.0, 300.0), (314.0, 310.0), (321.0, 313.0)]}
[DEBUG] mask nonzero = 248
[DEBUG] found 3 raw contours
[DEBUG] kept 3 candidates after filtering
[DEBUG] roi_desc = {'type': 'polygon', 'polygon': [(329.0, 318.0), (351.0, 301.0), (373.0, 280.0), (395.0, 264.0), (410.0, 237.0), (399.0, 194.0), (357.0, 161.0), (310.0, 167.0), (271.0, 175.0), (237.0, 188.0), (221.0, 208.0), (219.0, 222.0), (219.0, 239.0), (234.0, 245.0), (249.0, 255.0), (260.0, 269.0), (286.0, 288.0), (303.0, 300.0), (314.0, 310.0), (321.0, 313.0)]}
[DEBUG] mask nonzero = 243
[DEBUG] found 3 raw contours
[DEBUG] kept 3 candidates after filtering
[DEBUG] roi_desc = {'type': 'polygon', 'polygon': [(329.0, 318.0), (351.0, 301.0), (373.0, 280.0), (395.0, 264.0), (410.0, 237.0), (399.0, 194.0), (357.0, 161.0), (310.0, 167.0), (271.0, 175.0), (237.0, 188.0), (221.0, 208.0), (219.0, 222.0), (219.0, 239.0), (234.0, 245.0), (249.0, 255.0), (260.0, 269.0), (286.0, 288.0), (303.0, 300.0), (314.0, 310.0), (321.0, 313.0)]}
[DEBUG] mask nonzero = 242
[DEBUG] found 3 raw contours
[DEBUG] kept 3 candidates after filtering
[DEBUG] roi_desc = {'type': 'polygon', 'polygon': [(329.0, 318.0), (351.0, 301.0), (373.0, 280.0), (395.0, 264.0), (410.0, 237.0), (399.0, 194.0), (357.0, 161.0), (310.0, 167.0), (271.0, 175.0), (237.0, 188.0), (221.0, 208.0), (219.0, 222.0), (219.0, 239.0), (234.0, 245.0), (249.0, 255.0), (260.0, 269.0), (286.0, 288.0), (303.0, 300.0), (314.0, 310.0), (321.0, 313.0)]}
[DEBUG] mask nonzero = 247
[DEBUG] found 3 raw contours
[DEBUG] kept 3 candidates after filtering
[DEBUG] roi_desc = {'type': 'polygon', 'polygon': [(329.0, 318.0), (351.0, 301.0), (373.0, 280.0), (395.0, 264.0), (410.0, 237.0), (399.0, 194.0), (357.0, 161.0), (310.0, 167.0), (271.0, 175.0), (237.0, 188.0), (221.0, 208.0), (219.0, 222.0), (219.0, 239.0), (234.0, 245.0), (249.0, 255.0), (260.0, 269.0), (286.0, 288.0), (303.0, 300.0), (314.0, 310.0), (321.0, 313.0)]}
[DEBUG] mask nonzero = 242
[DEBUG] found 3 raw contours
[DEBUG] kept 3 candidates after filtering
[DEBUG] roi_desc = {'type': 'polygon', 'polygon': [(329.0, 318.0), (351.0, 301.0), (373.0, 280.0), (395.0, 264.0), (410.0, 237.0), (399.0, 194.0), (357.0, 161.0), (310.0, 167.0), (271.0, 175.0), (237.0, 188.0), (221.0, 208.0), (219.0, 222.0), (219.0, 239.0), (234.0, 245.0), (249.0, 255.0), (260.0, 269.0), (286.0, 288.0), (303.0, 300.0), (314.0, 310.0), (321.0, 313.0)]}
[DEBUG] mask nonzero = 255
[DEBUG] found 3 raw contours
[DEBUG] kept 3 candidates after filtering
[DEBUG] roi_desc = {'type': 'polygon', 'polygon': [(329.0, 318.0), (351.0, 301.0), (373.0, 280.0), (395.0, 264.0), (410.0, 237.0), (399.0, 194.0), (357.0, 161.0), (310.0, 167.0), (271.0, 175.0), (237.0, 188.0), (221.0, 208.0), (219.0, 222.0), (219.0, 239.0), (234.0, 245.0), (249.0, 255.0), (260.0, 269.0), (286.0, 288.0), (303.0, 300.0), (314.0, 310.0), (321.0, 313.0)]}
[DEBUG] mask nonzero = 254
[DEBUG] found 3 raw contours
[DEBUG] kept 3 candidates after filtering
[DEBUG] roi_desc = {'type': 'polygon', 'polygon': [(329.0, 318.0), (351.0, 301.0), (373.0, 280.0), (395.0, 264.0), (410.0, 237.0), (399.0, 194.0), (357.0, 161.0), (310.0, 167.0), (271.0, 175.0), (237.0, 188.0), (221.0, 208.0), (219.0, 222.0), (219.0, 239.0), (234.0, 245.0), (249.0, 255.0), (260.0, 269.0), (286.0, 288.0), (303.0, 300.0), (314.0, 310.0), (321.0, 313.0)]}
[DEBUG] mask nonzero = 253
[DEBUG] found 3 raw contours
[DEBUG] kept 3 candidates after filtering
[DEBUG] roi_desc = {'type': 'polygon', 'polygon': [(329.0, 318.0), (351.0, 301.0), (373.0, 280.0), (395.0, 264.0), (410.0, 237.0), (399.0, 194.0), (357.0, 161.0), (310.0, 167.0), (271.0, 175.0), (237.0, 188.0), (221.0, 208.0), (219.0, 222.0), (219.0, 239.0), (234.0, 245.0), (249.0, 255.0), (260.0, 269.0), (286.0, 288.0), (303.0, 300.0), (314.0, 310.0), (321.0, 313.0)]}
[DEBUG] mask nonzero = 253
[DEBUG] found 3 raw contours
[DEBUG] kept 3 candidates after filtering
[DEBUG] roi_desc = {'type': 'polygon', 'polygon': [(329.0, 318.0), (351.0, 301.0), (373.0, 280.0), (395.0, 264.0), (410.0, 237.0), (399.0, 194.0), (357.0, 161.0), (310.0, 167.0), (271.0, 175.0), (237.0, 188.0), (221.0, 208.0), (219.0, 222.0), (219.0, 239.0), (234.0, 245.0), (249.0, 255.0), (260.0, 269.0), (286.0, 288.0), (303.0, 300.0), (314.0, 310.0), (321.0, 313.0)]}
[DEBUG] mask nonzero = 252
[DEBUG] found 3 raw contours
[DEBUG] kept 3 candidates after filtering
[DEBUG] roi_desc = {'type': 'polygon', 'polygon': [(329.0, 318.0), (351.0, 301.0), (373.0, 280.0), (395.0, 264.0), (410.0, 237.0), (399.0, 194.0), (357.0, 161.0), (310.0, 167.0), (271.0, 175.0), (237.0, 188.0), (221.0, 208.0), (219.0, 222.0), (219.0, 239.0), (234.0, 245.0), (249.0, 255.0), (260.0, 269.0), (286.0, 288.0), (303.0, 300.0), (314.0, 310.0), (321.0, 313.0)]}
[DEBUG] mask nonzero = 251
[DEBUG] found 3 raw contours
[DEBUG] kept 3 candidates after filtering
[DEBUG] roi_desc = {'type': 'polygon', 'polygon': [(329.0, 318.0), (351.0, 301.0), (373.0, 280.0), (395.0, 264.0), (410.0, 237.0), (399.0, 194.0), (357.0, 161.0), (310.0, 167.0), (271.0, 175.0), (237.0, 188.0), (221.0, 208.0), (219.0, 222.0), (219.0, 239.0), (234.0, 245.0), (249.0, 255.0), (260.0, 269.0), (286.0, 288.0), (303.0, 300.0), (314.0, 310.0), (321.0, 313.0)]}
[DEBUG] mask nonzero = 248
[DEBUG] found 3 raw contours
[DEBUG] kept 3 candidates after filtering
[DEBUG] roi_desc = {'type': 'polygon', 'polygon': [(329.0, 318.0), (351.0, 301.0), (373.0, 280.0), (395.0, 264.0), (410.0, 237.0), (399.0, 194.0), (357.0, 161.0), (310.0, 167.0), (271.0, 175.0), (237.0, 188.0), (221.0, 208.0), (219.0, 222.0), (219.0, 239.0), (234.0, 245.0), (249.0, 255.0), (260.0, 269.0), (286.0, 288.0), (303.0, 300.0), (314.0, 310.0), (321.0, 313.0)]}
[DEBUG] mask nonzero = 254
[DEBUG] found 3 raw contours
[DEBUG] kept 3 candidates after filtering
[DEBUG] roi_desc = {'type': 'polygon', 'polygon': [(329.0, 318.0), (351.0, 301.0), (373.0, 280.0), (395.0, 264.0), (410.0, 237.0), (399.0, 194.0), (357.0, 161.0), (310.0, 167.0), (271.0, 175.0), (237.0, 188.0), (221.0, 208.0), (219.0, 222.0), (219.0, 239.0), (234.0, 245.0), (249.0, 255.0), (260.0, 269.0), (286.0, 288.0), (303.0, 300.0), (314.0, 310.0), (321.0, 313.0)]}
[DEBUG] mask nonzero = 253
[DEBUG] found 3 raw contours
[DEBUG] kept 3 candidates after filtering
[DEBUG] roi_desc = {'type': 'polygon', 'polygon': [(329.0, 318.0), (351.0, 301.0), (373.0, 280.0), (395.0, 264.0), (410.0, 237.0), (399.0, 194.0), (357.0, 161.0), (310.0, 167.0), (271.0, 175.0), (237.0, 188.0), (221.0, 208.0), (219.0, 222.0), (219.0, 239.0), (234.0, 245.0), (249.0, 255.0), (260.0, 269.0), (286.0, 288.0), (303.0, 300.0), (314.0, 310.0), (321.0, 313.0)]}
[DEBUG] mask nonzero = 245
[DEBUG] found 3 raw contours
[DEBUG] kept 3 candidates after filtering
[DEBUG] roi_desc = {'type': 'polygon', 'polygon': [(329.0, 318.0), (351.0, 301.0), (373.0, 280.0), (395.0, 264.0), (410.0, 237.0), (399.0, 194.0), (357.0, 161.0), (310.0, 167.0), (271.0, 175.0), (237.0, 188.0), (221.0, 208.0), (219.0, 222.0), (219.0, 239.0), (234.0, 245.0), (249.0, 255.0), (260.0, 269.0), (286.0, 288.0), (303.0, 300.0), (314.0, 310.0), (321.0, 313.0)]}
[DEBUG] mask nonzero = 254
[DEBUG] found 3 raw contours
[DEBUG] kept 3 candidates after filtering
[DEBUG] roi_desc = {'type': 'polygon', 'polygon': [(329.0, 318.0), (351.0, 301.0), (373.0, 280.0), (395.0, 264.0), (410.0, 237.0), (399.0, 194.0), (357.0, 161.0), (310.0, 167.0), (271.0, 175.0), (237.0, 188.0), (221.0, 208.0), (219.0, 222.0), (219.0, 239.0), (234.0, 245.0), (249.0, 255.0), (260.0, 269.0), (286.0, 288.0), (303.0, 300.0), (314.0, 310.0), (321.0, 313.0)]}
[DEBUG] mask nonzero = 247
[DEBUG] found 3 raw contours
[DEBUG] kept 3 candidates after filtering
[DEBUG] roi_desc = {'type': 'polygon', 'polygon': [(329.0, 318.0), (351.0, 301.0), (373.0, 280.0), (395.0, 264.0), (410.0, 237.0), (399.0, 194.0), (357.0, 161.0), (310.0, 167.0), (271.0, 175.0), (237.0, 188.0), (221.0, 208.0), (219.0, 222.0), (219.0, 239.0), (234.0, 245.0), (249.0, 255.0), (260.0, 269.0), (286.0, 288.0), (303.0, 300.0), (314.0, 310.0), (321.0, 313.0)]}
[DEBUG] mask nonzero = 246
[DEBUG] found 3 raw contours
[DEBUG] kept 3 candidates after filtering
[DEBUG] roi_desc = {'type': 'polygon', 'polygon': [(329.0, 318.0), (351.0, 301.0), (373.0, 280.0), (395.0, 264.0), (410.0, 237.0), (399.0, 194.0), (357.0, 161.0), (310.0, 167.0), (271.0, 175.0), (237.0, 188.0), (221.0, 208.0), (219.0, 222.0), (219.0, 239.0), (234.0, 245.0), (249.0, 255.0), (260.0, 269.0), (286.0, 288.0), (303.0, 300.0), (314.0, 310.0), (321.0, 313.0)]}
[DEBUG] mask nonzero = 253
[DEBUG] found 3 raw contours
[DEBUG] kept 3 candidates after filtering
[DEBUG] roi_desc = {'type': 'polygon', 'polygon': [(329.0, 318.0), (351.0, 301.0), (373.0, 280.0), (395.0, 264.0), (410.0, 237.0), (399.0, 194.0), (357.0, 161.0), (310.0, 167.0), (271.0, 175.0), (237.0, 188.0), (221.0, 208.0), (219.0, 222.0), (219.0, 239.0), (234.0, 245.0), (249.0, 255.0), (260.0, 269.0), (286.0, 288.0), (303.0, 300.0), (314.0, 310.0), (321.0, 313.0)]}
[DEBUG] mask nonzero = 248
[DEBUG] found 3 raw contours
[DEBUG] kept 3 candidates after filtering
[DEBUG] roi_desc = {'type': 'polygon', 'polygon': [(329.0, 318.0), (351.0, 301.0), (373.0, 280.0), (395.0, 264.0), (410.0, 237.0), (399.0, 194.0), (357.0, 161.0), (310.0, 167.0), (271.0, 175.0), (237.0, 188.0), (221.0, 208.0), (219.0, 222.0), (219.0, 239.0), (234.0, 245.0), (249.0, 255.0), (260.0, 269.0), (286.0, 288.0), (303.0, 300.0), (314.0, 310.0), (321.0, 313.0)]}
[DEBUG] mask nonzero = 242
[DEBUG] found 3 raw contours
[DEBUG] kept 3 candidates after filtering
[DEBUG] roi_desc = {'type': 'polygon', 'polygon': [(329.0, 318.0), (351.0, 301.0), (373.0, 280.0), (395.0, 264.0), (410.0, 237.0), (399.0, 194.0), (357.0, 161.0), (310.0, 167.0), (271.0, 175.0), (237.0, 188.0), (221.0, 208.0), (219.0, 222.0), (219.0, 239.0), (234.0, 245.0), (249.0, 255.0), (260.0, 269.0), (286.0, 288.0), (303.0, 300.0), (314.0, 310.0), (321.0, 313.0)]}
[DEBUG] mask nonzero = 242
[DEBUG] found 3 raw contours
[DEBUG] kept 3 candidates after filtering
[DEBUG] roi_desc = {'type': 'polygon', 'polygon': [(329.0, 318.0), (351.0, 301.0), (373.0, 280.0), (395.0, 264.0), (410.0, 237.0), (399.0, 194.0), (357.0, 161.0), (310.0, 167.0), (271.0, 175.0), (237.0, 188.0), (221.0, 208.0), (219.0, 222.0), (219.0, 239.0), (234.0, 245.0), (249.0, 255.0), (260.0, 269.0), (286.0, 288.0), (303.0, 300.0), (314.0, 310.0), (321.0, 313.0)]}
[DEBUG] mask nonzero = 248
[DEBUG] found 3 raw contours
[DEBUG] kept 3 candidates after filtering
[DEBUG] roi_desc = {'type': 'polygon', 'polygon': [(329.0, 318.0), (351.0, 301.0), (373.0, 280.0), (395.0, 264.0), (410.0, 237.0), (399.0, 194.0), (357.0, 161.0), (310.0, 167.0), (271.0, 175.0), (237.0, 188.0), (221.0, 208.0), (219.0, 222.0), (219.0, 239.0), (234.0, 245.0), (249.0, 255.0), (260.0, 269.0), (286.0, 288.0), (303.0, 300.0), (314.0, 310.0), (321.0, 313.0)]}
[DEBUG] mask nonzero = 248
[DEBUG] found 3 raw contours
[DEBUG] kept 3 candidates after filtering
[DEBUG] roi_desc = {'type': 'polygon', 'polygon': [(329.0, 318.0), (351.0, 301.0), (373.0, 280.0), (395.0, 264.0), (410.0, 237.0), (399.0, 194.0), (357.0, 161.0), (310.0, 167.0), (271.0, 175.0), (237.0, 188.0), (221.0, 208.0), (219.0, 222.0), (219.0, 239.0), (234.0, 245.0), (249.0, 255.0), (260.0, 269.0), (286.0, 288.0), (303.0, 300.0), (314.0, 310.0), (321.0, 313.0)]}
[DEBUG] mask nonzero = 249
[DEBUG] found 3 raw contours
[DEBUG] kept 3 candidates after filtering
[DEBUG] roi_desc = {'type': 'polygon', 'polygon': [(329.0, 318.0), (351.0, 301.0), (373.0, 280.0), (395.0, 264.0), (410.0, 237.0), (399.0, 194.0), (357.0, 161.0), (310.0, 167.0), (271.0, 175.0), (237.0, 188.0), (221.0, 208.0), (219.0, 222.0), (219.0, 239.0), (234.0, 245.0), (249.0, 255.0), (260.0, 269.0), (286.0, 288.0), (303.0, 300.0), (314.0, 310.0), (321.0, 313.0)]}
[DEBUG] mask nonzero = 252
[DEBUG] found 3 raw contours
[DEBUG] kept 3 candidates after filtering
[DEBUG] roi_desc = {'type': 'polygon', 'polygon': [(329.0, 318.0), (351.0, 301.0), (373.0, 280.0), (395.0, 264.0), (410.0, 237.0), (399.0, 194.0), (357.0, 161.0), (310.0, 167.0), (271.0, 175.0), (237.0, 188.0), (221.0, 208.0), (219.0, 222.0), (219.0, 239.0), (234.0, 245.0), (249.0, 255.0), (260.0, 269.0), (286.0, 288.0), (303.0, 300.0), (314.0, 310.0), (321.0, 313.0)]}
[DEBUG] mask nonzero = 253
[DEBUG] found 3 raw contours
[DEBUG] kept 3 candidates after filtering
[DEBUG] roi_desc = {'type': 'polygon', 'polygon': [(329.0, 318.0), (351.0, 301.0), (373.0, 280.0), (395.0, 264.0), (410.0, 237.0), (399.0, 194.0), (357.0, 161.0), (310.0, 167.0), (271.0, 175.0), (237.0, 188.0), (221.0, 208.0), (219.0, 222.0), (219.0, 239.0), (234.0, 245.0), (249.0, 255.0), (260.0, 269.0), (286.0, 288.0), (303.0, 300.0), (314.0, 310.0), (321.0, 313.0)]}
[DEBUG] mask nonzero = 239
[DEBUG] found 3 raw contours
[DEBUG] kept 3 candidates after filtering
[DEBUG] roi_desc = {'type': 'polygon', 'polygon': [(329.0, 318.0), (351.0, 301.0), (373.0, 280.0), (395.0, 264.0), (410.0, 237.0), (399.0, 194.0), (357.0, 161.0), (310.0, 167.0), (271.0, 175.0), (237.0, 188.0), (221.0, 208.0), (219.0, 222.0), (219.0, 239.0), (234.0, 245.0), (249.0, 255.0), (260.0, 269.0), (286.0, 288.0), (303.0, 300.0), (314.0, 310.0), (321.0, 313.0)]}
[DEBUG] mask nonzero = 247
[DEBUG] found 3 raw contours
[DEBUG] kept 3 candidates after filtering
[DEBUG] roi_desc = {'type': 'polygon', 'polygon': [(329.0, 318.0), (351.0, 301.0), (373.0, 280.0), (395.0, 264.0), (410.0, 237.0), (399.0, 194.0), (357.0, 161.0), (310.0, 167.0), (271.0, 175.0), (237.0, 188.0), (221.0, 208.0), (219.0, 222.0), (219.0, 239.0), (234.0, 245.0), (249.0, 255.0), (260.0, 269.0), (286.0, 288.0), (303.0, 300.0), (314.0, 310.0), (321.0, 313.0)]}
[DEBUG] mask nonzero = 248
[DEBUG] found 3 raw contours
[DEBUG] kept 3 candidates after filtering
[DEBUG] roi_desc = {'type': 'polygon', 'polygon': [(329.0, 318.0), (351.0, 301.0), (373.0, 280.0), (395.0, 264.0), (410.0, 237.0), (399.0, 194.0), (357.0, 161.0), (310.0, 167.0), (271.0, 175.0), (237.0, 188.0), (221.0, 208.0), (219.0, 222.0), (219.0, 239.0), (234.0, 245.0), (249.0, 255.0), (260.0, 269.0), (286.0, 288.0), (303.0, 300.0), (314.0, 310.0), (321.0, 313.0)]}
[DEBUG] mask nonzero = 253
[DEBUG] found 3 raw contours
[DEBUG] kept 3 candidates after filtering
[DEBUG] roi_desc = {'type': 'polygon', 'polygon': [(329.0, 318.0), (351.0, 301.0), (373.0, 280.0), (395.0, 264.0), (410.0, 237.0), (399.0, 194.0), (357.0, 161.0), (310.0, 167.0), (271.0, 175.0), (237.0, 188.0), (221.0, 208.0), (219.0, 222.0), (219.0, 239.0), (234.0, 245.0), (249.0, 255.0), (260.0, 269.0), (286.0, 288.0), (303.0, 300.0), (314.0, 310.0), (321.0, 313.0)]}
[DEBUG] mask nonzero = 248
[DEBUG] found 3 raw contours
[DEBUG] kept 3 candidates after filtering
[DEBUG] roi_desc = {'type': 'polygon', 'polygon': [(329.0, 318.0), (351.0, 301.0), (373.0, 280.0), (395.0, 264.0), (410.0, 237.0), (399.0, 194.0), (357.0, 161.0), (310.0, 167.0), (271.0, 175.0), (237.0, 188.0), (221.0, 208.0), (219.0, 222.0), (219.0, 239.0), (234.0, 245.0), (249.0, 255.0), (260.0, 269.0), (286.0, 288.0), (303.0, 300.0), (314.0, 310.0), (321.0, 313.0)]}
[DEBUG] mask nonzero = 242
[DEBUG] found 3 raw contours
[DEBUG] kept 3 candidates after filtering
[DEBUG] roi_desc = {'type': 'polygon', 'polygon': [(329.0, 318.0), (351.0, 301.0), (373.0, 280.0), (395.0, 264.0), (410.0, 237.0), (399.0, 194.0), (357.0, 161.0), (310.0, 167.0), (271.0, 175.0), (237.0, 188.0), (221.0, 208.0), (219.0, 222.0), (219.0, 239.0), (234.0, 245.0), (249.0, 255.0), (260.0, 269.0), (286.0, 288.0), (303.0, 300.0), (314.0, 310.0), (321.0, 313.0)]}
[DEBUG] mask nonzero = 242
[DEBUG] found 3 raw contours
[DEBUG] kept 3 candidates after filtering
[DEBUG] roi_desc = {'type': 'polygon', 'polygon': [(329.0, 318.0), (351.0, 301.0), (373.0, 280.0), (395.0, 264.0), (410.0, 237.0), (399.0, 194.0), (357.0, 161.0), (310.0, 167.0), (271.0, 175.0), (237.0, 188.0), (221.0, 208.0), (219.0, 222.0), (219.0, 239.0), (234.0, 245.0), (249.0, 255.0), (260.0, 269.0), (286.0, 288.0), (303.0, 300.0), (314.0, 310.0), (321.0, 313.0)]}
[DEBUG] mask nonzero = 250
[DEBUG] found 3 raw contours
[DEBUG] kept 3 candidates after filtering
[DEBUG] roi_desc = {'type': 'polygon', 'polygon': [(329.0, 318.0), (351.0, 301.0), (373.0, 280.0), (395.0, 264.0), (410.0, 237.0), (399.0, 194.0), (357.0, 161.0), (310.0, 167.0), (271.0, 175.0), (237.0, 188.0), (221.0, 208.0), (219.0, 222.0), (219.0, 239.0), (234.0, 245.0), (249.0, 255.0), (260.0, 269.0), (286.0, 288.0), (303.0, 300.0), (314.0, 310.0), (321.0, 313.0)]}
[DEBUG] mask nonzero = 256
[DEBUG] found 3 raw contours
[DEBUG] kept 3 candidates after filtering
[DEBUG] roi_desc = {'type': 'polygon', 'polygon': [(329.0, 318.0), (351.0, 301.0), (373.0, 280.0), (395.0, 264.0), (410.0, 237.0), (399.0, 194.0), (357.0, 161.0), (310.0, 167.0), (271.0, 175.0), (237.0, 188.0), (221.0, 208.0), (219.0, 222.0), (219.0, 239.0), (234.0, 245.0), (249.0, 255.0), (260.0, 269.0), (286.0, 288.0), (303.0, 300.0), (314.0, 310.0), (321.0, 313.0)]}
[DEBUG] mask nonzero = 247
[DEBUG] found 3 raw contours
[DEBUG] kept 3 candidates after filtering
[DEBUG] roi_desc = {'type': 'polygon', 'polygon': [(329.0, 318.0), (351.0, 301.0), (373.0, 280.0), (395.0, 264.0), (410.0, 237.0), (399.0, 194.0), (357.0, 161.0), (310.0, 167.0), (271.0, 175.0), (237.0, 188.0), (221.0, 208.0), (219.0, 222.0), (219.0, 239.0), (234.0, 245.0), (249.0, 255.0), (260.0, 269.0), (286.0, 288.0), (303.0, 300.0), (314.0, 310.0), (321.0, 313.0)]}
[DEBUG] mask nonzero = 254
[DEBUG] found 3 raw contours
[DEBUG] kept 3 candidates after filtering
[DEBUG] roi_desc = {'type': 'polygon', 'polygon': [(329.0, 318.0), (351.0, 301.0), (373.0, 280.0), (395.0, 264.0), (410.0, 237.0), (399.0, 194.0), (357.0, 161.0), (310.0, 167.0), (271.0, 175.0), (237.0, 188.0), (221.0, 208.0), (219.0, 222.0), (219.0, 239.0), (234.0, 245.0), (249.0, 255.0), (260.0, 269.0), (286.0, 288.0), (303.0, 300.0), (314.0, 310.0), (321.0, 313.0)]}
[DEBUG] mask nonzero = 246
[DEBUG] found 3 raw contours
[DEBUG] kept 3 candidates after filtering
[DEBUG] roi_desc = {'type': 'polygon', 'polygon': [(329.0, 318.0), (351.0, 301.0), (373.0, 280.0), (395.0, 264.0), (410.0, 237.0), (399.0, 194.0), (357.0, 161.0), (310.0, 167.0), (271.0, 175.0), (237.0, 188.0), (221.0, 208.0), (219.0, 222.0), (219.0, 239.0), (234.0, 245.0), (249.0, 255.0), (260.0, 269.0), (286.0, 288.0), (303.0, 300.0), (314.0, 310.0), (321.0, 313.0)]}
[DEBUG] mask nonzero = 247
[DEBUG] found 3 raw contours
[DEBUG] kept 3 candidates after filtering
[DEBUG] roi_desc = {'type': 'polygon', 'polygon': [(329.0, 318.0), (351.0, 301.0), (373.0, 280.0), (395.0, 264.0), (410.0, 237.0), (399.0, 194.0), (357.0, 161.0), (310.0, 167.0), (271.0, 175.0), (237.0, 188.0), (221.0, 208.0), (219.0, 222.0), (219.0, 239.0), (234.0, 245.0), (249.0, 255.0), (260.0, 269.0), (286.0, 288.0), (303.0, 300.0), (314.0, 310.0), (321.0, 313.0)]}
[DEBUG] mask nonzero = 251
[DEBUG] found 3 raw contours
[DEBUG] kept 3 candidates after filtering
[DEBUG] roi_desc = {'type': 'polygon', 'polygon': [(329.0, 318.0), (351.0, 301.0), (373.0, 280.0), (395.0, 264.0), (410.0, 237.0), (399.0, 194.0), (357.0, 161.0), (310.0, 167.0), (271.0, 175.0), (237.0, 188.0), (221.0, 208.0), (219.0, 222.0), (219.0, 239.0), (234.0, 245.0), (249.0, 255.0), (260.0, 269.0), (286.0, 288.0), (303.0, 300.0), (314.0, 310.0), (321.0, 313.0)]}
[DEBUG] mask nonzero = 251
[DEBUG] found 3 raw contours
[DEBUG] kept 3 candidates after filtering
[DEBUG] roi_desc = {'type': 'polygon', 'polygon': [(329.0, 318.0), (351.0, 301.0), (373.0, 280.0), (395.0, 264.0), (410.0, 237.0), (399.0, 194.0), (357.0, 161.0), (310.0, 167.0), (271.0, 175.0), (237.0, 188.0), (221.0, 208.0), (219.0, 222.0), (219.0, 239.0), (234.0, 245.0), (249.0, 255.0), (260.0, 269.0), (286.0, 288.0), (303.0, 300.0), (314.0, 310.0), (321.0, 313.0)]}
[DEBUG] mask nonzero = 243
[DEBUG] found 3 raw contours
[DEBUG] kept 3 candidates after filtering
[DEBUG] roi_desc = {'type': 'polygon', 'polygon': [(329.0, 318.0), (351.0, 301.0), (373.0, 280.0), (395.0, 264.0), (410.0, 237.0), (399.0, 194.0), (357.0, 161.0), (310.0, 167.0), (271.0, 175.0), (237.0, 188.0), (221.0, 208.0), (219.0, 222.0), (219.0, 239.0), (234.0, 245.0), (249.0, 255.0), (260.0, 269.0), (286.0, 288.0), (303.0, 300.0), (314.0, 310.0), (321.0, 313.0)]}
[DEBUG] mask nonzero = 246
[DEBUG] found 3 raw contours
[DEBUG] kept 3 candidates after filtering
[DEBUG] roi_desc = {'type': 'polygon', 'polygon': [(329.0, 318.0), (351.0, 301.0), (373.0, 280.0), (395.0, 264.0), (410.0, 237.0), (399.0, 194.0), (357.0, 161.0), (310.0, 167.0), (271.0, 175.0), (237.0, 188.0), (221.0, 208.0), (219.0, 222.0), (219.0, 239.0), (234.0, 245.0), (249.0, 255.0), (260.0, 269.0), (286.0, 288.0), (303.0, 300.0), (314.0, 310.0), (321.0, 313.0)]}
[DEBUG] mask nonzero = 253
[DEBUG] found 3 raw contours
[DEBUG] kept 3 candidates after filtering
[DEBUG] roi_desc = {'type': 'polygon', 'polygon': [(329.0, 318.0), (351.0, 301.0), (373.0, 280.0), (395.0, 264.0), (410.0, 237.0), (399.0, 194.0), (357.0, 161.0), (310.0, 167.0), (271.0, 175.0), (237.0, 188.0), (221.0, 208.0), (219.0, 222.0), (219.0, 239.0), (234.0, 245.0), (249.0, 255.0), (260.0, 269.0), (286.0, 288.0), (303.0, 300.0), (314.0, 310.0), (321.0, 313.0)]}
[DEBUG] mask nonzero = 255
[DEBUG] found 3 raw contours
[DEBUG] kept 3 candidates after filtering
[DEBUG] roi_desc = {'type': 'polygon', 'polygon': [(329.0, 318.0), (351.0, 301.0), (373.0, 280.0), (395.0, 264.0), (410.0, 237.0), (399.0, 194.0), (357.0, 161.0), (310.0, 167.0), (271.0, 175.0), (237.0, 188.0), (221.0, 208.0), (219.0, 222.0), (219.0, 239.0), (234.0, 245.0), (249.0, 255.0), (260.0, 269.0), (286.0, 288.0), (303.0, 300.0), (314.0, 310.0), (321.0, 313.0)]}
[DEBUG] mask nonzero = 245
[DEBUG] found 3 raw contours
[DEBUG] kept 3 candidates after filtering
[DEBUG] roi_desc = {'type': 'polygon', 'polygon': [(329.0, 318.0), (351.0, 301.0), (373.0, 280.0), (395.0, 264.0), (410.0, 237.0), (399.0, 194.0), (357.0, 161.0), (310.0, 167.0), (271.0, 175.0), (237.0, 188.0), (221.0, 208.0), (219.0, 222.0), (219.0, 239.0), (234.0, 245.0), (249.0, 255.0), (260.0, 269.0), (286.0, 288.0), (303.0, 300.0), (314.0, 310.0), (321.0, 313.0)]}
[DEBUG] mask nonzero = 255
[DEBUG] found 3 raw contours
[DEBUG] kept 3 candidates after filtering
[DEBUG] roi_desc = {'type': 'polygon', 'polygon': [(329.0, 318.0), (351.0, 301.0), (373.0, 280.0), (395.0, 264.0), (410.0, 237.0), (399.0, 194.0), (357.0, 161.0), (310.0, 167.0), (271.0, 175.0), (237.0, 188.0), (221.0, 208.0), (219.0, 222.0), (219.0, 239.0), (234.0, 245.0), (249.0, 255.0), (260.0, 269.0), (286.0, 288.0), (303.0, 300.0), (314.0, 310.0), (321.0, 313.0)]}
[DEBUG] mask nonzero = 249
[DEBUG] found 3 raw contours
[DEBUG] kept 3 candidates after filtering
[DEBUG] roi_desc = {'type': 'polygon', 'polygon': [(329.0, 318.0), (351.0, 301.0), (373.0, 280.0), (395.0, 264.0), (410.0, 237.0), (399.0, 194.0), (357.0, 161.0), (310.0, 167.0), (271.0, 175.0), (237.0, 188.0), (221.0, 208.0), (219.0, 222.0), (219.0, 239.0), (234.0, 245.0), (249.0, 255.0), (260.0, 269.0), (286.0, 288.0), (303.0, 300.0), (314.0, 310.0), (321.0, 313.0)]}
[DEBUG] mask nonzero = 254
[DEBUG] found 3 raw contours
[DEBUG] kept 3 candidates after filtering
[DEBUG] roi_desc = {'type': 'polygon', 'polygon': [(329.0, 318.0), (351.0, 301.0), (373.0, 280.0), (395.0, 264.0), (410.0, 237.0), (399.0, 194.0), (357.0, 161.0), (310.0, 167.0), (271.0, 175.0), (237.0, 188.0), (221.0, 208.0), (219.0, 222.0), (219.0, 239.0), (234.0, 245.0), (249.0, 255.0), (260.0, 269.0), (286.0, 288.0), (303.0, 300.0), (314.0, 310.0), (321.0, 313.0)]}
[DEBUG] mask nonzero = 255
[DEBUG] found 3 raw contours
[DEBUG] kept 3 candidates after filtering
[DEBUG] roi_desc = {'type': 'polygon', 'polygon': [(329.0, 318.0), (351.0, 301.0), (373.0, 280.0), (395.0, 264.0), (410.0, 237.0), (399.0, 194.0), (357.0, 161.0), (310.0, 167.0), (271.0, 175.0), (237.0, 188.0), (221.0, 208.0), (219.0, 222.0), (219.0, 239.0), (234.0, 245.0), (249.0, 255.0), (260.0, 269.0), (286.0, 288.0), (303.0, 300.0), (314.0, 310.0), (321.0, 313.0)]}
[DEBUG] mask nonzero = 247
[DEBUG] found 3 raw contours
[DEBUG] kept 3 candidates after filtering
[DEBUG] roi_desc = {'type': 'polygon', 'polygon': [(329.0, 318.0), (351.0, 301.0), (373.0, 280.0), (395.0, 264.0), (410.0, 237.0), (399.0, 194.0), (357.0, 161.0), (310.0, 167.0), (271.0, 175.0), (237.0, 188.0), (221.0, 208.0), (219.0, 222.0), (219.0, 239.0), (234.0, 245.0), (249.0, 255.0), (260.0, 269.0), (286.0, 288.0), (303.0, 300.0), (314.0, 310.0), (321.0, 313.0)]}
[DEBUG] mask nonzero = 248
[DEBUG] found 3 raw contours
[DEBUG] kept 3 candidates after filtering
[DEBUG] roi_desc = {'type': 'polygon', 'polygon': [(329.0, 318.0), (351.0, 301.0), (373.0, 280.0), (395.0, 264.0), (410.0, 237.0), (399.0, 194.0), (357.0, 161.0), (310.0, 167.0), (271.0, 175.0), (237.0, 188.0), (221.0, 208.0), (219.0, 222.0), (219.0, 239.0), (234.0, 245.0), (249.0, 255.0), (260.0, 269.0), (286.0, 288.0), (303.0, 300.0), (314.0, 310.0), (321.0, 313.0)]}
[DEBUG] mask nonzero = 245
[DEBUG] found 3 raw contours
[DEBUG] kept 3 candidates after filtering
[DEBUG] roi_desc = {'type': 'polygon', 'polygon': [(329.0, 318.0), (351.0, 301.0), (373.0, 280.0), (395.0, 264.0), (410.0, 237.0), (399.0, 194.0), (357.0, 161.0), (310.0, 167.0), (271.0, 175.0), (237.0, 188.0), (221.0, 208.0), (219.0, 222.0), (219.0, 239.0), (234.0, 245.0), (249.0, 255.0), (260.0, 269.0), (286.0, 288.0), (303.0, 300.0), (314.0, 310.0), (321.0, 313.0)]}
[DEBUG] mask nonzero = 252
[DEBUG] found 3 raw contours
[DEBUG] kept 3 candidates after filtering
[DEBUG] roi_desc = {'type': 'polygon', 'polygon': [(329.0, 318.0), (351.0, 301.0), (373.0, 280.0), (395.0, 264.0), (410.0, 237.0), (399.0, 194.0), (357.0, 161.0), (310.0, 167.0), (271.0, 175.0), (237.0, 188.0), (221.0, 208.0), (219.0, 222.0), (219.0, 239.0), (234.0, 245.0), (249.0, 255.0), (260.0, 269.0), (286.0, 288.0), (303.0, 300.0), (314.0, 310.0), (321.0, 313.0)]}
[DEBUG] mask nonzero = 253
[DEBUG] found 3 raw contours
[DEBUG] kept 3 candidates after filtering
[DEBUG] roi_desc = {'type': 'polygon', 'polygon': [(329.0, 318.0), (351.0, 301.0), (373.0, 280.0), (395.0, 264.0), (410.0, 237.0), (399.0, 194.0), (357.0, 161.0), (310.0, 167.0), (271.0, 175.0), (237.0, 188.0), (221.0, 208.0), (219.0, 222.0), (219.0, 239.0), (234.0, 245.0), (249.0, 255.0), (260.0, 269.0), (286.0, 288.0), (303.0, 300.0), (314.0, 310.0), (321.0, 313.0)]}
[DEBUG] mask nonzero = 256
[DEBUG] found 3 raw contours
[DEBUG] kept 3 candidates after filtering
[DEBUG] roi_desc = {'type': 'polygon', 'polygon': [(329.0, 318.0), (351.0, 301.0), (373.0, 280.0), (395.0, 264.0), (410.0, 237.0), (399.0, 194.0), (357.0, 161.0), (310.0, 167.0), (271.0, 175.0), (237.0, 188.0), (221.0, 208.0), (219.0, 222.0), (219.0, 239.0), (234.0, 245.0), (249.0, 255.0), (260.0, 269.0), (286.0, 288.0), (303.0, 300.0), (314.0, 310.0), (321.0, 313.0)]}
[DEBUG] mask nonzero = 245
[DEBUG] found 3 raw contours
[DEBUG] kept 3 candidates after filtering
[DEBUG] roi_desc = {'type': 'polygon', 'polygon': [(329.0, 318.0), (351.0, 301.0), (373.0, 280.0), (395.0, 264.0), (410.0, 237.0), (399.0, 194.0), (357.0, 161.0), (310.0, 167.0), (271.0, 175.0), (237.0, 188.0), (221.0, 208.0), (219.0, 222.0), (219.0, 239.0), (234.0, 245.0), (249.0, 255.0), (260.0, 269.0), (286.0, 288.0), (303.0, 300.0), (314.0, 310.0), (321.0, 313.0)]}
[DEBUG] mask nonzero = 251
[DEBUG] found 3 raw contours
[DEBUG] kept 3 candidates after filtering
[DEBUG] roi_desc = {'type': 'polygon', 'polygon': [(329.0, 318.0), (351.0, 301.0), (373.0, 280.0), (395.0, 264.0), (410.0, 237.0), (399.0, 194.0), (357.0, 161.0), (310.0, 167.0), (271.0, 175.0), (237.0, 188.0), (221.0, 208.0), (219.0, 222.0), (219.0, 239.0), (234.0, 245.0), (249.0, 255.0), (260.0, 269.0), (286.0, 288.0), (303.0, 300.0), (314.0, 310.0), (321.0, 313.0)]}
[DEBUG] mask nonzero = 257
[DEBUG] found 3 raw contours
[DEBUG] kept 3 candidates after filtering
[DEBUG] roi_desc = {'type': 'polygon', 'polygon': [(329.0, 318.0), (351.0, 301.0), (373.0, 280.0), (395.0, 264.0), (410.0, 237.0), (399.0, 194.0), (357.0, 161.0), (310.0, 167.0), (271.0, 175.0), (237.0, 188.0), (221.0, 208.0), (219.0, 222.0), (219.0, 239.0), (234.0, 245.0), (249.0, 255.0), (260.0, 269.0), (286.0, 288.0), (303.0, 300.0), (314.0, 310.0), (321.0, 313.0)]}
[DEBUG] mask nonzero = 252
[DEBUG] found 3 raw contours
[DEBUG] kept 3 candidates after filtering
[DEBUG] roi_desc = {'type': 'polygon', 'polygon': [(329.0, 318.0), (351.0, 301.0), (373.0, 280.0), (395.0, 264.0), (410.0, 237.0), (399.0, 194.0), (357.0, 161.0), (310.0, 167.0), (271.0, 175.0), (237.0, 188.0), (221.0, 208.0), (219.0, 222.0), (219.0, 239.0), (234.0, 245.0), (249.0, 255.0), (260.0, 269.0), (286.0, 288.0), (303.0, 300.0), (314.0, 310.0), (321.0, 313.0)]}
[DEBUG] mask nonzero = 247
[DEBUG] found 3 raw contours
[DEBUG] kept 3 candidates after filtering
[DEBUG] roi_desc = {'type': 'polygon', 'polygon': [(329.0, 318.0), (351.0, 301.0), (373.0, 280.0), (395.0, 264.0), (410.0, 237.0), (399.0, 194.0), (357.0, 161.0), (310.0, 167.0), (271.0, 175.0), (237.0, 188.0), (221.0, 208.0), (219.0, 222.0), (219.0, 239.0), (234.0, 245.0), (249.0, 255.0), (260.0, 269.0), (286.0, 288.0), (303.0, 300.0), (314.0, 310.0), (321.0, 313.0)]}
[DEBUG] mask nonzero = 245
[DEBUG] found 3 raw contours
[DEBUG] kept 3 candidates after filtering
[DEBUG] roi_desc = {'type': 'polygon', 'polygon': [(329.0, 318.0), (351.0, 301.0), (373.0, 280.0), (395.0, 264.0), (410.0, 237.0), (399.0, 194.0), (357.0, 161.0), (310.0, 167.0), (271.0, 175.0), (237.0, 188.0), (221.0, 208.0), (219.0, 222.0), (219.0, 239.0), (234.0, 245.0), (249.0, 255.0), (260.0, 269.0), (286.0, 288.0), (303.0, 300.0), (314.0, 310.0), (321.0, 313.0)]}
[DEBUG] mask nonzero = 250
[DEBUG] found 3 raw contours
[DEBUG] kept 3 candidates after filtering
[DEBUG] roi_desc = {'type': 'polygon', 'polygon': [(329.0, 318.0), (351.0, 301.0), (373.0, 280.0), (395.0, 264.0), (410.0, 237.0), (399.0, 194.0), (357.0, 161.0), (310.0, 167.0), (271.0, 175.0), (237.0, 188.0), (221.0, 208.0), (219.0, 222.0), (219.0, 239.0), (234.0, 245.0), (249.0, 255.0), (260.0, 269.0), (286.0, 288.0), (303.0, 300.0), (314.0, 310.0), (321.0, 313.0)]}
[DEBUG] mask nonzero = 255
[DEBUG] found 3 raw contours
[DEBUG] kept 3 candidates after filtering
[DEBUG] roi_desc = {'type': 'polygon', 'polygon': [(329.0, 318.0), (351.0, 301.0), (373.0, 280.0), (395.0, 264.0), (410.0, 237.0), (399.0, 194.0), (357.0, 161.0), (310.0, 167.0), (271.0, 175.0), (237.0, 188.0), (221.0, 208.0), (219.0, 222.0), (219.0, 239.0), (234.0, 245.0), (249.0, 255.0), (260.0, 269.0), (286.0, 288.0), (303.0, 300.0), (314.0, 310.0), (321.0, 313.0)]}
[DEBUG] mask nonzero = 251
[DEBUG] found 3 raw contours
[DEBUG] kept 3 candidates after filtering
[DEBUG] roi_desc = {'type': 'polygon', 'polygon': [(329.0, 318.0), (351.0, 301.0), (373.0, 280.0), (395.0, 264.0), (410.0, 237.0), (399.0, 194.0), (357.0, 161.0), (310.0, 167.0), (271.0, 175.0), (237.0, 188.0), (221.0, 208.0), (219.0, 222.0), (219.0, 239.0), (234.0, 245.0), (249.0, 255.0), (260.0, 269.0), (286.0, 288.0), (303.0, 300.0), (314.0, 310.0), (321.0, 313.0)]}
[DEBUG] mask nonzero = 249
[DEBUG] found 3 raw contours
[DEBUG] kept 3 candidates after filtering
[DEBUG] roi_desc = {'type': 'polygon', 'polygon': [(329.0, 318.0), (351.0, 301.0), (373.0, 280.0), (395.0, 264.0), (410.0, 237.0), (399.0, 194.0), (357.0, 161.0), (310.0, 167.0), (271.0, 175.0), (237.0, 188.0), (221.0, 208.0), (219.0, 222.0), (219.0, 239.0), (234.0, 245.0), (249.0, 255.0), (260.0, 269.0), (286.0, 288.0), (303.0, 300.0), (314.0, 310.0), (321.0, 313.0)]}
[DEBUG] mask nonzero = 250
[DEBUG] found 3 raw contours
[DEBUG] kept 3 candidates after filtering
[DEBUG] roi_desc = {'type': 'polygon', 'polygon': [(329.0, 318.0), (351.0, 301.0), (373.0, 280.0), (395.0, 264.0), (410.0, 237.0), (399.0, 194.0), (357.0, 161.0), (310.0, 167.0), (271.0, 175.0), (237.0, 188.0), (221.0, 208.0), (219.0, 222.0), (219.0, 239.0), (234.0, 245.0), (249.0, 255.0), (260.0, 269.0), (286.0, 288.0), (303.0, 300.0), (314.0, 310.0), (321.0, 313.0)]}
[DEBUG] mask nonzero = 243
[DEBUG] found 3 raw contours
[DEBUG] kept 3 candidates after filtering
[DEBUG] roi_desc = {'type': 'polygon', 'polygon': [(329.0, 318.0), (351.0, 301.0), (373.0, 280.0), (395.0, 264.0), (410.0, 237.0), (399.0, 194.0), (357.0, 161.0), (310.0, 167.0), (271.0, 175.0), (237.0, 188.0), (221.0, 208.0), (219.0, 222.0), (219.0, 239.0), (234.0, 245.0), (249.0, 255.0), (260.0, 269.0), (286.0, 288.0), (303.0, 300.0), (314.0, 310.0), (321.0, 313.0)]}
[DEBUG] mask nonzero = 244
[DEBUG] found 3 raw contours
[DEBUG] kept 3 candidates after filtering
[DEBUG] roi_desc = {'type': 'polygon', 'polygon': [(329.0, 318.0), (351.0, 301.0), (373.0, 280.0), (395.0, 264.0), (410.0, 237.0), (399.0, 194.0), (357.0, 161.0), (310.0, 167.0), (271.0, 175.0), (237.0, 188.0), (221.0, 208.0), (219.0, 222.0), (219.0, 239.0), (234.0, 245.0), (249.0, 255.0), (260.0, 269.0), (286.0, 288.0), (303.0, 300.0), (314.0, 310.0), (321.0, 313.0)]}
[DEBUG] mask nonzero = 249
[DEBUG] found 3 raw contours
[DEBUG] kept 3 candidates after filtering
[DEBUG] roi_desc = {'type': 'polygon', 'polygon': [(329.0, 318.0), (351.0, 301.0), (373.0, 280.0), (395.0, 264.0), (410.0, 237.0), (399.0, 194.0), (357.0, 161.0), (310.0, 167.0), (271.0, 175.0), (237.0, 188.0), (221.0, 208.0), (219.0, 222.0), (219.0, 239.0), (234.0, 245.0), (249.0, 255.0), (260.0, 269.0), (286.0, 288.0), (303.0, 300.0), (314.0, 310.0), (321.0, 313.0)]}
[DEBUG] mask nonzero = 255
[DEBUG] found 3 raw contours
[DEBUG] kept 3 candidates after filtering
[DEBUG] roi_desc = {'type': 'polygon', 'polygon': [(329.0, 318.0), (351.0, 301.0), (373.0, 280.0), (395.0, 264.0), (410.0, 237.0), (399.0, 194.0), (357.0, 161.0), (310.0, 167.0), (271.0, 175.0), (237.0, 188.0), (221.0, 208.0), (219.0, 222.0), (219.0, 239.0), (234.0, 245.0), (249.0, 255.0), (260.0, 269.0), (286.0, 288.0), (303.0, 300.0), (314.0, 310.0), (321.0, 313.0)]}
[DEBUG] mask nonzero = 255
[DEBUG] found 3 raw contours
[DEBUG] kept 3 candidates after filtering
[DEBUG] roi_desc = {'type': 'polygon', 'polygon': [(329.0, 318.0), (351.0, 301.0), (373.0, 280.0), (395.0, 264.0), (410.0, 237.0), (399.0, 194.0), (357.0, 161.0), (310.0, 167.0), (271.0, 175.0), (237.0, 188.0), (221.0, 208.0), (219.0, 222.0), (219.0, 239.0), (234.0, 245.0), (249.0, 255.0), (260.0, 269.0), (286.0, 288.0), (303.0, 300.0), (314.0, 310.0), (321.0, 313.0)]}
[DEBUG] mask nonzero = 249
[DEBUG] found 3 raw contours
[DEBUG] kept 3 candidates after filtering
[DEBUG] roi_desc = {'type': 'polygon', 'polygon': [(329.0, 318.0), (351.0, 301.0), (373.0, 280.0), (395.0, 264.0), (410.0, 237.0), (399.0, 194.0), (357.0, 161.0), (310.0, 167.0), (271.0, 175.0), (237.0, 188.0), (221.0, 208.0), (219.0, 222.0), (219.0, 239.0), (234.0, 245.0), (249.0, 255.0), (260.0, 269.0), (286.0, 288.0), (303.0, 300.0), (314.0, 310.0), (321.0, 313.0)]}
[DEBUG] mask nonzero = 244
[DEBUG] found 3 raw contours
[DEBUG] kept 3 candidates after filtering
[DEBUG] roi_desc = {'type': 'polygon', 'polygon': [(329.0, 318.0), (351.0, 301.0), (373.0, 280.0), (395.0, 264.0), (410.0, 237.0), (399.0, 194.0), (357.0, 161.0), (310.0, 167.0), (271.0, 175.0), (237.0, 188.0), (221.0, 208.0), (219.0, 222.0), (219.0, 239.0), (234.0, 245.0), (249.0, 255.0), (260.0, 269.0), (286.0, 288.0), (303.0, 300.0), (314.0, 310.0), (321.0, 313.0)]}
[DEBUG] mask nonzero = 253
[DEBUG] found 3 raw contours
[DEBUG] kept 3 candidates after filtering
[DEBUG] roi_desc = {'type': 'polygon', 'polygon': [(329.0, 318.0), (351.0, 301.0), (373.0, 280.0), (395.0, 264.0), (410.0, 237.0), (399.0, 194.0), (357.0, 161.0), (310.0, 167.0), (271.0, 175.0), (237.0, 188.0), (221.0, 208.0), (219.0, 222.0), (219.0, 239.0), (234.0, 245.0), (249.0, 255.0), (260.0, 269.0), (286.0, 288.0), (303.0, 300.0), (314.0, 310.0), (321.0, 313.0)]}
[DEBUG] mask nonzero = 247
[DEBUG] found 3 raw contours
[DEBUG] kept 3 candidates after filtering
[DEBUG] roi_desc = {'type': 'polygon', 'polygon': [(329.0, 318.0), (351.0, 301.0), (373.0, 280.0), (395.0, 264.0), (410.0, 237.0), (399.0, 194.0), (357.0, 161.0), (310.0, 167.0), (271.0, 175.0), (237.0, 188.0), (221.0, 208.0), (219.0, 222.0), (219.0, 239.0), (234.0, 245.0), (249.0, 255.0), (260.0, 269.0), (286.0, 288.0), (303.0, 300.0), (314.0, 310.0), (321.0, 313.0)]}
[DEBUG] mask nonzero = 242
[DEBUG] found 3 raw contours
[DEBUG] kept 3 candidates after filtering
[DEBUG] roi_desc = {'type': 'polygon', 'polygon': [(329.0, 318.0), (351.0, 301.0), (373.0, 280.0), (395.0, 264.0), (410.0, 237.0), (399.0, 194.0), (357.0, 161.0), (310.0, 167.0), (271.0, 175.0), (237.0, 188.0), (221.0, 208.0), (219.0, 222.0), (219.0, 239.0), (234.0, 245.0), (249.0, 255.0), (260.0, 269.0), (286.0, 288.0), (303.0, 300.0), (314.0, 310.0), (321.0, 313.0)]}
[DEBUG] mask nonzero = 247
[DEBUG] found 3 raw contours
[DEBUG] kept 3 candidates after filtering
[DEBUG] roi_desc = {'type': 'polygon', 'polygon': [(329.0, 318.0), (351.0, 301.0), (373.0, 280.0), (395.0, 264.0), (410.0, 237.0), (399.0, 194.0), (357.0, 161.0), (310.0, 167.0), (271.0, 175.0), (237.0, 188.0), (221.0, 208.0), (219.0, 222.0), (219.0, 239.0), (234.0, 245.0), (249.0, 255.0), (260.0, 269.0), (286.0, 288.0), (303.0, 300.0), (314.0, 310.0), (321.0, 313.0)]}
[DEBUG] mask nonzero = 255
[DEBUG] found 3 raw contours
[DEBUG] kept 3 candidates after filtering
[DEBUG] roi_desc = {'type': 'polygon', 'polygon': [(329.0, 318.0), (351.0, 301.0), (373.0, 280.0), (395.0, 264.0), (410.0, 237.0), (399.0, 194.0), (357.0, 161.0), (310.0, 167.0), (271.0, 175.0), (237.0, 188.0), (221.0, 208.0), (219.0, 222.0), (219.0, 239.0), (234.0, 245.0), (249.0, 255.0), (260.0, 269.0), (286.0, 288.0), (303.0, 300.0), (314.0, 310.0), (321.0, 313.0)]}
[DEBUG] mask nonzero = 254
[DEBUG] found 3 raw contours
[DEBUG] kept 3 candidates after filtering
[DEBUG] roi_desc = {'type': 'polygon', 'polygon': [(329.0, 318.0), (351.0, 301.0), (373.0, 280.0), (395.0, 264.0), (410.0, 237.0), (399.0, 194.0), (357.0, 161.0), (310.0, 167.0), (271.0, 175.0), (237.0, 188.0), (221.0, 208.0), (219.0, 222.0), (219.0, 239.0), (234.0, 245.0), (249.0, 255.0), (260.0, 269.0), (286.0, 288.0), (303.0, 300.0), (314.0, 310.0), (321.0, 313.0)]}
[DEBUG] mask nonzero = 256
[DEBUG] found 3 raw contours
[DEBUG] kept 3 candidates after filtering
[DEBUG] roi_desc = {'type': 'polygon', 'polygon': [(329.0, 318.0), (351.0, 301.0), (373.0, 280.0), (395.0, 264.0), (410.0, 237.0), (399.0, 194.0), (357.0, 161.0), (310.0, 167.0), (271.0, 175.0), (237.0, 188.0), (221.0, 208.0), (219.0, 222.0), (219.0, 239.0), (234.0, 245.0), (249.0, 255.0), (260.0, 269.0), (286.0, 288.0), (303.0, 300.0), (314.0, 310.0), (321.0, 313.0)]}
[DEBUG] mask nonzero = 253
[DEBUG] found 3 raw contours
[DEBUG] kept 3 candidates after filtering
[DEBUG] roi_desc = {'type': 'polygon', 'polygon': [(329.0, 318.0), (351.0, 301.0), (373.0, 280.0), (395.0, 264.0), (410.0, 237.0), (399.0, 194.0), (357.0, 161.0), (310.0, 167.0), (271.0, 175.0), (237.0, 188.0), (221.0, 208.0), (219.0, 222.0), (219.0, 239.0), (234.0, 245.0), (249.0, 255.0), (260.0, 269.0), (286.0, 288.0), (303.0, 300.0), (314.0, 310.0), (321.0, 313.0)]}
[DEBUG] mask nonzero = 251
[DEBUG] found 3 raw contours
[DEBUG] kept 3 candidates after filtering
[DEBUG] roi_desc = {'type': 'polygon', 'polygon': [(329.0, 318.0), (351.0, 301.0), (373.0, 280.0), (395.0, 264.0), (410.0, 237.0), (399.0, 194.0), (357.0, 161.0), (310.0, 167.0), (271.0, 175.0), (237.0, 188.0), (221.0, 208.0), (219.0, 222.0), (219.0, 239.0), (234.0, 245.0), (249.0, 255.0), (260.0, 269.0), (286.0, 288.0), (303.0, 300.0), (314.0, 310.0), (321.0, 313.0)]}
[DEBUG] mask nonzero = 256
[DEBUG] found 3 raw contours
[DEBUG] kept 3 candidates after filtering
[DEBUG] roi_desc = {'type': 'polygon', 'polygon': [(329.0, 318.0), (351.0, 301.0), (373.0, 280.0), (395.0, 264.0), (410.0, 237.0), (399.0, 194.0), (357.0, 161.0), (310.0, 167.0), (271.0, 175.0), (237.0, 188.0), (221.0, 208.0), (219.0, 222.0), (219.0, 239.0), (234.0, 245.0), (249.0, 255.0), (260.0, 269.0), (286.0, 288.0), (303.0, 300.0), (314.0, 310.0), (321.0, 313.0)]}
[DEBUG] mask nonzero = 250
[DEBUG] found 3 raw contours
[DEBUG] kept 3 candidates after filtering
[beam] iter 0: 30.3 mm (target 30, err -0.3)
[open-loop] beam at 30.3 mm
[DEBUG] roi_desc = {'type': 'polygon', 'polygon': [(329.0, 318.0), (351.0, 301.0), (373.0, 280.0), (395.0, 264.0), (410.0, 237.0), (399.0, 194.0), (357.0, 161.0), (310.0, 167.0), (271.0, 175.0), (237.0, 188.0), (221.0, 208.0), (219.0, 222.0), (219.0, 239.0), (234.0, 245.0), (249.0, 255.0), (260.0, 269.0), (286.0, 288.0), (303.0, 300.0), (314.0, 310.0), (321.0, 313.0)]}
[DEBUG] mask nonzero = 254
[DEBUG] found 3 raw contours
[DEBUG] kept 3 candidates after filtering
[DEBUG] roi_desc = {'type': 'polygon', 'polygon': [(329.0, 318.0), (351.0, 301.0), (373.0, 280.0), (395.0, 264.0), (410.0, 237.0), (399.0, 194.0), (357.0, 161.0), (310.0, 167.0), (271.0, 175.0), (237.0, 188.0), (221.0, 208.0), (219.0, 222.0), (219.0, 239.0), (234.0, 245.0), (249.0, 255.0), (260.0, 269.0), (286.0, 288.0), (303.0, 300.0), (314.0, 310.0), (321.0, 313.0)]}
[DEBUG] mask nonzero = 249
[DEBUG] found 3 raw contours
[DEBUG] kept 3 candidates after filtering
[DEBUG] roi_desc = {'type': 'polygon', 'polygon': [(329.0, 318.0), (351.0, 301.0), (373.0, 280.0), (395.0, 264.0), (410.0, 237.0), (399.0, 194.0), (357.0, 161.0), (310.0, 167.0), (271.0, 175.0), (237.0, 188.0), (221.0, 208.0), (219.0, 222.0), (219.0, 239.0), (234.0, 245.0), (249.0, 255.0), (260.0, 269.0), (286.0, 288.0), (303.0, 300.0), (314.0, 310.0), (321.0, 313.0)]}
[DEBUG] mask nonzero = 250
[DEBUG] found 3 raw contours
[DEBUG] kept 3 candidates after filtering
[DEBUG] roi_desc = {'type': 'polygon', 'polygon': [(329.0, 318.0), (351.0, 301.0), (373.0, 280.0), (395.0, 264.0), (410.0, 237.0), (399.0, 194.0), (357.0, 161.0), (310.0, 167.0), (271.0, 175.0), (237.0, 188.0), (221.0, 208.0), (219.0, 222.0), (219.0, 239.0), (234.0, 245.0), (249.0, 255.0), (260.0, 269.0), (286.0, 288.0), (303.0, 300.0), (314.0, 310.0), (321.0, 313.0)]}
[DEBUG] mask nonzero = 254
[DEBUG] found 3 raw contours
[DEBUG] kept 3 candidates after filtering
[DEBUG] roi_desc = {'type': 'polygon', 'polygon': [(329.0, 318.0), (351.0, 301.0), (373.0, 280.0), (395.0, 264.0), (410.0, 237.0), (399.0, 194.0), (357.0, 161.0), (310.0, 167.0), (271.0, 175.0), (237.0, 188.0), (221.0, 208.0), (219.0, 222.0), (219.0, 239.0), (234.0, 245.0), (249.0, 255.0), (260.0, 269.0), (286.0, 288.0), (303.0, 300.0), (314.0, 310.0), (321.0, 313.0)]}
[DEBUG] mask nonzero = 252
[DEBUG] found 3 raw contours
[DEBUG] kept 3 candidates after filtering
[DEBUG] roi_desc = {'type': 'polygon', 'polygon': [(329.0, 318.0), (351.0, 301.0), (373.0, 280.0), (395.0, 264.0), (410.0, 237.0), (399.0, 194.0), (357.0, 161.0), (310.0, 167.0), (271.0, 175.0), (237.0, 188.0), (221.0, 208.0), (219.0, 222.0), (219.0, 239.0), (234.0, 245.0), (249.0, 255.0), (260.0, 269.0), (286.0, 288.0), (303.0, 300.0), (314.0, 310.0), (321.0, 313.0)]}
[DEBUG] mask nonzero = 242
[DEBUG] found 3 raw contours
[DEBUG] kept 3 candidates after filtering
[DEBUG] roi_desc = {'type': 'polygon', 'polygon': [(329.0, 318.0), (351.0, 301.0), (373.0, 280.0), (395.0, 264.0), (410.0, 237.0), (399.0, 194.0), (357.0, 161.0), (310.0, 167.0), (271.0, 175.0), (237.0, 188.0), (221.0, 208.0), (219.0, 222.0), (219.0, 239.0), (234.0, 245.0), (249.0, 255.0), (260.0, 269.0), (286.0, 288.0), (303.0, 300.0), (314.0, 310.0), (321.0, 313.0)]}
[DEBUG] mask nonzero = 240
[DEBUG] found 3 raw contours
[DEBUG] kept 3 candidates after filtering
[DEBUG] roi_desc = {'type': 'polygon', 'polygon': [(329.0, 318.0), (351.0, 301.0), (373.0, 280.0), (395.0, 264.0), (410.0, 237.0), (399.0, 194.0), (357.0, 161.0), (310.0, 167.0), (271.0, 175.0), (237.0, 188.0), (221.0, 208.0), (219.0, 222.0), (219.0, 239.0), (234.0, 245.0), (249.0, 255.0), (260.0, 269.0), (286.0, 288.0), (303.0, 300.0), (314.0, 310.0), (321.0, 313.0)]}
[DEBUG] mask nonzero = 248
[DEBUG] found 3 raw contours
[DEBUG] kept 3 candidates after filtering
[DEBUG] roi_desc = {'type': 'polygon', 'polygon': [(329.0, 318.0), (351.0, 301.0), (373.0, 280.0), (395.0, 264.0), (410.0, 237.0), (399.0, 194.0), (357.0, 161.0), (310.0, 167.0), (271.0, 175.0), (237.0, 188.0), (221.0, 208.0), (219.0, 222.0), (219.0, 239.0), (234.0, 245.0), (249.0, 255.0), (260.0, 269.0), (286.0, 288.0), (303.0, 300.0), (314.0, 310.0), (321.0, 313.0)]}
[DEBUG] mask nonzero = 250
[DEBUG] found 3 raw contours
[DEBUG] kept 3 candidates after filtering
[DEBUG] roi_desc = {'type': 'polygon', 'polygon': [(329.0, 318.0), (351.0, 301.0), (373.0, 280.0), (395.0, 264.0), (410.0, 237.0), (399.0, 194.0), (357.0, 161.0), (310.0, 167.0), (271.0, 175.0), (237.0, 188.0), (221.0, 208.0), (219.0, 222.0), (219.0, 239.0), (234.0, 245.0), (249.0, 255.0), (260.0, 269.0), (286.0, 288.0), (303.0, 300.0), (314.0, 310.0), (321.0, 313.0)]}
[DEBUG] mask nonzero = 247
[DEBUG] found 3 raw contours
[DEBUG] kept 3 candidates after filtering
[DEBUG] roi_desc = {'type': 'polygon', 'polygon': [(329.0, 318.0), (351.0, 301.0), (373.0, 280.0), (395.0, 264.0), (410.0, 237.0), (399.0, 194.0), (357.0, 161.0), (310.0, 167.0), (271.0, 175.0), (237.0, 188.0), (221.0, 208.0), (219.0, 222.0), (219.0, 239.0), (234.0, 245.0), (249.0, 255.0), (260.0, 269.0), (286.0, 288.0), (303.0, 300.0), (314.0, 310.0), (321.0, 313.0)]}
[DEBUG] mask nonzero = 244
[DEBUG] found 3 raw contours
[DEBUG] kept 3 candidates after filtering
[DEBUG] roi_desc = {'type': 'polygon', 'polygon': [(329.0, 318.0), (351.0, 301.0), (373.0, 280.0), (395.0, 264.0), (410.0, 237.0), (399.0, 194.0), (357.0, 161.0), (310.0, 167.0), (271.0, 175.0), (237.0, 188.0), (221.0, 208.0), (219.0, 222.0), (219.0, 239.0), (234.0, 245.0), (249.0, 255.0), (260.0, 269.0), (286.0, 288.0), (303.0, 300.0), (314.0, 310.0), (321.0, 313.0)]}
[DEBUG] mask nonzero = 253
[DEBUG] found 3 raw contours
[DEBUG] kept 3 candidates after filtering
[DEBUG] roi_desc = {'type': 'polygon', 'polygon': [(329.0, 318.0), (351.0, 301.0), (373.0, 280.0), (395.0, 264.0), (410.0, 237.0), (399.0, 194.0), (357.0, 161.0), (310.0, 167.0), (271.0, 175.0), (237.0, 188.0), (221.0, 208.0), (219.0, 222.0), (219.0, 239.0), (234.0, 245.0), (249.0, 255.0), (260.0, 269.0), (286.0, 288.0), (303.0, 300.0), (314.0, 310.0), (321.0, 313.0)]}
[DEBUG] mask nonzero = 249
[DEBUG] found 3 raw contours
[DEBUG] kept 3 candidates after filtering
[DEBUG] roi_desc = {'type': 'polygon', 'polygon': [(329.0, 318.0), (351.0, 301.0), (373.0, 280.0), (395.0, 264.0), (410.0, 237.0), (399.0, 194.0), (357.0, 161.0), (310.0, 167.0), (271.0, 175.0), (237.0, 188.0), (221.0, 208.0), (219.0, 222.0), (219.0, 239.0), (234.0, 245.0), (249.0, 255.0), (260.0, 269.0), (286.0, 288.0), (303.0, 300.0), (314.0, 310.0), (321.0, 313.0)]}
[DEBUG] mask nonzero = 247
[DEBUG] found 3 raw contours
[DEBUG] kept 3 candidates after filtering
[DEBUG] roi_desc = {'type': 'polygon', 'polygon': [(329.0, 318.0), (351.0, 301.0), (373.0, 280.0), (395.0, 264.0), (410.0, 237.0), (399.0, 194.0), (357.0, 161.0), (310.0, 167.0), (271.0, 175.0), (237.0, 188.0), (221.0, 208.0), (219.0, 222.0), (219.0, 239.0), (234.0, 245.0), (249.0, 255.0), (260.0, 269.0), (286.0, 288.0), (303.0, 300.0), (314.0, 310.0), (321.0, 313.0)]}
[DEBUG] mask nonzero = 245
[DEBUG] found 3 raw contours
[DEBUG] kept 3 candidates after filtering
[DEBUG] roi_desc = {'type': 'polygon', 'polygon': [(329.0, 318.0), (351.0, 301.0), (373.0, 280.0), (395.0, 264.0), (410.0, 237.0), (399.0, 194.0), (357.0, 161.0), (310.0, 167.0), (271.0, 175.0), (237.0, 188.0), (221.0, 208.0), (219.0, 222.0), (219.0, 239.0), (234.0, 245.0), (249.0, 255.0), (260.0, 269.0), (286.0, 288.0), (303.0, 300.0), (314.0, 310.0), (321.0, 313.0)]}
[DEBUG] mask nonzero = 247
[DEBUG] found 3 raw contours
[DEBUG] kept 3 candidates after filtering
[DEBUG] roi_desc = {'type': 'polygon', 'polygon': [(329.0, 318.0), (351.0, 301.0), (373.0, 280.0), (395.0, 264.0), (410.0, 237.0), (399.0, 194.0), (357.0, 161.0), (310.0, 167.0), (271.0, 175.0), (237.0, 188.0), (221.0, 208.0), (219.0, 222.0), (219.0, 239.0), (234.0, 245.0), (249.0, 255.0), (260.0, 269.0), (286.0, 288.0), (303.0, 300.0), (314.0, 310.0), (321.0, 313.0)]}
[DEBUG] mask nonzero = 251
[DEBUG] found 3 raw contours
[DEBUG] kept 3 candidates after filtering
[DEBUG] roi_desc = {'type': 'polygon', 'polygon': [(329.0, 318.0), (351.0, 301.0), (373.0, 280.0), (395.0, 264.0), (410.0, 237.0), (399.0, 194.0), (357.0, 161.0), (310.0, 167.0), (271.0, 175.0), (237.0, 188.0), (221.0, 208.0), (219.0, 222.0), (219.0, 239.0), (234.0, 245.0), (249.0, 255.0), (260.0, 269.0), (286.0, 288.0), (303.0, 300.0), (314.0, 310.0), (321.0, 313.0)]}
[DEBUG] mask nonzero = 243
[DEBUG] found 3 raw contours
[DEBUG] kept 3 candidates after filtering
[DEBUG] roi_desc = {'type': 'polygon', 'polygon': [(329.0, 318.0), (351.0, 301.0), (373.0, 280.0), (395.0, 264.0), (410.0, 237.0), (399.0, 194.0), (357.0, 161.0), (310.0, 167.0), (271.0, 175.0), (237.0, 188.0), (221.0, 208.0), (219.0, 222.0), (219.0, 239.0), (234.0, 245.0), (249.0, 255.0), (260.0, 269.0), (286.0, 288.0), (303.0, 300.0), (314.0, 310.0), (321.0, 313.0)]}
[DEBUG] mask nonzero = 256
[DEBUG] found 3 raw contours
[DEBUG] kept 3 candidates after filtering
[DEBUG] roi_desc = {'type': 'polygon', 'polygon': [(329.0, 318.0), (351.0, 301.0), (373.0, 280.0), (395.0, 264.0), (410.0, 237.0), (399.0, 194.0), (357.0, 161.0), (310.0, 167.0), (271.0, 175.0), (237.0, 188.0), (221.0, 208.0), (219.0, 222.0), (219.0, 239.0), (234.0, 245.0), (249.0, 255.0), (260.0, 269.0), (286.0, 288.0), (303.0, 300.0), (314.0, 310.0), (321.0, 313.0)]}
[DEBUG] mask nonzero = 251
[DEBUG] found 3 raw contours
[DEBUG] kept 3 candidates after filtering
[DEBUG] roi_desc = {'type': 'polygon', 'polygon': [(329.0, 318.0), (351.0, 301.0), (373.0, 280.0), (395.0, 264.0), (410.0, 237.0), (399.0, 194.0), (357.0, 161.0), (310.0, 167.0), (271.0, 175.0), (237.0, 188.0), (221.0, 208.0), (219.0, 222.0), (219.0, 239.0), (234.0, 245.0), (249.0, 255.0), (260.0, 269.0), (286.0, 288.0), (303.0, 300.0), (314.0, 310.0), (321.0, 313.0)]}
[DEBUG] mask nonzero = 243
[DEBUG] found 3 raw contours
[DEBUG] kept 3 candidates after filtering
[DEBUG] roi_desc = {'type': 'polygon', 'polygon': [(329.0, 318.0), (351.0, 301.0), (373.0, 280.0), (395.0, 264.0), (410.0, 237.0), (399.0, 194.0), (357.0, 161.0), (310.0, 167.0), (271.0, 175.0), (237.0, 188.0), (221.0, 208.0), (219.0, 222.0), (219.0, 239.0), (234.0, 245.0), (249.0, 255.0), (260.0, 269.0), (286.0, 288.0), (303.0, 300.0), (314.0, 310.0), (321.0, 313.0)]}
[DEBUG] mask nonzero = 255
[DEBUG] found 3 raw contours
[DEBUG] kept 3 candidates after filtering
[DEBUG] roi_desc = {'type': 'polygon', 'polygon': [(329.0, 318.0), (351.0, 301.0), (373.0, 280.0), (395.0, 264.0), (410.0, 237.0), (399.0, 194.0), (357.0, 161.0), (310.0, 167.0), (271.0, 175.0), (237.0, 188.0), (221.0, 208.0), (219.0, 222.0), (219.0, 239.0), (234.0, 245.0), (249.0, 255.0), (260.0, 269.0), (286.0, 288.0), (303.0, 300.0), (314.0, 310.0), (321.0, 313.0)]}
[DEBUG] mask nonzero = 247
[DEBUG] found 3 raw contours
[DEBUG] kept 3 candidates after filtering
[DEBUG] roi_desc = {'type': 'polygon', 'polygon': [(329.0, 318.0), (351.0, 301.0), (373.0, 280.0), (395.0, 264.0), (410.0, 237.0), (399.0, 194.0), (357.0, 161.0), (310.0, 167.0), (271.0, 175.0), (237.0, 188.0), (221.0, 208.0), (219.0, 222.0), (219.0, 239.0), (234.0, 245.0), (249.0, 255.0), (260.0, 269.0), (286.0, 288.0), (303.0, 300.0), (314.0, 310.0), (321.0, 313.0)]}
[DEBUG] mask nonzero = 240
[DEBUG] found 3 raw contours
[DEBUG] kept 3 candidates after filtering
[DEBUG] roi_desc = {'type': 'polygon', 'polygon': [(329.0, 318.0), (351.0, 301.0), (373.0, 280.0), (395.0, 264.0), (410.0, 237.0), (399.0, 194.0), (357.0, 161.0), (310.0, 167.0), (271.0, 175.0), (237.0, 188.0), (221.0, 208.0), (219.0, 222.0), (219.0, 239.0), (234.0, 245.0), (249.0, 255.0), (260.0, 269.0), (286.0, 288.0), (303.0, 300.0), (314.0, 310.0), (321.0, 313.0)]}
[DEBUG] mask nonzero = 253
[DEBUG] found 3 raw contours
[DEBUG] kept 3 candidates after filtering
[DEBUG] roi_desc = {'type': 'polygon', 'polygon': [(329.0, 318.0), (351.0, 301.0), (373.0, 280.0), (395.0, 264.0), (410.0, 237.0), (399.0, 194.0), (357.0, 161.0), (310.0, 167.0), (271.0, 175.0), (237.0, 188.0), (221.0, 208.0), (219.0, 222.0), (219.0, 239.0), (234.0, 245.0), (249.0, 255.0), (260.0, 269.0), (286.0, 288.0), (303.0, 300.0), (314.0, 310.0), (321.0, 313.0)]}
[DEBUG] mask nonzero = 253
[DEBUG] found 3 raw contours
[DEBUG] kept 3 candidates after filtering
[DEBUG] roi_desc = {'type': 'polygon', 'polygon': [(329.0, 318.0), (351.0, 301.0), (373.0, 280.0), (395.0, 264.0), (410.0, 237.0), (399.0, 194.0), (357.0, 161.0), (310.0, 167.0), (271.0, 175.0), (237.0, 188.0), (221.0, 208.0), (219.0, 222.0), (219.0, 239.0), (234.0, 245.0), (249.0, 255.0), (260.0, 269.0), (286.0, 288.0), (303.0, 300.0), (314.0, 310.0), (321.0, 313.0)]}
[DEBUG] mask nonzero = 248
[DEBUG] found 3 raw contours
[DEBUG] kept 3 candidates after filtering
[DEBUG] roi_desc = {'type': 'polygon', 'polygon': [(329.0, 318.0), (351.0, 301.0), (373.0, 280.0), (395.0, 264.0), (410.0, 237.0), (399.0, 194.0), (357.0, 161.0), (310.0, 167.0), (271.0, 175.0), (237.0, 188.0), (221.0, 208.0), (219.0, 222.0), (219.0, 239.0), (234.0, 245.0), (249.0, 255.0), (260.0, 269.0), (286.0, 288.0), (303.0, 300.0), (314.0, 310.0), (321.0, 313.0)]}
[DEBUG] mask nonzero = 252
[DEBUG] found 3 raw contours
[DEBUG] kept 3 candidates after filtering
[DEBUG] roi_desc = {'type': 'polygon', 'polygon': [(329.0, 318.0), (351.0, 301.0), (373.0, 280.0), (395.0, 264.0), (410.0, 237.0), (399.0, 194.0), (357.0, 161.0), (310.0, 167.0), (271.0, 175.0), (237.0, 188.0), (221.0, 208.0), (219.0, 222.0), (219.0, 239.0), (234.0, 245.0), (249.0, 255.0), (260.0, 269.0), (286.0, 288.0), (303.0, 300.0), (314.0, 310.0), (321.0, 313.0)]}
[DEBUG] mask nonzero = 257
[DEBUG] found 3 raw contours
[DEBUG] kept 3 candidates after filtering
[DEBUG] roi_desc = {'type': 'polygon', 'polygon': [(329.0, 318.0), (351.0, 301.0), (373.0, 280.0), (395.0, 264.0), (410.0, 237.0), (399.0, 194.0), (357.0, 161.0), (310.0, 167.0), (271.0, 175.0), (237.0, 188.0), (221.0, 208.0), (219.0, 222.0), (219.0, 239.0), (234.0, 245.0), (249.0, 255.0), (260.0, 269.0), (286.0, 288.0), (303.0, 300.0), (314.0, 310.0), (321.0, 313.0)]}
[DEBUG] mask nonzero = 251
[DEBUG] found 3 raw contours
[DEBUG] kept 3 candidates after filtering
[DEBUG] roi_desc = {'type': 'polygon', 'polygon': [(329.0, 318.0), (351.0, 301.0), (373.0, 280.0), (395.0, 264.0), (410.0, 237.0), (399.0, 194.0), (357.0, 161.0), (310.0, 167.0), (271.0, 175.0), (237.0, 188.0), (221.0, 208.0), (219.0, 222.0), (219.0, 239.0), (234.0, 245.0), (249.0, 255.0), (260.0, 269.0), (286.0, 288.0), (303.0, 300.0), (314.0, 310.0), (321.0, 313.0)]}
[DEBUG] mask nonzero = 253
[DEBUG] found 3 raw contours
[DEBUG] kept 3 candidates after filtering
[DEBUG] roi_desc = {'type': 'polygon', 'polygon': [(329.0, 318.0), (351.0, 301.0), (373.0, 280.0), (395.0, 264.0), (410.0, 237.0), (399.0, 194.0), (357.0, 161.0), (310.0, 167.0), (271.0, 175.0), (237.0, 188.0), (221.0, 208.0), (219.0, 222.0), (219.0, 239.0), (234.0, 245.0), (249.0, 255.0), (260.0, 269.0), (286.0, 288.0), (303.0, 300.0), (314.0, 310.0), (321.0, 313.0)]}
[DEBUG] mask nonzero = 253
[DEBUG] found 3 raw contours
[DEBUG] kept 3 candidates after filtering
[DEBUG] roi_desc = {'type': 'polygon', 'polygon': [(329.0, 318.0), (351.0, 301.0), (373.0, 280.0), (395.0, 264.0), (410.0, 237.0), (399.0, 194.0), (357.0, 161.0), (310.0, 167.0), (271.0, 175.0), (237.0, 188.0), (221.0, 208.0), (219.0, 222.0), (219.0, 239.0), (234.0, 245.0), (249.0, 255.0), (260.0, 269.0), (286.0, 288.0), (303.0, 300.0), (314.0, 310.0), (321.0, 313.0)]}
[DEBUG] mask nonzero = 253
[DEBUG] found 3 raw contours
[DEBUG] kept 3 candidates after filtering
[DEBUG] roi_desc = {'type': 'polygon', 'polygon': [(329.0, 318.0), (351.0, 301.0), (373.0, 280.0), (395.0, 264.0), (410.0, 237.0), (399.0, 194.0), (357.0, 161.0), (310.0, 167.0), (271.0, 175.0), (237.0, 188.0), (221.0, 208.0), (219.0, 222.0), (219.0, 239.0), (234.0, 245.0), (249.0, 255.0), (260.0, 269.0), (286.0, 288.0), (303.0, 300.0), (314.0, 310.0), (321.0, 313.0)]}
[DEBUG] mask nonzero = 250
[DEBUG] found 3 raw contours
[DEBUG] kept 3 candidates after filtering
[DEBUG] roi_desc = {'type': 'polygon', 'polygon': [(329.0, 318.0), (351.0, 301.0), (373.0, 280.0), (395.0, 264.0), (410.0, 237.0), (399.0, 194.0), (357.0, 161.0), (310.0, 167.0), (271.0, 175.0), (237.0, 188.0), (221.0, 208.0), (219.0, 222.0), (219.0, 239.0), (234.0, 245.0), (249.0, 255.0), (260.0, 269.0), (286.0, 288.0), (303.0, 300.0), (314.0, 310.0), (321.0, 313.0)]}
[DEBUG] mask nonzero = 248
[DEBUG] found 3 raw contours
[DEBUG] kept 3 candidates after filtering
[DEBUG] roi_desc = {'type': 'polygon', 'polygon': [(329.0, 318.0), (351.0, 301.0), (373.0, 280.0), (395.0, 264.0), (410.0, 237.0), (399.0, 194.0), (357.0, 161.0), (310.0, 167.0), (271.0, 175.0), (237.0, 188.0), (221.0, 208.0), (219.0, 222.0), (219.0, 239.0), (234.0, 245.0), (249.0, 255.0), (260.0, 269.0), (286.0, 288.0), (303.0, 300.0), (314.0, 310.0), (321.0, 313.0)]}
[DEBUG] mask nonzero = 247
[DEBUG] found 3 raw contours
[DEBUG] kept 3 candidates after filtering
[DEBUG] roi_desc = {'type': 'polygon', 'polygon': [(329.0, 318.0), (351.0, 301.0), (373.0, 280.0), (395.0, 264.0), (410.0, 237.0), (399.0, 194.0), (357.0, 161.0), (310.0, 167.0), (271.0, 175.0), (237.0, 188.0), (221.0, 208.0), (219.0, 222.0), (219.0, 239.0), (234.0, 245.0), (249.0, 255.0), (260.0, 269.0), (286.0, 288.0), (303.0, 300.0), (314.0, 310.0), (321.0, 313.0)]}
[DEBUG] mask nonzero = 247
[DEBUG] found 3 raw contours
[DEBUG] kept 3 candidates after filtering
[DEBUG] roi_desc = {'type': 'polygon', 'polygon': [(329.0, 318.0), (351.0, 301.0), (373.0, 280.0), (395.0, 264.0), (410.0, 237.0), (399.0, 194.0), (357.0, 161.0), (310.0, 167.0), (271.0, 175.0), (237.0, 188.0), (221.0, 208.0), (219.0, 222.0), (219.0, 239.0), (234.0, 245.0), (249.0, 255.0), (260.0, 269.0), (286.0, 288.0), (303.0, 300.0), (314.0, 310.0), (321.0, 313.0)]}
[DEBUG] mask nonzero = 254
[DEBUG] found 3 raw contours
[DEBUG] kept 3 candidates after filtering
[open-loop] planner->R fit |t|=0.001 det=+1.000
[   0] i=  1/131 |e|=  0.10mm ins=30.1mm
[DEBUG] roi_desc = {'type': 'polygon', 'polygon': [(329.0, 318.0), (351.0, 301.0), (373.0, 280.0), (395.0, 264.0), (410.0, 237.0), (399.0, 194.0), (357.0, 161.0), (310.0, 167.0), (271.0, 175.0), (237.0, 188.0), (221.0, 208.0), (219.0, 222.0), (219.0, 239.0), (234.0, 245.0), (249.0, 255.0), (260.0, 269.0), (286.0, 288.0), (303.0, 300.0), (314.0, 310.0), (321.0, 313.0)]}
[DEBUG] mask nonzero = 250
[DEBUG] found 3 raw contours
[DEBUG] kept 3 candidates after filtering
[DEBUG] roi_desc = {'type': 'polygon', 'polygon': [(329.0, 318.0), (351.0, 301.0), (373.0, 280.0), (395.0, 264.0), (410.0, 237.0), (399.0, 194.0), (357.0, 161.0), (310.0, 167.0), (271.0, 175.0), (237.0, 188.0), (221.0, 208.0), (219.0, 222.0), (219.0, 239.0), (234.0, 245.0), (249.0, 255.0), (260.0, 269.0), (286.0, 288.0), (303.0, 300.0), (314.0, 310.0), (321.0, 313.0)]}
[DEBUG] mask nonzero = 249
[DEBUG] found 3 raw contours
[DEBUG] kept 3 candidates after filtering
[DEBUG] roi_desc = {'type': 'polygon', 'polygon': [(329.0, 318.0), (351.0, 301.0), (373.0, 280.0), (395.0, 264.0), (410.0, 237.0), (399.0, 194.0), (357.0, 161.0), (310.0, 167.0), (271.0, 175.0), (237.0, 188.0), (221.0, 208.0), (219.0, 222.0), (219.0, 239.0), (234.0, 245.0), (249.0, 255.0), (260.0, 269.0), (286.0, 288.0), (303.0, 300.0), (314.0, 310.0), (321.0, 313.0)]}
[DEBUG] mask nonzero = 246
[DEBUG] found 3 raw contours
[DEBUG] kept 3 candidates after filtering
[DEBUG] roi_desc = {'type': 'polygon', 'polygon': [(329.0, 318.0), (351.0, 301.0), (373.0, 280.0), (395.0, 264.0), (410.0, 237.0), (399.0, 194.0), (357.0, 161.0), (310.0, 167.0), (271.0, 175.0), (237.0, 188.0), (221.0, 208.0), (219.0, 222.0), (219.0, 239.0), (234.0, 245.0), (249.0, 255.0), (260.0, 269.0), (286.0, 288.0), (303.0, 300.0), (314.0, 310.0), (321.0, 313.0)]}
[DEBUG] mask nonzero = 251
[DEBUG] found 3 raw contours
[DEBUG] kept 3 candidates after filtering
[DEBUG] roi_desc = {'type': 'polygon', 'polygon': [(329.0, 318.0), (351.0, 301.0), (373.0, 280.0), (395.0, 264.0), (410.0, 237.0), (399.0, 194.0), (357.0, 161.0), (310.0, 167.0), (271.0, 175.0), (237.0, 188.0), (221.0, 208.0), (219.0, 222.0), (219.0, 239.0), (234.0, 245.0), (249.0, 255.0), (260.0, 269.0), (286.0, 288.0), (303.0, 300.0), (314.0, 310.0), (321.0, 313.0)]}
[DEBUG] mask nonzero = 252
[DEBUG] found 3 raw contours
[DEBUG] kept 3 candidates after filtering
[DEBUG] roi_desc = {'type': 'polygon', 'polygon': [(329.0, 318.0), (351.0, 301.0), (373.0, 280.0), (395.0, 264.0), (410.0, 237.0), (399.0, 194.0), (357.0, 161.0), (310.0, 167.0), (271.0, 175.0), (237.0, 188.0), (221.0, 208.0), (219.0, 222.0), (219.0, 239.0), (234.0, 245.0), (249.0, 255.0), (260.0, 269.0), (286.0, 288.0), (303.0, 300.0), (314.0, 310.0), (321.0, 313.0)]}
[DEBUG] mask nonzero = 241
[DEBUG] found 3 raw contours
[DEBUG] kept 3 candidates after filtering
[DEBUG] roi_desc = {'type': 'polygon', 'polygon': [(329.0, 318.0), (351.0, 301.0), (373.0, 280.0), (395.0, 264.0), (410.0, 237.0), (399.0, 194.0), (357.0, 161.0), (310.0, 167.0), (271.0, 175.0), (237.0, 188.0), (221.0, 208.0), (219.0, 222.0), (219.0, 239.0), (234.0, 245.0), (249.0, 255.0), (260.0, 269.0), (286.0, 288.0), (303.0, 300.0), (314.0, 310.0), (321.0, 313.0)]}
[DEBUG] mask nonzero = 245
[DEBUG] found 3 raw contours
[DEBUG] kept 3 candidates after filtering
[DEBUG] roi_desc = {'type': 'polygon', 'polygon': [(329.0, 318.0), (351.0, 301.0), (373.0, 280.0), (395.0, 264.0), (410.0, 237.0), (399.0, 194.0), (357.0, 161.0), (310.0, 167.0), (271.0, 175.0), (237.0, 188.0), (221.0, 208.0), (219.0, 222.0), (219.0, 239.0), (234.0, 245.0), (249.0, 255.0), (260.0, 269.0), (286.0, 288.0), (303.0, 300.0), (314.0, 310.0), (321.0, 313.0)]}
[DEBUG] mask nonzero = 243
[DEBUG] found 3 raw contours
[DEBUG] kept 3 candidates after filtering
[DEBUG] roi_desc = {'type': 'polygon', 'polygon': [(329.0, 318.0), (351.0, 301.0), (373.0, 280.0), (395.0, 264.0), (410.0, 237.0), (399.0, 194.0), (357.0, 161.0), (310.0, 167.0), (271.0, 175.0), (237.0, 188.0), (221.0, 208.0), (219.0, 222.0), (219.0, 239.0), (234.0, 245.0), (249.0, 255.0), (260.0, 269.0), (286.0, 288.0), (303.0, 300.0), (314.0, 310.0), (321.0, 313.0)]}
[DEBUG] mask nonzero = 245
[DEBUG] found 3 raw contours
[DEBUG] kept 3 candidates after filtering
[DEBUG] roi_desc = {'type': 'polygon', 'polygon': [(329.0, 318.0), (351.0, 301.0), (373.0, 280.0), (395.0, 264.0), (410.0, 237.0), (399.0, 194.0), (357.0, 161.0), (310.0, 167.0), (271.0, 175.0), (237.0, 188.0), (221.0, 208.0), (219.0, 222.0), (219.0, 239.0), (234.0, 245.0), (249.0, 255.0), (260.0, 269.0), (286.0, 288.0), (303.0, 300.0), (314.0, 310.0), (321.0, 313.0)]}
[DEBUG] mask nonzero = 234
[DEBUG] found 3 raw contours
[DEBUG] kept 3 candidates after filtering
[DEBUG] roi_desc = {'type': 'polygon', 'polygon': [(329.0, 318.0), (351.0, 301.0), (373.0, 280.0), (395.0, 264.0), (410.0, 237.0), (399.0, 194.0), (357.0, 161.0), (310.0, 167.0), (271.0, 175.0), (237.0, 188.0), (221.0, 208.0), (219.0, 222.0), (219.0, 239.0), (234.0, 245.0), (249.0, 255.0), (260.0, 269.0), (286.0, 288.0), (303.0, 300.0), (314.0, 310.0), (321.0, 313.0)]}
[DEBUG] mask nonzero = 235
[DEBUG] found 3 raw contours
[DEBUG] kept 3 candidates after filtering
[DEBUG] roi_desc = {'type': 'polygon', 'polygon': [(329.0, 318.0), (351.0, 301.0), (373.0, 280.0), (395.0, 264.0), (410.0, 237.0), (399.0, 194.0), (357.0, 161.0), (310.0, 167.0), (271.0, 175.0), (237.0, 188.0), (221.0, 208.0), (219.0, 222.0), (219.0, 239.0), (234.0, 245.0), (249.0, 255.0), (260.0, 269.0), (286.0, 288.0), (303.0, 300.0), (314.0, 310.0), (321.0, 313.0)]}
[DEBUG] mask nonzero = 240
[DEBUG] found 3 raw contours
[DEBUG] kept 3 candidates after filtering
[DEBUG] roi_desc = {'type': 'polygon', 'polygon': [(329.0, 318.0), (351.0, 301.0), (373.0, 280.0), (395.0, 264.0), (410.0, 237.0), (399.0, 194.0), (357.0, 161.0), (310.0, 167.0), (271.0, 175.0), (237.0, 188.0), (221.0, 208.0), (219.0, 222.0), (219.0, 239.0), (234.0, 245.0), (249.0, 255.0), (260.0, 269.0), (286.0, 288.0), (303.0, 300.0), (314.0, 310.0), (321.0, 313.0)]}
[DEBUG] mask nonzero = 231
[DEBUG] found 3 raw contours
[DEBUG] kept 3 candidates after filtering
[DEBUG] roi_desc = {'type': 'polygon', 'polygon': [(329.0, 318.0), (351.0, 301.0), (373.0, 280.0), (395.0, 264.0), (410.0, 237.0), (399.0, 194.0), (357.0, 161.0), (310.0, 167.0), (271.0, 175.0), (237.0, 188.0), (221.0, 208.0), (219.0, 222.0), (219.0, 239.0), (234.0, 245.0), (249.0, 255.0), (260.0, 269.0), (286.0, 288.0), (303.0, 300.0), (314.0, 310.0), (321.0, 313.0)]}
[DEBUG] mask nonzero = 236
[DEBUG] found 3 raw contours
[DEBUG] kept 3 candidates after filtering
[DEBUG] roi_desc = {'type': 'polygon', 'polygon': [(329.0, 318.0), (351.0, 301.0), (373.0, 280.0), (395.0, 264.0), (410.0, 237.0), (399.0, 194.0), (357.0, 161.0), (310.0, 167.0), (271.0, 175.0), (237.0, 188.0), (221.0, 208.0), (219.0, 222.0), (219.0, 239.0), (234.0, 245.0), (249.0, 255.0), (260.0, 269.0), (286.0, 288.0), (303.0, 300.0), (314.0, 310.0), (321.0, 313.0)]}
[DEBUG] mask nonzero = 217
[DEBUG] found 3 raw contours
[DEBUG] kept 3 candidates after filtering
[DEBUG] roi_desc = {'type': 'polygon', 'polygon': [(329.0, 318.0), (351.0, 301.0), (373.0, 280.0), (395.0, 264.0), (410.0, 237.0), (399.0, 194.0), (357.0, 161.0), (310.0, 167.0), (271.0, 175.0), (237.0, 188.0), (221.0, 208.0), (219.0, 222.0), (219.0, 239.0), (234.0, 245.0), (249.0, 255.0), (260.0, 269.0), (286.0, 288.0), (303.0, 300.0), (314.0, 310.0), (321.0, 313.0)]}
[DEBUG] mask nonzero = 231
[DEBUG] found 3 raw contours
[DEBUG] kept 3 candidates after filtering
[DEBUG] roi_desc = {'type': 'polygon', 'polygon': [(329.0, 318.0), (351.0, 301.0), (373.0, 280.0), (395.0, 264.0), (410.0, 237.0), (399.0, 194.0), (357.0, 161.0), (310.0, 167.0), (271.0, 175.0), (237.0, 188.0), (221.0, 208.0), (219.0, 222.0), (219.0, 239.0), (234.0, 245.0), (249.0, 255.0), (260.0, 269.0), (286.0, 288.0), (303.0, 300.0), (314.0, 310.0), (321.0, 313.0)]}
[DEBUG] mask nonzero = 238
[DEBUG] found 3 raw contours
[DEBUG] kept 3 candidates after filtering
[DEBUG] roi_desc = {'type': 'polygon', 'polygon': [(329.0, 318.0), (351.0, 301.0), (373.0, 280.0), (395.0, 264.0), (410.0, 237.0), (399.0, 194.0), (357.0, 161.0), (310.0, 167.0), (271.0, 175.0), (237.0, 188.0), (221.0, 208.0), (219.0, 222.0), (219.0, 239.0), (234.0, 245.0), (249.0, 255.0), (260.0, 269.0), (286.0, 288.0), (303.0, 300.0), (314.0, 310.0), (321.0, 313.0)]}
[DEBUG] mask nonzero = 226
[DEBUG] found 3 raw contours
[DEBUG] kept 3 candidates after filtering
[  10] i= 11/131 |e|=  1.21mm ins=31.6mm
[DEBUG] roi_desc = {'type': 'polygon', 'polygon': [(329.0, 318.0), (351.0, 301.0), (373.0, 280.0), (395.0, 264.0), (410.0, 237.0), (399.0, 194.0), (357.0, 161.0), (310.0, 167.0), (271.0, 175.0), (237.0, 188.0), (221.0, 208.0), (219.0, 222.0), (219.0, 239.0), (234.0, 245.0), (249.0, 255.0), (260.0, 269.0), (286.0, 288.0), (303.0, 300.0), (314.0, 310.0), (321.0, 313.0)]}
[DEBUG] mask nonzero = 238
[DEBUG] found 3 raw contours
[DEBUG] kept 3 candidates after filtering
[DEBUG] roi_desc = {'type': 'polygon', 'polygon': [(329.0, 318.0), (351.0, 301.0), (373.0, 280.0), (395.0, 264.0), (410.0, 237.0), (399.0, 194.0), (357.0, 161.0), (310.0, 167.0), (271.0, 175.0), (237.0, 188.0), (221.0, 208.0), (219.0, 222.0), (219.0, 239.0), (234.0, 245.0), (249.0, 255.0), (260.0, 269.0), (286.0, 288.0), (303.0, 300.0), (314.0, 310.0), (321.0, 313.0)]}
[DEBUG] mask nonzero = 225
[DEBUG] found 3 raw contours
[DEBUG] kept 3 candidates after filtering
[DEBUG] roi_desc = {'type': 'polygon', 'polygon': [(329.0, 318.0), (351.0, 301.0), (373.0, 280.0), (395.0, 264.0), (410.0, 237.0), (399.0, 194.0), (357.0, 161.0), (310.0, 167.0), (271.0, 175.0), (237.0, 188.0), (221.0, 208.0), (219.0, 222.0), (219.0, 239.0), (234.0, 245.0), (249.0, 255.0), (260.0, 269.0), (286.0, 288.0), (303.0, 300.0), (314.0, 310.0), (321.0, 313.0)]}
[DEBUG] mask nonzero = 226
[DEBUG] found 3 raw contours
[DEBUG] kept 3 candidates after filtering
[DEBUG] roi_desc = {'type': 'polygon', 'polygon': [(329.0, 318.0), (351.0, 301.0), (373.0, 280.0), (395.0, 264.0), (410.0, 237.0), (399.0, 194.0), (357.0, 161.0), (310.0, 167.0), (271.0, 175.0), (237.0, 188.0), (221.0, 208.0), (219.0, 222.0), (219.0, 239.0), (234.0, 245.0), (249.0, 255.0), (260.0, 269.0), (286.0, 288.0), (303.0, 300.0), (314.0, 310.0), (321.0, 313.0)]}
[DEBUG] mask nonzero = 228
[DEBUG] found 3 raw contours
[DEBUG] kept 3 candidates after filtering
[DEBUG] roi_desc = {'type': 'polygon', 'polygon': [(329.0, 318.0), (351.0, 301.0), (373.0, 280.0), (395.0, 264.0), (410.0, 237.0), (399.0, 194.0), (357.0, 161.0), (310.0, 167.0), (271.0, 175.0), (237.0, 188.0), (221.0, 208.0), (219.0, 222.0), (219.0, 239.0), (234.0, 245.0), (249.0, 255.0), (260.0, 269.0), (286.0, 288.0), (303.0, 300.0), (314.0, 310.0), (321.0, 313.0)]}
[DEBUG] mask nonzero = 232
[DEBUG] found 3 raw contours
[DEBUG] kept 3 candidates after filtering
[DEBUG] roi_desc = {'type': 'polygon', 'polygon': [(329.0, 318.0), (351.0, 301.0), (373.0, 280.0), (395.0, 264.0), (410.0, 237.0), (399.0, 194.0), (357.0, 161.0), (310.0, 167.0), (271.0, 175.0), (237.0, 188.0), (221.0, 208.0), (219.0, 222.0), (219.0, 239.0), (234.0, 245.0), (249.0, 255.0), (260.0, 269.0), (286.0, 288.0), (303.0, 300.0), (314.0, 310.0), (321.0, 313.0)]}
[DEBUG] mask nonzero = 235
[DEBUG] found 3 raw contours
[DEBUG] kept 3 candidates after filtering
[DEBUG] roi_desc = {'type': 'polygon', 'polygon': [(329.0, 318.0), (351.0, 301.0), (373.0, 280.0), (395.0, 264.0), (410.0, 237.0), (399.0, 194.0), (357.0, 161.0), (310.0, 167.0), (271.0, 175.0), (237.0, 188.0), (221.0, 208.0), (219.0, 222.0), (219.0, 239.0), (234.0, 245.0), (249.0, 255.0), (260.0, 269.0), (286.0, 288.0), (303.0, 300.0), (314.0, 310.0), (321.0, 313.0)]}
[DEBUG] mask nonzero = 223
[DEBUG] found 3 raw contours
[DEBUG] kept 3 candidates after filtering
[DEBUG] roi_desc = {'type': 'polygon', 'polygon': [(329.0, 318.0), (351.0, 301.0), (373.0, 280.0), (395.0, 264.0), (410.0, 237.0), (399.0, 194.0), (357.0, 161.0), (310.0, 167.0), (271.0, 175.0), (237.0, 188.0), (221.0, 208.0), (219.0, 222.0), (219.0, 239.0), (234.0, 245.0), (249.0, 255.0), (260.0, 269.0), (286.0, 288.0), (303.0, 300.0), (314.0, 310.0), (321.0, 313.0)]}
[DEBUG] mask nonzero = 239
[DEBUG] found 3 raw contours
[DEBUG] kept 3 candidates after filtering
[DEBUG] roi_desc = {'type': 'polygon', 'polygon': [(329.0, 318.0), (351.0, 301.0), (373.0, 280.0), (395.0, 264.0), (410.0, 237.0), (399.0, 194.0), (357.0, 161.0), (310.0, 167.0), (271.0, 175.0), (237.0, 188.0), (221.0, 208.0), (219.0, 222.0), (219.0, 239.0), (234.0, 245.0), (249.0, 255.0), (260.0, 269.0), (286.0, 288.0), (303.0, 300.0), (314.0, 310.0), (321.0, 313.0)]}
[DEBUG] mask nonzero = 231
[DEBUG] found 3 raw contours
[DEBUG] kept 3 candidates after filtering
[DEBUG] roi_desc = {'type': 'polygon', 'polygon': [(329.0, 318.0), (351.0, 301.0), (373.0, 280.0), (395.0, 264.0), (410.0, 237.0), (399.0, 194.0), (357.0, 161.0), (310.0, 167.0), (271.0, 175.0), (237.0, 188.0), (221.0, 208.0), (219.0, 222.0), (219.0, 239.0), (234.0, 245.0), (249.0, 255.0), (260.0, 269.0), (286.0, 288.0), (303.0, 300.0), (314.0, 310.0), (321.0, 313.0)]}
[DEBUG] mask nonzero = 228
[DEBUG] found 3 raw contours
[DEBUG] kept 3 candidates after filtering
[DEBUG] roi_desc = {'type': 'polygon', 'polygon': [(329.0, 318.0), (351.0, 301.0), (373.0, 280.0), (395.0, 264.0), (410.0, 237.0), (399.0, 194.0), (357.0, 161.0), (310.0, 167.0), (271.0, 175.0), (237.0, 188.0), (221.0, 208.0), (219.0, 222.0), (219.0, 239.0), (234.0, 245.0), (249.0, 255.0), (260.0, 269.0), (286.0, 288.0), (303.0, 300.0), (314.0, 310.0), (321.0, 313.0)]}
[DEBUG] mask nonzero = 237
[DEBUG] found 3 raw contours
[DEBUG] kept 3 candidates after filtering
[DEBUG] roi_desc = {'type': 'polygon', 'polygon': [(329.0, 318.0), (351.0, 301.0), (373.0, 280.0), (395.0, 264.0), (410.0, 237.0), (399.0, 194.0), (357.0, 161.0), (310.0, 167.0), (271.0, 175.0), (237.0, 188.0), (221.0, 208.0), (219.0, 222.0), (219.0, 239.0), (234.0, 245.0), (249.0, 255.0), (260.0, 269.0), (286.0, 288.0), (303.0, 300.0), (314.0, 310.0), (321.0, 313.0)]}
[DEBUG] mask nonzero = 228
[DEBUG] found 3 raw contours
[DEBUG] kept 3 candidates after filtering
[DEBUG] roi_desc = {'type': 'polygon', 'polygon': [(329.0, 318.0), (351.0, 301.0), (373.0, 280.0), (395.0, 264.0), (410.0, 237.0), (399.0, 194.0), (357.0, 161.0), (310.0, 167.0), (271.0, 175.0), (237.0, 188.0), (221.0, 208.0), (219.0, 222.0), (219.0, 239.0), (234.0, 245.0), (249.0, 255.0), (260.0, 269.0), (286.0, 288.0), (303.0, 300.0), (314.0, 310.0), (321.0, 313.0)]}
[DEBUG] mask nonzero = 224
[DEBUG] found 3 raw contours
[DEBUG] kept 3 candidates after filtering
[DEBUG] roi_desc = {'type': 'polygon', 'polygon': [(329.0, 318.0), (351.0, 301.0), (373.0, 280.0), (395.0, 264.0), (410.0, 237.0), (399.0, 194.0), (357.0, 161.0), (310.0, 167.0), (271.0, 175.0), (237.0, 188.0), (221.0, 208.0), (219.0, 222.0), (219.0, 239.0), (234.0, 245.0), (249.0, 255.0), (260.0, 269.0), (286.0, 288.0), (303.0, 300.0), (314.0, 310.0), (321.0, 313.0)]}
[DEBUG] mask nonzero = 233
[DEBUG] found 3 raw contours
[DEBUG] kept 3 candidates after filtering
[DEBUG] roi_desc = {'type': 'polygon', 'polygon': [(329.0, 318.0), (351.0, 301.0), (373.0, 280.0), (395.0, 264.0), (410.0, 237.0), (399.0, 194.0), (357.0, 161.0), (310.0, 167.0), (271.0, 175.0), (237.0, 188.0), (221.0, 208.0), (219.0, 222.0), (219.0, 239.0), (234.0, 245.0), (249.0, 255.0), (260.0, 269.0), (286.0, 288.0), (303.0, 300.0), (314.0, 310.0), (321.0, 313.0)]}
[DEBUG] mask nonzero = 224
[DEBUG] found 3 raw contours
[DEBUG] kept 3 candidates after filtering
[DEBUG] roi_desc = {'type': 'polygon', 'polygon': [(329.0, 318.0), (351.0, 301.0), (373.0, 280.0), (395.0, 264.0), (410.0, 237.0), (399.0, 194.0), (357.0, 161.0), (310.0, 167.0), (271.0, 175.0), (237.0, 188.0), (221.0, 208.0), (219.0, 222.0), (219.0, 239.0), (234.0, 245.0), (249.0, 255.0), (260.0, 269.0), (286.0, 288.0), (303.0, 300.0), (314.0, 310.0), (321.0, 313.0)]}
[DEBUG] mask nonzero = 221
[DEBUG] found 3 raw contours
[DEBUG] kept 3 candidates after filtering
[DEBUG] roi_desc = {'type': 'polygon', 'polygon': [(329.0, 318.0), (351.0, 301.0), (373.0, 280.0), (395.0, 264.0), (410.0, 237.0), (399.0, 194.0), (357.0, 161.0), (310.0, 167.0), (271.0, 175.0), (237.0, 188.0), (221.0, 208.0), (219.0, 222.0), (219.0, 239.0), (234.0, 245.0), (249.0, 255.0), (260.0, 269.0), (286.0, 288.0), (303.0, 300.0), (314.0, 310.0), (321.0, 313.0)]}
[DEBUG] mask nonzero = 216
[DEBUG] found 3 raw contours
[DEBUG] kept 3 candidates after filtering
[DEBUG] roi_desc = {'type': 'polygon', 'polygon': [(329.0, 318.0), (351.0, 301.0), (373.0, 280.0), (395.0, 264.0), (410.0, 237.0), (399.0, 194.0), (357.0, 161.0), (310.0, 167.0), (271.0, 175.0), (237.0, 188.0), (221.0, 208.0), (219.0, 222.0), (219.0, 239.0), (234.0, 245.0), (249.0, 255.0), (260.0, 269.0), (286.0, 288.0), (303.0, 300.0), (314.0, 310.0), (321.0, 313.0)]}
[DEBUG] mask nonzero = 224
[DEBUG] found 3 raw contours
[DEBUG] kept 3 candidates after filtering
[  20] i= 21/131 |e|=  1.31mm ins=33.2mm
[DEBUG] roi_desc = {'type': 'polygon', 'polygon': [(329.0, 318.0), (351.0, 301.0), (373.0, 280.0), (395.0, 264.0), (410.0, 237.0), (399.0, 194.0), (357.0, 161.0), (310.0, 167.0), (271.0, 175.0), (237.0, 188.0), (221.0, 208.0), (219.0, 222.0), (219.0, 239.0), (234.0, 245.0), (249.0, 255.0), (260.0, 269.0), (286.0, 288.0), (303.0, 300.0), (314.0, 310.0), (321.0, 313.0)]}
[DEBUG] mask nonzero = 219
[DEBUG] found 3 raw contours
[DEBUG] kept 3 candidates after filtering
[DEBUG] roi_desc = {'type': 'polygon', 'polygon': [(329.0, 318.0), (351.0, 301.0), (373.0, 280.0), (395.0, 264.0), (410.0, 237.0), (399.0, 194.0), (357.0, 161.0), (310.0, 167.0), (271.0, 175.0), (237.0, 188.0), (221.0, 208.0), (219.0, 222.0), (219.0, 239.0), (234.0, 245.0), (249.0, 255.0), (260.0, 269.0), (286.0, 288.0), (303.0, 300.0), (314.0, 310.0), (321.0, 313.0)]}
[DEBUG] mask nonzero = 213
[DEBUG] found 3 raw contours
[DEBUG] kept 3 candidates after filtering
[DEBUG] roi_desc = {'type': 'polygon', 'polygon': [(329.0, 318.0), (351.0, 301.0), (373.0, 280.0), (395.0, 264.0), (410.0, 237.0), (399.0, 194.0), (357.0, 161.0), (310.0, 167.0), (271.0, 175.0), (237.0, 188.0), (221.0, 208.0), (219.0, 222.0), (219.0, 239.0), (234.0, 245.0), (249.0, 255.0), (260.0, 269.0), (286.0, 288.0), (303.0, 300.0), (314.0, 310.0), (321.0, 313.0)]}
[DEBUG] mask nonzero = 220
[DEBUG] found 3 raw contours
[DEBUG] kept 3 candidates after filtering
[DEBUG] roi_desc = {'type': 'polygon', 'polygon': [(329.0, 318.0), (351.0, 301.0), (373.0, 280.0), (395.0, 264.0), (410.0, 237.0), (399.0, 194.0), (357.0, 161.0), (310.0, 167.0), (271.0, 175.0), (237.0, 188.0), (221.0, 208.0), (219.0, 222.0), (219.0, 239.0), (234.0, 245.0), (249.0, 255.0), (260.0, 269.0), (286.0, 288.0), (303.0, 300.0), (314.0, 310.0), (321.0, 313.0)]}
[DEBUG] mask nonzero = 215
[DEBUG] found 3 raw contours
[DEBUG] kept 3 candidates after filtering
[DEBUG] roi_desc = {'type': 'polygon', 'polygon': [(329.0, 318.0), (351.0, 301.0), (373.0, 280.0), (395.0, 264.0), (410.0, 237.0), (399.0, 194.0), (357.0, 161.0), (310.0, 167.0), (271.0, 175.0), (237.0, 188.0), (221.0, 208.0), (219.0, 222.0), (219.0, 239.0), (234.0, 245.0), (249.0, 255.0), (260.0, 269.0), (286.0, 288.0), (303.0, 300.0), (314.0, 310.0), (321.0, 313.0)]}
[DEBUG] mask nonzero = 230
[DEBUG] found 3 raw contours
[DEBUG] kept 3 candidates after filtering
[DEBUG] roi_desc = {'type': 'polygon', 'polygon': [(329.0, 318.0), (351.0, 301.0), (373.0, 280.0), (395.0, 264.0), (410.0, 237.0), (399.0, 194.0), (357.0, 161.0), (310.0, 167.0), (271.0, 175.0), (237.0, 188.0), (221.0, 208.0), (219.0, 222.0), (219.0, 239.0), (234.0, 245.0), (249.0, 255.0), (260.0, 269.0), (286.0, 288.0), (303.0, 300.0), (314.0, 310.0), (321.0, 313.0)]}
[DEBUG] mask nonzero = 227
[DEBUG] found 3 raw contours
[DEBUG] kept 3 candidates after filtering
[DEBUG] roi_desc = {'type': 'polygon', 'polygon': [(329.0, 318.0), (351.0, 301.0), (373.0, 280.0), (395.0, 264.0), (410.0, 237.0), (399.0, 194.0), (357.0, 161.0), (310.0, 167.0), (271.0, 175.0), (237.0, 188.0), (221.0, 208.0), (219.0, 222.0), (219.0, 239.0), (234.0, 245.0), (249.0, 255.0), (260.0, 269.0), (286.0, 288.0), (303.0, 300.0), (314.0, 310.0), (321.0, 313.0)]}
[DEBUG] mask nonzero = 235
[DEBUG] found 3 raw contours
[DEBUG] kept 3 candidates after filtering
[DEBUG] roi_desc = {'type': 'polygon', 'polygon': [(329.0, 318.0), (351.0, 301.0), (373.0, 280.0), (395.0, 264.0), (410.0, 237.0), (399.0, 194.0), (357.0, 161.0), (310.0, 167.0), (271.0, 175.0), (237.0, 188.0), (221.0, 208.0), (219.0, 222.0), (219.0, 239.0), (234.0, 245.0), (249.0, 255.0), (260.0, 269.0), (286.0, 288.0), (303.0, 300.0), (314.0, 310.0), (321.0, 313.0)]}
[DEBUG] mask nonzero = 229
[DEBUG] found 3 raw contours
[DEBUG] kept 3 candidates after filtering
[DEBUG] roi_desc = {'type': 'polygon', 'polygon': [(329.0, 318.0), (351.0, 301.0), (373.0, 280.0), (395.0, 264.0), (410.0, 237.0), (399.0, 194.0), (357.0, 161.0), (310.0, 167.0), (271.0, 175.0), (237.0, 188.0), (221.0, 208.0), (219.0, 222.0), (219.0, 239.0), (234.0, 245.0), (249.0, 255.0), (260.0, 269.0), (286.0, 288.0), (303.0, 300.0), (314.0, 310.0), (321.0, 313.0)]}
[DEBUG] mask nonzero = 230
[DEBUG] found 3 raw contours
[DEBUG] kept 3 candidates after filtering
[DEBUG] roi_desc = {'type': 'polygon', 'polygon': [(329.0, 318.0), (351.0, 301.0), (373.0, 280.0), (395.0, 264.0), (410.0, 237.0), (399.0, 194.0), (357.0, 161.0), (310.0, 167.0), (271.0, 175.0), (237.0, 188.0), (221.0, 208.0), (219.0, 222.0), (219.0, 239.0), (234.0, 245.0), (249.0, 255.0), (260.0, 269.0), (286.0, 288.0), (303.0, 300.0), (314.0, 310.0), (321.0, 313.0)]}
[DEBUG] mask nonzero = 232
[DEBUG] found 3 raw contours
[DEBUG] kept 3 candidates after filtering
[DEBUG] roi_desc = {'type': 'polygon', 'polygon': [(329.0, 318.0), (351.0, 301.0), (373.0, 280.0), (395.0, 264.0), (410.0, 237.0), (399.0, 194.0), (357.0, 161.0), (310.0, 167.0), (271.0, 175.0), (237.0, 188.0), (221.0, 208.0), (219.0, 222.0), (219.0, 239.0), (234.0, 245.0), (249.0, 255.0), (260.0, 269.0), (286.0, 288.0), (303.0, 300.0), (314.0, 310.0), (321.0, 313.0)]}
[DEBUG] mask nonzero = 233
[DEBUG] found 3 raw contours
[DEBUG] kept 3 candidates after filtering
[DEBUG] roi_desc = {'type': 'polygon', 'polygon': [(329.0, 318.0), (351.0, 301.0), (373.0, 280.0), (395.0, 264.0), (410.0, 237.0), (399.0, 194.0), (357.0, 161.0), (310.0, 167.0), (271.0, 175.0), (237.0, 188.0), (221.0, 208.0), (219.0, 222.0), (219.0, 239.0), (234.0, 245.0), (249.0, 255.0), (260.0, 269.0), (286.0, 288.0), (303.0, 300.0), (314.0, 310.0), (321.0, 313.0)]}
[DEBUG] mask nonzero = 225
[DEBUG] found 3 raw contours
[DEBUG] kept 3 candidates after filtering
[DEBUG] roi_desc = {'type': 'polygon', 'polygon': [(329.0, 318.0), (351.0, 301.0), (373.0, 280.0), (395.0, 264.0), (410.0, 237.0), (399.0, 194.0), (357.0, 161.0), (310.0, 167.0), (271.0, 175.0), (237.0, 188.0), (221.0, 208.0), (219.0, 222.0), (219.0, 239.0), (234.0, 245.0), (249.0, 255.0), (260.0, 269.0), (286.0, 288.0), (303.0, 300.0), (314.0, 310.0), (321.0, 313.0)]}
[DEBUG] mask nonzero = 229
[DEBUG] found 3 raw contours
[DEBUG] kept 3 candidates after filtering
[DEBUG] roi_desc = {'type': 'polygon', 'polygon': [(329.0, 318.0), (351.0, 301.0), (373.0, 280.0), (395.0, 264.0), (410.0, 237.0), (399.0, 194.0), (357.0, 161.0), (310.0, 167.0), (271.0, 175.0), (237.0, 188.0), (221.0, 208.0), (219.0, 222.0), (219.0, 239.0), (234.0, 245.0), (249.0, 255.0), (260.0, 269.0), (286.0, 288.0), (303.0, 300.0), (314.0, 310.0), (321.0, 313.0)]}
[DEBUG] mask nonzero = 231
[DEBUG] found 3 raw contours
[DEBUG] kept 3 candidates after filtering
[DEBUG] roi_desc = {'type': 'polygon', 'polygon': [(329.0, 318.0), (351.0, 301.0), (373.0, 280.0), (395.0, 264.0), (410.0, 237.0), (399.0, 194.0), (357.0, 161.0), (310.0, 167.0), (271.0, 175.0), (237.0, 188.0), (221.0, 208.0), (219.0, 222.0), (219.0, 239.0), (234.0, 245.0), (249.0, 255.0), (260.0, 269.0), (286.0, 288.0), (303.0, 300.0), (314.0, 310.0), (321.0, 313.0)]}
[DEBUG] mask nonzero = 227
[DEBUG] found 3 raw contours
[DEBUG] kept 3 candidates after filtering
[DEBUG] roi_desc = {'type': 'polygon', 'polygon': [(329.0, 318.0), (351.0, 301.0), (373.0, 280.0), (395.0, 264.0), (410.0, 237.0), (399.0, 194.0), (357.0, 161.0), (310.0, 167.0), (271.0, 175.0), (237.0, 188.0), (221.0, 208.0), (219.0, 222.0), (219.0, 239.0), (234.0, 245.0), (249.0, 255.0), (260.0, 269.0), (286.0, 288.0), (303.0, 300.0), (314.0, 310.0), (321.0, 313.0)]}
[DEBUG] mask nonzero = 229
[DEBUG] found 3 raw contours
[DEBUG] kept 3 candidates after filtering
[DEBUG] roi_desc = {'type': 'polygon', 'polygon': [(329.0, 318.0), (351.0, 301.0), (373.0, 280.0), (395.0, 264.0), (410.0, 237.0), (399.0, 194.0), (357.0, 161.0), (310.0, 167.0), (271.0, 175.0), (237.0, 188.0), (221.0, 208.0), (219.0, 222.0), (219.0, 239.0), (234.0, 245.0), (249.0, 255.0), (260.0, 269.0), (286.0, 288.0), (303.0, 300.0), (314.0, 310.0), (321.0, 313.0)]}
[DEBUG] mask nonzero = 233
[DEBUG] found 3 raw contours
[DEBUG] kept 3 candidates after filtering
[DEBUG] roi_desc = {'type': 'polygon', 'polygon': [(329.0, 318.0), (351.0, 301.0), (373.0, 280.0), (395.0, 264.0), (410.0, 237.0), (399.0, 194.0), (357.0, 161.0), (310.0, 167.0), (271.0, 175.0), (237.0, 188.0), (221.0, 208.0), (219.0, 222.0), (219.0, 239.0), (234.0, 245.0), (249.0, 255.0), (260.0, 269.0), (286.0, 288.0), (303.0, 300.0), (314.0, 310.0), (321.0, 313.0)]}
[DEBUG] mask nonzero = 225
[DEBUG] found 3 raw contours
[DEBUG] kept 3 candidates after filtering
[DEBUG] roi_desc = {'type': 'polygon', 'polygon': [(329.0, 318.0), (351.0, 301.0), (373.0, 280.0), (395.0, 264.0), (410.0, 237.0), (399.0, 194.0), (357.0, 161.0), (310.0, 167.0), (271.0, 175.0), (237.0, 188.0), (221.0, 208.0), (219.0, 222.0), (219.0, 239.0), (234.0, 245.0), (249.0, 255.0), (260.0, 269.0), (286.0, 288.0), (303.0, 300.0), (314.0, 310.0), (321.0, 313.0)]}
[DEBUG] mask nonzero = 224
[DEBUG] found 3 raw contours
[DEBUG] kept 3 candidates after filtering
[  30] i= 31/131 |e|=  1.57mm ins=34.8mm
[DEBUG] roi_desc = {'type': 'polygon', 'polygon': [(329.0, 318.0), (351.0, 301.0), (373.0, 280.0), (395.0, 264.0), (410.0, 237.0), (399.0, 194.0), (357.0, 161.0), (310.0, 167.0), (271.0, 175.0), (237.0, 188.0), (221.0, 208.0), (219.0, 222.0), (219.0, 239.0), (234.0, 245.0), (249.0, 255.0), (260.0, 269.0), (286.0, 288.0), (303.0, 300.0), (314.0, 310.0), (321.0, 313.0)]}
[DEBUG] mask nonzero = 224
[DEBUG] found 3 raw contours
[DEBUG] kept 3 candidates after filtering
[DEBUG] roi_desc = {'type': 'polygon', 'polygon': [(329.0, 318.0), (351.0, 301.0), (373.0, 280.0), (395.0, 264.0), (410.0, 237.0), (399.0, 194.0), (357.0, 161.0), (310.0, 167.0), (271.0, 175.0), (237.0, 188.0), (221.0, 208.0), (219.0, 222.0), (219.0, 239.0), (234.0, 245.0), (249.0, 255.0), (260.0, 269.0), (286.0, 288.0), (303.0, 300.0), (314.0, 310.0), (321.0, 313.0)]}
[DEBUG] mask nonzero = 218
[DEBUG] found 3 raw contours
[DEBUG] kept 3 candidates after filtering
[DEBUG] roi_desc = {'type': 'polygon', 'polygon': [(329.0, 318.0), (351.0, 301.0), (373.0, 280.0), (395.0, 264.0), (410.0, 237.0), (399.0, 194.0), (357.0, 161.0), (310.0, 167.0), (271.0, 175.0), (237.0, 188.0), (221.0, 208.0), (219.0, 222.0), (219.0, 239.0), (234.0, 245.0), (249.0, 255.0), (260.0, 269.0), (286.0, 288.0), (303.0, 300.0), (314.0, 310.0), (321.0, 313.0)]}
[DEBUG] mask nonzero = 224
[DEBUG] found 3 raw contours
[DEBUG] kept 3 candidates after filtering
[DEBUG] roi_desc = {'type': 'polygon', 'polygon': [(329.0, 318.0), (351.0, 301.0), (373.0, 280.0), (395.0, 264.0), (410.0, 237.0), (399.0, 194.0), (357.0, 161.0), (310.0, 167.0), (271.0, 175.0), (237.0, 188.0), (221.0, 208.0), (219.0, 222.0), (219.0, 239.0), (234.0, 245.0), (249.0, 255.0), (260.0, 269.0), (286.0, 288.0), (303.0, 300.0), (314.0, 310.0), (321.0, 313.0)]}
[DEBUG] mask nonzero = 231
[DEBUG] found 3 raw contours
[DEBUG] kept 3 candidates after filtering
[DEBUG] roi_desc = {'type': 'polygon', 'polygon': [(329.0, 318.0), (351.0, 301.0), (373.0, 280.0), (395.0, 264.0), (410.0, 237.0), (399.0, 194.0), (357.0, 161.0), (310.0, 167.0), (271.0, 175.0), (237.0, 188.0), (221.0, 208.0), (219.0, 222.0), (219.0, 239.0), (234.0, 245.0), (249.0, 255.0), (260.0, 269.0), (286.0, 288.0), (303.0, 300.0), (314.0, 310.0), (321.0, 313.0)]}
[DEBUG] mask nonzero = 222
[DEBUG] found 3 raw contours
[DEBUG] kept 3 candidates after filtering
[DEBUG] roi_desc = {'type': 'polygon', 'polygon': [(329.0, 318.0), (351.0, 301.0), (373.0, 280.0), (395.0, 264.0), (410.0, 237.0), (399.0, 194.0), (357.0, 161.0), (310.0, 167.0), (271.0, 175.0), (237.0, 188.0), (221.0, 208.0), (219.0, 222.0), (219.0, 239.0), (234.0, 245.0), (249.0, 255.0), (260.0, 269.0), (286.0, 288.0), (303.0, 300.0), (314.0, 310.0), (321.0, 313.0)]}
[DEBUG] mask nonzero = 226
[DEBUG] found 3 raw contours
[DEBUG] kept 3 candidates after filtering
[DEBUG] roi_desc = {'type': 'polygon', 'polygon': [(329.0, 318.0), (351.0, 301.0), (373.0, 280.0), (395.0, 264.0), (410.0, 237.0), (399.0, 194.0), (357.0, 161.0), (310.0, 167.0), (271.0, 175.0), (237.0, 188.0), (221.0, 208.0), (219.0, 222.0), (219.0, 239.0), (234.0, 245.0), (249.0, 255.0), (260.0, 269.0), (286.0, 288.0), (303.0, 300.0), (314.0, 310.0), (321.0, 313.0)]}
[DEBUG] mask nonzero = 218
[DEBUG] found 3 raw contours
[DEBUG] kept 3 candidates after filtering
[DEBUG] roi_desc = {'type': 'polygon', 'polygon': [(329.0, 318.0), (351.0, 301.0), (373.0, 280.0), (395.0, 264.0), (410.0, 237.0), (399.0, 194.0), (357.0, 161.0), (310.0, 167.0), (271.0, 175.0), (237.0, 188.0), (221.0, 208.0), (219.0, 222.0), (219.0, 239.0), (234.0, 245.0), (249.0, 255.0), (260.0, 269.0), (286.0, 288.0), (303.0, 300.0), (314.0, 310.0), (321.0, 313.0)]}
[DEBUG] mask nonzero = 233
[DEBUG] found 3 raw contours
[DEBUG] kept 3 candidates after filtering
[DEBUG] roi_desc = {'type': 'polygon', 'polygon': [(329.0, 318.0), (351.0, 301.0), (373.0, 280.0), (395.0, 264.0), (410.0, 237.0), (399.0, 194.0), (357.0, 161.0), (310.0, 167.0), (271.0, 175.0), (237.0, 188.0), (221.0, 208.0), (219.0, 222.0), (219.0, 239.0), (234.0, 245.0), (249.0, 255.0), (260.0, 269.0), (286.0, 288.0), (303.0, 300.0), (314.0, 310.0), (321.0, 313.0)]}
[DEBUG] mask nonzero = 226
[DEBUG] found 3 raw contours
[DEBUG] kept 3 candidates after filtering
[DEBUG] roi_desc = {'type': 'polygon', 'polygon': [(329.0, 318.0), (351.0, 301.0), (373.0, 280.0), (395.0, 264.0), (410.0, 237.0), (399.0, 194.0), (357.0, 161.0), (310.0, 167.0), (271.0, 175.0), (237.0, 188.0), (221.0, 208.0), (219.0, 222.0), (219.0, 239.0), (234.0, 245.0), (249.0, 255.0), (260.0, 269.0), (286.0, 288.0), (303.0, 300.0), (314.0, 310.0), (321.0, 313.0)]}
[DEBUG] mask nonzero = 233
[DEBUG] found 3 raw contours
[DEBUG] kept 3 candidates after filtering
[DEBUG] roi_desc = {'type': 'polygon', 'polygon': [(329.0, 318.0), (351.0, 301.0), (373.0, 280.0), (395.0, 264.0), (410.0, 237.0), (399.0, 194.0), (357.0, 161.0), (310.0, 167.0), (271.0, 175.0), (237.0, 188.0), (221.0, 208.0), (219.0, 222.0), (219.0, 239.0), (234.0, 245.0), (249.0, 255.0), (260.0, 269.0), (286.0, 288.0), (303.0, 300.0), (314.0, 310.0), (321.0, 313.0)]}
[DEBUG] mask nonzero = 224
[DEBUG] found 3 raw contours
[DEBUG] kept 3 candidates after filtering
[DEBUG] roi_desc = {'type': 'polygon', 'polygon': [(329.0, 318.0), (351.0, 301.0), (373.0, 280.0), (395.0, 264.0), (410.0, 237.0), (399.0, 194.0), (357.0, 161.0), (310.0, 167.0), (271.0, 175.0), (237.0, 188.0), (221.0, 208.0), (219.0, 222.0), (219.0, 239.0), (234.0, 245.0), (249.0, 255.0), (260.0, 269.0), (286.0, 288.0), (303.0, 300.0), (314.0, 310.0), (321.0, 313.0)]}
[DEBUG] mask nonzero = 226
[DEBUG] found 3 raw contours
[DEBUG] kept 3 candidates after filtering
[DEBUG] roi_desc = {'type': 'polygon', 'polygon': [(329.0, 318.0), (351.0, 301.0), (373.0, 280.0), (395.0, 264.0), (410.0, 237.0), (399.0, 194.0), (357.0, 161.0), (310.0, 167.0), (271.0, 175.0), (237.0, 188.0), (221.0, 208.0), (219.0, 222.0), (219.0, 239.0), (234.0, 245.0), (249.0, 255.0), (260.0, 269.0), (286.0, 288.0), (303.0, 300.0), (314.0, 310.0), (321.0, 313.0)]}
[DEBUG] mask nonzero = 225
[DEBUG] found 3 raw contours
[DEBUG] kept 3 candidates after filtering
[DEBUG] roi_desc = {'type': 'polygon', 'polygon': [(329.0, 318.0), (351.0, 301.0), (373.0, 280.0), (395.0, 264.0), (410.0, 237.0), (399.0, 194.0), (357.0, 161.0), (310.0, 167.0), (271.0, 175.0), (237.0, 188.0), (221.0, 208.0), (219.0, 222.0), (219.0, 239.0), (234.0, 245.0), (249.0, 255.0), (260.0, 269.0), (286.0, 288.0), (303.0, 300.0), (314.0, 310.0), (321.0, 313.0)]}
[DEBUG] mask nonzero = 221
[DEBUG] found 3 raw contours
[DEBUG] kept 3 candidates after filtering
[DEBUG] roi_desc = {'type': 'polygon', 'polygon': [(329.0, 318.0), (351.0, 301.0), (373.0, 280.0), (395.0, 264.0), (410.0, 237.0), (399.0, 194.0), (357.0, 161.0), (310.0, 167.0), (271.0, 175.0), (237.0, 188.0), (221.0, 208.0), (219.0, 222.0), (219.0, 239.0), (234.0, 245.0), (249.0, 255.0), (260.0, 269.0), (286.0, 288.0), (303.0, 300.0), (314.0, 310.0), (321.0, 313.0)]}
[DEBUG] mask nonzero = 218
[DEBUG] found 3 raw contours
[DEBUG] kept 3 candidates after filtering
[DEBUG] roi_desc = {'type': 'polygon', 'polygon': [(329.0, 318.0), (351.0, 301.0), (373.0, 280.0), (395.0, 264.0), (410.0, 237.0), (399.0, 194.0), (357.0, 161.0), (310.0, 167.0), (271.0, 175.0), (237.0, 188.0), (221.0, 208.0), (219.0, 222.0), (219.0, 239.0), (234.0, 245.0), (249.0, 255.0), (260.0, 269.0), (286.0, 288.0), (303.0, 300.0), (314.0, 310.0), (321.0, 313.0)]}
[DEBUG] mask nonzero = 218
[DEBUG] found 3 raw contours
[DEBUG] kept 3 candidates after filtering
[DEBUG] roi_desc = {'type': 'polygon', 'polygon': [(329.0, 318.0), (351.0, 301.0), (373.0, 280.0), (395.0, 264.0), (410.0, 237.0), (399.0, 194.0), (357.0, 161.0), (310.0, 167.0), (271.0, 175.0), (237.0, 188.0), (221.0, 208.0), (219.0, 222.0), (219.0, 239.0), (234.0, 245.0), (249.0, 255.0), (260.0, 269.0), (286.0, 288.0), (303.0, 300.0), (314.0, 310.0), (321.0, 313.0)]}
[DEBUG] mask nonzero = 233
[DEBUG] found 3 raw contours
[DEBUG] kept 3 candidates after filtering
[DEBUG] roi_desc = {'type': 'polygon', 'polygon': [(329.0, 318.0), (351.0, 301.0), (373.0, 280.0), (395.0, 264.0), (410.0, 237.0), (399.0, 194.0), (357.0, 161.0), (310.0, 167.0), (271.0, 175.0), (237.0, 188.0), (221.0, 208.0), (219.0, 222.0), (219.0, 239.0), (234.0, 245.0), (249.0, 255.0), (260.0, 269.0), (286.0, 288.0), (303.0, 300.0), (314.0, 310.0), (321.0, 313.0)]}
[DEBUG] mask nonzero = 223
[DEBUG] found 3 raw contours
[DEBUG] kept 3 candidates after filtering
[  40] i= 41/131 |e|=  1.83mm ins=36.4mm
[DEBUG] roi_desc = {'type': 'polygon', 'polygon': [(329.0, 318.0), (351.0, 301.0), (373.0, 280.0), (395.0, 264.0), (410.0, 237.0), (399.0, 194.0), (357.0, 161.0), (310.0, 167.0), (271.0, 175.0), (237.0, 188.0), (221.0, 208.0), (219.0, 222.0), (219.0, 239.0), (234.0, 245.0), (249.0, 255.0), (260.0, 269.0), (286.0, 288.0), (303.0, 300.0), (314.0, 310.0), (321.0, 313.0)]}
[DEBUG] mask nonzero = 220
[DEBUG] found 3 raw contours
[DEBUG] kept 3 candidates after filtering
[DEBUG] roi_desc = {'type': 'polygon', 'polygon': [(329.0, 318.0), (351.0, 301.0), (373.0, 280.0), (395.0, 264.0), (410.0, 237.0), (399.0, 194.0), (357.0, 161.0), (310.0, 167.0), (271.0, 175.0), (237.0, 188.0), (221.0, 208.0), (219.0, 222.0), (219.0, 239.0), (234.0, 245.0), (249.0, 255.0), (260.0, 269.0), (286.0, 288.0), (303.0, 300.0), (314.0, 310.0), (321.0, 313.0)]}
[DEBUG] mask nonzero = 221
[DEBUG] found 3 raw contours
[DEBUG] kept 3 candidates after filtering
[DEBUG] roi_desc = {'type': 'polygon', 'polygon': [(329.0, 318.0), (351.0, 301.0), (373.0, 280.0), (395.0, 264.0), (410.0, 237.0), (399.0, 194.0), (357.0, 161.0), (310.0, 167.0), (271.0, 175.0), (237.0, 188.0), (221.0, 208.0), (219.0, 222.0), (219.0, 239.0), (234.0, 245.0), (249.0, 255.0), (260.0, 269.0), (286.0, 288.0), (303.0, 300.0), (314.0, 310.0), (321.0, 313.0)]}
[DEBUG] mask nonzero = 226
[DEBUG] found 3 raw contours
[DEBUG] kept 3 candidates after filtering
[DEBUG] roi_desc = {'type': 'polygon', 'polygon': [(329.0, 318.0), (351.0, 301.0), (373.0, 280.0), (395.0, 264.0), (410.0, 237.0), (399.0, 194.0), (357.0, 161.0), (310.0, 167.0), (271.0, 175.0), (237.0, 188.0), (221.0, 208.0), (219.0, 222.0), (219.0, 239.0), (234.0, 245.0), (249.0, 255.0), (260.0, 269.0), (286.0, 288.0), (303.0, 300.0), (314.0, 310.0), (321.0, 313.0)]}
[DEBUG] mask nonzero = 224
[DEBUG] found 3 raw contours
[DEBUG] kept 3 candidates after filtering
[DEBUG] roi_desc = {'type': 'polygon', 'polygon': [(329.0, 318.0), (351.0, 301.0), (373.0, 280.0), (395.0, 264.0), (410.0, 237.0), (399.0, 194.0), (357.0, 161.0), (310.0, 167.0), (271.0, 175.0), (237.0, 188.0), (221.0, 208.0), (219.0, 222.0), (219.0, 239.0), (234.0, 245.0), (249.0, 255.0), (260.0, 269.0), (286.0, 288.0), (303.0, 300.0), (314.0, 310.0), (321.0, 313.0)]}
[DEBUG] mask nonzero = 226
[DEBUG] found 3 raw contours
[DEBUG] kept 3 candidates after filtering
[DEBUG] roi_desc = {'type': 'polygon', 'polygon': [(329.0, 318.0), (351.0, 301.0), (373.0, 280.0), (395.0, 264.0), (410.0, 237.0), (399.0, 194.0), (357.0, 161.0), (310.0, 167.0), (271.0, 175.0), (237.0, 188.0), (221.0, 208.0), (219.0, 222.0), (219.0, 239.0), (234.0, 245.0), (249.0, 255.0), (260.0, 269.0), (286.0, 288.0), (303.0, 300.0), (314.0, 310.0), (321.0, 313.0)]}
[DEBUG] mask nonzero = 219
[DEBUG] found 3 raw contours
[DEBUG] kept 3 candidates after filtering
[DEBUG] roi_desc = {'type': 'polygon', 'polygon': [(329.0, 318.0), (351.0, 301.0), (373.0, 280.0), (395.0, 264.0), (410.0, 237.0), (399.0, 194.0), (357.0, 161.0), (310.0, 167.0), (271.0, 175.0), (237.0, 188.0), (221.0, 208.0), (219.0, 222.0), (219.0, 239.0), (234.0, 245.0), (249.0, 255.0), (260.0, 269.0), (286.0, 288.0), (303.0, 300.0), (314.0, 310.0), (321.0, 313.0)]}
[DEBUG] mask nonzero = 215
[DEBUG] found 3 raw contours
[DEBUG] kept 3 candidates after filtering
[DEBUG] roi_desc = {'type': 'polygon', 'polygon': [(329.0, 318.0), (351.0, 301.0), (373.0, 280.0), (395.0, 264.0), (410.0, 237.0), (399.0, 194.0), (357.0, 161.0), (310.0, 167.0), (271.0, 175.0), (237.0, 188.0), (221.0, 208.0), (219.0, 222.0), (219.0, 239.0), (234.0, 245.0), (249.0, 255.0), (260.0, 269.0), (286.0, 288.0), (303.0, 300.0), (314.0, 310.0), (321.0, 313.0)]}
[DEBUG] mask nonzero = 221
[DEBUG] found 3 raw contours
[DEBUG] kept 3 candidates after filtering
[DEBUG] roi_desc = {'type': 'polygon', 'polygon': [(329.0, 318.0), (351.0, 301.0), (373.0, 280.0), (395.0, 264.0), (410.0, 237.0), (399.0, 194.0), (357.0, 161.0), (310.0, 167.0), (271.0, 175.0), (237.0, 188.0), (221.0, 208.0), (219.0, 222.0), (219.0, 239.0), (234.0, 245.0), (249.0, 255.0), (260.0, 269.0), (286.0, 288.0), (303.0, 300.0), (314.0, 310.0), (321.0, 313.0)]}
[DEBUG] mask nonzero = 217
[DEBUG] found 3 raw contours
[DEBUG] kept 3 candidates after filtering
[DEBUG] roi_desc = {'type': 'polygon', 'polygon': [(329.0, 318.0), (351.0, 301.0), (373.0, 280.0), (395.0, 264.0), (410.0, 237.0), (399.0, 194.0), (357.0, 161.0), (310.0, 167.0), (271.0, 175.0), (237.0, 188.0), (221.0, 208.0), (219.0, 222.0), (219.0, 239.0), (234.0, 245.0), (249.0, 255.0), (260.0, 269.0), (286.0, 288.0), (303.0, 300.0), (314.0, 310.0), (321.0, 313.0)]}
[DEBUG] mask nonzero = 235
[DEBUG] found 3 raw contours
[DEBUG] kept 3 candidates after filtering
[DEBUG] roi_desc = {'type': 'polygon', 'polygon': [(329.0, 318.0), (351.0, 301.0), (373.0, 280.0), (395.0, 264.0), (410.0, 237.0), (399.0, 194.0), (357.0, 161.0), (310.0, 167.0), (271.0, 175.0), (237.0, 188.0), (221.0, 208.0), (219.0, 222.0), (219.0, 239.0), (234.0, 245.0), (249.0, 255.0), (260.0, 269.0), (286.0, 288.0), (303.0, 300.0), (314.0, 310.0), (321.0, 313.0)]}
[DEBUG] mask nonzero = 222
[DEBUG] found 3 raw contours
[DEBUG] kept 3 candidates after filtering
[DEBUG] roi_desc = {'type': 'polygon', 'polygon': [(329.0, 318.0), (351.0, 301.0), (373.0, 280.0), (395.0, 264.0), (410.0, 237.0), (399.0, 194.0), (357.0, 161.0), (310.0, 167.0), (271.0, 175.0), (237.0, 188.0), (221.0, 208.0), (219.0, 222.0), (219.0, 239.0), (234.0, 245.0), (249.0, 255.0), (260.0, 269.0), (286.0, 288.0), (303.0, 300.0), (314.0, 310.0), (321.0, 313.0)]}
[DEBUG] mask nonzero = 226
[DEBUG] found 3 raw contours
[DEBUG] kept 3 candidates after filtering
[DEBUG] roi_desc = {'type': 'polygon', 'polygon': [(329.0, 318.0), (351.0, 301.0), (373.0, 280.0), (395.0, 264.0), (410.0, 237.0), (399.0, 194.0), (357.0, 161.0), (310.0, 167.0), (271.0, 175.0), (237.0, 188.0), (221.0, 208.0), (219.0, 222.0), (219.0, 239.0), (234.0, 245.0), (249.0, 255.0), (260.0, 269.0), (286.0, 288.0), (303.0, 300.0), (314.0, 310.0), (321.0, 313.0)]}
[DEBUG] mask nonzero = 230
[DEBUG] found 3 raw contours
[DEBUG] kept 3 candidates after filtering
[DEBUG] roi_desc = {'type': 'polygon', 'polygon': [(329.0, 318.0), (351.0, 301.0), (373.0, 280.0), (395.0, 264.0), (410.0, 237.0), (399.0, 194.0), (357.0, 161.0), (310.0, 167.0), (271.0, 175.0), (237.0, 188.0), (221.0, 208.0), (219.0, 222.0), (219.0, 239.0), (234.0, 245.0), (249.0, 255.0), (260.0, 269.0), (286.0, 288.0), (303.0, 300.0), (314.0, 310.0), (321.0, 313.0)]}
[DEBUG] mask nonzero = 225
[DEBUG] found 3 raw contours
[DEBUG] kept 3 candidates after filtering
[DEBUG] roi_desc = {'type': 'polygon', 'polygon': [(329.0, 318.0), (351.0, 301.0), (373.0, 280.0), (395.0, 264.0), (410.0, 237.0), (399.0, 194.0), (357.0, 161.0), (310.0, 167.0), (271.0, 175.0), (237.0, 188.0), (221.0, 208.0), (219.0, 222.0), (219.0, 239.0), (234.0, 245.0), (249.0, 255.0), (260.0, 269.0), (286.0, 288.0), (303.0, 300.0), (314.0, 310.0), (321.0, 313.0)]}
[DEBUG] mask nonzero = 228
[DEBUG] found 3 raw contours
[DEBUG] kept 3 candidates after filtering
[DEBUG] roi_desc = {'type': 'polygon', 'polygon': [(329.0, 318.0), (351.0, 301.0), (373.0, 280.0), (395.0, 264.0), (410.0, 237.0), (399.0, 194.0), (357.0, 161.0), (310.0, 167.0), (271.0, 175.0), (237.0, 188.0), (221.0, 208.0), (219.0, 222.0), (219.0, 239.0), (234.0, 245.0), (249.0, 255.0), (260.0, 269.0), (286.0, 288.0), (303.0, 300.0), (314.0, 310.0), (321.0, 313.0)]}
[DEBUG] mask nonzero = 219
[DEBUG] found 3 raw contours
[DEBUG] kept 3 candidates after filtering
[DEBUG] roi_desc = {'type': 'polygon', 'polygon': [(329.0, 318.0), (351.0, 301.0), (373.0, 280.0), (395.0, 264.0), (410.0, 237.0), (399.0, 194.0), (357.0, 161.0), (310.0, 167.0), (271.0, 175.0), (237.0, 188.0), (221.0, 208.0), (219.0, 222.0), (219.0, 239.0), (234.0, 245.0), (249.0, 255.0), (260.0, 269.0), (286.0, 288.0), (303.0, 300.0), (314.0, 310.0), (321.0, 313.0)]}
[DEBUG] mask nonzero = 227
[DEBUG] found 3 raw contours
[DEBUG] kept 3 candidates after filtering
[DEBUG] roi_desc = {'type': 'polygon', 'polygon': [(329.0, 318.0), (351.0, 301.0), (373.0, 280.0), (395.0, 264.0), (410.0, 237.0), (399.0, 194.0), (357.0, 161.0), (310.0, 167.0), (271.0, 175.0), (237.0, 188.0), (221.0, 208.0), (219.0, 222.0), (219.0, 239.0), (234.0, 245.0), (249.0, 255.0), (260.0, 269.0), (286.0, 288.0), (303.0, 300.0), (314.0, 310.0), (321.0, 313.0)]}
[DEBUG] mask nonzero = 221
[DEBUG] found 3 raw contours
[DEBUG] kept 3 candidates after filtering
[DEBUG] roi_desc = {'type': 'polygon', 'polygon': [(329.0, 318.0), (351.0, 301.0), (373.0, 280.0), (395.0, 264.0), (410.0, 237.0), (399.0, 194.0), (357.0, 161.0), (310.0, 167.0), (271.0, 175.0), (237.0, 188.0), (221.0, 208.0), (219.0, 222.0), (219.0, 239.0), (234.0, 245.0), (249.0, 255.0), (260.0, 269.0), (286.0, 288.0), (303.0, 300.0), (314.0, 310.0), (321.0, 313.0)]}
[DEBUG] mask nonzero = 221
[DEBUG] found 3 raw contours
[DEBUG] kept 3 candidates after filtering
[  50] i= 51/131 |e|=  1.73mm ins=37.7mm
[DEBUG] roi_desc = {'type': 'polygon', 'polygon': [(329.0, 318.0), (351.0, 301.0), (373.0, 280.0), (395.0, 264.0), (410.0, 237.0), (399.0, 194.0), (357.0, 161.0), (310.0, 167.0), (271.0, 175.0), (237.0, 188.0), (221.0, 208.0), (219.0, 222.0), (219.0, 239.0), (234.0, 245.0), (249.0, 255.0), (260.0, 269.0), (286.0, 288.0), (303.0, 300.0), (314.0, 310.0), (321.0, 313.0)]}
[DEBUG] mask nonzero = 231
[DEBUG] found 3 raw contours
[DEBUG] kept 3 candidates after filtering
[DEBUG] roi_desc = {'type': 'polygon', 'polygon': [(329.0, 318.0), (351.0, 301.0), (373.0, 280.0), (395.0, 264.0), (410.0, 237.0), (399.0, 194.0), (357.0, 161.0), (310.0, 167.0), (271.0, 175.0), (237.0, 188.0), (221.0, 208.0), (219.0, 222.0), (219.0, 239.0), (234.0, 245.0), (249.0, 255.0), (260.0, 269.0), (286.0, 288.0), (303.0, 300.0), (314.0, 310.0), (321.0, 313.0)]}
[DEBUG] mask nonzero = 222
[DEBUG] found 3 raw contours
[DEBUG] kept 3 candidates after filtering
[DEBUG] roi_desc = {'type': 'polygon', 'polygon': [(329.0, 318.0), (351.0, 301.0), (373.0, 280.0), (395.0, 264.0), (410.0, 237.0), (399.0, 194.0), (357.0, 161.0), (310.0, 167.0), (271.0, 175.0), (237.0, 188.0), (221.0, 208.0), (219.0, 222.0), (219.0, 239.0), (234.0, 245.0), (249.0, 255.0), (260.0, 269.0), (286.0, 288.0), (303.0, 300.0), (314.0, 310.0), (321.0, 313.0)]}
[DEBUG] mask nonzero = 231
[DEBUG] found 3 raw contours
[DEBUG] kept 3 candidates after filtering
[DEBUG] roi_desc = {'type': 'polygon', 'polygon': [(329.0, 318.0), (351.0, 301.0), (373.0, 280.0), (395.0, 264.0), (410.0, 237.0), (399.0, 194.0), (357.0, 161.0), (310.0, 167.0), (271.0, 175.0), (237.0, 188.0), (221.0, 208.0), (219.0, 222.0), (219.0, 239.0), (234.0, 245.0), (249.0, 255.0), (260.0, 269.0), (286.0, 288.0), (303.0, 300.0), (314.0, 310.0), (321.0, 313.0)]}
[DEBUG] mask nonzero = 217
[DEBUG] found 3 raw contours
[DEBUG] kept 3 candidates after filtering
[DEBUG] roi_desc = {'type': 'polygon', 'polygon': [(329.0, 318.0), (351.0, 301.0), (373.0, 280.0), (395.0, 264.0), (410.0, 237.0), (399.0, 194.0), (357.0, 161.0), (310.0, 167.0), (271.0, 175.0), (237.0, 188.0), (221.0, 208.0), (219.0, 222.0), (219.0, 239.0), (234.0, 245.0), (249.0, 255.0), (260.0, 269.0), (286.0, 288.0), (303.0, 300.0), (314.0, 310.0), (321.0, 313.0)]}
[DEBUG] mask nonzero = 205
[DEBUG] found 3 raw contours
[DEBUG] kept 3 candidates after filtering
[DEBUG] roi_desc = {'type': 'polygon', 'polygon': [(329.0, 318.0), (351.0, 301.0), (373.0, 280.0), (395.0, 264.0), (410.0, 237.0), (399.0, 194.0), (357.0, 161.0), (310.0, 167.0), (271.0, 175.0), (237.0, 188.0), (221.0, 208.0), (219.0, 222.0), (219.0, 239.0), (234.0, 245.0), (249.0, 255.0), (260.0, 269.0), (286.0, 288.0), (303.0, 300.0), (314.0, 310.0), (321.0, 313.0)]}
[DEBUG] mask nonzero = 224
[DEBUG] found 3 raw contours
[DEBUG] kept 3 candidates after filtering
[DEBUG] roi_desc = {'type': 'polygon', 'polygon': [(329.0, 318.0), (351.0, 301.0), (373.0, 280.0), (395.0, 264.0), (410.0, 237.0), (399.0, 194.0), (357.0, 161.0), (310.0, 167.0), (271.0, 175.0), (237.0, 188.0), (221.0, 208.0), (219.0, 222.0), (219.0, 239.0), (234.0, 245.0), (249.0, 255.0), (260.0, 269.0), (286.0, 288.0), (303.0, 300.0), (314.0, 310.0), (321.0, 313.0)]}
[DEBUG] mask nonzero = 225
[DEBUG] found 3 raw contours
[DEBUG] kept 3 candidates after filtering
[DEBUG] roi_desc = {'type': 'polygon', 'polygon': [(329.0, 318.0), (351.0, 301.0), (373.0, 280.0), (395.0, 264.0), (410.0, 237.0), (399.0, 194.0), (357.0, 161.0), (310.0, 167.0), (271.0, 175.0), (237.0, 188.0), (221.0, 208.0), (219.0, 222.0), (219.0, 239.0), (234.0, 245.0), (249.0, 255.0), (260.0, 269.0), (286.0, 288.0), (303.0, 300.0), (314.0, 310.0), (321.0, 313.0)]}
[DEBUG] mask nonzero = 217
[DEBUG] found 3 raw contours
[DEBUG] kept 3 candidates after filtering
[DEBUG] roi_desc = {'type': 'polygon', 'polygon': [(329.0, 318.0), (351.0, 301.0), (373.0, 280.0), (395.0, 264.0), (410.0, 237.0), (399.0, 194.0), (357.0, 161.0), (310.0, 167.0), (271.0, 175.0), (237.0, 188.0), (221.0, 208.0), (219.0, 222.0), (219.0, 239.0), (234.0, 245.0), (249.0, 255.0), (260.0, 269.0), (286.0, 288.0), (303.0, 300.0), (314.0, 310.0), (321.0, 313.0)]}
[DEBUG] mask nonzero = 227
[DEBUG] found 3 raw contours
[DEBUG] kept 3 candidates after filtering
[DEBUG] roi_desc = {'type': 'polygon', 'polygon': [(329.0, 318.0), (351.0, 301.0), (373.0, 280.0), (395.0, 264.0), (410.0, 237.0), (399.0, 194.0), (357.0, 161.0), (310.0, 167.0), (271.0, 175.0), (237.0, 188.0), (221.0, 208.0), (219.0, 222.0), (219.0, 239.0), (234.0, 245.0), (249.0, 255.0), (260.0, 269.0), (286.0, 288.0), (303.0, 300.0), (314.0, 310.0), (321.0, 313.0)]}
[DEBUG] mask nonzero = 223
[DEBUG] found 3 raw contours
[DEBUG] kept 3 candidates after filtering
[DEBUG] roi_desc = {'type': 'polygon', 'polygon': [(329.0, 318.0), (351.0, 301.0), (373.0, 280.0), (395.0, 264.0), (410.0, 237.0), (399.0, 194.0), (357.0, 161.0), (310.0, 167.0), (271.0, 175.0), (237.0, 188.0), (221.0, 208.0), (219.0, 222.0), (219.0, 239.0), (234.0, 245.0), (249.0, 255.0), (260.0, 269.0), (286.0, 288.0), (303.0, 300.0), (314.0, 310.0), (321.0, 313.0)]}
[DEBUG] mask nonzero = 223
[DEBUG] found 3 raw contours
[DEBUG] kept 3 candidates after filtering
[DEBUG] roi_desc = {'type': 'polygon', 'polygon': [(329.0, 318.0), (351.0, 301.0), (373.0, 280.0), (395.0, 264.0), (410.0, 237.0), (399.0, 194.0), (357.0, 161.0), (310.0, 167.0), (271.0, 175.0), (237.0, 188.0), (221.0, 208.0), (219.0, 222.0), (219.0, 239.0), (234.0, 245.0), (249.0, 255.0), (260.0, 269.0), (286.0, 288.0), (303.0, 300.0), (314.0, 310.0), (321.0, 313.0)]}
[DEBUG] mask nonzero = 225
[DEBUG] found 3 raw contours
[DEBUG] kept 3 candidates after filtering
[DEBUG] roi_desc = {'type': 'polygon', 'polygon': [(329.0, 318.0), (351.0, 301.0), (373.0, 280.0), (395.0, 264.0), (410.0, 237.0), (399.0, 194.0), (357.0, 161.0), (310.0, 167.0), (271.0, 175.0), (237.0, 188.0), (221.0, 208.0), (219.0, 222.0), (219.0, 239.0), (234.0, 245.0), (249.0, 255.0), (260.0, 269.0), (286.0, 288.0), (303.0, 300.0), (314.0, 310.0), (321.0, 313.0)]}
[DEBUG] mask nonzero = 214
[DEBUG] found 3 raw contours
[DEBUG] kept 3 candidates after filtering
[DEBUG] roi_desc = {'type': 'polygon', 'polygon': [(329.0, 318.0), (351.0, 301.0), (373.0, 280.0), (395.0, 264.0), (410.0, 237.0), (399.0, 194.0), (357.0, 161.0), (310.0, 167.0), (271.0, 175.0), (237.0, 188.0), (221.0, 208.0), (219.0, 222.0), (219.0, 239.0), (234.0, 245.0), (249.0, 255.0), (260.0, 269.0), (286.0, 288.0), (303.0, 300.0), (314.0, 310.0), (321.0, 313.0)]}
[DEBUG] mask nonzero = 225
[DEBUG] found 3 raw contours
[DEBUG] kept 3 candidates after filtering
[DEBUG] roi_desc = {'type': 'polygon', 'polygon': [(329.0, 318.0), (351.0, 301.0), (373.0, 280.0), (395.0, 264.0), (410.0, 237.0), (399.0, 194.0), (357.0, 161.0), (310.0, 167.0), (271.0, 175.0), (237.0, 188.0), (221.0, 208.0), (219.0, 222.0), (219.0, 239.0), (234.0, 245.0), (249.0, 255.0), (260.0, 269.0), (286.0, 288.0), (303.0, 300.0), (314.0, 310.0), (321.0, 313.0)]}
[DEBUG] mask nonzero = 212
[DEBUG] found 3 raw contours
[DEBUG] kept 3 candidates after filtering
[DEBUG] roi_desc = {'type': 'polygon', 'polygon': [(329.0, 318.0), (351.0, 301.0), (373.0, 280.0), (395.0, 264.0), (410.0, 237.0), (399.0, 194.0), (357.0, 161.0), (310.0, 167.0), (271.0, 175.0), (237.0, 188.0), (221.0, 208.0), (219.0, 222.0), (219.0, 239.0), (234.0, 245.0), (249.0, 255.0), (260.0, 269.0), (286.0, 288.0), (303.0, 300.0), (314.0, 310.0), (321.0, 313.0)]}
[DEBUG] mask nonzero = 221
[DEBUG] found 3 raw contours
[DEBUG] kept 3 candidates after filtering
[DEBUG] roi_desc = {'type': 'polygon', 'polygon': [(329.0, 318.0), (351.0, 301.0), (373.0, 280.0), (395.0, 264.0), (410.0, 237.0), (399.0, 194.0), (357.0, 161.0), (310.0, 167.0), (271.0, 175.0), (237.0, 188.0), (221.0, 208.0), (219.0, 222.0), (219.0, 239.0), (234.0, 245.0), (249.0, 255.0), (260.0, 269.0), (286.0, 288.0), (303.0, 300.0), (314.0, 310.0), (321.0, 313.0)]}
[DEBUG] mask nonzero = 230
[DEBUG] found 3 raw contours
[DEBUG] kept 3 candidates after filtering
[DEBUG] roi_desc = {'type': 'polygon', 'polygon': [(329.0, 318.0), (351.0, 301.0), (373.0, 280.0), (395.0, 264.0), (410.0, 237.0), (399.0, 194.0), (357.0, 161.0), (310.0, 167.0), (271.0, 175.0), (237.0, 188.0), (221.0, 208.0), (219.0, 222.0), (219.0, 239.0), (234.0, 245.0), (249.0, 255.0), (260.0, 269.0), (286.0, 288.0), (303.0, 300.0), (314.0, 310.0), (321.0, 313.0)]}
[DEBUG] mask nonzero = 217
[DEBUG] found 3 raw contours
[DEBUG] kept 3 candidates after filtering
[DEBUG] roi_desc = {'type': 'polygon', 'polygon': [(329.0, 318.0), (351.0, 301.0), (373.0, 280.0), (395.0, 264.0), (410.0, 237.0), (399.0, 194.0), (357.0, 161.0), (310.0, 167.0), (271.0, 175.0), (237.0, 188.0), (221.0, 208.0), (219.0, 222.0), (219.0, 239.0), (234.0, 245.0), (249.0, 255.0), (260.0, 269.0), (286.0, 288.0), (303.0, 300.0), (314.0, 310.0), (321.0, 313.0)]}
[DEBUG] mask nonzero = 227
[DEBUG] found 3 raw contours
[DEBUG] kept 3 candidates after filtering
[  60] i= 61/131 |e|=  2.93mm ins=38.8mm
[DEBUG] roi_desc = {'type': 'polygon', 'polygon': [(329.0, 318.0), (351.0, 301.0), (373.0, 280.0), (395.0, 264.0), (410.0, 237.0), (399.0, 194.0), (357.0, 161.0), (310.0, 167.0), (271.0, 175.0), (237.0, 188.0), (221.0, 208.0), (219.0, 222.0), (219.0, 239.0), (234.0, 245.0), (249.0, 255.0), (260.0, 269.0), (286.0, 288.0), (303.0, 300.0), (314.0, 310.0), (321.0, 313.0)]}
[DEBUG] mask nonzero = 226
[DEBUG] found 3 raw contours
[DEBUG] kept 3 candidates after filtering
[DEBUG] roi_desc = {'type': 'polygon', 'polygon': [(329.0, 318.0), (351.0, 301.0), (373.0, 280.0), (395.0, 264.0), (410.0, 237.0), (399.0, 194.0), (357.0, 161.0), (310.0, 167.0), (271.0, 175.0), (237.0, 188.0), (221.0, 208.0), (219.0, 222.0), (219.0, 239.0), (234.0, 245.0), (249.0, 255.0), (260.0, 269.0), (286.0, 288.0), (303.0, 300.0), (314.0, 310.0), (321.0, 313.0)]}
[DEBUG] mask nonzero = 227
[DEBUG] found 3 raw contours
[DEBUG] kept 3 candidates after filtering
[DEBUG] roi_desc = {'type': 'polygon', 'polygon': [(329.0, 318.0), (351.0, 301.0), (373.0, 280.0), (395.0, 264.0), (410.0, 237.0), (399.0, 194.0), (357.0, 161.0), (310.0, 167.0), (271.0, 175.0), (237.0, 188.0), (221.0, 208.0), (219.0, 222.0), (219.0, 239.0), (234.0, 245.0), (249.0, 255.0), (260.0, 269.0), (286.0, 288.0), (303.0, 300.0), (314.0, 310.0), (321.0, 313.0)]}
[DEBUG] mask nonzero = 229
[DEBUG] found 3 raw contours
[DEBUG] kept 3 candidates after filtering
[DEBUG] roi_desc = {'type': 'polygon', 'polygon': [(329.0, 318.0), (351.0, 301.0), (373.0, 280.0), (395.0, 264.0), (410.0, 237.0), (399.0, 194.0), (357.0, 161.0), (310.0, 167.0), (271.0, 175.0), (237.0, 188.0), (221.0, 208.0), (219.0, 222.0), (219.0, 239.0), (234.0, 245.0), (249.0, 255.0), (260.0, 269.0), (286.0, 288.0), (303.0, 300.0), (314.0, 310.0), (321.0, 313.0)]}
[DEBUG] mask nonzero = 219
[DEBUG] found 3 raw contours
[DEBUG] kept 3 candidates after filtering
[DEBUG] roi_desc = {'type': 'polygon', 'polygon': [(329.0, 318.0), (351.0, 301.0), (373.0, 280.0), (395.0, 264.0), (410.0, 237.0), (399.0, 194.0), (357.0, 161.0), (310.0, 167.0), (271.0, 175.0), (237.0, 188.0), (221.0, 208.0), (219.0, 222.0), (219.0, 239.0), (234.0, 245.0), (249.0, 255.0), (260.0, 269.0), (286.0, 288.0), (303.0, 300.0), (314.0, 310.0), (321.0, 313.0)]}
[DEBUG] mask nonzero = 212
[DEBUG] found 3 raw contours
[DEBUG] kept 3 candidates after filtering
[DEBUG] roi_desc = {'type': 'polygon', 'polygon': [(329.0, 318.0), (351.0, 301.0), (373.0, 280.0), (395.0, 264.0), (410.0, 237.0), (399.0, 194.0), (357.0, 161.0), (310.0, 167.0), (271.0, 175.0), (237.0, 188.0), (221.0, 208.0), (219.0, 222.0), (219.0, 239.0), (234.0, 245.0), (249.0, 255.0), (260.0, 269.0), (286.0, 288.0), (303.0, 300.0), (314.0, 310.0), (321.0, 313.0)]}
[DEBUG] mask nonzero = 217
[DEBUG] found 3 raw contours
[DEBUG] kept 3 candidates after filtering
[DEBUG] roi_desc = {'type': 'polygon', 'polygon': [(329.0, 318.0), (351.0, 301.0), (373.0, 280.0), (395.0, 264.0), (410.0, 237.0), (399.0, 194.0), (357.0, 161.0), (310.0, 167.0), (271.0, 175.0), (237.0, 188.0), (221.0, 208.0), (219.0, 222.0), (219.0, 239.0), (234.0, 245.0), (249.0, 255.0), (260.0, 269.0), (286.0, 288.0), (303.0, 300.0), (314.0, 310.0), (321.0, 313.0)]}
[DEBUG] mask nonzero = 211
[DEBUG] found 3 raw contours
[DEBUG] kept 3 candidates after filtering
[DEBUG] roi_desc = {'type': 'polygon', 'polygon': [(329.0, 318.0), (351.0, 301.0), (373.0, 280.0), (395.0, 264.0), (410.0, 237.0), (399.0, 194.0), (357.0, 161.0), (310.0, 167.0), (271.0, 175.0), (237.0, 188.0), (221.0, 208.0), (219.0, 222.0), (219.0, 239.0), (234.0, 245.0), (249.0, 255.0), (260.0, 269.0), (286.0, 288.0), (303.0, 300.0), (314.0, 310.0), (321.0, 313.0)]}
[DEBUG] mask nonzero = 206
[DEBUG] found 3 raw contours
[DEBUG] kept 3 candidates after filtering
[DEBUG] roi_desc = {'type': 'polygon', 'polygon': [(329.0, 318.0), (351.0, 301.0), (373.0, 280.0), (395.0, 264.0), (410.0, 237.0), (399.0, 194.0), (357.0, 161.0), (310.0, 167.0), (271.0, 175.0), (237.0, 188.0), (221.0, 208.0), (219.0, 222.0), (219.0, 239.0), (234.0, 245.0), (249.0, 255.0), (260.0, 269.0), (286.0, 288.0), (303.0, 300.0), (314.0, 310.0), (321.0, 313.0)]}
[DEBUG] mask nonzero = 224
[DEBUG] found 3 raw contours
[DEBUG] kept 3 candidates after filtering
[DEBUG] roi_desc = {'type': 'polygon', 'polygon': [(329.0, 318.0), (351.0, 301.0), (373.0, 280.0), (395.0, 264.0), (410.0, 237.0), (399.0, 194.0), (357.0, 161.0), (310.0, 167.0), (271.0, 175.0), (237.0, 188.0), (221.0, 208.0), (219.0, 222.0), (219.0, 239.0), (234.0, 245.0), (249.0, 255.0), (260.0, 269.0), (286.0, 288.0), (303.0, 300.0), (314.0, 310.0), (321.0, 313.0)]}
[DEBUG] mask nonzero = 216
[DEBUG] found 3 raw contours
[DEBUG] kept 3 candidates after filtering
[DEBUG] roi_desc = {'type': 'polygon', 'polygon': [(329.0, 318.0), (351.0, 301.0), (373.0, 280.0), (395.0, 264.0), (410.0, 237.0), (399.0, 194.0), (357.0, 161.0), (310.0, 167.0), (271.0, 175.0), (237.0, 188.0), (221.0, 208.0), (219.0, 222.0), (219.0, 239.0), (234.0, 245.0), (249.0, 255.0), (260.0, 269.0), (286.0, 288.0), (303.0, 300.0), (314.0, 310.0), (321.0, 313.0)]}
[DEBUG] mask nonzero = 212
[DEBUG] found 3 raw contours
[DEBUG] kept 3 candidates after filtering
[DEBUG] roi_desc = {'type': 'polygon', 'polygon': [(329.0, 318.0), (351.0, 301.0), (373.0, 280.0), (395.0, 264.0), (410.0, 237.0), (399.0, 194.0), (357.0, 161.0), (310.0, 167.0), (271.0, 175.0), (237.0, 188.0), (221.0, 208.0), (219.0, 222.0), (219.0, 239.0), (234.0, 245.0), (249.0, 255.0), (260.0, 269.0), (286.0, 288.0), (303.0, 300.0), (314.0, 310.0), (321.0, 313.0)]}
[DEBUG] mask nonzero = 219
[DEBUG] found 3 raw contours
[DEBUG] kept 3 candidates after filtering
[DEBUG] roi_desc = {'type': 'polygon', 'polygon': [(329.0, 318.0), (351.0, 301.0), (373.0, 280.0), (395.0, 264.0), (410.0, 237.0), (399.0, 194.0), (357.0, 161.0), (310.0, 167.0), (271.0, 175.0), (237.0, 188.0), (221.0, 208.0), (219.0, 222.0), (219.0, 239.0), (234.0, 245.0), (249.0, 255.0), (260.0, 269.0), (286.0, 288.0), (303.0, 300.0), (314.0, 310.0), (321.0, 313.0)]}
[DEBUG] mask nonzero = 203
[DEBUG] found 3 raw contours
[DEBUG] kept 3 candidates after filtering
[DEBUG] roi_desc = {'type': 'polygon', 'polygon': [(329.0, 318.0), (351.0, 301.0), (373.0, 280.0), (395.0, 264.0), (410.0, 237.0), (399.0, 194.0), (357.0, 161.0), (310.0, 167.0), (271.0, 175.0), (237.0, 188.0), (221.0, 208.0), (219.0, 222.0), (219.0, 239.0), (234.0, 245.0), (249.0, 255.0), (260.0, 269.0), (286.0, 288.0), (303.0, 300.0), (314.0, 310.0), (321.0, 313.0)]}
[DEBUG] mask nonzero = 223
[DEBUG] found 3 raw contours
[DEBUG] kept 3 candidates after filtering
[DEBUG] roi_desc = {'type': 'polygon', 'polygon': [(329.0, 318.0), (351.0, 301.0), (373.0, 280.0), (395.0, 264.0), (410.0, 237.0), (399.0, 194.0), (357.0, 161.0), (310.0, 167.0), (271.0, 175.0), (237.0, 188.0), (221.0, 208.0), (219.0, 222.0), (219.0, 239.0), (234.0, 245.0), (249.0, 255.0), (260.0, 269.0), (286.0, 288.0), (303.0, 300.0), (314.0, 310.0), (321.0, 313.0)]}
[DEBUG] mask nonzero = 228
[DEBUG] found 3 raw contours
[DEBUG] kept 3 candidates after filtering
[DEBUG] roi_desc = {'type': 'polygon', 'polygon': [(329.0, 318.0), (351.0, 301.0), (373.0, 280.0), (395.0, 264.0), (410.0, 237.0), (399.0, 194.0), (357.0, 161.0), (310.0, 167.0), (271.0, 175.0), (237.0, 188.0), (221.0, 208.0), (219.0, 222.0), (219.0, 239.0), (234.0, 245.0), (249.0, 255.0), (260.0, 269.0), (286.0, 288.0), (303.0, 300.0), (314.0, 310.0), (321.0, 313.0)]}
[DEBUG] mask nonzero = 225
[DEBUG] found 3 raw contours
[DEBUG] kept 3 candidates after filtering
[DEBUG] roi_desc = {'type': 'polygon', 'polygon': [(329.0, 318.0), (351.0, 301.0), (373.0, 280.0), (395.0, 264.0), (410.0, 237.0), (399.0, 194.0), (357.0, 161.0), (310.0, 167.0), (271.0, 175.0), (237.0, 188.0), (221.0, 208.0), (219.0, 222.0), (219.0, 239.0), (234.0, 245.0), (249.0, 255.0), (260.0, 269.0), (286.0, 288.0), (303.0, 300.0), (314.0, 310.0), (321.0, 313.0)]}
[DEBUG] mask nonzero = 222
[DEBUG] found 3 raw contours
[DEBUG] kept 3 candidates after filtering
[DEBUG] roi_desc = {'type': 'polygon', 'polygon': [(329.0, 318.0), (351.0, 301.0), (373.0, 280.0), (395.0, 264.0), (410.0, 237.0), (399.0, 194.0), (357.0, 161.0), (310.0, 167.0), (271.0, 175.0), (237.0, 188.0), (221.0, 208.0), (219.0, 222.0), (219.0, 239.0), (234.0, 245.0), (249.0, 255.0), (260.0, 269.0), (286.0, 288.0), (303.0, 300.0), (314.0, 310.0), (321.0, 313.0)]}
[DEBUG] mask nonzero = 236
[DEBUG] found 3 raw contours
[DEBUG] kept 3 candidates after filtering
[  70] i= 71/131 |e|=  2.44mm ins=38.3mm
[DEBUG] roi_desc = {'type': 'polygon', 'polygon': [(329.0, 318.0), (351.0, 301.0), (373.0, 280.0), (395.0, 264.0), (410.0, 237.0), (399.0, 194.0), (357.0, 161.0), (310.0, 167.0), (271.0, 175.0), (237.0, 188.0), (221.0, 208.0), (219.0, 222.0), (219.0, 239.0), (234.0, 245.0), (249.0, 255.0), (260.0, 269.0), (286.0, 288.0), (303.0, 300.0), (314.0, 310.0), (321.0, 313.0)]}
[DEBUG] mask nonzero = 235
[DEBUG] found 3 raw contours
[DEBUG] kept 3 candidates after filtering
[DEBUG] roi_desc = {'type': 'polygon', 'polygon': [(329.0, 318.0), (351.0, 301.0), (373.0, 280.0), (395.0, 264.0), (410.0, 237.0), (399.0, 194.0), (357.0, 161.0), (310.0, 167.0), (271.0, 175.0), (237.0, 188.0), (221.0, 208.0), (219.0, 222.0), (219.0, 239.0), (234.0, 245.0), (249.0, 255.0), (260.0, 269.0), (286.0, 288.0), (303.0, 300.0), (314.0, 310.0), (321.0, 313.0)]}
[DEBUG] mask nonzero = 224
[DEBUG] found 3 raw contours
[DEBUG] kept 3 candidates after filtering
[DEBUG] roi_desc = {'type': 'polygon', 'polygon': [(329.0, 318.0), (351.0, 301.0), (373.0, 280.0), (395.0, 264.0), (410.0, 237.0), (399.0, 194.0), (357.0, 161.0), (310.0, 167.0), (271.0, 175.0), (237.0, 188.0), (221.0, 208.0), (219.0, 222.0), (219.0, 239.0), (234.0, 245.0), (249.0, 255.0), (260.0, 269.0), (286.0, 288.0), (303.0, 300.0), (314.0, 310.0), (321.0, 313.0)]}
[DEBUG] mask nonzero = 240
[DEBUG] found 3 raw contours
[DEBUG] kept 3 candidates after filtering
[DEBUG] roi_desc = {'type': 'polygon', 'polygon': [(329.0, 318.0), (351.0, 301.0), (373.0, 280.0), (395.0, 264.0), (410.0, 237.0), (399.0, 194.0), (357.0, 161.0), (310.0, 167.0), (271.0, 175.0), (237.0, 188.0), (221.0, 208.0), (219.0, 222.0), (219.0, 239.0), (234.0, 245.0), (249.0, 255.0), (260.0, 269.0), (286.0, 288.0), (303.0, 300.0), (314.0, 310.0), (321.0, 313.0)]}
[DEBUG] mask nonzero = 236
[DEBUG] found 3 raw contours
[DEBUG] kept 3 candidates after filtering
[DEBUG] roi_desc = {'type': 'polygon', 'polygon': [(329.0, 318.0), (351.0, 301.0), (373.0, 280.0), (395.0, 264.0), (410.0, 237.0), (399.0, 194.0), (357.0, 161.0), (310.0, 167.0), (271.0, 175.0), (237.0, 188.0), (221.0, 208.0), (219.0, 222.0), (219.0, 239.0), (234.0, 245.0), (249.0, 255.0), (260.0, 269.0), (286.0, 288.0), (303.0, 300.0), (314.0, 310.0), (321.0, 313.0)]}
[DEBUG] mask nonzero = 241
[DEBUG] found 3 raw contours
[DEBUG] kept 3 candidates after filtering
[DEBUG] roi_desc = {'type': 'polygon', 'polygon': [(329.0, 318.0), (351.0, 301.0), (373.0, 280.0), (395.0, 264.0), (410.0, 237.0), (399.0, 194.0), (357.0, 161.0), (310.0, 167.0), (271.0, 175.0), (237.0, 188.0), (221.0, 208.0), (219.0, 222.0), (219.0, 239.0), (234.0, 245.0), (249.0, 255.0), (260.0, 269.0), (286.0, 288.0), (303.0, 300.0), (314.0, 310.0), (321.0, 313.0)]}
[DEBUG] mask nonzero = 237
[DEBUG] found 3 raw contours
[DEBUG] kept 3 candidates after filtering
[DEBUG] roi_desc = {'type': 'polygon', 'polygon': [(329.0, 318.0), (351.0, 301.0), (373.0, 280.0), (395.0, 264.0), (410.0, 237.0), (399.0, 194.0), (357.0, 161.0), (310.0, 167.0), (271.0, 175.0), (237.0, 188.0), (221.0, 208.0), (219.0, 222.0), (219.0, 239.0), (234.0, 245.0), (249.0, 255.0), (260.0, 269.0), (286.0, 288.0), (303.0, 300.0), (314.0, 310.0), (321.0, 313.0)]}
[DEBUG] mask nonzero = 227
[DEBUG] found 3 raw contours
[DEBUG] kept 3 candidates after filtering
[DEBUG] roi_desc = {'type': 'polygon', 'polygon': [(329.0, 318.0), (351.0, 301.0), (373.0, 280.0), (395.0, 264.0), (410.0, 237.0), (399.0, 194.0), (357.0, 161.0), (310.0, 167.0), (271.0, 175.0), (237.0, 188.0), (221.0, 208.0), (219.0, 222.0), (219.0, 239.0), (234.0, 245.0), (249.0, 255.0), (260.0, 269.0), (286.0, 288.0), (303.0, 300.0), (314.0, 310.0), (321.0, 313.0)]}
[DEBUG] mask nonzero = 236
[DEBUG] found 3 raw contours
[DEBUG] kept 3 candidates after filtering
[DEBUG] roi_desc = {'type': 'polygon', 'polygon': [(329.0, 318.0), (351.0, 301.0), (373.0, 280.0), (395.0, 264.0), (410.0, 237.0), (399.0, 194.0), (357.0, 161.0), (310.0, 167.0), (271.0, 175.0), (237.0, 188.0), (221.0, 208.0), (219.0, 222.0), (219.0, 239.0), (234.0, 245.0), (249.0, 255.0), (260.0, 269.0), (286.0, 288.0), (303.0, 300.0), (314.0, 310.0), (321.0, 313.0)]}
[DEBUG] mask nonzero = 217
[DEBUG] found 3 raw contours
[DEBUG] kept 3 candidates after filtering
[DEBUG] roi_desc = {'type': 'polygon', 'polygon': [(329.0, 318.0), (351.0, 301.0), (373.0, 280.0), (395.0, 264.0), (410.0, 237.0), (399.0, 194.0), (357.0, 161.0), (310.0, 167.0), (271.0, 175.0), (237.0, 188.0), (221.0, 208.0), (219.0, 222.0), (219.0, 239.0), (234.0, 245.0), (249.0, 255.0), (260.0, 269.0), (286.0, 288.0), (303.0, 300.0), (314.0, 310.0), (321.0, 313.0)]}
[DEBUG] mask nonzero = 228
[DEBUG] found 3 raw contours
[DEBUG] kept 3 candidates after filtering
[DEBUG] roi_desc = {'type': 'polygon', 'polygon': [(329.0, 318.0), (351.0, 301.0), (373.0, 280.0), (395.0, 264.0), (410.0, 237.0), (399.0, 194.0), (357.0, 161.0), (310.0, 167.0), (271.0, 175.0), (237.0, 188.0), (221.0, 208.0), (219.0, 222.0), (219.0, 239.0), (234.0, 245.0), (249.0, 255.0), (260.0, 269.0), (286.0, 288.0), (303.0, 300.0), (314.0, 310.0), (321.0, 313.0)]}
[DEBUG] mask nonzero = 233
[DEBUG] found 3 raw contours
[DEBUG] kept 3 candidates after filtering
[DEBUG] roi_desc = {'type': 'polygon', 'polygon': [(329.0, 318.0), (351.0, 301.0), (373.0, 280.0), (395.0, 264.0), (410.0, 237.0), (399.0, 194.0), (357.0, 161.0), (310.0, 167.0), (271.0, 175.0), (237.0, 188.0), (221.0, 208.0), (219.0, 222.0), (219.0, 239.0), (234.0, 245.0), (249.0, 255.0), (260.0, 269.0), (286.0, 288.0), (303.0, 300.0), (314.0, 310.0), (321.0, 313.0)]}
[DEBUG] mask nonzero = 235
[DEBUG] found 3 raw contours
[DEBUG] kept 3 candidates after filtering
[DEBUG] roi_desc = {'type': 'polygon', 'polygon': [(329.0, 318.0), (351.0, 301.0), (373.0, 280.0), (395.0, 264.0), (410.0, 237.0), (399.0, 194.0), (357.0, 161.0), (310.0, 167.0), (271.0, 175.0), (237.0, 188.0), (221.0, 208.0), (219.0, 222.0), (219.0, 239.0), (234.0, 245.0), (249.0, 255.0), (260.0, 269.0), (286.0, 288.0), (303.0, 300.0), (314.0, 310.0), (321.0, 313.0)]}
[DEBUG] mask nonzero = 225
[DEBUG] found 3 raw contours
[DEBUG] kept 3 candidates after filtering
[DEBUG] roi_desc = {'type': 'polygon', 'polygon': [(329.0, 318.0), (351.0, 301.0), (373.0, 280.0), (395.0, 264.0), (410.0, 237.0), (399.0, 194.0), (357.0, 161.0), (310.0, 167.0), (271.0, 175.0), (237.0, 188.0), (221.0, 208.0), (219.0, 222.0), (219.0, 239.0), (234.0, 245.0), (249.0, 255.0), (260.0, 269.0), (286.0, 288.0), (303.0, 300.0), (314.0, 310.0), (321.0, 313.0)]}
[DEBUG] mask nonzero = 238
[DEBUG] found 3 raw contours
[DEBUG] kept 3 candidates after filtering
[DEBUG] roi_desc = {'type': 'polygon', 'polygon': [(329.0, 318.0), (351.0, 301.0), (373.0, 280.0), (395.0, 264.0), (410.0, 237.0), (399.0, 194.0), (357.0, 161.0), (310.0, 167.0), (271.0, 175.0), (237.0, 188.0), (221.0, 208.0), (219.0, 222.0), (219.0, 239.0), (234.0, 245.0), (249.0, 255.0), (260.0, 269.0), (286.0, 288.0), (303.0, 300.0), (314.0, 310.0), (321.0, 313.0)]}
[DEBUG] mask nonzero = 228
[DEBUG] found 3 raw contours
[DEBUG] kept 3 candidates after filtering
[DEBUG] roi_desc = {'type': 'polygon', 'polygon': [(329.0, 318.0), (351.0, 301.0), (373.0, 280.0), (395.0, 264.0), (410.0, 237.0), (399.0, 194.0), (357.0, 161.0), (310.0, 167.0), (271.0, 175.0), (237.0, 188.0), (221.0, 208.0), (219.0, 222.0), (219.0, 239.0), (234.0, 245.0), (249.0, 255.0), (260.0, 269.0), (286.0, 288.0), (303.0, 300.0), (314.0, 310.0), (321.0, 313.0)]}
[DEBUG] mask nonzero = 232
[DEBUG] found 3 raw contours
[DEBUG] kept 3 candidates after filtering
[DEBUG] roi_desc = {'type': 'polygon', 'polygon': [(329.0, 318.0), (351.0, 301.0), (373.0, 280.0), (395.0, 264.0), (410.0, 237.0), (399.0, 194.0), (357.0, 161.0), (310.0, 167.0), (271.0, 175.0), (237.0, 188.0), (221.0, 208.0), (219.0, 222.0), (219.0, 239.0), (234.0, 245.0), (249.0, 255.0), (260.0, 269.0), (286.0, 288.0), (303.0, 300.0), (314.0, 310.0), (321.0, 313.0)]}
[DEBUG] mask nonzero = 244
[DEBUG] found 3 raw contours
[DEBUG] kept 3 candidates after filtering
[DEBUG] roi_desc = {'type': 'polygon', 'polygon': [(329.0, 318.0), (351.0, 301.0), (373.0, 280.0), (395.0, 264.0), (410.0, 237.0), (399.0, 194.0), (357.0, 161.0), (310.0, 167.0), (271.0, 175.0), (237.0, 188.0), (221.0, 208.0), (219.0, 222.0), (219.0, 239.0), (234.0, 245.0), (249.0, 255.0), (260.0, 269.0), (286.0, 288.0), (303.0, 300.0), (314.0, 310.0), (321.0, 313.0)]}
[DEBUG] mask nonzero = 239
[DEBUG] found 3 raw contours
[DEBUG] kept 3 candidates after filtering
[  80] i= 81/131 |e|=  1.53mm ins=37.9mm
[DEBUG] roi_desc = {'type': 'polygon', 'polygon': [(329.0, 318.0), (351.0, 301.0), (373.0, 280.0), (395.0, 264.0), (410.0, 237.0), (399.0, 194.0), (357.0, 161.0), (310.0, 167.0), (271.0, 175.0), (237.0, 188.0), (221.0, 208.0), (219.0, 222.0), (219.0, 239.0), (234.0, 245.0), (249.0, 255.0), (260.0, 269.0), (286.0, 288.0), (303.0, 300.0), (314.0, 310.0), (321.0, 313.0)]}
[DEBUG] mask nonzero = 231
[DEBUG] found 3 raw contours
[DEBUG] kept 3 candidates after filtering
[DEBUG] roi_desc = {'type': 'polygon', 'polygon': [(329.0, 318.0), (351.0, 301.0), (373.0, 280.0), (395.0, 264.0), (410.0, 237.0), (399.0, 194.0), (357.0, 161.0), (310.0, 167.0), (271.0, 175.0), (237.0, 188.0), (221.0, 208.0), (219.0, 222.0), (219.0, 239.0), (234.0, 245.0), (249.0, 255.0), (260.0, 269.0), (286.0, 288.0), (303.0, 300.0), (314.0, 310.0), (321.0, 313.0)]}
[DEBUG] mask nonzero = 237
[DEBUG] found 3 raw contours
[DEBUG] kept 3 candidates after filtering
[DEBUG] roi_desc = {'type': 'polygon', 'polygon': [(329.0, 318.0), (351.0, 301.0), (373.0, 280.0), (395.0, 264.0), (410.0, 237.0), (399.0, 194.0), (357.0, 161.0), (310.0, 167.0), (271.0, 175.0), (237.0, 188.0), (221.0, 208.0), (219.0, 222.0), (219.0, 239.0), (234.0, 245.0), (249.0, 255.0), (260.0, 269.0), (286.0, 288.0), (303.0, 300.0), (314.0, 310.0), (321.0, 313.0)]}
[DEBUG] mask nonzero = 249
[DEBUG] found 3 raw contours
[DEBUG] kept 3 candidates after filtering
[DEBUG] roi_desc = {'type': 'polygon', 'polygon': [(329.0, 318.0), (351.0, 301.0), (373.0, 280.0), (395.0, 264.0), (410.0, 237.0), (399.0, 194.0), (357.0, 161.0), (310.0, 167.0), (271.0, 175.0), (237.0, 188.0), (221.0, 208.0), (219.0, 222.0), (219.0, 239.0), (234.0, 245.0), (249.0, 255.0), (260.0, 269.0), (286.0, 288.0), (303.0, 300.0), (314.0, 310.0), (321.0, 313.0)]}
[DEBUG] mask nonzero = 241
[DEBUG] found 3 raw contours
[DEBUG] kept 3 candidates after filtering
[DEBUG] roi_desc = {'type': 'polygon', 'polygon': [(329.0, 318.0), (351.0, 301.0), (373.0, 280.0), (395.0, 264.0), (410.0, 237.0), (399.0, 194.0), (357.0, 161.0), (310.0, 167.0), (271.0, 175.0), (237.0, 188.0), (221.0, 208.0), (219.0, 222.0), (219.0, 239.0), (234.0, 245.0), (249.0, 255.0), (260.0, 269.0), (286.0, 288.0), (303.0, 300.0), (314.0, 310.0), (321.0, 313.0)]}
[DEBUG] mask nonzero = 233
[DEBUG] found 3 raw contours
[DEBUG] kept 3 candidates after filtering
[DEBUG] roi_desc = {'type': 'polygon', 'polygon': [(329.0, 318.0), (351.0, 301.0), (373.0, 280.0), (395.0, 264.0), (410.0, 237.0), (399.0, 194.0), (357.0, 161.0), (310.0, 167.0), (271.0, 175.0), (237.0, 188.0), (221.0, 208.0), (219.0, 222.0), (219.0, 239.0), (234.0, 245.0), (249.0, 255.0), (260.0, 269.0), (286.0, 288.0), (303.0, 300.0), (314.0, 310.0), (321.0, 313.0)]}
[DEBUG] mask nonzero = 237
[DEBUG] found 3 raw contours
[DEBUG] kept 3 candidates after filtering
[DEBUG] roi_desc = {'type': 'polygon', 'polygon': [(329.0, 318.0), (351.0, 301.0), (373.0, 280.0), (395.0, 264.0), (410.0, 237.0), (399.0, 194.0), (357.0, 161.0), (310.0, 167.0), (271.0, 175.0), (237.0, 188.0), (221.0, 208.0), (219.0, 222.0), (219.0, 239.0), (234.0, 245.0), (249.0, 255.0), (260.0, 269.0), (286.0, 288.0), (303.0, 300.0), (314.0, 310.0), (321.0, 313.0)]}
[DEBUG] mask nonzero = 236
[DEBUG] found 3 raw contours
[DEBUG] kept 3 candidates after filtering
[DEBUG] roi_desc = {'type': 'polygon', 'polygon': [(329.0, 318.0), (351.0, 301.0), (373.0, 280.0), (395.0, 264.0), (410.0, 237.0), (399.0, 194.0), (357.0, 161.0), (310.0, 167.0), (271.0, 175.0), (237.0, 188.0), (221.0, 208.0), (219.0, 222.0), (219.0, 239.0), (234.0, 245.0), (249.0, 255.0), (260.0, 269.0), (286.0, 288.0), (303.0, 300.0), (314.0, 310.0), (321.0, 313.0)]}
[DEBUG] mask nonzero = 228
[DEBUG] found 3 raw contours
[DEBUG] kept 3 candidates after filtering
[DEBUG] roi_desc = {'type': 'polygon', 'polygon': [(329.0, 318.0), (351.0, 301.0), (373.0, 280.0), (395.0, 264.0), (410.0, 237.0), (399.0, 194.0), (357.0, 161.0), (310.0, 167.0), (271.0, 175.0), (237.0, 188.0), (221.0, 208.0), (219.0, 222.0), (219.0, 239.0), (234.0, 245.0), (249.0, 255.0), (260.0, 269.0), (286.0, 288.0), (303.0, 300.0), (314.0, 310.0), (321.0, 313.0)]}
[DEBUG] mask nonzero = 222
[DEBUG] found 3 raw contours
[DEBUG] kept 3 candidates after filtering
[DEBUG] roi_desc = {'type': 'polygon', 'polygon': [(329.0, 318.0), (351.0, 301.0), (373.0, 280.0), (395.0, 264.0), (410.0, 237.0), (399.0, 194.0), (357.0, 161.0), (310.0, 167.0), (271.0, 175.0), (237.0, 188.0), (221.0, 208.0), (219.0, 222.0), (219.0, 239.0), (234.0, 245.0), (249.0, 255.0), (260.0, 269.0), (286.0, 288.0), (303.0, 300.0), (314.0, 310.0), (321.0, 313.0)]}
[DEBUG] mask nonzero = 225
[DEBUG] found 3 raw contours
[DEBUG] kept 3 candidates after filtering
[DEBUG] roi_desc = {'type': 'polygon', 'polygon': [(329.0, 318.0), (351.0, 301.0), (373.0, 280.0), (395.0, 264.0), (410.0, 237.0), (399.0, 194.0), (357.0, 161.0), (310.0, 167.0), (271.0, 175.0), (237.0, 188.0), (221.0, 208.0), (219.0, 222.0), (219.0, 239.0), (234.0, 245.0), (249.0, 255.0), (260.0, 269.0), (286.0, 288.0), (303.0, 300.0), (314.0, 310.0), (321.0, 313.0)]}
[DEBUG] mask nonzero = 233
[DEBUG] found 3 raw contours
[DEBUG] kept 3 candidates after filtering
[DEBUG] roi_desc = {'type': 'polygon', 'polygon': [(329.0, 318.0), (351.0, 301.0), (373.0, 280.0), (395.0, 264.0), (410.0, 237.0), (399.0, 194.0), (357.0, 161.0), (310.0, 167.0), (271.0, 175.0), (237.0, 188.0), (221.0, 208.0), (219.0, 222.0), (219.0, 239.0), (234.0, 245.0), (249.0, 255.0), (260.0, 269.0), (286.0, 288.0), (303.0, 300.0), (314.0, 310.0), (321.0, 313.0)]}
[DEBUG] mask nonzero = 228
[DEBUG] found 3 raw contours
[DEBUG] kept 3 candidates after filtering
[DEBUG] roi_desc = {'type': 'polygon', 'polygon': [(329.0, 318.0), (351.0, 301.0), (373.0, 280.0), (395.0, 264.0), (410.0, 237.0), (399.0, 194.0), (357.0, 161.0), (310.0, 167.0), (271.0, 175.0), (237.0, 188.0), (221.0, 208.0), (219.0, 222.0), (219.0, 239.0), (234.0, 245.0), (249.0, 255.0), (260.0, 269.0), (286.0, 288.0), (303.0, 300.0), (314.0, 310.0), (321.0, 313.0)]}
[DEBUG] mask nonzero = 235
[DEBUG] found 3 raw contours
[DEBUG] kept 3 candidates after filtering
[DEBUG] roi_desc = {'type': 'polygon', 'polygon': [(329.0, 318.0), (351.0, 301.0), (373.0, 280.0), (395.0, 264.0), (410.0, 237.0), (399.0, 194.0), (357.0, 161.0), (310.0, 167.0), (271.0, 175.0), (237.0, 188.0), (221.0, 208.0), (219.0, 222.0), (219.0, 239.0), (234.0, 245.0), (249.0, 255.0), (260.0, 269.0), (286.0, 288.0), (303.0, 300.0), (314.0, 310.0), (321.0, 313.0)]}
[DEBUG] mask nonzero = 246
[DEBUG] found 3 raw contours
[DEBUG] kept 3 candidates after filtering
[DEBUG] roi_desc = {'type': 'polygon', 'polygon': [(329.0, 318.0), (351.0, 301.0), (373.0, 280.0), (395.0, 264.0), (410.0, 237.0), (399.0, 194.0), (357.0, 161.0), (310.0, 167.0), (271.0, 175.0), (237.0, 188.0), (221.0, 208.0), (219.0, 222.0), (219.0, 239.0), (234.0, 245.0), (249.0, 255.0), (260.0, 269.0), (286.0, 288.0), (303.0, 300.0), (314.0, 310.0), (321.0, 313.0)]}
[DEBUG] mask nonzero = 229
[DEBUG] found 3 raw contours
[DEBUG] kept 3 candidates after filtering
[DEBUG] roi_desc = {'type': 'polygon', 'polygon': [(329.0, 318.0), (351.0, 301.0), (373.0, 280.0), (395.0, 264.0), (410.0, 237.0), (399.0, 194.0), (357.0, 161.0), (310.0, 167.0), (271.0, 175.0), (237.0, 188.0), (221.0, 208.0), (219.0, 222.0), (219.0, 239.0), (234.0, 245.0), (249.0, 255.0), (260.0, 269.0), (286.0, 288.0), (303.0, 300.0), (314.0, 310.0), (321.0, 313.0)]}
[DEBUG] mask nonzero = 245
[DEBUG] found 3 raw contours
[DEBUG] kept 3 candidates after filtering
[DEBUG] roi_desc = {'type': 'polygon', 'polygon': [(329.0, 318.0), (351.0, 301.0), (373.0, 280.0), (395.0, 264.0), (410.0, 237.0), (399.0, 194.0), (357.0, 161.0), (310.0, 167.0), (271.0, 175.0), (237.0, 188.0), (221.0, 208.0), (219.0, 222.0), (219.0, 239.0), (234.0, 245.0), (249.0, 255.0), (260.0, 269.0), (286.0, 288.0), (303.0, 300.0), (314.0, 310.0), (321.0, 313.0)]}
[DEBUG] mask nonzero = 229
[DEBUG] found 3 raw contours
[DEBUG] kept 3 candidates after filtering
[DEBUG] roi_desc = {'type': 'polygon', 'polygon': [(329.0, 318.0), (351.0, 301.0), (373.0, 280.0), (395.0, 264.0), (410.0, 237.0), (399.0, 194.0), (357.0, 161.0), (310.0, 167.0), (271.0, 175.0), (237.0, 188.0), (221.0, 208.0), (219.0, 222.0), (219.0, 239.0), (234.0, 245.0), (249.0, 255.0), (260.0, 269.0), (286.0, 288.0), (303.0, 300.0), (314.0, 310.0), (321.0, 313.0)]}
[DEBUG] mask nonzero = 245
[DEBUG] found 3 raw contours
[DEBUG] kept 3 candidates after filtering
[DEBUG] roi_desc = {'type': 'polygon', 'polygon': [(329.0, 318.0), (351.0, 301.0), (373.0, 280.0), (395.0, 264.0), (410.0, 237.0), (399.0, 194.0), (357.0, 161.0), (310.0, 167.0), (271.0, 175.0), (237.0, 188.0), (221.0, 208.0), (219.0, 222.0), (219.0, 239.0), (234.0, 245.0), (249.0, 255.0), (260.0, 269.0), (286.0, 288.0), (303.0, 300.0), (314.0, 310.0), (321.0, 313.0)]}
[DEBUG] mask nonzero = 231
[DEBUG] found 3 raw contours
[DEBUG] kept 3 candidates after filtering
[  90] i= 91/131 |e|=  1.61mm ins=36.3mm
[DEBUG] roi_desc = {'type': 'polygon', 'polygon': [(329.0, 318.0), (351.0, 301.0), (373.0, 280.0), (395.0, 264.0), (410.0, 237.0), (399.0, 194.0), (357.0, 161.0), (310.0, 167.0), (271.0, 175.0), (237.0, 188.0), (221.0, 208.0), (219.0, 222.0), (219.0, 239.0), (234.0, 245.0), (249.0, 255.0), (260.0, 269.0), (286.0, 288.0), (303.0, 300.0), (314.0, 310.0), (321.0, 313.0)]}
[DEBUG] mask nonzero = 232
[DEBUG] found 3 raw contours
[DEBUG] kept 3 candidates after filtering
[DEBUG] roi_desc = {'type': 'polygon', 'polygon': [(329.0, 318.0), (351.0, 301.0), (373.0, 280.0), (395.0, 264.0), (410.0, 237.0), (399.0, 194.0), (357.0, 161.0), (310.0, 167.0), (271.0, 175.0), (237.0, 188.0), (221.0, 208.0), (219.0, 222.0), (219.0, 239.0), (234.0, 245.0), (249.0, 255.0), (260.0, 269.0), (286.0, 288.0), (303.0, 300.0), (314.0, 310.0), (321.0, 313.0)]}
[DEBUG] mask nonzero = 238
[DEBUG] found 3 raw contours
[DEBUG] kept 3 candidates after filtering
[DEBUG] roi_desc = {'type': 'polygon', 'polygon': [(329.0, 318.0), (351.0, 301.0), (373.0, 280.0), (395.0, 264.0), (410.0, 237.0), (399.0, 194.0), (357.0, 161.0), (310.0, 167.0), (271.0, 175.0), (237.0, 188.0), (221.0, 208.0), (219.0, 222.0), (219.0, 239.0), (234.0, 245.0), (249.0, 255.0), (260.0, 269.0), (286.0, 288.0), (303.0, 300.0), (314.0, 310.0), (321.0, 313.0)]}
[DEBUG] mask nonzero = 234
[DEBUG] found 3 raw contours
[DEBUG] kept 3 candidates after filtering
[DEBUG] roi_desc = {'type': 'polygon', 'polygon': [(329.0, 318.0), (351.0, 301.0), (373.0, 280.0), (395.0, 264.0), (410.0, 237.0), (399.0, 194.0), (357.0, 161.0), (310.0, 167.0), (271.0, 175.0), (237.0, 188.0), (221.0, 208.0), (219.0, 222.0), (219.0, 239.0), (234.0, 245.0), (249.0, 255.0), (260.0, 269.0), (286.0, 288.0), (303.0, 300.0), (314.0, 310.0), (321.0, 313.0)]}
[DEBUG] mask nonzero = 217
[DEBUG] found 3 raw contours
[DEBUG] kept 3 candidates after filtering
[DEBUG] roi_desc = {'type': 'polygon', 'polygon': [(329.0, 318.0), (351.0, 301.0), (373.0, 280.0), (395.0, 264.0), (410.0, 237.0), (399.0, 194.0), (357.0, 161.0), (310.0, 167.0), (271.0, 175.0), (237.0, 188.0), (221.0, 208.0), (219.0, 222.0), (219.0, 239.0), (234.0, 245.0), (249.0, 255.0), (260.0, 269.0), (286.0, 288.0), (303.0, 300.0), (314.0, 310.0), (321.0, 313.0)]}
[DEBUG] mask nonzero = 215
[DEBUG] found 3 raw contours
[DEBUG] kept 3 candidates after filtering
[DEBUG] roi_desc = {'type': 'polygon', 'polygon': [(329.0, 318.0), (351.0, 301.0), (373.0, 280.0), (395.0, 264.0), (410.0, 237.0), (399.0, 194.0), (357.0, 161.0), (310.0, 167.0), (271.0, 175.0), (237.0, 188.0), (221.0, 208.0), (219.0, 222.0), (219.0, 239.0), (234.0, 245.0), (249.0, 255.0), (260.0, 269.0), (286.0, 288.0), (303.0, 300.0), (314.0, 310.0), (321.0, 313.0)]}
[DEBUG] mask nonzero = 228
[DEBUG] found 3 raw contours
[DEBUG] kept 3 candidates after filtering
[DEBUG] roi_desc = {'type': 'polygon', 'polygon': [(329.0, 318.0), (351.0, 301.0), (373.0, 280.0), (395.0, 264.0), (410.0, 237.0), (399.0, 194.0), (357.0, 161.0), (310.0, 167.0), (271.0, 175.0), (237.0, 188.0), (221.0, 208.0), (219.0, 222.0), (219.0, 239.0), (234.0, 245.0), (249.0, 255.0), (260.0, 269.0), (286.0, 288.0), (303.0, 300.0), (314.0, 310.0), (321.0, 313.0)]}
[DEBUG] mask nonzero = 227
[DEBUG] found 3 raw contours
[DEBUG] kept 3 candidates after filtering
[DEBUG] roi_desc = {'type': 'polygon', 'polygon': [(329.0, 318.0), (351.0, 301.0), (373.0, 280.0), (395.0, 264.0), (410.0, 237.0), (399.0, 194.0), (357.0, 161.0), (310.0, 167.0), (271.0, 175.0), (237.0, 188.0), (221.0, 208.0), (219.0, 222.0), (219.0, 239.0), (234.0, 245.0), (249.0, 255.0), (260.0, 269.0), (286.0, 288.0), (303.0, 300.0), (314.0, 310.0), (321.0, 313.0)]}
[DEBUG] mask nonzero = 223
[DEBUG] found 3 raw contours
[DEBUG] kept 3 candidates after filtering
[DEBUG] roi_desc = {'type': 'polygon', 'polygon': [(329.0, 318.0), (351.0, 301.0), (373.0, 280.0), (395.0, 264.0), (410.0, 237.0), (399.0, 194.0), (357.0, 161.0), (310.0, 167.0), (271.0, 175.0), (237.0, 188.0), (221.0, 208.0), (219.0, 222.0), (219.0, 239.0), (234.0, 245.0), (249.0, 255.0), (260.0, 269.0), (286.0, 288.0), (303.0, 300.0), (314.0, 310.0), (321.0, 313.0)]}
[DEBUG] mask nonzero = 231
[DEBUG] found 3 raw contours
[DEBUG] kept 3 candidates after filtering
[DEBUG] roi_desc = {'type': 'polygon', 'polygon': [(329.0, 318.0), (351.0, 301.0), (373.0, 280.0), (395.0, 264.0), (410.0, 237.0), (399.0, 194.0), (357.0, 161.0), (310.0, 167.0), (271.0, 175.0), (237.0, 188.0), (221.0, 208.0), (219.0, 222.0), (219.0, 239.0), (234.0, 245.0), (249.0, 255.0), (260.0, 269.0), (286.0, 288.0), (303.0, 300.0), (314.0, 310.0), (321.0, 313.0)]}
[DEBUG] mask nonzero = 234
[DEBUG] found 3 raw contours
[DEBUG] kept 3 candidates after filtering
[DEBUG] roi_desc = {'type': 'polygon', 'polygon': [(329.0, 318.0), (351.0, 301.0), (373.0, 280.0), (395.0, 264.0), (410.0, 237.0), (399.0, 194.0), (357.0, 161.0), (310.0, 167.0), (271.0, 175.0), (237.0, 188.0), (221.0, 208.0), (219.0, 222.0), (219.0, 239.0), (234.0, 245.0), (249.0, 255.0), (260.0, 269.0), (286.0, 288.0), (303.0, 300.0), (314.0, 310.0), (321.0, 313.0)]}
[DEBUG] mask nonzero = 232
[DEBUG] found 3 raw contours
[DEBUG] kept 3 candidates after filtering
[DEBUG] roi_desc = {'type': 'polygon', 'polygon': [(329.0, 318.0), (351.0, 301.0), (373.0, 280.0), (395.0, 264.0), (410.0, 237.0), (399.0, 194.0), (357.0, 161.0), (310.0, 167.0), (271.0, 175.0), (237.0, 188.0), (221.0, 208.0), (219.0, 222.0), (219.0, 239.0), (234.0, 245.0), (249.0, 255.0), (260.0, 269.0), (286.0, 288.0), (303.0, 300.0), (314.0, 310.0), (321.0, 313.0)]}
[DEBUG] mask nonzero = 232
[DEBUG] found 3 raw contours
[DEBUG] kept 3 candidates after filtering
[DEBUG] roi_desc = {'type': 'polygon', 'polygon': [(329.0, 318.0), (351.0, 301.0), (373.0, 280.0), (395.0, 264.0), (410.0, 237.0), (399.0, 194.0), (357.0, 161.0), (310.0, 167.0), (271.0, 175.0), (237.0, 188.0), (221.0, 208.0), (219.0, 222.0), (219.0, 239.0), (234.0, 245.0), (249.0, 255.0), (260.0, 269.0), (286.0, 288.0), (303.0, 300.0), (314.0, 310.0), (321.0, 313.0)]}
[DEBUG] mask nonzero = 233
[DEBUG] found 3 raw contours
[DEBUG] kept 3 candidates after filtering
[DEBUG] roi_desc = {'type': 'polygon', 'polygon': [(329.0, 318.0), (351.0, 301.0), (373.0, 280.0), (395.0, 264.0), (410.0, 237.0), (399.0, 194.0), (357.0, 161.0), (310.0, 167.0), (271.0, 175.0), (237.0, 188.0), (221.0, 208.0), (219.0, 222.0), (219.0, 239.0), (234.0, 245.0), (249.0, 255.0), (260.0, 269.0), (286.0, 288.0), (303.0, 300.0), (314.0, 310.0), (321.0, 313.0)]}
[DEBUG] mask nonzero = 239
[DEBUG] found 3 raw contours
[DEBUG] kept 3 candidates after filtering
[DEBUG] roi_desc = {'type': 'polygon', 'polygon': [(329.0, 318.0), (351.0, 301.0), (373.0, 280.0), (395.0, 264.0), (410.0, 237.0), (399.0, 194.0), (357.0, 161.0), (310.0, 167.0), (271.0, 175.0), (237.0, 188.0), (221.0, 208.0), (219.0, 222.0), (219.0, 239.0), (234.0, 245.0), (249.0, 255.0), (260.0, 269.0), (286.0, 288.0), (303.0, 300.0), (314.0, 310.0), (321.0, 313.0)]}
[DEBUG] mask nonzero = 240
[DEBUG] found 3 raw contours
[DEBUG] kept 3 candidates after filtering
[DEBUG] roi_desc = {'type': 'polygon', 'polygon': [(329.0, 318.0), (351.0, 301.0), (373.0, 280.0), (395.0, 264.0), (410.0, 237.0), (399.0, 194.0), (357.0, 161.0), (310.0, 167.0), (271.0, 175.0), (237.0, 188.0), (221.0, 208.0), (219.0, 222.0), (219.0, 239.0), (234.0, 245.0), (249.0, 255.0), (260.0, 269.0), (286.0, 288.0), (303.0, 300.0), (314.0, 310.0), (321.0, 313.0)]}
[DEBUG] mask nonzero = 239
[DEBUG] found 3 raw contours
[DEBUG] kept 3 candidates after filtering
[DEBUG] roi_desc = {'type': 'polygon', 'polygon': [(329.0, 318.0), (351.0, 301.0), (373.0, 280.0), (395.0, 264.0), (410.0, 237.0), (399.0, 194.0), (357.0, 161.0), (310.0, 167.0), (271.0, 175.0), (237.0, 188.0), (221.0, 208.0), (219.0, 222.0), (219.0, 239.0), (234.0, 245.0), (249.0, 255.0), (260.0, 269.0), (286.0, 288.0), (303.0, 300.0), (314.0, 310.0), (321.0, 313.0)]}
[DEBUG] mask nonzero = 240
[DEBUG] found 3 raw contours
[DEBUG] kept 3 candidates after filtering
[DEBUG] roi_desc = {'type': 'polygon', 'polygon': [(329.0, 318.0), (351.0, 301.0), (373.0, 280.0), (395.0, 264.0), (410.0, 237.0), (399.0, 194.0), (357.0, 161.0), (310.0, 167.0), (271.0, 175.0), (237.0, 188.0), (221.0, 208.0), (219.0, 222.0), (219.0, 239.0), (234.0, 245.0), (249.0, 255.0), (260.0, 269.0), (286.0, 288.0), (303.0, 300.0), (314.0, 310.0), (321.0, 313.0)]}
[DEBUG] mask nonzero = 228
[DEBUG] found 3 raw contours
[DEBUG] kept 3 candidates after filtering
[ 100] i=101/131 |e|=  1.07mm ins=34.7mm
[DEBUG] roi_desc = {'type': 'polygon', 'polygon': [(329.0, 318.0), (351.0, 301.0), (373.0, 280.0), (395.0, 264.0), (410.0, 237.0), (399.0, 194.0), (357.0, 161.0), (310.0, 167.0), (271.0, 175.0), (237.0, 188.0), (221.0, 208.0), (219.0, 222.0), (219.0, 239.0), (234.0, 245.0), (249.0, 255.0), (260.0, 269.0), (286.0, 288.0), (303.0, 300.0), (314.0, 310.0), (321.0, 313.0)]}
[DEBUG] mask nonzero = 230
[DEBUG] found 3 raw contours
[DEBUG] kept 3 candidates after filtering
[DEBUG] roi_desc = {'type': 'polygon', 'polygon': [(329.0, 318.0), (351.0, 301.0), (373.0, 280.0), (395.0, 264.0), (410.0, 237.0), (399.0, 194.0), (357.0, 161.0), (310.0, 167.0), (271.0, 175.0), (237.0, 188.0), (221.0, 208.0), (219.0, 222.0), (219.0, 239.0), (234.0, 245.0), (249.0, 255.0), (260.0, 269.0), (286.0, 288.0), (303.0, 300.0), (314.0, 310.0), (321.0, 313.0)]}
[DEBUG] mask nonzero = 230
[DEBUG] found 3 raw contours
[DEBUG] kept 3 candidates after filtering
[DEBUG] roi_desc = {'type': 'polygon', 'polygon': [(329.0, 318.0), (351.0, 301.0), (373.0, 280.0), (395.0, 264.0), (410.0, 237.0), (399.0, 194.0), (357.0, 161.0), (310.0, 167.0), (271.0, 175.0), (237.0, 188.0), (221.0, 208.0), (219.0, 222.0), (219.0, 239.0), (234.0, 245.0), (249.0, 255.0), (260.0, 269.0), (286.0, 288.0), (303.0, 300.0), (314.0, 310.0), (321.0, 313.0)]}
[DEBUG] mask nonzero = 226
[DEBUG] found 3 raw contours
[DEBUG] kept 3 candidates after filtering
[DEBUG] roi_desc = {'type': 'polygon', 'polygon': [(329.0, 318.0), (351.0, 301.0), (373.0, 280.0), (395.0, 264.0), (410.0, 237.0), (399.0, 194.0), (357.0, 161.0), (310.0, 167.0), (271.0, 175.0), (237.0, 188.0), (221.0, 208.0), (219.0, 222.0), (219.0, 239.0), (234.0, 245.0), (249.0, 255.0), (260.0, 269.0), (286.0, 288.0), (303.0, 300.0), (314.0, 310.0), (321.0, 313.0)]}
[DEBUG] mask nonzero = 229
[DEBUG] found 3 raw contours
[DEBUG] kept 3 candidates after filtering
[DEBUG] roi_desc = {'type': 'polygon', 'polygon': [(329.0, 318.0), (351.0, 301.0), (373.0, 280.0), (395.0, 264.0), (410.0, 237.0), (399.0, 194.0), (357.0, 161.0), (310.0, 167.0), (271.0, 175.0), (237.0, 188.0), (221.0, 208.0), (219.0, 222.0), (219.0, 239.0), (234.0, 245.0), (249.0, 255.0), (260.0, 269.0), (286.0, 288.0), (303.0, 300.0), (314.0, 310.0), (321.0, 313.0)]}
[DEBUG] mask nonzero = 219
[DEBUG] found 3 raw contours
[DEBUG] kept 3 candidates after filtering
[DEBUG] roi_desc = {'type': 'polygon', 'polygon': [(329.0, 318.0), (351.0, 301.0), (373.0, 280.0), (395.0, 264.0), (410.0, 237.0), (399.0, 194.0), (357.0, 161.0), (310.0, 167.0), (271.0, 175.0), (237.0, 188.0), (221.0, 208.0), (219.0, 222.0), (219.0, 239.0), (234.0, 245.0), (249.0, 255.0), (260.0, 269.0), (286.0, 288.0), (303.0, 300.0), (314.0, 310.0), (321.0, 313.0)]}
[DEBUG] mask nonzero = 233
[DEBUG] found 3 raw contours
[DEBUG] kept 3 candidates after filtering
[DEBUG] roi_desc = {'type': 'polygon', 'polygon': [(329.0, 318.0), (351.0, 301.0), (373.0, 280.0), (395.0, 264.0), (410.0, 237.0), (399.0, 194.0), (357.0, 161.0), (310.0, 167.0), (271.0, 175.0), (237.0, 188.0), (221.0, 208.0), (219.0, 222.0), (219.0, 239.0), (234.0, 245.0), (249.0, 255.0), (260.0, 269.0), (286.0, 288.0), (303.0, 300.0), (314.0, 310.0), (321.0, 313.0)]}
[DEBUG] mask nonzero = 225
[DEBUG] found 3 raw contours
[DEBUG] kept 3 candidates after filtering
[DEBUG] roi_desc = {'type': 'polygon', 'polygon': [(329.0, 318.0), (351.0, 301.0), (373.0, 280.0), (395.0, 264.0), (410.0, 237.0), (399.0, 194.0), (357.0, 161.0), (310.0, 167.0), (271.0, 175.0), (237.0, 188.0), (221.0, 208.0), (219.0, 222.0), (219.0, 239.0), (234.0, 245.0), (249.0, 255.0), (260.0, 269.0), (286.0, 288.0), (303.0, 300.0), (314.0, 310.0), (321.0, 313.0)]}
[DEBUG] mask nonzero = 230
[DEBUG] found 3 raw contours
[DEBUG] kept 3 candidates after filtering
[DEBUG] roi_desc = {'type': 'polygon', 'polygon': [(329.0, 318.0), (351.0, 301.0), (373.0, 280.0), (395.0, 264.0), (410.0, 237.0), (399.0, 194.0), (357.0, 161.0), (310.0, 167.0), (271.0, 175.0), (237.0, 188.0), (221.0, 208.0), (219.0, 222.0), (219.0, 239.0), (234.0, 245.0), (249.0, 255.0), (260.0, 269.0), (286.0, 288.0), (303.0, 300.0), (314.0, 310.0), (321.0, 313.0)]}
[DEBUG] mask nonzero = 222
[DEBUG] found 3 raw contours
[DEBUG] kept 3 candidates after filtering
[DEBUG] roi_desc = {'type': 'polygon', 'polygon': [(329.0, 318.0), (351.0, 301.0), (373.0, 280.0), (395.0, 264.0), (410.0, 237.0), (399.0, 194.0), (357.0, 161.0), (310.0, 167.0), (271.0, 175.0), (237.0, 188.0), (221.0, 208.0), (219.0, 222.0), (219.0, 239.0), (234.0, 245.0), (249.0, 255.0), (260.0, 269.0), (286.0, 288.0), (303.0, 300.0), (314.0, 310.0), (321.0, 313.0)]}
[DEBUG] mask nonzero = 235
[DEBUG] found 3 raw contours
[DEBUG] kept 3 candidates after filtering
[DEBUG] roi_desc = {'type': 'polygon', 'polygon': [(329.0, 318.0), (351.0, 301.0), (373.0, 280.0), (395.0, 264.0), (410.0, 237.0), (399.0, 194.0), (357.0, 161.0), (310.0, 167.0), (271.0, 175.0), (237.0, 188.0), (221.0, 208.0), (219.0, 222.0), (219.0, 239.0), (234.0, 245.0), (249.0, 255.0), (260.0, 269.0), (286.0, 288.0), (303.0, 300.0), (314.0, 310.0), (321.0, 313.0)]}
[DEBUG] mask nonzero = 221
[DEBUG] found 3 raw contours
[DEBUG] kept 3 candidates after filtering
[DEBUG] roi_desc = {'type': 'polygon', 'polygon': [(329.0, 318.0), (351.0, 301.0), (373.0, 280.0), (395.0, 264.0), (410.0, 237.0), (399.0, 194.0), (357.0, 161.0), (310.0, 167.0), (271.0, 175.0), (237.0, 188.0), (221.0, 208.0), (219.0, 222.0), (219.0, 239.0), (234.0, 245.0), (249.0, 255.0), (260.0, 269.0), (286.0, 288.0), (303.0, 300.0), (314.0, 310.0), (321.0, 313.0)]}
[DEBUG] mask nonzero = 230
[DEBUG] found 3 raw contours
[DEBUG] kept 3 candidates after filtering
[DEBUG] roi_desc = {'type': 'polygon', 'polygon': [(329.0, 318.0), (351.0, 301.0), (373.0, 280.0), (395.0, 264.0), (410.0, 237.0), (399.0, 194.0), (357.0, 161.0), (310.0, 167.0), (271.0, 175.0), (237.0, 188.0), (221.0, 208.0), (219.0, 222.0), (219.0, 239.0), (234.0, 245.0), (249.0, 255.0), (260.0, 269.0), (286.0, 288.0), (303.0, 300.0), (314.0, 310.0), (321.0, 313.0)]}
[DEBUG] mask nonzero = 214
[DEBUG] found 3 raw contours
[DEBUG] kept 3 candidates after filtering
[DEBUG] roi_desc = {'type': 'polygon', 'polygon': [(329.0, 318.0), (351.0, 301.0), (373.0, 280.0), (395.0, 264.0), (410.0, 237.0), (399.0, 194.0), (357.0, 161.0), (310.0, 167.0), (271.0, 175.0), (237.0, 188.0), (221.0, 208.0), (219.0, 222.0), (219.0, 239.0), (234.0, 245.0), (249.0, 255.0), (260.0, 269.0), (286.0, 288.0), (303.0, 300.0), (314.0, 310.0), (321.0, 313.0)]}
[DEBUG] mask nonzero = 237
[DEBUG] found 3 raw contours
[DEBUG] kept 3 candidates after filtering
[DEBUG] roi_desc = {'type': 'polygon', 'polygon': [(329.0, 318.0), (351.0, 301.0), (373.0, 280.0), (395.0, 264.0), (410.0, 237.0), (399.0, 194.0), (357.0, 161.0), (310.0, 167.0), (271.0, 175.0), (237.0, 188.0), (221.0, 208.0), (219.0, 222.0), (219.0, 239.0), (234.0, 245.0), (249.0, 255.0), (260.0, 269.0), (286.0, 288.0), (303.0, 300.0), (314.0, 310.0), (321.0, 313.0)]}
[DEBUG] mask nonzero = 217
[DEBUG] found 3 raw contours
[DEBUG] kept 3 candidates after filtering
[DEBUG] roi_desc = {'type': 'polygon', 'polygon': [(329.0, 318.0), (351.0, 301.0), (373.0, 280.0), (395.0, 264.0), (410.0, 237.0), (399.0, 194.0), (357.0, 161.0), (310.0, 167.0), (271.0, 175.0), (237.0, 188.0), (221.0, 208.0), (219.0, 222.0), (219.0, 239.0), (234.0, 245.0), (249.0, 255.0), (260.0, 269.0), (286.0, 288.0), (303.0, 300.0), (314.0, 310.0), (321.0, 313.0)]}
[DEBUG] mask nonzero = 225
[DEBUG] found 3 raw contours
[DEBUG] kept 3 candidates after filtering
[DEBUG] roi_desc = {'type': 'polygon', 'polygon': [(329.0, 318.0), (351.0, 301.0), (373.0, 280.0), (395.0, 264.0), (410.0, 237.0), (399.0, 194.0), (357.0, 161.0), (310.0, 167.0), (271.0, 175.0), (237.0, 188.0), (221.0, 208.0), (219.0, 222.0), (219.0, 239.0), (234.0, 245.0), (249.0, 255.0), (260.0, 269.0), (286.0, 288.0), (303.0, 300.0), (314.0, 310.0), (321.0, 313.0)]}
[DEBUG] mask nonzero = 215
[DEBUG] found 3 raw contours
[DEBUG] kept 3 candidates after filtering
[DEBUG] roi_desc = {'type': 'polygon', 'polygon': [(329.0, 318.0), (351.0, 301.0), (373.0, 280.0), (395.0, 264.0), (410.0, 237.0), (399.0, 194.0), (357.0, 161.0), (310.0, 167.0), (271.0, 175.0), (237.0, 188.0), (221.0, 208.0), (219.0, 222.0), (219.0, 239.0), (234.0, 245.0), (249.0, 255.0), (260.0, 269.0), (286.0, 288.0), (303.0, 300.0), (314.0, 310.0), (321.0, 313.0)]}
[DEBUG] mask nonzero = 221
[DEBUG] found 3 raw contours
[DEBUG] kept 3 candidates after filtering
[DEBUG] roi_desc = {'type': 'polygon', 'polygon': [(329.0, 318.0), (351.0, 301.0), (373.0, 280.0), (395.0, 264.0), (410.0, 237.0), (399.0, 194.0), (357.0, 161.0), (310.0, 167.0), (271.0, 175.0), (237.0, 188.0), (221.0, 208.0), (219.0, 222.0), (219.0, 239.0), (234.0, 245.0), (249.0, 255.0), (260.0, 269.0), (286.0, 288.0), (303.0, 300.0), (314.0, 310.0), (321.0, 313.0)]}
[DEBUG] mask nonzero = 229
[DEBUG] found 3 raw contours
[DEBUG] kept 3 candidates after filtering
[ 110] i=111/131 |e|=  0.83mm ins=33.1mm
[DEBUG] roi_desc = {'type': 'polygon', 'polygon': [(329.0, 318.0), (351.0, 301.0), (373.0, 280.0), (395.0, 264.0), (410.0, 237.0), (399.0, 194.0), (357.0, 161.0), (310.0, 167.0), (271.0, 175.0), (237.0, 188.0), (221.0, 208.0), (219.0, 222.0), (219.0, 239.0), (234.0, 245.0), (249.0, 255.0), (260.0, 269.0), (286.0, 288.0), (303.0, 300.0), (314.0, 310.0), (321.0, 313.0)]}
[DEBUG] mask nonzero = 218
[DEBUG] found 3 raw contours
[DEBUG] kept 3 candidates after filtering
[DEBUG] roi_desc = {'type': 'polygon', 'polygon': [(329.0, 318.0), (351.0, 301.0), (373.0, 280.0), (395.0, 264.0), (410.0, 237.0), (399.0, 194.0), (357.0, 161.0), (310.0, 167.0), (271.0, 175.0), (237.0, 188.0), (221.0, 208.0), (219.0, 222.0), (219.0, 239.0), (234.0, 245.0), (249.0, 255.0), (260.0, 269.0), (286.0, 288.0), (303.0, 300.0), (314.0, 310.0), (321.0, 313.0)]}
[DEBUG] mask nonzero = 237
[DEBUG] found 3 raw contours
[DEBUG] kept 3 candidates after filtering
[DEBUG] roi_desc = {'type': 'polygon', 'polygon': [(329.0, 318.0), (351.0, 301.0), (373.0, 280.0), (395.0, 264.0), (410.0, 237.0), (399.0, 194.0), (357.0, 161.0), (310.0, 167.0), (271.0, 175.0), (237.0, 188.0), (221.0, 208.0), (219.0, 222.0), (219.0, 239.0), (234.0, 245.0), (249.0, 255.0), (260.0, 269.0), (286.0, 288.0), (303.0, 300.0), (314.0, 310.0), (321.0, 313.0)]}
[DEBUG] mask nonzero = 209
[DEBUG] found 3 raw contours
[DEBUG] kept 3 candidates after filtering
[DEBUG] roi_desc = {'type': 'polygon', 'polygon': [(329.0, 318.0), (351.0, 301.0), (373.0, 280.0), (395.0, 264.0), (410.0, 237.0), (399.0, 194.0), (357.0, 161.0), (310.0, 167.0), (271.0, 175.0), (237.0, 188.0), (221.0, 208.0), (219.0, 222.0), (219.0, 239.0), (234.0, 245.0), (249.0, 255.0), (260.0, 269.0), (286.0, 288.0), (303.0, 300.0), (314.0, 310.0), (321.0, 313.0)]}
[DEBUG] mask nonzero = 228
[DEBUG] found 3 raw contours
[DEBUG] kept 3 candidates after filtering
[DEBUG] roi_desc = {'type': 'polygon', 'polygon': [(329.0, 318.0), (351.0, 301.0), (373.0, 280.0), (395.0, 264.0), (410.0, 237.0), (399.0, 194.0), (357.0, 161.0), (310.0, 167.0), (271.0, 175.0), (237.0, 188.0), (221.0, 208.0), (219.0, 222.0), (219.0, 239.0), (234.0, 245.0), (249.0, 255.0), (260.0, 269.0), (286.0, 288.0), (303.0, 300.0), (314.0, 310.0), (321.0, 313.0)]}
[DEBUG] mask nonzero = 200
[DEBUG] found 3 raw contours
[DEBUG] kept 3 candidates after filtering
[DEBUG] roi_desc = {'type': 'polygon', 'polygon': [(329.0, 318.0), (351.0, 301.0), (373.0, 280.0), (395.0, 264.0), (410.0, 237.0), (399.0, 194.0), (357.0, 161.0), (310.0, 167.0), (271.0, 175.0), (237.0, 188.0), (221.0, 208.0), (219.0, 222.0), (219.0, 239.0), (234.0, 245.0), (249.0, 255.0), (260.0, 269.0), (286.0, 288.0), (303.0, 300.0), (314.0, 310.0), (321.0, 313.0)]}
[DEBUG] mask nonzero = 229
[DEBUG] found 3 raw contours
[DEBUG] kept 3 candidates after filtering
[DEBUG] roi_desc = {'type': 'polygon', 'polygon': [(329.0, 318.0), (351.0, 301.0), (373.0, 280.0), (395.0, 264.0), (410.0, 237.0), (399.0, 194.0), (357.0, 161.0), (310.0, 167.0), (271.0, 175.0), (237.0, 188.0), (221.0, 208.0), (219.0, 222.0), (219.0, 239.0), (234.0, 245.0), (249.0, 255.0), (260.0, 269.0), (286.0, 288.0), (303.0, 300.0), (314.0, 310.0), (321.0, 313.0)]}
[DEBUG] mask nonzero = 217
[DEBUG] found 3 raw contours
[DEBUG] kept 3 candidates after filtering
[DEBUG] roi_desc = {'type': 'polygon', 'polygon': [(329.0, 318.0), (351.0, 301.0), (373.0, 280.0), (395.0, 264.0), (410.0, 237.0), (399.0, 194.0), (357.0, 161.0), (310.0, 167.0), (271.0, 175.0), (237.0, 188.0), (221.0, 208.0), (219.0, 222.0), (219.0, 239.0), (234.0, 245.0), (249.0, 255.0), (260.0, 269.0), (286.0, 288.0), (303.0, 300.0), (314.0, 310.0), (321.0, 313.0)]}
[DEBUG] mask nonzero = 221
[DEBUG] found 3 raw contours
[DEBUG] kept 3 candidates after filtering
[DEBUG] roi_desc = {'type': 'polygon', 'polygon': [(329.0, 318.0), (351.0, 301.0), (373.0, 280.0), (395.0, 264.0), (410.0, 237.0), (399.0, 194.0), (357.0, 161.0), (310.0, 167.0), (271.0, 175.0), (237.0, 188.0), (221.0, 208.0), (219.0, 222.0), (219.0, 239.0), (234.0, 245.0), (249.0, 255.0), (260.0, 269.0), (286.0, 288.0), (303.0, 300.0), (314.0, 310.0), (321.0, 313.0)]}
[DEBUG] mask nonzero = 221
[DEBUG] found 3 raw contours
[DEBUG] kept 3 candidates after filtering
[DEBUG] roi_desc = {'type': 'polygon', 'polygon': [(329.0, 318.0), (351.0, 301.0), (373.0, 280.0), (395.0, 264.0), (410.0, 237.0), (399.0, 194.0), (357.0, 161.0), (310.0, 167.0), (271.0, 175.0), (237.0, 188.0), (221.0, 208.0), (219.0, 222.0), (219.0, 239.0), (234.0, 245.0), (249.0, 255.0), (260.0, 269.0), (286.0, 288.0), (303.0, 300.0), (314.0, 310.0), (321.0, 313.0)]}
[DEBUG] mask nonzero = 218
[DEBUG] found 3 raw contours
[DEBUG] kept 3 candidates after filtering
[DEBUG] roi_desc = {'type': 'polygon', 'polygon': [(329.0, 318.0), (351.0, 301.0), (373.0, 280.0), (395.0, 264.0), (410.0, 237.0), (399.0, 194.0), (357.0, 161.0), (310.0, 167.0), (271.0, 175.0), (237.0, 188.0), (221.0, 208.0), (219.0, 222.0), (219.0, 239.0), (234.0, 245.0), (249.0, 255.0), (260.0, 269.0), (286.0, 288.0), (303.0, 300.0), (314.0, 310.0), (321.0, 313.0)]}
[DEBUG] mask nonzero = 230
[DEBUG] found 3 raw contours
[DEBUG] kept 3 candidates after filtering
[DEBUG] roi_desc = {'type': 'polygon', 'polygon': [(329.0, 318.0), (351.0, 301.0), (373.0, 280.0), (395.0, 264.0), (410.0, 237.0), (399.0, 194.0), (357.0, 161.0), (310.0, 167.0), (271.0, 175.0), (237.0, 188.0), (221.0, 208.0), (219.0, 222.0), (219.0, 239.0), (234.0, 245.0), (249.0, 255.0), (260.0, 269.0), (286.0, 288.0), (303.0, 300.0), (314.0, 310.0), (321.0, 313.0)]}
[DEBUG] mask nonzero = 219
[DEBUG] found 3 raw contours
[DEBUG] kept 3 candidates after filtering
[DEBUG] roi_desc = {'type': 'polygon', 'polygon': [(329.0, 318.0), (351.0, 301.0), (373.0, 280.0), (395.0, 264.0), (410.0, 237.0), (399.0, 194.0), (357.0, 161.0), (310.0, 167.0), (271.0, 175.0), (237.0, 188.0), (221.0, 208.0), (219.0, 222.0), (219.0, 239.0), (234.0, 245.0), (249.0, 255.0), (260.0, 269.0), (286.0, 288.0), (303.0, 300.0), (314.0, 310.0), (321.0, 313.0)]}
[DEBUG] mask nonzero = 232
[DEBUG] found 3 raw contours
[DEBUG] kept 3 candidates after filtering
[DEBUG] roi_desc = {'type': 'polygon', 'polygon': [(329.0, 318.0), (351.0, 301.0), (373.0, 280.0), (395.0, 264.0), (410.0, 237.0), (399.0, 194.0), (357.0, 161.0), (310.0, 167.0), (271.0, 175.0), (237.0, 188.0), (221.0, 208.0), (219.0, 222.0), (219.0, 239.0), (234.0, 245.0), (249.0, 255.0), (260.0, 269.0), (286.0, 288.0), (303.0, 300.0), (314.0, 310.0), (321.0, 313.0)]}
[DEBUG] mask nonzero = 232
[DEBUG] found 3 raw contours
[DEBUG] kept 3 candidates after filtering
[DEBUG] roi_desc = {'type': 'polygon', 'polygon': [(329.0, 318.0), (351.0, 301.0), (373.0, 280.0), (395.0, 264.0), (410.0, 237.0), (399.0, 194.0), (357.0, 161.0), (310.0, 167.0), (271.0, 175.0), (237.0, 188.0), (221.0, 208.0), (219.0, 222.0), (219.0, 239.0), (234.0, 245.0), (249.0, 255.0), (260.0, 269.0), (286.0, 288.0), (303.0, 300.0), (314.0, 310.0), (321.0, 313.0)]}
[DEBUG] mask nonzero = 235
[DEBUG] found 3 raw contours
[DEBUG] kept 3 candidates after filtering
[DEBUG] roi_desc = {'type': 'polygon', 'polygon': [(329.0, 318.0), (351.0, 301.0), (373.0, 280.0), (395.0, 264.0), (410.0, 237.0), (399.0, 194.0), (357.0, 161.0), (310.0, 167.0), (271.0, 175.0), (237.0, 188.0), (221.0, 208.0), (219.0, 222.0), (219.0, 239.0), (234.0, 245.0), (249.0, 255.0), (260.0, 269.0), (286.0, 288.0), (303.0, 300.0), (314.0, 310.0), (321.0, 313.0)]}
[DEBUG] mask nonzero = 226
[DEBUG] found 3 raw contours
[DEBUG] kept 3 candidates after filtering
[DEBUG] roi_desc = {'type': 'polygon', 'polygon': [(329.0, 318.0), (351.0, 301.0), (373.0, 280.0), (395.0, 264.0), (410.0, 237.0), (399.0, 194.0), (357.0, 161.0), (310.0, 167.0), (271.0, 175.0), (237.0, 188.0), (221.0, 208.0), (219.0, 222.0), (219.0, 239.0), (234.0, 245.0), (249.0, 255.0), (260.0, 269.0), (286.0, 288.0), (303.0, 300.0), (314.0, 310.0), (321.0, 313.0)]}
[DEBUG] mask nonzero = 246
[DEBUG] found 3 raw contours
[DEBUG] kept 3 candidates after filtering
[DEBUG] roi_desc = {'type': 'polygon', 'polygon': [(329.0, 318.0), (351.0, 301.0), (373.0, 280.0), (395.0, 264.0), (410.0, 237.0), (399.0, 194.0), (357.0, 161.0), (310.0, 167.0), (271.0, 175.0), (237.0, 188.0), (221.0, 208.0), (219.0, 222.0), (219.0, 239.0), (234.0, 245.0), (249.0, 255.0), (260.0, 269.0), (286.0, 288.0), (303.0, 300.0), (314.0, 310.0), (321.0, 313.0)]}
[DEBUG] mask nonzero = 243
[DEBUG] found 3 raw contours
[DEBUG] kept 3 candidates after filtering
[DEBUG] roi_desc = {'type': 'polygon', 'polygon': [(329.0, 318.0), (351.0, 301.0), (373.0, 280.0), (395.0, 264.0), (410.0, 237.0), (399.0, 194.0), (357.0, 161.0), (310.0, 167.0), (271.0, 175.0), (237.0, 188.0), (221.0, 208.0), (219.0, 222.0), (219.0, 239.0), (234.0, 245.0), (249.0, 255.0), (260.0, 269.0), (286.0, 288.0), (303.0, 300.0), (314.0, 310.0), (321.0, 313.0)]}
[DEBUG] mask nonzero = 239
[DEBUG] found 3 raw contours
[DEBUG] kept 3 candidates after filtering
[ 120] i=121/131 |e|=  0.63mm ins=31.6mm
[DEBUG] roi_desc = {'type': 'polygon', 'polygon': [(329.0, 318.0), (351.0, 301.0), (373.0, 280.0), (395.0, 264.0), (410.0, 237.0), (399.0, 194.0), (357.0, 161.0), (310.0, 167.0), (271.0, 175.0), (237.0, 188.0), (221.0, 208.0), (219.0, 222.0), (219.0, 239.0), (234.0, 245.0), (249.0, 255.0), (260.0, 269.0), (286.0, 288.0), (303.0, 300.0), (314.0, 310.0), (321.0, 313.0)]}
[DEBUG] mask nonzero = 240
[DEBUG] found 3 raw contours
[DEBUG] kept 3 candidates after filtering
[DEBUG] roi_desc = {'type': 'polygon', 'polygon': [(329.0, 318.0), (351.0, 301.0), (373.0, 280.0), (395.0, 264.0), (410.0, 237.0), (399.0, 194.0), (357.0, 161.0), (310.0, 167.0), (271.0, 175.0), (237.0, 188.0), (221.0, 208.0), (219.0, 222.0), (219.0, 239.0), (234.0, 245.0), (249.0, 255.0), (260.0, 269.0), (286.0, 288.0), (303.0, 300.0), (314.0, 310.0), (321.0, 313.0)]}
[DEBUG] mask nonzero = 233
[DEBUG] found 3 raw contours
[DEBUG] kept 3 candidates after filtering
[DEBUG] roi_desc = {'type': 'polygon', 'polygon': [(329.0, 318.0), (351.0, 301.0), (373.0, 280.0), (395.0, 264.0), (410.0, 237.0), (399.0, 194.0), (357.0, 161.0), (310.0, 167.0), (271.0, 175.0), (237.0, 188.0), (221.0, 208.0), (219.0, 222.0), (219.0, 239.0), (234.0, 245.0), (249.0, 255.0), (260.0, 269.0), (286.0, 288.0), (303.0, 300.0), (314.0, 310.0), (321.0, 313.0)]}
[DEBUG] mask nonzero = 237
[DEBUG] found 3 raw contours
[DEBUG] kept 3 candidates after filtering
[DEBUG] roi_desc = {'type': 'polygon', 'polygon': [(329.0, 318.0), (351.0, 301.0), (373.0, 280.0), (395.0, 264.0), (410.0, 237.0), (399.0, 194.0), (357.0, 161.0), (310.0, 167.0), (271.0, 175.0), (237.0, 188.0), (221.0, 208.0), (219.0, 222.0), (219.0, 239.0), (234.0, 245.0), (249.0, 255.0), (260.0, 269.0), (286.0, 288.0), (303.0, 300.0), (314.0, 310.0), (321.0, 313.0)]}
[DEBUG] mask nonzero = 240
[DEBUG] found 3 raw contours
[DEBUG] kept 3 candidates after filtering
[DEBUG] roi_desc = {'type': 'polygon', 'polygon': [(329.0, 318.0), (351.0, 301.0), (373.0, 280.0), (395.0, 264.0), (410.0, 237.0), (399.0, 194.0), (357.0, 161.0), (310.0, 167.0), (271.0, 175.0), (237.0, 188.0), (221.0, 208.0), (219.0, 222.0), (219.0, 239.0), (234.0, 245.0), (249.0, 255.0), (260.0, 269.0), (286.0, 288.0), (303.0, 300.0), (314.0, 310.0), (321.0, 313.0)]}
[DEBUG] mask nonzero = 238
[DEBUG] found 3 raw contours
[DEBUG] kept 3 candidates after filtering
[DEBUG] roi_desc = {'type': 'polygon', 'polygon': [(329.0, 318.0), (351.0, 301.0), (373.0, 280.0), (395.0, 264.0), (410.0, 237.0), (399.0, 194.0), (357.0, 161.0), (310.0, 167.0), (271.0, 175.0), (237.0, 188.0), (221.0, 208.0), (219.0, 222.0), (219.0, 239.0), (234.0, 245.0), (249.0, 255.0), (260.0, 269.0), (286.0, 288.0), (303.0, 300.0), (314.0, 310.0), (321.0, 313.0)]}
[DEBUG] mask nonzero = 234
[DEBUG] found 3 raw contours
[DEBUG] kept 3 candidates after filtering
[DEBUG] roi_desc = {'type': 'polygon', 'polygon': [(329.0, 318.0), (351.0, 301.0), (373.0, 280.0), (395.0, 264.0), (410.0, 237.0), (399.0, 194.0), (357.0, 161.0), (310.0, 167.0), (271.0, 175.0), (237.0, 188.0), (221.0, 208.0), (219.0, 222.0), (219.0, 239.0), (234.0, 245.0), (249.0, 255.0), (260.0, 269.0), (286.0, 288.0), (303.0, 300.0), (314.0, 310.0), (321.0, 313.0)]}
[DEBUG] mask nonzero = 242
[DEBUG] found 3 raw contours
[DEBUG] kept 3 candidates after filtering
[DEBUG] roi_desc = {'type': 'polygon', 'polygon': [(329.0, 318.0), (351.0, 301.0), (373.0, 280.0), (395.0, 264.0), (410.0, 237.0), (399.0, 194.0), (357.0, 161.0), (310.0, 167.0), (271.0, 175.0), (237.0, 188.0), (221.0, 208.0), (219.0, 222.0), (219.0, 239.0), (234.0, 245.0), (249.0, 255.0), (260.0, 269.0), (286.0, 288.0), (303.0, 300.0), (314.0, 310.0), (321.0, 313.0)]}
[DEBUG] mask nonzero = 250
[DEBUG] found 3 raw contours
[DEBUG] kept 3 candidates after filtering
[DEBUG] roi_desc = {'type': 'polygon', 'polygon': [(329.0, 318.0), (351.0, 301.0), (373.0, 280.0), (395.0, 264.0), (410.0, 237.0), (399.0, 194.0), (357.0, 161.0), (310.0, 167.0), (271.0, 175.0), (237.0, 188.0), (221.0, 208.0), (219.0, 222.0), (219.0, 239.0), (234.0, 245.0), (249.0, 255.0), (260.0, 269.0), (286.0, 288.0), (303.0, 300.0), (314.0, 310.0), (321.0, 313.0)]}
[DEBUG] mask nonzero = 244
[DEBUG] found 3 raw contours
[DEBUG] kept 3 candidates after filtering
[DEBUG] roi_desc = {'type': 'polygon', 'polygon': [(329.0, 318.0), (351.0, 301.0), (373.0, 280.0), (395.0, 264.0), (410.0, 237.0), (399.0, 194.0), (357.0, 161.0), (310.0, 167.0), (271.0, 175.0), (237.0, 188.0), (221.0, 208.0), (219.0, 222.0), (219.0, 239.0), (234.0, 245.0), (249.0, 255.0), (260.0, 269.0), (286.0, 288.0), (303.0, 300.0), (314.0, 310.0), (321.0, 313.0)]}
[DEBUG] mask nonzero = 235
[DEBUG] found 3 raw contours
[DEBUG] kept 3 candidates after filtering
[DEBUG] roi_desc = {'type': 'polygon', 'polygon': [(329.0, 318.0), (351.0, 301.0), (373.0, 280.0), (395.0, 264.0), (410.0, 237.0), (399.0, 194.0), (357.0, 161.0), (310.0, 167.0), (271.0, 175.0), (237.0, 188.0), (221.0, 208.0), (219.0, 222.0), (219.0, 239.0), (234.0, 245.0), (249.0, 255.0), (260.0, 269.0), (286.0, 288.0), (303.0, 300.0), (314.0, 310.0), (321.0, 313.0)]}
[DEBUG] mask nonzero = 241
[DEBUG] found 3 raw contours
[DEBUG] kept 3 candidates after filtering
[DEBUG] roi_desc = {'type': 'polygon', 'polygon': [(329.0, 318.0), (351.0, 301.0), (373.0, 280.0), (395.0, 264.0), (410.0, 237.0), (399.0, 194.0), (357.0, 161.0), (310.0, 167.0), (271.0, 175.0), (237.0, 188.0), (221.0, 208.0), (219.0, 222.0), (219.0, 239.0), (234.0, 245.0), (249.0, 255.0), (260.0, 269.0), (286.0, 288.0), (303.0, 300.0), (314.0, 310.0), (321.0, 313.0)]}
[DEBUG] mask nonzero = 240
[DEBUG] found 3 raw contours
[DEBUG] kept 3 candidates after filtering
[DEBUG] roi_desc = {'type': 'polygon', 'polygon': [(329.0, 318.0), (351.0, 301.0), (373.0, 280.0), (395.0, 264.0), (410.0, 237.0), (399.0, 194.0), (357.0, 161.0), (310.0, 167.0), (271.0, 175.0), (237.0, 188.0), (221.0, 208.0), (219.0, 222.0), (219.0, 239.0), (234.0, 245.0), (249.0, 255.0), (260.0, 269.0), (286.0, 288.0), (303.0, 300.0), (314.0, 310.0), (321.0, 313.0)]}
[DEBUG] mask nonzero = 243
[DEBUG] found 3 raw contours
[DEBUG] kept 3 candidates after filtering
[DEBUG] roi_desc = {'type': 'polygon', 'polygon': [(329.0, 318.0), (351.0, 301.0), (373.0, 280.0), (395.0, 264.0), (410.0, 237.0), (399.0, 194.0), (357.0, 161.0), (310.0, 167.0), (271.0, 175.0), (237.0, 188.0), (221.0, 208.0), (219.0, 222.0), (219.0, 239.0), (234.0, 245.0), (249.0, 255.0), (260.0, 269.0), (286.0, 288.0), (303.0, 300.0), (314.0, 310.0), (321.0, 313.0)]}
[DEBUG] mask nonzero = 235
[DEBUG] found 3 raw contours
[DEBUG] kept 3 candidates after filtering
[DEBUG] roi_desc = {'type': 'polygon', 'polygon': [(329.0, 318.0), (351.0, 301.0), (373.0, 280.0), (395.0, 264.0), (410.0, 237.0), (399.0, 194.0), (357.0, 161.0), (310.0, 167.0), (271.0, 175.0), (237.0, 188.0), (221.0, 208.0), (219.0, 222.0), (219.0, 239.0), (234.0, 245.0), (249.0, 255.0), (260.0, 269.0), (286.0, 288.0), (303.0, 300.0), (314.0, 310.0), (321.0, 313.0)]}
[DEBUG] mask nonzero = 240
[DEBUG] found 3 raw contours
[DEBUG] kept 3 candidates after filtering
[DEBUG] roi_desc = {'type': 'polygon', 'polygon': [(329.0, 318.0), (351.0, 301.0), (373.0, 280.0), (395.0, 264.0), (410.0, 237.0), (399.0, 194.0), (357.0, 161.0), (310.0, 167.0), (271.0, 175.0), (237.0, 188.0), (221.0, 208.0), (219.0, 222.0), (219.0, 239.0), (234.0, 245.0), (249.0, 255.0), (260.0, 269.0), (286.0, 288.0), (303.0, 300.0), (314.0, 310.0), (321.0, 313.0)]}
[DEBUG] mask nonzero = 227
[DEBUG] found 3 raw contours
[DEBUG] kept 3 candidates after filtering
[DEBUG] roi_desc = {'type': 'polygon', 'polygon': [(329.0, 318.0), (351.0, 301.0), (373.0, 280.0), (395.0, 264.0), (410.0, 237.0), (399.0, 194.0), (357.0, 161.0), (310.0, 167.0), (271.0, 175.0), (237.0, 188.0), (221.0, 208.0), (219.0, 222.0), (219.0, 239.0), (234.0, 245.0), (249.0, 255.0), (260.0, 269.0), (286.0, 288.0), (303.0, 300.0), (314.0, 310.0), (321.0, 313.0)]}
[DEBUG] mask nonzero = 232
[DEBUG] found 3 raw contours
[DEBUG] kept 3 candidates after filtering
[DEBUG] roi_desc = {'type': 'polygon', 'polygon': [(329.0, 318.0), (351.0, 301.0), (373.0, 280.0), (395.0, 264.0), (410.0, 237.0), (399.0, 194.0), (357.0, 161.0), (310.0, 167.0), (271.0, 175.0), (237.0, 188.0), (221.0, 208.0), (219.0, 222.0), (219.0, 239.0), (234.0, 245.0), (249.0, 255.0), (260.0, 269.0), (286.0, 288.0), (303.0, 300.0), (314.0, 310.0), (321.0, 313.0)]}
[DEBUG] mask nonzero = 235
[DEBUG] found 3 raw contours
[DEBUG] kept 3 candidates after filtering
[ 130] i=131/131 |e|=  0.28mm ins=30.0mm
[DEBUG] roi_desc = {'type': 'polygon', 'polygon': [(329.0, 318.0), (351.0, 301.0), (373.0, 280.0), (395.0, 264.0), (410.0, 237.0), (399.0, 194.0), (357.0, 161.0), (310.0, 167.0), (271.0, 175.0), (237.0, 188.0), (221.0, 208.0), (219.0, 222.0), (219.0, 239.0), (234.0, 245.0), (249.0, 255.0), (260.0, 269.0), (286.0, 288.0), (303.0, 300.0), (314.0, 310.0), (321.0, 313.0)]}
[DEBUG] mask nonzero = 234
[DEBUG] found 3 raw contours
[DEBUG] kept 3 candidates after filtering
[DEBUG] roi_desc = {'type': 'polygon', 'polygon': [(329.0, 318.0), (351.0, 301.0), (373.0, 280.0), (395.0, 264.0), (410.0, 237.0), (399.0, 194.0), (357.0, 161.0), (310.0, 167.0), (271.0, 175.0), (237.0, 188.0), (221.0, 208.0), (219.0, 222.0), (219.0, 239.0), (234.0, 245.0), (249.0, 255.0), (260.0, 269.0), (286.0, 288.0), (303.0, 300.0), (314.0, 310.0), (321.0, 313.0)]}
[DEBUG] mask nonzero = 232
[DEBUG] found 3 raw contours
[DEBUG] kept 3 candidates after filtering
[DEBUG] roi_desc = {'type': 'polygon', 'polygon': [(329.0, 318.0), (351.0, 301.0), (373.0, 280.0), (395.0, 264.0), (410.0, 237.0), (399.0, 194.0), (357.0, 161.0), (310.0, 167.0), (271.0, 175.0), (237.0, 188.0), (221.0, 208.0), (219.0, 222.0), (219.0, 239.0), (234.0, 245.0), (249.0, 255.0), (260.0, 269.0), (286.0, 288.0), (303.0, 300.0), (314.0, 310.0), (321.0, 313.0)]}
[DEBUG] mask nonzero = 231
[DEBUG] found 3 raw contours
[DEBUG] kept 3 candidates after filtering
[DEBUG] roi_desc = {'type': 'polygon', 'polygon': [(329.0, 318.0), (351.0, 301.0), (373.0, 280.0), (395.0, 264.0), (410.0, 237.0), (399.0, 194.0), (357.0, 161.0), (310.0, 167.0), (271.0, 175.0), (237.0, 188.0), (221.0, 208.0), (219.0, 222.0), (219.0, 239.0), (234.0, 245.0), (249.0, 255.0), (260.0, 269.0), (286.0, 288.0), (303.0, 300.0), (314.0, 310.0), (321.0, 313.0)]}
[DEBUG] mask nonzero = 235
[DEBUG] found 3 raw contours
[DEBUG] kept 3 candidates after filtering
[DEBUG] roi_desc = {'type': 'polygon', 'polygon': [(329.0, 318.0), (351.0, 301.0), (373.0, 280.0), (395.0, 264.0), (410.0, 237.0), (399.0, 194.0), (357.0, 161.0), (310.0, 167.0), (271.0, 175.0), (237.0, 188.0), (221.0, 208.0), (219.0, 222.0), (219.0, 239.0), (234.0, 245.0), (249.0, 255.0), (260.0, 269.0), (286.0, 288.0), (303.0, 300.0), (314.0, 310.0), (321.0, 313.0)]}
[DEBUG] mask nonzero = 236
[DEBUG] found 3 raw contours
[DEBUG] kept 3 candidates after filtering
[DEBUG] roi_desc = {'type': 'polygon', 'polygon': [(329.0, 318.0), (351.0, 301.0), (373.0, 280.0), (395.0, 264.0), (410.0, 237.0), (399.0, 194.0), (357.0, 161.0), (310.0, 167.0), (271.0, 175.0), (237.0, 188.0), (221.0, 208.0), (219.0, 222.0), (219.0, 239.0), (234.0, 245.0), (249.0, 255.0), (260.0, 269.0), (286.0, 288.0), (303.0, 300.0), (314.0, 310.0), (321.0, 313.0)]}
[DEBUG] mask nonzero = 233
[DEBUG] found 3 raw contours
[DEBUG] kept 3 candidates after filtering
[DEBUG] roi_desc = {'type': 'polygon', 'polygon': [(329.0, 318.0), (351.0, 301.0), (373.0, 280.0), (395.0, 264.0), (410.0, 237.0), (399.0, 194.0), (357.0, 161.0), (310.0, 167.0), (271.0, 175.0), (237.0, 188.0), (221.0, 208.0), (219.0, 222.0), (219.0, 239.0), (234.0, 245.0), (249.0, 255.0), (260.0, 269.0), (286.0, 288.0), (303.0, 300.0), (314.0, 310.0), (321.0, 313.0)]}
[DEBUG] mask nonzero = 236
[DEBUG] found 3 raw contours
[DEBUG] kept 3 candidates after filtering
[DEBUG] roi_desc = {'type': 'polygon', 'polygon': [(329.0, 318.0), (351.0, 301.0), (373.0, 280.0), (395.0, 264.0), (410.0, 237.0), (399.0, 194.0), (357.0, 161.0), (310.0, 167.0), (271.0, 175.0), (237.0, 188.0), (221.0, 208.0), (219.0, 222.0), (219.0, 239.0), (234.0, 245.0), (249.0, 255.0), (260.0, 269.0), (286.0, 288.0), (303.0, 300.0), (314.0, 310.0), (321.0, 313.0)]}
[DEBUG] mask nonzero = 238
[DEBUG] found 3 raw contours
[DEBUG] kept 3 candidates after filtering
[DEBUG] roi_desc = {'type': 'polygon', 'polygon': [(329.0, 318.0), (351.0, 301.0), (373.0, 280.0), (395.0, 264.0), (410.0, 237.0), (399.0, 194.0), (357.0, 161.0), (310.0, 167.0), (271.0, 175.0), (237.0, 188.0), (221.0, 208.0), (219.0, 222.0), (219.0, 239.0), (234.0, 245.0), (249.0, 255.0), (260.0, 269.0), (286.0, 288.0), (303.0, 300.0), (314.0, 310.0), (321.0, 313.0)]}
[DEBUG] mask nonzero = 233
[DEBUG] found 3 raw contours
[DEBUG] kept 3 candidates after filtering
[ 135] i=131/131 |e|=  0.23mm ins=30.0mm TERM
[DEBUG] roi_desc = {'type': 'polygon', 'polygon': [(329.0, 318.0), (351.0, 301.0), (373.0, 280.0), (395.0, 264.0), (410.0, 237.0), (399.0, 194.0), (357.0, 161.0), (310.0, 167.0), (271.0, 175.0), (237.0, 188.0), (221.0, 208.0), (219.0, 222.0), (219.0, 239.0), (234.0, 245.0), (249.0, 255.0), (260.0, 269.0), (286.0, 288.0), (303.0, 300.0), (314.0, 310.0), (321.0, 313.0)]}
[DEBUG] mask nonzero = 232
[DEBUG] found 3 raw contours
[DEBUG] kept 3 candidates after filtering
[DEBUG] roi_desc = {'type': 'polygon', 'polygon': [(329.0, 318.0), (351.0, 301.0), (373.0, 280.0), (395.0, 264.0), (410.0, 237.0), (399.0, 194.0), (357.0, 161.0), (310.0, 167.0), (271.0, 175.0), (237.0, 188.0), (221.0, 208.0), (219.0, 222.0), (219.0, 239.0), (234.0, 245.0), (249.0, 255.0), (260.0, 269.0), (286.0, 288.0), (303.0, 300.0), (314.0, 310.0), (321.0, 313.0)]}
[DEBUG] mask nonzero = 235
[DEBUG] found 3 raw contours
[DEBUG] kept 3 candidates after filtering
[DEBUG] roi_desc = {'type': 'polygon', 'polygon': [(329.0, 318.0), (351.0, 301.0), (373.0, 280.0), (395.0, 264.0), (410.0, 237.0), (399.0, 194.0), (357.0, 161.0), (310.0, 167.0), (271.0, 175.0), (237.0, 188.0), (221.0, 208.0), (219.0, 222.0), (219.0, 239.0), (234.0, 245.0), (249.0, 255.0), (260.0, 269.0), (286.0, 288.0), (303.0, 300.0), (314.0, 310.0), (321.0, 313.0)]}
[DEBUG] mask nonzero = 228
[DEBUG] found 3 raw contours
[DEBUG] kept 3 candidates after filtering
[DEBUG] roi_desc = {'type': 'polygon', 'polygon': [(329.0, 318.0), (351.0, 301.0), (373.0, 280.0), (395.0, 264.0), (410.0, 237.0), (399.0, 194.0), (357.0, 161.0), (310.0, 167.0), (271.0, 175.0), (237.0, 188.0), (221.0, 208.0), (219.0, 222.0), (219.0, 239.0), (234.0, 245.0), (249.0, 255.0), (260.0, 269.0), (286.0, 288.0), (303.0, 300.0), (314.0, 310.0), (321.0, 313.0)]}
[DEBUG] mask nonzero = 233
[DEBUG] found 3 raw contours
[DEBUG] kept 3 candidates after filtering
[DEBUG] roi_desc = {'type': 'polygon', 'polygon': [(329.0, 318.0), (351.0, 301.0), (373.0, 280.0), (395.0, 264.0), (410.0, 237.0), (399.0, 194.0), (357.0, 161.0), (310.0, 167.0), (271.0, 175.0), (237.0, 188.0), (221.0, 208.0), (219.0, 222.0), (219.0, 239.0), (234.0, 245.0), (249.0, 255.0), (260.0, 269.0), (286.0, 288.0), (303.0, 300.0), (314.0, 310.0), (321.0, 313.0)]}
[DEBUG] mask nonzero = 235
[DEBUG] found 3 raw contours
[DEBUG] kept 3 candidates after filtering
[DEBUG] roi_desc = {'type': 'polygon', 'polygon': [(329.0, 318.0), (351.0, 301.0), (373.0, 280.0), (395.0, 264.0), (410.0, 237.0), (399.0, 194.0), (357.0, 161.0), (310.0, 167.0), (271.0, 175.0), (237.0, 188.0), (221.0, 208.0), (219.0, 222.0), (219.0, 239.0), (234.0, 245.0), (249.0, 255.0), (260.0, 269.0), (286.0, 288.0), (303.0, 300.0), (314.0, 310.0), (321.0, 313.0)]}
[DEBUG] mask nonzero = 235
[DEBUG] found 3 raw contours
[DEBUG] kept 3 candidates after filtering
[DEBUG] roi_desc = {'type': 'polygon', 'polygon': [(329.0, 318.0), (351.0, 301.0), (373.0, 280.0), (395.0, 264.0), (410.0, 237.0), (399.0, 194.0), (357.0, 161.0), (310.0, 167.0), (271.0, 175.0), (237.0, 188.0), (221.0, 208.0), (219.0, 222.0), (219.0, 239.0), (234.0, 245.0), (249.0, 255.0), (260.0, 269.0), (286.0, 288.0), (303.0, 300.0), (314.0, 310.0), (321.0, 313.0)]}
[DEBUG] mask nonzero = 239
[DEBUG] found 3 raw contours
[DEBUG] kept 3 candidates after filtering
[DEBUG] roi_desc = {'type': 'polygon', 'polygon': [(329.0, 318.0), (351.0, 301.0), (373.0, 280.0), (395.0, 264.0), (410.0, 237.0), (399.0, 194.0), (357.0, 161.0), (310.0, 167.0), (271.0, 175.0), (237.0, 188.0), (221.0, 208.0), (219.0, 222.0), (219.0, 239.0), (234.0, 245.0), (249.0, 255.0), (260.0, 269.0), (286.0, 288.0), (303.0, 300.0), (314.0, 310.0), (321.0, 313.0)]}
[DEBUG] mask nonzero = 236
[DEBUG] found 3 raw contours
[DEBUG] kept 3 candidates after filtering
[DEBUG] roi_desc = {'type': 'polygon', 'polygon': [(329.0, 318.0), (351.0, 301.0), (373.0, 280.0), (395.0, 264.0), (410.0, 237.0), (399.0, 194.0), (357.0, 161.0), (310.0, 167.0), (271.0, 175.0), (237.0, 188.0), (221.0, 208.0), (219.0, 222.0), (219.0, 239.0), (234.0, 245.0), (249.0, 255.0), (260.0, 269.0), (286.0, 288.0), (303.0, 300.0), (314.0, 310.0), (321.0, 313.0)]}
[DEBUG] mask nonzero = 236
[DEBUG] found 3 raw contours
[DEBUG] kept 3 candidates after filtering
[ 140] i=131/131 |e|=  0.26mm ins=30.0mm TERM
[DEBUG] roi_desc = {'type': 'polygon', 'polygon': [(329.0, 318.0), (351.0, 301.0), (373.0, 280.0), (395.0, 264.0), (410.0, 237.0), (399.0, 194.0), (357.0, 161.0), (310.0, 167.0), (271.0, 175.0), (237.0, 188.0), (221.0, 208.0), (219.0, 222.0), (219.0, 239.0), (234.0, 245.0), (249.0, 255.0), (260.0, 269.0), (286.0, 288.0), (303.0, 300.0), (314.0, 310.0), (321.0, 313.0)]}
[DEBUG] mask nonzero = 232
[DEBUG] found 3 raw contours
[DEBUG] kept 3 candidates after filtering
[DEBUG] roi_desc = {'type': 'polygon', 'polygon': [(329.0, 318.0), (351.0, 301.0), (373.0, 280.0), (395.0, 264.0), (410.0, 237.0), (399.0, 194.0), (357.0, 161.0), (310.0, 167.0), (271.0, 175.0), (237.0, 188.0), (221.0, 208.0), (219.0, 222.0), (219.0, 239.0), (234.0, 245.0), (249.0, 255.0), (260.0, 269.0), (286.0, 288.0), (303.0, 300.0), (314.0, 310.0), (321.0, 313.0)]}
[DEBUG] mask nonzero = 231
[DEBUG] found 3 raw contours
[DEBUG] kept 3 candidates after filtering
[DEBUG] roi_desc = {'type': 'polygon', 'polygon': [(329.0, 318.0), (351.0, 301.0), (373.0, 280.0), (395.0, 264.0), (410.0, 237.0), (399.0, 194.0), (357.0, 161.0), (310.0, 167.0), (271.0, 175.0), (237.0, 188.0), (221.0, 208.0), (219.0, 222.0), (219.0, 239.0), (234.0, 245.0), (249.0, 255.0), (260.0, 269.0), (286.0, 288.0), (303.0, 300.0), (314.0, 310.0), (321.0, 313.0)]}
[DEBUG] mask nonzero = 229
[DEBUG] found 3 raw contours
[DEBUG] kept 3 candidates after filtering
[DEBUG] roi_desc = {'type': 'polygon', 'polygon': [(329.0, 318.0), (351.0, 301.0), (373.0, 280.0), (395.0, 264.0), (410.0, 237.0), (399.0, 194.0), (357.0, 161.0), (310.0, 167.0), (271.0, 175.0), (237.0, 188.0), (221.0, 208.0), (219.0, 222.0), (219.0, 239.0), (234.0, 245.0), (249.0, 255.0), (260.0, 269.0), (286.0, 288.0), (303.0, 300.0), (314.0, 310.0), (321.0, 313.0)]}
[DEBUG] mask nonzero = 231
[DEBUG] found 3 raw contours
[DEBUG] kept 3 candidates after filtering
[DEBUG] roi_desc = {'type': 'polygon', 'polygon': [(329.0, 318.0), (351.0, 301.0), (373.0, 280.0), (395.0, 264.0), (410.0, 237.0), (399.0, 194.0), (357.0, 161.0), (310.0, 167.0), (271.0, 175.0), (237.0, 188.0), (221.0, 208.0), (219.0, 222.0), (219.0, 239.0), (234.0, 245.0), (249.0, 255.0), (260.0, 269.0), (286.0, 288.0), (303.0, 300.0), (314.0, 310.0), (321.0, 313.0)]}
[DEBUG] mask nonzero = 233
[DEBUG] found 3 raw contours
[DEBUG] kept 3 candidates after filtering
[DEBUG] roi_desc = {'type': 'polygon', 'polygon': [(329.0, 318.0), (351.0, 301.0), (373.0, 280.0), (395.0, 264.0), (410.0, 237.0), (399.0, 194.0), (357.0, 161.0), (310.0, 167.0), (271.0, 175.0), (237.0, 188.0), (221.0, 208.0), (219.0, 222.0), (219.0, 239.0), (234.0, 245.0), (249.0, 255.0), (260.0, 269.0), (286.0, 288.0), (303.0, 300.0), (314.0, 310.0), (321.0, 313.0)]}
[DEBUG] mask nonzero = 232
[DEBUG] found 3 raw contours
[DEBUG] kept 3 candidates after filtering
[DEBUG] roi_desc = {'type': 'polygon', 'polygon': [(329.0, 318.0), (351.0, 301.0), (373.0, 280.0), (395.0, 264.0), (410.0, 237.0), (399.0, 194.0), (357.0, 161.0), (310.0, 167.0), (271.0, 175.0), (237.0, 188.0), (221.0, 208.0), (219.0, 222.0), (219.0, 239.0), (234.0, 245.0), (249.0, 255.0), (260.0, 269.0), (286.0, 288.0), (303.0, 300.0), (314.0, 310.0), (321.0, 313.0)]}
[DEBUG] mask nonzero = 234
[DEBUG] found 3 raw contours
[DEBUG] kept 3 candidates after filtering
[DEBUG] roi_desc = {'type': 'polygon', 'polygon': [(329.0, 318.0), (351.0, 301.0), (373.0, 280.0), (395.0, 264.0), (410.0, 237.0), (399.0, 194.0), (357.0, 161.0), (310.0, 167.0), (271.0, 175.0), (237.0, 188.0), (221.0, 208.0), (219.0, 222.0), (219.0, 239.0), (234.0, 245.0), (249.0, 255.0), (260.0, 269.0), (286.0, 288.0), (303.0, 300.0), (314.0, 310.0), (321.0, 313.0)]}
[DEBUG] mask nonzero = 232
[DEBUG] found 3 raw contours
[DEBUG] kept 3 candidates after filtering
[DEBUG] roi_desc = {'type': 'polygon', 'polygon': [(329.0, 318.0), (351.0, 301.0), (373.0, 280.0), (395.0, 264.0), (410.0, 237.0), (399.0, 194.0), (357.0, 161.0), (310.0, 167.0), (271.0, 175.0), (237.0, 188.0), (221.0, 208.0), (219.0, 222.0), (219.0, 239.0), (234.0, 245.0), (249.0, 255.0), (260.0, 269.0), (286.0, 288.0), (303.0, 300.0), (314.0, 310.0), (321.0, 313.0)]}
[DEBUG] mask nonzero = 229
[DEBUG] found 3 raw contours
[DEBUG] kept 3 candidates after filtering
[DEBUG] roi_desc = {'type': 'polygon', 'polygon': [(329.0, 318.0), (351.0, 301.0), (373.0, 280.0), (395.0, 264.0), (410.0, 237.0), (399.0, 194.0), (357.0, 161.0), (310.0, 167.0), (271.0, 175.0), (237.0, 188.0), (221.0, 208.0), (219.0, 222.0), (219.0, 239.0), (234.0, 245.0), (249.0, 255.0), (260.0, 269.0), (286.0, 288.0), (303.0, 300.0), (314.0, 310.0), (321.0, 313.0)]}
[DEBUG] mask nonzero = 230
[DEBUG] found 3 raw contours
[DEBUG] kept 3 candidates after filtering
[ 145] i=131/131 |e|=  0.18mm ins=30.0mm TERM
[DEBUG] roi_desc = {'type': 'polygon', 'polygon': [(329.0, 318.0), (351.0, 301.0), (373.0, 280.0), (395.0, 264.0), (410.0, 237.0), (399.0, 194.0), (357.0, 161.0), (310.0, 167.0), (271.0, 175.0), (237.0, 188.0), (221.0, 208.0), (219.0, 222.0), (219.0, 239.0), (234.0, 245.0), (249.0, 255.0), (260.0, 269.0), (286.0, 288.0), (303.0, 300.0), (314.0, 310.0), (321.0, 313.0)]}
[DEBUG] mask nonzero = 228
[DEBUG] found 3 raw contours
[DEBUG] kept 3 candidates after filtering
[DEBUG] roi_desc = {'type': 'polygon', 'polygon': [(329.0, 318.0), (351.0, 301.0), (373.0, 280.0), (395.0, 264.0), (410.0, 237.0), (399.0, 194.0), (357.0, 161.0), (310.0, 167.0), (271.0, 175.0), (237.0, 188.0), (221.0, 208.0), (219.0, 222.0), (219.0, 239.0), (234.0, 245.0), (249.0, 255.0), (260.0, 269.0), (286.0, 288.0), (303.0, 300.0), (314.0, 310.0), (321.0, 313.0)]}
[DEBUG] mask nonzero = 229
[DEBUG] found 3 raw contours
[DEBUG] kept 3 candidates after filtering
[DEBUG] roi_desc = {'type': 'polygon', 'polygon': [(329.0, 318.0), (351.0, 301.0), (373.0, 280.0), (395.0, 264.0), (410.0, 237.0), (399.0, 194.0), (357.0, 161.0), (310.0, 167.0), (271.0, 175.0), (237.0, 188.0), (221.0, 208.0), (219.0, 222.0), (219.0, 239.0), (234.0, 245.0), (249.0, 255.0), (260.0, 269.0), (286.0, 288.0), (303.0, 300.0), (314.0, 310.0), (321.0, 313.0)]}
[DEBUG] mask nonzero = 231
[DEBUG] found 3 raw contours
[DEBUG] kept 3 candidates after filtering
[DEBUG] roi_desc = {'type': 'polygon', 'polygon': [(329.0, 318.0), (351.0, 301.0), (373.0, 280.0), (395.0, 264.0), (410.0, 237.0), (399.0, 194.0), (357.0, 161.0), (310.0, 167.0), (271.0, 175.0), (237.0, 188.0), (221.0, 208.0), (219.0, 222.0), (219.0, 239.0), (234.0, 245.0), (249.0, 255.0), (260.0, 269.0), (286.0, 288.0), (303.0, 300.0), (314.0, 310.0), (321.0, 313.0)]}
[DEBUG] mask nonzero = 231
[DEBUG] found 3 raw contours
[DEBUG] kept 3 candidates after filtering
[DEBUG] roi_desc = {'type': 'polygon', 'polygon': [(329.0, 318.0), (351.0, 301.0), (373.0, 280.0), (395.0, 264.0), (410.0, 237.0), (399.0, 194.0), (357.0, 161.0), (310.0, 167.0), (271.0, 175.0), (237.0, 188.0), (221.0, 208.0), (219.0, 222.0), (219.0, 239.0), (234.0, 245.0), (249.0, 255.0), (260.0, 269.0), (286.0, 288.0), (303.0, 300.0), (314.0, 310.0), (321.0, 313.0)]}
[DEBUG] mask nonzero = 231
[DEBUG] found 3 raw contours
[DEBUG] kept 3 candidates after filtering
[DEBUG] roi_desc = {'type': 'polygon', 'polygon': [(329.0, 318.0), (351.0, 301.0), (373.0, 280.0), (395.0, 264.0), (410.0, 237.0), (399.0, 194.0), (357.0, 161.0), (310.0, 167.0), (271.0, 175.0), (237.0, 188.0), (221.0, 208.0), (219.0, 222.0), (219.0, 239.0), (234.0, 245.0), (249.0, 255.0), (260.0, 269.0), (286.0, 288.0), (303.0, 300.0), (314.0, 310.0), (321.0, 313.0)]}
[DEBUG] mask nonzero = 234
[DEBUG] found 3 raw contours
[DEBUG] kept 3 candidates after filtering
[DEBUG] roi_desc = {'type': 'polygon', 'polygon': [(329.0, 318.0), (351.0, 301.0), (373.0, 280.0), (395.0, 264.0), (410.0, 237.0), (399.0, 194.0), (357.0, 161.0), (310.0, 167.0), (271.0, 175.0), (237.0, 188.0), (221.0, 208.0), (219.0, 222.0), (219.0, 239.0), (234.0, 245.0), (249.0, 255.0), (260.0, 269.0), (286.0, 288.0), (303.0, 300.0), (314.0, 310.0), (321.0, 313.0)]}
[DEBUG] mask nonzero = 231
[DEBUG] found 3 raw contours
[DEBUG] kept 3 candidates after filtering
[DEBUG] roi_desc = {'type': 'polygon', 'polygon': [(329.0, 318.0), (351.0, 301.0), (373.0, 280.0), (395.0, 264.0), (410.0, 237.0), (399.0, 194.0), (357.0, 161.0), (310.0, 167.0), (271.0, 175.0), (237.0, 188.0), (221.0, 208.0), (219.0, 222.0), (219.0, 239.0), (234.0, 245.0), (249.0, 255.0), (260.0, 269.0), (286.0, 288.0), (303.0, 300.0), (314.0, 310.0), (321.0, 313.0)]}
[DEBUG] mask nonzero = 233
[DEBUG] found 3 raw contours
[DEBUG] kept 3 candidates after filtering
[DEBUG] roi_desc = {'type': 'polygon', 'polygon': [(329.0, 318.0), (351.0, 301.0), (373.0, 280.0), (395.0, 264.0), (410.0, 237.0), (399.0, 194.0), (357.0, 161.0), (310.0, 167.0), (271.0, 175.0), (237.0, 188.0), (221.0, 208.0), (219.0, 222.0), (219.0, 239.0), (234.0, 245.0), (249.0, 255.0), (260.0, 269.0), (286.0, 288.0), (303.0, 300.0), (314.0, 310.0), (321.0, 313.0)]}
[DEBUG] mask nonzero = 229
[DEBUG] found 3 raw contours
[DEBUG] kept 3 candidates after filtering
[ 150] i=131/131 |e|=  0.18mm ins=30.0mm TERM
[DEBUG] roi_desc = {'type': 'polygon', 'polygon': [(329.0, 318.0), (351.0, 301.0), (373.0, 280.0), (395.0, 264.0), (410.0, 237.0), (399.0, 194.0), (357.0, 161.0), (310.0, 167.0), (271.0, 175.0), (237.0, 188.0), (221.0, 208.0), (219.0, 222.0), (219.0, 239.0), (234.0, 245.0), (249.0, 255.0), (260.0, 269.0), (286.0, 288.0), (303.0, 300.0), (314.0, 310.0), (321.0, 313.0)]}
[DEBUG] mask nonzero = 232
[DEBUG] found 3 raw contours
[DEBUG] kept 3 candidates after filtering
[DEBUG] roi_desc = {'type': 'polygon', 'polygon': [(329.0, 318.0), (351.0, 301.0), (373.0, 280.0), (395.0, 264.0), (410.0, 237.0), (399.0, 194.0), (357.0, 161.0), (310.0, 167.0), (271.0, 175.0), (237.0, 188.0), (221.0, 208.0), (219.0, 222.0), (219.0, 239.0), (234.0, 245.0), (249.0, 255.0), (260.0, 269.0), (286.0, 288.0), (303.0, 300.0), (314.0, 310.0), (321.0, 313.0)]}
[DEBUG] mask nonzero = 230
[DEBUG] found 3 raw contours
[DEBUG] kept 3 candidates after filtering
[DEBUG] roi_desc = {'type': 'polygon', 'polygon': [(329.0, 318.0), (351.0, 301.0), (373.0, 280.0), (395.0, 264.0), (410.0, 237.0), (399.0, 194.0), (357.0, 161.0), (310.0, 167.0), (271.0, 175.0), (237.0, 188.0), (221.0, 208.0), (219.0, 222.0), (219.0, 239.0), (234.0, 245.0), (249.0, 255.0), (260.0, 269.0), (286.0, 288.0), (303.0, 300.0), (314.0, 310.0), (321.0, 313.0)]}
[DEBUG] mask nonzero = 225
[DEBUG] found 3 raw contours
[DEBUG] kept 3 candidates after filtering
[DEBUG] roi_desc = {'type': 'polygon', 'polygon': [(329.0, 318.0), (351.0, 301.0), (373.0, 280.0), (395.0, 264.0), (410.0, 237.0), (399.0, 194.0), (357.0, 161.0), (310.0, 167.0), (271.0, 175.0), (237.0, 188.0), (221.0, 208.0), (219.0, 222.0), (219.0, 239.0), (234.0, 245.0), (249.0, 255.0), (260.0, 269.0), (286.0, 288.0), (303.0, 300.0), (314.0, 310.0), (321.0, 313.0)]}
[DEBUG] mask nonzero = 233
[DEBUG] found 3 raw contours
[DEBUG] kept 3 candidates after filtering
[DEBUG] roi_desc = {'type': 'polygon', 'polygon': [(329.0, 318.0), (351.0, 301.0), (373.0, 280.0), (395.0, 264.0), (410.0, 237.0), (399.0, 194.0), (357.0, 161.0), (310.0, 167.0), (271.0, 175.0), (237.0, 188.0), (221.0, 208.0), (219.0, 222.0), (219.0, 239.0), (234.0, 245.0), (249.0, 255.0), (260.0, 269.0), (286.0, 288.0), (303.0, 300.0), (314.0, 310.0), (321.0, 313.0)]}
[DEBUG] mask nonzero = 233
[DEBUG] found 3 raw contours
[DEBUG] kept 3 candidates after filtering
[DEBUG] roi_desc = {'type': 'polygon', 'polygon': [(329.0, 318.0), (351.0, 301.0), (373.0, 280.0), (395.0, 264.0), (410.0, 237.0), (399.0, 194.0), (357.0, 161.0), (310.0, 167.0), (271.0, 175.0), (237.0, 188.0), (221.0, 208.0), (219.0, 222.0), (219.0, 239.0), (234.0, 245.0), (249.0, 255.0), (260.0, 269.0), (286.0, 288.0), (303.0, 300.0), (314.0, 310.0), (321.0, 313.0)]}
[DEBUG] mask nonzero = 234
[DEBUG] found 3 raw contours
[DEBUG] kept 3 candidates after filtering
[DEBUG] roi_desc = {'type': 'polygon', 'polygon': [(329.0, 318.0), (351.0, 301.0), (373.0, 280.0), (395.0, 264.0), (410.0, 237.0), (399.0, 194.0), (357.0, 161.0), (310.0, 167.0), (271.0, 175.0), (237.0, 188.0), (221.0, 208.0), (219.0, 222.0), (219.0, 239.0), (234.0, 245.0), (249.0, 255.0), (260.0, 269.0), (286.0, 288.0), (303.0, 300.0), (314.0, 310.0), (321.0, 313.0)]}
[DEBUG] mask nonzero = 233
[DEBUG] found 3 raw contours
[DEBUG] kept 3 candidates after filtering
[DEBUG] roi_desc = {'type': 'polygon', 'polygon': [(329.0, 318.0), (351.0, 301.0), (373.0, 280.0), (395.0, 264.0), (410.0, 237.0), (399.0, 194.0), (357.0, 161.0), (310.0, 167.0), (271.0, 175.0), (237.0, 188.0), (221.0, 208.0), (219.0, 222.0), (219.0, 239.0), (234.0, 245.0), (249.0, 255.0), (260.0, 269.0), (286.0, 288.0), (303.0, 300.0), (314.0, 310.0), (321.0, 313.0)]}
[DEBUG] mask nonzero = 231
[DEBUG] found 3 raw contours
[DEBUG] kept 3 candidates after filtering
[ 155] i=131/131 |e|=  0.20mm ins=30.0mm TERM
[DEBUG] roi_desc = {'type': 'polygon', 'polygon': [(329.0, 318.0), (351.0, 301.0), (373.0, 280.0), (395.0, 264.0), (410.0, 237.0), (399.0, 194.0), (357.0, 161.0), (310.0, 167.0), (271.0, 175.0), (237.0, 188.0), (221.0, 208.0), (219.0, 222.0), (219.0, 239.0), (234.0, 245.0), (249.0, 255.0), (260.0, 269.0), (286.0, 288.0), (303.0, 300.0), (314.0, 310.0), (321.0, 313.0)]}
[DEBUG] mask nonzero = 234
[DEBUG] found 3 raw contours
[DEBUG] kept 3 candidates after filtering
[DEBUG] roi_desc = {'type': 'polygon', 'polygon': [(329.0, 318.0), (351.0, 301.0), (373.0, 280.0), (395.0, 264.0), (410.0, 237.0), (399.0, 194.0), (357.0, 161.0), (310.0, 167.0), (271.0, 175.0), (237.0, 188.0), (221.0, 208.0), (219.0, 222.0), (219.0, 239.0), (234.0, 245.0), (249.0, 255.0), (260.0, 269.0), (286.0, 288.0), (303.0, 300.0), (314.0, 310.0), (321.0, 313.0)]}
[DEBUG] mask nonzero = 236
[DEBUG] found 3 raw contours
[DEBUG] kept 3 candidates after filtering
[DEBUG] roi_desc = {'type': 'polygon', 'polygon': [(329.0, 318.0), (351.0, 301.0), (373.0, 280.0), (395.0, 264.0), (410.0, 237.0), (399.0, 194.0), (357.0, 161.0), (310.0, 167.0), (271.0, 175.0), (237.0, 188.0), (221.0, 208.0), (219.0, 222.0), (219.0, 239.0), (234.0, 245.0), (249.0, 255.0), (260.0, 269.0), (286.0, 288.0), (303.0, 300.0), (314.0, 310.0), (321.0, 313.0)]}
[DEBUG] mask nonzero = 233
[DEBUG] found 3 raw contours
[DEBUG] kept 3 candidates after filtering
[DEBUG] roi_desc = {'type': 'polygon', 'polygon': [(329.0, 318.0), (351.0, 301.0), (373.0, 280.0), (395.0, 264.0), (410.0, 237.0), (399.0, 194.0), (357.0, 161.0), (310.0, 167.0), (271.0, 175.0), (237.0, 188.0), (221.0, 208.0), (219.0, 222.0), (219.0, 239.0), (234.0, 245.0), (249.0, 255.0), (260.0, 269.0), (286.0, 288.0), (303.0, 300.0), (314.0, 310.0), (321.0, 313.0)]}
[DEBUG] mask nonzero = 232
[DEBUG] found 3 raw contours
[DEBUG] kept 3 candidates after filtering
[DEBUG] roi_desc = {'type': 'polygon', 'polygon': [(329.0, 318.0), (351.0, 301.0), (373.0, 280.0), (395.0, 264.0), (410.0, 237.0), (399.0, 194.0), (357.0, 161.0), (310.0, 167.0), (271.0, 175.0), (237.0, 188.0), (221.0, 208.0), (219.0, 222.0), (219.0, 239.0), (234.0, 245.0), (249.0, 255.0), (260.0, 269.0), (286.0, 288.0), (303.0, 300.0), (314.0, 310.0), (321.0, 313.0)]}
[DEBUG] mask nonzero = 229
[DEBUG] found 3 raw contours
[DEBUG] kept 3 candidates after filtering
[DEBUG] roi_desc = {'type': 'polygon', 'polygon': [(329.0, 318.0), (351.0, 301.0), (373.0, 280.0), (395.0, 264.0), (410.0, 237.0), (399.0, 194.0), (357.0, 161.0), (310.0, 167.0), (271.0, 175.0), (237.0, 188.0), (221.0, 208.0), (219.0, 222.0), (219.0, 239.0), (234.0, 245.0), (249.0, 255.0), (260.0, 269.0), (286.0, 288.0), (303.0, 300.0), (314.0, 310.0), (321.0, 313.0)]}
[DEBUG] mask nonzero = 232
[DEBUG] found 3 raw contours
[DEBUG] kept 3 candidates after filtering
[DEBUG] roi_desc = {'type': 'polygon', 'polygon': [(329.0, 318.0), (351.0, 301.0), (373.0, 280.0), (395.0, 264.0), (410.0, 237.0), (399.0, 194.0), (357.0, 161.0), (310.0, 167.0), (271.0, 175.0), (237.0, 188.0), (221.0, 208.0), (219.0, 222.0), (219.0, 239.0), (234.0, 245.0), (249.0, 255.0), (260.0, 269.0), (286.0, 288.0), (303.0, 300.0), (314.0, 310.0), (321.0, 313.0)]}
[DEBUG] mask nonzero = 232
[DEBUG] found 3 raw contours
[DEBUG] kept 3 candidates after filtering
[DEBUG] roi_desc = {'type': 'polygon', 'polygon': [(329.0, 318.0), (351.0, 301.0), (373.0, 280.0), (395.0, 264.0), (410.0, 237.0), (399.0, 194.0), (357.0, 161.0), (310.0, 167.0), (271.0, 175.0), (237.0, 188.0), (221.0, 208.0), (219.0, 222.0), (219.0, 239.0), (234.0, 245.0), (249.0, 255.0), (260.0, 269.0), (286.0, 288.0), (303.0, 300.0), (314.0, 310.0), (321.0, 313.0)]}
[DEBUG] mask nonzero = 234
[DEBUG] found 3 raw contours
[DEBUG] kept 3 candidates after filtering
[DEBUG] roi_desc = {'type': 'polygon', 'polygon': [(329.0, 318.0), (351.0, 301.0), (373.0, 280.0), (395.0, 264.0), (410.0, 237.0), (399.0, 194.0), (357.0, 161.0), (310.0, 167.0), (271.0, 175.0), (237.0, 188.0), (221.0, 208.0), (219.0, 222.0), (219.0, 239.0), (234.0, 245.0), (249.0, 255.0), (260.0, 269.0), (286.0, 288.0), (303.0, 300.0), (314.0, 310.0), (321.0, 313.0)]}
[DEBUG] mask nonzero = 230
[DEBUG] found 3 raw contours
[DEBUG] kept 3 candidates after filtering
[ 160] i=131/131 |e|=  0.20mm ins=30.0mm TERM
[DEBUG] roi_desc = {'type': 'polygon', 'polygon': [(329.0, 318.0), (351.0, 301.0), (373.0, 280.0), (395.0, 264.0), (410.0, 237.0), (399.0, 194.0), (357.0, 161.0), (310.0, 167.0), (271.0, 175.0), (237.0, 188.0), (221.0, 208.0), (219.0, 222.0), (219.0, 239.0), (234.0, 245.0), (249.0, 255.0), (260.0, 269.0), (286.0, 288.0), (303.0, 300.0), (314.0, 310.0), (321.0, 313.0)]}
[DEBUG] mask nonzero = 236
[DEBUG] found 3 raw contours
[DEBUG] kept 3 candidates after filtering
[DEBUG] roi_desc = {'type': 'polygon', 'polygon': [(329.0, 318.0), (351.0, 301.0), (373.0, 280.0), (395.0, 264.0), (410.0, 237.0), (399.0, 194.0), (357.0, 161.0), (310.0, 167.0), (271.0, 175.0), (237.0, 188.0), (221.0, 208.0), (219.0, 222.0), (219.0, 239.0), (234.0, 245.0), (249.0, 255.0), (260.0, 269.0), (286.0, 288.0), (303.0, 300.0), (314.0, 310.0), (321.0, 313.0)]}
[DEBUG] mask nonzero = 234
[DEBUG] found 3 raw contours
[DEBUG] kept 3 candidates after filtering
[metrics] x1 rep2: rms=1.58 max=3.06 final=0.20 mm (path_complete)

========================================================================
  open loop  x2  rep 1/2
========================================================================
RTDEReceiveInterface boost system Exception: (system:125) Operation canceled
RTDEControlInterface: Could not receive data from robot...
RTDEControlInterface Exception: Operation canceled
Reconnecting...
RTDEControlInterface: Robot is disconnected, reconnecting...
RTDEControlInterface: Successfully reconnected!
Reconnecting...
RTDEControlInterface: Robot is disconnected, reconnecting...
RTDEControlInterface: Successfully reconnected!
Reconnecting...
RTDEControlInterface: Robot is disconnected, reconnecting...
RTDEControlInterface: Successfully reconnected!
Reconnecting...
RTDEControlInterface: Robot is disconnected, reconnecting...
RTDEControlInterface: Successfully reconnected!
Reconnecting...
RTDEControlInterface: Robot is disconnected, reconnecting...
