k,stage,controller,solver_mode,inverse_sequence_mode,rollout_steps_used,was_applied,ref_idx,ref_s_mm,ref_x_mm,ref_y_mm,ref_z_mm,pred_x_mm,pred_y_mm,pred_z_mm,nl_x_mm,nl_y_mm,nl_z_mm,actual_x_mm,actual_y_mm,actual_z_mm,linearisation_err_xy_mm,linearisation_err_xyz_mm,execution_err_xy_mm,execution_err_xyz_mm,plant_vs_nl_err_xy_mm,plant_vs_nl_err_xyz_mm,tracking_pred_xy_mm,tracking_nl_xy_mm,tracking_actual_xy_mm,pred_step_mm,actual_step_mm,local_gain,direction_error_deg,u_plan_vx,u_applied_vx,u_plan_vy,u_applied_vy,u_plan_vz,u_applied_vz,u_plan_wx,u_applied_wx,u_plan_wy,u_applied_wy,u_plan_wz,u_applied_wz,u_plan_dL,u_applied_dL
0,0,sqp_full,sqp_full,,10,1,34,13.737373737373817,784.395453853126,-709.9360621727807,-100.00874548336117,784.6329800674599,-709.9357953486543,-100.00140713058181,784.6329801171845,-709.935798954525,-100.0014185312553,784.6329801171845,-709.935798954525,-100.0014185312553,3.6062134338937665e-06,1.1957429963177813e-05,3.6062134338937665e-06,1.1957429963177813e-05,0.0,0.0,0.23752636420178966,0.2375264099030493,0.2375264099030493,0.49991576112825414,0.49991580467877095,1.000000086829658,0.0013704426077803407,0.0007519567986637531,0.0007519567986637531,-0.03016536854949967,-0.03016536854949967,0.0,0.0,0.0,0.0,-0.07959949855537769,-0.07959949855537769,0.0019014210889827586,0.0019014210889827586,0.04998453968798553,0.04998453968798553
0,1,sqp_full,sqp_full,,10,1,35,14.141414141414142,783.991413612837,-709.9363193927978,-100.00900270346003,784.1329128825018,-709.9362804373714,-100.00287985924483,784.132912964721,-709.9362852919014,-100.00290487997027,784.132912964721,-709.9362852919014,-100.00290487997027,4.855226316518168e-06,2.5487446398709618e-05,4.855226316518168e-06,2.5487446398709618e-05,0.0,0.0,0.14149927502708748,0.1414993559930043,0.1414993559930043,0.5000695888700832,0.5000695978856686,1.000000017654634,0.0015670733280743372,0.0003464796487192308,0.0003464796487192308,0.0009594623118322855,0.0009594623118322855,0.0,0.0,0.0,0.0,-0.07033163683061207,-0.07033163683061207,-7.739735469114689e-05,-7.739735469114689e-05,0.05000677039942697,0.05000677039942697
0,2,sqp_full,sqp_full,,10,1,36,14.545454545454579,783.587373372548,-709.9365766128149,-100.00925992355889,783.6328622764794,-709.9365281490113,-100.00432639586965,783.6328624004907,-709.9365275776452,-100.0043771581479,783.6328624004907,-709.9365275776452,-100.0043771581479,5.84669220003643e-07,5.0765645178719985e-05,5.84669220003643e-07,5.0765645178719985e-05,0.0,0.0,0.04548892974803315,0.045489054371527386,0.045489054371527386,0.5000527596290832,0.5000527903056422,1.0000000599627994,0.0030142649979474664,6.354859861830213e-05,6.354859861830213e-05,0.0016185789860558922,0.0016185789860558922,0.0,0.0,0.0,0.0,-0.05851819112614981,-0.05851819112614981,-0.00012036260657857641,-0.00012036260657857641,0.05000510862303726,0.05000510862303726
0,3,sqp_full,sqp_full,,10,1,38,15.353535275605296,782.7792928882842,-709.936848321561,-100.0097743637566,783.1328293009226,-709.9368336816035,-100.0057536368916,783.1328294715105,-709.9368271214503,-100.00583105443745,783.1328294715105,-709.9368271214503,-100.00583105443745,6.562370890569664e-06,7.769518078077843e-05,6.562370890569664e-06,7.769518078077843e-05,0.0,0.0,0.35353641294147614,0.3535365838619847,0.3535365838619847,0.5000351057789678,0.5000351323711003,1.0000000516879999,0.0031303960901880854,-0.0002103693617854121,-0.0002103693617854121,0.001280993691212005,0.001280993691212005,0.0,0.0,0.0,0.0,-0.048738550333541374,-0.048738550333541374,-9.956084975447095e-05,-9.956084975447095e-05,0.05000336411168663,0.05000336411168663
0,4,sqp_full,sqp_full,,10,1,39,15.75757478427307,782.375257068024,-709.9351411751073,-100.01003158385546,782.6328118027151,-709.9362233393945,-100.00711221026489,782.6328120329623,-709.9362112398306,-100.00721956664914,782.6328120329623,-709.9362112398306,-100.00721956664914,1.2101754329048972e-05,0.00010803631655646588,1.2101754329048972e-05,0.00010803631655646588,0.0,0.0,0.25755700813860155,0.2575571878299562,0.2575571878299562,0.5000197163641696,0.5000197457387571,1.0000000568929612,0.0034888352476105293,-0.0005968820502846225,-0.0005968820502846225,0.0035006327257395067,0.0035006327257395067,0.0,0.0,0.0,0.0,-0.03885155677546749,-0.03885155677546749,-0.00024092156181014705,-0.00024092156181014705,0.050001754333008734,0.050001754333008734
0,5,sqp_full,sqp_full,,10,1,40,16.161612708501682,781.9712545101054,-709.9298015826133,-100.01028880395431,782.1328244528307,-709.9319099692826,-100.00835620930208,782.1328248096714,-709.9318917891624,-100.00850044934533,782.1328248096714,-709.9318917891624,-100.00850044934533,1.818362200759845e-05,0.00014538168449977488,1.818362200759845e-05,0.00014538168449977488,0.0,0.0,0.16158369870320782,0.1615838193175889,0.1615838193175889,0.5000075026833839,0.5000075217121458,1.0000000352622505,0.00428356523459119,-0.0011861808500014436,-0.0011861808500014436,0.011901362948526367,0.011901362948526367,0.0,0.0,0.0,0.0,-0.029223214960683468,-0.029223214960683468,-0.0007740611179694896,-0.0007740611179694896,0.049998554129279046,0.049998554129279046
0,6,sqp_full,sqp_full,,10,1,41,16.565649129792227,781.567352637119,-709.9193785041227,-100.01054602405317,781.6329527797304,-709.9210527361535,-100.00956192999391,781.6329534539527,-709.9210117825985,-100.00972437697675,781.6329534539527,-709.9210117825985,-100.00972437697675,4.095910450774458e-05,0.00016753110300814217,4.095910450774458e-05,0.00016753110300814217,0.0,0.0,0.0656215038194379,0.06562114573683557,0.06562114573683557,0.499991022761094,0.4999912447330913,1.000000442251558,0.003341289169494103,-0.0019291382429668285,-0.0019291382429668285,0.024965292846301,0.024965292846301,0.0,0.0,0.0,0.0,-0.023133000587465515,-0.023133000587465515,-0.0016028075742752685,-0.0016028075742752685,0.04998728242588836,0.04998728242588836
0,7,sqp_full,sqp_full,,10,1,43,17.373714142764545,780.7604582802089,-709.8766244558881,-100.01106046425089,781.1334263262985,-709.9000258154261,-100.01064857688795,781.133427824297,-709.899964609328,-100.0108288240611,781.133427824297,-709.899964609328,-100.0108288240611,6.122442683711732e-05,0.00019036142957139362,6.122442683711732e-05,0.00019036142957139362,0.0,0.0,0.3737014677949307,0.373699135107176,0.373699135107176,0.499969988974424,0.49997005709240144,1.000000134788585,0.003091368419747899,-0.002930368347928359,-0.002930368347928359,0.04305422508329861,0.04305422508329861,0.0,0.0,0.0,0.0,-0.016101164305372014,-0.016101164305372014,-0.0027486195119400705,-0.0027486195119400705,0.049955276421475715,0.049955276421475715
0,8,sqp_full,sqp_full,,10,1,44,17.777742442658898,780.3579179031075,-709.8419827793064,-100.01131768434975,780.6345822834899,-709.8657701609668,-100.01161501578882,780.6345855330461,-709.865684629768,-100.01181723533077,780.6345855330461,-709.865684629768,-100.01181723533077,8.559290614631327e-05,0.00021958799768422957,8.559290614631327e-05,0.00021958799768422957,0.0,0.0,0.2776851074483308,0.27768103134919564,0.27768103134919564,0.5000197625217029,0.5000197251068008,0.9999999230181998,0.0037614613984210377,-0.004112337600958456,-0.004112337600958456,0.06378161966010344,0.06378161966010344,0.0,0.0,0.0,0.0,-0.010054105469070887,-0.010054105469070887,-0.004059458192007925,-0.004059458192007925,0.04989521204511194,0.04989521204511194
0,9,sqp_full,sqp_full,,10,1,45,18.181768580057238,779.9563947532121,-709.7970805116918,-100.01157490444861,780.1369687723371,-709.8172180210081,-100.01245143025068,780.1369751589348,-709.8171153619064,-100.01267880912961,780.1369751589348,-709.8171153619064,-100.01267880912961,0.0001028575703735643,0.00024956128378008567,0.0001028575703735643,0.00024956128378008567,0.0,0.0,0.18169341117511129,0.18168840952048682,0.18168840952048682,0.4999772158462494,0.4999757999275983,0.9999971661650923,0.003502607710997251,-0.0056012101446489045,-0.0056012101446489045,0.0828411842186424,0.0828411842186424,0.0,0.0,0.0,0.0,-0.005175575346971645,-0.005175575346971645,-0.0052721034341884215,-0.0052721034341884215,0.049789959061175525,0.049789959061175525
0,10,sqp_full,sqp_full,,10,0,46,18.585793556971357,779.5562266334396,-709.7413885757763,-100.01183212454747,779.6411774272387,-709.7531801266807,-100.01320228715008,779.6411884098378,-709.7530238431774,-100.01341736257216,nan,nan,nan,0.0001566689213107734,0.00026608755718542126,nan,nan,nan,nan,0.08576524960513827,0.08575478351804475,nan,0.49991046555409335,nan,nan,nan,-0.008233392270971989,nan,0.10090519995749501,nan,0.0,nan,0.0,nan,-0.0009752899310348465,nan,-0.006443413407118432,nan,0.0496396725298406,nan
0,11,sqp_full,sqp_full,,10,0,48,19.39383875714025,778.7617836805049,-709.5942321761673,-100.01234656474519,779.1480432581623,-709.6716950863854,-100.01388414399065,779.1480594333633,-709.6714902889058,-100.01408797930725,nan,nan,nan,0.00020543525683684402,0.00028940020912944,nan,nan,nan,nan,0.39395045854966987,0.39392610122999727,nan,0.49982155358831887,nan,nan,nan,-0.012540509348589855,nan,0.11946482179922926,nan,0.0,nan,0.0,nan,0.0009177361236190505,nan,-0.00763887262626418,nan,0.049426413471281246,nan
0,12,sqp_full,sqp_full,,10,0,49,19.797859128498615,778.3683834521363,-709.5022068827424,-100.01260378484403,778.6592563115792,-709.5704451558345,-100.01457297368671,778.6592742883364,-709.5702313263002,-100.01475433889398,nan,nan,nan,0.00021458386120868438,0.00028096186911925284,nan,nan,nan,nan,0.29876994874828205,0.29873868766285216,nan,0.49916400318222526,nan,nan,nan,-0.018005542185844905,nan,0.13923163157337776,nan,0.0,nan,0.0,nan,0.0007928827616996882,nan,-0.008890411197223565,nan,0.04907326174071383,nan
0,13,sqp_full,sqp_full,,10,0,50,20.201879101145217,777.9780637143193,-709.3978873044953,-100.01286100494289,778.1699344531472,-709.4483677533974,-100.01524988202141,778.169942898807,-709.4481505004694,-100.01540874458124,nan,nan,nan,0.00021741702759071703,0.00026927212406312304,nan,nan,nan,nan,0.19840024228742928,0.19835324627845405,nan,0.5043205642545273,nan,nan,nan,-0.020791999275319953,nan,0.15770502688847898,nan,0.0,nan,0.0,nan,0.001081186536159814,nan,-0.010014668612947702,nan,0.049243818153645605,nan
0,14,sqp_full,sqp_full,,10,0,51,20.605899472503562,777.5912078155349,-709.2813758978177,-100.01311822504175,777.6979495963511,-709.3146773978765,-100.01593872191891,777.6979696745581,-709.3143496184769,-100.0160713502775,nan,nan,nan,0.00032839377158026524,0.00035416486374889215,nan,nan,nan,nan,0.11181590977133476,0.11173791118598671,nan,0.490554065016855,nan,nan,nan,-0.012175791325353041,nan,0.1610264273036376,nan,0.0,nan,0.0,nan,0.0005529252823634318,nan,-0.01012741970432376,nan,0.047628474528316374,nan
1,0,sqp_full,sqp_full,,10,1,36,14.545454545454579,783.587373372548,-709.9365766128149,-100.00925992355889,780.2365855735945,-709.9342042338045,-100.01175124575606,780.2365858391876,-709.9341747858238,-100.01175138250838,780.2365858391876,-709.9341747858238,-100.01175138250838,2.9449178395276896e-05,2.9449495910002738e-05,2.9449178395276896e-05,2.9449495910002738e-05,0.0,0.0,3.350788638783067,3.3507883941688954,3.3507883941688954,0.1537299548067126,0.15370769814301904,0.9998552144677674,0.0071881425698291194,-0.015083244365833377,-0.015083244365833377,-0.21624205237818112,-0.21624205237818112,0.0,0.0,0.0,0.0,0.02366399551355245,0.02366399551355245,0.01926491664564312,0.01926491664564312,-0.010003547276375565,-0.010003547276375565
1,1,sqp_full,sqp_full,,10,1,38,15.353535275605296,782.7792928882842,-709.936848321561,-100.0097743637566,780.3366215866957,-709.936920566475,-100.01144678670727,780.3366218536222,-709.9368894913125,-100.01144688204879,780.3366218536222,-709.9368894913125,-100.01144688204879,3.107630894302067e-05,3.1076455195631065e-05,3.107630894302067e-05,3.1076455195631065e-05,0.0,0.0,2.4426713026568483,2.442671035008949,2.442671035008949,0.10007334847832577,0.10007330578325634,0.9999995732300511,0.0009316051597826307,-0.00977046915255272,-0.00977046915255272,-0.00514895978454069,-0.00514895978454069,0.0,0.0,0.0,0.0,0.004949579165453738,0.004949579165453738,0.003352161050695814,0.003352161050695814,-0.010003463926615067,-0.010003463926615067
1,2,sqp_full,sqp_full,,10,1,39,15.75757478427307,782.375257068024,-709.9351411751073,-100.01003158385546,780.4366500717289,-709.9269982617428,-100.01131746916421,780.4366503445974,-709.9269718157716,-100.01131767273584,780.4366503445974,-709.9269718157716,-100.01131767273584,2.6447378876591687e-05,2.6448162334106527e-05,2.6447378876591687e-05,2.6448162334106527e-05,0.0,0.0,1.9386240979422538,1.9386239363390718,1.9386239363390718,0.10051948404297797,0.10051903297368245,0.999995511567339,0.0026268003979719574,-0.014112623086202435,-0.014112623086202435,0.018986436327456356,0.018986436327456356,0.0,0.0,0.0,0.0,-0.00048475816020477383,-0.00048475816020477383,0.0009152778630401473,0.0009152778630401473,-0.010003182911469196,-0.010003182911469196
1,3,sqp_full,sqp_full,,10,1,40,16.161612708501682,781.9712545101054,-709.9298015826133,-100.01028880395431,780.5366890581646,-709.908975230069,-100.01122548429069,780.5366893292929,-709.9089569252579,-100.01122574009582,780.5366893292929,-709.9089569252579,-100.01122574009582,1.830681895738604e-05,1.8308606080437958e-05,1.830681895738604e-05,1.8308606080437958e-05,0.0,0.0,1.4347166176155834,1.4347166123454318,1.4347166123454318,0.10164957913842684,0.10164813422158117,0.9999857822076943,0.0045161195341109055,-0.01847823163562007,-0.01847823163562007,0.03535252026270266,0.03535252026270266,0.0,0.0,0.0,0.0,-0.001925172104756434,-0.001925172104756434,1.641353974303212e-06,1.641353974303212e-06,-0.01000268877630687,-0.01000268877630687
1,4,sqp_full,sqp_full,,10,1,41,16.565649129792227,781.567352637119,-709.9193785041227,-100.01054602405317,780.6367441802221,-709.8907070153642,-100.01113140397972,780.6367444449988,-709.8906975965876,-100.0111316841794,780.6367444449988,-709.8906975965876,-100.0111316841794,9.422497559892905e-06,9.426662830953768e-06,9.422497559892905e-06,9.426662830953768e-06,0.0,0.0,0.9310500278265245,0.9310500532722589,0.9310500532722589,0.1017092128056121,0.10170761087029491,0.9999842461579035,0.00492380914363066,-0.02069768325030106,-0.02069768325030106,0.03688099435486676,0.03688099435486676,0.0,0.0,0.0,0.0,-0.0017909132538175242,-0.0017909132538175242,-0.0005210637355890481,-0.0005210637355890481,-0.010001870155033192,-0.010001870155033192
1,5,sqp_full,sqp_full,,10,1,43,17.373714142764545,780.7604582802089,-709.8766244558881,-100.01106046425089,780.7367870150349,-709.8794217981804,-100.01100150549038,780.7367872614061,-709.8794181225926,-100.01100179928157,780.7367872614061,-709.8794181225926,-100.01100179928157,3.683835599248844e-06,3.6955321650826883e-06,3.683835599248844e-06,3.6955321650826883e-06,0.0,0.0,0.023835979502388766,0.02383530374917946,0.02383530374917946,0.1006774145371485,0.10067675262142554,0.9999934237746957,0.003246720337312184,-0.02472589121910443,-0.02472589121910443,0.023999933693598516,0.023999933693598516,0.0,0.0,0.0,0.0,-0.000576217792796736,-0.000576217792796736,0.0007571135979482843,0.0007571135979482843,-0.010000819203841294,-0.010000819203841294
1,6,sqp_full,sqp_full,,10,1,44,17.777742442658898,780.3579179031075,-709.8419827793064,-100.01131768434975,780.6343742097861,-709.8656806528535,-100.01102620436284,780.6343745432007,-709.8656756650137,-100.01102622989733,780.6343745432007,-709.8656756650137,-100.01102622989733,4.998971020492716e-06,4.99903623451223e-06,4.998971020492716e-06,4.99903623451223e-06,0.0,0.0,0.2774701402187879,0.27747004646408846,0.27747004646408846,0.10333054903493158,0.10333063721563372,1.0000008533006282,0.0007426368368452566,-0.028661888480259957,-0.028661888480259957,0.026719626453523836,0.026719626453523836,0.0,0.0,0.0,0.0,0.0027412263024660906,0.0027412263024660906,0.0004799017696586795,0.0004799017696586795,0.010246655955340477,0.010246655955340477
1,7,sqp_full,sqp_full,,10,1,45,18.181768580057238,779.9563947532121,-709.7970805116918,-100.01157490444861,780.13707042154,-709.8172742205383,-100.01143583869003,780.1370740769556,-709.8171862361356,-100.01144375587279,780.1370740769556,-709.8171862361356,-100.01144375587279,8.806030418745433e-05,8.841549047756605e-05,8.806030418745433e-05,8.841549047756605e-05,0.0,0.0,0.18180066832307426,0.18179454937879638,0.18179454937879638,0.4996542887774231,0.4996590365123282,1.0000094881421175,0.009552250900994777,-0.03119778296908779,-0.03119778296908779,0.08490733649180726,0.08490733649180726,0.0,0.0,0.0,0.0,0.006435931502944102,0.006435931502944102,-0.003679347063062053,-0.003679347063062053,0.04975888516094818,0.04975888516094818
1,8,sqp_full,sqp_full,,10,1,46,18.585793556971357,779.5562266334396,-709.7413885757763,-100.01183212454747,779.6411898720697,-709.7532015526705,-100.0117911147416,779.6412010945511,-709.7530365301363,-100.0117974991657,779.6412010945511,-709.7530365301363,-100.0117974991657,0.00016540369064067223,0.0001655268611091574,0.00016540369064067223,0.0001655268611091574,0.0,0.0,0.08578052425597527,0.0857690729922713,0.0857690729922713,0.5000029523229707,0.5000053245646096,1.000004732477693,0.008867903732284951,-0.0317317830385187,-0.0317317830385187,0.10400123304219712,0.10400123304219712,0.0,0.0,0.0,0.0,0.00756790938139397,0.00756790938139397,-0.005562113812581469,-0.005562113812581469,0.04964833771310118,0.04964833771310118
1,9,sqp_full,sqp_full,,10,1,48,19.39383875714025,778.7617836805049,-709.5942321761673,-100.01234656474519,779.147872639806,-709.6716224609589,-100.01211714723914,779.1478969213553,-709.6713773456548,-100.01212472998843,779.1478969213553,-709.6713773456548,-100.01212472998843,0.00024631505417606504,0.0002464317430862885,0.00024631505417606504,0.0002464317430862885,0.0,0.0,0.39376889246658975,0.39374460242043885,0.39374460242043885,0.5000171458560692,0.5000173364820423,1.000000368066195,0.009299820874114913,-0.03126584107396724,-0.03126584107396724,0.12337984569975363,0.12337984569975363,0.0,0.0,0.0,0.0,0.0077065090862143215,0.0077065090862143215,-0.006902551353416237,-0.006902551353416237,0.049444185827029995,0.049444185827029995
1,10,sqp_full,sqp_full,,10,0,49,19.797859128498615,778.3683834521363,-709.5022068827424,-100.01260378484403,778.6584705207416,-709.5700649737265,-100.01244419977479,778.6585225122162,-709.5696218895738,-100.0124535009866,nan,nan,nan,0.00044612406324151906,0.0004462210128897379,nan,nan,nan,nan,0.2979181563518034,0.2978681878451323,nan,0.49982843488639905,nan,nan,nan,-0.028469100859046567,nan,0.1440648848007835,nan,0.0,nan,0.0,nan,0.0070032118956156525,nan,-0.008704308077348854,nan,0.04913350322002918,nan
1,11,sqp_full,sqp_full,,10,0,50,20.201879101145217,777.9780637143193,-709.3978873044953,-100.01286100494289,778.1730624566683,-709.4499766967144,-100.01276173546499,778.1731575476985,-709.4493246879499,-100.0127729850255,nan,nan,nan,0.0006589064674915359,0.000659002492798055,nan,nan,nan,nan,0.20183610752150988,0.20176076982215066,nan,0.500042281984361,nan,nan,nan,-0.02436541644658554,nan,0.15937021546963978,nan,0.0,nan,0.0,nan,0.00668974871945798,nan,-0.009766627952568146,nan,0.04884257640009412,nan
1,12,sqp_full,sqp_full,,10,0,51,20.605899472503562,777.5912078155349,-709.2813758978177,-100.01311822504175,777.6927568244917,-709.3119747694026,-100.0130921567399,777.6929230577698,-709.3109251031991,-100.01310342942043,nan,nan,nan,0.001062747684694851,0.0010628074682888186,nan,nan,nan,nan,0.10605890892512818,0.10592047036150469,nan,0.4997380728147164,nan,nan,nan,-0.01796634574575554,nan,0.17173687135874469,nan,0.0,nan,0.0,nan,0.005868885956624928,nan,-0.010676742241797236,nan,0.048470980000302005,nan
1,13,sqp_full,sqp_full,,10,0,52,21.009921218335617,777.208260698819,-709.15259309329,-100.01337544514061,777.2176563304815,-709.1557262297379,-100.01343804647782,777.2179198386381,-709.154233770972,-100.01343551236025,nan,nan,nan,0.001515542713403125,0.0015155448320327437,nan,nan,nan,nan,0.00990426364452909,0.009797489744907864,nan,0.5001341871895083,nan,nan,nan,-0.009502373922848258,nan,0.18233085786562223,nan,0.0,nan,0.0,nan,0.0051405897384869505,nan,-0.011366764419650224,nan,0.04812526281361349,nan
1,14,sqp_full,sqp_full,,10,0,54,21.81796964958658,776.454684191425,-708.8611888988515,-100.01388988533833,776.7524844040736,-708.9820531519857,-100.01384666940253,776.7529007363113,-708.9798402183111,-100.01385280508853,nan,nan,nan,0.002251756643264798,0.0022517650026434867,nan,nan,nan,nan,0.3213924926615778,0.32095364658061054,nan,0.49653542273102724,nan,nan,nan,0.0031544724948623327,nan,0.19038014963950556,nan,0.0,nan,0.0,nan,0.003422859844958154,nan,-0.011872758380192123,nan,0.04733978787576735,nan
2,0,sqp_full,sqp_full,,10,1,39,15.75757478427307,782.375257068024,-709.9351411751073,-100.01003158385546,779.2441212261681,-709.9123372327631,-100.01183372748669,779.245738402302,-709.9047718040571,-100.01215452390619,779.245738402302,-709.9047718040571,-100.01215452390619,0.00773634087631108,0.007742989119018854,0.00773634087631108,0.007742989119018854,0.0,0.0,3.1312188808739645,3.1296660169738457,3.1296660169738457,0.2594626537950929,0.25307297266674184,0.9752313571987887,0.977863032455569,-0.35045639246517446,-0.35045639246517446,-0.35592235920716414,-0.35592235920716414,5.24621417054118e-11,5.24621417054118e-11,1.6127999128264184e-20,1.6127999128264184e-20,-0.012933629387278501,-0.012933629387278501,0.6338170752509523,0.6338170752509523,-0.0099997498164419,-0.0099997498164419
2,1,sqp_full,sqp_full,,10,1,40,16.161612708501682,781.9712545101054,-709.9298015826133,-100.01028880395431,779.3450434902702,-709.8900763478503,-100.01196435549308,779.3457790495962,-709.8857688515562,-100.012211789413,779.3457790495962,-709.8857688515562,-100.012211789413,0.004369848034627768,0.004376847654473304,0.004369848034627768,0.004376847654473304,0.0,0.0,2.626511453426523,2.6258446784111604,2.6258446784111604,0.10334828228999002,0.10182949766227745,0.9848786808077279,1.68396437141863,0.10824870704507672,0.10824870704507672,0.03458787934731596,0.03458787934731596,-3.529151542858957e-11,-3.529151542858957e-11,-6.045363910451247e-21,-6.045363910451247e-21,-0.0023565416547768614,-0.0023565416547768614,0.011892313369881911,0.011892313369881911,-0.009999972148386485,-0.009999972148386485
2,2,sqp_full,sqp_full,,10,1,41,16.565649129792227,781.567352637119,-709.9193785041227,-100.01054602405317,779.4467090497714,-709.8522395949959,-100.01192464041205,779.4458896434398,-709.8565779992961,-100.01213984629385,779.4458896434398,-709.8565779992961,-100.01213984629385,0.004415107995000016,0.0044203497801733336,0.004415107995000016,0.0044203497801733336,0.0,0.0,2.1217061195363294,2.1223923145726027,2.1223923145726027,0.10847814264874531,0.10427963382756407,0.9587662909582487,4.15779141288212,0.06297643764549883,0.06297643764549883,0.05317063359654809,0.05317063359654809,-3.524701704114346e-11,-3.524701704114346e-11,-5.7236835173321804e-21,-5.7236835173321804e-21,-0.00015113522274710927,-0.00015113522274710927,0.006010818422338623,0.006010818422338623,-0.009999970664125784,-0.009999970664125784
2,3,sqp_full,sqp_full,,10,1,43,17.373714142764545,780.7604582802089,-709.8766244558881,-100.01106046425089,779.5487628024114,-709.8154079923669,-100.01185009633312,779.5460781032709,-709.8246564879307,-100.01204928921233,779.5460781032709,-709.8246564879307,-100.01204928921233,0.00963027931416671,0.009632339148513885,0.00963027931416671,0.009632339148513885,0.0,0.0,1.2132408608026035,1.2154916222802752,1.2154916222802752,0.1084967323791758,0.1051509323389594,0.9684658559538102,2.1720946932757514,0.0312739008252622,0.0312739008252622,0.05933801980269345,0.05933801980269345,-1.0317092649194093e-11,-1.0317092649194093e-11,-1.7777921686292427e-21,-1.7777921686292427e-21,-0.0004258166614053313,-0.0004258166614053313,0.006633008729342571,0.006633008729342571,-0.009999976127246468,-0.009999976127246468
2,4,sqp_full,sqp_full,,10,1,44,17.777742442658898,780.3579179031075,-709.8419827793064,-100.01131768434975,779.6508842148245,-709.787003974906,-100.01176951390269,779.6462443971626,-709.8033790775751,-100.01195488279981,779.6462443971626,-709.8033790775751,-100.01195488279981,0.01701975015557864,0.01702075958899423,0.01701975015557864,0.01702075958899423,0.0,0.0,0.7091680374215161,0.7127197379414233,0.7127197379414233,0.10599800740912516,0.10240128678878961,0.9642134442254503,3.550809608355746,0.013305692401734943,0.013305692401734943,0.04135328570678405,0.04135328570678405,2.989938435143923e-12,2.989938435143923e-12,3.5985291905089003e-22,3.5985291905089003e-22,-0.0007349266994711585,-0.0007349266994711585,0.00751877430147582,0.00751877430147582,-0.00999998295683475,-0.00999998295683475
2,5,sqp_full,sqp_full,,10,1,45,18.181768580057238,779.9563947532121,-709.7970805116918,-100.01157490444861,779.7524661397125,-709.7747664992509,-100.01168415169073,779.746380207673,-709.7886211244704,-100.01182347933664,779.746380207673,-709.7886211244704,-100.01182347933664,0.015132389393682995,0.015133030792110464,0.015132389393682995,0.015133030792110464,0.0,0.0,0.20514578853850224,0.21018484857413094,0.21018484857413094,0.10231642371125507,0.10121756267221395,0.9889144384194098,1.5148313502639574,-0.005678892184316038,-0.005678892184316038,0.030864361328962534,0.030864361328962534,1.4153358246316192e-11,1.4153358246316192e-11,1.986835217027095e-21,1.986835217027095e-21,-0.0001381249789994019,-0.0001381249789994019,0.009513397169425427,0.009513397169425427,-0.009999991110075806,-0.009999991110075806
2,6,sqp_full,sqp_full,,10,1,46,18.585793556971357,779.5562266334396,-709.7413885757763,-100.01183212454747,779.6411349766256,-709.7531784915953,-100.0117349420744,779.6330659160828,-709.7823532955509,-100.01189693776557,779.6330659160828,-709.7823532955509,-100.01189693776557,0.03027009950246997,0.030270532973395003,0.03027009950246997,0.030270532973395003,0.0,0.0,0.08572297741917262,0.08707688340394262,0.08707688340394262,0.11340490522232582,0.11348753127149787,0.9914509150705617,7.807917674267551,-0.018352622534398122,-0.018352622534398122,0.009390025859905273,0.009390025859905273,1.446336585234661e-11,1.446336585234661e-11,1.9282353978532136e-21,1.9282353978532136e-21,0.0017176258066425123,0.0017176258066425123,0.009598387890533968,0.009598387890533968,0.011337077271824966,0.011337077271824966
2,7,sqp_full,sqp_full,,10,1,48,19.39383875714025,778.7617836805049,-709.5942321761673,-100.01234656474519,779.1479375383122,-709.6716598321524,-100.01209011044868,779.1343475847269,-709.7531219931927,-100.0123702968844,779.1343475847269,-709.7531219931927,-100.0123702968844,0.08258795626368239,0.08258843154008119,0.08258795626368239,0.08258843154008119,0.0,0.0,0.39383987077347077,0.4050306614115995,0.4050306614115995,0.4998891188461508,0.4995744860747769,0.9938394160446381,6.030921931402817,-0.021221831682767426,-0.021221831682767426,0.037412307443903475,0.037412307443903475,-4.508058551363268e-12,-4.508058551363268e-12,-6.720841316766899e-22,-6.720841316766899e-22,0.004466840802348703,0.004466840802348703,0.006207559203621364,0.006207559203621364,0.049900849035974276,0.049900849035974276
2,8,sqp_full,sqp_full,,10,1,49,19.797859128498615,778.3683834521363,-709.5022068827424,-100.01260378484403,778.6584063604499,-709.5700331964483,-100.01242527546366,778.6371819413288,-709.7168263433034,-100.01281042643635,778.6371819413288,-709.7168263433034,-100.01281042643635,0.148319600628754,0.14832010070096652,0.148319600628754,0.14832010070096652,0.0,0.0,0.2978484449810191,0.3439682262123984,0.3439682262123984,0.4999688585496095,0.498488961653448,0.988390457056658,7.552538202976095,-0.02181593778013579,-0.02181593778013579,0.04514601182511663,0.04514601182511663,-4.341455339704991e-12,-4.341455339704991e-12,-5.334582961130805e-22,-5.334582961130805e-22,0.0049806772178201736,0.0049806772178201736,0.003007752530004335,0.003007752530004335,0.0497590001151232,0.0497590001151232
2,9,sqp_full,sqp_full,,10,1,50,20.201879101145217,777.9780637143193,-709.3978873044953,-100.01286100494289,778.1731059154946,-709.45000740583,-100.0127430237892,778.1421059155819,-709.6648215109594,-100.01324016066398,778.1421059155819,-709.6648215109594,-100.01324016066398,0.21703939678584652,0.21703996614042398,0.21703939678584652,0.21703996614042398,0.0,0.0,0.20188602032443326,0.31331089093058667,0.31331089093058667,0.49992280729266464,0.49780011905183824,0.9863152148465861,7.895189813585482,-0.022492906783921334,-0.022492906783921334,0.06546111063684368,0.06546111063684368,1.5588330889798638e-12,1.5588330889798638e-12,1.975724976013638e-22,1.975724976013638e-22,0.004810019807445545,0.004810019807445545,0.0005486584178503655,0.0005486584178503655,0.04958130694629981,0.04958130694629981
2,10,sqp_full,sqp_full,,10,0,51,20.605899472503562,777.5912078155349,-709.2813758978177,-100.01311822504175,777.6926046623988,-709.3119007842226,-100.01306295998496,777.649318415061,-709.6053616901074,-100.01367999968107,nan,nan,nan,0.29663614495086166,0.29663678670942883,nan,nan,nan,nan,0.10589187525022666,0.3291559438669139,nan,0.4999549934919332,nan,nan,nan,-0.021728535538716613,nan,0.07050739360972112,nan,5.033434537538852e-12,nan,6.167395452064878e-22,nan,0.004175950463265952,nan,-0.001657044048130787,nan,0.0493798999986965,nan
2,11,sqp_full,sqp_full,,10,0,52,21.009921218335617,777.208260698819,-709.15259309329,-100.01337544514061,777.2176708189053,-709.1557463510155,-100.01336180436789,777.1595120374191,-709.5297331858217,-100.01412045856566,nan,nan,nan,0.37848196320602756,0.3784827235535072,nan,nan,nan,nan,0.009924383825805074,0.38027763723777824,nan,0.4999464491461409,nan,nan,nan,-0.01925770428911031,nan,0.08735092964436143,nan,4.490773720579543e-12,nan,5.368646174148427e-22,nan,0.0038412904294279787,nan,-0.003647963786837018,nan,0.0491357001732718,nan
2,12,sqp_full,sqp_full,,10,0,54,21.81796964958658,776.454684191425,-708.8611888988515,-100.01388988533833,776.7495073392206,-708.9803215879631,-100.01370202944248,776.6733498638952,-709.4444734303196,-100.01454144255075,nan,nan,nan,0.470358261127474,0.4703590101456836,nan,nan,nan,nan,0.3179831537849124,0.6229249721810017,nan,0.49995100455503905,nan,nan,nan,-0.015008481724358131,nan,0.09290805662750559,nan,-1.1571400826583106e-12,nan,-3.4228805502305266e-23,nan,0.003982799879730949,nan,-0.005268583028454862,nan,0.04882424942307193,nan
2,13,sqp_full,sqp_full,,10,0,55,22.221995786984902,776.0842980039911,-708.6997852876871,-100.01414710543719,776.2878527049371,-708.7884855101809,-100.01404025999658,776.1908650527032,-709.3442133637425,-100.01496540092654,nan,nan,nan,0.5641276911391954,0.564128449730892,nan,nan,nan,nan,0.2220410902235493,0.6531799760247008,nan,0.4999261910464609,nan,nan,nan,-0.00877298343169934,nan,0.10464482235184536,nan,1.8762899032708242e-12,nan,2.797291407549659e-22,nan,0.003626076924524873,nan,-0.006387723336896395,nan,0.04853768668540707,nan
2,14,sqp_full,sqp_full,,10,0,56,22.626024086879305,775.7181492025239,-708.5289817276025,-100.01440432553605,775.8332833240229,-708.5829078212965,-100.0144019055133,775.7125553791478,-709.2372086513018,-100.01543714604297,nan,nan,nan,0.6653456341025744,0.6653464394902185,nan,nan,nan,nan,0.12713728609044223,0.7082490143392801,nan,0.49889441670473816,nan,nan,nan,-0.0018959924649658714,nan,0.10434077386017229,nan,1.2711058690284503e-11,nan,1.228218666402851e-21,nan,0.0025797938584699444,nan,-0.006424445850793542,nan,0.048189141134853036,nan
3,0,sqp_full,sqp_full,,10,1,41,16.565649129792227,781.567352637119,-709.9193785041227,-100.01054602405317,778.2404264178047,-709.8114274615278,-100.01279607970498,778.240425241216,-709.8114823982993,-100.01279601916056,778.240425241216,-709.8114823982993,-100.01279601916056,5.4949369603052616e-05,5.494940295762346e-05,5.4949369603052616e-05,5.494940295762346e-05,0.0,0.0,3.328677139098801,3.328676533888785,3.328676533888785,0.17652315176003783,0.17656812546477962,1.000254759111538,0.010246375295708232,-0.038730969329054406,-0.038730969329054406,-0.22721816298305508,-0.22721816298305508,0.0,0.0,0.0,0.0,0.0072056022280281165,0.0072056022280281165,0.021324156935156997,0.021324156935156997,-0.010006278451850873,-0.010006278451850873
3,1,sqp_full,sqp_full,,10,1,43,17.373714142764545,780.7604582802089,-709.8766244558881,-100.01106046425089,778.3410205015178,-709.7550586823555,-100.01264804574532,778.3410195008087,-709.7551047077247,-100.01264800548029,778.3410195008087,-709.7551047077247,-100.01264800548029,4.603624688498018e-05,4.603626449362808e-05,4.603624688498018e-05,4.603626449362808e-05,0.0,0.0,2.422489917884472,2.422488608117537,2.422488608117537,0.1153110179363816,0.11531552785968718,1.0000391087261309,0.0038199311844633616,-0.010712413990091397,-0.010712413990091397,0.09303527610719275,0.09303527610719275,0.0,0.0,0.0,0.0,0.00035418863227655345,0.00035418863227655345,-0.007679171774457822,-0.007679171774457822,-0.010007581037085593,-0.010007581037085593
3,2,sqp_full,sqp_full,,10,1,44,17.777742442658898,780.3579179031075,-709.8419827793064,-100.01131768434975,778.4418332310732,-709.6942426701077,-100.01256619242837,778.4418323564894,-709.6942920597584,-100.01256614875467,778.4418323564894,-709.6942920597584,-100.01256614875467,4.939739359141542e-05,4.9397412898008917e-05,4.939739359141542e-05,4.9397412898008917e-05,0.0,0.0,1.9217719974727543,1.9217690731717973,1.9217690731717973,0.11773614774623033,0.11773451797878953,0.9999861571460736,0.0014336064618312952,-0.008078549763640655,-0.008078549763640655,0.10229877016989772,0.10229877016989772,0.0,0.0,0.0,0.0,-0.001302839705519737,-0.001302839705519737,-0.009655107019446597,-0.009655107019446597,-0.010002017638294086,-0.010002017638294086
3,3,sqp_full,sqp_full,,10,1,45,18.181768580057238,779.9563947532121,-709.7970805116918,-100.01157490444861,778.5427438070357,-709.6444985798651,-100.01249843162535,778.5427429439466,-709.6445571509477,-100.01249837116745,778.5427429439466,-709.6445571509477,-100.01249837116745,5.857744144084785e-05,5.8577472640204804e-05,5.857744144084785e-05,5.8577472640204804e-05,0.0,0.0,1.4218615416226112,1.4218561155800782,1.4218561155800782,0.11250521519758223,0.11250116625690627,0.9999640084021377,0.004196712960660104,-0.008184807466412685,-0.008184807466412685,0.08648886010004014,0.08648886010004014,0.0,0.0,0.0,0.0,-0.0017019428676412465,-0.0017019428676412465,-0.007724820825827503,-0.007724820825827503,-0.010007692003226584,-0.010007692003226584
3,4,sqp_full,sqp_full,,10,1,46,18.585793556971357,779.5562266334396,-709.7413885757763,-100.01183212454747,778.643362658273,-709.611868445745,-100.01242533805664,778.6433617731864,-709.6119349126292,-100.01242525496602,778.6433617731864,-709.6119349126292,-100.01242525496602,6.647277695391932e-05,6.64728288853142e-05,6.647277695391932e-05,6.64728288853142e-05,0.0,0.0,0.9220065624714374,0.9219981041126514,0.9219981041126514,0.1057775222798462,0.10577506594883938,0.9999767758108621,0.004064726935394146,-0.010313591381194084,-0.010313591381194084,0.06017824110493694,0.06017824110493694,0.0,0.0,0.0,0.0,-0.0016310269072273367,-0.0016310269072273367,-0.00415147375622347,-0.00415147375622347,-0.0099974527682234,-0.0099974527682234
3,5,sqp_full,sqp_full,,10,1,48,19.39383875714025,778.7617836805049,-709.5942321761673,-100.01234656474519,778.7436295964658,-709.5999082644529,-100.01231411219135,778.7436287246802,-709.5999767755033,-100.01231400918704,778.7436287246802,-709.5999767755033,-100.01231400918704,6.851659678889221e-05,6.851667421453127e-05,6.851659678889221e-05,6.851667421453127e-05,0.0,0.0,0.019020745135812464,0.019042133350187465,0.019042133350187465,0.10097780549361766,0.10097757662473475,0.9999977332710288,0.001152668729992264,-0.0148454737134802,-0.0148454737134802,0.027094378361782304,0.027094378361782304,0.0,0.0,0.0,0.0,-0.0007321290503571313,-0.0007321290503571313,0.0004427082148747256,0.0004427082148747256,-0.00999998782273111,-0.00999998782273111
3,6,sqp_full,sqp_full,,10,1,49,19.797859128498615,778.3683834521363,-709.5022068827424,-100.01260378484403,778.6565620620197,-709.5694406711592,-100.01232895264985,778.6565612730591,-709.5695094722246,-100.01232593934364,778.6565612730591,-709.5695094722246,-100.01232593934364,6.880558886586274e-05,6.88715403736829e-05,6.880558886586274e-05,6.88715403736829e-05,0.0,0.0,0.29591771406796863,0.29593258526696276,0.29593258526696276,0.09224440371028601,0.0922442293219259,0.9999981089953296,0.0018141287731754986,-0.01587555538299594,-0.01587555538299594,0.04745528937048824,0.04745528937048824,0.0,0.0,0.0,0.0,0.0022194162257205908,0.0022194162257205908,0.001267931778974005,0.001267931778974005,0.008772630899227174,0.008772630899227174
3,7,sqp_full,sqp_full,,10,1,50,20.201879101145217,777.9780637143193,-709.3978873044953,-100.01286100494289,778.1741052506544,-709.4503103613142,-100.01271656920585,778.1741075264376,-709.4503636524393,-100.01271715861397,778.1741075264376,-709.4503636524393,-100.01271715861397,5.3339696290421214e-05,5.334295269560682e-05,5.3339696290421214e-05,5.334295269560682e-05,0.0,0.0,0.202929694364525,0.20294566603758385,0.20294566603758385,0.49694743766630695,0.4969481834696998,1.0000015002379539,0.001867550960906921,-0.0020264062591330485,-0.0020264062591330485,0.16104603256878364,0.16104603256878364,0.0,0.0,0.0,0.0,0.005479646747194153,0.005479646747194153,-0.01092054650297549,-0.01092054650297549,0.04854840952873975,0.04854840952873975
3,8,sqp_full,sqp_full,,10,1,51,20.605899472503562,777.5912078155349,-709.2813758978177,-100.01311822504175,777.6924516326922,-709.3118700765378,-100.0130628438877,777.6924620090026,-709.3118965217793,-100.01305899221566,777.6924620090026,-709.3118965217793,-100.01305899221566,2.8408073042806276e-05,2.8667995944694515e-05,2.8408073042806276e-05,2.8667995944694515e-05,0.0,0.0,0.10573649061894858,0.10575405515548199,0.10575405515548199,0.5011547067036886,0.5011543350991501,0.9999992568989542,0.003245584441911486,0.0006776911353184993,0.0006776911353184993,0.17497666699923609,0.17497666699923609,0.0,0.0,0.0,0.0,0.0061876017231393965,0.0061876017231393965,-0.011903690768971135,-0.011903690768971135,0.048611834489747346,0.048611834489747346
3,9,sqp_full,sqp_full,,10,1,52,21.009921218335617,777.208260698819,-709.15259309329,-100.01337544514061,777.2176109700843,-709.1557155781609,-100.01338364287182,777.2176336642933,-709.1557298851988,-100.01337905038146,777.2176336642933,-709.1557298851988,-100.01337905038146,2.6827568938411417e-05,2.7217814439332785e-05,2.6827568938411417e-05,2.7217814439332785e-05,0.0,0.0,0.009857864094387039,0.009883923576279667,0.009883923576279667,0.49985796496733576,0.49985005527412524,0.9999841756441142,0.0017648242677282904,0.0036195864688506278,0.0036195864688506278,0.18501317339303747,0.18501317339303747,0.0,0.0,0.0,0.0,0.006221639935137565,0.006221639935137565,-0.01253172807168867,-0.01253172807168867,0.048105037547130254,0.048105037547130254
3,10,sqp_full,sqp_full,,10,0,54,21.81796964958658,776.454684191425,-708.8611888988515,-100.01388988533833,776.749702555758,-708.9804263376633,-100.01370653444168,776.7497538429851,-708.9803439662887,-100.01370425126048,nan,nan,nan,9.703310277127583e-05,9.705996059040746e-05,nan,nan,nan,nan,0.3182033973860864,0.31822009579499455,nan,0.4996645937932279,nan,nan,nan,0.006983459749969593,nan,0.1958743798257851,nan,0.0,nan,0.0,nan,0.005637088108544989,nan,-0.012957889810501126,nan,0.04763036787501426,nan
3,11,sqp_full,sqp_full,,10,0,55,22.221995786984902,776.0842980039911,-708.6997852876871,-100.01414710543719,776.2878547180474,-708.7884794234311,-100.01402281548252,776.2879532282279,-708.7883026817673,-100.01402152597726,nan,nan,nan,0.00020234097810270684,0.00020234508702558684,nan,nan,nan,nan,0.22204050430679043,0.22206030580396038,nan,0.5001471214701185,nan,nan,nan,0.011130872401120805,nan,0.20172282026931607,nan,0.0,nan,0.0,nan,0.005342226652852807,nan,-0.013213794712633701,nan,0.04726934241371729,nan
3,12,sqp_full,sqp_full,,10,0,56,22.626024086879305,775.7181492025239,-708.5289817276025,-100.01440432553605,775.8325312318609,-708.5823529997726,-100.01434735856085,775.8327139664756,-708.5818929452734,-100.01434652398493,nan,nan,nan,0.0004950172539395568,0.0004950179574670293,nan,nan,nan,nan,0.12622100193040828,0.1261930350483751,nan,0.4998076479321394,nan,nan,nan,0.015586530462830433,nan,0.20385610814440353,nan,0.0,nan,0.0,nan,0.004758512481868661,nan,-0.013028312438983594,nan,0.046881105539282535,nan
3,13,sqp_full,sqp_full,,10,0,57,23.030055229532017,775.3560469782611,-708.3497526081632,-100.01466154563491,775.3832265908933,-708.3632308315758,-100.01468790227894,775.3835367574071,-708.3623548742879,-100.01468657162829,nan,nan,nan,0.0009292493941665301,0.0009292503468872114,nan,nan,nan,nan,0.03033799349329794,0.030240784860451477,nan,0.4998892887033467,nan,nan,nan,0.02192335515074067,nan,0.20360459385321414,nan,0.0,nan,0.0,nan,0.004151276763772652,nan,-0.012852874224484861,nan,0.04656446818817988,nan
3,14,sqp_full,sqp_full,,10,0,59,23.838125521142135,774.6422690363736,-707.9710057556981,-100.01517598583261,774.9426106924903,-708.1342316824658,-100.01507580913045,774.9431019653643,-708.1327901083699,-100.01507392695939,nan,nan,nan,0.001522985525393466,0.0015229866884270207,nan,nan,nan,nan,0.34183009459107977,0.34157667943607906,nan,0.49657137522239886,nan,nan,nan,0.03008780836173532,nan,0.19939493449504345,nan,0.0,nan,0.0,nan,0.0029511156976020658,nan,-0.0125551311093398,nan,0.04598012947728103,nan
4,0,sqp_full,sqp_full,,10,1,44,17.777742442658898,780.3579179031075,-709.8419827793064,-100.01131768434975,777.300485098822,-709.5434436514039,-99.97859547470061,777.3036341684759,-709.5707788758459,-100.03334137953009,777.3036341684759,-709.5707788758459,-100.03334137953009,0.027516015972246247,0.06127189592776052,0.027516015972246247,0.06127189592776052,0.0,0.0,3.0719734640145973,3.066300815133293,3.066300815133293,0.3979902283292906,0.4243350632955179,1.0565347413503516,7.718536411553211,-0.49298384056023276,-0.49298384056023276,-0.30408349235265014,-0.30408349235265014,-1.398178414174595e-09,-1.398178414174595e-09,3.1756516928052244e-18,3.1756516928052244e-18,-0.49436552629593455,-0.49436552629593455,4.123549184020489,4.123549184020489,-0.009999926600908144,-0.009999926600908144
4,1,sqp_full,sqp_full,,10,1,45,18.181768580057238,779.9563947532121,-709.7970805116918,-100.01157490444861,777.4030664224767,-709.5141101481224,-99.98846419041999,777.4040632502121,-709.5545973859187,-100.05395230182553,777.4040632502121,-709.5545973859187,-100.05395230182553,0.040499507279779697,0.07699936899333114,0.040499507279779697,0.07699936899333114,0.0,0.0,2.5689604495193463,2.56382412959454,2.56382412959454,0.10714837342426763,0.10379138303587515,0.956399919380043,9.129094626019537,0.17299254815924534,0.17299254815924534,0.018941740789348963,0.018941740789348963,3.729515462495867e-10,3.729515462495867e-10,-3.614860916655678e-20,-3.614860916655678e-20,-0.49465705557656214,-0.49465705557656214,0.03384032018234942,0.03384032018234942,-0.00999991481881228,-0.00999991481881228
4,2,sqp_full,sqp_full,,10,1,46,18.585793556971357,779.5562266334396,-709.7413885757763,-100.01183212454747,777.5085453469354,-709.447144738596,-100.00848614306875,777.5055049848565,-709.4991327667597,-100.07179508277295,777.5055049848565,-709.4991327667597,-100.07179508277295,0.052076855453503136,0.08197573250904967,0.052076855453503136,0.08197573250904967,0.0,0.0,2.068714114327605,2.064981151722518,2.064981151722518,0.1265347705805439,0.11698339342863778,0.9225769083921568,3.711351397047573,0.11507726318077872,0.11507726318077872,0.08217072835106803,0.08217072835106803,4.277762191558946e-10,4.277762191558946e-10,7.281696787157236e-20,7.281696787157236e-20,-0.43311381356856055,-0.43311381356856055,0.005362693391612462,0.005362693391612462,-0.009999932707867533,-0.009999932707867533
4,3,sqp_full,sqp_full,,10,1,48,19.39383875714025,778.7617836805049,-709.5942321761673,-100.01234656474519,777.6136704749058,-709.3955702627,-100.0124471967923,777.6066213911213,-709.4599072910416,-100.07468285320367,777.6066213911213,-709.4599072910416,-100.07468285320367,0.06472204259792938,0.08978986427767449,0.06472204259792938,0.08978986427767449,0.0,0.0,1.165174016502875,1.162945867002423,1.162945867002423,0.11716189244524197,0.10849656574860103,0.9225927756989727,4.945094386022604,0.06846986879919574,0.06846986879919574,0.0615127889996204,0.0615127889996204,-5.243297592845103e-10,-5.243297592845103e-10,-8.131346541584562e-20,-8.131346541584562e-20,-0.07886800796479963,-0.07886800796479963,0.008399514107042592,0.008399514107042592,-0.00999994714737009,-0.00999994714737009
4,4,sqp_full,sqp_full,,10,1,49,19.797859128498615,778.3683834521363,-709.5022068827424,-100.01260378484403,777.71768856521,-709.3645391237363,-100.01293266894186,777.7073317589419,-709.4369495730458,-100.07459361909908,777.7073317589419,-709.4369495730458,-100.07459361909908,0.07314736225782575,0.09566927082176903,0.07314736225782575,0.09566927082176903,0.0,0.0,0.6650986751917856,0.6642649001294824,0.6642649001294824,0.10854920717862392,0.10329396383563524,0.9495143051269885,3.781910073867984,0.039878679060261345,0.039878679060261345,0.03973187944951823,0.03973187944951823,-1.0999936816275277e-10,-1.0999936816275277e-10,-1.2577960082512952e-20,-1.2577960082512952e-20,-0.010420295534165305,-0.010420295534165305,0.010735735897663393,0.010735735897663393,-0.009999962782367566,-0.009999962782367566
4,5,sqp_full,sqp_full,,10,1,50,20.201879101145217,777.9780637143193,-709.3978873044953,-100.01286100494289,777.8197610564777,-709.3587070639835,-100.01293045360936,777.8075167606229,-709.4320551491928,-100.07398796357357,777.8075167606229,-709.4320551491928,-100.07398796357357,0.07436305793101822,0.09621789806414366,0.07436305793101822,0.09621789806414366,0.0,0.0,0.16307919157972015,0.1739359221851986,0.1739359221851986,0.10223896712830657,0.10030631468298958,0.9810454945244379,0.5854647949292927,0.012191397562513251,0.012191397562513251,0.015054116500449672,0.015054116500449672,1.4462808086759154e-10,1.4462808086759154e-10,2.808528942013541e-20,2.808528942013541e-20,-0.0010300272011189722,-0.0010300272011189722,0.013494722739212536,0.013494722739212536,-0.009999982788017852,-0.009999982788017852
4,6,sqp_full,sqp_full,,10,1,51,20.605899472503562,777.5912078155349,-709.2813758978177,-100.01311822504175,777.6924553705334,-709.3118156324331,-100.01300048134102,777.6752445253214,-709.4107194538497,-100.07493079212755,777.6752445253214,-709.4107194538497,-100.07493079212755,0.10039013439438335,0.1179556801423217,0.10039013439438335,0.1179556801423217,0.0,0.0,0.1057243814672453,0.15424630977357487,0.15424630977357487,0.1356670517498222,0.13398524192273878,0.9692476456812041,11.063879811986734,0.002224492506205451,0.002224492506205451,0.02310896003196653,0.02310896003196653,1.0100178905257536e-10,1.0100178905257536e-10,1.9162928692459464e-20,1.9162928692459464e-20,-5.965679626398222e-05,-5.965679626398222e-05,0.011092433885340175,0.011092433885340175,0.013288722618322023,0.013288722618322023
4,7,sqp_full,sqp_full,,10,1,52,21.009921218335617,777.208260698819,-709.15259309329,-100.01337544514061,777.2176600917952,-709.155742979572,-100.01337286930789,777.1858824317567,-709.3359791511996,-100.0783378949007,777.1858824317567,-709.3359791511996,-100.0783378949007,0.18301611196972606,0.1942044072383251,0.18301611196972606,0.1942044072383251,0.0,0.0,0.009913141374470098,0.18474640205526635,0.18474640205526635,0.4997893239715701,0.4950484620798441,0.976875033946857,9.519234883640598,0.014452190283577599,0.014452190283577599,0.07088467605518192,0.07088467605518192,-8.760898160104601e-12,-8.760898160104601e-12,-1.181289068734334e-21,-1.181289068734334e-21,0.0027362800633989274,0.0027362800633989274,0.003074912534520425,0.003074912534520425,0.04916540212418575,0.04916540212418575
4,8,sqp_full,sqp_full,,10,1,54,21.81796964958658,776.454684191425,-708.8611888988515,-100.01388988533833,776.7494971746629,-708.9803174482963,-100.01369944025735,776.7001175394934,-709.247389450842,-100.0816967848334,776.7001175394934,-709.247389450842,-100.0816967848334,0.2715986062431192,0.2799811454055378,0.2715986062431192,0.2799811454055378,0.0,0.0,0.31797217862328564,0.45758976682365615,0.45758976682365615,0.49995073822296493,0.49378836327589015,0.9720279305338263,10.211955763655427,0.010048295959949714,0.010048295959949714,0.08403994725810301,0.08403994725810301,-3.519724025358962e-11,-3.519724025358962e-11,-4.671044872008093e-21,-4.671044872008093e-21,0.0029432344401733863,0.0029432344401733863,0.00041389471943876333,0.00041389471943876333,0.0488821096414389,0.0488821096414389
4,9,sqp_full,sqp_full,,10,1,55,22.221995786984902,776.0842980039911,-708.6997852876871,-100.01414710543719,776.2878251265222,-708.7884717434703,-100.01398766420724,776.2178724322685,-709.1468828818247,-100.08503388932931,776.2178724322685,-709.1468828818247,-100.08503388932931,0.36517382645786345,0.37202081881794585,0.36517382645786345,0.37202081881794585,0.0,0.0,0.22201030842099914,0.4666244598960778,0.4666244598960778,0.4999459346446733,0.49261856453480474,0.9678965144172005,10.79814261391801,0.006899738960025751,0.006899738960025751,0.09292544954625051,0.09292544954625051,-1.6525553359571672e-11,-1.6525553359571672e-11,-2.2801569460929915e-21,-2.2801569460929915e-21,0.002642929921852969,0.002642929921852969,-0.0016485878265849571,-0.0016485878265849571,0.04861372321770281,0.04861372321770281
4,10,sqp_full,sqp_full,,10,0,56,22.626024086879305,775.7181492025239,-708.5289817276025,-100.01440432553605,775.8323816474389,-708.5822668172501,-100.01433300429737,775.7389380041299,-709.0353872936645,-100.08828502702589,nan,nan,nan,0.4626552502898925,0.4685283153518515,nan,nan,nan,nan,0.126049007334446,0.5068320941009439,nan,0.4999493509314308,nan,nan,nan,0.005018404024448251,nan,0.09949273915295573,nan,-4.5409828224531754e-12,nan,-8.452017126096194e-22,nan,0.003818540356049153,nan,-0.0032744800842354283,nan,0.048376063380603206,nan
4,11,sqp_full,sqp_full,,10,0,57,23.030055229532017,775.3560469782611,-708.3497526081632,-100.01466154563491,775.3830160494697,-708.3631003822132,-100.01467343403247,775.2631680859861,-708.9138598812508,-100.09153373750898,nan,nan,nan,0.5636484366439782,0.5688647171179642,nan,nan,nan,nan,0.030091425256168192,0.5717022863174661,nan,0.4999634814437287,nan,nan,nan,0.004832524544284902,nan,0.10395320315660089,nan,7.147125079280489e-12,nan,3.8568153477787567e-22,nan,0.003403199456605422,nan,-0.004603858335585975,nan,0.04816173373127619,nan
4,12,sqp_full,sqp_full,,10,0,59,23.838125521142135,774.6422690363736,-707.9710057556981,-100.01517598583261,774.9396131065378,-708.132108962098,-100.0149643027127,774.7904274717044,-708.7833400013049,-100.09483735833497,nan,nan,nan,0.6681004565685033,0.6728580274333361,nan,nan,nan,nan,0.33818299657751183,0.8257347325534142,nan,0.49996328922443906,nan,nan,nan,0.006796747640867382,nan,0.1063607559772762,nan,1.945062215635307e-11,nan,1.4952199282122003e-21,nan,0.0019541505586954102,nan,-0.00569733837224371,nan,0.047967616986730854,nan
4,13,sqp_full,sqp_full,,10,0,60,24.24216344537067,774.289471739356,-707.7740777351682,-100.01543320593147,774.5010067035003,-707.8921662060055,-100.01516359387678,774.3198191355078,-708.6462165063543,-100.09813002977943,nan,nan,nan,0.775513243117839,0.779938599979213,nan,nan,nan,nan,0.24226416986464713,0.8726666033825083,nan,0.4999481400142762,nan,nan,nan,0.010879398692127692,nan,0.10525250246091152,nan,1.6616856281530612e-11,nan,9.994335451509615e-22,nan,0.0020021670084201023,nan,-0.006460540114728772,nan,0.04785860084777994,nan
4,14,sqp_full,sqp_full,,10,0,61,24.646202954038554,773.938457831358,-707.5739850196726,-100.01569042603033,774.0663002393118,-707.6470565833637,-100.0157894428032,773.8508513821107,-708.5059985032409,-100.10118986394846,nan,nan,nan,0.8855503553111019,0.8896587344164101,nan,nan,nan,nan,0.1472519429130322,0.9361217995019946,nan,0.4990479223539284,nan,nan,nan,0.014042303049509965,nan,0.10036035756927258,nan,-2.1022437551875476e-11,nan,-2.252013575645094e-21,nan,0.006103851796855672,nan,-0.006251057479284727,nan,0.04778044208040157,nan
5,0,sqp_full,sqp_full,,10,1,46,18.585793556971357,779.5562266334396,-709.7413885757763,-100.01183212454747,776.3125838397078,-709.2741968077639,-100.05983920549046,776.3126002726256,-709.273830406494,-100.05988591710017,776.3126002726256,-709.273830406494,-100.05988591710017,0.00036676958903193474,0.00036973220839035337,0.00036676958903193474,0.00036973220839035337,0.0,0.0,3.277115610018466,3.2771516001293044,3.2771516001293044,0.1606669179729875,0.16037910794617682,0.9982076107079795,0.08284153231029157,-0.3395774043677883,-0.3395774043677883,-0.12212320017847876,-0.12212320017847876,0.0,0.0,0.0,0.0,0.49999466694403066,0.49999466694403066,0.022871724194276497,0.022871724194276497,-0.00999623938340835,-0.00999623938340835
5,1,sqp_full,sqp_full,,10,1,48,19.39383875714025,778.7617836805049,-709.5942321761673,-100.01234656474519,776.416127457176,-709.1855842313477,-100.03676339944856,776.4161299943329,-709.1856031271698,-100.03685970305297,776.4161299943329,-709.1856031271698,-100.03685970305297,1.9065394159635592e-05,9.817267174175117e-05,1.9065394159635592e-05,9.817267174175117e-05,0.0,0.0,2.380986405010871,2.3809806624870045,2.3809806624870045,0.13822431856230305,0.1379589164464608,0.9980778062808793,0.11784368176321523,0.04499259399528649,0.04499259399528649,0.12790036089795342,0.12790036089795342,0.0,0.0,0.0,0.0,0.49999513984153315,0.49999513984153315,-0.009834838633303004,-0.009834838633303004,-0.00999794091000497,-0.00999794091000497
5,2,sqp_full,sqp_full,,10,1,49,19.797859128498615,778.3683834521363,-709.5022068827424,-100.01260378484403,776.519643464756,-709.1079668955302,-100.01845845706806,776.5196357956396,-709.1082352726245,-100.01858578499022,776.5196357956396,-709.1082352726245,-100.01858578499022,0.0002684866477957162,0.0002971489185639022,0.0002684866477957162,0.0002971489185639022,0.0,0.0,1.8903080988177654,1.8902596453875937,1.8902596453875937,0.13067167084050055,0.13051119454845359,0.9987708124443303,0.08502401527467181,0.10499386481950751,0.10499386481950751,0.10508732098977588,0.10508732098977588,0.0,0.0,0.0,0.0,0.40228322313043136,0.40228322313043136,-0.00747414805364538,-0.00747414805364538,-0.009995772825299136,-0.009995772825299136
5,3,sqp_full,sqp_full,,10,1,50,20.201879101145217,777.9780637143193,-709.3978873044953,-100.01286100494289,776.6224049473404,-709.0537845959567,-100.01462715237587,776.6223910176811,-709.0541882376824,-100.01475932522168,776.6223910176811,-709.0541882376824,-100.01475932522168,0.000403882010175004,0.0004249592207632736,0.000403882010175004,0.0004249592207632736,0.0,0.0,1.3986484070380953,1.3985626582095743,1.3985626582095743,0.11623391409430464,0.11616522473264865,0.999408537163132,0.0575891429942914,0.07736480942092971,0.07736480942092971,0.07619137917161793,0.07619137917161793,0.0,0.0,0.0,0.0,0.08330412093353223,0.08330412093353223,-0.0037633629343714614,-0.0037633629343714614,-0.010000078431066933,-0.010000078431066933
5,4,sqp_full,sqp_full,,10,1,51,20.605899472503562,777.5912078155349,-709.2813758978177,-100.01311822504175,776.723907124154,-709.0255983347206,-100.01384738376127,776.7238902286749,-709.0260615307805,-100.01397994598598,776.7238902286749,-709.0260615307805,-100.01397994598598,0.0004635040960631039,0.00048208794891351744,0.0004635040960631039,0.00048208794891351744,0.0,0.0,0.9042304192258903,0.9041157129992199,0.9041157129992199,0.1053459313854214,0.10532715179622214,0.9998215897736465,0.030783756065590983,0.048039523126706535,0.048039523126706535,0.04436598117643361,0.04436598117643361,0.0,0.0,0.0,0.0,0.015479615780973347,0.015479615780973347,-0.00015999739072070592,-0.00015999739072070592,-0.00999313550381797,-0.00999313550381797
5,5,sqp_full,sqp_full,,10,1,52,21.009921218335617,777.208260698819,-709.15259309329,-100.01337544514061,776.8241257453533,-709.0236846385001,-100.0136287868301,776.8241082020659,-709.0241600803427,-100.01376119871435,776.8241082020659,-709.0241600803427,-100.01376119871435,0.00047576539659267717,0.0004938477697482449,0.00047576539659267717,0.0004938477697482449,0.0,0.0,0.4051876752696028,0.4050533046111463,0.4050533046111463,0.10023712911351856,0.1002362487063017,0.9999912093094994,0.006991976191842938,0.019957740133926292,0.019957740133926292,0.011918161212694626,0.011918161212694626,0.0,0.0,0.0,0.0,0.002553631779935312,0.002553631779935312,0.004231101523779332,0.004231101523779332,-0.01000013292419463,-0.01000013292419463
5,6,sqp_full,sqp_full,,10,1,54,21.81796964958658,776.454684191425,-708.8611888988515,-100.01388988533833,776.7473608941455,-708.9792766575507,-100.01362442633985,776.7473422027545,-708.9797742247055,-100.01375697281068,776.7473422027545,-708.9797742247055,-100.01375697281068,0.0004979181073672458,0.0005152581960304052,0.0004979181073672458,0.0005152581960304052,0.0,0.0,0.3156016018176368,0.31577078886933,0.31577078886933,0.08868433442263401,0.0886742513291019,0.9998862788125995,0.012746328576276281,0.016358221757563168,0.016358221757563168,0.051249345148800994,0.051249345148800994,0.0,0.0,0.0,0.0,0.002452781068199585,0.002452781068199585,7.549560341215819e-05,7.549560341215819e-05,0.007908214064948228,0.007908214064948228
5,7,sqp_full,sqp_full,,10,1,55,22.221995786984902,776.0842980039911,-708.6997852876871,-100.01414710543719,776.2891695077966,-708.7891046177966,-100.01395133964098,776.289146905883,-708.7896726584127,-100.01408333022931,776.289146905883,-708.7896726584127,-100.01408333022931,0.000568490094825801,0.0005836116031404321,0.000568490094825801,0.0005836116031404321,0.0,0.0,0.2234955834077519,0.2237025078586808,0.2237025078586808,0.49608956661149634,0.49606616704965817,0.9999528229720207,0.007691278835530451,0.042329096603753724,0.042329096603753724,0.19534197457484284,0.19534197457484284,0.0,0.0,0.0,0.0,0.005653434385019764,0.005653434385019764,-0.014285844358935243,-0.014285844358935243,0.04689723227673288,0.04689723227673288
5,8,sqp_full,sqp_full,,10,1,56,22.626024086879305,775.7181492025239,-708.5289817276025,-100.01440432553605,775.8321601007608,-708.5821656407081,-100.01430262102973,775.8321333290309,-708.5827939919909,-100.01443474983381,775.8321333290309,-708.5827939919909,-100.01443474983381,0.0006289213465127697,0.0006426508235166512,0.0006289213465127697,0.0006426508235166512,0.0,0.0,0.12580545906285343,0.12604816894412035,0.12604816894412035,0.5016786439108617,0.5016575680115507,0.9999579828652994,0.006471404255413314,0.036878261497612204,0.036878261497612204,0.20092891597680376,0.20092891597680376,0.0,0.0,0.0,0.0,0.0046344197581956615,0.0046344197581956615,-0.014523705025322556,-0.014523705025322556,0.04706030634913941,0.04706030634913941
5,9,sqp_full,sqp_full,,10,1,57,23.030055229532017,775.3560469782611,-708.3497526081632,-100.01466154563491,775.3829882647442,-708.3630927012014,-100.0146356504812,775.3829573593864,-708.3637666267603,-100.01476803075322,775.3829573593864,-708.3637666267603,-100.01476803075322,0.000674633826674165,0.000687499335645989,0.000674633826674165,0.000687499335645989,0.0,0.0,0.030063116931394462,0.0303407536088348,0.0303407536088348,0.4997483386698999,0.499732077719711,0.9999674580591907,0.004904263105206606,0.0324486093341926,0.0324486093341926,0.20127957462807772,0.20127957462807772,0.0,0.0,0.0,0.0,0.004471343241234362,0.004471343241234362,-0.013941825478848478,-0.013941825478848478,0.046559050215971565,0.046559050215971565
5,10,sqp_full,sqp_full,,10,0,59,23.838125521142135,774.6422690363736,-707.9710057556981,-100.01517598583261,774.939771892406,-708.132206984181,-100.01497474585234,774.939736853836,-708.1329115808844,-100.01510739284494,nan,nan,nan,0.0007054673740600212,0.000717829673744764,nan,nan,nan,nan,0.338369303294279,0.33867476825883097,nan,0.4997490190267919,nan,nan,nan,0.03060921523287054,nan,0.20084441097058928,nan,0.0,nan,0.0,nan,0.00393470711264014,nan,-0.0134782435290637,nan,0.04626882318043651,nan
5,11,sqp_full,sqp_full,,10,0,60,24.24216344537067,774.289471739356,-707.7740777351682,-100.01543320593147,774.5011931583161,-707.892293638696,-100.01528407803876,774.5011540594802,-707.8930123692393,-100.01541735828047,nan,nan,nan,0.0007197932431256003,0.0007320286440283647,nan,nan,nan,nan,0.24248909066876237,0.24280620221642338,nan,0.49990980688933334,nan,nan,nan,0.029704918563076492,nan,0.1970364122797225,nan,0.0,nan,0.0,nan,0.004156914538407614,nan,-0.012798554790657184,nan,0.04610560578026923,nan
5,12,sqp_full,sqp_full,,10,0,61,24.646202954038554,773.938457831358,-707.5739850196726,-100.01569042603033,774.0655941747707,-707.6464663297934,-100.01565422851036,774.065552673096,-707.6471751823433,-100.01578666212394,nan,nan,nan,0.0007100664240954301,0.0007223108670344194,nan,nan,nan,nan,0.14634613125449417,0.14666253341659607,nan,0.5001776457214716,nan,nan,nan,0.029737122585585286,nan,0.18959054089860702,nan,0.0,nan,0.0,nan,0.0032604652721388073,nan,-0.011960523526772418,nan,0.04608701824058842,nan
5,13,sqp_full,sqp_full,,10,0,62,25.050243280148855,773.5882990080177,-707.3723980225772,-100.01594764612919,773.6321836415434,-707.3977146151254,-100.01596852588256,773.6321384207521,-707.3984040775624,-100.01610165732359,nan,nan,nan,0.0006909438268722438,0.000703652863623615,nan,nan,nan,nan,0.05066350676720733,0.05097262995763212,nan,0.49972212743226924,nan,nan,nan,0.031453949592364895,nan,0.17924571152099958,nan,0.0,nan,0.0,nan,0.0036057953341568855,nan,-0.011234518149549807,nan,0.04611525706811119,nan
5,14,sqp_full,sqp_full,,10,0,64,25.858324088229654,772.8882235635177,-706.9688033004262,-100.01646208632691,773.2006154826853,-707.1492711322644,-100.0163070013513,773.2005685099883,-707.1499140380736,-100.0164409245178,nan,nan,nan,0.000644619510790373,0.0006583841798048185,nan,nan,nan,nan,0.3607732660405579,0.3610546563567489,nan,0.49797123860918063,nan,nan,nan,0.03466453406680991,nan,0.1654550270218004,nan,0.0,nan,0.0,nan,0.0032504429038940994,nan,-0.010397491454580934,nan,0.04612969195236129,nan
6,0,sqp_full,sqp_full,,10,1,49,19.797859128498615,778.3683834521363,-709.5022068827424,-100.01260378484403,775.4435606875144,-708.8391994390026,-100.01469218784152,775.4493178245158,-708.826299941501,-100.0138564530175,775.4493178245158,-708.826299941501,-100.0138564530175,0.014125921642365643,0.014150622422435815,0.014125921642365643,0.014150622422435815,0.0,0.0,2.9990276882524514,2.9962967696097844,2.9962967696097844,0.4792798014615607,0.4672703816327724,0.9748208555119868,0.9061426439542534,-0.4693617389407627,-0.4693617389407627,-0.29914486154195813,-0.29914486154195813,-7.590668935991066e-11,-7.590668935991066e-11,1.0832359013266799e-17,1.0832359013266799e-17,0.007806105642750628,0.007806105642750628,2.9805661645698347,2.9805661645698347,-0.010001832009653357,-0.010001832009653357
6,1,sqp_full,sqp_full,,10,1,50,20.201879101145217,777.9780637143193,-709.3978873044953,-100.01286100494289,775.5512085663499,-708.775157237295,-100.01449158079642,775.5526542803698,-708.7753399903634,-100.01377758201289,775.5526542803698,-708.7753399903634,-100.01377758201289,0.0014572191705877877,0.0016227390344745298,0.0014572191705877877,0.0016227390344745298,0.0,0.0,2.5054777280631826,2.5040319647768587,2.5040319647768587,0.12525777285478576,0.11521868749930586,0.9170174136865694,4.499669335059415,0.13441212913893516,0.13441212913893516,0.05759072976644577,0.05759072976644577,4.773303334990634e-11,4.773303334990634e-11,-1.4146858521654079e-18,-1.4146858521654079e-18,0.0014150713651233497,0.0014150713651233497,0.03144705969721988,0.03144705969721988,-0.01000109143513566,-0.01000109143513566
6,2,sqp_full,sqp_full,,10,1,51,20.605899472503562,777.5912078155349,-709.2813758978177,-100.01311822504175,775.6601936802301,-708.7060278518461,-100.01442480695637,775.6567320005438,-708.7160319916972,-100.0137797405517,775.6567320005438,-708.7160319916972,-100.0137797405517,0.010586124900589583,0.010605760278137196,0.010586124900589583,0.010605760278137196,0.0,0.0,2.0149047036398433,2.015393363830729,2.015393363830729,0.12906057275075694,0.11978985995088504,0.92712908958743,2.7108114215868437,0.09115026789405498,0.09115026789405498,0.07564957059251154,0.07564957059251154,7.433510906516272e-14,7.433510906516272e-14,-1.9468516600741345e-19,-1.9468516600741345e-19,-0.0009559248962759662,-0.0009559248962759662,0.01594441229376717,0.01594441229376717,-0.010001039619892012,-0.010001039619892012
6,3,sqp_full,sqp_full,,10,1,52,21.009921218335617,777.208260698819,-709.15259309329,-100.01337544514061,775.7667870365611,-708.6640636072464,-100.01435737743954,775.7591444409278,-708.6837496204352,-100.01377988791866,775.7591444409278,-708.6837496204352,-100.01377988791866,0.02111748998542672,0.021125384669428586,0.02111748998542672,0.021125384669428586,0.0,0.0,1.5220076799139994,1.523073251988642,1.523073251988642,0.11455630050538514,0.10737997690319612,0.9350799783926349,3.993122649209718,0.06038385546379596,0.06038385546379596,0.04622928072617728,0.04622928072617728,-2.7940577173441282e-11,-2.7940577173441282e-11,3.648314907163013e-20,3.648314907163013e-20,-0.001388320014730635,-0.001388320014730635,0.019156177347160543,0.019156177347160543,-0.01000093497854567,-0.01000093497854567
6,4,sqp_full,sqp_full,,10,1,54,21.81796964958658,776.454684191425,-708.8611888988515,-100.01388988533833,775.8706313655093,-708.6472779162,-100.01427837432202,775.8605431827085,-708.6668364796421,-100.01376500639336,775.8605431827085,-708.6668364796421,-100.01376500639336,0.02200701788396934,0.022013004855664667,0.02200701788396934,0.022013004855664667,0.0,0.0,0.6219932571652483,0.6251211091390975,0.6251211091390975,0.10519225408799875,0.10279960791587278,0.9772420466346367,0.2897209079778496,0.03146695181885436,0.03146695181885436,0.03227664295781612,0.03227664295781612,-1.4736903719475766e-11,-1.4736903719475766e-11,1.9063054506985288e-19,1.9063054506985288e-19,-0.001546060836214368,-0.001546060836214368,0.02284427036747182,0.02284427036747182,-0.010000706193844243,-0.010000706193844243
6,5,sqp_full,sqp_full,,10,1,55,22.221995786984902,776.0842980039911,-708.6997852876871,-100.01414710543719,775.9712474953814,-708.6563053186309,-100.01419399671074,775.9602714491879,-708.6736864715109,-100.01365286126288,775.9602714491879,-708.6736864715109,-100.01365286126288,0.020556703662758826,0.02056382486434385,0.020556703662758826,0.02056382486434385,0.0,0.0,0.12112359475357731,0.12674278875793205,0.12674278875793205,0.10102032817532394,0.09996330376753863,0.9893203079579284,1.197753184604835,0.0035035231403093853,0.0035035231403093853,0.006670044578208321,0.006670044578208321,2.843640452558873e-11,2.843640452558873e-11,3.2420966997769867e-19,3.2420966997769867e-19,4.455001005114037e-05,4.455001005114037e-05,0.025706923104874695,0.025706923104874695,-0.010000344506798311,-0.010000344506798311
6,6,sqp_full,sqp_full,,10,1,56,22.626024086879305,775.7181492025239,-708.5289817276025,-100.01440432553605,775.8319907979765,-708.581995455391,-100.01431999572033,775.8135592717863,-708.6234843079742,-100.01367517232478,775.8135592717863,-708.6234843079742,-100.01367517232478,0.045398744986682914,0.045403324146777196,0.045398744986682914,0.045403324146777196,0.0,0.0,0.12558011064347108,0.13429005552743795,0.13429005552743795,0.15784295810264753,0.15506360217492057,0.9697673864071491,9.195266060673948,0.011224158646973853,0.011224158646973853,0.04360004046101298,0.04360004046101298,1.3735620310837666e-11,1.3735620310837666e-11,3.7401583961393714e-19,3.7401583961393714e-19,0.003137588971861153,0.003137588971861153,0.018536702502421027,0.018536702502421027,0.015000065607806983,0.015000065607806983
6,7,sqp_full,sqp_full,,10,1,57,23.030055229532017,775.3560469782611,-708.3497526081632,-100.01466154563491,775.3830261149513,-708.3631097592937,-100.01464942448992,775.3429525795613,-708.4877909330155,-100.01406268813219,775.3429525795613,-708.4877909330155,-100.01406268813219,0.13096290818130515,0.13096422251461823,0.13096290818130515,0.13096422251461823,0.0,0.0,0.030104606007669694,0.13865800519754162,0.13865800519754162,0.4994800727588323,0.48977903277214707,0.965956868259089,9.90658838409538,0.05642751835053228,0.05642751835053228,0.09116197166529569,0.09116197166529569,-1.0697640237461624e-11,-1.0697640237461624e-11,-1.1001559753598833e-19,-1.1001559753598833e-19,0.003629682355549952,0.003629682355549952,0.0026115157597092296,0.0026115157597092296,0.04797599994321564,0.04797599994321564
6,8,sqp_full,sqp_full,,10,1,59,23.838125521142135,774.6422690363736,-707.9710057556981,-100.01517598583261,774.9395657622749,-708.132075797806,-100.0149634076984,774.8758928732408,-708.3381494889305,-100.01443307849947,774.8758928732408,-708.3381494889305,-100.01443307849947,0.21568635323455657,0.21568700521978867,0.21568635323455657,0.21568700521978867,0.0,0.0,0.3381255708998028,0.43517194073644055,0.43517194073644055,0.500033873194641,0.4904461930171443,0.9666483577390379,9.75365190124608,0.04149884784951194,0.04149884784951194,0.10290674677406915,0.10290674677406915,-2.1884459371696412e-12,-2.1884459371696412e-12,9.549915659140117e-21,9.549915659140117e-21,0.0034181868033269754,0.0034181868033269754,0.00048074842339401866,0.00048074842339401866,0.04779971889050709,0.04779971889050709
6,9,sqp_full,sqp_full,,10,1,60,24.24216344537067,774.289471739356,-707.7740777351682,-100.01543320593147,774.500962055014,-707.8921345198864,-100.01528378972674,774.4115712614722,-708.1823681673364,-100.0147990471227,774.4115712614722,-708.1823681673364,-100.0147990471227,0.3036878069370156,0.30368819380675016,0.3036878069370156,0.30368819380675016,0.0,0.0,0.2422097397610965,0.4261565091620181,0.4261565091620181,0.49994512850645656,0.48975760662389667,0.9643383147687679,10.134416918873988,0.03275598565212231,0.03275598565212231,0.10328271385312103,0.10328271385312103,5.753211875114177e-13,5.753211875114177e-13,-1.9046587598369945e-20,-1.9046587598369945e-20,0.003097189403214352,0.003097189403214352,-0.0014417578413644613,-0.0014417578413644613,0.047654237967856776,0.047654237967856776
6,10,sqp_full,sqp_full,,10,0,61,24.646202954038554,773.938457831358,-707.5739850196726,-100.01569042603033,774.0655052133715,-707.6464085058574,-100.01561284026683,773.9491013307877,-708.0174048204708,-100.01515331897457,nan,nan,nan,0.3888291775797667,0.38882944911255857,nan,nan,nan,nan,0.1462402086555341,0.4435475214901198,nan,0.5000040431618588,nan,nan,nan,0.02427042493121251,nan,0.10733726193311197,nan,2.1817968608681263e-11,nan,9.34599090106223e-23,nan,0.0029539719127344094,nan,-0.0024861286152295134,nan,0.047634010095124676,nan
6,11,sqp_full,sqp_full,,10,0,62,25.050243280148855,773.5882990080177,-707.3723980225772,-100.01594764612919,773.6318946255554,-707.3975061555084,-100.01575789819395,773.4868373039429,-707.851914884695,-100.01550927634844,nan,nan,nan,0.47699991584322576,0.47699998063654736,nan,nan,nan,nan,0.050309007223351083,0.49013355164599887,nan,0.49997054204942853,nan,nan,nan,0.018662535844492182,nan,0.10095443925648911,nan,7.093938952643342e-11,nan,-2.249212324551068e-21,nan,0.0026592681906474733,nan,-0.003319422121660195,nan,0.0476999261505589,nan
6,12,sqp_full,sqp_full,,10,0,64,25.858324088229654,772.8882235635177,-706.9688033004262,-100.01646208632691,773.1987083816356,-707.1478051645173,-100.01631842759808,773.0242599398211,-707.6818666590065,-100.01542508303523,nan,nan,nan,0.561830880912946,0.561831591148028,nan,nan,nan,nan,0.358388740936171,0.7259237212183491,nan,0.5000012210149923,nan,nan,nan,0.014966808042811138,nan,0.09911463118465177,nan,-1.3187524933420113e-10,nan,-1.5568611290603432e-20,nan,0.011134316806295296,nan,-0.00391791110126764,nan,0.047857989838462824,nan
6,13,sqp_full,sqp_full,,10,0,65,26.26236449227008,772.5381858412678,-706.7670059393507,-100.01671930642577,772.765538044826,-706.8980852616253,-100.01686909882818,772.5602228393019,-707.515409751246,-100.015454761514,nan,nan,nan,0.6505719476775975,0.6505734850538109,nan,nan,nan,nan,0.26243249263526747,0.7487281849522088,nan,0.49999687382119645,nan,nan,nan,0.014733694716932004,nan,0.0881730613113737,nan,-5.347567617877754e-11,nan,-1.205443206370454e-20,nan,0.006483615725121038,nan,-0.004531191063105274,nan,0.04803817693375433,nan
6,14,sqp_full,sqp_full,,10,0,66,26.666404896310453,772.1881481190178,-706.5652085782754,-100.01697652652463,772.3329038298798,-706.648805673658,-100.0166798472823,772.0961847592646,-707.3454484495768,-100.01627402220839,nan,nan,nan,0.7357629208059432,0.7357630327264908,nan,nan,nan,nan,0.16716067176099172,0.7856408316181602,nan,0.4993122397212096,nan,nan,nan,0.01910836972362917,nan,0.08412771882968896,nan,2.849579727204694e-10,nan,1.4754642341910813e-20,nan,-0.005920366241922167,nan,-0.00525746607054175,nan,0.048148833203908815,nan
7,0,sqp_full,sqp_full,,10,1,51,20.605899472503562,777.5912078155349,-709.2813758978177,-100.01311822504175,774.496717409751,-708.3560083977438,-100.01510591945629,774.4967226041961,-708.3559455577894,-100.01510551258933,774.4967226041961,-708.3559455577894,-100.01510551258933,6.305427928912695e-05,6.305559195981786e-05,6.305427928912695e-05,6.305559195981786e-05,0.0,0.0,3.2298879054358802,3.229900933068834,3.229900933068834,0.1933930979979876,0.193338965460137,0.9997200766629739,0.009581666002274534,-0.17965417020497376,-0.17965417020497376,-0.1470742342244765,-0.1470742342244765,0.0,0.0,0.0,0.0,-0.0101412237642558,-0.0101412237642558,0.048379018340720455,0.048379018340720455,-0.009996397262031784,-0.009996397262031784
7,1,sqp_full,sqp_full,,10,1,52,21.009921218335617,777.208260698819,-709.15259309329,-100.01337544514061,774.6038884513124,-708.2752887637753,-100.01515084742266,774.6038810280669,-708.2753966291068,-100.01515049245228,774.6038810280669,-708.2753966291068,-100.01515049245228,0.00010812046199724465,0.000108121044697427,0.00010812046199724465,0.000108121044697427,0.0,0.0,2.748166241363015,2.7481388440547017,2.7481388440547017,0.13416889906343255,0.13405618128817492,0.9991594205752631,0.05503405902842828,0.06266382490635462,0.06266382490635462,0.0984873121337177,0.0984873121337177,0.0,0.0,0.0,0.0,-0.0021218176862080025,-0.0021218176862080025,-0.007423202022101609,-0.007423202022101609,-0.009998428450321171,-0.009998428450321171
7,2,sqp_full,sqp_full,,10,1,54,21.81796964958658,776.454684191425,-708.8611888988515,-100.01388988533833,774.70979266824,-708.2125806299974,-100.0150907461263,774.7097711075319,-708.2128642350228,-100.01509046613486,774.7097711075319,-708.2128642350228,-100.01509046613486,0.0002844234071499308,0.0002844235449641568,0.0002844234071499308,0.0002844235449641568,0.0,0.0,1.8615421333155941,1.8614635478757078,1.8614635478757078,0.12307727985735485,0.12297565955155762,0.9991736522489768,0.06709852655399573,0.04768024460265458,0.04768024460265458,0.08107741194470254,0.08107741194470254,0.0,0.0,0.0,0.0,-0.00036303271016802747,-0.00036303271016802747,-0.003975674673782896,-0.003975674673782896,-0.00999578797297226,-0.00999578797297226
7,3,sqp_full,sqp_full,,10,1,55,22.221995786984902,776.0842980039911,-708.6997852876871,-100.01414710543719,774.8133659648871,-708.1776836920637,-100.01503326939955,774.8133354925311,-708.1780780773197,-100.01503286091932,774.8133354925311,-708.1780780773197,-100.01503286091932,0.0003955607344543695,0.0003955609453651509,0.0003955607344543695,0.0003955609453651509,0.0,0.0,1.3739935677335793,1.3738719441366964,1.3738719441366964,0.10929422381399784,0.10925045503959852,0.9995990957664315,0.05356476437219375,0.02990457319934946,0.02990457319934946,0.052557716425727055,0.052557716425727055,0.0,0.0,0.0,0.0,-0.0006496247833385615,-0.0006496247833385615,0.001091722697111217,0.001091722697111217,-0.009998657262418345,-0.009998657262418345
7,4,sqp_full,sqp_full,,10,1,56,22.626024086879305,775.7181492025239,-708.5289817276025,-100.01440432553605,774.914444540553,-708.1697674306523,-100.014988880173,774.9144106534936,-708.1702042594032,-100.01498824604727,774.9144106534936,-708.1702042594032,-100.01498824604727,0.00043814117638254547,0.0004381416352702797,0.00043814117638254547,0.0004381416352702797,0.0,0.0,0.8803272657411699,0.8801800536735234,0.8801800536735234,0.10138810395582695,0.10138139455876595,0.999933738609488,0.023763422401683835,0.009526111460297535,0.009526111460297535,0.025446066407514317,0.025446066407514317,0.0,0.0,0.0,0.0,-0.0011844241831068009,-0.0011844241831068009,0.007012195270738065,0.007012195270738065,-0.009996072279039366,-0.009996072279039366
7,5,sqp_full,sqp_full,,10,1,57,23.030055229532017,775.3560469782611,-708.3497526081632,-100.01466154563491,775.0133386069496,-708.1853046801197,-100.01488602947552,775.0133037776337,-708.1857473201921,-100.01488540455995,775.0133037776337,-708.1857473201921,-100.01488540455995,0.0004440082375425501,0.000444008677308342,0.0004440082375425501,0.000444008677308342,0.0,0.0,0.3801212290899042,0.37996136127074237,0.37996136127074237,0.10010720787104624,0.10010717914941862,0.999999711362094,0.0033694781340018283,-0.005804650197378461,-0.005804650197378461,0.0006325016427763205,0.0006325016427763205,0.0,0.0,0.0,0.0,-0.000280519358940467,-0.000280519358940467,0.009700354580448335,0.009700354580448335,-0.009998289168350329,-0.009998289168350329
7,6,sqp_full,sqp_full,,10,1,59,23.838125521142135,774.6422690363736,-707.9710057556981,-100.01517598583261,774.9376238870207,-708.1308499318616,-100.01490799229057,774.9375875766218,-708.131313248899,-100.01490768951346,774.9375875766218,-708.131313248899,-100.01490768951346,0.00046473769183955684,0.00046473779046935334,0.00046473769183955684,0.00046473779046935334,0.0,0.0,0.3358342574160037,0.33602311317925604,0.33602311317925604,0.0932632773610054,0.09325240860081065,0.999883443606088,0.01084697585742938,0.008845928780696502,0.008845928780696502,0.05129802842272665,0.05129802842272665,0.0,0.0,0.0,0.0,0.0014130231112146122,0.0014130231112146122,0.0025368671775079935,0.0025368671775079935,0.008060559712051038,0.008060559712051038
7,7,sqp_full,sqp_full,,10,1,60,24.24216344537067,774.289471739356,-707.7740777351682,-100.01543320593147,774.5021676265666,-707.8928588963116,-100.01527017008797,774.5020420931328,-707.8936791316967,-100.01526557791802,774.5020420931328,-707.8936791316967,-100.01526557791802,0.0008297859542625381,0.0008297986610716885,0.0008297859542625381,0.0008297986610716885,0.0,0.0,0.24361548530181454,0.24390705064907114,0.24390705064907114,0.4962479409968759,0.4961551873459776,0.9998128327227076,0.041111844608194864,0.07486866929317872,0.07486866929317872,0.18315583109691627,0.18315583109691627,0.0,0.0,0.0,0.0,0.0037309607877452724,0.0037309607877452724,-0.018111085390013316,-0.018111085390013316,0.04577944534905359,0.04577944534905359
7,8,sqp_full,sqp_full,,10,1,61,24.646202954038554,773.938457831358,-707.5739850196726,-100.01569042603033,774.0653484077716,-707.6463341033934,-100.01561489164305,774.065057967886,-707.6475804034368,-100.01560911314229,774.065057967886,-707.6475804034368,-100.01560911314229,0.0012796949344635303,0.001279707980893558,0.0012796949344635303,0.001279707980893558,0.0,0.0,0.14606713626883122,0.14643727353468566,0.14643727353468566,0.5015831160087026,0.5015175249034903,0.9998688255598217,0.051650502356413566,0.057593761175740374,0.057593761175740374,0.1815675923441275,0.1815675923441275,0.0,0.0,0.0,0.0,0.004016273105037852,0.004016273105037852,-0.01641897427836466,-0.01641897427836466,0.04622582627493136,0.04622582627493136
7,9,sqp_full,sqp_full,,10,1,62,25.050243280148855,773.5882990080177,-707.3723980225772,-100.01594764612919,773.6318752299753,-707.3974908174009,-100.01592252426374,773.631391586264,-707.399011207267,-100.01591353499707,773.631391586264,-707.399011207267,-100.01591353499707,0.0015954612450547556,0.0015954865688519078,0.0015954612450547556,0.0015954865688519078,0.0,0.0,0.050284545062833134,0.050648118417779844,0.050648118417779844,0.4998220398202743,0.4998532469697352,1.0000622133837966,0.03827457838281546,0.04810109112139351,0.04810109112139351,0.1735293258265449,0.1735293258265449,0.0,0.0,0.0,0.0,0.0038759961491238973,0.0038759961491238973,-0.015078881124620667,-0.015078881124620667,0.046136224040184595,0.046136224040184595
7,10,sqp_full,sqp_full,,10,0,64,25.858324088229654,772.8882235635177,-706.9688033004262,-100.01646208632691,773.1988745883712,-707.1479241609817,-100.01624446310586,773.1980480672236,-707.1501573501224,-100.01623341476665,nan,nan,nan,0.0023812330724938655,0.0023812587031521795,nan,nan,nan,nan,0.3585921665745129,0.35899932372889626,nan,0.49977312379772937,nan,nan,nan,0.03867716863135389,nan,0.1637240263988185,nan,0.0,nan,0.0,nan,0.003426485410781103,nan,-0.0128602873671261,nan,0.046309527943073074,nan
7,11,sqp_full,sqp_full,,10,0,65,26.26236449227008,772.5381858412678,-706.7670059393507,-100.01671930642577,772.76556954547,-706.8981013259936,-100.01655926313114,772.7643559962906,-706.900827562388,-100.01654527963804,nan,nan,nan,0.0029841358027015694,0.0029841685654542027,nan,nan,nan,nan,0.2624678062845096,0.26279491208056116,nan,0.5001647810312488,nan,nan,nan,0.03257156236772345,nan,0.1544924835764697,nan,0.0,nan,0.0,nan,0.0032434680654955077,nan,-0.010936016002735591,nan,0.04654124308821304,nan
7,12,sqp_full,sqp_full,,10,0,66,26.666404896310453,772.1881481190178,-706.5652085782754,-100.01697652652463,772.3324754816624,-706.648443421767,-100.01687614670395,772.3306657596421,-706.6523363668116,-100.01684933092643,nan,nan,nan,0.004293030970221252,0.004293114719781266,nan,nan,nan,nan,0.1666086035563921,0.16704050234702705,nan,0.4998996275888734,nan,nan,nan,0.029129331295326712,nan,0.1442168083387914,nan,0.0,nan,0.0,nan,0.0031596022808459685,nan,-0.009400511816429294,nan,0.046707659324193275,nan
7,13,sqp_full,sqp_full,,10,0,67,27.070445300350883,771.8381103967679,-706.3634112171998,-100.01723374662348,771.8992465027204,-706.3986698507067,-100.01719385327517,771.8967866578597,-706.4034668303116,-100.01715509268148,nan,nan,nan,0.005390904383097369,0.00539104372559914,nan,nan,nan,nan,0.07057474539681119,0.07104474475615735,nan,0.500074280415098,nan,nan,nan,0.029203948675709412,nan,0.13486106602277173,nan,0.0,nan,0.0,nan,0.0029763586957708026,nan,-0.008498935217529134,nan,0.04689998125679457,nan
7,14,sqp_full,sqp_full,,10,0,69,27.878526108431682,771.138034952268,-705.9598164950489,-100.0177481868212,771.4671877632378,-706.1498359528033,-100.01758704346086,771.4638129142596,-706.1563783033195,-100.01755281979402,nan,nan,nan,0.007361518586618548,0.00736159813902543,nan,nan,nan,nan,0.38006442518947064,0.3804836724354977,nan,0.49859123308349634,nan,nan,nan,0.030760514602823245,nan,0.12392712552788668,nan,0.0,nan,0.0,nan,0.0014626748629717728,nan,-0.007759489693960219,nan,0.04693769332376338,nan
8,0,sqp_full,sqp_full,,10,1,54,21.81796964958658,776.454684191425,-708.8611888988515,-100.01388988533833,773.6792937733959,-707.8194406686879,-100.01572378265972,773.6836039417395,-707.8098588559037,-100.0161024117163,773.6836039417395,-707.8098588559037,-100.0161024117163,0.010506602085327853,0.010513422246914308,0.010506602085327853,0.010513422246914308,0.0,0.0,2.9644613924854704,2.9638118377187497,2.9638118377187497,0.42314960424014647,0.414152092991279,0.9786542168533301,0.7443456641396267,-0.4209276030641675,-0.4209276030641675,-0.3063510065205188,-0.3063510065205188,2.632596495488535e-11,2.632596495488535e-11,4.487444006993073e-18,4.487444006993073e-18,-0.011142824200810768,-0.011142824200810768,0.31219443137603337,0.31219443137603337,-0.010005600467689592,-0.010005600467689592
8,1,sqp_full,sqp_full,,10,1,55,22.221995786984902,776.0842980039911,-708.6997852876871,-100.01414710543719,773.790845948901,-707.748863069481,-100.0157337951028,773.7910612652797,-707.7468979481229,-100.01612965375256,773.7910612652797,-707.7468979481229,-100.01612965375256,0.001976882165273873,0.002016126773288285,0.001976882165273873,0.002016126773288285,0.0,0.0,2.4827757438146723,2.483330228076198,2.483330228076198,0.13200411156460315,0.12454377958434355,0.9429353004326615,1.9543207359605677,0.08646091251905687,0.08646091251905687,0.06868159414734507,0.06868159414734507,-8.005542698578442e-11,-8.005542698578442e-11,-9.430625851933857e-19,-9.430625851933857e-19,-0.001322155699082159,-0.001322155699082159,0.007672712539377699,0.007672712539377699,-0.010005560522149643,-0.010005560522149643
8,2,sqp_full,sqp_full,,10,1,56,22.626024086879305,775.7181492025239,-708.5289817276025,-100.01440432553605,773.8987687358974,-707.7077830261323,-100.01569286107087,773.8953206376715,-707.7142091105272,-100.01603860705059,773.8953206376715,-707.7142091105272,-100.01603860705059,0.007292732137218283,0.00730092338733326,0.007292732137218283,0.00730092338733326,0.0,0.0,1.9961243923258065,1.9966367707666661,1.9966367707666661,0.11547683572996797,0.10926383264550668,0.9445008975267123,3.4311095542626258,0.06436164614982207,0.06436164614982207,0.040105742564440584,0.040105742564440584,-7.120581077190291e-12,-7.120581077190291e-12,-4.924240082917866e-20,-4.924240082917866e-20,0.0005094694348281424,0.0005094694348281424,0.012968724686445289,0.012968724686445289,-0.010005610767893813,-0.010005610767893813
8,3,sqp_full,sqp_full,,10,1,57,23.030055229532017,775.3560469782611,-708.3497526081632,-100.01466154563491,774.0028325835241,-707.6941516737099,-100.01564936663148,773.9973633184499,-707.7015337942097,-100.01590228975603,773.9973633184499,-707.7015337942097,-100.01590228975603,0.009187413320729839,0.009190894060582943,0.009187413320729839,0.009190894060582943,0.0,0.0,1.5036627891183965,1.5053932769217906,1.5053932769217906,0.10495284676218411,0.10282699512565809,0.979722524003595,0.3854794343798577,0.03845229643699752,0.03845229643699752,0.02485035867739326,0.02485035867739326,-3.3571087336074955e-14,-3.3571087336074955e-14,3.8260158883274603e-19,3.8260158883274603e-19,0.0009622503698075669,0.0009622503698075669,0.019437414949859164,0.019437414949859164,-0.010005125665437492,-0.010005125665437492
8,4,sqp_full,sqp_full,,10,1,59,23.838125521142135,774.6422690363736,-707.9710057556981,-100.01517598583261,774.103178215877,-707.7037969469283,-100.01556906794315,774.0966550476634,-707.7127635384251,-100.01583828682861,774.0966550476634,-707.7127635384251,-100.01583828682861,0.011088349138336397,0.011091616898447908,0.011088349138336397,0.011091616898447908,0.0,0.0,0.6016805300388374,0.6036420027287803,0.6036420027287803,0.10080815282331614,0.09992476540741865,0.9910971556484729,0.9622559467149768,0.03448623455516914,0.03448623455516914,-0.0018293125716126667,-0.0018293125716126667,-8.66735579617417e-12,-8.66735579617417e-12,4.911728306266438e-19,4.911728306266438e-19,-0.0003896322251442614,-0.0003896322251442614,0.022514929749363474,0.022514929749363474,-0.010004078149829228,-0.010004078149829228
8,5,sqp_full,sqp_full,,10,1,60,24.24216344537067,774.289471739356,-707.7740777351682,-100.01543320593147,774.2003866639172,-707.7318179376516,-100.01547555218501,774.1949992697553,-707.7322018263259,-100.01575325544978,774.1949992697553,-707.7322018263259,-100.01575325544978,0.005401054190604949,0.005408188742371766,0.005401054190604949,0.005408188742371766,0.0,0.0,0.09860041152085715,0.10333750168174587,0.10333750168174587,0.10116653120816078,0.10024689663889486,0.9872892985941985,4.89926582170083,0.007596591693215111,0.007596591693215111,-0.003353984119448747,-0.003353984119448747,2.3729050124409346e-11,2.3729050124409346e-11,7.403041042865591e-19,7.403041042865591e-19,-0.00042307264753084804,-0.00042307264753084804,0.026351232902373414,0.026351232902373414,-0.010002197964555506,-0.010002197964555506
8,6,sqp_full,sqp_full,,10,1,61,24.646202954038554,773.938457831358,-707.5739850196726,-100.01569042603033,774.065058566632,-707.6460677712869,-100.01559257900853,774.0512439940255,-707.6731444068388,-100.0158747939956,774.0512439940255,-707.6731444068388,-100.0158747939956,0.030397148042396804,0.030398458092645374,0.030397148042396804,0.030398458092645374,0.0,0.0,0.14568345565708007,0.1501775700709553,0.1501775700709553,0.16020860976142895,0.15541355432605344,0.9552545313838409,10.02644592799791,0.035064667867331534,0.035064667867331534,0.029928376223071353,0.029928376223071353,2.6663742546445733e-11,2.6663742546445733e-11,1.1862504423009665e-18,1.1862504423009665e-18,0.002024144189621895,0.002024144189621895,0.01488448097497379,0.01488448097497379,0.01497245221222988,0.01497245221222988
8,7,sqp_full,sqp_full,,10,1,62,25.050243280148855,773.5882990080177,-707.3723980225772,-100.01594764612919,773.6318648265666,-707.3974765558996,-100.01592262916297,773.5954718753964,-707.4944175650462,-100.01624467441674,773.5954718753964,-707.4944175650462,-100.01624467441674,0.1035471204294706,0.10354762122994789,0.1035471204294706,0.10354762122994789,0.0,0.0,0.05026841333723096,0.12223018764113605,0.12223018764113605,0.49945421985678845,0.48956270784076844,0.9695862628084048,8.437484267809548,0.07255440324708111,0.07255440324708111,0.08729043035175416,0.08729043035175416,6.139302634723796e-14,6.139302634723796e-14,-1.8936520040082002e-19,-1.8936520040082002e-19,0.0027910429550824073,0.0027910429550824073,-0.0006521251926315404,-0.0006521251926315404,0.047432490985820634,0.047432490985820634
8,8,sqp_full,sqp_full,,10,1,64,25.858324088229654,772.8882235635177,-706.9688033004262,-100.01646208632691,773.19867851952,-707.1477856632173,-100.01623343924273,773.1391180567537,-707.3133182476345,-100.01670390819815,773.1391180567537,-707.3133182476345,-100.01670390819815,0.17592181567032233,0.17592244475842442,0.17592181567032233,0.17592244475842442,0.0,0.0,0.35835313016163944,0.4261907971624679,0.4261907971624679,0.4999960150881333,0.49097452220299614,0.9716363609498055,8.314250440934972,0.051312697898387404,0.051312697898387404,0.08778339204638638,0.08778339204638638,1.1857730492843169e-11,1.1857730492843169e-11,1.1489661395038643e-20,1.1489661395038643e-20,0.0022475315245987296,0.0022475315245987296,-0.001746076582063148,-0.001746076582063148,0.04760595167969191,0.04760595167969191
8,9,sqp_full,sqp_full,,10,1,65,26.26236449227008,772.5381858412678,-706.7670059393507,-100.01671930642577,772.7654968873567,-706.8980497599262,-100.01660666775497,772.6826003197115,-707.1284504267628,-100.01711162661597,772.6826003197115,-707.1284504267628,-100.01711162661597,0.24485977253537203,0.24486029320721936,0.24485977253537203,0.24486029320721936,0.0,0.0,0.2623791047035478,0.3892270019727871,0.3892270019727871,0.500014486925975,0.49252890439265395,0.9756369946589442,7.9185220254949575,0.03526144407949145,0.03526144407949145,0.08911400407774889,0.08911400407774889,-1.2066022956905927e-11,-1.2066022956905927e-11,-1.7986434351683505e-20,-1.7986434351683505e-20,0.002224674845865982,0.002224674845865982,-0.0021286084445624512,-0.0021286084445624512,0.04775613914933937,0.04775613914933937
8,10,sqp_full,sqp_full,,10,0,66,26.666404896310453,772.1881481190178,-706.5652085782754,-100.01697652652463,772.3323390171978,-706.6483403532804,-100.016810695265,772.2254376008609,-706.9437343568533,-100.01774876147415,nan,nan,nan,0.3141425316024541,0.3141439321868428,nan,nan,nan,nan,0.16643889909951126,0.38035808194937565,nan,0.49998056949758213,nan,nan,nan,0.025784321346852608,nan,0.08492357682946962,nan,3.61680776072705e-11,nan,-1.676083030841949e-20,nan,-0.0016307513269074637,nan,-0.0026190565654187945,nan,0.04789998442646516,nan
8,11,sqp_full,sqp_full,,10,0,67,27.070445300350883,771.8381103967679,-706.3634112171998,-100.01723374662348,771.8991631114064,-706.3986088556127,-100.01734402407637,771.7680863468765,-706.755666226987,-100.01816697405363,nan,nan,nan,0.38035652308378337,0.38035741336149836,nan,nan,nan,nan,0.0704720349825053,0.39845622126698554,nan,0.5000074706694206,nan,nan,nan,0.019703752418217153,nan,0.08389518451408508,nan,-5.012577722748192e-11,nan,-1.8832734164001013e-20,nan,0.001785438511187621,nan,-0.002934958444154644,nan,0.048044967793247344,nan
8,12,sqp_full,sqp_full,,10,0,69,27.878526108431682,771.138034952268,-705.9598164950489,-100.0177481868212,771.4659974219787,-706.14889481052,-100.01705955314114,771.309828012482,-706.5694079614615,-100.01908626201424,nan,nan,nan,0.4485757400677446,0.4485803184783981,nan,nan,nan,nan,0.37856306069159423,0.6333360967612233,nan,0.4999896996314783,nan,nan,nan,0.017061097260129138,nan,0.07711236183849358,nan,2.1567705964684383e-10,nan,2.0698169367929565e-21,nan,-0.005857074357071673,nan,-0.0033501887609186836,nan,0.04818257681433305,nan
8,13,sqp_full,sqp_full,,10,0,70,28.28256651247205,770.787997230018,-705.7580191339736,-100.01800540692004,771.0328353890202,-705.8991725245091,-100.01844100769868,770.8514103479356,-706.3799276473444,-100.01851008893551,nan,nan,nan,0.5138487459017888,0.5138487505453898,nan,nan,nan,nan,0.28261281599268057,0.6251331238441692,nan,0.49999247528730084,nan,nan,nan,0.0170908178396447,nan,0.0748218776617206,nan,-4.013732962216937e-10,nan,-4.683777048948575e-20,nan,0.016071238813809265,nan,-0.003827107536565605,nan,0.04831823427006496,nan
8,14,sqp_full,sqp_full,,10,0,71,28.68660691651248,770.437959507768,-705.556221772898,-100.0182626270189,770.6000830255572,-705.6497969900656,-100.01784269885427,770.3922913989767,-706.1938835329556,-100.01972282993339,nan,nan,nan,0.5824152524024583,0.5824182870788777,nan,nan,nan,nan,0.1871906949831438,0.6392949995114826,nan,0.4994628346888074,nan,nan,nan,0.018731641152175686,nan,0.06623590625237868,nan,4.372375984396793e-10,nan,2.31573257154031e-20,nan,-0.009896793670514058,nan,-0.0041492531442159164,nan,0.04839866620981351,nan
9,0,sqp_full,sqp_full,,10,1,56,22.626024086879305,775.7181492025239,-708.5289817276025,-100.01440432553605,772.7738671363829,-707.2016093751978,-100.01660450068466,772.771349513658,-707.218153426825,-100.01654039810624,772.771349513658,-707.218153426825,-100.01654039810624,0.016734517275052423,0.016734640048999824,0.016734517275052423,0.016734640048999824,0.0,0.0,3.22966163040766,3.225197550603575,3.225197550603575,0.11697059775081209,0.12618785182552866,1.071670359811861,6.590720948182911,-0.11651268849829463,-0.11651268849829463,-0.035782365030755874,-0.035782365030755874,-4.427299147921417e-10,-4.427299147921417e-10,-1.911363205649539e-19,-1.911363205649539e-19,0.006137410713667714,0.006137410713667714,0.0387430843041669,0.0387430843041669,-0.009998660048511578,-0.009998660048511578
9,1,sqp_full,sqp_full,,10,1,57,23.030055229532017,775.3560469782611,-708.3497526081632,-100.01466154563491,772.8819061013943,-707.1540002255746,-100.01638308861861,772.8776976035319,-707.1763491766229,-100.01633353377366,772.8776976035319,-707.1763491766229,-100.01633353377366,0.02274174723320365,0.022741801223772576,0.02274174723320365,0.022741801223772576,0.0,0.0,2.74794411134022,2.742096139155312,2.742096139155312,0.11806395771727424,0.11426965628569856,0.9670674571445428,2.322240904890897,0.044958326579907934,0.044958326579907934,0.05185056929038179,0.05185056929038179,-1.07999954886014e-11,-1.07999954886014e-11,-1.4174848096702486e-19,-1.4174848096702486e-19,0.0021661607647525303,0.0021661607647525303,0.005933578910778469,0.005933578910778469,-0.009999174205998775,-0.009999174205998775
9,2,sqp_full,sqp_full,,10,1,59,23.838125521142135,774.6422690363736,-707.9710057556981,-100.01517598583261,772.9860614171914,-707.1347348163714,-100.01650828436313,772.9804434391062,-707.161747778095,-100.01644097988265,772.9804434391062,-707.161747778095,-100.01644097988265,0.027590972778162786,0.027591054868170806,0.027590972778162786,0.027591054868170806,0.0,0.0,1.855363242548325,1.8483946521366263,1.8483946521366263,0.10592214817749149,0.10377822079553062,0.9789062682843028,2.391214606495987,0.021055524014308158,0.021055524014308158,0.031017477034637884,0.031017477034637884,-7.605231502618118e-11,-7.605231502618118e-11,-8.673447615748034e-19,-8.673447615748034e-19,-0.00330906251292668,-0.00330906251292668,0.012869350242771582,0.012869350242771582,-0.009997624521659294,-0.009997624521659294
9,3,sqp_full,sqp_full,,10,1,60,24.24216344537067,774.289471739356,-707.7740777351682,-100.01543320593147,773.086547027155,-707.1405450014765,-100.01618601614908,773.0803924873096,-707.1678725586384,-100.01612605927302,773.0803924873096,-707.1678725586384,-100.01612605927302,0.028012028508144597,0.028012092673845215,0.028012028508144597,0.028012092673845215,0.0,0.0,1.359555658251224,1.352537376112269,1.352537376112269,0.10065396126087599,0.10013702785915561,0.9948583441733359,0.19745219208320883,0.0015177821989199383,0.0015177821989199383,0.015573195005126616,0.015573195005126616,8.666277361388396e-10,8.666277361388396e-10,7.566726039157952e-20,7.566726039157952e-20,0.0034643588326927492,0.0034643588326927492,0.01962065399353093,0.01962065399353093,-0.009998724757320216,-0.009998724757320216
9,4,sqp_full,sqp_full,,10,1,61,24.646202954038554,773.938457831358,-707.5739850196726,-100.01569042603033,773.1839009046826,-707.1659271868139,-100.0162724420186,773.1784743768978,-707.1876472975061,-100.01619477945515,773.1784743768978,-707.1876472975061,-100.01619477945515,0.022387729056045757,0.022387863760543997,0.022387729056045757,0.022387863760543997,0.0,0.0,0.8578271099419504,0.8525442432050803,0.8525442432050803,0.10060835090385595,0.10005549502619467,0.9929405557683137,3.2140545134969667,-0.006844224698979412,-0.006844224698979412,0.003662400104799744,0.003662400104799744,-2.6654186813930053e-10,-2.6654186813930053e-10,1.5610607092734576e-18,1.5610607092734576e-18,-0.0030261446975536252,-0.0030261446975536252,0.022637870653940913,0.022637870653940913,-0.009998617710341665,-0.009998617710341665
9,5,sqp_full,sqp_full,,10,1,62,25.050243280148855,773.5882990080177,-707.3723980225772,-100.01594764612919,773.2792292040543,-707.2030918240953,-100.01620176410725,773.2746613503733,-707.2213257238134,-100.01609465753663,773.2746613503733,-707.2213257238134,-100.01609465753663,0.018797350509604155,0.01879765565166005,0.018797350509604155,0.01879765565166005,0.0,0.0,0.35240421757732315,0.34812558042513964,0.34812558042513964,0.10231666492188979,0.10191261104161142,0.9954430116793446,2.0019250600690457,-0.013708311003031704,-0.013708311003031704,-0.009624915628607204,-0.009624915628607204,-2.726404178117715e-10,-2.726404178117715e-10,-4.0615894458334237e-19,-4.0615894458334237e-19,-0.00028262751620429267,-0.00028262751620429267,0.02145629963966126,0.02145629963966126,-0.009997696430749244,-0.009997696430749244
9,6,sqp_full,sqp_full,,10,1,64,25.858324088229654,772.8882235635177,-706.9688033004262,-100.01646208632691,773.1976996080433,-707.1470986883143,-100.01620946896408,773.1897913739875,-707.176050937381,-100.01612946477512,773.1897913739875,-707.176050937381,-100.01612946477512,0.0300128787673308,0.030012985399202597,0.0300128787673308,0.030012985399202597,0.0,0.0,0.35716196252869564,0.36591628459926373,0.36591628459926373,0.09890554251241573,0.09619106190163203,0.9664890969730285,6.402473394540968,0.012604519773395662,0.012604519773395662,0.02692531474880401,0.02692531474880401,-9.194707080102456e-12,-9.194707080102456e-12,3.2306216934796478e-18,3.2306216934796478e-18,0.0011606944362138186,0.0011606944362138186,0.009981922789694762,0.009981922789694762,0.009033092439274951,0.009033092439274951
9,7,sqp_full,sqp_full,,10,1,65,26.26236449227008,772.5381858412678,-706.7670059393507,-100.01671930642577,772.7659326000562,-706.8983093034215,-100.01652422762004,772.7440908539418,-706.977024122878,-100.01651381270347,772.7440908539418,-706.977024122878,-100.01651381270347,0.08168895075468847,0.08168895141861233,0.08168895075468847,0.08168895141861233,0.0,0.0,0.26288621027916026,0.2941164933430186,0.2941164933430186,0.49831617101441983,0.4881196310164372,0.9743702801618985,5.888003308747769,0.07951257582669283,0.07951257582669283,0.08576448520314306,0.08576448520314306,-1.768279710896661e-11,-1.768279710896661e-11,-3.9321276909466415e-18,-3.9321276909466415e-18,0.0027504248214499055,0.0027504248214499055,-0.010824850025250103,-0.010824850025250103,0.046973983433004234,0.046973983433004234
9,8,sqp_full,sqp_full,,10,1,66,26.666404896310453,772.1881481190178,-706.5652085782754,-100.01697652652463,772.3321498446888,-706.648223931789,-100.01689143468155,772.2974149011038,-706.7697552081064,-100.01684582643448,772.2974149011038,-706.7697552081064,-100.01684582643448,0.12639765594820226,0.12639766417664652,0.12639765594820226,0.12639766417664652,0.0,0.0,0.1662168641120462,0.23190203414948768,0.23190203414948768,0.5007098029793912,0.4924225016258361,0.9795982231833478,5.0719118814823485,0.055682397625628315,0.055682397625628315,0.09375437674394577,0.09375437674394577,-1.1949408074025372e-10,-1.1949408074025372e-10,1.2951998624477282e-18,1.2951998624477282e-18,0.00314705928339852,0.00314705928339852,-0.010607334362680219,-0.010607334362680219,0.04729353525096862,0.04729353525096862
9,9,sqp_full,sqp_full,,10,1,67,27.070445300350883,771.8381103967679,-706.3634112171998,-100.01723374662348,771.8991921429908,-706.3986308515363,-100.01720585616906,771.8518741404145,-706.5615451092981,-100.01717195452208,771.8518741404145,-706.5615451092981,-100.01717195452208,0.16964683536661398,0.1696468387540089,0.16964683536661398,0.1696468387540089,0.0,0.0,0.07050817232382936,0.19861137892175576,0.19861137892175576,0.4997491130862773,0.4917907289090761,0.9804565127929414,4.915125788714607,0.04112423830843264,0.04112423830843264,0.09232773944034192,0.09232773944034192,7.029503819483293e-11,7.029503819483293e-11,-5.338892871854501e-20,-5.338892871854501e-20,0.0028732570540596115,0.0028732570540596115,-0.009793385151514853,-0.009793385151514853,0.04729966205381077,0.04729966205381077
9,10,sqp_full,sqp_full,,10,0,69,27.878526108431682,771.138034952268,-705.9598164950489,-100.0177481868212,771.4659624614254,-706.148859227208,-100.01762150647608,771.4062177395527,-706.3524881349082,-100.01750243522861,nan,nan,nan,0.21221254402785136,0.21221257743294747,nan,nan,nan,nan,0.37851500081819434,0.4755134321400208,nan,0.5000739885997464,nan,nan,nan,0.03206771536704417,nan,0.08946354000597416,nan,3.6107035810040984e-10,nan,-8.221483721208965e-20,nan,0.002543365340787185,nan,-0.008675158053121865,nan,0.0474237221086484,nan
9,11,sqp_full,sqp_full,,10,0,70,28.28256651247205,770.787997230018,-705.7580191339736,-100.01800540692004,771.0328286331788,-705.8991731070448,-100.01762661864295,770.9615658007059,-706.1384333948931,-100.01804459508709,nan,nan,nan,0.24964750476081385,0.24964785466253944,nan,nan,nan,nan,0.2826072541310744,0.41813999885401726,nan,0.49994806910302597,nan,nan,nan,0.02561209178585935,nan,0.090361789222768,nan,5.664575538013537e-10,nan,8.332260861468574e-20,nan,-0.00072005638401049,nan,-0.007305528673314684,nan,0.04750391286534446,nan
9,12,sqp_full,sqp_full,,10,0,71,28.68660691651248,770.437959507768,-705.556221772898,-100.0182626270189,770.5996645082112,-705.6494543486075,-100.01815224861762,770.5170628229492,-705.923588843044,-100.01816089761472,nan,nan,nan,0.28630885324774813,0.2863088533783853,nan,nan,nan,nan,0.1866569589962488,0.3757870390264721,nan,0.49999089367842625,nan,nan,nan,0.022556493268283368,nan,0.0863457759591071,nan,-2.9212045420126714e-10,nan,-5.0793537462214405e-20,nan,0.005169017113809085,nan,-0.006310540970396431,nan,0.04759785419600397,nan
9,13,sqp_full,sqp_full,,10,0,72,29.090647320552907,770.0879217855181,-705.3544244118225,-100.01851984711776,770.1664551924864,-705.3996928438993,-100.01841519744492,770.0726929368863,-705.7078378841879,-100.01828919670862,nan,nan,nan,0.32209428189538986,0.3220943065406348,nan,nan,nan,nan,0.09064616347498393,0.3537414313874125,nan,0.5000511869868229,nan,nan,nan,0.020832672442724635,nan,0.08240276037442898,nan,-9.295965988628936e-10,nan,-1.3127023817108334e-19,nan,0.004856753211793432,nan,-0.0054585212088595365,nan,0.04769144289494071,nan
9,14,sqp_full,sqp_full,,10,0,74,29.898728128633707,769.3878463410182,-704.9508296896717,-100.01903428731548,769.7338811332804,-705.1504415345072,-100.01898652179449,769.6296698761363,-705.4889620647159,-100.01867303729175,nan,nan,nan,0.3541978761770169,0.3541980149024594,nan,nan,nan,nan,0.39948087069929206,0.5899704019761113,nan,0.4992462902646841,nan,nan,nan,0.021262288801763864,nan,0.08014939725777348,nan,-1.1063027406421302e-09,nan,-1.3348188115816554e-19,nan,0.0011197639322087249,nan,-0.0049613132629743005,nan,0.04770377316652952,nan
10,0,sqp_full,sqp_full,,10,1,59,23.838125521142135,774.6422690363736,-707.9710057556981,-100.01517598583261,771.9468886486073,-706.6036088093233,-100.01709584148438,771.9441735502827,-706.6178863345963,-100.01725431012306,771.9441735502827,-706.6178863345963,-100.01725431012306,0.01453339213107596,0.014534256057503145,0.01453339213107596,0.014534256057503145,0.0,0.0,3.022391411400899,3.018385565136942,3.018385565136942,0.10390917870979562,0.10813658729850005,1.03172881550767,7.521766821719471,-0.1107397454205439,-0.1107397454205439,0.004862120548294656,0.004862120548294656,1.2037609036282443e-11,1.2037609036282443e-11,-4.999952218207009e-19,-4.999952218207009e-19,-0.004081740091605692,-0.004081740091605692,0.015302493051708782,0.015302493051708782,-0.009999938056080378,-0.009999938056080378
10,1,sqp_full,sqp_full,,10,1,60,24.24216344537067,774.289471739356,-707.7740777351682,-100.01543320593147,772.0509077365468,-706.5896118149548,-100.01707314667586,772.0464491360605,-706.6103156678402,-100.01728924836988,772.0464491360605,-706.6103156678402,-100.01728924836988,0.021178494814291477,0.021179597317728484,0.021178494814291477,0.021179597317728484,0.0,0.0,2.5326129413750347,2.526953214494968,2.526953214494968,0.10495659589640537,0.10255540776578344,0.9753711994775345,3.4304958859320775,-0.009508354962087245,-0.009508354962087245,0.034110143982108175,0.034110143982108175,-9.1162970422642e-11,-9.1162970422642e-11,-9.276709161550643e-20,-9.276709161550643e-20,-0.002287956737076445,-0.002287956737076445,0.008228160396688305,0.008228160396688305,-0.009999998037897629,-0.009999998037897629
10,2,sqp_full,sqp_full,,10,1,61,24.646202954038554,773.938457831358,-707.5739850196726,-100.01569042603033,772.1505370785806,-706.602027888925,-100.01699734024893,772.1451896900364,-706.6251171785863,-100.01729480205773,772.1451896900364,-706.6251171785863,-100.01729480205773,0.023700419011081185,0.023702285645661066,0.023700419011081185,0.023702285645661066,0.0,0.0,2.0350334843003917,2.0288323751673265,2.0288323751673265,0.10040005195970712,0.0998437867405341,0.9941530971181908,1.422363526253234,-0.006710829400382979,-0.006710829400382979,0.011205969635753009,0.011205969635753009,2.2705239496805028e-11,2.2705239496805028e-11,3.204010388408149e-19,3.204010388408149e-19,-0.0018230852275334512,-0.0018230852275334512,0.01939500494811975,0.01939500494811975,-0.010000084453973396,-0.010000084453973396
10,3,sqp_full,sqp_full,,10,1,62,25.050243280148855,773.5882990080177,-707.3723980225772,-100.01594764612919,772.2467612438206,-706.6333923610124,-100.01693306261598,772.2418983047111,-706.6527555019784,-100.01727074453254,772.2418983047111,-706.6527555019784,-100.01727074453254,0.019964453532499152,0.019967309130879275,0.019964453532499152,0.019967309130879275,0.0,0.0,1.5316177527670998,1.5266565466136266,1.5266565466136266,0.10120683878620058,0.10058048344968072,0.9931410001696223,2.104222238621596,-0.0028317273739062974,-0.0028317273739062974,-0.00293730795621774,-0.00293730795621774,1.6704703555915893e-11,1.6704703555915893e-11,4.652718395178409e-19,4.652718395178409e-19,-0.001327734432679874,-0.001327734432679874,0.027090109322399556,0.027090109322399556,-0.01000014257097687,-0.01000014257097687
10,4,sqp_full,sqp_full,,10,1,64,25.858324088229654,772.8882235635177,-706.9688033004262,-100.01646208632691,772.3412443321042,-706.6735554485116,-100.01684289857496,772.3381332715571,-706.683450915536,-100.01723063069731,772.3381332715571,-706.683450915536,-100.01723063069731,0.010372992112120887,0.010380236103134972,0.010372992112120887,0.010380236103134972,0.0,0.0,0.6215766836503976,0.6196977592922843,0.6196977592922843,0.10266516302347717,0.10101177588012869,0.9796271472282564,5.338786011695983,0.0002475409230720991,0.0002475409230720991,-0.0070725586471247015,-0.0070725586471247015,-3.794754955398287e-12,-3.794754955398287e-12,4.930344378649008e-19,4.930344378649008e-19,-0.0010475453649589027,-0.0010475453649589027,0.031007015959755798,0.031007015959755798,-0.0100001515568532,-0.0100001515568532
10,5,sqp_full,sqp_full,,10,1,65,26.26236449227008,772.5381858412678,-706.7670059393507,-100.01671930642577,772.4352756632757,-706.7151489214363,-100.01679948241802,772.4333090169556,-706.7209625751129,-100.0170409930657,772.4333090169556,-706.7209625751129,-100.0170409930657,0.006137284971428615,0.006142035022161947,0.006137284971428615,0.006142035022161947,0.0,0.0,0.1152373856061937,0.11453881293313373,0.11453881293313373,0.10281979438199026,0.10230143243775332,0.9941203008059247,2.35206573456528,0.010202088236984718,0.010202088236984718,-0.018147614084937973,-0.018147614084937973,-7.598591959275724e-12,-7.598591959275724e-12,5.441705958142437e-19,5.441705958142437e-19,0.0014418932989282197,0.0014418932989282197,0.0276538923033421,0.0276538923033421,-0.01000009537371344,-0.01000009537371344
10,6,sqp_full,sqp_full,,10,1,66,26.666404896310453,772.1881481190178,-706.5652085782754,-100.01697652652463,772.3319206412369,-706.6480029656728,-100.01687348473936,772.3255334690848,-706.6659746349478,-100.01707532091581,772.3255334690848,-706.6659746349478,-100.01707532091581,0.01907293539624131,0.019074003315280044,0.01907293539624131,0.019074003315280044,0.0,0.0,0.1659079525814679,0.17037761763321307,0.17037761763321307,0.12325114779324027,0.12099274135604567,0.9763356838602057,5.979291607284866,0.0325187326090178,0.0325187326090178,0.02052784574430015,0.02052784574430015,1.0973629081610759e-11,1.0973629081610759e-11,5.138496544637474e-19,5.138496544637474e-19,0.0017390676262172648,0.0017390676262172648,0.015820290717030082,0.015820290717030082,0.01151345103352434,0.01151345103352434
10,7,sqp_full,sqp_full,,10,1,67,27.070445300350883,771.8381103967679,-706.3634112171998,-100.01723374662348,771.899103942563,-706.3985578493708,-100.01718703559054,771.8771341215258,-706.4632722285072,-100.0175159442435,771.8771341215258,-706.4632722285072,-100.0175159442435,0.06834196297608468,0.06834275443912488,0.06834196297608468,0.06834275443912488,0.0,0.0,0.07039530084902851,0.1072150767071845,0.1072150767071845,0.4995530592560455,0.4920878322180784,0.9803037226346184,5.630427450072477,0.07373187281289759,0.07373187281289759,0.07184947922226494,0.07184947922226494,9.311655956474828e-12,9.311655956474828e-12,-1.681843187583544e-19,-1.681843187583544e-19,0.001686088819306008,0.001686088819306008,-0.002833260516712944,-0.002833260516712944,0.0475630195122432,0.0475630195122432
10,8,sqp_full,sqp_full,,10,1,69,27.878526108431682,771.138034952268,-705.9598164950489,-100.0177481868212,771.4659663047654,-706.1488681396927,-100.01751019972293,771.4287821995146,-706.2569990013224,-100.01793585975325,771.4287821995146,-706.2569990013224,-100.01793585975325,0.11434570792150121,0.11434650019362497,0.11434570792150121,0.11434650019362497,0.0,0.0,0.37852278173619486,0.41575401840084963,0.41575401840084963,0.4999532666470824,0.49352635851943666,0.9829938670647691,5.256320739301731,0.054604538416183006,0.054604538416183006,0.07542864606013296,0.07542864606013296,8.526661040553838e-13,8.526661040553838e-13,-4.634943817117807e-22,-4.634943817117807e-22,0.0016750942233403224,0.0016750942233403224,-0.004056734330948339,-0.004056734330948339,0.047707409105906255,0.047707409105906255
10,9,sqp_full,sqp_full,,10,1,70,28.28256651247205,770.787997230018,-705.7580191339736,-100.01800540692004,771.0328040977683,-705.8991510697003,-100.01782860986577,770.980538127733,-706.0489691463142,-100.0183469916449,770.980538127733,-706.0489691463142,-100.0183469916449,0.15867321041688554,0.1586740571853829,0.15867321041688554,0.1586740571853829,0.0,0.0,0.2825749914265603,0.34888953405621337,0.34888953405621337,0.4999882138622344,0.4941652936937699,0.9844909255491896,5.067374828602055,0.03952081358957162,0.03952081358957162,0.0764526563492354,0.0764526563492354,-6.119792959447618e-13,-6.119792959447618e-13,-4.764523796356977e-20,-4.764523796356977e-20,0.0015404815707477798,0.0015404815707477798,-0.004231258998781247,-0.004231258998781247,0.047815652774931536,0.047815652774931536
10,10,sqp_full,sqp_full,,10,0,71,28.68660691651248,770.437959507768,-705.556221772898,-100.0182626270189,770.5996168013515,-705.6494097617335,-100.01814424301027,770.5324248797621,-705.8390973251921,-100.01875308576598,nan,nan,nan,0.20123649285792863,0.20123741388534178,nan,nan,nan,nan,0.18659335956018844,0.29823193087203376,nan,0.5000220538197335,nan,nan,nan,0.029962931985836525,nan,0.07608626559735196,nan,6.31329339890245e-12,nan,-3.0250779489568156e-20,nan,0.0014133983366727127,nan,-0.004175856655264832,nan,0.047920923064895454,nan
10,11,sqp_full,sqp_full,,10,0,72,29.090647320552907,770.0879217855181,-705.3544244118225,-100.01851984711776,770.1664721375089,-705.3997130588531,-100.01844320842166,770.0844019549236,-705.6280581128817,-100.01914442195813,nan,nan,nan,0.24264578827779723,0.2426468014818603,nan,nan,nan,nan,0.09067093992970009,0.27365633842979703,nan,0.4999628312435696,nan,nan,nan,0.024389604230674235,nan,0.07407840924734956,nan,1.3001770097916188e-11,nan,-1.9609471567412808e-20,nan,0.0014377697083307588,nan,-0.004137830795126817,nan,0.048015560898046615,nan
10,12,sqp_full,sqp_full,,10,0,74,29.898728128633707,769.3878463410182,-704.9508296896717,-100.01903428731548,769.7333035328779,-705.1499918235662,-100.0188044422147,769.6365036154609,-705.4152331660567,-100.01945061403335,nan,nan,nan,0.2823529595703183,0.28235369895954443,nan,nan,nan,nan,0.39875584884120185,0.5267836643365346,nan,0.499995865863884,nan,nan,nan,0.020830911442225836,nan,0.07223290983039635,nan,-2.98778887030783e-11,nan,-1.7227920618181747e-20,nan,0.0025208378639848122,nan,-0.004037239683175025,nan,0.04811586820170331,nan
10,13,sqp_full,sqp_full,,10,0,75,30.30276853267408,769.0378086187683,-704.7490323285962,-100.01929150741434,769.3001244387987,-704.9002547803128,-100.01910829124941,769.1886421907303,-705.201226635074,-100.01980945803469,nan,nan,nan,0.32095536916020173,0.32095613505216275,nan,nan,nan,nan,0.30278345288576947,0.4766869593787838,nan,0.5000128104803844,nan,nan,nan,0.019264775040384995,nan,0.06982261478292832,nan,1.3651094751686653e-11,nan,-5.9253658577632735e-21,nan,0.0014075537415722294,nan,-0.004006727236176317,nan,0.048211316302602565,nan
10,14,sqp_full,sqp_full,,10,0,76,30.706808936714506,768.6877708965183,-704.5472349675207,-100.01954872751318,768.8673904319841,-704.6508826876334,-100.0194327876017,768.7410030679615,-704.9876956996483,-100.0202170693276,nan,nan,nan,0.3597454250536768,0.3597462799597463,nan,nan,nan,nan,0.2073789463892078,0.443665775807542,nan,0.49944495848796233,nan,nan,nan,0.019295817640013722,nan,0.06507731565086451,nan,3.1928296557970506e-11,nan,-2.692656531233797e-21,nan,0.0008710213107850388,nan,-0.004028511553333354,nan,0.04825145328892477,nan
11,0,sqp_full,sqp_full,,10,1,61,24.646202954038554,773.938457831358,-707.5739850196726,-100.01569042603033,771.0876335349872,-706.0209400727493,-100.01781908012737,771.0876304722175,-706.0209567092379,-100.01781939418177,771.0876304722175,-706.0209567092379,-100.01781939418177,1.691606668931365e-05,1.69189817187515e-05,1.691606668931365e-05,1.69189817187515e-05,0.0,0.0,3.2464053622341114,3.2464000931240613,3.2464000931240613,0.11070381163454014,0.11069663607001233,0.9999351727393743,0.007930291628426383,-0.37054914038187836,-0.37054914038187836,0.18863823257912304,0.18863823257912304,0.0,0.0,0.0,0.0,0.002266444925208866,0.002266444925208866,-0.03008888249394561,-0.03008888249394561,-0.01000589783554363,-0.01000589783554363
11,1,sqp_full,sqp_full,,10,1,62,25.050243280148855,773.5882990080177,-707.3723980225772,-100.01594764612919,771.1849835042495,-706.0467092394205,-100.01770918077104,771.1849084306986,-706.0471126520889,-100.01770774571827,771.1849084306986,-706.0471126520889,-100.01770774571827,0.00041033866388252616,0.0004103411732367987,0.00041033866388252616,0.0004103411732367987,0.0,0.0,2.7446996484932895,2.7445705639273292,2.7445705639273292,0.10070292222263749,0.10073304829119673,1.0002915710299949,0.2231528917315783,-0.30959900703342996,-0.30959900703342996,0.11888391498066067,0.11888391498066067,0.0,0.0,0.0,0.0,-0.0032774361404890886,-0.0032774361404890886,-0.030380697060085865,-0.030380697060085865,-0.010006594227330764,-0.010006594227330764
11,2,sqp_full,sqp_full,,10,1,64,25.858324088229654,772.8882235635177,-706.9688033004262,-100.01646208632691,771.2794114176194,-706.0867325555853,-100.01763832253177,771.2793096813971,-706.087273322023,-100.01763593276077,771.2793096813971,-706.087273322023,-100.01763593276077,0.0005502532135102458,0.000550258402919768,0.0005502532135102458,0.000550258402919768,0.0,0.0,1.8347548391254676,1.8345841444054989,1.8345841444054989,0.10255974688487199,0.10258889169940684,1.0002832837478597,0.07644250516615428,-0.09689444136437667,-0.09689444136437667,0.02256431732705048,0.02256431732705048,0.0,0.0,0.0,0.0,-0.0015971239787508152,-0.0015971239787508152,-0.010622267740580319,-0.010622267740580319,-0.01000612136522631,-0.01000612136522631
11,3,sqp_full,sqp_full,,10,1,65,26.26236449227008,772.5381858412678,-706.7670059393507,-100.01671930642577,771.3733136749214,-706.128542577383,-100.01757696624396,771.3732293407196,-706.1289795741678,-100.0175744123642,771.3732293407196,-706.1289795741678,-100.0175744123642,0.0004450600494168161,0.00044506737679681776,0.0004450600494168161,0.00044506737679681776,0.0,0.0,1.328368408425711,1.3282323933852198,1.3282323933852198,0.10278966686272051,0.1027634062299823,0.9997440294175751,0.05680102357068989,0.03934356637284675,0.03934356637284675,-0.03362327569238009,-0.03362327569238009,0.0,0.0,0.0,0.0,-0.00017639084396013226,-0.00017639084396013226,-6.138636536405052e-05,-6.138636536405052e-05,-0.010004601879292347,-0.010004601879292347
11,4,sqp_full,sqp_full,,10,1,66,26.666404896310453,772.1881481190178,-706.5652085782754,-100.01697652652463,771.4671546302145,-706.1702251702752,-100.01751494722782,771.4671049692831,-706.170462839439,-100.01751258275095,771.4671049692831,-706.170462839439,-100.01751258275095,0.00024280205831660585,0.0002428135710245371,0.00024280205831660585,0.0002428135710245371,0.0,0.0,0.8220970158637823,0.8220264120505612,0.8220264120505612,0.10268187418863212,0.10263283470047725,0.9995205862621449,0.10955342305348316,0.10814182382987376,0.10814182382987376,-0.06048239343327999,-0.06048239343327999,0.0,0.0,0.0,0.0,0.0006206193612563904,0.0006206193612563904,0.006239355011180604,0.006239355011180604,-0.010003338793278273,-0.010003338793278273
11,5,sqp_full,sqp_full,,10,1,67,27.070445300350883,771.8381103967679,-706.3634112171998,-100.01723374662348,771.5609936449184,-706.2117430484614,-100.01743693875177,771.5609768561884,-706.2117910187621,-100.01743510996026,771.5609768561884,-706.2117910187621,-100.01743510996026,5.082333338800945e-05,5.085622572552221e-05,5.082333338800945e-05,5.085622572552221e-05,0.0,0.0,0.31590651712823525,0.3158982176087217,0.3158982176087217,0.10261335670852625,0.10256683459752645,0.9995449697860873,0.1043383097570542,0.1278197553647797,0.1278197553647797,-0.06734168711172812,-0.06734168711172812,0.0,0.0,0.0,0.0,0.0010783903475789205,0.0010783903475789205,0.009461641676605398,0.009461641676605398,-0.00999941659006946,-0.00999941659006946
11,6,sqp_full,sqp_full,,10,1,69,27.878526108431682,771.138034952268,-705.9598164950489,-100.0177481868212,771.4648616942352,-706.1481169711124,-100.01748257944826,771.4648571235049,-706.1481070368363,-100.01748147083148,771.4648571235049,-706.1481070368363,-100.01748147083148,1.0935328743493144e-05,1.0991380525947739e-05,1.0935328743493144e-05,1.0991380525947739e-05,0.0,0.0,0.3771906527880264,0.3771817330394427,0.3771817330394427,0.11528066509194071,0.11530244886562173,1.000188849011305,0.027347510524816408,0.1311711593864644,0.1311711593864644,-0.011670928803702218,-0.011670928803702218,0.0,0.0,0.0,0.0,0.0024353423648859297,0.0024353423648859297,0.0061238079051705,0.0061238079051705,0.010569197244122664,0.010569197244122664
11,7,sqp_full,sqp_full,,10,1,70,28.28256651247205,770.787997230018,-705.7580191339736,-100.01800540692004,771.0332701904952,-705.8994329829276,-100.01782414384942,771.0332581393275,-705.8994980170565,-100.0178235682323,771.0332581393275,-705.8994980170565,-100.0178235682323,6.614127738922357e-05,6.614378209439629e-05,6.614127738922357e-05,6.614378209439629e-05,0.0,0.0,0.28311958925025055,0.28314163945578297,0.28314163945578297,0.4981115023228582,0.4980805606420807,0.9999378725091875,0.007902051150452283,0.15016179919732353,0.15016179919732353,0.07309028049993098,0.07309028049993098,0.0,0.0,0.0,0.0,0.0035289116575626983,0.0035289116575626983,-0.0046985883275255935,-0.0046985883275255935,0.04696867710432832,0.04696867710432832
11,8,sqp_full,sqp_full,,10,1,71,28.68660691651248,770.437959507768,-705.556221772898,-100.0182626270189,770.5995147270362,-705.6493600082724,-100.01815328981417,770.5994946739457,-705.649494723591,-100.01815327044903,770.5994946739457,-705.649494723591,-100.01815327044903,0.00013619964583660223,0.00013619964721328878,0.00013619964583660223,0.00013619964721328878,0.0,0.0,0.18648007872544378,0.18653003308592964,0.18653003308592964,0.5006799407509923,0.5006520741463918,0.9999443342144031,0.007366236469593846,0.11829196265874821,0.11829196265874821,0.0773746516023801,0.0773746516023801,0.0,0.0,0.0,0.0,0.0031981320071310716,0.0031981320071310716,-0.005111789136073927,-0.005111789136073927,0.04734960812863913,0.04734960812863913
11,9,sqp_full,sqp_full,,10,1,72,29.090647320552907,770.0879217855181,-705.3544244118225,-100.01851984711776,770.1664648758596,-705.3997000267746,-100.01846602045141,770.1664373422985,-705.3998959071345,-100.01847647637271,770.1664373422985,-705.3998959071345,-100.01847647637271,0.0001978059968603184,0.00019808215135150596,0.0001978059968603184,0.00019808215135150596,0.0,0.0,0.09065814000782633,0.09073229602761912,0.09073229602761912,0.4998623588209763,0.499838299985117,0.9999518624189744,0.006612654921761795,0.09263998274433372,0.09263998274433372,0.07988681366043282,0.07988681366043282,0.0,0.0,0.0,0.0,0.002794877754993715,0.002794877754993715,-0.005167560739109984,-0.005167560739109984,0.04740812296020355,0.04740812296020355
11,10,sqp_full,sqp_full,,10,0,74,29.898728128633707,769.3878463410182,-704.9508296896717,-100.01903428731548,769.733321616693,-705.1500044455933,-100.01878549486486,769.7332884866164,-705.1502442790655,-100.01879823286947,nan,nan,nan,0.00024211091759445633,0.00024244577368941623,nan,nan,nan,nan,0.39877781971804743,0.3988689689843549,nan,0.49996106677097163,nan,nan,nan,0.07360355922857567,nan,0.08015022229823168,nan,0.0,nan,0.0,nan,0.002521142049547242,nan,-0.005250993711200157,nan,0.04754549795307258,nan
11,11,sqp_full,sqp_full,,10,0,75,30.30276853267408,769.0378086187683,-704.7490323285962,-100.01929150741434,769.3001186094348,-704.900251782895,-100.01910432022359,769.3000811789191,-704.9005252362699,-100.01910893640976,nan,nan,nan,0.00027600324594600784,0.00027604184637022573,nan,nan,nan,nan,0.3027769055953637,0.30288115967079376,nan,0.5000413379632743,nan,nan,nan,0.059020939928337374,nan,0.079813602774714,nan,0.0,nan,0.0,nan,0.0023724744634005404,nan,-0.005197382228231997,nan,0.04767328289565011,nan
11,12,sqp_full,sqp_full,,10,0,76,30.706808936714506,768.6877708965183,-704.5472349675207,-100.01954872751318,768.8669792558788,-704.6505590377355,-100.01942137323695,768.8669384994658,-704.6508568726778,-100.01942716283061,nan,nan,nan,0.0003006106086552789,0.00030066635566812136,nan,nan,nan,nan,0.20686106339878244,0.20697470660533565,nan,0.4999562651939703,nan,nan,nan,0.04846428393866338,nan,0.07843350574970785,nan,0.0,nan,0.0,nan,0.0021319298021921693,nan,-0.00512616880329931,nan,0.04777972015510521,nan
11,13,sqp_full,sqp_full,,10,0,77,31.11084934075488,768.3377331742684,-704.3454376064453,-100.01980594761204,768.4338115185392,-704.4008387495614,-100.0197420289262,768.4337684492534,-704.4011541912049,-100.01974735398018,nan,nan,nan,0.0003183683303130356,0.0003184128608367001,nan,nan,nan,nan,0.11090687488341758,0.11102752748178762,nan,0.4999946137887864,nan,nan,nan,0.040457342624686365,nan,0.07661475088503944,nan,0.0,nan,0.0,nan,0.0021062119847007838,nan,-0.004966129644415801,nan,0.047890709259038336,nan
11,14,sqp_full,sqp_full,,10,0,78,31.514889744795305,767.9876954520184,-704.1436402453699,-100.0200631677109,768.0011481751077,-704.1515145834711,-100.0200979278269,768.0011032758215,-704.1518440127084,-100.020101470563,nan,nan,nan,0.0003324749136946341,0.00033249378823575087,nan,nan,nan,nan,0.015587846517435252,0.01571850939753366,nan,0.4993598253864733,nan,nan,nan,0.03448435275977386,nan,0.07422290486151277,nan,0.0,nan,0.0,nan,0.001841525620943264,nan,-0.004768070664634262,nan,0.04793397016010491,nan
12,0,sqp_full,sqp_full,,10,1,64,25.858324088229654,772.8882235635177,-706.9688033004262,-100.01646208632691,770.247288854819,-705.5106708771813,-100.01841561639608,770.2472681800139,-705.5107690891452,-100.01841117988016,770.2472681800139,-705.5107690891452,-100.01841117988016,0.0001003645228125924,0.00010046253089035096,0.0001003645228125924,0.00010046253089035096,0.0,0.0,3.0167343766609735,3.0167050069444463,3.0167050069444463,0.1371424980436069,0.13720966102498067,1.000489582964936,0.031205669341985945,-0.49254333383356025,-0.49254333383356025,0.11766120760618466,0.11766120760618466,0.0,0.0,0.0,0.0,-0.005571579250038309,-0.005571579250038309,-0.04033214329200472,-0.04033214329200472,-0.010004375209243814,-0.010004375209243814
12,1,sqp_full,sqp_full,,10,1,65,26.26236449227008,772.5381858412678,-706.7670059393507,-100.01671930642577,770.3411984022282,-705.5548911423895,-100.01840378624144,770.3411500777635,-705.555124342068,-100.01840837756598,770.3411500777635,-705.555124342068,-100.01840837756598,0.0002381540341431915,0.00023819828765071665,0.0002381540341431915,0.00023819828765071665,0.0,0.0,2.5091783691698417,2.5091080391145497,2.5091080391145497,0.10379997634708704,0.10383255363693379,1.000313011186485,0.07405780251444027,-0.41587976894944617,-0.41587976894944617,0.15696356883513699,0.15696356883513699,0.0,0.0,0.0,0.0,-0.0009244171354605238,-0.0009244171354605238,-0.015018152383818548,-0.015018152383818548,-0.010005079341975486,-0.010005079341975486
12,2,sqp_full,sqp_full,,10,1,66,26.666404896310453,772.1881481190178,-706.5652085782754,-100.01697652652463,770.4351320290097,-705.5972315803616,-100.01820360916015,770.4349960568087,-705.5978932394712,-100.0181993748767,770.4349960568087,-705.5978932394712,-100.0181993748767,0.0006754859115950156,0.0006754991827676019,0.0006754859115950156,0.0006754991827676019,0.0,0.0,2.0025096454993143,2.002308946669811,2.002308946669811,0.10303532888690108,0.10313239088740372,1.0009334585979455,0.2370654844061178,-0.25915093771430364,-0.25915093771430364,0.09629619875070008,0.09629619875070008,0.0,0.0,0.0,0.0,-0.00792829764917401,-0.00792829764917401,-0.007120615797147057,-0.007120615797147057,-0.010005419215388348,-0.010005419215388348
12,3,sqp_full,sqp_full,,10,1,67,27.070445300350883,771.8381103967679,-706.3634112171998,-100.01723374662348,770.5286084519138,-705.6394164988848,-100.01814408612753,770.5284743026547,-705.6400583685448,-100.0181342308315,770.5284743026547,-705.6400583685448,-100.0181342308315,0.0006557382741941103,0.0006558123291789037,0.0006557382741941103,0.0006558123291789037,0.0,0.0,1.4963167096991468,1.496123672248145,1.496123672248145,0.10255443692375825,0.10254796341222852,0.9999368590282817,0.010957367015573014,-0.008884478273336513,-0.008884478273336513,-0.011981452207421268,-0.011981452207421268,0.0,0.0,0.0,0.0,-0.000616853779771811,-0.000616853779771811,-0.00017727406738692227,-0.00017727406738692227,-0.010005043932494387,-0.010005043932494387
12,4,sqp_full,sqp_full,,10,1,69,27.878526108431682,771.138034952268,-705.9598164950489,-100.0177481868212,770.6218769670238,-705.6814035834291,-100.01818943537256,770.6218214786305,-705.6816399665272,-100.01823068198384,770.6218214786305,-705.6816399665272,-100.01823068198384,0.00024280842416747898,0.00024628685265095957,0.00024280842416747898,0.00024628685265095957,0.0,0.0,0.5864578544856729,0.5863945185497248,0.5863945185497248,0.10228359221265533,0.10218969545049036,0.9990741387125769,0.22723201157553594,0.12887184014771397,0.12887184014771397,-0.07166498919454771,-0.07166498919454771,0.0,0.0,0.0,0.0,0.005397372279369751,0.005397372279369751,0.004272703017968435,0.004272703017968435,-0.010003971225621501,-0.010003971225621501
12,5,sqp_full,sqp_full,,10,1,70,28.28256651247205,770.787997230018,-705.7580191339736,-100.01800540692004,770.7150940768419,-705.7231917688258,-100.01803785441042,770.7151319967649,-705.722955039728,-100.01809010126938,770.7151319967649,-705.722955039728,-100.01809010126938,0.00023974692133428113,0.0002453738383790989,0.00023974692133428113,0.0002453738383790989,0.0,0.0,0.08079489529759216,0.0808630504141821,0.0808630504141821,0.10215529833729496,0.10204806627772463,0.9989397061016212,0.2639159347103949,0.18402324029376121,0.18402324029376121,-0.0941087860929384,-0.0941087860929384,0.0,0.0,0.0,0.0,-0.0006656767455116153,-0.0006656767455116153,0.006766850684915417,0.006766850684915417,-0.010002158274849179,-0.010002158274849179
12,6,sqp_full,sqp_full,,10,1,71,28.68660691651248,770.437959507768,-705.556221772898,-100.0182626270189,770.5992822007462,-705.6491483094903,-100.0181221542118,770.5994601738571,-705.6481991525914,-100.01819007313867,770.5994601738571,-705.6481991525914,-100.01819007313867,0.0009656983209387194,0.0009680837916684903,0.0009656983209387194,0.0009680837916684903,0.0,0.0,0.18617291014738024,0.1858555985770819,0.1858555985770819,0.13745847235308678,0.13772589905601834,1.0019334449950708,0.2811659947910744,0.1929487637500762,0.1929487637500762,-0.03979618789731401,-0.03979618789731401,0.0,0.0,0.0,0.0,0.0014510320696443577,0.0014510320696443577,0.004445741424661993,0.004445741424661993,0.012765556020158254,0.012765556020158254
12,7,sqp_full,sqp_full,,10,1,72,29.090647320552907,770.0879217855181,-705.3544244118225,-100.01851984711776,770.1664585847997,-705.3996979374284,-100.01846420143069,770.1666112260397,-705.3989772291766,-100.01841526765983,770.1666112260397,-705.3989772291766,-100.01841526765983,0.0007366951421285433,0.000738318526359636,0.0007366951421285433,0.000738318526359636,0.0,0.0,0.09065164621884884,0.09042666411951283,0.09042666411951283,0.499561695528265,0.4994695480705013,0.9998154271967634,0.02762260750390947,0.19811633728048647,0.19811633728048647,0.037260487988592265,0.037260487988592265,0.0,0.0,0.0,0.0,0.0036299734828478284,0.0036299734828478284,-0.003895234439786795,-0.003895234439786795,0.04737306186883535,0.04737306186883535
12,8,sqp_full,sqp_full,,10,1,74,29.898728128633707,769.3878463410182,-704.9508296896717,-100.01903428731548,769.7333028826345,-705.1499906135,-100.01878633327136,769.7334654438652,-705.1493014803322,-100.0187388552558,769.7334654438652,-705.1493014803322,-100.0187388552558,0.0007080470865530671,0.0007096371176438485,0.0007080470865530671,0.0007096371176438485,0.0,0.0,0.39875468113319146,0.3985518986791068,0.3985518986791068,0.4999777132139952,0.49995335070939884,0.9999512718108136,0.002572699519088613,0.16450831432079643,0.16450831432079643,0.043726679746322765,0.043726679746322765,0.0,0.0,0.0,0.0,0.0034821658339262607,0.0034821658339262607,-0.004133128831672799,-0.004133128831672799,0.04753648177549562,0.04753648177549562
12,9,sqp_full,sqp_full,,10,1,75,30.30276853267408,769.0378086187683,-704.7490323285962,-100.01929150741434,769.3001072168817,-704.9002430469067,-100.01906982232568,769.3002732971589,-704.8996041411996,-100.01909026678278,769.3002732971589,-704.8996041411996,-100.01909026678278,0.0006601387437967141,0.0006604552497237009,0.0006601387437967141,0.0006604552497237009,0.0,0.0,0.30276267257415995,0.3025881328693569,0.3025881328693569,0.5000324111618096,0.5000043206092477,0.9999438098189493,0.009137983497862847,0.1362617851960498,0.1362617851960498,0.048692045209755404,0.048692045209755404,0.0,0.0,0.0,0.0,0.0034382230744755813,0.0034382230744755813,-0.004158122789228329,-0.004158122789228329,0.04766094094297688,0.04766094094297688
12,10,sqp_full,sqp_full,,10,0,76,30.706808936714506,768.6877708965183,-704.5472349675207,-100.01954872751318,768.8669634829499,-704.6505457743177,-100.01946151964957,768.8671506656447,-704.6498686724026,-100.01952691156112,nan,nan,nan,0.0007024986582192572,0.0007055355886816208,nan,nan,nan,nan,0.2068407741068217,0.20666586304858373,nan,0.4999623741938088,nan,nan,nan,0.11285588276149046,nan,0.052539909482824186,nan,0.0,nan,0.0,nan,0.005387970757544164,nan,-0.004309175789879947,nan,0.047768734490089594,nan
12,11,sqp_full,sqp_full,,10,0,77,31.11084934075488,768.3377331742684,-704.3454376064453,-100.01980594761204,768.4337719534022,-704.4008008260859,-100.01973504245062,768.4339577006007,-704.400192796087,-100.01981201704035,nan,nan,nan,0.0006357692200376436,0.0006404120459605478,nan,nan,nan,nan,0.11085365662210016,0.11071264724760624,nan,0.5000275144969074,nan,nan,nan,0.09284816092568378,nan,0.0552867359228449,nan,0.0,nan,0.0,nan,0.002691685181477842,nan,-0.004281058631716323,nan,0.047881997515125056,nan
12,12,sqp_full,sqp_full,,10,0,78,31.514889744795305,767.9876954520184,-704.1436402453699,-100.0200631677109,768.0006213689584,-704.1510991557245,-100.02005325174997,768.0008011789953,-704.1505732523887,-100.02013537141951,nan,nan,nan,0.0005557930982342348,0.0005618270269147757,nan,nan,nan,nan,0.014923627991199517,0.01482655273202453,nan,0.49997045336940743,nan,nan,nan,0.07516208469098033,nan,0.057717424092825244,nan,0.0,nan,0.0,nan,0.002563930976143359,nan,-0.004300340398535036,nan,0.04797995766413013,nan
12,13,sqp_full,sqp_full,,10,0,80,32.32297055287611,767.2876200075185,-703.7400455232189,-100.02057760790862,767.5674508601359,-703.9013762900668,-100.02037825514006,767.5676200559362,-703.900949067908,-100.02045636106709,nan,nan,nan,0.00045950624783482904,0.00046609712253639906,nan,nan,nan,nan,0.3230060717824149,0.32293958847976123,nan,0.4999983049701971,nan,nan,nan,0.05854118301765749,nan,0.060217385303064364,nan,0.0,nan,0.0,nan,0.002807607439821068,nan,-0.004263468559339499,nan,0.04808092462196432,nan
12,14,sqp_full,sqp_full,,10,0,81,32.72701095691653,766.9375822852685,-703.5382481621434,-100.02083482800748,767.1347293617313,-703.6520035263494,-100.0207476173291,767.1348821646147,-703.6516956107287,-100.0208139342319,nan,nan,nan,0.00034374518272114785,0.0003500838217334237,nan,nan,nan,nan,0.2276120661201042,0.22759078623829054,nan,0.4994344870891164,nan,nan,nan,0.0429204914485968,nan,0.06257542542395209,nan,0.0,nan,0.0,nan,0.0026909426444866125,nan,-0.0042062051073938666,nan,0.048123308838589736,nan
13,0,sqp_full,sqp_full,,10,1,66,26.666404896310453,772.1881481190178,-706.5652085782754,-100.01697652652463,769.3805814391228,-705.0071762525242,-100.01909476676494,769.3805842932094,-705.0071628392448,-100.01909569293399,769.3805842932094,-705.0071628392448,-100.01909569293399,1.3713565332685563e-05,1.3744804955256414e-05,1.3713565332685563e-05,1.3744804955256414e-05,0.0,0.0,3.210902581851744,3.210906594857427,3.210906594857427,0.1342429023106312,0.13423386175351357,0.9999326522580074,0.004418948967509519,-0.5000110568812672,-0.5000110568812672,0.13934397570400517,0.13934397570400517,0.0,0.0,0.0,0.0,-0.0014470842340919407,-0.0014470842340919407,-0.018760570946777955,-0.018760570946777955,-0.009998653884878016,-0.009998653884878016
13,1,sqp_full,sqp_full,,10,1,67,27.070445300350883,771.8381103967679,-706.3634112171998,-100.01723374662348,769.474097708682,-705.0525893846545,-100.01896974879418,769.4742126151078,-705.0520695578574,-100.01897994466601,769.4742126151078,-705.0520695578574,-100.01897994466601,0.0005323752302118131,0.000532472855219573,0.0005323752302118131,0.000532472855219573,0.0,0.0,2.703111145718609,2.7032627822067403,2.7032627822067403,0.10395990030610676,0.10384069258109824,0.9988415378435734,0.2784063809729461,-0.46895015563572784,-0.46895015563572784,0.19165137021557677,0.19165137021557677,0.0,0.0,0.0,0.0,-0.0074379087514778435,-0.0074379087514778435,-0.025161142380820414,-0.025161142380820414,-0.010000682056604364,-0.010000682056604364
13,2,sqp_full,sqp_full,,10,1,69,27.878526108431682,771.138034952268,-705.9598164950489,-100.0177481868212,769.5678630521588,-705.0952298535748,-100.01888033255241,769.5679458782782,-705.0948517544704,-100.01888646398622,769.5679458782782,-705.0948517544704,-100.01888646398622,0.0003870647216850501,0.0003871132821976044,0.0003870647216850501,0.0003871132821976044,0.0,0.0,1.7924703223506377,1.7925801802725267,1.7925801802725267,0.10300561743093226,0.10303518675795677,1.000286110534821,0.0791586451152221,-0.35188804542654784,-0.35188804542654784,0.14895579470478515,0.14895579470478515,0.0,0.0,0.0,0.0,-0.004339916536515786,-0.004339916536515786,-0.008813786793720451,-0.008813786793720451,-0.010000679219372465,-0.010000679219372465
13,3,sqp_full,sqp_full,,10,1,70,28.28256651247205,770.787997230018,-705.7580191339736,-100.01800540692004,769.6609200234969,-705.1377154539512,-100.01881903408255,769.6609895192704,-705.1373833753987,-100.01882669083733,769.6609895192704,-705.1373833753987,-100.01882669083733,0.00033927249754520724,0.0003393588859661691,0.00033927249754520724,0.0003393588859661691,0.0,0.0,1.28649900307327,1.2865982764275306,1.2865982764275306,0.10229677370997667,0.10230377060838737,1.000068290580725,0.026560524559380697,-0.04702954840847932,-0.04702954840847932,0.008136086518601506,0.008136086518601506,0.0,0.0,0.0,0.0,-0.0011430379170732042,-0.0011430379170732042,-0.0018122092271688286,-0.0018122092271688286,-0.010000427951125695,-0.010000427951125695
13,4,sqp_full,sqp_full,,10,1,71,28.68660691651248,770.437959507768,-705.556221772898,-100.0182626270189,769.7536213515377,-705.1799553244157,-100.01874988686197,769.7537771893067,-705.1792061300939,-100.01875899267502,769.7537771893067,-705.1792061300939,-100.01875899267502,0.0007652303849663455,0.0007652845600868083,0.0007652303849663455,0.0007652845600868083,0.0,0.0,0.7809578428611107,0.7811825905728759,0.7811825905728759,0.10187123077056526,0.10177769453127067,0.9990734985159372,0.23383469256677172,0.13622985604540236,0.13622985604540236,-0.07759750394327072,-0.07759750394327072,0.0,0.0,0.0,0.0,0.0010393556660114628,0.0010393556660114628,0.00330988502333292,0.00330988502333292,-0.010000187176628992,-0.010000187176628992
13,5,sqp_full,sqp_full,,10,1,72,29.090647320552907,770.0879217855181,-705.3544244118225,-100.01851984711776,769.8462139964829,-705.2219846306016,-100.01865000815275,769.8464996349045,-705.2206050391411,-100.01862301234476,769.8464996349045,-705.2206050391411,-100.01862301234476,0.001408851271714135,0.00140910988906434,0.001408851271714135,0.00140910988906434,0.0,0.0,0.27561377129985526,0.2760294899313409,0.2760294899313409,0.101685153548467,0.10154476883906811,0.9986002761921267,0.35475451322748686,0.21552768440395292,0.21552768440395292,-0.1126136170750991,-0.1126136170750991,0.0,0.0,0.0,0.0,0.003167065872058065,0.003167065872058065,0.0059934753018695015,0.0059934753018695015,-0.010000020858568211,-0.010000020858568211
13,6,sqp_full,sqp_full,,10,1,74,29.898728128633707,769.3878463410182,-704.9508296896717,-100.01903428731548,769.7330288554576,-705.1497619739887,-100.01885155680833,769.7334810123751,-705.1476409062844,-100.01867458846952,769.7334810123751,-705.1476409062844,-100.01867458846952,0.002168726373735041,0.0021759347134214456,0.002168726373735041,0.0021759347134214456,0.0,0.0,0.3984030898704427,0.3977410979879531,0.3977410979879531,0.13426477162310504,0.13452500281375923,1.0019234305396734,0.31103804816210184,0.2314136111591151,0.2314136111591151,-0.0671544697412954,-0.0671544697412954,0.0,0.0,0.0,0.0,0.007885877905424565,0.007885877905424565,0.003797405299187074,0.003797405299187074,0.01253604420254291,0.01253604420254291
13,7,sqp_full,sqp_full,,10,1,75,30.30276853267408,769.0378086187683,-704.7490323285962,-100.01929150741434,769.30011527225,-704.9002517968728,-100.01901195836066,769.3006634513168,-704.8978032742885,-100.01958102950698,769.3006634513168,-704.8978032742885,-100.01958102950698,0.0025091359339319635,0.002572859324665659,0.0025091359339319635,0.002572859324665659,0.0,0.0,0.3027740214196343,0.3020355232027371,0.3020355232027371,0.49966941545261134,0.4997506429782066,1.0001612279203795,0.09360087654737413,0.2279155483523118,0.2279155483523118,0.008123460767232134,0.008123460767232134,0.0,0.0,0.0,0.0,0.0016395383484559233,0.0016395383484559233,-0.0030956538260864964,-0.0030956538260864964,0.04762370652981162,0.04762370652981162
13,8,sqp_full,sqp_full,,10,1,76,30.706808936714506,768.6877708965183,-704.5472349675207,-100.01954872751318,768.8669529371149,-704.6505363937615,-100.01958461325295,768.8675999786261,-704.6477716103269,-100.01901248436067,768.8675999786261,-704.6477716103269,-100.01901248436067,0.002839487657589428,0.0028965534048209373,0.002839487657589428,0.0028965534048209373,0.0,0.0,0.2068269526337479,0.20602455028094663,0.20602455028094663,0.4999877189134363,0.500060123991123,1.0001419997946002,0.1359133086689355,0.1920823635474364,0.1920823635474364,0.017945717027434253,0.017945717027434253,0.0,0.0,0.0,0.0,0.009175844857505961,0.009175844857505961,-0.0033447968032514026,-0.0033447968032514026,0.047764238452149325,0.047764238452149325
13,9,sqp_full,sqp_full,,10,1,77,31.11084934075488,768.3377331742684,-704.3454376064453,-100.01980594761204,768.433763153461,-704.4007943435438,-100.0196567952343,768.4344795156554,-704.3978519019149,-100.02069486226458,768.4344795156554,-704.3978519019149,-100.02069486226458,0.003028388603284962,0.0032013623181168446,0.003028388603284962,0.0032013623181168446,0.0,0.0,0.11084279519179714,0.11003232680159591,0.11003232680159591,0.5000244849198331,0.5000560233533785,1.000057818085077,0.18575440928052664,0.16048484920951225,0.16048484920951225,0.026172403915958462,0.026172403915958462,0.0,0.0,0.0,0.0,-0.004965212114813473,-0.004965212114813473,-0.0034643927485070213,-0.0034643927485070213,0.04787462214071249,0.04787462214071249
13,10,sqp_full,sqp_full,,10,0,78,31.514889744795305,767.9876954520184,-704.1436402453699,-100.0200631677109,768.0006116511022,-704.1510907645386,-100.02005237714708,768.0013941388451,-704.1479844623406,-100.02011989303739,nan,nan,nan,0.0032033420693219866,0.0032040534965153585,nan,nan,nan,nan,0.014911017224136094,0.014371020905433206,nan,0.4999722570790156,nan,nan,nan,0.13228790602436166,nan,0.03333411821559155,nan,0.0,nan,0.0,nan,0.0013454464891372564,nan,-0.003648756754992504,nan,0.04797258871946004,nan
13,11,sqp_full,sqp_full,,10,0,80,32.32297055287611,767.2876200075185,-703.7400455232189,-100.02057760790862,767.5674261349252,-703.9013504336751,-100.02037846209313,767.5682509518373,-703.8981922675092,-100.02047142961264,nan,nan,nan,0.0032640981096372047,0.0032654217842446568,nan,nan,nan,nan,0.3229717372644815,0.3221243853528246,nan,0.5000200302155491,nan,nan,nan,0.10878404003054477,nan,0.03887205907762085,nan,0.0,nan,0.0,nan,0.0016391295753592661,nan,-0.0036860092864422237,nan,0.04807436075239088,nan
13,12,sqp_full,sqp_full,,10,0,81,32.72701095691653,766.9375822852685,-703.5382481621434,-100.02083482800748,767.1342689579749,-703.6516433669861,-100.02069234586543,767.1351044006818,-703.6485611192085,-100.02084515494087,nan,nan,nan,0.0031934645574203274,0.0031971184671574686,nan,nan,nan,nan,0.2270333008649245,0.22623866728251127,nan,0.4999788571739942,nan,nan,nan,0.08716628926413862,nan,0.043915905259754515,nan,0.0,nan,0.0,nan,0.0011785749993896938,nan,-0.003752479502226628,nan,0.04816466547206638,nan
13,13,sqp_full,sqp_full,,10,0,82,33.1310513609569,766.5875445630186,-703.3364508010679,-100.02109204810634,766.7010973809296,-703.4019195505085,-100.02100577769389,766.7019428359162,-703.3989084857715,-100.0212097617644,nan,nan,nan,0.0031275077914120672,0.0031341529136857597,nan,nan,nan,nan,0.13107402339460522,0.13033774288545386,nan,0.49999969791542465,nan,nan,nan,0.06623808669679303,nan,0.04916625414971597,nan,0.0,nan,0.0,nan,0.0011336203282918634,nan,-0.0037868263823897927,nan,0.04825752579769631,nan
13,14,sqp_full,sqp_full,,10,0,83,33.53509176499733,766.2375068407687,-703.1346534399925,-100.0213492682052,766.268332466526,-703.1525117579646,-100.0213550917388,766.269193230842,-703.1495452807463,-100.02154685956155,nan,nan,nan,0.003088835103059619,0.0030947822527173435,nan,nan,nan,nan,0.03562497332097694,0.03501134440318463,nan,0.4994895796118415,nan,nan,nan,0.04608257863336557,nan,0.054363665263358486,nan,0.0,nan,0.0,nan,0.0013699878001753698,nan,-0.0038110122821794455,nan,0.04829868289627338,nan
14,0,sqp_full,sqp_full,,10,1,69,27.878526108431682,771.138034952268,-705.9598164950489,-100.0177481868212,768.5139377911343,-704.5046902038184,-100.019699912894,768.5139382819704,-704.5046891374298,-100.01970175713186,768.5139382819704,-704.5046891374298,-100.01970175713186,1.173927167087983e-06,2.1861651988337355e-06,1.173927167087983e-06,2.1861651988337355e-06,0.0,0.0,3.000546355999155,3.000546443892996,3.000546443892996,0.13315040450537305,0.13314982799282915,0.9999956700901884,0.0009074288526368603,-0.5000030885238078,-0.5000030885238078,0.1531420651878904,0.1531420651878904,0.0,0.0,0.0,0.0,-0.0023425972714048787,-0.0023425972714048787,-0.015125159852371022,-0.015125159852371022,-0.010000464956258687,-0.010000464956258687
14,1,sqp_full,sqp_full,,10,1,70,28.28256651247205,770.787997230018,-705.7580191339736,-100.01800540692004,768.607322661876,-704.5504397735496,-100.01959885606557,768.6072733429055,-704.5506494751016,-100.01959620834472,768.6072733429055,-704.5506494751016,-100.01959620834472,0.00021542307620995375,0.00021543934689245868,0.00021542307620995375,0.00021543934689245868,0.0,0.0,2.492707259961249,2.492648825042897,2.492648825042897,0.10398926591959169,0.10403748064627436,1.0004615888253954,0.11633203060775327,-0.4954819308771258,-0.4954819308771258,0.21450002345982255,0.21450002345982255,0.0,0.0,0.0,0.0,-0.010770867837771581,-0.010770867837771581,-0.03215307900354859,-0.03215307900354859,-0.010000892979814916,-0.010000892979814916
14,2,sqp_full,sqp_full,,10,1,71,28.68660691651248,770.437959507768,-705.556221772898,-100.0182626270189,768.7008676252306,-704.5935403238184,-100.01951175757144,768.7006555273592,-704.5944406587003,-100.01951929007862,768.7006555273592,-704.5944406587003,-100.01951929007862,0.0009249802195480768,0.0009250108892437581,0.0009249802195480768,0.0009250108892437581,0.0,0.0,1.9860120293642667,1.985761323012374,1.985761323012374,0.1029967241646446,0.10314022518274173,1.0013704937668184,0.3863344102426944,-0.37378963500646384,-0.37378963500646384,0.1691060551252953,0.1691060551252953,0.0,0.0,0.0,0.0,-0.0022882724897481626,-0.0022882724897481626,-0.01236008763653726,-0.01236008763653726,-0.010001178189052407,-0.010001178189052407
14,3,sqp_full,sqp_full,,10,1,72,29.090647320552907,770.0879217855181,-705.3544244118225,-100.01851984711776,768.7935057449663,-704.6362589349699,-100.01946707045371,768.7932690818699,-704.6372497822765,-100.0194698305484,768.7932690818699,-704.6372497822765,-100.0194698305484,0.0010187187081398294,0.0010187224472037542,0.0010187187081398294,0.0010187224472037542,0.0,0.0,1.4802954226034821,1.4800219837313924,1.4800219837313924,0.10201324896215166,0.10202888800091311,1.0001528920434628,0.05200297753429862,-0.034144276227962234,-0.034144276227962234,0.004566871204818608,0.004566871204818608,0.0,0.0,0.0,0.0,-0.0010097740498065159,-0.0010097740498065159,-0.002869928237046811,-0.002869928237046811,-0.010001152891620782,-0.010001152891620782
14,4,sqp_full,sqp_full,,10,1,74,29.898728128633707,769.3878463410182,-704.9508296896717,-100.01903428731548,768.8856580213054,-704.6787241322355,-100.01940630203993,768.8855727367793,-704.679045612968,-100.01941868984136,768.8855727367793,-704.679045612968,-100.01941868984136,0.0003326008294469434,0.0003328314428855057,0.0003326008294469434,0.0003328314428855057,0.0,0.0,0.5711694519523809,0.5710913743568446,0.5710913743568446,0.10146594850533712,0.1013255090695528,0.998593976435108,0.37962439899931877,0.16566087642477842,0.16566087642477842,-0.09355121857146603,-0.09355121857146603,0.0,0.0,0.0,0.0,0.0008220435421522256,0.0008220435421522256,0.0036592651756195893,0.0036592651756195893,-0.010000925863794589,-0.010000925863794589
14,5,sqp_full,sqp_full,,10,1,75,30.30276853267408,769.0378086187683,-704.7490323285962,-100.01929150741434,768.977642652769,-704.7209681211984,-100.01931868435217,768.9778035529481,-704.7202048999155,-100.01935021215594,768.9778035529481,-704.7202048999155,-100.01935021215594,0.0007799971758986208,0.0007806340991914286,0.0007799971758986208,0.0007806340991914286,0.0,0.0,0.06638933047936135,0.06657047820485314,0.06657047820485314,0.1012212166783249,0.10099809425125802,0.9977377310414322,0.6175870717692993,0.2506929312921312,0.2506929312921312,-0.13229764579531342,-0.13229764579531342,0.0,0.0,0.0,0.0,0.0013057653488214005,0.0013057653488214005,0.00685749147950476,0.00685749147950476,-0.010000503694246701,-0.010000503694246701
14,6,sqp_full,sqp_full,,10,1,76,30.706808936714506,768.6877708965183,-704.5472349675207,-100.01954872751318,768.8667070431326,-704.6503290697889,-100.01935403362296,768.8671045030758,-704.6485677537305,-100.01932799756356,768.8671045030758,-704.6485677537305,-100.01932799756356,0.0018056047917166874,0.0018057924964565873,0.0018056047917166874,0.0018057924964565873,0.0,0.0,0.20651038348623343,0.20598270801690596,0.20598270801690596,0.1315164868714598,0.1318565919840056,1.0025588593521308,0.421792975867073,0.2601540040320752,0.2601540040320752,-0.08883963248296191,-0.08883963248296191,0.0,0.0,0.0,0.0,0.003486942077048944,0.003486942077048944,0.0050634548358991635,0.0050634548358991635,0.012332908851325815,0.012332908851325815
14,7,sqp_full,sqp_full,,10,1,77,31.11084934075488,768.3377331742684,-704.3454376064453,-100.01980594761204,768.4337604696118,-704.4007927389686,-100.0197858516874,768.4343156036796,-704.3984598476081,-100.01908606598386,768.4343156036796,-704.3984598476081,-100.01908606598386,0.002398031678856663,0.0024980504325761745,0.002398031678856663,0.0024980504325761745,0.0,0.0,0.11083966865542352,0.1101795068463822,0.1101795068463822,0.49971121899498827,0.49986023514218664,1.0002966361303811,0.10146137718417553,0.24621725352171522,0.24621725352171522,-0.01456075551501117,-0.01456075551501117,0.0,0.0,0.0,0.0,0.009917914417830881,0.009917914417830881,-0.0019023681787648569,-0.0019023681787648569,0.04783744349362383,0.04783744349362383
14,8,sqp_full,sqp_full,,10,1,78,31.514889744795305,767.9876954520184,-704.1436402453699,-100.0200631677109,768.0005913015032,-704.1510710560198,-100.0200750339888,768.0012603734175,-704.1483677840862,-100.02066031122651,768.0012603734175,-704.1483677840862,-100.02066031122651,0.0027848404574148536,0.0028456784460348175,0.0027848404574148536,0.0028456784460348175,0.0,0.0,0.014883543961278887,0.014365121471116172,0.014365121471116172,0.49999653074913797,0.500085343658551,1.0001740396762462,0.15345731091777856,0.2037774222827889,0.2037774222827889,0.00014633237235055124,0.00014633237235055124,0.0,0.0,0.0,0.0,0.005324218543553573,0.005324218543553573,-0.0023939985318901197,-0.0023939985318901197,0.04796579666379548,0.04796579666379548
14,9,sqp_full,sqp_full,,10,1,80,32.32297055287611,767.2876200075185,-703.7400455232189,-100.02057760790862,767.5674288277152,-703.9013568444764,-100.02025917554714,767.5682345604474,-703.8982111752986,-100.02031848374253,767.5682345604474,-703.8982111752986,-100.02031848374253,0.0032472203208467857,0.0032477618869248227,0.0032472203208467857,0.0032477618869248227,0.0,0.0,0.32297727199552845,0.3221193890676369,0.3221193890676369,0.4999869498826335,0.5000897924018802,1.0002047294401981,0.07942316884240855,0.1679511491674335,0.1679511491674335,0.012004646576635348,0.012004646576635348,0.0,0.0,0.0,0.0,0.004044792653075447,0.004044792653075447,-0.0027286064616611747,-0.0027286064616611747,0.048062588883945476,0.048062588883945476
14,10,sqp_full,sqp_full,,10,0,81,32.72701095691653,766.9375822852685,-703.5382481621434,-100.02083482800748,767.134249333227,-703.6516214738234,-100.021054940343,767.135148474516,-703.6482261596553,-100.01983246199468,nan,nan,nan,0.003512351542407726,0.003719014206693154,nan,nan,nan,nan,0.22700536459293477,0.22611403996772128,nan,0.5000128628763726,nan,nan,nan,0.13731197788980523,nan,0.021578594268059855,nan,0.0,nan,0.0,nan,0.013636268560795292,nan,-0.0029559472713480694,nan,0.048158172078410104,nan
14,11,sqp_full,sqp_full,,10,0,82,33.1310513609569,766.5875445630186,-703.3364508010679,-100.02109204810634,766.7010867421567,-703.4019100560062,-100.0207938731781,766.7020339667404,-703.3984338901989,-100.02334561557508,nan,nan,nan,0.0036029103695857123,0.004415014427127721,nan,nan,nan,nan,0.13106006447610116,0.13019111683520315,nan,0.4999856904423386,nan,nan,nan,0.11126189587509767,nan,0.02924474303465951,nan,0.0,nan,0.0,nan,-0.014187230116955359,nan,-0.003195777595176798,nan,0.04824597879274863,nan
14,12,sqp_full,sqp_full,,10,0,83,33.53509176499733,766.2375068407687,-703.1346534399925,-100.0213492682052,766.267908775074,-703.1521753427359,-100.02130900574147,766.2689087926428,-703.1485726949201,-100.01995587783294,nan,nan,nan,0.003738864322634722,0.003976186811494697,nan,nan,nan,nan,0.035089808851818005,0.03434862790927478,nan,0.5000108434220172,nan,nan,nan,0.08831271490282111,nan,0.03594583429343805,nan,0.0,nan,0.0,nan,-0.0002455114321891957,nan,-0.0033237056468842646,nan,0.048334911491185586,nan
14,13,sqp_full,sqp_full,,10,0,85,34.343172573078135,765.5374313962687,-702.7310587178416,-100.0218637084029,765.8347474973119,-702.9024656868827,-100.021648205955,765.8357833249573,-702.8988308709717,-100.02187180663475,nan,nan,nan,0.003779527168490381,0.003786135613172775,nan,nan,nan,nan,0.3431868484883767,0.3422884291327428,nan,0.49998371957053234,nan,nan,nan,0.06655288104100002,nan,0.042427472334021915,nan,0.0,nan,0.0,nan,0.0011951392628550604,nan,-0.003435225126655205,nan,0.04841759117667309,nan
14,14,sqp_full,sqp_full,,10,0,86,34.74721297711856,765.1873936740187,-702.529261356766,-100.02212092850176,765.401955470557,-702.6530391152062,-100.02198652371544,765.4030157862899,-702.6494011697794,-100.0222307101036,nan,nan,nan,0.0037893160836384985,0.0037971757101675713,nan,nan,nan,nan,0.24770486070758085,0.2468328786266565,nan,0.49952243947579006,nan,nan,nan,0.04556196075185633,nan,0.048889330713685404,nan,0.0,nan,0.0,nan,0.0011244311670009068,nan,-0.0035141144305267536,nan,0.048458108868205674,nan
15,0,sqp_full,sqp_full,,10,1,71,28.68660691651248,770.437959507768,-705.556221772898,-100.0182626270189,767.6473257397919,-704.0028822986008,-100.02018072895554,767.6473254683191,-704.0028836666328,-100.02018300038776,767.6473254683191,-704.0028836666328,-100.02018300038776,1.3947075376643666e-06,2.665448078409173e-06,1.3947075376643666e-06,2.665448078409173e-06,0.0,0.0,3.193822216307437,3.1938217881571265,3.1938217881571265,0.13119252143248106,0.13119344688587606,1.0000070539812178,0.0010916603713315245,-0.4999863206542456,-0.4999863206542456,0.16650998282544177,0.16650998282544177,0.0,0.0,0.0,0.0,-0.013137968420386965,-0.013137968420386965,0.007243174646257341,0.007243174646257341,-0.00999907535633483,-0.00999907535633483
15,1,sqp_full,sqp_full,,10,1,72,29.090647320552907,770.0879217855181,-705.3544244118225,-100.01851984711776,767.7408055144796,-704.0479810723898,-100.02031267834894,767.7408042347183,-704.0479865807165,-100.02031300210191,767.7408042347183,-704.0479865807165,-100.02031300210191,5.655037822160583e-06,5.664297728308795e-06,5.655037822160583e-06,5.664297728308795e-06,0.0,0.0,2.68621462078557,2.6862130600190754,2.6862130600190754,0.10379010108660838,0.10379098962256389,1.0000085599107906,0.0025395094904488414,-0.49999152573927325,-0.49999152573927325,0.2278229290098562,0.2278229290098562,0.0,0.0,0.0,0.0,-0.004105470665226962,-0.004105470665226962,-0.012329400592982664,-0.012329400592982664,-0.009999029686496007,-0.009999029686496007
15,2,sqp_full,sqp_full,,10,1,74,29.898728128633707,769.3878463410182,-704.9508296896717,-100.01903428731548,767.8341672560321,-704.0923294685281,-100.02014547046004,767.8341770846614,-704.0922909355131,-100.02014569362215,767.8341770846614,-704.0922909355131,-100.02014569362215,3.976675988192363e-05,3.976738604479305e-05,3.976675988192363e-05,3.976738604479305e-05,0.0,0.0,1.7750891044753,1.7750991382286796,1.7750991382286796,0.10335967774831226,0.10335082463415003,0.9999142536514934,0.02469642493682402,-0.44655893419718123,-0.44655893419718123,0.21320477376426586,0.21320477376426586,0.0,0.0,0.0,0.0,-0.0038606903293647264,-0.0038606903293647264,-0.022228413601359322,-0.022228413601359322,-0.009999833740196494,-0.009999833740196494
15,3,sqp_full,sqp_full,,10,1,75,30.30276853267408,769.0378086187683,-704.7490323285962,-100.01929150741434,767.9272421372386,-704.1355424968829,-100.02009447995701,767.9272190143537,-704.1356355211856,-100.0200909369323,767.9272190143537,-704.1356355211856,-100.0200909369323,9.585504004360536e-05,9.592049690152399e-05,9.585504004360536e-05,9.592049690152399e-05,0.0,0.0,1.2687504417783744,1.2687257043093778,1.2687257043093778,0.10261725942178766,0.10264286037648279,1.0002486371116228,0.07438246580083484,-0.2998076375251423,-0.2998076375251423,0.14718694867571935,0.14718694867571935,0.0,0.0,0.0,0.0,-0.0036661323395551274,-0.0036661323395551274,-0.005194682981285995,-0.005194682981285995,-0.010000043123953337,-0.010000043123953337
15,4,sqp_full,sqp_full,,10,1,76,30.706808936714506,768.6877708965183,-704.5472349675207,-100.01954872751318,768.0193578624109,-704.1784801730271,-100.02003106313076,768.0193362609878,-704.1785601588715,-100.02003093753,768.0193362609878,-704.1785601588715,-100.02003093753,8.28514138857213e-05,8.28515090895482e-05,8.28514138857213e-05,8.28515090895482e-05,0.0,0.0,0.7633846229960242,0.7633649039020721,0.7633649039020721,0.10163146598551674,0.10162733514088325,0.9999593465876866,0.007284034001965841,0.013790958672856256,0.013790958672856256,-0.018035968794043164,-0.018035968794043164,0.0,0.0,0.0,0.0,-0.0003618440986757648,-0.0003618440986757648,0.0011563892589909006,0.0011563892589909006,-0.010000074675915202,-0.010000074675915202
15,5,sqp_full,sqp_full,,10,1,77,31.11084934075488,768.3377331742684,-704.3454376064453,-100.01980594761204,768.1110891177758,-704.2210863700521,-100.019961132397,768.1111337101938,-704.2208871024801,-100.01995838410093,768.1111337101938,-704.2208871024801,-100.01995838410093,0.00020419610425167665,0.00020421459821181055,0.00020419610425167665,0.00020421459821181055,0.0,0.0,0.2585164566055871,0.2585732877867701,0.2585732877867701,0.10114304783858584,0.10108584025464373,0.9994305233336614,0.15936504621228603,0.16639460907171935,0.16639460907171935,-0.09849628994434455,-0.09849628994434455,0.0,0.0,0.0,0.0,0.0013186168622104292,0.0013186168622104292,0.004750830073347203,0.004750830073347203,-0.010000056284142857,-0.010000056284142857
15,6,sqp_full,sqp_full,,10,1,78,31.514889744795305,767.9876954520184,-704.1436402453699,-100.0200631677109,768.0004184273554,-704.150921159333,-100.02003683594391,768.0005685188519,-704.150312477379,-100.02002655137021,768.0005685188519,-704.150312477379,-100.02002655137021,0.0006269140120794404,0.0006269983660248775,0.0006269140120794404,0.0006269983660248775,0.0,0.0,0.014658983919948963,0.014499466531046985,0.014499466531046985,0.13103878908329084,0.13116952348546143,1.0009929681970058,0.17574469532773643,0.21478327009448522,0.21478327009448522,-0.08057960902900718,-0.08057960902900718,0.0,0.0,0.0,0.0,0.0028527493205404812,0.0028527493205404812,0.0032874561126846414,0.0032874561126846414,0.012370288257963737,0.012370288257963737
15,7,sqp_full,sqp_full,,10,1,80,32.32297055287611,767.2876200075185,-703.7400455232189,-100.02057760790862,767.5674246937235,-703.9013521836542,-100.02038315348022,767.5677140996853,-703.9002665696551,-100.02038728196912,767.5677140996853,-703.9002665696551,-100.02038728196912,0.0011235272875315717,0.0011235348727336556,0.0011235272875315717,0.0011235348727336556,0.0,0.0,0.32297136269815024,0.3226817072408141,0.3226817072408141,0.49976831324289117,0.49988602129698256,1.0002350583612685,0.055359298038461804,0.2174441279781032,0.2174441279781032,-0.018713527771319603,-0.018713527771319603,0.0,0.0,0.0,0.0,0.004224662168149847,0.004224662168149847,-0.0023727726804628605,-0.0023727726804628605,0.048067935806212464,0.048067935806212464
15,8,sqp_full,sqp_full,,10,1,81,32.72701095691653,766.9375822852685,-703.5382481621434,-100.02083482800748,767.1342575762089,-703.6516325695062,-100.02069903200737,767.1346854092442,-703.6501009844343,-100.0207009504233,767.1346854092442,-703.6501009844343,-100.0207009504233,0.0015902182047958487,0.00159021936196985,0.0015902182047958487,0.00159021936196985,0.0,0.0,0.22701804751936164,0.22662898167580212,0.22662898167580212,0.49999373712616796,0.5000967558001816,1.0002056250298583,0.052187211129949056,0.18914888241811825,0.18914888241811825,-0.0082134862662186,-0.0082134862662186,0.0,0.0,0.0,0.0,0.003560325381155913,0.003560325381155913,-0.0026767127848206828,-0.0026767127848206828,0.048177992153565795,0.048177992153565795
15,9,sqp_full,sqp_full,,10,1,82,33.1310513609569,766.5875445630186,-703.3364508010679,-100.02109204810634,766.7010786858256,-703.4018990476546,-100.02101442881018,766.7016494728117,-703.3999238776801,-100.02101427282561,766.7016494728117,-703.3999238776801,-100.02101427282561,0.0020559898375226487,0.0020559898434397944,0.0020559898375226487,0.0020559898434397944,0.0,0.0,0.13104758686377768,0.13057090753110293,0.13057090753110293,0.5000108823668525,0.5001087933208445,1.0001954024218473,0.052207929005016786,0.16227381343321867,0.16227381343321867,0.0015519751224740536,0.0015519751224740536,0.0,0.0,0.0,0.0,0.003093250188182243,0.003093250188182243,-0.0028750919414634035,-0.0028750919414634035,0.048266227025068574,0.048266227025068574
15,10,sqp_full,sqp_full,,10,0,83,33.53509176499733,766.2375068407687,-703.1346534399925,-100.0213492682052,766.2679183995049,-703.1521888109459,-100.02133188206031,766.2686191524654,-703.1498437509612,-100.02133497602654,nan,nan,nan,0.002447521408211828,0.0024475233637868046,nan,nan,nan,nan,0.03510487344007562,0.034622557479741724,nan,0.4999831364547242,nan,nan,nan,0.13544866717870663,nan,0.01128068527098802,nan,0.0,nan,0.0,nan,0.0026062611746389196,nan,-0.003051356089740343,nan,0.048348499126173165,nan
15,11,sqp_full,sqp_full,,10,0,85,34.343172573078135,765.5374313962687,-702.7310587178416,-100.0218637084029,765.8347394320627,-702.9024540002132,-100.0216437724649,765.8355716171184,-702.8997485374168,-100.02164270756502,nan,nan,nan,0.002830558409441968,0.0028305586097578674,nan,nan,nan,nan,0.34317402431846056,0.3425548810287271,nan,0.5000115906672574,nan,nan,nan,0.11184651608466277,nan,0.019659975317647568,nan,0.0,nan,0.0,nan,0.0024189663672981657,nan,-0.0031022513072646004,nan,0.04843283862490537,nan
15,12,sqp_full,sqp_full,,10,0,86,34.74721297711856,765.1873936740187,-702.529261356766,-100.02212092850176,765.4015732999704,-702.6527392253681,-100.0219675823405,765.4025356394822,-702.649692972305,-100.02192955189324,nan,nan,nan,0.0031946447470468805,0.0031948711045601346,nan,nan,nan,nan,0.24722397983865518,0.24655595576818518,nan,0.49999047152982795,nan,nan,nan,0.0898773301510734,nan,0.02745589966679204,nan,0.0,nan,0.0,nan,0.002459521233322,nan,-0.003180024448071616,nan,0.04851099701979022,nan
15,13,sqp_full,sqp_full,,10,0,87,35.15125338115893,764.8373559517688,-702.3274639956907,-100.02237814860062,764.9683999420573,-702.403013737178,-100.02229556549838,764.9694579854264,-702.3997471064963,-100.02223118580338,nan,nan,nan,0.0034337052553831326,0.00343430874063104,nan,nan,nan,nan,0.1512623245541651,0.1505848445368942,nan,0.5000020850260649,nan,nan,nan,0.06828753732633586,nan,0.03535502544659282,nan,0.0,nan,0.0,nan,0.002339738622567642,nan,-0.003273616400930634,nan,0.04859199892453489,nan
15,14,sqp_full,sqp_full,,10,0,88,35.55529378519936,764.4873182295189,-702.1256666346152,-100.02263536869948,764.535578234618,-702.1535631482633,-100.02263300864708,764.5367000531571,-702.1501874999159,-100.0225641428476,nan,nan,nan,0.0035571728380713184,0.0035578393862357423,nan,nan,nan,nan,0.05574265481558869,0.05513471992249319,nan,0.4995601471378909,nan,nan,nan,0.04675367798746526,nan,0.043490300222655966,nan,0.0,nan,0.0,nan,0.001725207725058333,nan,-0.0033907869923658802,nan,0.04863124971583868,nan
16,0,sqp_full,sqp_full,,10,1,74,29.898728128633707,769.3878463410182,-704.9508296896717,-100.01903428731548,766.7807816747807,-703.5006236902285,-100.0210350582846,766.7807821830522,-703.5006214887144,-100.02103511826121,766.7807821830522,-703.5006214887144,-100.02103511826121,2.2594256367850354e-06,2.2602215385256114e-06,2.2594256367850354e-06,2.2602215385256114e-06,0.0,0.0,2.983267271761764,2.9832678977715563,2.9832678977715563,0.12807169112566802,0.1280702741957371,0.9999889363369484,0.0007878008666522012,-0.49998959570431634,-0.49998959570431634,0.19203116028969233,0.19203116028969233,0.0,0.0,0.0,0.0,-0.005107900963308367,-0.005107900963308367,0.009168315552572899,0.009168315552572899,-0.009999247053940945,-0.009999247053940945
16,1,sqp_full,sqp_full,,10,1,75,30.30276853267408,769.0378086187683,-704.7490323285962,-100.01929150741434,766.874009726009,-703.5460425063432,-100.02093880725943,766.8740104071076,-703.5460395109301,-100.02093382196504,766.8740104071076,-703.5460395109301,-100.02093382196504,3.071871480751785e-06,5.855728349722918e-06,3.071871480751785e-06,5.855728349722918e-06,0.0,0.0,2.4757241689555056,2.47572502918685,2.47572502918685,0.10370317091271701,0.1037029833873439,0.9999981904978055,0.0028215165230071363,-0.4999940346640243,-0.4999940346640243,0.25368244390399486,0.25368244390399486,0.0,0.0,0.0,0.0,-0.005896114840844114,-0.005896114840844114,-0.013015296223234217,-0.013015296223234217,-0.009999241086945504,-0.009999241086945504
16,2,sqp_full,sqp_full,,10,1,76,30.706808936714506,768.6877708965183,-704.5472349675207,-100.01954872751318,766.9671093552553,-703.5906808662788,-100.02075581412095,766.9670669996077,-703.5908390472821,-100.02061768743408,766.9670669996077,-703.5908390472821,-100.02061768743408,0.0001637535668236935,0.00021422934502128376,0.0001637535668236935,0.00021422934502128376,0.0,0.0,1.9686726208753753,1.9686327887883135,1.9686327887883135,0.10324803935194125,0.10327936776592053,1.0003013379211727,0.11714438294877669,-0.44460160240659274,-0.44460160240659274,0.23677596005954094,0.23677596005954094,0.0,0.0,0.0,0.0,-0.006007762758864185,-0.006007762758864185,-0.023496945193784494,-0.023496945193784494,-0.010000130879972835,-0.010000130879972835
16,3,sqp_full,sqp_full,,10,1,77,31.11084934075488,768.3377331742684,-704.3454376064453,-100.01980594761204,767.0594899800346,-703.6340515369301,-100.02074450215113,767.0593589893125,-703.6345457577476,-100.020751835768,767.0593589893125,-703.6345457577476,-100.020751835768,0.0005112854248908374,0.0005113380170123767,0.0005112854248908374,0.0005113380170123767,0.0,0.0,1.4628656136177651,1.4627398187327567,1.4627398187327567,0.10205486286951815,0.1021180978042999,1.0006129950603861,0.20844820570077077,-0.18010419135165953,-0.18010419135165953,0.09447252715897722,0.09447252715897722,0.0,0.0,0.0,0.0,-0.000754243049895925,-0.000754243049895925,-0.008373267353438383,-0.008373267353438383,-0.010000178497567623,-0.010000178497567623
16,4,sqp_full,sqp_full,,10,1,78,31.514889744795305,767.9876954520184,-704.1436402453699,-100.0200631677109,767.1509265415939,-703.6770750125492,-100.02067173290125,767.1508704581946,-703.6772777913097,-100.02064708765424,767.1508704581946,-703.6772777913097,-100.02064708765424,0.0002103914765547364,0.000211830029993527,0.0002103914765547364,0.000211830029993527,0.0,0.0,0.9580528826374732,0.9580031361352953,0.9580031361352953,0.10105280569831394,0.10099696332804078,0.9994430631446273,0.16867582018215904,0.1060711588077473,0.1060711588077473,-0.07048652806750827,-0.07048652806750827,0.0,0.0,0.0,0.0,0.0006778174965106956,0.0006778174965106956,0.0011921913899774332,0.0011921913899774332,-0.01000014032330541,-0.01000014032330541
16,5,sqp_full,sqp_full,,10,1,80,32.32297055287611,767.2876200075185,-703.7400455232189,-100.02057760790862,767.2419851230123,-703.7197990286078,-100.02060588498932,767.2421380810891,-703.7191912387711,-100.02060325942166,767.2421380810891,-703.7191912387711,-100.02060325942166,0.0006267413013516059,0.0006267468008896421,0.0006267413013516059,0.0006267468008896421,0.0,0.0,0.04992457539054409,0.050035055826456044,0.050035055826456044,0.100583354159955,0.10043165829468377,0.9984583218062507,0.46946382336319636,0.23772287655700802,0.23772287655700802,-0.1437672377852337,-0.1437672377852337,0.0,0.0,0.0,0.0,0.0024529851465798264,0.0024529851465798264,0.005953542852289035,0.005953542852289035,-0.010000075992584139,-0.010000075992584139
16,6,sqp_full,sqp_full,,10,1,81,32.72701095691653,766.9375822852685,-703.5382481621434,-100.02083482800748,767.1340921398526,-703.6514836398921,-100.02067512474687,767.134500108367,-703.6499099551937,-100.02067181083319,767.134500108367,-703.6499099551937,-100.02067181083319,0.0016257065660393185,0.0016257099436514416,0.0016257065660393185,0.0016257099436514416,0.0,0.0,0.22680034472991087,0.22637355207935078,0.22637355207935078,0.12770236076377964,0.12800716435094517,1.0023590784262395,0.42633417396544665,0.26649029099668026,0.26649029099668026,-0.11927873851990524,-0.11927873851990524,0.0,0.0,0.0,0.0,0.0034305317162827303,0.0034305317162827303,0.004939421355363152,0.004939421355363152,0.012086483397153859,0.012086483397153859
16,7,sqp_full,sqp_full,,10,1,82,33.1310513609569,766.5875445630186,-703.3364508010679,-100.02109204810634,766.7010699602829,-703.4018914867927,-100.02101311852824,766.7017198973463,-703.3994661830011,-100.02101340282272,766.7017198973463,-703.3994661830011,-100.02101340282272,0.0025108796601588843,0.0025108796762535104,0.0025108796601588843,0.0025108796762535104,0.0,0.0,0.1310362513662836,0.13041067950520518,0.13041067950520518,0.4998045269181572,0.5000209103290134,1.0004314609331828,0.09839222643509543,0.25082138193250497,0.25082138193250497,-0.05122958826791353,-0.05122958826791353,0.0,0.0,0.0,0.0,0.005111592913858936,0.005111592913858936,-0.0007832868691462745,-0.0007832868691462745,0.048244519790952976,0.048244519790952976
16,8,sqp_full,sqp_full,,10,1,83,33.53509176499733,766.2375068407687,-703.1346534399925,-100.0213492682052,766.2679018124737,-703.1521709649458,-100.02134060579834,766.268766498925,-703.1490237001065,-100.02134725558751,766.268766498925,-703.1490237001065,-100.02134725558751,0.0032638870427151878,0.0032638938167930953,0.0032638870427151878,0.0032638938167930953,0.0,0.0,0.03508159040639302,0.03440451429380667,0.03440451429380667,0.4999950905317,0.5001701649445488,1.0003490787736924,0.08393839780741161,0.20994098451543325,0.20994098451543325,-0.031623440732379764,-0.031623440732379764,0.0,0.0,0.0,0.0,0.0048590780085903075,0.0048590780085903075,-0.0014519635327433233,-0.0014519635327433233,0.04834683196827666,0.04834683196827666
16,9,sqp_full,sqp_full,,10,1,85,34.343172573078135,765.5374313962687,-702.7310587178416,-100.0218637084029,765.8347351978769,-702.9024528725113,-100.02166833642161,765.8357906653778,-702.898692440469,-100.02168200555462,765.8357906653778,-702.898692440469,-100.02168200555462,0.0039057471488056867,0.0039057710679968514,0.0039057471488056867,0.0039057710679968514,0.0,0.0,0.34316979282210225,0.3422269983873288,0.3422269983873288,0.4999925490423008,0.5001339061142492,1.0002819334557949,0.07177674468382961,0.17412813107493777,0.17412813107493777,-0.015277675561936035,-0.015277675561936035,0.0,0.0,0.0,0.0,0.0036937929618155612,0.0036937929618155612,-0.0019365225351030337,-0.0019365225351030337,0.048429006131935515,0.048429006131935515
16,10,sqp_full,sqp_full,,10,0,86,34.74721297711856,765.1873936740187,-702.529261356766,-100.02212092850176,765.4015601333626,-702.6527226168736,-100.02195760846902,765.4028257856816,-702.6483071484444,-100.02216354663655,nan,nan,nan,0.004593281750732929,0.004597896015620945,nan,nan,nan,nan,0.24720427798735325,0.24613592840499565,nan,0.5000059207409395,nan,nan,nan,0.14292300089803048,nan,-0.0014929520681406863,nan,0.0,nan,0.0,nan,0.001866088137541271,nan,-0.0022977436777449306,nan,0.04850998903005916,nan
16,11,sqp_full,sqp_full,,10,0,87,35.15125338115893,764.8373559517688,-702.3274639956907,-100.02237814860062,764.968395620446,-702.40300881457,-100.02228153836096,764.9698077911096,-702.3981704211501,-100.02248184035106,nan,nan,nan,0.005040265555382311,0.005044244022250859,nan,nan,nan,nan,0.1512561219473116,0.15014289309183584,nan,0.49998858311148686,nan,nan,nan,0.11401918172033922,nan,0.010816036980534642,nan,0.0,nan,0.0,nan,0.0022699427458903413,nan,-0.002612284679374438,nan,0.048588173433180094,nan
16,12,sqp_full,sqp_full,,10,0,88,35.55529378519936,764.4873182295189,-702.1256666346152,-100.02263536869948,764.5352187707902,-702.1532749343467,-100.02256332596677,764.536771110711,-702.1480399988222,-100.02277922773143,nan,nan,nan,0.005460248087292281,0.005464514868381516,nan,nan,nan,nan,0.05528725050263081,0.05427849375351382,nan,0.5000092733274938,nan,nan,nan,0.09096661581006664,nan,0.02051884718606483,nan,0.0,nan,0.0,nan,0.0025294030775920135,nan,-0.0028238253859234294,nan,0.04866689232580325,nan
16,13,sqp_full,sqp_full,,10,0,90,36.363374593280156,763.787242785019,-701.7220719124642,-100.0231498088972,764.1020523928543,-701.9035605933907,-100.02301921539103,764.1036854223088,-701.898102009607,-100.02273891004045,nan,nan,nan,0.005697624252485991,0.005704515160123799,nan,nan,nan,nan,0.3633775316248693,0.36210846136897484,nan,0.4999905707994436,nan,nan,nan,0.06862656226844742,nan,0.029983026070040244,nan,0.0,nan,0.0,nan,0.004731832987114501,nan,-0.0030285381818906804,nan,0.048743815021525305,nan
16,14,sqp_full,sqp_full,,10,0,91,36.76741499732053,763.4372050627691,-701.5202745513889,-100.02340702899606,763.6692131831385,-701.6541029448792,-100.0232186796693,763.6709762592712,-701.6482576666589,-100.0230031893039,nan,nan,nan,0.006105384093107342,0.006109185790426408,nan,nan,nan,nan,0.2678391435574929,0.2665120074373728,nan,0.49957876221286246,nan,nan,nan,0.04680408936885782,nan,0.03961829636613686,nan,0.0,nan,0.0,nan,-0.0008004457452713428,nan,-0.003240706778497914,nan,0.04878313783506009,nan
17,0,sqp_full,sqp_full,,10,1,76,30.706808936714506,768.6877708965183,-704.5472349675207,-100.01954872751318,765.9143703672285,-702.9987468436614,-100.0216088905557,765.9143739761558,-702.998732920823,-100.02161273251598,765.9143739761558,-702.998732920823,-100.02161273251598,1.4382968535705103e-05,1.4887257728489493e-05,1.4382968535705103e-05,1.4887257728489493e-05,0.0,0.0,3.176407714006298,3.176411350329641,3.176411350329641,0.1272228693550233,0.12721414717342483,0.9999314372196917,0.005433558898469342,-0.4999927847576205,-0.4999927847576205,0.20685345353798087,0.20685345353798087,0.0,0.0,0.0,0.0,-0.005498042675032304,-0.005498042675032304,0.01611795204665419,0.01611795204665419,-0.010000135334509289,-0.010000135334509289
17,1,sqp_full,sqp_full,,10,1,77,31.11084934075488,768.3377331742684,-704.3454376064453,-100.01980594761204,766.0075041462833,-703.0444127283622,-100.02150356045439,766.007514660639,-703.044373068376,-100.02151197337608,766.007514660639,-703.044373068376,-100.02151197337608,4.1030064346931306e-05,4.188368932794188e-05,4.1030064346931306e-05,4.188368932794188e-05,0.0,0.0,2.6688261569940326,2.668836310732182,2.668836310732182,0.1037269729673631,0.1037218411283434,0.9999504927648071,0.014663121751200785,-0.49999855182227515,-0.49999855182227515,0.26872543791384984,0.26872543791384984,0.0,0.0,0.0,0.0,-0.006324036891209534,-0.006324036891209534,-0.009205716968356927,-0.009205716968356927,-0.010000498335659708,-0.010000498335659708
17,2,sqp_full,sqp_full,,10,1,78,31.514889744795305,767.9876954520184,-704.1436402453699,-100.0200631677109,766.1005174597176,-703.0894987484749,-100.02144784223437,766.1005063258885,-703.089535926146,-100.02144287165865,766.1005063258885,-703.089535926146,-100.02144287165865,3.880903739040719e-05,3.912605277954458e-05,3.880903739040719e-05,3.912605277954458e-05,0.0,0.0,2.1616325011667246,2.1616240916470675,2.1616240916470675,0.10336454319619813,0.10337861627478126,1.0001358526197481,0.04418105399462182,-0.4622722222777857,-0.4622722222777857,0.2616952951929673,0.2616952951929673,0.0,0.0,0.0,0.0,-0.00599481017215576,-0.00599481017215576,-0.02152465034375096,-0.02152465034375096,-0.010003072991520734,-0.010003072991520734
17,3,sqp_full,sqp_full,,10,1,80,32.32297055287611,767.2876200075185,-703.7400455232189,-100.02057760790862,766.1933688169638,-703.1335827514912,-100.02136019580009,766.1933043000869,-703.1338122545599,-100.02132788959211,766.1933043000869,-703.1338122545599,-100.02132788959211,0.00023839900570664138,0.00024057800605102925,0.00023839900570664138,0.00024057800605102925,0.0,0.0,1.2510726443824516,1.2510178430224306,1.2510178430224306,0.10278512317593486,0.10281960170127298,1.0003335782022722,0.11062485400535485,-0.3848827490719516,-0.3848827490719516,0.2294972801241591,0.2294972801241591,0.0,0.0,0.0,0.0,-0.0044999495056837705,-0.0044999495056837705,-0.011416976855971579,-0.011416976855971579,-0.010002734654950333,-0.010002734654950333
17,4,sqp_full,sqp_full,,10,1,81,32.72701095691653,766.9375822852685,-703.5382481621434,-100.02083482800748,766.2849822547014,-703.1771009190749,-100.0213014041228,766.284911757393,-703.1773504713484,-100.02129081580044,766.284911757393,-703.1773504713484,-100.02129081580044,0.00025931873778664127,0.0002595348152707247,0.00025931873778664127,0.0002595348152707247,0.0,0.0,0.7458646868381821,0.7458055786721267,0.7458055786721267,0.10142414081673289,0.10142733324741073,1.0000314323367951,0.0169396837113447,-0.04941828811946586,-0.04941828811946586,0.023941339373467655,0.023941339373467655,0.0,0.0,0.0,0.0,-0.0005044470109421519,-0.0005044470109421519,-0.0002750343957215413,-0.0002750343957215413,-0.01000207946489069,-0.01000207946489069
17,5,sqp_full,sqp_full,,10,1,82,33.1310513609569,766.5875445630186,-703.3364508010679,-100.02109204810634,766.3759323004383,-703.2202244198131,-100.02123159252906,766.375888587424,-703.2203728389192,-100.02122921493411,766.375888587424,-703.2203728389192,-100.02122921493411,0.00015472252146436256,0.0001547407884368456,0.00015472252146436256,0.0001547407884368456,0.0,0.0,0.24142974417817245,0.24139665553094342,0.24139665553094342,0.10065561091727186,0.10063653167983379,0.9998099248115389,0.05874547546488145,0.14772513107768914,0.14772513107768914,-0.10042222988251501,-0.10042222988251501,0.0,0.0,0.0,0.0,0.0012933424275254621,0.0012933424275254621,0.005039042823639977,0.005039042823639977,-0.010001145927164461,-0.010001145927164461
17,6,sqp_full,sqp_full,,10,1,83,33.53509176499733,766.2375068407687,-703.1346534399925,-100.0213492682052,766.2677704163975,-703.1520528270702,-100.02131028040927,766.2678024722815,-703.151935196091,-100.02125744939939,766.2678024722815,-703.151935196091,-100.02125744939939,0.00012192057643551488,0.00013287491322282562,0.00012192057643551488,0.00013287491322282562,0.0,0.0,0.03490877655435827,0.034878136168770654,0.034878136168770654,0.12785290535673927,0.12793091901363052,1.0006079505105765,0.12102928816278725,0.21331815660183606,0.21331815660183606,-0.1057823765745499,-0.1057823765745499,0.0,0.0,0.0,0.0,0.0033882321320591476,0.0033882321320591476,0.0045216804281903045,0.0045216804281903045,0.012179789506513163,0.012179789506513163
17,7,sqp_full,sqp_full,,10,1,85,34.343172573078135,765.5374313962687,-702.7310587178416,-100.0218637084029,765.8347303363823,-702.9024453723729,-100.0216585893834,765.8348918458959,-702.9019177060668,-100.02152014877652,765.8348918458959,-702.9019177060668,-100.02152014877652,0.0005518306384345295,0.0005689313272695197,0.0005518306384345295,0.0005689313272695197,0.0,0.0,0.34316183520918886,0.34303864643753096,0.34303864643753096,0.49982768396625854,0.49992041843331614,1.0001851653883755,0.04911542954057832,0.21348371676181044,0.21348371676181044,-0.05179386518004779,-0.05179386518004779,0.0,0.0,0.0,0.0,0.004930761555266292,0.004930761555266292,-0.0007435992072299535,-0.0007435992072299535,0.04844979230119962,0.04844979230119962
17,8,sqp_full,sqp_full,,10,1,86,34.74721297711856,765.1873936740187,-702.529261356766,-100.02212092850176,765.401561389304,-702.6527256372157,-100.02196845394397,765.4018874207874,-702.6517056035268,-100.0218300828543,765.4018874207874,-702.6517056035268,-100.0218300828543,0.0010708712595500975,0.0010797739638400128,0.0010708712595500975,0.0010797739638400128,0.0,0.0,0.2472068745351819,0.24698210657385503,0.24698210657385503,0.49999537883463124,0.5000990146761507,1.0002067560836931,0.0582846417343442,0.18621340381492996,0.18621340381492996,-0.03691777441372467,-0.03691777441372467,0.0,0.0,0.0,0.0,0.0039377046224338625,0.0039377046224338625,-0.0013236276320361738,-0.0013236276320361738,0.048539493039773896,0.048539493039773896
17,9,sqp_full,sqp_full,,10,1,87,35.15125338115893,764.8373559517688,-702.3274639956907,-100.02237814860062,764.9683888171035,-702.4029984373072,-100.02229104641177,764.9688747882166,-702.4015449749126,-100.02222091318549,764.9688747882166,-702.4015449749126,-100.02222091318549,0.0015325537039159371,0.00153415759451669,0.0015325537039159371,0.00153415759451669,0.0,0.0,0.15124504510277198,0.15094765921679304,0.15094765921679304,0.5000022557417674,0.5000804263546135,1.0001559165504106,0.05275592464218558,0.15948212622644561,0.15948212622644561,-0.02294835536063416,-0.02294835536063416,0.0,0.0,0.0,0.0,0.0038274796870506863,0.0038274796870506863,-0.0017790229339950212,-0.0017790229339950212,0.048613325969898806,0.048613325969898806
17,10,sqp_full,sqp_full,,10,0,88,35.55529378519936,764.4873182295189,-702.1256666346152,-100.02263536869948,764.5352234952248,-702.1532835637967,-100.02261047762914,764.5359076493812,-702.1513000921904,-100.02264649307992,nan,nan,nan,0.002098148355715008,0.002098457441856775,nan,nan,nan,nan,0.05529565317253005,0.05493638020306456,nan,0.4999898160632146,nan,nan,nan,0.13113493243221738,nan,-0.008280887320129696,nan,0.0,nan,0.0,nan,0.0028781433307121748,nan,-0.002111816446033062,nan,0.04868640178098006,nan
17,11,sqp_full,sqp_full,,10,0,90,36.363374593280156,763.787242785019,-701.7220719124642,-100.0231498088972,764.1020495248449,-701.903553254688,-100.02292203393587,764.1029083000361,-701.9011551661517,-100.02292383153986,nan,nan,nan,0.0025472187688553227,0.0025472194031509934,nan,nan,nan,nan,0.36337138166777655,0.36292634118003225,nan,0.5000050129444616,nan,nan,nan,0.10744010650984756,nan,0.003411306475829082,nan,0.0,nan,0.0,nan,0.0022330055009679296,nan,-0.0023918694555325904,nan,0.04875928805931481,nan
17,12,sqp_full,sqp_full,,10,0,91,36.76741499732053,763.4372050627691,-701.5202745513889,-100.02340702899606,763.6688817151764,-701.6538370358272,-100.02324084085502,763.669917649699,-701.6510314996655,-100.02322478180618,nan,nan,nan,0.002990684451697455,0.0029907275674448475,nan,nan,nan,nan,0.26741916258944354,0.26693169095897556,nan,0.49999264287883394,nan,nan,nan,0.0853827266776428,nan,0.01414117616917214,nan,0.0,nan,0.0,nan,0.0018767152322367565,nan,-0.002595084419518447,nan,0.04882927694408106,nan
17,13,sqp_full,sqp_full,,10,0,92,37.17145540136096,763.087167340519,-701.3184771903134,-100.02366424909492,763.2357118172637,-701.4041145186311,-100.02356440476164,763.2369071968201,-701.4009711381879,-100.02354124436455,nan,nan,nan,0.0033630005790102895,0.003363080328867775,nan,nan,nan,nan,0.1714619887109726,0.17095986663830806,nan,0.4999976007403619,nan,nan,nan,0.06508479157215694,nan,0.023654286018134404,nan,0.0,nan,0.0,nan,0.0017275416459680937,nan,-0.002790582753598344,nan,0.04889870356066212,nan
17,14,sqp_full,sqp_full,,10,0,93,37.57549580540139,762.7371296182691,-701.1166798292379,-100.02392146919378,762.8028281841678,-701.1546204870592,-100.02389680797441,762.8041981602004,-701.1510759830173,-100.02383336986728,nan,nan,nan,0.0038000451620056933,0.0038005746442766946,nan,nan,nan,nan,0.07586695642411906,0.07537429742031374,nan,0.49963548921605255,nan,nan,nan,0.04423268217882952,nan,0.03263511735712392,nan,0.0,nan,0.0,nan,0.0012532878079837234,nan,-0.0029476128832388263,nan,0.048931723879256546,nan
18,0,sqp_full,sqp_full,,10,1,78,31.514889744795305,767.9876954520184,-704.1436402453699,-100.0200631677109,765.0478995302906,-702.4968555167823,-100.02225007555882,765.047908045793,-702.4968259488522,-100.0222468776312,765.047908045793,-702.4968259488522,-100.0222468776312,3.076972977021887e-05,3.093546526524028e-05,3.076972977021887e-05,3.093546526524028e-05,0.0,0.0,3.36961422179397,3.3696212429613777,3.3696212429613777,0.12381037962071255,0.12379305502400174,0.9998600501068254,0.011861314589264545,-0.49998805568197574,-0.49998805568197574,0.24117238629823887,0.24117238629823887,0.0,0.0,0.0,0.0,-0.006842689656274628,-0.006842689656274628,0.027625348446253153,0.027625348446253153,-0.010000031211772899,-0.010000031211772899
18,1,sqp_full,sqp_full,,10,1,80,32.32297055287611,767.2876200075185,-703.7400455232189,-100.02057760790862,765.1408101186319,-702.5426481489881,-100.0221666859219,765.140826947589,-702.5425884427541,-100.02217052147012,765.140826947589,-702.5425884427541,-100.02217052147012,6.203263794933697e-05,6.21511029752727e-05,6.203263794933697e-05,6.21511029752727e-05,0.0,0.0,2.458160525847785,2.458174912758798,2.458174912758798,0.10358257355405023,0.10357670582409632,0.9999433059010469,0.017426373709835047,-0.4999910283137749,-0.4999910283137749,0.30411207250877365,0.30411207250877365,0.0,0.0,0.0,0.0,-0.003765691651705163,-0.003765691651705163,-0.0025803427116799053,-0.0025803427116799053,-0.00999989148402957,-0.00999989148402957
18,2,sqp_full,sqp_full,,10,1,81,32.72701095691653,766.9375822852685,-703.5382481621434,-100.02083482800748,765.2335489392694,-702.588050218957,-100.02211430669833,765.2338321662045,-702.5870670754076,-100.02209794308982,765.2338321662045,-702.5870670754076,-100.02209794308982,0.0010231269401025226,0.0010232577892432656,0.0010231269401025226,0.0010232577892432656,0.0,0.0,1.9510524789232069,1.9512841740696634,1.9512841740696634,0.10325618409712786,0.10309376664016444,0.9983849434972215,0.5261668684547635,-0.4719643294211367,-0.4719643294211367,0.30500285264587207,0.30500285264587207,0.0,0.0,0.0,0.0,-0.007606868360884929,-0.007606868360884929,-0.021319976871415677,-0.021319976871415677,-0.00999966328063399,-0.00999966328063399
18,3,sqp_full,sqp_full,,10,1,82,33.1310513609569,766.5875445630186,-703.3364508010679,-100.02109204810634,765.3257606587251,-702.6322456870961,-100.02198071559089,765.3260473058275,-702.6312483896891,-100.02180266064258,765.3260473058275,-702.6312483896891,-100.02180266064258,0.0010376746500214986,0.0010528400846833634,0.0010376746500214986,0.0010528400846833634,0.0,0.0,1.4449925479663341,1.4452286223692135,1.4452286223692135,0.10225584802633858,0.10225315495897325,0.999972403482426,0.09095387501219118,-0.2982468106257249,-0.2982468106257249,0.20007120364409298,0.20007120364409298,0.0,0.0,0.0,0.0,-0.006782308018878687,-0.006782308018878687,-0.0152587223452611,-0.0152587223452611,-0.009999949740937038,-0.009999949740937038
18,4,sqp_full,sqp_full,,10,1,83,33.53509176499733,766.2375068407687,-703.1346534399925,-100.0213492682052,765.4166477058737,-702.6758370886629,-100.02188533678454,765.4169299879446,-702.6748388639106,-100.0220091957711,765.4169299879446,-702.6748388639106,-100.0220091957711,0.0010373696658776146,0.0010447377049941572,0.0010373696658776146,0.0010447377049941572,0.0,0.0,0.9403840511130938,0.9406252259895632,0.9406252259895632,0.1008001722570988,0.10079600194658118,0.9999541422883732,0.17161674904179222,0.048889191383333114,0.048889191383333114,-0.040111903997378594,-0.040111903997378594,0.0,0.0,0.0,0.0,-0.0006571927339381184,-0.0006571927339381184,-0.0011681397330889796,-0.0011681397330889796,-0.010000093315373104,-0.010000093315373104
18,5,sqp_full,sqp_full,,10,1,85,34.343172573078135,765.5374313962687,-702.7310587178416,-100.0218637084029,765.5069397082078,-702.719021886879,-100.02192561588895,765.5073130831221,-702.7177134658037,-100.02188452162306,765.5073130831221,-702.7177134658037,-100.02188452162306,0.0013606522468117444,0.001361272667558556,0.0013606522468117444,0.001361272667558556,0.0,0.0,0.03278152437618625,0.03294250352898772,0.03294250352898772,0.10008783195211708,0.10003674787288004,0.9994831628383771,0.2057541600097715,0.2172575043945906,0.2172575043945906,-0.15607697301471815,-0.15607697301471815,0.0,0.0,0.0,0.0,0.008463736761403383,0.008463736761403383,0.006107039549874596,0.006107039549874596,-0.01000008441532328,-0.01000008441532328
18,6,sqp_full,sqp_full,,10,1,86,34.74721297711856,765.1873936740187,-702.529261356766,-100.02212092850176,765.4014498056712,-702.6526168776314,-100.02187380081264,765.4018989437432,-702.6509998847141,-100.02184831475452,765.4018989437432,-702.6509998847141,-100.02184831475452,0.001678210684751233,0.0016784041949337613,0.001678210684751233,0.0016784041949337613,0.0,0.0,0.24705588846646018,0.2466430212401463,0.2466430212401463,0.12465050130327095,0.12475112822628041,1.000804341760578,0.13866020055577427,0.2632283919036263,0.2632283919036263,-0.15401360466070738,-0.15401360466070738,0.0,0.0,0.0,0.0,0.004359100547431441,0.004359100547431441,0.006017429905290149,0.006017429905290149,0.01189823840095227,0.01189823840095227
18,7,sqp_full,sqp_full,,10,1,87,35.15125338115893,764.8373559517688,-702.3274639956907,-100.02237814860062,764.9683820941619,-702.4029892154919,-100.02246638658134,764.9687083996058,-702.4014467519343,-100.02144832942687,764.9687083996058,-702.4014467519343,-100.02144832942687,0.0015766004785836565,0.001876728387069346,0.0015766004785836565,0.001876728387069346,0.0,0.0,0.15123461513964329,0.15075448177144196,0.15075448177144196,0.4998619445557059,0.4999309688331388,1.0001360834249922,0.11467693214038298,0.2445567730079637,0.2445567730079637,-0.09107891838588146,-0.09107891838588146,0.0,0.0,0.0,0.0,0.014056657483313658,0.014056657483313658,0.0012995487454882436,0.0012995487454882436,0.04861612015676538,0.04861612015676538
18,8,sqp_full,sqp_full,,10,1,88,35.55529378519936,764.4873182295189,-702.1256666346152,-100.02263536869948,764.5352111258187,-702.1532674633729,-100.02252288114516,764.535307079877,-702.1520226905969,-100.02255374477154,764.535307079877,-702.1520226905969,-100.02255374477154,0.001248465636332113,0.00124884707171666,0.001248465636332113,0.00124884707171666,0.0,0.0,0.05527689629581572,0.05475008169504134,0.05475008169504134,0.49999804448459917,0.5000502857310983,1.0001020045078102,0.12755579446286167,0.20558680382875932,0.20558680382875932,-0.06546290566730233,-0.06546290566730233,0.0,0.0,0.0,0.0,-0.004302826422933733,-0.004302826422933733,0.000297595062715696,0.000297595062715696,0.048705684182474486,0.048705684182474486
18,9,sqp_full,sqp_full,,10,1,90,36.363374593280156,763.787242785019,-701.7220719124642,-100.0231498088972,764.1020432898601,-701.9035481745269,-100.02293585657115,764.1017614545857,-701.9029432302282,-100.02500994651464,764.1017614545857,-701.9029432302282,-100.02500994651464,0.0006673745024602178,0.0021788156921161697,0.0006673745024602178,0.0021788156921161697,0.0,0.0,0.3633634427684334,0.36281734674034555,0.36281734674034555,0.4999942678465427,0.50000841964294,1.0000188503429837,0.24913219084360477,0.1696755428948903,0.1696755428948903,-0.04307420222670919,-0.04307420222670919,0.0,0.0,0.0,0.0,0.0027624506390694363,0.0027624506390694363,-0.0005094907230634245,-0.0005094907230634245,0.04878102923725248,0.04878102923725248
18,10,sqp_full,sqp_full,,10,0,91,36.76741499732053,763.4372050627691,-701.5202745513889,-100.02340702899606,763.6688730028128,-701.6538234479167,-100.02322381468818,763.668450806563,-701.6529541792241,-100.02309226205092,nan,nan,nan,0.0009663734957517278,0.0009752865372104919,nan,nan,nan,nan,0.26740482831831125,0.2666054719343244,nan,0.49999901958016635,nan,nan,nan,0.13842398986717255,nan,-0.024086316347447827,nan,0.0,nan,0.0,nan,0.0015170386774704249,nan,-0.00116605842473732,nan,0.048855327991862686,nan
18,11,sqp_full,sqp_full,,10,0,92,37.17145540136096,763.087167340519,-701.3184771903134,-100.02366424909492,763.2357068262532,-701.4041080055699,-100.02355998409418,763.2349652856424,-701.4034563039415,-100.02347778827081,nan,nan,nan,0.000987217043080607,0.0009906329509602786,nan,nan,nan,nan,0.17145441185253435,0.17048660456382175,nan,0.4999908515878127,nan,nan,nan,0.10844364755176734,nan,-0.007532372646278423,nan,0.0,nan,0.0,nan,0.002497646709048268,nan,-0.001708040674388616,nan,0.04892694195472555,nan
18,12,sqp_full,sqp_full,,10,0,93,37.57549580540139,762.7371296182691,-701.1166798292379,-100.02392146919378,762.802535134279,-701.1543850863989,-100.02387447930656,762.8014473489233,-701.1539536946295,-100.02358262012284,nan,nan,nan,0.0011702033321853037,0.0012060504225667038,nan,nan,nan,nan,0.07549548292507709,0.0743378202380131,nan,0.4999993499940659,nan,nan,nan,0.08566578648198617,nan,0.0045036430374499,nan,0.0,nan,0.0,nan,0.002327598276187535,nan,-0.0020497493080947077,nan,0.04899340874340309,nan
18,13,sqp_full,sqp_full,,10,0,95,38.383576613482184,762.0370541737692,-700.713085107087,-100.02443590939149,762.3693672275706,-700.9046542920249,-100.02421421466289,762.3683100928029,-700.9032055375106,-100.02404256606691,nan,nan,nan,0.0017934390316451355,0.001801634480334089,nan,nan,nan,nan,0.383576222340033,0.3819375105423304,nan,0.500000020480783,nan,nan,nan,0.06419132371025242,nan,0.015016754211445915,nan,0.0,nan,0.0,nan,0.0023875645326214196,nan,-0.002310992318782871,nan,0.04905508079655386,nan
18,14,sqp_full,sqp_full,,10,0,96,38.78761701752256,761.6870164515193,-700.5112877460116,-100.02469312949034,761.9364487589431,-700.6551501243498,-100.02452780264434,761.9349579809423,-700.6541750171325,-100.02433583889643,nan,nan,nan,0.0017813627180643483,0.0017916760906541674,nan,nan,nan,nan,0.28794593223023285,0.2861673885350654,nan,0.49967072007821645,nan,nan,nan,0.0420348386819301,nan,0.02432882064570753,nan,0.0,nan,0.0,nan,0.0009039454346888233,nan,-0.0024733025231733273,nan,0.04908151186065011,nan
19,0,sqp_full,sqp_full,,10,1,81,32.72701095691653,766.9375822852685,-703.5382481621434,-100.02083482800748,764.1811315275025,-701.9948216793465,-100.02286856433146,764.1810595401531,-701.9950345267816,-100.02304664258705,764.1810595401531,-701.9950345267816,-100.02304664258705,0.0002246913642328949,0.00028670206534554344,0.0002246913642328949,0.00028670206534554344,0.0,0.0,3.1591432521789122,3.15910208266602,3.15910208266602,0.12143246437775808,0.12154360467697987,1.0009128753847794,0.12464066051339934,-0.500007644632469,-0.500007644632469,0.2658153498247892,0.2658153498247892,0.0,0.0,0.0,0.0,-0.007585143327929187,-0.007585143327929187,0.035373619411153905,0.035373619411153905,-0.009999730223233938,-0.009999730223233938
19,1,sqp_full,sqp_full,,10,1,82,33.1310513609569,766.5875445630186,-703.3364508010679,-100.02109204810634,764.273864866226,-702.0409930244043,-100.0228687625591,764.2738837913579,-702.0409124581406,-100.02252628946745,764.2738837913579,-702.0409124581406,-100.02252628946745,8.275918956751697e-05,0.000352330671332909,8.275918956751697e-05,0.000352330671332909,0.0,0.0,2.6516644943259715,2.6516873428661953,2.6516873428661953,0.10359182021411455,0.10354417880720113,0.9995231885246721,0.3333398815698559,-0.5000061580696206,-0.5000061580696206,0.3289868980783181,0.3289868980783181,0.0,0.0,0.0,0.0,-0.003759636663359978,-0.003759636663359978,0.0021986765901395007,0.0021986765901395007,-0.009999760962973937,-0.009999760962973937
19,2,sqp_full,sqp_full,,10,1,83,33.53509176499733,766.2375068407687,-703.1346534399925,-100.0213492682052,764.3665077489588,-702.0867312127823,-100.02260949776282,764.3664735945259,-702.0868474940784,-100.02284000475471,764.3664735945259,-702.0868474940784,-100.02284000475471,0.000121193502705202,0.00026042530293971905,0.000121193502705202,0.00026042530293971905,0.0,0.0,2.144476298734519,2.1444492786817255,2.1444492786817255,0.10331869538184321,0.10335858742545116,1.0003688566253754,0.3364730566971863,-0.489427628900144,-0.489427628900144,0.34123486632990513,0.34123486632990513,0.0,0.0,0.0,0.0,-0.011191078480784081,-0.011191078480784081,-0.025546896547588703,-0.025546896547588703,-0.009999913604921366,-0.009999913604921366
19,3,sqp_full,sqp_full,,10,1,85,34.343172573078135,765.5374313962687,-702.7310587178416,-100.0218637084029,764.4587822516507,-702.131374435519,-100.02265948126471,764.4585179254725,-702.1322319791432,-100.02264071045636,764.4585179254725,-702.1322319791432,-100.02264071045636,0.00089735689442225,0.0008975531957568514,0.00089735689442225,0.0008975531957568514,0.0,0.0,1.2341414893154885,1.233956133922817,1.233956133922817,0.10250660311269008,0.10262528958409739,1.001126888343976,0.45055196570588274,-0.36665680362627234,-0.36665680362627234,0.2701237490299535,0.2701237490299535,0.0,0.0,0.0,0.0,0.0005278620986112018,0.0005278620986112018,-0.019647998436020643,-0.019647998436020643,-0.009999988891273503,-0.009999988891273503
19,4,sqp_full,sqp_full,,10,1,86,34.74721297711856,765.1873936740187,-702.529261356766,-100.02212092850176,764.5494895189297,-702.1752971411265,-100.0225913112436,764.5491788189523,-702.176253639764,-100.02256565931944,764.5491788189523,-702.176253639764,-100.02256565931944,0.0010056958384453683,0.0010060229324820886,0.0010056958384453683,0.0010060229324820886,0.0,0.0,0.7295288733376741,0.7293371302014532,0.7293371302014532,0.10078202742670876,0.1007834800106265,1.0000138229974105,0.062245409805466036,0.010464884315787955,0.010464884315787955,-0.012075895423974806,-0.012075895423974806,0.0,0.0,0.0,0.0,-0.0002418958340384841,-0.0002418958340384841,-0.0024064389704897414,-0.0024064389704897414,-0.009999989739853594,-0.009999989739853594
19,5,sqp_full,sqp_full,,10,1,87,35.15125338115893,764.8373559517688,-702.3274639956907,-100.02237814860062,764.6394789421133,-702.2187028088479,-100.02251736640427,764.6391768771038,-702.2196062674836,-100.02291684751387,764.6391768771038,-702.2196062674836,-100.02291684751387,0.0009526178544706276,0.0010329888351668086,0.0009526178544706276,0.0010329888351668086,0.0,0.0,0.2257970476193937,0.22562853358805915,0.22562853358805915,0.09991072886893386,0.09989606666113328,0.9998440599725775,0.24561523536600963,0.2015047109816115,0.2015047109816115,-0.15682513798539716,-0.15682513798539716,0.0,0.0,0.0,0.0,0.0016131430504752967,0.0016131430504752967,0.00671424477894791,0.00671424477894791,-0.009999985156899779,-0.009999985156899779
19,6,sqp_full,sqp_full,,10,1,88,35.55529378519936,764.4873182295189,-702.1256666346152,-100.02263536869948,764.5351270007403,-702.1531840482318,-100.02251910012146,764.5348523256936,-702.1539269257178,-100.02251813122894,764.5348523256936,-702.1539269257178,-100.02251813122894,0.0007920311486589848,0.000792031741282374,0.0007920311486589848,0.000792031741282374,0.0,0.0,0.0551623663184761,0.05530040101440033,0.05530040101440033,0.123215403517576,0.12327833117135896,1.000504687777561,0.19883715941166197,0.258048860113768,0.258048860113768,-0.16985620275935043,-0.16985620275935043,0.0,0.0,0.0,0.0,0.003511460934556783,0.003511460934556783,0.007412320803389339,0.007412320803389339,0.011805442038028113,0.011805442038028113
19,7,sqp_full,sqp_full,,10,1,90,36.363374593280156,763.787242785019,-701.7220719124642,-100.0231498088972,764.1020385853691,-701.9035381146344,-100.02306122044001,764.101345796038,-701.9050322347778,-100.02209243883684,764.101345796038,-701.9050322347778,-100.02209243883684,0.0016469219956350772,0.0019107301887909306,0.0016469219956350772,0.0019107301887909306,0.0,0.0,0.36335434282271994,0.36350403171395723,0.36350403171395723,0.4998889492526463,0.4998766444295627,0.9999720320073473,0.14837203903163793,0.2393742846969571,0.2393742846969571,-0.11156002184325595,-0.11156002184325595,0.0,0.0,0.0,0.0,0.0120372713575319,0.0120372713575319,0.003091046427234817,0.003091046427234817,0.048783671593941855,0.048783671593941855
19,8,sqp_full,sqp_full,,10,1,91,36.76741499732053,763.4372050627691,-701.5202745513889,-100.02340702899606,763.6688684469906,-701.6538171706536,-100.0231861437352,763.6675836647563,-701.6563440026822,-100.02344628219942,763.6675836647563,-701.6563440026822,-100.02344628219942,0.0028347037747049005,0.0028466150970740596,0.0028347037747049005,0.0028466150970740596,0.0,0.0,0.26739774634249813,0.2675615739019102,0.2675615739019102,0.49999693424200436,0.49999725620123925,0.9999947894628968,0.1960564371250895,0.2025052174884577,0.2025052174884577,-0.08362396733856878,-0.08362396733856878,0.0,0.0,0.0,0.0,-0.0019895661529419303,-0.0019895661529419303,0.0017507870969128486,0.0017507870969128486,0.048869722641153385,0.048869722641153385
19,9,sqp_full,sqp_full,,10,1,92,37.17145540136096,763.087167340519,-701.3184771903134,-100.02366424909492,763.2357027860106,-701.4041011399339,-100.02355667488578,763.2040251734882,-701.5054242879816,-100.0235439737145,763.2040251734882,-701.5054242879816,-100.0235439737145,0.10615955663722217,0.1061595573970207,0.10615955663722217,0.1061595573970207,0.0,0.0,0.17144748267614868,0.2204653497781441,0.2204653497781441,0.4999907230578515,0.48750717395307347,0.9539743138622739,11.929512381058277,0.16778829742446602,0.16778829742446602,-0.05938191693606594,-0.05938191693606594,0.0,0.0,0.0,0.0,0.002470884059599474,0.002470884059599474,0.0006559221646016423,0.0006559221646016423,0.04894298553294147,0.04894298553294147
19,10,sqp_full,sqp_full,,10,0,93,37.57549580540139,762.7371296182691,-701.1166798292379,-100.02392146919378,762.8025359643542,-701.1543832138491,-100.02387799058317,762.7991598214645,-701.1608655903817,-100.02402714560876,nan,nan,nan,0.007308867649845376,0.007310389424963375,nan,nan,nan,nan,0.07549526686714553,0.07615856876493252,nan,0.49999264118165054,nan,nan,nan,0.1337809273795617,nan,-0.03841824048450343,nan,0.0,nan,0.0,nan,0.0027573092104574283,nan,-7.702503442908137e-06,nan,0.04901761760822176,nan
19,11,sqp_full,sqp_full,,10,0,95,38.383576613482184,762.0370541737692,-700.713085107087,-100.02443590939149,762.3693458524211,-700.9046320087066,-100.0241812879981,762.3626282202873,-700.9197240134994,-100.02426198913543,nan,nan,nan,0.01651953964703085,0.0165197367661652,nan,nan,nan,nan,0.38354657503537165,0.38561392273812173,nan,0.5000294286700089,nan,nan,nan,0.10220552262094593,nan,-0.025299088853768612,nan,0.0,nan,0.0,nan,0.0022525709554335072,nan,-0.0003623556817308491,nan,0.04909421903956382,nan
19,12,sqp_full,sqp_full,,10,0,96,38.78761701752256,761.6870164515193,-700.5112877460116,-100.02469312949034,761.9362037786105,-700.6549514648481,-100.02452242302445,761.9314452701146,-700.6624979573728,-100.02443542303668,nan,nan,nan,0.00892148824653399,0.008921912436855453,nan,nan,nan,nan,0.28763446958395705,0.2874195111327849,nan,0.49995254420742197,nan,nan,nan,0.08736129945217466,nan,-0.0013175464775109279,nan,0.0,nan,0.0,nan,0.0032561416126187957,nan,-0.0018878421802301338,nan,0.04912366789081738,nan
19,13,sqp_full,sqp_full,,10,0,97,39.19165742156299,761.3369787292693,-700.3094903849361,-100.0249503495892,761.50302509995,-700.4052088492651,-100.0248539880405,761.4973236066922,-700.4140800952839,-100.0247336716439,nan,nan,nan,0.010545427032370384,0.010546113375568326,nan,nan,nan,nan,0.19165965049995826,0.19144055794531986,nan,0.5000152513870237,nan,nan,nan,0.06127183460202792,nan,0.004637562536946827,nan,0.0,nan,0.0,nan,0.0025182451287171733,nan,-0.0016620537396179913,nan,0.049193461469895526,nan
19,14,sqp_full,sqp_full,,10,0,98,39.59569782560335,760.9869410070194,-700.1076930238606,-100.02520756968806,761.0700656726705,-700.1556624632072,-100.0251626114721,761.0627188275109,-700.1679162700327,-100.02524911565155,nan,nan,nan,0.014287474077412382,0.014287735946810893,nan,nan,nan,nan,0.09597279380548702,0.09679420157199303,nan,0.4997272853399827,nan,nan,nan,0.03872603564574619,nan,0.01479688093164056,nan,0.0,nan,0.0,nan,0.0008413701601528917,nan,-0.0018662518372669532,nan,0.04922336322461268,nan
20,0,sqp_full,sqp_full,,10,1,83,33.53509176499733,766.2375068407687,-703.1346534399925,-100.0213492682052,763.3144376872933,-701.493070447045,-100.02347734349033,763.3144403767266,-701.4930616376013,-100.02346502611215,763.3144403767266,-701.4930616376013,-100.02346502611215,9.210827864017724e-06,1.5380414667315298e-05,9.210827864017724e-06,1.5380414667315298e-05,0.0,0.0,3.352480872239711,3.352482840953156,3.352482840953156,0.11110150777666955,0.11110516848160873,1.000032940152855,0.007703714817265623,-0.49999232882039024,-0.49999232882039024,0.30174433213825513,0.30174433213825513,0.0,0.0,0.0,0.0,-0.006294425051668272,-0.006294425051668272,0.04471118129735342,0.04471118129735342,-0.00999944558635241,-0.00999944558635241
20,1,sqp_full,sqp_full,,10,1,85,34.343172573078135,765.5374313962687,-702.7310587178416,-100.0218637084029,763.4069419702678,-701.5396205883418,-100.02346152699572,763.4069483333845,-701.5395992115942,-100.02346077898389,763.4069483333845,-701.5395992115942,-100.02346077898389,2.2303689988510442e-05,2.2316229717538148e-05,2.2303689988510442e-05,2.2316229717538148e-05,0.0,0.0,2.441005942378632,2.441010822643691,2.441010822643691,0.10355654626110312,0.1035541783619428,0.9999771202674552,0.009578032140447742,-0.49999391911722274,-0.49999391911722274,0.36222110547917163,0.36222110547917163,0.0,0.0,0.0,0.0,-0.0050313963367091185,-0.0050313963367091185,0.008634376136329436,0.008634376136329436,-0.009999426426317133,-0.009999426426317133
20,2,sqp_full,sqp_full,,10,1,86,34.74721297711856,765.1873936740187,-702.529261356766,-100.02212092850176,763.4996514863249,-701.5850132566171,-100.02332329526365,763.4994846193874,-701.5855433098702,-100.02326632148333,763.4994846193874,-701.5855433098702,-100.02326632148333,0.000555698682630559,0.0005586117054981426,0.000555698682630559,0.0005586117054981426,0.0,0.0,1.933928170009647,1.9338150709784547,1.9338150709784547,0.10322580979917936,0.10331438528745675,1.000842618334232,0.31842712605427553,-0.49999770706041435,-0.49999770706041435,0.385408273814142,0.385408273814142,0.0,0.0,0.0,0.0,-0.007150227917562923,-0.007150227917562923,-0.023204173592269773,-0.023204173592269773,-0.009999512586193799,-0.009999512586193799
20,3,sqp_full,sqp_full,,10,1,87,35.15125338115893,764.8373559517688,-702.3274639956907,-100.02237814860062,763.5915391094204,-701.6304543612222,-100.02329569361774,763.5910067259002,-701.6321506281472,-100.02328038170907,763.5910067259002,-701.6321506281472,-100.02328038170907,0.0017778508637157657,0.0017779168001236896,0.0017778508637157657,0.0017779168001236896,0.0,0.0,1.4275440571908025,1.427181513300951,1.427181513300951,0.10250965821688611,0.10270607720672915,1.0018467846124772,0.67397909583352,-0.36480907603910556,-0.36480907603910556,0.29747773268034206,0.29747773268034206,0.0,0.0,0.0,0.0,-0.002097718709886291,-0.002097718709886291,-0.023944233349840843,-0.023944233349840843,-0.010000242855277085,-0.010000242855277085
20,4,sqp_full,sqp_full,,10,1,88,35.55529378519936,764.4873182295189,-702.1256666346152,-100.02263536869948,763.6819562261439,-701.6745745455527,-100.02323110076968,763.6813768836438,-701.6763613496538,-100.02320558348455,763.6813768836438,-701.6763613496538,-100.02320558348455,0.0018783787233466454,0.0018785520381829133,0.0018783787233466454,0.0018785520381829133,0.0,0.0,0.9230883106695438,0.9227224350177761,0.9227224350177761,0.10060740447001099,0.10060496459675318,0.9999752298758429,0.05835785184492123,0.009475569440193303,0.009475569440193303,-0.009733880762475397,-0.009733880762475397,0.0,0.0,0.0,0.0,-0.00044045052904725625,-0.00044045052904725625,-0.003895947112023348,-0.003895947112023348,-0.010000185641610423,-0.010000185641610423
20,5,sqp_full,sqp_full,,10,1,90,36.363374593280156,763.787242785019,-701.7220719124642,-100.0231498088972,763.7716140290121,-701.7181673486341,-100.02305091604933,763.7711135461194,-701.7196627662806,-100.0230155988703,763.7711135461194,-701.7196627662806,-100.0230155988703,0.0015769454852044226,0.001577340916365312,0.0015769454852044226,0.001577340916365312,0.0,0.0,0.01610911645706668,0.016308167671891933,0.016308167671891933,0.0996939645222235,0.09963793137302883,0.9994335172892309,0.17061518760471533,0.198212480198875,0.198212480198875,-0.16765855571339683,-0.16765855571339683,0.0,0.0,0.0,0.0,0.0005151646877442278,0.0005151646877442278,0.0065872537210701545,0.0065872537210701545,-0.010000130816263313,-0.010000130816263313
20,6,sqp_full,sqp_full,,10,1,91,36.76741499732053,763.4372050627691,-701.5202745513889,-100.02340702899606,763.668805860199,-701.65375582978,-100.0234077209056,763.6684316354489,-701.6547633170713,-100.02309679668572,763.6684316354489,-701.6547633170713,-100.02309679668572,0.001074744065171378,0.0011188157471734488,0.001074744065171378,0.0011188157471734488,0.0,0.0,0.26731288979604245,0.26749384293483397,0.26749384293483397,0.12131978670234758,0.12147230087433665,1.001246705884967,0.26138860347077447,0.25267317915835164,0.25267317915835164,-0.18635901241435388,-0.18635901241435388,0.0,0.0,0.0,0.0,0.013992637900058474,0.013992637900058474,0.007864702045933132,0.007864702045933132,0.01166292106913687,0.01166292106913687
20,7,sqp_full,sqp_full,,10,1,92,37.17145540136096,763.087167340519,-701.3184771903134,-100.02366424909492,763.2356979761181,-701.4040907094945,-100.02348372250344,763.234978912545,-701.4056164491016,-100.02323426645846,763.234978912545,-701.4056164491016,-100.02323426645846,0.001686693146625936,0.0017050402016537893,0.001686693146625936,0.0017050402016537893,0.0,0.0,0.1714381065517115,0.17158528855043662,0.17158528855043662,0.4999151101101021,0.499955441724385,1.0000798973592413,0.07153964192914075,0.2311263528028816,0.2311263528028816,-0.13127652072992183,-0.13127652072992183,0.0,0.0,0.0,0.0,-0.0047373163140341495,-0.0047373163140341495,0.004052367887279702,0.004052367887279702,0.04893282961866988,0.04893282961866988
20,8,sqp_full,sqp_full,,10,1,93,37.57549580540139,762.7371296182691,-701.1166798292379,-100.02392146919378,762.8025285891476,-701.1543697013365,-100.02386388669387,762.8012035901028,-701.1569016341731,-100.02367411308049,762.8012035901028,-701.1569016341731,-100.02367411308049,0.002857674991698636,0.0028639693403596555,0.002857674991698636,0.0028639693403596555,0.0,0.0,0.07548212934716725,0.07565227993116033,0.07565227993116033,0.49999644423599127,0.5000202825784751,1.0000449118320203,0.1347379774224878,0.19397141333295712,0.19397141333295712,-0.10015627749674061,-0.10015627749674061,0.0,0.0,0.0,0.0,0.0024924528943758508,0.0024924528943758508,0.0026982301617629314,0.0026982301617629314,0.04901215014077016,0.04901215014077016
20,9,sqp_full,sqp_full,,10,1,95,38.383576613482184,762.0370541737692,-700.713085107087,-100.02443590939149,762.3693585398422,-700.9046478948605,-100.02420651351215,762.3672609663322,-700.9084462331348,-100.02429541042525,762.3672609663322,-700.9084462331348,-100.02429541042525,0.004339030799084372,0.00433994135174204,0.004339030799084372,0.00433994135174204,0.0,0.0,0.38356550075672674,0.3836697739272847,0.3836697739272847,0.499997389631218,0.5000366716955305,1.0000740109548074,0.17290096254034687,0.15995168144316904,0.15995168144316904,-0.07386383357156019,-0.07386383357156019,0.0,0.0,0.0,0.0,0.0036402919798859314,0.0036402919798859314,0.001520735223320917,0.001520735223320917,0.04907871399922383,0.04907871399922383
20,10,sqp_full,sqp_full,,10,0,96,38.78761701752256,761.6870164515193,-700.5112877460116,-100.02469312949034,761.9361891279884,-700.6549274995683,-100.0245112936451,761.9333096738527,-700.6598163505015,-100.02471312686357,nan,nan,nan,0.005673809969095964,0.005677398718910923,nan,nan,nan,nan,0.28760980772684425,0.2876127565305961,nan,0.499996108066399,nan,nan,nan,0.128474846856371,nan,-0.05034853382300015,nan,0.0,nan,0.0,nan,0.002434004551251832,nan,0.0005841302260547094,nan,0.049142562863682404,nan
20,11,sqp_full,sqp_full,,10,0,97,39.19165742156299,761.3369787292693,-700.3094903849361,-100.0249503495892,761.5030195479773,-700.4052067547531,-100.02482517444439,761.4989755696583,-700.4122882691714,-100.02504550454297,nan,nan,nan,0.008154851752344006,0.00815782767990655,nan,nan,nan,nan,0.1916537944527921,0.19186031715622107,nan,0.4999964339466081,nan,nan,nan,0.09923284738334422,nan,-0.03158805046778173,nan,0.0,nan,0.0,nan,0.002263384705866999,nan,-0.0001599220152266196,nan,0.04920124597651235,nan
20,12,sqp_full,sqp_full,,10,0,98,39.59569782560335,760.9869410070194,-700.1076930238606,-100.02520756968806,761.0698474549199,-700.1554834480991,-100.02516182390883,761.0645112390393,-700.1649388957801,-100.02532538185547,nan,nan,nan,0.010857287450022233,0.010858519326976231,nan,nan,nan,nan,0.09569432455675296,0.09640659078850759,nan,0.49999990542274914,nan,nan,nan,0.07628747102936768,nan,-0.016533208749100657,nan,0.0,nan,0.0,nan,0.0026637049696959115,nan,-0.0006735929514364357,nan,0.049260463991044265,nan
20,13,sqp_full,sqp_full,,10,0,99,39.99973822964378,760.6369032847695,-699.9058956627852,-100.02546478978692,760.637068768452,-699.90602186745,-100.02548263348662,760.6303220731311,-699.9181448057838,-100.02569598275187,nan,nan,nan,0.013873843432745404,0.01387548375752397,nan,nan,nan,nan,0.00020811647366346,0.013905173527432016,nan,0.49952835214796504,nan,nan,nan,0.05580533758740325,nan,-0.0037897699424140597,nan,0.0,nan,0.0,nan,0.001676148730278279,nan,-0.0010868110540817571,nan,0.04926791051618891,nan
20,14,sqp_full,sqp_full,,10,0,99,39.99973822964378,760.6369032847695,-699.9058956627852,-100.02546478978692,760.63689417978,-699.9058781293895,-100.02547383237759,760.6301098639756,-699.9181155037151,-100.02565606074218,nan,nan,nan,0.013992150346417891,0.013993336932041061,nan,nan,nan,nan,1.9756538022152206e-05,0.013981240232326225,nan,0.00022631679991000816,nan,nan,nan,0.020184528110789825,nan,-0.01386884226296154,nan,0.0,nan,0.0,nan,0.00047166986341000856,nan,0.0004815555402978552,nan,5.4195377644106625e-06,nan
21,0,sqp_full,sqp_full,,10,1,86,34.74721297711856,765.1873936740187,-702.529261356766,-100.02212092850176,762.4481410512459,-700.991955569948,-100.02417790654805,762.4481373393721,-700.9919686690956,-100.02417093183031,762.4481373393721,-700.9919686690956,-100.02417093183031,1.3614906406892299e-05,1.5297462663340805e-05,1.3614906406892299e-05,1.5297462663340805e-05,0.0,0.0,3.1411485182258416,3.141145344371526,3.141145344371526,0.11625580105006388,0.11626263595775983,1.0000587850421097,0.006744658236349771,-0.5000081841945884,-0.5000081841945884,0.33470820843591587,0.33470820843591587,0.0,0.0,0.0,0.0,0.0007121464050758537,0.0007121464050758537,0.026233012224703044,0.026233012224703044,-0.0100074686030391,-0.0100074686030391
21,1,sqp_full,sqp_full,,10,1,87,35.15125338115893,764.8373559517688,-702.3274639956907,-100.02237814860062,762.5407325851254,-701.0382606575463,-100.02400902368532,762.5407329490669,-701.0382607733522,-100.02400463677074,762.5407329490669,-701.0382607733522,-100.02400463677074,3.8192198580289016e-07,4.403508141186344e-06,3.8192198580289016e-07,4.403508141186344e-06,0.0,0.0,2.633728181740683,2.633727807695281,2.633727807695281,0.10352478836042052,0.10352262315698095,0.9999790764362098,0.007572196592702213,-0.5000060669918935,-0.5000060669918935,0.4000794433626771,0.4000794433626771,0.0,0.0,0.0,0.0,-0.009334818853568424,-0.009334818853568424,-0.012242081159527185,-0.012242081159527185,-0.010007982910635132,-0.010007982910635132
21,2,sqp_full,sqp_full,,10,1,88,35.55529378519936,764.4873182295189,-702.1256666346152,-100.02263536869948,762.6330396096773,-701.0845059414304,-100.02404245489208,762.6326053052413,-701.0858455352187,-100.02348863754025,762.6326053052413,-701.0858455352187,-100.02348863754025,0.0014082371465292442,0.0015132235525735038,0.0014082371465292442,0.0015132235525735038,0.0,0.0,2.126585241422175,2.1263085265859716,2.1263085265859716,0.103243470402662,0.10346548045670184,1.0020454816341258,0.8289081322193907,-0.4714265765316382,-0.4714265765316382,0.3995041830723866,0.3995041830723866,0.0,0.0,0.0,0.0,-0.003324730684382016,-0.003324730684382016,-0.04731817302617135,-0.04731817302617135,-0.010008546820337094,-0.010008546820337094
21,3,sqp_full,sqp_full,,10,1,90,36.363374593280156,763.787242785019,-701.7220719124642,-100.0231498088972,762.7233559375773,-701.1289544863513,-100.02392903468247,762.72282729108,-701.1305789294316,-100.02394053204257,762.72282729108,-701.1305789294316,-100.02394053204257,0.0017082981122903214,0.0017083368021979957,0.0017082981122903214,0.0017083368021979957,0.0,0.0,1.2180490570245723,1.2177209420529034,1.2177209420529034,0.1006614379743032,0.10070395967944841,1.0004022994664195,0.3634114559505252,-0.019597841998994118,-0.019597841998994118,0.01663073088408738,0.01663073088408738,0.0,0.0,0.0,0.0,-0.0013558309552266577,-0.0013558309552266577,-0.01420250128101551,-0.01420250128101551,-0.010007748043306987,-0.010007748043306987
21,4,sqp_full,sqp_full,,10,1,91,36.76741499732053,763.4372050627691,-701.5202745513889,-100.02340702899606,762.8126080251103,-701.1727790889723,-100.02384548058228,762.8122275919675,-701.1739672894532,-100.02368348042768,762.8122275919675,-701.1739672894532,-100.02368348042768,0.0012476176332970688,0.0012580913357175553,0.0012476176332970688,0.0012580913357175553,0.0,0.0,0.7147548921498303,0.7145107127809686,0.7145107127809686,0.09943107112565944,0.09937318380570309,0.9994057261592357,0.2818053925897124,0.20924792564529346,0.20924792564529346,-0.18420903533835922,-0.18420903533835922,0.0,0.0,0.0,0.0,-9.65594549567884e-06,-9.65594549567884e-06,0.003788251121904457,0.003788251121904457,-0.01000603820458144,-0.01000603820458144
21,5,sqp_full,sqp_full,,10,1,92,37.17145540136096,763.087167340519,-701.3184771903134,-100.02366424909492,762.9014289860457,-701.2162966562516,-100.02376210699336,762.9014256155364,-701.216315782739,-100.02346448543837,762.9014256155364,-701.216315782739,-100.02346448543837,1.9421195974456477e-05,0.000298254543725068,1.9421195974456477e-05,0.000298254543725068,0.0,0.0,0.21198961734859634,0.21198335216969774,0.21198335216969774,0.09890878987509046,0.09874072235392595,0.9982241669669554,0.7098536933604982,0.30246385634899065,0.30246385634899065,-0.25664097670705716,-0.25664097670705716,0.0,0.0,0.0,0.0,0.0032040989306288937,0.0032040989306288937,0.011258467713412254,0.011258467713412254,-0.010003391380973555,-0.010003391380973555
21,6,sqp_full,sqp_full,,10,1,93,37.57549580540139,762.7371296182691,-701.1166798292379,-100.02392146919378,762.8024371678448,-701.1542775971449,-100.023872220498,762.8030739666106,-701.1522661982012,-100.02370001336145,762.8030739666106,-701.1522661982012,-100.02370001336145,0.0021097958143938425,0.0021168121495110347,0.0021097958143938425,0.0021168121495110347,0.0,0.0,0.07535693852041352,0.0749336155151344,0.0749336155151344,0.11681504992165376,0.11736886980502041,1.0045855697966335,1.0078146468984028,0.29557451443136884,0.29557451443136884,-0.22384866119377356,-0.22384866119377356,0.0,0.0,0.0,0.0,0.008452350621321382,0.008452350621321382,0.010728569473465496,0.010728569473465496,0.01121798367811966,0.01121798367811966
21,7,sqp_full,sqp_full,,10,1,95,38.383576613482184,762.0370541737692,-700.713085107087,-100.02443590939149,762.3693525349948,-700.9046299436556,-100.02434579818407,762.3703900182318,-700.9014051109599,-100.02413167211209,762.3703900182318,-700.9014051109599,-100.02413167211209,0.0033876123423465057,0.0033943728959443917,0.0033876123423465057,0.0033943728959443917,0.0,0.0,0.38355133331708346,0.3828540310122026,0.3828540310122026,0.4998864614883543,0.5001468490411393,1.0005177581146831,0.14343739841390762,0.24479217392009844,0.24479217392009844,-0.1474791511867572,-0.1474791511867572,0.0,0.0,0.0,0.0,0.008340545450318046,0.008340545450318046,0.005295971437913372,0.005295971437913372,0.04900540312538239,0.04900540312538239
21,8,sqp_full,sqp_full,,10,1,96,38.78761701752256,761.6870164515193,-700.5112877460116,-100.02469312949034,761.9361806708876,-700.6549122033188,-100.02436728452692,761.9375150543451,-700.650836037226,-100.02615089653744,761.9375150543451,-700.650836037226,-100.02615089653744,0.0042890219430326,0.0046451029086474315,0.0042890219430326,0.0046451029086474315,0.0,0.0,0.2875948416612983,0.2867460123499361,0.2867460123499361,0.49999681414460734,0.5001696435600814,1.0003361129002577,0.2503353393692977,0.19164517647349463,0.19164517647349463,-0.10309785888168346,-0.10309785888168346,0.0,0.0,0.0,0.0,-0.007969802172413679,-0.007969802172413679,0.00317276245977694,0.00317276245977694,0.04908126780948028,0.04908126780948028
21,9,sqp_full,sqp_full,,10,1,97,39.19165742156299,761.3369787292693,-700.3094903849361,-100.0249503495892,761.5030144666798,-700.4051955454051,-100.02487139477529,761.5046364900427,-700.4002617699673,-100.02477280147231,761.5046364900427,-700.4002617699673,-100.02477280147231,0.00519356331057029,0.0051944990615356125,0.00519356331057029,0.0051944990615356125,0.0,0.0,0.1916437941542936,0.19065300702587898,0.19065300702587898,0.4999916237642781,0.5001731839981651,1.0003544703345626,0.2383543928013338,0.14853978820225325,0.14853978820225325,-0.06961619159250669,-0.06961619159250669,0.0,0.0,0.0,0.0,0.006080384350697666,0.006080384350697666,0.0016741866845635025,0.0016741866845635025,0.049143291392756916,0.049143291392756916
21,10,sqp_full,sqp_full,,10,0,98,39.59569782560335,760.9869410070194,-700.1076930238606,-100.02520756968806,761.0698430959529,-700.1554742698195,-100.02514569668486,761.0717777501563,-700.1496428768245,-100.02332600379575,nan,nan,nan,0.0061439426388339,0.006407754158825777,nan,nan,nan,nan,0.09568596456601926,0.09464176218653651,nan,0.4999982271358932,nan,nan,nan,0.11380461477558533,nan,-0.04414445734679076,nan,0.0,nan,0.0,nan,0.0027722830279069445,nan,0.0006033023049660727,nan,0.049202793705729206,nan
21,11,sqp_full,sqp_full,,10,0,99,39.99973822964378,760.6369032847695,-699.9058956627852,-100.02546478978692,760.6370252671135,-699.9059877729907,-100.02549170187154,760.6388930651857,-699.9003843630825,-100.02543072094282,nan,nan,nan,0.005906511003771613,0.005906825789825115,nan,nan,nan,nan,0.00015285281229373995,0.005859492343060995,nan,0.4995747239210569,nan,nan,nan,0.08549813607164232,nan,-0.024756181852126757,nan,0.0,nan,0.0,nan,0.0024158978536128017,nan,-0.0002500639030239411,nan,0.04921836138084065,nan
21,12,sqp_full,sqp_full,,10,0,99,39.99973822964378,760.6369032847695,-699.9058956627852,-100.02546478978692,760.6368960050538,-699.905882782368,-100.02546854616728,760.6388472371336,-699.9000390100344,-100.02543182469142,nan,nan,nan,0.006160923771325833,0.006161033207415462,nan,nan,nan,nan,1.479524934347827e-05,0.006170845342093097,nan,0.00016813059668925031,nan,nan,nan,0.047959171984457434,nan,-0.033674495239749795,nan,0.0,nan,0.0,nan,0.00048013135025691767,nan,0.0012863877059975026,nan,-2.1266499599187178e-05,nan
21,13,sqp_full,sqp_full,,10,0,99,39.99973822964378,760.6369032847695,-699.9058956627852,-100.02546478978692,760.6368972302063,-699.9058839724727,-100.02546618887449,760.6388933033901,-699.8999118045051,-100.02543098099888,nan,nan,nan,0.006296911813625826,0.00629701024162148,nan,nan,nan,nan,1.3165148749657555e-05,0.00630608706147767,nan,2.9110439004002254e-06,nan,nan,nan,0.03125872735732897,nan,-0.021856182146038135,nan,0.0,nan,0.0,nan,0.00017098412151571752,nan,0.0007933463552135334,nan,-2.4348699685403252e-05,nan
21,14,sqp_full,sqp_full,,10,0,99,39.99973822964378,760.6369032847695,-699.9058956627852,-100.02546478978692,760.6368960818604,-699.9058820910763,-100.02546628900987,760.6389114249635,-699.899854799101,-100.02542975705705,nan,nan,nan,0.006355301438807855,0.006355406435601842,nan,nan,nan,nan,1.5364673076031116e-05,0.006365898293996041,nan,2.206439975883412e-06,nan,nan,nan,0.015743908941165553,nan,-0.010976855229641268,nan,0.0,nan,0.0,nan,7.299194465627704e-05,nan,0.0003910939282556013,nan,-1.2039365263848748e-05,nan
22,0,sqp_full,sqp_full,,10,1,88,35.55529378519936,764.4873182295189,-702.1256666346152,-100.02263536869948,761.5828673296452,-700.4910733818418,-100.02477797641245,761.58286664892,-700.491076315456,-100.02477699579497,761.58286664892,-700.491076315456,-100.02477699579497,3.0115576089117095e-06,3.1671895848283998e-06,3.0115576089117095e-06,3.1671895848283998e-06,0.0,0.0,3.332826147849489,3.3328253022820977,3.3328253022820977,0.11986164166634325,0.11986341997419118,1.0000148360991101,0.0012527856260771113,-0.5000100980239709,-0.5000100980239709,0.3303293708064349,0.3303293708064349,0.0,0.0,0.0,0.0,-0.0028653078059882675,-0.0028653078059882675,0.03667467258827025,0.03667467258827025,-0.01000209445338711,-0.01000209445338711
22,1,sqp_full,sqp_full,,10,1,90,36.363374593280156,763.787242785019,-701.7220719124642,-100.0231498088972,761.675401900198,-700.5378699340063,-100.02481048995772,761.6753998123388,-700.5378771664954,-100.02480520764301,761.6753998123388,-700.5378771664954,-100.02480520764301,7.527818781852327e-06,9.196244033009954e-06,7.527818781852327e-06,9.196244033009954e-06,0.0,0.0,2.42119934094352,2.4211976246558176,2.4211976246558176,0.1036945760346309,0.10369525922719047,1.0000065867179657,0.0034283516511419473,-0.5000069128509717,-0.5000069128509717,0.4011091309555089,0.4011091309555089,0.0,0.0,0.0,0.0,-0.0011654297178748504,-0.0011654297178748504,-0.00735057268846292,-0.00735057268846292,-0.01000218518530262,-0.01000218518530262
22,2,sqp_full,sqp_full,,10,1,91,36.76741499732053,763.4372050627691,-701.5202745513889,-100.02340702899606,761.7676686473203,-700.584548538652,-100.02452389211219,761.7671494690605,-700.5861022953387,-100.02454854160523,761.7671494690605,-700.5861022953387,-100.02454854160523,0.0016382020347495434,0.0016383874707055308,0.0016382020347495434,0.0016383874707055308,0.0,0.0,1.913879571295401,1.9135734869742715,1.9135734869742715,0.10340274123313721,0.10365195819649217,1.0022886713015198,0.8920392962554986,-0.477986214485126,-0.477986214485126,0.4046871862923388,0.4046871862923388,0.0,0.0,0.0,0.0,-0.015421295950485988,-0.015421295950485988,-0.052615698632375085,-0.052615698632375085,-0.010002097455952342,-0.010002097455952342
22,3,sqp_full,sqp_full,,10,1,92,37.17145540136096,763.087167340519,-701.3184771903134,-100.02366424909492,761.857726749838,-700.629065230305,-100.02455092203198,761.8571644492927,-700.6307415967505,-100.02460473375376,761.8571644492927,-700.6307415967505,-100.02460473375376,0.0017681590320672656,0.0017689776889721427,0.0017681590320672656,0.0017689776889721427,0.0,0.0,1.4095435490316899,1.4092151571278109,1.4092151571278109,0.10045993427945685,0.1004757038008161,1.0001561065088609,0.075430283667171,-0.016087493383429304,-0.016087493383429304,0.014061469248479149,0.014061469248479149,0.0,0.0,0.0,0.0,-0.0010257227414724797,-0.0010257227414724797,-0.016037358244478293,-0.016037358244478293,-0.010001881909159441,-0.010001881909159441
22,4,sqp_full,sqp_full,,10,1,93,37.57549580540139,762.7371296182691,-701.1166798292379,-100.02392146919378,761.9465585564557,-700.6729676504904,-100.02442693208776,761.9462879135289,-700.6737574668743,-100.0245358610401,761.9462879135289,-700.6737574668743,-100.0245358610401,0.0008348997030580134,0.0008419756711599087,0.0008348997030580134,0.0008419756711599087,0.0,0.0,0.9065776863268356,0.906427504568391,0.906427504568391,0.0990884843894526,0.09896141522554633,0.998673930097456,0.5359258669014263,0.21924874369413802,0.21924874369413802,-0.190816719205405,-0.190816719205405,0.0,0.0,0.0,0.0,0.0010263200686199709,0.0010263200686199709,0.003437772251437,0.003437772251437,-0.010001468673024616,-0.010001468673024616
22,5,sqp_full,sqp_full,,10,1,95,38.383576613482184,762.0370541737692,-700.713085107087,-100.02443590939149,762.0349198438236,-700.7165509204277,-100.02447417111514,762.0351283608207,-700.7158920776076,-100.02388345648708,762.0351283608207,-700.7158920776076,-100.02388345648708,0.0006910522410399771,0.0009091187885255834,0.0006910522410399771,0.0009091187885255834,0.0,0.0,0.0040702857921767486,0.003404091511074832,0.003404091511074832,0.09852522902926647,0.09832790106758128,0.9978540543773642,0.9703804868778366,0.3131780096226265,0.3131780096226265,-0.26400262654431744,-0.26400262654431744,0.0,0.0,0.0,0.0,0.009154401656801476,0.009154401656801476,0.011539227175037222,0.011539227175037222,-0.010000818239124762,-0.010000818239124762
22,6,sqp_full,sqp_full,,10,1,96,38.78761701752256,761.6870164515193,-700.5112877460116,-100.02469312949034,761.9361178397312,-700.6548431365171,-100.02458206499652,761.936766612797,-700.6528606508814,-100.02444870372746,761.936766612797,-700.6528606508814,-100.02444870372746,0.0020859424217740214,0.0020902011900877683,0.0020859424217740214,0.0020902011900877683,0.0,0.0,0.28750591603008546,0.2870854061973906,0.2870854061973906,0.11648904776380571,0.11682599767977116,1.0028173234123918,0.7017573188426907,0.2998607697715108,0.2998607697715108,-0.229692709820272,-0.229692709820272,0.0,0.0,0.0,0.0,0.005457821488168325,0.005457821488168325,0.011032905350973357,0.011032905350973357,0.011196615166748157,0.011196615166748157
22,7,sqp_full,sqp_full,,10,1,97,39.19165742156299,761.3369787292693,-700.3094903849361,-100.0249503495892,761.5030068089727,-700.40517800897,-100.02461871833378,761.5039900175573,-700.402212288842,-100.02570001445527,761.5039900175573,-700.402212288842,-100.02570001445527,0.0031244511515715863,0.0033062662174880826,0.0031244511515715863,0.0033062662174880826,0.0,0.0,0.19162840249625496,0.19102387777328825,0.19102387777328825,0.49991783547020735,0.5001217337397369,1.000402837080526,0.1816273913846594,0.2402414025360438,0.2402414025360438,-0.15027425406341488,-0.15027425406341488,0.0,0.0,0.0,0.0,-0.0024601675402625774,-0.0024601675402625774,0.0057695664129119376,0.0057695664129119376,0.04909721888530995,0.04909721888530995
22,8,sqp_full,sqp_full,,10,1,98,39.59569782560335,760.9869410070194,-700.1076930238606,-100.02520756968806,761.0698457877513,-700.1554711220829,-100.02544274572531,761.0712031399268,-700.1514642296697,-100.0249410304383,761.0712031399268,-700.1514642296697,-100.0249410304383,0.004230554542636966,0.004260200695678535,0.004230554542636966,0.004260200695678535,0.0,0.0,0.09568672498282225,0.09495275404157918,0.09495275404157918,0.49998267838557975,0.5001796144232311,1.0003865028803132,0.22012234199971767,0.18435534829040162,0.18435534829040162,-0.10290481928145415,-0.10290481928145415,0.0,0.0,0.0,0.0,0.01955676727421161,0.01955676727421161,0.0033720489223573,0.0033720489223573,0.04916733963204526,0.04916733963204526
22,9,sqp_full,sqp_full,,10,1,99,39.99973822964378,760.6369032847695,-699.9058956627852,-100.02546478978692,760.6369932719838,-699.9059547361882,-100.02535888030951,760.6385546585897,-699.9013863834406,-100.02534764791491,760.6385546585897,-699.9013863834406,-100.02534764791491,0.004827812647567127,0.004827825714200701,0.004827812647567127,0.004827825714200701,0.0,0.0,0.00010764462687356146,0.004802149071168353,0.004802149071168353,0.4996195895575075,0.4997237265886818,1.0002072576616312,0.08782289911380244,0.1414857283784139,0.1414857283784139,-0.06969451056224034,-0.06969451056224034,0.0,0.0,0.0,0.0,-0.009017174634365013,-0.009017174634365013,0.002002689223518134,0.002002689223518134,0.04919487004366777,0.04919487004366777
22,10,sqp_full,sqp_full,,10,0,99,39.99973822964378,760.6369032847695,-699.9058956627852,-100.02546478978692,760.6368933416001,-699.9058767499881,-100.02549737626458,760.6384491821145,-699.9012909929787,-100.02555840452423,nan,nan,nan,0.00484250008326719,0.004842884626430735,nan,nan,nan,nan,2.1367276566678173e-05,0.0048572402275511555,nan,0.00018774732638254506,nan,nan,nan,0.09066761530827319,nan,-0.06604978618478259,nan,0.0,nan,0.0,nan,-0.0016075099717568586,nan,0.002870949388648992,nan,-5.5313642806159115e-05,nan
22,11,sqp_full,sqp_full,,10,0,99,39.99973822964378,760.6369032847695,-699.9058956627852,-100.02546478978692,760.6368979398786,-699.9058836869235,-100.025452300365,760.638917970276,-699.8999298886401,-100.02477811769555,nan,nan,nan,0.00628714854331222,0.006323192158828209,nan,nan,nan,nan,1.3114462210499834e-05,0.006296778449342889,nan,4.583777876221087e-05,nan,nan,nan,0.06546414188447332,nan,-0.046052146496506026,nan,0.0,nan,0.0,nan,-0.002687058863506665,nan,0.001805638052585319,nan,-5.0945481771739237e-05,nan
22,12,sqp_full,sqp_full,,10,0,99,39.99973822964378,760.6369032847695,-699.9058956627852,-100.02546478978692,760.6368971869188,-699.905883623223,-100.02534098487426,760.6386493889768,-699.9007880344957,-100.02553179752123,nan,nan,nan,0.005388435443495788,0.005391812867205901,nan,nan,nan,nan,1.349573420068158e-05,0.005397846482237265,nan,0.00011131805552323389,nan,nan,nan,0.046417455628604554,nan,-0.03317228954313728,nan,0.0,nan,0.0,nan,-0.0018653626990245292,nan,0.0012652637727845009,nan,-3.615561368825356e-05,nan
22,13,sqp_full,sqp_full,,10,0,99,39.99973822964378,760.6369032847695,-699.9058956627852,-100.02546478978692,760.6368980225086,-699.9058836380126,-100.02556305312137,760.6385393063583,-699.9011101709089,-100.02482433130749,nan,nan,nan,0.005047752060723247,0.005101520438542627,nan,nan,nan,nan,1.3125796859185666e-05,0.005057420205758447,nan,0.00022206981967381285,nan,nan,nan,0.03034747526558235,nan,-0.022030345556924253,nan,0.0,nan,0.0,nan,0.005726914968162863,nan,0.0008218712282831189,nan,-2.3646796270633984e-05,nan
22,14,sqp_full,sqp_full,,10,0,99,39.99973822964378,760.6369032847695,-699.9058956627852,-100.02546478978692,760.6368964764964,-699.9058816475473,-100.02547687801807,760.6388532172759,-699.9001835235443,-100.0240136516786,nan,nan,nan,0.006024736644160254,0.006199877656212318,nan,nan,nan,nan,1.5581382247667972e-05,0.006035790875009222,nan,8.621195124468527e-05,nan,nan,nan,0.01523520878392832,nan,-0.010851526711883712,nan,0.0,nan,0.0,nan,0.0010551998039017914,nan,0.0003953020344106907,nan,-1.1503499314558797e-05,nan
23,0,sqp_full,sqp_full,,10,1,91,36.76741499732053,763.4372050627691,-701.5202745513889,-100.02340702899606,760.7160360680595,-699.9907395126824,-100.0254726335152,760.7133674821841,-699.9994268768346,-100.02560241850978,760.7133674821841,-699.9994268768346,-100.02560241850978,0.00908799463514814,0.00908892131296672,0.00908799463514814,0.00908892131296672,0.0,0.0,3.12157622562698,3.1196584451833687,3.1196584451833687,0.11826819580988134,0.12332461971225359,1.0407148559994763,3.5836729820479536,-0.40933694520501657,-0.40933694520501657,0.25649683665895884,0.25649683665895884,3.0318383548346425e-13,3.0318383548346425e-13,-2.420531695150017e-18,-2.420531695150017e-18,-0.007195790660178526,-0.007195790660178526,0.07234601393414951,0.07234601393414951,-0.009989267690804824,-0.009989267690804824
23,1,sqp_full,sqp_full,,10,1,92,37.17145540136096,763.087167340519,-701.3184771903134,-100.02366424909492,760.80865003877,-700.0368672681846,-100.02526155744283,760.7973837607321,-700.0703501856591,-100.0274712659164,760.7973837607321,-700.0703501856591,-100.0274712659164,0.035327535767878185,0.03539657603453898,0.035327535767878185,0.03539657603453898,0.0,0.0,2.614223610724408,2.6078592488876917,2.6078592488876917,0.10346575255391112,0.10996519170314452,1.03241966731326,13.736268612024078,-0.43453970042626344,-0.43453970042626344,0.3183010011736839,0.3183010011736839,1.3544661410587552e-13,1.3544661410587552e-13,-2.3474635051646513e-18,-2.3474635051646513e-18,-0.015595483375418892,-0.015595483375418892,0.03450816237851702,0.03450816237851702,-0.009988341729714068,-0.009988341729714068
23,2,sqp_full,sqp_full,,10,1,93,37.57549580540139,762.7371296182691,-701.1166798292379,-100.02392146919378,760.9013500650557,-700.0832886663807,-100.02530490180621,760.8755962601718,-700.15864762676,-100.02633588863894,760.8755962601718,-700.15864762676,-100.02633588863894,0.07963812764896586,0.07964480089297879,0.07963812764896586,0.07964480089297879,0.0,0.0,2.1066522882212637,2.093593118132915,2.093593118132915,0.10367373323356388,0.11796152870800046,1.0559067425508435,21.87288327187458,-0.45358678567304683,-0.45358678567304683,0.32729497928430074,0.32729497928430074,-2.5453088223774306e-12,-2.5453088223774306e-12,-2.3486866888846808e-18,-2.3486866888846808e-18,-0.0019591008364121592,-0.0019591008364121592,0.0007710867260259902,0.0007710867260259902,-0.009987127039173432,-0.009987127039173432
23,3,sqp_full,sqp_full,,10,1,95,38.383576613482184,762.0370541737692,-700.713085107087,-100.02443590939149,760.9938303409571,-700.1301175403087,-100.02519387683418,760.9483778147729,-700.2628741030053,-100.02680574404833,760.9483778147729,-700.2628741030053,-100.02680574404833,0.14032190518779838,0.14033116258140782,0.14032190518779838,0.14033116258140782,0.0,0.0,1.1950594751989585,1.1780942928448288,1.1780942928448288,0.10366077942353376,0.12712408821609417,1.0805967893834467,28.218490395739348,-0.44528719890817536,-0.44528719890817536,0.3143297616821855,0.3143297616821855,-7.608000368646927e-11,-7.608000368646927e-11,3.4412271437730394e-19,3.4412271437730394e-19,-0.0072263690369615725,-0.0072263690369615725,-0.03765836748814646,-0.03765836748814646,-0.009985867518884717,-0.009985867518884717
23,4,sqp_full,sqp_full,,10,1,96,38.78761701752256,761.6870164515193,-700.5112877460116,-100.02469312949034,761.0830960328617,-700.1745689320851,-100.02499861301264,761.0395703791146,-700.3018855299276,-100.02725596572695,761.0395703791146,-700.3018855299276,-100.02725596572695,0.13455110040548207,0.13457003478339044,0.13455110040548207,0.13457003478339044,0.0,0.0,0.6914473455900715,0.680467269435521,0.680467269435521,0.09972125204814071,0.0991875895527689,0.9929672023215365,3.331814883693439,0.05889368304687193,0.05889368304687193,-0.04507453827840329,-0.04507453827840329,-4.518482209932538e-11,-4.518482209932538e-11,8.775464100956737e-19,8.775464100956737e-19,-0.005649556469900986,-0.005649556469900986,-0.009936855063858704,-0.009936855063858704,-0.009988077550965207,-0.009988077550965207
23,5,sqp_full,sqp_full,,10,1,97,39.19165742156299,761.3369787292693,-700.3094903849361,-100.0249503495892,761.1706821747734,-700.2180607867367,-100.02515558514969,761.1406740851123,-700.3061823209716,-100.02570855632632,761.1406740851123,-700.3061823209716,-100.02570855632632,0.09309076345706456,0.09309240580273626,0.09309076345706456,0.09309240580273626,0.0,0.0,0.1897733265347795,0.19633251540382612,0.19633251540382612,0.09779007268776167,0.10120679945338272,0.9455204639494927,23.992339407973617,0.3125017654960423,0.3125017654960423,-0.22315079784749106,-0.22315079784749106,-2.0347304929668915e-11,-2.0347304929668915e-11,7.983049790418423e-19,7.983049790418423e-19,0.015589793337726702,0.015589793337726702,0.004996124667610064,0.004996124667610064,-0.009992952645706932,-0.009992952645706932
23,6,sqp_full,sqp_full,,10,1,98,39.59569782560335,760.9869410070194,-700.1076930238606,-100.02520756968806,761.0697874166875,-700.1554254893497,-100.02514842316434,761.0531908025966,-700.2043322556884,-100.02639498543662,761.0531908025966,-700.2043322556884,-100.02639498543662,0.051646097558229936,0.05166113926824376,0.051646097558229936,0.05166113926824376,0.0,0.0,0.09561336651623796,0.11716730150639426,0.11716730150639426,0.11875576928839304,0.1342655268594265,1.078216078797925,17.509830301973746,0.3539210995828553,0.3539210995828553,-0.23917036200035846,-0.23917036200035846,-4.0297311348340525e-12,-4.0297311348340525e-12,4.900678931643236e-19,4.900678931643236e-19,0.003629229533985081,0.003629229533985081,0.008225590702327165,0.008225590702327165,0.011367192495832547,0.011367192495832547
23,7,sqp_full,sqp_full,,10,1,99,39.99973822964378,760.6369032847695,-699.9058956627852,-100.02546478978692,760.636977330198,-699.9059434815996,-100.0254779788559,760.6303653570994,-699.9260325517512,-100.02695913228987,760.6303653570994,-699.9260325517512,-100.02695913228987,0.02114920631623753,0.021201008072772077,0.02114920631623753,0.021201008072772077,0.0,0.0,8.814399870831266e-05,0.021171650749160827,0.021171650749160827,0.49956576320346613,0.5061940347664131,1.0114924358174031,3.392463345436377,0.28426608031117706,0.28426608031117706,-0.16618910486417196,-0.16618910486417196,1.2044592745477805e-12,1.2044592745477805e-12,2.3000634055355147e-19,2.3000634055355147e-19,0.003261153864722122,0.003261153864722122,0.005085030073327826,0.005085030073327826,0.049086093084573346,0.049086093084573346
23,8,sqp_full,sqp_full,,10,1,99,39.99973822964378,760.6369032847695,-699.9058956627852,-100.02546478978692,760.6368932565545,-699.905875449163,-100.02546956685015,760.6354085093151,-699.9111618822088,-100.02693849733477,760.6354085093151,-699.9111618822088,-100.02693849733477,0.005490978848375525,0.005684065928713901,0.005490978848375525,0.005684065928713901,0.0,0.0,2.256447690191813e-05,0.005474250695466089,0.005474250695466089,0.00010847834720351633,0.015702567392238867,nan,nan,0.20442220839816239,0.20442220839816239,-0.1445931752475435,-0.1445931752475435,4.3355591614502445e-12,4.3355591614502445e-12,5.844669337514761e-20,5.844669337514761e-20,0.0016278884230634671,0.0016278884230634671,0.005579891846310167,0.005579891846310167,-0.00014678751319732394,-0.00014678751319732394
23,9,sqp_full,sqp_full,,10,1,99,39.99973822964378,760.6369032847695,-699.9058956627852,-100.02546478978692,760.6368951879821,-699.9058786167823,-100.0254666053111,760.6388371698723,-699.9012829115491,-100.02632285159918,760.6388371698723,-699.9012829115491,-100.02632285159918,0.004989168292734166,0.005062110030320942,0.004989168292734166,0.005062110030320942,0.0,0.0,1.887125268627783e-05,0.005001738253590068,0.005001738253590068,4.747097909357988e-06,0.010475151272632459,nan,nan,0.15630122971681162,0.15630122971681162,-0.11036004456708154,-0.11036004456708154,5.14288843128382e-12,5.14288843128382e-12,-4.1838613835333506e-20,-4.1838613835333506e-20,0.0010807369067066667,0.0010807369067066667,0.004258197707011122,0.004258197707011122,-0.00012049093884424031,-0.00012049093884424031
23,10,sqp_full,sqp_full,,10,0,99,39.99973822964378,760.6369032847695,-699.9058956627852,-100.02546478978692,760.6368961397706,-699.9058807858572,-100.0254673939953,760.6410458557223,-699.8949281785406,-100.02619316772585,nan,nan,nan,0.011712375912342907,0.011734841158702554,nan,nan,nan,nan,1.650375691037396e-05,0.011723762397536978,nan,2.4965596719184064e-06,nan,nan,nan,0.11992649455003442,nan,-0.08454267158497906,nan,6.240793495116189e-12,nan,-9.039017035053001e-20,nan,0.0008917429725562238,nan,0.0032238635659754366,nan,-9.253079738148697e-05,nan
23,11,sqp_full,sqp_full,,10,0,99,39.99973822964378,760.6369032847695,-699.9058956627852,-100.02546478978692,760.6368961702673,-699.905881068364,-100.025466944456,760.6421813707387,-699.8916313704267,-100.02768049697991,nan,nan,nan,0.015198264220947914,0.015358614849845093,nan,nan,nan,nan,1.6236171587645414e-05,0.01520947822866628,nan,5.318136226873608e-07,nan,nan,nan,0.09233549905381072,nan,-0.0649698954485987,nan,5.853877664062935e-12,nan,-1.127471660601451e-19,nan,0.0006565032158912286,nan,0.0024214774176041804,nan,-7.121890211319962e-05,nan
23,12,sqp_full,sqp_full,,10,0,99,39.99973822964378,760.6369032847695,-699.9058956627852,-100.02546478978692,760.6368960154343,-699.9058806360744,-100.02546723322872,760.6431816704206,-699.8887603105431,-100.02607702247958,nan,nan,nan,0.018237735739464803,0.018247927220180746,nan,nan,nan,nan,1.6692671088730914e-05,0.018249340339964646,nan,5.424364138431292e-07,nan,nan,nan,0.06815713665100893,nan,-0.04787622593626406,nan,5.2861260854699336e-12,nan,-1.1272243225680555e-19,nan,0.0004835370812666622,nan,0.0017347387314330571,nan,-5.260883376536808e-05,nan
23,13,sqp_full,sqp_full,,10,0,99,39.99973822964378,760.6369032847695,-699.9058956627852,-100.02546478978692,760.6368948910315,-699.9058788188127,-100.0254674007814,760.643766601378,-699.8870573800725,-100.02631609166558,nan,nan,nan,0.02003664042033811,0.020054606342454564,nan,nan,nan,nan,1.8819517731708976e-05,0.020049588784602047,nan,2.143547570830673e-06,nan,nan,nan,0.0448284817490846,nan,-0.03142652128983699,nan,4.013878512394598e-12,nan,-8.385858017744287e-20,nan,0.0003137791587071632,nan,0.001126472193274143,nan,-3.449761703714989e-05,nan
23,14,sqp_full,sqp_full,,10,0,99,39.99973822964378,760.6369032847695,-699.9058956627852,-100.02546478978692,760.6368933038625,-699.9058757393638,-100.02546804755006,760.6440849036005,-699.8861285220589,-100.02611802930271,nan,nan,nan,0.021015986726255632,0.021026035631019978,nan,nan,nan,nan,2.2283653665791688e-05,0.021031298141740564,nan,3.5242616169624204e-06,nan,nan,nan,0.022419189746053943,nan,-0.015687944565751195,nan,2.2762209422400203e-12,nan,-4.3604014832995296e-20,nan,0.00016075578321764154,nan,0.0005610208008953617,nan,-1.7090273468134047e-05,nan
24,0,sqp_full,sqp_full,,10,1,93,37.57549580540139,762.7371296182691,-701.1166798292379,-100.02392146919378,760.720454026502,-699.9810401651292,-100.02554773349574,760.720453993027,-699.9810404574215,-100.0255477509757,760.720453993027,-699.9810404574215,-100.0255477509757,2.942029319407585e-07,2.947217573090691e-07,2.942029319407585e-07,2.947217573090691e-07,0.0,0.0,2.314445481994784,2.314445367742588,2.314445367742588,0.11411893617110157,0.11411911639347073,1.0000015792482557,0.00011708222337517048,-0.5000014196644698,-0.5000014196644698,0.359003439699793,0.359003439699793,0.0,0.0,0.0,0.0,0.01324318357072875,0.01324318357072875,-0.0009756096610255772,-0.0009756096610255772,-0.010001806886238798,-0.010001806886238798
24,1,sqp_full,sqp_full,,10,1,95,38.383576613482184,762.0370541737692,-700.713085107087,-100.02443590939149,760.8125992562402,-700.0281305580198,-100.02526181774661,760.8121359555912,-700.0294708111735,-100.02528574846767,760.8121359555912,-700.0294708111735,-100.02528574846767,0.001418071227893055,0.0014182731354673722,0.001418071227893055,0.0014182731354673722,0.0,0.0,1.4030155306869125,1.4027662480975742,1.4027662480975742,0.1034810621027769,0.10368775274579804,1.0019054871913755,0.7759615118820561,-0.44954064971319163,-0.44954064971319163,0.37230184850881765,0.37230184850881765,0.0,0.0,0.0,0.0,-0.012256042696875483,-0.012256042696875483,-0.04770375493923127,-0.04770375493923127,-0.010001636077109454,-0.010001636077109454
24,2,sqp_full,sqp_full,,10,1,96,38.78761701752256,761.6870164515193,-700.5112877460116,-100.02469312949034,760.9022621167749,-700.0727831719008,-100.02521541223363,760.9017920485204,-700.0741348132311,-100.0252481978988,760.9017920485204,-700.0741348132311,-100.0252481978988,0.0014310480249516363,0.0014314235395432556,0.0014310480249516363,0.0014314235395432556,0.0,0.0,0.8989580787868243,0.8987102145316439,0.8987102145316439,0.10016629492568188,0.10016531080757758,0.999990162552499,0.009097154243657807,0.013116631684252119,0.013116631684252119,-0.010831530425133169,-0.010831530425133169,0.0,0.0,0.0,0.0,-0.0005864130778329762,-0.0005864130778329762,-0.012007781504904953,-0.012007781504904953,-0.010001381100542012,-0.010001381100542012
24,3,sqp_full,sqp_full,,10,1,97,39.19165742156299,761.3369787292693,-700.3094903849361,-100.0249503495892,760.9906635661774,-700.1167426296552,-100.02524802747364,760.9904811424065,-700.117244981269,-100.02513678709124,760.9904811424065,-700.117244981269,-100.02513678709124,0.0005344488527147022,0.0005459029207127378,0.0005344488527147022,0.0005459029207127378,0.0,0.0,0.3963406228904628,0.39625606990039275,0.39625606990039275,0.098728168453946,0.09861163407505999,0.9987780325658436,0.5230007585228015,0.2293151261790932,0.2293151261790932,-0.19332466351926383,-0.19332466351926383,0.0,0.0,0.0,0.0,0.008441984122227821,0.008441984122227821,0.005966279228956104,0.005966279228956104,-0.010000813725990038,-0.010000813725990038
24,4,sqp_full,sqp_full,,10,1,98,39.59569782560335,760.9869410070194,-700.1076930238606,-100.02520756968806,761.0697701749258,-700.1554009373106,-100.02513701074655,761.0699193897366,-700.1549366687341,-100.02527401281358,761.0699193897366,-700.1549366687341,-100.02527401281358,0.0004876580470376635,0.0005065372022007309,0.0004876580470376635,0.0005065372022007309,0.0,0.0,0.09558617087120848,0.09548494111265475,0.09548494111265475,0.0880473317208937,0.08792677222408353,0.9985603486354898,0.6803057729547619,0.28127359634727866,0.28127359634727866,-0.229972362179142,-0.229972362179142,0.0,0.0,0.0,0.0,0.002092482278017362,0.002092482278017362,0.0119865883213332,0.0119865883213332,-0.008977848511005002,-0.008977848511005002
24,5,sqp_full,sqp_full,,10,1,99,39.99973822964378,760.6369032847695,-699.9058956627852,-100.02546478978692,760.6369602406293,-699.9059218565186,-100.02553059495868,760.6374638976969,-699.9044652986117,-100.02514298517544,760.6374638976969,-699.9044652986117,-100.02514298517544,0.0015411785678008467,0.0015891735971610469,0.0015411785678008467,0.0015891735971610469,0.0,0.0,6.269036318235829e-05,0.0015363035257276749,0.0015363035257276749,0.49956421597947465,0.49975361630952514,1.0003764271623006,0.13321515929852532,0.22541294128019093,0.22541294128019093,-0.1477633518915433,-0.1477633518915433,0.0,0.0,0.0,0.0,0.003210217234934081,0.003210217234934081,0.006042401795653998,0.006042401795653998,0.049156265869841446,0.049156265869841446
24,6,sqp_full,sqp_full,,10,1,99,39.99973822964378,760.6369032847695,-699.9058956627852,-100.02546478978692,760.6368996460161,-699.9058755376304,-100.02541926967479,760.6375329578054,-699.9040336596563,-100.02541941347143,760.6375329578054,-699.9040336596563,-100.02541941347143,0.0019477161739189352,0.0019477161792270682,0.0019477161739189352,0.0019477161792270682,0.0,0.0,2.0451464003341905e-05,0.001965589932914658,0.001965589932914658,0.00013494615730984784,0.0005171983075080373,nan,nan,0.15585678215288273,0.15585678215288273,-0.12117954686996187,-0.12117954686996187,0.0,0.0,0.0,0.0,-0.005480829800863157,-0.005480829800863157,0.005849765482062559,0.005849765482062559,-0.00010570956245377755,-0.00010570956245377755
24,7,sqp_full,sqp_full,,10,1,99,39.99973822964378,760.6369032847695,-699.9058956627852,-100.02546478978692,760.6368972544527,-699.905879031897,-100.02538522345617,760.6376145526328,-699.9037996261951,-100.02544371103906,760.6376145526328,-699.9037996261951,-100.02544371103906,0.002199646506255876,0.0022004239477509233,0.002199646506255876,0.0022004239477509233,0.0,0.0,1.7690425623794925e-05,0.0022134297730900675,0.0022134297730900675,3.4308519020363e-05,0.00024903764491814284,nan,nan,0.11457072811993801,0.11457072811993801,-0.08733063126578294,-0.08733063126578294,0.0,0.0,0.0,0.0,0.00015531847455907034,0.00015531847455907034,0.004099625499821607,0.004099625499821607,-8.355974573911607e-05,-8.355974573911607e-05
24,8,sqp_full,sqp_full,,10,1,99,39.99973822964378,760.6369032847695,-699.9058956627852,-100.02546478978692,760.636901611487,-699.9058852079871,-100.02550238866316,760.6377262039547,-699.903501200546,-100.02532918212805,760.6377262039547,-699.903501200546,-100.02532918212805,0.0025225868106034466,0.002528526195402542,0.0025225868106034466,0.002528526195402542,0.0,0.0,1.058785510795162e-05,0.0025319252358950673,0.0025319252358950673,0.00011740874569915459,0.00033858641017922266,nan,nan,0.08415868287077526,0.08415868287077526,-0.06260143334722103,-0.06260143334722103,0.0,0.0,0.0,0.0,0.009779555048822094,0.009779555048822094,0.002793027942089589,0.002793027942089589,-6.381466435404377e-05,-6.381466435404377e-05
24,9,sqp_full,sqp_full,,10,1,99,39.99973822964378,760.6369032847695,-699.9058956627852,-100.02546478978692,760.6368995246894,-699.9058863618011,-100.02567047723082,760.6377557068074,-699.9034095112838,-100.02535807633411,760.6377557068074,-699.9034095112838,-100.02535807633411,0.0026206557011382394,0.002639210227354334,0.0026206557011382394,0.002639210227354334,0.0,0.0,1.0032273267433763e-05,0.00262822613532096,0.00262822613532096,0.00016810548054585568,0.00010055950607676163,nan,nan,0.06124090778384408,0.06124090778384408,-0.04561003842271693,-0.04561003842271693,0.0,0.0,0.0,0.0,0.005341252215730154,0.005341252215730154,0.001976670272219229,0.001976670272219229,-4.570603989305129e-05,-4.570603989305129e-05
24,10,sqp_full,sqp_full,,10,0,99,39.99973822964378,760.6369032847695,-699.9058956627852,-100.02546478978692,760.6368990411632,-699.9058869029377,-100.02530753546837,760.637776232623,-699.9033461221613,-100.0253333301388,nan,nan,nan,0.0026879419284793105,0.002688065694119146,nan,nan,nan,nan,9.733607734921876e-06,0.002694846071235275,nan,0.0003629424879459604,nan,nan,nan,0.04407699015504439,nan,-0.032952329479685384,nan,0.0,nan,0.0,nan,-0.014669807679397009,nan,0.001397568018558283,nan,-3.1919741769544616e-05,nan
24,11,sqp_full,sqp_full,,10,0,99,39.99973822964378,760.6369032847695,-699.9058956627852,-100.02546478978692,760.6369003223372,-699.9058890662209,-100.02545008217317,760.6377937111615,-699.9033014274683,-100.02545338744396,nan,nan,nan,0.0027375203935826094,0.0027375223889670366,nan,nan,nan,nan,7.231228454876489e-06,0.002742793473656499,nan,0.00014256887544681815,nan,nan,nan,0.031736554042110794,nan,-0.023465353224013222,nan,0.0,nan,0.0,nan,-0.00113231804521364,nan,0.0009545169474499088,nan,-2.3784396793106145e-05,nan
24,12,sqp_full,sqp_full,,10,0,99,39.99973822964378,760.6369032847695,-699.9058956627852,-100.02546478978692,760.6369011476513,-699.9058903275635,-100.0254647100373,760.6378056586499,-699.9032736400674,-100.02544519162053,nan,nan,nan,0.0027686086034095425,0.002768677404008385,nan,nan,nan,nan,5.747335399254502e-06,0.002772955418513893,nan,1.4705323455411624e-05,nan,nan,nan,0.022912638487590523,nan,-0.016900956157443508,nan,0.0,nan,0.0,nan,0.00039329281103848816,nan,0.0006594741317514078,nan,-1.7302391014002835e-05,nan
24,13,sqp_full,sqp_full,,10,0,99,39.99973822964378,760.6369032847695,-699.9058956627852,-100.02546478978692,760.6368995996237,-699.9058890518603,-100.02543756544864,760.6378134615841,-699.9032470479293,-100.02544400849933,nan,nan,nan,0.0027955908954193946,0.002795598320119328,nan,nan,nan,nan,7.568660777632084e-06,0.0028006396570799115,nan,2.7218605800145243e-05,nan,nan,nan,0.016083326179021796,nan,-0.01183763626017035,nan,0.0,nan,0.0,nan,0.0004098343914751238,nan,0.00044067034677779365,nan,-1.195136509723189e-05,nan
24,14,sqp_full,sqp_full,,10,0,99,39.99973822964378,760.6369032847695,-699.9058956627852,-100.02546478978692,760.6369015243947,-699.905889121154,-100.02550515188595,760.6378607435935,-699.9031191120512,-100.02530097559656,nan,nan,nan,0.0029313907793782983,0.002938492786884626,nan,nan,nan,nan,6.774352883605723e-06,0.0029369987024727953,nan,6.76138747079498e-05,nan,nan,nan,0.009524101902449851,nan,-0.006884246308040255,nan,0.0,nan,0.0,nan,0.0019330178213329342,nan,0.00025289761332465026,nan,-7.637500723948825e-06,nan
25,0,sqp_full,sqp_full,,10,1,96,38.78761701752256,761.6870164515193,-700.5112877460116,-100.02469312949034,760.7224701520424,-699.9714531290008,-100.02536460076921,760.7221937940994,-699.9722433117388,-100.02507869315356,760.7221937940994,-699.9722433117388,-100.02507869315356,0.0008371155667584151,0.0008845934867435487,0.0008371155667584151,0.0008845934867435487,0.0,0.0,1.1053374948664596,1.1051930430432013,1.1051930430432013,0.10865758687759555,0.108940170394495,1.0025709220361396,0.441438143334556,-0.3749034461693871,-0.3749034461693871,0.2575815352062668,0.2575815352062668,0.0,0.0,0.0,0.0,-0.010107645482675958,-0.010107645482675958,-0.039495795562255284,-0.039495795562255284,-0.009999122867482968,-0.009999122867482968
25,1,sqp_full,sqp_full,,10,1,97,39.19165742156299,761.3369787292693,-700.3094903849361,-100.0249503495892,760.8122346723193,-700.0162674155639,-100.02534598939222,760.8119735339936,-700.0170211932449,-100.02499995003902,760.8119735339936,-700.0170211932449,-100.02499995003902,0.0007977305419520018,0.0008695500281903245,0.0007977305419520018,0.0008695500281903245,0.0,0.0,0.6011123314920459,0.600973113504161,0.600973113504161,0.10032940609352993,0.1003267988531917,0.9999737565924084,0.04104657773463612,-0.006766536008895942,-0.006766536008895942,0.0044141458575235135,0.0044141458575235135,0.0,0.0,0.0,0.0,-0.003424200658481976,-0.003424200658481976,-0.008393089345292268,-0.008393089345292268,-0.009999402116928329,-0.009999402116928329
25,2,sqp_full,sqp_full,,10,1,98,39.59569782560335,760.9869410070194,-700.1076930238606,-100.02520756968806,760.9011720020768,-700.0604975096197,-100.02522351154016,760.900839975014,-700.0614054425491,-100.02565138978991,760.900839975014,-700.0614054425491,-100.02565138978991,0.0009667389382558957,0.0010571962785346637,0.0009667389382558957,0.0010571962785346637,0.0,0.0,0.09789657181583476,0.09775442647807665,0.09775442647807665,0.099328570136793,0.09933594666418528,1.0000424540210595,0.45698683705020693,0.13542259281964322,0.13542259281964322,-0.1050727765277071,-0.1050727765277071,0.0,0.0,0.0,0.0,-0.0047231647190331925,-0.0047231647190331925,0.005771084207040019,0.005771084207040019,-0.009999732613693317,-0.009999732613693317
25,3,sqp_full,sqp_full,,10,1,99,39.99973822964378,760.6369032847695,-699.9058956627852,-100.02546478978692,760.6369367610748,-699.9059077550957,-100.02541335582795,760.6367966946106,-699.9063000690605,-100.02538897186434,760.6367966946106,-699.9063000690605,-100.02538897186434,0.0004165679553527002,0.0004172810073649305,0.0004165679553527002,0.0004172810073649305,0.0,0.0,3.559335606199559e-05,0.0004182175241457749,0.0004182175241457749,0.3061344326143107,0.30622965185364937,1.0003083794471204,0.13208054806918682,0.13484267370239109,0.13484267370239109,-0.08042626167919575,-0.08042626167919575,0.0,0.0,0.0,0.0,0.0032602277362129375,0.0032602277362129375,0.005311576656083248,0.005311576656083248,0.030079530460473656,0.030079530460473656
25,4,sqp_full,sqp_full,,10,1,99,39.99973822964378,760.6369032847695,-699.9058956627852,-100.02546478978692,760.6368842825125,-699.9058735854289,-100.02561694313412,760.6368265117372,-699.9060331152466,-100.02543113842727,760.6368265117372,-699.9060331152466,-100.02543113842727,0.0001696679852176569,0.000251616005647175,0.0001696679852176569,0.000251616005647175,0.0,0.0,2.9128944825686225e-05,0.0001574397586841923,0.0001574397586841923,0.00021300083770407272,0.0002719033262936571,nan,nan,0.08332155936769012,0.08332155936769012,-0.06144715077369333,-0.06144715077369333,0.0,0.0,0.0,0.0,0.01124469583094224,0.01124469583094224,0.003942672635818324,0.003942672635818324,-5.678073475378965e-05,-5.678073475378965e-05
25,5,sqp_full,sqp_full,,10,1,99,39.99973822964378,760.6369032847695,-699.9058956627852,-100.02546478978692,760.636914628524,-699.9058936930717,-100.02538802018098,760.6367686086469,-699.9062895686178,-100.02722511615788,760.6367686086469,-699.9062895686178,-100.02722511615788,0.000421946978327167,0.0018849299405688479,0.000421946978327167,0.0018849299405688479,0.0,0.0,1.1513493812185456e-05,0.0004162925208746516,0.0004162925208746516,0.0002317993015153181,0.0018131401483137536,nan,nan,0.056909805043156965,0.056909805043156965,-0.0424722275911586,-0.0424722275911586,0.0,0.0,0.0,0.0,-0.011078631340553409,-0.011078631340553409,0.002639147371462213,0.002639147371462213,-4.526530548031018e-05,-4.526530548031018e-05
25,6,sqp_full,sqp_full,,10,1,99,39.99973822964378,760.6369032847695,-699.9058956627852,-100.02546478978692,760.6368928479752,-699.9058842012407,-100.02545838433701,760.636851549641,-699.905993061237,-100.02541583729978,760.636851549641,-699.905993061237,-100.02541583729978,0.0001164304565518944,0.00012396088734288678,0.0001164304565518944,0.00012396088734288678,0.0,0.0,1.5501408821052494e-05,0.00011028590995913971,0.00011028590995913971,7.426709645378212e-05,0.0018352890294832296,nan,nan,0.040095585104532906,0.040095585104532906,-0.02964054026751756,-0.02964054026751756,0.0,0.0,0.0,0.0,-0.00061792846390384,-0.00061792846390384,0.0017301644166110156,0.0017301644166110156,-2.7390739211883362e-05,-2.7390739211883362e-05
25,7,sqp_full,sqp_full,,10,1,99,39.99973822964378,760.6369032847695,-699.9058956627852,-100.02546478978692,760.6369026606023,-699.9058913025141,-100.02546428155458,760.6368669594132,-699.9059848729745,-100.02541260257559,760.6368669594132,-699.9059848729745,-100.02541260257559,0.00010014991746350153,0.00011269748372665084,0.00010014991746350153,0.00011269748372665084,0.0,0.0,4.40471883215068e-06,9.632232032118303e-05,9.632232032118303e-05,1.3471930499505667e-05,1.7747455044234537e-05,nan,nan,0.02885324160562507,0.02885324160562507,-0.021270507123157208,-0.021270507123157208,0.0,0.0,0.0,0.0,0.0003151931206854553,0.0003151931206854553,0.001139356851685824,0.001139356851685824,-2.2657424250579048e-05,-2.2657424250579048e-05
25,8,sqp_full,sqp_full,,10,1,99,39.99973822964378,760.6369032847695,-699.9058956627852,-100.02546478978692,760.6369067652329,-699.9058947857824,-100.02548101140329,760.6368747858659,-699.905979167044,-100.02542889151094,760.6368747858659,-699.905979167044,-100.02542889151094,9.023789244680058e-05,0.00010420825499929371,9.023789244680058e-05,0.00010420825499929371,0.0,0.0,3.5892561770488156e-06,8.823348995303079e-05,8.823348995303079e-05,1.7574668897365124e-05,1.8951000509929967e-05,nan,nan,0.021192271688448176,0.021192271688448176,-0.015595465667371798,-0.015595465667371798,0.0,0.0,0.0,0.0,0.0003164314213072643,0.0003164314213072643,0.0007648271392815323,0.0007648271392815323,-1.64475876236606e-05,-1.64475876236606e-05
25,9,sqp_full,sqp_full,,10,1,99,39.99973822964378,760.6369032847695,-699.9058956627852,-100.02546478978692,760.636896675158,-699.9058895972242,-100.02540825105494,760.6368471110275,-699.9060238150594,-100.02557474662677,760.6368471110275,-699.9060238150594,-100.02557474662677,0.00014307700835608782,0.0002195263213351587,0.00014307700835608782,0.0002195263213351587,0.0,0.0,8.970952713435638e-06,0.00013992317421140438,0.00013992317421140438,7.363965669296406e-05,0.0001550259874047914,nan,nan,0.01568806015517543,0.01568806015517543,-0.011582149884676537,-0.011582149884676537,0.0,0.0,0.0,0.0,-0.0012385490760887217,-0.0012385490760887217,0.0005240298419885931,0.0005240298419885931,-1.0641446695717611e-05,-1.0641446695717611e-05
25,10,sqp_full,sqp_full,,10,0,99,39.99973822964378,760.6369032847695,-699.9058956627852,-100.02546478978692,760.6369011145676,-699.9058928474464,-100.02551867151017,760.636874318655,-699.9059625414819,-100.02536296085725,nan,nan,nan,7.466779451519045e-05,0.00017268783099205136,nan,nan,nan,nan,3.554702333693042e-06,7.288206822831716e-05,nan,0.00011055744767447477,nan,nan,nan,0.011612644094081036,nan,-0.008477991819702768,nan,0.0,nan,0.0,nan,0.0040500952267749635,nan,0.00035724006942399345,nan,-9.419410794478933e-06,nan
25,11,sqp_full,sqp_full,,10,0,99,39.99973822964378,760.6369032847695,-699.9058956627852,-100.02546478978692,760.6369030626017,-699.9058943598455,-100.02545744865411,760.636879251319,-699.9059533394525,-100.02542069622532,nan,nan,nan,6.36048050800577e-05,7.345959604139728e-05,nan,nan,nan,nan,1.321745122558683e-06,6.248363541794357e-05,nan,6.127250845997548e-05,nan,nan,nan,0.008472765396881719,nan,-0.006079566259928577,nan,0.0,nan,0.0,nan,-0.00043946917371803155,nan,0.00023307401216606546,nan,-6.697348461133367e-06,nan
25,12,sqp_full,sqp_full,,10,0,99,39.99973822964378,760.6369032847695,-699.9058956627852,-100.02546478978692,760.6369014565337,-699.9058935533322,-100.02546226483624,760.6368737283942,-699.9059639328077,-100.0254245539659,nan,nan,nan,7.564469770562202e-05,8.452354720409165e-05,nan,nan,nan,nan,2.791457936181788e-06,7.439338204799207e-05,nan,5.140576671589162e-06,nan,nan,nan,0.005900610468875105,nan,-0.004317899826441129,nan,0.0,nan,0.0,nan,-3.153368923574159e-05,nan,0.00016418738084609285,nan,-4.215171299170057e-06,nan
25,13,sqp_full,sqp_full,,10,0,99,39.99973822964378,760.6369032847695,-699.9058956627852,-100.02546478978692,760.6369036257786,-699.9058947096925,-100.02546561613411,760.6368721075467,-699.9059769929291,-100.02541191322727,nan,nan,nan,8.81131657961219e-05,0.00010318881813737103,nan,nan,nan,nan,1.0122613366809575e-06,8.710115692185026e-05,nan,4.156198968106696e-06,nan,nan,nan,0.0038711323813946717,nan,-0.002846276410313213,nan,0.0,nan,0.0,nan,0.0001683517466311134,nan,0.0001069853799343211,nan,-3.1479229993254056e-06,nan
25,14,sqp_full,sqp_full,,10,0,99,39.99973822964378,760.6369032847695,-699.9058956627852,-100.02546478978692,760.6369019161268,-699.9058935178689,-100.02546741485268,760.6368684632683,-699.9059821034424,-100.02540704924309,nan,nan,nan,9.469159177879946e-05,0.00011229650206171785,nan,nan,nan,nan,2.544375833573754e-06,9.319079433098234e-05,nan,2.752951387205032e-06,nan,nan,nan,0.0019472986424696945,nan,-0.0014364809875466436,nan,0.0,nan,0.0,nan,0.000129723922721083,nan,5.40302218933698e-05,nan,-1.2726243642129633e-06,nan
26,0,sqp_full,sqp_full,,10,1,98,39.59569782560335,760.9869410070194,-700.1076930238606,-100.02520756968806,760.7233966238134,-699.9604094908142,-100.02539855672629,760.7233921775996,-699.9604231987698,-100.02539056579639,760.7233921775996,-699.9604231987698,-100.02539056579639,1.4410998053552658e-05,1.6478222769108692e-05,1.4410998053552658e-05,1.6478222769108692e-05,0.0,0.0,0.3019074047221657,0.3019045989559949,0.3019045989559949,0.10221864278923727,0.10222218652840037,1.0000346558348137,0.009020131228956159,-0.007338434059298852,-0.007338434059298852,-0.005904779606298255,-0.005904779606298255,0.0,0.0,0.0,0.0,0.0005869117955163369,0.0005869117955163369,-0.003248791790249237,-0.003248791790249237,-0.009999591535365643,-0.009999591535365643
26,1,sqp_full,sqp_full,,10,1,99,39.99973822964378,760.6369032847695,-699.9058956627852,-100.02546478978692,760.63692020548,-699.9059025631852,-100.02548524303009,760.6369211318878,-699.9059002278243,-100.02543084463645,760.6369211318878,-699.9059002278243,-100.02543084463645,2.5123976265870492e-06,5.445638046743758e-05,2.5123976265870492e-06,5.445638046743758e-05,0.0,0.0,1.8273641348248763e-05,1.8421705002666033e-05,1.8421705002666033e-05,0.10222124828935761,0.10222523039653855,1.0000388397752429,0.027595842474329967,0.02032862529026607,0.02032862529026607,-0.0038680454898789986,-0.0038680454898789986,0.0,0.0,0.0,0.0,0.003243121109494715,0.003243121109494715,-0.000320711892317347,-0.000320711892317347,0.009986629332116106,0.009986629332116106
26,2,sqp_full,sqp_full,,10,1,99,39.99973822964378,760.6369032847695,-699.9058956627852,-100.02546478978692,760.6369015446504,-699.9058906869162,-100.02545534170952,760.6369015328165,-699.9058905929494,-100.02546232421031,760.6369015328165,-699.9058905929494,-100.02546232421031,9.470907555218828e-08,6.983143062697944e-06,9.470907555218828e-08,6.983143062697944e-06,0.0,0.0,5.271364682599388e-06,5.364007251074456e-06,5.364007251074456e-06,3.719356525000062e-05,3.8313417741401194e-05,nan,nan,0.008718267821054946,0.008718267821054946,-0.006205410421166168,-0.006205410421166168,0.0,0.0,0.0,0.0,-0.0005951119985319219,-0.0005951119985319219,0.0008417151809731995,0.0008417151809731995,-4.4970057436224765e-06,-4.4970057436224765e-06
26,3,sqp_full,sqp_full,,10,1,99,39.99973822964378,760.6369032847695,-699.9058956627852,-100.02546478978692,760.6368967533813,-699.905889424194,-100.02546681104857,760.6368979135248,-699.9058857430804,-100.02547489667745,760.6368979135248,-699.9058857430804,-100.02547489667745,3.8596023591154515e-06,8.95957169152253e-06,3.8596023591154515e-06,8.95957169152253e-06,0.0,0.0,9.032112190660453e-06,1.1280550223217207e-05,1.1280550223217207e-05,1.2493857124950236e-05,1.3953043860825342e-05,nan,nan,0.0055086631710078715,0.0055086631710078715,-0.003992264965664672,-0.003992264965664672,0.0,0.0,0.0,0.0,-0.00013350385168993018,-0.00013350385168993018,0.00048687554441859175,0.00048687554441859175,-3.5959427050106357e-06,-3.5959427050106357e-06
26,4,sqp_full,sqp_full,,10,1,99,39.99973822964378,760.6369032847695,-699.9058956627852,-100.02546478978692,760.6369044598686,-699.9058947843761,-100.02546564225918,760.6369068533568,-699.9058874302974,-100.02547161639981,760.6369068533568,-699.9058874302974,-100.02547161639981,7.733773945971657e-06,9.772492807583655e-06,7.733773945971657e-06,9.772492807583655e-06,0.0,0.0,1.4671266308656286e-06,8.972662460685381e-06,8.972662460685381e-06,9.459786777732847e-06,9.670962758413974e-06,nan,nan,0.0030519640579817517,0.0030519640579817517,-0.0022185444615381187,-0.0022185444615381187,0.0,0.0,0.0,0.0,6.838777528299088e-05,6.838777528299088e-05,0.00028227568321489375,0.00028227568321489375,-3.1797961967595812e-06,-3.1797961967595812e-06
26,5,sqp_full,sqp_full,,10,1,99,39.99973822964378,760.6369032847695,-699.9058956627852,-100.02546478978692,760.6369013835699,-699.9058937503966,-100.02546454370855,760.6369045733842,-699.9058840381432,-100.0254668386393,760.6369045733842,-699.9058840381432,-100.0254668386393,1.0222660129337401e-05,1.0477093457157033e-05,1.0222660129337401e-05,1.0477093457157033e-05,0.0,0.0,2.6966256212691433e-06,1.1695846600206879e-05,1.1695846600206879e-05,3.426301281709415e-06,6.287446245860056e-06,nan,nan,0.0025732565048007814,0.0025732565048007814,-0.0018828602041402781,-0.0018828602041402781,0.0,0.0,0.0,0.0,0.00014802367835258464,0.00014802367835258464,0.00016895795411358663,0.00016895795411358663,-1.601584952924858e-06,-1.601584952924858e-06
26,6,sqp_full,sqp_full,,10,1,99,39.99973822964378,760.6369032847695,-699.9058956627852,-100.02546478978692,760.6369040050744,-699.905895608543,-100.02546451087262,760.6369072047648,-699.9058858516099,-100.02546418680886,760.6369072047648,-699.9058858516099,-100.02546418680886,1.0268191744857104e-05,1.0273304192904364e-05,1.0268191744857104e-05,1.0273304192904364e-05,0.0,0.0,7.223443778429487e-07,1.0565298062977738e-05,1.0565298062977738e-05,3.213420594651942e-06,4.152713626933444e-06,nan,nan,0.002300816940571615,0.002300816940571615,-0.0016934430837918328,-0.0016934430837918328,0.0,0.0,0.0,0.0,0.00016556877169331867,0.00016556877169331867,0.00011195977756746574,0.00011195977756746574,-2.0468291654312087e-06,-2.0468291654312087e-06
26,7,sqp_full,sqp_full,,10,1,99,39.99973822964378,760.6369032847695,-699.9058956627852,-100.02546478978692,760.636902332274,-699.9058948544719,-100.02546480501653,760.6369055539951,-699.9058850221327,-100.02546367136279,760.6369055539951,-699.9058850221327,-100.02546367136279,1.0346708673836531e-05,1.0408628688938788e-05,1.0346708673836531e-05,1.0408628688938788e-05,0.0,0.0,1.2492469397955075e-06,1.0879929698905326e-05,1.0879929698905326e-05,1.8583339034942172e-06,1.9180088459958536e-06,nan,nan,0.0021441454139350543,0.0021441454139350543,-0.001581184332943102,-0.001581184332943102,0.0,0.0,0.0,0.0,0.00014786915035129816,0.00014786915035129816,8.176513992758882e-05,8.176513992758882e-05,-1.444876208175493e-06,-1.444876208175493e-06
26,8,sqp_full,sqp_full,,10,1,99,39.99973822964378,760.6369032847695,-699.9058956627852,-100.02546478978692,760.6369038911918,-699.9058958192586,-100.02546529236429,760.6369071351202,-699.9058859160698,-100.02546416706579,760.6369071351202,-699.9058859160698,-100.02546416706579,1.0420950942401963e-05,1.0481532105286504e-05,1.0420950942401963e-05,1.0481532105286504e-05,0.0,0.0,6.262842777142039e-07,1.0479678478256509e-05,1.0479678478256509e-05,1.8969833527939237e-06,1.8827643869400344e-06,nan,nan,0.00204892877270859,0.00204892877270859,-0.0015109618003009521,-0.0015109618003009521,0.0,0.0,0.0,0.0,0.0001196312359053626,0.0001196312359053626,6.592051834129455e-05,6.592051834129455e-05,-1.7412851438551502e-06,-1.7412851438551502e-06
26,9,sqp_full,sqp_full,,10,1,99,39.99973822964378,760.6369032847695,-699.9058956627852,-100.02546478978692,760.636902571291,-699.9058951347475,-100.02546493044343,760.6369056329311,-699.9058857876189,-100.02546395285508,760.6369056329311,-699.9058857876189,-100.02546395285508,9.83577416246053e-06,9.88423655987756e-06,9.83577416246053e-06,9.88423655987756e-06,0.0,0.0,8.87623304570138e-07,1.0150505971570917e-05,1.0150505971570917e-05,1.530254878561045e-06,1.5228125652602763e-06,nan,nan,0.0019809003092992428,0.0019809003092992428,-0.0014600830140088646,-0.0014600830140088646,0.0,0.0,0.0,0.0,9.710808241653268e-05,9.710808241653268e-05,5.739180006425356e-05,5.739180006425356e-05,-1.365040645098897e-06,-1.365040645098897e-06
26,10,sqp_full,sqp_full,,10,0,99,39.99973822964378,760.6369032847695,-699.9058956627852,-100.02546478978692,760.6369040172517,-699.9058960067433,-100.02546345597845,760.636906278198,-699.9058891347846,-100.02546176307635,nan,nan,nan,7.234341416388857e-06,7.429778817937306e-06,nan,nan,nan,nan,8.092203380793978e-07,7.181601946040886e-06,nan,2.2417015794075973e-06,nan,nan,nan,0.0019126052704639964,nan,-0.0014131273526269367,nan,0.0,nan,0.0,nan,8.469812770310809e-05,nan,5.233829738257069e-05,nan,-1.633218946589479e-06,nan
26,11,sqp_full,sqp_full,,10,0,99,39.99973822964378,760.6369032847695,-699.9058956627852,-100.02546478978692,760.6369021812205,-699.9058949286757,-100.02546565310114,760.6369025124485,-699.9058940609495,-100.02546234408852,nan,nan,nan,9.287953584974142e-07,3.436891799565524e-06,nan,nan,nan,nan,1.325419513282159e-06,1.7783017255551206e-06,nan,3.0595078877430817e-06,nan,nan,nan,0.0018171119908354872,nan,-0.001352560648661599,nan,0.0,nan,0.0,nan,4.624778176988797e-05,nan,4.8231936797290477e-05,nan,-1.2049084062263963e-06,nan
26,12,sqp_full,sqp_full,,10,0,99,39.99973822964378,760.6369032847695,-699.9058956627852,-100.02546478978692,760.6369035772534,-699.9058952081576,-100.0254784992215,760.6369008275948,-699.9059040517743,-100.02547350727781,nan,nan,nan,9.261219104986484e-06,1.0520916370292069e-05,nan,nan,nan,nan,5.405859119744643e-07,8.741444170497007e-06,nan,1.2924775698065243e-05,nan,nan,nan,0.0016641974865483804,nan,-0.001256692278736115,nan,0.0,nan,0.0,nan,-5.485682881409082e-05,nan,4.454882715950134e-05,nan,-1.481366159217176e-06,nan
26,13,sqp_full,sqp_full,,10,0,99,39.99973822964378,760.6369032847695,-699.9058956627852,-100.02546478978692,760.6369034762363,-699.9058960450297,-100.02545051870943,760.6369035537352,-699.9058956321263,-100.02546724428078,nan,nan,nan,4.201134320761588e-07,1.6730846710018915e-05,nan,nan,nan,nan,4.2751662249990443e-07,2.7070757434095586e-07,nan,2.7993206592900405e-05,nan,nan,nan,0.0015402192109162877,nan,-0.0009921863036894793,nan,0.0,nan,0.0,nan,-0.00047220016050657893,nan,3.073036735229366e-05,nan,-8.167940925250284e-07,nan
26,14,sqp_full,sqp_full,,10,0,99,39.99973822964378,760.6369032847695,-699.9058956627852,-100.02546478978692,760.63690304326,-699.905895022127,-100.02546484415505,760.6369047278898,-699.905889952701,-100.02547743925669,nan,nan,nan,5.34200866493024e-06,1.3681141823836348e-05,nan,nan,nan,nan,6.846676193256936e-07,5.889622789595384e-06,nan,1.4368444272378572e-05,nan,nan,nan,0.0011502149762386991,nan,-0.0008373861314089134,nan,0.0,nan,0.0,nan,-6.90358462353876e-05,nan,3.1006341917976206e-05,nan,-8.015315216422715e-07,nan
