k,status,infeasible,solver_mode,rollout_steps,i_ref,i_ref_mpc,idx_ref_0,idx_ref_terminal,u0_vx,u0_vy,u0_vz,u0_wx,u0_wy,u0_wz,u0_dL,p_now_x,p_now_y,p_now_z,p_now_qw,p_now_qx,p_now_qy,p_now_qz,p_now_L,tip_x,tip_y,tip_z,tip_tx,tip_ty,tip_tz,pred1_err_xy_m,pred1_err_xy_mm,pred1_err_xyz_m,pred1_err_xyz_mm,sqp_iters_done,sqp_du_final,sqp_du_rel_final,frame_path,i_seg,u_seg,rho_m,rho_mm,clearance_m,clearance_mm,tip_vessel_angle_deg,trust_vx,trust_vy,trust_vz,trust_wx,trust_wy,trust_wz,trust_dL,sqp_status_0,sqp_du_0,sqp_du_rel_0,u_applied_0_vx,u_applied_0_vy,u_applied_0_vz,u_applied_0_wx,u_applied_0_wy,u_applied_0_wz,u_applied_0_dL,x_rollout_0_x,x_rollout_0_y,x_rollout_0_z,x_rollout_0_tx,x_rollout_0_ty,x_rollout_0_tz,x_pred_0_x,x_pred_0_y,x_pred_0_z,x_pred_0_tx,x_pred_0_ty,x_pred_0_tz,rollout_err_xy_0_m,rollout_err_xy_0_mm,rollout_err_xyz_0_m,rollout_err_xyz_0_mm,u_plan_0_vx,u_plan_0_vy,u_plan_0_vz,u_plan_0_wx,u_plan_0_wy,u_plan_0_wz,u_plan_0_dL,u_plan_1_vx,u_plan_1_vy,u_plan_1_vz,u_plan_1_wx,u_plan_1_wy,u_plan_1_wz,u_plan_1_dL,u_plan_2_vx,u_plan_2_vy,u_plan_2_vz,u_plan_2_wx,u_plan_2_wy,u_plan_2_wz,u_plan_2_dL,u_plan_3_vx,u_plan_3_vy,u_plan_3_vz,u_plan_3_wx,u_plan_3_wy,u_plan_3_wz,u_plan_3_dL,u_plan_4_vx,u_plan_4_vy,u_plan_4_vz,u_plan_4_wx,u_plan_4_wy,u_plan_4_wz,u_plan_4_dL,u_plan_5_vx,u_plan_5_vy,u_plan_5_vz,u_plan_5_wx,u_plan_5_wy,u_plan_5_wz,u_plan_5_dL,u_plan_6_vx,u_plan_6_vy,u_plan_6_vz,u_plan_6_wx,u_plan_6_wy,u_plan_6_wz,u_plan_6_dL,u_plan_7_vx,u_plan_7_vy,u_plan_7_vz,u_plan_7_wx,u_plan_7_wy,u_plan_7_wz,u_plan_7_dL,u_plan_8_vx,u_plan_8_vy,u_plan_8_vz,u_plan_8_wx,u_plan_8_wy,u_plan_8_wz,u_plan_8_dL,u_plan_9_vx,u_plan_9_vy,u_plan_9_vz,u_plan_9_wx,u_plan_9_wy,u_plan_9_wz,u_plan_9_dL,u_plan_10_vx,u_plan_10_vy,u_plan_10_vz,u_plan_10_wx,u_plan_10_wy,u_plan_10_wz,u_plan_10_dL,u_plan_11_vx,u_plan_11_vy,u_plan_11_vz,u_plan_11_wx,u_plan_11_wy,u_plan_11_wz,u_plan_11_dL
0,solved,0,lti,1,18,18,18,29,0.01,0.01,0.0,0.0,0.0,0.5235987755982988,0.04000000000000001,0.6623328220229531,-0.7097273166922001,-0.1,0.0005320061119359659,0.999987715181031,-0.004917657110125695,0.0003210997747694483,0.0168,0.7813328360389296,-0.7099477343844227,-0.10000428891900516,-0.9999988141746498,-0.0015394264788510601,-4.260763292780182e-05,5.6203841080936754e-05,0.056203841080936755,5.6203857452441424e-05,0.05620385745244142,1,1.8156576688255464,26.206761095937676,,16,0.10553101259077603,0.0013388390564313473,1.3388390564313473,0.002661160943568653,2.661160943568653,4.506128464623907,0.01,0.01,0.0001,0.17453292519943295,0.17453292519943295,0.5235987755982988,0.02,solved,1.8156576688255464,26.206761095937676,0.01,0.01,0.0,0.0,0.0,0.5235987755982988,0.04000000000000001,0.7813328360389296,-0.7099477343844227,-0.10000428891900516,-0.9999988141746498,-0.0015394264788510601,-4.260763292780182e-05,0.7813328162752906,-0.7098915305468166,-0.10000433181752683,-0.9999999959501411,-6.354947665659649e-05,-6.372740123715317e-05,5.6203841080936754e-05,0.056203841080936755,5.6203857452441424e-05,0.05620385745244142,0.01,0.01,0.0,0.0,0.0,0.5235987755982988,0.04000000000000001,0.01,0.01,0.0,0.0,0.0,0.5235987755982988,0.039999999999999994,0.01,0.01,0.0,0.0,0.0,0.5235987755982988,0.039999999999999994,0.01,0.01,0.0,0.0,0.0,0.5235987755982988,0.04,0.01,0.01,0.0,0.0,0.0,0.5235987755982988,0.04000000000000001,0.01,0.01,0.0,0.0,0.0,0.5235987755982988,0.039999999999999994,0.01,0.01,0.0,0.0,0.0,0.5235987755982988,0.02025237935956843,0.01,0.01,0.0,0.0,0.0,0.5235987755982988,0.0012492721109118666,0.01,0.01,0.0,0.0,0.0,0.5235987755982988,5.484682989830608e-05,0.01,0.01,0.0,0.0,0.0,0.5235987755982988,4.0256767578834256e-05,0.01,0.01,0.0,0.0,0.0,0.5235987755982988,4.025689794385773e-05,0.01,0.01,0.0,0.0,0.0,0.5235987755982988,4.0256833540062726e-05
1,solved,0,lti,1,19,19,19,30,0.009856388823518802,0.019999983690717482,3.301374923426629e-08,0.0,0.0,1.0471975517111596,0.05999999998944302,0.6625299497994235,-0.7093273170183858,-0.1,0.0005286144541804555,0.9998813885764335,-0.015389042949284806,0.00032665322182050054,0.01799999999978886,0.7801329365735068,-0.709986501486695,-0.10000391451126439,-0.9999887229902413,-0.004749076945975872,1.2669157605098331e-05,6.398462906206286e-05,0.06398462906206286,6.398464937570138e-05,0.06398464937570138,1,1.814760452771611,0.9988898605906331,,16,0.9022293279592234,0.0012601844946327158,1.2601844946327159,0.002739815505367284,2.739815505367284,4.589722208444287,0.01,0.01,0.0001,0.17453292519943295,0.17453292519943295,0.5235987755982988,0.02,solved,1.814760452771611,0.9988898605906331,0.009856388823518802,0.019999983690717482,3.301374923426629e-08,0.0,0.0,1.0471975517111596,0.05999999998944302,0.7801329365735068,-0.709986501486695,-0.10000391451126439,-0.9999887229902413,-0.004749076945975872,1.2669157605098331e-05,0.7801328120095324,-0.7099225169788823,-0.10000396549676885,-0.9999951201509538,-0.003124042124650582,-5.923069754835674e-06,6.398462906206286e-05,0.06398462906206286,6.398464937570138e-05,0.06398464937570138,0.009856388823518802,0.019999983690717482,3.301374923426629e-08,0.0,0.0,1.0471975517111596,0.05999999998944302,0.0038647015562816413,0.01999998359448537,3.310319555201644e-08,0.0,0.0,1.0471975528867714,0.05999999999414689,0.00908176034273299,0.019999983955280045,3.2578960888263835e-08,0.0,0.0,1.047197552774325,0.05723721699431201,0.013763514473123786,0.019999984874522106,3.119231565218794e-08,0.0,0.0,1.0471975526993815,0.020111521330332345,0.011428793945364253,0.01999998629048031,2.89768393165197e-08,0.0,0.0,1.0471975528726323,0.020000000002453902,0.010232432184894417,0.019999988061408545,2.6133428190459256e-08,0.0,0.0,1.047197552027914,0.0026103963622143866,0.010766993981826133,0.019999989944431418,2.2800663018628275e-08,0.0,0.0,1.0471975501944661,0.001167770585690165,0.011664650909043178,0.01999999180886672,1.9055832961749393e-08,0.0,0.0,1.0471975489836547,-2.500371518676933e-05,0.012525753452842736,0.019999994022378887,1.5083553283251806e-08,0.0,0.0,1.0471975536754148,-3.787373366599608e-05,0.01238961408392172,0.019999998698291145,1.106412675155839e-08,0.0,0.0,1.0471975551232393,-3.618597695994774e-05,0.013290209708330213,0.020000009250390877,7.1531865871993125e-09,0.0,0.0,1.0471975489953829,-3.460277564087563e-05,0.011981653112923494,0.02000002977437432,3.4580905414633287e-09,0.0,0.0,1.0471960654539496,-3.334830927547611e-05
2,solved,0,lti,1,20,20,20,31,-0.006135298443718359,0.02999998359448537,0.0,0.0,0.0,1.5707963284850703,0.0799999999941469,0.6624072438305492,-0.7087273173464961,-0.1,0.0005234183945153611,0.9995163151096359,-0.031092598702694006,0.00033491603839944095,0.019599999999671797,0.7785333599920653,-0.7100593076038181,-0.10000335244270625,-0.9999497681755739,-0.01002271894837438,7.89335041538535e-05,7.496563540480193e-05,0.07496563540480193,7.496565622002085e-05,0.07496565622002085,1,1.8146975884756784,0.4999811352334496,,18,0.42047713833540445,0.0009017975715861741,0.9017975715861741,0.003098202428413826,3.0982024284138263,23.57625142229549,0.01,0.01,0.0001,0.17453292519943295,0.17453292519943295,0.5235987755982988,0.02,solved,1.8146975884756784,0.4999811352334496,-0.006135298443718359,0.02999998359448537,0.0,0.0,0.0,1.5707963284850703,0.0799999999941469,0.7785333599920653,-0.7100593076038181,-0.10000335244270625,-0.9999497681755739,-0.01002271894837438,7.89335041538535e-05,0.7785329792200315,-0.7099843429354449,-0.10000340830729841,-0.9999659995282048,-0.00824595519198372,6.332874881507738e-05,7.496563540480193e-05,0.07496563540480193,7.496565622002085e-05,0.07496565622002085,-0.006135298443718359,0.02999998359448537,0.0,0.0,0.0,1.5707963284850703,0.0799999999941469,-0.0009182396572670094,0.029999983955280043,0.0,0.0,0.0,1.5707963283726238,0.037237216994312004,0.0037635144731237857,0.029999984874522108,0.0,0.0,0.0,1.5707963282976802,0.022838533302443283,0.0014287939453642533,0.029999986290480313,0.0,0.0,0.0,1.570796328470931,0.013532617238674364,0.00023243218489441692,0.029999988061408543,0.0,0.0,0.0,1.570796327626213,0.00574078210260906,0.0007669939818261331,0.02999998994443142,0.0,0.0,0.0,1.5707963257927648,0.0010091513306791327,0.0016646509090431777,0.02999999180886672,0.0,0.0,0.0,1.5707963245819534,-0.0001783516174331115,0.002525753452842736,0.029999994022378886,0.0,0.0,0.0,1.5707963292737137,-0.0001856634745429781,0.0023896140839217202,0.029999998698291147,0.0,0.0,0.0,1.5707963307215382,-0.00017827032781054053,0.0032902097083302127,0.030000009250390876,0.0,0.0,0.0,1.5707963245936818,-0.00017079048917246684,0.0019816531129234934,0.03000002977437432,0.0,0.0,0.0,1.5707948410522485,-0.0001631204797919078,0.0019816531129234934,0.03000002977437432,0.0,0.0,0.0,1.5707948410522485,-0.00015533463718601521
3,solved,0,lti,1,22,22,22,33,-0.01091823965726701,0.039999983955280045,0.0,0.0,0.0,2.0943951039709225,0.057237216994312,0.6621888790374039,-0.7079273176673905,-0.1,0.0005162896479045865,0.9986459504064534,-0.05201806994903612,0.00034580423357843953,0.020744744339558037,0.7773897571279875,-0.7101658652855701,-0.10000283093147254,-0.999850966500509,-0.017263502404285112,0.00012756463279372493,8.74777076132555e-05,0.08747770761325549,8.747772445258744e-05,0.08747772445258745,1,1.8146108080853693,0.33340945986674897,,19,0.887810421272348,1.2790669684029893e-05,0.012790669684029893,0.00398720933031597,3.98720933031597,36.503855883278455,0.01,0.01,0.0001,0.17453292519943295,0.17453292519943295,0.5235987755982988,0.02,solved,1.8146108080853693,0.33340945986674897,-0.01091823965726701,0.039999983955280045,0.0,0.0,0.0,2.0943951039709225,0.057237216994312,0.7773897571279875,-0.7101658652855701,-0.10000283093147254,-0.999850966500509,-0.017263502404285112,0.00012756463279372493,0.7773888961071219,-0.7100783918154644,-0.10000288520976097,-0.9998817868533632,-0.015375289661681526,0.00011307849075620404,8.74777076132555e-05,0.08747770761325549,8.747772445258744e-05,0.08747772445258745,-0.01091823965726701,0.039999983955280045,0.0,0.0,0.0,2.0943951039709225,0.057237216994312,-0.0062364855268762145,0.03999998487452211,0.0,0.0,0.0,2.094395103895979,0.015616708693732936,-0.008571206054635747,0.039999986290480315,0.0,0.0,0.0,2.0943951040692297,0.005477383548207009,-0.009767567815105583,0.039999988061408545,0.0,0.0,0.0,2.0943951032245116,0.0007534637305492063,-0.009233006018173867,0.03999998994443142,0.0,0.0,0.0,2.0943951013910636,-0.0004249508781603658,-0.008335349090956823,0.03999999180886672,0.0,0.0,0.0,2.094395100180252,-0.00042286681418997487,-0.007474246547157264,0.03999999402237889,0.0,0.0,0.0,2.0943951048720124,-0.00040544465646955415,-0.00761038591607828,0.03999999869829115,0.0,0.0,0.0,2.094395106319837,-0.00038745959825226705,-0.0067097902916697875,0.04000000925039088,0.0,0.0,0.0,2.0943951001919805,-0.0003688789168013446,-0.008018346887076507,0.04000002977437432,0.0,0.0,0.0,2.0943936166505472,-0.0003495307237266448,-0.008018346887076507,0.04000002977437432,0.0,0.0,0.0,2.0943936166505472,-0.00032942167111742556,-0.008018346887076507,0.04000002977437432,0.0,0.0,0.0,2.0943936166505472,-0.00030844868133598797
4,solved,0,lti,1,23,23,23,34,0.0037635144731237857,0.04999998487452211,0.0,0.0,0.0,2.6179938794942776,0.014626539907794707,0.6622641493268664,-0.7069273179699,-0.1,0.0005070606287844468,0.9969420650516828,-0.07814174809228334,0.00035920062253695406,0.02103727513771393,0.7770994457054863,-0.7102921749574377,-0.10000249679692261,-0.9996574797596373,-0.026170586346157085,0.0001535282016820474,9.284937470298522e-05,0.09284937470298522,9.28493856534251e-05,0.09284938565342511,1,1.8144613446008269,0.2500431997504604,,20,0.5598600267210675,0.0009019913866927349,0.9019913866927349,0.0030980086133072654,3.0980086133072655,50.27359455877167,0.01,0.01,0.0001,0.17453292519943295,0.17453292519943295,0.5235987755982988,0.02,solved,1.8144613446008269,0.2500431997504604,0.0037635144731237857,0.04999998487452211,0.0,0.0,0.0,2.6179938794942776,0.014626539907794707,0.7770994457054863,-0.7102921749574377,-0.10000249679692261,-0.9996574797596373,-0.026170586346157085,0.0001535282016820474,0.777097966892043,-0.710199337360024,-0.10000254189108088,-0.9997016833241975,-0.02442379960198069,0.0001495719505746621,9.284937470298522e-05,0.09284937470298522,9.28493856534251e-05,0.09284938565342511,0.0037635144731237857,0.04999998487452211,0.0,0.0,0.0,2.6179938794942776,0.014626539907794707,0.0014287939453642533,0.04999998629048032,0.0,0.0,0.0,2.6179938796675284,0.0051269361984399315,0.00023243218489441692,0.04999998806140855,0.0,0.0,0.0,2.6179938788228103,0.00041348296677082584,0.0007669939818261331,0.049999989944431424,0.0,0.0,0.0,2.6179938769893623,-0.0007512416015460465,0.0016646509090431777,0.049999991808866724,0.0,0.0,0.0,2.617993875778551,-0.0007347094348477107,0.002525753452842736,0.04999999402237889,0.0,0.0,0.0,2.617993880470311,-0.0007023035357831373,0.0023896140839217202,0.04999999869829115,0.0,0.0,0.0,2.6179938819181356,-0.0006683694358165018,0.0032902097083302127,0.05000000925039088,0.0,0.0,0.0,2.617993875790279,-0.0006326888609919903,0.0019816531129234934,0.05000002977437432,0.0,0.0,0.0,2.617992392248846,-0.0005949967478029007,0.0019816531129234934,0.05000002977437432,0.0,0.0,0.0,2.617992392248846,-0.000555072673609118,0.0019816531129234934,0.05000002977437432,0.0,0.0,0.0,2.617992392248846,-0.0005126414552279032,0.0019816531129234934,0.05000002977437432,0.0,0.0,0.0,2.617992392248846,-0.00046754108803330095
5,solved,0,lti,1,23,23,23,34,0.011428793945364253,0.05999998629048032,0.0,0.0,0.0,3.141592655265827,-0.0012947471931184786,0.6624927252057736,-0.7057273182440904,-0.1,0.0004955276607517212,0.9939956426986125,-0.10941789689353341,0.00037495053797019815,0.021011380193851563,0.7771291177866766,-0.7104378673494057,-0.10000222294937376,-0.9993223780190762,-0.03680699288269818,0.00017339328555641216,9.411490586183025e-05,0.09411490586183024,9.411491449339643e-05,0.09411491449339643,1,1.8144776763082628,0.2000382674250901,,20,0.6537423522186987,0.0012044160746923231,1.2044160746923231,0.0027955839253076768,2.795583925307677,50.78405613505079,0.01,0.01,0.0001,0.17453292519943295,0.17453292519943295,0.5235987755982988,0.02,solved,1.8144776763082628,0.2000382674250901,0.011428793945364253,0.05999998629048032,0.0,0.0,0.0,3.141592655265827,-0.0012947471931184786,0.7771291177866766,-0.7104378673494057,-0.10000222294937376,-0.9993223780190762,-0.03680699288269818,0.00017339328555641216,0.7771269111294762,-0.7103437783162011,-0.10000226325716645,-0.9993828205741208,-0.035127596679752404,0.00017289540010545469,9.411490586183025e-05,0.09411490586183024,9.411491449339643e-05,0.09411491449339643,0.011428793945364253,0.05999998629048032,0.0,0.0,0.0,3.141592655265827,-0.0012947471931184786,0.010232432184894417,0.05999998806140855,0.0,0.0,0.0,3.141592654421109,0.004697959565615765,0.010766993981826133,0.059999989944431426,0.0,0.0,0.0,3.141592652587661,-4.859994417080324e-08,0.011664650909043178,0.059999991808866726,0.0,0.0,0.0,3.1415926513768495,-0.0011452024592878045,0.012525753452842736,0.05999999402237889,0.0,0.0,0.0,3.14159265606861,-0.0011073987730501474,0.01238961408392172,0.05999999869829115,0.0,0.0,0.0,3.1415926575164344,-0.00105143162909258,0.013290209708330213,0.06000000925039088,0.0,0.0,0.0,3.141592651388578,-0.000991230239560931,0.011981653112923494,0.060000029774374325,0.0,0.0,0.0,3.1415911678471446,-0.0009259834234033052,0.011981653112923494,0.060000029774374325,0.0,0.0,0.0,3.1415911678471446,-0.0008549775258684504,0.011981653112923494,0.060000029774374325,0.0,0.0,0.0,3.1415911678471446,-0.0007773229475532843,0.011981653112923494,0.060000029774374325,0.0,0.0,0.0,3.1415911678471446,-0.0006920918710205193,0.011981653112923494,0.060000029774374325,0.0,0.0,0.0,3.1415911678471446,-0.0005987152633753545
6,solved,0,lti,1,23,23,23,34,0.020232432184894417,0.06999998806140854,0.0,0.0,0.0,3.6651914300194077,-0.0016889480650186714,0.6628973738494716,-0.7043273184828622,-0.1,0.00048145528299590003,0.9893185914987251,-0.1457680979481119,0.00039285669011683094,0.02097760123255119,0.7771689884603737,-0.7106095454928771,-0.10000190967118495,-0.9987797317878668,-0.04938632288796939,0.00019616666900867006,9.46011564521288e-05,0.0946011564521288,9.460116372253497e-05,0.09460116372253496,1,1.814477341725277,0.16669738407274393,,20,0.5236142458493495,0.0012769606902793074,1.2769606902793074,0.0027230393097206927,2.7230393097206926,51.393783396482135,0.01,0.01,0.0001,0.17453292519943295,0.17453292519943295,0.5235987755982988,0.02,solved,1.814477341725277,0.16669738407274393,0.020232432184894417,0.06999998806140854,0.0,0.0,0.0,3.6651914300194077,-0.0016889480650186714,0.7771689884603737,-0.7106095454928771,-0.10000190967118495,-0.9987797317878668,-0.04938632288796939,0.00019616666900867006,0.7771659144800067,-0.7105149942927431,-0.10000194675996649,-0.9988611179678698,-0.04771193386118284,0.0001959061082186399,9.46011564521288e-05,0.0946011564521288,9.460116372253497e-05,0.09460116372253496,0.020232432184894417,0.06999998806140854,0.0,0.0,0.0,3.6651914300194077,-0.0016889480650186714,0.020766993981826132,0.06999998994443142,0.0,0.0,0.0,3.6651914281859597,0.004165607014188843,0.021664650909043178,0.06999999180886672,0.0,0.0,0.0,3.665191426975148,-0.0005105434996638324,0.022525753452842738,0.06999999402237889,0.0,0.0,0.0,3.6651914316669085,-0.0016281020392553242,0.02238961408392172,0.06999999869829115,0.0,0.0,0.0,3.665191433114733,-0.0015588564589990913,0.023290209708330213,0.07000000925039088,0.0,0.0,0.0,3.6651914269868766,-0.0014665833290003784,0.021981653112923494,0.07000002977437432,0.0,0.0,0.0,3.6651899434454434,-0.0013639401008173067,0.021981653112923494,0.07000002977437432,0.0,0.0,0.0,3.6651899434454434,-0.001249066860794269,0.021981653112923494,0.07000002977437432,0.0,0.0,0.0,3.6651899434454434,-0.0011196861660806065,0.021981653112923494,0.07000002977437432,0.0,0.0,0.0,3.6651899434454434,-0.0009733085396812304,0.021981653112923494,0.07000002977437432,0.0,0.0,0.0,3.6651899434454434,-0.0008071584015559966,0.021981653112923494,0.07000002977437432,0.0,0.0,0.0,3.6651899434454434,-0.0006197250245142722
7,solved,0,lti,1,23,23,23,34,0.030766993981826134,0.07999998994443142,0.0,0.0,0.0,4.188790203784259,-0.00213107135408182,0.663512713729108,-0.7027273186839736,-0.1,0.00046458183419651405,0.9823466566150582,-0.18706859731566086,0.0004126733427649728,0.02093497980546955,0.7772209357617775,-0.710809033496777,-0.10000156208759098,-0.997945270279333,-0.06407174452932216,0.00022154024110099125,9.55904062149904e-05,0.09559040621499039,9.55904143829467e-05,0.0955904143829467,1,1.814477054566605,0.14288189706429835,,20,0.3670675771140807,0.001358725862141328,1.358725862141328,0.0026412741378586723,2.641274137858672,52.11520189583112,0.01,0.01,0.0001,0.17453292519943295,0.17453292519943295,0.5235987755982988,0.02,solved,1.814477054566605,0.14288189706429835,0.030766993981826134,0.07999998994443142,0.0,0.0,0.0,4.188790203784259,-0.00213107135408182,0.7772209357617775,-0.710809033496777,-0.10000156208759098,-0.997945270279333,-0.06407174452932216,0.00022154024110099125,0.7772168102257129,-0.7107135321579774,-0.10000160160412659,-0.9980518693377526,-0.062389238171979756,0.00022152141578263268,9.55904062149904e-05,0.09559040621499039,9.55904143829467e-05,0.0955904143829467,0.030766993981826134,0.07999998994443142,0.0,0.0,0.0,4.188790203784259,-0.00213107135408182,0.03166465090904318,0.07999999180886672,0.0,0.0,0.0,4.188790202573447,0.003532300463886977,0.03252575345284274,0.07999999402237888,0.0,0.0,0.0,4.188790207265208,-0.0011127628407419689,0.03238961408392172,0.07999999869829115,0.0,0.0,0.0,4.188790208713032,-0.0021905066364060932,0.033290209708330215,0.08000000925039087,0.0,0.0,0.0,4.188790202585175,-0.0020739921796129055,0.031981653112923496,0.08000002977437431,0.0,0.0,0.0,4.1887887190437425,-0.0019243401034235942,0.031981653112923496,0.08000002977437431,0.0,0.0,0.0,4.1887887190437425,-0.0017520325874928865,0.031981653112923496,0.08000002977437431,0.0,0.0,0.0,4.1887887190437425,-0.001552089835946954,0.031981653112923496,0.08000002977437431,0.0,0.0,0.0,4.1887887190437425,-0.0013188556276160577,0.031981653112923496,0.08000002977437431,0.0,0.0,0.0,4.1887887190437425,-0.0010458384110546262,0.031981653112923496,0.08000002977437431,0.0,0.0,0.0,4.1887887190437425,-0.000726243388396546,0.031981653112923496,0.08000002977437431,0.0,0.0,0.0,4.1887887190437425,-0.0015577505009197344
8,solved,0,lti,1,23,23,23,34,0.04166465090904318,0.08999999180886671,4.957886037545096e-07,0.0,0.0,4.712388978171746,-0.0026707038225250016,0.6643460067472889,-0.7009273188477964,-0.1,0.0004446265137996233,0.9724439913419116,-0.23313579212005148,0.00043410002501797595,0.02088156572901905,0.7772881425516559,-0.7110391744029598,-0.10000119024383185,-0.9967043551855439,-0.08111945761769107,0.0002488975301930671,9.723041663872417e-05,0.09723041663872417,9.723042235190358e-05,0.09723042235190357,1,1.8143920897961034,0.12501438747574148,,20,0.1814877874507149,0.0014494779765467701,1.44947797654677,0.00255052202345323,2.55052202345323,52.95798046161457,0.01,0.01,0.0001,0.17453292519943295,0.17453292519943295,0.5235987755982988,0.02,solved,1.8143920897961034,0.12501438747574148,0.04166465090904318,0.08999999180886671,4.957886037545096e-07,0.0,0.0,4.712388978171746,-0.0026707038225250016,0.7772881425516559,-0.7110391744029598,-0.10000119024383185,-0.9967043551855439,-0.08111945761769107,0.0002488975301930671,0.7772827369206331,-0.7109420943685913,-0.10000122357534337,-0.9968419235786717,-0.07941106544674817,0.0002491597593822178,9.723041663872417e-05,0.09723041663872417,9.723042235190358e-05,0.09723042235190357,0.04166465090904318,0.08999999180886671,4.957886037545096e-07,0.0,0.0,4.712388978171746,-0.0026707038225250016,0.04252575345284274,0.08999999402237888,4.957886037545096e-07,0.0,0.0,4.712388982863507,0.002789570338879026,0.04238961408392172,0.08999999869829114,4.957886037545096e-07,0.0,0.0,4.712388984311331,-0.0018102964740157451,0.04329020970833022,0.09000000925039087,4.957886037545096e-07,0.0,0.0,4.7123889781834745,-0.0028291428222640244,0.0419816531129235,0.09000002977437431,4.957886037545096e-07,0.0,0.0,4.712387494642042,-0.0026391276475062077,0.0419816531129235,0.09000002977437431,4.957886037545096e-07,0.0,0.0,4.712387494642042,-0.0023967593399286617,0.0419816531129235,0.09000002977437431,4.957886037545096e-07,0.0,0.0,4.712387494642042,-0.002106928659295843,0.0419816531129235,0.09000002977437431,4.957886037545358e-07,0.0,0.0,4.712387494642042,-0.0017582948792065217,0.02906835385048987,0.09000002977437431,4.957886300281513e-07,0.0,0.0,4.712387494642042,-0.0016179321298130627,0.026041799736322042,0.09000002977437431,5.220622993888679e-07,0.0,0.0,4.712387494642042,-0.0026246176183050926,0.026657771297287174,0.09000002977437431,4.320035125261395e-07,0.0,0.0,4.712387494642042,-0.002988441871597428,0.028171278014159903,0.09000002977437431,2.419665257483318e-07,0.0,0.0,4.712387494642042,-0.0029944653517618475
9,solved,0,lti,1,23,23,23,34,0.052525753452842744,0.09999999402237887,1.6320816763325553e-06,0.0,0.0,5.235987758461806,-0.0033550916797298273,0.6653965218163458,-0.6989273189673488,-0.1,0.0004212981286895417,0.9589099060265622,-0.28371007382283964,0.0004567750598017631,0.020814463895424455,0.7773752110445867,-0.7113041539256462,-0.10000080811913939,-0.9948952646485052,-0.10091251382388255,0.0002773692939882205,9.96753395588734e-05,0.0996753395588734,9.967534133481353e-05,0.09967534133481354,1,1.8143832430494313,0.11112321629952006,,19,1.0,0.0015153910809802297,1.5153910809802298,0.00248460891901977,2.48460891901977,40.58251082710964,0.01,0.01,0.0001,0.17453292519943295,0.17453292519943295,0.5235987755982988,0.02,solved,1.8143832430494313,0.11112321629952006,0.052525753452842744,0.09999999402237887,1.6320816763325553e-06,0.0,0.0,5.235987758461806,-0.0033550916797298273,0.7773752110445867,-0.7113041539256462,-0.10000080811913939,-0.9948952646485052,-0.10091251382388255,0.0002773692939882205,0.777368229220954,-0.7112047234099332,-0.1000008269349539,-0.995071858114051,-0.09915603817769059,0.0002779970403653563,9.96753395588734e-05,0.0996753395588734,9.967534133481353e-05,0.09967534133481354,0.052525753452842744,0.09999999402237887,1.6320816763325553e-06,0.0,0.0,5.235987758461806,-0.0033550916797298273,0.052389614083921725,0.09999999869829114,1.6320816763325555e-06,0.0,0.0,5.23598775990963,0.0019226333507447958,0.05329020970833022,0.10000000925039086,1.6320816763325555e-06,0.0,0.0,5.235987753781774,-0.0026099900345044544,0.0519816531129235,0.1000000297743743,1.6320816763325555e-06,0.0,0.0,5.235986270240341,-0.003538624242564624,0.0519816531129235,0.1000000297743743,1.6320816763325555e-06,0.0,0.0,5.235986270240341,-0.0032315830713632505,0.031981653112923496,0.1000000297743743,1.6320816763326305e-06,0.0,0.0,5.235986270240341,-0.0028349491492965116,0.031981653112923496,0.1000000297743743,1.6320817514208369e-06,0.0,0.0,5.235986270240341,-0.0029178285706613493,0.030316996014082585,0.1000000297743743,1.7071701118507815e-06,0.0,0.0,5.235986270240341,-0.002807209499336279,0.030467667044608522,0.1000000297743743,1.6066444635495072e-06,0.0,0.0,5.235986270240341,-0.003792003483723301,0.0324213402076883,0.1000000297743743,1.3316414306354706e-06,0.0,0.0,5.235986270240341,-0.003773794607579485,0.03434335499897598,0.1000000297743743,9.364262153417626e-07,0.0,0.0,5.235986270240341,-0.003777843419343317,0.03630926760077797,0.1000000297743743,4.747299850961022e-07,0.0,0.0,5.235986270240341,-0.0037713521632223965
10,solved,0,lti,1,23,23,23,34,0.06238961408392173,0.10999999869829113,3.521680998777653e-06,0.0,0.0,5.759586535507929,-0.004258753305298597,0.6666443140980243,-0.696727318993383,-0.1,0.00039430572725626266,0.9409883632002174,-0.33843834621125224,0.00048026925983985663,0.020729288829318484,0.7774889642879566,-0.7116098238040061,-0.10000043667613907,-0.9922815037785435,-0.12400533800541413,0.0003056225699938793,0.0001030450883559094,0.10304508835590939,0.00010304508971461413,0.10304508971461412,1,1.8143343229284061,0.10000825899608354,,19,1.0,0.0016788616241678802,1.6788616241678802,0.00232113837583212,2.32113837583212,41.721316425397085,0.01,0.01,0.0001,0.17453292519943295,0.17453292519943295,0.5235987755982988,0.02,solved,1.8143343229284061,0.10000825899608354,0.06238961408392173,0.10999999869829113,3.521680998777653e-06,0.0,0.0,5.759586535507929,-0.004258753305298597,0.7774889642879566,-0.7116098238040061,-0.10000043667613907,-0.9922815037785435,-0.12400533800541413,0.0003056225699938793,0.7774800142715448,-0.7115071681298302,-0.10000045340980873,-0.9925083098730534,-0.12217676014767215,0.0003067780194162702,0.0001030450883559094,0.10304508835590939,0.00010304508971461413,0.10304508971461412,0.06238961408392173,0.10999999869829113,3.521680998777653e-06,0.0,0.0,5.759586535507929,-0.004258753305298597,0.06329020970833021,0.11000000925039086,3.521680998777653e-06,0.0,0.0,5.759586529380073,0.0009070762303091123,0.06153836684508471,0.1100000297743743,3.5216809987776885e-06,0.0,0.0,5.75958504583864,-0.0035224961496072363,0.0419816531129235,0.1100000297743743,3.521681034329349e-06,0.0,0.0,5.75958504583864,-0.0046928050471319776,0.03372147458120778,0.1100000297743743,3.5572327673447335e-06,0.0,0.0,5.75958504583864,-0.0036617961953813285,0.03641836673298167,0.1100000297743743,3.579223705347836e-06,0.0,0.0,5.75958504583864,-0.003517182067206017,0.03364101949611634,0.1100000297743743,3.549903807779618e-06,0.0,0.0,5.75958504583864,-0.004818147551589872,0.036057227355413196,0.1100000297743743,3.2699938309249e-06,0.0,0.0,5.75958504583864,-0.004782844428497861,0.03843677776599771,0.1100000297743743,2.7930019144671532e-06,0.0,0.0,5.75958504583864,-0.004769486916011779,0.04089076870508682,0.1100000297743743,2.1683528562520753e-06,0.0,0.0,5.75958504583864,-0.004748117777840226,0.04339488998552205,0.1100000297743743,1.4534799200119029e-06,0.0,0.0,5.75958504583864,-0.004726069494787574,0.04594316180992696,0.1100000297743743,7.094285760837079e-07,0.0,0.0,5.75958504583864,-0.004702729784750076
11,solved,0,lti,1,23,23,23,34,0.07327639057214469,0.12000423823500207,4.826327153181351e-06,0.0,0.0,6.283185334827612,-0.0050002802512638675,0.6681098419094672,-0.694327234228683,-0.1,0.00036337129849542654,0.9178808179168182,-0.3968556638940466,0.0005040802197309091,0.020629283224293207,0.7776298381927328,-0.7119654397722895,-0.10000009274626877,-0.9885038326256005,-0.1511954440081947,0.00033255926376512884,0.00010778603291608414,0.10778603291608414,0.00010778603606351624,0.10778603606351624,1,1.814305079142577,0.09091514844491162,,19,0.823493060392669,0.0018596222626870364,1.8596222626870365,0.002140377737312964,2.140377737312964,43.05291691569278,0.01,0.01,0.0001,0.17453292519943295,0.17453292519943295,0.5235987755982988,0.02,solved,1.814305079142577,0.09091514844491162,0.07327639057214469,0.12000423823500207,4.826327153181351e-06,0.0,0.0,6.283185334827612,-0.0050002802512638675,0.7776298381927328,-0.7119654397722895,-0.10000009274626877,-0.9885038326256005,-0.1511954440081947,0.00033255926376512884,0.7776183488128937,-0.7118582678401305,-0.10000011879427156,-0.9888009935664889,-0.14923968473361143,0.0003340995913815431,0.00010778603291608414,0.10778603291608414,0.00010778603606351624,0.10778603606351624,0.07327639057214469,0.12000423823500207,4.826327153181351e-06,0.0,0.0,6.283185334827612,-0.0050002802512638675,0.07152598214155517,0.12000363051114923,4.826324195144684e-06,0.0,0.0,6.283184585584363,-0.0024868781889249743,0.03675502214571722,0.12000249752082509,4.826326885062774e-06,0.0,0.0,6.2831845750972715,-0.004998815353112786,0.039475698963693975,0.11999897917333016,4.834274030407162e-06,0.0,0.0,6.28318456880793,-0.00499482774221911,0.03917710766543471,0.12000047279741413,4.835421131869815e-06,0.0,0.0,6.2831845549277014,-0.004996267078350434,0.038239510156821886,0.11999932655623054,4.693333932813154e-06,0.0,0.0,6.283184555208465,-0.004994985958779662,0.04109066965039853,0.11999871274135568,4.331423384675461e-06,0.0,0.0,6.283184554709694,-0.004992002828263883,0.044074304532722514,0.12000072935463972,3.7846674664511843e-06,0.0,0.0,6.28318454857926,-0.004992677725296053,0.04708227775286944,0.11999894782931185,3.098395228550338e-06,0.0,0.0,6.2831845569763125,-0.00498849966846436,0.05018667450944689,0.11999909543300058,2.3171533150173487e-06,0.0,0.0,6.283184559267878,-0.004986481503979543,0.05338536726237263,0.12000096519676484,1.4909727581789752e-06,0.0,0.0,6.283184555213568,-0.004986744139611228,0.05594423337184567,0.11999953208141179,2.601990711609106e-10,0.0,0.0,6.283184563403141,-0.0049931116751350205
12,solved,0,lti,1,23,23,23,34,0.08084927190626627,0.13000363051114924,2.228475434771882e-06,0.0,0.0,6.283185307179586,-0.005000000000000001,0.6697268273475925,-0.69172716161846,-0.1,0.0003310028093607692,0.8911508164785303,-0.4537067733173932,0.0005259018051780124,0.020529283224293208,0.7777797547557487,-0.7123254245286895,-0.09999981635574812,-0.9838362805808516,-0.1790699499807856,0.00035500241526396605,2.514775152203521e-06,0.002514775152203521,2.5147776205775576e-06,0.002514777620577558,1,0.04346868554588773,0.001996704010423217,,19,0.49986644590022156,0.0020649117765616696,2.0649117765616696,0.0019350882234383305,1.9350882234383304,44.62580937571002,0.01,0.01,0.0001,0.17453292519943295,0.17453292519943295,0.5235987755982988,0.02,solved,0.04346868554588773,0.001996704010423217,0.08084927190626627,0.13000363051114924,2.228475434771882e-06,0.0,0.0,6.283185307179586,-0.005000000000000001,0.7777797547557487,-0.7123254245286895,-0.09999981635574812,-0.9838362805808516,-0.1790699499807856,0.00035500241526396605,0.7777807621207649,-0.7123277287226463,-0.09999981283228143,-0.9834386082979989,-0.18124121243171748,0.0003558443141193417,2.514775152203521e-06,0.002514775152203521,2.5147776205775576e-06,0.002514777620577558,0.08084927190626627,0.13000363051114924,2.228475434771882e-06,0.0,0.0,6.283185307179586,-0.005000000000000001,0.03908730816218077,0.1300024975208251,2.230953611521551e-06,0.0,0.0,6.283185307179586,-0.005000000000000002,0.04498437015165898,0.12999897917333017,2.2330730427064404e-06,0.0,0.0,6.283185307179586,-0.005,0.04302435855596581,0.13000047279741414,2.230642759803905e-06,0.0,0.0,6.283185307179586,-0.005,0.043835264294324834,0.12999932655623053,2.1623435186882347e-06,0.0,0.0,6.283185307179586,-0.005,0.04741644068253042,0.1299987127413557,2.0143037275822585e-06,0.0,0.0,6.283185307179586,-0.005000000000000002,0.05111153042569624,0.13000072935463972,1.7978937001318172e-06,0.0,0.0,6.283185307179586,-0.005,0.054905211307081744,0.12999894782931185,1.5267233919712986e-06,0.0,0.0,6.283185307179586,-0.005,0.058809384994473704,0.1299990954330006,1.2161264212747204e-06,0.0,0.0,6.283185307179586,-0.0049999999999999975,0.06283524095917764,0.13000096519676485,8.828167547294349e-07,0.0,0.0,6.283185307179586,-0.005000000000000002,0.06594423337184567,0.1299995320814118,8.828149449596803e-13,0.0,0.0,6.283185307179586,-0.005,0.06594423337184567,0.1299995320814118,8.828140180049609e-19,0.0,0.0,6.283185307179586,-0.005
13,solved,0,lti,1,23,23,23,34,0.04061636124115602,0.1400024975208251,1.5356931283029109e-06,0.0,0.0,6.283185307179586,-0.004999999999999999,0.6705391545724156,-0.6889271116680435,-0.1,0.00029732800335836423,0.8609038498956831,-0.5087673093853641,0.0005456478964617589,0.02042928322429321,0.777940180722503,-0.7126942872102717,-0.09999975233267308,-0.9780855410587259,-0.20820312803433244,0.0003631095964817446,8.201484937822493e-07,0.0008201484937822493,8.20154904452561e-07,0.000820154904452561,1,0.04143602721184735,0.0019032603927108631,,19,0.16632706338688305,0.002268432924646371,2.2684329246463713,0.001731567075353629,1.731567075353629,46.24519088755795,0.01,0.01,0.0001,0.17453292519943295,0.17453292519943295,0.5235987755982988,0.02,solved,0.04143602721184735,0.0019032603927108631,0.04061636124115602,0.1400024975208251,1.5356931283029109e-06,0.0,0.0,6.283185307179586,-0.004999999999999999,0.777940180722503,-0.7126942872102717,-0.09999975233267308,-0.9780855410587259,-0.20820312803433244,0.0003631095964817446,0.7779408950879354,-0.7126946901067608,-0.0999997490899205,-0.9776699274989001,-0.21014609410336932,0.00036331445524777903,8.201484937822493e-07,0.0008201484937822493,8.20154904452561e-07,0.000820154904452561,0.04061636124115602,0.1400024975208251,1.5356931283029109e-06,0.0,0.0,6.283185307179586,-0.004999999999999999,0.0470179476876331,0.13999897917333018,1.5391866038453635e-06,0.0,0.0,6.283185307179586,-0.005000000000000001,0.04903770253157841,0.14000047279741415,1.5417222989850354e-06,0.0,0.0,6.283185307179586,-0.004999999999999999,0.04786103077306049,0.13999932655623054,1.518887444348301e-06,0.0,0.0,6.283185307179586,-0.004999999999999999,0.05201649667383831,0.1399987127413557,1.4461354098263325e-06,0.0,0.0,6.283185307179586,-0.004999999999999999,0.056336999662843175,0.14000072935463972,1.328569692754758e-06,0.0,0.0,6.283185307179586,-0.004999999999999998,0.06079326441133686,0.13999894782931185,1.1730243064496675e-06,0.0,0.0,6.283185307179586,-0.005,0.06539758493227461,0.1399990954330006,9.875746854667173e-07,0.0,0.0,6.283185307179586,-0.005000000000000001,0.07012840353356717,0.14000096519676486,7.812948205175722e-07,0.0,0.0,6.283185307179586,-0.005,0.07479714214737201,0.1399995320814118,5.643154843173037e-07,0.0,0.0,6.283185307179586,-0.004999999999999999,0.07594423337184567,0.1399995320814118,5.643143274734963e-13,0.0,0.0,6.283185307179586,-0.005,0.07594423337184567,0.1399995320814118,5.643137349440739e-19,0.0,0.0,6.283185307179586,-0.005
14,solved,0,lti,1,23,23,23,34,0.0370179476876331,0.1499989791733302,0.0,0.0,0.0,6.283185307179586,-0.005000000000000001,0.6712795135261683,-0.6859271320845769,-0.1,0.00026247977956294754,0.8272592891268545,-0.5618199733168652,0.0005632405647809826,0.02032928322429321,0.7781127711641695,-0.7130757116021348,-0.0999998263508973,-0.9710762168371689,-0.23876945078296047,0.00036120079576993893,1.1363691008812683e-06,0.0011363691008812683,1.136479918713179e-06,0.001136479918713179,1,0.04898979500048548,0.002250116272738465,,18,1.0,0.002452627023392978,2.452627023392978,0.0015473729766070222,1.5473729766070223,35.321237702778795,0.01,0.01,0.0001,0.17453292519943295,0.17453292519943295,0.5235987755982988,0.02,solved,0.04898979500048548,0.002250116272738465,0.0370179476876331,0.1499989791733302,0.0,0.0,0.0,6.283185307179586,-0.005000000000000001,0.7781127711641695,-0.7130757116021348,-0.0999998263508973,-0.9710762168371689,-0.23876945078296047,0.00036120079576993893,0.7781136082939426,-0.7130764800736544,-0.09999984222137935,-0.9705951003549163,-0.24071771619267554,0.000363700443288902,1.1363691008812683e-06,0.0011363691008812683,1.136479918713179e-06,0.001136479918713179,0.0370179476876331,0.1499989791733302,0.0,0.0,0.0,6.283185307179586,-0.005000000000000001,0.03903770253157841,0.15000047279741416,0.0,0.0,0.0,6.283185307179586,-0.004999999999999999,0.03786103077306049,0.14999932655623055,0.0,0.0,0.0,6.283185307179586,-0.005000000000000001,0.042016496673838305,0.1499987127413557,0.0,0.0,0.0,6.283185307179586,-0.005000000000000001,0.04633699966284317,0.15000072935463973,0.0,0.0,0.0,6.283185307179586,-0.004999999999999999,0.05079326441133686,0.14999894782931186,0.0,0.0,0.0,6.283185307179586,-0.004999999999999998,0.05539758493227461,0.1499990954330006,0.0,0.0,0.0,6.283185307179586,-0.004999999999999999,0.06012840353356717,0.15000096519676487,0.0,0.0,0.0,6.283185307179586,-0.005,0.06479714214737202,0.1499995320814118,0.0,0.0,0.0,6.283185307179586,-0.004999999999999999,0.06594423337184567,0.1499995320814118,0.0,0.0,0.0,6.283185307179586,-0.005,0.06594423337184567,0.1499995320814118,0.0,0.0,0.0,6.283185307179586,-0.005,0.06594423337184567,0.1499995320814118,0.0,0.0,0.0,6.283185307179586,-0.005
15,solved,0,lti,1,23,23,23,34,0.029037702531578405,0.16000047279741417,0.0,0.0,0.0,6.283185307179586,-0.005000000000000001,0.6718602675767998,-0.6827271226286286,-0.1,0.00022659566799320064,0.7903499138826613,-0.6126553904848154,0.0005786103799111532,0.02022928322429321,0.7782903726035587,-0.7134313859878119,-0.10000027606912225,-0.9634022637371634,-0.2680596356865133,0.0003315746112296737,2.3686106757049733e-05,0.023686106757049734,2.3686759187687962e-05,0.02368675918768796,1,0.04898979485566359,0.0022500594154616204,,18,1.0,0.002734650692616638,2.734650692616638,0.001265349307383362,1.2653493073833622,37.11808732718103,0.01,0.01,0.0001,0.17453292519943295,0.17453292519943295,0.5235987755982988,0.02,solved,0.04898979485566359,0.0022500594154616204,0.029037702531578405,0.16000047279741417,0.0,0.0,0.0,6.283185307179586,-0.005000000000000001,0.7782903726035587,-0.7134313859878119,-0.10000027606912225,-0.9634022637371634,-0.2680596356865133,0.0003315746112296737,0.7782858661513519,-0.713408132524805,-0.10000045187443833,-0.9633310827588573,-0.2683153350347937,0.0003255392665045016,2.3686106757049733e-05,0.023686106757049734,2.3686759187687962e-05,0.02368675918768796,0.029037702531578405,0.16000047279741417,0.0,0.0,0.0,6.283185307179586,-0.005000000000000001,0.027861030773060486,0.15999932655623056,0.0,0.0,0.0,6.283185307179586,-0.005000000000000001,0.0320164966738383,0.15999871274135571,0.0,0.0,0.0,6.283185307179586,-0.005,0.03633699966284317,0.16000072935463974,0.0,0.0,0.0,6.283185307179586,-0.005,0.040793264411336856,0.15999894782931187,0.0,0.0,0.0,6.283185307179586,-0.005,0.04539758493227461,0.15999909543300062,0.0,0.0,0.0,6.283185307179586,-0.005,0.050128403533567165,0.16000096519676488,0.0,0.0,0.0,6.283185307179586,-0.005,0.05479714214737202,0.15999953208141182,0.0,0.0,0.0,6.283185307179586,-0.005000000000000001,0.05594423337184567,0.15999953208141182,0.0,0.0,0.0,6.283185307179586,-0.005,0.05594423337184567,0.15999953208141182,0.0,0.0,0.0,6.283185307179586,-0.005000000000000001,0.05594423337184567,0.15999953208141182,0.0,0.0,0.0,6.283185307179586,-0.005,0.05594423337184567,0.15999953208141182,0.0,0.0,0.0,6.283185307179586,-0.005
16,solved,0,lti,1,23,23,23,34,0.017861030773060484,0.16999932655623057,0.0,0.0,0.0,6.283185307179586,-0.005000000000000001,0.672217488192261,-0.679327136097504,-0.1,0.00018981728684359814,0.7503213886049026,-0.661072936722146,0.0005916966842137524,0.02012928322429321,0.7784081131237908,-0.7134937126947646,-0.10000219017631697,-0.9609854936947709,-0.2765987052215502,0.00019281592130545658,2.6613739906164716e-05,0.026613739906164717,2.661402106244261e-05,0.026614021062442608,1,0.04898979485566359,0.002249994194030636,,18,0.7506271858406928,0.002991042294522315,2.991042294522315,0.001008957705477685,1.008957705477685,38.852995463270226,0.01,0.01,0.0001,0.17453292519943295,0.17453292519943295,0.5235987755982988,0.02,solved,0.04898979485566359,0.002249994194030636,0.017861030773060484,0.16999932655623057,0.0,0.0,0.0,6.283185307179586,-0.005000000000000001,0.7784081131237908,-0.7134937126947646,-0.10000219017631697,-0.9609854936947709,-0.2765987052215502,0.00019281592130545658,0.7784022943626154,-0.7134677428435872,-0.10000231250913821,-0.9609561992466237,-0.2767004659093046,0.00018786978734207363,2.6613739906164716e-05,0.026613739906164717,2.661402106244261e-05,0.026614021062442608,0.017861030773060484,0.16999932655623057,0.0,0.0,0.0,6.283185307179586,-0.005000000000000001,0.0220164966738383,0.16999871274135572,0.0,0.0,0.0,6.283185307179586,-0.005000000000000001,0.02633699966284317,0.17000072935463975,0.0,0.0,0.0,6.283185307179586,-0.004999999999999999,0.030793264411336854,0.16999894782931188,0.0,0.0,0.0,6.283185307179586,-0.005000000000000001,0.03539758493227461,0.16999909543300062,0.0,0.0,0.0,6.283185307179586,-0.004999999999999999,0.04012840353356716,0.17000096519676489,0.0,0.0,0.0,6.283185307179586,-0.005000000000000002,0.044797142147372015,0.16999953208141183,0.0,0.0,0.0,6.283185307179586,-0.005,0.045944233371845666,0.16999953208141183,0.0,0.0,0.0,6.283185307179586,-0.0049999999999999975,0.045944233371845666,0.16999953208141183,0.0,0.0,0.0,6.283185307179586,-0.005,0.045944233371845666,0.16999953208141183,0.0,0.0,0.0,6.283185307179586,-0.005000000000000001,0.045944233371845666,0.16999953208141183,0.0,0.0,0.0,6.283185307179586,-0.005,0.045944233371845666,0.16999953208141183,0.0,0.0,0.0,6.283185307179586,-0.005
17,solved,0,lti,1,23,23,23,34,0.012016496673838301,0.17999871274135573,0.0,0.0,0.0,6.283185307179586,-0.005000000000000001,0.6724578181257378,-0.6757271618426768,-0.1,0.00015228978358209342,0.7073316875955563,-0.7068815300937308,0.0006024478320242618,0.02002928322429321,0.7785246797416451,-0.7135483890925325,-0.10000392302344856,-0.9586140874567072,-0.28470867080757895,6.400411078762664e-05,2.7326136520756724e-05,0.027326136520756723,2.7326388560703018e-05,0.02732638856070302,1,0.04898979485566359,0.0022499200386964227,,18,0.6175360391457111,0.0030016975697136953,3.0016975697136954,0.0009983024302863048,0.9983024302863048,39.36145661269998,0.01,0.01,0.0001,0.17453292519943295,0.17453292519943295,0.5235987755982988,0.02,solved,0.04898979485566359,0.0022499200386964227,0.012016496673838301,0.17999871274135573,0.0,0.0,0.0,6.283185307179586,-0.005000000000000001,0.7785246797416451,-0.7135483890925325,-0.10000392302344856,-0.9586140874567072,-0.28470867080757895,6.400411078762664e-05,0.7785179549541418,-0.7135219033422092,-0.10000404038877345,-0.9585831640641137,-0.2848127699349716,6.0454953209217864e-05,2.7326136520756724e-05,0.027326136520756723,2.7326388560703018e-05,0.02732638856070302,0.012016496673838301,0.17999871274135573,0.0,0.0,0.0,6.283185307179586,-0.005000000000000001,0.016336999662843167,0.18000072935463976,0.0,0.0,0.0,6.283185307179586,-0.005,0.020793264411336852,0.1799989478293119,0.0,0.0,0.0,6.283185307179586,-0.005000000000000001,0.025397584932274606,0.17999909543300063,0.0,0.0,0.0,6.283185307179586,-0.005000000000000002,0.03012840353356716,0.1800009651967649,0.0,0.0,0.0,6.283185307179586,-0.004999999999999998,0.034797142147372014,0.17999953208141184,0.0,0.0,0.0,6.283185307179586,-0.005,0.035944233371845664,0.17999953208141184,0.0,0.0,0.0,6.283185307179586,-0.005,0.035944233371845664,0.17999953208141184,0.0,0.0,0.0,6.283185307179586,-0.005000000000000001,0.035944233371845664,0.17999953208141184,0.0,0.0,0.0,6.283185307179586,-0.005,0.035944233371845664,0.17999953208141184,0.0,0.0,0.0,6.283185307179586,-0.005,0.035944233371845664,0.17999953208141184,0.0,0.0,0.0,6.283185307179586,-0.005,0.035944233371845664,0.17999953208141184,0.0,0.0,0.0,6.283185307179586,-0.005
18,solved,0,lti,1,23,23,23,34,0.006336999662843167,0.19000072935463977,0.0,0.0,0.0,6.283185307179586,-0.004999999999999999,0.6725845581189946,-0.671927147255584,-0.1,0.0001141612621193743,0.66155047156438,-0.7499003850094879,0.0006108213934740052,0.01992928322429321,0.7786415538517978,-0.7136022785351483,-0.10000547184818093,-0.9561663204587266,-0.29282411899900607,-5.434036789971111e-05,2.8247616971652908e-05,0.028247616971652907,2.8247709659558263e-05,0.02824770965955826,1,0.04898979485566359,0.0022498373630507012,,18,0.4885587395845456,0.003005792945933899,3.0057929459338992,0.000994207054066101,0.994207054066101,39.84557347477531,0.01,0.01,0.0001,0.17453292519943295,0.17453292519943295,0.5235987755982988,0.02,solved,0.04898979485566359,0.0022498373630507012,0.006336999662843167,0.19000072935463977,0.0,0.0,0.0,6.283185307179586,-0.004999999999999999,0.7786415538517978,-0.7136022785351483,-0.10000547184818093,-0.9561663204587266,-0.29282411899900607,-5.434036789971111e-05,0.778633804659283,-0.7135751146274776,-0.10000554421138627,-0.9561317923844067,-0.2929368402199095,-5.6866132963707164e-05,2.8247616971652908e-05,0.028247616971652907,2.8247709659558263e-05,0.02824770965955826,0.006336999662843167,0.19000072935463977,0.0,0.0,0.0,6.283185307179586,-0.004999999999999999,0.010793264411336852,0.1899989478293119,0.0,0.0,0.0,6.283185307179586,-0.004999999999999999,0.015397584932274605,0.18999909543300064,0.0,0.0,0.0,6.283185307179586,-0.004999999999999999,0.02012840353356716,0.1900009651967649,0.0,0.0,0.0,6.283185307179586,-0.005000000000000001,0.02479714214737201,0.18999953208141185,0.0,0.0,0.0,6.283185307179586,-0.004999999999999999,0.025944233371845662,0.18999953208141185,0.0,0.0,0.0,6.283185307179586,-0.004999999999999999,0.025944233371845662,0.18999953208141185,0.0,0.0,0.0,6.283185307179586,-0.005000000000000002,0.025944233371845662,0.18999953208141185,0.0,0.0,0.0,6.283185307179586,-0.004999999999999999,0.025944233371845662,0.18999953208141185,0.0,0.0,0.0,6.283185307179586,-0.005000000000000001,0.025944233371845662,0.18999953208141185,0.0,0.0,0.0,6.283185307179586,-0.005,0.025944233371845662,0.18999953208141185,0.0,0.0,0.0,6.283185307179586,-0.005,0.025944233371845662,0.18999953208141185,0.0,0.0,0.0,6.283185307179586,-0.005
19,solved,0,lti,1,23,23,23,34,0.0007932644113368519,0.1999989478293119,0.0,0.0,0.0,6.283185307179586,-0.005,0.6726004234072214,-0.6679271682989978,-0.1,7.558219831038956e-05,0.6131584180556006,-0.7899597257025102,0.0006167843219414571,0.019829283224293212,0.7787587965517057,-0.7136558517082416,-0.10000685455685004,-0.9536516530743153,-0.30091277471540256,-0.00016310028546286744,2.901574744752468e-05,0.02901574744752468,2.9015946772447455e-05,0.029015946772447454,1,0.04898979485566359,0.0022497456675541617,,18,0.35961030983204756,0.003009045406061521,3.009045406061521,0.0009909545939384792,0.9909545939384792,40.33123901863618,0.01,0.01,0.0001,0.17453292519943295,0.17453292519943295,0.5235987755982988,0.02,solved,0.04898979485566359,0.0022497456675541617,0.0007932644113368519,0.1999989478293119,0.0,0.0,0.0,6.283185307179586,-0.005,0.7787587965517057,-0.7136558517082416,-0.10000685455685004,-0.9536516530743153,-0.30091277471540256,-0.00016310028546286744,0.778749975595642,-0.713628209271047,-0.10000674700610403,-0.9536129822380627,-0.30103530178451177,-0.00016488340273710056,2.901574744752468e-05,0.02901574744752468,2.9015946772447455e-05,0.029015946772447454,0.0007932644113368519,0.1999989478293119,0.0,0.0,0.0,6.283185307179586,-0.005,0.005397584932274605,0.19999909543300065,0.0,0.0,0.0,6.283185307179586,-0.004999999999999998,0.010128403533567159,0.2000009651967649,0.0,0.0,0.0,6.283185307179586,-0.005,0.014797142147372011,0.19999953208141186,0.0,0.0,0.0,6.283185307179586,-0.004999999999999998,0.01594423337184566,0.19999953208141186,0.0,0.0,0.0,6.283185307179586,-0.005000000000000001,0.01594423337184566,0.19999953208141186,0.0,0.0,0.0,6.283185307179586,-0.004999999999999999,0.01594423337184566,0.19999953208141186,0.0,0.0,0.0,6.283185307179586,-0.004999999999999999,0.01594423337184566,0.19999953208141186,0.0,0.0,0.0,6.283185307179586,-0.005000000000000002,0.01594423337184566,0.19999953208141186,0.0,0.0,0.0,6.283185307179586,-0.004999999999999999,0.01594423337184566,0.19999953208141186,0.0,0.0,0.0,6.283185307179586,-0.005,0.01594423337184566,0.19999953208141186,0.0,0.0,0.0,6.283185307179586,-0.005,0.01594423337184566,0.19999953208141186,0.0,0.0,0.0,6.283185307179586,-0.005
20,solved,0,lti,1,23,23,23,34,-0.004602415067725395,0.20999909543300066,0.0,0.0,0.0,6.283185307179586,-0.005000000000000001,0.6725083751058669,-0.6637271863903378,-0.1,3.670484609489556e-05,0.562346508396191,-0.8269014562564541,0.0006203130844721591,0.019729283224293213,0.7788763603992447,-0.7137091460316402,-0.1000080837899355,-0.9510922232339756,-0.3089069663773461,-0.00026273065855908023,3.019229647174565e-05,0.03019229647174565,3.0192302401175235e-05,0.030192302401175236,1,0.048989794855663585,0.002249644426345431,,18,0.2304478918559499,0.00301186272926153,3.01186272926153,0.0009881372707384699,0.9881372707384699,40.816560672971804,0.01,0.01,0.0001,0.17453292519943295,0.17453292519943295,0.5235987755982988,0.02,solved,0.048989794855663585,0.002249644426345431,-0.004602415067725395,0.20999909543300066,0.0,0.0,0.0,6.283185307179586,-0.005000000000000001,0.7788763603992447,-0.7137091460316402,-0.1000080837899355,-0.9510922232339756,-0.3089069663773461,-0.00026273065855908023,0.7788663089184362,-0.713680676003544,-0.10000810271204498,-0.951049330556208,-0.3090389961951243,-0.00026396836665115096,3.019229647174565e-05,0.03019229647174565,3.0192302401175235e-05,0.030192302401175236,-0.004602415067725395,0.20999909543300066,0.0,0.0,0.0,6.283185307179586,-0.005000000000000001,0.00012840353356715836,0.21000096519676492,0.0,0.0,0.0,6.283185307179586,-0.005,0.004797142147372011,0.20999953208141187,0.0,0.0,0.0,6.283185307179586,-0.004999999999999998,0.00594423337184566,0.20999953208141187,0.0,0.0,0.0,6.283185307179586,-0.005,0.00594423337184566,0.20999953208141187,0.0,0.0,0.0,6.283185307179586,-0.005000000000000003,0.00594423337184566,0.20999953208141187,0.0,0.0,0.0,6.283185307179586,-0.004999999999999999,0.00594423337184566,0.20999953208141187,0.0,0.0,0.0,6.283185307179586,-0.005000000000000001,0.00594423337184566,0.20999953208141187,0.0,0.0,0.0,6.283185307179586,-0.005,0.00594423337184566,0.20999953208141187,0.0,0.0,0.0,6.283185307179586,-0.005000000000000001,0.00594423337184566,0.20999953208141187,0.0,0.0,0.0,6.283185307179586,-0.005,0.00594423337184566,0.20999953208141187,0.0,0.0,0.0,6.283185307179586,-0.005,0.00594423337184566,0.20999953208141187,0.0,0.0,0.0,6.283185307179586,-0.005
21,solved,0,lti,1,23,23,23,34,-0.009871596466432842,0.22000096519676493,0.0,0.0,0.0,6.283185307179586,-0.005,0.6723109431765383,-0.6593271670864025,-0.1,2.3173633792858883e-06,-0.5093152739798236,0.8605797845378945,-0.000621393754652541,0.019629283224293213,0.7789940383340321,-0.7137617758592981,-0.10000916266371404,-0.9485385684626513,-0.31666142735082226,-0.00035294045412336006,3.092252577895873e-05,0.030922525778958727,3.09226360383795e-05,0.030922636038379504,1,0.048989794855663585,0.0022495331017662466,,18,0.10110032675632322,0.003014297790378884,3.0142977903788837,0.0009857022096211162,0.9857022096211162,41.29749361572124,0.01,0.01,0.0001,0.17453292519943295,0.17453292519943295,0.5235987755982988,0.02,solved,0.048989794855663585,0.0022495331017662466,-0.009871596466432842,0.22000096519676493,0.0,0.0,0.0,6.283185307179586,-0.005,0.7789940383340321,-0.7137617758592981,-0.10000916266371404,-0.9485385684626513,-0.31666142735082226,-0.00035294045412336006,0.7789828312128656,-0.7137329556747791,-0.10000908008640651,-0.9484923273334245,-0.316799905006387,-0.00035380442096288374,3.092252577895873e-05,0.030922525778958727,3.09226360383795e-05,0.030922636038379504,-0.009871596466432842,0.22000096519676493,0.0,0.0,0.0,6.283185307179586,-0.005,-0.005202857852627989,0.21999953208141187,0.0,0.0,0.0,6.283185307179586,-0.005,-0.00405576662815434,0.21999953208141187,0.0,0.0,0.0,6.283185307179586,-0.005,-0.00405576662815434,0.21999953208141187,0.0,0.0,0.0,6.283185307179586,-0.005,-0.00405576662815434,0.21999953208141187,0.0,0.0,0.0,6.283185307179586,-0.004999999999999999,-0.00405576662815434,0.21999953208141187,0.0,0.0,0.0,6.283185307179586,-0.005,-0.00405576662815434,0.21999953208141187,0.0,0.0,0.0,6.283185307179586,-0.005,-0.00405576662815434,0.21999953208141187,0.0,0.0,0.0,6.283185307179586,-0.004999999999999999,-0.00405576662815434,0.21999953208141187,0.0,0.0,0.0,6.283185307179586,-0.005000000000000001,-0.00405576662815434,0.21999953208141187,0.0,0.0,0.0,6.283185307179586,-0.005,-0.00405576662815434,0.21999953208141187,0.0,0.0,0.0,6.283185307179586,-0.005,-0.00405576662815434,0.21999953208141187,0.0,0.0,0.0,6.283185307179586,-0.005
22,solved,0,lti,1,23,23,23,34,-0.01520285785262799,0.22999953208141188,0.0,0.0,0.0,6.283185307179586,-0.005000000000000001,0.6720068860194858,-0.6547271764447743,-0.1,4.1330427278911924e-05,-0.4542740048610731,0.8908617975712694,-0.000620022067571112,0.019529283224293214,0.7791103444558528,-0.7138089049913251,-0.10001010137086962,-0.9461951098170308,-0.32359639335132995,-0.00043401422614308444,3.185187579298679e-05,0.03185187579298679,3.1852529836078785e-05,0.03185252983607879,1,0.048989794855663585,0.002249411139643018,,17,1.0,0.0029676143945388117,2.9676143945388116,0.0010323856054611884,1.0323856054611884,30.93417036387802,0.01,0.01,0.0001,0.17453292519943295,0.17453292519943295,0.5235987755982988,0.02,solved,0.048989794855663585,0.002249411139643018,-0.01520285785262799,0.22999953208141188,0.0,0.0,0.0,6.283185307179586,-0.005000000000000001,0.7791103444558528,-0.7138089049913251,-0.10001010137086962,-0.9461951098170308,-0.32359639335132995,-0.00043401422614308444,0.7790979251444096,-0.7137795740742783,-0.10001030549197688,-0.9461474656997793,-0.3237356703373921,-0.0004346275234693838,3.185187579298679e-05,0.03185187579298679,3.1852529836078785e-05,0.03185252983607879,-0.01520285785262799,0.22999953208141188,0.0,0.0,0.0,6.283185307179586,-0.005000000000000001,-0.01405576662815434,0.22999953208141188,0.0,0.0,0.0,6.283185307179586,-0.005000000000000001,-0.01405576662815434,0.22999953208141188,0.0,0.0,0.0,6.283185307179586,-0.005,-0.01405576662815434,0.22999953208141188,0.0,0.0,0.0,6.283185307179586,-0.005,-0.01405576662815434,0.22999953208141188,0.0,0.0,0.0,6.283185307179586,-0.005000000000000001,-0.01405576662815434,0.22999953208141188,0.0,0.0,0.0,6.283185307179586,-0.004999999999999999,-0.01405576662815434,0.22999953208141188,0.0,0.0,0.0,6.283185307179586,-0.005,-0.01405576662815434,0.22999953208141188,0.0,0.0,0.0,6.283185307179586,-0.005,-0.01405576662815434,0.22999953208141188,0.0,0.0,0.0,6.283185307179586,-0.005,-0.01405576662815434,0.22999953208141188,0.0,0.0,0.0,6.283185307179586,-0.005,-0.01405576662815434,0.22999953208141188,0.0,0.0,0.0,6.283185307179586,-0.005,-0.01405576662815434,0.22999953208141188,0.0,0.0,0.0,6.283185307179586,-0.005
23,solved,0,lti,1,23,23,23,34,-0.02405576662815434,0.2399995320814119,0.0,0.0,0.0,6.283185307179586,-0.005000000000000001,0.6715257706869227,-0.649927185803146,-0.1,8.018037886414422e-05,-0.39743992378318754,0.9176279860856716,-0.0006162034366501183,0.019429283224293215,0.7792250077810802,-0.7138494962204335,-0.10001094603734578,-0.9440756682148633,-0.32972848477078837,-0.0005089355748122858,3.299586275089538e-05,0.03299586275089538,3.299609465262001e-05,0.03299609465262001,1,0.048989794855663585,0.002249277979478563,,17,1.0,0.002988510646861557,2.988510646861557,0.001011489353138443,1.011489353138443,31.35358596824465,0.01,0.01,0.0001,0.17453292519943295,0.17453292519943295,0.5235987755982988,0.02,solved,0.048989794855663585,0.002249277979478563,-0.02405576662815434,0.2399995320814119,0.0,0.0,0.0,6.283185307179586,-0.005000000000000001,0.7792250077810802,-0.7138494962204335,-0.10001094603734578,-0.9440756682148633,-0.32972848477078837,-0.0005089355748122858,0.7792113836007671,-0.7138194444539384,-0.1000110697452628,-0.9440274433607238,-0.32986652872497174,-0.000509321856180675,3.299586275089538e-05,0.03299586275089538,3.299609465262001e-05,0.03299609465262001,-0.02405576662815434,0.2399995320814119,0.0,0.0,0.0,6.283185307179586,-0.005000000000000001,-0.02405576662815434,0.2399995320814119,0.0,0.0,0.0,6.283185307179586,-0.005,-0.02405576662815434,0.2399995320814119,0.0,0.0,0.0,6.283185307179586,-0.005,-0.02405576662815434,0.2399995320814119,0.0,0.0,0.0,6.283185307179586,-0.005,-0.02405576662815434,0.2399995320814119,0.0,0.0,0.0,6.283185307179586,-0.005000000000000002,-0.02405576662815434,0.2399995320814119,0.0,0.0,0.0,6.283185307179586,-0.005000000000000001,-0.02405576662815434,0.2399995320814119,0.0,0.0,0.0,6.283185307179586,-0.005000000000000001,-0.02405576662815434,0.2399995320814119,0.0,0.0,0.0,6.283185307179586,-0.005,-0.02405576662815434,0.2399995320814119,0.0,0.0,0.0,6.283185307179586,-0.005000000000000001,-0.02405576662815434,0.2399995320814119,0.0,0.0,0.0,6.283185307179586,-0.005,-0.02405576662815434,0.2399995320814119,0.0,0.0,0.0,6.283185307179586,-0.005,-0.02405576662815434,0.2399995320814119,0.0,0.0,0.0,6.283185307179586,-0.005
24,solved,0,lti,1,23,23,23,34,-0.03405576662815434,0.2499995320814119,0.0,0.0,0.0,6.283185307179586,-0.005000000000000001,0.6708446553543596,-0.6449271951615178,-0.1,0.00011871389512493045,-0.3390373288991594,0.9407727161633435,-0.0006099529322812384,0.019329283224293215,0.7793380259589113,-0.7138840059006953,-0.10001170333058212,-0.94219626150831,-0.335060995906374,-0.000577773305874493,3.372692568724196e-05,0.03372692568724196,3.372736125353341e-05,0.033727361253533414,1,0.04898979485566359,0.00224913344022996,,17,1.0,0.003003378491660519,3.003378491660519,0.0009966215083394812,0.9966215083394813,31.725321580908787,0.01,0.01,0.0001,0.17453292519943295,0.17453292519943295,0.5235987755982988,0.02,solved,0.04898979485566359,0.00224913344022996,-0.03405576662815434,0.2499995320814119,0.0,0.0,0.0,6.283185307179586,-0.005000000000000001,0.7793380259589113,-0.7138840059006953,-0.10001170333058212,-0.94219626150831,-0.335060995906374,-0.000577773305874493,0.7793233992049118,-0.7138536157117563,-0.10001153192225792,-0.9421483506641872,-0.3351956908481775,-0.0005780809325185301,3.372692568724196e-05,0.03372692568724196,3.372736125353341e-05,0.033727361253533414,-0.03405576662815434,0.2499995320814119,0.0,0.0,0.0,6.283185307179586,-0.005000000000000001,-0.03405576662815434,0.2499995320814119,0.0,0.0,0.0,6.283185307179586,-0.005000000000000001,-0.03405576662815434,0.2499995320814119,0.0,0.0,0.0,6.283185307179586,-0.005000000000000001,-0.03405576662815434,0.2499995320814119,0.0,0.0,0.0,6.283185307179586,-0.005,-0.03405576662815434,0.2499995320814119,0.0,0.0,0.0,6.283185307179586,-0.005000000000000001,-0.03405576662815434,0.2499995320814119,0.0,0.0,0.0,6.283185307179586,-0.004999999999999999,-0.03405576662815434,0.2499995320814119,0.0,0.0,0.0,6.283185307179586,-0.005,-0.03405576662815434,0.2499995320814119,0.0,0.0,0.0,6.283185307179586,-0.004999999999999999,-0.03405576662815434,0.2499995320814119,0.0,0.0,0.0,6.283185307179586,-0.005000000000000001,-0.03405576662815434,0.2499995320814119,0.0,0.0,0.0,6.283185307179586,-0.005000000000000001,-0.03405576662815434,0.2499995320814119,0.0,0.0,0.0,6.283185307179586,-0.005,-0.03405576662815434,0.2499995320814119,0.0,0.0,0.0,6.283185307179586,-0.005
25,solved,0,lti,1,23,23,23,34,-0.044055766628154344,0.2599995320814119,0.0,0.0,0.0,6.283185307179586,-0.005,0.6699635400217965,-0.6397272045198895,-0.1,0.00015677890187687832,-0.2792967085693883,0.9602046461284895,-0.0006012952223496326,0.019229283224293216,0.7794494263952557,-0.713912862618093,-0.10001238027638305,-0.9405625086306789,-0.33962001823623644,-0.0006407585993365467,3.4849160013219185e-05,0.03484916001321919,3.486982959635338e-05,0.03486982959635338,1,0.04898979485566359,0.002248977553652223,,17,1.0,0.003012663924261016,3.012663924261016,0.0009873360757389842,0.9873360757389842,32.049271667464424,0.01,0.01,0.0001,0.17453292519943295,0.17453292519943295,0.5235987755982988,0.02,solved,0.04898979485566359,0.002248977553652223,-0.044055766628154344,0.2599995320814119,0.0,0.0,0.0,6.283185307179586,-0.005,0.7794494263952557,-0.713912862618093,-0.10001238027638305,-0.9405625086306789,-0.33962001823623644,-0.0006407585993365467,0.779433815374152,-0.7138817055968341,-0.10001117983377644,-0.9405158175736291,-0.3397492987998822,-0.000640982680431841,3.4849160013219185e-05,0.03484916001321919,3.486982959635338e-05,0.03486982959635338,-0.044055766628154344,0.2599995320814119,0.0,0.0,0.0,6.283185307179586,-0.005,-0.044055766628154344,0.2599995320814119,0.0,0.0,0.0,6.283185307179586,-0.005,-0.044055766628154344,0.2599995320814119,0.0,0.0,0.0,6.283185307179586,-0.004999999999999999,-0.044055766628154344,0.2599995320814119,0.0,0.0,0.0,6.283185307179586,-0.005,-0.044055766628154344,0.2599995320814119,0.0,0.0,0.0,6.283185307179586,-0.004999999999999999,-0.044055766628154344,0.2599995320814119,0.0,0.0,0.0,6.283185307179586,-0.004999999999999999,-0.044055766628154344,0.2599995320814119,0.0,0.0,0.0,6.283185307179586,-0.004999999999999999,-0.044055766628154344,0.2599995320814119,0.0,0.0,0.0,6.283185307179586,-0.004999999999999999,-0.044055766628154344,0.2599995320814119,0.0,0.0,0.0,6.283185307179586,-0.005,-0.044055766628154344,0.2599995320814119,0.0,0.0,0.0,6.283185307179586,-0.005,-0.044055766628154344,0.2599995320814119,0.0,0.0,0.0,6.283185307179586,-0.005000000000000001,-0.044055766628154344,0.2599995320814119,0.0,0.0,0.0,6.283185307179586,-0.005
26,solved,0,lti,1,23,23,23,34,-0.054055766628154346,0.2699995320814119,0.0,0.0,0.0,6.283185307179586,-0.005000000000000002,0.6688824246892334,-0.6343272138782613,-0.1,0.0001942251739285853,-0.21845383172942268,0.9758470870311418,-0.0005902644748810695,0.019129283224293216,0.7795595249693305,-0.7139370966882344,-0.10001298184278067,-0.9391221252127258,-0.343582809159198,-0.0006979872545732771,3.402231285939334e-05,0.03402231285939334,3.402973960534638e-05,0.03402973960534638,1,0.04898979485566359,0.0022488103268306506,,17,1.0,0.0030167794210940947,3.016779421094095,0.0009832205789059053,0.9832205789059053,32.326749738899906,0.01,0.01,0.0001,0.17453292519943295,0.17453292519943295,0.5235987755982988,0.02,solved,0.04898979485566359,0.0022488103268306506,-0.054055766628154346,0.2699995320814119,0.0,0.0,0.0,6.283185307179586,-0.005000000000000002,0.7795595249693305,-0.7139370966882344,-0.10001298184278067,-0.9391221252127258,-0.343582809159198,-0.0006979872545732771,0.7795439105846264,-0.7139068690723407,-0.10001369276141542,-0.9390767142538013,-0.34370690624882777,-0.0006980996663592948,3.402231285939334e-05,0.03402231285939334,3.402973960534638e-05,0.03402973960534638,-0.054055766628154346,0.2699995320814119,0.0,0.0,0.0,6.283185307179586,-0.005000000000000002,-0.054055766628154346,0.2699995320814119,0.0,0.0,0.0,6.283185307179586,-0.005000000000000002,-0.054055766628154346,0.2699995320814119,0.0,0.0,0.0,6.283185307179586,-0.005,-0.054055766628154346,0.2699995320814119,0.0,0.0,0.0,6.283185307179586,-0.005000000000000001,-0.054055766628154346,0.2699995320814119,0.0,0.0,0.0,6.283185307179586,-0.005,-0.054055766628154346,0.2699995320814119,0.0,0.0,0.0,6.283185307179586,-0.005,-0.054055766628154346,0.2699995320814119,0.0,0.0,0.0,6.283185307179586,-0.005000000000000001,-0.054055766628154346,0.2699995320814119,0.0,0.0,0.0,6.283185307179586,-0.005,-0.054055766628154346,0.2699995320814119,0.0,0.0,0.0,6.283185307179586,-0.005000000000000001,-0.054055766628154346,0.2699995320814119,0.0,0.0,0.0,6.283185307179586,-0.004999999999999999,-0.054055766628154346,0.2699995320814119,0.0,0.0,0.0,6.283185307179586,-0.005000000000000001,-0.054055766628154346,0.2699995320814119,0.0,0.0,0.0,6.283185307179586,-0.005
27,solved,0,lti,1,23,23,23,34,-0.06405576662815435,0.27999953208141193,0.0,0.0,0.0,6.283185307179586,-0.005,0.6676013093566704,-0.6287272232366331,-0.1,0.00023090492795183772,-0.15674881741768337,0.9876383053034089,-0.0005769042231963384,0.019029283224293217,0.7796693134684128,-0.7139603010767703,-0.10001351338942806,-0.9377663766774151,-0.3472659798140325,-0.0007496913446650742,3.327564194071651e-05,0.033275641940716506,3.327566148325343e-05,0.03327566148325343,1,0.04898979485566359,0.00224863176736306,,17,0.9491632621379233,0.003016662697572398,3.0166626975723982,0.000983337302427602,0.983337302427602,32.56833402783316,0.01,0.01,0.0001,0.17453292519943295,0.17453292519943295,0.5235987755982988,0.02,solved,0.04898979485566359,0.00224863176736306,-0.06405576662815435,0.27999953208141193,0.0,0.0,0.0,6.283185307179586,-0.005,0.7796693134684128,-0.7139603010767703,-0.10001351338942806,-0.9377663766774151,-0.3472659798140325,-0.0007496913446650742,0.7796539077732505,-0.7139308064517832,-0.10001354945300116,-0.9377224367712086,-0.34738461315153224,-0.000749747575615733,3.327564194071651e-05,0.033275641940716506,3.327566148325343e-05,0.03327566148325343,-0.06405576662815435,0.27999953208141193,0.0,0.0,0.0,6.283185307179586,-0.005,-0.06405576662815435,0.27999953208141193,0.0,0.0,0.0,6.283185307179586,-0.005000000000000001,-0.06405576662815435,0.27999953208141193,0.0,0.0,0.0,6.283185307179586,-0.005,-0.06405576662815435,0.27999953208141193,0.0,0.0,0.0,6.283185307179586,-0.004999999999999999,-0.06405576662815435,0.27999953208141193,0.0,0.0,0.0,6.283185307179586,-0.005000000000000001,-0.06405576662815435,0.27999953208141193,0.0,0.0,0.0,6.283185307179586,-0.005,-0.06405576662815435,0.27999953208141193,0.0,0.0,0.0,6.283185307179586,-0.005000000000000001,-0.06405576662815435,0.27999953208141193,0.0,0.0,0.0,6.283185307179586,-0.004999999999999999,-0.06405576662815435,0.27999953208141193,0.0,0.0,0.0,6.283185307179586,-0.005,-0.06405576662815435,0.27999953208141193,0.0,0.0,0.0,6.283185307179586,-0.005000000000000001,-0.06405576662815435,0.27999953208141193,0.0,0.0,0.0,6.283185307179586,-0.005,-0.06405576662815435,0.27999953208141193,0.0,0.0,0.0,6.283185307179586,-0.005
28,solved,0,lti,1,23,23,23,34,-0.07405576662815434,0.28999953208141194,0.0,0.0,0.0,6.283185307179586,-0.005,0.6661201940241073,-0.6229272325950048,-0.1,0.0002666734057148914,-0.09442518713531935,0.9955317663936655,-0.0005612671941051204,0.018929283224293218,0.7797788394982965,-0.7139829761158442,-0.10001399381978382,-0.9365099622728266,-0.35064006463121694,-0.0007972698194721966,3.363983875459685e-05,0.03363983875459685,3.364060491759795e-05,0.03364060491759795,1,0.04898979485566357,0.0022484418833588296,,17,0.8367968133439663,0.0030156076646463475,3.0156076646463474,0.0009843923353536526,0.9843923353536526,32.793206631621345,0.01,0.01,0.0001,0.17453292519943295,0.17453292519943295,0.5235987755982988,0.02,solved,0.04898979485566357,0.0022484418833588296,-0.07405576662815434,0.28999953208141194,0.0,0.0,0.0,6.283185307179586,-0.005,0.7797788394982965,-0.7139829761158442,-0.10001399381978382,-0.9365099622728266,-0.35064006463121694,-0.0007972698194721966,0.7797634290281209,-0.7139530736717902,-0.10001376677840733,-0.936468182740077,-0.35075163164307516,-0.0007972548012808863,3.363983875459685e-05,0.03363983875459685,3.364060491759795e-05,0.03364060491759795,-0.07405576662815434,0.28999953208141194,0.0,0.0,0.0,6.283185307179586,-0.005,-0.07405576662815434,0.28999953208141194,0.0,0.0,0.0,6.283185307179586,-0.005000000000000001,-0.07405576662815434,0.28999953208141194,0.0,0.0,0.0,6.283185307179586,-0.004999999999999999,-0.07405576662815434,0.28999953208141194,0.0,0.0,0.0,6.283185307179586,-0.005000000000000001,-0.07405576662815434,0.28999953208141194,0.0,0.0,0.0,6.283185307179586,-0.005,-0.07405576662815434,0.28999953208141194,0.0,0.0,0.0,6.283185307179586,-0.004999999999999999,-0.07405576662815434,0.28999953208141194,0.0,0.0,0.0,6.283185307179586,-0.004999999999999999,-0.07405576662815434,0.28999953208141194,0.0,0.0,0.0,6.283185307179586,-0.005,-0.07405576662815434,0.28999953208141194,0.0,0.0,0.0,6.283185307179586,-0.005,-0.07405576662815434,0.28999953208141194,0.0,0.0,0.0,6.283185307179586,-0.005000000000000001,-0.07405576662815434,0.28999953208141194,0.0,0.0,0.0,6.283185307179586,-0.005,-0.07405576662815434,0.28999953208141194,0.0,0.0,0.0,6.283185307179586,-0.005
29,solved,0,lti,1,23,23,23,34,-0.08405576662815434,0.29999953208141195,0.0,0.0,0.0,6.283185307179586,-0.005,0.6644390786915442,-0.6169272419533766,-0.1,0.0003013894453770787,-0.031728903778096784,0.9994963184171676,-0.0005434150998173596,0.018829283224293218,0.7798881479919796,-0.7140051789581785,-0.10001444096601159,-0.9353381332201081,-0.3537539644610161,-0.0008421237660908363,3.230055630122071e-05,0.03230055630122071,3.230057074601063e-05,0.032300570746010636,1,0.04898979485566357,0.002248240683437882,,17,0.724801456518556,0.0030140925386643726,3.0140925386643724,0.0009859074613356275,0.9859074613356276,32.99949568386607,0.01,0.01,0.0001,0.17453292519943295,0.17453292519943295,0.5235987755982988,0.02,solved,0.04898979485566357,0.002248240683437882,-0.08405576662815434,0.29999953208141195,0.0,0.0,0.0,6.283185307179586,-0.005,0.7798881479919796,-0.7140051789581785,-0.10001444096601159,-0.9353381332201081,-0.3537539644610161,-0.0008421237660908363,0.7798736070448372,-0.7139763365104049,-0.10001447151351081,-0.9352990257594567,-0.3538573489362968,-0.0008420315830915967,3.230055630122071e-05,0.03230055630122071,3.230057074601063e-05,0.032300570746010636,-0.08405576662815434,0.29999953208141195,0.0,0.0,0.0,6.283185307179586,-0.005,-0.08405576662815434,0.29999953208141195,0.0,0.0,0.0,6.283185307179586,-0.004999999999999999,-0.08405576662815434,0.29999953208141195,0.0,0.0,0.0,6.283185307179586,-0.004999999999999999,-0.08405576662815434,0.29999953208141195,0.0,0.0,0.0,6.283185307179586,-0.005,-0.08405576662815434,0.29999953208141195,0.0,0.0,0.0,6.283185307179586,-0.005,-0.08405576662815434,0.29999953208141195,0.0,0.0,0.0,6.283185307179586,-0.005,-0.08405576662815434,0.29999953208141195,0.0,0.0,0.0,6.283185307179586,-0.005000000000000001,-0.08405576662815434,0.29999953208141195,0.0,0.0,0.0,6.283185307179586,-0.005000000000000001,-0.08405576662815434,0.29999953208141195,0.0,0.0,0.0,6.283185307179586,-0.005,-0.08405576662815434,0.29999953208141195,0.0,0.0,0.0,6.283185307179586,-0.005,-0.08405576662815434,0.29999953208141195,0.0,0.0,0.0,6.283185307179586,-0.005,-0.08405576662815434,0.29999953208141195,0.0,0.0,0.0,6.283185307179586,-0.005
30,solved,0,lti,1,23,23,23,34,-0.09405576662815433,0.30999953208141195,0.0,0.0,0.0,6.283185307179586,-0.004999999999999999,0.6625579633589811,-0.6107272513117483,-0.1,0.00033491603859010273,0.03109259906678062,0.9995163150983098,-0.0005234183943933636,0.01872928322429322,0.7799972889620082,-0.7140269601700031,-0.10001487492514728,-0.9342336392261997,-0.3566605143815675,-0.0008859002464255565,3.0976634097796964e-05,0.030976634097796964,3.0979529539944564e-05,0.030979529539944563,1,0.04898979485566357,0.0022480281767295936,,17,0.6131209076361291,0.00301216340995833,3.0121634099583297,0.0009878365900416702,0.9878365900416702,33.19012445526811,0.01,0.01,0.0001,0.17453292519943295,0.17453292519943295,0.5235987755982988,0.02,solved,0.04898979485566357,0.0022480281767295936,-0.09405576662815433,0.30999953208141195,0.0,0.0,0.0,6.283185307179586,-0.004999999999999999,0.7799972889620082,-0.7140269601700031,-0.10001487492514728,-0.9342336392261997,-0.3566605143815675,-0.0008859002464255565,0.7799838699834837,-0.7139990409494662,-0.1000152984702895,-0.9341975041689786,-0.35675515237860583,-0.0008856950767254136,3.0976634097796964e-05,0.030976634097796964,3.0979529539944564e-05,0.030979529539944563,-0.09405576662815433,0.30999953208141195,0.0,0.0,0.0,6.283185307179586,-0.004999999999999999,-0.09405576662815433,0.30999953208141195,0.0,0.0,0.0,6.283185307179586,-0.005000000000000002,-0.09405576662815433,0.30999953208141195,0.0,0.0,0.0,6.283185307179586,-0.005,-0.09405576662815433,0.30999953208141195,0.0,0.0,0.0,6.283185307179586,-0.005,-0.09405576662815433,0.30999953208141195,0.0,0.0,0.0,6.283185307179586,-0.005000000000000002,-0.09405576662815433,0.30999953208141195,0.0,0.0,0.0,6.283185307179586,-0.005000000000000001,-0.09405576662815433,0.30999953208141195,0.0,0.0,0.0,6.283185307179586,-0.005,-0.09405576662815433,0.30999953208141195,0.0,0.0,0.0,6.283185307179586,-0.005000000000000001,-0.09405576662815433,0.30999953208141195,0.0,0.0,0.0,6.283185307179586,-0.005,-0.09405576662815433,0.30999953208141195,0.0,0.0,0.0,6.283185307179586,-0.005000000000000001,-0.09405576662815433,0.30999953208141195,0.0,0.0,0.0,6.283185307179586,-0.005,-0.09405576662815433,0.30999953208141195,0.0,0.0,0.0,6.283185307179586,-0.005
31,solved,0,lti,1,23,23,23,34,-0.10405576662815433,0.31999953208141196,0.0,0.0,0.0,6.283185307179586,-0.005000000000000001,0.660476848026418,-0.6043272606701201,-0.1,0.00036712087120739536,0.09379139362799876,0.9955916775193279,-0.0005013559956938154,0.01862928322429322,0.7801063039690274,-0.7140483317753125,-0.10001531934524079,-0.9331793030591723,-0.35940996399447794,-0.0009306575553924852,2.924191061327092e-05,0.029241910613270923,2.9244201573854742e-05,0.029244201573854742,1,0.04898979485566357,0.0022478043728716484,,17,0.5016953420321709,0.003009858857491283,3.0098588574912832,0.000990141142508717,0.990141142508717,33.36827645728573,0.01,0.01,0.0001,0.17453292519943295,0.17453292519943295,0.5235987755982988,0.02,solved,0.04898979485566357,0.0022478043728716484,-0.10405576662815433,0.31999953208141196,0.0,0.0,0.0,6.283185307179586,-0.005000000000000001,0.7801063039690274,-0.7140483317753125,-0.10001531934524079,-0.9331793030591723,-0.35940996399447794,-0.0009306575553924852,0.7800942337125322,-0.7140216972442587,-0.10001568539083593,-0.9331461942626226,-0.3594959174463374,-0.000930307798486419,2.924191061327092e-05,0.029241910613270923,2.9244201573854742e-05,0.029244201573854742,-0.10405576662815433,0.31999953208141196,0.0,0.0,0.0,6.283185307179586,-0.005000000000000001,-0.10405576662815433,0.31999953208141196,0.0,0.0,0.0,6.283185307179586,-0.005,-0.10405576662815433,0.31999953208141196,0.0,0.0,0.0,6.283185307179586,-0.005000000000000001,-0.10405576662815433,0.31999953208141196,0.0,0.0,0.0,6.283185307179586,-0.005000000000000001,-0.10405576662815433,0.31999953208141196,0.0,0.0,0.0,6.283185307179586,-0.005,-0.10405576662815433,0.31999953208141196,0.0,0.0,0.0,6.283185307179586,-0.005000000000000001,-0.10405576662815433,0.31999953208141196,0.0,0.0,0.0,6.283185307179586,-0.005000000000000001,-0.10405576662815433,0.31999953208141196,0.0,0.0,0.0,6.283185307179586,-0.004999999999999998,-0.10405576662815433,0.31999953208141196,0.0,0.0,0.0,6.283185307179586,-0.005000000000000001,-0.10405576662815433,0.31999953208141196,0.0,0.0,0.0,6.283185307179586,-0.005,-0.10405576662815433,0.31999953208141196,0.0,0.0,0.0,6.283185307179586,-0.005,-0.10405576662815433,0.31999953208141196,0.0,0.0,0.0,6.283185307179586,-0.005
32,solved,0,lti,1,23,23,23,34,-0.11405576662815432,0.329999532081412,0.0,0.0,0.0,6.283185307179586,-0.004999999999999999,0.658195732693855,-0.5977272700284919,-0.1,0.0003978768454676045,0.15612003640777905,0.9877378944317492,-0.00047731497392703066,0.01852928322429322,0.780215192225368,-0.7140691670322379,-0.10001580615959989,-0.9321626047340159,-0.3620385609153858,-0.0009791556624882754,2.6932976059512374e-05,0.026932976059512375,2.6935996350921305e-05,0.026935996350921306,1,0.04898979485566357,0.002247569282008828,,17,0.3904815373982688,0.003007181672212331,3.0071816722123312,0.0009928183277876689,0.9928183277876689,33.53699439751295,0.01,0.01,0.0001,0.17453292519943295,0.17453292519943295,0.5235987755982988,0.02,solved,0.04898979485566357,0.002247569282008828,-0.11405576662815432,0.329999532081412,0.0,0.0,0.0,6.283185307179586,-0.004999999999999999,0.780215192225368,-0.7140691670322379,-0.10001580615959989,-0.9321626047340159,-0.3620385609153858,-0.0009791556624882754,0.7802047873954925,-0.7140443250372559,-0.10001620952047377,-0.9321321569419453,-0.3621169483736629,-0.0009786190793430018,2.6932976059512374e-05,0.026932976059512375,2.6935996350921305e-05,0.026935996350921306,-0.11405576662815432,0.329999532081412,0.0,0.0,0.0,6.283185307179586,-0.004999999999999999,-0.11405576662815432,0.329999532081412,0.0,0.0,0.0,6.283185307179586,-0.005,-0.11405576662815432,0.329999532081412,0.0,0.0,0.0,6.283185307179586,-0.004999999999999999,-0.11405576662815432,0.329999532081412,0.0,0.0,0.0,6.283185307179586,-0.005000000000000001,-0.11405576662815432,0.329999532081412,0.0,0.0,0.0,6.283185307179586,-0.005,-0.11405576662815432,0.329999532081412,0.0,0.0,0.0,6.283185307179586,-0.005000000000000003,-0.11405576662815432,0.329999532081412,0.0,0.0,0.0,6.283185307179586,-0.005,-0.11405576662815432,0.329999532081412,0.0,0.0,0.0,6.283185307179586,-0.005,-0.11405576662815432,0.329999532081412,0.0,0.0,0.0,6.283185307179586,-0.005,-0.11405576662815432,0.329999532081412,0.0,0.0,0.0,6.283185307179586,-0.005,-0.11405576662815432,0.329999532081412,0.0,0.0,0.0,6.283185307179586,-0.005000000000000001,-0.11405576662815432,0.329999532081412,0.0,0.0,0.0,6.283185307179586,-0.005
33,solved,0,lti,1,23,23,23,34,-0.12405576662815432,0.339999532081412,0.0,0.0,0.0,6.283185307179586,-0.004999999999999999,0.6557146173612919,-0.5909272793868636,-0.1,0.0004270625815913932,0.21783254472831798,0.9759859611293684,-0.0004513902080226249,0.01842928322429322,0.7803237384519982,-0.7140886475458228,-0.10001638102437531,-0.9311950687865168,-0.3645197822992725,-0.001035461329686284,2.476490302177175e-05,0.024764903021771752,2.4774073349576027e-05,0.02477407334957603,1,0.04898979485566357,0.0022473229147917367,,17,0.27950769649767465,0.0030040083306421277,3.0040083306421277,0.0009959916693578724,0.9959916693578724,33.69847581778808,0.01,0.01,0.0001,0.17453292519943295,0.17453292519943295,0.5235987755982988,0.02,solved,0.04898979485566357,0.0022473229147917367,-0.12405576662815432,0.339999532081412,0.0,0.0,0.0,6.283185307179586,-0.004999999999999999,0.7803237384519982,-0.7140886475458228,-0.10001638102437531,-0.9311950687865168,-0.3645197822992725,-0.001035461329686284,0.7803149312757435,-0.7140655016159841,-0.1000170550337613,-0.9311649127128848,-0.36459681135000793,-0.0010346428429190218,2.476490302177175e-05,0.024764903021771752,2.4774073349576027e-05,0.02477407334957603,-0.12405576662815432,0.339999532081412,0.0,0.0,0.0,6.283185307179586,-0.004999999999999999,-0.12405576662815432,0.339999532081412,0.0,0.0,0.0,6.283185307179586,-0.004999999999999999,-0.12405576662815432,0.339999532081412,0.0,0.0,0.0,6.283185307179586,-0.005,-0.12405576662815432,0.339999532081412,0.0,0.0,0.0,6.283185307179586,-0.004999999999999999,-0.12405576662815432,0.339999532081412,0.0,0.0,0.0,6.283185307179586,-0.005000000000000001,-0.12405576662815432,0.339999532081412,0.0,0.0,0.0,6.283185307179586,-0.005,-0.12405576662815432,0.339999532081412,0.0,0.0,0.0,6.283185307179586,-0.004999999999999999,-0.12405576662815432,0.339999532081412,0.0,0.0,0.0,6.283185307179586,-0.004999999999999999,-0.12405576662815432,0.339999532081412,0.0,0.0,0.0,6.283185307179586,-0.005000000000000001,-0.12405576662815432,0.339999532081412,0.0,0.0,0.0,6.283185307179586,-0.005000000000000001,-0.12405576662815432,0.339999532081412,0.0,0.0,0.0,6.283185307179586,-0.005,-0.12405576662815432,0.339999532081412,0.0,0.0,0.0,6.283185307179586,-0.005
34,solved,0,lti,1,23,23,23,34,-0.13405576662815433,0.349999532081412,0.0,0.0,0.0,6.283185307179586,-0.004999999999999998,0.6530335020287288,-0.5839272887452354,-0.1,0.0004545628968119754,0.27868536751303763,0.9603822571239823,-0.00042368401118772394,0.01832928322429322,0.7804000831904121,-0.7140012520058083,-0.100016906660817,-0.9337234175832081,-0.3579935675766183,-0.0010885910613827256,2.6603678966674137e-06,0.002660367896667414,2.6820109740020546e-06,0.0026820109740020547,1,0.048989794855663606,0.0022470652823754667,,17,0.1691613477492731,0.00299958635757261,2.9995863575726096,0.0010004136424273903,1.0004136424273902,33.85106660650955,0.01,0.01,0.0001,0.17453292519943295,0.17453292519943295,0.5235987755982988,0.02,solved,0.048989794855663606,0.0022470652823754667,-0.13405576662815433,0.349999532081412,0.0,0.0,0.0,6.283185307179586,-0.004999999999999998,0.7804000831904121,-0.7140012520058083,-0.100016906660817,-0.9337234175832081,-0.3579935675766183,-0.0010885910613827256,0.7803985454962501,-0.7139990810488742,-0.10001724669834294,-0.9330772888243457,-0.35967427433743326,-0.0010906236974503809,2.6603678966674137e-06,0.002660367896667414,2.6820109740020546e-06,0.0026820109740020547,-0.13405576662815433,0.349999532081412,0.0,0.0,0.0,6.283185307179586,-0.004999999999999998,-0.13405576662815433,0.349999532081412,0.0,0.0,0.0,6.283185307179586,-0.004999999999999998,-0.13405576662815433,0.349999532081412,0.0,0.0,0.0,6.283185307179586,-0.004999999999999999,-0.13405576662815433,0.349999532081412,0.0,0.0,0.0,6.283185307179586,-0.004999999999999997,-0.13405576662815433,0.349999532081412,0.0,0.0,0.0,6.283185307179586,-0.005,-0.13405576662815433,0.349999532081412,0.0,0.0,0.0,6.283185307179586,-0.004999999999999999,-0.13405576662815433,0.349999532081412,0.0,0.0,0.0,6.283185307179586,-0.005000000000000001,-0.13405576662815433,0.349999532081412,0.0,0.0,0.0,6.283185307179586,-0.005000000000000001,-0.13405576662815433,0.349999532081412,0.0,0.0,0.0,6.283185307179586,-0.005,-0.13405576662815433,0.349999532081412,0.0,0.0,0.0,6.283185307179586,-0.004999999999999998,-0.13405576662815433,0.349999532081412,0.0,0.0,0.0,6.283185307179586,-0.005,-0.13405576662815433,0.349999532081412,0.0,0.0,0.0,6.283185307179586,-0.005
35,solved,0,lti,1,23,23,23,34,-0.14405576662815434,0.359999532081412,0.0,0.0,0.0,5.759586531581287,-0.005000000000000002,0.6501523866961657,-0.5767272981036071,-0.1,0.0004781981060109504,0.3335067262072891,0.94274751521228,-0.00039681499455256704,0.018229283224293222,0.780353936805079,-0.7134671695342516,-0.10001649978248889,-0.9496492088639216,-0.3133133392937985,-0.0010637314965535817,9.856583315786287e-06,0.009856583315786286,9.858477341405294e-06,0.009858477341405294,1,1.8144608382923164,0.08321578167306426,,17,0.11341622340508878,0.002897765893915754,2.897765893915754,0.001102234106084246,1.102234106084246,33.45006210480963,0.01,0.01,0.0001,0.17453292519943295,0.17453292519943295,0.5235987755982988,0.02,solved,1.8144608382923164,0.08321578167306426,-0.14405576662815434,0.359999532081412,0.0,0.0,0.0,5.759586531581287,-0.005000000000000002,0.780353936805079,-0.7134671695342516,-0.10001649978248889,-0.9496492088639216,-0.3133133392937985,-0.0010637314965535817,0.7803507452391917,-0.7134578439703626,-0.10001669302024391,-0.949328105078584,-0.314284912370371,-0.0010690015215800708,9.856583315786287e-06,0.009856583315786286,9.858477341405294e-06,0.009858477341405294,-0.14405576662815434,0.359999532081412,0.0,0.0,0.0,5.759586531581287,-0.005000000000000002,-0.14405576662815434,0.359999532081412,0.0,0.0,0.0,5.759586531581287,-0.005,-0.14405576662815434,0.359999532081412,0.0,0.0,0.0,5.759586531581287,-0.004999999999999999,-0.14405576662815434,0.359999532081412,0.0,0.0,0.0,5.759586531581287,-0.004999999999999998,-0.14405576662815434,0.359999532081412,0.0,0.0,0.0,5.759586531581287,-0.005,-0.14405576662815434,0.359999532081412,0.0,0.0,0.0,5.759586531581287,-0.004999999999999996,-0.14405576662815434,0.359999532081412,0.0,0.0,0.0,5.759586531581287,-0.005,-0.14405576662815434,0.359999532081412,0.0,0.0,0.0,5.759586531581287,-0.004999999999999999,-0.14405576662815434,0.359999532081412,0.0,0.0,0.0,5.759586531581287,-0.005,-0.14405576662815434,0.359999532081412,0.0,0.0,0.0,5.759586531581287,-0.005000000000000002,-0.14405576662815434,0.359999532081412,0.0,0.0,0.0,5.759586531581287,-0.004999999999999999,-0.14405576662815434,0.359999532081412,0.0,0.0,0.0,5.759586531581287,-0.005
36,solved,0,lti,1,23,23,23,34,-0.15405576662815434,0.369999532081412,0.0,0.0,0.0,5.235987755982988,-0.004999999999999999,0.6470712713636027,-0.5693273074619789,-0.1,0.0004983104443176809,0.38238925953420005,0.9240011190779576,-0.0003712442182420211,0.018129283224293222,0.7803348324888706,-0.712961956133827,-0.10001599684487629,-0.9627510027011996,-0.2703875873578576,-0.0010292718938520922,1.7666115792336555e-05,0.017666115792336554,1.766620449622697e-05,0.01766620449622697,1,1.8144608382923164,0.09073681625292399,,17,0.2740499792050502,0.002386255752087238,2.386255752087238,0.0016137442479127622,1.6137442479127622,30.73205743657079,0.01,0.01,0.0001,0.17453292519943295,0.17453292519943295,0.5235987755982988,0.02,solved,1.8144608382923164,0.09073681625292399,-0.15405576662815434,0.369999532081412,0.0,0.0,0.0,5.235987755982988,-0.004999999999999999,0.7803348324888706,-0.712961956133827,-0.10001599684487629,-0.9627510027011996,-0.2703875873578576,-0.0010292718938520922,0.7803302428259269,-0.7129448966308667,-0.10001605282803686,-0.9626164437476281,-0.2708662292552067,-0.0010334774962799263,1.7666115792336555e-05,0.017666115792336554,1.766620449622697e-05,0.01766620449622697,-0.15405576662815434,0.369999532081412,0.0,0.0,0.0,5.235987755982988,-0.004999999999999999,-0.15405576662815434,0.369999532081412,0.0,0.0,0.0,5.235987755982988,-0.005,-0.15405576662815434,0.369999532081412,0.0,0.0,0.0,5.235987755982988,-0.005000000000000001,-0.15405576662815434,0.369999532081412,0.0,0.0,0.0,5.235987755982988,-0.0049999999999999975,-0.15405576662815434,0.369999532081412,0.0,0.0,0.0,5.235987755982988,-0.004999999999999999,-0.15405576662815434,0.369999532081412,0.0,0.0,0.0,5.235987755982988,-0.004999999999999998,-0.15405576662815434,0.369999532081412,0.0,0.0,0.0,5.235987755982988,-0.005000000000000001,-0.15405576662815434,0.369999532081412,0.0,0.0,0.0,5.235987755982988,-0.005,-0.15405576662815434,0.369999532081412,0.0,0.0,0.0,5.235987755982988,-0.004999999999999999,-0.15405576662815434,0.369999532081412,0.0,0.0,0.0,5.235987755982988,-0.004999999999999998,-0.15405576662815434,0.369999532081412,0.0,0.0,0.0,5.235987755982988,-0.005000000000000002,-0.15405576662815434,0.369999532081412,0.0,0.0,0.0,5.235987755982988,-0.005
37,solved,0,lti,1,23,23,23,34,-0.16405576662815435,0.379999532081412,0.0,0.0,0.0,4.712388980384689,-0.005000000000000001,0.6437901560310396,-0.5617273168203507,-0.1,0.0005152452548845897,0.42549117281441784,0.9049623614943568,-0.0003473584543567758,0.018029283224293223,0.7803428559813254,-0.7125043068085128,-0.10001545454104323,-0.9729479794216529,-0.23102218261896204,-0.0009901905342607994,2.174382530859608e-05,0.02174382530859608,2.1744009058540475e-05,0.021744009058540476,1,1.8144608382923164,0.09974463935543773,,17,0.4019987988165772,0.001897092684441421,1.897092684441421,0.002102907315558579,2.102907315558579,28.160366208486025,0.01,0.01,0.0001,0.17453292519943295,0.17453292519943295,0.5235987755982988,0.02,solved,1.8144608382923164,0.09974463935543773,-0.16405576662815435,0.379999532081412,0.0,0.0,0.0,4.712388980384689,-0.005000000000000001,0.7803428559813254,-0.7125043068085128,-0.10001545454104323,-0.9729479794216529,-0.23102218261896204,-0.0009901905342607994,0.7803381402740008,-0.7124830805030529,-0.10001536514928104,-0.9729232202567578,-0.23112641672661685,-0.0009934668260676788,2.174382530859608e-05,0.02174382530859608,2.1744009058540475e-05,0.021744009058540476,-0.16405576662815435,0.379999532081412,0.0,0.0,0.0,4.712388980384689,-0.005000000000000001,-0.16405576662815435,0.379999532081412,0.0,0.0,0.0,4.712388980384689,-0.005000000000000001,-0.16405576662815435,0.379999532081412,0.0,0.0,0.0,4.712388980384689,-0.0049999999999999975,-0.16405576662815435,0.379999532081412,0.0,0.0,0.0,4.712388980384689,-0.005,-0.16405576662815435,0.379999532081412,0.0,0.0,0.0,4.712388980384689,-0.004999999999999999,-0.16405576662815435,0.379999532081412,0.0,0.0,0.0,4.712388980384689,-0.004999999999999999,-0.16405576662815435,0.379999532081412,0.0,0.0,0.0,4.712388980384689,-0.005000000000000001,-0.16405576662815435,0.379999532081412,0.0,0.0,0.0,4.712388980384689,-0.005,-0.16405576662815435,0.379999532081412,0.0,0.0,0.0,4.712388980384689,-0.004999999999999999,-0.16405576662815435,0.379999532081412,0.0,0.0,0.0,4.712388980384689,-0.004999999999999998,-0.16405576662815435,0.379999532081412,0.0,0.0,0.0,4.712388980384689,-0.005,-0.16405576662815435,0.379999532081412,0.0,0.0,0.0,4.712388980384689,-0.004999999999999998
38,solved,0,lti,1,23,23,23,34,-0.17405576662815436,0.389999532081412,0.0,0.0,0.0,4.18879020478639,-0.005000000000000001,0.6403090406984765,-0.5539273261787224,-0.1,0.0005293391596098532,0.46301383525232,0.8863508347315803,-0.0003254775300965467,0.017929283224293224,0.7803746324270947,-0.7121035222601643,-0.10001491377235254,-0.9805617151537352,-0.19620861295357472,-0.0009502513347669907,2.3941913485636387e-05,0.023941913485636387,2.3942210542366126e-05,0.023942210542366126,1,1.8144608382923164,0.11072529291641031,,17,0.4931354577943394,0.001448512040624683,1.448512040624683,0.002551487959375317,2.551487959375317,25.830292157035416,0.01,0.01,0.0001,0.17453292519943295,0.17453292519943295,0.5235987755982988,0.02,solved,1.8144608382923164,0.11072529291641031,-0.17405576662815436,0.389999532081412,0.0,0.0,0.0,4.18879020478639,-0.005000000000000001,0.7803746324270947,-0.7121035222601643,-0.10001491377235254,-0.9805617151537352,-0.19620861295357472,-0.0009502513347669907,0.780370278761673,-0.7120799795156609,-0.1000147945066773,-0.9805936268046365,-0.19604905345450818,-0.0009527380125264673,2.3941913485636387e-05,0.023941913485636387,2.3942210542366126e-05,0.023942210542366126,-0.17405576662815436,0.389999532081412,0.0,0.0,0.0,4.18879020478639,-0.005000000000000001,-0.17405576662815436,0.389999532081412,0.0,0.0,0.0,4.18879020478639,-0.005000000000000001,-0.17405576662815436,0.389999532081412,0.0,0.0,0.0,4.18879020478639,-0.005,-0.17405576662815436,0.389999532081412,0.0,0.0,0.0,4.18879020478639,-0.005000000000000003,-0.17405576662815436,0.389999532081412,0.0,0.0,0.0,4.18879020478639,-0.005,-0.17405576662815436,0.389999532081412,0.0,0.0,0.0,4.18879020478639,-0.005000000000000003,-0.17405576662815436,0.389999532081412,0.0,0.0,0.0,4.18879020478639,-0.005,-0.17405576662815436,0.389999532081412,0.0,0.0,0.0,4.18879020478639,-0.005000000000000001,-0.17405576662815436,0.389999532081412,0.0,0.0,0.0,4.18879020478639,-0.005,-0.17405576662815436,0.389999532081412,0.0,0.0,0.0,4.18879020478639,-0.005,-0.17405576662815436,0.389999532081412,0.0,0.0,0.0,4.18879020478639,-0.005000000000000001,-0.17405576662815436,0.389999532081412,0.0,0.0,0.0,4.18879020478639,-0.004999999999999999
39,solved,0,lti,1,23,23,23,34,-0.18405576662815437,0.39999953208141203,0.0,0.0,0.0,3.665191429188091,0.015000000000000001,0.6366279253659134,-0.5459273355370942,-0.1,0.0005409103559404458,0.49518205407971333,0.8687890118905899,-0.0003058619873907095,0.018229283224293225,0.7800427148349851,-0.7119080482084121,-0.10001489203120974,-0.9844504311384854,-0.17566015416065164,-0.0009267532067004945,5.243739685591449e-06,0.00524373968559145,5.245457695885997e-06,0.005245457695885997,1,1.8145710605254484,0.1244081377699456,,17,0.5487482279092921,0.0010503240458527943,1.0503240458527943,0.002949675954147206,2.9496759541472057,23.788367316986708,0.01,0.01,0.0001,0.17453292519943295,0.17453292519943295,0.5235987755982988,0.02,solved,1.8145710605254484,0.1244081377699456,-0.18405576662815437,0.39999953208141203,0.0,0.0,0.0,3.665191429188091,0.015000000000000001,0.7800427148349851,-0.7119080482084121,-0.10001489203120974,-0.9844504311384854,-0.17566015416065164,-0.0009267532067004945,0.7800441227022689,-0.7119029969990914,-0.10001475779057102,-0.9861365080384605,-0.1659335784013825,-0.0009138230810733612,5.243739685591449e-06,0.00524373968559145,5.245457695885997e-06,0.005245457695885997,-0.18405576662815437,0.39999953208141203,0.0,0.0,0.0,3.665191429188091,0.015000000000000001,-0.18405576662815437,0.39999953208141203,0.0,0.0,0.0,3.665191429188091,-0.004999999999999998,-0.18405576662815437,0.39999953208141203,0.0,0.0,0.0,3.665191429188091,-0.004999999999999999,-0.18405576662815437,0.39999953208141203,0.0,0.0,0.0,3.665191429188091,-0.005,-0.18405576662815437,0.39999953208141203,0.0,0.0,0.0,3.665191429188091,-0.005,-0.18405576662815437,0.39999953208141203,0.0,0.0,0.0,3.665191429188091,-0.005,-0.18405576662815437,0.39999953208141203,0.0,0.0,0.0,3.665191429188091,-0.005000000000000002,-0.18405576662815437,0.39999953208141203,0.0,0.0,0.0,3.665191429188091,-0.005,-0.18405576662815437,0.39999953208141203,0.0,0.0,0.0,3.665191429188091,-0.0049999999999999975,-0.18405576662815437,0.39999953208141203,0.0,0.0,0.0,3.665191429188091,-0.005,-0.18405576662815437,0.39999953208141203,0.0,0.0,0.0,3.665191429188091,-0.005,-0.18405576662815437,0.39999953208141203,0.0,0.0,0.0,3.665191429188091,-0.004999999999999998
40,solved,0,lti,1,23,23,23,34,-0.19405576662815438,0.40999953208141204,0.0,0.0,0.0,3.1415926535897922,0.015000000000000003,0.6327468100333503,-0.5377273448954659,-0.1,0.0005502508065293257,0.5222270339702724,0.8528062727577956,-0.0002887206580902049,0.018529283224293227,0.779716827373344,-0.7117303016741333,-0.10001486170611326,-0.9875509325732957,-0.1572969800405427,-0.0009031299679944866,7.761888073704152e-06,0.007761888073704152,7.76193556639984e-06,0.0077619355663998395,1,1.8145718600509955,0.14189757887956556,,17,0.9155656176943151,0.0009311510313351446,0.9311510313351447,0.0030688489686648557,3.068848968664856,22.590107718738636,0.01,0.01,0.0001,0.17453292519943295,0.17453292519943295,0.5235987755982988,0.02,solved,1.8145718600509955,0.14189757887956556,-0.19405576662815438,0.40999953208141204,0.0,0.0,0.0,3.1415926535897922,0.015000000000000003,0.779716827373344,-0.7117303016741333,-0.10001486170611326,-0.9875509325732957,-0.1572969800405427,-0.0009031299679944866,0.7797175170060151,-0.7117225704832,-0.10001488885879696,-0.9888992880781756,-0.1485846686625472,-0.0008912221488448932,7.761888073704152e-06,0.007761888073704152,7.76193556639984e-06,0.0077619355663998395,-0.19405576662815438,0.40999953208141204,0.0,0.0,0.0,3.1415926535897922,0.015000000000000003,-0.19405576662815438,0.40999953208141204,0.0,0.0,0.0,3.1415926535897922,-0.0032965938597346823,-0.19405576662815438,0.40999953208141204,0.0,0.0,0.0,3.1415926535897922,-0.004999999999999998,-0.19405576662815438,0.40999953208141204,0.0,0.0,0.0,3.1415926535897922,-0.004999999999999999,-0.19405576662815438,0.40999953208141204,0.0,0.0,0.0,3.1415926535897922,-0.004999999999999999,-0.19405576662815438,0.40999953208141204,0.0,0.0,0.0,3.1415926535897922,-0.004999999999999999,-0.19405576662815438,0.40999953208141204,0.0,0.0,0.0,3.1415926535897922,-0.005,-0.19405576662815438,0.40999953208141204,0.0,0.0,0.0,3.1415926535897922,-0.005,-0.19405576662815438,0.40999953208141204,0.0,0.0,0.0,3.1415926535897922,-0.004999999999999999,-0.19405576662815438,0.40999953208141204,0.0,0.0,0.0,3.1415926535897922,-0.005,-0.19405576662815438,0.40999953208141204,0.0,0.0,0.0,3.1415926535897922,-0.005,-0.19405576662815438,0.40999953208141204,0.0,0.0,0.0,3.1415926535897922,-0.005000000000000001
41,solved,0,lti,1,23,23,23,34,-0.2040557666281544,0.41999953208141205,0.0,0.0,0.0,2.6179938779914935,0.016703406140265317,0.6286656947007873,-0.5293273542538377,-0.1,0.000557620075062991,0.5443719455272527,0.8388437272742196,-0.000274217833812753,0.018863351347098534,0.779363180772568,-0.7115828244140312,-0.100014872302887,-0.9898877497007518,-0.1418501540559014,-0.0008813550356062825,1.0399640452851295e-05,0.010399640452851295,1.0399656968453093e-05,0.010399656968453094,1,1.814574288699689,0.16502635006743174,,18,0.11208316993161584,0.0008643976577784868,0.8643976577784868,0.003135602342221513,3.1356023422215134,32.354155704338744,0.01,0.01,0.0001,0.17453292519943295,0.17453292519943295,0.5235987755982988,0.02,solved,1.814574288699689,0.16502635006743174,-0.2040557666281544,0.41999953208141205,0.0,0.0,0.0,2.6179938779914935,0.016703406140265317,0.779363180772568,-0.7115828244140312,-0.100014872302887,-0.9898877497007518,-0.1418501540559014,-0.0008813550356062825,0.7793632478236705,-0.7115724249897347,-0.10001489083698838,-0.9909764267973475,-0.1340334428816066,-0.0008704718631079515,1.0399640452851295e-05,0.010399640452851295,1.0399656968453093e-05,0.010399656968453094,-0.2040557666281544,0.41999953208141205,0.0,0.0,0.0,2.6179938779914935,0.016703406140265317,-0.2040557666281544,0.41999953208141205,0.0,0.0,0.0,2.6179938779914935,-0.0015772067647408525,-0.2040557666281544,0.41999953208141205,0.0,0.0,0.0,2.6179938779914935,-0.004999999999999999,-0.2040557666281544,0.41999953208141205,0.0,0.0,0.0,2.6179938779914935,-0.005000000000000002,-0.2040557666281544,0.41999953208141205,0.0,0.0,0.0,2.6179938779914935,-0.004999999999999999,-0.2040557666281544,0.41999953208141205,0.0,0.0,0.0,2.6179938779914935,-0.005000000000000002,-0.2040557666281544,0.41999953208141205,0.0,0.0,0.0,2.6179938779914935,-0.005000000000000001,-0.2040557666281544,0.41999953208141205,0.0,0.0,0.0,2.6179938779914935,-0.005000000000000001,-0.2040557666281544,0.41999953208141205,0.0,0.0,0.0,2.6179938779914935,-0.005,-0.2040557666281544,0.41999953208141205,0.0,0.0,0.0,2.6179938779914935,-0.005000000000000003,-0.2040557666281544,0.41999953208141205,0.0,0.0,0.0,2.6179938779914935,-0.005000000000000001,-0.2040557666281544,0.41999953208141205,0.0,0.0,0.0,2.6179938779914935,-0.005
42,solved,0,lti,1,23,23,23,34,-0.2140557666281544,0.42999953208141206,0.0,0.0,0.0,2.094395102393195,0.01842279323525915,0.6243845793682242,-0.5207273636122095,-0.1,0.0005632405647809831,0.561819973316865,0.8272592891268545,-0.0002624797795629476,0.019231807211803717,0.778980054817302,-0.7114632703038336,-0.10001492657692061,-0.9916367440139005,-0.12905745004449598,-0.0008616899225161808,1.2491205838381002e-05,0.012491205838381002,1.2491217216506764e-05,0.012491217216506765,1,1.8145711043422768,0.1969761622276761,,18,0.4960884185038917,0.0008688576797571947,0.8688576797571946,0.0031311423202428053,3.1311423202428053,31.45903818402735,0.01,0.01,0.0001,0.17453292519943295,0.17453292519943295,0.5235987755982988,0.02,solved,1.8145711043422768,0.1969761622276761,-0.2140557666281544,0.42999953208141206,0.0,0.0,0.0,2.094395102393195,0.01842279323525915,0.778980054817302,-0.7114632703038336,-0.10001492657692061,-0.9916367440139005,-0.12905745004449598,-0.0008616899225161808,0.7789797010895939,-0.711450784107455,-0.10001494343672937,-0.9925275521332882,-0.12201775572952214,-0.0008517881386849338,1.2491205838381002e-05,0.012491205838381002,1.2491217216506764e-05,0.012491217216506765,-0.2140557666281544,0.42999953208141206,0.0,0.0,0.0,2.094395102393195,0.01842279323525915,-0.2140557666281544,0.42999953208141206,0.0,0.0,0.0,2.094395102393195,-0.004601230016634094,-0.2140557666281544,0.42999953208141206,0.0,0.0,0.0,2.094395102393195,-0.005,-0.2140557666281544,0.42999953208141206,0.0,0.0,0.0,2.094395102393195,-0.005000000000000002,-0.2140557666281544,0.42999953208141206,0.0,0.0,0.0,2.094395102393195,-0.005000000000000001,-0.2140557666281544,0.42999953208141206,0.0,0.0,0.0,2.094395102393195,-0.005000000000000001,-0.2140557666281544,0.42999953208141206,0.0,0.0,0.0,2.094395102393195,-0.005000000000000003,-0.2140557666281544,0.42999953208141206,0.0,0.0,0.0,2.094395102393195,-0.005000000000000002,-0.2140557666281544,0.42999953208141206,0.0,0.0,0.0,2.094395102393195,-0.004999999999999998,-0.2140557666281544,0.42999953208141206,0.0,0.0,0.0,2.094395102393195,-0.005000000000000001,-0.2140557666281544,0.42999953208141206,0.0,0.0,0.0,2.094395102393195,-0.004999999999999998,-0.2140557666281544,0.42999953208141206,0.0,0.0,0.0,2.094395102393195,-0.005
43,solved,0,lti,1,23,23,23,34,-0.2240557666281544,0.43999953208141207,0.0,0.0,0.0,1.5707963267948961,0.015398769983365902,0.6199034640356611,-0.5119273729705812,-0.1,0.0005672939323758099,0.57474468713447,0.8183325476083251,-0.00025360039981002464,0.019539782611471036,0.7786592690518073,-0.7113451930327395,-0.1000149238626973,-0.9931055871200275,-0.11722023785413148,-0.0008418244511784104,1.2713656296611996e-05,0.012713656296611996,1.2713686518300977e-05,0.012713686518300977,1,1.8145710605254484,0.2437767978225279,,18,0.8961575755060613,0.0009106251818138198,0.9106251818138198,0.00308937481818618,3.08937481818618,30.719246331624078,0.01,0.01,0.0001,0.17453292519943295,0.17453292519943295,0.5235987755982988,0.02,solved,1.8145710605254484,0.2437767978225279,-0.2240557666281544,0.43999953208141207,0.0,0.0,0.0,1.5707963267948961,0.015398769983365902,0.7786592690518073,-0.7113451930327395,-0.1000149238626973,-0.9931055871200275,-0.11722023785413148,-0.0008418244511784104,0.7786588465896083,-0.7113324863973816,-0.10001495158375871,-0.9938315526076366,-0.11089703029896623,-0.0008328939696008369,1.2713656296611996e-05,0.012713656296611996,1.2713686518300977e-05,0.012713686518300977,-0.2240557666281544,0.43999953208141207,0.0,0.0,0.0,1.5707963267948961,0.015398769983365902,-0.2240557666281544,0.43999953208141207,0.0,0.0,0.0,1.5707963267948961,-0.005,-0.2240557666281544,0.43999953208141207,0.0,0.0,0.0,1.5707963267948961,-0.005000000000000001,-0.2240557666281544,0.43999953208141207,0.0,0.0,0.0,1.5707963267948961,-0.005000000000000002,-0.2240557666281544,0.43999953208141207,0.0,0.0,0.0,1.5707963267948961,-0.005,-0.2240557666281544,0.43999953208141207,0.0,0.0,0.0,1.5707963267948961,-0.005000000000000001,-0.2240557666281544,0.43999953208141207,0.0,0.0,0.0,1.5707963267948961,-0.004999999999999998,-0.2240557666281544,0.43999953208141207,0.0,0.0,0.0,1.5707963267948961,-0.004999999999999998,-0.2240557666281544,0.43999953208141207,0.0,0.0,0.0,1.5707963267948961,-0.0049999999999999975,-0.2240557666281544,0.43999953208141207,0.0,0.0,0.0,1.5707963267948961,-0.004999999999999999,-0.2240557666281544,0.43999953208141207,0.0,0.0,0.0,1.5707963267948961,-0.005,-0.2240557666281544,0.43999953208141207,0.0,0.0,0.0,1.5707963267948961,-0.005
44,solved,0,lti,1,23,23,23,34,-0.23405576662815442,0.4499995320814121,0.0,0.0,0.0,1.0471975511965974,0.011953780741303892,0.615222348703098,-0.502927382328953,-0.1,0.0005699184759281609,0.5832825752924579,0.8122690756298863,-0.0002476459151489011,0.019778858226297113,0.7784091532768718,-0.7112301304332654,-0.10001486541896351,-0.9943273213708709,-0.10636024604710899,-0.0008222142221443326,1.4447596098040824e-05,0.014447596098040824,1.4447644023772002e-05,0.014447644023772003,1,1.8145400420982378,0.31812149809953943,,19,0.02897514435514391,0.0009585811688847711,0.9585811688847711,0.003041418831115229,3.041418831115229,42.661259162601205,0.01,0.01,0.0001,0.17453292519943295,0.17453292519943295,0.5235987755982988,0.02,solved,1.8145400420982378,0.31812149809953943,-0.23405576662815442,0.4499995320814121,0.0,0.0,0.0,1.0471975511965974,0.011953780741303892,0.7784091532768718,-0.7112301304332654,-0.10001486541896351,-0.9943273213708709,-0.10636024604710899,-0.0008222142221443326,0.7784084198109621,-0.7112157014672328,-0.10001490263220726,-0.9948391827354959,-0.10146100437765367,-0.0008155273437901956,1.4447596098040824e-05,0.014447596098040824,1.4447644023772002e-05,0.014447644023772003,-0.23405576662815442,0.4499995320814121,0.0,0.0,0.0,1.0471975511965974,0.011953780741303892,-0.23405576662815442,0.4499995320814121,0.0,0.0,0.0,1.0471975511965974,-0.005000000000000001,-0.23405576662815442,0.4499995320814121,0.0,0.0,0.0,1.0471975511965974,-0.004999999999999999,-0.23405576662815442,0.4499995320814121,0.0,0.0,0.0,1.0471975511965974,-0.005000000000000001,-0.23405576662815442,0.4499995320814121,0.0,0.0,0.0,1.0471975511965974,-0.004999999999999999,-0.23405576662815442,0.4499995320814121,0.0,0.0,0.0,1.0471975511965974,-0.004999999999999999,-0.23405576662815442,0.4499995320814121,0.0,0.0,0.0,1.0471975511965974,-0.005,-0.23405576662815442,0.4499995320814121,0.0,0.0,0.0,1.0471975511965974,-0.005,-0.23405576662815442,0.4499995320814121,0.0,0.0,0.0,1.0471975511965974,-0.005,-0.23405576662815442,0.4499995320814121,0.0,0.0,0.0,1.0471975511965974,-0.005000000000000002,-0.23405576662815442,0.4499995320814121,0.0,0.0,0.0,1.0471975511965974,-0.005000000000000001,-0.23405576662815442,0.4499995320814121,0.0,0.0,0.0,1.0471975511965974,-0.004999999999999998
45,solved,0,lti,1,23,23,23,34,-0.24405576662815442,0.4599995320814121,0.0,0.0,0.0,0.5235987755982986,0.009763786136160791,0.6103412333705349,-0.4937273916873247,-0.1,0.0005712073286814245,0.5875275913006142,0.8092038947786462,-0.0002446584479531529,0.01997413394902033,0.7782048752663847,-0.7111255388116859,-0.10001478415704572,-0.99530180693586,-0.09681769976986969,-0.0008038168221126793,1.5047615544885433e-05,0.015047615544885434,1.5047630562376997e-05,0.015047630562376997,1,1.814520901802326,0.45016667735220556,,19,0.2997602944348676,0.001012175172953257,1.012175172953257,0.0029878248270467428,2.987824827046743,42.035099305499784,0.01,0.01,0.0001,0.17453292519943295,0.17453292519943295,0.5235987755982988,0.02,solved,1.814520901802326,0.45016667735220556,-0.24405576662815442,0.4599995320814121,0.0,0.0,0.0,0.5235987755982986,0.009763786136160791,0.7782048752663847,-0.7111255388116859,-0.10001478415704572,-0.99530180693586,-0.09681769976986969,-0.0008038168221126793,0.7782040287089003,-0.7111105150280742,-0.10001480541628147,-0.9956738326458437,-0.09291383685330834,-0.0007986898855226178,1.5047615544885433e-05,0.015047615544885434,1.5047630562376997e-05,0.015047630562376997,-0.24405576662815442,0.4599995320814121,0.0,0.0,0.0,0.5235987755982986,0.009763786136160791,-0.24405576662815442,0.4599995320814121,0.0,0.0,0.0,0.5235987755982986,-0.004999999999999998,-0.24405576662815442,0.4599995320814121,0.0,0.0,0.0,0.5235987755982986,-0.005000000000000003,-0.24405576662815442,0.4599995320814121,0.0,0.0,0.0,0.5235987755982986,-0.004999999999999999,-0.24405576662815442,0.4599995320814121,0.0,0.0,0.0,0.5235987755982986,-0.005,-0.24405576662815442,0.4599995320814121,0.0,0.0,0.0,0.5235987755982986,-0.005000000000000001,-0.24405576662815442,0.4599995320814121,0.0,0.0,0.0,0.5235987755982986,-0.004999999999999999,-0.24405576662815442,0.4599995320814121,0.0,0.0,0.0,0.5235987755982986,-0.005000000000000002,-0.24405576662815442,0.4599995320814121,0.0,0.0,0.0,0.5235987755982986,-0.005000000000000002,-0.24405576662815442,0.4599995320814121,0.0,0.0,0.0,0.5235987755982986,-0.005000000000000002,-0.24405576662815442,0.4599995320814121,0.0,0.0,0.0,0.5235987755982986,-0.005000000000000002,-0.24405576662815442,0.4599995320814121,0.0,0.0,0.0,0.5235987755982986,-0.005000000000000001
46,solved,0,lti,1,23,23,23,34,-0.25405576662815443,0.4699995320814121,0.0,0.0,0.0,-2.220446051382629e-16,0.008372877651142032,0.6052601180379719,-0.4843274010456965,-0.1,0.0005712073286814245,0.5875275913006142,0.8092038947786462,-0.0002446584479531529,0.02014159150204317,0.7780302651074967,-0.7110339135659419,-0.1000146983406222,-0.9960647865175365,-0.08862461094667974,-0.000787016088768069,1.467974364906193e-05,0.014679743649061931,1.4679747779127847e-05,0.014679747779127847,1,1.8145101177874774,0.7093061325841108,,19,0.5271661381068663,0.0010473509710966825,1.0473509710966824,0.0029526490289033176,2.9526490289033176,41.48550613463404,0.01,0.01,0.0001,0.17453292519943295,0.17453292519943295,0.5235987755982988,0.02,solved,1.8145101177874774,0.7093061325841108,-0.25405576662815443,0.4699995320814121,0.0,0.0,0.0,-2.220446051382629e-16,0.008372877651142032,0.7780302651074967,-0.7110339135659419,-0.1000146983406222,-0.9960647865175365,-0.08862461094667974,-0.000787016088768069,0.7780294383656715,-0.7110192571212313,-0.10001470935228124,-0.996346976075924,-0.08539373679531358,-0.0007829307087389034,1.467974364906193e-05,0.014679743649061931,1.4679747779127847e-05,0.014679747779127847,-0.25405576662815443,0.4699995320814121,0.0,0.0,0.0,-2.220446051382629e-16,0.008372877651142032,-0.25405576662815443,0.4699995320814121,0.0,0.0,0.0,-2.2204457041689122e-16,-0.005000000000000001,-0.25405576662815443,0.4699995320814121,0.0,0.0,0.0,-2.2204457039178668e-16,-0.005,-0.25405576662815443,0.4699995320814121,0.0,0.0,0.0,-2.2204457036858712e-16,-0.004999999999999999,-0.25405576662815443,0.4699995320814121,0.0,0.0,0.0,-2.220445634079799e-16,-0.004999999999999999,-0.25405576662815443,0.4699995320814121,0.0,0.0,0.0,-2.2204455644931724e-16,-0.004999999999999999,-0.25405576662815443,0.4699995320814121,0.0,0.0,0.0,-2.2204457724768633e-16,-0.005,-0.25405576662815443,0.4699995320814121,0.0,0.0,0.0,-2.220446119250746e-16,-0.004999999999999998,-0.25405576662815443,0.4699995320814121,0.0,0.0,0.0,-2.220446153785659e-16,-0.004999999999999999,-0.25405576662815443,0.4699995320814121,0.0,0.0,0.0,-2.2204459454779684e-16,-0.005000000000000001,-0.25405576662815443,0.4699995320814121,0.0,0.0,0.0,-2.2204460494394287e-16,-0.005000000000000002,-0.25405576662815443,0.4699995320814121,0.0,0.0,0.0,-2.2204461013771713e-16,-0.005
47,solved,0,lti,1,23,23,23,34,-0.26405576662815444,0.4799995320814121,0.0,0.0,0.0,-0.523598775598299,0.0071590187358542955,0.5999790027054088,-0.47472741040406824,-0.1,0.000569918475928161,0.5832825752924579,0.8122690756298862,-0.0002476459151489011,0.020284771876760258,0.7778813866518075,-0.7109539756443336,-0.10001461124098898,-0.9966650117108451,-0.08159815442249553,-0.0007717682704328634,1.3836803842712384e-05,0.013836803842712384,1.3836807389136899e-05,0.0138368073891369,1,1.8145015776882287,0.9803639475455825,,19,0.722853647782643,0.0010756174753217892,1.075617475321789,0.002924382524678211,2.924382524678211,41.014044349034855,0.01,0.01,0.0001,0.17453292519943295,0.17453292519943295,0.5235987755982988,0.02,solved,1.8145015776882287,0.9803639475455825,-0.26405576662815444,0.4799995320814121,0.0,0.0,0.0,-0.523598775598299,0.0071590187358542955,0.7778813866518075,-0.7109539756443336,-0.10001461124098898,-0.9966650117108451,-0.08159815442249553,-0.0007717682704328634,0.7778806285444952,-0.7109401596241438,-0.10001462114767225,-0.9968815680823586,-0.07890848242190322,-0.0007685177486936318,1.3836803842712384e-05,0.013836803842712384,1.3836807389136899e-05,0.0138368073891369,-0.26405576662815444,0.4799995320814121,0.0,0.0,0.0,-0.523598775598299,0.0071590187358542955,-0.26405576662815444,0.4799995320814121,0.0,0.0,0.0,-0.523598775598299,-0.005,-0.26405576662815444,0.4799995320814121,0.0,0.0,0.0,-0.523598775598299,-0.0049999999999999975,-0.26405576662815444,0.4799995320814121,0.0,0.0,0.0,-0.523598775598299,-0.005,-0.26405576662815444,0.4799995320814121,0.0,0.0,0.0,-0.523598775598299,-0.004999999999999998,-0.26405576662815444,0.4799995320814121,0.0,0.0,0.0,-0.523598775598299,-0.005000000000000002,-0.26405576662815444,0.4799995320814121,0.0,0.0,0.0,-0.523598775598299,-0.005,-0.26405576662815444,0.4799995320814121,0.0,0.0,0.0,-0.523598775598299,-0.004999999999999998,-0.26405576662815444,0.4799995320814121,0.0,0.0,0.0,-0.523598775598299,-0.004999999999999999,-0.26405576662815444,0.4799995320814121,0.0,0.0,0.0,-0.523598775598299,-0.005,-0.26405576662815444,0.4799995320814121,0.0,0.0,0.0,-0.523598775598299,-0.005000000000000002,-0.26405576662815444,0.4799995320814121,0.0,0.0,0.0,-0.523598775598299,-0.004999999999999999
48,solved,0,lti,1,23,23,23,34,-0.27405576662815445,0.4899995320814121,0.0,0.0,0.0,-1.0471975511965979,0.00608929808228147,0.5944978873728457,-0.46492741976244,-0.1,0.0005672939323758101,0.5747446871344701,0.8183325476083251,-0.0002536003998100247,0.02040655783840589,0.777755017185956,-0.7108839846391232,-0.10001452441840272,-0.9971424793308977,-0.07554006500771256,-0.0007579528090735573,1.2653992367264437e-05,0.012653992367264437,1.2653995450519087e-05,0.012653995450519087,1,1.814494724772825,0.6911837711483343,,19,0.8907713906428304,0.0010982486516694933,1.0982486516694934,0.002901751348330507,2.901751348330507,40.60999106928345,0.01,0.01,0.0001,0.17453292519943295,0.17453292519943295,0.5235987755982988,0.02,solved,1.814494724772825,0.6911837711483343,-0.27405576662815445,0.4899995320814121,0.0,0.0,0.0,-1.0471975511965979,0.00608929808228147,0.777755017185956,-0.7108839846391232,-0.10001452441840272,-0.9971424793308977,-0.07554006500771256,-0.0007579528090735573,0.7777543525028018,-0.7108713481159014,-0.10001453325191681,-0.9973102184652053,-0.07329227485675083,-0.0007553748785205828,1.2653992367264437e-05,0.012653992367264437,1.2653995450519087e-05,0.012653995450519087,-0.27405576662815445,0.4899995320814121,0.0,0.0,0.0,-1.0471975511965979,0.00608929808228147,-0.27405576662815445,0.4899995320814121,0.0,0.0,0.0,-1.0471975511965979,-0.004999999999999999,-0.27405576662815445,0.4899995320814121,0.0,0.0,0.0,-1.0471975511965979,-0.005000000000000001,-0.27405576662815445,0.4899995320814121,0.0,0.0,0.0,-1.0471975511965979,-0.005,-0.27405576662815445,0.4899995320814121,0.0,0.0,0.0,-1.0471975511965979,-0.005000000000000001,-0.27405576662815445,0.4899995320814121,0.0,0.0,0.0,-1.0471975511965979,-0.004999999999999999,-0.27405576662815445,0.4899995320814121,0.0,0.0,0.0,-1.0471975511965979,-0.004999999999999999,-0.27405576662815445,0.4899995320814121,0.0,0.0,0.0,-1.0471975511965979,-0.005000000000000001,-0.27405576662815445,0.4899995320814121,0.0,0.0,0.0,-1.0471975511965979,-0.004999999999999998,-0.27405576662815445,0.4899995320814121,0.0,0.0,0.0,-1.0471975511965979,-0.004999999999999998,-0.27405576662815445,0.4899995320814121,0.0,0.0,0.0,-1.0471975511965979,-0.005000000000000002,-0.27405576662815445,0.4899995320814121,0.0,0.0,0.0,-1.0471975511965979,-0.005
49,solved,0,lti,1,23,23,23,34,-0.28405576662815446,0.4999995320814121,0.0,0.0,0.0,-1.5707963267948966,0.005200970094557614,0.5888167720402826,-0.45492742912081174,-0.1,0.0005632405647809833,0.561819973316865,0.8272592891268545,-0.00026247977956294765,0.02051057724029704,0.7776472596103988,-0.7108222044080021,-0.10001443937749144,-0.997528113336283,-0.0702645533022043,-0.0007454213556839414,1.1230915659454437e-05,0.011230915659454437,1.1230918970850147e-05,0.011230918970850146,1,1.8144895131929863,0.44082779883113105,,19,1.0,0.0011157262582443808,1.1157262582443808,0.0028842737417556193,2.8842737417556195,40.26181125241421,0.01,0.01,0.0001,0.17453292519943295,0.17453292519943295,0.5235987755982988,0.02,solved,1.8144895131929863,0.44082779883113105,-0.28405576662815446,0.4999995320814121,0.0,0.0,0.0,-1.5707963267948966,0.005200970094557614,0.7776472596103988,-0.7108222044080021,-0.10001443937749144,-0.997528113336283,-0.0702645533022043,-0.0007454213556839414,0.7776466994207109,-0.7108109874719649,-0.1000144480018768,-0.9976595282851198,-0.06837333555042885,-0.0007433758271276404,1.1230915659454437e-05,0.011230915659454437,1.1230918970850147e-05,0.011230918970850146,-0.28405576662815446,0.4999995320814121,0.0,0.0,0.0,-1.5707963267948966,0.005200970094557614,-0.28405576662815446,0.4999995320814121,0.0,0.0,0.0,-1.5707963267948966,-0.005,-0.28405576662815446,0.4999995320814121,0.0,0.0,0.0,-1.5707963267948966,-0.005000000000000001,-0.28405576662815446,0.4999995320814121,0.0,0.0,0.0,-1.5707963267948966,-0.005,-0.28405576662815446,0.4999995320814121,0.0,0.0,0.0,-1.5707963267948966,-0.005000000000000002,-0.28405576662815446,0.4999995320814121,0.0,0.0,0.0,-1.5707963267948966,-0.005000000000000001,-0.28405576662815446,0.4999995320814121,0.0,0.0,0.0,-1.5707963267948966,-0.0049999999999999975,-0.28405576662815446,0.4999995320814121,0.0,0.0,0.0,-1.5707963267948966,-0.005,-0.28405576662815446,0.4999995320814121,0.0,0.0,0.0,-1.5707963267948966,-0.005,-0.28405576662815446,0.4999995320814121,0.0,0.0,0.0,-1.5707963267948966,-0.005,-0.28405576662815446,0.4999995320814121,0.0,0.0,0.0,-1.5707963267948966,-0.004999999999999999,-0.28405576662815446,0.4999995320814121,0.0,0.0,0.0,-1.5707963267948966,-0.005000000000000001
50,solved,0,lti,1,23,23,23,34,-0.29405576662815447,0.5099995320814121,0.0,0.0,0.0,-2.0943951023931953,0.0045141522932193555,0.5829356567077195,-0.4447274384791835,-0.1,0.0005576200750629912,0.5443719455272528,0.8388437272742196,-0.00027421783381275305,0.02060086028616143,0.7775538726119753,-0.7107669588372653,-0.10001435751742054,-0.9978456426381963,-0.06560133147307644,-0.0007340142535811389,9.659438077684324e-06,0.009659438077684324,9.65944140705449e-06,0.00965944140705449,1,1.814485781920131,0.31313405188944715,,19,1.0,0.0011289312349480481,1.128931234948048,0.002871068765051952,2.871068765051952,39.958739924485265,0.01,0.01,0.0001,0.17453292519943295,0.17453292519943295,0.5235987755982988,0.02,solved,1.814485781920131,0.31313405188944715,-0.29405576662815447,0.5099995320814121,0.0,0.0,0.0,-2.0943951023931953,0.0045141522932193555,0.7775538726119753,-0.7107669588372653,-0.10001435751742054,-0.9978456426381963,-0.06560133147307644,-0.0007340142535811389,0.7775534185733353,-0.7107573100760551,-0.10001436553737696,-0.9979499242112032,-0.0639954090592297,-0.0007323839129814136,9.659438077684324e-06,0.009659438077684324,9.65944140705449e-06,0.00965944140705449,-0.29405576662815447,0.5099995320814121,0.0,0.0,0.0,-2.0943951023931953,0.0045141522932193555,-0.29405576662815447,0.5099995320814121,0.0,0.0,0.0,-2.0943951023931953,-0.004999999999999999,-0.29405576662815447,0.5099995320814121,0.0,0.0,0.0,-2.0943951023931953,-0.005,-0.29405576662815447,0.5099995320814121,0.0,0.0,0.0,-2.0943951023931953,-0.004999999999999999,-0.29405576662815447,0.5099995320814121,0.0,0.0,0.0,-2.0943951023931953,-0.005,-0.29405576662815447,0.5099995320814121,0.0,0.0,0.0,-2.0943951023931953,-0.005000000000000001,-0.29405576662815447,0.5099995320814121,0.0,0.0,0.0,-2.0943951023931953,-0.004999999999999998,-0.29405576662815447,0.5099995320814121,0.0,0.0,0.0,-2.0943951023931953,-0.005,-0.29405576662815447,0.5099995320814121,0.0,0.0,0.0,-2.0943951023931953,-0.004999999999999999,-0.29405576662815447,0.5099995320814121,0.0,0.0,0.0,-2.0943951023931953,-0.005,-0.29405576662815447,0.5099995320814121,0.0,0.0,0.0,-2.0943951023931953,-0.005000000000000001,-0.29405576662815447,0.5099995320814121,0.0,0.0,0.0,-2.0943951023931953,-0.004999999999999999
51,solved,0,lti,1,23,23,23,34,-0.3040557666281545,0.5199995320814121,0.0,0.0,0.0,-2.617993877991494,0.0033148916742178924,0.5768545413751565,-0.4343274478375553,-0.1,0.0005502508065293259,0.5222270339702725,0.8528062727577955,-0.00028872065809020496,0.020667158119645788,0.7774848675443685,-0.7107148979250368,-0.10001426845785706,-0.9981190721361872,-0.06130085216954972,-0.000723437131950635,8.128208420528753e-06,0.008128208420528752,8.12821178139251e-06,0.00812821178139251,1,1.8144800506145313,0.2407628420153962,,19,1.0,0.001138995114425189,1.138995114425189,0.002861004885574811,2.8610048855748107,39.69093813635261,0.01,0.01,0.0001,0.17453292519943295,0.17453292519943295,0.5235987755982988,0.02,solved,1.8144800506145313,0.2407628420153962,-0.3040557666281545,0.5199995320814121,0.0,0.0,0.0,-2.617993877991494,0.0033148916742178924,0.7774848675443685,-0.7107148979250368,-0.10001426845785706,-0.9981190721361872,-0.06130085216954972,-0.000723437131950635,0.7774845054844285,-0.7107067777843529,-0.10001427584944779,-0.9981970069866924,-0.06001844366232543,-0.0007222625294253048,8.128208420528753e-06,0.008128208420528752,8.12821178139251e-06,0.00812821178139251,-0.3040557666281545,0.5199995320814121,0.0,0.0,0.0,-2.617993877991494,0.0033148916742178924,-0.3040557666281545,0.5199995320814121,0.0,0.0,0.0,-2.617993877991494,-0.004236483066809619,-0.3040557666281545,0.5199995320814121,0.0,0.0,0.0,-2.617993877991494,-0.005,-0.3040557666281545,0.5199995320814121,0.0,0.0,0.0,-2.617993877991494,-0.005,-0.3040557666281545,0.5199995320814121,0.0,0.0,0.0,-2.617993877991494,-0.005,-0.3040557666281545,0.5199995320814121,0.0,0.0,0.0,-2.617993877991494,-0.005,-0.3040557666281545,0.5199995320814121,0.0,0.0,0.0,-2.617993877991494,-0.005,-0.3040557666281545,0.5199995320814121,0.0,0.0,0.0,-2.617993877991494,-0.004999999999999998,-0.3040557666281545,0.5199995320814121,0.0,0.0,0.0,-2.617993877991494,-0.005,-0.3040557666281545,0.5199995320814121,0.0,0.0,0.0,-2.617993877991494,-0.005000000000000001,-0.3040557666281545,0.5199995320814121,0.0,0.0,0.0,-2.617993877991494,-0.004999999999999998,-0.3040557666281545,0.5199995320814121,0.0,0.0,0.0,-2.617993877991494,-0.005
52,solved,0,lti,1,23,23,23,34,-0.3140557666281545,0.5299995320814122,0.0,0.0,0.0,-3.1415926535897927,0.001776344052626773,0.5705734260425934,-0.423727457195927,-0.1,0.0005409103559404461,0.49518205407971344,0.8687890118905899,-0.0003058619873907096,0.020702685000698322,0.7774468855872451,-0.7106637155763235,-0.10001416565351139,-0.9983634546200264,-0.05718306917065517,-0.0007134979963529029,6.770098777393478e-06,0.006770098777393478,6.770102267605597e-06,0.006770102267605597,1,1.8144731051277723,0.19497934495189062,,20,0.08041532986536094,0.0011879809971870848,1.1879809971870847,0.0028120190028129155,2.8120190028129155,52.7988749533458,0.01,0.01,0.0001,0.17453292519943295,0.17453292519943295,0.5235987755982988,0.02,solved,1.8144731051277723,0.19497934495189062,-0.3140557666281545,0.5299995320814122,0.0,0.0,0.0,-3.1415926535897927,0.001776344052626773,0.7774468855872451,-0.7106637155763235,-0.10001416565351139,-0.9983634546200264,-0.05718306917065517,-0.0007134979963529029,0.777446593654378,-0.7106569517746811,-0.10001417252796946,-0.998412290826974,-0.056323967512146016,-0.000712888016929245,6.770098777393478e-06,0.006770098777393478,6.770102267605597e-06,0.006770102267605597,-0.3140557666281545,0.5299995320814122,0.0,0.0,0.0,-3.1415926535897927,0.001776344052626773,-0.3140557666281545,0.5299995320814122,0.0,0.0,0.0,-3.1415926535897927,-0.0021083835660401047,-0.3140557666281545,0.5299995320814122,0.0,0.0,0.0,-3.1415926535897927,-0.005,-0.3140557666281545,0.5299995320814122,0.0,0.0,0.0,-3.1415926535897927,-0.004999999999999998,-0.3140557666281545,0.5299995320814122,0.0,0.0,0.0,-3.1415926535897927,-0.004999999999999998,-0.3140557666281545,0.5299995320814122,0.0,0.0,0.0,-3.1415926535897927,-0.004999999999999999,-0.3140557666281545,0.5299995320814122,0.0,0.0,0.0,-3.1415926535897927,-0.005,-0.3140557666281545,0.5299995320814122,0.0,0.0,0.0,-3.1415926535897927,-0.004999999999999999,-0.3140557666281545,0.5299995320814122,0.0,0.0,0.0,-3.1415926535897927,-0.005,-0.3140557666281545,0.5299995320814122,0.0,0.0,0.0,-3.1415926535897927,-0.005,-0.3140557666281545,0.5299995320814122,0.0,0.0,0.0,-3.1415926535897927,-0.005,-0.3140557666281545,0.5299995320814122,0.0,0.0,0.0,-3.1415926535897927,-0.005
53,solved,0,lti,1,23,23,23,34,-0.3240557666281545,0.5399995320814122,0.0,0.0,0.0,-3.6651914291880914,0.001640729510256808,0.5640923107100303,-0.4129274665542988,-0.1,0.0005293391596098536,0.46301383525232004,0.8863508347315802,-0.00032547753009654675,0.02073549959090346,0.7774119068276327,-0.7106152794374738,-0.10001407010478937,-0.9985781623027383,-0.05330251147208054,-0.0007043030985159537,5.422170740000297e-06,0.005422170740000297,5.422174343603151e-06,0.005422174343603151,1,1.8144714252261762,0.16361209718540784,,20,0.14415365485660114,0.0011833830229161717,1.1833830229161717,0.0028166169770838284,2.8166169770838283,52.56252821869106,0.01,0.01,0.0001,0.17453292519943295,0.17453292519943295,0.5235987755982988,0.02,solved,1.8144714252261762,0.16361209718540784,-0.3240557666281545,0.5399995320814122,0.0,0.0,0.0,-3.6651914291880914,0.001640729510256808,0.7774119068276327,-0.7106152794374738,-0.10001407010478937,-0.9985781623027383,-0.05330251147208054,-0.0007043030985159537,0.7774116799334514,-0.7106098620160795,-0.10001407635608627,-0.9986043555721197,-0.052809518219392775,-0.0007041433285168945,5.422170740000297e-06,0.005422170740000297,5.422174343603151e-06,0.005422174343603151,-0.3240557666281545,0.5399995320814122,0.0,0.0,0.0,-3.6651914291880914,0.001640729510256808,-0.3240557666281545,0.5399995320814122,0.0,0.0,0.0,-3.6651914291880914,-6.406878068834288e-05,-0.3240557666281545,0.5399995320814122,0.0,0.0,0.0,-3.6651914291880914,-0.005000000000000001,-0.3240557666281545,0.5399995320814122,0.0,0.0,0.0,-3.6651914291880914,-0.004999999999999999,-0.3240557666281545,0.5399995320814122,0.0,0.0,0.0,-3.6651914291880914,-0.004999999999999999,-0.3240557666281545,0.5399995320814122,0.0,0.0,0.0,-3.6651914291880914,-0.004999999999999999,-0.3240557666281545,0.5399995320814122,0.0,0.0,0.0,-3.6651914291880914,-0.005000000000000001,-0.3240557666281545,0.5399995320814122,0.0,0.0,0.0,-3.6651914291880914,-0.005,-0.3240557666281545,0.5399995320814122,0.0,0.0,0.0,-3.6651914291880914,-0.005,-0.3240557666281545,0.5399995320814122,0.0,0.0,0.0,-3.6651914291880914,-0.005,-0.3240557666281545,0.5399995320814122,0.0,0.0,0.0,-3.6651914291880914,-0.005000000000000002,-0.3240557666281545,0.5399995320814122,0.0,0.0,0.0,-3.6651914291880914,-0.004999999999999998
54,solved,0,lti,1,23,23,23,34,-0.3340557666281545,0.5499995320814122,0.0,0.0,0.0,-4.1887902047863905,0.0015057326417632917,0.5574111953774672,-0.40192747591267053,-0.1,0.0005152452548845901,0.4254911728144179,0.9049623614943567,-0.0003473584543567759,0.020765614243738725,0.7773798315000461,-0.7105680719449855,-0.10001397996747648,-0.9987719965853465,-0.049538014058407895,-0.0006957011351837496,4.0945620220423815e-06,0.004094562022042381,4.094566311250868e-06,0.004094566311250868,1,1.8144715609408317,0.14084593816386526,,20,0.20384076167873844,0.0011783001468414136,1.1783001468414136,0.0028216998531585867,2.8216998531585866,52.339848580078154,0.01,0.01,0.0001,0.17453292519943295,0.17453292519943295,0.5235987755982988,0.02,solved,1.8144715609408317,0.14084593816386526,-0.3340557666281545,0.5499995320814122,0.0,0.0,0.0,-4.1887902047863905,0.0015057326417632917,0.7773798315000461,-0.7105680719449855,-0.10001397996747648,-0.9987719965853465,-0.049538014058407895,-0.0006957011351837496,0.777379664501354,-0.7105639807899421,-0.10001398589410104,-0.9987810453298139,-0.049355235093802644,-0.0006958870019951639,4.0945620220423815e-06,0.004094562022042381,4.094566311250868e-06,0.004094566311250868,-0.3340557666281545,0.5499995320814122,0.0,0.0,0.0,-4.1887902047863905,0.0015057326417632917,-0.3340557666281545,0.5499995320814122,0.0,0.0,0.0,-4.1887902047863905,0.0009383530137643322,-0.3340557666281545,0.5499995320814122,0.0,0.0,0.0,-4.1887902047863905,-0.0039121334729493125,-0.3340557666281545,0.5499995320814122,0.0,0.0,0.0,-4.1887902047863905,-0.005000000000000001,-0.3340557666281545,0.5499995320814122,0.0,0.0,0.0,-4.1887902047863905,-0.005000000000000001,-0.3340557666281545,0.5499995320814122,0.0,0.0,0.0,-4.1887902047863905,-0.005,-0.3340557666281545,0.5499995320814122,0.0,0.0,0.0,-4.1887902047863905,-0.005000000000000002,-0.3340557666281545,0.5499995320814122,0.0,0.0,0.0,-4.1887902047863905,-0.005,-0.3340557666281545,0.5499995320814122,0.0,0.0,0.0,-4.1887902047863905,-0.004999999999999999,-0.3340557666281545,0.5499995320814122,0.0,0.0,0.0,-4.1887902047863905,-0.005000000000000002,-0.3340557666281545,0.5499995320814122,0.0,0.0,0.0,-4.1887902047863905,-0.005000000000000002,-0.3340557666281545,0.5499995320814122,0.0,0.0,0.0,-4.1887902047863905,-0.005
55,solved,0,lti,1,23,23,23,34,-0.3440557666281545,0.5599995320814122,0.0,0.0,0.0,-4.71238898038469,0.001412560937809008,0.5505300800449041,-0.3907274852710423,-0.1,0.0004983104443176815,0.3823892595342001,0.9240011190779575,-0.0003712442182420213,0.020793865462494905,0.7773497687320129,-0.7105209652909583,-0.10001389445308584,-0.998950491306331,-0.04579785093381887,-0.000687581765234382,2.695532961844822e-06,0.002695532961844822,2.6955396684510927e-06,0.0026955396684510925,1,1.8144694215819066,0.12359614287454845,,20,0.2606951969491159,0.0011718180677843873,1.1718180677843872,0.002828181932215613,2.828181932215613,52.12387304443842,0.01,0.01,0.0001,0.17453292519943295,0.17453292519943295,0.5235987755982988,0.02,solved,1.8144694215819066,0.12359614287454845,-0.3440557666281545,0.5599995320814122,0.0,0.0,0.0,-4.71238898038469,0.001412560937809008,0.7773497687320129,-0.7105209652909583,-0.10001389445308584,-0.998950491306331,-0.04579785093381887,-0.000687581765234382,0.7773496629332168,-0.710518271835081,-0.10001390046605528,-0.9989513644888349,-0.04577879594851517,-0.0006879152555982524,2.695532961844822e-06,0.002695532961844822,2.6955396684510927e-06,0.0026955396684510925,-0.3440557666281545,0.5599995320814122,0.0,0.0,0.0,-4.71238898038469,0.001412560937809008,-0.3440557666281545,0.5599995320814122,0.0,0.0,0.0,-4.71238898038469,0.0013213944512987187,-0.3440557666281545,0.5599995320814122,0.0,0.0,0.0,-4.71238898038469,-0.0034247347525988665,-0.3440557666281545,0.5599995320814122,0.0,0.0,0.0,-4.71238898038469,-0.00461806978670646,-0.3440557666281545,0.5599995320814122,0.0,0.0,0.0,-4.71238898038469,-0.004637806798862711,-0.3440557666281545,0.5599995320814122,0.0,0.0,0.0,-4.71238898038469,-0.004644110899624572,-0.3440557666281545,0.5599995320814122,0.0,0.0,0.0,-4.71238898038469,-0.004651239143307656,-0.3440557666281545,0.5599995320814122,0.0,0.0,0.0,-4.71238898038469,-0.004658975234240437,-0.3440557666281545,0.5599995320814122,0.0,0.0,0.0,-4.71238898038469,-0.00466713136861807,-0.3440557666281545,0.5599995320814122,0.0,0.0,0.0,-4.71238898038469,-0.00467554638746497,-0.3440557666281545,0.5599995320814122,0.0,0.0,0.0,-4.71238898038469,-0.004684083392819317,-0.3440557666281545,0.5599995320814122,0.0,0.0,0.0,-4.71238898038469,-0.004692603873820464
56,solved,0,lti,1,23,23,23,34,-0.3540557666281545,0.5699995320814122,0.0,0.0,0.0,-5.235987755982989,0.0013610046647103743,0.543448964712341,-0.37932749462941406,-0.1,0.000478198106010951,0.33350672620728916,0.94274751521228,-0.00039681499455256736,0.020821085555789112,0.7773208549023527,-0.7104731013592727,-0.100013813131278,-0.9991168555508739,-0.04201245932407202,-0.000679864455107367,1.3247617125015172e-06,0.0013247617125015172,1.3247760557917777e-06,0.0013247760557917776,1,1.8144691368845463,0.11008652192050826,,20,0.31615671793838984,0.0011638763503237105,1.1638763503237104,0.0028361236496762896,2.83612364967629,51.909333594079946,0.01,0.01,0.0001,0.17453292519943295,0.17453292519943295,0.5235987755982988,0.02,solved,1.8144691368845463,0.11008652192050826,-0.3540557666281545,0.5699995320814122,0.0,0.0,0.0,-5.235987755982989,0.0013610046647103743,0.7773208549023527,-0.7104731013592727,-0.100013813131278,-0.9991168555508739,-0.04201245932407202,-0.000679864455107367,0.7773208040966426,-0.7104717775721392,-0.10001381929594257,-0.9991141732292057,-0.0420761942001015,-0.000680245658710446,1.3247617125015172e-06,0.0013247617125015172,1.3247760557917777e-06,0.0013247760557917776,-0.3540557666281545,0.5699995320814122,0.0,0.0,0.0,-5.235987755982989,0.0013610046647103743,-0.3540557666281545,0.5699995320814122,0.0,0.0,0.0,-5.235987755982989,0.0017004639366449599,-0.3540557666281545,0.5699995320814122,0.0,0.0,0.0,-5.235987755982989,-0.003045691045959634,-0.3540557666281545,0.5699995320814122,0.0,0.0,0.0,-5.235987755982989,-0.004238559651480842,-0.3540557666281545,0.5699995320814122,0.0,0.0,0.0,-5.235987755982989,-0.004257100759515275,-0.3540557666281545,0.5699995320814122,0.0,0.0,0.0,-5.235987755982989,-0.004262430799238534,-0.3540557666281545,0.5699995320814122,0.0,0.0,0.0,-5.235987755982989,-0.004268814178517558,-0.3540557666281545,0.5699995320814122,0.0,0.0,0.0,-5.235987755982989,-0.004276018425983002,-0.3540557666281545,0.5699995320814122,0.0,0.0,0.0,-5.235987755982989,-0.004283833249072169,-0.3540557666281545,0.5699995320814122,0.0,0.0,0.0,-5.235987755982989,-0.004292071125783908,-0.3540557666281545,0.5699995320814122,0.0,0.0,0.0,-5.235987755982989,-0.004300567029112534,-0.3540557666281545,0.5699995320814122,0.0,0.0,0.0,-5.235987755982989,-0.004309123908782792
57,solved,0,lti,1,23,23,23,34,-0.36405576662815453,0.5799995320814122,0.0,0.0,0.0,-5.759586531581288,0.0013278415491943531,0.536167849379778,-0.3677275039877858,-0.1,0.00045456289681197596,0.2786853675130377,0.9603822571239823,-0.00042368401118772427,0.020847642386773,0.7772927085507828,-0.7104238452104172,-0.10001373558988895,-0.9992725054311714,-0.0381314520983386,-0.0006724954880981948,8.6565369071018e-08,8.6565369071018e-05,8.67788659518393e-08,8.67788659518393e-05,1,1.814469171166822,0.09922541153325387,,20,0.3714423020887757,0.0011545698261148454,1.1545698261148454,0.002845430173885155,2.845430173885155,51.69223727128734,0.01,0.01,0.0001,0.17453292519943295,0.17453292519943295,0.5235987755982988,0.02,solved,1.814469171166822,0.09922541153325387,-0.36405576662815453,0.5799995320814122,0.0,0.0,0.0,-5.759586531581288,0.0013278415491943531,0.7772927085507828,-0.7104238452104172,-0.10001373558988895,-0.9992725054311714,-0.0381314520983386,-0.0006724954880981948,0.777292700585498,-0.7104237590122887,-0.10001374167334631,-0.9992674441403295,-0.03826385082206658,-0.0006729052829835493,8.6565369071018e-08,8.6565369071018e-05,8.67788659518393e-08,8.67788659518393e-05,-0.36405576662815453,0.5799995320814122,0.0,0.0,0.0,-5.759586531581288,0.0013278415491943531,-0.36405576662815453,0.5799995320814122,0.0,0.0,0.0,-5.759586531581288,0.002079856752766426,-0.36405576662815453,0.5799995320814122,0.0,0.0,0.0,-5.759586531581288,-0.0026664495901735415,-0.36405576662815453,0.5799995320814122,0.0,0.0,0.0,-5.759586531581288,-0.0038592453662595104,-0.36405576662815453,0.5799995320814122,0.0,0.0,0.0,-5.759586531581288,-0.0038770571910883406,-0.36405576662815453,0.5799995320814122,0.0,0.0,0.0,-5.759586531581288,-0.003881839390166775,-0.36405576662815453,0.5799995320814122,0.0,0.0,0.0,-5.759586531581288,-0.003887860543931577,-0.36405576662815453,0.5799995320814122,0.0,0.0,0.0,-5.759586531581288,-0.003894870378438519,-0.36405576662815453,0.5799995320814122,0.0,0.0,0.0,-5.759586531581288,-0.00390263459793413,-0.36405576662815453,0.5799995320814122,0.0,0.0,0.0,-5.759586531581288,-0.003910938215060362,-0.36405576662815453,0.5799995320814122,0.0,0.0,0.0,-5.759586531581288,-0.003919587159874971,-0.36405576662815453,0.5799995320814122,0.0,0.0,0.0,-4.71238898038469,-0.003929544592895258
58,solved,0,lti,1,23,23,23,34,-0.37405576662815454,0.5899995320814122,0.0,0.0,0.0,-5.235987755982989,0.0013158710224945294,0.5286867340472149,-0.3559275133461576,-0.1,0.0004317660262896792,0.22804091511711186,0.9736513518179809,-0.00044689335085256604,0.02087395980722289,0.7772649549229312,-0.7103745524923549,-0.10001367011256306,-0.9994127434218445,-0.03425966442154795,-0.0006660928954514346,1.4143829945083984e-06,0.0014143829945083984,1.4143997354403607e-06,0.0014143997354403607,1,1.8144693260610512,0.09286441098675038,,20,0.42728397020500264,0.0011437734497051677,1.1437734497051677,0.002856226550294832,2.8562265502948323,51.469693162904356,0.01,0.01,0.0001,0.17453292519943295,0.17453292519943295,0.5235987755982988,0.02,solved,1.8144693260610512,0.09286441098675038,-0.37405576662815454,0.5899995320814122,0.0,0.0,0.0,-5.235987755982989,0.0013158710224945294,0.7772649549229312,-0.7103745524923549,-0.10001367011256306,-0.9994127434218445,-0.03425966442154795,-0.0006660928954514346,0.7772649096968688,-0.7103731388326157,-0.1000136632309601,-0.9994109182710373,-0.03431287013626702,-0.000665870598038533,1.4143829945083984e-06,0.0014143829945083984,1.4143997354403607e-06,0.0014143997354403607,-0.37405576662815454,0.5899995320814122,0.0,0.0,0.0,-5.235987755982989,0.0013158710224945294,-0.37405576662815454,0.5899995320814122,0.0,0.0,0.0,-5.235987755982989,0.002466291957112005,-0.37405576662815454,0.5899995320814122,0.0,0.0,0.0,-5.235987755982989,-0.002280208105847062,-0.37405576662815454,0.5899995320814122,0.0,0.0,0.0,-5.235987755982989,-0.0034732588716689526,-0.37405576662815454,0.5899995320814122,0.0,0.0,0.0,-5.235987755982989,-0.0034907412129100155,-0.37405576662815454,0.5899995320814122,0.0,0.0,0.0,-5.235987755982989,-0.003495352033101342,-0.37405576662815454,0.5899995320814122,0.0,0.0,0.0,-5.235987755982989,-0.003501356625341001,-0.37405576662815454,0.5899995320814122,0.0,0.0,0.0,-5.235987755982989,-0.003508480571335246,-0.37405576662815454,0.5899995320814122,0.0,0.0,0.0,-5.235987755982989,-0.003516459681700589,-0.37405576662815454,0.5899995320814122,0.0,0.0,0.0,-5.235987755982989,-0.0035250463251386213,-0.37405576662815454,0.5899995320814122,0.0,0.0,0.0,-4.1887902047863905,-0.0035461573070223935,-0.37405576662815454,0.5899995320814122,0.0,0.0,0.0,-4.1887902047863905,-0.003554170821049363
59,solved,0,lti,1,23,23,23,34,-0.38405576662815455,0.5999995320814122,0.0,0.0,0.0,-4.71238898038469,0.0012541498062438694,0.5210056187146518,-0.3439275227045293,-0.1,0.00041023515240892083,0.18192250177475444,0.983312675201762,-0.0004667362083899685,0.020899042803347766,0.7772386417692281,-0.7103273927305338,-0.10001361597318453,-0.9995325346048828,-0.030565925706685322,-0.0006606451635595974,2.211350063527387e-06,0.0022113500635273873,2.211360394281423e-06,0.002211360394281423,1,1.8144694754354946,0.10385632954925483,,20,0.48289658256377715,0.00113265556805166,1.13265556805166,0.00286734443194834,2.86734443194834,51.24771057447547,0.01,0.01,0.0001,0.17453292519943295,0.17453292519943295,0.5235987755982988,0.02,solved,1.8144694754354946,0.10385632954925483,-0.38405576662815455,0.5999995320814122,0.0,0.0,0.0,-4.71238898038469,0.0012541498062438694,0.7772386417692281,-0.7103273927305338,-0.10001361597318453,-0.9995325346048828,-0.030565925706685322,-0.0006606451635595974,0.777238579680772,-0.7103251822522763,-0.10001360921375158,-0.9995312971969472,-0.030606367903637917,-0.0006604298110623372,2.211350063527387e-06,0.0022113500635273873,2.211360394281423e-06,0.002211360394281423,-0.38405576662815455,0.5999995320814122,0.0,0.0,0.0,-4.71238898038469,0.0012541498062438694,-0.38405576662815455,0.5999995320814122,0.0,0.0,0.0,-4.71238898038469,0.002835648307335324,-0.38405576662815455,0.5999995320814122,0.0,0.0,0.0,-4.71238898038469,-0.0019133471797897676,-0.38405576662815455,0.5999995320814122,0.0,0.0,0.0,-4.71238898038469,-0.003108430602400767,-0.38405576662815455,0.5999995320814122,0.0,0.0,0.0,-4.71238898038469,-0.003126620444788739,-0.38405576662815455,0.5999995320814122,0.0,0.0,0.0,-4.71238898038469,-0.0031312798207870827,-0.38405576662815455,0.5999995320814122,0.0,0.0,0.0,-4.71238898038469,-0.0031367429592069774,-0.38405576662815455,0.5999995320814122,0.0,0.0,0.0,-4.71238898038469,-0.0031428099179705757,-0.38405576662815455,0.5999995320814122,0.0,0.0,0.0,-4.71238898038469,-0.0031492998191368633,-0.38405576662815455,0.5999995320814122,0.0,0.0,0.0,-3.665191429188092,-0.0031664149024143926,-0.38405576662815455,0.5999995320814122,0.0,0.0,0.0,-3.665191429188092,-0.003172611700077891,-0.38405576662815455,0.5999995320814122,0.0,0.0,0.0,-3.665191429188092,-0.003178498804328351
60,solved,0,lti,1,23,23,23,34,-0.39405576662815456,0.6099995320814122,0.0,0.0,0.0,-4.1887902047863905,0.001151116811673839,0.5131245033820887,-0.33172753206290106,-0.1,0.0003903304226354196,0.14058606373757532,0.9900682666095334,-0.00048350566662601726,0.020922065139581243,0.7772146051241763,-0.7102837161336439,-0.1000135719813818,-0.9996310457491882,-0.027154040430693457,-0.0006560965423188929,2.7544105029189516e-06,0.0027544105029189514,2.7544182746842534e-06,0.0027544182746842534,1,1.8144697433264698,0.11774392603512644,,20,0.5359461066809104,0.0011218372207956928,1.1218372207956928,0.002878162779204307,2.878162779204307,51.035963646748826,0.01,0.01,0.0001,0.17453292519943295,0.17453292519943295,0.5235987755982988,0.02,solved,1.8144697433264698,0.11774392603512644,-0.39405576662815456,0.6099995320814122,0.0,0.0,0.0,-4.1887902047863905,0.001151116811673839,0.7772146051241763,-0.7102837161336439,-0.1000135719813818,-0.9996310457491882,-0.027154040430693457,-0.0006560965423188929,0.7772145366633004,-0.71028096257407,-0.10001356543819265,-0.9996301539998442,-0.027186853844114733,-0.0006558904681947924,2.7544105029189516e-06,0.0027544105029189514,2.7544182746842534e-06,0.0027544182746842534,-0.39405576662815456,0.6099995320814122,0.0,0.0,0.0,-4.1887902047863905,0.001151116811673839,-0.39405576662815456,0.6099995320814122,0.0,0.0,0.0,-4.1887902047863905,0.003182360934111802,-0.39405576662815456,0.6099995320814122,0.0,0.0,0.0,-4.1887902047863905,-0.0015676245100541217,-0.39405576662815456,0.6099995320814122,0.0,0.0,0.0,-4.1887902047863905,-0.0027636858202668346,-0.39405576662815456,0.6099995320814122,0.0,0.0,0.0,-4.1887902047863905,-0.0027818669042561682,-0.39405576662815456,0.6099995320814122,0.0,0.0,0.0,-4.1887902047863905,-0.00278607931755216,-0.39405576662815456,0.6099995320814122,0.0,0.0,0.0,-4.1887902047863905,-0.0027907186343794064,-0.39405576662815456,0.6099995320814122,0.0,0.0,0.0,-4.1887902047863905,-0.0027956442576758324,-0.39405576662815456,0.6099995320814122,0.0,0.0,0.0,-3.141592653589793,-0.0028093576598870506,-0.39405576662815456,0.6099995320814122,0.0,0.0,0.0,-3.141592653589793,-0.0028141153077766946,-0.39405576662815456,0.6099995320814122,0.0,0.0,0.0,-3.141592653589793,-0.002818640866946551,-0.39405576662815456,0.6099995320814122,0.0,0.0,0.0,-3.141592653589793,-0.00282289214440342
61,solved,0,lti,1,23,23,23,34,-0.40405576662815457,0.6199995320814122,0.0,0.0,0.0,-3.665191429188092,0.00102822751201188,0.5050433880495256,-0.31932754142127284,-0.1,0.0003723508334893849,0.1042118721012901,0.9945549253699245,-0.0004974840955186156,0.02094262968982148,0.7771932274444332,-0.7102442722931779,-0.10001353689583617,-0.9997098191722708,-0.02408011354723922,-0.0006523665363085664,3.089187590224497e-06,0.003089187590224497,3.089193775008949e-06,0.003089193775008949,1,1.8144700882785354,0.13581027800359102,,20,0.58485963274804,0.0011115654747145614,1.1115654747145614,0.002888434525285439,2.888434525285439,50.84039554201637,0.01,0.01,0.0001,0.17453292519943295,0.17453292519943295,0.5235987755982988,0.02,solved,1.8144700882785354,0.13581027800359102,-0.40405576662815457,0.6199995320814122,0.0,0.0,0.0,-3.665191429188092,0.00102822751201188,0.7771932274444332,-0.7102442722931779,-0.10001353689583617,-0.9997098191722708,-0.02408011354723922,-0.0006523665363085664,0.7771931594673344,-0.710241183853591,-0.10001353071425409,-0.9997091482587721,-0.02410795640232858,-0.0006521700882275792,3.089187590224497e-06,0.003089187590224497,3.089193775008949e-06,0.003089193775008949,-0.40405576662815457,0.6199995320814122,0.0,0.0,0.0,-3.665191429188092,0.00102822751201188,-0.40405576662815457,0.6199995320814122,0.0,0.0,0.0,-3.665191429188092,0.0034995374745791586,-0.40405576662815457,0.6199995320814122,0.0,0.0,0.0,-3.665191429188092,-0.001250471443219196,-0.40405576662815457,0.6199995320814122,0.0,0.0,0.0,-3.665191429188092,-0.0024468729456459818,-0.40405576662815457,0.6199995320814122,0.0,0.0,0.0,-3.665191429188092,-0.002464682907635997,-0.40405576662815457,0.6199995320814122,0.0,0.0,0.0,-3.665191429188092,-0.0024682452743743084,-0.40405576662815457,0.6199995320814122,0.0,0.0,0.0,-3.665191429188092,-0.002472006935492451,-0.40405576662815457,0.6199995320814122,0.0,0.0,0.0,-2.6179938779914944,-0.002482918981975432,-0.40405576662815457,0.6199995320814122,0.0,0.0,0.0,-2.6179938779914944,-0.00248658058003365,-0.40405576662815457,0.6199995320814122,0.0,0.0,0.0,-2.6179938779914944,-0.0024900473624718074,-0.40405576662815457,0.6199995320814122,0.0,0.0,0.0,-2.6179938779914944,-0.0024933085002924,-0.40405576662815457,0.6199995320814122,0.0,0.0,0.0,-2.6179938779914944,-0.00249634219531836
62,solved,0,lti,1,23,23,23,34,-0.4140557666281546,0.6299995320814122,0.0,0.0,0.0,-3.141592653589793,0.0008992685906550409,0.49676227271696255,-0.3067275507796446,-0.1,0.00035654074776075254,0.07292072468247345,0.9973375465589445,-0.0005089344394717439,0.020960615061634578,0.777174603642288,-0.7102093663850767,-0.10001350948821425,-0.9997715209252193,-0.02136549262316756,-0.0006493626439743239,3.2579899142230734e-06,0.0032579899142230733,3.2579948116196252e-06,0.0032579948116196254,1,1.8144705023545047,0.16019223294378074,,20,0.6288173555508346,0.0011020394037515714,1.1020394037515715,0.002897960596248429,2.8979605962484287,50.66421468375341,0.01,0.01,0.0001,0.17453292519943295,0.17453292519943295,0.5235987755982988,0.02,solved,1.8144705023545047,0.16019223294378074,-0.4140557666281546,0.6299995320814122,0.0,0.0,0.0,-3.141592653589793,0.0008992685906550409,0.777174603642288,-0.7102093663850767,-0.10001350948821425,-0.9997715209252193,-0.02136549262316756,-0.0006493626439743239,0.7771745401696903,-0.710206109013512,-0.10001350383920007,-0.9997710022796512,-0.021389753889719188,-0.0006491758459603762,3.2579899142230734e-06,0.0032579899142230733,3.2579948116196252e-06,0.0032579948116196254,-0.4140557666281546,0.6299995320814122,0.0,0.0,0.0,-3.141592653589793,0.0008992685906550409,-0.4140557666281546,0.6299995320814122,0.0,0.0,0.0,-3.141592653589793,0.0037835292044401613,-0.4140557666281546,0.6299995320814122,0.0,0.0,0.0,-3.141592653589793,-0.00096593826006188,-0.4140557666281546,0.6299995320814122,0.0,0.0,0.0,-3.141592653589793,-0.002162330669132784,-0.4140557666281546,0.6299995320814122,0.0,0.0,0.0,-3.141592653589793,-0.0021796334501015106,-0.4140557666281546,0.6299995320814122,0.0,0.0,0.0,-3.141592653589793,-0.0021825184890666544,-0.4140557666281546,0.6299995320814122,0.0,0.0,0.0,-2.0943951023931957,-0.0021911594299657048,-0.4140557666281546,0.6299995320814122,0.0,0.0,0.0,-2.0943951023931957,-0.002193984676924465,-0.4140557666281546,0.6299995320814122,0.0,0.0,0.0,-2.0943951023931957,-0.0021966508332644827,-0.4140557666281546,0.6299995320814122,0.0,0.0,0.0,-2.0943951023931957,-0.002199149645720597,-0.4140557666281546,0.6299995320814122,0.0,0.0,0.0,-2.0943951023931957,-0.0022014792323337444,-0.4140557666281546,0.6299995320814122,0.0,0.0,0.0,-2.0943951023931957,-0.0022036282000281655
63,solved,0,lti,1,23,23,23,34,-0.4240557666281546,0.6399995320814122,0.0,0.0,0.0,-2.6179938779914944,0.0007741431254697194,0.4882811573843995,-0.29392756013801635,-0.1,0.00034309621963715057,0.04678848316958597,0.9989046259313853,-0.0005180931890740418,0.020976097924143972,0.7771586270158223,-0.7101789904000756,-0.10001348860262022,-0.9998191340996018,-0.019007379971575727,-0.0006469891333846915,3.298142233173134e-06,0.003298142233173134,3.298146598364468e-06,0.0032981465983644683,1,1.8144709642436272,0.19467315295305415,,20,0.6675252748389994,0.0010933861340585527,1.0933861340585527,0.0029066138659414476,2.9066138659414475,50.50863819887239,0.01,0.01,0.0001,0.17453292519943295,0.17453292519943295,0.5235987755982988,0.02,solved,1.8144709642436272,0.19467315295305415,-0.4240557666281546,0.6399995320814122,0.0,0.0,0.0,-2.6179938779914944,0.0007741431254697194,0.7771586270158223,-0.7101789904000756,-0.10001348860262022,-0.9998191340996018,-0.019007379971575727,-0.0006469891333846915,0.7771585700416986,-0.710175692749982,-0.10001348323661026,-0.9998187237230326,-0.01902896021867644,-0.0006468120609902444,3.298142233173134e-06,0.003298142233173134,3.298146598364468e-06,0.0032981465983644683,-0.4240557666281546,0.6399995320814122,0.0,0.0,0.0,-2.6179938779914944,0.0007741431254697194,-0.4240557666281546,0.6399995320814122,0.0,0.0,0.0,-2.6179938779914944,0.004033485658071485,-0.4240557666281546,0.6399995320814122,0.0,0.0,0.0,-2.6179938779914944,-0.0007151506768854882,-0.4240557666281546,0.6399995320814122,0.0,0.0,0.0,-2.6179938779914944,-0.0019113651515871596,-0.4240557666281546,0.6399995320814122,0.0,0.0,0.0,-2.6179938779914944,-0.0019281502812876247,-0.4240557666281546,0.6399995320814122,0.0,0.0,0.0,-1.570796326794897,-0.0019349696460677513,-0.4240557666281546,0.6399995320814122,0.0,0.0,0.0,-1.570796326794897,-0.0019371490631295203,-0.4240557666281546,0.6399995320814122,0.0,0.0,0.0,-1.570796326794897,-0.0019392045591566337,-0.4240557666281546,0.6399995320814122,0.0,0.0,0.0,-1.570796326794897,-0.0019411277756280988,-0.4240557666281546,0.6399995320814122,0.0,0.0,0.0,-1.570796326794897,-0.00194291657768724,-0.4240557666281546,0.6399995320814122,0.0,0.0,0.0,-1.570796326794897,-0.0019445729344910927,-0.4240557666281546,0.6399995320814122,0.0,0.0,0.0,-1.570796326794897,-0.0019460902767739078
64,solved,0,lti,1,23,23,23,34,-0.4340557666281546,0.6499995320814123,0.0,0.0,0.0,-2.0943951023931957,0.0006576567053398983,0.4796000420518364,-0.2809275694963881,-0.1,0.00033217084786217013,0.02585874158235728,0.9996654137001082,-0.0005251648277681416,0.02098925105825077,0.7771450959358096,-0.7101529257663438,-0.10001347317638447,-0.99985550192718,-0.01698702571862707,-0.0006451536108572647,3.2422058722156023e-06,0.0032422058722156024,3.2422095455039756e-06,0.0032422095455039756,1,1.8144714480350308,0.2463988817516373,,20,0.7010592633823498,0.0010856813148675214,1.0856813148675213,0.0029143186851324785,2.9143186851324785,50.37350077219171,0.01,0.01,0.0001,0.17453292519943295,0.17453292519943295,0.5235987755982988,0.02,solved,1.8144714480350308,0.2463988817516373,-0.4340557666281546,0.6499995320814123,0.0,0.0,0.0,-2.0943951023931957,0.0006576567053398983,0.7771450959358096,-0.7101529257663438,-0.10001347317638447,-0.99985550192718,-0.01698702571862707,-0.0006451536108572647,0.7771450461073007,-0.7101496839433941,-0.10001346829590009,-0.999855165823703,-0.017006803575889667,-0.0006449866558103569,3.2422058722156023e-06,0.0032422058722156024,3.2422095455039756e-06,0.0032422095455039756,-0.4340557666281546,0.6499995320814123,0.0,0.0,0.0,-2.0943951023931957,0.0006576567053398983,-0.4340557666281546,0.6499995320814123,0.0,0.0,0.0,-2.0943951023931957,0.004250166260747938,-0.4340557666281546,0.6499995320814123,0.0,0.0,0.0,-2.0943951023931957,-0.0004975286887674389,-0.4340557666281546,0.6499995320814123,0.0,0.0,0.0,-2.0943951023931957,-0.001693501957450836,-0.4340557666281546,0.6499995320814123,0.0,0.0,0.0,-1.0471975511965983,-0.0017134508786048465,-0.4340557666281546,0.6499995320814123,0.0,0.0,0.0,-1.0471975511965983,-0.0017151231657557805,-0.4340557666281546,0.6499995320814123,0.0,0.0,0.0,-1.0471975511965983,-0.0017167053823816262,-0.4340557666281546,0.6499995320814123,0.0,0.0,0.0,-1.0471975511965983,-0.0017181877593700004,-0.4340557666281546,0.6499995320814123,0.0,0.0,0.0,-1.0471975511965983,-0.0017195667298966506,-0.4340557666281546,0.6499995320814123,0.0,0.0,0.0,-1.0471975511965983,-0.001720842808133621,-0.4340557666281546,0.6499995320814123,0.0,0.0,0.0,-1.0471975511965983,-0.0017220191035266428,-0.4340557666281546,0.6499995320814123,0.0,0.0,0.0,-1.0471975511965983,-0.0017230909726707907
65,solved,0,lti,1,23,23,23,34,-0.4440557666281546,0.6599995320814123,0.0,0.0,0.0,-1.570796326794897,0.0005527693203824933,0.4707189267192733,-0.26772757885475984,-0.1,0.0003238809381782428,0.010153489594940796,0.9999482589181687,-0.0005303175523957283,0.021000306444658418,0.7771337530894931,-0.7101308239095051,-0.1000134622602477,-0.9998831076256589,-0.015276015347394112,-0.000643770115342496,3.116856600715772e-06,0.003116856600715772,3.1168598353108974e-06,0.0031168598353108973,1,1.8144719294668896,0.3293059536734879,,20,0.7297173002829328,0.001078935195642138,1.078935195642138,0.002921064804357862,2.921064804357862,50.25772426377509,0.01,0.01,0.0001,0.17453292519943295,0.17453292519943295,0.5235987755982988,0.02,solved,1.8144719294668896,0.3293059536734879,-0.4440557666281546,0.6599995320814123,0.0,0.0,0.0,-1.570796326794897,0.0005527693203824933,0.7771337530894931,-0.7101308239095051,-0.1000134622602477,-0.9998831076256589,-0.015276015347394112,-0.000643770115342496,0.7771337102522549,-0.71012770734729,-0.10001345776986366,-0.9998828184590924,-0.015294937448738987,-0.0006436138133288684,3.116856600715772e-06,0.003116856600715772,3.1168598353108974e-06,0.0031168598353108973,-0.4440557666281546,0.6599995320814123,0.0,0.0,0.0,-1.570796326794897,0.0005527693203824933,-0.4440557666281546,0.6599995320814123,0.0,0.0,0.0,-1.570796326794897,0.00443559773307994,-0.4440557666281546,0.6599995320814123,0.0,0.0,0.0,-1.570796326794897,-0.00031115475125026985,-0.4440557666281546,0.6599995320814123,0.0,0.0,0.0,-0.5235987755982995,-0.0015097824340612514,-0.4440557666281546,0.6599995320814123,0.0,0.0,0.0,-0.5235987755982995,-0.0015256304789294886,-0.4440557666281546,0.6599995320814123,0.0,0.0,0.0,-0.5235987755982995,-0.0015268386596775864,-0.4440557666281546,0.6599995320814123,0.0,0.0,0.0,-0.5235987755982995,-0.0015279764747628804,-0.4440557666281546,0.6599995320814123,0.0,0.0,0.0,-0.5235987755982995,-0.0015290385569921934,-0.4440557666281546,0.6599995320814123,0.0,0.0,0.0,-0.5235987755982995,-0.0015300235962547293,-0.4440557666281546,0.6599995320814123,0.0,0.0,0.0,-0.5235987755982995,-0.0015309329199585358,-0.4440557666281546,0.6599995320814123,0.0,0.0,0.0,-0.5235987755982995,-0.0015317694805715276,-0.4440557666281546,0.6599995320814123,0.0,0.0,0.0,-0.5235987755982995,-0.0015325291697420348
66,solved,0,lti,1,23,23,23,34,-0.4540557666281546,0.6699995320814123,0.0,0.0,0.0,-1.0471975511965983,0.0004604768019344421,0.4616378113867102,-0.2543275882131316,-0.1,0.00031830980865916,-0.0003183094221428807,0.999999756271742,-0.0005336800860118201,0.021009515980697106,0.7771243255414468,-0.7101122651066502,-0.10001345502224107,-0.9999040048083748,-0.013840810166996493,-0.0006427613045389151,2.94343159273455e-06,0.0029434315927345496,2.9434343598414543e-06,0.0029434343598414544,1,1.8144723895967658,0.46433710729093935,,20,0.7539325812705824,0.0010731154306143757,1.0731154306143758,0.0029268845693856244,2.9268845693856242,50.15967784759115,0.01,0.01,0.0001,0.17453292519943295,0.17453292519943295,0.5235987755982988,0.02,solved,1.8144723895967658,0.46433710729093935,-0.4540557666281546,0.6699995320814123,0.0,0.0,0.0,-1.0471975511965983,0.0004604768019344421,0.7771243255414468,-0.7101122651066502,-0.10001345502224107,-0.9999040048083748,-0.013840810166996493,-0.0006427613045389151,0.7771242891207344,-0.7101093219003929,-0.10001345098620497,-0.9999037404734289,-0.013859900122527365,-0.0006426164014574447,2.94343159273455e-06,0.0029434315927345496,2.9434343598414543e-06,0.0029434343598414544,-0.4540557666281546,0.6699995320814123,0.0,0.0,0.0,-1.0471975511965983,0.0004604768019344421,-0.4540557666281546,0.6699995320814123,0.0,0.0,0.0,-1.0471975511965983,0.004592518435732587,-0.4540557666281546,0.6699995320814123,0.0,0.0,0.0,-6.661338564107969e-16,-0.00015568872793876256,-0.4540557666281546,0.6699995320814123,0.0,0.0,0.0,-6.661337731345625e-16,-0.0013511011176073574,-0.4540557666281546,0.6699995320814123,0.0,0.0,0.0,-6.661337870140274e-16,-0.0013665908471124206,-0.4540557666281546,0.6699995320814123,0.0,0.0,0.0,-6.661338008995904e-16,-0.0013674533651288905,-0.4540557666281546,0.6699995320814123,0.0,0.0,0.0,-6.66133703749321e-16,-0.001368264451443134,-0.4540557666281546,0.6699995320814123,0.0,0.0,0.0,-6.66133766204774e-16,-0.001369021070692262,-0.4540557666281546,0.6699995320814123,0.0,0.0,0.0,-6.661337870181365e-16,-0.0013697227918738658,-0.4540557666281546,0.6699995320814123,0.0,0.0,0.0,-6.661338494695326e-16,-0.0013703708533639647,-0.4540557666281546,0.6699995320814123,0.0,0.0,0.0,-6.661338564079472e-16,-0.0013709675364649825,-0.4540557666281546,0.6699995320814123,0.0,0.0,0.0,-6.661338060998828e-16,-0.0013715086721923214
67,solved,0,lti,1,23,23,23,34,-0.4640557666281546,0.6799995320814123,0.0,0.0,0.0,-0.5235987755982995,0.0003808626701833578,0.4523566960541471,-0.24072759757150336,-0.1,0.0003155111157191545,-0.0055542676141033245,0.9999843818658883,-0.0005353394291025733,0.021017133234100774,0.7771165428904692,-0.7100968003596506,-0.10001345074675122,-0.9999198309319807,-0.012645926978397191,-0.0006420590441129974,2.7383252097450696e-06,0.0027383252097450696,2.738327706078267e-06,0.002738327706078267,1,1.814472815186814,0.6062589404597728,,20,0.7742025904305319,0.0010681551050675659,1.068155105067566,0.002931844894932434,2.931844894932434,50.07743794525364,0.01,0.01,0.0001,0.17453292519943295,0.17453292519943295,0.5235987755982988,0.02,solved,1.814472815186814,0.6062589404597728,-0.4640557666281546,0.6799995320814123,0.0,0.0,0.0,-0.5235987755982995,0.0003808626701833578,0.7771165428904692,-0.7100968003596506,-0.10001345074675122,-0.9999198309319807,-0.012645926978397191,-0.0006420590441129974,0.7771165121418577,-0.7100940622070842,-0.10001344704924524,-0.9999195741088274,-0.012666224566527516,-0.000641926204006704,2.7383252097450696e-06,0.0027383252097450696,2.738327706078267e-06,0.002738327706078267,-0.4640557666281546,0.6799995320814123,0.0,0.0,0.0,-0.5235987755982995,0.0003808626701833578,-0.4640557666281546,0.6799995320814123,0.0,0.0,0.0,0.5235987755982981,0.004722174909000593,-0.4640557666281546,0.6799995320814123,0.0,0.0,0.0,0.5235987755982981,-2.2805888943794524e-05,-0.4640557666281546,0.6799995320814123,0.0,0.0,0.0,0.5235987755982981,-0.0012179866320570119,-0.4640557666281546,0.6799995320814123,0.0,0.0,0.0,0.5235987755982981,-0.001233208647807302,-0.4640557666281546,0.6799995320814123,0.0,0.0,0.0,0.5235987755982981,-0.0012338159618845849,-0.4640557666281546,0.6799995320814123,0.0,0.0,0.0,0.5235987755982981,-0.001234388270067043,-0.4640557666281546,0.6799995320814123,0.0,0.0,0.0,0.5235987755982981,-0.0012349236609993709,-0.4640557666281546,0.6799995320814123,0.0,0.0,0.0,0.5235987755982981,-0.0012354218638015487,-0.4640557666281546,0.6799995320814123,0.0,0.0,0.0,0.5235987755982981,-0.0012358836760993606,-0.4640557666281546,0.6799995320814123,0.0,0.0,0.0,0.5235987755982981,-0.0012363105643725097,-0.4640557666281546,0.6799995320814123,0.0,0.0,0.0,0.5235987755982981,-0.0012366981025134912
68,solved,0,lti,1,23,23,23,34,-0.47405576662815463,0.6899995320814123,0.0,0.0,0.0,1.047197551196597,0.00031160581257818097,0.442875580721584,-0.22692760692987513,-0.1,0.000321099774974968,0.00491765749643114,0.9999877151791312,-0.0005320061118119223,0.021023365350352336,0.7771102060200683,-0.710086212426912,-0.10001345313999487,-0.9999298421923297,-0.011827874250793907,-0.0006419376372630106,2.4485759943092963e-06,0.0024485759943092965,2.4485782150723536e-06,0.0024485782150723535,1,1.8144731956193356,0.5368623146976828,,20,0.791045402644173,0.0010639662872938952,1.0639662872938953,0.002936033712706105,2.936033712706105,50.00897018749895,0.01,0.01,0.0001,0.17453292519943295,0.17453292519943295,0.5235987755982988,0.02,solved,1.8144731956193356,0.5368623146976828,-0.47405576662815463,0.6899995320814123,0.0,0.0,0.0,1.047197551196597,0.00031160581257818097,0.7771102060200683,-0.710086212426912,-0.10001345313999487,-0.9999298421923297,-0.011827874250793907,-0.0006419376372630106,0.7771101808414541,-0.7100837639803764,-0.10001344984220482,-0.9999295250386171,-0.011854662395894066,-0.0006418220352501369,2.4485759943092963e-06,0.0024485759943092965,2.4485782150723536e-06,0.0024485782150723535,-0.47405576662815463,0.6899995320814123,0.0,0.0,0.0,1.047197551196597,0.00031160581257818097,-0.47405576662815463,0.6899995320814123,0.0,0.0,0.0,1.047197551196597,0.004832044843665603,-0.47405576662815463,0.6899995320814123,0.0,0.0,0.0,1.047197551196597,8.778939174501759e-05,-0.47405576662815463,0.6899995320814123,0.0,0.0,0.0,1.047197551196597,-0.0011072118752382947,-0.47405576662815463,0.6899995320814123,0.0,0.0,0.0,1.047197551196597,-0.0011222349278494203,-0.47405576662815463,0.6899995320814123,0.0,0.0,0.0,1.047197551196597,-0.0011226543891384208,-0.47405576662815463,0.6899995320814123,0.0,0.0,0.0,1.047197551196597,-0.001123052345218268,-0.47405576662815463,0.6899995320814123,0.0,0.0,0.0,1.047197551196597,-0.0011234273345184294,-0.47405576662815463,0.6899995320814123,0.0,0.0,0.0,1.047197551196597,-0.0011237789189907795,-0.47405576662815463,0.6899995320814123,0.0,0.0,0.0,1.047197551196597,-0.001124107350671422,-0.47405576662815463,0.6899995320814123,0.0,0.0,0.0,1.047197551196597,-0.0011244133305398822,-0.47405576662815463,0.6899995320814123,0.0,0.0,0.0,1.047197551196597,-0.0011246921670434445
69,solved,0,lti,1,23,23,23,34,-0.48405576662815464,0.6999995320814123,0.0,0.0,0.0,1.5707963267948957,0.00021089694108284384,0.4331944653890209,-0.21292761628824688,-0.1,0.0003294165505026478,0.02062417516747092,0.9997871059696124,-0.0005268968634838805,0.021027583289173993,0.7771059056124631,-0.7100773339370037,-0.10001345603420059,-0.9999377105428185,-0.011142842091590296,-0.0006419536652080669,2.162733965761001e-06,0.002162733965761001,2.1627360194983107e-06,0.0021627360194983107,1,1.8144735808516148,0.3906889625720213,,20,0.803236412312572,0.0010618628014276152,1.0618628014276152,0.0029381371985723846,2.9381371985723845,49.9620957118402,0.01,0.01,0.0001,0.17453292519943295,0.17453292519943295,0.5235987755982988,0.02,solved,1.8144735808516148,0.3906889625720213,-0.48405576662815464,0.6999995320814123,0.0,0.0,0.0,1.5707963267948957,0.00021089694108284384,0.7771059056124631,-0.7100773339370037,-0.10001345603420059,-0.9999377105428185,-0.011142842091590296,-0.0006419536652080669,0.7771058847380409,-0.7100751713037788,-0.10001345305370078,-0.999937325829697,-0.011177317821435983,-0.0006418558036856226,2.162733965761001e-06,0.002162733965761001,2.1627360194983107e-06,0.0021627360194983107,-0.48405576662815464,0.6999995320814123,0.0,0.0,0.0,1.5707963267948957,0.00021089694108284384,-0.48405576662815464,0.6999995320814123,0.0,0.0,0.0,1.5707963267948957,0.004906491167326869,-0.48405576662815464,0.6999995320814123,0.0,0.0,0.0,1.5707963267948957,0.00016274672442871376,-0.48405576662815464,0.6999995320814123,0.0,0.0,0.0,1.5707963267948957,-0.001032125254066865,-0.48405576662815464,0.6999995320814123,0.0,0.0,0.0,1.5707963267948957,-0.001047011240327149,-0.48405576662815464,0.6999995320814123,0.0,0.0,0.0,1.5707963267948957,-0.0010473019711206132,-0.48405576662815464,0.6999995320814123,0.0,0.0,0.0,1.5707963267948957,-0.0010475809863652373,-0.48405576662815464,0.6999995320814123,0.0,0.0,0.0,1.5707963267948957,-0.00104784704699153,-0.48405576662815464,0.6999995320814123,0.0,0.0,0.0,1.5707963267948957,-0.001048099535059202,-0.48405576662815464,0.6999995320814123,0.0,0.0,0.0,1.5707963267948957,-0.0010483382755119858,-0.48405576662815464,0.6999995320814123,0.0,0.0,0.0,1.5707963267948957,-0.0010485634006746304,-0.48405576662815464,0.6999995320814123,0.0,0.0,0.0,1.5707963267948957,-0.00104876997842692
70,solved,0,lti,1,23,23,23,34,-0.49405576662815465,0.7099995320814123,0.0,0.0,0.0,2.0943951023931944,0.0001751161479132861,0.4233133500564578,-0.19872762564661864,-0.1,0.00034037879935976643,0.04155761331222092,0.9991359159995318,-0.0005198825265775129,0.02103108561213226,0.7771023368989204,-0.710069773697055,-0.10001345976910567,-0.999944037623132,-0.010559799662377134,-0.0006420693410214469,1.878594701026762e-06,0.001878594701026762,1.8785966166669325e-06,0.0018785966166669325,1,1.8144738182803282,0.2931893176912205,,20,0.8127963857607159,0.001059330842873382,1.059330842873382,0.002940669157126618,2.940669157126618,49.92284367193197,0.01,0.01,0.0001,0.17453292519943295,0.17453292519943295,0.5235987755982988,0.02,solved,1.8144738182803282,0.2931893176912205,-0.49405576662815465,0.7099995320814123,0.0,0.0,0.0,2.0943951023931944,0.0001751161479132861,0.7771023368989204,-0.710069773697055,-0.10001345976910567,-0.999944037623132,-0.010559799662377134,-0.0006420693410214469,0.7771023197592539,-0.7100678951805439,-0.10001345708630366,-0.9999436059408338,-0.01060060323110545,-0.0006419884572723269,1.878594701026762e-06,0.001878594701026762,1.8785966166669325e-06,0.0018785966166669325,-0.49405576662815465,0.7099995320814123,0.0,0.0,0.0,2.0943951023931944,0.0001751161479132861,-0.49405576662815465,0.7099995320814123,0.0,0.0,0.0,2.0943951023931944,0.004968771048709245,-0.49405576662815465,0.7099995320814123,0.0,0.0,0.0,2.0943951023931944,0.0002254597068193477,-0.49405576662815465,0.7099995320814123,0.0,0.0,0.0,2.0943951023931944,-0.0009693077961209876,-0.49405576662815465,0.7099995320814123,0.0,0.0,0.0,2.0943951023931944,-0.0009840869202500655,-0.49405576662815465,0.7099995320814123,0.0,0.0,0.0,2.0943951023931944,-0.0009842784645877508,-0.49405576662815465,0.7099995320814123,0.0,0.0,0.0,2.0943951023931944,-0.0009844667351278926,-0.49405576662815465,0.7099995320814123,0.0,0.0,0.0,2.0943951023931944,-0.0009846504249394373,-0.49405576662815465,0.7099995320814123,0.0,0.0,0.0,2.0943951023931944,-0.0009848286165316596,-0.49405576662815465,0.7099995320814123,0.0,0.0,0.0,2.0943951023931944,-0.000985000694969818,-0.49405576662815465,0.7099995320814123,0.0,0.0,0.0,2.0943951023931944,-0.000985166278090507,-0.49405576662815465,0.7099995320814123,0.0,0.0,0.0,2.0943951023931944,-0.0009853202119111408
71,solved,0,lti,1,23,23,23,34,-0.5040557666281547,0.7199995320814123,0.0,0.0,0.0,2.617993877991493,0.00014804851134884276,0.4132322347238947,-0.1843276350049904,-0.1,0.00035387109807076214,0.0676977017817226,0.9977056855796225,-0.0005107942975840741,0.021034046582359238,0.777099320705301,-0.7100631556814689,-0.10001346402493591,-0.9999492948258787,-0.010049641296686113,-0.0006422515361591237,1.6005633423930995e-06,0.0016005633423930995,1.6005651636243363e-06,0.0016005651636243363,1,1.8144740184177062,0.2311549851275753,,20,0.8208759805183666,0.001057104192888097,1.057104192888097,0.002942895807111903,2.942895807111903,49.889435833564086,0.01,0.01,0.0001,0.17453292519943295,0.17453292519943295,0.5235987755982988,0.02,solved,1.8144740184177062,0.2311549851275753,-0.5040557666281547,0.7199995320814123,0.0,0.0,0.0,2.617993877991493,0.00014804851134884276,0.777099320705301,-0.7100631556814689,-0.10001346402493591,-0.9999492948258787,-0.010049641296686113,-0.0006422515361591237,0.7770993068088664,-0.7100615551784536,-0.1000134616103976,-0.9999488188100297,-0.01009689831554313,-0.0006421875363394072,1.6005633423930995e-06,0.0016005633423930995,1.6005651636243363e-06,0.0016005651636243363,-0.5040557666281547,0.7199995320814123,0.0,0.0,0.0,2.617993877991493,0.00014804851134884276,-0.5040557666281547,0.7199995320814123,0.0,0.0,0.0,2.617993877991493,0.005021777582478534,-0.5040557666281547,0.7199995320814123,0.0,0.0,0.0,2.617993877991493,0.00027883729054961793,-0.5040557666281547,0.7199995320814123,0.0,0.0,0.0,2.617993877991493,-0.0009158450001776525,-0.5040557666281547,0.7199995320814123,0.0,0.0,0.0,2.617993877991493,-0.0009305396364110305,-0.5040557666281547,0.7199995320814123,0.0,0.0,0.0,2.617993877991493,-0.0009306536262457757,-0.5040557666281547,0.7199995320814123,0.0,0.0,0.0,2.617993877991493,-0.0009307716723495702,-0.5040557666281547,0.7199995320814123,0.0,0.0,0.0,2.617993877991493,-0.0009308922850516473,-0.5040557666281547,0.7199995320814123,0.0,0.0,0.0,2.617993877991493,-0.0009310142303297401,-0.5040557666281547,0.7199995320814123,0.0,0.0,0.0,2.617993877991493,-0.000931136496550157,-0.5040557666281547,0.7199995320814123,0.0,0.0,0.0,2.617993877991493,-0.0009312582594095981,-0.5040557666281547,0.7199995320814123,0.0,0.0,0.0,2.617993877991493,-0.0009313741827946344
72,solved,0,lti,1,23,23,23,34,-0.5140557666281547,0.7299995320814123,0.0,0.0,0.0,3.141592653589792,0.00012885923270773738,0.4029511193913316,-0.16972764436336213,-0.1,0.00036974092066544706,0.09900298997313495,0.9950869418502138,-0.0004994268916264744,0.02103662376701339,0.7770966956874854,-0.7100571428570128,-0.10001346852510481,-0.999953843838174,-0.009586314408098432,-0.0006424712676761702,1.3300457311948978e-06,0.0013300457311948978,1.3300474536773429e-06,0.0013300474536773429,1,1.8144741869349785,0.18967117747609294,,20,0.8278781493808604,0.0010550733743303529,1.0550733743303529,0.0029449266256696472,2.9449266256696474,49.860204358226795,0.01,0.01,0.0001,0.17453292519943295,0.17453292519943295,0.5235987755982988,0.02,solved,1.8144741869349785,0.18967117747609294,-0.5140557666281547,0.7299995320814123,0.0,0.0,0.0,3.141592653589792,0.00012885923270773738,0.7770966956874854,-0.7100571428570128,-0.10001346852510481,-0.999953843838174,-0.009586314408098432,-0.0006424712676761702,0.7770966846350317,-0.7100558128572044,-0.1000134663845526,-0.9999533281213551,-0.009639962166248628,-0.0006424238935644501,1.3300457311948978e-06,0.0013300457311948978,1.3300474536773429e-06,0.0013300474536773429,-0.5140557666281547,0.7299995320814123,0.0,0.0,0.0,3.141592653589792,0.00012885923270773738,-0.5140557666281547,0.7299995320814123,0.0,0.0,0.0,3.141592653589792,0.005068199321735189,-0.5140557666281547,0.7299995320814123,0.0,0.0,0.0,3.141592653589792,0.0003255831667586195,-0.5140557666281547,0.7299995320814123,0.0,0.0,0.0,3.141592653589792,-0.0008690293093634024,-0.5140557666281547,0.7299995320814123,0.0,0.0,0.0,3.141592653589792,-0.0008836565954178237,-0.5140557666281547,0.7299995320814123,0.0,0.0,0.0,3.141592653589792,-0.0008837094975138931,-0.5140557666281547,0.7299995320814123,0.0,0.0,0.0,3.141592653589792,-0.0008837729635099181,-0.5140557666281547,0.7299995320814123,0.0,0.0,0.0,3.141592653589792,-0.0008838453218988092,-0.5140557666281547,0.7299995320814123,0.0,0.0,0.0,3.141592653589792,-0.0008839250692523758,-0.5140557666281547,0.7299995320814123,0.0,0.0,0.0,3.141592653589792,-0.0008840108664931016,-0.5140557666281547,0.7299995320814123,0.0,0.0,0.0,3.141592653589792,-0.0008841015257046263,-0.5140557666281547,0.7299995320814123,0.0,0.0,0.0,3.141592653589792,-0.0008841915667092619
73,solved,0,lti,1,23,23,23,34,-0.5240557666281547,0.7399995320814123,0.0,0.0,0.0,3.6651914291880905,0.00011656681324617614,0.39247000405876853,-0.1549276537217339,-0.1,0.0003877934538998242,0.13540017498399448,0.9907907985436357,-0.0004855427948251933,0.021038955103278315,0.7770943210043114,-0.7100514350322745,-0.1000134730210218,-0.9999579620695296,-0.009146640204335494,-0.0006427026727170988,1.0680968779798765e-06,0.0010680968779798765,1.0680985935540596e-06,0.0010680985935540596,1,1.8144743303903959,0.16037768740939365,,20,0.8341645508244737,0.0010531408305969599,1.0531408305969598,0.0029468591694030402,2.9468591694030404,49.833656400721765,0.01,0.01,0.0001,0.17453292519943295,0.17453292519943295,0.5235987755982988,0.02,solved,1.8144743303903959,0.16037768740939365,-0.5240557666281547,0.7399995320814123,0.0,0.0,0.0,3.6651914291880905,0.00011656681324617614,0.7770943210043114,-0.7100514350322745,-0.1000134730210218,-0.9999579620695296,-0.009146640204335494,-0.0006427026727170988,0.7770943124637917,-0.7100503669695422,-0.1000134711066546,-0.9999574134273094,-0.00920642737611339,-0.0006426715593754571,1.0680968779798765e-06,0.0010680968779798765,1.0680985935540596e-06,0.0010680985935540596,-0.5240557666281547,0.7399995320814123,0.0,0.0,0.0,3.6651914291880905,0.00011656681324617614,-0.5240557666281547,0.7399995320814123,0.0,0.0,0.0,3.6651914291880905,0.005110436102775619,-0.5240557666281547,0.7399995320814123,0.0,0.0,0.0,3.6651914291880905,0.00036811119759907226,-0.5240557666281547,0.7399995320814123,0.0,0.0,0.0,3.6651914291880905,-0.0008264440656370224,-0.5240557666281547,0.7399995320814123,0.0,0.0,0.0,3.6651914291880905,-0.0008410176435320739,-0.5240557666281547,0.7399995320814123,0.0,0.0,0.0,3.6651914291880905,-0.0008410226223475488,-0.5240557666281547,0.7399995320814123,0.0,0.0,0.0,3.6651914291880905,-0.0008410442009075159,-0.5240557666281547,0.7399995320814123,0.0,0.0,0.0,3.6651914291880905,-0.0008410805967027291,-0.5240557666281547,0.7399995320814123,0.0,0.0,0.0,3.6651914291880905,-0.0008411301161581712,-0.5240557666281547,0.7399995320814123,0.0,0.0,0.0,3.6651914291880905,-0.0008411911675812747,-0.5240557666281547,0.7399995320814123,0.0,0.0,0.0,3.6651914291880905,-0.0008412622623812928,-0.5240557666281547,0.7399995320814123,0.0,0.0,0.0,3.6651914291880905,-0.0008413378006809813
74,solved,0,lti,1,23,23,23,34,-0.5340557666281547,0.7499995320814123,0.0,0.0,0.0,4.18879020478639,0.00011038718875332659,0.3817888887262054,-0.13992766308010565,-0.1,0.00040778571510101104,0.17677141842377966,0.9842517358343223,-0.00046887778690589703,0.02104116284705338,0.7770920722030581,-0.7100457675316136,-0.10001347728550306,-0.9999618588058801,-0.008710200020917061,-0.000642922300707142,8.156364636885101e-07,0.0008156364636885101,8.156381901699008e-07,0.0008156381901699008,1,1.8144744551749217,0.13872778504974626,,20,0.8400554351455454,0.0010512174968341258,1.051217496834126,0.002948782503165874,2.948782503165874,49.80846381645129,0.01,0.01,0.0001,0.17453292519943295,0.17453292519943295,0.5235987755982988,0.02,solved,1.8144744551749217,0.13872778504974626,-0.5340557666281547,0.7499995320814123,0.0,0.0,0.0,4.18879020478639,0.00011038718875332659,0.7770920722030581,-0.7100457675316136,-0.10001347728550306,-0.9999618588058801,-0.008710200020917061,-0.000642922300707142,0.777092065887336,-0.7100449519196026,-0.10001347560730005,-0.9999612863027665,-0.008775680390885856,-0.0006429069866962129,8.156364636885101e-07,0.0008156364636885101,8.156381901699008e-07,0.0008156381901699008,-0.5340557666281547,0.7499995320814123,0.0,0.0,0.0,4.18879020478639,0.00011038718875332659,-0.5340557666281547,0.7499995320814123,0.0,0.0,0.0,4.18879020478639,0.005150650427939721,-0.5340557666281547,0.7499995320814123,0.0,0.0,0.0,4.18879020478639,0.0004085967962873128,-0.5340557666281547,0.7499995320814123,0.0,0.0,0.0,4.18879020478639,-0.0007859119938636953,-0.5340557666281547,0.7499995320814123,0.0,0.0,0.0,4.18879020478639,-0.0008004434240728632,-0.5340557666281547,0.7499995320814123,0.0,0.0,0.0,4.18879020478639,-0.0008004118659283537,-0.5340557666281547,0.7499995320814123,0.0,0.0,0.0,4.18879020478639,-0.0008004028655790192,-0.5340557666281547,0.7499995320814123,0.0,0.0,0.0,4.18879020478639,-0.0008004146360738503,-0.5340557666281547,0.7499995320814123,0.0,0.0,0.0,4.18879020478639,-0.0008004453755143504,-0.5340557666281547,0.7499995320814123,0.0,0.0,0.0,4.18879020478639,-0.000800493290014398,-0.5340557666281547,0.7499995320814123,0.0,0.0,0.0,4.18879020478639,-0.0008005566127801462,-0.5340557666281547,0.7499995320814123,0.0,0.0,0.0,4.18879020478639,-0.0008006296076287214
75,solved,0,lti,1,23,23,23,34,-0.5440557666281547,0.7599995320814124,0.0,0.0,0.0,4.712388980384689,0.00010947614819959954,0.37090777339364234,-0.1247276724384774,-0.1,0.0004294201903262554,0.22293978592613908,0.9748320192297948,-0.00044914793624637454,0.021043352370017372,0.7770898423266873,-0.7100399109092823,-0.10001348110669687,-0.9999656845275099,-0.008259308604301846,-0.0006431087055933465,5.737706132168762e-07,0.0005737706132168762,5.73772443640287e-07,0.000573772443640287,1,1.7517877974980265,0.1179116043846837,,20,0.8458333432442495,0.0010492250535720676,1.0492250535720675,0.0029507749464279323,2.9507749464279325,49.783456636429484,0.01,0.01,0.0001,0.17453292519943295,0.17453292519943295,0.5235987755982988,0.02,solved,1.7517877974980265,0.1179116043846837,-0.5440557666281547,0.7599995320814124,0.0,0.0,0.0,4.712388980384689,0.00010947614819959954,0.7770898423266873,-0.7100399109092823,-0.10001348110669687,-0.9999656845275099,-0.008259308604301846,-0.0006431087055933465,0.7770898379732697,-0.7100393371551849,-0.10001347965739026,-0.999965099476247,-0.008329840386793134,-0.0006431085366363568,5.737706132168762e-07,0.0005737706132168762,5.73772443640287e-07,0.000573772443640287,-0.5440557666281547,0.7599995320814124,0.0,0.0,0.0,4.712388980384689,0.00010947614819959954,-0.5440557666281547,0.7599995320814124,0.0,0.0,0.0,4.712388980384689,0.005190730469273293,-0.5440557666281547,0.7599995320814124,0.0,0.0,0.0,4.712388980384689,0.00044893959503420776,-0.5440557666281547,0.7599995320814124,0.0,0.0,0.0,4.712388980384689,-0.00074553241454535,-0.5440557666281547,0.7599995320814124,0.0,0.0,0.0,4.712388980384689,-0.0007600323678075496,-0.5440557666281547,0.7599995320814124,0.0,0.0,0.0,4.712388980384689,-0.0007599751521066326,-0.5440557666281547,0.7599995320814124,0.0,0.0,0.0,4.712388980384689,-0.0007599467979053314,-0.5440557666281547,0.7599995320814124,0.0,0.0,0.0,4.712388980384689,-0.0007599456085858491,-0.5440557666281547,0.7599995320814124,0.0,0.0,0.0,4.712388980384689,-0.0007599697132532764,-0.5440557666281547,0.7599995320814124,0.0,0.0,0.0,4.712388980384689,-0.0007600171032949679,-0.5440557666281547,0.7599995320814124,0.0,0.0,0.0,4.712388980384689,-0.0007600856778525094,-0.5440557666281547,0.7599995320814124,0.0,0.0,0.0,3.963849749628398,-0.0007603626208835702
76,solved,0,lti,1,23,23,23,34,-0.5540557666281547,0.7699995320814124,0.0,0.0,0.0,5.235987755982988,0.00011307259040827921,0.3598266580610792,-0.10932768179684915,-0.1,0.00045233827161772776,0.27365302060033564,0.96182827894627,-0.00042605827831894243,0.02104561382182554,0.7770875402050642,-0.7100336720859131,-0.10001348428435117,-0.999969535481801,-0.00777909685838083,-0.0006432420843837378,3.4389194066038075e-07,0.00034389194066038073,3.438941544552902e-07,0.00034389415445529016,1,1.8144746740120807,0.11167880315637878,,20,0.8517425997053137,0.001047094901001911,1.047094901001911,0.002952905098998089,2.9529050989980887,49.75762152909519,0.01,0.01,0.0001,0.17453292519943295,0.17453292519943295,0.5235987755982988,0.02,solved,1.8144746740120807,0.11167880315637878,-0.5540557666281547,0.7699995320814124,0.0,0.0,0.0,5.235987755982988,0.00011307259040827921,0.7770875402050642,-0.7100336720859131,-0.10001348428435117,-0.999969535481801,-0.00777909685838083,-0.0006432420843837378,0.7770875375602588,-0.7100333282041429,-0.10001348305040735,-0.9999689512244162,-0.007853840368398066,-0.0006432562545011896,3.4389194066038075e-07,0.00034389194066038073,3.438941544552902e-07,0.00034389415445529016,-0.5540557666281547,0.7699995320814124,0.0,0.0,0.0,5.235987755982988,0.00011307259040827921,-0.5540557666281547,0.7699995320814124,0.0,0.0,0.0,5.235987755982988,0.005232311899301442,-0.5540557666281547,0.7699995320814124,0.0,0.0,0.0,5.235987755982988,0.0004907853594411581,-0.5540557666281547,0.7699995320814124,0.0,0.0,0.0,5.235987755982988,-0.0007036591959664829,-0.5540557666281547,0.7699995320814124,0.0,0.0,0.0,5.235987755982988,-0.0007181384270747012,-0.5540557666281547,0.7699995320814124,0.0,0.0,0.0,5.235987755982988,-0.0007180669369959793,-0.5540557666281547,0.7699995320814124,0.0,0.0,0.0,5.235987755982988,-0.0007180313527732033,-0.5540557666281547,0.7699995320814124,0.0,0.0,0.0,5.235987755982988,-0.0007180300904026904,-0.5540557666281547,0.7699995320814124,0.0,0.0,0.0,5.235987755982988,-0.0007180611467436265,-0.5540557666281547,0.7699995320814124,0.0,0.0,0.0,5.235987755982988,-0.0007181221711613767,-0.5540557666281547,0.7699995320814124,0.0,0.0,0.0,4.487448525226697,-0.0007185433219030708,-0.5540557666281547,0.7699995320814124,0.0,0.0,0.0,3.4402509740300995,-0.0007188292742779037
77,solved,0,lti,1,23,23,23,34,-0.5640557666281547,0.7799995320814124,0.0,0.0,0.0,5.759586531581287,0.00012040977772256928,0.3485455427285161,-0.09372769115522091,-0.1,0.0004761138420303906,0.32856596268779253,0.9444808214185589,-0.00039931338309813133,0.02104802201737999,0.7770850905486608,-0.7100268968840169,-0.10001348663053528,-0.9999734555934024,-0.007257704053646498,-0.00064330432862552,1.2774643867251243e-07,0.00012774643867251244,1.2775055034879154e-07,0.00012775055034879154,1,1.8144747796244118,0.10452443991568246,,20,0.8579895667035262,0.0010447701954930855,1.0447701954930855,0.0029552298045069144,2.9552298045069145,49.73010653677145,0.01,0.01,0.0001,0.17453292519943295,0.17453292519943295,0.5235987755982988,0.02,solved,1.8144747796244118,0.10452443991568246,-0.5640557666281547,0.7799995320814124,0.0,0.0,0.0,5.759586531581287,0.00012040977772256928,0.7770850905486608,-0.7100268968840169,-0.10001348663053528,-0.9999734555934024,-0.007257704053646498,-0.00064330432862552,0.777085089356284,-0.7100267691431431,-0.10001348560558605,-0.9999728869967146,-0.00733562509666139,-0.0006433318717949636,1.2774643867251243e-07,0.00012774643867251244,1.2775055034879154e-07,0.00012775055034879154,-0.5640557666281547,0.7799995320814124,0.0,0.0,0.0,5.759586531581287,0.00012040977772256928,-0.5640557666281547,0.7799995320814124,0.0,0.0,0.0,5.759586531581287,0.005276770566353136,-0.5640557666281547,0.7799995320814124,0.0,0.0,0.0,5.759586531581287,0.00053551867954602,-0.5640557666281547,0.7799995320814124,0.0,0.0,0.0,5.759586531581287,-0.0006589078966609129,-0.5640557666281547,0.7799995320814124,0.0,0.0,0.0,5.759586531581287,-0.0006733779510601259,-0.5640557666281547,0.7799995320814124,0.0,0.0,0.0,5.759586531581287,-0.0006733047385182074,-0.5640557666281547,0.7799995320814124,0.0,0.0,0.0,5.759586531581287,-0.0006732754778984335,-0.5640557666281547,0.7799995320814124,0.0,0.0,0.0,5.759586531581287,-0.000673288569933953,-0.5640557666281547,0.7799995320814124,0.0,0.0,0.0,4.712388980384689,-0.0006733990464050857,-0.5640557666281547,0.7799995320814124,0.0,0.0,0.0,3.9638497496283986,-0.0006738330521843053,-0.5640557666281547,0.7799995320814124,0.0,0.0,0.0,2.916652198431801,-0.0006744556685935179,-0.5640557666281547,0.7799995320814124,0.0,0.0,0.0,2.916652198431801,-0.0006746079996594325
78,solved,0,lti,1,23,23,23,34,-0.5740557666281547,0.7899995320814124,0.0,0.0,0.0,5.235987755982988,0.0001306750671269188,0.33706442739595305,-0.07792770051359266,-0.1,0.0004963597923020673,0.37754598139716034,0.9259906294316843,-0.00037384826478139947,0.02105063551872253,0.7770824362729122,-0.7100197337832993,-0.10001348704512535,-0.9999773041265773,-0.006706527803015267,-0.0006432080303362243,2.5674286356691043e-07,0.00025674286356691043,2.5674426194472883e-07,0.0002567442619447288,1,1.8144748897288825,0.1035967226746662,,20,0.8647406558245766,0.0010422074324906558,1.0422074324906558,0.002957792567509344,2.957792567509344,49.70023208514112,0.01,0.01,0.0001,0.17453292519943295,0.17453292519943295,0.5235987755982988,0.02,solved,1.8144748897288825,0.1035967226746662,-0.5740557666281547,0.7899995320814124,0.0,0.0,0.0,5.235987755982988,0.0001306750671269188,0.7770824362729122,-0.7100197337832993,-0.10001348704512535,-0.9999773041265773,-0.006706527803015267,-0.0006432080303362243,0.777082434440552,-0.7100194770469745,-0.10001348789250307,-0.9999769003958379,-0.006766447772136719,-0.0006433189563514457,2.5674286356691043e-07,0.00025674286356691043,2.5674426194472883e-07,0.0002567442619447288,-0.5740557666281547,0.7899995320814124,0.0,0.0,0.0,5.235987755982988,0.0001306750671269188,-0.5740557666281547,0.7899995320814124,0.0,0.0,0.0,5.235987755982988,0.005325218273486195,-0.5740557666281547,0.7899995320814124,0.0,0.0,0.0,5.235987755982988,0.0005842587013832412,-0.5740557666281547,0.7899995320814124,0.0,0.0,0.0,5.235987755982988,-0.0006101597775676567,-0.5740557666281547,0.7899995320814124,0.0,0.0,0.0,5.235987755982988,-0.0006246333206794748,-0.5740557666281547,0.7899995320814124,0.0,0.0,0.0,5.235987755982988,-0.0006245722529953875,-0.5740557666281547,0.7899995320814124,0.0,0.0,0.0,5.235987755982988,-0.0006245641700991835,-0.5740557666281547,0.7899995320814124,0.0,0.0,0.0,4.18879020478639,-0.000625066432057067,-0.5740557666281547,0.7899995320814124,0.0,0.0,0.0,3.4402509740301,-0.0006255204338510264,-0.5740557666281547,0.7899995320814124,0.0,0.0,0.0,2.393053422833502,-0.0006261293386745435,-0.5740557666281547,0.7899995320814124,0.0,0.0,0.0,2.393053422833502,-0.0006262750990480807,-0.5740557666281547,0.7899995320814124,0.0,0.0,0.0,2.393053422833502,-0.0006264131975315972
79,solved,0,lti,1,23,23,23,34,-0.5840557666281547,0.7999995320814124,0.0,0.0,0.0,4.712388980384689,0.0001381528972585725,0.32538331206338994,-0.06192770987196441,-0.1,0.0005134194357265718,0.4207469900931182,0.9071778128856619,-0.0003500514983719157,0.0210533985766677,0.7770796356851293,-0.7100125905490985,-0.1000134861114856,-0.9999808391126498,-0.006156943849157259,-0.0006430007768281406,4.071543642816413e-07,0.0004071543642816413,4.071548780536887e-07,0.0004071548780536887,1,1.8144750153939813,0.1201072368194521,,20,0.8719203620068633,0.0010395467334458775,1.0395467334458774,0.0029604532665541226,2.9604532665541226,49.66865124494297,0.01,0.01,0.0001,0.17453292519943295,0.17453292519943295,0.5235987755982988,0.02,solved,1.8144750153939813,0.1201072368194521,-0.5840557666281547,0.7999995320814124,0.0,0.0,0.0,4.712388980384689,0.0001381528972585725,0.7770796356851293,-0.7100125905490985,-0.1000134861114856,-0.9999808391126498,-0.006156943849157259,-0.0006430007768281406,0.7770796331994794,-0.7100121834023216,-0.10001348675830035,-0.9999805356062081,-0.00620603174828465,-0.0006431008166985501,4.071543642816413e-07,0.0004071543642816413,4.071548780536887e-07,0.0004071548780536887,-0.5840557666281547,0.7999995320814124,0.0,0.0,0.0,4.712388980384689,0.0001381528972585725,-0.5840557666281547,0.7999995320814124,0.0,0.0,0.0,4.712388980384689,0.0053764065266944,-0.5840557666281547,0.7999995320814124,0.0,0.0,0.0,4.712388980384689,0.0006356525456953084,-0.5840557666281547,0.7999995320814124,0.0,0.0,0.0,4.712388980384689,-0.0005588487218332561,-0.5840557666281547,0.7999995320814124,0.0,0.0,0.0,4.712388980384689,-0.0005733963456205231,-0.5840557666281547,0.7999995320814124,0.0,0.0,0.0,4.712388980384689,-0.0005733933729069473,-0.5840557666281547,0.7999995320814124,0.0,0.0,0.0,3.665191429188091,-0.0005738069878822527,-0.5840557666281547,0.7999995320814124,0.0,0.0,0.0,2.9166521984318012,-0.0005741805614093705,-0.5840557666281547,0.7999995320814124,0.0,0.0,0.0,1.8694546472352034,-0.0005746824049624294,-0.5840557666281547,0.7999995320814124,0.0,0.0,0.0,1.8694546472352034,-0.0005747992078592114,-0.5840557666281547,0.7999995320814124,0.0,0.0,0.0,1.8694546472352034,-0.0005749111313657767,-0.5840557666281547,0.7999995320814124,0.0,0.0,0.0,1.8694546472352034,-0.0005750436980481295
80,solved,0,lti,1,23,23,23,34,-0.5940557666281547,0.8099995320814124,0.0,0.0,0.0,4.18879020478639,0.0001375321574213309,0.31350219673082685,-0.04572771923033616,-0.1,0.0005276277149841012,0.45836658746062525,0.8887630085484728,-0.00032824466922536745,0.021056149219816127,0.7770768520386395,-0.7100057510039689,-0.10001348422783811,-0.9999839402797663,-0.005630816287711993,-0.0006427211580105334,5.129455670242334e-07,0.0005129455670242335,5.129457925731322e-07,0.0005129457925731322,1,1.8144751636225043,0.1424613529868719,,20,0.8791806625522148,0.0010370098913734546,1.0370098913734547,0.0029629901086265457,2.9629901086265455,49.637161756923376,0.01,0.01,0.0001,0.17453292519943295,0.17453292519943295,0.5235987755982988,0.02,solved,1.8144751636225043,0.1424613529868719,-0.5940557666281547,0.8099995320814124,0.0,0.0,0.0,4.18879020478639,0.0001375321574213309,0.7770768520386395,-0.7100057510039689,-0.10001348422783811,-0.9999839402797663,-0.005630816287711993,-0.0006427211580105334,0.7770768492557094,-0.7100052380659512,-0.10001348470886687,-0.999983714308591,-0.005670794602946909,-0.0006428111429146301,5.129455670242334e-07,0.0005129455670242335,5.129457925731322e-07,0.0005129457925731322,-0.5940557666281547,0.8099995320814124,0.0,0.0,0.0,4.18879020478639,0.0001375321574213309,-0.5940557666281547,0.8099995320814124,0.0,0.0,0.0,4.18879020478639,0.005427540718695635,-0.5940557666281547,0.8099995320814124,0.0,0.0,0.0,4.18879020478639,0.0006870331941330286,-0.5940557666281547,0.8099995320814124,0.0,0.0,0.0,4.18879020478639,-0.0005075170153771949,-0.5940557666281547,0.8099995320814124,0.0,0.0,0.0,4.18879020478639,-0.000522109009385414,-0.5940557666281547,0.8099995320814124,0.0,0.0,0.0,3.1415926535897922,-0.0005224490297951085,-0.5940557666281547,0.8099995320814124,0.0,0.0,0.0,2.3930534228335025,-0.0005227551407027533,-0.5940557666281547,0.8099995320814124,0.0,0.0,0.0,1.3458558716369047,-0.0005231645444158658,-0.5940557666281547,0.8099995320814124,0.0,0.0,0.0,1.3458558716369047,-0.0005232583427168609,-0.5940557666281547,0.8099995320814124,0.0,0.0,0.0,1.3458558716369047,-0.0005233474672212492,-0.5940557666281547,0.8099995320814124,0.0,0.0,0.0,1.3458558716369047,-0.0005235493162711883,-0.5940557666281547,0.8099995320814124,0.0,0.0,0.0,1.3458558716369047,-0.0005239127600614579
81,solved,0,lti,1,23,23,23,34,-0.6040557666281547,0.8199995320814124,0.0,0.0,0.0,3.665191429188091,0.00013139127282568253,0.30142108139826373,-0.029327728588707913,-0.1,0.0005393014589717388,0.49062631840324333,0.871369858070906,-0.00030868998177000943,0.02105877704527264,0.7770741961341289,-0.7099993999453056,-0.1000134817168562,-0.999986571635483,-0.005142360519726671,-0.0006423994068568034,5.819888469004595e-07,0.0005819888469004596,5.8198895261616e-07,0.00058198895261616,1,1.8144753218191387,0.173989920914199,,20,0.8861990887178053,0.0010346583062342358,1.0346583062342358,0.0029653416937657643,2.9653416937657644,49.607016350104715,0.01,0.01,0.0001,0.17453292519943295,0.17453292519943295,0.5235987755982988,0.02,solved,1.8144753218191387,0.173989920914199,-0.6040557666281547,0.8199995320814124,0.0,0.0,0.0,3.665191429188091,0.00013139127282568253,0.7770741961341289,-0.7099993999453056,-0.1000134817168562,-0.999986571635483,-0.005142360519726671,-0.0006423994068568034,0.7770741932976181,-0.709998817963371,-0.10001348206764207,-0.9999864042329133,-0.005174801289160144,-0.0006424803080662874,5.819888469004595e-07,0.0005819888469004596,5.8198895261616e-07,0.00058198895261616,-0.6040557666281547,0.8199995320814124,0.0,0.0,0.0,3.665191429188091,0.00013139127282568253,-0.6040557666281547,0.8199995320814124,0.0,0.0,0.0,3.665191429188091,0.005476579548164769,-0.6040557666281547,0.8199995320814124,0.0,0.0,0.0,3.665191429188091,0.0007363373885863866,-0.6040557666281547,0.8199995320814124,0.0,0.0,0.0,3.665191429188091,-0.0004582371757258344,-0.6040557666281547,0.8199995320814124,0.0,0.0,0.0,2.6179938779914935,-0.000473105167770168,-0.6040557666281547,0.8199995320814124,0.0,0.0,0.0,1.8694546472352038,-0.0004733550462204524,-0.6040557666281547,0.8199995320814124,0.0,0.0,0.0,0.8222570960386059,-0.0004736861724845049,-0.6040557666281547,0.8199995320814124,0.0,0.0,0.0,0.8222570960386059,-0.00047376107055923343,-0.6040557666281547,0.8199995320814124,0.0,0.0,0.0,0.8222570960386059,-0.0004738318984757057,-0.6040557666281547,0.8199995320814124,0.0,0.0,0.0,0.8222570960386059,-0.00047408047146655746,-0.6040557666281547,0.8199995320814124,0.0,0.0,0.0,0.8222570960386059,-0.0004743325807153816,-0.6040557666281547,0.8199995320814124,0.0,0.0,0.0,0.8222570960386059,-0.0004743429321489559
82,solved,0,lti,1,23,23,23,34,-0.6140557666281548,0.8299995320814124,0.0,0.0,0.0,3.1415926535897922,0.00012170939177543892,0.28913996606570064,-0.012727737947079664,-0.1,0.000548731532904273,0.5177546126119361,0.8555289445620736,-0.0002915977937000582,0.02106121123310815,0.7770717386350274,-0.7099936444223026,-0.10001347883074206,-0.9999887497772226,-0.004699795741765121,-0.000642058387506834,6.214538706391028e-07,0.0006214538706391028,6.214539198193969e-07,0.000621453919819397,1,1.8144754812332735,0.22031334731214575,,20,0.8927627333729545,0.0010325285402081983,1.0325285402081983,0.002967471459791802,2.967471459791802,49.579029496307925,0.01,0.01,0.0001,0.17453292519943295,0.17453292519943295,0.5235987755982988,0.02,solved,1.8144754812332735,0.22031334731214575,-0.6140557666281548,0.8299995320814124,0.0,0.0,0.0,3.1415926535897922,0.00012170939177543892,0.7770717386350274,-0.7099936444223026,-0.10001347883074206,-0.9999887497772226,-0.004699795741765121,-0.000642058387506834,0.7770717358987426,-0.709993022974456,-0.10001347907797994,-0.9999886257167527,-0.00472610882509607,-0.0006421312122551352,6.214538706391028e-07,0.0006214538706391028,6.214539198193969e-07,0.000621453919819397,-0.6140557666281548,0.8299995320814124,0.0,0.0,0.0,3.1415926535897922,0.00012170939177543892,-0.6140557666281548,0.8299995320814124,0.0,0.0,0.0,3.1415926535897922,0.005522182198475603,-0.6140557666281548,0.8299995320814124,0.0,0.0,0.0,3.1415926535897922,0.0007822070753125876,-0.6140557666281548,0.8299995320814124,0.0,0.0,0.0,2.094395102393195,-0.0004125792645776234,-0.6140557666281548,0.8299995320814124,0.0,0.0,0.0,1.3458558716369051,-0.0004273713369768543,-0.6140557666281548,0.8299995320814124,0.0,0.0,0.0,0.29865832044030705,-0.0004276371889592027,-0.6140557666281548,0.8299995320814124,0.0,0.0,0.0,0.29865832044030705,-0.0004276960358001582,-0.6140557666281548,0.8299995320814124,0.0,0.0,0.0,0.29865832044030705,-0.00042775164874520293,-0.6140557666281548,0.8299995320814124,0.0,0.0,0.0,0.29865832044030705,-0.0004280256726851407,-0.6140557666281548,0.8299995320814124,0.0,0.0,0.0,0.29865832044030705,-0.0004281860525876756,-0.6140557666281548,0.8299995320814124,0.0,0.0,0.0,0.29865832044030705,-0.0004281933236612686,-0.6140557666281548,0.8299995320814124,0.0,0.0,0.0,0.29865832044030705,-0.0004281987395290542
83,solved,0,lti,1,23,23,23,34,-0.6240557666281548,0.8399995320814124,0.0,0.0,0.0,2.6179938779914935,0.00011004646946545955,0.27665885073313756,0.004072252694548584,-0.1,0.0005561766366851989,0.5399723279950948,0.8416825404295788,-0.0002771337534472395,0.02106341216249746,0.7770695187033009,-0.7099885326625343,-0.10001347575964266,-0.9999905197596736,-0.00430680776013282,-0.0006417146524775626,6.376051638260358e-07,0.0006376051638260358,6.376051862365701e-07,0.0006376051862365701,1,1.8144756355183282,0.28891532484357624,,20,0.8987440265354995,0.001030636862229175,1.0306368622291748,0.002969363137770825,2.9693631377708254,49.553672101828155,0.01,0.01,0.0001,0.17453292519943295,0.17453292519943295,0.5235987755982988,0.02,solved,1.8144756355183282,0.28891532484357624,-0.6240557666281548,0.8399995320814124,0.0,0.0,0.0,2.6179938779914935,0.00011004646946545955,0.7770695187033009,-0.7099885326625343,-0.10001347575964266,-0.9999905197596736,-0.00430680776013282,-0.0006417146524775626,0.7770695161545473,-0.7099878950624646,-0.10001347592869338,-0.9999904271722106,-0.004328242348674179,-0.0006417804226870738,6.376051638260358e-07,0.0006376051638260358,6.376051862365701e-07,0.0006376051862365701,-0.6240557666281548,0.8399995320814124,0.0,0.0,0.0,2.6179938779914935,0.00011004646946545955,-0.6240557666281548,0.8399995320814124,0.0,0.0,0.0,2.6179938779914935,0.0055635700490909105,-0.6240557666281548,0.8399995320814124,0.0,0.0,0.0,1.5707963267948961,0.0008236861408318131,-0.6240557666281548,0.8399995320814124,0.0,0.0,0.0,0.8222570960386063,-0.0003710264849433198,-0.6240557666281548,0.8399995320814124,0.0,0.0,0.0,-0.22494045515799177,-0.0003858276114504666,-0.6240557666281548,0.8399995320814124,0.0,0.0,0.0,-0.22494045515799177,-0.0003858724949778474,-0.6240557666281548,0.8399995320814124,0.0,0.0,0.0,-0.22494045515799177,-0.0003859150678179586,-0.6240557666281548,0.8399995320814124,0.0,0.0,0.0,-0.22494045515799177,-0.00038619579184830273,-0.6240557666281548,0.8399995320814124,0.0,0.0,0.0,-0.22494045515799177,-0.000386286139033732,-0.6240557666281548,0.8399995320814124,0.0,0.0,0.0,-0.22494045515799177,-0.00038628845002575585,-0.6240557666281548,0.8399995320814124,0.0,0.0,0.0,-0.22494045515799177,-0.00038629130483633405,-0.6240557666281548,0.8399995320814124,0.0,0.0,0.0,-0.22494045515799177,-0.0003862926947081734
84,solved,0,lti,1,23,23,23,34,-0.6340557666281548,0.8499995320814124,0.0,0.0,0.0,2.094395102393195,9.753952381722157e-05,0.26397773540057445,0.021072243336176834,-0.1,0.0005618585093864118,0.557480772310606,0.8301896183212616,-0.0002654252887806557,0.021065362952973805,0.7770675526320105,-0.7099840700561002,-0.1000134726406425,-0.9999919384811207,-0.003963786705082876,-0.0006413795501252877,6.357721572476257e-07,0.0006357721572476257,6.357721663474869e-07,0.0006357721663474868,1,1.8144757803746476,0.3735565267232603,,20,0.9040807037002456,0.0010289850483334694,1.0289850483334695,0.0029710149516665304,2.9710149516665303,49.531155327258666,0.01,0.01,0.0001,0.17453292519943295,0.17453292519943295,0.5235987755982988,0.02,solved,1.8144757803746476,0.3735565267232603,-0.6340557666281548,0.8499995320814124,0.0,0.0,0.0,2.094395102393195,9.753952381722157e-05,0.7770675526320105,-0.7099840700561002,-0.1000134726406425,-0.9999919384811207,-0.003963786705082876,-0.0006413795501252877,0.7770675503120508,-0.7099834342881758,-0.10001347274821051,-0.9999918683216666,-0.003981437714728212,-0.0006414392149208232,6.357721572476257e-07,0.0006357721572476257,6.357721663474869e-07,0.0006357721663474868,-0.6340557666281548,0.8499995320814124,0.0,0.0,0.0,2.094395102393195,9.753952381722157e-05,-0.6340557666281548,0.8499995320814124,0.0,0.0,0.0,1.0471975511965974,0.005600247773462769,-0.6340557666281548,0.8499995320814124,0.0,0.0,0.0,0.2986583204403075,0.0008606607160597888,-0.6340557666281548,0.8499995320814124,0.0,0.0,0.0,-0.7485392307562906,-0.00033404675291063917,-0.6340557666281548,0.8499995320814124,0.0,0.0,0.0,-0.7485392307562906,-0.00034866845583799,-0.6340557666281548,0.8499995320814124,0.0,0.0,0.0,-0.7485392307562906,-0.00034869963619925165,-0.6340557666281548,0.8499995320814124,0.0,0.0,0.0,-0.7485392307562906,-0.0003489727152894914,-0.6340557666281548,0.8499995320814124,0.0,0.0,0.0,-0.7485392307562906,-0.000349011988077605,-0.6340557666281548,0.8499995320814124,0.0,0.0,0.0,-0.7485392307562906,-0.0003490095626508709,-0.6340557666281548,0.8499995320814124,0.0,0.0,0.0,-0.7485392307562906,-0.00034900797074866713,-0.6340557666281548,0.8499995320814124,0.0,0.0,0.0,-0.7485392307562906,-0.0003490071229996518,-0.6340557666281548,0.8499995320814124,0.0,0.0,0.0,-0.7485392307562906,-0.000349005191780299
85,solved,0,lti,1,23,23,23,34,-0.6440557666281548,0.8599995320814124,0.0,0.0,0.0,0.5235987755982986,8.4897695759896e-05,0.25109662006801137,0.03827223397780508,-0.1,0.0005632405647809836,0.5618199733168651,0.8272592891268545,-0.0002624797795629479,0.021067060906889003,0.7770658442015447,-0.7099807831663726,-0.10001346950348129,-0.9999929082788039,-0.0037111238165773368,-0.0006410554715616779,6.022158128590471e-07,0.000602215812859047,6.0221581817464e-07,0.00060221581817464,1,1.8144759128610597,0.4028860056698532,,20,0.9087580124345229,0.0010275642650919886,1.0275642650919887,0.0029724357349080115,2.9724357349080113,49.51150150676055,0.01,0.01,0.0001,0.17453292519943295,0.17453292519943295,0.5235987755982988,0.02,solved,1.8144759128610597,0.4028860056698532,-0.6440557666281548,0.8599995320814124,0.0,0.0,0.0,0.5235987755982986,8.4897695759896e-05,0.7770658442015447,-0.7099807831663726,-0.10001346950348129,-0.9999929082788039,-0.0037111238165773368,-0.0006410554715616779,0.7770658421845621,-0.7099801809539374,-0.10001346958349547,-0.9999928488007006,-0.0037271066948178643,-0.0006411108676380323,6.022158128590471e-07,0.000602215812859047,6.0221581817464e-07,0.00060221581817464,-0.6440557666281548,0.8599995320814124,0.0,0.0,0.0,0.5235987755982986,8.4897695759896e-05,-0.6440557666281548,0.8599995320814124,0.0,0.0,0.0,-0.22494045515799133,0.005632370952213657,-0.6440557666281548,0.8599995320814124,0.0,0.0,0.0,-1.2721380063545893,0.0008929976398747382,-0.6440557666281548,0.8599995320814124,0.0,0.0,0.0,-1.2721380063545893,-0.0003015546382563461,-0.6440557666281548,0.8599995320814124,0.0,0.0,0.0,-1.2721380063545893,-0.00031616496368501717,-0.6440557666281548,0.8599995320814124,0.0,0.0,0.0,-1.2721380063545893,-0.00031642079593561324,-0.6440557666281548,0.8599995320814124,0.0,0.0,0.0,-1.2721380063545893,-0.00031642435369051334,-0.6440557666281548,0.8599995320814124,0.0,0.0,0.0,-1.2721380063545893,-0.0003164173583342705,-0.6440557666281548,0.8599995320814124,0.0,0.0,0.0,-1.2721380063545893,-0.0003164114811437525,-0.6440557666281548,0.8599995320814124,0.0,0.0,0.0,-1.2721380063545893,-0.00031640662082142826,-0.6440557666281548,0.8599995320814124,0.0,0.0,0.0,-1.2721380063545893,-0.00031640268463811874,-0.6440557666281548,0.8599995320814124,0.0,0.0,0.0,-1.2721380063545893,-0.00031639800519782114
86,solved,0,lti,1,23,23,23,34,-0.6540557666281548,0.8699995320814125,0.0,0.0,0.0,-0.7485392307562901,6.273488464810556e-05,0.23801550473544827,0.05567222461943333,-0.1,0.0005612600395861202,0.5556119312034724,0.8314415167459343,-0.0002666884633012869,0.021068315604581965,0.7770645822504733,-0.7099783759847215,-0.10001346631663001,-0.99999357799281,-0.003526104566630648,-0.0006407493449843358,5.494919793556331e-07,0.0005494919793556332,5.494919848630924e-07,0.0005494919848630924,1,1.814476049237467,0.3222448432736101,,20,0.9123733096241217,0.0010267151269580407,1.0267151269580408,0.0029732848730419596,2.9732848730419597,49.49702488896788,0.01,0.01,0.0001,0.17453292519943295,0.17453292519943295,0.5235987755982988,0.02,solved,1.814476049237467,0.3222448432736101,-0.6540557666281548,0.8699995320814125,0.0,0.0,0.0,-0.7485392307562901,6.273488464810556e-05,0.7770645822504733,-0.7099783759847215,-0.10001346631663001,-0.99999357799281,-0.003526104566630648,-0.0006407493449843358,0.777064580527885,-0.7099778264954422,-0.10001346639442853,-0.9999935220651971,-0.0035419204667759352,-0.0006408018798565993,5.494919793556331e-07,0.0005494919793556332,5.494919848630924e-07,0.0005494919848630924,-0.6540557666281548,0.8699995320814125,0.0,0.0,0.0,-0.7485392307562901,6.273488464810556e-05,-0.6540557666281548,0.8699995320814125,0.0,0.0,0.0,-1.795736781952888,0.005656143379360636,-0.6540557666281548,0.8699995320814125,0.0,0.0,0.0,-1.795736781952888,0.0009170506938362455,-0.6540557666281548,0.8699995320814125,0.0,0.0,0.0,-1.795736781952888,-0.0002774935004367618,-0.6540557666281548,0.8699995320814125,0.0,0.0,0.0,-1.795736781952888,-0.0002923054510639355,-0.6540557666281548,0.8699995320814125,0.0,0.0,0.0,-1.795736781952888,-0.0002922923268338898,-0.6540557666281548,0.8699995320814125,0.0,0.0,0.0,-1.795736781952888,-0.00029228073484122765,-0.6540557666281548,0.8699995320814125,0.0,0.0,0.0,-1.795736781952888,-0.0002922705492467664,-0.6540557666281548,0.8699995320814125,0.0,0.0,0.0,-1.795736781952888,-0.0002922616538746291,-0.6540557666281548,0.8699995320814125,0.0,0.0,0.0,-1.795736781952888,-0.0002922539457665152,-0.6540557666281548,0.8699995320814125,0.0,0.0,0.0,-1.795736781952888,-0.0002922473324942749,-0.6540557666281548,0.8699995320814125,0.0,0.0,0.0,-1.795736781952888,-0.0002922402683654154
87,solved,0,lti,1,23,23,23,34,-0.6640557666281548,0.8799995320814125,0.0,0.0,0.0,-2.3193355575511867,4.612521200238658e-05,0.22473438940288518,0.07327221526106158,-0.1,0.0005549242407392439,0.5361803073758773,0.8441032471485591,-0.0002796330730335537,0.021069238108822014,0.7770636551508061,-0.7099767867150918,-0.10001346305106446,-0.9999940014843107,-0.0034039410596423962,-0.0006404534792064746,4.786839117871865e-07,0.00047868391178718654,4.786839218951942e-07,0.0004786839218951942,1,1.8144761517594368,0.24944384210625348,,20,0.9150280450125351,0.0010261014145978714,1.0261014145978713,0.0029738985854021287,2.9738985854021287,49.4864240029286,0.01,0.01,0.0001,0.17453292519943295,0.17453292519943295,0.5235987755982988,0.02,solved,1.8144761517594368,0.24944384210625348,-0.6640557666281548,0.8799995320814125,0.0,0.0,0.0,-2.3193355575511867,4.612521200238658e-05,0.7770636551508061,-0.7099767867150918,-0.10001346305106446,-0.9999940014843107,-0.0034039410596423962,-0.0006404534792064746,0.7770636537255173,-0.7099763080333019,-0.10001346314943661,-0.9999939433121503,-0.003420978402087472,-0.0006405043233271643,4.786839117871865e-07,0.00047868391178718654,4.786839218951942e-07,0.0004786839218951942,-0.6640557666281548,0.8799995320814125,0.0,0.0,0.0,-2.3193355575511867,4.612521200238658e-05,-0.6640557666281548,0.8799995320814125,0.0,0.0,0.0,-2.3193355575511867,0.00567374707757497,-0.6640557666281548,0.8799995320814125,0.0,0.0,0.0,-2.3193355575511867,0.0009347611672714233,-0.6640557666281548,0.8799995320814125,0.0,0.0,0.0,-2.3193355575511867,-0.0002599392524614366,-0.6640557666281548,0.8799995320814125,0.0,0.0,0.0,-2.3193355575511867,-0.00027451023738404515,-0.6640557666281548,0.8799995320814125,0.0,0.0,0.0,-2.3193355575511867,-0.0002744938034810131,-0.6640557666281548,0.8799995320814125,0.0,0.0,0.0,-2.3193355575511867,-0.0002744790633430832,-0.6640557666281548,0.8799995320814125,0.0,0.0,0.0,-2.3193355575511867,-0.0002744658882240822,-0.6640557666281548,0.8799995320814125,0.0,0.0,0.0,-2.3193355575511867,-0.00027445416512799416,-0.6640557666281548,0.8799995320814125,0.0,0.0,0.0,-2.3193355575511867,-0.0002744437979959137,-0.6640557666281548,0.8799995320814125,0.0,0.0,0.0,-2.3193355575511867,-0.00027443470318312137,-0.6640557666281548,0.8799995320814125,0.0,0.0,0.0,-2.3193355575511867,-0.00027442543365912187
88,solved,0,lti,1,23,23,23,34,-0.6740557666281548,0.8899995320814125,0.0,0.0,0.0,-2.8429343331494854,3.086758027945543e-05,0.21125327407032207,0.09107220590268983,-0.1,0.0005467512894987179,0.5119695755134929,0.8590033571604744,-0.0002952940837973295,0.021069855460427604,0.777063033850063,-0.7099753759769135,-0.10001345971634382,-0.9999943647701289,-0.0032955445419401387,-0.0006401672893801194,4.084270881741608e-07,0.0004084270881741608,4.0842710765864324e-07,0.00040842710765864323,1,1.7767511596401582,0.1997279336588818,,20,0.9168421900812602,0.0010257674273226522,1.0257674273226522,0.0029742325726773476,2.9742325726773475,49.47942451275815,0.01,0.01,0.0001,0.17453292519943295,0.17453292519943295,0.5235987755982988,0.02,solved,1.7767511596401582,0.1997279336588818,-0.6740557666281548,0.8899995320814125,0.0,0.0,0.0,-2.8429343331494854,3.086758027945543e-05,0.777063033850063,-0.7099753759769135,-0.10001345971634382,-0.9999943647701289,-0.0032955445419401387,-0.0006401672893801194,0.7770630326718466,-0.7099749675515248,-0.10001345984250237,-0.9999943038414358,-0.0033139715372383425,-0.0006402166293330203,4.084270881741608e-07,0.0004084270881741608,4.0842710765864324e-07,0.00040842710765864323,-0.6740557666281548,0.8899995320814125,0.0,0.0,0.0,-2.8429343331494854,3.086758027945543e-05,-0.6740557666281548,0.8899995320814125,0.0,0.0,0.0,-2.8429343331494854,0.005685494283550097,-0.6740557666281548,0.8899995320814125,0.0,0.0,0.0,-2.8429343331494854,0.0009464597695461134,-0.6740557666281548,0.8899995320814125,0.0,0.0,0.0,-2.8429343331494854,-0.0002480310815801833,-0.6740557666281548,0.8899995320814125,0.0,0.0,0.0,-2.8429343331494854,-0.0002625985001678964,-0.6740557666281548,0.8899995320814125,0.0,0.0,0.0,-2.8429343331494854,-0.0002625786389311453,-0.6740557666281548,0.8899995320814125,0.0,0.0,0.0,-2.8429343331494854,-0.0002625606310127544,-0.6740557666281548,0.8899995320814125,0.0,0.0,0.0,-2.8429343331494854,-0.00026254435894036774,-0.6740557666281548,0.8899995320814125,0.0,0.0,0.0,-2.8429343331494854,-0.0002625297281066739,-0.6740557666281548,0.8899995320814125,0.0,0.0,0.0,-2.8429343331494854,-0.00026251666479874597,-0.6740557666281548,0.8899995320814125,0.0,0.0,0.0,-2.8429343331494854,-0.0002625051094561646,-0.6740557666281548,0.8899995320814125,0.0,0.0,0.0,-2.6917283053395957,-0.00026250286466726695
89,solved,0,lti,1,23,23,23,34,-0.6840557666281548,0.8999995320814125,0.0,0.0,0.0,-3.366533108747784,2.7398359501377185e-05,0.2,0.10907219654431807,-0.1,0.0005365021918447688,0.48276631117463537,0.875748995237372,-0.0003135298496793789,0.02107040342761763,0.7770624828956235,-0.7099742789972544,-0.10001345651536891,-0.9999946392005149,-0.0032112466283213854,-0.0006398947759256703,3.524437343242052e-07,0.0003524437343242052,3.524437657511145e-07,0.0003524437657511145,1,1.7881534649869046,0.1702841157136093,,20,0.9183206541032707,0.001025318114627676,1.025318114627676,0.002974681885372324,2.974681885372324,49.47321381995713,0.01,0.01,0.0001,0.17453292519943295,0.17453292519943295,0.5235987755982988,0.02,solved,1.7881534649869046,0.1702841157136093,-0.6840557666281548,0.8999995320814125,0.0,0.0,0.0,-3.366533108747784,2.7398359501377185e-05,0.7770624828956235,-0.7099742789972544,-0.10001345651536891,-0.9999946392005149,-0.0032112466283213854,-0.0006398947759256703,0.7770624819110852,-0.7099739265548952,-0.10001345666420586,-0.9999945789827694,-0.0032299348677999767,-0.0006399420466813675,3.524437343242052e-07,0.0003524437343242052,3.524437657511145e-07,0.0003524437657511145,-0.6840557666281548,0.8999995320814125,0.0,0.0,0.0,-3.366533108747784,2.7398359501377185e-05,-0.6840557666281548,0.8999995320814125,0.0,0.0,0.0,-3.366533108747784,0.005695831271610385,-0.6840557666281548,0.8999995320814125,0.0,0.0,0.0,-3.366533108747784,0.0009570518249423672,-0.6840557666281548,0.8999995320814125,0.0,0.0,0.0,-3.366533108747784,-0.0002374321685968344,-0.6840557666281548,0.8999995320814125,0.0,0.0,0.0,-3.366533108747784,-0.00025199611210895004,-0.6840557666281548,0.8999995320814125,0.0,0.0,0.0,-3.366533108747784,-0.00025197285944915794,-0.6840557666281548,0.8999995320814125,0.0,0.0,0.0,-3.366533108747784,-0.00025195159188313223,-0.6840557666281548,0.8999995320814125,0.0,0.0,0.0,-3.366533108747784,-0.00025193223539395537,-0.6840557666281548,0.8999995320814125,0.0,0.0,0.0,-3.366533108747784,-0.00025191474580159914,-0.6840557666281548,0.8999995320814125,0.0,0.0,0.0,-3.366533108747784,-0.00025189910234342956,-0.6840557666281548,0.8999995320814125,0.0,0.0,0.0,-3.2153270809378944,-0.0002518894960390008,-0.6840557666281548,0.8999995320814125,0.0,0.0,0.0,-2.268261265157119,-0.00025192409432389916
90,solved,0,lti,1,23,23,23,34,-0.6940557666281548,0.9099995320814125,0.0,0.0,0.0,-3.890131884346083,2.1359737789415397e-05,0.2,0.12727218718594632,-0.1,0.000523902646631291,0.44834187006146664,0.8938619476262644,-0.0003341580245137675,0.02107083062237342,0.7770620551904194,-0.7099740897824256,-0.10001345367109699,-0.9999946861597655,-0.0031966377667914767,-0.0006396555478179625,2.6208493181769815e-07,0.00026208493181769814,2.620850038376664e-07,0.0002620850038376664,1,1.7925849651475434,0.15261406343282857,,20,0.919514663275079,0.0010250201487053334,1.0250201487053334,0.0029749798512946667,2.9749798512946666,49.468383884464814,0.01,0.01,0.0001,0.17453292519943295,0.17453292519943295,0.5235987755982988,0.02,solved,1.7925849651475434,0.15261406343282857,-0.6940557666281548,0.9099995320814125,0.0,0.0,0.0,-3.890131884346083,2.1359737789415397e-05,0.7770620551904194,-0.7099740897824256,-0.10001345367109699,-0.9999946861597655,-0.0031966377667914767,-0.0006396555478179625,0.7770620544857586,-0.7099738276984411,-0.10001345386539238,-0.999994616960037,-0.003218203187102502,-0.0006397024272062949,2.6208493181769815e-07,0.00026208493181769814,2.620850038376664e-07,0.0002620850038376664,-0.6940557666281548,0.9099995320814125,0.0,0.0,0.0,-3.890131884346083,2.1359737789415397e-05,-0.6940557666281548,0.9099995320814125,0.0,0.0,0.0,-3.890131884346083,0.005704086591633645,-0.6940557666281548,0.9099995320814125,0.0,0.0,0.0,-3.890131884346083,0.0009653672637393861,-0.6940557666281548,0.9099995320814125,0.0,0.0,0.0,-3.890131884346083,-0.00022911030290439707,-0.6940557666281548,0.9099995320814125,0.0,0.0,0.0,-3.890131884346083,-0.00024367049338066586,-0.6940557666281548,0.9099995320814125,0.0,0.0,0.0,-3.890131884346083,-0.00024364358216552728,-0.6940557666281548,0.9099995320814125,0.0,0.0,0.0,-3.890131884346083,-0.0002436188440992954,-0.6940557666281548,0.9099995320814125,0.0,0.0,0.0,-3.890131884346083,-0.000243596297466621,-0.6940557666281548,0.9099995320814125,0.0,0.0,0.0,-3.890131884346083,-0.00024357599412594107,-0.6940557666281548,0.9099995320814125,0.0,0.0,0.0,-3.738925856536193,-0.0002435635153966538,-0.6940557666281548,0.9099995320814125,0.0,0.0,0.0,-2.7918600407554175,-0.00024358857430070976,-0.6940557666281548,0.9099995320814125,0.0,0.0,0.0,-1.8264556295945733,-0.0002436208433314417
91,solved,0,lti,1,23,23,23,34,-0.7040557666281548,0.9199995320814125,0.0,0.0,0.0,-4.413730659944382,4.522176414863219e-06,0.2,0.14567217782757458,-0.1,0.0005086483746753112,0.40846538268839083,0.912773600083645,-0.000356948735022803,0.021070921065901718,0.7770619635189807,-0.7099736291463868,-0.1000134503657092,-0.9999947988012382,-0.003161256296815038,-0.0006393974484234815,1.8740152872524793e-07,0.00018740152872524793,1.8740167028412195e-07,0.00018740167028412195,1,1.8028757582058141,0.14025650941748946,,20,0.9199381923803581,0.0010252209046224163,1.0252209046224163,0.0029747790953775837,2.974779095377584,49.46754685808051,0.01,0.01,0.0001,0.17453292519943295,0.17453292519943295,0.5235987755982988,0.02,solved,1.8028757582058141,0.14025650941748946,-0.7040557666281548,0.9199995320814125,0.0,0.0,0.0,-4.413730659944382,4.522176414863219e-06,0.7770619635189807,-0.7099736291463868,-0.1000134503657092,-0.9999947988012382,-0.003161256296815038,-0.0006393974484234815,0.7770619630121242,-0.7099734417455436,-0.10001345059604964,-0.9999947214369841,-0.003185625510751332,-0.0006394437222882515,1.8740152872524793e-07,0.00018740152872524793,1.8740167028412195e-07,0.00018740167028412195,-0.7040557666281548,0.9199995320814125,0.0,0.0,0.0,-4.413730659944382,4.522176414863219e-06,-0.7040557666281548,0.9199995320814125,0.0,0.0,0.0,-4.413730659944382,0.005705843431673211,-0.7040557666281548,0.9199995320814125,0.0,0.0,0.0,-4.413730659944382,0.0009671412305757601,-0.7040557666281548,0.9199995320814125,0.0,0.0,0.0,-4.413730659944382,-0.00022733048926422447,-0.7040557666281548,0.9199995320814125,0.0,0.0,0.0,-4.413730659944382,-0.00024188561733649156,-0.7040557666281548,0.9199995320814125,0.0,0.0,0.0,-4.413730659944382,-0.00024185401058057272,-0.7040557666281548,0.9199995320814125,0.0,0.0,0.0,-4.413730659944382,-0.00024182509260530676,-0.7040557666281548,0.9199995320814125,0.0,0.0,0.0,-4.413730659944382,-0.00024179903181315176,-0.7040557666281548,0.9199995320814125,0.0,0.0,0.0,-4.262524632134492,-0.00024178283796893327,-0.7040557666281548,0.9199995320814125,0.0,0.0,0.0,-3.315458816353716,-0.00024181263407171144,-0.7040557666281548,0.9199995320814125,0.0,0.0,0.0,-2.3500544051928722,-0.00024185842358884433,-0.7040557666281548,0.9199995320814125,0.0,0.0,0.0,-1.3445924174904662,-0.0002418875488701338
92,solved,0,lti,1,23,23,23,34,-0.7140557666281548,0.9299995320814125,0.0,0.0,0.0,-4.937329435542681,9.613532049639432e-06,0.2,0.16427216846920284,-0.1,0.0004904119533501984,0.3629192893758771,0.9318203707063609,-0.00038161719629159496,0.02107111333654271,0.7770617691296385,-0.7099728220771391,-0.10001344684542002,-0.9999949930069723,-0.0030992723849427783,-0.0006391178837476905,1.1122004311100806e-07,0.00011122004311100806,1.1122035928490115e-07,0.00011122035928490116,1,1.7934682564056772,0.12984823649442476,,20,0.9203482145986916,0.0010249899120717827,1.0249899120717827,0.0029750100879282174,2.9750100879282173,49.465519643324285,0.01,0.01,0.0001,0.17453292519943295,0.17453292519943295,0.5235987755982988,0.02,solved,1.7934682564056772,0.12984823649442476,-0.7140557666281548,0.9299995320814125,0.0,0.0,0.0,-4.937329435542681,9.613532049639432e-06,0.7770617691296385,-0.7099728220771391,-0.10001344684542002,-0.9999949930069723,-0.0030992723849427783,-0.0006391178837476905,0.7770617688220752,-0.7099727108575212,-0.10001344711061777,-0.9999949095485188,-0.003126075441882082,-0.0006391630318949213,1.1122004311100806e-07,0.00011122004311100806,1.1122035928490115e-07,0.00011122035928490116,-0.7140557666281548,0.9299995320814125,0.0,0.0,0.0,-4.937329435542681,9.613532049639432e-06,-0.7140557666281548,0.9299995320814125,0.0,0.0,0.0,-4.937329435542681,0.005709556628737259,-0.7140557666281548,0.9299995320814125,0.0,0.0,0.0,-4.937329435542681,0.0009708846734680596,-0.7140557666281548,0.9299995320814125,0.0,0.0,0.0,-4.937329435542681,-0.00022358070692242546,-0.7140557666281548,0.9299995320814125,0.0,0.0,0.0,-4.937329435542681,-0.00023813102946813075,-0.7140557666281548,0.9299995320814125,0.0,0.0,0.0,-4.937329435542681,-0.0002380952048822595,-0.7140557666281548,0.9299995320814125,0.0,0.0,0.0,-4.937329435542681,-0.00023806290486092638,-0.7140557666281548,0.9299995320814125,0.0,0.0,0.0,-4.786123407732791,-0.00023804240106146667,-0.7140557666281548,0.9299995320814125,0.0,0.0,0.0,-3.839057591952015,-0.00023807513642341843,-0.7140557666281548,0.9299995320814125,0.0,0.0,0.0,-2.873653180791171,-0.00023812627390820852,-0.7140557666281548,0.9299995320814125,0.0,0.0,0.0,-1.8127694912974883,-0.00023819131601772057,-0.7140557666281548,0.9299995320814125,0.0,0.0,0.0,-0.8412779407350026,-0.0002382129479105279
93,solved,0,lti,1,23,23,23,34,-0.7240557666281549,0.9399995320814125,0.0,0.0,0.0,-4.70548502380385,1.60975702929309e-05,0.2,0.18307215911083108,-0.1,0.0004719188143496689,0.31868709380969507,0.9478597734388574,-0.00040426253988839686,0.021071435287948567,0.7770614440921166,-0.7099716178544557,-0.10001344343249692,-0.9999952755269922,-0.003006793451072849,-0.0006388402284148237,1.9835962736427313e-08,1.9835962736427314e-05,1.9837155886132108e-08,1.9837155886132107e-05,1,1.6625936079887946,0.11382141773925927,,20,0.9210886954345081,0.00102461079518589,1.02461079518589,0.0029753892048141103,2.9753892048141104,49.46196821419338,0.01,0.01,0.0001,0.17453292519943295,0.17453292519943295,0.5235987755982988,0.02,solved,1.6625936079887946,0.11382141773925927,-0.7240557666281549,0.9399995320814125,0.0,0.0,0.0,-4.70548502380385,1.60975702929309e-05,0.7770614440921166,-0.7099716178544557,-0.10001344343249692,-0.9999952755269922,-0.003006793451072849,-0.0006388402284148237,0.7770614440182808,-0.7099715980186304,-0.10001344321492861,-0.9999951929361767,-0.0030341331429944826,-0.0006388588334946033,1.9835962736427313e-08,1.9835962736427314e-05,1.9837155886132108e-08,1.9837155886132107e-05,-0.7240557666281549,0.9399995320814125,0.0,0.0,0.0,-4.70548502380385,1.60975702929309e-05,-0.7240557666281549,0.9399995320814125,0.0,0.0,0.0,-4.4707713106674545,0.005715755519514043,-0.7240557666281549,0.9399995320814125,0.0,0.0,0.0,-4.413730659944382,0.0009771300723674966,-0.7240557666281549,0.9399995320814125,0.0,0.0,0.0,-4.413730659944382,-0.00021732867148632103,-0.7240557666281549,0.9399995320814125,0.0,0.0,0.0,-4.413730659944382,-0.00023187498397789975,-0.7240557666281549,0.9399995320814125,0.0,0.0,0.0,-4.413730659944382,-0.00023183613024903532,-0.7240557666281549,0.9399995320814125,0.0,0.0,0.0,-4.262524632134492,-0.0002318107703403015,-0.7240557666281549,0.9399995320814125,0.0,0.0,0.0,-3.315458816353716,-0.00023184436063889804,-0.7240557666281549,0.9399995320814125,0.0,0.0,0.0,-2.3500544051928722,-0.00023189865389690938,-0.7240557666281549,0.9399995320814125,0.0,0.0,0.0,-1.2891707156991896,-0.00023197166675054535,-0.7240557666281549,0.9399995320814125,0.0,0.0,0.0,-0.687764006072618,-0.0002320419523744461,-0.7240557666281549,0.9399995320814125,0.0,0.0,0.0,-0.3182857153046353,-0.00023205092540444803
94,solved,0,lti,1,23,23,23,34,-0.7340557666281549,0.9499995320814125,0.0,0.0,0.0,-3.9471725350691558,2.3419109573160414e-05,0.2,0.20207214975245932,-0.1,0.0004555984365504596,0.28103491985184803,0.9596973417115925,-0.0004225702700226222,0.02107190367014003,0.7770609720847471,-0.7099701565930243,-0.10001344045725907,-0.999995606813882,-0.002894573718240018,-0.0006385890114512883,8.220674648743515e-08,8.220674648743514e-05,8.2207859759612e-08,8.2207859759612e-05,1,1.7984775140186469,0.1459584397301548,,20,0.9222164481413728,0.0010240716389021552,1.0240716389021551,0.002975928361097845,2.9759283610978446,49.45666954175715,0.01,0.01,0.0001,0.17453292519943295,0.17453292519943295,0.5235987755982988,0.02,solved,1.7984775140186469,0.1459584397301548,-0.7340557666281549,0.9499995320814125,0.0,0.0,0.0,-3.9471725350691558,2.3419109573160414e-05,0.7770609720847471,-0.7099701565930243,-0.10001344045725907,-0.999995606813882,-0.002894573718240018,-0.0006385890114512883,0.7770609718531406,-0.7099700743866041,-0.10001344002942943,-0.9999955395008016,-0.00291773479916665,-0.0006385938791992928,8.220674648743515e-08,8.220674648743514e-05,8.2207859759612e-08,8.2207859759612e-05,-0.7340557666281549,0.9499995320814125,0.0,0.0,0.0,-3.9471725350691558,2.3419109573160414e-05,-0.7340557666281549,0.9499995320814125,0.0,0.0,0.0,-3.8901318843460833,0.005724746942194127,-0.7340557666281549,0.9499995320814125,0.0,0.0,0.0,-3.8901318843460833,0.0009861693781624242,-0.7340557666281549,0.9499995320814125,0.0,0.0,0.0,-3.8901318843460833,-0.00020829987889561425,-0.7340557666281549,0.9499995320814125,0.0,0.0,0.0,-3.8901318843460833,-0.00022285924991475849,-0.7340557666281549,0.9499995320814125,0.0,0.0,0.0,-3.7389258565361936,-0.00022284026481420144,-0.7340557666281549,0.9499995320814125,0.0,0.0,0.0,-2.7918600407554175,-0.00022287123549591961,-0.7340557666281549,0.9499995320814125,0.0,0.0,0.0,-1.8264556295945735,-0.00022291936533681223,-0.7340557666281549,0.9499995320814125,0.0,0.0,0.0,-0.7655719401008908,-0.00022298280000113583,-0.7340557666281549,0.9499995320814125,0.0,0.0,0.0,-0.1641652304743192,-0.0002230237568554267,-0.7340557666281549,0.9499995320814125,0.0,0.0,0.0,0.20531306029366353,-0.00022305163782446405,-0.7340557666281549,0.9499995320814125,0.0,0.0,0.0,0.14685138316525465,-0.00022305707647955194
95,solved,0,lti,1,23,23,23,34,-0.7440557666281549,0.9599995320814125,0.0,0.0,0.0,-3.3665331087477846,2.8021290356968898e-05,0.2,0.22127214039408757,-0.1,0.000441117002637566,0.2485732525323081,0.9686129010032548,-0.0004376658068415496,0.02107246409594717,0.7770604078914138,-0.7099685787233645,-0.10001343788791085,-0.9999959503620839,-0.00277340048641546,-0.0006383644529382144,1.3410631033252275e-07,0.00013410631033252275,1.3410699832346205e-07,0.00013410699832346206,1,1.7749651703343856,0.174354281063186,,20,0.9236356653676043,0.0010234762118629737,1.0234762118629737,0.002976523788137026,2.976523788137026,49.45023980116992,0.01,0.01,0.0001,0.17453292519943295,0.17453292519943295,0.5235987755982988,0.02,solved,1.7749651703343856,0.174354281063186,-0.7440557666281549,0.9599995320814125,0.0,0.0,0.0,-3.3665331087477846,2.8021290356968898e-05,0.7770604078914138,-0.7099685787233645,-0.10001343788791085,-0.9999959503620839,-0.00277340048641546,-0.0006383644529382144,0.7770604075420251,-0.7099684446175093,-0.10001343745834325,-0.9999958947196261,-0.002793390866093974,-0.0006383661674338062,1.3410631033252275e-07,0.00013410631033252275,1.3410699832346205e-07,0.00013410699832346206,-0.7440557666281549,0.9599995320814125,0.0,0.0,0.0,-3.3665331087477846,2.8021290356968898e-05,-0.7440557666281549,0.9599995320814125,0.0,0.0,0.0,-3.3665331087477846,0.005735497764609004,-0.7440557666281549,0.9599995320814125,0.0,0.0,0.0,-3.3665331087477846,0.0009969828860329798,-0.7440557666281549,0.9599995320814125,0.0,0.0,0.0,-3.3665331087477846,-0.00019749359580101128,-0.7440557666281549,0.9599995320814125,0.0,0.0,0.0,-3.215327080937895,-0.00021206950871383305,-0.7440557666281549,0.9599995320814125,0.0,0.0,0.0,-2.268261265157119,-0.0002120975435189224,-0.7440557666281549,0.9599995320814125,0.0,0.0,0.0,-1.3028568539962748,-0.00021213939687384604,-0.7440557666281549,0.9599995320814125,0.0,0.0,0.0,-0.241973164502592,-0.00021219327101914206,-0.7440557666281549,0.9599995320814125,0.0,0.0,0.0,0.3594335451239796,-0.0002122275731575105,-0.7440557666281549,0.9599995320814125,0.0,0.0,0.0,0.7289118358919624,-0.00021225045288298348,-0.7440557666281549,0.9599995320814125,0.0,0.0,0.0,0.6704501587635534,-0.0002122527549768288,-0.7440557666281549,0.9599995320814125,0.0,0.0,0.0,0.51062663923313,-0.000212258075895647
96,solved,0,lti,1,23,23,23,34,-0.7540557666281549,0.9699995320814125,0.0,0.0,0.0,-2.842934333149486,3.0021293607289403e-05,0.2,0.24067213103571583,-0.1,0.0004284978776976624,0.22093948791725287,0.9752873199951355,-0.00045002792946973206,0.021073064521819316,0.7770598037980223,-0.7099669774469327,-0.10001343570144576,-0.9999962839623042,-0.002650434689134686,-0.0006381673302539222,1.7323312202038564e-07,0.00017323312202038564,1.7323363998796175e-07,0.00017323363998796175,1,1.7606678228337573,0.20958237471687613,,20,0.9252037940243542,0.0010228745937497755,1.0228745937497754,0.0029771254062502246,2.9771254062502246,49.44329706256771,0.01,0.01,0.0001,0.17453292519943295,0.17453292519943295,0.5235987755982988,0.02,solved,1.7606678228337573,0.20958237471687613,-0.7540557666281549,0.9699995320814125,0.0,0.0,0.0,-2.842934333149486,3.0021293607289403e-05,0.7770598037980223,-0.7099669774469327,-0.10001343570144576,-0.9999962839623042,-0.002650434689134686,-0.0006381673302539222,0.7770598033727607,-0.7099668042143327,-0.10001343527782028,-0.9999962381605532,-0.0026676596747485064,-0.0006381665942651673,1.7323312202038564e-07,0.00017323312202038564,1.7323363998796175e-07,0.00017323363998796175,-0.7540557666281549,0.9699995320814125,0.0,0.0,0.0,-2.842934333149486,3.0021293607289403e-05,-0.7540557666281549,0.9699995320814125,0.0,0.0,0.0,-2.842934333149486,0.005747018861988936,-0.7540557666281549,0.9699995320814125,0.0,0.0,0.0,-2.842934333149486,0.0010085749535437617,-0.7540557666281549,0.9699995320814125,0.0,0.0,0.0,-2.691728305339596,-0.000185911080836612,-0.7540557666281549,0.9699995320814125,0.0,0.0,0.0,-1.74466248955882,-0.00020052594706799592,-0.7540557666281549,0.9699995320814125,0.0,0.0,0.0,-0.779258078397976,-0.00020056221530679978,-0.7540557666281549,0.9699995320814125,0.0,0.0,0.0,0.28162561109570683,-0.0002006074851643838,-0.7540557666281549,0.9699995320814125,0.0,0.0,0.0,0.8830323207222784,-0.00020063566384417796,-0.7540557666281549,0.9699995320814125,0.0,0.0,0.0,1.252510611490261,-0.00020065386943800468,-0.7540557666281549,0.9699995320814125,0.0,0.0,0.0,1.1940489343618523,-0.00020065527773834865,-0.7540557666281549,0.9699995320814125,0.0,0.0,0.0,1.034225414831429,-0.0002006531794664948,-0.7540557666281549,0.9699995320814125,0.0,0.0,0.0,0.7966024333309507,-0.0002006591101277879
97,solved,0,lti,1,23,23,23,34,-0.7640557666281549,0.9799995320814125,0.0,0.0,0.0,-2.319335557551187,3.0299503055822885e-05,0.2,0.2602721216773441,-0.1,0.00041794590953790373,0.1982619077630253,0.9801488814433229,-0.00045984430538471296,0.021073670511880433,0.7770591943988759,-0.7099654234673,-0.10001343388733155,-0.9999965932229571,-0.002531106550964576,-0.0006379985164880669,2.0140317974233314e-07,0.00020140317974233314,2.0140360196843368e-07,0.0002014036019684337,1,1.7510934299980518,0.24432357624835907,,20,0.9268158073077997,0.0010222879498596323,1.0222879498596322,0.002977712050140368,2.9777120501403678,49.43625161905074,0.01,0.01,0.0001,0.17453292519943295,0.17453292519943295,0.5235987755982988,0.02,solved,1.7510934299980518,0.24432357624835907,-0.7640557666281549,0.9799995320814125,0.0,0.0,0.0,-2.319335557551187,3.0299503055822885e-05,0.7770591943988759,-0.7099654234673,-0.10001343388733155,-0.9999965932229571,-0.002531106550964576,-0.0006379985164880669,0.7770591939306443,-0.7099652220646645,-0.1000134334749294,-0.9999965554666875,-0.002545980345799343,-0.0006379959550818867,2.0140317974233314e-07,0.00020140317974233314,2.0140360196843368e-07,0.0002014036019684337,-0.7640557666281549,0.9799995320814125,0.0,0.0,0.0,-2.319335557551187,3.0299503055822885e-05,-0.7640557666281549,0.9799995320814125,0.0,0.0,0.0,-2.319335557551187,0.00575865346982176,-0.7640557666281549,0.9799995320814125,0.0,0.0,0.0,-2.1681295297412975,0.0010202796217952934,-0.7640557666281549,0.9799995320814125,0.0,0.0,0.0,-1.2210637139605214,-0.0001742343135482776,-0.7640557666281549,0.9799995320814125,0.0,0.0,0.0,-0.2556593027996772,-0.0001888550618021709,-0.7640557666281549,0.9799995320814125,0.0,0.0,0.0,0.8052243866940056,-0.00018889276425006023,-0.7640557666281549,0.9799995320814125,0.0,0.0,0.0,1.4066310963205773,-0.00018891541368818235,-0.7640557666281549,0.9799995320814125,0.0,0.0,0.0,1.7761093870885598,-0.0001889293194764832,-0.7640557666281549,0.9799995320814125,0.0,0.0,0.0,1.717647709960151,-0.00018892968057018222,-0.7640557666281549,0.9799995320814125,0.0,0.0,0.0,1.5578241904297276,-0.00018892749806001267,-0.7640557666281549,0.9799995320814125,0.0,0.0,0.0,1.3202012089292494,-0.00018892379100189424,-0.7640557666281549,0.9799995320814125,0.0,0.0,0.0,1.0160541225045585,-0.00018893060375067694
98,solved,0,lti,1,23,23,23,34,-0.7740557666281549,0.9899995320814126,0.0,0.0,0.0,-1.7957367819528884,2.9274865589932763e-05,0.2,0.28007211231897233,-0.1,0.0004096213749162274,0.18062999410906286,0.9835509234872343,-0.00046727497012567895,0.021074256009192233,0.7770586058399448,-0.7099639666770987,-0.10001343242349064,-0.9999968701859961,-0.002419246971496215,-0.0006378575880729395,2.2010772338651935e-07,0.00022010772338651934,2.2010808147397389e-07,0.0002201080814739739,1,1.7446569523931401,0.25969457351565484,,20,0.9283953469838799,0.001021736179481186,1.0217361794811861,0.002978263820518814,2.978263820518814,49.429414600530166,0.01,0.01,0.0001,0.17453292519943295,0.17453292519943295,0.5235987755982988,0.02,solved,1.7446569523931401,0.25969457351565484,-0.7740557666281549,0.9899995320814126,0.0,0.0,0.0,-1.7957367819528884,2.9274865589932763e-05,0.7770586058399448,-0.7099639666770987,-0.10001343242349064,-0.9999968701859961,-0.002419246971496215,-0.0006378575880729395,0.777058605353831,-0.7099637465699121,-0.10001343202645695,-0.9999968388203405,-0.0024321784311205044,-0.0006378537490220593,2.2010772338651935e-07,0.00022010772338651934,2.2010808147397389e-07,0.0002201080814739739,-0.7740557666281549,0.9899995320814126,0.0,0.0,0.0,-1.7957367819528884,2.9274865589932763e-05,-0.7740557666281549,0.9899995320814126,0.0,0.0,0.0,-1.6445307541429988,0.005769899131019105,-0.7740557666281549,0.9899995320814126,0.0,0.0,0.0,-0.6974649383622226,0.0010315776356546174,-0.7740557666281549,0.9899995320814126,0.0,0.0,0.0,0.2679394727986216,-0.00016293608767447356,-0.7740557666281549,0.9899995320814126,0.0,0.0,0.0,1.3288231622923043,-0.0001775566605077875,-0.7740557666281549,0.9899995320814126,0.0,0.0,0.0,1.930229871918876,-0.00017757440378193343,-0.7740557666281549,0.9899995320814126,0.0,0.0,0.0,2.2997081626868585,-0.00017758441016481541,-0.7740557666281549,0.9899995320814126,0.0,0.0,0.0,2.2412464855584497,-0.00017758357203818254,-0.7740557666281549,0.9899995320814126,0.0,0.0,0.0,2.0814229660280263,-0.0001775810151245707,-0.7740557666281549,0.9899995320814126,0.0,0.0,0.0,1.8437999845275481,-0.00017757767325189745,-0.7740557666281549,0.9899995320814126,0.0,0.0,0.0,1.5396528981028572,-0.00017757394541118845,-0.7740557666281549,0.9899995320814126,0.0,0.0,0.0,1.1762370969324498,-0.00017758165529316262
99,solved,0,lti,1,23,23,23,34,-0.7840289058987616,0.9999714749419257,9.209916868263222e-13,0.0,0.0,-1.1209316790866426,2.7341185892023882e-05,0.2,0.30007154181781087,-0.1,0.00040435791749069794,0.16959394325391067,0.9855138295711638,-0.0004718370937694499,0.021074802832910074,0.7770580564006312,-0.7099626701241942,-0.1000134313477502,-0.9999971061433313,-0.002319694382404262,-0.000637748332349876,2.295013095046645e-07,0.0002295013095046645,2.2950162009913243e-07,0.00022950162009913243,1,1.7406517477755208,0.2440108995260466,,20,0.9298873959328793,0.001021232010297906,1.021232010297906,0.002978767989702094,2.978767989702094,49.42300550173155,0.01,0.01,0.0001,0.17453292519943295,0.17453292519943295,0.5235987755982988,0.02,solved,1.7406517477755208,0.2440108995260466,-0.7840289058987616,0.9999714749419257,9.209916868263222e-13,0.0,0.0,-1.1209316790866426,2.7341185892023882e-05,0.7770580564006312,-0.7099626701241942,-0.1000134313477502,-0.9999971061433313,-0.002319694382404262,-0.000637748332349876,0.7770580559177367,-0.7099624406233928,-0.10001343097017402,-0.9999970794962666,-0.002331154606480017,-0.0006377437871371384,2.295013095046645e-07,0.0002295013095046645,2.2950162009913243e-07,0.00022950162009913243,-0.7840289058987616,0.9999714749419257,9.209916868263222e-13,0.0,0.0,-1.1209316790866426,2.7341185892023882e-05,-0.784029293397876,0.9999719003727345,9.04842978427167e-13,0.0,0.0,-0.1738658722678625,0.005780393410054713,-0.7840300728854103,0.9999727503140178,8.732945016721925e-13,0.0,0.0,0.7915385223178846,0.0010421435768723658,-0.784031242487902,0.9999740172190116,8.273468857216542e-13,0.0,0.0,1.8524221890615842,-0.0001523648194152729,-0.7840327936425852,0.9999756868257419,7.68163504217214e-13,0.0,0.0,2.4538288712515754,-0.0001669676770674793,-0.7840347110437199,0.9999777382185033,6.970681987228139e-13,0.0,0.0,2.8233071313947633,-0.00016697419227016368,-0.784036972691474,0.9999801439988278,6.15523625979163e-13,0.0,0.0,2.7648454219221223,-0.00016697203036750223,-0.78403955006592,0.9999828705730219,5.251079732334408e-13,0.0,0.0,2.6050218697288363,-0.00016696883333374338,-0.7840424084275406,0.9999858785549969,4.274891430468505e-13,0.0,0.0,2.367398856543483,-0.00016696547315637404,-0.7840455072436238,0.9999891232810995,3.2439851071392284e-13,0.0,0.0,2.063251740571256,-0.00016696234113517492,-0.7840488007384041,0.9999925554341155,2.17604189904182e-13,0.0,0.0,1.6998359131674754,-0.00016695955848602912,-0.7840522160409406,0.999996113340014,1.0888431538564486e-13,0.0,0.0,1.2844302412498965,-0.00016696802549356213
100,solved,0,lti,1,23,23,23,34,-0.794029293397876,1.0,0.0,0.0,0.0,0.34973290333043633,2.4234361483208105e-05,0.2,0.3200715418178109,-0.1,0.0004060056107827002,0.17303956517956898,0.9849146779020492,-0.00047042003837759845,0.02107528752013974,0.7770575698658875,-0.7099617220005756,-0.1000134309551163,-0.9999972724137056,-0.0022468891478752656,-0.0006376945244545765,2.2431213226537103e-07,0.00022431213226537102,2.2431240160008936e-07,0.00022431240160008937,1,1.7377969690999036,0.21083517522889228,,20,0.9312320845411877,0.0010208027137397818,1.0208027137397817,0.002979197286260218,2.979197286260218,49.41730154460117,0.01,0.01,0.0001,0.17453292519943295,0.17453292519943295,0.5235987755982988,0.02,solved,1.7377969690999036,0.21083517522889228,-0.794029293397876,1.0,0.0,0.0,0.0,0.34973290333043633,2.4234361483208105e-05,0.7770575698658875,-0.7099617220005756,-0.1000134309551163,-0.9999972724137056,-0.0022468891478752656,-0.0006376945244545765,0.7770575694153954,-0.7099614976888957,-0.10001343060750997,-0.999997249692426,-0.0022569801797783402,-0.0006376896204179379,2.2431213226537103e-07,0.00022431213226537102,2.2431240160008936e-07,0.00022431240160008937,-0.794029293397876,1.0,0.0,0.0,0.0,0.34973290333043633,2.4234361483208105e-05,-0.7940300728854103,1.0,0.0,0.0,0.0,1.3151372979161833,0.005789709425658983,-0.794031242487902,1.0,0.0,0.0,0.0,2.376020964659883,0.0010515277955694677,-0.7940327936425852,1.0,0.0,0.0,0.0,2.977427646849874,-0.00014296122494068415,-0.7940347110437199,1.0,0.0,0.0,0.0,3.346905906993062,-0.0001575540538006623,-0.794036972691474,1.0,0.0,0.0,0.0,3.288444197520421,-0.00015755046278244863,-0.79403955006592,1.0,0.0,0.0,0.0,3.128620645327135,-0.0001575463782045821,-0.7940424084275406,1.0,0.0,0.0,0.0,2.8909976321417816,-0.00015754263659953417,-0.7940455072436238,1.0,0.0,0.0,0.0,2.5868505161695547,-0.0001575396313617935,-0.7940488007384041,1.0,0.0,0.0,0.0,2.2234346887657743,-0.00015753750008548219,-0.7940522160409406,1.0,0.0,0.0,0.0,1.8080290168481952,-0.0001575361930847928,-0.7940522160409406,1.0,0.0,0.0,0.0,1.338916222445094,-0.00015754525052385466
101,solved,0,lti,1,23,23,23,34,-0.8040300728854103,1.0,0.0,0.0,0.0,1.838736073514482,1.7631209998797683e-05,0.2,0.3400715418178109,-0.1,0.0004145862740186838,0.19111927510551943,0.9815666235908659,-0.0004628755663129342,0.021075640144339713,0.7770572160593732,-0.7099610998088776,-0.10001343110847467,-0.9999973786288168,-0.0021991107653086843,-0.0006376890596731787,2.0647935483514605e-07,0.00020647935483514605,2.064795977817743e-07,0.0002064795977817743,1,1.737293335825546,0.17875337623064042,,20,0.9322708371731923,0.001020553020406903,1.0205530204069029,0.002979446979593097,2.979446979593097,49.41313010214454,0.01,0.01,0.0001,0.17453292519943295,0.17453292519943295,0.5235987755982988,0.02,solved,1.737293335825546,0.17875337623064042,-0.8040300728854103,1.0,0.0,0.0,0.0,1.838736073514482,1.7631209998797683e-05,0.7770572160593732,-0.7099610998088776,-0.10001343110847467,-0.9999973786288168,-0.0021991107653086843,-0.0006376890596731787,0.7770572156585621,-0.7099608933299117,-0.10001343079173032,-0.9999973559038275,-0.0022094213763875293,-0.0006376852948423186,2.0647935483514605e-07,0.00020647935483514605,2.064795977817743e-07,0.0002064795977817743,-0.8040300728854103,1.0,0.0,0.0,0.0,1.838736073514482,1.7631209998797683e-05,-0.804031242487902,1.0,0.0,0.0,0.0,2.899619740258182,0.005796491886039269,-0.8040327936425852,1.0,0.0,0.0,0.0,3.501026422448173,0.001058372773889373,-0.8040347110437199,1.0,0.0,0.0,0.0,3.8705046825913607,-0.00013610453018216847,-0.804036972691474,1.0,0.0,0.0,0.0,3.8120429731187198,-0.00015068872851467933,-0.80403955006592,1.0,0.0,0.0,0.0,3.6522194209254337,-0.00015068343928090522,-0.8040424084275406,1.0,0.0,0.0,0.0,3.4145964077400803,-0.00015067891254477855,-0.8040455072436238,1.0,0.0,0.0,0.0,3.1104492917678535,-0.00015067556769112297,-0.8040488007384041,1.0,0.0,0.0,0.0,2.747033464364073,-0.00015067357196261978,-0.8040522160409406,1.0,0.0,0.0,0.0,2.331627792446494,-0.00015067289935007824,-0.8040522160409406,1.0,0.0,0.0,0.0,1.8625149980433928,-0.00015067334695443395,-0.8040522160409406,1.0,0.0,0.0,0.0,1.3040105896060283,-0.0001506831975170971
102,solved,0,lti,1,23,23,23,34,-0.814031242487902,1.0,0.0,0.0,0.0,3.4232185158564805,1.14809369511661e-05,0.2,0.3600715418178109,-0.1,0.0004301855304159008,0.22460191343792,0.9744504063031925,-0.00044841496174303195,0.021075869763078736,0.7770569857680365,-0.709960740012277,-0.10001343172186426,-0.9999974389849692,-0.0021714811663185816,-0.0006377248995542602,1.7750093737458712e-07,0.0001775009373745871,1.7750116183940033e-07,0.00017750116183940033,1,1.7407094962363632,0.15603060359777687,,20,0.9329750839078869,0.0010204153318289205,1.0204153318289204,0.0029795846681710796,2.97958466817108,49.410392595917365,0.01,0.01,0.0001,0.17453292519943295,0.17453292519943295,0.5235987755982988,0.02,solved,1.7407094962363632,0.15603060359777687,-0.814031242487902,1.0,0.0,0.0,0.0,3.4232185158564805,1.14809369511661e-05,0.7770569857680365,-0.709960740012277,-0.10001343172186426,-0.9999974389849692,-0.0021714811663185816,-0.0006377248995542602,0.7770569854315438,-0.7099605625116586,-0.1000134314395781,-0.9999974145324994,-0.002182713367387316,-0.0006377230373324246,1.7750093737458712e-07,0.0001775009373745871,1.7750116183940033e-07,0.00017750116183940033,-0.814031242487902,1.0,0.0,0.0,0.0,3.4232185158564805,1.14809369511661e-05,-0.8140327936425852,1.0,0.0,0.0,0.0,4.024625198046472,0.005800919585971265,-0.8140347110437199,1.0,0.0,0.0,0.0,4.39410345818966,0.0010628405240206923,-0.814036972691474,1.0,0.0,0.0,0.0,4.335641748717019,-0.00013162738962543708,-0.81403955006592,1.0,0.0,0.0,0.0,4.175818196523733,-0.0001462100031564958,-0.8140424084275406,1.0,0.0,0.0,0.0,3.938195183338379,-0.00014620432134247613,-0.8140455072436238,1.0,0.0,0.0,0.0,3.634048067366152,-0.0001462002268786326,-0.8140488007384041,1.0,0.0,0.0,0.0,3.2706322399623717,-0.00014619793399019823,-0.8140522160409406,1.0,0.0,0.0,0.0,2.8552265680447926,-0.00014619744844728108,-0.8140522160409406,1.0,0.0,0.0,0.0,2.3861137736416915,-0.00014619861714780275,-0.8140522160409406,1.0,0.0,0.0,0.0,1.827609365204327,-0.0001462012684885675,-0.8140522160409406,1.0,0.0,0.0,0.0,1.1895566761548826,-0.0001462112529616735
103,solved,0,lti,1,23,23,23,34,-0.8240327936425852,1.0,0.0,0.0,0.0,4.548223973644771,6.535464127250546e-06,0.2,0.38007154181781094,-0.1,0.0004501285447931662,0.26867455208596325,0.9632308129030335,-0.0004283921820675551,0.02107600047236128,0.777056854537452,-0.7099604580362348,-0.10001343250564783,-0.999997485720526,-0.0021498351154267564,-0.0006377786471095177,1.4192252900445262e-07,0.00014192252900445263,1.4192274987452894e-07,0.00014192274987452895,1,1.7474906870301419,0.14215141086616356,,20,0.9333991362137027,0.001020355185716538,1.020355185716538,0.002979644814283462,2.979644814283462,49.40880953219286,0.01,0.01,0.0001,0.17453292519943295,0.17453292519943295,0.5235987755982988,0.02,solved,1.7474906870301419,0.14215141086616356,-0.8240327936425852,1.0,0.0,0.0,0.0,4.548223973644771,6.535464127250546e-06,0.777056854537452,-0.7099604580362348,-0.10001343250564783,-0.999997485720526,-0.0021498351154267564,-0.0006377786471095177,0.7770568542715591,-0.7099603161139548,-0.10001343225526227,-0.9999974587398855,-0.002162348627296031,-0.0006377791033696071,1.4192252900445262e-07,0.00014192252900445263,1.4192274987452894e-07,0.00014192274987452895,-0.8240327936425852,1.0,0.0,0.0,0.0,4.548223973644771,6.535464127250546e-06,-0.82403471104372,1.0,0.0,0.0,0.0,4.917702233787959,0.005803444543236507,-0.824036972691474,1.0,0.0,0.0,0.0,4.859240524315318,0.0010653906116839308,-0.82403955006592,1.0,0.0,0.0,0.0,4.699416972122032,-0.00012907471343921582,-0.8240424084275406,1.0,0.0,0.0,0.0,4.461793958936678,-0.0001436568995944971,-0.8240455072436238,1.0,0.0,0.0,0.0,4.157646842964451,-0.00014365164150094284,-0.8240488007384041,1.0,0.0,0.0,0.0,3.7942310155606704,-0.00014364863503390027,-0.8240522160409406,1.0,0.0,0.0,0.0,3.3788253436430913,-0.0001436479325353626,-0.8240522160409406,1.0,0.0,0.0,0.0,2.9097125492399902,-0.00014364943049093815,-0.8240522160409406,1.0,0.0,0.0,0.0,2.3512081408026257,-0.0001436531082083661,-0.8240522160409406,1.0,0.0,0.0,0.0,1.7131554517531815,-0.00014365852473827354,-0.8240522160409406,1.0,0.0,0.0,0.0,0.9978439641163485,-0.0001436678975950641
104,solved,0,lti,1,23,23,23,34,-0.83403471104372,1.0,0.0,0.0,0.0,5.441301009386258,5.046021671908551e-06,0.2,0.40007154181781096,-0.1,0.00047276095153154314,0.3206633359429446,0.9471930314599945,-0.00040327738741616133,0.021076101392794717,0.7770567530075785,-0.7099601249891193,-0.1000134333158677,-0.9999975403074421,-0.002124275042476705,-0.000637835879959251,1.0217610511946656e-07,0.00010217610511946656,1.0217633786473202e-07,0.00010217633786473202,1,1.7535221229009916,0.13372176512097828,,20,0.933699258446837,0.0010202707185796066,1.0202707185796067,0.0029797292814203935,2.9797292814203935,49.40756930109078,0.01,0.01,0.0001,0.17453292519943295,0.17453292519943295,0.5235987755982988,0.02,solved,1.7535221229009916,0.13372176512097828,-0.83403471104372,1.0,0.0,0.0,0.0,5.441301009386258,5.046021671908551e-06,0.7770567530075785,-0.7099601249891193,-0.1000134333158677,-0.9999975403074421,-0.002124275042476705,-0.000637835879959251,0.7770567528166429,-0.7099600228131926,-0.10001343309778042,-0.9999975105913715,-0.0021382171632900425,-0.0006378388686854318,1.0217610511946656e-07,0.00010217610511946656,1.0217633786473202e-07,0.00010217633786473202,-0.83403471104372,1.0,0.0,0.0,0.0,5.441301009386258,5.046021671908551e-06,-0.834036972691474,1.0,0.0,0.0,0.0,5.382839299913617,0.005805399882216878,-0.83403955006592,1.0,0.0,0.0,0.0,5.223015747720331,0.0010673613865435905,-0.8340424084275406,1.0,0.0,0.0,0.0,4.985392734534977,-0.00012710273243825428,-0.8340455072436238,1.0,0.0,0.0,0.0,4.68124561856275,-0.0001416853471252906,-0.8340488007384042,1.0,0.0,0.0,0.0,4.317829791158969,-0.00014168122390289097,-0.8340522160409406,1.0,0.0,0.0,0.0,3.90242411924139,-0.0001416798981170125,-0.8340522160409406,1.0,0.0,0.0,0.0,3.433311324838289,-0.00014168132780480145,-0.8340522160409406,1.0,0.0,0.0,0.0,2.8748069164009245,-0.00014168563157586413,-0.8340522160409406,1.0,0.0,0.0,0.0,2.23675422735148,-0.00014169238840093973,-0.8340522160409406,1.0,0.0,0.0,0.0,1.5214427397146473,-0.00014170094746049686,-0.8340522160409406,1.0,0.0,0.0,0.0,0.7572824153659785,-0.00014170865736747078
105,solved,0,lti,1,23,23,23,34,-0.844036972691474,1.0,0.0,0.0,0.0,5.906438075511916,5.961278024731174e-06,0.2,0.420071541817811,-0.1,0.0004957420362774937,0.3760170123218315,0.9266125513444092,-0.0003746670548122145,0.02107622061835521,0.7770566328958122,-0.7099596340997645,-0.10001343398392504,-0.9999976195942506,-0.0020866032835329877,-0.0006378813130686463,6.109024258436936e-08,6.109024258436935e-05,6.109053244729217e-08,6.109053244729217e-05,1,1.396989288591385,0.10249830577069394,,20,0.934018767722423,0.0010201304256852316,1.0201304256852315,0.0029798695743147685,2.9798695743147685,49.40610481254597,0.01,0.01,0.0001,0.17453292519943295,0.17453292519943295,0.5235987755982988,0.02,solved,1.396989288591385,0.10249830577069394,-0.844036972691474,1.0,0.0,0.0,0.0,5.906438075511916,5.961278024731174e-06,0.7770566328958122,-0.7099596340997645,-0.10001343398392504,-0.9999976195942506,-0.0020866032835329877,-0.0006378813130686463,0.7770566327797248,-0.7099595730096322,-0.1000134337957345,-0.9999975876038276,-0.0021018770146418344,-0.0006378867773102505,6.109024258436936e-08,6.109024258436935e-05,6.109053244729217e-08,6.109053244729217e-05,-0.844036972691474,1.0,0.0,0.0,0.0,5.906438075511916,5.961278024731174e-06,-0.84403955006592,1.0,0.0,0.0,0.0,5.74661452331863,0.0058077087274278115,-0.8440424084275406,1.0,0.0,0.0,0.0,5.508991510133276,0.001069686912336817,-0.8440455072436238,1.0,0.0,0.0,0.0,5.204844394161049,-0.00012477678046961035,-0.8440488007384042,1.0,0.0,0.0,0.0,4.841428566757268,-0.00013936058854959146,-0.8440522160409406,1.0,0.0,0.0,0.0,4.426022894839689,-0.00013935823018006217,-0.8440522160409406,1.0,0.0,0.0,0.0,3.7434022619497918,-0.00013936036523884838,-0.8440522160409406,1.0,0.0,0.0,0.0,3.0348845725913693,-0.00013936569217930058,-0.8440522160409406,1.0,0.0,0.0,0.0,2.334686136135587,-0.00013937368013595456,-0.8440522160409406,1.0,0.0,0.0,0.0,1.6620767023489251,-0.000139383598968314,-0.8440522160409406,1.0,0.0,0.0,0.0,1.036226072596594,-0.00013939427168623263,-0.8440522160409406,1.0,0.0,0.0,0.0,0.4808261092851886,-0.00013939817139031621
106,solved,0,lti,1,23,23,23,34,-0.85403955006592,1.0,0.0,0.0,0.0,5.223015747720331,8.87488391753362e-06,0.2,0.440071541817811,-0.1,0.0005146260236729572,0.42387936171133334,0.9057184444294069,-0.0003482752133769726,0.02107639811603356,0.7770564542004508,-0.7099589575398728,-0.10001343429073808,-0.9999977265808939,-0.002034679705344099,-0.0006378961833230052,3.162042407065506e-10,3.162042407065506e-07,3.620025935533205e-10,3.620025935533205e-07,1,1.6380151867794635,0.11977900350175757,,20,0.9344703849518587,0.001019901255797035,1.019901255797035,0.0029800987442029653,2.9800987442029654,49.40394637429894,0.01,0.01,0.0001,0.17453292519943295,0.17453292519943295,0.5235987755982988,0.02,solved,1.6380151867794635,0.11977900350175757,-0.85403955006592,1.0,0.0,0.0,0.0,5.223015747720331,8.87488391753362e-06,0.7770564542004508,-0.7099589575398728,-0.10001343429073808,-0.9999977265808939,-0.002034679705344099,-0.0006378961833230052,0.7770564541928933,-0.7099589572237589,-0.1000134344669787,-0.9999976945967358,-0.0020503321969804135,-0.0006379177812376356,3.162042407065506e-10,3.162042407065506e-07,3.620025935533205e-10,3.620025935533205e-07,-0.85403955006592,1.0,0.0,0.0,0.0,5.223015747720331,8.87488391753362e-06,-0.8540424084275406,1.0,0.0,0.0,0.0,4.985392734534977,0.005811142247054969,-0.8540455072436238,1.0,0.0,0.0,0.0,4.68124561856275,0.0010731441065097679,-0.8540488007384042,1.0,0.0,0.0,0.0,4.317829791158969,-0.00012131952972015904,-0.8540522160409406,1.0,0.0,0.0,0.0,3.9024241192413904,-0.0001359051785820124,-0.8540522160409406,1.0,0.0,0.0,0.0,3.219803486351493,-0.00013590785444085403,-0.8540522160409406,1.0,0.0,0.0,0.0,2.5112857969930706,-0.00013591462608955748,-0.8540522160409406,1.0,0.0,0.0,0.0,1.8110873605372881,-0.0001359240178735803,-0.8540522160409406,1.0,0.0,0.0,0.0,1.1384779267506264,-0.0001359346463210586,-0.8540522160409406,1.0,0.0,0.0,0.0,0.6767009032408382,-0.00013594489372680912,-0.8540522160409406,1.0,0.0,0.0,0.0,0.420747339229079,-0.00013595374771721268,-0.8540522160409406,1.0,0.0,0.0,0.0,0.19522620990084635,-0.00013595481432899286
107,solved,0,lti,1,23,23,23,34,-0.8640424084275407,1.0,0.0,0.0,0.0,4.461793958936678,1.236092218727207e-05,0.2,0.460071541817811,-0.1,0.0005296480271581691,0.46385539452255975,0.8859107104199339,-0.00032497466950775426,0.021076645334477305,0.7770562056487894,-0.7099581852537443,-0.10001343433669206,-0.9999978454362792,-0.001975404305105003,-0.0006378876317286119,3.4562584406598416e-08,3.4562584406598417e-05,3.4562886927804454e-08,3.456288692780445e-05,1,1.6955812568238906,0.15266546536179884,,20,0.9351014210674149,0.0010195953759202666,1.0195953759202665,0.0029804046240797335,2.9804046240797337,49.40097136597406,0.01,0.01,0.0001,0.17453292519943295,0.17453292519943295,0.5235987755982988,0.02,solved,1.6955812568238906,0.15266546536179884,-0.8640424084275407,1.0,0.0,0.0,0.0,4.461793958936678,1.236092218727207e-05,0.7770562056487894,-0.7099581852537443,-0.10001343433669206,-0.9999978454362792,-0.001975404305105003,-0.0006378876317286119,0.7770562055809596,-0.7099581506912265,-0.10001343448130161,-0.9999978179058032,-0.0019892856524519973,-0.0006379076931113107,3.4562584406598416e-08,3.4562584406598417e-05,3.4562886927804454e-08,3.456288692780445e-05,-0.8640424084275407,1.0,0.0,0.0,0.0,4.461793958936678,1.236092218727207e-05,-0.8640455072436238,1.0,0.0,0.0,0.0,4.157646842964451,0.005815917455053292,-0.8640488007384042,1.0,0.0,0.0,0.0,3.7942310155606704,0.0010779474879246249,-0.8640522160409406,1.0,0.0,0.0,0.0,3.3788253436430917,-0.00011651952222247907,-0.8640522160409406,1.0,0.0,0.0,0.0,2.6962047107531943,-0.0001311119587261362,-0.8640522160409406,1.0,0.0,0.0,0.0,1.987687021394772,-0.00013111816201417728,-0.8640522160409406,1.0,0.0,0.0,0.0,1.2874885849389894,-0.00013112628596794956,-0.8640522160409406,1.0,0.0,0.0,0.0,0.6148791511523276,-0.00013113514750548672,-0.8640522160409406,1.0,0.0,0.0,0.0,0.1531021276425394,-0.0001311418148310633,-0.8640522160409406,1.0,0.0,0.0,0.0,-0.10285143636921984,-0.00013114598239037943,-0.8640522160409406,1.0,0.0,0.0,0.0,-0.08309440172071109,-0.000131149714048445,-0.8640522160409406,1.0,0.0,0.0,0.0,-0.038694928505281105,-0.00013115009282375
108,solved,0,lti,1,23,23,23,34,-0.8740455072436238,1.0,0.0,0.0,0.0,3.634048067366152,1.4170599869117702e-05,0.2,0.48007154181781103,-0.1,0.0005411054674521578,0.495736472792686,0.868472776434298,-0.00030551667972075893,0.021076928746474686,0.7770559209065446,-0.7099573928363111,-0.10001343418723534,-0.9999979637532047,-0.0019145811832921248,-0.0006378623181691256,5.934288186492232e-08,5.9342881864922316e-05,5.9343002417595136e-08,5.9343002417595134e-05,1,1.7216275935038456,0.19574345221039205,,20,0.9358508941981798,0.0010192800013867863,1.0192800013867862,0.0029807199986132136,2.9807199986132136,49.39757512917424,0.01,0.01,0.0001,0.17453292519943295,0.17453292519943295,0.5235987755982988,0.02,solved,1.7216275935038456,0.19574345221039205,-0.8740455072436238,1.0,0.0,0.0,0.0,3.634048067366152,1.4170599869117702e-05,0.7770559209065446,-0.7099573928363111,-0.10001343418723534,-0.9999979637532047,-0.0019145811832921248,-0.0006378623181691256,0.7770559207986598,-0.7099573334935273,-0.10001343430685097,-0.9999979399073815,-0.001926989589852999,-0.000637880955811429,5.934288186492232e-08,5.9342881864922316e-05,5.9343002417595136e-08,5.9343002417595134e-05,-0.8740455072436238,1.0,0.0,0.0,0.0,3.634048067366152,1.4170599869117702e-05,-0.8740488007384042,1.0,0.0,0.0,0.0,3.2706322399623717,0.005821390915989031,-0.8740522160409406,1.0,0.0,0.0,0.0,2.855226568044793,0.0010834556047395797,-0.8740522160409406,1.0,0.0,0.0,0.0,2.1726059351548956,-0.00011101468494536502,-0.8740522160409406,1.0,0.0,0.0,0.0,1.4640882457964732,-0.00012560975399163066,-0.8740522160409406,1.0,0.0,0.0,0.0,0.7638898093406906,-0.00012561666744210188,-0.8740522160409406,1.0,0.0,0.0,0.0,0.09128037555402879,-0.00012562385703929454,-0.8740522160409406,1.0,0.0,0.0,0.0,-0.37049664795575943,-0.0001256290441558897,-0.8740522160409406,1.0,0.0,0.0,0.0,-0.6264502119675186,-0.00012563212197889807,-0.8740522160409406,1.0,0.0,0.0,0.0,-0.6066931773190098,-0.0001256327505330128,-0.8740522160409406,1.0,0.0,0.0,0.0,-0.4726476516746597,-0.00012563343587533254,-0.8740522160409406,1.0,0.0,0.0,0.0,-0.22000192113891873,-0.0001256342391846898
109,solved,0,lti,1,23,23,23,34,-0.8840488007384042,1.0,0.0,0.0,0.0,2.747033464364073,1.457852628968881e-05,0.2,0.500071541817811,-0.1,0.0005492929059090516,0.5194036757921411,0.8545287797599588,-0.00029053893372869095,0.02107722031700048,0.7770556281041472,-0.7099566378237648,-0.1000134338975069,-0.9999980730537824,-0.0018566278342092995,-0.0006378258439256958,7.531300192027749e-08,7.531300192027748e-05,7.53130683189614e-08,7.53130683189614e-05,1,1.7418084731850563,0.249619105396408,,20,0.9366393362150103,0.0010189789259836034,1.0189789259836035,0.0029810210740163967,2.9810210740163967,49.39409021498035,0.01,0.01,0.0001,0.17453292519943295,0.17453292519943295,0.5235987755982988,0.02,solved,1.7418084731850563,0.249619105396408,-0.8840488007384042,1.0,0.0,0.0,0.0,2.747033464364073,1.457852628968881e-05,0.7770556281041472,-0.7099566378237648,-0.1000134338975069,-0.9999980730537824,-0.0018566278342092995,-0.0006378258439256958,0.7770556279736225,-0.709956562510876,-0.10001343399751376,-0.9999980520671,-0.0018678913285615655,-0.0006378432333873727,7.531300192027749e-08,7.531300192027748e-05,7.53130683189614e-08,7.53130683189614e-05,-0.8840488007384042,1.0,0.0,0.0,0.0,2.747033464364073,1.457852628968881e-05,-0.8840522160409406,1.0,0.0,0.0,0.0,2.3316277924464943,0.005827022936242303,-0.8840522160409406,1.0,0.0,0.0,0.0,1.649007159556597,0.0010891235369879084,-0.8840522160409406,1.0,0.0,0.0,0.0,0.9404894701981744,-0.00010534634896229812,-0.8840522160409406,1.0,0.0,0.0,0.0,0.2402910337423918,-0.00011994158290675518,-0.8840522160409406,1.0,0.0,0.0,0.0,-0.43231840004427,-0.00011994723953225382,-0.8840522160409406,1.0,0.0,0.0,0.0,-0.8940954235540582,-0.0001199510284887291,-0.8840522160409406,1.0,0.0,0.0,0.0,-1.1500489875658175,-0.00011995302885545132,-0.8840522160409406,1.0,0.0,0.0,0.0,-1.1302919529173088,-0.00011995322933798391,-0.8840522160409406,1.0,0.0,0.0,0.0,-0.9962464272729585,-0.00011995296304351256,-0.8840522160409406,1.0,0.0,0.0,0.0,-0.7436006967372175,-0.00011995239011423053,-0.8840522160409406,1.0,0.0,0.0,0.0,-0.3501043418286621,-0.00011995391168420368
110,solved,0,lti,1,23,23,23,34,-0.8940522160409407,1.0,0.0,0.0,0.0,1.8080290168481956,1.3921391262954118e-05,0.2,0.520071541817811,-0.1,0.0005544558693147264,0.5347680689236393,0.8449986546285819,-0.0002805606128391261,0.02107749874482574,0.7770553485971223,-0.7099559581808232,-0.10001343350921788,-0.9999981685788963,-0.0018044590323776897,-0.0006377824502087599,8.330550339339794e-08,8.330550339339795e-05,8.330554853480614e-08,8.330554853480614e-05,1,1.7388526572538818,0.29039960813059,,20,0.9374046232913625,0.0010187083592008103,1.0187083592008104,0.00298129164079919,2.98129164079919,49.390769727520976,0.01,0.01,0.0001,0.17453292519943295,0.17453292519943295,0.5235987755982988,0.02,solved,1.7388526572538818,0.29039960813059,-0.8940522160409407,1.0,0.0,0.0,0.0,1.8080290168481956,1.3921391262954118e-05,0.7770553485971223,-0.7099559581808232,-0.10001343350921788,-0.9999981685788963,-0.0018044590323776897,-0.0006377824502087599,0.777055348458218,-0.7099558748754357,-0.1000134335959419,-0.9999981496457637,-0.0018149153520106692,-0.0006377988034618711,8.330550339339794e-08,8.330550339339795e-05,8.330554853480614e-08,8.330554853480614e-05,-0.8940522160409407,1.0,0.0,0.0,0.0,1.8080290168481956,1.3921391262954118e-05,-0.8940522160409407,1.0,0.0,0.0,0.0,1.1254083839582982,0.005832401681666971,-0.8940522160409407,1.0,0.0,0.0,0.0,0.4168906945998756,0.0010945395916174714,-0.8940522160409407,1.0,0.0,0.0,0.0,-0.283307741855907,-9.992783822053994e-05,-0.8940522160409407,1.0,0.0,0.0,0.0,-0.9559171756425688,-0.00011452156046546893,-0.8940522160409407,1.0,0.0,0.0,0.0,-1.417694199152357,-0.00011452405147912816,-0.8940522160409407,1.0,0.0,0.0,0.0,-1.6736477631641162,-0.00011452499681659517,-0.8940522160409407,1.0,0.0,0.0,0.0,-1.6538907285156075,-0.00011452466822129072,-0.8940522160409407,1.0,0.0,0.0,0.0,-1.5198452028712572,-0.00011452417393578929,-0.8940522160409407,1.0,0.0,0.0,0.0,-1.2671994723355162,-0.00011452373829073592,-0.8940522160409407,1.0,0.0,0.0,0.0,-0.8737031174269609,-0.00011452345779163571,-0.8940522160409407,1.0,0.0,0.0,0.0,-0.43158057487117824,-0.00011452539458070411
111,solved,0,lti,1,23,23,23,34,-0.9040522160409407,1.0,0.0,0.0,0.0,0.6018096083599994,1.2561110192601153e-05,0.2,0.540071541817811,-0.1,0.0005561342593812333,0.5398436373749198,0.8417650866187358,-0.0002772187837010724,0.02107774996702959,0.7770550964906333,-0.7099553876323617,-0.10001343303346794,-0.9999982466790891,-0.0017606630869523505,-0.0006377336763509213,8.325449854314404e-08,8.325449854314404e-05,8.325453630558403e-08,8.325453630558403e-05,1,1.737340183033978,0.2870782542246569,,20,0.9381039362825323,0.0010184768790458098,1.0184768790458099,0.00298152312095419,2.98152312095419,49.3877806712025,0.01,0.01,0.0001,0.17453292519943295,0.17453292519943295,0.5235987755982988,0.02,solved,1.737340183033978,0.2870782542246569,-0.9040522160409407,1.0,0.0,0.0,0.0,0.6018096083599994,1.2561110192601153e-05,0.7770550964906333,-0.7099553876323617,-0.10001343303346794,-0.9999982466790891,-0.0017606630869523505,-0.0006377336763509213,0.7770550963562949,-0.7099553043779715,-0.1000134331127635,-0.9999982289312733,-0.0017707089553310727,-0.0006377492550710252,8.325449854314404e-08,8.325449854314404e-05,8.325453630558403e-08,8.325453630558403e-05,-0.9040522160409407,1.0,0.0,0.0,0.0,0.6018096083599994,1.2561110192601153e-05,-0.9040522160409407,1.0,0.0,0.0,0.0,-0.10670808099842322,0.005837257660360564,-0.9040522160409407,1.0,0.0,0.0,0.0,-0.8069065174542058,0.0010994310518693652,-0.9040522160409407,1.0,0.0,0.0,0.0,-1.4795159512408675,-9.503268429296692e-05,-0.9040522160409407,1.0,0.0,0.0,0.0,-1.941292974750656,-0.00010962341997093969,-0.9040522160409407,1.0,0.0,0.0,0.0,-2.197246538762415,-0.00010962333517420628,-0.9040522160409407,1.0,0.0,0.0,0.0,-2.177489504113906,-0.00010962238228598907,-0.9040522160409407,1.0,0.0,0.0,0.0,-2.043443978469556,-0.00010962151423694248,-0.9040522160409407,1.0,0.0,0.0,0.0,-1.790798247933815,-0.00010962101497832542,-0.9040522160409407,1.0,0.0,0.0,0.0,-1.3973018930252596,-0.00010962108019355714,-0.9040522160409407,1.0,0.0,0.0,0.0,-0.955179350469477,-0.00010962171676954113,-0.9040522160409407,1.0,0.0,0.0,0.0,-0.46873771070470016,-0.00010962392155307334
112,solved,0,lti,1,23,23,23,34,-0.9140522160409407,1.0,0.0,0.0,0.0,-0.630306856596722,1.0586782691485381e-05,0.2,0.560071541817811,-0.1,0.0005543758947480225,0.5345272458486178,0.8451510144997301,-0.0002807186061103616,0.02107796170268342,0.7770548840448318,-0.7099549199345041,-0.10001343247951329,-0.9999983092784379,-0.0017247618446651586,-0.0006376808331186823,7.577831384925441e-08,7.577831384925441e-05,7.577835267828704e-08,7.577835267828704e-05,1,1.7341057031447074,0.24853192927769197,,20,0.9387024201500607,0.001018295793314224,1.018295793314224,0.002981704206685776,2.981704206685776,49.385271345309675,0.01,0.01,0.0001,0.17453292519943295,0.17453292519943295,0.5235987755982988,0.02,solved,1.7341057031447074,0.24853192927769197,-0.9140522160409407,1.0,0.0,0.0,0.0,-0.630306856596722,1.0586782691485381e-05,0.7770548840448318,-0.7099549199345041,-0.10001343247951329,-0.9999983092784379,-0.0017247618446651586,-0.0006376808331186823,0.7770548839256607,-0.709954844156284,-0.10001343255622573,-0.9999982919722901,-0.0017347612127843464,-0.0006376958813697955,7.577831384925441e-08,7.577831384925441e-05,7.577835267828704e-08,7.577835267828704e-05,-0.9140522160409407,1.0,0.0,0.0,0.0,-0.630306856596722,1.0586782691485381e-05,-0.9140522160409407,1.0,0.0,0.0,0.0,-1.3305052930525045,0.00584135309142058,-0.9140522160409407,1.0,0.0,0.0,0.0,-2.0031147268391662,0.001103557792227334,-0.9140522160409407,1.0,0.0,0.0,0.0,-2.4648917503489547,-9.090139412876298e-05,-0.9140522160409407,1.0,0.0,0.0,0.0,-2.7208453143607136,-0.00010548973927902697,-0.9140522160409407,1.0,0.0,0.0,0.0,-2.701088279712205,-0.00010548807087241107,-0.9140522160409407,1.0,0.0,0.0,0.0,-2.5670427540678546,-0.00010548668839485,-0.9140522160409407,1.0,0.0,0.0,0.0,-2.3143970235321136,-0.00010548594025121807,-0.9140522160409407,1.0,0.0,0.0,0.0,-1.9209006686235583,-0.0001054861128225362,-0.9140522160409407,1.0,0.0,0.0,0.0,-1.478778126067776,-0.000105487114586486,-0.9140522160409407,1.0,0.0,0.0,0.0,-0.9826993113410668,-0.0001054888132938687,-0.9140522160409407,1.0,0.0,0.0,0.0,-0.45643276676374883,-0.00010549107652334739
113,solved,0,lti,1,23,23,23,34,-0.9240522160409407,1.0,0.0,0.0,0.0,-1.8541040686508032,8.727174078523355e-06,0.2,0.5800715418178111,-0.1,0.0005490760916320889,0.5187662896647273,0.8549158733886768,-0.0002909484732598625,0.021078136246164992,0.7770547089089372,-0.7099545229309621,-0.10001343184245107,-0.9999983614111204,-0.0016942878835902674,-0.0006376234323726281,6.203755720348034e-08,6.203755720348034e-05,6.20376072047313e-08,6.20376072047313e-05,1,1.6489580897713034,0.20027745015055873,,20,0.9391968014756154,0.0010181517364319607,1.0181517364319608,0.0029818482635680394,2.9818482635680392,49.383214353499305,0.01,0.01,0.0001,0.17453292519943295,0.17453292519943295,0.5235987755982988,0.02,solved,1.6489580897713034,0.20027745015055873,-0.9240522160409407,1.0,0.0,0.0,0.0,-1.8541040686508032,8.727174078523355e-06,0.7770547089089372,-0.7099545229309621,-0.10001343184245107,-0.9999983614111204,-0.0016942878835902674,-0.0006376234323726281,0.7770547088130826,-0.7099544608934789,-0.10001343192121599,-0.9999983439679868,-0.0017045465322651624,-0.0006376381445695534,6.203755720348034e-08,6.203755720348034e-05,6.20376072047313e-08,6.20376072047313e-05,-0.9240522160409407,1.0,0.0,0.0,0.0,-1.8541040686508032,8.727174078523355e-06,-0.9240522160409407,1.0,0.0,0.0,0.0,-2.526713502437465,0.005844732042507285,-0.9240522160409407,1.0,0.0,0.0,0.0,-2.9884905259472534,0.0011069638646008962,-0.9240522160409407,1.0,0.0,0.0,0.0,-3.2444440899590123,-8.749164079357052e-05,-0.9240522160409407,1.0,0.0,0.0,0.0,-3.2246870553105036,-0.0001020786101052366,-0.9240522160409407,1.0,0.0,0.0,0.0,-3.0906415296661534,-0.00010207657834730653,-0.9240522160409407,1.0,0.0,0.0,0.0,-2.8379957991304123,-0.00010207540553271872,-0.9240522160409407,1.0,0.0,0.0,0.0,-2.444499444221857,-0.0001020754708958374,-0.9240522160409407,1.0,0.0,0.0,0.0,-1.9320186419084049,-0.0001020768542653625,-0.9240522160409407,1.0,0.0,0.0,0.0,-1.3759025274754675,-0.00010207916028927611,-0.9240522160409407,1.0,0.0,0.0,0.0,-0.857824059474092,-0.00010208188367823085,-0.9240522160409407,1.0,0.0,0.0,0.0,-0.3980485089552427,-0.00010208363826711384
114,solved,0,lti,1,23,23,23,34,-0.9340522160409407,1.0,0.0,0.0,0.0,-3.0503122780357637,7.4572448800937374e-06,0.2,0.6000715418178111,-0.1,0.0005399472093057804,0.4924514076962449,0.8703397181115076,-0.00030755906694018094,0.021078285391062594,0.7770545592085129,-0.7099541446821864,-0.10001343110509814,-0.9999984102198698,-0.0016652553902587026,-0.0006375595802447689,4.311185745180222e-08,4.3111857451802216e-05,4.311193950444906e-08,4.311193950444906e-05,1,1.0348811002984901,0.10985324256824823,,20,0.9396130554561501,0.0010180255144873669,1.018025514487367,0.0029819744855126332,2.9819744855126333,49.38146832263215,0.01,0.01,0.0001,0.17453292519943295,0.17453292519943295,0.5235987755982988,0.02,solved,1.0348811002984901,0.10985324256824823,-0.9340522160409407,1.0,0.0,0.0,0.0,-3.0503122780357637,7.4572448800937374e-06,0.7770545592085129,-0.7099541446821864,-0.10001343110509814,-0.9999984102198698,-0.0016652553902587026,-0.0006375595802447689,0.777054559142204,-0.70995410157038,-0.10001343118921051,-0.9999983922523987,-0.0016760047460657368,-0.000637574081186044,4.311185745180222e-08,4.3111857451802216e-05,4.311193950444906e-08,4.311193950444906e-05,-0.9340522160409407,1.0,0.0,0.0,0.0,-3.0503122780357637,7.4572448800937374e-06,-0.9340522160409407,1.0,0.0,0.0,0.0,-3.512089301545552,0.005847622615826889,-0.9340522160409407,1.0,0.0,0.0,0.0,-3.768042865557311,0.001109877463845126,-0.9340522160409407,1.0,0.0,0.0,0.0,-3.5583693289923626,-8.457607076043934e-05,-0.9340522160409407,1.0,0.0,0.0,0.0,-3.175013879989754,-9.91633309559877e-05,-0.9340522160409407,1.0,0.0,0.0,0.0,-2.759924779571403,-9.916197423691812e-05,-0.9340522160409407,1.0,0.0,0.0,0.0,-2.3262694892746447,-9.916183027807296e-05,-0.9340522160409407,1.0,0.0,0.0,0.0,-1.8859523759100294,-9.916308114920682e-05,-0.9340522160409407,1.0,0.0,0.0,0.0,-1.4508648144438954,-9.916546911359135e-05,-0.9340522160409407,1.0,0.0,0.0,0.0,-1.0328983496020425,-9.916842810156298e-05,-0.9340522160409407,1.0,0.0,0.0,0.0,-0.643972675958476,-9.917151116227213e-05,-0.9340522160409407,1.0,0.0,0.0,0.0,-0.29881762303554904,-9.917260473401232e-05
115,solved,0,lti,1,23,23,23,34,-0.9440522160409407,1.0,0.0,0.0,0.0,-2.9884905259472534,7.138735309059563e-06,0.2,0.6200715418178111,-0.1,0.0005305161062917106,0.46622536945630627,0.8846657666824022,-0.0003235556048955071,0.021078428165768777,0.7770544158153282,-0.7099537163143638,-0.10001343037400258,-0.9999984644666539,-0.00163237940443177,-0.0006374965210027039,7.851486547136306e-09,7.851486547136307e-06,7.852325687278819e-09,7.852325687278818e-06,1,1.4764863018103263,0.15385425007367642,,20,0.9399984206997002,0.0010178922473712802,1.0178922473712801,0.00298210775262872,2.9821077526287203,49.379804882092486,0.01,0.01,0.0001,0.17453292519943295,0.17453292519943295,0.5235987755982988,0.02,solved,1.4764863018103263,0.15385425007367642,-0.9440522160409407,1.0,0.0,0.0,0.0,-2.9884905259472534,7.138735309059563e-06,0.7770544158153282,-0.7099537163143638,-0.10001343037400258,-0.9999984644666539,-0.00163237940443177,-0.0006374965210027039,0.7770544158234435,-0.7099537241658461,-0.10001343025920842,-0.9999984454565686,-0.0016439815364235014,-0.0006375022776900788,7.851486547136306e-09,7.851486547136307e-06,7.852325687278819e-09,7.852325687278818e-06,-0.9440522160409407,1.0,0.0,0.0,0.0,-2.9884905259472534,7.138735309059563e-06,-0.9440522160409407,1.0,0.0,0.0,0.0,-3.2444440899590123,0.005850391236636036,-0.9440522160409407,1.0,0.0,0.0,0.0,-3.034770553394064,0.0011126667278671656,-0.9440522160409407,1.0,0.0,0.0,0.0,-2.651415104391455,-8.178610295738424e-05,-0.9440522160409407,1.0,0.0,0.0,0.0,-2.236326003973104,-9.637454858611247e-05,-0.9440522160409407,1.0,0.0,0.0,0.0,-1.802670713676346,-9.637486893835376e-05,-0.9440522160409407,1.0,0.0,0.0,0.0,-1.3623536003117307,-9.637628387580898e-05,-0.9440522160409407,1.0,0.0,0.0,0.0,-1.032520104291005,-9.637836493177294e-05,-0.9440522160409407,1.0,0.0,0.0,0.0,-0.7936527914686481,-9.638083931752246e-05,-0.9440522160409407,1.0,0.0,0.0,0.0,-0.5650123013986633,-9.638352735390771e-05,-0.9440522160409407,1.0,0.0,0.0,0.0,-0.35226444331896656,-9.638615766420084e-05,-0.9440522160409407,1.0,0.0,0.0,0.0,-0.16345883923650606,-9.638664242469128e-05
116,solved,0,lti,1,23,23,23,34,-0.9540522160409407,1.0,0.0,0.0,0.0,-2.7208453143607136,8.044805010181754e-06,0.2,0.6400715418178111,-0.1,0.0005215173865328867,0.4419853895137659,0.8970220339104253,-0.0003378685898957208,0.02107858906186898,0.7770542542585475,-0.7099532498352832,-0.10001342969366335,-0.9999985223042392,-0.0015965788683514576,-0.0006374364711937971,1.0528641337911806e-08,1.0528641337911805e-05,1.0529312115516424e-08,1.0529312115516424e-05,1,1.5501416984201013,0.1972493240596694,,20,0.9404177496017553,0.0010177215067470103,1.0177215067470102,0.0029822784932529898,2.9822784932529895,49.377921225437056,0.01,0.01,0.0001,0.17453292519943295,0.17453292519943295,0.5235987755982988,0.02,solved,1.5501416984201013,0.1972493240596694,-0.9540522160409407,1.0,0.0,0.0,0.0,-2.7208453143607136,8.044805010181754e-06,0.7770542542585475,-0.7099532498352832,-0.10001342969366335,-0.9999985223042392,-0.0015965788683514576,-0.0006374364711937971,0.7770542542401098,-0.709953239306658,-0.10001342957481385,-0.9999985054199967,-0.0016071174431153549,-0.000637441210360982,1.0528641337911806e-08,1.0528641337911805e-05,1.0529312115516424e-08,1.0529312115516424e-05,-0.9540522160409407,1.0,0.0,0.0,0.0,-2.7208453143607136,8.044805010181754e-06,-0.9540522160409407,1.0,0.0,0.0,0.0,-2.511171777795765,0.005853509741695223,-0.9540522160409407,1.0,0.0,0.0,0.0,-2.1278163287931564,0.0011158052577205661,-0.9540522160409407,1.0,0.0,0.0,0.0,-1.7127272283748054,-7.86483474301896e-05,-0.9540522160409407,1.0,0.0,0.0,0.0,-1.2790719380780473,-9.323840567534979e-05,-0.9540522160409407,1.0,0.0,0.0,0.0,-0.8387548247134319,-9.323982484857656e-05,-0.9540522160409407,1.0,0.0,0.0,0.0,-0.5089213286927062,-9.324135099265775e-05,-0.9540522160409407,1.0,0.0,0.0,0.0,-0.2700540158703493,-9.324279322630398e-05,-0.9540522160409407,1.0,0.0,0.0,0.0,-0.1909307573916382,-9.324432015343655e-05,-0.9540522160409407,1.0,0.0,0.0,0.0,-0.13577551159813958,-9.324587725075682e-05,-0.9540522160409407,1.0,0.0,0.0,0.0,-0.08464985739136051,-9.324737510908696e-05,-0.9540522160409407,1.0,0.0,0.0,0.0,-0.03927951426531588,-9.324755716523993e-05
117,solved,0,lti,1,23,23,23,34,-0.9640522160409407,1.0,0.0,0.0,0.0,-1.9875730021974665,8.717927651060962e-06,0.2,0.6600715418178111,-0.1,0.0005146994358606197,0.42407029648742156,0.9056290617584564,-0.0003481667118191729,0.021078763420422003,0.777054079239067,-0.7099527734412502,-0.10001342912457291,-0.9999985800424414,-0.0015600174219211548,-0.0006373842985432144,2.4572380993111818e-08,2.4572380993111816e-05,2.4572670080814975e-08,2.4572670080814974e-05,1,1.5975600139938853,0.2544277336062834,,20,0.9408779214416114,0.0010175396731925616,1.0175396731925617,0.0029824603268074385,2.9824603268074386,49.375870004239204,0.01,0.01,0.0001,0.17453292519943295,0.17453292519943295,0.5235987755982988,0.02,solved,1.5975600139938853,0.2544277336062834,-0.9640522160409407,1.0,0.0,0.0,0.0,-1.9875730021974665,8.717927651060962e-06,0.777054079239067,-0.7099527734412502,-0.10001342912457291,-0.9999985800424414,-0.0015600174219211548,-0.0006373842985432144,0.7770540792014194,-0.709952748868898,-0.10001342900537882,-0.9999985649201254,-0.0015696795447052761,-0.0006373882779267953,2.4572380993111818e-08,2.4572380993111816e-05,2.4572670080814975e-08,2.4572670080814974e-05,-0.9640522160409407,1.0,0.0,0.0,0.0,-1.9875730021974665,8.717927651060962e-06,-0.9640522160409407,1.0,0.0,0.0,0.0,-1.6042175531948577,0.005856888442033314,-0.9640522160409407,1.0,0.0,0.0,0.0,-1.1891284527765067,0.0011192066514232673,-0.9640522160409407,1.0,0.0,0.0,0.0,-0.7554731624797485,-7.524677664945996e-05,-0.9640522160409407,1.0,0.0,0.0,0.0,-0.31515604911513306,-8.983761002528773e-05,-0.9640522160409407,1.0,0.0,0.0,0.0,0.014677446905592584,-8.983900157300227e-05,-0.9640522160409407,1.0,0.0,0.0,0.0,0.25354475972794954,-8.984026990164577e-05,-0.9640522160409407,1.0,0.0,0.0,0.0,0.3326680182066606,-8.984107596000346e-05,-0.9640522160409407,1.0,0.0,0.0,0.0,0.3249758326348885,-8.984185134911708e-05,-0.9640522160409407,1.0,0.0,0.0,0.0,0.23198354775358848,-8.984266168685118e-05,-0.9640522160409407,1.0,0.0,0.0,0.0,0.1446389214274455,-8.984344747195998e-05,-0.9640522160409407,1.0,0.0,0.0,0.0,0.06711595396463049,-8.984359315738954e-05
118,solved,0,lti,1,23,23,23,34,-0.9740522160409407,1.0,0.0,0.0,0.0,-1.080618777596559,8.86055118630328e-06,0.2,0.6800715418178112,-0.1,0.0005109071028341057,0.41425932936858373,0.9101586795144696,-0.00035370821416511625,0.02107894063144573,0.7770539014107134,-0.709952319117458,-0.10001342868934611,-0.9999986338557336,-0.001525149669792992,-0.000637342255782815,3.300365541368213e-08,3.300365541368213e-05,3.3003859888271805e-08,3.30038598882718e-05,1,1.6079324450946464,0.3029259171354555,,20,0.9413544334563407,0.001017361576222965,1.017361576222965,0.0029826384237770353,2.9826384237770354,49.373775186023664,0.01,0.01,0.0001,0.17453292519943295,0.17453292519943295,0.5235987755982988,0.02,solved,1.6079324450946464,0.3029259171354555,-0.9740522160409407,1.0,0.0,0.0,0.0,-1.080618777596559,8.86055118630328e-06,0.7770539014107134,-0.709952319117458,-0.10001342868934611,-0.9999986338557336,-0.001525149669792992,-0.000637342255782815,0.7770539013625574,-0.7099522861138378,-0.10001342857317012,-0.9999986200632528,-0.0015341649110388758,-0.0006373457585308895,3.300365541368213e-08,3.300365541368213e-05,3.3003859888271805e-08,3.30038598882718e-05,-0.9740522160409407,1.0,0.0,0.0,0.0,-1.080618777596559,8.86055118630328e-06,-0.9740522160409407,1.0,0.0,0.0,0.0,-0.6655296771782079,0.0058603227950737935,-0.9740522160409407,1.0,0.0,0.0,0.0,-0.23187438688144968,0.001122664898568347,-0.9740522160409407,1.0,0.0,0.0,0.0,0.20844272648316575,-7.178757319206278e-05,-0.9740522160409407,1.0,0.0,0.0,0.0,0.5382762225038914,-8.637824550666027e-05,-0.9740522160409407,1.0,0.0,0.0,0.0,0.7771435353262484,-8.637929730105989e-05,-0.9740522160409407,1.0,0.0,0.0,0.0,0.8562667938049594,-8.637997672144914e-05,-0.9740522160409407,1.0,0.0,0.0,0.0,0.8485746082331873,-8.638045412732374e-05,-0.9740522160409407,1.0,0.0,0.0,0.0,0.6887195301188382,-8.63808097487896e-05,-0.9740522160409407,1.0,0.0,0.0,0.0,0.4906415445652243,-8.638122475030838e-05,-0.9740522160409407,1.0,0.0,0.0,0.0,0.3059007773135984,-8.638165462070963e-05,-0.9740522160409407,1.0,0.0,0.0,0.0,0.14194541226839644,-8.638187747289476e-05
119,solved,0,lti,1,23,23,23,34,-0.9840522160409407,1.0,0.0,0.0,0.0,-0.14193090157990906,8.415537216546554e-06,0.2,0.7000715418178112,-0.1,0.0005104045671500515,0.41296711613283377,0.9107457245891205,-0.00035443299271735934,0.02107910894219006,0.7770537325482118,-0.7099519049239681,-0.10001342838290257,-0.9999986818518432,-0.0014933619346931405,-0.000637310527289512,3.6091031120604854e-08,3.6091031120604856e-05,3.609120128755096e-08,3.609120128755096e-05,1,1.5703972293531443,0.3015458546125438,,20,0.9418160100085177,0.0010172000047950246,1.0172000047950247,0.0029827999952049752,2.9827999952049753,49.371777409401425,0.01,0.01,0.0001,0.17453292519943295,0.17453292519943295,0.5235987755982988,0.02,solved,1.5703972293531443,0.3015458546125438,-0.9840522160409407,1.0,0.0,0.0,0.0,-0.14193090157990906,8.415537216546554e-06,0.7770537325482118,-0.7099519049239681,-0.10001342838290257,-0.9999986818518432,-0.0014933619346931405,-0.000637310527289512,0.777053732497208,-0.709951868832973,-0.10001342827207374,-0.999998668973641,-0.0015019594014941612,-0.0006373138180427487,3.6091031120604854e-08,3.6091031120604856e-05,3.609120128755096e-08,3.609120128755096e-05,-0.9840522160409407,1.0,0.0,0.0,0.0,-0.14193090157990906,8.415537216546554e-06,-0.9840522160409407,1.0,0.0,0.0,0.0,0.29172438871684914,0.00586358544803279,-0.9840522160409407,1.0,0.0,0.0,0.0,0.7320415020814646,0.0011259508966865463,-0.9840522160409407,1.0,0.0,0.0,0.0,1.0618749981021902,-6.849991359217956e-05,-0.9840522160409407,1.0,0.0,0.0,0.0,1.300742310924547,-8.30901705759403e-05,-0.9840522160409407,1.0,0.0,0.0,0.0,1.3798655694032582,-8.309066374566405e-05,-0.9840522160409407,1.0,0.0,0.0,0.0,1.3721733838314862,-8.309101487062793e-05,-0.9840522160409407,1.0,0.0,0.0,0.0,1.1537210443375763,-8.309126986526845e-05,-0.9840522160409407,1.0,0.0,0.0,0.0,0.8879520802551872,-8.309153737695407e-05,-0.9840522160409407,1.0,0.0,0.0,0.0,0.632159037525347,-8.309185247431688e-05,-0.9840522160409407,1.0,0.0,0.0,0.0,0.3941296882544633,-8.309220061134992e-05,-0.9840522160409407,1.0,0.0,0.0,0.0,0.18288592724972716,-8.309248262805209e-05
120,solved,0,lti,1,23,23,23,34,-0.9940522160409407,1.0,0.0,0.0,0.0,0.815323164315148,7.644691313807582e-06,0.2,0.7200715418178112,-0.1,0.0005132773449000282,0.4203788287679398,0.9073484745058685,-0.0003502598117206608,0.021079261836016338,0.7770535791702997,-0.7099515348339472,-0.10001342819169338,-0.9999987238779271,-0.001464959392991023,-0.0006372883918050296,3.447679954651235e-08,3.447679954651235e-05,3.4476954858268796e-08,3.4476954858268795e-05,1,1.4072277117502225,0.2428091757400521,,20,0.9422412249733022,0.0010170578148402912,1.0170578148402911,0.002982942185159709,2.982942185159709,49.369956104877495,0.01,0.01,0.0001,0.17453292519943295,0.17453292519943295,0.5235987755982988,0.02,solved,1.4072277117502225,0.2428091757400521,-0.9940522160409407,1.0,0.0,0.0,0.0,0.815323164315148,7.644691313807582e-06,0.7770535791702997,-0.7099515348339472,-0.10001342819169338,-0.9999987238779271,-0.001464959392991023,-0.0006372883918050296,0.7770535791226827,-0.7099515003571806,-0.1000134280882075,-0.999998711542476,-0.001473354222329954,-0.0006372917099566026,3.447679954651235e-08,3.447679954651235e-05,3.4476954858268796e-08,3.4476954858268795e-05,-0.9940522160409407,1.0,0.0,0.0,0.0,0.815323164315148,7.644691313807582e-06,-0.9940522160409407,1.0,0.0,0.0,0.0,1.2556402776797633,0.005866550238369161,-0.9940522160409407,1.0,0.0,0.0,0.0,1.585473773700489,0.0011289375395645682,-0.9940522160409407,1.0,0.0,0.0,0.0,1.8243410865228458,-6.551152585795911e-05,-0.9940522160409407,1.0,0.0,0.0,0.0,1.9034643450015571,-8.010123779013277e-05,-0.9940522160409407,1.0,0.0,0.0,0.0,1.7764745592935933,-8.010155055202911e-05,-0.9940522160409407,1.0,0.0,0.0,0.0,1.4985311230905767,-8.010173205194914e-05,-0.9940522160409407,1.0,0.0,0.0,0.0,1.214918996271731,-8.010196251284456e-05,-0.9940522160409407,1.0,0.0,0.0,0.0,0.9346503643378912,-8.010229233342389e-05,-0.9940522160409407,1.0,0.0,0.0,0.0,0.6654021769493642,-8.010267901591149e-05,-0.9940522160409407,1.0,0.0,0.0,0.0,0.41485614324223025,-8.010309009578912e-05,-0.9940522160409407,1.0,0.0,0.0,0.0,0.1925037248224005,-8.010335872773353e-05
121,solved,0,lti,1,23,23,23,34,-1.0,1.0,0.0,0.0,0.0,1.779239053278062,6.804134408248067e-06,0.2,0.7400715418178112,-0.1,0.0005194277337096828,0.4364553376812329,0.8997257093547969,-0.0003410724233171573,0.021079397918704505,0.7770534426571267,-0.7099512001734131,-0.10001342809552514,-0.9999987611813282,-0.0014392766198358092,-0.000637274368162019,2.811257488973017e-08,2.811257488973017e-05,2.811273489843213e-08,2.811273489843213e-05,1,0.961513963237473,0.14605405120149476,,20,0.9426227953881945,0.0010169326571518084,1.0169326571518083,0.0029830673428481915,2.9830673428481913,49.36832875777264,0.01,0.01,0.0001,0.17453292519943295,0.17453292519943295,0.5235987755982988,0.02,solved,0.961513963237473,0.14605405120149476,-1.0,1.0,0.0,0.0,0.0,1.779239053278062,6.804134408248067e-06,0.7770534426571267,-0.7099512001734131,-0.10001342809552514,-0.9999987611813282,-0.0014392766198358092,-0.000637274368162019,0.7770534426187777,-0.7099511720608643,-0.10001342800067506,-0.999998749078624,-0.001447659502412114,-0.0006372779239619643,2.811257488973017e-08,2.811257488973017e-05,2.811273489843213e-08,2.811273489843213e-05,-1.0,1.0,0.0,0.0,0.0,1.779239053278062,6.804134408248067e-06,-1.0,1.0,0.0,0.0,0.0,2.1090725492987876,0.005869190219936738,-1.0,1.0,0.0,0.0,0.0,2.2617558855691224,0.0011315971010159972,-1.0,1.0,0.0,0.0,0.0,2.0662637723179564,-6.285060076570968e-05,-1.0,1.0,0.0,0.0,0.0,1.843067710064326,-7.744008693303343e-05,-1.0,1.0,0.0,0.0,0.0,1.6021467602369661,-7.744011886291642e-05,-1.0,1.0,0.0,0.0,0.0,1.3504372153398543,-7.744033939652964e-05,-1.0,1.0,0.0,0.0,0.0,1.0948455150862633,-7.744070364850233e-05,-1.0,1.0,0.0,0.0,0.0,0.84227785226421,-7.744115731425705e-05,-1.0,1.0,0.0,0.0,0.0,0.5996406741795305,-7.744165073635433e-05,-1.0,1.0,0.0,0.0,0.0,0.3738565456044218,-7.744214444861593e-05,-1.0,1.0,0.0,0.0,0.0,0.17347907599705267,-7.744232696050543e-05
122,solved,0,lti,1,23,23,23,34,-1.0,1.0,0.0,0.0,0.0,1.8956153475187427,6.1282758651090575e-06,0.2,0.7600715418178112,-0.1,0.0005257994460259079,0.45343124024361264,0.8912910435068732,-0.00033116538323481776,0.021079520484221806,0.7770533196767392,-0.7099508724902883,-0.10001342799694077,-0.9999987970659919,-0.0014141305513836891,-0.0006372608197328389,3.6573542318814707e-09,3.6573542318814708e-06,3.6575138458015415e-09,3.6575138458015416e-06,1,0.7871444026013471,0.11351014069058746,,20,0.9429664105127402,0.001016817827553468,1.016817827553468,0.002983182172446532,2.983182172446532,49.36685724201255,0.01,0.01,0.0001,0.17453292519943295,0.17453292519943295,0.5235987755982988,0.02,solved,0.7871444026013471,0.11351014069058746,-1.0,1.0,0.0,0.0,0.0,1.8956153475187427,6.1282758651090575e-06,0.7770533196767392,-0.7099508724902883,-0.10001342799694077,-0.9999987970659919,-0.0014141305513836891,-0.0006372608197328389,0.7770533196794891,-0.7099508761476415,-0.10001342803111027,-0.9999987841109516,-0.0014232582576235932,-0.0006372696058228394,3.6573542318814707e-09,3.6573542318814708e-06,3.6575138458015415e-09,3.6575138458015416e-06,-1.0,1.0,0.0,0.0,0.0,1.8956153475187427,6.1282758651090575e-06,-1.0,1.0,0.0,0.0,0.0,1.8006384840696925,0.0058715684846095285,-1.0,1.0,0.0,0.0,0.0,1.6769006730610205,0.0011339932167256403,-1.0,1.0,0.0,0.0,0.0,1.5298461238982595,-6.045305725290603e-05,-1.0,1.0,0.0,0.0,0.0,1.3645765833203525,-7.504256118688561e-05,-1.0,1.0,0.0,0.0,0.0,1.1862052341658647,-7.504277201978582e-05,-1.0,1.0,0.0,0.0,0.0,0.9998453470928236,-7.50431186991746e-05,-1.0,1.0,0.0,0.0,0.0,0.8106102246328291,-7.50435636302585e-05,-1.0,1.0,0.0,0.0,0.0,0.6236132428643841,-7.504406255384297e-05,-1.0,1.0,0.0,0.0,0.0,0.44396799404869536,-7.504457534782938e-05,-1.0,1.0,0.0,0.0,0.0,0.2768000184714696,-7.504506927042423e-05,-1.0,1.0,0.0,0.0,0.0,0.12844247613683493,-7.504512727206963e-05
123,solved,0,lti,1,23,23,23,34,-1.0,1.0,0.0,0.0,0.0,1.2770397084713938,5.997864359853135e-06,0.2,0.7800715418178112,-0.1,0.0005299855706181985,0.46477609844696244,0.8854280276661967,-0.00032442389466671203,0.021079640441509003,0.7770531993106399,-0.7099505444262207,-0.1000134278426631,-0.9999988323610146,-0.0013889556526408121,-0.0006372431267003281,7.210084232305654e-09,7.210084232305654e-06,7.210508787953338e-09,7.210508787953339e-06,1,1.0384515201387412,0.16842295009124683,,20,0.9432958721284439,0.0010166972920864334,1.0166972920864334,0.0029833027079135665,2.9833027079135666,49.365416477242626,0.01,0.01,0.0001,0.17453292519943295,0.17453292519943295,0.5235987755982988,0.02,solved,1.0384515201387412,0.16842295009124683,-1.0,1.0,0.0,0.0,0.0,1.2770397084713938,5.997864359853135e-06,0.7770531993106399,-0.7099505444262207,-0.1000134278426631,-0.9999988323610146,-0.0013889556526408121,-0.0006372431267003281,0.7770531993178336,-0.7099505516363014,-0.1000134279209085,-0.999998819892451,-0.001397899030064389,-0.0006372534872733129,7.210084232305654e-09,7.210084232305654e-06,7.210508787953338e-09,7.210508787953339e-06,-1.0,1.0,0.0,0.0,0.0,1.2770397084713938,5.997864359853135e-06,-1.0,1.0,0.0,0.0,0.0,1.1612408271880712,0.005873897160577525,-1.0,1.0,0.0,0.0,0.0,1.0809483582105957,0.0011363384116148212,-1.0,1.0,0.0,0.0,0.0,0.9861541893756709,-5.810711745229542e-05,-1.0,1.0,0.0,0.0,0.0,0.8796224872226674,-7.269676797751593e-05,-1.0,1.0,0.0,0.0,0.0,0.7646442170542722,-7.26970314137328e-05,-1.0,1.0,0.0,0.0,0.0,0.644515536256024,-7.269735465530154e-05,-1.0,1.0,0.0,0.0,0.0,0.5225326979196949,-7.269772124733399e-05,-1.0,1.0,0.0,0.0,0.0,0.4019920121001628,-7.269810880564296e-05,-1.0,1.0,0.0,0.0,0.0,0.286189925622955,-7.269849745477143e-05,-1.0,1.0,0.0,0.0,0.0,0.17843057750773897,-7.269887146103497e-05,-1.0,1.0,0.0,0.0,0.0,0.08279654932767642,-7.269884584725438e-05
124,solved,0,lti,1,23,23,23,34,-1.0,1.0,0.0,0.0,0.0,0.8257852629680748,6.018037636446239e-06,0.2,0.8000715418178113,-0.1,0.0005326465145619219,0.4720719025674254,0.8815598293200541,-0.0003200363401541325,0.021079760802261732,0.7770530785571623,-0.7099502242005807,-0.10001342766017754,-0.9999988662032397,-0.0013643821914388632,-0.000637223250199585,1.6651913458725808e-09,1.665191345872581e-06,1.6658301632432378e-09,1.6658301632432378e-06,1,0.6075506131424866,0.11124731083818624,,20,0.9436239133776947,0.0010165745266060874,1.0165745266060875,0.0029834254733939127,2.9834254733939125,49.363974060738094,0.01,0.01,0.0001,0.17453292519943295,0.17453292519943295,0.5235987755982988,0.02,solved,0.6075506131424866,0.11124731083818624,-1.0,1.0,0.0,0.0,0.0,0.8257852629680748,6.018037636446239e-06,0.7770530785571623,-0.7099502242005807,-0.10001342766017754,-0.9999988662032397,-0.0013643821914388632,-0.000637223250199585,0.7770530785574661,-0.709950225865772,-0.10001342770630686,-0.9999988545488685,-0.0013728933662601206,-0.0006372321051547885,1.6651913458725808e-09,1.665191345872581e-06,1.6658301632432378e-09,1.6658301632432378e-06,-1.0,1.0,0.0,0.0,0.0,0.8257852629680748,6.018037636446239e-06,-1.0,1.0,0.0,0.0,0.0,0.78441766106308,0.005876233888073952,-1.0,1.0,0.0,0.0,0.0,0.7305193158960799,0.001138691898799209,-1.0,1.0,0.0,0.0,0.0,0.6664616790481261,-5.575274903426515e-05,-1.0,1.0,0.0,0.0,0.0,0.5944673171996449,-7.034245760107683e-05,-1.0,1.0,0.0,0.0,0.0,0.5167638863626166,-7.034272271944673e-05,-1.0,1.0,0.0,0.0,0.0,0.43557912831091095,-7.034300338481912e-05,-1.0,1.0,0.0,0.0,0.0,0.35314082347800546,-7.034329688020618e-05,-1.0,1.0,0.0,0.0,0.0,0.2716767915328971,-7.034359482417582e-05,-1.0,1.0,0.0,0.0,0.0,0.1934149410429245,-7.034389022915321e-05,-1.0,1.0,0.0,0.0,0.0,0.12058837302932882,-7.034417806616553e-05,-1.0,1.0,0.0,0.0,0.0,0.05595627518701041,-7.03441165384591e-05
125,solved,0,lti,1,23,23,23,34,-1.0,1.0,0.0,0.0,0.0,0.6198439775787704,5.881505187986565e-06,0.2,0.8200715418178113,-0.1,0.00053461999555838,0.477527094461013,0.8786168038001859,-0.00031672863596993086,0.02107987843236549,0.7770529605542678,-0.7099499153976662,-0.10001342747139444,-0.9999988982668726,-0.0013406854019429955,-0.0006372030241025973,1.0964045487656706e-09,1.0964045487656705e-06,1.0965891880563067e-09,1.0965891880563067e-06,1,0.28321316372015526,0.05485077615748103,,20,0.9439462510236771,0.0010164571677830517,1.0164571677830516,0.0029835428322169486,2.9835428322169486,49.362566104184054,0.01,0.01,0.0001,0.17453292519943295,0.17453292519943295,0.5235987755982988,0.02,solved,0.28321316372015526,0.05485077615748103,-1.0,1.0,0.0,0.0,0.0,0.6198439775787704,5.881505187986565e-06,0.7770529605542678,-0.7099499153976662,-0.10001342747139444,-0.9999988982668726,-0.0013406854019429955,-0.0006372030241025973,0.7770529605512977,-0.7099499143012656,-0.10001342749151688,-0.9999988872966041,-0.0013488395697924256,-0.0006372106156208004,1.0964045487656706e-09,1.0964045487656705e-06,1.0965891880563067e-09,1.0965891880563067e-06,-1.0,1.0,0.0,0.0,0.0,0.6198439775787704,5.881505187986565e-06,-1.0,1.0,0.0,0.0,0.0,0.5887955087785025,0.005878518048799333,-1.0,1.0,0.0,0.0,0.0,0.5483406628369387,0.0011409925943562296,-1.0,1.0,0.0,0.0,0.0,0.5002594637547428,-5.3451093936039333e-05,-1.0,1.0,0.0,0.0,0.0,0.44622026457069214,-6.804080635184274e-05,-1.0,1.0,0.0,0.0,0.0,0.3878952567229766,-6.804105712479043e-05,-1.0,1.0,0.0,0.0,0.0,0.3269566991398225,-6.804130980464745e-05,-1.0,1.0,0.0,0.0,0.0,0.26507688061741647,-6.804156623842291e-05,-1.0,1.0,0.0,0.0,0.0,0.20392811869526006,-6.804182282783054e-05,-1.0,1.0,0.0,0.0,0.0,0.14518279589416,-6.804207676073122e-05,-1.0,1.0,0.0,0.0,0.0,0.09051719006387553,-6.80423263757988e-05,-0.991656839708392,1.0,0.0,0.0,0.0,0.04200247321408474,-6.804229456620236e-05
126,solved,0,lti,1,23,23,23,34,-1.0,1.0,0.0,0.0,0.0,0.4980841099171225,5.673647455767342e-06,0.2,0.8400715418178113,-0.1,0.0005361909324220637,0.48189740363331574,0.8762274283745635,-0.00031406186091687937,0.021079991905314607,0.7770528467284096,-0.7099496185170153,-0.10001342728305078,-0.9999989285632221,-0.0013179037095291599,-0.0006371830349010434,1.9513226950984233e-09,1.9513226950984232e-06,1.9513452274900995e-09,1.9513452274900993e-06,1,0.15116257223679888,0.029954892246329804,,20,0.9442581087985153,0.0010163451752351678,1.0163451752351678,0.0029836548247648325,2.9836548247648325,49.36120837731482,0.01,0.01,0.0001,0.17453292519943295,0.17453292519943295,0.5235987755982988,0.02,solved,0.15116257223679888,0.029954892246329804,-1.0,1.0,0.0,0.0,0.0,0.4980841099171225,5.673647455767342e-06,0.7770528467284096,-0.7099496185170153,-0.10001342728305078,-0.9999989285632221,-0.0013179037095291599,-0.0006371830349010434,0.7770528467245531,-0.7099496165656964,-0.10001342729242822,-0.9999989181656815,-0.0013257663467752285,-0.0006371899717835716,1.9513226950984233e-09,1.9513226950984232e-06,1.9513452274900995e-09,1.9513452274900993e-06,-1.0,1.0,0.0,0.0,0.0,0.4980841099171225,5.673647455767342e-06,-1.0,1.0,0.0,0.0,0.0,0.47313663388041677,0.005880721907620064,-1.0,1.0,0.0,0.0,0.0,0.44063001909381694,0.0011432124629609383,-1.0,1.0,0.0,0.0,0.0,0.40199462647023576,-5.12302671721552e-05,-1.0,1.0,0.0,0.0,0.0,0.3585711421604395,-6.581996756153767e-05,-1.0,1.0,0.0,0.0,0.0,0.31170334724742815,-6.582020077907378e-05,-1.0,1.0,0.0,0.0,0.0,0.26273507709856125,-6.582043195579956e-05,-1.0,1.0,0.0,0.0,0.0,0.21301019049903042,-6.582066457718163e-05,-1.0,1.0,0.0,0.0,0.0,0.16387256842717185,-6.582089644486658e-05,-1.0,1.0,0.0,0.0,0.0,0.11666614298435783,-6.582112610879607e-05,-1.0,1.0,0.0,0.0,0.0,0.0727379753647191,-6.582130885092624e-05,-0.981656839708392,1.0,0.0,0.0,0.0,0.033752459246217205,-6.582131364230384e-05
127,solved,0,lti,1,23,23,23,34,-1.0,1.0,0.0,0.0,0.0,0.42350551528214253,5.454746319092595e-06,0.2,0.8600715418178113,-0.1,0.0005375161892779345,0.48560394245078553,0.8741787145319232,-0.00031178825307946257,0.021080101000240988,0.7770527372996267,-0.7099493334007709,-0.1000134270986799,-0.9999989571703484,-0.0012960250028035453,-0.000637163564419208,2.2598580942947677e-09,2.259858094294768e-06,2.2598612289635443e-09,2.259861228963544e-06,1,0.08778345854163014,0.017593635334228877,,20,0.9445581741243213,0.0010162377936243194,1.0162377936243194,0.0029837622063756805,2.9837622063756806,49.35990308172866,0.01,0.01,0.0001,0.17453292519943295,0.17453292519943295,0.5235987755982988,0.02,solved,0.08778345854163014,0.017593635334228877,-1.0,1.0,0.0,0.0,0.0,0.42350551528214253,5.454746319092595e-06,0.7770527372996267,-0.7099493334007709,-0.1000134270986799,-0.9999989571703484,-0.0012960250028035453,-0.000637163564419208,0.7770527372955486,-0.7099493311409165,-0.10001342710244392,-0.9999989472899726,-0.0013036231307225505,-0.0006371700552505439,2.2598580942947677e-09,2.259858094294768e-06,2.2598612289635443e-09,2.259861228963544e-06,-1.0,1.0,0.0,0.0,0.0,0.42350551528214253,5.454746319092595e-06,-1.0,1.0,0.0,0.0,0.0,0.40229503571455305,0.005882841133106136,-1.0,1.0,0.0,0.0,0.0,0.3746568308826742,0.0011453471057418733,-1.0,1.0,0.0,0.0,0.0,0.3418070933336551,-4.9094692915797895e-05,-1.0,1.0,0.0,0.0,0.0,0.30488581582230934,-6.368437811461439e-05,-1.0,1.0,0.0,0.0,0.0,0.26503563039765815,-6.368459387040414e-05,-1.0,1.0,0.0,0.0,0.0,0.22339921475955085,-6.368480626373421e-05,-1.0,1.0,0.0,0.0,0.0,0.18111926575424359,-6.368501940068707e-05,-1.0,1.0,0.0,0.0,0.0,0.13933849827450623,-6.368523170092549e-05,-1.0,1.0,0.0,0.0,0.0,0.09919966984201936,-6.368544222999439e-05,-0.991656839708392,1.0,0.0,0.0,0.0,0.06184819779619993,-6.368560214279968e-05,-0.971656839708392,1.0,0.0,0.0,0.0,0.028699323248394196,-6.368559777781344e-05
128,solved,0,lti,1,23,23,23,34,-1.0,1.0,0.0,0.0,0.0,0.37597179767049865,5.238190447307234e-06,0.2,0.8800715418178113,-0.1,0.00053868462339628,0.48888716801738435,0.8723468065009314,-0.00030976514492535057,0.021080205764049936,0.7770526322199592,-0.7099490596644212,-0.10001342692002275,-0.999998984185077,-0.0012750197603556676,-0.0006371447438976099,2.3440315554587054e-09,2.3440315554587053e-06,2.344031690600472e-09,2.344031690600472e-06,1,0.06579551774379055,0.013273392806928179,,20,0.9448464230566199,0.0010161347531998037,1.0161347531998037,0.002983865246800196,2.983865246800196,49.358649523483066,0.01,0.01,0.0001,0.17453292519943295,0.17453292519943295,0.5235987755982988,0.02,solved,0.06579551774379055,0.013273392806928179,-1.0,1.0,0.0,0.0,0.0,0.37597179767049865,5.238190447307234e-06,0.7770526322199592,-0.7099490596644212,-0.10001342692002275,-0.999998984185077,-0.0012750197603556676,-0.0006371447438976099,0.7770526322159244,-0.7099490573203932,-0.10001342692081872,-0.9999989747815863,-0.001282370659101307,-0.0006371508996547247,2.3440315554587054e-09,2.3440315554587053e-06,2.344031690600472e-09,2.344031690600472e-06,-1.0,1.0,0.0,0.0,0.0,0.37597179767049865,5.238190447307234e-06,-1.0,1.0,0.0,0.0,0.0,0.35714330787994786,0.00588487659210487,-1.0,1.0,0.0,0.0,0.0,0.3326081708476116,0.0011473973863435562,-1.0,1.0,0.0,0.0,0.0,0.3034460767021026,-4.7043513106514e-05,-1.0,1.0,0.0,0.0,0.0,0.2706691088314975,-6.163318295478721e-05,-1.0,1.0,0.0,0.0,0.0,0.23529170005880826,-6.163338230506674e-05,-1.0,1.0,0.0,0.0,0.0,0.19832832314105592,-6.163357777147691e-05,-1.0,1.0,0.0,0.0,0.0,0.16079346709821193,-6.163377378494711e-05,-1.0,1.0,0.0,0.0,0.0,0.1237016362488427,-6.163396903845927e-05,-1.0,1.0,0.0,0.0,0.0,0.08806737208892453,-6.1634125806831e-05,-0.981656839708392,1.0,0.0,0.0,0.0,0.05490757968139174,-6.163431051229132e-05,-0.961656839708392,1.0,0.0,0.0,0.0,0.02547870126949057,-6.163429076978793e-05
129,solved,0,lti,1,23,23,23,34,-1.0,1.0,0.0,0.0,0.0,0.3442900388949377,5.027751164573928e-06,0.2,0.9000715418178113,-0.1,0.0005397479191643453,0.4918876677187015,0.8706584498014638,-0.0003079086751814163,0.021080306319073226,0.777052531365987,-0.709948796849235,-0.10001342674785489,-0.9999990097066145,-0.0012548527610365477,-0.0006371266267935062,2.3308394317853626e-09,2.3308394317853624e-06,2.33083954400192e-09,2.33083954400192e-06,1,0.0629739317599479,0.012757932631944259,,20,0.9451231791799852,0.0010160358394942334,1.0160358394942335,0.0029839641605057666,2.9839641605057667,49.357446011117275,0.01,0.01,0.0001,0.17453292519943295,0.17453292519943295,0.5235987755982988,0.02,solved,0.0629739317599479,0.012757932631944259,-1.0,1.0,0.0,0.0,0.0,0.3442900388949377,5.027751164573928e-06,0.777052531365987,-0.709948796849235,-0.10001342674785489,-0.9999990097066145,-0.0012548527610365477,-0.0006371266267935062,0.7770525313621,-0.7099487945183988,-0.10001342674713162,-0.999999000747206,-0.001261969395019983,-0.0006371325100381441,2.3308394317853626e-09,2.3308394317853624e-06,2.33083954400192e-09,2.33083954400192e-06,-1.0,1.0,0.0,0.0,0.0,0.3442900388949377,5.027751164573928e-06,-1.0,1.0,0.0,0.0,0.0,0.32704934589700924,0.005886830618388776,-1.0,1.0,0.0,0.0,0.0,0.3045825657711607,0.001149365651569412,-1.0,1.0,0.0,0.0,0.0,0.2778784086297271,-4.5074381991170705e-05,-1.0,1.0,0.0,0.0,0.0,0.24786371030002835,-5.96640372756412e-05,-1.0,1.0,0.0,0.0,0.0,0.21546746358778346,-5.966422148123796e-05,-1.0,1.0,0.0,0.0,0.0,0.1816186972971589,-5.966440152460036e-05,-1.0,1.0,0.0,0.0,0.0,0.14724645445683124,-5.966458204877076e-05,-1.0,1.0,0.0,0.0,0.0,0.11327979146772885,-5.966476199019938e-05,-0.991656839708392,1.0,0.0,0.0,0.0,0.08064779817858042,-5.9664899932119015e-05,-0.971656839708392,1.0,0.0,0.0,0.0,0.05028172868010863,-5.9665077227896406e-05,-0.951656839708392,1.0,0.0,0.0,0.0,0.023332192468091158,-5.9665044108361e-05
130,solved,0,lti,1,23,23,23,34,-1.0,1.0,0.0,0.0,0.0,0.32210982569124846,4.8259895229059745e-06,0.2,0.9200715418178114,-0.1,0.0005407369214783636,0.4946895875024544,0.869069517289085,-0.00030616849975841336,0.021080402838863685,0.7770524345631016,-0.7099485444796705,-0.10001342658245975,-0.9999990338307786,-0.0012354874919382273,-0.0006371092263798625,2.2734617631329798e-09,2.2734617631329797e-06,2.273462344055428e-09,2.2734623440554283e-06,1,0.0653738436344027,0.0132887750841445,,20,0.9453888718365966,0.0010159408468225603,1.0159408468225604,0.0029840591531774398,2.98405915317744,49.35629052660111,0.01,0.01,0.0001,0.17453292519943295,0.17453292519943295,0.5235987755982988,0.02,solved,0.0653738436344027,0.0132887750841445,-1.0,1.0,0.0,0.0,0.0,0.32210982569124846,4.8259895229059745e-06,0.7770524345631016,-0.7099485444796705,-0.10001342658245975,-0.9999990338307786,-0.0012354874919382273,-0.0006371092263798625,0.777052434559403,-0.7099485422062117,-0.10001342658083451,-0.999999025286986,-0.0012423806640570524,-0.0006371148746671507,2.2734617631329798e-09,2.2734617631329797e-06,2.273462344055428e-09,2.2734623440554283e-06,-1.0,1.0,0.0,0.0,0.0,0.32210982569124846,4.8259895229059745e-06,-1.0,1.0,0.0,0.0,0.0,0.3059808984513055,0.0058887065445745465,-1.0,1.0,0.0,0.0,0.0,0.2849622787535908,0.0011512552562778224,-1.0,1.0,0.0,0.0,0.0,0.2599789824077176,-4.318394401451788e-05,-1.0,1.0,0.0,0.0,0.0,0.23189816890558754,-5.777358580557329e-05,-1.0,1.0,0.0,0.0,0.0,0.20158902069392726,-5.777375603263127e-05,-1.0,1.0,0.0,0.0,0.0,0.16992075337319743,-5.777392201099171e-05,-1.0,1.0,0.0,0.0,0.0,0.13776259524872364,-5.7774088448940717e-05,-1.0,1.0,0.0,0.0,0.0,0.1059837865934895,-5.777422316350308e-05,-0.981656839708392,1.0,0.0,0.0,0.0,0.07545360105876056,-5.7774381895489203e-05,-0.961656839708392,1.0,0.0,0.0,0.0,0.04704333081554256,-5.77745456169736e-05,-0.941656839708392,1.0,0.0,0.0,0.0,0.021829498774919385,-5.777450082247049e-05
131,solved,0,lti,1,23,23,23,34,-1.0,1.0,0.0,0.0,0.0,0.305756767696757,4.632711833982859e-06,0.2,0.9400715418178114,-0.1,0.0005416705233312329,0.49734450987181683,0.8675529104122663,-0.0003045137314609699,0.021080495493100364,0.7770523416406246,-0.7099483020860163,-0.10001342642383788,-0.9999990566480385,-0.0012168878894646693,-0.0006370925344219878,2.1963758692290605e-09,2.1963758692290604e-06,2.1963768124554152e-09,2.1963768124554153e-06,1,0.06746332004257027,0.013751802078136538,,20,0.9456439766222173,0.0010158495973320008,1.0158495973320008,0.0029841504026679993,2.9841504026679995,49.35518097789315,0.01,0.01,0.0001,0.17453292519943295,0.17453292519943295,0.5235987755982988,0.02,solved,0.06746332004257027,0.013751802078136538,-1.0,1.0,0.0,0.0,0.0,0.305756767696757,4.632711833982859e-06,0.7770523416406246,-0.7099483020860163,-0.10001342642383788,-0.9999990566480385,-0.0012168878894646693,-0.0006370925344219878,0.7770523416371264,-0.7099482998896433,-0.10001342642180236,-0.9999990484943246,-0.001223567169953816,-0.000637097971981352,2.1963758692290605e-09,2.1963758692290604e-06,2.1963768124554152e-09,2.1963768124554153e-06,-1.0,1.0,0.0,0.0,0.0,0.305756767696757,4.632711833982859e-06,-1.0,1.0,0.0,0.0,0.0,0.2904476566632573,0.0058905076308970955,-1.0,1.0,0.0,0.0,0.0,0.2704968355770296,0.0011530694832259916,-1.0,1.0,0.0,0.0,0.0,0.24678235977775173,-4.13689154599292e-05,-1.0,1.0,0.0,0.0,0.0,0.22012739458086533,-5.595854476789974e-05,-1.0,1.0,0.0,0.0,0.0,0.19135703004730734,-5.595870219636774e-05,-1.0,1.0,0.0,0.0,0.0,0.16129638722861234,-5.5958855282935744e-05,-1.0,1.0,0.0,0.0,0.0,0.13077059868878746,-5.595900882361219e-05,-0.991656839708392,1.0,0.0,0.0,0.0,0.10060480784197118,-5.5959127616665916e-05,-0.971656839708392,1.0,0.0,0.0,0.0,0.07162418964537476,-5.5959279905370065e-05,-0.951656839708392,1.0,0.0,0.0,0.0,0.04465583382157748,-5.5959431109978293e-05,-0.931656839708392,1.0,0.0,0.0,0.0,0.020721645478148174,-5.595937616858602e-05
132,solved,0,lti,1,23,23,23,34,-1.0,1.0,0.0,0.0,0.0,0.2930645001034123,4.448420101084948e-06,0.2,0.9600715418178114,-0.1,0.0005425606175828684,0.49988486006748817,0.8660916467324572,-0.00030292498203732195,0.021080584461502384,0.7770522524179004,-0.7099480692137033,-0.10001342627185532,-0.9999990782429778,-0.0011990190520221075,-0.0006370765318072013,2.1109290067105167e-09,2.1109290067105166e-06,2.1109302364982067e-09,2.1109302364982065e-06,1,0.06897042580981827,0.014097962177510805,,20,0.9458889621315487,0.0010157619139944851,1.0157619139944851,0.002984238086005515,2.984238086005515,49.35411529869653,0.01,0.01,0.0001,0.17453292519943295,0.17453292519943295,0.5235987755982988,0.02,solved,0.06897042580981827,0.014097962177510805,-1.0,1.0,0.0,0.0,0.0,0.2930645001034123,4.448420101084948e-06,0.7770522524179004,-0.7099480692137033,-0.10001342627185532,-0.9999990782429778,-0.0011990190520221075,-0.0006370765318072013,0.7770522524146045,-0.7099480671027769,-0.10001342626957672,-0.9999990704560393,-0.001205493205703065,-0.0006370817752564236,2.1109290067105167e-09,2.1109290067105166e-06,2.1109302364982067e-09,2.1109302364982065e-06,-1.0,1.0,0.0,0.0,0.0,0.2930645001034123,4.448420101084948e-06,-1.0,1.0,0.0,0.0,0.0,0.27839178115965174,0.005892237336496699,-1.0,1.0,0.0,0.0,0.0,0.2592697944714656,0.001154811815782896,-1.0,1.0,0.0,0.0,0.0,0.23654014759433228,-3.9625811585998345e-05,-1.0,1.0,0.0,0.0,0.0,0.21099186330402178,-5.421542940898388e-05,-1.0,1.0,0.0,0.0,0.0,0.18341581336197454,-5.4215575128809427e-05,-1.0,1.0,0.0,0.0,0.0,0.15460289879552744,-5.421571638474097e-05,-1.0,1.0,0.0,0.0,0.0,0.12534403119149415,-5.421583178165655e-05,-0.981656839708392,1.0,0.0,0.0,0.0,0.09643013453144446,-5.421596797354312e-05,-0.961656839708392,1.0,0.0,0.0,0.0,0.06865215714783746,-5.421610865040241e-05,-0.941656839708392,1.0,0.0,0.0,0.0,0.042802885260466446,-5.421624837540204e-05,-0.921656839708392,1.0,0.0,0.0,0.0,0.019861836604362013,-5.421618457181508e-05
133,solved,0,lti,1,23,23,23,34,-1.0,1.0,0.0,0.0,0.0,0.2827322095346631,4.272346451705474e-06,0.2,0.9800715418178114,-0.1,0.0005434149143911657,0.502331578878455,0.864674851447589,-0.00030138977970637515,0.02108066990843142,0.777052166729694,-0.7099478454269128,-0.1000134261262944,-0.9999990986943315,-0.0011818475196622479,-0.0006370611938571461,2.023134487050279e-09,2.023134487050279e-06,2.0231358454254088e-09,2.023135845425409e-06,1,0.06942737289452376,0.014228483306074754,,20,0.9461242919769973,0.0010156776372215542,1.0156776372215541,0.002984322362778446,2.984322362778446,49.3530914892928,0.01,0.01,0.0001,0.17453292519943295,0.17453292519943295,0.5235987755982988,0.02,solved,0.06942737289452376,0.014228483306074754,-1.0,1.0,0.0,0.0,0.0,0.2827322095346631,4.272346451705474e-06,0.777052166729694,-0.7099478454269128,-0.1000134261262944,-0.9999990986943315,-0.0011818475196622479,-0.0006370611938571461,0.7770521667265903,-0.7099478434037807,-0.10001342612394996,-0.9999990912527021,-0.0011881247221169782,-0.0006370662558526423,2.023134487050279e-09,2.023134487050279e-06,2.0231358454254088e-09,2.023135845425409e-06,-1.0,1.0,0.0,0.0,0.0,0.2827322095346631,4.272346451705474e-06,-1.0,1.0,0.0,0.0,0.0,0.26857762277513597,0.005893898825314921,-1.0,1.0,0.0,0.0,0.0,0.2501304098356848,0.0011564854400009136,-1.0,1.0,0.0,0.0,0.0,0.22820250756071564,-3.795144523309407e-05,-1.0,1.0,0.0,0.0,0.0,0.20355514670069738,-5.254105249301288e-05,-1.0,1.0,0.0,0.0,0.0,0.1769513456435117,-5.254118746854121e-05,-1.0,1.0,0.0,0.0,0.0,0.14915415060969245,-5.254131788011302e-05,-0.991656839708392,1.0,0.0,0.0,0.0,0.12092661755265637,-5.2541419802258654e-05,-0.971656839708392,1.0,0.0,0.0,0.0,0.09303181428031661,-5.254155044621639e-05,-0.951656839708392,1.0,0.0,0.0,0.0,0.06623283086544289,-5.25416804397418e-05,-0.931656839708392,1.0,0.0,0.0,0.0,0.04129453066965875,-5.254180963950043e-05,-0.911656839708392,1.0,0.0,0.0,0.0,0.019161928028183475,-5.2541738130891584e-05
134,solved,0,lti,1,23,23,23,34,-1.0,1.0,0.0,0.0,0.0,0.27396476380721,4.104497730006684e-06,0.2,1.0000715418178114,-0.1,0.0005442385758113583,0.5046985951634101,0.8632953966658874,-0.00029989988511675,0.02108075199838602,0.7770520844106942,-0.7099476303098187,-0.10001342598690474,-0.999999118075242,-0.0011653413677669472,-0.0006370464932898591,1.935866892149785e-09,1.9358668921497852e-06,1.9358683929036247e-09,1.9358683929036246e-06,1,0.06964199215047032,0.01431276727890573,,20,0.9463504054354829,0.0010155966079674922,1.0155966079674923,0.002984403392032508,2.984403392032508,49.352107632564284,0.01,0.01,0.0001,0.17453292519943295,0.17453292519943295,0.5235987755982988,0.02,solved,0.06964199215047032,0.01431276727890573,-1.0,1.0,0.0,0.0,0.0,0.27396476380721,4.104497730006684e-06,0.7770520844106942,-0.7099476303098187,-0.10001342598690474,-0.999999118075242,-0.0011653413677669472,-0.0006370464932898591,0.7770520844077747,-0.709947628373954,-0.10001342598449424,-0.9999991109590461,-0.0011714293198602534,-0.0006370513841160282,1.935866892149785e-09,1.9358668921497852e-06,1.9358683929036247e-09,1.9358683929036246e-06,-1.0,1.0,0.0,0.0,0.0,0.27396476380721,4.104497730006684e-06,-1.0,1.0,0.0,0.0,0.0,0.26024987942783717,0.0058954952666961415,-1.0,1.0,0.0,0.0,0.0,0.2423752752798438,0.0011580935476332263,-1.0,1.0,0.0,0.0,0.0,0.22112771122759534,-3.634262328007291e-05,-1.0,1.0,0.0,0.0,0.0,0.19724483647725327,-5.0932220845043275e-05,-1.0,1.0,0.0,0.0,0.0,0.1714660360190782,-5.093234593346325e-05,-1.0,1.0,0.0,0.0,0.0,0.1445307214673589,-5.093244417657451e-05,-0.981656839708392,1.0,0.0,0.0,0.0,0.11717831578917677,-5.093256072703881e-05,-0.961656839708392,1.0,0.0,0.0,0.0,0.09014824789773766,-5.093268152670436e-05,-0.941656839708392,1.0,0.0,0.0,0.0,0.06417997070556712,-5.093280171204565e-05,-0.921656839708392,1.0,0.0,0.0,0.0,0.04001465514111789,-5.0932921222433514e-05,-0.9016568397083919,1.0,0.0,0.0,0.0,0.01856803934559147,-5.0932843026379756e-05
135,solved,0,lti,1,23,23,23,34,-1.0,1.0,0.0,0.0,0.0,0.2662677476690757,3.94431314162876e-06,0.2,1.0200715418178115,-0.1,0.0005450351822529774,0.5069954805376811,0.8619484883557703,-0.00029844969190917124,0.021080830884648852,0.7770520053068625,-0.7099474234666194,-0.10001342585342224,-0.9999991364536048,-0.0011494702098064258,-0.0006370324023342675,1.8507366014881764e-09,1.8507366014881764e-06,1.8507380274858998e-09,1.8507380274858997e-06,1,0.0692454548387963,0.014271061151764785,,20,0.9465677266400218,0.0010155186802857925,1.0155186802857925,0.0029844813197142076,2.9844813197142077,49.351161899361635,0.01,0.01,0.0001,0.17453292519943295,0.17453292519943295,0.5235987755982988,0.02,solved,0.0692454548387963,0.014271061151764785,-1.0,1.0,0.0,0.0,0.0,0.2662677476690757,3.94431314162876e-06,0.7770520053068625,-0.7099474234666194,-0.10001342585342224,-0.9999991364536048,-0.0011494702098064258,-0.0006370324023342675,0.7770520053041173,-0.7099474216158849,-0.10001342585112478,-0.9999991296443769,-0.0011553762084928524,-0.0006370371304522805,1.8507366014881764e-09,1.8507366014881764e-06,1.8507380274858998e-09,1.8507380274858997e-06,-1.0,1.0,0.0,0.0,0.0,0.2662677476690757,3.94431314162876e-06,-1.0,1.0,0.0,0.0,0.0,0.2529389039020983,0.005897029614856021,-1.0,1.0,0.0,0.0,0.0,0.23556701443191502,0.001159639113848816,-1.0,1.0,0.0,0.0,0.0,0.2149167360064665,-3.479636946388239e-05,-1.0,1.0,0.0,0.0,0.0,0.1917050160192799,-4.938595810099696e-05,-1.0,1.0,0.0,0.0,0.0,0.16665049223170114,-4.9386074116570416e-05,-0.991656839708392,1.0,0.0,0.0,0.0,0.14047182794520593,-4.9386160948196805e-05,-0.971656839708392,1.0,0.0,0.0,0.0,0.11388769741988868,-4.938627282949334e-05,-0.951656839708392,1.0,0.0,0.0,0.0,0.08761677953730415,-4.938638452971005e-05,-0.931656839708392,1.0,0.0,0.0,0.0,0.062377776674009976,-4.93864957424701e-05,-0.911656839708392,1.0,0.0,0.0,0.0,0.038891060673199626,-4.93866063357383e-05,-0.8916568397083919,1.0,0.0,0.0,0.0,0.018046668640604824,-4.938652239392716e-05
136,solved,0,lti,1,23,23,23,34,-1.0,1.0,0.0,0.0,0.0,0.25932808149441106,3.7914346812255295e-06,0.2,1.0400715418178115,-0.1,0.000545807312537241,0.5092290477125327,0.8606308098309162,-0.00029703526065955526,0.021080906713342475,0.7770519292713736,-0.7099472245210857,-0.1000134257255757,-0.9999991538924314,-0.0011342051627785885,-0.0006370188930757436,1.7685854985331476e-09,1.7685854985331475e-06,1.7685869120797054e-09,1.7685869120797054e-06,1,0.06893733378745291,0.014251341213954943,,20,0.9467766571328669,0.0010154437127474155,1.0154437127474156,0.0029845562872525848,2.984556287252585,49.35025254866186,0.01,0.01,0.0001,0.17453292519943295,0.17453292519943295,0.5235987755982988,0.02,solved,0.06893733378745291,0.014251341213954943,-1.0,1.0,0.0,0.0,0.0,0.25932808149441106,3.7914346812255295e-06,0.7770519292713736,-0.7099472245210857,-0.1000134257255757,-0.9999991538924314,-0.0011342051627785885,-0.0006370188930757436,0.777051929268791,-0.7099472227525021,-0.10001342572333964,-0.9999991473729819,-0.0011399361441141386,-0.0006370234661773717,1.7685854985331476e-09,1.7685854985331475e-06,1.7685869120797054e-09,1.7685869120797054e-06,-1.0,1.0,0.0,0.0,0.0,0.25932808149441106,3.7914346812255295e-06,-1.0,1.0,0.0,0.0,0.0,0.24634729953069817,0.005898504687452101,-1.0,1.0,0.0,0.0,0.0,0.22942866400236062,0.0011611249761698636,-1.0,1.0,0.0,0.0,0.0,0.20931690338688222,-3.330984508966468e-05,-1.0,1.0,0.0,0.0,0.0,0.18671030042192024,-4.7899425517754967e-05,-1.0,1.0,0.0,0.0,0.0,0.16230878732198364,-4.789951434270202e-05,-0.981656839708392,1.0,0.0,0.0,0.0,0.13681232309382352,-4.789961362620749e-05,-0.961656839708392,1.0,0.0,0.0,0.0,0.11092087218573551,-4.7899717125591416e-05,-0.941656839708392,1.0,0.0,0.0,0.0,0.08533440583712928,-4.789982050917085e-05,-0.921656839708392,1.0,0.0,0.0,0.0,0.06075291788384203,-4.789992344776266e-05,-0.9016568397083919,1.0,0.0,0.0,0.0,0.03787802785274881,-4.790002584287151e-05,-0.8816568397083919,1.0,0.0,0.0,0.0,0.01757660093663421,-4.7899936984824395e-05
137,solved,0,lti,1,23,23,23,34,-1.0,1.0,0.0,0.0,0.0,0.2529441442144161,3.6458541845419363e-06,0.2,1.0600715418178115,-0.1,0.0005465568989772914,0.5114043315862629,0.8593399929592705,-0.00029565372426969754,0.021080979630426166,0.7770518561576155,-0.7099470331158417,-0.10001342560310635,-0.999999170450211,-0.0011195187912401807,-0.0006370059385360291,1.6895031739785531e-09,1.689503173978553e-06,1.6895045366232824e-09,1.6895045366232824e-06,1,0.06823710787296497,0.014150301592509278,,20,0.9469775788644752,0.0010153715712235363,1.0153715712235363,0.0029846284287764636,2.9846284287764635,49.34937792558808,0.01,0.01,0.0001,0.17453292519943295,0.17453292519943295,0.5235987755982988,0.02,solved,0.06823710787296497,0.014150301592509278,-1.0,1.0,0.0,0.0,0.0,0.2529441442144161,3.6458541845419363e-06,0.7770518561576155,-0.7099470331158417,-0.10001342560310635,-0.999999170450211,-0.0011195187912401807,-0.0006370059385360291,0.7770518561551863,-0.7099470314263403,-0.10001342560096056,-0.9999991642045128,-0.001125081362566971,-0.0006370103635781504,1.6895031739785531e-09,1.689503173978553e-06,1.6895045366232824e-09,1.6895045366232824e-06,-1.0,1.0,0.0,0.0,0.0,0.2529441442144161,3.6458541845419363e-06,-1.0,1.0,0.0,0.0,0.0,0.24028354724265677,0.005899923301314303,-1.0,1.0,0.0,0.0,0.0,0.22378186643105727,0.00116255397153728,-1.0,1.0,0.0,0.0,0.0,0.20416549778340895,-3.188021206197188e-05,-1.0,1.0,0.0,0.0,0.0,0.18211555386490014,-4.6469784935643717e-05,-0.991656839708392,1.0,0.0,0.0,0.0,0.15831475906847486,-4.646986413702133e-05,-0.971656839708392,1.0,0.0,0.0,0.0,0.1334458639325251,-4.646995947908696e-05,-0.951656839708392,1.0,0.0,0.0,0.0,0.10819162321110565,-4.6470055310348255e-05,-0.931656839708392,1.0,0.0,0.0,0.0,0.08323479845134023,-4.647015101592494e-05,-0.911656839708392,1.0,0.0,0.0,0.0,0.05925817295627655,-4.6470246356658896e-05,-0.8916568397083919,1.0,0.0,0.0,0.0,0.03694611545480062,-4.6470341222130596e-05,-0.8716568397083919,1.0,0.0,0.0,0.0,0.017144174655970613,-4.6470248181834276e-05
138,solved,0,lti,1,23,23,23,34,-1.0,1.0,0.0,0.0,0.0,0.2469836661805083,3.506563816242893e-06,0.2,1.0800715418178115,-0.1,0.0005472854476191476,0.5135251990417601,0.8580742880506048,-0.00029430291761809764,0.02108104976170249,0.7770517858391779,-0.7099468489114937,-0.10001342548575644,-0.9999991861812562,-0.0011053850415596535,-0.0006369935127559476,1.6139663573909182e-09,1.6139663573909182e-06,1.613967755957753e-09,1.613967755957753e-06,1,0.06777194615235879,0.014101861147367929,,20,0.9471708593176555,0.0010153021337217408,1.0153021337217407,0.0029846978662782593,2.9846978662782595,49.348536458202716,0.01,0.01,0.0001,0.17453292519943295,0.17453292519943295,0.5235987755982988,0.02,solved,0.06777194615235879,0.014101861147367929,-1.0,1.0,0.0,0.0,0.0,0.2469836661805083,3.506563816242893e-06,0.7770517858391779,-0.7099468489114937,-0.10001342548575644,-0.9999991861812562,-0.0011053850415596535,-0.0006369935127559476,0.7770517858368927,-0.709946847297529,-0.10001342548363171,-0.9999991801943482,-0.00111078550563467,-0.0006369977958912579,1.6139663573909182e-09,1.6139663573909182e-06,1.613967755957753e-09,1.613967755957753e-06,-1.0,1.0,0.0,0.0,0.0,0.2469836661805083,3.506563816242893e-06,-1.0,1.0,0.0,0.0,0.0,0.23462200378920262,0.0059012878831652465,-1.0,1.0,0.0,0.0,0.0,0.21850961130022198,0.0011639285438056657,-1.0,1.0,0.0,0.0,0.0,0.1993557682626439,-3.050502551165538e-05,-1.0,1.0,0.0,0.0,0.0,0.17782555567594946,-4.509457537326981e-05,-0.981656839708392,1.0,0.0,0.0,0.0,0.15458563328154887,-4.5094665224705276e-05,-0.961656839708392,1.0,0.0,0.0,0.0,0.13030268148086183,-4.509475350519461e-05,-0.941656839708392,1.0,0.0,0.0,0.0,0.10564338695095944,-4.5094842270279434e-05,-0.921656839708392,1.0,0.0,0.0,0.0,0.08127444273843909,-4.509493094030694e-05,-0.9016568397083919,1.0,0.0,0.0,0.0,0.05786256286541992,-4.5095019278710756e-05,-0.8816568397083919,1.0,0.0,0.0,0.0,0.03607600919298307,-4.509510721142357e-05,-0.8616568397083919,1.0,0.0,0.0,0.0,0.016740427526084775,-4.509501065990699e-05
139,solved,0,lti,1,23,23,23,34,-1.0,1.0,0.0,0.0,0.0,0.24135801008720786,3.3738824209465366e-06,0.2,1.1000715418178115,-0.1,0.0005479941765260499,0.5155947323215797,0.8568323557538372,-0.0002929811444235825,0.02108111723935091,0.7770517181833159,-0.7099466715857996,-0.10001342537328207,-0.9999992011360225,-0.0010917791765348711,-0.0006369815905978949,1.5417068216035483e-09,1.5417068216035483e-06,1.5417080704804246e-09,1.5417080704804246e-06,1,0.06699930984181013,0.013989232788936701,,20,0.9473568390969664,0.0010152352746673502,1.0152352746673503,0.00298476472533265,2.9847647253326497,49.34772665374038,0.01,0.01,0.0001,0.17453292519943295,0.17453292519943295,0.5235987755982988,0.02,solved,0.06699930984181013,0.013989232788936701,-1.0,1.0,0.0,0.0,0.0,0.24135801008720786,3.3738824209465366e-06,0.7770517181833159,-0.7099466715857996,-0.10001342537328207,-0.9999992011360225,-0.0010917791765348711,-0.0006369815905978949,0.7770517181811634,-0.7099466700440943,-0.10001342537131973,-0.9999991953939261,-0.001097023550457221,-0.0006369857377841862,1.5417068216035483e-09,1.5417068216035483e-06,1.5417080704804246e-09,1.5417080704804246e-06,-1.0,1.0,0.0,0.0,0.0,0.24135801008720786,3.3738824209465366e-06,-1.0,1.0,0.0,0.0,0.0,0.22927847482271174,0.005902600986212247,-1.0,1.0,0.0,0.0,0.0,0.21353349208231595,0.0011652512643817758,-1.0,1.0,0.0,0.0,0.0,0.19481618638447154,-2.9181713062995437e-05,-0.991656839708392,1.0,0.0,0.0,0.0,0.1737765071681703,-4.37712547885093e-05,-0.971656839708392,1.0,0.0,0.0,0.0,0.15106594956100752,-4.3771341383964864e-05,-0.951656839708392,1.0,0.0,0.0,0.0,0.12733602791057683,-4.377142316766149e-05,-0.931656839708392,1.0,0.0,0.0,0.0,0.10323826286356799,-4.3771505414089505e-05,-0.911656839708392,1.0,0.0,0.0,0.0,0.07942418102859854,-4.377158761836672e-05,-0.8916568397083919,1.0,0.0,0.0,0.0,0.05654532926329145,-4.377166953105022e-05,-0.8716568397083919,1.0,0.0,0.0,0.0,0.035254766797575735,-4.3771751050060575e-05,-0.8516568397083919,1.0,0.0,0.0,0.0,0.01635935395466917,-4.377165158725695e-05
140,solved,0,lti,1,23,23,23,34,-1.0,1.0,0.0,0.0,0.0,0.23600671995660003,3.2469821561191416e-06,0.2,1.1200715418178115,-0.1,0.0005486841049328215,0.5176154764733768,0.8556131324259059,-0.0002916870266026313,0.021081182178994032,0.7770516530738809,-0.7099465008327598,-0.10001342526544928,-0.9999992153614091,-0.0010786777072045038,-0.000636970148420808,1.4728591209237838e-09,1.4728591209237837e-06,1.4728603287461125e-09,1.4728603287461126e-06,1,0.06652275195196981,0.013942344349436727,,20,0.9475358499152221,0.0010151708844751196,1.0151708844751195,0.0029848291155248805,2.9848291155248803,49.34694709486178,0.01,0.01,0.0001,0.17453292519943295,0.17453292519943295,0.5235987755982988,0.02,solved,0.06652275195196981,0.013942344349436727,-1.0,1.0,0.0,0.0,0.0,0.23600671995660003,3.2469821561191416e-06,0.7770516530738809,-0.7099465008327598,-0.10001342526544928,-0.9999992153614091,-0.0010786777072045038,-0.000636970148420808,0.7770516530718529,-0.7099464993599021,-0.10001342526356304,-0.9999992098510523,-0.0010837717396973807,-0.0006369741652785888,1.4728591209237838e-09,1.4728591209237837e-06,1.4728603287461125e-09,1.4728603287461126e-06,-1.0,1.0,0.0,0.0,0.0,0.23600671995660003,3.2469821561191416e-06,-1.0,1.0,0.0,0.0,0.0,0.2241955337528123,0.005903864842730676,-1.0,1.0,0.0,0.0,0.0,0.20880002813125806,0.0011665243815314821,-1.0,1.0,0.0,0.0,0.0,0.19049796047626222,-2.7908011822653067e-05,-0.981656839708392,1.0,0.0,0.0,0.0,0.1699248881108198,-4.2497562664255035e-05,-0.961656839708392,1.0,0.0,0.0,0.0,0.14771787791008598,-4.249764332018639e-05,-0.941656839708392,1.0,0.0,0.0,0.0,0.12451401762823708,-4.249771909119906e-05,-0.921656839708392,1.0,0.0,0.0,0.0,0.1009504009365796,-4.249779541153572e-05,-0.9016568397083919,1.0,0.0,0.0,0.0,0.07766412708842652,-4.249787161766382e-05,-0.8816568397083919,1.0,0.0,0.0,0.0,0.055292314905960725,-4.2497947615001174e-05,-0.8616568397083919,1.0,0.0,0.0,0.0,0.03447356185621762,-4.249802324646993e-05,-0.8416568397083919,1.0,0.0,0.0,0.0,0.01599685832789872,-4.249792138137328e-05
141,solved,0,lti,1,23,23,23,34,-1.0,1.0,0.0,0.0,0.0,0.23088745671808672,3.12583858964057e-06,0.2,1.1400715418178116,-0.1,0.0005493561106018725,0.5195895984409628,0.8544157436847654,-0.00029041940747580693,0.021081244695765826,0.7770515903952483,-0.7099463363617864,-0.10001342516203326,-0.9999992289010362,-0.0010660583272547191,-0.0006369591634051625,1.4072532770733963e-09,1.4072532770733963e-06,1.4072544224248466e-09,1.4072544224248466e-06,1,0.06576778510390653,0.013836960658813147,,20,0.9477082002868968,0.0010151088515757765,1.0151088515757765,0.0029848911484242234,2.9848911484242233,49.346196435746755,0.01,0.01,0.0001,0.17453292519943295,0.17453292519943295,0.5235987755982988,0.02,solved,0.06576778510390653,0.013836960658813147,-1.0,1.0,0.0,0.0,0.0,0.23088745671808672,3.12583858964057e-06,0.7770515903952483,-0.7099463363617864,-0.10001342516203326,-0.9999992289010362,-0.0010660583272547191,-0.0006369591634051625,0.7770515903933388,-0.7099463349545344,-0.10001342516023783,-0.9999992236101847,-0.0010710075136354288,-0.0006369630550936055,1.4072532770733963e-09,1.4072532770733963e-06,1.4072544224248466e-09,1.4072544224248466e-06,-1.0,1.0,0.0,0.0,0.0,0.23088745671808672,3.12583858964057e-06,-1.0,1.0,0.0,0.0,0.0,0.21933296549807482,0.005905081677426228,-1.0,1.0,0.0,0.0,0.0,0.20427177060579363,0.0011677501358124572,-0.991656839708392,1.0,0.0,0.0,0.0,0.18636692850966977,-2.668170614852943e-05,-0.971656839708392,1.0,0.0,0.0,0.0,0.16624022610898895,-4.127125423015137e-05,-0.951656839708392,1.0,0.0,0.0,0.0,0.14451492875511793,-4.127132940322623e-05,-0.931656839708392,1.0,0.0,0.0,0.0,0.12181432243930952,-4.1271399707512936e-05,-0.911656839708392,1.0,0.0,0.0,0.0,0.09876169869953803,-4.12714704807844e-05,-0.8916568397083919,1.0,0.0,0.0,0.0,0.07598035430426466,-4.1271541217229526e-05,-0.8716568397083919,1.0,0.0,0.0,0.0,0.054093604951357566,-4.1271611749125056e-05,-0.8516568397083919,1.0,0.0,0.0,0.0,0.03372621272808426,-4.12716819775913e-05,-0.8316568397083919,1.0,0.0,0.0,0.0,0.015650072181212744,-4.1271578161663644e-05
142,solved,0,lti,1,23,23,23,34,-1.0,1.0,0.0,0.0,0.0,0.225970002613221,3.0101488600373787e-06,0.2,1.1600715418178116,-0.1,0.0005500109682133982,0.521518993501047,0.8532394466280181,-0.0002891772870388955,0.021081304898743027,0.7770515300378847,-0.7099461778968734,-0.10001342506282403,-0.9999992417954964,-0.0010538998507069433,-0.0006369486140941776,1.3447182098777412e-09,1.3447182098777412e-06,1.3447193518848322e-09,1.3447193518848322e-06,1,0.06533534734404235,0.013803453536314422,,20,0.9478741866715276,0.0010150490740557295,1.0150490740557294,0.0029849509259442706,2.9849509259442706,49.345473398336004,0.01,0.01,0.0001,0.17453292519943295,0.17453292519943295,0.5235987755982988,0.02,solved,0.06533534734404235,0.013803453536314422,-1.0,1.0,0.0,0.0,0.0,0.225970002613221,3.0101488600373787e-06,0.7770515300378847,-0.7099461778968734,-0.10001342506282403,-0.9999992417954964,-0.0010538998507069433,-0.0006369486140941776,0.7770515300360842,-0.7099461765521564,-0.1000134250610715,-0.9999992367126929,-0.0010587094455790788,-0.0006369523856362243,1.3447182098777412e-09,1.3447182098777412e-06,1.3447193518848322e-09,1.3447193518848322e-06,-1.0,1.0,0.0,0.0,0.0,0.225970002613221,3.0101488600373787e-06,-1.0,1.0,0.0,0.0,0.0,0.21466206699950263,0.005906253598860486,-1.0,1.0,0.0,0.0,0.0,0.1999219888376,0.0011689306624837674,-0.981656839708392,1.0,0.0,0.0,0.0,0.18239870510556405,-2.5500662009193557e-05,-0.961656839708392,1.0,0.0,0.0,0.0,0.16270077210386466,-4.0090205078196345e-05,-0.941656839708392,1.0,0.0,0.0,0.0,0.14143819745917552,-4.009027519889513e-05,-0.921656839708392,1.0,0.0,0.0,0.0,0.11922100882457982,-4.0090340441660455e-05,-0.9016568397083919,1.0,0.0,0.0,0.0,0.09665923905302552,-4.00904061303402e-05,-0.8816568397083919,1.0,0.0,0.0,0.0,0.0743629259021537,-4.0090471827041424e-05,-0.8616568397083919,1.0,0.0,0.0,0.0,0.05294212545579243,-4.009053731307829e-05,-0.8416568397083919,1.0,0.0,0.0,0.0,0.033008309212768,-4.009060253616647e-05,-0.8216568397083919,1.0,0.0,0.0,0.0,0.015316949138281872,-4.009049722422888e-05
143,solved,0,lti,1,23,23,23,34,-1.0,1.0,0.0,0.0,0.0,0.22123211383685934,2.899683473609873e-06,0.2,1.1800715418178116,-0.1,0.000550649374739769,0.5234053553735263,0.8520835920440814,-0.0002879597794708786,0.021081362892412497,0.7770514718968768,-0.7099460251758115,-0.10001342496762308,-0.9999992540825906,-0.0010421821504779318,-0.0006369384801363362,1.2850247658918533e-09,1.2850247658918534e-06,1.285025743489899e-09,1.2850257434898992e-06,1,0.06463175410153583,0.01371261247424075,,20,0.9480340904628837,0.0010149914548965458,1.0149914548965457,0.0029850085451034545,2.9850085451034545,49.34477676876086,0.01,0.01,0.0001,0.17453292519943295,0.17453292519943295,0.5235987755982988,0.02,solved,0.06463175410153583,0.01371261247424075,-1.0,1.0,0.0,0.0,0.0,0.22123211383685934,2.899683473609873e-06,0.7770514718968768,-0.7099460251758115,-0.10001342496762308,-0.9999992540825906,-0.0010421821504779318,-0.0006369384801363362,0.7770514718951781,-0.7099460238907879,-0.100013424966038,-0.9999992491970969,-0.00104685718111092,-0.0006369421361966358,1.2850247658918533e-09,1.2850247658918534e-06,1.285025743489899e-09,1.2850257434898992e-06,-1.0,1.0,0.0,0.0,0.0,0.22123211383685934,2.899683473609873e-06,-1.0,1.0,0.0,0.0,0.0,0.21016171179988996,0.005907382627438278,-0.991656839708392,1.0,0.0,0.0,0.0,0.19573101100960313,0.001170067974309779,-0.971656839708392,1.0,0.0,0.0,0.0,0.178575342862264,-2.436284103047687e-05,-0.951656839708392,1.0,0.0,0.0,0.0,0.15929051729662125,-3.895237943762364e-05,-0.931656839708392,1.0,0.0,0.0,0.0,0.1384737676237337,-3.895244490257713e-05,-0.911656839708392,1.0,0.0,0.0,0.0,0.11672234658429476,-3.895250548471768e-05,-0.8916568397083919,1.0,0.0,0.0,0.0,0.09463351179688438,-3.895256649215532e-05,-0.8716568397083919,1.0,0.0,0.0,0.0,0.07280452548238754,-3.895262750964681e-05,-0.8516568397083919,1.0,0.0,0.0,0.0,0.05183266761735281,-3.895268836124292e-05,-0.8316568397083919,1.0,0.0,0.0,0.0,0.03231660375910841,-3.895274900240021e-05,-0.8116568397083919,1.0,0.0,0.0,0.0,0.01499598223826557,-3.895264251216226e-05
144,solved,0,lti,1,23,23,23,34,-1.0,1.0,0.0,0.0,0.0,0.21665691616105204,2.7938702656050755e-06,0.2,1.2000715418178116,-0.1,0.0005512719666500513,0.5252502235252647,0.8509475991805202,-0.0002867660846055549,0.021081418769817808,0.7770514158787833,-0.7099458779494341,-0.10001342487623661,-0.9999992657975416,-0.001030886101765572,-0.0006369287421248554,1.2282372236689492e-09,1.2282372236689491e-06,1.228238275685692e-09,1.228238275685692e-06,1,0.06416614801989888,0.013676337122407888,,20,0.9481881795482142,0.0010149359025776082,1.0149359025776081,0.002985064097422392,2.9850640974223923,49.34410539382306,0.01,0.01,0.0001,0.17453292519943295,0.17453292519943295,0.5235987755982988,0.02,solved,0.06416614801989888,0.013676337122407888,-1.0,1.0,0.0,0.0,0.0,0.21665691616105204,2.7938702656050755e-06,0.7770514158787833,-0.7099458779494341,-0.10001342487623661,-0.9999992657975416,-0.001030886101765572,-0.0006369287421248554,0.7770514158771817,-0.7099458767211979,-0.10001342487462905,-0.9999992610992873,-0.001035431379151415,-0.0006369322872056293,1.2282372236689492e-09,1.2282372236689491e-06,1.228238275685692e-09,1.228238275685692e-06,-1.0,1.0,0.0,0.0,0.0,0.21665691616105204,2.7938702656050755e-06,-1.0,1.0,0.0,0.0,0.0,0.20581587195469986,0.005908470571775052,-0.981656839708392,1.0,0.0,0.0,0.0,0.19168391252687575,0.0011711638910738731,-0.961656839708392,1.0,0.0,0.0,0.0,0.174883228594766,-2.3266430841095548e-05,-0.941656839708392,1.0,0.0,0.0,0.0,0.15599732122908902,-3.785596490029385e-05,-0.921656839708392,1.0,0.0,0.0,0.0,0.13561108742137426,-3.7856026120331224e-05,-0.9016568397083919,1.0,0.0,0.0,0.0,0.11430944302354312,-3.785608237920076e-05,-0.8816568397083919,1.0,0.0,0.0,0.0,0.09267730846626716,-3.785613907948301e-05,-0.8616568397083919,1.0,0.0,0.0,0.0,0.07129960850150288,-3.78561957938702e-05,-0.8416568397083919,1.0,0.0,0.0,0.0,0.0507612850960673,-3.785625237075699e-05,-0.814630986358456,1.0,0.0,0.0,0.0,0.03164863699159936,-3.785631717042054e-05,-0.8016568397083919,0.9911269567505964,0.0,0.0,0.0,0.014686031065528233,-3.785622965664533e-05
145,solved,0,lti,1,23,23,23,34,-1.0,1.0,0.0,0.0,0.0,0.21223138601001237,2.692790331221402e-06,0.2,1.2200715418178116,-0.1,0.0005518793323055594,0.5270550171336541,0.8498309377627264,-0.00028559546752038165,0.02108147262562443,0.7770513618885674,-0.709945735980928,-0.10001342478848542,-0.999999276973191,-0.0010199935275369096,-0.0006369193816947375,1.1741190006035223e-09,1.1741190006035224e-06,1.1741199356939912e-09,1.1741199356939912e-06,1,0.06501106427798677,0.013935818668366174,,20,0.9483367043995001,0.0010148823253906967,1.0148823253906967,0.002985117674609303,2.9851176746093033,49.3434581777509,0.01,0.01,0.0001,0.17453292519943295,0.17453292519943295,0.5235987755982988,0.02,solved,0.06501106427798677,0.013935818668366174,-1.0,1.0,0.0,0.0,0.0,0.21223138601001237,2.692790331221402e-06,0.7770513618885674,-0.709945735980928,-0.10001342478848542,-0.999999276973191,-0.0010199935275369096,-0.0006369193816947375,0.7770513618870538,-0.70994573480681,-0.10001342478700359,-0.9999992724527258,-0.0010244136567900766,-0.000636922820043052,1.1741190006035223e-09,1.1741190006035224e-06,1.1741199356939912e-09,1.1741199356939912e-06,-1.0,1.0,0.0,0.0,0.0,0.21223138601001237,2.692790331221402e-06,-0.991656839708392,1.0,0.0,0.0,0.0,0.20161217904494783,0.00590951924495825,-0.971656839708392,1.0,0.0,0.0,0.0,0.1877691741471187,0.0011722202600336845,-0.951656839708392,1.0,0.0,0.0,0.0,0.17131185279949415,-2.2209585736124138e-05,-0.931656839708392,1.0,0.0,0.0,0.0,0.15281180928093846,-3.6799115822273746e-05,-0.911656839708392,1.0,0.0,0.0,0.0,0.13284200713939462,-3.679917308946531e-05,-0.8916568397083919,1.0,0.0,0.0,0.0,0.11197542824251323,-3.679922536697887e-05,-0.8716568397083919,1.0,0.0,0.0,0.0,0.0907850587585027,-3.679927808867259e-05,-0.8516568397083919,1.0,0.0,0.0,0.0,0.06984388891542292,-3.679933082979313e-05,-0.824630986358456,1.0,0.0,0.0,0.0,0.049724925642726125,-3.679938345008182e-05,-0.7916568397083918,1.0,0.0,0.0,0.0,0.0310025047903336,-3.679945408651397e-05,-0.7916568397083918,0.9811269567505964,0.0,0.0,0.0,0.014386211094966366,-3.6799379283013726e-05
146,solved,0,lti,1,23,23,23,34,-1.0,1.0,0.0,0.0,0.0,0.20794506601319535,2.5960772689724566e-06,0.2,1.2400715418178117,-0.1,0.0005524720203665905,0.5288210578417482,0.8487331162665717,-0.0002844472450319619,0.02108152454716981,0.7770513098385442,-0.7099455990451496,-0.10001342470419804,-0.999999287640179,-0.0010094871472493883,-0.0006369103814494806,1.5416897435539724e-09,1.5416897435539724e-06,1.5416903288345858e-09,1.5416903288345856e-06,1,0.06488147742718184,0.014001297332201589,,20,0.948479907144105,0.0010148306408953752,1.0148306408953751,0.0029851693591046247,2.9851693591046247,49.34283407907601,0.01,0.01,0.0001,0.17453292519943295,0.17453292519943295,0.5235987755982988,0.02,solved,0.06488147742718184,0.014001297332201589,-1.0,1.0,0.0,0.0,0.0,0.20794506601319535,2.5960772689724566e-06,0.7770513098385442,-0.7099455990451496,-0.10001342470419804,-0.999999287640179,-0.0010094871472493883,-0.0006369103814494806,0.7770513098367211,-0.709945597503461,-0.10001342470285467,-0.9999992832886291,-0.0010137865381457272,-0.0006369137172106906,1.5416897435539724e-09,1.5416897435539724e-06,1.5416903288345858e-09,1.5416903288345856e-06,-1.0,1.0,0.0,0.0,0.0,0.20794506601319535,2.5960772689724566e-06,-0.981656839708392,1.0,0.0,0.0,0.0,0.19754070201842097,0.005910530340250087,-0.961656839708392,1.0,0.0,0.0,0.0,0.18397755018763567,0.0011732387797835362,-0.941656839708392,1.0,0.0,0.0,0.0,0.1678527829040225,-2.1190606403018876e-05,-0.921656839708392,1.0,0.0,0.0,0.0,0.14972646168183298,-3.57801327961264e-05,-0.9016568397083919,1.0,0.0,0.0,0.0,0.13015999140881218,-3.578018641947507e-05,-0.8816568397083919,1.0,0.0,0.0,0.0,0.10971479477814099,-3.578023503514694e-05,-0.8616568397083919,1.0,0.0,0.0,0.0,0.08895229852461374,-3.5780284072799897e-05,-0.834630986358456,1.0,0.0,0.0,0.0,0.06843393319944237,-3.5780333127659416e-05,-0.8016568397083919,1.0,0.0,0.0,0.0,0.048721145566935645,-3.578038212133957e-05,-0.7816568397083918,0.9911269567505964,0.0,0.0,0.0,0.030376684335646553,-3.5780468312281905e-05,-0.7816568397083918,0.9711269567505963,0.0,0.0,0.0,0.014095815881225503,-3.578039361575685e-05
147,solved,0,lti,1,23,23,23,34,-0.991656839708392,1.0,0.0,0.0,0.0,0.20378936110515122,2.5035305164723433e-06,0.2,1.2600715418178117,-0.1,0.0005530505459780732,0.5305495863403937,0.8476536735592365,-0.00028332077595469524,0.02108157461778014,0.7770512596450632,-0.7099454669279949,-0.10001342462321301,-0.9999992978271112,-0.0009993505277169966,-0.0006369017248904062,1.5526582654317764e-09,1.5526582654317764e-06,1.5526587525422156e-09,1.5526587525422157e-06,1,0.06492759394501933,0.014112407118387172,,20,0.94861801623247,0.0010147807686904983,1.0147807686904982,0.002985219231309502,2.9852192313095016,49.34223210769522,0.01,0.01,0.0001,0.17453292519943295,0.17453292519943295,0.5235987755982988,0.02,solved,0.06492759394501933,0.014112407118387172,-0.991656839708392,1.0,0.0,0.0,0.0,0.20378936110515122,2.5035305164723433e-06,0.7770512596450632,-0.7099454669279949,-0.10001342462321301,-0.9999992978271112,-0.0009993505277169966,-0.0006369017248904062,0.7770512596432657,-0.7099454653753376,-0.10001342462198312,-0.9999992936361385,-0.0010035334043207989,-0.0006369049619097071,1.5526582654317764e-09,1.5526582654317764e-06,1.5526587525422156e-09,1.5526587525422157e-06,-0.991656839708392,1.0,0.0,0.0,0.0,0.20378936110515122,2.5035305164723433e-06,-0.971656839708392,1.0,0.0,0.0,0.0,0.19359327580292213,0.0059115054791367885,-0.951656839708392,1.0,0.0,0.0,0.0,0.18030143639490223,0.0011742210812504985,-0.931656839708392,1.0,0.0,0.0,0.0,0.16449908121478796,-2.0207861242376716e-05,-0.911656839708392,1.0,0.0,0.0,0.0,0.14673508990220382,-3.479738420274958e-05,-0.8916568397083919,1.0,0.0,0.0,0.0,0.12755966028831503,-3.47974344587597e-05,-0.8716568397083919,1.0,0.0,0.0,0.0,0.10752300751995013,-3.479747968774261e-05,-0.844630986358456,1.0,0.0,0.0,0.0,0.08717535054433,-3.4797525328259747e-05,-0.8116568397083919,1.0,0.0,0.0,0.0,0.06706691189828944,-3.4797571010266074e-05,-0.7916568397083918,1.0,0.0,0.0,0.0,0.04774792987123522,-3.4797613505127443e-05,-0.7716568397083918,0.9811269567505964,0.0,0.0,0.0,0.029769918997946235,-3.479771883853348e-05,-0.7716568397083918,0.9611269567505963,0.0,0.0,0.0,0.013814262361262156,-3.479764137602107e-05
148,solved,0,lti,1,23,23,23,34,-0.981656839708392,1.0,0.0,0.0,0.0,0.19975704014703324,2.414989034812128e-06,0.2,1.2800715418178117,-0.1,0.0005536153953828803,0.5322417745809609,0.8465921729235046,-0.00028221545402276025,0.021081622917560834,0.7770512112277149,-0.7099453394258095,-0.10001342454537715,-0.9999993075607102,-0.000989568038090842,-0.0006368933963867837,1.4839118573162776e-09,1.4839118573162775e-06,1.4839123047135349e-09,1.4839123047135349e-06,1,0.06432846727321283,0.014084240516730422,,20,0.9487512490868591,0.0010147326325184954,1.0147326325184955,0.0029852673674815046,2.9852673674815047,49.34165132205539,0.01,0.01,0.0001,0.17453292519943295,0.17453292519943295,0.5235987755982988,0.02,solved,0.06432846727321283,0.014084240516730422,-0.981656839708392,1.0,0.0,0.0,0.0,0.19975704014703324,2.414989034812128e-06,0.7770512112277149,-0.7099453394258095,-0.10001342454537715,-0.9999993075607102,-0.000989568038090842,-0.0006368933963867837,0.7770512112260145,-0.7099453379418986,-0.10001342454422485,-0.999999303522475,-0.0009936384473524951,-0.000636896538407135,1.4839118573162776e-09,1.4839118573162775e-06,1.4839123047135349e-09,1.4839123047135349e-06,-0.981656839708392,1.0,0.0,0.0,0.0,0.19975704014703324,2.414989034812128e-06,-0.961656839708392,1.0,0.0,0.0,0.0,0.18976303403811431,0.005912446210228903,-0.941656839708392,1.0,0.0,0.0,0.0,0.17673444037344593,0.0011751687242893747,-0.921656839708392,1.0,0.0,0.0,0.0,0.16124491772324162,-1.925978973416591e-05,-0.9016568397083919,1.0,0.0,0.0,0.0,0.14383249533902082,-3.384930953561052e-05,-0.8816568397083919,1.0,0.0,0.0,0.0,0.12503649615802567,-3.384935667366821e-05,-0.854630986358456,1.0,0.0,0.0,0.0,0.10539625996613458,-3.384939877161464e-05,-0.8216568397083919,1.0,0.0,0.0,0.0,0.08545113012476112,-3.384944127444599e-05,-0.8016568397083919,1.0,0.0,0.0,0.0,0.06574045337326193,-3.3849483829772274e-05,-0.7816568397083918,0.9911269567505964,0.0,0.0,0.0,0.04680359174862472,-3.38495419813796e-05,-0.7616568397083918,0.9711269567505963,0.0,0.0,0.0,0.029181156966178415,-3.3849642360530484e-05,-0.7616568397083918,0.9511269567505963,0.0,0.0,0.0,0.013541062466289031,-3.3849562581161534e-05
149,solved,0,lti,1,23,23,23,34,-0.971656839708392,1.0,0.0,0.0,0.0,0.19584189838413021,2.330133678263416e-06,0.2,1.3000715418178117,-0.1,0.0005541670294630045,0.5338987350231139,0.845548197683107,-0.0002811307026106632,0.021081669520234398,0.777051164512493,-0.7099452163448161,-0.10001342447054515,-0.9999993168659547,-0.000980124805930298,-0.0006368853811647427,1.4185706168075048e-09,1.4185706168075047e-06,1.4185710505840047e-09,1.4185710505840047e-06,1,0.06420624471137519,0.014166550166660739,,20,0.9488798130680741,0.001014686160481659,1.014686160481659,0.002985313839518341,2.985313839518341,49.341090826573996,0.01,0.01,0.0001,0.17453292519943295,0.17453292519943295,0.5235987755982988,0.02,solved,0.06420624471137519,0.014166550166660739,-0.971656839708392,1.0,0.0,0.0,0.0,0.19584189838413021,2.330133678263416e-06,0.777051164512493,-0.7099452163448161,-0.10001342447054515,-0.9999993168659547,-0.000980124805930298,-0.0006368853811647427,0.7770511645108856,-0.7099452149262464,-0.10001342446943579,-0.9999993129730826,-0.0009840866265125898,-0.0006368884316942844,1.4185706168075048e-09,1.4185706168075047e-06,1.4185710505840047e-09,1.4185710505840047e-06,-0.971656839708392,1.0,0.0,0.0,0.0,0.19584189838413021,2.330133678263416e-06,-0.951656839708392,1.0,0.0,0.0,0.0,0.18604408785267768,0.005913353960217628,-0.931656839708392,1.0,0.0,0.0,0.0,0.17327108387012088,0.0011760831458964512,-0.911656839708392,1.0,0.0,0.0,0.0,0.15808530152278202,-1.834495427465021e-05,-0.8916568397083919,1.0,0.0,0.0,0.0,0.14101423433080693,-3.293447110399687e-05,-0.864630986358456,1.0,0.0,0.0,0.0,0.12258664563811636,-3.2934515377331245e-05,-0.8316568397083919,1.0,0.0,0.0,0.0,0.10333131519143827,-3.293455457758113e-05,-0.8116568397083919,1.0,0.0,0.0,0.0,0.08377702610331794,-3.293459417325966e-05,-0.7916568397083918,1.0,0.0,0.0,0.0,0.06445256467084028,-3.2934631517817024e-05,-0.7716568397083918,0.9811269567505964,0.0,0.0,0.0,0.0458867324738557,-3.2934707934965695e-05,-0.7516568397083918,0.9611269567505963,0.0,0.0,0.0,0.028609553994443777,-3.293480103023284e-05,-0.7516568397083918,0.9411269567505963,0.0,0.0,0.0,0.013275863858249571,-3.293641092628576e-05
150,solved,0,lti,1,23,23,23,34,-0.961656839708392,1.0,0.0,0.0,0.0,0.19203850469235334,2.248959097535949e-06,0.2,1.3200715418178117,-0.1,0.0005547058864786084,0.5355215276637569,0.8445213480268616,-0.00028006597080008997,0.02108171449941635,0.7770511194255152,-0.7099450975005948,-0.10001342439857981,-0.9999993257662091,-0.0009710066770055252,-0.0006368776651057728,1.3563667601725188e-09,1.3563667601725188e-06,1.3563671571319563e-09,1.3563671571319563e-06,1,0.06366596858077014,0.01415761380344115,,20,0.9490039038432057,0.0010146412822716563,1.0146412822716564,0.002985358717728344,2.9853587177283436,49.340549769122205,0.01,0.01,0.0001,0.17453292519943295,0.17453292519943295,0.5235987755982988,0.02,solved,0.06366596858077014,0.01415761380344115,-0.961656839708392,1.0,0.0,0.0,0.0,0.19203850469235334,2.248959097535949e-06,0.7770511194255152,-0.7099450975005948,-0.10001342439857981,-0.9999993257662091,-0.0009710066770055252,-0.0006368776651057728,0.7770511194239952,-0.7099450961442288,-0.1000134243975421,-0.9999993220117578,-0.0009748636270094281,-0.0006368806275584385,1.3563667601725188e-09,1.3563667601725188e-06,1.3563671571319563e-09,1.3563671571319563e-06,-0.961656839708392,1.0,0.0,0.0,0.0,0.19203850469235334,2.248959097535949e-06,-0.941656839708392,1.0,0.0,0.0,0.0,0.182431281012034,0.005914230155485492,-0.921656839708392,1.0,0.0,0.0,0.0,0.16990656803358914,0.001176965782689117,-0.9016568397083919,1.0,0.0,0.0,0.0,0.15501585796073009,-1.746191763614013e-05,-0.874630986358456,1.0,0.0,0.0,0.0,0.13827640858529983,-3.205143172945874e-05,-0.8416568397083919,1.0,0.0,0.0,0.0,0.12020672427727744,-3.205147334886806e-05,-0.8216568397083919,1.0,0.0,0.0,0.0,0.10132532538344,-3.2051509852332386e-05,-0.8016568397083919,1.0,0.0,0.0,0.0,0.0821507354204633,-3.205154679739056e-05,-0.7816568397083918,0.9911269567505964,0.0,0.0,0.0,0.06320148089210502,-3.205159839085046e-05,-0.7616568397083918,0.9711269567505963,0.0,0.0,0.0,0.044996101840727935,-3.205167170288051e-05,-0.7416568397083918,0.9511269567505963,0.0,0.0,0.0,0.028054338187972473,-3.205341739556529e-05,-0.7416568397083918,0.9311269567505963,0.0,0.0,0.0,0.013018228240391259,-3.205340321886366e-05
151,solved,0,lti,1,23,23,23,34,-0.951656839708392,1.0,0.0,0.0,0.0,0.18834189796829,2.171139275605774e-06,0.2,1.3400715418178117,-0.1,0.0005552323838870568,0.5371111644403503,0.8435112393429992,-0.0002790207310887697,0.021081757922201863,0.7770510758994369,-0.7099449827175707,-0.1000134243293493,-0.9999993342833408,-0.0009622001763621929,-0.0006368702348336759,1.2971793869816143e-09,1.2971793869816142e-06,1.2971798011213765e-09,1.2971798011213766e-06,1,0.06360513369992893,0.014261968398027501,,20,0.9491237098866957,0.001014597933589975,1.014597933589975,0.002985402066410025,2.9854020664100247,49.340027338721676,0.01,0.01,0.0001,0.17453292519943295,0.17453292519943295,0.5235987755982988,0.02,solved,0.06360513369992893,0.014261968398027501,-0.951656839708392,1.0,0.0,0.0,0.0,0.18834189796829,2.171139275605774e-06,0.7770510758994369,-0.7099449827175707,-0.1000134243293493,-0.9999993342833408,-0.0009622001763621929,-0.0006368702348336759,0.777051075897996,-0.7099449814203921,-0.10001342432831276,-0.9999993306607711,-0.0009659558213027877,-0.0006368731124093427,1.2971793869816143e-09,1.2971793869816142e-06,1.2971798011213765e-09,1.2971798011213766e-06,-0.951656839708392,1.0,0.0,0.0,0.0,0.18834189796829,2.171139275605774e-06,-0.931656839708392,1.0,0.0,0.0,0.0,0.17891990255898044,0.005915076096069617,-0.911656839708392,1.0,0.0,0.0,0.0,0.1666365071073622,0.0011778179439361327,-0.884630986358456,1.0,0.0,0.0,0.0,0.15203258727038793,-1.6609369994795042e-05,-0.8516568397083919,1.0,0.0,0.0,0.0,0.13561545178208317,-3.119888156457668e-05,-0.8316568397083919,1.0,0.0,0.0,0.0,0.11789363330025161,-3.1198920699126126e-05,-0.8116568397083919,1.0,0.0,0.0,0.0,0.09937568005204267,-3.119895473428966e-05,-0.7916568397083918,1.0,0.0,0.0,0.0,0.08057014325512772,-3.119898747817757e-05,-0.7716568397083918,0.9811269567505964,0.0,0.0,0.0,0.06198557729623939,-3.119905530007328e-05,-0.7516568397083918,0.9611269567505963,0.0,0.0,0.0,0.044130546450812005,-3.120076964540581e-05,-0.7316568397083918,0.9411269567505963,0.0,0.0,0.0,0.027514683596276197,-3.12008451556074e-05,-0.7316568397083918,0.9211269567505963,0.0,0.0,0.0,0.01276780899717714,-3.1200730324569076e-05
152,solved,0,lti,1,23,23,23,34,-0.941656839708392,1.0,0.0,0.0,0.0,0.18474765358531306,2.096629105859444e-06,0.2,1.3600715418178118,-0.1,0.0005557469202966571,0.5386686141507946,0.8425175001110029,-0.00027799447669872243,0.02108179985478398,0.7770510338678306,-0.7099448718285519,-0.10001342426273158,-0.999999342437828,-0.0009536924723838573,-0.0006368630777523456,1.2407893326130842e-09,1.2407893326130842e-06,1.2407897057601648e-09,1.2407897057601647e-06,1,0.0631199186098915,0.014272612013182485,,20,0.9492394086751187,0.0010145560509526059,1.014556050952606,0.0029854439490473944,2.9854439490473945,49.33952276331375,0.01,0.01,0.0001,0.17453292519943295,0.17453292519943295,0.5235987755982988,0.02,solved,0.0631199186098915,0.014272612013182485,-0.941656839708392,1.0,0.0,0.0,0.0,0.18474765358531306,2.096629105859444e-06,0.7770510338678306,-0.7099448718285519,-0.10001342426273158,-0.999999342437828,-0.0009536924723838573,-0.0006368630777523456,0.7770510338664667,-0.7099448705877633,-0.10001342426176929,-0.9999993389409776,-0.000957350232090717,-0.0006368658735417549,1.2407893326130842e-09,1.2407893326130842e-06,1.2407897057601648e-09,1.2407897057601647e-06,-0.941656839708392,1.0,0.0,0.0,0.0,0.18474765358531306,2.096629105859444e-06,-0.921656839708392,1.0,0.0,0.0,0.0,0.17550575177020697,0.005915893064578403,-0.8946309863584561,1.0,0.0,0.0,0.0,0.16345699142514722,0.0011786409217708997,-0.8616568397083919,1.0,0.0,0.0,0.0,0.14913192522984853,-1.578601867785833e-05,-0.8416568397083919,1.0,0.0,0.0,0.0,0.13302818760109972,-3.0375527880785907e-05,-0.8216568397083919,1.0,0.0,0.0,0.0,0.11564461479424906,-3.0375564759907385e-05,-0.8016568397083919,1.0,0.0,0.0,0.0,0.09748005824362269,-3.0375596490367502e-05,-0.7816568397083918,0.9911269567505964,0.0,0.0,0.0,0.07903337217657913,-3.037564226252112e-05,-0.7616568397083918,0.9711269567505963,0.0,0.0,0.0,0.060803411110174635,-3.037733682492162e-05,-0.7416568397083918,0.9511269567505963,0.0,0.0,0.0,0.04328890948941893,-3.037736271670636e-05,-0.7216568397083918,0.9311269567505963,0.0,0.0,0.0,0.026989936513904224,-3.03773754031643e-05,-0.7216568397083918,0.9111269567505963,0.0,0.0,0.0,0.012524307308357142,-3.0377262235973256e-05
153,solved,0,lti,1,23,23,23,34,-0.931656839708392,1.0,0.0,0.0,0.0,0.1812516594570264,2.0251021042668682e-06,0.2,1.3800715418178118,-0.1,0.0005562498767487856,0.5401948054435901,0.8415397709176872,-0.00027698672009895394,0.021081840356826066,0.7770509932708136,-0.709944764674277,-0.10001342419860676,-0.9999993502488611,-0.0009454713424175494,-0.000636856181741689,1.1871450852150172e-09,1.1871450852150172e-06,1.1871454301905598e-09,1.1871454301905598e-06,1,0.06311597439620333,0.014399478690583991,,20,0.9493511707145899,0.0010145155756487595,1.0145155756487594,0.002985484424351241,2.985484424351241,49.3390353077004,0.01,0.01,0.0001,0.17453292519943295,0.17453292519943295,0.5235987755982988,0.02,solved,0.06311597439620333,0.014399478690583991,-0.931656839708392,1.0,0.0,0.0,0.0,0.1812516594570264,2.0251021042668682e-06,0.7770509932708136,-0.709944764674277,-0.10001342419860676,-0.9999993502488611,-0.0009454713424175494,-0.000636856181741689,0.7770509932695222,-0.7099447634871326,-0.10001342419770173,-0.9999993468719188,-0.0009490344981113627,-0.0006368588987775163,1.1871450852150172e-09,1.1871450852150172e-06,1.1871454301905598e-09,1.1871454301905598e-06,-0.931656839708392,1.0,0.0,0.0,0.0,0.1812516594570264,2.0251021042668682e-06,-0.9046309863584561,1.0,0.0,0.0,0.0,0.17218492357647344,0.0059166822174400455,-0.8716568397083919,1.0,0.0,0.0,0.0,0.16036438502182185,0.001179435880812874,-0.8516568397083919,1.0,0.0,0.0,0.0,0.1463105552620462,-1.4990698542417331e-05,-0.8316568397083919,1.0,0.0,0.0,0.0,0.13051165810741341,-2.958020555463662e-05,-0.8116568397083919,1.0,0.0,0.0,0.0,0.11345709767005926,-2.958024029211752e-05,-0.7916568397083918,1.0,0.0,0.0,0.0,0.09563629285584492,-2.958026871378532e-05,-0.7716568397083918,0.9811269567505964,0.0,0.0,0.0,0.07753866403353118,-2.958192527539095e-05,-0.7516568397083918,0.9611269567505963,0.0,0.0,0.0,0.05965347820268679,-2.958193341674497e-05,-0.7316568397083918,0.9411269567505963,0.0,0.0,0.0,0.04247021639116884,-2.9581932818234186e-05,-0.7116568397083918,0.9211269567505963,0.0,0.0,0.0,0.026479494605937817,-2.9581944703606816e-05,-0.7116568397083918,0.9011269567505963,0.0,0.0,0.0,0.012287443775156856,-2.9581833201912586e-05
154,solved,0,lti,1,23,23,23,34,-0.9146309863584561,1.0,0.0,0.0,0.0,0.17785014692048087,1.9566312329374256e-06,0.2,1.4000715418178118,-0.1,0.0005567416180500179,0.5416906300374604,0.8405777032458396,-0.0002759969913337163,0.021081879489450724,0.7770509540470562,-0.7099446611030034,-0.10001342413686619,-0.9999993577344335,-0.0009375251408639493,-0.0006368495354968134,1.1359974001933547e-09,1.1359974001933546e-06,1.1359977279582693e-09,1.1359977279582693e-06,1,0.06268201281581988,0.014430217114388844,,20,0.9494591562037854,0.0010144764491797427,1.0144764491797427,0.0029855235508202574,2.9855235508202576,49.33856427157465,0.01,0.01,0.0001,0.17453292519943295,0.17453292519943295,0.5235987755982988,0.02,solved,0.06268201281581988,0.014430217114388844,-0.9146309863584561,1.0,0.0,0.0,0.0,0.17785014692048087,1.9566312329374256e-06,0.7770509540470562,-0.7099446611030034,-0.10001342413686619,-0.9999993577344335,-0.0009375251408639493,-0.0006368495354968134,0.7770509540458325,-0.7099446599670066,-0.10001342413600324,-0.9999993544719168,-0.0009409968412717289,-0.0006368521765464949,1.1359974001933547e-09,1.1359974001933546e-06,1.1359977279582693e-09,1.1359977279582693e-06,-0.9146309863584561,1.0,0.0,0.0,0.0,0.17785014692048087,1.9566312329374256e-06,-0.8816568397083919,1.0,0.0,0.0,0.0,0.16895384022296042,0.005917444740036633,-0.8616568397083919,1.0,0.0,0.0,0.0,0.1573553583029647,0.0011802040150215459,-0.8416568397083919,1.0,0.0,0.0,0.0,0.1435654423005502,-1.4222215158479087e-05,-0.8216568397083919,1.0,0.0,0.0,0.0,0.12806315895882936,-2.8811720103851303e-05,-0.8016568397083919,1.0,0.0,0.0,0.0,0.11132873429264814,-2.8811758619915448e-05,-0.7816568397083918,0.9911269567505964,0.0,0.0,0.0,0.09384240636188185,-2.8813348692051294e-05,-0.7616568397083918,0.9711269567505963,0.0,0.0,0.0,0.07608424406026493,-2.8813347957690117e-05,-0.7416568397083918,0.9511269567505963,0.0,0.0,0.0,0.05853453694549654,-2.8813347385604952e-05,-0.7216568397083918,0.9311269567505963,0.0,0.0,0.0,0.04167358758412852,-2.8813346884616985e-05,-0.7016568397083918,0.9111269567505963,0.0,0.0,0.0,0.025982809350986513,-2.8813358030069334e-05,-0.7016568397083918,0.8911269567505963,0.0,0.0,0.0,0.012056963797889736,-2.8813248217219097e-05
155,solved,0,lti,1,23,23,23,34,-0.8916568397083919,1.0,0.0,0.0,0.0,0.17453955089771023,1.8909088967525719e-06,0.2,1.4200715418178118,-0.1,0.0005572224936844516,0.5431569447362914,0.839630958963025,-0.0002750248371080268,0.02108191730762866,0.7770509161413945,-0.7099445609701037,-0.10001342407740355,-0.9999993649114263,-0.0009298427684027825,-0.0006368431281596247,1.0872606813696243e-09,1.0872606813696244e-06,1.0872609978698583e-09,1.0872609978698582e-06,1,0.06273038764025353,0.014575166608854603,,20,0.9495635205737972,0.0010144386190484953,1.0144386190484953,0.002985561380951505,2.985561380951505,49.33810898769229,0.01,0.01,0.0001,0.17453292519943295,0.17453292519943295,0.5235987755982988,0.02,solved,0.06273038764025353,0.014575166608854603,-0.8916568397083919,1.0,0.0,0.0,0.0,0.17453955089771023,1.8909088967525719e-06,0.7770509161413945,-0.7099445609701037,-0.10001342407740355,-0.9999993649114263,-0.0009298427684027825,-0.0006368431281596247,0.7770509161402319,-0.7099445598828437,-0.10001342407657395,-0.9999993617581586,-0.0009332260363245993,-0.0006368456959307446,1.0872606813696243e-09,1.0872606813696244e-06,1.0872609978698583e-09,1.0872609978698582e-06,-0.8916568397083919,1.0,0.0,0.0,0.0,0.17453955089771023,1.8909088967525719e-06,-0.8716568397083919,1.0,0.0,0.0,0.0,0.16580911570536255,0.005918181698351249,-0.8516568397083919,1.0,0.0,0.0,0.0,0.1544267580474943,0.0011809463980134412,-0.8316568397083919,1.0,0.0,0.0,0.0,0.14089370940649956,-1.3479494450430499e-05,-0.8116568397083919,1.0,0.0,0.0,0.0,0.1256801234308702,-2.8069002979811834e-05,-0.7916568397083918,1.0,0.0,0.0,0.0,0.10925728994533263,-2.8070534572219092e-05,-0.7716568397083918,0.9811269567505964,0.0,0.0,0.0,0.09209632458354973,-2.8070531829896684e-05,-0.7516568397083918,0.9611269567505963,0.0,0.0,0.0,0.07466858041236323,-2.807053121684419e-05,-0.7316568397083918,0.9411269567505963,0.0,0.0,0.0,0.0574454126123805,-2.807053074652341e-05,-0.7116568397083918,0.9211269567505963,0.0,0.0,0.0,0.04089818703344013,-2.8070530324741523e-05,-0.6916568397083918,0.9011269567505963,0.0,0.0,0.0,0.025499359648869166,-2.807054076148833e-05,-0.6916568397083918,0.8811269567505963,0.0,0.0,0.0,0.01183262562949009,-2.8070432666117808e-05
156,solved,0,lti,1,23,23,23,34,-0.8816568397083919,1.0,0.0,0.0,0.0,0.1713165832363136,1.8278107011347634e-06,0.2,1.4400715418178118,-0.1,0.0005576928389016599,0.5445945740378078,0.838699209367107,-0.00027406981944756817,0.021081953863842682,0.7770508795011628,-0.7099444641376962,-0.10001342402011708,-0.9999993717956878,-0.000922413643601122,-0.0006368369493680987,1.0408495466596102e-09,1.0408495466596102e-06,1.0408498679046188e-09,1.0408498679046187e-06,1,0.06234387754996209,0.014612047910706472,,20,0.9496644098153434,0.0010144020327256238,1.0144020327256238,0.0029855979672743765,2.9855979672743764,49.33766882010871,0.01,0.01,0.0001,0.17453292519943295,0.17453292519943295,0.5235987755982988,0.02,solved,0.06234387754996209,0.014612047910706472,-0.8816568397083919,1.0,0.0,0.0,0.0,0.1713165832363136,1.8278107011347634e-06,0.7770508795011628,-0.7099444641376962,-0.10001342402011708,-0.9999993717956878,-0.000922413643601122,-0.0006368369493680987,0.7770508795000601,-0.7099444630968472,-0.10001342401929932,-0.9999993687467795,-0.0009257113814711255,-0.0006368394464753095,1.0408495466596102e-09,1.0408495466596102e-06,1.0408498679046188e-09,1.0408498679046187e-06,-0.8816568397083919,1.0,0.0,0.0,0.0,0.1713165832363136,1.8278107011347634e-06,-0.8616568397083919,1.0,0.0,0.0,0.0,0.16274762859571226,0.0059188941099156105,-0.8416568397083919,1.0,0.0,0.0,0.0,0.1515756795584555,0.0011816640548693094,-0.8216568397083919,1.0,0.0,0.0,0.0,0.13829270908666433,-1.2761516097026259e-05,-0.8016568397083919,1.0,0.0,0.0,0.0,0.12336019001586616,-2.7352469804251845e-05,-0.7816568397083918,0.9911269567505964,0.0,0.0,0.0,0.10724050790210468,-2.7352459183037014e-05,-0.7616568397083918,0.9711269567505963,0.0,0.0,0.0,0.0903963170714548,-2.735245830561086e-05,-0.7416568397083918,0.9511269567505963,0.0,0.0,0.0,0.0732902718953282,-2.735245784299034e-05,-0.7216568397083918,0.9311269567505963,0.0,0.0,0.0,0.05638502681155239,-2.73524574132766e-05,-0.7016568397083918,0.9111269567505963,0.0,0.0,0.0,0.04014324671428851,-2.7352457095171756e-05,-0.6816568397083917,0.8911269567505963,0.0,0.0,0.0,0.025028666502186832,-2.735246687892744e-05,-0.6816568397083917,0.8711269567505963,0.0,0.0,0.0,0.011614206938308119,-2.735236050785838e-05
157,solved,0,lti,1,23,23,23,34,-0.8716568397083919,1.0,0.0,0.0,0.0,0.16817806962454593,1.7672848021264384e-06,0.2,1.4600715418178118,-0.1,0.0005581529753309417,0.5460043113514301,0.8377821350745563,-0.0002731315152512296,0.021081989209538726,0.7770508440747437,-0.7099443704742964,-0.10001342396491258,-0.9999993784021028,-0.0009152276759546133,-0.0006368309893722594,9.966190037480537e-10,9.966190037480537e-07,9.966192561008119e-10,9.966192561008118e-07,1,0.062440142101933535,0.01477052359093202,,20,0.9497619631594024,0.0010143666401887055,1.0143666401887055,0.0029856333598112946,2.9856333598112945,49.337243162552014,0.01,0.01,0.0001,0.17453292519943295,0.17453292519943295,0.5235987755982988,0.02,solved,0.062440142101933535,0.01477052359093202,-0.8716568397083919,1.0,0.0,0.0,0.0,0.16817806962454593,1.7672848021264384e-06,0.7770508440747437,-0.7099443704742964,-0.10001342396491258,-0.9999993784021028,-0.0009152276759546133,-0.0006368309893722594,0.7770508440736973,-0.7099443694776779,-0.10001342396420336,-0.9999993754529334,-0.0009184426713289048,-0.0006368334183124741,9.966190037480537e-10,9.966190037480537e-07,9.966192561008119e-10,9.966192561008118e-07,-0.8716568397083919,1.0,0.0,0.0,0.0,0.16817806962454593,1.7672848021264384e-06,-0.8516568397083919,1.0,0.0,0.0,0.0,0.15976636371874803,0.0059195829730241695,-0.8316568397083919,1.0,0.0,0.0,0.0,0.14879931451415268,0.0011823579859292401,-0.8116568397083919,1.0,0.0,0.0,0.0,0.13575987550765928,-1.2068655778842965e-05,-0.7916568397083918,1.0,0.0,0.0,0.0,0.12110084667982969,-2.665811976168812e-05,-0.7716568397083918,0.9811269567505964,0.0,0.0,0.0,0.10527639724204668,-2.6658122666475255e-05,-0.7516568397083918,0.9611269567505963,0.0,0.0,0.0,0.08874070826606159,-2.665812193247027e-05,-0.7316568397083918,0.9411269567505963,0.0,0.0,0.0,0.07194796062877697,-2.665812151528748e-05,-0.7116568397083918,0.9211269567505963,0.0,0.0,0.0,0.05535233527357544,-2.6658121195403314e-05,-0.6916568397083918,0.9011269567505963,0.0,0.0,0.0,0.039408023412146886,-2.66581209576166e-05,-0.6716568397083917,0.8811269567505963,0.0,0.0,0.0,0.0245702666670996,-2.6658130118126842e-05,-0.6716568397083917,0.8611269567505963,0.0,0.0,0.0,0.011401492818494504,-2.6658025463083615e-05
158,solved,0,lti,1,23,23,23,34,-0.8616568397083919,1.0,0.0,0.0,0.0,0.1651210885301715,1.7092697990725248e-06,0.2,1.4800715418178119,-0.1,0.0005586032119559611,0.5473869213642625,0.8368794251167766,-0.0002722095150554056,0.02108202339493471,0.777050809811758,-0.7099442798544828,-0.1000134239117002,-0.9999993847446623,-0.0009082752403315862,-0.0006368252388505677,9.543763179955556e-10,9.543763179955556e-07,9.543765876899133e-10,9.543765876899134e-07,1,0.06209741170120496,0.014827635002122832,,20,0.9498563142891361,0.0010143323947933152,1.0143323947933152,0.002985667605206685,2.985667605206685,49.336831436878555,0.01,0.01,0.0001,0.17453292519943295,0.17453292519943295,0.5235987755982988,0.02,solved,0.06209741170120496,0.014827635002122832,-0.8616568397083919,1.0,0.0,0.0,0.0,0.1651210885301715,1.7092697990725248e-06,0.777050809811758,-0.7099442798544828,-0.1000134239117002,-0.9999993847446623,-0.0009082752403315862,-0.0006368252388505677,0.7770508098107642,-0.709944278900107,-0.10001342391098272,-0.9999993818908618,-0.0009114101710813802,-0.0006368276019710585,9.543763179955556e-10,9.543763179955556e-07,9.543765876899133e-10,9.543765876899134e-07,-0.8616568397083919,1.0,0.0,0.0,0.0,0.1651210885301715,1.7092697990725248e-06,-0.8416568397083919,1.0,0.0,0.0,0.0,0.15686254778868383,0.005920249257393618,-0.8216568397083919,1.0,0.0,0.0,0.0,0.14609507913385122,0.001183027849161376,-0.8016568397083919,1.0,0.0,0.0,0.0,0.13329261709331983,-1.1397073055772907e-05,-0.7816568397083918,0.9911269567505964,0.0,0.0,0.0,0.11889999671614744,-2.5986536204241745e-05,-0.7616568397083918,0.9711269567505963,0.0,0.0,0.0,0.10336313599830156,-2.5986540838788788e-05,-0.7416568397083918,0.9511269567505963,0.0,0.0,0.0,0.08712796160788493,-2.5986540170905474e-05,-0.7216568397083918,0.9311269567505963,0.0,0.0,0.0,0.0706404002634115,-2.5986539834439146e-05,-0.7016568397083918,0.9111269567505963,0.0,0.0,0.0,0.05434637875442074,-2.598653960526402e-05,-0.6816568397083917,0.8911269567505963,0.0,0.0,0.0,0.038691833955439736,-2.5986539414175455e-05,-0.6616568397083917,0.8711269567505963,0.0,0.0,0.0,0.024123734065375317,-2.5986548005115473e-05,-0.6616568397083917,0.8511269567505962,0.0,0.0,0.0,0.01119428550073011,-2.5986445081502593e-05
159,solved,0,lti,1,23,23,23,34,-0.8516568397083919,1.0,0.0,0.0,0.0,0.1621428088081761,1.6535041870692032e-06,0.2,1.5,-0.1,0.0005590438456242466,0.5487431410280125,0.8359907768864095,-0.00027130342269103243,0.02108205646501845,0.7770507766673288,-0.7099441924682645,-0.1000134238606577,-0.9999993908150953,-0.0009015709047863805,-0.0006368197092330363,9.087295772569046e-10,9.087295772569046e-07,9.087298305870673e-10,9.087298305870673e-07,1,0.06142956972734496,0.014814605607396829,,20,0.9499475914703116,0.001014299252911848,1.014299252911848,0.002985700747088152,2.9857007470881523,49.33643309160853,0.01,0.01,0.0001,0.17453292519943295,0.17453292519943295,0.5235987755982988,0.02,solved,0.06142956972734496,0.014814605607396829,-0.8516568397083919,1.0,0.0,0.0,0.0,0.1621428088081761,1.6535041870692032e-06,0.7770507766673288,-0.7099441924682645,-0.1000134238606577,-0.9999993908150953,-0.0009015709047863805,-0.0006368197092330363,0.7770507766663897,-0.7099441915595354,-0.10001342385997916,-0.9999993880522071,-0.0009046286198967227,-0.0006368220091135429,9.087295772569046e-10,9.087295772569046e-07,9.087298305870673e-10,9.087298305870673e-07,-0.8516568397083919,1.0,0.0,0.0,0.0,0.1621428088081761,1.6535041870692032e-06,-0.8316568397083919,1.0,0.0,0.0,0.0,0.15403348790736077,0.005920892569918522,-0.8116568397083919,1.0,0.0,0.0,0.0,0.1434602140872875,0.0011836772640830997,-0.7916568397083918,1.0,0.0,0.0,0.0,0.1308886468306709,-1.0747352008677736e-05,-0.7716568397083918,0.9811269567505964,0.0,0.0,0.0,0.11675560214312218,-2.5336827110668573e-05,-0.7516568397083918,0.9611269567505963,0.0,0.0,0.0,0.10149895362397453,-2.5336831814155668e-05,-0.7316568397083918,0.9411269567505963,0.0,0.0,0.0,0.08555658552501805,-2.533683122953591e-05,-0.7116568397083918,0.9211269567505963,0.0,0.0,0.0,0.06936638217170919,-2.5336830991931604e-05,-0.6916568397083918,0.9011269567505963,0.0,0.0,0.0,0.053366227962613665,-2.5336830789981622e-05,-0.6619714896917444,0.8811269567505963,0.0,0.0,0.0,0.03799401719929157,-2.5336834613386824e-05,-0.6516568397083917,0.8611269567505963,0.0,0.0,0.0,0.023688656587793896,-2.533683874323176e-05,-0.6516568397083917,0.8411269567505962,0.0,0.0,0.0,0.010992393792550289,-2.5336737518574514e-05
160,solved,0,lti,1,23,23,23,34,-0.8416568397083919,1.0,0.0,0.0,0.0,0.15917275240281084,1.5930004069749394e-06,0.2,1.5,-0.1,0.0005594749783715363,0.5500731148488127,0.8351162686626076,-0.00027041323390393534,0.021082088325026588,0.7770507448075519,-0.7099441927447654,-0.10001342388376099,-0.9999993907975969,-0.0009015901606698885,-0.0006368199252539159,5.930274392043094e-10,5.930274392043094e-07,5.930277365632905e-10,5.930277365632905e-07,1,0.06185507678418143,0.01507401308926352,,20,0.9500356796537084,0.0010142673725027163,1.0142673725027163,0.002985732627497284,2.985732627497284,49.33604896142982,0.01,0.01,0.0001,0.17453292519943295,0.17453292519943295,0.5235987755982988,0.02,solved,0.06185507678418143,0.01507401308926352,-0.8416568397083919,1.0,0.0,0.0,0.0,0.15917275240281084,1.5930004069749394e-06,0.7770507448075519,-0.7099441927447654,-0.10001342388376099,-0.9999993907975969,-0.0009015901606698885,-0.0006368199252539159,0.7770507448081032,-0.7099441933377926,-0.10001342388435486,-0.9999993880339684,-0.0009046486270501839,-0.0006368222281530661,5.930274392043094e-10,5.930274392043094e-07,5.930277365632905e-10,5.930277365632905e-07,-0.8416568397083919,1.0,0.0,0.0,0.0,0.15917275240281084,1.5930004069749394e-06,-0.8216568397083919,1.0,0.0,0.0,0.0,0.15121196942556778,0.005921514152345593,-0.8016568397083919,1.0,0.0,0.0,0.0,0.14083237104974364,0.0011843034271681737,-0.7816568397083918,0.9911269567505964,0.0,0.0,0.0,0.12849108418759042,-1.0120903591088398e-05,-0.7616568397083918,0.9711269567505963,0.0,0.0,0.0,0.11461692269294363,-2.4710380092709543e-05,-0.7416568397083918,0.9511269567505963,0.0,0.0,0.0,0.099639739086975,-2.4710384882745472e-05,-0.7216568397083918,0.9311269567505963,0.0,0.0,0.0,0.08398939662725108,-2.4710384361183613e-05,-0.7016568397083918,0.9111269567505963,0.0,0.0,0.0,0.06809575864939457,-2.4710384186454726e-05,-0.6719714896917444,0.8911269567505963,0.0,0.0,0.0,0.05238868856376899,-2.471038403999618e-05,-0.6416568397083917,0.8711269567505963,0.0,0.0,0.0,0.03729805950213004,-2.4710391579264377e-05,-0.6416568397083917,0.8511269567505962,0.0,0.0,0.0,0.023254738148546304,-2.4710391554233124e-05,-0.6416568397083917,0.8311269567505962,0.0,0.0,0.0,0.010791039899277821,-2.471029201980047e-05
161,solved,0,lti,1,23,23,23,34,-0.8316568397083919,1.0,0.0,0.0,0.0,0.1375593654123291,-5.45250813102386e-09,0.2,1.5,-0.1,0.0005598464276473815,0.5512213746861251,0.8343588016876015,-0.0002696433680710146,0.021082088215976427,0.7770507449167556,-0.7099441929241336,-0.10001342388609717,-0.9999993907850682,-0.0009016039265382387,-0.0006368201097654997,6.416205875701109e-10,6.416205875701108e-07,6.416220164931403e-10,6.416220164931403e-07,1,0.052929192217648836,0.013047856585109737,,20,0.9500563069300413,0.0010142917012009465,1.0142917012009465,0.0029857082987990533,2.9857082987990533,49.336050064707436,0.01,0.01,0.0001,0.17453292519943295,0.17453292519943295,0.5235987755982988,0.02,solved,0.052929192217648836,0.013047856585109737,-0.8316568397083919,1.0,0.0,0.0,0.0,0.1375593654123291,-5.45250813102386e-09,0.7770507449167556,-0.7099441929241336,-0.10001342388609717,-0.9999993907850682,-0.0009016039265382387,-0.0006368201097654997,0.7770507449173498,-0.7099441935657539,-0.1000134238874513,-0.9999993880184815,-0.0009046655961534057,-0.0006368224410919471,6.416205875701109e-10,6.416205875701108e-07,6.416220164931403e-10,6.416220164931403e-07,-0.8316568397083919,1.0,0.0,0.0,0.0,0.1375593654123291,-5.45250813102386e-09,-0.8116568397083919,1.0,0.0,0.0,0.0,0.13067954211439445,0.005921512023224663,-0.7916568397083918,1.0,0.0,0.0,0.0,0.12170934396486215,0.0011843012950697412,-0.7716568397083918,0.9811269567505964,0.0,0.0,0.0,0.11104382830356903,-1.012304731326678e-05,-0.7516568397083918,0.9611269567505963,0.0,0.0,0.0,0.09905358035560055,-2.4712523842704847e-05,-0.7316568397083918,0.9411269567505963,0.0,0.0,0.0,0.08611008480347153,-2.4712528641692463e-05,-0.7116568397083918,0.9211269567505963,0.0,0.0,0.0,0.07258483562793895,-2.4712528153002903e-05,-0.6819714896917444,0.9011269567505963,0.0,0.0,0.0,0.05884932687896127,-2.4712527978065415e-05,-0.6516568397083917,0.8811269567505963,0.0,0.0,0.0,0.045275052672385956,-2.4712527865709663e-05,-0.6376730223556445,0.8611269567505963,0.0,0.0,0.0,0.03223351552799791,-2.471253312834436e-05,-0.6316568397083917,0.8411269567505962,0.0,0.0,0.0,0.02009707676942908,-2.471253541864378e-05,-0.6316568397083917,0.8211269567505962,0.0,0.0,0.0,0.009325770789781593,-2.4712435798485684e-05
162,solved,0,lti,1,23,23,23,34,-0.8216568397083919,1.0,0.0,0.0,0.0,0.1188788646276025,-4.0043564493954006e-09,0.2,1.5,-0.1,0.0005601665809537845,0.5522128612248076,0.8337029265645787,-0.0002689776386184596,0.0210820881358893,0.7770507449969575,-0.7099441930580943,-0.1000134238881092,-0.9999993907756978,-0.0009016142077722659,-0.000636820267998067,6.306725640818308e-10,6.306725640818307e-07,6.306738774802091e-10,6.306738774802091e-07,1,0.05213779525194325,0.013009483697780664,,20,0.950056099194663,0.0010142917354321553,1.0142917354321555,0.0029857082645678447,2.9857082645678448,49.336050853430784,0.01,0.01,0.0001,0.17453292519943295,0.17453292519943295,0.5235987755982988,0.02,solved,0.05213779525194325,0.013009483697780664,-0.8216568397083919,1.0,0.0,0.0,0.0,0.1188788646276025,-4.0043564493954006e-09,0.7770507449969575,-0.7099441930580943,-0.1000134238881092,-0.9999993907756978,-0.0009016142077722659,-0.000636820267998067,0.7770507449975431,-0.7099441936887666,-0.10001342388939631,-0.9999993880092233,-0.000904675719236614,-0.0006368225985689702,6.306725640818308e-10,6.306725640818307e-07,6.306738774802091e-10,6.306738774802091e-07,-0.8216568397083919,1.0,0.0,0.0,0.0,0.1188788646276025,-4.0043564493954006e-09,-0.8016568397083919,1.0,0.0,0.0,0.0,0.11293331792315524,0.005921510461989453,-0.7816568397083918,0.9911269567505964,0.0,0.0,0.0,0.10518126843015103,0.0011842997235243758,-0.7616568397083918,0.9711269567505963,0.0,0.0,0.0,0.09596412504252262,-1.0124621031761713e-05,-0.7416568397083918,0.9511269567505963,0.0,0.0,0.0,0.08560214745110331,-2.4714097660299932e-05,-0.7216568397083918,0.9311269567505963,0.0,0.0,0.0,0.0744163728642954,-2.4714102557976727e-05,-0.6919714896917444,0.9111269567505963,0.0,0.0,0.0,0.06272784653421237,-2.4714102107783506e-05,-0.6616568397083917,0.8911269567505963,0.0,0.0,0.0,0.05085761377782133,-2.4714102000399935e-05,-0.6476730223556445,0.8711269567505963,0.0,0.0,0.0,0.03912671997288057,-2.4714101910856267e-05,-0.6403405981549418,0.8511269567505962,0.0,0.0,0.0,0.027856217765480872,-2.471410236571342e-05,-0.6216568397083917,0.8311269567505962,0.0,0.0,0.0,0.01736790228023968,-2.4714109513635788e-05,-0.6216568397083917,0.8111269567505962,0.0,0.0,0.0,0.008059335088856421,-2.4714009852687857e-05
163,solved,0,lti,1,23,23,23,34,-0.8116568397083919,1.0,0.0,0.0,0.0,0.10273442698268294,-3.04528049080819e-09,0.2,1.5,-0.1,0.0005604426179308907,0.5530690695857783,0.8331351739855622,-0.0002684020128482368,0.021082088074983688,0.7770507450579494,-0.70994419315814,-0.10001342388984152,-0.999999390768688,-0.0009016218863033144,-0.0006368204038314708,6.223718654340543e-10,6.223718654340543e-07,6.223730126285505e-10,6.223730126285505e-07,1,0.051953484430483574,0.013121691962788559,,20,0.9500559449354824,0.0010142917620259667,1.0142917620259666,0.0029857082379740334,2.985708237974033,49.33605144249965,0.01,0.01,0.0001,0.17453292519943295,0.17453292519943295,0.5235987755982988,0.02,solved,0.051953484430483574,0.013121691962788559,-0.8116568397083919,1.0,0.0,0.0,0.0,0.10273442698268294,-3.04528049080819e-09,0.7770507450579494,-0.70994419315814,-0.10001342388984152,-0.999999390768688,-0.0009016218863033144,-0.0006368204038314708,0.7770507450585256,-0.7099441937805115,-0.1000134238910365,-0.9999993880022925,-0.0009046832850174918,-0.0006368227336966145,6.223718654340543e-10,6.223718654340543e-07,6.223730126285505e-10,6.223730126285505e-07,-0.8116568397083919,1.0,0.0,0.0,0.0,0.10273442698268294,-3.04528049080819e-09,-0.7916568397083918,1.0,0.0,0.0,0.0,0.09759631927141876,0.00592150928537167,-0.7716568397083918,0.9811269567505964,0.0,0.0,0.0,0.09089704361342509,0.001184298527421069,-0.7516568397083918,0.9611269567505963,0.0,0.0,0.0,0.08293164213315549,-1.0125817801848414e-05,-0.7316568397083918,0.9411269567505963,0.0,0.0,0.0,0.07397688139660262,-2.4715294525295513e-05,-0.7019714896917444,0.9211269567505963,0.0,0.0,0.0,0.06431019991394508,-2.4715299449451593e-05,-0.6716568397083917,0.9011269567505963,0.0,0.0,0.0,0.05420904315083623,-2.471529908757792e-05,-0.6576730223556445,0.8811269567505963,0.0,0.0,0.0,0.04395085663222407,-2.4715298981821044e-05,-0.6503405981549418,0.8611269567505963,0.0,0.0,0.0,0.03381308593806076,-2.4715298932714628e-05,-0.6316568397083917,0.8411269567505962,0.0,0.0,0.0,0.024073182931574677,-2.471529886234728e-05,-0.6116568397083917,0.8211269567505962,0.0,0.0,0.0,0.015009241149722092,-2.471530659155486e-05,-0.6116568397083917,0.8011269567505962,0.0,0.0,0.0,0.0069648309971692135,-2.471520686574909e-05
164,solved,0,lti,1,23,23,23,34,-0.8016568397083919,1.0,0.0,0.0,0.0,0.0887820118148752,-2.4056043886761756e-09,0.2,1.5,-0.1,0.0005606806897290402,0.5538085256859102,0.8326438198545824,-0.00026790433490181365,0.0210820880268716,0.7770507451061256,-0.7099441932328525,-0.10001342389133205,-0.9999993907634434,-0.0009016276209205459,-0.0006368205204978411,6.15990636005563e-10,6.15990636005563e-07,6.159917263792602e-10,6.159917263792601e-07,1,0.05127304895689912,0.013108077074495218,,20,0.9500558290144453,0.001014291781057155,1.014291781057155,0.002985708218942845,2.985708218942845,49.33605188244495,0.01,0.01,0.0001,0.17453292519943295,0.17453292519943295,0.5235987755982988,0.02,solved,0.05127304895689912,0.013108077074495218,-0.8016568397083919,1.0,0.0,0.0,0.0,0.0887820118148752,-2.4056043886761756e-09,0.7770507451061256,-0.7099441932328525,-0.10001342389133205,-0.9999993907634434,-0.0009016276209205459,-0.0006368205204978411,0.7770507451066982,-0.7099441938488429,-0.10001342389249107,-0.9999993879971023,-0.0009046889401880644,-0.0006368228498362623,6.15990636005563e-10,6.15990636005563e-07,6.159917263792602e-10,6.159917263792601e-07,-0.8016568397083919,1.0,0.0,0.0,0.0,0.0887820118148752,-2.4056043886761756e-09,-0.7816568397083918,0.9911269567505964,0.0,0.0,0.0,0.08434171298475893,0.005921508348662586,-0.7616568397083918,0.9711269567505963,0.0,0.0,0.0,0.07855226940988028,0.001184297582406057,-0.7416568397083918,0.9511269567505963,0.0,0.0,0.0,0.0716686532225519,-1.0126763269130255e-05,-0.7119714896917444,0.9311269567505963,0.0,0.0,0.0,0.0639300431692766,-2.471624003962834e-05,-0.6816568397083917,0.9111269567505963,0.0,0.0,0.0,0.05557619868752488,-2.4716245066061077e-05,-0.6676730223556445,0.8911269567505963,0.0,0.0,0.0,0.04684688522821462,-2.4716244689905225e-05,-0.6603405981549418,0.8711269567505963,0.0,0.0,0.0,0.03798186829560137,-2.4716244635808354e-05,-0.6416568397083917,0.8511269567505962,0.0,0.0,0.0,0.029220913443066644,-2.4716244583373793e-05,-0.6216568397083917,0.8311269567505962,0.0,0.0,0.0,0.020803791655070486,-2.4716244554020645e-05,-0.6016568397083917,0.8111269567505962,0.0,0.0,0.0,0.012970828444513244,-2.4716252277635016e-05,-0.6016568397083917,0.7911269567505962,0.0,0.0,0.0,0.006018933744699303,-2.4716152531688498e-05
165,solved,0,lti,1,23,23,23,34,-0.7916568397083918,1.0,0.0,0.0,0.0,0.07672416882097359,-1.8227473516718918e-09,0.2,1.5,-0.1,0.0005608860720579772,0.5544472016708542,0.8322186698361139,-0.00026747407849283075,0.021082087990416654,0.7770507451426286,-0.7099441932886492,-0.1000134238926176,-0.9999993907595179,-0.0009016319038297408,-0.0006368206208752862,1.3569669160774207e-10,1.3569669160774208e-07,1.3569752669031698e-10,1.3569752669031698e-07,1,0.05137419129796126,0.013302693861159759,,20,0.9500557407274111,0.001014291793277162,1.014291793277162,0.002985708206722838,2.985708206722838,49.33605221101245,0.01,0.01,0.0001,0.17453292519943295,0.17453292519943295,0.5235987755982988,0.02,solved,0.05137419129796126,0.013302693861159759,-0.7916568397083918,1.0,0.0,0.0,0.0,0.07672416882097359,-1.8227473516718918e-09,0.7770507451426286,-0.7099441932886492,-0.1000134238926176,-0.9999993907595179,-0.0009016319038297408,-0.0006368206208752862,0.7770507451425638,-0.7099441931529525,-0.10001342389309366,-0.9999993879932142,-0.0009046931677653536,-0.0006368229497116233,1.3569669160774207e-10,1.3569669160774208e-07,1.3569752669031698e-10,1.3569752669031698e-07,-0.7916568397083918,1.0,0.0,0.0,0.0,0.07672416882097359,-1.8227473516718918e-09,-0.7716568397083918,0.9811269567505964,0.0,0.0,0.0,0.07288692550690828,0.005921507633826607,-0.7516568397083918,0.9611269567505963,0.0,0.0,0.0,0.0678837700713946,0.001184296862273276,-0.7219714896917444,0.9411269567505963,0.0,0.0,0.0,0.06193504585908856,-1.0127483811328453e-05,-0.6916568397083918,0.9211269567505963,0.0,0.0,0.0,0.05524744780180851,-2.4716960625120606e-05,-0.6776730223556445,0.9011269567505963,0.0,0.0,0.0,0.04802817265798854,-2.4716965672275188e-05,-0.6703405981549418,0.8811269567505963,0.0,0.0,0.0,0.040484422384471135,-2.4716965338759164e-05,-0.6516568397083917,0.8611269567505963,0.0,0.0,0.0,0.03282339898554445,-2.4716965287099478e-05,-0.6316568397083917,0.8411269567505962,0.0,0.0,0.0,0.0252523045089812,-2.471696525823644e-05,-0.6116568397083917,0.8211269567505962,0.0,0.0,0.0,0.017978345696748926,-2.4716965230063762e-05,-0.5916568397083917,0.8011269567505962,0.0,0.0,0.0,0.011209208507019307,-2.4716972977951468e-05,-0.5916568397083917,0.7811269567505962,0.0,0.0,0.0,0.005201478362289231,-2.4716873209305785e-05
166,solved,0,lti,1,23,23,23,34,-0.7816568397083918,0.9911269567505964,0.0,0.0,0.0,0.06630375247115132,-1.4097512712783221e-09,0.2,1.5,-0.1,0.0005610632941078966,0.5549988719646004,0.8318508676334074,-0.0002671021312139074,0.021082087962221628,0.7770507451708597,-0.7099441933303178,-0.10001342389372496,-0.999999390756579,-0.0009016351024455639,-0.0006368207071932787,2.3409823234143794e-10,2.3409823234143793e-07,2.340984689833042e-10,2.340984689833042e-07,1,0.05108353585732787,0.013399485633293332,,20,0.9500556744503632,0.0010142918020060413,1.0142918020060412,0.002985708197993959,2.985708197993959,49.33605245640347,0.01,0.01,0.0001,0.17453292519943295,0.17453292519943295,0.5235987755982988,0.02,solved,0.05108353585732787,0.013399485633293332,-0.7816568397083918,0.9911269567505964,0.0,0.0,0.0,0.06630375247115132,-1.4097512712783221e-09,0.7770507451708597,-0.7099441933303178,-0.10001342389372496,-0.999999390756579,-0.0009016351024455639,-0.0006368207071932787,0.7770507451707113,-0.7099441930962196,-0.10001342389405782,-0.9999993879902997,-0.0009046963285536027,-0.0006368230356476491,2.3409823234143794e-10,2.3409823234143793e-07,2.340984689833042e-10,2.340984689833042e-07,-0.7816568397083918,0.9911269567505964,0.0,0.0,0.0,0.06630375247115132,-1.4097512712783221e-09,-0.7616568397083918,0.9711269567505963,0.0,0.0,0.0,0.06298767055927763,0.005921507083630406,-0.7319714896917444,0.9511269567505963,0.0,0.0,0.0,0.05866402675370617,0.001184296307947246,-0.7016568397083918,0.9311269567505963,0.0,0.0,0.0,0.053523238110328185,-1.0128038406374062e-05,-0.6876730223556445,0.9111269567505963,0.0,0.0,0.0,0.04774392695409492,-2.471751526709454e-05,-0.6803405981549419,0.8911269567505963,0.0,0.0,0.0,0.04150514928114074,-2.4717520322572687e-05,-0.6616568397083917,0.8711269567505963,0.0,0.0,0.0,0.03498596558105556,-2.4717520025156692e-05,-0.6416568397083917,0.8511269567505962,0.0,0.0,0.0,0.028365436385303783,-2.471751997973087e-05,-0.6216568397083917,0.8311269567505962,0.0,0.0,0.0,0.021822622263592956,-2.471751995881036e-05,-0.6016568397083917,0.8111269567505962,0.0,0.0,0.0,0.015536587842749612,-2.471751993262145e-05,-0.5816568397083917,0.7911269567505962,0.0,0.0,0.0,0.009686811880598455,-2.4717527710064185e-05,-0.5816568397083917,0.7711269567505962,0.0,0.0,0.0,0.004495031239812193,-2.4717427919604906e-05
167,solved,0,lti,1,23,23,23,34,-0.7716568397083918,0.9811269567505964,0.0,0.0,0.0,0.05729847854939868,-1.1243616380737686e-09,0.2,1.5,-0.1,0.0005612162474550993,0.5554754187232018,0.8315327251880801,-0.0002667806066539173,0.021082087939734394,0.7770507451933738,-0.7099441933614342,-0.10001342389467946,-0.9999993907543777,-0.0009016374912984385,-0.0006368207815018046,2.368293827639568e-10,2.368293827639568e-07,2.368295251328779e-10,2.3682952513287788e-07,1,0.05070898247991046,0.013475649569796268,,20,0.9500556243202529,0.0010142918077887244,1.0142918077887244,0.0029857081922112757,2.9857081922112756,49.33605263966928,0.01,0.01,0.0001,0.17453292519943295,0.17453292519943295,0.5235987755982988,0.02,solved,0.05070898247991046,0.013475649569796268,-0.7716568397083918,0.9811269567505964,0.0,0.0,0.0,0.05729847854939868,-1.1243616380737686e-09,0.7770507451933738,-0.7099441933614342,-0.10001342389467946,-0.9999993907543777,-0.0009016374912984385,-0.0006368207815018046,0.7770507451932217,-0.7099441931246049,-0.10001342389493914,-0.9999993879881144,-0.0009046986922414432,-0.000636823109630668,2.368293827639568e-10,2.368293827639568e-07,2.368295251328779e-10,2.3682952513287788e-07,-0.7716568397083918,0.9811269567505964,0.0,0.0,0.0,0.05729847854939868,-1.1243616380737686e-09,-0.7419714896917444,0.9611269567505963,0.0,0.0,0.0,0.05443278176552185,0.005921506645290763,-0.7116568397083918,0.9411269567505963,0.0,0.0,0.0,0.05069636861101408,0.001184295866290514,-0.6976730223556445,0.9211269567505963,0.0,0.0,0.0,0.04625379398653972,-1.0128480317245189e-05,-0.6903405981549419,0.9011269567505963,0.0,0.0,0.0,0.04125942000383133,-2.471795718265076e-05,-0.6716568397083917,0.8811269567505963,0.0,0.0,0.0,0.03586798354583712,-2.471796224589432e-05,-0.6516568397083917,0.8611269567505963,0.0,0.0,0.0,0.030234225379361532,-2.4717961987401285e-05,-0.6316568397083917,0.8411269567505962,0.0,0.0,0.0,0.024512886307961935,-2.4717961950633685e-05,-0.6116568397083917,0.8211269567505962,0.0,0.0,0.0,0.01885870716867209,-2.4717961929354527e-05,-0.5916568397083917,0.8011269567505962,0.0,0.0,0.0,0.013426432304919491,-2.4717961912265512e-05,-0.5716568397083917,0.7811269567505962,0.0,0.0,0.0,0.008371163944692847,-2.47179697031031e-05,-0.5716568397083917,0.7611269567505962,0.0,0.0,0.0,0.003884522989555708,-2.471786989578886e-05
168,solved,0,lti,1,23,23,23,34,-0.7519714896917444,0.9711269567505963,0.0,0.0,0.0,0.04951619573463181,-8.953170367659566e-10,0.2,1.5,-0.1,0.0005613482782560705,0.5558870939809579,0.8312575729639022,-0.00026650268102433936,0.021082087921828054,0.7770507452113005,-0.7099441933846716,-0.10001342389550297,-0.9999993907527284,-0.0009016392754229679,-0.0006368208455351734,2.389378080879329e-10,2.389378080879329e-07,2.3893795897170284e-10,2.3893795897170285e-07,1,0.0504274356189759,0.013578191038778597,,20,0.9500555859484043,0.0010142918110215067,1.0142918110215067,0.0029857081889784936,2.9857081889784935,49.336052776539276,0.01,0.01,0.0001,0.17453292519943295,0.17453292519943295,0.5235987755982988,0.02,solved,0.0504274356189759,0.013578191038778597,-0.7519714896917444,0.9711269567505963,0.0,0.0,0.0,0.04951619573463181,-8.953170367659566e-10,0.7770507452113005,-0.7099441933846716,-0.10001342389550297,-0.9999993907527284,-0.0009016392754229679,-0.0006368208455351734,0.7770507452111465,-0.7099441931457339,-0.10001342389577149,-0.9999993879864745,-0.0009047004601376847,-0.000636823173347891,2.389378080879329e-10,2.389378080879329e-07,2.3893795897170284e-10,2.3893795897170285e-07,-0.7519714896917444,0.9711269567505963,0.0,0.0,0.0,0.04951619573463181,-8.953170367659566e-10,-0.7216568397083918,0.9511269567505963,0.0,0.0,0.0,0.04703971804218874,0.005921506296147339,-0.7076730223556446,0.9311269567505963,0.0,0.0,0.0,0.043810784737299484,0.0011842955145700631,-0.7003405981549419,0.9111269567505963,0.0,0.0,0.0,0.03997160086226886,-1.0128832225235459e-05,-0.6816568397083917,0.8911269567505963,0.0,0.0,0.0,0.03565556305548324,-2.4718309118364375e-05,-0.6616568397083917,0.8711269567505963,0.0,0.0,0.0,0.030996391825467547,-2.471831421448576e-05,-0.6416568397083917,0.8511269567505962,0.0,0.0,0.0,0.026127811037545037,-2.471831393170742e-05,-0.6216568397083917,0.8311269567505962,0.0,0.0,0.0,0.021183544589163973,-2.471831390823084e-05,-0.6016568397083917,0.8111269567505962,0.0,0.0,0.0,0.016297316406979772,-2.4718313905975126e-05,-0.5816568397083917,0.7911269567505962,0.0,0.0,0.0,0.01160285344800099,-2.4718313876312764e-05,-0.5616568397083916,0.7711269567505962,0.0,0.0,0.0,0.0072341919460230915,-2.471832170811611e-05,-0.5616568397083916,0.7511269567505962,0.0,0.0,0.0,0.00335692683972396,-2.4718221871098208e-05
169,solved,0,lti,1,23,23,23,34,-0.7316568397083918,0.9611269567505963,0.0,0.0,0.0,0.04279084731135119,-6.75316970286872e-10,0.2,1.5,-0.1,0.0005614622656148849,0.5562427452358776,0.8310196280695697,-0.0002662624509479619,0.021082087908321716,0.777050745224822,-0.709944193402025,-0.10001342389621339,-0.9999993907514918,-0.0009016406078677504,-0.0006368209006852349,2.4053108946365096e-10,2.40531089463651e-07,2.4053120946436256e-10,2.4053120946436256e-07,1,0.05021613549970039,0.013694635229192417,,20,0.950055556564618,0.0010142918125918556,1.0142918125918556,0.0029857081874081447,2.985708187408145,49.33605287876103,0.01,0.01,0.0001,0.17453292519943295,0.17453292519943295,0.5235987755982988,0.02,solved,0.05021613549970039,0.013694635229192417,-0.7316568397083918,0.9611269567505963,0.0,0.0,0.0,0.04279084731135119,-6.75316970286872e-10,0.777050745224822,-0.709944193402025,-0.10001342389621339,-0.9999993907514918,-0.0009016406078677504,-0.0006368209006852349,0.777050745224667,-0.7099441931614939,-0.10001342389645365,-0.999999387985243,-0.000904701782751885,-0.0006368232282607918,2.4053108946365096e-10,2.40531089463651e-07,2.4053120946436256e-10,2.4053120946436256e-07,-0.7316568397083918,0.9611269567505963,0.0,0.0,0.0,0.04279084731135119,-6.75316970286872e-10,-0.7176730223556446,0.9411269567505963,0.0,0.0,0.0,0.040650727743698135,0.005921506032772332,-0.7103405981549419,0.9211269567505963,0.0,0.0,0.0,0.037860351982464,0.0011842952492511006,-0.6916568397083918,0.9011269567505963,0.0,0.0,0.0,0.03454261061130598,-1.012909766335209e-05,-0.6716568397083917,0.8811269567505963,0.0,0.0,0.0,0.030812782177694415,-2.4718574583190115e-05,-0.6516568397083917,0.8611269567505963,0.0,0.0,0.0,0.026786425111051747,-2.4718579693569896e-05,-0.6316568397083917,0.8411269567505962,0.0,0.0,0.0,0.022579100741964484,-2.471857941517845e-05,-0.6116568397083917,0.8211269567505962,0.0,0.0,0.0,0.018306370429014916,-2.4718579392513858e-05,-0.5916568397083917,0.8011269567505962,0.0,0.0,0.0,0.014083795556205028,-2.4718579393923064e-05,-0.5716568397083917,0.7811269567505962,0.0,0.0,0.0,0.01002694012643107,-2.471857937756409e-05,-0.5516568397083916,0.7611269567505962,0.0,0.0,0.0,0.006251635413119489,-2.471858720413488e-05,-0.5516568397083916,0.7411269567505961,0.0,0.0,0.0,0.0029009850536707888,-2.471848737359265e-05
170,solved,0,lti,1,23,23,23,34,-0.7276730223556446,0.9511269567505963,0.0,0.0,0.0,0.036978911136672316,-5.377817438021518e-10,0.2,1.5,-0.1,0.0005615606881794734,0.5565500092072412,0.8308138787453248,-0.00026605481011553173,0.02108208789756608,0.7770507452355888,-0.7099441934149836,-0.10001342389682659,-0.9999993907505643,-0.000901641603021677,-0.0006368209482340132,2.4176354900604576e-10,2.417635490060458e-07,2.4176365088382054e-10,2.4176365088382056e-07,1,0.05005774865415997,0.013820074484683155,,20,0.9500555345335727,0.0010142918136628568,1.0142918136628567,0.0029857081863371433,2.9857081863371433,49.33605295510359,0.01,0.01,0.0001,0.17453292519943295,0.17453292519943295,0.5235987755982988,0.02,solved,0.05005774865415997,0.013820074484683155,-0.7276730223556446,0.9511269567505963,0.0,0.0,0.0,0.036978911136672316,-5.377817438021518e-10,0.7770507452355888,-0.7099441934149836,-0.10001342389682659,-0.9999993907505643,-0.000901641603021677,-0.0006368209482340132,0.7770507452354319,-0.7099441931732201,-0.10001342389704854,-0.9999993879843171,-0.0009047027725019,-0.0006368232756434227,2.4176354900604576e-10,2.417635490060458e-07,2.4176365088382054e-10,2.4176365088382056e-07,-0.7276730223556446,0.9511269567505963,0.0,0.0,0.0,0.036978911136672316,-5.377817438021518e-10,-0.7203405981549419,0.9311269567505963,0.0,0.0,0.0,0.03512946676662571,0.005921505823106376,-0.7016568397083918,0.9111269567505963,0.0,0.0,0.0,0.03271808526834358,0.0011842950380054902,-0.6816568397083917,0.8911269567505963,0.0,0.0,0.0,0.02985096598646565,-1.0129309036708288e-05,-0.6616568397083917,0.8711269567505963,0.0,0.0,0.0,0.026627730110916348,-2.471878596489157e-05,-0.6416568397083917,0.8511269567505962,0.0,0.0,0.0,0.023148240699610297,-2.4718791064679117e-05,-0.6216568397083917,0.8311269567505962,0.0,0.0,0.0,0.019512363317771193,-2.4718790812842236e-05,-0.6016568397083917,0.8111269567505962,0.0,0.0,0.0,0.01581996355496843,-2.471879080424485e-05,-0.5816568397083917,0.7911269567505962,0.0,0.0,0.0,0.01217090702285389,-2.4718790785849193e-05,-0.5616568397083916,0.7711269567505962,0.0,0.0,0.0,0.008665061596352903,-2.4718790794421543e-05,-0.5416568397083916,0.7511269567505962,0.0,0.0,0.0,0.0054025261197705905,-2.4718798611175175e-05,-0.5416568397083916,0.7311269567505961,0.0,0.0,0.0,0.0025069676156821816,-2.47186987671434e-05
171,solved,0,lti,1,23,23,23,34,-0.7303405981549419,0.9411269567505963,0.0,0.0,0.0,0.03195633835558907,-4.5083766366995355e-10,0.2,1.5,-0.1,0.0005616456808798575,0.5568154784792658,0.8306359833226212,-0.0002658753423001405,0.021082087888549327,0.7770507452446143,-0.709944193424661,-0.10001342389735537,-0.9999993907498681,-0.0009016423462878278,-0.0006368209892370867,2.427408782733052e-10,2.427408782733052e-07,2.427409575454435e-10,2.427409575454435e-07,1,0.04993913511011026,0.013963758222703215,,20,0.9500555176439552,0.001014291813955112,1.014291813955112,0.002985708186044888,2.9857081860448877,49.33605301212093,0.01,0.01,0.0001,0.17453292519943295,0.17453292519943295,0.5235987755982988,0.02,solved,0.04993913511011026,0.013963758222703215,-0.7303405981549419,0.9411269567505963,0.0,0.0,0.0,0.03195633835558907,-4.5083766366995355e-10,0.7770507452446143,-0.709944193424661,-0.10001342389735537,-0.9999993907498681,-0.0009016423462878278,-0.0006368209892370867,0.7770507452444572,-0.7099441931819201,-0.10001342389755155,-0.999999387983621,-0.0009047035134257957,-0.0006368233164483534,2.427408782733052e-10,2.427408782733052e-07,2.427409575454435e-10,2.427409575454435e-07,-0.7303405981549419,0.9411269567505963,0.0,0.0,0.0,0.03195633835558907,-4.5083766366995355e-10,-0.7116568397083918,0.9211269567505963,0.0,0.0,0.0,0.030358090369656848,0.005921505647242607,-0.6916568397083918,0.9011269567505963,0.0,0.0,0.0,0.028274229033524428,0.0011842948608462086,-0.6716568397083917,0.8811269567505963,0.0,0.0,0.0,0.025796529417609872,-1.0129486280914645e-05,-0.6516568397083917,0.8611269567505963,0.0,0.0,0.0,0.023011081899777533,-2.471896320530101e-05,-0.6316568397083917,0.8411269567505962,0.0,0.0,0.0,0.020004185874828388,-2.4718968334820395e-05,-0.6116568397083917,0.8211269567505962,0.0,0.0,0.0,0.016862142904443413,-2.471896805699757e-05,-0.5916568397083917,0.8011269567505962,0.0,0.0,0.0,0.01367125457144091,-2.47189680563595e-05,-0.5716568397083917,0.7811269567505962,0.0,0.0,0.0,0.01051782247779646,-2.4718968052355795e-05,-0.5516568397083916,0.7611269567505962,0.0,0.0,0.0,0.007488150181409124,-2.4718968038060667e-05,-0.5316568397083916,0.7411269567505961,0.0,0.0,0.0,0.004668740838724603,-2.4718975892658207e-05,-0.5316568397083916,0.7211269567505961,0.0,0.0,0.0,0.0021664646925096042,-2.471887603678729e-05
172,solved,0,lti,1,23,23,23,34,-0.7216568397083918,0.9311269567505963,0.0,0.0,0.0,0.027615931596422883,-3.2227399060165934e-10,0.2,1.5,-0.1,0.0005617190834149217,0.5570448451088411,0.8304821818691229,-0.0002657202284767117,0.021082087882103848,0.7770507452510662,-0.709944193431888,-0.1000134238978124,-0.9999993907493449,-0.0009016429014251905,-0.0006368210246053418,2.4346441089811906e-10,2.4346441089811903e-07,2.434644691233671e-10,2.4346446912336706e-07,1,0.049850368268524216,0.014129414206208455,,20,0.9500555043868611,0.0010142918134268845,1.0142918134268846,0.0029857081865731156,2.9857081865731154,49.33605305470626,0.01,0.01,0.0001,0.17453292519943295,0.17453292519943295,0.5235987755982988,0.02,solved,0.049850368268524216,0.014129414206208455,-0.7216568397083918,0.9311269567505963,0.0,0.0,0.0,0.027615931596422883,-3.2227399060165934e-10,0.7770507452510662,-0.709944193431888,-0.1000134238978124,-0.9999993907493449,-0.0009016429014251905,-0.0006368210246053418,0.7770507452509084,-0.7099441931884236,-0.10001342389798078,-0.9999993879830964,-0.0009047040683149882,-0.0006368233516487331,2.4346441089811906e-10,2.4346441089811903e-07,2.434644691233671e-10,2.4346446912336706e-07,-0.7216568397083918,0.9311269567505963,0.0,0.0,0.0,0.027615931596422883,-3.2227399060165934e-10,-0.7016568397083918,0.9111269567505963,0.0,0.0,0.0,0.026234762494138784,0.00592150552155501,-0.6816568397083917,0.8911269567505963,0.0,0.0,0.0,0.024433937520556982,0.001184294734213822,-0.6616568397083917,0.8711269567505963,0.0,0.0,0.0,0.022292766577494266,-1.0129612956066758e-05,-0.6416568397083917,0.8511269567505962,0.0,0.0,0.0,0.019885646986340356,-2.471908990735997e-05,-0.6216568397083917,0.8311269567505962,0.0,0.0,0.0,0.017287156696166824,-2.4719095026073722e-05,-0.6016568397083917,0.8111269567505962,0.0,0.0,0.0,0.014571875528691934,-2.471909474466123e-05,-0.5816568397083917,0.7911269567505962,0.0,0.0,0.0,0.011814383323963278,-2.4719094769671414e-05,-0.5616568397083916,0.7711269567505962,0.0,0.0,0.0,0.009089259938632351,-2.4719094754887694e-05,-0.5416568397083916,0.7511269567505962,0.0,0.0,0.0,0.006471086919648338,-2.47190947432176e-05,-0.5216568397083916,0.7311269567505961,0.0,0.0,0.0,0.004034618302450269,-2.4719102590654452e-05,-0.5216568397083916,0.7111269567505961,0.0,0.0,0.0,0.0018722088893025272,-2.471900275197002e-05
173,solved,0,lti,1,23,23,23,34,-0.7116568397083918,0.9211269567505963,0.0,0.0,0.0,0.023865041338135638,-2.845231851973987e-10,0.2,1.5,-0.1,0.0005617824816606098,0.5572430241599972,0.8303492192381784,-0.00026558616641960553,0.021082087876413386,0.7770507452567614,-0.7099441934372845,-0.10001342389820675,-0.9999993907489516,-0.0009016433160493233,-0.0006368210551282568,2.4405449395391505e-10,2.4405449395391507e-07,2.4405454657226007e-10,2.4405454657226006e-07,1,0.04978397324584866,0.014306918969922384,,20,0.9500554946750788,0.001014291813250797,1.014291813250797,0.002985708186749203,2.985708186749203,49.33605308651271,0.01,0.01,0.0001,0.17453292519943295,0.17453292519943295,0.5235987755982988,0.02,solved,0.04978397324584866,0.014306918969922384,-0.7116568397083918,0.9211269567505963,0.0,0.0,0.0,0.023865041338135638,-2.845231851973987e-10,0.7770507452567614,-0.7099441934372845,-0.10001342389820675,-0.9999993907489516,-0.0009016433160493233,-0.0006368210551282568,0.7770507452566042,-0.7099441931932301,-0.10001342389836701,-0.999999387982701,-0.0009047044839681915,-0.0006368233820168661,2.4405449395391505e-10,2.4405449395391507e-07,2.4405454657226007e-10,2.4405454657226006e-07,-0.7116568397083918,0.9211269567505963,0.0,0.0,0.0,0.023865041338135638,-2.845231851973987e-10,-0.6916568397083918,0.9011269567505963,0.0,0.0,0.0,0.02267146734391775,0.005921505410523158,-0.6716568397083917,0.8811269567505963,0.0,0.0,0.0,0.021115236574700727,0.0011842946223902734,-0.6516568397083917,0.8611269567505963,0.0,0.0,0.0,0.019264886790069026,-1.0129724830145268e-05,-0.6316568397083917,0.8411269567505962,0.0,0.0,0.0,0.017184710412606656,-2.4719201763214814e-05,-0.6116568397083917,0.8211269567505962,0.0,0.0,0.0,0.014939155959146959,-2.4719206899755766e-05,-0.5916568397083917,0.8011269567505962,0.0,0.0,0.0,0.012592673564870248,-2.4719206638482135e-05,-0.5716568397083917,0.7811269567505962,0.0,0.0,0.0,0.010209713380837926,-2.471920664754995e-05,-0.5516568397083916,0.7611269567505962,0.0,0.0,0.0,0.007854725572490747,-2.471920663082367e-05,-0.5316568397083916,0.7411269567505961,0.0,0.0,0.0,0.00559216176600826,-2.4719206626242143e-05,-0.5116568397083916,0.7211269567505961,0.0,0.0,0.0,0.003486622648096759,-2.4719214483772267e-05,-0.5116568397083916,0.7011269567505961,0.0,0.0,0.0,0.001617919075891618,-2.471911463558965e-05
174,solved,0,lti,1,23,23,23,34,-0.7016568397083918,0.9111269567505963,0.0,0.0,0.0,0.020623601050233975,-2.3214856356032072e-10,0.2,1.5,-0.1,0.0005618372431443994,0.5574142602183925,0.8302342780020673,-0.0002654703009945121,0.021082087871770416,0.7770507452614082,-0.7099441934413139,-0.10001342389854692,-0.9999993907486556,-0.0009016436256945502,-0.0006368210814487184,2.445190119594504e-10,2.445190119594504e-07,2.4451903444982464e-10,2.4451903444982464e-07,1,0.04973433115210571,0.01449408882109495,,20,0.9500554868492445,0.0010142918124542721,1.0142918124542721,0.002985708187545728,2.985708187545728,49.33605311026842,0.01,0.01,0.0001,0.17453292519943295,0.17453292519943295,0.5235987755982988,0.02,solved,0.04973433115210571,0.01449408882109495,-0.7016568397083918,0.9111269567505963,0.0,0.0,0.0,0.020623601050233975,-2.3214856356032072e-10,0.7770507452614082,-0.7099441934413139,-0.10001342389854692,-0.9999993907486556,-0.0009016436256945502,-0.0006368210814487184,0.7770507452612497,-0.7099441931967949,-0.1000134238986518,-0.9999993879824026,-0.0009047047955114706,-0.0006368234082472011,2.445190119594504e-10,2.445190119594504e-07,2.4451903444982464e-10,2.4451903444982464e-07,-0.7016568397083918,0.9111269567505963,0.0,0.0,0.0,0.020623601050233975,-2.3214856356032072e-10,-0.6816568397083917,0.8911269567505963,0.0,0.0,0.0,0.019592142794422878,0.005921505320021618,-0.6616568397083917,0.8711269567505963,0.0,0.0,0.0,0.01824728518070049,0.0011842945311925947,-0.6416568397083917,0.8511269567505962,0.0,0.0,0.0,0.01664825691049219,-1.0129816083297575e-05,-0.6216568397083917,0.8311269567505962,0.0,0.0,0.0,0.014850617965937944,-2.4719293027351243e-05,-0.6016568397083917,0.8111269567505962,0.0,0.0,0.0,0.012910063222137285,-2.4719298156107722e-05,-0.5816568397083917,0.7911269567505962,0.0,0.0,0.0,0.010882288952757984,-2.471929789578288e-05,-0.5616568397083916,0.7711269567505962,0.0,0.0,0.0,0.008822991445219027,-2.4719297886968576e-05,-0.5416568397083916,0.7511269567505962,0.0,0.0,0.0,0.006787866999385822,-2.4719297900385053e-05,-0.5216568397083916,0.7311269567505961,0.0,0.0,0.0,0.004832613177473773,-2.471929788554502e-05,-0.5016568397083916,0.7111269567505961,0.0,0.0,0.0,0.0030130563562689393,-2.4719305760321652e-05,-0.5016568397083916,0.6911269567505961,0.0,0.0,0.0,0.0013981671799923865,-2.4719205897846294e-05
175,solved,0,lti,1,23,23,23,34,-0.6916568397083918,0.9011269567505963,0.0,0.0,0.0,0.01782242347238126,-2.122080371446259e-10,0.2,1.5,-0.1,0.0005618845474623208,0.5575622192336283,0.8301349200869116,-0.00026537016376616037,0.021082087867526255,0.7770507452656549,-0.7099441934443219,-0.10001342389884112,-0.9999993907484326,-0.0009016438569301868,-0.0006368211042024445,2.4490747905809634e-10,2.4490747905809635e-07,2.449075158253641e-10,2.449075158253641e-07,1,0.04969722551318305,0.014690114536761759,,20,0.9500554807481836,0.001014291811560683,1.0142918115606832,0.002985708188439317,2.9857081884393173,49.336053128009354,0.01,0.01,0.0001,0.17453292519943295,0.17453292519943295,0.5235987755982988,0.02,solved,0.04969722551318305,0.014690114536761759,-0.6916568397083918,0.9011269567505963,0.0,0.0,0.0,0.01782242347238126,-2.122080371446259e-10,0.7770507452656549,-0.7099441934443219,-0.10001342389884112,-0.9999993907484326,-0.0009016438569301868,-0.0006368211042024445,0.7770507452654962,-0.7099441931994145,-0.10001342389897531,-0.9999993879821769,-0.0009047050291322193,-0.0006368234308871573,2.4490747905809634e-10,2.4490747905809635e-07,2.449075158253641e-10,2.449075158253641e-07,-0.6916568397083918,0.9011269567505963,0.0,0.0,0.0,0.01782242347238126,-2.122080371446259e-10,-0.6716568397083917,0.8811269567505963,0.0,0.0,0.0,0.01693106188123116,0.005921505237236204,-0.6516568397083917,0.8611269567505963,0.0,0.0,0.0,0.015768868050284112,0.0011842944478168396,-0.6316568397083917,0.8411269567505962,0.0,0.0,0.0,0.01438702600868542,-1.012989951145448e-05,-0.6116568397083917,0.8211269567505962,0.0,0.0,0.0,0.012833549365966609,-2.4719376463796777e-05,-0.5916568397083917,0.8011269567505962,0.0,0.0,0.0,0.011156568302944281,-2.471938158237663e-05,-0.5716568397083917,0.7811269567505962,0.0,0.0,0.0,0.009404214209066012,-2.47193813322781e-05,-0.5516568397083916,0.7611269567505962,0.0,0.0,0.0,0.007624618485679289,-2.471938133777353e-05,-0.5316568397083916,0.7411269567505961,0.0,0.0,0.0,0.005865912544900823,-2.4719381330717225e-05,-0.5116568397083916,0.7211269567505961,0.0,0.0,0.0,0.0041762288897492,-2.4719381327535857e-05,-0.4916568397083916,0.7011269567505961,0.0,0.0,0.0,0.002603811341724434,-2.4719389205313033e-05,-0.4916568397083916,0.6811269567505961,0.0,0.0,0.0,0.0012082626842823201,-2.4719289312551003e-05
176,solved,0,lti,1,23,23,23,34,-0.6816568397083917,0.8911269567505963,0.0,0.0,0.0,0.015401709278040911,-1.1737714559674372e-10,0.2,1.5,-0.1,0.0005619254123389871,0.5576900675870896,0.8300490361292754,-0.0002652836207945662,0.021082087865178713,0.7770507452680048,-0.7099441934465694,-0.10001342389909527,-0.9999993907482645,-0.0009016440296931945,-0.0006368211238240914,2.451644954191178e-10,2.451644954191178e-07,2.451645281603063e-10,2.451645281603063e-07,1,0.049669496947978016,0.014894448815696437,,20,0.9500554756848655,0.0010142918103040932,1.0142918103040932,0.0029857081896959067,2.985708189695907,49.33605314125779,0.01,0.01,0.0001,0.17453292519943295,0.17453292519943295,0.5235987755982988,0.02,solved,0.049669496947978016,0.014894448815696437,-0.6816568397083917,0.8911269567505963,0.0,0.0,0.0,0.015401709278040911,-1.1737714559674372e-10,0.7770507452680048,-0.7099441934465694,-0.10001342389909527,-0.9999993907482645,-0.0009016440296931945,-0.0006368211238240914,0.7770507452678465,-0.709944193201405,-0.10001342389922198,-0.9999993879820057,-0.0009047052044284001,-0.0006368234504175514,2.451644954191178e-10,2.451644954191178e-07,2.451645281603063e-10,2.451645281603063e-07,-0.6816568397083917,0.8911269567505963,0.0,0.0,0.0,0.015401709278040911,-1.1737714559674372e-10,-0.6616568397083917,0.8711269567505963,0.0,0.0,0.0,0.014631416050509136,0.0059215051914118305,-0.6416568397083917,0.8511269567505962,0.0,0.0,0.0,0.013627076122059602,0.0011842944016524028,-0.6216568397083917,0.8311269567505962,0.0,0.0,0.0,0.012432921498343874,-1.0129945669495332e-05,-0.6016568397083917,0.8111269567505962,0.0,0.0,0.0,0.011090444384698238,-2.4719422617047974e-05,-0.5816568397083917,0.7911269567505962,0.0,0.0,0.0,0.009641237724566817,-2.471942774044989e-05,-0.5616568397083916,0.7711269567505962,0.0,0.0,0.0,0.008126895505877193,-2.471942751085053e-05,-0.5416568397083916,0.7511269567505962,0.0,0.0,0.0,0.0065890117268516575,-2.4719427496561146e-05,-0.5216568397083916,0.7311269567505961,0.0,0.0,0.0,0.005069180395027269,-2.4719427491005724e-05,-0.5016568397083916,0.7111269567505961,0.0,0.0,0.0,0.0036089964606783867,-2.471942749383669e-05,-0.48165683970839157,0.6911269567505961,0.0,0.0,0.0,0.0022501510728346577,-2.471943536110932e-05,-0.48165683970839157,0.6711269567505961,0.0,0.0,0.0,0.0010441515219462485,-2.471933551074187e-05
177,solved,0,lti,1,23,23,23,34,-0.6716568397083917,0.8811269567505963,0.0,0.0,0.0,0.013309783305322948,-1.5219114139638386e-10,0.2,1.5,-0.1,0.0005619607160366913,0.5578005403750511,0.8299748014378103,-0.00026520882739031307,0.02108208786213489,0.7770507452710499,-0.709944193448247,-0.10001342389931425,-0.9999993907481374,-0.000901644158739733,-0.0006368211407652154,2.4542095767523655e-10,2.454209576752366e-07,2.454210000897895e-10,2.454210000897895e-07,1,0.04964877909042734,0.015106746997215597,,20,0.9500554724400615,0.0010142918099890464,1.0142918099890463,0.0029857081900109537,2.985708190010954,49.33605315115606,0.01,0.01,0.0001,0.17453292519943295,0.17453292519943295,0.5235987755982988,0.02,solved,0.04964877909042734,0.015106746997215597,-0.6716568397083917,0.8811269567505963,0.0,0.0,0.0,0.013309783305322948,-1.5219114139638386e-10,0.7770507452710499,-0.709944193448247,-0.10001342389931425,-0.9999993907481374,-0.000901644158739733,-0.0006368211407652154,0.7770507452708904,-0.7099441932028261,-0.10001342389945854,-0.9999993879818758,-0.0009047053361101754,-0.0006368234672942058,2.4542095767523655e-10,2.454209576752366e-07,2.454210000897895e-10,2.454210000897895e-07,-0.6716568397083917,0.8811269567505963,0.0,0.0,0.0,0.013309783305322948,-1.5219114139638386e-10,-0.6516568397083917,0.8611269567505963,0.0,0.0,0.0,0.012644114595401844,0.005921505132113002,-0.6316568397083917,0.8411269567505962,0.0,0.0,0.0,0.01177618840781839,0.0011842943418865946,-0.6116568397083917,0.8211269567505962,0.0,0.0,0.0,0.010744228968173139,-1.0130005486538218e-05,-0.5916568397083917,0.8011269567505962,0.0,0.0,0.0,0.009584092833121978,-2.471948242265023e-05,-0.5716568397083917,0.7811269567505962,0.0,0.0,0.0,0.008331723614751466,-2.4719487572247416e-05,-0.5516568397083916,0.7611269567505962,0.0,0.0,0.0,0.007023065827774217,-2.471948731785967e-05,-0.5316568397083916,0.7411269567505961,0.0,0.0,0.0,0.005694063995806429,-2.4719487316933536e-05,-0.5116568397083916,0.7211269567505961,0.0,0.0,0.0,0.004380662650519248,-2.4719487323796888e-05,-0.4916568397083916,0.7011269567505961,0.0,0.0,0.0,0.0031188071382785795,-2.4719487299521635e-05,-0.47165683970839156,0.6811269567505961,0.0,0.0,0.0,0.0019445259380819599,-2.471949518764381e-05,-0.47165683970839156,0.6611269567505961,0.0,0.0,0.0,0.0009023304000502451,-2.4719395313351804e-05
178,solved,0,lti,1,23,23,23,34,-0.6616568397083917,0.8711269567505963,0.0,0.0,0.0,0.011501993941796976,-1.170705300289744e-10,0.2,1.5,-0.1,0.0005619912166226296,0.5578960003364852,0.8299106377634788,-0.00026514418894864024,0.02108208785979348,0.7770507452733925,-0.7099441934494993,-0.10001342389950328,-0.999999390748041,-0.0009016442551479596,-0.0006368211553804937,2.456194652940169e-10,2.456194652940169e-07,2.45619483884117e-10,2.4561948388411703e-07,1,0.049633301127271275,0.015326822546830094,,20,0.9500554691737085,0.0010142918087751994,1.0142918087751995,0.002985708191224801,2.9857081912248007,49.3360531585496,0.01,0.01,0.0001,0.17453292519943295,0.17453292519943295,0.5235987755982988,0.02,solved,0.049633301127271275,0.015326822546830094,-0.6616568397083917,0.8711269567505963,0.0,0.0,0.0,0.011501993941796976,-1.170705300289744e-10,0.7770507452733925,-0.7099441934494993,-0.10001342389950328,-0.999999390748041,-0.0009016442551479596,-0.0006368211553804937,0.7770507452732333,-0.7099441932038799,-0.10001342389959884,-0.9999993879817772,-0.0009047054350300221,-0.0006368234818551088,2.456194652940169e-10,2.456194652940169e-07,2.45619483884117e-10,2.4561948388411703e-07,-0.6616568397083917,0.8711269567505963,0.0,0.0,0.0,0.011501993941796976,-1.170705300289744e-10,-0.6416568397083917,0.8511269567505962,0.0,0.0,0.0,0.01092673908630264,0.005921505086412224,-0.6216568397083917,0.8311269567505962,0.0,0.0,0.0,0.010176698193491205,0.0011842942958755563,-0.6016568397083917,0.8111269567505962,0.0,0.0,0.0,0.00928490371783997,-1.0130051539013703e-05,-0.5816568397083917,0.7911269567505962,0.0,0.0,0.0,0.008282342031377034,-2.4719528473514073e-05,-0.5616568397083916,0.7711269567505962,0.0,0.0,0.0,0.007200074737337884,-2.4719533615484415e-05,-0.5416568397083916,0.7511269567505962,0.0,0.0,0.0,0.00606916421899101,-2.4719533352785156e-05,-0.5216568397083916,0.7311269567505961,0.0,0.0,0.0,0.0049206728673040325,-2.471953336494057e-05,-0.5016568397083916,0.7111269567505961,0.0,0.0,0.0,0.003785663080209015,-2.4719533345550153e-05,-0.48165683970839157,0.6911269567505961,0.0,0.0,0.0,0.002695197959679944,-2.4719533361056088e-05,-0.46165683970839155,0.6711269567505961,0.0,0.0,0.0,0.0016804124489090716,-2.47195412350432e-05,-0.46165683970839155,0.6511269567505961,0.0,0.0,0.0,0.0007797721838450064,-2.4719441359322406e-05
179,solved,0,lti,1,23,23,23,34,-0.6516568397083917,0.8611269567505963,0.0,0.0,0.0,0.009939741971336014,-4.394522571640221e-11,0.2,1.5,-0.1,0.0005620175684946262,0.5579784885563722,0.8298551802409732,-0.00026508832716210635,0.021082087858914574,0.7770507452742724,-0.709944193450436,-0.10001342389966746,-0.9999993907479681,-0.0009016443271796831,-0.0006368211680202542,2.457297104891688e-10,2.457297104891688e-07,2.4572973613695246e-10,2.457297361369525e-07,1,0.04962173924470771,0.015554613459680185,,20,0.9500554666899772,0.001014291807816582,1.014291807816582,0.002985708192183418,2.9857081921834183,49.33605316407314,0.01,0.01,0.0001,0.17453292519943295,0.17453292519943295,0.5235987755982988,0.02,solved,0.04962173924470771,0.015554613459680185,-0.6516568397083917,0.8611269567505963,0.0,0.0,0.0,0.009939741971336014,-4.394522571640221e-11,0.7770507452742724,-0.709944193450436,-0.10001342389966746,-0.9999993907479681,-0.0009016443271796831,-0.0006368211680202542,0.7770507452741131,-0.7099441932047064,-0.10001342389977973,-0.9999993879817017,-0.00090470550949448,-0.000636823494448502,2.457297104891688e-10,2.457297104891688e-07,2.4572973613695246e-10,2.457297361369525e-07,-0.6516568397083917,0.8611269567505963,0.0,0.0,0.0,0.009939741971336014,-4.394522571640221e-11,-0.6316568397083917,0.8411269567505962,0.0,0.0,0.0,0.009442620788503652,0.0059215050692622085,-0.6116568397083917,0.8211269567505962,0.0,0.0,0.0,0.008794453785344132,0.0011842942785958975,-0.5916568397083917,0.8011269567505962,0.0,0.0,0.0,0.008023786801449362,-1.0130068802591414e-05,-0.5716568397083917,0.7811269567505962,0.0,0.0,0.0,0.007157397501974798,-2.4719545763014993e-05,-0.5516568397083916,0.7611269567505962,0.0,0.0,0.0,0.006222128565048509,-2.4719550880395196e-05,-0.5316568397083916,0.7411269567505961,0.0,0.0,0.0,0.0052448233428880895,-2.4719550631377152e-05,-0.5116568397083916,0.7211269567505961,0.0,0.0,0.0,0.004252325194367344,-2.4719550645666056e-05,-0.4916568397083916,0.7011269567505961,0.0,0.0,0.0,0.0032714774843810184,-2.4719550644543463e-05,-0.47165683970839156,0.6811269567505961,0.0,0.0,0.0,0.0023291241862412764,-2.4719550622560878e-05,-0.45165683970839154,0.6611269567505961,0.0,0.0,0.0,0.001452171356685646,-2.4719558508718977e-05,-0.45165683970839154,0.641126956750596,0.0,0.0,0.0,0.0006738600579043777,-2.471945866528911e-05
180,solved,0,lti,1,23,23,23,34,-0.6416568397083917,0.8511269567505962,0.0,0.0,0.0,0.008589683399826475,-4.840087588519601e-11,0.2,1.5,-0.1,0.0005620403366692738,0.5580497684304875,0.8298072485939798,-0.00026504005065443456,0.021082087857946557,0.7770507452752412,-0.7099441934511344,-0.10001342389980925,-0.9999993907479127,-0.0009016443809678312,-0.0006368211789386626,2.4582896419108954e-10,2.4582896419108955e-07,2.458289778084325e-10,2.458289778084325e-07,1,0.049613102907415184,0.01579015637144275,,20,0.9500554654026994,0.0010142918077606126,1.0142918077606127,0.0029857081922393877,2.9857081922393878,49.33605316820004,0.01,0.01,0.0001,0.17453292519943295,0.17453292519943295,0.5235987755982988,0.02,solved,0.049613102907415184,0.01579015637144275,-0.6416568397083917,0.8511269567505962,0.0,0.0,0.0,0.008589683399826475,-4.840087588519601e-11,0.7770507452752412,-0.7099441934511344,-0.10001342389980925,-0.9999993907479127,-0.0009016443809678312,-0.0006368211789386626,0.7770507452750822,-0.7099441932053054,-0.10001342389989107,-0.9999993879816441,-0.0009047055655853279,-0.0006368235053017575,2.4582896419108954e-10,2.4582896419108955e-07,2.458289778084325e-10,2.458289778084325e-07,-0.6416568397083917,0.8511269567505962,0.0,0.0,0.0,0.008589683399826475,-4.840087588519601e-11,-0.6216568397083917,0.8311269567505962,0.0,0.0,0.0,0.008160083357365745,0.005921505050359874,-0.6016568397083917,0.8111269567505962,0.0,0.0,0.0,0.007599953188590139,0.0011842942595543836,-0.5816568397083917,0.7911269567505962,0.0,0.0,0.0,0.006933961514187141,-1.0130087849898655e-05,-0.5616568397083916,0.7711269567505962,0.0,0.0,0.0,0.006185248941471169,-2.4719564797058042e-05,-0.5416568397083916,0.7511269567505962,0.0,0.0,0.0,0.005377012260388701,-2.4719569934133492e-05,-0.5216568397083916,0.7311269567505961,0.0,0.0,0.0,0.0045324488434204,-2.471956967101222e-05,-0.5016568397083916,0.7111269567505961,0.0,0.0,0.0,0.0036747560688011305,-2.4719569676503173e-05,-0.48165683970839157,0.6911269567505961,0.0,0.0,0.0,0.002827131319970283,-2.4719569671796387e-05,-0.46165683970839155,0.6711269567505961,0.0,0.0,0.0,0.002012772506147809,-2.471956968475992e-05,-0.44165683970839154,0.6511269567505961,0.0,0.0,0.0,0.0012549311875414513,-2.4719577570920962e-05,-0.44165683970839154,0.631126956750596,0.0,0.0,0.0,0.0005823334820734349,-2.4719477687783553e-05
181,solved,0,lti,1,23,23,23,34,-0.6316568397083917,0.8411269567505962,0.0,0.0,0.0,0.007422993023066872,-1.1686962979733544e-10,0.2,1.5,-0.1,0.0005620600090252798,0.5581113634271488,0.8297658223124887,-0.00026499832970929883,0.021082087855609163,0.7770507452775791,-0.7099441934516545,-0.10001342389993037,-0.9999993907478704,-0.0009016444211171738,-0.0006368211883462198,2.459807325839079e-10,2.4598073258390787e-07,2.4598074019744677e-10,2.459807401974468e-07,1,0.04960665241733932,0.016033568135718462,,20,0.9500554642384662,0.0010142918074818508,1.0142918074818508,0.002985708192518149,2.9857081925181492,49.3360531712817,0.01,0.01,0.0001,0.17453292519943295,0.17453292519943295,0.5235987755982988,0.02,solved,0.04960665241733932,0.016033568135718462,-0.6316568397083917,0.8411269567505962,0.0,0.0,0.0,0.007422993023066872,-1.1686962979733544e-10,0.7770507452775791,-0.7099441934516545,-0.10001342389993037,-0.9999993907478704,-0.0009016444211171738,-0.0006368211883462198,0.7770507452774187,-0.7099441932056738,-0.10001342389999157,-0.9999993879815997,-0.0009047056079192354,-0.000636823514691792,2.459807325839079e-10,2.4598073258390787e-07,2.4598074019744677e-10,2.459807401974468e-07,-0.6316568397083917,0.8411269567505962,0.0,0.0,0.0,0.007422993023066872,-1.1686962979733544e-10,-0.6116568397083917,0.8211269567505962,0.0,0.0,0.0,0.007051743237717043,0.005921505004833547,-0.5916568397083917,0.8011269567505962,0.0,0.0,0.0,0.006567692529250926,0.0011842942136524271,-0.5716568397083917,0.7811269567505962,0.0,0.0,0.0,0.005992158912636202,-1.0130133767267594e-05,-0.5516568397083916,0.7611269567505962,0.0,0.0,0.0,0.005345139931275253,-2.471961072907109e-05,-0.5316568397083916,0.7411269567505961,0.0,0.0,0.0,0.0046466816802176285,-2.471961586920603e-05,-0.5116568397083916,0.7211269567505961,0.0,0.0,0.0,0.003916830757926252,-2.4719615603409765e-05,-0.4916568397083916,0.7011269567505961,0.0,0.0,0.0,0.003175633767837738,-2.4719615594668585e-05,-0.47165683970839156,0.6811269567505961,0.0,0.0,0.0,0.0024431373178874006,-2.4719615625526856e-05,-0.45165683970839154,0.6611269567505961,0.0,0.0,0.0,0.001739388470377874,-2.4719615601677126e-05,-0.4316568397083915,0.641126956750596,0.0,0.0,0.0,0.001084480651475635,-2.471962350370625e-05,-0.4316568397083915,0.621126956750596,0.0,0.0,0.0,0.0005032382654020128,-2.4719523603067535e-05
182,solved,0,lti,1,23,23,23,34,-0.6216568397083917,0.8311269567505962,0.0,0.0,0.0,0.0064147699494427534,-1.849701517482127e-11,0.2,1.5,-0.1,0.0005620770069020708,0.558164589847439,0.8297300190452747,-0.0002649622743075423,0.021082087855239223,0.7770507452779493,-0.7099441934520447,-0.10001342390003645,-0.9999993907478382,-0.0009016444511344896,-0.0006368211964916874,2.460325790512596e-10,2.460325790512596e-07,2.460325950778847e-10,2.460325950778847e-07,1,0.04960183452686036,0.016285031412202465,,20,0.9500554623141828,0.00101429180604907,1.01429180604907,0.00298570819395093,2.9857081939509302,49.336053173581924,0.01,0.01,0.0001,0.17453292519943295,0.17453292519943295,0.5235987755982988,0.02,solved,0.04960183452686036,0.016285031412202465,-0.6216568397083917,0.8311269567505962,0.0,0.0,0.0,0.0064147699494427534,-1.849701517482127e-11,0.7770507452779493,-0.7099441934520447,-0.10001342390003645,-0.9999993907478382,-0.0009016444511344896,-0.0006368211964916874,0.7770507452777903,-0.7099441932060122,-0.10001342390012526,-0.9999993879815657,-0.0009047056397769609,-0.0006368235228133919,2.460325790512596e-10,2.460325790512596e-07,2.460325950778847e-10,2.460325950778847e-07,-0.6216568397083917,0.8311269567505962,0.0,0.0,0.0,0.0064147699494427534,-1.849701517482127e-11,-0.6016568397083917,0.8111269567505962,0.0,0.0,0.0,0.006093944918387532,0.005921504997542344,-0.5816568397083917,0.7911269567505962,0.0,0.0,0.0,0.005675640074338998,0.0011842942063635111,-0.5616568397083916,0.7711269567505962,0.0,0.0,0.0,0.005178277927106597,-1.0130141077461138e-05,-0.5416568397083916,0.7511269567505962,0.0,0.0,0.0,0.004619139867100459,-2.4719618014695028e-05,-0.5216568397083916,0.7311269567505961,0.0,0.0,0.0,0.00401554924188377,-2.47196231634621e-05,-0.5016568397083916,0.7111269567505961,0.0,0.0,0.0,0.003384829834058316,-2.4719622906078343e-05,-0.48165683970839157,0.6911269567505961,0.0,0.0,0.0,0.002744305430524987,-2.471962291681348e-05,-0.46165683970839155,0.6711269567505961,0.0,0.0,0.0,0.0021112998220728027,-2.4719622905819917e-05,-0.44165683970839154,0.6511269567505961,0.0,0.0,0.0,0.0015031371921444432,-2.4719622895373334e-05,-0.4216568397083915,0.631126956750596,0.0,0.0,0.0,0.0009371817907058599,-2.47196307957983e-05,-0.4216568397083915,0.611126956750596,0.0,0.0,0.0,0.0004348862638359274,-2.471953090573452e-05
183,solved,0,lti,1,23,23,23,34,-0.6116568397083917,0.8211269567505962,0.0,0.0,0.0,0.005543487604863457,-6.509588716676462e-11,0.2,1.5,-0.1,0.0005620916941892586,0.5582105849705481,0.8296990759855468,-0.00026493111523123296,0.021082087853937306,0.7770507452792517,-0.7099441934523347,-0.10001342390012746,-0.9999993907478135,-0.0009016444735609296,-0.0006368212035396416,2.4612039904582214e-10,2.4612039904582215e-07,2.461204119368235e-10,2.461204119368235e-07,1,0.049598236290823675,0.016544784810582913,,20,0.9500554617755889,0.0010142918060230925,1.0142918060230925,0.0029857081939769076,2.9857081939769077,49.336053175301664,0.01,0.01,0.0001,0.17453292519943295,0.17453292519943295,0.5235987755982988,0.02,solved,0.049598236290823675,0.016544784810582913,-0.6116568397083917,0.8211269567505962,0.0,0.0,0.0,0.005543487604863457,-6.509588716676462e-11,0.7770507452792517,-0.7099441934523347,-0.10001342390012746,-0.9999993907478135,-0.0009016444735609296,-0.0006368212035396416,0.7770507452790906,-0.7099441932062144,-0.10001342390020712,-0.9999993879815394,-0.0009047056639300324,-0.0006368235298160569,2.4612039904582214e-10,2.4612039904582215e-07,2.461204119368235e-10,2.461204119368235e-07,-0.6116568397083917,0.8211269567505962,0.0,0.0,0.0,0.005543487604863457,-6.509588716676462e-11,-0.5916568397083917,0.8011269567505962,0.0,0.0,0.0,0.005266238444383959,0.005921504972258132,-0.5716568397083917,0.7811269567505962,0.0,0.0,0.0,0.004904749609019203,0.0011842941808265918,-0.5516568397083916,0.7611269567505962,0.0,0.0,0.0,0.004474941382052891,-1.0130166643719321e-05,-0.5316568397083916,0.7411269567505961,0.0,0.0,0.0,0.0039917479192340816,-2.471964357920576e-05,-0.5116568397083916,0.7211269567505961,0.0,0.0,0.0,0.0034701396346587623,-2.4719648720188124e-05,-0.4916568397083916,0.7011269567505961,0.0,0.0,0.0,0.002925087318373487,-2.4719648471522233e-05,-0.47165683970839156,0.6811269567505961,0.0,0.0,0.0,0.002371561764140488,-2.4719648457408187e-05,-0.45165683970839154,0.6611269567505961,0.0,0.0,0.0,0.0018245337690824606,-2.4719648477049628e-05,-0.4316568397083915,0.641126956750596,0.0,0.0,0.0,0.0012989744696440537,-2.4719648458214586e-05,-0.4116568397083915,0.621126956750596,0.0,0.0,0.0,0.000809889626781498,-2.4719656356553298e-05,-0.4116568397083915,0.601126956750596,0.0,0.0,0.0,0.00037581809356977843,-2.4719556476912434e-05
184,solved,0,lti,1,23,23,23,34,-0.6016568397083917,0.8111269567505962,0.0,0.0,0.0,0.004790545381345473,-5.34387330466835e-11,0.2,1.5,-0.1,0.000562104385189577,0.5582503314407689,0.8296723337021088,-0.00026490418766954884,0.021082087852868532,0.7770507452803205,-0.7099441934525512,-0.10001342390020594,-0.9999993907477944,-0.0009016444902899311,-0.0006368212096089546,2.4619200790827785e-10,2.4619200790827786e-07,2.4619202031954236e-10,2.4619202031954236e-07,1,0.0486049110018614,0.016477284618556094,,20,0.9500554607034479,0.001014291805225144,1.014291805225144,0.002985708194774856,2.985708194774856,49.33605317658647,0.01,0.01,0.0001,0.17453292519943295,0.17453292519943295,0.5235987755982988,0.02,solved,0.0486049110018614,0.016477284618556094,-0.6016568397083917,0.8111269567505962,0.0,0.0,0.0,0.004790545381345473,-5.34387330466835e-11,0.7770507452803205,-0.7099441934525512,-0.10001342390020594,-0.9999993907477944,-0.0009016444902899311,-0.0006368212096089546,0.7770507452801602,-0.7099441932063593,-0.10001342390028412,-0.9999993879815191,-0.0009047056821997416,-0.000636823535820653,2.4619200790827785e-10,2.4619200790827786e-07,2.4619202031954236e-10,2.4619202031954236e-07,-0.6016568397083917,0.8111269567505962,0.0,0.0,0.0,0.004790545381345473,-5.34387330466835e-11,-0.5816568397083917,0.7911269567505962,0.0,0.0,0.0,0.004550953488397481,0.005921504951354366,-0.5616568397083916,0.7711269567505962,0.0,0.0,0.0,0.004238563744124906,0.0011842941598085167,-0.5416568397083916,0.7511269567505962,0.0,0.0,0.0,0.003867134065060312,-1.0130187657453565e-05,-0.5216568397083916,0.7311269567505961,0.0,0.0,0.0,0.003449570180615507,-2.47196646296149e-05,-0.5016568397083916,0.7111269567505961,0.0,0.0,0.0,0.002998809153772167,-2.4719669729686766e-05,-0.48165683970839157,0.6911269567505961,0.0,0.0,0.0,0.002527788372399642,-2.4719669495434323e-05,-0.46165683970839155,0.6711269567505961,0.0,0.0,0.0,0.0020494452275786,-2.4719669490152534e-05,-0.44165683970839154,0.6511269567505961,0.0,0.0,0.0,0.001576717113294026,-2.471966950175378e-05,-0.4216568397083915,0.631126956750596,0.0,0.0,0.0,0.0011225417167654362,-2.471966950267034e-05,-0.4100079319956538,0.611126956750596,0.0,0.0,0.0,0.0006998866469275364,-2.4719674080689113e-05,-0.4016568397083915,0.591126956750596,0.0,0.0,0.0,0.0003247727305406939,-2.4719577496010327e-05
185,solved,0,lti,1,23,23,23,34,-0.5916568397083917,0.8011269567505962,0.0,0.0,0.0,0.004139870843043122,8.95074192583222e-12,0.2,1.5,-0.1,0.000562115351399119,0.5582846783254152,0.8296492221484446,-0.00026488091704700214,0.02108208785304755,0.7770507452801416,-0.7099441934527142,-0.10001342390027428,-0.9999993907477798,-0.0009016445028421342,-0.000636821214846694,2.462016658393476e-10,2.4620166583934763e-07,2.4620166996810085e-10,2.4620166996810084e-07,1,0.04927841061488902,0.016974926069546883,,20,0.9500554598399306,0.001014291804556225,1.014291804556225,0.002985708195443775,2.985708195443775,49.336053177544876,0.01,0.01,0.0001,0.17453292519943295,0.17453292519943295,0.5235987755982988,0.02,solved,0.04927841061488902,0.016974926069546883,-0.5916568397083917,0.8011269567505962,0.0,0.0,0.0,0.004139870843043122,8.95074192583222e-12,0.7770507452801416,-0.7099441934527142,-0.10001342390027428,-0.9999993907477798,-0.0009016445028421342,-0.000636821214846694,0.7770507452799829,-0.7099441932065126,-0.10001342390031936,-0.9999993879815032,-0.0009047056960725457,-0.0006368235410673834,2.462016658393476e-10,2.4620166583934763e-07,2.4620166996810085e-10,2.4620166996810084e-07,-0.5916568397083917,0.8011269567505962,0.0,0.0,0.0,0.004139870843043122,8.95074192583222e-12,-0.5716568397083917,0.7811269567505962,0.0,0.0,0.0,0.003932821453872014,0.005921504954758205,-0.5516568397083916,0.7611269567505962,0.0,0.0,0.0,0.003662861961767653,0.0011842941632917567,-0.5316568397083916,0.7411269567505961,0.0,0.0,0.0,0.0033418816179857378,-1.0130184179906198e-05,-0.5116568397083916,0.7211269567505961,0.0,0.0,0.0,0.0029810332347439063,-2.4719661111395617e-05,-0.4916568397083916,0.7011269567505961,0.0,0.0,0.0,0.0025914967019564457,-2.4719666265027678e-05,-0.47165683970839156,0.6811269567505961,0.0,0.0,0.0,0.002184452190298097,-2.471966600656656e-05,-0.45165683970839154,0.6611269567505961,0.0,0.0,0.0,0.0017710798732188675,-2.4719665999251782e-05,-0.4316568397083915,0.641126956750596,0.0,0.0,0.0,0.0013625599266787712,-2.4719666008744572e-05,-0.4200079319956538,0.621126956750596,0.0,0.0,0.0,0.000970072780044644,-2.4719665998610283e-05,-0.40995396869704137,0.601126956750596,0.0,0.0,0.0,0.0006048247203571585,-2.4719666678714307e-05,-0.3916568397083915,0.581126956750596,0.0,0.0,0.0,0.00028066055687192895,-2.4719574019470775e-05
186,solved,0,lti,1,23,23,23,34,-0.5816568397083917,0.7911269567505962,0.0,0.0,0.0,0.003577576925629382,2.1746724263447824e-11,0.2,1.5,-0.1,0.0005621248273579584,0.5583143593072684,0.8296292485536815,-0.0002648608067683881,0.021082087853482482,0.777050745279707,-0.7099441934528358,-0.10001342390033383,-0.9999993907477684,-0.0009016445122078871,-0.0006368212193953955,2.4619467201010247e-10,2.4619467201010247e-07,2.4619467627994557e-10,2.461946762799456e-07,1,0.049592043032352824,0.017353861231586425,,20,0.950055459833093,0.0010142918047981446,1.0142918047981446,0.0029857081952018557,2.985708195201856,49.336053178263974,0.01,0.01,0.0001,0.17453292519943295,0.17453292519943295,0.5235987755982988,0.02,solved,0.049592043032352824,0.017353861231586425,-0.5816568397083917,0.7911269567505962,0.0,0.0,0.0,0.003577576925629382,2.1746724263447824e-11,0.777050745279707,-0.7099441934528358,-0.10001342390033383,-0.9999993907477684,-0.0009016445122078871,-0.0006368212193953955,0.7770507452795473,-0.7099441932066411,-0.10001342390037968,-0.9999993879814907,-0.000904705706713599,-0.0006368235455904253,2.4619467201010247e-10,2.4619467201010247e-07,2.4619467627994557e-10,2.461946762799456e-07,-0.5816568397083917,0.7911269567505962,0.0,0.0,0.0,0.003577576925629382,2.1746724263447824e-11,-0.5616568397083916,0.7711269567505962,0.0,0.0,0.0,0.0033986498175897118,0.005921504963293481,-0.5416568397083916,0.7511269567505962,0.0,0.0,0.0,0.003165357309932803,0.0011842941718539846,-0.5216568397083916,0.7311269567505961,0.0,0.0,0.0,0.0028879738079697023,-1.0130175607623333e-05,-0.5016568397083916,0.7111269567505961,0.0,0.0,0.0,0.0025761373040856625,-2.4719652565387284e-05,-0.48165683970839157,0.6911269567505961,0.0,0.0,0.0,0.002239509190561411,-2.4719657689442602e-05,-0.46165683970839155,0.6711269567505961,0.0,0.0,0.0,0.0018877511023044009,-2.47196574293255e-05,-0.44165683970839154,0.6511269567505961,0.0,0.0,0.0,0.0015305246766205366,-2.4719657436657355e-05,-0.4300079319956538,0.631126956750596,0.0,0.0,0.0,0.0011774915529849702,-2.471965743674211e-05,-0.4199539686970414,0.611126956750596,0.0,0.0,0.0,0.0008383135898610938,-2.4719657446734428e-05,-0.4016568397083915,0.591126956750596,0.0,0.0,0.0,0.0005226749913028231,-2.471965743567548e-05,-0.3816568397083915,0.571126956750596,0.0,0.0,0.0,0.0002425401098920449,-2.471956546039039e-05
187,solved,0,lti,1,23,23,23,34,-0.5716568397083917,0.7811269567505962,0.0,0.0,0.0,0.003091653028755005,-4.1118718273662675e-11,0.2,1.5,-0.1,0.0005621330156664632,0.5583400082982273,0.8296119870143916,-0.0002648434276925593,0.02108208785266011,0.7770507452805295,-0.7099441934529257,-0.10001342390038451,-0.9999993907477596,-0.0009016445192102627,-0.0006368212233126337,2.462450753360733e-10,2.462450753360733e-07,2.462450888199576e-10,2.462450888199576e-07,1,0.048635634704032114,0.017291163149387268,,20,0.95005546002502,0.0010142918052069663,1.0142918052069663,0.002985708194793034,2.985708194793034,49.336053178800526,0.01,0.01,0.0001,0.17453292519943295,0.17453292519943295,0.5235987755982988,0.02,solved,0.048635634704032114,0.017291163149387268,-0.5716568397083917,0.7811269567505962,0.0,0.0,0.0,0.003091653028755005,-4.1118718273662675e-11,0.7770507452805295,-0.7099441934529257,-0.10001342390038451,-0.9999993907477596,-0.0009016445192102627,-0.0006368212233126337,0.7770507452803711,-0.7099441932066807,-0.100013423900466,-0.999999387981481,-0.0009047057147942753,-0.0006368235495017742,2.462450753360733e-10,2.462450753360733e-07,2.462450888199576e-10,2.462450888199576e-07,-0.5716568397083917,0.7811269567505962,0.0,0.0,0.0,0.003091653028755005,-4.1118718273662675e-11,-0.5516568397083916,0.7611269567505962,0.0,0.0,0.0,0.002937028670218171,0.005921504947167759,-0.5316568397083916,0.7411269567505961,0.0,0.0,0.0,0.0027354230848881085,0.0011842941556482979,-0.5116568397083916,0.7211269567505961,0.0,0.0,0.0,0.0024957151584091963,-1.0130191805615601e-05,-0.4916568397083916,0.7011269567505961,0.0,0.0,0.0,0.002226233804194078,-2.4719668745066808e-05,-0.47165683970839156,0.6811269567505961,0.0,0.0,0.0,0.0019353281572631973,-2.4719673895384362e-05,-0.45165683970839154,0.6611269567505961,0.0,0.0,0.0,0.0016313475623091786,-2.471967363925182e-05,-0.4400079319956538,0.641126956750596,0.0,0.0,0.0,0.0013226413660974098,-2.4719673638595546e-05,-0.4299539686970414,0.621126956750596,0.0,0.0,0.0,0.001017558917267984,-2.4719673631335813e-05,-0.4116568397083915,0.601126956750596,0.0,0.0,0.0,0.000724449753705226,-2.4719673630251608e-05,-0.3916568397083915,0.581126956750596,0.0,0.0,0.0,0.00045168272379731154,-2.4719673635943534e-05,-0.3716568397083915,0.5686439643037972,0.0,0.0,0.0,0.00020959712360444456,-2.47195727245633e-05
188,solved,0,lti,1,23,23,23,34,-0.5616568397083916,0.7711269567505962,0.0,0.0,0.0,0.00267173226756992,-2.6590424631156447e-12,0.2,1.5,-0.1,0.000562140091373149,0.5583621731101015,0.8295970693681342,-0.0002648284089088702,0.02108208785260693,0.7770507452805826,-0.7099441934529934,-0.10001342390042885,-0.9999993907477527,-0.0009016445244734463,-0.0006368212267148719,2.4625717669313637e-10,2.462571766931364e-07,2.4625718585349143e-10,2.462571858534914e-07,1,0.04857136659146152,0.017528464201230606,,20,0.9500554594187248,0.0010142918046420406,1.0142918046420406,0.0029857081953579595,2.9857081953579594,49.336053179201656,0.01,0.01,0.0001,0.17453292519943295,0.17453292519943295,0.5235987755982988,0.02,solved,0.04857136659146152,0.017528464201230606,-0.5616568397083916,0.7711269567505962,0.0,0.0,0.0,0.00267173226756992,-2.6590424631156447e-12,0.7770507452805826,-0.7099441934529934,-0.10001342390042885,-0.9999993907477527,-0.0009016445244734463,-0.0006368212267148719,0.7770507452804243,-0.7099441932067363,-0.10001342390049602,-0.9999993879814733,-0.0009047057209230269,-0.0006368235528647893,2.4625717669313637e-10,2.462571766931364e-07,2.4625718585349143e-10,2.462571858534914e-07,-0.5616568397083916,0.7711269567505962,0.0,0.0,0.0,0.00267173226756992,-2.6590424631156447e-12,-0.5416568397083916,0.7511269567505962,0.0,0.0,0.0,0.002538109611778196,0.0059215049461411725,-0.5216568397083916,0.7311269567505961,0.0,0.0,0.0,0.002363886908519204,0.0011842941546039735,-0.5016568397083916,0.7111269567505961,0.0,0.0,0.0,0.0021567370774522097,-1.0130192849251711e-05,-0.48165683970839157,0.6911269567505961,0.0,0.0,0.0,0.00192385776544517,-2.471966980389013e-05,-0.46165683970839155,0.6711269567505961,0.0,0.0,0.0,0.001672464094393843,-2.471967491406534e-05,-0.4500079319956538,0.6511269567505961,0.0,0.0,0.0,0.001409771367387823,-2.4719674684330494e-05,-0.4399539686970414,0.631126956750596,0.0,0.0,0.0,0.0011429948893080023,-2.471967467101493e-05,-0.4216568397083915,0.611126956750596,0.0,0.0,0.0,0.0008793499666554014,-2.4719674690709404e-05,-0.4016568397083915,0.591126956750596,0.0,0.0,0.0,0.000626052069471378,-2.4719674678600207e-05,-0.3816568397083915,0.5786439643037972,0.0,0.0,0.0,0.00039033335547082056,-2.4719674668946295e-05,-0.36165683970839146,0.5686146856418249,0.0,0.0,0.0,0.00018112879590667576,-2.4719570830059482e-05
189,solved,0,lti,1,23,23,23,34,-0.5516568397083916,0.7611269567505962,0.0,0.0,0.0,0.0023088434119651006,-3.7866755448357775e-11,0.2,1.5,-0.1,0.0005621462056965889,0.558381327058557,0.8295841774387674,-0.0002648154299038188,0.021082087851849594,0.77705074528134,-0.709944193453043,-0.10001342390046654,-0.9999993907477474,-0.0009016445283448872,-0.0006368212296466592,2.4630003302016654e-10,2.463000330201665e-07,2.4630003799748816e-10,2.463000379974882e-07,1,0.04857072058025417,0.01777826058349081,,20,0.9500554593325768,0.0010142918046460543,1.0142918046460543,0.002985708195353946,2.9857081953539457,49.33605317950315,0.01,0.01,0.0001,0.17453292519943295,0.17453292519943295,0.5235987755982988,0.02,solved,0.04857072058025417,0.01777826058349081,-0.5516568397083916,0.7611269567505962,0.0,0.0,0.0,0.0023088434119651006,-3.7866755448357775e-11,0.77705074528134,-0.709944193453043,-0.10001342390046654,-0.9999993907477474,-0.0009016445283448872,-0.0006368212296466592,0.777050745281179,-0.7099441932067431,-0.10001342390051605,-0.9999993879814669,-0.0009047057256864033,-0.0006368235557655603,2.4630003302016654e-10,2.463000330201665e-07,2.4630003799748816e-10,2.463000379974882e-07,-0.5516568397083916,0.7611269567505962,0.0,0.0,0.0,0.0023088434119651006,-3.7866755448357775e-11,-0.5316568397083916,0.7411269567505961,0.0,0.0,0.0,0.0021933700944232605,0.005921504931517728,-0.5116568397083916,0.7211269567505961,0.0,0.0,0.0,0.002042811243326217,0.0011842941397955272,-0.4916568397083916,0.7011269567505961,0.0,0.0,0.0,0.001863797601666753,-1.0130207684358324e-05,-0.47165683970839156,0.6811269567505961,0.0,0.0,0.0,0.001662549193716808,-2.4719684632531814e-05,-0.4600079319956538,0.6611269567505961,0.0,0.0,0.0,0.0014453011452250058,-2.4719689770245775e-05,-0.4499539686970414,0.641126956750596,0.0,0.0,0.0,0.0012182887385231574,-2.471968952250153e-05,-0.4316568397083915,0.621126956750596,0.0,0.0,0.0,0.0009877472574911983,-2.4719689518724247e-05,-0.4116568397083915,0.601126956750596,0.0,0.0,0.0,0.0007599119874091413,-2.471968952742377e-05,-0.3916568397083915,0.5886439643037972,0.0,0.0,0.0,0.0005410183548844446,-2.4719689505534064e-05,-0.3716568397083915,0.5786146856418249,0.0,0.0,0.0,0.00033731620758974183,-2.471968953032316e-05,-0.35165683970839146,0.5686103475181437,0.0,0.0,0.0,0.00015652692156404557,-2.4719585651173602e-05
190,solved,0,lti,1,23,23,23,34,-0.5416568397083916,0.7511269567505962,0.0,0.0,0.0,0.001995246081220643,-2.087002682644518e-11,0.2,1.5,-0.1,0.0005621514893041807,0.5583978791932007,0.8295730361920928,-0.0002648042136509681,0.02108208785143219,0.7770507452817577,-0.7099441934530802,-0.10001342390049874,-0.9999993907477432,-0.0009016445312538852,-0.0006368212321416237,2.4632590142901117e-10,2.463259014290112e-07,2.4632590856350046e-10,2.4632590856350046e-07,1,0.04857024446896955,0.018019380113871743,,20,0.9500554587995241,0.0010142918041043565,1.0142918041043565,0.0029857081958956436,2.9857081958956435,49.33605317972492,0.01,0.01,0.0001,0.17453292519943295,0.17453292519943295,0.5235987755982988,0.02,solved,0.04857024446896955,0.018019380113871743,-0.5416568397083916,0.7511269567505962,0.0,0.0,0.0,0.001995246081220643,-2.087002682644518e-11,0.7770507452817577,-0.7099441934530802,-0.10001342390049874,-0.9999993907477432,-0.0009016445312538852,-0.0006368212321416237,0.7770507452815963,-0.7099441932067544,-0.10001342390055802,-0.9999993879814623,-0.0009047057293131663,-0.0006368235582891516,2.4632590142901117e-10,2.463259014290112e-07,2.4632590856350046e-10,2.4632590856350046e-07,-0.5416568397083916,0.7511269567505962,0.0,0.0,0.0,0.001995246081220643,-2.087002682644518e-11,-0.5216568397083916,0.7311269567505961,0.0,0.0,0.0,0.0018954568607309186,0.005921504923378274,-0.5016568397083916,0.7111269567505961,0.0,0.0,0.0,0.0017653475791349013,0.0011842941315919199,-0.48165683970839157,0.6911269567505961,0.0,0.0,0.0,0.0016106483625673799,-1.0130215885094889e-05,-0.4700079319956538,0.6711269567505961,0.0,0.0,0.0,0.0014367344040746588,-2.4719692839283234e-05,-0.4599539686970414,0.6511269567505961,0.0,0.0,0.0,0.0012489939470303891,-2.471969798151924e-05,-0.44165683970839154,0.631126956750596,0.0,0.0,0.0,0.0010528153701237148,-2.4719697725929477e-05,-0.4216568397083915,0.611126956750596,0.0,0.0,0.0,0.0008535870533816616,-2.4719697727845323e-05,-0.4016568397083915,0.5986439643037972,0.0,0.0,0.0,0.0006566973780411639,-2.4719697721247194e-05,-0.3816568397083915,0.588614685641825,0.0,0.0,0.0,0.00046753484747093005,-2.471969771733624e-05,-0.36165683970839146,0.5786103475181437,0.0,0.0,0.0,0.00029150042737190857,-2.4719697718520988e-05,-0.34165683970839145,0.5686068091197453,0.0,0.0,0.0,0.00013526674231604388,-2.471959387224729e-05
191,solved,0,lti,1,23,23,23,34,-0.5316568397083916,0.7411269567505961,0.0,0.0,0.0,0.0017242425271501909,-3.258581289474221e-11,0.2,1.5,-0.1,0.0005621560550874818,0.5584121829612777,0.829563407935073,-0.00026479452075655967,0.021082087850780477,0.7770507452824091,-0.7099441934531077,-0.10001342390052631,-0.9999993907477397,-0.0009016445334145521,-0.0006368212342881835,2.4636176061217176e-10,2.4636176061217175e-07,2.4636176408329246e-10,2.4636176408329244e-07,1,0.048569888943284234,0.01825015779393647,,20,0.9500554584981118,0.00101429180381205,1.0142918038120499,0.00298570819618795,2.98570819618795,49.336053179891564,0.01,0.01,0.0001,0.17453292519943295,0.17453292519943295,0.5235987755982988,0.02,solved,0.048569888943284234,0.01825015779393647,-0.5316568397083916,0.7411269567505961,0.0,0.0,0.0,0.0017242425271501909,-3.258581289474221e-11,0.7770507452824091,-0.7099441934531077,-0.10001342390052631,-0.9999993907477397,-0.0009016445334145521,-0.0006368212342881835,0.7770507452822494,-0.709944193206746,-0.10001342390056767,-0.9999993879814583,-0.0009047057321186201,-0.0006368235604804726,2.4636176061217176e-10,2.4636176061217175e-07,2.4636176408329246e-10,2.4636176408329244e-07,-0.5316568397083916,0.7411269567505961,0.0,0.0,0.0,0.0017242425271501909,-3.258581289474221e-11,-0.5116568397083916,0.7211269567505961,0.0,0.0,0.0,0.0016380071402779548,0.005921504910586897,-0.4916568397083916,0.7011269567505961,0.0,0.0,0.0,0.0015255699032780446,0.0011842941187485956,-0.48000793199565384,0.6811269567505961,0.0,0.0,0.0,0.0013918826500442336,-1.0130228733323668e-05,-0.4699539686970414,0.6611269567505961,0.0,0.0,0.0,0.0012415904900339799,-2.4719705686675346e-05,-0.45165683970839154,0.641126956750596,0.0,0.0,0.0,0.0010793498104761372,-2.4719710803686155e-05,-0.4316568397083915,0.621126956750596,0.0,0.0,0.0,0.0009098171155360557,-2.4719710564912118e-05,-0.4116568397083915,0.6086439643037972,0.0,0.0,0.0,0.0007376489105352401,-2.4719710573885466e-05,-0.3916568397083915,0.598614685641825,0.0,0.0,0.0,0.0005675017018407802,-2.4719710557537944e-05,-0.3716568397083915,0.5886103475181437,0.0,0.0,0.0,0.0004040321013630611,-2.4719710557936256e-05,-0.35165683970839146,0.5786068091197453,0.0,0.0,0.0,0.00025190749065310793,-2.47197105609411e-05,-0.33165683970839144,0.5686037222177786,0.0,0.0,0.0,0.00011689418754150432,-2.4719606697728956e-05
192,solved,0,lti,1,23,23,23,34,-0.5216568397083916,0.7311269567505961,0.0,0.0,0.0,0.0014900472750048572,-4.557185893461931e-12,0.2,1.5,-0.1,0.0005621600005886165,0.5584245437862412,0.8295550872374662,-0.0002647861443361845,0.021082087850689334,0.7770507452825005,-0.7099441934531293,-0.10001342390055148,-0.9999993907477371,-0.0009016445350772887,-0.000636821236222304,2.4637064282736186e-10,2.463706428273619e-07,2.4637064864197473e-10,2.463706486419747e-07,1,0.048569623428659725,0.01846884963104387,,20,0.9500554580511996,0.0010142918033361613,1.0142918033361614,0.002985708196663839,2.985708196663839,49.33605318001532,0.01,0.01,0.0001,0.17453292519943295,0.17453292519943295,0.5235987755982988,0.02,solved,0.048569623428659725,0.01846884963104387,-0.5216568397083916,0.7311269567505961,0.0,0.0,0.0,0.0014900472750048572,-4.557185893461931e-12,0.7770507452825005,-0.7099441934531293,-0.10001342390055148,-0.9999993907477371,-0.0009016445350772887,-0.000636821236222304,0.7770507452823401,-0.7099441932067587,-0.10001342390060501,-0.999999387981455,-0.0009047057343254008,-0.0006368235623399694,2.4637064282736186e-10,2.463706428273619e-07,2.4637064864197473e-10,2.463706486419747e-07,-0.5216568397083916,0.7311269567505961,0.0,0.0,0.0,0.0014900472750048572,-4.557185893461931e-12,-0.5016568397083916,0.7111269567505961,0.0,0.0,0.0,0.0014155248100991204,0.005921504908832755,-0.49000793199565384,0.6911269567505961,0.0,0.0,0.0,0.0013183593615240855,0.0011842941169757557,-0.47995396869704143,0.6711269567505961,0.0,0.0,0.0,0.0012028301803050357,-1.0130230512830086e-05,-0.46165683970839155,0.6511269567505961,0.0,0.0,0.0,0.0010729514538777279,-2.4719707462846974e-05,-0.44165683970839154,0.631126956750596,0.0,0.0,0.0,0.000932747115646052,-2.4719712602302448e-05,-0.4216568397083915,0.6186439643037972,0.0,0.0,0.0,0.0007862412000676198,-2.4719712359362123e-05,-0.4016568397083915,0.608614685641825,0.0,0.0,0.0,0.0006374577425991795,-2.4719712336479846e-05,-0.3816568397083915,0.5986103475181437,0.0,0.0,0.0,0.0004904207796010679,-2.4719712358040592e-05,-0.36165683970839146,0.5886068091197453,0.0,0.0,0.0,0.00034915443864148496,-2.4719712349224877e-05,-0.34165683970839145,0.5786037222177786,0.0,0.0,0.0,0.00021769215414275966,-2.471971233047807e-05,-0.32165683970839143,0.568601085365758,0.0,0.0,0.0,0.0001010170337797007,-2.4719608478284704e-05
193,solved,0,lti,1,23,23,23,34,-0.5116568397083916,0.7211269567505961,0.0,0.0,0.0,0.001287664649449244,-1.9098496436690874e-11,0.2,1.5,-0.1,0.0005621634100995884,0.5584352256275513,0.8295478965332488,-0.0002647789055786319,0.021082087850307366,0.7770507452828826,-0.7099441934531441,-0.10001342390057237,-0.999999390747735,-0.000901644536278547,-0.0006368212378393926,2.463920707798059e-10,2.463920707798059e-07,2.4639207390105246e-10,2.4639207390105245e-07,1,0.0485694251320274,0.01867368459884893,,20,0.9500554579750029,0.0010142918032809746,1.0142918032809747,0.0029857081967190257,2.9857081967190258,49.336053180110554,0.01,0.01,0.0001,0.17453292519943295,0.17453292519943295,0.5235987755982988,0.02,solved,0.0485694251320274,0.01867368459884893,-0.5116568397083916,0.7211269567505961,0.0,0.0,0.0,0.001287664649449244,-1.9098496436690874e-11,0.7770507452828826,-0.7099441934531441,-0.10001342390057237,-0.999999390747735,-0.000901644536278547,-0.0006368212378393926,0.7770507452827212,-0.7099441932067521,-0.10001342390061159,-0.9999993879814525,-0.0009047057359803546,-0.000636823563975659,2.463920707798059e-10,2.463920707798059e-07,2.4639207390105246e-10,2.4639207390105245e-07,-0.5116568397083916,0.7211269567505961,0.0,0.0,0.0,0.001287664649449244,-1.9098496436690874e-11,-0.5000079319956539,0.7011269567505961,0.0,0.0,0.0,0.0012232640460199554,0.005921504901441883,-0.48995396869704144,0.6811269567505961,0.0,0.0,0.0,0.001139295895896102,0.0011842941094763477,-0.47165683970839156,0.6611269567505961,0.0,0.0,0.0,0.0010394582295806534,-1.0130238001805863e-05,-0.45165683970839154,0.641126956750596,0.0,0.0,0.0,0.0009272200157054666,-2.4719714957615814e-05,-0.4316568397083915,0.6286439643037972,0.0,0.0,0.0,0.0008060586451444013,-2.4719720104045798e-05,-0.4116568397083915,0.618614685641825,0.0,0.0,0.0,0.000679451596099722,-2.471971984053278e-05,-0.3916568397083915,0.6086103475181437,0.0,0.0,0.0,0.0005508763476371407,-2.471971982795085e-05,-0.3716568397083915,0.5986068091197453,0.0,0.0,0.0,0.0004238103796032139,-2.4719719856974565e-05,-0.35165683970839146,0.5886037222177786,0.0,0.0,0.0,0.00030173125066426833,-2.471971983220479e-05,-0.33165683970839144,0.578601085365758,0.0,0.0,0.0,0.00018812456225633244,-2.471971984193929e-05,-0.3116568397083914,0.5685987963629,0.0,0.0,0.0,8.729660163944376e-05,-2.4719615972972917e-05
194,solved,0,lti,1,23,23,23,34,-0.5100079319956539,0.7111269567505961,0.0,0.0,0.0,0.0011127673916376825,2.3319667287783943e-11,0.2,1.5,-0.1,0.0005621663564381044,0.5584444565314676,0.829541682396795,-0.0002647726499911235,0.02108208785077376,0.7770507452824161,-0.709944193453157,-0.10001342390059081,-0.9999993907477333,-0.0009016445372538987,-0.0006368212392234699,2.463737507307472e-10,2.463737507307472e-07,2.46373756122126e-10,2.46373756122126e-07,1,0.04856927706274942,0.018862895245792266,,20,0.9500554577138627,0.0010142918030010338,1.0142918030010337,0.0029857081969989663,2.9857081969989663,49.33605318017936,0.01,0.01,0.0001,0.17453292519943295,0.17453292519943295,0.5235987755982988,0.02,solved,0.04856927706274942,0.018862895245792266,-0.5100079319956539,0.7111269567505961,0.0,0.0,0.0,0.0011127673916376825,2.3319667287783943e-11,0.7770507452824161,-0.709944193453157,-0.10001342390059081,-0.9999993907477333,-0.0009016445372538987,-0.0006368212392234699,0.7770507452822568,-0.7099441932067833,-0.10001342390064236,-0.9999993879814505,-0.0009047057373226185,-0.0006368235653524716,2.463737507307472e-10,2.463737507307472e-07,2.46373756122126e-10,2.46373756122126e-07,-0.5100079319956539,0.7111269567505961,0.0,0.0,0.0,0.0011127673916376825,2.3319667287783943e-11,-0.49995396869704145,0.6911269567505961,0.0,0.0,0.0,0.0010571140105116146,0.005921504910412573,-0.48165683970839157,0.6711269567505961,0.0,0.0,0.0,0.0009845508478628514,0.0011842941186027624,-0.46165683970839155,0.6511269567505961,0.0,0.0,0.0,0.0008982736486084728,-1.0130228879197643e-05,-0.44165683970839154,0.6386439643037972,0.0,0.0,0.0,0.0008012802081584357,-2.4719705825122082e-05,-0.4216568397083915,0.628614685641825,0.0,0.0,0.0,0.0006965756002125315,-2.4719710961990697e-05,-0.4016568397083915,0.6186103475181437,0.0,0.0,0.0,0.0005871649739377008,-2.4719710703477248e-05,-0.3816568397083915,0.6086068091197453,0.0,0.0,0.0,0.0004760534792470327,-2.4719710715038733e-05,-0.36165683970839146,0.5986037222177786,0.0,0.0,0.0,0.000366246266728438,-2.4719710717242486e-05,-0.34165683970839145,0.5886010853657581,0.0,0.0,0.0,0.0002607485550838647,-2.47197107043459e-05,-0.32165683970839143,0.5785987963629,0.0,0.0,0.0,0.0001625725133744871,-2.4719710714558625e-05,-0.3016568397083914,0.5685968048823848,0.0,0.0,0.0,7.54395267016439e-05,-2.4719606828876623e-05
195,solved,0,lti,1,23,23,23,34,-0.5099539686970415,0.7011269567505961,0.0,0.0,0.0,0.0009616266798629996,-3.04788966478287e-13,0.2,1.5,-0.1,0.0005621689025365552,0.5584524335997856,0.8295363122075541,-0.00026476724403721275,0.021082087850767664,0.7770507452824221,-0.7099441934531655,-0.10001342390060636,-0.9999993907477319,-0.000901644537917694,-0.0006368212404263165,2.4637641555301556e-10,2.4637641555301556e-07,2.463764277620007e-10,2.463764277620007e-07,1,0.04856916647400429,0.019047113450225008,,20,0.9500554580092045,0.0010142918033630086,1.0142918033630086,0.0029857081966369915,2.9857081966369914,49.33605318023522,0.01,0.01,0.0001,0.17453292519943295,0.17453292519943295,0.5235987755982988,0.02,solved,0.04856916647400429,0.019047113450225008,-0.5099539686970415,0.7011269567505961,0.0,0.0,0.0,0.0009616266798629996,-3.04788966478287e-13,0.7770507452824221,-0.7099441934531655,-0.10001342390060636,-0.9999993907477319,-0.000901644537917694,-0.0006368212404263165,0.7770507452822624,-0.7099441932067891,-0.10001342390068392,-0.9999993879814486,-0.0009047057383790838,-0.000636823566587943,2.4637641555301556e-10,2.4637641555301556e-07,2.463764277620007e-10,2.463764277620007e-07,-0.5099539686970415,0.7011269567505961,0.0,0.0,0.0,0.0009616266798629996,-3.04788966478287e-13,-0.4916568397083916,0.6811269567505961,0.0,0.0,0.0,0.0009135323732538251,0.005921504910329602,-0.47165683970839156,0.6611269567505961,0.0,0.0,0.0,0.0008508250422273112,0.0011842941185044936,-0.45165683970839154,0.6486439643037972,0.0,0.0,0.0,0.0007762663722885378,-1.0130228985508179e-05,-0.4316568397083915,0.638614685641825,0.0,0.0,0.0,0.0006924469857626231,-2.4719705881850643e-05,-0.4116568397083915,0.6286103475181437,0.0,0.0,0.0,0.0006019637947477209,-2.4719711126526065e-05,-0.3916568397083915,0.6186068091197453,0.0,0.0,0.0,0.0005074137764040309,-2.4719710818670812e-05,-0.3716568397083915,0.6086037222177786,0.0,0.0,0.0,0.0004113939086915376,-2.4719710814635594e-05,-0.35165683970839146,0.5986010853657581,0.0,0.0,0.0,0.00031650117010255667,-2.4719710823158013e-05,-0.33165683970839144,0.5885987963629,0.0,0.0,0.0,0.0002253325979914437,-2.4719710810951116e-05,-0.3116568397083914,0.5785968048823849,0.0,0.0,0.0,0.00014049123604494793,-2.471971082147622e-05,-0.2916568397083914,0.5685951109693782,0.0,0.0,0.0,6.519301530721875e-05,-2.4719606935714396e-05
196,solved,0,lti,1,23,23,23,34,-0.5016568397083916,0.6911269567505961,0.0,0.0,0.0,0.0008310136652388044,-3.4248617791385465e-11,0.2,1.5,-0.1,0.0005621711027691229,0.5584593271406152,0.8295316713628739,-0.0002647625723276688,0.02108208785008269,0.7770507452831075,-0.7099441934531712,-0.10001342390062072,-0.9999993907477308,-0.0009016445384209657,-0.0006368212415489716,2.4641038858659795e-10,2.464103885865979e-07,2.4641039317357097e-10,2.4641039317357096e-07,1,0.04856908389449003,0.019228065309049202,,20,0.9500554579987966,0.0010142918033640336,1.0142918033640336,0.0029857081966359663,2.9857081966359664,49.33605318027323,0.01,0.01,0.0001,0.17453292519943295,0.17453292519943295,0.5235987755982988,0.02,solved,0.04856908389449003,0.019228065309049202,-0.5016568397083916,0.6911269567505961,0.0,0.0,0.0,0.0008310136652388044,-3.4248617791385465e-11,0.7770507452831075,-0.7099441934531712,-0.10001342390062072,-0.9999993907477308,-0.0009016445384209657,-0.0006368212415489716,0.7770507452829474,-0.7099441932067608,-0.10001342390066827,-0.9999993879814472,-0.0009047057392277808,-0.0006368235676250633,2.4641038858659795e-10,2.464103885865979e-07,2.4641039317357097e-10,2.4641039317357096e-07,-0.5016568397083916,0.6911269567505961,0.0,0.0,0.0,0.0008310136652388044,-3.4248617791385465e-11,-0.48165683970839157,0.6711269567505961,0.0,0.0,0.0,0.0007894517713704949,0.00592150489696381,-0.46165683970839155,0.6586439643037972,0.0,0.0,0.0,0.0007352616682020232,0.0011842941050268978,-0.44165683970839154,0.648614685641825,0.0,0.0,0.0,0.0006708299351028753,-1.0130242454491315e-05,-0.4216568397083915,0.6386103475181437,0.0,0.0,0.0,0.0005983953229293199,-2.471971940156132e-05,-0.4016568397083915,0.6286068091197453,0.0,0.0,0.0,0.000520202017957921,-2.4719724540315794e-05,-0.3816568397083915,0.6186037222177786,0.0,0.0,0.0,0.00043849426282423145,-2.4719724295923454e-05,-0.36165683970839146,0.6086010853657581,0.0,0.0,0.0,0.00035551630072105196,-2.4719724287399562e-05,-0.34165683970839145,0.5985987963629,0.0,0.0,0.0,0.00027351237534512787,-2.4719724285518237e-05,-0.32165683970839143,0.5885968048823849,0.0,0.0,0.0,0.0001947267812607292,-2.4719724290407898e-05,-0.3016568397083914,0.5785951109693782,0.0,0.0,0.0,0.00012140900355398513,-2.4719724295864562e-05,-0.2816568397083914,0.5685936183834293,0.0,0.0,0.0,5.6338169197937455e-05,-2.4719620409978e-05
197,solved,0,lti,1,23,23,23,34,-0.4916568397083916,0.6811269567505961,0.0,0.0,0.0,0.0007181407870136759,-2.530091202944335e-11,0.2,1.5,-0.1,0.0005621730041226472,0.5584652843314878,0.8295276608172762,-0.0002647585351408598,0.021082087849576672,0.7770507452836132,-0.7099441934531755,-0.10001342390063164,-0.9999993907477297,-0.0009016445387743583,-0.0006368212424232907,2.4643570152206863e-10,2.4643570152206865e-07,2.464357068138574e-10,2.464357068138574e-07,1,0.0485690222166726,0.01939235095264321,,20,0.9500554575462664,0.0010142918028483085,1.0142918028483086,0.002985708197151692,2.9857081971516917,49.336053180302045,0.01,0.01,0.0001,0.17453292519943295,0.17453292519943295,0.5235987755982988,0.02,solved,0.0485690222166726,0.01939235095264321,-0.4916568397083916,0.6811269567505961,0.0,0.0,0.0,0.0007181407870136759,-2.530091202944335e-11,0.7770507452836132,-0.7099441934531755,-0.10001342390063164,-0.9999993907477297,-0.0009016445387743583,-0.0006368212424232907,0.7770507452834533,-0.7099441932067398,-0.10001342390068271,-0.9999993879814463,-0.000904705739881118,-0.0006368235685314803,2.4643570152206863e-10,2.4643570152206865e-07,2.464357068138574e-10,2.464357068138574e-07,-0.4916568397083916,0.6811269567505961,0.0,0.0,0.0,0.0007181407870136759,-2.530091202944335e-11,-0.47165683970839156,0.6686439643037972,0.0,0.0,0.0,0.0006822240597439789,0.005921504887102818,-0.45165683970839154,0.658614685641825,0.0,0.0,0.0,0.0006353943564959216,0.0011842940950691266,-0.4316568397083915,0.6486103475181437,0.0,0.0,0.0,0.000579714098213576,-1.0130252394048425e-05,-0.4116568397083915,0.6386068091197453,0.0,0.0,0.0,0.0005171179562133776,-2.471972935472577e-05,-0.3916568397083915,0.6286037222177786,0.0,0.0,0.0,0.00044954529896320525,-2.471973448334375e-05,-0.3716568397083915,0.6186010853657581,0.0,0.0,0.0,0.00037893554363508324,-2.4719734240158333e-05,-0.35165683970839146,0.6085987963629,0.0,0.0,0.0,0.0003072281078825797,-2.471973423779867e-05,-0.33165683970839144,0.5985968048823849,0.0,0.0,0.0,0.0002363624097947636,-2.4719734242068734e-05,-0.3116568397083914,0.5885951109693782,0.0,0.0,0.0,0.00016827791141911785,-2.4719734230848207e-05,-0.2916568397083914,0.5785936183834293,0.0,0.0,0.0,0.00010491856031956362,-2.4719734230971115e-05,-0.2716568397083914,0.5685923520758503,0.0,0.0,0.0,4.868600705266059e-05,-2.4719630383808994e-05
198,solved,0,lti,1,23,23,23,34,-0.48165683970839157,0.6786439643037973,0.0,0.0,0.0,0.000620599870395045,2.5068154622811494e-11,0.2,1.5,-0.1,0.0005621746472029473,0.5584704323683213,0.8295241949664711,-0.00026475504629082635,0.021082087850078035,0.7770507452831117,-0.7099441934531796,-0.10001342390064216,-0.9999993907477289,-0.0009016445390846751,-0.0006368212432079413,2.464142739344805e-10,2.4641427393448045e-07,2.4641428281865565e-10,2.4641428281865567e-07,1,0.04856897615081246,0.019535798439668007,,20,0.9500554572122334,0.0010142918024677555,1.0142918024677554,0.0029857081975322446,2.9857081975322446,49.33605318032229,0.01,0.01,0.0001,0.17453292519943295,0.17453292519943295,0.5235987755982988,0.02,solved,0.04856897615081246,0.019535798439668007,-0.48165683970839157,0.6786439643037973,0.0,0.0,0.0,0.000620599870395045,2.5068154622811494e-11,0.7770507452831117,-0.7099441934531796,-0.10001342390064216,-0.9999993907477289,-0.0009016445390846751,-0.0006368212432079413,0.7770507452829523,-0.7099441932067654,-0.10001342390070833,-0.9999993879814453,-0.000904705740382445,-0.0006368235693125963,2.464142739344805e-10,2.4641427393448045e-07,2.4641428281865565e-10,2.4641428281865567e-07,-0.48165683970839157,0.6786439643037973,0.0,0.0,0.0,0.000620599870395045,2.5068154622811494e-11,-0.46165683970839155,0.668614685641825,0.0,0.0,0.0,0.0005895615048105757,0.005921504896866967,-0.44165683970839154,0.6586103475181437,0.0,0.0,0.0,0.0005490924097635543,0.0011842941049283475,-0.4216568397083915,0.6486068091197453,0.0,0.0,0.0,0.0005009748794706766,-1.0130242549498623e-05,-0.4016568397083915,0.6386037222177786,0.0,0.0,0.0,0.000446880810013783,-2.4719719489127166e-05,-0.3816568397083915,0.6286010853657581,0.0,0.0,0.0,0.0003884861566393871,-2.471972464659923e-05,-0.36165683970839146,0.6185987963629,0.0,0.0,0.0,0.00032746691668305075,-2.471972438206462e-05,-0.34165683970839145,0.6085968048823849,0.0,0.0,0.0,0.00026549908789647573,-2.4719724391388645e-05,-0.32165683970839143,0.5985951109693782,0.0,0.0,0.0,0.0002042586684077231,-2.4719724374112175e-05,-0.3016568397083914,0.5885936183834293,0.0,0.0,0.0,0.00014542169433263887,-2.4719724385333982e-05,-0.2816568397083914,0.5785923520758504,0.0,0.0,0.0,9.066807806171614e-05,-2.4719724385789815e-05,-0.2616568397083914,0.5685912386393164,0.0,0.0,0.0,4.207326782333059e-05,-2.4719620522012447e-05
199,solved,0,lti,1,23,23,23,34,-0.47165683970839156,0.678614685641825,0.0,0.0,0.0,0.0005363072706658176,2.670944113153715e-11,0.2,1.5,-0.1,0.0005621760670954252,0.5584748811588593,0.8295211998370082,-0.00026475203130351207,0.021082087850612222,0.7770507452825779,-0.7099441934531832,-0.10001342390065143,-0.9999993907477285,-0.000901644539346229,-0.0006368212438909103,2.4639084873765143e-10,2.4639084873765143e-07,2.463908567365668e-10,2.463908567365668e-07,1,0.04856894175527725,0.019673236679115073,,20,0.9500554575371085,0.0010142918028505981,1.014291802850598,0.002985708197149402,2.985708197149402,49.33605318034004,0.01,0.01,0.0001,0.17453292519943295,0.17453292519943295,0.5235987755982988,0.02,solved,0.04856894175527725,0.019673236679115073,-0.47165683970839156,0.678614685641825,0.0,0.0,0.0,0.0005363072706658176,2.670944113153715e-11,0.7770507452825779,-0.7099441934531832,-0.10001342390065143,-0.9999993907477285,-0.000901644539346229,-0.0006368212438909103,0.7770507452824177,-0.7099441932067924,-0.10001342390071422,-0.9999993879814444,-0.0009047057408239914,-0.0006368235699986103,2.4639084873765143e-10,2.4639084873765143e-07,2.463908567365668e-10,2.463908567365668e-07,-0.47165683970839156,0.678614685641825,0.0,0.0,0.0,0.0005363072706658176,2.670944113153715e-11,-0.45165683970839154,0.6686103475181437,0.0,0.0,0.0,0.0005094846721986504,0.00592150490730207,-0.4316568397083915,0.6586068091197453,0.0,0.0,0.0,0.00047451226735830104,0.0011842941154544453,-0.4116568397083915,0.6486037222177786,0.0,0.0,0.0,0.000432930271335311,-1.0130232042031578e-05,-0.3916568397083915,0.6386010853657581,0.0,0.0,0.0,0.00038618349594336565,-2.4719708982810897e-05,-0.3716568397083915,0.6285987963629001,0.0,0.0,0.0,0.0003357202608274075,-2.4719714130127115e-05,-0.35165683970839146,0.6185968048823849,0.0,0.0,0.0,0.0002829889220048148,-2.471971387180121e-05,-0.33165683970839144,0.6085951109693782,0.0,0.0,0.0,0.00022943783585259678,-2.4719713870717434e-05,-0.3116568397083914,0.5985936183834293,0.0,0.0,0.0,0.00017651535907299302,-2.4719713881531365e-05,-0.2916568397083914,0.5885923520758504,0.0,0.0,0.0,0.00012566988119636828,-2.471971387098058e-05,-0.2716568397083914,0.5785912386393164,0.0,0.0,0.0,7.835314153508953e-05,-2.471971385488522e-05,-0.25165683970839137,0.5685902858975194,0.0,0.0,0.0,3.635869182492979e-05,-2.4719610013432123e-05
