sample_index,time_s,path_s_m,path_speed_m_s,path_acceleration_m_s2,position_error_m,position_error_mm,tangent_error_rad,tangent_error_deg,beam_feasible,insertion_m,insertion_rate_m_s,insertion_acceleration_m_s2,q1_rad,qd1_rad_s,qdd1_rad_s2,q2_rad,qd2_rad_s,qdd2_rad_s2,q3_rad,qd3_rad_s,qdd3_rad_s2,q4_rad,qd4_rad_s,qdd4_rad_s2,q5_rad,qd5_rad_s,qdd5_rad_s2,q6_rad,qd6_rad_s,qdd6_rad_s2,desired_x,desired_y,desired_z,achieved_x,achieved_y,achieved_z,desired_tangent_x,desired_tangent_y,desired_tangent_z,achieved_tangent_x,achieved_tangent_y,achieved_tangent_z
0,0.0,0.0,0.0,0.012778315880758598,0.0,0.0,0.026483017914252185,1.5173651552560026,1,0.025,0.0,0.004735374538870459,-0.85634357,-0.0,-0.12030662345789044,-1.94584002,0.0,0.36519367532407154,-1.76176286,0.0,0.1218192963689863,-1.0331945,-0.0,-0.12843292817607174,1.56234264,-0.0,-0.0580242773707383,-2.05640871,-0.0,-0.051856276244752225,0.5005794864881917,-0.669607395033303,-0.01656004894946191,0.5005794864881917,-0.669607395033303,-0.01656004894946191,-1.0,0.0,0.0,-0.9996493453761041,0.026476307031826483,0.00043755580570542735
1,0.1,6.389267698858767e-05,0.0012798362880490125,0.014609072830849404,8.996336979947428e-05,0.08996336979947428,0.02495273364039863,1.429686324908952,1,0.02502423622065357,0.0005078688624877614,0.007142845558521549,-0.8569373737950479,-0.011584436508523355,-0.11360114161421678,-1.9440398938869654,0.03502183352795187,0.33747759188674364,-1.7611617010420983,0.01172342181917417,0.11468608214261827,-1.0338272823844432,-0.012298969978177214,-0.11777635416005752,1.5620558112595446,-0.005613365935041665,-0.0561365468369765,-2.0566645622153517,-0.004987426127252305,-0.04866418147249834,0.5005155938112031,-0.669607395033303,-0.01656004894946191,0.5005547507969308,-0.6696396536693924,-0.016485755485603666,-1.0,0.0,0.0,-0.9996886966949012,0.024421027353928284,0.005111078499541598
2,0.2,0.00022985714726618772,0.0016198249901489114,-0.00262520431493687,0.00027050823276265104,0.270508232762651,0.024895260344325636,1.4263933476092636,1,0.02511120498529658,0.001150470049793975,0.005890046863371476,-0.8581472882256527,-0.007631922109895445,0.11974647832205015,-1.940475591228653,0.0208243951619427,-0.3927124253839994,-1.759941631814432,0.007618601476670534,-0.12261521984147745,-1.0350674002043805,-0.007034279033588618,0.1417198868941097,1.5614524360914974,-0.004109323092045353,0.052410186749904705,-2.057181631724243,-0.003193582992547523,0.05281275235273926,0.5003496293409255,-0.669607395033303,-0.01656004894946191,0.5004677770615462,-0.6697043014830443,-0.016336833895975244,-1.0,0.0,0.0,-0.999690129010855,0.020275359766683564,0.014441459226536725
3,0.30000000000000004,0.00038660601450101617,0.001450089156969874,-0.0012842853713989119,0.00030376044476439505,0.30376044476439507,0.025129488162148387,1.4398136130150663,1,0.025254710113493117,0.0015363083380710682,0.0007179975889357571,-0.8584404065337066,0.0001761272308652941,0.028548829589921935,-1.9399494729600937,-0.0047870596390454994,-0.09173176044645096,-1.7596616737937092,-0.0003729349828479687,-0.029067291378757867,-1.035207434491643,0.002211217024382926,0.03293659543336767,1.5612447979740385,-0.0006850699352742999,0.012998716249938163,-2.057293093640222,0.000249406221785589,0.012496123941248473,0.5001928804736907,-0.669607395033303,-0.01656004894946191,0.5003243738238363,-0.6697175418502593,-0.01630935474253774,-1.0,0.0,0.0,-0.9996842710278838,0.019338232388808635,0.01604341071982069
4,0.4,0.0005293753595599822,0.0014631955472873468,0.0014845133271841923,0.00028223122912251857,0.2822312291225186,0.0245613076131467,1.4072592655558436,1,0.025408227239407492,0.0015267604619551586,-1.539842243840719e-05,-0.858392294564379,-0.00015838879223997236,-0.021966051413556863,-1.9405237276444682,-0.003708347003309631,0.06911872247349435,-1.7597294705316922,-1.9333267014219552e-05,0.02251241642102585,-1.0349520091839222,0.001831822926847737,-0.024497452531426545,1.561191512225725,-0.0008106697611705321,-0.009842684618676876,-2.05725499891547,0.000100320097918276,-0.009565624338261062,0.5000501111286317,-0.669607395033303,-0.01656004894946191,0.500170700124127,-0.6697117647951977,-0.016327197680065537,-1.0,0.0,0.0,-0.9996983862471951,0.019573080346087488,0.014833443987138333
5,0.5,0.0006813404437293904,0.0015542499529663989,0.000426433394156143,0.0002839956352140132,0.2839956352140132,0.024333232749777386,1.394191538471759,1,0.02556091411959475,0.0015276493337534338,0.00025901911198129184,-0.8584909122566959,-0.0014866002959081537,-0.002771609202730604,-1.9406341938753147,0.0004686205135271451,0.00805632005667193,-1.759646430350864,0.001346114331825316,0.0029010381951111064,-1.0348608825605925,0.00035822138165407524,-0.0026382660079696564,1.5610734785230587,-0.0014018359628802355,-0.0012674162078848716,-2.057280635043324,-0.00046645909077525245,-0.0009413058667339222,0.4998981460444623,-0.669607395033303,-0.01656004894946191,0.5000179657332657,-0.669714316370032,-0.016325817032875476,-1.0,0.0,0.0,-0.9997039614995914,0.019289337367412875,0.01482939061289498
6,0.6000000000000001,0.0008354962901992311,0.0015229440733383393,-0.00028808620449816613,0.0002909565668897155,0.2909565668897155,0.024173590445405405,1.3850447081995017,1,0.0257137372577451,0.0015296386241173074,2.2968751248296428e-05,-0.8586209900268196,-0.001017317838195291,0.004363677113019688,-1.9406455640798217,-0.0010040822588449762,-0.013657641222999877,-1.759530320670493,0.00087581485904628,-0.0043843210879087645,-1.0348035927728945,0.0008983001560192926,0.005055685406926001,1.560942210481325,-0.0011800375437733663,0.0020578494963845503,-2.057317766694238,-0.00023385819888476714,0.002135564058280074,0.4997439901979925,-0.669607395033303,-0.01656004894946191,0.4998651169965706,-0.6697188782472902,-0.016320141643442344,-1.0,0.0,0.0,-0.9997078329905243,0.018888773853654384,0.015081872552685966
7,0.7000000000000001,0.0009869009923962866,0.0015120176635981066,4.526328441322787e-05,0.0002914759941208876,0.2914759941208876,0.02391611980278287,1.3702927270287093,1,0.025866679375866383,0.001529371826284415,-4.8207286007157005e-05,-0.8587108689606523,-0.0008785716567840163,-0.0015124748679033813,-1.9407823868052254,-0.0014220276425823924,0.005115434053203724,-1.7594545274199036,0.0007398828817264419,0.0015909880090304415,-1.0346997243385425,0.0010702753149307161,-0.00155524048886261,1.5608300246354938,-0.0011084629207791868,-0.0005811043083349866,-2.057335076597895,-0.0001574499323624725,-0.0005735333827306754,0.49959258549579544,-0.669607395033303,-0.01656004894946191,0.499712117762473,-0.6697213292812003,-0.016319863022464166,-1.0,0.0,0.0,-0.9997140232382804,0.018622427305467013,0.015002564513561549
8,0.8,0.001138522545729446,0.001519407448448491,1.559121381587595e-05,0.00029307273646786625,0.29307273646786625,0.023669719999896813,1.3561750582504828,1,0.02601954888697616,0.0015286438839508816,-1.2968079906030996e-05,-0.8588067499870218,-0.0010160424795607756,-0.0006121187974405358,-1.940898001752476,-0.000964427835878306,0.002188989380596661,-1.7593721567458955,0.0008837766281191741,0.0006548971653356606,-1.0346007790496459,0.0009345841737356857,-0.0005315511116488821,1.5607160580590609,-0.001159749193333772,-0.00013488385192760109,-2.057354179573996,-0.00021793963110714503,-0.00037779328487262025,0.4994409639424623,-0.669607395033303,-0.01656004894946191,0.49955919444550745,-0.6697243292842355,-0.0163187202152231,-1.0,0.0,0.0,-0.9997198852559185,0.018324885950370788,0.014978303602182563
9,0.9,0.0012904306915739502,0.0015174224036718822,-4.727644413136174e-05,0.0002958168518428768,0.2958168518428768,0.023436002194604587,1.342784014410178,1,0.02617241817069823,0.0015288528691374753,-1.5494118867216713e-06,-0.8589088626920212,-0.001005444051199807,0.0004505406374029444,-1.940991731473758,-0.0009754915599369748,-0.0011501158959480095,-1.7592831333068135,0.0008757082072384055,-0.00040359838376190406,-1.034507102631659,0.0009615210474317568,0.000622550969631407,1.5606006243158503,-0.001139207459487936,0.00034422304489228444,-2.0573770812251513,-0.00023376513217889027,-5.4467820216943076e-05,0.49928905579661775,-0.669607395033303,-0.01656004894946191,0.4994062755701858,-0.6697278893418337,-0.016316639302712644,-1.0,0.0,0.0,-0.9997253894699782,0.017995596170118637,0.015010135495141217
10,1.0,0.0014419846913503317,0.0015140709412336127,-1.629945260725974e-05,0.00029819052262105406,0.29819052262105405,0.02319413005830772,1.3289257618185544,1,0.02632530189988735,0.0015288174995399938,4.423976528336013e-06,-0.8590077824401445,-0.0009791576496721113,7.40233338237033e-05,-1.941092798172855,-0.0010235659196944243,0.00018271426042061446,-1.7591967107302964,0.0008613669029301641,0.00011747887076057305,-1.0344086407610695,0.0009996851487284084,0.00014458368123131167,1.5604878909441473,-0.0011207235010021264,2.374430503324758e-05,-2.057400931262065,-0.0002452329938042836,-0.0001753325418107136,0.4991375017968414,-0.669607395033303,-0.01656004894946191,0.49925333875329775,-0.6697315129199725,-0.016314907893111363,-1.0,0.0,0.0,-0.9997310282239201,0.017671068416257256,0.015020138060997813
11,1.1,0.0015933154820433068,0.001512556252213458,-1.7040813141510383e-05,0.0003006378393795851,0.3006378393795851,0.022947700636710467,1.3148063960131817,1,0.026478182840338364,0.0015287829936755548,-2.7103251066969136e-08,-0.8591057757100401,-0.0009824591507724878,-5.05984715454041e-05,-1.9411926763321923,-0.0009708381813138164,0.00046812517129881135,-1.7591093968521765,0.0008861885193023441,0.00022818380247918317,-1.034308525647083,0.0010013621478841789,3.393103194277627e-05,1.5603756383963372,-0.0011236176220624687,3.953618346147697e-05,-2.0574264142307226,-0.00026318670885411695,-0.0001163701357428819,0.4989861710061484,-0.669607395033303,-0.01656004894946191,0.49910040395502425,-0.6697353153479751,-0.016313127227144623,-1.0,0.0,0.0,-0.9997367130718896,0.017335157626702995,0.015033191486568592
12,1.2000000000000002,0.0017444710320317373,0.0015103997805093383,-2.4782957788178227e-05,0.00030337882694077734,0.30337882694077734,0.022703017451442147,1.3007870821794894,1,0.026631061783579768,0.0015287968016243429,1.6024010082175134e-06,-0.8592042371194898,-0.0009863899944434517,-2.8873180327237415e-05,-1.9412880297926047,-0.0009423202165091066,0.00010183864648440179,-1.7590198627551992,0.0009022355228099409,9.365113257737651e-05,-1.034208016892298,0.0010108323065931791,0.00015611990217654197,1.5602638307914818,-0.0011089732658613135,0.00025204415536250193,-2.05745303424751,-0.0002664126281456169,5.139868607380094e-05,0.49883501545616,-0.669607395033303,-0.01656004894946191,0.49894747106383247,-0.6697394318487093,-0.016311133846833848,-1.0,0.0,0.0,-0.9997422975684843,0.016987716677139466,0.015058417399763581
13,1.3,0.0018953826391608134,0.0015078689424189943,-2.3868478752796243e-05,0.00030626299443040804,0.30626299443040805,0.0224571750252998,1.2867013487362762,1,0.02678394247101804,0.0015288085016533838,1.986043641921285e-07,-0.8593031025171909,-0.0009919176567005443,-8.554528304993463e-05,-1.9413814630225894,-0.0009224784148260942,0.00031478393349205764,-1.7589289975224043,0.0009172938602820922,0.00021777088396397677,-1.0341061045550712,0.0010277716195305913,0.00018019614804448981,1.5601542710084726,-0.0010818154501488436,0.00028329857753178246,-2.057479300054384,-0.00025791579565971785,0.00011435887474055007,0.4986841038490309,-0.669607395033303,-0.01656004894946191,0.49879453617884095,-0.6697437698907055,-0.016309043729279826,-1.0,0.0,0.0,-0.9997478482424056,0.01663023127296443,0.015088914556311742
14,1.4000000000000001,0.0020460531799478755,0.0015055677590462824,-2.259110459021685e-05,0.0003093916581248004,0.30939165812480035,0.022212918826276285,1.2727064994123214,1,0.026936822988576282,0.001528799986201349,1.9491553025279427e-07,-0.8594028181372626,-0.0010031297775047153,-0.0001238443928018214,-1.9414717619781758,-0.000880665970665906,0.0004619757451844058,-1.7588359632947665,0.0009451113371730086,0.00030987652522463104,-1.034002394321452,0.001046588785125899,0.0001852383588041273,1.5600475471789585,-0.0010521555932879168,0.0003161306292226729,-2.057504428307927,-0.00024414516612909933,0.00013425576546608582,0.49853343330824385,-0.669607395033303,-0.01656004894946191,0.4986416017144471,-0.6697483839327352,-0.016306780466911135,-1.0,0.0,0.0,-0.9997533032624893,0.01626183984553177,0.015128951734317149
15,1.5,0.002196492871742898,0.001503193685031412,-2.500112146366291e-05,0.0003128702841779503,0.3128702841779503,0.021971525832405556,1.2588756996595014,1,0.027089703056645983,0.0015288012229748588,-2.8842945629506116e-07,-0.8595037307996396,-0.0010149341050561048,-0.00011216930088895442,-1.9415575945747454,-0.0008367491017758018,0.0004164529477749538,-1.7587399078904522,0.0009759505251707644,0.0003068040449649056,-1.033896862853839,0.00106351147676591,0.00015316570286520742,1.559944003292415,-0.001017820964076136,0.0003705196574356188,-2.057528283293661,-0.00023407107408841927,6.733942347459088e-05,0.49838299361644883,-0.669607395033303,-0.01656004894946191,0.49848866857776913,-0.6697533167858675,-0.016304261030669672,-1.0,0.0,0.0,-0.9997586357363742,0.01587890917414862,0.015183231341941572
16,1.6,0.0023466875055740653,0.0015007143861905023,-2.4133557403931494e-05,0.0003166899088585532,0.3166899088585532,0.021734106002371738,1.2452725454258502,1,0.027242583470875204,0.0015288077112173813,-4.026893189286454e-08,-0.8596057455077128,-0.0010245921660265553,-6.94939095623754e-05,-1.9416392372784426,-0.0007961487055157661,0.0004097085865581533,-1.758640767630645,0.0010072019080256498,0.000325564377866366,-1.0337898374688124,0.0010754043492946415,6.37939739568961e-05,1.5598441444985718,-0.0009789267542444475,0.0003986695377619025,-2.057551474436335,-0.00023111241339359925,-1.2902635829868156e-05,0.4982327989826177,-0.669607395033303,-0.01656004894946191,0.4983357365999615,-0.6697585320350177,-0.016301487637543202,-1.0,0.0,0.0,-0.9997638236152718,0.015481610554046326,0.01525177775947517
17,1.7000000000000002,0.0024966416804565825,0.0014984018209432946,-2.2463555393332027e-05,0.0003208977678424183,0.3208977678424183,0.021504596624011822,1.2321226266871559,1,0.027395464098620325,0.0015288041950233975,-3.777776221232521e-07,-0.8597084523734593,-0.0010285485401302975,-9.495091859236394e-06,-1.9417167786222793,-0.0007544274323942353,0.0004248998888578416,-1.7585383689270284,0.0010412777701808104,0.00035569745992688123,-1.0336821795263507,0.0010757437374807907,-5.7064584576217377e-05,1.5597482690948707,-0.0009383410299807264,0.00041326982337295826,-2.0575747956252526,-0.00023676223294855905,-9.991032848776966e-05,0.4980828448077351,-0.669607395033303,-0.01656004894946191,0.49818280622609096,-0.6697640664824653,-0.016298444000609796,-1.0,0.0,0.0,-0.9997687850726258,0.015074446332518797,0.01533419258304259
18,1.8,0.0026463691027261596,0.0014961249561976178,-2.3535447254126103e-05,0.0003254931424916158,0.32549314249161576,0.021283269216008382,1.2194415003179888,1,0.027548344229059146,0.0015288004617659806,-9.533597905342483e-08,-0.8598112422262408,-0.001026106905766627,5.8696018215013673e-05,-1.9417901219069438,-0.0007127157626039091,0.0004088312263255632,-1.7584327262720625,0.0010687185744985743,0.0001886453715090718,-1.033574617591268,0.0010785320677071319,0.00011892017761307742,1.5596562223319337,-0.0009055776969268251,0.00023823164641152364,-2.0575990639821944,-0.00024949065738342195,-0.00015377613873898734,0.4979331173854656,-0.669607395033303,-0.01656004894946191,0.4980298789672931,-0.6697698676564746,-0.0162951232451389,-1.0,0.0,0.0,-0.9997735197751378,0.01465524260517943,0.015431559241227013
19,1.9000000000000001,0.0027958623720442267,0.00149372858604944,-2.4129185817349106e-05,0.00033046932096728943,0.3304693209672894,0.021070908728101086,1.2072741406255616,1,0.027701224478227773,0.001528805700356572,-1.375085145810622e-07,-0.859913450166888,-0.001017213893270252,0.00010263215711945708,-1.941859386076634,-0.0006735211037858116,0.00033689028774733037,-1.758325192349921,0.0010793398792718401,3.6113290382649985e-05,-1.0334658757273274,0.0010986537877350217,0.0002451737333856956,1.5595665648218768,-0.0008900477343361552,0.0001004242549846604,-2.057624870545999,-0.0002675732562376141,-0.00021096484188259145,0.4977836241161475,-0.669607395033303,-0.01656004894946191,0.4978769540704052,-0.6697759496469954,-0.01629155531091184,-1.0,0.0,0.0,-0.9997780166159427,0.014226265658500561,0.015541263040871871
20,2.0,0.0029451174842569767,0.0014913962737022315,-2.2419447986744336e-05,0.0003357767957092423,0.3357767957092423,0.02086497502646005,1.195475008662024,1,0.027854104997058926,0.0015288045974951908,2.1919771604725187e-07,-0.8600146763339476,-0.001007484000592729,9.191982095998538e-05,-1.9419253807514754,-0.0006496316712588767,0.00014117490117016032,-1.7582172630456867,0.0010773935155790357,-7.479497472303312e-05,-1.033354779838354,0.0011233060142017623,0.0002479585942072053,1.5594779831629295,-0.000882369800074099,5.315292765479114e-05,-2.0576527950173715,-0.00029203594160912585,-0.00027821908887111057,0.49763436900393476,-0.669607395033303,-0.01656004894946191,0.4977240308002034,-0.6697823058147142,-0.016287811851746006,-1.0,0.0,0.0,-0.9997823343054234,0.013786430626760958,0.015659448948547438
21,2.1,0.003094146118069869,0.0014891954652196593,-2.147645073532593e-05,0.0003413006991452761,0.3413006991452761,0.020663500461874113,1.183931366432014,1,0.02800698550820175,0.001528805660116347,-2.8839324749120566e-09,-0.8601149893043267,-0.0009991553903236263,7.037630872983002e-05,-1.9419898662234973,-0.0006406985924407712,9.008394765808289e-05,-1.7581099773401656,0.0010693692898069806,-2.7444715392312077e-05,-1.0332412750640811,0.0011449345382317738,0.00014663696949411897,1.559389986744813,-0.0008769060186715074,8.479682137419833e-05,-2.0576834318626784,-0.0003199187090173869,-0.00024135603644419838,0.4974853403701219,-0.669607395033303,-0.01656004894946191,0.49757110908955354,-0.669788857165429,-0.016284002959437795,-1.0,0.0,0.0,-0.9997865174705619,0.013337579420276606,0.015780635579525384
22,2.2,0.0032429599603485005,0.0014870987519568937,-2.0603356541493536e-05,0.0003470871346648551,0.3470871346648551,0.02046840677282883,1.1727533214400816,1,0.02815986599963908,0.001528804234657338,-1.7286471492812468e-07,-0.860214599797001,-0.0009935221955212792,4.242511215814009e-05,-1.9420534322528338,-0.0006300891973897856,0.00012212392824108377,-1.7580029462671543,0.0010735614347083483,0.00011099071614144926,-1.0331263164176283,0.0011515647373710623,-1.3915156559340704e-05,1.5593028480677145,-0.0008645910920324448,0.00016148210210030145,-2.057716469355077,-0.00033922332082946503,-0.00014484733880799802,0.4973365265278432,-0.669607395033303,-0.01656004894946191,0.497418188767494,-0.6697956627793749,-0.01628012750788569,-1.0,0.0,0.0,-0.999790529475483,0.012883976036916794,0.01590284039452146
23,2.3000000000000003,0.003391569968226336,0.001485123730594216,-1.8946757886156266e-05,0.0003531419080393561,0.35314190803935613,0.020280706199899235,1.1619988707990283,1,0.02831274652162477,0.0015288057141071977,1.384334561301547e-07,-0.8603139182816535,-0.0009948170195764403,-7.224123889514205e-05,-1.942115974476282,-0.0006224803229009835,2.405976829801868e-05,-1.7578952172458775,0.0010785802326585762,-2.339056967498007e-05,-1.0330113494894777,0.001146785066095935,-7.710320498488311e-05,1.5592175249863454,-0.0008382833714319327,0.0003707819321534188,-2.0577507287592174,-0.00034175931498616114,0.00010094343930234289,0.4971879165199654,-0.669607395033303,-0.01656004894946191,0.497265270636624,-0.6698026743486247,-0.01627616246359629,-1.0,0.0,0.0,-0.9997943535268152,0.012422858257639465,0.016028825552995785
24,2.4000000000000004,0.003539989167216078,0.0014832831560667192,-1.7831936861585146e-05,0.00035938380499263224,0.3593838049926322,0.020101793199703764,1.1517479109878044,1,0.028465627065587376,0.0015288058872546305,-7.461646891669221e-08,-0.8604139547805336,-0.0010076239202405782,-0.00016699107562632705,-1.9421782711526947,-0.0006248383444497517,-4.854828900867709e-05,-1.7577877123313603,0.0010699686968425016,-8.912748481044715e-05,-1.0328971497864503,0.0011366460038377154,-9.869705752754252e-05,1.5591358996892852,-0.0007915159974326921,0.0005068589527472995,-2.0577839913519638,-0.00032033916989119855,0.00025865094177269626,0.49703949732097563,-0.669607395033303,-0.01656004894946191,0.49711235490846317,-0.6698098148272531,-0.01627216925539912,-1.0,0.0,0.0,-0.9997979657584172,0.011960695849719686,0.016154547970203152
25,2.5,0.00368823064949869,0.001481565971727287,-1.6288962446257752e-05,0.0003657894823441666,0.3657894823441666,0.01993059477950764,1.1419389640512592,1,0.0286185075758727,0.0015288034259878212,2.5770084629459804e-07,-0.8605156059323996,-0.0010259339159399527,-0.0001993374548156284,-1.942240979044817,-0.0006291314740673697,-3.742527488746664e-05,-1.7576809024005027,0.0010688096695711672,6.592938018534635e-05,-1.0327838481611888,0.0011306863894383942,-2.041703965929784e-05,1.55905915327509,-0.000744698552807052,0.00042949160044774475,-2.0578148934543306,-0.000299313383754098,0.0001619426491136146,0.49689125583869304,-0.669607395033303,-0.01656004894946191,0.49695944120118885,-0.6698170868121862,-0.016268189292085747,-1.0,0.0,0.0,-0.9998013922703874,0.011498862452375946,0.016277351642580807
26,2.6,0.0038363057504813987,0.0014799295534914034,-1.6776065463050352e-05,0.0003723599086333159,0.3723599086333159,0.019765971129637235,1.1325067237056459,1,0.02877138788324431,0.0015288007588118958,-6.069173118717128e-08,-0.8606191389045181,-0.0010418119751427158,-3.7851627403788415e-05,-1.9423040348021503,-0.0006310006321372816,1.8528683114416507e-05,-1.7575735563580464,0.0010768876501913377,7.171565319063903e-06,-1.0326707989690769,0.0011301486980194694,-2.3866134727725444e-05,1.5589866473310583,-0.000708467092631292,0.00025370080957835573,-2.0578442177255867,-0.00029011404182621703,-9.289213066467812e-06,0.49674318073771034,-0.669607395033303,-0.01656004894946191,0.4968065301152656,-0.6698244526981026,-0.016264203165188233,-1.0,0.0,0.0,-0.9998046595526309,0.011029237185899167,0.01640117873645115
27,2.7,0.0039842132383498445,0.0014782001041786922,-1.7758475037331786e-05,0.00037920182657491855,0.3792018265749186,0.019611185955912387,1.1236381865200127,1,0.028924268022954884,0.001528801279960101,1.2508880654649054e-07,-0.8607230122107555,-0.0010306884084391396,0.00025993244917842876,-1.9423668966734973,-0.0006247820944030528,0.0001057147466229807,-1.7574661812377939,0.0010671228050203286,-0.00020218077323644505,-1.0325580045407003,0.001124727321621828,-8.44478691273576e-05,1.5589166588707206,-0.000695395703148862,7.98284924727531e-06,-2.057873649359441,-0.00030224898676254176,-0.00023315233106588644,0.4965952732498419,-0.669607395033303,-0.01656004894946191,0.4966536214798385,-0.6698320355654599,-0.016260172073650696,-1.0,0.0,0.0,-0.9998077068557929,0.01055934205265803,0.016524212755103868
28,2.8000000000000003,0.004131946506657919,0.0014764960805701433,-1.557937557935493e-05,0.00038623345110683904,0.38623345110683904,0.019466286630171768,1.115336066700784,1,0.029077148645422338,0.0015288053863235624,3.884691389613318e-07,-0.8608246088775452,-0.0010006723901011428,0.0003142308560242248,-1.9424287716751472,-0.0006122222345323578,0.00013964843280846165,-1.7573605152603142,0.0010469589898013483,-0.00017577211638237762,-1.0324459635017984,0.0011163231405000183,-7.599915282662665e-05,1.5588469781594985,-0.0006992127492452612,-6.626327867332992e-05,-2.0579049863419216,-0.00032243078451184407,-0.00013656622585268803,0.4964475399815338,-0.669607395033303,-0.01656004894946191,0.4965007151710405,-0.6698397282046036,-0.016256124657099073,-1.0,0.0,0.0,-0.9998105378253709,0.010088361557378783,0.016646723834745348
29,2.9000000000000004,0.004279520183229677,0.001475007513688025,-1.4150053108891596e-05,0.0003934233016510661,0.3934233016510661,0.019333081310328588,1.1077039640650794,1,0.029230029266140555,0.0015288031527878933,-7.549748581006974e-10,-0.8609230630846233,-0.0009682261685313576,0.0003120704885796356,-1.9424892512227332,-0.0005972170326432702,0.000131653127048443,-1.7572566107775638,0.0010318619248569987,-0.0001410842651678658,-1.0323346855747313,0.0011094643620041657,-6.461136532257653e-05,1.5587766392920315,-0.0007081864186128618,-8.873124930371685e-05,-2.0579376883122227,-0.0003293851148604614,-3.6702435495577563e-06,0.49629996630496204,-0.669607395033303,-0.01656004894946191,0.49634781236949627,-0.6698474587684895,-0.016252052112726647,-1.0,0.0,0.0,-0.9998131218043909,0.009616847922373738,0.016770143225272503
30,3.0,0.004426950088622871,0.0014735895382275248,-1.4202625443226156e-05,0.00040085007142704913,0.40085007142704915,0.019211977502191273,1.1007652269758492,1,0.029382909585821015,0.0015288032166867458,8.983587515036802e-09,-0.8610185150905908,-0.0009427086003306991,0.000198384640459254,-1.9425485661336979,-0.0005915922650141346,-1.901583829798174e-05,-1.757154197994128,0.0010157147950520975,-0.00018181371968276568,-1.032224073849392,0.00110265370429528,-7.158971398248907e-05,1.5587055442390945,-0.0007120445425752144,1.1469350245765241e-05,-2.0579704324409787,-0.000323373168889254,0.0001237848020263874,0.49615253639956886,-0.669607395033303,-0.01656004894946191,0.4961949129982173,-0.6698553291853577,-0.016247937334979246,-1.0,0.0,0.0,-0.9998154556366107,0.009147716048009924,0.016893015161945947
31,3.1,0.0045742388703722305,0.001472214416386844,-1.2064036899173368e-05,0.00040840444857224637,0.4084044485722464,0.019099437905227005,1.0943171830416933,1,0.029535790158574556,0.0015288081689483987,4.696328721511356e-07,-0.8611119652240533,-0.0009274834132554237,0.00012655923417225357,-1.9426080413903168,-0.000599258241204509,-0.00010023165104823752,-1.7570536141056619,0.0009948509373331098,-0.00024812369522313015,-1.0321141775391567,0.0010951697202986057,-7.74291759168423e-05,1.558634559767801,-0.0007061247175635865,0.0001025054818663262,-2.058001963550526,-0.00030609185236108236,0.00019338304508296654,0.4960052476178195,-0.669607395033303,-0.01656004894946191,0.4960420157982413,-0.669863269627765,-0.01624386785193868,-1.0,0.0,0.0,-0.999817611280396,0.0086792379065319,0.01701220158958778
32,3.2,0.00472140347847037,0.0014711359943463754,-9.17565270239057e-06,0.0004159769083753565,0.4159769083753565,0.018993599931263382,1.0882531138213623,1,0.02968867104574111,0.0015288111889480644,-6.359716283163578e-08,-0.8612041301366049,-0.0009163222853376147,9.649239146615184e-05,-1.9426684894856456,-0.0006099245201967804,-0.00011323547760943426,-1.7569555246326458,0.0009654049962366501,-0.0003405462243872456,-1.0320050583771674,0.0010871241411797455,-8.324271278981964e-05,1.5585645987117407,-0.0006917198179700844,0.0001853935837356009,-2.0580315829114024,-0.00028607063238227185,0.00020699182569347937,0.49585808300972134,-0.669607395033303,-0.01656004894946191,0.4958891202617566,-0.6698711917108702,-0.016239916492200617,-1.0,0.0,0.0,-0.9998196270034894,0.008213335427246386,0.01712467750829323
33,3.3000000000000003,0.004868475122052067,0.0014703293653796933,-7.442420485887321e-06,0.00042356684708493193,0.4235668470849319,0.018894041380027263,1.0825488290210958,1,0.02984155168184127,0.0015288046908320094,-2.7740811314436764e-07,-0.8612952487528288,-0.000905151824456743,0.00014166879972367656,-1.9427300687506592,-0.0006218592493431677,-0.0001251303750539535,-1.7568607389088893,0.0009305256958427643,-0.0003389685800273467,-1.031896887244774,0.0010742134343298731,-0.00019589455973272098,1.5584963773967448,-0.0006732958020468853,0.0001627340339544659,-2.0580590996057166,-0.00026347304953524745,0.00025087521716797166,0.49571101136613965,-0.669607395033303,-0.01656004894946191,0.49573622644563364,-0.6698791219999617,-0.01623610832325695,-1.0,0.0,0.0,-0.9998215129100245,0.007756942009391534,0.017227076739035493
34,3.4000000000000004,0.005015474885945302,0.0014696881741725252,-5.814705704165382e-06,0.00043109706545597606,0.43109706545597604,0.018799661239920374,1.0771412453231175,1,0.02999443222293689,0.0015288028443360083,-2.8865610443317804e-08,-0.8613849515031982,-0.0008879234403432438,0.00018950321525830832,-1.9427929006175066,-0.0006350271919917028,-0.00014826593659336817,-1.7567693401517717,0.0008978093571500439,-0.0003229107602277047,-1.0317906743064245,0.0010478040606310493,-0.00032114417884676426,1.558429781054112,-0.0006593667746962437,0.00012738616265634605,-2.058084107748808,-0.0002358818456635853,0.0002928567869501819,0.49556401160224645,-0.669607395033303,-0.01656004894946191,0.49558333416450634,-0.6698869726184852,-0.016232470421019978,-1.0,0.0,0.0,-0.9998232915731887,0.007308314074815071,0.017319762502368493
35,3.5,0.005162414340287677,0.0014690964406200897,-6.034232615314911e-06,0.00043850075058842603,0.438500750588426,0.0187096643822139,1.0719848052070973,1,0.030147312509755136,0.0015288027145314602,1.1250049602385868e-08,-0.8614729307350737,-0.0008730035232244851,0.00010893458415070589,-1.9428573435474663,-0.0006558182781607928,-0.00026749916656516876,-1.7566812636826492,0.0008628205808253702,-0.00037684786418090655,-1.0316875295542332,0.0010147908099873732,-0.0003391201111514806,1.558364602858865,-0.0006429816870495606,0.00020029083246896406,-2.0581062903757337,-0.0002083574368109163,0.00025764474460639685,0.49541707214790404,-0.669607395033303,-0.01656004894946191,0.49543044340919157,-0.6698946741221553,-0.016229028039629324,-1.0,0.0,0.0,-0.999824979334963,0.006869039925042072,0.01740192484609554
36,3.6,0.005309293404553139,0.0014684823446575815,-6.183174984157354e-06,0.00044574778079451257,0.44574778079451255,0.018621022961992167,1.0669060259383463,1,0.030300192820978074,0.0015288033302558975,-1.424247549655425e-08,-0.8615598106922964,-0.0008654070200536507,6.436059215654e-05,-1.9429244031386117,-0.0006842040884434233,-0.0001728371374787899,-1.7565969292290557,0.0008244041434114362,-0.0003335853780690704,-1.031587765064975,0.0009807939905039748,-0.00031681273079545966,1.5583014248594707,-0.0006195066302227743,0.00026350519271822477,-2.0581258954640327,-0.00018427446231109165,0.00022627016250070453,0.49527019308363857,-0.669607395033303,-0.01656004894946191,0.49527755269331286,-0.6699022577941369,-0.01622584411331784,-1.0,0.0,0.0,-0.9998266337614649,0.006445394490623075,0.01746880966402482
37,3.7,0.005456110917813053,0.0014678690742781872,-6.091892896277743e-06,0.0004528613752561615,0.45286137525616155,0.018534948058228504,1.0619742972306938,1,0.030453073161339873,0.0015288034381513084,6.394344383431779e-09,-0.8616460158311273,-0.0008585577697836557,7.262683404229084e-05,-1.9429930049900916,-0.0006810094234145501,0.00023656400177388416,-1.756515845900994,0.0008003684131739501,-0.00014721321971064986,-1.031491133503429,0.0009531981000226316,-0.00023514646942158422,1.5582408733984223,-0.0005907059897683445,0.0003124921070681857,-2.058143234523677,-0.00016293598953350333,0.0002005119256797727,0.49512337557037867,-0.669607395033303,-0.01656004894946191,0.49512466262106297,-0.669909699677846,-0.016222864028999563,-1.0,0.0,0.0,-0.999828232767795,0.006031852148438605,0.017524888589873854
38,3.8000000000000003,0.005602867940874081,0.0014672818830967918,-5.574888412055763e-06,0.0004600826961261549,0.4600826961261549,0.01846126937754534,1.0577528197874564,1,0.030605953585049597,0.001528804993430961,-5.0801395788160435e-08,-0.861731359925133,-0.0008451140886761373,0.0002454551500949425,-1.9430594198880333,-0.0006445347812919257,0.00042794343440559544,-1.756436389086678,0.0007883561941343603,-0.0001493168136408111,-1.0313969394627904,0.0009300824220303607,-0.00025857915958092664,1.5581832907803082,-0.0005636864613006312,0.000171023539116668,-2.058158660381649,-0.00014810541784533179,6.25749523764453e-05,0.49497661854731767,-0.669607395033303,-0.01656004894946191,0.4949717760586808,-0.6699170885045493,-0.016219839320782886,-1.0,0.0,0.0,-0.9998295956063143,0.005622414369104382,0.017583179643514527
39,3.9000000000000004,0.005749569757335719,0.001466766864224779,-4.907432851906556e-06,0.000467556442759046,0.467556442759046,0.018405571608527255,1.0545615726944255,1,0.03075883403505403,0.0015288033479644771,-1.7126201199473252e-07,-0.861814239709298,-0.0008084384823163093,0.00048808544896038284,-1.9431215695030384,-0.0005968154038739328,0.0005265010713586339,-1.7563584369958805,0.0007693153603741312,-0.0002315732524967699,-1.0313053374746401,0.0009008224789258259,-0.0003267181143760808,1.5581274065335333,-0.0005577026119690294,-5.119730142690749e-05,-2.0581734673254033,-0.00015112432072291037,-0.0001228703242851074,0.494829916730856,-0.669607395033303,-0.01656004894946191,0.49481889450444666,-0.6699245072819929,-0.016216643417442837,-1.0,0.0,0.0,-0.9998306222485681,0.005220623589777557,0.017648566609642834
40,4.0,0.005896228796206404,0.0014664671107987325,-1.1516825083745084e-06,0.00047524152319276597,0.47524152319276597,0.01836896694330194,1.0524642798665258,1,0.030911714878457824,0.001528810445683397,2.3979639026501845e-07,-0.861892769960114,-0.0007634706891986089,0.00041045933829947985,-1.943178644481314,-0.0005449518344470956,0.0005105504223004342,-1.7562825072049544,0.0007508578279485755,-0.00013714584330249338,-1.0312167509466073,0.0008722975187644953,-0.00024344393580660103,1.5580713186635518,-0.0005646376847754497,-8.693453205524627e-05,-2.058189145620712,-0.00016192407644668538,-9.250851591474825e-05,0.49468325769198535,-0.669607395033303,-0.01656004894946191,0.4946660181864669,-0.6699318787068497,-0.016213252683020457,-1.0,0.0,0.0,-0.999831295270479,0.004823713115138772,0.0177232274018885
41,4.1000000000000005,0.0060428736773405186,0.0014664704206955612,8.096249576360571e-07,0.0004831829718598708,0.4831829718598708,0.01835210302984745,1.0514980487995096,1,0.031064595554305355,0.0015288014752425415,7.382304182627543e-08,-0.8619671944342235,-0.0007263529671839831,0.0003295452573106624,-1.9432306100449104,-0.0004944039508087599,0.0005133004337694702,-1.7562079523609402,0.0007416422034541999,-5.728633719284825e-05,-1.0311306080310125,0.0008513278442801322,-0.00021291385336959576,1.5580143737471766,-0.0005739033104258544,-4.195627012344944e-05,-2.0582057451674998,-0.00016925000788140104,-3.5971523982898735e-05,0.4945366128108512,-0.669607395033303,-0.01656004894946191,0.49451314787913964,-0.66993924974495,-0.016209638288047612,-1.0,0.0,0.0,-0.9998316048835557,0.004427489341782915,0.01780896443092099
42,4.2,0.006189522970117942,0.0014665011188214905,-3.32844629890011e-07,0.0004915411176555808,0.4915411176555808,0.018355813094718065,1.0517106198583155,1,0.031217475749619052,0.0015288030324096067,-1.8565694581341277e-07,-0.8620383290409037,-0.0006978116877009092,0.00024133117444003228,-1.9432774050966655,-0.0004407103942964737,0.000560589254377322,-1.7561340005068873,0.0007381374504744155,-1.2875278648247325e-05,-1.0310467011830526,0.0008251977480106665,-0.00030975576272109634,1.5579571713747142,-0.0005661680639475452,0.0001967157363564767,-2.058222652607475,-0.00016692496141775123,8.248951961671813e-05,0.4943899635180738,-0.669607395033303,-0.01656004894946191,0.4943602842659873,-0.6699467955999349,-0.016205734022156172,-1.0,0.0,0.0,-0.9998315367930037,0.004037068565525275,0.01790530959066759
43,4.3,0.0063361715856165325,0.0014664793986225578,2.2647164342871037e-07,0.0005000881033024152,0.5000881033024153,0.018383646240747953,1.0533053416563993,1,0.03137035612369112,0.0015288059100095693,6.318125338112981e-08,-0.8621070325949414,-0.0006771519128652684,0.00018535994872239048,-1.9433187045224318,-0.00038789604138880556,0.00041723529757237366,-1.7560602869432045,0.000733444678946629,-0.0001602692386326078,-1.0309658900131613,0.0007894379996606008,-0.00040502476754323213,1.5579019013229303,-0.0005363148241805097,0.0003760251801150639,-2.058238816336232,-0.00015688973451321854,6.0230416674251584e-05,0.49424331490257517,-0.669607395033303,-0.01656004894946191,0.4942074276900041,-0.6699542096596988,-0.016201552319133998,-1.0,0.0,0.0,-0.9998310255343903,0.0036461631151781747,0.018017376984095095
44,4.4,0.006482822247555382,0.0014665542460029649,1.2262554554053143e-06,0.0005087984739679099,0.5087984739679099,0.018429158490826273,1.055913001502031,1,0.03152323665009313,0.0015288055110389339,-1.1735944748526104e-07,-0.8621738758267148,-0.0006602630014705284,0.00015244490861064764,-1.943355869271088,-0.00036001320280889946,0.00014043202728929532,-1.7559882145649721,0.0007032970234163048,-0.0004427344616681127,-1.0308891291925841,0.0007442015651583657,-0.0004997536362647791,1.5578503800235373,-0.0004918114933131251,0.0005140853742000175,-2.05825440568617,-0.00015691314462994155,-6.070006181713443e-05,0.49409666424063636,-0.669607395033303,-0.01656004894946191,0.4940545764687559,-0.6699615641749264,-0.016197187094630076,-1.0,0.0,0.0,-0.9998301878649045,0.0032633673733365115,0.018136864872859253
45,4.5,0.006629483751650701,0.0014666671361022528,6.198909593471132e-07,0.0005174251611346746,0.5174251611346746,0.018480992328908104,1.0588828616600845,1,0.03167611688556828,0.0015288027906056425,-1.5295773867202171e-07,-0.8622390089921718,-0.0006403512614315467,0.00026265249941140816,-1.9433913210697027,-0.00034932006327592435,0.00010132628844444465,-1.7559202246895926,0.0006566109134057379,-0.00046000304718363195,-1.0308171800817827,0.0006957968355974276,-0.00045170060832825466,1.557803593092629,-0.00044730707069157096,0.00033941025113043877,-2.058270513221001,-0.00016601087639872236,-0.00011321268642426876,0.49395000273654105,-0.669607395033303,-0.01656004894946191,0.4939017280970771,-0.6699687259709459,-0.016192845586103167,-1.0,0.0,0.0,-0.9998292313218143,0.0029030822652104725,0.01825048787817173
46,4.6000000000000005,0.006776152960564073,0.0014667108602201642,4.1448157380357437e-07,0.0005257107232313001,0.5257107232313001,0.01853785139519384,1.0621406461853118,1,0.03182899714487354,0.0015288066331321326,5.246919751250532e-08,-0.8623015173630808,-0.0006078871862651075,0.0003634564281941654,-1.9434257603552605,-0.00033975550239507873,7.30191251083975e-05,-1.7558568342081542,0.00061136368888474,-0.0004593609018361702,-1.0307497472424973,0.0006539052365388638,-0.00039406729773561053,1.5577602010857672,-0.0004237918073748689,0.00016729284569747907,-2.0582877520538907,-0.00017937436986466797,-0.00014194029276324853,0.4938033335276277,-0.669607395033303,-0.01656004894946191,0.4937488811331652,-0.669975447849184,-0.01618864105242713,-1.0,0.0,0.0,-0.9998281789534623,0.0025592638089782876,0.01835926848650292
47,4.7,0.006922828193510957,0.0014668188736005666,1.649224681805434e-06,0.0005337741862131545,0.5337741862131544,0.01859578521432984,1.0654600095128788,1,0.031981877716263485,0.0015288057609194278,-1.7073750800136417e-07,-0.8623605377014645,-0.0005730098387050675,0.00033414793594812366,-1.943459576590696,-0.0003386281719251663,-5.0458575818984024e-05,-1.7557981281062354,0.0005614245613143696,-0.0005394957671519124,-1.030686304883322,0.0006151649524058816,-0.0003808021721246949,1.557718711543742,-0.0004054681799603236,0.0001992202364442029,-2.058306333951816,-0.00019161186631268221,-0.00010280176418200898,0.49365665829468075,-0.669607395033303,-0.01656004894946191,0.4935960344752272,-0.6699819008942831,-0.016184569263627987,-1.0,0.0,0.0,-0.9998271033685685,0.002232152019260176,0.018460250999939597
48,4.800000000000001,0.007069521217240066,0.0014670561028485563,2.6850174994623065e-06,0.0005415430156552858,0.5415430156552857,0.01864823797873393,1.0684653315370272,1,0.03213475816886742,0.0015288034584382962,2.9394195501193945e-08,-0.8624162162306989,-0.000541012707964333,0.000307017860914745,-1.9434938791114127,-0.0003486710884886103,-0.00012405334354981625,-1.7557448148060752,0.0005035806558850894,-0.000614937739342036,-1.0306266898107712,0.0005764998511954132,-0.00042037711941907455,1.5576792277556955,-0.00038307334350558985,0.0002682443001832623,-2.0583259239503597,-0.00019866491436406199,-9.953136412746256e-06,0.49350996527095164,-0.669607395033303,-0.01656004894946191,0.49344318692527034,-0.6699880689443468,-0.016180711548453637,-1.0,0.0,0.0,-0.9998261266490349,0.0019297580352999994,0.018547034908932447
49,4.9,0.0072162404073314226,0.0014673305581072492,2.830656845731356e-06,0.0005487621009609777,0.5487621009609777,0.018693428165632575,1.071054538521727,1,0.032287638526194734,0.0015288036990155848,3.049396861946918e-09,-0.8624688233013101,-0.0005115381356713583,0.00028246148904204136,-1.943529396462723,-0.00036197611563303745,-0.0001420578986189534,-1.7556976486605942,0.00043856993876062906,-0.0006852856831072395,-1.0305713058409904,0.0005295382158309146,-0.0005188672191039224,1.55764244562246,-0.0003507292940814399,0.0003786529160427651,-2.058345585767328,-0.00019202648157583082,0.00014274727818714084,0.4933632460808603,-0.669607395033303,-0.01656004894946191,0.4932903368961978,-0.6699937193069774,-0.016177194342838278,-1.0,0.0,0.0,-0.9998252829596193,0.0016453866245806504,0.018619781351374046
50,5.0,0.007362986264866151,0.001467565116880081,1.8111791674957189e-06,0.0005554307818183634,0.5554307818183634,0.018728045540498558,1.07303796799937,1,0.032440518651349434,0.0015288008716990674,2.2580023890078527e-07,-0.8625184476391873,-0.0004783616212918134,0.00041778360303990325,-1.9435659733077872,-0.00036301396979277525,0.0002053511309974033,-1.7556570552433366,0.0003774416258971735,-0.0004718875638101809,-1.0305209701055704,0.00047820154623828446,-0.00047500139122264625,1.557609255695633,-0.00031491670235121055,0.00029222435372828137,-2.05836398152844,-0.00017640628993569724,0.00013198919200216287,0.4932165002233256,-0.669607395033303,-0.01656004894946191,0.49313748410615926,-0.6699988375103377,-0.016174001551086725,-1.0,0.0,0.0,-0.9998246352808203,0.0013925182134954487,0.018675105852437743
51,5.1000000000000005,0.007509748007714918,0.001467646229744371,3.0449267890124864e-07,0.000561883230820081,0.5618832308200811,0.01876195354356916,1.0749807534670321,1,0.03259339875377139,0.001528804784091589,1.8247500107833986e-07,-0.8625638893693772,-0.0004274661748689011,0.0005869896757528689,-1.9436004865229342,-0.00031973430743945016,0.0006316048666567487,-1.7556211736078842,0.00034509929886519596,-0.00019459207846204532,-1.0304753811838658,0.0004349947140853159,-0.0003966454545626355,1.5575789832196472,-0.00029290838006025327,0.00016211609952082576,-2.0583810614962075,-0.00016617526275986894,7.638534115027454e-05,0.4930697384804768,-0.669607395033303,-0.01656004894946191,0.49298463156277555,-0.6700036486683499,-0.016170879790421384,-1.0,0.0,0.0,-0.9998239997125403,0.001163008007120669,0.018724769990401124
52,5.2,0.007656515315304794,0.0014677202345144997,1.3230388416544412e-06,0.0005682485464039793,0.5682485464039793,0.018812409047681607,1.0778716409058804,1,0.03274627927918926,0.0015288061215180805,-2.2498946765450107e-09,-0.862603745354052,-0.00037009843556208447,0.0005603515731272704,-1.9436293079201967,-0.00025675457106595856,0.0006279913056586245,-1.7555876701529953,0.000324636394475394,-0.00021464333225408182,-1.0304339263116264,0.00039349097911017995,-0.0004334096532751331,1.557550644122547,-0.00027246333163918733,0.000246770679477336,-2.0583972943178277,-0.0001584542656282362,7.80221355130547e-05,0.4929229711728869,-0.669607395033303,-0.01656004894946191,0.4928317836495915,-0.670008038537017,-0.01616752375407019,-1.0,0.0,0.0,-0.9998230518515988,0.0009487952352041411,0.018787356752799758
53,5.300000000000001,0.007803296112152998,0.001467924281759351,2.7014591947144218e-06,0.0005746889171014568,0.5746889171014568,0.018878341478514322,1.0816492909256332,1,0.03289915991064,0.001528806717567951,-4.5127677283074264e-07,-0.8626380067318996,-0.00031613576476286403,0.0004928939219868338,-1.9436518615988232,-0.00019514924207717128,0.0005684431885357238,-1.7555563236238045,0.00030130470903596987,-0.00028240663698889205,-1.0303968051885983,0.0003483449324039109,-0.0004683580173818477,1.557524778724913,-0.00024306201334767602,0.0003584990140614196,-2.058412732795557,-0.00014940396565036113,0.00014395569065105016,0.4927761903760387,-0.669607395033303,-0.01656004894946191,0.4926789409619608,-0.670012195391868,-0.016163884119364074,-1.0,0.0,0.0,-0.9998218094037432,0.000748670396927803,0.01886236817745352
54,5.4,0.007950109100355334,0.001468383108475376,6.392105286039441e-06,0.0005811480595893281,0.5811480595893281,0.01895481897057826,1.086031128448642,1,0.033052040659110375,0.0015288076953610108,3.82741864297367e-07,-0.8626673886358442,-0.0002738249514201158,0.0003533625895092743,-1.9436687978558278,-0.00014620785760803518,0.00041042225229078307,-1.755527856999991,0.00026550270061653585,-0.0004337537356202622,-1.0303643644986675,0.00029994150273351445,-0.0004998155628777745,1.557502529874781,-0.00019926009691681774,0.0005176709979072463,-2.0584266557132658,-0.00012607304237837,0.00032276345245412907,0.4926293773878364,-0.669607395033303,-0.01656004894946191,0.49252610259683877,-0.6700160878101311,-0.016160001953625946,-1.0,0.0,0.0,-0.999820362797408,0.0005679438749875592,0.018945172878974806
55,5.5,0.008096982377164554,0.001469131788140834,8.835278574799236e-06,0.0005872605572341596,0.5872605572341596,0.019037948202687612,1.0907940826026714,1,0.03320492146377123,0.0015288099747395919,-6.56033309883323e-08,-0.8626931400552763,-0.00024107874251274005,0.000346537602701167,-1.9436815106250633,-0.00010765381734638263,0.00041629267444139614,-1.755503651276129,0.0002180570267718331,-0.0004787851497651654,-1.0303369434785294,0.0002474254642000541,-0.0005600756735714818,1.5574853568803615,-0.00014412755435010683,0.0005373364793062481,-2.0584375074365666,-9.19719663241092e-05,0.0002857137226318813,0.4924825041110272,-0.669607395033303,-0.01656004894946191,0.49237326617154054,-0.6700193871931043,-0.016156063188670782,-1.0,0.0,0.0,-0.9998187837376027,0.0004114117644534802,0.01903235208325348
56,5.6000000000000005,0.008243944634000347,0.001470161154694273,1.1280720530938769e-05,0.0005930847808412204,0.5930847808412204,0.019124104527654024,1.0957304764016043,1,0.03335780225319883,0.0015288056695737563,-5.141327877179217e-07,-0.8627154126971335,-0.00020334619408190024,0.0004082715193227525,-1.9436900437859808,-6.149873223677402e-05,0.000506952674572311,-1.755484222975223,0.00017067267736478183,-0.0004690119741883828,-1.0303151264602233,0.00018766000517204934,-0.0006354249216920813,1.5574735434765903,-9.301292938347144e-05,0.0004850161696122193,-2.0584455237528165,-7.083296209733727e-05,0.00013701268391706165,0.49233554185419137,-0.669607395033303,-0.01656004894946191,0.49222043131608495,-0.6700221823352855,-0.016152065352492143,-1.0,0.0,0.0,-0.9998171398862497,0.00028070846431535554,0.019120878443147516
57,5.7,0.008391020882268004,0.00147137504685888,1.2496767459095266e-05,0.0005986379392425,0.5986379392425,0.019211753613991033,1.1007523991268928,1,0.03351068266954336,0.001528804315193564,6.126443825696323e-08,-0.8627337000034419,-0.0001624622134667862,0.00040686537315850606,-1.943694038064143,-2.286631145712756e-05,0.00025124499012925004,-1.7554697134108426,0.00011709155552363436,-0.0006089427425319322,-1.030299607013647,0.0001221035445778304,-0.00067428626193403,1.5574664899647621,-4.994675590000598e-05,0.0003738367091498368,-2.058452093646943,-6.218325549121588e-05,3.799206755595525e-05,0.4921884656059237,-0.669607395033303,-0.01656004894946191,0.4920675985995276,-0.6700244677871819,-0.016147970234848794,-1.0,0.0,0.0,-0.9998154599376561,0.0001782108951168061,0.01920974519690991
58,5.800000000000001,0.008538221784271263,0.0014726679811711135,1.3766771950532849e-05,0.0006036153268266237,0.6036153268266237,0.01929577265964496,1.1055663358415797,1,0.033663563256577426,0.0015288127882164115,-2.0993018608871687e-07,-0.8627479214408528,-0.00012230711717767766,0.0003774130327334267,-1.9436955134620995,-1.0448546699332608e-05,4.688749574197119e-05,-1.7554612922685735,4.904536045941274e-05,-0.0007405587453471408,-1.0302908297047029,5.2911245613651036e-05,-0.0007030276640797755,1.5574631815866808,-1.7436370233581664e-05,0.0003237381440466623,-2.058458278656569,-6.26282362285153e-05,-1.1701808854471574e-05,0.49204126470392046,-0.669607395033303,-0.01656004894946191,0.49191476415427243,-0.6700260423814489,-0.016144015932011167,-1.0,0.0,0.0,-0.9998138423547985,0.00010571210366784,0.019294285700313506
59,5.9,0.008685565291924654,0.0014742713368109724,1.740755663836293e-05,0.0006078838653872104,0.6078838653872104,0.019364480629653975,1.1095030125420078,1,0.0338164442477201,0.0015288045035314567,-8.897297995811132e-07,-0.8627584354540311,-8.967715527106157e-05,0.000275194355472679,-1.9436963443026323,-6.372558858002292e-06,3.4630888365414114e-05,-1.7554602368581864,-2.9406713862043208e-05,-0.0008287161296323029,-1.0302890598948597,-1.758052033072056e-05,-0.0007069408229122417,1.55746327817067,2.1588737717515453e-05,0.00045697312361849484,-2.058464456469349,-5.949001462790097e-05,7.460268353673775e-05,0.49189392119626707,-0.669607395033303,-0.01656004894946191,0.49176192473714436,-0.670026871972319,-0.016140359985810343,-1.0,0.0,0.0,-0.9998125143037458,6.892310626812402e-05,0.01936314776133827
60,6.0,0.008833090805240399,0.0014762902432836295,2.1784836823999486e-05,0.0006113356534693086,0.6113356534693086,0.019417008688120407,1.1125126485981507,1,0.03396932507367604,0.0015288085656020738,1.9220842968849423e-07,-0.86276611767664,-6.299078887834814e-05,0.000325370390691598,-1.94369668409465,4.194197035741087e-06,0.0002967186534785004,-1.7554673828817335,-0.00011210315355909442,-0.0007531221943318701,-1.0302943867943042,-8.991786645442492e-05,-0.0007618477713392133,1.557467894713764,7.128331862559969e-05,0.0004947540807563037,-2.058469922631471,-4.953692556026622e-05,9.591185176013741e-05,0.4917463956829513,-0.669607395033303,-0.01656004894946191,0.4916090805607113,-0.6700268211357439,-0.016137015164761154,-1.0,0.0,0.0,-0.9998114958094054,7.296054200543819e-05,0.0194156515244406
61,6.1000000000000005,0.008980832023946592,0.001478579055459025,2.3973690011617528e-05,0.000614162915998719,0.614162915998719,0.019465120996814758,1.1152692808289675,1,0.03412220582930292,0.001528808414540184,-2.2004255210842085e-07,-0.8627705070551077,-2.1961167814905678e-05,0.0004955267130094767,-1.9436939855275934,5.775242802001565e-05,0.0007752395379992161,-1.755482018208057,-0.0001771923997409261,-0.0005484074056089813,-1.0303073455073468,-0.00017083994686607293,-0.0008568185985259953,1.5574774348397582,0.00011889998533728095,0.0004575670359161176,-2.0584744459295425,-4.142197637675098e-05,6.635004655717255e-05,0.4915986544642451,-0.669607395033303,-0.01656004894946191,0.49145623439002384,-0.670026016559087,-0.016133822920227244,-1.0,0.0,0.0,-0.9998105605138117,0.00011044546582324883,0.019463578469975693
62,6.2,0.009128817079169264,0.0014811873054103902,2.902309477864547e-05,0.0006165951299394361,0.6165951299394361,0.019518805174308384,1.1183451576259835,1,0.034275086751538016,0.0015288055611330405,8.213352443061122e-07,-0.8627701117316698,3.0241378128546833e-05,0.0005310295434639032,-1.9436839685757212,0.00014429465543376187,0.0009110864803888003,-1.7555024025546118,-0.000230912046409974,-0.0005534795279424699,-1.0303285981395827,-0.0002518240869663016,-0.0007346134404553595,1.5574915507158789,0.00016279647094293926,0.00042044034488196257,-2.0584782578339795,-3.4614831374614874e-05,7.474528576504181e-05,0.4914506694090225,-0.669607395033303,-0.01656004894946191,0.4913033912219652,-0.6700244310463641,-0.016130421606649258,-1.0,0.0,0.0,-0.9998095141700661,0.00018016821661503664,0.019516734215285044
63,6.300000000000001,0.009277084564490166,0.0014842343720313665,3.274814474898101e-05,0.000618774941152824,0.6187749411528239,0.019590629835648462,1.1224604075857265,1,0.03442796775555995,0.0015288138340964358,1.360408962037819e-07,-0.8627644073659468,8.394076037575787e-05,0.0005255736474588279,-1.9436648455938346,0.00023897723913625916,0.0009193428875409646,-1.755528324159819,-0.0002884189603473675,-0.0006253534208181863,-1.0303571972417358,-0.00031804546639758286,-0.0006390967922567324,1.5575098711506958,0.00020313187889143088,0.00040060332898826797,-2.0584813205073247,-2.622256839290292e-05,0.00011121039725862483,0.49130240192370156,-0.669607395033303,-0.01656004894946191,0.4911505534282717,-0.6700221892307471,-0.01612672431826596,-1.0,0.0,0.0,-0.9998081097486134,0.0002823779065925219,0.019587341412824696
64,6.4,0.00942567866721022,0.001487728805707432,3.673965619702803e-05,0.0006206359586569041,0.6206359586569041,0.019674454816020717,1.1272632251788237,1,0.03458084884460349,0.0015288099684265485,-6.435741793713194e-07,-0.8627535545517405,0.0001314214589050976,0.00042385409642725115,-1.9436369192236094,0.0003138555347546393,0.000577472759879965,-1.7555606747461803,-0.00036243121422199314,-0.0008554712273671939,-1.0303924895629306,-0.0003907401424892553,-0.0008152389470704774,1.5575322851058466,0.00024613187879975206,0.00045954764220671623,-2.058483159524754,-8.277338607699604e-06,0.00024805225488470955,0.4911538078209815,-0.669607395033303,-0.01656004894946191,0.49099772056846974,-0.6700192037401081,-0.016122739731881497,-1.0,0.0,0.0,-0.9998064641568555,0.0004161046842613313,0.01966878458518021
65,6.5,0.0095746469828941,0.0014917351202800944,4.4096117502378385e-05,0.0006217847338277492,0.6217847338277492,0.019756392556665472,1.1319579119006056,1,0.03473372998335988,0.0015288130333892187,9.074769473265461e-07,-0.8627384484496137,0.00016959036539469026,0.0003574058187168687,-1.943603148585274,0.00035866184115023435,0.00040412940921089524,-1.755601542556097,-0.0004571285842997318,-0.000988104678491762,-1.0304359240909342,-0.0004803552583046666,-0.0009599891150205946,1.5575592869799877,0.00029452219228732275,0.0004968227012787485,-2.058482532229413,2.249791014455891e-05,0.0003485435509922635,0.4910048395052976,-0.669607395033303,-0.01656004894946191,0.4908448883812549,-0.6700151749839361,-0.016118747006343182,-1.0,0.0,0.0,-0.999804848824234,0.0005910199751690675,0.019746264531284256
66,6.6000000000000005,0.00972404825606818,0.001496409966124966,4.996042569299981e-05,0.0006220967804552032,0.6220967804552032,0.01983424738506438,1.1364186649825783,1,0.034886611417671604,0.001528818670197938,-2.5654746210808946e-07,-0.8627197543617379,0.00020377700721882546,0.0003263821767653338,-1.9435652671778305,0.0003989258985721584,0.0004013787475095758,-1.7556522483815482,-0.0005575363488283786,-0.0010205848264028409,-1.0304889439973655,-0.0005819180720409813,-0.0010720617569034581,1.5575912466046318,0.000344917133190152,0.0005113617924254143,-2.0584784341728035,6.0527060591294e-05,0.00041234955569514155,0.4908554382321235,-0.669607395033303,-0.01656004894946191,0.4906920539801394,-0.6700101549178622,-0.016114970904793125,-1.0,0.0,0.0,-0.9998033077636449,0.0008127403442873502,0.01981628719027069
67,6.7,0.009873948177058585,0.0015016597156869032,5.3835377814680334e-05,0.0006214288747100451,0.6214288747100452,0.019906974122166056,1.140585600076262,1,0.035039492383478185,0.0015288038616830492,-7.918376961464648e-07,-0.8626976659489223,0.00023960499322300734,0.00041021592823413107,-1.9435231865302662,0.0004456706224736413,0.0005619608688563596,-1.7557130244869732,-0.000656312019436451,-0.0009334771455774241,-1.0305525551854033,-0.0006900650353874406,-0.001070452753077374,1.5576282610642675,0.000394653371972946,0.00047398463261443517,-2.0584703570961227,9.97209534684385e-05,0.0003491195436802556,0.4907055383111331,-0.669607395033303,-0.01656004894946191,0.49053921867923855,-0.6700039113927672,-0.01611139941692325,-1.0,0.0,0.0,-0.9998018627340581,0.0010861075438318086,0.019876006739555814
68,6.800000000000001,0.010024394269203681,0.001507328801052056,5.897552496373984e-05,0.0006198798869887237,0.6198798869887238,0.01998031194757045,1.144787547950601,1,0.03519237329679367,0.0015288139329294123,2.367912176648817e-07,-0.8626714712942711,0.0002860231388157916,0.0005060901309113261,-1.9434754792842157,0.0005116289900792981,0.000738462673008236,-1.7557831374600301,-0.0007442696530674152,-0.0008504430986242987,-1.0306268741993094,-0.000795993621094391,-0.0010595949218616975,1.5576700175466176,0.0004398626319426529,0.0004532333054892903,-2.058458790821651,0.00013011284744545806,0.00026243986505768054,0.490555092218988,-0.669607395033303,-0.01656004894946191,0.49038638497743625,-0.6699964150706328,-0.016107884873603276,-1.0,0.0,0.0,-0.9998004002076052,0.0014010172079760364,0.01992979918352234
69,6.9,0.010175429212682068,0.0015134587514065607,6.328762775224532e-05,0.0006176444341219362,0.6176444341219361,0.02006744633487692,1.14977998059372,1,0.03534525442623402,0.0015288104141025205,-6.785016216518319e-07,-0.8626403045730013,0.0003376584633816051,0.0005267078526750969,-1.9434205255322328,0.0005884465814630719,0.0007981222027227638,-1.7558619383080332,-0.0008329835712036115,-0.0009240867727023223,-1.0307118745471535,-0.0009050634551954211,-0.001122025517451594,1.5577164762040456,0.0004913924285860697,0.0005778390060014104,-2.058444572097941,0.00015321021716420893,0.00019925406428711648,0.4904040572755097,-0.669607395033303,-0.01656004894946191,0.49023355554359177,-0.6699878386343575,-0.016104333607574572,-1.0,0.0,0.0,-0.9997986555557588,0.0017705041698955581,0.019987837899122635
70,7.0,0.010327104739975636,0.0015201713161531532,7.196759719302136e-05,0.0006146119931975541,0.6146119931975541,0.02016747576253158,1.1555112446254412,1,0.03549813568129086,0.0015288166755464897,9.683950331738645e-07,-0.8626038464806464,0.000392723708440414,0.000600010573510125,-1.9433576148773783,0.0006696718626548523,0.0007935047543820757,-1.7559499961348601,-0.0009298454505522683,-0.0010252183569631312,-1.0308081069014525,-0.001020887510138443,-0.001201191625091496,1.5577686760461054,0.0005530813147564001,0.0006075956025564387,-2.058428320933605,0.0001723187114238596,0.0002291980760025298,0.4902523817482161,-0.669607395033303,-0.01656004894946191,0.4900807322929113,-0.6699778893194033,-0.016100681612091366,-1.0,0.0,0.0,-0.9997966433533786,0.002185494573473686,0.02004733280978965
71,7.1000000000000005,0.010479491679415916,0.0015277202056135362,7.932864995176276e-05,0.0006107975114346768,0.6107975114346768,0.02028465299257995,1.1622250053622463,1,0.03565101736068224,0.00152882021232797,-6.439684718819279e-07,-0.8625613670915876,0.0004589678762601598,0.0007257542359611357,-1.9432867999007084,0.0007454507814375591,0.000722053216391391,-1.7560483139657193,-0.0010386391523606756,-0.0011517559141113144,-1.030916353755955,-0.0011456274995228677,-0.0012946059703031034,1.5578269093020285,0.0006104706873285866,0.0005401180500464991,-2.0584097391081655,0.00020138070855475995,0.0003527674134298439,0.4900999948087758,-0.669607395033303,-0.01656004894946191,0.489927915399215,-0.6699666307275385,-0.016097002523315286,-1.0,0.0,0.0,-0.9997942734807724,0.002657553489524807,0.020108409298222583
72,7.2,0.010632677244363701,0.0015361328675553931,8.972220626996158e-05,0.0006059540877301958,0.6059540877301959,0.020418809580737638,1.1699116116575565,1,0.03580389878006582,0.0015288108829804078,1.3055554708846229e-06,-0.8625116188862643,0.0005382626134537072,0.000861970631351953,-1.9432086513531701,0.0008179605891513627,0.0007407928387440461,-1.7561581019144898,-0.00115851447943497,-0.0012411822341020762,-1.0310374219390521,-0.0012754322098468241,-0.0012882371569584085,1.5578905629958817,0.0006617326445169292,0.00048725815547563737,-2.058387856209976,0.0002350097355223636,0.000294970310598292,0.48994680924382805,-0.669607395033303,-0.01656004894946191,0.48977510621257153,-0.6699537022277363,-0.016093390881302794,-1.0,0.0,0.0,-0.9997915433504179,0.0031958164658940262,0.020165728405048985
73,7.300000000000001,0.01078674726218554,0.00154540159425133,9.6184480514075e-05,0.0006001980706555403,0.6001980706555402,0.02057297695402444,1.1787447514855083,1,0.035956780248361374,0.0015288145794807833,-2.0222591771993845e-07,-0.8624532539973854,0.0006310106792373926,0.0009641445477584821,-1.9431230991172224,0.0008936741048226703,0.0007766883916527523,-1.7562802934908328,-0.0012864969193711851,-0.0013009460881053083,-1.0311713648385836,-0.001403301491418325,-0.0012901866412510549,1.5579590878093168,0.0007084056213182536,0.00048594471066847446,-2.0583630270653077,0.0002602466281449155,0.00022148446815888024,0.4897927392260062,-0.669607395033303,-0.01656004894946191,0.4896223055989736,-0.669939256143292,-0.016089880568483306,-1.0,0.0,0.0,-0.999788383773617,0.0037950147821609556,0.02021844539379884
74,7.4,0.010941778723461944,0.001555325435097267,0.00010336736285357714,0.000593323520339588,0.593323520339588,0.020753836284642644,1.1891072278154926,1,0.03610966133698779,0.001528806392193667,1.0423878926418156e-06,-0.8623853686392224,0.0007263292530367325,0.0009427148766906097,-1.94302976778431,0.0009737638315815532,0.0008261850023684375,-1.7564154195419042,-0.001415736411758574,-0.0012848691630958646,-1.0313182953398996,-0.0015368153898414432,-0.0013818923292446392,1.5580326371640003,0.0007653976788501841,0.0006555716813647695,-2.0583359349897323,0.0002811905030009297,0.00019745579351800863,0.48963770776472976,-0.669607395033303,-0.01656004894946191,0.4894695175676016,-0.6699227963872149,-0.016086480746001487,-1.0,0.0,0.0,-0.9997846468696742,0.004469550432537558,0.02026531526061111
75,7.5,0.01109783452102591,0.0015659143657281553,0.00010948587710403941,0.0005857390695957293,0.5857390695957293,0.020968415467008596,1.2014017093364295,1,0.036262542666380675,0.0015288191267638063,-2.103583937642235e-07,-0.862308011068536,0.0008218520026524143,0.0009969308177749142,-1.9429282102563354,0.0010573615715757808,0.0008283503057419462,-1.7565633854058833,-0.0015433037102815447,-0.0012671297644202943,-1.0314790678423333,-0.0016810403729242303,-0.001520954761260752,1.5581127066707743,0.0008379048767441948,0.0007748944732340633,-2.0583067897302603,0.0003035706933436785,0.00029718812256846106,0.4894816519671658,-0.669607395033303,-0.01656004894946191,0.48931674371901196,-0.6699048162550707,-0.016083146292535027,-1.0,0.0,0.0,-0.9997801708310176,0.005208078145524399,0.02030974975551035
76,7.6000000000000005,0.01125498795384731,0.001577297927063489,0.00012021330294666604,0.0005771526363509832,0.5771526363509832,0.02122652208714177,1.2161901293344468,1,0.03641542405291131,0.0015288096243082931,1.8274795561169793e-06,-0.8622206678634372,0.0009267732769091179,0.0011067911435236055,-1.9428183743723282,0.001138937171505399,0.0008070664767244787,-1.756724025555336,-0.0016692483254688794,-0.0012586513748416095,-1.0316550660105785,-0.0018418440167700348,-0.0016935037877543152,1.5582005225134488,0.0009199275661734248,0.0008598869601021642,-2.0582746485574726,0.00034225413886946823,0.0004694617110991409,0.4893244985343444,-0.669607395033303,-0.01656004894946191,0.4891639903281224,-0.6698844930651133,-0.01607988339244106,-1.0,0.0,0.0,-0.9997747258386248,0.006031416727401183,0.020349928416656445
77,7.7,0.011413329380639312,0.0015897214996519321,0.00012943394256310749,0.0005680195979982897,0.5680195979982897,0.02153420879558883,1.2338192791407356,1,0.03656830590877316,0.0015288244925018189,-5.139786782691223e-07,-0.8621221021592208,0.0010481852533653188,0.001324134223859944,-1.9427003532319091,0.0012224841190994617,0.0008653436540178126,-1.756897470883645,-0.0018020559746371638,-0.001400127817250734,-1.0318477141683033,-0.0020111919183052373,-0.0016952070656035805,1.558296549673647,0.0009979891402831205,0.0007009473660015007,-2.0582382512056534,0.00038394011278031806,0.00036378164185547077,0.4891661571075524,-0.669607395033303,-0.01656004894946191,0.48901125896559067,-0.6698623780029744,-0.016076689337470498,-1.0,0.0,0.0,-0.9997681478855618,0.006928510024473202,0.020387403520663705
78,7.800000000000001,0.011572971440295137,0.00160334529970836,0.00014509917257414938,0.0005581660066238014,0.5581660066238013,0.021903422758819735,1.254973680971165,1,0.036721187759751375,0.0015288181413353648,1.816152307680029e-06,-0.8620103086356007,0.001190260462844819,0.0014760403699645452,-1.94257367346978,0.0013120647961543982,0.0009238573302911626,-1.7570849156033241,-0.0019486670636030177,-0.0015100006027067724,-1.0320573308830987,-0.002181597562516318,-0.0017263488836306072,1.5583996327672551,0.0010631727271424645,0.0006794666879678145,-2.058198199399334,0.0004161489570958471,0.0003103073588570152,0.4890065150478966,-0.669607395033303,-0.01656004894946191,0.4888585578161129,-0.6698376795794321,-0.016073605760253337,-1.0,0.0,0.0,-0.9997601296259704,0.007920352844754371,0.020419383464679128
79,7.9,0.011734047252415163,0.0016184212334581683,0.00015690811580263336,0.0005480501184365951,0.5480501184365951,0.022340682868491047,1.2800268398047585,1,0.036874070030292284,0.0015288243941611154,-1.4057106736169915e-06,-0.8618838105185082,0.0013407144942467813,0.0015343021940171127,-1.9424377710809018,0.0014068420980795733,0.0009727134453789644,-1.757287415966734,-0.002102311800699673,-0.001564285364947429,-1.0322842029908759,-0.002356800364934394,-0.0017792005447918458,1.5585095874086705,0.0011384204198979086,0.00082732592478277,-2.058155016128856,0.00044771340426175593,0.0003212688756034354,0.48884543923577656,-0.669607395033303,-0.01656004894946191,0.48870589024287947,-0.6698107504406796,-0.01607062930417734,-1.0,0.0,0.0,-0.9997504573237667,0.008997488416335393,0.020446718150291282
80,8.0,0.011896702553440193,0.0016349074899167347,0.0001719246990269843,0.0005378320757560627,0.5378320757560627,0.022857932864467273,1.309663081527355,1,0.037026951731943564,0.0015288233254444914,7.068010843230658e-07,-0.8617418517250804,0.0015009483144513918,0.0016789604244823186,-1.9422921760629634,0.001505330923540475,0.0009932253182200165,-1.7575055131950534,-0.0022597980220132757,-0.0015800421690603532,-1.0325290671277305,-0.00254391135647699,-0.001977054035619016,1.5586279595098134,0.001233395621230226,0.0010836023769215653,-2.058108565761863,0.0004821812576853618,0.0003720708985380995,0.4886827839347515,-0.669607395033303,-0.01656004894946191,0.4885532669094147,-0.6697810156205216,-0.016067763896312974,-1.0,0.0,0.0,-0.9997387688269951,0.010170005071052732,0.020468637012244998
81,8.1,0.012061070480956242,0.0016526608417171047,0.00018191331832212654,0.0005280703998692763,0.5280703998692763,0.023476378671268575,1.3450974161146327,1,0.0371798335760248,0.0015288051996247415,-2.147656195767352e-06,-0.8615830871498731,0.0016778248897954856,0.0018946337450457445,-1.9421366560192994,0.0016051999788053441,0.0009968842946331655,-1.7577394041811576,-0.002418258705777685,-0.001591581745036804,-1.0327936788176069,-0.002750502123688126,-0.002085156891418888,1.5587571428458755,0.0013528463279394308,0.0012105210914527627,-2.058058397771527,0.0005218792371951801,0.0004101556433841521,0.4885184160072355,-0.669607395033303,-0.01656004894946191,0.48840069533184205,-0.6697485887814513,-0.016065009036639866,-1.0,0.0,0.0,-0.9997244424784962,0.011460652881260778,0.020486399063651527
82,8.200000000000001,0.012227281273539229,0.0016717733380678319,0.00019707770951520276,0.0005192822319300658,0.5192822319300658,0.024197117269771272,1.3863926959410113,1,0.03733271540012948,0.0015288241821088367,-6.587219679750746e-07,-0.8614052711055149,0.0018840646969468012,0.00223083002846072,-1.9419711552235028,0.001704647881497321,0.0009887703294472587,-1.7579892549568623,-0.0025792412650957218,-0.0016236188624885305,-1.033079056625841,-0.0029558320903367396,-0.002015191205995557,1.5588982755283074,0.0014676173348120098,0.0010807491409472304,-2.0580041409379066,0.0005633996869798382,0.00041932930185145905,0.4883522052146525,-0.669607395033303,-0.01656004894946191,0.4882481874682558,-0.6697129273235501,-0.016062356995992674,-1.0,0.0,0.0,-0.9997072640414217,0.012852142666584684,0.020498991479897945
83,8.3,0.012395476743572017,0.0016924735633857598,0.00021824880169893054,0.0005122963702575677,0.5122963702575677,0.02503822149791274,1.4345844183441263,1,0.037485597633269724,0.001528831576791982,1.1996383380005813e-06,-0.8612051322077967,0.0021245196766456293,0.0025822870079119493,-1.9417957109748316,0.001804809969469349,0.0010208717521271705,-1.7582553955447835,-0.0027447333590344025,-0.0016925815351033883,-1.0333847189875245,-0.0031579990793215644,-0.002043268417846799,1.5590505054103494,0.0015789933504687678,0.0011802573611767195,-2.057945763355348,0.0006031880989518045,0.00036787394000936083,0.48818400974461973,-0.669607395033303,-0.01656004894946191,0.4880957544080869,-0.6696740072923302,-0.016059827624946597,-1.0,0.0,0.0,-0.9996865601075738,0.0143621381505873,0.020506353357673018
84,8.4,0.012565843378872975,0.0017152071891535668,0.00024190450776951663,0.0005080482463912627,0.5080482463912628,0.024459667291576736,1.4014357041015322,1,0.037638480140322256,0.001528809894500011,3.193365910971927e-06,-0.8609791698862954,0.0024003998786632586,0.0029201699095195164,-1.9416100651474064,0.0019089033784419668,0.0010731426451053103,-1.7585384477603048,-0.0029175511058003446,-0.0017711195327938943,-1.0337108121439513,-0.0033655169100171435,-0.002157123869946906,1.559214553227503,0.0017052822118664326,0.0013913093561263234,-2.0578836958156685,0.000638199474088586,0.00038270789971504686,0.4880136431093188,-0.669607395033303,-0.01656004894946191,0.4879434151820565,-0.6696312395086906,-0.01605744323930019,-0.9999963900376512,0.0026869893311951983,0.0,-0.999661459995061,0.016012715888790455,0.02050751887499322
85,8.5,0.01273859494978617,0.0017401858308691476,0.00025860508908818694,0.0005078012085667932,0.5078012085667932,0.022031929305916825,1.2623365637596273,1,0.037791362807236696,0.0015288237217939346,-2.420143861517148e-06,-0.8607240759329846,0.0027063315853682246,0.003204052024468241,-1.941413712385604,0.002019306477172446,0.0011367686732892432,-1.7588391536042034,-0.0030977931730079263,-0.0018361036047085284,-1.0340584865661062,-0.0035917120156532647,-0.0023715768094400153,1.5593925640792035,0.001860463358979051,0.0017179730921856736,-2.0578177258006973,0.0006836739158695322,0.000529226046433486,0.48784089153840554,-0.669607395033303,-0.01656004894946191,0.48779117275986533,-0.6695856816427821,-0.016055154268211996,-0.9999525938272149,0.009737047716063344,0.0,-0.9996314926573815,0.017788031213991046,0.02050523916236212
86,8.6,0.012913961609736938,0.0017675771093927015,0.00028545329260528545,0.0005128388491275589,0.512838849127559,0.020692347169486643,1.1855841610310598,1,0.03794424543872157,0.0015288371213795528,-1.0047344705718512e-06,-0.8604371069916393,0.0030355986825032926,0.0033675906147176537,-1.9412060238409765,0.002134926443532506,0.0011683466596596334,-1.7591581510972858,-0.0032820508222487594,-0.0018363354091166608,-1.0344297747664952,-0.0038360680752192694,-0.0025014437144867565,1.559587562254895,0.002042549678784818,0.0019115496697983546,-2.0577465713274363,0.0007405344612897779,0.0006017536549709501,0.48766552487845477,-0.669607395033303,-0.01656004894946191,0.48763906643099386,-0.6695353066970728,-0.01605299184467784,-0.999857296745545,0.01689337576362504,0.0,-0.999595526275399,0.019714252914579494,0.020497123755011035
87,8.700000000000001,0.01309219809639277,0.0017976835831605242,0.0003169970132707077,0.0005238062341093017,0.5238062341093017,0.02340786024972415,1.341171599741239,1,0.03809712834923889,0.0015288464012575393,2.481729769474917e-07,-0.8601163916550579,0.0033828560480129526,0.0036153856361914403,-1.940986629770971,0.0022536511802927037,0.0012096829707173953,-1.7594955479825367,-0.0034662965557824693,-0.0018601094502585709,-1.0348261181114655,-0.004093147668501453,-0.0026417151254480953,1.5598017085071596,0.002243800808366866,0.0021167652695948678,-2.0576694019577144,0.0008035482648590124,0.0006436240221055708,0.4874873683208096,-0.6696035567763282,-0.01656004894946191,0.48748711454927146,-0.669480435486729,-0.016050918264333625,-0.9994512239887934,0.03312477724155456,0.0,-0.9995524537723594,0.02180015217488196,0.02048525134841134
88,8.8,0.013273606264943451,0.0018311096169382611,0.00035401663027373166,0.000541136891678024,0.5411368916780239,0.03978748482884088,2.279654958133375,1,0.03825001161322287,0.0015288455406201398,1.2885788489567823e-06,-0.8597594648618881,0.003761622192513269,0.003967810845624122,-1.940755131754874,0.002377367249489278,0.0012832567104669246,-1.7598515594192845,-0.0036550481027992515,-0.001941327168796355,-1.0352488918247846,-0.004365037467108772,-0.0027980544495903596,1.560037042378579,0.002466629311125314,0.0023229304125272536,-2.0575858054528107,0.000868866875011106,0.000696237527210866,0.48730611741988145,-0.6695960046554562,-0.01656004894946191,0.4873353460270521,-0.6694207484787765,-0.016048912865240263,-0.9983077367483677,0.058152065727296615,0.0,-0.9995009496848575,0.024058500116808164,0.020470470224147094
89,8.9,0.01345854182270991,0.001868290087094051,0.00039439234704221964,0.0005667438310145085,0.5667438310145085,0.06075195074536339,3.480830374895978,1,0.03840289503507882,0.0015288469984405697,1.911100507030381e-06,-0.8593628908434682,0.0041760612549191275,0.004338483488422749,-1.9405106614810832,0.0025154828285235803,0.0014888621601244563,-1.7602271785973183,-0.003861805911021171,-0.0022078802283007695,-1.0356995626736327,-0.004650527902931667,-0.0029248997090583276,1.560295357865872,0.002700264250270561,0.0023568375938314784,-2.0574949194161825,0.0009542611713234055,0.0010204315058508421,0.48712134218772624,-0.6695883056874498,-0.01656004894946191,0.4871837955349321,-0.6693558526177031,-0.016046956638292503,-0.996497532398797,0.08362217363300561,0.0,-0.999439479653256,0.02650245026147047,0.02045352391562918
90,9.0,0.013647398512562811,0.0019095519181492825,0.00043522984999428316,0.0005942071856498203,0.5942071856498203,0.10813781256769027,6.195840265905404,1,0.03855577842121693,0.0015288458150691366,1.598759987033599e-06,-0.8589228844206196,0.004632225637808879,0.004817540512523169,-1.9402514254103889,0.002670995609888685,0.0016050405364053505,-1.7606247218017705,-0.004091568515787718,-0.0023704094540744638,-1.0361794929928918,-0.004951556491402631,-0.00312251734321403,1.5605772052814373,0.0029372356704213424,0.0023880776428528592,-2.057394428529362,0.001049927675075992,0.00075438778541901,0.486934035658731,-0.6695648335565565,-0.01656004894946191,0.4870325045284776,-0.6692852957223634,-0.016045029862025984,-0.990853510561424,0.13494191568264438,0.0,-0.9993661949340428,0.029148093924910235,0.020435191303176295
91,9.1,0.013840596279612637,0.001955340785887405,0.0004883701147008217,0.0006288825939329988,0.6288825939329988,0.16094900142519805,9.22169849850892,1,0.03870866250009557,0.0015288700681794568,8.535802941699077e-07,-0.8584347115388856,0.005139601750535159,0.005308343204624109,-1.9399761422295452,0.0028370212627378565,0.001743291203711206,-1.7610459566376921,-0.004336297492119647,-0.002555086950121306,-1.036690633514009,-0.00527569246597078,-0.003380707253570158,1.5608830035362409,0.003183601006878985,0.0026870070227470637,-2.057286344015312,0.001109145730234858,0.0006111007565759118,0.48674260948273923,-0.6695387299871031,-0.01656004894946191,0.48688152032593934,-0.669208603633101,-0.016043121793097866,-0.9816848530297813,0.19051207135480058,0.0,-0.9992789595761278,0.032011761944162394,0.02041587729395717
92,9.200000000000001,0.014038681743235108,0.0020076191455825174,0.0005561086678466709,0.0006611022750485292,0.6611022750485293,0.24577021893132103,14.081596274770941,1,0.038861547500780504,0.0015288606863985037,-1.8614634881199284e-06,-0.857893449381902,0.0056940025505226215,0.005795012151240502,-1.939683391530374,0.003021406681417188,0.001922960643344543,-1.7614927779168712,-0.004604472371846177,-0.0027824634973969,-1.0372356120831032,-0.005629828208582643,-0.003739775387470913,1.5612158785666075,0.003485280090977991,0.00335303789289517,-2.057171931458926,0.001184474164818853,0.0009738835939138921,0.4865505938407469,-0.669493007881474,-0.01656004894946191,0.48673089845528933,-0.6691251042363041,-0.016041210466001276,-0.9610440195863887,0.2763953552743547,0.0,-0.9991760935227881,0.035087444047997636,0.020396210498995218
93,9.3,0.014242350041266682,0.0020669565268716284,0.0006222257326056571,0.000692620112265405,0.692620112265405,0.3568218169064214,20.44438414692775,1,0.03901443214498662,0.0015288319291490958,-6.658864324827465e-06,-0.8572940730543441,0.006303711018822884,0.006386395986891045,-1.9393715062307402,0.0032175049106609936,0.0019850944111142006,-1.7619673223144563,-0.004888115988520562,-0.002868996647381339,-1.0378182983914241,-0.006034112503039926,-0.004333862763413687,1.5615823618271336,0.0038566501942588365,0.004077099314462455,-2.057047276877537,0.0013225338846886761,0.0018052665706293958,0.48635637928230663,-0.6694316769682824,-0.01656004894946191,0.48658072789564444,-0.6690339260472253,-0.016039295145437227,-0.9230945922586445,0.38457297583533717,0.0,-0.9990522335370117,0.03846337080723614,0.02037654953257371
94,9.4,0.014452338678596865,0.002134220438188606,0.0007233243469544459,0.0007084994544274044,0.7084994544274044,0.521572953537217,29.883928945855516,1,0.039167316787608146,0.001528855761275388,5.19139963164948e-06,-0.8566300814241682,0.006992752306237798,0.0074298687177257365,-1.9390394380705387,0.0034274047335567668,0.002220632575606775,-1.762471141469015,-0.005194449189213809,-0.0032727587537715584,-1.0384436112842808,-0.006471888056592432,-0.004390705162109486,1.5619892625548204,0.004288613967181772,0.004558298117426508,-2.0569066304136117,0.001480832106205652,0.001289661116349183,0.48617185832849635,-0.6693356429268301,-0.01656004894946191,0.4864311063301918,-0.668933698550383,-0.016037361022699335,-0.8454641373227962,0.5340322017453816,0.0,-0.9989047604615439,0.04212926751107078,0.02035692379134264
95,9.5,0.014669505294466912,0.002210857270885643,0.0008130861428981034,0.0007161077224376473,0.7161077224376473,0.7262304717167507,41.60994098316472,1,0.03932020242413803,0.0015288682702893092,-4.762559016218901e-06,-0.8558916267126284,0.007800848663544827,0.008826830470317444,-1.9386851324217993,0.0036651192045087395,0.0025691729350457515,-1.763007837726253,-0.005551967939758422,-0.003957119295069165,-1.0391131207703566,-0.00692773337943946,-0.004853075361230344,1.5624415804539713,0.0047646554989993345,0.004954016503128305,-2.056752107631963,0.0016195657333965962,0.001746833773229263,0.48599116478184134,-0.6692151805623934,-0.01656004894946191,0.4862821360064404,-0.6688241362108573,-0.016035424958662843,-0.716389317957927,0.6977007561381713,0.0,-0.9987270401628078,0.04615947842553113,0.020337202342510807
96,9.600000000000001,0.014894885966666924,0.0022987831430260354,0.0009457868379660472,0.0006776323063644149,0.677632306364415,0.9378363591430884,53.734065252814275,1,0.03947308770637845,0.001528871707998929,4.203546027746496e-06,-0.855064785007833,0.008755303657253166,0.010079696030860176,-1.9383051345061633,0.003937775125123252,0.0027877287076272183,-1.7635840867280521,-0.005979606441276411,-0.00442471923896874,-1.0398316237411824,-0.007458704968992049,-0.005855504486550979,1.562944210952232,0.00531137364825901,0.006313209574557183,-2.056580321212384,0.001820091491362099,0.0020466681478922845,0.4858622533142016,-0.6690315452722964,-0.01656004894946191,0.48613398399479874,-0.6687026814019158,-0.016033554377211368,-0.5501588683071541,0.8350600095939162,0.0,-0.998516191779928,0.05052495668376402,0.020313628563452688
97,9.700000000000001,0.01512968411534759,0.0023995187816660997,0.0010994220823594364,0.0006323268073808684,0.6323268073808684,1.1235057934908028,64.37214022551964,1,0.039625973516649884,0.0015288274228750605,1.1351489900997963e-05,-0.8541371481502376,0.009820213189899639,0.011495850532721709,-1.9378974087755951,0.004217097602435326,0.0028330361226210207,-1.764204451200392,-0.006433162511883086,-0.00478569955279086,-1.040608357873651,-0.008084853023741905,-0.006453253218382596,1.5635095837755155,0.006007190311248563,0.007053857289701726,-2.056388058882652,0.002029351873024896,0.0023019478590236074,0.4857537132171898,-0.6688257796750842,-0.01656004894946191,0.48598686304866956,-0.6685679326796017,-0.01603185081018641,-0.38200478161414025,0.9241603469225095,0.0,-0.9982590380296805,0.05538485115598573,0.0202832752406086
98,9.8,0.015375313570155542,0.0025153017674101673,0.0012358096745248162,0.0005801770529056319,0.5801770529056319,1.2563484130884834,71.98346166792862,1,0.03977885866856971,0.0015288043790876887,8.632340003304653e-06,-0.8530950783948636,0.011044786194292769,0.012920742397604294,-1.937461607788917,0.004501612462108021,0.003002046846380782,-1.7648723113208686,-0.006932282233317289,-0.005288623959012941,-1.041448807761829,-0.00872342228396151,-0.006419978032692803,1.564144804772854,0.0066987029508891035,0.007158658120018348,-2.0561727331886077,0.0022872423399338663,0.002910507498180973,0.4856797464834579,-0.668591551684933,-0.01656004894946191,0.48584101669843144,-0.6684179677993634,-0.01603045857459545,-0.2509764574160464,0.9679931910002731,0.0,-0.99794620882212,0.06077573556774644,0.02024041164989505
99,9.9,0.01563315809612866,0.0026436678456911826,0.0013638930423067158,0.0005413454988442374,0.5413454988442374,1.343437075507846,76.97327446799767,1,0.03993174267469714,0.0015288301907521158,7.3876879685459305e-06,-0.8519247566291208,0.012371153274965576,0.013505694439419874,-1.9369960393294499,0.004811796303561158,0.0031285580179860385,-1.7655925503062708,-0.007475346886814932,-0.005466409830047231,-1.0423530453237224,-0.009366177101769829,-0.0067264597646229645,1.564851748124829,0.0074607519509802675,0.008409705532774312,-2.0559287509118387,0.0025874505851570385,0.0026084423028764525,0.4856337386491233,-0.6683385775466927,-0.01656004894946191,0.4856967204657272,-0.6682514111273798,-0.016029492397112995,-0.15990154232543324,0.9871329681263551,0.0,-0.9975654782345416,0.06675216705871574,0.02018080344425796
100,10.0,0.015904548446915284,0.002787204195767977,0.001534656718151235,0.0005329536927781228,0.5329536927781228,1.4131085814536646,80.9651577110137,1,0.04008462758092143,0.001528879093188067,7.002329748722128e-07,-0.8506196006180071,0.013755681642803719,0.014825244899385595,-1.936499257905372,0.0051319054142970584,0.0035686961853124877,-1.7663673834925615,-0.008035193416206786,-0.006227327938167787,-1.0433246057112515,-0.010087135061245268,-0.007992679256961305,1.5656422498192866,0.00836001802769255,0.009067643452531887,-2.055658448181048,0.002829201154420962,0.003155906681078523,0.48559874200003333,-0.6680695273171429,-0.01656004894946191,0.48555430970025193,-0.6680666564957941,-0.016028958403729116,-0.0841710381980503,0.9964513216051561,0.0,-0.9971022577319819,0.07336829010722198,0.020104269012498604
101,10.100000000000001,0.01618911816710723,0.0028665061825838803,0.0,0.0005634312523130337,0.5634312523130337,1.4451539625019025,82.80122279796625,1,0.040236374984094304,0.001485159500192189,-0.000866088409076419,-0.8491771383840894,0.0149118195256139,0.007626320437264751,-1.9359700782978269,0.005404162271382387,0.0019858326250503026,-1.7671990908301307,-0.008519432353163502,-0.0034865916380427586,-1.0443687820467125,-0.0106841192966859,-0.003849610337290992,1.566517336543605,0.009034946323147523,0.004705358491495713,-2.055358914975062,0.003133560575348002,0.002369624829514889,0.4855868952075731,-0.6677852042980984,-0.01656004894946191,0.48541528791249766,-0.6678620658776694,-0.016028919953881945,-0.044959361668718,0.9989888166532903,0.0,-0.9965465204731156,0.08058945525345099,0.020009303707980878
102,10.200000000000001,0.01647576878536561,0.0028665061825838803,0.0,0.0006236830548138857,0.6236830548138858,1.4663789062826877,84.01732249700768,1,0.04038059298849829,0.0013994397165989576,-0.0008504869108648506,-0.8476483538101439,0.015657160095831006,0.00724438045237905,-1.9354179295081613,0.005650471602446613,0.002778448572237406,-1.7680707009121415,-0.008926742902072102,-0.004447197608004767,-1.045458848123814,-0.011139716311669306,-0.005223049306094495,1.567445516871653,0.00953713583410057,0.005259371330752183,-2.0550350941631597,0.0033178016194685663,0.001030274561209144,0.4855794864882067,-0.6674987079612268,-0.01656004894946191,0.4852859814649161,-0.6676443941340519,-0.016029378719269242,-0.01596919675665147,0.9998724842473401,0.0,-0.9958919780900036,0.0883354493229379,0.019900160021831766
103,10.3,0.016762419403623996,0.0028665061825838803,0.0,0.0007005748157384368,0.7005748157384368,1.4699414211178647,84.22143956151606,1,0.04051631882496801,0.001315451835990259,-0.000830311211707274,-0.8460489349153203,0.016301008968061633,0.005516021185603762,-1.9348395707347334,0.005906513732401447,0.0022178850495382183,-1.7689844707610798,-0.009330802258892006,-0.003449601806460327,-1.0465970851403625,-0.011595222726188972,-0.003610312705002161,1.5684241639338976,0.010016217564650338,0.0041555494489477875,-2.0546975736513677,0.0034478209648374776,0.0017018958776880955,0.4855794864882067,-0.6672120573429684,-0.01656004894946191,0.4851675631910155,-0.6674131299530802,-0.016030243253814063,-0.004271188838722467,0.9999908784313505,0.0,-0.995142749741274,0.09643445179831142,0.019781409043222092
104,10.4,0.01704907002188237,0.0028665061825838803,0.0,0.0007808689760599719,0.7808689760599719,1.465706153868757,83.97877662303222,1,0.040643677515733445,0.0012313882277950564,-0.0008491364569506901,-0.8443946061957405,0.016753102835483674,0.003649727903689078,-1.9342400892906728,0.006061542473065491,0.0010019611979506784,-1.7699311358468353,-0.009567280636121637,-0.0014450128126041511,-1.0477703298071297,-0.011827898153516637,-0.0012206934389180559,1.5694430293344703,0.010328430787834023,0.002401988588862928,-2.0543456977273653,0.003574135259650796,0.0006601531480320651,0.4855794864882067,-0.66692540672471,-0.01656004894946191,0.4850599874318341,-0.667171116097765,-0.01603136757831873,0.0,1.0,0.0,-0.9942887902616641,0.10489684470706624,0.019658421363330014
105,10.5,0.017335720640140752,0.0028665061825838803,0.0,0.0008591800667045742,0.8591800667045743,1.4569141098492038,83.47502960741858,1,0.04076255763200205,0.0011461251825369712,-0.0008533604759456962,-0.8427028502324657,0.017071124366410045,0.003188062338428536,-1.9336297290436728,0.006141948671965551,0.0008953706282407837,-1.7708934488376793,-0.009669182904175434,-0.001034782312549436,-1.0489571044144959,-0.011895962911934408,-0.0007796867124007611,1.570488045921544,0.010576075270591206,0.002720687352818196,-2.053988166288409,0.003555382719173801,-0.00031840036803832084,0.4855794864882067,-0.6666387561064516,-0.01656004894946191,0.48496326799784206,-0.6669221258813097,-0.016032633809508503,0.0,1.0,0.0,-0.9933303529022482,0.11363621708426579,0.019535100969095328
106,10.600000000000001,0.01762237125839914,0.0028665061825838803,0.0,0.0009316284086228556,0.9316284086228556,1.4479737403852888,82.96278416984862,1,0.040872910574341066,0.0010609600936547627,-0.0008520886522701285,-0.8409776317283412,0.017465966813085588,0.005227106069963909,-1.9330095172036919,0.006281954919936668,0.0021045946702028468,-1.7718674932051863,-0.009838228038866184,-0.002674156519483985,-1.0501535879727053,-0.012070121020684476,-0.0030091408669204018,1.5715607844386965,0.010895988757129927,0.0037721314322159516,-2.0536318493314933,0.003594929615926129,0.0011218156116252404,0.4855794864882067,-0.6663521054881932,-0.01656004894946191,0.48487756376926433,-0.6666657788716193,-0.016033888330529086,0.0,1.0,0.0,-0.9922768144174516,0.12251401485795009,0.019417510987260776
107,10.700000000000001,0.017909021876657518,0.0028665061825838803,0.0,0.000995192893321207,0.995192893321207,1.4386150904802069,82.42657302834691,1,0.040974738302334925,0.0009754781792904639,-0.0008589162054094043,-0.8392003634191751,0.018103430359748575,0.006753182170070156,-1.9323685503653254,0.006546690340822451,0.0027151237836892995,-1.772867996127905,-0.010187981737854889,-0.003710127757071425,-1.0513796012964494,-0.012466740452969001,-0.004095493963508501,1.572671163225042,0.01132590901004258,0.004650683917856874,-2.053264963924937,0.0037445835968375816,0.001293405841695509,0.4855794864882067,-0.666065454869935,-0.01656004894946191,0.48480335109430256,-0.6664004340273555,-0.016034871161146252,0.0,1.0,0.0,-0.9910885746704834,0.1317966633294666,0.01931519331637529
108,10.8,0.0181956724949159,0.0028665061825838803,0.0,0.0010467493295004415,1.0467493295004415,1.42894256527357,81.87237815677271,1,0.04106797269699508,0.0008889744609033572,-0.0008725302527633708,-0.837356835767156,0.018749948759359456,0.005844320439452562,-1.9317014577401215,0.006773284276263174,0.0015132871298300934,-1.7739041649090415,-0.010508645649263668,-0.0022651910249332024,-1.0526451499051939,-0.012815277033525939,-0.00249652950963625,1.5738273935689526,0.011794876577539339,0.004503606311715443,-2.0528856585081257,0.003822955293369133,0.0002045974622381378,0.4855794864882067,-0.6657788042516766,-0.01656004894946191,0.4847411794023974,-0.6661225014786549,-0.016035837537091906,0.0,1.0,0.0,-0.9897690529880158,0.14137849813935668,0.019218272842956755
109,10.9,0.018482323113174277,0.0028665061825838803,0.0,0.0010864456114792322,1.0864456114792322,1.4189069161825005,81.29737781918013,1,0.04115248579586772,0.0008011010330452296,-0.0008841862505892871,-0.8354556675370421,0.019237876992380453,0.0037894687161640623,-1.9310199062762308,0.006820106043073505,-0.0006806172515041488,-1.7749619015705058,-0.010594699811099633,0.0007131243383439995,-1.0539334954233097,-0.01288042646354293,0.0015528003638424456,1.575026299646988,0.012136078684248328,0.0019214058859992852,-2.052503860831568,0.003801040473126428,-0.0005626782675778718,0.4855794864882067,-0.6654921536334182,-0.01656004894946191,0.4846911970890775,-0.6658351559701898,-0.01603692811536492,0.0,1.0,0.0,-0.9883020043859383,0.15130605919248846,0.019121312150998555
110,11.0,0.01876897373143266,0.0028665061825838803,0.0,0.0011156706223314195,1.1156706223314194,1.4086545725200637,80.7099617972048,1,0.04122814190608213,0.0007116650217490325,-0.0009038363874466489,-0.8335145794930052,0.019571774173791075,0.0030799900426846725,-1.9303440156882063,0.006673356865721801,-0.002039832634831522,-1.7760144804895552,-0.010428168974151969,0.0023430753300677076,-1.055211395180059,-0.012664224432026581,0.0024435988581878146,1.5762472317520995,0.012265936257441098,0.0009768091094891809,-2.0521268222942557,0.0037392423915454643,-0.0005356067183510127,0.4855794864882067,-0.6652055030151598,-0.01656004894946191,0.484653150042663,-0.6655433772967407,-0.01603806935499769,0.0,1.0,0.0,-0.9867003471563832,0.1614322378471119,0.01902780873213011
111,11.100000000000001,0.019055624349691044,0.0028665061825838803,0.0,0.0011342018603976403,1.1342018603976403,1.3983694437870162,80.12066732905245,1,0.041294788929925656,0.0006212659553124096,-0.0009048185709278548,-0.8315403510700469,0.01993069812672221,0.004242090434371734,-1.9296848886467377,0.006527425848315425,-0.0010502179737768944,-1.7770478109495993,-0.010259176574717322,0.0011968396996515753,-1.0564673334293841,-0.012470899151777725,0.0015238508748953593,1.5774819058166565,0.012457414350191313,0.002636867788036274,-2.0517529430009684,0.0037606914412111852,0.0005540827124079289,0.4855794864882067,-0.6649188523969014,-0.01656004894946191,0.4846270440515569,-0.6652481958881737,-0.016039664351539796,0.0,1.0,0.0,-0.9849895436347862,0.17157374742111553,0.018922159655046573
112,11.200000000000001,0.01934227496794942,0.0028665061825838803,0.0,0.0011416416145700304,1.1416416145700303,1.3878245534717721,79.51648961856058,1,0.04135238358591407,0.0005305219037705605,-0.0009117271497978732,-0.8295229702528705,0.0204435217742168,0.005740889870954089,-1.9290372183161872,0.006427887435489513,-0.000933199293145335,-1.7780682631906897,-0.010153993546710486,0.0009728349629254137,-1.057707461279413,-0.012337678256910269,0.001174830544876691,1.5787417685610117,0.012750753233476995,0.0033257754834713905,-2.0513757334929785,0.0037722272807255547,-1.0912193630722823e-05,0.4855794864882067,-0.664632201778643,-0.01656004894946191,0.48461325719781934,-0.6649493978492186,-0.016041268468596433,0.0,1.0,0.0,-0.9831271660847691,0.1819525390190879,0.01882149969152325
113,11.3,0.019628925586207803,0.0028665061825838803,0.0,0.0011365460591132974,1.1365460591132974,1.3771609558911384,78.90551048276436,1,0.04140085523696846,0.0004386271057379745,-0.0009290581311249004,-0.8274493298602618,0.02101683788881938,0.004912304533268962,-1.9283988697024448,0.006341078374385375,-0.0008147716952322015,-1.7790786737629014,-0.010047240428552878,0.0014170887136359328,-1.0589356058326016,-0.01222209080839862,0.0013873066602999931,1.5800346889294665,0.013104094643418286,0.003041969938034463,-2.0509980811227213,0.003778620660201318,-0.000174338685827752,0.4855794864882067,-0.6643455511603846,-0.01656004894946191,0.4846122481973109,-0.6646438563017455,-0.016043133989581047,0.0,1.0,0.0,-0.9811326813018137,0.1924275887660551,0.01871589600301777
114,11.4,0.01991557620446618,0.0028665061825838803,0.0,0.0011196607776715916,1.1196607776715917,1.3662595017670074,78.28090317089617,1,0.04144003388076777,0.0003445759011060462,-0.0009513464562863919,-0.8253266012869617,0.02142181346712951,0.003853636434149213,-1.9277688454894815,0.006255722486347172,-0.0010165008830358931,-1.7800748202888474,-0.009864998188321185,0.0020813344319428554,-1.0601496940545196,-0.012049972478840936,0.0019808903666480734,1.5813579540271485,0.013353225834664549,0.0024794367190739608,-2.0506223827734873,0.0037255116630378147,-0.0007810045096617025,0.4855794864882067,-0.6640589005421262,-0.01656004894946191,0.48462418724598344,-0.6643339472932096,-0.016044885965948632,0.0,1.0,0.0,-0.9789781390210552,0.20311366154105423,0.018618373029287368
115,11.5,0.020202226822724562,0.0028665061825838803,0.0,0.0010916483095366925,1.0916483095366925,1.355170727210438,77.6455631888327,1,0.04146970522591106,0.0002486291036045433,-0.000965513502747549,-0.8231636643736746,0.02186844227836829,0.005550777146920314,-1.9271493864490952,0.006118939994621091,-0.0018385365197198119,-1.7810497559642342,-0.009616218225112664,0.003062160889000097,-1.0613435515373266,-0.011809062762509485,0.003000632951192135,1.5827068963977908,0.013645431763508253,0.0035796880693197706,-2.050253199765861,0.0036790433911915218,0.00029179956436420015,0.4855794864882067,-0.6637722499238679,-0.01656004894946191,0.4846491774079705,-0.6640212701040789,-0.01604603533408579,0.0,1.0,0.0,-0.9766666286968977,0.2139585825377496,0.018547812492944127
116,11.600000000000001,0.02048887744098295,0.0028665061825838803,0.0,0.001052033328328061,1.0520333283280612,1.3439790469649773,77.00432714510785,1,0.0414897233135082,0.0001515688078219798,-0.0009754833270846541,-0.8209518982622822,0.022297910317025542,0.0020630008352329316,-1.926546407012707,0.005955010725630709,-0.001162111966788123,-1.7819956641081423,-0.00930768633606092,0.002873988592154201,-1.0625091158613829,-0.01150931517930054,0.0027428166987860216,1.5840877333198187,0.0139315825438879,0.0015750796439723826,-2.049883206248758,0.003713943284044748,8.974960132334923e-05,0.4855794864882067,-0.6634855993056095,-0.01656004894946191,0.4846875584924893,-0.6637046550818098,-0.0160469669469693,0.0,1.0,0.0,-0.9742116349200005,0.22487746642084966,0.018488252557759162
117,11.700000000000001,0.020775528059241325,0.0028665061825838803,0.0,0.0010029084332352552,1.0029084332352551,1.3326334254345291,76.35427091546042,1,0.04149996778189335,5.294534823754638e-05,-0.000998020597408688,-0.818721258408669,0.022221518472152015,-0.0028776029831684203,-1.9259542730253496,0.005911229404764013,-9.893069723929514e-05,-1.782913659572305,-0.009067461600587924,0.0022965442463376722,-1.0636486994521197,-0.011305563449463003,0.0017898540226746274,1.5854820729766606,0.013888093871103957,-0.0019355524239025074,-2.0495121971662993,0.003697617070675444,-0.0005132939383018682,0.4855794864882067,-0.6631989486873511,-0.01656004894946191,0.48473896449803655,-0.6633885967569237,-0.016046841662683786,0.0,1.0,0.0,-0.9715974267772766,0.235917782643722,0.01847268557206405
118,11.8,0.02106217867749971,0.0028665061825838803,0.0,0.0009456940819826411,0.9456940819826412,1.32147445007152,75.71490872346953,1,0.04150022366956967,-4.827590388259211e-05,-0.0010229807521660958,-0.8165076880600105,0.02210360538285031,0.00011841994740121526,-1.9253693571379857,0.005736073467473633,-0.0028409134830871723,-1.783802761238603,-0.008661283850081952,0.005058980065760093,-1.0647628027350895,-0.010911094004770357,0.005211653870329036,1.5868657983697405,0.013828177437473181,0.0003523500998637766,-2.049147828104023,0.0035672717195166063,-0.001561671192096243,0.4855794864882067,-0.6629122980690927,-0.01656004894946191,0.48480281020196464,-0.6630756315714774,-0.016045818057658465,0.0,1.0,0.0,-0.9689035212820601,0.24674686035420937,0.01849198076369371
119,11.9,0.021348829295758084,0.0028665061825838803,0.0,0.0008813983717942932,0.8813983717942931,1.3103320654593589,75.07649711148117,1,0.04149026611223771,-0.0001510127005505754,-0.0010309909654345048,-0.814295563700093,0.022108342428342354,-0.0024749526554791036,-1.9248097696417235,0.0054818547248130295,-0.0008320328751489763,-1.7846452381799967,-0.008224435622380469,0.0025325295370393387,-1.0658295121738095,-0.010470422973469007,0.0018182652441372422,1.5882508728261329,0.013857677892305133,-0.0009563695328510646,-2.0487966276780436,0.003476230128631244,-0.00045191206535013145,0.4855794864882067,-0.6626256474508343,-0.01656004894946191,0.4848792007240789,-0.6627674152521028,-0.016043943505889485,0.0,1.0,0.0,-0.9660924905693258,0.25752918167254785,0.01854778295713889
120,12.0,0.021635479914016466,0.0028665061825838803,0.0,0.0008117488165456172,0.8117488165456171,1.2992543024656888,74.44178804549767,1,0.04146999746968771,-0.0002545767706251985,-0.001044202305366368,-0.812111372135645,0.021496547904530622,-0.00706377150871459,-1.924256556926831,0.005641344155512771,0.002628366612101093,-1.7854640619414701,-0.008218863486056282,-0.0014222272475496237,-1.0668802893663356,-0.01062480969843805,-0.0028505521703514206,1.5896248205668346,0.013581525941550533,-0.003270476860053719,-2.0484503993701573,0.003455211679421526,-4.3479669711414595e-05,0.4855794864882067,-0.6623389968325759,-0.01656004894946191,0.4849679829000404,-0.6624646153891376,-0.01604118530545676,0.0,1.0,0.0,-0.9631780744135887,0.2682172771476878,0.018641062427125283
121,12.100000000000001,0.021922130532274854,0.0028665061825838803,0.0,0.0007399815141551136,0.7399815141551136,1.290600797058242,73.94597870765735,1,0.041439286695724435,-0.0003598851504126413,-0.0010594869112104726,-0.8099947551471383,0.020866943527363353,-0.005250505573079915,-1.9236795787632128,0.005872253290489041,0.001224274075001435,-1.786294857730295,-0.008389674695382671,-0.0011493307925040175,-1.0679564168581828,-0.010868937099718713,-0.0012745914153209686,1.590968039421975,0.013311101890146662,-0.001669576705866326,-2.04810479839414,0.0034574056090781575,8.279504163220178e-06,0.4855794864882067,-0.6620523462143175,-0.01656004894946191,0.4850687902139616,-0.662168584169949,-0.016037315083681156,0.0022464686313105543,0.9999974766861607,0.0,-0.9601942200735335,0.2787013076431096,0.018778734126657492
122,12.200000000000001,0.022208781150533232,0.0028665061825838803,0.0,0.0006701274124311671,0.6701274124311671,1.2914359866823135,73.99383154820976,1,0.04139795931923897,-0.00046733211135442144,-0.0010964671820246155,-0.8079347966839223,0.020279541276508842,-0.0078114965662595195,-1.9230888376612911,0.005937317107441684,0.0006482775287747001,-1.7871382121168145,-0.00847992216720816,-0.0010978940841171543,-1.0690475110117077,-0.01095982339413938,-0.0013285445624259835,1.5922914909164843,0.013128129477316237,-0.002997369548919764,-2.0477599724456144,0.00342034693062542,-0.0010022537395388263,0.4855794864882067,-0.6617656955960592,-0.01656004894946191,0.4851817372295147,-0.6618799847452893,-0.016032977543986415,0.013944640440777834,0.9999027687745331,0.0,-0.9571068061378287,0.2891154647810242,0.018942272015185117
123,12.3,0.022495431768791613,0.0028665061825838803,0.0,0.0006114659683568457,0.6114659683568457,1.305025311320415,74.77244249640611,1,0.041345694855395,-0.0005783013857475375,-0.0011195324878053323,-0.8059481812763922,0.019455114852817177,-0.008089314157530888,-1.9224914433574556,0.006015153650211979,0.0009171574651759601,-1.7879936038356044,-0.008651968761002158,-0.0024588099349041794,-1.0701515600567915,-0.011133063673061772,-0.002081749250260159,1.5935872330478247,0.012778139084532786,-0.0037159270692937647,-2.0474234479664446,0.00331403958598016,-0.0009163171080428877,0.4855848297709314,-0.6614791562479175,-0.01656004894946191,0.48530639926709235,-0.6616000240462585,-0.016029240075841,0.038113461527197884,0.9992734180645529,0.0,-0.9539898777246332,0.2992305635043316,0.019088820388376566
124,12.4,0.02278208238704999,0.0028665061825838803,0.0,0.0005732011228267551,0.5732011228267552,1.3341696385874056,76.44228944555272,1,0.041282176527093664,-0.0006929848515675248,-0.0011721904627456025,-0.804054724105671,0.01829489279415622,-0.014715153749917978,-1.921881671215164,0.006217376356072647,0.0029476544579922046,-1.788875349244931,-0.009025450175129865,-0.0048689464207649375,-1.0712804406644263,-0.011497168035253118,-0.0050633651798045,1.5948416328385595,0.012259854103288243,-0.006623144595610706,-2.0470956463081036,0.0032517813095203968,-0.00036307309905025666,0.48559676319231165,-0.6611927541347932,-0.01656004894946191,0.48544223209512344,-0.6613329699513917,-0.016026177062219968,0.07763209189250284,0.9969820752192057,0.0,-0.9508120855780584,0.30917124111101724,0.0192229443264078
125,12.5,0.023068733005308373,0.0028665061825838803,0.0,0.0005647009430069866,0.5647009430069866,1.3977054647318903,80.08262413150865,1,0.04120696492566313,-0.000811867632584141,-0.0012137073842161726,-0.8023022372471965,0.016726021834229013,-0.01620818361171199,-1.9212449642615717,0.006513407662410289,0.0025004120803879043,-1.7898038399423104,-0.009553400269048067,-0.005108439880316589,-1.072457767220552,-0.012061564128326976,-0.005329716543267015,1.5960306873546737,0.011491343334581678,-0.008058202853005117,-2.0467719690119996,0.0032209649421639634,-0.0005823043311844801,0.48562937823185054,-0.6609081889132569,-0.01656004894946191,0.4855882255804453,-0.6610816133910371,-0.016024215426040735,0.15060275436536066,0.9885943608869954,0.0,-0.947696529586975,0.3185872414071841,0.019325046477680973
126,12.600000000000001,0.023355383623566758,0.0028665061825838803,0.0,0.0005851126267319836,0.5851126267319836,1.4887475975124156,85.29895409770239,1,0.04111958202362461,-0.0009371240519255076,-0.00129455588904993,-0.8007099452100093,0.015130373012432844,-0.015528185084529933,-1.9205849128761947,0.006662020008905173,0.001141753666176578,-1.7907814012430292,-0.009981264660373091,-0.0043545310737090675,-1.0736851529835887,-0.012450366542400752,-0.003447737548983096,1.5971417321984207,0.01074151095668756,-0.007485604284762569,-2.0464552587838423,0.003097667547635208,-0.0013844909233047937,0.48567870269201924,-0.6606265437212389,-0.01656004894946191,0.4857434577225411,-0.6608515200969421,-0.016023812805250497,0.24909476955790102,0.9684791147871472,0.0,-0.9446235096204358,0.3275831892256389,0.019382445901635268
127,12.700000000000001,0.023642034241825136,0.0028665061825838803,0.0,0.0006239164334390326,0.6239164334390326,1.6411400076083216,94.03039602602463,1,0.04101927330783107,-0.0010695088614457772,-0.0013217893310885915,-0.7992722007373967,0.01366064699152957,-0.013355752678590582,-1.919912138175265,0.006804902768856396,0.0018284934385418606,-1.7918041824103634,-0.010504177812056713,-0.006144041726728269,-1.074949122453227,-0.012854850988512457,-0.005000657040772717,1.5981777084064712,0.009994349224444086,-0.006496787855873691,-2.0461514819284354,0.002987398273222399,-0.0008126942920024644,0.4857650221848154,-0.6603531986607176,-0.01656004894946191,0.48590804308971985,-0.6606418970867846,-0.0160257550645427,0.401379120202349,0.9159120055254152,0.0,-0.9416858725120214,0.3359355078003041,0.019366262164517978
128,12.8,0.023928684860083517,0.0028665061825838803,0.0,0.0006540526328953879,0.654052632895388,1.888644055619708,108.21133338948037,1,0.04090575500159078,-0.0012007780224596656,-0.001314375069762347,-0.7979709021427035,0.012325171507132018,-0.015287809489019888,-1.9192200142806715,0.007080030884039627,0.004236967343340591,-1.7928889587504129,-0.011237162836907991,-0.008818226595354136,-1.0762641768932768,-0.01350587957057939,-0.008468494193775355,1.599147369821618,0.009386657147781833,-0.006918816316220388,-2.0458558963688542,0.002932111189504243,-0.00033455720556039464,0.48591184761662637,-0.6601088533406826,-0.01656004894946191,0.48608233470568224,-0.6604526763216861,-0.016030421951663952,0.6202303960414018,0.7844196936757298,0.0,-0.938811281214265,0.3438930375466783,0.019260243813336707
129,12.9,0.024215335478341895,0.0028665061825838803,0.0,0.0006559828986879071,0.6559828986879072,2.1547342647126135,123.45717934025747,1,0.0407790713524358,-0.0013334085757744133,-0.0013428658335570976,-0.7968194626753752,0.0106945147325984,-0.01633271043465069,-1.9184885638196503,0.0075392477891138,0.0040859390416797545,-1.7940585339117037,-0.01213726157565135,-0.008258410344210003,-1.0776598785282208,-0.01439405790777497,-0.00818201068691983,1.6000482576822703,0.008608136604528003,-0.008415329397527519,-2.045564624894255,0.002881183539996797,-0.0009360198501779637,0.4861165359121304,-0.6599160287506967,-0.01656004894946191,0.4862658286626336,-0.6602833330522053,-0.016037447009060422,0.8093882667012722,0.5872739000894817,0.0,-0.9360601158800496,0.35132236869361944,0.019080165463976683
130,13.0,0.024501986096600276,0.0028665061825838803,0.0,0.0006319252429603397,0.6319252429603397,2.3860017262323856,136.70782882404458,1,0.04063907745414997,-0.0014653652687554447,-0.0012852548365951827,-0.7958311160073729,0.009078414788059236,-0.015967759828012,-1.9177127820685604,0.008005466507275587,0.0055464358375062845,-1.795314230765363,-0.012998576541951471,-0.009285139937962128,-1.0791422430063107,-0.015294317997665122,-0.010244401213234939,1.600868127436392,0.007813385520438386,-0.007203528676599203,-2.0452813610117064,0.0027880755295692696,-0.0007954160951851984,0.486366079803458,-0.6597800497758649,-0.01656004894946191,0.4864575437179755,-0.6601366810321272,-0.016046455713439083,0.9252764082742303,0.37929351206043577,0.0,-0.9334682133859581,0.3581649861400491,0.018839779757895036
131,13.100000000000001,0.024785684453771342,0.0027559982307911878,-0.0020754188093018316,0.0005972717840489535,0.5972717840489535,2.5388515007801766,145.46547580515914,1,0.04048783080086294,-0.0015289858811295223,4.596550935171773e-06,-0.7950073391952097,0.007312059106680291,-0.01805131977181581,-1.9168971265800334,0.008112680236088405,-0.0032950202170799947,-1.7966422017841497,-0.013263854928677024,0.0038864465552918394,-1.080699129267429,-0.01547577511048461,0.006252580660144739,1.6016051063845345,0.006798627291427448,-0.012013726589120732,-2.0450087477622714,0.0026207366490939655,-0.002533948245363085,0.48663660963898336,-0.6596946193014884,-0.01656004894946191,0.4866542014069789,-0.6600156850332191,-0.016056719127547803,0.9737887160986239,0.22745447104639158,0.0,-0.931067770766535,0.36437421484436705,0.018553646444463882
132,13.200000000000001,0.025051724994456587,0.002572108655872136,-0.0016609655176774197,0.0005626356706495031,0.562635670649503,2.6170274363568993,149.944626973192,1,0.04033493877235819,-0.0015289022460184109,1.867842882530453e-05,-0.794354267114132,0.005856117255855558,-0.01182606236309527,-1.9161057878480778,0.0076903925823083984,-0.004353544125683405,-1.7979450979625988,-0.012766347221021766,0.00514306444759049,-1.0822110930126438,-0.014735396368131473,0.0074180976526220695,1.6022325071371337,0.005816110358128481,-0.008153483021855005,-2.0447596353807502,0.0023614817211834163,-0.002405382649162662,0.48689931704935563,-0.6596546908658835,-0.01656004894946191,0.4868446377711124,-0.6599218627090312,-0.0160679226641986,0.989422804512159,0.14506038022593962,0.0,-0.9289901673740869,0.3696548849487567,0.018235541006168185
133,13.3,0.025301380169717343,0.0024263323681384353,-0.0013289953928820096,0.000543138583999668,0.5431385839996681,2.677524344682512,153.41084449383945,1,0.04018204822834822,-0.0015288826580512958,1.355219849198566e-05,-0.7938214016531664,0.004858114282206186,-0.008267071015565711,-1.9153534460247312,0.007391370672915683,-0.002590127584632379,-1.7992024900672063,-0.012424132550648578,0.0030096980726451376,-1.0836560156238109,-0.014220834545685405,0.004471792299785003,1.6027773709897017,0.0051164078544334475,-0.0059054103082968774,-2.0445331778739266,0.002185025844231566,-0.001490718562095979,0.48714707842279087,-0.6596254120360386,-0.01656004894946191,0.4870285249570371,-0.659849932216383,-0.016079908047428905,0.9967885137474335,0.08007907879828861,0.0,-0.9271810799622892,0.37418614179848997,0.017887879861052978
134,13.4,0.025537871710909092,0.0023072140294190684,-0.0010919259445193535,0.0005306582555468407,0.5306582555468407,2.7058794794997767,155.03547404639318,1,0.040029159710472044,-0.0015289160852067218,3.6776054615605524e-06,-0.7933708692003788,0.004204737286843781,-0.005264073946832346,-1.914629468854528,0.0070701377482392065,-0.003202480978788712,-1.8004268297651818,-0.012035813656821133,0.004066034905295385,-1.0850524546305615,-0.013679608758267943,0.005476055684680378,1.603263818471348,0.004649476472402046,-0.0037547864302000583,-2.044322676023887,0.0020200832402332168,-0.001694086552133713,0.4873833649431021,-0.659615566764359,-0.01656004894946191,0.4872074741881894,-0.6597942942936852,-0.016092376952462736,0.9988718042859109,0.04748808906040208,0.0,-0.9255718900719307,0.37816621951689733,0.017521036640892534
135,13.5,0.025763456234743336,0.0022073565414034192,-0.0009046551377453506,0.0005281286347114674,0.5281286347114674,2.7303296444237994,156.43636530493848,1,0.039876272342678286,-0.0015288741901305389,-8.445492473328764e-06,-0.7929750342496669,0.0037276972199996572,-0.004215404032765112,-1.9139331298620434,0.006905653109832226,-0.0003552544054349128,-1.8016156659940994,-0.011791845746410314,0.0011002089022875052,-1.086400565941915,-0.013351523293234949,0.001457024820692994,1.6037114587801007,0.004316765591005579,-0.0029182246777446647,-2.044128257705742,0.0018765122132837772,-0.0011534501778667152,0.48760877929636626,-0.659607395033313,-0.01656004894946191,0.48738255001815084,-0.6597512629003778,-0.01610503004292443,0.9998154947619645,0.019208759301111482,0.0,-0.9241194925257653,0.381718740924247,0.017145447242042724
136,13.600000000000001,0.025979846874380583,0.002122725299629596,-0.0007879437028364576,0.000530638356263359,0.530638356263359,2.735681498881828,156.7430039779518,1,0.03972338505106971,-0.001528885316939322,4.52137395276519e-06,-0.7926197287426403,0.003413447836032053,-0.002142875286156115,-1.9132448661163484,0.006856530924299202,-0.0006030895887908479,-1.8027879852294741,-0.011644850287489223,0.0017882203150315946,-1.087727374133905,-0.013178248517858444,0.001960933417070054,1.6041295704116976,0.004056283246933577,-0.0023063896220773474,-2.0439447019308448,0.0018108634898903284,-0.0001931471021032091,0.48782516993600356,-0.659607395033313,-0.01656004894946191,0.48755460630476083,-0.6597179574115559,-0.01611716256775222,0.9999461403982927,0.010378646470426505,0.0,-0.9227878905597561,0.38494286674998934,0.016777913296225414
137,13.700000000000001,0.02618838871557298,0.0020497775130743634,-0.0006661063021301645,0.0005374141308406323,0.5374141308406323,2.7409601317478822,157.04544736277575,1,0.03957049927838965,-0.0015288076498453289,-9.894265274688376e-06,-0.7922880777512918,0.0032225478631008474,-0.0018121109440451329,-1.9125609965843866,0.006836047962728398,0.0002953463674814209,-1.8039440787553662,-0.011484498791626807,0.0012936627011143538,-1.089036787440558,-0.013027011784564448,0.0009116634300564246,1.6045255321550829,0.0038829436708937314,-0.0011193012764563338,-2.0437643484954813,0.0017944993191556736,-0.00020751112210137156,0.4880337117771959,-0.659607395033313,-0.01656004894946191,0.48772446099015265,-0.6596918891475316,-0.016128726977609403,0.9999982552884634,0.0018679989371754634,0.0,-0.9215407611711082,0.3879334043251684,0.016440781881047584
138,13.8,0.026390122999366758,0.001986290763319991,-0.0005870913447963459,0.000547325026834237,0.547325026834237,2.7398784282806217,156.98347031941705,1,0.03941761387164014,-0.0015288580662832511,-4.899167736562048e-06,-0.7919740609538003,0.0030758194296713953,-0.00085050003667444,-1.9118753483897275,0.006876371609121411,0.0003463428148604143,-1.8050862082688612,-0.01135968984460126,0.0011833238477511566,-1.09033535226289,-0.012942159766332988,0.000944408197492651,1.604909400014755,0.0038005118064867813,-0.0006853212906889764,-2.043586167111154,0.0017674088361708021,-0.0003141625782741385,0.4882354460609897,-0.659607395033313,-0.01656004894946191,0.48789202212186916,-0.6596728862965697,-0.01613893663965004,1.0,0.0,0.0,-0.9203920902515452,0.39066352125354203,0.016137328284908166
139,13.9,0.026585909904123208,0.001930685101027094,-0.0005180744065112703,0.0005581533461069992,0.5581533461069992,2.737092593673958,156.82385375403373,1,0.03926472866622092,-0.0015288681428053603,-2.146038712620311e-06,-0.7916687525935073,0.003050749710732351,0.0003704032012997817,-1.9111865813467004,0.006890245713490662,-0.00021385732645321323,-1.8062160066707078,-0.011231684779979252,0.0015074136826255056,-1.0916239462346924,-0.012819463057715495,0.0016116912630531504,1.605286288820722,0.0037427965702847834,-0.0003530601242753372,-2.043411163930232,0.0017316252717373285,-0.000379560495791728,0.48843123296574614,-0.659607395033313,-0.01656004894946191,0.4880581293243357,-0.6596585742043065,-0.01614809079261451,1.0,0.0,0.0,-0.9192992680695267,0.393238950035812,0.01587400080524428
140,14.0,0.026776478695919596,0.0018817531277442341,-0.00045847756174052686,0.0005688955972392824,0.5688955972392824,2.7344508266617114,156.6724916537751,1,0.039111843919268766,-0.0015288617634821628,-1.1014004714381717e-06,-0.791359898392822,0.003144983298721221,0.0014617453121694743,-1.9105001536565303,0.006824894303846044,-0.0009747914423742528,-1.8073304365498848,-0.011047022740468086,0.002070211932481548,-1.0928961603402114,-0.012610837056742916,0.0023940248917058223,1.6056596503189708,0.0037332523378145067,0.0001976895309710149,-2.0432399626933297,0.0016920119170990397,-0.00040133129506819676,0.48862180175754255,-0.659607395033313,-0.01656004894946191,0.4882229799083943,-0.6596482339543648,-0.016156421007258275,1.0,0.0,0.0,-0.9182563696651357,0.3956774568294406,0.015639364641570692
141,14.100000000000001,0.02696243809673711,0.001838300030487892,-0.0004088607221479056,0.0005787118150743607,0.5787118150743608,2.7319138828678486,156.52713548152485,1,0.03895895977842271,-0.001528855662488449,-1.2973333568814713e-06,-0.7910368275916777,0.0033288747967536885,0.0022048760736382666,-1.909822764716467,0.006721164709997427,-0.0010864574227166437,-1.8084247644828193,-0.01084006219228549,0.0020522459703141674,-1.0941453863450281,-0.01237562569643348,0.00229295404708389,1.6060352318261348,0.003790885260995547,0.0009440021191157355,-2.043072727609687,0.0016531953270108365,-0.0003730674127835768,0.48880776115836005,-0.659607395033313,-0.01656004894946191,0.4883869284919123,-0.6596407510142347,-0.016164202248965524,1.0,0.0,0.0,-0.917248820483012,0.39801599817999345,0.015422921750008953
142,14.200000000000001,0.027144287988793935,0.0017994475356951777,-0.00036468952098700486,0.0005870738829361084,0.5870738829361084,2.7294423046959198,156.38552448353667,1,0.03880607592179623,-0.0015288469347837486,-2.253317093931374e-06,-0.7906916904004748,0.003586921043354854,0.0029730314189464,-1.909157245764635,0.006570980270374397,-0.0020690992717510293,-1.8094974691150847,-0.010596932028758978,0.0029630123064102484,-1.0953700454809707,-0.012092730057029575,0.0036067015608660285,1.6064197891229883,0.003905039476021419,0.0012721311603851992,-2.042909072390018,0.0016232687540916203,-0.0001922427919631026,0.4889896110504169,-0.659607395033313,-0.01656004894946191,0.4885503246961294,-0.6596350696081612,-0.016171568112264664,1.0,0.0,0.0,-0.9162615539669694,0.4002912997172984,0.01521972708922767
143,14.3,0.02732245880476436,0.0017645748974423165,-0.00032752067102340794,0.000593616353213884,0.593616353213884,2.7270123679042086,156.24629936088806,1,0.038653192419019045,-0.001528826120120423,-3.277313490345434e-06,-0.7903170164316289,0.00391463197651461,0.0034346050647050467,-1.9085122419783598,0.006320302330440678,-0.002530044563169918,-1.8105406414783352,-0.010258040873696042,0.0034062217403632716,-1.096558837142852,-0.01167114015457438,0.0042287503526661045,1.6068170078317652,0.004044184270505865,0.0015746279721103214,-2.042747421060634,0.0016109975358262142,-0.0001307682300701219,0.4891677818663873,-0.659607395033313,-0.01656004894946191,0.48871339633745925,-0.6596304861990846,-0.016178760392110633,1.0,0.0,0.0,-0.9152854644713816,0.4025256568064096,0.01502045738238027
144,14.4,0.027497311515848614,0.0017329413843927381,-0.00030626697510512726,0.0005982311375417694,0.5982311375417694,2.724617513836082,156.10908433023468,1,0.03850030919878817,-0.0015288099468956308,4.093539668054971e-06,-0.789908303432443,0.0042607160126878485,0.0034846798918099563,-1.907892173391171,0.006088273808317522,-0.002120595911598678,-1.8115500038052084,-0.009935761651024331,0.0030501100557770635,-1.0977057956308034,-0.011278578587332912,0.0036380727297277765,1.607229926733253,0.004220639808825844,0.0019461640743344993,-2.0425872185451874,0.0015908150586602858,-0.0002710109737574885,0.48934263457747157,-0.659607395033313,-0.01656004894946191,0.48887630389117903,-0.659626392176054,-0.016185809329012486,1.0,0.0,0.0,-0.9143181795378068,0.4047254396218963,0.014818403744458203
145,14.5,0.027669143991119326,0.001704121938777557,-0.0002776699106723339,0.0006008287640059105,0.6008287640059105,2.7222171134314155,155.9715515179058,1,0.038347426299031574,-0.0015288338645012803,1.658151033913e-06,-0.7894645828274794,0.004615293412795231,0.003588904111833022,-1.9072942142987601,0.005866896991890612,-0.0023382316308270448,-1.8125280612964738,-0.0096207572613631,0.0032965494095647876,-1.0988150780486812,-0.010900851024315584,0.0039720264305651625,1.607661290900278,0.004401295053808431,0.001644550903950544,-2.042429329964218,0.001568456566621242,-0.00018082033326765752,0.48951446705274226,-0.659607395033313,-0.01656004894946191,0.4890392122416718,-0.6596225699725816,-0.01619276460535038,1.0,0.0,0.0,-0.9133433922941436,0.4069275351787204,0.014622888428672062
146,14.600000000000001,0.02783821729689766,0.001677802285002271,-0.0002489302692172278,0.000601516799958872,0.601516799958872,2.7198197800255355,155.83419443166315,1,0.0381945434133271,-0.0015288449605846501,-8.15716449088517e-07,-0.7889850435281874,0.004972790318712125,0.003437858147201411,-1.906719258920401,0.005639737500601139,-0.0019006285263095245,-1.8134735310399683,-0.009294066079471076,0.0029793028250279883,-1.099885151478239,-0.010508807677052402,0.003495105392028996,1.6081092401162542,0.004555383591782561,0.0015056590514333616,-2.0422732334441562,0.0015551044062611574,-8.212086717239995e-05,0.48968354035852063,-0.659607395033313,-0.01656004894946191,0.48920214117523086,-0.6596188426659864,-0.016199568383180058,1.0,0.0,0.0,-0.9123645980074966,0.4091241751271698,0.01443085683984727
147,14.700000000000001,0.02800479103869564,0.0016540997180617,-0.00022009163698121282,0.0006005072328853578,0.6005072328853578,2.7174243286693356,155.696945178924,1,0.03804166032260588,-0.0015288148326519015,-3.6512866096647355e-06,-0.7884712056982208,0.005298007164010884,0.0030916200451392793,-1.9061631870621947,0.005497507236045448,-0.0009644040836514807,-1.8143892912544834,-0.0090336263839397,0.0022298937192694285,-1.1009204092477627,-0.010214755819080039,0.0023961299501057175,1.6085722766119472,0.004705225248655316,0.0015081956240555394,-2.0421179692686033,0.001551830012387373,1.3766301258310253e-05,0.4898501141003186,-0.659607395033313,-0.01656004894946191,0.48936511086039924,-0.6596151296665165,-0.016206041930513733,1.0,0.0,0.0,-0.9113813347582722,0.4113162743818682,0.0142472833498196
148,14.8,0.028169123038723,0.0016329210599927697,-0.00020217012510940848,0.0005981186987952664,0.5981186987952664,2.715032673407724,155.55991342638342,1,0.037888777196288546,-0.0015288353855151806,1.665499943559538e-06,-0.7879264920139366,0.005591479815885749,0.0027881712963779273,-1.9056182536507416,0.005401736608765254,-0.0009462212678111989,-1.815281501105002,-0.008811399860635066,0.0022069481078277895,-1.101929951918708,-0.009977541986924483,0.002339786530447245,1.6090503215997312,0.00485597554638593,0.001512017411071695,-2.0419629598749416,0.00154613256207769,-0.00012442922016551723,0.49001444610034595,-0.659607395033313,-0.01656004894946191,0.48952806818966116,-0.6596116290405514,-0.016211961921508915,1.0,0.0,0.0,-0.910394412443199,0.41350174265027856,0.014082706323200208
149,14.9,0.02833144728324425,0.0016138903012104754,-0.00018051970988481987,0.0005944715375813556,0.5944715375813556,2.71264042595418,155.4228477437444,1,0.03773589483376364,-0.0015288260685613236,-1.094945389410487e-06,-0.787353763051762,0.005860924398075755,0.0026636940979124194,-1.9050826676146293,0.005313056372401859,-0.0007562487878878844,-1.8161518759149249,-0.00860288101243798,0.001791525695185222,-1.102916361145494,-0.009758816445324742,0.0018399054429693034,1.6095435026497977,0.00500661685217616,0.0014570260336853567,-2.0418091150706172,0.0015309284234342132,-0.00011361882886930087,0.4901767703448672,-0.659607395033313,-0.01656004894946191,0.48969101920883107,-0.6596083782977581,-0.016217351887868138,1.0,0.0,0.0,-0.9094020363577784,0.41568451786600163,0.01393979464826479
150,15.0,0.028491952347097824,0.0015964508314963272,-0.000169135048914487,0.0005896982091327027,0.5896982091327028,2.7102513332223754,155.28596281334663,1,0.037583012634657194,-0.0015288148735089738,1.957468199316687e-06,-0.78675438456564,0.006126556474311304,0.002647048608871915,-1.9045546400052464,0.005252631968698378,-0.0004579276051353056,-1.8170043770103848,-0.008458954061538175,0.0010985901681779039,-1.1038844172116797,-0.009616159716932115,0.0010266190365000748,1.610051191719347,0.00514481899985001,0.0013067079731348486,-2.041656370612718,0.0015261765697890451,1.648670561097738e-05,0.49033727540872074,-0.659607395033313,-0.01656004894946191,0.489853949372813,-0.659605339798044,-0.01622220919917188,1.0,0.0,0.0,-0.9084057748663261,0.417861416858222,0.013812475909447341
151,15.100000000000001,0.02865078673437949,0.0015804792259948223,-0.00015230194898166116,0.0005837376389217558,0.5837376389217558,2.7078578226906607,155.14882476165926,1,0.0374301306129472,-0.0015288285196154452,-4.5894934835351156e-07,-0.7861285028146381,0.00639053736842371,0.0026250994342168466,-1.9040321009861019,0.005191995595714883,-0.000790059720748443,-1.817844775092397,-0.008346518015190634,0.0011992367149504495,-1.1048406661267798,-0.009503304202197556,0.0012938345963493855,1.6105725756404647,0.005287050279222684,0.001548796490997041,-2.0415037319927025,0.00152544042463619,-4.192796587720434e-05,0.49049610979600244,-0.659607395033313,-0.01656004894946191,0.4900168854117976,-0.6596025358842564,-0.016226777274476037,1.0,0.0,0.0,-0.9074024717837332,0.4200394093705822,0.013698495405837756
152,15.200000000000001,0.028808092326064735,0.0015658435604522629,-0.00014199767158077007,0.0005766241396759521,0.576624139675952,2.705457022054638,155.01126901776286,1,0.03727724859092431,-0.0015288091539934973,1.922959265531659e-06,-0.7854763879899678,0.006651035943549427,0.0025690187984418345,-1.9035174373867427,0.005096841864818859,-0.0010463983086926288,-1.8186731589935856,-0.008218519924997501,0.0013710319111587242,-1.105783964446773,-0.00935740612585569,0.0016210363088047612,1.6111093913276784,0.005451411290740439,0.0016481765676078447,-2.0413514853574326,0.0015201155638340372,1.3316014516508607e-05,0.4906534153876877,-0.659607395033313,-0.01656004894946191,0.4901798558094915,-0.659599816925314,-0.016231142736940995,1.0,0.0,0.0,-0.9063908906846814,0.42222141086200426,0.013587990783360909
153,15.3,0.02896399601305103,0.0015524120209574044,-0.0001287135678940984,0.0005683527898711775,0.5683527898711775,2.7030484933655665,154.87327048904285,1,0.03712436687289248,-0.0015288239384334914,-3.1852289034239975e-07,-0.7847985153606826,0.006905230785404308,0.0025079705815333185,-1.9030130512302177,0.004989874939648054,-0.001099072249263212,-1.8194879297036883,-0.008074092684831528,0.0015267085639505684,-1.1067111914218712,-0.009182452402060752,0.00188776826438851,1.6116626102123435,0.005610996223800076,0.0015382328551108832,-2.0411989559941786,0.001534823030826629,0.00027673723954147757,0.49080931907467396,-0.659607395033313,-0.01656004894946191,0.49034287108449937,-0.6595972053426973,-0.0162354764053033,1.0,0.0,0.0,-0.9053708038196442,0.4244078135452633,0.013480185187918126
154,15.4,0.029118609876596344,0.0015400517715370595,-0.0001196278057876858,0.0005590916451637027,0.5590916451637027,2.700634009558039,154.73493075716885,1,0.03697148496586391,-0.0015288117022059413,1.795300982975433e-06,-0.7840955827065808,0.0071521236821612665,0.002422520772028022,-1.9025199088320721,0.0048673521285167946,-0.0014112139010665392,-1.8202872513719515,-0.007906387221983072,0.0018721670399087546,-1.1076194046350931,-0.008974892657637847,0.002298224832458303,1.6122310798668364,0.00575414609052909,0.00129220553344017,-2.0410440301557777,0.0015610610038233638,0.00016280941257465655,0.49096393293821927,-0.659607395033313,-0.01656004894946191,0.49050590146036344,-0.659594739648261,-0.016239689035904923,1.0,0.0,0.0,-0.9043429232238064,0.42659704103441165,0.013373174481224402
155,15.5,0.02927204480183157,0.0015288314275978111,-0.00010602317887129282,0.0005489018548004193,0.5489018548004193,2.6982231259303915,154.59679730040747,1,0.03681860320612479,-0.0015288268768423794,-7.430287062004377e-07,-0.78336833547973,0.007391511496447369,0.002341727794093579,-1.9020408172204575,0.004708304199912406,-0.0017804960992320706,-1.8210679510603498,-0.0077015958798227965,0.002201460781645366,-1.1085047496074398,-0.008725100682103401,0.0026881526077013646,1.612812548853417,0.005871091614868326,0.0010734629516699452,-2.0408874593335375,0.0015668216460016442,-4.5527695965751094e-05,0.4911173678634545,-0.659607395033313,-0.01656004894946191,0.49066889981418566,-0.6595925648952085,-0.016243900689950432,1.0,0.0,0.0,-0.9033113149848775,0.42878041412545453,0.01326742939288101
156,15.600000000000001,0.02942441389086344,0.0015187545875434616,-9.615243316826089e-05,0.000537904642272666,0.537904642272666,2.6958180436194894,154.45899623461122,1,0.03666572107281664,-0.0015288198163962692,1.4102293538284521e-06,-0.7826178526229691,0.007614661662846225,0.0021208623502650763,-1.9015796137145107,0.004508715676465421,-0.002210752881819777,-1.8218268353958196,-0.007473647250611479,0.00235993903448676,-1.109363309009331,-0.008441273574832566,0.002990412412994645,1.6134049810152076,0.005977301981872167,0.0010491816903901046,-2.040731328295113,0.001552642652331107,-0.00023738397340184483,0.4912697369524864,-0.659607395033313,-0.01656004894946191,0.4908318055227251,-0.6595908179618626,-0.01624814725387843,1.0,0.0,0.0,-0.9022769576711144,0.430956158838885,0.013156018189097209
157,15.700000000000001,0.02957583318075033,0.0015097793250237104,-8.526583276151505e-05,0.0005260673377678251,0.5260673377678251,2.693429222625888,154.3221268736656,1,0.03651283958666062,-0.0015288119980393314,-7.177505982790337e-07,-0.7818460662970059,0.007818465453742856,0.0019747081605248256,-1.9011403212244347,0.004276140972459536,-0.0022657895347595546,-1.822562241040488,-0.007234199040909644,0.002366653736566353,-1.1101921351129183,-0.008134202734858952,0.003042964343062604,1.6140079125850215,0.006079232328200797,0.0009316058078823798,-2.0405775003925144,0.001522918033349461,-0.00029566642026458765,0.49142115624237326,-0.659607395033313,-0.01656004894946191,0.490994588490324,-0.6595895652509022,-0.016252691021897053,1.0,0.0,0.0,-0.9012444275380834,0.43311500933518204,0.013033438538530074
158,15.8,0.029726391148280896,0.0015014799029475197,-8.041505479656761e-05,0.0005135261469046903,0.5135261469046902,2.6910534193438607,154.1860033726521,1,0.03635995834929386,-0.0015288151566334959,2.9677013596732607e-07,-0.7810545487357232,0.00801007879865391,0.0018603030631696455,-1.900723571068632,0.004063568776995037,-0.0019865550702374405,-1.8232739940221359,-0.0070026773490857305,0.0022630620312228834,-1.1109905772747652,-0.007837174110879336,0.0028970229856175905,1.6146200911772932,0.00616049972488202,0.0006965707602506706,-2.0404265874325276,0.0014963640132540825,-0.0002354384198569404,0.49157171420990387,-0.659607395033313,-0.01656004894946191,0.49115720087861015,-0.6595889399519828,-0.01625748125173518,1.0,0.0,0.0,-0.9002124231391435,0.4352600155920291,0.012896203037261382
159,15.9,0.029876147808399978,0.0014937461156567186,-7.321399050159915e-05,0.0005003792241995517,0.5003792241995517,2.688698819791214,154.05109475584206,1,0.03620707719026966,-0.0015288042091043902,-1.1642830120854104e-06,-0.7802447031330604,0.008180510711400706,0.0015170288900975503,-1.9003265420295745,0.0038837832453187658,-0.001589340679424591,-1.8239628917439181,-0.00677335013788173,0.00234971881506639,-1.1117601435146325,-0.007557856167419414,0.002674176675141061,1.6152393782360603,0.006223442209636819,0.000584030400386333,-2.0402781149991687,0.0014727120320964144,-0.0002481485646707863,0.49172147087002294,-0.659607395033313,-0.01656004894946191,0.4913196369173877,-0.6595889408822506,-0.016262444704148313,1.0,0.0,0.0,-0.8991846158528843,0.4373835939957755,0.012752188707810964
160,16.0,0.030025160845538305,0.0014866148540424791,-6.777142736120086e-05,0.00048697561571984675,0.48697561571984677,2.6863779353535775,153.9181178728279,1,0.03605419594920238,-0.00152882353382101,-3.8920035148246035e-07,-0.7794197355668983,0.008313099473543611,0.0012150213264686932,-1.8999454496400066,0.0037443159753006296,-0.0012506278598785803,-1.8246282453047227,-0.006532372921558344,0.0023768734662439027,-1.1125029047377635,-0.007301314093026066,0.0024219348263606337,1.6158644647287284,0.006277084889525859,0.0005350515000276133,-2.040132133168,0.0014468101979901967,-0.00023102345832046785,0.49187048390716126,-0.659607395033313,-0.01656004894946191,0.4914817425457419,-0.6595899803153249,-0.016267265528099057,1.0,0.0,0.0,-0.8981666468997049,0.43947426061550865,0.012611449297876975
161,16.1,0.03017349632629648,0.0014802510481886277,-6.011249295571585e-05,0.0004734562517235899,0.4734562517235899,2.684085883371657,153.78679296783926,1,0.035901314152232716,-0.001528817574252902,1.0738578397734606e-06,-0.7785821440441157,0.008440957378491114,0.0013388785171233805,-1.8995772264825428,0.0036206532135227188,-0.0012245090097129884,-1.8252704024219266,-0.006318866950826688,0.0018983791974270066,-1.1132216268597432,-0.007080209018687494,0.0020053446001011776,1.6164951648668429,0.006340190241115082,0.0007240856707621512,-2.0399882122484803,0.0014355598263602375,4.431292201499764e-06,0.4920188193879194,-0.659607395033313,-0.01656004894946191,0.4916435521895353,-0.6595919722630598,-0.016271782596463825,1.0,0.0,0.0,-0.8971565760036959,0.44153629123669813,0.0124812521113277
162,16.2,0.030321239996600285,0.0014747494461019445,-5.0480869860321574e-05,0.000459757488173258,0.459757488173258,2.681822972818673,153.65713774373765,1,0.03574843273654833,-0.0015288103465927203,-9.958713358949021e-07,-0.7777310414830867,0.00858603441862273,0.0016497550715274514,-1.8992212441028833,0.0034986962951543874,-0.0012382453976857873,-1.825893580513326,-0.006151451984154334,0.0014854217725197019,-1.1139202934933439,-0.006898334808352253,0.001684671121674154,1.6171331533635072,0.0064230771937850255,0.0009429811313339653,-2.039844283680285,0.0014451076395939754,0.00013040005877688445,0.4921665630582232,-0.659607395033313,-0.01656004894946191,0.49180512718975355,-0.6595947129806333,-0.016276182384937655,1.0,0.0,0.0,-0.8961547235438556,0.44356963044818387,0.01235695812477833
163,16.3,0.030468468458964035,0.0014699246457124387,-4.521700274285127e-05,0.0004458317957144343,0.44583179571443426,2.6795627310450087,153.52763542942753,1,0.035595551403118285,-0.0015288176755247716,-1.1795214286154242e-08,-0.7768634230050911,0.008774240686050337,0.0021181262228586266,-1.898877689302286,0.003371271357744279,-0.0013083805730751067,-1.826501825070255,-0.006018861800838006,0.0011643156669224135,-1.1146020150811717,-0.0067394020186825965,0.001491147475100779,1.6177805355773003,0.006528353107058729,0.0011656760576914445,-2.03969911224155,0.001458453605605676,0.00013734093443655841,0.49231379152058696,-0.659607395033313,-0.01656004894946191,0.4919665690151641,-0.6595979977101434,-0.01628055975089588,1.0,0.0,0.0,-0.8951494717435324,0.4455983193035676,0.012229516389082418
164,16.400000000000002,0.030615242348553305,0.001465625253386071,-4.152269782784673e-05,0.0004315263724743939,0.4315263724743939,2.6772926146319658,153.3975673399568,1,0.035442670380918515,-0.00152880793750232,5.681280874262232e-07,-0.7759750810859612,0.008992249453866718,0.002146000462997089,-1.8985468253936781,0.0032520359453392655,-0.0009957728146513093,-1.8270982296450358,-0.005911112966247366,0.001032120697007869,-1.1152689794618649,-0.0066060333028010836,0.0011453975797493256,1.6184395243593168,0.006654342769573193,0.00134256707780358,-2.039552669020933,0.001468709536382609,4.6541201379858434e-05,0.49246056541017624,-0.659607395033313,-0.01656004894946191,0.49212803638782615,-0.6596013938406936,-0.016285088142940423,1.0,0.0,0.0,-0.8941352251106235,0.4476337032606679,0.012094086220753414
165,16.5,0.030761606200136578,0.001461715403161105,-3.636073509186109e-05,0.00041689656503464504,0.41689656503464506,2.675013345431196,153.26697483437852,1,0.035289789503032104,-0.0015288117254478345,-8.191982344389552e-07,-0.7750652528007728,0.009202956928131644,0.002083183290386311,-1.8982259063424656,0.0031730551966984303,-0.0006210895186998873,-1.8276843287093487,-0.005812273748614654,0.00093532990233226,-1.1159245105374782,-0.006510899513821307,0.0007801571653517623,1.6191119605378792,0.0067971010194789305,0.0015014763294009322,-2.0394057552577207,0.0014677260338570154,-4.620358007555962e-05,0.49260692926175953,-0.659607395033313,-0.01656004894946191,0.49228958732007616,-0.6596047233679625,-0.016289697881051647,1.0,0.0,0.0,-0.8931122534212802,0.44967493958265703,0.011956232688303127
166,16.6,0.030907601814079196,0.0014582957912107238,-3.1424601709465805e-05,0.00040215794225846005,0.4021579422584601,2.6727104321146444,153.13502762075564,1,0.035136908208195906,-0.0015288170141647432,5.576085225867056e-08,-0.7741344000530013,0.009415773442625999,0.002177393393055164,-1.8979118635568433,0.0031063171119002056,-0.0007122611738133429,-1.828261203490302,-0.005728606710527965,0.0007361894523815893,-1.1165718045991047,-0.006436202830555421,0.0007113283454520049,1.6197991688059346,0.006947170825747148,0.0015031976346655137,-2.039258963948694,0.0014706293087734846,0.00010455248613064312,0.49275292487570216,-0.659607395033313,-0.01656004894946191,0.49245120522144,-0.6596081177190423,-0.016294162247126483,1.0,0.0,0.0,-0.8920739576784057,0.4517347963076086,0.011820652981513975
167,16.7,0.031053283817582114,0.0014554479845557398,-2.6230234426177954e-05,0.00038727993232698875,0.38727993232698876,2.6703877235805944,153.00194622471557,1,0.03498402683585063,-0.001528812038983601,1.1418766596742985e-06,-0.7731817815970843,0.00963744927306143,0.0022108197588697745,-1.8976049168307936,0.0030326912600623208,-0.0006911095228074075,-1.8288307028013289,-0.00566389821221926,0.0005992383676692402,-1.1172119952684734,-0.006369340963032348,0.0006057280783228635,1.6205014055618836,0.007097198988013962,0.0014696595691088418,-2.0391111454812103,0.001487155243732024,0.00017506600675433402,0.49289860687920506,-0.659607395033313,-0.01656004894946191,0.4926129193312928,-0.6596114688489941,-0.016298607225598102,1.0,0.0,0.0,-0.8910219448369148,0.4538098371123051,0.011684415224780437
168,16.8,0.031198714976387418,0.0014532914896732657,-1.7057461091064357e-05,0.000372286511183646,0.37228651118364603,2.6680531474846743,152.86818486746722,1,0.03483114544582989,-0.0015288134049744253,-1.0232503868990774e-06,-0.7722070500638282,0.009856139578069864,0.0021629996967669363,-1.8973047303072066,0.002974634030940918,-0.0004708683839186751,-1.8293941834679757,-0.005606352305200901,0.0005524995324578607,-1.1178462199160846,-0.006318077552159572,0.0004206067567116273,1.6212183528478188,0.0072402676968024784,0.0013917185490549015,-2.038961655558141,0.0015015778910095975,0.00011339507880825321,0.49304403803801033,-0.659607395033313,-0.01656004894946191,0.49277473481033995,-0.6596147211316099,-0.01630310664804124,1.0,0.0,0.0,-0.8899597129463305,0.4558929517923951,0.011546680843516762
169,16.900000000000002,0.03134396522795128,0.0014518193725088515,-1.1780135829268467e-05,0.0003574412395995434,0.3574412395995434,2.6656958388990852,152.733121034503,1,0.0346782640526052,-0.0015288174723620072,9.185680952539786e-09,-0.7712107459643978,0.010069134467403842,0.002105953531690385,-1.8970092482233083,0.002939262655808961,-0.00022181876455139773,-1.8299520887236647,-0.00555207703777201,0.0005357244642156574,-1.1184762100610899,-0.006285049142843773,0.00022850094202620725,1.6219492537680251,0.007378516117508004,0.0014196125528403067,-2.03881102980677,0.0015101876441503876,6.553459664890728e-05,0.4931892882895742,-0.659607395033313,-0.01656004894946191,0.49293658741630664,-0.659618135866256,-0.016307479864014065,1.0,0.0,0.0,-0.8888822162214566,0.457993671110416,0.011410648887597269
170,17.0,0.031489097560487816,0.001450926364312146,-6.7902750361910674e-06,0.00034290574825452194,0.3429057482545219,2.6633250401153763,152.59728427012172,1,0.03452538274268856,-0.0015288114312522435,8.537910961351662e-07,-0.7701933786334187,0.010277511836779774,0.002057180369226342,-1.896715981427684,0.0029305770173099787,4.6494418339780866e-05,-1.8305046341216855,-0.005499014338171454,0.0005283451688077329,-1.1191039166329684,-0.0062725467387428945,2.4752492718996486e-05,1.6226943656269717,0.0075253831598643805,0.001514401315333228,-2.038659746618275,0.0015148511367827858,2.7035355261488807e-05,0.49333442062211075,-0.659607395033313,-0.01656004894946191,0.4930984721513777,-0.6596216839160695,-0.01631163699488987,1.0,0.0,0.0,-0.8877935713927705,0.46010354449923735,0.011282860138637156
171,17.1,0.03163417082926448,0.0014506419017675206,1.3041906591975684e-06,0.0003288255945593022,0.3288255945593022,2.660948711332727,152.46113066014047,1,0.03437250146089831,-0.0015288110832610846,-1.0197891512451628e-06,-0.7691551935490291,0.010487819788524816,0.002160668070798579,-1.896422808133694,0.0029302303191042533,-8.334790191206749e-05,-1.8310520127514143,-0.005449785445546319,0.00045122238673950775,-1.119731068962616,-0.006269688575250275,4.9692089468662044e-05,1.6234546372182004,0.007681371058299161,0.0016052677947499764,-2.0385077566772516,0.0015296398586582306,0.00029146816177563805,0.4934794938908874,-0.659607395033313,-0.01656004894946191,0.49326039855667064,-0.6596252960160398,-0.01631550230569198,1.0,0.0,0.0,-0.8866973797738962,0.4622153356998487,0.01116871281675378
172,17.2,0.03177924754494077,0.0014509977569182185,6.63182999694205e-06,0.00031532646864882444,0.31532646864882447,2.6585482833758856,152.32359626918824,1,0.034219620084649995,-0.0015288170493854324,-8.223253251014475e-08,-0.7680954676731269,0.010708467461470899,0.002260882327985818,-1.8961304901845932,0.0029130939183410927,-0.000281710566405324,-1.831594838833345,-0.00540750633369049,0.00043442117128879797,-1.1203576791532683,-0.006261195378208572,0.000157615077325825,1.6242309119612388,0.007845359350208058,0.00166647840936751,-2.0383528685812204,0.0015719977221141871,0.0004729823266865513,0.49362457060656373,-0.659607395033313,-0.01656004894946191,0.4934223599410901,-0.6596290933160422,-0.01631907008498234,1.0,0.0,0.0,-0.8855849877678784,0.4643455669539739,0.011064532993281622
173,17.3,0.03192438913238774,0.0014519318590919057,1.1510930298730586e-05,0.00030236316051811144,0.30236316051811146,2.656127814327669,152.18491360828338,1,0.03406673878789853,-0.001528812489028776,7.47620902180529e-07,-0.7670131298764238,0.01094025473338094,0.0023714162760339916,-1.8958411192073263,0.0028690419594956788,-0.0006007219850332259,-1.8321330875799633,-0.005354206108341431,0.000633855650995692,-1.1209824903271979,-0.0062298669542687445,0.0004715723382693381,1.6250237781240608,0.008012014019244732,0.001664029203663612,-2.038193693389534,0.0016076223530605525,0.00023884662425166124,0.49376971219401067,-0.659607395033313,-0.01656004894946191,0.49358440138002835,-0.6596329135940038,-0.016322494353379277,1.0,0.0,0.0,-0.8844581415882236,0.4664906749985094,0.010965669963159935
174,17.400000000000002,0.03206965252622627,0.001453419130504912,1.801960621309177e-05,0.0002898967554369845,0.2898967554369845,2.653692445054891,152.04537722739738,1,0.03391385769736057,-0.0015288076343613509,-7.67454306281845e-07,-0.7659070368486641,0.011182986982596352,0.0024651391172316227,-1.8955576844937723,0.002796848061879594,-0.0007625926583754936,-1.8326650168496763,-0.005280863612745915,0.0008394516206814242,-1.1216026476603136,-0.006169514511695685,0.000688986728180164,1.6258332902193795,0.008176818631253097,0.0015860377233926867,-2.038032120128931,0.0016200522224085355,1.3250920706326142e-05,0.4939149755878492,-0.659607395033313,-0.01656004894946191,0.4937465633582093,-0.6596366037416052,-0.016325903052464924,1.0,0.0,0.0,-0.8833191289502993,0.4686461390429893,0.010867970858612113
175,17.5,0.03221508851978959,0.0014553748068926288,2.1825653312141844e-05,0.00027808975472393794,0.27808975472393793,2.6512251936890174,151.9040141371349,1,0.033760976636908795,-0.001528813937053668,-1.1788535692569435e-07,-0.7647763645141394,0.011431214535277371,0.0025055281743673634,-1.8952818145726187,0.0027205928603260144,-0.0007612730462115855,-1.8331885167035975,-0.005185352423428208,0.001068647623995902,-1.1222159262588525,-0.006093914676769143,0.0008202716868967552,1.6266585777688793,0.008325880113459016,0.0013993076689255922,-2.03787042045451,0.0016102534983531624,-0.00020873818747664264,0.49406041158141256,-0.659607395033313,-0.01656004894946191,0.4939088236411139,-0.6596403284890708,-0.01632924514635141,1.0,0.0,0.0,-0.8821598629025623,0.47082690249822434,0.01077052309129453
176,17.6,0.032360743056532304,0.0014578145105539004,2.6675188491001102e-05,0.00026705604201775993,0.26705604201775995,2.6487352855916604,151.7613529117809,1,0.03360809534493361,-0.0015288136235537448,7.436629233593203e-07,-0.7636209320785773,0.011672588083049598,0.0022449945968022367,-1.8950137135963931,0.002638458259130278,-0.0009212168990607119,-1.8337012319823003,-0.005063324341738973,0.001397728919713191,-1.1228207441428917,-0.005995348404783735,0.0012171894266600211,1.6274979423458962,0.008460105006695256,0.0013041052037120434,-2.037710392534049,0.0015947379698108782,2.2195619204301833e-06,0.49420606611815526,-0.659607395033313,-0.01656004894946191,0.49407119058795274,-0.6596440163608497,-0.016332482696910636,1.0,0.0,0.0,-0.880984507164302,0.473024633755296,0.010676797138661438
177,17.7,0.032506671519533785,0.0014608553129595008,3.462337258859299e-05,0.00025690765227678793,0.2569076522767879,2.6462363383540946,151.6181737818425,1,0.033455214101464424,-0.001528809146464396,-1.1278456276836175e-06,-0.7624430025980435,0.011880212995873432,0.0019326541345002905,-1.8947548201143942,0.002535833130050484,-0.0011454712031107718,-1.8341999863630365,-0.0049057434179172145,0.001740891611579417,-1.1234134050993676,-0.0058498253953399035,0.0016853135854358306,1.628350392833278,0.00858789735097683,0.0012561586513310202,-2.037550318420462,0.0016125429014006286,0.00032329450348348083,0.49435199458115675,-0.659607395033313,-0.01656004894946191,0.49423364107382406,-0.6596476617865545,-0.016335610588917623,1.0,0.0,0.0,-0.879799392964345,0.47522722278167334,0.010588430799128863
178,17.8,0.03265293593721015,0.0014645410625019728,4.016186793986201e-05,0.0002478267679445503,0.24782676794455033,2.6437148396264063,151.47370254669838,1,0.033302332721760766,-0.0015288186916545322,-1.551483940904805e-07,-0.7612451151392903,0.01207999196853904,0.0020723479776228212,-1.8945078782268454,0.0023939068923395563,-0.0016930194071503194,-1.83468171436521,-0.00472754753649325,0.0018202179851621188,-1.1239894163250792,-0.0056651183236024714,0.0020059704596768896,1.6292153927887292,0.008711695188616118,0.0012262212660681786,-2.037388082798619,0.0016258507167967225,-5.690411195054828e-05,0.4944982589988331,-0.659607395033313,-0.01656004894946191,0.4943961120725543,-0.6596515330303326,-0.016338608326312655,1.0,0.0,0.0,-0.8785980151383441,0.4774465455629752,0.010503519645525908
179,17.900000000000002,0.032799600431506,0.001468853312909499,4.537853307436525e-05,0.00023962135618603274,0.23962135618603272,2.6411751449431433,151.32818876009557,1,0.03314945141195154,-0.0015288104992573796,6.066030543131859e-07,-0.760026534557918,0.01229265642781589,0.0021016728080109617,-1.8942778166606289,0.0022023155758859585,-0.0019244284607627452,-1.8351452387201659,-0.004542092045838849,0.0018659135308102231,-1.1245453881984426,-0.005451206003615682,0.0021582684521077354,1.630092630447709,0.00883155313545408,0.0011117046342466442,-2.0372263986434116,0.0016031036519230575,-0.0003137510235678427,0.49464492349312894,-0.659607395033313,-0.01656004894946191,0.494558657284058,-0.6596554386746594,-0.016341718136155252,1.0,0.0,0.0,-0.8773823211011661,0.4796788990928431,0.01041231886797638
180,18.0,0.032946723388947614,0.0014736842209729325,5.143423362578937e-05,0.00023221400025654767,0.23221400025654768,2.6386274177072337,151.18221474212743,1,0.032996570398314856,-0.0015288089768657847,-7.505120004163524e-07,-0.75878705920526,0.012493610395331686,0.0019186492965086901,-1.8940665205542477,0.0020304543264092582,-0.0015116046992747656,-1.8355901723333234,-0.004357022139090207,0.0018353191800700298,-1.125080049159718,-0.005245226568800749,0.0019605547424923855,1.6309808910163708,0.008928929491291362,0.0008361305467247135,-2.037067662021342,0.0015715447827414247,-0.00031733496645886493,0.49479204645057057,-0.659607395033313,-0.01656004894946191,0.4947212862055257,-0.6596592898338184,-0.016345052997600383,1.0,0.0,0.0,-0.8761570960397168,0.4819153738855419,0.010310939433865065
181,18.1,0.033094354388780466,0.0014790349164385856,5.644191255533767e-05,0.00022596589139623564,0.22596589139623563,2.6360615331164254,151.03520038435647,1,0.032843689148018,-0.0015288179127520769,2.630389418855039e-08,-0.7575285435006642,0.01267115174224431,0.001590652113988282,-1.8938705392134572,0.0018908744223337245,-0.0013823181558014154,-1.8360165405962685,-0.004165627907426298,0.0020931170865342804,-1.1255948866474068,-0.005049519832212846,0.002055518718265275,1.6318775371137344,0.009001110138147746,0.0006476787737959449,-2.036911993355904,0.001544800305579535,-0.00015642056275038478,0.4949396774504034,-0.659607395033313,-0.01656004894946191,0.49488388786677995,-0.6596634867309642,-0.016348384526640728,1.0,0.0,0.0,-0.874917390963034,0.4841646130178646,0.010207178439661232
182,18.2,0.03324255044786403,0.001484994370313834,6.187336323905408e-05,0.00022102571390418804,0.22102571390418804,2.6334942041833322,150.8881032718684,1,0.032690807799630066,-0.001528809575430775,1.0819060800571601e-06,-0.7562541393101598,0.012810289137211873,0.0011829464180315883,-1.8936884178943214,0.0017509990936631508,-0.001416745191270358,-1.8364219339943015,-0.003935155517851986,0.0025210321132774025,-1.1260891278154899,-0.004830943818369942,0.0023205678599984726,1.6327806732151249,0.009059491318972226,0.0005139975622109232,-2.0367578633968595,0.001542148426796456,0.00010347616068077483,0.49508787350948696,-0.659607395033313,-0.01656004894946191,0.4950464198141198,-0.6596680593878749,-0.016351593214513568,1.0,0.0,0.0,-0.8736712229442515,0.4864117812146031,0.01010808066515265
183,18.3,0.033391376255325796,0.0014916368380453748,7.0575666243844e-05,0.00021739747972528812,0.2173974797252881,2.630938052679128,150.7416465788815,1,0.03253792649657145,-0.0015288156819845053,-7.279880813224857e-07,-0.754966614289977,0.012947494132163806,0.0015995826343745735,-1.8935210589001723,0.0015885297185705284,-0.0018557744620172074,-1.8368030624052356,-0.0036909137832773515,0.0023340003099269744,-1.1265605149891715,-0.004596065225717481,0.0023686008349318253,1.6336897245707267,0.009127680080803764,0.000872463318244209,-2.036603539856034,0.0015387900855189016,-0.00020105123134993665,0.49523669931694875,-0.659607395033313,-0.01656004894946191,0.4952088780699077,-0.6596729414930909,-0.016354643730408014,1.0,0.0,0.0,-0.8724247594116674,0.4886457903347305,0.010016524029864941
184,18.400000000000002,0.03354090090632395,0.0014989683316026332,7.599779309098195e-05,0.0002148676258007008,0.2148676258007008,2.62835833536665,150.59383966453967,1,0.03238504515293717,-0.001528811864327648,2.803362885934389e-07,-0.7536631566815042,0.013127985193942983,0.0019310823137352706,-1.8933722586906943,0.0013813004982155593,-0.002174049202862407,-1.8371608219572788,-0.0034666795892864923,0.0022285500594562725,-1.1270081820065971,-0.00435573952339761,0.0024860988192304066,1.6346074462115052,0.00923125856157454,0.0010799836696909354,-2.036451224999285,0.0015033115740134507,-0.0004072029270046968,0.4953862239679469,-0.659607395033313,-0.01656004894946191,0.4953713489041667,-0.6596780760946015,-0.016357685374009466,1.0,0.0,0.0,-0.8711610250276682,0.4908971414437946,0.009922952940214814
185,18.5,0.033691186072315506,0.0015068064873886618,8.147165310804907e-05,0.0002129875375150105,0.21298753751501048,2.6257615106688146,150.44505256921835,1,0.03223216421343977,-0.0015288054763902745,-8.349790670216282e-07,-0.7523406409165566,0.013322846876057013,0.001972535321057565,-1.893244821973793,0.0011691984389485149,-0.0020672129702921233,-1.8374960406603837,-0.003234568702911072,0.0024135243837381274,-1.127430829074589,-0.004092153827334484,0.0027857341492002986,1.6355355797309505,0.009327382603291374,0.0008455363721578356,-2.0363026483108784,0.0014710457587575453,-0.00023661765401466195,0.49553650913393843,-0.659607395033313,-0.01656004894946191,0.49553398535699783,-0.6596829654528237,-0.016360934827959583,1.0,0.0,0.0,-0.8698830548936253,0.49316026476611324,0.00981957558916306
186,18.6,0.03384227875206905,0.0015151418954605159,8.634001551099704e-05,0.00021186418018906446,0.21186418018906447,2.6231232102618915,150.29388909081402,1,0.0320792830630457,-0.0015288170785023622,-6.353988014693834e-08,-0.7509983902921182,0.013525022801291916,0.0021269489913215327,-1.8931381719934224,0.0009623831866050087,-0.0021380473336174623,-1.8378071825261264,-0.002987421315483814,0.0024771237990152835,-1.1278257055819598,-0.0038036026113934824,0.002910260136672279,1.6364722455999907,0.009405671653494159,0.0008072843828575235,-2.0361565185215342,0.0014522010026468714,-0.00018781677424572856,0.495687601813692,-0.659607395033313,-0.01656004894946191,0.49569677156634484,-0.6596878117479188,-0.01636425441814022,1.0,0.0,0.0,-0.8685786661129098,0.4954561644369572,0.009710298395893366
187,18.7,0.03399423477774239,0.0015240878185200095,9.175077372840666e-05,0.0002112395609308479,0.2112395609308479,2.6204434424281433,150.14034970386533,1,0.031926401766395315,-0.0015288080579136034,1.1304371193140772e-06,-0.749634845267228,0.013750062900289017,0.002367793826404471,-1.8930529385305754,0.0007391051018508887,-0.0023294958418443286,-1.8380935718216516,-0.0027406956760441985,0.002459335193917277,-1.1281915062110408,-0.003512327549081345,0.0029178663385620476,1.6374170193453148,0.009491564456251043,0.0009058571229617637,-2.0360122884121026,0.0014318928474635827,-0.0002193949611267693,0.49583955783936534,-0.659607395033313,-0.01656004894946191,0.4958598204317757,-0.6596922862733509,-0.016367681964727248,1.0,0.0,0.0,-0.8672475865445424,0.497784660908236,0.00959452954235368
188,18.8,0.03414712140907574,0.001533776613476595,0.00010128050636770836,0.0002108019188601529,0.21080191886015293,2.617724628895645,149.98457316317013,1,0.03177352039158844,-0.0015288188015800252,-4.866569356275007e-07,-0.7482480555894756,0.013983969103782912,0.002289300718567453,-1.89299058995559,0.0005091725362683033,-0.0022596560051788895,-1.8383556157510095,-0.002503061721644041,0.0022888460657012858,-1.1285285434768073,-0.003232693729824681,0.0026663708671660347,1.6383714704624808,0.009605438462844004,0.0013828451310866604,-2.0358702315382153,0.0014088393706167938,-0.0002424215028565981,0.4959924444706987,-0.659607395033313,-0.01656004894946191,0.49602322046537883,-0.6596961203206021,-0.016371321340082578,1.0,0.0,0.0,-0.8658907478468522,0.5001435412131741,0.00946841992970465
189,18.900000000000002,0.03430101614345561,0.0015442441952253055,0.00010739794531443143,0.00021054903515529158,0.21054903515529158,2.6149373380078593,149.82487315902472,1,0.03162063901281593,-0.001528809502407091,6.464564960853515e-07,-0.7468384187754467,0.014206940736590307,0.0021681805343304814,-1.8929508392536287,0.0002871879315130783,-0.002178737789474621,-1.8385947548262376,-0.0022818560948658965,0.0021769221965954135,-1.1288388966647904,-0.002977673085510714,0.0024900469875283014,1.639339685855514,0.009763599485263365,0.001594682059261809,-2.035730592833204,0.0013843325215465688,-0.00020502897676055157,0.49614633920507856,-0.659607395033313,-0.01656004894946191,0.49618698046316306,-0.6596994802159382,-0.016375117871795054,1.0,0.0,0.0,-0.8644930907816516,0.5025580694031239,0.009331820218593261
190,19.0,0.03445598950765498,0.0015553130149183313,0.00011376360329804473,0.00021022097427877604,0.21022097427877603,2.6121062868834763,149.6626658780118,1,0.031467758029833315,-0.0015288122732720153,-4.379903522868143e-07,-0.7454070506662793,0.014418453443874144,0.002059038650413956,-1.8929328705907589,7.362488674677208e-05,-0.0020922276419431977,-1.8388120374094175,-0.002063557603766986,0.0021898225830040414,-1.1291242322998214,-0.0027291605309189585,0.0024809842215104093,1.6403234540908138,0.0099058598967448,0.001246485329781698,-2.0355928977954956,0.001372440021744695,-3.1845196804047645e-05,0.4963013125692779,-0.659607395033313,-0.01656004894946191,0.4963511261174917,-0.6597021508099299,-0.016379126835725642,1.0,0.0,0.0,-0.8630666154459377,0.505006592406249,0.009184711695131829
191,19.1,0.034612095375619725,0.0015668788634318647,0.00011732704312790226,0.00020994297822334108,0.20994297822334107,2.609212084610727,149.49684030272613,1,0.03131487706596918,-0.0015288086176075924,4.779199144451177e-07,-0.7439548950578855,0.014627926254007243,0.002211408227400032,-1.8929358496623467,-0.00013232486696724915,-0.0020354290471657163,-1.839007612446816,-0.001852020224711985,0.0019743311406046123,-1.1293848592696272,-0.002485892146368287,0.0023473402539976648,1.6413198889434704,0.010022003882327867,0.001155705916217694,-2.0354556530233188,0.001372509713020633,-1.0612193531236975e-05,0.49645741843724267,-0.659607395033313,-0.01656004894946191,0.4965155698176053,-0.6597045225998446,-0.016383241973109558,1.0,0.0,0.0,-0.861601169851934,0.5075055638216439,0.009029219227277558
192,19.200000000000003,0.034769379456769105,0.0015788831111664475,0.00012303526281920213,0.00020940221358369278,0.20940221358369276,2.6062803036004096,149.32886162437833,1,0.031161996190492338,-0.0015288152317822973,-5.356597920070749e-07,-0.7424805563150338,0.014863339933330472,0.0024517039170363943,-1.8929591822883023,-0.0003332255901274509,-0.001929473585584946,-1.839183471331769,-0.0016700721908504896,0.0017287881362628235,-1.129622033370224,-0.0022607280639271,0.0021681866498921352,1.642327928123112,0.010139404197501745,0.0012134973008934146,-2.035318519637488,0.0013695196510502164,-4.459694579416925e-05,0.49661470251839207,-0.659607395033313,-0.01656004894946191,0.4966803432043883,-0.6597063557227794,-0.016387574692437745,1.0,0.0,0.0,-0.8601093384691066,0.5100327219516126,0.008862754473911829
193,19.3,0.03492789240405515,0.0015915011882936352,0.00012899470300273546,0.00020867749360505556,0.20867749360505555,2.6032799070414234,149.15695156468286,1,0.03100911485121546,-0.00152881079070695,1.015604900835872e-06,-0.7409822347384728,0.015100633486283202,0.002289421673748968,-1.8930012432814307,-0.0004988091386792992,-0.0013778838744740174,-1.8393413405395889,-0.0014823356185274864,0.0020289271051856937,-1.1298373815841107,-0.002047446739831358,0.0020976440221554225,1.643348299834051,0.010271903801994192,0.0014358805594802306,-2.03518178520293,0.0013652493259381062,-4.112534465534579e-05,0.4967732154656781,-0.659607395033313,-0.01656004894946191,0.49684544362913224,-0.6597078635770458,-0.016392014844407193,1.0,0.0,0.0,-0.8585749378061254,0.5126144781248603,0.008687519092658505
194,19.400000000000002,0.03508770684840785,0.001604944507675643,0.0001395404588545812,0.00020767383664709518,0.20767383664709518,2.6002305964888675,148.98223893959667,1,0.03085623346873364,-0.0015288211561272705,-3.691535022470557e-07,-0.7394607633501175,0.015331852595872318,0.0024713795697510897,-1.893057161777955,-0.0006133321649816229,-0.0009967238030664392,-1.8394789123370825,-0.0012637112861282507,0.0023509668513502055,-1.130031737975427,-0.0018398661156635377,0.0020826564947078025,1.6443830610536168,0.010425745245978675,0.0015929012718124,-2.035045443087163,0.0013620181932132642,-1.5379054918622184e-05,0.4969330299100308,-0.659607395033313,-0.01656004894946191,0.4970109642980591,-0.6597086711157618,-0.016396348586865474,1.0,0.0,0.0,-0.8570076033918237,0.5152333671350615,0.008517342265622172
195,19.5,0.03524891395205952,0.0016193677293473395,0.00014775033146831575,0.00020658295813062721,0.20658295813062721,2.5970890724652667,148.8022428718054,1,0.030703351845530674,-0.0015288046117954087,1.9251769693419646e-06,-0.7379145026695012,0.015600828132707124,0.0029002133271380467,-1.893123091306236,-0.0007013451310984441,-0.0007610504995961036,-1.8395929522122805,-0.0010112446602636702,0.002702815079231088,-1.1302052428867537,-0.001629547455579871,0.002125807289695493,1.6454337054625345,0.010588335867655348,0.0016514170293789794,-2.034909250699371,0.001362528421034239,2.4871159406809163e-05,0.4970942370136825,-0.659607395033313,-0.01656004894946191,0.4971770041981145,-0.6597087815513313,-0.016400215017722344,1.0,0.0,0.0,-0.8553845379302404,0.5179259412651113,0.008367295531866421
196,19.6,0.03541161550763213,0.001634809289615353,0.0001585256930534447,0.0002051491852791741,0.20514918527917408,2.5938586664212013,148.6171542393669,1,0.030550470461936093,-0.0015288187860845886,2.8642913248492184e-07,-0.7363388457632404,0.015922104303340342,0.003506522270617602,-1.8931960160608776,-0.0007466811837603249,-0.0001361488981447845,-1.8396806117691333,-0.0007424951759904292,0.0026711835237843116,-1.1303582563539982,-0.0014377246190845727,0.0017065182602048006,1.6465020117404927,0.010789560092880034,0.002366799927133549,-2.0347724365171476,0.0013781605114798541,0.0002894996098531017,0.49725693856925507,-0.659607395033313,-0.01656004894946191,0.497343800915447,-0.6597075175798993,-0.016403471183799558,1.0,0.0,0.0,-0.8537067482368961,0.5206887396212173,0.008247693401991133
197,19.700000000000003,0.035575905875359706,0.0016511649236203643,0.00016951705486050898,0.00020344876171807957,0.20344876171807957,2.5904962898144452,148.42450425066625,1,0.030397589110340788,-0.001528814377428785,-9.92191131237146e-07,-0.7347281582937478,0.016297841594212048,0.00387557061668553,-1.8932703000802615,-0.0007291619714483029,0.000450124505998698,-1.839741531824198,-0.00047514819926253404,0.0027201106304563494,-1.1304941966656,-0.0012871109778085936,0.0013479006633935508,1.6475939338446086,0.011056528525641969,0.0028180390130474256,-2.03463276521571,0.001417512128463632,0.0004181585510690673,0.49742122893698265,-0.659607395033313,-0.01656004894946191,0.49751158201653317,-0.659704532901967,-0.01640580254226315,1.0,0.0,0.0,-0.8519509544577197,0.5235577981005378,0.008173325314513685
198,19.8,0.03574188144915125,0.001668511926096036,0.00017723081535334144,0.0002016675491880801,0.2016675491880801,2.5869662344158204,148.2222469748777,1,0.030244707589376762,-0.0015288109910029288,1.3450417588892964e-06,-0.7330789656124097,0.016686810182268863,0.0039014894114537506,-1.8933400954722786,-0.0006579261182513728,0.0009802935406276177,-1.8397751926934787,-0.0001955003257681567,0.0028746845583585,-1.1306166142525473,-0.0011658044663423268,0.0010756652728113282,1.6487138001346884,0.011342379920164156,0.002898084462879137,-2.034489008550326,0.0014567968500026364,0.00036677703762099474,0.4975872045107742,-0.659607395033313,-0.01656004894946191,0.4976804854507846,-0.6596997028191586,-0.016406922402780428,1.0,0.0,0.0,-0.8500972368714409,0.526562542740347,0.008159439096022585
199,19.900000000000002,0.03590965134309696,0.0016871446543163724,0.00019367671721608502,0.0001998731942694219,0.1998731942694219,2.583299909801549,148.012182048155,1,0.030091825665726556,-0.0015288281665541842,2.9488758060286784e-07,-0.7313903475896791,0.017089504726792232,0.004142493456509027,-1.8933999026316504,-0.000526907145900703,0.0016539434223737837,-1.8397817417013809,4.80726354891177e-05,0.0019345152815226454,-1.1307291608004701,-0.0011000525036790644,0.0002037851476366529,1.6498627216273862,0.01163741437307298,0.002988431493659214,-2.034341210059345,0.0015025577923438236,0.00056046289584795,0.4977549744047199,-0.659607395033313,-0.01656004894946191,0.49785058357348494,-0.6596926816561816,-0.016406639782215637,1.0,0.0,0.0,-0.8481607467518624,0.5296752065755537,0.00821725066356129
200,20.0,0.03607936187779908,0.001707339477024529,0.00021080097124794942,0.00019839506695907248,0.1983950669590725,2.5794845054962825,147.7935754843272,1,0.02993894381684619,-0.00152882069690634,-1.1111120607382218e-06,-0.7296605320365075,0.017498854173261587,0.003641827255867677,-1.8934431506379827,-0.00032686119814164406,0.0023229323535745605,-1.8397688982268177,0.00019571846985166067,0.001161351525636449,-1.130839710660594,-0.0011263771907847823,-0.0007212597283018304,1.6510414295937,0.011932637531255851,0.0027328762155419874,-2.034187811779854,0.0015681704621117807,0.0007246393401292462,0.49792468493942205,-0.659607395033313,-0.01656004894946191,0.4980217411277767,-0.6596839815670142,-0.016404887092836672,1.0,0.0,0.0,-0.8461334099501094,0.5329057275039084,0.008350937655750023
201,20.1,0.036251168399184,0.001729033172934697,0.0002273898835804898,0.00019750382826152693,0.19750382826152693,2.5762471379353142,147.60808798635114,1,0.02978606194313029,-0.0015288048182365802,-2.2077312809647934e-06,-0.7278949219203382,0.017788577746091532,0.002178279691312639,-1.8934631590186326,-6.247250156900273e-05,0.002972602906784554,-1.8397443172241918,0.00028778266341312705,0.0006716862937373563,-1.130957500689504,-0.0012452173543962824,-0.0016717291271575079,1.6522471501102995,0.012169841915803342,0.0020344380681043984,-2.0340272020093657,0.0016458033493984068,0.0008327072604326219,0.4980964914608069,-0.659607395033313,-0.01656004894946191,0.4981936390742082,-0.6596743321698445,-0.016401652222408112,0.9999997592230775,-0.0006939407662441581,0.0,-0.844031650304833,0.536224997310447,0.008563033522727187
202,20.200000000000003,0.03642522193808159,0.0017522697171072736,0.00023811052610901034,0.0001974637308480131,0.19746373084801308,2.5794063796783027,147.78909920468593,1,0.029633180149654364,-0.0015288168780772406,1.4644290433653273e-06,-0.7261074671107275,0.017938105335044103,0.0008003106301959313,-1.8934535369302565,0.0002651841858672997,0.0035887774119261234,-1.839713770694903,0.00030694212694346566,-0.0003013799215091836,-1.13109233501159,-0.0014714766932702825,-0.002869931374975358,1.653473737107006,0.01235677063892421,0.0017041395249111396,-2.0338584461135563,0.0017295306676532406,0.0008425753580192289,0.4982705449997045,-0.659607395033313,-0.01656004894946191,0.49836541695190095,-0.6596654950409195,-0.0163969059851546,0.999969602415904,-0.007797066382862763,0.0,-0.84191049631413,0.5395445010769513,0.008857062363974731
203,20.3,0.03660167575574344,0.0017771181736343593,0.0002570434471747916,0.00019831547615936998,0.19831547615936998,2.5827221793449406,147.97908053129518,1,0.029480298187469306,-0.0015288286495235728,7.81272856266869e-07,-0.7243117271912316,0.017959202386526738,-0.0002672793693454657,-1.8934080639203497,0.000652695171083843,0.004103008051363561,-1.8396862002239986,0.0002302552974967586,-0.0011652473648999355,-1.1312556950712862,-0.0018085728254099165,-0.003670333624617438,1.6547172878195566,0.012503129904525807,0.0010583441632045186,-2.0336812532278685,0.0018143676487861336,0.0008460701585132572,0.49844699881736637,-0.659607395033313,-0.01656004894946191,0.49853659970941666,-0.6596583391891978,-0.016390622265585682,0.9998875238446336,-0.014997988526710259,0.0,-0.8398080349580087,0.542804943986638,0.009233482746558686
204,20.400000000000002,0.03678071136399929,0.0018039641621253664,0.0002788862146692328,0.00019966257053702341,0.1996625705370234,2.590795859406763,148.44166832397653,1,0.029327416086822666,-0.001528827095620735,-4.681583256143881e-08,-0.7225185478607273,0.017889778509082407,-0.0011455167200267093,-1.8933215659212383,0.001083208781523622,0.004352778733141929,-1.8396703016388085,7.357933620559117e-05,-0.0020776111871650227,-1.131455698063244,-0.0021999507873346536,-0.0042045144537907805,1.6559713561016267,0.01256314973000891,0.0002129884553805062,-2.033495592926677,0.0018987010054490406,0.0008337851941561669,0.4986259940719628,-0.6596093328493033,-0.01656004894946191,0.49870643970897227,-0.6596544300238286,-0.01638296172121146,0.9996401251176378,-0.026825738662587282,0.0,-0.8377638413526382,0.545946798694344,0.009687059278709236
205,20.5,0.036962533016927,0.0018328162452963949,0.0002992479708273794,0.0002010956141815963,0.2010956141815963,2.612361647797575,149.67729698064227,1,0.02917453415051107,-0.0015288275169419842,-5.87800375802174e-07,-0.7207369219044707,0.01772640891311136,-0.002130506398734373,-1.8931926511970516,0.0014831368274585723,0.0036354023212221906,-1.8396759327310486,-0.00021284327597729993,-0.003676584526344784,-1.1316980702255581,-0.0026614159487556377,-0.005039577617042272,1.6572281171390766,0.012565949203572372,-0.0001578027610530169,-2.0333016387847502,0.001979547932844962,0.000783232396263727,0.49880765809880717,-0.6596169021837552,-0.01656004894946191,0.4988742508448809,-0.6596550211165693,-0.01637416780686118,0.9986515965379529,-0.051913280884545526,0.0,-0.8358275442883049,0.5488972293190931,0.010205285630734213
206,20.6,0.03714734719995857,0.0018639353616747986,0.0003265049643959105,0.00020398409061851843,0.20398409061851844,2.6346539412411163,150.95455131062434,1,0.029021651751739378,-0.0015288345022058181,-1.1543471420515507e-06,-0.7189769686151767,0.017450641225566884,-0.003431069202690397,-1.8930277904582027,0.0017947909765802582,0.0025157203010581605,-1.839718261090759,-0.0006594582322483707,-0.005244268732293824,-1.131990340919361,-0.003189342658664085,-0.005422394582107064,1.6584835588320006,0.012542121547565632,-0.00024298411229696374,-2.033099853124774,0.002055435937115832,0.0007380284966477112,0.49899231206145056,-0.6596245960988654,-0.01656004894946191,0.49903918433595557,-0.6596617275317733,-0.01636502649998905,0.9970015150739691,-0.0773820324119901,0.0,-0.8340534666113678,0.5515789084738508,0.010748142181572698
207,20.700000000000003,0.03733541679431264,0.0018980416561263768,0.00036056736093403814,0.0002072296207460702,0.2072296207460702,2.6762805357727144,153.33957949278727,1,0.028868768908732197,-0.0015288429965381004,-1.3853716886956784e-06,-0.7172516471678196,0.017027925167248773,-0.005125989324813504,-1.8928376814886565,0.001995365443131493,0.0018307867491753008,-1.8398132348256413,-0.0012712700779551785,-0.007131426694080771,-1.132337034611356,-0.0037587248225181766,-0.006307729981134954,1.659736240085896,0.01250009339305757,-0.0009786564324844988,-2.0328906575048094,0.00212993196939753,0.0008323614504862156,0.4991792153160572,-0.6596437216916581,-0.01656004894946191,0.4992003201381715,-0.6596762376804483,-0.01635647730931751,0.9925791013933918,-0.12160068863738722,0.0,-0.8325043995398026,0.5539038740621148,0.011266012864079994
208,20.8,0.03752708129947956,0.0019359743123836383,0.00040135824839813495,0.0002133456138509246,0.2133456138509246,2.7299140265109334,156.4125521526412,1,0.02871588561292008,-0.001528846396304066,-7.254943584092204e-07,-0.7155780440909394,0.016408450542205383,-0.007303088368670318,-1.892628895433615,0.0021817395040003517,0.001935633577859525,-1.839979844175298,-0.002099536146097703,-0.009347152805232947,-1.1327472887511991,-0.004475237613005404,-0.007958150933278249,1.660978445217526,0.012315307237346494,-0.0026728753730437646,-2.032673049426414,0.002226642852447727,0.0010517672948962636,0.49936912228991986,-0.6596696180971848,-0.01656004894946191,0.49935643402818636,-0.6597008092407244,-0.01634937747173342,0.9842364967317294,-0.17685733940453935,0.0,-0.8312651101157889,0.5557527614524336,0.011712593315748745
209,20.900000000000002,0.03772275304950905,0.0019782613299278834,0.00044537034681138424,0.00022474491196272783,0.22474491196272783,2.8025066375686873,160.57180239008522,1,0.02856300217115189,-0.0015288501982555806,7.735036836284165e-07,-0.7139779539894734,0.01555030153053611,-0.009920538642035393,-1.892400433843828,0.002393922202073128,0.002316896606478589,-1.8402388857877792,-0.0031058137416720786,-0.010813607290443302,-1.1332363004012926,-0.005322849616400307,-0.009019834178529642,1.6621942582501894,0.011977236068898674,-0.004121816867905605,-2.0324454541504404,0.0023220015128970137,0.000851287287995367,0.49956061215806424,-0.6597066978764303,-0.01656004894946191,0.4995060083035721,-0.6597382608583303,-0.016344335081800793,0.9684389255669485,-0.2492509728100055,0.0,-0.830442395875554,0.5569740827902242,0.012053971646654215
210,21.0,0.037922887736664246,0.002025243477270333,0.0004899856406963869,0.00024298503101587352,0.24298503101587351,2.9145324368857857,166.9904078875345,1,0.028410118821291592,-0.001528835643078522,3.1166039455097073e-06,-0.71247748267733,0.014406909613507931,-0.013075280641445615,-1.892148743101819,0.0026472895209649536,0.0027550379685503832,-1.8406071000300492,-0.004299413653309838,-0.01319783010670685,-1.133816693111238,-0.006321060069182741,-0.01109172087346634,1.6633688906295967,0.011490396386989437,-0.005661735489607205,-2.032209536474239,0.002389910242452773,0.0004729825863935372,0.4997514571264275,-0.659766964708545,-0.01656004894946191,0.4996476209677851,-0.6597912410397174,-0.016341713342652157,0.934269697995984,-0.3565671485239392,0.0,-0.8301402049998762,0.5574196989002268,0.01226863157586169
211,21.1,0.038127976620724285,0.002077578174906676,0.0005687573751969712,0.000270260185015095,0.270260185015095,3.057014308322995,175.15401777801216,1,0.028257234940693866,-0.0015288149089197531,-7.699171077351079e-06,-0.7111055902999202,0.01303566186952392,-0.012980680642040252,-1.8918682701503944,0.0030027480734088363,0.00507131031702768,-1.8411053223020704,-0.0056443731089950355,-0.012311504976174843,-1.134507168375471,-0.007494691507433879,-0.01168995451142985,1.664488035551316,0.01089457862617155,-0.00558868093655362,-2.0319686334773803,0.002427875479798195,0.00044290504342943773,0.4999384185013339,-0.6598466830420738,-0.01656004894946191,0.49977973627340716,-0.6598627652886885,-0.016341870399901186,0.8741755127276593,-0.4856101038357151,0.0,-0.8304671884857704,0.5569309637532988,0.012334928510611496
212,21.200000000000003,0.03833866053840153,0.0021373665713015446,0.0006365300601276191,0.0003025562694687833,0.3025562694687833,3.019656021721324,173.0135456258963,1,0.028104350526404878,-0.0015288585003040793,-1.2588159304790722e-06,-0.709864900352158,0.011739235837185462,-0.015914825108799074,-1.8915369594666411,0.0036638813501468936,0.00731560737707787,-1.841726826749772,-0.00679815114949909,-0.013543946891731119,-1.1353146288691522,-0.008684439176279224,-0.013746688913085925,1.665550284339836,0.010325922657821571,-0.007400802707344169,-2.0317232990611926,0.002484474338630734,0.0007882578953782383,0.5001137181170495,-0.6599635494525509,-0.01656004894946191,0.4999024315699236,-0.6599526915550914,-0.016343761184525407,0.7581611277623593,-0.6520672544685152,0.0,-0.8314386068646147,0.5554802842960406,0.012308402553494052
213,21.3,0.03855569949495756,0.002204836097122794,0.0007101641066868129,0.00032732018032033346,0.32732018032033344,2.810013639544127,161.0019219200743,1,0.027951465755974635,-0.0015288346513369065,8.924319675542546e-06,-0.7087885777200224,0.009630962191348189,-0.02409084607946333,-1.8911336224959385,0.004414996370695999,0.008336966473050565,-1.8424881628418583,-0.008540806133777648,-0.018930301926996504,-1.1362622371299709,-0.010358946643490852,-0.018423453053782155,1.6665356019665116,0.00929154121818096,-0.012077454843531624,-2.031469935102702,0.002591338957591692,0.0012121063508194626,0.5002560324592206,-0.6601222139898553,-0.01656004894946191,0.5000145399322239,-0.6600635130808591,-0.01634703706450542,0.6079920118925107,-0.7939431424698479,0.0,-0.8331500621050493,0.5529122803907969,0.012205908708545725
214,21.400000000000002,0.038780009629369526,0.002283492119400436,0.0008477386852504327,0.0003548564719636622,0.35485647196366216,2.5906462700842003,148.43309748713347,1,0.02779858006443436,-0.001528855134550154,-2.838664227781517e-07,-0.7079437065914098,0.0072796960877623855,-0.023962849174106206,-1.8906438178864928,0.005445048578850822,0.011701441912640699,-1.843429709873272,-0.010220891136671913,-0.015845293827887175,-1.1373895845640605,-0.012181182294781311,-0.018460014182252724,1.6674057491072214,0.008118660157561778,-0.012016438497892468,-2.031204807567508,0.002708817615703878,0.0009919559583387656,0.5003800135339139,-0.6603090640114319,-0.01656004894946191,0.5001133936007394,-0.6602009681823132,-0.016352317828404798,0.42491492521347446,-0.9052332883466159,0.0,-0.8357997164711662,0.5489034817453706,0.011991733591423625
215,21.5,0.03901273652376201,0.0023725903197157794,0.000948736781912303,0.00036194120705282715,0.3619412070528272,2.4533838416219873,140.56853965053227,1,0.02764569624050458,-0.001528849713275523,-6.424819180696033e-06,-0.7073487373090747,0.004482500590695419,-0.03170369043599159,-1.890043504848067,0.006533556780211201,0.01039202635427649,-1.8445432699776743,-0.012177332264769369,-0.022652162100523187,-1.1387067031106162,-0.014230800880444906,-0.022245302847115754,1.6681495531915709,0.006674165858875283,-0.016809438028539486,-2.0309311465749498,0.0027415325633625394,-0.0003314162729773382,0.500450094901978,-0.6605309883436351,-0.01656004894946191,0.5001995075231016,-0.6603648873807769,-0.016358510186321173,0.30325103354662203,-0.9529107044486936,0.0,-0.8393691155672333,0.5434353719764257,0.011725370643372375
216,21.6,0.03925491370115302,0.002473259930863775,0.001091119213997971,0.0003699950015657545,0.3699950015657545,2.3301590413498574,133.5082786635967,1,0.027492810900339483,-0.0015288182254981156,-6.864418710562079e-06,-0.7070563113090798,0.0013957906827460692,-0.030091574041534473,-1.889328777200299,0.007862071743327814,0.016299323303865583,-1.8458555775229035,-0.013872436276983494,-0.01118372665553569,-1.1402317959955903,-0.016175659516714378,-0.01666408297645699,1.6687302880342967,0.004913980367840982,-0.018445832710714753,-2.030659797168879,0.0026737967361590317,-0.0010274369949876915,0.5005100465462672,-0.6607648354591982,-0.01656004894946191,0.5002718192231972,-0.6605584813040546,-0.0163662397484896,0.1921512284035479,-0.9813653271962525,0.0,-0.8439604936975343,0.536284824450567,0.011369790756152229
217,21.700000000000003,0.03950782208408922,0.002586721508496214,0.0012053076373563388,0.0003693238241304512,0.3693238241304512,2.2462526549798856,128.7007968504033,1,0.027339927154862484,-0.0015288308285583184,-7.790431425444989e-06,-0.7070794513557201,-0.0019874405112316317,-0.037734003858136585,-1.8884666808238573,0.009320716817592386,0.0127828776925063,-1.847303186756763,-0.015129338358539204,-0.01406199998890396,-1.141931614342046,-0.017811612795929122,-0.016058402667626363,1.669122091556539,0.0028455125347991274,-0.023013924776939025,-2.0303990226466424,0.0025266050657827954,-0.0019447434827022847,0.5005442178083895,-0.6610154247147626,-0.01656004894946191,0.5003334752395137,-0.6607767630326872,-0.016372890572030212,0.11933550177314212,-0.9928539862520331,0.0,-0.8493817743728476,0.5276627955882992,0.011071382712820994
218,21.8,0.03977271087989666,0.002713719627083961,0.001356848912729621,0.0003639516436939672,0.3639516436939672,2.180498420564245,124.93335673327321,1,0.02718704253860373,-0.0015288616968864278,-2.966045895852953e-06,-0.7074748034134839,-0.006004595692600857,-0.04302466260067111,-1.887477310494859,0.010397367548560552,0.008549439669397457,-1.8488835729141446,-0.016452889226984874,-0.012846883467618649,-1.1437852279898817,-0.019181616825421386,-0.01147947243711617,1.669284668833901,0.00033281810881699304,-0.027598043383580042,-2.030158910080148,0.002246405098300917,-0.0036454107681632678,0.5005658094279923,-0.6612791455885266,-0.01656004894946191,0.5003850915718621,-0.6610200309318585,-0.016379324158348585,0.06572381716090869,-0.9978378524879677,0.0,-0.8556103132896562,0.5175082097286637,0.01078168149268785
219,21.900000000000002,0.04005113444612919,0.0028579459177595174,0.0015286981284552978,0.0003529108174508594,0.3529108174508594,2.128400034281272,121.94833907981662,1,0.02703415756948963,-0.001528850670100999,9.281325403985856e-06,-0.7083053900756463,-0.010764869901698034,-0.052238744625675924,-1.886404751429901,0.010957016156043766,0.0033328535977843483,-1.8505995842367653,-0.01792849439300335,-0.015634220982432945,-1.1457568310217707,-0.020210071219706992,-0.008928649831514339,1.6691664593667666,-0.0028387281464785103,-0.03592260274024495,-2.0299543207941366,0.0018244946630916507,-0.005038982019670449,0.5005774003527154,-0.6615573277818778,-0.01656004894946191,0.5004274347178771,-0.6612886628238671,-0.016387203660898703,0.027317317333230565,-0.9996268124523849,0.0,-0.8626002004045478,0.5057792307961969,0.010404996743948593
220,22.0,0.04033773599217935,0.0028665061825838803,0.0,0.00033450563494165066,0.33450563494165064,2.096673529107135,120.1305442346386,1,0.02688499783057024,-0.001450436016933958,0.0008187437207251402,-0.7096195519228384,-0.015511199255129214,-0.048283045063080156,-1.8853194390463577,0.01072593734798216,-0.001851906630106118,-1.852418589482449,-0.018320143568421446,-0.0012683766642694852,-1.1477676315689724,-0.01989746961602985,0.004936794655874362,1.6687051708378016,-0.006414700009613867,-0.036644476608488706,-2.029804628491503,0.0011355539260115251,-0.0077455634805173165,0.5005794864881917,-0.6618438858856193,-0.01656004894946191,0.500459970641622,-0.6615768379171713,-0.016397890493702678,0.0107537943901903,-0.9999421762813155,0.0,-0.8701758676691059,0.4926426699681622,0.00985692918505863
221,22.1,0.040624386610437754,0.0028665061825838803,0.0,0.00031263905464704896,0.31263905464704894,2.069919117235843,118.59762935105886,1,0.026743975979815898,-0.0013706674507051337,0.0007790807166404035,-0.7114182542311627,-0.02050777948312458,-0.05087705433302516,-1.8842505973911488,0.010688070003970327,0.00026953066423792354,-1.8542520935646518,-0.018299968362992573,0.001738625614179465,-1.1497308636350885,-0.01934060792927329,0.0065808937389398815,1.6678773767831747,-0.010183601167293966,-0.03925913131412204,-2.029731974521975,0.0003012533919318392,-0.008688610702589326,0.5005794864881917,-0.6621305365038777,-0.01656004894946191,0.5004836993240485,-0.6618734724113607,-0.01641009545662347,0.0,-1.0,0.0,-0.8779544842554888,0.47865553043263165,0.009209058688861748
222,22.200000000000003,0.04091103722869617,0.0028665061825838803,0.0,0.00028860545960890567,0.28860545960890566,2.053216707035864,117.64065173890381,1,0.026610746156538616,-0.0012945559269501735,0.0007416511818247334,-0.7137251175634236,-0.025654444643828503,-0.0523394995577062,-1.883178803236316,0.010793987741727238,0.0029089952927391903,-1.8560676171934858,-0.01794072099672588,0.00587290244553357,-1.151628435312661,-0.018589412540421537,0.007929177737365772,1.666657111768887,-0.014259838142179033,-0.041626457934514915,-2.029745873522527,-0.0005845035661132476,-0.009007208074096636,0.5005794864881917,-0.662417187122136,-0.01656004894946191,0.5005004446256035,-0.6621761240419307,-0.016422447762560882,0.0,-1.0,0.0,-0.8858334835710001,0.46392468582419877,0.008539629229964579
223,22.3,0.041197687846954566,0.0028665061825838803,0.0,0.00026367766817270215,0.26367766817270216,2.035989603264859,116.6536113995913,1,0.026484943565590648,-0.0012218921756879566,0.0007161553749550584,-0.7165562658257517,-0.03101841963529943,-0.055225248395107875,-1.8820804783878253,0.011173615016973247,0.003445085712979515,-1.8578267528137467,-0.01722115749671591,0.007506669076921091,-1.1534467456500972,-0.01776340285697134,0.008693708184545441,1.6650206184606697,-0.018498225992125417,-0.04326965238937052,-2.029850318572296,-0.0015205313605003248,-0.009903224657567364,0.5005794864881917,-0.6627038377403944,-0.01656004894946191,0.5005119089154856,-0.662482554748842,-0.01643358542899161,0.0,-1.0,0.0,-0.8936996942214728,0.4485955477459406,0.007930390341310586
224,22.400000000000002,0.04148433846521297,0.0028665061825838803,0.0,0.00023814904002337627,0.23814904002337628,2.018312334554023,115.64077850914175,1,0.026366299602697506,-0.0011513689616572968,0.0006936567390241736,-0.719938333301043,-0.036654548985518606,-0.05726801703203744,-1.880942464617,0.01165793874328038,0.007146824601212695,-1.8595083014725011,-0.016361022854279116,0.010147528211269746,-1.1551788360483897,-0.016875554433321543,0.008941847304880821,1.6629498281778974,-0.022974292009307055,-0.04650899049186126,-2.0300535559377155,-0.0025589941961316398,-0.010819480380491998,0.5005794864881917,-0.6629904883586528,-0.01656004894946191,0.5005189208730751,-0.6627921838889291,-0.016442907544240642,0.0,-1.0,0.0,-0.901494241690379,0.4327274908805513,0.007419625011491225
225,22.5,0.04177098908347138,0.0028665061825838803,0.0,0.00021217366570988873,0.21217366570988874,2.0001770165432027,114.60170132699416,1,0.026254572565513442,-0.001083787395107234,0.0006579723268145434,-0.72389348319643,-0.04248279835521788,-0.05933311312624157,-1.8797452843430194,0.012221857088391528,0.003980652171516661,-1.8611006841454056,-0.01557649959410782,0.0055584031126845995,-1.15682275067133,-0.016015374875032625,0.008267930586445845,1.660415470780884,-0.02775351295751946,-0.0488804449438651,-2.0303629393875386,-0.0036194307763277784,-0.010433901492527042,0.5005794864881917,-0.6632771389769112,-0.01656004894946191,0.5005219137682517,-0.6631051591611271,-0.016449930879635245,0.0,-1.0,0.0,-0.9091965059333061,0.41630779071359086,0.007038251902038614
226,22.6,0.04205763970172978,0.0028665061825838803,0.0,0.00018442888902792798,0.18442888902792798,1.9815065624523853,113.53196310599756,1,0.026149439142706093,-0.0010193407606974164,0.0006295429800611461,-0.728442408048827,-0.04853985788341018,-0.06224220103028329,-1.878502429203906,0.012637264576741896,0.0037662471732108193,-1.8626284569933085,-0.014973210219043276,0.005005115067670518,-1.1583830310173302,-0.015197178732680987,0.007487122764964351,1.6573950043036465,-0.032664539506949766,-0.04949856547494303,-2.0307789855685483,-0.004718853074814567,-0.011358032804392626,0.5005794864881917,-0.6635637895951696,-0.01656004894946191,0.5005208258294406,-0.6634235555889635,-0.016455610614898676,0.0,-1.0,0.0,-0.9168127690791369,0.3992605993040681,0.006732035115893717
227,22.700000000000003,0.042344290319988195,0.0028665061825838803,0.0,0.00015559125510281963,0.15559125510281963,1.9621751216876138,112.424353138269,1,0.026050594501504796,-0.0009580828240225907,0.0005987798513964332,-0.7336158456808002,-0.05499870106767079,-0.06616843510002053,-1.877224675549392,0.012882331126386171,0.001898935847833302,-1.8641137620290888,-0.014840694549868019,-0.0009994198410587531,-1.1598714813213404,-0.014622493615194685,0.004676260402438581,1.6538786148954974,-0.03769372546892282,-0.05145303522571126,-2.0313075915257235,-0.0058537379781529305,-0.01141062406176002,0.5005794864881917,-0.6638504402134281,-0.01656004894946191,0.5005157021936827,-0.663749152075559,-0.016460646154906337,0.0,-1.0,0.0,-0.924361410047906,0.3814633132237037,0.006459433306549301
228,22.8,0.0426309409382466,0.0028665061825838803,0.0,0.00012989990163464685,0.12989990163464685,1.9420624342282202,111.27198103218005,1,0.02595774346312028,-0.0008993549843692106,0.000573566402283597,-0.7394497941034358,-0.06173313271328566,-0.06941792509785259,-1.8759267574323049,0.013057678982463414,0.0007211714665760357,-1.8656070974474124,-0.015108970972485272,-0.006129192754513724,-1.1613122186374418,-0.014231552126465518,0.0022403355210060846,1.6498468886014956,-0.04299051371682675,-0.05443139813839774,-2.0319504209472643,-0.007005281417610206,-0.011550451286907095,0.5005794864881917,-0.6641370908316865,-0.01656004894946191,0.5005064607239895,-0.6640848583004504,-0.01646617145009148,0.0,-1.0,0.0,-0.9318484405897554,0.36279556839235005,0.006152993199494125
229,22.900000000000002,0.042917591556505,0.0028665061825838803,0.0,0.00012264897989985865,0.12264897989985865,1.9210419036060489,110.06759334440412,1,0.025870624408626235,-0.0008435676982480604,0.0005412313396146223,-0.7459782098384262,-0.06890085151358888,-0.07344183892292777,-1.8746204447817099,0.013083520184363527,0.0013540844143139542,-1.8671612634836152,-0.016050294390443403,-0.010977110339384344,-1.1627313278969886,-0.014218012229967077,-0.0018266128382873241,1.6452715749884546,-0.04854250195030467,-0.056118877376971917,-2.0327083741453693,-0.00814399754642546,-0.011001073112254397,0.5005794864881917,-0.6644237414499449,-0.01656004894946191,0.5004933891380715,-0.6644325452276719,-0.01647314375933793,0.0,-1.0,0.0,-0.9392708555671532,0.3431284852687019,0.005753475415307367
230,23.0,0.043204206433666695,0.0028542673813375706,-0.0020954625032772087,0.0001529304587154407,0.1529304587154407,1.8990754746441392,108.80900967391275,1,0.025788929830861295,-0.0007876548880547559,0.0010844552570387351,-0.7532407574115294,-0.07611489693836668,-0.02115260096419492,-1.8733028204054494,0.013208040068780355,-0.008399922474594326,-1.868828317086017,-0.01734467708521778,-0.004935966279980126,-1.1641696968005781,-0.014581663321515557,0.003644389060398625,1.6401348826519695,-0.05401119100831649,-0.018128182563341394,-2.033577182529057,-0.009203000062303606,-0.004481264174487474,0.5005794864881917,-0.6647103563271066,-0.01656004894946191,0.5004772687272726,-0.6647931177671403,-0.01648201178780708,0.0,-1.0,0.0,-0.9465841120658044,0.32241455039741096,0.005232253494248574
231,23.1,0.04347740660842043,0.0026105147639600033,-0.0022655479126257086,0.00021457835532543633,0.21457835532543632,1.8773062711696749,107.56172619146443,1,0.02571581016002398,-0.0006774494423726329,0.0009845000399544956,-0.7608828937944483,-0.0764509092130626,0.0005315469882244822,-1.8720295263774582,0.012312948683718454,-0.00663888047592627,-1.8705734434048673,-0.01747495392637955,0.00030741851995328383,-1.1656027816035708,-0.01407890849752902,0.004393695901103004,1.634697935478629,-0.054520938546369975,-0.0020592601721215673,-2.0345096844349517,-0.009398856708489766,-0.0010636589476252147,0.5005794864881917,-0.6649835565018603,-0.01656004894946191,0.5004601521279162,-0.6651485906162462,-0.0164924699429537,0.0,-1.0,0.0,-0.9533813095297952,0.3017330881784628,0.0046067491293728296
232,23.200000000000003,0.0437279546243975,0.0024072945027684305,-0.0018554967288738104,0.00028828646981239944,0.28828646981239947,1.8567743178562794,106.38533192144722,1,0.025652584027905892,-0.0005905616201096993,0.0007745337271205275,-0.768527546583542,-0.07644853072281721,0.00040882401003006913,-1.8708250501065828,0.011826764096507123,-0.0035554872762247215,-1.8723222445599792,-0.017535745763889655,-0.0014617904656638297,-1.1669957452647555,-0.013849915148068312,0.0004419717538107909,1.6292358440484105,-0.05470518749212657,-0.000994430741176458,-2.0354537498813863,-0.009469733276757254,-0.00028337245844695016,0.5005794864881917,-0.6652341045178374,-0.01656004894946191,0.5004443154007242,-0.6654823172651044,-0.016503230837174667,0.0,-1.0,0.0,-0.9593780705920818,0.2820958572050978,0.003955377951046725
233,23.3,0.043960066092096885,0.002240804004297696,-0.0014904383284879226,0.00036469099929862994,0.3646909992986299,1.83741241492591,105.27597660019507,1,0.025597099698486406,-0.0005218368136939526,0.0006086199974850025,-0.7761722175291196,-0.07644903750008548,-0.00038746553858571425,-1.8696546645816008,0.011633432048143162,-0.0004126838921150594,-1.8740816748886644,-0.017623859843726115,-0.00010424314086957161,-1.168381147985554,-0.013871384596284198,-0.0006168940255348917,1.6237604547788067,-0.05479282411389482,-0.0007933136430469043,-2.036401707801203,-0.009484914289787415,-6.044911148883267e-05,0.5005794864881917,-0.6654662159855368,-0.01656004894946191,0.5004305447212795,-0.6657958636463789,-0.016513699248925425,0.0,-1.0,0.0,-0.964662272705723,0.2634685999871253,0.0033160879139940386
234,23.400000000000002,0.04417707572420027,0.002103521935654379,-0.0012758710416167324,0.00043886862992423937,0.43886862992423936,1.8192037622009396,104.23269764843488,1,0.025547765040244533,-0.00046680067909163917,0.0004995722619593704,-0.7838168612176855,-0.07644495446049125,0.0007708070508193124,-1.8684919240202635,0.011624305899340017,-0.00018379043207888534,-1.8758443938910876,-0.017650936550996525,-0.0007456103629008559,-1.169772289499312,-0.013966706500577002,-0.0012568548664174482,1.6182786654028658,-0.05485173406222557,-0.00031962247192738463,-2.0373497781222842,-0.00947195377516414,0.0003542966678174173,0.5005794864881917,-0.6656832256176402,-0.01656004894946191,0.5004193436470963,-0.666090183600269,-0.01652337272893474,0.0,-1.0,0.0,-0.9693013776298107,0.2458605905487647,0.0027220102799104242
235,23.5,0.04438149377141558,0.0019880359646891016,-0.0010378166759591636,0.0005082309609309959,0.508230960930996,1.8020766632294671,103.25138716206665,1,0.025503403876710427,-0.0004218553573038707,0.0004032748284744065,-0.7914614182393636,-0.07644320283850636,-0.0008231957529327844,-1.8673295141031767,0.011632047108201671,0.0005123958634224131,-1.8776151073898812,-0.017757506751124495,-0.000961761146569309,-1.1711766234245544,-0.014116964886950946,-0.0014954076712491464,1.6127883365955484,-0.05495978486516163,-0.0018880299992656696,-2.0382954278479084,-0.009439995612213835,0.0002164608613254848,0.5005794864881917,-0.6658876436648554,-0.01656004894946191,0.500410846604282,-0.6663662741811855,-0.016532261757424456,0.0,-1.0,0.0,-0.9733712841816983,0.2292239568978912,0.0021727205401247435
236,23.6,0.04457527438422144,0.0018898457604803525,-0.0009101280141220631,0.0005712153741833087,0.5712153741833087,1.7859964993717843,102.33006163914263,1,0.02546313968875494,-0.0003844800038287626,0.00034190258807011186,-0.7991059083240648,-0.07644379583417751,-0.00040128117723948337,-1.8661634570005898,0.011692270316837033,0.0006227165930176703,-1.879393701417191,-0.01781035934018323,-0.0007199879702740001,-1.1725944767280634,-0.014237705564364022,-0.0013384386875945767,1.6072853295060878,-0.055096111763238836,-0.0013954214989718994,-2.039237905551612,-0.00940989712161172,0.00022543258624237433,0.5005794864881917,-0.6660814242776613,-0.01656004894946191,0.5004050413449026,-0.6666249949802628,-0.016540382049364612,0.0,-1.0,0.0,-0.976932243587801,0.2135429879075475,0.0016684585768354076
237,23.700000000000003,0.0447598218374587,0.001802683070248755,-0.0008086181615293812,0.0006269203774325943,0.6269203774325943,1.770927861886471,101.46669230822155,1,0.025426326861642583,-0.00035258296872691416,0.00029223792881472797,-0.80675030062577,-0.07644447336064329,-0.0006441995871542747,-1.8649920943128566,0.0117288315371379,0.00031098604335558916,-1.8811789065929916,-0.01790318097690207,-0.0012577599285012436,-1.174025150586621,-0.014381096410143216,-0.0016653956347630833,1.6017716331823153,-0.05516462018879928,-0.0007915163208817681,-2.0401776290161093,-0.009385623780234525,0.0001370797328049964,0.5005794864881917,-0.6662659717308985,-0.01656004894946191,0.5004017888702713,-0.6668670557135534,-0.016547770430766398,0.0,-1.0,0.0,-0.9800396933447023,0.198798242223118,0.0012076248674152616
238,23.8,0.044936176867671145,0.0017261946739085268,-0.0007268982009213843,0.000674928349905972,0.6749283499059721,1.7568303506050125,100.6589644101559,1,0.025392462077546696,-0.0003254585016624209,0.00025223698911609944,-0.8143948583984366,-0.07644078924210701,0.0007968417121231031,-1.8638178259006208,0.011758509426418554,0.00026253038593017277,-1.882972824399473,-0.017955416721231753,0.00018445322235703838,-1.175470246252105,-0.014512605383046584,-0.0009665153745515506,1.596253502906178,-0.05519330937688148,0.0002740619529497286,-2.0411151611374736,-0.00936464562726697,0.00029279414475606724,0.5005794864881917,-0.666442326761111,-0.01656004894946191,0.5004008804807729,-0.6670931706250096,-0.01655453202583718,0.0,-1.0,0.0,-0.982745207237891,0.1849628144956092,0.0007841586686452201
239,23.900000000000002,0.045105412038761096,0.0016597540315497102,-0.0006333817883411688,0.0007147910278730072,0.7147910278730072,1.743663596769206,99.90456498547651,1,0.025361096866781094,-0.0003023812188614064,0.00021636036508042896,-0.8220392921395921,-0.0764448556760116,0.00021461590470238032,-1.8626395832803664,0.01181284377600351,0.0007414900574343637,-1.8847673330068109,-0.01793038679978111,0.0003325737310180578,-1.176926819071207,-0.014619392816391711,-0.0011029085448137927,1.590732374027133,-0.055228668772535836,-0.00022985045140720348,-2.0420505559585234,-0.009338620617666687,0.0004494833822629462,0.5005794864881917,-0.666611561932201,-0.01656004894946191,0.5004021303254464,-0.667304000127901,-0.016560640726135514,0.0,-1.0,0.0,-0.9850955435316184,0.17200758736055058,0.00040000568481507974
240,24.0,0.04526834698514453,0.0016000348020348803,-0.0005608137013806614,0.0007464487653798404,0.7464487653798404,1.7313823939124813,99.20090389444218,1,0.025331891908463286,-0.00028216229321762995,0.00018815281091451416,-0.8296836428354967,-0.07644529510227328,-0.0002623264908848677,-1.8614536670370838,0.01191317115306725,0.0012274965236701218,-1.8865590697807042,-0.017906096948517174,0.000203430643896582,-1.1783948183105926,-0.014744256506150376,-0.001327978775811648,1.5852074675774404,-0.0552738146417605,-0.0007112468912424813,-2.0429817402905326,-0.009280602040282493,0.0006423162843035043,0.5005794864881917,-0.6667744968785844,-0.01656004894946191,0.5004052952675692,-0.6675003114029365,-0.016566086683685137,0.0,-1.0,0.0,-0.9871337410746552,0.15989676066861042,5.6210681947685596e-05
241,24.1,0.045425625939075134,0.0015465846174805493,-0.0005112010664298973,0.0007700810447948138,0.7700810447948139,1.7199476339611268,98.54574040948434,1,0.02530457564464515,-0.000264601311486602,0.00016406160181309788,-0.8373280858653663,-0.0764437225600786,0.0003541671264396598,-1.8602562233008557,0.01203768766823186,0.001248565561682801,-1.8883475789054092,-0.017856942453866473,0.0007788232548517696,-1.1798748896933022,-0.014850310911795993,-0.0007947834472936659,1.5796771460955192,-0.05533647505750154,-0.0004902149225143627,-2.0439067885054008,-0.00922389400808204,0.0005059511410987023,0.5005794864881917,-0.6669317758325151,-0.01656004894946191,0.5004101262321944,-0.6676829244665063,-0.016570895556941502,0.0,-1.0,0.0,-0.9888975177355054,0.14859891582764442,-0.0002482567308587233
242,24.200000000000003,0.045577851571587065,0.0014987327424047093,-0.00045210961710960025,0.0007858453688939926,0.7858453688939926,1.7093036900176344,97.9358873441484,1,0.025278892240869377,-0.00024941808973857036,0.00014113379936697397,-0.844972411528592,-0.07644343082609004,-0.00021575438904643945,-1.8590457180261837,0.012176190532264135,0.0015557094258686465,-1.8901291205895554,-0.01776651196094891,0.0010953062223863445,-1.1813637037217835,-0.014923029052823888,-0.000717386040622779,1.5741395284724018,-0.05541748512273143,-0.0009747448041842466,-2.044827113016281,-0.009183808365865166,0.00036627472217755277,0.5005794864881917,-0.6670840014650269,-0.01656004894946191,0.5004164141056021,-0.6678525936746101,-0.0165750941219972,0.0,-1.0,0.0,-0.9904230462875575,0.1380649269311629,-0.0005151057826404479
243,24.3,0.045725507194098756,0.001455024003106592,-0.0004206233021081874,0.0007940419552236865,0.7940419552236865,1.6994090465608647,97.36896603428875,1,0.02525463000089596,-0.00023611597166843003,0.0001249552331620942,-0.8526167341015725,-0.0764441940316123,8.425332522230683e-05,-1.857820002961231,0.012342991140080684,0.001789462874354668,-1.8918992481196513,-0.017628753767071362,0.0016185752841185396,-1.1828593328088528,-0.014989333044737436,-0.000631778838420945,1.5685937699515444,-0.05549788826514287,-0.0007182473500349888,-2.0457434803843255,-0.009143205860686425,0.00043072039540518635,0.5005794864881917,-0.6672316570875386,-0.01656004894946191,0.5004239637451954,-0.6680100962145954,-0.01657869911121548,0.0,-1.0,0.0,-0.9917404985690684,0.12825844410150672,-0.0007449930445464462
244,24.400000000000002,0.04586896890793696,0.00141475984034433,-0.00039153214389840273,0.0007950624655110748,0.7950624655110748,1.6902253388823043,96.84277834402536,1,0.025231616204439093,-0.00022441384298780854,0.00011037319158501682,-0.8602610315017385,-0.0764416063140039,0.0003017386201813882,-1.8565762647668869,0.012536211914268052,0.0020177208396541958,-1.8936534871287054,-0.017450412712115476,0.002007695603236332,-1.1843614821565942,-0.015053848298694678,-0.00059820353766363,1.563040236561949,-0.0555720253056838,-0.0005216846021531534,-2.0466556161679312,-0.009098690576186468,0.0005019491355415791,0.5005794864881917,-0.6673751188013768,-0.01656004894946191,0.5004325906704482,-0.668156192362993,-0.016581729220176384,0.0,-1.0,0.0,-0.9928763844284637,0.11914530607441547,-0.0009387676472608202
245,24.5,0.04600856698454963,0.001377667037982692,-0.00035033123897353703,0.000789298408815858,0.789298408815858,1.6816978713420543,96.35419044403423,1,0.025209699125398555,-0.00021414516591088627,9.52759875334049e-05,-0.8679052967940677,-0.07644262443397574,-0.00033284934450710305,-1.855311896613828,0.012754777344531305,0.002362911686811458,-1.8953883754460226,-0.017242386887893816,0.0021765926277126126,-1.1858701985584088,-0.015120429953351429,-0.0007190684613774673,1.557479312256091,-0.05564513172966538,-0.00095960252507667,-2.047563094623771,-0.009050064701726274,0.00046519942971234136,0.5005794864881917,-0.6675147168779895,-0.01656004894946191,0.5004421281257161,-0.6682915958394235,-0.01658420961374008,0.0,-1.0,0.0,-0.9938561173864846,0.11067435180307161,-0.0010980830715406006
246,24.6,0.04614461288835308,0.001343817158642286,-0.0003194427856013164,0.0007771698018371014,0.7771698018371014,1.6737880228851831,95.90098951086745,1,0.02518874437661259,-0.0002051515145483559,8.365532231360966e-05,-0.8755496521264129,-0.07644432067563775,-0.00015474283810443593,-1.8540241647268605,0.013006600249278407,0.002739902382695837,-1.8971000497084902,-0.016978272264207776,0.0029850764674481467,-1.1873851014124608,-0.015173506192141377,-0.0004384579204462762,1.551910912317163,-0.05572499210181003,-0.0009647345377182016,-2.048465609860137,-0.009000419810312342,0.00047443693916198533,0.5005794864881917,-0.6676507627817929,-0.01656004894946191,0.5004524357907553,-0.6684170322329595,-0.016586166938997216,0.0,-1.0,0.0,-0.9947002882098029,0.10280971551100987,-0.0012243495743449078
247,24.700000000000003,0.046277432347890425,0.0013130583157293068,-0.000294481564076538,0.0007590451587467624,0.7590451587467625,1.666454432696727,95.48080574439035,1,0.025168631874194665,-0.000197269597879568,7.416524235249984e-05,-0.8831939660195747,-0.07644292082434445,-2.9309435493403424e-05,-1.8527093501966436,0.013295528991605871,0.003048270595309577,-1.8987816161852724,-0.016643567465236497,0.0035239369739753176,-1.1889041069183734,-0.015203992393451516,-0.0002826560157268166,1.5463340409159645,-0.05581472406242372,-0.0009498630227383204,-2.0493631897238442,-0.008951158250436506,0.0005124198908963197,0.5005794864881917,-0.6677835822413303,-0.01656004894946191,0.5004633935352472,-0.6685331904299894,-0.0165876087533206,0.0,-1.0,0.0,-0.9954273786907928,0.09551228647752816,-0.0013179091818365006
248,24.8,0.04640728945666235,0.0012843837275108266,-0.0002788680739766589,0.0007353280486908092,0.7353280486908093,1.6596570048333785,95.09134181627586,1,0.02514926531877802,-0.00019017316500936416,6.781998938129127e-05,-0.8908381703229609,-0.07644289424150875,6.9074940499506965e-06,-1.8513642500201068,0.013610106245233481,0.003241684594366471,-1.9004284914233718,-0.016296169424767883,0.0034202030418608136,-1.1904261738333197,-0.015240599131554745,-0.0004500494825856122,1.5407481245328671,-0.055903560804746975,-0.0008450172074113468,-2.050255478235211,-0.008892518374607888,0.0006544326541775046,0.5005794864881917,-0.6679134393501023,-0.01656004894946191,0.5004748889274204,-0.6686407313387226,-0.01658856302950728,0.0,-1.0,0.0,-0.9960535306255813,0.08874378028851988,-0.0013804305187249584
249,24.900000000000002,0.046534358704208974,0.0012573237642644313,-0.0002619225257419982,0.0007064784769994884,0.7064784769994884,1.6533574532592854,94.73040409825533,1,0.025130577219797456,-0.00018369471785577694,6.186785449696292e-05,-0.8984824011528749,-0.07644452447046907,3.5100382370794464e-05,-1.849986742466322,0.0139433690692204,0.0034060231536175182,-1.9020411570001237,-0.015957390877678307,0.0035077591672701904,-1.191952727032854,-0.015292247564413834,-0.00047939548885488027,1.5351536742706928,-0.05598699030949901,-0.0008136711215155513,-2.05114125619592,-0.008822035653378971,0.0007181382240963403,0.5005794864881917,-0.6680405085976489,-0.01656004894946191,0.500486809027712,-0.6687402795767156,-0.016589088640207098,0.0,-1.0,0.0,-0.9965927603474604,0.08246736431316196,-0.0014155727709428635
250,25.0,0.046658819604334725,0.0012323047729434647,-0.0002398574173540577,0.0006729139674960426,0.6729139674960426,1.6475198528764028,94.39593423383221,1,0.02511250686735758,-0.00017781723434356168,5.594437102728595e-05,-0.9061266995967554,-0.07644423496345726,2.646783793010428e-05,-1.8485751139435778,0.01429223568809776,0.003558686626129587,-1.9036184351562475,-0.015579736758569577,0.004046734731189503,-1.1934838991027465,-0.015327350750966978,-0.00021687976449450818,1.5295506496385922,-0.0560778958517609,-0.0009609100848532257,-2.0520200358309935,-0.00875546774352412,0.0006216873669778104,0.5005794864881917,-0.6681649694977746,-0.01656004894946191,0.5004990590587132,-0.6688324219972415,-0.016589234514287097,0.0,-1.0,0.0,-0.9970571734895773,0.07664827606714338,-0.0014263831567226228
251,25.1,0.04678088333577987,0.0012093101765193433,-0.00022134481454599391,0.0006349913201709468,0.6349913201709468,1.6421100232550814,94.08597382864563,1,0.025094995996590413,-0.00017249136803151622,5.068333526465241e-05,-0.913770959519151,-0.07644298230656682,-2.8257892455037237e-06,-1.8471278747853639,0.014654629276938223,0.003645855620445393,-1.905155354671531,-0.015152413334550243,0.004390753303033346,-1.1950173157546895,-0.015338072252344853,-4.422495283600697e-05,1.523937868257916,-0.056180758557592254,-0.001055994535038355,-2.052892613141086,-0.008697484297662424,0.0005556396966354324,0.5005794864881917,-0.6682870332292198,-0.01656004894946191,0.50051156301072,-0.6689177157253776,-0.01658903113262181,0.0,-1.0,0.0,-0.9974572525220329,0.07125326582486423,-0.0014147439658115757
252,25.200000000000003,0.04690072754171387,0.0011878144516084994,-0.00020810594646815988,0.0005930684536473436,0.5930684536473436,1.6370959417134008,93.79868811817288,1,0.025077992614115776,-0.00016765752623144743,4.5977497543065786e-05,-0.9214151560591619,-0.0764427713078264,-3.637860136823656e-05,-1.8456443453361664,0.015014940817568784,0.0035700956070406735,-1.9066487227601825,-0.014716317252821338,0.00432355194142825,-1.1965513146850604,-0.015342211932165247,-4.734548338555886e-05,1.5183147347102488,-0.056281916875223666,-0.0010005013530050948,-2.05375956348668,-0.008641664743266345,0.0005557285037739442,0.5005794864881917,-0.6684068774351537,-0.01656004894946191,0.500524257489096,-0.6689966819809391,-0.016588519041513546,0.0,-1.0,0.0,-0.9978020267553013,0.06625105406437658,-0.0013831986019110032
253,25.3,0.047018484004946244,0.0011675287866186473,-0.00019581380125340093,0.0005475132786631561,0.5475132786631561,1.6324481615552233,93.53238993100467,1,0.025061450173573103,-0.00016326447548466438,4.163818946443414e-05,-0.9290593454920975,-0.07644237915412135,-8.129980947811297e-05,-1.8441251805681447,0.015367814339232703,0.003567607309097654,-1.908098779244619,-0.014285603071460632,0.004317270410294504,-1.1980857133513554,-0.015346055672444948,-6.373724197820995e-05,1.5126818622728453,-0.05637547806930113,-0.00098270519573734,-2.05462091463329,-0.008585343889199014,0.000570065712693191,0.5005794864881917,-0.6685246338983861,-0.01656004894946191,0.5005370903611746,-0.6690697997137411,-0.016587754409117344,0.0,-1.0,0.0,-0.9980992343062522,0.06161278627163192,-0.0013353071254367578
254,25.400000000000002,0.04713426945479127,0.0011483617285328626,-0.00018420195140848156,0.0004986843965151125,0.49868439651511254,1.6281392565356756,93.28550785906185,1,0.02504532585392056,-0.00015929058349213447,3.741924987193279e-05,-0.9367035363285814,-0.07644144557613096,-0.00013112625609186176,-1.8425701156902716,0.015738713655056982,0.003892110198598443,-1.9095051584115956,-0.013837013234044756,0.004606966071684145,-1.1996206500422182,-0.015353689173744495,-0.00013433352256973785,1.5070396266875485,-0.056470299068690825,-0.0010832143515844325,-2.055476378329409,-0.008522279216106144,0.000663711208085517,0.5005794864881917,-0.6686404193482312,-0.01656004894946191,0.5005500197409563,-0.669137514239932,-0.016586779209093506,0.0,-1.0,0.0,-0.998355532134726,0.057311508959424454,-0.0012737334029458917
255,25.5,0.04724819242247709,0.0011302334415267037,-0.00017874296101711687,0.00044693566220034195,0.446935662200342,1.624142146045929,93.0564902977519,1,0.025029578765001934,-0.00015570956430501713,3.428840775230701e-05,-0.9443477305712736,-0.07644044401709271,0.00016932621526039547,-1.8409764237344806,0.016139432835918593,0.004112874959847437,-1.9108652548212977,-0.01336007679384529,0.004929406190802662,-1.2011566626874162,-0.015367078017984759,-0.00012888128494513602,1.5013875301655981,-0.056571112113187584,-0.0009184210059023923,-2.056325066846987,-0.008449774704079926,0.000786770015919882,0.5005794864881917,-0.668754342315917,-0.01656004894946191,0.5005630134412644,-0.6692002421843726,-0.016585611269049647,0.0,-1.0,0.0,-0.9985767286751044,0.05332052113841486,-0.0011995724466913474
256,25.6,0.04736036825141045,0.0011135330962762286,-0.00016133038674344868,0.0003926221150365734,0.3926221150365734,1.6204353955394935,92.84410913802516,1,0.025014169327255097,-0.00015254828723437468,2.980674126235407e-05,-0.9519920673263886,-0.07644340927429327,0.00017158328974302764,-1.8393419798787611,0.016545528569376883,0.0039206444412308444,-1.9121769928555414,-0.012876177371973092,0.0048151053304776965,-1.2026940398767647,-0.01537775151820168,-3.1239960013012408e-06,1.4957250298508638,-0.05667625441487549,-0.0008875003363326417,-2.0571663240201707,-0.008376012236360978,0.0007314053148727681,0.5005794864881917,-0.6688665181448503,-0.01656004894946191,0.5005760488770947,-0.6692583772330944,-0.016584272140957215,0.0,-1.0,0.0,-0.9987676128564538,0.049618685837759025,-0.0011142372972686853
257,25.700000000000003,0.047470953554305785,0.0010984618132192463,-0.00014345253288251627,0.00033607555292964524,0.33607555292964525,1.6169957736540532,92.6470333208686,1,0.02499905499682487,-0.00014980954421127719,2.5457080683226187e-05,-0.959636358808868,-0.07644433127519686,2.0958664967976257e-05,-1.8376679455265201,0.01693272125676276,0.0037816833571013403,-1.913440842268151,-0.012402739967169714,0.00469270751747218,-1.2042317932112059,-0.015375739498010967,8.42138869399827e-05,1.4900524115926355,-0.05677710995537486,-0.0009739948211449929,-2.058000444633793,-0.008307459885301682,0.0006637755490780186,0.5005794864881917,-0.6689771034477456,-0.01656004894946191,0.5005891151465993,-0.6693122695513493,-0.01658280305259523,0.0,-1.0,0.0,-0.9989324742485843,0.04618301401527461,-0.0010203470323876481
258,25.8,0.04758008471112616,0.001084103991012281,-0.00014815748038067282,0.0002777525359039316,0.2777525359039316,1.6138031180192671,92.4641076275567,1,0.024984197954756756,-0.0001473545006771555,2.424742696417674e-05,-0.9672803086577543,-0.07643786828528049,8.550977251843388e-05,-1.8359552590365567,0.017336667829704902,0.0045415546694729594,-1.9146568599867013,-0.011901557845395852,0.005571335422336404,-1.2057688033329295,-0.015365730788136597,7.657951562323791e-05,1.4843700020791006,-0.05687611593035785,-0.0010641156864944629,-2.0588277598830715,-0.00823688855420408,0.0007874855603569434,0.5005794864881917,-0.6690862346045661,-0.01656004894946191,0.5006022044225035,-0.6693622444369347,-0.016581237132430426,0.0,-1.0,0.0,-0.9990749268683302,0.0429935350042094,-0.0009200276531313332
259,25.900000000000002,0.047687745298871355,0.0010689783892072274,-0.00015818769689879747,0.00021856286136871084,0.21856286136871084,1.610837436590597,92.29418659831357,1,0.024969581990070582,-0.00014497645727437605,2.385501111194224e-05,-0.9749241364089668,-0.07644012752960434,0.0001620643940604058,-1.8341970454681968,0.017844779667320183,0.005533625558346792,-1.9158173436817443,-0.011289992198448135,0.006682314370367396,-1.2073051964303514,-0.015363486539653385,2.8020627542608284e-05,1.4786764173762932,-0.05699959789908044,-0.0011836533090630406,-2.059647287505993,-0.008151153355226592,0.0009554256621521107,0.5005794864881917,-0.6691938951923112,-0.01656004894946191,0.5006152931097712,-0.6694086211610545,-0.016579551989430244,0.0,-1.0,0.0,-0.9991981320720282,0.04003041106508003,-0.0008118212427906406
260,26.0,0.047793869145675315,0.001053976128956441,-0.0001385171788697871,0.0001603362081555282,0.1603362081555282,1.6080794751250551,92.1361670462783,1,0.024955198661909917,-0.0001427768137182535,1.990121101343261e-05,-0.982568779802747,-0.07645953616785538,0.0006326883923012394,-1.8323835208881947,0.018416328064808037,0.004598149423584153,-1.9169119965194452,-0.010615175704852958,0.005908353260853943,-1.2088417485763427,-0.015367506806150519,0.00022265806042791477,1.4729692987550953,-0.057145172150156506,-0.0006384708341739672,-2.0604576089142697,-0.008057428215746844,0.0008953387778948051,0.5005794864881917,-0.6693000190391152,-0.01656004894946191,0.500628355394638,-0.6694517011596993,-0.016577714280580667,0.0,-1.0,0.0,-0.9993048232623597,0.03727451146177472,-0.0006935415417892708
261,26.1,0.04789872658383269,0.001044485312225181,-5.6580972500042495e-05,0.0001078231228870958,0.10782312288709581,1.6055155293062002,91.98926377195771,1,0.024940998594158752,-0.00014141454246800804,8.069975910597114e-06,-0.990214149850641,-0.07646043973335699,-0.00034529401336866675,-1.8305234769239223,0.018736745111104836,0.001779466935345037,-1.9179497590914445,-0.010194778377910002,0.0025907771407560542,-1.2103773781684573,-0.015342399409124767,0.00033925482505309603,1.467250755364628,-0.057224411075112086,-0.0007275466128176325,-2.061259888587321,-0.007996721577141286,0.00035780532542855096,0.5005794864881917,-0.6694048764772725,-0.01656004894946191,0.5006414127445669,-0.6694917245429606,-0.016575808964903942,0.0,-1.0,0.0,-0.9993971860708517,0.034712227710688215,-0.0005707197426846009
262,26.200000000000003,0.048001744940988515,0.0009949470071156147,-0.004973526149846963,7.891291612429121e-05,0.0789129161242912,1.6031618013967857,91.85440509662611,1,0.024927051638217818,-0.00013470163551296727,0.0006731004761428909,-0.9977697435532982,-0.07303601635186839,0.36518934154355664,-1.8286683936325476,0.017921565958688622,-0.09062375640185871,-1.9189491753787795,-0.009630178049307098,0.047895290720248944,-1.2118909751491973,-0.014602223861273519,0.07365108669196045,1.4615947032067944,-0.05467731254934228,0.2735029107261245,-2.0620488419807557,-0.007620597814971383,0.03809995060403609,0.5005794864881917,-0.6695078948344284,-0.01656004894946191,0.5006543833398551,-0.66952843379393,-0.016574043987323307,0.0,-1.0,0.0,-0.9994761793649535,0.03235982429622609,-0.0004567861125821651
263,26.3,0.048076369409785935,0.0004975146015441461,-0.004975146015439409,9.019200911701749e-05,0.0901920091170175,1.6015622149846152,91.76275554624226,1,0.02491694803457401,-6.736210218830473e-05,0.000673605766724466,-1.0032474907998732,-0.03651872786099174,0.36519340481362284,-1.8273264032743917,0.008937198860507558,-0.08943685745589254,-1.9196719865828136,-0.004821203956763966,0.04819679296830181,-1.2129848049853142,-0.007286297965879014,0.07290409441650825,1.4574941011341918,-0.027336630279431572,0.2733777288877273,-2.062620400066728,-0.003810467870951009,0.0381050675811166,0.5005794864881917,-0.6695825193032258,-0.01656004894946191,0.5006638630014119,-0.6695533679494778,-0.016572909785361675,0.0,-1.0,0.0,-0.999526693817237,0.03076103489608348,-0.00038350867701455793
264,26.400000000000002,0.04810124513986315,0.0,-0.004975146015439409,9.969493855426864e-05,0.09969493855426864,1.6010479195087801,91.73328858605424,1,0.02491357991675196,-0.0,0.0006736248356723452,-1.0050734220877533,-0.0,0.3651857470588027,-1.8268795973887417,0.0,-0.08935577139232528,-1.9199130594861513,-0.0,0.048215851217449264,-1.21334908562131,-0.0,0.07285270096932304,1.4561272791419644,-0.0,0.2733634462708219,-2.062810923136216,-0.0,0.03810458149158882,0.5005794864881917,-0.669607395033303,-0.01656004894946191,0.5006670373644975,-0.6695613793260728,-0.016572558126874633,0.0,-1.0,0.0,-0.9995423903571349,0.030246978756154917,-0.0003607703838014651
