node_index,s_m,insertion_m,position_error_m,position_error_mm,tangent_error_rad,tangent_error_deg,feasible,solver_success,termination_reason,function_evaluations,objective_value,jacobian_condition,jacobian_effective_rank,minimum_joint_margin_rad,minimum_state_margin,minimum_clearance_m,contact_active,source_magnet_lumen_distance_m,source_magnet_lumen_exclusion_radius_m,source_magnet_lumen_margin_m,source_magnet_lumen_segment_index,source_magnet_lumen_constraint_satisfied,delta_q_norm_rad,delta_insertion_m,attempt_count,chain_rule_relative_error,q1_rad,q2_rad,q3_rad,q4_rad,q5_rad,q6_rad,magnet_pose_x,magnet_pose_y,magnet_pose_z,magnet_pose_rx,magnet_pose_ry,magnet_pose_rz,tip_x,tip_y,tip_z,tip_tangent_x,tip_tangent_y,tip_tangent_z,desired_x,desired_y,desired_z,desired_tangent_x,desired_tangent_y,desired_tangent_z
0,0.0,0.025,0.0,0.0,0.026483017914252185,1.5173651552560026,1,1,fixed_initial_state_feasible_and_committed,1,3.890897655596555e-07,24016440.905503366,5,4.226776597179587,0.025,nan,0,0.2400167147756943,0.20994833807220392,0.030068376703490385,33,1,0.0,0.0,1,0.00997142331133596,-0.85634357,-1.94584002,-1.76176286,-1.0331945,1.56234264,-2.05640871,0.24557497783369636,-0.6700279629478505,-0.016566991220873295,-3.077932948039142,0.5753726959665791,0.045033578217205016,0.5005794864881917,-0.669607395033303,-0.01656004894946191,-0.9996493453761041,0.026476307031826483,0.00043755580570542735,0.5005794864881917,-0.669607395033303,-0.01656004894946191,-1.0,0.0,0.0
1,0.00025,0.025178528873871522,7.142218626936257e-05,0.07142218626936257,0.026193620258270156,1.5007838909672533,1,1,scipy_slsqp_status_0: Optimization terminated successfully; exclusion_jacobian=magnet_position_jacobian; fresh_postvalidated_and_committed,18,0.00793430412533131,23160231.02733257,5,4.226752801940883,0.02482147112612848,nan,0,0.24006364231489496,0.20994833807220392,0.030115304242691043,33,1,0.00024048242994277757,0.000178528873871521,1,nan,-0.8564663487140928,-1.9459168915289047,-1.7616567302896553,-1.033082679462022,1.562230772252171,-2.056432505238703,0.24552968133824193,-0.6701848668108912,-0.016566991104717543,-3.0780758204345857,0.5755556128918131,0.044970491352763195,0.5004008952488439,-0.6696087782619163,-0.016559983587216304,-0.9996569667426463,0.02618695645182611,0.0004383545164403607,0.5003294864881918,-0.669607395033303,-0.01656004894946191,-1.0,0.0,0.0
2,0.0005,0.025408078398677477,9.182697977646513e-05,0.09182697977646513,0.025917801531830622,1.4849806420315945,1,1,scipy_slsqp_status_0: Optimization terminated successfully; exclusion_jacobian=magnet_position_jacobian; fresh_postvalidated_and_committed,27,0.013116269733531666,22112788.644681584,5,4.226727942566942,0.024591921601322526,nan,0,0.24012182421375522,0.20994833807220392,0.030173486141551298,33,1,0.00025918521467765493,0.00022954952480595467,1,nan,-0.8566000316191335,-1.945999125520175,-1.7615454999319364,-1.032969186028224,1.5621016502686793,-2.056457364612644,0.24547335534086662,-0.6703526092335315,-0.016566991049934032,-3.0782296821047543,0.5757559499214527,0.044922592241409647,0.5001712963427568,-0.6696091652766286,-0.016559943791561994,-0.9996641525824768,0.025911222272787034,0.0004365797625748037,0.5000794864881918,-0.669607395033303,-0.01656004894946191,-1.0,0.0,0.0
3,0.00075,0.025652204563760467,9.765661082685181e-05,0.09765661082685181,0.025648902400239437,1.4695738566766867,1,1,scipy_slsqp_status_0: Optimization terminated successfully; exclusion_jacobian=magnet_position_jacobian; fresh_postvalidated_and_committed,18,0.01483469006344159,21059976.125429176,5,4.226702539950097,0.024347795436239536,nan,0,0.24018184705976306,0.20994833807220392,0.030233508987559138,33,1,0.00025785890631379666,0.0002441261650829897,1,nan,-0.8567318396522002,-1.9460810569323284,-1.7614357012197523,-1.0328590956439698,1.5619690449941166,-2.0564827672294896,0.2454152888820765,-0.6705190607159891,-0.016566991235804407,-3.0783840534386977,0.5759524771752048,0.04488369310887797,0.4999271249361968,-0.6696092741041506,-0.016559921661970733,-0.9996710849352665,0.025642426297124352,0.00043349503332028256,0.49982948648819175,-0.669607395033303,-0.01656004894946191,-1.0,0.0,0.0
4,0.001,0.02590051693181088,9.930103857955554e-05,0.09930103857955554,0.02538614013961882,1.454518688127809,1,1,scipy_slsqp_status_0: Optimization terminated successfully; exclusion_jacobian=magnet_position_jacobian; fresh_postvalidated_and_committed,26,0.015345086218659792,20049666.632638913,5,4.226678958424165,0.024099483068189122,nan,0,0.24024125783367717,0.20994833807220392,0.030292919761473247,33,1,0.0002509492493242891,0.0002483123680504136,1,nan,-0.8568591790563063,-1.9461625415148975,-1.7613270845094355,-1.0327565921959372,1.5618376683229838,-2.056506348755422,0.24535788466060507,-0.6706804932574301,-0.01656699110028631,-3.0785331133090468,0.5761438149626711,0.04485381373997378,0.4996787693042682,-0.6696092927947016,-0.01655991781373168,-0.9996777892491874,0.02537978322287574,0.0004292847740520617,0.4995794864881917,-0.669607395033303,-0.01656004894946191,-1.0,0.0,0.0
5,0.00125,0.026149982958200074,9.979267551821211e-05,0.09979267551821211,0.02512862543276106,1.4397641822623106,1,1,scipy_slsqp_status_0: Optimization terminated successfully; exclusion_jacobian=magnet_position_jacobian; fresh_postvalidated_and_committed,27,0.015490642827231556,20126224.226742428,5,4.2266550497900734,0.02385001704179993,nan,0,0.24029883383913206,0.20994833807220392,0.030350495766928137,33,1,0.00024223935297440643,0.0002494660263891932,1,nan,-0.8569815380271929,-1.9462397368443192,-1.7612243850567502,-1.0326549867927282,1.5617099709887858,-2.0565302573895132,0.24530235017669466,-0.6708365221907682,-0.016566990620237088,-3.078679375971261,0.576326272989783,0.044823467454508936,0.49942926115900194,-0.669609285598721,-0.01655991142054404,-0.999684292705178,0.025122381176926653,0.0004253028912404221,0.49932948648819175,-0.669607395033303,-0.01656004894946191,-1.0,0.0,0.0
6,0.0015,0.026399801410803295,9.99326629941565e-05,0.0999326629941565,0.024875601368338596,1.4252669712556572,1,1,scipy_slsqp_status_0: Optimization terminated successfully; exclusion_jacobian=magnet_position_jacobian; fresh_postvalidated_and_committed,27,0.01553431726330099,19171578.483770646,5,4.226632325471566,0.023600198589196708,nan,0,0.24035534004470877,0.20994833807220392,0.030407001972504843,33,1,0.0002342731129371182,0.00024981845260322114,1,nan,-0.8570994073474442,-1.9463148789454854,-1.7611248087922042,-1.032558625280709,1.561584962943805,-2.0565529817080206,0.24524790936529717,-0.6709871106171396,-0.01656699120811872,-3.078820658629241,0.5765025875380522,0.04479824645174711,0.4991794013529424,-0.6696092763398355,-0.016559916206533253,-0.9996906181824495,0.02486947761708097,0.0004207149217484119,0.4990794864881917,-0.669607395033303,-0.01656004894946191,-1.0,0.0,0.0
7,0.00175,0.02664970915947379,9.998412043270256e-05,0.09998412043270256,0.024627068299449426,1.4110270753388736,1,1,scipy_slsqp_status_0: Optimization terminated successfully; exclusion_jacobian=magnet_position_jacobian; fresh_postvalidated_and_committed,21,0.01554678926906501,18269959.423610378,5,4.226612454858579,0.023350290840526214,nan,0,0.24041144579519105,0.20994833807220392,0.03046310772298713,33,1,0.00022617156768028594,0.00024990774867049426,1,nan,-0.8572139729552951,-1.9463852940825197,-1.7610319265972305,-1.0324629847939057,1.5614628934476908,-2.056572852321007,0.24519388060153893,-0.6711321224892763,-0.016566991200221537,-3.0789582293600857,0.5766775658762924,0.04477348713622018,0.498929452987605,-0.6696092678159662,-0.016559922383825143,-0.9996967690795583,0.024621062607605465,0.00041613455130326625,0.49882948648819175,-0.669607395033303,-0.01656004894946191,-1.0,0.0,0.0
8,0.002,0.02689967295618335,9.998027582494217e-05,0.09998027582494216,0.024383127552725342,1.3970503001003138,1,1,scipy_slsqp_status_0: Optimization terminated successfully; exclusion_jacobian=magnet_position_jacobian; fresh_postvalidated_and_committed,26,0.015551397162892906,17416878.303441525,5,4.226592605628345,0.023100327043816652,nan,0,0.24046341649360609,0.20994833807220392,0.030515078421402164,33,1,0.00021827835723930742,0.0002499637967095618,1,nan,-0.8573221065065484,-1.9464553737751369,-1.7609392697912378,-1.0323724935837557,1.5613451077173877,-2.0565927015512413,0.24514400116701188,-0.6712723673311467,-0.016566991213235294,-3.0790913139963716,0.5768415821581727,0.04475072975709973,0.49867944936640785,-0.6696092563582525,-0.0165599306185148,-0.9997027462731709,0.02437723830933564,0.00041151705922018184,0.4985794864881917,-0.669607395033303,-0.01656004894946191,-1.0,0.0,0.0
9,0.0022500000000000003,0.02714962808554244,9.998583954257516e-05,0.09998583954257516,0.024143918441944016,1.3833446276314665,1,1,scipy_slsqp_status_0: Optimization terminated successfully; exclusion_jacobian=magnet_position_jacobian; fresh_postvalidated_and_committed,25,0.015551090857760996,17398373.622127254,5,4.226571992323296,0.022850371914457563,nan,0,0.2405129403207993,0.20994833807220392,0.03056460224859539,33,1,0.00021028249155439477,0.00024995512935908903,1,nan,-0.8574263336816649,-1.9465232775038415,-1.7608492156541695,-1.0322852747936473,1.5612328458246838,-2.05661331485629,0.24509657305543572,-0.6714077582327416,-0.016566991220790694,-3.079219264421008,0.5769973148452187,0.04472709504264986,0.4984294552598556,-0.669609238726643,-0.016559932347906592,-0.9997085497594419,0.02413813561147508,0.0004073660215991681,0.49832948648819175,-0.669607395033303,-0.01656004894946191,-1.0,0.0,0.0
10,0.0025000000000000005,0.027399588080438884,9.998722651202057e-05,0.09998722651202056,0.023909330054504203,1.3699037031083854,1,1,scipy_slsqp_status_0: Optimization terminated successfully; exclusion_jacobian=magnet_position_jacobian; fresh_postvalidated_and_committed,21,0.015551621779179722,16598652.312058844,5,4.226555493713004,0.02260041191956112,nan,0,0.24055933018662004,0.20994833807220392,0.03061099211441612,33,1,0.0002035519593700725,0.000249959994896444,1,nan,-0.8575236816512088,-1.9465904815966286,-1.7607605251458787,-1.032202525911694,1.5611212447716658,-2.0566298134665826,0.24505227673182475,-0.6715383819921695,-0.016566989695954992,-3.0793444375126553,0.5771481310173384,0.044709165004897515,0.4981794571223049,-0.6696092138502548,-0.01655995053464892,-0.9997141855841902,0.02390366652579926,0.0004023286749247991,0.4980794864881917,-0.669607395033303,-0.01656004894946191,-1.0,0.0,0.0
11,0.0027500000000000007,0.02764957072864974,9.996666349345467e-05,0.09996666349345468,0.023679333734448197,1.356725884665636,1,1,scipy_slsqp_status_0: Optimization terminated successfully; exclusion_jacobian=magnet_position_jacobian; fresh_postvalidated_and_committed,21,0.015551781864319136,15842016.435129939,5,4.226536041109952,0.022350429271350263,nan,0,0.24060528261104092,0.20994833807220392,0.030656944538836994,33,1,0.00019626371051351991,0.0002499826482108558,1,nan,-0.8576193528322342,-1.9466558379084478,-1.760674089317828,-1.0321249332977476,1.5610152973704903,-2.0566492660696336,0.24500841188213934,-0.6716644919050352,-0.016566991156307997,-3.079463138756551,0.5772904589866805,0.04469246656990624,0.4979294371742298,-0.6696091803675676,-0.016559966778325656,-0.999719657676562,0.023673783929957847,0.00039750408237327624,0.49782948648819175,-0.669607395033303,-0.01656004894946191,-1.0,0.0,0.0
12,0.003000000000000001,0.027899517244568368,9.998285689987375e-05,0.09998285689987375,0.023450061743734884,1.3435895672372007,1,1,scipy_slsqp_status_0: Optimization terminated successfully; exclusion_jacobian=magnet_position_jacobian; fresh_postvalidated_and_committed,21,0.015549988597435704,15124970.434058918,5,4.226517568796606,0.022100482755431635,nan,0,0.240648680219767,0.20994833807220392,0.030700342147563092,33,1,0.00019014808407630685,0.00024994651591862815,1,nan,-0.8577126437996305,-1.9467175838834974,-1.760591927596072,-1.0320448217102185,1.560914645085337,-2.056667738382981,0.24496710824924256,-0.6717871894672305,-0.016566991244446827,-3.079579423890553,0.5774302455967325,0.04466834004320516,0.49767945292100724,-0.6696092050619762,-0.016559960743994014,-0.9997250599017076,0.023444601516325422,0.00039403587162056516,0.4975794864881917,-0.669607395033303,-0.01656004894946191,-1.0,0.0,0.0
13,0.003250000000000001,0.028149469827797556,9.999370176056725e-05,0.09999370176056725,0.023227989871380725,1.3308657862027395,1,1,scipy_slsqp_status_0: Optimization terminated successfully; exclusion_jacobian=magnet_position_jacobian; fresh_postvalidated_and_committed,23,0.015551465802077832,15104399.972613035,5,4.2264995077260075,0.021850530172202447,nan,0,0.24069024964443142,0.20994833807220392,0.030741911572227498,33,1,0.00018233446525122248,0.00024995258322918837,1,nan,-0.8578018444484314,-1.9467766764596246,-1.760513329073748,-1.0319676744251114,1.5608179934669515,-2.0566857994535788,0.2449276057348496,-0.6719048961183111,-0.01656699121668792,-3.0796913604928524,0.577563428786099,0.04464504607779906,0.49742946433835866,-0.6696091728712232,-0.016559953240979648,-0.9997302423723363,0.023222614950863495,0.0003906929662845362,0.49732948648819175,-0.669607395033303,-0.01656004894946191,-1.0,0.0,0.0
14,0.0035000000000000014,0.02839943503955531,9.999248693029623e-05,0.09999248693029623,0.02300745612397926,1.3182301332364312,1,1,scipy_slsqp_status_0: Optimization terminated successfully; exclusion_jacobian=magnet_position_jacobian; fresh_postvalidated_and_committed,24,0.015552465623100264,14432092.328488369,5,4.226481046966911,0.02160056496044469,nan,0,0.24073207972081698,0.20994833807220392,0.030783741648613056,33,1,0.0001777904091824924,0.000249965211757755,1,nan,-0.8578883261863105,-1.9468349790662287,-1.7604363090172865,-1.0318955338898668,1.5607217957584303,-2.0567042602126753,0.24488783907354278,-0.6720193133609682,-0.016566991205482995,-3.0798002468095214,0.5776910595500344,0.04462840244168131,0.4971794630069511,-0.669609179996013,-0.016559965000747048,-0.9997353401563144,0.023002182434467076,0.0003863234267658354,0.4970794864881917,-0.669607395033303,-0.01656004894946191,-1.0,0.0,0.0
15,0.0037500000000000016,0.02864940850059551,9.998367886871872e-05,0.09998367886871873,0.022792549350335926,1.305916882117895,1,1,scipy_slsqp_status_0: Optimization terminated successfully; exclusion_jacobian=magnet_position_jacobian; fresh_postvalidated_and_committed,21,0.015552394846941207,13794312.453459572,5,4.226464083692353,0.021350591499404492,nan,0,0.2407714610736353,0.20994833807220392,0.03082312300143139,33,1,0.00017098326084118588,0.00024997346104019963,1,nan,-0.857970911065242,-1.9468913910017454,-1.7603616482603064,-1.0318257674120364,1.5606295820715634,-2.056721223487233,0.24485049417065288,-0.6721294163858912,-0.01656699120773486,-3.079905087652916,0.5778141864397184,0.04461135170880335,0.49692945467739597,-0.6696091532626975,-0.016559972681842016,-0.9997402610918852,0.02278736980469578,0.00038226864038885236,0.49682948648819175,-0.669607395033303,-0.01656004894946191,-1.0,0.0,0.0
16,0.004000000000000002,0.028899367574355767,9.99898373345269e-05,0.0999898373345269,0.022579528592738284,1.2937116917588707,1,1,scipy_slsqp_status_0: Optimization terminated successfully; exclusion_jacobian=magnet_position_jacobian; fresh_postvalidated_and_committed,27,0.015551647993464772,13189033.854338704,5,4.226448479196824,0.021100632425644236,nan,0,0.24080838930990256,0.20994833807220392,0.030860051237698638,33,1,0.0001658067943676461,0.00024995907376025583,1,nan,-0.8580501375587017,-1.9469460343876785,-1.760289133965737,-1.031756472555227,1.5605405564809254,-2.0567368279827627,0.244815591961736,-0.6722363696801309,-0.016566991220825555,-3.0800076125060474,0.5779337674824173,0.04459224238858219,0.4966794607612938,-0.6696091575725908,-0.01655997316588052,-0.9997450932745742,0.022574434129003895,0.0003786781855934402,0.4965794864881917,-0.669607395033303,-0.01656004894946191,-1.0,0.0,0.0
17,0.004250000000000002,0.02914933463343274,9.998862020920765e-05,0.09998862020920765,0.02237160134961254,1.281798338281975,1,1,scipy_slsqp_status_0: Optimization terminated successfully; exclusion_jacobian=magnet_position_jacobian; fresh_postvalidated_and_committed,28,0.015552232023582366,13190531.790484577,5,4.226432542067123,0.020850665366567264,nan,0,0.24084479335319847,0.20994833807220392,0.03089645528099455,33,1,0.00015976407928424766,0.0002499670590769727,1,nan,-0.8581270354239444,-1.946998348334044,-1.7602198228351424,-1.0316898663302996,1.5604546488780031,-2.0567527651124635,0.24478118390616585,-0.6723394042004681,-0.01656699118597993,-3.0801063285996113,0.5780484438270045,0.04457443181084577,0.4964294599628884,-0.6696091337135803,-0.016559974657379614,-0.9997497661633856,0.022366590402448372,0.00037508668991409515,0.49632948648819175,-0.669607395033303,-0.01656004894946191,-1.0,0.0,0.0
18,0.004500000000000002,0.029399304835017726,9.998483774142912e-05,0.09998483774142912,0.022166935327918334,1.270071839029164,1,1,scipy_slsqp_status_0: Optimization terminated successfully; exclusion_jacobian=magnet_position_jacobian; fresh_postvalidated_and_committed,24,0.015552160044027343,12620088.49104512,5,4.226416568612093,0.020600695164982277,nan,0,0.24087820533437446,0.20994833807220392,0.030929867262170535,33,1,0.00015435693662747162,0.00024997020158498695,1,nan,-0.8582002552135392,-1.947049522784907,-1.7601516488659035,-1.0316247724999275,1.560372758379313,-2.056768738567493,0.2447497490499794,-0.6724393017324477,-0.016566991163441624,-3.080202166719769,0.5781567442785237,0.04455454132528537,0.49617945654035506,-0.6696091124796578,-0.016559966325866128,-0.9997543235492294,0.022161996704283943,0.0003720842673114004,0.4960794864881917,-0.669607395033303,-0.01656004894946191,-1.0,0.0,0.0
19,0.0047500000000000025,0.029649267953526487,9.998865634373706e-05,0.09998865634373706,0.02196442092804825,1.2584686186259837,1,1,scipy_slsqp_status_0: Optimization terminated successfully; exclusion_jacobian=magnet_position_jacobian; fresh_postvalidated_and_committed,26,0.015551859273003938,12079315.07759701,5,4.226402113747669,0.020350732046473516,nan,0,0.2409128230144262,0.20994833807220392,0.030964484942222287,33,1,0.00015043390047824546,0.0002499631185087607,1,nan,-0.8582718831576052,-1.9470989831287506,-1.7600864353921633,-1.0315629355792268,1.5602904909774802,-2.056783193431917,0.24471708553992752,-0.6725360920229206,-0.016566991225735128,-3.0802955292021963,0.5782644361792049,0.04454054179125603,0.4959294603509003,-0.6696091135016897,-0.01655997796381187,-0.9997587918041705,0.021959570750508826,0.0003680526032104324,0.49582948648819175,-0.669607395033303,-0.01656004894946191,-1.0,0.0,0.0
20,0.005000000000000003,0.029899228934413376,9.999517101782057e-05,0.09999517101782057,0.021765394331591695,1.2470652346381697,1,1,scipy_slsqp_status_0: Optimization terminated successfully; exclusion_jacobian=magnet_position_jacobian; fresh_postvalidated_and_committed,27,0.015552234703567504,11565340.462994004,5,4.226388878598318,0.020100771065586626,nan,0,0.24094586251088848,0.20994833807220392,0.03099752443868456,33,1,0.00014525309934865485,0.00024996098088688953,1,nan,-0.8583413822229169,-1.947146480092369,-1.7600236106316252,-1.0315020106850037,1.5602118880590414,-2.0567964285812685,0.24468597141029014,-0.6726296461546415,-0.016566991268689657,-3.0803855760474192,0.5783701322971481,0.04452459403046713,0.495679466908316,-0.6696091111848593,-0.01655998081361388,-0.9997631431555799,0.0217606221799846,0.00036456825906153845,0.4955794864881917,-0.669607395033303,-0.01656004894946191,-1.0,0.0,0.0
21,0.005250000000000003,0.030149201886981215,9.999025135378164e-05,0.09999025135378165,0.0215706665934694,1.2359081570896333,1,1,scipy_slsqp_status_0: Optimization terminated successfully; exclusion_jacobian=magnet_position_jacobian; fresh_postvalidated_and_committed,30,0.015552849219282986,11546071.625415623,5,4.226378568037437,0.019850798113018788,nan,0,0.24097815942381978,0.20994833807220392,0.03102982135161586,33,1,0.00014044293569827695,0.0002499729525678382,1,nan,-0.8584085392197136,-1.9471925966000243,-1.759962800346246,-1.0314438416372698,1.5601350792893427,-2.056806739142149,0.24465556169900654,-0.6727197071584526,-0.016566991196796554,-3.080472036615962,0.5784761070887445,0.044511050252410624,0.4954294623932822,-0.669609087759152,-0.016559990243987445,-0.9997673621919746,0.021565976130987485,0.00036078971547048736,0.49532948648819175,-0.669607395033303,-0.01656004894946191,-1.0,0.0,0.0
22,0.005500000000000003,0.030399173903083023,9.998680492439886e-05,0.09998680492439886,0.02137889525707997,1.2249204688829354,1,1,scipy_slsqp_status_0: Optimization terminated successfully; exclusion_jacobian=magnet_position_jacobian; fresh_postvalidated_and_committed,23,0.015552446995802119,11061385.082551146,5,4.226365992923785,0.01960082609691698,nan,0,0.24100753852029583,0.20994833807220392,0.031059200448091906,33,1,0.0001352725207003594,0.00024997201610180847,1,nan,-0.8584734687029907,-1.9472372072498352,-1.759903221119221,-1.0313859214717016,1.5600641557838897,-2.0568193142558013,0.24462804825016046,-0.672807201417605,-0.01656699118698368,-3.08055533917956,0.5785744552835013,0.04449168814627512,0.49517945928519613,-0.6696090669936425,-0.016559974338954616,-0.9997714801228795,0.021374262157748226,0.00035839938422956203,0.4950794864881917,-0.669607395033303,-0.01656004894946191,-1.0,0.0,0.0
23,0.005750000000000003,0.03064908285560189,0.00010004688872121749,0.10004688872121749,0.021189857192178595,1.2140893855967665,1,1,scipy_slsqp_status_0: Optimization terminated successfully; exclusion_jacobian=magnet_position_jacobian; fresh_postvalidated_and_committed,16,0.01555217780498224,10600188.032353137,5,4.22635662035305,0.019350917144398114,nan,0,0.24103178318182214,0.20994833807220392,0.03108344510961822,33,1,0.0001325212955150999,0.00024990895251886594,1,nan,-0.8585289055432198,-1.947283774352779,-1.7598416083677084,-1.0313316816681017,1.5599900327583973,-2.0568286868265364,0.24460565272096402,-0.6728924584347528,-0.016566989330448256,-3.0806408043230324,0.5786631047165313,0.04447994878358416,0.49492951964215126,-0.6696090516922559,-0.016559989511913533,-0.9997755033763794,0.021185307122063585,0.0003544159295072245,0.49482948648819175,-0.669607395033303,-0.01656004894946191,-1.0,0.0,0.0
24,0.006000000000000004,0.03089908912751131,0.00010001015540177524,0.10001015540177524,0.02100392846107368,1.2034364540142322,1,1,scipy_slsqp_status_0: Optimization terminated successfully; exclusion_jacobian=magnet_position_jacobian; fresh_postvalidated_and_committed,26,0.015557550126261963,10500934.837538369,5,4.226341860931351,0.01910091087248869,nan,0,0.24106323903955162,0.20994833807220392,0.031114900967347703,33,1,0.00012789702147173932,0.0002500062719094226,1,nan,-0.8585907954147903,-1.947324753614492,-1.7597879550931577,-1.031279121241666,1.5599194007601118,-2.056843446248235,0.24457600652811115,-0.6729746862663035,-0.016566990419604355,-3.0807206054569036,0.5787524309185221,0.04446965449918172,0.49467948321803473,-0.6696090331083757,-0.01656000519734849,-0.9997794256039221,0.02099945940921454,0.0003504905312488544,0.4945794864881917,-0.669607395033303,-0.01656004894946191,-1.0,0.0,0.0
25,0.006250000000000004,0.03114907282331949,9.999647468041583e-05,0.09999647468041584,0.020819647364812274,1.1928779249544095,1,1,scipy_slsqp_status_0: Optimization terminated successfully; exclusion_jacobian=magnet_position_jacobian; fresh_postvalidated_and_committed,25,0.015554318264086738,10069820.312775131,5,4.226330041529646,0.018850927176680514,nan,0,0.24108993969863807,0.20994833807220392,0.031141601626434146,33,1,0.00012386263609371806,0.0002499836958081772,1,nan,-0.8586486259439665,-1.9473660775184098,-1.759733091810447,-1.0312270628166864,1.5598528413143324,-2.05685526564994,0.24455109442098152,-0.6730547056712111,-0.016566991217775884,-3.08079795972655,0.5788396080750169,0.04445494948522094,0.49442946943289434,-0.669609039286102,-0.01656000258307011,-0.9997832789702557,0.02081524175940228,0.0003475657948162906,0.49432948648819175,-0.669607395033303,-0.01656004894946191,-1.0,0.0,0.0
26,0.006500000000000004,0.031399047020842855,9.999277383209562e-05,0.09999277383209562,0.02063906307190153,1.1825312071242695,1,1,scipy_slsqp_status_0: Optimization terminated successfully; exclusion_jacobian=magnet_position_jacobian; fresh_postvalidated_and_committed,19,0.015553136231402651,9659469.111452723,5,4.226318632204074,0.018600952979157148,nan,0,0.24111613141652358,0.20994833807220392,0.031167793344319655,33,1,0.00011977131958341556,0.00024997419752336575,1,nan,-0.8587046238597179,-1.9474058682249535,-1.7596803335854472,-1.0311768417003133,1.5597881084899379,-2.0568666749755122,0.24452665563916123,-0.6731320236193773,-0.016566971210537518,-3.080872857497745,0.5789240805692063,0.04444140074904458,0.4941794658975691,-0.6696090291039246,-0.016560000654659783,-0.9997870220981175,0.02063472000132016,0.0003446369762694395,0.4940794864881917,-0.669607395033303,-0.01656004894946191,-1.0,0.0,0.0
27,0.006750000000000004,0.031649018933387445,9.999181344899883e-05,0.09999181344899884,0.020461430738116133,1.1723536240933072,1,1,scipy_slsqp_status_0: Optimization terminated successfully; exclusion_jacobian=magnet_position_jacobian; fresh_postvalidated_and_committed,27,0.015552840143649804,9567308.635291105,5,4.226307799272062,0.018350981066612558,nan,0,0.24114131859602575,0.20994833807220392,0.03119298052382183,33,1,0.00011613032423646007,0.0002499719125445901,1,nan,-0.8587584305619727,-1.9474446807948846,-1.7596289996816241,-1.031128332378983,1.5597250291822256,-2.056877507907524,0.24450319020081124,-0.6732069355847071,-0.016566991220206773,-3.0809456505497104,0.5790056060197462,0.044428874445209106,0.4939294651696435,-0.6696090149075067,-0.01656000400997588,-0.9997906722295016,0.020457153057702997,0.00034148448738208925,0.49382948648819175,-0.669607395033303,-0.01656004894946191,-1.0,0.0,0.0
28,0.0070000000000000045,0.03189899074334829,9.999140124253423e-05,0.09999140124253424,0.02028634494556766,1.1623219471275767,1,1,scipy_slsqp_status_0: Optimization terminated successfully; exclusion_jacobian=magnet_position_jacobian; fresh_postvalidated_and_committed,25,0.015552787375251781,9182977.121441009,5,4.226297010718505,0.018101009256651715,nan,0,0.24116571242717708,0.20994833807220392,0.031217374354973154,33,1,0.00011268439269130212,0.00024997180996084306,1,nan,-0.8588103066538016,-1.947482313785062,-1.7595792491148774,-1.031081263486935,1.5596635197591673,-2.0568882964610813,0.24448048942625014,-0.6732796448542827,-0.01656699120720384,-3.0810166670253665,0.5790838131329712,0.04441706620482541,0.4936794649412032,-0.6696090036130061,-0.016560007389636706,-0.9997942391610157,0.020282130996195545,0.00033838247427175406,0.4935794864881917,-0.669607395033303,-0.01656004894946191,-1.0,0.0,0.0
29,0.007250000000000005,0.0321489624064771,9.999157487266951e-05,0.09999157487266952,0.020113825926830153,1.1524373354681792,1,1,scipy_slsqp_status_0: Optimization terminated successfully; exclusion_jacobian=magnet_position_jacobian; fresh_postvalidated_and_committed,19,0.015552782929194642,8816655.142669464,5,4.2262866867074145,0.017851037593522905,nan,0,0.24118947170157023,0.20994833807220392,0.031241133629366313,33,1,0.00010922498958604651,0.0002499716631288104,1,nan,-0.8588609037596843,-1.9475187466554964,-1.7595310162701585,-1.0310355907165778,1.559604159143339,-2.0568986204721713,0.24445839193045124,-0.6733501270444371,-0.016566977211532996,-3.081085235946923,0.579160296684272,0.04440524415248619,0.49342946527146225,-0.6696089938540664,-0.016560007555828725,-0.9997977238229357,0.02010967147974507,0.00033548689043010245,0.49332948648819175,-0.669607395033303,-0.01656004894946191,-1.0,0.0,0.0
30,0.007500000000000005,0.032398934958568375,9.99912869780535e-05,0.0999912869780535,0.01994408720020008,1.1427120228123513,1,1,scipy_slsqp_status_0: Optimization terminated successfully; exclusion_jacobian=magnet_position_jacobian; fresh_postvalidated_and_committed,27,0.015552830018637638,8732440.595665568,5,4.226276350159684,0.017601065041431628,nan,0,0.2412122547639702,0.20994833807220392,0.031263916691766286,33,1,0.00010591609647460015,0.00024997255209127656,1,nan,-0.8589094395326158,-1.9475541472973796,-1.7594842379440305,-1.0309911754286765,1.5595463532701173,-2.0569089570199024,0.24443724049153337,-0.6734185047211235,-0.016566991174830792,-3.0811521986234762,0.5792331939430821,0.04439395367164106,0.49317946520636113,-0.6696089799368804,-0.01656001066919451,-0.9998011232852163,0.019939993219879545,0.0003324876103614322,0.4930794864881917,-0.669607395033303,-0.01656004894946191,-1.0,0.0,0.0
31,0.007750000000000005,0.032648907469977895,9.999145556977227e-05,0.09999145556977226,0.01977670686192655,1.1331218358558057,1,1,scipy_slsqp_status_0: Optimization terminated successfully; exclusion_jacobian=magnet_position_jacobian; fresh_postvalidated_and_committed,25,0.01555283567814629,8388881.293288028,5,4.226266567329111,0.017351092530022108,nan,0,0.24123419311274424,0.20994833807220392,0.03128585504054032,33,1,0.00010284161679328809,0.00024997251140952,1,nan,-0.8589562651839698,-1.9475887078307947,-1.7594385560037311,-1.030948276415436,1.559490081987304,-2.056918739850476,0.2444169041038693,-0.6734848720668313,-0.016566991198188774,-3.081217249692378,0.5793039095418346,0.044383327854370457,0.49292946554546774,-0.669608969220457,-0.016560013907052726,-0.9998044473066571,0.019772671965025572,0.00032952874477185323,0.49282948648819175,-0.669607395033303,-0.01656004894946191,-1.0,0.0,0.0
32,0.008000000000000005,0.03289888054994276,9.999146425122607e-05,0.09999146425122607,0.019611779298103073,1.123672182523346,1,1,scipy_slsqp_status_0: Optimization terminated successfully; exclusion_jacobian=magnet_position_jacobian; fresh_postvalidated_and_committed,16,0.01555288148530585,8061070.986967467,5,4.226256237197745,0.01710111945005724,nan,0,0.24125526795090282,0.20994833807220392,0.0313069298786989,33,1,9.97919157135639e-05,0.0002499730799648686,1,nan,-0.8590011964596856,-1.9476221006910206,-1.759394454427625,-1.0309062427033227,1.55943525471118,-2.0569290699818406,0.24439740354448627,-0.6735493755781339,-0.016566991222289384,-3.0812811278142074,0.5793705331320919,0.04437284890055563,0.4926794657191447,-0.6696089587677247,-0.01656001676549295,-0.9998076952202187,0.01960780175498427,0.00032663247173414257,0.4925794864881917,-0.669607395033303,-0.01656004894946191,-1.0,0.0,0.0
33,0.008250000000000006,0.03314885461165464,9.99908926260481e-05,0.0999908926260481,0.019449429375440138,1.1143702171504846,1,1,scipy_slsqp_status_0: Optimization terminated successfully; exclusion_jacobian=magnet_position_jacobian; fresh_postvalidated_and_committed,27,0.0155529126236843,7991429.813792485,5,4.2262467877702505,0.01685114538834536,nan,0,0.24127583297129282,0.20994833807220392,0.0313274948990889,33,1,9.675360746062813e-05,0.0002499740617118787,1,nan,-0.8590451382921898,-1.947654694188781,-1.7593513590965735,-1.0308659232453166,1.5593823786118133,-2.0569385194093357,0.2443783793138051,-0.6736118455195442,-0.016566991018572397,-3.0813423764240024,0.5794365166946627,0.044362801542600645,0.4924294653647894,-0.6696089448529561,-0.01656001892492072,-0.9998108658107425,0.01944550726147019,0.00032381185516634694,0.49232948648819175,-0.669607395033303,-0.01656004894946191,-1.0,0.0,0.0
34,0.008500000000000006,0.033398827314304415,9.999206718037915e-05,0.09999206718037916,0.01928909343861509,1.1051836446661332,1,1,scipy_slsqp_status_0: Optimization terminated successfully; exclusion_jacobian=magnet_position_jacobian; fresh_postvalidated_and_committed,21,0.015552891948637489,7684194.773131648,5,4.22623676137281,0.016601172685695588,nan,0,0.24130081055020008,0.20994833807220392,0.03135247247799616,33,1,9.423554696547951e-05,0.0002499727026497728,1,nan,-0.859093055057276,-1.947684303989605,-1.7593126084075619,-1.0308273675492274,1.5593312034675997,-2.0569485458067764,0.2443549030012471,-0.6736721658935123,-0.016566987219166274,-3.081399327056165,0.5795071210600873,0.04435486914557823,0.49217946663574186,-0.6696089387569224,-0.01656002631663163,-0.9998139712052297,0.019285229595914093,0.0003207838228705294,0.4920794864881917,-0.669607395033303,-0.01656004894946191,-1.0,0.0,0.0
35,0.008750000000000006,0.03364875499173936,0.00010003865150763503,0.10003865150763502,0.01913129581504689,1.0961425068184811,1,1,scipy_slsqp_status_0: Optimization terminated successfully; exclusion_jacobian=magnet_position_jacobian; fresh_postvalidated_and_committed,17,0.015553027527468018,7389199.884989479,5,4.226229032200115,0.016351245008260643,nan,0,0.24131455612536934,0.20994833807220392,0.03136621805316542,33,1,9.154818339242825e-05,0.00024992767743494543,1,nan,-0.8591280817038853,-1.9477168312914288,-1.7592692983036573,-1.030787612763675,1.5592804074996423,-2.056956274979471,0.24434265198264876,-0.6737314972160214,-0.016566989967792378,-3.0814610473528523,0.5795617669078921,0.04434317667567533,0.49192951339905144,-0.669608927425515,-0.016560022998720333,-0.9998170023418481,0.019127480441141053,0.0003183082385473579,0.49182948648819175,-0.669607395033303,-0.01656004894946191,-1.0,0.0,0.0
36,0.009000000000000006,0.0338987643942798,0.00010000388524214739,0.10000388524214739,0.018975827499127247,1.0872348284682791,1,1,scipy_slsqp_status_0: Optimization terminated successfully; exclusion_jacobian=magnet_position_jacobian; fresh_postvalidated_and_committed,28,0.015557195216115729,7314054.853770409,5,4.226220503892591,0.0161012356057202,nan,0,0.24133299890488769,0.20994833807220392,0.031384660832683764,33,1,8.851466478531886e-05,0.0002500094025404409,1,nan,-0.8591677933300407,-1.9477468075667297,-1.7592296552489364,-1.0307506316206398,1.5592319580745453,-2.056964803286995,0.24432566124931632,-0.6737886667337794,-0.01656699116636995,-3.081517345929132,0.5796216063295493,0.044333889251697595,0.49167947883971813,-0.6696089136132151,-0.016560024154427592,-0.999819964387758,0.018972063072007977,0.0003156492582028318,0.4915794864881917,-0.669607395033303,-0.01656004894946191,-1.0,0.0,0.0
37,0.009250000000000006,0.034148746596677354,9.999667577247938e-05,0.09999667577247938,0.01882123889794144,1.0783775540595013,1,1,scipy_slsqp_status_0: Optimization terminated successfully; exclusion_jacobian=magnet_position_jacobian; fresh_postvalidated_and_committed,22,0.015554133627053145,7037714.723830267,5,4.226213262862363,0.01585125340332265,nan,0,0.24135095988366578,0.20994833807220392,0.03140262181146186,33,1,8.659265732985606e-05,0.00024998220239755287,1,nan,-0.8592055355112322,-1.9477746586364069,-1.7591931396551876,-1.0307118075493467,1.5591829172307228,-2.056972044317223,0.24430913080121375,-0.6738444821261422,-0.016566979687304195,-3.081574862737201,0.579680584273965,0.04432418014211091,0.49142947139739407,-0.6696089288538453,-0.01656002677077859,-0.9998228857116654,0.01881752539484335,0.00031296199844821956,0.49132948648819175,-0.669607395033303,-0.01656004894946191,-1.0,0.0,0.0
38,0.009500000000000007,0.03439872558225343,9.999305694457823e-05,0.09999305694457823,0.01867119298673777,1.0697805566143364,1,1,scipy_slsqp_status_0: Optimization terminated successfully; exclusion_jacobian=magnet_position_jacobian; fresh_postvalidated_and_committed,29,0.015553520828196402,6773477.581490907,5,4.2262056320636585,0.015601274417746572,nan,0,0.24136771354324604,0.20994833807220392,0.03141937547104212,33,1,8.313217308484212e-05,0.000249978985576077,1,nan,-0.8592421512038706,-1.9478030815349547,-1.7591555493208604,-1.0306770274622876,1.5591372940862342,-2.0569796751159273,0.24429376531063485,-0.6738981699234428,-0.016566991222154437,-3.0816280135213656,0.5797363644842305,0.04431542276074274,0.49117946831609366,-0.669608893396173,-0.016560028087577196,-0.9998256983399728,0.018667528136957247,0.00031037435719709485,0.4910794864881917,-0.669607395033303,-0.01656004894946191,-1.0,0.0,0.0
39,0.009750000000000007,0.03464870213354326,9.999220781941896e-05,0.09999220781941895,0.018522008844506086,1.0612329348941814,1,1,scipy_slsqp_status_0: Optimization terminated successfully; exclusion_jacobian=magnet_position_jacobian; fresh_postvalidated_and_committed,29,0.015553226685154268,6521128.714571488,5,4.2261971797708515,0.01535129786645674,nan,0,0.24138529363883257,0.20994833807220392,0.03143695556662865,33,1,8.15571347865964e-05,0.0002499765512898322,1,nan,-0.8592783465710969,-1.9478311559437116,-1.7591186842119575,-1.0306447559253629,1.5590916721661159,-2.056988127408735,0.24427755272672802,-0.6739506355207694,-0.016566991180000656,-3.0816797077805598,0.5797898696440135,0.044310183039002964,0.4909294676073579,-0.6696088841272753,-0.01656004311609336,-0.9998284724980203,0.018518402012652986,0.0003071956593349292,0.49082948648819175,-0.669607395033303,-0.01656004894946191,-1.0,0.0,0.0
40,0.010000000000000007,0.03489867700610084,9.999338974016607e-05,0.09999338974016607,0.018374958012845714,1.0528075428661534,1,1,scipy_slsqp_status_0: Optimization terminated successfully; exclusion_jacobian=magnet_position_jacobian; fresh_postvalidated_and_committed,31,0.015553178317164974,6279331.232770658,5,4.226189490454904,0.015101322993899165,nan,0,0.24140062170007903,0.20994833807220392,0.03145228362787511,33,1,7.859946648014582e-05,0.00024997487255757483,1,nan,-0.8593129955697637,-1.947858043797472,-1.7590828983041213,-1.0306112381132706,1.5590493499989257,-2.0569958167246822,0.24426356411176528,-0.6740015890088826,-0.01656699118601007,-3.0817300046670364,0.5798419392749752,0.044300052678488924,0.4906794689381127,-0.6696088740480131,-0.01656003428612646,-0.9998311852089659,0.01837138977944142,0.00030515767469336516,0.4905794864881917,-0.669607395033303,-0.01656004894946191,-1.0,0.0,0.0
41,0.010250000000000007,0.035148658732395255,9.998805430438662e-05,0.09998805430438662,0.01823016634626832,1.044511591462603,1,1,scipy_slsqp_status_0: Optimization terminated successfully; exclusion_jacobian=magnet_position_jacobian; fresh_postvalidated_and_committed,24,0.015553310313345647,6384385.974744778,5,4.2261822291404,0.014851341267604748,nan,0,0.24141589704383268,0.20994833807220392,0.031467558971628756,33,1,7.64578706530611e-05,0.0002499817262944168,1,nan,-0.8593464502630493,-1.947884032598863,-1.7590484628581622,-1.0305788799125815,1.5590073310519417,-2.0570030780391866,0.2442495986584562,-0.6740510382349526,-0.016566966197088473,-3.08177930539293,0.5798925939770047,0.04429159716555891,0.49042946382597663,-0.6696088587900404,-0.01656003026155495,-0.9998338351194922,0.018226639704031145,0.00030291145195810863,0.49032948648819175,-0.669607395033303,-0.01656004894946191,-1.0,0.0,0.0
42,0.010500000000000008,0.03539867260687596,9.99508865300016e-05,0.09995088653000159,0.018086655619595795,1.036289032509412,1,1,scipy_slsqp_status_0: Optimization terminated successfully; exclusion_jacobian=magnet_position_jacobian; fresh_postvalidated_and_committed,25,0.015552863558447918,6151491.7748491075,5,4.226177780563011,0.014601327393124044,nan,0,0.24143440081031306,0.20994833807220392,0.03148606273810914,33,1,7.530937187614791e-05,0.00025001387448070345,1,nan,-0.8593816331939705,-1.9479086987274048,-1.759016588257601,-1.0305487742566812,1.5589639361853325,-2.057007526616575,0.24423236875953155,-0.6740988209558976,-0.016566990664330372,-3.0818261598379424,0.5799499789295587,0.044288759704215,0.4901794266551111,-0.6696088588214629,-0.01656005780841682,-0.9998364409030399,0.01808319309863423,0.0002992819735130295,0.4900794864881917,-0.669607395033303,-0.01656004894946191,-1.0,0.0,0.0
43,0.010750000000000008,0.03564860760564572,9.999293192951076e-05,0.09999293192951077,0.01794615119358711,1.0282387218962061,1,1,scipy_slsqp_status_0: Optimization terminated successfully; exclusion_jacobian=magnet_position_jacobian; fresh_postvalidated_and_committed,23,0.015549585064363429,5927897.027676971,5,4.226170646021451,0.014351392394354283,nan,0,0.24144903739845586,0.20994833807220392,0.031500699326251935,33,1,7.198490954820713e-05,0.0002499349987697616,1,nan,-0.8594136651187756,-1.9479330545219022,-1.7589843026126726,-1.030518140285271,1.5589248098065802,-2.057014661158135,0.24421898459718774,-0.6741454176213432,-0.016566991187802693,-3.081872256082991,0.5799980042097902,0.04428019502178533,0.4899294690252866,-0.669608836803308,-0.016560052294034407,-0.9998389721505154,0.017942726641429617,0.00029720308180951647,0.48982948648819175,-0.669607395033303,-0.01656004894946191,-1.0,0.0,0.0
44,0.011000000000000008,0.03589858398168828,9.99939110781536e-05,0.0999939110781536,0.017806776247321524,1.0202531257053256,1,1,scipy_slsqp_status_0: Optimization terminated successfully; exclusion_jacobian=magnet_position_jacobian; fresh_postvalidated_and_committed,27,0.015553346979660276,5873937.207498491,5,4.2261639251851815,0.014101416018311726,nan,0,0.2414620805216665,0.20994833807220392,0.03151374244946259,33,1,7.005288607119553e-05,0.0002499763760425572,1,nan,-0.8594441409207482,-1.9479571197262933,-1.758952158452639,-1.0304877487602615,1.5588874275003135,-2.057021381994405,0.24420717341866688,-0.6741909172758103,-0.016566991157971944,-3.0819173279962566,0.580044049559336,0.04427003461618298,0.4896794700846193,-0.6696088311972651,-0.016560037495966226,-0.9998414635489837,0.017803382413552567,0.00029553825988912755,0.4895794864881917,-0.669607395033303,-0.01656004894946191,-1.0,0.0,0.0
45,0.011250000000000008,0.03614855678295068,9.99987676512446e-05,0.0999987676512446,0.01766892543785499,1.012354856120431,1,1,scipy_slsqp_status_0: Optimization terminated successfully; exclusion_jacobian=magnet_position_jacobian; fresh_postvalidated_and_committed,24,0.015553459231472146,5663262.916382328,5,4.226157801863531,0.013851443217049321,nan,0,0.2414763752095479,0.20994833807220392,0.03152803713734398,33,1,6.867524831437602e-05,0.00024997280126240473,1,nan,-0.8594742418678409,-1.9479803287011082,-1.7589216450805063,-1.0304589995448041,1.5588490024060802,-2.0570275053160554,0.2441940840881778,-0.6742351581795969,-0.01656699122097116,-3.0819616244425307,0.5800902655889975,0.044263855179078375,0.4894294749060572,-0.6696088337074129,-0.016560042520194714,-0.9998439085978591,0.017665576275911733,0.0002930095491277654,0.48932948648819174,-0.669607395033303,-0.01656004894946191,-1.0,0.0,0.0
46,0.011500000000000008,0.036398514885811285,0.00010001864768909546,0.10001864768909546,0.017534327023534163,1.0046429350506945,1,1,scipy_slsqp_status_0: Optimization terminated successfully; exclusion_jacobian=magnet_position_jacobian; fresh_postvalidated_and_committed,23,0.015553922980922974,5462379.590855496,5,4.226149672392442,0.013601485114188717,nan,0,0.24150117499961626,0.20994833807220392,0.03155283692741234,33,1,7.095259916508461e-05,0.0002499581028606035,1,nan,-0.8595147539136248,-1.948006089430971,-1.758886605657723,-1.0304498906736945,1.558812224569146,-2.057035634787145,0.2441704311278345,-0.6742771386662451,-0.01656605551965684,-3.08199098398811,0.5801469727684763,0.044277531954081926,0.4891794951766269,-0.669608806314043,-0.016560028708338573,-0.9998462776265054,0.017531007768699803,0.0002913469324631982,0.4890794864881917,-0.669607395033303,-0.01656004894946191,-1.0,0.0,0.0
47,0.011750000000000009,0.036648511503120686,0.00010000028137151657,0.10000028137151658,0.01740029150176914,0.9969632653487246,1,1,scipy_slsqp_status_0: Optimization terminated successfully; exclusion_jacobian=magnet_position_jacobian; fresh_postvalidated_and_committed,30,0.015555705418146779,5268582.266365048,5,4.2261428120207505,0.013351488496879317,nan,0,0.24150966776008614,0.20994833807220392,0.03156132968788222,33,1,6.426263327810913e-05,0.00024999661730940037,1,nan,-0.8595423467883813,-1.9480291841109432,-1.7588563756789724,-1.0304178441080623,1.5587831203362639,-2.057042495158836,0.24416309673621903,-0.6743190514986248,-0.01656699121862132,-3.0820311319425318,0.5801874343662311,0.0442583543658935,0.4889294768472515,-0.669608803702853,-0.01656005337421137,-0.9998486187473615,0.01739702926058903,0.0002880310738994709,0.48882948648819174,-0.669607395033303,-0.01656004894946191,-1.0,0.0,0.0
48,0.012000000000000009,0.03689848891336916,0.00010000142905983248,0.10000142905983249,0.017268174725127438,0.9893935316442827,1,1,scipy_slsqp_status_0: Optimization terminated successfully; exclusion_jacobian=magnet_position_jacobian; fresh_postvalidated_and_committed,28,0.015554098191585783,5082817.83511208,5,4.226137017634869,0.013101511086630845,nan,0,0.24152180607122692,0.20994833807220392,0.031573467999023,33,1,6.245517956446846e-05,0.00024997741024847253,1,nan,-0.8595703384385103,-1.9480500041204343,-1.758828540741883,-1.0303898028456828,1.5587501207429946,-2.0570482895447175,0.24415208529509724,-0.6743596326515632,-0.016566991232773276,-3.082071234620935,0.5802301193525757,0.044248055237955,0.4886794780608093,-0.6696087989360663,-0.016560032321111334,-0.9998509087756774,0.01726493534576011,0.00028675417840254774,0.4885794864881917,-0.669607395033303,-0.01656004894946191,-1.0,0.0,0.0
49,0.01225000000000001,0.03714847377496477,9.999540433366678e-05,0.09999540433366677,0.01713813209930376,0.9819426380277869,1,1,scipy_slsqp_status_0: Optimization terminated successfully; exclusion_jacobian=magnet_position_jacobian; fresh_postvalidated_and_committed,28,0.015554223725780077,4904957.248558412,5,4.22613132730879,0.012851526225035236,nan,0,0.24153386477031674,0.20994833807220392,0.03158552669811282,33,1,6.13352435935981e-05,0.00024998486159560906,1,nan,-0.8595961064192048,-1.948071236871665,-1.758800636828275,-1.0303645919703806,1.5587154711093205,-2.057053979870796,0.2441411301733812,-0.6743991461098596,-0.016566991220870797,-3.082111245479115,0.5802693495584156,0.04424326433719058,0.48842947222156247,-0.669608785687195,-0.016560039361697657,-0.9998531458085731,0.017134935426766328,0.00028426153609539963,0.48832948648819174,-0.669607395033303,-0.01656004894946191,-1.0,0.0,0.0
50,0.01250000000000001,0.03739846618871002,9.998211694069754e-05,0.09998211694069754,0.01700931850239509,0.9745621625810207,1,1,scipy_slsqp_status_0: Optimization terminated successfully; exclusion_jacobian=magnet_position_jacobian; fresh_postvalidated_and_committed,26,0.015553714522068612,4734634.642917912,5,4.226122019180162,0.012601533811289985,nan,0,0.2415510887097882,0.20994833807220392,0.031602750637584276,33,1,6.178852043100856e-05,0.00024999241374525083,1,nan,-0.8596216293050386,-1.9480896346175864,-1.7587764754748156,-1.0303435392532456,1.5586740670353367,-2.057063287999425,0.24412499553607692,-0.6744380040879399,-0.01656603848899213,-3.082154280679814,0.5803028165134019,0.044251305867098564,0.488179458945724,-0.6696087845171477,-0.016560021065012163,-0.999855345029678,0.017006145659244427,0.00028288761044081975,0.4880794864881917,-0.669607395033303,-0.01656004894946191,-1.0,5.096193663453712e-13,0.0
51,0.01275000000000001,0.0376484387746451,9.998891166826553e-05,0.09998891166826553,0.006683571286966824,0.382940426818019,1,1,scipy_slsqp_status_0: Optimization terminated successfully; exclusion_jacobian=magnet_position_jacobian; fresh_postvalidated_and_committed,1030,0.01555255144443946,4570860.682750876,5,4.226116495964729,0.012351561225354905,nan,0,0.2415583105835517,0.20994833807220392,0.031609972511347784,33,1,5.743372249401944e-05,0.0002499725859350793,1,nan,-0.8596458515215293,-1.9481107090680583,-1.7587490925749074,-1.03031508356236,1.5586480338106952,-2.057068811214857,0.24411883018160394,-0.6744753510442758,-0.016566991258043173,-3.082189982376754,0.5803392226345497,0.04423450836480326,0.48792946595972375,-0.6696087689579596,-0.016560056683969537,-0.9998574904380926,0.016879598210482814,0.0002792473675948819,0.48782948648819174,-0.669607395033303,-0.01656004894946191,-0.9999479532614246,0.010202488338043558,0.0
52,0.01300000000000001,0.03789841376964992,9.999357999100342e-05,0.09999357999100342,0.003660501059588143,0.20973126161756647,1,1,scipy_slsqp_status_0: Optimization terminated successfully; exclusion_jacobian=magnet_position_jacobian; fresh_postvalidated_and_committed,30,0.015553179044335367,4794139.566059375,5,4.2261112772103555,0.012101586230350084,nan,0,0.2415680965464609,0.20994833807220392,0.031619758474256965,33,1,5.6005244606012396e-05,0.0002499749950048216,1,nan,-0.8596692480526851,-1.9481302645837273,-1.7587229898463432,-1.03029084449062,1.5586178568140645,-2.057074029969231,0.24411007740945906,-0.6745117197682456,-0.016566991222816074,-3.082226501951782,0.580374843121109,0.04422665655206055,0.4876794708189207,-0.6696087550392477,-0.01656004329961676,-0.9998595933013534,0.016754597549357746,0.0002777484676718867,0.4875794864881917,-0.6696073950333025,-0.01656004894946191,-0.9997918184634089,0.020403914664352502,0.0
53,0.01325000000000001,0.03814833729620838,9.997868379280142e-05,0.09997868379280142,0.037865301880276356,2.1695219877286154,1,1,scipy_slsqp_status_0: Optimization terminated successfully; exclusion_jacobian=magnet_position_jacobian; fresh_postvalidated_and_committed,23,0.015547317149474237,4628089.697592889,5,4.226121457726986,0.011851662703791621,nan,0,0.2415562227765979,0.20994833807220392,0.03160788470439399,33,1,8.482002100811391e-05,0.0002499235265584626,1,nan,-0.8596267325339352,-1.9481035193716432,-1.7587617071907515,-1.0303367867006517,1.558648811586238,-2.0570638494525997,0.2441203652769001,-0.674455861852093,-0.01656699105956222,-3.0821768280915522,0.5803139183513584,0.0442668970344333,0.48742967184124025,-0.6695984058060959,-0.01656004000592426,-0.9998544433792073,0.01705919051650134,0.00027581475220018716,0.48732970321991864,-0.6695969873971244,-0.01656004894946191,-0.9984920388718002,0.05489670581770438,0.0
54,0.01350000000000001,0.038398165082780294,9.992425526150787e-05,0.09992425526150787,0.07500369196027588,4.297394997223113,1,1,scipy_slsqp_status_0: Optimization terminated successfully; exclusion_jacobian=magnet_position_jacobian; fresh_postvalidated_and_committed,23,0.01553401206005628,4468989.928067189,5,4.226129395571528,0.011601834917219708,nan,0,0.24154431096441842,0.20994833807220392,0.0315959728922145,33,1,0.00010637799714381843,0.00024982778657191285,1,nan,-0.8595748797924089,-1.9480685112279943,-1.7588127814990802,-1.0303945783317479,1.5586861014558921,-2.057055911608058,0.24413031234274857,-0.6743860686171946,-0.016566991209025383,-3.0821158116948815,0.580232350808981,0.0443203507623774,0.4871799963487411,-0.6695861944885984,-0.016560074149410603,-0.999848143590544,0.01742456821833894,0.00027236179547431765,0.4870800825517031,-0.6695847490419617,-0.01656004894946191,-0.9957315125396728,0.09229710144666231,0.0
55,0.01375000000000001,0.0386468130222159,9.946437578165774e-05,0.09946437578165773,0.14662507460113838,8.400997945436071,1,1,scipy_slsqp_status_0: Optimization terminated successfully; exclusion_jacobian=magnet_position_jacobian; fresh_postvalidated_and_committed,29,0.015389916582518658,4417333.174647931,5,4.226169635409619,0.011353186977784105,nan,0,0.24148706824061736,0.20994833807220392,0.03153873016841344,33,1,0.0003844653785153231,0.00024864793943560337,1,nan,-0.8593902665496308,-1.9479413997033506,-1.7589924312575254,-1.0305896201930074,1.558846225252525,-2.057015671769968,0.24418059889013977,-0.67413281805941,-0.016566991197875358,-3.0818841334117453,0.5799590522673373,0.044465010597015346,0.48693182624982184,-0.669552586285775,-0.01656010280702919,-0.9998259713505305,0.018653539411153174,0.0002692218505764942,0.486832375009692,-0.6695509707407785,-0.01656004894946191,-0.9863724163143543,0.16452798039902522,0.0
56,0.01400000000000001,0.03889326204117241,9.861666089642463e-05,0.09861666089642462,0.23806591608990998,13.64017223786744,1,1,scipy_slsqp_status_0: Optimization terminated successfully; exclusion_jacobian=magnet_position_jacobian; fresh_postvalidated_and_committed,28,0.015122912426049191,4262790.0269139195,5,4.226221704650293,0.011106737958827592,nan,0,0.24140583949023015,0.20994833807220392,0.031457501418026224,33,1,0.0005284248246550809,0.0002464490189565127,1,nan,-0.8591351533730408,-1.9477665701148672,-1.7592387676632215,-1.0308546486806243,1.559069724128559,-2.0569636025292932,0.244252709910737,-0.6737852748084072,-0.016566991223328886,-3.0815667362571437,0.5795765244523198,0.04465600885539165,0.48668608048307777,-0.6695064449771815,-0.01656013012255983,-0.9997951287309452,0.02023930841412105,0.0002663846667179631,0.4865874800805531,-0.6695046561677286,-0.01656004894946191,-0.9668239680188416,0.25544356493030307,0.0
57,0.014250000000000011,0.039134912386474305,9.666850656768219e-05,0.09666850656768218,0.37605487167561635,21.546357012346583,1,1,scipy_slsqp_status_0: Optimization terminated successfully; exclusion_jacobian=magnet_position_jacobian; fresh_postvalidated_and_committed,23,0.014541945625221118,4112113.5019018548,5,4.226310381511363,0.010865087613525698,nan,0,0.24126920009168906,0.20994833807220392,0.03132086201948514,33,1,0.00088732033197075,0.00024165034530189422,1,nan,-0.8587094104392239,-1.9474729916304503,-1.759651381256781,-1.03129744354067,1.5594514454247408,-2.0568749256682235,0.2443751492146117,-0.6732015477926062,-0.016566991206605264,-3.081029702357169,0.5789402179427292,0.0449667073632147,0.48644573122997975,-0.6694314179988583,-0.016560160694489345,-0.9997358582359395,0.022981393072504866,0.00026330532956078705,0.4863490844142695,-0.6694293733257444,-0.01656004894946191,-0.9214351100427,0.38853228692168873,0.0
58,0.014500000000000011,0.039360623634267705,9.02937570484615e-05,0.0902937570484615,0.582052177251737,33.34913321292503,1,1,scipy_slsqp_status_0: Optimization terminated successfully; exclusion_jacobian=magnet_position_jacobian; fresh_postvalidated_and_committed,30,0.012699110357621661,4102787.463601807,5,4.226463647564062,0.010639376365732298,nan,0,0.24104082307617733,0.20994833807220392,0.031092485003973408,33,1,0.0014306236461055423,0.00022571124779340035,1,nan,-0.8580113000331028,-1.9470043961649512,-1.760310164489466,-1.0320076211564508,1.5600661860943266,-2.056721659615525,0.24458357967972105,-0.6722604846092254,-0.01656699122404459,-3.080168267186203,0.5779141287057805,0.04546263024718692,0.48622246363301713,-0.6693115951628156,-0.0165602391316668,-0.9996243573284803,0.027405791252558483,0.00025853712349201016,0.48613220171199434,-0.6693092051824955,-0.01656004894946191,-0.8199564737267998,0.5724258739727897,0.0
59,0.014750000000000011,0.03956332697366325,8.104427647473092e-05,0.08104427647473092,0.8152387549699524,46.70973995527814,1,1,scipy_slsqp_status_0: Optimization terminated successfully; exclusion_jacobian=magnet_position_jacobian; fresh_postvalidated_and_committed,27,0.010255078184900684,3965259.814265688,5,4.2266555789972085,0.010436673026336753,nan,0,0.24072980878970163,0.20994833807220392,0.030781470717497705,33,1,0.001863040322138941,0.0002027033393955449,1,nan,-0.8570843250946298,-1.9463941090489263,-1.7611664364380062,-1.0329116958050581,1.5608735249613654,-2.056529728182378,0.24487412059407265,-0.6710377919202686,-0.016566896961650868,-3.079062408598452,0.5765427023382246,0.04607608188415384,0.4860236188887702,-0.6691548532808164,-0.01656018590245819,-0.9994489676871453,0.033191774803779925,0.0002589874027774304,0.485942621588342,-0.6691520976835069,-0.01656004894946191,-0.6611568929856048,0.7502476676788951,0.0
60,0.015000000000000012,0.039724772106814236,6.457486796580829e-05,0.06457486796580829,1.0483529558212226,60.0661998086209,1,1,scipy_slsqp_status_0: Optimization terminated successfully; exclusion_jacobian=magnet_position_jacobian; fresh_postvalidated_and_committed,30,0.006541421857807221,3890658.4769705054,5,4.226922245214913,0.010275227893185766,nan,0,0.24031202960143822,0.20994833807220392,0.030363691529234293,33,1,0.0024657427274650135,0.0001614451331509864,1,nan,-0.8558344621093963,-1.9456052554512118,-1.762276971884173,-1.0341213752618441,1.5619354644514187,-2.0562630619646733,0.2452742896946221,-0.6694195531291434,-0.016566991195757164,-3.077600628145315,0.5747150753876006,0.04690882891258054,0.4858684608655971,-0.6689468706981865,-0.016560285109167783,-0.9991637670322723,0.040886454479396685,0.00025394878089840994,0.48580394653928566,-0.6689440851099225,-0.01656004894946191,-0.4631495038445839,0.8862801685068418,0.0
61,0.015250000000000012,0.0398388291479283,4.562560404944074e-05,0.04562560404944074,1.1970435310959875,68.5855422252372,1,1,scipy_slsqp_status_0: Optimization terminated successfully; exclusion_jacobian=magnet_position_jacobian; fresh_postvalidated_and_committed,26,0.0033056580431707725,3822311.6826238194,5,4.227221885678699,0.010161170852071702,nan,0,0.23983313257182404,0.20994833807220392,0.029884794499620115,33,1,0.002752777961809059,0.00011405704111406428,1,nan,-0.8544133611465237,-1.9447371838742773,-1.7634992012459512,-1.035462568952173,1.5631280585828624,-2.055963421500887,0.24574635415005855,-0.6676153882493328,-0.016566991207109638,-3.075978357166863,0.572644000940561,0.04781836992753905,0.485763037378765,-0.6687135744382317,-0.016560279392605168,-0.998773027436684,0.04952146538272296,0.00025324160161679357,0.4857174823302599,-0.6687110485331393,-0.01656004894946191,-0.3185610641169444,0.9479023411874665,0.0
62,0.015500000000000012,0.03992599816388205,3.487022200026499e-05,0.03487022200026499,1.3129535963657646,75.22669976828134,1,1,scipy_slsqp_status_0: Optimization terminated successfully; exclusion_jacobian=magnet_position_jacobian; fresh_postvalidated_and_committed,25,0.0019622142354275363,3737164.213718557,5,4.227532673570755,0.010074001836117952,nan,0,0.23932355343532774,0.20994833807220392,0.02937521536312382,37,1,0.0028177901288898815,8.716901595375026e-05,1,nan,-0.8529265007206509,-1.9438629721703873,-1.7647321542632453,-1.0368265519216504,1.564347783709068,-2.0556526336088314,0.2462559331535693,-0.665771442076406,-0.016566991221754257,-3.074333780468892,0.5704879448289468,0.048739728041478234,0.48568652075606966,-0.6684728611754073,-0.01656023304757003,-0.9982923243637399,0.058415498552143306,0.00025425449057507284,0.4856517300662274,-0.6684705146054563,-0.01656004894946191,-0.19807533953917053,0.9801867984554997,0.0
63,0.01575000000000001,0.039984214927440274,2.3282916907921827e-05,0.023282916907921825,1.3766399208457456,78.87565737368494,1,1,scipy_slsqp_status_0: Optimization terminated successfully; exclusion_jacobian=magnet_position_jacobian; fresh_postvalidated_and_committed,20,0.0009181532598584691,3692015.469211207,5,4.227859022275213,0.010015785072559728,nan,0,0.2387784249368644,0.20994833807220392,0.028830086864660487,41,1,0.002891348207817522,5.821676355822342e-05,1,nan,-0.8513736181376157,-1.94297862442933,-1.7659816946882319,-1.0382167546091858,1.5655991273677143,-2.0553262849043734,0.24680106165226207,-0.663881516893091,-0.0165669912063105,-3.0726589116048784,0.5682525365059217,0.049675490259862856,0.4856411518111447,-0.6682247675183517,-0.016560142208402597,-0.9977132114954519,0.06758906338161233,0.00025713542770065676,0.4856179517650441,-0.6682228070634453,-0.01656004894946191,-0.12617854273796808,0.9920075480320313,0.0
64,0.01600000000000001,0.040027966875987,1.7508435787747938e-05,0.01750843578774794,1.422843065432842,81.52290255875828,1,1,scipy_slsqp_status_0: Optimization terminated successfully; exclusion_jacobian=magnet_position_jacobian; fresh_postvalidated_and_committed,23,0.0005507312875020587,3627772.347940644,5,4.228183766332284,0.009972033124013,nan,0,0.238212795974656,0.20994833807220392,0.028264457902452078,45,1,0.0028812372297774415,4.375194854672887e-05,1,nan,-0.8497929278465826,-1.9421134808421656,-1.7672080207599228,-1.039598611647532,1.566838324503177,-2.055001540847302,0.24736669061471014,-0.6620016631987262,-0.016566991207244197,-3.071008359444918,0.565980641476634,0.05061328306198069,0.4856121864087875,-0.6679759340406098,-0.016560097009276444,-0.9970477769977422,0.07678322482024447,0.0002583990410072293,0.4855947682998848,-0.6679741585135779,-0.01656004894946191,-0.07103451513700024,0.9974738581332602,0.0
65,0.01625000000000001,0.040059890292125484,1.2777722493449694e-05,0.012777722493449694,1.4481055444275914,82.97033598519532,1,1,scipy_slsqp_status_0: Optimization terminated successfully; exclusion_jacobian=magnet_position_jacobian; fresh_postvalidated_and_committed,24,0.000327777144210833,3587745.8822778137,5,4.22851199004446,0.009940109707874518,nan,0,0.23762909917775288,0.20994833807220392,0.027680761105548957,45,1,0.0028784550106083083,3.192341613848099e-05,1,nan,-0.8481810688210908,-1.9412641446382,-1.768415489663697,-1.040971631297355,1.5680692375078422,-2.0546733171351264,0.2479549976072466,-0.6601271883255625,-0.016566991220333116,-3.0693784862608116,0.5636743968879155,0.05155010192503998,0.4855970408407242,-0.667725950959815,-0.016560069606345346,-0.9962935766422126,0.08601768434484801,0.000259078014737164,0.4855843606637067,-0.6677243752453048,-0.01656004894946191,-0.036558521305649225,0.9993315138230878,0.0
66,0.01650000000000001,0.040085860535974176,1.0391057318686004e-05,0.010391057318686005,1.4604264071639244,83.6762694199472,1,1,scipy_slsqp_status_0: Optimization terminated successfully; exclusion_jacobian=magnet_position_jacobian; fresh_postvalidated_and_committed,22,0.00024099395339074903,3531602.323215046,5,4.2288421477357225,0.009914139464025827,nan,0,0.23704170202093075,0.20994833807220392,0.02709336394872683,45,1,0.0028601064618290757,2.59702438486914e-05,1,nan,-0.8465502424204779,-1.9404345539674088,-1.7695979992165358,-1.042328146891232,1.5692878129231982,-2.0543431594438633,0.24856130622157677,-0.6582681328562041,-0.016566990676610327,-3.0677752849705575,0.5613516581963618,0.05247778906233584,0.48558977636985795,-0.6674759231940829,-0.016560034897384272,-0.9954538894343274,0.09524435087507481,0.00026007009743471453,0.4855794864882067,-0.6674744767465924,-0.01656004894946191,-0.014980416574903824,0.9998877872637721,0.0
67,0.01675000000000001,0.040108027933689526,8.868546366651995e-06,0.008868546366651995,1.46136813681452,83.73022655436866,1,1,scipy_slsqp_status_0: Optimization terminated successfully; exclusion_jacobian=magnet_position_jacobian; fresh_postvalidated_and_committed,27,0.0001944395119808619,3491962.2048079083,5,4.229174185806575,0.009891972066310477,nan,0,0.23644844126882444,0.20994833807220392,0.026500103196620522,45,1,0.0028408050713226224,2.2167397715350257e-05,1,nan,-0.8448999338039407,-1.939624996925049,-1.7707544824493109,-1.0436647177571292,1.570494936732445,-2.0540111213730112,0.24918782745398624,-0.6564258055753924,-0.016566991223539163,-3.0662008703948613,0.55901182310792,0.053390379077700216,0.4855882397765372,-0.6672258991834612,-0.016559961020996255,-0.9945291347503988,0.10445923224768446,0.000262546848045889,0.4855794864882067,-0.6672244767465925,-0.01656004894946191,-0.004778028956237044,0.9999885851544974,0.0
68,0.01700000000000001,0.040130460534807455,8.982478046892005e-06,0.008982478046892006,1.45690092456397,83.474274146223,1,1,scipy_slsqp_status_0: Optimization terminated successfully; exclusion_jacobian=magnet_position_jacobian; fresh_postvalidated_and_committed,31,0.0001962325933308135,3436948.7841692762,5,4.22950752797585,0.009869539465192548,nan,0,0.23585163971084985,0.20994833807220392,0.02590330163864593,45,1,0.0028166708269910796,2.2432601117929052e-05,1,nan,-0.8432326779307995,-1.9388390203087718,-1.7718807052904433,-1.044983945212643,1.571685011179981,-2.053677779203737,0.2498318608932387,-0.654603615165522,-0.016566991201550363,-3.0646577055823254,0.556658137787384,0.05429560147181144,0.4855883462827635,-0.6669759490550136,-0.016559903140726074,-0.9935208920005119,0.11364931695095525,0.0002644146151989553,0.4855794864882067,-0.6669744767465924,-0.01656004894946191,0.0,1.0,0.0
69,0.017250000000000012,0.040154339251518366,9.55569941189016e-06,0.00955569941189016,1.4476749606559207,82.94566535235175,1,1,scipy_slsqp_status_0: Optimization terminated successfully; exclusion_jacobian=magnet_position_jacobian; fresh_postvalidated_and_committed,26,0.00021159781261235994,3397913.7857188606,5,4.229842004373036,0.009845660748481637,nan,0,0.23525040972048353,0.20994833807220392,0.025302071648279606,45,1,0.002791318410463262,2.3878716710910852e-05,1,nan,-0.8415491819031856,-1.938076849443176,-1.7729759880296672,-1.0462836879177613,1.5728578476249346,-2.0533433028065504,0.2504938947992298,-0.652802861785952,-0.016566991221907246,-3.0631473865559684,0.5542915767453825,0.055190443652051474,0.4855889088261324,-0.6667260547429145,-0.016559846793899435,-0.9924300986998945,0.12281053834211907,0.0002662078823690518,0.4855794864882067,-0.6667244767465924,-0.01656004894946191,0.0,1.0,0.0
70,0.017500000000000012,0.040179983983849546,1.0265679229945528e-05,0.010265679229945528,1.4384694526631783,82.41822859609367,1,1,scipy_slsqp_status_0: Optimization terminated successfully; exclusion_jacobian=magnet_position_jacobian; fresh_postvalidated_and_committed,28,0.00023213083165178923,3341176.6753017786,5,4.230177580626134,0.009820016016150457,nan,0,0.23464514178868187,0.20994833807220392,0.02469680371647795,46,1,0.0027656087837928515,2.5644732331180087e-05,1,nan,-0.8398515054563583,-1.937336925024629,-1.77404248187406,-1.0475624294884385,1.5740127493243743,-2.053007726553452,0.25117197369512134,-0.6510237440849326,-0.016566990976116025,-3.0616704210250854,0.5519152386067788,0.05607438197425699,0.4855896032606287,-0.6664761998290873,-0.016559791903689846,-0.9912575311180455,0.13194102931643423,0.00026792662596350914,0.4855794864882067,-0.6664744767465924,-0.01656004894946191,0.0,1.0,0.0
71,0.017750000000000012,0.040207483365544,1.1020699864143042e-05,0.011020699864143042,1.429287284824533,81.89212913215854,1,1,scipy_slsqp_status_0: Optimization terminated successfully; exclusion_jacobian=magnet_position_jacobian; fresh_postvalidated_and_committed,22,0.0002555207170470476,3298971.7333288225,5,4.2305114692003665,0.009792516634456003,nan,0,0.23402767347230508,0.20994833807220392,0.024079335400101154,46,1,0.0027395417887317057,2.7499381694454095e-05,1,nan,-0.8381332169845249,-1.936622867844394,-1.7750746384437497,-1.0488184065896469,1.5751478215863957,-2.0526738379792198,0.2518724514288184,-0.6492688544345174,-0.016566982496561578,-3.060233159829433,0.5495154477952046,0.05694480442808667,0.485590332442837,-0.6662264053877989,-0.016559730458096354,-0.9900042556313234,0.14103723269082152,0.0002698643811264239,0.4855794864882067,-0.6662244767465925,-0.01656004894946191,0.0,1.0,0.0
72,0.018000000000000013,0.04023687898133218,1.1766234059380553e-05,0.011766234059380553,1.420122838917839,81.36704506012903,1,1,scipy_slsqp_status_0: Optimization terminated successfully; exclusion_jacobian=magnet_position_jacobian; fresh_postvalidated_and_committed,30,0.0002810520163035933,3240473.094228619,5,4.230850691753255,0.009763121018667824,nan,0,0.23341092062312194,0.20994833807220392,0.023462582550918015,46,1,0.002714812331971489,2.9395615788178897e-05,1,nan,-0.8364067392623094,-1.9359313333356774,-1.776077618591775,-1.0500585079283125,1.5762669141866261,-2.0523346154263313,0.25258471996948884,-0.6475341466294272,-0.016566990924841984,-3.0588217572092726,0.5471204311857589,0.05780842263174609,0.4855910685285864,-0.6659765187499341,-0.016559687249399452,-0.988670171757081,0.15010402386591665,0.00027110345678252193,0.4855794864882067,-0.6659744767465924,-0.01656004894946191,0.0,1.0,0.0
73,0.018250000000000013,0.040268157073724026,1.2520939168864157e-05,0.012520939168864157,1.4109834927292682,80.84339909601495,1,1,scipy_slsqp_status_0: Optimization terminated successfully; exclusion_jacobian=magnet_position_jacobian; fresh_postvalidated_and_committed,28,0.00030822433589186175,3197628.274883482,5,4.231189058885042,0.009731842926275977,nan,0,0.23279222255239185,0.20994833807220392,0.022843884480187926,46,1,0.0026881713360358424,3.127809239184681e-05,1,nan,-0.8346690045430005,-1.9352596102183084,-1.7770547001026504,-1.0512735297808915,1.5773668562459058,-2.051996248294544,0.25331092315266335,-0.6458224227623919,-0.016566989984291514,-3.0574465377838824,0.5447170760322935,0.058657641678131076,0.4855918007624651,-0.6657267033958235,-0.016559631097381934,-0.9872570473335254,0.15913342850784978,0.0002728032741540064,0.4855794864882067,-0.6657244767465924,-0.01656004894946191,0.0,1.0,0.0
74,0.018500000000000013,0.040301318088613945,1.3273948612351137e-05,0.013273948612351138,1.4018678909425715,80.32111358591531,1,1,scipy_slsqp_status_0: Optimization terminated successfully; exclusion_jacobian=magnet_position_jacobian; fresh_postvalidated_and_committed,30,0.00033721163173940186,3137786.201943557,5,4.231522412615011,0.009698681911386058,nan,0,0.23216881705361445,0.20994833807220392,0.022220478981410524,46,1,0.002662604402633383,3.316101488991946e-05,1,nan,-0.8329175589410458,-1.934612970400661,-1.7779985764926935,-1.0524707150075592,1.578447817687694,-2.051662894564575,0.25405337550816903,-0.644134512584968,-0.01656699096273312,-3.056105866585613,0.54229452933454,0.05949852413211569,0.48559253210014147,-0.665476885210796,-0.01655959176110784,-0.9857654527265096,0.16812613483661223,0.00027385361207923876,0.4855794864882067,-0.6654744767465924,-0.01656004894946191,0.0,1.0,0.0
75,0.018750000000000013,0.04033635193958285,1.4033692950091812e-05,0.014033692950091813,1.3927789347960444,79.80035475853983,1,1,scipy_slsqp_status_0: Optimization terminated successfully; exclusion_jacobian=magnet_position_jacobian; fresh_postvalidated_and_committed,30,0.0003678859548375168,3095356.186663497,5,4.231861684114639,0.009663648060417154,nan,0,0.23154269934307342,0.20994833807220392,0.0215943612708695,46,1,0.002636023422909183,3.503385096890327e-05,1,nan,-0.8311568985383315,-1.9339865181426736,-1.7789156198806975,-1.0536421652144266,1.579509835902129,-2.0513236230649476,0.25480973916262023,-0.6424695789694289,-0.016566991222505323,-3.054799647694623,0.5398768645234429,0.06032331783115817,0.48559325920163326,-0.6652271208162998,-0.016559533393383282,-0.9841966658218939,0.17707864646774585,0.0002755906719957025,0.4855794864882067,-0.6652244767465925,-0.01656004894946191,0.0,1.0,0.0
76,0.019000000000000013,0.04037326395229894,1.4783623589572297e-05,0.014783623589572296,1.3837137964884543,79.28096059281255,1,1,scipy_slsqp_status_0: Optimization terminated successfully; exclusion_jacobian=magnet_position_jacobian; fresh_postvalidated_and_committed,27,0.0004003401414447272,3034427.106689923,5,4.232205421483395,0.009626736047701062,nan,0,0.23091204631180176,0.20994833807220392,0.02096370823959784,46,1,0.002610869672593748,3.6912012716092124e-05,1,nan,-0.8293847182911901,-1.933382071484298,-1.7798033622588765,-1.0547903805130547,1.5805519594914366,-2.050979885696191,0.25558144601610866,-0.640827785650221,-0.01656698968995035,-3.053528504246217,0.5374580399661533,0.06113515798606032,0.48559398710890317,-0.6649772978930492,-0.0165594756619906,-0.9825510060894953,0.18599312769796347,0.0002772754040457412,0.4855794864882067,-0.6649744767465924,-0.01656004894946191,0.0,1.0,0.0
77,0.019250000000000014,0.04041204169721164,1.5534137408842345e-05,0.015534137408842345,1.3746779512212486,78.7632447946684,1,1,scipy_slsqp_status_0: Optimization terminated successfully; exclusion_jacobian=magnet_position_jacobian; fresh_postvalidated_and_committed,27,0.0004343484830451165,2990536.1261893674,5,4.232544697505508,0.009587958302788364,nan,0,0.2302764936003253,0.20994833807220392,0.020328155528121367,46,1,0.0025846743907468077,3.8777744912697754e-05,1,nan,-0.8276009276115465,-1.9328020015306708,-1.7806584862902646,-1.0559184595485673,1.5815733525243563,-2.0506406096740784,0.25636828724322464,-0.6392111738861136,-0.016566991218561422,-3.0522939895036165,0.5350239288744184,0.06193711872061754,0.4855947045103724,-0.6647275333893193,-0.0165594340009754,-0.9808303128114482,0.19486359330582864,0.0002783417639801545,0.4855794864882067,-0.6647244767465924,-0.01656004894946191,0.0,1.0,0.0
78,0.019500000000000014,0.040452681940733745,1.6279735525433912e-05,0.01627973552543391,1.3656695883504069,78.2471036218468,1,1,scipy_slsqp_status_0: Optimization terminated successfully; exclusion_jacobian=magnet_position_jacobian; fresh_postvalidated_and_committed,35,0.00047002314019365147,2928649.9631735664,5,4.2328849996974505,0.009547318059266258,nan,0,0.22963549787562887,0.20994833807220392,0.019687159803424947,46,1,0.0025592184557096612,4.064024352210677e-05,1,nan,-0.8258065719371968,-1.932245061968134,-1.7814823489030582,-1.0570240677785907,1.5825747417577514,-2.0503003074821358,0.2571704590725654,-0.6376190716065533,-0.01656699121593941,-3.051095247131682,0.5325844874539416,0.06272584184228008,0.4855954208392957,-0.6644777464351148,-0.01655938911530273,-0.9790351369719753,0.203691242935772,0.0002795094735782121,0.4855794864882067,-0.6644744767465924,-0.01656004894946191,0.0,1.0,0.0
79,0.019750000000000014,0.04049517512662923,1.7025340332883973e-05,0.017025340332883974,1.3566918956096332,77.73271971803524,1,1,scipy_slsqp_status_0: Optimization terminated successfully; exclusion_jacobian=magnet_position_jacobian; fresh_postvalidated_and_committed,27,0.0005072674269545779,2887157.7818321274,5,4.233225725532169,0.009504824873370774,nan,0,0.2289885596245957,0.20994833807220392,0.019040221552391767,46,1,0.0025332046836351123,4.249318589548412e-05,1,nan,-0.8240024840100774,-1.9317114241222297,-1.7822744318060462,-1.0581063441251912,1.5835559715268528,-2.049959581647418,0.25798797238820337,-0.6360523269405651,-0.016566991220272997,-3.0499330540457903,0.5301400011547825,0.06349986642760436,0.4855961299971944,-0.6642279905229306,-0.016559335368442132,-0.977167029299528,0.2124723932694012,0.00028097741612732635,0.4855794864882067,-0.6642244767465925,-0.01656004894946191,0.0,1.0,0.0
80,0.020000000000000014,0.040539516246016156,1.7766988343995386e-05,0.017766988343995385,1.3477448514807953,77.22009185033552,1,1,scipy_slsqp_status_0: Optimization terminated successfully; exclusion_jacobian=magnet_position_jacobian; fresh_postvalidated_and_committed,31,0.0005461308914798443,2824509.6027309923,5,4.233565856068131,0.009460483753983846,nan,0,0.22833614881464764,0.20994833807220392,0.018387810742443722,46,1,0.002507946884617303,4.434111938692725e-05,1,nan,-0.8221876697785228,-1.9312004911370098,-1.7830359418163453,-1.0591654149640064,1.5845140827138837,-2.049619451111455,0.2588199273998658,-0.6345110769744109,-0.016566990855467367,-3.0488097604257427,0.5276873902061803,0.06426281278266668,0.48559683484050875,-0.6639782374395009,-0.016559302132170058,-0.975226943848369,0.22120652941314997,0.0002816685273869598,0.4855794864882067,-0.6639744767465924,-0.01656004894946191,0.0,1.0,0.0
81,0.020250000000000015,0.0405856891215079,1.851487407425542e-05,0.018514874074255422,1.3388309675951389,76.70936392461775,1,1,scipy_slsqp_status_0: Optimization terminated successfully; exclusion_jacobian=magnet_position_jacobian; fresh_postvalidated_and_committed,26,0.0005865343016202933,2779000.253974425,5,4.233913097769188,0.0094143108784921,nan,0,0.22767923753906624,0.20994833807220392,0.01773089946686232,46,1,0.0024824285319024445,4.6172875491745646e-05,1,nan,-0.8203656508616819,-1.930713170472522,-1.7837655357961655,-1.060202955590508,1.5854499471948085,-2.049272209410398,0.2596650050788614,-0.632994757964112,-0.016566991100188666,-3.0477210435030213,0.5252433873253635,0.06501540868127506,0.4855975362376695,-0.6637285310426327,-0.016559294105151213,-0.9732164164253245,0.22989068621313868,0.0002814119784484057,0.4855794864882067,-0.6637244767465924,-0.01656004894946191,0.0,1.0,0.0
82,0.020500000000000015,0.04063370547870007,1.9249658064352063e-05,0.01924965806435206,1.3299493088963796,76.20048236610319,1,1,scipy_slsqp_status_0: Optimization terminated successfully; exclusion_jacobian=magnet_position_jacobian; fresh_postvalidated_and_committed,30,0.0006286221378353304,2715625.583422657,5,4.234254475024988,0.009366294521299931,nan,0,0.22700985134929988,0.20994833807220392,0.017061513277095958,46,1,0.0024570649061885176,4.801635719216962e-05,1,nan,-0.8185321314407327,-1.9302500903012432,-1.7844602575194348,-1.0612122446602104,1.5863681465802433,-2.048930832154598,0.26053043302512824,-0.6315065622518017,-0.016566991210313742,-3.0466733519035922,0.5227819087005301,0.06574183646203365,0.4855982325160884,-0.6634787687655385,-0.01655920375858434,-0.971136246486432,0.2385252817103654,0.0002841570601025608,0.4855794864882067,-0.6634744767465924,-0.01656004894946191,0.0,1.0,0.0
83,0.020750000000000015,0.04068354323473179,1.9984902298934296e-05,0.019984902298934296,1.3211036916389243,75.6936658300629,1,1,scipy_slsqp_status_0: Optimization terminated successfully; exclusion_jacobian=magnet_position_jacobian; fresh_postvalidated_and_committed,25,0.000672041631736746,2672426.8910321095,5,4.2345963249433005,0.00931645676526821,nan,0,0.22633311746296886,0.20994833807220392,0.016384779390764936,47,1,0.0024320528477856304,4.983775603172036e-05,1,nan,-0.816689670106315,-1.9298112670735816,-1.7851218074394473,-1.062199041524743,1.5872622236156786,-2.048588982236286,0.26141020678019544,-0.6300452579872593,-0.01656699122054589,-3.0456647462770126,0.5203161630049935,0.06645737680124404,0.48559891906753505,-0.6632290540252679,-0.016559143576349373,-0.968988377087727,0.2471061379573214,0.00028574938385765494,0.4855794864882067,-0.6632244767465925,-0.01656004894946191,0.0,1.0,0.0
84,0.021000000000000015,0.040735193592588745,2.07203493400369e-05,0.0207203493400369,1.3122942333242813,75.18892104883743,1,1,scipy_slsqp_status_0: Optimization terminated successfully; exclusion_jacobian=magnet_position_jacobian; fresh_postvalidated_and_committed,30,0.0007170044991184658,2608701.6470981394,5,4.234940261112049,0.009264806407411258,nan,0,0.2256445281543638,0.20994833807220392,0.01569619008215989,47,1,0.0024077421066617966,5.165035785695271e-05,1,nan,-0.8148382645241341,-1.9293987007533564,-1.7857468358978934,-1.0631638175486242,1.5881337527405963,-2.0482450460675365,0.26230643256941155,-0.6286114485473877,-0.016566990520355318,-3.0446941609911797,0.517848360318114,0.06715940810363234,0.48559960438566485,-0.6629793429434643,-0.016559088113034384,-0.9667739338263118,0.2556327021664527,0.0002871534013918338,0.4855794864882067,-0.6629744767465924,-0.01656004894946191,0.0,1.0,0.0
85,0.021250000000000015,0.040788655596287096,2.1448551734186155e-05,0.021448551734186156,1.3035222817279886,74.68632524427682,1,1,scipy_slsqp_status_0: Optimization terminated successfully; exclusion_jacobian=magnet_position_jacobian; fresh_postvalidated_and_committed,30,0.0007634760025492561,2564734.3344085445,5,4.235282712202489,0.009211344403712907,nan,0,0.22494723931576102,0.20994833807220392,0.0149989012435571,47,1,0.002383560683333726,5.34620036983513e-05,1,nan,-0.8129769645003013,-1.9290086570744875,-1.7863405396903953,-1.0641015905310516,1.5889796927927538,-2.0479025949770975,0.2632179619133238,-0.6272056302592006,-0.016566991219794824,-3.0437672490175967,0.5153719641087654,0.06784627671188342,0.48560027954315443,-0.662729641868845,-0.01655904358905357,-0.9644943694967875,0.2641032528958121,0.00028812991026389955,0.4855794864882067,-0.6627244767465924,-0.01656004894946191,0.0,1.0,0.0
86,0.021500000000000016,0.04084391686705558,2.2171771411991463e-05,0.02217177141199146,1.2947892769702412,74.18596092919022,1,1,scipy_slsqp_status_0: Optimization terminated successfully; exclusion_jacobian=magnet_position_jacobian; fresh_postvalidated_and_committed,33,0.0008112955902520796,2500790.793117011,5,4.235628589042431,0.009156083132944422,nan,0,0.22423949244180025,0.20994833807220392,0.014291154369596326,47,1,0.002360352779522971,5.5261270768484916e-05,1,nan,-0.8111060080408915,-1.9286441689895102,-1.7868986083193406,-1.0650148946435962,1.5897998999749288,-2.047556718137155,0.2641460864849272,-0.6258281990966839,-0.01656699121705557,-3.042882096597193,0.5128945126282032,0.06851970660029347,0.4856009486844963,-0.6624799452183044,-0.016559020652274218,-0.9621512051658294,0.27251600922424474,0.0002882957398146864,0.4855794864882067,-0.6624744767465924,-0.01656004894946191,0.0,1.0,0.0
87,0.021750000000000016,0.04090094841220443,2.2912439966330224e-05,0.022912439966330224,1.286097628492873,73.68796615442571,1,1,scipy_slsqp_status_0: Optimization terminated successfully; exclusion_jacobian=magnet_position_jacobian; fresh_postvalidated_and_committed,26,0.0008604713040623679,2454568.4404882328,5,4.235971579488519,0.009099051587795573,nan,0,0.22351980289432238,0.20994833807220392,0.013571464822118462,47,1,0.0023362634161346934,5.703154514884873e-05,1,nan,-0.8092267948218216,-1.9283038453442536,-1.7874218486566769,-1.0659000050468737,1.5905974091727493,-2.047213727691067,0.2650916790656962,-0.6244804265528096,-0.01656699120928512,-3.0420401044662646,0.5104084319955993,0.06917110523531349,0.48560162555892966,-0.6622302775317849,-0.016558957004460556,-0.9597462785223554,0.2808682908521225,0.00028992464013174264,0.4855794864882067,-0.6622244767465925,-0.01656004894946191,0.0,1.0,0.0
88,0.022000000000000016,0.04095978417688368,2.362307002872783e-05,0.02362307002872783,1.28287237750847,73.50317288514901,1,1,scipy_slsqp_status_0: Optimization terminated successfully; exclusion_jacobian=magnet_position_jacobian; fresh_postvalidated_and_committed,30,0.000911431654378158,2390349.883952389,5,4.236315371800707,0.009040215823116322,nan,0,0.2227852908251217,0.20994833807220392,0.012836952752917768,47,1,0.002314451833663079,5.883576467925061e-05,1,nan,-0.8073362194857878,-1.927990916946931,-1.787906077785505,-1.0667586261472894,1.5913685037260126,-2.0468699353788797,0.26605705008508185,-0.6231633269481602,-0.016566990596838027,-3.041243657534803,0.5079146448718803,0.06980503561810886,0.4856022756115329,-0.6619805908094285,-0.0165588985011836,-0.957281006846434,0.28915910683024487,0.0002913214934328005,0.4855794864882067,-0.6619744767465924,-0.01656004894946191,0.0054243271549280995,0.99998528822924,0.0
89,0.022250000000000016,0.04102038290239834,2.4335853655660398e-05,0.0243358536556604,1.2844700929735264,73.59471523815952,1,1,scipy_slsqp_status_0: Optimization terminated successfully; exclusion_jacobian=magnet_position_jacobian; fresh_postvalidated_and_committed,26,0.0009631652271821676,2352185.716937,5,4.23665889660131,0.008979617097601665,nan,0,0.22203722896573733,0.20994833807220392,0.012088890893533405,47,1,0.0022926688410609655,6.059872551465728e-05,1,nan,-0.8054357638605479,-1.9277036136599532,-1.7883537134615366,-1.067589496004424,1.5921123612029373,-2.0465264105782763,0.26704045616883343,-0.6218769508100738,-0.016566991221136806,-3.040493593144853,0.5054136609655016,0.07042125136768512,0.48560292104108765,-0.6617309266638586,-0.01655884310051651,-0.9547573181314062,0.2973859073180399,0.00029258016181348397,0.4855794864882067,-0.6617244767465924,-0.01656004894946191,0.015626647496424402,0.9998778964893776,0.0
90,0.022500000000000017,0.04107889289538189,2.3503679755051338e-05,0.023503679755051337,1.2989873107570977,74.42649054743042,1,1,scipy_slsqp_status_0: Optimization terminated successfully; exclusion_jacobian=magnet_position_jacobian; fresh_postvalidated_and_committed,31,0.0009008724198261699,2289408.9523605285,5,4.237002386936021,0.00892110710461811,nan,0,0.22128635561278964,0.20994833807220392,0.01133801754058572,47,1,0.002283561926073701,5.850999298355475e-05,1,nan,-0.8035266446587133,-1.9274316398999871,-1.7887805691566796,-1.068406299623879,1.5928394029280253,-2.0461829202435653,0.26803331183170054,-0.6206062369091909,-0.016566991218063987,-3.0397695069665764,0.5029050568340346,0.07103330184808614,0.48560760298995775,-0.6614809898977612,-0.016558825908875606,-0.9521617635735935,0.3055943233345089,0.0002924622163845872,0.48558501994888503,-0.6614745919770317,-0.01656004894946191,0.03874383618753412,0.9992491757101797,0.0
91,0.022750000000000017,0.04113468678764516,2.2413104896230503e-05,0.022413104896230503,1.3249028063960782,75.91133907153369,1,1,scipy_slsqp_status_0: Optimization terminated successfully; exclusion_jacobian=magnet_position_jacobian; fresh_postvalidated_and_committed,27,0.0008229268869560293,2251228.519265125,5,4.237345120340473,0.008865313212354842,nan,0,0.22054062780880107,0.20994833807220392,0.010592289736597149,47,1,0.0022712957555195033,5.579389226326864e-05,1,nan,-0.801620007065176,-1.927171021411055,-1.789191839906029,-1.0692135386293466,1.5935586739975338,-2.045840186839113,0.2690280488024176,-0.6193474788227877,-0.016566991214398974,-3.039057925434224,0.5004033726283863,0.07163909163864007,0.4856169090069826,-0.6612310794140186,-0.016558794342373794,-0.9494947025579187,0.31378292500191046,0.0002929021936534712,0.4855954275850631,-0.6612248087087585,-0.01656004894946191,0.07321548149327353,0.997316145096282,0.0
92,0.023000000000000017,0.04118089753703721,1.8580491061163725e-05,0.018580491061163724,1.3740814146312168,78.72906576573445,1,1,scipy_slsqp_status_0: Optimization terminated successfully; exclusion_jacobian=magnet_position_jacobian; fresh_postvalidated_and_committed,31,0.0005794178016248051,2195368.7614259883,5,4.237688481856052,0.008819102462962795,nan,0,0.2198209485739348,0.20994833807220392,0.009872610501730883,47,1,0.002273795129858783,4.6210749392046335e-05,1,nan,-0.7997196329231834,-1.9269027244431676,-1.7896170408794092,-1.0700285332799098,1.5942824349190035,-2.0454968253235335,0.270007690828452,-0.6180780954324878,-0.016566991218950056,-3.0383307889823357,0.4979131890451181,0.07226106952355332,0.4856378303941537,-0.6609816845705129,-0.01655883136791242,-0.9467375947623154,0.32200596579250884,0.00029095996191199665,0.4856200914952324,-0.6609762916484567,-0.01656004894946191,0.13075714075438713,0.9914144290566571,0.0
93,0.023250000000000017,0.041219224507067685,1.5423057099967198e-05,0.015423057099967198,1.4382416389738588,82.40517583318037,1,1,scipy_slsqp_status_0: Optimization terminated successfully; exclusion_jacobian=magnet_position_jacobian; fresh_postvalidated_and_committed,40,0.0004130416602515717,2154979.649163447,5,4.238027041331206,0.008780775492932318,nan,0,0.21912275288069144,0.20994833807220392,0.009174414808487519,47,1,0.002269484600113227,3.83269700304778e-05,1,nan,-0.7978285521783739,-1.9266317876982275,-1.7900476504951968,-1.0708466387867204,1.5950115600573058,-2.04515826584838,0.2709757157535842,-0.6168050595782881,-0.016566990807026394,-3.037592872790544,0.4954314905118034,0.0728880659646417,0.4856685293525223,-0.6607332284951778,-0.016558866681145673,-0.9438974952846046,0.3302384514028588,0.00028915478798024027,0.4856538697964157,-0.6607285841064456,-0.01656004894946191,0.20258947546855557,0.9792637563135764,0.0
94,0.023500000000000017,0.041231314414582304,4.947513709669265e-06,0.004947513709669265,1.5585799310855204,89.30005208499102,1,1,scipy_slsqp_status_0: Optimization terminated successfully; exclusion_jacobian=magnet_position_jacobian; fresh_postvalidated_and_committed,33,8.32930336024075e-05,2116580.0396904643,5,4.238363647044567,0.008768685585417699,nan,0,0.21855213850994773,0.20994833807220392,0.008603800437743808,47,1,0.0022758059923386935,1.2089907514618858e-05,1,nan,-0.7960240332148312,-1.9262922828830904,-1.7905846985050442,-1.0717303398663731,1.5958021858449896,-2.0448216601350193,0.27183749708186444,-0.6154635733749149,-0.01656699120718219,-3.036718744098796,0.49306794410807864,0.07358384524165361,0.4857267602176436,-0.6604904142211291,-0.01655904937551606,-0.9409546217165135,0.3385325983703277,0.0002823313083362889,0.4857222512192807,-0.6604886400515776,-0.01656004894946191,0.3270125618160791,0.9450199915422346,0.0
95,0.023750000000000018,0.04122025878450754,4.573348976546724e-06,0.004573348976546724,1.7133253022846124,98.16630875388428,1,1,scipy_slsqp_status_0: Optimization terminated successfully; exclusion_jacobian=magnet_position_jacobian; fresh_postvalidated_and_committed,28,7.690978899288302e-05,2096378.5977431333,5,4.238688303499686,0.008779741215492465,nan,0,0.2181039103874459,0.20994833807220392,0.008155572315241971,47,1,0.0022623153432796052,-1.1055630074766065e-05,1,nan,-0.7943237062146651,-1.925896152573693,-1.7912086698000986,-1.0726600121198193,1.5966453982104063,-2.044497003679901,0.27259384947444215,-0.6140789193875849,-0.01656699124214822,-3.0357299001802858,0.49083726600985644,0.07432206068790695,0.4858083197994477,-0.6602566192849323,-0.016559255200122018,-0.9379540080150868,0.3467595755558659,0.00027497045344395646,0.48581273108967554,-0.6602575281311088,-0.01656004894946191,0.4764768886312024,0.8791869963780906,0.0
96,0.024000000000000018,0.041166087519251174,2.18283165260063e-05,0.0218283165260063,1.9455968549781368,111.47448842417373,1,1,scipy_slsqp_status_0: Optimization terminated successfully; exclusion_jacobian=magnet_position_jacobian; fresh_postvalidated_and_committed,25,0.000779650759796612,2092838.3080061707,5,4.238986951267085,0.008833912480748829,nan,0,0.21791578618503984,0.20994833807220392,0.007967448112835923,47,1,0.0022699004426535094,-5.4171265256364176e-05,1,nan,-0.7928528085695712,-1.9253706396379784,-1.7920312638601357,-1.0736891237897557,1.5975876412713157,-2.044198355912501,0.2731147457008972,-0.6126038949100441,-0.01656699122106714,-3.034502965492224,0.48889760673793503,0.07516572773055413,0.485930453445154,-0.6600434058973714,-0.016559685511696592,-0.9349495059337655,0.35478071221703844,0.00025998649750072646,0.48595140613873183,-0.6600495155575243,-0.01656004894946191,0.672424880747988,0.7401653732450972,0.0
97,0.024250000000000018,0.04105117704174052,4.626438456519014e-05,0.04626438456519014,2.1773316973435826,124.7519168578432,1,1,scipy_slsqp_status_0: Optimization terminated successfully; exclusion_jacobian=magnet_position_jacobian; fresh_postvalidated_and_committed,29,0.003343398662885039,2118736.57423302,5,4.239224444880114,0.00894882295825948,nan,0,0.21818673067304906,0.20994833807220392,0.008238392600845135,47,1,0.0022316684169662445,-0.00011491047751065186,1,nan,-0.7918622246804948,-1.9246745129376002,-1.7931137382850169,-1.0748513604947254,1.598554877976511,-2.043960862299472,0.2731826032081584,-0.6110988528757126,-0.01655977621173821,-3.0330040728335375,0.4875762854255856,0.07623362658733407,0.4861011802164045,-0.6598831310972946,-0.016560280595302797,-0.932280989346239,0.3617348468789231,0.00023970206506365545,0.4861453785375791,-0.6598968003337308,-0.01656004894946191,0.828634238526028,0.559790406082839,0.0
98,0.02450000000000002,0.04089484727830706,6.293924666614004e-05,0.06293924666614005,2.3746534165151054,136.05761857263712,1,1,scipy_slsqp_status_0: Optimization terminated successfully; exclusion_jacobian=magnet_position_jacobian; fresh_postvalidated_and_committed,30,0.006156687699453555,2144751.7645230237,5,4.239445435839078,0.00910515272169294,nan,0,0.21887587564027058,0.20994833807220392,0.008927537568066662,47,1,0.002395000908131092,-0.000156329763433459,1,nan,-0.791153857354133,-1.9238212733400184,-1.7944301611751656,-1.0762681350712069,1.5994017373744012,-2.0437398713405086,0.2728474815112675,-0.6095239483411161,-0.01652544309397669,-3.031323323875893,0.4866424025114072,0.0778050531551311,0.48630420490859055,-0.6597615808248016,-0.016560328912943595,-0.9298501297400911,0.36793841749813677,0.00023906338664450534,0.4863641858961687,-0.659780647851851,-0.01656004894946191,0.9248526817293933,0.3803255409487374,0.0
99,0.02475000000000002,0.0407049568530762,7.64726893830706e-05,0.0764726893830706,2.5096869947786824,143.79447269968958,1,1,scipy_slsqp_status_0: Optimization terminated successfully; exclusion_jacobian=magnet_position_jacobian; fresh_postvalidated_and_committed,30,0.009066228179122228,2235627.1032461612,5,4.23964522163253,0.009295043146923802,nan,0,0.21990416389245956,0.20994833807220392,0.009955825820255643,47,1,0.002517056033620159,-0.00018989042523086253,1,nan,-0.790716152976198,-1.9228664020960409,-1.795902830960531,-1.0778549585391586,1.6001127419333945,-2.043540085547056,0.27217405400061734,-0.6079445901556275,-0.01647090601278617,-3.029542379720423,0.48607981020505986,0.07976194651269022,0.4865298332898821,-0.659681792604477,-0.016560369517217816,-0.9277419673860862,0.37322216569627575,0.000238712329502082,0.48660258156245223,-0.6597053650098667,-0.01656004894946191,0.969054302365609,0.246847643429511,0.0
100,0.02500000000000002,0.04049390663268908,8.511717610534141e-05,0.08511717610534142,2.5937645653853716,148.61176264716605,1,1,scipy_slsqp_status_0: Optimization terminated successfully; exclusion_jacobian=magnet_position_jacobian; fresh_postvalidated_and_committed,42,0.011198503931025791,2292023.3755076574,5,4.239826416120022,0.009506093367310925,nan,0,0.22114932383970912,0.20994833807220392,0.011200985767505195,47,1,0.00258786874637282,-0.00021105022038712257,1,nan,-0.7904746028813691,-1.92186487668166,-1.7974487358104556,-1.0795416445584054,1.6007194560915035,-2.0433588910595644,0.2712794201441817,-0.6063901962643815,-0.016402584860684022,-3.0277157923001985,0.4857844255954599,0.08195737337160802,0.4867671049529915,-0.6596354108091195,-0.01656041553390497,-0.925982323048838,0.3775667896259354,0.00023827010362681807,0.48684806636440614,-0.6596616795956493,-0.01656004894946191,0.9871217819016702,0.15997058384362875,0.0
101,0.02525000000000002,0.0402732424438356,8.889771305902562e-05,0.08889771305902562,2.6620980802528047,152.52698464836442,1,1,scipy_slsqp_status_0: Optimization terminated successfully; exclusion_jacobian=magnet_position_jacobian; fresh_postvalidated_and_committed,28,0.01223318670984844,2381179.6318716495,5,4.2400096541767365,0.009726757556164402,nan,0,0.22247270159603674,0.20994833807220392,0.012524363523832821,47,1,0.002682461320127538,-0.00022066418885347688,1,nan,-0.7902520409794256,-1.9208183182072012,-1.799063958966777,-1.0812845090286107,1.6013282924419894,-2.04317565300285,0.2703235843464753,-0.6047901791770637,-0.016328826619483428,-3.0258310644397914,0.48551652512536314,0.08424698689264425,0.487011411118347,-0.6595998730106873,-0.016560421353236314,-0.9242736852324963,0.3817303989780796,0.00023933820547518859,0.48709577390641723,-0.6596279012944659,-0.01656004894946191,0.9961457085429791,0.08771389485940169,0.0
102,0.02550000000000002,0.0400433994007083,9.260398319965076e-05,0.09260398319965076,2.6934236017181994,154.321804819378,1,1,scipy_slsqp_status_0: Optimization terminated successfully; exclusion_jacobian=magnet_position_jacobian; fresh_postvalidated_and_committed,27,0.013266320236296666,2475253.5293531492,5,4.240175828936943,0.009956600599291703,nan,0,0.22387888429296077,0.20994833807220392,0.013930546220756845,47,1,0.002661875582483151,-0.00022984304312730075,1,nan,-0.7901380112599473,-1.9197712839161007,-1.800680618242489,-1.0830299707075055,1.6018653774406533,-2.043009478242644,0.2692756031376087,-0.6032446143967202,-0.016248904108411566,-3.0239734359577666,0.48539209999991445,0.0865982368118943,0.4872577465789194,-0.6595876457949648,-0.01656043868174068,-0.9228301779178739,0.3852069638985012,0.00024018360489651112,0.48734552606419823,-0.6596171433843133,-0.01656004894946191,0.9986097321103905,0.052712455211404045,0.0
103,0.02575000000000002,0.039810780975972786,9.375388082052743e-05,0.09375388082052744,2.722653705426729,155.99656639660645,1,1,scipy_slsqp_status_0: Optimization terminated successfully; exclusion_jacobian=magnet_position_jacobian; fresh_postvalidated_and_committed,27,0.013589956874704916,2569975.367004988,5,4.240347528138237,0.010189219024027217,nan,0,0.22525337605619167,0.20994833807220392,0.015305037983987746,47,1,0.0026664434699558977,-0.00023261842473551453,1,nan,-0.7899703814515661,-1.9187284888521525,-1.802292745188916,-1.084772994512137,1.602437944982333,-2.0428377790413492,0.26827399197024904,-0.6016748718489758,-0.016169785816048998,-3.022101454847605,0.48519503806811515,0.08891510812164179,0.4875065316410467,-0.6595773000016256,-0.016560452519396987,-0.9213800534165002,0.3886627574216212,0.0002411630759656847,0.48759532306162295,-0.659607395033313,-0.01656004894946191,0.9998047959209475,0.019757784629672544,0.0
104,0.02600000000000002,0.03957506300746579,9.501571256757187e-05,0.09501571256757187,2.7294242075776496,156.38448759503845,1,1,scipy_slsqp_status_0: Optimization terminated successfully; exclusion_jacobian=magnet_position_jacobian; fresh_postvalidated_and_committed,28,0.013953502217437474,2673893.4804347963,5,4.240514099209166,0.01042493699253421,nan,0,0.226639068724045,0.20994833807220392,0.016690730651841068,47,1,0.0026582695654010745,-0.00023571796850699323,1,nan,-0.7898140822224433,-1.9176881861864234,-1.8039018601383103,-1.0865113416388137,1.603004416889959,-2.0426712079704195,0.2672655380579478,-0.6001140616742422,-0.016088830406952304,-3.0202340601334665,0.4850096809937512,0.09122854248042224,0.4877554133032034,-0.6595766692355243,-0.016560431475144386,-0.9200406509884598,0.3918228441411643,0.00024359363751173918,0.487845323061623,-0.659607395033313,-0.01656004894946191,0.9999543385115583,0.009556196519114407,0.0
105,0.02625000000000002,0.03933852601360125,9.537540930891307e-05,0.09537540930891307,2.7355479071490607,156.73534973548638,1,1,scipy_slsqp_status_0: Optimization terminated successfully; exclusion_jacobian=magnet_position_jacobian; fresh_postvalidated_and_committed,27,0.014050530429773219,2797522.3634672156,5,4.240684459662777,0.010661473986398752,nan,0,0.22794667083842823,0.20994833807220392,0.017998332766224312,47,1,0.002611919553009283,-0.00023653699386454174,1,nan,-0.7895826157818056,-1.9166753665315188,-1.8054718110650432,-1.088208348654077,1.6036119874443253,-2.0425008475168087,0.26634607145032196,-0.5985503650542481,-0.016012110883449004,-3.0183855694221258,0.48472045544294823,0.09344268269705887,0.48800514141481843,-0.659576353577401,-0.01656045796697762,-0.9186902459453336,0.3949786986262126,0.00024420574538485984,0.48809532306162295,-0.659607395033313,-0.01656004894946191,1.0,0.0,0.0
106,0.02650000000000002,0.03910183004768849,9.546592487515646e-05,0.09546592487515647,2.732103570245247,156.53800376767668,1,1,scipy_slsqp_status_0: Optimization terminated successfully; exclusion_jacobian=magnet_position_jacobian; fresh_postvalidated_and_committed,29,0.01407103533816463,2897791.2616702877,5,4.240859002228385,0.010898169952311514,nan,0,0.22920225304694775,0.20994833807220392,0.019253914974743824,47,1,0.0026001127079134075,-0.00023669596591276154,1,nan,-0.7892854428414983,-1.915675718180831,-1.8070232977696539,-1.0898863963599312,1.6042597198794049,-2.0423263049512017,0.26549276104845665,-0.5969700634908153,-0.015937576429304656,-3.0165364552614005,0.4843404918764,0.09559336571152158,0.48825512284112615,-0.6595761297329066,-0.01656042845583696,-0.9173243592517368,0.3981406270531504,0.0002470083295625801,0.488345323061623,-0.659607395033313,-0.01656004894946191,1.0,0.0,0.0
107,0.02675000000000002,0.03886516698812595,9.547084306686345e-05,0.09547084306686345,2.7286427084958276,156.3397109959567,1,1,scipy_slsqp_status_0: Optimization terminated successfully; exclusion_jacobian=magnet_position_jacobian; fresh_postvalidated_and_committed,28,0.014068473857350699,3006490.206719097,5,4.241038549256281,0.011134833011874054,nan,0,0.23041067985414715,0.20994833807220392,0.020462341781943227,47,1,0.0025955690549354336,-0.00023666305956254047,1,nan,-0.7889236768291946,-1.9146876557294414,-1.8085606733079702,-1.0915479006788016,1.6049478182595582,-2.0421467579233057,0.26470180903850893,-0.5953704428452947,-0.015865841664938818,-3.014683035269051,0.4838726840361919,0.09768708765095735,0.4885051985362988,-0.6595758974732667,-0.016560443312399798,-0.9159409584200147,0.4013129690179042,0.00024816659653159124,0.48859532306162295,-0.659607395033313,-0.01656004894946191,1.0,0.0,0.0
108,0.02700000000000002,0.03862859526969683,9.546761861206141e-05,0.0954676186120614,2.7251783386642447,156.14121722593455,1,1,scipy_slsqp_status_0: Optimization terminated successfully; exclusion_jacobian=magnet_position_jacobian; fresh_postvalidated_and_committed,28,0.01405839718039819,3158244.697129837,5,4.241220544360793,0.011371404730303174,nan,0,0.23153776578009785,0.20994833807220392,0.021589427707893932,47,1,0.002549241970998849,-0.00023657171842911967,1,nan,-0.7884879609018903,-1.9137306608477909,-1.8100531965524727,-1.0931610324635157,1.6056758327138025,-2.0419647628187936,0.2640025823638672,-0.5937742091457717,-0.015798871682126014,-3.0128557546746255,0.48330264155561686,0.09967267692636021,0.48875526808273473,-0.6595757089528478,-0.016560448055520042,-0.9145451679010091,0.40448371228193697,0.0002497349358731747,0.488845323061623,-0.659607395033313,-0.01656004894946191,1.0,0.0,0.0
109,0.02725000000000002,0.038392132228763115,9.544224039056059e-05,0.0954422403905606,2.7216932615735425,155.9415370173596,1,1,scipy_slsqp_status_0: Optimization terminated successfully; exclusion_jacobian=magnet_position_jacobian; fresh_postvalidated_and_committed,28,0.014047331567870787,3239755.7510511633,5,4.24140662878047,0.011607867771236888,nan,0,0.23262280787622583,0.20994833807220392,0.022674469804021907,47,1,0.002554241167332131,-0.000236463040933714,1,nan,-0.787990220804527,-1.9127833757660486,-1.811533996709597,-1.094760963074848,1.6064451695922994,-2.0417786783991163,0.2633616973915013,-0.5921572412393084,-0.015734380791918412,-3.0110208492519717,0.4826476143272285,0.10160573170792435,0.4890053683701709,-0.659575501117818,-0.016560439962164306,-0.9131299596481462,0.40766850916089714,0.00025185612231384775,0.48909532306162296,-0.659607395033313,-0.01656004894946191,1.0,0.0,0.0
110,0.02750000000000002,0.038155763276420715,9.54162809843854e-05,0.0954162809843854,2.7182011216757207,155.74145213974515,1,1,scipy_slsqp_status_0: Optimization terminated successfully; exclusion_jacobian=magnet_position_jacobian; fresh_postvalidated_and_committed,25,0.014035483326765135,3395090.0110498206,5,4.241596375263551,0.011844236723579288,nan,0,0.23363439080033485,0.20994833807220392,0.02368605272813093,47,1,0.002515689612773863,-0.00023636895234240007,1,nan,-0.7874258372030981,-1.9118670393047719,-1.8129708835860467,-1.0963167495466677,1.607251006857843,-2.0415889319160345,0.2628046815820878,-0.59054482346154,-0.015674527522199277,-3.009209684381848,0.4819035921209639,0.1034404440705915,0.48925546082086907,-0.6595753187925506,-0.016560447875682404,-0.9117007589810665,0.41085479418121246,0.00025332126015597335,0.489345323061623,-0.659607395033313,-0.01656004894946191,1.0,0.0,0.0
111,0.02775000000000002,0.037919549317413814,9.539330889293075e-05,0.09539330889293075,2.714683413549416,155.53990231054902,1,1,scipy_slsqp_status_0: Optimization terminated successfully; exclusion_jacobian=magnet_position_jacobian; fresh_postvalidated_and_committed,27,0.01402050630468633,3441561.7048106077,5,4.241789678540324,0.012080450682586188,nan,0,0.23459119208477278,0.20994833807220392,0.024642854012568854,48,1,0.0025155259847241774,-0.00023621395900690068,1,nan,-0.7867900612605151,-1.9109654561642138,-1.8143892460851636,-1.0978484747479138,1.6080968835293927,-2.041395628639262,0.26231703510285564,-0.5889164056690918,-0.015618315334154809,-3.007402662392082,0.48106133794641676,0.10520993669533514,0.48950557999287314,-0.6595750547488843,-0.01656046246606505,-0.9102498536287451,0.41405934251685966,0.0002546435826839066,0.48959532306162296,-0.659607395033313,-0.01656004894946191,1.0,0.0,0.0
112,0.02800000000000002,0.03768345935099177,9.536510556516363e-05,0.09536510556516363,2.7111514854624543,155.3375377376224,1,1,scipy_slsqp_status_0: Optimization terminated successfully; exclusion_jacobian=magnet_position_jacobian; fresh_postvalidated_and_committed,28,0.014007114070755368,3571610.033039408,5,4.241985734601123,0.01231654064900823,nan,0,0.23548788180582222,0.20994833807220392,0.025539543733618303,48,1,0.0025022934732694875,-0.00023608996642204144,1,nan,-0.7860875164936005,-1.9100853808655913,-1.8157780418081513,-1.0993475080658164,1.608979537775548,-2.0411995725784635,0.26190251226743594,-0.5872823672940423,-0.015565959001750174,-3.0056093900016534,0.4801279419743363,0.10690156696840143,0.48975567894288874,-0.6595748640155085,-0.016560459091408453,-0.908781751113911,0.41727168959202815,0.00025672426416847497,0.489845323061623,-0.659607395033313,-0.01656004894946191,1.0,0.0,0.0
113,0.02825000000000002,0.03744741917910667,9.538091932139083e-05,0.09538091932139084,2.7076345191881153,155.13603041341293,1,1,scipy_slsqp_status_0: Optimization terminated successfully; exclusion_jacobian=magnet_position_jacobian; fresh_postvalidated_and_committed,36,0.0139974551908661,3685978.1983180526,5,4.242204264569781,0.012552580820893333,nan,0,0.2361863252849753,0.20994833807220392,0.026237987212771374,48,1,0.002343972090010721,-0.00023604017188510323,1,nan,-0.7851617146901598,-1.9093054633581377,-1.8170102084318174,-1.100739361995385,1.6097045050604157,-2.040981042609805,0.2616733960627737,-0.5857464344073443,-0.01550950795515127,-3.004097053094206,0.47891500991857955,0.10855883745769308,0.4900058511835062,-0.6595743463128761,-0.016560340281473435,-0.9073086030234829,0.42046525343270535,0.0002636955572886066,0.49009532306162296,-0.659607395033313,-0.01656004894946191,1.0,0.0,0.0
114,0.028500000000000022,0.03721172167140954,9.539385621321547e-05,0.09539385621321547,2.7040541808864926,154.9308921395009,1,1,scipy_slsqp_status_0: Optimization terminated successfully; exclusion_jacobian=magnet_position_jacobian; fresh_postvalidated_and_committed,32,0.013977292839244196,3794989.810577283,5,4.242419138015038,0.01278827832859046,nan,0,0.23700214610690037,0.20994833807220392,0.027053808034696453,48,1,0.0025170368681158768,-0.00023569750769712738,1,nan,-0.7843409233148801,-1.908454045855388,-1.8183662825328293,-1.1022033744290116,1.6106576180542458,-2.040766169164549,0.26137251560609376,-0.5840818903630148,-0.015464094320109423,-3.0023004705927248,0.4778399851175256,0.11015037603314567,0.4902557999748268,-0.659574449461459,-0.016560489436612837,-0.905797382784632,0.4237110266086255,0.00025936610365317103,0.490345323061623,-0.659607395033313,-0.01656004894946191,1.0,0.0,0.0
115,0.028750000000000022,0.03697594787663553,9.530308137556736e-05,0.09530308137556735,2.7004639673139046,154.72518805424102,1,1,scipy_slsqp_status_0: Optimization terminated successfully; exclusion_jacobian=magnet_position_jacobian; fresh_postvalidated_and_committed,31,0.013974307592522741,3953639.72465808,5,4.242629936487296,0.013024052123364473,nan,0,0.2377245485007862,0.20994833807220392,0.027776210428582276,48,1,0.0024790722160198684,-0.0002357737947740121,1,nan,-0.7834469460483013,-1.9076366943088205,-1.819670004229454,-1.1035930217420764,1.6116592638177474,-2.04055537069229,0.26117540277164875,-0.5824313466545572,-0.015425312566881733,-3.000544227813524,0.47665785303036545,0.11159153112695265,0.49050597406207563,-0.6595742400468891,-0.016560473772723655,-0.9042703349971507,0.4269602938706067,0.00026211078952924615,0.49059532306162296,-0.659607395033313,-0.01656004894946191,1.0,0.0,0.0
116,0.029000000000000022,0.03674041660499863,9.525263812654576e-05,0.09525263812654576,2.696832431891814,154.51711640140297,1,1,scipy_slsqp_status_0: Optimization terminated successfully; exclusion_jacobian=magnet_position_jacobian; fresh_postvalidated_and_committed,29,0.01395004156573571,4013724.128178803,5,4.24283752836098,0.01325958339500137,nan,0,0.2384011405168184,0.20994833807220392,0.028452802444614483,48,1,0.0024864664004457626,-0.00023553127163689763,1,nan,-0.7824878571711079,-1.9068394366969734,-1.8209475292391566,-1.1049662213573783,1.612691834525564,-2.0403477788186066,0.2610401390627307,-0.580771496954243,-0.015389393044865696,-2.998795798781208,0.4753780932457995,0.11298341888788523,0.49075612294195325,-0.6595739847337658,-0.016560443417636118,-0.9027138539075896,0.4302413595773072,0.00026546633927968937,0.490845323061623,-0.659607395033313,-0.01656004894946191,1.0,0.0,0.0
117,0.029250000000000023,0.03650505238254231,9.524258049322462e-05,0.09524258049322462,2.693197759243613,154.3088649987494,1,1,scipy_slsqp_status_0: Optimization terminated successfully; exclusion_jacobian=magnet_position_jacobian; fresh_postvalidated_and_committed,37,0.013929231824000179,4122885.281945245,5,4.243000106311145,0.01349494761745769,nan,0,0.23890419533378532,0.20994833807220392,0.028955857261581397,48,1,0.0023474358102296574,-0.00023536422245631905,1,nan,-0.7814243823592708,-1.9061759271968988,-1.8220341972229683,-1.1062670542174324,1.6137115336597843,-2.0401852008684416,0.26106579491144816,-0.5792053788720107,-0.015362409353866124,-2.9971753954125626,0.4738879126335455,0.11423674360023184,0.491006191488669,-0.6595738331346124,-0.016560606441494177,-0.9011441077513354,0.4335195834373467,0.0002604637390148356,0.49109532306162296,-0.659607395033313,-0.01656004894946191,1.0,0.0,0.0
118,0.029500000000000023,0.036269715244985824,9.510108655302031e-05,0.09510108655302031,2.6895346407984775,154.09898377198664,1,1,scipy_slsqp_status_0: Optimization terminated successfully; exclusion_jacobian=magnet_position_jacobian; fresh_postvalidated_and_committed,35,0.013915870390553914,4196435.471296848,5,4.243112426122481,0.013730284755014178,nan,0,0.2393678618052961,0.20994833807220392,0.029419523733092173,48,1,0.002368307445058909,-0.00023533713755648916,1,nan,-0.7803088397411925,-1.9054690607061675,-1.8231740217815218,-1.1074534850091857,1.6147817442922923,-2.0400728810571054,0.2611462385446537,-0.5776309558044214,-0.015342025960707828,-2.9956046974761796,0.47225374161936917,0.11531925788218622,0.4912564157868995,-0.6595736379857418,-0.016560467164811802,-0.899550031467942,0.4368176606454872,0.0002687642622217143,0.491345323061623,-0.659607395033313,-0.01656004894946191,1.0,0.0,0.0
119,0.029750000000000023,0.03603467330922277,9.505515811431609e-05,0.09505515811431609,2.685831756018178,153.88682410205226,1,1,scipy_slsqp_status_0: Optimization terminated successfully; exclusion_jacobian=magnet_position_jacobian; fresh_postvalidated_and_committed,32,0.013891677070185586,4338119.427722486,5,4.243374799252366,0.013965326690777234,nan,0,0.23987078484286467,0.20994833807220392,0.02992244677066075,48,1,0.002470006331132032,-0.00023504193576305565,1,nan,-0.7791549472371447,-1.9047362722289722,-1.8243654311582032,-1.1086843302339462,1.6158904410421653,-2.0398105079272204,0.2612266564960525,-0.5759718516748531,-0.015320657937684057,-2.993939511004573,0.4707864866874291,0.11646932500714849,0.49150650570076654,-0.6595735320794373,-0.0165605587037625,-0.8979263823725493,0.4401455903045466,0.0002667860731056367,0.49159532306162296,-0.659607395033313,-0.01656004894946191,1.0,0.0,0.0
120,0.030000000000000023,0.03579984755388506,9.50397152155378e-05,0.0950397152155378,2.6820844616897386,153.67211995243935,1,1,scipy_slsqp_status_0: Optimization terminated successfully; exclusion_jacobian=magnet_position_jacobian; fresh_postvalidated_and_committed,35,0.013872476855840943,4438463.524260914,5,4.243611227002948,0.014200152446114944,nan,0,0.24031587985742822,0.20994833807220392,0.0303675417852243,48,1,0.0024737011207783947,-0.00023482575533771005,1,nan,-0.7779545640304806,-1.9040388186747512,-1.8255073989266641,-1.1098909241531765,1.6170634621760034,-2.039574080176638,0.2613799374602803,-0.574313271800405,-0.015304948508553462,-2.9922652665416054,0.46921598692441624,0.11751862539309423,0.4917566383532114,-0.659573228507661,-0.016560516375463907,-0.896270726425245,0.4435072847085675,0.0002708571527887476,0.491845323061623,-0.659607395033313,-0.01656004894946191,1.0,0.0,0.0
121,0.030250000000000023,0.035565336059403936,9.515723612050474e-05,0.09515723612050474,2.6783076097810103,153.4557222782233,1,1,scipy_slsqp_status_0: Optimization terminated successfully; exclusion_jacobian=magnet_position_jacobian; fresh_postvalidated_and_committed,30,0.013856541696640438,4530442.456392144,5,4.243785933828464,0.014434663940596067,nan,0,0.2407067235484422,0.20994833807220392,0.03075838547623827,48,1,0.002481684459925325,-0.00023451149448112246,1,nan,-0.7766604208030355,-1.9033632761760295,-1.8266149342752647,-1.1110798072025276,1.6182283628024938,-2.0393993733511224,0.2615992130808057,-0.5726642752304426,-0.0152890935493738,-2.9906531369300176,0.4674197642377361,0.1185444415147501,0.49200661270695467,-0.6595729667951213,-0.01656031158178733,-0.8945892762916913,0.44688918892124424,0.0002820801672108462,0.49209532306162296,-0.659607395033313,-0.01656004894946191,1.0,0.0,0.0
122,0.030500000000000024,0.03533081656609894,9.50867360905509e-05,0.0950867360905509,2.674478775013207,153.23634620557522,1,1,scipy_slsqp_status_0: Optimization terminated successfully; exclusion_jacobian=magnet_position_jacobian; fresh_postvalidated_and_committed,39,0.013851312454006783,4683221.939072538,5,4.243980698274458,0.014669183433901063,nan,0,0.24103688166109147,0.20994833807220392,0.031088543588887546,48,1,0.0024831491373494326,-0.00023451949330499655,1,nan,-0.7753357398466728,-1.9027227113745566,-1.827682936027368,-1.1122074198449559,1.6194736963056164,-2.039204608905128,0.26189610818278086,-0.571013566537725,-0.015285909218783644,-2.989022673945673,0.46561488095349196,0.1194246654875957,0.49225692567397467,-0.6595723625100277,-0.01656038293983901,-0.8928716579471166,0.4503111407896911,0.0002809189462609086,0.492345323061623,-0.659607395033313,-0.01656004894946191,1.0,0.0,0.0
123,0.030750000000000024,0.03509638576290951,9.490944822158624e-05,0.09490944822158624,2.670653156405138,153.01715440530614,1,1,scipy_slsqp_status_0: Optimization terminated successfully; exclusion_jacobian=magnet_position_jacobian; fresh_postvalidated_and_committed,47,0.013831473431635892,4744657.1641888805,5,4.244174564718226,0.014903614237090496,nan,0,0.24136752588804156,0.20994833807220392,0.031419187815837635,48,1,0.0025397147584618083,-0.00023443080318943238,1,nan,-0.773934268870234,-1.9020819566707765,-1.8287576069663778,-1.1133660863173414,1.6207148464765186,-2.03901074246136,0.26221758642579596,-0.56933090393279,-0.015280415863093588,-2.987391786666692,0.4636970614148433,0.12036424845014371,0.4925069546923825,-0.6595727737794846,-0.016560500018034295,-0.8911424093942822,0.4537236261553946,0.00027793408089720243,0.49259532306162296,-0.659607395033313,-0.01656004894946191,1.0,0.0,0.0
124,0.031000000000000024,0.034862256466548475,9.490089411882343e-05,0.09490089411882344,2.6667933648125217,152.79600463724915,1,1,scipy_slsqp_status_0: Optimization terminated successfully; exclusion_jacobian=magnet_position_jacobian; fresh_postvalidated_and_committed,30,0.013804667559934987,4900529.840845337,5,4.24439967252251,0.015137743533451528,nan,0,0.2416116006480907,0.20994833807220392,0.03166326257588678,48,1,0.0025181622169972323,-0.00023412929636103252,1,nan,-0.7724870666398151,-1.90148327266315,-1.8297676927413498,-1.114440189937806,1.622004683183451,-2.038785634657076,0.2626358823537248,-0.5676711982581745,-0.015282336679772413,-2.9857949181648125,0.46176815675493643,0.12114042494452536,0.4927571958768596,-0.659572186436563,-0.01656041463393301,-0.8893844966689095,0.4571598586884804,0.00028405795023032096,0.492845323061623,-0.659607395033313,-0.01656004894946191,1.0,0.0,0.0
125,0.03125000000000002,0.034628342037029594,9.486328977521636e-05,0.09486328977521635,2.662875027561863,152.57150045007754,1,1,scipy_slsqp_status_0: Optimization terminated successfully; exclusion_jacobian=magnet_position_jacobian; fresh_postvalidated_and_committed,27,0.013784184162042646,4962605.35731557,5,4.244625235725934,0.015371657962970409,nan,0,0.2418041812781427,0.20994833807220392,0.03185584320593879,48,1,0.002530787345779548,-0.00023391442951888053,1,nan,-0.7709825130384664,-1.9009117294477336,-1.8307429890046987,-1.115472491113883,1.6233263541428682,-2.0385600714536523,0.2631219493785878,-0.5660138588613748,-0.015290289892329723,-2.9842181524121694,0.45976169922292187,0.12183702380733984,0.4930073204009241,-0.6595719766309955,-0.01656038396315716,-0.8875863668886016,0.46064124709630944,0.0002877273876737096,0.49309532306162296,-0.659607395033313,-0.01656004894946191,1.0,0.0,0.0
126,0.03150000000000002,0.03439462743430276,9.482668613510722e-05,0.09482668613510721,2.658920221540212,152.344906756244,1,1,scipy_slsqp_status_0: Optimization terminated successfully; exclusion_jacobian=magnet_position_jacobian; fresh_postvalidated_and_committed,28,0.013764935621991645,5052722.135973513,5,4.244851235090655,0.015605372565697245,nan,0,0.24194311926572498,0.20994833807220392,0.03199478119352106,48,1,0.002540762488062958,-0.00023371460272683664,1,nan,-0.7694213311396721,-1.900368841893915,-1.831679192668494,-1.116460469814557,1.624675354987045,-2.0383340720889307,0.2636767613014165,-0.5643632779152292,-0.015303539872058125,-2.982667941581556,0.45767916649703294,0.12245199063091905,0.49325743904148844,-0.6595717802456841,-0.01656034273595582,-0.8857576833701178,0.46414786560658416,0.0002918966506145137,0.493345323061623,-0.659607395033313,-0.01656004894946191,1.0,0.0,0.0
127,0.03175000000000002,0.034161118399408205,9.477749114930816e-05,0.09477749114930815,2.6549159204595556,152.11547720442272,1,1,scipy_slsqp_status_0: Optimization terminated successfully; exclusion_jacobian=magnet_position_jacobian; fresh_postvalidated_and_committed,36,0.013745063925502968,5125433.371073452,5,4.245080676093392,0.015838881600591798,nan,0,0.24204282984472322,0.20994833807220392,0.0320944917725193,48,1,0.0025704468177554073,-0.00023350903489455233,1,nan,-0.7678057241252362,-1.8998480646907847,-1.8325874605274663,-1.1174216489358115,1.62606256187212,-2.0381046310861946,0.264291445412967,-0.5627049107909076,-0.01532141679834409,-2.9811205322864116,0.4555269897463866,0.1230026965118329,0.49350760837544316,-0.6595714943923412,-0.0165602739711283,-0.8838919988706134,0.4676909726634458,0.0002973577505109063,0.49359532306162296,-0.659607395033313,-0.01656004894946191,1.0,0.0,0.0
128,0.03200000000000002,0.033927805468230036,9.473034924415616e-05,0.09473034924415616,2.6508819328291575,151.8843467385929,1,1,scipy_slsqp_status_0: Optimization terminated successfully; exclusion_jacobian=magnet_position_jacobian; fresh_postvalidated_and_committed,27,0.01372381932461623,5266996.841363826,5,4.2453060562286415,0.016072194531769966,nan,0,0.2420610122224374,0.20994833807220392,0.03211267415023347,48,1,0.002548482966041702,-0.0002333129311781687,1,nan,-0.7661344822847865,-1.8993760252652059,-1.8334289197218567,-1.1183011072553863,1.6274577673059454,-2.0378792509509447,0.2649925896005762,-0.561084355518396,-0.01534834341459873,-2.9796431090332907,0.45329616261933886,0.12343486323050681,0.49375774919109944,-0.6595712764867877,-0.01656037585364388,-0.8819981522053231,0.47125276909369784,0.000295174385534743,0.493845323061623,-0.659607395033313,-0.01656004894946191,1.0,0.0,0.0
129,0.03225000000000002,0.03369471118443912,9.466731714856767e-05,0.09466731714856767,2.6467969302161682,151.6502933295687,1,1,scipy_slsqp_status_0: Optimization terminated successfully; exclusion_jacobian=magnet_position_jacobian; fresh_postvalidated_and_committed,28,0.013702095945273256,5330927.247546119,5,4.245530644947246,0.016305288815560884,nan,0,0.24204710647126484,0.20994833807220392,0.03209876839906092,48,1,0.002585991881645783,-0.0002330942837909175,1,nan,-0.7644066914729533,-1.8989212839157381,-1.8342473844455602,-1.1191605963952802,1.628884742095316,-2.03765466223234,0.26574788354774603,-0.559453547108874,-0.01537817865301977,-2.9781700484654836,0.45098592642589613,0.12381744410750004,0.49400791065781435,-0.6595710512289308,-0.016560365934533156,-0.8800657293385916,0.47485179077525647,0.00029806251866936227,0.49409532306162296,-0.659607395033313,-0.01656004894946191,1.0,0.0,0.0
130,0.03250000000000002,0.03346180634479471,9.456680682927863e-05,0.09456680682927864,2.6426649494821364,151.41354827247932,1,1,scipy_slsqp_status_0: Optimization terminated successfully; exclusion_jacobian=magnet_position_jacobian; fresh_postvalidated_and_committed,32,0.013678773689525695,5402558.008099252,5,4.245772029682117,0.016538193655205292,nan,0,0.241983467850644,0.20994833807220392,0.032035129778440086,48,1,0.0026038824464134154,-0.0002329048396444086,1,nan,-0.7626287615312836,-1.8984958412105795,-1.8350252591723444,-1.1199736272919438,1.630338630846959,-2.037413277497469,0.2665698437482647,-0.557829027937807,-0.015413087620745558,-2.976719942213868,0.4486337851501595,0.12411738004372126,0.49425812198998753,-0.6595708055817144,-0.01656030603160861,-0.8780961432973091,0.4784841388772556,0.0003032643777499115,0.494345323061623,-0.659607395033313,-0.01656004894946191,1.0,0.0,0.0
131,0.03275000000000002,0.033229221950551384,9.45402542378891e-05,0.0945402542378891,2.638482466296628,151.17390963806528,1,1,scipy_slsqp_status_0: Optimization terminated successfully; exclusion_jacobian=magnet_position_jacobian; fresh_postvalidated_and_committed,35,0.01365178050896901,5489016.265618681,5,4.245997204445828,0.01677077804944862,nan,0,0.2418886482416699,0.20994833807220392,0.03194031016946597,48,1,0.002641552753933213,-0.00023258439424332644,1,nan,-0.7608013277328982,-1.8980854124581337,-1.835787386630587,-1.120750554150893,1.6318335146626852,-2.0371881027337575,0.26744537562990733,-0.5561963388649095,-0.015454532148191424,-2.9752744319983875,0.44619014638449955,0.1243443626090656,0.49450824502024376,-0.6595705817524201,-0.016560287131805893,-0.8760872165352406,0.4821525640237783,0.0003066412086283672,0.49459532306162296,-0.659607395033313,-0.01656004894946191,1.0,0.0,0.0
132,0.03300000000000002,0.032996827443746934,9.446797983007976e-05,0.09446797983007976,2.634246815158498,150.93122470436063,1,1,scipy_slsqp_status_0: Optimization terminated successfully; exclusion_jacobian=magnet_position_jacobian; fresh_postvalidated_and_committed,29,0.013630656737731079,5543948.402762005,5,4.246223802971186,0.01700317255625307,nan,0,0.24173751136324273,0.20994833807220392,0.03178917329103881,48,1,0.0026552328341626357,-0.00023239450680444945,1,nan,-0.7589129307656893,-1.897713272797806,-1.8364986747697198,-1.1214797684533602,1.6333357460575026,-2.0369615042084,0.26839122250426106,-0.5545801638837171,-0.015501901709983723,-2.973873932566546,0.44366585758593136,0.12450339244603177,0.4947584676343423,-0.6595702435088271,-0.016560362307778752,-0.8740371333571986,0.48585902900281164,0.00030569457933199835,0.494845323061623,-0.659607395033313,-0.01656004894946191,1.0,0.0,0.0
133,0.03325000000000002,0.03276471136435988,9.442600131021418e-05,0.09442600131021418,2.6299693612033046,150.6861446456665,1,1,scipy_slsqp_status_0: Optimization terminated successfully; exclusion_jacobian=magnet_position_jacobian; fresh_postvalidated_and_committed,27,0.01360513115928502,5604274.208541426,5,4.2464497530301655,0.017235288635640125,nan,0,0.241541182564683,0.20994833807220392,0.031592844492479066,48,1,0.002676144076311236,-0.00023211607938705692,1,nan,-0.7569758124698611,-1.8973668495552753,-1.8371711664387373,-1.122163614074891,1.6348583646748984,-2.0367355541494208,0.2693987414091381,-0.5529737946130452,-0.015552946871642659,-2.9725039426641375,0.44107560906250765,0.124583761220584,0.49500858264402675,-0.65957008126974,-0.016560278572397554,-0.8719509037109107,0.4895932230634902,0.00031216666996277233,0.49509532306162296,-0.659607395033313,-0.01656004894946191,1.0,0.0,0.0
134,0.03350000000000002,0.03253281875778531,9.436722801195971e-05,0.09436722801195971,2.6256404899539976,150.43811859302568,1,1,scipy_slsqp_status_0: Optimization terminated successfully; exclusion_jacobian=magnet_position_jacobian; fresh_postvalidated_and_committed,29,0.013582724621344475,5732807.755971006,5,4.246673960409897,0.01746718124221469,nan,0,0.24129220033105359,0.20994833807220392,0.031343862258849664,48,1,0.0026962321339646786,-0.00023189260657456578,1,nan,-0.754987090760566,-1.8970563794013122,-1.8377971118020264,-1.1227945255555187,1.636400485332747,-2.0365113467696894,0.27047455053551417,-0.5513816841357579,-0.015611365403311928,-2.971168909812649,0.43841357956392124,0.12458049948117646,0.49525875857422874,-0.6595698223104834,-0.016560280776995825,-0.8698233540858694,0.49336318633487614,0.0003147321189035761,0.495345323061623,-0.659607395033313,-0.01656004894946191,1.0,0.0,0.0
135,0.03375000000000002,0.03230119192553185,9.430075956473476e-05,0.09430075956473476,2.621253384024094,150.1867559389654,1,1,scipy_slsqp_status_0: Optimization terminated successfully; exclusion_jacobian=magnet_position_jacobian; fresh_postvalidated_and_committed,29,0.013556325447716113,5819657.803396046,5,4.2468963850636126,0.01769880807446815,nan,0,0.24099880130616946,0.20994833807220392,0.031050463233965542,48,1,0.002718566780003438,-0.00023162683225345926,1,nan,-0.7529506054193836,-1.8967748983374961,-1.838382084727891,-1.1233791987489727,1.6379595210634093,-2.036288922115974,0.2716112601404891,-0.5498012462249793,-0.015674538004318617,-2.9698662402622302,0.4356850394928964,0.12450215554749745,0.4955089314321793,-0.6595695917574658,-0.0165602277000396,-0.8676505534276544,0.49717443096754027,0.00031988871159297275,0.49559532306162296,-0.659607395033313,-0.01656004894946191,1.0,0.0,0.0
136,0.03400000000000002,0.032069795331428536,9.419903055930072e-05,0.09419903055930072,2.6168073126904696,149.93201481613463,1,1,scipy_slsqp_status_0: Optimization terminated successfully; exclusion_jacobian=magnet_position_jacobian; fresh_postvalidated_and_committed,30,0.013529846567514308,5892104.812442768,5,4.247119441881402,0.017930204668571467,nan,0,0.24065507531307104,0.20994833807220392,0.030706737240867116,48,1,0.0027390928628419704,-0.00023139659410331692,1,nan,-0.7508675140564762,-1.8965271204080312,-1.8389211827867442,-1.1239077588187123,1.639535023959115,-2.036065865298184,0.2728135766633488,-0.5482372340489665,-0.015744240544703914,-2.968601428833214,0.43289551129206244,0.12433722710530709,0.4957591762326278,-0.6595692878009743,-0.016560190568206495,-0.8654315116185184,0.5010271384695021,0.0003243682300567838,0.495845323061623,-0.659607395033313,-0.01656004894946191,1.0,0.0,0.0
137,0.034250000000000023,0.03183871282061292,9.414206671299238e-05,0.09414206671299238,2.6123085861626016,149.67425677290424,1,1,scipy_slsqp_status_0: Optimization terminated successfully; exclusion_jacobian=magnet_position_jacobian; fresh_postvalidated_and_committed,28,0.013499898059974863,5880641.189933018,5,4.247336822374109,0.01816128717938708,nan,0,0.24025692569438684,0.20994833807220392,0.030308587622182914,48,1,0.002752268951518146,-0.00023108251081561254,1,nan,-0.7487428334477002,-1.8963185062617813,-1.8394053153077548,-1.1243774199701568,1.6411208917519908,-2.0358484848054768,0.27408184053469314,-0.5466986369259292,-0.01582037121076474,-2.9673827443885954,0.43004304192989773,0.12408229037503583,0.4960093644037407,-0.6595690045790055,-0.01656015324777244,-0.8631687771495031,0.5049153928924229,0.0003288989533830065,0.49609532306162296,-0.659607395033313,-0.01656004894946191,1.0,0.0,0.0
138,0.034500000000000024,0.031607907299269135,9.407238240884972e-05,0.09407238240884971,2.6077497155822087,149.41305272930137,1,1,scipy_slsqp_status_0: Optimization terminated successfully; exclusion_jacobian=magnet_position_jacobian; fresh_postvalidated_and_committed,29,0.01347314494982821,5924787.03048418,5,4.247553024395225,0.018392092700730868,nan,0,0.23982613487039386,0.20994833807220392,0.029877796798189943,48,1,0.002789227986537119,-0.00023080552134378818,1,nan,-0.7465688109249069,-1.8961366102503967,-1.8398583581263759,-1.1248093097734193,1.642727693781088,-2.0356322827843605,0.275404928219559,-0.5451610160122283,-0.01590308740064239,-2.966182426474694,0.4271214289252463,0.12376890952901565,0.49625954537525274,-0.6595687715457385,-0.016560215864478492,-0.8608579709715121,0.5088452081003098,0.00032864595500569125,0.496345323061623,-0.659607395033313,-0.01656004894946191,1.0,0.0,0.0
139,0.034750000000000024,0.03137739162159604,9.399406241625963e-05,0.09399406241625963,2.6031246382813733,149.14805532004175,1,1,scipy_slsqp_status_0: Optimization terminated successfully; exclusion_jacobian=magnet_position_jacobian; fresh_postvalidated_and_committed,28,0.01344481094041256,5991059.152893157,5,4.247767972651847,0.01862260837840396,nan,0,0.2393627998295125,0.20994833807220392,0.02941446175730858,48,1,0.0028289391754076744,-0.00023051567767309183,1,nan,-0.7443450415361788,-1.8959792502445667,-1.8402797091277914,-1.1252039305150467,1.6443566564704508,-2.0354173345277395,0.27678381781414946,-0.5436239065262373,-0.015990902635837856,-2.965000637433112,0.4241299550559339,0.12339348189662303,0.4965097504181841,-0.6595685084248336,-0.016560244257863923,-0.8584953230132103,0.5128212860551239,0.0003300503181550805,0.49659532306162296,-0.659607395033313,-0.01656004894946191,1.0,0.0,0.0
140,0.035000000000000024,0.031147162847577046,9.392084907822515e-05,0.09392084907822515,2.598442941819039,148.87981387178866,1,1,scipy_slsqp_status_0: Optimization terminated successfully; exclusion_jacobian=magnet_position_jacobian; fresh_postvalidated_and_committed,28,0.01341519297700233,6031003.296640783,5,4.247977462853489,0.018852837152422957,nan,0,0.2388310876940499,0.20994833807220392,0.028882749621845977,48,1,0.002828877421417145,-0.0002302287740189972,1,nan,-0.742090207217718,-1.8958686224999552,-1.8406286102359237,-1.1255189575295093,1.645981824466732,-2.0352078443260972,0.27823443131113307,-0.5421333185286643,-0.016084483031759467,-2.9638911901901457,0.42109171197429934,0.12290257202184356,0.49675996372073356,-0.6595682172347935,-0.01656014338284314,-0.8560850493317236,0.5168348616024684,0.0003378506441700605,0.496845323061623,-0.659607395033313,-0.01656004894946191,1.0,0.0,0.0
141,0.035250000000000024,0.030917245258660374,9.384470069517512e-05,0.09384470069517512,2.593694621048304,148.60775513185123,1,1,scipy_slsqp_status_0: Optimization terminated successfully; exclusion_jacobian=magnet_position_jacobian; fresh_postvalidated_and_committed,30,0.013385395517549373,6065294.659534202,5,4.248180197305038,0.01908275474133963,nan,0,0.23826897251647908,0.20994833807220392,0.028320634444275156,48,1,0.0028686306327308938,-0.000229917588916672,1,nan,-0.7397897082649272,-1.8957847332878437,-1.8409466613400873,-1.1257932491923346,1.6476287049105838,-2.0350051098745485,0.2797386265923616,-0.5406448410360246,-0.016185231279577827,-2.9627999637428664,0.41798094703918565,0.12234861981060395,0.4970101673389996,-0.6595679574371778,-0.01656013119383042,-0.8536213094567884,0.5208939849048065,0.00034136676634461083,0.49709532306162296,-0.659607395033313,-0.01656004894946191,1.0,0.0,0.0
142,0.035500000000000025,0.030687651881139637,9.37784088168532e-05,0.09377840881685319,2.58888469492146,148.33216666501337,1,1,scipy_slsqp_status_0: Optimization terminated successfully; exclusion_jacobian=magnet_position_jacobian; fresh_postvalidated_and_committed,29,0.013354785710329546,6135371.948292092,5,4.248379964058398,0.019312348118860366,nan,0,0.23766601778717195,0.20994833807220392,0.027717679714968024,48,1,0.0028960144238531567,-0.00022959337752073705,1,nan,-0.7374479367846943,-1.8957332480634588,-1.8412182589795492,-1.1260189229872934,1.6492827165350783,-2.034805343121188,0.28130045813388393,-0.539173624255902,-0.01629069540803446,-2.9617473343080354,0.4148101156599779,0.12172283837795374,0.4972603205664296,-0.6595677848616678,-0.01656004038469807,-0.8511059825806142,0.524993794924012,0.00034886497657748717,0.497345323061623,-0.659607395033313,-0.01656004894946191,1.0,0.0,0.0
143,0.035750000000000025,0.030458357109740725,9.369538534876958e-05,0.09369538534876957,2.5840020007358073,148.0524088955224,1,1,scipy_slsqp_status_0: Optimization terminated successfully; exclusion_jacobian=magnet_position_jacobian; fresh_postvalidated_and_committed,28,0.013324376315919048,6215120.530678315,5,4.248577380332742,0.019541642890259277,nan,0,0.2370083118483807,0.20994833807220392,0.027059973776176777,48,1,0.002912835161325075,-0.00022929477139891144,1,nan,-0.7350728206221191,-1.895725333662475,-1.8414296684820155,-1.1261750456873074,1.6509365991769287,-2.034607926846844,0.2829269058396469,-0.5377360034302172,-0.01640394027067843,-2.9607510165320767,0.4115920859884965,0.12100216919558478,0.49751055972203895,-0.6595674701081053,-0.016560005991548638,-0.8485324625880276,0.529143208298808,0.00035361779070229555,0.49759532306162296,-0.659607395033313,-0.01656004894946191,1.0,0.0,0.0
144,0.036000000000000025,0.030229392393580985,9.360798974105299e-05,0.09360798974105299,2.579049777561419,147.76866740842308,1,1,scipy_slsqp_status_0: Optimization terminated successfully; exclusion_jacobian=magnet_position_jacobian; fresh_postvalidated_and_committed,29,0.013291925393077454,6329959.602451167,5,4.248772161525579,0.019770607606419018,nan,0,0.23631449679652006,0.20994833807220392,0.026366158724316135,48,1,0.0029457371495157795,-0.0002289647161597408,1,nan,-0.7326570400836923,-1.8957493803874461,-1.841598600491903,-1.1262835311002508,1.6525986902326006,-2.0344131456540073,0.2846086288212442,-0.5363121287548478,-0.01652314008938438,-2.959788561403241,0.4083145852564492,0.12021417456587169,0.49776078574360844,-0.6595671968763401,-0.016559972908344194,-0.8459016325529582,0.5333388225216238,0.0003583789725249875,0.497845323061623,-0.659607395033313,-0.01656004894946191,1.0,0.0,0.0
145,0.036250000000000025,0.030000785187396566,9.351766758534732e-05,0.09351766758534732,2.5740050816304434,147.47962762265135,1,1,scipy_slsqp_status_0: Optimization terminated successfully; exclusion_jacobian=magnet_position_jacobian; fresh_postvalidated_and_committed,28,0.01326356046789953,6255717.712560985,5,4.2491087738094055,0.019999214812603437,nan,0,0.23562582527892564,0.20994833807220392,0.025677487206721722,48,1,0.0030988906349278793,-0.00022860720618441896,1,nan,-0.7298841494733668,-1.8957933190237337,-1.8416599985530804,-1.1266831724194972,1.6538775488999542,-2.0340765333701807,0.28632515874757103,-0.5348581995966282,-0.016566991180568702,-2.9590636989012693,0.4047187356990699,0.12007217960038691,0.49801106030370684,-0.6595668771159039,-0.016558141032325006,-0.8432003475352715,0.5375992619804973,0.000455449692010188,0.49809532306162296,-0.659607395033313,-0.01656004894946191,1.0,0.0,0.0
146,0.036500000000000025,0.029772613195012038,9.350994210295426e-05,0.09350994210295425,2.5688828470536977,147.18614519972783,1,1,scipy_slsqp_status_0: Optimization terminated successfully; exclusion_jacobian=magnet_position_jacobian; fresh_postvalidated_and_committed,22,0.013240960943209779,6179179.474241357,5,4.249571751150704,0.020227386804987965,nan,0,0.2349384079911694,0.20994833807220392,0.02499006991896549,48,1,0.0033329952686650508,-0.00022817199238452796,1,nan,-0.7267841186712873,-1.8958950015451759,-1.8416205107794879,-1.1273197490268714,1.6548087793075656,-2.033613556028882,0.28807883528185496,-0.5333802190077621,-0.01656699075631035,-2.958549938410472,0.40082600377930944,0.12052736466273913,0.49826118628548083,-0.6595667506016505,-0.01655642371190661,-0.8404355874399421,0.541911176256975,0.0005480987695712368,0.498345323061623,-0.659607395033313,-0.01656004894946191,1.0,0.0,0.0
147,0.036750000000000026,0.02954479009889312,9.345779247122033e-05,0.09345779247122032,2.56366811202129,146.88736289109187,1,1,scipy_slsqp_status_0: Optimization terminated successfully; exclusion_jacobian=magnet_position_jacobian; fresh_postvalidated_and_committed,24,0.013216264639098146,6284160.659208109,5,4.250078411867992,0.020455209901106882,nan,0,0.23422451289620674,0.20994833807220392,0.024276174824002822,48,1,0.0034640936085951995,-0.0002278230961189169,1,nan,-0.7235299414904421,-1.896059155722818,-1.8415128380663108,-1.1279993589158133,1.655616962896848,-2.0331068953115934,0.2898884188184613,-0.5319025197345967,-0.01656699113030541,-2.958136165348275,0.39677239894355115,0.12116335435819739,0.49851141784048303,-0.6595664688874608,-0.01655565310770634,-0.8375982484565284,0.5462863926072961,0.0005928192498468916,0.49859532306162296,-0.659607395033313,-0.01656004894946191,1.0,0.0,0.0
148,0.037000000000000026,0.02931735068475389,9.341135789947394e-05,0.09341135789947394,2.5583844797754534,146.5846330629062,1,1,scipy_slsqp_status_0: Optimization terminated successfully; exclusion_jacobian=magnet_position_jacobian; fresh_postvalidated_and_committed,31,0.013185876533928524,6298277.923638583,5,4.250609019824362,0.02068264931524611,nan,0,0.23346420666854295,0.20994833807220392,0.02351586859633903,49,1,0.003536759946860966,-0.00022743941413922927,1,nan,-0.7201873893973556,-1.8962805989234808,-1.8413245665363596,-1.1286654320212413,1.656342452374013,-2.032576287355225,0.29175768642253486,-0.5304565242279518,-0.0165669912234353,-2.957822871732369,0.3926267726578765,0.12184422783226181,0.4987615625962831,-0.6595663251782964,-0.01655523924681136,-0.8347001922957655,0.5507042811800134,0.0006194121543609698,0.498845323061623,-0.659607395033313,-0.01656004894946191,1.0,0.0,0.0
149,0.037250000000000026,0.029090226153022113,9.329878601020999e-05,0.09329878601021,2.553002605297019,146.27627436942274,1,1,scipy_slsqp_status_0: Optimization terminated successfully; exclusion_jacobian=magnet_position_jacobian; fresh_postvalidated_and_committed,23,0.013155025477017935,6096570.013121544,5,4.251147346411534,0.02090977384697789,nan,0,0.23264421046496278,0.20994833807220392,0.02269587239275886,49,1,0.0035988243052182097,-0.00022712453173177882,1,nan,-0.7167685788909405,-1.896555412477114,-1.8410531464079836,-1.1292952888400336,1.6569963366138223,-2.032037960768053,0.2936929774521053,-0.5290523376381063,-0.01656699110747417,-2.9576183782274983,0.388382917062312,0.12252089097458672,0.4990119380134949,-0.6595658528532273,-0.016554965201494964,-0.8317242950744811,0.555188516350287,0.0006389801442794066,0.49909532306162296,-0.659607395033313,-0.01656004894946191,1.0,0.0,0.0
150,0.037500000000000026,0.028863533508038004,9.326123942564558e-05,0.09326123942564558,2.5475687942271947,145.96493992845035,1,1,scipy_slsqp_status_0: Optimization terminated successfully; exclusion_jacobian=magnet_position_jacobian; fresh_postvalidated_and_committed,23,0.013117878765974807,6113481.040149364,5,4.251684627035933,0.021136466491962,nan,0,0.23175555776616055,0.20994833807220392,0.02180721969395663,49,1,0.003611471980382667,-0.00022669264498410835,1,nan,-0.7133260150981294,-1.896885851461512,-1.8406845742416422,-1.1298552497076397,1.6575830413016317,-2.0315006801436524,0.2956874516363143,-0.5277214170188279,-0.016566990258102987,-2.9575355606564977,0.38410525471241413,0.12312597271573714,0.499262078519538,-0.6595657026985923,-0.016554594206772695,-0.8286952395747433,0.5596997042864618,0.0006640239499857141,0.499345323061623,-0.659607395033313,-0.01656004894946191,1.0,0.0,0.0
151,0.03775000000000003,0.02863718583666055,9.316418540269232e-05,0.09316418540269232,2.5420400447851685,145.64816591943693,1,1,scipy_slsqp_status_0: Optimization terminated successfully; exclusion_jacobian=magnet_position_jacobian; fresh_postvalidated_and_committed,120,0.013086119300389673,6220087.140154205,5,4.252228950355999,0.021362814163339454,nan,0,0.230824390672612,0.20994833807220392,0.02087605260040809,49,1,0.003674262988459612,-0.00022634767137745537,1,nan,-0.709817958655304,-1.8972596379867535,-1.8402472564573717,-1.1303851732044647,1.6581175303119673,-2.0309563568235873,0.2977399230422933,-0.5264193490303878,-0.016566991220795857,-2.9575364614575537,0.3797430638453608,0.12372033404778929,0.49951235205083466,-0.6595654159841249,-0.016554292540878788,-0.8255881483732573,0.5642727523770893,0.000685704309900175,0.49959532306162296,-0.659607395033313,-0.01656004894946191,1.0,0.0,0.0
152,0.03800000000000003,0.02841129317580569,9.311714887375006e-05,0.09311714887375006,2.536432173447899,145.32685855975902,1,1,scipy_slsqp_status_0: Optimization terminated successfully; exclusion_jacobian=magnet_position_jacobian; fresh_postvalidated_and_committed,24,0.013048635165093041,6221398.857150423,5,4.252777545815118,0.021588706824194313,nan,0,0.22984320504626607,0.20994833807220392,0.019894866974062148,49,1,0.003719790423361867,-0.0002258926608548588,1,nan,-0.7062643662065178,-1.8976825063337988,-1.8397294952941372,-1.1308731401789276,1.6585896092191912,-2.0304077613644687,0.29984723559667936,-0.5251642119063991,-0.01656699122776578,-2.9576356089217946,0.37532123406278545,0.12428747058647989,0.4997625386206315,-0.6595651889139335,-0.016554033699589677,-0.8224108120227613,0.5688936268712518,0.0007053887830250801,0.499845323061623,-0.659607395033313,-0.01656004894946191,1.0,0.0,0.0
153,0.03825000000000003,0.028185791324698298,9.30453217496556e-05,0.0930453217496556,2.5307363168052626,145.0005100134244,1,1,scipy_slsqp_status_0: Optimization terminated successfully; exclusion_jacobian=magnet_position_jacobian; fresh_postvalidated_and_committed,24,0.01301440654846523,6156516.870279339,5,4.253331023215372,0.021814208675301705,nan,0,0.22881020611700026,0.20994833807220392,0.018861868044796337,49,1,0.0037660191200898072,-0.00022550185110739238,1,nan,-0.7026678837251614,-1.898154631444251,-1.8391300294021504,-1.1313153427265537,1.6589946672062552,-2.029854283964214,0.3020092113795284,-0.5239594319778254,-0.01656699115918614,-2.957838642308284,0.3708439762377959,0.1248243054903811,0.5000127654264108,-0.6595649344454643,-0.01655382261448736,-0.8191571498975639,0.5735686893441331,0.000722755666543805,0.500095323061623,-0.659607395033313,-0.01656004894946191,1.0,0.0,0.0
154,0.03850000000000003,0.02796070795063965,9.295574763385162e-05,0.09295574763385162,2.5249427940790685,144.66856561270032,1,1,scipy_slsqp_status_0: Optimization terminated successfully; exclusion_jacobian=magnet_position_jacobian; fresh_postvalidated_and_committed,25,0.012977196327993289,6163390.330076085,5,4.253885270584096,0.02203929204936035,nan,0,0.22773958106816036,0.20994833807220392,0.01779124299595644,49,1,0.003821125771104717,-0.0002250833740586461,1,nan,-0.6990211763258135,-1.8986645750788955,-1.838466862177795,-1.1317223753209802,1.6593549842132154,-2.02930003659549,0.30422397437173765,-0.5227840349513413,-0.01656699121301114,-2.9581191611192037,0.36629402391640764,0.12533260911756075,0.500263046615168,-0.6595646190434841,-0.016553601308725602,-0.8158204351841113,0.5783048232210317,0.0007409286731378811,0.5003453230616229,-0.659607395033313,-0.01656004894946191,1.0,0.0,0.0
155,0.03873416342656878,0.027745994765561662,8.867040768612743e-05,0.08867040768612743,2.5194332798090198,144.35289369785943,1,1,scipy_slsqp_status_0: Optimization terminated successfully; exclusion_jacobian=magnet_position_jacobian; fresh_postvalidated_and_committed,23,0.011811022708691004,6089852.726826738,5,4.254418599119687,0.02225400523443834,nan,0,0.2266827382850953,0.20994833807220392,0.01673440021289138,49,1,0.0036794628074857173,-0.00021471318507798945,1,nan,-0.6955171122906721,-1.8991981423959126,-1.8377613617233972,-1.1320807840333147,1.6596092688655306,-2.0287667080598997,0.3063663400089571,-0.5217171878599254,-0.016566991169509326,-2.958491222653348,0.36192210327728935,0.1258302205460076,0.5005013022430559,-0.6595660572150122,-0.016553657565426382,-0.8126218880320226,0.5827907978594119,0.0007436542618108384,0.5005794864881917,-0.659607395033313,-0.01656004894946191,1.0,0.0,0.0
