node_index,s_m,insertion_m,position_error_m,position_error_mm,tangent_error_rad,tangent_error_deg,feasible,position_constraint_margin_m,tangent_constraint_margin_rad,minimum_joint_margin_rad,minimum_state_margin,jacobian_condition,jacobian_effective_rank,contact_active,contact_diagnostic_available,minimum_gap_m,contact_energy,contact_force_norm,q1_rad,q2_rad,q3_rad,q4_rad,q5_rad,q6_rad,magnet_pose_x,magnet_pose_y,magnet_pose_z,magnet_pose_rx,magnet_pose_ry,magnet_pose_rz,desired_x,desired_y,desired_z,achieved_x,achieved_y,achieved_z,desired_tangent_x,desired_tangent_y,desired_tangent_z,achieved_tangent_x,achieved_tangent_y,achieved_tangent_z,seed_q1,seed_q2,seed_q3,seed_q4,seed_q5,seed_q6,seed_L,change_from_seed_q1,change_from_seed_q2,change_from_seed_q3,change_from_seed_q4,change_from_seed_q5,change_from_seed_q6,change_from_seed_L
0,0.0,0.025,0.0,0.0,0.033648439393317256,1.927913564438819,1,0.0015,3.1061988849444817,4.226776597179587,0.025,nan,0,1,1,0.048480880522838554,3.2779103582122256e-13,1.5245210517911715e-09,-0.85634357,-1.94584002,-1.76176286,-1.0331945,1.56234264,-2.05640871,0.24557497783369636,-0.6700279629478505,-0.016566991220873295,-3.077932948039142,0.5753726959665791,0.045033578217205016,0.5005820546791916,-0.6695089513990475,-0.016558422038837062,0.5005820546791916,-0.6695089513990475,-0.016558422038837062,-1.0,0.0,0.0,-0.999433944674365,0.03363749698597587,0.0005559039099070523,-0.85634357,-1.94584002,-1.76176286,-1.0331945,1.56234264,-2.05640871,0.025,0.0,0.0,0.0,0.0,0.0,0.0,0.0
1,0.00025,0.025198438798610192,0.0003403914678696162,0.3403914678696162,0.03404848925253659,1.9508347329668896,1,0.001159608532130384,3.1057988350852623,4.226107069129251,0.02480156120138981,nan,0,1,1,0.048469927622393036,3.3044676566305816e-13,1.5250096781680422e-09,-0.8578285541691895,-1.9393875921789159,-1.7600139366171255,-1.036168763094007,1.5609904864739883,-2.057078238050336,0.2448649823481605,-0.6718310471280485,-0.01125521952454095,-3.0819751221188523,0.5774558605901109,0.039990503917694195,0.5003320546791916,-0.6695089513990475,-0.016558422038837062,0.5003838530058944,-0.6696122025858545,-0.01623823072544431,-1.0,0.0,0.0,-0.9994204061866298,0.026704820820995193,0.021111708662980053,-0.856453451332672,-1.9459115320617155,-1.761664395715952,-1.0330909656149352,1.562237329709471,-2.0564324108438843,0.02517850308339332,-0.0013751028365174278,0.006523939882799645,0.00165045909882644,-0.0030777974790718865,-0.0012468432354826309,-0.0006458272064517878,1.9935715216870542e-05
2,0.0005,0.02545993870961829,0.000348906729729647,0.348906729729647,0.03280081479910508,1.8793482525789722,1,0.0011510932702703531,3.107046509538694,4.225988044315988,0.024540061290381714,nan,0,1,1,0.04848327095545769,3.3381501603015885e-13,1.5244550954602198e-09,-0.8582129212999088,-1.9396786052496928,-1.759712008260433,-1.0357321297612778,1.560802946174744,-2.057197262863598,0.24478033364068627,-0.6722847543791994,-0.011316319047127932,-3.082314423945176,0.5779427403365789,0.03962673607700333,0.5000820546791916,-0.6695089513990475,-0.016558422038837062,0.5001219126410898,-0.6696324272227235,-0.016234537846738263,-1.0,0.0,0.0,-0.999462101503641,0.02511104155092718,0.021093677966472355,-0.856569094135297,-1.9459884697680687,-1.7615604879413087,-1.032987873602643,1.5621172049342726,-2.0564556355836645,0.025408026965349228,-0.0016438271646117553,0.006309864518375896,0.0018484796808757586,-0.002744256158634828,-0.0013142587595287303,-0.0007416272799334322,5.191174426906128e-05
3,0.00075,0.025721604714373746,0.0003589583405359502,0.35895834053595016,0.031540916355122496,1.8071613891236706,1,0.00114104165946405,3.1083064079826763,4.225879685132291,0.024278395285626257,nan,0,1,1,0.04849728604852111,3.371807117992077e-13,1.523870053338459e-09,-0.8585967711907276,-1.9399746788717582,-1.7594116445886518,-1.0352924923043456,1.5606044663779035,-2.0573056220472945,0.24469205366219718,-0.6727394492868863,-0.011380662189931723,-3.082656949162143,0.5784464448305177,0.03927843150732113,0.4998320546791916,-0.6695089513990475,-0.016558422038837062,0.4998598080002769,-0.6696538880697716,-0.016231200088337866,-1.0,0.0,0.0,-0.9995026265332698,0.02347448070859908,0.021058212377991367,-0.8566821576011354,-1.9460655887015301,-1.761457714979078,-1.0328917256031553,1.5619929610153092,-2.056480016207336,0.02565213572182964,-0.0019146135895922178,0.0060909098297718955,0.002046070390426147,-0.002400766701190271,-0.0013884946374056462,-0.0008256058399584987,6.946899254410555e-05
4,0.001,0.025983304397305444,0.000371471800627942,0.371471800627942,0.03031705639286699,1.73703937857139,1,0.001128528199372058,3.109530267944932,4.225776667482346,0.02401669560269456,nan,0,1,1,0.0485111615102192,3.4054613202280413e-13,1.5232908013500174e-09,-0.8589667187197129,-1.9402611265957503,-1.7591032811488259,-1.0348563958857215,1.5604037467279674,-2.0574086396972406,0.2446164886023626,-0.6731954018780442,-0.011434592068604976,-3.0830126665497306,0.5789393372504065,0.03891547962424052,0.4995820546791916,-0.6695089513990475,-0.016558422038837062,0.49959769242144103,-0.6696765177039938,-0.016227260004289396,-1.0,0.0,0.0,-0.9995404732442891,0.021801969071628867,0.021059831223978157,-0.856791935760177,-1.9461399268420223,-1.7613583570941376,-1.032795101837119,1.5618729631227795,-2.056501668139659,0.025900390267983815,-0.0021747829595358814,0.005878800246271965,0.002255075945311713,-0.0020612940486024467,-0.0014692163948120118,-0.0009069715575815707,8.29141293216297e-05
5,0.00125,0.026244784056943582,0.0003884304263519709,0.3884304263519709,0.029195778660684485,1.6727948968553321,1,0.001111569573648029,3.1106515456771144,4.2256755338163465,0.02375521594305642,nan,0,1,1,0.04852379521168397,3.439134180843227e-13,1.5227649333133065e-09,-0.859319250947855,-1.9405094272762453,-1.7587697337378854,-1.0344298856166407,1.5602023468132895,-2.05750977336324,0.24456666993647105,-0.6736637876768663,-0.011451187555330922,-3.083407231338192,0.5794155540566949,0.03848800249816067,0.4993320546791916,-0.6695089513990475,-0.016558422038837062,0.49933584466879516,-0.6697010045574419,-0.01622081366150388,-1.0,0.0,0.0,-0.9995738335272824,0.02005285032582325,0.021214017096792753,-0.8568973445529159,-1.9462119536930713,-1.7612625550203325,-1.0327027086047016,1.561754874965769,-2.056522705640797,0.026149841632742962,-0.0024219063949391106,0.005702526416826004,0.0024928212824470997,-0.0017271770119391405,-0.0015525281524795265,-0.000987067722443058,9.494242420061971e-05
6,0.0015,0.026505975603156907,0.0004061452583081616,0.4061452583081616,0.028118079207553513,1.6110472666073705,1,0.0010938547416918384,3.1117292451302454,4.22557948845278,0.023494024396843095,nan,0,1,1,0.04853611431827826,3.4727722067268296e-13,1.52225225694673e-09,-0.8596645201344528,-1.9407633328537226,-1.758449598211415,-1.0340176806379076,1.5599951615726948,-2.0576058187268065,0.24450802841506625,-0.6741178379120919,-0.01147643325379255,-3.0837860954550513,0.5798852440799365,0.038107112240852795,0.4990820546791916,-0.6695089513990475,-0.016558422038837062,0.4990743079144313,-0.6697257705988512,-0.016215080527978768,-1.0,0.0,0.0,-0.9996047128555721,0.01832589111082995,0.021320875965200676,-0.8569996195960289,-1.9462820077212784,-1.7611694483659937,-1.0326148744805002,1.5616407767180653,-2.0565444700208184,0.026399631998476995,-0.002664900538423942,0.005518674867555751,0.0027198501545786513,-0.0014028061574073991,-0.001645615145370538,-0.0010613487059880633,0.00010634360467991211
7,0.00175,0.02676672862152645,0.00042632412459240264,0.42632412459240265,0.02716037785144264,1.556175020868262,1,0.0010736758754075974,3.1126869464863565,4.225485350889025,0.023233271378473554,nan,0,1,1,0.04854681861821157,3.5064217907092334e-13,1.5218089360141845e-09,-0.8599915213972844,-1.9409953718787578,-1.7581242359492408,-1.0336245241699027,1.5597902115944846,-2.057699956290561,0.24446190981083238,-0.6745660240870643,-0.01148404305745826,-3.084173255851928,0.5803308113920455,0.03771450201316011,0.4988320546791916,-0.6695089513990475,-0.016558422038837062,0.4988132598733531,-0.669751240874977,-0.016208143828928392,-1.0,0.0,0.0,-0.9996311796111267,0.0165949746567605,0.021496780349834568,-0.8570973963565544,-1.9463496501215372,-1.7610795838040327,-1.0325291701737935,1.5615300864550152,-2.056562790733475,0.026649525465711928,-0.0028941250407300556,0.005354278242779342,0.002955347854791901,-0.0010953539961091607,-0.0017398748605306213,-0.001137165557085762,0.00011720315581452076
8,0.002,0.02702712512680815,0.0004478807287065733,0.44788072870657325,0.026336481292140085,1.5089692252648756,1,0.0010521192712934268,3.113510843045659,4.2253949968634,0.022972874873191853,nan,0,1,1,0.04855557980504141,3.54011380609458e-13,1.5214497994817518e-09,-0.8603016206425242,-1.9412057049359204,-1.7578094892633245,-1.0332600535236982,1.5595861042995809,-2.057790310316186,0.24441623085140002,-0.674996265498209,-0.011480753720630121,-3.084552809608566,0.58075416364642,0.03734279449797721,0.4985820546791916,-0.6695089513990475,-0.016558422038837062,0.4985526213009767,-0.6697766013791654,-0.01620051938232764,-1.0,0.0,0.0,-0.9996532149217432,0.014905600707829278,0.02170882226565673,-0.8571909810423275,-1.946415374713203,-1.7609921864573042,-1.032445909880797,1.5614230968401426,-2.056581613006935,0.02689944995618222,-0.003110639600196752,0.005209669777282544,0.0031826971939796778,-0.0008141436429012217,-0.0018369925405616883,-0.0012086973092508835,0.00012767517062593076
9,0.0022500000000000003,0.02728701911637336,0.0004687720837755158,0.4687720837755158,0.025624852728204285,1.4681959119703987,1,0.0010312279162244843,3.1142224716095948,4.2253184861069375,0.02271298088362664,nan,0,1,1,0.048562759896008986,3.5738114959386785e-13,1.5211577835646653e-09,-0.8605843599200097,-1.941410871382064,-1.7575221817206348,-1.0329241687658246,1.5593873117728514,-2.0578668210726487,0.2443698612257503,-0.675390998221892,-0.01148560149081218,-3.0849009083132235,0.5811498591061116,0.037028133617300014,0.4983320546791916,-0.6695089513990475,-0.016558422038837062,0.4982925269519216,-0.6698005913809831,-0.01619355090235089,-1.0,0.0,0.0,-0.9996717014262273,0.013337019235682732,0.021877232126092442,-0.8572812708480383,-1.946478851289905,-1.76090793009357,-1.0323650713842019,1.5613188330485026,-2.0565973242464115,0.02714938179019394,-0.00330308907197141,0.005067979907841025,0.003385748372935149,-0.0005590973816227418,-0.0019315212756512157,-0.0012694968262372264,0.00013763732617942323
10,0.0025000000000000005,0.027546266302733397,0.00048591289943974417,0.48591289943974414,0.024927039098461695,1.4282141360994436,1,0.0010140871005602558,3.114920285239337,4.225252334394529,0.022453733697266606,nan,0,1,1,0.04856996282258726,3.6074161339046766e-13,1.5208644384866596e-09,-0.860845486124397,-1.9416388614576578,-1.7572899529152988,-1.0326183605190575,1.559200462754901,-2.0579329727850566,0.2443033605503726,-0.6757295520005443,-0.011530322462349862,-3.085176022506852,0.5815131154401757,0.036833554843681254,0.4980820546791916,-0.6695089513990475,-0.016558422038837062,0.4980330855435116,-0.6698216311108293,-0.016189715153313085,-1.0,0.0,0.0,-0.9996893374474282,0.011973342354821155,0.021860184509201644,-0.857369195670534,-1.9465403367732688,-1.7608255209550492,-1.0322858383406532,1.5612218363491661,-2.0566176671920946,0.027399318912212315,-0.0034762904538629957,0.004901475315610915,0.003535568039750414,-0.0003325221784042931,-0.00202137359426513,-0.0013153055929620017,0.0001469473905210822
11,0.0027500000000000007,0.027804961968570907,0.0005026577247667318,0.5026577247667318,0.024324914647008557,1.393714946289549,1,0.0009973422752332683,3.1155224096907905,4.225197920075618,0.022195038031429096,nan,0,1,1,0.04857575457428714,3.641015402591968e-13,1.5206316805253664e-09,-0.8610857981193001,-1.94185041162365,-1.757079752976793,-1.0323405590837746,1.559018223015194,-2.0579873871039682,0.24423576259433058,-0.6760396830385995,-0.011573224617365263,-3.085429631283443,0.5818577370736882,0.03667559936296161,0.4978320546791916,-0.6695089513990475,-0.016558422038837062,0.4977742299084867,-0.669841494491009,-0.01618594898457774,-1.0,0.0,0.0,-0.9997041638513632,0.010706382487698087,0.02183937160895681,-0.8574524709484024,-1.946600082872607,-1.7607466499755755,-1.0322120280502518,1.5611226332155355,-2.0566344478943632,0.02764925388387377,-0.0036333271708977044,0.004749671248957199,0.0036668969987825317,-0.00012853103352283846,-0.0021044102003413556,-0.0013529392096049975,0.00015570808469713565
12,0.003000000000000001,0.02806313528367908,0.0005220983456585409,0.5220983456585409,0.023936265564265695,1.3714469941367522,1,0.0009779016543414593,3.1159110587735332,4.225147087937366,0.021936864716320923,nan,0,1,1,0.048578042090768034,3.674720774207279e-13,1.520546206940438e-09,-0.8613015543766867,-1.9420118714334353,-1.7568583353256935,-1.032082963208149,1.5588472486643823,-2.05803821924222,0.24419455424365494,-0.6763465855743812,-0.011577574578829908,-3.085706816729091,0.5821740871814435,0.03645659529153496,0.4975820546791916,-0.6695089513990475,-0.016558422038837062,0.49751597054107166,-0.6698616755313199,-0.01617920540452229,-1.0,0.0,0.0,-0.999713541272897,0.009432345983089382,0.021996959900381998,-0.8575327636544202,-1.9466582095084597,-1.760669672546715,-1.0321398338410808,1.5610273573105793,-2.056651166561929,0.027899189139221292,-0.003768790722266435,0.004646338075024348,0.00381133722102156,5.687063293180472e-05,-0.0021801086461969987,-0.0013870526802910454,0.00016394614445778763
13,0.003250000000000001,0.028320814983036482,0.0005430269264660813,0.5430269264660813,0.02370660107406284,1.3582881881441051,1,0.0009569730735339187,3.116140723263736,4.225091207513195,0.02167918501696352,nan,0,1,1,0.048577532259978164,3.7085216471270275e-13,1.5205901138024234e-09,-0.8614944294888943,-1.9421384304881428,-1.7566368451477656,-1.0318479919353103,1.558698000203808,-2.0580940996663912,0.2441735645392032,-0.6766393221859315,-0.011559328321402607,-3.0859835620795457,0.5824463433268795,0.03620122380349339,0.4973320546791916,-0.6695089513990475,-0.016558422038837062,0.4972582579552285,-0.6698818368950595,-0.016170622228028193,-1.0,0.0,0.0,-0.9997190116928152,0.008218295061367894,0.022234146851750392,-0.857610070603385,-1.9467146807659115,-1.7605947361685195,-1.0320694042760006,1.5609355630924167,-2.0566668886221118,0.028149129426477362,-0.003884358885509309,0.004576250277768645,0.003957891020753834,0.0002214123406902857,-0.0022375628886086574,-0.0014272110442794528,0.00017168555655911952
14,0.0035000000000000014,0.028578072257912365,0.0005599175235231049,0.5599175235231049,0.023484251515233718,1.3455484968466005,1,0.0009400824764768951,3.116363072822565,4.225037129183821,0.021421927742087638,nan,0,1,1,0.0485770985790922,3.742251970863299e-13,1.5206224359395436e-09,-0.8616683887822327,-1.9422760593962574,-1.7564644383156403,-1.031640142761214,1.5585749708715964,-2.0581481779957653,0.24414058490120552,-0.6768797244508075,-0.011571722894370251,-3.086191035658559,0.5826777126375242,0.03602647519674265,0.4970820546791916,-0.6695089513990475,-0.016558422038837062,0.4970009694332092,-0.6698984443061321,-0.016164432075306216,-1.0,0.0,0.0,-0.9997242576386248,0.007195687008268956,0.022352422181490403,-0.8576844884610199,-1.9467693293518114,-1.760522113949131,-1.0320008715962554,1.5608472036802692,-2.056682084618284,0.028399069775981344,-0.003983900321212874,0.004493269955553991,0.004057675633490687,0.00036072883504134623,-0.002272232808672836,-0.0014660933774814922,0.00017900248193102042
15,0.0037500000000000016,0.028834920399750955,0.0005749396880905005,0.5749396880905004,0.023286042045529753,1.3341919307730372,1,0.0009250603119094995,3.116561282292269,4.2249878606274915,0.021165079600249048,nan,0,1,1,0.04857622484470794,3.775958832590504e-13,1.520677396749791e-09,-0.8618294683861237,-1.9424045960080332,-1.7563249710686446,-1.0314589574913846,1.558465432924558,-2.058197446552095,0.24409799645785055,-0.6770850964726665,-0.011592947040033053,-3.0863592391165575,0.5828885058018207,0.035900088826155044,0.4968320546791916,-0.6695089513990475,-0.016558422038837062,0.49674409805809333,-0.6699131233757873,-0.01615909223658733,-1.0,0.0,0.0,-0.9997288923737034,0.006307156507032876,0.02241342298810803,-0.8577562382910575,-1.9468226252299876,-1.7604513266114175,-1.0319348383859077,1.5607612950773793,-2.0566967930364655,0.02864901066551919,-0.004073230095066216,0.004418029221954445,0.004126355542772853,0.00047588089452310633,-0.002295862152821293,-0.0015006535156296685,0.00018590973423176366
16,0.004000000000000002,0.02909141675999828,0.0005935416032008564,0.5935416032008564,0.02334851617850867,1.3377714349214682,1,0.0009064583967991436,3.11649880815929,4.224940763507462,0.02090858324000172,nan,0,1,1,0.04857069436750671,3.80987833817936e-13,1.5209346534026702e-09,-0.8619749663748765,-1.9424647117343317,-1.7561707415339936,-1.0313008160143813,1.558365384904944,-2.0582445436721244,0.24407831199452626,-0.6772939325375344,-0.011561419759518243,-3.0865619861549893,0.5830853055301595,0.03569111141728822,0.4965820546791916,-0.6695089513990475,-0.016558422038837062,0.4964876668395568,-0.6699285478438707,-0.016149372660459464,-1.0,0.0,0.0,-0.9997274357789068,0.005398723506717061,0.022713606834450124,-0.8578251276437971,-1.9468741772954024,-1.760382773005315,-1.0318703199953494,1.5606783974491107,-2.0567110091920817,0.028898951949141657,-0.004149838731079325,0.004409465561070691,0.004212031471321431,0.0005695039809681113,-0.002313012544166826,-0.0015335344800426753,0.00019246481085662473
17,0.004250000000000002,0.029347774570332164,0.0006116006503017609,0.6116006503017609,0.023467005043197212,1.3445603467874183,1,0.0008883993496982391,3.116380319294602,4.224899561414045,0.02065222542966784,nan,0,1,1,0.04856406159958933,3.8438482781154367e-13,1.5212407070030228e-09,-0.8621021790762672,-1.9425140546489006,-1.7560288760188916,-1.0311574699492236,1.5582765497914985,-2.058285745765542,0.2440659947984068,-0.6774832516228297,-0.011528566548327013,-3.086749861159071,0.5832595383185142,0.035491094408456554,0.4963320546791916,-0.6695089513990475,-0.016558422038837062,0.4962313952368033,-0.6699429703825247,-0.016139434504310008,-1.0,0.0,0.0,-0.9997246624732047,0.004565811785648171,0.0230163551757209,-0.8578914040613335,-1.946925011604919,-1.7603152279297267,-1.031808413790115,1.5605972820227696,-2.0567215323922547,0.029148893731494135,-0.004210775014933721,0.0044109569560184525,0.004286351910835151,0.0006509438408912605,-0.00232073223127105,-0.00156421337328716,0.0001988808388380288
18,0.004500000000000002,0.02960390955718864,0.0006288052572548887,0.6288052572548887,0.023617365050567468,1.35317534061729,1,0.0008711947427451113,3.1162299592872316,4.224860612442448,0.020396090442811363,nan,0,1,1,0.04855674880180139,3.877835824446386e-13,1.5215774594686404e-09,-0.8622132140231316,-1.9425578811283701,-1.7559003993222662,-1.0310227397538405,1.5582049830081321,-2.0583246947371383,0.24406221577841142,-0.6776530976750748,-0.011499107168863876,3.0865831672634907,-0.5833445918850191,-0.03529031594090815,0.4960820546791916,-0.6695089513990475,-0.016558422038837062,0.49597535971355117,-0.669956291677868,-0.016129587675937775,-1.0,0.0,0.0,-0.999721122997062,0.003810205988929864,0.023305762459431438,-0.8579556130446029,-1.9469738614877303,-1.7602503072708948,-1.0317482505432745,1.5605191146850494,-2.056735180126183,0.02939883885925455,-0.004257600978528675,0.004415980359360194,0.004349907948628662,0.0007255107894339474,-0.002314131676917297,-0.001589514610955245,0.00020507069793409063
19,0.0047500000000000025,0.02985999738535589,0.0006411595962724631,0.6411595962724631,0.023583571695545515,1.3512391239989447,1,0.0008588404037275369,3.1162637526422534,4.224819051024472,0.020140002614644114,nan,0,1,1,0.04855275754079061,3.91163858945895e-13,1.5217713524383086e-09,-0.8623272559019525,-1.9426411285373206,-1.75581864587797,-1.030901637498092,1.5581458009955265,-2.058366256155114,0.24402828940172333,-0.6777827596200829,-0.011517746564374931,3.0864459520541274,-0.5834348874513718,-0.03520015633390537,0.4958320546791916,-0.6695089513990475,-0.016558422038837062,0.49571930739208214,-0.6699667952286145,-0.01612396524596899,-1.0,0.0,0.0,-0.9997219204620346,0.0032213724919146584,0.023360319068236383,-0.8580174853795044,-1.9470211831426438,-1.76018747589484,-1.0316895859565023,1.5604429398149295,-2.0567480063179895,0.02964878415612727,-0.004309770522448075,0.0043800546053232026,0.004368830016869829,0.000787948458410348,-0.0022971388194030773,-0.0016182498371244414,0.00021121322922862049
20,0.005000000000000003,0.030116269174846083,0.0006543084361601136,0.6543084361601136,0.023666735569589092,1.3560040629895995,1,0.0008456915638398864,3.1161805887682097,4.224782615078597,0.01988373082515392,nan,0,1,1,0.048546591283968564,3.945594575837355e-13,1.5220599967342345e-09,-0.8624289031921448,-1.9426904732764976,-1.7557419261671328,-1.0308033848669231,1.5580945013165304,-2.0584026921009886,0.24400067773125728,-0.6779002646782335,-0.01151565671274346,3.086313092975551,-0.5835146083220631,-0.03509499039383176,0.4955820546791916,-0.6695089513990475,-0.016558422038837062,0.4954631129759504,-0.6699765947902774,-0.016116514741432466,-1.0,0.0,0.0,-0.9997199558855001,0.0026801563992865053,0.023512264160839288,-0.858076488099254,-1.9470670631540798,-1.7601268082257802,-1.031633812310568,1.5603682831372454,-2.056769811042926,0.02989872583141121,-0.00435241509289086,0.004376589877582271,0.004384882058647399,0.00083042744364481,-0.002273781820715026,-0.0016328810580623632,0.00021754334343487142
21,0.005250000000000003,0.030372889403435174,0.0006706443539717154,0.6706443539717154,0.023948464671578455,1.3721459514996006,1,0.0008293556460282846,3.1158988596662205,4.224754991937196,0.01962711059656483,nan,0,1,1,0.048536608049718176,3.979823897791987e-13,1.5225152780923262e-09,-0.8625231490737802,-1.9426893405253276,-1.7556515875704641,-1.0307218953329396,1.558041458290596,-2.05843031524239,0.243986033343237,-0.6780245278279506,-0.011472692098837223,3.0861497017365997,-0.5835913834306261,-0.03493322577341399,0.4953320546791916,-0.6695089513990475,-0.016558422038837062,0.4952066446370954,-0.669987289184738,-0.016105399816825527,-1.0,0.0,0.0,-0.9997132492253196,0.0021009713109635033,0.02385383078049752,-0.8581340399122452,-1.9471115810096968,-1.7600674251008877,-1.0315782482193927,1.5602975157391465,-2.056782208695238,0.03014868140316002,-0.00438910916153501,0.004422240484369233,0.0044158375304235165,0.0008563528864531378,-0.002256057448550619,-0.0016481065471518619,0.00022420800027515495
22,0.005500000000000003,0.030629901503500603,0.0006875261304800078,0.6875261304800078,0.02423646952265964,1.3886474139458465,1,0.0008124738695199922,3.1156108548151393,4.2247280938810485,0.0193700984964994,nan,0,1,1,0.048526322183023815,4.0141352324561264e-13,1.5229856538413385e-09,-0.8626180655271553,-1.942691592994368,-1.7555581396193272,-1.030641078344663,1.5579844269387073,-2.0584572132985377,0.24397047933706162,-0.6781511192683218,-0.011430237913199581,3.0859833545036697,-0.5836697796888578,-0.03477654658719579,0.4950820546791916,-0.6695089513990475,-0.016558422038837062,0.49494979154314833,-0.6699985746454827,-0.016094237033168986,-1.0,0.0,0.0,-0.9997063111491881,0.0015021893859333859,0.02418749419703846,-0.8581902174511231,-1.9471549895480598,-1.760009750633058,-1.0315244880324126,1.5602276886041597,-2.0567907005415296,0.03039862510285274,-0.004427848076032137,0.0044633965536917675,0.004451611013730927,0.0008834096877496922,-0.002243261665452412,-0.0016665127570081317,0.0002312764006478646
23,0.005750000000000003,0.03088747282028779,0.0007033049315338641,0.7033049315338641,0.02443595130784839,1.400076878326897,1,0.0007966950684661359,3.1154113730299504,4.224705706007182,0.01911252717971221,nan,0,1,1,0.04851756664349289,4.0484434444466743e-13,1.5233913227570469e-09,-0.8626992739880561,-1.9427270921160626,-1.7554641145292311,-1.0305454499236055,1.557929838923008,-2.058479601172404,0.243965924955431,-0.6782736070645214,-0.011410632994331371,3.085832168581421,-0.5837361359327863,-0.03463949576686714,0.4948320546791916,-0.6695089513990475,-0.016558422038837062,0.4946923496694433,-0.670009855355364,-0.016084907980421004,-1.0,0.0,0.0,-0.999701456997677,0.0009158808059930391,0.024416347783217374,-0.8582437847557138,-1.9471971248658138,-1.7599537549348392,-1.0314714662672944,1.5601608216468998,-2.0568012052754785,0.030648573630482467,-0.004455489232342291,0.004470032749751107,0.004489640405608064,0.0009260163436888291,-0.0022309827238917723,-0.001678395896925533,0.00023889918980532499
24,0.006000000000000004,0.03114557022570776,0.0007134273154681568,0.7134273154681567,0.02431776295541572,1.3933051845449003,1,0.0007865726845318432,3.1155295613823832,4.224684512575711,0.018854429774292244,nan,0,1,1,0.04851488095270513,4.082471893211917e-13,1.523533618476811e-09,-0.8627781377038354,-1.942839813957946,-1.755404490202562,-1.030440831136524,1.5578720692710772,-2.0585007946038756,0.2439378857240618,-0.6783682559304524,-0.011458624103937498,3.0857407241685495,-0.5838106961373526,-0.034632015481891376,0.4945820546791916,-0.6695089513990475,-0.016558422038837062,0.49443426031331855,-0.6700189748938578,-0.016081964911055496,-1.0,0.0,0.0,-0.9997043377729297,0.000452629303332467,0.02431115309280763,-0.8582955459031973,-1.9472383174553405,-1.7598990777456527,-1.0314208685723267,1.5600948785094744,-2.056812258785974,0.030898521411221288,-0.004482591800638036,0.004398503497394568,0.004494587543090622,0.000980037435802661,-0.0022228092383971276,-0.0016885358179017373,0.00024704881448647104
25,0.006250000000000004,0.03140427109533649,0.0007256363515758713,0.7256363515758713,0.024305765070947945,1.3926177564018112,1,0.0007743636484241288,3.115541559266851,4.224672261972829,0.01859572890466351,nan,0,1,1,0.04851021096549055,4.116700394065872e-13,1.5237618519280268e-09,-0.8628580554805914,-1.942928871184439,-1.7553378221297107,-1.0303484202717712,1.5577989201314983,-2.0585130452067566,0.243907077571726,-0.6784696933105182,-0.011485810012882125,3.0856231544147756,-0.5838963595057277,-0.034616704526983726,0.4943320546791916,-0.6695089513990475,-0.016558422038837062,0.49417560708829905,-0.6700290564513819,-0.01607721210484927,-1.0,0.0,0.0,-0.9997046294339319,-5.1859239484411664e-05,0.02430331662518984,-0.8583455992921782,-1.9472784403853827,-1.7598457993993695,-1.0313719228266598,1.5600309686570908,-2.056822870053829,0.031148471458388158,-0.0045124561884131165,0.004349569200943648,0.004507977269658792,0.001023502554888589,-0.002232048525592445,-0.0016901751529276865,0.00025579963694833535
26,0.006500000000000004,0.03166356546086907,0.0007391571594555648,0.7391571594555648,0.024414931579360557,1.3988725365980332,1,0.0007608428405444352,3.1154323927584384,4.224672578659426,0.018336434539130933,nan,0,1,1,0.048503127942906454,4.151158463430029e-13,1.5240960302904697e-09,-0.8629198413830383,-1.9429827914043118,-1.755271183094687,-1.030283696714186,1.55771745891449,-2.05851272852016,0.24388248582211522,-0.6785627086286196,-0.011487683085105393,3.085495892290363,-0.5839713564979943,-0.03460035557652408,0.4940820546791916,-0.6695089513990475,-0.016558422038837062,0.49391640849666923,-0.6700386638481054,-0.016070242389626534,-1.0,0.0,0.0,-0.999701970362775,-0.0005223161033719207,0.024406917844611773,-0.8583936115631082,-1.9473173956342362,-1.7597941532691654,-1.0313243693294565,1.5599684724346266,-2.0568351116452646,0.03139842170169396,-0.0045262298199301165,0.004334604229924377,0.004522970174478447,0.0010406726152705215,-0.002251013520136569,-0.0016776168748955378,0.00026514375917510713
27,0.006750000000000004,0.031923380419371525,0.0007527216025771876,0.7527216025771876,0.024552434140446347,1.4067508530204889,1,0.0007472783974228124,3.1152948901973527,4.224680496570417,0.018076619580628478,nan,0,1,1,0.04849537630662657,4.185735392616236e-13,1.5244608816509412e-09,-0.8629652903979539,-1.9430282182012566,-1.7552056831701073,-1.0302337092799134,1.5576359199980458,-2.0585048106091692,0.24386548309901762,-0.6786460168545964,-0.01148382591712005,3.0853752845276783,-0.5840336043094053,-0.034593182922696364,0.4938320546791916,-0.6695089513990475,-0.016558422038837062,0.49365670280230756,-0.6700476148963638,-0.016062757669612637,-1.0,0.0,0.0,-0.9996986041300182,-0.0009508481724501306,0.02453154679685126,-0.8584389996177937,-1.9473559923348311,-1.7597428157415669,-1.0312783710714446,1.5599078718928083,-2.056845999232957,0.03164838509682362,-0.004526290780160203,0.004327774133574547,0.004537132571459601,0.0010446617915311762,-0.0022719518947624806,-0.0016588113762123768,0.00027499532254790515
28,0.0070000000000000045,0.0321836999436342,0.0007660083805110172,0.7660083805110172,0.024676526547284236,1.4138608242019202,1,0.0007339916194889828,3.1151707977905145,4.224681653792304,0.0178163000563658,nan,0,1,1,0.0484877856240428,4.2203792664899677e-13,1.524820179181177e-09,-0.8630006919492221,-1.9430795953051088,-1.7551383525181496,-1.0301942334849628,1.5575564894795904,-2.0585036533872816,0.2438526095858155,-0.6787237814542176,-0.011482950721130647,3.0852699952783476,-0.5840717742139856,-0.034602007471584935,0.4935820546791916,-0.6695089513990475,-0.016558422038837062,0.49339648939897185,-0.6700561861491688,-0.016055561726175827,-1.0,0.0,0.0,-0.9996955499683385,-0.0013526506430008914,0.02463691761846759,-0.8584836552340528,-1.9473930251102456,-1.7596934736394816,-1.0312329067128065,1.5598499741421636,-2.0568555569504,0.031898331380722546,-0.0045170367151693425,0.004313429805136826,0.00455512112133194,0.0010386732278437893,-0.0022934846625732863,-0.0016480964368814632,0.0002853685629116559
29,0.007250000000000005,0.032444549388630055,0.0007755028009449559,0.7755028009449559,0.024637750238641752,1.4116391053716093,1,0.0007244971990550441,3.115209574099157,4.22467456513276,0.017555450611369948,nan,0,1,1,0.04848340617772802,4.2549041412343825e-13,1.5250403155066992e-09,-0.8630242988738737,-1.9431586491434567,-1.755096016288927,-1.0301666208553937,1.5574940454762616,-2.0585107420468263,0.24383373343163867,-0.678772126323084,-0.011512980624157065,3.085222615649354,-0.5840883305093602,-0.0346738567159025,0.4933320546791916,-0.6695089513990475,-0.016558422038837062,0.49313568065705626,-0.6700620344019488,-0.01605152852969969,-1.0,0.0,0.0,-0.999696505984268,-0.0016128064119302872,0.024582407903301677,-0.8585268053933304,-1.9474294821194182,-1.7596451676962948,-1.0311896051200455,1.559792038599031,-2.0568630027138357,0.032148282810602447,-0.004497493480543291,0.004270832975961536,0.004549151407367669,0.0010229842646518605,-0.0022979931227693484,-0.001647739332990561,0.0002962665780276083
30,0.007500000000000005,0.032705675279582104,0.0007856595056299659,0.7856595056299659,0.024699702399024887,1.4151887026932803,1,0.0007143404943700341,3.115147621938774,4.224666920052163,0.0172943247204179,nan,0,1,1,0.04847695707824613,4.2896016319624976e-13,1.5253522712203306e-09,-0.8630162115613496,-1.943208911723545,-1.7550524964153256,-1.0301542441234437,1.5574511798243902,-2.0585183871274224,0.24384278565659623,-0.6788064703307354,-0.011524143668010356,3.0851905861479025,-0.5840566957293054,-0.03470851795581925,0.4930820546791916,-0.6695089513990475,-0.016558422038837062,0.4928746372702058,-0.670066656005732,-0.016045387489396903,-1.0,0.0,0.0,-0.999694977858379,-0.0018094667951918876,0.024630815549879247,-0.8585687782325664,-1.9474661122849708,-1.7595964045059171,-1.0311493189707646,1.5597366785241804,-2.0568710680859628,0.03239823059194337,-0.004447433328783168,0.004257200561425867,0.004543908090591575,0.0009950748473208648,-0.0022854986997902227,-0.0016473190414596495,0.0003074446876387346
31,0.007750000000000005,0.032966880124740194,0.000796892725801765,0.7968927258017651,0.02487268670895022,1.4250999735739849,1,0.000703107274198235,3.1149746376288485,4.224668245262361,0.01703311987525981,nan,0,1,1,0.04846807915418102,4.324475206217134e-13,1.5257739816298305e-09,-0.8629960454641665,-1.9432212383099952,-1.755015390287064,-1.0301620847345134,1.5574120758835153,-2.0585170619172253,0.24385739369439105,-0.6788301037012181,-0.011512231876617207,3.0851552904996695,-0.5840197014888485,-0.03472560796060654,0.4928320546791916,-0.6695089513990475,-0.016558422038837062,0.4926135642235852,-0.6700703580105002,-0.016036768366500784,-1.0,0.0,0.0,-0.999690690674631,-0.0019586931636380433,0.0247928719508265,-0.8586093096178107,-1.9475002990246322,-1.7595506511111279,-1.0311069528640362,1.5596840394376945,-2.0568787065836163,0.03264818749715947,-0.004386735846355849,0.004279060714637017,0.004535260824063858,0.000944868129522769,-0.002271963554179246,-0.0016383553336090095,0.00031869262758072586
32,0.008000000000000005,0.0332280982526498,0.0008096894250292138,0.8096894250292138,0.02520245884102181,1.443994524942718,1,0.0006903105749707862,3.114644865496777,4.224685501754658,0.0167719017473502,nan,0,1,1,0.04845595518783507,4.3595623205080144e-13,1.5263357600010907e-09,-0.8629704143535571,-1.9431802534364464,-1.7549887593934212,-1.030191448772801,1.5573699824467053,-2.0584998054249284,0.2438706553344372,-0.6788450460851637,-0.011468113151606285,3.0851014774519485,-0.5839961971191681,-0.03471935808025191,0.4925820546791916,-0.6695089513990475,-0.016558422038837062,0.4923525468419482,-0.6700730390197639,-0.016024822681826062,-1.0,0.0,0.0,-0.9996824348435449,-0.0020604544260428366,0.02511541345150071,-0.8586487540209744,-1.9475337155076955,-1.7595063350808164,-1.0310672332541708,1.5596312054633845,-2.0568870498100016,0.03289814225755896,-0.004321660332582744,0.004353462071249092,0.004517575687395192,0.0008757844813698235,-0.0022612230166791925,-0.0016127556149267974,0.0003299559950908429
33,0.008250000000000006,0.03348914687020743,0.0008207618560474722,0.8207618560474722,0.025521132305962483,1.4622531695266288,1,0.0006792381439525278,3.1143261920318364,4.224725178685646,0.01651085312979257,nan,0,1,1,0.04844376301804081,4.394652651480545e-13,1.5269055475250368e-09,-0.8629291182433412,-1.9431148522581252,-1.7549903879106121,-1.0302412318715959,1.557338073701907,-2.05846012849394,0.24388240405852282,-0.6788297037272044,-0.011420423499027554,3.0850677710925787,-0.5839871562547914,-0.03473308533970712,0.4923320546791916,-0.6695089513990475,-0.016558422038837062,0.4920917016960714,-0.6700728008256389,-0.0160125701431911,-1.0,0.0,0.0,-0.999674353578711,-0.0020223718211817817,0.025438097594025974,-0.8586875962741916,-1.9475644991708703,-1.7594657233390878,-1.031025961006153,1.5595791106930985,-2.0568953224934554,0.033148110547323716,-0.00424152196914962,0.0044496469127450755,0.0044753354284756686,0.0007847291345570717,-0.002241036991191603,-0.0015648060004846975,0.0003410363228837157
34,0.008500000000000006,0.033749928621065295,0.0008235374409529827,0.8235374409529828,0.025496751402310974,1.4608562466466821,1,0.0006764625590470173,3.114350572935488,4.224775758335149,0.016250071378934708,nan,0,1,1,0.048438819271696354,4.4292483151013584e-13,1.5271544918768685e-09,-0.8629006739276508,-1.943085317216632,-1.755065312012584,-1.0303123645334182,1.5573213426683747,-2.058409548844437,0.24384414604852536,-0.6787560796347962,-0.011430487793350042,3.0851176047253106,-0.5840305043082701,-0.034892909395502394,0.4920820546791916,-0.6695089513990475,-0.016558422038837062,0.49183097195516123,-0.6700668855426897,-0.016007168128462538,-1.0,0.0,0.0,-0.9996749754423178,-0.0017209760869038339,0.025435835266601117,-0.8587244790190266,-1.9475962718816053,-1.7594235813789756,-1.0309882631891119,1.559529007207178,-2.0569036177502675,0.03339805562891502,-0.004176194908624198,0.00451095466497331,0.004358269366391498,0.0006758986556936186,-0.002207664538803167,-0.0015059310941696324,0.00035187299215027473
35,0.008750000000000006,0.03401031655807938,0.0008221390190871524,0.8221390190871524,0.02534769627029411,1.4523160166673506,1,0.0006778609809128477,3.1144996280675046,4.224814893182028,0.015989683441920623,nan,0,1,1,0.048436615748080204,4.463618505437707e-13,1.5272823823381025e-09,-0.8628842107659372,-1.9430667280331462,-1.755179732077744,-1.03040506342472,1.5573303579767568,-2.0583704139975585,0.24377858502547592,-0.6786473299611885,-0.011467082732637579,3.0852308889803544,-0.5840861843805577,-0.03511654683417967,0.4918320546791916,-0.6695089513990475,-0.016558422038837062,0.4915705782914519,-0.6700571959247023,-0.016004372758131987,-1.0,0.0,0.0,-0.999678764347092,-0.0012542378624745487,0.025313928988913856,-0.8587597940728209,-1.9476271590163754,-1.7593825098820348,-1.030950930230935,1.559480548800551,-2.056911419194159,0.033648010120847956,-0.004124416693116362,0.0045604309832292245,0.0042027778042907915,0.0005458668062150451,-0.002150190823794196,-0.0014589948033996158,0.0003623064372314244
36,0.009000000000000006,0.034270128665332474,0.0008170362076993766,0.8170362076993766,0.025127839353179235,1.4397191432199106,1,0.0006829637923006234,3.1147194849846196,4.224832801246947,0.01572987133466753,nan,0,1,1,0.048436074006159,4.497805149433146e-13,1.5273361204131049e-09,-0.862855221127582,-1.9430528188736653,-1.7553166175969273,-1.0305151114581914,1.5573837586092116,-2.058352505932639,0.24371875641608523,-0.6785056011532401,-0.011519959427947701,3.0854153509419278,-0.5841014272648302,-0.03535198915280687,0.4915820546791916,-0.6695089513990475,-0.016558422038837062,0.49131072613134114,-0.6700435114912575,-0.01600328737802979,-1.0,0.0,0.0,-0.9996843124558897,-0.00061663513061293,0.02511762709156284,-0.8587943421101988,-1.9476574540425877,-1.7593422487995762,-1.0309152454869879,1.5594333657475925,-2.0569191839676377,0.03389796426986431,-0.004060879017383168,0.0046046351689224,0.004025631202648983,0.00040013402879646165,-0.002049607138380871,-0.001433321965001344,0.0003721643954681664
37,0.009250000000000006,0.03452925702442211,0.0008134161094938184,0.8134161094938184,0.02509474717197061,1.4378231009017741,1,0.0006865838905061816,3.114752577165828,4.224830300950723,0.015470742975577892,nan,0,1,1,0.048431625262839874,4.5321610394230103e-13,1.5275612158420537e-09,-0.8627986780945283,-1.9429977958871019,-1.7554418811951173,-1.030643852708812,1.5574731618410693,-2.058355006228864,0.2436942030989458,-0.6783555984242087,-0.011542150455863431,3.0856211028778375,-0.5840449582945504,-0.035510587605960084,0.4913320546791916,-0.6695089513990475,-0.016558422038837062,0.49105163986110867,-0.6700282209963369,-0.015998625305803937,-1.0,0.0,0.0,-0.9996851433560259,7.65223386164673e-05,0.02509199668367793,-0.8588272730289311,-1.9476868912162344,-1.7593031636179035,-1.0308800175956927,1.55938707374281,-2.0569265346233276,0.03414792413400282,-0.003971405065597122,0.004689095329132531,0.003861282422786161,0.00023616488688071868,-0.001913911901740617,-0.0014284716055361635,0.00038133289041929197
38,0.009500000000000007,0.034787378812222394,0.0008178484363269841,0.8178484363269841,0.02553365146585932,1.462970464551767,1,0.0006821515636730159,3.1143136728719396,4.224817878144619,0.015212621187777609,nan,0,1,1,0.0484167966161896,4.567087504629577e-13,1.5282462246578159e-09,-0.862717163811821,-1.9428423222377726,-1.755525127658575,-1.0307974192496197,1.5575750817153142,-2.058367429034967,0.24371626909510072,-0.6782275616041453,-0.011477865619351879,3.0857756094080377,-0.5839246677117309,-0.035512102243597486,0.4910820546791916,-0.6695089513990475,-0.016558422038837062,0.490793778622537,-0.6700146722890008,-0.015983948922471253,-1.0,0.0,0.0,-0.9996740340319182,0.0006723586314030407,0.025522022181284496,-0.8588590997230203,-1.947715625605325,-1.7592650072729046,-1.030845713069011,1.559341969300077,-2.0569336897050325,0.03439788353782775,-0.003858064088800628,0.004873303367552317,0.003739879614329533,4.829381939130961e-05,-0.001766887584762733,-0.0014337393299346246,0.00038949527439464254
39,0.009750000000000007,0.03504413626190082,0.0008190506101899841,0.8190506101899842,0.02591356429693561,1.484737866355305,1,0.0006809493898100159,3.1139337600408634,4.224811965917807,0.014955863738099186,nan,0,1,1,0.048402873210388844,4.601800067648621e-13,1.5288976067996523e-09,-0.8626196771102129,-1.942683043690421,-1.7556391095724269,-1.0309781647664547,1.55767655972693,-2.0583733412617797,0.24372643422033766,-0.6780680016060423,-0.011423878729568626,3.0859648388907694,-0.5837952355680563,-0.035580794415876534,0.4908320546791916,-0.6695089513990475,-0.016558422038837062,0.4905372651561998,-0.6699972979767612,-0.015970663024255264,-1.0,0.0,0.0,-0.9996642623810212,0.0014304229798970522,0.025871150115668293,-0.8588906307349693,-1.9477440747055659,-1.7592269941106906,-1.030813223697216,1.5592993330471463,-2.0569401079795933,0.03464783747538554,-0.0037290463752436276,0.005061031015144879,0.0035878845382637525,-0.00016494106923858887,-0.0016227733202163197,-0.0014332332821864746,0.0003962987865152798
40,0.010000000000000007,0.03529937494069571,0.0008113043427331665,0.8113043427331665,0.025984039688822225,1.4887758088699385,1,0.0006886956572668335,3.1138632846489767,4.22482442875207,0.014700625059304293,nan,0,1,1,0.048394621424577164,4.635998482045494e-13,1.5293294468606636e-09,-0.8625132554901394,-1.942564441322828,-1.7558213146985813,-1.0311892418757438,1.5577738794256166,-2.0583608784275156,0.24369423585843933,-0.6778486450724014,-0.011426609461179738,3.086231609533321,-0.5836939263187768,-0.03582524346446141,0.4905820546791916,-0.6695089513990475,-0.016558422038837062,0.4902821428786029,-0.6699727468659699,-0.01596414818507295,-1.0,0.0,0.0,-0.999662433834254,0.0024114711865388765,0.02586896185184802,-0.8589197236821808,-1.9477716582710367,-1.7591903419193475,-1.03078073628923,1.5592564159054392,-2.056946754240614,0.03489782370516399,-0.0035935318079585166,0.005207216948208693,0.003369027220766263,-0.0004085055865137299,-0.0014825364798225493,-0.0014141241869016774,0.0004015512355317191
41,0.010250000000000007,0.03555280738908756,0.0007998950779196011,0.7998950779196011,0.026068019043755046,1.4935874714738202,1,0.0007001049220803989,3.113779305294044,4.224853017051659,0.014447192610912443,nan,0,1,1,0.048387673302646324,4.669799886767903e-13,1.529659618484718e-09,-0.8624172530672549,-1.9424483302325417,-1.7560414011847243,-1.031432632518922,1.5578519286859442,-2.0583322901279266,0.24362035461012638,-0.6776015798758533,-0.011445317529144683,3.0865192831453108,-0.5836379932768806,-0.03617817259200606,0.4903320546791916,-0.6695089513990475,-0.016558422038837062,0.4900288096406751,-0.669945015167199,-0.01596032257185795,-1.0,0.0,0.0,-0.9996602484318318,0.0036306909416892667,0.025810962564274433,-0.8589473465404098,-1.9477983399608494,-1.7591554776565415,-1.0307489218641948,1.5592115067729764,-2.056951418004915,0.035147769382575,-0.00346990652684509,0.005350009728307681,0.003114076471817162,-0.0006837106547272764,-0.0013595780870321317,-0.0013808721230117449,0.0004050380065125578
42,0.010500000000000008,0.03580414929817526,0.0007834217275197518,0.7834217275197518,0.02604309706252529,1.492159547132251,1,0.0007165782724802483,3.1138042272752737,4.224893360985455,0.01419585070182474,nan,0,1,1,0.04838241612495992,4.703262619158701e-13,1.5299396182595402e-09,-0.8623198567772754,-1.9423529957006758,-1.7562952314416693,-1.0316957940405318,1.5579203950185834,-2.058291946194131,0.2435194447791149,-0.6773257934684566,-0.011491644760515451,-3.0865537325892194,0.5835498229317087,0.036628773480337176,0.4900820546791916,-0.6695089513990475,-0.016558422038837062,0.48977752438449756,-0.6699129102453367,-0.0159602346490767,-1.0,0.0,0.0,-0.9996608977144892,0.004893339151653818,0.02557625485892784,-0.8589756815227105,-1.947824127519783,-1.759120866984358,-1.0307170967629962,1.5591725922619102,-2.056956858628444,0.03539772573856129,-0.003344175254564874,0.005471131819107189,0.002825635542688776,-0.000978697277535634,-0.0012521972433268136,-0.0013350875656872319,0.00040642355961396925
43,0.010750000000000008,0.03605301273549536,0.0007701259036202677,0.7701259036202677,0.026290587802576443,1.5063397220057515,1,0.0007298740963797324,3.1135567365352226,4.224942723030201,0.013946987264504641,nan,0,1,1,0.04837179363079847,4.736734169874925e-13,1.5304331822184605e-09,-0.8621963164922195,-1.9422202148502266,-1.7565303508146897,-1.0319699778425044,1.557989894836905,-2.0582425841493857,0.24344776466318332,-0.6770544085317665,-0.011503981289859577,-3.086289214291288,0.5833783804148704,0.037019471722004246,0.4898320546791916,-0.6695089513990475,-0.016558422038837062,0.48952884188136797,-0.6698811026755355,-0.0159562100046902,-1.0,0.0,0.0,-0.9996544224023113,0.0062531124220256366,0.02553300523908239,-0.8590057849442484,-1.9478503977890975,-1.759085743030387,-1.0306903213503353,1.5591349675210937,-2.056965473926724,0.03564770023870307,-0.0031905315479711094,0.0056301829388709645,0.0025553922156973385,-0.0012796564921691012,-0.0011450726841886194,-0.001277110222661637,0.00040531249679229275
44,0.011000000000000008,0.03629904148476063,0.000765861587560902,0.7658615875609021,0.026932845683278136,1.543138387928975,1,0.000734138412439098,3.112914478654521,4.225000883616065,0.013700958515239371,nan,0,1,1,0.04835018890210235,4.770704670718081e-13,1.5314634674413887e-09,-0.8620355336631247,-1.9419986083778153,-1.756713811279378,-1.0322579754356054,1.5580599727793467,-2.058184423563521,0.24343459593793002,-0.6768104937322847,-0.011432874849880537,-3.0861123940611166,0.5831796346209992,0.037255301495215595,0.4895820546791916,-0.6695089513990475,-0.016558422038837062,0.48928323089455544,-0.6698509792900926,-0.015941765539005684,-1.0,0.0,0.0,-0.9996373328350661,0.007376863144822334,0.02589951143435001,-0.8590321787799209,-1.947875086411793,-1.759052946588201,-1.0306608912605153,1.5590963911306372,-2.056971583638455,0.03589765049311444,-0.0030033548832038015,0.005876478033977728,0.002339135308822904,-0.00159708417509008,-0.0010364183512905356,-0.001212839925066156,0.00040139099164619024
45,0.011250000000000008,0.036542080938304626,0.0007557573156713963,0.7557573156713963,0.027568949098360204,1.579584428947036,1,0.0007442426843286038,3.1122783752394385,4.225068548917939,0.013457919061695377,nan,0,1,1,0.04833043895621821,4.804086881719888e-13,1.532365751245155e-09,-0.8618327842803968,-1.9418120107729027,-1.7569278176093592,-1.03255462388388,1.558156466340503,-2.0581167582616477,0.24343739918385518,-0.6765211162170643,-0.011400873422577618,-3.085879134605397,0.5829179255854818,0.03755553089975821,0.4893320546791916,-0.6695089513990475,-0.016558422038837062,0.4890405875881659,-0.6698154106533168,-0.015932084445751248,-1.0,0.0,0.0,-0.9996200005918368,0.008860428034104856,0.02610262882984986,-0.8590577222257032,-1.9478991980510592,-1.7590209207905245,-1.030632255100227,1.5590587591259855,-2.056977418057551,0.03614761056358948,-0.002775062054693578,0.006087187278156492,0.00209310318116529,-0.00192236878365315,-0.0009022927854824836,-0.0011393402040966727,0.00039447037471514873
46,0.011500000000000008,0.03678179226227203,0.0007321278409811464,0.7321278409811465,0.027887859802154025,1.5978566663159686,1,0.0007678721590188536,3.1119594645356448,4.225140006837717,0.013218207737727972,nan,0,1,1,0.04831579441914637,4.836789873176956e-13,1.5330957511875355e-09,-0.8616019446272419,-1.9417088099924422,-1.7572208675374101,-1.032874516203303,1.5582868114543542,-2.0580453003418695,0.24341441194412972,-0.676148055594215,-0.011462279481618987,-3.0855113765886264,0.5825904851806801,0.03804869273984966,0.4890820546791916,-0.6695089513990475,-0.016558422038837062,0.4888011480766178,-0.6697682359363051,-0.015934022979813663,-1.0,0.0,0.0,-0.9996111588400156,0.010625491141562247,0.025780420099789182,-0.8590824540732572,-1.9479227573382565,-1.758989644958855,-1.0306044175401055,1.5590219529203135,-2.0569826913705844,0.036397575239565515,-0.0025194905539847046,0.0062139473458142636,0.0017687774214447671,-0.002270098663197606,-0.0007351414659593214,-0.0010626089712850728,0.0003842170227065164
47,0.011750000000000009,0.03701775489803552,0.0007104375371446923,0.7104375371446923,0.028508215794569143,1.6334004464770047,1,0.0007895624628553077,3.1113391085432296,4.225212249535896,0.012982245101964482,nan,0,1,1,0.04829486978019067,4.869427257355896e-13,1.5340860920981947e-09,-0.8613368073629094,-1.941576878262224,-1.7575134875814575,-1.0332201158823464,1.5584438336314483,-2.0579730576436903,0.24341986000706045,-0.6757539285097193,-0.011505302776600612,-3.0851357002327875,0.5822086773496602,0.03851144962285963,0.4888320546791916,-0.6695089513990475,-0.016558422038837062,0.488565616293103,-0.6697177221882219,-0.015933804685419595,-1.0,0.0,0.0,-0.9995936683366573,0.01258036723868685,0.02557797062717834,-0.8591068612055454,-1.9479459732127409,-1.758958793077694,-1.0305775758575826,1.5589861999383756,-2.056987864404325,0.03664754466754864,-0.002229946157364049,0.0063690949505168515,0.0014453054962364487,-0.0026425400247638287,-0.0005423663069272777,-0.0009851932393654117,0.00037021023048688234
48,0.012000000000000009,0.03724952404608569,0.0006974963098197026,0.6974963098197026,0.029526712140176516,1.6917559885298048,1,0.0008025036901802974,3.1103206121976226,4.225280430830235,0.012750475953914313,nan,0,1,1,0.04826380430896629,4.902296038267747e-13,1.5355464202064102e-09,-0.8610362234953819,-1.9413709900934328,-1.7577773827164815,-1.0335919544651893,1.5586173537224255,-2.0579048763493515,0.24347019850608154,-0.6753650561271816,-0.011486061455195429,-3.0848072441255057,0.5817740500883618,0.038864991128168866,0.4885820546791916,-0.6695089513990475,-0.016558422038837062,0.48833453496646984,-0.6696665395575155,-0.01592564951546321,-1.0,0.0,0.0,-0.9995641183042522,0.01453135465893513,0.02569850443934919,-0.8591307205361703,-1.9479689506272422,-1.7589284427082452,-1.0305527735162994,1.5589506556647754,-2.056994078750558,0.03689750022404326,-0.0019055029592115469,0.006597960533809344,0.001151059991763681,-0.0030391809488898858,-0.0003333019423499284,-0.0009107975987934225,0.0003520238220424271
49,0.01225000000000001,0.03747687948997594,0.0006855569559897772,0.6855569559897772,0.030690617304968134,1.7584428422258431,1,0.0008144430440102229,3.109156707032831,4.225342585984373,0.012523120510024063,nan,0,1,1,0.04822878141125858,4.934918480920467e-13,1.537194748772945e-09,-0.8607307411368034,-1.941150463083018,-1.7580758595201147,-1.0339990665231085,1.5587910842761714,-2.057842721195213,0.2434973048808427,-0.6749456672931057,-0.011471128103612727,-3.084447201112157,0.5813157114627148,0.03928580806586156,0.4883320546791916,-0.6695089513990475,-0.016558422038837062,0.48810799180400194,-0.6696105498112199,-0.015918529914716317,-1.0,0.0,0.0,-0.9995290799703079,0.016644346265926743,0.025779527363586564,-0.8591526461808915,-1.9479908890852846,-1.7588992445378684,-1.0305261394484566,1.5589165036438168,-2.056999129579838,0.037147465599399736,-0.0015780949559118795,0.006840426002266531,0.0008233850177536972,-0.003472927074651855,-0.0001254193676454296,-0.000843591615374617,0.0003294138905762037
50,0.01250000000000001,0.037699527189236234,0.0006725928388737375,0.6725928388737374,0.031974942626797606,1.832029262688453,1,0.0008274071611262626,3.1078723817110014,4.2254154511239665,0.012300472810763768,nan,0,1,1,0.04819037773143991,4.967218386697947e-13,1.5390059884816343e-09,-0.8604050576659978,-1.9409395690502773,-1.7584325747674245,-1.0344446401962093,1.5589676632602347,-2.05776985605562,0.24349764476591892,-0.674470360827708,-0.011487436533214934,-3.084021512477337,0.5808290697735331,0.03983362942198573,0.4880820546791916,-0.6695089513990475,-0.016558422038837062,0.48788627701055115,-0.6695465870358452,-0.015916054706068043,-1.0,5.096193663453712e-13,0.0,-0.9994888450744932,0.01904169838034656,0.025679997944854174,-0.8591739584603002,-1.9480124451711704,-1.7588705775823434,-1.030500931490331,1.5588832966654822,-2.057004159621448,0.03739743844671684,-0.0012310992056976389,0.0070728761208931346,0.00043800281491890303,-0.003943708705878235,8.436659475252739e-05,-0.000765696434172014,0.00030208874251939216
51,0.01275000000000001,0.037916864099674305,0.0006660097245805821,0.6660097245805822,0.028042116046278844,1.6066948980678604,1,0.0008339902754194179,3.11180520829152,4.22550746651294,0.012083135900325698,nan,0,1,1,0.04814489528699244,4.999405141424175e-13,1.5411538527353262e-09,-0.8600659046699441,-1.9406961027378429,-1.7588250657824573,-1.0349352070177391,1.5591452436221884,-2.0576778406666465,0.2434809927333746,-0.6739569301835943,-0.011496171528113719,-3.0835636149014474,0.5803453334213152,0.04043948610055989,0.4878320546791916,-0.6695089513990475,-0.016558422038837062,0.4876701078131529,-0.6694768662752152,-0.01591319904587664,-0.9999479532614245,0.010202488338043556,0.0,-0.999438164776461,0.02163181582398317,0.025601158810041977,-0.859194844238789,-1.9480343065037427,-1.7588412545945293,-1.0304772481924314,1.558851896002632,-2.0570083168130004,0.037647365375774844,-0.0008710604311551462,0.007338203765899776,1.6188812071993297e-05,-0.004457958825307751,0.00029334761955635,-0.0006695238536460479,0.00026949872389946117
52,0.01300000000000001,0.03812879579993263,0.0006702036244339763,0.6702036244339763,0.025921324853691738,1.4851825135041028,1,0.0008297963755660238,3.113925999484107,4.225619399233151,0.011871204200067376,nan,0,1,1,0.04809172439894427,5.031527637616352e-13,1.5436717031816138e-09,-0.8596947014776688,-1.9404197159705168,-1.7592260024104518,-1.0354528038130058,1.5593366489965779,-2.057565907946435,0.24348341090244127,-0.6734189882535562,-0.0114865664498221,-3.083097773272401,0.5798413229487462,0.04103518839440844,0.4875820546791916,-0.669508951399047,-0.016558422038837062,0.48745962378641394,-0.6694028544191291,-0.01590809365597929,-0.9997918184634089,0.020403914664352502,0.0,-0.9993751959607654,0.02435399192132219,0.025614464192675934,-0.8592152331593814,-1.9480549663630597,-1.758813995851144,-1.0304536172991867,1.5588191626154644,-2.057013096965107,0.03789735267152175,-0.00047946831828737935,0.0076352503925429804,-0.0004120065593078426,-0.004999186513819032,0.0005174863811134855,-0.000552810981327756,0.000231443128410877
53,0.01325000000000001,0.03833509126856221,0.0006830081193344707,0.6830081193344707,0.03765586404866608,2.1575220839069753,1,0.0008169918806655293,3.102191460289133,4.225753456066704,0.011664908731437794,nan,0,1,1,0.04803075370802538,5.063578595144087e-13,1.5465700952371918e-09,-0.8592698309399659,-1.9401283711830357,-1.7596505669275415,-1.0359940089676918,1.5595577939056047,-2.057431851112882,0.24351626238201968,-0.672835904498287,-0.01147884782392955,-3.082599217261839,0.5792814008116512,0.041641400971718395,0.4873322714109185,-0.6694985437628689,-0.016558422038837062,0.4872550943742666,-0.6693217050411508,-0.01590323362121082,-0.9984920388718002,0.05489670581770438,0.0,-0.9992984345937737,0.02731621692170674,0.025621532185249606,-0.8591818246042444,-1.9480371614887162,-1.7588403411182194,-1.0304864193129168,1.5588377871049097,-2.0570063272135233,0.038147295574797416,-8.800633572147998e-05,0.00790879030568048,-0.0008102258093221071,-0.005507589654774936,0.00072000680069495,-0.0004255238993589039,0.00018779569376479316
54,0.01350000000000001,0.03853561223743465,0.0007063603153292904,0.7063603153292904,0.066856053056149,3.8305696750200466,1,0.0007936396846707096,3.07299127128165,4.2258991407680675,0.01146438776256535,nan,0,1,1,0.0479606695331499,5.09565751180189e-13,1.5499169079620533e-09,-0.8587791986185417,-1.9398292324386412,-1.7601180949219173,-1.0365675168585164,1.5598199887768809,-2.0572861664115183,0.24357764774619153,-0.6721876519262863,-0.011486974004633443,-3.0820438615133083,0.5786249780429897,0.04228999315150628,0.48708265074270296,-0.6694863054077063,-0.016558422038837062,0.48705674248256275,-0.6692304964772803,-0.01590051972979497,-0.9957315125396728,0.09229710144666231,0.0,-0.9992042837161517,0.030626895030934582,0.02554980829784416,-0.8591362500498155,-1.9480090129068526,-1.7588812550049713,-1.030533875305651,1.5588691559813397,-2.0569978591611315,0.03839713555666327,0.0003570514312738471,0.008179780468211328,-0.0012368399169460087,-0.006033641552865454,0.000950832795541201,-0.00028830725038675453,0.0001384766807713822
55,0.01375000000000001,0.038730186432582664,0.0007350142978804058,0.7350142978804057,0.13343376010977362,7.645191298851109,1,0.0007649857021195943,3.0064135642280254,4.226053020628445,0.011269813567417339,nan,0,1,1,0.04788040040875423,5.127845964990123e-13,1.5537717470709965e-09,-0.8582028296838176,-1.9395246298351825,-1.7606081419319295,-1.0371569632086979,1.5601414654264816,-2.057132286551141,0.24370177178245708,-0.6714815149028062,-0.011505399736593425,-3.081446398941779,0.5778383296013531,0.042921221575028236,0.48683494320069187,-0.669452527106523,-0.016558422038837062,0.4868648334330163,-0.669129669668636,-0.015898789059900127,-0.9863724163143543,0.16452798039902522,0.0,-0.9990889052139621,0.03426273680881838,0.025444534673211765,-0.8589748101613077,-1.947901422711711,-1.7590337408010455,-1.030701583047402,1.5590039164479557,-2.0569635964571735,0.03864585454254783,0.000771980477490164,0.008376792876528594,-0.0015744011308840289,-0.006455380161295876,0.0011375489785259152,-0.00016869009396769385,8.433189003483055e-05
56,0.01400000000000001,0.03891839637915565,0.0007718534168886881,0.7718534168886881,0.2215960586642162,12.696518918192988,1,0.0007281465831113119,2.918251265673583,4.226210432655372,0.01108160362084435,nan,0,1,1,0.04779004780525307,5.160100455405947e-13,1.558139421392241e-09,-0.8575661059050994,-1.9391933281594342,-1.7611065243458437,-1.0377666264146057,1.560515018605003,-2.0569748745242142,0.24387703013014125,-0.670736320568444,-0.011512824412298006,-3.0808253749806727,0.5769584010615006,0.043504352656190584,0.48659004827155294,-0.6694062125334731,-0.016558422038837062,0.48667985157564975,-0.6690216595148817,-0.015895238776361093,-0.9668239680188416,0.25544356493030307,0.0,-0.9989496865808043,0.038127401515464114,0.025413085876998642,-0.8587484648315549,-1.9477503829340308,-1.7592465228076952,-1.0309327919032096,1.5591985963144774,-2.0569138195843806,0.03889244089653217,0.0011823589264554624,0.008557054774596562,-0.0018600015381484702,-0.006833834511396075,0.0013164222905255318,-6.105493983366017e-05,2.595548262348396e-05
57,0.014250000000000011,0.0391001619571606,0.0008059440009635056,0.8059440009635056,0.3575680175566816,20.48713829485758,1,0.0006940559990364944,2.7822793067811173,4.226367869920514,0.0108998380428394,nan,0,1,1,0.04768871186297952,5.192504437040887e-13,1.5630748021162967e-09,-0.856859720410208,-1.9388472694889507,-1.7616222287708052,-1.0383971367859137,1.5609642845474319,-2.0568174372590726,0.24411128199321339,-0.6699359269533933,-0.011523066015794226,-3.0801530034762736,0.5759600319561884,0.044042617752109624,0.48635165260526936,-0.6693309296914889,-0.016558422038837062,0.48650199266910166,-0.6689040635376281,-0.01589154207618706,-0.9214351100426998,0.3885322869216887,0.0,-0.9987819225889093,0.04230806471002806,0.025390919047842745,-0.8583705660070584,-1.9474967095178115,-1.75960327420934,-1.0313179666354106,1.5595288007199015,-2.056837069282373,0.039134256800394146,0.0015108455968504408,0.008649440028860811,-0.0020189545614652804,-0.007079170150503078,0.0014354838275303372,1.9632023300353296e-05,-3.409484323354389e-05
58,0.014500000000000011,0.03927532253344231,0.0008207356258144124,0.8207356258144124,0.5631179076932082,32.2642794790583,1,0.0006792643741855876,2.5767294166445907,4.226526434493325,0.01072467746655769,nan,0,1,1,0.047577263868886964,5.224986266583046e-13,1.5685477668834934e-09,-0.856104520381556,-1.938500230389929,-1.7621749089633432,-1.039053617652203,1.56146873002079,-2.056658872686262,0.2443701278635375,-0.6690763147527484,-0.011552111413445476,-3.079414032610918,0.5748749165249236,0.044603319097838524,0.4861347699029942,-0.66921076154824,-0.016558422038837062,0.4863314747967178,-0.6687764632380654,-0.015890365806139808,-0.8199564737267997,0.5724258739727895,0.0,-0.9985835193598448,0.04681791284883955,0.02527919894666513,-0.8577611964419267,-1.9470859405125904,-1.7601805805064386,-1.0319404169765514,1.5600686689300372,-2.0567048920322044,0.039360261396390955,0.0016566760603706765,0.008585710122661405,-0.001994328456904615,-0.007113200675651576,0.0014000610907527467,4.6019345942394096e-05,-8.493886294864278e-05
59,0.014750000000000011,0.0394436344485841,0.0008171444764451916,0.8171444764451916,0.7971206745120584,45.67165041216236,1,0.0006828555235548085,2.3427266498257406,4.226685410515471,0.010556365551415904,nan,0,1,1,0.04745615482589851,5.257497380327817e-13,1.5745497087137921e-09,-0.8553019545660221,-1.9381382368054028,-1.7627534496242092,-1.039728332142477,1.5620169433858608,-2.056499896664115,0.2446580357622855,-0.6681725195304841,-0.011585010048093147,-3.078637382640756,0.5737099568669801,0.045157894198725054,0.48594518977934187,-0.6690536540492514,-0.016558422038837062,0.48616861684545243,-0.6686406819313184,-0.01588964743456142,-0.6611568929856046,0.750247667678895,0.0,-0.998351665632108,0.051585944820342754,0.025156351615212902,-0.8569553073294344,-1.9465546286252406,-1.7609268384421692,-1.0327503270754919,1.5607787789343357,-2.0565303690080423,0.03956333360290045,0.0016533527634122747,0.008416391819837887,-0.0018266111820399722,-0.0069780050669852045,0.0012381644515251367,3.0472343927279155e-05,-0.00011969915431635225
60,0.015000000000000012,0.039605056205634356,0.0007845854997869589,0.7845854997869589,1.0327513069723013,59.172291176132575,1,0.0007154145002130412,2.107096017365498,4.226843693085236,0.010394943794365646,nan,0,1,1,0.04732392111179025,5.290176046912303e-13,1.5811682731001813e-09,-0.8544370742489169,-1.9377438414871848,-1.763352256655522,-1.0404329275634754,1.5626141722399176,-2.05634161409435,0.2449879938624143,-0.667221096441168,-0.011607565290700339,-3.0778309110629425,0.572441539383266,0.04568766027371487,0.4858065147302855,-0.668845641475667,-0.016558422038837062,0.4860136366793245,-0.6684959137739099,-0.015887329318472785,-0.4631495038445839,0.8862801685068418,0.0,-0.9980791864627265,0.05663934332170827,0.025098253684022978,-0.8558717390574241,-1.9458519496540423,-1.7619154618962147,-1.0338158570843614,1.5617178872614543,-2.0563018856687605,0.03972532475698266,0.00143466480850718,0.008108108166857475,-0.0014367947593072472,-0.006617070479113973,0.0008962849784632798,-3.9728425589302674e-05,-0.00012026855134830705
61,0.015250000000000012,0.03975959143455651,0.0007404677212777477,0.7404677212777476,1.1847033128836495,67.87849980339976,1,0.0007595322787222524,1.9551440114541494,4.227013299154887,0.01024040856544349,nan,0,1,1,0.04718195677077881,5.322927277939035e-13,1.5883501532500396e-09,-0.8535342845202961,-1.9373224148281405,-1.7639801179615566,-1.0411730928162144,1.5632400392677193,-2.0561720080246997,0.24533033025396278,-0.6662245379662894,-0.011625330126215194,-3.076986991163808,0.5711259000208116,0.04623693189722824,0.48572005052125977,-0.6686126048988839,-0.016558422038837062,0.48586657902125113,-0.6683428986301406,-0.015884567177947014,-0.31856106411694435,0.9479023411874664,0.0,-0.9977645184704381,0.06195046313909677,0.025062038989402555,-0.8546351078358497,-1.9450740622871445,-1.7630101196592998,-1.0349944266403002,1.562772512074863,-2.0560343767254117,0.039839977012204965,0.0011008233155536118,0.00775164745900403,-0.0009699983022568581,-0.006178666175914227,0.0004675271928562541,-0.0001376312992880102,-8.038557764845217e-05
62,0.015500000000000012,0.039907349190826336,0.0007068406131051756,0.7068406131051757,1.3038880048911705,74.70727963799732,1,0.0007931593868948244,1.8359593194466284,4.227193188907495,0.010092650809173667,nan,0,1,1,0.047030343576005156,5.355779242964939e-13,1.5961079731199177e-09,-0.8525966851805526,-1.9368759135808282,-1.7646397526501436,-1.0419546859058653,1.5638905456979724,-2.0559921182720915,0.24567792054771315,-0.665181092452579,-0.011640179501115178,-3.0761013776189228,0.5697655910528572,0.04682261843314554,0.4856542982572273,-0.6683720709712008,-0.016558422038837062,0.4857274481956937,-0.668181395577425,-0.01588172740087567,-0.19807533953917053,0.9801867984554997,0.0,-0.9974032983859583,0.06752743498780307,0.02503409460673872,-0.8533500949897038,-1.944289045106183,-1.7641165672266883,-1.0362079327848124,1.5638576391654344,-2.0557638447161266,0.03992775439013182,0.0007534098091511732,0.007413131525354721,-0.0005231854234553079,-0.005746753121052883,3.290653253795739e-05,-0.0002282735559648863,-2.0405199305482957e-05
63,0.01575000000000001,0.04004845159748819,0.0006857120758280451,0.6857120758280452,1.3708760716152846,78.54541313902979,1,0.0008142879241719549,1.7689712527225143,4.227376594702697,0.009951548402511813,nan,0,1,1,0.04687492234594071,5.387868605039551e-13,1.6039662777936804e-09,-0.8516344101266655,-1.9364051371416644,-1.7653434740093752,-1.0427870789525344,1.5645631430717986,-2.055808712476889,0.24601335454060813,-0.6640846302195271,-0.01165741621383759,-3.0751606876658713,0.5683635369668121,0.047474610274655375,0.48562051995604394,-0.6681243634291898,-0.016558422038837062,0.4855960015085788,-0.6680164542977767,-0.015881697932551515,-0.12617854273796808,0.9920075480320313,0.0,-0.996991335399318,0.07337873713922195,0.024976750680136245,-0.8520136215100421,-1.9434898418315751,-1.7652453916671074,-1.0374508440155952,1.5649725954117317,-2.055477006574133,0.03998660088646759,0.00037921138337659865,0.007084704689910737,-9.808234226782453e-05,-0.005336234936939244,-0.00040945233993316954,-0.0003317059027558855,6.185071102059875e-05
64,0.01600000000000001,0.04018325205734266,0.0006820295966433386,0.6820295966433386,1.4201419889137912,81.36814227407478,1,0.0008179704033566614,1.7197053354240077,4.227571720120623,0.009816747942657342,nan,0,1,1,0.04672192591828541,5.418335582221156e-13,1.6114317494629956e-09,-0.850654575009682,-1.9359212206238965,-1.7661051125360978,-1.0436661321695855,1.5652457750221538,-2.0556135870589634,0.24632089639663174,-0.662931269579138,-0.011689612215671052,-3.0741567005498163,0.5669424109255002,0.048230197649972724,0.48559733649088466,-0.6678757148793224,-0.016558422038837062,0.485471665242033,-0.667853331342429,-0.0158884443636973,-0.07103451513700024,0.9974738581332602,0.0,-0.9965270888222392,0.07949809570039648,0.02477527040182831,-0.8506355931839134,-1.942688555562482,-1.7663796512140182,-1.0387075786822197,1.566102391310431,-2.0551932076014787,0.04003094710931482,-1.8981825768649152e-05,0.006767334938585501,0.00027453867792037734,-0.0049585534873657355,-0.0008566162882772677,-0.000420379457484632,0.00015230494802784267
65,0.01625000000000001,0.040311929958970115,0.0007061445275100764,0.7061445275100764,1.4482694855762828,82.97972912110386,1,0.0007938554724899236,1.6915778387615161,4.2277768475324855,0.009688070041029888,nan,0,1,1,0.0465598043236788,5.448945191430735e-13,1.6194685520616833e-09,-0.8496493276096638,-1.9354126092520585,-1.7669017504676263,-1.044581997361636,1.565949469703587,-2.0554084596471007,0.24662527017490846,-0.6617342555342844,-0.011720163183161325,-3.073111565642578,0.5654918514752524,0.04902479414038416,0.48558692885470656,-0.6676259316110493,-0.016558422038837062,0.48535485374646525,-0.6676824730583844,-0.015893903940813782,-0.036558521305649225,0.9993315138230878,0.0,-0.9960026885010816,0.08586550662215756,0.024612177293721,-0.8492282759397347,-1.9418948579353346,-1.7675063962482618,-1.0399665815064065,1.5672321262550206,-2.0548991001143957,0.04006358543195368,-0.0004210516699291178,0.006482248683276071,0.0006046457806354599,-0.004615415855229399,-0.0012826565514336696,-0.0005093595327050338,0.000248344527016435
66,0.01650000000000001,0.04043470990674465,0.0007535722561228791,0.753572256122879,1.463234478919238,83.83716008009657,1,0.000746427743877121,1.676612845418561,4.227992241198539,0.009565290093255352,nan,0,1,1,0.046389188291077695,5.47968676900248e-13,1.628059720586786e-09,-0.8485987821870586,-1.9348732609102417,-1.7677095453832332,-1.0455247616301333,1.5666885754082118,-2.0551930659810473,0.2469602264911405,-0.6605022087528033,-0.011736052279472275,-3.0720450730731406,0.5639851146330669,0.049796351111835974,0.48558205467920657,-0.667376033112337,-0.016558422038837062,0.485245426907058,-0.6675047245778235,-0.015896612855667656,-0.014980416574903822,0.999887787263772,0.0,-0.995414676609684,0.09245320868050459,0.024536213944236784,-0.8478054894812398,-1.9411148072920743,-1.7686156433110696,-1.0412111930828394,1.568356675123944,-2.054605843099045,0.040090284930095366,-0.0007932927058188488,0.006241546381832608,0.0009060979278363579,-0.004313568547293922,-0.0016680997157321187,-0.0005872228820025249,0.0003444249766492852
67,0.01675000000000001,0.04055159699176354,0.0008164622908005772,0.8164622908005772,1.4665907910534122,84.02946260011329,1,0.0006835377091994228,1.6732565332843867,4.228222096878695,0.009448403008236461,nan,0,1,1,0.04621048573568827,5.510540467359167e-13,1.6372011016581224e-09,-0.8474961861207935,-1.934312656368456,-1.7685290441755008,-1.046485148056097,1.5674603713906972,-2.0549632103008912,0.24733064663535118,-0.6592351170884068,-0.011743929221441074,-3.0709596369850662,0.5624187045793759,0.05054885621216997,0.48558205467920657,-0.667126033112337,-0.016558422038837062,0.48514347701819666,-0.6673199864494368,-0.015897632805729978,-0.004778028956237044,0.9999885851544974,0.0,-0.9947590828737654,0.0992651924341681,0.024510989599628497,-0.846364677691605,-1.9403508441255406,-1.769705474892641,-1.042446962945917,1.5694690138067786,-2.054309405828676,0.04011316009926942,-0.0011315084291885213,0.006038187757084534,0.0011764307171402422,-0.004038185110180059,-0.002008642416081452,-0.0006538044722153025,0.00043843689249412066
68,0.01700000000000001,0.04066276123322834,0.0008854013192536518,0.8854013192536518,1.4642211899360094,83.89369445695662,1,0.0006145986807463482,1.6756261344017895,4.228461471269082,0.009337238766771665,nan,0,1,1,0.04602194443347571,5.541702847449321e-13,1.6470068681400205e-09,-0.8463191420789936,-1.9337313136849954,-1.7693620255036278,-1.0474654236100336,1.5682770612027657,-2.054723835910504,0.24775323286795461,-0.657922464173609,-0.011745720137387117,-3.069850943013369,0.5607490314000421,0.05127657206917831,0.48558205467920657,-0.6668760331123369,-0.016558422038837062,0.4850491268286618,-0.6671262613737787,-0.01589712844335496,0.0,1.0,0.0,-0.9940235622428517,0.10637350005640311,0.0245323499033828,-0.8449087144832661,-1.939598711401026,-1.7707805743809601,-1.0436683140208864,1.5705751428331076,-2.0540152204826905,0.040136394726903724,-0.0014104275957275147,0.00586739771603062,0.0014185488773323929,-0.0037971095891471407,-0.0022980816303419527,-0.0007086154278135304,0.0005263665063246145
69,0.017250000000000012,0.04076813251358154,0.0009527499904466655,0.9527499904466654,1.4567247416115439,83.46417960662683,1,0.0005472500095533346,1.683122582726255,4.228715231566984,0.009231867486418466,nan,0,1,1,0.04582305675861207,5.573230993362546e-13,1.6575289935062036e-09,-0.8450691184140477,-1.93314804605594,-1.7702204478872994,-1.0484666132335676,1.5691364421452805,-2.054470075612603,0.2482173740882631,-0.6565545198231322,-0.011758715085665006,-3.0686988888478854,0.5589826732741896,0.05202083090261474,0.48558205467920657,-0.6666260331123369,-0.016558422038837062,0.48496266764239465,-0.6669223188098261,-0.01589788662843969,0.0,1.0,0.0,-0.993198758876992,0.11382435663643643,0.024499820438197564,-0.8434326602130405,-1.9388645017977597,-1.7718331197649537,-1.0448814665545825,1.5716709385614256,-2.0537157852635426,0.040161085808011525,-0.0016364582010072182,0.00571645574181967,0.001612671877654348,-0.0035851466789851294,-0.0025344964161451156,-0.0007542903490604935,0.0006070467055700121
70,0.017500000000000012,0.04086763064173308,0.001014652465571005,1.014652465571005,1.4489217374293337,83.01710039946326,1,0.0004853475344289951,1.6909255869084652,4.2289875051205295,0.009132369358266924,nan,0,1,1,0.04561531713779436,5.605005040810901e-13,1.6687135811149463e-09,-0.8437492705308087,-1.9325869611007778,-1.7710948859995461,-1.0494701643236235,1.5700350888843273,-2.0541978020590568,0.2487270502200801,-0.6551407056285158,-0.011795020046104499,-3.067506347111414,0.5571319852772103,0.05278067135036299,0.48558205467920657,-0.666376033112337,-0.016558422038837062,0.4848842127617478,-0.6667093688884124,-0.015901593640764163,0.0,1.0,0.0,-0.9922836785841586,0.12157310437032273,0.024353264858186317,-0.8419375972799272,-1.9381443398793938,-1.7728676648144732,-1.0460812694227055,1.572760087551202,-2.053415531026049,0.040187575578154125,-0.0018116732508814959,0.005557378778616062,0.0017727788149271007,-0.0033888949009179825,-0.0027249986668747006,-0.0007822710330076532,0.0006800550635789535
71,0.017750000000000012,0.04096114368152237,0.0010713145634475827,1.0713145634475827,1.4408818700954023,82.55644993338389,1,0.0004286854365524173,1.6989654542423966,4.2292646576290345,0.009038856318477631,nan,0,1,1,0.045400136495882995,5.636904740988013e-13,1.6805091406675405e-09,-0.8423710225220433,-1.9320367323442815,-1.7719699353767606,-1.0504770968180561,1.5709721323338535,-2.053920649550552,0.249282255308078,-0.6536961842222376,-0.011840252248561722,-3.0662901539483003,0.5551969357094299,0.053525596256892106,0.48558205467920657,-0.666126033112337,-0.016558422038837062,0.48481388693135047,-0.6664893406357358,-0.015906010475136383,0.0,1.0,0.0,-0.9912781980437767,0.12954932066844524,0.024176591931606536,-0.8404205297828743,-1.9374428395929468,-1.773878677441451,-1.047273287817432,1.5738377015922786,-2.0531110112987885,0.040215983757709226,-0.0019504927391690297,0.005406107248665304,0.001908742064690383,-0.0032038090006241138,-0.0028655692584251824,-0.0008096382517637224,0.0007451599238131462
72,0.018000000000000013,0.041048377463043115,0.0011206096781955941,1.120609678195594,1.4326200172892385,82.08308063663239,1,0.0003793903218044059,1.7072273070485604,4.229545291781021,0.008951622536956888,nan,0,1,1,0.04517807468010673,5.668867233670354e-13,1.6929140292506427e-09,-0.8409144610366994,-1.9315172757990788,-1.7728328454382598,-1.0514618947998209,1.5719492294883535,-2.0536400153985657,0.24990796869713133,-0.6522287125720324,-0.01190310251825727,-3.0650665408260545,0.553147073441819,0.05423236600276575,0.48558205467920657,-0.6658760331123369,-0.016558422038837062,0.4847520638042617,-0.6662625674410767,-0.01591230098897133,0.0,1.0,0.0,-0.9901797854725118,0.13773703609613186,0.023927000001321433,-0.838880891494667,-1.9367572502577215,-1.7748692538281874,-1.0484514906750517,1.5749054123048565,-2.0528049592680984,0.04024633618222757,-0.0020335695420323763,0.00523997445864266,0.0020364083899275798,-0.0030104041247691615,-0.0029561828165030057,-0.0008350561304673043,0.0008020412808155478
73,0.018250000000000013,0.04112916731063535,0.001162679633941464,1.162679633941464,1.4241471891496555,81.59762334369461,1,0.000337320366058536,1.7157001351881433,4.229830525835444,0.00887083268936465,nan,0,1,1,0.04494912301182523,5.700894112638793e-13,1.7059572373377373e-09,-0.8393790059493037,-1.9310149080964354,-1.7736763735788184,-1.0524302059399804,1.572964630688389,-2.0533547813441415,0.25060740492929556,-0.6507424222400244,-0.011971003762361432,-3.0638460507465233,0.5509854364166074,0.0548845657406529,0.48558205467920657,-0.6656260331123369,-0.016558422038837062,0.48469905075720343,-0.6660293627609052,-0.01591853673700935,0.0,1.0,0.0,-0.9889829042843822,0.1461240639256864,0.023676422345244086,-0.8373203449155316,-1.9360886680904807,-1.7758378099664902,-1.049617385544868,1.575963499110325,-2.0524950898749976,0.04027864848111265,-0.002058661033772058,0.005073759994045357,0.0021614363876718556,-0.0028128203951123254,-0.002998868421935974,-0.0008596914691438862,0.000850518829522702
74,0.018500000000000013,0.041203432087854965,0.0011968674931632686,1.1968674931632686,1.4155033621012434,81.10236853497958,1,0.00030313250683673145,1.7243439622365555,4.230111869960153,0.008796567912145038,nan,0,1,1,0.04471454165456987,5.732877845771889e-13,1.7195936704225725e-09,-0.8377767483944324,-1.9305391955218525,-1.7744932230623343,-1.0533776285023964,1.5740182597044412,-2.053073437219433,0.2513757144492641,-0.6492456948044979,-0.012047209941587478,-3.0626284584366634,0.5487179407494691,0.05547963727184065,0.48558205467920657,-0.665376033112337,-0.016558422038837062,0.48465490955437995,-0.6657908545753093,-0.015925321045662463,0.0,1.0,0.0,-0.9876890282775519,0.15466954515735037,0.023403316452240364,-0.8357363009644762,-1.9354375109197137,-1.7767838495412045,-1.050769904110039,1.577009802889158,-2.052184039973001,0.04031292203910262,-0.002040447429956238,0.00489831539786123,0.002290626478870239,-0.002607724392357458,-0.0029915431847167273,-0.0008893972464321109,0.0008905100487523465
75,0.018750000000000013,0.041270966943998795,0.0012228270063287018,1.222827006328702,1.406747119922159,80.6006728137236,1,0.00027717299367129825,1.7331002044156398,4.230393008606258,0.008729033056001208,nan,0,1,1,0.04447614120262256,5.764635572930102e-13,1.7337410183588307e-09,-0.8361224256520619,-1.9300990338203075,-1.7752816969970073,-1.054294693740506,1.5750966967636404,-2.052792298573328,0.2522013923836796,-0.6477485302533957,-0.012136197569992513,-3.0614199666832063,0.5463745411284954,0.05602785580115823,0.48558205467920657,-0.665126033112337,-0.016558422038837062,0.4846197177597281,-0.665548719514031,-0.015933482244426058,0.0,1.0,0.0,-0.986304111028739,0.16331437709625068,0.023078448853259808,-0.8341303837115753,-1.9348037977474006,-1.7777071631214523,-1.0519084140086767,1.5780445435905197,-2.0518692502206757,0.04034916700644193,-0.001992041940486522,0.004704763927093181,0.0024254661244449416,-0.002386279731829255,-0.002947846826879319,-0.0009230483526523336,0.0009217999375568664
76,0.019000000000000013,0.04133168134051634,0.0012420451361459526,1.2420451361459526,1.397935668370804,80.09581382844695,1,0.00025795486385404745,1.741911655966995,4.230677157250136,0.008668318659483663,nan,0,1,1,0.04423525256068035,5.796038184530168e-13,1.7483394942295047e-09,-0.8344247067492108,-1.9296738312441055,-1.7760383248501181,-1.0551865085118837,1.5761815678942992,-2.0525081499294506,0.2530754776329066,-0.6462613159207318,-0.012221470113671917,-3.060242997873279,0.5439774077346563,0.056523974751986554,0.48558205467920657,-0.6648760331123369,-0.016558422038837062,0.48459345915661733,-0.6653046046011608,-0.015940618273950834,0.0,1.0,0.0,-0.9848330889296428,0.17200107434759984,0.022790729970093085,-0.8325001772360416,-1.93418910614584,-1.7786054861050156,-1.053032658546523,1.579066262097562,-2.051553523932344,0.04038738501939379,-0.0019245295131691265,0.004515274901734534,0.002567161254897421,-0.0021538499653606102,-0.002884694203262761,-0.0009546259971067173,0.0009442963211225494
77,0.019250000000000014,0.04138541716135631,0.001254098938065763,1.254098938065763,1.3891014133936708,79.58964830311479,1,0.000245901061934237,1.7507459109441281,4.230959771767212,0.008614582838643692,nan,0,1,1,0.043993090627446774,5.826950064808901e-13,1.7633302204098317e-09,-0.832705512499352,-1.9292662815636443,-1.776769016558884,-1.056053845407042,1.5772703487653583,-2.052225535412374,0.25397899700626636,-0.6447869016445787,-0.012307182818304507,-3.059088300344919,0.5415522102929382,0.05698129838901388,0.48558205467920657,-0.6646260331123369,-0.016558422038837062,0.484576168047489,-0.665059543055753,-0.01594766401838302,0.0,1.0,0.0,-0.9832812996563686,0.18069684533516772,0.022506350925933533,-0.8308471068028049,-1.9335937680101547,-1.779477857856763,-1.0541415839488242,1.5800763940548341,-2.051234083719738,0.040427578248856934,-0.0018584056965470497,0.004327486446510376,0.00270884129787885,-0.0019122614582178787,-0.0028060452894758114,-0.0009914516926361472,0.0009578389124993772
78,0.019500000000000014,0.04143209396253194,0.0012604179020187136,1.2604179020187136,1.3802700330679851,79.08364748317813,1,0.0002395820979812864,1.7595772912698138,4.231251726205793,0.008567906037468064,nan,0,1,1,0.04375002438110831,5.857334409709827e-13,1.778708122367618e-09,-0.8309563556452328,-1.9288607452817004,-1.7774576852717325,-1.05689336774025,1.5783650846995736,-2.0519335809737935,0.2549301545044331,-0.6433331293463884,-0.012376579097122198,-3.0579757558229876,0.5391060706017593,0.057355702812927435,0.48558205467920657,-0.664376033112337,-0.016558422038837062,0.4845678969512494,-0.6648142085337042,-0.015951676877617244,0.0,1.0,0.0,-0.9816507001248763,0.18937569146583644,0.022332720975655966,-0.8291691492501293,-1.9330178866809962,-1.7803247089526764,-1.0552333034081076,1.5810695832431676,-2.0509082523693047,0.04046975239398004,-0.0017872063951035466,0.004157141399295794,0.0028670236809438254,-0.0016600643321422748,-0.0027044985435940028,-0.0010253286044887844,0.0009623415685518985
79,0.019750000000000014,0.04147143433869073,0.0012593439933759776,1.2593439933759776,1.3713887430298748,78.57478704736282,1,0.0002406560066240224,1.768458581307924,4.231552043510014,0.008528565661309273,nan,0,1,1,0.04350496124477748,5.887267004917562e-13,1.7945604891166809e-09,-0.8291762552074606,-1.9284611698604421,-1.778114487610465,-1.057706277059096,1.5794753243785213,-2.0516332636695727,0.2559266445984685,-0.6418899369828142,-0.012437313111407333,-3.056888840726791,0.5366332642763789,0.05765679865555504,0.48558205467920657,-0.664126033112337,-0.016558422038837062,0.48456913968080667,-0.6645672550877144,-0.015954043293253856,0.0,1.0,0.0,-0.9799322428524818,0.19808868861475523,0.022218705205099547,-0.8274684603823214,-1.9324620728611441,-1.7811448069215312,-1.0563099275106964,1.5820481618249556,-2.0505824216908226,0.04051391207411661,-0.001707794825139275,0.004000903000701994,0.003030319311066121,-0.0013963495483995114,-0.0025728374464342174,-0.00105084197875005,0.0009575222645741219
80,0.020000000000000014,0.04150331763270102,0.0012497372398951679,1.2497372398951678,1.3624189564214568,78.0608561315675,1,0.00025026276010483217,1.777428367916342,4.231852930499059,0.008496682367298981,nan,0,1,1,0.04325740441452425,5.916773830552489e-13,1.8109333910455123e-09,-0.8273883334951369,-1.928060251122133,-1.7787683086582413,-1.058519517195341,1.580590415952487,-2.051332376680527,0.2569270955774931,-0.6404432093047417,-0.012495035964951662,-3.055800766447632,0.5341530838823513,0.05795323625968532,0.48558205467920657,-0.6638760331123369,-0.016558422038837062,0.4845801735997011,-0.6643179874116653,-0.015956131520386885,0.0,1.0,0.0,-0.9781178857691265,0.20687264417479828,0.022115845691748116,-0.8257412000173625,-1.9319293177996888,-1.781933234293988,-1.0573679252781945,1.5830115514997967,-2.0502515140467445,0.04056004710096637,-0.001647133477774343,0.0038690666775558213,0.0031649256357466626,-0.0011515919171465328,-0.0024211355473096052,-0.0010808626337825977,0.0009432705317346524
81,0.020250000000000015,0.041527587365339125,0.001231413734286335,1.2314137342863352,1.3533358661654804,77.54043339496366,1,0.00026858626571366496,1.7865114581723185,4.232155717385215,0.008472412634660878,nan,0,1,1,0.04300691211976192,5.94587976841385e-13,1.8278763382078743e-09,-0.8256027180315175,-1.9276467531709185,-1.7794318517937133,-1.0593456665275718,1.5817119497429113,-2.0510295897943718,0.2579165309384042,-0.6389849935482019,-0.012547404862980671,-3.054698345782191,0.5316814761721962,0.05826042441605107,0.48558205467920657,-0.6636260331123369,-0.016558422038837062,0.48460131625504255,-0.6640659753124027,-0.015957603606231555,0.0,1.0,0.0,-0.9761997942122116,0.21575059204110553,0.02203732774063685,-0.8239889005312424,-1.9314189922077705,-1.7826910442575559,-1.0584074428635881,1.5839580976946779,-2.049918489814729,0.040608166876088425,-0.0016138175002751165,0.0037722390368519765,0.003259192463842542,-0.0009382236639836616,-0.002246147951766586,-0.001111099979642649,0.0009194204892506996
82,0.020500000000000015,0.04154428883587311,0.0012044635595796333,1.2044635595796334,1.3441341495060344,77.01321386610218,1,0.00029553644042036673,1.7957131748317645,4.2324645758885,0.00845571116412689,nan,0,1,1,0.042753640936497805,5.974574860056648e-13,1.8453991398927148e-09,-0.8238304769700175,-1.9272144418344763,-1.780115592265168,-1.0602004037763793,1.5828324480433227,-2.0507207312910865,0.25887599105275083,-0.6375096201767378,-0.01259350467156023,-3.0535708582355876,0.5292404887993546,0.0586096420254656,0.48558205467920657,-0.663376033112337,-0.016558422038837062,0.4846325857951813,-0.663811337955334,-0.015958629576158165,0.0,1.0,0.0,-0.97417404414487,0.22472633380896126,0.021977411294606185,-0.8222085145457244,-1.930932354844821,-1.783417599827167,-1.0594304609410379,1.5848808832851347,-2.04958545951959,0.04065827100880145,-0.001621962424293133,0.003717913010344631,0.003302007561999165,-0.0007699428353413751,-0.0020484352418119744,-0.0011352717714965266,0.000886017827071664
83,0.020750000000000015,0.0415532240265593,0.0011721858421018586,1.1721858421018585,1.3348531749871457,76.4814531964014,1,0.00032781415789814145,1.8049941493506532,4.232779400298621,0.0084467759734407,nan,0,1,1,0.04249836988882165,6.002757688326541e-13,1.863472157851771e-09,-0.8220778820328809,-1.9267326104457299,-1.7808207026824812,-1.0611004584631387,1.583945271854348,-2.0504059068809655,0.25979735638608725,-0.63601903130221,-0.012612701692928052,-3.0524298030030748,0.5268415064550358,0.058991383399124346,0.48558205467920657,-0.663126033112337,-0.016558422038837062,0.4846741120970258,-0.6635553351001355,-0.01595397210777642,0.0,1.0,0.0,-0.9720423476694856,0.23376011047450015,0.022133347874746682,-0.8204043478626369,-1.930468268408221,-1.784111496174767,-1.0604272150438456,1.5857902244236968,-2.04924862686635,0.04071035456337749,-0.0016735341702439621,0.003735657962491201,0.003290793492285893,-0.0006732434192930903,-0.0018449525693486901,-0.0011572800146155693,0.0008428694631818154
84,0.021000000000000015,0.04155437802594369,0.001131681039314202,1.1316810393142018,1.3254631709550388,75.94344559575084,1,0.00036831896068579813,1.81438415338276,4.233097392481262,0.008445621974056315,nan,0,1,1,0.04224105803921028,6.030430949425527e-13,1.8821194121169183e-09,-0.820338927450526,-1.9262150852901,-1.7815507070880612,-1.062036412141893,1.5850452494855032,-2.0500879146983246,0.26068182429572695,-0.6345131701240786,-0.0126155862453729,-3.051276756178099,0.5244707729628482,0.05942027261460711,0.48558205467920657,-0.6628760331123369,-0.016558422038837062,0.4847259941998607,-0.6632972956281894,-0.01594981681113771,0.0,1.0,0.0,-0.9698009086345495,0.24287951823686732,0.022265157368172556,-0.8185719234300677,-1.9300331997478555,-1.7847659349547602,-1.0614093793213066,1.5866767966406814,-2.0489101055844694,0.04076443045128913,-0.0017670040204582627,0.0038181144577553727,0.003215227866699033,-0.000627032820586404,-0.0016315471551782146,-0.0011778091138552327,0.0007899475746545592
85,0.021250000000000015,0.041547662590391415,0.00108457485864106,1.08457485864106,1.315990471298793,75.40069988485294,1,0.00041542514135894004,1.8238568530390058,4.23341933793394,0.008452337409608587,nan,0,1,1,0.041982424551047046,6.057513652829595e-13,1.9013137291082813e-09,-0.8186204568872436,-1.925674307573821,-1.7823056349030078,-1.06300439697123,1.5861367984136339,-2.0497659692456467,0.2615261190290846,-0.6329919894117533,-0.01261066315812831,-3.0501009712993263,0.5221387057569146,0.05990231400109529,0.48558205467920657,-0.6626260331123369,-0.016558422038837062,0.4847882364882458,-0.6630380521707163,-0.015944911159366915,0.0,1.0,0.0,-0.9674523360381321,0.25205753737124975,0.022427111911754883,-0.8167162847555254,-1.929619277334575,-1.78539026902083,-1.0623635353824585,1.5875437779354318,-2.048568006499631,0.040820501880414965,-0.0019041721317182292,0.003944969760754091,0.003084634117822338,-0.0006408615887714131,-0.001406979521797913,-0.0011979627460156905,0.0007271607099764502
86,0.021500000000000016,0.04153303715876524,0.001030815792126446,1.030815792126446,1.3064067967071624,74.85159577852573,1,0.00046918420787355397,1.8334405276306365,4.233750329799248,0.008466962841234764,nan,0,1,1,0.041721990575114665,6.084054567224315e-13,1.9211134729378198e-09,-0.8169315697543472,-1.925110014560725,-1.7831011521391653,-1.064015433010892,1.5872234443878388,-2.0494349773803386,0.26231426265649693,-0.6314437000932622,-0.01260401358227603,-3.048879722136027,0.5198642155766274,0.06046624321814596,0.48558205467920657,-0.662376033112337,-0.016558422038837062,0.4848610499667242,-0.6627770140511824,-0.015940402873634147,0.0,1.0,0.0,-0.9649881156031993,0.2613200594484551,0.022577937780988697,-0.8148227406078156,-1.9292346224996662,-1.78597435856668,-1.0632927657380662,1.5883788991455718,-2.048230227760603,0.04087854002584778,-0.0021088291465316544,0.004124607938941205,0.002873206427514763,-0.0007226672728257721,-0.0011554547577330432,-0.0012047496197356011,0.0006544971329174587
87,0.021750000000000016,0.04151046737078673,0.0009731643183935795,0.9731643183935795,1.2967942169586069,74.30083552870057,1,0.0005268356816064205,1.843053107379192,4.23408032345062,0.008489532629213273,nan,0,1,1,0.041461997511056094,6.10981323567644e-13,1.941373294255388e-09,-0.815273954861027,-1.9245285368562852,-1.7839222725425197,-1.065049921114488,1.5883035484602808,-2.049104983728967,0.2630573026199241,-0.6298851352650245,-0.012594274201231437,-3.0476339265563626,0.5176373969148236,0.06107853527190884,0.48558205467920657,-0.662126033112337,-0.016558422038837062,0.48494400601934423,-0.6625164609093036,-0.01593591996366132,0.0,1.0,0.0,-0.9624273032213123,0.2705864072763417,0.02273064476503301,-0.8129076576861867,-1.9288809504791327,-1.7865130838525436,-1.064198388606777,1.5891993997818794,-2.047881893706405,0.04093856064881401,-0.0023662971748403816,0.00435241362284744,0.0025908113100239216,-0.0008515325077109726,-0.0008958513215986397,-0.0012230900225618235,0.0005719067219727217
88,0.022000000000000016,0.041479749277030846,0.0009152352713123219,0.915235271312322,1.292673057752264,74.06471049947565,1,0.0005847647286876781,1.8471742665855349,4.23439681165007,0.008520250722969157,nan,0,1,1,0.041205287229883834,6.134430529367211e-13,1.961878243698824e-09,-0.8136673161723533,-1.9239193277844449,-1.7847612680750986,-1.0661031575961535,1.5893686075887403,-2.0487884955295166,0.2637463325706155,-0.6283337266322049,-0.01257119415897684,-3.0463821005298404,0.5154719558592477,0.061717709665328455,0.48558205467920657,-0.6618760331123369,-0.016558422038837062,0.48503664025348775,-0.6622592552666681,-0.015931270154121942,0.0054243271549280995,0.99998528822924,0.0,-0.9597965755259417,0.27976188687203335,0.02288712001268781,-0.8109571298002765,-1.9285575676306135,-1.7870093016864879,-1.065074584849234,1.589987281666117,-2.047528125960358,0.04100052689317609,-0.0027101863720768726,0.004638239846168624,0.002248033611389255,-0.001028572746919476,-0.0006186740773765909,-0.001260369569158648,0.0004792223838547549
89,0.022250000000000016,0.04144081934818124,0.0008612209979575737,0.8612209979575737,1.2934399291720151,74.1086489952566,1,0.0006387790020424264,1.8464073951657838,4.234704632394385,0.008559180651818765,nan,0,1,1,0.04095297589008592,6.157767894870216e-13,1.9825428677798677e-09,-0.8121187930199205,-1.923296425024879,-1.7856210691400962,-1.067173347132102,1.5904174928453592,-2.048480674785202,0.26437413467941734,-0.6267881745483684,-0.012545000677230467,-3.0451127342966906,0.5133847334478211,0.06240297002357748,0.48558205467920657,-0.6616260331123369,-0.016558422038837062,0.485138665144389,-0.6620065681693064,-0.015925729065780946,0.0156266474964244,0.9998778964893775,0.0,-0.9571094286580898,0.28880571325713594,0.023082494748663637,-0.8089814943068248,-1.9282647558879793,-1.7874621917588622,-1.065927408588977,1.5907488376478474,-2.0471707929748497,0.041064491768585974,-0.0031372987130957597,0.004968330863100334,0.0018411226187660112,-0.001245938543125158,-0.0003313448024881982,-0.001309881810352298,0.00037632757959526336
90,0.022500000000000017,0.04139370180555512,0.0008165156128480558,0.8165156128480558,1.3072378735039512,74.89921297143299,1,0.0006834843871519442,1.8326094508338477,4.235005372256117,0.008606298194444882,nan,0,1,1,0.0407055298700835,6.179740309803927e-13,2.0033144090313465e-09,-0.8106398733099569,-1.92266158443955,-1.7865085885690843,-1.068270008775414,1.5914483340580838,-2.0481799349234695,0.26492628586043776,-0.6252448226860432,-0.01251905213673915,-3.0438126696296712,0.5113940703995248,0.06315759525000188,0.4855875881398849,-0.6613761483427762,-0.016558422038837062,0.4852498689332277,-0.6617587227843552,-0.015921020846392298,0.03874383618753411,0.9992491757101796,0.0,-0.9543708855100722,0.2977172932072447,0.02325137019774025,-0.8069844631870842,-1.927992766612946,-1.7878861468077385,-1.066760008522239,1.5914869739902584,-2.0468195501838533,0.04112652129803641,-0.0036554101228727376,0.005331182173395899,0.001377558238654153,-0.0015100002531749368,-3.863993217456674e-05,-0.0013603847396161939,0.00026718050751871336
91,0.022750000000000017,0.04133819261670556,0.0007849007094739087,0.7849007094739087,1.3325869366739305,76.35160730568332,1,0.0007150992905260913,1.8072603876638684,4.235289878868581,0.008661807383294445,nan,0,1,1,0.040464116738158404,6.200164273410428e-13,2.0240855389204517e-09,-0.809236046144266,-1.9220102523451503,-1.7874257505540985,-1.069397374397686,1.5924523093778886,-2.0478954283110054,0.26539439284766597,-0.6237078129661231,-0.012490487881844925,-3.0424886366127772,0.5094948653708598,0.06399086010846647,0.48559799577606294,-0.6611263650745031,-0.016558422038837062,0.4853700497817368,-0.6615169108012708,-0.01591687408060888,0.07321548149327353,0.997316145096282,0.0,-0.9515967373923058,0.30645705850685256,0.023403432988488442,-0.8048891438595983,-1.9277904792755196,-1.788211510993194,-1.0675498471271065,1.5921549875585377,-2.046449564120295,0.041185933906312124,-0.00434690228466772,0.005780226930369281,0.0007857604390955064,-0.0018475272705793522,0.0002973218193509375,-0.0014458641907104663,0.00015225871039343392
92,0.023000000000000017,0.04127398773903483,0.0007737240443214819,0.7737240443214819,1.3815633312403397,79.15774801010602,1,0.0007262759556785182,1.7582839930974592,4.235553857938434,0.008726012260965171,nan,0,1,1,0.0402328113510117,6.218501662170301e-13,2.044490043436772e-09,-0.8079285577098003,-1.9213403700717802,-1.7883625708312445,-1.070547979337338,1.5934058191446854,-2.047631449241152,0.2657653983118838,-0.6221996949746167,-0.01245273824971227,-3.041166442333657,0.5077162491327113,0.06489947461283295,0.48562265968623225,-0.6608778480142012,-0.016558422038837062,0.48549825170842675,-0.6612852735175092,-0.015912530398487237,0.13075714075438713,0.9914144290566571,0.0,-0.9488400093164233,0.31487664026914,0.023565613364145574,-0.8029228235569544,-1.9275249358114421,-1.7886342822503907,-1.0683885961070485,1.592867979143152,-2.046092919900849,0.0412358214459198,-0.0050057341528458865,0.0061845657396619735,0.00027171141914617003,-0.0021593832302895244,0.0005378400015334517,-0.0015385293403027411,3.816629311503145e-05
93,0.023250000000000017,0.04120075876098917,0.0007809983015867525,0.7809983015867525,1.4459218734245998,82.8452208528788,1,0.0007190016984132475,1.6939254509131991,4.235803853384956,0.008799241239010831,nan,0,1,1,0.04001389572211439,6.234371127745508e-13,2.064274649195064e-09,-0.8067526339583838,-1.9206518692634305,-1.7893406115532016,-1.0717433955229752,1.594288735029642,-2.0473814537946304,0.26599319747093886,-0.6207164912539487,-0.012412278804561583,-3.0398241886545376,0.5061192079213951,0.06595305715552074,0.4856564379874156,-0.6606301404721902,-0.016558422038837062,0.48563395648871166,-0.6610658956948287,-0.015910679562816932,0.20258947546855557,0.9792637563135764,0.0,-0.9461302582058664,0.32292239555067415,0.023636009796805284,-0.8009992891524508,-1.9272514474750733,-1.7890671488626417,-1.0692186161557367,1.5935965045754008,-2.0457439329173295,0.041277811343154024,-0.005753344805933036,0.006599578211642809,-0.00027346269055983363,-0.0025247793672384944,0.0006922304542411606,-0.0016375208773009575,-7.705258216485211e-05
94,0.023500000000000017,0.041118149645115905,0.000801982209740256,0.801982209740256,1.5669246700217678,89.77817040717649,1,0.000698017790259744,1.572922654316031,4.236044539556017,0.008881850354884098,nan,0,1,1,0.03980741127080648,6.24769178633258e-13,2.083396793551689e-09,-0.8057222459337382,-1.9199426056425348,-1.7903826150692,-1.073003905673842,1.5950923906369558,-2.047140767623569,0.2660487450290745,-0.6192452776246127,-0.012375480097206348,-3.0384386812759665,0.5047288894146597,0.06720850271390588,0.48572481941028056,-0.6603901964173221,-0.016558422038837062,0.48577724276962797,-0.6608589338660995,-0.015909798526891766,0.3270125618160791,0.9450199915422346,0.0,-0.9434817942125578,0.330577181910274,0.023681866263332282,-0.799266272530301,-1.9268942287410664,-1.7896240546121187,-1.0700963510891144,1.5943994248529105,-2.045417408164497,0.041293334115679446,-0.006455973403437176,0.00695162309853159,-0.0007585604570812254,-0.0029075545847276896,0.0006929657840453185,-0.0017233594590719825,-0.00017518447056354136
95,0.023750000000000018,0.041026032038699624,0.0008273652264118989,0.8273652264118989,1.7226399835146082,98.70000067587276,1,0.0006726347735881011,1.4172073408231907,4.236272410326503,0.008973967961300379,nan,0,1,1,0.039612402703006776,6.258543902061613e-13,2.101907633944956e-09,-0.8048375004057292,-1.9191986875838276,-1.7915129664289005,-1.0743488349885555,1.595814767544651,-2.0469128968530828,0.26591432530863546,-0.6177695798077978,-0.012342414307405902,-3.0369939710948213,0.5035374032106139,0.06870313629697469,0.4858152992806754,-0.6601590844968533,-0.016558422038837062,0.48592824280902663,-0.6606632658812702,-0.015912219200026625,0.4764768886312024,0.8791869963780906,0.0,-0.9408952870243749,0.33787354476941545,0.023612001191533647,-0.7977407124002808,-1.9264584297733032,-1.790304005315101,-1.07103294913938,1.5952449869041851,-2.0451178063619935,0.04128518856570207,-0.00709678800544844,0.00725974218947556,-0.0012089611137995337,-0.003315885849175526,0.0005697806404658667,-0.0017950904910892795,-0.0002591565270024451
96,0.024000000000000018,0.040924342180201016,0.0008426682968493992,0.8426682968493993,1.9561784362371877,112.08076837089207,1,0.0006573317031506008,1.1836688881006112,4.236481748585447,0.009075657819798987,nan,0,1,1,0.039433111730190824,6.266366619423329e-13,2.119363707746079e-09,-0.8041275898851443,-1.9184260964017137,-1.792724709720241,-1.075770705039134,1.596434996429955,-2.046703558594139,0.2655705509391772,-0.6163105621532573,-0.01231293168272557,-3.0355048628299697,0.5025820489642523,0.07044348650459145,0.4859539743297317,-0.6599510719232689,-0.016558422038837062,0.48608547387773315,-0.6604831279647121,-0.01591833290742314,0.672424880747988,0.7401653732450972,0.0,-0.9384323346743294,0.344668924271745,0.023411234035084473,-0.7966413338321723,-1.925854407013849,-1.7912366825003652,-1.0720567649097814,1.5962001203301612,-2.0448783605131777,0.041233020178650506,-0.00748625605297204,0.007428310612135336,-0.0014880272198758426,-0.0037139401293526664,0.0002348760997936683,-0.0018251980809611545,-0.00030867799844949
97,0.024250000000000018,0.04081305791457778,0.0008236504712000071,0.8236504712000071,2.188514035582226,125.39261764400523,1,0.000676349528799993,0.9513332887555728,4.236685585069605,0.009186942085422221,nan,0,1,1,0.03926759808997251,6.271379239741245e-13,2.1359019753359117e-09,-0.8035914687615794,-1.9176091429750455,-1.7940251725442042,-1.0772852177257581,1.5969679548358144,-2.046499722109981,0.2650175652921599,-0.6148540318913595,-0.012279853307396449,-3.033952296896487,0.5018787595306354,0.07242424659339945,0.486147946728579,-0.6597983566994753,-0.016558422038837062,0.48624922906909884,-0.6603167038881566,-0.015926394999705794,0.828634238526028,0.559790406082839,0.0,-0.9360837610840653,0.3510151499382775,0.02314209905170856,-0.7962452787185884,-1.924956575400247,-1.7926145113661596,-1.0735393862705924,1.596848653798941,-2.044694954390785,0.041118528292240004,-0.007346190042990974,0.007347432425201417,-0.0014106611780446698,-0.0037458314551657157,0.00011930103687340932,-0.001804767719196132,-0.00030547037766222307
98,0.02450000000000002,0.04069242823120812,0.0007899184728887775,0.7899184728887775,2.386235753577255,136.72123760319624,1,0.0007100815271112225,0.753611570760544,4.2368754222068095,0.009307571768791885,nan,0,1,1,0.0391182742051395,6.273344606491314e-13,2.1512657635678834e-09,-0.8032423791387967,-1.9167597211913996,-1.7954004745908059,-1.0788770838355108,1.597400987996264,-2.046309884972777,0.2642540114382079,-0.6134199326646551,-0.012244852676691675,-3.0323547617413387,0.5014362082922592,0.07463397100710599,0.48636675408716856,-0.6596822042175955,-0.016558422038837062,0.48641816217723316,-0.6601664133915229,-0.015936433391053717,0.9248526817293932,0.38032554094873733,0.0,-0.9339050115772712,0.3567933850263114,0.022801529604899375,-0.7963760102599337,-1.9238518108812008,-1.7943003738558836,-1.0753345058915242,1.5973165222594405,-2.04458667829545,0.04096079328128849,-0.0068663688788630495,0.00709208968980124,-0.0011001007349222824,-0.0035425779439866023,8.446573682352465e-05,-0.0017232066773273935,-0.00026836505008037
99,0.02475000000000002,0.04056280424272041,0.0007437060276550471,0.7437060276550471,2.521309374512354,144.46038600632735,1,0.0007562939723449529,0.6185379498254449,4.237045394794084,0.009437195757279596,nan,0,1,1,0.03898397192773355,6.272513347331372e-13,2.165555328441181e-09,-0.8030668214781204,-1.915880453772637,-1.7968367236409213,-1.0805302856872023,1.5977396665827799,-2.0461399123855024,0.26330267043121736,-0.6120161260128196,-0.012204998852843874,-3.030729291234402,0.5012260341422339,0.07703347418074515,0.4866051497534521,-0.6596069213756112,-0.016558422038837062,0.48659190616753956,-0.6600311354034429,-0.015947712843234627,0.969054302365609,0.246847643429511,0.0,-0.93191025084781,0.3619957956915595,0.022412680928585275,-0.7969830312080229,-1.9225608227280202,-1.796229890854402,-1.0774953891814834,1.5974483832821214,-2.044490302075124,0.04076653413282882,-0.006083790270097422,0.0066803689553831536,-0.0006068327865191847,-0.003034896505718976,0.00029128330065852914,-0.0016496103103782467,-0.0002037298901084103
100,0.02500000000000002,0.04042464579583423,0.0006962218077210457,0.6962218077210457,2.604960555200477,149.25324561104304,1,0.0008037781922789544,0.534886769137322,4.237205388686579,0.009575354204165776,nan,0,1,1,0.03886054043364048,6.26955710931368e-13,2.179190248750075e-09,-0.8030322851840209,-1.9149557555906922,-1.7983259455476952,-1.082245442302792,1.5979937204707448,-2.0459799184930065,0.2621940538277187,-0.610635313447982,-0.012147573327951078,-3.0290885963019503,0.5012145101909636,0.0795870492804075,0.486850634555406,-0.6595632359613938,-0.016558422038837062,0.48677097513532963,-0.6599068364916959,-0.015958157215683524,0.9871217819016702,0.15997058384362875,0.0,-0.9300753631590808,0.3667066484223113,0.02204660625537155,-0.7979708820178103,-1.9212480861102474,-1.7982880045487686,-1.079662771066484,1.5973786258958804,-2.0444844890286302,0.04054892220880163,-0.005061403166210621,0.006292330519555245,-3.794099892662217e-05,-0.002582671236308176,0.0006150945748644165,-0.0014954294643763077,-0.00012427641296740288
101,0.02525000000000002,0.04027826740519398,0.0006600148536731388,0.6600148536731388,2.673073033509815,153.15580315034447,1,0.0008399851463268612,0.46677429082798394,4.237361911908243,0.00972173259480602,nan,0,1,1,0.038742996206826315,6.265255751094125e-13,2.1927038073844184e-09,-0.803124721095695,-1.9139807989500999,-1.7998839371115785,-1.0840405450156259,1.598178833931964,-2.045823395271343,0.2609293011719315,-0.6092532216916925,-0.012075673906485396,-3.0274041962902634,0.5013861081736234,0.08231570205997396,0.4870983420974171,-0.6595294576602104,-0.016558422038837062,0.48695638519193646,-0.659788490372279,-0.01596819335592347,0.996145708542979,0.08771389485940168,0.0,-0.9283617196163167,0.37104484137838534,0.021685092518233258,-0.7990569585178388,-1.9199911356439419,-1.8002246133488555,-1.0817365396083425,1.5971951962639068,-2.0444571161030276,0.040320302349585196,-0.004067762577856238,0.006010336693841989,0.0003406762372770711,-0.0023040054072833716,0.0009836376680572023,-0.001366279168315554,-4.203494439121436e-05
102,0.02550000000000002,0.040124157731659026,0.0006325629180545141,0.632562918054514,2.7037940377913188,154.915987038078,1,0.000867437081945486,0.4360532865464801,4.237510655676751,0.009875842268340977,nan,0,1,1,0.03862658089211817,6.260476409222218e-13,2.2066701675542175e-09,-0.8033056205552053,-1.9129792538942332,-1.801478428315272,-1.0858784326586255,1.5983201816634356,-2.0456746515028357,0.2595664546526131,-0.6078786980755877,-0.011994569914811182,-3.025695927735486,0.5016775996272873,0.08514137953612538,0.4873480942551981,-0.6595186997500578,-0.016558422038837062,0.48714889942211165,-0.6596713293359967,-0.015977765967426942,0.9986097321103905,0.052712455211404045,0.0,-0.9267469624578901,0.3750804096917111,0.02132495816108685,-0.8005076369599541,-1.918694179907497,-1.802171497937892,-1.0838657190395489,1.5967800801222907,-2.0444593341939026,0.04007962571091194,-0.0027979835952511856,0.0057149260132638435,0.0006930696226199462,-0.0020127136190766226,0.0015401015411449226,-0.0012153173089330949,4.453202074708451e-05
103,0.02575000000000002,0.03996303850177296,0.0006279391203245301,0.62793912032453,2.7325206494411374,156.56190064532393,1,0.00087206087967547,0.4073266748966615,4.237665385025872,0.01003696149822704,nan,0,1,1,0.03852542978912439,6.251836099012498e-13,2.2188157441652622e-09,-0.8035235515606656,-1.9119423164878504,-1.8031143522507942,-1.0877690899845434,1.5984496943169237,-2.0455199221537144,0.25814375971288495,-0.6064806970992039,-0.011901852256540835,-3.0239458501875793,0.5020294008999017,0.0880449421730909,0.4875978912526228,-0.6595089513990575,-0.016558422038837062,0.4873455285230976,-0.6595695208618731,-0.01598662493167863,0.9998047959209475,0.019757784629672544,0.0,-0.9251590755356441,0.37899719962643935,0.021019220474347396,-0.8012239879721039,-1.9174595529709335,-1.8040628887208017,-1.085915100825672,1.5968336237482323,-2.0443871659298014,0.039836177830676216,-0.0022995635885616483,0.00551723648308311,0.0009485364700074772,-0.0018539891588713608,0.0016160705686913968,-0.0011327562239129563,0.0001268606710967471
104,0.02600000000000002,0.039795343452468476,0.000642298721481706,0.642298721481706,2.738826616314507,156.9232059329173,1,0.000857701278518294,0.4010207080232919,4.237820026032768,0.010204656547531527,nan,0,1,1,0.038504343851502476,6.225972224354606e-13,2.2198398953214764e-09,-0.8037504396606405,-1.910893620391142,-1.8047823055983887,-1.0896882783336845,1.5985873251268143,-2.0453652811468177,0.2566942714420014,-0.605056211399869,-0.011811054379670782,-3.0221535929794983,0.5023893975754797,0.09099653006732406,0.48784789125262285,-0.6595089513990575,-0.016558422038837062,0.48753125432810485,-0.659547619915061,-0.016000933517413607,0.9999543385115583,0.009556196519114407,0.0,-0.9236788044195493,0.3826105539430824,0.02065503031805063,-0.8016104072798111,-1.9161641918197883,-1.8060379142722869,-1.0880589230606443,1.597130307235948,-2.0442681498257085,0.03959880861505559,-0.002140032380829382,0.005270571428646287,0.0012556086738981787,-0.0016293552730402006,0.0014570178908663856,-0.0010971313211092237,0.00019653483741288724
105,0.02625000000000002,0.03962152110588455,0.0006594161935452351,0.6594161935452351,2.7444423804408524,157.24496551609786,1,0.0008405838064547649,0.39540494389694647,4.237970640513067,0.010378478894115452,nan,0,1,1,0.038484451176798155,6.199026420897406e-13,2.2207588308885835e-09,-0.8039367384631855,-1.9098386109000838,-1.806474699189536,-1.0916312237322454,1.5987630619520763,-2.0452146666665194,0.25526250069674317,-0.6035883721521935,-0.011724467896179758,-3.0203148072201786,0.5026759044996453,0.09396223743857353,0.4880978912526228,-0.6595089513990575,-0.016558422038837062,0.48772319415386156,-0.6595268915092132,-0.016016102987966463,1.0,0.0,0.0,-0.9221669884677978,0.38626141142139225,0.02025259062408255,-0.8019089717552097,-1.9149026879978193,-1.8079672369279804,-1.090152628665392,1.5974802040915697,-2.0441452230750996,0.039363255343577534,-0.0020277667079757755,0.0050640770977354865,0.0014925377384444882,-0.0014785950668534387,0.0012828578605066365,-0.0010694435914198053,0.0002582657623070167
106,0.02650000000000002,0.03944192478652727,0.0006771188756719851,0.6771188756719851,2.7404472205877086,157.01605971803264,1,0.0008228811243280149,0.3994001037500903,4.238128982194489,0.010558075213472733,nan,0,1,1,0.03846566263581423,6.171028558172391e-13,2.2215615774665343e-09,-0.8040811604417011,-1.9087816939597562,-1.8082000474387396,-1.0935938958777578,1.5989782651343372,-2.0450563249850977,0.253846315924644,-0.6020707502009258,-0.011648328097095206,-3.018420646025351,0.5029042797868336,0.09695231869729874,0.48834789125262285,-0.6595089513990575,-0.016558422038837062,0.4879210565293214,-0.6595072170837043,-0.016032780447136297,1.0,0.0,0.0,-0.9206143372558603,0.3899712565068597,0.019790430450455282,-0.8021400051190419,-1.9136430554029633,-1.8098942734096297,-1.0922430412476296,1.5978728071660522,-2.0440204366642756,0.03912830246660558,-0.0019411553226591494,0.004861361443207146,0.0016942259708900842,-0.0013508546301281843,0.001105457968284984,-0.0010358883208221314,0.0003136223199216928
107,0.02675000000000002,0.03925689263867489,0.0006962890387297332,0.6962890387297331,2.736436092444761,156.7862390043556,1,0.0008037109612702669,0.40341123189303785,4.2382885255600655,0.01074310736132511,nan,0,1,1,0.03844876145381579,6.141966039621244e-13,2.222182044415178e-09,-0.8041712542183601,-1.9077231422570466,-1.809918864159177,-1.095554380625759,1.5992379742782699,-2.044896781619521,0.25248239326200406,-0.6005288374235502,-0.011568626211520938,-3.0165107077828504,0.5030511089401913,0.09988845047431884,0.4885978912526228,-0.6595089513990575,-0.016558422038837062,0.4881241781363828,-0.6594895097620243,-0.016048484462552644,1.0,0.0,0.0,-0.9190406978734993,0.39368699758275566,0.019358295029952496,-0.8023025425950254,-1.9123939041402116,-1.811808218307978,-1.0943225094151021,1.5983156365640998,-2.0438878005954524,0.03889363321758003,-0.0018687116233346845,0.004670761883164953,0.0018893541488009813,-0.0012318712106569318,0.0009223377141700517,-0.0010089810240687669,0.00036325942109486503
108,0.02700000000000002,0.03906669350590296,0.0007161432479814534,0.7161432479814535,2.7324862105502943,156.5599274422275,1,0.0007838567520185466,0.4073611137875046,4.238449569851481,0.010933306494097045,nan,0,1,1,0.0384359480925212,6.111590704881818e-13,2.222380234939788e-09,-0.8042357569791504,-1.9066485715802413,-1.811651744048446,-1.097527799703846,1.5995258013882359,-2.0447357373281054,0.2511339466968522,-0.598960961214788,-0.011482831398964777,-3.014576311423162,0.5031595097300747,0.10281019017959002,0.48884789125262285,-0.6595089513990575,-0.016558422038837062,0.4883315192963641,-0.6594759626529126,-0.01606331306391667,1.0,0.0,0.0,-0.9174766367739441,0.3973378512893636,0.018953968099686237,-0.802384190595809,-1.9111614259208762,-1.8136930324952392,-1.0963848779834426,1.598803673021892,-2.0437535209229374,0.03865916231868538,-0.0018515663833413853,0.004512854340634975,0.002041288446793077,-0.0011429217204033115,0.0007221283663438882,-0.000982216405168046,0.0004075311872175774
109,0.02725000000000002,0.0388715941375877,0.0007352707608966587,0.7352707608966588,2.72856156643352,156.3350618982455,1,0.0007647292391033413,0.4112857579042788,4.238612864812766,0.011128405862412302,nan,0,1,1,0.03842620024916083,6.080082938166054e-13,2.2222639980204304e-09,-0.804263172039331,-1.9055634268916304,-1.8134002466436776,-1.0995174798570075,1.5998449597781599,-2.04457244236682,0.24980620660524,-0.5973604616889999,-0.011394759756538753,-3.012611626802599,0.5032125850892468,0.10572788301702102,0.4890978912526228,-0.6595089513990575,-0.016558422038837062,0.48854314072950633,-0.6594655223853404,-0.016077809024345056,1.0,0.0,0.0,-0.9159083920365941,0.40095816122526406,0.018557218104978217,-0.8023938082511428,-1.9099410972784463,-1.8155675488037444,-1.0984244805212013,1.5993422946087328,-2.043611394442534,0.0384247988200025,-0.0018693637881881386,0.004377670386815913,0.0021673021600667752,-0.0010929993358061996,0.0005026651694270967,-0.0009610479242860848,0.000446795317585201
110,0.02750000000000002,0.03867173605460208,0.0007529458207942825,0.7529458207942824,2.7246788228060295,156.11259707545895,1,0.0007470541792057176,0.41516850153176943,4.238782588690693,0.011328263945397925,nan,0,1,1,0.03841994288646281,6.047416508732323e-13,2.2217874297342124e-09,-0.8042664276542437,-1.9044692450812912,-1.815167963475169,-1.1015301630491245,1.6002035889828377,-2.0444027184888927,0.24848993909739223,-0.5957229475708609,-0.011306600692486679,-3.0105983544042267,0.5032349809753818,0.10864772144159196,0.48934789125262285,-0.6595089513990575,-0.016558422038837062,0.48875873226868,-0.6594585982062222,-0.01609228508829324,1.0,0.0,0.0,-0.9143430077453604,0.4045333328624276,0.018156177747099187,-0.8023310127542262,-1.9087295508304665,-1.8174311766430193,-1.1004526132314867,1.5999285536231158,-2.0434645518671437,0.038190590441799954,-0.0019354149000174736,0.004260305749175242,0.0022632131678503864,-0.0010775498176378573,0.00027503535972184245,-0.0009381666217489482,0.0004811456128021238
111,0.02775000000000002,0.03846740700880782,0.0007686593052417698,0.7686593052417697,2.720812030001872,155.8910461675292,1,0.0007313406947582302,0.4190352943359268,4.238954460903516,0.011532592991192185,nan,0,1,1,0.03841629244438315,6.013763327120526e-13,2.2210483500227117e-09,-0.8042273405983361,-1.9033715512425537,-1.8169495489373109,-1.1035590488625542,1.6006023821186,-2.0442308462760708,0.2472001095885811,-0.5940489011159967,-0.011220030799445002,-3.0085463140399136,0.5031938021721515,0.1115620471327358,0.4895978912526228,-0.6595089513990575,-0.016558422038837062,0.48897828189792647,-0.6594543010321154,-0.016106830727471762,1.0,0.0,0.0,-0.9127703547108124,0.4080874080913378,0.017746743881391518,-0.8021873481702639,-1.9075391913546222,-1.8192668844616715,-1.1024523188362627,1.6005651574363966,-2.043311395067279,0.03795651702111207,-0.0020399924280721793,0.004167640112068494,0.002317335524360642,-0.0011067300262914692,3.722468220335173e-05,-0.0009194512087917772,0.0005108899876957451
112,0.02800000000000002,0.03825873093196843,0.0007820219953606391,0.7820219953606391,2.7168618929083292,155.6647199835711,1,0.0007179780046393609,0.42298543142946965,4.239122981969391,0.011741269068031572,nan,0,1,1,0.038412799088020255,5.979448844109901e-13,2.220303287835638e-09,-0.8041197528884374,-1.902254554796631,-1.8187545862356598,-1.1056166378010643,1.6010532494589134,-2.0440623252101946,0.24594860058156467,-0.592321731574631,-0.011129061098092363,-3.0064511032925387,0.50304097230059,0.11446888105516824,0.48984789125262285,-0.6595089513990575,-0.016558422038837062,0.4892025467180854,-0.6594502119138766,-0.016120656684050792,1.0,0.0,0.0,-0.9111497128984749,0.4117096824913861,0.01735909064060785,-0.8019709259124522,-1.906357188732996,-1.8210924980404275,-1.1044412743269556,1.6012511159092475,-2.043156916955373,0.037722603976983966,-0.002148826975985174,0.004102633936365008,0.0023379118047677228,-0.001175363474108737,-0.00019786645033414985,-0.0009054082548214382,0.0005361269549844644
113,0.02825000000000002,0.03804598237018182,0.0007932766224486038,0.7932766224486039,2.7127656480333053,155.43002244038016,1,0.0007067233775513962,0.42708167630449356,4.239294481272543,0.011954017629818181,nan,0,1,1,0.03840765225934823,5.94475314630034e-13,2.219750361653785e-09,-0.8039153289793285,-1.9011139055925046,-1.8205625320053203,-1.1076949006256829,1.601570427060753,-2.043890825907043,0.2447709654537302,-0.5905437504086644,-0.011024271037654798,-3.0043295777485537,0.5027464158123964,0.11731799692867687,0.4900978912526228,-0.6595089513990575,-0.016558422038837062,0.48943189280518046,-0.6594445763267599,-0.01613228858814995,1.0,0.0,0.0,-0.9094541113674914,0.4154545544493137,0.017050879862600687,-0.8016684095008124,-1.9052022606963717,-1.822881989503725,-1.106389295316785,1.6019858302200614,-2.0429958024780612,0.03748882728879219,-0.002246919478516074,0.00408835510386707,0.0023194574984046756,-0.0013056053088977837,-0.0004154031593084362,-0.0008950234289817338,0.0005571550813896348
114,0.028500000000000022,0.03782949295003847,0.0008006437058345204,0.8006437058345204,2.708506459943144,155.18598893866152,1,0.0006993562941654797,0.431340864394655,4.239480979049736,0.012170507049961532,nan,0,1,1,0.03840056213802537,5.909753420852208e-13,2.2194167112072964e-09,-0.8036151204870049,-1.8999833209846835,-1.8223849314255494,-1.1097809379828574,1.6021610115350744,-2.0437043281298504,0.2436625109728233,-0.5887045350018079,-0.010931553531222105,-3.0021530370432985,0.5023275641235077,0.12014291466711233,0.49034789125262285,-0.6595089513990575,-0.016558422038837062,0.48966611482805406,-0.6594369715186104,-0.016144864125836426,1.0,0.0,0.0,-0.9076748789350888,0.4193416480024952,0.01670019163732145,-0.8012901737051538,-1.9040586068624026,-1.8246586829206897,-1.10832305892779,1.6027701249028545,-2.042829824893905,0.03725519347611645,-0.002324946781851134,0.004075285877719104,0.002273751495140308,-0.0014578790550674459,-0.0006091133677801341,-0.0008745032359454008,0.00057429947392202
115,0.028750000000000022,0.037609325580622396,0.000803491113645116,0.803491113645116,2.703994828482704,154.92749149725987,1,0.000696508886354884,0.4358524958550949,4.239683356248099,0.012390674419377606,nan,0,1,1,0.0383893923414841,5.874716908714141e-13,2.219528895139563e-09,-0.8031877246239186,-1.8988711049910483,-1.8242172784408899,-1.1118645208060947,1.6028389650064157,-2.043501950931488,0.24265031988144237,-0.5867967578765759,-0.010855480568331466,-2.999923892671807,0.5017396600949432,0.12292576753234467,0.4905978912526228,-0.6595089513990575,-0.016558422038837062,0.48990597298472666,-0.6594252541065242,-0.016158619783364643,1.0,0.0,0.0,-0.9057722329165645,0.42345141905215317,0.016295943668856637,-0.8008269034529832,-1.9029368111611702,-1.8264059676099478,-1.110221181481364,1.6036013719020972,-2.042667230437693,0.037021731307010544,-0.00236082117093539,0.004065706170121919,0.0021886891690579002,-0.0016433393247305972,-0.0007624068956815222,-0.0008347204937946273,0.0005875942736118522
116,0.029000000000000022,0.037385633005587636,0.0008018399975249347,0.8018399975249346,2.699280719188587,154.65739293054355,1,0.0006981600024750654,0.4405666051492121,4.239894952059189,0.012614366994412367,nan,0,1,1,0.03837534506921418,5.839520666681847e-13,2.219965001579897e-09,-0.8026370635522097,-1.8977998042111253,-1.826046500024142,-1.1139218729471634,1.6036030430598545,-2.043290355120397,0.24174212603963263,-0.584835114190034,-0.010806020173141362,-2.9976527787100773,0.5009807343663522,0.12565044428712913,0.49084789125262285,-0.6595089513990575,-0.016558422038837062,0.49015089679644874,-0.659410601203381,-0.016174399450043453,1.0,0.0,0.0,-0.9037645020289516,0.4277382384869167,0.015802664600338013,-0.8002883438419002,-1.9018325395991382,-1.828132496265709,-1.1120997351573814,1.6044850229017102,-2.0424922782040498,0.03678839478654399,-0.002348719710309477,0.004032735388012965,0.002085996241567134,-0.001822137789782019,-0.0008819798418557845,-0.0007980769163471457,0.0005972382190436443
117,0.029250000000000023,0.03715868546954382,0.0007980674627847337,0.7980674627847337,2.6944660335760013,154.38153176526004,1,0.0007019325372152664,0.44538129076179755,4.240123380732378,0.012841314530456185,nan,0,1,1,0.03836069720273072,5.803939754723743e-13,2.2204924966520783e-09,-0.8019730330122231,-1.8967366072038907,-1.8278501693012146,-1.1159527435789132,1.6044301389273192,-2.043061926447209,0.24094071037710565,-0.5828457090850276,-0.010753509153127672,-2.9953887601088067,0.500083315926919,0.12827264788458098,0.4910978912526228,-0.6595089513990575,-0.016558422038837062,0.4903997580599843,-0.6593954219422343,-0.016188783319375125,1.0,0.0,0.0,-0.9016932047094679,0.4321036194692041,0.0153566474981656,-0.7996700520641111,-1.9007494889604772,-1.8298311786628156,-1.1139475396438563,1.6054177151974718,-2.042310130264546,0.03655524126488024,-0.002302980948111988,0.004012881756586539,0.0019810093616010604,-0.0020052039350568762,-0.000987576270152557,-0.0007517961826630781,0.0006034442046635793
118,0.029500000000000023,0.03692858249571192,0.0007938390943270461,0.7938390943270461,2.6896752306533758,154.10703897731466,1,0.0007061609056729539,0.4501720936844231,4.240346991869651,0.013071417504288085,nan,0,1,1,0.0383479828059714,5.767710506992387e-13,2.2208578304710737e-09,-0.8012125729830407,-1.8956673837246412,-1.8295863673359094,-1.11793751827225,1.6053096028045193,-2.042838315309935,0.2402615064708834,-0.580871262968265,-0.010674930489011858,-2.993188453048793,0.4990472505819702,0.130709492529812,0.49134789125262285,-0.6595089513990575,-0.016558422038837062,0.4906514560811757,-0.6593823387212965,-0.01619907848527923,1.0,0.0,0.0,-0.8996114347208598,0.43643120863210916,0.015068730915137617,-0.7989676660904993,-1.8996915523460047,-1.8314975693879434,-1.1157592627029458,1.6064003236483024,-2.0421269393719186,0.036322237750421885,-0.0022449068925414206,0.004024168621363566,0.001911202052033989,-0.002178255569304177,-0.001090720843783144,-0.0007113759380166229,0.0006063447452900328
119,0.029750000000000023,0.03669553898113605,0.0007894346854605389,0.7894346854605389,2.684894966054621,153.83314999085022,1,0.0007105653145394611,0.4549523582831778,4.2405771005903,0.013304461018863956,nan,0,1,1,0.038337077414542044,5.730873532717953e-13,2.2210673850681385e-09,-0.8003570451889567,-1.8945866815578245,-1.8312541075499706,-1.1198756907618133,1.6062379489118765,-2.0426082065892865,0.23970415518116087,-0.5789129966771734,-0.010566844056310531,-2.9910565270437153,0.4978926643806414,0.1329576154801335,0.4915978912526228,-0.6595089513990575,-0.016558422038837062,0.49090581677657225,-0.6593712417614646,-0.01620447840219202,1.0,0.0,0.0,-0.8975136643865733,0.44073215018998063,0.01497978732499193,-0.7981875765059482,-1.8986545815412759,-1.8331441462676918,-1.1175457194749305,1.6074317529647175,-2.0419398306098118,0.036089404397030116,-0.002169468683008491,0.004067899983451362,0.0018900387177211986,-0.002329971286882726,-0.0011938040528409744,-0.0006683759794747779,0.0006061345841059315
120,0.030000000000000023,0.03645980563054123,0.0007825442244756559,0.7825442244756559,2.680111528103714,153.55907918470052,1,0.0007174557755243442,0.4597357962340851,4.24081087842174,0.013540194369458775,nan,0,1,1,0.03832800721370398,5.693443845559261e-13,2.221104767167992e-09,-0.7994289992843869,-1.8935216543216093,-1.832908120336366,-1.1217928633106942,1.6072233005729297,-2.0423744287578462,0.23921642200218438,-0.5769316502460704,-0.010464715650105705,-2.9889121388839563,0.4966404389771521,0.13513680105295803,0.49184789125262285,-0.6595089513990575,-0.016558422038837062,0.49116260220397695,-0.6593619681826068,-0.016210355497572295,1.0,0.0,0.0,-0.8953939720605589,0.44502650839513563,0.014867468622782477,-0.7973272204711412,-1.8976354835715252,-1.8347622998906037,-1.1193016442834387,1.6085100173817581,-2.041745611868976,0.03585677765264069,-0.0021017788132456916,0.004113829249915879,0.0018541795542377226,-0.0024912190272554646,-0.0012867168088284142,-0.0006288168888701762,0.0006030279779005374
121,0.030250000000000023,0.03622146689218097,0.000772362073033088,0.772362073033088,2.6753184841788036,153.28445799678235,1,0.000727637926966912,0.4645288401589953,4.241038243926949,0.013778533107819034,nan,0,1,1,0.038320555070375975,5.655466902425156e-13,2.2209944761242137e-09,-0.7984245757672044,-1.8925094675161356,-1.8345439699681114,-1.1236630501924536,1.60827118960108,-2.0421470632526364,0.23880706883087893,-0.5749319119842041,-0.010391156102191601,-2.9867499208649377,0.4952695297464217,0.13724994447128855,0.4920978912526228,-0.6595089513990575,-0.016558422038837062,0.49142179624274374,-0.6593542407500987,-0.016218564238315546,1.0,0.0,0.0,-0.8932494735815377,0.4493224107504205,0.014654321674384903,-0.7963850768923592,-1.896642890813074,-1.8363467041212655,-1.1210204322500261,1.6096398636137486,-2.0415503284485887,0.03562430314916541,-0.0020394988748452247,0.004133423296938332,0.0018027341531541285,-0.002642617942427483,-0.0013686740126686026,-0.0005967348040476494,0.0005971637430155566
122,0.030500000000000024,0.035980772225076965,0.0007591091727689079,0.7591091727689079,2.670546478867366,153.01104223262297,1,0.0007408908272310921,0.4693008454704328,4.241265643972029,0.014019227774923038,nan,0,1,1,0.038315237693782665,5.616931917953838e-13,2.220685620823254e-09,-0.7973450641844656,-1.8915624167224556,-1.8361533191683437,-1.125463945753683,1.6093721949682176,-2.0419196632075574,0.23848217033347266,-0.5729263920377132,-0.01035136858184127,-2.984587170462115,0.49379372224075496,0.1392848556607107,0.49234789125262285,-0.6595089513990575,-0.016558422038837062,0.49168290925235125,-0.6593485758534668,-0.016229293857313244,1.0,0.0,0.0,-0.8910940021953823,0.4535924755732263,0.014329876299825815,-0.795361163349947,-1.895670021816424,-1.8379081439614768,-1.1227117498451795,1.6108134842291038,-2.0413531421470683,0.03539205131178886,-0.0019839008345186038,0.004107605093968347,0.0017548247931331584,-0.0027521959085035075,-0.0014412892608861583,-0.0005665210604890447,0.0005887209132881058
123,0.030750000000000024,0.035737950719296065,0.0007444096584537042,0.7444096584537042,2.6658537906650004,152.7421710040566,1,0.0007555903415462958,0.4739935336727985,4.241493089020329,0.014262049280703938,nan,0,1,1,0.03831318224615974,5.577755861003592e-13,2.2200626512164447e-09,-0.7962024708690129,-1.8906457647951707,-1.8377218641825839,-1.1272048393496965,1.6105137210654068,-2.0416922181592567,0.2382397386893532,-0.5709316526950765,-0.010318248010794229,-2.9824556836857807,0.4922346672774468,0.14120531703739886,0.4925978912526228,-0.6595089513990575,-0.016558422038837062,0.49194521731771607,-0.6593461998091036,-0.016239557813405674,1.0,0.0,0.0,-0.8889545684905822,0.45778076228128295,0.014019587900163173,-0.7942609382452577,-1.8947203495891356,-1.8394402883858705,-1.1243702545178977,1.6120396116700035,-2.0411504829165104,0.035159946798022985,-0.0019415326237551822,0.0040745847939649416,0.001718424203286606,-0.00283458483179877,-0.0015258906045967358,-0.0005417352427463662,0.0005780039212730792
124,0.031000000000000024,0.035493167401533174,0.0007288019948313471,0.7288019948313471,2.661181151368447,152.4744484931771,1,0.0007711980051686529,0.47866617296935177,4.241718201042273,0.014506832598466829,nan,0,1,1,0.03831292566458583,5.538140790230351e-13,2.2192813764977195e-09,-0.7949815070305247,-1.8897406476108904,-1.839238636708109,-1.128883304059067,1.611704716491843,-2.0414671061373135,0.23810021099220868,-0.5689507301084267,-0.010277696569308659,-2.9803742215948996,0.49056865532725863,0.14296625495504703,0.49284789125262285,-0.6595089513990575,-0.016558422038837062,0.49220911159308967,-0.6593456923551378,-0.016247842936489117,1.0,0.0,0.0,-0.8868048245289077,0.46193839039851364,0.013788642728120273,-0.7930783478726582,-1.8938012838841154,-1.8409324953398507,-1.125983358899315,1.6133117269607886,-2.040944504979736,0.03492805152289539,-0.0019031591578665408,0.004060636273224949,0.0016938586317416515,-0.0028999451597520043,-0.0016070104689456244,-0.000522601157577629,0.0005651158786377855
125,0.03125000000000002,0.035246731233957426,0.000711864671258692,0.7118646712586919,2.6565937090064624,152.21160740707586,1,0.0007881353287413081,0.4832536153313365,4.241945016520386,0.014753268766042577,nan,0,1,1,0.03831580708805958,5.497987217011104e-13,2.218200795813646e-09,-0.7937035193560751,-1.8888755975824059,-1.8407060358395377,-1.1304885547968824,1.6129346676496923,-2.0412402906591995,0.2380462737433377,-0.5669896829904136,-0.010247586514805895,-2.978330933342308,0.48883218749660445,0.14460051624888406,0.4930978912526228,-0.6595089513990575,-0.016558422038837062,0.4924737002432193,-0.6593483285379463,-0.016256201605288127,1.0,0.0,0.0,-0.8846754411521094,0.4660104962359629,0.013549214745968203,-0.7918183109477323,-1.8929027317994063,-1.8424011109406582,-1.127568584461919,1.614631881093486,-2.0407345407268207,0.034696371287610495,-0.001885208408342831,0.004027134217000405,0.0016950751011204357,-0.0029199703349633843,-0.0016972134437938102,-0.0005057499323788406,0.0005503599463469316
126,0.03150000000000002,0.0349988374443814,0.0006929523275781421,0.6929523275781421,2.6519950103202476,151.9481213811034,1,0.000807047672421858,0.48785231401755125,4.24218736239323,0.015001162555618605,nan,0,1,1,0.03831987748159969,5.457536957452721e-13,2.2170183682221157e-09,-0.7923540615039851,-1.8880581544363424,-1.8421488952084262,-1.1320360031098549,1.614220293839896,-2.0409979447863567,0.23807265500755526,-0.5650174658267595,-0.010240862155285968,-2.976283558923821,0.48702096401608314,0.14615282629151477,0.49334789125262285,-0.6595089513990575,-0.016558422038837062,0.4927395890924575,-0.6593521220804874,-0.01626592250880154,1.0,0.0,0.0,-0.8825221466777976,0.47008428915364375,0.013244686259986801,-0.790475282636249,-1.892041621838866,-1.843819394706675,-1.1290962603033325,1.6159941937096924,-2.0405220944953197,0.034464897745442605,-0.0018787788677361306,0.003983467402523644,0.001670499498248823,-0.0029397428065223163,-0.0017738998697964803,-0.00047585029103691667,0.0005339396989387929
127,0.03175000000000002,0.03474951719161618,0.000671650272226364,0.6716502722263641,2.6473761052229365,151.683477613056,1,0.000828349727773636,0.49247121911486236,4.242421918806649,0.015250482808383821,nan,0,1,1,0.03832500362570625,5.416809082891423e-13,2.2157465644920112e-09,-0.7909276244746157,-1.8873046708411851,-1.8435728942879421,-1.1335213910171908,1.6155604599237816,-2.040763388372937,0.23817648167673192,-0.5630326104757388,-0.01026961559113343,-2.9742276840770563,0.48509106988701683,0.14764439054135534,0.4935978912526228,-0.6595089513990575,-0.016558422038837062,0.49300680375419875,-0.6593569152799056,-0.01627803895114855,1.0,0.0,0.0,-0.8803406040602886,0.47416861472126115,0.012827535074464488,-0.7890548377991402,-1.8912090779529294,-1.845202500995164,-1.1305831485882503,1.617402725505071,-2.0403084570908243,0.03423364993908835,-0.001872786675475524,0.0039044071117442236,0.0016296067072218978,-0.002938242428940585,-0.001842265581289304,-0.00045493128211271383,0.0005158672525278352
128,0.03200000000000002,0.03449888024390123,0.0006489447605403263,0.6489447605403262,2.642728399677367,151.4171837008753,1,0.0008510552394596737,0.4971189246604317,4.242651086628995,0.015501119756098775,nan,0,1,1,0.038330937839427176,5.375852493069364e-13,2.2144129896150065e-09,-0.7894178856419884,-1.8865863533360216,-1.8449682171109438,-1.1349507036851125,1.6169498367066644,-2.040534220550591,0.23836655965707365,-0.5610421767052416,-0.010312782069798465,-2.9721895605941344,0.4830396185301045,0.14904267099002394,0.49384789125262285,-0.6595089513990575,-0.016558422038837062,0.4932753249323057,-0.6593625249246922,-0.016290361600360695,1.0,0.0,0.0,-0.8781265014478375,0.47826797828894746,0.012393078648335732,-0.787557679885031,-1.890405129303236,-1.8465484203678635,-1.1320275564690723,1.6188565955349834,-2.0400927911319635,0.03400261714089076,-0.0018602057569574448,0.0038187759672143606,0.0015802032569196545,-0.002923147216040256,-0.0019067588283190329,-0.00044142941862768126,0.000496263103010465
129,0.03225000000000002,0.0342470615024559,0.0006258677872280968,0.6258677872280969,2.638068303330069,151.1501798480508,1,0.0008741322127719032,0.5017790210077298,4.242863995776432,0.015752938497544104,nan,0,1,1,0.03833775560525723,5.334694016998179e-13,2.213017379796991e-09,-0.7878337850094925,-1.8858950925388862,-1.8462903362982206,-1.1363105078340416,1.6183932599362159,-2.040321311403154,0.23866815739676606,-0.5590779469575312,-0.010350916855407954,-2.970207319620058,0.4808684523387759,0.1502630876193596,0.4940978912526228,-0.6595089513990575,-0.016558422038837062,0.49354494833120804,-0.6593690807138372,-0.01630073850392831,1.0,0.0,0.0,-0.8758874516262738,0.4823652772218797,0.012037915695464906,-0.7859811795757055,-1.8896353954135565,-1.8478512204288304,-1.1334213507181183,1.6203504493685226,-2.03987373437023,0.03377178984556528,-0.001852605433787069,0.0037403028746703093,0.0015608841306098409,-0.002889157115923302,-0.0019571894323067163,-0.00044757703292397366,0.0004752716568906176
130,0.03250000000000002,0.03399429398220127,0.0006028209615089259,0.6028209615089258,2.6333863671095323,150.88192466266463,1,0.0008971790384910742,0.5064609572282666,4.24306643399288,0.016005706017798736,nan,0,1,1,0.038345213291526646,5.293396470121613e-13,2.2115847498817944e-09,-0.7861811773978593,-1.8852211535784642,-1.8475347918791418,-1.1376035240913753,1.6198941976758265,-2.0401188731867066,0.23908211644920327,-0.5571417314302158,-0.010376884512384,-2.968282576193917,0.4785956646482538,0.1512893479806953,0.49434789125262285,-0.6595089513990575,-0.016558422038837062,0.49381552982372523,-0.6593763465943581,-0.0163086213454288,1.0,0.0,0.0,-0.8736187533166729,0.48646818002602216,0.011789133793111875,-0.7843277482530403,-1.8889025879135921,-1.8491024139169658,-1.1347563020637599,1.6218805896531951,-2.0396527723309905,0.03354121207252703,-0.0018534291448190077,0.003681434335127909,0.0015676220378240124,-0.002847222027615448,-0.0019863919773686067,-0.0004661008557160784,0.0004530819096742397
131,0.03275000000000002,0.03374074696056119,0.0005793743508892782,0.5793743508892781,2.6286382165328814,150.6098756741299,1,0.0009206256491107219,0.5112091078049175,4.243263045430497,0.016259253039438815,nan,0,1,1,0.03835241196903162,5.252080133978245e-13,2.210207353010314e-09,-0.784447937334413,-1.8845787495569057,-1.84870703785489,-1.1388144707611236,1.6214490311378567,-2.0399222617490884,0.239614124625785,-0.5552306756889809,-0.0104022356576014,-2.9664174863421535,0.4762098907567125,0.15213228039930835,0.4945978912526228,-0.6595089513990575,-0.016558422038837062,0.4940872874881856,-0.6593833914972819,-0.01631512562440194,1.0,0.0,0.0,-0.8712984118364462,0.4906165091937857,0.011598208387104337,-0.7826003233940998,-1.8881925962841124,-1.850328129263981,-1.1360603771697362,1.623457107258562,-2.0394297593712647,0.03331087898225759,-0.0018476139403131864,0.00361384672720666,0.0016210914090910578,-0.002754093591387452,-0.0020080761207053044,-0.0004925023778237225,0.0004298679783035983
132,0.03300000000000002,0.03348646508303039,0.0005547931110369868,0.5547931110369868,2.623825257207546,150.33411341782008,1,0.0009452068889630132,0.5160220671302529,4.24344364911097,0.016513534916969615,nan,0,1,1,0.03835951926140321,5.210726888926431e-13,2.208864167533822e-09,-0.782642278492133,-1.883994887757365,-1.8498205547810653,-1.1399345562576273,1.6230630873041072,-2.0397416580686154,0.2402523721858055,-0.5533378452383055,-0.010448647340027373,-2.96458677488498,0.4737059138398,0.15282345722448046,0.49484789125262285,-0.6595089513990575,-0.016558422038837062,0.4943601239749432,-0.6593903360177757,-0.016322183028082103,1.0,0.0,0.0,-0.8689263523197458,0.4948106268415253,0.011377073832841877,-0.7807967335157076,-1.8875242136785664,-1.8514988869837932,-1.1373009231415452,1.6250695455653477,-2.039206210595628,0.0330807791792358,-0.0018455449764254173,0.003529325921201476,0.0016783322027278391,-0.0026336331160821125,-0.0020064582612404624,-0.0005354474729872827,0.00040568590379459063
133,0.03325000000000002,0.03323157764157444,0.0005297363868047982,0.5297363868047982,2.6189574403209592,150.05520805477613,1,0.0009702636131952018,0.5208898840168397,4.243623464591471,0.016768422358425565,nan,0,1,1,0.038366868040982785,5.169314106025557e-13,2.2075163722031153e-09,-0.780766158431015,-1.88343832007393,-1.8508893017786834,-1.1409947914257539,1.624727032257018,-2.039561842588115,0.24097990635219174,-0.5514506593512866,-0.01049987332014618,-2.9627849638192205,0.47110855877227387,0.15338976876114785,0.4950978912526228,-0.6595089513990575,-0.016558422038837062,0.4946337780261895,-0.6593975403605342,-0.016328624012192292,1.0,0.0,0.0,-0.8665067828429843,0.49904007786886523,0.011180159557816203,-0.7789208420151758,-1.8868851498911343,-1.8526314430826318,-1.1384972124953536,1.6267210160549839,-2.038981162601765,0.03285094758743112,-0.0018453164158392932,0.0034468298172043443,0.0017421413039484523,-0.002497578930400257,-0.0019939837979658925,-0.000580679986349697,0.0003806300541433147
134,0.03350000000000002,0.032976360640286556,0.0005049557958859395,0.5049557958859395,2.6141148096307947,149.7777457544892,1,0.0009950442041140606,0.5257325147070042,4.243806054058846,0.017023639359713447,nan,0,1,1,0.03837601285590007,5.127721724088384e-13,2.2060016326567495e-09,-0.7788406051567577,-1.8828946158878297,-1.851919759406628,-1.1420118897181213,1.6264248639485568,-2.0393792531207406,0.24177293002643147,-0.5495716844229327,-0.01054771669125415,-2.961011869459669,0.4684536056720948,0.15385498716815396,0.49534789125262285,-0.6595089513990575,-0.016558422038837062,0.4949072615500644,-0.6594065671093188,-0.016334048960601796,1.0,0.0,0.0,-0.8640793588600183,0.5032348006701783,0.011027102362167071,-0.776971748516292,-1.886279884657527,-1.8537215127596105,-1.1396431223200736,1.6284096403176738,-2.0387556260064135,0.03262137575376875,-0.0018688566404656548,0.0033852687696973582,0.0018017533529826046,-0.0023687673980476998,-0.0019847763691169806,-0.0006236271143271743,0.00035498488651780624
135,0.03375000000000002,0.03272112853854911,0.00048092877322519436,0.48092877322519434,2.609221419058776,149.4973751272034,1,0.0010190712267748056,0.530625905279023,4.243998963253994,0.017278871461450893,nan,0,1,1,0.03838565364788245,5.086121309269214e-13,2.204445884134632e-09,-0.776843341725259,-1.8823213328149584,-1.8529498490019884,-1.1430442342570664,1.6281715298690491,-2.039186343925592,0.2426145567434665,-0.5476554450651506,-0.010576953753826002,-2.959225908988541,0.4657164041747445,0.15427340360899577,0.4955978912526228,-0.6595089513990575,-0.016558422038837062,0.4951808508333254,-0.6594161324742686,-0.016337618006289755,1.0,0.0,0.0,-0.861605907848411,0.5074595056513583,0.010959456409635297,-0.7749524039395123,-1.8857096893706087,-1.8547666139463908,-1.1407351825785828,1.6301338372115952,-2.0385295938395505,0.032392084220830286,-0.0018909377857467824,0.003388356555650285,0.0018167649444023048,-0.002309051678483609,-0.001962307342546099,-0.000656750086041491,0.00032904431771882403
136,0.03400000000000002,0.032466019937523426,0.00045729615287491145,0.45729615287491143,2.6042861198672402,149.21460331289407,1,0.0010427038471250887,0.5355612044705587,4.244191562142106,0.017533980062476577,nan,0,1,1,0.03839576543141127,5.044546190027114e-13,2.202857091234959e-09,-0.7747740904108662,-1.8817592318503211,-1.8539560352241409,-1.1440485822753508,1.6299584346312233,-2.03899374503748,0.2435226655102683,-0.5457272371608233,-0.010605945218372381,-2.957452095723954,0.46288237475113553,0.15462123568482655,0.49584789125262285,-0.6595089513990575,-0.016558422038837062,0.4954543883135941,-0.6594261814392794,-0.016340650731800806,1.0,0.0,0.0,-0.8590903764112681,0.5117075075851282,0.010915669405120499,-0.7728631639633741,-1.885178520469007,-1.8557560849929617,-1.1417654339644054,1.631887354088551,-2.0383041164107314,0.032163082406071575,-0.001910926447492134,0.0034192886186859006,0.001800049768820866,-0.0022831483109453377,-0.0019289194573277602,-0.0006896286267488172,0.00030293753145185093
137,0.034250000000000023,0.032211127755459465,0.0004330076145832141,0.4330076145832141,2.599287205843333,148.92818663717543,1,0.0010669923854167858,0.540560118494466,4.24439012773255,0.017788872244540538,nan,0,1,1,0.038406208322516,5.003011839336581e-13,2.2012411935170846e-09,-0.7726238503869842,-1.8812296204130872,-1.854981516308093,-1.1450496897726739,1.63180207491956,-2.0387951794470363,0.24447242792749824,-0.543743857566091,-0.010660291059914284,-2.955621399300199,0.4599430174183718,0.15499219581310109,0.4960978912526228,-0.6595089513990575,-0.016558422038837062,0.4957278766343836,-0.6594365243512484,-0.016345492239790527,1.0,0.0,0.0,-0.8565210893523882,0.515999382304777,0.010782437372258535,-0.7707023636190651,-1.8846805096859587,-1.8567057609154327,-1.1427479710928792,1.633677440140544,-2.0380789283180545,0.031934345871306155,-0.001921486767919145,0.0034508892728715157,0.0017242446073397755,-0.002301718679794673,-0.001875365220983971,-0.0007162511289817708,0.00027678188415330984
138,0.034500000000000024,0.031956718195054155,0.0004084238116456443,0.4084238116456443,2.594120473945979,148.63215470558143,1,0.0010915761883543557,0.5457268503918198,4.244586062281944,0.018043281804945847,nan,0,1,1,0.03841480546158079,4.961784762770652e-13,2.1998273398444863e-09,-0.770368364241137,-1.8807315279690022,-1.855991893821728,-1.146022708821897,1.6337143210093334,-2.038599244897642,0.24550702987018655,-0.5417229479538688,-0.010729917879946094,-2.953770983981609,0.45685387926160437,0.15530620104526485,0.49634789125262285,-0.6595089513990575,-0.016558422038837062,0.49600203325640263,-0.659445013474396,-0.016350806533251216,1.0,0.0,0.0,-0.8538430563081657,0.52042213113947,0.010622646307913323,-0.768471845837459,-1.8842210755973328,-1.8576070129933937,-1.1436754681078571,1.6354953067056848,-2.037855108532658,0.031705922499932634,-0.0018965184036779936,0.003489547628330536,0.0016151191716657909,-0.002347240714039911,-0.0017809856963513226,-0.0007441363649842714,0.00025079569512152095
139,0.034750000000000024,0.03170292430998152,0.00038410595912069333,0.38410595912069334,2.588737448486623,148.32373006574886,1,0.0011158940408793068,0.5511098758511759,4.244769337158095,0.018297075690018483,nan,0,1,1,0.038420546673032546,4.920987479747911e-13,2.198723640143499e-09,-0.7680025458275297,-1.8802597758272217,-1.856951339545313,-1.1469446693539411,1.63569760129599,-2.0384159700214908,0.24665700295566456,-0.5396906645789136,-0.010801489921633767,-2.9519423848589024,0.45359634915400016,0.15548501202581608,0.4965978912526228,-0.6595089513990575,-0.016558422038837062,0.49627720566081657,-0.6594506670896283,-0.016355195371506575,1.0,0.0,0.0,-0.8510286698725792,0.5250141473865203,0.010504670338178784,-0.7661787971860866,-1.883805721877976,-1.8584477635818413,-1.1445303010439276,1.6373382811991626,-2.0376315780369123,0.03147777969865892,-0.0018237486414430792,0.0035459460507543117,0.0014964240365282766,-0.002414368310013515,-0.001640679903172515,-0.0007843919845784697,0.00022514461132260022
140,0.035000000000000024,0.031449808543941506,0.00035994478940157146,0.3599447894015715,2.583115026990275,148.0015890433645,1,0.0011400552105984285,0.5567322973475237,4.244954983816896,0.018550191456058497,nan,0,1,1,0.038423057836242995,4.880660606162356e-13,2.1979693992925002e-09,-0.7655258430915419,-1.8798292491480748,-1.8578444857846113,-1.1477928934187351,1.6377472826347093,-2.03823032336269,0.24793543325848724,-0.5376587421738463,-0.010879515190976685,-2.950150512310873,0.4501930592260641,0.15550778110352764,0.49684789125262285,-0.6595089513990575,-0.016558422038837062,0.4965535478602239,-0.6594531049261808,-0.016358914168727548,1.0,0.0,0.0,-0.8480627926316394,0.5297933458850065,0.010416833002163685,-0.7638194172597964,-1.8834233820880173,-1.8592424953452196,-1.1453321830150724,1.6392105000963215,-2.0374072050719727,0.03124995341823539,-0.0017064258317455172,0.003594132939942485,0.0013980095606083154,-0.0024607104036626914,-0.001463217461612265,-0.0008231182907172396,0.00019985512570611444
141,0.035250000000000024,0.031197425132973237,0.00033662905656913877,0.3366290565691388,2.577310422721883,147.669009717042,1,0.0011633709434308612,0.5625369016159159,4.245130783807577,0.018802574867026765,nan,0,1,1,0.03842340674474111,4.84070393725687e-13,2.1974569039892446e-09,-0.7629608913190783,-1.8794396954536932,-1.8586558729905798,-1.1485516597883283,1.6398481037262624,-2.03805452337201,0.24933817990181736,-0.5356522540433373,-0.010959576979312158,-2.9484224176982368,0.44666022769547026,0.1553474161313464,0.4970978912526228,-0.6595089513990575,-0.016558422038837062,0.4968305289812226,-0.6594534019780958,-0.01636156981154676,1.0,0.0,0.0,-0.8449726877730619,0.5347087192962536,0.010379904919017935,-0.7613972693656349,-1.8830771702906899,-1.8599891096952448,-1.1460776272777076,1.641110726438377,-2.0371866405754644,0.03102245911304857,-0.0015636219534433948,0.0036374748369967236,0.0013332367046650084,-0.0024740325106207273,-0.001262622712114636,-0.0008678827965455937,0.00017496601992466818
142,0.035500000000000025,0.03094574177293113,0.000314388056790211,0.31438805679021103,2.5714819967600238,147.33506550822298,1,0.001185611943209789,0.5683653275777751,4.245302205255602,0.01905425822706887,nan,0,1,1,0.038424599189915136,4.800814138821375e-13,2.196875187036e-09,-0.7603425457069516,-1.8790938197597062,-1.8594091965443333,-1.1492268852559169,1.6419699704487147,-2.037883101923984,0.25082163384927547,-0.5336735953007409,-0.01104987470587876,-2.9467497663699707,0.44305480396849284,0.1550665339064296,0.49734789125262285,-0.6595089513990575,-0.016558422038837062,0.49710676069662524,-0.6594545445452169,-0.016364164993992424,1.0,0.0,0.0,-0.8418412560361248,0.5396260667476716,0.010344453680949132,-0.7589087548089124,-1.8827674719185066,-1.8606960176194265,-1.146773055423765,1.6430408204763671,-2.036967571388486,0.030795316475891874,-0.001433790898039189,0.0036736521588003335,0.0012868210750931475,-0.0024538298321519214,-0.0010708500276523925,-0.000915530535497755,0.00015042529703925694
143,0.035750000000000025,0.030694670363374834,0.00029340990972599523,0.29340990972599523,2.5656296632901676,146.9997515000971,1,0.0012065900902740049,0.5742176610476313,4.245473936882316,0.01930532963662517,nan,0,1,1,0.03842661917909924,4.760982502587547e-13,2.19622734175816e-09,-0.7576805901737452,-1.8787926467211482,-1.8600922808062677,-1.149806111601827,1.6441102706112958,-2.03771137029727,0.2523908936241039,-0.5317349753519351,-0.011147797731588416,-2.9451455314395907,0.43939846914991426,0.15463882155332098,0.4975978912526228,-0.6595089513990575,-0.016558422038837062,0.497382336027893,-0.6594565224599811,-0.016366389420346315,1.0,0.0,0.0,-0.8386682057609764,0.5445447669487825,0.010326540289991318,-0.7563689221310532,-1.8825125934848785,-1.861319295542348,-1.1473747917793824,1.6449764339026869,-2.0367537126207598,0.030568515535905852,-0.0013116680426920047,0.0037199467637303307,0.001227014736080445,-0.0024313198224445998,-0.0008661632913911088,-0.0009576576765102374,0.00012615482746898207
144,0.036000000000000025,0.030444351583685435,0.0002734261120936936,0.2734261120936936,2.5597601173200255,146.66345128834993,1,0.0012265738879063065,0.5800872070177734,4.245644207356701,0.019555648416314568,nan,0,1,1,0.03842964089922693,4.721210808683667e-13,2.19549233553444e-09,-0.7549780003510589,-1.8785427559447823,-1.8607218784688198,-1.1503002571684475,1.6462754322525497,-2.037541099822885,0.25403249671000105,-0.5298213180158509,-0.011262187184109762,-2.943581835312856,0.43569106845452915,0.15409901349263083,0.49784789125262285,-0.6595089513990575,-0.016558422038837062,0.4976570244247844,-0.6594594957460888,-0.016368986479358427,1.0,0.0,0.0,-0.8354569722368878,0.549459555253047,0.010288084461941923,-0.7537617036448377,-1.8822915689900865,-1.8619027683444502,-1.147929947362697,1.6469410638768693,-2.03654009608015,0.03034200456451452,-0.0012162967062211427,0.003748813045304278,0.0011808898756304753,-0.0023703098057505922,-0.0006656316243196514,-0.0010010037427350404,0.00010234701917091402
145,0.036250000000000025,0.030194766825168164,0.00025539301146414357,0.25539301146414356,2.5538557893250977,146.3251582133796,1,0.0012446069885358566,0.5859915350127012,4.245813461980097,0.01980523317483184,nan,0,1,1,0.038433351542524204,4.681527790354249e-13,2.194702735482775e-09,-0.7522325816062538,-1.878318094156952,-1.8612886977516914,-1.1507184541208924,1.6484590895138682,-2.0373718451994898,0.2557515988439707,-0.5279390689604452,-0.011374176704620875,-2.9420801722298795,0.43193043048532953,0.1534219391575914,0.4980978912526228,-0.6595089513990575,-0.016558422038837062,0.4979309958698886,-0.6594631768775474,-0.01637060240539253,1.0,0.0,0.0,-0.8321976705898625,0.5543834024263499,0.010299523240944932,-0.7511000371150086,-1.8821070980813182,-1.862431895907382,-1.148422543843133,1.6489245597092805,-2.036330936700495,0.030115911628696146,-0.0011325444912452243,0.0037890039243662077,0.001143198155690639,-0.0022959102777593277,-0.0004654701954123208,-0.0010409084989948525,7.885519647201841e-05
146,0.036500000000000025,0.029945804299600875,0.00024050019917994778,0.24050019917994778,2.54780360266967,145.97839346119824,1,0.0012594998008200523,0.5920437216681287,4.245976575340334,0.020054195700399128,nan,0,1,1,0.03843594875703867,4.642081204640074e-13,2.1940411691245845e-09,-0.7494238021783068,-1.8780874000774732,-1.861782965012421,-1.151083598638215,1.6506846483147486,-2.0372087318392524,0.25756854958525366,-0.5260771017256143,-0.01146160573443622,-2.9406391243002257,0.428079340156968,0.1525671312668976,0.49834789125262285,-0.6595089513990575,-0.016558422038837062,0.4982053074165104,-0.6594657929196708,-0.0163696164744538,1.0,0.0,0.0,-0.8288266390367856,0.5594079372845303,0.010448068053620828,-0.7483852751838189,-1.881978050261069,-1.8628935566745022,-1.1488356654240925,1.6509174729953522,-2.0361268234857572,0.029890174996722918,-0.0010385269944879205,0.0038906501835958007,0.0011105916620812728,-0.0022479332141225328,-0.00023282468060359385,-0.0010819083534951979,5.562930287795684e-05
147,0.036750000000000026,0.029697474080293877,0.00022780655834629213,0.22780655834629213,2.5416465557018433,145.62562065567792,1,0.001272193441653708,0.5982007686359556,4.246136953640638,0.020302525919706126,nan,0,1,1,0.03843838272621182,4.602775175910786e-13,2.193405539785489e-09,-0.7465503189484296,-1.877876966955962,-1.8622377892685966,-1.1514016895294377,1.6529535253635739,-2.0370483535389483,0.2594601010158026,-0.5242104276855302,-0.011550103553579216,-2.9392150693253134,0.424138186602625,0.15161252337658904,0.4985978912526228,-0.6595089513990575,-0.016558422038837062,0.4984795081644888,-0.659468255900961,-0.016368092984554435,1.0,0.0,0.0,-0.8253660491325521,0.5644979561718096,0.01062743699918152,-0.745614191596119,-1.8818811794073538,-1.863309540183775,-1.1491936662711888,1.6529306428746358,-2.035925036878395,0.02966482148122062,-0.0009361273523106339,0.004004212451391709,0.0010717509151783045,-0.00220802325824887,2.2882488938114065e-05,-0.0011233166605530975,3.265259907325735e-05
148,0.037000000000000026,0.02944981046307087,0.0002175597303150952,0.21755973031509518,2.5354392896349873,145.2699705077323,1,0.0012824402696849048,0.6044080347028116,4.24629449329268,0.020550189536929133,nan,0,1,1,0.03844162303978686,4.563524619577535e-13,2.1926957427904497e-09,-0.7436205367550988,-1.8776867969052145,-1.8626593689677862,-1.1516822978036885,1.655258062339962,-2.0368908138869055,0.2614125205585959,-0.5223369974635699,-0.011640498212999728,-2.937801167746027,0.42011830060207317,0.1505831187427398,0.49884789125262285,-0.6595089513990575,-0.016558422038837062,0.4987530704855556,-0.6594715322190161,-0.016366221457795833,1.0,0.0,0.0,-0.8218455610342065,0.5696074260540871,0.010828388264563489,-0.7427854403642598,-1.881824714780195,-1.8636720285831185,-1.1494902232434907,1.6549602091318965,-2.0357283864788993,0.02943985732518599,-0.0008350963908390074,0.0041379178749805234,0.0010126596153323675,-0.0021920745601977654,0.00029785320806552384,-0.0011624274080062058,9.953137884880642e-06
149,0.037250000000000026,0.029202708629356155,0.00020991180315942904,0.20991180315942903,2.529325778633733,144.91969212935365,1,0.001290088196840571,0.6105215457040658,4.2464421555491585,0.020797291370643848,nan,0,1,1,0.038448091954517385,4.52409563909822e-13,2.1916637965296177e-09,-0.7406628279448371,-1.87750905009111,-1.863059870197227,-1.1519433837174056,1.6575844354019655,-2.0367431516304277,0.2633943093701754,-0.5204587301044433,-0.01173053346107883,-2.9363876647295393,0.41604980856015206,0.1495136067961599,0.4990978912526228,-0.6595089513990575,-0.016558422038837062,0.49902482244349117,-0.6594780432649942,-0.016364080582923907,1.0,0.0,0.0,-0.8183472940884665,0.5746178386045367,0.011047434794354168,-0.739930574248325,-1.8818365219919344,-1.863934061289425,-1.1496729953766567,1.6569709367663061,-2.0355408331989686,0.029215304309741067,-0.0007322536965120863,0.004327471900824387,0.0008741910921981066,-0.0022703883407488856,0.0006134986356594041,-0.0012023184314591262,-1.2595680384912267e-05
150,0.037500000000000026,0.02895606200143979,0.0002052796894823371,0.2052796894823371,2.5233182930102305,144.57548855764142,1,0.0012947203105176629,0.6165290313275684,4.246597788388746,0.021043937998560212,nan,0,1,1,0.03845797942364127,4.484461363483221e-13,2.1902904102465568e-09,-0.7376693272648736,-1.8773296485823543,-1.863442980703192,-1.1521949118004706,1.6599254139231079,-2.03658751879084,0.2654046164600874,-0.5185698158496734,-0.011812014743521726,-2.934979190447914,0.41194732017052127,0.14841338462466233,0.49934789125262286,-0.6595089513990575,-0.016558422038837062,0.4992947391833264,-0.6594879873558329,-0.01636125429975395,1.0,0.0,0.0,-0.8148799015464782,0.5795195207519058,0.011308011455753891,-0.7370155588211585,-1.8818796014259447,-1.8641567501657104,-1.1498095478022299,1.6590018238064579,-2.0353567928869047,0.028991138982180583,-0.0006537684437150082,0.004549952843590388,0.0007137694625183322,-0.0023853639982407415,0.0009235901166499971,-0.001230725903935248,-3.50769807407926e-05
151,0.03775000000000003,0.02870985056142572,0.00020413639003259685,0.20413639003259684,2.5174282136327886,144.23801186831696,1,0.0012958636099674032,0.6224191107050103,4.246753589932011,0.021290149438574282,nan,0,1,1,0.038471267822188265,4.4446339174612346e-13,2.1885823894764273e-09,-0.734653512921826,-1.8771552429404634,-1.8637854621237502,-1.1524139790171466,1.6622671572681524,-2.036431717247576,0.26745185343810146,-0.5166978114057641,-0.01188255127897414,-2.9336089019356346,0.40781927797214607,0.14724448579512214,0.4995978912526228,-0.6595089513990575,-0.016558422038837062,0.4995627850212697,-0.6595013529221331,-0.016357470598423834,1.0,0.0,0.0,-0.8114517202596391,0.5843038038181553,0.011626286221624132,-0.7340430794298572,-1.881958513234771,-1.8643380511028196,-1.1498957426456577,1.6610513245480936,-2.0351771528254865,0.02876742563296973,-0.0006104334919687648,0.004803270294307493,0.0005525889790694016,-0.0025182363714888467,0.0012158327200588737,-0.001254564422089377,-5.757507154401098e-05
152,0.03800000000000003,0.02846400451245406,0.00020665054579714832,0.2066505457971483,2.5115399467425172,143.9006390268578,1,0.0012933494542028516,0.6283073775952817,4.246917431513754,0.021535995487545943,nan,0,1,1,0.038486169265254,4.4047638175619e-13,2.1867206425626986e-09,-0.7315808865222276,-1.8769836901037795,-1.8640902214321178,-1.152600274067056,1.664627462014147,-2.0362678756658315,0.26955850571554707,-0.5148243912970799,-0.011942401527006541,-2.9322691513270254,0.4036268395249952,0.14599751505819414,0.49984789125262286,-0.6595089513990575,-0.016558422038837062,0.4998299866813631,-0.6595163538684595,-0.016352681722289684,1.0,0.0,0.0,-0.8079964552270311,0.589064997916143,0.012006522002930843,-0.7310177806733552,-1.8820774640426055,-1.8644652204257208,-1.1499174395165483,1.6631116679628999,-2.035003220095208,0.02854413096166251,-0.000563105848872425,0.0050937739388259295,0.00037499899360304845,-0.0026828345505076623,0.0015157940512471324,-0.0012646555706234963,-8.01264492084515e-05
153,0.03825000000000003,0.028218321883455782,0.00021194468873507468,0.2119446887350747,2.505897912560806,143.5773742803772,1,0.0012880553112649253,0.6339494117769928,4.247084180748982,0.02178167811654422,nan,0,1,1,0.03850645089347461,4.3645003162161956e-13,2.1843259964671914e-09,-0.7285080641772349,-1.876842276144471,-1.8643672506022064,-1.1527433563911418,1.6669727405007597,-2.036101126430604,0.27167866613974756,-0.5129714278181211,-0.0120103643354601,-2.9309563007891204,0.39944340005522266,0.14472581792806016,0.5000978912526228,-0.6595089513990575,-0.016558422038837062,0.5000944466414695,-0.6595367294408121,-0.0163483338046751,1.0,0.0,0.0,-0.804659397459922,0.5936078331679057,0.012369093788116863,-0.7279854988666894,-1.8822662014946683,-1.8644876982878262,-1.149825945513983,1.665147610487993,-2.034851209738587,0.028321305527930857,-0.0005225653105455086,0.005423925350197312,0.00012044768561980668,-0.002917410877158799,0.0018251300127667403,-0.0012499166920170168,-0.00010298364447507494
154,0.03850000000000003,0.02797271481574095,0.00022135813466423785,0.22135813466423784,2.5006409187002605,143.27617071924175,1,0.001278641865335762,0.6392064056375384,4.247252890424669,0.022027285184259053,nan,0,1,1,0.0385342299691423,4.3236569486647627e-13,2.1811840549179016e-09,-0.7254460774604293,-1.8767069852992673,-1.8646476277430764,-1.1528890156649965,1.6693113457754472,-2.035932416754917,0.2737792136956849,-0.5111122323636917,-0.012079649861279684,-2.929628436990272,0.39528306911739874,0.1434839850308082,0.5003478912526228,-0.6595089513990575,-0.016558422038837062,0.5003550166435755,-0.6595645998239393,-0.01634429145859693,1.0,0.0,0.0,-0.8015270229638228,0.5978232130433752,0.012721533132723558,-0.7248835030544974,-1.8824856050281993,-1.8644852498781401,-1.1496913432007985,1.667211209727687,-2.0347148567384665,0.02809891521219932,-0.0005625744059318816,0.005778619728932011,-0.00016237786493622508,-0.003197672464197998,0.0021001360477601594,-0.0012175600164505695,-0.00012620039645836953
155,0.03873416342656878,0.02774274820624885,0.0002359183687105864,0.23591836871058638,2.496096964681652,143.01582133167398,1,0.0012640816312894136,0.6437503596561469,4.24741793507797,0.022257251793751154,nan,0,1,1,0.03856731582713031,4.284871548432286e-13,2.17754172796157e-09,-0.7225799830904335,-1.876564543506461,-1.8649225025711658,-1.1530407290984905,1.671492814110723,-2.035767372101616,0.2757255681965249,-0.5093574311573802,-0.01213581133013275,-2.928374133107596,0.3914034364964009,0.1423533101688011,0.5005820546791916,-0.6595089513990575,-0.016558422038837062,0.5005952946447669,-0.6595977799092926,-0.016340266874387426,1.0,0.0,0.0,-0.7988016613851933,0.6014524330554857,0.013071975363025266,-0.7219028236698044,-1.8827216339680428,-1.8644406242241167,-1.1495229597862866,1.669162716273248,-2.0345704874348898,0.027886958802590806,-0.0006771594206290699,0.006157090461581749,-0.0004818783470490473,-0.0035177693122039333,0.0023300978374749537,-0.0011968846667262945,-0.00014421059634195724
