k,i_ref,i_ref_mpc,ref_advanced,dist_to_ref_m,dist_to_ref_mm,u0_vx,u0_vy,u0_vz,u0_wx,u0_wy,u0_wz,u0_dL,p_x,p_y,p_z,p_qw,p_qx,p_qy,p_qz,p_L,y_x,y_y,y_z,y_tx,y_ty,y_tz,status,infeasible,pred1_err_xy_m,pred1_err_xy_mm,pred1_err_xyz_m,pred1_err_xyz_mm,vessel_tip_alignment_deg,i_seg,u_seg,rho_m,rho_mm,clearance_m,clearance_mm,jac_pred_mm,jac_mpc_pred_mm,jac_actual_mm,jac_gain_actual_over_jac,jac_gain_actual_over_mpc,jac_angle_actual_deg,jac_cos_actual,jac_actual_along_pred_mm,jac_dp_pred_x_mm,jac_dp_pred_y_mm,jac_dp_pred_z_mm,mpc_dp_pred_x_mm,mpc_dp_pred_y_mm,mpc_dp_pred_z_mm,actual_dp_x_mm,actual_dp_y_mm,actual_dp_z_mm,jac_dir_pred_x,jac_dir_pred_y,jac_dir_pred_z,mpc_dir_pred_x,mpc_dir_pred_y,mpc_dir_pred_z,actual_dir_x,actual_dir_y,actual_dir_z,frame_path
0,17,17,1,0.0016370738520077633,1.6370738520077635,2.9299147028975046e-05,0.06062462771944585,1.4691767328308686e-10,0.0,0.0,0.0024414119108203207,0.009994112296682334,0.6621331150144234,-0.7093210704150057,-0.1,-0.0005336762004682352,-0.9999997600827397,-0.000306102751850686,-0.00031831632309387166,0.016099941122966824,0.7820330550718059,-0.7098617251870769,-0.10000075995902964,-0.9999805750648373,0.006228965796850436,0.00022243673040233514,solved,0,2.5121433827498902e-06,0.00251214338274989,2.5121434567110644e-06,0.0025121434567110645,2.976562487402217,16,0.0704129320563344,0.001347735925212872,1.347735925212872,0.002652264074787128,2.652264074787128,0.1186025052714595,0.11860251479473365,0.11983143589971494,1.0103617594370593,1.010361678309336,1.0530474609609985,0.9998311082619532,0.1198111973602332,-0.09993574582251054,0.06387018189017585,2.8790293523852427e-05,-0.09993574582267684,0.06387019958198348,2.8772520629938292e-05,-0.09976822698420929,0.0663767513596758,2.8162928836228396e-05,-0.8426107491892842,0.5385230416843949,0.00024274608245379554,-0.842610681532651,0.5385231476122084,0.00024259621037323815,-0.832571405283867,0.5539176832966056,0.0002350212081226959,mpc_1np1s_wadv_60/frames/frame_000000.png
1,18,18,1,0.0022471627873976224,2.2471627873976225,0.0016691551006534175,0.1990026415613235,1.4825484897928523e-10,0.0,0.0,0.00800777706636492,0.009993339729443074,0.66214980656543,-0.7073310439993925,-0.1,-0.0005336634550097075,-0.9999997715371968,-0.0002660638758902203,-0.00031833769063891246,0.016199874520261254,0.7819360798011398,-0.709641193205415,-0.10000073192203768,-0.9996618142610076,0.026003975053694926,0.0002244767191841879,solved,0,8.344883354693546e-06,0.008344883354693546,8.344883718243465e-06,0.008344883718243466,2.6323634816007577,16,0.1735309688525329,0.0014088195793683495,1.4088195793683496,0.0025911804206316504,2.5911804206316504,0.234271649476405,0.2342716494763921,0.2409119317148477,1.028344369680598,1.0283443696806547,1.2189447159566824,0.9997737042606963,0.2408574143711532,-0.09884305584063961,0.21239881150848156,3.050023446854267e-05,-0.09884305584062503,0.21239881150847406,3.0500234435293372e-05,-0.09697527066609979,0.2205319816619422,2.803699196418652e-05,-0.42191642079420594,0.9066347207747542,0.00013019174337445616,-0.42191642079416697,0.9066347207747723,0.0001301917432325371,-0.4025341126768404,0.9154049784589833,0.00011637859430462807,mpc_1np1s_wadv_60/frames/frame_000001.png
2,19,19,1,0.00299240016484811,2.9924001648481102,0.012668684691766472,0.3702009868091643,1.573216898985738e-10,0.0,0.0,0.01489264903950109,0.009991366836016221,0.6622764934123476,-0.7036290341313008,-0.1,-0.0005336397490726938,-0.9999997885767894,-0.00019160064703597807,-0.0003183774280690236,0.016299788188621416,0.7818516131752251,-0.7092255515125614,-0.10000070326626162,-0.9980200276092739,0.06289652728529978,0.00022659707315925094,solved,0,1.632548166375305e-05,0.01632548166375305,1.6325482062226732e-05,0.016325482062226733,1.4995250657828496,16,0.28189886833076655,0.0016239915164650352,1.6239915164650351,0.002376008483534965,2.376008483534965,0.4110158215904267,0.41101582159038064,0.4241375113718963,1.031925023544581,1.0319250235446966,1.332919080163636,0.9997294093897885,0.42402274374388066,-0.09120072765745695,0.40076979905117127,3.2262790032093196e-05,-0.0912007276574478,0.4007697990511261,3.2262790036763356e-05,-0.0844666259146587,0.41564169285357444,2.8655776057595617e-05,-0.22189103890102216,0.9750714644034666,7.84952508817112e-05,-0.22189103890102477,0.9750714644034658,7.849525089308249e-05,-0.1991491524563501,0.9799691885519823,6.756246568455338e-05,mpc_1np1s_wadv_60/frames/frame_000002.png
3,20,20,1,0.0037717717453702817,3.7717717453702817,0.04473764967394025,0.5437513619662809,1.7968255917210522e-10,0.0,0.0,0.02191055592360912,0.009988476149953704,0.662723869909087,-0.698191520511638,-0.1,-0.0005336048667382292,-0.9999998035662684,-8.204788964929402e-05,-0.00031843588787617937,0.016399672950120955,0.7817985467839857,-0.7086058666613763,-0.10000067067753993,-0.9930975178009661,0.11729137924850293,0.00022911033071909372,solved,0,2.624911326864728e-05,0.026249113268647283,2.624912498717451e-05,0.026249124987174507,0.6192656707840688,16,0.3879477468479365,0.0020346583679007467,2.0346583679007466,0.0019653416320992534,1.9653416320992534,0.6022145571184869,0.6022145545023946,0.62195285812474,1.0327761937550928,1.0327761982415966,1.6200192764272363,0.9996002981389318,0.6217042624098508,-0.0683247842300401,0.5983260761263965,5.738051414517657e-05,-0.06832478440510492,0.5983260734722107,5.739198830068126e-05,-0.05306639123936474,0.6196848511851316,3.25887216934273e-05,-0.1134558828284801,0.9935430305592474,9.528250930986185e-05,-0.11345588361204784,0.9935430304679418,9.53015629921197e-05,-0.08532220818048183,0.9963534102143262,5.239741447878555e-05,mpc_1np1s_wadv_60/frames/frame_000003.png
4,21,21,1,0.0045459296864926516,4.545929686492651,0.10386581562164099,0.6763247195343046,1.9045091314376862e-10,0.0,0.0,0.027416678188837813,0.009988867857335562,0.6637625280653034,-0.691428273316295,-0.1,-0.0005335612094533445,-0.9999998054177451,5.503547470866729e-05,-0.0003185090332485064,0.01649956162869431,0.781738273717882,-0.708250891743139,-0.10000188924487989,-0.9886972350761206,0.1499258512433173,0.00012838146732180354,solved,0,0.0004079688648721523,0.4079688648721523,0.0004079717391921431,0.40797173919214313,3.7473353984433797,16,0.47327311430919144,0.0026507282868159948,2.650728286815995,0.0013492717131840053,1.3492717131840053,0.7617959367806401,0.7617959367806281,0.360057662022949,0.4726431904383181,0.4726431904383255,7.77822177252448,0.9907993546298227,0.35674489916186064,-0.024745195548804933,0.7613938709435519,0.00031286153191654797,-0.024745195548847576,0.7613938709435386,0.00031286153191756316,-0.060273066103788686,0.3549749182372164,-0.0012185673399639496,-0.03248270875974801,0.9994722132034634,0.00041068942063238753,-0.03248270875980449,0.9994722132034615,0.0004106894206337266,-0.1673983710418779,0.9858835283293912,-0.003384367195847319,mpc_1np1s_wadv_60/frames/frame_000004.png
5,22,22,1,0.005144431595153916,5.144431595153916,0.003527892469095518,0.009834366575238424,8.446053600213199e-11,0.0,0.0,0.00040707180885108095,0.009997576235811406,0.6637978069899944,-0.6913299296505426,-0.1,-0.0005335605611719978,-0.9999998053036568,5.707083335676254e-05,-0.00031851011923648,0.016599537391052424,0.7816383174886367,-0.7082454037119387,-0.10000193377565579,-0.98876121584962,0.1495033189153551,0.00012515939802917647,solved,0,8.107192750258454e-07,0.0008107192750258454,2.7724148315847774e-05,0.027724148315847772,5.633999116035411,16,0.5519923863829312,0.0030020720661946185,3.0020720661946183,0.0009979279338053816,0.9979279338053816,0.1041680809777345,0.10416724778113827,0.10010678415764616,0.9610120798812025,0.9610197666734616,15.435990523508563,0.9639284041328093,0.09649577269594745,-0.10028873014772716,0.00474851410016338,-0.027759886775359222,-0.10028870758604924,0.004748623399608576,-0.027756822887817223,-0.09995622924530156,0.005488031200373555,-4.45307759000535e-05,-0.9627587376709326,0.04558511643483531,-0.2664912947882066,-0.9627662218431836,0.045586530322714515,-0.2664640132005407,-0.9984960568495788,0.05482177103732664,-0.0004448327480975448,mpc_1np1s_wadv_60/frames/frame_000005.png
6,22,22,0,0.0050472815467929154,5.047281546792916,0.0036297941334388025,0.009518434311559474,-4.2572007054637694e-10,0.0,0.0,0.00039449940168129893,0.010051186098752711,0.6638341049313288,-0.691234745307427,-0.1,-0.0005335599329107026,-0.9999998051891394,5.904332998101878e-05,-0.0003185111716824711,0.016700049252039953,0.7815378246436288,-0.7082399018967224,-0.1000019845026969,-0.9888248591420028,0.14908180028823476,0.00012151385617973333,solved,0,3.3325204387028117e-06,0.0033325204387028118,3.424582935858799e-05,0.03424582935858799,5.609509752808173,16,0.6521227672591718,0.00300234042113505,3.00234042113505,0.00099765957886495,0.99765957886495,0.10614763529716024,0.10614930127037814,0.10064335269499801,0.9481450285090856,0.9481301477307358,18.818575884710594,0.946544728491525,0.09526343495116368,-0.1004879515979036,0.0021696375664987046,-0.03412894278565276,-0.10048799284589904,0.0021692983099841356,-0.03413402406447774,-0.10049284500790456,0.005501815216302219,-5.072704110931081e-05,-0.9466810194743165,0.020439810650748888,-0.32152334519849457,-0.9466665502577459,0.020436293824097895,-0.3215661681797912,-0.998504544184358,0.054666454057582886,-0.0005040277350759595,mpc_1np1s_wadv_60/frames/frame_000006.png
7,23,23,1,0.005510176768364466,5.510176768364466,0.0029447338201385423,0.0063566548884215765,-3.2264656971383127e-10,0.0,0.0,0.00026422074189384206,0.010032579479648572,0.6638635522695302,-0.6911711787585428,-0.1,-0.0005335595121239466,-0.9999998051102644,6.036443343307073e-05,-0.0003185118765701997,0.01680037504683644,0.7814375101650373,-0.7082344620467748,-0.10000202495419364,-0.9888906106772551,0.14864503358548015,0.00011876336478517302,solved,0,2.2935099032524634e-06,0.0022935099032524633,2.7810183431827636e-05,0.027810183431827635,5.5850906065973405,16,0.752789790089897,0.003002595672961406,3.002595672961406,0.000997404327038594,0.997404327038594,0.10366824867134729,0.10366818843890092,0.10046187445423557,0.9690708171672053,0.9690713802088374,15.557304126526267,0.9633626939894712,0.0967812220174644,-0.09985489966559508,0.003192568964302271,0.027675120573656335,-0.09985486175978497,0.0031928652916013434,0.027674997531479395,-0.10031447859149001,0.005439849947608266,-4.0451496735594006e-05,-0.9632158442471481,0.030796015223749605,0.2669585039619312,-0.9632160382414378,0.030798891537331407,0.266957472183381,-0.9985328179118068,0.05414840184060409,-0.0004026552058216004,mpc_1np1s_wadv_60/frames/frame_000007.png
8,23,23,0,0.005410144756145439,5.410144756145439,0.0011093270369007156,0.004710653337901721,-1.3316407362597655e-11,0.0,0.0,0.0001937125505486038,0.010009144226997713,0.6638746455398992,-0.6911240722251638,-0.1,-0.0005335592036249565,-0.9999998050513286,6.133299599702234e-05,-0.0003185123933559201,0.016900466489106418,0.7813384460875147,-0.7082206350476358,-0.10000206197637948,-0.9888646901205522,0.14881737567232925,0.00011545901808842364,solved,0,7.293085273356109e-06,0.007293085273356109,7.362231026809539e-06,0.007362231026809539,5.559781027246828,16,0.8532754881864731,0.00300279731206935,3.00279731206935,0.00099720268793065,0.9972026879306499,0.10061756842939679,0.10061757464729737,0.10002439068163259,0.9941046304634121,0.9941045690303695,4.191976336084677,0.9973247236750169,0.09975679779732115,-0.10039248993404369,0.006656030160819917,0.0009696927273816409,-0.10039250405369238,0.0066559200182503275,0.0009696321181112966,-0.0990640775225815,0.013826999138988327,-3.7022185844781674e-05,-0.9977630298677806,0.06615176916634041,0.009637409674256569,-0.9977631085385038,0.06615067041301524,0.009636806706087119,-0.9903992101075861,0.1382362746202399,-0.00037013158083231426,mpc_1np1s_wadv_60/frames/frame_000008.png
9,23,23,0,0.005311728494002473,5.311728494002473,0.002592780521462493,0.004833950960789176,-6.814739080529306e-12,0.0,0.0,0.00020094465377535242,0.01000382249410202,0.6639005733451138,-0.6910757327155559,-0.1,-0.0005335588836078741,-0.9999998049892012,6.233771906999851e-05,-0.0003185129294351066,0.01700050471404744,0.7812395387812922,-0.708206131462145,-0.10000207682785213,-0.988822292624193,0.14909882787879145,0.00011460630610364752,solved,0,1.2943575176965393e-06,0.0012943575176965394,1.921720983540291e-06,0.0019217209835402911,0.2587699073964945,17,0.23223145476023083,0.0030028526392146876,3.0028526392146877,0.0009971473607853125,0.9971473607853125,0.09961748291491859,0.09961748402310752,0.09996504107363176,1.003488927330256,1.0034889161670015,1.0853404583078463,0.9998205912013428,0.09994710646570501,-0.09872573247682831,0.01322166854456088,-0.0014353153366401818,-0.09872568504387669,0.013222033645954312,-0.001435291599849453,-0.09890730622252875,0.014503585490821536,-1.4851472648902408e-05,-0.9910482536599333,0.132724378870858,-0.01440826745106637,-0.9910477664842049,0.1327280424276455,-0.01440802901141851,-0.9894189524683543,0.14508657561735563,-0.00014856666379962956,mpc_1np1s_wadv_60/frames/frame_000009.png
10,23,23,0,0.005213561210238703,5.213561210238703,0.0018620134734668326,0.004638931239080781,-5.791521912431489e-12,0.0,0.0,0.00019173785054282653,0.010003076737439177,0.6639191934798484,-0.6910293434031651,-0.1,-0.0005335585782527066,-0.9999998049289791,6.32964081357291e-05,-0.0003185134409521276,0.01710053548142183,0.7811406385914335,-0.7081916354026249,-0.10000209307520701,-0.9887807099410615,0.14937434379892384,0.00011429388047356738,solved,0,4.455247596024349e-07,0.0004455247596024349,3.786336484606439e-06,0.003786336484606439,0.27485370585173075,17,0.3322589349756673,0.003002920542714298,3.002920542714298,0.000997079457285702,0.997079457285702,0.09991122425975241,0.09991122363067559,0.09995690851398302,1.0004572484680183,1.0004572547672552,2.1708252621090565,0.9992823337548955,0.09988517281477755,-0.09884700127805544,0.014053718157556645,0.003743805198806122,-0.09884700094242582,0.014053721130835584,0.0037437861108297055,-0.0989001898586972,0.014496059520086035,-1.6247354878151654e-05,-0.9893483140699971,0.14066205535645662,0.037471317427488,-0.9893483169400098,0.1406620860013238,0.037471126614049964,-0.9894282579263844,0.14502308780446302,-0.0001625435912304031,mpc_1np1s_wadv_60/frames/frame_000010.png
11,23,23,0,0.005115470290129743,5.115470290129743,0.0013216293637475813,0.0059172774874619175,-7.223405742753934e-12,0.0,0.0,0.00024233279136335356,0.010004024812772143,0.6639324097734859,-0.6909701706282905,-0.1,-0.0005335581923210588,-0.999999804851551,6.450807185613858e-05,-0.0003185140874455919,0.017200575729549552,0.7810417331618027,-0.7081771256653351,-0.10000210762828264,-0.9887380549378513,0.14965642599708823,0.00011347022803658984,solved,0,3.938128557689854e-06,0.003938128557689854,8.34015508578563e-06,0.00834015508578563,0.2906293260730971,17,0.43227828795096357,0.003002982385764,3.002982385764,0.000997017614236,0.997017614236,0.10079982887859185,0.10079982887864031,0.09996407703998102,0.9917087970494728,0.991708797048996,4.737803832703225,0.9965831067463367,0.09962251045953442,-0.09995974653859983,0.010715363508143847,0.007337271889511691,-0.09995974653864703,0.01071536350816249,0.007337271889507058,-0.09890542963075788,0.014509737289780666,-1.455307563347219e-05,-0.9916658356533139,0.10630338987033347,0.07279051930087158,-0.9916658356533055,0.10630338987046731,0.07279051930079061,-0.9894097215662809,0.14514951490001193,-0.0001455830540770324,mpc_1np1s_wadv_60/frames/frame_000011.png
12,23,23,0,0.005017448526741915,5.017448526741915,0.0014932561935601795,0.004137848359903381,-4.0953045028691175e-12,0.0,0.0,0.00017048452320915633,0.010001944506846877,0.6639473423354215,-0.6909287921446914,-0.1,-0.0005335579208122532,-0.9999998047961997,6.536049430581187e-05,-0.00031851454226254633,0.01730059517461802,0.7809428434999294,-0.7081626409142621,-0.10000212020478014,-0.9886980603214489,0.14992042222253044,0.000111880394933369,solved,0,5.480238592654482e-07,0.0005480238592654482,7.221125193292152e-07,0.0007221125193292152,0.3067977906865766,17,0.53230480978813,0.003003057185319942,3.003057185319942,0.000996942814680058,0.996942814680058,0.09983629523366318,0.09983626913296602,0.09994485177954944,1.0010873454952651,1.0010876072145565,0.4117517191880608,0.9999741777719231,0.09994227098079168,-0.09870201205620947,0.014999450516974691,0.0004638385795345618,-0.09870198612227377,0.014999637432122626,0.00045765359538152417,-0.09888966187332482,0.014484751073018387,-1.257649749619727e-05,-0.988638569021427,0.1502404559571149,0.004645991504882715,-0.9886385677215004,0.15024236745210798,0.004584041444617711,-0.9894422785422496,0.1449274356318795,-0.0001258343703779513,mpc_1np1s_wadv_60/frames/frame_000012.png
13,24,24,1,0.005505324064441764,5.505324064441764,0.0017022448708979157,0.004913232444261286,-2.7836671602936734e-12,0.0,0.0,0.00020208321980180104,0.010001188474990612,0.6639643647841305,-0.6908796598202488,-0.1,-0.0005335575989797596,-0.9999998047296479,6.637091020755027e-05,-0.00031851508137789667,0.017400607059367926,0.7808439638290984,-0.7081481467467121,-0.1000021409113733,-0.9886578561548073,0.15018532250019695,0.00011121552107097407,solved,0,6.606657973018532e-08,6.606657973018533e-05,6.014222224288216e-06,0.006014222224288216,0.32191392742284974,17,0.6323121374932271,0.0030031094103413597,3.00310941034136,0.0009968905896586403,0.9968905896586403,0.1000575365177361,0.10005724595127712,0.09993633285935373,0.9987886603788122,0.9987915608632455,3.4489556789928386,0.9981887899339749,0.09975532716731723,-0.09882593664880215,0.014455498442068804,0.005998618530660452,-0.09882594108567844,0.014455723988393565,0.005993152747574282,-0.09887967083099802,0.014494167549949921,-2.070659316233403e-05,-0.9876910834326245,0.14447186034313803,0.05995169119116922,-0.9876939960330482,0.14447453406255836,0.05989723873164216,-0.9894266479655321,0.1450340145095019,-0.00020719784856900478,mpc_1np1s_wadv_60/frames/frame_000013.png
14,24,24,0,0.0054055024757733525,5.4055024757733525,0.0011609611998390265,0.00366548427647742,-4.6910769968903245e-11,0.0,0.0,0.00015054394006907193,0.01004502646713766,0.6639759743961289,-0.690843004977484,-0.1,-0.0005335573592270318,-0.9999998046794059,6.71236297608929e-05,-0.00031851548299712245,0.017501057324039303,0.7807449729476165,-0.7081307470762832,-0.10000220068510919,-0.9886002291648186,0.15056419043535854,0.00010702248980073513,solved,0,2.8637584688418255e-06,0.0028637584688418257,4.76665055793991e-06,0.004766650557939909,0.3371561404091512,17,0.7323108629314584,0.003003172130087568,3.003172130087568,0.000996827869912432,0.9968278699124321,0.1003724258203164,0.1003724258205844,0.10050844104103583,1.0013551054446261,1.0013551054419523,2.7182620253180265,0.9988748098680379,0.10039534993499756,-0.09923730778659634,0.014546534153912289,-0.003870265163050766,-0.09923730778760298,0.01454653414689755,-0.0038702651705552205,-0.09899088148190849,0.01739967042890811,-5.977373589149959e-05,-0.988690937531468,0.14492560118007952,-0.038559047780504924,-0.9886909375388572,0.14492560110980543,-0.03855904785516807,-0.9849011730416977,0.1731165089089794,-0.0005947135909420287,mpc_1np1s_wadv_60/frames/frame_000014.png
15,24,24,0,0.005305296008464311,5.305296008464311,0.0010842358326662346,0.0032433643491052958,-1.950606511193528e-11,0.0,0.0,0.00013318830238197743,0.01001339734587991,0.6639868167544556,-0.6908105713339929,-0.1,-0.0005335571471142312,-0.9999998046344837,6.778957114271577e-05,-0.0003185158383150463,0.0176011912974981,0.7806475412405024,-0.7081037797479816,-0.10000218358259651,-0.9884184945405514,0.15175265364548648,0.00010845157069652175,solved,0,1.6423244667722467e-07,0.00016423244667722466,6.744202059229157e-06,0.006744202059229157,6.864507465425346,18,0.2123236018792989,0.00300325133462595,3.00325133462595,0.0009967486653740501,0.9967486653740502,0.10119859639896725,0.10119851535590062,0.10109487939251471,0.9989751141800066,0.9989759141918098,3.8214484844237067,0.9977765889648553,0.10087010392207678,-0.09734297461652242,0.026828950501271043,0.006760815108290505,-0.09734293967322838,0.026829152189433714,0.006759304609860184,-0.09743170711407068,0.026967328301652493,1.7102512683830895e-05,-0.9619004421045094,0.26511188352356274,0.06680739999235305,-0.9619008671311755,0.2651140888290648,0.06679252740110546,-0.9637650066901878,0.2667526630794835,0.00016917288775258386,mpc_1np1s_wadv_60/frames/frame_000015.png
16,24,24,0,0.005205762309278194,5.205762309278194,0.0014030290291549329,0.004324002022705042,-1.5434759549127907e-11,0.0,0.0,0.00017736148339388263,0.01000993173897222,0.6640008470447472,-0.6907673313137659,-0.1,-0.0005335568646518136,-0.9999998045739742,6.867637838640682e-05,-0.00031851631147735646,0.017701290614887823,0.780550162345062,-0.7080768110030052,-0.10000216737568482,-0.9882368674031431,0.15293097106227463,0.00010952247488695075,solved,0,3.6829661146697797e-07,0.00036829661146697796,3.348655712816314e-06,0.003348655712816314,6.7956218896085145,18,0.3135199015674329,0.0030031582108728315,3.0031582108728316,0.0009968417891271686,0.9968417891271686,0.10103625856182506,0.10103629290962282,0.10104436028521431,1.0000801862965292,1.000079846314222,1.8986528788026327,0.9994509952001273,0.10098888644641765,-0.09722034725810536,0.027301048573042896,0.003344005083388845,-0.09722033277403952,0.027301160792525536,0.0033445477429366877,-0.09737889544036982,0.02696874497631896,1.6206911687688397e-05,-0.9622322584185485,0.2702104072503548,0.03309707951371354,-0.9622317879477557,0.2702114260758407,0.03310243919903507,-0.9637242015833629,0.2669000516228243,0.00016039402537600046,mpc_1np1s_wadv_60/frames/frame_000016.png
17,24,24,0,0.00510634242750107,5.10634242750107,0.0014504626576019252,0.003800299524155031,-1.2092477568848474e-11,0.0,0.0,0.00015602052123472955,0.010007248399192226,0.6640153516713232,-0.6907293283185243,-0.1,-0.0005335566161762466,-0.9999998045200953,6.945648084010715e-05,-0.0003185167277063602,0.017801363098879745,0.7804528247284137,-0.7080498566696871,-0.10000215164415313,-0.9880572374097985,0.1540872580824421,0.00011179781641856651,solved,0,6.080201177341446e-07,0.0006080201177341446,8.410373502516798e-06,0.008410373502516798,6.727321714316117,18,0.4146657129132197,0.0030030813908264436,3.0030813908264435,0.0009969186091735565,0.9969186091735565,0.10146928859308739,0.10146982061041976,0.10100073240764333,0.9953822856951027,0.9953770667972557,4.75083896453402,0.9965642898557296,0.10065372316673166,-0.09729568809337726,0.02756005551635381,-0.00836713487156738,-0.09729553192050489,0.02756089521871452,-0.00837263505473751,-0.09733761664831864,0.026954333318118806,1.573153168843433e-05,-0.9588683378234065,0.2716098230162554,-0.08245977662385419,-0.9588617712655518,0.2716166743265568,-0.08251354939202227,-0.9637317901365289,0.26687265206483796,0.0001557566100109174,mpc_1np1s_wadv_60/frames/frame_000017.png
18,24,24,0,0.005007029940867013,5.007029940867013,0.0012640402313834895,0.004076401607720832,-9.507168891048617e-12,0.0,0.0,0.00016685054946829537,0.010005368384325291,0.664027992073637,-0.6906885643024471,-0.1,-0.0005335563504526058,-0.9999998044618031,7.029073342434471e-05,-0.0003185171728273223,0.017901416782722997,0.7803555221549786,-0.7080229108414242,-0.10000213145274633,-0.987877912922079,0.15523278120613448,0.00011313587297905463,solved,0,1.6268235805556542e-07,0.0001626823580555654,1.3673789018725445e-05,0.013673789018725445,6.66026889100727,18,0.5157676898926362,0.003003000110444856,3.003000110444856,0.000996999889555144,0.9969998895551441,0.1017830957474128,0.10178322640358747,0.10096469118241048,0.9919593272439533,0.9919580538945449,7.719737083789356,0.9909369857463284,0.10004964674710676,-0.0971668876699307,0.027035654117150122,0.013691892744390574,-0.09716688793248718,0.02703557788130695,0.013693012643797853,-0.09730257343509852,0.02694582826290315,2.019140679654363e-05,-0.9546466135306221,0.26562027730265153,0.1345203016655013,-0.9546453906580271,0.2656191873315783,0.13453113177511955,-0.9637287282868452,0.2668836793074597,0.00019998483192569075,mpc_1np1s_wadv_60/frames/frame_000018.png
19,25,25,1,0.005550109820545062,5.550109820545062,0.0018713863405018735,0.005726587301218493,-4.971855752291521e-12,0.0,0.0,0.00023432996106137252,0.01000235740210363,0.6640467059370421,-0.6906312984294349,-0.1,-0.0005335559772616559,-0.9999998043787606,7.146238300050077e-05,-0.0003185177979682978,0.018001440356744034,0.780258271709876,-0.7079959695691409,-0.1000021137196747,-0.9876934103855484,0.1564024096243335,0.00011551911946655701,solved,0,1.0454403632337976e-06,0.0010454403632337976,1.4652616233660401e-05,0.0146526162336604,6.593840386228805,18,0.6168337089170887,0.003002921023204335,3.002921023204335,0.000997078976795665,0.9970789767956649,0.1020399047721208,0.10203991061886994,0.10091323768144154,0.9889585638756194,0.9889585072096285,8.255932520772625,0.9896365239986982,0.09986742576451625,-0.09704114539719294,0.02796552748594842,-0.01459751822526702,-0.09704114268527242,0.02796554668560436,-0.014597540341401705,-0.09725044510255909,0.02694127228330956,1.7733071636105713e-05,-0.9510117205019814,0.27406461764544027,-0.14305695656877304,-0.9510116394332364,0.27406479010020585,-0.14305716511184619,-0.9637035470961204,0.266974610093837,0.0001757259210341134,mpc_1np1s_wadv_60/frames/frame_000019.png
20,25,25,0,0.005449286540685813,5.449286540685813,0.0017796774834463389,0.004468197450166309,-8.965317260285098e-12,0.0,0.0,0.00018316686352690532,0.01000493420680339,0.6640645027118766,-0.6905866164549332,-0.1,-0.000533555685551902,-0.9999998043128935,7.237821713894856e-05,-0.0003185182866170386,0.01810148969881207,0.7801618575243868,-0.7079634063559505,-0.100002151825694,-0.9873183199738556,0.1587530211898401,0.00011535641165927913,solved,0,5.901916272471202e-06,0.005901916272471202,6.936950455060068e-06,0.0069369504550600685,6.5259632079695775,18,0.717848073157469,0.003002851564591041,3.002851564591041,0.000997148435408959,0.9971484354089591,0.10119909430800662,0.10119846237270455,0.10176472605429636,1.0055892965263917,1.0055955759436968,3.908463964724022,0.9976742204553622,0.1015280437360736,-0.09752778110693205,0.026767090545680057,0.0036209756749432907,-0.09752758455561228,0.026767269936223137,0.0036072562300121236,-0.0964141854892242,0.032563213190450746,-3.810601929832291e-05,-0.963721876898417,0.26449930929433535,0.03578071226529552,-0.9637259526377706,0.26450273362496124,0.03564536600098659,-0.9474224441756235,0.31998526850135395,-0.00037445213853365585,mpc_1np1s_wadv_60/frames/frame_000020.png
21,25,25,0,0.005348020161473208,5.348020161473208,0.0016277953059613591,0.004570193247511605,-2.890611303664703e-12,0.0,0.0,0.000186916207514155,0.010001118151821697,0.6640807806649361,-0.6905409145224581,-0.1,-0.0005335553878705184,-0.9999998042448135,7.331279799360214e-05,-0.0003185187852679257,0.018201500880330287,0.7800670767318186,-0.7079284179720184,-0.10000183276411981,-0.9858040127990154,0.16790003928834465,0.00015860747453682082,solved,0,3.1662961314657996e-06,0.0031662961314657995,4.42016021840053e-06,0.00442016021840053,14.8065196360464,19,0.2623626360544787,0.0030024042466325813,3.0024042466325813,0.0009975957533674188,0.9975957533674188,0.10291168301670829,0.10291174897310894,0.10103310076562529,0.9817456852709522,0.9817450560676552,2.2483006446110205,0.9992302002217104,0.10095532550705599,-0.09555523107663262,0.038058231594753945,0.003403428139811552,-0.0955551926042908,0.03805852004890031,0.003403277060207155,-0.09478079256819427,0.03498838393201087,0.000319061574188817,-0.9285168435261009,0.36981449024184143,0.03307134855873445,-0.9285158745991148,0.36981705615405575,0.0330698593131134,-0.9381162396278918,0.3463061478552091,0.003157990517671729,mpc_1np1s_wadv_60/frames/frame_000021.png
22,25,25,0,0.005247828095709858,5.247828095709858,0.003118145040687065,0.008418139424059418,-5.7681654696742565e-12,0.0,0.0,0.0003440401557945261,0.010003226580276385,0.6641119621153431,-0.6904567331282175,-0.1,-0.0005335548399534665,-0.9999998041172211,7.503299843572723e-05,-0.00031851970308984824,0.018301533146133052,0.7799689280129283,-0.7079132354940268,-0.10000174681149972,-0.9852206642843504,0.17128984828760618,0.0001747590116238842,solved,0,5.912453194422106e-06,0.005912453194422106,6.624897200069424e-05,0.06624897200069424,14.27531024845212,19,0.36330921400039135,0.002995921829028851,2.995921829028851,0.001004078170971149,1.004078170971149,0.12082266037704877,0.12082265990659848,0.09931609157450914,0.8219988805458801,0.8219988837465182,33.23859604852354,0.8363952696480066,0.0830675091928477,-0.0990630155783564,0.021023810864944453,-0.06589866145700558,-0.09906301564166498,0.0210238103932614,-0.0658986606497658,-0.09814871889035626,0.015182477991593224,8.595262009081228e-05,-0.8199042734964823,0.17400552842766318,-0.5454164082412769,-0.819904277212944,0.17400552520126425,-0.5454164036837835,-0.9882458857809854,0.15287027259024777,0.0008654450525404406,mpc_1np1s_wadv_60/frames/frame_000022.png
23,25,25,0,0.005148758863897355,5.148758863897355,0.0043803147581870485,0.012107332187261526,-3.932384318472517e-12,0.0,0.0,0.000494209228093961,0.01000209937142738,0.664155765262925,-0.6903356598063449,-0.1,-0.0005335540528749547,-0.9999998039287582,7.750404409193007e-05,-0.0003185210215275039,0.018401554139847325,0.7798692947541118,-0.707905570833889,-0.10000179575043176,-0.9851496789406503,0.17169764143791688,0.00017322756788955,solved,0,1.1484519690790634e-05,0.011484519690790633,4.604641526041288e-05,0.04604641526041288,14.078258031862946,19,0.45929082112394376,0.002969969542723063,2.969969542723063,0.0010300304572769372,1.0300304572769372,0.10846193542899997,0.10846000632002178,0.09992765219114239,0.9213154070679092,0.9213317939176229,25.105769771510875,0.905526076897227,0.09048709486219572,-0.09703312933270614,0.01885193535315471,-0.04464490768662598,-0.09703332985933066,0.01885101619980567,-0.04464017311328616,-0.09963325881645613,0.007664660137796098,-4.8938932045716754e-05,-0.8946284145577025,0.17381153377532466,-0.41161820974373897,-0.8946461755960479,0.17380615066703867,-0.41158187822312126,-0.9970539348395464,0.07670209366207341,-0.0004897436392491839,mpc_1np1s_wadv_60/frames/frame_000023.png
24,25,25,0,0.00504994343463329,5.04994343463329,0.006981327626146515,0.021793298147797,-7.301636421670933e-12,0.0,0.0,0.0008868380204199155,0.010004468561417608,0.6642255785391864,-0.6901177268248669,-0.1,-0.0005335526404869484,-0.9999998035752595,8.1938233323836e-05,-0.0003185233874044727,0.018501598825461502,0.7797698131387747,-0.7078970676044957,-0.1000018829534054,-0.9850164390669489,0.17246038990671428,0.00016935492865835364,solved,0,2.2546723140204808e-06,0.0022546723140204807,2.895947779635651e-05,0.02895947779635651,14.054522913233928,19,0.5535768476835631,0.0029365448139264294,2.9365448139264294,0.0010634551860735707,1.0634551860735706,0.10321601946566022,0.10321608666553618,0.09984440046672248,0.967334343870338,0.9673337140775411,16.288281106713214,0.9598626775790766,0.09583691357326585,-0.0985571060039301,0.010560069565951073,0.02878417032377192,-0.09855716090101385,0.010559665932441398,0.028784371403148268,-0.09948161533712696,0.008503229393386214,-8.720297363373763e-05,-0.9548624962883775,0.10231037411265784,0.27887309036702734,-0.9548624064810826,0.10230639693460948,0.27887485694378067,-0.9963664949872033,0.08516480998070881,-0.0008733887251173574,mpc_1np1s_wadv_60/frames/frame_000024.png
25,26,26,1,0.005683189314528083,5.683189314528083,0.006567237869934407,0.034874021054665964,-3.218213038395925e-12,0.0,0.0,0.0014111000315700731,0.010001494327122886,0.6642912509178858,-0.6897689866143203,-0.1,-0.0005335503931318582,-0.9999998029722542,8.899373209371359e-05,-0.00031852715187728373,0.01860161376873273,0.7796706240622427,-0.70788734093796,-0.10000199390338933,-0.9847912428531371,0.17374170695868943,0.0001651146715703907,solved,0,4.137266834552949e-06,0.004137266834552949,4.693961324661933e-06,0.004693961324661933,14.010157585518186,19,0.6480648132419962,0.002903947585056441,2.9039475850564407,0.0010960524149435593,1.0960524149435593,0.10029444233737227,0.10029444702343292,0.09966490483141524,0.9937231067715658,0.9937230603418095,2.6659805313931084,0.9989176684223828,0.09955703435773598,-0.09930451175053367,0.013862522557371252,-0.0023279987325993705,-0.09930453925643956,0.013862321891155993,-0.002328222194813989,-0.09918907653194697,0.009726666535647688,-0.00011094998393634814,-0.9901297563078455,0.1382182525203166,-0.02321164242349946,-0.9901299842975148,0.13821624529139867,-0.023213869400666026,-0.9952257186190753,0.09759369712037048,-0.0011132302200460814,mpc_1np1s_wadv_60/frames/frame_000025.png
26,26,26,0,0.005586964435197543,5.586964435197543,0.008539497539631529,0.026846605830919728,-2.2703661967855317e-12,0.0,0.0,0.0010932783957790775,0.010000902152183976,0.664376645893282,-0.6895005205560111,-0.1,-0.0005335486519296185,-0.9999998024708389,9.446012299422124e-05,-0.0003185300684681141,0.01870162279025457,0.7795713140962327,-0.7078782354194056,-0.10000210318542266,-0.9846112327297066,0.1747589620628384,0.0001598787253696421,solved,0,2.3267254381410634e-06,0.0023267254381410633,7.104264591725619e-06,0.007104264591725619,13.935615051645184,19,0.742782273045493,0.0028725875406932382,2.8725875406932384,0.0011274124593067618,1.1274124593067618,0.09955273948454102,0.09955267040032663,0.09972658501935429,1.0017462657051266,1.001746960863313,4.085170853691391,0.9974592543078988,0.0994732051280784,-0.0986833666587959,0.011345864812492144,0.006603971185521395,-0.09868330494178235,0.011346265565981284,0.006603163431984083,-0.0993099660100416,0.009105518554375358,-0.00010928203332538633,-0.9912672134363503,0.11396838370534222,0.06633640841743876,-0.9912672813793106,0.11397248833562236,0.06632834062040809,-0.9958223876889816,0.09130482661777918,-0.0010958164596148318,mpc_1np1s_wadv_60/frames/frame_000026.png
27,26,26,0,0.005490973182647072,5.490973182647072,0.010731906899680859,0.04040022243028492,-3.1842697653660492e-09,0.0,0.0,0.0016413242716478615,0.011021525384918355,0.6644839649622789,-0.6890965183317083,-0.1,-0.0005335460378559885,-0.9999998016619661,0.00010266674272814053,-0.00031853444708915035,0.018811838044103756,0.7794621109237028,-0.7078670959419,-0.10000223549159454,-0.984328647653502,0.17634366879843433,0.00015454234370872378,solved,0,3.6847489071611896e-06,0.0036847489071611898,2.9105350208483022e-05,0.02910535020848302,22.779595265038427,20,0.27946612880927346,0.002831524717736938,2.831524717736938,0.0011684752822630623,1.1684752822630622,0.11211952572637514,0.112119466357375,0.109769933746108,0.979043864438017,0.9790443828569608,15.025987482056388,0.9658083351259594,0.10601671695821542,-0.10741765014768073,0.014363169436261992,0.02873909966583842,-0.1074177091170414,0.014362751448393496,0.028738856538507163,-0.10920317252993694,0.011139477505639483,-0.00013230617187942606,-0.9580637221908233,0.12810587043790161,0.2563255550685744,-0.9580647554515913,0.12810221021399593,0.2563235223302218,-0.9948368264712454,0.10148022437004017,-0.0012053042883804885,mpc_1np1s_wadv_60/frames/frame_000027.png
28,26,26,0,0.0053851644327560545,5.385164432756055,0.010377313735222665,0.0313229110960092,-2.821475689666272e-09,0.0,0.0,0.0012769831412569666,0.010735278597983655,0.6645877380996311,-0.6887832892207482,-0.1,-0.0005335440040295186,-0.999999800986064,0.00010905165716591764,-0.0003185378537291346,0.01891919083008359,0.7793556113817565,-0.7078564760339007,-0.10000240123957095,-0.9841126892174528,0.17754490548957264,0.00014647829884249073,solved,0,1.4426228352220936e-06,0.0014426228352220937,1.5122905489969872e-05,0.015122905489969871,22.687318967610885,20,0.3773706540724066,0.002781658969089709,2.7816589690897087,0.0012183410309102912,1.2183410309102911,0.1077898698267105,0.10778813080902398,0.10702785783653886,0.9929305788067403,0.9929465984169245,8.069030982846108,0.9900996718041403,0.10596824691785729,-0.10607894520671549,0.011997645211021925,0.014898655324568416,-0.10607841530663187,0.01199969530107925,0.014888192033227221,-0.10649954194630329,0.010619907999331879,-0.00016574797641333294,-0.9841272225048087,0.11130586974740819,0.138219438881598,-0.9841381839581081,0.11132668514625212,0.13812459610794908,-0.9950637534851678,0.09922564287469358,-0.0015486433136546183,mpc_1np1s_wadv_60/frames/frame_000028.png
29,26,26,0,0.005282221248489964,5.2822212484899635,0.011072564209182172,0.030888532918256245,-1.5306688634700137e-09,0.0,0.0,0.0012608959244585134,0.010237555407106021,0.6646984637417229,-0.6884744038915656,-0.1,-0.0005335419958035076,-0.9999998002786769,0.00011535613553132192,-0.0003185412174401052,0.019021566384154653,0.7792552897810111,-0.7078373236870006,-0.10000248865113762,-0.9837988664328502,0.17927568038320355,0.00014432109396326581,solved,0,1.3096156951908405e-06,0.0013096156951908405,6.7904872818994875e-06,0.006790487281899488,22.6174253730051,20,0.472717634034465,0.002732819147632155,2.7328191476321546,0.0012671808523678453,1.2671808523678452,0.1023508888141582,0.10235031237183913,0.10213345978999237,0.9978756508450003,0.9978812709329218,3.8086872653247053,0.9977914082824082,0.1019078886766112,-0.10056444151643457,0.017864794114610952,0.006583819163551568,-0.1005642831160003,0.017865413127093888,0.006575592579854961,-0.10032160074535668,0.019152346900086492,-8.7411566665474e-05,-0.9825458545751631,0.17454459186034657,0.0643259598410134,-0.9825498406946706,0.17455162288307205,0.06424594539551384,-0.9822598877159233,0.18752274660495885,-0.0008558563162866544,mpc_1np1s_wadv_60/frames/frame_000029.png
30,26,26,0,0.005181974848101037,5.181974848101037,0.01118921435751196,0.03972688607903632,-1.148777545023193e-09,0.0,0.0,0.0016142135956218235,0.010141105112243387,0.664810355885298,-0.6880771350307752,-0.1,-0.0005335394248183098,-0.9999997993150586,0.00012342720189362176,-0.00031854552368344724,0.019122977435277088,0.7791561296041799,-0.7078174126130466,-0.1000026043595239,-0.9834143202137279,0.18137324801442045,0.00014036834013576621,solved,0,1.1289422051576227e-06,0.0011289422051576226,2.5716772069349194e-06,0.0025716772069349194,22.51670032928645,20,0.5675009307381645,0.0026944978412655244,2.6944978412655245,0.0013055021587344757,1.3055021587344757,0.10121361191076286,0.1012140273442948,0.10113953195276985,0.9992680830513359,0.9992639815499929,1.4509622505187527,0.9996793629110865,0.10110710286767045,-0.09942530136974888,0.018815538883993354,0.0021863622897555415,-0.09942585733813125,0.018813839078979377,0.002194922080506201,-0.09916017683120337,0.019911073953937652,-0.00011570838628904845,-0.9823313237493126,0.18589929287952373,0.021601464946070636,-0.9823327847623253,0.1858817356904618,0.021685947472871937,-0.9804294613258562,0.1968673729203703,-0.0011440470808494738,mpc_1np1s_wadv_60/frames/frame_000030.png
31,26,26,0,0.005082592989867718,5.082592989867718,0.014974446992217472,0.044426298952675705,-8.638730397493749e-10,0.0,0.0,0.0018112000453171773,0.010082402856198793,0.6649601003552202,-0.6876328720412485,-0.1,-0.0005335365400480971,-0.9999997981562962,0.0001324832002976198,-0.0003185503554035371,0.019223801463839077,0.7790577047609384,-0.7077969421881715,-0.10000272887171496,-0.982977321850368,0.1837268794094582,0.00013605271171865808,solved,0,1.463181272510836e-06,0.001463181272510836,2.9482573713058537e-06,0.002948257371305854,22.394469375000938,20,0.6617201838692609,0.0026574470814358774,2.6574470814358775,0.0013425529185641227,1.3425529185641227,0.10060596386414003,0.10060567466462973,0.10053110744925532,0.999255944558259,0.9992588170038819,1.684505546830838,0.9995678461887532,0.10048766254802227,-0.09875640191630322,0.019045982014013786,0.002446142820870565,-0.09875650755175602,0.019045329011202483,0.002435042866219539,-0.09842484324151801,0.020470424875185245,-0.0001245121910575797,-0.9816157822379745,0.18931265386745655,0.024314093587671178,-0.9816196539704353,0.18930670734717822,0.024203832182794704,-0.9790486321977455,0.20362279293021832,-0.0012385439115989965,mpc_1np1s_wadv_60/frames/frame_000031.png
32,27,27,1,0.0058081894608341825,5.808189460834183,0.014454006778486253,0.0380576633118046,-4.965842963888098e-10,0.0,0.0,0.0015560389549949575,0.010030887211785468,0.6651046404230051,-0.6872522954081304,-0.1,-0.0005335340616481385,-0.9999997970952854,0.00014026339349812306,-0.000318554506412097,0.01932411033595693,0.7789596859269541,-0.7077770706692361,-0.10000287359649243,-0.9825787918264153,0.18584644561699049,0.00012846973651550595,solved,0,1.3597881651105791e-06,0.001359788165110579,5.3223423930296265e-06,0.005322342393029626,22.25732729265511,20,0.7556241077426932,0.0026212630776539046,2.6212630776539045,0.0013787369223460955,1.3787369223460955,0.10024070713295277,0.10024086025865488,0.10001294929008644,0.9977278907004892,0.9977263665936191,3.041636456479783,0.9985912388918834,0.09987205493681853,-0.09836574508139564,0.018558443289859467,-0.005288075619104333,-0.09836608136359892,0.01855681626494743,-0.005290432182156191,-0.09801883398430355,0.01987151893534378,-0.00014472477746774182,-0.9812954027841174,0.18513879062370095,-0.052753774093897525,-0.9812972585209424,0.185122276655095,-0.05277720251507329,-0.980061428845589,0.1986894604788292,-0.0014470603906297096,mpc_1np1s_wadv_60/frames/frame_000032.png
33,27,27,0,0.005712587634740576,5.712587634740576,0.0015632070792871002,-0.0023095557215792443,8.347964592139636e-11,0.0,0.0,-9.017080246572602e-05,0.009999379216601559,0.665120272493798,-0.6872753909653462,-0.1,-0.0005335342052696617,-0.9999997971584221,0.0001398125395772606,-0.00031855426586609224,0.019424104128122947,0.7788610391883303,-0.7077614547947316,-0.1000028594213014,-0.9825118072840527,0.18620024531931703,0.00013111235851624343,solved,0,1.677465268978802e-05,0.01677465268978802,0.00022815125332475321,0.22815125332475322,30.813081869697424,21,0.24104442666832374,0.0025779793992081025,2.5779793992081026,0.0014220206007918975,1.4220206007918976,0.24873814953202286,0.24873830943400052,0.0998750958877646,0.4015270519446658,0.4015267938221038,66.52421447893695,0.3983614632115586,0.039786389336244614,-0.09521753362180073,0.03203587318159273,0.2275477777370922,-0.09521747826091165,0.03203626263104109,0.22754792086580877,-0.0986467386238088,0.015615874504493199,1.4175191034859758e-05,-0.3828022914898396,0.12879356561052327,0.9148085171703725,-0.3828018228377337,0.12879504851479862,0.9148085045025428,-0.9877010654854722,0.15635403766762496,0.0001419291857380466,mpc_1np1s_wadv_60/frames/frame_000033.png
34,27,27,0,0.0056186541053878745,5.618654105387875,0.020373559515062055,0.06129674902175538,-2.022135179730943e-10,0.0,0.0,0.0024963213710172683,0.010004921040137931,0.6653240080889486,-0.6866624234751286,-0.1,-0.0005335302291589936,-0.9999997953354417,0.0001522941438893433,-0.00031856092520547214,0.019524153338524326,0.778763893919592,-0.7077390028236455,-0.10000303514530337,-0.9819032707052813,0.18938308092794975,0.00012504602701405836,solved,0,1.0050786652409713e-06,0.0010050786652409712,2.0267959731832055e-06,0.0020267959731832055,30.79245350681509,21,0.3253284439437077,0.0025242752293379617,2.524275229337962,0.0014757247706620384,1.4757247706620384,0.09980398071694362,0.09980394997064232,0.0997061940042172,0.9990202122999106,0.9990205200650487,1.1626477686060408,0.9997941237912653,0.09968566687100823,-0.09744313409658331,0.021492401642538295,-0.0019356797305217464,-0.0974431769302786,0.021492057635574824,-0.0019357577498296807,-0.09714526873827456,0.022451971086079325,-0.00017572400197451987,-0.9763451657599113,0.21534613637800074,-0.01939481488229986,-0.9763458957179736,0.21534275589189394,-0.019395602582854592,-0.9743152841052752,0.22518130704226552,-0.0017624181098226197,mpc_1np1s_wadv_60/frames/frame_000034.png
35,27,27,0,0.0055228870370395,5.522887037039499,0.01906805759909905,0.049513167338053755,-9.413686532328112e-11,0.0,0.0,0.002024974432050905,0.00999992037208196,0.6655146886649397,-0.6861672918017481,-0.1,-0.0005335270037430038,-0.9999997937422265,0.0001624190139694163,-0.0003185663271145076,0.019624152542245143,0.7786665814853291,-0.7077176062643051,-0.10000319007124428,-0.9813732840655133,0.19211054958946036,0.00011857025352177361,solved,0,1.4373054723904207e-06,0.0014373054723904207,1.3864513896081379e-05,0.01386451389608138,30.606785858899457,21,0.4130240223243738,0.0024766845652680614,2.4766845652680614,0.0015233154347319387,1.5233154347319386,0.10056943816551023,0.1005694381655246,0.09963707450457412,0.9907291551196529,0.9907291551195112,7.9240228020435595,0.9904517488418654,0.09868571469254268,-0.09757271746133998,0.01998301780316256,-0.013944737344761779,-0.09757271746135832,0.01998301780314904,-0.013944737344756541,-0.09731243426291947,0.02139655934041418,-0.0001549259409094894,-0.9702024714581934,0.19869871173264278,-0.1386578029978898,-0.970202471458237,0.19869871173247994,-0.1386578029978179,-0.9766689231572336,0.21474495760543338,-0.0015549025468664989,mpc_1np1s_wadv_60/frames/frame_000035.png
36,27,27,0,0.0054276380888015835,5.427638088801584,0.02160719114632675,0.0501898671586101,-3.3656688255409964e-11,0.0,0.0,0.0020596295648544517,0.009998543886177711,0.6657307605764029,-0.685665393130162,-0.1,-0.0005335237230715848,-0.9999997920165855,0.00017271715966082107,-0.00031857182143756805,0.01972413798110692,0.778570092431033,-0.7076893604418802,-0.10000340884603763,-0.9807977258497099,0.19502771323306564,0.00010972291667821267,solved,0,9.345110201986696e-06,0.009345110201986695,9.759772348962908e-06,0.009759772348962909,30.447585209994852,21,0.5001444248798453,0.002428192919851574,2.4281929198515737,0.0015718070801484262,1.5718070801484263,0.09978921490252518,0.09978909455438015,0.10053860922955744,1.0075097727521385,1.007510987834135,5.56911703132192,0.9952798535156326,0.10006405226665935,-0.09791471716483915,0.019009908314231567,-0.0030362739132720096,-0.09791464867914268,0.01901008935478732,-0.0030333922835801275,-0.09648905429604504,0.028245822424888267,-0.00021877479335075112,-0.9812154275437777,0.19050063008112228,-0.03042687444968741,-0.981215924609718,0.19050267406152038,-0.03039803394475213,-0.9597213949492165,0.28094502839595925,-0.00217602764775896,mpc_1np1s_wadv_60/frames/frame_000036.png
37,27,27,0,0.005329848519860553,5.329848519860553,0.026270405607785274,0.06402095690919427,1.0404709787498908e-10,0.0,0.0,0.002624557176340203,0.010000424343221207,0.6659934646324808,-0.68502518356107,-0.1,-0.0005335195424758459,-0.9999997896639515,0.00018583994279795207,-0.00031857882272771833,0.019824142224539133,0.7784749214170193,-0.7076537538123489,-0.10000359707996051,-0.9799881316944837,0.19905589998626397,0.00010207161037242294,solved,0,3.14417874172362e-07,0.000314417874172362,7.002753499983868e-06,0.007002753499983868,30.277230383654548,21,0.5911919022055634,0.0023853735218286117,2.385373521828612,0.0016146264781713884,1.6146264781713884,0.10200915335921026,0.10200891690703777,0.1016139232929643,0.9961255431181336,0.99612785209323,3.9356304622753173,0.9976417893329769,0.10137429625513676,-0.09542093821748471,0.035417004700659026,0.006807914276145318,-0.09542107817750445,0.035416034375179706,0.006807457464105826,-0.09517101401368411,0.03560662953139282,-0.0001882339228792551,-0.935415451214205,0.3471943794685095,0.06673826859607634,-0.9354189915030966,0.34718567208643986,0.06673394513451764,-0.9365942277348689,0.35041093166666665,-0.001852442232119664,mpc_1np1s_wadv_60/frames/frame_000037.png
38,27,27,0,0.005229613162567327,5.229613162567327,0.02215340220067799,0.05012401320924987,8.124103072974468e-11,0.0,0.0,0.0020604213426276352,0.009999597462070058,0.6662149986544875,-0.6845239434289775,-0.1,-0.0005335162604145055,-0.9999997876963419,0.00019614204733414169,-0.00031858431908607246,0.019924138199159835,0.7783794795127675,-0.7076195291227723,-0.10000370093546256,-0.979285010116158,0.20248668799278438,0.00010073484499838156,solved,0,5.113979150964497e-06,0.005113979150964497,5.916507505800537e-06,0.005916507505800537,30.041812550266098,21,0.6861369531718111,0.002348940716781911,2.348940716781911,0.001651059283218089,1.651059283218089,0.1011218980277881,0.10112188651428597,0.10139278697122224,1.002678835630238,1.0026789497929116,3.3449027051232068,0.9982963971043364,0.10122005392573868,-0.09674149998517462,0.029278604861151934,-0.003079567947840702,-0.09674150390925895,0.02927859783796727,-0.003079133356245767,-0.09544190425181398,0.03422468957658964,-0.00010385550204550231,-0.9566820033242477,0.2895377305230785,-0.030454016468267266,-0.956682151055319,0.2895376940365026,-0.030449722235064938,-0.9413086187176483,0.3375456045636012,-0.001024288858683597,mpc_1np1s_wadv_60/frames/frame_000038.png
39,27,27,0,0.0051298941568930076,5.129894156893007,-0.0004714303929889429,-0.028286701383079333,3.4039995822536526e-11,0.0,0.0,-0.0011263445383967498,0.00999888079915327,0.6662102843505576,-0.6848068104428083,-0.1,-0.0005335180545845841,-0.9999997887851013,0.00019051032583471258,-0.00031858131446539,0.02002412700715137,0.7782819227796812,-0.7075940351035327,-0.10000363493865162,-0.9793226775880955,0.20230442924726613,0.00010520751435463836,solved,0,8.219240693416383e-07,0.0008219240693416384,6.076013045299598e-06,0.006076013045299598,29.841155928986208,21,0.7803675503862169,0.0023112934243082373,2.3112934243082375,0.0016887065756917628,1.6887065756917627,0.10093486575366291,0.10093488001378041,0.10083285944096101,0.9989893847686799,0.998989243631087,3.4508859889616033,0.9981867625852381,0.10065002552758523,-0.09768128614626863,0.02468139594479039,0.006086226724106413,-0.09768125774245462,0.024681582912355893,0.006086160874385627,-0.09755673308631252,0.025494019239569177,6.5996810932889e-05,-0.9677655527344255,0.24452795137238992,0.06029855668466617,-0.9677651346008279,0.244529769183717,0.060297895767594874,-0.9675093379994176,0.2528344369178211,0.00065451690350536,mpc_1np1s_wadv_60/frames/frame_000039.png
40,27,27,0,0.005032853168906808,5.032853168906808,0.02844147736714629,0.06027512966798371,-1.3568811420657703e-11,0.0,0.0,0.002478812856252089,0.0100001274687534,0.6664946991242291,-0.6842040591461285,-0.1,-0.0005335141060263164,-0.9999997863470977,0.0002029043874832123,-0.00031858792689798453,0.020124128281838904,0.7781868893135607,-0.707558356494148,-0.10000379436193815,-0.978491854834223,0.20628543333679794,0.00010008062565068036,solved,0,1.2351993113373302e-06,0.0012351993113373302,1.3292331043424043e-06,0.0013292331043424043,37.646409939689704,22,0.17908876662541073,0.00226233694920776,2.26233694920776,0.0017376630507922402,1.7376630507922401,0.10147309407277308,0.10147316202526831,0.10151033576087491,1.0003670104715159,1.000366340565965,0.7503042680737055,0.9999142580478761,0.10150163206652602,-0.09542515260976688,0.03450679704807963,0.0003317040656965779,-0.09542510092130918,0.034507140425854566,0.0003316401584047002,-0.09503346612049768,0.035678609384692805,-0.00015942328653040239,-0.9403985704952603,0.340058587583153,0.0032688868781185574,-0.9403974313675859,0.340061743786616,0.0032682548940587554,-0.9361949737252903,0.35147760193346145,-0.0015705128481295876,mpc_1np1s_wadv_60/frames/frame_000040.png
41,28,28,1,0.005826325248626339,5.82632524862634,0.029988900676224065,0.06284048973489294,-6.231850204290413e-11,0.0,0.0,0.0025873656508735962,0.009999814476395603,0.6667945881309914,-0.6835756542487795,-0.1,-0.0005335099844643775,-0.9999997836384777,0.00021584121295624935,-0.00031859482885168564,0.02022412642660286,0.7780920480361365,-0.7075221683964197,-0.10000395620020677,-0.9776056856351633,0.21044503960454622,9.337902937603466e-05,solved,0,1.1571548809894574e-06,0.0011571548809894575,4.581642989950703e-06,0.004581642989950703,37.41340214523507,22,0.26814679535196245,0.0022135263898536927,2.2135263898536928,0.0017864736101463074,1.7864736101463075,0.1017899186809368,0.10178991868092939,0.1015109477459198,0.9972593461255094,0.9972593461255819,2.5778944181896133,0.9989879971699069,0.1014082183795155,-0.09541960626103996,0.035185828714963854,0.0042712695654865546,-0.09541960626102686,0.03518582871497866,0.004271269565481184,-0.0948412774242069,0.03618809772831799,-0.0001618382686197073,-0.9374170595433449,0.34567105633765927,0.041961616836289684,-0.9374170595432842,0.34567105633782985,0.041961616836239966,-0.9342960491472607,0.3564945311996908,-0.0015942937408562647,mpc_1np1s_wadv_60/frames/frame_000041.png
42,28,28,0,0.0057281882547802615,5.728188254780261,0.031755319731382556,0.0645666877931956,-9.186745839370153e-11,0.0,0.0,0.0026632333826656935,0.009999238936980227,0.6671121413283052,-0.6829299873708475,-0.1,-0.0005335057419551579,-0.9999997806756401,0.00022915737696894167,-0.00031860193313144186,0.020324118815972663,0.7779973914383621,-0.7074855372991818,-0.10000411934156755,-0.9766679041760291,0.2147552025288499,8.910216349291536e-05,solved,0,2.9230473660513165e-06,0.0029230473660513167,1.4922665432484135e-05,0.014922665432484135,37.16972116279701,22,0.3574658018800192,0.0021651936865910936,2.1651936865910937,0.0018348063134089065,1.8348063134089065,0.10260146819474276,0.10260184744055173,0.10149746500370505,0.9892398889561477,0.9892362324422416,8.360233553175616,0.9893734844012612,0.10041890060861075,-0.09570223534671188,0.03390194550232246,-0.014791940931363406,-0.09570208966347415,0.03390141729064933,-0.014796723892263053,-0.09465659777441182,0.036631097237838084,-0.00016314136078166008,-0.9327569773666805,0.3304235904107615,-0.14416890120215,-0.9327521097407593,0.33041722090132986,-0.14421498502584354,-0.9326006099852493,0.36090652349298485,-0.001607344191066297,mpc_1np1s_wadv_60/frames/frame_000042.png
43,28,28,0,0.0056300591725977804,5.630059172597781,0.027477416865884573,0.05302460525919813,-1.5586489496756328e-10,0.0,0.0,0.0021941231169831273,0.009997312804304609,0.667386915496964,-0.6823997413182555,-0.1,-0.0005335022466637201,-0.9999997781014653,0.00024012799013372393,-0.00031860778599867646,0.020424091944015708,0.7779042262523334,-0.7074356753565207,-0.10000442366137718,-0.9757780290499489,0.21876295847871938,7.759532821741954e-05,solved,0,6.868022148597806e-06,0.006868022148597806,2.2858700812400798e-05,0.0228587008124008,36.91702513781996,22,0.4470009919246571,0.0021172894453917995,2.1172894453917994,0.0018827105546082006,1.8827105546082006,0.11342495702263487,0.11342441294498262,0.10566956905494476,0.9316253832378136,0.9316298520866102,11.272873711437802,0.980707317981605,0.10363091966014688,-0.09627219792257716,0.05598775636544852,0.02150013767178895,-0.09627253022237436,0.0559868214595749,0.021498213864171167,-0.09316518602875412,0.04986194266110022,-0.00030431980962974947,-0.8487743830783666,0.4936105583383708,0.1895538533684295,-0.8487813842075788,0.4936046835590124,0.18953780148369856,-0.8816652406362255,0.4718666225957032,-0.0028799190945078333,mpc_1np1s_wadv_60/frames/frame_000043.png
44,28,28,0,0.005525420694471801,5.5254206944718005,0.04962834743113913,0.08305965765950162,1.5916296546549253e-09,0.0,0.0,0.0034645472575505535,0.009992819699825713,0.6678831989712755,-0.6815691447416605,-0.1,-0.0005334967274250184,-0.999999773791753,0.0002574507225406921,-0.00031861702766960043,0.020524020141013965,0.777812703586811,-0.7073811859168716,-0.10000458706474559,-0.9743927103075286,0.22485293088160435,7.465588427627109e-05,solved,0,5.758295615999947e-05,0.05758295615999947,0.0007229431475293898,0.7229431475293898,36.6817746860903,22,0.5456031473895344,0.0020791411741691063,2.079141174169106,0.0019208588258308938,1.9208588258308938,0.7347734683823894,0.7347734428958106,0.106515369962545,0.14496354937398537,0.14496355440223588,79.47558640200546,0.18265447155863762,0.019455508613381443,-0.08823959208106216,0.11197924211497845,-0.7208095959151829,-0.08823967025983759,0.11197873241075573,-0.7208096395478342,-0.09152266552236998,0.054489439649141325,-0.00016340336840559022,-0.12009087954049624,0.15239968089961356,-0.9809956768064201,-0.12009099010448285,0.15239899249683972,-0.980995770215995,-0.8592437462739224,0.5115641026107496,-0.0015340825315919128,mpc_1np1s_wadv_60/frames/frame_000044.png
45,28,28,0,0.005419400445124944,5.4194004451249445,0.041860782317978254,0.0826594509044584,-1.619701545469738e-10,0.0,0.0,0.003419685000201448,0.009997755099961418,0.6683018067944553,-0.680742550232616,-0.1,-0.0005334912794976815,-0.999999769243573,0.00027454914363542784,-0.00031862614957680734,0.02062399769201358,0.7777213126025255,-0.7073267536891464,-0.10000481215117729,-0.9729767436348804,0.23090312247018963,6.617537960242341e-05,solved,0,3.391669747742025e-06,0.003391669747742025,5.278701988122047e-05,0.05278701988122047,36.32397858925911,22,0.6466447753111829,0.0020452541770902386,2.0452541770902384,0.0019547458229097615,1.9547458229097616,0.11945018944655178,0.11945997897547407,0.10637307031241669,0.890522407752342,0.8904494310538577,26.21102447636251,0.8971734014182511,0.09543508931149366,-0.0902771123997243,0.05763722704941087,-0.052880438667236074,-0.09027763881697126,0.05763595766783425,-0.052903032901382985,-0.09139098428545545,0.054432227725165205,-0.00022508643170160436,-0.7557720319909494,0.48252101831283206,-0.4426986588489048,-0.7557145044827596,0.4824708505906174,-0.442851516927224,-0.8591552732006419,0.5117106008625893,-0.002116009541141641,mpc_1np1s_wadv_60/frames/frame_000045.png
46,28,28,0,0.005313539902255784,5.313539902255784,0.045988263887862785,0.08211632846039364,-3.175165675688375e-11,0.0,0.0,0.0034206569158524345,0.009995683724683173,0.6687616894333339,-0.6799213869480121,-0.1,-0.0005334858298659422,-0.9999997644016198,0.00029165242422700746,-0.0003186352739833781,0.020723954529260413,0.7776313561070194,-0.7072697696723789,-0.10000492798429321,-0.9711685234812064,0.2383939908783758,6.412810715812312e-05,solved,0,3.0345190708294683e-06,0.0030345190708294684,8.33129499578448e-05,0.0833129499578448,35.9678978537924,22,0.7475582022629295,0.002011432289675706,2.0114322896757058,0.0019885677103242943,1.9885677103242942,0.13697384759171702,0.1369573435138432,0.10648644358801386,0.7774217156067772,0.7775153989990362,37.46080592959745,0.7937695873730669,0.08452570038768313,-0.09062520379838838,0.0599435472234653,-0.0834007104696817,-0.0906250086432081,0.05994398233777343,-0.08337350137949118,-0.08995649550613827,0.05698401676756948,-0.00011583311591845113,-0.6616241376858907,0.4376276805930227,-0.6088805413298841,-0.6617024419289209,0.43768359402878226,-0.6087552462717273,-0.8447694605537919,0.5351293070509081,-0.0010877733541989501,mpc_1np1s_wadv_60/frames/frame_000046.png
47,28,28,0,0.005207332500180964,5.207332500180963,0.0015020514481445446,-0.05730696193309241,-3.4055756810552395e-10,0.0,0.0,-0.0022553482800491175,0.010134692114764,0.6687767099478154,-0.680494456567343,-0.1,-0.0005334894229996076,-0.9999997676269263,0.00028037568546523896,-0.00031862925798137456,0.020825301450408052,0.7775392970077045,-0.7072220743532089,-0.10000460116875504,-0.9699129544775641,0.24345194958067,9.477327418430614e-05,solved,0,9.198781975466766e-05,0.09198781975466766,0.0001501588660882375,0.1501588660882375,35.52642409054153,22,0.849470604658471,0.0019803584151296977,1.9803584151296978,0.0020196415848703023,2.0196415848703024,0.17656320689195165,0.1765758518017339,0.10368137752644785,0.5872196101982672,0.5871775583609544,58.03786406135442,0.5293587138218415,0.054884640654677214,-0.12539296832701466,-0.038038961633782765,-0.1183393718080928,-0.1253934487356334,-0.03804020515874029,-0.11835732865003723,-0.09205909931486733,0.047695319169926975,0.0003268155381735971,-0.710187419759255,-0.21544104405093195,-0.6702380064976443,-0.7101392826717322,-0.21543265837648787,-0.670291704343204,-0.8879038985702538,0.4600181855971241,0.003152114159461572,mpc_1np1s_wadv_60/frames/frame_000047.png
48,28,28,0,0.005104998951136595,5.104998951136595,0.044456578848058786,0.09500133227564006,2.9150385540460593e-11,0.0,0.0,0.003906010471597204,0.009996808258923136,0.669221275736296,-0.6795444432445866,-0.1,-0.0005334832000517744,-0.999999761960463,0.0002999057332302543,-0.0003186396769969713,0.020925269532997285,0.777454174690339,-0.7071561016173882,-0.10000480622641562,-0.9668567689956828,0.25531936656966997,9.644527684947835e-05,solved,0,3.872126865939083e-06,0.0038721268659390826,3.772208599210313e-05,0.03772208599210313,41.31653972449124,23,0.1520408198255662,0.0019364431499765827,1.9364431499765828,0.0020635568500234173,2.063556850023417,0.11238863030053016,0.11238895134289192,0.10769518482274582,0.9582391433614419,0.9582364061230031,19.587720004207675,0.9421293272631378,0.10146279202653281,-0.08156193450448997,0.06749435158646731,-0.03772754384580145,-0.08156187196439735,0.06749477228917833,-0.037727882782501165,-0.0851223173655713,0.0659727358207629,-0.00020505766058775965,-0.7257133954421475,0.6005443024439895,-0.3356882608580335,-0.7257107659591643,0.6005463302460741,-0.3356903177020993,-0.7904004018905123,0.6125876094585531,-0.001904055979153214,mpc_1np1s_wadv_60/frames/frame_000048.png
49,29,29,1,0.005929222781821527,5.929222781821527,0.04640460349970771,0.08558298730733452,3.1381488725797753e-10,0.0,0.0,0.0035515504647102053,0.009996889261552169,0.669685321771293,-0.6786886133715133,-0.1,-0.0005334775416431964,-0.9999997564771425,0.0003176634812785391,-0.00031864915040926654,0.021025238425612807,0.7773749501764041,-0.7070724411218539,-0.10000468363463967,-0.9628412930895056,0.2700678269109043,0.00011484489831213507,solved,0,1.7265234335049044e-05,0.017265234335049045,7.882490461399115e-05,0.07882490461399115,40.61437130301264,23,0.25471243371944474,0.001903827907323092,1.903827907323092,0.002096172092676908,2.096172092676908,0.13403534434107564,0.13405066091193896,0.11521986438978943,0.859622996876055,0.8595247767221385,35.862579686357115,0.8104244319467303,0.0933769931470744,-0.08635913740012063,0.0679348970342521,-0.07676211751302438,-0.08635752857133472,0.06793763260037888,-0.07678824797216488,-0.07922451393482799,0.0836604955343212,0.00012259177595286275,-0.6443012313257105,0.5068431566929111,-0.5727005655888059,-0.6442156120965716,0.5068056519692112,-0.5728300587985082,-0.6875942299915493,0.7260943759775423,0.0010639812553340118,mpc_1np1s_wadv_60/frames/frame_000049.png
50,29,29,0,0.0058146543214503375,5.8146543214503374,0.05187320581320645,0.09944834290963951,1.3197514158335554e-09,0.0,0.0,0.004123130903141332,0.009992848904233279,0.670204053829425,-0.677694129942417,-0.1,-0.0005334709723690351,-0.9999997497157994,0.0003382791307048981,-0.00031866014833024247,0.02112516691465514,0.7772974605781673,-0.7069878499615423,-0.10000458769013985,-0.9584632147544848,0.28521614113334426,0.00013711127763629404,solved,0,3.1660394066952034e-06,0.0031660394066952034,4.752016964731913e-05,0.04752016964731913,39.73860699502631,23,0.3685972617341699,0.0018861062319731634,1.8861062319731634,0.002113893768026837,2.113893768026837,0.12651199854583964,0.1265119716449039,0.11471840063002088,0.9067788189944251,0.9067790118077882,22.02883817888623,0.9269951897024085,0.10634340555438311,-0.07777509008720766,0.08774436817384074,0.047510493491046205,-0.07777510161233181,0.0877443005474765,0.04751052788705412,-0.0774895982368351,0.08459116031156455,9.59444998172021e-05,-0.614764536021673,0.6935655841532529,0.37554140348064713,-0.6147647578415137,0.6935651970847375,0.3755417552135503,-0.6754766263412907,0.7373809244811571,0.0008363479554307367,mpc_1np1s_wadv_60/frames/frame_000050.png
51,29,29,0,0.005700834250037891,5.70083425003789,0.04228520344306616,0.06738706909777596,1.2737253032734504e-10,0.0,0.0,0.0028356299852788126,0.01000174598659694,0.6706269058638558,-0.6770202592514392,-0.1,-0.0005334664543040575,-0.9999997448191171,0.0003524572770482498,-0.00031866771192964134,0.02122518437452111,0.777219505495801,-0.7069088552250119,-0.10000439825682508,-0.9543659821893707,0.29863949154012887,0.00016165509889835733,solved,0,4.820069067440287e-05,0.04820069067440287,0.00026318599781894036,0.26318599781894036,38.835142900555745,23,0.4822646382929468,0.0018703438405423005,1.8703438405423005,0.0021296561594576994,2.1296561594576993,0.2788229383566437,0.2788229489881615,0.11098287773896971,0.3980407006435425,0.3980406854662523,70.36879157654397,0.3359646489953129,0.03728632356406268,-0.09738457086662308,0.03488347894765069,0.25892396414288343,-0.09738456787222738,0.034883494488657796,0.25892397462393135,-0.07795508236629889,0.07899473653039113,0.0001894333147706151,-0.3492702983499085,0.12510978886188723,0.9286322196766057,-0.3492702742928173,0.12510983982935675,0.9286322218581977,-0.7024063887552838,0.7117740874965031,0.001706869731889272,mpc_1np1s_wadv_60/frames/frame_000051.png
52,29,29,0,0.005590302641569099,5.5903026415690995,0.06534997797272273,0.12184561489767842,1.2236980497155473e-09,0.0,0.0,0.005072528170746121,0.010000249454957623,0.6712804056435829,-0.6758018031024624,-0.1,-0.0005334583718777493,-0.9999997355582382,0.0003778199113138388,-0.00031868124194523427,0.021325186869070686,0.7771437898706468,-0.7068269320557409,-0.10000443454391564,-0.9495204139954985,0.31370520243261285,0.00017138416068417694,solved,0,5.653175200391237e-06,0.005653175200391237,3.489905471608438e-05,0.03489905471608438,38.03101119700205,23,0.5915871593388435,0.0018510208786135713,1.8510208786135713,0.0021489791213864288,2.1489791213864287,0.12132448510002547,0.1213239561084987,0.11155385637731524,0.9194669673260524,0.9194709763466157,16.558131418619055,0.9585310838116069,0.10692783885671231,-0.07668865942930844,0.08749275222100339,0.034402013146267306,-0.07668881067546263,0.08749194829227314,0.03440185499391235,-0.0757156251541824,0.08192316927102539,-3.6287090554587564e-05,-0.6320954864641115,0.7211467013346098,0.28355375353874124,-0.6320994891304126,0.7211432193492769,0.2835536863234755,-0.6787360617824357,0.7343822251552808,-0.0003252876389306666,mpc_1np1s_wadv_60/frames/frame_000052.png
53,29,29,0,0.00547962011486523,5.47962011486523,0.06886055236384184,0.15730147966267133,1.0514795807214775e-06,0.0,0.0,0.00633402972595158,0.010000000086341814,0.6719690111672213,-0.6742287883058357,-0.1,-0.0005334482789279241,-0.9999997230911264,0.00040949005137391623,-0.0003186981364913382,0.021425186869934106,0.7770689039428148,-0.7067465734245372,-0.10000460204345105,-0.9442808568754086,0.32914074768044205,0.00017763728186208415,solved,0,8.822207216083555e-06,0.008822207216083556,8.860810533210389e-06,0.00886081053321039,37.12424513954976,23,0.7020502110384564,0.0018352036400770988,1.8352036400770988,0.0021647963599229015,2.1647963599229016,0.10868097247230937,0.1086806602373528,0.10984279608734926,1.0106902210075082,1.010693124677918,4.60734806825069,0.9967685849085772,0.10948784841838856,-0.08021164413081557,0.07332574561525382,-0.0009904308786343515,-0.08021162388116565,0.07332526062087119,-0.0009937096430295833,-0.07488592783200243,0.08035863120370301,-0.00016749953540839968,-0.7380468016262234,0.6746879784677705,-0.009113194850061741,-0.7380487356811021,0.6746854542540753,-0.009143389825378077,-0.6817554769131294,0.7315785291900269,-0.0015249023274607884,mpc_1np1s_wadv_60/frames/frame_000053.png
54,29,29,0,0.005370613396326155,5.370613396326155,0.07410575523907495,0.2589561463117757,5.545298746526396e-06,0.0,0.0,0.009710140010251373,0.010874830067415806,0.672710068719612,-0.6716392268427179,-0.1,-0.0005334328052815842,-0.9999997020315129,0.0004580407374793608,-0.00031872403540309825,0.021533935170608264,0.7769963880625458,-0.7066399227021907,-0.10000500317604388,-0.9365226456711446,0.3506070533708156,0.0001681420641310783,solved,0,7.113353853796144e-05,0.07113353853796145,0.000536396989383962,0.536396989383962,36.190340849668225,23,0.8107521927309034,0.0018191779265586063,1.8191779265586063,0.002180822073441394,2.180822073441394,0.5368652038503284,0.5368889327566856,0.12896933889719078,0.24022666764811582,0.24021605033836452,82.88106023126423,0.12392949654074371,0.015983105238721408,-0.061996344730845844,0.03630201713221065,-0.5320365249655342,-0.06199719307387053,0.036299194114186584,-0.5320605629759029,-0.07251588026901956,0.10665072234650186,-0.00040113259283658387,-0.11547841857921878,0.06761849505584873,-0.9910057890692793,-0.1154748948828998,0.06761024841358973,-0.9910067623186211,-0.5622722492733434,0.8269463366910763,-0.0031102942471958454,mpc_1np1s_wadv_60/frames/frame_000054.png
55,29,29,0,0.005246705896113901,5.246705896113901,0.1155283668650647,0.3689322077575144,4.205799054311467e-06,0.0,0.0,0.014595554394459326,0.009999990096963843,0.6738653523882627,-0.6679499047651428,-0.1,-0.0005334095440911608,-0.9999996659418436,0.0005310184864220978,-0.00031876296329196697,0.021633935071577903,0.7769493703631938,-0.706499624311035,-0.10000550360875629,-0.9250182135066739,0.3799227286921613,0.00015781008801575406,solved,0,5.930066563686607e-05,0.05930066563686607,0.0001400003070637724,0.1400003070637724,34.88244579954806,23,0.9397659085042618,0.0018200394076386902,1.8200394076386903,0.00217996059236131,2.17996059236131,0.23275498376798484,0.23274135200568014,0.14796808117338484,0.6357246524993105,0.6357618871689532,34.94504012583583,0.8197018595053912,0.12128971128526823,-0.021180661102142093,0.19366712599774003,-0.12735504062221717,-0.021177962544305373,0.19367326302144328,-0.12732123949495133,-0.047017699352003284,0.14029839115570208,-0.0005004327124080721,-0.0909998177450646,0.8320643573879026,-0.5471635389305666,-0.09099355297974086,0.8321394601880486,-0.5470503561045053,-0.317755687437139,0.94816659135631,-0.003382031505981882,mpc_1np1s_wadv_60/frames/frame_000055.png
56,29,29,0,0.005121801550540839,5.121801550540839,0.06663872298402773,0.19038303729853137,3.7650401369046255e-06,0.0,0.0,0.00749814801470131,0.009999942811389528,0.674531739618103,-0.6660460743921575,-0.1,-0.0005333975930568933,-0.99999964533079,0.0005685092135895463,-0.000318782960986513,0.021733934499691798,0.7768829998984557,-0.7064069040949336,-0.10000570769876237,-0.9180363385043055,0.39649622393708134,0.00015996638425884688,solved,0,5.303091477623476e-06,0.005303091477623476,8.858447784845338e-06,0.008858447784845338,36.7108738185549,24,0.19972953010944616,0.0018520419361076482,1.8520419361076483,0.0021479580638923516,2.1479580638923514,0.11631802117454916,0.1163156284989372,0.1140268333164425,0.9803023827694899,0.9803225481215914,4.248021218141831,0.9972527439347306,0.11371357240701045,-0.07152178538227745,0.0914730995664061,0.006869375620001075,-0.07152338268845426,0.09146713357532921,0.006891635322373024,-0.06637046473811914,0.09272021610140513,-0.00020409000607568561,-0.614881380030962,0.7864052245966232,0.05905684734519987,-0.614907760990242,0.7863701099819528,0.05924943544827249,-0.5820600538290017,0.8131438311900836,-0.0017898419182553597,mpc_1np1s_wadv_60/frames/frame_000056.png
57,29,29,0,0.005012175552893485,5.012175552893485,0.08125979058511078,0.22672197522627147,5.446510799262141e-06,0.0,0.0,0.008895682656700266,0.010000150344399028,0.6753443375239541,-0.6637788546398947,-0.1,-0.0005333834135689935,-0.9999996190552379,0.0006129876105209092,-0.00031880668534976477,0.02183393600313579,0.7768242600176529,-0.7063020689416338,-0.10000596709893159,-0.9095503016998504,0.4155938205824625,0.00015802336183838285,solved,0,2.2165776327020415e-05,0.022165776327020416,2.2323819039516943e-05,0.022323819039516943,35.68034972227746,24,0.3133966307081244,0.0018428308911971295,1.8428308911971294,0.002157169108802871,2.157169108802871,0.11156821455484076,0.11156821494874705,0.1201700888430475,1.0770996858068258,1.0770996820039833,10.206954964084426,0.9841741049289466,0.1182682896263383,-0.07075834809285353,0.0862104892049697,-0.0029110522436664476,-0.07075834792968916,0.08621048986390267,-0.002911051792189867,-0.0587398808027384,0.10483515329973159,-0.000259400169219659,-0.6342160119275966,0.772715504581221,-0.026092128974919963,-0.6342160082259504,0.7727155077591465,-0.026092124836156656,-0.48880616939093513,0.8723897461426973,-0.002158608450048315,mpc_1np1s_wadv_60/frames/frame_000057.png
58,30,30,1,0.005839214568359828,5.839214568359828,0.087504044438478,0.22637167216099058,6.04794338634725e-06,0.0,0.0,0.008959360611320528,0.010000064527408106,0.6762193779683389,-0.6615151379182849,-0.1,-0.000533369131513517,-0.9999995905919762,0.000657784395882364,-0.00031883057890160486,0.02193393664840987,0.7767681781109286,-0.7061963039882252,-0.10000618900828392,-0.90056128429894,0.4347290516695923,0.00015765881188221413,solved,0,2.1965714892827737e-05,0.021965714892827736,2.3702714277125698e-05,0.023702714277125697,34.482927245498544,24,0.43352915399890085,0.001846398161499582,1.846398161499582,0.002153601838500418,2.153601838500418,0.11137616881172391,0.11138106538070615,0.11971405462655785,1.0748623866648594,1.0748151332308513,11.03102729008323,0.9815237110359385,0.11750218316021811,-0.06833180030704125,0.0875213603281933,0.008684902548607515,-0.06832863685846124,0.08753009032236303,0.008684606989647903,-0.056081906724347874,0.10576495340863801,-0.00022190935233812326,-0.6135226326787456,0.7858176597557776,0.07797810466338564,-0.6134672587742853,0.7858614929133666,0.07797202298221402,-0.4684655189342024,0.8834798365034634,-0.0018536616525967537,mpc_1np1s_wadv_60/frames/frame_000058.png
59,30,30,0,0.005727331945632016,5.727331945632016,0.07316532462007741,0.18121477047509682,5.27529131745093e-06,0.0,0.0,0.007230135057465069,0.009999993670978749,0.6769510312145396,-0.6597029902135338,-0.1,-0.0005333576052242675,-0.9999995661591907,0.0006939350559316189,-0.000318849860347547,0.022033936585119655,0.776706581388703,-0.7061056390235095,-0.10000642647756851,-0.8928541872216026,0.4503458414920553,0.00015300870568925234,solved,0,1.6801101424642093e-05,0.01680110142464209,1.9676228775493733e-05,0.019676228775493732,33.27161545356147,24,0.5530806554871858,0.0018527096167198992,1.8527096167198993,0.002147290383280101,2.147290383280101,0.10560493519345095,0.10560554910178362,0.10960998315615095,1.0379248181475933,1.037918784461864,10.273401761026795,0.983967936701979,0.10785270896809654,-0.07148814745940481,0.0770828993283033,0.010003686379431668,-0.07148787622379693,0.0770840191791633,0.010003476460046512,-0.061596722225609746,0.09066496471565877,-0.00023746928458356908,-0.6769394567446136,0.7299175856421866,0.09472745152588327,-0.6769329531623025,0.7299239465614539,0.09472491308581775,-0.5619627013157984,0.8271597358654548,-0.0021664932129883564,mpc_1np1s_wadv_60/frames/frame_000059.png
60,30,30,0,0.00562142546236268,5.62142546236268,0.0957532216683887,0.22403187058237117,7.325885189556363e-06,0.0,0.0,0.00896824753604872,0.010000172662490339,0.6779085634312235,-0.6574626715077101,-0.1,-0.0005333433070656793,-0.9999995340369161,0.000738776273445216,-0.00031887377644212187,0.02213393831174456,0.7766552149668281,-0.7059990226356568,-0.10000661130149165,-0.8830200300268931,0.46933527742560094,0.00015470985431424017,solved,0,2.440624250089619e-05,0.02440624250089619,2.5826912407850357e-05,0.025826912407850358,32.273671637544425,24,0.6625305599765519,0.0018465390466473703,1.8465390466473703,0.0021534609533526297,2.1534609533526297,0.10954903063674798,0.10954978475221284,0.11834524753815086,1.0802947944885986,1.0802873579882626,12.258628937132851,0.9771991407091534,0.11564687420129309,-0.06595512737498031,0.08703650239081605,-0.008692441427742986,-0.06595058577540946,0.08704684937232976,-0.008632588805651542,-0.05136642187486551,0.10661638785269822,-0.00018482392313834417,-0.602060346783715,0.7944981519683101,-0.07934749743761882,-0.6020147453925262,0.7945871328658313,-0.07880060034054215,-0.4340387378741724,0.9008928543440529,-0.0015617350673820902,mpc_1np1s_wadv_60/frames/frame_000060.png
61,30,30,0,0.0055131372545777855,5.513137254577786,0.09530588711288189,0.20881781911066946,7.788008882350217e-06,0.0,0.0,0.008414047335046368,0.01000005194798725,0.6788616223023524,-0.6553744933166034,-0.1,-0.0005333298914984554,-0.9999995020714715,0.0007808464898510788,-0.0003188962140390845,0.02223393883122443,0.7766039447051233,-0.7058965168590328,-0.1000068300379869,-0.8732674598605842,0.48724113406527403,0.0001443032529301194,solved,0,2.5111477545398794e-05,0.025111477545398796,2.6422621110187596e-05,0.026422621110187595,31.04855192980743,24,0.7803836249094029,0.0018573286277127814,1.8573286277127814,0.002142671372287219,2.142671372287219,0.10633511519311574,0.10633766709342683,0.1146129217071058,1.0778464056671844,1.077820539418158,13.043041241633025,0.9742008040814857,0.11165600048519082,-0.06650578355785189,0.08254509291335183,-0.008393158667359256,-0.06650549552478235,0.08254396420726007,-0.008438748771363858,-0.05127026170481663,0.10250577662407334,-0.00021873649524994931,-0.6254357597400483,0.7762731320076276,-0.07893120397825684,-0.6254180418153384,0.77624388858125,-0.07935803936670613,-0.44733404350198996,0.8943649206153879,-0.0019084802306055168,mpc_1np1s_wadv_60/frames/frame_000061.png
62,30,30,0,0.0054079727706139395,5.40797277061394,0.10243924441335348,0.2130272188634587,8.364007488729992e-06,0.0,0.0,0.008689555135533288,0.010000025904126632,0.6798860147464859,-0.6532442211279688,-0.1,-0.0005333160356639019,-0.9999994672015743,0.0008242942431441833,-0.0003189193857355736,0.022333939090265698,0.7765564383366769,-0.7057915560572661,-0.1000070168453425,-0.8628244470568245,0.5055036612423728,0.00014843059520136127,solved,0,2.212050316854584e-05,0.02212050316854584,2.3124512686766058e-05,0.023124512686766057,29.88036626608896,24,0.8946706140336266,0.0018660992513263995,1.8660992513263996,0.0021339007486736008,2.1339007486736006,0.10800406017380465,0.10800232893969271,0.11521137030459391,1.066731844332435,1.066748943617009,11.30921825985625,0.9805831202785957,0.11297432498485147,-0.061946110405282265,0.08820009586703326,-0.006949784797354367,-0.06194380222379614,0.08820141137344528,-0.0069267203053891,-0.04750636844641498,0.10496080176669587,-0.0001868073555982841,-0.5735535340578493,0.8166368535136361,-0.06434744014410645,-0.5735413563015375,0.8166621242278578,-0.06413491610219724,-0.4123409722566308,0.9110281519020408,-0.0016214315922500175,mpc_1np1s_wadv_60/frames/frame_000062.png
63,30,30,0,0.005304562087481139,5.304562087481139,0.12218881138541109,0.2383985495409539,1.117282742320194e-05,0.0,0.0,0.00968932601400891,0.010009451333088398,0.6811079028603401,-0.6508602356325592,-0.1,-0.0005333005844685384,-0.9999994260937586,0.0008727408464156475,-0.0003189452227259897,0.02243403360359658,0.7765178957412304,-0.7056762233350885,-0.10000721058309345,-0.8505881950845229,0.5258323879792286,0.0001487780755617387,solved,0,3.339210110253654e-05,0.03339210110253654,3.482074165394324e-05,0.034820741653943235,29.587589026570136,25,0.03905524775704134,0.0018789599041291725,1.8789599041291725,0.0021210400958708276,2.1210400958708275,0.10692780974973266,0.10691910051550226,0.12160265623312466,1.137240690871148,1.137333326289005,15.917917588234,0.9616555897483507,0.11693987409483146,-0.05875279139650144,0.0887664923250886,-0.010108206630960626,-0.058759619234405314,0.08875633481586487,-0.010065497132574763,-0.03854259544644467,0.11533272217756352,-0.00019373775095310464,-0.5494622169294768,0.8301534702043266,-0.09453299992414646,-0.5495708339398696,0.8301260896129223,-0.09414124402510628,-0.3169552100289207,0.9484391686021969,-0.001593203281527746,mpc_1np1s_wadv_60/frames/frame_000063.png
64,30,30,0,0.00520218773683294,5.20218773683294,0.06248117231333916,0.1205549781102106,5.873958632844433e-06,0.0,0.0,0.004962020957452317,0.009999994042404566,0.6817327145834735,-0.6496546858514571,-0.1,-0.0005332926712400077,-0.9999994041331963,0.0008975509366930859,-0.00031895845387121014,0.022534033544020626,0.776454681998599,-0.7056031274609854,-0.10000731942328372,-0.8436557939075542,0.536884418387386,0.0001506620480896866,solved,0,1.2710764484815462e-05,0.012710764484815461,1.448054974789664e-05,0.01448054974789664,28.227893844708333,25,0.15819782678680724,0.0019033682815081695,1.9033682815081696,0.0020966317184918305,2.0966317184918304,0.0967002705941861,0.09670222250327695,0.09663848050622327,0.9993610143220579,0.9993408424811383,8.593181411606576,0.9887741697706445,0.09555363333043754,-0.07214229819387434,0.06403123614947351,0.006814098727292054,-0.07213453369514511,0.06404142654481415,0.006828218784019069,-0.06321374263140722,0.07309587410309071,-0.00010884019027712633,-0.7460402928615151,0.6621619128470491,0.07046618055380849,-0.745944941365755,0.6622539264042663,0.07061077405731478,-0.6541259992942089,0.7563847622623114,-0.0011262613992582104,mpc_1np1s_wadv_60/frames/frame_000064.png
65,30,30,0,0.005107244001478446,5.107244001478446,0.10129901118672603,0.1877200656424446,9.770947998525081e-06,0.0,0.0,0.007754430625844852,0.010000007004093175,0.6827457046953408,-0.6477774851950326,-0.1,-0.0005332803041331514,-0.9999993685815745,0.0009363230660349219,-0.00031897913053657504,0.022634033614061556,0.776399861896265,-0.7055070915205611,-0.10000761257525947,-0.8342283303972445,0.5514191460596558,0.00013461599421612353,solved,0,1.8047139679666788e-05,0.01804713967966679,1.804919094281545e-05,0.01804919094281545,27.48014318830595,25,0.25314109606044155,0.001885283224546389,1.885283224546389,0.002114716775453611,2.114716775453611,0.1006922516907215,0.10070919870895936,0.1105813339184018,1.0982109552784145,1.0980261518907726,8.237445112199604,0.9896828057560328,0.10944044481660864,-0.06193074966219093,0.07939464006349316,-5.4092652129231885e-05,-0.06190382110282666,0.07943713989466694,-2.104340769693014e-05,-0.05482010233404111,0.09603594042428831,-0.0002931519757498613,-0.6150498039552498,0.7884880785798252,-0.0005372076919620257,-0.6146789160911031,0.7887773998106491,-0.0002089521907302998,-0.49574462878602077,0.8684642970137567,-0.002651007772850513,mpc_1np1s_wadv_60/frames/frame_000065.png
66,30,30,0,0.00500487255139487,5.00487255139487,0.09739002255932992,0.17328738982300532,9.964340249900622e-06,0.0,0.0,0.007200196033168763,0.009999980147310777,0.6837196049209341,-0.6460446112968026,-0.1,-0.0005332688202262177,-0.9999993342249914,0.0009723240228545364,-0.0003189983289435131,0.022734033415534663,0.7763543302452671,-0.7054040724035474,-0.10000771602012598,-0.8239630286637243,0.5666435447112108,0.00014363988533430143,solved,0,2.1458011265790913e-05,0.021458011265790913,2.2684807067082827e-05,0.022684807067082827,26.487601377133505,25,0.3637071581788775,0.0018858983014518132,1.8858983014518131,0.002114101698548187,2.114101698548187,0.10674701866999682,0.1067508940813958,0.11263250158686929,1.0551348692469544,1.0550965643527899,11.491407529132548,0.9799545921940113,0.11037473716035182,-0.0605120666760662,0.08761657226571089,-0.0075201094361339515,-0.06049433556010175,0.08763846949244591,-0.007462400239924283,-0.04553165099785428,0.10301911701371402,-0.00010344486650604168,-0.5668735991881543,0.820787066068545,-0.07044795751516023,-0.5666869217411501,0.8209623933043878,-0.06990480317883169,-0.4042496646737212,0.9146482193175758,-0.0009184282072103181,mpc_1np1s_wadv_60/frames/frame_000066.png
67,31,31,1,0.005840971591336123,5.840971591336123,0.07900459380082472,0.13667045364149275,7.534719563313296e-06,0.0,0.0,0.005841483521879008,0.009999994032107771,0.6845096508589423,-0.6446779067603876,-0.1,-0.0005332595028813502,-0.9999993053993814,0.0010015314205994784,-0.0003190139042125768,0.02283403335585574,0.7763016572567575,-0.7053135174313189,-0.10000781360579143,-0.8152893975614162,0.5790536914902314,0.0001435112503008943,solved,0,3.336464046368177e-05,0.033364640463681774,3.759778012653981e-05,0.03759778012653981,25.435910275097918,25,0.47567146206456673,0.0018980439573738357,1.8980439573738357,0.002101956042626164,2.1019560426261643,0.09635562610486419,0.09635641919158658,0.10475999349374916,1.0872223836700357,1.0872134350017062,21.01729581604678,0.9334722038107294,0.09779054199780769,-0.07105255055715627,0.06270685862443025,-0.01742961912489359,-0.07105198828938342,0.06270875883485072,-0.017429459112164314,-0.05267298850963886,0.09055497222854036,-9.758566545114977e-05,-0.7373990853406891,0.6507856485327191,-0.1808884424239522,-0.7373871806932751,0.6508000127128653,-0.1808852929404643,-0.5027967905780919,0.8644041413952895,-0.0009315165283679837,mpc_1np1s_wadv_60/frames/frame_000067.png
68,31,31,0,0.005741908822649555,5.741908822649555,0.09903121652963068,0.1649944682187733,1.0046486684333945e-05,0.0,0.0,0.007045456151987553,0.009999996796890702,0.6854999630242387,-0.6430279620781999,-0.1,-0.0005332482645581052,-0.9999992694976726,0.0010367586762618083,-0.00031903268929685686,0.022934033323824647,0.7762585300628415,-0.7052123458843095,-0.10000796887067946,-0.8047431843945899,0.593623101774722,0.00014216122182511518,solved,0,2.0410732710931956e-05,0.020410732710931957,4.320258153998361e-05,0.04320258153998361,24.568347193854798,25,0.5804296372562598,0.001897793809569985,1.8977938095699851,0.002102206190430015,2.102206190430015,0.10937061294516384,0.10937692819985045,0.10998027498840438,1.005574276552205,1.005516216248563,22.707663797882816,0.9224864629879009,0.10145531487248986,-0.056333279269045106,0.08560510125060335,-0.03821333880558676,-0.05633050501629988,0.0856065032964759,-0.03823235828973037,-0.04312719391597053,0.10117154700939324,-0.00015526488802986016,-0.5150677842254523,0.7827066059648398,-0.3493931118841415,-0.515012680858749,0.7826742321749802,-0.3495468278271015,-0.3921357163411129,0.9199062924698099,-0.001411752135064495,mpc_1np1s_wadv_60/frames/frame_000068.png
69,31,31,0,0.005643480020410968,5.643480020410968,0.09101347997965052,0.14664613807042048,1.0261676476443085e-05,0.0,0.0,0.00620557436290516,0.009999981036909718,0.6864100978240352,-0.6415615006974957,-0.1,-0.0005332383653960319,-0.9999992368478933,0.0010677865249063643,-0.00031904923470208124,0.023034033134193745,0.7762127397076479,-0.7051171164367983,-0.10000807026458484,-0.7948610863743831,0.6067914231965581,0.00014867020912598562,solved,0,2.3395100582324847e-05,0.023395100582324847,2.419685156412057e-05,0.024196851564120568,23.537875632200574,25,0.6895993079928527,0.001911118126723794,1.911118126723794,0.002088881873276206,2.0888818732762062,0.10093495890062627,0.10093447088342009,0.10566652536523298,1.0468773804055846,1.0468824420477563,13.194874610815383,0.9735993260858233,0.10287685788542138,-0.06258415710037375,0.07894074793531002,-0.006280726368876476,-0.0625835276758524,0.07894079841930246,-0.006278520612759686,-0.04579035519358676,0.09522944751116924,-0.00010139390538288495,-0.6200444105990064,0.7820952105704995,-0.06222548101555234,-0.620041172535959,0.7820994921594184,-0.062203928527167045,-0.43334778952287734,0.90122626046434,-0.0009595650565060235,mpc_1np1s_wadv_60/frames/frame_000069.png
70,31,31,0,0.0055472308465674995,5.5472308465674995,0.094797738482709,0.14754753421045738,1.0831401495622146e-05,0.0,0.0,0.006293607316715072,0.010001384537452834,0.6873580752088623,-0.6400860253553912,-0.1,-0.0005332283252790277,-0.9999992027516296,0.0010992545369411667,-0.0003190660145085013,0.023134046979568272,0.7761694828577939,-0.7050209538777685,-0.10000817783134022,-0.784571634079837,0.6200381686114992,0.00014304612077953074,solved,0,1.9306275923961676e-05,0.019306275923961676,2.0208975359740196e-05,0.020208975359740197,22.59446234092821,25,0.7949611981322995,0.0019191736073386134,1.9191736073386134,0.002080826392661387,2.080826392661387,0.10225466410801452,0.10225323090647037,0.10544384471869221,1.0311886077617824,1.0312030611056218,11.040699222105005,0.9814913974165701,0.10349222650192504,-0.05816319530269268,0.08387825414017114,-0.006123522386712185,-0.058156016893518014,0.0838846474979782,-0.006080036515740406,-0.043256849854067525,0.09616255902977766,-0.00010756675537793026,-0.5688072598943089,0.8202878066429139,-0.059885017863280376,-0.5687450301371164,0.8203618287103938,-0.059460580969825115,-0.4102358935172563,0.9119788763993235,-0.0010201330923099556,mpc_1np1s_wadv_60/frames/frame_000070.png
71,31,31,0,0.005452702126788765,5.452702126788765,0.0813126460858287,0.12421804493305322,9.736571049407235e-06,0.0,0.0,0.005314388290705119,0.009999990443658699,0.6881712016697206,-0.6388438449060606,-0.1,-0.0005332198468873236,-0.9999991731892687,0.001125826456819054,-0.0003190801833076991,0.02323404688400486,0.7761212108847761,-0.7049329002805543,-0.10000828470918513,-0.7754087703725387,0.6314595935265193,0.00014343176266715284,solved,0,2.429727979219779e-05,0.02429727979219779,2.431021152887302e-05,0.02431021152887302,21.633526162974704,25,0.8998563202844393,0.001929868123032017,1.929868123032017,0.002070131876967983,2.0701318769679826,0.09675333040233847,0.09675215315994685,0.1004172832945443,1.0378690105753432,1.0378816389598937,14.002659952060453,0.9702844940253861,0.09743333291285076,-0.06564617861012483,0.07107264236318031,0.0006824114207205743,-0.06564748478021798,0.07106979916160494,0.00068595207267097,-0.04827197301771058,0.08805359721419936,-0.00010687784490759356,-0.6784901185017833,0.7345756685339125,0.007053105230412626,-0.6785118742700448,0.7345552201212012,0.0070897861212140785,-0.4807137918292319,0.8768769112775165,-0.0010643371479598697,mpc_1np1s_wadv_60/frames/frame_000071.png
72,31,31,0,0.0053597504776730824,5.359750477673082,0.09724838588678407,0.14311551120441027,1.2037019133150678e-05,0.0,0.0,0.006136805685039876,0.01000159411650495,0.6891436855285884,-0.6374126897940166,-0.1,-0.0005332100559708948,-0.9999991381736232,0.0011565104593395663,-0.00031909654449042675,0.02333406282516991,0.7760809117585749,-0.7048374506531039,-0.10000836981973826,-0.7647546147728181,0.6443216258248893,0.00014723467659382417,solved,0,1.8181391357773036e-05,0.018181391357773035,2.571772685887288e-05,0.02571772685887288,20.80547517411304,26,0.000631790105671875,0.0019322033159131868,1.9322033159131868,0.0020677966840868135,2.0677966840868134,0.1035569951541256,0.10355942704590962,0.10360819560644673,1.0004944180955129,1.0004709234294575,14.280131175289121,0.9691013265720365,0.10040683980594257,-0.055532058691462036,0.0854731505237651,-0.018291589389153862,-0.05551187208907571,0.08549295359527864,-0.01827407652382762,-0.040299126201293056,0.09544962745045016,-8.511055313298321e-05,-0.5362463309099761,0.825373026675349,-0.17663306435195597,-0.5360388104934799,0.8255448686229038,-0.17645980713785156,-0.38895693497422085,0.9212555714512518,-0.0008214654510177324,mpc_1np1s_wadv_60/frames/frame_000072.png
73,31,31,0,0.005268735101924809,5.2687351019248085,0.09403867781220682,0.13358061938358234,1.1522205312832142e-05,0.0,0.0,0.005828808316958941,0.01000224594426809,0.6900840723067104,-0.6360768836001808,-0.1,-0.0005332007559814863,-0.9999991040435471,0.001185654475311976,-0.0003191120842509529,0.02343408528461259,0.7760178863008353,-0.7047485981288835,-0.10000869688040386,-0.756830671913242,0.6536109818075273,0.00013605862988327086,solved,0,9.750362978792575e-06,0.009750362978792575,3.582233566844115e-05,0.03582233566844115,19.84873563900067,26,0.10342848394251844,0.001945066586043381,1.945066586043381,0.002054933413956619,2.054933413956619,0.10526886817916699,0.10526950854875954,0.10893615723116575,1.0348373561474704,1.0348310610826863,19.154473629521984,0.944637384611374,0.10290516665646184,-0.055454261747037,0.08270836210641655,0.03414214843104962,-0.05545388008443286,0.08270917089903129,0.034142783466986626,-0.0630254577395073,0.08885252422041745,-0.00032706066559196056,-0.5267869096175155,0.7856868183065046,0.3243328157850038,-0.5267800795208168,0.7856897219266624,0.3243368752991956,-0.5785540755377061,0.8156385031268338,-0.003002315061453179,mpc_1np1s_wadv_60/frames/frame_000073.png
74,31,31,0,0.005164296770220923,5.164296770220923,0.09029276492103026,0.12881623642764203,1.2386904408273107e-05,0.0,0.0,0.005538310711417742,0.010000603959209707,0.6909869999559207,-0.6347887212359044,-0.1,-0.0005331919190676806,-0.9999990708275219,0.0012133460036005065,-0.00031912684928589083,0.023534091324204687,0.7759775926101249,-0.7046465131662345,-0.10000874917822283,-0.7465691153740182,0.6653078507333632,0.0001404357822266766,solved,0,1.4253743404421915e-05,0.014253743404421915,1.8392229497114102e-05,0.018392229497114103,19.148699056731605,26,0.21191157541917105,0.0019350240776231718,1.9350240776231717,0.0020649759223768283,2.0649759223768283,0.10943346593993833,0.10945626102326639,0.1097493683133167,1.0028867071938647,1.0026778485516512,9.624026385672055,0.9859260176519107,0.10820475764096113,-0.05280259652387832,0.09515811060927591,0.011511005743937694,-0.05277125148983597,0.09519441274086216,0.011571165728321842,-0.04029369071045785,0.10208496264896283,-5.229781897819752e-05,-0.4825086738352836,0.8695521958657754,0.10518725368942819,-0.48212181739534055,0.8697027639252844,0.105714973452841,-0.3671428030038941,0.9301644667104303,-0.00047652045548814186,mpc_1np1s_wadv_60/frames/frame_000074.png
75,31,31,0,0.005070041039205065,5.070041039205066,0.0864990778867209,0.11811416238900388,1.1419211842046121e-05,0.0,0.0,0.005212251590738398,0.01000099556431652,0.691851990734788,-0.6336075796120143,-0.1,-0.0005331836020394732,-0.9999990388666045,0.0012394072369237993,-0.00031914074482965714,0.023634101279847854,0.7759362283025287,-0.7045473228806073,-0.10000884640046417,-0.7366268499335686,0.6762993890355556,0.00014264319835796422,solved,0,2.5573166404314607e-05,0.025573166404314607,3.80830777968381e-05,0.038083077796838095,18.258017151861626,26,0.32043313757153485,0.0019511689348754911,1.951168934875491,0.002048831065124509,2.048831065124509,0.10464877987556759,0.104650829301591,0.107469661569591,1.0269557055264054,1.0269355941736158,20.610168388727754,0.9359970790053169,0.10059128931082714,-0.05960021947153101,0.08129995374592916,0.028098015753787935,-0.059618864651778125,0.08128056796763428,0.028122167804109366,-0.041364307596158945,0.09919028562721532,-9.722224134089963e-05,-0.5695261764389277,0.7768839143905807,0.2684982642625917,-0.5696931887655069,0.7766834578385761,0.26872379312986316,-0.3848928803909359,0.9229608075297191,-0.0009046482506874209,mpc_1np1s_wadv_60/frames/frame_000075.png
76,32,32,1,0.005909262865639739,5.909262865639739,0.08616813697532724,0.1155825435003354,1.1815110061802633e-05,0.0,0.0,0.005101111090613069,0.010002801920428081,0.6927136721045413,-0.6324517541770109,-0.1,-0.0005331754620040826,-0.9999990069295681,0.0012649127674567203,-0.0003191543438697783,0.023734129299052137,0.7758957796698556,-0.7044488655055231,-0.10000894067272165,-0.7266203202378793,0.6870392205295252,0.00014025542427873898,solved,0,1.3464191481738672e-05,0.013464191481738672,1.5040902842913173e-05,0.015040902842913173,17.408242198844995,26,0.42703399786410823,0.0019650850546669273,1.9650850546669274,0.0020349149453330728,2.034914945333073,0.10521486844067747,0.10523110511688871,0.10644226360264179,1.0116656056330704,1.0115095102765266,8.158148630908938,0.9898801493271588,0.10536508378970388,-0.05189425584933525,0.09127073265399077,-0.006841645389564237,-0.05186035236226516,0.0913119495549175,-0.006798323724535593,-0.040448632673162344,0.09845737508418217,-9.427225747260515e-05,-0.49322169592973836,0.8674699118732565,-0.065025461619255,-0.4928234128555399,0.8677277450758493,-0.06460374731391583,-0.38000537854174726,0.9249838527648387,-0.000885665658375433,mpc_1np1s_wadv_60/frames/frame_000076.png
77,32,32,0,0.005814730308656955,5.814730308656955,0.09558876932755021,0.12392143071227228,1.3715397739364949e-05,0.0,0.0,0.005469895439662216,0.010000182465784248,0.6936695597978167,-0.6312125398698882,-0.1,-0.0005331667331002272,-0.9999989719608686,0.0012922622170185914,-0.0003191689258205545,0.023834131123709978,0.7758604340671851,-0.7043471397973501,-0.10000898035449332,-0.715729219018958,0.6983778787595487,0.00015330305115608987,solved,0,1.175517767685816e-05,0.011755177676858158,2.9226762231728135e-05,0.029226762231728137,16.567406692055012,26,0.5324976874274708,0.001979300646379236,1.979300646379236,0.002020699353620764,2.0206993536207642,0.11385733910754813,0.11385796360199006,0.10769137804896425,0.9458448519268522,0.9458396641048126,14.823270872535495,0.966719558714265,0.1041073614648258,-0.04699855115352355,0.10018245981793457,-0.02679747381655156,-0.04699907437111239,0.10018272420120322,-0.026798221125223787,-0.03534560267048903,0.10172570817301718,-3.968177167412712e-05,-0.4127845558478171,0.8798946172745487,-0.2353600920818905,-0.4127868871377823,0.8798921132245877,-0.23536536468280375,-0.3282120009126299,0.9446040158086318,-0.0003684767749567187,mpc_1np1s_wadv_60/frames/frame_000077.png
78,32,32,0,0.005722470860977246,5.722470860977246,0.09969788028399108,0.12631758495848244,1.6402740420964557e-05,0.0,0.0,0.005338566506228779,0.009970304045031037,0.6946665386006566,-0.6299493640203034,-0.1,-0.0005331582133875995,-0.9999989371104763,0.0013189550216449158,-0.00031918315743716553,0.023933834164160287,0.7758283066879039,-0.7042446915534879,-0.10000906866632424,-0.7043936424963864,0.7098095338135844,0.00014872126661165166,solved,0,3.1057066745720344e-05,0.031057066745720344,4.419054422185389e-05,0.04419054422185389,15.666590247448234,26,0.6382525414777452,0.0019996191224107246,1.9996191224107245,0.0020003808775892755,2.0003808775892753,0.1409505957947693,0.14094912082623984,0.10736768121227391,0.7617398181743503,0.7617477894355604,13.408133286398252,0.9727429711849002,0.10444115723166052,-0.03239482352581162,0.1335064244375875,-0.03152269813202377,-0.032395568104193195,0.1335041526333569,-0.03152495929491239,-0.032127379281154944,0.10244824386218543,-8.831183091750905e-05,-0.22983105068232565,0.9471859532398086,-0.2236435962138273,-0.22983873836382426,0.9471797472077815,-0.22366197894753762,-0.29922765322310274,0.954181395234173,-0.0008225178184011441,mpc_1np1s_wadv_60/frames/frame_000078.png
79,32,32,0,0.005632809000741347,5.632809000741347,-0.07054118156802114,0.09249826508593487,1.5777081899941896e-08,0.0,0.0,0.002424498664400607,-0.0020065324251417075,0.6939611267849765,-0.629024381369444,-0.1,-0.00053315434405273,-0.9999989210479755,0.0013310775019848373,-0.000319189620620594,0.02391376883990887,0.7758257359377577,-0.7042782016444421,-0.10000914290012651,-0.7089364472936038,0.7052723547527475,0.00013899725839856199,solved,0,7.325818405581566e-05,0.07325818405581566,0.0006376731247292306,0.6376731247292305,14.744170989968781,26,0.74302572157022,0.002023088343133688,2.0230883431336877,0.0019769116568663122,1.9769116568663123,0.6349480451620169,0.6349480451620177,0.03360863672823634,0.052931317742163565,0.052931317742163496,93.14086898588901,-0.054791053741923924,-0.0018414526211695955,0.024953339254341334,0.03438089544179687,-0.6335252993714968,0.024953339254341067,0.034380895441832315,-0.6335252993714957,-0.0025707501462024496,-0.03351009095420299,-7.423380227189469e-05,0.039299812708257255,0.05414757270891991,-0.9977592721146861,0.03929981270825678,0.054147572708975654,-0.997759272114683,-0.07649075941371435,-0.9970678437560497,-0.002208771598567313,mpc_1np1s_wadv_60/frames/frame_000079.png
80,32,32,0,0.00565192649432164,5.65192649432164,0.1654017185263889,0.017287624276804307,1.7575384916109963e-06,0.0,0.0,0.004434406054005656,0.01000203274711913,0.6956151439702404,-0.628851505126676,-0.1,-0.0005331472668397513,-0.9999988912894857,0.001353249508003314,-0.00031920144165639133,0.024013789167380062,0.7758095868080158,-0.7041574210966648,-0.10000919117520783,-0.6940175814077838,0.7199580372114637,0.00014612154845529722,solved,0,1.2205606101589293e-05,0.012205606101589293,1.2880383929767456e-05,0.012880383929767456,15.112031085483133,26,0.7153043142716862,0.0020040907888390137,2.004090788839014,0.0019959092111609864,1.9959092111609864,0.11763484303613952,0.11763697037146573,0.12185539562650288,1.0358784224251205,1.0358596897022807,5.826820612948221,0.9948332945673488,0.12122580469192157,-0.026621308488368505,0.11450740127094612,-0.004161404171529961,-0.026620671667032525,0.11450969217241536,-0.004162575735267016,-0.016149129741904744,0.12078054777731051,-4.8275081321325075e-05,-0.22630462030871215,0.9734139844583922,-0.03537560865577475,-0.22629511439279373,0.973415855668713,-0.035384928072550045,-0.13252699774906312,0.9911793167330327,-0.0003961669573441975,mpc_1np1s_wadv_60/frames/frame_000080.png
81,32,32,0,0.0055637063615774284,5.563706361577428,0.07475608415489145,0.09188417315387959,1.084981396659642e-05,0.0,0.0,0.004222106432762994,0.009999621347455735,0.6963627048117893,-0.6279326633951372,-0.1,-0.0005331405282086513,-0.9999988624988414,0.0013743600164585511,-0.00031921269660778836,0.02411378538085462,0.775731437463388,-0.7040726920244652,-0.10000951373269748,-0.6886848340147697,0.725060812219091,0.00013409787806976923,solved,0,2.6733207546712106e-05,0.026733207546712105,4.734682428373626e-05,0.04734682428373626,13.912579198035237,26,0.8279474155661521,0.0020505659379615646,2.0505659379615646,0.0019494340620384355,1.9494340620384354,0.10423893130983175,0.10424232249336207,0.11526681996520514,1.105794337267282,1.1057583638597948,24.244896528418558,0.9117986236668205,0.10510012779872525,-0.051567954575541496,0.08188478082088488,0.03874769065926838,-0.051567774872474104,0.08188574051326558,0.03875502411437859,-0.0781493446277981,0.08472907219958525,-0.00032255748964871156,-0.49470916410553833,0.7855489287154803,0.37171995311519196,-0.49469134646110585,0.7855325798068236,0.37177821049455634,-0.6779864721815744,0.7350690530471985,-0.0027983550664977134,mpc_1np1s_wadv_60/frames/frame_000081.png
82,32,32,0,0.005449881403114123,5.449881403114123,0.07826802891167052,0.09860816280068173,1.3408691956986771e-05,0.0,0.0,0.0043326617980288945,0.010001855341614577,0.697145385100906,-0.6269465817671304,-0.1,-0.0005331336128802704,-0.9999988324910064,0.0013960233004824691,-0.00031922424612088214,0.024213803934270767,0.7756938699084335,-0.703967004560963,-0.10000957166961075,-0.678903809334853,0.7342272113372795,0.00014072138266375925,solved,0,1.7869742708655212e-05,0.017869742708655212,0.00010707067760479442,0.10707067760479443,13.489700336923883,26,0.940413116297855,0.002025318811557686,2.025318811557686,0.001974681188442314,1.974681188442314,0.15084880640425619,0.15084563538476117,0.11216579016567191,0.7435643200588637,0.7435799509848012,45.13538618094528,0.7054339615983636,0.07912555771238071,-0.0516155237572978,0.09464736592758072,0.10551339357550403,-0.051616660369790957,0.09464435064832077,0.10551100879652164,-0.03756755495454289,0.10568746350225755,-5.7936913266942724e-05,-0.34216726660053626,0.6274319842739589,0.6994645571986905,-0.3421819944483817,0.6274251847387691,0.6994634516762468,-0.3349288129567366,0.9422432931302342,-0.0005165292660210242,mpc_1np1s_wadv_60/frames/frame_000082.png
83,32,32,0,0.005355390407891519,5.355390407891519,0.07013386758154544,0.08369477757436085,1.1004565401598951e-05,0.0,0.0,0.003868832749155029,0.010000024257912831,0.6978467237767214,-0.6261096339913867,-0.1,-0.0005331274376544338,-0.9999988052990051,0.0014153674413813593,-0.0003192345590850612,0.024313804176849897,0.7756534071426474,-0.7038649853321346,-0.10000960844513722,-0.6697888242165018,0.7425516205631746,0.00014749128550512887,solved,0,3.74725602835011e-05,0.0374725602835011,0.00012253300388673872,0.12253300388673873,12.721644065645751,27,0.050714085087599295,0.0020457007759209253,2.0457007759209254,0.001954299224079075,1.9542992240790749,0.15015197378116865,0.1501520383258816,0.1097504433623359,0.7309290753798954,0.7309287611809816,53.56057068359688,0.5939726509301485,0.06518876178468579,-0.062038519662223485,0.07138125052248874,0.11662570206582412,-0.06203849559793806,0.07138133305717442,0.11662574745030518,-0.04046276578606456,0.1020192288283539,-3.677552647129989e-05,-0.4131715228241912,0.4753933546456053,0.7767177422242502,-0.4131711849511705,0.47539369996597963,0.7767177105993539,-0.36867974785740637,0.9295564163831416,-0.0003350831700049469,mpc_1np1s_wadv_60/frames/frame_000083.png
84,32,32,0,0.005261478300836233,5.261478300836233,0.07692485086388422,0.0923480803938349,1.3459077428325984e-05,0.0,0.0,0.004113876578959716,0.01001127577808621,0.6986159722853602,-0.6251861531874484,-0.1,-0.0005331208710837723,-0.9999987759742207,0.0014359367994010244,-0.00031924552511992325,0.02441391693463076,0.7756169129518288,-0.703760845102731,-0.1000097122169364,-0.6600036674642389,0.7512623628033764,0.00014549516227071595,solved,0,2.0542019826061217e-05,0.020542019826061218,3.0408360415239822e-05,0.030408360415239824,12.01423339959611,27,0.15929354051400688,0.0020617556092526247,2.0617556092526246,0.0019382443907473754,1.9382443907473754,0.12864658292161404,0.12865258215176775,0.11034955420089211,0.8577729131610861,0.8577329141417147,11.707078938403548,0.9791977486189509,0.10805403503461845,-0.029127924139308186,0.12329626854538751,0.022350335467865325,-0.029115822897440857,0.12331141260535361,0.022317062364801687,-0.036494190818636696,0.10414022940363754,-0.00010377179918141799,-0.22641817200116532,0.9584107540618739,0.17373438889926565,-0.2263135524407412,0.9584837750080032,0.17346765989099924,-0.3307144381589324,0.943730404329949,-0.0009403916484565105,mpc_1np1s_wadv_60/frames/frame_000084.png
85,32,32,0,0.0051701376317948525,5.170137631794852,0.06573711085528627,0.0770697917639424,1.1616309169629002e-05,0.0,0.0,0.003465162483664461,0.009994054703379043,0.6992733433939131,-0.624415455269809,-0.1,-0.0005331153398156718,-0.9999987509453574,0.0014532625903957163,-0.00031925476182421525,0.02451385748166455,0.775576347820752,-0.7036613710960213,-0.10000974975762167,-0.6511311353741188,0.7589652303211215,0.00015398057618818122,solved,0,9.360583746019505e-06,0.009360583746019505,1.0775349607913043e-05,0.010775349607913043,11.263666626633142,27,0.2677011013470934,0.0020822825226482723,2.0822825226482724,0.0019177174773517278,1.9177174773517278,0.1095853941662537,0.10957882301940583,0.10742722783095053,0.9803060768113954,0.9803648631262059,5.5808942464728855,0.995259884477714,0.10691801036079288,-0.04972918711508846,0.09750466627836188,-0.0053671796495914515,-0.04971597748637535,0.09750359100380024,-0.005374921232551011,-0.04056513107675297,0.09947400670962114,-3.754068526873322e-05,-0.4537939338854186,0.8897596894202529,-0.04897714417533435,-0.45370059758326586,0.8898032331167937,-0.04905072973451395,-0.37760567684560387,0.9259664306534585,-0.000349452238754666,mpc_1np1s_wadv_60/frames/frame_000085.png
86,32,32,0,0.0050789519630267685,5.0789519630267685,0.06693433282600574,0.07682151146911725,1.1429746041819845e-05,0.0,0.0,0.0035556983120711215,0.010000164064978266,0.6999426867221732,-0.6236472401551179,-0.1,-0.0005331096638633313,-0.9999987249505036,0.0014710410595191582,-0.00031926423976033017,0.02461385912231433,0.7755371296966705,-0.703561811028559,-0.10000983223643084,-0.642100697175733,0.7666202926736865,0.00014679015258324646,solved,0,1.5958797113786675e-05,0.015958797113786675,3.64084893513845e-05,0.0364084893513845,10.591000723820093,27,0.3741275201580803,0.0020969334545425473,2.096933454542547,0.0019030665454574528,1.9030665454574527,0.10668447550979782,0.10669879855104368,0.1070059582095086,1.0030133971993072,1.0028787546123865,19.591060689171957,0.9421097786115071,0.10081135959887233,-0.05036651165890772,0.08815808871770532,-0.03275581187751209,-0.05037649097250352,0.08815068300727091,-0.03280700923408153,-0.03921812408147485,0.09956006746236756,-8.247880917133799e-05,-0.4721072247693818,0.8263441170464296,-0.3070344745192455,-0.47213737789562726,0.826163782576244,-0.30747308947801294,-0.3665041156370852,0.9304161107313051,-0.0007707870715932608,mpc_1np1s_wadv_60/frames/frame_000086.png
87,33,33,1,0.00591057365543878,5.91057365543878,0.0628845528565383,0.07398582374104234,1.2619269003020612e-05,0.0,0.0,0.0031862917783170948,0.01001063278580807,0.7005715322507385,-0.6229073819177074,-0.1,-0.0005331045774505656,-0.9999987013877678,0.0014869724979099876,-0.0003192727329345079,0.02471396545017241,0.7754503324365917,-0.703471473548242,-0.10001015689766601,-0.6383304751745281,0.7697624205002579,0.00014300015905399614,solved,0,5.025816412872405e-05,0.05025816412872405,5.3527349016189374e-05,0.05352734901618937,9.91231776521063,27,0.4799496703655675,0.002112824682611858,2.112824682611858,0.0018871753173881423,1.8871753173881423,0.12041572429988562,0.12041382159848374,0.12527860995450318,1.0403841415470536,1.040400581025,25.06967589685217,0.9057931820238783,0.11347651075021774,-0.0412387383003083,0.11156895540330944,-0.018753168059799874,-0.041242907841687604,0.11156680093349358,-0.018744596932976365,-0.08679726007887467,0.09033748031694877,-0.0003246612351737177,-0.3424697109956052,0.9265314480478977,-0.15573687048625498,-0.3425097492479795,0.9265281962855537,-0.15566815074999996,-0.6928338373996679,0.7210926138927961,-0.0025915137092566987,mpc_1np1s_wadv_60/frames/frame_000087.png
88,33,33,0,0.005786284003578776,5.786284003578777,0.0419596957996601,0.05702450895876339,1.2135060131764182e-05,0.0,0.0,0.002002335853461048,0.009996420469600817,0.7009911292087352,-0.6223371368281199,-0.1,-0.0005331013809676473,-0.9999986864505593,0.0014969841641013142,-0.00031927807019055225,0.02481392965486842,0.7754043690073785,-0.703365475390148,-0.10001017906529124,-0.631138533503377,0.7756701165790655,0.0001475582103583228,solved,0,4.142577647455369e-05,0.04142577647455369,4.916149834042583e-05,0.04916149834042583,9.631041827246829,27,0.6015981784865595,0.0020829047770547725,2.0829047770547726,0.0019170952229452276,1.9170952229452276,0.12319637484401244,0.12319227060075386,0.11553461315013627,0.9378085458798827,0.9378397896777567,23.48601266998749,0.917157391658555,0.10596342444305919,-0.08288251454609138,0.08721055092688043,-0.02649821435971428,-0.08288189512051236,0.08720662192562845,-0.026494001006308054,-0.04596342921314722,0.10599815809397839,-2.2167625221558573e-05,-0.6727674791651519,0.7078986783280257,-0.21508923775773048,-0.6727848647998309,0.7078903692606734,-0.215062202174768,-0.39783254524268086,0.9174580258146072,-0.0001918699913137886,mpc_1np1s_wadv_60/frames/frame_000088.png
89,33,33,0,0.005684236594692131,5.684236594692131,0.06083789150160038,0.06771977328697018,1.1223693964782472e-05,0.0,0.0,0.003154151537636059,0.009992627322453415,0.7015995081237512,-0.6216599390952502,-0.1,-0.0005330963456442718,-0.9999986627176265,0.0015127549008870083,-0.0003192864775635495,0.024913855928092952,0.7753673589559273,-0.7032535472165472,-0.10001030993001227,-0.622302553710582,0.7827767959713955,0.00013904691495312437,solved,0,1.8753973712836118e-05,0.018753973712836117,4.257711740325205e-05,0.042577117403252054,9.09777804923897,27,0.7163732653413764,0.0020961777282674987,2.0961777282674987,0.0019038222717325014,1.9038222717325015,0.11188966525299993,0.11189547788989666,0.11788840943711926,1.0536130318251935,1.0535582997654251,21.143609992081892,0.9326792573754834,0.10995207416698932,-0.045041605201435006,0.09497600728418926,-0.038342000882323146,-0.04503791099585985,0.09497927979762455,-0.0383551946216143,-0.03701005145118064,0.11192817360083929,-0.00013086472103185365,-0.4025537577540243,0.8488362805397062,-0.34267687543461606,-0.4024998314961077,0.848821432185871,-0.34277698567367654,-0.31394139277891864,0.9494417147136156,-0.0011100728363092885,mpc_1np1s_wadv_60/frames/frame_000089.png
90,33,33,0,0.005586170703308544,5.586170703308544,0.057175133673346416,0.06656982454241671,1.1103798533603274e-05,0.0,0.0,0.003053635334445235,0.009997801996096171,0.7021712594604846,-0.620994240849826,-0.1,-0.0005330914706597866,-0.999998639504059,0.0015280230569644532,-0.0003192946169355222,0.025013833948053912,0.775329518733051,-0.7031433346954049,-0.10001040575242023,-0.6137438636373755,0.7895051956791544,0.00012586932382139445,solved,0,1.880269267464733e-05,0.01880269267464733,5.263805301739264e-05,0.05263805301739264,8.448636646387582,27,0.8317902044583751,0.0021201228052315545,2.1201228052315546,0.0018798771947684456,1.8798771947684456,0.12054579856443559,0.12053939917309307,0.11652764249655796,0.9666669754091033,0.966718295395066,25.579321747185002,0.9019884089694217,0.10510658285642788,-0.05148445684703034,0.09732719771613804,0.04907195573265369,-0.0515130851943546,0.09730538792651622,0.04906944351874831,-0.0378402228763397,0.1102125211422944,-9.582240796668362e-05,-0.4270945770002117,0.8073877221371057,0.40708142728361585,-0.42735475328180833,0.8072496511019347,0.4070821976496266,-0.3247317294474351,0.945805808656516,-0.0008223148251670332,mpc_1np1s_wadv_60/frames/frame_000090.png
91,33,33,0,0.005489253591446425,5.489253591446425,0.045881330495031666,0.05674404261875098,1.1715692020383435e-05,0.0,0.0,0.0022274910509870326,0.009991918680996721,0.702630072765435,-0.6204268004236385,-0.1,-0.0005330879144972143,-0.9999986224237492,0.0015391604969719251,-0.00031930055419812024,0.02511375313486388,0.775287479702311,-0.7030371145556906,-0.10001040882807814,-0.60609682669226,0.795390857478043,0.0001432268006557913,solved,0,2.0047981570003293e-05,0.020047981570003294,7.501014271044519e-05,0.07501014271044519,7.824052466565083,27,0.9461559091974298,0.0021425996885171433,2.1425996885171434,0.0018574003114828568,1.8574003114828568,0.14342883115198862,0.1434796128416631,0.11423658869179076,0.7964687976208672,0.7961869036952066,31.2779115329096,0.8546590498097268,0.09763333434483047,-0.06208248827813424,0.10726562271393589,0.07219196934986988,-0.062058484151417126,0.10728927494318974,0.07227831852074651,-0.04203903073995985,0.1062201397142859,-3.0756579089130653e-06,-0.43284525000658125,0.7478665331956076,0.5033295521551696,-0.43252475332437473,0.747766688369788,0.5037532307848448,-0.36799970325952885,0.929825907186942,-2.6923579775400696e-05,mpc_1np1s_wadv_60/frames/frame_000091.png
92,33,33,0,0.005392094873559402,5.392094873559402,0.06375388641759246,0.06669343025012761,1.0906408714058673e-05,0.0,0.0,0.003340367521344971,0.009999487817759927,0.7032676116296109,-0.6197598661211372,-0.1,-0.0005330825815168578,-0.999998596577465,0.0015558623113551431,-0.00031930945770136323,0.02521374801304148,0.7752542583307924,-0.7029254785371728,-0.10001045634511671,-0.5968507153769558,0.802352292697387,0.0001481798321956024,solved,0,2.500978345569133e-05,0.025009783455691333,5.376813299573062e-05,0.053768132995730626,7.271639831315374,28,0.059139483693879225,0.0021593361371081963,2.1593361371081965,0.0018406638628918038,1.8406638628918037,0.11009862817810334,0.11008350534858598,0.11647429937097398,1.0579087250983445,1.0580540563470537,27.277104438606216,0.8888004394077655,0.10352240846063329,-0.043929992777729375,0.08904403008544785,0.047571255684402056,-0.04393193799734352,0.08903573015228705,0.047549991901985056,-0.03322137151862137,0.11163601851782445,-4.751703856775702e-05,-0.39900581419293535,0.8087660269608803,0.43207855058327727,-0.39907829840838027,0.8088017352858642,0.43194474732081956,-0.2852249096842416,0.9584605283802613,-0.0004079615745651656,mpc_1np1s_wadv_60/frames/frame_000092.png
93,33,33,0,0.0052996267202608536,5.299626720260854,0.04796665766731179,0.05746880208426583,1.173307851693282e-05,0.0,0.0,0.0023740200769754903,0.010008612789169867,0.703747278206284,-0.6191851781002945,-0.1,-0.0005330787912439857,-0.9999985780387737,0.0015677323949713654,-0.0003193157854226239,0.02531383414093318,0.7752145455420592,-0.7028192641511198,-0.1000105028378266,-0.5889456108633371,0.808172657465966,0.00015221435224979803,solved,0,2.0559403960924804e-05,0.020559403960924805,2.0727283156351966e-05,0.020727283156351965,6.609200295255199,28,0.17241828071910645,0.0021864006588557033,2.1864006588557032,0.0018135993411442968,1.8135993411442968,0.11621687999766692,0.11621714242754548,0.11339578279262781,0.9757255813002746,0.9757233780147655,10.232470855479452,0.9840950918696075,0.11159223328493713,-0.05923321678287971,0.09995313199354863,-0.002675935467221374,-0.05928567842050647,0.09992224170307651,-0.0026792053442470376,-0.03971278873327044,0.10621438605296074,-4.649270989032228e-05,-0.5096782565843175,0.860056921125014,-0.023025359717754375,-0.5101285161736582,0.8597891809753636,-0.0230534436511151,-0.35021398287708005,0.9366696312436943,-0.0004100038709141916,mpc_1np1s_wadv_60/frames/frame_000093.png
94,33,33,0,0.005205893545183288,5.2058935451832875,0.040882698660986046,0.04860020693478239,1.0195299841084177e-05,0.0,0.0,0.001997954489241438,0.010000805753342775,0.7041561051928938,-0.6186991760309467,-0.1,-0.0005330756013253515,-0.9999985623275861,0.001577722153134111,-0.00031932111074251104,0.025413842198466607,0.7751584281918458,-0.7026974133323094,-0.10001081846136128,-0.5830077695941353,0.8124665653300608,0.00014426935115824008,solved,0,2.1642435317304916e-05,0.021642435317304917,4.8277541639981813e-05,0.04827754163998181,6.045992981490015,28,0.28424757792480987,0.002205241914247958,2.205241914247958,0.0017947580857520422,1.7947580857520422,0.12383138242700445,0.1238347653453014,0.13415244559068687,1.0833477181744815,1.0833181232799658,21.079063984116004,0.9330850162401605,0.1251756368726433,-0.05816767687191739,0.10030904330387055,-0.043460654304433306,-0.058172590486793574,0.10030619085166226,-0.04347029906742739,-0.05611735021338049,0.1218508188104428,-0.0003156235346829517,-0.46973292013602286,0.8100454128661632,-0.35096639844146366,-0.46975976677134945,0.81000024970345,-0.35103469487114236,-0.41831030337382286,0.9083011366205159,-0.0023527229287042,mpc_1np1s_wadv_60/frames/frame_000094.png
95,33,33,0,0.005090602780527967,5.090602780527967,0.04184103513519405,0.05010958220878662,9.710376976802642e-06,0.0,0.0,0.002207397116796653,0.010000370470114595,0.7045745155442458,-0.6181980802088588,-0.1,-0.0005330720769503874,-0.999998544853382,0.0015887591227542056,-0.00031932699427078884,0.025513845903167753,0.7751527046373573,-0.7025738890942622,-0.10001083620469639,-0.5718420204978008,0.8203637511581835,0.00013920727942679358,solved,0,8.58158020519772e-05,0.08581580205197721,0.00011697417781099837,0.11697417781099836,5.6260873111897185,28,0.4178239324458464,0.0022176569195760994,2.2176569195760996,0.0017823430804239006,1.7823430804239007,0.1273901183029141,0.12741011774138247,0.12365677003684254,0.9706935803513878,0.9705412115530848,55.506958610359675,0.5663061420764636,0.07002758838120073,-0.07190638336175911,0.06889880338656384,0.07943972032278189,-0.07190731844841647,0.06889767610229747,0.07947191884014049,-0.005723554488468174,0.12352423804717905,-1.7743335106734648e-05,-0.5644580939219853,0.5408488845479607,0.6235940540842144,-0.5643768306876084,0.5407551403582109,0.623748884695742,-0.046285815865665,0.9989282269816363,-0.0001434885862007245,mpc_1np1s_wadv_60/frames/frame_000095.png
96,33,33,0,0.005017522803450035,5.017522803450035,0.05019235399358979,0.057751358816669866,1.2152000629911725e-05,0.0,0.0,0.0024909766930958704,0.00999662020488571,0.7050764390841817,-0.6176205666206921,-0.1,-0.0005330680997285402,-0.9999985249880103,0.001601213987972454,-0.00031933363359661814,0.02561381210521661,0.7751516834533132,-0.702449786943848,-0.10001083271750413,-0.5600028622078154,0.8284906605544429,0.00014033216878983463,solved,0,2.825590482021183e-05,0.02825590482021183,6.361159293280039e-05,0.06361159293280039,4.842523472106331,28,0.5276267943696491,0.002274531295501224,2.274531295501224,0.0017254687044987761,1.7254687044987762,0.16012516408247174,0.16011693969957763,0.12410635183766354,0.7750583897840263,0.7750982005434301,21.44583805142119,0.9307636074170614,0.11551367573979476,-0.01451521658905183,0.14892588345071997,-0.05701278714669178,-0.014517881062103832,0.14892623804729777,-0.0569880788350019,-0.0010211840441032294,0.12410215041425143,3.4871922571788616e-06,-0.09064919103892899,0.9300592090198663,-0.35605138938266817,-0.09067048801546716,0.9301091959834067,-0.35591536374556515,-0.008228297979776105,0.9999661465883906,2.8098418860464607e-05,mpc_1np1s_wadv_60/frames/frame_000096.png
97,34,34,1,0.005850878745070033,5.850878745070033,0.034558072417945875,0.03908092052314844,8.882029073470557e-06,0.0,0.0,0.0016266181450769073,0.009995931406919149,0.7054220198083612,-0.6172297574154606,-0.1,-0.0005330655025414961,-0.9999985119321182,0.0016093470666483846,-0.00031933796907727453,0.0257137714192858,0.7751470306147242,-0.7023311116760308,-0.10001074748360504,-0.5492565150727637,0.8356537883847054,0.00016312085400371887,solved,0,3.753533146375824e-05,0.03753533146375824,0.00021687026888315346,0.21687026888315344,4.019888985738019,28,0.635565384088859,0.002335752729853656,2.335752729853656,0.0016642472701463439,1.6642472701463438,0.2436785908160346,0.2437275313042794,0.11876647407088228,0.4873898592123145,0.4872919913286668,62.776054541880285,0.4574695983211341,0.0543320511872239,-0.04110888864485947,0.10979606023513973,0.21362148780802584,-0.04111939551854071,0.10978193695654337,0.21368254759324135,-0.004652838588969921,0.11867526781716986,8.523389909143031e-05,-0.16870127370317348,0.4505773768120252,0.876652672246039,-0.168710507584002,0.4504289538775458,0.8767271651657248,-0.039176363745487726,0.9992320538735705,0.0007176595900334716,mpc_1np1s_wadv_60/frames/frame_000097.png
98,34,34,0,0.005777397827830661,5.777397827830661,0.04050069660529554,0.040567554954214415,4.787763232016494e-06,0.0,0.0,0.002431774865169661,0.01000554414563534,0.7058270267744141,-0.6168240818659184,-0.1,-0.000533061619711859,-0.9999984922903505,0.0016215059227617414,-0.00031934445053012205,0.025813826860742153,0.7751458846038642,-0.7022121209633886,-0.10001072913360409,-0.5380292715683227,0.8429261397643506,0.00016074088071735152,solved,0,5.988874378797754e-05,0.05988874378797754,0.00011943435718193475,0.11943435718193475,3.2798633942060302,28,0.74063976087312,0.002391143433735469,2.391143433735469,0.001608856566264531,1.608856566264531,0.12861570229271815,0.128600337821266,0.11899623259882802,0.9252076572112707,0.9253181960082706,57.52874610984581,0.5368763992223429,0.06388626887868318,-0.03373420721759483,0.06874497670697884,-0.10333503915519852,-0.03373495464542575,0.06874509218179892,-0.10331559429113679,-0.0011460108599870011,0.11899071264220851,1.8350000949296508e-05,-0.2622868484659728,0.5344990967784109,-0.8034403056013874,-0.2623239970979856,0.5345638537695262,-0.8033850924616467,-0.009630648256323772,0.9999536123413408,0.00015420657064967646,mpc_1np1s_wadv_60/frames/frame_000098.png
99,34,34,0,0.005708152049103509,5.708152049103509,0.023453810672952907,0.03342590863579847,6.21095099529589e-06,0.0,0.0,0.0013878814796048815,0.010000521599009658,0.7060615648811437,-0.6164898227795604,-0.1,-0.0005330594036377816,-0.9999984810139826,0.0016284453196580566,-0.00031934814965418033,0.02591383207673225,0.7751393287162431,-0.7020995452506095,-0.10001071292041187,-0.5282109845956912,0.8491131424582626,0.0001644904393433206,solved,0,5.890029314510892e-05,0.05890029314510892,7.951394081055687e-05,0.07951394081055688,2.5136488899952667,28,0.8442228444469659,0.002449687345066029,2.449687345066029,0.001550312654933971,1.550312654933971,0.10874357847023747,0.10873259641149075,0.1127664446238085,1.03699405712193,1.0370987941560041,42.02244346080968,0.7428826617906799,0.08377223654280616,-0.05403791451915065,0.07776597081056015,0.05345580826088748,-0.05405928582491448,0.0777522768247163,0.053431775069306964,-0.006555887621106926,0.11257571277911715,1.62131922193387e-05,-0.4969297063728737,0.7151316142483235,0.4915766890595572,-0.49717644578568676,0.7150779011150288,0.4914053083685984,-0.05813686547427757,0.9983086117033517,0.0001437767438126323,mpc_1np1s_wadv_60/frames/frame_000099.png
100,34,34,0,0.005639611236324968,5.639611236324968,0.02827435595748637,0.03669460786935728,6.424604265375724e-06,0.0,0.0,0.0016602703106245193,0.010058667884476371,0.7063443084407186,-0.6161228767008669,-0.1,-0.0005330567525981563,-0.9999984674612293,0.0016367466585453369,-0.0003193525747566851,0.026014418755577015,0.7751354720505377,-0.7019865131653852,-0.1000106745911013,-0.5180033733965564,0.8553785569485213,0.00017164630237574677,solved,0,0.00017268033132201283,0.17268033132201283,0.00021460013975406188,0.2146001397540619,1.8487506825519473,28,0.9449633651046448,0.0025003876320933123,2.5003876320933123,0.0014996123679066877,1.4996123679066877,0.1983351440055919,0.1983348529266302,0.11309786748497842,0.5702361427271292,0.5702369796135458,82.218081281662,0.13540290756065076,0.015313780096375264,-0.15040466728323026,0.0216957426194175,0.1274541492432933,-0.15040444470970638,0.021696192529230274,0.1274538823525101,-0.0038566657054595055,0.11303208522428498,3.8329310572682296e-05,-0.7583359370691749,0.10938930025838388,0.6426200958096453,-0.7583359278025902,0.10939172923508468,0.6426196932702443,-0.034100251324117536,0.9994183598492502,0.00033890391945518483,mpc_1np1s_wadv_60/frames/frame_000100.png
101,34,34,0,0.005574534108448707,5.574534108448708,0.018686762170435776,0.02464337073604694,5.282398637776165e-06,0.0,0.0,0.0009735895733951396,0.010000445685416913,0.706531176062423,-0.6158764429935064,-0.1,-0.0005330551980001553,-0.9999984594817836,0.0016416145989325817,-0.00031935516964538304,0.026114423212431185,0.7751292458049636,-0.701877754379511,-0.10001060020057564,-0.5086069038163608,0.8609988288227572,0.00018481389403737577,solved,0,2.528672236942932e-05,0.02528672236942932,5.174890160913554e-05,0.05174890160913554,1.1628652171591296,29,0.04474593325530805,0.00255362657989684,2.55362657989684,0.00144637342010316,1.4463734201031602,0.1141640642097863,0.11416378634453649,0.10893688618973088,0.9542134553790059,0.954215777855937,26.69181475797676,0.8934355686643487,0.09732808886144564,-0.03009520300517318,0.10041143526109031,0.04522450642938507,-0.030095352202774706,0.10041108697333989,0.04522447900356941,-0.006226245574114664,0.10875878587413013,7.4390525656165e-05,-0.26361362670017296,0.8795362705078164,0.39613609363346725,-0.26361557518729734,0.8795353604540399,0.3961368175638974,-0.05715461302309182,0.9983651055043875,0.0006828772903110347,mpc_1np1s_wadv_60/frames/frame_000101.png
102,34,34,0,0.005511244114331819,5.511244114331819,0.013805131649978328,0.020867521912830558,4.6045548027398774e-06,0.0,0.0,0.0007369397031551476,0.010000140976654527,0.7066692273789228,-0.6156677677743781,-0.1,-0.0005330540212690171,-0.9999984534261401,0.0016452992917608596,-0.00031935713379091204,0.02621442462219773,0.7751281464032223,-0.7017598151978744,-0.1000107256548029,-0.4988630153867538,0.8666808280400063,0.0001848976055165348,solved,0,1.1384996923285736e-05,0.011384996923285736,8.203186177393473e-05,0.08203186177393472,0.53667494774441,29,0.14201548959253826,0.0026026757988444693,2.6026757988444693,0.0013973242011555307,1.3973242011555307,0.1343393518974817,0.13433914067633054,0.11794437243066867,0.8779584743022691,0.8779598547145502,37.23753241512846,0.796133695905675,0.09389948913450366,-0.0036163286895695983,0.1068365339487306,-0.08136300540704079,-0.003616574729026212,0.10683593908800137,-0.08136342682107944,-0.00109940174131129,0.117939181636606,-0.00012545422725662725,-0.026919354891106848,0.7952735549168102,-0.605652805807276,-0.026921228696406445,0.7952703772715513,-0.6056568950155197,-0.009321358184830328,0.9999559894723614,-0.0010636728541700716,mpc_1np1s_wadv_60/frames/frame_000102.png
103,34,34,0,0.005449101714459113,5.449101714459113,0.008090410762673741,0.019095436008214513,3.832446407603183e-06,0.0,0.0,0.000581953301035393,0.010000186790353147,0.7067501314865495,-0.615476813414296,-0.1,-0.0005330530920120693,-0.99999844863447,0.0016482090537588985,-0.0003193586848522966,0.026314426490101264,0.7751292691540397,-0.7016475934212103,-0.10001066020411321,-0.4896599289210727,0.8719134811518048,0.00018813492823483268,solved,0,6.77676836953554e-05,0.06776768369535541,0.00010284606793240097,0.10284606793240096,0.12116544985738129,29,0.24466947689973678,0.0026607633998242098,2.66076339982421,0.0013392366001757903,1.3392366001757903,0.12023103006030487,0.120255929504902,0.11222741202953997,0.9334313444145784,0.9332380739276995,52.366471430443895,0.6106086945746529,0.0685270335548491,-0.05485150477902795,0.07401163449054979,-0.0772598923949255,-0.05484857246385033,0.07401614980662163,-0.07729639220280249,0.0011227508174282974,0.11222177666414535,6.545068968744072e-05,-0.4562175401102012,0.6155784779804964,-0.6425952797391312,-0.45609869458964625,0.615488567685176,-0.6427657456978173,0.010004247599800058,0.9999497861948992,0.0005831969970956214,mpc_1np1s_wadv_60/frames/frame_000103.png
104,34,34,0,0.005393586335490743,5.393586335490744,0.0018842309937300602,0.012374438498165158,3.7234071389031193e-06,0.0,0.0,9.265766021554573e-05,0.010001827736227816,0.7067689737964868,-0.6153530690293144,-0.1,-0.0005330529440568696,-0.9999984478707666,0.0016486723413410697,-0.00031935893180952375,0.026414444767463543,0.7751247360583902,-0.7015353294840475,-0.10001059466979281,-0.48119066911135616,0.876615938569846,0.00019027735911369026,solved,0,4.1341742280265224e-05,0.04134174228026522,4.134583426514967e-05,0.04134583426514967,0.7197961768182134,29,0.3412561580319865,0.002717903640838397,2.7179036408383968,0.0012820963591616032,1.2820963591616032,0.09360165760324675,0.09360170121186648,0.11235543973571724,1.2003573720025658,1.2003568127613609,20.699654157950295,0.9354461644161305,0.10510246515206438,-0.03658565498173944,0.0861530115478656,0.0006471142603132323,-0.03658559809738282,0.08615308230131014,0.000647218352634038,-0.004533095649517094,0.11226393716279315,6.553432040090623e-05,-0.3908654602765326,0.9204218574103246,0.006913491458198129,-0.3908646704462316,0.9204221844889714,0.006914600314465076,-0.040346027394666896,0.9991855973049518,0.0005832767915381421,mpc_1np1s_wadv_60/frames/frame_000104.png
105,34,34,0,0.005334869968317591,5.334869968317591,-0.005653574762248608,0.014459451148378048,2.9755492912280593e-06,0.0,0.0,3.063133670292603e-05,0.010348790786831501,0.7067124380488644,-0.6152084745178307,-0.1,-0.0005330528951449085,-0.9999984476182497,0.0016488254977868463,-0.00031935901345014114,0.026517932675331857,0.7751147849769633,-0.7014246289966565,-0.10001048519807915,-0.47366367176967117,0.8807057875520291,0.00020449458022898486,solved,0,0.0005295851545575832,0.5295851545575831,0.0005320032665590119,0.5320032665590119,1.2741626901365577,29,0.44071310724429025,0.0027701737468747083,2.770173746874708,0.0012298262531252918,1.229826253125292,0.4911511103055591,0.49115062925599395,0.1111469024050296,0.2262987908871507,0.22629901253185286,105.64598588914058,-0.26969277317699286,-0.02997551633964501,-0.4565129510795228,-0.1739809065253166,-0.05055672868845296,-0.45651266779478394,-0.17398036111893056,-0.05055649024976461,-0.009951081426873287,0.11070048739103555,0.00010947171366626485,-0.9294755554874203,-0.35423091361246867,-0.10293518151063566,-0.92947588906955,-0.3542301500915919,-0.10293479685926234,-0.08953089300330319,0.9959835586567471,0.0009849281563182012,mpc_1np1s_wadv_60/frames/frame_000105.png
106,34,34,0,0.005273819246171531,5.273819246171531,-0.002528298229093973,0.005535312567444837,2.92484178400508e-06,0.0,0.0,-0.00025227854559107014,0.0099959871837317,0.7066871550665734,-0.6151531213921563,-0.1,-0.0005330532979816215,-0.9999984496972707,0.0016475641070157424,-0.0003193583410608415,0.026617892547169175,0.775106968170993,-0.7013180124441578,-0.10001049059850455,-0.46622426260683114,0.8846665465376314,0.0001959436077744046,solved,0,4.311554860399613e-05,0.04311554860399613,4.390095031754968e-05,0.04390095031754968,1.7647541342157664,29,0.5415276532543606,0.002816969704034077,2.816969704034077,0.001183030295965923,1.1830302959659231,0.11723605729627916,0.11723577297778627,0.10690272097304898,0.9118587185415511,0.9118609299680637,21.97138439638043,0.9273708311282366,0.09913846519864641,-0.05091144104085591,0.10528086197247039,0.008261864429627157,-0.05091164799719827,0.1052804678834951,0.008261576492460398,-0.007816805970284335,0.10661655249866175,-5.4004253985384665e-06,-0.4342643570159685,0.8980245873196198,0.07047204264766223,-0.4342671754878519,0.8980234036879131,0.07046975750333301,-0.07312073910873619,0.9973230945687588,-5.0517193102128394e-05,mpc_1np1s_wadv_60/frames/frame_000106.png
107,34,34,0,0.005218163232426003,5.218163232426003,0.004530938565215543,0.015337825689961311,2.0770807592363363e-06,0.0,0.0,0.0005211473042401059,0.009997924829948832,0.7067324644522256,-0.6149997431352566,-0.1,-0.0005330524658161193,-0.9999984454007579,0.0016501698394916664,-0.00031935973005620366,0.026717871795468664,0.7751023301635601,-0.7012111672051863,-0.10001035379995543,-0.4583100816921625,0.88879234011753,0.00021252700563539174,solved,0,7.99641911417402e-05,0.07996419114174019,0.0002156458329295231,0.2156458329295231,2.247628778417059,29,0.6377388486805675,0.0028635778158935758,2.8635778158935756,0.0011364221841064243,1.1364221841064244,0.23252073468643034,0.23245521022680982,0.10694594390473255,0.45994153617721995,0.4600711844676826,67.57910369922242,0.38140754148973416,0.040789989537003066,-0.08170240302840608,0.08547849679707127,-0.2002099797308174,-0.08169566199800471,0.08548195884239274,-0.20013515004807525,-0.004638007432888891,0.10684523897153131,0.00013679854911352596,-0.35137684877259306,0.3676166640035122,-0.8610414034723133,-0.35144689559030795,0.36773518115161535,-0.8609622036554937,-0.04336777313425208,0.9990583566844671,0.0012791373297465689,mpc_1np1s_wadv_60/frames/frame_000107.png
108,34,34,0,0.00516688707612543,5.1668870761254295,-0.01093624890680488,-0.0005016720838010471,9.359936875997872e-07,0.0,0.0,-0.0005265135458886028,0.00999976725964384,0.7066231019631576,-0.6150047598560946,-0.1,-0.0005330533065503915,-0.9999984497414766,0.0016475372758490959,-0.0003193583267583774,0.0268178694680651,0.7750912011843378,-0.7011095136898055,-0.10001023943269739,-0.45189475256919887,0.892071230909492,0.00022712121467457477,solved,0,3.304990567947475e-05,0.03304990567947475,3.853234311281269e-05,0.038532343112812686,2.758890646686454,29,0.7325572708638192,0.0029130515098961967,2.9130515098961967,0.0010869484901038034,1.0869484901038033,0.09968326141141856,0.09968417775625421,0.10226096248168264,1.0258589158677829,1.0258494856799556,21.95927739846253,0.9274498695506421,0.09484191631375968,-0.041458954915549476,0.08848693859634069,-0.019696937852749577,-0.04144612348411236,0.08849422097612081,-0.019695862431223787,-0.011128979222285729,0.10165351538082845,0.00011436725803892767,-0.41590688675842635,0.8876810142791399,-0.1975952388982863,-0.4157743426991554,0.8877459088091707,-0.19758263422088632,-0.1088292047346923,0.9940598339179235,0.00111838628606115,mpc_1np1s_wadv_60/frames/frame_000108.png
109,34,34,0,0.005113595853584402,5.113595853584402,0.0023636339410675537,0.014599959749254116,1.078425460038528e-06,0.0,0.0,0.0005506828985311065,0.009989926691350954,0.7066467383025683,-0.6148587602586021,-0.1,-0.0005330524272225257,-0.9999984452013329,0.0016502906860669981,-0.00031935979447386643,0.02691776873497861,0.7750748481885609,-0.7010127548629943,-0.10001019589995795,-0.44660083420186186,0.8947332806116768,0.00022683929917719013,solved,0,3.190588449231099e-05,0.03190588449231099,4.595614882660832e-05,0.045956148826608326,3.171546400104734,29,0.8261300738277473,0.0029542854446856556,2.9542854446856555,0.0010457145553143445,1.0457145553143445,0.1157216127605573,0.11572161276066054,0.0981309988324315,0.847991973940745,0.8479919739399885,22.981034091972855,0.9206341418762471,0.09034274790155458,-0.048100534788060374,0.09993360742907179,-0.03303186823688817,-0.04810053478809806,0.09993360742921453,-0.03303186823676307,-0.016352995776958146,0.09675882681114967,4.3532739441021207e-05,-0.4156573144861581,0.8635690865789012,-0.28544251543776267,-0.415657314486113,0.8635690865793644,-0.285442515436427,-0.16664454628534378,0.9860169361607646,0.0004436186318184504,mpc_1np1s_wadv_60/frames/frame_000109.png
110,34,34,0,0.005058995616518307,5.058995616518307,-0.012906202059615565,-0.0008281414077483982,1.2781804600613376e-06,0.0,0.0,-0.000655758954831309,0.009999640042010368,0.7065176762819722,-0.6148670416726796,-0.1,-0.0005330534743348855,-0.999998450606922,0.0016470118963818425,-0.0003193580467026371,0.027017765135398716,0.7750345825574685,-0.7009309280520345,-0.10001030667705404,-0.4460910564941033,0.8949875569536749,0.00020546062147515736,solved,0,6.9743174010827545e-06,0.0069743174010827545,4.399738811037583e-05,0.043997388110375825,3.5110973532941503,29,0.9180746475765768,0.0029885599009599304,2.98855990095993,0.0010114400990400697,1.0114400990400698,0.10730477720617707,0.1072667453490216,0.09119737008644983,0.8498910529511822,0.8501923852514992,23.937797147154452,0.9139864906271357,0.08335316423973842,-0.04406908760296285,0.0876794779897941,0.04341128734035532,-0.04406734952899782,0.08767386493080398,0.04333032161611683,-0.040265631092384346,0.08182681095980637,-0.00011077709609341735,-0.41069082617158625,0.817106938504009,0.4045606213500094,-0.41082023497228976,0.8173443190201507,0.4039492526330487,-0.44152184491959423,0.897249678167685,-0.0012146961692909243,mpc_1np1s_wadv_60/frames/frame_000110.png
111,35,35,1,0.00582041256206715,5.82041256206715,-0.01041238952192748,0.0011078580322152472,1.3323462869680669e-06,0.0,0.0,-0.0004886378355840766,0.01000618925594759,0.7064135523867529,-0.6148559630923575,-0.1,-0.0005330542545854182,-0.9999984546278992,0.0016445687109844693,-0.00031935674435120423,0.027117827027958192,0.7749917115922724,-0.7008515126134314,-0.10001040297333967,-0.4461626993595656,0.8949518469397616,0.0001932855278076779,solved,0,1.521664199500901e-05,0.01521664199500901,0.00022058618854231242,0.22058618854231243,3.5436398681005623,30,0.00907581312312623,0.0029946605021606326,2.9946605021606327,0.0010053394978393674,1.0053394978393675,0.23604075080305215,0.23603450351308952,0.09024821781256068,0.3823416825506628,0.3823518022548592,69.10045206711929,0.35673062837947334,0.03219430345040235,-0.027733487363494125,0.08098411067645801,0.21997196079562206,-0.02773555707635822,0.08098566618353065,0.21996442347603506,-0.04287096519606237,0.07941543860312539,-9.629628562601855e-05,-0.11749448885050535,0.34309376834693084,0.9319236616865467,-0.11750636734692527,0.34310943941735833,0.9319163944344125,-0.4750339257125543,0.8799668351131961,-0.0010670159251900053,mpc_1np1s_wadv_60/frames/frame_000111.png
112,35,35,0,0.005744622515145691,5.744622515145691,-0.026895659724430265,-0.005465755843456035,1.0646701057080622e-06,0.0,0.0,-0.0013031216754218688,0.009999627790349927,0.7061445957895085,-0.614910620650792,-0.1,-0.000533056335377582,-0.9999984653220383,0.001638053112641537,-0.0003193532711716588,0.027217823305861692,0.7749471900067356,-0.7007716491221074,-0.10001047350187124,-0.44668177189882213,0.8946928872086966,0.0001795313209583679,solved,0,5.927413742877078e-05,0.05927413742877078,0.00024039035881575315,0.24039035881575316,3.5390409339572027,30,0.09928358804581315,0.0029972997396444105,2.9972997396444105,0.0010027002603555896,1.0027002603555895,0.26328548394023565,0.26329452922447133,0.09143497033101596,0.34728451019263634,0.3472725794961855,65.59084671602517,0.4132499107684492,0.03778549333040815,-0.10251817762909765,0.06762195340810126,0.2328873992437664,-0.10251800891691865,0.06762264809156981,0.23289749769443702,-0.0445215855368053,0.07986349132393933,-7.052853157052397e-05,-0.38938028825154947,0.25683889744354865,0.8845432560825517,-0.3893662706129267,0.25683271236493577,0.884551222467219,-0.48692076320063055,0.8734458056344835,-0.0007713518286843011,mpc_1np1s_wadv_60/frames/frame_000112.png
113,35,35,0,0.005667588278967639,5.6675882789676395,-0.011686639711230688,-0.000753164269988629,1.277048084996454e-06,0.0,0.0,-0.0006068199272357095,0.010000259347535343,0.7060277293923962,-0.6149181522934919,-0.1,-0.0005330573043247723,-0.9999984702874518,0.0016350190176541892,-0.00031935165382415557,0.027317825899337046,0.774903960383947,-0.7006938213788687,-0.10001061921760082,-0.4477716262679081,0.8941479448253387,0.00015321232270030968,solved,0,6.7326077796585834e-06,0.006732607779658583,1.2995162830966174e-05,0.012995162830966174,3.505795010962364,30,0.1907070892488675,0.0029987316829070297,2.99873168290703,0.0010012683170929704,1.0012683170929704,0.09625004953230595,0.09624900214453674,0.08902796828609011,0.9249654282640988,0.9249754937967789,6.697873231176635,0.9931749795691792,0.08842035058362308,-0.04519462594773729,0.08426707867008558,0.010980768316701181,-0.045195263633113214,0.0842670183209826,0.010969420323955759,-0.04322962278857645,0.0778277432387231,-0.0001457157295797762,-0.4695543136584869,0.8755016655009789,0.11408584587808995,-0.46956604874971763,0.8755105657556757,0.11396918492186572,-0.48557350707654784,0.8741943092380224,-0.0016367410420006529,mpc_1np1s_wadv_60/frames/frame_000113.png
114,35,35,0,0.005593074330738333,5.593074330738333,-0.008167334088697636,0.007401401507922449,3.5276367369659563e-07,0.0,0.0,-1.283303114064128e-06,0.01000611117409024,0.7059460560515093,-0.6148441382784127,-0.1,-0.0005330573063738971,-0.9999984702979429,0.0016350126011484341,-0.0003193516504037851,0.02741788701107795,0.7748527715595777,-0.700602803317346,-0.10001076368838478,-0.4486602394599587,0.893702396237521,0.0001284018915053951,solved,0,1.910821650997997e-05,0.01910821650997997,7.830726250735828e-05,0.07830726250735828,3.435977981667792,30,0.2797206078692815,0.003000264924550545,3.000264924550545,0.0009997350754494551,0.9997350754494552,0.14154723997386817,0.14154726072405316,0.10442511257103121,0.7377403656214682,0.7377402574720842,32.94489050330254,0.8391940367100803,0.08763293175238822,-0.047397183892798435,0.10974682804593504,0.07579420714743335,-0.04739645664808556,0.10974616567815954,0.0757956597347842,-0.05118882436938588,0.09101806152267411,-0.00014447078396095936,-0.33485063998103176,0.7753371105377683,0.5354693398573235,-0.3348454530708659,0.7753323173954602,0.5354795235673834,-0.49019649688734235,0.871610853766258,-0.001383486983197539,mpc_1np1s_wadv_60/frames/frame_000114.png
115,35,35,0,0.005505914536800436,5.505914536800437,-0.014676661875566988,-0.00034344995518271023,2.082651968089065e-06,0.0,0.0,-0.0007893532721695751,0.00999264119721892,0.7057992894327536,-0.6148475727779645,-0.1,-0.0005330585667760965,-0.9999984767431671,0.001631065840812239,-0.0003193495465486526,0.02751781342305014,0.7748062114871489,-0.7005204859980003,-0.10001079009180203,-0.4496513119111916,0.8932041665258211,0.00012081993875269636,solved,0,8.187910970710782e-06,0.008187910970710782,2.2159125049302218e-05,0.022159125049302217,3.379072035468711,30,0.38414547169025615,0.003001510224974413,3.001510224974413,0.000998489775025587,0.9984897750255871,0.10429126102361173,0.10428527117633547,0.09457262873567646,0.9068125920374578,0.9068646767553976,11.543698194619006,0.9797723662233258,0.09265964823631383,-0.05293498830502751,0.0874468306506741,-0.020678635066029953,-0.052937299291677675,0.08745277099120319,-0.02061729793123579,-0.04656007242875848,0.08231731934571496,-2.640341724424733e-05,-0.5075687817509746,0.8384866554722737,-0.19827773547918143,-0.5076200952881087,0.8385917781556104,-0.19770095717902575,-0.4923208020249756,0.8704137808814199,-0.00027918666951769883,mpc_1np1s_wadv_60/frames/frame_000115.png
116,35,35,0,0.005427374486015172,5.4273744860151725,-0.012552247068833802,0.001226337486610536,1.5017808441597736e-06,0.0,0.0,-0.0005700488445167352,0.009999519410497938,0.7056737669620653,-0.6148353094030984,-0.1,-0.0005330594769981313,-0.9999984813880411,0.0016282156009246877,-0.0003193480272002552,0.02761780861715512,0.7747599197452534,-0.7004388055011423,-0.10001086916438415,-0.4505672171456706,0.8927425002489278,0.00010527535067942301,solved,0,3.775978802313124e-06,0.0037759788023131236,0.0001566449540106837,0.1566449540106837,3.315444581907487,30,0.47870758320189605,0.003002405827739079,3.002405827739079,0.0009975941722609209,0.9975941722609208,0.1844169104854623,0.18441691048559922,0.09388628860041263,0.5090980450397132,0.5090980450393352,58.124171300259135,0.5280801330639949,0.049579483776990535,-0.04897972736132818,0.08433243012493659,0.1565203642017091,-0.04897972736117584,0.08433243012484493,0.15652036420196747,-0.0462917418955211,0.08168049685797207,-7.907258212092039e-05,-0.26559238647037897,0.457292283570625,0.8487310832270325,-0.2655923864693557,0.45729228356978846,0.8487310832278034,-0.4930617940660362,0.869993883831223,-0.0008422165078594112,mpc_1np1s_wadv_60/frames/frame_000116.png
117,35,35,0,0.005349872134362043,5.349872134362043,-0.0068390704593554105,0.005737257598937243,1.5129916474441579e-06,0.0,0.0,-0.00017795120417770838,0.010001331558016208,0.7056053762574718,-0.614777936827109,-0.1,-0.0005330597611397503,-0.99999848283636,0.001627325846254349,-0.0003193475529072496,0.02771782193273528,0.7747140080774031,-0.7003579189076428,-0.10001083069173533,-0.451170078325173,0.8924379817361375,9.580598395870107e-05,solved,0,3.966568611593943e-06,0.003966568611593943,7.592142301758714e-05,0.07592142301758714,3.256609673898862,30,0.5725893196118202,0.00300321580540674,3.00321580540674,0.00099678419459326,0.9967841945932601,0.12030280532291694,0.12031965667943335,0.09300819175162306,0.773117397403746,0.7730091185301833,39.112671219246124,0.7759069112993487,0.07216569878753941,-0.042622129894789355,0.08310358168699584,0.07582818554197487,-0.04262181519465447,0.08310256643595526,0.07585620676468785,-0.045911667850284665,0.08088659349958505,3.847264881673418e-05,-0.3542904072800545,0.6907867315639823,0.6303110333831099,-0.35423817164149174,0.6906815455546448,0.630455645055495,-0.4936303672357277,0.8696717136012218,0.0004136479603804662,mpc_1np1s_wadv_60/frames/frame_000117.png
118,35,35,0,0.005273584631498546,5.2735846314985455,-0.014618103277779992,0.0005532331546908498,1.7552548970163184e-06,0.0,0.0,-0.0007006039849854942,0.009999478793372192,0.705459195224694,-0.6147724044955621,-0.1,-0.0005330608798173205,-0.9999984885307793,0.0016238228316340986,-0.0003193456855863258,0.027817816720669002,0.7746683411586951,-0.7002784051139394,-0.10001089651142961,-0.4500259085192286,0.8930154948591503,8.719466648866682e-05,solved,0,6.683458209490504e-06,0.006683458209490504,0.00014900823936342788,0.14900823936342789,3.2180245638165212,30,0.665594319834146,0.003003958858665103,3.003958858665103,0.000996041141334897,0.996041141334897,0.1779815726416887,0.1780459560435727,0.09169468460943533,0.5151920125688206,0.515005713395676,56.73153606182026,0.5485626997067176,0.05030028373810785,-0.0457407442085017,0.086197468633507,-0.14884629965315463,-0.04573922749484538,0.08619686074462507,-0.1489240972086664,-0.04566691870799833,0.07951379370341183,-6.581969427821299e-05,-0.2569970785716489,0.4843055792468986,-0.8363017442980515,-0.2568956269001232,0.48412703472765395,-0.8364362803737065,-0.4980323439958615,0.867158156899641,-0.0007178136285496332,mpc_1np1s_wadv_60/frames/frame_000118.png
119,35,35,0,0.0051986368674637505,5.19863686746375,-0.021856021187371445,-0.004726003772769231,4.796293242983335e-06,0.0,0.0,-0.0015849585387693454,0.009989058299453953,0.7052406350128203,-0.6148196645332898,-0.1,-0.0005330634105489376,-0.9999985013678374,0.001615898050867425,-0.00031934146117933225,0.027917707303663542,0.7746229012554431,-0.7002005177470937,-0.10001082851761041,-0.4461893266044231,0.8949385873422668,9.853993738901297e-05,solved,0,1.684612219135137e-05,0.01684612219135137,0.0003508150493984096,0.35081504939840963,3.291390364300716,30,0.7572900307140563,0.0030042247616028786,3.0042247616028788,0.0009957752383971214,0.9957752383971215,0.36636588273061876,0.36636632874230907,0.09017334054399,0.2461291970526977,0.24612889741681251,73.03042078707078,0.2918639203207014,0.026318344679582568,-0.056719802594476,0.09039939583169446,0.35047792121030075,-0.05671976252419331,0.09039962514245659,0.35047833477894197,-0.045439903252009195,0.07788736684566366,6.799381919997405e-05,-0.15481737047054925,0.2467462176279205,0.9566336215536747,-0.15481707262483793,0.2467465431465481,0.9566335857940094,-0.5039172662106477,0.863751596378613,0.0007540346047932434,mpc_1np1s_wadv_60/frames/frame_000119.png
120,35,35,0,0.005125104476344794,5.125104476344793,-0.009366862700815963,0.0017511907851953674,1.7531022296070212e-06,0.0,0.0,-0.0004671696165224571,0.010002117390570985,0.7051469663858121,-0.6148021526254379,-0.1,-0.0005330641564806231,-0.9999985051396018,0.0016135622062809839,-0.00031934021602331565,0.028017728477569254,0.774577693386197,-0.7001228576845658,-0.10001076220149915,-0.442045621201394,0.896992562944971,0.00010391383885344949,solved,0,1.3665660670204853e-06,0.0013665660670204853,2.5076924940867436e-05,0.025076924940867436,3.5373068996069263,30,0.84746406355522,0.003003874968053014,3.0038749680530143,0.000996125031946986,0.9961250319469859,0.0944536572455211,0.09445077331848008,0.08986011991662288,0.9513672899191414,0.9513963386368697,15.388527065682394,0.9641485599895392,0.08663850521809927,-0.045226763446845626,0.07902455682941274,0.025122751702239182,-0.045226660826180876,0.07902649938773543,0.02510597788361879,-0.04520786924611109,0.07766006252785118,6.631611125518244e-05,-0.4788249048873144,0.8366489888686657,0.2659796606597833,-0.4788384386613795,0.8366951017040878,0.26581018875264834,-0.5030915748616562,0.864232794257435,0.0007379926859291324,mpc_1np1s_wadv_60/frames/frame_000120.png
121,35,35,0,0.005052414736636342,5.052414736636342,-0.01351385382237444,3.2373746226761024e-05,2.3633562258213624e-06,0.0,0.0,-0.0007732118896175954,0.01000403990422914,0.7050118278475883,-0.6148018288879756,-0.1,-0.0005330653910648988,-0.999998511370256,0.0016096961526000661,-0.0003193381551632106,0.028117768876611545,0.7745325202628753,-0.7000453603713555,-0.10001073710408354,-0.4379602986656137,0.8989943070249563,0.00011282484261417872,solved,0,2.4331730245933943e-06,0.0024331730245933944,6.826144956599359e-05,0.06826144956599359,3.802236123114887,30,0.9373215747749446,0.0030036095172641564,3.0036095172641564,0.0009963904827358437,0.9963904827358437,0.11135727018891034,0.11135694927487308,0.08970198021972947,0.805533218150516,0.8055355395765147,37.7924540742172,0.7902357261478639,0.07088570947583925,-0.0428075399562545,0.07692654155561797,-0.0681928394416264,-0.04280805283374267,0.07692567297834518,-0.06819297325398599,-0.04517312332164014,0.077497313210384,2.509741561795842e-05,-0.38441621174472307,0.6908084350946921,-0.6123788714103865,-0.38442192528169417,0.6908026259633078,-0.6123818378470364,-0.5035911493925366,0.863942055911703,0.00027978663967596977,mpc_1np1s_wadv_60/frames/frame_000121.png
122,36,36,1,0.005809486221044081,5.8094862210440805,-0.01142677724720701,0.0026905121406790486,2.4352474539243582e-06,0.0,0.0,-0.0005857345389345516,0.010001984741196417,0.7048975600751163,-0.6147749237665688,-0.1,-0.0005330663262995482,-0.9999985160802406,0.0016067674842582035,-0.0003193365939877858,0.02821778872402351,0.7744752584714818,-0.6999479513603641,-0.10001061520276225,-0.43117702949642317,0.9022673389524584,0.00013525638738704054,solved,0,2.065495801238149e-05,0.02065495801238149,9.419675338106393e-05,0.09419675338106394,4.062898224155133,31,0.027021273484039657,0.0030032941504369256,3.0032941504369255,0.0009967058495630745,0.9967058495630745,0.13021446579033089,0.13020590003314128,0.11299311056801012,0.8677462206844951,0.8678033064496311,44.88788124913607,0.7084891222597149,0.08005438972772441,-0.046137924449700406,0.08000788549239987,-0.09179235963613759,-0.04613788348595271,0.0800053917310306,-0.09178240247913194,-0.05726179139353693,0.09740901099131172,0.00012190132128719888,-0.35432257214794327,0.6144316225297672,-0.7049321216272552,-0.35434556709188486,0.6144528912335528,-0.704902024069344,-0.5067724138727138,0.8620792055519315,0.0010788385298396309,mpc_1np1s_wadv_60/frames/frame_000122.png
123,36,36,0,0.00571263660765601,5.71263660765601,-0.01678698071533523,0.001686868746591633,2.7328414670677725e-06,0.0,0.0,-0.0008572949403369759,0.009998526898944537,0.704729690267963,-0.614758055079103,-0.1,-0.0005330676951228823,-0.9999985229584217,0.0016024810159025549,-0.00031933430900953004,0.028317773993012954,0.7744257751886996,-0.6998629249757011,-0.10001054760805435,-0.4279584424013241,0.9037984010523129,0.00014775897742261185,solved,0,2.873806717209389e-06,0.002873806717209389,2.8485014665479306e-05,0.028485014665479307,4.4956057925978365,31,0.14001503357577963,0.003002480571866323,3.002480571866323,0.000997519428133677,0.997519428133677,0.10423876528977041,0.10424752621125526,0.09837726329193384,0.9437685012716492,0.9436891873345228,15.80641156533082,0.9621875185486487,0.09465737484847289,-0.048625801875173146,0.08776937684464495,-0.02824514240422515,-0.04862790916104753,0.08776994093473434,-0.02827208234468248,-0.049483282782203375,0.08502638466301171,6.759470790040911e-05,-0.46648482203333513,0.8420032278841497,-0.27096581896099087,-0.4664658330836952,0.8419378773254584,-0.27120146992639177,-0.5029951141796055,0.8642889811916856,0.0006870968518388471,mpc_1np1s_wadv_60/frames/frame_000123.png
124,36,36,0,0.005629032510813638,5.629032510813638,-0.006828641466164274,0.006450482263405183,2.066770597059724e-06,0.0,0.0,-0.00021866548704571368,0.009999447104951206,0.7046614038533013,-0.6146935502564689,-0.1,-0.000533068044259525,-0.9999985247098606,0.001601387690081259,-0.00031933372619180335,0.028417768464062465,0.7743765210041683,-0.6997780832856143,-0.1000105803983847,-0.42467726966317165,0.905344792971689,0.00014990157939588611,solved,0,2.0820264652422488e-06,0.0020820264652422486,4.46480960166592e-06,0.00446480960166592,4.69878547939531,31,0.2383897542637547,0.0030022034218808217,3.0022034218808216,0.0009977965781191784,0.9977965781191784,0.09629804554445649,0.09629357334294375,0.09810243700253053,1.0187375709223614,1.0187848845648777,2.4616714949448295,0.9990771776046078,0.09801190587662204,-0.04755285775439383,0.08364177188204786,0.004011644488744363,-0.047553376886444454,0.08364082058631706,0.003916854030491801,-0.04925418453127772,0.08484169008682318,-3.279033035374912e-05,-0.49380916804215724,0.8685718532411356,0.041658628335217524,-0.49383749336091176,0.8686023135566412,0.04067617281728825,-0.502068919348122,0.8648275484189523,-0.00033424582870355505,mpc_1np1s_wadv_60/frames/frame_000124.png
125,36,36,0,0.005546201374787584,5.546201374787584,-0.014476975196979467,0.00019927467486342403,2.127999942808723e-06,0.0,0.0,-0.0007628206361275148,0.010001625009436545,0.7045166341013316,-0.6146915575097203,-0.1,-0.0005330692622274283,-0.9999985308104448,0.0015975735925158915,-0.0003193316930129575,0.028517784714156832,0.7743271906942754,-0.6996932774054033,-0.10001057224595689,-0.42151142988614415,0.9068230760706782,0.00015225324548659533,solved,0,5.542317281767922e-06,0.005542317281767922,2.2443878171951368e-05,0.022443878171951367,4.906500293123812,31,0.33649071151068133,0.003002038599278936,3.002038599278936,0.0009979614007210639,0.9979614007210639,0.09520678330295912,0.0952049041085096,0.09810971847353678,1.030490843928002,1.030511184189802,13.222991109085301,0.9734871940139791,0.09550855454230475,-0.04563606209593018,0.08067834916632619,-0.021741329284783364,-0.04563000583057697,0.08067974028391767,-0.02174064952874255,-0.049330309892958724,0.08480588021098079,8.152427816154884e-06,-0.4793362459343983,0.8474012708695161,-0.22835903630521692,-0.4792820943191147,0.8474326090593306,-0.22835640382520306,-0.502807577684209,0.8643983647130284,8.3095007742315e-05,mpc_1np1s_wadv_60/frames/frame_000125.png
126,36,36,0,0.005463823973969943,5.4638239739699435,-0.013715560920553916,0.0015166737669703382,2.09394423050839e-06,0.0,0.0,-0.0006858888810945548,0.010000218814689103,0.704379478492126,-0.6146763907720506,-0.1,-0.0005330703573545817,-0.9999985362833541,0.0015941441531395347,-0.0003193298648796806,0.028617786902303724,0.7742779670115661,-0.6996086640011581,-0.10001054611490644,-0.41836175478191895,0.908280472578943,0.0001589577478965662,solved,0,3.3869903402830547e-06,0.0033869903402830547,2.467825601552143e-05,0.02467825601552143,5.106654060642976,31,0.4346024284467942,0.003001779432096761,3.001779432096761,0.000998220567903239,0.998220567903239,0.09759812779526188,0.0976197404400414,0.0978897328643839,1.0029878141692816,1.0027657564251395,14.454468993483674,0.9683463031376204,0.09479116093435538,-0.04749771019160543,0.08169852558735688,0.0243867380464572,-0.04749610718191022,0.08170012664732162,0.024470856788375017,-0.049223682709209626,0.08461340424525954,2.6131050448463533e-05,-0.48666620215548145,0.8370911146855332,0.24986891242027606,-0.48654203512334265,0.8369221868347653,0.2506752904491193,-0.5028482688516879,0.8643746567628563,0.00026694373029565214,mpc_1np1s_wadv_60/frames/frame_000126.png
127,36,36,0,0.005382154550486583,5.382154550486582,-0.013369043444172819,0.0009517509603960196,1.4577119458254815e-06,0.0,0.0,-0.000605053946079722,0.010002920641086656,0.7042457880576842,-0.6146668732624466,-0.1,-0.0005330713234111166,-0.999998541101494,0.0015911188878299834,-0.00031932825219660303,0.02871781610871459,0.7742288087345444,-0.6995241513901621,-0.10001040064605778,-0.41523852116984206,0.9097125592771177,0.00017329212098658394,solved,0,7.483012903948282e-06,0.007483012903948282,4.438197109394944e-05,0.044381971093949445,5.305505875962972,31,0.5324914438191211,0.0030015235112239554,3.0015235112239553,0.0009984764887760447,0.9984764887760447,0.10057035420102968,0.1005483634752323,0.09776982549995038,0.9721535364638237,0.9723661541645444,25.840909590217166,0.9000077838634998,0.08799360397693144,-0.043756810964133606,0.07933595341511065,-0.04365253869003539,-0.043751707107464455,0.07933917075930719,-0.04360111817322543,-0.04915827702178799,0.08451261099595708,0.00014546884866128984,-0.43508657508223836,0.7888602366511143,-0.43404976582640353,-0.4351309717561107,0.7890647646279246,-0.43363329512534066,-0.5027959983605876,0.8644038236112018,0.0014878705972668806,mpc_1np1s_wadv_60/frames/frame_000127.png
128,36,36,0,0.0053011369832026934,5.301136983202693,-0.014473913937409814,0.001101154229477373,1.9404971802283955e-06,0.0,0.0,-0.0007033242299552778,0.01000015209112126,0.7041010489183102,-0.6146558617201519,-0.1,-0.0005330724463643059,-0.999998546690673,0.0015876022718007694,-0.0003193263775847383,0.028817817629625802,0.7741797406093478,-0.6994398428261853,-0.10001029333008495,-0.41214764397505865,0.9111170538704385,0.0001836089892625368,solved,0,3.103343949224184e-06,0.003103343949224184,3.169618697773238e-05,0.03169618697773238,5.50234595743354,31,0.6302583779411166,0.0030012641995691603,3.0012641995691602,0.0009987358004308398,0.9987358004308399,0.09963007359982051,0.09962479814723768,0.09754807218418718,0.9791026811442898,0.9791545277714766,18.46733736891967,0.9485043871129024,0.09252477442110764,-0.04722901723408399,0.08181153438500725,0.03166140139316367,-0.04722792775091467,0.08180968082061035,0.03165121435683149,-0.049068125196560786,0.0843085639767871,0.00010731597283042404,-0.4740437854516357,0.8211530056036679,0.31778960156485025,-0.4740579517271942,0.8211778828369822,0.31770417552117364,-0.5030148120601697,0.8642770901468799,0.0011001342253878009,mpc_1np1s_wadv_60/frames/frame_000128.png
129,36,36,0,0.005220860762985839,5.220860762985839,-0.38358577990389053,-0.2886456504410987,2.3223263647026524e-05,0.0,0.0,-0.028820100799336133,0.009994900023550845,0.7002651911192712,-0.6175423182245628,-0.1,-0.0005331184559214833,-0.9999987650824972,0.0014435019612421562,-0.00031924955826141736,0.02891776662986131,0.7740445102556025,-0.699363186590374,-0.10000853458924379,-0.4185810896337772,0.9081793597083545,0.0003492860185632698,solved,0,0.00013074091807040874,0.13074091807040875,0.00023606594520145664,0.23606594520145663,5.696798211020217,31,0.7278108610455611,0.003000982651962754,3.000982651962754,0.0009990173480372462,0.9990173480372462,0.29591178312546745,0.29594805798062873,0.1554558465680391,0.5253452394699855,0.5252808470134123,52.48751324059463,0.6089343140619893,0.09466239929683475,-0.09559589167878288,0.20124595738777856,-0.19474412320198142,-0.09560082130122272,0.20124631493545486,-0.1947964494387333,-0.13523035374529702,0.07665623581132319,0.0017587408411567917,-0.32305537369645715,0.6800876776929484,-0.6581154732841759,-0.3230324333044965,0.6800055263367446,-0.6582116158082162,-0.8698955795535815,0.49310616167641336,0.01131344288416348,mpc_1np1s_wadv_60/frames/frame_000129.png
130,36,36,0,0.005065946592484627,5.065946592484627,-0.00833869944682375,-0.016281752504567527,1.3708752438888446e-06,0.0,0.0,-0.0012127273070689493,0.009986281242096492,0.700181804124803,-0.6177051357496085,-0.1,-0.000533120391724968,-0.9999987738169847,0.0014374383321684027,-0.0003192463256190014,0.029017629442282276,0.773980398644481,-0.6992751309691083,-0.10000854944901737,-0.41770089011914374,0.9085845262242207,0.00035369419476528245,solved,0,1.254915559625072e-06,0.001254915559625072,1.3699972403379813e-05,0.013699972403379813,5.291744183044005,31,0.861858305824116,0.002922290350153874,2.9222903501538737,0.0010777096498461262,1.0777096498461263,0.10909824717881338,0.10909655394963547,0.10892240971395648,0.9983882649867994,0.9984037604362884,7.213175507729706,0.992085853955472,0.10806038185595832,-0.06285472401464508,0.08812252128463101,0.013643036647756047,-0.06285835999297884,0.08812023295656779,0.013627516514722049,-0.06411161112152008,0.08805562126568134,-1.4859773578290714e-05,-0.5761295496491837,0.8077354454668471,0.12505275749659792,-0.5761718195241755,0.80772700664082,0.12491243784852457,-0.5885989053114505,0.808425203747568,-0.00013642531061619267,mpc_1np1s_wadv_60/frames/frame_000130.png
131,37,37,1,0.005811370389890117,5.811370389890118,-0.02515151920772486,-0.007848628692286457,2.320733572428803e-06,0.0,0.0,-0.0014902073685562408,0.009987923501674977,0.6999302889327258,-0.6177836220365314,-0.1,-0.0005331227704263032,-0.9999987844996316,0.0014299873044221233,-0.00031924235331045914,0.029117508677299026,0.7739033118187625,-0.6991952118509424,-0.10000856702732476,-0.4184162972619472,0.9082552941994351,0.00035034882569499014,solved,0,1.382290158470927e-05,0.01382290158470927,1.8927902439084042e-05,0.018927902439084043,5.347253079710448,31,0.9701803647792072,0.002910869806544604,2.910869806544604,0.001089130193455396,1.089130193455396,0.11202291334475989,0.11202212057303917,0.11103803157826478,0.9912082114534545,0.9912152261558665,9.725740535869974,0.98562767456777,0.10944215685306773,-0.08659039681936874,0.0698809344483556,-0.012957287275370124,-0.08659037581382201,0.0698814319880503,-0.01294788698595617,-0.07708682571849756,0.07991911816596087,-1.7578307393018022e-05,-0.7729704060889717,0.6238092936691547,-0.11566640152888176,-0.7729756888271411,0.6238181497598694,-0.11558330550896918,-0.6942380427931414,0.7197454514458873,-0.00015830888879390852,mpc_1np1s_wadv_60/frames/frame_000131.png
132,37,37,0,0.0057047862013830854,5.704786201383086,-0.022435028076823797,-0.005124914862486057,3.0099121837304812e-06,0.0,0.0,-0.0013990749838664448,0.009989479762790982,0.6997059386519575,-0.6178348711851562,-0.1,-0.0005331250036332106,-0.9999987944784614,0.0014229919379707408,-0.00031923862390899094,0.029217403474926937,0.7738290339162672,-0.6991139197640993,-0.10000857280333043,-0.41878291754587815,0.9080863069510104,0.0003565106413426512,solved,0,7.492780433211649e-06,0.007492780433211649,3.642254056920785e-05,0.03642254056920785,5.302133440694664,32,0.07795240255496705,0.002884138992930332,2.8841389929303323,0.0011158610070696679,1.115861007069668,0.11789389308872229,0.11789392802821816,0.11011634853986942,0.9340292839171931,0.9340290071046986,17.96664093855809,0.9512362726482777,0.10474666494270399,-0.07032309350100818,0.08765608506332061,0.03563766686296181,-0.07032306519438869,0.087656128054725,0.035637732560336866,-0.07427790249525668,0.08129208684304334,-5.776005673752138e-06,-0.596494794247619,0.743516757032988,0.3022859448380613,-0.5964943773657004,0.7435169013432509,0.30228641250978505,-0.674540188447705,0.7382381264995381,-5.2453661516580724e-05,mpc_1np1s_wadv_60/frames/frame_000132.png
133,37,37,0,0.005600154601337433,5.600154601337433,-0.019566389716395266,-0.003085229839237234,2.777140702097819e-06,0.0,0.0,-0.001184751127976097,0.00998991528030423,0.6995102747547935,-0.6178657234835486,-0.1,-0.0005331268947154556,-0.9999988028903725,0.001417068189447143,-0.0003192354658011428,0.02931730262772998,0.7737575809667782,-0.6990311947401842,-0.1000084652956517,-0.4188058572754222,0.9080757232675853,0.0003670474769674549,solved,0,4.31803234920277e-06,0.00431803234920277,2.905966768273545e-05,0.02905966768273545,5.279033865776738,32,0.185509141018906,0.0028605280951339855,2.8605280951339855,0.0011394719048660146,1.1394719048660145,0.11497072758301728,0.11496352190010684,0.10931132205929683,0.9507752482506128,0.9508348409357077,14.625176675019253,0.9675983137825325,0.10576945090191496,-0.07563135387173417,0.08163433959977086,0.02887907738495426,-0.07563147132416681,0.08163628214485907,0.02884457228982673,-0.07145294948907033,0.08272502391515335,0.00010750767873157763,-0.6578313929267152,0.7100445593059754,0.2511863497088983,-0.6578736461282378,0.7101059605306265,0.2509019540553926,-0.6536646720850204,0.7567836739754962,0.0009834999404111059,mpc_1np1s_wadv_60/frames/frame_000133.png
134,37,37,0,0.005497519223869303,5.497519223869302,-0.03174546680698593,0.0009308431815212818,1.7606342311196484e-11,0.0,0.0,-0.0008928695543628038,0.009999696170075638,0.6991928200867237,-0.6178564150517334,-0.1,-0.0005331283198882834,-0.9999988092066925,0.0014126038470055361,-0.00031923308573409705,0.029417299589430734,0.773676294505368,-0.6989544630882013,-0.10000859759915942,-0.420020270319851,0.9075146526907409,0.0003573122485637366,solved,0,7.660698666723845e-05,0.07660698666723845,8.823681081171983e-05,0.08823681081171983,5.277599042729216,32,0.29288557230110696,0.0028400831504799442,2.8400831504799444,0.0011599168495200558,1.1599168495200558,0.09500371134751288,0.095061459863387,0.11178216641673666,1.1766084169896276,1.1758936437266905,49.665643913299895,0.6472469795993228,0.07235066958630165,-0.08431425794822005,0.00018482689298491303,-0.04378101090041425,-0.08430859714481098,0.00018429995918278763,-0.043917054003625444,-0.08128646141014606,0.07673165198285314,-0.00013230350771886723,-0.8874838335505438,0.001945470238618753,-0.46083474297407434,-0.8868851505749126,0.0019387453069587344,-0.4619858990882186,-0.7271863125921255,0.6864391203225458,-0.0011835833206669537,mpc_1np1s_wadv_60/frames/frame_000134.png
135,37,37,0,0.005389365496647364,5.389365496647364,-0.014324080284914137,-0.009757576130527716,3.935151610114439e-06,0.0,0.0,-0.0015203713586462264,0.009986536687248589,0.6990495792838746,-0.6179539908130387,-0.1,-0.0005331307466370807,-0.9999988199162106,0.0014050019992238028,-0.00031922903295973295,0.02951716495630322,0.7736072741484253,-0.6988702681368195,-0.10000864449765173,-0.41978490600104124,0.9076235481762173,0.00035705701336294647,solved,0,5.588258932564759e-05,0.055882589325647596,0.00026386106506171773,0.26386106506171775,5.200922182175821,32,0.40000452512538537,0.00280811808360748,2.80811808360748,0.0011918819163925201,1.19188191639252,0.2971814113588131,0.2971828434717862,0.10886965468000845,0.36634072831884024,0.3663389629366147,61.830480496409244,0.47208185778877354,0.05139538883816064,-0.05307802255010478,0.13775403185861598,-0.25792119239427,-0.05307732426118594,0.1377550437888786,-0.2579224457350954,-0.06902035694267283,0.08419495138178856,-4.689849231187537e-05,-0.17860478657603196,0.4635351559465255,-0.8678914041593915,-0.17860157619167868,0.4635363272643184,-0.8678914392296738,-0.6339724062277835,0.7733555473217565,-0.00043077653226438736,mpc_1np1s_wadv_60/frames/frame_000135.png
136,37,37,0,0.005288649552266472,5.288649552266471,-0.019242132331876657,-0.005399934262914739,4.094846487013835e-06,0.0,0.0,-0.001481939841481335,0.009997337336299315,0.6988571579605558,-0.6180079901556679,-0.1,-0.0005331331120135577,-0.9999988302994011,0.00139759230872196,-0.00031922508261249873,0.029617138329666212,0.7734878535293426,-0.6987783656200202,-0.10000898437569018,-0.4219341454021621,0.9066264130243361,0.0003523497878003298,solved,0,4.000009404542159e-05,0.04000009404542159,5.9564303838232014e-05,0.05956430383823201,5.215764653286254,32,0.5074410739979078,0.00279050916924562,2.7905091692456203,0.00120949083075438,1.20949083075438,0.12710217767485016,0.1271088721954114,0.1506899876343763,1.185581477760892,1.1855190360175045,22.788268625004754,0.9219424765144337,0.13892750038556628,-0.07952804310575151,0.08895924870196477,0.04377791680563249,-0.07952893524798554,0.08895954475252044,0.04379512811415742,-0.11942061908276624,0.09190251679935812,-0.0003398780384494815,-0.6257016564200679,0.6999034188819192,0.3444308949420532,-0.625675720934109,0.6998688857514059,0.34454816062586713,-0.7924920623958118,0.6098780565457607,-0.0022554785741580783,mpc_1np1s_wadv_60/frames/frame_000136.png
137,37,37,0,0.005140070316097129,5.1400703160971295,0.005797238384249985,0.03361518911514271,9.716549922440765e-06,0.0,0.0,6.0072888834527305e-05,0.010018298503819478,0.6989151303443983,-0.6176718382645164,-0.1,-0.0005331330161296691,-0.9999988298795689,0.001397892672814733,-0.0003192252427467152,0.029717321314704406,0.7734523808939396,-0.6986650241589779,-0.10000897061207802,-0.4179397200601683,0.9084746892908506,0.0003596024482922341,solved,0,0.0003480509070248105,0.3480509070248105,0.0005807381622529468,0.5807381622529468,5.0800306513517315,32,0.6467772695580009,0.002733127666522977,2.7331276665229773,0.001266872333477023,1.2668723334770229,0.6334644182283937,0.6334643661952619,0.1187627670739365,0.18748135436885255,0.18748136976868016,58.71960572770726,0.5192266989017158,0.061664799500233444,0.16648638913339267,0.3968059455405844,-0.4648704044982909,0.16648628863868975,0.3968057919213619,-0.4648705007119086,-0.03547263540293333,0.11334146104224896,1.3763612166650674e-05,0.2628188487666035,0.6264060523720169,-0.7338540115613618,0.2628187117116723,0.6264058613188808,-0.7338542237253719,-0.29868481744661285,0.9543518043132788,0.00011589164269035641,mpc_1np1s_wadv_60/frames/frame_000137.png
138,37,37,0,0.005056462437436809,5.056462437436809,-0.0026396732375565017,0.005912807345741598,2.3017576046528414e-06,0.0,0.0,-0.00020950739966840666,0.010009371626083539,0.6988887336120228,-0.617612710191059,-0.1,-0.0005331333505296292,-0.9999988313433645,0.0013968451370413686,-0.00031922468426998063,0.02981741503096524,0.7734059852855539,-0.6985588504184014,-0.10000898189188893,-0.4157149538171388,0.9094948863178457,0.0003590745091511335,solved,0,0.0001286106643496046,0.1286106643496046,0.000803525548061638,0.803525548061638,5.332586212946267,32,0.7626488094514597,0.002759216271890297,2.759216271890297,0.0012407837281097032,1.2407837281097032,0.8091109931301995,0.8090992025243403,0.11586809652672615,0.14320420499846184,0.14320629184310743,83.13465928741076,0.11953627942809944,0.013850441163220735,-0.15528155502840765,0.03761019487335433,-0.79317949488983,-0.15522371703946547,0.0376380144820887,-0.7931774688301613,-0.046395608385707554,0.10617374057653173,-1.127981091864072e-05,-0.19191625913729274,0.04648335666266522,-0.9803098729647269,-0.19184757141667785,0.0465184174754596,-0.9803216544466932,-0.40041745550731417,0.9163328280968323,-9.735044638485899e-05,mpc_1np1s_wadv_60/frames/frame_000138.png
139,38,38,1,0.005824216673697652,5.824216673697651,-0.01580067010699185,-0.003353665139121283,2.784482692515614e-06,0.0,0.0,-0.0010657014794117473,0.009994380165267078,0.6987307269109528,-0.6176462468424502,-0.1,-0.000533135051513152,-0.9999988387722677,0.0013915166358517003,-0.0003192218434604469,0.02991735883261791,0.7733717773334523,-0.6984583773470792,-0.10000899751102667,-0.41419854891251734,0.9101864838113064,0.0003560420978636851,solved,0,1.8644760813803698e-05,0.018644760813803698,8.30834975971178e-05,0.08308349759711779,5.472415547029061,32,0.8777914906326635,0.0027721307954490237,2.7721307954490237,0.0012278692045509763,1.2278692045509763,0.13545478931942084,0.1354550804315773,0.10613680931639029,0.7835589265589217,0.7835572425797892,37.829908070027166,0.7898349707549706,0.083830563682437,-0.052115080210280176,0.09528688007682994,0.08094707437250949,-0.05211638642710348,0.09528509620526648,0.08094882038460482,-0.03420795210162808,0.10047307132221572,-1.5619137733180466e-05,-0.3847415102273402,0.7034589220181096,0.5975947751956209,-0.38475032653669367,0.7034442407156373,0.5976063808510649,-0.3223005507887025,0.9466373821612524,-0.00014716042279564235,mpc_1np1s_wadv_60/frames/frame_000139.png
140,38,38,0,0.0057429029357719,5.7429029357719,-0.023635106622124882,-0.008597364798370463,2.196307568771467e-06,0.0,0.0,-0.0014270414399135966,0.009995995282535496,0.6984943758447316,-0.6177322204904339,-0.1,-0.0005331373292135766,-0.9999988486755716,0.0013843814369023716,-0.0003192180394232631,0.030017318785443264,0.773335383303399,-0.6983628560641657,-0.10000888478270542,-0.4135335959891958,0.9104887883090111,0.0003624249348608006,solved,0,3.4004641647976886e-05,0.03400464164797689,3.743217140507268e-05,0.037432171405072684,5.567926274630007,32,0.9818948555473961,0.002792810578601504,2.7928105786015043,0.001207189421398496,1.207189421398496,0.1070035510579118,0.10701239915510209,0.10221963422272111,0.955291980612853,0.9552129942864432,20.432122668479693,0.9370864165579811,0.09578863073563729,-0.06741727354383406,0.08159823248114877,0.015697121483615607,-0.06741734134596555,0.08159756896763959,0.015760469451883696,-0.03639403005328834,0.09552128291345774,0.00011272832124709087,-0.6300470673851459,0.7625749956371698,0.14669720143325063,-0.6299956068478749,0.7625057433706663,0.14727704057023075,-0.35603756880983606,0.9344709912122295,0.0011028049758177857,mpc_1np1s_wadv_60/frames/frame_000140.png
141,38,38,0,0.005663012282041985,5.663012282041985,-0.06030149895886649,-0.021641470024547842,-1.1015614425444947e-09,0.0,0.0,-0.0026778785684004173,0.010348490757080284,0.6978913608551429,-0.6179486351906793,-0.1,-0.0005331416033015192,-0.9999988671219607,0.0013709920593522114,-0.00031921090100950973,0.030120803693014068,0.7732659217560941,-0.6982844193308057,-0.10000882950622375,-0.4170578710466878,0.9088798605861639,0.00036224146613277286,solved,0,0.00031506137905807193,0.3150613790580719,0.0006373534993879653,0.6373534993879654,5.609758058818093,33,0.08280519994211591,0.0028091168339719314,2.8091168339719315,0.0011908831660280687,1.1908831660280688,0.6432989902491467,0.6432980697086023,0.10477228044515806,0.16286716135615298,0.16286739441425224,82.0730757701272,0.13790998754506964,0.014449143891260287,-0.2941726402257701,-0.14239750841245488,0.5540929508630263,-0.2941733485213316,-0.14239867813015117,0.5540912054683295,-0.0694615473049165,0.07843673336005441,5.527648166969712e-05,-0.4572875827332457,-0.22135509393121383,0.8613303600063615,-0.4572893381361842,-0.22135722899752236,0.8613288793472034,-0.66297638086894,0.7486401272053184,0.0005275868906817487,mpc_1np1s_wadv_60/frames/frame_000141.png
142,38,38,0,0.005563605553405137,5.563605553405137,-0.017215237856548965,-0.02466232343840113,3.170979583015714e-07,0.0,0.0,-0.0016417600679831826,0.010001262283861584,0.6977192084765774,-0.6181952584250633,-0.1,-0.0005331442236221092,-0.9999988783424687,0.0013627832682657655,-0.00031920652454578045,0.030220816315852685,0.7732312669322986,-0.6981897624119809,-0.10000875002053818,-0.4165129522999166,0.9091297084164446,0.00036584291424338923,solved,0,2.6203938259245844e-05,0.026203938259245843,5.351494547685867e-05,0.05351494547685867,5.3877977708333225,33,0.18547763572391252,0.002788246225421319,2.788246225421319,0.001211753774578681,1.211753774578681,0.10910298031101148,0.10910366768771526,0.10080126691494956,0.9239093801801118,0.9239035593511902,29.19748717411625,0.8729434725329314,0.08799380797645497,-0.05676845606315127,0.08060024541021318,0.046737598876754806,-0.05676893548201001,0.08059944947169662,0.046739993709993266,-0.03465482379549911,0.09465691882470928,7.948568557514246e-05,-0.5203199390275663,0.7387538377086699,0.4283805881702179,-0.5203210550583719,0.7387418881498506,0.42839983935073567,-0.34379353411042846,0.9390449318913369,0.0007885385571811118,mpc_1np1s_wadv_60/frames/frame_000142.png
143,38,38,0,0.005486775241211731,5.486775241211731,-0.029766920567770708,-0.015717323719760895,1.4051005674761144e-06,0.0,0.0,-0.0017690641070222566,0.010003468508979017,0.6974215392708997,-0.618352431662261,-0.1,-0.0005331470470852791,-0.9999988903576037,0.0013539379575988782,-0.00031920180870174383,0.030320851000942475,0.773188165233951,-0.6981013891567621,-0.10000865607785035,-0.41700475029110695,0.9089042328944487,0.0003655970531405641,solved,0,2.46179202511472e-05,0.024617920251147198,7.02951622161073e-05,0.07029516221610731,5.422099477390243,33,0.28476911421682843,0.002805620066299128,2.805620066299128,0.001194379933700872,1.194379933700872,0.11610433945796583,0.11610871485333142,0.09832394145705843,0.8468584543530815,0.8468265416705479,37.11058950148148,0.7974724292976684,0.07841063245188211,-0.06205829408660095,0.07267813186148962,0.06593083440360391,-0.062064219184310154,0.07267405775490676,0.06593745287293562,-0.04310169834764732,0.088373255218821,9.394268782325632e-05,-0.5345045187485727,0.6259725708857062,0.5678584858361247,-0.5345354072922924,0.6259138932569245,0.5678940892268753,-0.4383642245105824,0.8987969146600653,0.0009554406224071524,mpc_1np1s_wadv_60/frames/frame_000143.png
144,38,38,0,0.005406317876234322,5.406317876234322,-0.03117644958587952,-0.01654745291807371,1.2399287649745609e-06,0.0,0.0,-0.0018144077991352858,0.01000305970258279,0.6971097747750409,-0.6185179061914416,-0.1,-0.0005331499428745957,-0.9999989025994307,0.0013448659286143295,-0.0003191969719578068,0.030420881597968304,0.7731420216639103,-0.698008204015782,-0.10000874477341828,-0.41774161916904307,0.9085657948310446,0.0003688862405708074,solved,0,2.8027470977039776e-05,0.028027470977039774,6.654854532540339e-05,0.06654854532540339,5.391139516799648,33,0.38284890442826175,0.0028125467827206756,2.8125467827206756,0.0011874532172793245,1.1874532172793244,0.1142812336139475,0.11427933658928338,0.10398416909549808,0.9098971529023406,0.9099122570969603,35.103883205347294,0.8181107447267142,0.08507056601850653,-0.06473576143121697,0.07221610963573481,-0.06045093098808102,-0.06473801233863874,0.07221406935764563,-0.06044737146095047,-0.046143570040624304,0.0931851409801121,-8.86955679318957e-05,-0.5664601210895248,0.6319157341238324,-0.5289663847372336,-0.5664892208055536,0.6319083704272882,-0.5289440179216001,-0.4437557220681014,0.8961473827283434,-0.0008529718389194274,mpc_1np1s_wadv_60/frames/frame_000144.png
145,38,38,0,0.005321515949913342,5.321515949913342,-0.029259175894675634,-0.019209796319908354,4.8497447859495685e-06,0.0,0.0,-0.002422235262411249,0.009996255846624667,0.6968171830160941,-0.6187100041546407,-0.1,-0.0005331538086862999,-0.9999989188139988,0.0013327547654947483,-0.00031919051486143805,0.03052084415643455,0.773102128316842,-0.6979132234791684,-0.10000868157732687,-0.4184375179729134,0.9082455110349021,0.0003677466750704907,solved,0,5.7604490274974636e-05,0.057604490274974635,0.0007066509835986879,0.7066509835986879,5.344506411407909,33,0.48662092898080106,0.002819240198756377,2.819240198756377,0.001180759801243623,1.1807598012436231,0.7069989537124334,0.7069976772040729,0.10301837442645599,0.14571220209805,0.14571246518638847,85.62882394836274,0.07621742831770598,0.007851795568255004,-0.0493963688034165,0.0381670810538614,-0.7042377391359684,-0.04940355664539986,0.03816651357668732,-0.7042359841730184,-0.039893347068331586,0.09498053661360917,6.319609141547389e-05,-0.06986766888980166,0.05398463583778595,-0.9960944573369368,-0.06987796175055842,0.053983930651119616,-0.9960937735439583,-0.387244967613143,0.9219766584592637,0.0006134448516326481,mpc_1np1s_wadv_60/frames/frame_000145.png
146,38,38,0,0.005242137259473549,5.24213725947355,-0.03341195268334747,-0.012597009125798975,1.758920011960271e-06,0.0,0.0,-0.0017697082720407862,0.009999329354768237,0.6964830634892606,-0.6188359742458988,-0.1,-0.0005331566330359004,-0.9999989305677862,0.001323906233649404,-0.0003191857972154149,0.030620837449982233,0.7730603081036518,-0.6978205388074308,-0.10000858934418669,-0.41935526447211846,0.9078221321468455,0.0003722148235974827,solved,0,5.112553197235687e-05,0.05112553197235687,0.0006472435773767712,0.6472435773767712,5.300805337707751,33,0.5888117447281215,0.002832253859173298,2.832253859173298,0.0011677461408267022,1.1677461408267023,0.6541505359659796,0.654150481526619,0.10168277687660451,0.15544247277341178,0.1554424857095619,81.6460079635185,0.14528860531967563,0.014773348837433632,-0.08560232370715622,0.06628484295761396,-0.6451290455983191,-0.0856022942217205,0.06628487249582538,-0.645128991275154,-0.04182021319021345,0.09268467173761952,9.223314018091955e-05,-0.1308602821531711,0.10132964709679795,-0.9862088466313972,-0.13086024796916262,0.10132970068467048,-0.9862088456613053,-0.41128118718633827,0.9115080703401275,0.000907067480000547,mpc_1np1s_wadv_60/frames/frame_000146.png
147,38,38,0,0.005162895846144559,5.162895846144559,-0.03137793468226473,-0.013597425417717694,1.5629025024691333e-06,0.0,0.0,-0.0017225395860523995,0.01001813516664576,0.696169284142438,-0.618971948500076,-0.1,-0.0005331593820669811,-0.9999989419331015,0.0013152935448808424,-0.0003191812052865468,0.03072101880164869,0.7730194987591774,-0.6977279807205832,-0.10000843868739218,-0.42018730677682553,0.9074373167278798,0.0003787259479694637,solved,0,0.00015677755180232332,0.15677755180232333,0.0002745230881329214,0.2745230881329214,5.2428796315819115,33,0.6899820732010791,0.002842436158567895,2.842436158567895,0.0011575638414321049,1.157563841432105,0.2866387836230734,0.2866367738830303,0.10115544836926084,0.3529021686830735,0.3529046430397657,72.92173996295382,0.2936776437719442,0.029707093731779082,-0.1763939284031222,0.013858432061668698,0.22551035045030945,-0.17640026096898964,0.013854185335171465,0.22550310335080204,-0.04080934447436846,0.09255808684760503,0.000150656794511983,-0.6153875137674256,0.04834807030123451,0.7867405366429859,-0.6154139211773798,0.0483335935842797,0.7867207696205252,-0.40343199632111576,0.9150084186244546,0.0014893591688904485,mpc_1np1s_wadv_60/frames/frame_000147.png
148,38,38,0,0.005085418049258309,5.085418049258309,-0.027715163590351494,-0.020728927921028747,9.439845567655426e-07,0.0,0.0,-0.0018333831716967081,0.010004734293021391,0.6958921325065345,-0.6191792377792863,-0.1,-0.0005331623079518321,-0.9999989539482705,0.0013061266386664339,-0.0003191763178459415,0.030821066144578906,0.7729788604855906,-0.6976362503729395,-0.10000841965182761,-0.42110538160076133,0.9070116432914224,0.0003694870373414632,solved,0,8.067895052701019e-05,0.08067895052701018,0.0003634436709893679,0.36344367098936786,5.18996382671672,33,0.7905362799594718,0.0028533931894003,2.8533931894003004,0.0011466068105996999,1.1466068105996998,0.3819299910366403,0.3818795084882959,0.10032909010497906,0.26268974016066216,0.2627244664217275,71.9011069942658,0.31065806494845144,0.03116804099005162,0.0238688866869844,0.14027258609037047,0.35443531975960246,0.023824280863116165,0.14024500658227357,0.3543948373965905,-0.04063827358680161,0.09173034764364818,1.903556456905875e-05,0.062495450075023155,0.367273032708535,0.928011227391671,0.0623869056431614,0.3672493639091711,0.9280278975939141,-0.40504975719683955,0.9142946233008431,0.00018973125889152327,mpc_1np1s_wadv_60/frames/frame_000148.png
149,38,38,0,0.00500929063681326,5.00929063681326,-0.03560245071914504,-0.020357099071309302,1.0063177541993793e-06,0.0,0.0,-0.0020293667766703417,0.010003009062070798,0.6955361079993431,-0.6193828087699994,-0.1,-0.000533165546553462,-0.9999989671498415,0.0012959798153301314,-0.0003191709079201391,0.030921096235199612,0.7729315001658452,-0.6975494946889867,-0.10000820948693565,-0.42285807374574363,0.9061958433952395,0.000377996335865844,solved,0,6.187052045508129e-07,0.0006187052045508128,9.561255527882927e-05,0.09561255527882927,5.132444954342215,33,0.8902900211077532,0.002864183829285024,2.864183829285024,0.001135816170714976,1.135816170714976,0.13703600169087019,0.13698793621585145,0.09884125026415769,0.7212794378452947,0.7215325158882154,44.28240918022485,0.715907125840593,0.07076115539110388,-0.047382260802591634,0.0861367300961245,-0.09546858566566681,-0.04737963158396585,0.08613728021489298,-0.0954003885570015,-0.04736031974539312,0.08675568395277722,0.00021016489196168386,-0.34576505602869184,0.6285700767192133,-0.6966679156403558,-0.34586718285404283,0.6287946412972215,-0.6964145251935134,-0.4791554094957372,0.8777275046695459,0.0021262872677147316,mpc_1np1s_wadv_60/frames/frame_000149.png
150,39,39,1,0.0057728902835636475,5.7728902835636475,-0.030952942474813974,-0.014252259584726546,9.581072462893401e-07,0.0,0.0,-0.0016312018136445412,0.009987921057031448,0.6952265785745949,-0.6195253313658466,-0.1,-0.0005331681496965482,-0.9999989776866044,0.00128782381464283,-0.000319166559406491,0.031020975445769927,0.7728895299364331,-0.6974607499781358,-0.10000809881695504,-0.42395366921393196,0.9056837972044642,0.00038189179990962506,solved,0,3.0450687561245157e-05,0.030450687561245155,0.00020198559537919748,0.20198559537919747,5.02163360267121,33,0.9891017700129304,0.0028666046588679208,2.866604658867921,0.0011333953411320793,1.1333953411320794,0.23183517983490226,0.2318269141335734,0.09816891620452063,0.42344270733384837,0.4234578050241308,60.25582554309342,0.4961282270761443,0.04870437035053539,-0.072138095299385,0.09286888640922761,0.19979743680229808,-0.07214057477689106,0.09286716564416153,0.19978775020700057,-0.04197022941210271,0.08874471085096314,0.00011066998061026734,-0.3111611246867581,0.4005815099993138,0.8618081041219916,-0.3111829144019288,0.400588369953687,0.8617970478263254,-0.42753074022599835,0.9040001079983043,0.0011273423899241443,mpc_1np1s_wadv_60/frames/frame_000150.png
151,39,39,0,0.0056922564290485195,5.69225642904852,-0.03206304213495185,-0.022359857924953017,1.9109066747434515e-06,0.0,0.0,-0.002165421782925722,0.009999746625153431,0.6949059481532454,-0.6197489299450962,-0.1,-0.0005331716053163982,-0.9999989915714,0.0012769967167216279,-0.00031916078671815717,0.031120972912021462,0.772843315217158,-0.6973750697619239,-0.10000800283378768,-0.42564206997755827,0.904891531617376,0.00037983204022554266,solved,0,3.388434617198774e-05,0.03388434617198774,8.589621746447434e-05,0.08589621746447434,4.952263338985583,34,0.08693819564218058,0.002874683224558205,2.874683224558205,0.0011253167754417949,1.125316775441795,0.13659676917344504,0.13657468244401247,0.09734941674487674,0.7126773007439611,0.712792554247997,38.71539646487277,0.7802623645783321,0.075958086099679,-0.02183589811204028,0.10923059251688381,0.07906041083041819,-0.021847185464052288,0.10922532635115889,0.07902640353366075,-0.046214719275128324,0.08568021621191413,9.598316735859314e-05,-0.1598566221161054,0.79965721867248,0.5787868286257231,-0.1599651199848723,0.7997479796149979,0.5786314280178312,-0.47473031498733137,0.8801307606850483,0.0009859655103033218,mpc_1np1s_wadv_60/frames/frame_000151.png
152,39,39,0,0.005609961248181521,5.609961248181521,-0.03931076322375645,-0.025578867209201554,9.350349356893285e-07,0.0,0.0,-0.002322196271947764,0.010005024630199777,0.6945128405210078,-0.6200047186171882,-0.1,-0.0005331753110504037,-0.9999990063311778,0.0012653857469849166,-0.00031915459605107264,0.03122102315832346,0.7727894728480484,-0.6972946555078018,-0.10000801760292674,-0.4282734583460304,0.903649105230432,0.0003734870422005749,solved,0,2.286733779739238e-05,0.02286733779739238,0.0001219106569686796,0.1219106569686796,4.845513053588596,34,0.1842439826100027,0.002877575758212736,2.877575758212736,0.0011224242417872642,1.122424241787264,0.15493742610134797,0.15493841786389753,0.09677527161143738,0.6246087471992373,0.6246047490716449,51.887092322606456,0.6172131413594201,0.059730969397206374,-0.0721935199595929,0.06677001344561254,0.11973081051770781,-0.07219335060482113,0.06677033180846337,0.11973201847795267,-0.05384236910954687,0.08041425412208536,-1.476913906450772e-05,-0.4659527512246752,0.4309482552132807,0.7727688108061719,-0.46594867561018916,0.43094755147891334,0.7727716606937912,-0.5563649495682068,0.8309380359577477,-0.0001526127368963357,mpc_1np1s_wadv_60/frames/frame_000152.png
153,39,39,0,0.005523979697673505,5.523979697673505,-0.039819798250166856,-0.026993915073048245,7.517481056567527e-07,0.0,0.0,-0.002357643311914763,0.010005484086351808,0.6941146425385062,-0.6202746577679187,-0.1,-0.0005331790732768522,-0.9999990211783379,0.0012535975420512784,-0.00031914831084286664,0.03132107799918698,0.7727342400577034,-0.6972158771437273,-0.10000768878220426,-0.4310958700842596,0.9023060460732009,0.00038731904413517637,solved,0,1.741006229468313e-05,0.01741006229468313,2.3006341299022504e-05,0.023006341299022504,4.679419506234245,34,0.28080874257407823,0.0028713197232494046,2.8713197232494045,0.0011286802767505955,1.1286802767505955,0.09927072997150906,0.09921631212526777,0.0962122648034551,0.9691906650738669,0.9697222436768277,13.514698694055475,0.9723100001856549,0.09354814720890972,-0.0697771593233206,0.06902277703397697,-0.014888993127881497,-0.06968718327471368,0.06907368509267986,-0.014710510075871541,-0.055232790345027816,0.07877836407443883,0.00032882072248385796,-0.7028976148694265,0.6952983729825163,-0.1499837175787332,-0.7023762704133628,0.6961928297180542,-0.1482670516648357,-0.5740722397280511,0.8187975227001392,0.0034176591015249607,mpc_1np1s_wadv_60/frames/frame_000153.png
154,39,39,0,0.005437908043590283,5.437908043590284,-0.038861729522741334,-0.026522954190450074,8.919954509017262e-07,0.0,0.0,-0.002327633563484127,0.010005256978837196,0.6937260252432788,-0.6205398873098232,-0.1,-0.0005331827875423437,-0.9999990357001932,0.0012419593855409134,-0.00031914210559372144,0.03142113056897535,0.7726792828653272,-0.6971377820495087,-0.10000752388852066,-0.433892193141006,0.9009647134362176,0.00038713574151336025,solved,0,8.299497930699739e-06,0.008299497930699739,4.5368803637446625e-05,0.04536880363744662,4.4997265940289735,34,0.37665510686279907,0.002862833969855793,2.8628339698557927,0.0011371660301442072,1.1371660301442073,0.10693568684979483,0.10693555515479519,0.09549431357323863,0.8930069688276553,0.8930080685980009,25.091999687779015,0.905628021907472,0.08648232630474396,-0.062463963640968546,0.0745569301533224,-0.044438255303395374,-0.06246443330115703,0.07455630917330147,-0.0444383200749604,-0.05495719237624819,0.07809509421863314,0.00016489368359628997,-0.584126454704568,0.6972128047210971,-0.4155605730181985,-0.5841315660702026,0.6972078563147407,-0.4155616905025971,-0.5755022505512769,0.8177983724521848,0.001726738246773469,mpc_1np1s_wadv_60/frames/frame_000154.png
155,39,39,0,0.005352743673958063,5.352743673958063,-0.0312633132250177,-0.017535700079790835,1.4512734068009949e-06,0.0,0.0,-0.0018393753275436659,0.009999831365129995,0.6934133921110286,-0.6207152443106212,-0.1,-0.0005331857226303698,-0.9999990470800492,0.001232762517719347,-0.00031913720196390224,0.031521128882626655,0.7726334409328041,-0.6970553495179792,-0.10000735056090822,-0.43557350610387185,0.9001530804004721,0.00039067367642761983,solved,0,1.58146854731075e-05,0.0158146854731075,0.0002385089930944883,0.2385089930944883,4.322054066636383,34,0.47177262449124857,0.0028543518317755206,2.8543518317755208,0.0011456481682244795,1.1456481682244795,0.2622196595880206,0.2622198381533348,0.09432197556390312,0.3597059645035562,0.3597057195525676,65.17388425973233,0.4198658089669521,0.03960257257349927,-0.05666318881496372,0.09396464691749651,0.23815767473975594,-0.05666183229036115,0.0939665700954162,0.2381574352968291,-0.0458419325231052,0.08243253152950825,0.00017332761244326367,-0.21609054372196415,0.3583432571956144,0.9082372966006096,-0.21608522333549668,0.35835034739236094,0.9082357649750546,-0.4860153983103047,0.8739483141302551,0.0018376164346328204,mpc_1np1s_wadv_60/frames/frame_000155.png
156,39,39,0,0.005274055185866684,5.2740551858666835,-0.03382302902256661,-0.024596670007970077,6.654177693348137e-07,0.0,0.0,-0.00206401109747324,0.010000560228721613,0.693075161820803,-0.6209612110107009,-0.1,-0.0005331890161156091,-0.9999990597489751,0.0012224424720007044,-0.00031913169944066517,0.03162113448491387,0.7725832488761855,-0.6969742309629264,-0.10000726606323704,-0.4379170107498695,0.8990153162174298,0.000391027330918504,solved,0,4.393960884540587e-05,0.04393960884540587,0.00043073539507342874,0.43073539507342873,4.215129589661496,34,0.5660787348272508,0.0028559364443068516,2.8559364443068516,0.0011440635556931485,1.1440635556931484,0.4430056153499332,0.44296049264525506,0.09539114037116449,0.21532715854135248,0.21534909310198572,76.46473344809715,0.2340438302468436,0.022325707864081647,-0.01760858350437595,0.11058364545652147,0.4286200769633742,-0.017599376231247632,0.11058729120916322,0.42857287714438697,-0.050192056618603154,0.08111855505277266,8.449767117946205e-05,-0.03974799166025652,0.24962131770986845,0.9675274129986008,-0.039731254871395706,0.24965497611031207,0.9675194159755678,-0.5261710513503366,0.8503782923355611,0.0008858020865531514,mpc_1np1s_wadv_60/frames/frame_000156.png
157,39,39,0,0.005192586883419888,5.192586883419889,-0.035124065966622875,-0.02185977884899879,5.693954791596151e-07,0.0,0.0,-0.0019518990188850695,0.010001322096785779,0.6927239211611368,-0.6211798087991909,-0.1,-0.0005331921306544718,-0.9999990716317726,0.001212682986024592,-0.00031912649576987983,0.031721147705881726,0.7725318896918705,-0.6968862937693249,-0.10000709951295195,-0.4402566872221299,0.8978718719941453,0.00038837858429540203,solved,0,6.6554436724072635e-06,0.006655443672407263,7.55725857603905e-05,0.0755725857603905,4.0658417006112,34,0.6614285907169509,0.0028530788502180507,2.8530788502180506,0.0011469211497819494,1.1469211497819494,0.12747162856859304,0.12746783179670115,0.10183684780577293,0.7988981465861956,0.7989219426607399,36.361160933535494,0.8052958730141714,0.08200879325876122,-0.057521120384809,0.08542537427770405,-0.07511885401894679,-0.05752215640131286,0.08542468379268975,-0.0751124028693928,-0.051359184314980766,0.0879371936015616,0.00016655028509116043,-0.4512464540598274,0.6701520584381353,-0.5892986138364507,-0.45126802261024673,0.6701666027310628,-0.5892655567342654,-0.5043281034477318,0.8635105612192429,0.001635461904799051,mpc_1np1s_wadv_60/frames/frame_000157.png
158,39,39,0,0.005107558056708147,5.107558056708147,-0.036055083435052704,-0.02451481609477888,6.793650909146889e-07,0.0,0.0,-0.002103995657750632,0.010004037372042534,0.6923633703267863,-0.6214249569601387,-0.1,-0.0005331954878287744,-0.9999990843338363,0.0012021630174353427,-0.0003191208865825829,0.03182118807960215,0.7724778827767099,-0.6968048293659027,-0.10000685252417267,-0.4430186809625823,0.8965122924074032,0.0003973419139104144,solved,0,5.793040428880185e-06,0.005793040428880185,0.0003119353077397958,0.3119353077397958,3.9165826779695205,34,0.7632614266734722,0.0028526610239555704,2.8526610239555703,0.0011473389760444297,1.1473389760444297,0.3274543119954032,0.32739471198037895,0.09774076382730387,0.29848672088543443,0.29854105839425277,72.32237236937853,0.30366105059291965,0.029680063029553536,-0.051034621958216564,0.08641354110936954,-0.3116961560861861,-0.05101212580493897,0.08642328980179581,-0.31163452221057153,-0.05400691516055378,0.0814644034221601,0.00024698877927609164,-0.15585264902217255,0.2638949555520973,-0.9518767799599526,-0.15581230831851728,0.2639727724343185,-0.9518618071914615,-0.5525526202759933,0.8334741844876296,0.0025269781982928943,mpc_1np1s_wadv_60/frames/frame_000158.png
159,39,39,0,0.005023539925831594,5.023539925831594,-0.03705451072580635,-0.02579765997090684,8.535058303283877e-07,0.0,0.0,-0.0022118977402934225,0.010004521640923966,0.6919928252195282,-0.6216829335598477,-0.1,-0.0005331990171100056,-0.9999990975679885,0.0011911035387873808,-0.00031911498969359347,0.03192123329601139,0.7724218665265584,-0.6967253087779359,-0.10000664685907694,-0.4460136703039568,0.8950260608880201,0.00039526354205212603,solved,0,5.476914984206897e-06,0.005476914984206898,8.872918035322622e-05,0.08872918035322622,3.740122613405493,34,0.8608205695755259,0.002846637051260283,2.846637051260283,0.0011533629487397172,1.1533629487397172,0.13257385693641613,0.1325630023360617,0.09726965862873516,0.7337016579021817,0.7337617352852793,42.01676891230052,0.7429489573699152,0.07226639146194637,-0.05219876454268592,0.0834802167237348,0.08878158558492201,-0.05221890476703184,0.0834673291256749,0.08876564956056265,-0.05601625015150269,0.07952058796678596,0.00020566509573161085,-0.39373346864096304,0.6296883763725214,0.6696764176326456,-0.3939176380046916,0.6296427182154195,0.6696110377428842,-0.5758861595814679,0.8175271619930841,0.0021143807702318157,mpc_1np1s_wadv_60/frames/frame_000159.png
160,40,40,1,0.005786061362892428,5.786061362892428,-0.036534716943476986,-0.024792255232454354,7.434654904365456e-07,0.0,0.0,-0.002128382107476317,0.010004999366734144,0.6916274780500934,-0.6219308561121722,-0.1,-0.0005332024130729845,-0.9999991101869807,0.0011804616377863544,-0.00031910931541928497,0.03202128328967873,0.7723661073847156,-0.696646431812204,-0.10000640154810128,-0.4489647271859984,0.8935493911120063,0.0003992319691198208,solved,0,6.908597666954502e-06,0.006908597666954502,2.978238185398894e-05,0.02978238185398894,3.5487317387578003,34,0.9577015196547581,0.0028379674741350626,2.8379674741350627,0.0011620325258649374,1.1620325258649375,0.1040921410986733,0.10409442786914025,0.09659564068634365,0.9279820711419183,0.9279616850171508,16.52208691028809,0.9587101787514807,0.09260722394901832,-0.06258963394619076,0.07787539404364362,0.029208467326020265,-0.06259427630495029,0.07787214803256504,0.02921532214536504,-0.05575914184285935,0.07887696573194436,0.0002453109756578309,-0.6012906765637515,0.7481390354899345,0.28060204178461784,-0.6013220648432704,0.7480914168668096,0.2806617293875938,-0.5772428387727685,0.8165685860303601,0.002539565697942641,mpc_1np1s_wadv_60/frames/frame_000160.png
