idx,ref_index,t_solve_ms,qp_iterations,deadline_miss,qp_status,qp_primal_residual,qp_dual_residual,sigma_min,sigma_max,kappa_J,lambda_min_H,lambda_max_H,kappa_H,d_w_mm,u_min_dot_nwall,excl_binding,ws_binding,excl_dual_mag,ws_dual_mag,n_binding_base
0,0,16.98721293359995,225.0,False,solved,0.0,1.1204126197417206e-11,7.730183874006027e-05,0.0906492384671269,1172.6660056813057,2799.9999999999986,35669.13773868012,12.738977763814335,2.2714149236168484,0.2849657963041714,False,False,0.0,0.0,3
1,1,6.424976047128439,50.0,False,solved,0.0,9.66016686240642e-12,7.763770861513234e-05,0.09111611493103788,1173.6064414615976,2799.999999999998,36008.58560050446,12.860209143037316,1.9441086619075574,0.28471649263356175,False,False,0.0,0.0,0
2,2,6.365526933223009,50.0,False,solved,0.0,1.5484833218283027e-11,7.78294436846329e-05,0.09181388517337961,1179.6806044947728,2799.9999999999945,36519.15804252214,13.042556443757933,2.4422252405680838,0.2843247547976627,False,False,0.0,0.0,0
3,3,5.024571903049946,50.0,False,solved,0.0,1.1099905201613174e-11,7.786055457350693e-05,0.09243298179649223,1187.1605886036646,2799.9999999999945,36975.424495162646,13.205508748272399,2.3343721392550223,0.28371118803684464,False,False,0.0,0.0,0
4,4,11.117252986878157,50.0,False,solved,0.0,1.0689646065264387e-11,7.752707226031187e-05,0.09294812284746609,1198.9118141257175,2799.999999999998,37357.41416347058,13.34193362981093,2.7747599085904215,0.2828100936826979,False,False,0.0,0.0,0
5,5,9.289233013987541,50.0,False,solved,0.0,1.6150885310065813e-11,7.692114132688789e-05,0.09351222311899535,1215.6894906382263,2799.999999999999,37778.143490627066,13.492194103795384,3.010950888695944,0.2816371570603181,False,False,0.0,0.0,0
6,7,7.573639042675495,50.0,False,solved,0.0,1.9286360611845887e-11,7.518503132572946e-05,0.09456985093360497,1257.8281775782373,2799.999999999997,38573.82682241704,13.776366722291815,3.183745182210618,0.27905862778461415,False,False,0.0,0.0,0
7,8,30.346244806423783,50.0,False,solved,0.0,2.392983033037721e-11,7.440432697559967e-05,0.09511456672357316,1278.3472492771186,2799.999999999999,38987.12321205219,13.923972575732929,3.8741254979598105,0.2777563629964023,False,False,0.0,0.0,0
8,9,23.411399917677045,50.0,False,solved,0.0,2.0987973365764904e-11,7.360385300534045e-05,0.09563416659728965,1299.3092439107875,2799.9999999999986,39383.57528303262,14.065562601083084,3.775086270806888,0.2764591873292982,False,False,0.0,0.0,0
9,10,34.0759688988328,50.0,False,solved,0.0,2.2655067577417415e-11,7.274656457633663e-05,0.0962429077430829,1322.9890415249833,2799.999999999997,39850.78916337424,14.232424701205103,4.026739739013554,0.31495184291657286,False,False,0.0,0.0,0
10,11,16.321819042786956,50.0,False,solved,0.0,1.9717056764711375e-11,7.187558517282731e-05,0.09678773691084736,1346.6010284037052,2799.9999999999977,40271.46406529363,14.38266573760488,3.873603843167794,0.3136896919561095,False,False,0.0,0.0,0
11,13,8.069258881732821,50.0,False,solved,0.0,2.3202789667589176e-11,7.01895973259018e-05,0.09790409799897887,1394.8519685102922,2799.9999999999986,41140.849619974615,14.69316057856237,4.088399595259891,0.31114896991933555,False,False,0.0,0.0,0
12,14,5.558910081163049,25.0,False,solved,0.0,3.2554808329250005e-11,6.933175195029674e-05,0.09847224089460355,1420.305100110514,2799.9999999999977,41587.128907219325,14.852546038292628,3.965900259761391,0.3099182496763598,False,False,0.0,0.0,0
13,15,8.494377136230469,50.0,False,solved,0.0,2.534609362588311e-11,6.851066912893503e-05,0.09892281904256639,1443.9038517693732,2799.9999999999995,41942.89650931337,14.979605896183347,4.089313481310407,0.30869707291783194,False,False,0.0,0.0,0
14,16,6.688807159662247,50.0,False,solved,0.0,2.1619885371886186e-11,6.76372378720622e-05,0.09950596919294155,1471.1713890676608,2799.999999999999,42405.75162010656,15.144911292895205,4.00389837214542,0.30745369563332464,False,False,0.0,0.0,0
15,17,6.852244026958942,50.0,False,solved,0.0,1.9487897659911412e-11,6.663452137671792e-05,0.10010013898006595,1502.2264272620844,2799.9999999999995,42880.15129531405,15.314339748326448,4.091168948346351,0.30610545288005075,False,False,0.0,0.0,0
16,18,10.028045857325196,50.0,False,solved,0.0,1.5588780566399415e-11,6.54791981993287e-05,0.10061834662591006,1536.6459790728106,2799.999999999996,43296.20671092715,15.46293096818829,4.051012328901883,0.36165887691741244,False,False,0.0,0.0,0
17,19,12.092481134459376,25.0,False,solved,0.0,1.7488657921572735e-11,6.432766577802155e-05,0.10124042380514771,1573.8239928447383,2799.999999999998,43798.493648983625,15.642319160351304,3.7255436284796115,0.36018039758871084,False,False,0.0,0.0,0
18,21,14.127643080428243,25.0,False,solved,0.0,1.9409362685453083e-11,6.202039603421445e-05,0.10233528139362319,1650.026248416222,2800.0,44690.03927164815,15.960728311302912,4.020842350568843,0.35729689452488517,False,False,0.0,0.0,0
19,22,9.598011849448085,25.0,False,solved,0.0,1.977846311015826e-11,6.0864092419342794e-05,0.10286779165564398,1690.1228222858094,2799.9999999999995,45127.130240435865,16.116832228727098,3.971560442153298,0.3559048671214458,False,False,0.0,0.0,0
20,23,32.004422042518854,50.0,False,solved,0.0,2.842931825264468e-11,5.980081159336976e-05,0.10341187557141558,1729.272108789926,2799.9999999999986,45576.06403679175,16.277165727425633,3.9688850876849426,0.3545071457904761,False,False,0.0,0.0,0
21,24,7.835987024009228,50.0,False,solved,0.0,2.0185876084238553e-11,5.866984388384475e-05,0.10398382461152524,1772.3555702209408,2799.999999999998,46050.543123361735,16.446622544057774,3.920414901693177,0.3531141372662203,False,False,0.0,0.0,0
22,25,5.923664895817637,50.0,False,solved,0.0,2.0786772196666408e-11,5.756294797951367e-05,0.10449656723279847,1815.3442605126515,2800.0,46478.130253755095,16.599332233483963,3.827518759328342,0.3517240101186904,False,False,0.0,0.0,0
23,26,22.400776855647564,50.0,False,solved,0.0,2.0155153068465957e-11,5.643988878112577e-05,0.10508333280500277,1861.8628610789185,2799.9999999999973,46970.027333627884,16.775009762009976,3.4619285314454515,0.41062519225625416,False,False,0.0,0.0,0
24,28,5.670969840139151,50.0,False,solved,0.0,2.1874163744850212e-11,5.395149061729528e-05,0.10619141097872054,1968.2757559376619,2799.9999999999977,47906.46306260611,17.10945109378791,3.5040089908206444,0.4076783978448721,False,False,0.0,0.0,0
25,29,9.904467966407537,25.0,False,solved,0.0,2.6471541560081218e-11,5.2562916573445386e-05,0.10675848649323208,2031.060935213898,2799.999999999995,48389.49775330248,17.281963483322343,3.7403054278496137,0.40608338837381475,False,False,0.0,0.0,0
26,30,8.420014986768365,25.0,False,solved,0.0,3.3226424920891033e-11,5.118148940033474e-05,0.10728933207263118,2096.252636054188,2799.9999999999973,48844.003106365315,17.444286823701916,3.8153350827101318,0.4044724654973693,False,False,0.0,0.0,0
27,31,5.130972946062684,50.0,False,solved,0.0,3.022053334321623e-11,4.9799380308661444e-05,0.10782688953147647,2165.2255281723355,2799.999999999989,49306.55242413289,17.60948300861896,3.693619838676743,0.4028939515207162,False,False,0.0,0.0,0
28,32,4.981433041393757,25.0,False,solved,0.0,1.8973599100819226e-11,4.8502473084910084e-05,0.10837911012495108,2234.5068865915127,2799.9999999999977,49784.12604590501,17.78004501639466,3.729327675568544,0.4013471080818997,False,False,0.0,0.0,0
29,33,6.902426015585661,50.0,False,solved,0.0,2.5178277358444005e-11,4.721989338037319e-05,0.10893492383067825,2306.970982614644,2799.999999999993,50267.27051998263,17.952596614279553,3.6801053867095868,0.3998170610944804,False,False,0.0,0.0,0
30,34,16.00240101106465,50.0,False,solved,0.0,1.8233595257645757e-11,4.5958358707589466e-05,0.10948295800430025,2382.2207990691463,2799.999999999997,50746.0723734855,18.12359727624484,3.7770710376212446,0.3982927613508144,False,False,0.0,0.0,0
31,35,44.88378413952887,50.0,False,solved,0.0,1.7064391557050323e-11,4.46480248947335e-05,0.11003354302196593,2464.466082909415,2799.999999999997,51229.522359867246,18.296257985666895,3.535960498371224,0.47101342766657345,False,False,0.0,0.0,0
32,37,5.202969070523977,50.0,False,solved,0.0,2.5024411891557166e-11,4.193955044978762e-05,0.11115831098806113,2650.44116581903,2799.9999999999973,52224.68040687407,18.651671573883615,3.5331590609242345,0.39349895731654033,False,False,0.0,0.0,0
33,38,5.6754471734166145,50.0,False,solved,0.0,1.5572930370682964e-11,4.046542336640907e-05,0.11168415670651216,2759.9898237867637,2799.999999999999,52693.40343697907,18.81907265606396,3.500530129742407,0.4288696970645378,False,False,0.0,0.0,0
34,39,6.207193015143275,50.0,False,solved,0.0,1.987773249498535e-11,3.894572312225796e-05,0.11222264041151721,2881.5138458009674,2799.999999999997,53175.684083730725,18.991315744189567,3.733695403384745,0.4644596879694332,False,False,0.0,0.0,0
35,40,4.965259926393628,50.0,False,solved,0.0,1.8571435114355156e-11,3.740340526183092e-05,0.11276948607309832,3014.95238959369,2799.9999999999964,53667.827956762856,19.167081413129615,3.5756269387486674,0.4626733049529555,False,False,0.0,0.0,0
36,41,9.79200191795826,50.0,False,solved,0.0,2.7234649213629624e-11,3.5889038660138535e-05,0.11329729197567867,3156.8773142289942,2799.999999999995,54145.10547608875,19.33753767003173,3.801064696940617,0.46090168485235355,False,False,0.0,0.0,0
37,42,4.853443009778857,50.0,False,solved,0.0,2.2591112585538788e-11,3.443482654706359e-05,0.11383260930386117,3305.740749072197,2799.9999999999995,54631.45176370196,19.511232772750702,3.7312004467743045,0.4591643933377377,False,False,0.0,0.0,0
38,43,8.516769856214523,50.0,False,solved,0.0,1.8418637084591604e-11,3.305276491049614e-05,0.11437335404562742,3460.326370739028,2799.9999999999977,55125.05646258572,19.687520165209204,3.630706487148714,0.45747524250448424,False,False,0.0,0.0,0
39,44,4.917145939543843,50.0,False,solved,0.0,1.8825142086540332e-11,3.170324500159738e-05,0.11493948317292046,3625.4800783682936,2799.9999999999945,55644.339168232225,19.87297827436869,3.501535504992443,0.4558042841869698,False,False,0.0,0.0,0
40,46,8.212025044485927,50.0,False,solved,0.0,2.7306294051279986e-11,2.882000800504595e-05,0.11603474321539768,4026.187057098726,2799.999999999999,56656.2465322531,20.23437376151897,3.633372326393344,0.4521822365527928,False,False,0.0,0.0,0
41,47,25.764557998627424,25.0,False,solved,0.0,2.151826746636663e-11,2.7213632249979014e-05,0.1165551086349057,4282.967726037217,2799.9999999999977,57140.3733955787,20.407276212706694,3.6363810287478318,0.450143733387157,False,False,0.0,0.0,0
42,48,8.001545909792185,50.0,False,solved,0.0,1.5525402010257717e-11,2.5552615881181634e-05,0.11709252873948225,4582.408677215537,2799.999999999999,57642.641146425914,20.586657552294977,3.249872189419771,0.447993119895237,False,False,0.0,0.0,0
43,49,29.485387029126287,25.0,False,solved,0.0,2.3265747238948928e-11,2.3879417010775997e-05,0.11763350250684151,4926.146331535539,2799.999999999999,58150.563648108364,20.768058445752995,3.5400380649099814,0.5583338906961907,False,False,0.0,0.0,0
44,50,4.945889115333557,50.0,False,solved,0.0,1.8690850032439495e-11,2.223453914256622e-05,0.1181654176757389,5314.498174127693,2799.9999999999986,58652.26373792734,20.947237049259773,3.4225345158385356,0.5562532373332612,False,False,0.0,0.0,0
45,51,5.837179021909833,50.0,False,solved,0.0,2.2778936427126362e-11,2.065141458759245e-05,0.11869177940086316,5747.392213614956,2800.0,59150.95398937266,21.125340710490235,3.386621802753599,0.5541861644615083,False,False,0.0,0.0,0
46,53,5.6248188484460115,50.0,False,solved,0.0,1.4942250342856663e-11,1.7748440867980828e-05,0.11975865738754676,6747.559308355813,2799.999999999998,60168.544077071274,21.488765741811182,3.250724830836053,0.5501899331107074,False,False,0.0,0.0,0
47,54,6.880713161081076,25.0,False,solved,0.0,1.8454076768120022e-11,1.637905258647839e-05,0.12029900748027432,7344.686565057267,2799.9999999999945,60687.404802956444,21.67407314391306,3.3782386520651912,0.5482113218439052,False,False,0.0,0.0,0
48,55,4.703397862613201,25.0,False,solved,0.0,2.4102779530551853e-11,1.4967060443510581e-05,0.12084021651563642,8073.7441377829355,2799.9999999999986,61209.43171018358,21.860511325065573,3.5432271048887447,0.5460967879178946,False,False,0.0,0.0,0
49,56,5.327510181814432,50.0,False,solved,0.0,2.804578103574027e-11,1.3478320808745402e-05,0.12136325896728137,9004.33078344113,2799.999999999997,61716.162508637615,22.041486610227746,3.536229245667905,0.6332690583253833,False,False,0.0,0.0,0
50,56,7.085731020197272,50.0,False,solved,0.0,2.7936436355000632e-11,1.3478320808745402e-05,0.12136325896728137,9004.33078344113,2799.999999999997,61716.162508637615,22.041486610227746,3.5469699088881605,0.5437804417880777,False,False,0.0,0.0,0
51,58,6.787852151319385,50.0,False,solved,0.0,2.4469666745992433e-11,1.0575110518580918e-05,0.12242115310069443,11576.347394724175,2799.9999999999964,62747.754906014656,22.409912466433834,3.4962804225236757,0.6287662696321475,False,False,0.0,0.0,0
52,59,6.408829009160399,50.0,False,solved,0.0,1.48893515427218e-11,9.242405134186665e-06,0.1229525659569516,13303.092016834802,2800.0000000000005,63269.333901594146,22.59619067914076,3.3652209296471236,0.6265056968310949,False,False,0.0,0.0,0
53,60,6.049351999536157,50.0,False,solved,0.0,1.7414669154581773e-11,7.995976734090731e-06,0.12348456329687085,15443.336993515277,2799.999999999999,63793.7494904756,22.783481960884153,3.355317022037288,0.6242438843628785,False,False,0.0,0.0,0
54,61,6.7585359793156385,50.0,False,solved,0.0,1.2740110134581345e-11,6.8490177381767366e-06,0.12401851817821208,18107.489704242875,2799.999999999998,64322.37140447811,22.972275501599338,3.489710700036711,0.6220095563291926,False,False,0.0,0.0,0
55,62,21.923123858869076,50.0,False,solved,0.0,1.9080977404323217e-11,5.811683627531224e-06,0.12455402066031067,21431.658817467433,2799.9999999999955,64854.8162505964,23.16243437521304,3.420097486705173,0.6198312734561394,False,False,0.0,0.0,0
56,63,11.280488921329379,50.0,False,solved,0.0,2.5531753208157615e-11,4.850223392876771e-06,0.12509136010301,25790.845074625653,2799.999999999994,65391.3934896837,23.354069103458514,3.1204813616217253,0.617647171635421,False,False,0.0,0.0,0
57,64,7.257709978148341,50.0,False,solved,0.0,1.302364342378636e-11,3.935621189222445e-06,0.12562655814279283,31920.38870174207,2799.999999999997,65928.12844321807,23.545760158292193,3.0796696113280664,0.6834119530225682,False,False,0.0,0.0,0
58,65,8.609054144471884,50.0,False,solved,0.0,1.5911042599440358e-11,3.0296164590597576e-06,0.12615820385930432,41641.64195835454,2799.999999999996,66463.56960402324,23.73698914429405,3.304529302393868,0.6810587497283342,False,False,0.0,0.0,0
59,67,4.509751917794347,25.0,False,solved,0.0,1.910363724180157e-11,1.5449512541190365e-06,0.1272279295972423,82350.7727237584,2799.9999999999986,67547.78427840339,24.124208670858362,3.3950915949973797,0.6762638569195162,False,False,0.0,0.0,0
60,68,15.41454903781414,50.0,False,solved,0.0,1.8162970910461438e-11,1.4708821662581603e-06,0.1277590345749543,86858.78278065329,2799.999999999999,68089.48366209747,24.31767273646339,3.266613134168753,0.6739696269337667,False,False,0.0,0.0,0
61,69,24.193383986130357,50.0,False,solved,0.0,2.5855225258120374e-11,8.298784934939005e-07,0.12830188130373868,154603.2127710292,2799.9999999999977,68645.49098431462,24.516246780112382,3.426398262213968,0.6715799630977793,False,False,0.0,0.0,0
62,70,23.577921092510223,100.0,False,solved,0.0,2.257031635901877e-11,3.7323790442784073e-07,0.12884638770029433,345212.49361800717,2799.999999999998,69205.56649365832,24.71627374773513,3.204087837050909,0.6692263897925261,False,False,0.0,0.0,1
63,71,50.132826901972294,50.0,False,solved,0.0,2.5408011101051006e-11,9.676515836818692e-08,0.12939344236374523,1337190.415907854,2799.9999999999864,69770.65170695941,24.918089895342767,3.021808163593284,0.7311440745782827,False,False,0.0,0.0,0
64,73,16.544262878596783,50.0,False,solved,0.0,1.8823293131524875e-11,1.0750877993698252e-07,0.1304757229716732,1213628.5338569838,2799.999999999999,70895.65713992325,25.319877549972595,3.3022587563318564,0.7266133248346699,False,False,0.0,0.0,0
65,74,7.9226570669561625,50.0,False,solved,0.0,1.4307951236128154e-11,3.9395930606873036e-07,0.13100219899035043,332527.2356112225,2799.9999999999923,71446.30456122942,25.516537343296292,3.0733374078736366,0.7241937812545458,False,False,0.0,0.0,0
66,75,5.6711731012910604,50.0,False,solved,0.0,1.764936161583542e-11,6.513494920301252e-07,0.13161220539000712,202060.80913611889,2799.999999999989,72087.09043048562,25.745389439459252,3.2468312670419888,0.7214092695692529,False,False,0.0,0.0,0
67,76,5.7270091492682695,50.0,False,solved,0.0,1.839731540368365e-11,1.290762892794328e-06,0.13213339775339314,102368.4508526133,2799.9999999999973,72636.93920742563,25.941764002652036,3.3440776893203576,0.7189533286629124,False,False,0.0,0.0,0
68,77,7.901733973994851,125.0,False,solved,0.0,2.4408514472387692e-11,1.977799144504266e-06,0.13268728902101667,67088.35393609933,2799.9999999999995,73223.66667098728,26.151309525352605,3.275775044369062,0.7166159677867399,False,False,0.0,0.0,1
69,78,16.42243191599846,75.0,False,solved,0.0,2.0000917755634848e-11,2.785194146941713e-06,0.13324016063689215,47838.73353431994,2799.9999999999923,73811.76162617932,26.361343437921256,3.2348536731395616,0.7143044693947103,False,False,0.0,0.0,1
70,79,6.093563046306372,50.0,False,solved,0.0,1.427101420418948e-11,3.8379102065134e-06,0.1337892829110261,34859.93046006376,2799.9999999999995,74398.28888738634,26.57081745978084,3.1834040872090603,0.7118836305120835,False,False,0.0,0.0,0
71,80,4.934384021908045,50.0,False,solved,0.0,2.52031276597799e-11,5.107445543527223e-06,0.13434352373939476,26303.4666927876,2799.999999999998,74992.72948286933,26.783117672453347,3.2947274734112355,0.7092124265558724,False,False,0.0,0.0,0
72,82,12.87555112503469,50.0,False,solved,0.0,2.1549700280847606e-11,8.435922609813829e-06,0.13541228432741484,16051.86422287523,2799.999999999986,76145.94698707445,27.194981066812442,3.153637885499252,0.7608039039556609,False,False,0.0,0.0,0
73,83,4.905018024146557,50.0,False,solved,0.0,1.502299475627239e-11,1.0424576007597783e-05,0.13592127020865047,13038.541817872156,2799.999999999999,76698.36678053194,27.392273850189987,3.191105749500834,0.7582486252540975,False,False,0.0,0.0,0
74,84,6.8297169636935,50.0,False,solved,0.0,3.7225633123551286e-11,1.25603262832879e-05,0.13642049032199338,10861.22185404588,2799.99999999999,77242.20071877235,27.58650025670451,3.1878146854151437,0.7557681934110384,False,False,0.0,0.0,0
75,85,5.019366974011064,50.0,False,solved,0.0,2.979018367656337e-11,1.4862287379819604e-05,0.13685977126825433,9208.526774558675,2799.9999999999955,77722.38796639569,27.75799570228422,2.8716708174849988,0.7869710129393434,False,False,0.0,0.0,0
76,86,21.79500716738403,50.0,False,solved,0.0,1.5770744070882374e-11,1.745123068931064e-05,0.13708580870359133,7855.366257209594,2799.9999999999995,77970.07579167058,27.846455639882354,3.0247991314735083,0.7845767252505709,False,False,0.0,0.0,0
77,87,4.616979975253344,25.0,False,solved,0.0,1.575389466425278e-11,2.0350564533378943e-05,0.13707705159222816,6735.786192436811,2799.999999999998,77960.47229287353,27.843025818883422,2.582040998929533,0.7821106382936492,False,False,0.0,0.0,0
78,88,11.932748137041926,50.0,False,solved,0.0,1.2704794134258256e-11,2.3438656838261463e-05,0.13678070520334973,5835.68871489546,2799.9999999999955,77635.8452637026,27.727087594179547,2.923007904104077,0.7942831719633332,False,False,0.0,0.0,0
79,90,6.633951095864177,50.0,False,solved,0.0,1.6532771236867854e-11,3.0278338757248605e-05,0.12693913392028305,4192.407481070735,2799.9999999999986,67254.17488172624,24.0193481720451,2.5455718930115836,0.7878449173051977,False,False,0.0,0.0,0
80,90,16.3764008320868,50.0,False,solved,0.0,1.4817284656432048e-11,3.0278338757248605e-05,0.12693913392028305,4192.407481070735,2799.9999999999986,67254.17488172624,24.0193481720451,2.5614484379380253,0.7878449173052157,False,False,0.0,0.0,0
81,92,9.752294048666954,50.0,False,solved,0.0,9.07836760487411e-12,3.167799334443588e-05,0.11472988573032404,3621.753577723884,2799.9999999999877,55451.78671877287,19.80420954241897,2.832010804080318,0.7749453901246722,False,False,0.0,0.0,0
82,93,9.105447912588716,50.0,False,solved,0.0,3.3494466776074984e-12,3.218151482613856e-05,0.11126098082834668,3457.294705654377,2799.999999999994,52316.02341954291,18.68429407840822,2.7957939558282665,0.7679040051567716,False,False,0.0,0.0,0
83,94,5.509509006515145,50.0,False,solved,0.0,3.4758828623224865e-12,3.5719366629282057e-05,0.1071188751029298,2998.9018622495896,2799.9999999999936,48697.813613268314,17.39207629045301,2.7672661615375054,0.7659780832646708,False,False,0.0,0.0,0
84,95,8.276002947241068,50.0,False,solved,0.0,6.888491235014278e-12,3.991614678580413e-05,0.10213896815108321,2558.8383743344725,2799.9999999999945,44529.47525987192,15.903384021382859,2.782059348503251,0.7461616148934819,False,False,0.0,0.0,0
85,96,5.803538020700216,50.0,False,solved,0.0,8.713766544780183e-12,4.7044945384738455e-05,0.09904921495747207,2105.4167275025466,2800.0,42042.98793476603,15.01535283384501,2.756580300725172,0.7358587143464488,False,False,0.0,0.0,0
86,97,7.308546919375658,50.0,False,solved,0.0,1.1433190264308334e-11,5.216827692098041e-05,0.09481691665214226,1817.520574730923,2799.9999999999973,38760.99073367719,13.843210976313294,2.742966522725143,0.726572879094855,False,False,0.0,0.0,0
87,99,27.30099204927683,50.0,False,solved,0.0,8.050098966510468e-12,6.279303695408287e-05,0.08981696887630748,1430.3651046848672,2799.9999999999973,35068.35159251037,12.52441128303943,2.7379847341681445,0.711579146772669,False,False,0.0,0.0,0
88,100,30.61740193516016,50.0,False,solved,0.0,6.2541022008143995e-12,6.961884777369456e-05,0.09014586114692508,1294.8485076908532,2799.999999999998,35305.10512768272,12.608966117029551,2.75498377473894,0.7061079157898247,False,False,0.0,0.0,0
89,101,15.810125041753054,25.0,False,solved,0.0,5.8612536775067195e-12,7.220745490667455e-05,0.0903328141190145,1251.0178379194545,2799.999999999998,35440.06922664168,12.657167580943465,2.6999455597842625,0.7039899098831255,False,False,0.0,0.0,0
90,102,10.619292967021465,50.0,False,solved,0.0,6.155437008915247e-12,7.580636241990806e-05,0.0944617978427169,1246.093267468399,2800.0,38492.1250067133,13.747187502397606,2.8456999032445656,0.7038293332764604,False,False,0.0,0.0,0
91,103,5.65295503474772,50.0,False,solved,0.0,5.222469415071084e-12,7.690782830787361e-05,0.0902560515959224,1173.5613081494623,2799.9999999999945,35384.619398743234,12.637364070979752,2.6490890415302695,0.7106656729045087,False,False,0.0,0.0,0
92,104,5.479787942022085,50.0,False,solved,0.0,6.7919960006601574e-12,8.252427348325549e-05,0.09028188835814678,1094.0040372056756,2799.999999999998,35403.27746205154,12.644027665018415,2.688700830590971,0.6955274036165427,False,False,0.0,0.0,0
93,106,5.563859129324555,50.0,False,solved,0.0,3.7988702894187635e-12,6.167080803476351e-05,0.08184344056320098,1327.1018034507713,2799.9999999999995,29593.39505288887,10.569069661746028,2.8007009972562846,0.6999857738481216,False,False,0.0,0.0,0
94,107,11.678051901981235,50.0,False,solved,0.0,4.609022885140536e-12,8.873550307330365e-05,0.10933500088566396,1232.1449374704423,2799.999999999993,50616.56967467257,18.077346312383106,2.8773202729031517,0.7261385866214564,False,False,0.0,0.0,0
95,108,4.949681926518679,50.0,False,solved,0.0,6.119341683913142e-12,5.6205441738054265e-05,0.11643936204165391,2071.6741731934094,2799.9999999999986,57032.50013066937,20.368750046667643,2.7749881495993334,0.7276324872584552,False,False,0.0,0.0,0
96,109,8.136882912367582,50.0,False,solved,0.0,6.697615154286626e-12,8.389789445254171e-05,0.07961386211079954,948.9375464104704,2799.999999999989,28153.4681607896,10.054810057424895,2.8497146431713674,0.6926420346997185,False,False,0.0,0.0,0
97,110,5.556314950808883,50.0,False,solved,0.0,6.606183823245122e-12,8.211668361199499e-05,0.07550696660354958,919.5082324600855,2799.999999999996,25605.208022678198,9.144717150956513,2.887138282932175,0.6896450967037285,False,False,0.0,0.0,0
98,111,7.47168785892427,50.0,False,solved,0.0,2.324055032138515e-12,7.575203695161514e-05,0.07102866713139848,937.6469596027681,2799.999999999998,22980.286217852026,8.2072450778043,3.0474698243042315,0.6881360915968014,False,False,0.0,0.0,0
99,112,5.018424009904265,25.0,False,solved,0.0,6.321678315891587e-12,7.34750441094489e-05,0.07011167386681702,954.2243181559471,2800.0,22462.58724962765,8.022352589152732,3.0209274507540163,0.6869197029983768,False,False,0.0,0.0,0
100,113,4.958158126100898,50.0,False,solved,0.0,6.773449892418093e-12,6.986540739478938e-05,0.06658461174093587,953.0412005570271,2799.9999999999986,20534.042082764696,7.333586458130252,3.010029930969874,0.6852187323188168,False,False,0.0,0.0,0
101,114,5.800710991024971,50.0,False,solved,0.0,4.737564406844586e-12,6.617019164279599e-05,0.06517413917472166,984.947112236711,2799.9999999999964,19790.673668663923,7.068097738808553,3.0668560337167365,0.6842740816863521,False,False,0.0,0.0,0
102,115,4.964589141309261,50.0,False,solved,0.0,1.1052742453162494e-11,6.302898572465597e-05,0.06151811684318368,976.0289831083024,2799.999999999999,17937.914799726383,6.406398142759424,3.0504192228296163,0.6826696758494928,False,False,0.0,0.0,0
103,116,8.576417807489634,50.0,False,solved,0.0,6.3104147929417655e-12,6.153045548890956e-05,0.059527408692304044,967.4462543680252,2799.9999999999945,16974.049542482368,6.0621605508865715,3.129399324121383,0.6807245015130745,False,False,0.0,0.0,0
104,117,4.971927963197231,50.0,False,solved,0.0,6.492262815633291e-12,6.085750318958292e-05,0.05818831887682499,956.1404235654738,2799.999999999999,16343.521814844282,5.8369720767301025,3.0940981169709434,0.6780029244689952,False,False,0.0,0.0,0
105,118,11.282268911600113,50.0,False,solved,0.0,9.551534928607548e-12,6.293576438710397e-05,0.057426339295660454,912.4595507006754,2799.999999999999,15991.137779601282,5.711120635571889,3.1103271244247166,0.6736270555480527,False,False,0.0,0.0,0
106,119,6.265458185225725,50.0,False,solved,0.0,1.1668227838503529e-11,6.805105144483349e-05,0.05705260384672613,838.3794612339913,2799.999999999999,15819.998422765872,5.649999436702099,3.0849467720264947,0.6679417870484176,False,False,0.0,0.0,0
107,121,33.678774954751134,50.0,False,solved,0.0,2.9436312286725184e-11,7.413585175030567e-05,0.05690910623930951,767.6327295865306,2799.9999999999964,15754.585491828057,5.626637675652884,2.670615237074948,0.6621359809593431,False,False,0.0,0.0,0
108,122,8.283358998596668,50.0,False,solved,0.0,1.2173107695773048e-11,7.643300010981864e-05,0.05707170361438167,746.6893034733854,2799.9999999999986,15828.717413791295,5.653113362068322,2.906856350084734,0.6604890395543319,False,False,0.0,0.0,0
109,123,5.859859054908156,50.0,False,solved,0.0,9.062115133340239e-12,8.048387746004399e-05,0.057552740484445974,715.08409262486,2800.0,16049.271749079955,5.731882767528555,3.0137304016626016,0.6562406986193458,False,False,0.0,0.0,0
110,124,28.613063041120768,25.0,False,solved,0.0,1.0199301378291753e-11,8.844463088335993e-05,0.05836719119340912,659.9291625783741,2799.999999999998,16426.916031231904,5.86675572543997,2.96912354180524,0.649276518836131,False,False,0.0,0.0,0
111,126,14.364136848598719,50.0,False,solved,0.0,1.424514435202222e-11,0.00010599527610629145,0.05883193000764204,555.0429431274439,2799.9999999999973,16644.78395369634,5.944565697748699,2.9396111624936627,0.6347912018551229,False,False,0.0,0.0,0
112,126,43.607132975012064,50.0,False,solved,0.0,1.3593338328942744e-11,0.00010599527610629145,0.05883193000764204,555.0429431274439,2799.9999999999973,16644.78395369634,5.944565697748699,3.1600100003102862,0.6347912018547021,False,False,0.0,0.0,0
113,128,33.72042393311858,50.0,False,solved,0.0,1.0946791996289348e-11,0.00011765775773622991,0.05798851350950275,492.85754399215926,2799.9999999999986,16250.670796167125,5.8038109986311195,3.1327775197909498,0.6219043654993467,False,False,0.0,0.0,0
114,129,9.431398008018732,50.0,False,solved,0.0,2.134368544559041e-11,0.00012455388711945126,0.0575765334120429,462.26203568279743,2799.9999999999995,16060.228798992368,5.735795999640132,3.024904363421944,0.6153045086396144,False,False,0.0,0.0,0
115,131,64.05172497034073,50.0,False,solved,0.0,1.8328861165975507e-11,0.00013714733227752842,0.057189336603357455,416.99197245506997,2799.9999999999977,15882.480884528475,5.672314601617317,3.006578733941416,0.6039584053699728,False,False,0.0,0.0,0
116,132,30.097075970843434,50.0,False,solved,0.0,1.641699749940328e-11,0.00015696445852285269,0.05662279784722164,360.7364264501817,2799.999999999997,15624.564944189315,5.580201765781904,2.9770691111590417,0.6075014798779758,False,False,0.0,0.0,0
117,133,26.35922795161605,50.0,False,solved,0.0,2.0803141529654098e-11,0.00016034104458165276,0.05565039583855482,347.0751733204231,2800.0,15187.866227951366,5.424237938554059,2.9478873992895966,0.600305562209866,False,False,0.0,0.0,0
118,135,29.61468300782144,25.0,False,solved,0.0,1.749640949602914e-11,0.00018801855137039962,0.05500680544321278,292.56052151390355,2799.999999999999,14902.994580269871,5.322498064382098,3.075736459080973,0.5788594383756742,False,False,0.0,0.0,0
119,136,14.708559028804302,50.0,False,solved,0.0,1.1031320329966052e-11,0.00019591233360005997,0.05497729914195505,280.6219400876874,2799.9999999999977,14890.013683776046,5.317862029920021,3.098522391304875,0.5711600997713967,False,False,0.0,0.0,0
120,137,5.587558029219508,50.0,False,solved,0.0,1.7517637112734624e-11,0.00024956727248031535,0.054143998121552545,216.9515160519421,2799.999999999996,14526.290130346744,5.187960760838131,2.933505790801825,0.5561331317836201,False,False,0.0,0.0,0
121,138,13.35210190154612,50.0,False,solved,0.0,1.2799565633580859e-11,0.00027463292486409874,0.05420182629634148,197.360991305624,2799.999999999998,14551.351895435102,5.196911391226825,3.1321652123854964,0.5440125538063926,False,False,0.0,0.0,0
122,139,13.313076924532652,50.0,False,solved,0.0,8.062707687554055e-12,0.00024375915421147846,0.055373857909575684,227.16627028306354,2799.9999999999986,15065.056559159511,5.3803773425569705,3.0524387011129925,0.5494620660510547,False,False,0.0,0.0,0
123,140,5.837494973093271,50.0,False,solved,0.0,1.2082694184003789e-11,0.0003261352340246951,0.05422084192535511,166.25263470076186,2799.9999999999964,14559.59879637738,5.199856712991928,3.03162158468056,0.5313567462042675,False,False,0.0,0.0,0
124,141,28.951022075489163,50.0,False,solved,0.0,8.315691464463577e-12,0.000328449247013789,0.05356127218613444,163.0732074227767,2799.9999999999986,14275.239512788707,5.098299825995969,3.005879387229962,0.5269429468772195,False,False,0.0,0.0,0
125,143,25.371452094987035,50.0,False,solved,0.0,1.8073636958413473e-11,6.932175764034724e-05,0.3239136507815325,4672.611627391939,2799.9999999999814,422480.2126504827,150.88579023231625,3.067608346089698,0.5433885350290528,False,False,0.0,0.0,0
126,144,23.529700003564358,50.0,False,solved,0.0,4.4146417911128067e-10,0.0002815563876023236,0.05089053401755819,180.747218881914,2799.9999999999995,13159.385810368987,4.699780646560353,3.004142552720034,0.5277617751301495,False,False,0.0,0.0,0
127,145,nan,nan,True,,nan,nan,nan,nan,nan,nan,nan,nan,nan,nan,False,False,nan,nan,0
128,147,56.16621999070048,750.0,False,solved,0.0,2.0079702570689674e-10,0.00034628908298847444,0.05165711125420454,149.1733750553258,2799.9999999999986,13473.828572517066,4.812081633041812,3.065081910903741,0.499264904324696,False,False,0.0,0.0,8
129,148,18.868012120947242,575.0,False,solved,8.884896037191178e-08,0.008091614111892844,0.0003581190177429453,0.051861854814705316,144.81737144697325,2799.9999999999973,13558.607939286285,4.842359978316535,2.8744482824252167,0.49284942209389965,False,False,0.0,0.0,11
130,150,23.054092889651656,525.0,False,solved,0.0,1.5993917890527956e-10,0.00040811452633145536,0.05257323198366567,128.81980079524945,2799.9999999999977,13855.778884833315,4.948492458869045,3.054525539550573,0.4717319879260876,False,False,0.0,0.0,12
131,151,16.65035099722445,450.0,False,solved,0.0,1.6118604373619926e-10,0.00044294673204460353,0.05314305397365109,119.97617349686132,2799.9999999999986,14096.736742585568,5.034548836637706,3.026872485857115,0.4631005929004647,False,False,0.0,0.0,12
132,152,18.46152707003057,475.0,False,solved,2.8691099308341816e-19,9.891953766723026e-11,0.0004793641103050876,0.05263619481658212,109.80420453897189,2799.999999999999,13882.27601907674,4.957955721098838,3.0421257589547355,0.4481610332175642,False,False,0.0,0.0,13
133,154,21.099525038152933,575.0,False,solved,0.0,7.809214075210567e-11,0.0004964601235699001,0.053540802296558256,107.84512139980538,2799.9999999999964,14266.47004223655,5.0951678722273455,3.065227313525023,0.429901120526652,False,False,0.0,0.0,9
134,155,14.128921087831259,325.0,False,solved,0.0,3.297670878071058e-11,0.0004834562531518505,0.05260424932891794,108.80870603279855,2799.9999999999977,13868.828189835853,4.95315292494138,2.9637077043859508,0.43425007187397163,False,False,0.0,0.0,8
135,156,26.507237926125526,200.0,False,solved,0.0,6.721013667279125e-11,1.878330073356723e-05,0.05565139191518062,2962.812165155149,2799.999999999999,15188.30968838814,5.424396317281481,2.912946454667097,0.6941845755667353,False,False,0.0,0.0,7
136,157,14.26512305624783,350.0,False,solved,2.8689117572994647e-19,2.926478840945542e-11,0.00047175488143196085,0.05194293868305859,110.10577892780128,2799.9999999999973,13592.27551612794,4.85438411290284,2.8570863000115017,0.4484903353800755,False,False,0.0,0.0,7
137,158,17.592033138498664,300.0,False,solved,0.0,1.76807371032065e-10,0.0001029566869972488,0.10832304105479508,1052.1224430783177,2799.9999999999977,49735.52489343527,17.762687461941184,3.014288402187977,0.4892495712583518,False,False,0.0,0.0,6
138,160,15.439155977219343,425.0,False,solved,5.827981856567008e-18,1.8109358286693285e-11,2.980468906637736e-05,0.03916667856178286,1314.11129552654,2799.9999999999995,8936.114838248077,3.1914695850885995,2.914196356620752,0.49913714243901797,False,True,0.0,2919.987970852669,15
139,161,11.67721813544631,325.0,False,solved,5.774015646574264e-08,2.67253955070856e-05,5.345770429075591e-05,0.04384317007151706,820.1468928230531,2799.9999999999973,10488.894247679873,3.7460336598856725,2.981951386615339,0.5630519546593036,False,True,0.0,2873.604300190891,12
140,162,9.753657970577478,75.0,False,solved,3.87587483456765e-12,2.1156198266051904e-11,0.0004018089572176061,0.049623877629836964,123.50117322785901,2799.999999999998,12650.116924084137,4.517898901458623,2.9500232735138403,0.477383816453381,False,False,0.0,0.0,4
141,163,10.209944797679782,100.0,False,solved,0.0,2.7261959697231622e-11,0.0003943938526048514,0.048589389158190104,123.20016865697062,2799.999999999999,12243.714955064184,4.372755341094353,2.8825384880571963,0.4837686641872686,False,False,0.0,0.0,3
142,164,11.516272090375423,100.0,False,solved,0.0,2.997230470531226e-11,0.0003223453822106879,0.049286120987522844,152.89848624327115,2799.999999999999,12516.486887986957,4.470173888566772,2.8511398539013366,0.5039682782621868,False,False,0.0,0.0,5
143,165,30.911409063264728,100.0,False,solved,0.0,1.0722954235326277e-11,0.0002816585407450673,0.04856310215473578,172.41835460154167,2799.999999999999,12233.499563565207,4.369106986987576,2.9653712328910733,0.5189733495772553,False,False,0.0,0.0,1
144,167,8.328679949045181,75.0,False,solved,0.0,6.600090990221262e-12,0.00022170556691011894,0.048318261327877685,217.9388727188175,2799.999999999998,12138.617510996326,4.335220539641548,2.972609813393161,0.5435730302377305,False,False,0.0,0.0,2
145,168,nan,nan,True,,nan,nan,nan,nan,nan,nan,nan,nan,nan,nan,False,False,nan,nan,0
146,170,46.64691793732345,825.0,False,solved,2.313658036664737e-08,0.03785522585537312,0.00015912517304712473,0.04742540426889495,298.0383515740151,2800.0,11796.67588027248,4.213098528668743,3.0556753148088722,0.577568252316678,False,False,0.0,0.0,13
147,171,28.995239874348044,475.0,False,solved,7.24639761167893e-19,1.0140399375007372e-10,0.0001220986609705424,0.030600793272159716,250.623496022962,2799.9999999999973,6545.634195541819,2.337726498407795,2.960021762228677,0.6810208078285358,False,False,0.0,0.0,8
148,172,15.830904012545943,425.0,False,solved,0.0,8.932044997594186e-11,0.0001425158532790502,0.1303708269030785,914.7812254108223,2799.999999999994,70786.21002956983,25.280789296274992,2.925112702166389,0.6459664267739805,False,False,0.0,0.0,11
149,174,12.811325024813414,325.0,False,solved,1.1585789611849183e-08,0.0040654611081699195,0.00015309450794396867,0.04392883083594517,286.93929929885377,2799.9999999999995,10518.968714452354,3.7567745408758415,2.9285329046574526,0.5806793227802376,False,False,0.0,0.0,12
150,174,16.031445935368538,350.0,False,solved,3.849100654075616e-09,0.007272096969401128,0.00015309450794396867,0.04392883083594517,286.93929929885377,2799.9999999999995,10518.968714452354,3.7567745408758415,2.953026443749689,0.5862713429368852,False,False,0.0,0.0,12
151,176,12.560618110001087,325.0,False,solved,0.0,8.633370101303328e-11,0.00012146865737748672,0.054470941376769694,448.4361855378955,2799.999999999999,14668.333817885912,5.238690649244971,3.0020472367280773,0.5730519559029922,False,False,0.0,0.0,14
152,177,9.322958067059517,250.0,False,solved,0.0,6.064594794724297e-11,0.00013197783869358293,0.029934153584493188,226.81196995498803,2799.9999999999986,6384.214203280106,2.2800765011714677,2.925270072477147,0.5857339994025579,False,False,0.0,0.0,14
153,178,10.933920973911881,200.0,False,solved,0.0,3.1195082337582306e-11,0.00016717011730987447,0.04357623101853488,260.66997929875174,2799.9999999999995,10395.551639122894,3.7126970139724627,3.0644737831677604,0.5770459829158725,False,False,0.0,0.0,14
154,179,11.320850113406777,250.0,False,solved,0.0,4.598559873281188e-11,7.919275696827967e-05,0.022253811444334845,281.0081666085766,2799.9999999999986,4780.928495200033,1.707474462571441,3.002724428287619,0.5904030434809417,False,False,0.0,0.0,14
155,180,14.695998979732394,175.0,False,solved,2.8189704627247584e-19,2.168304093702957e-11,0.00011757670268119323,0.06233551103007328,530.1688991831546,2799.9999999999973,18342.863741521553,6.551022764829132,2.9848113667992284,0.5838090653501372,False,False,0.0,0.0,12
156,182,9.01515781879425,175.0,False,solved,3.5224367494935193e-19,2.826649259457195e-11,0.00015114447494123063,0.022242878202328464,147.1630253833436,2799.9999999999986,4778.982522894475,1.706779472462313,2.994603566859595,0.5235817220300134,False,False,0.0,0.0,11
157,183,17.01117493212223,225.0,False,solved,1.137491457296035e-17,2.1281239103808134e-11,6.91490464527187e-05,0.019325743777233662,279.479541203042,2799.9999999999995,4293.937490173144,1.533549103633266,2.982381681984095,0.5734621651895547,False,True,0.0,3043.191743962631,12
158,184,55.07977609522641,375.0,False,solved,0.0,3.3414318679718364e-11,2.985895112828963e-05,0.02729458833099685,914.1174522080518,2799.9999999999986,5779.978208634357,2.0642779316551283,3.0070382266040534,0.5842632321939387,False,False,0.0,0.0,11
159,185,11.386705096811056,200.0,False,solved,0.0,2.668339797179305e-11,7.222239449517123e-05,0.10683398161073049,1479.2362169309324,2799.9999999999986,48453.998507207594,17.304999466859865,2.988681819522252,0.7038609397066107,False,False,0.0,0.0,9
160,186,12.019226094707847,225.0,False,solved,5.551115123125783e-18,1.2911639616414983e-10,0.00023893843391288255,0.04406282207392198,184.41077625036823,2799.999999999999,10566.129156472422,3.7736175558830087,3.0075097613447426,0.5254471052836261,False,True,0.0,7351.134119768534,15
161,187,12.789826840162277,125.0,False,solved,3.697046191068488e-19,1.7677799997662462e-11,0.00025913117489639734,0.04372224557469748,168.72630470717377,2800.0,10446.539032376615,3.7309067972773624,3.0216544859522676,0.5106472583883778,False,False,0.0,0.0,10
162,189,8.362434804439545,100.0,False,solved,2.5200505912739364e-19,2.3274969838570114e-11,0.00031817900196978065,0.04380663949828093,137.67922844399865,2799.999999999998,10476.086656529373,3.741459520189064,3.026461395030384,0.4774430570993217,False,False,0.0,0.0,9
163,190,13.101357966661453,100.0,False,solved,0.0,2.184063131853417e-11,0.0003634190392483682,0.04397756424638312,121.01062271624114,2799.999999999998,10536.104628179026,3.76289451006394,2.8626998156451284,0.45730430274544226,False,False,0.0,0.0,8
164,191,34.400845877826214,100.0,False,solved,2.2568982658427734e-19,1.654250051522601e-11,0.00047839751024317305,0.04437456924034825,92.75668934353844,2799.9999999999986,10676.409581065842,3.8130034218092312,2.9477553745938523,0.43467310358129946,False,False,0.0,0.0,6
165,192,23.03317002952099,75.0,False,solved,2.540012809648238e-19,1.0367581550793011e-11,0.00042478075554071835,0.044070935686944666,103.74984062271189,2799.999999999999,10568.989489291253,3.7746391033183055,3.000589770007623,0.426766976565537,False,False,0.0,0.0,4
166,193,22.0452300272882,75.0,False,solved,0.0,1.930487725981043e-11,0.0004505447642764774,0.044271928339816545,98.2631069099474,2799.9999999999995,10640.014555703414,3.8000051984655054,3.002638608634265,0.41421948126060393,False,False,0.0,0.0,4
167,195,33.79433415830135,75.0,False,solved,0.0,1.5554161671331e-11,0.0005442278694094569,0.04478255155017516,82.28639889164226,2799.999999999999,10821.907693376375,3.864967033348707,2.935320114997353,0.4053148300906557,False,False,0.0,0.0,4
168,196,25.235845008865,50.0,False,solved,0.0,1.3362634327778751e-11,0.00044685604151845646,0.045338622452395505,101.46136169118547,2799.9999999999986,11022.362743523441,3.9365581226869453,2.98282552163824,0.4209147054632864,False,False,0.0,0.0,4
169,198,21.247602999210358,100.0,False,solved,0.0,1.9404428379067354e-11,0.0005327291697769298,0.0441255719306591,82.82927692721583,2799.9999999999986,10588.264392831086,3.7815229974396756,2.947029693615479,0.4128276215847878,False,False,0.0,0.0,4
170,199,10.050226002931595,100.0,False,solved,0.0,1.3134320035232143e-11,0.00012227522161664821,0.057283744238879296,468.4820316128538,2799.9999999999986,15925.709416101334,5.6877533628933366,3.0428936140943064,0.6896584499559397,False,False,0.0,0.0,3
171,200,7.556737866252661,100.0,False,solved,0.0,1.0755409226717316e-11,8.319078694987867e-05,0.040873581811657525,491.32341825643874,2799.999999999999,9482.59876045704,3.3866424144489438,2.8074528136356394,0.4698486901221009,False,False,0.0,0.0,2
172,201,20.834424067288637,375.0,False,solved,4.527506271390715e-25,1.5680123357932733e-11,0.0005970434540315464,0.043772753273314056,73.31585829764613,2799.9999999999995,10464.215716505714,3.7372198987520413,3.0069715613893733,0.41120301724611913,False,False,0.0,0.0,4
173,202,51.90988280810416,125.0,False,solved,0.0,1.5477913534329984e-11,0.0005194213525920846,0.04401958076749221,84.74734538312667,2799.999999999999,10550.893963783094,3.7681764156368205,3.0105191080826823,0.4109977355181036,False,False,0.0,0.0,2
174,204,6.45404914394021,50.0,False,solved,0.0,8.31032381352416e-12,0.0005301068389244164,0.04604110223205263,86.85249623541878,2799.9999999999995,11279.132378969278,4.0282615639176,2.9861758574240094,0.40081663207064644,False,False,0.0,0.0,0
175,205,5.658460082486272,50.0,False,solved,0.0,2.0344376351507497e-11,0.0005255787168713553,0.04480748557425609,85.25361498841573,2799.9999999999973,10830.843053948673,3.868158233553101,3.0476085343924533,0.4031496507312288,False,False,0.0,0.0,0
176,206,6.632125936448574,50.0,False,solved,0.0,1.2351660417707813e-11,0.0005170507130728994,0.0449677055865993,86.96962299761739,2799.9999999999973,10888.378182892293,3.8887064938901084,2.9943291299985004,0.40884511646087135,False,False,0.0,0.0,0
177,207,6.168635794892907,50.0,False,solved,0.0,2.424600939596982e-11,0.0006276942169784269,0.043614269117071995,69.48330562454579,2799.999999999999,10408.817882465524,3.7174349580234027,2.946208338983995,0.39810375859160463,False,False,0.0,0.0,0
178,208,8.221736177802086,50.0,False,solved,0.0,2.5661845280954833e-11,0.0004793073034729493,0.044171073725580434,92.15606231227252,2799.999999999998,10604.335016282643,3.787262505815232,2.995192743150238,0.41898599019845467,False,False,0.0,0.0,0
179,209,4.768076818436384,25.0,False,solved,0.0,1.6051685795310483e-11,0.00047373610395515524,0.04323510046380543,91.26410274167777,2799.999999999998,10277.095648461398,3.67039130302193,3.040360400236007,0.42500551742955406,False,False,0.0,0.0,0
180,210,6.424864986911416,50.0,False,solved,0.0,2.8303627032927807e-11,0.00045201576336502647,0.04320177436652827,95.57581365064158,2799.999999999999,10265.573233665675,3.6662761548805993,2.995676957232546,0.4293784704867274,False,False,0.0,0.0,0
181,211,5.601526005193591,50.0,False,solved,0.0,2.642166809025195e-11,0.0004558068494258336,0.04353723338775707,95.51684763535177,2799.999999999998,10381.962764240106,3.707843844371469,3.0568010883871533,0.42974154874121434,False,False,0.0,0.0,0
182,212,6.008076947182417,50.0,False,solved,0.0,2.2684896264715398e-11,0.00043008335786215554,0.042748454776439494,99.39574269725789,2799.9999999999986,10109.721543093165,3.610614836818989,3.06520617874061,0.43503376303399005,False,False,0.0,0.0,0
183,213,6.236370885744691,50.0,False,solved,0.0,2.1888555752905876e-11,0.00012841450576156412,0.024309482604674335,189.3048021366947,2799.999999999999,5163.8037780278555,1.844215635009949,3.002319425387821,0.5031655928187256,False,False,0.0,0.0,0
184,215,6.482128985226154,50.0,False,solved,0.0,3.3929617650326197e-11,0.00045159876227669066,0.04155789002614645,92.02392366320149,2799.9999999999986,9708.232893701123,3.4672260334646885,2.99383173700884,0.4369235440608775,False,False,0.0,0.0,0
185,216,7.2580690030008554,50.0,False,solved,0.0,1.4380776022980629e-11,0.00045137138463028715,0.040673395037878465,90.11070799535409,2799.999999999999,9417.30025562927,3.363321519867598,2.9249127731461737,0.4374629348901623,False,False,0.0,0.0,0
186,217,6.085890112444758,50.0,False,solved,0.0,2.347391839799273e-11,0.0001240063743222979,0.02691956785379954,217.08212985757027,2799.9999999999977,5698.652533741274,2.0352330477647422,2.9471959901758855,0.4674180348499001,False,False,0.0,0.0,0
187,218,13.063709018751979,275.0,False,solved,0.0,4.092858525781835e-11,4.953023651614874e-05,0.039275816480836404,792.9664633850676,2799.999999999999,8970.359040945363,3.2036996574804877,2.988403702709249,0.49638866343348576,False,False,0.0,0.0,2
188,219,12.109528062865138,100.0,False,solved,0.0,4.892020077623568e-11,0.0006700177168634919,0.045682629028324484,68.18122547889547,2799.999999999997,11147.610379758062,3.9812894213421695,3.027305118310783,0.376152860692112,False,False,0.0,0.0,1
189,220,15.310378046706319,150.0,False,solved,0.0,9.459321867138412e-12,0.0007405300008150443,0.046757674288449035,63.14082378429836,2799.9999999999995,11545.120419458752,4.1232572926638404,2.9551640239764696,0.37057687568933206,False,False,0.0,0.0,1
190,221,10.857146931812167,50.0,False,solved,0.0,1.9112863809424545e-11,0.0006255495668947589,0.1674970478262305,267.75983341766084,2799.999999999991,115021.04412201024,41.078944329289506,2.8558094149700044,0.40962299635069377,False,False,0.0,0.0,0
191,222,26.023545069620013,200.0,False,solved,0.0,3.452059659537685e-11,0.0006570279626087796,0.046453381540560126,70.70228998490937,2799.9999999999986,11431.666626211405,4.082738080789789,3.025921025699585,0.37012566571489797,False,False,0.0,0.0,2
192,224,11.509724892675877,100.0,False,solved,6.686263821400737e-25,9.07810103783701e-12,0.000499503240116139,0.0459991203755971,92.08973372205132,2799.999999999999,11263.67630131469,4.022741536183819,2.9687958961139365,0.3816334274091193,False,False,0.0,0.0,2
193,225,6.69285305775702,50.0,False,solved,0.0,2.161084602168653e-11,0.0005639515758822498,0.04611212998440888,81.76611602205516,2799.9999999999986,11305.314126796076,4.037612188141458,2.9921214701531085,0.3763003984410236,False,False,0.0,0.0,0
194,226,6.046914029866457,25.0,False,solved,0.0,1.5077590495411558e-11,0.0005404744445205032,0.04712133074766813,87.18512267397419,2799.9999999999973,11681.679245724525,4.1720283020444775,2.9900796853505813,0.37348608608734685,False,False,0.0,0.0,0
195,227,8.906153962016106,50.0,False,solved,0.0,1.6573552153233085e-11,0.00042774450970607084,0.046412720768299505,108.50570776511543,2799.9999999999986,11416.56259646457,4.077343784451634,2.9872991115128316,0.3755562818065701,False,False,0.0,0.0,0
196,228,4.685361869633198,25.0,False,solved,0.0,9.401311097648082e-12,0.00037546326021430185,0.04620379868271292,123.05810868509835,2799.9999999999973,11339.164050850646,4.049701446732378,3.0016931261080293,0.3781137764588766,False,False,0.0,0.0,0
197,229,8.244229014962912,50.0,False,solved,0.0,2.300090270382984e-11,0.0002894814993861685,0.045767138273935234,158.10039111646938,2799.999999999999,11178.523783142033,3.992329922550727,3.0233749078544205,0.3907359011867107,False,False,0.0,0.0,0
198,230,16.329883132129908,50.0,False,solved,0.0,1.771681230562672e-11,0.00025435537802816113,0.04530471662499531,178.11581959151405,2799.999999999998,11010.069393884509,3.9321676406730415,2.8392102824669454,0.4064662248354295,False,False,0.0,0.0,0
199,232,10.697562014684081,225.0,False,solved,0.0,4.153869707161683e-11,0.00023180856455625476,0.04552523542583168,196.39151604678403,2799.999999999999,11090.1882423096,3.9607815151105723,2.923377974340067,0.41309149560680636,False,False,0.0,0.0,2
200,232,9.469312150031328,100.0,False,solved,0.0,1.9006805409036258e-11,0.00023180856455625476,0.04552523542583168,196.39151604678403,2799.999999999999,11090.1882423096,3.9607815151105723,2.814433674153777,0.4130914956073582,False,False,0.0,0.0,1
201,233,13.107155915349722,125.0,False,solved,7.567801591788872e-25,8.527704309352971e-12,0.00022313804966617471,0.046192424775441075,207.01276561548858,2799.999999999999,11334.960426539132,4.048200152335405,2.986888663440907,0.4142612166289106,False,False,0.0,0.0,2
202,235,6.338951876387,50.0,False,solved,0.0,1.0407394578285996e-11,0.00023094571863392717,0.04800072801266628,207.8441994794127,2799.999999999996,12016.279558983857,4.291528413922812,2.8449695668440547,0.41488384319135396,False,False,0.0,0.0,0
203,236,11.46025606431067,50.0,False,solved,0.0,7.260967139860245e-12,0.00021879513071414877,0.04847905037575248,221.57280291163946,2799.999999999998,12200.873301338994,4.357454750478215,2.9468142439101688,0.4179117148254275,False,False,0.0,0.0,0
204,237,12.20516418106854,50.0,False,solved,0.0,4.92117272688567e-12,0.00023432062162396413,0.05035503048732281,214.89798950829075,2799.9999999999977,12942.516381516829,4.622327279113157,2.870431419216196,0.4141895608952374,False,False,0.0,0.0,0
205,238,6.6227789502590895,50.0,False,solved,0.0,7.696964377904051e-12,0.00023963234566850262,0.050987446157234675,212.77363877983558,2799.999999999998,13198.87866254761,4.713885236624149,2.915426835529777,0.40909576504797446,False,False,0.0,0.0,0
206,239,11.443007038906217,50.0,False,solved,0.0,1.1352003764988933e-11,0.00024132699430494034,0.052488685219192456,217.50026502575113,2799.9999999999973,13820.248304157893,4.935802965770681,2.865527538500403,0.40737529568535485,False,False,0.0,0.0,0
207,240,9.448358090594411,50.0,False,solved,0.0,1.3117344026052868e-11,0.00025207761838667023,0.05383860141103602,213.57945919836166,2799.9999999999986,14394.38000758564,5.1408500027091595,2.9107253162984104,0.4046118257984433,False,False,0.0,0.0,0
208,241,5.029642954468727,25.0,False,solved,0.0,1.5760072148096247e-11,0.0002627818264894181,0.05615615186158457,213.69876529055142,2799.999999999998,15414.053567605386,5.505019131287641,2.8492433603973137,0.40085744889682096,False,False,0.0,0.0,0
209,243,9.383155032992363,50.0,False,solved,0.0,8.60637610157859e-12,8.039084980283236e-05,0.0543314661169092,675.8414203875598,2799.9999999999995,14607.632841651412,5.21701172916122,2.9419088390361443,0.3976736190494394,False,False,0.0,0.0,0
210,244,10.771384928375483,225.0,False,solved,0.0,1.9727920595372106e-11,0.0002527499456303318,0.06704418741251088,265.25895879150323,2799.999999999999,20779.692263215533,7.421318665434121,2.9684470523649837,0.41553196331764397,False,False,0.0,0.0,4
211,245,14.87941900268197,200.0,False,solved,3.284544155121929e-25,4.5687010237743105e-12,0.00027777519058048235,0.05751316277391035,207.04931442481194,2799.999999999999,16031.055569033237,5.725376988940443,2.9365508575561994,0.39562596549743584,False,False,0.0,0.0,2
212,246,8.918228093534708,50.0,False,solved,0.0,5.585205685313162e-12,0.0002724338219192147,0.05804703226827638,213.06837697079027,2799.9999999999995,16277.831820617277,5.813511364506171,2.7829315976374875,0.3932403520835827,False,False,0.0,0.0,0
213,247,6.229509832337499,50.0,False,solved,0.0,4.415985665960355e-12,0.00027432144112855995,0.059189170406084915,215.76574606264947,2799.999999999998,16813.431573442234,6.0047969905150875,2.922152130518627,0.39063374927917743,False,False,0.0,0.0,0
214,248,8.595305029302835,50.0,False,solved,0.0,1.0728570623425802e-11,0.000280386767646147,0.06011526756855476,214.40122896391915,2799.999999999999,17255.38157935572,6.16263627834133,2.942972368769859,0.3888860436352738,False,False,0.0,0.0,0
215,249,8.447967935353518,50.0,False,solved,0.0,9.068369690828785e-12,0.0002714828450331259,0.06202735478529952,228.47614838326538,2799.999999999999,18189.570966645697,6.496275345230608,2.9492846720287753,0.3960103378546969,False,False,0.0,0.0,0
216,250,5.52362808957696,50.0,False,solved,0.0,4.208646273611917e-12,0.0002725128481311401,0.06589468086000307,241.8039417660516,2799.9999999999964,20168.435862566657,7.20301280805953,2.9031069036600727,0.4114500745379591,False,False,0.0,0.0,0
217,251,9.498292114585638,50.0,False,solved,0.0,9.431026106249717e-12,0.00025941777038918426,0.06724249858950539,259.20544490312557,2799.9999999999955,20886.214466238525,7.459362309370914,2.9165038630966054,0.4272724132720134,False,False,0.0,0.0,0
218,252,17.17814593575895,50.0,False,solved,0.0,3.768651505712136e-12,0.00015187015752700942,0.04315938275867643,284.18606697632964,2799.999999999999,10250.929280439746,3.661046171585625,2.9540596551812577,0.6909490820019947,False,False,0.0,0.0,0
219,253,7.780661107972264,100.0,False,solved,0.0,4.524404456716165e-12,0.0002373445859796182,0.0684247301802986,288.29277861081914,2799.999999999999,21527.77480098666,7.68849100035238,2.9480039809063174,0.4525669818640023,False,False,0.0,0.0,1
220,254,19.841465167701244,50.0,False,solved,0.0,4.850067326425915e-12,0.00022768848367875962,0.06723672255783963,295.3013761236267,2799.9999999999986,20883.107441279615,7.458252657599866,2.9195264306457323,0.4671233017352014,False,False,0.0,0.0,0
221,256,7.97589891590178,50.0,False,solved,0.0,9.005670814567762e-12,0.0002045094857941569,0.06631164953874201,324.247304623738,2799.999999999999,20388.939458195775,7.2817640922127795,2.9640353304517366,0.4795196387164704,False,False,0.0,0.0,0
222,257,6.806185003370047,50.0,False,solved,0.0,2.447761452267144e-12,0.00020112550141730337,0.0652200939759852,324.2756066057675,2799.9999999999973,19814.642632945368,7.076658083194781,2.9387532075606186,0.47891032586119353,False,False,0.0,0.0,0
223,258,6.152627058327198,50.0,False,solved,0.0,3.7164622203727534e-12,8.667962807988137e-05,0.06783537672521452,782.5988439025078,2799.9999999999986,21206.553341807106,7.5737690506453985,2.900607736411876,0.4957192317847358,False,False,0.0,0.0,0
224,259,16.462604980915785,50.0,False,solved,0.0,1.5539445115440596e-12,0.00014946469770153463,0.10663161118283432,713.4233890852709,2799.999999999997,48281.20201378864,17.243286433495964,2.7552277807681462,0.47426331466088156,False,False,0.0,0.0,0
225,260,48.29773702658713,150.0,False,solved,0.0,4.828280822882974e-12,0.00020107617023305683,0.06433972356144711,319.97686989400245,2799.9999999999986,19358.40011185373,6.91371432566205,2.9070791370722087,0.47532556133266407,False,False,0.0,0.0,1
226,262,6.2428920064121485,50.0,False,solved,0.0,1.363316205037041e-12,0.00021186944584322904,0.06470841413573468,305.4164505797363,2799.999999999999,19548.715439847,6.981684085659645,2.819745811660388,0.4726218105646227,False,False,0.0,0.0,0
227,263,5.579665070399642,25.0,False,solved,0.0,2.727851860268794e-12,0.00019682270554830056,0.06453324574491331,327.87500591021376,2799.9999999999995,19458.1592254935,6.9493425805333935,2.8381380541121315,0.4718756226605945,False,False,0.0,0.0,0
228,264,9.020476136356592,50.0,False,solved,0.0,3.313366882729406e-12,0.00019706084357992205,0.06435599096765723,326.57929296621705,2799.9999999999995,19366.77429371673,6.916705104898834,2.874267983204244,0.469389219808266,False,False,0.0,0.0,0
229,265,26.820861035957932,50.0,False,solved,0.0,3.4958698866414637e-12,0.00019928469019699,0.06484134320233262,325.37041926420886,2799.9999999999995,19617.59915313076,7.006285411832415,2.8913124762129523,0.46605576154801204,False,False,0.0,0.0,0
230,266,7.259503938257694,50.0,False,solved,0.0,4.677862952088826e-12,0.00019744698708431315,0.0642161191597316,325.2322059100869,2799.9999999999986,19294.839839747376,6.891014228481209,2.829678376227726,0.4618175578763073,False,False,0.0,0.0,0
231,267,4.963061073794961,50.0,False,solved,0.0,5.283097588732188e-12,0.00019982313550893154,0.0639403203350637,319.98457121700875,2799.999999999998,19153.45825820225,6.840520806500807,2.841633923464653,0.454641250808798,False,False,0.0,0.0,0
232,268,8.724890183657408,50.0,False,solved,0.0,1.0817196229439872e-11,0.00020237685403366184,0.06303093624945735,311.4532862486995,2799.9999999999986,18691.59569793264,6.675569892118803,2.923951744494561,0.44645568188571455,False,False,0.0,0.0,0
233,269,4.959495039656758,50.0,False,solved,0.0,3.922665993332631e-12,0.00019574822027909584,0.06378655800052527,325.86021936536144,2799.9999999999973,19074.89992621748,6.812464259363392,2.751265329607492,0.43710867716068985,False,False,0.0,0.0,0
234,270,5.404575960710645,50.0,False,solved,0.0,9.208345173759877e-12,0.00019491969809700893,0.06304702547552095,323.4512780957791,2799.999999999999,18699.709685243964,6.678467744729989,2.884141560075139,0.4285812921078827,False,False,0.0,0.0,0
235,272,4.994479939341545,50.0,False,solved,0.0,4.84441600311101e-12,0.00019465989746794273,0.06386420257606183,328.08094223197264,2799.9999999999995,19114.545482705056,6.826623386680378,2.790505297832768,0.41110948590187135,False,False,0.0,0.0,0
236,273,4.989431006833911,50.0,False,solved,0.0,7.009608592205074e-12,0.00019586010477041626,0.06383227738969116,325.90750150222897,2800.0,19098.238547017914,6.8207994810778265,2.788765070233247,0.40408089800996433,False,False,0.0,0.0,0
237,274,7.919505937024951,50.0,False,solved,0.0,4.634905908794123e-12,0.00018030780762962463,0.06374595756878272,353.53964094403,2799.999999999999,19054.18842544421,6.805067294801505,2.847695706058278,0.40195060922750436,False,False,0.0,0.0,0
238,275,4.921826999634504,25.0,False,solved,0.0,3.476029478746141e-12,0.00018857283033015183,0.0636848985961456,337.7204366326081,2799.999999999999,19023.065236805385,6.79395187028764,2.911925014891002,0.392305305595643,False,False,0.0,0.0,0
239,276,13.891241978853941,50.0,False,solved,0.0,4.83750140311092e-12,0.00018136712901303795,0.0638980590026673,352.3133400764913,2799.9999999999986,19131.847777233408,6.832802777583363,2.7843516510057156,0.3872756892438511,False,False,0.0,0.0,0
240,278,5.825027823448181,50.0,False,solved,0.0,4.806115548044982e-12,0.00017579639889379463,0.06210877144555254,353.29945230035594,2799.9999999999973,18229.997961903533,6.5107135578226965,2.796366669938143,0.3815620050307244,False,False,0.0,0.0,0
241,278,6.477667018771172,50.0,False,solved,0.0,2.7556464882322353e-12,0.00017579639889379463,0.06210877144555254,353.29945230035594,2799.9999999999973,18229.997961903533,6.5107135578226965,2.8621816469671812,0.38156200503065163,False,False,0.0,0.0,0
242,279,8.435311960056424,50.0,False,solved,0.0,3.044440979272781e-12,0.00016597340519784298,0.06281257095335152,378.4496129273116,2799.999999999998,18581.67627907927,6.63631295681403,2.896998478371519,0.37729871768773104,False,False,0.0,0.0,0
243,280,7.136182161048055,50.0,False,solved,0.0,1.4810531539002794e-12,0.00016231795366052404,0.06362313426790947,391.96609391079767,2799.9999999999973,18991.612856289747,6.782718877246345,2.9286582903533236,0.37554513392216077,False,False,0.0,0.0,0
244,282,9.87141509540379,150.0,False,solved,0.0,4.390150689627287e-11,0.0001521892203878058,0.06295334182251779,413.6517794236755,2799.9999999999995,18652.49298649106,6.6616046380325225,2.867666584130857,0.37662796773847634,False,False,0.0,0.0,2
245,283,7.313499925658107,50.0,False,solved,0.0,1.1607614279832794e-11,0.00015192542186160204,0.0616821573485906,406.0028703081738,2799.999999999999,18018.754140705154,6.435269335966129,2.784756713687627,0.37512018484434434,False,False,0.0,0.0,1
246,284,13.955290894955397,75.0,False,solved,0.0,3.2499225325529868e-12,0.00015211159577470463,0.06318569530878297,415.3903914226796,2799.9999999999995,18769.72836661747,6.703474416649097,2.814196372391386,0.3732370319805217,False,False,0.0,0.0,2
247,285,9.551479946821928,75.0,False,solved,0.0,4.8245088966521426e-12,0.00015770013337915203,0.06335357077680281,401.7344146722083,2799.999999999999,18854.699720685458,6.733821328816237,2.9359843287798157,0.370113179125758,False,False,0.0,0.0,1
248,286,8.690245915204287,50.0,False,solved,0.0,6.459465934888351e-12,0.00016060615848024397,0.06485315901589,403.8024421327999,2799.9999999999986,19623.728937361266,7.00847462048617,2.9345764001497225,0.36851108198791643,False,False,0.0,0.0,1
249,287,9.96055081486702,75.0,False,solved,0.0,3.7618130907315195e-12,0.0001583014518702501,0.063600824768348,401.77031869851487,2799.9999999999964,18980.259644856404,6.778664158877296,2.7820872406270847,0.3662748641088881,False,False,0.0,0.0,1
250,288,11.352640110999346,75.0,False,solved,0.0,4.241216067197003e-12,0.00015941018890301407,0.06410144525048278,402.11636214472094,2799.9999999999986,19235.981132802575,6.869993261715209,2.863706869786934,0.3663552202860626,False,False,0.0,0.0,1
251,290,5.863249069079757,50.0,False,solved,3.3349798582496105e-19,6.761570320876974e-12,0.00016889526464427458,0.06383922722135855,377.9811551011573,2799.999999999999,19101.787728881,6.822067046028931,2.9004812816387506,0.36396478140090827,False,False,0.0,0.0,1
252,291,37.03160700388253,75.0,False,solved,0.0,5.454776969004003e-12,0.00017800284140264024,0.06574003115201074,369.32012227438327,2799.999999999998,20087.006783469376,7.17393099409621,2.8681894298535346,0.35942765908087754,False,False,0.0,0.0,1
253,292,5.604343023151159,50.0,False,solved,2.815831624201544e-19,1.4937364680841866e-11,0.00018822350166615954,0.0670443676349259,356.19551778310006,2799.999999999998,20779.78892626841,7.421353187953009,2.887180197115871,0.3460634543271502,False,False,0.0,0.0,1
254,293,7.150935009121895,50.0,False,solved,0.0,3.2304779929581127e-12,0.00019758821201086837,0.06642957527182208,336.20211750369054,2800.0,20451.55388317873,7.304126386849546,2.911505045417921,0.337856564176533,False,False,0.0,0.0,1
255,294,7.813305128365755,50.0,False,solved,0.0,1.3394072028646242e-11,0.00019449622277847509,0.0672954609641208,345.9988065720338,2799.9999999999995,20914.716265494033,7.469541523390728,2.7796670711438143,0.3432996840596069,False,False,0.0,0.0,1
256,295,11.392942862585187,75.0,False,solved,0.0,7.171215136288834e-12,7.444283349700644e-05,0.04987555071692635,669.9845824505321,2799.9999999999995,12750.282237266758,4.553672227595271,2.8368265666567445,0.45213761683059206,False,False,0.0,0.0,2
257,296,17.846290953457355,50.0,False,solved,0.0,8.86383354927512e-12,2.008188944829725e-05,0.05542314675163771,2759.857178495575,2799.9999999999964,15086.900783414281,5.3881788512193936,2.803357438261795,0.587271004988517,False,False,0.0,0.0,0
258,298,7.865956053137779,75.0,False,solved,0.0,1.404380546902523e-11,0.0002032050576148416,0.06927058079624367,340.8900428430297,2799.9999999999995,21993.65345539568,7.854876234069887,2.8994797359593494,0.32171263688921276,False,False,0.0,0.0,3
259,299,20.670886151492596,175.0,False,solved,1.1496221643956874e-17,1.3328107423669358e-11,0.00021356905353678589,0.0704984907700873,330.0969386837892,2799.9999999999986,22680.14880344032,8.100053144085832,2.913926130010763,0.3160096185596502,False,True,0.0,451.4475886765518,1
260,300,6.724557839334011,50.0,False,solved,3.4519602927540087e-17,9.771884446548433e-12,0.00021366651093918657,0.07062825950583491,330.5537175450814,2799.9999999999995,22753.404163294254,8.126215772605091,2.8268235367126877,0.3142351156069042,False,True,0.0,594.716158863821,0
261,301,6.546319928020239,50.0,False,solved,5.755586825979692e-18,1.1643291730298823e-11,0.00022460460187359889,0.07089988784710567,315.66533924806276,2799.9999999999977,22907.176386928637,8.18113442390309,2.715456559145202,0.31367690643426815,False,True,0.0,81.02529776593828,0
262,302,5.955151980742812,50.0,False,solved,5.754281470787919e-18,8.961228838625253e-12,0.0002184366517642577,0.07060855934734878,323.24501761522737,2799.9999999999977,22742.274612432295,8.12224093301154,2.8577473614138884,0.3132323528234898,False,True,0.0,1050.7024804557382,0
263,303,12.642445042729378,125.0,False,solved,3.4495788547928725e-17,1.930431331300828e-11,0.0002112763070063776,0.06946805557260108,328.80192084436663,2799.9999999999995,22103.242980151947,7.894015350054268,2.7959569627055423,0.3092828962090937,False,True,0.0,1321.8100961428343,0
264,304,5.882937926799059,50.0,False,solved,1.4896192782722615e-17,3.125876738060089e-12,0.00022971548018560636,0.07049603305278739,306.8841202857889,2799.9999999999977,22678.762704718774,8.09955810882814,2.8239414546404498,0.309513350237966,False,True,0.0,93.7146418740832,0
265,305,19.641499035060406,50.0,False,solved,0.0,4.706466707621793e-12,0.00023083446852553789,0.07133842564614098,309.04581149347985,2799.9999999999986,23156.683894679943,8.270244248099983,2.818445199519843,0.3075357920337643,False,False,0.0,0.0,0
266,307,7.0030170027166605,75.0,False,solved,9.127019221741703e-18,4.1273921166930596e-12,0.0002268934805787122,0.07165990928244603,315.83062280886605,2799.9999999999977,23340.570393473583,8.335917997669144,2.7136286580689606,0.3036382734838138,False,True,0.0,645.9519933205588,2
267,307,8.576559834182262,75.0,False,solved,1.6709193921325552e-17,5.653439957836956e-12,0.0002268934805787122,0.07165990928244603,315.83062280886605,2799.9999999999977,23340.570393473583,8.335917997669144,2.845473769161129,0.2976671580547004,False,True,0.0,781.0095652790603,1
268,308,55.23915006779134,975.0,False,solved,1.4844793692114475e-17,1.1708516429447123e-09,0.00023364898558617746,0.07223399179263883,309.1560256999128,2800.0,23670.998281196044,8.453927957570016,2.8177583300176314,0.29465897316889833,False,True,0.0,2006.4117100136723,9
269,310,50.84406700916588,1675.0,False,solved,1.3620875660748358e-08,0.08370546790312496,0.00025138606279489416,0.07140240310901907,284.03485187353556,2799.9999999999986,23193.212678971424,8.283290242489798,2.792062429051672,0.29613399756289893,False,False,0.0,2.1811135258579565e-12,11
270,312,31.745427986606956,925.0,False,solved,4.927336126909326e-18,5.784886954557811e-10,0.00027121405169104205,0.06818823230120458,251.41850828172548,2799.999999999997,21398.540097452144,7.64233574909006,2.805906911847638,0.2937819024027494,False,True,0.0,1726.299853242978,12
271,313,nan,nan,True,,nan,nan,nan,nan,nan,nan,nan,nan,nan,nan,False,False,nan,nan,0
272,315,nan,nan,True,,nan,nan,nan,nan,nan,nan,nan,nan,nan,nan,False,False,nan,nan,0
273,316,nan,nan,True,,nan,nan,nan,nan,nan,nan,nan,nan,nan,nan,False,False,nan,nan,0
274,318,nan,nan,True,,nan,nan,nan,nan,nan,nan,nan,nan,nan,nan,False,False,nan,nan,0
275,320,58.43506311066449,1625.0,False,solved,1.1102230246251566e-17,6.229034968175887e-10,9.576273445414667e-05,0.03685525333709996,384.86007680521146,2799.9999999999995,8233.238794167268,2.9404424264883104,2.762763162808998,0.28348956480477006,False,False,0.0,0.0,22
276,321,67.50178895890713,1425.0,False,solved,2.689117853952089e-19,3.544211296549004e-10,8.351670817006299e-05,0.045505446936516133,544.8663858237148,2799.999999999999,11082.982803568342,3.958208144131552,2.701931198631398,0.33833532580352194,False,False,0.0,0.0,19
277,323,57.342996122315526,1650.0,False,solved,5.102368754340495e-17,3.83785149226288e-09,0.00011386264568233802,0.05761546923913856,506.0085236371394,2799.9999999999973,16078.16918258449,5.742203279494467,2.7746326988041163,0.31698557077728207,True,True,5210.32137226337,52717.99829039565,37
278,325,52.49481601640582,600.0,False,solved,6.770785809945944e-08,0.020969085875256983,9.896786371485203e-05,0.04953703006280369,500.53651966794655,2799.999999999999,12615.669389772464,4.5055962106330245,2.859140615548094,0.34264509329951487,False,False,1.324157749561038e-12,3.796063831907153e-13,15
279,326,28.457511914893985,625.0,False,solved,2.7346826046079417e-08,0.019047750317513084,7.09413670273821e-05,0.04976449015724913,701.4876121296186,2799.999999999998,12706.017922443787,4.537863543729927,2.802561166375786,0.34626252709680694,False,True,4.879394881863266e-13,23499.358201763724,19
280,328,14.109546085819602,325.0,False,solved,3.484223316555765e-19,8.194883455908315e-11,9.811826364351743e-05,0.060152259412324854,613.0587433841024,2799.999999999999,17273.177249630513,6.168991874868042,2.7567180867665386,0.3268105438378691,False,False,0.0,0.0,10
281,329,17.882151063531637,525.0,False,solved,9.789048533936131e-08,0.0018627144810085003,0.00023407304586816222,0.07059603419392708,301.5983063410434,2799.9999999999986,22735.200175640497,8.119714348443038,2.774095562599305,0.30783661405238283,False,True,0.0,73546.9921371644,59
282,330,20.598114002496004,175.0,False,solved,0.0,1.1476201414966205e-11,8.391416219838222e-05,0.04972591639548138,592.5807407565352,2799.9999999999977,12690.667045481609,4.5323810876720065,2.793000696913534,0.4041407231674727,False,False,0.0,0.0,4
283,331,8.152271155267954,150.0,False,solved,0.0,1.1918357410932225e-11,0.00022993591423703955,0.07126255628997107,309.923556424104,2799.999999999995,23113.407715925154,8.254788469973285,2.7136218236634675,0.3090699294864752,False,False,0.0,0.0,5
284,332,7.654041983187199,100.0,False,solved,0.0,1.0961245726573253e-11,0.0001669180789152928,0.051248406729104176,307.02729783459586,2799.9999999999986,13305.596769086762,4.751998846102417,2.839919767312088,0.31218282322207763,False,False,0.0,0.0,4
285,333,11.952552944421768,50.0,False,solved,0.0,1.2715336099656749e-11,0.00020898782901076086,0.07060704348731002,337.852418590723,2799.9999999999977,22741.418360075542,8.121935128598414,2.8156574156631526,0.31340089464630266,False,False,0.0,0.0,2
286,335,7.935696979984641,75.0,False,solved,0.0,1.0871418079944547e-11,0.0002069406861228412,0.06957465557189527,336.20578377030864,2799.9999999999986,22162.530791791432,7.915189568496944,2.8760585394883624,0.31957892297198004,False,False,0.0,0.0,1
287,336,9.97810997068882,50.0,False,solved,0.0,2.729480802033654e-12,0.0001951876044302118,0.06849440018407052,350.9157273794008,2799.999999999997,21565.931426302388,7.702118366536576,2.858489323199851,0.32412279174221514,False,False,0.0,0.0,0
288,337,5.7557320687919855,50.0,False,solved,0.0,1.5193101961767244e-12,0.00019653444237035947,0.06981903041111329,355.25086376230564,2799.999999999999,22298.788030191812,7.96385286792565,2.7846709196900834,0.32890647705827764,False,False,0.0,0.0,0
289,338,12.645808979868889,300.0,False,solved,6.416301569819432e-18,1.2091725628224863e-10,0.00018700774438131003,0.06936875923751387,370.94056969143753,2799.999999999999,22048.099032608676,7.87432108307453,2.7872506159482535,0.33030842629382373,False,False,0.0,0.0,4
290,339,12.029496021568775,325.0,False,solved,1.5681274189254422e-08,29227443.54483047,0.00018351358866975615,0.07041616358869757,383.7108962836302,2799.999999999999,22633.74437820085,8.083480135071735,2.8092225144436482,0.3332995768184599,False,False,0.0,0.0,17
291,340,13.860537903383374,325.0,False,solved,1.0196642523487385e-10,467344.45588930656,0.0001783484048111196,0.0675153294542989,378.55863934303875,2799.999999999999,21033.278845290086,7.511885301889319,2.7312978983825342,0.3342919215344937,False,False,0.0,0.0,16
292,342,7.660227129235864,150.0,False,solved,1.1743636416865964e-09,1754725.855465232,0.00017625860024506732,0.06685366605699758,379.2930725879205,2799.999999999999,20677.650661042222,7.38487523608651,2.7382391156786117,0.3361904866057476,False,False,0.0,0.0,15
293,342,10.343002853915095,175.0,False,solved,3.176513307677014e-10,467290.3822697258,0.00017625860024506732,0.06685366605699758,379.2930725879205,2799.999999999999,20677.650661042222,7.38487523608651,2.731917665911557,0.3404411649141834,False,False,0.0,0.0,15
294,344,9.779062122106552,150.0,False,solved,1.3101276730534322e-09,1080582.7432851782,0.0001750924143404006,0.06635454684427805,378.96871257527397,2799.999999999997,20411.70354763796,7.289894124156422,2.887717476488207,0.3229279513901333,False,False,0.0,0.0,15
295,345,9.507511043921113,175.0,False,solved,8.79734787118082e-11,1060391.9817611566,0.00018750927746416453,0.06849921755683584,365.3110847804687,2799.999999999999,21568.571223594918,7.703061151283902,2.829512954195777,0.3119246988773586,False,False,0.0,0.0,12
296,346,8.984273998066783,150.0,False,solved,1.7284262703232117e-10,1060525.52438539,0.00019870416049844194,0.07056418423908976,355.12182564311763,2799.999999999997,22717.21638931282,8.11329156761173,2.8015245522630283,0.3076120802536289,False,False,0.0,0.0,13
297,347,26.999523164704442,150.0,False,solved,5.637729764313969e-10,1062216.2223507955,0.0001976139338166548,0.07134456682752544,361.0300420096822,2799.9999999999936,23160.188863228977,8.271496022581797,2.6204132710385926,0.3070769421894896,False,False,0.0,0.0,12
298,348,23.869315162301064,150.0,False,solved,4.042324863728908e-10,1060253.562356551,0.00020956914601811231,0.0704871088422626,336.3429692850428,2799.999999999999,22673.730051763912,8.097760732772828,2.699444341244021,0.3032632628651489,False,False,0.0,0.0,10
299,350,nan,nan,True,,nan,nan,nan,nan,nan,nan,nan,nan,nan,nan,False,False,nan,nan,0
300,351,26.449449127539992,275.0,False,solved,3.4484063729547896e-11,147036.57845860362,0.00023826841192761588,0.07403503673103407,310.7211574210909,2799.999999999998,24724.74665506225,8.830266662522238,2.719147229153524,0.2906748485546075,False,False,0.0,0.0,17
301,353,10.479477932676673,225.0,False,solved,3.1868909708452957e-12,45008.607845386294,0.00025438429878660984,0.07281815811764737,286.2525653705178,2799.9999999999995,24009.93660658678,8.57497735949528,2.679076264458928,0.29088756850825664,False,False,0.0,0.0,17
302,353,11.800796957686543,125.0,False,solved,1.2153530983443895e-11,270718.44763350656,0.00025438429878660984,0.07281815811764737,286.2525653705178,2799.9999999999995,24009.93660658678,8.57497735949528,2.7868304864089573,0.29088756850819114,False,False,0.0,0.0,17
303,355,21.432683104649186,300.0,False,solved,1.5393808386921405e-08,0.0008246204727747056,0.00027147337644542203,0.07085558508644531,261.0038082341764,2799.9999999999986,22882.055751769996,8.172162768489288,2.6971575312167406,0.30125986233208385,False,False,0.0,0.0,9
304,356,6.268806988373399,75.0,False,solved,1.492021608847811e-11,1.369531465576831e-11,0.0002828507857341116,0.06945501280428532,245.55354380233243,2799.999999999996,22095.995214573755,7.891426862347782,2.7635894940463963,0.2987768782735186,False,False,0.0,0.0,5
305,357,9.314262075349689,125.0,False,solved,0.0,1.000216295643866e-11,0.00027308448911674243,0.0708120220830604,259.3044457123618,2799.999999999999,22857.369885967328,8.163346387845477,2.770617168302345,0.2944160144575672,False,False,0.0,0.0,4
306,358,19.1289191134274,100.0,False,solved,0.0,1.2663835155623879e-11,0.00027114341657217585,0.07127401043398003,262.8646173122465,2799.999999999997,23119.9382533724,8.257120804775866,2.7091217678166903,0.2866536112230111,False,False,0.0,0.0,3
307,359,10.081651853397489,100.0,False,solved,2.264591990265727e-19,7.1985524724893175e-12,0.00029747007305533054,0.0736090729696022,247.45034757130222,2799.999999999997,24473.182493776898,8.740422319206045,2.6802954943308883,0.27998902694487793,False,False,0.0,0.0,2
308,360,6.4030790235847235,75.0,False,solved,0.0,5.301729692451652e-12,0.0002984853554974922,0.07139293776817292,239.18405527527713,2799.999999999998,23187.806252680843,8.281359375957448,2.804376604929728,0.2731820526304894,False,False,0.0,0.0,1
309,362,28.850919101387262,175.0,False,solved,6.416301569819432e-18,1.3761632387455657e-11,0.0003517111162804075,0.07189444991363707,204.4133568309454,2799.999999999998,23475.247713537876,8.384017040549248,2.71791605889057,0.27114228027063475,False,False,0.0,0.0,4
310,363,14.549568993970752,200.0,False,solved,0.0,9.156898823794589e-12,0.0003513616906311374,0.07241479088848045,206.09757073517196,2799.999999999998,23775.607757689395,8.491288484889076,2.6885391722689884,0.2592648091202166,False,False,0.0,0.0,1
311,364,31.4500262029469,50.0,False,solved,0.0,4.303659785748402e-12,0.0003368310658754688,0.07281500935824133,216.17664382881495,2799.999999999996,24008.102351363068,8.574322268343966,2.744193756078091,0.2569572363817811,False,False,0.0,0.0,0
312,365,42.46805002912879,100.0,False,solved,0.0,2.5938476414809185e-11,0.0003591101792881162,0.07122987533229905,198.35103386237043,2799.9999999999964,23094.78055941945,8.248135914078386,2.775903191476556,0.25783636777202557,False,False,0.0,0.0,2
313,367,6.674581905826926,50.0,False,solved,0.0,1.3075016768750552e-11,0.0003651930417634998,0.0728005027129488,199.3480006119466,2799.9999999999964,23999.652781032248,8.571304564654385,2.7959405999759714,0.26438143315029466,False,False,0.0,0.0,0
314,368,6.654106080532074,50.0,False,solved,0.0,1.3297543938687072e-11,0.00033937419013309734,0.0725145797969573,213.67146325570073,2799.9999999999973,23833.457132517142,8.511948975898987,2.759315712638151,0.26066067075084254,False,False,0.0,0.0,0
315,369,7.365807192400098,25.0,False,solved,0.0,1.573218845389343e-11,0.00035156571263780025,0.07125511849308609,202.679373817368,2800.0,23109.16764585495,8.25327415923391,2.793550452669988,0.2640215923498029,False,False,0.0,0.0,0
316,370,8.208538871258497,25.0,False,solved,0.0,6.922109370257328e-12,0.00032978312102850053,0.06976373257613035,211.54427903574003,2799.9999999999986,22267.91353181532,7.952826261362619,2.753544508585015,0.26555714616524967,False,False,0.0,0.0,0
317,371,8.348836097866297,50.0,False,solved,0.0,1.336262978785555e-11,0.00033172643316117014,0.07007592412395612,211.24612668387977,2799.9999999999973,22442.540567305798,8.015193059752079,2.8068484393961977,0.2662393155713522,False,False,0.0,0.0,0
318,372,6.911449134349823,50.0,False,solved,0.0,8.590363569002301e-12,0.0003197881478192995,0.07069305136654669,221.06213706986017,2799.9999999999977,22790.030046052834,8.139296445018877,2.7311687231913235,0.2699456313853016,False,False,0.0,0.0,0
319,373,8.44292202964425,50.0,False,solved,0.0,8.5641155481491e-12,0.00032859030358950013,0.06918765536611211,210.5590293149568,2799.999999999999,21947.726620239624,7.838473792942725,2.799671626749317,0.2819464981845335,False,False,0.0,0.0,0
320,374,8.453133050352335,50.0,False,solved,0.0,1.5730961317530054e-11,0.00030283059289502526,0.07018006160665315,231.74693460043093,2799.9999999999986,22500.964188454513,8.036058638733758,2.736175475202501,0.28813072601157813,False,False,0.0,0.0,0
321,375,6.089217960834503,50.0,False,solved,0.0,1.9152078266135924e-11,0.0003262543116747649,0.06926326171934491,212.29837964070126,2800.0,21989.59769600986,7.8534277485749495,2.7809016244283598,0.28697252180339006,False,False,0.0,0.0,0
322,376,14.163777930662036,50.0,False,solved,0.0,9.854457871546667e-12,0.00015897245170871298,0.06297780839014791,396.15548299866987,2799.999999999998,18664.81739850471,6.666006213751687,2.6867307210345164,0.30844096936764137,False,False,0.0,0.0,0
323,377,13.393603963777423,150.0,False,solved,0.0,3.2477003826391685e-11,0.0003234428601556694,0.06808526809191127,210.5016881780683,2799.9999999999986,21342.41492458971,7.622291044496329,2.660216188132936,0.2968685467250914,False,False,0.0,0.0,3
324,379,34.75867002271116,100.0,False,solved,1.67454547107095e-08,0.00020489598375369623,0.00016789548544876297,0.10245140604878317,610.209415547677,2799.9999999999986,44785.16240549057,15.994700859103782,2.738605361401145,0.30917148888807466,False,False,0.0,0.0,4
325,380,7.647856138646603,50.0,False,solved,0.0,1.3184716527897363e-11,0.0003261687910528174,0.06764669048229335,207.39780241984937,2799.999999999999,21104.29893282879,7.537249618867428,2.723086791664558,0.29468117534804245,False,False,0.0,0.0,0
326,381,35.1341359782964,150.0,False,solved,0.0,4.392192061763574e-12,0.00032399899199314196,0.06696755123184957,206.6906159796542,2800.0,20738.61167196158,7.406647025700564,2.694240852724911,0.2912979646525616,False,False,0.0,0.0,1
327,382,7.249865913763642,50.0,False,solved,0.0,1.4580560652858557e-11,7.453449344380253e-05,0.029847469432057544,400.451764719672,2799.9999999999977,6363.485725990437,2.2726734735680147,2.6810280113166214,0.4082951555967383,False,False,0.0,0.0,0
328,384,6.463875994086266,75.0,False,solved,0.0,8.167609496376374e-12,0.00031516892386271794,0.06754647508848194,214.3183225701021,2799.9999999999995,21050.10518751563,7.517894709827012,2.707124595735451,0.2799998376262446,False,False,0.0,0.0,1
329,384,6.504768971353769,50.0,False,solved,0.0,9.313785172424087e-12,0.00031516892386271794,0.06754647508848194,214.3183225701021,2799.9999999999995,21050.10518751563,7.517894709827012,2.7027460334901816,0.2799998376259269,False,False,0.0,0.0,0
330,386,6.989621091634035,50.0,False,solved,0.0,4.238068539790153e-12,0.0003250849617996176,0.06888209645802461,211.8895198249236,2799.999999999999,21778.972849810427,7.778204589218012,2.7649001503196775,0.2684145192946526,False,False,0.0,0.0,0
331,387,6.140715908259153,50.0,False,solved,0.0,1.6351707312680973e-11,0.00031103820747618974,0.0691888797710233,222.44495405381915,2799.999999999999,21948.404335876454,7.838715834241593,2.711411364215288,0.26278096504134935,False,False,0.0,0.0,0
332,388,5.903430050238967,25.0,False,solved,0.0,1.6634257104696945e-11,0.0003049347889149706,0.0718546365568206,235.6393536221178,2799.9999999999995,23452.355178851107,8.375841135303968,2.6814137553120068,0.2596312070023296,False,False,0.0,0.0,0
333,389,30.611034017056227,50.0,False,solved,0.0,1.882404317501903e-11,0.00031226988944538833,0.06862712887295143,219.7686398609795,2799.9999999999986,21638.731269378717,7.728118310492403,2.690514056783712,0.257838940177119,False,False,0.0,0.0,0
334,390,19.559954991564155,50.0,False,solved,0.0,3.505945464080051e-11,0.00031339894071715234,0.0688432378781215,219.66646639132594,2799.999999999996,21757.56560617448,7.770559145062326,2.6570712515062334,0.2577076006740594,False,False,0.0,0.0,0
335,391,16.750654904171824,25.0,False,solved,0.0,3.69149749841657e-11,0.0003071522615643076,0.07102776448694205,231.24610616637497,2799.9999999999995,22979.77331205002,8.207061897160722,2.619617501942023,0.25312497978763454,False,False,0.0,0.0,0
336,393,18.425239948555827,50.0,False,solved,0.0,2.485989239098614e-11,0.0003189392249500761,0.06958160327873675,218.16571257307228,2800.0,22166.398059358027,7.91657073548501,2.541573346426754,0.24558154368282212,False,False,0.0,0.0,0
337,394,15.99184493534267,50.0,False,solved,0.0,2.9894805166514774e-11,0.00032896349337360465,0.07464382240526307,226.90609720784397,2799.9999999999995,25086.800893073825,8.959571747526368,2.7515304363574034,0.2466164763087514,False,False,0.0,0.0,0
338,395,15.079266158863902,50.0,False,solved,0.0,2.3082654022980073e-11,0.0003473327088213664,0.07303065264996486,210.26137416710907,2799.999999999998,24133.90490591927,8.61925175211403,2.773713000813414,0.24390473862901746,False,False,0.0,0.0,0
339,396,28.86704681441188,50.0,False,solved,0.0,3.420934110184114e-11,0.0003278623045343882,0.07408973898339252,225.97821694876038,2799.999999999998,24757.157690508924,8.841842032324621,2.685304909364981,0.24024751411356898,False,False,0.0,0.0,0
340,398,17.20434194430709,25.0,False,solved,0.0,2.6642937773150865e-11,0.0003293007665570056,0.07225189886876783,219.41005368495013,2799.9999999999977,23681.34756057063,8.457624128775231,2.77897351715211,0.23430538792126465,False,False,0.0,0.0,0
341,399,27.64488197863102,50.0,False,solved,0.0,1.931369456102603e-11,0.00036273707266906913,0.07180658533294045,197.9576689103701,2799.999999999999,23424.742788707437,8.365979567395517,2.7127639453181653,0.22599372933768402,False,False,0.0,0.0,0
342,401,22.1669499296695,50.0,False,solved,0.0,1.4257910014938014e-11,0.00036428079960123806,0.07470090136434127,205.064064441807,2799.9999999999977,25120.898658580176,8.971749520921499,2.600487524726237,0.21396732616663341,False,False,0.0,0.0,0
343,401,19.726896891370416,50.0,False,solved,0.0,2.0758155368684832e-11,0.00036428079960123806,0.07470090136434127,205.064064441807,2799.9999999999977,25120.898658580176,8.971749520921499,2.643350290719313,0.21396732616671993,False,False,0.0,0.0,0
344,403,31.5816521178931,50.0,False,solved,0.0,1.672384170510645e-11,0.00039634402815975586,0.07515851139970495,189.629478583718,2799.9999999999945,25395.207343278315,9.069716908313701,2.599222590245606,0.19198026808874707,False,False,0.0,0.0,0
345,404,26.84026095084846,125.0,False,solved,0.0,1.994703945774045e-11,0.0004493965738965785,0.07610074942824865,169.3398522565551,2799.9999999999995,25965.29625416436,9.273320090772987,2.67558586582139,0.1884333621354291,False,False,0.0,0.0,1
346,406,21.09465398825705,50.0,False,solved,0.0,5.561062786181032e-12,0.00043152063194617303,0.07297212199161947,169.10459567718155,2799.9999999999986,24099.722351839147,8.607043697085414,2.666544873456711,0.18811160326295415,False,False,0.0,0.0,0
347,407,33.60912296921015,50.0,False,solved,0.0,2.8467581131094023e-12,0.00040602761513585533,0.0734988174692559,181.01925763020694,2799.9999999999995,24408.30467751599,8.717251670541426,2.7585397879207028,0.19773585918294506,False,False,0.0,0.0,0
348,408,21.71921101398766,50.0,False,solved,0.0,6.987618525414614e-12,0.0004048215796629287,0.072399088897558,178.84197022757655,2799.9999999999977,23766.51229278602,8.488040104566442,2.6537768504965973,0.20205107901523697,False,False,0.0,0.0,0
349,409,15.69199818186462,50.0,False,solved,0.0,1.3662359858565432e-11,0.00037292100560783794,0.07120795197846441,190.94647635200892,2799.9999999999973,23082.28969986916,8.243674892810423,2.580523392776721,0.2113806349041462,False,False,0.0,0.0,0
350,411,25.968555826693773,50.0,False,solved,0.0,3.778375140897806e-12,0.0003546171565525647,0.069511156661321,196.01746665919535,2799.9999999999995,22127.203601578854,7.902572714849592,2.5743026695199243,0.22388770006534447,False,False,0.0,0.0,0
351,412,66.84182002209127,575.0,False,solved,6.416301569819432e-18,1.687702151960121e-10,0.0003482702337676696,0.06825239729515559,195.9753969117172,2799.9999999999995,21433.558946143043,7.654842480765374,2.674728265461788,0.22570537500089424,False,False,0.0,0.0,8
352,414,37.220762111246586,125.0,False,solved,7.255040971135641e-08,0.0005237642228321107,0.000338399838083369,0.06684077371131103,197.52011138623527,2799.999999999999,20670.75612130675,7.382412900466699,2.6643127023556654,0.22560628019580917,False,False,0.0,0.0,8
353,415,nan,nan,True,,nan,nan,nan,nan,nan,nan,nan,nan,nan,nan,False,False,nan,nan,0
354,416,25.082181906327605,150.0,False,solved,0.0,7.767350688695505e-11,0.000346764805801519,0.06923384585549729,199.65649540318492,2799.9999999999973,21973.30164777103,7.8476077313468044,2.6664811948012814,0.2244467760729112,False,False,0.0,0.0,7
355,418,33.82056602276862,200.0,False,solved,0.0,7.148672805125556e-11,0.0003441725089211194,0.0691421384349322,200.89384434472314,2799.999999999999,21922.541229421302,7.82947901050761,2.736080248597192,0.22440911528285043,False,False,0.0,0.0,10
356,419,26.00739896297455,175.0,False,solved,0.0,5.725486312300507e-11,0.0003582699606175169,0.070137536080324,195.7672810732845,2799.9999999999973,22477.095869675,8.02753423916965,2.5578818560966488,0.22537544606479293,False,False,0.0,0.0,12
357,420,45.28767196461558,625.0,False,solved,0.0,1.1743871448515263e-10,0.0003512421274056198,0.06824264113318437,194.28945393664787,2799.9999999999995,21428.23227533036,7.652940098332272,2.622894658403368,0.21909593688909856,False,False,0.0,0.0,13
358,422,8.886782918125391,150.0,False,solved,2.8585124196696746e-19,6.570747680762035e-11,0.0003693511072391005,0.07039602520587543,190.59378414237258,2799.999999999994,22622.401459144978,8.079429092551795,2.783102277368594,0.21562409883549635,False,False,0.0,0.0,11
359,423,8.30217613838613,125.0,False,solved,0.0,4.143264448952408e-11,0.0003629008294545043,0.07146477279959994,196.9264520751371,2799.9999999999986,23228.85500519372,8.296019644712047,2.6572103521932235,0.21064207256103146,False,False,0.0,0.0,10
360,424,7.2079189121723175,100.0,False,solved,0.0,2.686825142888386e-11,0.0003784444285630676,0.07091785580577897,187.39305021625003,2799.999999999999,22917.36908835704,8.184774674413232,2.6710109802511486,0.20239607314623495,False,False,0.0,0.0,8
361,425,40.13694287277758,100.0,False,solved,0.0,2.105374412520457e-11,0.00038501626220189416,0.07237556911592971,187.98055100845983,2799.9999999999977,23752.89201941885,8.483175721221025,2.49674000850993,0.19840132236636931,False,False,0.0,0.0,7
362,427,20.489594200626016,300.0,False,solved,5.551115123125783e-18,4.323607320260075e-11,0.0003966558025421809,0.07432465995016667,187.3782243290463,2799.9999999999955,24896.62030683161,8.891650109582732,2.673751614242121,0.18687858267224886,False,False,0.0,0.0,10
363,428,9.214935125783086,175.0,False,solved,3.165262925291638e-19,2.158891888828219e-11,0.00045040673524130754,0.07345228539977518,163.07990012721007,2799.9999999999973,24380.952921800093,8.707483186357186,2.5470611070226803,0.18532725291880828,False,False,0.0,0.0,9
364,429,22.925956873223186,75.0,False,solved,0.0,1.8858392698242544e-11,0.00025760703258373495,0.06766169366422632,262.6546837079572,2799.999999999997,21112.41915804642,7.540149699302302,2.5753907082518523,0.19076745687835914,False,False,0.0,0.0,5
365,430,7.474313955754042,225.0,False,solved,5.551115123125783e-18,1.5047976429381395e-11,0.0004640266426194809,0.07617531043867261,164.1615016083014,2799.9999999999995,26010.711681712586,9.289539886325926,2.641489330362242,0.1782025167720031,False,False,0.0,0.0,7
366,431,21.30813500843942,275.0,False,solved,2.416499551167495e-19,4.693495469885159e-11,0.00047807968805313635,0.07410198620412889,154.99923560001318,2799.9999999999964,24764.417437587646,8.844434799138456,2.5970572769947498,0.17763518256769345,False,False,0.0,0.0,8
367,433,12.369559844955802,100.0,False,solved,0.0,2.3764193885964026e-11,0.0004815857983667302,0.07455721340499435,154.81605491243874,2799.9999999999986,25035.112282871465,8.941111529596956,2.581402252396663,0.1743154565565785,False,False,0.0,0.0,3
368,434,9.240044048056006,100.0,False,solved,2.227474294593969e-19,1.8956125501659248e-11,0.0002462638794180264,0.0847232853680873,344.0345598725495,2799.9999999999977,31512.140334249434,11.254335833660521,2.603820294870577,0.18400364315505768,False,False,0.0,0.0,3
369,435,8.048778865486383,175.0,False,solved,5.4903909698206695e-18,9.191707849929848e-12,0.0005172926854654212,0.07512793392892154,145.23293299870858,2799.999999999999,25376.82582571361,9.063152080612007,2.551775365946858,0.16935284818481847,False,True,0.0,779.8241096102796,1
370,436,9.102856973186135,150.0,False,solved,0.0,2.4533538537593526e-11,0.0005165298798838332,0.07865495075725783,152.27570334352626,2799.9999999999986,27546.405114506626,9.838001826609514,2.665666463970624,0.16805728992758995,False,False,0.0,0.0,6
371,437,10.122268926352262,50.0,False,solved,0.0,8.462887359057854e-12,0.00047624624789873994,0.0748844159237018,157.23885753242473,2799.999999999999,25230.702992935847,9.010965354619948,2.6130732056574906,0.16178262548703481,False,False,0.0,0.0,1
372,438,7.015421986579895,75.0,False,solved,0.0,1.1667272948498226e-11,0.00046578244827657475,0.07325890747310448,157.28138263725305,2799.999999999999,24267.47009661152,8.666953605932688,2.604520474493474,0.16670969205368316,False,False,0.0,0.0,1
373,439,4.016111139208078,50.0,False,solved,0.0,1.0325363569489771e-11,0.0004700336521220566,0.0741792520868838,157.81689619878793,2799.999999999999,24810.245760677793,8.860802057384928,2.6125061087388612,0.1707702603648047,False,False,0.0,0.0,0
374,440,10.071687866002321,50.0,False,solved,0.0,2.188298405124088e-11,0.00046088843636107077,0.07073739468410059,153.48051524704184,2799.999999999999,22815.116026776894,8.148255723848893,2.5646749918528013,0.17150672736158445,False,False,0.0,0.0,0
375,441,5.9340770822018385,50.0,False,solved,0.0,1.74862314672986e-11,0.0004550637623998886,0.07338953746987203,161.2730863974635,2799.999999999999,24344.096840167003,8.694320300059648,2.57802462886821,0.1768818711200261,False,False,0.0,0.0,0
376,442,5.791211035102606,25.0,False,solved,0.0,3.18092385350026e-11,0.00043247240092656293,0.06917384948512059,159.94974323660213,2799.9999999999973,21940.085810360448,7.835744932271596,2.6003204323001254,0.17852229318135932,False,False,0.0,0.0,0
377,443,9.481048909947276,100.0,False,solved,0.0,4.766655448838343e-11,0.0004193798469732058,0.06921511398528474,165.04158338754627,2799.9999999999964,21962.92801598383,7.843902862851379,2.534617416430254,0.18004683590333126,False,False,0.0,0.0,1
378,444,9.273590985685587,50.0,False,solved,0.0,8.124929144322867e-11,0.00043176424791390957,0.06810808722937015,157.7436935976931,2799.999999999999,21354.84618417397,7.626730780062134,2.6967561588253552,0.1737810442989338,False,False,0.0,0.0,0
379,445,10.025792988017201,50.0,False,solved,0.0,9.159472796634736e-11,0.00041779727389470767,0.06765284903989875,161.92745445473747,2799.9999999999986,21107.631932861314,7.538439976021901,2.564439067455751,0.17742310145606213,False,False,0.0,0.0,0
380,447,5.909554893150926,50.0,False,solved,0.0,3.627427913754237e-11,0.0003877983338213441,0.06842202555685059,176.43713133737216,2799.999999999999,21526.294325209266,7.687962259003312,2.684898230585895,0.18251207539250325,False,False,0.0,0.0,0
381,448,8.149824803695083,50.0,False,solved,0.0,7.314503418161246e-11,0.0004073496168134817,0.06898960894836863,169.36215501574358,2799.999999999999,21838.264571395284,7.799380204069747,2.531021001270416,0.1832864126906918,False,False,0.0,0.0,0
382,449,7.212836062535644,50.0,False,solved,0.0,6.340299662767286e-11,0.0004027279358567792,0.06794776321878049,168.71877307002742,2799.999999999997,21267.594105741846,7.595569323479239,2.605778797712591,0.18418849813335164,False,False,0.0,0.0,0
383,450,5.872992100194097,50.0,False,solved,0.0,1.0399229198225255e-10,0.00040797582504077396,0.06900036495975062,169.1285628329928,2799.999999999997,21844.20145831512,7.8015005208268375,2.6268385605094116,0.1789622627829815,False,False,0.0,0.0,0
384,451,10.210849111899734,225.0,False,solved,1.8397932484276763e-17,7.754230808677024e-11,0.00037095292117472165,0.0657370779849685,177.21137705775294,2799.999999999998,20085.453688007336,7.173376317145482,2.628597134108546,0.186528711898371,True,False,340.9511824277482,0.0,0
385,452,10.922108078375459,200.0,False,solved,6.416301569819432e-18,2.0307940390820362e-11,0.00034281649214808527,0.06490732348935846,189.33547532281693,2799.9999999999977,19651.842570208897,7.01851520364604,2.6484807213399875,0.1902652631812103,False,False,0.0,0.0,7
386,453,13.073601061478257,275.0,False,solved,0.0,7.320369755261609e-11,0.00032216358628392103,0.06520121107574668,202.3854149000105,2799.999999999998,19804.791702976283,7.073139893920105,2.6717362831215095,0.19394488115482872,False,False,0.0,0.0,3
387,454,9.625939186662436,100.0,False,solved,0.0,6.911547201986544e-11,0.0002631917347400666,0.06248632465345105,237.41750368857058,2799.999999999999,18418.163074785945,6.577915383852125,2.5892211630376734,0.19843221552125237,False,False,0.0,0.0,3
388,456,6.75268704071641,50.0,False,solved,2.7051218816587155e-19,4.4605218247314854e-11,0.0002067488087869411,0.06087918555059242,294.45966778618623,2799.999999999999,17625.100933213842,6.294678904719231,2.5764776158802354,0.20954980691926237,False,False,0.0,0.0,1
389,457,13.928398955613375,50.0,False,solved,0.0,2.4976785919142022e-11,0.00019926686896939262,0.05816142970939767,291.8770692298641,2800.0,16331.007623364814,5.832502722630291,2.6682896889036334,0.2157175472908571,False,False,0.0,0.0,1
390,458,29.04663304798305,75.0,False,solved,0.0,1.3236484857864198e-11,0.0001773945226938715,0.05876556691456864,331.270470035763,2799.999999999998,16613.567419162573,5.933416935415209,2.5452144810579913,0.214162306248071,False,False,0.0,0.0,1
391,459,8.528630016371608,75.0,False,solved,0.0,1.1259327303915404e-11,0.00016925830814522772,0.05767422915743364,340.74681349141076,2799.999999999999,16105.266835616683,5.751881012720246,2.668720680452285,0.2131626570247585,False,False,0.0,0.0,1
392,460,9.324299171566963,75.0,False,solved,3.4988843167176965e-19,2.7573733326733338e-11,0.0001721321403928222,0.05844403420317393,339.53004981985924,2799.999999999999,16462.820535767063,5.879578762773953,2.4735247208876436,0.21317386472542768,False,False,0.0,0.0,1
393,461,11.359809199348092,75.0,False,solved,0.0,8.186851678330293e-12,0.0001647281842101169,0.05729486151457729,347.8145636662611,2799.9999999999995,15930.804623898366,5.689573079963703,2.609351250284516,0.21216049855058086,False,False,0.0,0.0,1
394,462,7.168797077611089,50.0,False,solved,2.9228291904658396e-19,6.531079366153793e-12,0.00015572377466797877,0.055443468140642785,356.0372734276106,2799.9999999999964,15095.912637849902,5.391397370660687,2.506516548857039,0.21202271540758844,False,False,0.0,0.0,1
395,464,5.9090880677104,50.0,False,solved,3.5060158462257275e-19,2.581083165904967e-11,0.0001400946562101519,0.05571273899119164,397.679258426664,2799.9999999999986,15215.637143602575,5.4341561227152075,2.483731561789953,0.21692930989557638,False,False,0.0,0.0,1
396,465,6.906883092597127,75.0,False,solved,3.6243452375932316e-19,2.2422078928194664e-11,0.00013466759629663955,0.05568700793634198,413.51453109534395,2799.9999999999986,15204.171411608862,5.43006121843174,2.5861107677854753,0.2197532165718377,False,False,0.0,0.0,1
397,466,18.309690058231354,100.0,False,solved,0.0,2.5272575094092458e-11,0.00021176115170886014,0.08335759601488774,393.63969898261576,2799.999999999997,30593.95525352493,10.926412590544631,2.6239826917744566,0.40251453173708523,False,False,0.0,0.0,2
398,467,46.35199788026512,700.0,False,solved,0.0,6.133231150354978e-11,0.00013226883796075374,0.056533745919025664,427.4154577195282,2799.9999999999977,15584.257710547803,5.565806325195648,2.4423153452217568,0.22007062535357846,False,False,0.0,0.0,13
399,468,25.247021112591028,175.0,False,solved,6.416301569819432e-18,2.8372763939519217e-11,0.00013506125879693837,0.05757172376204692,426.26378781649544,2800.0,16058.013507733765,5.73500482419063,2.5847280376077943,0.21596891029760035,False,False,0.0,0.0,2
400,470,17.444255063310266,50.0,False,solved,0.0,1.884710580120333e-11,0.00013523203773831228,0.05726320989355754,423.44411022163007,2799.999999999999,15916.300829254507,5.684393153305183,2.527701631289672,0.21062231581875882,False,False,0.0,0.0,0
401,471,6.3818939961493015,50.0,False,solved,0.0,1.2181670271698639e-11,0.00013778583883390018,0.05915119359860538,429.29806211733927,2799.9999999999986,16795.454816558777,5.998376720199566,2.5838887389915186,0.2116686009102601,False,False,0.0,0.0,0
402,472,15.219549182802439,50.0,False,solved,0.0,1.101740804066774e-11,0.00014051853252619064,0.0598682197777462,426.052127797361,2799.9999999999995,17136.814957426086,6.1202910562236035,2.5009974755731665,0.20931360709735428,False,False,0.0,0.0,0
403,473,6.611570017412305,50.0,False,solved,0.0,9.109591156976126e-12,0.00014258338459234338,0.060603528721517204,425.03920702112134,2799.999999999999,17491.150773999034,6.246839562142514,2.552695706867429,0.21220893669578247,False,False,0.0,0.0,0
404,474,15.323097119107842,50.0,False,solved,0.0,1.0622177497927802e-11,0.0001463440417684831,0.061190163772067124,418.12541892802324,2799.9999999999977,17776.94456980958,6.348908774931998,2.540059386236434,0.21308773718904125,False,False,0.0,0.0,0
405,475,16.41233777627349,50.0,False,solved,0.0,1.2225845012618041e-11,0.00015348086987588397,0.061535979782823075,400.9358288924583,2799.9999999999964,17946.70723132804,6.40953829690288,2.470133753714825,0.21339329134764923,False,False,0.0,0.0,0
406,476,5.452086916193366,50.0,False,solved,0.0,7.785432170812528e-12,0.00018521501995548913,0.06533602431870339,352.75769931836487,2799.9999999999977,19875.184295096795,7.098280105391718,2.5835221862768547,0.22157255743966922,False,False,0.0,0.0,0
407,477,22.890734020620584,50.0,False,solved,0.0,6.8460771786360055e-12,0.00019416588431914877,0.06603125397841725,340.0764980416552,2799.9999999999986,20240.506007848977,7.228752145660352,2.568100192707666,0.22200949025986547,False,False,0.0,0.0,0
408,479,5.0949291326105595,50.0,False,solved,0.0,8.753278855036147e-12,0.00024065282554552487,0.07287286214425776,302.81324135324655,2799.9999999999995,24041.816148383976,8.586362910137135,2.5441930002702713,0.219141093129069,False,False,0.0,0.0,0
409,480,10.344131849706173,50.0,False,solved,0.0,1.2219732342383497e-11,0.00027319956555290796,0.07823932317195258,286.38157975694406,2799.999999999998,27285.566761620954,9.74484527200749,2.471417591411901,0.21735045166079703,False,False,0.0,0.0,0
410,481,nan,nan,True,,nan,nan,nan,nan,nan,nan,nan,nan,nan,nan,False,False,nan,nan,0
411,483,15.86139784194529,200.0,False,solved,0.0,4.5731395950760696e-11,0.0003433875949133576,0.09324340647235835,271.5398222113563,2799.999999999998,37577.33140227775,13.42047550081349,2.580748948062235,0.21584662744908967,False,False,0.0,0.0,15
412,484,21.083148196339607,250.0,False,solved,2.719671199568405e-19,3.3141770165412505e-11,0.0003487873093293085,0.09717862632423531,278.61858423433586,2799.999999999996,40574.741657061444,14.49097916323625,2.453448743996263,0.21903331465080433,False,False,0.0,0.0,14
413,485,23.162338882684708,300.0,False,solved,1.4796190177903391e-18,3.4398378694495116e-11,0.0003320968481590105,0.09331736559356082,280.99443313258956,2799.9999999999986,37632.52288528916,13.440186744746136,2.6039870427763767,0.22587145358621036,False,False,0.0,0.0,14
414,487,22.539469180628657,200.0,False,solved,0.0,2.3563575543953208e-11,0.0003281309798946912,0.0940079665386129,286.4952482352729,2799.9999999999973,38149.99109089985,13.62499681817853,2.6415901274051152,0.23532803190777496,False,False,0.0,0.0,10
415,488,15.173736028373241,200.0,False,solved,0.0,3.17802172092392e-11,0.0003202825864790111,0.09326489887316156,291.1956591160895,2799.9999999999986,37593.36544728421,13.426201945458653,2.454876689528753,0.23371592117279294,False,False,0.0,0.0,9
416,489,14.59165709093213,175.0,False,solved,0.0,2.5818390306743922e-11,0.0003392692969993454,0.09472928194561324,279.2156047819323,2800.0,38694.54743172597,13.81948122561642,2.450579419658187,0.22949998322456458,False,False,0.0,0.0,8
417,490,17.347696935757995,175.0,False,solved,0.0,2.503550622928927e-11,0.00033696366182646285,0.09637723707385955,286.01670741426733,2799.999999999996,39954.2873039637,14.269388322844199,2.315362760556197,0.22445783848856282,False,False,0.0,0.0,7
418,491,8.441725047305226,125.0,False,solved,2.4123883345555665e-09,0.0012748667926236218,0.0003634924015458449,0.09626888242589332,264.8442773947547,2799.9999999999986,39870.79089412187,14.239568176472103,2.613746887622182,0.21411396104886254,False,False,0.0,0.0,8
419,492,18.117877887561917,100.0,False,solved,2.3614033119956826e-19,1.0623341919061542e-11,0.00037127799519294285,0.09603147279254921,258.6511294391264,2800.0000000000005,39688.17506682453,14.174348238151616,2.4067435484635533,0.20788658345635722,False,False,0.0,0.0,7
420,494,12.620406923815608,125.0,False,solved,0.0,6.087186047777662e-12,0.0003958179714507305,0.09939697719627379,251.1178985430333,2799.999999999999,42319.03630302628,15.113941536795105,2.486611531783822,0.19928567978462386,False,False,0.0,0.0,3
421,495,7.054756861180067,75.0,False,solved,0.0,1.4825803602206578e-11,0.00023737334594696978,0.049444907034852215,208.30016461030303,2799.999999999999,12579.195326740712,4.492569759550255,2.4764759798011933,0.32026171093545747,False,False,0.0,0.0,2
422,496,22.381604183465242,350.0,False,solved,5.665907970575646e-09,0.0011734139429272084,0.0002134755858949758,0.1389917106718208,651.089491517784,2799.999999999999,80074.78254191662,28.59813662211309,2.506982339607149,0.3342284987282048,False,False,0.0,0.0,10
423,497,9.42177977412939,125.0,False,solved,0.0,1.2025661527879167e-11,0.00036126785941952304,0.09537505386572215,264.0009383036969,2799.9999999999986,39185.603599557595,13.994858428413433,2.541318175089053,0.21328291431038748,False,False,0.0,0.0,1
424,498,21.206239005550742,50.0,False,solved,0.0,1.5184114936641216e-11,0.0003551825434480363,0.09732488747438263,274.01371286317567,2799.999999999997,40688.53488760498,14.531619602716082,2.5139245527218685,0.2148483218510498,False,False,0.0,0.0,0
425,499,5.484492983669043,50.0,False,solved,0.0,1.1021858203208101e-11,0.0003603577407753055,0.09526631049560096,264.3659333934012,2799.9999999999955,39102.679661777,13.965242736348952,2.404280487979552,0.21401224140636554,False,False,0.0,0.0,0
426,500,11.373892892152071,50.0,False,solved,0.0,1.843377113036576e-11,0.00035005631046867855,0.09404104424438116,268.6454762620128,2799.999999999999,38174.8720102946,13.633882860819506,2.4590990418803127,0.2142502751079476,False,False,0.0,0.0,0
427,502,12.84548407420516,125.0,False,solved,0.0,2.3301015467976224e-11,0.0003453183233902576,0.09556728064809941,276.7512586932583,2799.9999999999973,39332.42052189038,14.047293043532292,2.406538352960654,0.22035477605469253,False,False,0.0,0.0,1
428,503,5.059851799160242,50.0,False,solved,0.0,3.02183908233866e-11,0.0003509936576176372,0.0966512782825838,275.36474288054814,2799.9999999999977,40165.878374629814,14.344956562367802,2.5272353477694467,0.21616145449036597,False,False,0.0,0.0,0
429,504,26.378561975434422,50.0,False,solved,0.0,1.667229025165893e-11,0.00037551348438070304,0.099109235159202,263.92989674566013,2799.9999999999986,42090.56197536802,15.032343562631445,2.37696926555121,0.2094657585232083,False,False,0.0,0.0,0
430,505,5.660336930304766,50.0,False,solved,0.0,1.6699915525873768e-11,0.00038903927589735215,0.10072638519779058,258.9105816256125,2799.9999999999986,43383.21870005472,15.49400667859098,2.49226803226684,0.19366494685694124,False,False,0.0,0.0,0
431,506,8.175351889804006,50.0,False,solved,0.0,1.9281948589126773e-11,0.0003964549717152135,0.10031066533883641,253.01906268158194,2799.9999999999973,43048.91832288012,15.374613686742915,2.5629837101025235,0.18416917219407022,False,False,0.0,0.0,0
432,507,6.270489888265729,50.0,False,solved,0.0,2.015915537925637e-11,0.0004204672356958577,0.10131159223387962,240.950028047281,2799.9999999999977,43856.154883855575,15.66291245851986,2.4503213973886466,0.181680859139307,False,False,0.0,0.0,0
433,508,17.04579684883356,125.0,False,solved,0.0,2.0856955915424314e-11,0.00042808974753676376,0.06261513985153694,146.26638505553007,2799.9999999999964,18482.62295451011,6.600936769467904,2.6130077087492354,0.18930316573793426,False,False,0.0,0.0,2
434,509,12.033761944621801,75.0,False,solved,0.0,1.8171788412807953e-11,0.0004013425034959576,0.0996036550261987,248.1761940451989,2799.9999999999973,42483.55237831196,15.17269727796857,2.54996524884068,0.1860182762614093,False,False,0.0,0.0,1
435,511,31.494980910792947,50.0,False,solved,0.0,1.504899306784635e-11,0.000387541624512343,0.09565478534205235,246.82454552441448,2799.999999999998,39399.35183533646,14.071197084048746,2.4595448186440674,0.18652514649861954,False,False,0.0,0.0,0
436,512,5.456726998090744,50.0,False,solved,0.0,8.35642511223603e-12,0.00037214471509696833,0.09749933142104648,261.9930566409937,2799.9999999999986,40824.47851020423,14.580170896501517,2.4358472656645573,0.1881053856914354,False,False,0.0,0.0,0
437,513,10.249432176351547,50.0,False,solved,0.0,6.185393826166573e-12,0.0003881620998723053,0.097572924539289,251.37159081576436,2799.999999999999,40881.90241259914,14.600679433071127,2.597191222898379,0.19244675300219624,False,False,0.0,0.0,0
438,514,9.11342492327094,50.0,False,solved,0.0,8.678160071567599e-12,0.00038069587151989023,0.09620425175361862,252.7063174326865,2799.999999999999,39821.03222189452,14.221797222105192,2.651933143955505,0.19092671729092528,False,False,0.0,0.0,0
439,515,5.966762080788612,50.0,False,solved,0.0,9.90436268740981e-12,0.00038546542675825995,0.09687609457630375,251.3223958657606,2799.999999999998,40339.9108014278,14.40711100050994,2.562054521413302,0.1945391548364143,False,False,0.0,0.0,0
440,516,5.787997972220182,50.0,False,solved,0.0,8.139583626979812e-12,0.0003926878531873091,0.09654040988991382,245.84516456602688,2799.999999999996,40080.20296685029,14.314358202446552,2.4908215305875014,0.19011768269848076,False,False,0.0,0.0,0
441,517,5.323691992089152,50.0,False,solved,0.0,9.016135074019438e-12,0.00039291452176009396,0.09670187500388046,246.11428096547868,2799.9999999999977,40205.01051706451,14.358932327523052,2.6448034003410066,0.18747805559952602,False,False,0.0,0.0,0
442,519,8.801031857728958,50.0,False,solved,0.0,3.4409394549467454e-12,0.0003814910827783393,0.09562122850512858,250.65128078154353,2799.999999999997,39373.677363320065,14.062027629757182,2.511038323936083,0.1806654783223539,False,False,0.0,0.0,0
443,520,7.480680011212826,50.0,False,solved,0.0,4.451772106030403e-12,0.0004058366892370959,0.09761793844234241,240.53502561793408,2799.9999999999973,40917.0476229318,14.61323129390423,2.528605199886459,0.17685674739450313,False,False,0.0,0.0,0
444,521,6.015273043885827,50.0,False,solved,0.0,2.338622588882371e-12,0.00042181147756610127,0.09894887647480304,234.5808062069552,2799.9999999999977,41963.52062250333,14.98697165089406,2.4785399515578885,0.1703129047397209,False,False,0.0,0.0,0
445,522,7.601910969242454,50.0,False,solved,0.0,3.112019355431062e-12,0.0004384153571723989,0.09997114996296051,228.02839436951717,2799.999999999998,42776.92329966699,15.277472607023935,2.405374796071989,0.5736404313234501,False,False,0.0,0.0,0
446,523,6.84458389878273,50.0,False,solved,0.0,7.972440083673062e-13,0.00046033387883394805,0.10187315537531727,221.30275449933814,2799.9999999999986,44312.55914449412,15.825913980176479,2.41226262216185,0.161413770569755,False,False,0.0,0.0,0
447,524,6.494071101769805,50.0,False,solved,0.0,5.902132562057019e-13,0.0004511279248013808,0.10251850392724948,227.24929735259803,2799.999999999997,44840.17458992586,16.01434806783068,2.4808988516270976,0.16072721568195575,False,False,0.0,0.0,0
448,525,5.308095831423998,50.0,False,solved,0.0,1.5943920370128316e-12,0.0004511279248013808,0.10251850392724948,227.24929735259803,2799.999999999997,44840.17458992586,16.01434806783068,2.4262127678288894,0.6852169164502061,False,False,0.0,0.0,0
449,525,5.810572998598218,50.0,False,solved,0.0,3.367912299057819e-12,0.0004511279248013808,0.10251850392724948,227.24929735259803,2799.999999999997,44840.17458992586,16.01434806783068,2.416116951749534,0.5352759226988875,False,False,0.0,0.0,0
450,525,6.565125891938806,50.0,False,solved,0.0,4.91153876945932e-13,0.0004511279248013808,0.10251850392724948,227.24929735259803,2799.999999999997,44840.17458992586,16.01434806783068,2.459540150716507,0.31106081908882444,False,False,0.0,0.0,0
451,525,12.051427038386464,50.0,False,solved,0.0,4.209890373822274e-13,0.0004511279248013808,0.10251850392724948,227.24929735259803,2799.999999999997,44840.17458992586,16.01434806783068,2.4980528689418833,0.3204454075236504,False,False,0.0,0.0,0
452,525,15.747344121336937,50.0,False,solved,0.0,3.881062236897986e-12,0.0004511279248013808,0.10251850392724948,227.24929735259803,2799.999999999997,44840.17458992586,16.01434806783068,2.400502974442618,0.631179093788458,False,False,0.0,0.0,0
453,525,5.147828022018075,50.0,False,solved,0.0,3.7197163615692103e-13,0.0004511279248013808,0.10251850392724948,227.24929735259803,2799.999999999997,44840.17458992586,16.01434806783068,2.498299729621831,0.2990403471087509,False,False,0.0,0.0,0
454,525,6.581204943358898,50.0,False,solved,0.0,2.1040520625660005e-12,0.0004511279248013808,0.10251850392724948,227.24929735259803,2799.999999999997,44840.17458992586,16.01434806783068,2.418997463904458,0.6107235726080944,False,False,0.0,0.0,0
455,525,5.986830918118358,50.0,False,solved,0.0,1.0520260312830002e-12,0.0004511279248013808,0.10251850392724948,227.24929735259803,2799.999999999997,44840.17458992586,16.01434806783068,2.4728341485084684,0.16072721568173948,False,False,0.0,0.0,0
456,525,7.5562691781669855,50.0,False,solved,0.0,7.322407653396082e-13,0.0004511279248013808,0.10251850392724948,227.24929735259803,2799.999999999997,44840.17458992586,16.01434806783068,2.4859917585831366,0.16072721568173826,False,False,0.0,0.0,0
457,525,6.327957147732377,50.0,False,solved,0.0,8.419780747644548e-13,0.0004511279248013808,0.10251850392724948,227.24929735259803,2799.999999999997,44840.17458992586,16.01434806783068,2.448185061783448,0.40000726556305793,False,False,0.0,0.0,0
458,525,6.162055069580674,50.0,False,solved,0.0,6.665764847340021e-13,0.0004511279248013808,0.10251850392724948,227.24929735259803,2799.999999999997,44840.17458992586,16.01434806783068,2.4855420297717226,0.1607272156819181,False,False,0.0,0.0,0
459,525,5.816126009449363,50.0,False,solved,0.0,6.959535734784743e-13,0.0004511279248013808,0.10251850392724948,227.24929735259803,2799.999999999997,44840.17458992586,16.01434806783068,2.460066894625887,0.3980691956364175,False,False,0.0,0.0,0
460,525,16.903512179851532,50.0,False,solved,0.0,2.958823212983438e-13,0.0004511279248013808,0.10251850392724948,227.24929735259803,2799.999999999997,44840.17458992586,16.01434806783068,2.4591580425698245,0.2065405878978449,False,False,0.0,0.0,0
461,525,17.57132005877793,50.0,False,solved,0.0,6.755151924829408e-13,0.0004511279248013808,0.10251850392724948,227.24929735259803,2799.999999999997,44840.17458992586,16.01434806783068,2.4672221995665233,0.16072721568198897,False,False,0.0,0.0,0
462,525,5.840189987793565,50.0,False,solved,0.0,1.1226374330192732e-12,0.0004511279248013808,0.10251850392724948,227.24929735259803,2799.999999999997,44840.17458992586,16.01434806783068,2.3981310316613467,0.4072306843300942,False,False,0.0,0.0,0
463,525,5.314016947522759,50.0,False,solved,0.0,1.0665223755744032e-12,0.0004511279248013808,0.10251850392724948,227.24929735259803,2799.999999999997,44840.17458992586,16.01434806783068,2.486153984528656,0.16072721568173998,False,False,0.0,0.0,0
464,525,14.237776165828109,50.0,False,solved,0.0,5.319682140803159e-13,0.0004511279248013808,0.10251850392724948,227.24929735259803,2799.999999999997,44840.17458992586,16.01434806783068,2.403289187620385,0.23636010218521866,False,False,0.0,0.0,0
465,525,5.907720187678933,50.0,False,solved,0.0,2.0145720629311178e-12,0.0004511279248013808,0.10251850392724948,227.24929735259803,2799.999999999997,44840.17458992586,16.01434806783068,2.3853519107540793,0.16072721568182743,False,False,0.0,0.0,0
466,525,15.07615391165018,50.0,False,solved,0.0,2.898703862022199e-12,0.0004511279248013808,0.10251850392724948,227.24929735259803,2799.999999999997,44840.17458992586,16.01434806783068,2.4891734490361093,0.16072721568199677,False,False,0.0,0.0,0
467,525,9.274845011532307,50.0,False,solved,0.0,1.3860936560349951e-12,0.0004511279248013808,0.10251850392724948,227.24929735259803,2799.999999999997,44840.17458992586,16.01434806783068,2.4383557578186608,0.16072721568188822,False,False,0.0,0.0,0
