[compare] out -> /home/jack/Proper-Research/close_loop_logs/compare_tri
[schedule] building relinearised Jacobian schedule (one beam solve per sample)...
[schedule] (132, 3, 7) in 32s -> /home/jack/Proper-Research/close_loop_logs/compare_tri/ltv_schedule.npz

========================================================================
  rep 1/3   naive_inverse_jacobian
========================================================================
[reset] at reference joints (dq=0.0000)
[DEBUG] roi_desc = {'type': 'polygon', 'polygon': [(329.0, 318.0), (351.0, 301.0), (373.0, 280.0), (395.0, 264.0), (410.0, 237.0), (399.0, 194.0), (357.0, 161.0), (310.0, 167.0), (271.0, 175.0), (237.0, 188.0), (221.0, 208.0), (219.0, 222.0), (219.0, 239.0), (234.0, 245.0), (249.0, 255.0), (260.0, 269.0), (286.0, 288.0), (303.0, 300.0), (314.0, 310.0), (321.0, 313.0)]}
[DEBUG] mask nonzero = 242
[DEBUG] found 3 raw contours
[DEBUG] kept 3 candidates after filtering
[DEBUG] roi_desc = {'type': 'polygon', 'polygon': [(329.0, 318.0), (351.0, 301.0), (373.0, 280.0), (395.0, 264.0), (410.0, 237.0), (399.0, 194.0), (357.0, 161.0), (310.0, 167.0), (271.0, 175.0), (237.0, 188.0), (221.0, 208.0), (219.0, 222.0), (219.0, 239.0), (234.0, 245.0), (249.0, 255.0), (260.0, 269.0), (286.0, 288.0), (303.0, 300.0), (314.0, 310.0), (321.0, 313.0)]}
[DEBUG] mask nonzero = 246
[DEBUG] found 3 raw contours
[DEBUG] kept 3 candidates after filtering
[DEBUG] roi_desc = {'type': 'polygon', 'polygon': [(329.0, 318.0), (351.0, 301.0), (373.0, 280.0), (395.0, 264.0), (410.0, 237.0), (399.0, 194.0), (357.0, 161.0), (310.0, 167.0), (271.0, 175.0), (237.0, 188.0), (221.0, 208.0), (219.0, 222.0), (219.0, 239.0), (234.0, 245.0), (249.0, 255.0), (260.0, 269.0), (286.0, 288.0), (303.0, 300.0), (314.0, 310.0), (321.0, 313.0)]}
[DEBUG] mask nonzero = 243
[DEBUG] found 3 raw contours
[DEBUG] kept 3 candidates after filtering
[DEBUG] roi_desc = {'type': 'polygon', 'polygon': [(329.0, 318.0), (351.0, 301.0), (373.0, 280.0), (395.0, 264.0), (410.0, 237.0), (399.0, 194.0), (357.0, 161.0), (310.0, 167.0), (271.0, 175.0), (237.0, 188.0), (221.0, 208.0), (219.0, 222.0), (219.0, 239.0), (234.0, 245.0), (249.0, 255.0), (260.0, 269.0), (286.0, 288.0), (303.0, 300.0), (314.0, 310.0), (321.0, 313.0)]}
[DEBUG] mask nonzero = 246
[DEBUG] found 3 raw contours
[DEBUG] kept 3 candidates after filtering
[DEBUG] roi_desc = {'type': 'polygon', 'polygon': [(329.0, 318.0), (351.0, 301.0), (373.0, 280.0), (395.0, 264.0), (410.0, 237.0), (399.0, 194.0), (357.0, 161.0), (310.0, 167.0), (271.0, 175.0), (237.0, 188.0), (221.0, 208.0), (219.0, 222.0), (219.0, 239.0), (234.0, 245.0), (249.0, 255.0), (260.0, 269.0), (286.0, 288.0), (303.0, 300.0), (314.0, 310.0), (321.0, 313.0)]}
[DEBUG] mask nonzero = 246
[DEBUG] found 3 raw contours
[DEBUG] kept 3 candidates after filtering
[DEBUG] roi_desc = {'type': 'polygon', 'polygon': [(329.0, 318.0), (351.0, 301.0), (373.0, 280.0), (395.0, 264.0), (410.0, 237.0), (399.0, 194.0), (357.0, 161.0), (310.0, 167.0), (271.0, 175.0), (237.0, 188.0), (221.0, 208.0), (219.0, 222.0), (219.0, 239.0), (234.0, 245.0), (249.0, 255.0), (260.0, 269.0), (286.0, 288.0), (303.0, 300.0), (314.0, 310.0), (321.0, 313.0)]}
[DEBUG] mask nonzero = 238
[DEBUG] found 3 raw contours
[DEBUG] kept 3 candidates after filtering
[DEBUG] roi_desc = {'type': 'polygon', 'polygon': [(329.0, 318.0), (351.0, 301.0), (373.0, 280.0), (395.0, 264.0), (410.0, 237.0), (399.0, 194.0), (357.0, 161.0), (310.0, 167.0), (271.0, 175.0), (237.0, 188.0), (221.0, 208.0), (219.0, 222.0), (219.0, 239.0), (234.0, 245.0), (249.0, 255.0), (260.0, 269.0), (286.0, 288.0), (303.0, 300.0), (314.0, 310.0), (321.0, 313.0)]}
[DEBUG] mask nonzero = 244
[DEBUG] found 3 raw contours
[DEBUG] kept 3 candidates after filtering
[DEBUG] roi_desc = {'type': 'polygon', 'polygon': [(329.0, 318.0), (351.0, 301.0), (373.0, 280.0), (395.0, 264.0), (410.0, 237.0), (399.0, 194.0), (357.0, 161.0), (310.0, 167.0), (271.0, 175.0), (237.0, 188.0), (221.0, 208.0), (219.0, 222.0), (219.0, 239.0), (234.0, 245.0), (249.0, 255.0), (260.0, 269.0), (286.0, 288.0), (303.0, 300.0), (314.0, 310.0), (321.0, 313.0)]}
[DEBUG] mask nonzero = 246
[DEBUG] found 3 raw contours
[DEBUG] kept 3 candidates after filtering
[DEBUG] roi_desc = {'type': 'polygon', 'polygon': [(329.0, 318.0), (351.0, 301.0), (373.0, 280.0), (395.0, 264.0), (410.0, 237.0), (399.0, 194.0), (357.0, 161.0), (310.0, 167.0), (271.0, 175.0), (237.0, 188.0), (221.0, 208.0), (219.0, 222.0), (219.0, 239.0), (234.0, 245.0), (249.0, 255.0), (260.0, 269.0), (286.0, 288.0), (303.0, 300.0), (314.0, 310.0), (321.0, 313.0)]}
[DEBUG] mask nonzero = 250
[DEBUG] found 3 raw contours
[DEBUG] kept 3 candidates after filtering
[DEBUG] roi_desc = {'type': 'polygon', 'polygon': [(329.0, 318.0), (351.0, 301.0), (373.0, 280.0), (395.0, 264.0), (410.0, 237.0), (399.0, 194.0), (357.0, 161.0), (310.0, 167.0), (271.0, 175.0), (237.0, 188.0), (221.0, 208.0), (219.0, 222.0), (219.0, 239.0), (234.0, 245.0), (249.0, 255.0), (260.0, 269.0), (286.0, 288.0), (303.0, 300.0), (314.0, 310.0), (321.0, 313.0)]}
[DEBUG] mask nonzero = 248
[DEBUG] found 3 raw contours
[DEBUG] kept 3 candidates after filtering
[DEBUG] roi_desc = {'type': 'polygon', 'polygon': [(329.0, 318.0), (351.0, 301.0), (373.0, 280.0), (395.0, 264.0), (410.0, 237.0), (399.0, 194.0), (357.0, 161.0), (310.0, 167.0), (271.0, 175.0), (237.0, 188.0), (221.0, 208.0), (219.0, 222.0), (219.0, 239.0), (234.0, 245.0), (249.0, 255.0), (260.0, 269.0), (286.0, 288.0), (303.0, 300.0), (314.0, 310.0), (321.0, 313.0)]}
[DEBUG] mask nonzero = 253
[DEBUG] found 3 raw contours
[DEBUG] kept 3 candidates after filtering
[DEBUG] roi_desc = {'type': 'polygon', 'polygon': [(329.0, 318.0), (351.0, 301.0), (373.0, 280.0), (395.0, 264.0), (410.0, 237.0), (399.0, 194.0), (357.0, 161.0), (310.0, 167.0), (271.0, 175.0), (237.0, 188.0), (221.0, 208.0), (219.0, 222.0), (219.0, 239.0), (234.0, 245.0), (249.0, 255.0), (260.0, 269.0), (286.0, 288.0), (303.0, 300.0), (314.0, 310.0), (321.0, 313.0)]}
[DEBUG] mask nonzero = 247
[DEBUG] found 3 raw contours
[DEBUG] kept 3 candidates after filtering
[DEBUG] roi_desc = {'type': 'polygon', 'polygon': [(329.0, 318.0), (351.0, 301.0), (373.0, 280.0), (395.0, 264.0), (410.0, 237.0), (399.0, 194.0), (357.0, 161.0), (310.0, 167.0), (271.0, 175.0), (237.0, 188.0), (221.0, 208.0), (219.0, 222.0), (219.0, 239.0), (234.0, 245.0), (249.0, 255.0), (260.0, 269.0), (286.0, 288.0), (303.0, 300.0), (314.0, 310.0), (321.0, 313.0)]}
[DEBUG] mask nonzero = 257
[DEBUG] found 3 raw contours
[DEBUG] kept 3 candidates after filtering
[DEBUG] roi_desc = {'type': 'polygon', 'polygon': [(329.0, 318.0), (351.0, 301.0), (373.0, 280.0), (395.0, 264.0), (410.0, 237.0), (399.0, 194.0), (357.0, 161.0), (310.0, 167.0), (271.0, 175.0), (237.0, 188.0), (221.0, 208.0), (219.0, 222.0), (219.0, 239.0), (234.0, 245.0), (249.0, 255.0), (260.0, 269.0), (286.0, 288.0), (303.0, 300.0), (314.0, 310.0), (321.0, 313.0)]}
[DEBUG] mask nonzero = 245
[DEBUG] found 3 raw contours
[DEBUG] kept 3 candidates after filtering
[DEBUG] roi_desc = {'type': 'polygon', 'polygon': [(329.0, 318.0), (351.0, 301.0), (373.0, 280.0), (395.0, 264.0), (410.0, 237.0), (399.0, 194.0), (357.0, 161.0), (310.0, 167.0), (271.0, 175.0), (237.0, 188.0), (221.0, 208.0), (219.0, 222.0), (219.0, 239.0), (234.0, 245.0), (249.0, 255.0), (260.0, 269.0), (286.0, 288.0), (303.0, 300.0), (314.0, 310.0), (321.0, 313.0)]}
[DEBUG] mask nonzero = 262
[DEBUG] found 3 raw contours
[DEBUG] kept 3 candidates after filtering
[DEBUG] roi_desc = {'type': 'polygon', 'polygon': [(329.0, 318.0), (351.0, 301.0), (373.0, 280.0), (395.0, 264.0), (410.0, 237.0), (399.0, 194.0), (357.0, 161.0), (310.0, 167.0), (271.0, 175.0), (237.0, 188.0), (221.0, 208.0), (219.0, 222.0), (219.0, 239.0), (234.0, 245.0), (249.0, 255.0), (260.0, 269.0), (286.0, 288.0), (303.0, 300.0), (314.0, 310.0), (321.0, 313.0)]}
[DEBUG] mask nonzero = 259
[DEBUG] found 3 raw contours
[DEBUG] kept 3 candidates after filtering
[DEBUG] roi_desc = {'type': 'polygon', 'polygon': [(329.0, 318.0), (351.0, 301.0), (373.0, 280.0), (395.0, 264.0), (410.0, 237.0), (399.0, 194.0), (357.0, 161.0), (310.0, 167.0), (271.0, 175.0), (237.0, 188.0), (221.0, 208.0), (219.0, 222.0), (219.0, 239.0), (234.0, 245.0), (249.0, 255.0), (260.0, 269.0), (286.0, 288.0), (303.0, 300.0), (314.0, 310.0), (321.0, 313.0)]}
[DEBUG] mask nonzero = 251
[DEBUG] found 3 raw contours
[DEBUG] kept 3 candidates after filtering
[DEBUG] roi_desc = {'type': 'polygon', 'polygon': [(329.0, 318.0), (351.0, 301.0), (373.0, 280.0), (395.0, 264.0), (410.0, 237.0), (399.0, 194.0), (357.0, 161.0), (310.0, 167.0), (271.0, 175.0), (237.0, 188.0), (221.0, 208.0), (219.0, 222.0), (219.0, 239.0), (234.0, 245.0), (249.0, 255.0), (260.0, 269.0), (286.0, 288.0), (303.0, 300.0), (314.0, 310.0), (321.0, 313.0)]}
[DEBUG] mask nonzero = 259
[DEBUG] found 3 raw contours
[DEBUG] kept 3 candidates after filtering
[DEBUG] roi_desc = {'type': 'polygon', 'polygon': [(329.0, 318.0), (351.0, 301.0), (373.0, 280.0), (395.0, 264.0), (410.0, 237.0), (399.0, 194.0), (357.0, 161.0), (310.0, 167.0), (271.0, 175.0), (237.0, 188.0), (221.0, 208.0), (219.0, 222.0), (219.0, 239.0), (234.0, 245.0), (249.0, 255.0), (260.0, 269.0), (286.0, 288.0), (303.0, 300.0), (314.0, 310.0), (321.0, 313.0)]}
[DEBUG] mask nonzero = 260
[DEBUG] found 3 raw contours
[DEBUG] kept 3 candidates after filtering
[DEBUG] roi_desc = {'type': 'polygon', 'polygon': [(329.0, 318.0), (351.0, 301.0), (373.0, 280.0), (395.0, 264.0), (410.0, 237.0), (399.0, 194.0), (357.0, 161.0), (310.0, 167.0), (271.0, 175.0), (237.0, 188.0), (221.0, 208.0), (219.0, 222.0), (219.0, 239.0), (234.0, 245.0), (249.0, 255.0), (260.0, 269.0), (286.0, 288.0), (303.0, 300.0), (314.0, 310.0), (321.0, 313.0)]}
[DEBUG] mask nonzero = 257
[DEBUG] found 3 raw contours
[DEBUG] kept 3 candidates after filtering
[DEBUG] roi_desc = {'type': 'polygon', 'polygon': [(329.0, 318.0), (351.0, 301.0), (373.0, 280.0), (395.0, 264.0), (410.0, 237.0), (399.0, 194.0), (357.0, 161.0), (310.0, 167.0), (271.0, 175.0), (237.0, 188.0), (221.0, 208.0), (219.0, 222.0), (219.0, 239.0), (234.0, 245.0), (249.0, 255.0), (260.0, 269.0), (286.0, 288.0), (303.0, 300.0), (314.0, 310.0), (321.0, 313.0)]}
[DEBUG] mask nonzero = 252
[DEBUG] found 3 raw contours
[DEBUG] kept 3 candidates after filtering
[DEBUG] roi_desc = {'type': 'polygon', 'polygon': [(329.0, 318.0), (351.0, 301.0), (373.0, 280.0), (395.0, 264.0), (410.0, 237.0), (399.0, 194.0), (357.0, 161.0), (310.0, 167.0), (271.0, 175.0), (237.0, 188.0), (221.0, 208.0), (219.0, 222.0), (219.0, 239.0), (234.0, 245.0), (249.0, 255.0), (260.0, 269.0), (286.0, 288.0), (303.0, 300.0), (314.0, 310.0), (321.0, 313.0)]}
[DEBUG] mask nonzero = 250
[DEBUG] found 3 raw contours
[DEBUG] kept 3 candidates after filtering
[DEBUG] roi_desc = {'type': 'polygon', 'polygon': [(329.0, 318.0), (351.0, 301.0), (373.0, 280.0), (395.0, 264.0), (410.0, 237.0), (399.0, 194.0), (357.0, 161.0), (310.0, 167.0), (271.0, 175.0), (237.0, 188.0), (221.0, 208.0), (219.0, 222.0), (219.0, 239.0), (234.0, 245.0), (249.0, 255.0), (260.0, 269.0), (286.0, 288.0), (303.0, 300.0), (314.0, 310.0), (321.0, 313.0)]}
[DEBUG] mask nonzero = 257
[DEBUG] found 3 raw contours
[DEBUG] kept 3 candidates after filtering
[DEBUG] roi_desc = {'type': 'polygon', 'polygon': [(329.0, 318.0), (351.0, 301.0), (373.0, 280.0), (395.0, 264.0), (410.0, 237.0), (399.0, 194.0), (357.0, 161.0), (310.0, 167.0), (271.0, 175.0), (237.0, 188.0), (221.0, 208.0), (219.0, 222.0), (219.0, 239.0), (234.0, 245.0), (249.0, 255.0), (260.0, 269.0), (286.0, 288.0), (303.0, 300.0), (314.0, 310.0), (321.0, 313.0)]}
[DEBUG] mask nonzero = 257
[DEBUG] found 3 raw contours
[DEBUG] kept 3 candidates after filtering
[DEBUG] roi_desc = {'type': 'polygon', 'polygon': [(329.0, 318.0), (351.0, 301.0), (373.0, 280.0), (395.0, 264.0), (410.0, 237.0), (399.0, 194.0), (357.0, 161.0), (310.0, 167.0), (271.0, 175.0), (237.0, 188.0), (221.0, 208.0), (219.0, 222.0), (219.0, 239.0), (234.0, 245.0), (249.0, 255.0), (260.0, 269.0), (286.0, 288.0), (303.0, 300.0), (314.0, 310.0), (321.0, 313.0)]}
[DEBUG] mask nonzero = 256
[DEBUG] found 3 raw contours
[DEBUG] kept 3 candidates after filtering
[DEBUG] roi_desc = {'type': 'polygon', 'polygon': [(329.0, 318.0), (351.0, 301.0), (373.0, 280.0), (395.0, 264.0), (410.0, 237.0), (399.0, 194.0), (357.0, 161.0), (310.0, 167.0), (271.0, 175.0), (237.0, 188.0), (221.0, 208.0), (219.0, 222.0), (219.0, 239.0), (234.0, 245.0), (249.0, 255.0), (260.0, 269.0), (286.0, 288.0), (303.0, 300.0), (314.0, 310.0), (321.0, 313.0)]}
[DEBUG] mask nonzero = 257
[DEBUG] found 3 raw contours
[DEBUG] kept 3 candidates after filtering
[DEBUG] roi_desc = {'type': 'polygon', 'polygon': [(329.0, 318.0), (351.0, 301.0), (373.0, 280.0), (395.0, 264.0), (410.0, 237.0), (399.0, 194.0), (357.0, 161.0), (310.0, 167.0), (271.0, 175.0), (237.0, 188.0), (221.0, 208.0), (219.0, 222.0), (219.0, 239.0), (234.0, 245.0), (249.0, 255.0), (260.0, 269.0), (286.0, 288.0), (303.0, 300.0), (314.0, 310.0), (321.0, 313.0)]}
[DEBUG] mask nonzero = 263
[DEBUG] found 3 raw contours
[DEBUG] kept 3 candidates after filtering
[DEBUG] roi_desc = {'type': 'polygon', 'polygon': [(329.0, 318.0), (351.0, 301.0), (373.0, 280.0), (395.0, 264.0), (410.0, 237.0), (399.0, 194.0), (357.0, 161.0), (310.0, 167.0), (271.0, 175.0), (237.0, 188.0), (221.0, 208.0), (219.0, 222.0), (219.0, 239.0), (234.0, 245.0), (249.0, 255.0), (260.0, 269.0), (286.0, 288.0), (303.0, 300.0), (314.0, 310.0), (321.0, 313.0)]}
[DEBUG] mask nonzero = 255
[DEBUG] found 3 raw contours
[DEBUG] kept 3 candidates after filtering
[DEBUG] roi_desc = {'type': 'polygon', 'polygon': [(329.0, 318.0), (351.0, 301.0), (373.0, 280.0), (395.0, 264.0), (410.0, 237.0), (399.0, 194.0), (357.0, 161.0), (310.0, 167.0), (271.0, 175.0), (237.0, 188.0), (221.0, 208.0), (219.0, 222.0), (219.0, 239.0), (234.0, 245.0), (249.0, 255.0), (260.0, 269.0), (286.0, 288.0), (303.0, 300.0), (314.0, 310.0), (321.0, 313.0)]}
[DEBUG] mask nonzero = 258
[DEBUG] found 3 raw contours
[DEBUG] kept 3 candidates after filtering
[DEBUG] roi_desc = {'type': 'polygon', 'polygon': [(329.0, 318.0), (351.0, 301.0), (373.0, 280.0), (395.0, 264.0), (410.0, 237.0), (399.0, 194.0), (357.0, 161.0), (310.0, 167.0), (271.0, 175.0), (237.0, 188.0), (221.0, 208.0), (219.0, 222.0), (219.0, 239.0), (234.0, 245.0), (249.0, 255.0), (260.0, 269.0), (286.0, 288.0), (303.0, 300.0), (314.0, 310.0), (321.0, 313.0)]}
[DEBUG] mask nonzero = 260
[DEBUG] found 3 raw contours
[DEBUG] kept 3 candidates after filtering
[DEBUG] roi_desc = {'type': 'polygon', 'polygon': [(329.0, 318.0), (351.0, 301.0), (373.0, 280.0), (395.0, 264.0), (410.0, 237.0), (399.0, 194.0), (357.0, 161.0), (310.0, 167.0), (271.0, 175.0), (237.0, 188.0), (221.0, 208.0), (219.0, 222.0), (219.0, 239.0), (234.0, 245.0), (249.0, 255.0), (260.0, 269.0), (286.0, 288.0), (303.0, 300.0), (314.0, 310.0), (321.0, 313.0)]}
[DEBUG] mask nonzero = 260
[DEBUG] found 3 raw contours
[DEBUG] kept 3 candidates after filtering
[DEBUG] roi_desc = {'type': 'polygon', 'polygon': [(329.0, 318.0), (351.0, 301.0), (373.0, 280.0), (395.0, 264.0), (410.0, 237.0), (399.0, 194.0), (357.0, 161.0), (310.0, 167.0), (271.0, 175.0), (237.0, 188.0), (221.0, 208.0), (219.0, 222.0), (219.0, 239.0), (234.0, 245.0), (249.0, 255.0), (260.0, 269.0), (286.0, 288.0), (303.0, 300.0), (314.0, 310.0), (321.0, 313.0)]}
[DEBUG] mask nonzero = 251
[DEBUG] found 3 raw contours
[DEBUG] kept 3 candidates after filtering
[DEBUG] roi_desc = {'type': 'polygon', 'polygon': [(329.0, 318.0), (351.0, 301.0), (373.0, 280.0), (395.0, 264.0), (410.0, 237.0), (399.0, 194.0), (357.0, 161.0), (310.0, 167.0), (271.0, 175.0), (237.0, 188.0), (221.0, 208.0), (219.0, 222.0), (219.0, 239.0), (234.0, 245.0), (249.0, 255.0), (260.0, 269.0), (286.0, 288.0), (303.0, 300.0), (314.0, 310.0), (321.0, 313.0)]}
[DEBUG] mask nonzero = 252
[DEBUG] found 3 raw contours
[DEBUG] kept 3 candidates after filtering
[DEBUG] roi_desc = {'type': 'polygon', 'polygon': [(329.0, 318.0), (351.0, 301.0), (373.0, 280.0), (395.0, 264.0), (410.0, 237.0), (399.0, 194.0), (357.0, 161.0), (310.0, 167.0), (271.0, 175.0), (237.0, 188.0), (221.0, 208.0), (219.0, 222.0), (219.0, 239.0), (234.0, 245.0), (249.0, 255.0), (260.0, 269.0), (286.0, 288.0), (303.0, 300.0), (314.0, 310.0), (321.0, 313.0)]}
[DEBUG] mask nonzero = 255
[DEBUG] found 3 raw contours
[DEBUG] kept 3 candidates after filtering
[DEBUG] roi_desc = {'type': 'polygon', 'polygon': [(329.0, 318.0), (351.0, 301.0), (373.0, 280.0), (395.0, 264.0), (410.0, 237.0), (399.0, 194.0), (357.0, 161.0), (310.0, 167.0), (271.0, 175.0), (237.0, 188.0), (221.0, 208.0), (219.0, 222.0), (219.0, 239.0), (234.0, 245.0), (249.0, 255.0), (260.0, 269.0), (286.0, 288.0), (303.0, 300.0), (314.0, 310.0), (321.0, 313.0)]}
[DEBUG] mask nonzero = 253
[DEBUG] found 3 raw contours
[DEBUG] kept 3 candidates after filtering
[DEBUG] roi_desc = {'type': 'polygon', 'polygon': [(329.0, 318.0), (351.0, 301.0), (373.0, 280.0), (395.0, 264.0), (410.0, 237.0), (399.0, 194.0), (357.0, 161.0), (310.0, 167.0), (271.0, 175.0), (237.0, 188.0), (221.0, 208.0), (219.0, 222.0), (219.0, 239.0), (234.0, 245.0), (249.0, 255.0), (260.0, 269.0), (286.0, 288.0), (303.0, 300.0), (314.0, 310.0), (321.0, 313.0)]}
[DEBUG] mask nonzero = 253
[DEBUG] found 3 raw contours
[DEBUG] kept 3 candidates after filtering
[DEBUG] roi_desc = {'type': 'polygon', 'polygon': [(329.0, 318.0), (351.0, 301.0), (373.0, 280.0), (395.0, 264.0), (410.0, 237.0), (399.0, 194.0), (357.0, 161.0), (310.0, 167.0), (271.0, 175.0), (237.0, 188.0), (221.0, 208.0), (219.0, 222.0), (219.0, 239.0), (234.0, 245.0), (249.0, 255.0), (260.0, 269.0), (286.0, 288.0), (303.0, 300.0), (314.0, 310.0), (321.0, 313.0)]}
[DEBUG] mask nonzero = 256
[DEBUG] found 3 raw contours
[DEBUG] kept 3 candidates after filtering
[DEBUG] roi_desc = {'type': 'polygon', 'polygon': [(329.0, 318.0), (351.0, 301.0), (373.0, 280.0), (395.0, 264.0), (410.0, 237.0), (399.0, 194.0), (357.0, 161.0), (310.0, 167.0), (271.0, 175.0), (237.0, 188.0), (221.0, 208.0), (219.0, 222.0), (219.0, 239.0), (234.0, 245.0), (249.0, 255.0), (260.0, 269.0), (286.0, 288.0), (303.0, 300.0), (314.0, 310.0), (321.0, 313.0)]}
[DEBUG] mask nonzero = 258
[DEBUG] found 3 raw contours
[DEBUG] kept 3 candidates after filtering
[DEBUG] roi_desc = {'type': 'polygon', 'polygon': [(329.0, 318.0), (351.0, 301.0), (373.0, 280.0), (395.0, 264.0), (410.0, 237.0), (399.0, 194.0), (357.0, 161.0), (310.0, 167.0), (271.0, 175.0), (237.0, 188.0), (221.0, 208.0), (219.0, 222.0), (219.0, 239.0), (234.0, 245.0), (249.0, 255.0), (260.0, 269.0), (286.0, 288.0), (303.0, 300.0), (314.0, 310.0), (321.0, 313.0)]}
[DEBUG] mask nonzero = 255
[DEBUG] found 3 raw contours
[DEBUG] kept 3 candidates after filtering
[DEBUG] roi_desc = {'type': 'polygon', 'polygon': [(329.0, 318.0), (351.0, 301.0), (373.0, 280.0), (395.0, 264.0), (410.0, 237.0), (399.0, 194.0), (357.0, 161.0), (310.0, 167.0), (271.0, 175.0), (237.0, 188.0), (221.0, 208.0), (219.0, 222.0), (219.0, 239.0), (234.0, 245.0), (249.0, 255.0), (260.0, 269.0), (286.0, 288.0), (303.0, 300.0), (314.0, 310.0), (321.0, 313.0)]}
[DEBUG] mask nonzero = 262
[DEBUG] found 3 raw contours
[DEBUG] kept 3 candidates after filtering
[DEBUG] roi_desc = {'type': 'polygon', 'polygon': [(329.0, 318.0), (351.0, 301.0), (373.0, 280.0), (395.0, 264.0), (410.0, 237.0), (399.0, 194.0), (357.0, 161.0), (310.0, 167.0), (271.0, 175.0), (237.0, 188.0), (221.0, 208.0), (219.0, 222.0), (219.0, 239.0), (234.0, 245.0), (249.0, 255.0), (260.0, 269.0), (286.0, 288.0), (303.0, 300.0), (314.0, 310.0), (321.0, 313.0)]}
[DEBUG] mask nonzero = 258
[DEBUG] found 3 raw contours
[DEBUG] kept 3 candidates after filtering
[DEBUG] roi_desc = {'type': 'polygon', 'polygon': [(329.0, 318.0), (351.0, 301.0), (373.0, 280.0), (395.0, 264.0), (410.0, 237.0), (399.0, 194.0), (357.0, 161.0), (310.0, 167.0), (271.0, 175.0), (237.0, 188.0), (221.0, 208.0), (219.0, 222.0), (219.0, 239.0), (234.0, 245.0), (249.0, 255.0), (260.0, 269.0), (286.0, 288.0), (303.0, 300.0), (314.0, 310.0), (321.0, 313.0)]}
[DEBUG] mask nonzero = 257
[DEBUG] found 3 raw contours
[DEBUG] kept 3 candidates after filtering
[DEBUG] roi_desc = {'type': 'polygon', 'polygon': [(329.0, 318.0), (351.0, 301.0), (373.0, 280.0), (395.0, 264.0), (410.0, 237.0), (399.0, 194.0), (357.0, 161.0), (310.0, 167.0), (271.0, 175.0), (237.0, 188.0), (221.0, 208.0), (219.0, 222.0), (219.0, 239.0), (234.0, 245.0), (249.0, 255.0), (260.0, 269.0), (286.0, 288.0), (303.0, 300.0), (314.0, 310.0), (321.0, 313.0)]}
[DEBUG] mask nonzero = 261
[DEBUG] found 3 raw contours
[DEBUG] kept 3 candidates after filtering
[DEBUG] roi_desc = {'type': 'polygon', 'polygon': [(329.0, 318.0), (351.0, 301.0), (373.0, 280.0), (395.0, 264.0), (410.0, 237.0), (399.0, 194.0), (357.0, 161.0), (310.0, 167.0), (271.0, 175.0), (237.0, 188.0), (221.0, 208.0), (219.0, 222.0), (219.0, 239.0), (234.0, 245.0), (249.0, 255.0), (260.0, 269.0), (286.0, 288.0), (303.0, 300.0), (314.0, 310.0), (321.0, 313.0)]}
[DEBUG] mask nonzero = 258
[DEBUG] found 3 raw contours
[DEBUG] kept 3 candidates after filtering
[DEBUG] roi_desc = {'type': 'polygon', 'polygon': [(329.0, 318.0), (351.0, 301.0), (373.0, 280.0), (395.0, 264.0), (410.0, 237.0), (399.0, 194.0), (357.0, 161.0), (310.0, 167.0), (271.0, 175.0), (237.0, 188.0), (221.0, 208.0), (219.0, 222.0), (219.0, 239.0), (234.0, 245.0), (249.0, 255.0), (260.0, 269.0), (286.0, 288.0), (303.0, 300.0), (314.0, 310.0), (321.0, 313.0)]}
[DEBUG] mask nonzero = 255
[DEBUG] found 3 raw contours
[DEBUG] kept 3 candidates after filtering
[DEBUG] roi_desc = {'type': 'polygon', 'polygon': [(329.0, 318.0), (351.0, 301.0), (373.0, 280.0), (395.0, 264.0), (410.0, 237.0), (399.0, 194.0), (357.0, 161.0), (310.0, 167.0), (271.0, 175.0), (237.0, 188.0), (221.0, 208.0), (219.0, 222.0), (219.0, 239.0), (234.0, 245.0), (249.0, 255.0), (260.0, 269.0), (286.0, 288.0), (303.0, 300.0), (314.0, 310.0), (321.0, 313.0)]}
[DEBUG] mask nonzero = 264
[DEBUG] found 3 raw contours
[DEBUG] kept 3 candidates after filtering
[DEBUG] roi_desc = {'type': 'polygon', 'polygon': [(329.0, 318.0), (351.0, 301.0), (373.0, 280.0), (395.0, 264.0), (410.0, 237.0), (399.0, 194.0), (357.0, 161.0), (310.0, 167.0), (271.0, 175.0), (237.0, 188.0), (221.0, 208.0), (219.0, 222.0), (219.0, 239.0), (234.0, 245.0), (249.0, 255.0), (260.0, 269.0), (286.0, 288.0), (303.0, 300.0), (314.0, 310.0), (321.0, 313.0)]}
[DEBUG] mask nonzero = 261
[DEBUG] found 3 raw contours
[DEBUG] kept 3 candidates after filtering
[DEBUG] roi_desc = {'type': 'polygon', 'polygon': [(329.0, 318.0), (351.0, 301.0), (373.0, 280.0), (395.0, 264.0), (410.0, 237.0), (399.0, 194.0), (357.0, 161.0), (310.0, 167.0), (271.0, 175.0), (237.0, 188.0), (221.0, 208.0), (219.0, 222.0), (219.0, 239.0), (234.0, 245.0), (249.0, 255.0), (260.0, 269.0), (286.0, 288.0), (303.0, 300.0), (314.0, 310.0), (321.0, 313.0)]}
[DEBUG] mask nonzero = 256
[DEBUG] found 3 raw contours
[DEBUG] kept 3 candidates after filtering
[DEBUG] roi_desc = {'type': 'polygon', 'polygon': [(329.0, 318.0), (351.0, 301.0), (373.0, 280.0), (395.0, 264.0), (410.0, 237.0), (399.0, 194.0), (357.0, 161.0), (310.0, 167.0), (271.0, 175.0), (237.0, 188.0), (221.0, 208.0), (219.0, 222.0), (219.0, 239.0), (234.0, 245.0), (249.0, 255.0), (260.0, 269.0), (286.0, 288.0), (303.0, 300.0), (314.0, 310.0), (321.0, 313.0)]}
[DEBUG] mask nonzero = 262
[DEBUG] found 3 raw contours
[DEBUG] kept 3 candidates after filtering
[DEBUG] roi_desc = {'type': 'polygon', 'polygon': [(329.0, 318.0), (351.0, 301.0), (373.0, 280.0), (395.0, 264.0), (410.0, 237.0), (399.0, 194.0), (357.0, 161.0), (310.0, 167.0), (271.0, 175.0), (237.0, 188.0), (221.0, 208.0), (219.0, 222.0), (219.0, 239.0), (234.0, 245.0), (249.0, 255.0), (260.0, 269.0), (286.0, 288.0), (303.0, 300.0), (314.0, 310.0), (321.0, 313.0)]}
[DEBUG] mask nonzero = 263
[DEBUG] found 3 raw contours
[DEBUG] kept 3 candidates after filtering
[DEBUG] roi_desc = {'type': 'polygon', 'polygon': [(329.0, 318.0), (351.0, 301.0), (373.0, 280.0), (395.0, 264.0), (410.0, 237.0), (399.0, 194.0), (357.0, 161.0), (310.0, 167.0), (271.0, 175.0), (237.0, 188.0), (221.0, 208.0), (219.0, 222.0), (219.0, 239.0), (234.0, 245.0), (249.0, 255.0), (260.0, 269.0), (286.0, 288.0), (303.0, 300.0), (314.0, 310.0), (321.0, 313.0)]}
[DEBUG] mask nonzero = 254
[DEBUG] found 3 raw contours
[DEBUG] kept 3 candidates after filtering
[DEBUG] roi_desc = {'type': 'polygon', 'polygon': [(329.0, 318.0), (351.0, 301.0), (373.0, 280.0), (395.0, 264.0), (410.0, 237.0), (399.0, 194.0), (357.0, 161.0), (310.0, 167.0), (271.0, 175.0), (237.0, 188.0), (221.0, 208.0), (219.0, 222.0), (219.0, 239.0), (234.0, 245.0), (249.0, 255.0), (260.0, 269.0), (286.0, 288.0), (303.0, 300.0), (314.0, 310.0), (321.0, 313.0)]}
[DEBUG] mask nonzero = 252
[DEBUG] found 3 raw contours
[DEBUG] kept 3 candidates after filtering
[DEBUG] roi_desc = {'type': 'polygon', 'polygon': [(329.0, 318.0), (351.0, 301.0), (373.0, 280.0), (395.0, 264.0), (410.0, 237.0), (399.0, 194.0), (357.0, 161.0), (310.0, 167.0), (271.0, 175.0), (237.0, 188.0), (221.0, 208.0), (219.0, 222.0), (219.0, 239.0), (234.0, 245.0), (249.0, 255.0), (260.0, 269.0), (286.0, 288.0), (303.0, 300.0), (314.0, 310.0), (321.0, 313.0)]}
[DEBUG] mask nonzero = 257
[DEBUG] found 3 raw contours
[DEBUG] kept 3 candidates after filtering
[DEBUG] roi_desc = {'type': 'polygon', 'polygon': [(329.0, 318.0), (351.0, 301.0), (373.0, 280.0), (395.0, 264.0), (410.0, 237.0), (399.0, 194.0), (357.0, 161.0), (310.0, 167.0), (271.0, 175.0), (237.0, 188.0), (221.0, 208.0), (219.0, 222.0), (219.0, 239.0), (234.0, 245.0), (249.0, 255.0), (260.0, 269.0), (286.0, 288.0), (303.0, 300.0), (314.0, 310.0), (321.0, 313.0)]}
[DEBUG] mask nonzero = 257
[DEBUG] found 3 raw contours
[DEBUG] kept 3 candidates after filtering
[DEBUG] roi_desc = {'type': 'polygon', 'polygon': [(329.0, 318.0), (351.0, 301.0), (373.0, 280.0), (395.0, 264.0), (410.0, 237.0), (399.0, 194.0), (357.0, 161.0), (310.0, 167.0), (271.0, 175.0), (237.0, 188.0), (221.0, 208.0), (219.0, 222.0), (219.0, 239.0), (234.0, 245.0), (249.0, 255.0), (260.0, 269.0), (286.0, 288.0), (303.0, 300.0), (314.0, 310.0), (321.0, 313.0)]}
[DEBUG] mask nonzero = 257
[DEBUG] found 3 raw contours
[DEBUG] kept 3 candidates after filtering
[DEBUG] roi_desc = {'type': 'polygon', 'polygon': [(329.0, 318.0), (351.0, 301.0), (373.0, 280.0), (395.0, 264.0), (410.0, 237.0), (399.0, 194.0), (357.0, 161.0), (310.0, 167.0), (271.0, 175.0), (237.0, 188.0), (221.0, 208.0), (219.0, 222.0), (219.0, 239.0), (234.0, 245.0), (249.0, 255.0), (260.0, 269.0), (286.0, 288.0), (303.0, 300.0), (314.0, 310.0), (321.0, 313.0)]}
[DEBUG] mask nonzero = 256
[DEBUG] found 3 raw contours
[DEBUG] kept 3 candidates after filtering
[DEBUG] roi_desc = {'type': 'polygon', 'polygon': [(329.0, 318.0), (351.0, 301.0), (373.0, 280.0), (395.0, 264.0), (410.0, 237.0), (399.0, 194.0), (357.0, 161.0), (310.0, 167.0), (271.0, 175.0), (237.0, 188.0), (221.0, 208.0), (219.0, 222.0), (219.0, 239.0), (234.0, 245.0), (249.0, 255.0), (260.0, 269.0), (286.0, 288.0), (303.0, 300.0), (314.0, 310.0), (321.0, 313.0)]}
[DEBUG] mask nonzero = 258
[DEBUG] found 3 raw contours
[DEBUG] kept 3 candidates after filtering
[DEBUG] roi_desc = {'type': 'polygon', 'polygon': [(329.0, 318.0), (351.0, 301.0), (373.0, 280.0), (395.0, 264.0), (410.0, 237.0), (399.0, 194.0), (357.0, 161.0), (310.0, 167.0), (271.0, 175.0), (237.0, 188.0), (221.0, 208.0), (219.0, 222.0), (219.0, 239.0), (234.0, 245.0), (249.0, 255.0), (260.0, 269.0), (286.0, 288.0), (303.0, 300.0), (314.0, 310.0), (321.0, 313.0)]}
[DEBUG] mask nonzero = 257
[DEBUG] found 3 raw contours
[DEBUG] kept 3 candidates after filtering
[DEBUG] roi_desc = {'type': 'polygon', 'polygon': [(329.0, 318.0), (351.0, 301.0), (373.0, 280.0), (395.0, 264.0), (410.0, 237.0), (399.0, 194.0), (357.0, 161.0), (310.0, 167.0), (271.0, 175.0), (237.0, 188.0), (221.0, 208.0), (219.0, 222.0), (219.0, 239.0), (234.0, 245.0), (249.0, 255.0), (260.0, 269.0), (286.0, 288.0), (303.0, 300.0), (314.0, 310.0), (321.0, 313.0)]}
[DEBUG] mask nonzero = 256
[DEBUG] found 3 raw contours
[DEBUG] kept 3 candidates after filtering
[DEBUG] roi_desc = {'type': 'polygon', 'polygon': [(329.0, 318.0), (351.0, 301.0), (373.0, 280.0), (395.0, 264.0), (410.0, 237.0), (399.0, 194.0), (357.0, 161.0), (310.0, 167.0), (271.0, 175.0), (237.0, 188.0), (221.0, 208.0), (219.0, 222.0), (219.0, 239.0), (234.0, 245.0), (249.0, 255.0), (260.0, 269.0), (286.0, 288.0), (303.0, 300.0), (314.0, 310.0), (321.0, 313.0)]}
[DEBUG] mask nonzero = 257
[DEBUG] found 3 raw contours
[DEBUG] kept 3 candidates after filtering
[DEBUG] roi_desc = {'type': 'polygon', 'polygon': [(329.0, 318.0), (351.0, 301.0), (373.0, 280.0), (395.0, 264.0), (410.0, 237.0), (399.0, 194.0), (357.0, 161.0), (310.0, 167.0), (271.0, 175.0), (237.0, 188.0), (221.0, 208.0), (219.0, 222.0), (219.0, 239.0), (234.0, 245.0), (249.0, 255.0), (260.0, 269.0), (286.0, 288.0), (303.0, 300.0), (314.0, 310.0), (321.0, 313.0)]}
[DEBUG] mask nonzero = 263
[DEBUG] found 3 raw contours
[DEBUG] kept 3 candidates after filtering
[DEBUG] roi_desc = {'type': 'polygon', 'polygon': [(329.0, 318.0), (351.0, 301.0), (373.0, 280.0), (395.0, 264.0), (410.0, 237.0), (399.0, 194.0), (357.0, 161.0), (310.0, 167.0), (271.0, 175.0), (237.0, 188.0), (221.0, 208.0), (219.0, 222.0), (219.0, 239.0), (234.0, 245.0), (249.0, 255.0), (260.0, 269.0), (286.0, 288.0), (303.0, 300.0), (314.0, 310.0), (321.0, 313.0)]}
[DEBUG] mask nonzero = 253
[DEBUG] found 3 raw contours
[DEBUG] kept 3 candidates after filtering
[DEBUG] roi_desc = {'type': 'polygon', 'polygon': [(329.0, 318.0), (351.0, 301.0), (373.0, 280.0), (395.0, 264.0), (410.0, 237.0), (399.0, 194.0), (357.0, 161.0), (310.0, 167.0), (271.0, 175.0), (237.0, 188.0), (221.0, 208.0), (219.0, 222.0), (219.0, 239.0), (234.0, 245.0), (249.0, 255.0), (260.0, 269.0), (286.0, 288.0), (303.0, 300.0), (314.0, 310.0), (321.0, 313.0)]}
[DEBUG] mask nonzero = 258
[DEBUG] found 3 raw contours
[DEBUG] kept 3 candidates after filtering
[DEBUG] roi_desc = {'type': 'polygon', 'polygon': [(329.0, 318.0), (351.0, 301.0), (373.0, 280.0), (395.0, 264.0), (410.0, 237.0), (399.0, 194.0), (357.0, 161.0), (310.0, 167.0), (271.0, 175.0), (237.0, 188.0), (221.0, 208.0), (219.0, 222.0), (219.0, 239.0), (234.0, 245.0), (249.0, 255.0), (260.0, 269.0), (286.0, 288.0), (303.0, 300.0), (314.0, 310.0), (321.0, 313.0)]}
[DEBUG] mask nonzero = 257
[DEBUG] found 3 raw contours
[DEBUG] kept 3 candidates after filtering
[DEBUG] roi_desc = {'type': 'polygon', 'polygon': [(329.0, 318.0), (351.0, 301.0), (373.0, 280.0), (395.0, 264.0), (410.0, 237.0), (399.0, 194.0), (357.0, 161.0), (310.0, 167.0), (271.0, 175.0), (237.0, 188.0), (221.0, 208.0), (219.0, 222.0), (219.0, 239.0), (234.0, 245.0), (249.0, 255.0), (260.0, 269.0), (286.0, 288.0), (303.0, 300.0), (314.0, 310.0), (321.0, 313.0)]}
[DEBUG] mask nonzero = 252
[DEBUG] found 3 raw contours
[DEBUG] kept 3 candidates after filtering
[DEBUG] roi_desc = {'type': 'polygon', 'polygon': [(329.0, 318.0), (351.0, 301.0), (373.0, 280.0), (395.0, 264.0), (410.0, 237.0), (399.0, 194.0), (357.0, 161.0), (310.0, 167.0), (271.0, 175.0), (237.0, 188.0), (221.0, 208.0), (219.0, 222.0), (219.0, 239.0), (234.0, 245.0), (249.0, 255.0), (260.0, 269.0), (286.0, 288.0), (303.0, 300.0), (314.0, 310.0), (321.0, 313.0)]}
[DEBUG] mask nonzero = 259
[DEBUG] found 3 raw contours
[DEBUG] kept 3 candidates after filtering
[DEBUG] roi_desc = {'type': 'polygon', 'polygon': [(329.0, 318.0), (351.0, 301.0), (373.0, 280.0), (395.0, 264.0), (410.0, 237.0), (399.0, 194.0), (357.0, 161.0), (310.0, 167.0), (271.0, 175.0), (237.0, 188.0), (221.0, 208.0), (219.0, 222.0), (219.0, 239.0), (234.0, 245.0), (249.0, 255.0), (260.0, 269.0), (286.0, 288.0), (303.0, 300.0), (314.0, 310.0), (321.0, 313.0)]}
[DEBUG] mask nonzero = 259
[DEBUG] found 3 raw contours
[DEBUG] kept 3 candidates after filtering
[DEBUG] roi_desc = {'type': 'polygon', 'polygon': [(329.0, 318.0), (351.0, 301.0), (373.0, 280.0), (395.0, 264.0), (410.0, 237.0), (399.0, 194.0), (357.0, 161.0), (310.0, 167.0), (271.0, 175.0), (237.0, 188.0), (221.0, 208.0), (219.0, 222.0), (219.0, 239.0), (234.0, 245.0), (249.0, 255.0), (260.0, 269.0), (286.0, 288.0), (303.0, 300.0), (314.0, 310.0), (321.0, 313.0)]}
[DEBUG] mask nonzero = 254
[DEBUG] found 3 raw contours
[DEBUG] kept 3 candidates after filtering
[DEBUG] roi_desc = {'type': 'polygon', 'polygon': [(329.0, 318.0), (351.0, 301.0), (373.0, 280.0), (395.0, 264.0), (410.0, 237.0), (399.0, 194.0), (357.0, 161.0), (310.0, 167.0), (271.0, 175.0), (237.0, 188.0), (221.0, 208.0), (219.0, 222.0), (219.0, 239.0), (234.0, 245.0), (249.0, 255.0), (260.0, 269.0), (286.0, 288.0), (303.0, 300.0), (314.0, 310.0), (321.0, 313.0)]}
[DEBUG] mask nonzero = 256
[DEBUG] found 3 raw contours
[DEBUG] kept 3 candidates after filtering
[DEBUG] roi_desc = {'type': 'polygon', 'polygon': [(329.0, 318.0), (351.0, 301.0), (373.0, 280.0), (395.0, 264.0), (410.0, 237.0), (399.0, 194.0), (357.0, 161.0), (310.0, 167.0), (271.0, 175.0), (237.0, 188.0), (221.0, 208.0), (219.0, 222.0), (219.0, 239.0), (234.0, 245.0), (249.0, 255.0), (260.0, 269.0), (286.0, 288.0), (303.0, 300.0), (314.0, 310.0), (321.0, 313.0)]}
[DEBUG] mask nonzero = 258
[DEBUG] found 3 raw contours
[DEBUG] kept 3 candidates after filtering
[DEBUG] roi_desc = {'type': 'polygon', 'polygon': [(329.0, 318.0), (351.0, 301.0), (373.0, 280.0), (395.0, 264.0), (410.0, 237.0), (399.0, 194.0), (357.0, 161.0), (310.0, 167.0), (271.0, 175.0), (237.0, 188.0), (221.0, 208.0), (219.0, 222.0), (219.0, 239.0), (234.0, 245.0), (249.0, 255.0), (260.0, 269.0), (286.0, 288.0), (303.0, 300.0), (314.0, 310.0), (321.0, 313.0)]}
[DEBUG] mask nonzero = 256
[DEBUG] found 3 raw contours
[DEBUG] kept 3 candidates after filtering
[DEBUG] roi_desc = {'type': 'polygon', 'polygon': [(329.0, 318.0), (351.0, 301.0), (373.0, 280.0), (395.0, 264.0), (410.0, 237.0), (399.0, 194.0), (357.0, 161.0), (310.0, 167.0), (271.0, 175.0), (237.0, 188.0), (221.0, 208.0), (219.0, 222.0), (219.0, 239.0), (234.0, 245.0), (249.0, 255.0), (260.0, 269.0), (286.0, 288.0), (303.0, 300.0), (314.0, 310.0), (321.0, 313.0)]}
[DEBUG] mask nonzero = 256
[DEBUG] found 3 raw contours
[DEBUG] kept 3 candidates after filtering
[DEBUG] roi_desc = {'type': 'polygon', 'polygon': [(329.0, 318.0), (351.0, 301.0), (373.0, 280.0), (395.0, 264.0), (410.0, 237.0), (399.0, 194.0), (357.0, 161.0), (310.0, 167.0), (271.0, 175.0), (237.0, 188.0), (221.0, 208.0), (219.0, 222.0), (219.0, 239.0), (234.0, 245.0), (249.0, 255.0), (260.0, 269.0), (286.0, 288.0), (303.0, 300.0), (314.0, 310.0), (321.0, 313.0)]}
[DEBUG] mask nonzero = 259
[DEBUG] found 3 raw contours
[DEBUG] kept 3 candidates after filtering
[DEBUG] roi_desc = {'type': 'polygon', 'polygon': [(329.0, 318.0), (351.0, 301.0), (373.0, 280.0), (395.0, 264.0), (410.0, 237.0), (399.0, 194.0), (357.0, 161.0), (310.0, 167.0), (271.0, 175.0), (237.0, 188.0), (221.0, 208.0), (219.0, 222.0), (219.0, 239.0), (234.0, 245.0), (249.0, 255.0), (260.0, 269.0), (286.0, 288.0), (303.0, 300.0), (314.0, 310.0), (321.0, 313.0)]}
[DEBUG] mask nonzero = 253
[DEBUG] found 3 raw contours
[DEBUG] kept 3 candidates after filtering
[DEBUG] roi_desc = {'type': 'polygon', 'polygon': [(329.0, 318.0), (351.0, 301.0), (373.0, 280.0), (395.0, 264.0), (410.0, 237.0), (399.0, 194.0), (357.0, 161.0), (310.0, 167.0), (271.0, 175.0), (237.0, 188.0), (221.0, 208.0), (219.0, 222.0), (219.0, 239.0), (234.0, 245.0), (249.0, 255.0), (260.0, 269.0), (286.0, 288.0), (303.0, 300.0), (314.0, 310.0), (321.0, 313.0)]}
[DEBUG] mask nonzero = 247
[DEBUG] found 3 raw contours
[DEBUG] kept 3 candidates after filtering
[DEBUG] roi_desc = {'type': 'polygon', 'polygon': [(329.0, 318.0), (351.0, 301.0), (373.0, 280.0), (395.0, 264.0), (410.0, 237.0), (399.0, 194.0), (357.0, 161.0), (310.0, 167.0), (271.0, 175.0), (237.0, 188.0), (221.0, 208.0), (219.0, 222.0), (219.0, 239.0), (234.0, 245.0), (249.0, 255.0), (260.0, 269.0), (286.0, 288.0), (303.0, 300.0), (314.0, 310.0), (321.0, 313.0)]}
[DEBUG] mask nonzero = 261
[DEBUG] found 3 raw contours
[DEBUG] kept 3 candidates after filtering
[DEBUG] roi_desc = {'type': 'polygon', 'polygon': [(329.0, 318.0), (351.0, 301.0), (373.0, 280.0), (395.0, 264.0), (410.0, 237.0), (399.0, 194.0), (357.0, 161.0), (310.0, 167.0), (271.0, 175.0), (237.0, 188.0), (221.0, 208.0), (219.0, 222.0), (219.0, 239.0), (234.0, 245.0), (249.0, 255.0), (260.0, 269.0), (286.0, 288.0), (303.0, 300.0), (314.0, 310.0), (321.0, 313.0)]}
[DEBUG] mask nonzero = 256
[DEBUG] found 3 raw contours
[DEBUG] kept 3 candidates after filtering
[DEBUG] roi_desc = {'type': 'polygon', 'polygon': [(329.0, 318.0), (351.0, 301.0), (373.0, 280.0), (395.0, 264.0), (410.0, 237.0), (399.0, 194.0), (357.0, 161.0), (310.0, 167.0), (271.0, 175.0), (237.0, 188.0), (221.0, 208.0), (219.0, 222.0), (219.0, 239.0), (234.0, 245.0), (249.0, 255.0), (260.0, 269.0), (286.0, 288.0), (303.0, 300.0), (314.0, 310.0), (321.0, 313.0)]}
[DEBUG] mask nonzero = 259
[DEBUG] found 3 raw contours
[DEBUG] kept 3 candidates after filtering
[DEBUG] roi_desc = {'type': 'polygon', 'polygon': [(329.0, 318.0), (351.0, 301.0), (373.0, 280.0), (395.0, 264.0), (410.0, 237.0), (399.0, 194.0), (357.0, 161.0), (310.0, 167.0), (271.0, 175.0), (237.0, 188.0), (221.0, 208.0), (219.0, 222.0), (219.0, 239.0), (234.0, 245.0), (249.0, 255.0), (260.0, 269.0), (286.0, 288.0), (303.0, 300.0), (314.0, 310.0), (321.0, 313.0)]}
[DEBUG] mask nonzero = 262
[DEBUG] found 3 raw contours
[DEBUG] kept 3 candidates after filtering
[DEBUG] roi_desc = {'type': 'polygon', 'polygon': [(329.0, 318.0), (351.0, 301.0), (373.0, 280.0), (395.0, 264.0), (410.0, 237.0), (399.0, 194.0), (357.0, 161.0), (310.0, 167.0), (271.0, 175.0), (237.0, 188.0), (221.0, 208.0), (219.0, 222.0), (219.0, 239.0), (234.0, 245.0), (249.0, 255.0), (260.0, 269.0), (286.0, 288.0), (303.0, 300.0), (314.0, 310.0), (321.0, 313.0)]}
[DEBUG] mask nonzero = 258
[DEBUG] found 3 raw contours
[DEBUG] kept 3 candidates after filtering
[DEBUG] roi_desc = {'type': 'polygon', 'polygon': [(329.0, 318.0), (351.0, 301.0), (373.0, 280.0), (395.0, 264.0), (410.0, 237.0), (399.0, 194.0), (357.0, 161.0), (310.0, 167.0), (271.0, 175.0), (237.0, 188.0), (221.0, 208.0), (219.0, 222.0), (219.0, 239.0), (234.0, 245.0), (249.0, 255.0), (260.0, 269.0), (286.0, 288.0), (303.0, 300.0), (314.0, 310.0), (321.0, 313.0)]}
[DEBUG] mask nonzero = 255
[DEBUG] found 3 raw contours
[DEBUG] kept 3 candidates after filtering
[DEBUG] roi_desc = {'type': 'polygon', 'polygon': [(329.0, 318.0), (351.0, 301.0), (373.0, 280.0), (395.0, 264.0), (410.0, 237.0), (399.0, 194.0), (357.0, 161.0), (310.0, 167.0), (271.0, 175.0), (237.0, 188.0), (221.0, 208.0), (219.0, 222.0), (219.0, 239.0), (234.0, 245.0), (249.0, 255.0), (260.0, 269.0), (286.0, 288.0), (303.0, 300.0), (314.0, 310.0), (321.0, 313.0)]}
[DEBUG] mask nonzero = 256
[DEBUG] found 3 raw contours
[DEBUG] kept 3 candidates after filtering
[DEBUG] roi_desc = {'type': 'polygon', 'polygon': [(329.0, 318.0), (351.0, 301.0), (373.0, 280.0), (395.0, 264.0), (410.0, 237.0), (399.0, 194.0), (357.0, 161.0), (310.0, 167.0), (271.0, 175.0), (237.0, 188.0), (221.0, 208.0), (219.0, 222.0), (219.0, 239.0), (234.0, 245.0), (249.0, 255.0), (260.0, 269.0), (286.0, 288.0), (303.0, 300.0), (314.0, 310.0), (321.0, 313.0)]}
[DEBUG] mask nonzero = 252
[DEBUG] found 3 raw contours
[DEBUG] kept 3 candidates after filtering
[DEBUG] roi_desc = {'type': 'polygon', 'polygon': [(329.0, 318.0), (351.0, 301.0), (373.0, 280.0), (395.0, 264.0), (410.0, 237.0), (399.0, 194.0), (357.0, 161.0), (310.0, 167.0), (271.0, 175.0), (237.0, 188.0), (221.0, 208.0), (219.0, 222.0), (219.0, 239.0), (234.0, 245.0), (249.0, 255.0), (260.0, 269.0), (286.0, 288.0), (303.0, 300.0), (314.0, 310.0), (321.0, 313.0)]}
[DEBUG] mask nonzero = 259
[DEBUG] found 3 raw contours
[DEBUG] kept 3 candidates after filtering
[DEBUG] roi_desc = {'type': 'polygon', 'polygon': [(329.0, 318.0), (351.0, 301.0), (373.0, 280.0), (395.0, 264.0), (410.0, 237.0), (399.0, 194.0), (357.0, 161.0), (310.0, 167.0), (271.0, 175.0), (237.0, 188.0), (221.0, 208.0), (219.0, 222.0), (219.0, 239.0), (234.0, 245.0), (249.0, 255.0), (260.0, 269.0), (286.0, 288.0), (303.0, 300.0), (314.0, 310.0), (321.0, 313.0)]}
[DEBUG] mask nonzero = 257
[DEBUG] found 3 raw contours
[DEBUG] kept 3 candidates after filtering
[DEBUG] roi_desc = {'type': 'polygon', 'polygon': [(329.0, 318.0), (351.0, 301.0), (373.0, 280.0), (395.0, 264.0), (410.0, 237.0), (399.0, 194.0), (357.0, 161.0), (310.0, 167.0), (271.0, 175.0), (237.0, 188.0), (221.0, 208.0), (219.0, 222.0), (219.0, 239.0), (234.0, 245.0), (249.0, 255.0), (260.0, 269.0), (286.0, 288.0), (303.0, 300.0), (314.0, 310.0), (321.0, 313.0)]}
[DEBUG] mask nonzero = 259
[DEBUG] found 3 raw contours
[DEBUG] kept 3 candidates after filtering
[DEBUG] roi_desc = {'type': 'polygon', 'polygon': [(329.0, 318.0), (351.0, 301.0), (373.0, 280.0), (395.0, 264.0), (410.0, 237.0), (399.0, 194.0), (357.0, 161.0), (310.0, 167.0), (271.0, 175.0), (237.0, 188.0), (221.0, 208.0), (219.0, 222.0), (219.0, 239.0), (234.0, 245.0), (249.0, 255.0), (260.0, 269.0), (286.0, 288.0), (303.0, 300.0), (314.0, 310.0), (321.0, 313.0)]}
[DEBUG] mask nonzero = 250
[DEBUG] found 3 raw contours
[DEBUG] kept 3 candidates after filtering
[DEBUG] roi_desc = {'type': 'polygon', 'polygon': [(329.0, 318.0), (351.0, 301.0), (373.0, 280.0), (395.0, 264.0), (410.0, 237.0), (399.0, 194.0), (357.0, 161.0), (310.0, 167.0), (271.0, 175.0), (237.0, 188.0), (221.0, 208.0), (219.0, 222.0), (219.0, 239.0), (234.0, 245.0), (249.0, 255.0), (260.0, 269.0), (286.0, 288.0), (303.0, 300.0), (314.0, 310.0), (321.0, 313.0)]}
[DEBUG] mask nonzero = 251
[DEBUG] found 3 raw contours
[DEBUG] kept 3 candidates after filtering
[DEBUG] roi_desc = {'type': 'polygon', 'polygon': [(329.0, 318.0), (351.0, 301.0), (373.0, 280.0), (395.0, 264.0), (410.0, 237.0), (399.0, 194.0), (357.0, 161.0), (310.0, 167.0), (271.0, 175.0), (237.0, 188.0), (221.0, 208.0), (219.0, 222.0), (219.0, 239.0), (234.0, 245.0), (249.0, 255.0), (260.0, 269.0), (286.0, 288.0), (303.0, 300.0), (314.0, 310.0), (321.0, 313.0)]}
[DEBUG] mask nonzero = 256
[DEBUG] found 3 raw contours
[DEBUG] kept 3 candidates after filtering
[DEBUG] roi_desc = {'type': 'polygon', 'polygon': [(329.0, 318.0), (351.0, 301.0), (373.0, 280.0), (395.0, 264.0), (410.0, 237.0), (399.0, 194.0), (357.0, 161.0), (310.0, 167.0), (271.0, 175.0), (237.0, 188.0), (221.0, 208.0), (219.0, 222.0), (219.0, 239.0), (234.0, 245.0), (249.0, 255.0), (260.0, 269.0), (286.0, 288.0), (303.0, 300.0), (314.0, 310.0), (321.0, 313.0)]}
[DEBUG] mask nonzero = 264
[DEBUG] found 3 raw contours
[DEBUG] kept 3 candidates after filtering
[DEBUG] roi_desc = {'type': 'polygon', 'polygon': [(329.0, 318.0), (351.0, 301.0), (373.0, 280.0), (395.0, 264.0), (410.0, 237.0), (399.0, 194.0), (357.0, 161.0), (310.0, 167.0), (271.0, 175.0), (237.0, 188.0), (221.0, 208.0), (219.0, 222.0), (219.0, 239.0), (234.0, 245.0), (249.0, 255.0), (260.0, 269.0), (286.0, 288.0), (303.0, 300.0), (314.0, 310.0), (321.0, 313.0)]}
[DEBUG] mask nonzero = 263
[DEBUG] found 3 raw contours
[DEBUG] kept 3 candidates after filtering
[DEBUG] roi_desc = {'type': 'polygon', 'polygon': [(329.0, 318.0), (351.0, 301.0), (373.0, 280.0), (395.0, 264.0), (410.0, 237.0), (399.0, 194.0), (357.0, 161.0), (310.0, 167.0), (271.0, 175.0), (237.0, 188.0), (221.0, 208.0), (219.0, 222.0), (219.0, 239.0), (234.0, 245.0), (249.0, 255.0), (260.0, 269.0), (286.0, 288.0), (303.0, 300.0), (314.0, 310.0), (321.0, 313.0)]}
[DEBUG] mask nonzero = 259
[DEBUG] found 3 raw contours
[DEBUG] kept 3 candidates after filtering
[DEBUG] roi_desc = {'type': 'polygon', 'polygon': [(329.0, 318.0), (351.0, 301.0), (373.0, 280.0), (395.0, 264.0), (410.0, 237.0), (399.0, 194.0), (357.0, 161.0), (310.0, 167.0), (271.0, 175.0), (237.0, 188.0), (221.0, 208.0), (219.0, 222.0), (219.0, 239.0), (234.0, 245.0), (249.0, 255.0), (260.0, 269.0), (286.0, 288.0), (303.0, 300.0), (314.0, 310.0), (321.0, 313.0)]}
[DEBUG] mask nonzero = 253
[DEBUG] found 3 raw contours
[DEBUG] kept 3 candidates after filtering
[DEBUG] roi_desc = {'type': 'polygon', 'polygon': [(329.0, 318.0), (351.0, 301.0), (373.0, 280.0), (395.0, 264.0), (410.0, 237.0), (399.0, 194.0), (357.0, 161.0), (310.0, 167.0), (271.0, 175.0), (237.0, 188.0), (221.0, 208.0), (219.0, 222.0), (219.0, 239.0), (234.0, 245.0), (249.0, 255.0), (260.0, 269.0), (286.0, 288.0), (303.0, 300.0), (314.0, 310.0), (321.0, 313.0)]}
[DEBUG] mask nonzero = 260
[DEBUG] found 3 raw contours
[DEBUG] kept 3 candidates after filtering
[DEBUG] roi_desc = {'type': 'polygon', 'polygon': [(329.0, 318.0), (351.0, 301.0), (373.0, 280.0), (395.0, 264.0), (410.0, 237.0), (399.0, 194.0), (357.0, 161.0), (310.0, 167.0), (271.0, 175.0), (237.0, 188.0), (221.0, 208.0), (219.0, 222.0), (219.0, 239.0), (234.0, 245.0), (249.0, 255.0), (260.0, 269.0), (286.0, 288.0), (303.0, 300.0), (314.0, 310.0), (321.0, 313.0)]}
[DEBUG] mask nonzero = 251
[DEBUG] found 3 raw contours
[DEBUG] kept 3 candidates after filtering
[DEBUG] roi_desc = {'type': 'polygon', 'polygon': [(329.0, 318.0), (351.0, 301.0), (373.0, 280.0), (395.0, 264.0), (410.0, 237.0), (399.0, 194.0), (357.0, 161.0), (310.0, 167.0), (271.0, 175.0), (237.0, 188.0), (221.0, 208.0), (219.0, 222.0), (219.0, 239.0), (234.0, 245.0), (249.0, 255.0), (260.0, 269.0), (286.0, 288.0), (303.0, 300.0), (314.0, 310.0), (321.0, 313.0)]}
[DEBUG] mask nonzero = 259
[DEBUG] found 3 raw contours
[DEBUG] kept 3 candidates after filtering
[DEBUG] roi_desc = {'type': 'polygon', 'polygon': [(329.0, 318.0), (351.0, 301.0), (373.0, 280.0), (395.0, 264.0), (410.0, 237.0), (399.0, 194.0), (357.0, 161.0), (310.0, 167.0), (271.0, 175.0), (237.0, 188.0), (221.0, 208.0), (219.0, 222.0), (219.0, 239.0), (234.0, 245.0), (249.0, 255.0), (260.0, 269.0), (286.0, 288.0), (303.0, 300.0), (314.0, 310.0), (321.0, 313.0)]}
[DEBUG] mask nonzero = 257
[DEBUG] found 3 raw contours
[DEBUG] kept 3 candidates after filtering
[DEBUG] roi_desc = {'type': 'polygon', 'polygon': [(329.0, 318.0), (351.0, 301.0), (373.0, 280.0), (395.0, 264.0), (410.0, 237.0), (399.0, 194.0), (357.0, 161.0), (310.0, 167.0), (271.0, 175.0), (237.0, 188.0), (221.0, 208.0), (219.0, 222.0), (219.0, 239.0), (234.0, 245.0), (249.0, 255.0), (260.0, 269.0), (286.0, 288.0), (303.0, 300.0), (314.0, 310.0), (321.0, 313.0)]}
[DEBUG] mask nonzero = 261
[DEBUG] found 3 raw contours
[DEBUG] kept 3 candidates after filtering
[DEBUG] roi_desc = {'type': 'polygon', 'polygon': [(329.0, 318.0), (351.0, 301.0), (373.0, 280.0), (395.0, 264.0), (410.0, 237.0), (399.0, 194.0), (357.0, 161.0), (310.0, 167.0), (271.0, 175.0), (237.0, 188.0), (221.0, 208.0), (219.0, 222.0), (219.0, 239.0), (234.0, 245.0), (249.0, 255.0), (260.0, 269.0), (286.0, 288.0), (303.0, 300.0), (314.0, 310.0), (321.0, 313.0)]}
[DEBUG] mask nonzero = 253
[DEBUG] found 3 raw contours
[DEBUG] kept 3 candidates after filtering
[DEBUG] roi_desc = {'type': 'polygon', 'polygon': [(329.0, 318.0), (351.0, 301.0), (373.0, 280.0), (395.0, 264.0), (410.0, 237.0), (399.0, 194.0), (357.0, 161.0), (310.0, 167.0), (271.0, 175.0), (237.0, 188.0), (221.0, 208.0), (219.0, 222.0), (219.0, 239.0), (234.0, 245.0), (249.0, 255.0), (260.0, 269.0), (286.0, 288.0), (303.0, 300.0), (314.0, 310.0), (321.0, 313.0)]}
[DEBUG] mask nonzero = 250
[DEBUG] found 3 raw contours
[DEBUG] kept 3 candidates after filtering
[DEBUG] roi_desc = {'type': 'polygon', 'polygon': [(329.0, 318.0), (351.0, 301.0), (373.0, 280.0), (395.0, 264.0), (410.0, 237.0), (399.0, 194.0), (357.0, 161.0), (310.0, 167.0), (271.0, 175.0), (237.0, 188.0), (221.0, 208.0), (219.0, 222.0), (219.0, 239.0), (234.0, 245.0), (249.0, 255.0), (260.0, 269.0), (286.0, 288.0), (303.0, 300.0), (314.0, 310.0), (321.0, 313.0)]}
[DEBUG] mask nonzero = 257
[DEBUG] found 3 raw contours
[DEBUG] kept 3 candidates after filtering
[DEBUG] roi_desc = {'type': 'polygon', 'polygon': [(329.0, 318.0), (351.0, 301.0), (373.0, 280.0), (395.0, 264.0), (410.0, 237.0), (399.0, 194.0), (357.0, 161.0), (310.0, 167.0), (271.0, 175.0), (237.0, 188.0), (221.0, 208.0), (219.0, 222.0), (219.0, 239.0), (234.0, 245.0), (249.0, 255.0), (260.0, 269.0), (286.0, 288.0), (303.0, 300.0), (314.0, 310.0), (321.0, 313.0)]}
[DEBUG] mask nonzero = 256
[DEBUG] found 3 raw contours
[DEBUG] kept 3 candidates after filtering
[DEBUG] roi_desc = {'type': 'polygon', 'polygon': [(329.0, 318.0), (351.0, 301.0), (373.0, 280.0), (395.0, 264.0), (410.0, 237.0), (399.0, 194.0), (357.0, 161.0), (310.0, 167.0), (271.0, 175.0), (237.0, 188.0), (221.0, 208.0), (219.0, 222.0), (219.0, 239.0), (234.0, 245.0), (249.0, 255.0), (260.0, 269.0), (286.0, 288.0), (303.0, 300.0), (314.0, 310.0), (321.0, 313.0)]}
[DEBUG] mask nonzero = 249
[DEBUG] found 3 raw contours
[DEBUG] kept 3 candidates after filtering
[DEBUG] roi_desc = {'type': 'polygon', 'polygon': [(329.0, 318.0), (351.0, 301.0), (373.0, 280.0), (395.0, 264.0), (410.0, 237.0), (399.0, 194.0), (357.0, 161.0), (310.0, 167.0), (271.0, 175.0), (237.0, 188.0), (221.0, 208.0), (219.0, 222.0), (219.0, 239.0), (234.0, 245.0), (249.0, 255.0), (260.0, 269.0), (286.0, 288.0), (303.0, 300.0), (314.0, 310.0), (321.0, 313.0)]}
[DEBUG] mask nonzero = 257
[DEBUG] found 3 raw contours
[DEBUG] kept 3 candidates after filtering
[DEBUG] roi_desc = {'type': 'polygon', 'polygon': [(329.0, 318.0), (351.0, 301.0), (373.0, 280.0), (395.0, 264.0), (410.0, 237.0), (399.0, 194.0), (357.0, 161.0), (310.0, 167.0), (271.0, 175.0), (237.0, 188.0), (221.0, 208.0), (219.0, 222.0), (219.0, 239.0), (234.0, 245.0), (249.0, 255.0), (260.0, 269.0), (286.0, 288.0), (303.0, 300.0), (314.0, 310.0), (321.0, 313.0)]}
[DEBUG] mask nonzero = 261
[DEBUG] found 3 raw contours
[DEBUG] kept 3 candidates after filtering
[DEBUG] roi_desc = {'type': 'polygon', 'polygon': [(329.0, 318.0), (351.0, 301.0), (373.0, 280.0), (395.0, 264.0), (410.0, 237.0), (399.0, 194.0), (357.0, 161.0), (310.0, 167.0), (271.0, 175.0), (237.0, 188.0), (221.0, 208.0), (219.0, 222.0), (219.0, 239.0), (234.0, 245.0), (249.0, 255.0), (260.0, 269.0), (286.0, 288.0), (303.0, 300.0), (314.0, 310.0), (321.0, 313.0)]}
[DEBUG] mask nonzero = 256
[DEBUG] found 3 raw contours
[DEBUG] kept 3 candidates after filtering
[DEBUG] roi_desc = {'type': 'polygon', 'polygon': [(329.0, 318.0), (351.0, 301.0), (373.0, 280.0), (395.0, 264.0), (410.0, 237.0), (399.0, 194.0), (357.0, 161.0), (310.0, 167.0), (271.0, 175.0), (237.0, 188.0), (221.0, 208.0), (219.0, 222.0), (219.0, 239.0), (234.0, 245.0), (249.0, 255.0), (260.0, 269.0), (286.0, 288.0), (303.0, 300.0), (314.0, 310.0), (321.0, 313.0)]}
[DEBUG] mask nonzero = 266
[DEBUG] found 3 raw contours
[DEBUG] kept 3 candidates after filtering
[DEBUG] roi_desc = {'type': 'polygon', 'polygon': [(329.0, 318.0), (351.0, 301.0), (373.0, 280.0), (395.0, 264.0), (410.0, 237.0), (399.0, 194.0), (357.0, 161.0), (310.0, 167.0), (271.0, 175.0), (237.0, 188.0), (221.0, 208.0), (219.0, 222.0), (219.0, 239.0), (234.0, 245.0), (249.0, 255.0), (260.0, 269.0), (286.0, 288.0), (303.0, 300.0), (314.0, 310.0), (321.0, 313.0)]}
[DEBUG] mask nonzero = 252
[DEBUG] found 3 raw contours
[DEBUG] kept 3 candidates after filtering
[DEBUG] roi_desc = {'type': 'polygon', 'polygon': [(329.0, 318.0), (351.0, 301.0), (373.0, 280.0), (395.0, 264.0), (410.0, 237.0), (399.0, 194.0), (357.0, 161.0), (310.0, 167.0), (271.0, 175.0), (237.0, 188.0), (221.0, 208.0), (219.0, 222.0), (219.0, 239.0), (234.0, 245.0), (249.0, 255.0), (260.0, 269.0), (286.0, 288.0), (303.0, 300.0), (314.0, 310.0), (321.0, 313.0)]}
[DEBUG] mask nonzero = 250
[DEBUG] found 3 raw contours
[DEBUG] kept 3 candidates after filtering
[DEBUG] roi_desc = {'type': 'polygon', 'polygon': [(329.0, 318.0), (351.0, 301.0), (373.0, 280.0), (395.0, 264.0), (410.0, 237.0), (399.0, 194.0), (357.0, 161.0), (310.0, 167.0), (271.0, 175.0), (237.0, 188.0), (221.0, 208.0), (219.0, 222.0), (219.0, 239.0), (234.0, 245.0), (249.0, 255.0), (260.0, 269.0), (286.0, 288.0), (303.0, 300.0), (314.0, 310.0), (321.0, 313.0)]}
[DEBUG] mask nonzero = 260
[DEBUG] found 3 raw contours
[DEBUG] kept 3 candidates after filtering
[DEBUG] roi_desc = {'type': 'polygon', 'polygon': [(329.0, 318.0), (351.0, 301.0), (373.0, 280.0), (395.0, 264.0), (410.0, 237.0), (399.0, 194.0), (357.0, 161.0), (310.0, 167.0), (271.0, 175.0), (237.0, 188.0), (221.0, 208.0), (219.0, 222.0), (219.0, 239.0), (234.0, 245.0), (249.0, 255.0), (260.0, 269.0), (286.0, 288.0), (303.0, 300.0), (314.0, 310.0), (321.0, 313.0)]}
[DEBUG] mask nonzero = 259
[DEBUG] found 3 raw contours
[DEBUG] kept 3 candidates after filtering
[DEBUG] roi_desc = {'type': 'polygon', 'polygon': [(329.0, 318.0), (351.0, 301.0), (373.0, 280.0), (395.0, 264.0), (410.0, 237.0), (399.0, 194.0), (357.0, 161.0), (310.0, 167.0), (271.0, 175.0), (237.0, 188.0), (221.0, 208.0), (219.0, 222.0), (219.0, 239.0), (234.0, 245.0), (249.0, 255.0), (260.0, 269.0), (286.0, 288.0), (303.0, 300.0), (314.0, 310.0), (321.0, 313.0)]}
[DEBUG] mask nonzero = 260
[DEBUG] found 3 raw contours
[DEBUG] kept 3 candidates after filtering
[DEBUG] roi_desc = {'type': 'polygon', 'polygon': [(329.0, 318.0), (351.0, 301.0), (373.0, 280.0), (395.0, 264.0), (410.0, 237.0), (399.0, 194.0), (357.0, 161.0), (310.0, 167.0), (271.0, 175.0), (237.0, 188.0), (221.0, 208.0), (219.0, 222.0), (219.0, 239.0), (234.0, 245.0), (249.0, 255.0), (260.0, 269.0), (286.0, 288.0), (303.0, 300.0), (314.0, 310.0), (321.0, 313.0)]}
[DEBUG] mask nonzero = 257
[DEBUG] found 3 raw contours
[DEBUG] kept 3 candidates after filtering
[DEBUG] roi_desc = {'type': 'polygon', 'polygon': [(329.0, 318.0), (351.0, 301.0), (373.0, 280.0), (395.0, 264.0), (410.0, 237.0), (399.0, 194.0), (357.0, 161.0), (310.0, 167.0), (271.0, 175.0), (237.0, 188.0), (221.0, 208.0), (219.0, 222.0), (219.0, 239.0), (234.0, 245.0), (249.0, 255.0), (260.0, 269.0), (286.0, 288.0), (303.0, 300.0), (314.0, 310.0), (321.0, 313.0)]}
[DEBUG] mask nonzero = 258
[DEBUG] found 3 raw contours
[DEBUG] kept 3 candidates after filtering
[DEBUG] roi_desc = {'type': 'polygon', 'polygon': [(329.0, 318.0), (351.0, 301.0), (373.0, 280.0), (395.0, 264.0), (410.0, 237.0), (399.0, 194.0), (357.0, 161.0), (310.0, 167.0), (271.0, 175.0), (237.0, 188.0), (221.0, 208.0), (219.0, 222.0), (219.0, 239.0), (234.0, 245.0), (249.0, 255.0), (260.0, 269.0), (286.0, 288.0), (303.0, 300.0), (314.0, 310.0), (321.0, 313.0)]}
[DEBUG] mask nonzero = 253
[DEBUG] found 3 raw contours
[DEBUG] kept 3 candidates after filtering
[DEBUG] roi_desc = {'type': 'polygon', 'polygon': [(329.0, 318.0), (351.0, 301.0), (373.0, 280.0), (395.0, 264.0), (410.0, 237.0), (399.0, 194.0), (357.0, 161.0), (310.0, 167.0), (271.0, 175.0), (237.0, 188.0), (221.0, 208.0), (219.0, 222.0), (219.0, 239.0), (234.0, 245.0), (249.0, 255.0), (260.0, 269.0), (286.0, 288.0), (303.0, 300.0), (314.0, 310.0), (321.0, 313.0)]}
[DEBUG] mask nonzero = 255
[DEBUG] found 3 raw contours
[DEBUG] kept 3 candidates after filtering
[DEBUG] roi_desc = {'type': 'polygon', 'polygon': [(329.0, 318.0), (351.0, 301.0), (373.0, 280.0), (395.0, 264.0), (410.0, 237.0), (399.0, 194.0), (357.0, 161.0), (310.0, 167.0), (271.0, 175.0), (237.0, 188.0), (221.0, 208.0), (219.0, 222.0), (219.0, 239.0), (234.0, 245.0), (249.0, 255.0), (260.0, 269.0), (286.0, 288.0), (303.0, 300.0), (314.0, 310.0), (321.0, 313.0)]}
[DEBUG] mask nonzero = 255
[DEBUG] found 3 raw contours
[DEBUG] kept 3 candidates after filtering
[DEBUG] roi_desc = {'type': 'polygon', 'polygon': [(329.0, 318.0), (351.0, 301.0), (373.0, 280.0), (395.0, 264.0), (410.0, 237.0), (399.0, 194.0), (357.0, 161.0), (310.0, 167.0), (271.0, 175.0), (237.0, 188.0), (221.0, 208.0), (219.0, 222.0), (219.0, 239.0), (234.0, 245.0), (249.0, 255.0), (260.0, 269.0), (286.0, 288.0), (303.0, 300.0), (314.0, 310.0), (321.0, 313.0)]}
[DEBUG] mask nonzero = 262
[DEBUG] found 3 raw contours
[DEBUG] kept 3 candidates after filtering
[DEBUG] roi_desc = {'type': 'polygon', 'polygon': [(329.0, 318.0), (351.0, 301.0), (373.0, 280.0), (395.0, 264.0), (410.0, 237.0), (399.0, 194.0), (357.0, 161.0), (310.0, 167.0), (271.0, 175.0), (237.0, 188.0), (221.0, 208.0), (219.0, 222.0), (219.0, 239.0), (234.0, 245.0), (249.0, 255.0), (260.0, 269.0), (286.0, 288.0), (303.0, 300.0), (314.0, 310.0), (321.0, 313.0)]}
[DEBUG] mask nonzero = 258
[DEBUG] found 3 raw contours
[DEBUG] kept 3 candidates after filtering
RTDEReceiveInterface boost system Exception: (asio.misc:2) End of file
RTDEReceiveInterface boost system Exception: (asio.misc:2) End of file
/home/jack/Proper-Research/beam_direction_magnetisation/post_processing/post_processing.py:560: UserWarning: FigureCanvasAgg is non-interactive, and thus cannot be shown
  plt.show()
[DEBUG] roi_desc = {'type': 'polygon', 'polygon': [(329.0, 318.0), (351.0, 301.0), (373.0, 280.0), (395.0, 264.0), (410.0, 237.0), (399.0, 194.0), (357.0, 161.0), (310.0, 167.0), (271.0, 175.0), (237.0, 188.0), (221.0, 208.0), (219.0, 222.0), (219.0, 239.0), (234.0, 245.0), (249.0, 255.0), (260.0, 269.0), (286.0, 288.0), (303.0, 300.0), (314.0, 310.0), (321.0, 313.0)]}
[DEBUG] mask nonzero = 260
[DEBUG] found 3 raw contours
[DEBUG] kept 3 candidates after filtering
[DEBUG] roi_desc = {'type': 'polygon', 'polygon': [(329.0, 318.0), (351.0, 301.0), (373.0, 280.0), (395.0, 264.0), (410.0, 237.0), (399.0, 194.0), (357.0, 161.0), (310.0, 167.0), (271.0, 175.0), (237.0, 188.0), (221.0, 208.0), (219.0, 222.0), (219.0, 239.0), (234.0, 245.0), (249.0, 255.0), (260.0, 269.0), (286.0, 288.0), (303.0, 300.0), (314.0, 310.0), (321.0, 313.0)]}
[DEBUG] mask nonzero = 256
[DEBUG] found 3 raw contours
[DEBUG] kept 3 candidates after filtering
[DEBUG] roi_desc = {'type': 'polygon', 'polygon': [(329.0, 318.0), (351.0, 301.0), (373.0, 280.0), (395.0, 264.0), (410.0, 237.0), (399.0, 194.0), (357.0, 161.0), (310.0, 167.0), (271.0, 175.0), (237.0, 188.0), (221.0, 208.0), (219.0, 222.0), (219.0, 239.0), (234.0, 245.0), (249.0, 255.0), (260.0, 269.0), (286.0, 288.0), (303.0, 300.0), (314.0, 310.0), (321.0, 313.0)]}
[DEBUG] mask nonzero = 258
[DEBUG] found 3 raw contours
[DEBUG] kept 3 candidates after filtering
[DEBUG] roi_desc = {'type': 'polygon', 'polygon': [(329.0, 318.0), (351.0, 301.0), (373.0, 280.0), (395.0, 264.0), (410.0, 237.0), (399.0, 194.0), (357.0, 161.0), (310.0, 167.0), (271.0, 175.0), (237.0, 188.0), (221.0, 208.0), (219.0, 222.0), (219.0, 239.0), (234.0, 245.0), (249.0, 255.0), (260.0, 269.0), (286.0, 288.0), (303.0, 300.0), (314.0, 310.0), (321.0, 313.0)]}
[DEBUG] mask nonzero = 255
[DEBUG] found 3 raw contours
[DEBUG] kept 3 candidates after filtering
[DEBUG] roi_desc = {'type': 'polygon', 'polygon': [(329.0, 318.0), (351.0, 301.0), (373.0, 280.0), (395.0, 264.0), (410.0, 237.0), (399.0, 194.0), (357.0, 161.0), (310.0, 167.0), (271.0, 175.0), (237.0, 188.0), (221.0, 208.0), (219.0, 222.0), (219.0, 239.0), (234.0, 245.0), (249.0, 255.0), (260.0, 269.0), (286.0, 288.0), (303.0, 300.0), (314.0, 310.0), (321.0, 313.0)]}
[DEBUG] mask nonzero = 262
[DEBUG] found 3 raw contours
[DEBUG] kept 3 candidates after filtering
[DEBUG] roi_desc = {'type': 'polygon', 'polygon': [(329.0, 318.0), (351.0, 301.0), (373.0, 280.0), (395.0, 264.0), (410.0, 237.0), (399.0, 194.0), (357.0, 161.0), (310.0, 167.0), (271.0, 175.0), (237.0, 188.0), (221.0, 208.0), (219.0, 222.0), (219.0, 239.0), (234.0, 245.0), (249.0, 255.0), (260.0, 269.0), (286.0, 288.0), (303.0, 300.0), (314.0, 310.0), (321.0, 313.0)]}
[DEBUG] mask nonzero = 259
[DEBUG] found 3 raw contours
[DEBUG] kept 3 candidates after filtering
[DEBUG] roi_desc = {'type': 'polygon', 'polygon': [(329.0, 318.0), (351.0, 301.0), (373.0, 280.0), (395.0, 264.0), (410.0, 237.0), (399.0, 194.0), (357.0, 161.0), (310.0, 167.0), (271.0, 175.0), (237.0, 188.0), (221.0, 208.0), (219.0, 222.0), (219.0, 239.0), (234.0, 245.0), (249.0, 255.0), (260.0, 269.0), (286.0, 288.0), (303.0, 300.0), (314.0, 310.0), (321.0, 313.0)]}
[DEBUG] mask nonzero = 262
[DEBUG] found 3 raw contours
[DEBUG] kept 3 candidates after filtering
[DEBUG] roi_desc = {'type': 'polygon', 'polygon': [(329.0, 318.0), (351.0, 301.0), (373.0, 280.0), (395.0, 264.0), (410.0, 237.0), (399.0, 194.0), (357.0, 161.0), (310.0, 167.0), (271.0, 175.0), (237.0, 188.0), (221.0, 208.0), (219.0, 222.0), (219.0, 239.0), (234.0, 245.0), (249.0, 255.0), (260.0, 269.0), (286.0, 288.0), (303.0, 300.0), (314.0, 310.0), (321.0, 313.0)]}
[DEBUG] mask nonzero = 262
[DEBUG] found 3 raw contours
[DEBUG] kept 3 candidates after filtering
[DEBUG] roi_desc = {'type': 'polygon', 'polygon': [(329.0, 318.0), (351.0, 301.0), (373.0, 280.0), (395.0, 264.0), (410.0, 237.0), (399.0, 194.0), (357.0, 161.0), (310.0, 167.0), (271.0, 175.0), (237.0, 188.0), (221.0, 208.0), (219.0, 222.0), (219.0, 239.0), (234.0, 245.0), (249.0, 255.0), (260.0, 269.0), (286.0, 288.0), (303.0, 300.0), (314.0, 310.0), (321.0, 313.0)]}
[DEBUG] mask nonzero = 260
[DEBUG] found 3 raw contours
[DEBUG] kept 3 candidates after filtering
[DEBUG] roi_desc = {'type': 'polygon', 'polygon': [(329.0, 318.0), (351.0, 301.0), (373.0, 280.0), (395.0, 264.0), (410.0, 237.0), (399.0, 194.0), (357.0, 161.0), (310.0, 167.0), (271.0, 175.0), (237.0, 188.0), (221.0, 208.0), (219.0, 222.0), (219.0, 239.0), (234.0, 245.0), (249.0, 255.0), (260.0, 269.0), (286.0, 288.0), (303.0, 300.0), (314.0, 310.0), (321.0, 313.0)]}
[DEBUG] mask nonzero = 251
[DEBUG] found 3 raw contours
[DEBUG] kept 3 candidates after filtering
[DEBUG] roi_desc = {'type': 'polygon', 'polygon': [(329.0, 318.0), (351.0, 301.0), (373.0, 280.0), (395.0, 264.0), (410.0, 237.0), (399.0, 194.0), (357.0, 161.0), (310.0, 167.0), (271.0, 175.0), (237.0, 188.0), (221.0, 208.0), (219.0, 222.0), (219.0, 239.0), (234.0, 245.0), (249.0, 255.0), (260.0, 269.0), (286.0, 288.0), (303.0, 300.0), (314.0, 310.0), (321.0, 313.0)]}
[DEBUG] mask nonzero = 257
[DEBUG] found 3 raw contours
[DEBUG] kept 3 candidates after filtering
[beam] iter 0: 30.0 mm (target 30, err -0.0)
[worker] beam 30.0 mm; running naive_inverse_jacobian
[path] LIVE (servoJ per tick)  control @ 10.0 Hz  ref=plan_dir
[path] log -> /home/jack/Proper-Research/close_loop_logs/compare_tri/runs/inv_rep1_20260910T131753Z/path_follow.jsonl
[path] T_R_B  B.x(axial)=[-1.0, 0.0, 0.0]  B.y(sideways)=[0.0, 1.0, 0.0]  B.z(camera)=[0.0, 0.0, -1.0]
[path] advancer LIVE on /dev/ttyACM0
[path] camera + reader up; waiting for first tip + joints...
[path] planner->R fit: |t_fit|=0.000 m, det(R_fit)=+1.000
[path]   plan des[0] [495.6, -670.2, -16.6] mm  des[-1] [495.6, -670.2, -16.6] mm  (robot frame)
[path] loaded plan reference: 132 samples, 13.1s, source='/home/jack/Proper-Research/plans/triangle_8mm_2026-09-10/time_parameterized_configuration_path/time_parameterized_configuration_path.csv'
[path] start tip (mm) = [495.56, -670.23, -16.57]
[path] ref[0]     (mm) = [495.56, -670.23, -16.57]
[path] ref[-1]    (mm) = [495.56, -670.23, -16.57]
[path] building analytic beam Jacobian (forward-model solve + FK)...
[INIT] L_ins=0.040 -> L_model=0.040, wire_len=0.000, tip_len=0.040


tip position         : [ 0.79019416 -0.69343739 -0.09999488]
base position        : [ 0.82813282 -0.68127317 -0.1       ]
tip deflection       : [-3.79386605e-02 -1.21642203e-02  5.11592678e-06]
tip deflection norm  : 3.984106e-02



max violation        : 1.912274e-02

[path] model magnet in B = [+280, -0, -0] mm (coaxial: B.y/B.z ~0 -> magnet on the beam axis, ~280 mm ahead)
[path] |d(tip)/d(magnet)| per axis  B.z/out=0.005  B.y/in-plane=0.075  B.x/axial=0.075 mm/mm (axial should be ~0 for a coaxial axial-dipole magnet)
[path] ===== FROZEN BEAM JACOBIAN  d(tip_R xyz)/d[q1..q6, insertion] =====
[path] rows = tip R.x, R.y, R.z   cols = q1..q6 (rad), insertion (m)
[path]   R.x: [ 0.00231 -0.00005 -0.00147 -0.00076  0.00075 -0.00078 -0.99782]
[path]   R.y: [ 0.05096 -0.00358 -0.03427 -0.0177   0.01688 -0.01719  0.06691]
[path]   R.z: [ 0.0002   0.09658  0.07986  0.04367 -0.01113  0.00061  0.00174]
[path] --- J = J_beam[:, 0:3] @ Jv_robot ,  J[:,6] = J_beam[:,6] ---
[path] J_beam (3x7) d(tip)/d[magnet_xyz(3), magnet_rot(3), insertion]:
[path]   R.x: [ 0.00021  0.00341  0.00009  0.      -0.00001  0.00029 -0.99782]
[path]   R.y: [ 0.00477  0.07521  0.      -0.00002 -0.       0.00636  0.06691]
[path]   R.z: [ 0.00017  0.       0.07479  0.0011  -0.00627  0.       0.00174]
[path] Jv_robot (3x6) d(TCP_pos)/d(q):
[path]   R.x: [ 1.1871   0.04472  0.41677  0.21868  0.2348  -0.45275]
[path]   R.y: [ 0.60224 -0.05055 -0.4822  -0.24932  0.20952 -0.19983]
[path]   R.z: [ 0.       1.29127  1.06687  0.58341 -0.1493   0.00917]
[path] ================================================================
[path] cond(J[:, :6]) = 26250.20
[path] controller = naive_inverse_jacobian; closing the loop
[  10] ref=   9/131 |e|=  0.55mm e=[ -0.08  +0.54  +0.00] |qd|=0.0311 ins= 31.3mm
[  20] ref=  19/131 |e|=  1.05mm e=[ -0.03  +1.05  +0.00] |qd|=0.0604 ins= 32.6mm
[  30] ref=  29/131 |e|=  1.32mm e=[ +0.18  +1.31  +0.00] |qd|=0.0763 ins= 33.9mm
[  40] ref=  39/131 |e|=  2.07mm e=[ -0.21  +2.06  +0.00] |qd|=0.1178 ins= 35.4mm
[  50] ref=  49/131 |e|=  2.29mm e=[ -0.69  +2.18  +0.00] |qd|=0.1213 ins= 37.3mm
[  60] ref=  59/131 |e|=  0.16mm e=[ +0.15  +0.05  +0.00] |qd|=0.0033 ins= 37.7mm
[  70] ref=  69/131 |e|=  1.73mm e=[ -0.10  -1.73  +0.00] |qd|=0.1002 ins= 37.9mm
[  80] ref=  79/131 |e|=  3.30mm e=[ -0.10  -3.30  +0.00] |qd|=0.1460 ins= 37.8mm
[  90] ref=  89/131 |e|=  2.22mm e=[ +0.34  -2.20  +0.00] |qd|=0.1220 ins= 35.8mm
[ 100] ref=  99/131 |e|=  1.51mm e=[ +0.27  -1.49  +0.00] |qd|=0.0848 ins= 33.9mm
[ 110] ref= 109/131 |e|=  0.83mm e=[ +0.21  -0.80  +0.00] |qd|=0.0455 ins= 32.6mm
[ 120] ref= 119/131 |e|=  0.54mm e=[ +0.52  -0.14  +0.00] |qd|=0.0058 ins= 31.2mm
[ 130] ref= 129/131 |e|=  0.16mm e=[ +0.16  +0.01  +0.00] |qd|=0.0010 ins= 30.1mm
[ 135] ref= 131/131 |e|=  0.08mm e=[ -0.06  +0.04  +0.00] |qd|=0.0023 ins= 30.1mm TERM
[ 140] ref= 131/131 |e|=  0.10mm e=[ -0.10  +0.01  +0.00] |qd|=0.0000 ins= 30.2mm TERM
[ 145] ref= 131/131 |e|=  0.04mm e=[ -0.04  +0.01  +0.00] |qd|=0.0007 ins= 29.9mm TERM
[ 150] ref= 131/131 |e|=  0.17mm e=[ -0.03  -0.16  +0.00] |qd|=0.0095 ins= 29.9mm TERM
[path] wrote /home/jack/Proper-Research/close_loop_logs/compare_tri/runs/inv_rep1_20260910T131753Z/path_follow_plot.png

=== PATH-FOLLOW SUMMARY ===
  timestamp_utc           : 2026-09-10T13:18:41.111917+00:00
  stop_reason             : path_complete
  control_steps           : 152
  started_moving          : True
  reference_samples       : 132
  jacobian_condition      : 26250.2
  final_error_mm          : 0.053
  max_error_mm            : 3.305
  vision_detection_failures: 0
  log                     : /home/jack/Proper-Research/close_loop_logs/compare_tri/runs/inv_rep1_20260910T131753Z/path_follow.jsonl
  csv                     : /home/jack/Proper-Research/close_loop_logs/compare_tri/runs/inv_rep1_20260910T131753Z/tip_trajectory.csv
  plot                    : /home/jack/Proper-Research/close_loop_logs/compare_tri/runs/inv_rep1_20260910T131753Z/path_follow_plot.png
[metrics] naive_inverse_jacobian rep1: rms=1.59 max=3.31 hold=0.10 final=0.05 mm (path_complete)

========================================================================
  rep 1/3   mpc_lti
========================================================================
[compare] settle 30s (RTDE)...
[reset] at reference joints (dq=0.0000)
[DEBUG] roi_desc = {'type': 'polygon', 'polygon': [(329.0, 318.0), (351.0, 301.0), (373.0, 280.0), (395.0, 264.0), (410.0, 237.0), (399.0, 194.0), (357.0, 161.0), (310.0, 167.0), (271.0, 175.0), (237.0, 188.0), (221.0, 208.0), (219.0, 222.0), (219.0, 239.0), (234.0, 245.0), (249.0, 255.0), (260.0, 269.0), (286.0, 288.0), (303.0, 300.0), (314.0, 310.0), (321.0, 313.0)]}
[DEBUG] mask nonzero = 256
[DEBUG] found 3 raw contours
[DEBUG] kept 3 candidates after filtering
[DEBUG] roi_desc = {'type': 'polygon', 'polygon': [(329.0, 318.0), (351.0, 301.0), (373.0, 280.0), (395.0, 264.0), (410.0, 237.0), (399.0, 194.0), (357.0, 161.0), (310.0, 167.0), (271.0, 175.0), (237.0, 188.0), (221.0, 208.0), (219.0, 222.0), (219.0, 239.0), (234.0, 245.0), (249.0, 255.0), (260.0, 269.0), (286.0, 288.0), (303.0, 300.0), (314.0, 310.0), (321.0, 313.0)]}
[DEBUG] mask nonzero = 261
[DEBUG] found 3 raw contours
[DEBUG] kept 3 candidates after filtering
[DEBUG] roi_desc = {'type': 'polygon', 'polygon': [(329.0, 318.0), (351.0, 301.0), (373.0, 280.0), (395.0, 264.0), (410.0, 237.0), (399.0, 194.0), (357.0, 161.0), (310.0, 167.0), (271.0, 175.0), (237.0, 188.0), (221.0, 208.0), (219.0, 222.0), (219.0, 239.0), (234.0, 245.0), (249.0, 255.0), (260.0, 269.0), (286.0, 288.0), (303.0, 300.0), (314.0, 310.0), (321.0, 313.0)]}
[DEBUG] mask nonzero = 258
[DEBUG] found 3 raw contours
[DEBUG] kept 3 candidates after filtering
[DEBUG] roi_desc = {'type': 'polygon', 'polygon': [(329.0, 318.0), (351.0, 301.0), (373.0, 280.0), (395.0, 264.0), (410.0, 237.0), (399.0, 194.0), (357.0, 161.0), (310.0, 167.0), (271.0, 175.0), (237.0, 188.0), (221.0, 208.0), (219.0, 222.0), (219.0, 239.0), (234.0, 245.0), (249.0, 255.0), (260.0, 269.0), (286.0, 288.0), (303.0, 300.0), (314.0, 310.0), (321.0, 313.0)]}
[DEBUG] mask nonzero = 257
[DEBUG] found 3 raw contours
[DEBUG] kept 3 candidates after filtering
[DEBUG] roi_desc = {'type': 'polygon', 'polygon': [(329.0, 318.0), (351.0, 301.0), (373.0, 280.0), (395.0, 264.0), (410.0, 237.0), (399.0, 194.0), (357.0, 161.0), (310.0, 167.0), (271.0, 175.0), (237.0, 188.0), (221.0, 208.0), (219.0, 222.0), (219.0, 239.0), (234.0, 245.0), (249.0, 255.0), (260.0, 269.0), (286.0, 288.0), (303.0, 300.0), (314.0, 310.0), (321.0, 313.0)]}
[DEBUG] mask nonzero = 259
[DEBUG] found 3 raw contours
[DEBUG] kept 3 candidates after filtering
[DEBUG] roi_desc = {'type': 'polygon', 'polygon': [(329.0, 318.0), (351.0, 301.0), (373.0, 280.0), (395.0, 264.0), (410.0, 237.0), (399.0, 194.0), (357.0, 161.0), (310.0, 167.0), (271.0, 175.0), (237.0, 188.0), (221.0, 208.0), (219.0, 222.0), (219.0, 239.0), (234.0, 245.0), (249.0, 255.0), (260.0, 269.0), (286.0, 288.0), (303.0, 300.0), (314.0, 310.0), (321.0, 313.0)]}
[DEBUG] mask nonzero = 263
[DEBUG] found 3 raw contours
[DEBUG] kept 3 candidates after filtering
[DEBUG] roi_desc = {'type': 'polygon', 'polygon': [(329.0, 318.0), (351.0, 301.0), (373.0, 280.0), (395.0, 264.0), (410.0, 237.0), (399.0, 194.0), (357.0, 161.0), (310.0, 167.0), (271.0, 175.0), (237.0, 188.0), (221.0, 208.0), (219.0, 222.0), (219.0, 239.0), (234.0, 245.0), (249.0, 255.0), (260.0, 269.0), (286.0, 288.0), (303.0, 300.0), (314.0, 310.0), (321.0, 313.0)]}
[DEBUG] mask nonzero = 266
[DEBUG] found 3 raw contours
[DEBUG] kept 3 candidates after filtering
[DEBUG] roi_desc = {'type': 'polygon', 'polygon': [(329.0, 318.0), (351.0, 301.0), (373.0, 280.0), (395.0, 264.0), (410.0, 237.0), (399.0, 194.0), (357.0, 161.0), (310.0, 167.0), (271.0, 175.0), (237.0, 188.0), (221.0, 208.0), (219.0, 222.0), (219.0, 239.0), (234.0, 245.0), (249.0, 255.0), (260.0, 269.0), (286.0, 288.0), (303.0, 300.0), (314.0, 310.0), (321.0, 313.0)]}
[DEBUG] mask nonzero = 267
[DEBUG] found 3 raw contours
[DEBUG] kept 3 candidates after filtering
[DEBUG] roi_desc = {'type': 'polygon', 'polygon': [(329.0, 318.0), (351.0, 301.0), (373.0, 280.0), (395.0, 264.0), (410.0, 237.0), (399.0, 194.0), (357.0, 161.0), (310.0, 167.0), (271.0, 175.0), (237.0, 188.0), (221.0, 208.0), (219.0, 222.0), (219.0, 239.0), (234.0, 245.0), (249.0, 255.0), (260.0, 269.0), (286.0, 288.0), (303.0, 300.0), (314.0, 310.0), (321.0, 313.0)]}
[DEBUG] mask nonzero = 257
[DEBUG] found 3 raw contours
[DEBUG] kept 3 candidates after filtering
[DEBUG] roi_desc = {'type': 'polygon', 'polygon': [(329.0, 318.0), (351.0, 301.0), (373.0, 280.0), (395.0, 264.0), (410.0, 237.0), (399.0, 194.0), (357.0, 161.0), (310.0, 167.0), (271.0, 175.0), (237.0, 188.0), (221.0, 208.0), (219.0, 222.0), (219.0, 239.0), (234.0, 245.0), (249.0, 255.0), (260.0, 269.0), (286.0, 288.0), (303.0, 300.0), (314.0, 310.0), (321.0, 313.0)]}
[DEBUG] mask nonzero = 256
[DEBUG] found 3 raw contours
[DEBUG] kept 3 candidates after filtering
[DEBUG] roi_desc = {'type': 'polygon', 'polygon': [(329.0, 318.0), (351.0, 301.0), (373.0, 280.0), (395.0, 264.0), (410.0, 237.0), (399.0, 194.0), (357.0, 161.0), (310.0, 167.0), (271.0, 175.0), (237.0, 188.0), (221.0, 208.0), (219.0, 222.0), (219.0, 239.0), (234.0, 245.0), (249.0, 255.0), (260.0, 269.0), (286.0, 288.0), (303.0, 300.0), (314.0, 310.0), (321.0, 313.0)]}
[DEBUG] mask nonzero = 258
[DEBUG] found 3 raw contours
[DEBUG] kept 3 candidates after filtering
[DEBUG] roi_desc = {'type': 'polygon', 'polygon': [(329.0, 318.0), (351.0, 301.0), (373.0, 280.0), (395.0, 264.0), (410.0, 237.0), (399.0, 194.0), (357.0, 161.0), (310.0, 167.0), (271.0, 175.0), (237.0, 188.0), (221.0, 208.0), (219.0, 222.0), (219.0, 239.0), (234.0, 245.0), (249.0, 255.0), (260.0, 269.0), (286.0, 288.0), (303.0, 300.0), (314.0, 310.0), (321.0, 313.0)]}
[DEBUG] mask nonzero = 262
[DEBUG] found 3 raw contours
[DEBUG] kept 3 candidates after filtering
[DEBUG] roi_desc = {'type': 'polygon', 'polygon': [(329.0, 318.0), (351.0, 301.0), (373.0, 280.0), (395.0, 264.0), (410.0, 237.0), (399.0, 194.0), (357.0, 161.0), (310.0, 167.0), (271.0, 175.0), (237.0, 188.0), (221.0, 208.0), (219.0, 222.0), (219.0, 239.0), (234.0, 245.0), (249.0, 255.0), (260.0, 269.0), (286.0, 288.0), (303.0, 300.0), (314.0, 310.0), (321.0, 313.0)]}
[DEBUG] mask nonzero = 260
[DEBUG] found 3 raw contours
[DEBUG] kept 3 candidates after filtering
[DEBUG] roi_desc = {'type': 'polygon', 'polygon': [(329.0, 318.0), (351.0, 301.0), (373.0, 280.0), (395.0, 264.0), (410.0, 237.0), (399.0, 194.0), (357.0, 161.0), (310.0, 167.0), (271.0, 175.0), (237.0, 188.0), (221.0, 208.0), (219.0, 222.0), (219.0, 239.0), (234.0, 245.0), (249.0, 255.0), (260.0, 269.0), (286.0, 288.0), (303.0, 300.0), (314.0, 310.0), (321.0, 313.0)]}
[DEBUG] mask nonzero = 261
[DEBUG] found 3 raw contours
[DEBUG] kept 3 candidates after filtering
[DEBUG] roi_desc = {'type': 'polygon', 'polygon': [(329.0, 318.0), (351.0, 301.0), (373.0, 280.0), (395.0, 264.0), (410.0, 237.0), (399.0, 194.0), (357.0, 161.0), (310.0, 167.0), (271.0, 175.0), (237.0, 188.0), (221.0, 208.0), (219.0, 222.0), (219.0, 239.0), (234.0, 245.0), (249.0, 255.0), (260.0, 269.0), (286.0, 288.0), (303.0, 300.0), (314.0, 310.0), (321.0, 313.0)]}
[DEBUG] mask nonzero = 264
[DEBUG] found 3 raw contours
[DEBUG] kept 3 candidates after filtering
[DEBUG] roi_desc = {'type': 'polygon', 'polygon': [(329.0, 318.0), (351.0, 301.0), (373.0, 280.0), (395.0, 264.0), (410.0, 237.0), (399.0, 194.0), (357.0, 161.0), (310.0, 167.0), (271.0, 175.0), (237.0, 188.0), (221.0, 208.0), (219.0, 222.0), (219.0, 239.0), (234.0, 245.0), (249.0, 255.0), (260.0, 269.0), (286.0, 288.0), (303.0, 300.0), (314.0, 310.0), (321.0, 313.0)]}
[DEBUG] mask nonzero = 265
[DEBUG] found 3 raw contours
[DEBUG] kept 3 candidates after filtering
[DEBUG] roi_desc = {'type': 'polygon', 'polygon': [(329.0, 318.0), (351.0, 301.0), (373.0, 280.0), (395.0, 264.0), (410.0, 237.0), (399.0, 194.0), (357.0, 161.0), (310.0, 167.0), (271.0, 175.0), (237.0, 188.0), (221.0, 208.0), (219.0, 222.0), (219.0, 239.0), (234.0, 245.0), (249.0, 255.0), (260.0, 269.0), (286.0, 288.0), (303.0, 300.0), (314.0, 310.0), (321.0, 313.0)]}
[DEBUG] mask nonzero = 265
[DEBUG] found 3 raw contours
[DEBUG] kept 3 candidates after filtering
[DEBUG] roi_desc = {'type': 'polygon', 'polygon': [(329.0, 318.0), (351.0, 301.0), (373.0, 280.0), (395.0, 264.0), (410.0, 237.0), (399.0, 194.0), (357.0, 161.0), (310.0, 167.0), (271.0, 175.0), (237.0, 188.0), (221.0, 208.0), (219.0, 222.0), (219.0, 239.0), (234.0, 245.0), (249.0, 255.0), (260.0, 269.0), (286.0, 288.0), (303.0, 300.0), (314.0, 310.0), (321.0, 313.0)]}
[DEBUG] mask nonzero = 267
[DEBUG] found 3 raw contours
[DEBUG] kept 3 candidates after filtering
[DEBUG] roi_desc = {'type': 'polygon', 'polygon': [(329.0, 318.0), (351.0, 301.0), (373.0, 280.0), (395.0, 264.0), (410.0, 237.0), (399.0, 194.0), (357.0, 161.0), (310.0, 167.0), (271.0, 175.0), (237.0, 188.0), (221.0, 208.0), (219.0, 222.0), (219.0, 239.0), (234.0, 245.0), (249.0, 255.0), (260.0, 269.0), (286.0, 288.0), (303.0, 300.0), (314.0, 310.0), (321.0, 313.0)]}
[DEBUG] mask nonzero = 257
[DEBUG] found 3 raw contours
[DEBUG] kept 3 candidates after filtering
[DEBUG] roi_desc = {'type': 'polygon', 'polygon': [(329.0, 318.0), (351.0, 301.0), (373.0, 280.0), (395.0, 264.0), (410.0, 237.0), (399.0, 194.0), (357.0, 161.0), (310.0, 167.0), (271.0, 175.0), (237.0, 188.0), (221.0, 208.0), (219.0, 222.0), (219.0, 239.0), (234.0, 245.0), (249.0, 255.0), (260.0, 269.0), (286.0, 288.0), (303.0, 300.0), (314.0, 310.0), (321.0, 313.0)]}
[DEBUG] mask nonzero = 256
[DEBUG] found 3 raw contours
[DEBUG] kept 3 candidates after filtering
[DEBUG] roi_desc = {'type': 'polygon', 'polygon': [(329.0, 318.0), (351.0, 301.0), (373.0, 280.0), (395.0, 264.0), (410.0, 237.0), (399.0, 194.0), (357.0, 161.0), (310.0, 167.0), (271.0, 175.0), (237.0, 188.0), (221.0, 208.0), (219.0, 222.0), (219.0, 239.0), (234.0, 245.0), (249.0, 255.0), (260.0, 269.0), (286.0, 288.0), (303.0, 300.0), (314.0, 310.0), (321.0, 313.0)]}
[DEBUG] mask nonzero = 259
[DEBUG] found 3 raw contours
[DEBUG] kept 3 candidates after filtering
[DEBUG] roi_desc = {'type': 'polygon', 'polygon': [(329.0, 318.0), (351.0, 301.0), (373.0, 280.0), (395.0, 264.0), (410.0, 237.0), (399.0, 194.0), (357.0, 161.0), (310.0, 167.0), (271.0, 175.0), (237.0, 188.0), (221.0, 208.0), (219.0, 222.0), (219.0, 239.0), (234.0, 245.0), (249.0, 255.0), (260.0, 269.0), (286.0, 288.0), (303.0, 300.0), (314.0, 310.0), (321.0, 313.0)]}
[DEBUG] mask nonzero = 260
[DEBUG] found 3 raw contours
[DEBUG] kept 3 candidates after filtering
[DEBUG] roi_desc = {'type': 'polygon', 'polygon': [(329.0, 318.0), (351.0, 301.0), (373.0, 280.0), (395.0, 264.0), (410.0, 237.0), (399.0, 194.0), (357.0, 161.0), (310.0, 167.0), (271.0, 175.0), (237.0, 188.0), (221.0, 208.0), (219.0, 222.0), (219.0, 239.0), (234.0, 245.0), (249.0, 255.0), (260.0, 269.0), (286.0, 288.0), (303.0, 300.0), (314.0, 310.0), (321.0, 313.0)]}
[DEBUG] mask nonzero = 262
[DEBUG] found 3 raw contours
[DEBUG] kept 3 candidates after filtering
[DEBUG] roi_desc = {'type': 'polygon', 'polygon': [(329.0, 318.0), (351.0, 301.0), (373.0, 280.0), (395.0, 264.0), (410.0, 237.0), (399.0, 194.0), (357.0, 161.0), (310.0, 167.0), (271.0, 175.0), (237.0, 188.0), (221.0, 208.0), (219.0, 222.0), (219.0, 239.0), (234.0, 245.0), (249.0, 255.0), (260.0, 269.0), (286.0, 288.0), (303.0, 300.0), (314.0, 310.0), (321.0, 313.0)]}
[DEBUG] mask nonzero = 262
[DEBUG] found 3 raw contours
[DEBUG] kept 3 candidates after filtering
[DEBUG] roi_desc = {'type': 'polygon', 'polygon': [(329.0, 318.0), (351.0, 301.0), (373.0, 280.0), (395.0, 264.0), (410.0, 237.0), (399.0, 194.0), (357.0, 161.0), (310.0, 167.0), (271.0, 175.0), (237.0, 188.0), (221.0, 208.0), (219.0, 222.0), (219.0, 239.0), (234.0, 245.0), (249.0, 255.0), (260.0, 269.0), (286.0, 288.0), (303.0, 300.0), (314.0, 310.0), (321.0, 313.0)]}
[DEBUG] mask nonzero = 263
[DEBUG] found 3 raw contours
[DEBUG] kept 3 candidates after filtering
[DEBUG] roi_desc = {'type': 'polygon', 'polygon': [(329.0, 318.0), (351.0, 301.0), (373.0, 280.0), (395.0, 264.0), (410.0, 237.0), (399.0, 194.0), (357.0, 161.0), (310.0, 167.0), (271.0, 175.0), (237.0, 188.0), (221.0, 208.0), (219.0, 222.0), (219.0, 239.0), (234.0, 245.0), (249.0, 255.0), (260.0, 269.0), (286.0, 288.0), (303.0, 300.0), (314.0, 310.0), (321.0, 313.0)]}
[DEBUG] mask nonzero = 255
[DEBUG] found 3 raw contours
[DEBUG] kept 3 candidates after filtering
[DEBUG] roi_desc = {'type': 'polygon', 'polygon': [(329.0, 318.0), (351.0, 301.0), (373.0, 280.0), (395.0, 264.0), (410.0, 237.0), (399.0, 194.0), (357.0, 161.0), (310.0, 167.0), (271.0, 175.0), (237.0, 188.0), (221.0, 208.0), (219.0, 222.0), (219.0, 239.0), (234.0, 245.0), (249.0, 255.0), (260.0, 269.0), (286.0, 288.0), (303.0, 300.0), (314.0, 310.0), (321.0, 313.0)]}
[DEBUG] mask nonzero = 260
[DEBUG] found 3 raw contours
[DEBUG] kept 3 candidates after filtering
[DEBUG] roi_desc = {'type': 'polygon', 'polygon': [(329.0, 318.0), (351.0, 301.0), (373.0, 280.0), (395.0, 264.0), (410.0, 237.0), (399.0, 194.0), (357.0, 161.0), (310.0, 167.0), (271.0, 175.0), (237.0, 188.0), (221.0, 208.0), (219.0, 222.0), (219.0, 239.0), (234.0, 245.0), (249.0, 255.0), (260.0, 269.0), (286.0, 288.0), (303.0, 300.0), (314.0, 310.0), (321.0, 313.0)]}
[DEBUG] mask nonzero = 260
[DEBUG] found 3 raw contours
[DEBUG] kept 3 candidates after filtering
[DEBUG] roi_desc = {'type': 'polygon', 'polygon': [(329.0, 318.0), (351.0, 301.0), (373.0, 280.0), (395.0, 264.0), (410.0, 237.0), (399.0, 194.0), (357.0, 161.0), (310.0, 167.0), (271.0, 175.0), (237.0, 188.0), (221.0, 208.0), (219.0, 222.0), (219.0, 239.0), (234.0, 245.0), (249.0, 255.0), (260.0, 269.0), (286.0, 288.0), (303.0, 300.0), (314.0, 310.0), (321.0, 313.0)]}
[DEBUG] mask nonzero = 261
[DEBUG] found 3 raw contours
[DEBUG] kept 3 candidates after filtering
[DEBUG] roi_desc = {'type': 'polygon', 'polygon': [(329.0, 318.0), (351.0, 301.0), (373.0, 280.0), (395.0, 264.0), (410.0, 237.0), (399.0, 194.0), (357.0, 161.0), (310.0, 167.0), (271.0, 175.0), (237.0, 188.0), (221.0, 208.0), (219.0, 222.0), (219.0, 239.0), (234.0, 245.0), (249.0, 255.0), (260.0, 269.0), (286.0, 288.0), (303.0, 300.0), (314.0, 310.0), (321.0, 313.0)]}
[DEBUG] mask nonzero = 262
[DEBUG] found 3 raw contours
[DEBUG] kept 3 candidates after filtering
[DEBUG] roi_desc = {'type': 'polygon', 'polygon': [(329.0, 318.0), (351.0, 301.0), (373.0, 280.0), (395.0, 264.0), (410.0, 237.0), (399.0, 194.0), (357.0, 161.0), (310.0, 167.0), (271.0, 175.0), (237.0, 188.0), (221.0, 208.0), (219.0, 222.0), (219.0, 239.0), (234.0, 245.0), (249.0, 255.0), (260.0, 269.0), (286.0, 288.0), (303.0, 300.0), (314.0, 310.0), (321.0, 313.0)]}
[DEBUG] mask nonzero = 254
[DEBUG] found 3 raw contours
[DEBUG] kept 3 candidates after filtering
[DEBUG] roi_desc = {'type': 'polygon', 'polygon': [(329.0, 318.0), (351.0, 301.0), (373.0, 280.0), (395.0, 264.0), (410.0, 237.0), (399.0, 194.0), (357.0, 161.0), (310.0, 167.0), (271.0, 175.0), (237.0, 188.0), (221.0, 208.0), (219.0, 222.0), (219.0, 239.0), (234.0, 245.0), (249.0, 255.0), (260.0, 269.0), (286.0, 288.0), (303.0, 300.0), (314.0, 310.0), (321.0, 313.0)]}
[DEBUG] mask nonzero = 259
[DEBUG] found 3 raw contours
[DEBUG] kept 3 candidates after filtering
[DEBUG] roi_desc = {'type': 'polygon', 'polygon': [(329.0, 318.0), (351.0, 301.0), (373.0, 280.0), (395.0, 264.0), (410.0, 237.0), (399.0, 194.0), (357.0, 161.0), (310.0, 167.0), (271.0, 175.0), (237.0, 188.0), (221.0, 208.0), (219.0, 222.0), (219.0, 239.0), (234.0, 245.0), (249.0, 255.0), (260.0, 269.0), (286.0, 288.0), (303.0, 300.0), (314.0, 310.0), (321.0, 313.0)]}
[DEBUG] mask nonzero = 269
[DEBUG] found 3 raw contours
[DEBUG] kept 3 candidates after filtering
[DEBUG] roi_desc = {'type': 'polygon', 'polygon': [(329.0, 318.0), (351.0, 301.0), (373.0, 280.0), (395.0, 264.0), (410.0, 237.0), (399.0, 194.0), (357.0, 161.0), (310.0, 167.0), (271.0, 175.0), (237.0, 188.0), (221.0, 208.0), (219.0, 222.0), (219.0, 239.0), (234.0, 245.0), (249.0, 255.0), (260.0, 269.0), (286.0, 288.0), (303.0, 300.0), (314.0, 310.0), (321.0, 313.0)]}
[DEBUG] mask nonzero = 251
[DEBUG] found 3 raw contours
[DEBUG] kept 3 candidates after filtering
[DEBUG] roi_desc = {'type': 'polygon', 'polygon': [(329.0, 318.0), (351.0, 301.0), (373.0, 280.0), (395.0, 264.0), (410.0, 237.0), (399.0, 194.0), (357.0, 161.0), (310.0, 167.0), (271.0, 175.0), (237.0, 188.0), (221.0, 208.0), (219.0, 222.0), (219.0, 239.0), (234.0, 245.0), (249.0, 255.0), (260.0, 269.0), (286.0, 288.0), (303.0, 300.0), (314.0, 310.0), (321.0, 313.0)]}
[DEBUG] mask nonzero = 260
[DEBUG] found 3 raw contours
[DEBUG] kept 3 candidates after filtering
[DEBUG] roi_desc = {'type': 'polygon', 'polygon': [(329.0, 318.0), (351.0, 301.0), (373.0, 280.0), (395.0, 264.0), (410.0, 237.0), (399.0, 194.0), (357.0, 161.0), (310.0, 167.0), (271.0, 175.0), (237.0, 188.0), (221.0, 208.0), (219.0, 222.0), (219.0, 239.0), (234.0, 245.0), (249.0, 255.0), (260.0, 269.0), (286.0, 288.0), (303.0, 300.0), (314.0, 310.0), (321.0, 313.0)]}
[DEBUG] mask nonzero = 265
[DEBUG] found 3 raw contours
[DEBUG] kept 3 candidates after filtering
[DEBUG] roi_desc = {'type': 'polygon', 'polygon': [(329.0, 318.0), (351.0, 301.0), (373.0, 280.0), (395.0, 264.0), (410.0, 237.0), (399.0, 194.0), (357.0, 161.0), (310.0, 167.0), (271.0, 175.0), (237.0, 188.0), (221.0, 208.0), (219.0, 222.0), (219.0, 239.0), (234.0, 245.0), (249.0, 255.0), (260.0, 269.0), (286.0, 288.0), (303.0, 300.0), (314.0, 310.0), (321.0, 313.0)]}
[DEBUG] mask nonzero = 262
[DEBUG] found 3 raw contours
[DEBUG] kept 3 candidates after filtering
[DEBUG] roi_desc = {'type': 'polygon', 'polygon': [(329.0, 318.0), (351.0, 301.0), (373.0, 280.0), (395.0, 264.0), (410.0, 237.0), (399.0, 194.0), (357.0, 161.0), (310.0, 167.0), (271.0, 175.0), (237.0, 188.0), (221.0, 208.0), (219.0, 222.0), (219.0, 239.0), (234.0, 245.0), (249.0, 255.0), (260.0, 269.0), (286.0, 288.0), (303.0, 300.0), (314.0, 310.0), (321.0, 313.0)]}
[DEBUG] mask nonzero = 258
[DEBUG] found 3 raw contours
[DEBUG] kept 3 candidates after filtering
[DEBUG] roi_desc = {'type': 'polygon', 'polygon': [(329.0, 318.0), (351.0, 301.0), (373.0, 280.0), (395.0, 264.0), (410.0, 237.0), (399.0, 194.0), (357.0, 161.0), (310.0, 167.0), (271.0, 175.0), (237.0, 188.0), (221.0, 208.0), (219.0, 222.0), (219.0, 239.0), (234.0, 245.0), (249.0, 255.0), (260.0, 269.0), (286.0, 288.0), (303.0, 300.0), (314.0, 310.0), (321.0, 313.0)]}
[DEBUG] mask nonzero = 259
[DEBUG] found 3 raw contours
[DEBUG] kept 3 candidates after filtering
[DEBUG] roi_desc = {'type': 'polygon', 'polygon': [(329.0, 318.0), (351.0, 301.0), (373.0, 280.0), (395.0, 264.0), (410.0, 237.0), (399.0, 194.0), (357.0, 161.0), (310.0, 167.0), (271.0, 175.0), (237.0, 188.0), (221.0, 208.0), (219.0, 222.0), (219.0, 239.0), (234.0, 245.0), (249.0, 255.0), (260.0, 269.0), (286.0, 288.0), (303.0, 300.0), (314.0, 310.0), (321.0, 313.0)]}
[DEBUG] mask nonzero = 268
[DEBUG] found 3 raw contours
[DEBUG] kept 3 candidates after filtering
[DEBUG] roi_desc = {'type': 'polygon', 'polygon': [(329.0, 318.0), (351.0, 301.0), (373.0, 280.0), (395.0, 264.0), (410.0, 237.0), (399.0, 194.0), (357.0, 161.0), (310.0, 167.0), (271.0, 175.0), (237.0, 188.0), (221.0, 208.0), (219.0, 222.0), (219.0, 239.0), (234.0, 245.0), (249.0, 255.0), (260.0, 269.0), (286.0, 288.0), (303.0, 300.0), (314.0, 310.0), (321.0, 313.0)]}
[DEBUG] mask nonzero = 262
[DEBUG] found 3 raw contours
[DEBUG] kept 3 candidates after filtering
[DEBUG] roi_desc = {'type': 'polygon', 'polygon': [(329.0, 318.0), (351.0, 301.0), (373.0, 280.0), (395.0, 264.0), (410.0, 237.0), (399.0, 194.0), (357.0, 161.0), (310.0, 167.0), (271.0, 175.0), (237.0, 188.0), (221.0, 208.0), (219.0, 222.0), (219.0, 239.0), (234.0, 245.0), (249.0, 255.0), (260.0, 269.0), (286.0, 288.0), (303.0, 300.0), (314.0, 310.0), (321.0, 313.0)]}
[DEBUG] mask nonzero = 264
[DEBUG] found 3 raw contours
[DEBUG] kept 3 candidates after filtering
[DEBUG] roi_desc = {'type': 'polygon', 'polygon': [(329.0, 318.0), (351.0, 301.0), (373.0, 280.0), (395.0, 264.0), (410.0, 237.0), (399.0, 194.0), (357.0, 161.0), (310.0, 167.0), (271.0, 175.0), (237.0, 188.0), (221.0, 208.0), (219.0, 222.0), (219.0, 239.0), (234.0, 245.0), (249.0, 255.0), (260.0, 269.0), (286.0, 288.0), (303.0, 300.0), (314.0, 310.0), (321.0, 313.0)]}
[DEBUG] mask nonzero = 259
[DEBUG] found 3 raw contours
[DEBUG] kept 3 candidates after filtering
[DEBUG] roi_desc = {'type': 'polygon', 'polygon': [(329.0, 318.0), (351.0, 301.0), (373.0, 280.0), (395.0, 264.0), (410.0, 237.0), (399.0, 194.0), (357.0, 161.0), (310.0, 167.0), (271.0, 175.0), (237.0, 188.0), (221.0, 208.0), (219.0, 222.0), (219.0, 239.0), (234.0, 245.0), (249.0, 255.0), (260.0, 269.0), (286.0, 288.0), (303.0, 300.0), (314.0, 310.0), (321.0, 313.0)]}
[DEBUG] mask nonzero = 251
[DEBUG] found 3 raw contours
[DEBUG] kept 3 candidates after filtering
[DEBUG] roi_desc = {'type': 'polygon', 'polygon': [(329.0, 318.0), (351.0, 301.0), (373.0, 280.0), (395.0, 264.0), (410.0, 237.0), (399.0, 194.0), (357.0, 161.0), (310.0, 167.0), (271.0, 175.0), (237.0, 188.0), (221.0, 208.0), (219.0, 222.0), (219.0, 239.0), (234.0, 245.0), (249.0, 255.0), (260.0, 269.0), (286.0, 288.0), (303.0, 300.0), (314.0, 310.0), (321.0, 313.0)]}
[DEBUG] mask nonzero = 256
[DEBUG] found 3 raw contours
[DEBUG] kept 3 candidates after filtering
[DEBUG] roi_desc = {'type': 'polygon', 'polygon': [(329.0, 318.0), (351.0, 301.0), (373.0, 280.0), (395.0, 264.0), (410.0, 237.0), (399.0, 194.0), (357.0, 161.0), (310.0, 167.0), (271.0, 175.0), (237.0, 188.0), (221.0, 208.0), (219.0, 222.0), (219.0, 239.0), (234.0, 245.0), (249.0, 255.0), (260.0, 269.0), (286.0, 288.0), (303.0, 300.0), (314.0, 310.0), (321.0, 313.0)]}
[DEBUG] mask nonzero = 260
[DEBUG] found 3 raw contours
[DEBUG] kept 3 candidates after filtering
[DEBUG] roi_desc = {'type': 'polygon', 'polygon': [(329.0, 318.0), (351.0, 301.0), (373.0, 280.0), (395.0, 264.0), (410.0, 237.0), (399.0, 194.0), (357.0, 161.0), (310.0, 167.0), (271.0, 175.0), (237.0, 188.0), (221.0, 208.0), (219.0, 222.0), (219.0, 239.0), (234.0, 245.0), (249.0, 255.0), (260.0, 269.0), (286.0, 288.0), (303.0, 300.0), (314.0, 310.0), (321.0, 313.0)]}
[DEBUG] mask nonzero = 258
[DEBUG] found 3 raw contours
[DEBUG] kept 3 candidates after filtering
[DEBUG] roi_desc = {'type': 'polygon', 'polygon': [(329.0, 318.0), (351.0, 301.0), (373.0, 280.0), (395.0, 264.0), (410.0, 237.0), (399.0, 194.0), (357.0, 161.0), (310.0, 167.0), (271.0, 175.0), (237.0, 188.0), (221.0, 208.0), (219.0, 222.0), (219.0, 239.0), (234.0, 245.0), (249.0, 255.0), (260.0, 269.0), (286.0, 288.0), (303.0, 300.0), (314.0, 310.0), (321.0, 313.0)]}
[DEBUG] mask nonzero = 265
[DEBUG] found 3 raw contours
[DEBUG] kept 3 candidates after filtering
[DEBUG] roi_desc = {'type': 'polygon', 'polygon': [(329.0, 318.0), (351.0, 301.0), (373.0, 280.0), (395.0, 264.0), (410.0, 237.0), (399.0, 194.0), (357.0, 161.0), (310.0, 167.0), (271.0, 175.0), (237.0, 188.0), (221.0, 208.0), (219.0, 222.0), (219.0, 239.0), (234.0, 245.0), (249.0, 255.0), (260.0, 269.0), (286.0, 288.0), (303.0, 300.0), (314.0, 310.0), (321.0, 313.0)]}
[DEBUG] mask nonzero = 262
[DEBUG] found 3 raw contours
[DEBUG] kept 3 candidates after filtering
[DEBUG] roi_desc = {'type': 'polygon', 'polygon': [(329.0, 318.0), (351.0, 301.0), (373.0, 280.0), (395.0, 264.0), (410.0, 237.0), (399.0, 194.0), (357.0, 161.0), (310.0, 167.0), (271.0, 175.0), (237.0, 188.0), (221.0, 208.0), (219.0, 222.0), (219.0, 239.0), (234.0, 245.0), (249.0, 255.0), (260.0, 269.0), (286.0, 288.0), (303.0, 300.0), (314.0, 310.0), (321.0, 313.0)]}
[DEBUG] mask nonzero = 264
[DEBUG] found 3 raw contours
[DEBUG] kept 3 candidates after filtering
[DEBUG] roi_desc = {'type': 'polygon', 'polygon': [(329.0, 318.0), (351.0, 301.0), (373.0, 280.0), (395.0, 264.0), (410.0, 237.0), (399.0, 194.0), (357.0, 161.0), (310.0, 167.0), (271.0, 175.0), (237.0, 188.0), (221.0, 208.0), (219.0, 222.0), (219.0, 239.0), (234.0, 245.0), (249.0, 255.0), (260.0, 269.0), (286.0, 288.0), (303.0, 300.0), (314.0, 310.0), (321.0, 313.0)]}
[DEBUG] mask nonzero = 266
[DEBUG] found 3 raw contours
[DEBUG] kept 3 candidates after filtering
[DEBUG] roi_desc = {'type': 'polygon', 'polygon': [(329.0, 318.0), (351.0, 301.0), (373.0, 280.0), (395.0, 264.0), (410.0, 237.0), (399.0, 194.0), (357.0, 161.0), (310.0, 167.0), (271.0, 175.0), (237.0, 188.0), (221.0, 208.0), (219.0, 222.0), (219.0, 239.0), (234.0, 245.0), (249.0, 255.0), (260.0, 269.0), (286.0, 288.0), (303.0, 300.0), (314.0, 310.0), (321.0, 313.0)]}
[DEBUG] mask nonzero = 257
[DEBUG] found 3 raw contours
[DEBUG] kept 3 candidates after filtering
[DEBUG] roi_desc = {'type': 'polygon', 'polygon': [(329.0, 318.0), (351.0, 301.0), (373.0, 280.0), (395.0, 264.0), (410.0, 237.0), (399.0, 194.0), (357.0, 161.0), (310.0, 167.0), (271.0, 175.0), (237.0, 188.0), (221.0, 208.0), (219.0, 222.0), (219.0, 239.0), (234.0, 245.0), (249.0, 255.0), (260.0, 269.0), (286.0, 288.0), (303.0, 300.0), (314.0, 310.0), (321.0, 313.0)]}
[DEBUG] mask nonzero = 256
[DEBUG] found 3 raw contours
[DEBUG] kept 3 candidates after filtering
[DEBUG] roi_desc = {'type': 'polygon', 'polygon': [(329.0, 318.0), (351.0, 301.0), (373.0, 280.0), (395.0, 264.0), (410.0, 237.0), (399.0, 194.0), (357.0, 161.0), (310.0, 167.0), (271.0, 175.0), (237.0, 188.0), (221.0, 208.0), (219.0, 222.0), (219.0, 239.0), (234.0, 245.0), (249.0, 255.0), (260.0, 269.0), (286.0, 288.0), (303.0, 300.0), (314.0, 310.0), (321.0, 313.0)]}
[DEBUG] mask nonzero = 267
[DEBUG] found 3 raw contours
[DEBUG] kept 3 candidates after filtering
[DEBUG] roi_desc = {'type': 'polygon', 'polygon': [(329.0, 318.0), (351.0, 301.0), (373.0, 280.0), (395.0, 264.0), (410.0, 237.0), (399.0, 194.0), (357.0, 161.0), (310.0, 167.0), (271.0, 175.0), (237.0, 188.0), (221.0, 208.0), (219.0, 222.0), (219.0, 239.0), (234.0, 245.0), (249.0, 255.0), (260.0, 269.0), (286.0, 288.0), (303.0, 300.0), (314.0, 310.0), (321.0, 313.0)]}
[DEBUG] mask nonzero = 259
[DEBUG] found 3 raw contours
[DEBUG] kept 3 candidates after filtering
[DEBUG] roi_desc = {'type': 'polygon', 'polygon': [(329.0, 318.0), (351.0, 301.0), (373.0, 280.0), (395.0, 264.0), (410.0, 237.0), (399.0, 194.0), (357.0, 161.0), (310.0, 167.0), (271.0, 175.0), (237.0, 188.0), (221.0, 208.0), (219.0, 222.0), (219.0, 239.0), (234.0, 245.0), (249.0, 255.0), (260.0, 269.0), (286.0, 288.0), (303.0, 300.0), (314.0, 310.0), (321.0, 313.0)]}
[DEBUG] mask nonzero = 260
[DEBUG] found 3 raw contours
[DEBUG] kept 3 candidates after filtering
[DEBUG] roi_desc = {'type': 'polygon', 'polygon': [(329.0, 318.0), (351.0, 301.0), (373.0, 280.0), (395.0, 264.0), (410.0, 237.0), (399.0, 194.0), (357.0, 161.0), (310.0, 167.0), (271.0, 175.0), (237.0, 188.0), (221.0, 208.0), (219.0, 222.0), (219.0, 239.0), (234.0, 245.0), (249.0, 255.0), (260.0, 269.0), (286.0, 288.0), (303.0, 300.0), (314.0, 310.0), (321.0, 313.0)]}
[DEBUG] mask nonzero = 260
[DEBUG] found 3 raw contours
[DEBUG] kept 3 candidates after filtering
[DEBUG] roi_desc = {'type': 'polygon', 'polygon': [(329.0, 318.0), (351.0, 301.0), (373.0, 280.0), (395.0, 264.0), (410.0, 237.0), (399.0, 194.0), (357.0, 161.0), (310.0, 167.0), (271.0, 175.0), (237.0, 188.0), (221.0, 208.0), (219.0, 222.0), (219.0, 239.0), (234.0, 245.0), (249.0, 255.0), (260.0, 269.0), (286.0, 288.0), (303.0, 300.0), (314.0, 310.0), (321.0, 313.0)]}
[DEBUG] mask nonzero = 255
[DEBUG] found 3 raw contours
[DEBUG] kept 3 candidates after filtering
[DEBUG] roi_desc = {'type': 'polygon', 'polygon': [(329.0, 318.0), (351.0, 301.0), (373.0, 280.0), (395.0, 264.0), (410.0, 237.0), (399.0, 194.0), (357.0, 161.0), (310.0, 167.0), (271.0, 175.0), (237.0, 188.0), (221.0, 208.0), (219.0, 222.0), (219.0, 239.0), (234.0, 245.0), (249.0, 255.0), (260.0, 269.0), (286.0, 288.0), (303.0, 300.0), (314.0, 310.0), (321.0, 313.0)]}
[DEBUG] mask nonzero = 265
[DEBUG] found 3 raw contours
[DEBUG] kept 3 candidates after filtering
[DEBUG] roi_desc = {'type': 'polygon', 'polygon': [(329.0, 318.0), (351.0, 301.0), (373.0, 280.0), (395.0, 264.0), (410.0, 237.0), (399.0, 194.0), (357.0, 161.0), (310.0, 167.0), (271.0, 175.0), (237.0, 188.0), (221.0, 208.0), (219.0, 222.0), (219.0, 239.0), (234.0, 245.0), (249.0, 255.0), (260.0, 269.0), (286.0, 288.0), (303.0, 300.0), (314.0, 310.0), (321.0, 313.0)]}
[DEBUG] mask nonzero = 264
[DEBUG] found 3 raw contours
[DEBUG] kept 3 candidates after filtering
[DEBUG] roi_desc = {'type': 'polygon', 'polygon': [(329.0, 318.0), (351.0, 301.0), (373.0, 280.0), (395.0, 264.0), (410.0, 237.0), (399.0, 194.0), (357.0, 161.0), (310.0, 167.0), (271.0, 175.0), (237.0, 188.0), (221.0, 208.0), (219.0, 222.0), (219.0, 239.0), (234.0, 245.0), (249.0, 255.0), (260.0, 269.0), (286.0, 288.0), (303.0, 300.0), (314.0, 310.0), (321.0, 313.0)]}
[DEBUG] mask nonzero = 252
[DEBUG] found 3 raw contours
[DEBUG] kept 3 candidates after filtering
[DEBUG] roi_desc = {'type': 'polygon', 'polygon': [(329.0, 318.0), (351.0, 301.0), (373.0, 280.0), (395.0, 264.0), (410.0, 237.0), (399.0, 194.0), (357.0, 161.0), (310.0, 167.0), (271.0, 175.0), (237.0, 188.0), (221.0, 208.0), (219.0, 222.0), (219.0, 239.0), (234.0, 245.0), (249.0, 255.0), (260.0, 269.0), (286.0, 288.0), (303.0, 300.0), (314.0, 310.0), (321.0, 313.0)]}
[DEBUG] mask nonzero = 259
[DEBUG] found 3 raw contours
[DEBUG] kept 3 candidates after filtering
[DEBUG] roi_desc = {'type': 'polygon', 'polygon': [(329.0, 318.0), (351.0, 301.0), (373.0, 280.0), (395.0, 264.0), (410.0, 237.0), (399.0, 194.0), (357.0, 161.0), (310.0, 167.0), (271.0, 175.0), (237.0, 188.0), (221.0, 208.0), (219.0, 222.0), (219.0, 239.0), (234.0, 245.0), (249.0, 255.0), (260.0, 269.0), (286.0, 288.0), (303.0, 300.0), (314.0, 310.0), (321.0, 313.0)]}
[DEBUG] mask nonzero = 262
[DEBUG] found 3 raw contours
[DEBUG] kept 3 candidates after filtering
[DEBUG] roi_desc = {'type': 'polygon', 'polygon': [(329.0, 318.0), (351.0, 301.0), (373.0, 280.0), (395.0, 264.0), (410.0, 237.0), (399.0, 194.0), (357.0, 161.0), (310.0, 167.0), (271.0, 175.0), (237.0, 188.0), (221.0, 208.0), (219.0, 222.0), (219.0, 239.0), (234.0, 245.0), (249.0, 255.0), (260.0, 269.0), (286.0, 288.0), (303.0, 300.0), (314.0, 310.0), (321.0, 313.0)]}
[DEBUG] mask nonzero = 266
[DEBUG] found 3 raw contours
[DEBUG] kept 3 candidates after filtering
[DEBUG] roi_desc = {'type': 'polygon', 'polygon': [(329.0, 318.0), (351.0, 301.0), (373.0, 280.0), (395.0, 264.0), (410.0, 237.0), (399.0, 194.0), (357.0, 161.0), (310.0, 167.0), (271.0, 175.0), (237.0, 188.0), (221.0, 208.0), (219.0, 222.0), (219.0, 239.0), (234.0, 245.0), (249.0, 255.0), (260.0, 269.0), (286.0, 288.0), (303.0, 300.0), (314.0, 310.0), (321.0, 313.0)]}
[DEBUG] mask nonzero = 260
[DEBUG] found 3 raw contours
[DEBUG] kept 3 candidates after filtering
[DEBUG] roi_desc = {'type': 'polygon', 'polygon': [(329.0, 318.0), (351.0, 301.0), (373.0, 280.0), (395.0, 264.0), (410.0, 237.0), (399.0, 194.0), (357.0, 161.0), (310.0, 167.0), (271.0, 175.0), (237.0, 188.0), (221.0, 208.0), (219.0, 222.0), (219.0, 239.0), (234.0, 245.0), (249.0, 255.0), (260.0, 269.0), (286.0, 288.0), (303.0, 300.0), (314.0, 310.0), (321.0, 313.0)]}
[DEBUG] mask nonzero = 257
[DEBUG] found 3 raw contours
[DEBUG] kept 3 candidates after filtering
[DEBUG] roi_desc = {'type': 'polygon', 'polygon': [(329.0, 318.0), (351.0, 301.0), (373.0, 280.0), (395.0, 264.0), (410.0, 237.0), (399.0, 194.0), (357.0, 161.0), (310.0, 167.0), (271.0, 175.0), (237.0, 188.0), (221.0, 208.0), (219.0, 222.0), (219.0, 239.0), (234.0, 245.0), (249.0, 255.0), (260.0, 269.0), (286.0, 288.0), (303.0, 300.0), (314.0, 310.0), (321.0, 313.0)]}
[DEBUG] mask nonzero = 259
[DEBUG] found 3 raw contours
[DEBUG] kept 3 candidates after filtering
[DEBUG] roi_desc = {'type': 'polygon', 'polygon': [(329.0, 318.0), (351.0, 301.0), (373.0, 280.0), (395.0, 264.0), (410.0, 237.0), (399.0, 194.0), (357.0, 161.0), (310.0, 167.0), (271.0, 175.0), (237.0, 188.0), (221.0, 208.0), (219.0, 222.0), (219.0, 239.0), (234.0, 245.0), (249.0, 255.0), (260.0, 269.0), (286.0, 288.0), (303.0, 300.0), (314.0, 310.0), (321.0, 313.0)]}
[DEBUG] mask nonzero = 259
[DEBUG] found 3 raw contours
[DEBUG] kept 3 candidates after filtering
[DEBUG] roi_desc = {'type': 'polygon', 'polygon': [(329.0, 318.0), (351.0, 301.0), (373.0, 280.0), (395.0, 264.0), (410.0, 237.0), (399.0, 194.0), (357.0, 161.0), (310.0, 167.0), (271.0, 175.0), (237.0, 188.0), (221.0, 208.0), (219.0, 222.0), (219.0, 239.0), (234.0, 245.0), (249.0, 255.0), (260.0, 269.0), (286.0, 288.0), (303.0, 300.0), (314.0, 310.0), (321.0, 313.0)]}
[DEBUG] mask nonzero = 254
[DEBUG] found 3 raw contours
[DEBUG] kept 3 candidates after filtering
[DEBUG] roi_desc = {'type': 'polygon', 'polygon': [(329.0, 318.0), (351.0, 301.0), (373.0, 280.0), (395.0, 264.0), (410.0, 237.0), (399.0, 194.0), (357.0, 161.0), (310.0, 167.0), (271.0, 175.0), (237.0, 188.0), (221.0, 208.0), (219.0, 222.0), (219.0, 239.0), (234.0, 245.0), (249.0, 255.0), (260.0, 269.0), (286.0, 288.0), (303.0, 300.0), (314.0, 310.0), (321.0, 313.0)]}
[DEBUG] mask nonzero = 264
[DEBUG] found 3 raw contours
[DEBUG] kept 3 candidates after filtering
[DEBUG] roi_desc = {'type': 'polygon', 'polygon': [(329.0, 318.0), (351.0, 301.0), (373.0, 280.0), (395.0, 264.0), (410.0, 237.0), (399.0, 194.0), (357.0, 161.0), (310.0, 167.0), (271.0, 175.0), (237.0, 188.0), (221.0, 208.0), (219.0, 222.0), (219.0, 239.0), (234.0, 245.0), (249.0, 255.0), (260.0, 269.0), (286.0, 288.0), (303.0, 300.0), (314.0, 310.0), (321.0, 313.0)]}
[DEBUG] mask nonzero = 265
[DEBUG] found 3 raw contours
[DEBUG] kept 3 candidates after filtering
[DEBUG] roi_desc = {'type': 'polygon', 'polygon': [(329.0, 318.0), (351.0, 301.0), (373.0, 280.0), (395.0, 264.0), (410.0, 237.0), (399.0, 194.0), (357.0, 161.0), (310.0, 167.0), (271.0, 175.0), (237.0, 188.0), (221.0, 208.0), (219.0, 222.0), (219.0, 239.0), (234.0, 245.0), (249.0, 255.0), (260.0, 269.0), (286.0, 288.0), (303.0, 300.0), (314.0, 310.0), (321.0, 313.0)]}
[DEBUG] mask nonzero = 261
[DEBUG] found 3 raw contours
[DEBUG] kept 3 candidates after filtering
[DEBUG] roi_desc = {'type': 'polygon', 'polygon': [(329.0, 318.0), (351.0, 301.0), (373.0, 280.0), (395.0, 264.0), (410.0, 237.0), (399.0, 194.0), (357.0, 161.0), (310.0, 167.0), (271.0, 175.0), (237.0, 188.0), (221.0, 208.0), (219.0, 222.0), (219.0, 239.0), (234.0, 245.0), (249.0, 255.0), (260.0, 269.0), (286.0, 288.0), (303.0, 300.0), (314.0, 310.0), (321.0, 313.0)]}
[DEBUG] mask nonzero = 262
[DEBUG] found 3 raw contours
[DEBUG] kept 3 candidates after filtering
[DEBUG] roi_desc = {'type': 'polygon', 'polygon': [(329.0, 318.0), (351.0, 301.0), (373.0, 280.0), (395.0, 264.0), (410.0, 237.0), (399.0, 194.0), (357.0, 161.0), (310.0, 167.0), (271.0, 175.0), (237.0, 188.0), (221.0, 208.0), (219.0, 222.0), (219.0, 239.0), (234.0, 245.0), (249.0, 255.0), (260.0, 269.0), (286.0, 288.0), (303.0, 300.0), (314.0, 310.0), (321.0, 313.0)]}
[DEBUG] mask nonzero = 261
[DEBUG] found 3 raw contours
[DEBUG] kept 3 candidates after filtering
[DEBUG] roi_desc = {'type': 'polygon', 'polygon': [(329.0, 318.0), (351.0, 301.0), (373.0, 280.0), (395.0, 264.0), (410.0, 237.0), (399.0, 194.0), (357.0, 161.0), (310.0, 167.0), (271.0, 175.0), (237.0, 188.0), (221.0, 208.0), (219.0, 222.0), (219.0, 239.0), (234.0, 245.0), (249.0, 255.0), (260.0, 269.0), (286.0, 288.0), (303.0, 300.0), (314.0, 310.0), (321.0, 313.0)]}
[DEBUG] mask nonzero = 266
[DEBUG] found 3 raw contours
[DEBUG] kept 3 candidates after filtering
[DEBUG] roi_desc = {'type': 'polygon', 'polygon': [(329.0, 318.0), (351.0, 301.0), (373.0, 280.0), (395.0, 264.0), (410.0, 237.0), (399.0, 194.0), (357.0, 161.0), (310.0, 167.0), (271.0, 175.0), (237.0, 188.0), (221.0, 208.0), (219.0, 222.0), (219.0, 239.0), (234.0, 245.0), (249.0, 255.0), (260.0, 269.0), (286.0, 288.0), (303.0, 300.0), (314.0, 310.0), (321.0, 313.0)]}
[DEBUG] mask nonzero = 269
[DEBUG] found 3 raw contours
[DEBUG] kept 3 candidates after filtering
[DEBUG] roi_desc = {'type': 'polygon', 'polygon': [(329.0, 318.0), (351.0, 301.0), (373.0, 280.0), (395.0, 264.0), (410.0, 237.0), (399.0, 194.0), (357.0, 161.0), (310.0, 167.0), (271.0, 175.0), (237.0, 188.0), (221.0, 208.0), (219.0, 222.0), (219.0, 239.0), (234.0, 245.0), (249.0, 255.0), (260.0, 269.0), (286.0, 288.0), (303.0, 300.0), (314.0, 310.0), (321.0, 313.0)]}
[DEBUG] mask nonzero = 262
[DEBUG] found 3 raw contours
[DEBUG] kept 3 candidates after filtering
[DEBUG] roi_desc = {'type': 'polygon', 'polygon': [(329.0, 318.0), (351.0, 301.0), (373.0, 280.0), (395.0, 264.0), (410.0, 237.0), (399.0, 194.0), (357.0, 161.0), (310.0, 167.0), (271.0, 175.0), (237.0, 188.0), (221.0, 208.0), (219.0, 222.0), (219.0, 239.0), (234.0, 245.0), (249.0, 255.0), (260.0, 269.0), (286.0, 288.0), (303.0, 300.0), (314.0, 310.0), (321.0, 313.0)]}
[DEBUG] mask nonzero = 265
[DEBUG] found 3 raw contours
[DEBUG] kept 3 candidates after filtering
[DEBUG] roi_desc = {'type': 'polygon', 'polygon': [(329.0, 318.0), (351.0, 301.0), (373.0, 280.0), (395.0, 264.0), (410.0, 237.0), (399.0, 194.0), (357.0, 161.0), (310.0, 167.0), (271.0, 175.0), (237.0, 188.0), (221.0, 208.0), (219.0, 222.0), (219.0, 239.0), (234.0, 245.0), (249.0, 255.0), (260.0, 269.0), (286.0, 288.0), (303.0, 300.0), (314.0, 310.0), (321.0, 313.0)]}
[DEBUG] mask nonzero = 261
[DEBUG] found 3 raw contours
[DEBUG] kept 3 candidates after filtering
[DEBUG] roi_desc = {'type': 'polygon', 'polygon': [(329.0, 318.0), (351.0, 301.0), (373.0, 280.0), (395.0, 264.0), (410.0, 237.0), (399.0, 194.0), (357.0, 161.0), (310.0, 167.0), (271.0, 175.0), (237.0, 188.0), (221.0, 208.0), (219.0, 222.0), (219.0, 239.0), (234.0, 245.0), (249.0, 255.0), (260.0, 269.0), (286.0, 288.0), (303.0, 300.0), (314.0, 310.0), (321.0, 313.0)]}
[DEBUG] mask nonzero = 264
[DEBUG] found 3 raw contours
[DEBUG] kept 3 candidates after filtering
[DEBUG] roi_desc = {'type': 'polygon', 'polygon': [(329.0, 318.0), (351.0, 301.0), (373.0, 280.0), (395.0, 264.0), (410.0, 237.0), (399.0, 194.0), (357.0, 161.0), (310.0, 167.0), (271.0, 175.0), (237.0, 188.0), (221.0, 208.0), (219.0, 222.0), (219.0, 239.0), (234.0, 245.0), (249.0, 255.0), (260.0, 269.0), (286.0, 288.0), (303.0, 300.0), (314.0, 310.0), (321.0, 313.0)]}
[DEBUG] mask nonzero = 261
[DEBUG] found 3 raw contours
[DEBUG] kept 3 candidates after filtering
[DEBUG] roi_desc = {'type': 'polygon', 'polygon': [(329.0, 318.0), (351.0, 301.0), (373.0, 280.0), (395.0, 264.0), (410.0, 237.0), (399.0, 194.0), (357.0, 161.0), (310.0, 167.0), (271.0, 175.0), (237.0, 188.0), (221.0, 208.0), (219.0, 222.0), (219.0, 239.0), (234.0, 245.0), (249.0, 255.0), (260.0, 269.0), (286.0, 288.0), (303.0, 300.0), (314.0, 310.0), (321.0, 313.0)]}
[DEBUG] mask nonzero = 261
[DEBUG] found 3 raw contours
[DEBUG] kept 3 candidates after filtering
[DEBUG] roi_desc = {'type': 'polygon', 'polygon': [(329.0, 318.0), (351.0, 301.0), (373.0, 280.0), (395.0, 264.0), (410.0, 237.0), (399.0, 194.0), (357.0, 161.0), (310.0, 167.0), (271.0, 175.0), (237.0, 188.0), (221.0, 208.0), (219.0, 222.0), (219.0, 239.0), (234.0, 245.0), (249.0, 255.0), (260.0, 269.0), (286.0, 288.0), (303.0, 300.0), (314.0, 310.0), (321.0, 313.0)]}
[DEBUG] mask nonzero = 254
[DEBUG] found 3 raw contours
[DEBUG] kept 3 candidates after filtering
[DEBUG] roi_desc = {'type': 'polygon', 'polygon': [(329.0, 318.0), (351.0, 301.0), (373.0, 280.0), (395.0, 264.0), (410.0, 237.0), (399.0, 194.0), (357.0, 161.0), (310.0, 167.0), (271.0, 175.0), (237.0, 188.0), (221.0, 208.0), (219.0, 222.0), (219.0, 239.0), (234.0, 245.0), (249.0, 255.0), (260.0, 269.0), (286.0, 288.0), (303.0, 300.0), (314.0, 310.0), (321.0, 313.0)]}
[DEBUG] mask nonzero = 261
[DEBUG] found 3 raw contours
[DEBUG] kept 3 candidates after filtering
[DEBUG] roi_desc = {'type': 'polygon', 'polygon': [(329.0, 318.0), (351.0, 301.0), (373.0, 280.0), (395.0, 264.0), (410.0, 237.0), (399.0, 194.0), (357.0, 161.0), (310.0, 167.0), (271.0, 175.0), (237.0, 188.0), (221.0, 208.0), (219.0, 222.0), (219.0, 239.0), (234.0, 245.0), (249.0, 255.0), (260.0, 269.0), (286.0, 288.0), (303.0, 300.0), (314.0, 310.0), (321.0, 313.0)]}
[DEBUG] mask nonzero = 268
[DEBUG] found 3 raw contours
[DEBUG] kept 3 candidates after filtering
[DEBUG] roi_desc = {'type': 'polygon', 'polygon': [(329.0, 318.0), (351.0, 301.0), (373.0, 280.0), (395.0, 264.0), (410.0, 237.0), (399.0, 194.0), (357.0, 161.0), (310.0, 167.0), (271.0, 175.0), (237.0, 188.0), (221.0, 208.0), (219.0, 222.0), (219.0, 239.0), (234.0, 245.0), (249.0, 255.0), (260.0, 269.0), (286.0, 288.0), (303.0, 300.0), (314.0, 310.0), (321.0, 313.0)]}
[DEBUG] mask nonzero = 261
[DEBUG] found 3 raw contours
[DEBUG] kept 3 candidates after filtering
[DEBUG] roi_desc = {'type': 'polygon', 'polygon': [(329.0, 318.0), (351.0, 301.0), (373.0, 280.0), (395.0, 264.0), (410.0, 237.0), (399.0, 194.0), (357.0, 161.0), (310.0, 167.0), (271.0, 175.0), (237.0, 188.0), (221.0, 208.0), (219.0, 222.0), (219.0, 239.0), (234.0, 245.0), (249.0, 255.0), (260.0, 269.0), (286.0, 288.0), (303.0, 300.0), (314.0, 310.0), (321.0, 313.0)]}
[DEBUG] mask nonzero = 263
[DEBUG] found 3 raw contours
[DEBUG] kept 3 candidates after filtering
[DEBUG] roi_desc = {'type': 'polygon', 'polygon': [(329.0, 318.0), (351.0, 301.0), (373.0, 280.0), (395.0, 264.0), (410.0, 237.0), (399.0, 194.0), (357.0, 161.0), (310.0, 167.0), (271.0, 175.0), (237.0, 188.0), (221.0, 208.0), (219.0, 222.0), (219.0, 239.0), (234.0, 245.0), (249.0, 255.0), (260.0, 269.0), (286.0, 288.0), (303.0, 300.0), (314.0, 310.0), (321.0, 313.0)]}
[DEBUG] mask nonzero = 251
[DEBUG] found 3 raw contours
[DEBUG] kept 3 candidates after filtering
[DEBUG] roi_desc = {'type': 'polygon', 'polygon': [(329.0, 318.0), (351.0, 301.0), (373.0, 280.0), (395.0, 264.0), (410.0, 237.0), (399.0, 194.0), (357.0, 161.0), (310.0, 167.0), (271.0, 175.0), (237.0, 188.0), (221.0, 208.0), (219.0, 222.0), (219.0, 239.0), (234.0, 245.0), (249.0, 255.0), (260.0, 269.0), (286.0, 288.0), (303.0, 300.0), (314.0, 310.0), (321.0, 313.0)]}
[DEBUG] mask nonzero = 263
[DEBUG] found 3 raw contours
[DEBUG] kept 3 candidates after filtering
[DEBUG] roi_desc = {'type': 'polygon', 'polygon': [(329.0, 318.0), (351.0, 301.0), (373.0, 280.0), (395.0, 264.0), (410.0, 237.0), (399.0, 194.0), (357.0, 161.0), (310.0, 167.0), (271.0, 175.0), (237.0, 188.0), (221.0, 208.0), (219.0, 222.0), (219.0, 239.0), (234.0, 245.0), (249.0, 255.0), (260.0, 269.0), (286.0, 288.0), (303.0, 300.0), (314.0, 310.0), (321.0, 313.0)]}
[DEBUG] mask nonzero = 250
[DEBUG] found 3 raw contours
[DEBUG] kept 3 candidates after filtering
[DEBUG] roi_desc = {'type': 'polygon', 'polygon': [(329.0, 318.0), (351.0, 301.0), (373.0, 280.0), (395.0, 264.0), (410.0, 237.0), (399.0, 194.0), (357.0, 161.0), (310.0, 167.0), (271.0, 175.0), (237.0, 188.0), (221.0, 208.0), (219.0, 222.0), (219.0, 239.0), (234.0, 245.0), (249.0, 255.0), (260.0, 269.0), (286.0, 288.0), (303.0, 300.0), (314.0, 310.0), (321.0, 313.0)]}
[DEBUG] mask nonzero = 259
[DEBUG] found 3 raw contours
[DEBUG] kept 3 candidates after filtering
[DEBUG] roi_desc = {'type': 'polygon', 'polygon': [(329.0, 318.0), (351.0, 301.0), (373.0, 280.0), (395.0, 264.0), (410.0, 237.0), (399.0, 194.0), (357.0, 161.0), (310.0, 167.0), (271.0, 175.0), (237.0, 188.0), (221.0, 208.0), (219.0, 222.0), (219.0, 239.0), (234.0, 245.0), (249.0, 255.0), (260.0, 269.0), (286.0, 288.0), (303.0, 300.0), (314.0, 310.0), (321.0, 313.0)]}
[DEBUG] mask nonzero = 255
[DEBUG] found 3 raw contours
[DEBUG] kept 3 candidates after filtering
[DEBUG] roi_desc = {'type': 'polygon', 'polygon': [(329.0, 318.0), (351.0, 301.0), (373.0, 280.0), (395.0, 264.0), (410.0, 237.0), (399.0, 194.0), (357.0, 161.0), (310.0, 167.0), (271.0, 175.0), (237.0, 188.0), (221.0, 208.0), (219.0, 222.0), (219.0, 239.0), (234.0, 245.0), (249.0, 255.0), (260.0, 269.0), (286.0, 288.0), (303.0, 300.0), (314.0, 310.0), (321.0, 313.0)]}
[DEBUG] mask nonzero = 259
[DEBUG] found 3 raw contours
[DEBUG] kept 3 candidates after filtering
[DEBUG] roi_desc = {'type': 'polygon', 'polygon': [(329.0, 318.0), (351.0, 301.0), (373.0, 280.0), (395.0, 264.0), (410.0, 237.0), (399.0, 194.0), (357.0, 161.0), (310.0, 167.0), (271.0, 175.0), (237.0, 188.0), (221.0, 208.0), (219.0, 222.0), (219.0, 239.0), (234.0, 245.0), (249.0, 255.0), (260.0, 269.0), (286.0, 288.0), (303.0, 300.0), (314.0, 310.0), (321.0, 313.0)]}
[DEBUG] mask nonzero = 253
[DEBUG] found 3 raw contours
[DEBUG] kept 3 candidates after filtering
[DEBUG] roi_desc = {'type': 'polygon', 'polygon': [(329.0, 318.0), (351.0, 301.0), (373.0, 280.0), (395.0, 264.0), (410.0, 237.0), (399.0, 194.0), (357.0, 161.0), (310.0, 167.0), (271.0, 175.0), (237.0, 188.0), (221.0, 208.0), (219.0, 222.0), (219.0, 239.0), (234.0, 245.0), (249.0, 255.0), (260.0, 269.0), (286.0, 288.0), (303.0, 300.0), (314.0, 310.0), (321.0, 313.0)]}
[DEBUG] mask nonzero = 268
[DEBUG] found 3 raw contours
[DEBUG] kept 3 candidates after filtering
[DEBUG] roi_desc = {'type': 'polygon', 'polygon': [(329.0, 318.0), (351.0, 301.0), (373.0, 280.0), (395.0, 264.0), (410.0, 237.0), (399.0, 194.0), (357.0, 161.0), (310.0, 167.0), (271.0, 175.0), (237.0, 188.0), (221.0, 208.0), (219.0, 222.0), (219.0, 239.0), (234.0, 245.0), (249.0, 255.0), (260.0, 269.0), (286.0, 288.0), (303.0, 300.0), (314.0, 310.0), (321.0, 313.0)]}
[DEBUG] mask nonzero = 264
[DEBUG] found 3 raw contours
[DEBUG] kept 3 candidates after filtering
[DEBUG] roi_desc = {'type': 'polygon', 'polygon': [(329.0, 318.0), (351.0, 301.0), (373.0, 280.0), (395.0, 264.0), (410.0, 237.0), (399.0, 194.0), (357.0, 161.0), (310.0, 167.0), (271.0, 175.0), (237.0, 188.0), (221.0, 208.0), (219.0, 222.0), (219.0, 239.0), (234.0, 245.0), (249.0, 255.0), (260.0, 269.0), (286.0, 288.0), (303.0, 300.0), (314.0, 310.0), (321.0, 313.0)]}
[DEBUG] mask nonzero = 265
[DEBUG] found 3 raw contours
[DEBUG] kept 3 candidates after filtering
[DEBUG] roi_desc = {'type': 'polygon', 'polygon': [(329.0, 318.0), (351.0, 301.0), (373.0, 280.0), (395.0, 264.0), (410.0, 237.0), (399.0, 194.0), (357.0, 161.0), (310.0, 167.0), (271.0, 175.0), (237.0, 188.0), (221.0, 208.0), (219.0, 222.0), (219.0, 239.0), (234.0, 245.0), (249.0, 255.0), (260.0, 269.0), (286.0, 288.0), (303.0, 300.0), (314.0, 310.0), (321.0, 313.0)]}
[DEBUG] mask nonzero = 262
[DEBUG] found 3 raw contours
[DEBUG] kept 3 candidates after filtering
[DEBUG] roi_desc = {'type': 'polygon', 'polygon': [(329.0, 318.0), (351.0, 301.0), (373.0, 280.0), (395.0, 264.0), (410.0, 237.0), (399.0, 194.0), (357.0, 161.0), (310.0, 167.0), (271.0, 175.0), (237.0, 188.0), (221.0, 208.0), (219.0, 222.0), (219.0, 239.0), (234.0, 245.0), (249.0, 255.0), (260.0, 269.0), (286.0, 288.0), (303.0, 300.0), (314.0, 310.0), (321.0, 313.0)]}
[DEBUG] mask nonzero = 257
[DEBUG] found 3 raw contours
[DEBUG] kept 3 candidates after filtering
[DEBUG] roi_desc = {'type': 'polygon', 'polygon': [(329.0, 318.0), (351.0, 301.0), (373.0, 280.0), (395.0, 264.0), (410.0, 237.0), (399.0, 194.0), (357.0, 161.0), (310.0, 167.0), (271.0, 175.0), (237.0, 188.0), (221.0, 208.0), (219.0, 222.0), (219.0, 239.0), (234.0, 245.0), (249.0, 255.0), (260.0, 269.0), (286.0, 288.0), (303.0, 300.0), (314.0, 310.0), (321.0, 313.0)]}
[DEBUG] mask nonzero = 260
[DEBUG] found 3 raw contours
[DEBUG] kept 3 candidates after filtering
[DEBUG] roi_desc = {'type': 'polygon', 'polygon': [(329.0, 318.0), (351.0, 301.0), (373.0, 280.0), (395.0, 264.0), (410.0, 237.0), (399.0, 194.0), (357.0, 161.0), (310.0, 167.0), (271.0, 175.0), (237.0, 188.0), (221.0, 208.0), (219.0, 222.0), (219.0, 239.0), (234.0, 245.0), (249.0, 255.0), (260.0, 269.0), (286.0, 288.0), (303.0, 300.0), (314.0, 310.0), (321.0, 313.0)]}
[DEBUG] mask nonzero = 262
[DEBUG] found 3 raw contours
[DEBUG] kept 3 candidates after filtering
[DEBUG] roi_desc = {'type': 'polygon', 'polygon': [(329.0, 318.0), (351.0, 301.0), (373.0, 280.0), (395.0, 264.0), (410.0, 237.0), (399.0, 194.0), (357.0, 161.0), (310.0, 167.0), (271.0, 175.0), (237.0, 188.0), (221.0, 208.0), (219.0, 222.0), (219.0, 239.0), (234.0, 245.0), (249.0, 255.0), (260.0, 269.0), (286.0, 288.0), (303.0, 300.0), (314.0, 310.0), (321.0, 313.0)]}
[DEBUG] mask nonzero = 256
[DEBUG] found 3 raw contours
[DEBUG] kept 3 candidates after filtering
[DEBUG] roi_desc = {'type': 'polygon', 'polygon': [(329.0, 318.0), (351.0, 301.0), (373.0, 280.0), (395.0, 264.0), (410.0, 237.0), (399.0, 194.0), (357.0, 161.0), (310.0, 167.0), (271.0, 175.0), (237.0, 188.0), (221.0, 208.0), (219.0, 222.0), (219.0, 239.0), (234.0, 245.0), (249.0, 255.0), (260.0, 269.0), (286.0, 288.0), (303.0, 300.0), (314.0, 310.0), (321.0, 313.0)]}
[DEBUG] mask nonzero = 255
[DEBUG] found 3 raw contours
[DEBUG] kept 3 candidates after filtering
[DEBUG] roi_desc = {'type': 'polygon', 'polygon': [(329.0, 318.0), (351.0, 301.0), (373.0, 280.0), (395.0, 264.0), (410.0, 237.0), (399.0, 194.0), (357.0, 161.0), (310.0, 167.0), (271.0, 175.0), (237.0, 188.0), (221.0, 208.0), (219.0, 222.0), (219.0, 239.0), (234.0, 245.0), (249.0, 255.0), (260.0, 269.0), (286.0, 288.0), (303.0, 300.0), (314.0, 310.0), (321.0, 313.0)]}
[DEBUG] mask nonzero = 261
[DEBUG] found 3 raw contours
[DEBUG] kept 3 candidates after filtering
[DEBUG] roi_desc = {'type': 'polygon', 'polygon': [(329.0, 318.0), (351.0, 301.0), (373.0, 280.0), (395.0, 264.0), (410.0, 237.0), (399.0, 194.0), (357.0, 161.0), (310.0, 167.0), (271.0, 175.0), (237.0, 188.0), (221.0, 208.0), (219.0, 222.0), (219.0, 239.0), (234.0, 245.0), (249.0, 255.0), (260.0, 269.0), (286.0, 288.0), (303.0, 300.0), (314.0, 310.0), (321.0, 313.0)]}
[DEBUG] mask nonzero = 259
[DEBUG] found 3 raw contours
[DEBUG] kept 3 candidates after filtering
[DEBUG] roi_desc = {'type': 'polygon', 'polygon': [(329.0, 318.0), (351.0, 301.0), (373.0, 280.0), (395.0, 264.0), (410.0, 237.0), (399.0, 194.0), (357.0, 161.0), (310.0, 167.0), (271.0, 175.0), (237.0, 188.0), (221.0, 208.0), (219.0, 222.0), (219.0, 239.0), (234.0, 245.0), (249.0, 255.0), (260.0, 269.0), (286.0, 288.0), (303.0, 300.0), (314.0, 310.0), (321.0, 313.0)]}
[DEBUG] mask nonzero = 263
[DEBUG] found 3 raw contours
[DEBUG] kept 3 candidates after filtering
[DEBUG] roi_desc = {'type': 'polygon', 'polygon': [(329.0, 318.0), (351.0, 301.0), (373.0, 280.0), (395.0, 264.0), (410.0, 237.0), (399.0, 194.0), (357.0, 161.0), (310.0, 167.0), (271.0, 175.0), (237.0, 188.0), (221.0, 208.0), (219.0, 222.0), (219.0, 239.0), (234.0, 245.0), (249.0, 255.0), (260.0, 269.0), (286.0, 288.0), (303.0, 300.0), (314.0, 310.0), (321.0, 313.0)]}
[DEBUG] mask nonzero = 254
[DEBUG] found 3 raw contours
[DEBUG] kept 3 candidates after filtering
[DEBUG] roi_desc = {'type': 'polygon', 'polygon': [(329.0, 318.0), (351.0, 301.0), (373.0, 280.0), (395.0, 264.0), (410.0, 237.0), (399.0, 194.0), (357.0, 161.0), (310.0, 167.0), (271.0, 175.0), (237.0, 188.0), (221.0, 208.0), (219.0, 222.0), (219.0, 239.0), (234.0, 245.0), (249.0, 255.0), (260.0, 269.0), (286.0, 288.0), (303.0, 300.0), (314.0, 310.0), (321.0, 313.0)]}
[DEBUG] mask nonzero = 257
[DEBUG] found 3 raw contours
[DEBUG] kept 3 candidates after filtering
[DEBUG] roi_desc = {'type': 'polygon', 'polygon': [(329.0, 318.0), (351.0, 301.0), (373.0, 280.0), (395.0, 264.0), (410.0, 237.0), (399.0, 194.0), (357.0, 161.0), (310.0, 167.0), (271.0, 175.0), (237.0, 188.0), (221.0, 208.0), (219.0, 222.0), (219.0, 239.0), (234.0, 245.0), (249.0, 255.0), (260.0, 269.0), (286.0, 288.0), (303.0, 300.0), (314.0, 310.0), (321.0, 313.0)]}
[DEBUG] mask nonzero = 266
[DEBUG] found 3 raw contours
[DEBUG] kept 3 candidates after filtering
[DEBUG] roi_desc = {'type': 'polygon', 'polygon': [(329.0, 318.0), (351.0, 301.0), (373.0, 280.0), (395.0, 264.0), (410.0, 237.0), (399.0, 194.0), (357.0, 161.0), (310.0, 167.0), (271.0, 175.0), (237.0, 188.0), (221.0, 208.0), (219.0, 222.0), (219.0, 239.0), (234.0, 245.0), (249.0, 255.0), (260.0, 269.0), (286.0, 288.0), (303.0, 300.0), (314.0, 310.0), (321.0, 313.0)]}
[DEBUG] mask nonzero = 266
[DEBUG] found 3 raw contours
[DEBUG] kept 3 candidates after filtering
[DEBUG] roi_desc = {'type': 'polygon', 'polygon': [(329.0, 318.0), (351.0, 301.0), (373.0, 280.0), (395.0, 264.0), (410.0, 237.0), (399.0, 194.0), (357.0, 161.0), (310.0, 167.0), (271.0, 175.0), (237.0, 188.0), (221.0, 208.0), (219.0, 222.0), (219.0, 239.0), (234.0, 245.0), (249.0, 255.0), (260.0, 269.0), (286.0, 288.0), (303.0, 300.0), (314.0, 310.0), (321.0, 313.0)]}
[DEBUG] mask nonzero = 265
[DEBUG] found 3 raw contours
[DEBUG] kept 3 candidates after filtering
[DEBUG] roi_desc = {'type': 'polygon', 'polygon': [(329.0, 318.0), (351.0, 301.0), (373.0, 280.0), (395.0, 264.0), (410.0, 237.0), (399.0, 194.0), (357.0, 161.0), (310.0, 167.0), (271.0, 175.0), (237.0, 188.0), (221.0, 208.0), (219.0, 222.0), (219.0, 239.0), (234.0, 245.0), (249.0, 255.0), (260.0, 269.0), (286.0, 288.0), (303.0, 300.0), (314.0, 310.0), (321.0, 313.0)]}
[DEBUG] mask nonzero = 262
[DEBUG] found 3 raw contours
[DEBUG] kept 3 candidates after filtering
[DEBUG] roi_desc = {'type': 'polygon', 'polygon': [(329.0, 318.0), (351.0, 301.0), (373.0, 280.0), (395.0, 264.0), (410.0, 237.0), (399.0, 194.0), (357.0, 161.0), (310.0, 167.0), (271.0, 175.0), (237.0, 188.0), (221.0, 208.0), (219.0, 222.0), (219.0, 239.0), (234.0, 245.0), (249.0, 255.0), (260.0, 269.0), (286.0, 288.0), (303.0, 300.0), (314.0, 310.0), (321.0, 313.0)]}
[DEBUG] mask nonzero = 257
[DEBUG] found 3 raw contours
[DEBUG] kept 3 candidates after filtering
[DEBUG] roi_desc = {'type': 'polygon', 'polygon': [(329.0, 318.0), (351.0, 301.0), (373.0, 280.0), (395.0, 264.0), (410.0, 237.0), (399.0, 194.0), (357.0, 161.0), (310.0, 167.0), (271.0, 175.0), (237.0, 188.0), (221.0, 208.0), (219.0, 222.0), (219.0, 239.0), (234.0, 245.0), (249.0, 255.0), (260.0, 269.0), (286.0, 288.0), (303.0, 300.0), (314.0, 310.0), (321.0, 313.0)]}
[DEBUG] mask nonzero = 258
[DEBUG] found 3 raw contours
[DEBUG] kept 3 candidates after filtering
[DEBUG] roi_desc = {'type': 'polygon', 'polygon': [(329.0, 318.0), (351.0, 301.0), (373.0, 280.0), (395.0, 264.0), (410.0, 237.0), (399.0, 194.0), (357.0, 161.0), (310.0, 167.0), (271.0, 175.0), (237.0, 188.0), (221.0, 208.0), (219.0, 222.0), (219.0, 239.0), (234.0, 245.0), (249.0, 255.0), (260.0, 269.0), (286.0, 288.0), (303.0, 300.0), (314.0, 310.0), (321.0, 313.0)]}
[DEBUG] mask nonzero = 262
[DEBUG] found 3 raw contours
[DEBUG] kept 3 candidates after filtering
[DEBUG] roi_desc = {'type': 'polygon', 'polygon': [(329.0, 318.0), (351.0, 301.0), (373.0, 280.0), (395.0, 264.0), (410.0, 237.0), (399.0, 194.0), (357.0, 161.0), (310.0, 167.0), (271.0, 175.0), (237.0, 188.0), (221.0, 208.0), (219.0, 222.0), (219.0, 239.0), (234.0, 245.0), (249.0, 255.0), (260.0, 269.0), (286.0, 288.0), (303.0, 300.0), (314.0, 310.0), (321.0, 313.0)]}
[DEBUG] mask nonzero = 258
[DEBUG] found 3 raw contours
[DEBUG] kept 3 candidates after filtering
[DEBUG] roi_desc = {'type': 'polygon', 'polygon': [(329.0, 318.0), (351.0, 301.0), (373.0, 280.0), (395.0, 264.0), (410.0, 237.0), (399.0, 194.0), (357.0, 161.0), (310.0, 167.0), (271.0, 175.0), (237.0, 188.0), (221.0, 208.0), (219.0, 222.0), (219.0, 239.0), (234.0, 245.0), (249.0, 255.0), (260.0, 269.0), (286.0, 288.0), (303.0, 300.0), (314.0, 310.0), (321.0, 313.0)]}
[DEBUG] mask nonzero = 254
[DEBUG] found 3 raw contours
[DEBUG] kept 3 candidates after filtering
[DEBUG] roi_desc = {'type': 'polygon', 'polygon': [(329.0, 318.0), (351.0, 301.0), (373.0, 280.0), (395.0, 264.0), (410.0, 237.0), (399.0, 194.0), (357.0, 161.0), (310.0, 167.0), (271.0, 175.0), (237.0, 188.0), (221.0, 208.0), (219.0, 222.0), (219.0, 239.0), (234.0, 245.0), (249.0, 255.0), (260.0, 269.0), (286.0, 288.0), (303.0, 300.0), (314.0, 310.0), (321.0, 313.0)]}
[DEBUG] mask nonzero = 254
[DEBUG] found 3 raw contours
[DEBUG] kept 3 candidates after filtering
[DEBUG] roi_desc = {'type': 'polygon', 'polygon': [(329.0, 318.0), (351.0, 301.0), (373.0, 280.0), (395.0, 264.0), (410.0, 237.0), (399.0, 194.0), (357.0, 161.0), (310.0, 167.0), (271.0, 175.0), (237.0, 188.0), (221.0, 208.0), (219.0, 222.0), (219.0, 239.0), (234.0, 245.0), (249.0, 255.0), (260.0, 269.0), (286.0, 288.0), (303.0, 300.0), (314.0, 310.0), (321.0, 313.0)]}
[DEBUG] mask nonzero = 256
[DEBUG] found 3 raw contours
[DEBUG] kept 3 candidates after filtering
RTDEReceiveInterface boost system Exception: (asio.misc:2) End of file
RTDEReceiveInterface boost system Exception: (asio.misc:2) End of file
/home/jack/Proper-Research/beam_direction_magnetisation/post_processing/post_processing.py:560: UserWarning: FigureCanvasAgg is non-interactive, and thus cannot be shown
  plt.show()
[DEBUG] roi_desc = {'type': 'polygon', 'polygon': [(329.0, 318.0), (351.0, 301.0), (373.0, 280.0), (395.0, 264.0), (410.0, 237.0), (399.0, 194.0), (357.0, 161.0), (310.0, 167.0), (271.0, 175.0), (237.0, 188.0), (221.0, 208.0), (219.0, 222.0), (219.0, 239.0), (234.0, 245.0), (249.0, 255.0), (260.0, 269.0), (286.0, 288.0), (303.0, 300.0), (314.0, 310.0), (321.0, 313.0)]}
[DEBUG] mask nonzero = 259
[DEBUG] found 3 raw contours
[DEBUG] kept 3 candidates after filtering
[DEBUG] roi_desc = {'type': 'polygon', 'polygon': [(329.0, 318.0), (351.0, 301.0), (373.0, 280.0), (395.0, 264.0), (410.0, 237.0), (399.0, 194.0), (357.0, 161.0), (310.0, 167.0), (271.0, 175.0), (237.0, 188.0), (221.0, 208.0), (219.0, 222.0), (219.0, 239.0), (234.0, 245.0), (249.0, 255.0), (260.0, 269.0), (286.0, 288.0), (303.0, 300.0), (314.0, 310.0), (321.0, 313.0)]}
[DEBUG] mask nonzero = 260
[DEBUG] found 3 raw contours
[DEBUG] kept 3 candidates after filtering
[DEBUG] roi_desc = {'type': 'polygon', 'polygon': [(329.0, 318.0), (351.0, 301.0), (373.0, 280.0), (395.0, 264.0), (410.0, 237.0), (399.0, 194.0), (357.0, 161.0), (310.0, 167.0), (271.0, 175.0), (237.0, 188.0), (221.0, 208.0), (219.0, 222.0), (219.0, 239.0), (234.0, 245.0), (249.0, 255.0), (260.0, 269.0), (286.0, 288.0), (303.0, 300.0), (314.0, 310.0), (321.0, 313.0)]}
[DEBUG] mask nonzero = 263
[DEBUG] found 3 raw contours
[DEBUG] kept 3 candidates after filtering
[DEBUG] roi_desc = {'type': 'polygon', 'polygon': [(329.0, 318.0), (351.0, 301.0), (373.0, 280.0), (395.0, 264.0), (410.0, 237.0), (399.0, 194.0), (357.0, 161.0), (310.0, 167.0), (271.0, 175.0), (237.0, 188.0), (221.0, 208.0), (219.0, 222.0), (219.0, 239.0), (234.0, 245.0), (249.0, 255.0), (260.0, 269.0), (286.0, 288.0), (303.0, 300.0), (314.0, 310.0), (321.0, 313.0)]}
[DEBUG] mask nonzero = 261
[DEBUG] found 3 raw contours
[DEBUG] kept 3 candidates after filtering
[DEBUG] roi_desc = {'type': 'polygon', 'polygon': [(329.0, 318.0), (351.0, 301.0), (373.0, 280.0), (395.0, 264.0), (410.0, 237.0), (399.0, 194.0), (357.0, 161.0), (310.0, 167.0), (271.0, 175.0), (237.0, 188.0), (221.0, 208.0), (219.0, 222.0), (219.0, 239.0), (234.0, 245.0), (249.0, 255.0), (260.0, 269.0), (286.0, 288.0), (303.0, 300.0), (314.0, 310.0), (321.0, 313.0)]}
[DEBUG] mask nonzero = 253
[DEBUG] found 3 raw contours
[DEBUG] kept 3 candidates after filtering
[DEBUG] roi_desc = {'type': 'polygon', 'polygon': [(329.0, 318.0), (351.0, 301.0), (373.0, 280.0), (395.0, 264.0), (410.0, 237.0), (399.0, 194.0), (357.0, 161.0), (310.0, 167.0), (271.0, 175.0), (237.0, 188.0), (221.0, 208.0), (219.0, 222.0), (219.0, 239.0), (234.0, 245.0), (249.0, 255.0), (260.0, 269.0), (286.0, 288.0), (303.0, 300.0), (314.0, 310.0), (321.0, 313.0)]}
[DEBUG] mask nonzero = 267
[DEBUG] found 3 raw contours
[DEBUG] kept 3 candidates after filtering
[DEBUG] roi_desc = {'type': 'polygon', 'polygon': [(329.0, 318.0), (351.0, 301.0), (373.0, 280.0), (395.0, 264.0), (410.0, 237.0), (399.0, 194.0), (357.0, 161.0), (310.0, 167.0), (271.0, 175.0), (237.0, 188.0), (221.0, 208.0), (219.0, 222.0), (219.0, 239.0), (234.0, 245.0), (249.0, 255.0), (260.0, 269.0), (286.0, 288.0), (303.0, 300.0), (314.0, 310.0), (321.0, 313.0)]}
[DEBUG] mask nonzero = 262
[DEBUG] found 3 raw contours
[DEBUG] kept 3 candidates after filtering
[DEBUG] roi_desc = {'type': 'polygon', 'polygon': [(329.0, 318.0), (351.0, 301.0), (373.0, 280.0), (395.0, 264.0), (410.0, 237.0), (399.0, 194.0), (357.0, 161.0), (310.0, 167.0), (271.0, 175.0), (237.0, 188.0), (221.0, 208.0), (219.0, 222.0), (219.0, 239.0), (234.0, 245.0), (249.0, 255.0), (260.0, 269.0), (286.0, 288.0), (303.0, 300.0), (314.0, 310.0), (321.0, 313.0)]}
[DEBUG] mask nonzero = 265
[DEBUG] found 3 raw contours
[DEBUG] kept 3 candidates after filtering
[beam] iter 0: 30.0 mm (target 30, err -0.0)
[worker] beam 30.0 mm; running mpc_lti
[path] LIVE (servoJ per tick)  control @ 10.0 Hz  ref=plan_dir
[path] log -> /home/jack/Proper-Research/close_loop_logs/compare_tri/runs/lti_rep1_20260910T131928Z/path_follow.jsonl
[path] T_R_B  B.x(axial)=[-1.0, 0.0, 0.0]  B.y(sideways)=[0.0, 1.0, 0.0]  B.z(camera)=[0.0, 0.0, -1.0]
[path] advancer LIVE on /dev/ttyACM0
[path] camera + reader up; waiting for first tip + joints...
[path] planner->R fit: |t_fit|=0.000 m, det(R_fit)=+1.000
[path]   plan des[0] [495.5, -670.2, -16.6] mm  des[-1] [495.5, -670.2, -16.6] mm  (robot frame)
[path] loaded plan reference: 132 samples, 13.1s, source='/home/jack/Proper-Research/plans/triangle_8mm_2026-09-10/time_parameterized_configuration_path/time_parameterized_configuration_path.csv'
[path] start tip (mm) = [495.54, -670.18, -16.57]
[path] ref[0]     (mm) = [495.54, -670.18, -16.57]
[path] ref[-1]    (mm) = [495.54, -670.18, -16.57]
[path] building analytic beam Jacobian (forward-model solve + FK)...
[INIT] L_ins=0.040 -> L_model=0.040, wire_len=0.000, tip_len=0.040


tip position         : [ 0.79019416 -0.69343739 -0.09999488]
base position        : [ 0.82813282 -0.68127317 -0.1       ]
tip deflection       : [-3.79386605e-02 -1.21642204e-02  5.11584569e-06]
tip deflection norm  : 3.984106e-02



max violation        : 1.912274e-02

[path] model magnet in B = [+280, -0, -0] mm (coaxial: B.y/B.z ~0 -> magnet on the beam axis, ~280 mm ahead)
[path] |d(tip)/d(magnet)| per axis  B.z/out=0.005  B.y/in-plane=0.075  B.x/axial=0.075 mm/mm (axial should be ~0 for a coaxial axial-dipole magnet)
[path] ===== FROZEN BEAM JACOBIAN  d(tip_R xyz)/d[q1..q6, insertion] =====
[path] rows = tip R.x, R.y, R.z   cols = q1..q6 (rad), insertion (m)
[path]   R.x: [ 0.00231 -0.00006 -0.00147 -0.00076  0.00075 -0.00078 -0.99782]
[path]   R.y: [ 0.05097 -0.00359 -0.03427 -0.0177   0.01688 -0.01719  0.06698]
[path]   R.z: [ 0.00019  0.09661  0.07988  0.04368 -0.01113  0.00061  0.00169]
[path] --- J = J_beam[:, 0:3] @ Jv_robot ,  J[:,6] = J_beam[:,6] ---
[path] J_beam (3x7) d(tip)/d[magnet_xyz(3), magnet_rot(3), insertion]:
[path]   R.x: [ 0.00021  0.00342  0.00008  0.      -0.00001  0.00029 -0.99782]
[path]   R.y: [ 0.00478  0.0752  -0.      -0.00002 -0.       0.00636  0.06698]
[path]   R.z: [ 0.00016 -0.       0.07481  0.0011  -0.00627  0.       0.00169]
[path] Jv_robot (3x6) d(TCP_pos)/d(q):
[path]   R.x: [ 1.18708  0.04471  0.41678  0.21868  0.23479 -0.45275]
[path]   R.y: [ 0.60227 -0.05054 -0.48219 -0.24931  0.20953 -0.19984]
[path]   R.z: [ 0.       1.29127  1.06687  0.58341 -0.14931  0.00918]
[path] ================================================================
[path] cond(J[:, :6]) = 26203.83
[path] using external Jacobian schedule (132, 3, 7)
[path] controller = mpc_lti (horizon=30, freeze@0); closing the loop
Polishing not needed - no active set detected at optimal point
Polishing not needed - no active set detected at optimal point
[  10] ref=   9/131 |e|=  0.10mm e=[ -0.09  +0.03  +0.00] |qd|=0.0933 ins= 31.5mm
[  20] ref=  19/131 |e|=  0.21mm e=[ +0.21  +0.00  +0.00] |qd|=0.1264 ins= 33.0mm
[  30] ref=  29/131 |e|=  0.79mm e=[ +0.49  +0.62  +0.00] |qd|=0.1758 ins= 34.5mm
[  40] ref=  39/131 |e|=  1.42mm e=[ +0.41  +1.36  +0.00] |qd|=0.2045 ins= 36.1mm
[  50] ref=  49/131 |e|=  2.27mm e=[ -0.37  +2.24  +0.00] |qd|=0.2053 ins= 37.6mm
[  60] ref=  59/131 |e|=  0.64mm e=[ +0.61  -0.21  +0.00] |qd|=0.0760 ins= 38.6mm
[  70] ref=  69/131 |e|=  1.39mm e=[ +0.71  -1.20  +0.00] |qd|=0.1654 ins= 38.2mm
[  80] ref=  79/131 |e|=  2.82mm e=[ +0.18  -2.82  +0.00] |qd|=0.2117 ins= 38.1mm
[  90] ref=  89/131 |e|=  2.43mm e=[ +1.05  -2.19  +0.00] |qd|=0.2189 ins= 36.2mm
[ 100] ref=  99/131 |e|=  1.10mm e=[ +0.97  -0.51  +0.00] |qd|=0.1742 ins= 34.7mm
[ 110] ref= 109/131 |e|=  0.94mm e=[ +0.94  +0.07  +0.00] |qd|=0.1272 ins= 33.1mm
[ 120] ref= 119/131 |e|=  0.48mm e=[ +0.48  -0.01  +0.00] |qd|=0.1003 ins= 31.6mm
[ 130] ref= 129/131 |e|=  0.61mm e=[ +0.13  +0.60  +0.00] |qd|=0.1065 ins= 30.1mm
[ 135] ref= 131/131 |e|=  0.23mm e=[ -0.18  +0.15  +0.00] |qd|=0.1037 ins= 30.1mm TERM
[ 140] ref= 131/131 |e|=  0.56mm e=[ -0.18  +0.53  +0.00] |qd|=0.1052 ins= 30.1mm TERM
[ 145] ref= 131/131 |e|=  0.33mm e=[ -0.15  +0.29  +0.00] |qd|=0.1036 ins= 30.1mm TERM
[ 150] ref= 131/131 |e|=  0.30mm e=[ -0.21  +0.22  +0.00] |qd|=0.1035 ins= 30.1mm TERM
[path] wrote /home/jack/Proper-Research/close_loop_logs/compare_tri/runs/lti_rep1_20260910T131928Z/path_follow_plot.png

=== PATH-FOLLOW SUMMARY ===
  timestamp_utc           : 2026-09-10T13:20:13.744059+00:00
  stop_reason             : path_complete
  control_steps           : 152
  started_moving          : True
  reference_samples       : 132
  jacobian_condition      : 26203.83
  final_error_mm          : 0.545
  max_error_mm            : 2.905
  vision_detection_failures: 0
  log                     : /home/jack/Proper-Research/close_loop_logs/compare_tri/runs/lti_rep1_20260910T131928Z/path_follow.jsonl
  csv                     : /home/jack/Proper-Research/close_loop_logs/compare_tri/runs/lti_rep1_20260910T131928Z/tip_trajectory.csv
  plot                    : /home/jack/Proper-Research/close_loop_logs/compare_tri/runs/lti_rep1_20260910T131928Z/path_follow_plot.png
[metrics] mpc_lti rep1: rms=1.35 max=2.90 hold=0.41 final=0.55 mm (path_complete)

========================================================================
  rep 1/3   mpc_ltv_offline
========================================================================
[compare] settle 30s (RTDE)...
[reset] at reference joints (dq=0.0002)
[DEBUG] roi_desc = {'type': 'polygon', 'polygon': [(329.0, 318.0), (351.0, 301.0), (373.0, 280.0), (395.0, 264.0), (410.0, 237.0), (399.0, 194.0), (357.0, 161.0), (310.0, 167.0), (271.0, 175.0), (237.0, 188.0), (221.0, 208.0), (219.0, 222.0), (219.0, 239.0), (234.0, 245.0), (249.0, 255.0), (260.0, 269.0), (286.0, 288.0), (303.0, 300.0), (314.0, 310.0), (321.0, 313.0)]}
[DEBUG] mask nonzero = 262
[DEBUG] found 3 raw contours
[DEBUG] kept 3 candidates after filtering
[DEBUG] roi_desc = {'type': 'polygon', 'polygon': [(329.0, 318.0), (351.0, 301.0), (373.0, 280.0), (395.0, 264.0), (410.0, 237.0), (399.0, 194.0), (357.0, 161.0), (310.0, 167.0), (271.0, 175.0), (237.0, 188.0), (221.0, 208.0), (219.0, 222.0), (219.0, 239.0), (234.0, 245.0), (249.0, 255.0), (260.0, 269.0), (286.0, 288.0), (303.0, 300.0), (314.0, 310.0), (321.0, 313.0)]}
[DEBUG] mask nonzero = 263
[DEBUG] found 3 raw contours
[DEBUG] kept 3 candidates after filtering
[DEBUG] roi_desc = {'type': 'polygon', 'polygon': [(329.0, 318.0), (351.0, 301.0), (373.0, 280.0), (395.0, 264.0), (410.0, 237.0), (399.0, 194.0), (357.0, 161.0), (310.0, 167.0), (271.0, 175.0), (237.0, 188.0), (221.0, 208.0), (219.0, 222.0), (219.0, 239.0), (234.0, 245.0), (249.0, 255.0), (260.0, 269.0), (286.0, 288.0), (303.0, 300.0), (314.0, 310.0), (321.0, 313.0)]}
[DEBUG] mask nonzero = 259
[DEBUG] found 3 raw contours
[DEBUG] kept 3 candidates after filtering
[DEBUG] roi_desc = {'type': 'polygon', 'polygon': [(329.0, 318.0), (351.0, 301.0), (373.0, 280.0), (395.0, 264.0), (410.0, 237.0), (399.0, 194.0), (357.0, 161.0), (310.0, 167.0), (271.0, 175.0), (237.0, 188.0), (221.0, 208.0), (219.0, 222.0), (219.0, 239.0), (234.0, 245.0), (249.0, 255.0), (260.0, 269.0), (286.0, 288.0), (303.0, 300.0), (314.0, 310.0), (321.0, 313.0)]}
[DEBUG] mask nonzero = 264
[DEBUG] found 3 raw contours
[DEBUG] kept 3 candidates after filtering
[DEBUG] roi_desc = {'type': 'polygon', 'polygon': [(329.0, 318.0), (351.0, 301.0), (373.0, 280.0), (395.0, 264.0), (410.0, 237.0), (399.0, 194.0), (357.0, 161.0), (310.0, 167.0), (271.0, 175.0), (237.0, 188.0), (221.0, 208.0), (219.0, 222.0), (219.0, 239.0), (234.0, 245.0), (249.0, 255.0), (260.0, 269.0), (286.0, 288.0), (303.0, 300.0), (314.0, 310.0), (321.0, 313.0)]}
[DEBUG] mask nonzero = 265
[DEBUG] found 3 raw contours
[DEBUG] kept 3 candidates after filtering
[DEBUG] roi_desc = {'type': 'polygon', 'polygon': [(329.0, 318.0), (351.0, 301.0), (373.0, 280.0), (395.0, 264.0), (410.0, 237.0), (399.0, 194.0), (357.0, 161.0), (310.0, 167.0), (271.0, 175.0), (237.0, 188.0), (221.0, 208.0), (219.0, 222.0), (219.0, 239.0), (234.0, 245.0), (249.0, 255.0), (260.0, 269.0), (286.0, 288.0), (303.0, 300.0), (314.0, 310.0), (321.0, 313.0)]}
[DEBUG] mask nonzero = 270
[DEBUG] found 3 raw contours
[DEBUG] kept 3 candidates after filtering
[DEBUG] roi_desc = {'type': 'polygon', 'polygon': [(329.0, 318.0), (351.0, 301.0), (373.0, 280.0), (395.0, 264.0), (410.0, 237.0), (399.0, 194.0), (357.0, 161.0), (310.0, 167.0), (271.0, 175.0), (237.0, 188.0), (221.0, 208.0), (219.0, 222.0), (219.0, 239.0), (234.0, 245.0), (249.0, 255.0), (260.0, 269.0), (286.0, 288.0), (303.0, 300.0), (314.0, 310.0), (321.0, 313.0)]}
[DEBUG] mask nonzero = 259
[DEBUG] found 3 raw contours
[DEBUG] kept 3 candidates after filtering
[DEBUG] roi_desc = {'type': 'polygon', 'polygon': [(329.0, 318.0), (351.0, 301.0), (373.0, 280.0), (395.0, 264.0), (410.0, 237.0), (399.0, 194.0), (357.0, 161.0), (310.0, 167.0), (271.0, 175.0), (237.0, 188.0), (221.0, 208.0), (219.0, 222.0), (219.0, 239.0), (234.0, 245.0), (249.0, 255.0), (260.0, 269.0), (286.0, 288.0), (303.0, 300.0), (314.0, 310.0), (321.0, 313.0)]}
[DEBUG] mask nonzero = 263
[DEBUG] found 3 raw contours
[DEBUG] kept 3 candidates after filtering
[DEBUG] roi_desc = {'type': 'polygon', 'polygon': [(329.0, 318.0), (351.0, 301.0), (373.0, 280.0), (395.0, 264.0), (410.0, 237.0), (399.0, 194.0), (357.0, 161.0), (310.0, 167.0), (271.0, 175.0), (237.0, 188.0), (221.0, 208.0), (219.0, 222.0), (219.0, 239.0), (234.0, 245.0), (249.0, 255.0), (260.0, 269.0), (286.0, 288.0), (303.0, 300.0), (314.0, 310.0), (321.0, 313.0)]}
[DEBUG] mask nonzero = 261
[DEBUG] found 3 raw contours
[DEBUG] kept 3 candidates after filtering
[DEBUG] roi_desc = {'type': 'polygon', 'polygon': [(329.0, 318.0), (351.0, 301.0), (373.0, 280.0), (395.0, 264.0), (410.0, 237.0), (399.0, 194.0), (357.0, 161.0), (310.0, 167.0), (271.0, 175.0), (237.0, 188.0), (221.0, 208.0), (219.0, 222.0), (219.0, 239.0), (234.0, 245.0), (249.0, 255.0), (260.0, 269.0), (286.0, 288.0), (303.0, 300.0), (314.0, 310.0), (321.0, 313.0)]}
[DEBUG] mask nonzero = 263
[DEBUG] found 3 raw contours
[DEBUG] kept 3 candidates after filtering
[DEBUG] roi_desc = {'type': 'polygon', 'polygon': [(329.0, 318.0), (351.0, 301.0), (373.0, 280.0), (395.0, 264.0), (410.0, 237.0), (399.0, 194.0), (357.0, 161.0), (310.0, 167.0), (271.0, 175.0), (237.0, 188.0), (221.0, 208.0), (219.0, 222.0), (219.0, 239.0), (234.0, 245.0), (249.0, 255.0), (260.0, 269.0), (286.0, 288.0), (303.0, 300.0), (314.0, 310.0), (321.0, 313.0)]}
[DEBUG] mask nonzero = 259
[DEBUG] found 3 raw contours
[DEBUG] kept 3 candidates after filtering
[DEBUG] roi_desc = {'type': 'polygon', 'polygon': [(329.0, 318.0), (351.0, 301.0), (373.0, 280.0), (395.0, 264.0), (410.0, 237.0), (399.0, 194.0), (357.0, 161.0), (310.0, 167.0), (271.0, 175.0), (237.0, 188.0), (221.0, 208.0), (219.0, 222.0), (219.0, 239.0), (234.0, 245.0), (249.0, 255.0), (260.0, 269.0), (286.0, 288.0), (303.0, 300.0), (314.0, 310.0), (321.0, 313.0)]}
[DEBUG] mask nonzero = 265
[DEBUG] found 3 raw contours
[DEBUG] kept 3 candidates after filtering
[DEBUG] roi_desc = {'type': 'polygon', 'polygon': [(329.0, 318.0), (351.0, 301.0), (373.0, 280.0), (395.0, 264.0), (410.0, 237.0), (399.0, 194.0), (357.0, 161.0), (310.0, 167.0), (271.0, 175.0), (237.0, 188.0), (221.0, 208.0), (219.0, 222.0), (219.0, 239.0), (234.0, 245.0), (249.0, 255.0), (260.0, 269.0), (286.0, 288.0), (303.0, 300.0), (314.0, 310.0), (321.0, 313.0)]}
[DEBUG] mask nonzero = 268
[DEBUG] found 3 raw contours
[DEBUG] kept 3 candidates after filtering
[DEBUG] roi_desc = {'type': 'polygon', 'polygon': [(329.0, 318.0), (351.0, 301.0), (373.0, 280.0), (395.0, 264.0), (410.0, 237.0), (399.0, 194.0), (357.0, 161.0), (310.0, 167.0), (271.0, 175.0), (237.0, 188.0), (221.0, 208.0), (219.0, 222.0), (219.0, 239.0), (234.0, 245.0), (249.0, 255.0), (260.0, 269.0), (286.0, 288.0), (303.0, 300.0), (314.0, 310.0), (321.0, 313.0)]}
[DEBUG] mask nonzero = 272
[DEBUG] found 3 raw contours
[DEBUG] kept 3 candidates after filtering
[DEBUG] roi_desc = {'type': 'polygon', 'polygon': [(329.0, 318.0), (351.0, 301.0), (373.0, 280.0), (395.0, 264.0), (410.0, 237.0), (399.0, 194.0), (357.0, 161.0), (310.0, 167.0), (271.0, 175.0), (237.0, 188.0), (221.0, 208.0), (219.0, 222.0), (219.0, 239.0), (234.0, 245.0), (249.0, 255.0), (260.0, 269.0), (286.0, 288.0), (303.0, 300.0), (314.0, 310.0), (321.0, 313.0)]}
[DEBUG] mask nonzero = 258
[DEBUG] found 3 raw contours
[DEBUG] kept 3 candidates after filtering
[DEBUG] roi_desc = {'type': 'polygon', 'polygon': [(329.0, 318.0), (351.0, 301.0), (373.0, 280.0), (395.0, 264.0), (410.0, 237.0), (399.0, 194.0), (357.0, 161.0), (310.0, 167.0), (271.0, 175.0), (237.0, 188.0), (221.0, 208.0), (219.0, 222.0), (219.0, 239.0), (234.0, 245.0), (249.0, 255.0), (260.0, 269.0), (286.0, 288.0), (303.0, 300.0), (314.0, 310.0), (321.0, 313.0)]}
[DEBUG] mask nonzero = 258
[DEBUG] found 3 raw contours
[DEBUG] kept 3 candidates after filtering
[DEBUG] roi_desc = {'type': 'polygon', 'polygon': [(329.0, 318.0), (351.0, 301.0), (373.0, 280.0), (395.0, 264.0), (410.0, 237.0), (399.0, 194.0), (357.0, 161.0), (310.0, 167.0), (271.0, 175.0), (237.0, 188.0), (221.0, 208.0), (219.0, 222.0), (219.0, 239.0), (234.0, 245.0), (249.0, 255.0), (260.0, 269.0), (286.0, 288.0), (303.0, 300.0), (314.0, 310.0), (321.0, 313.0)]}
[DEBUG] mask nonzero = 270
[DEBUG] found 3 raw contours
[DEBUG] kept 3 candidates after filtering
[DEBUG] roi_desc = {'type': 'polygon', 'polygon': [(329.0, 318.0), (351.0, 301.0), (373.0, 280.0), (395.0, 264.0), (410.0, 237.0), (399.0, 194.0), (357.0, 161.0), (310.0, 167.0), (271.0, 175.0), (237.0, 188.0), (221.0, 208.0), (219.0, 222.0), (219.0, 239.0), (234.0, 245.0), (249.0, 255.0), (260.0, 269.0), (286.0, 288.0), (303.0, 300.0), (314.0, 310.0), (321.0, 313.0)]}
[DEBUG] mask nonzero = 267
[DEBUG] found 3 raw contours
[DEBUG] kept 3 candidates after filtering
[DEBUG] roi_desc = {'type': 'polygon', 'polygon': [(329.0, 318.0), (351.0, 301.0), (373.0, 280.0), (395.0, 264.0), (410.0, 237.0), (399.0, 194.0), (357.0, 161.0), (310.0, 167.0), (271.0, 175.0), (237.0, 188.0), (221.0, 208.0), (219.0, 222.0), (219.0, 239.0), (234.0, 245.0), (249.0, 255.0), (260.0, 269.0), (286.0, 288.0), (303.0, 300.0), (314.0, 310.0), (321.0, 313.0)]}
[DEBUG] mask nonzero = 268
[DEBUG] found 3 raw contours
[DEBUG] kept 3 candidates after filtering
[DEBUG] roi_desc = {'type': 'polygon', 'polygon': [(329.0, 318.0), (351.0, 301.0), (373.0, 280.0), (395.0, 264.0), (410.0, 237.0), (399.0, 194.0), (357.0, 161.0), (310.0, 167.0), (271.0, 175.0), (237.0, 188.0), (221.0, 208.0), (219.0, 222.0), (219.0, 239.0), (234.0, 245.0), (249.0, 255.0), (260.0, 269.0), (286.0, 288.0), (303.0, 300.0), (314.0, 310.0), (321.0, 313.0)]}
[DEBUG] mask nonzero = 263
[DEBUG] found 3 raw contours
[DEBUG] kept 3 candidates after filtering
[DEBUG] roi_desc = {'type': 'polygon', 'polygon': [(329.0, 318.0), (351.0, 301.0), (373.0, 280.0), (395.0, 264.0), (410.0, 237.0), (399.0, 194.0), (357.0, 161.0), (310.0, 167.0), (271.0, 175.0), (237.0, 188.0), (221.0, 208.0), (219.0, 222.0), (219.0, 239.0), (234.0, 245.0), (249.0, 255.0), (260.0, 269.0), (286.0, 288.0), (303.0, 300.0), (314.0, 310.0), (321.0, 313.0)]}
[DEBUG] mask nonzero = 260
[DEBUG] found 3 raw contours
[DEBUG] kept 3 candidates after filtering
[DEBUG] roi_desc = {'type': 'polygon', 'polygon': [(329.0, 318.0), (351.0, 301.0), (373.0, 280.0), (395.0, 264.0), (410.0, 237.0), (399.0, 194.0), (357.0, 161.0), (310.0, 167.0), (271.0, 175.0), (237.0, 188.0), (221.0, 208.0), (219.0, 222.0), (219.0, 239.0), (234.0, 245.0), (249.0, 255.0), (260.0, 269.0), (286.0, 288.0), (303.0, 300.0), (314.0, 310.0), (321.0, 313.0)]}
[DEBUG] mask nonzero = 266
[DEBUG] found 3 raw contours
[DEBUG] kept 3 candidates after filtering
[DEBUG] roi_desc = {'type': 'polygon', 'polygon': [(329.0, 318.0), (351.0, 301.0), (373.0, 280.0), (395.0, 264.0), (410.0, 237.0), (399.0, 194.0), (357.0, 161.0), (310.0, 167.0), (271.0, 175.0), (237.0, 188.0), (221.0, 208.0), (219.0, 222.0), (219.0, 239.0), (234.0, 245.0), (249.0, 255.0), (260.0, 269.0), (286.0, 288.0), (303.0, 300.0), (314.0, 310.0), (321.0, 313.0)]}
[DEBUG] mask nonzero = 265
[DEBUG] found 3 raw contours
[DEBUG] kept 3 candidates after filtering
[DEBUG] roi_desc = {'type': 'polygon', 'polygon': [(329.0, 318.0), (351.0, 301.0), (373.0, 280.0), (395.0, 264.0), (410.0, 237.0), (399.0, 194.0), (357.0, 161.0), (310.0, 167.0), (271.0, 175.0), (237.0, 188.0), (221.0, 208.0), (219.0, 222.0), (219.0, 239.0), (234.0, 245.0), (249.0, 255.0), (260.0, 269.0), (286.0, 288.0), (303.0, 300.0), (314.0, 310.0), (321.0, 313.0)]}
[DEBUG] mask nonzero = 265
[DEBUG] found 3 raw contours
[DEBUG] kept 3 candidates after filtering
[DEBUG] roi_desc = {'type': 'polygon', 'polygon': [(329.0, 318.0), (351.0, 301.0), (373.0, 280.0), (395.0, 264.0), (410.0, 237.0), (399.0, 194.0), (357.0, 161.0), (310.0, 167.0), (271.0, 175.0), (237.0, 188.0), (221.0, 208.0), (219.0, 222.0), (219.0, 239.0), (234.0, 245.0), (249.0, 255.0), (260.0, 269.0), (286.0, 288.0), (303.0, 300.0), (314.0, 310.0), (321.0, 313.0)]}
[DEBUG] mask nonzero = 261
[DEBUG] found 3 raw contours
[DEBUG] kept 3 candidates after filtering
[DEBUG] roi_desc = {'type': 'polygon', 'polygon': [(329.0, 318.0), (351.0, 301.0), (373.0, 280.0), (395.0, 264.0), (410.0, 237.0), (399.0, 194.0), (357.0, 161.0), (310.0, 167.0), (271.0, 175.0), (237.0, 188.0), (221.0, 208.0), (219.0, 222.0), (219.0, 239.0), (234.0, 245.0), (249.0, 255.0), (260.0, 269.0), (286.0, 288.0), (303.0, 300.0), (314.0, 310.0), (321.0, 313.0)]}
[DEBUG] mask nonzero = 265
[DEBUG] found 3 raw contours
[DEBUG] kept 3 candidates after filtering
[DEBUG] roi_desc = {'type': 'polygon', 'polygon': [(329.0, 318.0), (351.0, 301.0), (373.0, 280.0), (395.0, 264.0), (410.0, 237.0), (399.0, 194.0), (357.0, 161.0), (310.0, 167.0), (271.0, 175.0), (237.0, 188.0), (221.0, 208.0), (219.0, 222.0), (219.0, 239.0), (234.0, 245.0), (249.0, 255.0), (260.0, 269.0), (286.0, 288.0), (303.0, 300.0), (314.0, 310.0), (321.0, 313.0)]}
[DEBUG] mask nonzero = 257
[DEBUG] found 3 raw contours
[DEBUG] kept 3 candidates after filtering
[DEBUG] roi_desc = {'type': 'polygon', 'polygon': [(329.0, 318.0), (351.0, 301.0), (373.0, 280.0), (395.0, 264.0), (410.0, 237.0), (399.0, 194.0), (357.0, 161.0), (310.0, 167.0), (271.0, 175.0), (237.0, 188.0), (221.0, 208.0), (219.0, 222.0), (219.0, 239.0), (234.0, 245.0), (249.0, 255.0), (260.0, 269.0), (286.0, 288.0), (303.0, 300.0), (314.0, 310.0), (321.0, 313.0)]}
[DEBUG] mask nonzero = 258
[DEBUG] found 3 raw contours
[DEBUG] kept 3 candidates after filtering
[DEBUG] roi_desc = {'type': 'polygon', 'polygon': [(329.0, 318.0), (351.0, 301.0), (373.0, 280.0), (395.0, 264.0), (410.0, 237.0), (399.0, 194.0), (357.0, 161.0), (310.0, 167.0), (271.0, 175.0), (237.0, 188.0), (221.0, 208.0), (219.0, 222.0), (219.0, 239.0), (234.0, 245.0), (249.0, 255.0), (260.0, 269.0), (286.0, 288.0), (303.0, 300.0), (314.0, 310.0), (321.0, 313.0)]}
[DEBUG] mask nonzero = 258
[DEBUG] found 3 raw contours
[DEBUG] kept 3 candidates after filtering
[DEBUG] roi_desc = {'type': 'polygon', 'polygon': [(329.0, 318.0), (351.0, 301.0), (373.0, 280.0), (395.0, 264.0), (410.0, 237.0), (399.0, 194.0), (357.0, 161.0), (310.0, 167.0), (271.0, 175.0), (237.0, 188.0), (221.0, 208.0), (219.0, 222.0), (219.0, 239.0), (234.0, 245.0), (249.0, 255.0), (260.0, 269.0), (286.0, 288.0), (303.0, 300.0), (314.0, 310.0), (321.0, 313.0)]}
[DEBUG] mask nonzero = 259
[DEBUG] found 3 raw contours
[DEBUG] kept 3 candidates after filtering
[DEBUG] roi_desc = {'type': 'polygon', 'polygon': [(329.0, 318.0), (351.0, 301.0), (373.0, 280.0), (395.0, 264.0), (410.0, 237.0), (399.0, 194.0), (357.0, 161.0), (310.0, 167.0), (271.0, 175.0), (237.0, 188.0), (221.0, 208.0), (219.0, 222.0), (219.0, 239.0), (234.0, 245.0), (249.0, 255.0), (260.0, 269.0), (286.0, 288.0), (303.0, 300.0), (314.0, 310.0), (321.0, 313.0)]}
[DEBUG] mask nonzero = 260
[DEBUG] found 3 raw contours
[DEBUG] kept 3 candidates after filtering
[DEBUG] roi_desc = {'type': 'polygon', 'polygon': [(329.0, 318.0), (351.0, 301.0), (373.0, 280.0), (395.0, 264.0), (410.0, 237.0), (399.0, 194.0), (357.0, 161.0), (310.0, 167.0), (271.0, 175.0), (237.0, 188.0), (221.0, 208.0), (219.0, 222.0), (219.0, 239.0), (234.0, 245.0), (249.0, 255.0), (260.0, 269.0), (286.0, 288.0), (303.0, 300.0), (314.0, 310.0), (321.0, 313.0)]}
[DEBUG] mask nonzero = 262
[DEBUG] found 3 raw contours
[DEBUG] kept 3 candidates after filtering
[DEBUG] roi_desc = {'type': 'polygon', 'polygon': [(329.0, 318.0), (351.0, 301.0), (373.0, 280.0), (395.0, 264.0), (410.0, 237.0), (399.0, 194.0), (357.0, 161.0), (310.0, 167.0), (271.0, 175.0), (237.0, 188.0), (221.0, 208.0), (219.0, 222.0), (219.0, 239.0), (234.0, 245.0), (249.0, 255.0), (260.0, 269.0), (286.0, 288.0), (303.0, 300.0), (314.0, 310.0), (321.0, 313.0)]}
[DEBUG] mask nonzero = 253
[DEBUG] found 3 raw contours
[DEBUG] kept 3 candidates after filtering
[DEBUG] roi_desc = {'type': 'polygon', 'polygon': [(329.0, 318.0), (351.0, 301.0), (373.0, 280.0), (395.0, 264.0), (410.0, 237.0), (399.0, 194.0), (357.0, 161.0), (310.0, 167.0), (271.0, 175.0), (237.0, 188.0), (221.0, 208.0), (219.0, 222.0), (219.0, 239.0), (234.0, 245.0), (249.0, 255.0), (260.0, 269.0), (286.0, 288.0), (303.0, 300.0), (314.0, 310.0), (321.0, 313.0)]}
[DEBUG] mask nonzero = 264
[DEBUG] found 3 raw contours
[DEBUG] kept 3 candidates after filtering
[DEBUG] roi_desc = {'type': 'polygon', 'polygon': [(329.0, 318.0), (351.0, 301.0), (373.0, 280.0), (395.0, 264.0), (410.0, 237.0), (399.0, 194.0), (357.0, 161.0), (310.0, 167.0), (271.0, 175.0), (237.0, 188.0), (221.0, 208.0), (219.0, 222.0), (219.0, 239.0), (234.0, 245.0), (249.0, 255.0), (260.0, 269.0), (286.0, 288.0), (303.0, 300.0), (314.0, 310.0), (321.0, 313.0)]}
[DEBUG] mask nonzero = 262
[DEBUG] found 3 raw contours
[DEBUG] kept 3 candidates after filtering
[DEBUG] roi_desc = {'type': 'polygon', 'polygon': [(329.0, 318.0), (351.0, 301.0), (373.0, 280.0), (395.0, 264.0), (410.0, 237.0), (399.0, 194.0), (357.0, 161.0), (310.0, 167.0), (271.0, 175.0), (237.0, 188.0), (221.0, 208.0), (219.0, 222.0), (219.0, 239.0), (234.0, 245.0), (249.0, 255.0), (260.0, 269.0), (286.0, 288.0), (303.0, 300.0), (314.0, 310.0), (321.0, 313.0)]}
[DEBUG] mask nonzero = 264
[DEBUG] found 3 raw contours
[DEBUG] kept 3 candidates after filtering
[DEBUG] roi_desc = {'type': 'polygon', 'polygon': [(329.0, 318.0), (351.0, 301.0), (373.0, 280.0), (395.0, 264.0), (410.0, 237.0), (399.0, 194.0), (357.0, 161.0), (310.0, 167.0), (271.0, 175.0), (237.0, 188.0), (221.0, 208.0), (219.0, 222.0), (219.0, 239.0), (234.0, 245.0), (249.0, 255.0), (260.0, 269.0), (286.0, 288.0), (303.0, 300.0), (314.0, 310.0), (321.0, 313.0)]}
[DEBUG] mask nonzero = 267
[DEBUG] found 3 raw contours
[DEBUG] kept 3 candidates after filtering
[DEBUG] roi_desc = {'type': 'polygon', 'polygon': [(329.0, 318.0), (351.0, 301.0), (373.0, 280.0), (395.0, 264.0), (410.0, 237.0), (399.0, 194.0), (357.0, 161.0), (310.0, 167.0), (271.0, 175.0), (237.0, 188.0), (221.0, 208.0), (219.0, 222.0), (219.0, 239.0), (234.0, 245.0), (249.0, 255.0), (260.0, 269.0), (286.0, 288.0), (303.0, 300.0), (314.0, 310.0), (321.0, 313.0)]}
[DEBUG] mask nonzero = 266
[DEBUG] found 3 raw contours
[DEBUG] kept 3 candidates after filtering
[DEBUG] roi_desc = {'type': 'polygon', 'polygon': [(329.0, 318.0), (351.0, 301.0), (373.0, 280.0), (395.0, 264.0), (410.0, 237.0), (399.0, 194.0), (357.0, 161.0), (310.0, 167.0), (271.0, 175.0), (237.0, 188.0), (221.0, 208.0), (219.0, 222.0), (219.0, 239.0), (234.0, 245.0), (249.0, 255.0), (260.0, 269.0), (286.0, 288.0), (303.0, 300.0), (314.0, 310.0), (321.0, 313.0)]}
[DEBUG] mask nonzero = 264
[DEBUG] found 3 raw contours
[DEBUG] kept 3 candidates after filtering
[DEBUG] roi_desc = {'type': 'polygon', 'polygon': [(329.0, 318.0), (351.0, 301.0), (373.0, 280.0), (395.0, 264.0), (410.0, 237.0), (399.0, 194.0), (357.0, 161.0), (310.0, 167.0), (271.0, 175.0), (237.0, 188.0), (221.0, 208.0), (219.0, 222.0), (219.0, 239.0), (234.0, 245.0), (249.0, 255.0), (260.0, 269.0), (286.0, 288.0), (303.0, 300.0), (314.0, 310.0), (321.0, 313.0)]}
[DEBUG] mask nonzero = 264
[DEBUG] found 3 raw contours
[DEBUG] kept 3 candidates after filtering
[DEBUG] roi_desc = {'type': 'polygon', 'polygon': [(329.0, 318.0), (351.0, 301.0), (373.0, 280.0), (395.0, 264.0), (410.0, 237.0), (399.0, 194.0), (357.0, 161.0), (310.0, 167.0), (271.0, 175.0), (237.0, 188.0), (221.0, 208.0), (219.0, 222.0), (219.0, 239.0), (234.0, 245.0), (249.0, 255.0), (260.0, 269.0), (286.0, 288.0), (303.0, 300.0), (314.0, 310.0), (321.0, 313.0)]}
[DEBUG] mask nonzero = 258
[DEBUG] found 3 raw contours
[DEBUG] kept 3 candidates after filtering
[DEBUG] roi_desc = {'type': 'polygon', 'polygon': [(329.0, 318.0), (351.0, 301.0), (373.0, 280.0), (395.0, 264.0), (410.0, 237.0), (399.0, 194.0), (357.0, 161.0), (310.0, 167.0), (271.0, 175.0), (237.0, 188.0), (221.0, 208.0), (219.0, 222.0), (219.0, 239.0), (234.0, 245.0), (249.0, 255.0), (260.0, 269.0), (286.0, 288.0), (303.0, 300.0), (314.0, 310.0), (321.0, 313.0)]}
[DEBUG] mask nonzero = 257
[DEBUG] found 3 raw contours
[DEBUG] kept 3 candidates after filtering
[DEBUG] roi_desc = {'type': 'polygon', 'polygon': [(329.0, 318.0), (351.0, 301.0), (373.0, 280.0), (395.0, 264.0), (410.0, 237.0), (399.0, 194.0), (357.0, 161.0), (310.0, 167.0), (271.0, 175.0), (237.0, 188.0), (221.0, 208.0), (219.0, 222.0), (219.0, 239.0), (234.0, 245.0), (249.0, 255.0), (260.0, 269.0), (286.0, 288.0), (303.0, 300.0), (314.0, 310.0), (321.0, 313.0)]}
[DEBUG] mask nonzero = 260
[DEBUG] found 3 raw contours
[DEBUG] kept 3 candidates after filtering
[DEBUG] roi_desc = {'type': 'polygon', 'polygon': [(329.0, 318.0), (351.0, 301.0), (373.0, 280.0), (395.0, 264.0), (410.0, 237.0), (399.0, 194.0), (357.0, 161.0), (310.0, 167.0), (271.0, 175.0), (237.0, 188.0), (221.0, 208.0), (219.0, 222.0), (219.0, 239.0), (234.0, 245.0), (249.0, 255.0), (260.0, 269.0), (286.0, 288.0), (303.0, 300.0), (314.0, 310.0), (321.0, 313.0)]}
[DEBUG] mask nonzero = 266
[DEBUG] found 3 raw contours
[DEBUG] kept 3 candidates after filtering
[DEBUG] roi_desc = {'type': 'polygon', 'polygon': [(329.0, 318.0), (351.0, 301.0), (373.0, 280.0), (395.0, 264.0), (410.0, 237.0), (399.0, 194.0), (357.0, 161.0), (310.0, 167.0), (271.0, 175.0), (237.0, 188.0), (221.0, 208.0), (219.0, 222.0), (219.0, 239.0), (234.0, 245.0), (249.0, 255.0), (260.0, 269.0), (286.0, 288.0), (303.0, 300.0), (314.0, 310.0), (321.0, 313.0)]}
[DEBUG] mask nonzero = 255
[DEBUG] found 3 raw contours
[DEBUG] kept 3 candidates after filtering
[DEBUG] roi_desc = {'type': 'polygon', 'polygon': [(329.0, 318.0), (351.0, 301.0), (373.0, 280.0), (395.0, 264.0), (410.0, 237.0), (399.0, 194.0), (357.0, 161.0), (310.0, 167.0), (271.0, 175.0), (237.0, 188.0), (221.0, 208.0), (219.0, 222.0), (219.0, 239.0), (234.0, 245.0), (249.0, 255.0), (260.0, 269.0), (286.0, 288.0), (303.0, 300.0), (314.0, 310.0), (321.0, 313.0)]}
[DEBUG] mask nonzero = 269
[DEBUG] found 3 raw contours
[DEBUG] kept 3 candidates after filtering
[DEBUG] roi_desc = {'type': 'polygon', 'polygon': [(329.0, 318.0), (351.0, 301.0), (373.0, 280.0), (395.0, 264.0), (410.0, 237.0), (399.0, 194.0), (357.0, 161.0), (310.0, 167.0), (271.0, 175.0), (237.0, 188.0), (221.0, 208.0), (219.0, 222.0), (219.0, 239.0), (234.0, 245.0), (249.0, 255.0), (260.0, 269.0), (286.0, 288.0), (303.0, 300.0), (314.0, 310.0), (321.0, 313.0)]}
[DEBUG] mask nonzero = 271
[DEBUG] found 3 raw contours
[DEBUG] kept 3 candidates after filtering
[DEBUG] roi_desc = {'type': 'polygon', 'polygon': [(329.0, 318.0), (351.0, 301.0), (373.0, 280.0), (395.0, 264.0), (410.0, 237.0), (399.0, 194.0), (357.0, 161.0), (310.0, 167.0), (271.0, 175.0), (237.0, 188.0), (221.0, 208.0), (219.0, 222.0), (219.0, 239.0), (234.0, 245.0), (249.0, 255.0), (260.0, 269.0), (286.0, 288.0), (303.0, 300.0), (314.0, 310.0), (321.0, 313.0)]}
[DEBUG] mask nonzero = 252
[DEBUG] found 3 raw contours
[DEBUG] kept 3 candidates after filtering
[DEBUG] roi_desc = {'type': 'polygon', 'polygon': [(329.0, 318.0), (351.0, 301.0), (373.0, 280.0), (395.0, 264.0), (410.0, 237.0), (399.0, 194.0), (357.0, 161.0), (310.0, 167.0), (271.0, 175.0), (237.0, 188.0), (221.0, 208.0), (219.0, 222.0), (219.0, 239.0), (234.0, 245.0), (249.0, 255.0), (260.0, 269.0), (286.0, 288.0), (303.0, 300.0), (314.0, 310.0), (321.0, 313.0)]}
[DEBUG] mask nonzero = 266
[DEBUG] found 3 raw contours
[DEBUG] kept 3 candidates after filtering
[DEBUG] roi_desc = {'type': 'polygon', 'polygon': [(329.0, 318.0), (351.0, 301.0), (373.0, 280.0), (395.0, 264.0), (410.0, 237.0), (399.0, 194.0), (357.0, 161.0), (310.0, 167.0), (271.0, 175.0), (237.0, 188.0), (221.0, 208.0), (219.0, 222.0), (219.0, 239.0), (234.0, 245.0), (249.0, 255.0), (260.0, 269.0), (286.0, 288.0), (303.0, 300.0), (314.0, 310.0), (321.0, 313.0)]}
[DEBUG] mask nonzero = 257
[DEBUG] found 3 raw contours
[DEBUG] kept 3 candidates after filtering
[DEBUG] roi_desc = {'type': 'polygon', 'polygon': [(329.0, 318.0), (351.0, 301.0), (373.0, 280.0), (395.0, 264.0), (410.0, 237.0), (399.0, 194.0), (357.0, 161.0), (310.0, 167.0), (271.0, 175.0), (237.0, 188.0), (221.0, 208.0), (219.0, 222.0), (219.0, 239.0), (234.0, 245.0), (249.0, 255.0), (260.0, 269.0), (286.0, 288.0), (303.0, 300.0), (314.0, 310.0), (321.0, 313.0)]}
[DEBUG] mask nonzero = 262
[DEBUG] found 3 raw contours
[DEBUG] kept 3 candidates after filtering
[DEBUG] roi_desc = {'type': 'polygon', 'polygon': [(329.0, 318.0), (351.0, 301.0), (373.0, 280.0), (395.0, 264.0), (410.0, 237.0), (399.0, 194.0), (357.0, 161.0), (310.0, 167.0), (271.0, 175.0), (237.0, 188.0), (221.0, 208.0), (219.0, 222.0), (219.0, 239.0), (234.0, 245.0), (249.0, 255.0), (260.0, 269.0), (286.0, 288.0), (303.0, 300.0), (314.0, 310.0), (321.0, 313.0)]}
[DEBUG] mask nonzero = 259
[DEBUG] found 3 raw contours
[DEBUG] kept 3 candidates after filtering
[DEBUG] roi_desc = {'type': 'polygon', 'polygon': [(329.0, 318.0), (351.0, 301.0), (373.0, 280.0), (395.0, 264.0), (410.0, 237.0), (399.0, 194.0), (357.0, 161.0), (310.0, 167.0), (271.0, 175.0), (237.0, 188.0), (221.0, 208.0), (219.0, 222.0), (219.0, 239.0), (234.0, 245.0), (249.0, 255.0), (260.0, 269.0), (286.0, 288.0), (303.0, 300.0), (314.0, 310.0), (321.0, 313.0)]}
[DEBUG] mask nonzero = 266
[DEBUG] found 3 raw contours
[DEBUG] kept 3 candidates after filtering
[DEBUG] roi_desc = {'type': 'polygon', 'polygon': [(329.0, 318.0), (351.0, 301.0), (373.0, 280.0), (395.0, 264.0), (410.0, 237.0), (399.0, 194.0), (357.0, 161.0), (310.0, 167.0), (271.0, 175.0), (237.0, 188.0), (221.0, 208.0), (219.0, 222.0), (219.0, 239.0), (234.0, 245.0), (249.0, 255.0), (260.0, 269.0), (286.0, 288.0), (303.0, 300.0), (314.0, 310.0), (321.0, 313.0)]}
[DEBUG] mask nonzero = 266
[DEBUG] found 3 raw contours
[DEBUG] kept 3 candidates after filtering
[DEBUG] roi_desc = {'type': 'polygon', 'polygon': [(329.0, 318.0), (351.0, 301.0), (373.0, 280.0), (395.0, 264.0), (410.0, 237.0), (399.0, 194.0), (357.0, 161.0), (310.0, 167.0), (271.0, 175.0), (237.0, 188.0), (221.0, 208.0), (219.0, 222.0), (219.0, 239.0), (234.0, 245.0), (249.0, 255.0), (260.0, 269.0), (286.0, 288.0), (303.0, 300.0), (314.0, 310.0), (321.0, 313.0)]}
[DEBUG] mask nonzero = 261
[DEBUG] found 3 raw contours
[DEBUG] kept 3 candidates after filtering
[DEBUG] roi_desc = {'type': 'polygon', 'polygon': [(329.0, 318.0), (351.0, 301.0), (373.0, 280.0), (395.0, 264.0), (410.0, 237.0), (399.0, 194.0), (357.0, 161.0), (310.0, 167.0), (271.0, 175.0), (237.0, 188.0), (221.0, 208.0), (219.0, 222.0), (219.0, 239.0), (234.0, 245.0), (249.0, 255.0), (260.0, 269.0), (286.0, 288.0), (303.0, 300.0), (314.0, 310.0), (321.0, 313.0)]}
[DEBUG] mask nonzero = 262
[DEBUG] found 3 raw contours
[DEBUG] kept 3 candidates after filtering
[DEBUG] roi_desc = {'type': 'polygon', 'polygon': [(329.0, 318.0), (351.0, 301.0), (373.0, 280.0), (395.0, 264.0), (410.0, 237.0), (399.0, 194.0), (357.0, 161.0), (310.0, 167.0), (271.0, 175.0), (237.0, 188.0), (221.0, 208.0), (219.0, 222.0), (219.0, 239.0), (234.0, 245.0), (249.0, 255.0), (260.0, 269.0), (286.0, 288.0), (303.0, 300.0), (314.0, 310.0), (321.0, 313.0)]}
[DEBUG] mask nonzero = 261
[DEBUG] found 3 raw contours
[DEBUG] kept 3 candidates after filtering
[DEBUG] roi_desc = {'type': 'polygon', 'polygon': [(329.0, 318.0), (351.0, 301.0), (373.0, 280.0), (395.0, 264.0), (410.0, 237.0), (399.0, 194.0), (357.0, 161.0), (310.0, 167.0), (271.0, 175.0), (237.0, 188.0), (221.0, 208.0), (219.0, 222.0), (219.0, 239.0), (234.0, 245.0), (249.0, 255.0), (260.0, 269.0), (286.0, 288.0), (303.0, 300.0), (314.0, 310.0), (321.0, 313.0)]}
[DEBUG] mask nonzero = 261
[DEBUG] found 3 raw contours
[DEBUG] kept 3 candidates after filtering
[DEBUG] roi_desc = {'type': 'polygon', 'polygon': [(329.0, 318.0), (351.0, 301.0), (373.0, 280.0), (395.0, 264.0), (410.0, 237.0), (399.0, 194.0), (357.0, 161.0), (310.0, 167.0), (271.0, 175.0), (237.0, 188.0), (221.0, 208.0), (219.0, 222.0), (219.0, 239.0), (234.0, 245.0), (249.0, 255.0), (260.0, 269.0), (286.0, 288.0), (303.0, 300.0), (314.0, 310.0), (321.0, 313.0)]}
[DEBUG] mask nonzero = 266
[DEBUG] found 3 raw contours
[DEBUG] kept 3 candidates after filtering
[DEBUG] roi_desc = {'type': 'polygon', 'polygon': [(329.0, 318.0), (351.0, 301.0), (373.0, 280.0), (395.0, 264.0), (410.0, 237.0), (399.0, 194.0), (357.0, 161.0), (310.0, 167.0), (271.0, 175.0), (237.0, 188.0), (221.0, 208.0), (219.0, 222.0), (219.0, 239.0), (234.0, 245.0), (249.0, 255.0), (260.0, 269.0), (286.0, 288.0), (303.0, 300.0), (314.0, 310.0), (321.0, 313.0)]}
[DEBUG] mask nonzero = 267
[DEBUG] found 3 raw contours
[DEBUG] kept 3 candidates after filtering
[DEBUG] roi_desc = {'type': 'polygon', 'polygon': [(329.0, 318.0), (351.0, 301.0), (373.0, 280.0), (395.0, 264.0), (410.0, 237.0), (399.0, 194.0), (357.0, 161.0), (310.0, 167.0), (271.0, 175.0), (237.0, 188.0), (221.0, 208.0), (219.0, 222.0), (219.0, 239.0), (234.0, 245.0), (249.0, 255.0), (260.0, 269.0), (286.0, 288.0), (303.0, 300.0), (314.0, 310.0), (321.0, 313.0)]}
[DEBUG] mask nonzero = 262
[DEBUG] found 3 raw contours
[DEBUG] kept 3 candidates after filtering
[DEBUG] roi_desc = {'type': 'polygon', 'polygon': [(329.0, 318.0), (351.0, 301.0), (373.0, 280.0), (395.0, 264.0), (410.0, 237.0), (399.0, 194.0), (357.0, 161.0), (310.0, 167.0), (271.0, 175.0), (237.0, 188.0), (221.0, 208.0), (219.0, 222.0), (219.0, 239.0), (234.0, 245.0), (249.0, 255.0), (260.0, 269.0), (286.0, 288.0), (303.0, 300.0), (314.0, 310.0), (321.0, 313.0)]}
[DEBUG] mask nonzero = 265
[DEBUG] found 3 raw contours
[DEBUG] kept 3 candidates after filtering
[DEBUG] roi_desc = {'type': 'polygon', 'polygon': [(329.0, 318.0), (351.0, 301.0), (373.0, 280.0), (395.0, 264.0), (410.0, 237.0), (399.0, 194.0), (357.0, 161.0), (310.0, 167.0), (271.0, 175.0), (237.0, 188.0), (221.0, 208.0), (219.0, 222.0), (219.0, 239.0), (234.0, 245.0), (249.0, 255.0), (260.0, 269.0), (286.0, 288.0), (303.0, 300.0), (314.0, 310.0), (321.0, 313.0)]}
[DEBUG] mask nonzero = 263
[DEBUG] found 3 raw contours
[DEBUG] kept 3 candidates after filtering
[DEBUG] roi_desc = {'type': 'polygon', 'polygon': [(329.0, 318.0), (351.0, 301.0), (373.0, 280.0), (395.0, 264.0), (410.0, 237.0), (399.0, 194.0), (357.0, 161.0), (310.0, 167.0), (271.0, 175.0), (237.0, 188.0), (221.0, 208.0), (219.0, 222.0), (219.0, 239.0), (234.0, 245.0), (249.0, 255.0), (260.0, 269.0), (286.0, 288.0), (303.0, 300.0), (314.0, 310.0), (321.0, 313.0)]}
[DEBUG] mask nonzero = 259
[DEBUG] found 3 raw contours
[DEBUG] kept 3 candidates after filtering
[DEBUG] roi_desc = {'type': 'polygon', 'polygon': [(329.0, 318.0), (351.0, 301.0), (373.0, 280.0), (395.0, 264.0), (410.0, 237.0), (399.0, 194.0), (357.0, 161.0), (310.0, 167.0), (271.0, 175.0), (237.0, 188.0), (221.0, 208.0), (219.0, 222.0), (219.0, 239.0), (234.0, 245.0), (249.0, 255.0), (260.0, 269.0), (286.0, 288.0), (303.0, 300.0), (314.0, 310.0), (321.0, 313.0)]}
[DEBUG] mask nonzero = 266
[DEBUG] found 3 raw contours
[DEBUG] kept 3 candidates after filtering
[DEBUG] roi_desc = {'type': 'polygon', 'polygon': [(329.0, 318.0), (351.0, 301.0), (373.0, 280.0), (395.0, 264.0), (410.0, 237.0), (399.0, 194.0), (357.0, 161.0), (310.0, 167.0), (271.0, 175.0), (237.0, 188.0), (221.0, 208.0), (219.0, 222.0), (219.0, 239.0), (234.0, 245.0), (249.0, 255.0), (260.0, 269.0), (286.0, 288.0), (303.0, 300.0), (314.0, 310.0), (321.0, 313.0)]}
[DEBUG] mask nonzero = 261
[DEBUG] found 3 raw contours
[DEBUG] kept 3 candidates after filtering
[DEBUG] roi_desc = {'type': 'polygon', 'polygon': [(329.0, 318.0), (351.0, 301.0), (373.0, 280.0), (395.0, 264.0), (410.0, 237.0), (399.0, 194.0), (357.0, 161.0), (310.0, 167.0), (271.0, 175.0), (237.0, 188.0), (221.0, 208.0), (219.0, 222.0), (219.0, 239.0), (234.0, 245.0), (249.0, 255.0), (260.0, 269.0), (286.0, 288.0), (303.0, 300.0), (314.0, 310.0), (321.0, 313.0)]}
[DEBUG] mask nonzero = 258
[DEBUG] found 3 raw contours
[DEBUG] kept 3 candidates after filtering
[DEBUG] roi_desc = {'type': 'polygon', 'polygon': [(329.0, 318.0), (351.0, 301.0), (373.0, 280.0), (395.0, 264.0), (410.0, 237.0), (399.0, 194.0), (357.0, 161.0), (310.0, 167.0), (271.0, 175.0), (237.0, 188.0), (221.0, 208.0), (219.0, 222.0), (219.0, 239.0), (234.0, 245.0), (249.0, 255.0), (260.0, 269.0), (286.0, 288.0), (303.0, 300.0), (314.0, 310.0), (321.0, 313.0)]}
[DEBUG] mask nonzero = 260
[DEBUG] found 3 raw contours
[DEBUG] kept 3 candidates after filtering
[DEBUG] roi_desc = {'type': 'polygon', 'polygon': [(329.0, 318.0), (351.0, 301.0), (373.0, 280.0), (395.0, 264.0), (410.0, 237.0), (399.0, 194.0), (357.0, 161.0), (310.0, 167.0), (271.0, 175.0), (237.0, 188.0), (221.0, 208.0), (219.0, 222.0), (219.0, 239.0), (234.0, 245.0), (249.0, 255.0), (260.0, 269.0), (286.0, 288.0), (303.0, 300.0), (314.0, 310.0), (321.0, 313.0)]}
[DEBUG] mask nonzero = 263
[DEBUG] found 3 raw contours
[DEBUG] kept 3 candidates after filtering
[DEBUG] roi_desc = {'type': 'polygon', 'polygon': [(329.0, 318.0), (351.0, 301.0), (373.0, 280.0), (395.0, 264.0), (410.0, 237.0), (399.0, 194.0), (357.0, 161.0), (310.0, 167.0), (271.0, 175.0), (237.0, 188.0), (221.0, 208.0), (219.0, 222.0), (219.0, 239.0), (234.0, 245.0), (249.0, 255.0), (260.0, 269.0), (286.0, 288.0), (303.0, 300.0), (314.0, 310.0), (321.0, 313.0)]}
[DEBUG] mask nonzero = 269
[DEBUG] found 3 raw contours
[DEBUG] kept 3 candidates after filtering
[DEBUG] roi_desc = {'type': 'polygon', 'polygon': [(329.0, 318.0), (351.0, 301.0), (373.0, 280.0), (395.0, 264.0), (410.0, 237.0), (399.0, 194.0), (357.0, 161.0), (310.0, 167.0), (271.0, 175.0), (237.0, 188.0), (221.0, 208.0), (219.0, 222.0), (219.0, 239.0), (234.0, 245.0), (249.0, 255.0), (260.0, 269.0), (286.0, 288.0), (303.0, 300.0), (314.0, 310.0), (321.0, 313.0)]}
[DEBUG] mask nonzero = 264
[DEBUG] found 3 raw contours
[DEBUG] kept 3 candidates after filtering
[DEBUG] roi_desc = {'type': 'polygon', 'polygon': [(329.0, 318.0), (351.0, 301.0), (373.0, 280.0), (395.0, 264.0), (410.0, 237.0), (399.0, 194.0), (357.0, 161.0), (310.0, 167.0), (271.0, 175.0), (237.0, 188.0), (221.0, 208.0), (219.0, 222.0), (219.0, 239.0), (234.0, 245.0), (249.0, 255.0), (260.0, 269.0), (286.0, 288.0), (303.0, 300.0), (314.0, 310.0), (321.0, 313.0)]}
[DEBUG] mask nonzero = 260
[DEBUG] found 3 raw contours
[DEBUG] kept 3 candidates after filtering
[DEBUG] roi_desc = {'type': 'polygon', 'polygon': [(329.0, 318.0), (351.0, 301.0), (373.0, 280.0), (395.0, 264.0), (410.0, 237.0), (399.0, 194.0), (357.0, 161.0), (310.0, 167.0), (271.0, 175.0), (237.0, 188.0), (221.0, 208.0), (219.0, 222.0), (219.0, 239.0), (234.0, 245.0), (249.0, 255.0), (260.0, 269.0), (286.0, 288.0), (303.0, 300.0), (314.0, 310.0), (321.0, 313.0)]}
[DEBUG] mask nonzero = 262
[DEBUG] found 3 raw contours
[DEBUG] kept 3 candidates after filtering
[DEBUG] roi_desc = {'type': 'polygon', 'polygon': [(329.0, 318.0), (351.0, 301.0), (373.0, 280.0), (395.0, 264.0), (410.0, 237.0), (399.0, 194.0), (357.0, 161.0), (310.0, 167.0), (271.0, 175.0), (237.0, 188.0), (221.0, 208.0), (219.0, 222.0), (219.0, 239.0), (234.0, 245.0), (249.0, 255.0), (260.0, 269.0), (286.0, 288.0), (303.0, 300.0), (314.0, 310.0), (321.0, 313.0)]}
[DEBUG] mask nonzero = 261
[DEBUG] found 3 raw contours
[DEBUG] kept 3 candidates after filtering
[DEBUG] roi_desc = {'type': 'polygon', 'polygon': [(329.0, 318.0), (351.0, 301.0), (373.0, 280.0), (395.0, 264.0), (410.0, 237.0), (399.0, 194.0), (357.0, 161.0), (310.0, 167.0), (271.0, 175.0), (237.0, 188.0), (221.0, 208.0), (219.0, 222.0), (219.0, 239.0), (234.0, 245.0), (249.0, 255.0), (260.0, 269.0), (286.0, 288.0), (303.0, 300.0), (314.0, 310.0), (321.0, 313.0)]}
[DEBUG] mask nonzero = 264
[DEBUG] found 3 raw contours
[DEBUG] kept 3 candidates after filtering
[DEBUG] roi_desc = {'type': 'polygon', 'polygon': [(329.0, 318.0), (351.0, 301.0), (373.0, 280.0), (395.0, 264.0), (410.0, 237.0), (399.0, 194.0), (357.0, 161.0), (310.0, 167.0), (271.0, 175.0), (237.0, 188.0), (221.0, 208.0), (219.0, 222.0), (219.0, 239.0), (234.0, 245.0), (249.0, 255.0), (260.0, 269.0), (286.0, 288.0), (303.0, 300.0), (314.0, 310.0), (321.0, 313.0)]}
[DEBUG] mask nonzero = 263
[DEBUG] found 3 raw contours
[DEBUG] kept 3 candidates after filtering
[DEBUG] roi_desc = {'type': 'polygon', 'polygon': [(329.0, 318.0), (351.0, 301.0), (373.0, 280.0), (395.0, 264.0), (410.0, 237.0), (399.0, 194.0), (357.0, 161.0), (310.0, 167.0), (271.0, 175.0), (237.0, 188.0), (221.0, 208.0), (219.0, 222.0), (219.0, 239.0), (234.0, 245.0), (249.0, 255.0), (260.0, 269.0), (286.0, 288.0), (303.0, 300.0), (314.0, 310.0), (321.0, 313.0)]}
[DEBUG] mask nonzero = 268
[DEBUG] found 3 raw contours
[DEBUG] kept 3 candidates after filtering
[DEBUG] roi_desc = {'type': 'polygon', 'polygon': [(329.0, 318.0), (351.0, 301.0), (373.0, 280.0), (395.0, 264.0), (410.0, 237.0), (399.0, 194.0), (357.0, 161.0), (310.0, 167.0), (271.0, 175.0), (237.0, 188.0), (221.0, 208.0), (219.0, 222.0), (219.0, 239.0), (234.0, 245.0), (249.0, 255.0), (260.0, 269.0), (286.0, 288.0), (303.0, 300.0), (314.0, 310.0), (321.0, 313.0)]}
[DEBUG] mask nonzero = 261
[DEBUG] found 3 raw contours
[DEBUG] kept 3 candidates after filtering
[DEBUG] roi_desc = {'type': 'polygon', 'polygon': [(329.0, 318.0), (351.0, 301.0), (373.0, 280.0), (395.0, 264.0), (410.0, 237.0), (399.0, 194.0), (357.0, 161.0), (310.0, 167.0), (271.0, 175.0), (237.0, 188.0), (221.0, 208.0), (219.0, 222.0), (219.0, 239.0), (234.0, 245.0), (249.0, 255.0), (260.0, 269.0), (286.0, 288.0), (303.0, 300.0), (314.0, 310.0), (321.0, 313.0)]}
[DEBUG] mask nonzero = 258
[DEBUG] found 3 raw contours
[DEBUG] kept 3 candidates after filtering
[DEBUG] roi_desc = {'type': 'polygon', 'polygon': [(329.0, 318.0), (351.0, 301.0), (373.0, 280.0), (395.0, 264.0), (410.0, 237.0), (399.0, 194.0), (357.0, 161.0), (310.0, 167.0), (271.0, 175.0), (237.0, 188.0), (221.0, 208.0), (219.0, 222.0), (219.0, 239.0), (234.0, 245.0), (249.0, 255.0), (260.0, 269.0), (286.0, 288.0), (303.0, 300.0), (314.0, 310.0), (321.0, 313.0)]}
[DEBUG] mask nonzero = 257
[DEBUG] found 3 raw contours
[DEBUG] kept 3 candidates after filtering
[DEBUG] roi_desc = {'type': 'polygon', 'polygon': [(329.0, 318.0), (351.0, 301.0), (373.0, 280.0), (395.0, 264.0), (410.0, 237.0), (399.0, 194.0), (357.0, 161.0), (310.0, 167.0), (271.0, 175.0), (237.0, 188.0), (221.0, 208.0), (219.0, 222.0), (219.0, 239.0), (234.0, 245.0), (249.0, 255.0), (260.0, 269.0), (286.0, 288.0), (303.0, 300.0), (314.0, 310.0), (321.0, 313.0)]}
[DEBUG] mask nonzero = 266
[DEBUG] found 3 raw contours
[DEBUG] kept 3 candidates after filtering
[DEBUG] roi_desc = {'type': 'polygon', 'polygon': [(329.0, 318.0), (351.0, 301.0), (373.0, 280.0), (395.0, 264.0), (410.0, 237.0), (399.0, 194.0), (357.0, 161.0), (310.0, 167.0), (271.0, 175.0), (237.0, 188.0), (221.0, 208.0), (219.0, 222.0), (219.0, 239.0), (234.0, 245.0), (249.0, 255.0), (260.0, 269.0), (286.0, 288.0), (303.0, 300.0), (314.0, 310.0), (321.0, 313.0)]}
[DEBUG] mask nonzero = 253
[DEBUG] found 3 raw contours
[DEBUG] kept 3 candidates after filtering
[DEBUG] roi_desc = {'type': 'polygon', 'polygon': [(329.0, 318.0), (351.0, 301.0), (373.0, 280.0), (395.0, 264.0), (410.0, 237.0), (399.0, 194.0), (357.0, 161.0), (310.0, 167.0), (271.0, 175.0), (237.0, 188.0), (221.0, 208.0), (219.0, 222.0), (219.0, 239.0), (234.0, 245.0), (249.0, 255.0), (260.0, 269.0), (286.0, 288.0), (303.0, 300.0), (314.0, 310.0), (321.0, 313.0)]}
[DEBUG] mask nonzero = 252
[DEBUG] found 3 raw contours
[DEBUG] kept 3 candidates after filtering
[DEBUG] roi_desc = {'type': 'polygon', 'polygon': [(329.0, 318.0), (351.0, 301.0), (373.0, 280.0), (395.0, 264.0), (410.0, 237.0), (399.0, 194.0), (357.0, 161.0), (310.0, 167.0), (271.0, 175.0), (237.0, 188.0), (221.0, 208.0), (219.0, 222.0), (219.0, 239.0), (234.0, 245.0), (249.0, 255.0), (260.0, 269.0), (286.0, 288.0), (303.0, 300.0), (314.0, 310.0), (321.0, 313.0)]}
[DEBUG] mask nonzero = 264
[DEBUG] found 3 raw contours
[DEBUG] kept 3 candidates after filtering
[DEBUG] roi_desc = {'type': 'polygon', 'polygon': [(329.0, 318.0), (351.0, 301.0), (373.0, 280.0), (395.0, 264.0), (410.0, 237.0), (399.0, 194.0), (357.0, 161.0), (310.0, 167.0), (271.0, 175.0), (237.0, 188.0), (221.0, 208.0), (219.0, 222.0), (219.0, 239.0), (234.0, 245.0), (249.0, 255.0), (260.0, 269.0), (286.0, 288.0), (303.0, 300.0), (314.0, 310.0), (321.0, 313.0)]}
[DEBUG] mask nonzero = 264
[DEBUG] found 3 raw contours
[DEBUG] kept 3 candidates after filtering
[DEBUG] roi_desc = {'type': 'polygon', 'polygon': [(329.0, 318.0), (351.0, 301.0), (373.0, 280.0), (395.0, 264.0), (410.0, 237.0), (399.0, 194.0), (357.0, 161.0), (310.0, 167.0), (271.0, 175.0), (237.0, 188.0), (221.0, 208.0), (219.0, 222.0), (219.0, 239.0), (234.0, 245.0), (249.0, 255.0), (260.0, 269.0), (286.0, 288.0), (303.0, 300.0), (314.0, 310.0), (321.0, 313.0)]}
[DEBUG] mask nonzero = 263
[DEBUG] found 3 raw contours
[DEBUG] kept 3 candidates after filtering
[DEBUG] roi_desc = {'type': 'polygon', 'polygon': [(329.0, 318.0), (351.0, 301.0), (373.0, 280.0), (395.0, 264.0), (410.0, 237.0), (399.0, 194.0), (357.0, 161.0), (310.0, 167.0), (271.0, 175.0), (237.0, 188.0), (221.0, 208.0), (219.0, 222.0), (219.0, 239.0), (234.0, 245.0), (249.0, 255.0), (260.0, 269.0), (286.0, 288.0), (303.0, 300.0), (314.0, 310.0), (321.0, 313.0)]}
[DEBUG] mask nonzero = 267
[DEBUG] found 3 raw contours
[DEBUG] kept 3 candidates after filtering
[DEBUG] roi_desc = {'type': 'polygon', 'polygon': [(329.0, 318.0), (351.0, 301.0), (373.0, 280.0), (395.0, 264.0), (410.0, 237.0), (399.0, 194.0), (357.0, 161.0), (310.0, 167.0), (271.0, 175.0), (237.0, 188.0), (221.0, 208.0), (219.0, 222.0), (219.0, 239.0), (234.0, 245.0), (249.0, 255.0), (260.0, 269.0), (286.0, 288.0), (303.0, 300.0), (314.0, 310.0), (321.0, 313.0)]}
[DEBUG] mask nonzero = 258
[DEBUG] found 3 raw contours
[DEBUG] kept 3 candidates after filtering
[DEBUG] roi_desc = {'type': 'polygon', 'polygon': [(329.0, 318.0), (351.0, 301.0), (373.0, 280.0), (395.0, 264.0), (410.0, 237.0), (399.0, 194.0), (357.0, 161.0), (310.0, 167.0), (271.0, 175.0), (237.0, 188.0), (221.0, 208.0), (219.0, 222.0), (219.0, 239.0), (234.0, 245.0), (249.0, 255.0), (260.0, 269.0), (286.0, 288.0), (303.0, 300.0), (314.0, 310.0), (321.0, 313.0)]}
[DEBUG] mask nonzero = 268
[DEBUG] found 3 raw contours
[DEBUG] kept 3 candidates after filtering
[DEBUG] roi_desc = {'type': 'polygon', 'polygon': [(329.0, 318.0), (351.0, 301.0), (373.0, 280.0), (395.0, 264.0), (410.0, 237.0), (399.0, 194.0), (357.0, 161.0), (310.0, 167.0), (271.0, 175.0), (237.0, 188.0), (221.0, 208.0), (219.0, 222.0), (219.0, 239.0), (234.0, 245.0), (249.0, 255.0), (260.0, 269.0), (286.0, 288.0), (303.0, 300.0), (314.0, 310.0), (321.0, 313.0)]}
[DEBUG] mask nonzero = 263
[DEBUG] found 3 raw contours
[DEBUG] kept 3 candidates after filtering
[DEBUG] roi_desc = {'type': 'polygon', 'polygon': [(329.0, 318.0), (351.0, 301.0), (373.0, 280.0), (395.0, 264.0), (410.0, 237.0), (399.0, 194.0), (357.0, 161.0), (310.0, 167.0), (271.0, 175.0), (237.0, 188.0), (221.0, 208.0), (219.0, 222.0), (219.0, 239.0), (234.0, 245.0), (249.0, 255.0), (260.0, 269.0), (286.0, 288.0), (303.0, 300.0), (314.0, 310.0), (321.0, 313.0)]}
[DEBUG] mask nonzero = 260
[DEBUG] found 3 raw contours
[DEBUG] kept 3 candidates after filtering
[DEBUG] roi_desc = {'type': 'polygon', 'polygon': [(329.0, 318.0), (351.0, 301.0), (373.0, 280.0), (395.0, 264.0), (410.0, 237.0), (399.0, 194.0), (357.0, 161.0), (310.0, 167.0), (271.0, 175.0), (237.0, 188.0), (221.0, 208.0), (219.0, 222.0), (219.0, 239.0), (234.0, 245.0), (249.0, 255.0), (260.0, 269.0), (286.0, 288.0), (303.0, 300.0), (314.0, 310.0), (321.0, 313.0)]}
[DEBUG] mask nonzero = 260
[DEBUG] found 3 raw contours
[DEBUG] kept 3 candidates after filtering
[DEBUG] roi_desc = {'type': 'polygon', 'polygon': [(329.0, 318.0), (351.0, 301.0), (373.0, 280.0), (395.0, 264.0), (410.0, 237.0), (399.0, 194.0), (357.0, 161.0), (310.0, 167.0), (271.0, 175.0), (237.0, 188.0), (221.0, 208.0), (219.0, 222.0), (219.0, 239.0), (234.0, 245.0), (249.0, 255.0), (260.0, 269.0), (286.0, 288.0), (303.0, 300.0), (314.0, 310.0), (321.0, 313.0)]}
[DEBUG] mask nonzero = 259
[DEBUG] found 3 raw contours
[DEBUG] kept 3 candidates after filtering
[DEBUG] roi_desc = {'type': 'polygon', 'polygon': [(329.0, 318.0), (351.0, 301.0), (373.0, 280.0), (395.0, 264.0), (410.0, 237.0), (399.0, 194.0), (357.0, 161.0), (310.0, 167.0), (271.0, 175.0), (237.0, 188.0), (221.0, 208.0), (219.0, 222.0), (219.0, 239.0), (234.0, 245.0), (249.0, 255.0), (260.0, 269.0), (286.0, 288.0), (303.0, 300.0), (314.0, 310.0), (321.0, 313.0)]}
[DEBUG] mask nonzero = 265
[DEBUG] found 3 raw contours
[DEBUG] kept 3 candidates after filtering
[DEBUG] roi_desc = {'type': 'polygon', 'polygon': [(329.0, 318.0), (351.0, 301.0), (373.0, 280.0), (395.0, 264.0), (410.0, 237.0), (399.0, 194.0), (357.0, 161.0), (310.0, 167.0), (271.0, 175.0), (237.0, 188.0), (221.0, 208.0), (219.0, 222.0), (219.0, 239.0), (234.0, 245.0), (249.0, 255.0), (260.0, 269.0), (286.0, 288.0), (303.0, 300.0), (314.0, 310.0), (321.0, 313.0)]}
[DEBUG] mask nonzero = 263
[DEBUG] found 3 raw contours
[DEBUG] kept 3 candidates after filtering
[DEBUG] roi_desc = {'type': 'polygon', 'polygon': [(329.0, 318.0), (351.0, 301.0), (373.0, 280.0), (395.0, 264.0), (410.0, 237.0), (399.0, 194.0), (357.0, 161.0), (310.0, 167.0), (271.0, 175.0), (237.0, 188.0), (221.0, 208.0), (219.0, 222.0), (219.0, 239.0), (234.0, 245.0), (249.0, 255.0), (260.0, 269.0), (286.0, 288.0), (303.0, 300.0), (314.0, 310.0), (321.0, 313.0)]}
[DEBUG] mask nonzero = 257
[DEBUG] found 3 raw contours
[DEBUG] kept 3 candidates after filtering
[DEBUG] roi_desc = {'type': 'polygon', 'polygon': [(329.0, 318.0), (351.0, 301.0), (373.0, 280.0), (395.0, 264.0), (410.0, 237.0), (399.0, 194.0), (357.0, 161.0), (310.0, 167.0), (271.0, 175.0), (237.0, 188.0), (221.0, 208.0), (219.0, 222.0), (219.0, 239.0), (234.0, 245.0), (249.0, 255.0), (260.0, 269.0), (286.0, 288.0), (303.0, 300.0), (314.0, 310.0), (321.0, 313.0)]}
[DEBUG] mask nonzero = 261
[DEBUG] found 3 raw contours
[DEBUG] kept 3 candidates after filtering
[DEBUG] roi_desc = {'type': 'polygon', 'polygon': [(329.0, 318.0), (351.0, 301.0), (373.0, 280.0), (395.0, 264.0), (410.0, 237.0), (399.0, 194.0), (357.0, 161.0), (310.0, 167.0), (271.0, 175.0), (237.0, 188.0), (221.0, 208.0), (219.0, 222.0), (219.0, 239.0), (234.0, 245.0), (249.0, 255.0), (260.0, 269.0), (286.0, 288.0), (303.0, 300.0), (314.0, 310.0), (321.0, 313.0)]}
[DEBUG] mask nonzero = 256
[DEBUG] found 3 raw contours
[DEBUG] kept 3 candidates after filtering
[DEBUG] roi_desc = {'type': 'polygon', 'polygon': [(329.0, 318.0), (351.0, 301.0), (373.0, 280.0), (395.0, 264.0), (410.0, 237.0), (399.0, 194.0), (357.0, 161.0), (310.0, 167.0), (271.0, 175.0), (237.0, 188.0), (221.0, 208.0), (219.0, 222.0), (219.0, 239.0), (234.0, 245.0), (249.0, 255.0), (260.0, 269.0), (286.0, 288.0), (303.0, 300.0), (314.0, 310.0), (321.0, 313.0)]}
[DEBUG] mask nonzero = 263
[DEBUG] found 3 raw contours
[DEBUG] kept 3 candidates after filtering
[DEBUG] roi_desc = {'type': 'polygon', 'polygon': [(329.0, 318.0), (351.0, 301.0), (373.0, 280.0), (395.0, 264.0), (410.0, 237.0), (399.0, 194.0), (357.0, 161.0), (310.0, 167.0), (271.0, 175.0), (237.0, 188.0), (221.0, 208.0), (219.0, 222.0), (219.0, 239.0), (234.0, 245.0), (249.0, 255.0), (260.0, 269.0), (286.0, 288.0), (303.0, 300.0), (314.0, 310.0), (321.0, 313.0)]}
[DEBUG] mask nonzero = 259
[DEBUG] found 3 raw contours
[DEBUG] kept 3 candidates after filtering
[DEBUG] roi_desc = {'type': 'polygon', 'polygon': [(329.0, 318.0), (351.0, 301.0), (373.0, 280.0), (395.0, 264.0), (410.0, 237.0), (399.0, 194.0), (357.0, 161.0), (310.0, 167.0), (271.0, 175.0), (237.0, 188.0), (221.0, 208.0), (219.0, 222.0), (219.0, 239.0), (234.0, 245.0), (249.0, 255.0), (260.0, 269.0), (286.0, 288.0), (303.0, 300.0), (314.0, 310.0), (321.0, 313.0)]}
[DEBUG] mask nonzero = 260
[DEBUG] found 3 raw contours
[DEBUG] kept 3 candidates after filtering
[DEBUG] roi_desc = {'type': 'polygon', 'polygon': [(329.0, 318.0), (351.0, 301.0), (373.0, 280.0), (395.0, 264.0), (410.0, 237.0), (399.0, 194.0), (357.0, 161.0), (310.0, 167.0), (271.0, 175.0), (237.0, 188.0), (221.0, 208.0), (219.0, 222.0), (219.0, 239.0), (234.0, 245.0), (249.0, 255.0), (260.0, 269.0), (286.0, 288.0), (303.0, 300.0), (314.0, 310.0), (321.0, 313.0)]}
[DEBUG] mask nonzero = 254
[DEBUG] found 3 raw contours
[DEBUG] kept 3 candidates after filtering
[DEBUG] roi_desc = {'type': 'polygon', 'polygon': [(329.0, 318.0), (351.0, 301.0), (373.0, 280.0), (395.0, 264.0), (410.0, 237.0), (399.0, 194.0), (357.0, 161.0), (310.0, 167.0), (271.0, 175.0), (237.0, 188.0), (221.0, 208.0), (219.0, 222.0), (219.0, 239.0), (234.0, 245.0), (249.0, 255.0), (260.0, 269.0), (286.0, 288.0), (303.0, 300.0), (314.0, 310.0), (321.0, 313.0)]}
[DEBUG] mask nonzero = 255
[DEBUG] found 3 raw contours
[DEBUG] kept 3 candidates after filtering
[DEBUG] roi_desc = {'type': 'polygon', 'polygon': [(329.0, 318.0), (351.0, 301.0), (373.0, 280.0), (395.0, 264.0), (410.0, 237.0), (399.0, 194.0), (357.0, 161.0), (310.0, 167.0), (271.0, 175.0), (237.0, 188.0), (221.0, 208.0), (219.0, 222.0), (219.0, 239.0), (234.0, 245.0), (249.0, 255.0), (260.0, 269.0), (286.0, 288.0), (303.0, 300.0), (314.0, 310.0), (321.0, 313.0)]}
[DEBUG] mask nonzero = 258
[DEBUG] found 3 raw contours
[DEBUG] kept 3 candidates after filtering
[DEBUG] roi_desc = {'type': 'polygon', 'polygon': [(329.0, 318.0), (351.0, 301.0), (373.0, 280.0), (395.0, 264.0), (410.0, 237.0), (399.0, 194.0), (357.0, 161.0), (310.0, 167.0), (271.0, 175.0), (237.0, 188.0), (221.0, 208.0), (219.0, 222.0), (219.0, 239.0), (234.0, 245.0), (249.0, 255.0), (260.0, 269.0), (286.0, 288.0), (303.0, 300.0), (314.0, 310.0), (321.0, 313.0)]}
[DEBUG] mask nonzero = 261
[DEBUG] found 3 raw contours
[DEBUG] kept 3 candidates after filtering
[DEBUG] roi_desc = {'type': 'polygon', 'polygon': [(329.0, 318.0), (351.0, 301.0), (373.0, 280.0), (395.0, 264.0), (410.0, 237.0), (399.0, 194.0), (357.0, 161.0), (310.0, 167.0), (271.0, 175.0), (237.0, 188.0), (221.0, 208.0), (219.0, 222.0), (219.0, 239.0), (234.0, 245.0), (249.0, 255.0), (260.0, 269.0), (286.0, 288.0), (303.0, 300.0), (314.0, 310.0), (321.0, 313.0)]}
[DEBUG] mask nonzero = 262
[DEBUG] found 3 raw contours
[DEBUG] kept 3 candidates after filtering
[DEBUG] roi_desc = {'type': 'polygon', 'polygon': [(329.0, 318.0), (351.0, 301.0), (373.0, 280.0), (395.0, 264.0), (410.0, 237.0), (399.0, 194.0), (357.0, 161.0), (310.0, 167.0), (271.0, 175.0), (237.0, 188.0), (221.0, 208.0), (219.0, 222.0), (219.0, 239.0), (234.0, 245.0), (249.0, 255.0), (260.0, 269.0), (286.0, 288.0), (303.0, 300.0), (314.0, 310.0), (321.0, 313.0)]}
[DEBUG] mask nonzero = 256
[DEBUG] found 3 raw contours
[DEBUG] kept 3 candidates after filtering
[DEBUG] roi_desc = {'type': 'polygon', 'polygon': [(329.0, 318.0), (351.0, 301.0), (373.0, 280.0), (395.0, 264.0), (410.0, 237.0), (399.0, 194.0), (357.0, 161.0), (310.0, 167.0), (271.0, 175.0), (237.0, 188.0), (221.0, 208.0), (219.0, 222.0), (219.0, 239.0), (234.0, 245.0), (249.0, 255.0), (260.0, 269.0), (286.0, 288.0), (303.0, 300.0), (314.0, 310.0), (321.0, 313.0)]}
[DEBUG] mask nonzero = 262
[DEBUG] found 3 raw contours
[DEBUG] kept 3 candidates after filtering
[DEBUG] roi_desc = {'type': 'polygon', 'polygon': [(329.0, 318.0), (351.0, 301.0), (373.0, 280.0), (395.0, 264.0), (410.0, 237.0), (399.0, 194.0), (357.0, 161.0), (310.0, 167.0), (271.0, 175.0), (237.0, 188.0), (221.0, 208.0), (219.0, 222.0), (219.0, 239.0), (234.0, 245.0), (249.0, 255.0), (260.0, 269.0), (286.0, 288.0), (303.0, 300.0), (314.0, 310.0), (321.0, 313.0)]}
[DEBUG] mask nonzero = 257
[DEBUG] found 3 raw contours
[DEBUG] kept 3 candidates after filtering
[DEBUG] roi_desc = {'type': 'polygon', 'polygon': [(329.0, 318.0), (351.0, 301.0), (373.0, 280.0), (395.0, 264.0), (410.0, 237.0), (399.0, 194.0), (357.0, 161.0), (310.0, 167.0), (271.0, 175.0), (237.0, 188.0), (221.0, 208.0), (219.0, 222.0), (219.0, 239.0), (234.0, 245.0), (249.0, 255.0), (260.0, 269.0), (286.0, 288.0), (303.0, 300.0), (314.0, 310.0), (321.0, 313.0)]}
[DEBUG] mask nonzero = 260
[DEBUG] found 3 raw contours
[DEBUG] kept 3 candidates after filtering
[DEBUG] roi_desc = {'type': 'polygon', 'polygon': [(329.0, 318.0), (351.0, 301.0), (373.0, 280.0), (395.0, 264.0), (410.0, 237.0), (399.0, 194.0), (357.0, 161.0), (310.0, 167.0), (271.0, 175.0), (237.0, 188.0), (221.0, 208.0), (219.0, 222.0), (219.0, 239.0), (234.0, 245.0), (249.0, 255.0), (260.0, 269.0), (286.0, 288.0), (303.0, 300.0), (314.0, 310.0), (321.0, 313.0)]}
[DEBUG] mask nonzero = 261
[DEBUG] found 3 raw contours
[DEBUG] kept 3 candidates after filtering
[DEBUG] roi_desc = {'type': 'polygon', 'polygon': [(329.0, 318.0), (351.0, 301.0), (373.0, 280.0), (395.0, 264.0), (410.0, 237.0), (399.0, 194.0), (357.0, 161.0), (310.0, 167.0), (271.0, 175.0), (237.0, 188.0), (221.0, 208.0), (219.0, 222.0), (219.0, 239.0), (234.0, 245.0), (249.0, 255.0), (260.0, 269.0), (286.0, 288.0), (303.0, 300.0), (314.0, 310.0), (321.0, 313.0)]}
[DEBUG] mask nonzero = 263
[DEBUG] found 3 raw contours
[DEBUG] kept 3 candidates after filtering
[DEBUG] roi_desc = {'type': 'polygon', 'polygon': [(329.0, 318.0), (351.0, 301.0), (373.0, 280.0), (395.0, 264.0), (410.0, 237.0), (399.0, 194.0), (357.0, 161.0), (310.0, 167.0), (271.0, 175.0), (237.0, 188.0), (221.0, 208.0), (219.0, 222.0), (219.0, 239.0), (234.0, 245.0), (249.0, 255.0), (260.0, 269.0), (286.0, 288.0), (303.0, 300.0), (314.0, 310.0), (321.0, 313.0)]}
[DEBUG] mask nonzero = 262
[DEBUG] found 3 raw contours
[DEBUG] kept 3 candidates after filtering
[DEBUG] roi_desc = {'type': 'polygon', 'polygon': [(329.0, 318.0), (351.0, 301.0), (373.0, 280.0), (395.0, 264.0), (410.0, 237.0), (399.0, 194.0), (357.0, 161.0), (310.0, 167.0), (271.0, 175.0), (237.0, 188.0), (221.0, 208.0), (219.0, 222.0), (219.0, 239.0), (234.0, 245.0), (249.0, 255.0), (260.0, 269.0), (286.0, 288.0), (303.0, 300.0), (314.0, 310.0), (321.0, 313.0)]}
[DEBUG] mask nonzero = 261
[DEBUG] found 3 raw contours
[DEBUG] kept 3 candidates after filtering
[DEBUG] roi_desc = {'type': 'polygon', 'polygon': [(329.0, 318.0), (351.0, 301.0), (373.0, 280.0), (395.0, 264.0), (410.0, 237.0), (399.0, 194.0), (357.0, 161.0), (310.0, 167.0), (271.0, 175.0), (237.0, 188.0), (221.0, 208.0), (219.0, 222.0), (219.0, 239.0), (234.0, 245.0), (249.0, 255.0), (260.0, 269.0), (286.0, 288.0), (303.0, 300.0), (314.0, 310.0), (321.0, 313.0)]}
[DEBUG] mask nonzero = 258
[DEBUG] found 3 raw contours
[DEBUG] kept 3 candidates after filtering
[DEBUG] roi_desc = {'type': 'polygon', 'polygon': [(329.0, 318.0), (351.0, 301.0), (373.0, 280.0), (395.0, 264.0), (410.0, 237.0), (399.0, 194.0), (357.0, 161.0), (310.0, 167.0), (271.0, 175.0), (237.0, 188.0), (221.0, 208.0), (219.0, 222.0), (219.0, 239.0), (234.0, 245.0), (249.0, 255.0), (260.0, 269.0), (286.0, 288.0), (303.0, 300.0), (314.0, 310.0), (321.0, 313.0)]}
[DEBUG] mask nonzero = 257
[DEBUG] found 3 raw contours
[DEBUG] kept 3 candidates after filtering
[DEBUG] roi_desc = {'type': 'polygon', 'polygon': [(329.0, 318.0), (351.0, 301.0), (373.0, 280.0), (395.0, 264.0), (410.0, 237.0), (399.0, 194.0), (357.0, 161.0), (310.0, 167.0), (271.0, 175.0), (237.0, 188.0), (221.0, 208.0), (219.0, 222.0), (219.0, 239.0), (234.0, 245.0), (249.0, 255.0), (260.0, 269.0), (286.0, 288.0), (303.0, 300.0), (314.0, 310.0), (321.0, 313.0)]}
[DEBUG] mask nonzero = 261
[DEBUG] found 3 raw contours
[DEBUG] kept 3 candidates after filtering
[DEBUG] roi_desc = {'type': 'polygon', 'polygon': [(329.0, 318.0), (351.0, 301.0), (373.0, 280.0), (395.0, 264.0), (410.0, 237.0), (399.0, 194.0), (357.0, 161.0), (310.0, 167.0), (271.0, 175.0), (237.0, 188.0), (221.0, 208.0), (219.0, 222.0), (219.0, 239.0), (234.0, 245.0), (249.0, 255.0), (260.0, 269.0), (286.0, 288.0), (303.0, 300.0), (314.0, 310.0), (321.0, 313.0)]}
[DEBUG] mask nonzero = 263
[DEBUG] found 3 raw contours
[DEBUG] kept 3 candidates after filtering
[DEBUG] roi_desc = {'type': 'polygon', 'polygon': [(329.0, 318.0), (351.0, 301.0), (373.0, 280.0), (395.0, 264.0), (410.0, 237.0), (399.0, 194.0), (357.0, 161.0), (310.0, 167.0), (271.0, 175.0), (237.0, 188.0), (221.0, 208.0), (219.0, 222.0), (219.0, 239.0), (234.0, 245.0), (249.0, 255.0), (260.0, 269.0), (286.0, 288.0), (303.0, 300.0), (314.0, 310.0), (321.0, 313.0)]}
[DEBUG] mask nonzero = 261
[DEBUG] found 3 raw contours
[DEBUG] kept 3 candidates after filtering
RTDEReceiveInterface boost system Exception: (asio.misc:2) End of file
RTDEReceiveInterface boost system Exception: (asio.misc:2) End of file
/home/jack/Proper-Research/beam_direction_magnetisation/post_processing/post_processing.py:560: UserWarning: FigureCanvasAgg is non-interactive, and thus cannot be shown
  plt.show()
[DEBUG] roi_desc = {'type': 'polygon', 'polygon': [(329.0, 318.0), (351.0, 301.0), (373.0, 280.0), (395.0, 264.0), (410.0, 237.0), (399.0, 194.0), (357.0, 161.0), (310.0, 167.0), (271.0, 175.0), (237.0, 188.0), (221.0, 208.0), (219.0, 222.0), (219.0, 239.0), (234.0, 245.0), (249.0, 255.0), (260.0, 269.0), (286.0, 288.0), (303.0, 300.0), (314.0, 310.0), (321.0, 313.0)]}
[DEBUG] mask nonzero = 263
[DEBUG] found 3 raw contours
[DEBUG] kept 3 candidates after filtering
[DEBUG] roi_desc = {'type': 'polygon', 'polygon': [(329.0, 318.0), (351.0, 301.0), (373.0, 280.0), (395.0, 264.0), (410.0, 237.0), (399.0, 194.0), (357.0, 161.0), (310.0, 167.0), (271.0, 175.0), (237.0, 188.0), (221.0, 208.0), (219.0, 222.0), (219.0, 239.0), (234.0, 245.0), (249.0, 255.0), (260.0, 269.0), (286.0, 288.0), (303.0, 300.0), (314.0, 310.0), (321.0, 313.0)]}
[DEBUG] mask nonzero = 262
[DEBUG] found 3 raw contours
[DEBUG] kept 3 candidates after filtering
[DEBUG] roi_desc = {'type': 'polygon', 'polygon': [(329.0, 318.0), (351.0, 301.0), (373.0, 280.0), (395.0, 264.0), (410.0, 237.0), (399.0, 194.0), (357.0, 161.0), (310.0, 167.0), (271.0, 175.0), (237.0, 188.0), (221.0, 208.0), (219.0, 222.0), (219.0, 239.0), (234.0, 245.0), (249.0, 255.0), (260.0, 269.0), (286.0, 288.0), (303.0, 300.0), (314.0, 310.0), (321.0, 313.0)]}
[DEBUG] mask nonzero = 262
[DEBUG] found 3 raw contours
[DEBUG] kept 3 candidates after filtering
[DEBUG] roi_desc = {'type': 'polygon', 'polygon': [(329.0, 318.0), (351.0, 301.0), (373.0, 280.0), (395.0, 264.0), (410.0, 237.0), (399.0, 194.0), (357.0, 161.0), (310.0, 167.0), (271.0, 175.0), (237.0, 188.0), (221.0, 208.0), (219.0, 222.0), (219.0, 239.0), (234.0, 245.0), (249.0, 255.0), (260.0, 269.0), (286.0, 288.0), (303.0, 300.0), (314.0, 310.0), (321.0, 313.0)]}
[DEBUG] mask nonzero = 261
[DEBUG] found 3 raw contours
[DEBUG] kept 3 candidates after filtering
[DEBUG] roi_desc = {'type': 'polygon', 'polygon': [(329.0, 318.0), (351.0, 301.0), (373.0, 280.0), (395.0, 264.0), (410.0, 237.0), (399.0, 194.0), (357.0, 161.0), (310.0, 167.0), (271.0, 175.0), (237.0, 188.0), (221.0, 208.0), (219.0, 222.0), (219.0, 239.0), (234.0, 245.0), (249.0, 255.0), (260.0, 269.0), (286.0, 288.0), (303.0, 300.0), (314.0, 310.0), (321.0, 313.0)]}
[DEBUG] mask nonzero = 255
[DEBUG] found 3 raw contours
[DEBUG] kept 3 candidates after filtering
[DEBUG] roi_desc = {'type': 'polygon', 'polygon': [(329.0, 318.0), (351.0, 301.0), (373.0, 280.0), (395.0, 264.0), (410.0, 237.0), (399.0, 194.0), (357.0, 161.0), (310.0, 167.0), (271.0, 175.0), (237.0, 188.0), (221.0, 208.0), (219.0, 222.0), (219.0, 239.0), (234.0, 245.0), (249.0, 255.0), (260.0, 269.0), (286.0, 288.0), (303.0, 300.0), (314.0, 310.0), (321.0, 313.0)]}
[DEBUG] mask nonzero = 261
[DEBUG] found 3 raw contours
[DEBUG] kept 3 candidates after filtering
[DEBUG] roi_desc = {'type': 'polygon', 'polygon': [(329.0, 318.0), (351.0, 301.0), (373.0, 280.0), (395.0, 264.0), (410.0, 237.0), (399.0, 194.0), (357.0, 161.0), (310.0, 167.0), (271.0, 175.0), (237.0, 188.0), (221.0, 208.0), (219.0, 222.0), (219.0, 239.0), (234.0, 245.0), (249.0, 255.0), (260.0, 269.0), (286.0, 288.0), (303.0, 300.0), (314.0, 310.0), (321.0, 313.0)]}
[DEBUG] mask nonzero = 254
[DEBUG] found 3 raw contours
[DEBUG] kept 3 candidates after filtering
[DEBUG] roi_desc = {'type': 'polygon', 'polygon': [(329.0, 318.0), (351.0, 301.0), (373.0, 280.0), (395.0, 264.0), (410.0, 237.0), (399.0, 194.0), (357.0, 161.0), (310.0, 167.0), (271.0, 175.0), (237.0, 188.0), (221.0, 208.0), (219.0, 222.0), (219.0, 239.0), (234.0, 245.0), (249.0, 255.0), (260.0, 269.0), (286.0, 288.0), (303.0, 300.0), (314.0, 310.0), (321.0, 313.0)]}
[DEBUG] mask nonzero = 260
[DEBUG] found 3 raw contours
[DEBUG] kept 3 candidates after filtering
[DEBUG] roi_desc = {'type': 'polygon', 'polygon': [(329.0, 318.0), (351.0, 301.0), (373.0, 280.0), (395.0, 264.0), (410.0, 237.0), (399.0, 194.0), (357.0, 161.0), (310.0, 167.0), (271.0, 175.0), (237.0, 188.0), (221.0, 208.0), (219.0, 222.0), (219.0, 239.0), (234.0, 245.0), (249.0, 255.0), (260.0, 269.0), (286.0, 288.0), (303.0, 300.0), (314.0, 310.0), (321.0, 313.0)]}
[DEBUG] mask nonzero = 253
[DEBUG] found 3 raw contours
[DEBUG] kept 3 candidates after filtering
[DEBUG] roi_desc = {'type': 'polygon', 'polygon': [(329.0, 318.0), (351.0, 301.0), (373.0, 280.0), (395.0, 264.0), (410.0, 237.0), (399.0, 194.0), (357.0, 161.0), (310.0, 167.0), (271.0, 175.0), (237.0, 188.0), (221.0, 208.0), (219.0, 222.0), (219.0, 239.0), (234.0, 245.0), (249.0, 255.0), (260.0, 269.0), (286.0, 288.0), (303.0, 300.0), (314.0, 310.0), (321.0, 313.0)]}
[DEBUG] mask nonzero = 265
[DEBUG] found 3 raw contours
[DEBUG] kept 3 candidates after filtering
[DEBUG] roi_desc = {'type': 'polygon', 'polygon': [(329.0, 318.0), (351.0, 301.0), (373.0, 280.0), (395.0, 264.0), (410.0, 237.0), (399.0, 194.0), (357.0, 161.0), (310.0, 167.0), (271.0, 175.0), (237.0, 188.0), (221.0, 208.0), (219.0, 222.0), (219.0, 239.0), (234.0, 245.0), (249.0, 255.0), (260.0, 269.0), (286.0, 288.0), (303.0, 300.0), (314.0, 310.0), (321.0, 313.0)]}
[DEBUG] mask nonzero = 263
[DEBUG] found 3 raw contours
[DEBUG] kept 3 candidates after filtering
[beam] iter 0: 30.1 mm (target 30, err -0.1)
[worker] beam 30.1 mm; running mpc_ltv_offline
[path] LIVE (servoJ per tick)  control @ 10.0 Hz  ref=plan_dir
[path] log -> /home/jack/Proper-Research/close_loop_logs/compare_tri/runs/ltv_rep1_20260910T132101Z/path_follow.jsonl
[path] T_R_B  B.x(axial)=[-1.0, 0.0, 0.0]  B.y(sideways)=[0.0, 1.0, 0.0]  B.z(camera)=[0.0, 0.0, -1.0]
[path] advancer LIVE on /dev/ttyACM0
[path] camera + reader up; waiting for first tip + joints...
[path] planner->R fit: |t_fit|=0.000 m, det(R_fit)=+1.000
[path]   plan des[0] [495.4, -670.4, -16.6] mm  des[-1] [495.4, -670.4, -16.6] mm  (robot frame)
[path] loaded plan reference: 132 samples, 13.1s, source='/home/jack/Proper-Research/plans/triangle_8mm_2026-09-10/time_parameterized_configuration_path/time_parameterized_configuration_path.csv'
[path] start tip (mm) = [495.43, -670.44, -16.57]
[path] ref[0]     (mm) = [495.43, -670.44, -16.57]
[path] ref[-1]    (mm) = [495.43, -670.44, -16.57]
[path] building analytic beam Jacobian (forward-model solve + FK)...
[INIT] L_ins=0.040 -> L_model=0.040, wire_len=0.000, tip_len=0.040


tip position         : [ 0.79019416 -0.69343739 -0.09999488]
base position        : [ 0.82813282 -0.68127317 -0.1       ]
tip deflection       : [-3.79386605e-02 -1.21642203e-02  5.11567978e-06]
tip deflection norm  : 3.984106e-02



max violation        : 1.912274e-02

[path] model magnet in B = [+280, -0, -0] mm (coaxial: B.y/B.z ~0 -> magnet on the beam axis, ~280 mm ahead)
[path] |d(tip)/d(magnet)| per axis  B.z/out=0.005  B.y/in-plane=0.075  B.x/axial=0.075 mm/mm (axial should be ~0 for a coaxial axial-dipole magnet)
[path] ===== FROZEN BEAM JACOBIAN  d(tip_R xyz)/d[q1..q6, insertion] =====
[path] rows = tip R.x, R.y, R.z   cols = q1..q6 (rad), insertion (m)
[path]   R.x: [ 0.00231 -0.00006 -0.00147 -0.00076  0.00075 -0.00078 -0.99782]
[path]   R.y: [ 0.05097 -0.00357 -0.03426 -0.0177   0.01688 -0.01719  0.06698]
[path]   R.z: [ 0.00019  0.09656  0.07984  0.04366 -0.01113  0.00061  0.00167]
[path] --- J = J_beam[:, 0:3] @ Jv_robot ,  J[:,6] = J_beam[:,6] ---
[path] J_beam (3x7) d(tip)/d[magnet_xyz(3), magnet_rot(3), insertion]:
[path]   R.x: [ 0.00021  0.00342  0.00008  0.      -0.00001  0.00029 -0.99782]
[path]   R.y: [ 0.00478  0.0752   0.00001 -0.00002 -0.       0.00636  0.06698]
[path]   R.z: [ 0.00016  0.00001  0.07478  0.0011  -0.00626  0.       0.00167]
[path] Jv_robot (3x6) d(TCP_pos)/d(q):
[path]   R.x: [ 1.18706  0.04474  0.41681  0.2187   0.23478 -0.45275]
[path]   R.y: [ 0.60228 -0.05057 -0.48221 -0.24932  0.20954 -0.19984]
[path]   R.z: [ 0.       1.29125  1.06685  0.58339 -0.14932  0.00918]
[path] ================================================================
[path] cond(J[:, :6]) = 26204.12
[path] using external Jacobian schedule (132, 3, 7)
[path] controller = mpc_ltv_offline (horizon=30, freeze@0); closing the loop
Polishing not needed - no active set detected at optimal point
Polishing not needed - no active set detected at optimal point
Polishing not needed - no active set detected at optimal point
[  10] ref=   9/131 |e|=  0.22mm e=[ -0.08  -0.20  +0.00] |qd|=0.0702 ins= 31.5mm
[  20] ref=  19/131 |e|=  0.27mm e=[ +0.18  +0.20  +0.00] |qd|=0.1252 ins= 33.0mm
[  30] ref=  29/131 |e|=  0.63mm e=[ +0.53  +0.34  +0.00] |qd|=0.1508 ins= 34.6mm
[  40] ref=  39/131 |e|=  1.38mm e=[ +0.49  +1.29  +0.00] |qd|=0.1845 ins= 36.2mm
[  50] ref=  50/131 |e|=  1.82mm e=[ -0.48  +1.76  +0.00] |qd|=0.1754 ins= 37.6mm
[  60] ref=  60/131 |e|=  1.07mm e=[ +0.78  -0.74  +0.00] |qd|=0.0308 ins= 38.6mm
[  70] ref=  69/131 |e|=  1.84mm e=[ +0.72  -1.69  +0.00] |qd|=0.1696 ins= 38.2mm
[  80] ref=  80/131 |e|=  3.18mm e=[ +0.64  -3.11  +0.00] |qd|=0.2125 ins= 38.1mm
[  90] ref=  89/131 |e|=  2.15mm e=[ +0.89  -1.96  +0.00] |qd|=0.2119 ins= 36.4mm
[ 100] ref= 100/131 |e|=  1.26mm e=[ +1.01  -0.75  +0.00] |qd|=0.1771 ins= 34.5mm
[ 110] ref= 109/131 |e|=  0.98mm e=[ +0.93  -0.31  +0.00] |qd|=0.1454 ins= 33.1mm
[ 120] ref= 120/131 |e|=  0.95mm e=[ +0.95  -0.04  +0.00] |qd|=0.1024 ins= 31.4mm
[ 130] ref= 129/131 |e|=  0.41mm e=[ +0.33  +0.24  +0.00] |qd|=0.1044 ins= 30.1mm
[ 135] ref= 131/131 |e|=  0.34mm e=[ -0.16  +0.30  +0.00] |qd|=0.1039 ins= 30.1mm TERM
[ 140] ref= 131/131 |e|=  0.29mm e=[ -0.11  +0.27  +0.00] |qd|=0.1037 ins= 30.1mm TERM
[ 145] ref= 131/131 |e|=  0.37mm e=[ -0.19  +0.31  +0.00] |qd|=0.1039 ins= 30.1mm TERM
[ 150] ref= 131/131 |e|=  0.33mm e=[ -0.16  +0.28  +0.00] |qd|=0.1038 ins= 30.1mm TERM
[path] wrote /home/jack/Proper-Research/close_loop_logs/compare_tri/runs/ltv_rep1_20260910T132101Z/path_follow_plot.png

=== PATH-FOLLOW SUMMARY ===
  timestamp_utc           : 2026-09-10T13:21:47.209637+00:00
  stop_reason             : path_complete
  control_steps           : 153
  started_moving          : True
  reference_samples       : 132
  jacobian_condition      : 26204.12
  final_error_mm          : 0.351
  max_error_mm            : 3.4
  vision_detection_failures: 0
  log                     : /home/jack/Proper-Research/close_loop_logs/compare_tri/runs/ltv_rep1_20260910T132101Z/path_follow.jsonl
  csv                     : /home/jack/Proper-Research/close_loop_logs/compare_tri/runs/ltv_rep1_20260910T132101Z/tip_trajectory.csv
  plot                    : /home/jack/Proper-Research/close_loop_logs/compare_tri/runs/ltv_rep1_20260910T132101Z/path_follow_plot.png
[metrics] mpc_ltv_offline rep1: rms=1.45 max=3.40 hold=0.34 final=0.35 mm (path_complete)

========================================================================
  rep 2/3   naive_inverse_jacobian
========================================================================
[compare] settle 30s (RTDE)...
[reset] at reference joints (dq=0.0001)
[DEBUG] roi_desc = {'type': 'polygon', 'polygon': [(329.0, 318.0), (351.0, 301.0), (373.0, 280.0), (395.0, 264.0), (410.0, 237.0), (399.0, 194.0), (357.0, 161.0), (310.0, 167.0), (271.0, 175.0), (237.0, 188.0), (221.0, 208.0), (219.0, 222.0), (219.0, 239.0), (234.0, 245.0), (249.0, 255.0), (260.0, 269.0), (286.0, 288.0), (303.0, 300.0), (314.0, 310.0), (321.0, 313.0)]}
[DEBUG] mask nonzero = 254
[DEBUG] found 3 raw contours
[DEBUG] kept 3 candidates after filtering
[DEBUG] roi_desc = {'type': 'polygon', 'polygon': [(329.0, 318.0), (351.0, 301.0), (373.0, 280.0), (395.0, 264.0), (410.0, 237.0), (399.0, 194.0), (357.0, 161.0), (310.0, 167.0), (271.0, 175.0), (237.0, 188.0), (221.0, 208.0), (219.0, 222.0), (219.0, 239.0), (234.0, 245.0), (249.0, 255.0), (260.0, 269.0), (286.0, 288.0), (303.0, 300.0), (314.0, 310.0), (321.0, 313.0)]}
[DEBUG] mask nonzero = 261
[DEBUG] found 3 raw contours
[DEBUG] kept 3 candidates after filtering
[DEBUG] roi_desc = {'type': 'polygon', 'polygon': [(329.0, 318.0), (351.0, 301.0), (373.0, 280.0), (395.0, 264.0), (410.0, 237.0), (399.0, 194.0), (357.0, 161.0), (310.0, 167.0), (271.0, 175.0), (237.0, 188.0), (221.0, 208.0), (219.0, 222.0), (219.0, 239.0), (234.0, 245.0), (249.0, 255.0), (260.0, 269.0), (286.0, 288.0), (303.0, 300.0), (314.0, 310.0), (321.0, 313.0)]}
[DEBUG] mask nonzero = 264
[DEBUG] found 3 raw contours
[DEBUG] kept 3 candidates after filtering
[DEBUG] roi_desc = {'type': 'polygon', 'polygon': [(329.0, 318.0), (351.0, 301.0), (373.0, 280.0), (395.0, 264.0), (410.0, 237.0), (399.0, 194.0), (357.0, 161.0), (310.0, 167.0), (271.0, 175.0), (237.0, 188.0), (221.0, 208.0), (219.0, 222.0), (219.0, 239.0), (234.0, 245.0), (249.0, 255.0), (260.0, 269.0), (286.0, 288.0), (303.0, 300.0), (314.0, 310.0), (321.0, 313.0)]}
[DEBUG] mask nonzero = 257
[DEBUG] found 3 raw contours
[DEBUG] kept 3 candidates after filtering
[DEBUG] roi_desc = {'type': 'polygon', 'polygon': [(329.0, 318.0), (351.0, 301.0), (373.0, 280.0), (395.0, 264.0), (410.0, 237.0), (399.0, 194.0), (357.0, 161.0), (310.0, 167.0), (271.0, 175.0), (237.0, 188.0), (221.0, 208.0), (219.0, 222.0), (219.0, 239.0), (234.0, 245.0), (249.0, 255.0), (260.0, 269.0), (286.0, 288.0), (303.0, 300.0), (314.0, 310.0), (321.0, 313.0)]}
[DEBUG] mask nonzero = 261
[DEBUG] found 3 raw contours
[DEBUG] kept 3 candidates after filtering
[DEBUG] roi_desc = {'type': 'polygon', 'polygon': [(329.0, 318.0), (351.0, 301.0), (373.0, 280.0), (395.0, 264.0), (410.0, 237.0), (399.0, 194.0), (357.0, 161.0), (310.0, 167.0), (271.0, 175.0), (237.0, 188.0), (221.0, 208.0), (219.0, 222.0), (219.0, 239.0), (234.0, 245.0), (249.0, 255.0), (260.0, 269.0), (286.0, 288.0), (303.0, 300.0), (314.0, 310.0), (321.0, 313.0)]}
[DEBUG] mask nonzero = 264
[DEBUG] found 3 raw contours
[DEBUG] kept 3 candidates after filtering
[DEBUG] roi_desc = {'type': 'polygon', 'polygon': [(329.0, 318.0), (351.0, 301.0), (373.0, 280.0), (395.0, 264.0), (410.0, 237.0), (399.0, 194.0), (357.0, 161.0), (310.0, 167.0), (271.0, 175.0), (237.0, 188.0), (221.0, 208.0), (219.0, 222.0), (219.0, 239.0), (234.0, 245.0), (249.0, 255.0), (260.0, 269.0), (286.0, 288.0), (303.0, 300.0), (314.0, 310.0), (321.0, 313.0)]}
[DEBUG] mask nonzero = 258
[DEBUG] found 3 raw contours
[DEBUG] kept 3 candidates after filtering
[DEBUG] roi_desc = {'type': 'polygon', 'polygon': [(329.0, 318.0), (351.0, 301.0), (373.0, 280.0), (395.0, 264.0), (410.0, 237.0), (399.0, 194.0), (357.0, 161.0), (310.0, 167.0), (271.0, 175.0), (237.0, 188.0), (221.0, 208.0), (219.0, 222.0), (219.0, 239.0), (234.0, 245.0), (249.0, 255.0), (260.0, 269.0), (286.0, 288.0), (303.0, 300.0), (314.0, 310.0), (321.0, 313.0)]}
[DEBUG] mask nonzero = 263
[DEBUG] found 3 raw contours
[DEBUG] kept 3 candidates after filtering
[DEBUG] roi_desc = {'type': 'polygon', 'polygon': [(329.0, 318.0), (351.0, 301.0), (373.0, 280.0), (395.0, 264.0), (410.0, 237.0), (399.0, 194.0), (357.0, 161.0), (310.0, 167.0), (271.0, 175.0), (237.0, 188.0), (221.0, 208.0), (219.0, 222.0), (219.0, 239.0), (234.0, 245.0), (249.0, 255.0), (260.0, 269.0), (286.0, 288.0), (303.0, 300.0), (314.0, 310.0), (321.0, 313.0)]}
[DEBUG] mask nonzero = 252
[DEBUG] found 3 raw contours
[DEBUG] kept 3 candidates after filtering
[DEBUG] roi_desc = {'type': 'polygon', 'polygon': [(329.0, 318.0), (351.0, 301.0), (373.0, 280.0), (395.0, 264.0), (410.0, 237.0), (399.0, 194.0), (357.0, 161.0), (310.0, 167.0), (271.0, 175.0), (237.0, 188.0), (221.0, 208.0), (219.0, 222.0), (219.0, 239.0), (234.0, 245.0), (249.0, 255.0), (260.0, 269.0), (286.0, 288.0), (303.0, 300.0), (314.0, 310.0), (321.0, 313.0)]}
[DEBUG] mask nonzero = 262
[DEBUG] found 3 raw contours
[DEBUG] kept 3 candidates after filtering
[DEBUG] roi_desc = {'type': 'polygon', 'polygon': [(329.0, 318.0), (351.0, 301.0), (373.0, 280.0), (395.0, 264.0), (410.0, 237.0), (399.0, 194.0), (357.0, 161.0), (310.0, 167.0), (271.0, 175.0), (237.0, 188.0), (221.0, 208.0), (219.0, 222.0), (219.0, 239.0), (234.0, 245.0), (249.0, 255.0), (260.0, 269.0), (286.0, 288.0), (303.0, 300.0), (314.0, 310.0), (321.0, 313.0)]}
[DEBUG] mask nonzero = 262
[DEBUG] found 3 raw contours
[DEBUG] kept 3 candidates after filtering
[DEBUG] roi_desc = {'type': 'polygon', 'polygon': [(329.0, 318.0), (351.0, 301.0), (373.0, 280.0), (395.0, 264.0), (410.0, 237.0), (399.0, 194.0), (357.0, 161.0), (310.0, 167.0), (271.0, 175.0), (237.0, 188.0), (221.0, 208.0), (219.0, 222.0), (219.0, 239.0), (234.0, 245.0), (249.0, 255.0), (260.0, 269.0), (286.0, 288.0), (303.0, 300.0), (314.0, 310.0), (321.0, 313.0)]}
[DEBUG] mask nonzero = 260
[DEBUG] found 3 raw contours
[DEBUG] kept 3 candidates after filtering
[DEBUG] roi_desc = {'type': 'polygon', 'polygon': [(329.0, 318.0), (351.0, 301.0), (373.0, 280.0), (395.0, 264.0), (410.0, 237.0), (399.0, 194.0), (357.0, 161.0), (310.0, 167.0), (271.0, 175.0), (237.0, 188.0), (221.0, 208.0), (219.0, 222.0), (219.0, 239.0), (234.0, 245.0), (249.0, 255.0), (260.0, 269.0), (286.0, 288.0), (303.0, 300.0), (314.0, 310.0), (321.0, 313.0)]}
[DEBUG] mask nonzero = 258
[DEBUG] found 3 raw contours
[DEBUG] kept 3 candidates after filtering
[DEBUG] roi_desc = {'type': 'polygon', 'polygon': [(329.0, 318.0), (351.0, 301.0), (373.0, 280.0), (395.0, 264.0), (410.0, 237.0), (399.0, 194.0), (357.0, 161.0), (310.0, 167.0), (271.0, 175.0), (237.0, 188.0), (221.0, 208.0), (219.0, 222.0), (219.0, 239.0), (234.0, 245.0), (249.0, 255.0), (260.0, 269.0), (286.0, 288.0), (303.0, 300.0), (314.0, 310.0), (321.0, 313.0)]}
[DEBUG] mask nonzero = 256
[DEBUG] found 3 raw contours
[DEBUG] kept 3 candidates after filtering
[DEBUG] roi_desc = {'type': 'polygon', 'polygon': [(329.0, 318.0), (351.0, 301.0), (373.0, 280.0), (395.0, 264.0), (410.0, 237.0), (399.0, 194.0), (357.0, 161.0), (310.0, 167.0), (271.0, 175.0), (237.0, 188.0), (221.0, 208.0), (219.0, 222.0), (219.0, 239.0), (234.0, 245.0), (249.0, 255.0), (260.0, 269.0), (286.0, 288.0), (303.0, 300.0), (314.0, 310.0), (321.0, 313.0)]}
[DEBUG] mask nonzero = 261
[DEBUG] found 3 raw contours
[DEBUG] kept 3 candidates after filtering
[DEBUG] roi_desc = {'type': 'polygon', 'polygon': [(329.0, 318.0), (351.0, 301.0), (373.0, 280.0), (395.0, 264.0), (410.0, 237.0), (399.0, 194.0), (357.0, 161.0), (310.0, 167.0), (271.0, 175.0), (237.0, 188.0), (221.0, 208.0), (219.0, 222.0), (219.0, 239.0), (234.0, 245.0), (249.0, 255.0), (260.0, 269.0), (286.0, 288.0), (303.0, 300.0), (314.0, 310.0), (321.0, 313.0)]}
[DEBUG] mask nonzero = 257
[DEBUG] found 3 raw contours
[DEBUG] kept 3 candidates after filtering
[DEBUG] roi_desc = {'type': 'polygon', 'polygon': [(329.0, 318.0), (351.0, 301.0), (373.0, 280.0), (395.0, 264.0), (410.0, 237.0), (399.0, 194.0), (357.0, 161.0), (310.0, 167.0), (271.0, 175.0), (237.0, 188.0), (221.0, 208.0), (219.0, 222.0), (219.0, 239.0), (234.0, 245.0), (249.0, 255.0), (260.0, 269.0), (286.0, 288.0), (303.0, 300.0), (314.0, 310.0), (321.0, 313.0)]}
[DEBUG] mask nonzero = 267
[DEBUG] found 3 raw contours
[DEBUG] kept 3 candidates after filtering
[DEBUG] roi_desc = {'type': 'polygon', 'polygon': [(329.0, 318.0), (351.0, 301.0), (373.0, 280.0), (395.0, 264.0), (410.0, 237.0), (399.0, 194.0), (357.0, 161.0), (310.0, 167.0), (271.0, 175.0), (237.0, 188.0), (221.0, 208.0), (219.0, 222.0), (219.0, 239.0), (234.0, 245.0), (249.0, 255.0), (260.0, 269.0), (286.0, 288.0), (303.0, 300.0), (314.0, 310.0), (321.0, 313.0)]}
[DEBUG] mask nonzero = 266
[DEBUG] found 3 raw contours
[DEBUG] kept 3 candidates after filtering
[DEBUG] roi_desc = {'type': 'polygon', 'polygon': [(329.0, 318.0), (351.0, 301.0), (373.0, 280.0), (395.0, 264.0), (410.0, 237.0), (399.0, 194.0), (357.0, 161.0), (310.0, 167.0), (271.0, 175.0), (237.0, 188.0), (221.0, 208.0), (219.0, 222.0), (219.0, 239.0), (234.0, 245.0), (249.0, 255.0), (260.0, 269.0), (286.0, 288.0), (303.0, 300.0), (314.0, 310.0), (321.0, 313.0)]}
[DEBUG] mask nonzero = 263
[DEBUG] found 3 raw contours
[DEBUG] kept 3 candidates after filtering
[DEBUG] roi_desc = {'type': 'polygon', 'polygon': [(329.0, 318.0), (351.0, 301.0), (373.0, 280.0), (395.0, 264.0), (410.0, 237.0), (399.0, 194.0), (357.0, 161.0), (310.0, 167.0), (271.0, 175.0), (237.0, 188.0), (221.0, 208.0), (219.0, 222.0), (219.0, 239.0), (234.0, 245.0), (249.0, 255.0), (260.0, 269.0), (286.0, 288.0), (303.0, 300.0), (314.0, 310.0), (321.0, 313.0)]}
[DEBUG] mask nonzero = 265
[DEBUG] found 3 raw contours
[DEBUG] kept 3 candidates after filtering
[DEBUG] roi_desc = {'type': 'polygon', 'polygon': [(329.0, 318.0), (351.0, 301.0), (373.0, 280.0), (395.0, 264.0), (410.0, 237.0), (399.0, 194.0), (357.0, 161.0), (310.0, 167.0), (271.0, 175.0), (237.0, 188.0), (221.0, 208.0), (219.0, 222.0), (219.0, 239.0), (234.0, 245.0), (249.0, 255.0), (260.0, 269.0), (286.0, 288.0), (303.0, 300.0), (314.0, 310.0), (321.0, 313.0)]}
[DEBUG] mask nonzero = 266
[DEBUG] found 3 raw contours
[DEBUG] kept 3 candidates after filtering
[DEBUG] roi_desc = {'type': 'polygon', 'polygon': [(329.0, 318.0), (351.0, 301.0), (373.0, 280.0), (395.0, 264.0), (410.0, 237.0), (399.0, 194.0), (357.0, 161.0), (310.0, 167.0), (271.0, 175.0), (237.0, 188.0), (221.0, 208.0), (219.0, 222.0), (219.0, 239.0), (234.0, 245.0), (249.0, 255.0), (260.0, 269.0), (286.0, 288.0), (303.0, 300.0), (314.0, 310.0), (321.0, 313.0)]}
[DEBUG] mask nonzero = 257
[DEBUG] found 3 raw contours
[DEBUG] kept 3 candidates after filtering
[DEBUG] roi_desc = {'type': 'polygon', 'polygon': [(329.0, 318.0), (351.0, 301.0), (373.0, 280.0), (395.0, 264.0), (410.0, 237.0), (399.0, 194.0), (357.0, 161.0), (310.0, 167.0), (271.0, 175.0), (237.0, 188.0), (221.0, 208.0), (219.0, 222.0), (219.0, 239.0), (234.0, 245.0), (249.0, 255.0), (260.0, 269.0), (286.0, 288.0), (303.0, 300.0), (314.0, 310.0), (321.0, 313.0)]}
[DEBUG] mask nonzero = 259
[DEBUG] found 3 raw contours
[DEBUG] kept 3 candidates after filtering
[DEBUG] roi_desc = {'type': 'polygon', 'polygon': [(329.0, 318.0), (351.0, 301.0), (373.0, 280.0), (395.0, 264.0), (410.0, 237.0), (399.0, 194.0), (357.0, 161.0), (310.0, 167.0), (271.0, 175.0), (237.0, 188.0), (221.0, 208.0), (219.0, 222.0), (219.0, 239.0), (234.0, 245.0), (249.0, 255.0), (260.0, 269.0), (286.0, 288.0), (303.0, 300.0), (314.0, 310.0), (321.0, 313.0)]}
[DEBUG] mask nonzero = 256
[DEBUG] found 3 raw contours
[DEBUG] kept 3 candidates after filtering
[DEBUG] roi_desc = {'type': 'polygon', 'polygon': [(329.0, 318.0), (351.0, 301.0), (373.0, 280.0), (395.0, 264.0), (410.0, 237.0), (399.0, 194.0), (357.0, 161.0), (310.0, 167.0), (271.0, 175.0), (237.0, 188.0), (221.0, 208.0), (219.0, 222.0), (219.0, 239.0), (234.0, 245.0), (249.0, 255.0), (260.0, 269.0), (286.0, 288.0), (303.0, 300.0), (314.0, 310.0), (321.0, 313.0)]}
[DEBUG] mask nonzero = 260
[DEBUG] found 3 raw contours
[DEBUG] kept 3 candidates after filtering
[DEBUG] roi_desc = {'type': 'polygon', 'polygon': [(329.0, 318.0), (351.0, 301.0), (373.0, 280.0), (395.0, 264.0), (410.0, 237.0), (399.0, 194.0), (357.0, 161.0), (310.0, 167.0), (271.0, 175.0), (237.0, 188.0), (221.0, 208.0), (219.0, 222.0), (219.0, 239.0), (234.0, 245.0), (249.0, 255.0), (260.0, 269.0), (286.0, 288.0), (303.0, 300.0), (314.0, 310.0), (321.0, 313.0)]}
[DEBUG] mask nonzero = 256
[DEBUG] found 3 raw contours
[DEBUG] kept 3 candidates after filtering
[DEBUG] roi_desc = {'type': 'polygon', 'polygon': [(329.0, 318.0), (351.0, 301.0), (373.0, 280.0), (395.0, 264.0), (410.0, 237.0), (399.0, 194.0), (357.0, 161.0), (310.0, 167.0), (271.0, 175.0), (237.0, 188.0), (221.0, 208.0), (219.0, 222.0), (219.0, 239.0), (234.0, 245.0), (249.0, 255.0), (260.0, 269.0), (286.0, 288.0), (303.0, 300.0), (314.0, 310.0), (321.0, 313.0)]}
[DEBUG] mask nonzero = 260
[DEBUG] found 3 raw contours
[DEBUG] kept 3 candidates after filtering
[DEBUG] roi_desc = {'type': 'polygon', 'polygon': [(329.0, 318.0), (351.0, 301.0), (373.0, 280.0), (395.0, 264.0), (410.0, 237.0), (399.0, 194.0), (357.0, 161.0), (310.0, 167.0), (271.0, 175.0), (237.0, 188.0), (221.0, 208.0), (219.0, 222.0), (219.0, 239.0), (234.0, 245.0), (249.0, 255.0), (260.0, 269.0), (286.0, 288.0), (303.0, 300.0), (314.0, 310.0), (321.0, 313.0)]}
[DEBUG] mask nonzero = 256
[DEBUG] found 3 raw contours
[DEBUG] kept 3 candidates after filtering
[DEBUG] roi_desc = {'type': 'polygon', 'polygon': [(329.0, 318.0), (351.0, 301.0), (373.0, 280.0), (395.0, 264.0), (410.0, 237.0), (399.0, 194.0), (357.0, 161.0), (310.0, 167.0), (271.0, 175.0), (237.0, 188.0), (221.0, 208.0), (219.0, 222.0), (219.0, 239.0), (234.0, 245.0), (249.0, 255.0), (260.0, 269.0), (286.0, 288.0), (303.0, 300.0), (314.0, 310.0), (321.0, 313.0)]}
[DEBUG] mask nonzero = 259
[DEBUG] found 3 raw contours
[DEBUG] kept 3 candidates after filtering
[DEBUG] roi_desc = {'type': 'polygon', 'polygon': [(329.0, 318.0), (351.0, 301.0), (373.0, 280.0), (395.0, 264.0), (410.0, 237.0), (399.0, 194.0), (357.0, 161.0), (310.0, 167.0), (271.0, 175.0), (237.0, 188.0), (221.0, 208.0), (219.0, 222.0), (219.0, 239.0), (234.0, 245.0), (249.0, 255.0), (260.0, 269.0), (286.0, 288.0), (303.0, 300.0), (314.0, 310.0), (321.0, 313.0)]}
[DEBUG] mask nonzero = 261
[DEBUG] found 3 raw contours
[DEBUG] kept 3 candidates after filtering
[DEBUG] roi_desc = {'type': 'polygon', 'polygon': [(329.0, 318.0), (351.0, 301.0), (373.0, 280.0), (395.0, 264.0), (410.0, 237.0), (399.0, 194.0), (357.0, 161.0), (310.0, 167.0), (271.0, 175.0), (237.0, 188.0), (221.0, 208.0), (219.0, 222.0), (219.0, 239.0), (234.0, 245.0), (249.0, 255.0), (260.0, 269.0), (286.0, 288.0), (303.0, 300.0), (314.0, 310.0), (321.0, 313.0)]}
[DEBUG] mask nonzero = 264
[DEBUG] found 3 raw contours
[DEBUG] kept 3 candidates after filtering
[DEBUG] roi_desc = {'type': 'polygon', 'polygon': [(329.0, 318.0), (351.0, 301.0), (373.0, 280.0), (395.0, 264.0), (410.0, 237.0), (399.0, 194.0), (357.0, 161.0), (310.0, 167.0), (271.0, 175.0), (237.0, 188.0), (221.0, 208.0), (219.0, 222.0), (219.0, 239.0), (234.0, 245.0), (249.0, 255.0), (260.0, 269.0), (286.0, 288.0), (303.0, 300.0), (314.0, 310.0), (321.0, 313.0)]}
[DEBUG] mask nonzero = 262
[DEBUG] found 3 raw contours
[DEBUG] kept 3 candidates after filtering
[DEBUG] roi_desc = {'type': 'polygon', 'polygon': [(329.0, 318.0), (351.0, 301.0), (373.0, 280.0), (395.0, 264.0), (410.0, 237.0), (399.0, 194.0), (357.0, 161.0), (310.0, 167.0), (271.0, 175.0), (237.0, 188.0), (221.0, 208.0), (219.0, 222.0), (219.0, 239.0), (234.0, 245.0), (249.0, 255.0), (260.0, 269.0), (286.0, 288.0), (303.0, 300.0), (314.0, 310.0), (321.0, 313.0)]}
[DEBUG] mask nonzero = 253
[DEBUG] found 3 raw contours
[DEBUG] kept 3 candidates after filtering
[DEBUG] roi_desc = {'type': 'polygon', 'polygon': [(329.0, 318.0), (351.0, 301.0), (373.0, 280.0), (395.0, 264.0), (410.0, 237.0), (399.0, 194.0), (357.0, 161.0), (310.0, 167.0), (271.0, 175.0), (237.0, 188.0), (221.0, 208.0), (219.0, 222.0), (219.0, 239.0), (234.0, 245.0), (249.0, 255.0), (260.0, 269.0), (286.0, 288.0), (303.0, 300.0), (314.0, 310.0), (321.0, 313.0)]}
[DEBUG] mask nonzero = 255
[DEBUG] found 3 raw contours
[DEBUG] kept 3 candidates after filtering
[DEBUG] roi_desc = {'type': 'polygon', 'polygon': [(329.0, 318.0), (351.0, 301.0), (373.0, 280.0), (395.0, 264.0), (410.0, 237.0), (399.0, 194.0), (357.0, 161.0), (310.0, 167.0), (271.0, 175.0), (237.0, 188.0), (221.0, 208.0), (219.0, 222.0), (219.0, 239.0), (234.0, 245.0), (249.0, 255.0), (260.0, 269.0), (286.0, 288.0), (303.0, 300.0), (314.0, 310.0), (321.0, 313.0)]}
[DEBUG] mask nonzero = 261
[DEBUG] found 3 raw contours
[DEBUG] kept 3 candidates after filtering
[DEBUG] roi_desc = {'type': 'polygon', 'polygon': [(329.0, 318.0), (351.0, 301.0), (373.0, 280.0), (395.0, 264.0), (410.0, 237.0), (399.0, 194.0), (357.0, 161.0), (310.0, 167.0), (271.0, 175.0), (237.0, 188.0), (221.0, 208.0), (219.0, 222.0), (219.0, 239.0), (234.0, 245.0), (249.0, 255.0), (260.0, 269.0), (286.0, 288.0), (303.0, 300.0), (314.0, 310.0), (321.0, 313.0)]}
[DEBUG] mask nonzero = 263
[DEBUG] found 3 raw contours
[DEBUG] kept 3 candidates after filtering
[DEBUG] roi_desc = {'type': 'polygon', 'polygon': [(329.0, 318.0), (351.0, 301.0), (373.0, 280.0), (395.0, 264.0), (410.0, 237.0), (399.0, 194.0), (357.0, 161.0), (310.0, 167.0), (271.0, 175.0), (237.0, 188.0), (221.0, 208.0), (219.0, 222.0), (219.0, 239.0), (234.0, 245.0), (249.0, 255.0), (260.0, 269.0), (286.0, 288.0), (303.0, 300.0), (314.0, 310.0), (321.0, 313.0)]}
[DEBUG] mask nonzero = 266
[DEBUG] found 3 raw contours
[DEBUG] kept 3 candidates after filtering
[DEBUG] roi_desc = {'type': 'polygon', 'polygon': [(329.0, 318.0), (351.0, 301.0), (373.0, 280.0), (395.0, 264.0), (410.0, 237.0), (399.0, 194.0), (357.0, 161.0), (310.0, 167.0), (271.0, 175.0), (237.0, 188.0), (221.0, 208.0), (219.0, 222.0), (219.0, 239.0), (234.0, 245.0), (249.0, 255.0), (260.0, 269.0), (286.0, 288.0), (303.0, 300.0), (314.0, 310.0), (321.0, 313.0)]}
[DEBUG] mask nonzero = 259
[DEBUG] found 3 raw contours
[DEBUG] kept 3 candidates after filtering
[DEBUG] roi_desc = {'type': 'polygon', 'polygon': [(329.0, 318.0), (351.0, 301.0), (373.0, 280.0), (395.0, 264.0), (410.0, 237.0), (399.0, 194.0), (357.0, 161.0), (310.0, 167.0), (271.0, 175.0), (237.0, 188.0), (221.0, 208.0), (219.0, 222.0), (219.0, 239.0), (234.0, 245.0), (249.0, 255.0), (260.0, 269.0), (286.0, 288.0), (303.0, 300.0), (314.0, 310.0), (321.0, 313.0)]}
[DEBUG] mask nonzero = 263
[DEBUG] found 3 raw contours
[DEBUG] kept 3 candidates after filtering
[DEBUG] roi_desc = {'type': 'polygon', 'polygon': [(329.0, 318.0), (351.0, 301.0), (373.0, 280.0), (395.0, 264.0), (410.0, 237.0), (399.0, 194.0), (357.0, 161.0), (310.0, 167.0), (271.0, 175.0), (237.0, 188.0), (221.0, 208.0), (219.0, 222.0), (219.0, 239.0), (234.0, 245.0), (249.0, 255.0), (260.0, 269.0), (286.0, 288.0), (303.0, 300.0), (314.0, 310.0), (321.0, 313.0)]}
[DEBUG] mask nonzero = 257
[DEBUG] found 3 raw contours
[DEBUG] kept 3 candidates after filtering
[DEBUG] roi_desc = {'type': 'polygon', 'polygon': [(329.0, 318.0), (351.0, 301.0), (373.0, 280.0), (395.0, 264.0), (410.0, 237.0), (399.0, 194.0), (357.0, 161.0), (310.0, 167.0), (271.0, 175.0), (237.0, 188.0), (221.0, 208.0), (219.0, 222.0), (219.0, 239.0), (234.0, 245.0), (249.0, 255.0), (260.0, 269.0), (286.0, 288.0), (303.0, 300.0), (314.0, 310.0), (321.0, 313.0)]}
[DEBUG] mask nonzero = 261
[DEBUG] found 3 raw contours
[DEBUG] kept 3 candidates after filtering
[DEBUG] roi_desc = {'type': 'polygon', 'polygon': [(329.0, 318.0), (351.0, 301.0), (373.0, 280.0), (395.0, 264.0), (410.0, 237.0), (399.0, 194.0), (357.0, 161.0), (310.0, 167.0), (271.0, 175.0), (237.0, 188.0), (221.0, 208.0), (219.0, 222.0), (219.0, 239.0), (234.0, 245.0), (249.0, 255.0), (260.0, 269.0), (286.0, 288.0), (303.0, 300.0), (314.0, 310.0), (321.0, 313.0)]}
[DEBUG] mask nonzero = 266
[DEBUG] found 3 raw contours
[DEBUG] kept 3 candidates after filtering
[DEBUG] roi_desc = {'type': 'polygon', 'polygon': [(329.0, 318.0), (351.0, 301.0), (373.0, 280.0), (395.0, 264.0), (410.0, 237.0), (399.0, 194.0), (357.0, 161.0), (310.0, 167.0), (271.0, 175.0), (237.0, 188.0), (221.0, 208.0), (219.0, 222.0), (219.0, 239.0), (234.0, 245.0), (249.0, 255.0), (260.0, 269.0), (286.0, 288.0), (303.0, 300.0), (314.0, 310.0), (321.0, 313.0)]}
[DEBUG] mask nonzero = 254
[DEBUG] found 3 raw contours
[DEBUG] kept 3 candidates after filtering
[DEBUG] roi_desc = {'type': 'polygon', 'polygon': [(329.0, 318.0), (351.0, 301.0), (373.0, 280.0), (395.0, 264.0), (410.0, 237.0), (399.0, 194.0), (357.0, 161.0), (310.0, 167.0), (271.0, 175.0), (237.0, 188.0), (221.0, 208.0), (219.0, 222.0), (219.0, 239.0), (234.0, 245.0), (249.0, 255.0), (260.0, 269.0), (286.0, 288.0), (303.0, 300.0), (314.0, 310.0), (321.0, 313.0)]}
[DEBUG] mask nonzero = 267
[DEBUG] found 3 raw contours
[DEBUG] kept 3 candidates after filtering
[DEBUG] roi_desc = {'type': 'polygon', 'polygon': [(329.0, 318.0), (351.0, 301.0), (373.0, 280.0), (395.0, 264.0), (410.0, 237.0), (399.0, 194.0), (357.0, 161.0), (310.0, 167.0), (271.0, 175.0), (237.0, 188.0), (221.0, 208.0), (219.0, 222.0), (219.0, 239.0), (234.0, 245.0), (249.0, 255.0), (260.0, 269.0), (286.0, 288.0), (303.0, 300.0), (314.0, 310.0), (321.0, 313.0)]}
[DEBUG] mask nonzero = 258
[DEBUG] found 3 raw contours
[DEBUG] kept 3 candidates after filtering
[DEBUG] roi_desc = {'type': 'polygon', 'polygon': [(329.0, 318.0), (351.0, 301.0), (373.0, 280.0), (395.0, 264.0), (410.0, 237.0), (399.0, 194.0), (357.0, 161.0), (310.0, 167.0), (271.0, 175.0), (237.0, 188.0), (221.0, 208.0), (219.0, 222.0), (219.0, 239.0), (234.0, 245.0), (249.0, 255.0), (260.0, 269.0), (286.0, 288.0), (303.0, 300.0), (314.0, 310.0), (321.0, 313.0)]}
[DEBUG] mask nonzero = 263
[DEBUG] found 3 raw contours
[DEBUG] kept 3 candidates after filtering
[DEBUG] roi_desc = {'type': 'polygon', 'polygon': [(329.0, 318.0), (351.0, 301.0), (373.0, 280.0), (395.0, 264.0), (410.0, 237.0), (399.0, 194.0), (357.0, 161.0), (310.0, 167.0), (271.0, 175.0), (237.0, 188.0), (221.0, 208.0), (219.0, 222.0), (219.0, 239.0), (234.0, 245.0), (249.0, 255.0), (260.0, 269.0), (286.0, 288.0), (303.0, 300.0), (314.0, 310.0), (321.0, 313.0)]}
[DEBUG] mask nonzero = 264
[DEBUG] found 3 raw contours
[DEBUG] kept 3 candidates after filtering
[DEBUG] roi_desc = {'type': 'polygon', 'polygon': [(329.0, 318.0), (351.0, 301.0), (373.0, 280.0), (395.0, 264.0), (410.0, 237.0), (399.0, 194.0), (357.0, 161.0), (310.0, 167.0), (271.0, 175.0), (237.0, 188.0), (221.0, 208.0), (219.0, 222.0), (219.0, 239.0), (234.0, 245.0), (249.0, 255.0), (260.0, 269.0), (286.0, 288.0), (303.0, 300.0), (314.0, 310.0), (321.0, 313.0)]}
[DEBUG] mask nonzero = 253
[DEBUG] found 3 raw contours
[DEBUG] kept 3 candidates after filtering
[DEBUG] roi_desc = {'type': 'polygon', 'polygon': [(329.0, 318.0), (351.0, 301.0), (373.0, 280.0), (395.0, 264.0), (410.0, 237.0), (399.0, 194.0), (357.0, 161.0), (310.0, 167.0), (271.0, 175.0), (237.0, 188.0), (221.0, 208.0), (219.0, 222.0), (219.0, 239.0), (234.0, 245.0), (249.0, 255.0), (260.0, 269.0), (286.0, 288.0), (303.0, 300.0), (314.0, 310.0), (321.0, 313.0)]}
[DEBUG] mask nonzero = 258
[DEBUG] found 3 raw contours
[DEBUG] kept 3 candidates after filtering
[DEBUG] roi_desc = {'type': 'polygon', 'polygon': [(329.0, 318.0), (351.0, 301.0), (373.0, 280.0), (395.0, 264.0), (410.0, 237.0), (399.0, 194.0), (357.0, 161.0), (310.0, 167.0), (271.0, 175.0), (237.0, 188.0), (221.0, 208.0), (219.0, 222.0), (219.0, 239.0), (234.0, 245.0), (249.0, 255.0), (260.0, 269.0), (286.0, 288.0), (303.0, 300.0), (314.0, 310.0), (321.0, 313.0)]}
[DEBUG] mask nonzero = 252
[DEBUG] found 3 raw contours
[DEBUG] kept 3 candidates after filtering
[DEBUG] roi_desc = {'type': 'polygon', 'polygon': [(329.0, 318.0), (351.0, 301.0), (373.0, 280.0), (395.0, 264.0), (410.0, 237.0), (399.0, 194.0), (357.0, 161.0), (310.0, 167.0), (271.0, 175.0), (237.0, 188.0), (221.0, 208.0), (219.0, 222.0), (219.0, 239.0), (234.0, 245.0), (249.0, 255.0), (260.0, 269.0), (286.0, 288.0), (303.0, 300.0), (314.0, 310.0), (321.0, 313.0)]}
[DEBUG] mask nonzero = 266
[DEBUG] found 3 raw contours
[DEBUG] kept 3 candidates after filtering
[DEBUG] roi_desc = {'type': 'polygon', 'polygon': [(329.0, 318.0), (351.0, 301.0), (373.0, 280.0), (395.0, 264.0), (410.0, 237.0), (399.0, 194.0), (357.0, 161.0), (310.0, 167.0), (271.0, 175.0), (237.0, 188.0), (221.0, 208.0), (219.0, 222.0), (219.0, 239.0), (234.0, 245.0), (249.0, 255.0), (260.0, 269.0), (286.0, 288.0), (303.0, 300.0), (314.0, 310.0), (321.0, 313.0)]}
[DEBUG] mask nonzero = 259
[DEBUG] found 3 raw contours
[DEBUG] kept 3 candidates after filtering
[DEBUG] roi_desc = {'type': 'polygon', 'polygon': [(329.0, 318.0), (351.0, 301.0), (373.0, 280.0), (395.0, 264.0), (410.0, 237.0), (399.0, 194.0), (357.0, 161.0), (310.0, 167.0), (271.0, 175.0), (237.0, 188.0), (221.0, 208.0), (219.0, 222.0), (219.0, 239.0), (234.0, 245.0), (249.0, 255.0), (260.0, 269.0), (286.0, 288.0), (303.0, 300.0), (314.0, 310.0), (321.0, 313.0)]}
[DEBUG] mask nonzero = 261
[DEBUG] found 3 raw contours
[DEBUG] kept 3 candidates after filtering
[DEBUG] roi_desc = {'type': 'polygon', 'polygon': [(329.0, 318.0), (351.0, 301.0), (373.0, 280.0), (395.0, 264.0), (410.0, 237.0), (399.0, 194.0), (357.0, 161.0), (310.0, 167.0), (271.0, 175.0), (237.0, 188.0), (221.0, 208.0), (219.0, 222.0), (219.0, 239.0), (234.0, 245.0), (249.0, 255.0), (260.0, 269.0), (286.0, 288.0), (303.0, 300.0), (314.0, 310.0), (321.0, 313.0)]}
[DEBUG] mask nonzero = 256
[DEBUG] found 3 raw contours
[DEBUG] kept 3 candidates after filtering
[DEBUG] roi_desc = {'type': 'polygon', 'polygon': [(329.0, 318.0), (351.0, 301.0), (373.0, 280.0), (395.0, 264.0), (410.0, 237.0), (399.0, 194.0), (357.0, 161.0), (310.0, 167.0), (271.0, 175.0), (237.0, 188.0), (221.0, 208.0), (219.0, 222.0), (219.0, 239.0), (234.0, 245.0), (249.0, 255.0), (260.0, 269.0), (286.0, 288.0), (303.0, 300.0), (314.0, 310.0), (321.0, 313.0)]}
[DEBUG] mask nonzero = 260
[DEBUG] found 3 raw contours
[DEBUG] kept 3 candidates after filtering
[DEBUG] roi_desc = {'type': 'polygon', 'polygon': [(329.0, 318.0), (351.0, 301.0), (373.0, 280.0), (395.0, 264.0), (410.0, 237.0), (399.0, 194.0), (357.0, 161.0), (310.0, 167.0), (271.0, 175.0), (237.0, 188.0), (221.0, 208.0), (219.0, 222.0), (219.0, 239.0), (234.0, 245.0), (249.0, 255.0), (260.0, 269.0), (286.0, 288.0), (303.0, 300.0), (314.0, 310.0), (321.0, 313.0)]}
[DEBUG] mask nonzero = 261
[DEBUG] found 3 raw contours
[DEBUG] kept 3 candidates after filtering
[DEBUG] roi_desc = {'type': 'polygon', 'polygon': [(329.0, 318.0), (351.0, 301.0), (373.0, 280.0), (395.0, 264.0), (410.0, 237.0), (399.0, 194.0), (357.0, 161.0), (310.0, 167.0), (271.0, 175.0), (237.0, 188.0), (221.0, 208.0), (219.0, 222.0), (219.0, 239.0), (234.0, 245.0), (249.0, 255.0), (260.0, 269.0), (286.0, 288.0), (303.0, 300.0), (314.0, 310.0), (321.0, 313.0)]}
[DEBUG] mask nonzero = 263
[DEBUG] found 3 raw contours
[DEBUG] kept 3 candidates after filtering
[DEBUG] roi_desc = {'type': 'polygon', 'polygon': [(329.0, 318.0), (351.0, 301.0), (373.0, 280.0), (395.0, 264.0), (410.0, 237.0), (399.0, 194.0), (357.0, 161.0), (310.0, 167.0), (271.0, 175.0), (237.0, 188.0), (221.0, 208.0), (219.0, 222.0), (219.0, 239.0), (234.0, 245.0), (249.0, 255.0), (260.0, 269.0), (286.0, 288.0), (303.0, 300.0), (314.0, 310.0), (321.0, 313.0)]}
[DEBUG] mask nonzero = 265
[DEBUG] found 3 raw contours
[DEBUG] kept 3 candidates after filtering
[DEBUG] roi_desc = {'type': 'polygon', 'polygon': [(329.0, 318.0), (351.0, 301.0), (373.0, 280.0), (395.0, 264.0), (410.0, 237.0), (399.0, 194.0), (357.0, 161.0), (310.0, 167.0), (271.0, 175.0), (237.0, 188.0), (221.0, 208.0), (219.0, 222.0), (219.0, 239.0), (234.0, 245.0), (249.0, 255.0), (260.0, 269.0), (286.0, 288.0), (303.0, 300.0), (314.0, 310.0), (321.0, 313.0)]}
[DEBUG] mask nonzero = 264
[DEBUG] found 3 raw contours
[DEBUG] kept 3 candidates after filtering
[DEBUG] roi_desc = {'type': 'polygon', 'polygon': [(329.0, 318.0), (351.0, 301.0), (373.0, 280.0), (395.0, 264.0), (410.0, 237.0), (399.0, 194.0), (357.0, 161.0), (310.0, 167.0), (271.0, 175.0), (237.0, 188.0), (221.0, 208.0), (219.0, 222.0), (219.0, 239.0), (234.0, 245.0), (249.0, 255.0), (260.0, 269.0), (286.0, 288.0), (303.0, 300.0), (314.0, 310.0), (321.0, 313.0)]}
[DEBUG] mask nonzero = 260
[DEBUG] found 3 raw contours
[DEBUG] kept 3 candidates after filtering
[DEBUG] roi_desc = {'type': 'polygon', 'polygon': [(329.0, 318.0), (351.0, 301.0), (373.0, 280.0), (395.0, 264.0), (410.0, 237.0), (399.0, 194.0), (357.0, 161.0), (310.0, 167.0), (271.0, 175.0), (237.0, 188.0), (221.0, 208.0), (219.0, 222.0), (219.0, 239.0), (234.0, 245.0), (249.0, 255.0), (260.0, 269.0), (286.0, 288.0), (303.0, 300.0), (314.0, 310.0), (321.0, 313.0)]}
[DEBUG] mask nonzero = 254
[DEBUG] found 3 raw contours
[DEBUG] kept 3 candidates after filtering
[DEBUG] roi_desc = {'type': 'polygon', 'polygon': [(329.0, 318.0), (351.0, 301.0), (373.0, 280.0), (395.0, 264.0), (410.0, 237.0), (399.0, 194.0), (357.0, 161.0), (310.0, 167.0), (271.0, 175.0), (237.0, 188.0), (221.0, 208.0), (219.0, 222.0), (219.0, 239.0), (234.0, 245.0), (249.0, 255.0), (260.0, 269.0), (286.0, 288.0), (303.0, 300.0), (314.0, 310.0), (321.0, 313.0)]}
[DEBUG] mask nonzero = 259
[DEBUG] found 3 raw contours
[DEBUG] kept 3 candidates after filtering
[DEBUG] roi_desc = {'type': 'polygon', 'polygon': [(329.0, 318.0), (351.0, 301.0), (373.0, 280.0), (395.0, 264.0), (410.0, 237.0), (399.0, 194.0), (357.0, 161.0), (310.0, 167.0), (271.0, 175.0), (237.0, 188.0), (221.0, 208.0), (219.0, 222.0), (219.0, 239.0), (234.0, 245.0), (249.0, 255.0), (260.0, 269.0), (286.0, 288.0), (303.0, 300.0), (314.0, 310.0), (321.0, 313.0)]}
[DEBUG] mask nonzero = 262
[DEBUG] found 3 raw contours
[DEBUG] kept 3 candidates after filtering
[DEBUG] roi_desc = {'type': 'polygon', 'polygon': [(329.0, 318.0), (351.0, 301.0), (373.0, 280.0), (395.0, 264.0), (410.0, 237.0), (399.0, 194.0), (357.0, 161.0), (310.0, 167.0), (271.0, 175.0), (237.0, 188.0), (221.0, 208.0), (219.0, 222.0), (219.0, 239.0), (234.0, 245.0), (249.0, 255.0), (260.0, 269.0), (286.0, 288.0), (303.0, 300.0), (314.0, 310.0), (321.0, 313.0)]}
[DEBUG] mask nonzero = 266
[DEBUG] found 3 raw contours
[DEBUG] kept 3 candidates after filtering
[DEBUG] roi_desc = {'type': 'polygon', 'polygon': [(329.0, 318.0), (351.0, 301.0), (373.0, 280.0), (395.0, 264.0), (410.0, 237.0), (399.0, 194.0), (357.0, 161.0), (310.0, 167.0), (271.0, 175.0), (237.0, 188.0), (221.0, 208.0), (219.0, 222.0), (219.0, 239.0), (234.0, 245.0), (249.0, 255.0), (260.0, 269.0), (286.0, 288.0), (303.0, 300.0), (314.0, 310.0), (321.0, 313.0)]}
[DEBUG] mask nonzero = 264
[DEBUG] found 3 raw contours
[DEBUG] kept 3 candidates after filtering
[DEBUG] roi_desc = {'type': 'polygon', 'polygon': [(329.0, 318.0), (351.0, 301.0), (373.0, 280.0), (395.0, 264.0), (410.0, 237.0), (399.0, 194.0), (357.0, 161.0), (310.0, 167.0), (271.0, 175.0), (237.0, 188.0), (221.0, 208.0), (219.0, 222.0), (219.0, 239.0), (234.0, 245.0), (249.0, 255.0), (260.0, 269.0), (286.0, 288.0), (303.0, 300.0), (314.0, 310.0), (321.0, 313.0)]}
[DEBUG] mask nonzero = 263
[DEBUG] found 3 raw contours
[DEBUG] kept 3 candidates after filtering
[DEBUG] roi_desc = {'type': 'polygon', 'polygon': [(329.0, 318.0), (351.0, 301.0), (373.0, 280.0), (395.0, 264.0), (410.0, 237.0), (399.0, 194.0), (357.0, 161.0), (310.0, 167.0), (271.0, 175.0), (237.0, 188.0), (221.0, 208.0), (219.0, 222.0), (219.0, 239.0), (234.0, 245.0), (249.0, 255.0), (260.0, 269.0), (286.0, 288.0), (303.0, 300.0), (314.0, 310.0), (321.0, 313.0)]}
[DEBUG] mask nonzero = 257
[DEBUG] found 3 raw contours
[DEBUG] kept 3 candidates after filtering
[DEBUG] roi_desc = {'type': 'polygon', 'polygon': [(329.0, 318.0), (351.0, 301.0), (373.0, 280.0), (395.0, 264.0), (410.0, 237.0), (399.0, 194.0), (357.0, 161.0), (310.0, 167.0), (271.0, 175.0), (237.0, 188.0), (221.0, 208.0), (219.0, 222.0), (219.0, 239.0), (234.0, 245.0), (249.0, 255.0), (260.0, 269.0), (286.0, 288.0), (303.0, 300.0), (314.0, 310.0), (321.0, 313.0)]}
[DEBUG] mask nonzero = 254
[DEBUG] found 3 raw contours
[DEBUG] kept 3 candidates after filtering
[DEBUG] roi_desc = {'type': 'polygon', 'polygon': [(329.0, 318.0), (351.0, 301.0), (373.0, 280.0), (395.0, 264.0), (410.0, 237.0), (399.0, 194.0), (357.0, 161.0), (310.0, 167.0), (271.0, 175.0), (237.0, 188.0), (221.0, 208.0), (219.0, 222.0), (219.0, 239.0), (234.0, 245.0), (249.0, 255.0), (260.0, 269.0), (286.0, 288.0), (303.0, 300.0), (314.0, 310.0), (321.0, 313.0)]}
[DEBUG] mask nonzero = 263
[DEBUG] found 3 raw contours
[DEBUG] kept 3 candidates after filtering
[DEBUG] roi_desc = {'type': 'polygon', 'polygon': [(329.0, 318.0), (351.0, 301.0), (373.0, 280.0), (395.0, 264.0), (410.0, 237.0), (399.0, 194.0), (357.0, 161.0), (310.0, 167.0), (271.0, 175.0), (237.0, 188.0), (221.0, 208.0), (219.0, 222.0), (219.0, 239.0), (234.0, 245.0), (249.0, 255.0), (260.0, 269.0), (286.0, 288.0), (303.0, 300.0), (314.0, 310.0), (321.0, 313.0)]}
[DEBUG] mask nonzero = 257
[DEBUG] found 3 raw contours
[DEBUG] kept 3 candidates after filtering
[DEBUG] roi_desc = {'type': 'polygon', 'polygon': [(329.0, 318.0), (351.0, 301.0), (373.0, 280.0), (395.0, 264.0), (410.0, 237.0), (399.0, 194.0), (357.0, 161.0), (310.0, 167.0), (271.0, 175.0), (237.0, 188.0), (221.0, 208.0), (219.0, 222.0), (219.0, 239.0), (234.0, 245.0), (249.0, 255.0), (260.0, 269.0), (286.0, 288.0), (303.0, 300.0), (314.0, 310.0), (321.0, 313.0)]}
[DEBUG] mask nonzero = 262
[DEBUG] found 3 raw contours
[DEBUG] kept 3 candidates after filtering
[DEBUG] roi_desc = {'type': 'polygon', 'polygon': [(329.0, 318.0), (351.0, 301.0), (373.0, 280.0), (395.0, 264.0), (410.0, 237.0), (399.0, 194.0), (357.0, 161.0), (310.0, 167.0), (271.0, 175.0), (237.0, 188.0), (221.0, 208.0), (219.0, 222.0), (219.0, 239.0), (234.0, 245.0), (249.0, 255.0), (260.0, 269.0), (286.0, 288.0), (303.0, 300.0), (314.0, 310.0), (321.0, 313.0)]}
[DEBUG] mask nonzero = 266
[DEBUG] found 3 raw contours
[DEBUG] kept 3 candidates after filtering
[DEBUG] roi_desc = {'type': 'polygon', 'polygon': [(329.0, 318.0), (351.0, 301.0), (373.0, 280.0), (395.0, 264.0), (410.0, 237.0), (399.0, 194.0), (357.0, 161.0), (310.0, 167.0), (271.0, 175.0), (237.0, 188.0), (221.0, 208.0), (219.0, 222.0), (219.0, 239.0), (234.0, 245.0), (249.0, 255.0), (260.0, 269.0), (286.0, 288.0), (303.0, 300.0), (314.0, 310.0), (321.0, 313.0)]}
[DEBUG] mask nonzero = 259
[DEBUG] found 3 raw contours
[DEBUG] kept 3 candidates after filtering
[DEBUG] roi_desc = {'type': 'polygon', 'polygon': [(329.0, 318.0), (351.0, 301.0), (373.0, 280.0), (395.0, 264.0), (410.0, 237.0), (399.0, 194.0), (357.0, 161.0), (310.0, 167.0), (271.0, 175.0), (237.0, 188.0), (221.0, 208.0), (219.0, 222.0), (219.0, 239.0), (234.0, 245.0), (249.0, 255.0), (260.0, 269.0), (286.0, 288.0), (303.0, 300.0), (314.0, 310.0), (321.0, 313.0)]}
[DEBUG] mask nonzero = 264
[DEBUG] found 3 raw contours
[DEBUG] kept 3 candidates after filtering
[DEBUG] roi_desc = {'type': 'polygon', 'polygon': [(329.0, 318.0), (351.0, 301.0), (373.0, 280.0), (395.0, 264.0), (410.0, 237.0), (399.0, 194.0), (357.0, 161.0), (310.0, 167.0), (271.0, 175.0), (237.0, 188.0), (221.0, 208.0), (219.0, 222.0), (219.0, 239.0), (234.0, 245.0), (249.0, 255.0), (260.0, 269.0), (286.0, 288.0), (303.0, 300.0), (314.0, 310.0), (321.0, 313.0)]}
[DEBUG] mask nonzero = 258
[DEBUG] found 3 raw contours
[DEBUG] kept 3 candidates after filtering
[DEBUG] roi_desc = {'type': 'polygon', 'polygon': [(329.0, 318.0), (351.0, 301.0), (373.0, 280.0), (395.0, 264.0), (410.0, 237.0), (399.0, 194.0), (357.0, 161.0), (310.0, 167.0), (271.0, 175.0), (237.0, 188.0), (221.0, 208.0), (219.0, 222.0), (219.0, 239.0), (234.0, 245.0), (249.0, 255.0), (260.0, 269.0), (286.0, 288.0), (303.0, 300.0), (314.0, 310.0), (321.0, 313.0)]}
[DEBUG] mask nonzero = 267
[DEBUG] found 3 raw contours
[DEBUG] kept 3 candidates after filtering
[DEBUG] roi_desc = {'type': 'polygon', 'polygon': [(329.0, 318.0), (351.0, 301.0), (373.0, 280.0), (395.0, 264.0), (410.0, 237.0), (399.0, 194.0), (357.0, 161.0), (310.0, 167.0), (271.0, 175.0), (237.0, 188.0), (221.0, 208.0), (219.0, 222.0), (219.0, 239.0), (234.0, 245.0), (249.0, 255.0), (260.0, 269.0), (286.0, 288.0), (303.0, 300.0), (314.0, 310.0), (321.0, 313.0)]}
[DEBUG] mask nonzero = 257
[DEBUG] found 3 raw contours
[DEBUG] kept 3 candidates after filtering
[DEBUG] roi_desc = {'type': 'polygon', 'polygon': [(329.0, 318.0), (351.0, 301.0), (373.0, 280.0), (395.0, 264.0), (410.0, 237.0), (399.0, 194.0), (357.0, 161.0), (310.0, 167.0), (271.0, 175.0), (237.0, 188.0), (221.0, 208.0), (219.0, 222.0), (219.0, 239.0), (234.0, 245.0), (249.0, 255.0), (260.0, 269.0), (286.0, 288.0), (303.0, 300.0), (314.0, 310.0), (321.0, 313.0)]}
[DEBUG] mask nonzero = 259
[DEBUG] found 3 raw contours
[DEBUG] kept 3 candidates after filtering
[DEBUG] roi_desc = {'type': 'polygon', 'polygon': [(329.0, 318.0), (351.0, 301.0), (373.0, 280.0), (395.0, 264.0), (410.0, 237.0), (399.0, 194.0), (357.0, 161.0), (310.0, 167.0), (271.0, 175.0), (237.0, 188.0), (221.0, 208.0), (219.0, 222.0), (219.0, 239.0), (234.0, 245.0), (249.0, 255.0), (260.0, 269.0), (286.0, 288.0), (303.0, 300.0), (314.0, 310.0), (321.0, 313.0)]}
[DEBUG] mask nonzero = 257
[DEBUG] found 3 raw contours
[DEBUG] kept 3 candidates after filtering
[DEBUG] roi_desc = {'type': 'polygon', 'polygon': [(329.0, 318.0), (351.0, 301.0), (373.0, 280.0), (395.0, 264.0), (410.0, 237.0), (399.0, 194.0), (357.0, 161.0), (310.0, 167.0), (271.0, 175.0), (237.0, 188.0), (221.0, 208.0), (219.0, 222.0), (219.0, 239.0), (234.0, 245.0), (249.0, 255.0), (260.0, 269.0), (286.0, 288.0), (303.0, 300.0), (314.0, 310.0), (321.0, 313.0)]}
[DEBUG] mask nonzero = 262
[DEBUG] found 3 raw contours
[DEBUG] kept 3 candidates after filtering
[DEBUG] roi_desc = {'type': 'polygon', 'polygon': [(329.0, 318.0), (351.0, 301.0), (373.0, 280.0), (395.0, 264.0), (410.0, 237.0), (399.0, 194.0), (357.0, 161.0), (310.0, 167.0), (271.0, 175.0), (237.0, 188.0), (221.0, 208.0), (219.0, 222.0), (219.0, 239.0), (234.0, 245.0), (249.0, 255.0), (260.0, 269.0), (286.0, 288.0), (303.0, 300.0), (314.0, 310.0), (321.0, 313.0)]}
[DEBUG] mask nonzero = 262
[DEBUG] found 3 raw contours
[DEBUG] kept 3 candidates after filtering
[DEBUG] roi_desc = {'type': 'polygon', 'polygon': [(329.0, 318.0), (351.0, 301.0), (373.0, 280.0), (395.0, 264.0), (410.0, 237.0), (399.0, 194.0), (357.0, 161.0), (310.0, 167.0), (271.0, 175.0), (237.0, 188.0), (221.0, 208.0), (219.0, 222.0), (219.0, 239.0), (234.0, 245.0), (249.0, 255.0), (260.0, 269.0), (286.0, 288.0), (303.0, 300.0), (314.0, 310.0), (321.0, 313.0)]}
[DEBUG] mask nonzero = 258
[DEBUG] found 3 raw contours
[DEBUG] kept 3 candidates after filtering
[DEBUG] roi_desc = {'type': 'polygon', 'polygon': [(329.0, 318.0), (351.0, 301.0), (373.0, 280.0), (395.0, 264.0), (410.0, 237.0), (399.0, 194.0), (357.0, 161.0), (310.0, 167.0), (271.0, 175.0), (237.0, 188.0), (221.0, 208.0), (219.0, 222.0), (219.0, 239.0), (234.0, 245.0), (249.0, 255.0), (260.0, 269.0), (286.0, 288.0), (303.0, 300.0), (314.0, 310.0), (321.0, 313.0)]}
[DEBUG] mask nonzero = 261
[DEBUG] found 3 raw contours
[DEBUG] kept 3 candidates after filtering
[DEBUG] roi_desc = {'type': 'polygon', 'polygon': [(329.0, 318.0), (351.0, 301.0), (373.0, 280.0), (395.0, 264.0), (410.0, 237.0), (399.0, 194.0), (357.0, 161.0), (310.0, 167.0), (271.0, 175.0), (237.0, 188.0), (221.0, 208.0), (219.0, 222.0), (219.0, 239.0), (234.0, 245.0), (249.0, 255.0), (260.0, 269.0), (286.0, 288.0), (303.0, 300.0), (314.0, 310.0), (321.0, 313.0)]}
[DEBUG] mask nonzero = 261
[DEBUG] found 3 raw contours
[DEBUG] kept 3 candidates after filtering
[DEBUG] roi_desc = {'type': 'polygon', 'polygon': [(329.0, 318.0), (351.0, 301.0), (373.0, 280.0), (395.0, 264.0), (410.0, 237.0), (399.0, 194.0), (357.0, 161.0), (310.0, 167.0), (271.0, 175.0), (237.0, 188.0), (221.0, 208.0), (219.0, 222.0), (219.0, 239.0), (234.0, 245.0), (249.0, 255.0), (260.0, 269.0), (286.0, 288.0), (303.0, 300.0), (314.0, 310.0), (321.0, 313.0)]}
[DEBUG] mask nonzero = 256
[DEBUG] found 3 raw contours
[DEBUG] kept 3 candidates after filtering
[DEBUG] roi_desc = {'type': 'polygon', 'polygon': [(329.0, 318.0), (351.0, 301.0), (373.0, 280.0), (395.0, 264.0), (410.0, 237.0), (399.0, 194.0), (357.0, 161.0), (310.0, 167.0), (271.0, 175.0), (237.0, 188.0), (221.0, 208.0), (219.0, 222.0), (219.0, 239.0), (234.0, 245.0), (249.0, 255.0), (260.0, 269.0), (286.0, 288.0), (303.0, 300.0), (314.0, 310.0), (321.0, 313.0)]}
[DEBUG] mask nonzero = 260
[DEBUG] found 3 raw contours
[DEBUG] kept 3 candidates after filtering
[DEBUG] roi_desc = {'type': 'polygon', 'polygon': [(329.0, 318.0), (351.0, 301.0), (373.0, 280.0), (395.0, 264.0), (410.0, 237.0), (399.0, 194.0), (357.0, 161.0), (310.0, 167.0), (271.0, 175.0), (237.0, 188.0), (221.0, 208.0), (219.0, 222.0), (219.0, 239.0), (234.0, 245.0), (249.0, 255.0), (260.0, 269.0), (286.0, 288.0), (303.0, 300.0), (314.0, 310.0), (321.0, 313.0)]}
[DEBUG] mask nonzero = 250
[DEBUG] found 3 raw contours
[DEBUG] kept 3 candidates after filtering
[DEBUG] roi_desc = {'type': 'polygon', 'polygon': [(329.0, 318.0), (351.0, 301.0), (373.0, 280.0), (395.0, 264.0), (410.0, 237.0), (399.0, 194.0), (357.0, 161.0), (310.0, 167.0), (271.0, 175.0), (237.0, 188.0), (221.0, 208.0), (219.0, 222.0), (219.0, 239.0), (234.0, 245.0), (249.0, 255.0), (260.0, 269.0), (286.0, 288.0), (303.0, 300.0), (314.0, 310.0), (321.0, 313.0)]}
[DEBUG] mask nonzero = 250
[DEBUG] found 3 raw contours
[DEBUG] kept 3 candidates after filtering
[DEBUG] roi_desc = {'type': 'polygon', 'polygon': [(329.0, 318.0), (351.0, 301.0), (373.0, 280.0), (395.0, 264.0), (410.0, 237.0), (399.0, 194.0), (357.0, 161.0), (310.0, 167.0), (271.0, 175.0), (237.0, 188.0), (221.0, 208.0), (219.0, 222.0), (219.0, 239.0), (234.0, 245.0), (249.0, 255.0), (260.0, 269.0), (286.0, 288.0), (303.0, 300.0), (314.0, 310.0), (321.0, 313.0)]}
[DEBUG] mask nonzero = 260
[DEBUG] found 3 raw contours
[DEBUG] kept 3 candidates after filtering
[DEBUG] roi_desc = {'type': 'polygon', 'polygon': [(329.0, 318.0), (351.0, 301.0), (373.0, 280.0), (395.0, 264.0), (410.0, 237.0), (399.0, 194.0), (357.0, 161.0), (310.0, 167.0), (271.0, 175.0), (237.0, 188.0), (221.0, 208.0), (219.0, 222.0), (219.0, 239.0), (234.0, 245.0), (249.0, 255.0), (260.0, 269.0), (286.0, 288.0), (303.0, 300.0), (314.0, 310.0), (321.0, 313.0)]}
[DEBUG] mask nonzero = 259
[DEBUG] found 3 raw contours
[DEBUG] kept 3 candidates after filtering
[DEBUG] roi_desc = {'type': 'polygon', 'polygon': [(329.0, 318.0), (351.0, 301.0), (373.0, 280.0), (395.0, 264.0), (410.0, 237.0), (399.0, 194.0), (357.0, 161.0), (310.0, 167.0), (271.0, 175.0), (237.0, 188.0), (221.0, 208.0), (219.0, 222.0), (219.0, 239.0), (234.0, 245.0), (249.0, 255.0), (260.0, 269.0), (286.0, 288.0), (303.0, 300.0), (314.0, 310.0), (321.0, 313.0)]}
[DEBUG] mask nonzero = 259
[DEBUG] found 3 raw contours
[DEBUG] kept 3 candidates after filtering
[DEBUG] roi_desc = {'type': 'polygon', 'polygon': [(329.0, 318.0), (351.0, 301.0), (373.0, 280.0), (395.0, 264.0), (410.0, 237.0), (399.0, 194.0), (357.0, 161.0), (310.0, 167.0), (271.0, 175.0), (237.0, 188.0), (221.0, 208.0), (219.0, 222.0), (219.0, 239.0), (234.0, 245.0), (249.0, 255.0), (260.0, 269.0), (286.0, 288.0), (303.0, 300.0), (314.0, 310.0), (321.0, 313.0)]}
[DEBUG] mask nonzero = 263
[DEBUG] found 3 raw contours
[DEBUG] kept 3 candidates after filtering
[DEBUG] roi_desc = {'type': 'polygon', 'polygon': [(329.0, 318.0), (351.0, 301.0), (373.0, 280.0), (395.0, 264.0), (410.0, 237.0), (399.0, 194.0), (357.0, 161.0), (310.0, 167.0), (271.0, 175.0), (237.0, 188.0), (221.0, 208.0), (219.0, 222.0), (219.0, 239.0), (234.0, 245.0), (249.0, 255.0), (260.0, 269.0), (286.0, 288.0), (303.0, 300.0), (314.0, 310.0), (321.0, 313.0)]}
[DEBUG] mask nonzero = 261
[DEBUG] found 3 raw contours
[DEBUG] kept 3 candidates after filtering
[DEBUG] roi_desc = {'type': 'polygon', 'polygon': [(329.0, 318.0), (351.0, 301.0), (373.0, 280.0), (395.0, 264.0), (410.0, 237.0), (399.0, 194.0), (357.0, 161.0), (310.0, 167.0), (271.0, 175.0), (237.0, 188.0), (221.0, 208.0), (219.0, 222.0), (219.0, 239.0), (234.0, 245.0), (249.0, 255.0), (260.0, 269.0), (286.0, 288.0), (303.0, 300.0), (314.0, 310.0), (321.0, 313.0)]}
[DEBUG] mask nonzero = 261
[DEBUG] found 3 raw contours
[DEBUG] kept 3 candidates after filtering
[DEBUG] roi_desc = {'type': 'polygon', 'polygon': [(329.0, 318.0), (351.0, 301.0), (373.0, 280.0), (395.0, 264.0), (410.0, 237.0), (399.0, 194.0), (357.0, 161.0), (310.0, 167.0), (271.0, 175.0), (237.0, 188.0), (221.0, 208.0), (219.0, 222.0), (219.0, 239.0), (234.0, 245.0), (249.0, 255.0), (260.0, 269.0), (286.0, 288.0), (303.0, 300.0), (314.0, 310.0), (321.0, 313.0)]}
[DEBUG] mask nonzero = 258
[DEBUG] found 3 raw contours
[DEBUG] kept 3 candidates after filtering
[DEBUG] roi_desc = {'type': 'polygon', 'polygon': [(329.0, 318.0), (351.0, 301.0), (373.0, 280.0), (395.0, 264.0), (410.0, 237.0), (399.0, 194.0), (357.0, 161.0), (310.0, 167.0), (271.0, 175.0), (237.0, 188.0), (221.0, 208.0), (219.0, 222.0), (219.0, 239.0), (234.0, 245.0), (249.0, 255.0), (260.0, 269.0), (286.0, 288.0), (303.0, 300.0), (314.0, 310.0), (321.0, 313.0)]}
[DEBUG] mask nonzero = 261
[DEBUG] found 3 raw contours
[DEBUG] kept 3 candidates after filtering
[DEBUG] roi_desc = {'type': 'polygon', 'polygon': [(329.0, 318.0), (351.0, 301.0), (373.0, 280.0), (395.0, 264.0), (410.0, 237.0), (399.0, 194.0), (357.0, 161.0), (310.0, 167.0), (271.0, 175.0), (237.0, 188.0), (221.0, 208.0), (219.0, 222.0), (219.0, 239.0), (234.0, 245.0), (249.0, 255.0), (260.0, 269.0), (286.0, 288.0), (303.0, 300.0), (314.0, 310.0), (321.0, 313.0)]}
[DEBUG] mask nonzero = 255
[DEBUG] found 3 raw contours
[DEBUG] kept 3 candidates after filtering
[DEBUG] roi_desc = {'type': 'polygon', 'polygon': [(329.0, 318.0), (351.0, 301.0), (373.0, 280.0), (395.0, 264.0), (410.0, 237.0), (399.0, 194.0), (357.0, 161.0), (310.0, 167.0), (271.0, 175.0), (237.0, 188.0), (221.0, 208.0), (219.0, 222.0), (219.0, 239.0), (234.0, 245.0), (249.0, 255.0), (260.0, 269.0), (286.0, 288.0), (303.0, 300.0), (314.0, 310.0), (321.0, 313.0)]}
[DEBUG] mask nonzero = 263
[DEBUG] found 3 raw contours
[DEBUG] kept 3 candidates after filtering
[DEBUG] roi_desc = {'type': 'polygon', 'polygon': [(329.0, 318.0), (351.0, 301.0), (373.0, 280.0), (395.0, 264.0), (410.0, 237.0), (399.0, 194.0), (357.0, 161.0), (310.0, 167.0), (271.0, 175.0), (237.0, 188.0), (221.0, 208.0), (219.0, 222.0), (219.0, 239.0), (234.0, 245.0), (249.0, 255.0), (260.0, 269.0), (286.0, 288.0), (303.0, 300.0), (314.0, 310.0), (321.0, 313.0)]}
[DEBUG] mask nonzero = 256
[DEBUG] found 3 raw contours
[DEBUG] kept 3 candidates after filtering
[DEBUG] roi_desc = {'type': 'polygon', 'polygon': [(329.0, 318.0), (351.0, 301.0), (373.0, 280.0), (395.0, 264.0), (410.0, 237.0), (399.0, 194.0), (357.0, 161.0), (310.0, 167.0), (271.0, 175.0), (237.0, 188.0), (221.0, 208.0), (219.0, 222.0), (219.0, 239.0), (234.0, 245.0), (249.0, 255.0), (260.0, 269.0), (286.0, 288.0), (303.0, 300.0), (314.0, 310.0), (321.0, 313.0)]}
[DEBUG] mask nonzero = 266
[DEBUG] found 3 raw contours
[DEBUG] kept 3 candidates after filtering
[DEBUG] roi_desc = {'type': 'polygon', 'polygon': [(329.0, 318.0), (351.0, 301.0), (373.0, 280.0), (395.0, 264.0), (410.0, 237.0), (399.0, 194.0), (357.0, 161.0), (310.0, 167.0), (271.0, 175.0), (237.0, 188.0), (221.0, 208.0), (219.0, 222.0), (219.0, 239.0), (234.0, 245.0), (249.0, 255.0), (260.0, 269.0), (286.0, 288.0), (303.0, 300.0), (314.0, 310.0), (321.0, 313.0)]}
[DEBUG] mask nonzero = 259
[DEBUG] found 3 raw contours
[DEBUG] kept 3 candidates after filtering
[DEBUG] roi_desc = {'type': 'polygon', 'polygon': [(329.0, 318.0), (351.0, 301.0), (373.0, 280.0), (395.0, 264.0), (410.0, 237.0), (399.0, 194.0), (357.0, 161.0), (310.0, 167.0), (271.0, 175.0), (237.0, 188.0), (221.0, 208.0), (219.0, 222.0), (219.0, 239.0), (234.0, 245.0), (249.0, 255.0), (260.0, 269.0), (286.0, 288.0), (303.0, 300.0), (314.0, 310.0), (321.0, 313.0)]}
[DEBUG] mask nonzero = 261
[DEBUG] found 3 raw contours
[DEBUG] kept 3 candidates after filtering
[DEBUG] roi_desc = {'type': 'polygon', 'polygon': [(329.0, 318.0), (351.0, 301.0), (373.0, 280.0), (395.0, 264.0), (410.0, 237.0), (399.0, 194.0), (357.0, 161.0), (310.0, 167.0), (271.0, 175.0), (237.0, 188.0), (221.0, 208.0), (219.0, 222.0), (219.0, 239.0), (234.0, 245.0), (249.0, 255.0), (260.0, 269.0), (286.0, 288.0), (303.0, 300.0), (314.0, 310.0), (321.0, 313.0)]}
[DEBUG] mask nonzero = 261
[DEBUG] found 3 raw contours
[DEBUG] kept 3 candidates after filtering
[DEBUG] roi_desc = {'type': 'polygon', 'polygon': [(329.0, 318.0), (351.0, 301.0), (373.0, 280.0), (395.0, 264.0), (410.0, 237.0), (399.0, 194.0), (357.0, 161.0), (310.0, 167.0), (271.0, 175.0), (237.0, 188.0), (221.0, 208.0), (219.0, 222.0), (219.0, 239.0), (234.0, 245.0), (249.0, 255.0), (260.0, 269.0), (286.0, 288.0), (303.0, 300.0), (314.0, 310.0), (321.0, 313.0)]}
[DEBUG] mask nonzero = 264
[DEBUG] found 3 raw contours
[DEBUG] kept 3 candidates after filtering
[DEBUG] roi_desc = {'type': 'polygon', 'polygon': [(329.0, 318.0), (351.0, 301.0), (373.0, 280.0), (395.0, 264.0), (410.0, 237.0), (399.0, 194.0), (357.0, 161.0), (310.0, 167.0), (271.0, 175.0), (237.0, 188.0), (221.0, 208.0), (219.0, 222.0), (219.0, 239.0), (234.0, 245.0), (249.0, 255.0), (260.0, 269.0), (286.0, 288.0), (303.0, 300.0), (314.0, 310.0), (321.0, 313.0)]}
[DEBUG] mask nonzero = 256
[DEBUG] found 3 raw contours
[DEBUG] kept 3 candidates after filtering
[DEBUG] roi_desc = {'type': 'polygon', 'polygon': [(329.0, 318.0), (351.0, 301.0), (373.0, 280.0), (395.0, 264.0), (410.0, 237.0), (399.0, 194.0), (357.0, 161.0), (310.0, 167.0), (271.0, 175.0), (237.0, 188.0), (221.0, 208.0), (219.0, 222.0), (219.0, 239.0), (234.0, 245.0), (249.0, 255.0), (260.0, 269.0), (286.0, 288.0), (303.0, 300.0), (314.0, 310.0), (321.0, 313.0)]}
[DEBUG] mask nonzero = 267
[DEBUG] found 3 raw contours
[DEBUG] kept 3 candidates after filtering
[DEBUG] roi_desc = {'type': 'polygon', 'polygon': [(329.0, 318.0), (351.0, 301.0), (373.0, 280.0), (395.0, 264.0), (410.0, 237.0), (399.0, 194.0), (357.0, 161.0), (310.0, 167.0), (271.0, 175.0), (237.0, 188.0), (221.0, 208.0), (219.0, 222.0), (219.0, 239.0), (234.0, 245.0), (249.0, 255.0), (260.0, 269.0), (286.0, 288.0), (303.0, 300.0), (314.0, 310.0), (321.0, 313.0)]}
[DEBUG] mask nonzero = 258
[DEBUG] found 3 raw contours
[DEBUG] kept 3 candidates after filtering
[DEBUG] roi_desc = {'type': 'polygon', 'polygon': [(329.0, 318.0), (351.0, 301.0), (373.0, 280.0), (395.0, 264.0), (410.0, 237.0), (399.0, 194.0), (357.0, 161.0), (310.0, 167.0), (271.0, 175.0), (237.0, 188.0), (221.0, 208.0), (219.0, 222.0), (219.0, 239.0), (234.0, 245.0), (249.0, 255.0), (260.0, 269.0), (286.0, 288.0), (303.0, 300.0), (314.0, 310.0), (321.0, 313.0)]}
[DEBUG] mask nonzero = 265
[DEBUG] found 3 raw contours
[DEBUG] kept 3 candidates after filtering
[DEBUG] roi_desc = {'type': 'polygon', 'polygon': [(329.0, 318.0), (351.0, 301.0), (373.0, 280.0), (395.0, 264.0), (410.0, 237.0), (399.0, 194.0), (357.0, 161.0), (310.0, 167.0), (271.0, 175.0), (237.0, 188.0), (221.0, 208.0), (219.0, 222.0), (219.0, 239.0), (234.0, 245.0), (249.0, 255.0), (260.0, 269.0), (286.0, 288.0), (303.0, 300.0), (314.0, 310.0), (321.0, 313.0)]}
[DEBUG] mask nonzero = 259
[DEBUG] found 3 raw contours
[DEBUG] kept 3 candidates after filtering
[DEBUG] roi_desc = {'type': 'polygon', 'polygon': [(329.0, 318.0), (351.0, 301.0), (373.0, 280.0), (395.0, 264.0), (410.0, 237.0), (399.0, 194.0), (357.0, 161.0), (310.0, 167.0), (271.0, 175.0), (237.0, 188.0), (221.0, 208.0), (219.0, 222.0), (219.0, 239.0), (234.0, 245.0), (249.0, 255.0), (260.0, 269.0), (286.0, 288.0), (303.0, 300.0), (314.0, 310.0), (321.0, 313.0)]}
[DEBUG] mask nonzero = 262
[DEBUG] found 3 raw contours
[DEBUG] kept 3 candidates after filtering
[DEBUG] roi_desc = {'type': 'polygon', 'polygon': [(329.0, 318.0), (351.0, 301.0), (373.0, 280.0), (395.0, 264.0), (410.0, 237.0), (399.0, 194.0), (357.0, 161.0), (310.0, 167.0), (271.0, 175.0), (237.0, 188.0), (221.0, 208.0), (219.0, 222.0), (219.0, 239.0), (234.0, 245.0), (249.0, 255.0), (260.0, 269.0), (286.0, 288.0), (303.0, 300.0), (314.0, 310.0), (321.0, 313.0)]}
[DEBUG] mask nonzero = 266
[DEBUG] found 3 raw contours
[DEBUG] kept 3 candidates after filtering
[DEBUG] roi_desc = {'type': 'polygon', 'polygon': [(329.0, 318.0), (351.0, 301.0), (373.0, 280.0), (395.0, 264.0), (410.0, 237.0), (399.0, 194.0), (357.0, 161.0), (310.0, 167.0), (271.0, 175.0), (237.0, 188.0), (221.0, 208.0), (219.0, 222.0), (219.0, 239.0), (234.0, 245.0), (249.0, 255.0), (260.0, 269.0), (286.0, 288.0), (303.0, 300.0), (314.0, 310.0), (321.0, 313.0)]}
[DEBUG] mask nonzero = 259
[DEBUG] found 3 raw contours
[DEBUG] kept 3 candidates after filtering
[DEBUG] roi_desc = {'type': 'polygon', 'polygon': [(329.0, 318.0), (351.0, 301.0), (373.0, 280.0), (395.0, 264.0), (410.0, 237.0), (399.0, 194.0), (357.0, 161.0), (310.0, 167.0), (271.0, 175.0), (237.0, 188.0), (221.0, 208.0), (219.0, 222.0), (219.0, 239.0), (234.0, 245.0), (249.0, 255.0), (260.0, 269.0), (286.0, 288.0), (303.0, 300.0), (314.0, 310.0), (321.0, 313.0)]}
[DEBUG] mask nonzero = 262
[DEBUG] found 3 raw contours
[DEBUG] kept 3 candidates after filtering
[DEBUG] roi_desc = {'type': 'polygon', 'polygon': [(329.0, 318.0), (351.0, 301.0), (373.0, 280.0), (395.0, 264.0), (410.0, 237.0), (399.0, 194.0), (357.0, 161.0), (310.0, 167.0), (271.0, 175.0), (237.0, 188.0), (221.0, 208.0), (219.0, 222.0), (219.0, 239.0), (234.0, 245.0), (249.0, 255.0), (260.0, 269.0), (286.0, 288.0), (303.0, 300.0), (314.0, 310.0), (321.0, 313.0)]}
[DEBUG] mask nonzero = 265
[DEBUG] found 3 raw contours
[DEBUG] kept 3 candidates after filtering
[DEBUG] roi_desc = {'type': 'polygon', 'polygon': [(329.0, 318.0), (351.0, 301.0), (373.0, 280.0), (395.0, 264.0), (410.0, 237.0), (399.0, 194.0), (357.0, 161.0), (310.0, 167.0), (271.0, 175.0), (237.0, 188.0), (221.0, 208.0), (219.0, 222.0), (219.0, 239.0), (234.0, 245.0), (249.0, 255.0), (260.0, 269.0), (286.0, 288.0), (303.0, 300.0), (314.0, 310.0), (321.0, 313.0)]}
[DEBUG] mask nonzero = 255
[DEBUG] found 3 raw contours
[DEBUG] kept 3 candidates after filtering
[DEBUG] roi_desc = {'type': 'polygon', 'polygon': [(329.0, 318.0), (351.0, 301.0), (373.0, 280.0), (395.0, 264.0), (410.0, 237.0), (399.0, 194.0), (357.0, 161.0), (310.0, 167.0), (271.0, 175.0), (237.0, 188.0), (221.0, 208.0), (219.0, 222.0), (219.0, 239.0), (234.0, 245.0), (249.0, 255.0), (260.0, 269.0), (286.0, 288.0), (303.0, 300.0), (314.0, 310.0), (321.0, 313.0)]}
[DEBUG] mask nonzero = 259
[DEBUG] found 3 raw contours
[DEBUG] kept 3 candidates after filtering
[DEBUG] roi_desc = {'type': 'polygon', 'polygon': [(329.0, 318.0), (351.0, 301.0), (373.0, 280.0), (395.0, 264.0), (410.0, 237.0), (399.0, 194.0), (357.0, 161.0), (310.0, 167.0), (271.0, 175.0), (237.0, 188.0), (221.0, 208.0), (219.0, 222.0), (219.0, 239.0), (234.0, 245.0), (249.0, 255.0), (260.0, 269.0), (286.0, 288.0), (303.0, 300.0), (314.0, 310.0), (321.0, 313.0)]}
[DEBUG] mask nonzero = 261
[DEBUG] found 3 raw contours
[DEBUG] kept 3 candidates after filtering
[DEBUG] roi_desc = {'type': 'polygon', 'polygon': [(329.0, 318.0), (351.0, 301.0), (373.0, 280.0), (395.0, 264.0), (410.0, 237.0), (399.0, 194.0), (357.0, 161.0), (310.0, 167.0), (271.0, 175.0), (237.0, 188.0), (221.0, 208.0), (219.0, 222.0), (219.0, 239.0), (234.0, 245.0), (249.0, 255.0), (260.0, 269.0), (286.0, 288.0), (303.0, 300.0), (314.0, 310.0), (321.0, 313.0)]}
[DEBUG] mask nonzero = 253
[DEBUG] found 3 raw contours
[DEBUG] kept 3 candidates after filtering
[DEBUG] roi_desc = {'type': 'polygon', 'polygon': [(329.0, 318.0), (351.0, 301.0), (373.0, 280.0), (395.0, 264.0), (410.0, 237.0), (399.0, 194.0), (357.0, 161.0), (310.0, 167.0), (271.0, 175.0), (237.0, 188.0), (221.0, 208.0), (219.0, 222.0), (219.0, 239.0), (234.0, 245.0), (249.0, 255.0), (260.0, 269.0), (286.0, 288.0), (303.0, 300.0), (314.0, 310.0), (321.0, 313.0)]}
[DEBUG] mask nonzero = 262
[DEBUG] found 3 raw contours
[DEBUG] kept 3 candidates after filtering
RTDEReceiveInterface boost system Exception: (asio.misc:2) End of file
RTDEReceiveInterface boost system Exception: (asio.misc:2) End of file
/home/jack/Proper-Research/beam_direction_magnetisation/post_processing/post_processing.py:560: UserWarning: FigureCanvasAgg is non-interactive, and thus cannot be shown
  plt.show()
[DEBUG] roi_desc = {'type': 'polygon', 'polygon': [(329.0, 318.0), (351.0, 301.0), (373.0, 280.0), (395.0, 264.0), (410.0, 237.0), (399.0, 194.0), (357.0, 161.0), (310.0, 167.0), (271.0, 175.0), (237.0, 188.0), (221.0, 208.0), (219.0, 222.0), (219.0, 239.0), (234.0, 245.0), (249.0, 255.0), (260.0, 269.0), (286.0, 288.0), (303.0, 300.0), (314.0, 310.0), (321.0, 313.0)]}
[DEBUG] mask nonzero = 260
[DEBUG] found 3 raw contours
[DEBUG] kept 3 candidates after filtering
[DEBUG] roi_desc = {'type': 'polygon', 'polygon': [(329.0, 318.0), (351.0, 301.0), (373.0, 280.0), (395.0, 264.0), (410.0, 237.0), (399.0, 194.0), (357.0, 161.0), (310.0, 167.0), (271.0, 175.0), (237.0, 188.0), (221.0, 208.0), (219.0, 222.0), (219.0, 239.0), (234.0, 245.0), (249.0, 255.0), (260.0, 269.0), (286.0, 288.0), (303.0, 300.0), (314.0, 310.0), (321.0, 313.0)]}
[DEBUG] mask nonzero = 264
[DEBUG] found 3 raw contours
[DEBUG] kept 3 candidates after filtering
[DEBUG] roi_desc = {'type': 'polygon', 'polygon': [(329.0, 318.0), (351.0, 301.0), (373.0, 280.0), (395.0, 264.0), (410.0, 237.0), (399.0, 194.0), (357.0, 161.0), (310.0, 167.0), (271.0, 175.0), (237.0, 188.0), (221.0, 208.0), (219.0, 222.0), (219.0, 239.0), (234.0, 245.0), (249.0, 255.0), (260.0, 269.0), (286.0, 288.0), (303.0, 300.0), (314.0, 310.0), (321.0, 313.0)]}
[DEBUG] mask nonzero = 265
[DEBUG] found 3 raw contours
[DEBUG] kept 3 candidates after filtering
[DEBUG] roi_desc = {'type': 'polygon', 'polygon': [(329.0, 318.0), (351.0, 301.0), (373.0, 280.0), (395.0, 264.0), (410.0, 237.0), (399.0, 194.0), (357.0, 161.0), (310.0, 167.0), (271.0, 175.0), (237.0, 188.0), (221.0, 208.0), (219.0, 222.0), (219.0, 239.0), (234.0, 245.0), (249.0, 255.0), (260.0, 269.0), (286.0, 288.0), (303.0, 300.0), (314.0, 310.0), (321.0, 313.0)]}
[DEBUG] mask nonzero = 262
[DEBUG] found 3 raw contours
[DEBUG] kept 3 candidates after filtering
[DEBUG] roi_desc = {'type': 'polygon', 'polygon': [(329.0, 318.0), (351.0, 301.0), (373.0, 280.0), (395.0, 264.0), (410.0, 237.0), (399.0, 194.0), (357.0, 161.0), (310.0, 167.0), (271.0, 175.0), (237.0, 188.0), (221.0, 208.0), (219.0, 222.0), (219.0, 239.0), (234.0, 245.0), (249.0, 255.0), (260.0, 269.0), (286.0, 288.0), (303.0, 300.0), (314.0, 310.0), (321.0, 313.0)]}
[DEBUG] mask nonzero = 250
[DEBUG] found 3 raw contours
[DEBUG] kept 3 candidates after filtering
[DEBUG] roi_desc = {'type': 'polygon', 'polygon': [(329.0, 318.0), (351.0, 301.0), (373.0, 280.0), (395.0, 264.0), (410.0, 237.0), (399.0, 194.0), (357.0, 161.0), (310.0, 167.0), (271.0, 175.0), (237.0, 188.0), (221.0, 208.0), (219.0, 222.0), (219.0, 239.0), (234.0, 245.0), (249.0, 255.0), (260.0, 269.0), (286.0, 288.0), (303.0, 300.0), (314.0, 310.0), (321.0, 313.0)]}
[DEBUG] mask nonzero = 259
[DEBUG] found 3 raw contours
[DEBUG] kept 3 candidates after filtering
[beam] iter 0: 30.2 mm (target 30, err -0.2)
[worker] beam 30.2 mm; running naive_inverse_jacobian
[path] LIVE (servoJ per tick)  control @ 10.0 Hz  ref=plan_dir
[path] log -> /home/jack/Proper-Research/close_loop_logs/compare_tri/runs/inv_rep2_20260910T132235Z/path_follow.jsonl
[path] T_R_B  B.x(axial)=[-1.0, 0.0, 0.0]  B.y(sideways)=[0.0, 1.0, 0.0]  B.z(camera)=[0.0, 0.0, -1.0]
[path] advancer LIVE on /dev/ttyACM0
[path] camera + reader up; waiting for first tip + joints...
[path] planner->R fit: |t_fit|=0.001 m, det(R_fit)=+1.000
[path]   plan des[0] [495.4, -670.7, -16.6] mm  des[-1] [495.4, -670.7, -16.6] mm  (robot frame)
[path] loaded plan reference: 132 samples, 13.1s, source='/home/jack/Proper-Research/plans/triangle_8mm_2026-09-10/time_parameterized_configuration_path/time_parameterized_configuration_path.csv'
[path] start tip (mm) = [495.41, -670.74, -16.57]
[path] ref[0]     (mm) = [495.41, -670.74, -16.57]
[path] ref[-1]    (mm) = [495.41, -670.74, -16.57]
[path] building analytic beam Jacobian (forward-model solve + FK)...
[INIT] L_ins=0.040 -> L_model=0.040, wire_len=0.000, tip_len=0.040


tip position         : [ 0.79019416 -0.69343739 -0.09999488]
base position        : [ 0.82813282 -0.68127317 -0.1       ]
tip deflection       : [-3.79386605e-02 -1.21642203e-02  5.11577664e-06]
tip deflection norm  : 3.984106e-02



max violation        : 1.912274e-02

[path] model magnet in B = [+280, -0, -0] mm (coaxial: B.y/B.z ~0 -> magnet on the beam axis, ~280 mm ahead)
[path] |d(tip)/d(magnet)| per axis  B.z/out=0.005  B.y/in-plane=0.075  B.x/axial=0.075 mm/mm (axial should be ~0 for a coaxial axial-dipole magnet)
[path] ===== FROZEN BEAM JACOBIAN  d(tip_R xyz)/d[q1..q6, insertion] =====
[path] rows = tip R.x, R.y, R.z   cols = q1..q6 (rad), insertion (m)
[path]   R.x: [ 0.00231 -0.00005 -0.00147 -0.00076  0.00075 -0.00078 -0.99782]
[path]   R.y: [ 0.05096 -0.00358 -0.03425 -0.0177   0.01688 -0.01719  0.06702]
[path]   R.z: [ 0.0002   0.09655  0.07983  0.04365 -0.01112  0.00061  0.0017 ]
[path] --- J = J_beam[:, 0:3] @ Jv_robot ,  J[:,6] = J_beam[:,6] ---
[path] J_beam (3x7) d(tip)/d[magnet_xyz(3), magnet_rot(3), insertion]:
[path]   R.x: [ 0.00021  0.00342  0.00008  0.      -0.00001  0.00029 -0.99782]
[path]   R.y: [ 0.00479  0.07519  0.00001 -0.00002 -0.       0.00636  0.06702]
[path]   R.z: [ 0.00016  0.00001  0.07477  0.0011  -0.00626  0.       0.0017 ]
[path] Jv_robot (3x6) d(TCP_pos)/d(q):
[path]   R.x: [ 1.18706  0.04476  0.41682  0.21871  0.23479 -0.45275]
[path]   R.y: [ 0.60224 -0.0506  -0.48225 -0.24935  0.20953 -0.19984]
[path]   R.z: [ 0.       1.29124  1.06683  0.58339 -0.1493   0.00919]
[path] ================================================================
[path] cond(J[:, :6]) = 26187.14
[path] controller = naive_inverse_jacobian; closing the loop
[  10] ref=   9/131 |e|=  0.35mm e=[ -0.31  +0.17  +0.00] |qd|=0.0087 ins= 31.3mm
[  20] ref=  19/131 |e|=  0.36mm e=[ -0.07  +0.35  +0.00] |qd|=0.0201 ins= 32.6mm
[  30] ref=  29/131 |e|=  0.84mm e=[ -0.24  +0.80  +0.00] |qd|=0.0453 ins= 33.9mm
[  40] ref=  39/131 |e|=  1.31mm e=[ -0.35  +1.26  +0.00] |qd|=0.0715 ins= 35.4mm
[  50] ref=  49/131 |e|=  1.77mm e=[ -0.67  +1.64  +0.00] |qd|=0.0918 ins= 37.3mm
[  60] ref=  59/131 |e|=  0.40mm e=[ +0.19  -0.35  +0.00] |qd|=0.0194 ins= 37.6mm
[  70] ref=  69/131 |e|=  2.28mm e=[ -0.35  -2.25  +0.00] |qd|=0.1239 ins= 37.6mm
[  80] ref=  79/131 |e|=  3.97mm e=[ +0.09  -3.97  +0.00] |qd|=0.1618 ins= 37.6mm
[  90] ref=  89/131 |e|=  3.01mm e=[ +0.44  -2.97  +0.00] |qd|=0.1376 ins= 35.8mm
[ 100] ref=  99/131 |e|=  1.86mm e=[ +0.31  -1.84  +0.00] |qd|=0.1048 ins= 33.8mm
[ 110] ref= 109/131 |e|=  1.12mm e=[ +0.26  -1.09  +0.00] |qd|=0.0616 ins= 32.5mm
[ 120] ref= 119/131 |e|=  0.44mm e=[ +0.11  -0.43  +0.00] |qd|=0.0244 ins= 31.1mm
[ 130] ref= 129/131 |e|=  0.33mm e=[ +0.33  -0.03  +0.00] |qd|=0.0004 ins= 30.0mm
[ 135] ref= 131/131 |e|=  0.25mm e=[ -0.03  +0.25  +0.00] |qd|=0.0141 ins= 29.8mm TERM
[ 140] ref= 131/131 |e|=  0.49mm e=[ +0.09  -0.49  +0.00] |qd|=0.0277 ins= 29.9mm TERM
[ 145] ref= 131/131 |e|=  0.52mm e=[ -0.12  -0.50  +0.00] |qd|=0.0294 ins= 30.1mm TERM
[ 150] ref= 131/131 |e|=  0.50mm e=[ +0.15  -0.47  +0.00] |qd|=0.0266 ins= 29.9mm TERM
[path] wrote /home/jack/Proper-Research/close_loop_logs/compare_tri/runs/inv_rep2_20260910T132235Z/path_follow_plot.png

=== PATH-FOLLOW SUMMARY ===
  timestamp_utc           : 2026-09-10T13:23:18.820973+00:00
  stop_reason             : path_complete
  control_steps           : 152
  started_moving          : True
  reference_samples       : 132
  jacobian_condition      : 26187.14
  final_error_mm          : 0.469
  max_error_mm            : 4.136
  vision_detection_failures: 0
  log                     : /home/jack/Proper-Research/close_loop_logs/compare_tri/runs/inv_rep2_20260910T132235Z/path_follow.jsonl
  csv                     : /home/jack/Proper-Research/close_loop_logs/compare_tri/runs/inv_rep2_20260910T132235Z/tip_trajectory.csv
  plot                    : /home/jack/Proper-Research/close_loop_logs/compare_tri/runs/inv_rep2_20260910T132235Z/path_follow_plot.png
[metrics] naive_inverse_jacobian rep2: rms=1.74 max=4.14 hold=0.39 final=0.47 mm (path_complete)

========================================================================
  rep 2/3   mpc_lti
========================================================================
[compare] settle 30s (RTDE)...
[reset] at reference joints (dq=0.0002)
[DEBUG] roi_desc = {'type': 'polygon', 'polygon': [(329.0, 318.0), (351.0, 301.0), (373.0, 280.0), (395.0, 264.0), (410.0, 237.0), (399.0, 194.0), (357.0, 161.0), (310.0, 167.0), (271.0, 175.0), (237.0, 188.0), (221.0, 208.0), (219.0, 222.0), (219.0, 239.0), (234.0, 245.0), (249.0, 255.0), (260.0, 269.0), (286.0, 288.0), (303.0, 300.0), (314.0, 310.0), (321.0, 313.0)]}
[DEBUG] mask nonzero = 240
[DEBUG] found 3 raw contours
[DEBUG] kept 3 candidates after filtering
[DEBUG] roi_desc = {'type': 'polygon', 'polygon': [(329.0, 318.0), (351.0, 301.0), (373.0, 280.0), (395.0, 264.0), (410.0, 237.0), (399.0, 194.0), (357.0, 161.0), (310.0, 167.0), (271.0, 175.0), (237.0, 188.0), (221.0, 208.0), (219.0, 222.0), (219.0, 239.0), (234.0, 245.0), (249.0, 255.0), (260.0, 269.0), (286.0, 288.0), (303.0, 300.0), (314.0, 310.0), (321.0, 313.0)]}
[DEBUG] mask nonzero = 239
[DEBUG] found 3 raw contours
[DEBUG] kept 3 candidates after filtering
[DEBUG] roi_desc = {'type': 'polygon', 'polygon': [(329.0, 318.0), (351.0, 301.0), (373.0, 280.0), (395.0, 264.0), (410.0, 237.0), (399.0, 194.0), (357.0, 161.0), (310.0, 167.0), (271.0, 175.0), (237.0, 188.0), (221.0, 208.0), (219.0, 222.0), (219.0, 239.0), (234.0, 245.0), (249.0, 255.0), (260.0, 269.0), (286.0, 288.0), (303.0, 300.0), (314.0, 310.0), (321.0, 313.0)]}
[DEBUG] mask nonzero = 250
[DEBUG] found 3 raw contours
[DEBUG] kept 3 candidates after filtering
[DEBUG] roi_desc = {'type': 'polygon', 'polygon': [(329.0, 318.0), (351.0, 301.0), (373.0, 280.0), (395.0, 264.0), (410.0, 237.0), (399.0, 194.0), (357.0, 161.0), (310.0, 167.0), (271.0, 175.0), (237.0, 188.0), (221.0, 208.0), (219.0, 222.0), (219.0, 239.0), (234.0, 245.0), (249.0, 255.0), (260.0, 269.0), (286.0, 288.0), (303.0, 300.0), (314.0, 310.0), (321.0, 313.0)]}
[DEBUG] mask nonzero = 240
[DEBUG] found 3 raw contours
[DEBUG] kept 3 candidates after filtering
[DEBUG] roi_desc = {'type': 'polygon', 'polygon': [(329.0, 318.0), (351.0, 301.0), (373.0, 280.0), (395.0, 264.0), (410.0, 237.0), (399.0, 194.0), (357.0, 161.0), (310.0, 167.0), (271.0, 175.0), (237.0, 188.0), (221.0, 208.0), (219.0, 222.0), (219.0, 239.0), (234.0, 245.0), (249.0, 255.0), (260.0, 269.0), (286.0, 288.0), (303.0, 300.0), (314.0, 310.0), (321.0, 313.0)]}
[DEBUG] mask nonzero = 240
[DEBUG] found 3 raw contours
[DEBUG] kept 3 candidates after filtering
[DEBUG] roi_desc = {'type': 'polygon', 'polygon': [(329.0, 318.0), (351.0, 301.0), (373.0, 280.0), (395.0, 264.0), (410.0, 237.0), (399.0, 194.0), (357.0, 161.0), (310.0, 167.0), (271.0, 175.0), (237.0, 188.0), (221.0, 208.0), (219.0, 222.0), (219.0, 239.0), (234.0, 245.0), (249.0, 255.0), (260.0, 269.0), (286.0, 288.0), (303.0, 300.0), (314.0, 310.0), (321.0, 313.0)]}
[DEBUG] mask nonzero = 241
[DEBUG] found 3 raw contours
[DEBUG] kept 3 candidates after filtering
[DEBUG] roi_desc = {'type': 'polygon', 'polygon': [(329.0, 318.0), (351.0, 301.0), (373.0, 280.0), (395.0, 264.0), (410.0, 237.0), (399.0, 194.0), (357.0, 161.0), (310.0, 167.0), (271.0, 175.0), (237.0, 188.0), (221.0, 208.0), (219.0, 222.0), (219.0, 239.0), (234.0, 245.0), (249.0, 255.0), (260.0, 269.0), (286.0, 288.0), (303.0, 300.0), (314.0, 310.0), (321.0, 313.0)]}
[DEBUG] mask nonzero = 236
[DEBUG] found 3 raw contours
[DEBUG] kept 3 candidates after filtering
[DEBUG] roi_desc = {'type': 'polygon', 'polygon': [(329.0, 318.0), (351.0, 301.0), (373.0, 280.0), (395.0, 264.0), (410.0, 237.0), (399.0, 194.0), (357.0, 161.0), (310.0, 167.0), (271.0, 175.0), (237.0, 188.0), (221.0, 208.0), (219.0, 222.0), (219.0, 239.0), (234.0, 245.0), (249.0, 255.0), (260.0, 269.0), (286.0, 288.0), (303.0, 300.0), (314.0, 310.0), (321.0, 313.0)]}
[DEBUG] mask nonzero = 240
[DEBUG] found 3 raw contours
[DEBUG] kept 3 candidates after filtering
[DEBUG] roi_desc = {'type': 'polygon', 'polygon': [(329.0, 318.0), (351.0, 301.0), (373.0, 280.0), (395.0, 264.0), (410.0, 237.0), (399.0, 194.0), (357.0, 161.0), (310.0, 167.0), (271.0, 175.0), (237.0, 188.0), (221.0, 208.0), (219.0, 222.0), (219.0, 239.0), (234.0, 245.0), (249.0, 255.0), (260.0, 269.0), (286.0, 288.0), (303.0, 300.0), (314.0, 310.0), (321.0, 313.0)]}
[DEBUG] mask nonzero = 239
[DEBUG] found 3 raw contours
[DEBUG] kept 3 candidates after filtering
[DEBUG] roi_desc = {'type': 'polygon', 'polygon': [(329.0, 318.0), (351.0, 301.0), (373.0, 280.0), (395.0, 264.0), (410.0, 237.0), (399.0, 194.0), (357.0, 161.0), (310.0, 167.0), (271.0, 175.0), (237.0, 188.0), (221.0, 208.0), (219.0, 222.0), (219.0, 239.0), (234.0, 245.0), (249.0, 255.0), (260.0, 269.0), (286.0, 288.0), (303.0, 300.0), (314.0, 310.0), (321.0, 313.0)]}
[DEBUG] mask nonzero = 238
[DEBUG] found 3 raw contours
[DEBUG] kept 3 candidates after filtering
[DEBUG] roi_desc = {'type': 'polygon', 'polygon': [(329.0, 318.0), (351.0, 301.0), (373.0, 280.0), (395.0, 264.0), (410.0, 237.0), (399.0, 194.0), (357.0, 161.0), (310.0, 167.0), (271.0, 175.0), (237.0, 188.0), (221.0, 208.0), (219.0, 222.0), (219.0, 239.0), (234.0, 245.0), (249.0, 255.0), (260.0, 269.0), (286.0, 288.0), (303.0, 300.0), (314.0, 310.0), (321.0, 313.0)]}
[DEBUG] mask nonzero = 243
[DEBUG] found 3 raw contours
[DEBUG] kept 3 candidates after filtering
[DEBUG] roi_desc = {'type': 'polygon', 'polygon': [(329.0, 318.0), (351.0, 301.0), (373.0, 280.0), (395.0, 264.0), (410.0, 237.0), (399.0, 194.0), (357.0, 161.0), (310.0, 167.0), (271.0, 175.0), (237.0, 188.0), (221.0, 208.0), (219.0, 222.0), (219.0, 239.0), (234.0, 245.0), (249.0, 255.0), (260.0, 269.0), (286.0, 288.0), (303.0, 300.0), (314.0, 310.0), (321.0, 313.0)]}
[DEBUG] mask nonzero = 240
[DEBUG] found 3 raw contours
[DEBUG] kept 3 candidates after filtering
[DEBUG] roi_desc = {'type': 'polygon', 'polygon': [(329.0, 318.0), (351.0, 301.0), (373.0, 280.0), (395.0, 264.0), (410.0, 237.0), (399.0, 194.0), (357.0, 161.0), (310.0, 167.0), (271.0, 175.0), (237.0, 188.0), (221.0, 208.0), (219.0, 222.0), (219.0, 239.0), (234.0, 245.0), (249.0, 255.0), (260.0, 269.0), (286.0, 288.0), (303.0, 300.0), (314.0, 310.0), (321.0, 313.0)]}
[DEBUG] mask nonzero = 233
[DEBUG] found 3 raw contours
[DEBUG] kept 3 candidates after filtering
[DEBUG] roi_desc = {'type': 'polygon', 'polygon': [(329.0, 318.0), (351.0, 301.0), (373.0, 280.0), (395.0, 264.0), (410.0, 237.0), (399.0, 194.0), (357.0, 161.0), (310.0, 167.0), (271.0, 175.0), (237.0, 188.0), (221.0, 208.0), (219.0, 222.0), (219.0, 239.0), (234.0, 245.0), (249.0, 255.0), (260.0, 269.0), (286.0, 288.0), (303.0, 300.0), (314.0, 310.0), (321.0, 313.0)]}
[DEBUG] mask nonzero = 242
[DEBUG] found 3 raw contours
[DEBUG] kept 3 candidates after filtering
[DEBUG] roi_desc = {'type': 'polygon', 'polygon': [(329.0, 318.0), (351.0, 301.0), (373.0, 280.0), (395.0, 264.0), (410.0, 237.0), (399.0, 194.0), (357.0, 161.0), (310.0, 167.0), (271.0, 175.0), (237.0, 188.0), (221.0, 208.0), (219.0, 222.0), (219.0, 239.0), (234.0, 245.0), (249.0, 255.0), (260.0, 269.0), (286.0, 288.0), (303.0, 300.0), (314.0, 310.0), (321.0, 313.0)]}
[DEBUG] mask nonzero = 241
[DEBUG] found 3 raw contours
[DEBUG] kept 3 candidates after filtering
[DEBUG] roi_desc = {'type': 'polygon', 'polygon': [(329.0, 318.0), (351.0, 301.0), (373.0, 280.0), (395.0, 264.0), (410.0, 237.0), (399.0, 194.0), (357.0, 161.0), (310.0, 167.0), (271.0, 175.0), (237.0, 188.0), (221.0, 208.0), (219.0, 222.0), (219.0, 239.0), (234.0, 245.0), (249.0, 255.0), (260.0, 269.0), (286.0, 288.0), (303.0, 300.0), (314.0, 310.0), (321.0, 313.0)]}
[DEBUG] mask nonzero = 240
[DEBUG] found 3 raw contours
[DEBUG] kept 3 candidates after filtering
[DEBUG] roi_desc = {'type': 'polygon', 'polygon': [(329.0, 318.0), (351.0, 301.0), (373.0, 280.0), (395.0, 264.0), (410.0, 237.0), (399.0, 194.0), (357.0, 161.0), (310.0, 167.0), (271.0, 175.0), (237.0, 188.0), (221.0, 208.0), (219.0, 222.0), (219.0, 239.0), (234.0, 245.0), (249.0, 255.0), (260.0, 269.0), (286.0, 288.0), (303.0, 300.0), (314.0, 310.0), (321.0, 313.0)]}
[DEBUG] mask nonzero = 240
[DEBUG] found 3 raw contours
[DEBUG] kept 3 candidates after filtering
[DEBUG] roi_desc = {'type': 'polygon', 'polygon': [(329.0, 318.0), (351.0, 301.0), (373.0, 280.0), (395.0, 264.0), (410.0, 237.0), (399.0, 194.0), (357.0, 161.0), (310.0, 167.0), (271.0, 175.0), (237.0, 188.0), (221.0, 208.0), (219.0, 222.0), (219.0, 239.0), (234.0, 245.0), (249.0, 255.0), (260.0, 269.0), (286.0, 288.0), (303.0, 300.0), (314.0, 310.0), (321.0, 313.0)]}
[DEBUG] mask nonzero = 236
[DEBUG] found 3 raw contours
[DEBUG] kept 3 candidates after filtering
[DEBUG] roi_desc = {'type': 'polygon', 'polygon': [(329.0, 318.0), (351.0, 301.0), (373.0, 280.0), (395.0, 264.0), (410.0, 237.0), (399.0, 194.0), (357.0, 161.0), (310.0, 167.0), (271.0, 175.0), (237.0, 188.0), (221.0, 208.0), (219.0, 222.0), (219.0, 239.0), (234.0, 245.0), (249.0, 255.0), (260.0, 269.0), (286.0, 288.0), (303.0, 300.0), (314.0, 310.0), (321.0, 313.0)]}
[DEBUG] mask nonzero = 235
[DEBUG] found 3 raw contours
[DEBUG] kept 3 candidates after filtering
[DEBUG] roi_desc = {'type': 'polygon', 'polygon': [(329.0, 318.0), (351.0, 301.0), (373.0, 280.0), (395.0, 264.0), (410.0, 237.0), (399.0, 194.0), (357.0, 161.0), (310.0, 167.0), (271.0, 175.0), (237.0, 188.0), (221.0, 208.0), (219.0, 222.0), (219.0, 239.0), (234.0, 245.0), (249.0, 255.0), (260.0, 269.0), (286.0, 288.0), (303.0, 300.0), (314.0, 310.0), (321.0, 313.0)]}
[DEBUG] mask nonzero = 237
[DEBUG] found 3 raw contours
[DEBUG] kept 3 candidates after filtering
[DEBUG] roi_desc = {'type': 'polygon', 'polygon': [(329.0, 318.0), (351.0, 301.0), (373.0, 280.0), (395.0, 264.0), (410.0, 237.0), (399.0, 194.0), (357.0, 161.0), (310.0, 167.0), (271.0, 175.0), (237.0, 188.0), (221.0, 208.0), (219.0, 222.0), (219.0, 239.0), (234.0, 245.0), (249.0, 255.0), (260.0, 269.0), (286.0, 288.0), (303.0, 300.0), (314.0, 310.0), (321.0, 313.0)]}
[DEBUG] mask nonzero = 243
[DEBUG] found 3 raw contours
[DEBUG] kept 3 candidates after filtering
[DEBUG] roi_desc = {'type': 'polygon', 'polygon': [(329.0, 318.0), (351.0, 301.0), (373.0, 280.0), (395.0, 264.0), (410.0, 237.0), (399.0, 194.0), (357.0, 161.0), (310.0, 167.0), (271.0, 175.0), (237.0, 188.0), (221.0, 208.0), (219.0, 222.0), (219.0, 239.0), (234.0, 245.0), (249.0, 255.0), (260.0, 269.0), (286.0, 288.0), (303.0, 300.0), (314.0, 310.0), (321.0, 313.0)]}
[DEBUG] mask nonzero = 244
[DEBUG] found 3 raw contours
[DEBUG] kept 3 candidates after filtering
[DEBUG] roi_desc = {'type': 'polygon', 'polygon': [(329.0, 318.0), (351.0, 301.0), (373.0, 280.0), (395.0, 264.0), (410.0, 237.0), (399.0, 194.0), (357.0, 161.0), (310.0, 167.0), (271.0, 175.0), (237.0, 188.0), (221.0, 208.0), (219.0, 222.0), (219.0, 239.0), (234.0, 245.0), (249.0, 255.0), (260.0, 269.0), (286.0, 288.0), (303.0, 300.0), (314.0, 310.0), (321.0, 313.0)]}
[DEBUG] mask nonzero = 233
[DEBUG] found 3 raw contours
[DEBUG] kept 3 candidates after filtering
[DEBUG] roi_desc = {'type': 'polygon', 'polygon': [(329.0, 318.0), (351.0, 301.0), (373.0, 280.0), (395.0, 264.0), (410.0, 237.0), (399.0, 194.0), (357.0, 161.0), (310.0, 167.0), (271.0, 175.0), (237.0, 188.0), (221.0, 208.0), (219.0, 222.0), (219.0, 239.0), (234.0, 245.0), (249.0, 255.0), (260.0, 269.0), (286.0, 288.0), (303.0, 300.0), (314.0, 310.0), (321.0, 313.0)]}
[DEBUG] mask nonzero = 247
[DEBUG] found 3 raw contours
[DEBUG] kept 3 candidates after filtering
[DEBUG] roi_desc = {'type': 'polygon', 'polygon': [(329.0, 318.0), (351.0, 301.0), (373.0, 280.0), (395.0, 264.0), (410.0, 237.0), (399.0, 194.0), (357.0, 161.0), (310.0, 167.0), (271.0, 175.0), (237.0, 188.0), (221.0, 208.0), (219.0, 222.0), (219.0, 239.0), (234.0, 245.0), (249.0, 255.0), (260.0, 269.0), (286.0, 288.0), (303.0, 300.0), (314.0, 310.0), (321.0, 313.0)]}
[DEBUG] mask nonzero = 241
[DEBUG] found 3 raw contours
[DEBUG] kept 3 candidates after filtering
[DEBUG] roi_desc = {'type': 'polygon', 'polygon': [(329.0, 318.0), (351.0, 301.0), (373.0, 280.0), (395.0, 264.0), (410.0, 237.0), (399.0, 194.0), (357.0, 161.0), (310.0, 167.0), (271.0, 175.0), (237.0, 188.0), (221.0, 208.0), (219.0, 222.0), (219.0, 239.0), (234.0, 245.0), (249.0, 255.0), (260.0, 269.0), (286.0, 288.0), (303.0, 300.0), (314.0, 310.0), (321.0, 313.0)]}
[DEBUG] mask nonzero = 234
[DEBUG] found 3 raw contours
[DEBUG] kept 3 candidates after filtering
[DEBUG] roi_desc = {'type': 'polygon', 'polygon': [(329.0, 318.0), (351.0, 301.0), (373.0, 280.0), (395.0, 264.0), (410.0, 237.0), (399.0, 194.0), (357.0, 161.0), (310.0, 167.0), (271.0, 175.0), (237.0, 188.0), (221.0, 208.0), (219.0, 222.0), (219.0, 239.0), (234.0, 245.0), (249.0, 255.0), (260.0, 269.0), (286.0, 288.0), (303.0, 300.0), (314.0, 310.0), (321.0, 313.0)]}
[DEBUG] mask nonzero = 242
[DEBUG] found 3 raw contours
[DEBUG] kept 3 candidates after filtering
[DEBUG] roi_desc = {'type': 'polygon', 'polygon': [(329.0, 318.0), (351.0, 301.0), (373.0, 280.0), (395.0, 264.0), (410.0, 237.0), (399.0, 194.0), (357.0, 161.0), (310.0, 167.0), (271.0, 175.0), (237.0, 188.0), (221.0, 208.0), (219.0, 222.0), (219.0, 239.0), (234.0, 245.0), (249.0, 255.0), (260.0, 269.0), (286.0, 288.0), (303.0, 300.0), (314.0, 310.0), (321.0, 313.0)]}
[DEBUG] mask nonzero = 240
[DEBUG] found 3 raw contours
[DEBUG] kept 3 candidates after filtering
[DEBUG] roi_desc = {'type': 'polygon', 'polygon': [(329.0, 318.0), (351.0, 301.0), (373.0, 280.0), (395.0, 264.0), (410.0, 237.0), (399.0, 194.0), (357.0, 161.0), (310.0, 167.0), (271.0, 175.0), (237.0, 188.0), (221.0, 208.0), (219.0, 222.0), (219.0, 239.0), (234.0, 245.0), (249.0, 255.0), (260.0, 269.0), (286.0, 288.0), (303.0, 300.0), (314.0, 310.0), (321.0, 313.0)]}
[DEBUG] mask nonzero = 240
[DEBUG] found 3 raw contours
[DEBUG] kept 3 candidates after filtering
[DEBUG] roi_desc = {'type': 'polygon', 'polygon': [(329.0, 318.0), (351.0, 301.0), (373.0, 280.0), (395.0, 264.0), (410.0, 237.0), (399.0, 194.0), (357.0, 161.0), (310.0, 167.0), (271.0, 175.0), (237.0, 188.0), (221.0, 208.0), (219.0, 222.0), (219.0, 239.0), (234.0, 245.0), (249.0, 255.0), (260.0, 269.0), (286.0, 288.0), (303.0, 300.0), (314.0, 310.0), (321.0, 313.0)]}
[DEBUG] mask nonzero = 242
[DEBUG] found 3 raw contours
[DEBUG] kept 3 candidates after filtering
[DEBUG] roi_desc = {'type': 'polygon', 'polygon': [(329.0, 318.0), (351.0, 301.0), (373.0, 280.0), (395.0, 264.0), (410.0, 237.0), (399.0, 194.0), (357.0, 161.0), (310.0, 167.0), (271.0, 175.0), (237.0, 188.0), (221.0, 208.0), (219.0, 222.0), (219.0, 239.0), (234.0, 245.0), (249.0, 255.0), (260.0, 269.0), (286.0, 288.0), (303.0, 300.0), (314.0, 310.0), (321.0, 313.0)]}
[DEBUG] mask nonzero = 240
[DEBUG] found 3 raw contours
[DEBUG] kept 3 candidates after filtering
[DEBUG] roi_desc = {'type': 'polygon', 'polygon': [(329.0, 318.0), (351.0, 301.0), (373.0, 280.0), (395.0, 264.0), (410.0, 237.0), (399.0, 194.0), (357.0, 161.0), (310.0, 167.0), (271.0, 175.0), (237.0, 188.0), (221.0, 208.0), (219.0, 222.0), (219.0, 239.0), (234.0, 245.0), (249.0, 255.0), (260.0, 269.0), (286.0, 288.0), (303.0, 300.0), (314.0, 310.0), (321.0, 313.0)]}
[DEBUG] mask nonzero = 236
[DEBUG] found 3 raw contours
[DEBUG] kept 3 candidates after filtering
[DEBUG] roi_desc = {'type': 'polygon', 'polygon': [(329.0, 318.0), (351.0, 301.0), (373.0, 280.0), (395.0, 264.0), (410.0, 237.0), (399.0, 194.0), (357.0, 161.0), (310.0, 167.0), (271.0, 175.0), (237.0, 188.0), (221.0, 208.0), (219.0, 222.0), (219.0, 239.0), (234.0, 245.0), (249.0, 255.0), (260.0, 269.0), (286.0, 288.0), (303.0, 300.0), (314.0, 310.0), (321.0, 313.0)]}
[DEBUG] mask nonzero = 239
[DEBUG] found 3 raw contours
[DEBUG] kept 3 candidates after filtering
[DEBUG] roi_desc = {'type': 'polygon', 'polygon': [(329.0, 318.0), (351.0, 301.0), (373.0, 280.0), (395.0, 264.0), (410.0, 237.0), (399.0, 194.0), (357.0, 161.0), (310.0, 167.0), (271.0, 175.0), (237.0, 188.0), (221.0, 208.0), (219.0, 222.0), (219.0, 239.0), (234.0, 245.0), (249.0, 255.0), (260.0, 269.0), (286.0, 288.0), (303.0, 300.0), (314.0, 310.0), (321.0, 313.0)]}
[DEBUG] mask nonzero = 241
[DEBUG] found 3 raw contours
[DEBUG] kept 3 candidates after filtering
[DEBUG] roi_desc = {'type': 'polygon', 'polygon': [(329.0, 318.0), (351.0, 301.0), (373.0, 280.0), (395.0, 264.0), (410.0, 237.0), (399.0, 194.0), (357.0, 161.0), (310.0, 167.0), (271.0, 175.0), (237.0, 188.0), (221.0, 208.0), (219.0, 222.0), (219.0, 239.0), (234.0, 245.0), (249.0, 255.0), (260.0, 269.0), (286.0, 288.0), (303.0, 300.0), (314.0, 310.0), (321.0, 313.0)]}
[DEBUG] mask nonzero = 244
[DEBUG] found 3 raw contours
[DEBUG] kept 3 candidates after filtering
[DEBUG] roi_desc = {'type': 'polygon', 'polygon': [(329.0, 318.0), (351.0, 301.0), (373.0, 280.0), (395.0, 264.0), (410.0, 237.0), (399.0, 194.0), (357.0, 161.0), (310.0, 167.0), (271.0, 175.0), (237.0, 188.0), (221.0, 208.0), (219.0, 222.0), (219.0, 239.0), (234.0, 245.0), (249.0, 255.0), (260.0, 269.0), (286.0, 288.0), (303.0, 300.0), (314.0, 310.0), (321.0, 313.0)]}
[DEBUG] mask nonzero = 237
[DEBUG] found 3 raw contours
[DEBUG] kept 3 candidates after filtering
[DEBUG] roi_desc = {'type': 'polygon', 'polygon': [(329.0, 318.0), (351.0, 301.0), (373.0, 280.0), (395.0, 264.0), (410.0, 237.0), (399.0, 194.0), (357.0, 161.0), (310.0, 167.0), (271.0, 175.0), (237.0, 188.0), (221.0, 208.0), (219.0, 222.0), (219.0, 239.0), (234.0, 245.0), (249.0, 255.0), (260.0, 269.0), (286.0, 288.0), (303.0, 300.0), (314.0, 310.0), (321.0, 313.0)]}
[DEBUG] mask nonzero = 230
[DEBUG] found 3 raw contours
[DEBUG] kept 3 candidates after filtering
[DEBUG] roi_desc = {'type': 'polygon', 'polygon': [(329.0, 318.0), (351.0, 301.0), (373.0, 280.0), (395.0, 264.0), (410.0, 237.0), (399.0, 194.0), (357.0, 161.0), (310.0, 167.0), (271.0, 175.0), (237.0, 188.0), (221.0, 208.0), (219.0, 222.0), (219.0, 239.0), (234.0, 245.0), (249.0, 255.0), (260.0, 269.0), (286.0, 288.0), (303.0, 300.0), (314.0, 310.0), (321.0, 313.0)]}
[DEBUG] mask nonzero = 238
[DEBUG] found 3 raw contours
[DEBUG] kept 3 candidates after filtering
[DEBUG] roi_desc = {'type': 'polygon', 'polygon': [(329.0, 318.0), (351.0, 301.0), (373.0, 280.0), (395.0, 264.0), (410.0, 237.0), (399.0, 194.0), (357.0, 161.0), (310.0, 167.0), (271.0, 175.0), (237.0, 188.0), (221.0, 208.0), (219.0, 222.0), (219.0, 239.0), (234.0, 245.0), (249.0, 255.0), (260.0, 269.0), (286.0, 288.0), (303.0, 300.0), (314.0, 310.0), (321.0, 313.0)]}
[DEBUG] mask nonzero = 238
[DEBUG] found 3 raw contours
[DEBUG] kept 3 candidates after filtering
[DEBUG] roi_desc = {'type': 'polygon', 'polygon': [(329.0, 318.0), (351.0, 301.0), (373.0, 280.0), (395.0, 264.0), (410.0, 237.0), (399.0, 194.0), (357.0, 161.0), (310.0, 167.0), (271.0, 175.0), (237.0, 188.0), (221.0, 208.0), (219.0, 222.0), (219.0, 239.0), (234.0, 245.0), (249.0, 255.0), (260.0, 269.0), (286.0, 288.0), (303.0, 300.0), (314.0, 310.0), (321.0, 313.0)]}
[DEBUG] mask nonzero = 236
[DEBUG] found 3 raw contours
[DEBUG] kept 3 candidates after filtering
[DEBUG] roi_desc = {'type': 'polygon', 'polygon': [(329.0, 318.0), (351.0, 301.0), (373.0, 280.0), (395.0, 264.0), (410.0, 237.0), (399.0, 194.0), (357.0, 161.0), (310.0, 167.0), (271.0, 175.0), (237.0, 188.0), (221.0, 208.0), (219.0, 222.0), (219.0, 239.0), (234.0, 245.0), (249.0, 255.0), (260.0, 269.0), (286.0, 288.0), (303.0, 300.0), (314.0, 310.0), (321.0, 313.0)]}
[DEBUG] mask nonzero = 233
[DEBUG] found 3 raw contours
[DEBUG] kept 3 candidates after filtering
[DEBUG] roi_desc = {'type': 'polygon', 'polygon': [(329.0, 318.0), (351.0, 301.0), (373.0, 280.0), (395.0, 264.0), (410.0, 237.0), (399.0, 194.0), (357.0, 161.0), (310.0, 167.0), (271.0, 175.0), (237.0, 188.0), (221.0, 208.0), (219.0, 222.0), (219.0, 239.0), (234.0, 245.0), (249.0, 255.0), (260.0, 269.0), (286.0, 288.0), (303.0, 300.0), (314.0, 310.0), (321.0, 313.0)]}
[DEBUG] mask nonzero = 240
[DEBUG] found 3 raw contours
[DEBUG] kept 3 candidates after filtering
[DEBUG] roi_desc = {'type': 'polygon', 'polygon': [(329.0, 318.0), (351.0, 301.0), (373.0, 280.0), (395.0, 264.0), (410.0, 237.0), (399.0, 194.0), (357.0, 161.0), (310.0, 167.0), (271.0, 175.0), (237.0, 188.0), (221.0, 208.0), (219.0, 222.0), (219.0, 239.0), (234.0, 245.0), (249.0, 255.0), (260.0, 269.0), (286.0, 288.0), (303.0, 300.0), (314.0, 310.0), (321.0, 313.0)]}
[DEBUG] mask nonzero = 232
[DEBUG] found 3 raw contours
[DEBUG] kept 3 candidates after filtering
[DEBUG] roi_desc = {'type': 'polygon', 'polygon': [(329.0, 318.0), (351.0, 301.0), (373.0, 280.0), (395.0, 264.0), (410.0, 237.0), (399.0, 194.0), (357.0, 161.0), (310.0, 167.0), (271.0, 175.0), (237.0, 188.0), (221.0, 208.0), (219.0, 222.0), (219.0, 239.0), (234.0, 245.0), (249.0, 255.0), (260.0, 269.0), (286.0, 288.0), (303.0, 300.0), (314.0, 310.0), (321.0, 313.0)]}
[DEBUG] mask nonzero = 240
[DEBUG] found 3 raw contours
[DEBUG] kept 3 candidates after filtering
[DEBUG] roi_desc = {'type': 'polygon', 'polygon': [(329.0, 318.0), (351.0, 301.0), (373.0, 280.0), (395.0, 264.0), (410.0, 237.0), (399.0, 194.0), (357.0, 161.0), (310.0, 167.0), (271.0, 175.0), (237.0, 188.0), (221.0, 208.0), (219.0, 222.0), (219.0, 239.0), (234.0, 245.0), (249.0, 255.0), (260.0, 269.0), (286.0, 288.0), (303.0, 300.0), (314.0, 310.0), (321.0, 313.0)]}
[DEBUG] mask nonzero = 237
[DEBUG] found 3 raw contours
[DEBUG] kept 3 candidates after filtering
[DEBUG] roi_desc = {'type': 'polygon', 'polygon': [(329.0, 318.0), (351.0, 301.0), (373.0, 280.0), (395.0, 264.0), (410.0, 237.0), (399.0, 194.0), (357.0, 161.0), (310.0, 167.0), (271.0, 175.0), (237.0, 188.0), (221.0, 208.0), (219.0, 222.0), (219.0, 239.0), (234.0, 245.0), (249.0, 255.0), (260.0, 269.0), (286.0, 288.0), (303.0, 300.0), (314.0, 310.0), (321.0, 313.0)]}
[DEBUG] mask nonzero = 240
[DEBUG] found 3 raw contours
[DEBUG] kept 3 candidates after filtering
[DEBUG] roi_desc = {'type': 'polygon', 'polygon': [(329.0, 318.0), (351.0, 301.0), (373.0, 280.0), (395.0, 264.0), (410.0, 237.0), (399.0, 194.0), (357.0, 161.0), (310.0, 167.0), (271.0, 175.0), (237.0, 188.0), (221.0, 208.0), (219.0, 222.0), (219.0, 239.0), (234.0, 245.0), (249.0, 255.0), (260.0, 269.0), (286.0, 288.0), (303.0, 300.0), (314.0, 310.0), (321.0, 313.0)]}
[DEBUG] mask nonzero = 236
[DEBUG] found 3 raw contours
[DEBUG] kept 3 candidates after filtering
[DEBUG] roi_desc = {'type': 'polygon', 'polygon': [(329.0, 318.0), (351.0, 301.0), (373.0, 280.0), (395.0, 264.0), (410.0, 237.0), (399.0, 194.0), (357.0, 161.0), (310.0, 167.0), (271.0, 175.0), (237.0, 188.0), (221.0, 208.0), (219.0, 222.0), (219.0, 239.0), (234.0, 245.0), (249.0, 255.0), (260.0, 269.0), (286.0, 288.0), (303.0, 300.0), (314.0, 310.0), (321.0, 313.0)]}
[DEBUG] mask nonzero = 231
[DEBUG] found 3 raw contours
[DEBUG] kept 3 candidates after filtering
[DEBUG] roi_desc = {'type': 'polygon', 'polygon': [(329.0, 318.0), (351.0, 301.0), (373.0, 280.0), (395.0, 264.0), (410.0, 237.0), (399.0, 194.0), (357.0, 161.0), (310.0, 167.0), (271.0, 175.0), (237.0, 188.0), (221.0, 208.0), (219.0, 222.0), (219.0, 239.0), (234.0, 245.0), (249.0, 255.0), (260.0, 269.0), (286.0, 288.0), (303.0, 300.0), (314.0, 310.0), (321.0, 313.0)]}
[DEBUG] mask nonzero = 235
[DEBUG] found 3 raw contours
[DEBUG] kept 3 candidates after filtering
[DEBUG] roi_desc = {'type': 'polygon', 'polygon': [(329.0, 318.0), (351.0, 301.0), (373.0, 280.0), (395.0, 264.0), (410.0, 237.0), (399.0, 194.0), (357.0, 161.0), (310.0, 167.0), (271.0, 175.0), (237.0, 188.0), (221.0, 208.0), (219.0, 222.0), (219.0, 239.0), (234.0, 245.0), (249.0, 255.0), (260.0, 269.0), (286.0, 288.0), (303.0, 300.0), (314.0, 310.0), (321.0, 313.0)]}
[DEBUG] mask nonzero = 246
[DEBUG] found 3 raw contours
[DEBUG] kept 3 candidates after filtering
[DEBUG] roi_desc = {'type': 'polygon', 'polygon': [(329.0, 318.0), (351.0, 301.0), (373.0, 280.0), (395.0, 264.0), (410.0, 237.0), (399.0, 194.0), (357.0, 161.0), (310.0, 167.0), (271.0, 175.0), (237.0, 188.0), (221.0, 208.0), (219.0, 222.0), (219.0, 239.0), (234.0, 245.0), (249.0, 255.0), (260.0, 269.0), (286.0, 288.0), (303.0, 300.0), (314.0, 310.0), (321.0, 313.0)]}
[DEBUG] mask nonzero = 239
[DEBUG] found 3 raw contours
[DEBUG] kept 3 candidates after filtering
[DEBUG] roi_desc = {'type': 'polygon', 'polygon': [(329.0, 318.0), (351.0, 301.0), (373.0, 280.0), (395.0, 264.0), (410.0, 237.0), (399.0, 194.0), (357.0, 161.0), (310.0, 167.0), (271.0, 175.0), (237.0, 188.0), (221.0, 208.0), (219.0, 222.0), (219.0, 239.0), (234.0, 245.0), (249.0, 255.0), (260.0, 269.0), (286.0, 288.0), (303.0, 300.0), (314.0, 310.0), (321.0, 313.0)]}
[DEBUG] mask nonzero = 238
[DEBUG] found 3 raw contours
[DEBUG] kept 3 candidates after filtering
[DEBUG] roi_desc = {'type': 'polygon', 'polygon': [(329.0, 318.0), (351.0, 301.0), (373.0, 280.0), (395.0, 264.0), (410.0, 237.0), (399.0, 194.0), (357.0, 161.0), (310.0, 167.0), (271.0, 175.0), (237.0, 188.0), (221.0, 208.0), (219.0, 222.0), (219.0, 239.0), (234.0, 245.0), (249.0, 255.0), (260.0, 269.0), (286.0, 288.0), (303.0, 300.0), (314.0, 310.0), (321.0, 313.0)]}
[DEBUG] mask nonzero = 240
[DEBUG] found 3 raw contours
[DEBUG] kept 3 candidates after filtering
[DEBUG] roi_desc = {'type': 'polygon', 'polygon': [(329.0, 318.0), (351.0, 301.0), (373.0, 280.0), (395.0, 264.0), (410.0, 237.0), (399.0, 194.0), (357.0, 161.0), (310.0, 167.0), (271.0, 175.0), (237.0, 188.0), (221.0, 208.0), (219.0, 222.0), (219.0, 239.0), (234.0, 245.0), (249.0, 255.0), (260.0, 269.0), (286.0, 288.0), (303.0, 300.0), (314.0, 310.0), (321.0, 313.0)]}
[DEBUG] mask nonzero = 238
[DEBUG] found 3 raw contours
[DEBUG] kept 3 candidates after filtering
[DEBUG] roi_desc = {'type': 'polygon', 'polygon': [(329.0, 318.0), (351.0, 301.0), (373.0, 280.0), (395.0, 264.0), (410.0, 237.0), (399.0, 194.0), (357.0, 161.0), (310.0, 167.0), (271.0, 175.0), (237.0, 188.0), (221.0, 208.0), (219.0, 222.0), (219.0, 239.0), (234.0, 245.0), (249.0, 255.0), (260.0, 269.0), (286.0, 288.0), (303.0, 300.0), (314.0, 310.0), (321.0, 313.0)]}
[DEBUG] mask nonzero = 239
[DEBUG] found 3 raw contours
[DEBUG] kept 3 candidates after filtering
[DEBUG] roi_desc = {'type': 'polygon', 'polygon': [(329.0, 318.0), (351.0, 301.0), (373.0, 280.0), (395.0, 264.0), (410.0, 237.0), (399.0, 194.0), (357.0, 161.0), (310.0, 167.0), (271.0, 175.0), (237.0, 188.0), (221.0, 208.0), (219.0, 222.0), (219.0, 239.0), (234.0, 245.0), (249.0, 255.0), (260.0, 269.0), (286.0, 288.0), (303.0, 300.0), (314.0, 310.0), (321.0, 313.0)]}
[DEBUG] mask nonzero = 228
[DEBUG] found 3 raw contours
[DEBUG] kept 3 candidates after filtering
[DEBUG] roi_desc = {'type': 'polygon', 'polygon': [(329.0, 318.0), (351.0, 301.0), (373.0, 280.0), (395.0, 264.0), (410.0, 237.0), (399.0, 194.0), (357.0, 161.0), (310.0, 167.0), (271.0, 175.0), (237.0, 188.0), (221.0, 208.0), (219.0, 222.0), (219.0, 239.0), (234.0, 245.0), (249.0, 255.0), (260.0, 269.0), (286.0, 288.0), (303.0, 300.0), (314.0, 310.0), (321.0, 313.0)]}
[DEBUG] mask nonzero = 240
[DEBUG] found 3 raw contours
[DEBUG] kept 3 candidates after filtering
[DEBUG] roi_desc = {'type': 'polygon', 'polygon': [(329.0, 318.0), (351.0, 301.0), (373.0, 280.0), (395.0, 264.0), (410.0, 237.0), (399.0, 194.0), (357.0, 161.0), (310.0, 167.0), (271.0, 175.0), (237.0, 188.0), (221.0, 208.0), (219.0, 222.0), (219.0, 239.0), (234.0, 245.0), (249.0, 255.0), (260.0, 269.0), (286.0, 288.0), (303.0, 300.0), (314.0, 310.0), (321.0, 313.0)]}
[DEBUG] mask nonzero = 242
[DEBUG] found 3 raw contours
[DEBUG] kept 3 candidates after filtering
[DEBUG] roi_desc = {'type': 'polygon', 'polygon': [(329.0, 318.0), (351.0, 301.0), (373.0, 280.0), (395.0, 264.0), (410.0, 237.0), (399.0, 194.0), (357.0, 161.0), (310.0, 167.0), (271.0, 175.0), (237.0, 188.0), (221.0, 208.0), (219.0, 222.0), (219.0, 239.0), (234.0, 245.0), (249.0, 255.0), (260.0, 269.0), (286.0, 288.0), (303.0, 300.0), (314.0, 310.0), (321.0, 313.0)]}
[DEBUG] mask nonzero = 245
[DEBUG] found 3 raw contours
[DEBUG] kept 3 candidates after filtering
[DEBUG] roi_desc = {'type': 'polygon', 'polygon': [(329.0, 318.0), (351.0, 301.0), (373.0, 280.0), (395.0, 264.0), (410.0, 237.0), (399.0, 194.0), (357.0, 161.0), (310.0, 167.0), (271.0, 175.0), (237.0, 188.0), (221.0, 208.0), (219.0, 222.0), (219.0, 239.0), (234.0, 245.0), (249.0, 255.0), (260.0, 269.0), (286.0, 288.0), (303.0, 300.0), (314.0, 310.0), (321.0, 313.0)]}
[DEBUG] mask nonzero = 240
[DEBUG] found 3 raw contours
[DEBUG] kept 3 candidates after filtering
[DEBUG] roi_desc = {'type': 'polygon', 'polygon': [(329.0, 318.0), (351.0, 301.0), (373.0, 280.0), (395.0, 264.0), (410.0, 237.0), (399.0, 194.0), (357.0, 161.0), (310.0, 167.0), (271.0, 175.0), (237.0, 188.0), (221.0, 208.0), (219.0, 222.0), (219.0, 239.0), (234.0, 245.0), (249.0, 255.0), (260.0, 269.0), (286.0, 288.0), (303.0, 300.0), (314.0, 310.0), (321.0, 313.0)]}
[DEBUG] mask nonzero = 241
[DEBUG] found 3 raw contours
[DEBUG] kept 3 candidates after filtering
[DEBUG] roi_desc = {'type': 'polygon', 'polygon': [(329.0, 318.0), (351.0, 301.0), (373.0, 280.0), (395.0, 264.0), (410.0, 237.0), (399.0, 194.0), (357.0, 161.0), (310.0, 167.0), (271.0, 175.0), (237.0, 188.0), (221.0, 208.0), (219.0, 222.0), (219.0, 239.0), (234.0, 245.0), (249.0, 255.0), (260.0, 269.0), (286.0, 288.0), (303.0, 300.0), (314.0, 310.0), (321.0, 313.0)]}
[DEBUG] mask nonzero = 240
[DEBUG] found 3 raw contours
[DEBUG] kept 3 candidates after filtering
[DEBUG] roi_desc = {'type': 'polygon', 'polygon': [(329.0, 318.0), (351.0, 301.0), (373.0, 280.0), (395.0, 264.0), (410.0, 237.0), (399.0, 194.0), (357.0, 161.0), (310.0, 167.0), (271.0, 175.0), (237.0, 188.0), (221.0, 208.0), (219.0, 222.0), (219.0, 239.0), (234.0, 245.0), (249.0, 255.0), (260.0, 269.0), (286.0, 288.0), (303.0, 300.0), (314.0, 310.0), (321.0, 313.0)]}
[DEBUG] mask nonzero = 239
[DEBUG] found 3 raw contours
[DEBUG] kept 3 candidates after filtering
[DEBUG] roi_desc = {'type': 'polygon', 'polygon': [(329.0, 318.0), (351.0, 301.0), (373.0, 280.0), (395.0, 264.0), (410.0, 237.0), (399.0, 194.0), (357.0, 161.0), (310.0, 167.0), (271.0, 175.0), (237.0, 188.0), (221.0, 208.0), (219.0, 222.0), (219.0, 239.0), (234.0, 245.0), (249.0, 255.0), (260.0, 269.0), (286.0, 288.0), (303.0, 300.0), (314.0, 310.0), (321.0, 313.0)]}
[DEBUG] mask nonzero = 233
[DEBUG] found 3 raw contours
[DEBUG] kept 3 candidates after filtering
[DEBUG] roi_desc = {'type': 'polygon', 'polygon': [(329.0, 318.0), (351.0, 301.0), (373.0, 280.0), (395.0, 264.0), (410.0, 237.0), (399.0, 194.0), (357.0, 161.0), (310.0, 167.0), (271.0, 175.0), (237.0, 188.0), (221.0, 208.0), (219.0, 222.0), (219.0, 239.0), (234.0, 245.0), (249.0, 255.0), (260.0, 269.0), (286.0, 288.0), (303.0, 300.0), (314.0, 310.0), (321.0, 313.0)]}
[DEBUG] mask nonzero = 242
[DEBUG] found 3 raw contours
[DEBUG] kept 3 candidates after filtering
[DEBUG] roi_desc = {'type': 'polygon', 'polygon': [(329.0, 318.0), (351.0, 301.0), (373.0, 280.0), (395.0, 264.0), (410.0, 237.0), (399.0, 194.0), (357.0, 161.0), (310.0, 167.0), (271.0, 175.0), (237.0, 188.0), (221.0, 208.0), (219.0, 222.0), (219.0, 239.0), (234.0, 245.0), (249.0, 255.0), (260.0, 269.0), (286.0, 288.0), (303.0, 300.0), (314.0, 310.0), (321.0, 313.0)]}
[DEBUG] mask nonzero = 237
[DEBUG] found 3 raw contours
[DEBUG] kept 3 candidates after filtering
[DEBUG] roi_desc = {'type': 'polygon', 'polygon': [(329.0, 318.0), (351.0, 301.0), (373.0, 280.0), (395.0, 264.0), (410.0, 237.0), (399.0, 194.0), (357.0, 161.0), (310.0, 167.0), (271.0, 175.0), (237.0, 188.0), (221.0, 208.0), (219.0, 222.0), (219.0, 239.0), (234.0, 245.0), (249.0, 255.0), (260.0, 269.0), (286.0, 288.0), (303.0, 300.0), (314.0, 310.0), (321.0, 313.0)]}
[DEBUG] mask nonzero = 232
[DEBUG] found 3 raw contours
[DEBUG] kept 3 candidates after filtering
[DEBUG] roi_desc = {'type': 'polygon', 'polygon': [(329.0, 318.0), (351.0, 301.0), (373.0, 280.0), (395.0, 264.0), (410.0, 237.0), (399.0, 194.0), (357.0, 161.0), (310.0, 167.0), (271.0, 175.0), (237.0, 188.0), (221.0, 208.0), (219.0, 222.0), (219.0, 239.0), (234.0, 245.0), (249.0, 255.0), (260.0, 269.0), (286.0, 288.0), (303.0, 300.0), (314.0, 310.0), (321.0, 313.0)]}
[DEBUG] mask nonzero = 234
[DEBUG] found 3 raw contours
[DEBUG] kept 3 candidates after filtering
[DEBUG] roi_desc = {'type': 'polygon', 'polygon': [(329.0, 318.0), (351.0, 301.0), (373.0, 280.0), (395.0, 264.0), (410.0, 237.0), (399.0, 194.0), (357.0, 161.0), (310.0, 167.0), (271.0, 175.0), (237.0, 188.0), (221.0, 208.0), (219.0, 222.0), (219.0, 239.0), (234.0, 245.0), (249.0, 255.0), (260.0, 269.0), (286.0, 288.0), (303.0, 300.0), (314.0, 310.0), (321.0, 313.0)]}
[DEBUG] mask nonzero = 238
[DEBUG] found 3 raw contours
[DEBUG] kept 3 candidates after filtering
[DEBUG] roi_desc = {'type': 'polygon', 'polygon': [(329.0, 318.0), (351.0, 301.0), (373.0, 280.0), (395.0, 264.0), (410.0, 237.0), (399.0, 194.0), (357.0, 161.0), (310.0, 167.0), (271.0, 175.0), (237.0, 188.0), (221.0, 208.0), (219.0, 222.0), (219.0, 239.0), (234.0, 245.0), (249.0, 255.0), (260.0, 269.0), (286.0, 288.0), (303.0, 300.0), (314.0, 310.0), (321.0, 313.0)]}
[DEBUG] mask nonzero = 241
[DEBUG] found 3 raw contours
[DEBUG] kept 3 candidates after filtering
[DEBUG] roi_desc = {'type': 'polygon', 'polygon': [(329.0, 318.0), (351.0, 301.0), (373.0, 280.0), (395.0, 264.0), (410.0, 237.0), (399.0, 194.0), (357.0, 161.0), (310.0, 167.0), (271.0, 175.0), (237.0, 188.0), (221.0, 208.0), (219.0, 222.0), (219.0, 239.0), (234.0, 245.0), (249.0, 255.0), (260.0, 269.0), (286.0, 288.0), (303.0, 300.0), (314.0, 310.0), (321.0, 313.0)]}
[DEBUG] mask nonzero = 239
[DEBUG] found 3 raw contours
[DEBUG] kept 3 candidates after filtering
[DEBUG] roi_desc = {'type': 'polygon', 'polygon': [(329.0, 318.0), (351.0, 301.0), (373.0, 280.0), (395.0, 264.0), (410.0, 237.0), (399.0, 194.0), (357.0, 161.0), (310.0, 167.0), (271.0, 175.0), (237.0, 188.0), (221.0, 208.0), (219.0, 222.0), (219.0, 239.0), (234.0, 245.0), (249.0, 255.0), (260.0, 269.0), (286.0, 288.0), (303.0, 300.0), (314.0, 310.0), (321.0, 313.0)]}
[DEBUG] mask nonzero = 236
[DEBUG] found 3 raw contours
[DEBUG] kept 3 candidates after filtering
[DEBUG] roi_desc = {'type': 'polygon', 'polygon': [(329.0, 318.0), (351.0, 301.0), (373.0, 280.0), (395.0, 264.0), (410.0, 237.0), (399.0, 194.0), (357.0, 161.0), (310.0, 167.0), (271.0, 175.0), (237.0, 188.0), (221.0, 208.0), (219.0, 222.0), (219.0, 239.0), (234.0, 245.0), (249.0, 255.0), (260.0, 269.0), (286.0, 288.0), (303.0, 300.0), (314.0, 310.0), (321.0, 313.0)]}
[DEBUG] mask nonzero = 236
[DEBUG] found 3 raw contours
[DEBUG] kept 3 candidates after filtering
[DEBUG] roi_desc = {'type': 'polygon', 'polygon': [(329.0, 318.0), (351.0, 301.0), (373.0, 280.0), (395.0, 264.0), (410.0, 237.0), (399.0, 194.0), (357.0, 161.0), (310.0, 167.0), (271.0, 175.0), (237.0, 188.0), (221.0, 208.0), (219.0, 222.0), (219.0, 239.0), (234.0, 245.0), (249.0, 255.0), (260.0, 269.0), (286.0, 288.0), (303.0, 300.0), (314.0, 310.0), (321.0, 313.0)]}
[DEBUG] mask nonzero = 238
[DEBUG] found 3 raw contours
[DEBUG] kept 3 candidates after filtering
[DEBUG] roi_desc = {'type': 'polygon', 'polygon': [(329.0, 318.0), (351.0, 301.0), (373.0, 280.0), (395.0, 264.0), (410.0, 237.0), (399.0, 194.0), (357.0, 161.0), (310.0, 167.0), (271.0, 175.0), (237.0, 188.0), (221.0, 208.0), (219.0, 222.0), (219.0, 239.0), (234.0, 245.0), (249.0, 255.0), (260.0, 269.0), (286.0, 288.0), (303.0, 300.0), (314.0, 310.0), (321.0, 313.0)]}
[DEBUG] mask nonzero = 236
[DEBUG] found 3 raw contours
[DEBUG] kept 3 candidates after filtering
[DEBUG] roi_desc = {'type': 'polygon', 'polygon': [(329.0, 318.0), (351.0, 301.0), (373.0, 280.0), (395.0, 264.0), (410.0, 237.0), (399.0, 194.0), (357.0, 161.0), (310.0, 167.0), (271.0, 175.0), (237.0, 188.0), (221.0, 208.0), (219.0, 222.0), (219.0, 239.0), (234.0, 245.0), (249.0, 255.0), (260.0, 269.0), (286.0, 288.0), (303.0, 300.0), (314.0, 310.0), (321.0, 313.0)]}
[DEBUG] mask nonzero = 239
[DEBUG] found 3 raw contours
[DEBUG] kept 3 candidates after filtering
[DEBUG] roi_desc = {'type': 'polygon', 'polygon': [(329.0, 318.0), (351.0, 301.0), (373.0, 280.0), (395.0, 264.0), (410.0, 237.0), (399.0, 194.0), (357.0, 161.0), (310.0, 167.0), (271.0, 175.0), (237.0, 188.0), (221.0, 208.0), (219.0, 222.0), (219.0, 239.0), (234.0, 245.0), (249.0, 255.0), (260.0, 269.0), (286.0, 288.0), (303.0, 300.0), (314.0, 310.0), (321.0, 313.0)]}
[DEBUG] mask nonzero = 240
[DEBUG] found 3 raw contours
[DEBUG] kept 3 candidates after filtering
[DEBUG] roi_desc = {'type': 'polygon', 'polygon': [(329.0, 318.0), (351.0, 301.0), (373.0, 280.0), (395.0, 264.0), (410.0, 237.0), (399.0, 194.0), (357.0, 161.0), (310.0, 167.0), (271.0, 175.0), (237.0, 188.0), (221.0, 208.0), (219.0, 222.0), (219.0, 239.0), (234.0, 245.0), (249.0, 255.0), (260.0, 269.0), (286.0, 288.0), (303.0, 300.0), (314.0, 310.0), (321.0, 313.0)]}
[DEBUG] mask nonzero = 239
[DEBUG] found 3 raw contours
[DEBUG] kept 3 candidates after filtering
[DEBUG] roi_desc = {'type': 'polygon', 'polygon': [(329.0, 318.0), (351.0, 301.0), (373.0, 280.0), (395.0, 264.0), (410.0, 237.0), (399.0, 194.0), (357.0, 161.0), (310.0, 167.0), (271.0, 175.0), (237.0, 188.0), (221.0, 208.0), (219.0, 222.0), (219.0, 239.0), (234.0, 245.0), (249.0, 255.0), (260.0, 269.0), (286.0, 288.0), (303.0, 300.0), (314.0, 310.0), (321.0, 313.0)]}
[DEBUG] mask nonzero = 236
[DEBUG] found 3 raw contours
[DEBUG] kept 3 candidates after filtering
[DEBUG] roi_desc = {'type': 'polygon', 'polygon': [(329.0, 318.0), (351.0, 301.0), (373.0, 280.0), (395.0, 264.0), (410.0, 237.0), (399.0, 194.0), (357.0, 161.0), (310.0, 167.0), (271.0, 175.0), (237.0, 188.0), (221.0, 208.0), (219.0, 222.0), (219.0, 239.0), (234.0, 245.0), (249.0, 255.0), (260.0, 269.0), (286.0, 288.0), (303.0, 300.0), (314.0, 310.0), (321.0, 313.0)]}
[DEBUG] mask nonzero = 238
[DEBUG] found 3 raw contours
[DEBUG] kept 3 candidates after filtering
[DEBUG] roi_desc = {'type': 'polygon', 'polygon': [(329.0, 318.0), (351.0, 301.0), (373.0, 280.0), (395.0, 264.0), (410.0, 237.0), (399.0, 194.0), (357.0, 161.0), (310.0, 167.0), (271.0, 175.0), (237.0, 188.0), (221.0, 208.0), (219.0, 222.0), (219.0, 239.0), (234.0, 245.0), (249.0, 255.0), (260.0, 269.0), (286.0, 288.0), (303.0, 300.0), (314.0, 310.0), (321.0, 313.0)]}
[DEBUG] mask nonzero = 233
[DEBUG] found 3 raw contours
[DEBUG] kept 3 candidates after filtering
[DEBUG] roi_desc = {'type': 'polygon', 'polygon': [(329.0, 318.0), (351.0, 301.0), (373.0, 280.0), (395.0, 264.0), (410.0, 237.0), (399.0, 194.0), (357.0, 161.0), (310.0, 167.0), (271.0, 175.0), (237.0, 188.0), (221.0, 208.0), (219.0, 222.0), (219.0, 239.0), (234.0, 245.0), (249.0, 255.0), (260.0, 269.0), (286.0, 288.0), (303.0, 300.0), (314.0, 310.0), (321.0, 313.0)]}
[DEBUG] mask nonzero = 238
[DEBUG] found 3 raw contours
[DEBUG] kept 3 candidates after filtering
[DEBUG] roi_desc = {'type': 'polygon', 'polygon': [(329.0, 318.0), (351.0, 301.0), (373.0, 280.0), (395.0, 264.0), (410.0, 237.0), (399.0, 194.0), (357.0, 161.0), (310.0, 167.0), (271.0, 175.0), (237.0, 188.0), (221.0, 208.0), (219.0, 222.0), (219.0, 239.0), (234.0, 245.0), (249.0, 255.0), (260.0, 269.0), (286.0, 288.0), (303.0, 300.0), (314.0, 310.0), (321.0, 313.0)]}
[DEBUG] mask nonzero = 240
[DEBUG] found 3 raw contours
[DEBUG] kept 3 candidates after filtering
[DEBUG] roi_desc = {'type': 'polygon', 'polygon': [(329.0, 318.0), (351.0, 301.0), (373.0, 280.0), (395.0, 264.0), (410.0, 237.0), (399.0, 194.0), (357.0, 161.0), (310.0, 167.0), (271.0, 175.0), (237.0, 188.0), (221.0, 208.0), (219.0, 222.0), (219.0, 239.0), (234.0, 245.0), (249.0, 255.0), (260.0, 269.0), (286.0, 288.0), (303.0, 300.0), (314.0, 310.0), (321.0, 313.0)]}
[DEBUG] mask nonzero = 236
[DEBUG] found 3 raw contours
[DEBUG] kept 3 candidates after filtering
[DEBUG] roi_desc = {'type': 'polygon', 'polygon': [(329.0, 318.0), (351.0, 301.0), (373.0, 280.0), (395.0, 264.0), (410.0, 237.0), (399.0, 194.0), (357.0, 161.0), (310.0, 167.0), (271.0, 175.0), (237.0, 188.0), (221.0, 208.0), (219.0, 222.0), (219.0, 239.0), (234.0, 245.0), (249.0, 255.0), (260.0, 269.0), (286.0, 288.0), (303.0, 300.0), (314.0, 310.0), (321.0, 313.0)]}
[DEBUG] mask nonzero = 240
[DEBUG] found 3 raw contours
[DEBUG] kept 3 candidates after filtering
[DEBUG] roi_desc = {'type': 'polygon', 'polygon': [(329.0, 318.0), (351.0, 301.0), (373.0, 280.0), (395.0, 264.0), (410.0, 237.0), (399.0, 194.0), (357.0, 161.0), (310.0, 167.0), (271.0, 175.0), (237.0, 188.0), (221.0, 208.0), (219.0, 222.0), (219.0, 239.0), (234.0, 245.0), (249.0, 255.0), (260.0, 269.0), (286.0, 288.0), (303.0, 300.0), (314.0, 310.0), (321.0, 313.0)]}
[DEBUG] mask nonzero = 244
[DEBUG] found 3 raw contours
[DEBUG] kept 3 candidates after filtering
[DEBUG] roi_desc = {'type': 'polygon', 'polygon': [(329.0, 318.0), (351.0, 301.0), (373.0, 280.0), (395.0, 264.0), (410.0, 237.0), (399.0, 194.0), (357.0, 161.0), (310.0, 167.0), (271.0, 175.0), (237.0, 188.0), (221.0, 208.0), (219.0, 222.0), (219.0, 239.0), (234.0, 245.0), (249.0, 255.0), (260.0, 269.0), (286.0, 288.0), (303.0, 300.0), (314.0, 310.0), (321.0, 313.0)]}
[DEBUG] mask nonzero = 241
[DEBUG] found 3 raw contours
[DEBUG] kept 3 candidates after filtering
[DEBUG] roi_desc = {'type': 'polygon', 'polygon': [(329.0, 318.0), (351.0, 301.0), (373.0, 280.0), (395.0, 264.0), (410.0, 237.0), (399.0, 194.0), (357.0, 161.0), (310.0, 167.0), (271.0, 175.0), (237.0, 188.0), (221.0, 208.0), (219.0, 222.0), (219.0, 239.0), (234.0, 245.0), (249.0, 255.0), (260.0, 269.0), (286.0, 288.0), (303.0, 300.0), (314.0, 310.0), (321.0, 313.0)]}
[DEBUG] mask nonzero = 242
[DEBUG] found 3 raw contours
[DEBUG] kept 3 candidates after filtering
[DEBUG] roi_desc = {'type': 'polygon', 'polygon': [(329.0, 318.0), (351.0, 301.0), (373.0, 280.0), (395.0, 264.0), (410.0, 237.0), (399.0, 194.0), (357.0, 161.0), (310.0, 167.0), (271.0, 175.0), (237.0, 188.0), (221.0, 208.0), (219.0, 222.0), (219.0, 239.0), (234.0, 245.0), (249.0, 255.0), (260.0, 269.0), (286.0, 288.0), (303.0, 300.0), (314.0, 310.0), (321.0, 313.0)]}
[DEBUG] mask nonzero = 246
[DEBUG] found 3 raw contours
[DEBUG] kept 3 candidates after filtering
[DEBUG] roi_desc = {'type': 'polygon', 'polygon': [(329.0, 318.0), (351.0, 301.0), (373.0, 280.0), (395.0, 264.0), (410.0, 237.0), (399.0, 194.0), (357.0, 161.0), (310.0, 167.0), (271.0, 175.0), (237.0, 188.0), (221.0, 208.0), (219.0, 222.0), (219.0, 239.0), (234.0, 245.0), (249.0, 255.0), (260.0, 269.0), (286.0, 288.0), (303.0, 300.0), (314.0, 310.0), (321.0, 313.0)]}
[DEBUG] mask nonzero = 237
[DEBUG] found 3 raw contours
[DEBUG] kept 3 candidates after filtering
[DEBUG] roi_desc = {'type': 'polygon', 'polygon': [(329.0, 318.0), (351.0, 301.0), (373.0, 280.0), (395.0, 264.0), (410.0, 237.0), (399.0, 194.0), (357.0, 161.0), (310.0, 167.0), (271.0, 175.0), (237.0, 188.0), (221.0, 208.0), (219.0, 222.0), (219.0, 239.0), (234.0, 245.0), (249.0, 255.0), (260.0, 269.0), (286.0, 288.0), (303.0, 300.0), (314.0, 310.0), (321.0, 313.0)]}
[DEBUG] mask nonzero = 238
[DEBUG] found 3 raw contours
[DEBUG] kept 3 candidates after filtering
[DEBUG] roi_desc = {'type': 'polygon', 'polygon': [(329.0, 318.0), (351.0, 301.0), (373.0, 280.0), (395.0, 264.0), (410.0, 237.0), (399.0, 194.0), (357.0, 161.0), (310.0, 167.0), (271.0, 175.0), (237.0, 188.0), (221.0, 208.0), (219.0, 222.0), (219.0, 239.0), (234.0, 245.0), (249.0, 255.0), (260.0, 269.0), (286.0, 288.0), (303.0, 300.0), (314.0, 310.0), (321.0, 313.0)]}
[DEBUG] mask nonzero = 235
[DEBUG] found 3 raw contours
[DEBUG] kept 3 candidates after filtering
[DEBUG] roi_desc = {'type': 'polygon', 'polygon': [(329.0, 318.0), (351.0, 301.0), (373.0, 280.0), (395.0, 264.0), (410.0, 237.0), (399.0, 194.0), (357.0, 161.0), (310.0, 167.0), (271.0, 175.0), (237.0, 188.0), (221.0, 208.0), (219.0, 222.0), (219.0, 239.0), (234.0, 245.0), (249.0, 255.0), (260.0, 269.0), (286.0, 288.0), (303.0, 300.0), (314.0, 310.0), (321.0, 313.0)]}
[DEBUG] mask nonzero = 241
[DEBUG] found 3 raw contours
[DEBUG] kept 3 candidates after filtering
[DEBUG] roi_desc = {'type': 'polygon', 'polygon': [(329.0, 318.0), (351.0, 301.0), (373.0, 280.0), (395.0, 264.0), (410.0, 237.0), (399.0, 194.0), (357.0, 161.0), (310.0, 167.0), (271.0, 175.0), (237.0, 188.0), (221.0, 208.0), (219.0, 222.0), (219.0, 239.0), (234.0, 245.0), (249.0, 255.0), (260.0, 269.0), (286.0, 288.0), (303.0, 300.0), (314.0, 310.0), (321.0, 313.0)]}
[DEBUG] mask nonzero = 234
[DEBUG] found 3 raw contours
[DEBUG] kept 3 candidates after filtering
[DEBUG] roi_desc = {'type': 'polygon', 'polygon': [(329.0, 318.0), (351.0, 301.0), (373.0, 280.0), (395.0, 264.0), (410.0, 237.0), (399.0, 194.0), (357.0, 161.0), (310.0, 167.0), (271.0, 175.0), (237.0, 188.0), (221.0, 208.0), (219.0, 222.0), (219.0, 239.0), (234.0, 245.0), (249.0, 255.0), (260.0, 269.0), (286.0, 288.0), (303.0, 300.0), (314.0, 310.0), (321.0, 313.0)]}
[DEBUG] mask nonzero = 242
[DEBUG] found 3 raw contours
[DEBUG] kept 3 candidates after filtering
[DEBUG] roi_desc = {'type': 'polygon', 'polygon': [(329.0, 318.0), (351.0, 301.0), (373.0, 280.0), (395.0, 264.0), (410.0, 237.0), (399.0, 194.0), (357.0, 161.0), (310.0, 167.0), (271.0, 175.0), (237.0, 188.0), (221.0, 208.0), (219.0, 222.0), (219.0, 239.0), (234.0, 245.0), (249.0, 255.0), (260.0, 269.0), (286.0, 288.0), (303.0, 300.0), (314.0, 310.0), (321.0, 313.0)]}
[DEBUG] mask nonzero = 235
[DEBUG] found 3 raw contours
[DEBUG] kept 3 candidates after filtering
[DEBUG] roi_desc = {'type': 'polygon', 'polygon': [(329.0, 318.0), (351.0, 301.0), (373.0, 280.0), (395.0, 264.0), (410.0, 237.0), (399.0, 194.0), (357.0, 161.0), (310.0, 167.0), (271.0, 175.0), (237.0, 188.0), (221.0, 208.0), (219.0, 222.0), (219.0, 239.0), (234.0, 245.0), (249.0, 255.0), (260.0, 269.0), (286.0, 288.0), (303.0, 300.0), (314.0, 310.0), (321.0, 313.0)]}
[DEBUG] mask nonzero = 241
[DEBUG] found 3 raw contours
[DEBUG] kept 3 candidates after filtering
[DEBUG] roi_desc = {'type': 'polygon', 'polygon': [(329.0, 318.0), (351.0, 301.0), (373.0, 280.0), (395.0, 264.0), (410.0, 237.0), (399.0, 194.0), (357.0, 161.0), (310.0, 167.0), (271.0, 175.0), (237.0, 188.0), (221.0, 208.0), (219.0, 222.0), (219.0, 239.0), (234.0, 245.0), (249.0, 255.0), (260.0, 269.0), (286.0, 288.0), (303.0, 300.0), (314.0, 310.0), (321.0, 313.0)]}
[DEBUG] mask nonzero = 240
[DEBUG] found 3 raw contours
[DEBUG] kept 3 candidates after filtering
[DEBUG] roi_desc = {'type': 'polygon', 'polygon': [(329.0, 318.0), (351.0, 301.0), (373.0, 280.0), (395.0, 264.0), (410.0, 237.0), (399.0, 194.0), (357.0, 161.0), (310.0, 167.0), (271.0, 175.0), (237.0, 188.0), (221.0, 208.0), (219.0, 222.0), (219.0, 239.0), (234.0, 245.0), (249.0, 255.0), (260.0, 269.0), (286.0, 288.0), (303.0, 300.0), (314.0, 310.0), (321.0, 313.0)]}
[DEBUG] mask nonzero = 235
[DEBUG] found 3 raw contours
[DEBUG] kept 3 candidates after filtering
[DEBUG] roi_desc = {'type': 'polygon', 'polygon': [(329.0, 318.0), (351.0, 301.0), (373.0, 280.0), (395.0, 264.0), (410.0, 237.0), (399.0, 194.0), (357.0, 161.0), (310.0, 167.0), (271.0, 175.0), (237.0, 188.0), (221.0, 208.0), (219.0, 222.0), (219.0, 239.0), (234.0, 245.0), (249.0, 255.0), (260.0, 269.0), (286.0, 288.0), (303.0, 300.0), (314.0, 310.0), (321.0, 313.0)]}
[DEBUG] mask nonzero = 245
[DEBUG] found 3 raw contours
[DEBUG] kept 3 candidates after filtering
[DEBUG] roi_desc = {'type': 'polygon', 'polygon': [(329.0, 318.0), (351.0, 301.0), (373.0, 280.0), (395.0, 264.0), (410.0, 237.0), (399.0, 194.0), (357.0, 161.0), (310.0, 167.0), (271.0, 175.0), (237.0, 188.0), (221.0, 208.0), (219.0, 222.0), (219.0, 239.0), (234.0, 245.0), (249.0, 255.0), (260.0, 269.0), (286.0, 288.0), (303.0, 300.0), (314.0, 310.0), (321.0, 313.0)]}
[DEBUG] mask nonzero = 241
[DEBUG] found 3 raw contours
[DEBUG] kept 3 candidates after filtering
[DEBUG] roi_desc = {'type': 'polygon', 'polygon': [(329.0, 318.0), (351.0, 301.0), (373.0, 280.0), (395.0, 264.0), (410.0, 237.0), (399.0, 194.0), (357.0, 161.0), (310.0, 167.0), (271.0, 175.0), (237.0, 188.0), (221.0, 208.0), (219.0, 222.0), (219.0, 239.0), (234.0, 245.0), (249.0, 255.0), (260.0, 269.0), (286.0, 288.0), (303.0, 300.0), (314.0, 310.0), (321.0, 313.0)]}
[DEBUG] mask nonzero = 233
[DEBUG] found 3 raw contours
[DEBUG] kept 3 candidates after filtering
[DEBUG] roi_desc = {'type': 'polygon', 'polygon': [(329.0, 318.0), (351.0, 301.0), (373.0, 280.0), (395.0, 264.0), (410.0, 237.0), (399.0, 194.0), (357.0, 161.0), (310.0, 167.0), (271.0, 175.0), (237.0, 188.0), (221.0, 208.0), (219.0, 222.0), (219.0, 239.0), (234.0, 245.0), (249.0, 255.0), (260.0, 269.0), (286.0, 288.0), (303.0, 300.0), (314.0, 310.0), (321.0, 313.0)]}
[DEBUG] mask nonzero = 243
[DEBUG] found 3 raw contours
[DEBUG] kept 3 candidates after filtering
[DEBUG] roi_desc = {'type': 'polygon', 'polygon': [(329.0, 318.0), (351.0, 301.0), (373.0, 280.0), (395.0, 264.0), (410.0, 237.0), (399.0, 194.0), (357.0, 161.0), (310.0, 167.0), (271.0, 175.0), (237.0, 188.0), (221.0, 208.0), (219.0, 222.0), (219.0, 239.0), (234.0, 245.0), (249.0, 255.0), (260.0, 269.0), (286.0, 288.0), (303.0, 300.0), (314.0, 310.0), (321.0, 313.0)]}
[DEBUG] mask nonzero = 239
[DEBUG] found 3 raw contours
[DEBUG] kept 3 candidates after filtering
[DEBUG] roi_desc = {'type': 'polygon', 'polygon': [(329.0, 318.0), (351.0, 301.0), (373.0, 280.0), (395.0, 264.0), (410.0, 237.0), (399.0, 194.0), (357.0, 161.0), (310.0, 167.0), (271.0, 175.0), (237.0, 188.0), (221.0, 208.0), (219.0, 222.0), (219.0, 239.0), (234.0, 245.0), (249.0, 255.0), (260.0, 269.0), (286.0, 288.0), (303.0, 300.0), (314.0, 310.0), (321.0, 313.0)]}
[DEBUG] mask nonzero = 246
[DEBUG] found 3 raw contours
[DEBUG] kept 3 candidates after filtering
[DEBUG] roi_desc = {'type': 'polygon', 'polygon': [(329.0, 318.0), (351.0, 301.0), (373.0, 280.0), (395.0, 264.0), (410.0, 237.0), (399.0, 194.0), (357.0, 161.0), (310.0, 167.0), (271.0, 175.0), (237.0, 188.0), (221.0, 208.0), (219.0, 222.0), (219.0, 239.0), (234.0, 245.0), (249.0, 255.0), (260.0, 269.0), (286.0, 288.0), (303.0, 300.0), (314.0, 310.0), (321.0, 313.0)]}
[DEBUG] mask nonzero = 235
[DEBUG] found 3 raw contours
[DEBUG] kept 3 candidates after filtering
[DEBUG] roi_desc = {'type': 'polygon', 'polygon': [(329.0, 318.0), (351.0, 301.0), (373.0, 280.0), (395.0, 264.0), (410.0, 237.0), (399.0, 194.0), (357.0, 161.0), (310.0, 167.0), (271.0, 175.0), (237.0, 188.0), (221.0, 208.0), (219.0, 222.0), (219.0, 239.0), (234.0, 245.0), (249.0, 255.0), (260.0, 269.0), (286.0, 288.0), (303.0, 300.0), (314.0, 310.0), (321.0, 313.0)]}
[DEBUG] mask nonzero = 232
[DEBUG] found 3 raw contours
[DEBUG] kept 3 candidates after filtering
[DEBUG] roi_desc = {'type': 'polygon', 'polygon': [(329.0, 318.0), (351.0, 301.0), (373.0, 280.0), (395.0, 264.0), (410.0, 237.0), (399.0, 194.0), (357.0, 161.0), (310.0, 167.0), (271.0, 175.0), (237.0, 188.0), (221.0, 208.0), (219.0, 222.0), (219.0, 239.0), (234.0, 245.0), (249.0, 255.0), (260.0, 269.0), (286.0, 288.0), (303.0, 300.0), (314.0, 310.0), (321.0, 313.0)]}
[DEBUG] mask nonzero = 239
[DEBUG] found 3 raw contours
[DEBUG] kept 3 candidates after filtering
[DEBUG] roi_desc = {'type': 'polygon', 'polygon': [(329.0, 318.0), (351.0, 301.0), (373.0, 280.0), (395.0, 264.0), (410.0, 237.0), (399.0, 194.0), (357.0, 161.0), (310.0, 167.0), (271.0, 175.0), (237.0, 188.0), (221.0, 208.0), (219.0, 222.0), (219.0, 239.0), (234.0, 245.0), (249.0, 255.0), (260.0, 269.0), (286.0, 288.0), (303.0, 300.0), (314.0, 310.0), (321.0, 313.0)]}
[DEBUG] mask nonzero = 235
[DEBUG] found 3 raw contours
[DEBUG] kept 3 candidates after filtering
[DEBUG] roi_desc = {'type': 'polygon', 'polygon': [(329.0, 318.0), (351.0, 301.0), (373.0, 280.0), (395.0, 264.0), (410.0, 237.0), (399.0, 194.0), (357.0, 161.0), (310.0, 167.0), (271.0, 175.0), (237.0, 188.0), (221.0, 208.0), (219.0, 222.0), (219.0, 239.0), (234.0, 245.0), (249.0, 255.0), (260.0, 269.0), (286.0, 288.0), (303.0, 300.0), (314.0, 310.0), (321.0, 313.0)]}
[DEBUG] mask nonzero = 243
[DEBUG] found 3 raw contours
[DEBUG] kept 3 candidates after filtering
[DEBUG] roi_desc = {'type': 'polygon', 'polygon': [(329.0, 318.0), (351.0, 301.0), (373.0, 280.0), (395.0, 264.0), (410.0, 237.0), (399.0, 194.0), (357.0, 161.0), (310.0, 167.0), (271.0, 175.0), (237.0, 188.0), (221.0, 208.0), (219.0, 222.0), (219.0, 239.0), (234.0, 245.0), (249.0, 255.0), (260.0, 269.0), (286.0, 288.0), (303.0, 300.0), (314.0, 310.0), (321.0, 313.0)]}
[DEBUG] mask nonzero = 243
[DEBUG] found 3 raw contours
[DEBUG] kept 3 candidates after filtering
[DEBUG] roi_desc = {'type': 'polygon', 'polygon': [(329.0, 318.0), (351.0, 301.0), (373.0, 280.0), (395.0, 264.0), (410.0, 237.0), (399.0, 194.0), (357.0, 161.0), (310.0, 167.0), (271.0, 175.0), (237.0, 188.0), (221.0, 208.0), (219.0, 222.0), (219.0, 239.0), (234.0, 245.0), (249.0, 255.0), (260.0, 269.0), (286.0, 288.0), (303.0, 300.0), (314.0, 310.0), (321.0, 313.0)]}
[DEBUG] mask nonzero = 241
[DEBUG] found 3 raw contours
[DEBUG] kept 3 candidates after filtering
[DEBUG] roi_desc = {'type': 'polygon', 'polygon': [(329.0, 318.0), (351.0, 301.0), (373.0, 280.0), (395.0, 264.0), (410.0, 237.0), (399.0, 194.0), (357.0, 161.0), (310.0, 167.0), (271.0, 175.0), (237.0, 188.0), (221.0, 208.0), (219.0, 222.0), (219.0, 239.0), (234.0, 245.0), (249.0, 255.0), (260.0, 269.0), (286.0, 288.0), (303.0, 300.0), (314.0, 310.0), (321.0, 313.0)]}
[DEBUG] mask nonzero = 234
[DEBUG] found 3 raw contours
[DEBUG] kept 3 candidates after filtering
[DEBUG] roi_desc = {'type': 'polygon', 'polygon': [(329.0, 318.0), (351.0, 301.0), (373.0, 280.0), (395.0, 264.0), (410.0, 237.0), (399.0, 194.0), (357.0, 161.0), (310.0, 167.0), (271.0, 175.0), (237.0, 188.0), (221.0, 208.0), (219.0, 222.0), (219.0, 239.0), (234.0, 245.0), (249.0, 255.0), (260.0, 269.0), (286.0, 288.0), (303.0, 300.0), (314.0, 310.0), (321.0, 313.0)]}
[DEBUG] mask nonzero = 246
[DEBUG] found 3 raw contours
[DEBUG] kept 3 candidates after filtering
[DEBUG] roi_desc = {'type': 'polygon', 'polygon': [(329.0, 318.0), (351.0, 301.0), (373.0, 280.0), (395.0, 264.0), (410.0, 237.0), (399.0, 194.0), (357.0, 161.0), (310.0, 167.0), (271.0, 175.0), (237.0, 188.0), (221.0, 208.0), (219.0, 222.0), (219.0, 239.0), (234.0, 245.0), (249.0, 255.0), (260.0, 269.0), (286.0, 288.0), (303.0, 300.0), (314.0, 310.0), (321.0, 313.0)]}
[DEBUG] mask nonzero = 243
[DEBUG] found 3 raw contours
[DEBUG] kept 3 candidates after filtering
[DEBUG] roi_desc = {'type': 'polygon', 'polygon': [(329.0, 318.0), (351.0, 301.0), (373.0, 280.0), (395.0, 264.0), (410.0, 237.0), (399.0, 194.0), (357.0, 161.0), (310.0, 167.0), (271.0, 175.0), (237.0, 188.0), (221.0, 208.0), (219.0, 222.0), (219.0, 239.0), (234.0, 245.0), (249.0, 255.0), (260.0, 269.0), (286.0, 288.0), (303.0, 300.0), (314.0, 310.0), (321.0, 313.0)]}
[DEBUG] mask nonzero = 239
[DEBUG] found 3 raw contours
[DEBUG] kept 3 candidates after filtering
[DEBUG] roi_desc = {'type': 'polygon', 'polygon': [(329.0, 318.0), (351.0, 301.0), (373.0, 280.0), (395.0, 264.0), (410.0, 237.0), (399.0, 194.0), (357.0, 161.0), (310.0, 167.0), (271.0, 175.0), (237.0, 188.0), (221.0, 208.0), (219.0, 222.0), (219.0, 239.0), (234.0, 245.0), (249.0, 255.0), (260.0, 269.0), (286.0, 288.0), (303.0, 300.0), (314.0, 310.0), (321.0, 313.0)]}
[DEBUG] mask nonzero = 245
[DEBUG] found 3 raw contours
[DEBUG] kept 3 candidates after filtering
[DEBUG] roi_desc = {'type': 'polygon', 'polygon': [(329.0, 318.0), (351.0, 301.0), (373.0, 280.0), (395.0, 264.0), (410.0, 237.0), (399.0, 194.0), (357.0, 161.0), (310.0, 167.0), (271.0, 175.0), (237.0, 188.0), (221.0, 208.0), (219.0, 222.0), (219.0, 239.0), (234.0, 245.0), (249.0, 255.0), (260.0, 269.0), (286.0, 288.0), (303.0, 300.0), (314.0, 310.0), (321.0, 313.0)]}
[DEBUG] mask nonzero = 237
[DEBUG] found 3 raw contours
[DEBUG] kept 3 candidates after filtering
[DEBUG] roi_desc = {'type': 'polygon', 'polygon': [(329.0, 318.0), (351.0, 301.0), (373.0, 280.0), (395.0, 264.0), (410.0, 237.0), (399.0, 194.0), (357.0, 161.0), (310.0, 167.0), (271.0, 175.0), (237.0, 188.0), (221.0, 208.0), (219.0, 222.0), (219.0, 239.0), (234.0, 245.0), (249.0, 255.0), (260.0, 269.0), (286.0, 288.0), (303.0, 300.0), (314.0, 310.0), (321.0, 313.0)]}
[DEBUG] mask nonzero = 242
[DEBUG] found 3 raw contours
[DEBUG] kept 3 candidates after filtering
RTDEReceiveInterface boost system Exception: (asio.misc:2) End of file
RTDEReceiveInterface boost system Exception: (asio.misc:2) End of file
/home/jack/Proper-Research/beam_direction_magnetisation/post_processing/post_processing.py:560: UserWarning: FigureCanvasAgg is non-interactive, and thus cannot be shown
  plt.show()
[DEBUG] roi_desc = {'type': 'polygon', 'polygon': [(329.0, 318.0), (351.0, 301.0), (373.0, 280.0), (395.0, 264.0), (410.0, 237.0), (399.0, 194.0), (357.0, 161.0), (310.0, 167.0), (271.0, 175.0), (237.0, 188.0), (221.0, 208.0), (219.0, 222.0), (219.0, 239.0), (234.0, 245.0), (249.0, 255.0), (260.0, 269.0), (286.0, 288.0), (303.0, 300.0), (314.0, 310.0), (321.0, 313.0)]}
[DEBUG] mask nonzero = 244
[DEBUG] found 3 raw contours
[DEBUG] kept 3 candidates after filtering
[DEBUG] roi_desc = {'type': 'polygon', 'polygon': [(329.0, 318.0), (351.0, 301.0), (373.0, 280.0), (395.0, 264.0), (410.0, 237.0), (399.0, 194.0), (357.0, 161.0), (310.0, 167.0), (271.0, 175.0), (237.0, 188.0), (221.0, 208.0), (219.0, 222.0), (219.0, 239.0), (234.0, 245.0), (249.0, 255.0), (260.0, 269.0), (286.0, 288.0), (303.0, 300.0), (314.0, 310.0), (321.0, 313.0)]}
[DEBUG] mask nonzero = 236
[DEBUG] found 3 raw contours
[DEBUG] kept 3 candidates after filtering
[DEBUG] roi_desc = {'type': 'polygon', 'polygon': [(329.0, 318.0), (351.0, 301.0), (373.0, 280.0), (395.0, 264.0), (410.0, 237.0), (399.0, 194.0), (357.0, 161.0), (310.0, 167.0), (271.0, 175.0), (237.0, 188.0), (221.0, 208.0), (219.0, 222.0), (219.0, 239.0), (234.0, 245.0), (249.0, 255.0), (260.0, 269.0), (286.0, 288.0), (303.0, 300.0), (314.0, 310.0), (321.0, 313.0)]}
[DEBUG] mask nonzero = 236
[DEBUG] found 3 raw contours
[DEBUG] kept 3 candidates after filtering
[DEBUG] roi_desc = {'type': 'polygon', 'polygon': [(329.0, 318.0), (351.0, 301.0), (373.0, 280.0), (395.0, 264.0), (410.0, 237.0), (399.0, 194.0), (357.0, 161.0), (310.0, 167.0), (271.0, 175.0), (237.0, 188.0), (221.0, 208.0), (219.0, 222.0), (219.0, 239.0), (234.0, 245.0), (249.0, 255.0), (260.0, 269.0), (286.0, 288.0), (303.0, 300.0), (314.0, 310.0), (321.0, 313.0)]}
[DEBUG] mask nonzero = 239
[DEBUG] found 3 raw contours
[DEBUG] kept 3 candidates after filtering
[DEBUG] roi_desc = {'type': 'polygon', 'polygon': [(329.0, 318.0), (351.0, 301.0), (373.0, 280.0), (395.0, 264.0), (410.0, 237.0), (399.0, 194.0), (357.0, 161.0), (310.0, 167.0), (271.0, 175.0), (237.0, 188.0), (221.0, 208.0), (219.0, 222.0), (219.0, 239.0), (234.0, 245.0), (249.0, 255.0), (260.0, 269.0), (286.0, 288.0), (303.0, 300.0), (314.0, 310.0), (321.0, 313.0)]}
[DEBUG] mask nonzero = 240
[DEBUG] found 3 raw contours
[DEBUG] kept 3 candidates after filtering
[DEBUG] roi_desc = {'type': 'polygon', 'polygon': [(329.0, 318.0), (351.0, 301.0), (373.0, 280.0), (395.0, 264.0), (410.0, 237.0), (399.0, 194.0), (357.0, 161.0), (310.0, 167.0), (271.0, 175.0), (237.0, 188.0), (221.0, 208.0), (219.0, 222.0), (219.0, 239.0), (234.0, 245.0), (249.0, 255.0), (260.0, 269.0), (286.0, 288.0), (303.0, 300.0), (314.0, 310.0), (321.0, 313.0)]}
[DEBUG] mask nonzero = 238
[DEBUG] found 3 raw contours
[DEBUG] kept 3 candidates after filtering
[DEBUG] roi_desc = {'type': 'polygon', 'polygon': [(329.0, 318.0), (351.0, 301.0), (373.0, 280.0), (395.0, 264.0), (410.0, 237.0), (399.0, 194.0), (357.0, 161.0), (310.0, 167.0), (271.0, 175.0), (237.0, 188.0), (221.0, 208.0), (219.0, 222.0), (219.0, 239.0), (234.0, 245.0), (249.0, 255.0), (260.0, 269.0), (286.0, 288.0), (303.0, 300.0), (314.0, 310.0), (321.0, 313.0)]}
[DEBUG] mask nonzero = 242
[DEBUG] found 3 raw contours
[DEBUG] kept 3 candidates after filtering
[DEBUG] roi_desc = {'type': 'polygon', 'polygon': [(329.0, 318.0), (351.0, 301.0), (373.0, 280.0), (395.0, 264.0), (410.0, 237.0), (399.0, 194.0), (357.0, 161.0), (310.0, 167.0), (271.0, 175.0), (237.0, 188.0), (221.0, 208.0), (219.0, 222.0), (219.0, 239.0), (234.0, 245.0), (249.0, 255.0), (260.0, 269.0), (286.0, 288.0), (303.0, 300.0), (314.0, 310.0), (321.0, 313.0)]}
[DEBUG] mask nonzero = 243
[DEBUG] found 3 raw contours
[DEBUG] kept 3 candidates after filtering
[beam] iter 0: 30.1 mm (target 30, err -0.1)
[worker] beam 30.1 mm; running mpc_lti
[path] LIVE (servoJ per tick)  control @ 10.0 Hz  ref=plan_dir
[path] log -> /home/jack/Proper-Research/close_loop_logs/compare_tri/runs/lti_rep2_20260910T132406Z/path_follow.jsonl
[path] T_R_B  B.x(axial)=[-1.0, 0.0, 0.0]  B.y(sideways)=[0.0, 1.0, 0.0]  B.z(camera)=[0.0, 0.0, -1.0]
[path] advancer LIVE on /dev/ttyACM0
[path] camera + reader up; waiting for first tip + joints...
[path] planner->R fit: |t_fit|=0.000 m, det(R_fit)=+1.000
[path]   plan des[0] [495.6, -670.3, -16.6] mm  des[-1] [495.6, -670.3, -16.6] mm  (robot frame)
[path] loaded plan reference: 132 samples, 13.1s, source='/home/jack/Proper-Research/plans/triangle_8mm_2026-09-10/time_parameterized_configuration_path/time_parameterized_configuration_path.csv'
[path] start tip (mm) = [495.56, -670.25, -16.57]
[path] ref[0]     (mm) = [495.56, -670.25, -16.57]
[path] ref[-1]    (mm) = [495.56, -670.25, -16.57]
[path] building analytic beam Jacobian (forward-model solve + FK)...
[INIT] L_ins=0.040 -> L_model=0.040, wire_len=0.000, tip_len=0.040


tip position         : [ 0.79019416 -0.69343739 -0.09999488]
base position        : [ 0.82813282 -0.68127317 -0.1       ]
tip deflection       : [-3.79386605e-02 -1.21642203e-02  5.11583471e-06]
tip deflection norm  : 3.984106e-02



max violation        : 1.912274e-02

[path] model magnet in B = [+280, -0, -0] mm (coaxial: B.y/B.z ~0 -> magnet on the beam axis, ~280 mm ahead)
[path] |d(tip)/d(magnet)| per axis  B.z/out=0.005  B.y/in-plane=0.075  B.x/axial=0.075 mm/mm (axial should be ~0 for a coaxial axial-dipole magnet)
[path] ===== FROZEN BEAM JACOBIAN  d(tip_R xyz)/d[q1..q6, insertion] =====
[path] rows = tip R.x, R.y, R.z   cols = q1..q6 (rad), insertion (m)
[path]   R.x: [ 0.00231 -0.00006 -0.00147 -0.00076  0.00075 -0.00078 -0.99782]
[path]   R.y: [ 0.05097 -0.00358 -0.03426 -0.0177   0.01688 -0.01719  0.06698]
[path]   R.z: [ 0.00019  0.09659  0.07986  0.04367 -0.01113  0.00062  0.00167]
[path] --- J = J_beam[:, 0:3] @ Jv_robot ,  J[:,6] = J_beam[:,6] ---
[path] J_beam (3x7) d(tip)/d[magnet_xyz(3), magnet_rot(3), insertion]:
[path]   R.x: [ 0.00021  0.00342  0.00008  0.      -0.00001  0.00029 -0.99782]
[path]   R.y: [ 0.00478  0.0752   0.      -0.00002 -0.       0.00636  0.06698]
[path]   R.z: [ 0.00016  0.       0.0748   0.0011  -0.00627  0.       0.00167]
[path] Jv_robot (3x6) d(TCP_pos)/d(q):
[path]   R.x: [ 1.18708  0.04472  0.41679  0.21869  0.23478 -0.45275]
[path]   R.y: [ 0.60228 -0.05055 -0.48219 -0.24931  0.20953 -0.19984]
[path]   R.z: [ 0.       1.29127  1.06686  0.5834  -0.14932  0.00919]
[path] ================================================================
[path] cond(J[:, :6]) = 26209.64
[path] using external Jacobian schedule (132, 3, 7)
[path] controller = mpc_lti (horizon=30, freeze@0); closing the loop
Polishing not needed - no active set detected at optimal point
Polishing not needed - no active set detected at optimal point
Polishing not needed - no active set detected at optimal point
Polishing not needed - no active set detected at optimal point
[  10] ref=   9/131 |e|=  0.01mm e=[ +0.01  -0.00  +0.00] |qd|=0.0912 ins= 31.4mm
[  20] ref=  19/131 |e|=  0.22mm e=[ +0.14  +0.17  +0.00] |qd|=0.1341 ins= 33.0mm
[  30] ref=  29/131 |e|=  0.73mm e=[ +0.50  +0.54  +0.00] |qd|=0.1732 ins= 34.6mm
[  40] ref=  39/131 |e|=  1.51mm e=[ +0.54  +1.41  +0.00] |qd|=0.2055 ins= 36.1mm
[  50] ref=  49/131 |e|=  1.91mm e=[ -0.13  +1.91  +0.00] |qd|=0.2016 ins= 37.5mm
[  60] ref=  59/131 |e|=  0.83mm e=[ +0.74  -0.36  +0.00] |qd|=0.0698 ins= 38.6mm
[  70] ref=  69/131 |e|=  1.79mm e=[ +0.92  -1.53  +0.00] |qd|=0.1789 ins= 38.2mm
[  80] ref=  79/131 |e|=  2.95mm e=[ +0.28  -2.93  +0.00] |qd|=0.2116 ins= 38.0mm
[  90] ref=  89/131 |e|=  2.74mm e=[ +1.13  -2.49  +0.00] |qd|=0.2180 ins= 36.2mm
[ 100] ref=  99/131 |e|=  1.71mm e=[ +1.03  -1.36  +0.00] |qd|=0.1953 ins= 34.7mm
[ 110] ref= 109/131 |e|=  0.83mm e=[ +0.82  -0.11  +0.00] |qd|=0.1343 ins= 33.1mm
[ 120] ref= 119/131 |e|=  0.68mm e=[ +0.68  +0.04  +0.00] |qd|=0.0993 ins= 31.6mm
[ 130] ref= 129/131 |e|=  0.52mm e=[ +0.14  +0.50  +0.00] |qd|=0.1053 ins= 30.1mm
[ 135] ref= 131/131 |e|=  0.48mm e=[ -0.01  +0.48  +0.00] |qd|=0.1046 ins= 30.0mm TERM
[ 140] ref= 131/131 |e|=  0.45mm e=[ -0.09  +0.44  +0.00] |qd|=0.1042 ins= 30.1mm TERM
[ 145] ref= 131/131 |e|=  0.31mm e=[ -0.03  +0.31  +0.00] |qd|=0.1035 ins= 30.0mm TERM
[ 150] ref= 131/131 |e|=  0.44mm e=[ -0.07  +0.44  +0.00] |qd|=0.1042 ins= 30.1mm TERM
[path] wrote /home/jack/Proper-Research/close_loop_logs/compare_tri/runs/lti_rep2_20260910T132406Z/path_follow_plot.png

=== PATH-FOLLOW SUMMARY ===
  timestamp_utc           : 2026-09-10T13:24:43.180942+00:00
  stop_reason             : path_complete
  control_steps           : 153
  started_moving          : True
  reference_samples       : 132
  jacobian_condition      : 26209.64
  final_error_mm          : 0.479
  max_error_mm            : 3.549
  vision_detection_failures: 0
  log                     : /home/jack/Proper-Research/close_loop_logs/compare_tri/runs/lti_rep2_20260910T132406Z/path_follow.jsonl
  csv                     : /home/jack/Proper-Research/close_loop_logs/compare_tri/runs/lti_rep2_20260910T132406Z/tip_trajectory.csv
  plot                    : /home/jack/Proper-Research/close_loop_logs/compare_tri/runs/lti_rep2_20260910T132406Z/path_follow_plot.png
[metrics] mpc_lti rep2: rms=1.55 max=3.55 hold=0.45 final=0.48 mm (path_complete)

========================================================================
  rep 2/3   mpc_ltv_offline
========================================================================
[compare] settle 30s (RTDE)...
[reset] at reference joints (dq=0.0002)
[DEBUG] roi_desc = {'type': 'polygon', 'polygon': [(329.0, 318.0), (351.0, 301.0), (373.0, 280.0), (395.0, 264.0), (410.0, 237.0), (399.0, 194.0), (357.0, 161.0), (310.0, 167.0), (271.0, 175.0), (237.0, 188.0), (221.0, 208.0), (219.0, 222.0), (219.0, 239.0), (234.0, 245.0), (249.0, 255.0), (260.0, 269.0), (286.0, 288.0), (303.0, 300.0), (314.0, 310.0), (321.0, 313.0)]}
[DEBUG] mask nonzero = 242
[DEBUG] found 3 raw contours
[DEBUG] kept 3 candidates after filtering
[DEBUG] roi_desc = {'type': 'polygon', 'polygon': [(329.0, 318.0), (351.0, 301.0), (373.0, 280.0), (395.0, 264.0), (410.0, 237.0), (399.0, 194.0), (357.0, 161.0), (310.0, 167.0), (271.0, 175.0), (237.0, 188.0), (221.0, 208.0), (219.0, 222.0), (219.0, 239.0), (234.0, 245.0), (249.0, 255.0), (260.0, 269.0), (286.0, 288.0), (303.0, 300.0), (314.0, 310.0), (321.0, 313.0)]}
[DEBUG] mask nonzero = 233
[DEBUG] found 3 raw contours
[DEBUG] kept 3 candidates after filtering
[DEBUG] roi_desc = {'type': 'polygon', 'polygon': [(329.0, 318.0), (351.0, 301.0), (373.0, 280.0), (395.0, 264.0), (410.0, 237.0), (399.0, 194.0), (357.0, 161.0), (310.0, 167.0), (271.0, 175.0), (237.0, 188.0), (221.0, 208.0), (219.0, 222.0), (219.0, 239.0), (234.0, 245.0), (249.0, 255.0), (260.0, 269.0), (286.0, 288.0), (303.0, 300.0), (314.0, 310.0), (321.0, 313.0)]}
[DEBUG] mask nonzero = 244
[DEBUG] found 3 raw contours
[DEBUG] kept 3 candidates after filtering
[DEBUG] roi_desc = {'type': 'polygon', 'polygon': [(329.0, 318.0), (351.0, 301.0), (373.0, 280.0), (395.0, 264.0), (410.0, 237.0), (399.0, 194.0), (357.0, 161.0), (310.0, 167.0), (271.0, 175.0), (237.0, 188.0), (221.0, 208.0), (219.0, 222.0), (219.0, 239.0), (234.0, 245.0), (249.0, 255.0), (260.0, 269.0), (286.0, 288.0), (303.0, 300.0), (314.0, 310.0), (321.0, 313.0)]}
[DEBUG] mask nonzero = 234
[DEBUG] found 3 raw contours
[DEBUG] kept 3 candidates after filtering
[DEBUG] roi_desc = {'type': 'polygon', 'polygon': [(329.0, 318.0), (351.0, 301.0), (373.0, 280.0), (395.0, 264.0), (410.0, 237.0), (399.0, 194.0), (357.0, 161.0), (310.0, 167.0), (271.0, 175.0), (237.0, 188.0), (221.0, 208.0), (219.0, 222.0), (219.0, 239.0), (234.0, 245.0), (249.0, 255.0), (260.0, 269.0), (286.0, 288.0), (303.0, 300.0), (314.0, 310.0), (321.0, 313.0)]}
[DEBUG] mask nonzero = 236
[DEBUG] found 3 raw contours
[DEBUG] kept 3 candidates after filtering
[DEBUG] roi_desc = {'type': 'polygon', 'polygon': [(329.0, 318.0), (351.0, 301.0), (373.0, 280.0), (395.0, 264.0), (410.0, 237.0), (399.0, 194.0), (357.0, 161.0), (310.0, 167.0), (271.0, 175.0), (237.0, 188.0), (221.0, 208.0), (219.0, 222.0), (219.0, 239.0), (234.0, 245.0), (249.0, 255.0), (260.0, 269.0), (286.0, 288.0), (303.0, 300.0), (314.0, 310.0), (321.0, 313.0)]}
[DEBUG] mask nonzero = 237
[DEBUG] found 3 raw contours
[DEBUG] kept 3 candidates after filtering
[DEBUG] roi_desc = {'type': 'polygon', 'polygon': [(329.0, 318.0), (351.0, 301.0), (373.0, 280.0), (395.0, 264.0), (410.0, 237.0), (399.0, 194.0), (357.0, 161.0), (310.0, 167.0), (271.0, 175.0), (237.0, 188.0), (221.0, 208.0), (219.0, 222.0), (219.0, 239.0), (234.0, 245.0), (249.0, 255.0), (260.0, 269.0), (286.0, 288.0), (303.0, 300.0), (314.0, 310.0), (321.0, 313.0)]}
[DEBUG] mask nonzero = 235
[DEBUG] found 3 raw contours
[DEBUG] kept 3 candidates after filtering
[DEBUG] roi_desc = {'type': 'polygon', 'polygon': [(329.0, 318.0), (351.0, 301.0), (373.0, 280.0), (395.0, 264.0), (410.0, 237.0), (399.0, 194.0), (357.0, 161.0), (310.0, 167.0), (271.0, 175.0), (237.0, 188.0), (221.0, 208.0), (219.0, 222.0), (219.0, 239.0), (234.0, 245.0), (249.0, 255.0), (260.0, 269.0), (286.0, 288.0), (303.0, 300.0), (314.0, 310.0), (321.0, 313.0)]}
[DEBUG] mask nonzero = 241
[DEBUG] found 3 raw contours
[DEBUG] kept 3 candidates after filtering
[DEBUG] roi_desc = {'type': 'polygon', 'polygon': [(329.0, 318.0), (351.0, 301.0), (373.0, 280.0), (395.0, 264.0), (410.0, 237.0), (399.0, 194.0), (357.0, 161.0), (310.0, 167.0), (271.0, 175.0), (237.0, 188.0), (221.0, 208.0), (219.0, 222.0), (219.0, 239.0), (234.0, 245.0), (249.0, 255.0), (260.0, 269.0), (286.0, 288.0), (303.0, 300.0), (314.0, 310.0), (321.0, 313.0)]}
[DEBUG] mask nonzero = 232
[DEBUG] found 3 raw contours
[DEBUG] kept 3 candidates after filtering
[DEBUG] roi_desc = {'type': 'polygon', 'polygon': [(329.0, 318.0), (351.0, 301.0), (373.0, 280.0), (395.0, 264.0), (410.0, 237.0), (399.0, 194.0), (357.0, 161.0), (310.0, 167.0), (271.0, 175.0), (237.0, 188.0), (221.0, 208.0), (219.0, 222.0), (219.0, 239.0), (234.0, 245.0), (249.0, 255.0), (260.0, 269.0), (286.0, 288.0), (303.0, 300.0), (314.0, 310.0), (321.0, 313.0)]}
[DEBUG] mask nonzero = 244
[DEBUG] found 3 raw contours
[DEBUG] kept 3 candidates after filtering
[DEBUG] roi_desc = {'type': 'polygon', 'polygon': [(329.0, 318.0), (351.0, 301.0), (373.0, 280.0), (395.0, 264.0), (410.0, 237.0), (399.0, 194.0), (357.0, 161.0), (310.0, 167.0), (271.0, 175.0), (237.0, 188.0), (221.0, 208.0), (219.0, 222.0), (219.0, 239.0), (234.0, 245.0), (249.0, 255.0), (260.0, 269.0), (286.0, 288.0), (303.0, 300.0), (314.0, 310.0), (321.0, 313.0)]}
[DEBUG] mask nonzero = 232
[DEBUG] found 3 raw contours
[DEBUG] kept 3 candidates after filtering
[DEBUG] roi_desc = {'type': 'polygon', 'polygon': [(329.0, 318.0), (351.0, 301.0), (373.0, 280.0), (395.0, 264.0), (410.0, 237.0), (399.0, 194.0), (357.0, 161.0), (310.0, 167.0), (271.0, 175.0), (237.0, 188.0), (221.0, 208.0), (219.0, 222.0), (219.0, 239.0), (234.0, 245.0), (249.0, 255.0), (260.0, 269.0), (286.0, 288.0), (303.0, 300.0), (314.0, 310.0), (321.0, 313.0)]}
[DEBUG] mask nonzero = 242
[DEBUG] found 3 raw contours
[DEBUG] kept 3 candidates after filtering
[DEBUG] roi_desc = {'type': 'polygon', 'polygon': [(329.0, 318.0), (351.0, 301.0), (373.0, 280.0), (395.0, 264.0), (410.0, 237.0), (399.0, 194.0), (357.0, 161.0), (310.0, 167.0), (271.0, 175.0), (237.0, 188.0), (221.0, 208.0), (219.0, 222.0), (219.0, 239.0), (234.0, 245.0), (249.0, 255.0), (260.0, 269.0), (286.0, 288.0), (303.0, 300.0), (314.0, 310.0), (321.0, 313.0)]}
[DEBUG] mask nonzero = 231
[DEBUG] found 3 raw contours
[DEBUG] kept 3 candidates after filtering
[DEBUG] roi_desc = {'type': 'polygon', 'polygon': [(329.0, 318.0), (351.0, 301.0), (373.0, 280.0), (395.0, 264.0), (410.0, 237.0), (399.0, 194.0), (357.0, 161.0), (310.0, 167.0), (271.0, 175.0), (237.0, 188.0), (221.0, 208.0), (219.0, 222.0), (219.0, 239.0), (234.0, 245.0), (249.0, 255.0), (260.0, 269.0), (286.0, 288.0), (303.0, 300.0), (314.0, 310.0), (321.0, 313.0)]}
[DEBUG] mask nonzero = 232
[DEBUG] found 3 raw contours
[DEBUG] kept 3 candidates after filtering
[DEBUG] roi_desc = {'type': 'polygon', 'polygon': [(329.0, 318.0), (351.0, 301.0), (373.0, 280.0), (395.0, 264.0), (410.0, 237.0), (399.0, 194.0), (357.0, 161.0), (310.0, 167.0), (271.0, 175.0), (237.0, 188.0), (221.0, 208.0), (219.0, 222.0), (219.0, 239.0), (234.0, 245.0), (249.0, 255.0), (260.0, 269.0), (286.0, 288.0), (303.0, 300.0), (314.0, 310.0), (321.0, 313.0)]}
[DEBUG] mask nonzero = 235
[DEBUG] found 3 raw contours
[DEBUG] kept 3 candidates after filtering
[DEBUG] roi_desc = {'type': 'polygon', 'polygon': [(329.0, 318.0), (351.0, 301.0), (373.0, 280.0), (395.0, 264.0), (410.0, 237.0), (399.0, 194.0), (357.0, 161.0), (310.0, 167.0), (271.0, 175.0), (237.0, 188.0), (221.0, 208.0), (219.0, 222.0), (219.0, 239.0), (234.0, 245.0), (249.0, 255.0), (260.0, 269.0), (286.0, 288.0), (303.0, 300.0), (314.0, 310.0), (321.0, 313.0)]}
[DEBUG] mask nonzero = 231
[DEBUG] found 3 raw contours
[DEBUG] kept 3 candidates after filtering
[DEBUG] roi_desc = {'type': 'polygon', 'polygon': [(329.0, 318.0), (351.0, 301.0), (373.0, 280.0), (395.0, 264.0), (410.0, 237.0), (399.0, 194.0), (357.0, 161.0), (310.0, 167.0), (271.0, 175.0), (237.0, 188.0), (221.0, 208.0), (219.0, 222.0), (219.0, 239.0), (234.0, 245.0), (249.0, 255.0), (260.0, 269.0), (286.0, 288.0), (303.0, 300.0), (314.0, 310.0), (321.0, 313.0)]}
[DEBUG] mask nonzero = 240
[DEBUG] found 3 raw contours
[DEBUG] kept 3 candidates after filtering
[DEBUG] roi_desc = {'type': 'polygon', 'polygon': [(329.0, 318.0), (351.0, 301.0), (373.0, 280.0), (395.0, 264.0), (410.0, 237.0), (399.0, 194.0), (357.0, 161.0), (310.0, 167.0), (271.0, 175.0), (237.0, 188.0), (221.0, 208.0), (219.0, 222.0), (219.0, 239.0), (234.0, 245.0), (249.0, 255.0), (260.0, 269.0), (286.0, 288.0), (303.0, 300.0), (314.0, 310.0), (321.0, 313.0)]}
[DEBUG] mask nonzero = 239
[DEBUG] found 3 raw contours
[DEBUG] kept 3 candidates after filtering
[DEBUG] roi_desc = {'type': 'polygon', 'polygon': [(329.0, 318.0), (351.0, 301.0), (373.0, 280.0), (395.0, 264.0), (410.0, 237.0), (399.0, 194.0), (357.0, 161.0), (310.0, 167.0), (271.0, 175.0), (237.0, 188.0), (221.0, 208.0), (219.0, 222.0), (219.0, 239.0), (234.0, 245.0), (249.0, 255.0), (260.0, 269.0), (286.0, 288.0), (303.0, 300.0), (314.0, 310.0), (321.0, 313.0)]}
[DEBUG] mask nonzero = 235
[DEBUG] found 3 raw contours
[DEBUG] kept 3 candidates after filtering
[DEBUG] roi_desc = {'type': 'polygon', 'polygon': [(329.0, 318.0), (351.0, 301.0), (373.0, 280.0), (395.0, 264.0), (410.0, 237.0), (399.0, 194.0), (357.0, 161.0), (310.0, 167.0), (271.0, 175.0), (237.0, 188.0), (221.0, 208.0), (219.0, 222.0), (219.0, 239.0), (234.0, 245.0), (249.0, 255.0), (260.0, 269.0), (286.0, 288.0), (303.0, 300.0), (314.0, 310.0), (321.0, 313.0)]}
[DEBUG] mask nonzero = 242
[DEBUG] found 3 raw contours
[DEBUG] kept 3 candidates after filtering
[DEBUG] roi_desc = {'type': 'polygon', 'polygon': [(329.0, 318.0), (351.0, 301.0), (373.0, 280.0), (395.0, 264.0), (410.0, 237.0), (399.0, 194.0), (357.0, 161.0), (310.0, 167.0), (271.0, 175.0), (237.0, 188.0), (221.0, 208.0), (219.0, 222.0), (219.0, 239.0), (234.0, 245.0), (249.0, 255.0), (260.0, 269.0), (286.0, 288.0), (303.0, 300.0), (314.0, 310.0), (321.0, 313.0)]}
[DEBUG] mask nonzero = 238
[DEBUG] found 3 raw contours
[DEBUG] kept 3 candidates after filtering
[DEBUG] roi_desc = {'type': 'polygon', 'polygon': [(329.0, 318.0), (351.0, 301.0), (373.0, 280.0), (395.0, 264.0), (410.0, 237.0), (399.0, 194.0), (357.0, 161.0), (310.0, 167.0), (271.0, 175.0), (237.0, 188.0), (221.0, 208.0), (219.0, 222.0), (219.0, 239.0), (234.0, 245.0), (249.0, 255.0), (260.0, 269.0), (286.0, 288.0), (303.0, 300.0), (314.0, 310.0), (321.0, 313.0)]}
[DEBUG] mask nonzero = 241
[DEBUG] found 3 raw contours
[DEBUG] kept 3 candidates after filtering
[DEBUG] roi_desc = {'type': 'polygon', 'polygon': [(329.0, 318.0), (351.0, 301.0), (373.0, 280.0), (395.0, 264.0), (410.0, 237.0), (399.0, 194.0), (357.0, 161.0), (310.0, 167.0), (271.0, 175.0), (237.0, 188.0), (221.0, 208.0), (219.0, 222.0), (219.0, 239.0), (234.0, 245.0), (249.0, 255.0), (260.0, 269.0), (286.0, 288.0), (303.0, 300.0), (314.0, 310.0), (321.0, 313.0)]}
[DEBUG] mask nonzero = 237
[DEBUG] found 3 raw contours
[DEBUG] kept 3 candidates after filtering
[DEBUG] roi_desc = {'type': 'polygon', 'polygon': [(329.0, 318.0), (351.0, 301.0), (373.0, 280.0), (395.0, 264.0), (410.0, 237.0), (399.0, 194.0), (357.0, 161.0), (310.0, 167.0), (271.0, 175.0), (237.0, 188.0), (221.0, 208.0), (219.0, 222.0), (219.0, 239.0), (234.0, 245.0), (249.0, 255.0), (260.0, 269.0), (286.0, 288.0), (303.0, 300.0), (314.0, 310.0), (321.0, 313.0)]}
[DEBUG] mask nonzero = 240
[DEBUG] found 3 raw contours
[DEBUG] kept 3 candidates after filtering
[DEBUG] roi_desc = {'type': 'polygon', 'polygon': [(329.0, 318.0), (351.0, 301.0), (373.0, 280.0), (395.0, 264.0), (410.0, 237.0), (399.0, 194.0), (357.0, 161.0), (310.0, 167.0), (271.0, 175.0), (237.0, 188.0), (221.0, 208.0), (219.0, 222.0), (219.0, 239.0), (234.0, 245.0), (249.0, 255.0), (260.0, 269.0), (286.0, 288.0), (303.0, 300.0), (314.0, 310.0), (321.0, 313.0)]}
[DEBUG] mask nonzero = 238
[DEBUG] found 3 raw contours
[DEBUG] kept 3 candidates after filtering
[DEBUG] roi_desc = {'type': 'polygon', 'polygon': [(329.0, 318.0), (351.0, 301.0), (373.0, 280.0), (395.0, 264.0), (410.0, 237.0), (399.0, 194.0), (357.0, 161.0), (310.0, 167.0), (271.0, 175.0), (237.0, 188.0), (221.0, 208.0), (219.0, 222.0), (219.0, 239.0), (234.0, 245.0), (249.0, 255.0), (260.0, 269.0), (286.0, 288.0), (303.0, 300.0), (314.0, 310.0), (321.0, 313.0)]}
[DEBUG] mask nonzero = 234
[DEBUG] found 3 raw contours
[DEBUG] kept 3 candidates after filtering
[DEBUG] roi_desc = {'type': 'polygon', 'polygon': [(329.0, 318.0), (351.0, 301.0), (373.0, 280.0), (395.0, 264.0), (410.0, 237.0), (399.0, 194.0), (357.0, 161.0), (310.0, 167.0), (271.0, 175.0), (237.0, 188.0), (221.0, 208.0), (219.0, 222.0), (219.0, 239.0), (234.0, 245.0), (249.0, 255.0), (260.0, 269.0), (286.0, 288.0), (303.0, 300.0), (314.0, 310.0), (321.0, 313.0)]}
[DEBUG] mask nonzero = 246
[DEBUG] found 3 raw contours
[DEBUG] kept 3 candidates after filtering
[DEBUG] roi_desc = {'type': 'polygon', 'polygon': [(329.0, 318.0), (351.0, 301.0), (373.0, 280.0), (395.0, 264.0), (410.0, 237.0), (399.0, 194.0), (357.0, 161.0), (310.0, 167.0), (271.0, 175.0), (237.0, 188.0), (221.0, 208.0), (219.0, 222.0), (219.0, 239.0), (234.0, 245.0), (249.0, 255.0), (260.0, 269.0), (286.0, 288.0), (303.0, 300.0), (314.0, 310.0), (321.0, 313.0)]}
[DEBUG] mask nonzero = 242
[DEBUG] found 3 raw contours
[DEBUG] kept 3 candidates after filtering
[DEBUG] roi_desc = {'type': 'polygon', 'polygon': [(329.0, 318.0), (351.0, 301.0), (373.0, 280.0), (395.0, 264.0), (410.0, 237.0), (399.0, 194.0), (357.0, 161.0), (310.0, 167.0), (271.0, 175.0), (237.0, 188.0), (221.0, 208.0), (219.0, 222.0), (219.0, 239.0), (234.0, 245.0), (249.0, 255.0), (260.0, 269.0), (286.0, 288.0), (303.0, 300.0), (314.0, 310.0), (321.0, 313.0)]}
[DEBUG] mask nonzero = 240
[DEBUG] found 3 raw contours
[DEBUG] kept 3 candidates after filtering
[DEBUG] roi_desc = {'type': 'polygon', 'polygon': [(329.0, 318.0), (351.0, 301.0), (373.0, 280.0), (395.0, 264.0), (410.0, 237.0), (399.0, 194.0), (357.0, 161.0), (310.0, 167.0), (271.0, 175.0), (237.0, 188.0), (221.0, 208.0), (219.0, 222.0), (219.0, 239.0), (234.0, 245.0), (249.0, 255.0), (260.0, 269.0), (286.0, 288.0), (303.0, 300.0), (314.0, 310.0), (321.0, 313.0)]}
[DEBUG] mask nonzero = 238
[DEBUG] found 3 raw contours
[DEBUG] kept 3 candidates after filtering
[DEBUG] roi_desc = {'type': 'polygon', 'polygon': [(329.0, 318.0), (351.0, 301.0), (373.0, 280.0), (395.0, 264.0), (410.0, 237.0), (399.0, 194.0), (357.0, 161.0), (310.0, 167.0), (271.0, 175.0), (237.0, 188.0), (221.0, 208.0), (219.0, 222.0), (219.0, 239.0), (234.0, 245.0), (249.0, 255.0), (260.0, 269.0), (286.0, 288.0), (303.0, 300.0), (314.0, 310.0), (321.0, 313.0)]}
[DEBUG] mask nonzero = 234
[DEBUG] found 3 raw contours
[DEBUG] kept 3 candidates after filtering
[DEBUG] roi_desc = {'type': 'polygon', 'polygon': [(329.0, 318.0), (351.0, 301.0), (373.0, 280.0), (395.0, 264.0), (410.0, 237.0), (399.0, 194.0), (357.0, 161.0), (310.0, 167.0), (271.0, 175.0), (237.0, 188.0), (221.0, 208.0), (219.0, 222.0), (219.0, 239.0), (234.0, 245.0), (249.0, 255.0), (260.0, 269.0), (286.0, 288.0), (303.0, 300.0), (314.0, 310.0), (321.0, 313.0)]}
[DEBUG] mask nonzero = 238
[DEBUG] found 3 raw contours
[DEBUG] kept 3 candidates after filtering
[DEBUG] roi_desc = {'type': 'polygon', 'polygon': [(329.0, 318.0), (351.0, 301.0), (373.0, 280.0), (395.0, 264.0), (410.0, 237.0), (399.0, 194.0), (357.0, 161.0), (310.0, 167.0), (271.0, 175.0), (237.0, 188.0), (221.0, 208.0), (219.0, 222.0), (219.0, 239.0), (234.0, 245.0), (249.0, 255.0), (260.0, 269.0), (286.0, 288.0), (303.0, 300.0), (314.0, 310.0), (321.0, 313.0)]}
[DEBUG] mask nonzero = 244
[DEBUG] found 3 raw contours
[DEBUG] kept 3 candidates after filtering
[DEBUG] roi_desc = {'type': 'polygon', 'polygon': [(329.0, 318.0), (351.0, 301.0), (373.0, 280.0), (395.0, 264.0), (410.0, 237.0), (399.0, 194.0), (357.0, 161.0), (310.0, 167.0), (271.0, 175.0), (237.0, 188.0), (221.0, 208.0), (219.0, 222.0), (219.0, 239.0), (234.0, 245.0), (249.0, 255.0), (260.0, 269.0), (286.0, 288.0), (303.0, 300.0), (314.0, 310.0), (321.0, 313.0)]}
[DEBUG] mask nonzero = 241
[DEBUG] found 3 raw contours
[DEBUG] kept 3 candidates after filtering
[DEBUG] roi_desc = {'type': 'polygon', 'polygon': [(329.0, 318.0), (351.0, 301.0), (373.0, 280.0), (395.0, 264.0), (410.0, 237.0), (399.0, 194.0), (357.0, 161.0), (310.0, 167.0), (271.0, 175.0), (237.0, 188.0), (221.0, 208.0), (219.0, 222.0), (219.0, 239.0), (234.0, 245.0), (249.0, 255.0), (260.0, 269.0), (286.0, 288.0), (303.0, 300.0), (314.0, 310.0), (321.0, 313.0)]}
[DEBUG] mask nonzero = 238
[DEBUG] found 3 raw contours
[DEBUG] kept 3 candidates after filtering
[DEBUG] roi_desc = {'type': 'polygon', 'polygon': [(329.0, 318.0), (351.0, 301.0), (373.0, 280.0), (395.0, 264.0), (410.0, 237.0), (399.0, 194.0), (357.0, 161.0), (310.0, 167.0), (271.0, 175.0), (237.0, 188.0), (221.0, 208.0), (219.0, 222.0), (219.0, 239.0), (234.0, 245.0), (249.0, 255.0), (260.0, 269.0), (286.0, 288.0), (303.0, 300.0), (314.0, 310.0), (321.0, 313.0)]}
[DEBUG] mask nonzero = 231
[DEBUG] found 3 raw contours
[DEBUG] kept 3 candidates after filtering
[DEBUG] roi_desc = {'type': 'polygon', 'polygon': [(329.0, 318.0), (351.0, 301.0), (373.0, 280.0), (395.0, 264.0), (410.0, 237.0), (399.0, 194.0), (357.0, 161.0), (310.0, 167.0), (271.0, 175.0), (237.0, 188.0), (221.0, 208.0), (219.0, 222.0), (219.0, 239.0), (234.0, 245.0), (249.0, 255.0), (260.0, 269.0), (286.0, 288.0), (303.0, 300.0), (314.0, 310.0), (321.0, 313.0)]}
[DEBUG] mask nonzero = 238
[DEBUG] found 3 raw contours
[DEBUG] kept 3 candidates after filtering
[DEBUG] roi_desc = {'type': 'polygon', 'polygon': [(329.0, 318.0), (351.0, 301.0), (373.0, 280.0), (395.0, 264.0), (410.0, 237.0), (399.0, 194.0), (357.0, 161.0), (310.0, 167.0), (271.0, 175.0), (237.0, 188.0), (221.0, 208.0), (219.0, 222.0), (219.0, 239.0), (234.0, 245.0), (249.0, 255.0), (260.0, 269.0), (286.0, 288.0), (303.0, 300.0), (314.0, 310.0), (321.0, 313.0)]}
[DEBUG] mask nonzero = 234
[DEBUG] found 3 raw contours
[DEBUG] kept 3 candidates after filtering
[DEBUG] roi_desc = {'type': 'polygon', 'polygon': [(329.0, 318.0), (351.0, 301.0), (373.0, 280.0), (395.0, 264.0), (410.0, 237.0), (399.0, 194.0), (357.0, 161.0), (310.0, 167.0), (271.0, 175.0), (237.0, 188.0), (221.0, 208.0), (219.0, 222.0), (219.0, 239.0), (234.0, 245.0), (249.0, 255.0), (260.0, 269.0), (286.0, 288.0), (303.0, 300.0), (314.0, 310.0), (321.0, 313.0)]}
[DEBUG] mask nonzero = 240
[DEBUG] found 3 raw contours
[DEBUG] kept 3 candidates after filtering
[DEBUG] roi_desc = {'type': 'polygon', 'polygon': [(329.0, 318.0), (351.0, 301.0), (373.0, 280.0), (395.0, 264.0), (410.0, 237.0), (399.0, 194.0), (357.0, 161.0), (310.0, 167.0), (271.0, 175.0), (237.0, 188.0), (221.0, 208.0), (219.0, 222.0), (219.0, 239.0), (234.0, 245.0), (249.0, 255.0), (260.0, 269.0), (286.0, 288.0), (303.0, 300.0), (314.0, 310.0), (321.0, 313.0)]}
[DEBUG] mask nonzero = 242
[DEBUG] found 3 raw contours
[DEBUG] kept 3 candidates after filtering
[DEBUG] roi_desc = {'type': 'polygon', 'polygon': [(329.0, 318.0), (351.0, 301.0), (373.0, 280.0), (395.0, 264.0), (410.0, 237.0), (399.0, 194.0), (357.0, 161.0), (310.0, 167.0), (271.0, 175.0), (237.0, 188.0), (221.0, 208.0), (219.0, 222.0), (219.0, 239.0), (234.0, 245.0), (249.0, 255.0), (260.0, 269.0), (286.0, 288.0), (303.0, 300.0), (314.0, 310.0), (321.0, 313.0)]}
[DEBUG] mask nonzero = 243
[DEBUG] found 3 raw contours
[DEBUG] kept 3 candidates after filtering
[DEBUG] roi_desc = {'type': 'polygon', 'polygon': [(329.0, 318.0), (351.0, 301.0), (373.0, 280.0), (395.0, 264.0), (410.0, 237.0), (399.0, 194.0), (357.0, 161.0), (310.0, 167.0), (271.0, 175.0), (237.0, 188.0), (221.0, 208.0), (219.0, 222.0), (219.0, 239.0), (234.0, 245.0), (249.0, 255.0), (260.0, 269.0), (286.0, 288.0), (303.0, 300.0), (314.0, 310.0), (321.0, 313.0)]}
[DEBUG] mask nonzero = 238
[DEBUG] found 3 raw contours
[DEBUG] kept 3 candidates after filtering
[DEBUG] roi_desc = {'type': 'polygon', 'polygon': [(329.0, 318.0), (351.0, 301.0), (373.0, 280.0), (395.0, 264.0), (410.0, 237.0), (399.0, 194.0), (357.0, 161.0), (310.0, 167.0), (271.0, 175.0), (237.0, 188.0), (221.0, 208.0), (219.0, 222.0), (219.0, 239.0), (234.0, 245.0), (249.0, 255.0), (260.0, 269.0), (286.0, 288.0), (303.0, 300.0), (314.0, 310.0), (321.0, 313.0)]}
[DEBUG] mask nonzero = 237
[DEBUG] found 3 raw contours
[DEBUG] kept 3 candidates after filtering
[DEBUG] roi_desc = {'type': 'polygon', 'polygon': [(329.0, 318.0), (351.0, 301.0), (373.0, 280.0), (395.0, 264.0), (410.0, 237.0), (399.0, 194.0), (357.0, 161.0), (310.0, 167.0), (271.0, 175.0), (237.0, 188.0), (221.0, 208.0), (219.0, 222.0), (219.0, 239.0), (234.0, 245.0), (249.0, 255.0), (260.0, 269.0), (286.0, 288.0), (303.0, 300.0), (314.0, 310.0), (321.0, 313.0)]}
[DEBUG] mask nonzero = 237
[DEBUG] found 3 raw contours
[DEBUG] kept 3 candidates after filtering
[DEBUG] roi_desc = {'type': 'polygon', 'polygon': [(329.0, 318.0), (351.0, 301.0), (373.0, 280.0), (395.0, 264.0), (410.0, 237.0), (399.0, 194.0), (357.0, 161.0), (310.0, 167.0), (271.0, 175.0), (237.0, 188.0), (221.0, 208.0), (219.0, 222.0), (219.0, 239.0), (234.0, 245.0), (249.0, 255.0), (260.0, 269.0), (286.0, 288.0), (303.0, 300.0), (314.0, 310.0), (321.0, 313.0)]}
[DEBUG] mask nonzero = 238
[DEBUG] found 3 raw contours
[DEBUG] kept 3 candidates after filtering
[DEBUG] roi_desc = {'type': 'polygon', 'polygon': [(329.0, 318.0), (351.0, 301.0), (373.0, 280.0), (395.0, 264.0), (410.0, 237.0), (399.0, 194.0), (357.0, 161.0), (310.0, 167.0), (271.0, 175.0), (237.0, 188.0), (221.0, 208.0), (219.0, 222.0), (219.0, 239.0), (234.0, 245.0), (249.0, 255.0), (260.0, 269.0), (286.0, 288.0), (303.0, 300.0), (314.0, 310.0), (321.0, 313.0)]}
[DEBUG] mask nonzero = 236
[DEBUG] found 3 raw contours
[DEBUG] kept 3 candidates after filtering
[DEBUG] roi_desc = {'type': 'polygon', 'polygon': [(329.0, 318.0), (351.0, 301.0), (373.0, 280.0), (395.0, 264.0), (410.0, 237.0), (399.0, 194.0), (357.0, 161.0), (310.0, 167.0), (271.0, 175.0), (237.0, 188.0), (221.0, 208.0), (219.0, 222.0), (219.0, 239.0), (234.0, 245.0), (249.0, 255.0), (260.0, 269.0), (286.0, 288.0), (303.0, 300.0), (314.0, 310.0), (321.0, 313.0)]}
[DEBUG] mask nonzero = 240
[DEBUG] found 3 raw contours
[DEBUG] kept 3 candidates after filtering
[DEBUG] roi_desc = {'type': 'polygon', 'polygon': [(329.0, 318.0), (351.0, 301.0), (373.0, 280.0), (395.0, 264.0), (410.0, 237.0), (399.0, 194.0), (357.0, 161.0), (310.0, 167.0), (271.0, 175.0), (237.0, 188.0), (221.0, 208.0), (219.0, 222.0), (219.0, 239.0), (234.0, 245.0), (249.0, 255.0), (260.0, 269.0), (286.0, 288.0), (303.0, 300.0), (314.0, 310.0), (321.0, 313.0)]}
[DEBUG] mask nonzero = 245
[DEBUG] found 3 raw contours
[DEBUG] kept 3 candidates after filtering
[DEBUG] roi_desc = {'type': 'polygon', 'polygon': [(329.0, 318.0), (351.0, 301.0), (373.0, 280.0), (395.0, 264.0), (410.0, 237.0), (399.0, 194.0), (357.0, 161.0), (310.0, 167.0), (271.0, 175.0), (237.0, 188.0), (221.0, 208.0), (219.0, 222.0), (219.0, 239.0), (234.0, 245.0), (249.0, 255.0), (260.0, 269.0), (286.0, 288.0), (303.0, 300.0), (314.0, 310.0), (321.0, 313.0)]}
[DEBUG] mask nonzero = 243
[DEBUG] found 3 raw contours
[DEBUG] kept 3 candidates after filtering
[DEBUG] roi_desc = {'type': 'polygon', 'polygon': [(329.0, 318.0), (351.0, 301.0), (373.0, 280.0), (395.0, 264.0), (410.0, 237.0), (399.0, 194.0), (357.0, 161.0), (310.0, 167.0), (271.0, 175.0), (237.0, 188.0), (221.0, 208.0), (219.0, 222.0), (219.0, 239.0), (234.0, 245.0), (249.0, 255.0), (260.0, 269.0), (286.0, 288.0), (303.0, 300.0), (314.0, 310.0), (321.0, 313.0)]}
[DEBUG] mask nonzero = 237
[DEBUG] found 3 raw contours
[DEBUG] kept 3 candidates after filtering
[DEBUG] roi_desc = {'type': 'polygon', 'polygon': [(329.0, 318.0), (351.0, 301.0), (373.0, 280.0), (395.0, 264.0), (410.0, 237.0), (399.0, 194.0), (357.0, 161.0), (310.0, 167.0), (271.0, 175.0), (237.0, 188.0), (221.0, 208.0), (219.0, 222.0), (219.0, 239.0), (234.0, 245.0), (249.0, 255.0), (260.0, 269.0), (286.0, 288.0), (303.0, 300.0), (314.0, 310.0), (321.0, 313.0)]}
[DEBUG] mask nonzero = 234
[DEBUG] found 3 raw contours
[DEBUG] kept 3 candidates after filtering
[DEBUG] roi_desc = {'type': 'polygon', 'polygon': [(329.0, 318.0), (351.0, 301.0), (373.0, 280.0), (395.0, 264.0), (410.0, 237.0), (399.0, 194.0), (357.0, 161.0), (310.0, 167.0), (271.0, 175.0), (237.0, 188.0), (221.0, 208.0), (219.0, 222.0), (219.0, 239.0), (234.0, 245.0), (249.0, 255.0), (260.0, 269.0), (286.0, 288.0), (303.0, 300.0), (314.0, 310.0), (321.0, 313.0)]}
[DEBUG] mask nonzero = 239
[DEBUG] found 3 raw contours
[DEBUG] kept 3 candidates after filtering
[DEBUG] roi_desc = {'type': 'polygon', 'polygon': [(329.0, 318.0), (351.0, 301.0), (373.0, 280.0), (395.0, 264.0), (410.0, 237.0), (399.0, 194.0), (357.0, 161.0), (310.0, 167.0), (271.0, 175.0), (237.0, 188.0), (221.0, 208.0), (219.0, 222.0), (219.0, 239.0), (234.0, 245.0), (249.0, 255.0), (260.0, 269.0), (286.0, 288.0), (303.0, 300.0), (314.0, 310.0), (321.0, 313.0)]}
[DEBUG] mask nonzero = 233
[DEBUG] found 3 raw contours
[DEBUG] kept 3 candidates after filtering
[DEBUG] roi_desc = {'type': 'polygon', 'polygon': [(329.0, 318.0), (351.0, 301.0), (373.0, 280.0), (395.0, 264.0), (410.0, 237.0), (399.0, 194.0), (357.0, 161.0), (310.0, 167.0), (271.0, 175.0), (237.0, 188.0), (221.0, 208.0), (219.0, 222.0), (219.0, 239.0), (234.0, 245.0), (249.0, 255.0), (260.0, 269.0), (286.0, 288.0), (303.0, 300.0), (314.0, 310.0), (321.0, 313.0)]}
[DEBUG] mask nonzero = 238
[DEBUG] found 3 raw contours
[DEBUG] kept 3 candidates after filtering
[DEBUG] roi_desc = {'type': 'polygon', 'polygon': [(329.0, 318.0), (351.0, 301.0), (373.0, 280.0), (395.0, 264.0), (410.0, 237.0), (399.0, 194.0), (357.0, 161.0), (310.0, 167.0), (271.0, 175.0), (237.0, 188.0), (221.0, 208.0), (219.0, 222.0), (219.0, 239.0), (234.0, 245.0), (249.0, 255.0), (260.0, 269.0), (286.0, 288.0), (303.0, 300.0), (314.0, 310.0), (321.0, 313.0)]}
[DEBUG] mask nonzero = 239
[DEBUG] found 3 raw contours
[DEBUG] kept 3 candidates after filtering
[DEBUG] roi_desc = {'type': 'polygon', 'polygon': [(329.0, 318.0), (351.0, 301.0), (373.0, 280.0), (395.0, 264.0), (410.0, 237.0), (399.0, 194.0), (357.0, 161.0), (310.0, 167.0), (271.0, 175.0), (237.0, 188.0), (221.0, 208.0), (219.0, 222.0), (219.0, 239.0), (234.0, 245.0), (249.0, 255.0), (260.0, 269.0), (286.0, 288.0), (303.0, 300.0), (314.0, 310.0), (321.0, 313.0)]}
[DEBUG] mask nonzero = 244
[DEBUG] found 3 raw contours
[DEBUG] kept 3 candidates after filtering
[DEBUG] roi_desc = {'type': 'polygon', 'polygon': [(329.0, 318.0), (351.0, 301.0), (373.0, 280.0), (395.0, 264.0), (410.0, 237.0), (399.0, 194.0), (357.0, 161.0), (310.0, 167.0), (271.0, 175.0), (237.0, 188.0), (221.0, 208.0), (219.0, 222.0), (219.0, 239.0), (234.0, 245.0), (249.0, 255.0), (260.0, 269.0), (286.0, 288.0), (303.0, 300.0), (314.0, 310.0), (321.0, 313.0)]}
[DEBUG] mask nonzero = 236
[DEBUG] found 3 raw contours
[DEBUG] kept 3 candidates after filtering
[DEBUG] roi_desc = {'type': 'polygon', 'polygon': [(329.0, 318.0), (351.0, 301.0), (373.0, 280.0), (395.0, 264.0), (410.0, 237.0), (399.0, 194.0), (357.0, 161.0), (310.0, 167.0), (271.0, 175.0), (237.0, 188.0), (221.0, 208.0), (219.0, 222.0), (219.0, 239.0), (234.0, 245.0), (249.0, 255.0), (260.0, 269.0), (286.0, 288.0), (303.0, 300.0), (314.0, 310.0), (321.0, 313.0)]}
[DEBUG] mask nonzero = 240
[DEBUG] found 3 raw contours
[DEBUG] kept 3 candidates after filtering
[DEBUG] roi_desc = {'type': 'polygon', 'polygon': [(329.0, 318.0), (351.0, 301.0), (373.0, 280.0), (395.0, 264.0), (410.0, 237.0), (399.0, 194.0), (357.0, 161.0), (310.0, 167.0), (271.0, 175.0), (237.0, 188.0), (221.0, 208.0), (219.0, 222.0), (219.0, 239.0), (234.0, 245.0), (249.0, 255.0), (260.0, 269.0), (286.0, 288.0), (303.0, 300.0), (314.0, 310.0), (321.0, 313.0)]}
[DEBUG] mask nonzero = 237
[DEBUG] found 3 raw contours
[DEBUG] kept 3 candidates after filtering
[DEBUG] roi_desc = {'type': 'polygon', 'polygon': [(329.0, 318.0), (351.0, 301.0), (373.0, 280.0), (395.0, 264.0), (410.0, 237.0), (399.0, 194.0), (357.0, 161.0), (310.0, 167.0), (271.0, 175.0), (237.0, 188.0), (221.0, 208.0), (219.0, 222.0), (219.0, 239.0), (234.0, 245.0), (249.0, 255.0), (260.0, 269.0), (286.0, 288.0), (303.0, 300.0), (314.0, 310.0), (321.0, 313.0)]}
[DEBUG] mask nonzero = 239
[DEBUG] found 3 raw contours
[DEBUG] kept 3 candidates after filtering
[DEBUG] roi_desc = {'type': 'polygon', 'polygon': [(329.0, 318.0), (351.0, 301.0), (373.0, 280.0), (395.0, 264.0), (410.0, 237.0), (399.0, 194.0), (357.0, 161.0), (310.0, 167.0), (271.0, 175.0), (237.0, 188.0), (221.0, 208.0), (219.0, 222.0), (219.0, 239.0), (234.0, 245.0), (249.0, 255.0), (260.0, 269.0), (286.0, 288.0), (303.0, 300.0), (314.0, 310.0), (321.0, 313.0)]}
[DEBUG] mask nonzero = 248
[DEBUG] found 3 raw contours
[DEBUG] kept 3 candidates after filtering
[DEBUG] roi_desc = {'type': 'polygon', 'polygon': [(329.0, 318.0), (351.0, 301.0), (373.0, 280.0), (395.0, 264.0), (410.0, 237.0), (399.0, 194.0), (357.0, 161.0), (310.0, 167.0), (271.0, 175.0), (237.0, 188.0), (221.0, 208.0), (219.0, 222.0), (219.0, 239.0), (234.0, 245.0), (249.0, 255.0), (260.0, 269.0), (286.0, 288.0), (303.0, 300.0), (314.0, 310.0), (321.0, 313.0)]}
[DEBUG] mask nonzero = 239
[DEBUG] found 3 raw contours
[DEBUG] kept 3 candidates after filtering
[DEBUG] roi_desc = {'type': 'polygon', 'polygon': [(329.0, 318.0), (351.0, 301.0), (373.0, 280.0), (395.0, 264.0), (410.0, 237.0), (399.0, 194.0), (357.0, 161.0), (310.0, 167.0), (271.0, 175.0), (237.0, 188.0), (221.0, 208.0), (219.0, 222.0), (219.0, 239.0), (234.0, 245.0), (249.0, 255.0), (260.0, 269.0), (286.0, 288.0), (303.0, 300.0), (314.0, 310.0), (321.0, 313.0)]}
[DEBUG] mask nonzero = 233
[DEBUG] found 3 raw contours
[DEBUG] kept 3 candidates after filtering
[DEBUG] roi_desc = {'type': 'polygon', 'polygon': [(329.0, 318.0), (351.0, 301.0), (373.0, 280.0), (395.0, 264.0), (410.0, 237.0), (399.0, 194.0), (357.0, 161.0), (310.0, 167.0), (271.0, 175.0), (237.0, 188.0), (221.0, 208.0), (219.0, 222.0), (219.0, 239.0), (234.0, 245.0), (249.0, 255.0), (260.0, 269.0), (286.0, 288.0), (303.0, 300.0), (314.0, 310.0), (321.0, 313.0)]}
[DEBUG] mask nonzero = 240
[DEBUG] found 3 raw contours
[DEBUG] kept 3 candidates after filtering
[DEBUG] roi_desc = {'type': 'polygon', 'polygon': [(329.0, 318.0), (351.0, 301.0), (373.0, 280.0), (395.0, 264.0), (410.0, 237.0), (399.0, 194.0), (357.0, 161.0), (310.0, 167.0), (271.0, 175.0), (237.0, 188.0), (221.0, 208.0), (219.0, 222.0), (219.0, 239.0), (234.0, 245.0), (249.0, 255.0), (260.0, 269.0), (286.0, 288.0), (303.0, 300.0), (314.0, 310.0), (321.0, 313.0)]}
[DEBUG] mask nonzero = 233
[DEBUG] found 3 raw contours
[DEBUG] kept 3 candidates after filtering
[DEBUG] roi_desc = {'type': 'polygon', 'polygon': [(329.0, 318.0), (351.0, 301.0), (373.0, 280.0), (395.0, 264.0), (410.0, 237.0), (399.0, 194.0), (357.0, 161.0), (310.0, 167.0), (271.0, 175.0), (237.0, 188.0), (221.0, 208.0), (219.0, 222.0), (219.0, 239.0), (234.0, 245.0), (249.0, 255.0), (260.0, 269.0), (286.0, 288.0), (303.0, 300.0), (314.0, 310.0), (321.0, 313.0)]}
[DEBUG] mask nonzero = 239
[DEBUG] found 3 raw contours
[DEBUG] kept 3 candidates after filtering
[DEBUG] roi_desc = {'type': 'polygon', 'polygon': [(329.0, 318.0), (351.0, 301.0), (373.0, 280.0), (395.0, 264.0), (410.0, 237.0), (399.0, 194.0), (357.0, 161.0), (310.0, 167.0), (271.0, 175.0), (237.0, 188.0), (221.0, 208.0), (219.0, 222.0), (219.0, 239.0), (234.0, 245.0), (249.0, 255.0), (260.0, 269.0), (286.0, 288.0), (303.0, 300.0), (314.0, 310.0), (321.0, 313.0)]}
[DEBUG] mask nonzero = 233
[DEBUG] found 3 raw contours
[DEBUG] kept 3 candidates after filtering
[DEBUG] roi_desc = {'type': 'polygon', 'polygon': [(329.0, 318.0), (351.0, 301.0), (373.0, 280.0), (395.0, 264.0), (410.0, 237.0), (399.0, 194.0), (357.0, 161.0), (310.0, 167.0), (271.0, 175.0), (237.0, 188.0), (221.0, 208.0), (219.0, 222.0), (219.0, 239.0), (234.0, 245.0), (249.0, 255.0), (260.0, 269.0), (286.0, 288.0), (303.0, 300.0), (314.0, 310.0), (321.0, 313.0)]}
[DEBUG] mask nonzero = 244
[DEBUG] found 3 raw contours
[DEBUG] kept 3 candidates after filtering
[DEBUG] roi_desc = {'type': 'polygon', 'polygon': [(329.0, 318.0), (351.0, 301.0), (373.0, 280.0), (395.0, 264.0), (410.0, 237.0), (399.0, 194.0), (357.0, 161.0), (310.0, 167.0), (271.0, 175.0), (237.0, 188.0), (221.0, 208.0), (219.0, 222.0), (219.0, 239.0), (234.0, 245.0), (249.0, 255.0), (260.0, 269.0), (286.0, 288.0), (303.0, 300.0), (314.0, 310.0), (321.0, 313.0)]}
[DEBUG] mask nonzero = 238
[DEBUG] found 3 raw contours
[DEBUG] kept 3 candidates after filtering
[DEBUG] roi_desc = {'type': 'polygon', 'polygon': [(329.0, 318.0), (351.0, 301.0), (373.0, 280.0), (395.0, 264.0), (410.0, 237.0), (399.0, 194.0), (357.0, 161.0), (310.0, 167.0), (271.0, 175.0), (237.0, 188.0), (221.0, 208.0), (219.0, 222.0), (219.0, 239.0), (234.0, 245.0), (249.0, 255.0), (260.0, 269.0), (286.0, 288.0), (303.0, 300.0), (314.0, 310.0), (321.0, 313.0)]}
[DEBUG] mask nonzero = 242
[DEBUG] found 3 raw contours
[DEBUG] kept 3 candidates after filtering
[DEBUG] roi_desc = {'type': 'polygon', 'polygon': [(329.0, 318.0), (351.0, 301.0), (373.0, 280.0), (395.0, 264.0), (410.0, 237.0), (399.0, 194.0), (357.0, 161.0), (310.0, 167.0), (271.0, 175.0), (237.0, 188.0), (221.0, 208.0), (219.0, 222.0), (219.0, 239.0), (234.0, 245.0), (249.0, 255.0), (260.0, 269.0), (286.0, 288.0), (303.0, 300.0), (314.0, 310.0), (321.0, 313.0)]}
[DEBUG] mask nonzero = 238
[DEBUG] found 3 raw contours
[DEBUG] kept 3 candidates after filtering
[DEBUG] roi_desc = {'type': 'polygon', 'polygon': [(329.0, 318.0), (351.0, 301.0), (373.0, 280.0), (395.0, 264.0), (410.0, 237.0), (399.0, 194.0), (357.0, 161.0), (310.0, 167.0), (271.0, 175.0), (237.0, 188.0), (221.0, 208.0), (219.0, 222.0), (219.0, 239.0), (234.0, 245.0), (249.0, 255.0), (260.0, 269.0), (286.0, 288.0), (303.0, 300.0), (314.0, 310.0), (321.0, 313.0)]}
[DEBUG] mask nonzero = 231
[DEBUG] found 3 raw contours
[DEBUG] kept 3 candidates after filtering
[DEBUG] roi_desc = {'type': 'polygon', 'polygon': [(329.0, 318.0), (351.0, 301.0), (373.0, 280.0), (395.0, 264.0), (410.0, 237.0), (399.0, 194.0), (357.0, 161.0), (310.0, 167.0), (271.0, 175.0), (237.0, 188.0), (221.0, 208.0), (219.0, 222.0), (219.0, 239.0), (234.0, 245.0), (249.0, 255.0), (260.0, 269.0), (286.0, 288.0), (303.0, 300.0), (314.0, 310.0), (321.0, 313.0)]}
[DEBUG] mask nonzero = 240
[DEBUG] found 3 raw contours
[DEBUG] kept 3 candidates after filtering
[DEBUG] roi_desc = {'type': 'polygon', 'polygon': [(329.0, 318.0), (351.0, 301.0), (373.0, 280.0), (395.0, 264.0), (410.0, 237.0), (399.0, 194.0), (357.0, 161.0), (310.0, 167.0), (271.0, 175.0), (237.0, 188.0), (221.0, 208.0), (219.0, 222.0), (219.0, 239.0), (234.0, 245.0), (249.0, 255.0), (260.0, 269.0), (286.0, 288.0), (303.0, 300.0), (314.0, 310.0), (321.0, 313.0)]}
[DEBUG] mask nonzero = 234
[DEBUG] found 3 raw contours
[DEBUG] kept 3 candidates after filtering
[DEBUG] roi_desc = {'type': 'polygon', 'polygon': [(329.0, 318.0), (351.0, 301.0), (373.0, 280.0), (395.0, 264.0), (410.0, 237.0), (399.0, 194.0), (357.0, 161.0), (310.0, 167.0), (271.0, 175.0), (237.0, 188.0), (221.0, 208.0), (219.0, 222.0), (219.0, 239.0), (234.0, 245.0), (249.0, 255.0), (260.0, 269.0), (286.0, 288.0), (303.0, 300.0), (314.0, 310.0), (321.0, 313.0)]}
[DEBUG] mask nonzero = 242
[DEBUG] found 3 raw contours
[DEBUG] kept 3 candidates after filtering
[DEBUG] roi_desc = {'type': 'polygon', 'polygon': [(329.0, 318.0), (351.0, 301.0), (373.0, 280.0), (395.0, 264.0), (410.0, 237.0), (399.0, 194.0), (357.0, 161.0), (310.0, 167.0), (271.0, 175.0), (237.0, 188.0), (221.0, 208.0), (219.0, 222.0), (219.0, 239.0), (234.0, 245.0), (249.0, 255.0), (260.0, 269.0), (286.0, 288.0), (303.0, 300.0), (314.0, 310.0), (321.0, 313.0)]}
[DEBUG] mask nonzero = 223
[DEBUG] found 3 raw contours
[DEBUG] kept 3 candidates after filtering
[DEBUG] roi_desc = {'type': 'polygon', 'polygon': [(329.0, 318.0), (351.0, 301.0), (373.0, 280.0), (395.0, 264.0), (410.0, 237.0), (399.0, 194.0), (357.0, 161.0), (310.0, 167.0), (271.0, 175.0), (237.0, 188.0), (221.0, 208.0), (219.0, 222.0), (219.0, 239.0), (234.0, 245.0), (249.0, 255.0), (260.0, 269.0), (286.0, 288.0), (303.0, 300.0), (314.0, 310.0), (321.0, 313.0)]}
[DEBUG] mask nonzero = 245
[DEBUG] found 3 raw contours
[DEBUG] kept 3 candidates after filtering
[DEBUG] roi_desc = {'type': 'polygon', 'polygon': [(329.0, 318.0), (351.0, 301.0), (373.0, 280.0), (395.0, 264.0), (410.0, 237.0), (399.0, 194.0), (357.0, 161.0), (310.0, 167.0), (271.0, 175.0), (237.0, 188.0), (221.0, 208.0), (219.0, 222.0), (219.0, 239.0), (234.0, 245.0), (249.0, 255.0), (260.0, 269.0), (286.0, 288.0), (303.0, 300.0), (314.0, 310.0), (321.0, 313.0)]}
[DEBUG] mask nonzero = 236
[DEBUG] found 3 raw contours
[DEBUG] kept 3 candidates after filtering
[DEBUG] roi_desc = {'type': 'polygon', 'polygon': [(329.0, 318.0), (351.0, 301.0), (373.0, 280.0), (395.0, 264.0), (410.0, 237.0), (399.0, 194.0), (357.0, 161.0), (310.0, 167.0), (271.0, 175.0), (237.0, 188.0), (221.0, 208.0), (219.0, 222.0), (219.0, 239.0), (234.0, 245.0), (249.0, 255.0), (260.0, 269.0), (286.0, 288.0), (303.0, 300.0), (314.0, 310.0), (321.0, 313.0)]}
[DEBUG] mask nonzero = 242
[DEBUG] found 3 raw contours
[DEBUG] kept 3 candidates after filtering
[DEBUG] roi_desc = {'type': 'polygon', 'polygon': [(329.0, 318.0), (351.0, 301.0), (373.0, 280.0), (395.0, 264.0), (410.0, 237.0), (399.0, 194.0), (357.0, 161.0), (310.0, 167.0), (271.0, 175.0), (237.0, 188.0), (221.0, 208.0), (219.0, 222.0), (219.0, 239.0), (234.0, 245.0), (249.0, 255.0), (260.0, 269.0), (286.0, 288.0), (303.0, 300.0), (314.0, 310.0), (321.0, 313.0)]}
[DEBUG] mask nonzero = 236
[DEBUG] found 3 raw contours
[DEBUG] kept 3 candidates after filtering
[DEBUG] roi_desc = {'type': 'polygon', 'polygon': [(329.0, 318.0), (351.0, 301.0), (373.0, 280.0), (395.0, 264.0), (410.0, 237.0), (399.0, 194.0), (357.0, 161.0), (310.0, 167.0), (271.0, 175.0), (237.0, 188.0), (221.0, 208.0), (219.0, 222.0), (219.0, 239.0), (234.0, 245.0), (249.0, 255.0), (260.0, 269.0), (286.0, 288.0), (303.0, 300.0), (314.0, 310.0), (321.0, 313.0)]}
[DEBUG] mask nonzero = 231
[DEBUG] found 3 raw contours
[DEBUG] kept 3 candidates after filtering
[DEBUG] roi_desc = {'type': 'polygon', 'polygon': [(329.0, 318.0), (351.0, 301.0), (373.0, 280.0), (395.0, 264.0), (410.0, 237.0), (399.0, 194.0), (357.0, 161.0), (310.0, 167.0), (271.0, 175.0), (237.0, 188.0), (221.0, 208.0), (219.0, 222.0), (219.0, 239.0), (234.0, 245.0), (249.0, 255.0), (260.0, 269.0), (286.0, 288.0), (303.0, 300.0), (314.0, 310.0), (321.0, 313.0)]}
[DEBUG] mask nonzero = 235
[DEBUG] found 3 raw contours
[DEBUG] kept 3 candidates after filtering
[DEBUG] roi_desc = {'type': 'polygon', 'polygon': [(329.0, 318.0), (351.0, 301.0), (373.0, 280.0), (395.0, 264.0), (410.0, 237.0), (399.0, 194.0), (357.0, 161.0), (310.0, 167.0), (271.0, 175.0), (237.0, 188.0), (221.0, 208.0), (219.0, 222.0), (219.0, 239.0), (234.0, 245.0), (249.0, 255.0), (260.0, 269.0), (286.0, 288.0), (303.0, 300.0), (314.0, 310.0), (321.0, 313.0)]}
[DEBUG] mask nonzero = 241
[DEBUG] found 3 raw contours
[DEBUG] kept 3 candidates after filtering
[DEBUG] roi_desc = {'type': 'polygon', 'polygon': [(329.0, 318.0), (351.0, 301.0), (373.0, 280.0), (395.0, 264.0), (410.0, 237.0), (399.0, 194.0), (357.0, 161.0), (310.0, 167.0), (271.0, 175.0), (237.0, 188.0), (221.0, 208.0), (219.0, 222.0), (219.0, 239.0), (234.0, 245.0), (249.0, 255.0), (260.0, 269.0), (286.0, 288.0), (303.0, 300.0), (314.0, 310.0), (321.0, 313.0)]}
[DEBUG] mask nonzero = 237
[DEBUG] found 3 raw contours
[DEBUG] kept 3 candidates after filtering
[DEBUG] roi_desc = {'type': 'polygon', 'polygon': [(329.0, 318.0), (351.0, 301.0), (373.0, 280.0), (395.0, 264.0), (410.0, 237.0), (399.0, 194.0), (357.0, 161.0), (310.0, 167.0), (271.0, 175.0), (237.0, 188.0), (221.0, 208.0), (219.0, 222.0), (219.0, 239.0), (234.0, 245.0), (249.0, 255.0), (260.0, 269.0), (286.0, 288.0), (303.0, 300.0), (314.0, 310.0), (321.0, 313.0)]}
[DEBUG] mask nonzero = 244
[DEBUG] found 3 raw contours
[DEBUG] kept 3 candidates after filtering
[DEBUG] roi_desc = {'type': 'polygon', 'polygon': [(329.0, 318.0), (351.0, 301.0), (373.0, 280.0), (395.0, 264.0), (410.0, 237.0), (399.0, 194.0), (357.0, 161.0), (310.0, 167.0), (271.0, 175.0), (237.0, 188.0), (221.0, 208.0), (219.0, 222.0), (219.0, 239.0), (234.0, 245.0), (249.0, 255.0), (260.0, 269.0), (286.0, 288.0), (303.0, 300.0), (314.0, 310.0), (321.0, 313.0)]}
[DEBUG] mask nonzero = 239
[DEBUG] found 3 raw contours
[DEBUG] kept 3 candidates after filtering
[DEBUG] roi_desc = {'type': 'polygon', 'polygon': [(329.0, 318.0), (351.0, 301.0), (373.0, 280.0), (395.0, 264.0), (410.0, 237.0), (399.0, 194.0), (357.0, 161.0), (310.0, 167.0), (271.0, 175.0), (237.0, 188.0), (221.0, 208.0), (219.0, 222.0), (219.0, 239.0), (234.0, 245.0), (249.0, 255.0), (260.0, 269.0), (286.0, 288.0), (303.0, 300.0), (314.0, 310.0), (321.0, 313.0)]}
[DEBUG] mask nonzero = 235
[DEBUG] found 3 raw contours
[DEBUG] kept 3 candidates after filtering
[DEBUG] roi_desc = {'type': 'polygon', 'polygon': [(329.0, 318.0), (351.0, 301.0), (373.0, 280.0), (395.0, 264.0), (410.0, 237.0), (399.0, 194.0), (357.0, 161.0), (310.0, 167.0), (271.0, 175.0), (237.0, 188.0), (221.0, 208.0), (219.0, 222.0), (219.0, 239.0), (234.0, 245.0), (249.0, 255.0), (260.0, 269.0), (286.0, 288.0), (303.0, 300.0), (314.0, 310.0), (321.0, 313.0)]}
[DEBUG] mask nonzero = 244
[DEBUG] found 3 raw contours
[DEBUG] kept 3 candidates after filtering
[DEBUG] roi_desc = {'type': 'polygon', 'polygon': [(329.0, 318.0), (351.0, 301.0), (373.0, 280.0), (395.0, 264.0), (410.0, 237.0), (399.0, 194.0), (357.0, 161.0), (310.0, 167.0), (271.0, 175.0), (237.0, 188.0), (221.0, 208.0), (219.0, 222.0), (219.0, 239.0), (234.0, 245.0), (249.0, 255.0), (260.0, 269.0), (286.0, 288.0), (303.0, 300.0), (314.0, 310.0), (321.0, 313.0)]}
[DEBUG] mask nonzero = 241
[DEBUG] found 3 raw contours
[DEBUG] kept 3 candidates after filtering
[DEBUG] roi_desc = {'type': 'polygon', 'polygon': [(329.0, 318.0), (351.0, 301.0), (373.0, 280.0), (395.0, 264.0), (410.0, 237.0), (399.0, 194.0), (357.0, 161.0), (310.0, 167.0), (271.0, 175.0), (237.0, 188.0), (221.0, 208.0), (219.0, 222.0), (219.0, 239.0), (234.0, 245.0), (249.0, 255.0), (260.0, 269.0), (286.0, 288.0), (303.0, 300.0), (314.0, 310.0), (321.0, 313.0)]}
[DEBUG] mask nonzero = 234
[DEBUG] found 3 raw contours
[DEBUG] kept 3 candidates after filtering
[DEBUG] roi_desc = {'type': 'polygon', 'polygon': [(329.0, 318.0), (351.0, 301.0), (373.0, 280.0), (395.0, 264.0), (410.0, 237.0), (399.0, 194.0), (357.0, 161.0), (310.0, 167.0), (271.0, 175.0), (237.0, 188.0), (221.0, 208.0), (219.0, 222.0), (219.0, 239.0), (234.0, 245.0), (249.0, 255.0), (260.0, 269.0), (286.0, 288.0), (303.0, 300.0), (314.0, 310.0), (321.0, 313.0)]}
[DEBUG] mask nonzero = 239
[DEBUG] found 3 raw contours
[DEBUG] kept 3 candidates after filtering
[DEBUG] roi_desc = {'type': 'polygon', 'polygon': [(329.0, 318.0), (351.0, 301.0), (373.0, 280.0), (395.0, 264.0), (410.0, 237.0), (399.0, 194.0), (357.0, 161.0), (310.0, 167.0), (271.0, 175.0), (237.0, 188.0), (221.0, 208.0), (219.0, 222.0), (219.0, 239.0), (234.0, 245.0), (249.0, 255.0), (260.0, 269.0), (286.0, 288.0), (303.0, 300.0), (314.0, 310.0), (321.0, 313.0)]}
[DEBUG] mask nonzero = 242
[DEBUG] found 3 raw contours
[DEBUG] kept 3 candidates after filtering
[DEBUG] roi_desc = {'type': 'polygon', 'polygon': [(329.0, 318.0), (351.0, 301.0), (373.0, 280.0), (395.0, 264.0), (410.0, 237.0), (399.0, 194.0), (357.0, 161.0), (310.0, 167.0), (271.0, 175.0), (237.0, 188.0), (221.0, 208.0), (219.0, 222.0), (219.0, 239.0), (234.0, 245.0), (249.0, 255.0), (260.0, 269.0), (286.0, 288.0), (303.0, 300.0), (314.0, 310.0), (321.0, 313.0)]}
[DEBUG] mask nonzero = 237
[DEBUG] found 3 raw contours
[DEBUG] kept 3 candidates after filtering
[DEBUG] roi_desc = {'type': 'polygon', 'polygon': [(329.0, 318.0), (351.0, 301.0), (373.0, 280.0), (395.0, 264.0), (410.0, 237.0), (399.0, 194.0), (357.0, 161.0), (310.0, 167.0), (271.0, 175.0), (237.0, 188.0), (221.0, 208.0), (219.0, 222.0), (219.0, 239.0), (234.0, 245.0), (249.0, 255.0), (260.0, 269.0), (286.0, 288.0), (303.0, 300.0), (314.0, 310.0), (321.0, 313.0)]}
[DEBUG] mask nonzero = 240
[DEBUG] found 3 raw contours
[DEBUG] kept 3 candidates after filtering
[DEBUG] roi_desc = {'type': 'polygon', 'polygon': [(329.0, 318.0), (351.0, 301.0), (373.0, 280.0), (395.0, 264.0), (410.0, 237.0), (399.0, 194.0), (357.0, 161.0), (310.0, 167.0), (271.0, 175.0), (237.0, 188.0), (221.0, 208.0), (219.0, 222.0), (219.0, 239.0), (234.0, 245.0), (249.0, 255.0), (260.0, 269.0), (286.0, 288.0), (303.0, 300.0), (314.0, 310.0), (321.0, 313.0)]}
[DEBUG] mask nonzero = 238
[DEBUG] found 3 raw contours
[DEBUG] kept 3 candidates after filtering
[DEBUG] roi_desc = {'type': 'polygon', 'polygon': [(329.0, 318.0), (351.0, 301.0), (373.0, 280.0), (395.0, 264.0), (410.0, 237.0), (399.0, 194.0), (357.0, 161.0), (310.0, 167.0), (271.0, 175.0), (237.0, 188.0), (221.0, 208.0), (219.0, 222.0), (219.0, 239.0), (234.0, 245.0), (249.0, 255.0), (260.0, 269.0), (286.0, 288.0), (303.0, 300.0), (314.0, 310.0), (321.0, 313.0)]}
[DEBUG] mask nonzero = 247
[DEBUG] found 3 raw contours
[DEBUG] kept 3 candidates after filtering
[DEBUG] roi_desc = {'type': 'polygon', 'polygon': [(329.0, 318.0), (351.0, 301.0), (373.0, 280.0), (395.0, 264.0), (410.0, 237.0), (399.0, 194.0), (357.0, 161.0), (310.0, 167.0), (271.0, 175.0), (237.0, 188.0), (221.0, 208.0), (219.0, 222.0), (219.0, 239.0), (234.0, 245.0), (249.0, 255.0), (260.0, 269.0), (286.0, 288.0), (303.0, 300.0), (314.0, 310.0), (321.0, 313.0)]}
[DEBUG] mask nonzero = 234
[DEBUG] found 3 raw contours
[DEBUG] kept 3 candidates after filtering
[DEBUG] roi_desc = {'type': 'polygon', 'polygon': [(329.0, 318.0), (351.0, 301.0), (373.0, 280.0), (395.0, 264.0), (410.0, 237.0), (399.0, 194.0), (357.0, 161.0), (310.0, 167.0), (271.0, 175.0), (237.0, 188.0), (221.0, 208.0), (219.0, 222.0), (219.0, 239.0), (234.0, 245.0), (249.0, 255.0), (260.0, 269.0), (286.0, 288.0), (303.0, 300.0), (314.0, 310.0), (321.0, 313.0)]}
[DEBUG] mask nonzero = 237
[DEBUG] found 3 raw contours
[DEBUG] kept 3 candidates after filtering
[DEBUG] roi_desc = {'type': 'polygon', 'polygon': [(329.0, 318.0), (351.0, 301.0), (373.0, 280.0), (395.0, 264.0), (410.0, 237.0), (399.0, 194.0), (357.0, 161.0), (310.0, 167.0), (271.0, 175.0), (237.0, 188.0), (221.0, 208.0), (219.0, 222.0), (219.0, 239.0), (234.0, 245.0), (249.0, 255.0), (260.0, 269.0), (286.0, 288.0), (303.0, 300.0), (314.0, 310.0), (321.0, 313.0)]}
[DEBUG] mask nonzero = 228
[DEBUG] found 3 raw contours
[DEBUG] kept 3 candidates after filtering
[DEBUG] roi_desc = {'type': 'polygon', 'polygon': [(329.0, 318.0), (351.0, 301.0), (373.0, 280.0), (395.0, 264.0), (410.0, 237.0), (399.0, 194.0), (357.0, 161.0), (310.0, 167.0), (271.0, 175.0), (237.0, 188.0), (221.0, 208.0), (219.0, 222.0), (219.0, 239.0), (234.0, 245.0), (249.0, 255.0), (260.0, 269.0), (286.0, 288.0), (303.0, 300.0), (314.0, 310.0), (321.0, 313.0)]}
[DEBUG] mask nonzero = 235
[DEBUG] found 3 raw contours
[DEBUG] kept 3 candidates after filtering
[DEBUG] roi_desc = {'type': 'polygon', 'polygon': [(329.0, 318.0), (351.0, 301.0), (373.0, 280.0), (395.0, 264.0), (410.0, 237.0), (399.0, 194.0), (357.0, 161.0), (310.0, 167.0), (271.0, 175.0), (237.0, 188.0), (221.0, 208.0), (219.0, 222.0), (219.0, 239.0), (234.0, 245.0), (249.0, 255.0), (260.0, 269.0), (286.0, 288.0), (303.0, 300.0), (314.0, 310.0), (321.0, 313.0)]}
[DEBUG] mask nonzero = 240
[DEBUG] found 3 raw contours
[DEBUG] kept 3 candidates after filtering
[DEBUG] roi_desc = {'type': 'polygon', 'polygon': [(329.0, 318.0), (351.0, 301.0), (373.0, 280.0), (395.0, 264.0), (410.0, 237.0), (399.0, 194.0), (357.0, 161.0), (310.0, 167.0), (271.0, 175.0), (237.0, 188.0), (221.0, 208.0), (219.0, 222.0), (219.0, 239.0), (234.0, 245.0), (249.0, 255.0), (260.0, 269.0), (286.0, 288.0), (303.0, 300.0), (314.0, 310.0), (321.0, 313.0)]}
[DEBUG] mask nonzero = 244
[DEBUG] found 3 raw contours
[DEBUG] kept 3 candidates after filtering
[DEBUG] roi_desc = {'type': 'polygon', 'polygon': [(329.0, 318.0), (351.0, 301.0), (373.0, 280.0), (395.0, 264.0), (410.0, 237.0), (399.0, 194.0), (357.0, 161.0), (310.0, 167.0), (271.0, 175.0), (237.0, 188.0), (221.0, 208.0), (219.0, 222.0), (219.0, 239.0), (234.0, 245.0), (249.0, 255.0), (260.0, 269.0), (286.0, 288.0), (303.0, 300.0), (314.0, 310.0), (321.0, 313.0)]}
[DEBUG] mask nonzero = 239
[DEBUG] found 3 raw contours
[DEBUG] kept 3 candidates after filtering
[DEBUG] roi_desc = {'type': 'polygon', 'polygon': [(329.0, 318.0), (351.0, 301.0), (373.0, 280.0), (395.0, 264.0), (410.0, 237.0), (399.0, 194.0), (357.0, 161.0), (310.0, 167.0), (271.0, 175.0), (237.0, 188.0), (221.0, 208.0), (219.0, 222.0), (219.0, 239.0), (234.0, 245.0), (249.0, 255.0), (260.0, 269.0), (286.0, 288.0), (303.0, 300.0), (314.0, 310.0), (321.0, 313.0)]}
[DEBUG] mask nonzero = 234
[DEBUG] found 3 raw contours
[DEBUG] kept 3 candidates after filtering
[DEBUG] roi_desc = {'type': 'polygon', 'polygon': [(329.0, 318.0), (351.0, 301.0), (373.0, 280.0), (395.0, 264.0), (410.0, 237.0), (399.0, 194.0), (357.0, 161.0), (310.0, 167.0), (271.0, 175.0), (237.0, 188.0), (221.0, 208.0), (219.0, 222.0), (219.0, 239.0), (234.0, 245.0), (249.0, 255.0), (260.0, 269.0), (286.0, 288.0), (303.0, 300.0), (314.0, 310.0), (321.0, 313.0)]}
[DEBUG] mask nonzero = 244
[DEBUG] found 3 raw contours
[DEBUG] kept 3 candidates after filtering
[DEBUG] roi_desc = {'type': 'polygon', 'polygon': [(329.0, 318.0), (351.0, 301.0), (373.0, 280.0), (395.0, 264.0), (410.0, 237.0), (399.0, 194.0), (357.0, 161.0), (310.0, 167.0), (271.0, 175.0), (237.0, 188.0), (221.0, 208.0), (219.0, 222.0), (219.0, 239.0), (234.0, 245.0), (249.0, 255.0), (260.0, 269.0), (286.0, 288.0), (303.0, 300.0), (314.0, 310.0), (321.0, 313.0)]}
[DEBUG] mask nonzero = 239
[DEBUG] found 3 raw contours
[DEBUG] kept 3 candidates after filtering
[DEBUG] roi_desc = {'type': 'polygon', 'polygon': [(329.0, 318.0), (351.0, 301.0), (373.0, 280.0), (395.0, 264.0), (410.0, 237.0), (399.0, 194.0), (357.0, 161.0), (310.0, 167.0), (271.0, 175.0), (237.0, 188.0), (221.0, 208.0), (219.0, 222.0), (219.0, 239.0), (234.0, 245.0), (249.0, 255.0), (260.0, 269.0), (286.0, 288.0), (303.0, 300.0), (314.0, 310.0), (321.0, 313.0)]}
[DEBUG] mask nonzero = 237
[DEBUG] found 3 raw contours
[DEBUG] kept 3 candidates after filtering
[DEBUG] roi_desc = {'type': 'polygon', 'polygon': [(329.0, 318.0), (351.0, 301.0), (373.0, 280.0), (395.0, 264.0), (410.0, 237.0), (399.0, 194.0), (357.0, 161.0), (310.0, 167.0), (271.0, 175.0), (237.0, 188.0), (221.0, 208.0), (219.0, 222.0), (219.0, 239.0), (234.0, 245.0), (249.0, 255.0), (260.0, 269.0), (286.0, 288.0), (303.0, 300.0), (314.0, 310.0), (321.0, 313.0)]}
[DEBUG] mask nonzero = 240
[DEBUG] found 3 raw contours
[DEBUG] kept 3 candidates after filtering
[DEBUG] roi_desc = {'type': 'polygon', 'polygon': [(329.0, 318.0), (351.0, 301.0), (373.0, 280.0), (395.0, 264.0), (410.0, 237.0), (399.0, 194.0), (357.0, 161.0), (310.0, 167.0), (271.0, 175.0), (237.0, 188.0), (221.0, 208.0), (219.0, 222.0), (219.0, 239.0), (234.0, 245.0), (249.0, 255.0), (260.0, 269.0), (286.0, 288.0), (303.0, 300.0), (314.0, 310.0), (321.0, 313.0)]}
[DEBUG] mask nonzero = 236
[DEBUG] found 3 raw contours
[DEBUG] kept 3 candidates after filtering
[DEBUG] roi_desc = {'type': 'polygon', 'polygon': [(329.0, 318.0), (351.0, 301.0), (373.0, 280.0), (395.0, 264.0), (410.0, 237.0), (399.0, 194.0), (357.0, 161.0), (310.0, 167.0), (271.0, 175.0), (237.0, 188.0), (221.0, 208.0), (219.0, 222.0), (219.0, 239.0), (234.0, 245.0), (249.0, 255.0), (260.0, 269.0), (286.0, 288.0), (303.0, 300.0), (314.0, 310.0), (321.0, 313.0)]}
[DEBUG] mask nonzero = 234
[DEBUG] found 3 raw contours
[DEBUG] kept 3 candidates after filtering
[DEBUG] roi_desc = {'type': 'polygon', 'polygon': [(329.0, 318.0), (351.0, 301.0), (373.0, 280.0), (395.0, 264.0), (410.0, 237.0), (399.0, 194.0), (357.0, 161.0), (310.0, 167.0), (271.0, 175.0), (237.0, 188.0), (221.0, 208.0), (219.0, 222.0), (219.0, 239.0), (234.0, 245.0), (249.0, 255.0), (260.0, 269.0), (286.0, 288.0), (303.0, 300.0), (314.0, 310.0), (321.0, 313.0)]}
[DEBUG] mask nonzero = 238
[DEBUG] found 3 raw contours
[DEBUG] kept 3 candidates after filtering
[DEBUG] roi_desc = {'type': 'polygon', 'polygon': [(329.0, 318.0), (351.0, 301.0), (373.0, 280.0), (395.0, 264.0), (410.0, 237.0), (399.0, 194.0), (357.0, 161.0), (310.0, 167.0), (271.0, 175.0), (237.0, 188.0), (221.0, 208.0), (219.0, 222.0), (219.0, 239.0), (234.0, 245.0), (249.0, 255.0), (260.0, 269.0), (286.0, 288.0), (303.0, 300.0), (314.0, 310.0), (321.0, 313.0)]}
[DEBUG] mask nonzero = 232
[DEBUG] found 3 raw contours
[DEBUG] kept 3 candidates after filtering
[DEBUG] roi_desc = {'type': 'polygon', 'polygon': [(329.0, 318.0), (351.0, 301.0), (373.0, 280.0), (395.0, 264.0), (410.0, 237.0), (399.0, 194.0), (357.0, 161.0), (310.0, 167.0), (271.0, 175.0), (237.0, 188.0), (221.0, 208.0), (219.0, 222.0), (219.0, 239.0), (234.0, 245.0), (249.0, 255.0), (260.0, 269.0), (286.0, 288.0), (303.0, 300.0), (314.0, 310.0), (321.0, 313.0)]}
[DEBUG] mask nonzero = 229
[DEBUG] found 3 raw contours
[DEBUG] kept 3 candidates after filtering
[DEBUG] roi_desc = {'type': 'polygon', 'polygon': [(329.0, 318.0), (351.0, 301.0), (373.0, 280.0), (395.0, 264.0), (410.0, 237.0), (399.0, 194.0), (357.0, 161.0), (310.0, 167.0), (271.0, 175.0), (237.0, 188.0), (221.0, 208.0), (219.0, 222.0), (219.0, 239.0), (234.0, 245.0), (249.0, 255.0), (260.0, 269.0), (286.0, 288.0), (303.0, 300.0), (314.0, 310.0), (321.0, 313.0)]}
[DEBUG] mask nonzero = 245
[DEBUG] found 3 raw contours
[DEBUG] kept 3 candidates after filtering
[DEBUG] roi_desc = {'type': 'polygon', 'polygon': [(329.0, 318.0), (351.0, 301.0), (373.0, 280.0), (395.0, 264.0), (410.0, 237.0), (399.0, 194.0), (357.0, 161.0), (310.0, 167.0), (271.0, 175.0), (237.0, 188.0), (221.0, 208.0), (219.0, 222.0), (219.0, 239.0), (234.0, 245.0), (249.0, 255.0), (260.0, 269.0), (286.0, 288.0), (303.0, 300.0), (314.0, 310.0), (321.0, 313.0)]}
[DEBUG] mask nonzero = 241
[DEBUG] found 3 raw contours
[DEBUG] kept 3 candidates after filtering
[DEBUG] roi_desc = {'type': 'polygon', 'polygon': [(329.0, 318.0), (351.0, 301.0), (373.0, 280.0), (395.0, 264.0), (410.0, 237.0), (399.0, 194.0), (357.0, 161.0), (310.0, 167.0), (271.0, 175.0), (237.0, 188.0), (221.0, 208.0), (219.0, 222.0), (219.0, 239.0), (234.0, 245.0), (249.0, 255.0), (260.0, 269.0), (286.0, 288.0), (303.0, 300.0), (314.0, 310.0), (321.0, 313.0)]}
[DEBUG] mask nonzero = 239
[DEBUG] found 3 raw contours
[DEBUG] kept 3 candidates after filtering
[DEBUG] roi_desc = {'type': 'polygon', 'polygon': [(329.0, 318.0), (351.0, 301.0), (373.0, 280.0), (395.0, 264.0), (410.0, 237.0), (399.0, 194.0), (357.0, 161.0), (310.0, 167.0), (271.0, 175.0), (237.0, 188.0), (221.0, 208.0), (219.0, 222.0), (219.0, 239.0), (234.0, 245.0), (249.0, 255.0), (260.0, 269.0), (286.0, 288.0), (303.0, 300.0), (314.0, 310.0), (321.0, 313.0)]}
[DEBUG] mask nonzero = 239
[DEBUG] found 3 raw contours
[DEBUG] kept 3 candidates after filtering
[DEBUG] roi_desc = {'type': 'polygon', 'polygon': [(329.0, 318.0), (351.0, 301.0), (373.0, 280.0), (395.0, 264.0), (410.0, 237.0), (399.0, 194.0), (357.0, 161.0), (310.0, 167.0), (271.0, 175.0), (237.0, 188.0), (221.0, 208.0), (219.0, 222.0), (219.0, 239.0), (234.0, 245.0), (249.0, 255.0), (260.0, 269.0), (286.0, 288.0), (303.0, 300.0), (314.0, 310.0), (321.0, 313.0)]}
[DEBUG] mask nonzero = 244
[DEBUG] found 3 raw contours
[DEBUG] kept 3 candidates after filtering
[DEBUG] roi_desc = {'type': 'polygon', 'polygon': [(329.0, 318.0), (351.0, 301.0), (373.0, 280.0), (395.0, 264.0), (410.0, 237.0), (399.0, 194.0), (357.0, 161.0), (310.0, 167.0), (271.0, 175.0), (237.0, 188.0), (221.0, 208.0), (219.0, 222.0), (219.0, 239.0), (234.0, 245.0), (249.0, 255.0), (260.0, 269.0), (286.0, 288.0), (303.0, 300.0), (314.0, 310.0), (321.0, 313.0)]}
[DEBUG] mask nonzero = 239
[DEBUG] found 3 raw contours
[DEBUG] kept 3 candidates after filtering
RTDEReceiveInterface boost system Exception: (asio.misc:2) End of file
RTDEReceiveInterface boost system Exception: (asio.misc:2) End of file
/home/jack/Proper-Research/beam_direction_magnetisation/post_processing/post_processing.py:560: UserWarning: FigureCanvasAgg is non-interactive, and thus cannot be shown
  plt.show()
[DEBUG] roi_desc = {'type': 'polygon', 'polygon': [(329.0, 318.0), (351.0, 301.0), (373.0, 280.0), (395.0, 264.0), (410.0, 237.0), (399.0, 194.0), (357.0, 161.0), (310.0, 167.0), (271.0, 175.0), (237.0, 188.0), (221.0, 208.0), (219.0, 222.0), (219.0, 239.0), (234.0, 245.0), (249.0, 255.0), (260.0, 269.0), (286.0, 288.0), (303.0, 300.0), (314.0, 310.0), (321.0, 313.0)]}
[DEBUG] mask nonzero = 233
[DEBUG] found 3 raw contours
[DEBUG] kept 3 candidates after filtering
[DEBUG] roi_desc = {'type': 'polygon', 'polygon': [(329.0, 318.0), (351.0, 301.0), (373.0, 280.0), (395.0, 264.0), (410.0, 237.0), (399.0, 194.0), (357.0, 161.0), (310.0, 167.0), (271.0, 175.0), (237.0, 188.0), (221.0, 208.0), (219.0, 222.0), (219.0, 239.0), (234.0, 245.0), (249.0, 255.0), (260.0, 269.0), (286.0, 288.0), (303.0, 300.0), (314.0, 310.0), (321.0, 313.0)]}
[DEBUG] mask nonzero = 239
[DEBUG] found 3 raw contours
[DEBUG] kept 3 candidates after filtering
[DEBUG] roi_desc = {'type': 'polygon', 'polygon': [(329.0, 318.0), (351.0, 301.0), (373.0, 280.0), (395.0, 264.0), (410.0, 237.0), (399.0, 194.0), (357.0, 161.0), (310.0, 167.0), (271.0, 175.0), (237.0, 188.0), (221.0, 208.0), (219.0, 222.0), (219.0, 239.0), (234.0, 245.0), (249.0, 255.0), (260.0, 269.0), (286.0, 288.0), (303.0, 300.0), (314.0, 310.0), (321.0, 313.0)]}
[DEBUG] mask nonzero = 237
[DEBUG] found 3 raw contours
[DEBUG] kept 3 candidates after filtering
[DEBUG] roi_desc = {'type': 'polygon', 'polygon': [(329.0, 318.0), (351.0, 301.0), (373.0, 280.0), (395.0, 264.0), (410.0, 237.0), (399.0, 194.0), (357.0, 161.0), (310.0, 167.0), (271.0, 175.0), (237.0, 188.0), (221.0, 208.0), (219.0, 222.0), (219.0, 239.0), (234.0, 245.0), (249.0, 255.0), (260.0, 269.0), (286.0, 288.0), (303.0, 300.0), (314.0, 310.0), (321.0, 313.0)]}
[DEBUG] mask nonzero = 237
[DEBUG] found 3 raw contours
[DEBUG] kept 3 candidates after filtering
[DEBUG] roi_desc = {'type': 'polygon', 'polygon': [(329.0, 318.0), (351.0, 301.0), (373.0, 280.0), (395.0, 264.0), (410.0, 237.0), (399.0, 194.0), (357.0, 161.0), (310.0, 167.0), (271.0, 175.0), (237.0, 188.0), (221.0, 208.0), (219.0, 222.0), (219.0, 239.0), (234.0, 245.0), (249.0, 255.0), (260.0, 269.0), (286.0, 288.0), (303.0, 300.0), (314.0, 310.0), (321.0, 313.0)]}
[DEBUG] mask nonzero = 240
[DEBUG] found 3 raw contours
[DEBUG] kept 3 candidates after filtering
[DEBUG] roi_desc = {'type': 'polygon', 'polygon': [(329.0, 318.0), (351.0, 301.0), (373.0, 280.0), (395.0, 264.0), (410.0, 237.0), (399.0, 194.0), (357.0, 161.0), (310.0, 167.0), (271.0, 175.0), (237.0, 188.0), (221.0, 208.0), (219.0, 222.0), (219.0, 239.0), (234.0, 245.0), (249.0, 255.0), (260.0, 269.0), (286.0, 288.0), (303.0, 300.0), (314.0, 310.0), (321.0, 313.0)]}
[DEBUG] mask nonzero = 241
[DEBUG] found 3 raw contours
[DEBUG] kept 3 candidates after filtering
[DEBUG] roi_desc = {'type': 'polygon', 'polygon': [(329.0, 318.0), (351.0, 301.0), (373.0, 280.0), (395.0, 264.0), (410.0, 237.0), (399.0, 194.0), (357.0, 161.0), (310.0, 167.0), (271.0, 175.0), (237.0, 188.0), (221.0, 208.0), (219.0, 222.0), (219.0, 239.0), (234.0, 245.0), (249.0, 255.0), (260.0, 269.0), (286.0, 288.0), (303.0, 300.0), (314.0, 310.0), (321.0, 313.0)]}
[DEBUG] mask nonzero = 238
[DEBUG] found 3 raw contours
[DEBUG] kept 3 candidates after filtering
[DEBUG] roi_desc = {'type': 'polygon', 'polygon': [(329.0, 318.0), (351.0, 301.0), (373.0, 280.0), (395.0, 264.0), (410.0, 237.0), (399.0, 194.0), (357.0, 161.0), (310.0, 167.0), (271.0, 175.0), (237.0, 188.0), (221.0, 208.0), (219.0, 222.0), (219.0, 239.0), (234.0, 245.0), (249.0, 255.0), (260.0, 269.0), (286.0, 288.0), (303.0, 300.0), (314.0, 310.0), (321.0, 313.0)]}
[DEBUG] mask nonzero = 238
[DEBUG] found 3 raw contours
[DEBUG] kept 3 candidates after filtering
[DEBUG] roi_desc = {'type': 'polygon', 'polygon': [(329.0, 318.0), (351.0, 301.0), (373.0, 280.0), (395.0, 264.0), (410.0, 237.0), (399.0, 194.0), (357.0, 161.0), (310.0, 167.0), (271.0, 175.0), (237.0, 188.0), (221.0, 208.0), (219.0, 222.0), (219.0, 239.0), (234.0, 245.0), (249.0, 255.0), (260.0, 269.0), (286.0, 288.0), (303.0, 300.0), (314.0, 310.0), (321.0, 313.0)]}
[DEBUG] mask nonzero = 235
[DEBUG] found 3 raw contours
[DEBUG] kept 3 candidates after filtering
[DEBUG] roi_desc = {'type': 'polygon', 'polygon': [(329.0, 318.0), (351.0, 301.0), (373.0, 280.0), (395.0, 264.0), (410.0, 237.0), (399.0, 194.0), (357.0, 161.0), (310.0, 167.0), (271.0, 175.0), (237.0, 188.0), (221.0, 208.0), (219.0, 222.0), (219.0, 239.0), (234.0, 245.0), (249.0, 255.0), (260.0, 269.0), (286.0, 288.0), (303.0, 300.0), (314.0, 310.0), (321.0, 313.0)]}
[DEBUG] mask nonzero = 236
[DEBUG] found 3 raw contours
[DEBUG] kept 3 candidates after filtering
[DEBUG] roi_desc = {'type': 'polygon', 'polygon': [(329.0, 318.0), (351.0, 301.0), (373.0, 280.0), (395.0, 264.0), (410.0, 237.0), (399.0, 194.0), (357.0, 161.0), (310.0, 167.0), (271.0, 175.0), (237.0, 188.0), (221.0, 208.0), (219.0, 222.0), (219.0, 239.0), (234.0, 245.0), (249.0, 255.0), (260.0, 269.0), (286.0, 288.0), (303.0, 300.0), (314.0, 310.0), (321.0, 313.0)]}
[DEBUG] mask nonzero = 239
[DEBUG] found 3 raw contours
[DEBUG] kept 3 candidates after filtering
[beam] iter 0: 30.2 mm (target 30, err -0.2)
[worker] beam 30.2 mm; running mpc_ltv_offline
[path] LIVE (servoJ per tick)  control @ 10.0 Hz  ref=plan_dir
[path] log -> /home/jack/Proper-Research/close_loop_logs/compare_tri/runs/ltv_rep2_20260910T132531Z/path_follow.jsonl
[path] T_R_B  B.x(axial)=[-1.0, 0.0, 0.0]  B.y(sideways)=[0.0, 1.0, 0.0]  B.z(camera)=[0.0, 0.0, -1.0]
[path] advancer LIVE on /dev/ttyACM0
[path] camera + reader up; waiting for first tip + joints...
[path] planner->R fit: |t_fit|=0.001 m, det(R_fit)=+1.000
[path]   plan des[0] [495.4, -670.6, -16.6] mm  des[-1] [495.4, -670.6, -16.6] mm  (robot frame)
[path] loaded plan reference: 132 samples, 13.1s, source='/home/jack/Proper-Research/plans/triangle_8mm_2026-09-10/time_parameterized_configuration_path/time_parameterized_configuration_path.csv'
[path] start tip (mm) = [495.39, -670.59, -16.57]
[path] ref[0]     (mm) = [495.39, -670.59, -16.57]
[path] ref[-1]    (mm) = [495.39, -670.59, -16.57]
[path] building analytic beam Jacobian (forward-model solve + FK)...
[INIT] L_ins=0.040 -> L_model=0.040, wire_len=0.000, tip_len=0.040


tip position         : [ 0.79019416 -0.69343739 -0.09999488]
base position        : [ 0.82813282 -0.68127317 -0.1       ]
tip deflection       : [-3.79386605e-02 -1.21642204e-02  5.11570630e-06]
tip deflection norm  : 3.984106e-02



max violation        : 1.912274e-02

[path] model magnet in B = [+280, -0, -0] mm (coaxial: B.y/B.z ~0 -> magnet on the beam axis, ~280 mm ahead)
[path] |d(tip)/d(magnet)| per axis  B.z/out=0.005  B.y/in-plane=0.075  B.x/axial=0.075 mm/mm (axial should be ~0 for a coaxial axial-dipole magnet)
[path] ===== FROZEN BEAM JACOBIAN  d(tip_R xyz)/d[q1..q6, insertion] =====
[path] rows = tip R.x, R.y, R.z   cols = q1..q6 (rad), insertion (m)
[path]   R.x: [ 0.00231 -0.00005 -0.00147 -0.00076  0.00075 -0.00078 -0.99782]
[path]   R.y: [ 0.05096 -0.00359 -0.03426 -0.0177   0.01688 -0.01719  0.06696]
[path]   R.z: [ 0.0002   0.09657  0.07985  0.04366 -0.01113  0.00061  0.00174]
[path] --- J = J_beam[:, 0:3] @ Jv_robot ,  J[:,6] = J_beam[:,6] ---
[path] J_beam (3x7) d(tip)/d[magnet_xyz(3), magnet_rot(3), insertion]:
[path]   R.x: [ 0.00021  0.00342  0.00009  0.      -0.00001  0.00029 -0.99782]
[path]   R.y: [ 0.00478  0.07519  0.      -0.00002 -0.       0.00636  0.06696]
[path]   R.z: [ 0.00017 -0.       0.07478  0.0011  -0.00626 -0.       0.00174]
[path] Jv_robot (3x6) d(TCP_pos)/d(q):
[path]   R.x: [ 1.18706  0.04472  0.4168   0.21869  0.23478 -0.45274]
[path]   R.y: [ 0.6023  -0.05055 -0.48218 -0.2493   0.20953 -0.19985]
[path]   R.z: [ 0.       1.29126  1.06686  0.58341 -0.14932  0.00919]
[path] ================================================================
[path] cond(J[:, :6]) = 26223.93
[path] using external Jacobian schedule (132, 3, 7)
[path] controller = mpc_ltv_offline (horizon=30, freeze@0); closing the loop
Polishing not needed - no active set detected at optimal point
Polishing not needed - no active set detected at optimal point
RTDEReceiveInterface boost system Exception: (asio.misc:2) End of file
[  10] ref=   9/131 |e|=  0.29mm e=[ -0.02  -0.29  +0.00] |qd|=0.0652 ins= 31.4mm
[worker] pf.main() raised URConnectionError('RTDE is disconnected. Call reconnect() and verify robot state before sending another motion command.')
[compare] mpc_ltv_offline rep2 attempt 1 failed (rc=4); retrying
[compare] settle 30s (RTDE)...
[reset] at reference joints (dq=0.0002)
[DEBUG] roi_desc = {'type': 'polygon', 'polygon': [(329.0, 318.0), (351.0, 301.0), (373.0, 280.0), (395.0, 264.0), (410.0, 237.0), (399.0, 194.0), (357.0, 161.0), (310.0, 167.0), (271.0, 175.0), (237.0, 188.0), (221.0, 208.0), (219.0, 222.0), (219.0, 239.0), (234.0, 245.0), (249.0, 255.0), (260.0, 269.0), (286.0, 288.0), (303.0, 300.0), (314.0, 310.0), (321.0, 313.0)]}
[DEBUG] mask nonzero = 220
[DEBUG] found 3 raw contours
[DEBUG] kept 3 candidates after filtering
[DEBUG] roi_desc = {'type': 'polygon', 'polygon': [(329.0, 318.0), (351.0, 301.0), (373.0, 280.0), (395.0, 264.0), (410.0, 237.0), (399.0, 194.0), (357.0, 161.0), (310.0, 167.0), (271.0, 175.0), (237.0, 188.0), (221.0, 208.0), (219.0, 222.0), (219.0, 239.0), (234.0, 245.0), (249.0, 255.0), (260.0, 269.0), (286.0, 288.0), (303.0, 300.0), (314.0, 310.0), (321.0, 313.0)]}
[DEBUG] mask nonzero = 217
[DEBUG] found 3 raw contours
[DEBUG] kept 3 candidates after filtering
[DEBUG] roi_desc = {'type': 'polygon', 'polygon': [(329.0, 318.0), (351.0, 301.0), (373.0, 280.0), (395.0, 264.0), (410.0, 237.0), (399.0, 194.0), (357.0, 161.0), (310.0, 167.0), (271.0, 175.0), (237.0, 188.0), (221.0, 208.0), (219.0, 222.0), (219.0, 239.0), (234.0, 245.0), (249.0, 255.0), (260.0, 269.0), (286.0, 288.0), (303.0, 300.0), (314.0, 310.0), (321.0, 313.0)]}
[DEBUG] mask nonzero = 226
[DEBUG] found 3 raw contours
[DEBUG] kept 3 candidates after filtering
[DEBUG] roi_desc = {'type': 'polygon', 'polygon': [(329.0, 318.0), (351.0, 301.0), (373.0, 280.0), (395.0, 264.0), (410.0, 237.0), (399.0, 194.0), (357.0, 161.0), (310.0, 167.0), (271.0, 175.0), (237.0, 188.0), (221.0, 208.0), (219.0, 222.0), (219.0, 239.0), (234.0, 245.0), (249.0, 255.0), (260.0, 269.0), (286.0, 288.0), (303.0, 300.0), (314.0, 310.0), (321.0, 313.0)]}
[DEBUG] mask nonzero = 219
[DEBUG] found 3 raw contours
[DEBUG] kept 3 candidates after filtering
[DEBUG] roi_desc = {'type': 'polygon', 'polygon': [(329.0, 318.0), (351.0, 301.0), (373.0, 280.0), (395.0, 264.0), (410.0, 237.0), (399.0, 194.0), (357.0, 161.0), (310.0, 167.0), (271.0, 175.0), (237.0, 188.0), (221.0, 208.0), (219.0, 222.0), (219.0, 239.0), (234.0, 245.0), (249.0, 255.0), (260.0, 269.0), (286.0, 288.0), (303.0, 300.0), (314.0, 310.0), (321.0, 313.0)]}
[DEBUG] mask nonzero = 224
[DEBUG] found 3 raw contours
[DEBUG] kept 3 candidates after filtering
[DEBUG] roi_desc = {'type': 'polygon', 'polygon': [(329.0, 318.0), (351.0, 301.0), (373.0, 280.0), (395.0, 264.0), (410.0, 237.0), (399.0, 194.0), (357.0, 161.0), (310.0, 167.0), (271.0, 175.0), (237.0, 188.0), (221.0, 208.0), (219.0, 222.0), (219.0, 239.0), (234.0, 245.0), (249.0, 255.0), (260.0, 269.0), (286.0, 288.0), (303.0, 300.0), (314.0, 310.0), (321.0, 313.0)]}
[DEBUG] mask nonzero = 217
[DEBUG] found 3 raw contours
[DEBUG] kept 3 candidates after filtering
[DEBUG] roi_desc = {'type': 'polygon', 'polygon': [(329.0, 318.0), (351.0, 301.0), (373.0, 280.0), (395.0, 264.0), (410.0, 237.0), (399.0, 194.0), (357.0, 161.0), (310.0, 167.0), (271.0, 175.0), (237.0, 188.0), (221.0, 208.0), (219.0, 222.0), (219.0, 239.0), (234.0, 245.0), (249.0, 255.0), (260.0, 269.0), (286.0, 288.0), (303.0, 300.0), (314.0, 310.0), (321.0, 313.0)]}
[DEBUG] mask nonzero = 222
[DEBUG] found 3 raw contours
[DEBUG] kept 3 candidates after filtering
[DEBUG] roi_desc = {'type': 'polygon', 'polygon': [(329.0, 318.0), (351.0, 301.0), (373.0, 280.0), (395.0, 264.0), (410.0, 237.0), (399.0, 194.0), (357.0, 161.0), (310.0, 167.0), (271.0, 175.0), (237.0, 188.0), (221.0, 208.0), (219.0, 222.0), (219.0, 239.0), (234.0, 245.0), (249.0, 255.0), (260.0, 269.0), (286.0, 288.0), (303.0, 300.0), (314.0, 310.0), (321.0, 313.0)]}
[DEBUG] mask nonzero = 220
[DEBUG] found 3 raw contours
[DEBUG] kept 3 candidates after filtering
[DEBUG] roi_desc = {'type': 'polygon', 'polygon': [(329.0, 318.0), (351.0, 301.0), (373.0, 280.0), (395.0, 264.0), (410.0, 237.0), (399.0, 194.0), (357.0, 161.0), (310.0, 167.0), (271.0, 175.0), (237.0, 188.0), (221.0, 208.0), (219.0, 222.0), (219.0, 239.0), (234.0, 245.0), (249.0, 255.0), (260.0, 269.0), (286.0, 288.0), (303.0, 300.0), (314.0, 310.0), (321.0, 313.0)]}
[DEBUG] mask nonzero = 219
[DEBUG] found 3 raw contours
[DEBUG] kept 3 candidates after filtering
[DEBUG] roi_desc = {'type': 'polygon', 'polygon': [(329.0, 318.0), (351.0, 301.0), (373.0, 280.0), (395.0, 264.0), (410.0, 237.0), (399.0, 194.0), (357.0, 161.0), (310.0, 167.0), (271.0, 175.0), (237.0, 188.0), (221.0, 208.0), (219.0, 222.0), (219.0, 239.0), (234.0, 245.0), (249.0, 255.0), (260.0, 269.0), (286.0, 288.0), (303.0, 300.0), (314.0, 310.0), (321.0, 313.0)]}
[DEBUG] mask nonzero = 221
[DEBUG] found 3 raw contours
[DEBUG] kept 3 candidates after filtering
[DEBUG] roi_desc = {'type': 'polygon', 'polygon': [(329.0, 318.0), (351.0, 301.0), (373.0, 280.0), (395.0, 264.0), (410.0, 237.0), (399.0, 194.0), (357.0, 161.0), (310.0, 167.0), (271.0, 175.0), (237.0, 188.0), (221.0, 208.0), (219.0, 222.0), (219.0, 239.0), (234.0, 245.0), (249.0, 255.0), (260.0, 269.0), (286.0, 288.0), (303.0, 300.0), (314.0, 310.0), (321.0, 313.0)]}
[DEBUG] mask nonzero = 223
[DEBUG] found 3 raw contours
[DEBUG] kept 3 candidates after filtering
[DEBUG] roi_desc = {'type': 'polygon', 'polygon': [(329.0, 318.0), (351.0, 301.0), (373.0, 280.0), (395.0, 264.0), (410.0, 237.0), (399.0, 194.0), (357.0, 161.0), (310.0, 167.0), (271.0, 175.0), (237.0, 188.0), (221.0, 208.0), (219.0, 222.0), (219.0, 239.0), (234.0, 245.0), (249.0, 255.0), (260.0, 269.0), (286.0, 288.0), (303.0, 300.0), (314.0, 310.0), (321.0, 313.0)]}
[DEBUG] mask nonzero = 222
[DEBUG] found 3 raw contours
[DEBUG] kept 3 candidates after filtering
[DEBUG] roi_desc = {'type': 'polygon', 'polygon': [(329.0, 318.0), (351.0, 301.0), (373.0, 280.0), (395.0, 264.0), (410.0, 237.0), (399.0, 194.0), (357.0, 161.0), (310.0, 167.0), (271.0, 175.0), (237.0, 188.0), (221.0, 208.0), (219.0, 222.0), (219.0, 239.0), (234.0, 245.0), (249.0, 255.0), (260.0, 269.0), (286.0, 288.0), (303.0, 300.0), (314.0, 310.0), (321.0, 313.0)]}
[DEBUG] mask nonzero = 224
[DEBUG] found 3 raw contours
[DEBUG] kept 3 candidates after filtering
[DEBUG] roi_desc = {'type': 'polygon', 'polygon': [(329.0, 318.0), (351.0, 301.0), (373.0, 280.0), (395.0, 264.0), (410.0, 237.0), (399.0, 194.0), (357.0, 161.0), (310.0, 167.0), (271.0, 175.0), (237.0, 188.0), (221.0, 208.0), (219.0, 222.0), (219.0, 239.0), (234.0, 245.0), (249.0, 255.0), (260.0, 269.0), (286.0, 288.0), (303.0, 300.0), (314.0, 310.0), (321.0, 313.0)]}
[DEBUG] mask nonzero = 219
[DEBUG] found 3 raw contours
[DEBUG] kept 3 candidates after filtering
[DEBUG] roi_desc = {'type': 'polygon', 'polygon': [(329.0, 318.0), (351.0, 301.0), (373.0, 280.0), (395.0, 264.0), (410.0, 237.0), (399.0, 194.0), (357.0, 161.0), (310.0, 167.0), (271.0, 175.0), (237.0, 188.0), (221.0, 208.0), (219.0, 222.0), (219.0, 239.0), (234.0, 245.0), (249.0, 255.0), (260.0, 269.0), (286.0, 288.0), (303.0, 300.0), (314.0, 310.0), (321.0, 313.0)]}
[DEBUG] mask nonzero = 223
[DEBUG] found 3 raw contours
[DEBUG] kept 3 candidates after filtering
[DEBUG] roi_desc = {'type': 'polygon', 'polygon': [(329.0, 318.0), (351.0, 301.0), (373.0, 280.0), (395.0, 264.0), (410.0, 237.0), (399.0, 194.0), (357.0, 161.0), (310.0, 167.0), (271.0, 175.0), (237.0, 188.0), (221.0, 208.0), (219.0, 222.0), (219.0, 239.0), (234.0, 245.0), (249.0, 255.0), (260.0, 269.0), (286.0, 288.0), (303.0, 300.0), (314.0, 310.0), (321.0, 313.0)]}
[DEBUG] mask nonzero = 229
[DEBUG] found 3 raw contours
[DEBUG] kept 3 candidates after filtering
[DEBUG] roi_desc = {'type': 'polygon', 'polygon': [(329.0, 318.0), (351.0, 301.0), (373.0, 280.0), (395.0, 264.0), (410.0, 237.0), (399.0, 194.0), (357.0, 161.0), (310.0, 167.0), (271.0, 175.0), (237.0, 188.0), (221.0, 208.0), (219.0, 222.0), (219.0, 239.0), (234.0, 245.0), (249.0, 255.0), (260.0, 269.0), (286.0, 288.0), (303.0, 300.0), (314.0, 310.0), (321.0, 313.0)]}
[DEBUG] mask nonzero = 221
[DEBUG] found 3 raw contours
[DEBUG] kept 3 candidates after filtering
[DEBUG] roi_desc = {'type': 'polygon', 'polygon': [(329.0, 318.0), (351.0, 301.0), (373.0, 280.0), (395.0, 264.0), (410.0, 237.0), (399.0, 194.0), (357.0, 161.0), (310.0, 167.0), (271.0, 175.0), (237.0, 188.0), (221.0, 208.0), (219.0, 222.0), (219.0, 239.0), (234.0, 245.0), (249.0, 255.0), (260.0, 269.0), (286.0, 288.0), (303.0, 300.0), (314.0, 310.0), (321.0, 313.0)]}
[DEBUG] mask nonzero = 226
[DEBUG] found 3 raw contours
[DEBUG] kept 3 candidates after filtering
[DEBUG] roi_desc = {'type': 'polygon', 'polygon': [(329.0, 318.0), (351.0, 301.0), (373.0, 280.0), (395.0, 264.0), (410.0, 237.0), (399.0, 194.0), (357.0, 161.0), (310.0, 167.0), (271.0, 175.0), (237.0, 188.0), (221.0, 208.0), (219.0, 222.0), (219.0, 239.0), (234.0, 245.0), (249.0, 255.0), (260.0, 269.0), (286.0, 288.0), (303.0, 300.0), (314.0, 310.0), (321.0, 313.0)]}
[DEBUG] mask nonzero = 225
[DEBUG] found 3 raw contours
[DEBUG] kept 3 candidates after filtering
[DEBUG] roi_desc = {'type': 'polygon', 'polygon': [(329.0, 318.0), (351.0, 301.0), (373.0, 280.0), (395.0, 264.0), (410.0, 237.0), (399.0, 194.0), (357.0, 161.0), (310.0, 167.0), (271.0, 175.0), (237.0, 188.0), (221.0, 208.0), (219.0, 222.0), (219.0, 239.0), (234.0, 245.0), (249.0, 255.0), (260.0, 269.0), (286.0, 288.0), (303.0, 300.0), (314.0, 310.0), (321.0, 313.0)]}
[DEBUG] mask nonzero = 225
[DEBUG] found 3 raw contours
[DEBUG] kept 3 candidates after filtering
[DEBUG] roi_desc = {'type': 'polygon', 'polygon': [(329.0, 318.0), (351.0, 301.0), (373.0, 280.0), (395.0, 264.0), (410.0, 237.0), (399.0, 194.0), (357.0, 161.0), (310.0, 167.0), (271.0, 175.0), (237.0, 188.0), (221.0, 208.0), (219.0, 222.0), (219.0, 239.0), (234.0, 245.0), (249.0, 255.0), (260.0, 269.0), (286.0, 288.0), (303.0, 300.0), (314.0, 310.0), (321.0, 313.0)]}
[DEBUG] mask nonzero = 221
[DEBUG] found 3 raw contours
[DEBUG] kept 3 candidates after filtering
[DEBUG] roi_desc = {'type': 'polygon', 'polygon': [(329.0, 318.0), (351.0, 301.0), (373.0, 280.0), (395.0, 264.0), (410.0, 237.0), (399.0, 194.0), (357.0, 161.0), (310.0, 167.0), (271.0, 175.0), (237.0, 188.0), (221.0, 208.0), (219.0, 222.0), (219.0, 239.0), (234.0, 245.0), (249.0, 255.0), (260.0, 269.0), (286.0, 288.0), (303.0, 300.0), (314.0, 310.0), (321.0, 313.0)]}
[DEBUG] mask nonzero = 226
[DEBUG] found 3 raw contours
[DEBUG] kept 3 candidates after filtering
[DEBUG] roi_desc = {'type': 'polygon', 'polygon': [(329.0, 318.0), (351.0, 301.0), (373.0, 280.0), (395.0, 264.0), (410.0, 237.0), (399.0, 194.0), (357.0, 161.0), (310.0, 167.0), (271.0, 175.0), (237.0, 188.0), (221.0, 208.0), (219.0, 222.0), (219.0, 239.0), (234.0, 245.0), (249.0, 255.0), (260.0, 269.0), (286.0, 288.0), (303.0, 300.0), (314.0, 310.0), (321.0, 313.0)]}
[DEBUG] mask nonzero = 224
[DEBUG] found 3 raw contours
[DEBUG] kept 3 candidates after filtering
[DEBUG] roi_desc = {'type': 'polygon', 'polygon': [(329.0, 318.0), (351.0, 301.0), (373.0, 280.0), (395.0, 264.0), (410.0, 237.0), (399.0, 194.0), (357.0, 161.0), (310.0, 167.0), (271.0, 175.0), (237.0, 188.0), (221.0, 208.0), (219.0, 222.0), (219.0, 239.0), (234.0, 245.0), (249.0, 255.0), (260.0, 269.0), (286.0, 288.0), (303.0, 300.0), (314.0, 310.0), (321.0, 313.0)]}
[DEBUG] mask nonzero = 222
[DEBUG] found 3 raw contours
[DEBUG] kept 3 candidates after filtering
[DEBUG] roi_desc = {'type': 'polygon', 'polygon': [(329.0, 318.0), (351.0, 301.0), (373.0, 280.0), (395.0, 264.0), (410.0, 237.0), (399.0, 194.0), (357.0, 161.0), (310.0, 167.0), (271.0, 175.0), (237.0, 188.0), (221.0, 208.0), (219.0, 222.0), (219.0, 239.0), (234.0, 245.0), (249.0, 255.0), (260.0, 269.0), (286.0, 288.0), (303.0, 300.0), (314.0, 310.0), (321.0, 313.0)]}
[DEBUG] mask nonzero = 221
[DEBUG] found 3 raw contours
[DEBUG] kept 3 candidates after filtering
[DEBUG] roi_desc = {'type': 'polygon', 'polygon': [(329.0, 318.0), (351.0, 301.0), (373.0, 280.0), (395.0, 264.0), (410.0, 237.0), (399.0, 194.0), (357.0, 161.0), (310.0, 167.0), (271.0, 175.0), (237.0, 188.0), (221.0, 208.0), (219.0, 222.0), (219.0, 239.0), (234.0, 245.0), (249.0, 255.0), (260.0, 269.0), (286.0, 288.0), (303.0, 300.0), (314.0, 310.0), (321.0, 313.0)]}
[DEBUG] mask nonzero = 220
[DEBUG] found 3 raw contours
[DEBUG] kept 3 candidates after filtering
[DEBUG] roi_desc = {'type': 'polygon', 'polygon': [(329.0, 318.0), (351.0, 301.0), (373.0, 280.0), (395.0, 264.0), (410.0, 237.0), (399.0, 194.0), (357.0, 161.0), (310.0, 167.0), (271.0, 175.0), (237.0, 188.0), (221.0, 208.0), (219.0, 222.0), (219.0, 239.0), (234.0, 245.0), (249.0, 255.0), (260.0, 269.0), (286.0, 288.0), (303.0, 300.0), (314.0, 310.0), (321.0, 313.0)]}
[DEBUG] mask nonzero = 222
[DEBUG] found 3 raw contours
[DEBUG] kept 3 candidates after filtering
[DEBUG] roi_desc = {'type': 'polygon', 'polygon': [(329.0, 318.0), (351.0, 301.0), (373.0, 280.0), (395.0, 264.0), (410.0, 237.0), (399.0, 194.0), (357.0, 161.0), (310.0, 167.0), (271.0, 175.0), (237.0, 188.0), (221.0, 208.0), (219.0, 222.0), (219.0, 239.0), (234.0, 245.0), (249.0, 255.0), (260.0, 269.0), (286.0, 288.0), (303.0, 300.0), (314.0, 310.0), (321.0, 313.0)]}
[DEBUG] mask nonzero = 225
[DEBUG] found 3 raw contours
[DEBUG] kept 3 candidates after filtering
[DEBUG] roi_desc = {'type': 'polygon', 'polygon': [(329.0, 318.0), (351.0, 301.0), (373.0, 280.0), (395.0, 264.0), (410.0, 237.0), (399.0, 194.0), (357.0, 161.0), (310.0, 167.0), (271.0, 175.0), (237.0, 188.0), (221.0, 208.0), (219.0, 222.0), (219.0, 239.0), (234.0, 245.0), (249.0, 255.0), (260.0, 269.0), (286.0, 288.0), (303.0, 300.0), (314.0, 310.0), (321.0, 313.0)]}
[DEBUG] mask nonzero = 222
[DEBUG] found 3 raw contours
[DEBUG] kept 3 candidates after filtering
[DEBUG] roi_desc = {'type': 'polygon', 'polygon': [(329.0, 318.0), (351.0, 301.0), (373.0, 280.0), (395.0, 264.0), (410.0, 237.0), (399.0, 194.0), (357.0, 161.0), (310.0, 167.0), (271.0, 175.0), (237.0, 188.0), (221.0, 208.0), (219.0, 222.0), (219.0, 239.0), (234.0, 245.0), (249.0, 255.0), (260.0, 269.0), (286.0, 288.0), (303.0, 300.0), (314.0, 310.0), (321.0, 313.0)]}
[DEBUG] mask nonzero = 224
[DEBUG] found 3 raw contours
[DEBUG] kept 3 candidates after filtering
[DEBUG] roi_desc = {'type': 'polygon', 'polygon': [(329.0, 318.0), (351.0, 301.0), (373.0, 280.0), (395.0, 264.0), (410.0, 237.0), (399.0, 194.0), (357.0, 161.0), (310.0, 167.0), (271.0, 175.0), (237.0, 188.0), (221.0, 208.0), (219.0, 222.0), (219.0, 239.0), (234.0, 245.0), (249.0, 255.0), (260.0, 269.0), (286.0, 288.0), (303.0, 300.0), (314.0, 310.0), (321.0, 313.0)]}
[DEBUG] mask nonzero = 227
[DEBUG] found 3 raw contours
[DEBUG] kept 3 candidates after filtering
[DEBUG] roi_desc = {'type': 'polygon', 'polygon': [(329.0, 318.0), (351.0, 301.0), (373.0, 280.0), (395.0, 264.0), (410.0, 237.0), (399.0, 194.0), (357.0, 161.0), (310.0, 167.0), (271.0, 175.0), (237.0, 188.0), (221.0, 208.0), (219.0, 222.0), (219.0, 239.0), (234.0, 245.0), (249.0, 255.0), (260.0, 269.0), (286.0, 288.0), (303.0, 300.0), (314.0, 310.0), (321.0, 313.0)]}
[DEBUG] mask nonzero = 220
[DEBUG] found 3 raw contours
[DEBUG] kept 3 candidates after filtering
[DEBUG] roi_desc = {'type': 'polygon', 'polygon': [(329.0, 318.0), (351.0, 301.0), (373.0, 280.0), (395.0, 264.0), (410.0, 237.0), (399.0, 194.0), (357.0, 161.0), (310.0, 167.0), (271.0, 175.0), (237.0, 188.0), (221.0, 208.0), (219.0, 222.0), (219.0, 239.0), (234.0, 245.0), (249.0, 255.0), (260.0, 269.0), (286.0, 288.0), (303.0, 300.0), (314.0, 310.0), (321.0, 313.0)]}
[DEBUG] mask nonzero = 224
[DEBUG] found 3 raw contours
[DEBUG] kept 3 candidates after filtering
[DEBUG] roi_desc = {'type': 'polygon', 'polygon': [(329.0, 318.0), (351.0, 301.0), (373.0, 280.0), (395.0, 264.0), (410.0, 237.0), (399.0, 194.0), (357.0, 161.0), (310.0, 167.0), (271.0, 175.0), (237.0, 188.0), (221.0, 208.0), (219.0, 222.0), (219.0, 239.0), (234.0, 245.0), (249.0, 255.0), (260.0, 269.0), (286.0, 288.0), (303.0, 300.0), (314.0, 310.0), (321.0, 313.0)]}
[DEBUG] mask nonzero = 222
[DEBUG] found 3 raw contours
[DEBUG] kept 3 candidates after filtering
[DEBUG] roi_desc = {'type': 'polygon', 'polygon': [(329.0, 318.0), (351.0, 301.0), (373.0, 280.0), (395.0, 264.0), (410.0, 237.0), (399.0, 194.0), (357.0, 161.0), (310.0, 167.0), (271.0, 175.0), (237.0, 188.0), (221.0, 208.0), (219.0, 222.0), (219.0, 239.0), (234.0, 245.0), (249.0, 255.0), (260.0, 269.0), (286.0, 288.0), (303.0, 300.0), (314.0, 310.0), (321.0, 313.0)]}
[DEBUG] mask nonzero = 220
[DEBUG] found 3 raw contours
[DEBUG] kept 3 candidates after filtering
[DEBUG] roi_desc = {'type': 'polygon', 'polygon': [(329.0, 318.0), (351.0, 301.0), (373.0, 280.0), (395.0, 264.0), (410.0, 237.0), (399.0, 194.0), (357.0, 161.0), (310.0, 167.0), (271.0, 175.0), (237.0, 188.0), (221.0, 208.0), (219.0, 222.0), (219.0, 239.0), (234.0, 245.0), (249.0, 255.0), (260.0, 269.0), (286.0, 288.0), (303.0, 300.0), (314.0, 310.0), (321.0, 313.0)]}
[DEBUG] mask nonzero = 219
[DEBUG] found 3 raw contours
[DEBUG] kept 3 candidates after filtering
[DEBUG] roi_desc = {'type': 'polygon', 'polygon': [(329.0, 318.0), (351.0, 301.0), (373.0, 280.0), (395.0, 264.0), (410.0, 237.0), (399.0, 194.0), (357.0, 161.0), (310.0, 167.0), (271.0, 175.0), (237.0, 188.0), (221.0, 208.0), (219.0, 222.0), (219.0, 239.0), (234.0, 245.0), (249.0, 255.0), (260.0, 269.0), (286.0, 288.0), (303.0, 300.0), (314.0, 310.0), (321.0, 313.0)]}
[DEBUG] mask nonzero = 226
[DEBUG] found 3 raw contours
[DEBUG] kept 3 candidates after filtering
[DEBUG] roi_desc = {'type': 'polygon', 'polygon': [(329.0, 318.0), (351.0, 301.0), (373.0, 280.0), (395.0, 264.0), (410.0, 237.0), (399.0, 194.0), (357.0, 161.0), (310.0, 167.0), (271.0, 175.0), (237.0, 188.0), (221.0, 208.0), (219.0, 222.0), (219.0, 239.0), (234.0, 245.0), (249.0, 255.0), (260.0, 269.0), (286.0, 288.0), (303.0, 300.0), (314.0, 310.0), (321.0, 313.0)]}
[DEBUG] mask nonzero = 220
[DEBUG] found 3 raw contours
[DEBUG] kept 3 candidates after filtering
[DEBUG] roi_desc = {'type': 'polygon', 'polygon': [(329.0, 318.0), (351.0, 301.0), (373.0, 280.0), (395.0, 264.0), (410.0, 237.0), (399.0, 194.0), (357.0, 161.0), (310.0, 167.0), (271.0, 175.0), (237.0, 188.0), (221.0, 208.0), (219.0, 222.0), (219.0, 239.0), (234.0, 245.0), (249.0, 255.0), (260.0, 269.0), (286.0, 288.0), (303.0, 300.0), (314.0, 310.0), (321.0, 313.0)]}
[DEBUG] mask nonzero = 224
[DEBUG] found 3 raw contours
[DEBUG] kept 3 candidates after filtering
[DEBUG] roi_desc = {'type': 'polygon', 'polygon': [(329.0, 318.0), (351.0, 301.0), (373.0, 280.0), (395.0, 264.0), (410.0, 237.0), (399.0, 194.0), (357.0, 161.0), (310.0, 167.0), (271.0, 175.0), (237.0, 188.0), (221.0, 208.0), (219.0, 222.0), (219.0, 239.0), (234.0, 245.0), (249.0, 255.0), (260.0, 269.0), (286.0, 288.0), (303.0, 300.0), (314.0, 310.0), (321.0, 313.0)]}
[DEBUG] mask nonzero = 222
[DEBUG] found 3 raw contours
[DEBUG] kept 3 candidates after filtering
[DEBUG] roi_desc = {'type': 'polygon', 'polygon': [(329.0, 318.0), (351.0, 301.0), (373.0, 280.0), (395.0, 264.0), (410.0, 237.0), (399.0, 194.0), (357.0, 161.0), (310.0, 167.0), (271.0, 175.0), (237.0, 188.0), (221.0, 208.0), (219.0, 222.0), (219.0, 239.0), (234.0, 245.0), (249.0, 255.0), (260.0, 269.0), (286.0, 288.0), (303.0, 300.0), (314.0, 310.0), (321.0, 313.0)]}
[DEBUG] mask nonzero = 225
[DEBUG] found 3 raw contours
[DEBUG] kept 3 candidates after filtering
[DEBUG] roi_desc = {'type': 'polygon', 'polygon': [(329.0, 318.0), (351.0, 301.0), (373.0, 280.0), (395.0, 264.0), (410.0, 237.0), (399.0, 194.0), (357.0, 161.0), (310.0, 167.0), (271.0, 175.0), (237.0, 188.0), (221.0, 208.0), (219.0, 222.0), (219.0, 239.0), (234.0, 245.0), (249.0, 255.0), (260.0, 269.0), (286.0, 288.0), (303.0, 300.0), (314.0, 310.0), (321.0, 313.0)]}
[DEBUG] mask nonzero = 222
[DEBUG] found 3 raw contours
[DEBUG] kept 3 candidates after filtering
[DEBUG] roi_desc = {'type': 'polygon', 'polygon': [(329.0, 318.0), (351.0, 301.0), (373.0, 280.0), (395.0, 264.0), (410.0, 237.0), (399.0, 194.0), (357.0, 161.0), (310.0, 167.0), (271.0, 175.0), (237.0, 188.0), (221.0, 208.0), (219.0, 222.0), (219.0, 239.0), (234.0, 245.0), (249.0, 255.0), (260.0, 269.0), (286.0, 288.0), (303.0, 300.0), (314.0, 310.0), (321.0, 313.0)]}
[DEBUG] mask nonzero = 220
[DEBUG] found 3 raw contours
[DEBUG] kept 3 candidates after filtering
[DEBUG] roi_desc = {'type': 'polygon', 'polygon': [(329.0, 318.0), (351.0, 301.0), (373.0, 280.0), (395.0, 264.0), (410.0, 237.0), (399.0, 194.0), (357.0, 161.0), (310.0, 167.0), (271.0, 175.0), (237.0, 188.0), (221.0, 208.0), (219.0, 222.0), (219.0, 239.0), (234.0, 245.0), (249.0, 255.0), (260.0, 269.0), (286.0, 288.0), (303.0, 300.0), (314.0, 310.0), (321.0, 313.0)]}
[DEBUG] mask nonzero = 223
[DEBUG] found 3 raw contours
[DEBUG] kept 3 candidates after filtering
[DEBUG] roi_desc = {'type': 'polygon', 'polygon': [(329.0, 318.0), (351.0, 301.0), (373.0, 280.0), (395.0, 264.0), (410.0, 237.0), (399.0, 194.0), (357.0, 161.0), (310.0, 167.0), (271.0, 175.0), (237.0, 188.0), (221.0, 208.0), (219.0, 222.0), (219.0, 239.0), (234.0, 245.0), (249.0, 255.0), (260.0, 269.0), (286.0, 288.0), (303.0, 300.0), (314.0, 310.0), (321.0, 313.0)]}
[DEBUG] mask nonzero = 219
[DEBUG] found 3 raw contours
[DEBUG] kept 3 candidates after filtering
[DEBUG] roi_desc = {'type': 'polygon', 'polygon': [(329.0, 318.0), (351.0, 301.0), (373.0, 280.0), (395.0, 264.0), (410.0, 237.0), (399.0, 194.0), (357.0, 161.0), (310.0, 167.0), (271.0, 175.0), (237.0, 188.0), (221.0, 208.0), (219.0, 222.0), (219.0, 239.0), (234.0, 245.0), (249.0, 255.0), (260.0, 269.0), (286.0, 288.0), (303.0, 300.0), (314.0, 310.0), (321.0, 313.0)]}
[DEBUG] mask nonzero = 222
[DEBUG] found 3 raw contours
[DEBUG] kept 3 candidates after filtering
[DEBUG] roi_desc = {'type': 'polygon', 'polygon': [(329.0, 318.0), (351.0, 301.0), (373.0, 280.0), (395.0, 264.0), (410.0, 237.0), (399.0, 194.0), (357.0, 161.0), (310.0, 167.0), (271.0, 175.0), (237.0, 188.0), (221.0, 208.0), (219.0, 222.0), (219.0, 239.0), (234.0, 245.0), (249.0, 255.0), (260.0, 269.0), (286.0, 288.0), (303.0, 300.0), (314.0, 310.0), (321.0, 313.0)]}
[DEBUG] mask nonzero = 224
[DEBUG] found 3 raw contours
[DEBUG] kept 3 candidates after filtering
[DEBUG] roi_desc = {'type': 'polygon', 'polygon': [(329.0, 318.0), (351.0, 301.0), (373.0, 280.0), (395.0, 264.0), (410.0, 237.0), (399.0, 194.0), (357.0, 161.0), (310.0, 167.0), (271.0, 175.0), (237.0, 188.0), (221.0, 208.0), (219.0, 222.0), (219.0, 239.0), (234.0, 245.0), (249.0, 255.0), (260.0, 269.0), (286.0, 288.0), (303.0, 300.0), (314.0, 310.0), (321.0, 313.0)]}
[DEBUG] mask nonzero = 226
[DEBUG] found 3 raw contours
[DEBUG] kept 3 candidates after filtering
[DEBUG] roi_desc = {'type': 'polygon', 'polygon': [(329.0, 318.0), (351.0, 301.0), (373.0, 280.0), (395.0, 264.0), (410.0, 237.0), (399.0, 194.0), (357.0, 161.0), (310.0, 167.0), (271.0, 175.0), (237.0, 188.0), (221.0, 208.0), (219.0, 222.0), (219.0, 239.0), (234.0, 245.0), (249.0, 255.0), (260.0, 269.0), (286.0, 288.0), (303.0, 300.0), (314.0, 310.0), (321.0, 313.0)]}
[DEBUG] mask nonzero = 220
[DEBUG] found 3 raw contours
[DEBUG] kept 3 candidates after filtering
[DEBUG] roi_desc = {'type': 'polygon', 'polygon': [(329.0, 318.0), (351.0, 301.0), (373.0, 280.0), (395.0, 264.0), (410.0, 237.0), (399.0, 194.0), (357.0, 161.0), (310.0, 167.0), (271.0, 175.0), (237.0, 188.0), (221.0, 208.0), (219.0, 222.0), (219.0, 239.0), (234.0, 245.0), (249.0, 255.0), (260.0, 269.0), (286.0, 288.0), (303.0, 300.0), (314.0, 310.0), (321.0, 313.0)]}
[DEBUG] mask nonzero = 223
[DEBUG] found 3 raw contours
[DEBUG] kept 3 candidates after filtering
[DEBUG] roi_desc = {'type': 'polygon', 'polygon': [(329.0, 318.0), (351.0, 301.0), (373.0, 280.0), (395.0, 264.0), (410.0, 237.0), (399.0, 194.0), (357.0, 161.0), (310.0, 167.0), (271.0, 175.0), (237.0, 188.0), (221.0, 208.0), (219.0, 222.0), (219.0, 239.0), (234.0, 245.0), (249.0, 255.0), (260.0, 269.0), (286.0, 288.0), (303.0, 300.0), (314.0, 310.0), (321.0, 313.0)]}
[DEBUG] mask nonzero = 221
[DEBUG] found 3 raw contours
[DEBUG] kept 3 candidates after filtering
[DEBUG] roi_desc = {'type': 'polygon', 'polygon': [(329.0, 318.0), (351.0, 301.0), (373.0, 280.0), (395.0, 264.0), (410.0, 237.0), (399.0, 194.0), (357.0, 161.0), (310.0, 167.0), (271.0, 175.0), (237.0, 188.0), (221.0, 208.0), (219.0, 222.0), (219.0, 239.0), (234.0, 245.0), (249.0, 255.0), (260.0, 269.0), (286.0, 288.0), (303.0, 300.0), (314.0, 310.0), (321.0, 313.0)]}
[DEBUG] mask nonzero = 219
[DEBUG] found 3 raw contours
[DEBUG] kept 3 candidates after filtering
[DEBUG] roi_desc = {'type': 'polygon', 'polygon': [(329.0, 318.0), (351.0, 301.0), (373.0, 280.0), (395.0, 264.0), (410.0, 237.0), (399.0, 194.0), (357.0, 161.0), (310.0, 167.0), (271.0, 175.0), (237.0, 188.0), (221.0, 208.0), (219.0, 222.0), (219.0, 239.0), (234.0, 245.0), (249.0, 255.0), (260.0, 269.0), (286.0, 288.0), (303.0, 300.0), (314.0, 310.0), (321.0, 313.0)]}
[DEBUG] mask nonzero = 216
[DEBUG] found 3 raw contours
[DEBUG] kept 3 candidates after filtering
[DEBUG] roi_desc = {'type': 'polygon', 'polygon': [(329.0, 318.0), (351.0, 301.0), (373.0, 280.0), (395.0, 264.0), (410.0, 237.0), (399.0, 194.0), (357.0, 161.0), (310.0, 167.0), (271.0, 175.0), (237.0, 188.0), (221.0, 208.0), (219.0, 222.0), (219.0, 239.0), (234.0, 245.0), (249.0, 255.0), (260.0, 269.0), (286.0, 288.0), (303.0, 300.0), (314.0, 310.0), (321.0, 313.0)]}
[DEBUG] mask nonzero = 224
[DEBUG] found 3 raw contours
[DEBUG] kept 3 candidates after filtering
[DEBUG] roi_desc = {'type': 'polygon', 'polygon': [(329.0, 318.0), (351.0, 301.0), (373.0, 280.0), (395.0, 264.0), (410.0, 237.0), (399.0, 194.0), (357.0, 161.0), (310.0, 167.0), (271.0, 175.0), (237.0, 188.0), (221.0, 208.0), (219.0, 222.0), (219.0, 239.0), (234.0, 245.0), (249.0, 255.0), (260.0, 269.0), (286.0, 288.0), (303.0, 300.0), (314.0, 310.0), (321.0, 313.0)]}
[DEBUG] mask nonzero = 222
[DEBUG] found 3 raw contours
[DEBUG] kept 3 candidates after filtering
[DEBUG] roi_desc = {'type': 'polygon', 'polygon': [(329.0, 318.0), (351.0, 301.0), (373.0, 280.0), (395.0, 264.0), (410.0, 237.0), (399.0, 194.0), (357.0, 161.0), (310.0, 167.0), (271.0, 175.0), (237.0, 188.0), (221.0, 208.0), (219.0, 222.0), (219.0, 239.0), (234.0, 245.0), (249.0, 255.0), (260.0, 269.0), (286.0, 288.0), (303.0, 300.0), (314.0, 310.0), (321.0, 313.0)]}
[DEBUG] mask nonzero = 219
[DEBUG] found 3 raw contours
[DEBUG] kept 3 candidates after filtering
[DEBUG] roi_desc = {'type': 'polygon', 'polygon': [(329.0, 318.0), (351.0, 301.0), (373.0, 280.0), (395.0, 264.0), (410.0, 237.0), (399.0, 194.0), (357.0, 161.0), (310.0, 167.0), (271.0, 175.0), (237.0, 188.0), (221.0, 208.0), (219.0, 222.0), (219.0, 239.0), (234.0, 245.0), (249.0, 255.0), (260.0, 269.0), (286.0, 288.0), (303.0, 300.0), (314.0, 310.0), (321.0, 313.0)]}
[DEBUG] mask nonzero = 221
[DEBUG] found 3 raw contours
[DEBUG] kept 3 candidates after filtering
[DEBUG] roi_desc = {'type': 'polygon', 'polygon': [(329.0, 318.0), (351.0, 301.0), (373.0, 280.0), (395.0, 264.0), (410.0, 237.0), (399.0, 194.0), (357.0, 161.0), (310.0, 167.0), (271.0, 175.0), (237.0, 188.0), (221.0, 208.0), (219.0, 222.0), (219.0, 239.0), (234.0, 245.0), (249.0, 255.0), (260.0, 269.0), (286.0, 288.0), (303.0, 300.0), (314.0, 310.0), (321.0, 313.0)]}
[DEBUG] mask nonzero = 225
[DEBUG] found 3 raw contours
[DEBUG] kept 3 candidates after filtering
[DEBUG] roi_desc = {'type': 'polygon', 'polygon': [(329.0, 318.0), (351.0, 301.0), (373.0, 280.0), (395.0, 264.0), (410.0, 237.0), (399.0, 194.0), (357.0, 161.0), (310.0, 167.0), (271.0, 175.0), (237.0, 188.0), (221.0, 208.0), (219.0, 222.0), (219.0, 239.0), (234.0, 245.0), (249.0, 255.0), (260.0, 269.0), (286.0, 288.0), (303.0, 300.0), (314.0, 310.0), (321.0, 313.0)]}
[DEBUG] mask nonzero = 222
[DEBUG] found 3 raw contours
[DEBUG] kept 3 candidates after filtering
[DEBUG] roi_desc = {'type': 'polygon', 'polygon': [(329.0, 318.0), (351.0, 301.0), (373.0, 280.0), (395.0, 264.0), (410.0, 237.0), (399.0, 194.0), (357.0, 161.0), (310.0, 167.0), (271.0, 175.0), (237.0, 188.0), (221.0, 208.0), (219.0, 222.0), (219.0, 239.0), (234.0, 245.0), (249.0, 255.0), (260.0, 269.0), (286.0, 288.0), (303.0, 300.0), (314.0, 310.0), (321.0, 313.0)]}
[DEBUG] mask nonzero = 226
[DEBUG] found 3 raw contours
[DEBUG] kept 3 candidates after filtering
[DEBUG] roi_desc = {'type': 'polygon', 'polygon': [(329.0, 318.0), (351.0, 301.0), (373.0, 280.0), (395.0, 264.0), (410.0, 237.0), (399.0, 194.0), (357.0, 161.0), (310.0, 167.0), (271.0, 175.0), (237.0, 188.0), (221.0, 208.0), (219.0, 222.0), (219.0, 239.0), (234.0, 245.0), (249.0, 255.0), (260.0, 269.0), (286.0, 288.0), (303.0, 300.0), (314.0, 310.0), (321.0, 313.0)]}
[DEBUG] mask nonzero = 225
[DEBUG] found 3 raw contours
[DEBUG] kept 3 candidates after filtering
[DEBUG] roi_desc = {'type': 'polygon', 'polygon': [(329.0, 318.0), (351.0, 301.0), (373.0, 280.0), (395.0, 264.0), (410.0, 237.0), (399.0, 194.0), (357.0, 161.0), (310.0, 167.0), (271.0, 175.0), (237.0, 188.0), (221.0, 208.0), (219.0, 222.0), (219.0, 239.0), (234.0, 245.0), (249.0, 255.0), (260.0, 269.0), (286.0, 288.0), (303.0, 300.0), (314.0, 310.0), (321.0, 313.0)]}
[DEBUG] mask nonzero = 216
[DEBUG] found 3 raw contours
[DEBUG] kept 3 candidates after filtering
[DEBUG] roi_desc = {'type': 'polygon', 'polygon': [(329.0, 318.0), (351.0, 301.0), (373.0, 280.0), (395.0, 264.0), (410.0, 237.0), (399.0, 194.0), (357.0, 161.0), (310.0, 167.0), (271.0, 175.0), (237.0, 188.0), (221.0, 208.0), (219.0, 222.0), (219.0, 239.0), (234.0, 245.0), (249.0, 255.0), (260.0, 269.0), (286.0, 288.0), (303.0, 300.0), (314.0, 310.0), (321.0, 313.0)]}
[DEBUG] mask nonzero = 214
[DEBUG] found 3 raw contours
[DEBUG] kept 3 candidates after filtering
[DEBUG] roi_desc = {'type': 'polygon', 'polygon': [(329.0, 318.0), (351.0, 301.0), (373.0, 280.0), (395.0, 264.0), (410.0, 237.0), (399.0, 194.0), (357.0, 161.0), (310.0, 167.0), (271.0, 175.0), (237.0, 188.0), (221.0, 208.0), (219.0, 222.0), (219.0, 239.0), (234.0, 245.0), (249.0, 255.0), (260.0, 269.0), (286.0, 288.0), (303.0, 300.0), (314.0, 310.0), (321.0, 313.0)]}
[DEBUG] mask nonzero = 225
[DEBUG] found 3 raw contours
[DEBUG] kept 3 candidates after filtering
[DEBUG] roi_desc = {'type': 'polygon', 'polygon': [(329.0, 318.0), (351.0, 301.0), (373.0, 280.0), (395.0, 264.0), (410.0, 237.0), (399.0, 194.0), (357.0, 161.0), (310.0, 167.0), (271.0, 175.0), (237.0, 188.0), (221.0, 208.0), (219.0, 222.0), (219.0, 239.0), (234.0, 245.0), (249.0, 255.0), (260.0, 269.0), (286.0, 288.0), (303.0, 300.0), (314.0, 310.0), (321.0, 313.0)]}
[DEBUG] mask nonzero = 224
[DEBUG] found 3 raw contours
[DEBUG] kept 3 candidates after filtering
[DEBUG] roi_desc = {'type': 'polygon', 'polygon': [(329.0, 318.0), (351.0, 301.0), (373.0, 280.0), (395.0, 264.0), (410.0, 237.0), (399.0, 194.0), (357.0, 161.0), (310.0, 167.0), (271.0, 175.0), (237.0, 188.0), (221.0, 208.0), (219.0, 222.0), (219.0, 239.0), (234.0, 245.0), (249.0, 255.0), (260.0, 269.0), (286.0, 288.0), (303.0, 300.0), (314.0, 310.0), (321.0, 313.0)]}
[DEBUG] mask nonzero = 226
[DEBUG] found 3 raw contours
[DEBUG] kept 3 candidates after filtering
[DEBUG] roi_desc = {'type': 'polygon', 'polygon': [(329.0, 318.0), (351.0, 301.0), (373.0, 280.0), (395.0, 264.0), (410.0, 237.0), (399.0, 194.0), (357.0, 161.0), (310.0, 167.0), (271.0, 175.0), (237.0, 188.0), (221.0, 208.0), (219.0, 222.0), (219.0, 239.0), (234.0, 245.0), (249.0, 255.0), (260.0, 269.0), (286.0, 288.0), (303.0, 300.0), (314.0, 310.0), (321.0, 313.0)]}
[DEBUG] mask nonzero = 217
[DEBUG] found 3 raw contours
[DEBUG] kept 3 candidates after filtering
[DEBUG] roi_desc = {'type': 'polygon', 'polygon': [(329.0, 318.0), (351.0, 301.0), (373.0, 280.0), (395.0, 264.0), (410.0, 237.0), (399.0, 194.0), (357.0, 161.0), (310.0, 167.0), (271.0, 175.0), (237.0, 188.0), (221.0, 208.0), (219.0, 222.0), (219.0, 239.0), (234.0, 245.0), (249.0, 255.0), (260.0, 269.0), (286.0, 288.0), (303.0, 300.0), (314.0, 310.0), (321.0, 313.0)]}
[DEBUG] mask nonzero = 227
[DEBUG] found 3 raw contours
[DEBUG] kept 3 candidates after filtering
[DEBUG] roi_desc = {'type': 'polygon', 'polygon': [(329.0, 318.0), (351.0, 301.0), (373.0, 280.0), (395.0, 264.0), (410.0, 237.0), (399.0, 194.0), (357.0, 161.0), (310.0, 167.0), (271.0, 175.0), (237.0, 188.0), (221.0, 208.0), (219.0, 222.0), (219.0, 239.0), (234.0, 245.0), (249.0, 255.0), (260.0, 269.0), (286.0, 288.0), (303.0, 300.0), (314.0, 310.0), (321.0, 313.0)]}
[DEBUG] mask nonzero = 220
[DEBUG] found 3 raw contours
[DEBUG] kept 3 candidates after filtering
[DEBUG] roi_desc = {'type': 'polygon', 'polygon': [(329.0, 318.0), (351.0, 301.0), (373.0, 280.0), (395.0, 264.0), (410.0, 237.0), (399.0, 194.0), (357.0, 161.0), (310.0, 167.0), (271.0, 175.0), (237.0, 188.0), (221.0, 208.0), (219.0, 222.0), (219.0, 239.0), (234.0, 245.0), (249.0, 255.0), (260.0, 269.0), (286.0, 288.0), (303.0, 300.0), (314.0, 310.0), (321.0, 313.0)]}
[DEBUG] mask nonzero = 218
[DEBUG] found 3 raw contours
[DEBUG] kept 3 candidates after filtering
[DEBUG] roi_desc = {'type': 'polygon', 'polygon': [(329.0, 318.0), (351.0, 301.0), (373.0, 280.0), (395.0, 264.0), (410.0, 237.0), (399.0, 194.0), (357.0, 161.0), (310.0, 167.0), (271.0, 175.0), (237.0, 188.0), (221.0, 208.0), (219.0, 222.0), (219.0, 239.0), (234.0, 245.0), (249.0, 255.0), (260.0, 269.0), (286.0, 288.0), (303.0, 300.0), (314.0, 310.0), (321.0, 313.0)]}
[DEBUG] mask nonzero = 222
[DEBUG] found 3 raw contours
[DEBUG] kept 3 candidates after filtering
[DEBUG] roi_desc = {'type': 'polygon', 'polygon': [(329.0, 318.0), (351.0, 301.0), (373.0, 280.0), (395.0, 264.0), (410.0, 237.0), (399.0, 194.0), (357.0, 161.0), (310.0, 167.0), (271.0, 175.0), (237.0, 188.0), (221.0, 208.0), (219.0, 222.0), (219.0, 239.0), (234.0, 245.0), (249.0, 255.0), (260.0, 269.0), (286.0, 288.0), (303.0, 300.0), (314.0, 310.0), (321.0, 313.0)]}
[DEBUG] mask nonzero = 222
[DEBUG] found 3 raw contours
[DEBUG] kept 3 candidates after filtering
[DEBUG] roi_desc = {'type': 'polygon', 'polygon': [(329.0, 318.0), (351.0, 301.0), (373.0, 280.0), (395.0, 264.0), (410.0, 237.0), (399.0, 194.0), (357.0, 161.0), (310.0, 167.0), (271.0, 175.0), (237.0, 188.0), (221.0, 208.0), (219.0, 222.0), (219.0, 239.0), (234.0, 245.0), (249.0, 255.0), (260.0, 269.0), (286.0, 288.0), (303.0, 300.0), (314.0, 310.0), (321.0, 313.0)]}
[DEBUG] mask nonzero = 223
[DEBUG] found 3 raw contours
[DEBUG] kept 3 candidates after filtering
[DEBUG] roi_desc = {'type': 'polygon', 'polygon': [(329.0, 318.0), (351.0, 301.0), (373.0, 280.0), (395.0, 264.0), (410.0, 237.0), (399.0, 194.0), (357.0, 161.0), (310.0, 167.0), (271.0, 175.0), (237.0, 188.0), (221.0, 208.0), (219.0, 222.0), (219.0, 239.0), (234.0, 245.0), (249.0, 255.0), (260.0, 269.0), (286.0, 288.0), (303.0, 300.0), (314.0, 310.0), (321.0, 313.0)]}
[DEBUG] mask nonzero = 226
[DEBUG] found 3 raw contours
[DEBUG] kept 3 candidates after filtering
[DEBUG] roi_desc = {'type': 'polygon', 'polygon': [(329.0, 318.0), (351.0, 301.0), (373.0, 280.0), (395.0, 264.0), (410.0, 237.0), (399.0, 194.0), (357.0, 161.0), (310.0, 167.0), (271.0, 175.0), (237.0, 188.0), (221.0, 208.0), (219.0, 222.0), (219.0, 239.0), (234.0, 245.0), (249.0, 255.0), (260.0, 269.0), (286.0, 288.0), (303.0, 300.0), (314.0, 310.0), (321.0, 313.0)]}
[DEBUG] mask nonzero = 220
[DEBUG] found 3 raw contours
[DEBUG] kept 3 candidates after filtering
[DEBUG] roi_desc = {'type': 'polygon', 'polygon': [(329.0, 318.0), (351.0, 301.0), (373.0, 280.0), (395.0, 264.0), (410.0, 237.0), (399.0, 194.0), (357.0, 161.0), (310.0, 167.0), (271.0, 175.0), (237.0, 188.0), (221.0, 208.0), (219.0, 222.0), (219.0, 239.0), (234.0, 245.0), (249.0, 255.0), (260.0, 269.0), (286.0, 288.0), (303.0, 300.0), (314.0, 310.0), (321.0, 313.0)]}
[DEBUG] mask nonzero = 218
[DEBUG] found 3 raw contours
[DEBUG] kept 3 candidates after filtering
[DEBUG] roi_desc = {'type': 'polygon', 'polygon': [(329.0, 318.0), (351.0, 301.0), (373.0, 280.0), (395.0, 264.0), (410.0, 237.0), (399.0, 194.0), (357.0, 161.0), (310.0, 167.0), (271.0, 175.0), (237.0, 188.0), (221.0, 208.0), (219.0, 222.0), (219.0, 239.0), (234.0, 245.0), (249.0, 255.0), (260.0, 269.0), (286.0, 288.0), (303.0, 300.0), (314.0, 310.0), (321.0, 313.0)]}
[DEBUG] mask nonzero = 224
[DEBUG] found 3 raw contours
[DEBUG] kept 3 candidates after filtering
[DEBUG] roi_desc = {'type': 'polygon', 'polygon': [(329.0, 318.0), (351.0, 301.0), (373.0, 280.0), (395.0, 264.0), (410.0, 237.0), (399.0, 194.0), (357.0, 161.0), (310.0, 167.0), (271.0, 175.0), (237.0, 188.0), (221.0, 208.0), (219.0, 222.0), (219.0, 239.0), (234.0, 245.0), (249.0, 255.0), (260.0, 269.0), (286.0, 288.0), (303.0, 300.0), (314.0, 310.0), (321.0, 313.0)]}
[DEBUG] mask nonzero = 219
[DEBUG] found 3 raw contours
[DEBUG] kept 3 candidates after filtering
[DEBUG] roi_desc = {'type': 'polygon', 'polygon': [(329.0, 318.0), (351.0, 301.0), (373.0, 280.0), (395.0, 264.0), (410.0, 237.0), (399.0, 194.0), (357.0, 161.0), (310.0, 167.0), (271.0, 175.0), (237.0, 188.0), (221.0, 208.0), (219.0, 222.0), (219.0, 239.0), (234.0, 245.0), (249.0, 255.0), (260.0, 269.0), (286.0, 288.0), (303.0, 300.0), (314.0, 310.0), (321.0, 313.0)]}
[DEBUG] mask nonzero = 226
[DEBUG] found 3 raw contours
[DEBUG] kept 3 candidates after filtering
[DEBUG] roi_desc = {'type': 'polygon', 'polygon': [(329.0, 318.0), (351.0, 301.0), (373.0, 280.0), (395.0, 264.0), (410.0, 237.0), (399.0, 194.0), (357.0, 161.0), (310.0, 167.0), (271.0, 175.0), (237.0, 188.0), (221.0, 208.0), (219.0, 222.0), (219.0, 239.0), (234.0, 245.0), (249.0, 255.0), (260.0, 269.0), (286.0, 288.0), (303.0, 300.0), (314.0, 310.0), (321.0, 313.0)]}
[DEBUG] mask nonzero = 226
[DEBUG] found 3 raw contours
[DEBUG] kept 3 candidates after filtering
[DEBUG] roi_desc = {'type': 'polygon', 'polygon': [(329.0, 318.0), (351.0, 301.0), (373.0, 280.0), (395.0, 264.0), (410.0, 237.0), (399.0, 194.0), (357.0, 161.0), (310.0, 167.0), (271.0, 175.0), (237.0, 188.0), (221.0, 208.0), (219.0, 222.0), (219.0, 239.0), (234.0, 245.0), (249.0, 255.0), (260.0, 269.0), (286.0, 288.0), (303.0, 300.0), (314.0, 310.0), (321.0, 313.0)]}
[DEBUG] mask nonzero = 219
[DEBUG] found 3 raw contours
[DEBUG] kept 3 candidates after filtering
[DEBUG] roi_desc = {'type': 'polygon', 'polygon': [(329.0, 318.0), (351.0, 301.0), (373.0, 280.0), (395.0, 264.0), (410.0, 237.0), (399.0, 194.0), (357.0, 161.0), (310.0, 167.0), (271.0, 175.0), (237.0, 188.0), (221.0, 208.0), (219.0, 222.0), (219.0, 239.0), (234.0, 245.0), (249.0, 255.0), (260.0, 269.0), (286.0, 288.0), (303.0, 300.0), (314.0, 310.0), (321.0, 313.0)]}
[DEBUG] mask nonzero = 225
[DEBUG] found 3 raw contours
[DEBUG] kept 3 candidates after filtering
[DEBUG] roi_desc = {'type': 'polygon', 'polygon': [(329.0, 318.0), (351.0, 301.0), (373.0, 280.0), (395.0, 264.0), (410.0, 237.0), (399.0, 194.0), (357.0, 161.0), (310.0, 167.0), (271.0, 175.0), (237.0, 188.0), (221.0, 208.0), (219.0, 222.0), (219.0, 239.0), (234.0, 245.0), (249.0, 255.0), (260.0, 269.0), (286.0, 288.0), (303.0, 300.0), (314.0, 310.0), (321.0, 313.0)]}
[DEBUG] mask nonzero = 225
[DEBUG] found 3 raw contours
[DEBUG] kept 3 candidates after filtering
[DEBUG] roi_desc = {'type': 'polygon', 'polygon': [(329.0, 318.0), (351.0, 301.0), (373.0, 280.0), (395.0, 264.0), (410.0, 237.0), (399.0, 194.0), (357.0, 161.0), (310.0, 167.0), (271.0, 175.0), (237.0, 188.0), (221.0, 208.0), (219.0, 222.0), (219.0, 239.0), (234.0, 245.0), (249.0, 255.0), (260.0, 269.0), (286.0, 288.0), (303.0, 300.0), (314.0, 310.0), (321.0, 313.0)]}
[DEBUG] mask nonzero = 222
[DEBUG] found 3 raw contours
[DEBUG] kept 3 candidates after filtering
[DEBUG] roi_desc = {'type': 'polygon', 'polygon': [(329.0, 318.0), (351.0, 301.0), (373.0, 280.0), (395.0, 264.0), (410.0, 237.0), (399.0, 194.0), (357.0, 161.0), (310.0, 167.0), (271.0, 175.0), (237.0, 188.0), (221.0, 208.0), (219.0, 222.0), (219.0, 239.0), (234.0, 245.0), (249.0, 255.0), (260.0, 269.0), (286.0, 288.0), (303.0, 300.0), (314.0, 310.0), (321.0, 313.0)]}
[DEBUG] mask nonzero = 220
[DEBUG] found 3 raw contours
[DEBUG] kept 3 candidates after filtering
[DEBUG] roi_desc = {'type': 'polygon', 'polygon': [(329.0, 318.0), (351.0, 301.0), (373.0, 280.0), (395.0, 264.0), (410.0, 237.0), (399.0, 194.0), (357.0, 161.0), (310.0, 167.0), (271.0, 175.0), (237.0, 188.0), (221.0, 208.0), (219.0, 222.0), (219.0, 239.0), (234.0, 245.0), (249.0, 255.0), (260.0, 269.0), (286.0, 288.0), (303.0, 300.0), (314.0, 310.0), (321.0, 313.0)]}
[DEBUG] mask nonzero = 225
[DEBUG] found 3 raw contours
[DEBUG] kept 3 candidates after filtering
[DEBUG] roi_desc = {'type': 'polygon', 'polygon': [(329.0, 318.0), (351.0, 301.0), (373.0, 280.0), (395.0, 264.0), (410.0, 237.0), (399.0, 194.0), (357.0, 161.0), (310.0, 167.0), (271.0, 175.0), (237.0, 188.0), (221.0, 208.0), (219.0, 222.0), (219.0, 239.0), (234.0, 245.0), (249.0, 255.0), (260.0, 269.0), (286.0, 288.0), (303.0, 300.0), (314.0, 310.0), (321.0, 313.0)]}
[DEBUG] mask nonzero = 221
[DEBUG] found 3 raw contours
[DEBUG] kept 3 candidates after filtering
[DEBUG] roi_desc = {'type': 'polygon', 'polygon': [(329.0, 318.0), (351.0, 301.0), (373.0, 280.0), (395.0, 264.0), (410.0, 237.0), (399.0, 194.0), (357.0, 161.0), (310.0, 167.0), (271.0, 175.0), (237.0, 188.0), (221.0, 208.0), (219.0, 222.0), (219.0, 239.0), (234.0, 245.0), (249.0, 255.0), (260.0, 269.0), (286.0, 288.0), (303.0, 300.0), (314.0, 310.0), (321.0, 313.0)]}
[DEBUG] mask nonzero = 221
[DEBUG] found 3 raw contours
[DEBUG] kept 3 candidates after filtering
[DEBUG] roi_desc = {'type': 'polygon', 'polygon': [(329.0, 318.0), (351.0, 301.0), (373.0, 280.0), (395.0, 264.0), (410.0, 237.0), (399.0, 194.0), (357.0, 161.0), (310.0, 167.0), (271.0, 175.0), (237.0, 188.0), (221.0, 208.0), (219.0, 222.0), (219.0, 239.0), (234.0, 245.0), (249.0, 255.0), (260.0, 269.0), (286.0, 288.0), (303.0, 300.0), (314.0, 310.0), (321.0, 313.0)]}
[DEBUG] mask nonzero = 223
[DEBUG] found 3 raw contours
[DEBUG] kept 3 candidates after filtering
[DEBUG] roi_desc = {'type': 'polygon', 'polygon': [(329.0, 318.0), (351.0, 301.0), (373.0, 280.0), (395.0, 264.0), (410.0, 237.0), (399.0, 194.0), (357.0, 161.0), (310.0, 167.0), (271.0, 175.0), (237.0, 188.0), (221.0, 208.0), (219.0, 222.0), (219.0, 239.0), (234.0, 245.0), (249.0, 255.0), (260.0, 269.0), (286.0, 288.0), (303.0, 300.0), (314.0, 310.0), (321.0, 313.0)]}
[DEBUG] mask nonzero = 221
[DEBUG] found 3 raw contours
[DEBUG] kept 3 candidates after filtering
[DEBUG] roi_desc = {'type': 'polygon', 'polygon': [(329.0, 318.0), (351.0, 301.0), (373.0, 280.0), (395.0, 264.0), (410.0, 237.0), (399.0, 194.0), (357.0, 161.0), (310.0, 167.0), (271.0, 175.0), (237.0, 188.0), (221.0, 208.0), (219.0, 222.0), (219.0, 239.0), (234.0, 245.0), (249.0, 255.0), (260.0, 269.0), (286.0, 288.0), (303.0, 300.0), (314.0, 310.0), (321.0, 313.0)]}
[DEBUG] mask nonzero = 226
[DEBUG] found 3 raw contours
[DEBUG] kept 3 candidates after filtering
[DEBUG] roi_desc = {'type': 'polygon', 'polygon': [(329.0, 318.0), (351.0, 301.0), (373.0, 280.0), (395.0, 264.0), (410.0, 237.0), (399.0, 194.0), (357.0, 161.0), (310.0, 167.0), (271.0, 175.0), (237.0, 188.0), (221.0, 208.0), (219.0, 222.0), (219.0, 239.0), (234.0, 245.0), (249.0, 255.0), (260.0, 269.0), (286.0, 288.0), (303.0, 300.0), (314.0, 310.0), (321.0, 313.0)]}
[DEBUG] mask nonzero = 223
[DEBUG] found 3 raw contours
[DEBUG] kept 3 candidates after filtering
[DEBUG] roi_desc = {'type': 'polygon', 'polygon': [(329.0, 318.0), (351.0, 301.0), (373.0, 280.0), (395.0, 264.0), (410.0, 237.0), (399.0, 194.0), (357.0, 161.0), (310.0, 167.0), (271.0, 175.0), (237.0, 188.0), (221.0, 208.0), (219.0, 222.0), (219.0, 239.0), (234.0, 245.0), (249.0, 255.0), (260.0, 269.0), (286.0, 288.0), (303.0, 300.0), (314.0, 310.0), (321.0, 313.0)]}
[DEBUG] mask nonzero = 225
[DEBUG] found 3 raw contours
[DEBUG] kept 3 candidates after filtering
[DEBUG] roi_desc = {'type': 'polygon', 'polygon': [(329.0, 318.0), (351.0, 301.0), (373.0, 280.0), (395.0, 264.0), (410.0, 237.0), (399.0, 194.0), (357.0, 161.0), (310.0, 167.0), (271.0, 175.0), (237.0, 188.0), (221.0, 208.0), (219.0, 222.0), (219.0, 239.0), (234.0, 245.0), (249.0, 255.0), (260.0, 269.0), (286.0, 288.0), (303.0, 300.0), (314.0, 310.0), (321.0, 313.0)]}
[DEBUG] mask nonzero = 220
[DEBUG] found 3 raw contours
[DEBUG] kept 3 candidates after filtering
[DEBUG] roi_desc = {'type': 'polygon', 'polygon': [(329.0, 318.0), (351.0, 301.0), (373.0, 280.0), (395.0, 264.0), (410.0, 237.0), (399.0, 194.0), (357.0, 161.0), (310.0, 167.0), (271.0, 175.0), (237.0, 188.0), (221.0, 208.0), (219.0, 222.0), (219.0, 239.0), (234.0, 245.0), (249.0, 255.0), (260.0, 269.0), (286.0, 288.0), (303.0, 300.0), (314.0, 310.0), (321.0, 313.0)]}
[DEBUG] mask nonzero = 218
[DEBUG] found 3 raw contours
[DEBUG] kept 3 candidates after filtering
[DEBUG] roi_desc = {'type': 'polygon', 'polygon': [(329.0, 318.0), (351.0, 301.0), (373.0, 280.0), (395.0, 264.0), (410.0, 237.0), (399.0, 194.0), (357.0, 161.0), (310.0, 167.0), (271.0, 175.0), (237.0, 188.0), (221.0, 208.0), (219.0, 222.0), (219.0, 239.0), (234.0, 245.0), (249.0, 255.0), (260.0, 269.0), (286.0, 288.0), (303.0, 300.0), (314.0, 310.0), (321.0, 313.0)]}
[DEBUG] mask nonzero = 215
[DEBUG] found 3 raw contours
[DEBUG] kept 3 candidates after filtering
[DEBUG] roi_desc = {'type': 'polygon', 'polygon': [(329.0, 318.0), (351.0, 301.0), (373.0, 280.0), (395.0, 264.0), (410.0, 237.0), (399.0, 194.0), (357.0, 161.0), (310.0, 167.0), (271.0, 175.0), (237.0, 188.0), (221.0, 208.0), (219.0, 222.0), (219.0, 239.0), (234.0, 245.0), (249.0, 255.0), (260.0, 269.0), (286.0, 288.0), (303.0, 300.0), (314.0, 310.0), (321.0, 313.0)]}
[DEBUG] mask nonzero = 224
[DEBUG] found 3 raw contours
[DEBUG] kept 3 candidates after filtering
[DEBUG] roi_desc = {'type': 'polygon', 'polygon': [(329.0, 318.0), (351.0, 301.0), (373.0, 280.0), (395.0, 264.0), (410.0, 237.0), (399.0, 194.0), (357.0, 161.0), (310.0, 167.0), (271.0, 175.0), (237.0, 188.0), (221.0, 208.0), (219.0, 222.0), (219.0, 239.0), (234.0, 245.0), (249.0, 255.0), (260.0, 269.0), (286.0, 288.0), (303.0, 300.0), (314.0, 310.0), (321.0, 313.0)]}
[DEBUG] mask nonzero = 222
[DEBUG] found 3 raw contours
[DEBUG] kept 3 candidates after filtering
[DEBUG] roi_desc = {'type': 'polygon', 'polygon': [(329.0, 318.0), (351.0, 301.0), (373.0, 280.0), (395.0, 264.0), (410.0, 237.0), (399.0, 194.0), (357.0, 161.0), (310.0, 167.0), (271.0, 175.0), (237.0, 188.0), (221.0, 208.0), (219.0, 222.0), (219.0, 239.0), (234.0, 245.0), (249.0, 255.0), (260.0, 269.0), (286.0, 288.0), (303.0, 300.0), (314.0, 310.0), (321.0, 313.0)]}
[DEBUG] mask nonzero = 224
[DEBUG] found 3 raw contours
[DEBUG] kept 3 candidates after filtering
[DEBUG] roi_desc = {'type': 'polygon', 'polygon': [(329.0, 318.0), (351.0, 301.0), (373.0, 280.0), (395.0, 264.0), (410.0, 237.0), (399.0, 194.0), (357.0, 161.0), (310.0, 167.0), (271.0, 175.0), (237.0, 188.0), (221.0, 208.0), (219.0, 222.0), (219.0, 239.0), (234.0, 245.0), (249.0, 255.0), (260.0, 269.0), (286.0, 288.0), (303.0, 300.0), (314.0, 310.0), (321.0, 313.0)]}
[DEBUG] mask nonzero = 219
[DEBUG] found 3 raw contours
[DEBUG] kept 3 candidates after filtering
[DEBUG] roi_desc = {'type': 'polygon', 'polygon': [(329.0, 318.0), (351.0, 301.0), (373.0, 280.0), (395.0, 264.0), (410.0, 237.0), (399.0, 194.0), (357.0, 161.0), (310.0, 167.0), (271.0, 175.0), (237.0, 188.0), (221.0, 208.0), (219.0, 222.0), (219.0, 239.0), (234.0, 245.0), (249.0, 255.0), (260.0, 269.0), (286.0, 288.0), (303.0, 300.0), (314.0, 310.0), (321.0, 313.0)]}
[DEBUG] mask nonzero = 225
[DEBUG] found 3 raw contours
[DEBUG] kept 3 candidates after filtering
[DEBUG] roi_desc = {'type': 'polygon', 'polygon': [(329.0, 318.0), (351.0, 301.0), (373.0, 280.0), (395.0, 264.0), (410.0, 237.0), (399.0, 194.0), (357.0, 161.0), (310.0, 167.0), (271.0, 175.0), (237.0, 188.0), (221.0, 208.0), (219.0, 222.0), (219.0, 239.0), (234.0, 245.0), (249.0, 255.0), (260.0, 269.0), (286.0, 288.0), (303.0, 300.0), (314.0, 310.0), (321.0, 313.0)]}
[DEBUG] mask nonzero = 220
[DEBUG] found 3 raw contours
[DEBUG] kept 3 candidates after filtering
[DEBUG] roi_desc = {'type': 'polygon', 'polygon': [(329.0, 318.0), (351.0, 301.0), (373.0, 280.0), (395.0, 264.0), (410.0, 237.0), (399.0, 194.0), (357.0, 161.0), (310.0, 167.0), (271.0, 175.0), (237.0, 188.0), (221.0, 208.0), (219.0, 222.0), (219.0, 239.0), (234.0, 245.0), (249.0, 255.0), (260.0, 269.0), (286.0, 288.0), (303.0, 300.0), (314.0, 310.0), (321.0, 313.0)]}
[DEBUG] mask nonzero = 217
[DEBUG] found 3 raw contours
[DEBUG] kept 3 candidates after filtering
[DEBUG] roi_desc = {'type': 'polygon', 'polygon': [(329.0, 318.0), (351.0, 301.0), (373.0, 280.0), (395.0, 264.0), (410.0, 237.0), (399.0, 194.0), (357.0, 161.0), (310.0, 167.0), (271.0, 175.0), (237.0, 188.0), (221.0, 208.0), (219.0, 222.0), (219.0, 239.0), (234.0, 245.0), (249.0, 255.0), (260.0, 269.0), (286.0, 288.0), (303.0, 300.0), (314.0, 310.0), (321.0, 313.0)]}
[DEBUG] mask nonzero = 225
[DEBUG] found 3 raw contours
[DEBUG] kept 3 candidates after filtering
[DEBUG] roi_desc = {'type': 'polygon', 'polygon': [(329.0, 318.0), (351.0, 301.0), (373.0, 280.0), (395.0, 264.0), (410.0, 237.0), (399.0, 194.0), (357.0, 161.0), (310.0, 167.0), (271.0, 175.0), (237.0, 188.0), (221.0, 208.0), (219.0, 222.0), (219.0, 239.0), (234.0, 245.0), (249.0, 255.0), (260.0, 269.0), (286.0, 288.0), (303.0, 300.0), (314.0, 310.0), (321.0, 313.0)]}
[DEBUG] mask nonzero = 220
[DEBUG] found 3 raw contours
[DEBUG] kept 3 candidates after filtering
[DEBUG] roi_desc = {'type': 'polygon', 'polygon': [(329.0, 318.0), (351.0, 301.0), (373.0, 280.0), (395.0, 264.0), (410.0, 237.0), (399.0, 194.0), (357.0, 161.0), (310.0, 167.0), (271.0, 175.0), (237.0, 188.0), (221.0, 208.0), (219.0, 222.0), (219.0, 239.0), (234.0, 245.0), (249.0, 255.0), (260.0, 269.0), (286.0, 288.0), (303.0, 300.0), (314.0, 310.0), (321.0, 313.0)]}
[DEBUG] mask nonzero = 224
[DEBUG] found 3 raw contours
[DEBUG] kept 3 candidates after filtering
[DEBUG] roi_desc = {'type': 'polygon', 'polygon': [(329.0, 318.0), (351.0, 301.0), (373.0, 280.0), (395.0, 264.0), (410.0, 237.0), (399.0, 194.0), (357.0, 161.0), (310.0, 167.0), (271.0, 175.0), (237.0, 188.0), (221.0, 208.0), (219.0, 222.0), (219.0, 239.0), (234.0, 245.0), (249.0, 255.0), (260.0, 269.0), (286.0, 288.0), (303.0, 300.0), (314.0, 310.0), (321.0, 313.0)]}
[DEBUG] mask nonzero = 224
[DEBUG] found 3 raw contours
[DEBUG] kept 3 candidates after filtering
[DEBUG] roi_desc = {'type': 'polygon', 'polygon': [(329.0, 318.0), (351.0, 301.0), (373.0, 280.0), (395.0, 264.0), (410.0, 237.0), (399.0, 194.0), (357.0, 161.0), (310.0, 167.0), (271.0, 175.0), (237.0, 188.0), (221.0, 208.0), (219.0, 222.0), (219.0, 239.0), (234.0, 245.0), (249.0, 255.0), (260.0, 269.0), (286.0, 288.0), (303.0, 300.0), (314.0, 310.0), (321.0, 313.0)]}
[DEBUG] mask nonzero = 226
[DEBUG] found 3 raw contours
[DEBUG] kept 3 candidates after filtering
[DEBUG] roi_desc = {'type': 'polygon', 'polygon': [(329.0, 318.0), (351.0, 301.0), (373.0, 280.0), (395.0, 264.0), (410.0, 237.0), (399.0, 194.0), (357.0, 161.0), (310.0, 167.0), (271.0, 175.0), (237.0, 188.0), (221.0, 208.0), (219.0, 222.0), (219.0, 239.0), (234.0, 245.0), (249.0, 255.0), (260.0, 269.0), (286.0, 288.0), (303.0, 300.0), (314.0, 310.0), (321.0, 313.0)]}
[DEBUG] mask nonzero = 222
[DEBUG] found 3 raw contours
[DEBUG] kept 3 candidates after filtering
[DEBUG] roi_desc = {'type': 'polygon', 'polygon': [(329.0, 318.0), (351.0, 301.0), (373.0, 280.0), (395.0, 264.0), (410.0, 237.0), (399.0, 194.0), (357.0, 161.0), (310.0, 167.0), (271.0, 175.0), (237.0, 188.0), (221.0, 208.0), (219.0, 222.0), (219.0, 239.0), (234.0, 245.0), (249.0, 255.0), (260.0, 269.0), (286.0, 288.0), (303.0, 300.0), (314.0, 310.0), (321.0, 313.0)]}
[DEBUG] mask nonzero = 225
[DEBUG] found 3 raw contours
[DEBUG] kept 3 candidates after filtering
[DEBUG] roi_desc = {'type': 'polygon', 'polygon': [(329.0, 318.0), (351.0, 301.0), (373.0, 280.0), (395.0, 264.0), (410.0, 237.0), (399.0, 194.0), (357.0, 161.0), (310.0, 167.0), (271.0, 175.0), (237.0, 188.0), (221.0, 208.0), (219.0, 222.0), (219.0, 239.0), (234.0, 245.0), (249.0, 255.0), (260.0, 269.0), (286.0, 288.0), (303.0, 300.0), (314.0, 310.0), (321.0, 313.0)]}
[DEBUG] mask nonzero = 223
[DEBUG] found 3 raw contours
[DEBUG] kept 3 candidates after filtering
[DEBUG] roi_desc = {'type': 'polygon', 'polygon': [(329.0, 318.0), (351.0, 301.0), (373.0, 280.0), (395.0, 264.0), (410.0, 237.0), (399.0, 194.0), (357.0, 161.0), (310.0, 167.0), (271.0, 175.0), (237.0, 188.0), (221.0, 208.0), (219.0, 222.0), (219.0, 239.0), (234.0, 245.0), (249.0, 255.0), (260.0, 269.0), (286.0, 288.0), (303.0, 300.0), (314.0, 310.0), (321.0, 313.0)]}
[DEBUG] mask nonzero = 224
[DEBUG] found 3 raw contours
[DEBUG] kept 3 candidates after filtering
[DEBUG] roi_desc = {'type': 'polygon', 'polygon': [(329.0, 318.0), (351.0, 301.0), (373.0, 280.0), (395.0, 264.0), (410.0, 237.0), (399.0, 194.0), (357.0, 161.0), (310.0, 167.0), (271.0, 175.0), (237.0, 188.0), (221.0, 208.0), (219.0, 222.0), (219.0, 239.0), (234.0, 245.0), (249.0, 255.0), (260.0, 269.0), (286.0, 288.0), (303.0, 300.0), (314.0, 310.0), (321.0, 313.0)]}
[DEBUG] mask nonzero = 223
[DEBUG] found 3 raw contours
[DEBUG] kept 3 candidates after filtering
[DEBUG] roi_desc = {'type': 'polygon', 'polygon': [(329.0, 318.0), (351.0, 301.0), (373.0, 280.0), (395.0, 264.0), (410.0, 237.0), (399.0, 194.0), (357.0, 161.0), (310.0, 167.0), (271.0, 175.0), (237.0, 188.0), (221.0, 208.0), (219.0, 222.0), (219.0, 239.0), (234.0, 245.0), (249.0, 255.0), (260.0, 269.0), (286.0, 288.0), (303.0, 300.0), (314.0, 310.0), (321.0, 313.0)]}
[DEBUG] mask nonzero = 222
[DEBUG] found 3 raw contours
[DEBUG] kept 3 candidates after filtering
[DEBUG] roi_desc = {'type': 'polygon', 'polygon': [(329.0, 318.0), (351.0, 301.0), (373.0, 280.0), (395.0, 264.0), (410.0, 237.0), (399.0, 194.0), (357.0, 161.0), (310.0, 167.0), (271.0, 175.0), (237.0, 188.0), (221.0, 208.0), (219.0, 222.0), (219.0, 239.0), (234.0, 245.0), (249.0, 255.0), (260.0, 269.0), (286.0, 288.0), (303.0, 300.0), (314.0, 310.0), (321.0, 313.0)]}
[DEBUG] mask nonzero = 225
[DEBUG] found 3 raw contours
[DEBUG] kept 3 candidates after filtering
[DEBUG] roi_desc = {'type': 'polygon', 'polygon': [(329.0, 318.0), (351.0, 301.0), (373.0, 280.0), (395.0, 264.0), (410.0, 237.0), (399.0, 194.0), (357.0, 161.0), (310.0, 167.0), (271.0, 175.0), (237.0, 188.0), (221.0, 208.0), (219.0, 222.0), (219.0, 239.0), (234.0, 245.0), (249.0, 255.0), (260.0, 269.0), (286.0, 288.0), (303.0, 300.0), (314.0, 310.0), (321.0, 313.0)]}
[DEBUG] mask nonzero = 217
[DEBUG] found 3 raw contours
[DEBUG] kept 3 candidates after filtering
[DEBUG] roi_desc = {'type': 'polygon', 'polygon': [(329.0, 318.0), (351.0, 301.0), (373.0, 280.0), (395.0, 264.0), (410.0, 237.0), (399.0, 194.0), (357.0, 161.0), (310.0, 167.0), (271.0, 175.0), (237.0, 188.0), (221.0, 208.0), (219.0, 222.0), (219.0, 239.0), (234.0, 245.0), (249.0, 255.0), (260.0, 269.0), (286.0, 288.0), (303.0, 300.0), (314.0, 310.0), (321.0, 313.0)]}
[DEBUG] mask nonzero = 220
[DEBUG] found 3 raw contours
[DEBUG] kept 3 candidates after filtering
[DEBUG] roi_desc = {'type': 'polygon', 'polygon': [(329.0, 318.0), (351.0, 301.0), (373.0, 280.0), (395.0, 264.0), (410.0, 237.0), (399.0, 194.0), (357.0, 161.0), (310.0, 167.0), (271.0, 175.0), (237.0, 188.0), (221.0, 208.0), (219.0, 222.0), (219.0, 239.0), (234.0, 245.0), (249.0, 255.0), (260.0, 269.0), (286.0, 288.0), (303.0, 300.0), (314.0, 310.0), (321.0, 313.0)]}
[DEBUG] mask nonzero = 224
[DEBUG] found 3 raw contours
[DEBUG] kept 3 candidates after filtering
[DEBUG] roi_desc = {'type': 'polygon', 'polygon': [(329.0, 318.0), (351.0, 301.0), (373.0, 280.0), (395.0, 264.0), (410.0, 237.0), (399.0, 194.0), (357.0, 161.0), (310.0, 167.0), (271.0, 175.0), (237.0, 188.0), (221.0, 208.0), (219.0, 222.0), (219.0, 239.0), (234.0, 245.0), (249.0, 255.0), (260.0, 269.0), (286.0, 288.0), (303.0, 300.0), (314.0, 310.0), (321.0, 313.0)]}
[DEBUG] mask nonzero = 221
[DEBUG] found 3 raw contours
[DEBUG] kept 3 candidates after filtering
[DEBUG] roi_desc = {'type': 'polygon', 'polygon': [(329.0, 318.0), (351.0, 301.0), (373.0, 280.0), (395.0, 264.0), (410.0, 237.0), (399.0, 194.0), (357.0, 161.0), (310.0, 167.0), (271.0, 175.0), (237.0, 188.0), (221.0, 208.0), (219.0, 222.0), (219.0, 239.0), (234.0, 245.0), (249.0, 255.0), (260.0, 269.0), (286.0, 288.0), (303.0, 300.0), (314.0, 310.0), (321.0, 313.0)]}
[DEBUG] mask nonzero = 218
[DEBUG] found 3 raw contours
[DEBUG] kept 3 candidates after filtering
[DEBUG] roi_desc = {'type': 'polygon', 'polygon': [(329.0, 318.0), (351.0, 301.0), (373.0, 280.0), (395.0, 264.0), (410.0, 237.0), (399.0, 194.0), (357.0, 161.0), (310.0, 167.0), (271.0, 175.0), (237.0, 188.0), (221.0, 208.0), (219.0, 222.0), (219.0, 239.0), (234.0, 245.0), (249.0, 255.0), (260.0, 269.0), (286.0, 288.0), (303.0, 300.0), (314.0, 310.0), (321.0, 313.0)]}
[DEBUG] mask nonzero = 217
[DEBUG] found 3 raw contours
[DEBUG] kept 3 candidates after filtering
[DEBUG] roi_desc = {'type': 'polygon', 'polygon': [(329.0, 318.0), (351.0, 301.0), (373.0, 280.0), (395.0, 264.0), (410.0, 237.0), (399.0, 194.0), (357.0, 161.0), (310.0, 167.0), (271.0, 175.0), (237.0, 188.0), (221.0, 208.0), (219.0, 222.0), (219.0, 239.0), (234.0, 245.0), (249.0, 255.0), (260.0, 269.0), (286.0, 288.0), (303.0, 300.0), (314.0, 310.0), (321.0, 313.0)]}
[DEBUG] mask nonzero = 224
[DEBUG] found 3 raw contours
[DEBUG] kept 3 candidates after filtering
[DEBUG] roi_desc = {'type': 'polygon', 'polygon': [(329.0, 318.0), (351.0, 301.0), (373.0, 280.0), (395.0, 264.0), (410.0, 237.0), (399.0, 194.0), (357.0, 161.0), (310.0, 167.0), (271.0, 175.0), (237.0, 188.0), (221.0, 208.0), (219.0, 222.0), (219.0, 239.0), (234.0, 245.0), (249.0, 255.0), (260.0, 269.0), (286.0, 288.0), (303.0, 300.0), (314.0, 310.0), (321.0, 313.0)]}
[DEBUG] mask nonzero = 222
[DEBUG] found 3 raw contours
[DEBUG] kept 3 candidates after filtering
[DEBUG] roi_desc = {'type': 'polygon', 'polygon': [(329.0, 318.0), (351.0, 301.0), (373.0, 280.0), (395.0, 264.0), (410.0, 237.0), (399.0, 194.0), (357.0, 161.0), (310.0, 167.0), (271.0, 175.0), (237.0, 188.0), (221.0, 208.0), (219.0, 222.0), (219.0, 239.0), (234.0, 245.0), (249.0, 255.0), (260.0, 269.0), (286.0, 288.0), (303.0, 300.0), (314.0, 310.0), (321.0, 313.0)]}
[DEBUG] mask nonzero = 220
[DEBUG] found 3 raw contours
[DEBUG] kept 3 candidates after filtering
[DEBUG] roi_desc = {'type': 'polygon', 'polygon': [(329.0, 318.0), (351.0, 301.0), (373.0, 280.0), (395.0, 264.0), (410.0, 237.0), (399.0, 194.0), (357.0, 161.0), (310.0, 167.0), (271.0, 175.0), (237.0, 188.0), (221.0, 208.0), (219.0, 222.0), (219.0, 239.0), (234.0, 245.0), (249.0, 255.0), (260.0, 269.0), (286.0, 288.0), (303.0, 300.0), (314.0, 310.0), (321.0, 313.0)]}
[DEBUG] mask nonzero = 218
[DEBUG] found 3 raw contours
[DEBUG] kept 3 candidates after filtering
[DEBUG] roi_desc = {'type': 'polygon', 'polygon': [(329.0, 318.0), (351.0, 301.0), (373.0, 280.0), (395.0, 264.0), (410.0, 237.0), (399.0, 194.0), (357.0, 161.0), (310.0, 167.0), (271.0, 175.0), (237.0, 188.0), (221.0, 208.0), (219.0, 222.0), (219.0, 239.0), (234.0, 245.0), (249.0, 255.0), (260.0, 269.0), (286.0, 288.0), (303.0, 300.0), (314.0, 310.0), (321.0, 313.0)]}
[DEBUG] mask nonzero = 220
[DEBUG] found 3 raw contours
[DEBUG] kept 3 candidates after filtering
[DEBUG] roi_desc = {'type': 'polygon', 'polygon': [(329.0, 318.0), (351.0, 301.0), (373.0, 280.0), (395.0, 264.0), (410.0, 237.0), (399.0, 194.0), (357.0, 161.0), (310.0, 167.0), (271.0, 175.0), (237.0, 188.0), (221.0, 208.0), (219.0, 222.0), (219.0, 239.0), (234.0, 245.0), (249.0, 255.0), (260.0, 269.0), (286.0, 288.0), (303.0, 300.0), (314.0, 310.0), (321.0, 313.0)]}
[DEBUG] mask nonzero = 226
[DEBUG] found 3 raw contours
[DEBUG] kept 3 candidates after filtering
[beam] iter 0: 32.4 mm (target 30, err -2.4)
[DEBUG] roi_desc = {'type': 'polygon', 'polygon': [(329.0, 318.0), (351.0, 301.0), (373.0, 280.0), (395.0, 264.0), (410.0, 237.0), (399.0, 194.0), (357.0, 161.0), (310.0, 167.0), (271.0, 175.0), (237.0, 188.0), (221.0, 208.0), (219.0, 222.0), (219.0, 239.0), (234.0, 245.0), (249.0, 255.0), (260.0, 269.0), (286.0, 288.0), (303.0, 300.0), (314.0, 310.0), (321.0, 313.0)]}
[DEBUG] mask nonzero = 222
[DEBUG] found 3 raw contours
[DEBUG] kept 3 candidates after filtering
[DEBUG] roi_desc = {'type': 'polygon', 'polygon': [(329.0, 318.0), (351.0, 301.0), (373.0, 280.0), (395.0, 264.0), (410.0, 237.0), (399.0, 194.0), (357.0, 161.0), (310.0, 167.0), (271.0, 175.0), (237.0, 188.0), (221.0, 208.0), (219.0, 222.0), (219.0, 239.0), (234.0, 245.0), (249.0, 255.0), (260.0, 269.0), (286.0, 288.0), (303.0, 300.0), (314.0, 310.0), (321.0, 313.0)]}
[DEBUG] mask nonzero = 234
[DEBUG] found 3 raw contours
[DEBUG] kept 3 candidates after filtering
[DEBUG] roi_desc = {'type': 'polygon', 'polygon': [(329.0, 318.0), (351.0, 301.0), (373.0, 280.0), (395.0, 264.0), (410.0, 237.0), (399.0, 194.0), (357.0, 161.0), (310.0, 167.0), (271.0, 175.0), (237.0, 188.0), (221.0, 208.0), (219.0, 222.0), (219.0, 239.0), (234.0, 245.0), (249.0, 255.0), (260.0, 269.0), (286.0, 288.0), (303.0, 300.0), (314.0, 310.0), (321.0, 313.0)]}
[DEBUG] mask nonzero = 233
[DEBUG] found 3 raw contours
[DEBUG] kept 3 candidates after filtering
[DEBUG] roi_desc = {'type': 'polygon', 'polygon': [(329.0, 318.0), (351.0, 301.0), (373.0, 280.0), (395.0, 264.0), (410.0, 237.0), (399.0, 194.0), (357.0, 161.0), (310.0, 167.0), (271.0, 175.0), (237.0, 188.0), (221.0, 208.0), (219.0, 222.0), (219.0, 239.0), (234.0, 245.0), (249.0, 255.0), (260.0, 269.0), (286.0, 288.0), (303.0, 300.0), (314.0, 310.0), (321.0, 313.0)]}
[DEBUG] mask nonzero = 230
[DEBUG] found 3 raw contours
[DEBUG] kept 3 candidates after filtering
[DEBUG] roi_desc = {'type': 'polygon', 'polygon': [(329.0, 318.0), (351.0, 301.0), (373.0, 280.0), (395.0, 264.0), (410.0, 237.0), (399.0, 194.0), (357.0, 161.0), (310.0, 167.0), (271.0, 175.0), (237.0, 188.0), (221.0, 208.0), (219.0, 222.0), (219.0, 239.0), (234.0, 245.0), (249.0, 255.0), (260.0, 269.0), (286.0, 288.0), (303.0, 300.0), (314.0, 310.0), (321.0, 313.0)]}
[DEBUG] mask nonzero = 233
[DEBUG] found 3 raw contours
[DEBUG] kept 3 candidates after filtering
[DEBUG] roi_desc = {'type': 'polygon', 'polygon': [(329.0, 318.0), (351.0, 301.0), (373.0, 280.0), (395.0, 264.0), (410.0, 237.0), (399.0, 194.0), (357.0, 161.0), (310.0, 167.0), (271.0, 175.0), (237.0, 188.0), (221.0, 208.0), (219.0, 222.0), (219.0, 239.0), (234.0, 245.0), (249.0, 255.0), (260.0, 269.0), (286.0, 288.0), (303.0, 300.0), (314.0, 310.0), (321.0, 313.0)]}
[DEBUG] mask nonzero = 233
[DEBUG] found 3 raw contours
[DEBUG] kept 3 candidates after filtering
[DEBUG] roi_desc = {'type': 'polygon', 'polygon': [(329.0, 318.0), (351.0, 301.0), (373.0, 280.0), (395.0, 264.0), (410.0, 237.0), (399.0, 194.0), (357.0, 161.0), (310.0, 167.0), (271.0, 175.0), (237.0, 188.0), (221.0, 208.0), (219.0, 222.0), (219.0, 239.0), (234.0, 245.0), (249.0, 255.0), (260.0, 269.0), (286.0, 288.0), (303.0, 300.0), (314.0, 310.0), (321.0, 313.0)]}
[DEBUG] mask nonzero = 240
[DEBUG] found 3 raw contours
[DEBUG] kept 3 candidates after filtering
[DEBUG] roi_desc = {'type': 'polygon', 'polygon': [(329.0, 318.0), (351.0, 301.0), (373.0, 280.0), (395.0, 264.0), (410.0, 237.0), (399.0, 194.0), (357.0, 161.0), (310.0, 167.0), (271.0, 175.0), (237.0, 188.0), (221.0, 208.0), (219.0, 222.0), (219.0, 239.0), (234.0, 245.0), (249.0, 255.0), (260.0, 269.0), (286.0, 288.0), (303.0, 300.0), (314.0, 310.0), (321.0, 313.0)]}
[DEBUG] mask nonzero = 222
[DEBUG] found 3 raw contours
[DEBUG] kept 3 candidates after filtering
[DEBUG] roi_desc = {'type': 'polygon', 'polygon': [(329.0, 318.0), (351.0, 301.0), (373.0, 280.0), (395.0, 264.0), (410.0, 237.0), (399.0, 194.0), (357.0, 161.0), (310.0, 167.0), (271.0, 175.0), (237.0, 188.0), (221.0, 208.0), (219.0, 222.0), (219.0, 239.0), (234.0, 245.0), (249.0, 255.0), (260.0, 269.0), (286.0, 288.0), (303.0, 300.0), (314.0, 310.0), (321.0, 313.0)]}
[DEBUG] mask nonzero = 236
[DEBUG] found 3 raw contours
[DEBUG] kept 3 candidates after filtering
[DEBUG] roi_desc = {'type': 'polygon', 'polygon': [(329.0, 318.0), (351.0, 301.0), (373.0, 280.0), (395.0, 264.0), (410.0, 237.0), (399.0, 194.0), (357.0, 161.0), (310.0, 167.0), (271.0, 175.0), (237.0, 188.0), (221.0, 208.0), (219.0, 222.0), (219.0, 239.0), (234.0, 245.0), (249.0, 255.0), (260.0, 269.0), (286.0, 288.0), (303.0, 300.0), (314.0, 310.0), (321.0, 313.0)]}
[DEBUG] mask nonzero = 238
[DEBUG] found 3 raw contours
[DEBUG] kept 3 candidates after filtering
[DEBUG] roi_desc = {'type': 'polygon', 'polygon': [(329.0, 318.0), (351.0, 301.0), (373.0, 280.0), (395.0, 264.0), (410.0, 237.0), (399.0, 194.0), (357.0, 161.0), (310.0, 167.0), (271.0, 175.0), (237.0, 188.0), (221.0, 208.0), (219.0, 222.0), (219.0, 239.0), (234.0, 245.0), (249.0, 255.0), (260.0, 269.0), (286.0, 288.0), (303.0, 300.0), (314.0, 310.0), (321.0, 313.0)]}
[DEBUG] mask nonzero = 225
[DEBUG] found 3 raw contours
[DEBUG] kept 3 candidates after filtering
[DEBUG] roi_desc = {'type': 'polygon', 'polygon': [(329.0, 318.0), (351.0, 301.0), (373.0, 280.0), (395.0, 264.0), (410.0, 237.0), (399.0, 194.0), (357.0, 161.0), (310.0, 167.0), (271.0, 175.0), (237.0, 188.0), (221.0, 208.0), (219.0, 222.0), (219.0, 239.0), (234.0, 245.0), (249.0, 255.0), (260.0, 269.0), (286.0, 288.0), (303.0, 300.0), (314.0, 310.0), (321.0, 313.0)]}
[DEBUG] mask nonzero = 239
[DEBUG] found 3 raw contours
[DEBUG] kept 3 candidates after filtering
[DEBUG] roi_desc = {'type': 'polygon', 'polygon': [(329.0, 318.0), (351.0, 301.0), (373.0, 280.0), (395.0, 264.0), (410.0, 237.0), (399.0, 194.0), (357.0, 161.0), (310.0, 167.0), (271.0, 175.0), (237.0, 188.0), (221.0, 208.0), (219.0, 222.0), (219.0, 239.0), (234.0, 245.0), (249.0, 255.0), (260.0, 269.0), (286.0, 288.0), (303.0, 300.0), (314.0, 310.0), (321.0, 313.0)]}
[DEBUG] mask nonzero = 235
[DEBUG] found 3 raw contours
[DEBUG] kept 3 candidates after filtering
[DEBUG] roi_desc = {'type': 'polygon', 'polygon': [(329.0, 318.0), (351.0, 301.0), (373.0, 280.0), (395.0, 264.0), (410.0, 237.0), (399.0, 194.0), (357.0, 161.0), (310.0, 167.0), (271.0, 175.0), (237.0, 188.0), (221.0, 208.0), (219.0, 222.0), (219.0, 239.0), (234.0, 245.0), (249.0, 255.0), (260.0, 269.0), (286.0, 288.0), (303.0, 300.0), (314.0, 310.0), (321.0, 313.0)]}
[DEBUG] mask nonzero = 228
[DEBUG] found 3 raw contours
[DEBUG] kept 3 candidates after filtering
[DEBUG] roi_desc = {'type': 'polygon', 'polygon': [(329.0, 318.0), (351.0, 301.0), (373.0, 280.0), (395.0, 264.0), (410.0, 237.0), (399.0, 194.0), (357.0, 161.0), (310.0, 167.0), (271.0, 175.0), (237.0, 188.0), (221.0, 208.0), (219.0, 222.0), (219.0, 239.0), (234.0, 245.0), (249.0, 255.0), (260.0, 269.0), (286.0, 288.0), (303.0, 300.0), (314.0, 310.0), (321.0, 313.0)]}
[DEBUG] mask nonzero = 236
[DEBUG] found 3 raw contours
[DEBUG] kept 3 candidates after filtering
[DEBUG] roi_desc = {'type': 'polygon', 'polygon': [(329.0, 318.0), (351.0, 301.0), (373.0, 280.0), (395.0, 264.0), (410.0, 237.0), (399.0, 194.0), (357.0, 161.0), (310.0, 167.0), (271.0, 175.0), (237.0, 188.0), (221.0, 208.0), (219.0, 222.0), (219.0, 239.0), (234.0, 245.0), (249.0, 255.0), (260.0, 269.0), (286.0, 288.0), (303.0, 300.0), (314.0, 310.0), (321.0, 313.0)]}
[DEBUG] mask nonzero = 233
[DEBUG] found 3 raw contours
[DEBUG] kept 3 candidates after filtering
[DEBUG] roi_desc = {'type': 'polygon', 'polygon': [(329.0, 318.0), (351.0, 301.0), (373.0, 280.0), (395.0, 264.0), (410.0, 237.0), (399.0, 194.0), (357.0, 161.0), (310.0, 167.0), (271.0, 175.0), (237.0, 188.0), (221.0, 208.0), (219.0, 222.0), (219.0, 239.0), (234.0, 245.0), (249.0, 255.0), (260.0, 269.0), (286.0, 288.0), (303.0, 300.0), (314.0, 310.0), (321.0, 313.0)]}
[DEBUG] mask nonzero = 236
[DEBUG] found 3 raw contours
[DEBUG] kept 3 candidates after filtering
[DEBUG] roi_desc = {'type': 'polygon', 'polygon': [(329.0, 318.0), (351.0, 301.0), (373.0, 280.0), (395.0, 264.0), (410.0, 237.0), (399.0, 194.0), (357.0, 161.0), (310.0, 167.0), (271.0, 175.0), (237.0, 188.0), (221.0, 208.0), (219.0, 222.0), (219.0, 239.0), (234.0, 245.0), (249.0, 255.0), (260.0, 269.0), (286.0, 288.0), (303.0, 300.0), (314.0, 310.0), (321.0, 313.0)]}
[DEBUG] mask nonzero = 237
[DEBUG] found 3 raw contours
[DEBUG] kept 3 candidates after filtering
[DEBUG] roi_desc = {'type': 'polygon', 'polygon': [(329.0, 318.0), (351.0, 301.0), (373.0, 280.0), (395.0, 264.0), (410.0, 237.0), (399.0, 194.0), (357.0, 161.0), (310.0, 167.0), (271.0, 175.0), (237.0, 188.0), (221.0, 208.0), (219.0, 222.0), (219.0, 239.0), (234.0, 245.0), (249.0, 255.0), (260.0, 269.0), (286.0, 288.0), (303.0, 300.0), (314.0, 310.0), (321.0, 313.0)]}
[DEBUG] mask nonzero = 232
[DEBUG] found 3 raw contours
[DEBUG] kept 3 candidates after filtering
[DEBUG] roi_desc = {'type': 'polygon', 'polygon': [(329.0, 318.0), (351.0, 301.0), (373.0, 280.0), (395.0, 264.0), (410.0, 237.0), (399.0, 194.0), (357.0, 161.0), (310.0, 167.0), (271.0, 175.0), (237.0, 188.0), (221.0, 208.0), (219.0, 222.0), (219.0, 239.0), (234.0, 245.0), (249.0, 255.0), (260.0, 269.0), (286.0, 288.0), (303.0, 300.0), (314.0, 310.0), (321.0, 313.0)]}
[DEBUG] mask nonzero = 242
[DEBUG] found 3 raw contours
[DEBUG] kept 3 candidates after filtering
[DEBUG] roi_desc = {'type': 'polygon', 'polygon': [(329.0, 318.0), (351.0, 301.0), (373.0, 280.0), (395.0, 264.0), (410.0, 237.0), (399.0, 194.0), (357.0, 161.0), (310.0, 167.0), (271.0, 175.0), (237.0, 188.0), (221.0, 208.0), (219.0, 222.0), (219.0, 239.0), (234.0, 245.0), (249.0, 255.0), (260.0, 269.0), (286.0, 288.0), (303.0, 300.0), (314.0, 310.0), (321.0, 313.0)]}
[DEBUG] mask nonzero = 242
[DEBUG] found 3 raw contours
[DEBUG] kept 3 candidates after filtering
[DEBUG] roi_desc = {'type': 'polygon', 'polygon': [(329.0, 318.0), (351.0, 301.0), (373.0, 280.0), (395.0, 264.0), (410.0, 237.0), (399.0, 194.0), (357.0, 161.0), (310.0, 167.0), (271.0, 175.0), (237.0, 188.0), (221.0, 208.0), (219.0, 222.0), (219.0, 239.0), (234.0, 245.0), (249.0, 255.0), (260.0, 269.0), (286.0, 288.0), (303.0, 300.0), (314.0, 310.0), (321.0, 313.0)]}
[DEBUG] mask nonzero = 238
[DEBUG] found 3 raw contours
[DEBUG] kept 3 candidates after filtering
[DEBUG] roi_desc = {'type': 'polygon', 'polygon': [(329.0, 318.0), (351.0, 301.0), (373.0, 280.0), (395.0, 264.0), (410.0, 237.0), (399.0, 194.0), (357.0, 161.0), (310.0, 167.0), (271.0, 175.0), (237.0, 188.0), (221.0, 208.0), (219.0, 222.0), (219.0, 239.0), (234.0, 245.0), (249.0, 255.0), (260.0, 269.0), (286.0, 288.0), (303.0, 300.0), (314.0, 310.0), (321.0, 313.0)]}
[DEBUG] mask nonzero = 241
[DEBUG] found 3 raw contours
[DEBUG] kept 3 candidates after filtering
[DEBUG] roi_desc = {'type': 'polygon', 'polygon': [(329.0, 318.0), (351.0, 301.0), (373.0, 280.0), (395.0, 264.0), (410.0, 237.0), (399.0, 194.0), (357.0, 161.0), (310.0, 167.0), (271.0, 175.0), (237.0, 188.0), (221.0, 208.0), (219.0, 222.0), (219.0, 239.0), (234.0, 245.0), (249.0, 255.0), (260.0, 269.0), (286.0, 288.0), (303.0, 300.0), (314.0, 310.0), (321.0, 313.0)]}
[DEBUG] mask nonzero = 245
[DEBUG] found 3 raw contours
[DEBUG] kept 3 candidates after filtering
[DEBUG] roi_desc = {'type': 'polygon', 'polygon': [(329.0, 318.0), (351.0, 301.0), (373.0, 280.0), (395.0, 264.0), (410.0, 237.0), (399.0, 194.0), (357.0, 161.0), (310.0, 167.0), (271.0, 175.0), (237.0, 188.0), (221.0, 208.0), (219.0, 222.0), (219.0, 239.0), (234.0, 245.0), (249.0, 255.0), (260.0, 269.0), (286.0, 288.0), (303.0, 300.0), (314.0, 310.0), (321.0, 313.0)]}
[DEBUG] mask nonzero = 238
[DEBUG] found 3 raw contours
[DEBUG] kept 3 candidates after filtering
[DEBUG] roi_desc = {'type': 'polygon', 'polygon': [(329.0, 318.0), (351.0, 301.0), (373.0, 280.0), (395.0, 264.0), (410.0, 237.0), (399.0, 194.0), (357.0, 161.0), (310.0, 167.0), (271.0, 175.0), (237.0, 188.0), (221.0, 208.0), (219.0, 222.0), (219.0, 239.0), (234.0, 245.0), (249.0, 255.0), (260.0, 269.0), (286.0, 288.0), (303.0, 300.0), (314.0, 310.0), (321.0, 313.0)]}
[DEBUG] mask nonzero = 244
[DEBUG] found 3 raw contours
[DEBUG] kept 3 candidates after filtering
[DEBUG] roi_desc = {'type': 'polygon', 'polygon': [(329.0, 318.0), (351.0, 301.0), (373.0, 280.0), (395.0, 264.0), (410.0, 237.0), (399.0, 194.0), (357.0, 161.0), (310.0, 167.0), (271.0, 175.0), (237.0, 188.0), (221.0, 208.0), (219.0, 222.0), (219.0, 239.0), (234.0, 245.0), (249.0, 255.0), (260.0, 269.0), (286.0, 288.0), (303.0, 300.0), (314.0, 310.0), (321.0, 313.0)]}
[DEBUG] mask nonzero = 232
[DEBUG] found 3 raw contours
[DEBUG] kept 3 candidates after filtering
[DEBUG] roi_desc = {'type': 'polygon', 'polygon': [(329.0, 318.0), (351.0, 301.0), (373.0, 280.0), (395.0, 264.0), (410.0, 237.0), (399.0, 194.0), (357.0, 161.0), (310.0, 167.0), (271.0, 175.0), (237.0, 188.0), (221.0, 208.0), (219.0, 222.0), (219.0, 239.0), (234.0, 245.0), (249.0, 255.0), (260.0, 269.0), (286.0, 288.0), (303.0, 300.0), (314.0, 310.0), (321.0, 313.0)]}
[DEBUG] mask nonzero = 245
[DEBUG] found 3 raw contours
[DEBUG] kept 3 candidates after filtering
[DEBUG] roi_desc = {'type': 'polygon', 'polygon': [(329.0, 318.0), (351.0, 301.0), (373.0, 280.0), (395.0, 264.0), (410.0, 237.0), (399.0, 194.0), (357.0, 161.0), (310.0, 167.0), (271.0, 175.0), (237.0, 188.0), (221.0, 208.0), (219.0, 222.0), (219.0, 239.0), (234.0, 245.0), (249.0, 255.0), (260.0, 269.0), (286.0, 288.0), (303.0, 300.0), (314.0, 310.0), (321.0, 313.0)]}
[DEBUG] mask nonzero = 243
[DEBUG] found 3 raw contours
[DEBUG] kept 3 candidates after filtering
[DEBUG] roi_desc = {'type': 'polygon', 'polygon': [(329.0, 318.0), (351.0, 301.0), (373.0, 280.0), (395.0, 264.0), (410.0, 237.0), (399.0, 194.0), (357.0, 161.0), (310.0, 167.0), (271.0, 175.0), (237.0, 188.0), (221.0, 208.0), (219.0, 222.0), (219.0, 239.0), (234.0, 245.0), (249.0, 255.0), (260.0, 269.0), (286.0, 288.0), (303.0, 300.0), (314.0, 310.0), (321.0, 313.0)]}
[DEBUG] mask nonzero = 231
[DEBUG] found 3 raw contours
[DEBUG] kept 3 candidates after filtering
[DEBUG] roi_desc = {'type': 'polygon', 'polygon': [(329.0, 318.0), (351.0, 301.0), (373.0, 280.0), (395.0, 264.0), (410.0, 237.0), (399.0, 194.0), (357.0, 161.0), (310.0, 167.0), (271.0, 175.0), (237.0, 188.0), (221.0, 208.0), (219.0, 222.0), (219.0, 239.0), (234.0, 245.0), (249.0, 255.0), (260.0, 269.0), (286.0, 288.0), (303.0, 300.0), (314.0, 310.0), (321.0, 313.0)]}
[DEBUG] mask nonzero = 231
[DEBUG] found 3 raw contours
[DEBUG] kept 3 candidates after filtering
[DEBUG] roi_desc = {'type': 'polygon', 'polygon': [(329.0, 318.0), (351.0, 301.0), (373.0, 280.0), (395.0, 264.0), (410.0, 237.0), (399.0, 194.0), (357.0, 161.0), (310.0, 167.0), (271.0, 175.0), (237.0, 188.0), (221.0, 208.0), (219.0, 222.0), (219.0, 239.0), (234.0, 245.0), (249.0, 255.0), (260.0, 269.0), (286.0, 288.0), (303.0, 300.0), (314.0, 310.0), (321.0, 313.0)]}
[DEBUG] mask nonzero = 237
[DEBUG] found 3 raw contours
[DEBUG] kept 3 candidates after filtering
[DEBUG] roi_desc = {'type': 'polygon', 'polygon': [(329.0, 318.0), (351.0, 301.0), (373.0, 280.0), (395.0, 264.0), (410.0, 237.0), (399.0, 194.0), (357.0, 161.0), (310.0, 167.0), (271.0, 175.0), (237.0, 188.0), (221.0, 208.0), (219.0, 222.0), (219.0, 239.0), (234.0, 245.0), (249.0, 255.0), (260.0, 269.0), (286.0, 288.0), (303.0, 300.0), (314.0, 310.0), (321.0, 313.0)]}
[DEBUG] mask nonzero = 238
[DEBUG] found 3 raw contours
[DEBUG] kept 3 candidates after filtering
[DEBUG] roi_desc = {'type': 'polygon', 'polygon': [(329.0, 318.0), (351.0, 301.0), (373.0, 280.0), (395.0, 264.0), (410.0, 237.0), (399.0, 194.0), (357.0, 161.0), (310.0, 167.0), (271.0, 175.0), (237.0, 188.0), (221.0, 208.0), (219.0, 222.0), (219.0, 239.0), (234.0, 245.0), (249.0, 255.0), (260.0, 269.0), (286.0, 288.0), (303.0, 300.0), (314.0, 310.0), (321.0, 313.0)]}
[DEBUG] mask nonzero = 234
[DEBUG] found 3 raw contours
[DEBUG] kept 3 candidates after filtering
[DEBUG] roi_desc = {'type': 'polygon', 'polygon': [(329.0, 318.0), (351.0, 301.0), (373.0, 280.0), (395.0, 264.0), (410.0, 237.0), (399.0, 194.0), (357.0, 161.0), (310.0, 167.0), (271.0, 175.0), (237.0, 188.0), (221.0, 208.0), (219.0, 222.0), (219.0, 239.0), (234.0, 245.0), (249.0, 255.0), (260.0, 269.0), (286.0, 288.0), (303.0, 300.0), (314.0, 310.0), (321.0, 313.0)]}
[DEBUG] mask nonzero = 241
[DEBUG] found 3 raw contours
[DEBUG] kept 3 candidates after filtering
[DEBUG] roi_desc = {'type': 'polygon', 'polygon': [(329.0, 318.0), (351.0, 301.0), (373.0, 280.0), (395.0, 264.0), (410.0, 237.0), (399.0, 194.0), (357.0, 161.0), (310.0, 167.0), (271.0, 175.0), (237.0, 188.0), (221.0, 208.0), (219.0, 222.0), (219.0, 239.0), (234.0, 245.0), (249.0, 255.0), (260.0, 269.0), (286.0, 288.0), (303.0, 300.0), (314.0, 310.0), (321.0, 313.0)]}
[DEBUG] mask nonzero = 238
[DEBUG] found 3 raw contours
[DEBUG] kept 3 candidates after filtering
[DEBUG] roi_desc = {'type': 'polygon', 'polygon': [(329.0, 318.0), (351.0, 301.0), (373.0, 280.0), (395.0, 264.0), (410.0, 237.0), (399.0, 194.0), (357.0, 161.0), (310.0, 167.0), (271.0, 175.0), (237.0, 188.0), (221.0, 208.0), (219.0, 222.0), (219.0, 239.0), (234.0, 245.0), (249.0, 255.0), (260.0, 269.0), (286.0, 288.0), (303.0, 300.0), (314.0, 310.0), (321.0, 313.0)]}
[DEBUG] mask nonzero = 237
[DEBUG] found 3 raw contours
[DEBUG] kept 3 candidates after filtering
[DEBUG] roi_desc = {'type': 'polygon', 'polygon': [(329.0, 318.0), (351.0, 301.0), (373.0, 280.0), (395.0, 264.0), (410.0, 237.0), (399.0, 194.0), (357.0, 161.0), (310.0, 167.0), (271.0, 175.0), (237.0, 188.0), (221.0, 208.0), (219.0, 222.0), (219.0, 239.0), (234.0, 245.0), (249.0, 255.0), (260.0, 269.0), (286.0, 288.0), (303.0, 300.0), (314.0, 310.0), (321.0, 313.0)]}
[DEBUG] mask nonzero = 245
[DEBUG] found 3 raw contours
[DEBUG] kept 3 candidates after filtering
[DEBUG] roi_desc = {'type': 'polygon', 'polygon': [(329.0, 318.0), (351.0, 301.0), (373.0, 280.0), (395.0, 264.0), (410.0, 237.0), (399.0, 194.0), (357.0, 161.0), (310.0, 167.0), (271.0, 175.0), (237.0, 188.0), (221.0, 208.0), (219.0, 222.0), (219.0, 239.0), (234.0, 245.0), (249.0, 255.0), (260.0, 269.0), (286.0, 288.0), (303.0, 300.0), (314.0, 310.0), (321.0, 313.0)]}
[DEBUG] mask nonzero = 241
[DEBUG] found 3 raw contours
[DEBUG] kept 3 candidates after filtering
[DEBUG] roi_desc = {'type': 'polygon', 'polygon': [(329.0, 318.0), (351.0, 301.0), (373.0, 280.0), (395.0, 264.0), (410.0, 237.0), (399.0, 194.0), (357.0, 161.0), (310.0, 167.0), (271.0, 175.0), (237.0, 188.0), (221.0, 208.0), (219.0, 222.0), (219.0, 239.0), (234.0, 245.0), (249.0, 255.0), (260.0, 269.0), (286.0, 288.0), (303.0, 300.0), (314.0, 310.0), (321.0, 313.0)]}
[DEBUG] mask nonzero = 241
[DEBUG] found 3 raw contours
[DEBUG] kept 3 candidates after filtering
[DEBUG] roi_desc = {'type': 'polygon', 'polygon': [(329.0, 318.0), (351.0, 301.0), (373.0, 280.0), (395.0, 264.0), (410.0, 237.0), (399.0, 194.0), (357.0, 161.0), (310.0, 167.0), (271.0, 175.0), (237.0, 188.0), (221.0, 208.0), (219.0, 222.0), (219.0, 239.0), (234.0, 245.0), (249.0, 255.0), (260.0, 269.0), (286.0, 288.0), (303.0, 300.0), (314.0, 310.0), (321.0, 313.0)]}
[DEBUG] mask nonzero = 240
[DEBUG] found 3 raw contours
[DEBUG] kept 3 candidates after filtering
[DEBUG] roi_desc = {'type': 'polygon', 'polygon': [(329.0, 318.0), (351.0, 301.0), (373.0, 280.0), (395.0, 264.0), (410.0, 237.0), (399.0, 194.0), (357.0, 161.0), (310.0, 167.0), (271.0, 175.0), (237.0, 188.0), (221.0, 208.0), (219.0, 222.0), (219.0, 239.0), (234.0, 245.0), (249.0, 255.0), (260.0, 269.0), (286.0, 288.0), (303.0, 300.0), (314.0, 310.0), (321.0, 313.0)]}
[DEBUG] mask nonzero = 240
[DEBUG] found 3 raw contours
[DEBUG] kept 3 candidates after filtering
[DEBUG] roi_desc = {'type': 'polygon', 'polygon': [(329.0, 318.0), (351.0, 301.0), (373.0, 280.0), (395.0, 264.0), (410.0, 237.0), (399.0, 194.0), (357.0, 161.0), (310.0, 167.0), (271.0, 175.0), (237.0, 188.0), (221.0, 208.0), (219.0, 222.0), (219.0, 239.0), (234.0, 245.0), (249.0, 255.0), (260.0, 269.0), (286.0, 288.0), (303.0, 300.0), (314.0, 310.0), (321.0, 313.0)]}
[DEBUG] mask nonzero = 234
[DEBUG] found 3 raw contours
[DEBUG] kept 3 candidates after filtering
[DEBUG] roi_desc = {'type': 'polygon', 'polygon': [(329.0, 318.0), (351.0, 301.0), (373.0, 280.0), (395.0, 264.0), (410.0, 237.0), (399.0, 194.0), (357.0, 161.0), (310.0, 167.0), (271.0, 175.0), (237.0, 188.0), (221.0, 208.0), (219.0, 222.0), (219.0, 239.0), (234.0, 245.0), (249.0, 255.0), (260.0, 269.0), (286.0, 288.0), (303.0, 300.0), (314.0, 310.0), (321.0, 313.0)]}
[DEBUG] mask nonzero = 228
[DEBUG] found 3 raw contours
[DEBUG] kept 3 candidates after filtering
[DEBUG] roi_desc = {'type': 'polygon', 'polygon': [(329.0, 318.0), (351.0, 301.0), (373.0, 280.0), (395.0, 264.0), (410.0, 237.0), (399.0, 194.0), (357.0, 161.0), (310.0, 167.0), (271.0, 175.0), (237.0, 188.0), (221.0, 208.0), (219.0, 222.0), (219.0, 239.0), (234.0, 245.0), (249.0, 255.0), (260.0, 269.0), (286.0, 288.0), (303.0, 300.0), (314.0, 310.0), (321.0, 313.0)]}
[DEBUG] mask nonzero = 238
[DEBUG] found 3 raw contours
[DEBUG] kept 3 candidates after filtering
[DEBUG] roi_desc = {'type': 'polygon', 'polygon': [(329.0, 318.0), (351.0, 301.0), (373.0, 280.0), (395.0, 264.0), (410.0, 237.0), (399.0, 194.0), (357.0, 161.0), (310.0, 167.0), (271.0, 175.0), (237.0, 188.0), (221.0, 208.0), (219.0, 222.0), (219.0, 239.0), (234.0, 245.0), (249.0, 255.0), (260.0, 269.0), (286.0, 288.0), (303.0, 300.0), (314.0, 310.0), (321.0, 313.0)]}
[DEBUG] mask nonzero = 238
[DEBUG] found 3 raw contours
[DEBUG] kept 3 candidates after filtering
[DEBUG] roi_desc = {'type': 'polygon', 'polygon': [(329.0, 318.0), (351.0, 301.0), (373.0, 280.0), (395.0, 264.0), (410.0, 237.0), (399.0, 194.0), (357.0, 161.0), (310.0, 167.0), (271.0, 175.0), (237.0, 188.0), (221.0, 208.0), (219.0, 222.0), (219.0, 239.0), (234.0, 245.0), (249.0, 255.0), (260.0, 269.0), (286.0, 288.0), (303.0, 300.0), (314.0, 310.0), (321.0, 313.0)]}
[DEBUG] mask nonzero = 236
[DEBUG] found 3 raw contours
[DEBUG] kept 3 candidates after filtering
[DEBUG] roi_desc = {'type': 'polygon', 'polygon': [(329.0, 318.0), (351.0, 301.0), (373.0, 280.0), (395.0, 264.0), (410.0, 237.0), (399.0, 194.0), (357.0, 161.0), (310.0, 167.0), (271.0, 175.0), (237.0, 188.0), (221.0, 208.0), (219.0, 222.0), (219.0, 239.0), (234.0, 245.0), (249.0, 255.0), (260.0, 269.0), (286.0, 288.0), (303.0, 300.0), (314.0, 310.0), (321.0, 313.0)]}
[DEBUG] mask nonzero = 237
[DEBUG] found 3 raw contours
[DEBUG] kept 3 candidates after filtering
[DEBUG] roi_desc = {'type': 'polygon', 'polygon': [(329.0, 318.0), (351.0, 301.0), (373.0, 280.0), (395.0, 264.0), (410.0, 237.0), (399.0, 194.0), (357.0, 161.0), (310.0, 167.0), (271.0, 175.0), (237.0, 188.0), (221.0, 208.0), (219.0, 222.0), (219.0, 239.0), (234.0, 245.0), (249.0, 255.0), (260.0, 269.0), (286.0, 288.0), (303.0, 300.0), (314.0, 310.0), (321.0, 313.0)]}
[DEBUG] mask nonzero = 239
[DEBUG] found 3 raw contours
[DEBUG] kept 3 candidates after filtering
[DEBUG] roi_desc = {'type': 'polygon', 'polygon': [(329.0, 318.0), (351.0, 301.0), (373.0, 280.0), (395.0, 264.0), (410.0, 237.0), (399.0, 194.0), (357.0, 161.0), (310.0, 167.0), (271.0, 175.0), (237.0, 188.0), (221.0, 208.0), (219.0, 222.0), (219.0, 239.0), (234.0, 245.0), (249.0, 255.0), (260.0, 269.0), (286.0, 288.0), (303.0, 300.0), (314.0, 310.0), (321.0, 313.0)]}
[DEBUG] mask nonzero = 231
[DEBUG] found 3 raw contours
[DEBUG] kept 3 candidates after filtering
[DEBUG] roi_desc = {'type': 'polygon', 'polygon': [(329.0, 318.0), (351.0, 301.0), (373.0, 280.0), (395.0, 264.0), (410.0, 237.0), (399.0, 194.0), (357.0, 161.0), (310.0, 167.0), (271.0, 175.0), (237.0, 188.0), (221.0, 208.0), (219.0, 222.0), (219.0, 239.0), (234.0, 245.0), (249.0, 255.0), (260.0, 269.0), (286.0, 288.0), (303.0, 300.0), (314.0, 310.0), (321.0, 313.0)]}
[DEBUG] mask nonzero = 223
[DEBUG] found 3 raw contours
[DEBUG] kept 3 candidates after filtering
[DEBUG] roi_desc = {'type': 'polygon', 'polygon': [(329.0, 318.0), (351.0, 301.0), (373.0, 280.0), (395.0, 264.0), (410.0, 237.0), (399.0, 194.0), (357.0, 161.0), (310.0, 167.0), (271.0, 175.0), (237.0, 188.0), (221.0, 208.0), (219.0, 222.0), (219.0, 239.0), (234.0, 245.0), (249.0, 255.0), (260.0, 269.0), (286.0, 288.0), (303.0, 300.0), (314.0, 310.0), (321.0, 313.0)]}
[DEBUG] mask nonzero = 246
[DEBUG] found 3 raw contours
[DEBUG] kept 3 candidates after filtering
[DEBUG] roi_desc = {'type': 'polygon', 'polygon': [(329.0, 318.0), (351.0, 301.0), (373.0, 280.0), (395.0, 264.0), (410.0, 237.0), (399.0, 194.0), (357.0, 161.0), (310.0, 167.0), (271.0, 175.0), (237.0, 188.0), (221.0, 208.0), (219.0, 222.0), (219.0, 239.0), (234.0, 245.0), (249.0, 255.0), (260.0, 269.0), (286.0, 288.0), (303.0, 300.0), (314.0, 310.0), (321.0, 313.0)]}
[DEBUG] mask nonzero = 242
[DEBUG] found 3 raw contours
[DEBUG] kept 3 candidates after filtering
[DEBUG] roi_desc = {'type': 'polygon', 'polygon': [(329.0, 318.0), (351.0, 301.0), (373.0, 280.0), (395.0, 264.0), (410.0, 237.0), (399.0, 194.0), (357.0, 161.0), (310.0, 167.0), (271.0, 175.0), (237.0, 188.0), (221.0, 208.0), (219.0, 222.0), (219.0, 239.0), (234.0, 245.0), (249.0, 255.0), (260.0, 269.0), (286.0, 288.0), (303.0, 300.0), (314.0, 310.0), (321.0, 313.0)]}
[DEBUG] mask nonzero = 245
[DEBUG] found 3 raw contours
[DEBUG] kept 3 candidates after filtering
[DEBUG] roi_desc = {'type': 'polygon', 'polygon': [(329.0, 318.0), (351.0, 301.0), (373.0, 280.0), (395.0, 264.0), (410.0, 237.0), (399.0, 194.0), (357.0, 161.0), (310.0, 167.0), (271.0, 175.0), (237.0, 188.0), (221.0, 208.0), (219.0, 222.0), (219.0, 239.0), (234.0, 245.0), (249.0, 255.0), (260.0, 269.0), (286.0, 288.0), (303.0, 300.0), (314.0, 310.0), (321.0, 313.0)]}
[DEBUG] mask nonzero = 230
[DEBUG] found 3 raw contours
[DEBUG] kept 3 candidates after filtering
[DEBUG] roi_desc = {'type': 'polygon', 'polygon': [(329.0, 318.0), (351.0, 301.0), (373.0, 280.0), (395.0, 264.0), (410.0, 237.0), (399.0, 194.0), (357.0, 161.0), (310.0, 167.0), (271.0, 175.0), (237.0, 188.0), (221.0, 208.0), (219.0, 222.0), (219.0, 239.0), (234.0, 245.0), (249.0, 255.0), (260.0, 269.0), (286.0, 288.0), (303.0, 300.0), (314.0, 310.0), (321.0, 313.0)]}
[DEBUG] mask nonzero = 242
[DEBUG] found 3 raw contours
[DEBUG] kept 3 candidates after filtering
[DEBUG] roi_desc = {'type': 'polygon', 'polygon': [(329.0, 318.0), (351.0, 301.0), (373.0, 280.0), (395.0, 264.0), (410.0, 237.0), (399.0, 194.0), (357.0, 161.0), (310.0, 167.0), (271.0, 175.0), (237.0, 188.0), (221.0, 208.0), (219.0, 222.0), (219.0, 239.0), (234.0, 245.0), (249.0, 255.0), (260.0, 269.0), (286.0, 288.0), (303.0, 300.0), (314.0, 310.0), (321.0, 313.0)]}
[DEBUG] mask nonzero = 244
[DEBUG] found 3 raw contours
[DEBUG] kept 3 candidates after filtering
[DEBUG] roi_desc = {'type': 'polygon', 'polygon': [(329.0, 318.0), (351.0, 301.0), (373.0, 280.0), (395.0, 264.0), (410.0, 237.0), (399.0, 194.0), (357.0, 161.0), (310.0, 167.0), (271.0, 175.0), (237.0, 188.0), (221.0, 208.0), (219.0, 222.0), (219.0, 239.0), (234.0, 245.0), (249.0, 255.0), (260.0, 269.0), (286.0, 288.0), (303.0, 300.0), (314.0, 310.0), (321.0, 313.0)]}
[DEBUG] mask nonzero = 242
[DEBUG] found 3 raw contours
[DEBUG] kept 3 candidates after filtering
[DEBUG] roi_desc = {'type': 'polygon', 'polygon': [(329.0, 318.0), (351.0, 301.0), (373.0, 280.0), (395.0, 264.0), (410.0, 237.0), (399.0, 194.0), (357.0, 161.0), (310.0, 167.0), (271.0, 175.0), (237.0, 188.0), (221.0, 208.0), (219.0, 222.0), (219.0, 239.0), (234.0, 245.0), (249.0, 255.0), (260.0, 269.0), (286.0, 288.0), (303.0, 300.0), (314.0, 310.0), (321.0, 313.0)]}
[DEBUG] mask nonzero = 240
[DEBUG] found 3 raw contours
[DEBUG] kept 3 candidates after filtering
[DEBUG] roi_desc = {'type': 'polygon', 'polygon': [(329.0, 318.0), (351.0, 301.0), (373.0, 280.0), (395.0, 264.0), (410.0, 237.0), (399.0, 194.0), (357.0, 161.0), (310.0, 167.0), (271.0, 175.0), (237.0, 188.0), (221.0, 208.0), (219.0, 222.0), (219.0, 239.0), (234.0, 245.0), (249.0, 255.0), (260.0, 269.0), (286.0, 288.0), (303.0, 300.0), (314.0, 310.0), (321.0, 313.0)]}
[DEBUG] mask nonzero = 241
[DEBUG] found 3 raw contours
[DEBUG] kept 3 candidates after filtering
RTDEReceiveInterface boost system Exception: (asio.misc:2) End of file
RTDEReceiveInterface boost system Exception: (asio.misc:2) End of file
/home/jack/Proper-Research/beam_direction_magnetisation/post_processing/post_processing.py:560: UserWarning: FigureCanvasAgg is non-interactive, and thus cannot be shown
  plt.show()
[DEBUG] roi_desc = {'type': 'polygon', 'polygon': [(329.0, 318.0), (351.0, 301.0), (373.0, 280.0), (395.0, 264.0), (410.0, 237.0), (399.0, 194.0), (357.0, 161.0), (310.0, 167.0), (271.0, 175.0), (237.0, 188.0), (221.0, 208.0), (219.0, 222.0), (219.0, 239.0), (234.0, 245.0), (249.0, 255.0), (260.0, 269.0), (286.0, 288.0), (303.0, 300.0), (314.0, 310.0), (321.0, 313.0)]}
[DEBUG] mask nonzero = 242
[DEBUG] found 3 raw contours
[DEBUG] kept 3 candidates after filtering
[DEBUG] roi_desc = {'type': 'polygon', 'polygon': [(329.0, 318.0), (351.0, 301.0), (373.0, 280.0), (395.0, 264.0), (410.0, 237.0), (399.0, 194.0), (357.0, 161.0), (310.0, 167.0), (271.0, 175.0), (237.0, 188.0), (221.0, 208.0), (219.0, 222.0), (219.0, 239.0), (234.0, 245.0), (249.0, 255.0), (260.0, 269.0), (286.0, 288.0), (303.0, 300.0), (314.0, 310.0), (321.0, 313.0)]}
[DEBUG] mask nonzero = 236
[DEBUG] found 3 raw contours
[DEBUG] kept 3 candidates after filtering
[DEBUG] roi_desc = {'type': 'polygon', 'polygon': [(329.0, 318.0), (351.0, 301.0), (373.0, 280.0), (395.0, 264.0), (410.0, 237.0), (399.0, 194.0), (357.0, 161.0), (310.0, 167.0), (271.0, 175.0), (237.0, 188.0), (221.0, 208.0), (219.0, 222.0), (219.0, 239.0), (234.0, 245.0), (249.0, 255.0), (260.0, 269.0), (286.0, 288.0), (303.0, 300.0), (314.0, 310.0), (321.0, 313.0)]}
[DEBUG] mask nonzero = 242
[DEBUG] found 3 raw contours
[DEBUG] kept 3 candidates after filtering
[DEBUG] roi_desc = {'type': 'polygon', 'polygon': [(329.0, 318.0), (351.0, 301.0), (373.0, 280.0), (395.0, 264.0), (410.0, 237.0), (399.0, 194.0), (357.0, 161.0), (310.0, 167.0), (271.0, 175.0), (237.0, 188.0), (221.0, 208.0), (219.0, 222.0), (219.0, 239.0), (234.0, 245.0), (249.0, 255.0), (260.0, 269.0), (286.0, 288.0), (303.0, 300.0), (314.0, 310.0), (321.0, 313.0)]}
[DEBUG] mask nonzero = 236
[DEBUG] found 3 raw contours
[DEBUG] kept 3 candidates after filtering
[DEBUG] roi_desc = {'type': 'polygon', 'polygon': [(329.0, 318.0), (351.0, 301.0), (373.0, 280.0), (395.0, 264.0), (410.0, 237.0), (399.0, 194.0), (357.0, 161.0), (310.0, 167.0), (271.0, 175.0), (237.0, 188.0), (221.0, 208.0), (219.0, 222.0), (219.0, 239.0), (234.0, 245.0), (249.0, 255.0), (260.0, 269.0), (286.0, 288.0), (303.0, 300.0), (314.0, 310.0), (321.0, 313.0)]}
[DEBUG] mask nonzero = 231
[DEBUG] found 3 raw contours
[DEBUG] kept 3 candidates after filtering
[DEBUG] roi_desc = {'type': 'polygon', 'polygon': [(329.0, 318.0), (351.0, 301.0), (373.0, 280.0), (395.0, 264.0), (410.0, 237.0), (399.0, 194.0), (357.0, 161.0), (310.0, 167.0), (271.0, 175.0), (237.0, 188.0), (221.0, 208.0), (219.0, 222.0), (219.0, 239.0), (234.0, 245.0), (249.0, 255.0), (260.0, 269.0), (286.0, 288.0), (303.0, 300.0), (314.0, 310.0), (321.0, 313.0)]}
[DEBUG] mask nonzero = 242
[DEBUG] found 3 raw contours
[DEBUG] kept 3 candidates after filtering
[DEBUG] roi_desc = {'type': 'polygon', 'polygon': [(329.0, 318.0), (351.0, 301.0), (373.0, 280.0), (395.0, 264.0), (410.0, 237.0), (399.0, 194.0), (357.0, 161.0), (310.0, 167.0), (271.0, 175.0), (237.0, 188.0), (221.0, 208.0), (219.0, 222.0), (219.0, 239.0), (234.0, 245.0), (249.0, 255.0), (260.0, 269.0), (286.0, 288.0), (303.0, 300.0), (314.0, 310.0), (321.0, 313.0)]}
[DEBUG] mask nonzero = 237
[DEBUG] found 3 raw contours
[DEBUG] kept 3 candidates after filtering
[DEBUG] roi_desc = {'type': 'polygon', 'polygon': [(329.0, 318.0), (351.0, 301.0), (373.0, 280.0), (395.0, 264.0), (410.0, 237.0), (399.0, 194.0), (357.0, 161.0), (310.0, 167.0), (271.0, 175.0), (237.0, 188.0), (221.0, 208.0), (219.0, 222.0), (219.0, 239.0), (234.0, 245.0), (249.0, 255.0), (260.0, 269.0), (286.0, 288.0), (303.0, 300.0), (314.0, 310.0), (321.0, 313.0)]}
[DEBUG] mask nonzero = 237
[DEBUG] found 3 raw contours
[DEBUG] kept 3 candidates after filtering
[DEBUG] roi_desc = {'type': 'polygon', 'polygon': [(329.0, 318.0), (351.0, 301.0), (373.0, 280.0), (395.0, 264.0), (410.0, 237.0), (399.0, 194.0), (357.0, 161.0), (310.0, 167.0), (271.0, 175.0), (237.0, 188.0), (221.0, 208.0), (219.0, 222.0), (219.0, 239.0), (234.0, 245.0), (249.0, 255.0), (260.0, 269.0), (286.0, 288.0), (303.0, 300.0), (314.0, 310.0), (321.0, 313.0)]}
[DEBUG] mask nonzero = 237
[DEBUG] found 3 raw contours
[DEBUG] kept 3 candidates after filtering
[DEBUG] roi_desc = {'type': 'polygon', 'polygon': [(329.0, 318.0), (351.0, 301.0), (373.0, 280.0), (395.0, 264.0), (410.0, 237.0), (399.0, 194.0), (357.0, 161.0), (310.0, 167.0), (271.0, 175.0), (237.0, 188.0), (221.0, 208.0), (219.0, 222.0), (219.0, 239.0), (234.0, 245.0), (249.0, 255.0), (260.0, 269.0), (286.0, 288.0), (303.0, 300.0), (314.0, 310.0), (321.0, 313.0)]}
[DEBUG] mask nonzero = 242
[DEBUG] found 3 raw contours
[DEBUG] kept 3 candidates after filtering
[DEBUG] roi_desc = {'type': 'polygon', 'polygon': [(329.0, 318.0), (351.0, 301.0), (373.0, 280.0), (395.0, 264.0), (410.0, 237.0), (399.0, 194.0), (357.0, 161.0), (310.0, 167.0), (271.0, 175.0), (237.0, 188.0), (221.0, 208.0), (219.0, 222.0), (219.0, 239.0), (234.0, 245.0), (249.0, 255.0), (260.0, 269.0), (286.0, 288.0), (303.0, 300.0), (314.0, 310.0), (321.0, 313.0)]}
[DEBUG] mask nonzero = 243
[DEBUG] found 3 raw contours
[DEBUG] kept 3 candidates after filtering
[DEBUG] roi_desc = {'type': 'polygon', 'polygon': [(329.0, 318.0), (351.0, 301.0), (373.0, 280.0), (395.0, 264.0), (410.0, 237.0), (399.0, 194.0), (357.0, 161.0), (310.0, 167.0), (271.0, 175.0), (237.0, 188.0), (221.0, 208.0), (219.0, 222.0), (219.0, 239.0), (234.0, 245.0), (249.0, 255.0), (260.0, 269.0), (286.0, 288.0), (303.0, 300.0), (314.0, 310.0), (321.0, 313.0)]}
[DEBUG] mask nonzero = 230
[DEBUG] found 3 raw contours
[DEBUG] kept 3 candidates after filtering
[DEBUG] roi_desc = {'type': 'polygon', 'polygon': [(329.0, 318.0), (351.0, 301.0), (373.0, 280.0), (395.0, 264.0), (410.0, 237.0), (399.0, 194.0), (357.0, 161.0), (310.0, 167.0), (271.0, 175.0), (237.0, 188.0), (221.0, 208.0), (219.0, 222.0), (219.0, 239.0), (234.0, 245.0), (249.0, 255.0), (260.0, 269.0), (286.0, 288.0), (303.0, 300.0), (314.0, 310.0), (321.0, 313.0)]}
[DEBUG] mask nonzero = 239
[DEBUG] found 3 raw contours
[DEBUG] kept 3 candidates after filtering
[DEBUG] roi_desc = {'type': 'polygon', 'polygon': [(329.0, 318.0), (351.0, 301.0), (373.0, 280.0), (395.0, 264.0), (410.0, 237.0), (399.0, 194.0), (357.0, 161.0), (310.0, 167.0), (271.0, 175.0), (237.0, 188.0), (221.0, 208.0), (219.0, 222.0), (219.0, 239.0), (234.0, 245.0), (249.0, 255.0), (260.0, 269.0), (286.0, 288.0), (303.0, 300.0), (314.0, 310.0), (321.0, 313.0)]}
[DEBUG] mask nonzero = 231
[DEBUG] found 3 raw contours
[DEBUG] kept 3 candidates after filtering
[beam] iter 1: 30.0 mm (target 30, err +0.0)
[worker] beam 30.0 mm; running mpc_ltv_offline
[path] LIVE (servoJ per tick)  control @ 10.0 Hz  ref=plan_dir
[path] log -> /home/jack/Proper-Research/close_loop_logs/compare_tri/runs/ltv_rep2_20260910T132654Z/path_follow.jsonl
[path] T_R_B  B.x(axial)=[-1.0, 0.0, 0.0]  B.y(sideways)=[0.0, 1.0, 0.0]  B.z(camera)=[0.0, 0.0, -1.0]
[path] advancer LIVE on /dev/ttyACM0
[path] camera + reader up; waiting for first tip + joints...
[path] planner->R fit: |t_fit|=0.000 m, det(R_fit)=+1.000
[path]   plan des[0] [495.6, -670.2, -16.6] mm  des[-1] [495.6, -670.2, -16.6] mm  (robot frame)
[path] loaded plan reference: 132 samples, 13.1s, source='/home/jack/Proper-Research/plans/triangle_8mm_2026-09-10/time_parameterized_configuration_path/time_parameterized_configuration_path.csv'
[path] start tip (mm) = [495.63, -670.22, -16.57]
[path] ref[0]     (mm) = [495.63, -670.22, -16.57]
[path] ref[-1]    (mm) = [495.63, -670.22, -16.57]
[path] building analytic beam Jacobian (forward-model solve + FK)...
[INIT] L_ins=0.040 -> L_model=0.040, wire_len=0.000, tip_len=0.040


tip position         : [ 0.79019416 -0.69343739 -0.09999488]
base position        : [ 0.82813282 -0.68127317 -0.1       ]
tip deflection       : [-3.79386605e-02 -1.21642203e-02  5.11578410e-06]
tip deflection norm  : 3.984106e-02



max violation        : 1.912274e-02

[path] model magnet in B = [+280, -0, -0] mm (coaxial: B.y/B.z ~0 -> magnet on the beam axis, ~280 mm ahead)
RTDEReceiveInterface boost system Exception: (asio.misc:2) End of file
[path] |d(tip)/d(magnet)| per axis  B.z/out=0.005  B.y/in-plane=0.075  B.x/axial=0.075 mm/mm (axial should be ~0 for a coaxial axial-dipole magnet)
[path] ===== FROZEN BEAM JACOBIAN  d(tip_R xyz)/d[q1..q6, insertion] =====
[path] rows = tip R.x, R.y, R.z   cols = q1..q6 (rad), insertion (m)
[path]   R.x: [ 0.00231 -0.00006 -0.00147 -0.00076  0.00075 -0.00078 -0.99781]
[path]   R.y: [ 0.05098 -0.00358 -0.03425 -0.0177   0.01688 -0.0172   0.06709]
[path]   R.z: [ 0.00019  0.09658  0.07986  0.04367 -0.01113  0.00061  0.00165]
[path] --- J = J_beam[:, 0:3] @ Jv_robot ,  J[:,6] = J_beam[:,6] ---
[path] J_beam (3x7) d(tip)/d[magnet_xyz(3), magnet_rot(3), insertion]:
[path]   R.x: [ 0.00021  0.00342  0.00008  0.      -0.00001  0.00029 -0.99781]
[path]   R.y: [ 0.00479  0.0752   0.00001 -0.00002 -0.       0.00636  0.06709]
[path]   R.z: [ 0.00016  0.00001  0.07479  0.0011  -0.00627  0.       0.00165]
[path] Jv_robot (3x6) d(TCP_pos)/d(q):
[path]   R.x: [ 1.18705  0.04475  0.41682  0.21871  0.23479 -0.45275]
[path]   R.y: [ 0.60227 -0.05059 -0.48222 -0.24933  0.20954 -0.19984]
[path]   R.z: [ 0.       1.29124  1.06684  0.58339 -0.14931  0.00917]
[path] ================================================================
[path] cond(J[:, :6]) = 26121.47
[path] using external Jacobian schedule (132, 3, 7)
[path] controller = mpc_ltv_offline (horizon=30, freeze@0); closing the loop
Polishing not needed - no active set detected at optimal point
Polishing not needed - no active set detected at optimal point
Polishing not needed - no active set detected at optimal point
[  10] ref=   9/131 |e|=  0.18mm e=[ -0.18  +0.00  +0.00] |qd|=0.0843 ins= 31.5mm
[worker] pf.main() raised URConnectionError('RTDE is disconnected. Call reconnect() and verify robot state before sending another motion command.')
[compare] mpc_ltv_offline rep2 attempt 2 failed (rc=4); retrying
[compare] settle 30s (RTDE)...
[reset] at reference joints (dq=0.0001)
[DEBUG] roi_desc = {'type': 'polygon', 'polygon': [(329.0, 318.0), (351.0, 301.0), (373.0, 280.0), (395.0, 264.0), (410.0, 237.0), (399.0, 194.0), (357.0, 161.0), (310.0, 167.0), (271.0, 175.0), (237.0, 188.0), (221.0, 208.0), (219.0, 222.0), (219.0, 239.0), (234.0, 245.0), (249.0, 255.0), (260.0, 269.0), (286.0, 288.0), (303.0, 300.0), (314.0, 310.0), (321.0, 313.0)]}
[DEBUG] mask nonzero = 220
[DEBUG] found 3 raw contours
[DEBUG] kept 3 candidates after filtering
[DEBUG] roi_desc = {'type': 'polygon', 'polygon': [(329.0, 318.0), (351.0, 301.0), (373.0, 280.0), (395.0, 264.0), (410.0, 237.0), (399.0, 194.0), (357.0, 161.0), (310.0, 167.0), (271.0, 175.0), (237.0, 188.0), (221.0, 208.0), (219.0, 222.0), (219.0, 239.0), (234.0, 245.0), (249.0, 255.0), (260.0, 269.0), (286.0, 288.0), (303.0, 300.0), (314.0, 310.0), (321.0, 313.0)]}
[DEBUG] mask nonzero = 217
[DEBUG] found 3 raw contours
[DEBUG] kept 3 candidates after filtering
[DEBUG] roi_desc = {'type': 'polygon', 'polygon': [(329.0, 318.0), (351.0, 301.0), (373.0, 280.0), (395.0, 264.0), (410.0, 237.0), (399.0, 194.0), (357.0, 161.0), (310.0, 167.0), (271.0, 175.0), (237.0, 188.0), (221.0, 208.0), (219.0, 222.0), (219.0, 239.0), (234.0, 245.0), (249.0, 255.0), (260.0, 269.0), (286.0, 288.0), (303.0, 300.0), (314.0, 310.0), (321.0, 313.0)]}
[DEBUG] mask nonzero = 218
[DEBUG] found 3 raw contours
[DEBUG] kept 3 candidates after filtering
[DEBUG] roi_desc = {'type': 'polygon', 'polygon': [(329.0, 318.0), (351.0, 301.0), (373.0, 280.0), (395.0, 264.0), (410.0, 237.0), (399.0, 194.0), (357.0, 161.0), (310.0, 167.0), (271.0, 175.0), (237.0, 188.0), (221.0, 208.0), (219.0, 222.0), (219.0, 239.0), (234.0, 245.0), (249.0, 255.0), (260.0, 269.0), (286.0, 288.0), (303.0, 300.0), (314.0, 310.0), (321.0, 313.0)]}
[DEBUG] mask nonzero = 218
[DEBUG] found 3 raw contours
[DEBUG] kept 3 candidates after filtering
[DEBUG] roi_desc = {'type': 'polygon', 'polygon': [(329.0, 318.0), (351.0, 301.0), (373.0, 280.0), (395.0, 264.0), (410.0, 237.0), (399.0, 194.0), (357.0, 161.0), (310.0, 167.0), (271.0, 175.0), (237.0, 188.0), (221.0, 208.0), (219.0, 222.0), (219.0, 239.0), (234.0, 245.0), (249.0, 255.0), (260.0, 269.0), (286.0, 288.0), (303.0, 300.0), (314.0, 310.0), (321.0, 313.0)]}
[DEBUG] mask nonzero = 220
[DEBUG] found 3 raw contours
[DEBUG] kept 3 candidates after filtering
[DEBUG] roi_desc = {'type': 'polygon', 'polygon': [(329.0, 318.0), (351.0, 301.0), (373.0, 280.0), (395.0, 264.0), (410.0, 237.0), (399.0, 194.0), (357.0, 161.0), (310.0, 167.0), (271.0, 175.0), (237.0, 188.0), (221.0, 208.0), (219.0, 222.0), (219.0, 239.0), (234.0, 245.0), (249.0, 255.0), (260.0, 269.0), (286.0, 288.0), (303.0, 300.0), (314.0, 310.0), (321.0, 313.0)]}
[DEBUG] mask nonzero = 216
[DEBUG] found 3 raw contours
[DEBUG] kept 3 candidates after filtering
[DEBUG] roi_desc = {'type': 'polygon', 'polygon': [(329.0, 318.0), (351.0, 301.0), (373.0, 280.0), (395.0, 264.0), (410.0, 237.0), (399.0, 194.0), (357.0, 161.0), (310.0, 167.0), (271.0, 175.0), (237.0, 188.0), (221.0, 208.0), (219.0, 222.0), (219.0, 239.0), (234.0, 245.0), (249.0, 255.0), (260.0, 269.0), (286.0, 288.0), (303.0, 300.0), (314.0, 310.0), (321.0, 313.0)]}
[DEBUG] mask nonzero = 222
[DEBUG] found 3 raw contours
[DEBUG] kept 3 candidates after filtering
[DEBUG] roi_desc = {'type': 'polygon', 'polygon': [(329.0, 318.0), (351.0, 301.0), (373.0, 280.0), (395.0, 264.0), (410.0, 237.0), (399.0, 194.0), (357.0, 161.0), (310.0, 167.0), (271.0, 175.0), (237.0, 188.0), (221.0, 208.0), (219.0, 222.0), (219.0, 239.0), (234.0, 245.0), (249.0, 255.0), (260.0, 269.0), (286.0, 288.0), (303.0, 300.0), (314.0, 310.0), (321.0, 313.0)]}
[DEBUG] mask nonzero = 223
[DEBUG] found 3 raw contours
[DEBUG] kept 3 candidates after filtering
[DEBUG] roi_desc = {'type': 'polygon', 'polygon': [(329.0, 318.0), (351.0, 301.0), (373.0, 280.0), (395.0, 264.0), (410.0, 237.0), (399.0, 194.0), (357.0, 161.0), (310.0, 167.0), (271.0, 175.0), (237.0, 188.0), (221.0, 208.0), (219.0, 222.0), (219.0, 239.0), (234.0, 245.0), (249.0, 255.0), (260.0, 269.0), (286.0, 288.0), (303.0, 300.0), (314.0, 310.0), (321.0, 313.0)]}
[DEBUG] mask nonzero = 222
[DEBUG] found 3 raw contours
[DEBUG] kept 3 candidates after filtering
[DEBUG] roi_desc = {'type': 'polygon', 'polygon': [(329.0, 318.0), (351.0, 301.0), (373.0, 280.0), (395.0, 264.0), (410.0, 237.0), (399.0, 194.0), (357.0, 161.0), (310.0, 167.0), (271.0, 175.0), (237.0, 188.0), (221.0, 208.0), (219.0, 222.0), (219.0, 239.0), (234.0, 245.0), (249.0, 255.0), (260.0, 269.0), (286.0, 288.0), (303.0, 300.0), (314.0, 310.0), (321.0, 313.0)]}
[DEBUG] mask nonzero = 214
[DEBUG] found 3 raw contours
[DEBUG] kept 3 candidates after filtering
[DEBUG] roi_desc = {'type': 'polygon', 'polygon': [(329.0, 318.0), (351.0, 301.0), (373.0, 280.0), (395.0, 264.0), (410.0, 237.0), (399.0, 194.0), (357.0, 161.0), (310.0, 167.0), (271.0, 175.0), (237.0, 188.0), (221.0, 208.0), (219.0, 222.0), (219.0, 239.0), (234.0, 245.0), (249.0, 255.0), (260.0, 269.0), (286.0, 288.0), (303.0, 300.0), (314.0, 310.0), (321.0, 313.0)]}
[DEBUG] mask nonzero = 221
[DEBUG] found 3 raw contours
[DEBUG] kept 3 candidates after filtering
[DEBUG] roi_desc = {'type': 'polygon', 'polygon': [(329.0, 318.0), (351.0, 301.0), (373.0, 280.0), (395.0, 264.0), (410.0, 237.0), (399.0, 194.0), (357.0, 161.0), (310.0, 167.0), (271.0, 175.0), (237.0, 188.0), (221.0, 208.0), (219.0, 222.0), (219.0, 239.0), (234.0, 245.0), (249.0, 255.0), (260.0, 269.0), (286.0, 288.0), (303.0, 300.0), (314.0, 310.0), (321.0, 313.0)]}
[DEBUG] mask nonzero = 219
[DEBUG] found 3 raw contours
[DEBUG] kept 3 candidates after filtering
[DEBUG] roi_desc = {'type': 'polygon', 'polygon': [(329.0, 318.0), (351.0, 301.0), (373.0, 280.0), (395.0, 264.0), (410.0, 237.0), (399.0, 194.0), (357.0, 161.0), (310.0, 167.0), (271.0, 175.0), (237.0, 188.0), (221.0, 208.0), (219.0, 222.0), (219.0, 239.0), (234.0, 245.0), (249.0, 255.0), (260.0, 269.0), (286.0, 288.0), (303.0, 300.0), (314.0, 310.0), (321.0, 313.0)]}
[DEBUG] mask nonzero = 217
[DEBUG] found 3 raw contours
[DEBUG] kept 3 candidates after filtering
[DEBUG] roi_desc = {'type': 'polygon', 'polygon': [(329.0, 318.0), (351.0, 301.0), (373.0, 280.0), (395.0, 264.0), (410.0, 237.0), (399.0, 194.0), (357.0, 161.0), (310.0, 167.0), (271.0, 175.0), (237.0, 188.0), (221.0, 208.0), (219.0, 222.0), (219.0, 239.0), (234.0, 245.0), (249.0, 255.0), (260.0, 269.0), (286.0, 288.0), (303.0, 300.0), (314.0, 310.0), (321.0, 313.0)]}
[DEBUG] mask nonzero = 222
[DEBUG] found 3 raw contours
[DEBUG] kept 3 candidates after filtering
[DEBUG] roi_desc = {'type': 'polygon', 'polygon': [(329.0, 318.0), (351.0, 301.0), (373.0, 280.0), (395.0, 264.0), (410.0, 237.0), (399.0, 194.0), (357.0, 161.0), (310.0, 167.0), (271.0, 175.0), (237.0, 188.0), (221.0, 208.0), (219.0, 222.0), (219.0, 239.0), (234.0, 245.0), (249.0, 255.0), (260.0, 269.0), (286.0, 288.0), (303.0, 300.0), (314.0, 310.0), (321.0, 313.0)]}
[DEBUG] mask nonzero = 219
[DEBUG] found 3 raw contours
[DEBUG] kept 3 candidates after filtering
[DEBUG] roi_desc = {'type': 'polygon', 'polygon': [(329.0, 318.0), (351.0, 301.0), (373.0, 280.0), (395.0, 264.0), (410.0, 237.0), (399.0, 194.0), (357.0, 161.0), (310.0, 167.0), (271.0, 175.0), (237.0, 188.0), (221.0, 208.0), (219.0, 222.0), (219.0, 239.0), (234.0, 245.0), (249.0, 255.0), (260.0, 269.0), (286.0, 288.0), (303.0, 300.0), (314.0, 310.0), (321.0, 313.0)]}
[DEBUG] mask nonzero = 221
[DEBUG] found 3 raw contours
[DEBUG] kept 3 candidates after filtering
[DEBUG] roi_desc = {'type': 'polygon', 'polygon': [(329.0, 318.0), (351.0, 301.0), (373.0, 280.0), (395.0, 264.0), (410.0, 237.0), (399.0, 194.0), (357.0, 161.0), (310.0, 167.0), (271.0, 175.0), (237.0, 188.0), (221.0, 208.0), (219.0, 222.0), (219.0, 239.0), (234.0, 245.0), (249.0, 255.0), (260.0, 269.0), (286.0, 288.0), (303.0, 300.0), (314.0, 310.0), (321.0, 313.0)]}
[DEBUG] mask nonzero = 216
[DEBUG] found 3 raw contours
[DEBUG] kept 3 candidates after filtering
[DEBUG] roi_desc = {'type': 'polygon', 'polygon': [(329.0, 318.0), (351.0, 301.0), (373.0, 280.0), (395.0, 264.0), (410.0, 237.0), (399.0, 194.0), (357.0, 161.0), (310.0, 167.0), (271.0, 175.0), (237.0, 188.0), (221.0, 208.0), (219.0, 222.0), (219.0, 239.0), (234.0, 245.0), (249.0, 255.0), (260.0, 269.0), (286.0, 288.0), (303.0, 300.0), (314.0, 310.0), (321.0, 313.0)]}
[DEBUG] mask nonzero = 222
[DEBUG] found 3 raw contours
[DEBUG] kept 3 candidates after filtering
[DEBUG] roi_desc = {'type': 'polygon', 'polygon': [(329.0, 318.0), (351.0, 301.0), (373.0, 280.0), (395.0, 264.0), (410.0, 237.0), (399.0, 194.0), (357.0, 161.0), (310.0, 167.0), (271.0, 175.0), (237.0, 188.0), (221.0, 208.0), (219.0, 222.0), (219.0, 239.0), (234.0, 245.0), (249.0, 255.0), (260.0, 269.0), (286.0, 288.0), (303.0, 300.0), (314.0, 310.0), (321.0, 313.0)]}
[DEBUG] mask nonzero = 223
[DEBUG] found 3 raw contours
[DEBUG] kept 3 candidates after filtering
[DEBUG] roi_desc = {'type': 'polygon', 'polygon': [(329.0, 318.0), (351.0, 301.0), (373.0, 280.0), (395.0, 264.0), (410.0, 237.0), (399.0, 194.0), (357.0, 161.0), (310.0, 167.0), (271.0, 175.0), (237.0, 188.0), (221.0, 208.0), (219.0, 222.0), (219.0, 239.0), (234.0, 245.0), (249.0, 255.0), (260.0, 269.0), (286.0, 288.0), (303.0, 300.0), (314.0, 310.0), (321.0, 313.0)]}
[DEBUG] mask nonzero = 221
[DEBUG] found 3 raw contours
[DEBUG] kept 3 candidates after filtering
[DEBUG] roi_desc = {'type': 'polygon', 'polygon': [(329.0, 318.0), (351.0, 301.0), (373.0, 280.0), (395.0, 264.0), (410.0, 237.0), (399.0, 194.0), (357.0, 161.0), (310.0, 167.0), (271.0, 175.0), (237.0, 188.0), (221.0, 208.0), (219.0, 222.0), (219.0, 239.0), (234.0, 245.0), (249.0, 255.0), (260.0, 269.0), (286.0, 288.0), (303.0, 300.0), (314.0, 310.0), (321.0, 313.0)]}
[DEBUG] mask nonzero = 222
[DEBUG] found 3 raw contours
[DEBUG] kept 3 candidates after filtering
[DEBUG] roi_desc = {'type': 'polygon', 'polygon': [(329.0, 318.0), (351.0, 301.0), (373.0, 280.0), (395.0, 264.0), (410.0, 237.0), (399.0, 194.0), (357.0, 161.0), (310.0, 167.0), (271.0, 175.0), (237.0, 188.0), (221.0, 208.0), (219.0, 222.0), (219.0, 239.0), (234.0, 245.0), (249.0, 255.0), (260.0, 269.0), (286.0, 288.0), (303.0, 300.0), (314.0, 310.0), (321.0, 313.0)]}
[DEBUG] mask nonzero = 220
[DEBUG] found 3 raw contours
[DEBUG] kept 3 candidates after filtering
[DEBUG] roi_desc = {'type': 'polygon', 'polygon': [(329.0, 318.0), (351.0, 301.0), (373.0, 280.0), (395.0, 264.0), (410.0, 237.0), (399.0, 194.0), (357.0, 161.0), (310.0, 167.0), (271.0, 175.0), (237.0, 188.0), (221.0, 208.0), (219.0, 222.0), (219.0, 239.0), (234.0, 245.0), (249.0, 255.0), (260.0, 269.0), (286.0, 288.0), (303.0, 300.0), (314.0, 310.0), (321.0, 313.0)]}
[DEBUG] mask nonzero = 222
[DEBUG] found 3 raw contours
[DEBUG] kept 3 candidates after filtering
[DEBUG] roi_desc = {'type': 'polygon', 'polygon': [(329.0, 318.0), (351.0, 301.0), (373.0, 280.0), (395.0, 264.0), (410.0, 237.0), (399.0, 194.0), (357.0, 161.0), (310.0, 167.0), (271.0, 175.0), (237.0, 188.0), (221.0, 208.0), (219.0, 222.0), (219.0, 239.0), (234.0, 245.0), (249.0, 255.0), (260.0, 269.0), (286.0, 288.0), (303.0, 300.0), (314.0, 310.0), (321.0, 313.0)]}
[DEBUG] mask nonzero = 220
[DEBUG] found 3 raw contours
[DEBUG] kept 3 candidates after filtering
[DEBUG] roi_desc = {'type': 'polygon', 'polygon': [(329.0, 318.0), (351.0, 301.0), (373.0, 280.0), (395.0, 264.0), (410.0, 237.0), (399.0, 194.0), (357.0, 161.0), (310.0, 167.0), (271.0, 175.0), (237.0, 188.0), (221.0, 208.0), (219.0, 222.0), (219.0, 239.0), (234.0, 245.0), (249.0, 255.0), (260.0, 269.0), (286.0, 288.0), (303.0, 300.0), (314.0, 310.0), (321.0, 313.0)]}
[DEBUG] mask nonzero = 220
[DEBUG] found 3 raw contours
[DEBUG] kept 3 candidates after filtering
[DEBUG] roi_desc = {'type': 'polygon', 'polygon': [(329.0, 318.0), (351.0, 301.0), (373.0, 280.0), (395.0, 264.0), (410.0, 237.0), (399.0, 194.0), (357.0, 161.0), (310.0, 167.0), (271.0, 175.0), (237.0, 188.0), (221.0, 208.0), (219.0, 222.0), (219.0, 239.0), (234.0, 245.0), (249.0, 255.0), (260.0, 269.0), (286.0, 288.0), (303.0, 300.0), (314.0, 310.0), (321.0, 313.0)]}
[DEBUG] mask nonzero = 220
[DEBUG] found 3 raw contours
[DEBUG] kept 3 candidates after filtering
[DEBUG] roi_desc = {'type': 'polygon', 'polygon': [(329.0, 318.0), (351.0, 301.0), (373.0, 280.0), (395.0, 264.0), (410.0, 237.0), (399.0, 194.0), (357.0, 161.0), (310.0, 167.0), (271.0, 175.0), (237.0, 188.0), (221.0, 208.0), (219.0, 222.0), (219.0, 239.0), (234.0, 245.0), (249.0, 255.0), (260.0, 269.0), (286.0, 288.0), (303.0, 300.0), (314.0, 310.0), (321.0, 313.0)]}
[DEBUG] mask nonzero = 223
[DEBUG] found 3 raw contours
[DEBUG] kept 3 candidates after filtering
[DEBUG] roi_desc = {'type': 'polygon', 'polygon': [(329.0, 318.0), (351.0, 301.0), (373.0, 280.0), (395.0, 264.0), (410.0, 237.0), (399.0, 194.0), (357.0, 161.0), (310.0, 167.0), (271.0, 175.0), (237.0, 188.0), (221.0, 208.0), (219.0, 222.0), (219.0, 239.0), (234.0, 245.0), (249.0, 255.0), (260.0, 269.0), (286.0, 288.0), (303.0, 300.0), (314.0, 310.0), (321.0, 313.0)]}
[DEBUG] mask nonzero = 220
[DEBUG] found 3 raw contours
[DEBUG] kept 3 candidates after filtering
[DEBUG] roi_desc = {'type': 'polygon', 'polygon': [(329.0, 318.0), (351.0, 301.0), (373.0, 280.0), (395.0, 264.0), (410.0, 237.0), (399.0, 194.0), (357.0, 161.0), (310.0, 167.0), (271.0, 175.0), (237.0, 188.0), (221.0, 208.0), (219.0, 222.0), (219.0, 239.0), (234.0, 245.0), (249.0, 255.0), (260.0, 269.0), (286.0, 288.0), (303.0, 300.0), (314.0, 310.0), (321.0, 313.0)]}
[DEBUG] mask nonzero = 219
[DEBUG] found 3 raw contours
[DEBUG] kept 3 candidates after filtering
[DEBUG] roi_desc = {'type': 'polygon', 'polygon': [(329.0, 318.0), (351.0, 301.0), (373.0, 280.0), (395.0, 264.0), (410.0, 237.0), (399.0, 194.0), (357.0, 161.0), (310.0, 167.0), (271.0, 175.0), (237.0, 188.0), (221.0, 208.0), (219.0, 222.0), (219.0, 239.0), (234.0, 245.0), (249.0, 255.0), (260.0, 269.0), (286.0, 288.0), (303.0, 300.0), (314.0, 310.0), (321.0, 313.0)]}
[DEBUG] mask nonzero = 218
[DEBUG] found 3 raw contours
[DEBUG] kept 3 candidates after filtering
[DEBUG] roi_desc = {'type': 'polygon', 'polygon': [(329.0, 318.0), (351.0, 301.0), (373.0, 280.0), (395.0, 264.0), (410.0, 237.0), (399.0, 194.0), (357.0, 161.0), (310.0, 167.0), (271.0, 175.0), (237.0, 188.0), (221.0, 208.0), (219.0, 222.0), (219.0, 239.0), (234.0, 245.0), (249.0, 255.0), (260.0, 269.0), (286.0, 288.0), (303.0, 300.0), (314.0, 310.0), (321.0, 313.0)]}
[DEBUG] mask nonzero = 221
[DEBUG] found 3 raw contours
[DEBUG] kept 3 candidates after filtering
[DEBUG] roi_desc = {'type': 'polygon', 'polygon': [(329.0, 318.0), (351.0, 301.0), (373.0, 280.0), (395.0, 264.0), (410.0, 237.0), (399.0, 194.0), (357.0, 161.0), (310.0, 167.0), (271.0, 175.0), (237.0, 188.0), (221.0, 208.0), (219.0, 222.0), (219.0, 239.0), (234.0, 245.0), (249.0, 255.0), (260.0, 269.0), (286.0, 288.0), (303.0, 300.0), (314.0, 310.0), (321.0, 313.0)]}
[DEBUG] mask nonzero = 222
[DEBUG] found 3 raw contours
[DEBUG] kept 3 candidates after filtering
[DEBUG] roi_desc = {'type': 'polygon', 'polygon': [(329.0, 318.0), (351.0, 301.0), (373.0, 280.0), (395.0, 264.0), (410.0, 237.0), (399.0, 194.0), (357.0, 161.0), (310.0, 167.0), (271.0, 175.0), (237.0, 188.0), (221.0, 208.0), (219.0, 222.0), (219.0, 239.0), (234.0, 245.0), (249.0, 255.0), (260.0, 269.0), (286.0, 288.0), (303.0, 300.0), (314.0, 310.0), (321.0, 313.0)]}
[DEBUG] mask nonzero = 222
[DEBUG] found 3 raw contours
[DEBUG] kept 3 candidates after filtering
[DEBUG] roi_desc = {'type': 'polygon', 'polygon': [(329.0, 318.0), (351.0, 301.0), (373.0, 280.0), (395.0, 264.0), (410.0, 237.0), (399.0, 194.0), (357.0, 161.0), (310.0, 167.0), (271.0, 175.0), (237.0, 188.0), (221.0, 208.0), (219.0, 222.0), (219.0, 239.0), (234.0, 245.0), (249.0, 255.0), (260.0, 269.0), (286.0, 288.0), (303.0, 300.0), (314.0, 310.0), (321.0, 313.0)]}
[DEBUG] mask nonzero = 221
[DEBUG] found 3 raw contours
[DEBUG] kept 3 candidates after filtering
[DEBUG] roi_desc = {'type': 'polygon', 'polygon': [(329.0, 318.0), (351.0, 301.0), (373.0, 280.0), (395.0, 264.0), (410.0, 237.0), (399.0, 194.0), (357.0, 161.0), (310.0, 167.0), (271.0, 175.0), (237.0, 188.0), (221.0, 208.0), (219.0, 222.0), (219.0, 239.0), (234.0, 245.0), (249.0, 255.0), (260.0, 269.0), (286.0, 288.0), (303.0, 300.0), (314.0, 310.0), (321.0, 313.0)]}
[DEBUG] mask nonzero = 224
[DEBUG] found 3 raw contours
[DEBUG] kept 3 candidates after filtering
[DEBUG] roi_desc = {'type': 'polygon', 'polygon': [(329.0, 318.0), (351.0, 301.0), (373.0, 280.0), (395.0, 264.0), (410.0, 237.0), (399.0, 194.0), (357.0, 161.0), (310.0, 167.0), (271.0, 175.0), (237.0, 188.0), (221.0, 208.0), (219.0, 222.0), (219.0, 239.0), (234.0, 245.0), (249.0, 255.0), (260.0, 269.0), (286.0, 288.0), (303.0, 300.0), (314.0, 310.0), (321.0, 313.0)]}
[DEBUG] mask nonzero = 222
[DEBUG] found 3 raw contours
[DEBUG] kept 3 candidates after filtering
[DEBUG] roi_desc = {'type': 'polygon', 'polygon': [(329.0, 318.0), (351.0, 301.0), (373.0, 280.0), (395.0, 264.0), (410.0, 237.0), (399.0, 194.0), (357.0, 161.0), (310.0, 167.0), (271.0, 175.0), (237.0, 188.0), (221.0, 208.0), (219.0, 222.0), (219.0, 239.0), (234.0, 245.0), (249.0, 255.0), (260.0, 269.0), (286.0, 288.0), (303.0, 300.0), (314.0, 310.0), (321.0, 313.0)]}
[DEBUG] mask nonzero = 224
[DEBUG] found 3 raw contours
[DEBUG] kept 3 candidates after filtering
[DEBUG] roi_desc = {'type': 'polygon', 'polygon': [(329.0, 318.0), (351.0, 301.0), (373.0, 280.0), (395.0, 264.0), (410.0, 237.0), (399.0, 194.0), (357.0, 161.0), (310.0, 167.0), (271.0, 175.0), (237.0, 188.0), (221.0, 208.0), (219.0, 222.0), (219.0, 239.0), (234.0, 245.0), (249.0, 255.0), (260.0, 269.0), (286.0, 288.0), (303.0, 300.0), (314.0, 310.0), (321.0, 313.0)]}
[DEBUG] mask nonzero = 224
[DEBUG] found 3 raw contours
[DEBUG] kept 3 candidates after filtering
[DEBUG] roi_desc = {'type': 'polygon', 'polygon': [(329.0, 318.0), (351.0, 301.0), (373.0, 280.0), (395.0, 264.0), (410.0, 237.0), (399.0, 194.0), (357.0, 161.0), (310.0, 167.0), (271.0, 175.0), (237.0, 188.0), (221.0, 208.0), (219.0, 222.0), (219.0, 239.0), (234.0, 245.0), (249.0, 255.0), (260.0, 269.0), (286.0, 288.0), (303.0, 300.0), (314.0, 310.0), (321.0, 313.0)]}
[DEBUG] mask nonzero = 222
[DEBUG] found 3 raw contours
[DEBUG] kept 3 candidates after filtering
[DEBUG] roi_desc = {'type': 'polygon', 'polygon': [(329.0, 318.0), (351.0, 301.0), (373.0, 280.0), (395.0, 264.0), (410.0, 237.0), (399.0, 194.0), (357.0, 161.0), (310.0, 167.0), (271.0, 175.0), (237.0, 188.0), (221.0, 208.0), (219.0, 222.0), (219.0, 239.0), (234.0, 245.0), (249.0, 255.0), (260.0, 269.0), (286.0, 288.0), (303.0, 300.0), (314.0, 310.0), (321.0, 313.0)]}
[DEBUG] mask nonzero = 221
[DEBUG] found 3 raw contours
[DEBUG] kept 3 candidates after filtering
[DEBUG] roi_desc = {'type': 'polygon', 'polygon': [(329.0, 318.0), (351.0, 301.0), (373.0, 280.0), (395.0, 264.0), (410.0, 237.0), (399.0, 194.0), (357.0, 161.0), (310.0, 167.0), (271.0, 175.0), (237.0, 188.0), (221.0, 208.0), (219.0, 222.0), (219.0, 239.0), (234.0, 245.0), (249.0, 255.0), (260.0, 269.0), (286.0, 288.0), (303.0, 300.0), (314.0, 310.0), (321.0, 313.0)]}
[DEBUG] mask nonzero = 215
[DEBUG] found 3 raw contours
[DEBUG] kept 3 candidates after filtering
[DEBUG] roi_desc = {'type': 'polygon', 'polygon': [(329.0, 318.0), (351.0, 301.0), (373.0, 280.0), (395.0, 264.0), (410.0, 237.0), (399.0, 194.0), (357.0, 161.0), (310.0, 167.0), (271.0, 175.0), (237.0, 188.0), (221.0, 208.0), (219.0, 222.0), (219.0, 239.0), (234.0, 245.0), (249.0, 255.0), (260.0, 269.0), (286.0, 288.0), (303.0, 300.0), (314.0, 310.0), (321.0, 313.0)]}
[DEBUG] mask nonzero = 218
[DEBUG] found 3 raw contours
[DEBUG] kept 3 candidates after filtering
[DEBUG] roi_desc = {'type': 'polygon', 'polygon': [(329.0, 318.0), (351.0, 301.0), (373.0, 280.0), (395.0, 264.0), (410.0, 237.0), (399.0, 194.0), (357.0, 161.0), (310.0, 167.0), (271.0, 175.0), (237.0, 188.0), (221.0, 208.0), (219.0, 222.0), (219.0, 239.0), (234.0, 245.0), (249.0, 255.0), (260.0, 269.0), (286.0, 288.0), (303.0, 300.0), (314.0, 310.0), (321.0, 313.0)]}
[DEBUG] mask nonzero = 219
[DEBUG] found 3 raw contours
[DEBUG] kept 3 candidates after filtering
[DEBUG] roi_desc = {'type': 'polygon', 'polygon': [(329.0, 318.0), (351.0, 301.0), (373.0, 280.0), (395.0, 264.0), (410.0, 237.0), (399.0, 194.0), (357.0, 161.0), (310.0, 167.0), (271.0, 175.0), (237.0, 188.0), (221.0, 208.0), (219.0, 222.0), (219.0, 239.0), (234.0, 245.0), (249.0, 255.0), (260.0, 269.0), (286.0, 288.0), (303.0, 300.0), (314.0, 310.0), (321.0, 313.0)]}
[DEBUG] mask nonzero = 222
[DEBUG] found 3 raw contours
[DEBUG] kept 3 candidates after filtering
[DEBUG] roi_desc = {'type': 'polygon', 'polygon': [(329.0, 318.0), (351.0, 301.0), (373.0, 280.0), (395.0, 264.0), (410.0, 237.0), (399.0, 194.0), (357.0, 161.0), (310.0, 167.0), (271.0, 175.0), (237.0, 188.0), (221.0, 208.0), (219.0, 222.0), (219.0, 239.0), (234.0, 245.0), (249.0, 255.0), (260.0, 269.0), (286.0, 288.0), (303.0, 300.0), (314.0, 310.0), (321.0, 313.0)]}
[DEBUG] mask nonzero = 223
[DEBUG] found 3 raw contours
[DEBUG] kept 3 candidates after filtering
[DEBUG] roi_desc = {'type': 'polygon', 'polygon': [(329.0, 318.0), (351.0, 301.0), (373.0, 280.0), (395.0, 264.0), (410.0, 237.0), (399.0, 194.0), (357.0, 161.0), (310.0, 167.0), (271.0, 175.0), (237.0, 188.0), (221.0, 208.0), (219.0, 222.0), (219.0, 239.0), (234.0, 245.0), (249.0, 255.0), (260.0, 269.0), (286.0, 288.0), (303.0, 300.0), (314.0, 310.0), (321.0, 313.0)]}
[DEBUG] mask nonzero = 219
[DEBUG] found 3 raw contours
[DEBUG] kept 3 candidates after filtering
[DEBUG] roi_desc = {'type': 'polygon', 'polygon': [(329.0, 318.0), (351.0, 301.0), (373.0, 280.0), (395.0, 264.0), (410.0, 237.0), (399.0, 194.0), (357.0, 161.0), (310.0, 167.0), (271.0, 175.0), (237.0, 188.0), (221.0, 208.0), (219.0, 222.0), (219.0, 239.0), (234.0, 245.0), (249.0, 255.0), (260.0, 269.0), (286.0, 288.0), (303.0, 300.0), (314.0, 310.0), (321.0, 313.0)]}
[DEBUG] mask nonzero = 223
[DEBUG] found 3 raw contours
[DEBUG] kept 3 candidates after filtering
[DEBUG] roi_desc = {'type': 'polygon', 'polygon': [(329.0, 318.0), (351.0, 301.0), (373.0, 280.0), (395.0, 264.0), (410.0, 237.0), (399.0, 194.0), (357.0, 161.0), (310.0, 167.0), (271.0, 175.0), (237.0, 188.0), (221.0, 208.0), (219.0, 222.0), (219.0, 239.0), (234.0, 245.0), (249.0, 255.0), (260.0, 269.0), (286.0, 288.0), (303.0, 300.0), (314.0, 310.0), (321.0, 313.0)]}
[DEBUG] mask nonzero = 220
[DEBUG] found 3 raw contours
[DEBUG] kept 3 candidates after filtering
[DEBUG] roi_desc = {'type': 'polygon', 'polygon': [(329.0, 318.0), (351.0, 301.0), (373.0, 280.0), (395.0, 264.0), (410.0, 237.0), (399.0, 194.0), (357.0, 161.0), (310.0, 167.0), (271.0, 175.0), (237.0, 188.0), (221.0, 208.0), (219.0, 222.0), (219.0, 239.0), (234.0, 245.0), (249.0, 255.0), (260.0, 269.0), (286.0, 288.0), (303.0, 300.0), (314.0, 310.0), (321.0, 313.0)]}
[DEBUG] mask nonzero = 224
[DEBUG] found 3 raw contours
[DEBUG] kept 3 candidates after filtering
[DEBUG] roi_desc = {'type': 'polygon', 'polygon': [(329.0, 318.0), (351.0, 301.0), (373.0, 280.0), (395.0, 264.0), (410.0, 237.0), (399.0, 194.0), (357.0, 161.0), (310.0, 167.0), (271.0, 175.0), (237.0, 188.0), (221.0, 208.0), (219.0, 222.0), (219.0, 239.0), (234.0, 245.0), (249.0, 255.0), (260.0, 269.0), (286.0, 288.0), (303.0, 300.0), (314.0, 310.0), (321.0, 313.0)]}
[DEBUG] mask nonzero = 223
[DEBUG] found 3 raw contours
[DEBUG] kept 3 candidates after filtering
[DEBUG] roi_desc = {'type': 'polygon', 'polygon': [(329.0, 318.0), (351.0, 301.0), (373.0, 280.0), (395.0, 264.0), (410.0, 237.0), (399.0, 194.0), (357.0, 161.0), (310.0, 167.0), (271.0, 175.0), (237.0, 188.0), (221.0, 208.0), (219.0, 222.0), (219.0, 239.0), (234.0, 245.0), (249.0, 255.0), (260.0, 269.0), (286.0, 288.0), (303.0, 300.0), (314.0, 310.0), (321.0, 313.0)]}
[DEBUG] mask nonzero = 217
[DEBUG] found 3 raw contours
[DEBUG] kept 3 candidates after filtering
[DEBUG] roi_desc = {'type': 'polygon', 'polygon': [(329.0, 318.0), (351.0, 301.0), (373.0, 280.0), (395.0, 264.0), (410.0, 237.0), (399.0, 194.0), (357.0, 161.0), (310.0, 167.0), (271.0, 175.0), (237.0, 188.0), (221.0, 208.0), (219.0, 222.0), (219.0, 239.0), (234.0, 245.0), (249.0, 255.0), (260.0, 269.0), (286.0, 288.0), (303.0, 300.0), (314.0, 310.0), (321.0, 313.0)]}
[DEBUG] mask nonzero = 220
[DEBUG] found 3 raw contours
[DEBUG] kept 3 candidates after filtering
[DEBUG] roi_desc = {'type': 'polygon', 'polygon': [(329.0, 318.0), (351.0, 301.0), (373.0, 280.0), (395.0, 264.0), (410.0, 237.0), (399.0, 194.0), (357.0, 161.0), (310.0, 167.0), (271.0, 175.0), (237.0, 188.0), (221.0, 208.0), (219.0, 222.0), (219.0, 239.0), (234.0, 245.0), (249.0, 255.0), (260.0, 269.0), (286.0, 288.0), (303.0, 300.0), (314.0, 310.0), (321.0, 313.0)]}
[DEBUG] mask nonzero = 218
[DEBUG] found 3 raw contours
[DEBUG] kept 3 candidates after filtering
[DEBUG] roi_desc = {'type': 'polygon', 'polygon': [(329.0, 318.0), (351.0, 301.0), (373.0, 280.0), (395.0, 264.0), (410.0, 237.0), (399.0, 194.0), (357.0, 161.0), (310.0, 167.0), (271.0, 175.0), (237.0, 188.0), (221.0, 208.0), (219.0, 222.0), (219.0, 239.0), (234.0, 245.0), (249.0, 255.0), (260.0, 269.0), (286.0, 288.0), (303.0, 300.0), (314.0, 310.0), (321.0, 313.0)]}
[DEBUG] mask nonzero = 225
[DEBUG] found 3 raw contours
[DEBUG] kept 3 candidates after filtering
[DEBUG] roi_desc = {'type': 'polygon', 'polygon': [(329.0, 318.0), (351.0, 301.0), (373.0, 280.0), (395.0, 264.0), (410.0, 237.0), (399.0, 194.0), (357.0, 161.0), (310.0, 167.0), (271.0, 175.0), (237.0, 188.0), (221.0, 208.0), (219.0, 222.0), (219.0, 239.0), (234.0, 245.0), (249.0, 255.0), (260.0, 269.0), (286.0, 288.0), (303.0, 300.0), (314.0, 310.0), (321.0, 313.0)]}
[DEBUG] mask nonzero = 221
[DEBUG] found 3 raw contours
[DEBUG] kept 3 candidates after filtering
[DEBUG] roi_desc = {'type': 'polygon', 'polygon': [(329.0, 318.0), (351.0, 301.0), (373.0, 280.0), (395.0, 264.0), (410.0, 237.0), (399.0, 194.0), (357.0, 161.0), (310.0, 167.0), (271.0, 175.0), (237.0, 188.0), (221.0, 208.0), (219.0, 222.0), (219.0, 239.0), (234.0, 245.0), (249.0, 255.0), (260.0, 269.0), (286.0, 288.0), (303.0, 300.0), (314.0, 310.0), (321.0, 313.0)]}
[DEBUG] mask nonzero = 222
[DEBUG] found 3 raw contours
[DEBUG] kept 3 candidates after filtering
[DEBUG] roi_desc = {'type': 'polygon', 'polygon': [(329.0, 318.0), (351.0, 301.0), (373.0, 280.0), (395.0, 264.0), (410.0, 237.0), (399.0, 194.0), (357.0, 161.0), (310.0, 167.0), (271.0, 175.0), (237.0, 188.0), (221.0, 208.0), (219.0, 222.0), (219.0, 239.0), (234.0, 245.0), (249.0, 255.0), (260.0, 269.0), (286.0, 288.0), (303.0, 300.0), (314.0, 310.0), (321.0, 313.0)]}
[DEBUG] mask nonzero = 223
[DEBUG] found 3 raw contours
[DEBUG] kept 3 candidates after filtering
[DEBUG] roi_desc = {'type': 'polygon', 'polygon': [(329.0, 318.0), (351.0, 301.0), (373.0, 280.0), (395.0, 264.0), (410.0, 237.0), (399.0, 194.0), (357.0, 161.0), (310.0, 167.0), (271.0, 175.0), (237.0, 188.0), (221.0, 208.0), (219.0, 222.0), (219.0, 239.0), (234.0, 245.0), (249.0, 255.0), (260.0, 269.0), (286.0, 288.0), (303.0, 300.0), (314.0, 310.0), (321.0, 313.0)]}
[DEBUG] mask nonzero = 222
[DEBUG] found 3 raw contours
[DEBUG] kept 3 candidates after filtering
[DEBUG] roi_desc = {'type': 'polygon', 'polygon': [(329.0, 318.0), (351.0, 301.0), (373.0, 280.0), (395.0, 264.0), (410.0, 237.0), (399.0, 194.0), (357.0, 161.0), (310.0, 167.0), (271.0, 175.0), (237.0, 188.0), (221.0, 208.0), (219.0, 222.0), (219.0, 239.0), (234.0, 245.0), (249.0, 255.0), (260.0, 269.0), (286.0, 288.0), (303.0, 300.0), (314.0, 310.0), (321.0, 313.0)]}
[DEBUG] mask nonzero = 220
[DEBUG] found 3 raw contours
[DEBUG] kept 3 candidates after filtering
[DEBUG] roi_desc = {'type': 'polygon', 'polygon': [(329.0, 318.0), (351.0, 301.0), (373.0, 280.0), (395.0, 264.0), (410.0, 237.0), (399.0, 194.0), (357.0, 161.0), (310.0, 167.0), (271.0, 175.0), (237.0, 188.0), (221.0, 208.0), (219.0, 222.0), (219.0, 239.0), (234.0, 245.0), (249.0, 255.0), (260.0, 269.0), (286.0, 288.0), (303.0, 300.0), (314.0, 310.0), (321.0, 313.0)]}
[DEBUG] mask nonzero = 224
[DEBUG] found 3 raw contours
[DEBUG] kept 3 candidates after filtering
[DEBUG] roi_desc = {'type': 'polygon', 'polygon': [(329.0, 318.0), (351.0, 301.0), (373.0, 280.0), (395.0, 264.0), (410.0, 237.0), (399.0, 194.0), (357.0, 161.0), (310.0, 167.0), (271.0, 175.0), (237.0, 188.0), (221.0, 208.0), (219.0, 222.0), (219.0, 239.0), (234.0, 245.0), (249.0, 255.0), (260.0, 269.0), (286.0, 288.0), (303.0, 300.0), (314.0, 310.0), (321.0, 313.0)]}
[DEBUG] mask nonzero = 219
[DEBUG] found 3 raw contours
[DEBUG] kept 3 candidates after filtering
[DEBUG] roi_desc = {'type': 'polygon', 'polygon': [(329.0, 318.0), (351.0, 301.0), (373.0, 280.0), (395.0, 264.0), (410.0, 237.0), (399.0, 194.0), (357.0, 161.0), (310.0, 167.0), (271.0, 175.0), (237.0, 188.0), (221.0, 208.0), (219.0, 222.0), (219.0, 239.0), (234.0, 245.0), (249.0, 255.0), (260.0, 269.0), (286.0, 288.0), (303.0, 300.0), (314.0, 310.0), (321.0, 313.0)]}
[DEBUG] mask nonzero = 222
[DEBUG] found 3 raw contours
[DEBUG] kept 3 candidates after filtering
[DEBUG] roi_desc = {'type': 'polygon', 'polygon': [(329.0, 318.0), (351.0, 301.0), (373.0, 280.0), (395.0, 264.0), (410.0, 237.0), (399.0, 194.0), (357.0, 161.0), (310.0, 167.0), (271.0, 175.0), (237.0, 188.0), (221.0, 208.0), (219.0, 222.0), (219.0, 239.0), (234.0, 245.0), (249.0, 255.0), (260.0, 269.0), (286.0, 288.0), (303.0, 300.0), (314.0, 310.0), (321.0, 313.0)]}
[DEBUG] mask nonzero = 219
[DEBUG] found 3 raw contours
[DEBUG] kept 3 candidates after filtering
[DEBUG] roi_desc = {'type': 'polygon', 'polygon': [(329.0, 318.0), (351.0, 301.0), (373.0, 280.0), (395.0, 264.0), (410.0, 237.0), (399.0, 194.0), (357.0, 161.0), (310.0, 167.0), (271.0, 175.0), (237.0, 188.0), (221.0, 208.0), (219.0, 222.0), (219.0, 239.0), (234.0, 245.0), (249.0, 255.0), (260.0, 269.0), (286.0, 288.0), (303.0, 300.0), (314.0, 310.0), (321.0, 313.0)]}
[DEBUG] mask nonzero = 221
[DEBUG] found 3 raw contours
[DEBUG] kept 3 candidates after filtering
[DEBUG] roi_desc = {'type': 'polygon', 'polygon': [(329.0, 318.0), (351.0, 301.0), (373.0, 280.0), (395.0, 264.0), (410.0, 237.0), (399.0, 194.0), (357.0, 161.0), (310.0, 167.0), (271.0, 175.0), (237.0, 188.0), (221.0, 208.0), (219.0, 222.0), (219.0, 239.0), (234.0, 245.0), (249.0, 255.0), (260.0, 269.0), (286.0, 288.0), (303.0, 300.0), (314.0, 310.0), (321.0, 313.0)]}
[DEBUG] mask nonzero = 224
[DEBUG] found 3 raw contours
[DEBUG] kept 3 candidates after filtering
[DEBUG] roi_desc = {'type': 'polygon', 'polygon': [(329.0, 318.0), (351.0, 301.0), (373.0, 280.0), (395.0, 264.0), (410.0, 237.0), (399.0, 194.0), (357.0, 161.0), (310.0, 167.0), (271.0, 175.0), (237.0, 188.0), (221.0, 208.0), (219.0, 222.0), (219.0, 239.0), (234.0, 245.0), (249.0, 255.0), (260.0, 269.0), (286.0, 288.0), (303.0, 300.0), (314.0, 310.0), (321.0, 313.0)]}
[DEBUG] mask nonzero = 223
[DEBUG] found 3 raw contours
[DEBUG] kept 3 candidates after filtering
[DEBUG] roi_desc = {'type': 'polygon', 'polygon': [(329.0, 318.0), (351.0, 301.0), (373.0, 280.0), (395.0, 264.0), (410.0, 237.0), (399.0, 194.0), (357.0, 161.0), (310.0, 167.0), (271.0, 175.0), (237.0, 188.0), (221.0, 208.0), (219.0, 222.0), (219.0, 239.0), (234.0, 245.0), (249.0, 255.0), (260.0, 269.0), (286.0, 288.0), (303.0, 300.0), (314.0, 310.0), (321.0, 313.0)]}
[DEBUG] mask nonzero = 223
[DEBUG] found 3 raw contours
[DEBUG] kept 3 candidates after filtering
[DEBUG] roi_desc = {'type': 'polygon', 'polygon': [(329.0, 318.0), (351.0, 301.0), (373.0, 280.0), (395.0, 264.0), (410.0, 237.0), (399.0, 194.0), (357.0, 161.0), (310.0, 167.0), (271.0, 175.0), (237.0, 188.0), (221.0, 208.0), (219.0, 222.0), (219.0, 239.0), (234.0, 245.0), (249.0, 255.0), (260.0, 269.0), (286.0, 288.0), (303.0, 300.0), (314.0, 310.0), (321.0, 313.0)]}
[DEBUG] mask nonzero = 221
[DEBUG] found 3 raw contours
[DEBUG] kept 3 candidates after filtering
[DEBUG] roi_desc = {'type': 'polygon', 'polygon': [(329.0, 318.0), (351.0, 301.0), (373.0, 280.0), (395.0, 264.0), (410.0, 237.0), (399.0, 194.0), (357.0, 161.0), (310.0, 167.0), (271.0, 175.0), (237.0, 188.0), (221.0, 208.0), (219.0, 222.0), (219.0, 239.0), (234.0, 245.0), (249.0, 255.0), (260.0, 269.0), (286.0, 288.0), (303.0, 300.0), (314.0, 310.0), (321.0, 313.0)]}
[DEBUG] mask nonzero = 216
[DEBUG] found 3 raw contours
[DEBUG] kept 3 candidates after filtering
[DEBUG] roi_desc = {'type': 'polygon', 'polygon': [(329.0, 318.0), (351.0, 301.0), (373.0, 280.0), (395.0, 264.0), (410.0, 237.0), (399.0, 194.0), (357.0, 161.0), (310.0, 167.0), (271.0, 175.0), (237.0, 188.0), (221.0, 208.0), (219.0, 222.0), (219.0, 239.0), (234.0, 245.0), (249.0, 255.0), (260.0, 269.0), (286.0, 288.0), (303.0, 300.0), (314.0, 310.0), (321.0, 313.0)]}
[DEBUG] mask nonzero = 221
[DEBUG] found 3 raw contours
[DEBUG] kept 3 candidates after filtering
[DEBUG] roi_desc = {'type': 'polygon', 'polygon': [(329.0, 318.0), (351.0, 301.0), (373.0, 280.0), (395.0, 264.0), (410.0, 237.0), (399.0, 194.0), (357.0, 161.0), (310.0, 167.0), (271.0, 175.0), (237.0, 188.0), (221.0, 208.0), (219.0, 222.0), (219.0, 239.0), (234.0, 245.0), (249.0, 255.0), (260.0, 269.0), (286.0, 288.0), (303.0, 300.0), (314.0, 310.0), (321.0, 313.0)]}
[DEBUG] mask nonzero = 224
[DEBUG] found 3 raw contours
[DEBUG] kept 3 candidates after filtering
[DEBUG] roi_desc = {'type': 'polygon', 'polygon': [(329.0, 318.0), (351.0, 301.0), (373.0, 280.0), (395.0, 264.0), (410.0, 237.0), (399.0, 194.0), (357.0, 161.0), (310.0, 167.0), (271.0, 175.0), (237.0, 188.0), (221.0, 208.0), (219.0, 222.0), (219.0, 239.0), (234.0, 245.0), (249.0, 255.0), (260.0, 269.0), (286.0, 288.0), (303.0, 300.0), (314.0, 310.0), (321.0, 313.0)]}
[DEBUG] mask nonzero = 223
[DEBUG] found 3 raw contours
[DEBUG] kept 3 candidates after filtering
[DEBUG] roi_desc = {'type': 'polygon', 'polygon': [(329.0, 318.0), (351.0, 301.0), (373.0, 280.0), (395.0, 264.0), (410.0, 237.0), (399.0, 194.0), (357.0, 161.0), (310.0, 167.0), (271.0, 175.0), (237.0, 188.0), (221.0, 208.0), (219.0, 222.0), (219.0, 239.0), (234.0, 245.0), (249.0, 255.0), (260.0, 269.0), (286.0, 288.0), (303.0, 300.0), (314.0, 310.0), (321.0, 313.0)]}
[DEBUG] mask nonzero = 218
[DEBUG] found 3 raw contours
[DEBUG] kept 3 candidates after filtering
[DEBUG] roi_desc = {'type': 'polygon', 'polygon': [(329.0, 318.0), (351.0, 301.0), (373.0, 280.0), (395.0, 264.0), (410.0, 237.0), (399.0, 194.0), (357.0, 161.0), (310.0, 167.0), (271.0, 175.0), (237.0, 188.0), (221.0, 208.0), (219.0, 222.0), (219.0, 239.0), (234.0, 245.0), (249.0, 255.0), (260.0, 269.0), (286.0, 288.0), (303.0, 300.0), (314.0, 310.0), (321.0, 313.0)]}
[DEBUG] mask nonzero = 221
[DEBUG] found 3 raw contours
[DEBUG] kept 3 candidates after filtering
[DEBUG] roi_desc = {'type': 'polygon', 'polygon': [(329.0, 318.0), (351.0, 301.0), (373.0, 280.0), (395.0, 264.0), (410.0, 237.0), (399.0, 194.0), (357.0, 161.0), (310.0, 167.0), (271.0, 175.0), (237.0, 188.0), (221.0, 208.0), (219.0, 222.0), (219.0, 239.0), (234.0, 245.0), (249.0, 255.0), (260.0, 269.0), (286.0, 288.0), (303.0, 300.0), (314.0, 310.0), (321.0, 313.0)]}
[DEBUG] mask nonzero = 220
[DEBUG] found 3 raw contours
[DEBUG] kept 3 candidates after filtering
[DEBUG] roi_desc = {'type': 'polygon', 'polygon': [(329.0, 318.0), (351.0, 301.0), (373.0, 280.0), (395.0, 264.0), (410.0, 237.0), (399.0, 194.0), (357.0, 161.0), (310.0, 167.0), (271.0, 175.0), (237.0, 188.0), (221.0, 208.0), (219.0, 222.0), (219.0, 239.0), (234.0, 245.0), (249.0, 255.0), (260.0, 269.0), (286.0, 288.0), (303.0, 300.0), (314.0, 310.0), (321.0, 313.0)]}
[DEBUG] mask nonzero = 219
[DEBUG] found 3 raw contours
[DEBUG] kept 3 candidates after filtering
[DEBUG] roi_desc = {'type': 'polygon', 'polygon': [(329.0, 318.0), (351.0, 301.0), (373.0, 280.0), (395.0, 264.0), (410.0, 237.0), (399.0, 194.0), (357.0, 161.0), (310.0, 167.0), (271.0, 175.0), (237.0, 188.0), (221.0, 208.0), (219.0, 222.0), (219.0, 239.0), (234.0, 245.0), (249.0, 255.0), (260.0, 269.0), (286.0, 288.0), (303.0, 300.0), (314.0, 310.0), (321.0, 313.0)]}
[DEBUG] mask nonzero = 216
[DEBUG] found 3 raw contours
[DEBUG] kept 3 candidates after filtering
[DEBUG] roi_desc = {'type': 'polygon', 'polygon': [(329.0, 318.0), (351.0, 301.0), (373.0, 280.0), (395.0, 264.0), (410.0, 237.0), (399.0, 194.0), (357.0, 161.0), (310.0, 167.0), (271.0, 175.0), (237.0, 188.0), (221.0, 208.0), (219.0, 222.0), (219.0, 239.0), (234.0, 245.0), (249.0, 255.0), (260.0, 269.0), (286.0, 288.0), (303.0, 300.0), (314.0, 310.0), (321.0, 313.0)]}
[DEBUG] mask nonzero = 217
[DEBUG] found 3 raw contours
[DEBUG] kept 3 candidates after filtering
[DEBUG] roi_desc = {'type': 'polygon', 'polygon': [(329.0, 318.0), (351.0, 301.0), (373.0, 280.0), (395.0, 264.0), (410.0, 237.0), (399.0, 194.0), (357.0, 161.0), (310.0, 167.0), (271.0, 175.0), (237.0, 188.0), (221.0, 208.0), (219.0, 222.0), (219.0, 239.0), (234.0, 245.0), (249.0, 255.0), (260.0, 269.0), (286.0, 288.0), (303.0, 300.0), (314.0, 310.0), (321.0, 313.0)]}
[DEBUG] mask nonzero = 221
[DEBUG] found 3 raw contours
[DEBUG] kept 3 candidates after filtering
[DEBUG] roi_desc = {'type': 'polygon', 'polygon': [(329.0, 318.0), (351.0, 301.0), (373.0, 280.0), (395.0, 264.0), (410.0, 237.0), (399.0, 194.0), (357.0, 161.0), (310.0, 167.0), (271.0, 175.0), (237.0, 188.0), (221.0, 208.0), (219.0, 222.0), (219.0, 239.0), (234.0, 245.0), (249.0, 255.0), (260.0, 269.0), (286.0, 288.0), (303.0, 300.0), (314.0, 310.0), (321.0, 313.0)]}
[DEBUG] mask nonzero = 223
[DEBUG] found 3 raw contours
[DEBUG] kept 3 candidates after filtering
[DEBUG] roi_desc = {'type': 'polygon', 'polygon': [(329.0, 318.0), (351.0, 301.0), (373.0, 280.0), (395.0, 264.0), (410.0, 237.0), (399.0, 194.0), (357.0, 161.0), (310.0, 167.0), (271.0, 175.0), (237.0, 188.0), (221.0, 208.0), (219.0, 222.0), (219.0, 239.0), (234.0, 245.0), (249.0, 255.0), (260.0, 269.0), (286.0, 288.0), (303.0, 300.0), (314.0, 310.0), (321.0, 313.0)]}
[DEBUG] mask nonzero = 221
[DEBUG] found 3 raw contours
[DEBUG] kept 3 candidates after filtering
[DEBUG] roi_desc = {'type': 'polygon', 'polygon': [(329.0, 318.0), (351.0, 301.0), (373.0, 280.0), (395.0, 264.0), (410.0, 237.0), (399.0, 194.0), (357.0, 161.0), (310.0, 167.0), (271.0, 175.0), (237.0, 188.0), (221.0, 208.0), (219.0, 222.0), (219.0, 239.0), (234.0, 245.0), (249.0, 255.0), (260.0, 269.0), (286.0, 288.0), (303.0, 300.0), (314.0, 310.0), (321.0, 313.0)]}
[DEBUG] mask nonzero = 221
[DEBUG] found 3 raw contours
[DEBUG] kept 3 candidates after filtering
[DEBUG] roi_desc = {'type': 'polygon', 'polygon': [(329.0, 318.0), (351.0, 301.0), (373.0, 280.0), (395.0, 264.0), (410.0, 237.0), (399.0, 194.0), (357.0, 161.0), (310.0, 167.0), (271.0, 175.0), (237.0, 188.0), (221.0, 208.0), (219.0, 222.0), (219.0, 239.0), (234.0, 245.0), (249.0, 255.0), (260.0, 269.0), (286.0, 288.0), (303.0, 300.0), (314.0, 310.0), (321.0, 313.0)]}
[DEBUG] mask nonzero = 220
[DEBUG] found 3 raw contours
[DEBUG] kept 3 candidates after filtering
[DEBUG] roi_desc = {'type': 'polygon', 'polygon': [(329.0, 318.0), (351.0, 301.0), (373.0, 280.0), (395.0, 264.0), (410.0, 237.0), (399.0, 194.0), (357.0, 161.0), (310.0, 167.0), (271.0, 175.0), (237.0, 188.0), (221.0, 208.0), (219.0, 222.0), (219.0, 239.0), (234.0, 245.0), (249.0, 255.0), (260.0, 269.0), (286.0, 288.0), (303.0, 300.0), (314.0, 310.0), (321.0, 313.0)]}
[DEBUG] mask nonzero = 223
[DEBUG] found 3 raw contours
[DEBUG] kept 3 candidates after filtering
[DEBUG] roi_desc = {'type': 'polygon', 'polygon': [(329.0, 318.0), (351.0, 301.0), (373.0, 280.0), (395.0, 264.0), (410.0, 237.0), (399.0, 194.0), (357.0, 161.0), (310.0, 167.0), (271.0, 175.0), (237.0, 188.0), (221.0, 208.0), (219.0, 222.0), (219.0, 239.0), (234.0, 245.0), (249.0, 255.0), (260.0, 269.0), (286.0, 288.0), (303.0, 300.0), (314.0, 310.0), (321.0, 313.0)]}
[DEBUG] mask nonzero = 218
[DEBUG] found 3 raw contours
[DEBUG] kept 3 candidates after filtering
[DEBUG] roi_desc = {'type': 'polygon', 'polygon': [(329.0, 318.0), (351.0, 301.0), (373.0, 280.0), (395.0, 264.0), (410.0, 237.0), (399.0, 194.0), (357.0, 161.0), (310.0, 167.0), (271.0, 175.0), (237.0, 188.0), (221.0, 208.0), (219.0, 222.0), (219.0, 239.0), (234.0, 245.0), (249.0, 255.0), (260.0, 269.0), (286.0, 288.0), (303.0, 300.0), (314.0, 310.0), (321.0, 313.0)]}
[DEBUG] mask nonzero = 218
[DEBUG] found 3 raw contours
[DEBUG] kept 3 candidates after filtering
[DEBUG] roi_desc = {'type': 'polygon', 'polygon': [(329.0, 318.0), (351.0, 301.0), (373.0, 280.0), (395.0, 264.0), (410.0, 237.0), (399.0, 194.0), (357.0, 161.0), (310.0, 167.0), (271.0, 175.0), (237.0, 188.0), (221.0, 208.0), (219.0, 222.0), (219.0, 239.0), (234.0, 245.0), (249.0, 255.0), (260.0, 269.0), (286.0, 288.0), (303.0, 300.0), (314.0, 310.0), (321.0, 313.0)]}
[DEBUG] mask nonzero = 218
[DEBUG] found 3 raw contours
[DEBUG] kept 3 candidates after filtering
[DEBUG] roi_desc = {'type': 'polygon', 'polygon': [(329.0, 318.0), (351.0, 301.0), (373.0, 280.0), (395.0, 264.0), (410.0, 237.0), (399.0, 194.0), (357.0, 161.0), (310.0, 167.0), (271.0, 175.0), (237.0, 188.0), (221.0, 208.0), (219.0, 222.0), (219.0, 239.0), (234.0, 245.0), (249.0, 255.0), (260.0, 269.0), (286.0, 288.0), (303.0, 300.0), (314.0, 310.0), (321.0, 313.0)]}
[DEBUG] mask nonzero = 219
[DEBUG] found 3 raw contours
[DEBUG] kept 3 candidates after filtering
[DEBUG] roi_desc = {'type': 'polygon', 'polygon': [(329.0, 318.0), (351.0, 301.0), (373.0, 280.0), (395.0, 264.0), (410.0, 237.0), (399.0, 194.0), (357.0, 161.0), (310.0, 167.0), (271.0, 175.0), (237.0, 188.0), (221.0, 208.0), (219.0, 222.0), (219.0, 239.0), (234.0, 245.0), (249.0, 255.0), (260.0, 269.0), (286.0, 288.0), (303.0, 300.0), (314.0, 310.0), (321.0, 313.0)]}
[DEBUG] mask nonzero = 217
[DEBUG] found 3 raw contours
[DEBUG] kept 3 candidates after filtering
[DEBUG] roi_desc = {'type': 'polygon', 'polygon': [(329.0, 318.0), (351.0, 301.0), (373.0, 280.0), (395.0, 264.0), (410.0, 237.0), (399.0, 194.0), (357.0, 161.0), (310.0, 167.0), (271.0, 175.0), (237.0, 188.0), (221.0, 208.0), (219.0, 222.0), (219.0, 239.0), (234.0, 245.0), (249.0, 255.0), (260.0, 269.0), (286.0, 288.0), (303.0, 300.0), (314.0, 310.0), (321.0, 313.0)]}
[DEBUG] mask nonzero = 221
[DEBUG] found 3 raw contours
[DEBUG] kept 3 candidates after filtering
[DEBUG] roi_desc = {'type': 'polygon', 'polygon': [(329.0, 318.0), (351.0, 301.0), (373.0, 280.0), (395.0, 264.0), (410.0, 237.0), (399.0, 194.0), (357.0, 161.0), (310.0, 167.0), (271.0, 175.0), (237.0, 188.0), (221.0, 208.0), (219.0, 222.0), (219.0, 239.0), (234.0, 245.0), (249.0, 255.0), (260.0, 269.0), (286.0, 288.0), (303.0, 300.0), (314.0, 310.0), (321.0, 313.0)]}
[DEBUG] mask nonzero = 217
[DEBUG] found 3 raw contours
[DEBUG] kept 3 candidates after filtering
[DEBUG] roi_desc = {'type': 'polygon', 'polygon': [(329.0, 318.0), (351.0, 301.0), (373.0, 280.0), (395.0, 264.0), (410.0, 237.0), (399.0, 194.0), (357.0, 161.0), (310.0, 167.0), (271.0, 175.0), (237.0, 188.0), (221.0, 208.0), (219.0, 222.0), (219.0, 239.0), (234.0, 245.0), (249.0, 255.0), (260.0, 269.0), (286.0, 288.0), (303.0, 300.0), (314.0, 310.0), (321.0, 313.0)]}
[DEBUG] mask nonzero = 219
[DEBUG] found 3 raw contours
[DEBUG] kept 3 candidates after filtering
[DEBUG] roi_desc = {'type': 'polygon', 'polygon': [(329.0, 318.0), (351.0, 301.0), (373.0, 280.0), (395.0, 264.0), (410.0, 237.0), (399.0, 194.0), (357.0, 161.0), (310.0, 167.0), (271.0, 175.0), (237.0, 188.0), (221.0, 208.0), (219.0, 222.0), (219.0, 239.0), (234.0, 245.0), (249.0, 255.0), (260.0, 269.0), (286.0, 288.0), (303.0, 300.0), (314.0, 310.0), (321.0, 313.0)]}
[DEBUG] mask nonzero = 222
[DEBUG] found 3 raw contours
[DEBUG] kept 3 candidates after filtering
[DEBUG] roi_desc = {'type': 'polygon', 'polygon': [(329.0, 318.0), (351.0, 301.0), (373.0, 280.0), (395.0, 264.0), (410.0, 237.0), (399.0, 194.0), (357.0, 161.0), (310.0, 167.0), (271.0, 175.0), (237.0, 188.0), (221.0, 208.0), (219.0, 222.0), (219.0, 239.0), (234.0, 245.0), (249.0, 255.0), (260.0, 269.0), (286.0, 288.0), (303.0, 300.0), (314.0, 310.0), (321.0, 313.0)]}
[DEBUG] mask nonzero = 220
[DEBUG] found 3 raw contours
[DEBUG] kept 3 candidates after filtering
[DEBUG] roi_desc = {'type': 'polygon', 'polygon': [(329.0, 318.0), (351.0, 301.0), (373.0, 280.0), (395.0, 264.0), (410.0, 237.0), (399.0, 194.0), (357.0, 161.0), (310.0, 167.0), (271.0, 175.0), (237.0, 188.0), (221.0, 208.0), (219.0, 222.0), (219.0, 239.0), (234.0, 245.0), (249.0, 255.0), (260.0, 269.0), (286.0, 288.0), (303.0, 300.0), (314.0, 310.0), (321.0, 313.0)]}
[DEBUG] mask nonzero = 219
[DEBUG] found 3 raw contours
[DEBUG] kept 3 candidates after filtering
[DEBUG] roi_desc = {'type': 'polygon', 'polygon': [(329.0, 318.0), (351.0, 301.0), (373.0, 280.0), (395.0, 264.0), (410.0, 237.0), (399.0, 194.0), (357.0, 161.0), (310.0, 167.0), (271.0, 175.0), (237.0, 188.0), (221.0, 208.0), (219.0, 222.0), (219.0, 239.0), (234.0, 245.0), (249.0, 255.0), (260.0, 269.0), (286.0, 288.0), (303.0, 300.0), (314.0, 310.0), (321.0, 313.0)]}
[DEBUG] mask nonzero = 213
[DEBUG] found 3 raw contours
[DEBUG] kept 3 candidates after filtering
[DEBUG] roi_desc = {'type': 'polygon', 'polygon': [(329.0, 318.0), (351.0, 301.0), (373.0, 280.0), (395.0, 264.0), (410.0, 237.0), (399.0, 194.0), (357.0, 161.0), (310.0, 167.0), (271.0, 175.0), (237.0, 188.0), (221.0, 208.0), (219.0, 222.0), (219.0, 239.0), (234.0, 245.0), (249.0, 255.0), (260.0, 269.0), (286.0, 288.0), (303.0, 300.0), (314.0, 310.0), (321.0, 313.0)]}
[DEBUG] mask nonzero = 223
[DEBUG] found 3 raw contours
[DEBUG] kept 3 candidates after filtering
[DEBUG] roi_desc = {'type': 'polygon', 'polygon': [(329.0, 318.0), (351.0, 301.0), (373.0, 280.0), (395.0, 264.0), (410.0, 237.0), (399.0, 194.0), (357.0, 161.0), (310.0, 167.0), (271.0, 175.0), (237.0, 188.0), (221.0, 208.0), (219.0, 222.0), (219.0, 239.0), (234.0, 245.0), (249.0, 255.0), (260.0, 269.0), (286.0, 288.0), (303.0, 300.0), (314.0, 310.0), (321.0, 313.0)]}
[DEBUG] mask nonzero = 216
[DEBUG] found 3 raw contours
[DEBUG] kept 3 candidates after filtering
[DEBUG] roi_desc = {'type': 'polygon', 'polygon': [(329.0, 318.0), (351.0, 301.0), (373.0, 280.0), (395.0, 264.0), (410.0, 237.0), (399.0, 194.0), (357.0, 161.0), (310.0, 167.0), (271.0, 175.0), (237.0, 188.0), (221.0, 208.0), (219.0, 222.0), (219.0, 239.0), (234.0, 245.0), (249.0, 255.0), (260.0, 269.0), (286.0, 288.0), (303.0, 300.0), (314.0, 310.0), (321.0, 313.0)]}
[DEBUG] mask nonzero = 220
[DEBUG] found 3 raw contours
[DEBUG] kept 3 candidates after filtering
[DEBUG] roi_desc = {'type': 'polygon', 'polygon': [(329.0, 318.0), (351.0, 301.0), (373.0, 280.0), (395.0, 264.0), (410.0, 237.0), (399.0, 194.0), (357.0, 161.0), (310.0, 167.0), (271.0, 175.0), (237.0, 188.0), (221.0, 208.0), (219.0, 222.0), (219.0, 239.0), (234.0, 245.0), (249.0, 255.0), (260.0, 269.0), (286.0, 288.0), (303.0, 300.0), (314.0, 310.0), (321.0, 313.0)]}
[DEBUG] mask nonzero = 221
[DEBUG] found 3 raw contours
[DEBUG] kept 3 candidates after filtering
[DEBUG] roi_desc = {'type': 'polygon', 'polygon': [(329.0, 318.0), (351.0, 301.0), (373.0, 280.0), (395.0, 264.0), (410.0, 237.0), (399.0, 194.0), (357.0, 161.0), (310.0, 167.0), (271.0, 175.0), (237.0, 188.0), (221.0, 208.0), (219.0, 222.0), (219.0, 239.0), (234.0, 245.0), (249.0, 255.0), (260.0, 269.0), (286.0, 288.0), (303.0, 300.0), (314.0, 310.0), (321.0, 313.0)]}
[DEBUG] mask nonzero = 219
[DEBUG] found 3 raw contours
[DEBUG] kept 3 candidates after filtering
[DEBUG] roi_desc = {'type': 'polygon', 'polygon': [(329.0, 318.0), (351.0, 301.0), (373.0, 280.0), (395.0, 264.0), (410.0, 237.0), (399.0, 194.0), (357.0, 161.0), (310.0, 167.0), (271.0, 175.0), (237.0, 188.0), (221.0, 208.0), (219.0, 222.0), (219.0, 239.0), (234.0, 245.0), (249.0, 255.0), (260.0, 269.0), (286.0, 288.0), (303.0, 300.0), (314.0, 310.0), (321.0, 313.0)]}
[DEBUG] mask nonzero = 221
[DEBUG] found 3 raw contours
[DEBUG] kept 3 candidates after filtering
[DEBUG] roi_desc = {'type': 'polygon', 'polygon': [(329.0, 318.0), (351.0, 301.0), (373.0, 280.0), (395.0, 264.0), (410.0, 237.0), (399.0, 194.0), (357.0, 161.0), (310.0, 167.0), (271.0, 175.0), (237.0, 188.0), (221.0, 208.0), (219.0, 222.0), (219.0, 239.0), (234.0, 245.0), (249.0, 255.0), (260.0, 269.0), (286.0, 288.0), (303.0, 300.0), (314.0, 310.0), (321.0, 313.0)]}
[DEBUG] mask nonzero = 219
[DEBUG] found 3 raw contours
[DEBUG] kept 3 candidates after filtering
[DEBUG] roi_desc = {'type': 'polygon', 'polygon': [(329.0, 318.0), (351.0, 301.0), (373.0, 280.0), (395.0, 264.0), (410.0, 237.0), (399.0, 194.0), (357.0, 161.0), (310.0, 167.0), (271.0, 175.0), (237.0, 188.0), (221.0, 208.0), (219.0, 222.0), (219.0, 239.0), (234.0, 245.0), (249.0, 255.0), (260.0, 269.0), (286.0, 288.0), (303.0, 300.0), (314.0, 310.0), (321.0, 313.0)]}
[DEBUG] mask nonzero = 222
[DEBUG] found 3 raw contours
[DEBUG] kept 3 candidates after filtering
[DEBUG] roi_desc = {'type': 'polygon', 'polygon': [(329.0, 318.0), (351.0, 301.0), (373.0, 280.0), (395.0, 264.0), (410.0, 237.0), (399.0, 194.0), (357.0, 161.0), (310.0, 167.0), (271.0, 175.0), (237.0, 188.0), (221.0, 208.0), (219.0, 222.0), (219.0, 239.0), (234.0, 245.0), (249.0, 255.0), (260.0, 269.0), (286.0, 288.0), (303.0, 300.0), (314.0, 310.0), (321.0, 313.0)]}
[DEBUG] mask nonzero = 219
[DEBUG] found 3 raw contours
[DEBUG] kept 3 candidates after filtering
[DEBUG] roi_desc = {'type': 'polygon', 'polygon': [(329.0, 318.0), (351.0, 301.0), (373.0, 280.0), (395.0, 264.0), (410.0, 237.0), (399.0, 194.0), (357.0, 161.0), (310.0, 167.0), (271.0, 175.0), (237.0, 188.0), (221.0, 208.0), (219.0, 222.0), (219.0, 239.0), (234.0, 245.0), (249.0, 255.0), (260.0, 269.0), (286.0, 288.0), (303.0, 300.0), (314.0, 310.0), (321.0, 313.0)]}
[DEBUG] mask nonzero = 219
[DEBUG] found 3 raw contours
[DEBUG] kept 3 candidates after filtering
[DEBUG] roi_desc = {'type': 'polygon', 'polygon': [(329.0, 318.0), (351.0, 301.0), (373.0, 280.0), (395.0, 264.0), (410.0, 237.0), (399.0, 194.0), (357.0, 161.0), (310.0, 167.0), (271.0, 175.0), (237.0, 188.0), (221.0, 208.0), (219.0, 222.0), (219.0, 239.0), (234.0, 245.0), (249.0, 255.0), (260.0, 269.0), (286.0, 288.0), (303.0, 300.0), (314.0, 310.0), (321.0, 313.0)]}
[DEBUG] mask nonzero = 223
[DEBUG] found 3 raw contours
[DEBUG] kept 3 candidates after filtering
[DEBUG] roi_desc = {'type': 'polygon', 'polygon': [(329.0, 318.0), (351.0, 301.0), (373.0, 280.0), (395.0, 264.0), (410.0, 237.0), (399.0, 194.0), (357.0, 161.0), (310.0, 167.0), (271.0, 175.0), (237.0, 188.0), (221.0, 208.0), (219.0, 222.0), (219.0, 239.0), (234.0, 245.0), (249.0, 255.0), (260.0, 269.0), (286.0, 288.0), (303.0, 300.0), (314.0, 310.0), (321.0, 313.0)]}
[DEBUG] mask nonzero = 217
[DEBUG] found 3 raw contours
[DEBUG] kept 3 candidates after filtering
[DEBUG] roi_desc = {'type': 'polygon', 'polygon': [(329.0, 318.0), (351.0, 301.0), (373.0, 280.0), (395.0, 264.0), (410.0, 237.0), (399.0, 194.0), (357.0, 161.0), (310.0, 167.0), (271.0, 175.0), (237.0, 188.0), (221.0, 208.0), (219.0, 222.0), (219.0, 239.0), (234.0, 245.0), (249.0, 255.0), (260.0, 269.0), (286.0, 288.0), (303.0, 300.0), (314.0, 310.0), (321.0, 313.0)]}
[DEBUG] mask nonzero = 217
[DEBUG] found 3 raw contours
[DEBUG] kept 3 candidates after filtering
[DEBUG] roi_desc = {'type': 'polygon', 'polygon': [(329.0, 318.0), (351.0, 301.0), (373.0, 280.0), (395.0, 264.0), (410.0, 237.0), (399.0, 194.0), (357.0, 161.0), (310.0, 167.0), (271.0, 175.0), (237.0, 188.0), (221.0, 208.0), (219.0, 222.0), (219.0, 239.0), (234.0, 245.0), (249.0, 255.0), (260.0, 269.0), (286.0, 288.0), (303.0, 300.0), (314.0, 310.0), (321.0, 313.0)]}
[DEBUG] mask nonzero = 219
[DEBUG] found 3 raw contours
[DEBUG] kept 3 candidates after filtering
[DEBUG] roi_desc = {'type': 'polygon', 'polygon': [(329.0, 318.0), (351.0, 301.0), (373.0, 280.0), (395.0, 264.0), (410.0, 237.0), (399.0, 194.0), (357.0, 161.0), (310.0, 167.0), (271.0, 175.0), (237.0, 188.0), (221.0, 208.0), (219.0, 222.0), (219.0, 239.0), (234.0, 245.0), (249.0, 255.0), (260.0, 269.0), (286.0, 288.0), (303.0, 300.0), (314.0, 310.0), (321.0, 313.0)]}
[DEBUG] mask nonzero = 218
[DEBUG] found 3 raw contours
[DEBUG] kept 3 candidates after filtering
[DEBUG] roi_desc = {'type': 'polygon', 'polygon': [(329.0, 318.0), (351.0, 301.0), (373.0, 280.0), (395.0, 264.0), (410.0, 237.0), (399.0, 194.0), (357.0, 161.0), (310.0, 167.0), (271.0, 175.0), (237.0, 188.0), (221.0, 208.0), (219.0, 222.0), (219.0, 239.0), (234.0, 245.0), (249.0, 255.0), (260.0, 269.0), (286.0, 288.0), (303.0, 300.0), (314.0, 310.0), (321.0, 313.0)]}
[DEBUG] mask nonzero = 223
[DEBUG] found 3 raw contours
[DEBUG] kept 3 candidates after filtering
[DEBUG] roi_desc = {'type': 'polygon', 'polygon': [(329.0, 318.0), (351.0, 301.0), (373.0, 280.0), (395.0, 264.0), (410.0, 237.0), (399.0, 194.0), (357.0, 161.0), (310.0, 167.0), (271.0, 175.0), (237.0, 188.0), (221.0, 208.0), (219.0, 222.0), (219.0, 239.0), (234.0, 245.0), (249.0, 255.0), (260.0, 269.0), (286.0, 288.0), (303.0, 300.0), (314.0, 310.0), (321.0, 313.0)]}
[DEBUG] mask nonzero = 221
[DEBUG] found 3 raw contours
[DEBUG] kept 3 candidates after filtering
[DEBUG] roi_desc = {'type': 'polygon', 'polygon': [(329.0, 318.0), (351.0, 301.0), (373.0, 280.0), (395.0, 264.0), (410.0, 237.0), (399.0, 194.0), (357.0, 161.0), (310.0, 167.0), (271.0, 175.0), (237.0, 188.0), (221.0, 208.0), (219.0, 222.0), (219.0, 239.0), (234.0, 245.0), (249.0, 255.0), (260.0, 269.0), (286.0, 288.0), (303.0, 300.0), (314.0, 310.0), (321.0, 313.0)]}
[DEBUG] mask nonzero = 214
[DEBUG] found 3 raw contours
[DEBUG] kept 3 candidates after filtering
[DEBUG] roi_desc = {'type': 'polygon', 'polygon': [(329.0, 318.0), (351.0, 301.0), (373.0, 280.0), (395.0, 264.0), (410.0, 237.0), (399.0, 194.0), (357.0, 161.0), (310.0, 167.0), (271.0, 175.0), (237.0, 188.0), (221.0, 208.0), (219.0, 222.0), (219.0, 239.0), (234.0, 245.0), (249.0, 255.0), (260.0, 269.0), (286.0, 288.0), (303.0, 300.0), (314.0, 310.0), (321.0, 313.0)]}
[DEBUG] mask nonzero = 217
[DEBUG] found 3 raw contours
[DEBUG] kept 3 candidates after filtering
[DEBUG] roi_desc = {'type': 'polygon', 'polygon': [(329.0, 318.0), (351.0, 301.0), (373.0, 280.0), (395.0, 264.0), (410.0, 237.0), (399.0, 194.0), (357.0, 161.0), (310.0, 167.0), (271.0, 175.0), (237.0, 188.0), (221.0, 208.0), (219.0, 222.0), (219.0, 239.0), (234.0, 245.0), (249.0, 255.0), (260.0, 269.0), (286.0, 288.0), (303.0, 300.0), (314.0, 310.0), (321.0, 313.0)]}
[DEBUG] mask nonzero = 225
[DEBUG] found 3 raw contours
[DEBUG] kept 3 candidates after filtering
[DEBUG] roi_desc = {'type': 'polygon', 'polygon': [(329.0, 318.0), (351.0, 301.0), (373.0, 280.0), (395.0, 264.0), (410.0, 237.0), (399.0, 194.0), (357.0, 161.0), (310.0, 167.0), (271.0, 175.0), (237.0, 188.0), (221.0, 208.0), (219.0, 222.0), (219.0, 239.0), (234.0, 245.0), (249.0, 255.0), (260.0, 269.0), (286.0, 288.0), (303.0, 300.0), (314.0, 310.0), (321.0, 313.0)]}
[DEBUG] mask nonzero = 225
[DEBUG] found 3 raw contours
[DEBUG] kept 3 candidates after filtering
[DEBUG] roi_desc = {'type': 'polygon', 'polygon': [(329.0, 318.0), (351.0, 301.0), (373.0, 280.0), (395.0, 264.0), (410.0, 237.0), (399.0, 194.0), (357.0, 161.0), (310.0, 167.0), (271.0, 175.0), (237.0, 188.0), (221.0, 208.0), (219.0, 222.0), (219.0, 239.0), (234.0, 245.0), (249.0, 255.0), (260.0, 269.0), (286.0, 288.0), (303.0, 300.0), (314.0, 310.0), (321.0, 313.0)]}
[DEBUG] mask nonzero = 221
[DEBUG] found 3 raw contours
[DEBUG] kept 3 candidates after filtering
[DEBUG] roi_desc = {'type': 'polygon', 'polygon': [(329.0, 318.0), (351.0, 301.0), (373.0, 280.0), (395.0, 264.0), (410.0, 237.0), (399.0, 194.0), (357.0, 161.0), (310.0, 167.0), (271.0, 175.0), (237.0, 188.0), (221.0, 208.0), (219.0, 222.0), (219.0, 239.0), (234.0, 245.0), (249.0, 255.0), (260.0, 269.0), (286.0, 288.0), (303.0, 300.0), (314.0, 310.0), (321.0, 313.0)]}
[DEBUG] mask nonzero = 219
[DEBUG] found 3 raw contours
[DEBUG] kept 3 candidates after filtering
[DEBUG] roi_desc = {'type': 'polygon', 'polygon': [(329.0, 318.0), (351.0, 301.0), (373.0, 280.0), (395.0, 264.0), (410.0, 237.0), (399.0, 194.0), (357.0, 161.0), (310.0, 167.0), (271.0, 175.0), (237.0, 188.0), (221.0, 208.0), (219.0, 222.0), (219.0, 239.0), (234.0, 245.0), (249.0, 255.0), (260.0, 269.0), (286.0, 288.0), (303.0, 300.0), (314.0, 310.0), (321.0, 313.0)]}
[DEBUG] mask nonzero = 220
[DEBUG] found 3 raw contours
[DEBUG] kept 3 candidates after filtering
[DEBUG] roi_desc = {'type': 'polygon', 'polygon': [(329.0, 318.0), (351.0, 301.0), (373.0, 280.0), (395.0, 264.0), (410.0, 237.0), (399.0, 194.0), (357.0, 161.0), (310.0, 167.0), (271.0, 175.0), (237.0, 188.0), (221.0, 208.0), (219.0, 222.0), (219.0, 239.0), (234.0, 245.0), (249.0, 255.0), (260.0, 269.0), (286.0, 288.0), (303.0, 300.0), (314.0, 310.0), (321.0, 313.0)]}
[DEBUG] mask nonzero = 223
[DEBUG] found 3 raw contours
[DEBUG] kept 3 candidates after filtering
[DEBUG] roi_desc = {'type': 'polygon', 'polygon': [(329.0, 318.0), (351.0, 301.0), (373.0, 280.0), (395.0, 264.0), (410.0, 237.0), (399.0, 194.0), (357.0, 161.0), (310.0, 167.0), (271.0, 175.0), (237.0, 188.0), (221.0, 208.0), (219.0, 222.0), (219.0, 239.0), (234.0, 245.0), (249.0, 255.0), (260.0, 269.0), (286.0, 288.0), (303.0, 300.0), (314.0, 310.0), (321.0, 313.0)]}
[DEBUG] mask nonzero = 221
[DEBUG] found 3 raw contours
[DEBUG] kept 3 candidates after filtering
[DEBUG] roi_desc = {'type': 'polygon', 'polygon': [(329.0, 318.0), (351.0, 301.0), (373.0, 280.0), (395.0, 264.0), (410.0, 237.0), (399.0, 194.0), (357.0, 161.0), (310.0, 167.0), (271.0, 175.0), (237.0, 188.0), (221.0, 208.0), (219.0, 222.0), (219.0, 239.0), (234.0, 245.0), (249.0, 255.0), (260.0, 269.0), (286.0, 288.0), (303.0, 300.0), (314.0, 310.0), (321.0, 313.0)]}
[DEBUG] mask nonzero = 216
[DEBUG] found 3 raw contours
[DEBUG] kept 3 candidates after filtering
[DEBUG] roi_desc = {'type': 'polygon', 'polygon': [(329.0, 318.0), (351.0, 301.0), (373.0, 280.0), (395.0, 264.0), (410.0, 237.0), (399.0, 194.0), (357.0, 161.0), (310.0, 167.0), (271.0, 175.0), (237.0, 188.0), (221.0, 208.0), (219.0, 222.0), (219.0, 239.0), (234.0, 245.0), (249.0, 255.0), (260.0, 269.0), (286.0, 288.0), (303.0, 300.0), (314.0, 310.0), (321.0, 313.0)]}
[DEBUG] mask nonzero = 216
[DEBUG] found 3 raw contours
[DEBUG] kept 3 candidates after filtering
[DEBUG] roi_desc = {'type': 'polygon', 'polygon': [(329.0, 318.0), (351.0, 301.0), (373.0, 280.0), (395.0, 264.0), (410.0, 237.0), (399.0, 194.0), (357.0, 161.0), (310.0, 167.0), (271.0, 175.0), (237.0, 188.0), (221.0, 208.0), (219.0, 222.0), (219.0, 239.0), (234.0, 245.0), (249.0, 255.0), (260.0, 269.0), (286.0, 288.0), (303.0, 300.0), (314.0, 310.0), (321.0, 313.0)]}
[DEBUG] mask nonzero = 219
[DEBUG] found 3 raw contours
[DEBUG] kept 3 candidates after filtering
[DEBUG] roi_desc = {'type': 'polygon', 'polygon': [(329.0, 318.0), (351.0, 301.0), (373.0, 280.0), (395.0, 264.0), (410.0, 237.0), (399.0, 194.0), (357.0, 161.0), (310.0, 167.0), (271.0, 175.0), (237.0, 188.0), (221.0, 208.0), (219.0, 222.0), (219.0, 239.0), (234.0, 245.0), (249.0, 255.0), (260.0, 269.0), (286.0, 288.0), (303.0, 300.0), (314.0, 310.0), (321.0, 313.0)]}
[DEBUG] mask nonzero = 221
[DEBUG] found 3 raw contours
[DEBUG] kept 3 candidates after filtering
[DEBUG] roi_desc = {'type': 'polygon', 'polygon': [(329.0, 318.0), (351.0, 301.0), (373.0, 280.0), (395.0, 264.0), (410.0, 237.0), (399.0, 194.0), (357.0, 161.0), (310.0, 167.0), (271.0, 175.0), (237.0, 188.0), (221.0, 208.0), (219.0, 222.0), (219.0, 239.0), (234.0, 245.0), (249.0, 255.0), (260.0, 269.0), (286.0, 288.0), (303.0, 300.0), (314.0, 310.0), (321.0, 313.0)]}
[DEBUG] mask nonzero = 222
[DEBUG] found 3 raw contours
[DEBUG] kept 3 candidates after filtering
[DEBUG] roi_desc = {'type': 'polygon', 'polygon': [(329.0, 318.0), (351.0, 301.0), (373.0, 280.0), (395.0, 264.0), (410.0, 237.0), (399.0, 194.0), (357.0, 161.0), (310.0, 167.0), (271.0, 175.0), (237.0, 188.0), (221.0, 208.0), (219.0, 222.0), (219.0, 239.0), (234.0, 245.0), (249.0, 255.0), (260.0, 269.0), (286.0, 288.0), (303.0, 300.0), (314.0, 310.0), (321.0, 313.0)]}
[DEBUG] mask nonzero = 220
[DEBUG] found 3 raw contours
[DEBUG] kept 3 candidates after filtering
[DEBUG] roi_desc = {'type': 'polygon', 'polygon': [(329.0, 318.0), (351.0, 301.0), (373.0, 280.0), (395.0, 264.0), (410.0, 237.0), (399.0, 194.0), (357.0, 161.0), (310.0, 167.0), (271.0, 175.0), (237.0, 188.0), (221.0, 208.0), (219.0, 222.0), (219.0, 239.0), (234.0, 245.0), (249.0, 255.0), (260.0, 269.0), (286.0, 288.0), (303.0, 300.0), (314.0, 310.0), (321.0, 313.0)]}
[DEBUG] mask nonzero = 216
[DEBUG] found 3 raw contours
[DEBUG] kept 3 candidates after filtering
[DEBUG] roi_desc = {'type': 'polygon', 'polygon': [(329.0, 318.0), (351.0, 301.0), (373.0, 280.0), (395.0, 264.0), (410.0, 237.0), (399.0, 194.0), (357.0, 161.0), (310.0, 167.0), (271.0, 175.0), (237.0, 188.0), (221.0, 208.0), (219.0, 222.0), (219.0, 239.0), (234.0, 245.0), (249.0, 255.0), (260.0, 269.0), (286.0, 288.0), (303.0, 300.0), (314.0, 310.0), (321.0, 313.0)]}
[DEBUG] mask nonzero = 220
[DEBUG] found 3 raw contours
[DEBUG] kept 3 candidates after filtering
[beam] iter 0: 32.3 mm (target 30, err -2.3)
[DEBUG] roi_desc = {'type': 'polygon', 'polygon': [(329.0, 318.0), (351.0, 301.0), (373.0, 280.0), (395.0, 264.0), (410.0, 237.0), (399.0, 194.0), (357.0, 161.0), (310.0, 167.0), (271.0, 175.0), (237.0, 188.0), (221.0, 208.0), (219.0, 222.0), (219.0, 239.0), (234.0, 245.0), (249.0, 255.0), (260.0, 269.0), (286.0, 288.0), (303.0, 300.0), (314.0, 310.0), (321.0, 313.0)]}
[DEBUG] mask nonzero = 219
[DEBUG] found 3 raw contours
[DEBUG] kept 3 candidates after filtering
[DEBUG] roi_desc = {'type': 'polygon', 'polygon': [(329.0, 318.0), (351.0, 301.0), (373.0, 280.0), (395.0, 264.0), (410.0, 237.0), (399.0, 194.0), (357.0, 161.0), (310.0, 167.0), (271.0, 175.0), (237.0, 188.0), (221.0, 208.0), (219.0, 222.0), (219.0, 239.0), (234.0, 245.0), (249.0, 255.0), (260.0, 269.0), (286.0, 288.0), (303.0, 300.0), (314.0, 310.0), (321.0, 313.0)]}
[DEBUG] mask nonzero = 234
[DEBUG] found 3 raw contours
[DEBUG] kept 3 candidates after filtering
[DEBUG] roi_desc = {'type': 'polygon', 'polygon': [(329.0, 318.0), (351.0, 301.0), (373.0, 280.0), (395.0, 264.0), (410.0, 237.0), (399.0, 194.0), (357.0, 161.0), (310.0, 167.0), (271.0, 175.0), (237.0, 188.0), (221.0, 208.0), (219.0, 222.0), (219.0, 239.0), (234.0, 245.0), (249.0, 255.0), (260.0, 269.0), (286.0, 288.0), (303.0, 300.0), (314.0, 310.0), (321.0, 313.0)]}
[DEBUG] mask nonzero = 224
[DEBUG] found 3 raw contours
[DEBUG] kept 3 candidates after filtering
[DEBUG] roi_desc = {'type': 'polygon', 'polygon': [(329.0, 318.0), (351.0, 301.0), (373.0, 280.0), (395.0, 264.0), (410.0, 237.0), (399.0, 194.0), (357.0, 161.0), (310.0, 167.0), (271.0, 175.0), (237.0, 188.0), (221.0, 208.0), (219.0, 222.0), (219.0, 239.0), (234.0, 245.0), (249.0, 255.0), (260.0, 269.0), (286.0, 288.0), (303.0, 300.0), (314.0, 310.0), (321.0, 313.0)]}
[DEBUG] mask nonzero = 230
[DEBUG] found 3 raw contours
[DEBUG] kept 3 candidates after filtering
[DEBUG] roi_desc = {'type': 'polygon', 'polygon': [(329.0, 318.0), (351.0, 301.0), (373.0, 280.0), (395.0, 264.0), (410.0, 237.0), (399.0, 194.0), (357.0, 161.0), (310.0, 167.0), (271.0, 175.0), (237.0, 188.0), (221.0, 208.0), (219.0, 222.0), (219.0, 239.0), (234.0, 245.0), (249.0, 255.0), (260.0, 269.0), (286.0, 288.0), (303.0, 300.0), (314.0, 310.0), (321.0, 313.0)]}
[DEBUG] mask nonzero = 233
[DEBUG] found 3 raw contours
[DEBUG] kept 3 candidates after filtering
[DEBUG] roi_desc = {'type': 'polygon', 'polygon': [(329.0, 318.0), (351.0, 301.0), (373.0, 280.0), (395.0, 264.0), (410.0, 237.0), (399.0, 194.0), (357.0, 161.0), (310.0, 167.0), (271.0, 175.0), (237.0, 188.0), (221.0, 208.0), (219.0, 222.0), (219.0, 239.0), (234.0, 245.0), (249.0, 255.0), (260.0, 269.0), (286.0, 288.0), (303.0, 300.0), (314.0, 310.0), (321.0, 313.0)]}
[DEBUG] mask nonzero = 238
[DEBUG] found 3 raw contours
[DEBUG] kept 3 candidates after filtering
[DEBUG] roi_desc = {'type': 'polygon', 'polygon': [(329.0, 318.0), (351.0, 301.0), (373.0, 280.0), (395.0, 264.0), (410.0, 237.0), (399.0, 194.0), (357.0, 161.0), (310.0, 167.0), (271.0, 175.0), (237.0, 188.0), (221.0, 208.0), (219.0, 222.0), (219.0, 239.0), (234.0, 245.0), (249.0, 255.0), (260.0, 269.0), (286.0, 288.0), (303.0, 300.0), (314.0, 310.0), (321.0, 313.0)]}
[DEBUG] mask nonzero = 230
[DEBUG] found 3 raw contours
[DEBUG] kept 3 candidates after filtering
[DEBUG] roi_desc = {'type': 'polygon', 'polygon': [(329.0, 318.0), (351.0, 301.0), (373.0, 280.0), (395.0, 264.0), (410.0, 237.0), (399.0, 194.0), (357.0, 161.0), (310.0, 167.0), (271.0, 175.0), (237.0, 188.0), (221.0, 208.0), (219.0, 222.0), (219.0, 239.0), (234.0, 245.0), (249.0, 255.0), (260.0, 269.0), (286.0, 288.0), (303.0, 300.0), (314.0, 310.0), (321.0, 313.0)]}
[DEBUG] mask nonzero = 235
[DEBUG] found 3 raw contours
[DEBUG] kept 3 candidates after filtering
[DEBUG] roi_desc = {'type': 'polygon', 'polygon': [(329.0, 318.0), (351.0, 301.0), (373.0, 280.0), (395.0, 264.0), (410.0, 237.0), (399.0, 194.0), (357.0, 161.0), (310.0, 167.0), (271.0, 175.0), (237.0, 188.0), (221.0, 208.0), (219.0, 222.0), (219.0, 239.0), (234.0, 245.0), (249.0, 255.0), (260.0, 269.0), (286.0, 288.0), (303.0, 300.0), (314.0, 310.0), (321.0, 313.0)]}
[DEBUG] mask nonzero = 229
[DEBUG] found 3 raw contours
[DEBUG] kept 3 candidates after filtering
[DEBUG] roi_desc = {'type': 'polygon', 'polygon': [(329.0, 318.0), (351.0, 301.0), (373.0, 280.0), (395.0, 264.0), (410.0, 237.0), (399.0, 194.0), (357.0, 161.0), (310.0, 167.0), (271.0, 175.0), (237.0, 188.0), (221.0, 208.0), (219.0, 222.0), (219.0, 239.0), (234.0, 245.0), (249.0, 255.0), (260.0, 269.0), (286.0, 288.0), (303.0, 300.0), (314.0, 310.0), (321.0, 313.0)]}
[DEBUG] mask nonzero = 227
[DEBUG] found 3 raw contours
[DEBUG] kept 3 candidates after filtering
[DEBUG] roi_desc = {'type': 'polygon', 'polygon': [(329.0, 318.0), (351.0, 301.0), (373.0, 280.0), (395.0, 264.0), (410.0, 237.0), (399.0, 194.0), (357.0, 161.0), (310.0, 167.0), (271.0, 175.0), (237.0, 188.0), (221.0, 208.0), (219.0, 222.0), (219.0, 239.0), (234.0, 245.0), (249.0, 255.0), (260.0, 269.0), (286.0, 288.0), (303.0, 300.0), (314.0, 310.0), (321.0, 313.0)]}
[DEBUG] mask nonzero = 235
[DEBUG] found 3 raw contours
[DEBUG] kept 3 candidates after filtering
[DEBUG] roi_desc = {'type': 'polygon', 'polygon': [(329.0, 318.0), (351.0, 301.0), (373.0, 280.0), (395.0, 264.0), (410.0, 237.0), (399.0, 194.0), (357.0, 161.0), (310.0, 167.0), (271.0, 175.0), (237.0, 188.0), (221.0, 208.0), (219.0, 222.0), (219.0, 239.0), (234.0, 245.0), (249.0, 255.0), (260.0, 269.0), (286.0, 288.0), (303.0, 300.0), (314.0, 310.0), (321.0, 313.0)]}
[DEBUG] mask nonzero = 238
[DEBUG] found 3 raw contours
[DEBUG] kept 3 candidates after filtering
[DEBUG] roi_desc = {'type': 'polygon', 'polygon': [(329.0, 318.0), (351.0, 301.0), (373.0, 280.0), (395.0, 264.0), (410.0, 237.0), (399.0, 194.0), (357.0, 161.0), (310.0, 167.0), (271.0, 175.0), (237.0, 188.0), (221.0, 208.0), (219.0, 222.0), (219.0, 239.0), (234.0, 245.0), (249.0, 255.0), (260.0, 269.0), (286.0, 288.0), (303.0, 300.0), (314.0, 310.0), (321.0, 313.0)]}
[DEBUG] mask nonzero = 238
[DEBUG] found 3 raw contours
[DEBUG] kept 3 candidates after filtering
[DEBUG] roi_desc = {'type': 'polygon', 'polygon': [(329.0, 318.0), (351.0, 301.0), (373.0, 280.0), (395.0, 264.0), (410.0, 237.0), (399.0, 194.0), (357.0, 161.0), (310.0, 167.0), (271.0, 175.0), (237.0, 188.0), (221.0, 208.0), (219.0, 222.0), (219.0, 239.0), (234.0, 245.0), (249.0, 255.0), (260.0, 269.0), (286.0, 288.0), (303.0, 300.0), (314.0, 310.0), (321.0, 313.0)]}
[DEBUG] mask nonzero = 231
[DEBUG] found 3 raw contours
[DEBUG] kept 3 candidates after filtering
[DEBUG] roi_desc = {'type': 'polygon', 'polygon': [(329.0, 318.0), (351.0, 301.0), (373.0, 280.0), (395.0, 264.0), (410.0, 237.0), (399.0, 194.0), (357.0, 161.0), (310.0, 167.0), (271.0, 175.0), (237.0, 188.0), (221.0, 208.0), (219.0, 222.0), (219.0, 239.0), (234.0, 245.0), (249.0, 255.0), (260.0, 269.0), (286.0, 288.0), (303.0, 300.0), (314.0, 310.0), (321.0, 313.0)]}
[DEBUG] mask nonzero = 230
[DEBUG] found 3 raw contours
[DEBUG] kept 3 candidates after filtering
[DEBUG] roi_desc = {'type': 'polygon', 'polygon': [(329.0, 318.0), (351.0, 301.0), (373.0, 280.0), (395.0, 264.0), (410.0, 237.0), (399.0, 194.0), (357.0, 161.0), (310.0, 167.0), (271.0, 175.0), (237.0, 188.0), (221.0, 208.0), (219.0, 222.0), (219.0, 239.0), (234.0, 245.0), (249.0, 255.0), (260.0, 269.0), (286.0, 288.0), (303.0, 300.0), (314.0, 310.0), (321.0, 313.0)]}
[DEBUG] mask nonzero = 230
[DEBUG] found 3 raw contours
[DEBUG] kept 3 candidates after filtering
[DEBUG] roi_desc = {'type': 'polygon', 'polygon': [(329.0, 318.0), (351.0, 301.0), (373.0, 280.0), (395.0, 264.0), (410.0, 237.0), (399.0, 194.0), (357.0, 161.0), (310.0, 167.0), (271.0, 175.0), (237.0, 188.0), (221.0, 208.0), (219.0, 222.0), (219.0, 239.0), (234.0, 245.0), (249.0, 255.0), (260.0, 269.0), (286.0, 288.0), (303.0, 300.0), (314.0, 310.0), (321.0, 313.0)]}
[DEBUG] mask nonzero = 236
[DEBUG] found 3 raw contours
[DEBUG] kept 3 candidates after filtering
[DEBUG] roi_desc = {'type': 'polygon', 'polygon': [(329.0, 318.0), (351.0, 301.0), (373.0, 280.0), (395.0, 264.0), (410.0, 237.0), (399.0, 194.0), (357.0, 161.0), (310.0, 167.0), (271.0, 175.0), (237.0, 188.0), (221.0, 208.0), (219.0, 222.0), (219.0, 239.0), (234.0, 245.0), (249.0, 255.0), (260.0, 269.0), (286.0, 288.0), (303.0, 300.0), (314.0, 310.0), (321.0, 313.0)]}
[DEBUG] mask nonzero = 229
[DEBUG] found 3 raw contours
[DEBUG] kept 3 candidates after filtering
[DEBUG] roi_desc = {'type': 'polygon', 'polygon': [(329.0, 318.0), (351.0, 301.0), (373.0, 280.0), (395.0, 264.0), (410.0, 237.0), (399.0, 194.0), (357.0, 161.0), (310.0, 167.0), (271.0, 175.0), (237.0, 188.0), (221.0, 208.0), (219.0, 222.0), (219.0, 239.0), (234.0, 245.0), (249.0, 255.0), (260.0, 269.0), (286.0, 288.0), (303.0, 300.0), (314.0, 310.0), (321.0, 313.0)]}
[DEBUG] mask nonzero = 233
[DEBUG] found 3 raw contours
[DEBUG] kept 3 candidates after filtering
[DEBUG] roi_desc = {'type': 'polygon', 'polygon': [(329.0, 318.0), (351.0, 301.0), (373.0, 280.0), (395.0, 264.0), (410.0, 237.0), (399.0, 194.0), (357.0, 161.0), (310.0, 167.0), (271.0, 175.0), (237.0, 188.0), (221.0, 208.0), (219.0, 222.0), (219.0, 239.0), (234.0, 245.0), (249.0, 255.0), (260.0, 269.0), (286.0, 288.0), (303.0, 300.0), (314.0, 310.0), (321.0, 313.0)]}
[DEBUG] mask nonzero = 226
[DEBUG] found 3 raw contours
[DEBUG] kept 3 candidates after filtering
[DEBUG] roi_desc = {'type': 'polygon', 'polygon': [(329.0, 318.0), (351.0, 301.0), (373.0, 280.0), (395.0, 264.0), (410.0, 237.0), (399.0, 194.0), (357.0, 161.0), (310.0, 167.0), (271.0, 175.0), (237.0, 188.0), (221.0, 208.0), (219.0, 222.0), (219.0, 239.0), (234.0, 245.0), (249.0, 255.0), (260.0, 269.0), (286.0, 288.0), (303.0, 300.0), (314.0, 310.0), (321.0, 313.0)]}
[DEBUG] mask nonzero = 234
[DEBUG] found 3 raw contours
[DEBUG] kept 3 candidates after filtering
[DEBUG] roi_desc = {'type': 'polygon', 'polygon': [(329.0, 318.0), (351.0, 301.0), (373.0, 280.0), (395.0, 264.0), (410.0, 237.0), (399.0, 194.0), (357.0, 161.0), (310.0, 167.0), (271.0, 175.0), (237.0, 188.0), (221.0, 208.0), (219.0, 222.0), (219.0, 239.0), (234.0, 245.0), (249.0, 255.0), (260.0, 269.0), (286.0, 288.0), (303.0, 300.0), (314.0, 310.0), (321.0, 313.0)]}
[DEBUG] mask nonzero = 228
[DEBUG] found 3 raw contours
[DEBUG] kept 3 candidates after filtering
[DEBUG] roi_desc = {'type': 'polygon', 'polygon': [(329.0, 318.0), (351.0, 301.0), (373.0, 280.0), (395.0, 264.0), (410.0, 237.0), (399.0, 194.0), (357.0, 161.0), (310.0, 167.0), (271.0, 175.0), (237.0, 188.0), (221.0, 208.0), (219.0, 222.0), (219.0, 239.0), (234.0, 245.0), (249.0, 255.0), (260.0, 269.0), (286.0, 288.0), (303.0, 300.0), (314.0, 310.0), (321.0, 313.0)]}
[DEBUG] mask nonzero = 231
[DEBUG] found 3 raw contours
[DEBUG] kept 3 candidates after filtering
[DEBUG] roi_desc = {'type': 'polygon', 'polygon': [(329.0, 318.0), (351.0, 301.0), (373.0, 280.0), (395.0, 264.0), (410.0, 237.0), (399.0, 194.0), (357.0, 161.0), (310.0, 167.0), (271.0, 175.0), (237.0, 188.0), (221.0, 208.0), (219.0, 222.0), (219.0, 239.0), (234.0, 245.0), (249.0, 255.0), (260.0, 269.0), (286.0, 288.0), (303.0, 300.0), (314.0, 310.0), (321.0, 313.0)]}
[DEBUG] mask nonzero = 239
[DEBUG] found 3 raw contours
[DEBUG] kept 3 candidates after filtering
[DEBUG] roi_desc = {'type': 'polygon', 'polygon': [(329.0, 318.0), (351.0, 301.0), (373.0, 280.0), (395.0, 264.0), (410.0, 237.0), (399.0, 194.0), (357.0, 161.0), (310.0, 167.0), (271.0, 175.0), (237.0, 188.0), (221.0, 208.0), (219.0, 222.0), (219.0, 239.0), (234.0, 245.0), (249.0, 255.0), (260.0, 269.0), (286.0, 288.0), (303.0, 300.0), (314.0, 310.0), (321.0, 313.0)]}
[DEBUG] mask nonzero = 233
[DEBUG] found 3 raw contours
[DEBUG] kept 3 candidates after filtering
[DEBUG] roi_desc = {'type': 'polygon', 'polygon': [(329.0, 318.0), (351.0, 301.0), (373.0, 280.0), (395.0, 264.0), (410.0, 237.0), (399.0, 194.0), (357.0, 161.0), (310.0, 167.0), (271.0, 175.0), (237.0, 188.0), (221.0, 208.0), (219.0, 222.0), (219.0, 239.0), (234.0, 245.0), (249.0, 255.0), (260.0, 269.0), (286.0, 288.0), (303.0, 300.0), (314.0, 310.0), (321.0, 313.0)]}
[DEBUG] mask nonzero = 233
[DEBUG] found 3 raw contours
[DEBUG] kept 3 candidates after filtering
[DEBUG] roi_desc = {'type': 'polygon', 'polygon': [(329.0, 318.0), (351.0, 301.0), (373.0, 280.0), (395.0, 264.0), (410.0, 237.0), (399.0, 194.0), (357.0, 161.0), (310.0, 167.0), (271.0, 175.0), (237.0, 188.0), (221.0, 208.0), (219.0, 222.0), (219.0, 239.0), (234.0, 245.0), (249.0, 255.0), (260.0, 269.0), (286.0, 288.0), (303.0, 300.0), (314.0, 310.0), (321.0, 313.0)]}
[DEBUG] mask nonzero = 231
[DEBUG] found 3 raw contours
[DEBUG] kept 3 candidates after filtering
[DEBUG] roi_desc = {'type': 'polygon', 'polygon': [(329.0, 318.0), (351.0, 301.0), (373.0, 280.0), (395.0, 264.0), (410.0, 237.0), (399.0, 194.0), (357.0, 161.0), (310.0, 167.0), (271.0, 175.0), (237.0, 188.0), (221.0, 208.0), (219.0, 222.0), (219.0, 239.0), (234.0, 245.0), (249.0, 255.0), (260.0, 269.0), (286.0, 288.0), (303.0, 300.0), (314.0, 310.0), (321.0, 313.0)]}
[DEBUG] mask nonzero = 233
[DEBUG] found 3 raw contours
[DEBUG] kept 3 candidates after filtering
[DEBUG] roi_desc = {'type': 'polygon', 'polygon': [(329.0, 318.0), (351.0, 301.0), (373.0, 280.0), (395.0, 264.0), (410.0, 237.0), (399.0, 194.0), (357.0, 161.0), (310.0, 167.0), (271.0, 175.0), (237.0, 188.0), (221.0, 208.0), (219.0, 222.0), (219.0, 239.0), (234.0, 245.0), (249.0, 255.0), (260.0, 269.0), (286.0, 288.0), (303.0, 300.0), (314.0, 310.0), (321.0, 313.0)]}
[DEBUG] mask nonzero = 237
[DEBUG] found 3 raw contours
[DEBUG] kept 3 candidates after filtering
[DEBUG] roi_desc = {'type': 'polygon', 'polygon': [(329.0, 318.0), (351.0, 301.0), (373.0, 280.0), (395.0, 264.0), (410.0, 237.0), (399.0, 194.0), (357.0, 161.0), (310.0, 167.0), (271.0, 175.0), (237.0, 188.0), (221.0, 208.0), (219.0, 222.0), (219.0, 239.0), (234.0, 245.0), (249.0, 255.0), (260.0, 269.0), (286.0, 288.0), (303.0, 300.0), (314.0, 310.0), (321.0, 313.0)]}
[DEBUG] mask nonzero = 241
[DEBUG] found 3 raw contours
[DEBUG] kept 3 candidates after filtering
[DEBUG] roi_desc = {'type': 'polygon', 'polygon': [(329.0, 318.0), (351.0, 301.0), (373.0, 280.0), (395.0, 264.0), (410.0, 237.0), (399.0, 194.0), (357.0, 161.0), (310.0, 167.0), (271.0, 175.0), (237.0, 188.0), (221.0, 208.0), (219.0, 222.0), (219.0, 239.0), (234.0, 245.0), (249.0, 255.0), (260.0, 269.0), (286.0, 288.0), (303.0, 300.0), (314.0, 310.0), (321.0, 313.0)]}
[DEBUG] mask nonzero = 231
[DEBUG] found 3 raw contours
[DEBUG] kept 3 candidates after filtering
[DEBUG] roi_desc = {'type': 'polygon', 'polygon': [(329.0, 318.0), (351.0, 301.0), (373.0, 280.0), (395.0, 264.0), (410.0, 237.0), (399.0, 194.0), (357.0, 161.0), (310.0, 167.0), (271.0, 175.0), (237.0, 188.0), (221.0, 208.0), (219.0, 222.0), (219.0, 239.0), (234.0, 245.0), (249.0, 255.0), (260.0, 269.0), (286.0, 288.0), (303.0, 300.0), (314.0, 310.0), (321.0, 313.0)]}
[DEBUG] mask nonzero = 234
[DEBUG] found 3 raw contours
[DEBUG] kept 3 candidates after filtering
[DEBUG] roi_desc = {'type': 'polygon', 'polygon': [(329.0, 318.0), (351.0, 301.0), (373.0, 280.0), (395.0, 264.0), (410.0, 237.0), (399.0, 194.0), (357.0, 161.0), (310.0, 167.0), (271.0, 175.0), (237.0, 188.0), (221.0, 208.0), (219.0, 222.0), (219.0, 239.0), (234.0, 245.0), (249.0, 255.0), (260.0, 269.0), (286.0, 288.0), (303.0, 300.0), (314.0, 310.0), (321.0, 313.0)]}
[DEBUG] mask nonzero = 236
[DEBUG] found 3 raw contours
[DEBUG] kept 3 candidates after filtering
[DEBUG] roi_desc = {'type': 'polygon', 'polygon': [(329.0, 318.0), (351.0, 301.0), (373.0, 280.0), (395.0, 264.0), (410.0, 237.0), (399.0, 194.0), (357.0, 161.0), (310.0, 167.0), (271.0, 175.0), (237.0, 188.0), (221.0, 208.0), (219.0, 222.0), (219.0, 239.0), (234.0, 245.0), (249.0, 255.0), (260.0, 269.0), (286.0, 288.0), (303.0, 300.0), (314.0, 310.0), (321.0, 313.0)]}
[DEBUG] mask nonzero = 220
[DEBUG] found 3 raw contours
[DEBUG] kept 3 candidates after filtering
[DEBUG] roi_desc = {'type': 'polygon', 'polygon': [(329.0, 318.0), (351.0, 301.0), (373.0, 280.0), (395.0, 264.0), (410.0, 237.0), (399.0, 194.0), (357.0, 161.0), (310.0, 167.0), (271.0, 175.0), (237.0, 188.0), (221.0, 208.0), (219.0, 222.0), (219.0, 239.0), (234.0, 245.0), (249.0, 255.0), (260.0, 269.0), (286.0, 288.0), (303.0, 300.0), (314.0, 310.0), (321.0, 313.0)]}
[DEBUG] mask nonzero = 230
[DEBUG] found 3 raw contours
[DEBUG] kept 3 candidates after filtering
[DEBUG] roi_desc = {'type': 'polygon', 'polygon': [(329.0, 318.0), (351.0, 301.0), (373.0, 280.0), (395.0, 264.0), (410.0, 237.0), (399.0, 194.0), (357.0, 161.0), (310.0, 167.0), (271.0, 175.0), (237.0, 188.0), (221.0, 208.0), (219.0, 222.0), (219.0, 239.0), (234.0, 245.0), (249.0, 255.0), (260.0, 269.0), (286.0, 288.0), (303.0, 300.0), (314.0, 310.0), (321.0, 313.0)]}
[DEBUG] mask nonzero = 232
[DEBUG] found 3 raw contours
[DEBUG] kept 3 candidates after filtering
[DEBUG] roi_desc = {'type': 'polygon', 'polygon': [(329.0, 318.0), (351.0, 301.0), (373.0, 280.0), (395.0, 264.0), (410.0, 237.0), (399.0, 194.0), (357.0, 161.0), (310.0, 167.0), (271.0, 175.0), (237.0, 188.0), (221.0, 208.0), (219.0, 222.0), (219.0, 239.0), (234.0, 245.0), (249.0, 255.0), (260.0, 269.0), (286.0, 288.0), (303.0, 300.0), (314.0, 310.0), (321.0, 313.0)]}
[DEBUG] mask nonzero = 232
[DEBUG] found 3 raw contours
[DEBUG] kept 3 candidates after filtering
[DEBUG] roi_desc = {'type': 'polygon', 'polygon': [(329.0, 318.0), (351.0, 301.0), (373.0, 280.0), (395.0, 264.0), (410.0, 237.0), (399.0, 194.0), (357.0, 161.0), (310.0, 167.0), (271.0, 175.0), (237.0, 188.0), (221.0, 208.0), (219.0, 222.0), (219.0, 239.0), (234.0, 245.0), (249.0, 255.0), (260.0, 269.0), (286.0, 288.0), (303.0, 300.0), (314.0, 310.0), (321.0, 313.0)]}
[DEBUG] mask nonzero = 235
[DEBUG] found 3 raw contours
[DEBUG] kept 3 candidates after filtering
[DEBUG] roi_desc = {'type': 'polygon', 'polygon': [(329.0, 318.0), (351.0, 301.0), (373.0, 280.0), (395.0, 264.0), (410.0, 237.0), (399.0, 194.0), (357.0, 161.0), (310.0, 167.0), (271.0, 175.0), (237.0, 188.0), (221.0, 208.0), (219.0, 222.0), (219.0, 239.0), (234.0, 245.0), (249.0, 255.0), (260.0, 269.0), (286.0, 288.0), (303.0, 300.0), (314.0, 310.0), (321.0, 313.0)]}
[DEBUG] mask nonzero = 228
[DEBUG] found 3 raw contours
[DEBUG] kept 3 candidates after filtering
[DEBUG] roi_desc = {'type': 'polygon', 'polygon': [(329.0, 318.0), (351.0, 301.0), (373.0, 280.0), (395.0, 264.0), (410.0, 237.0), (399.0, 194.0), (357.0, 161.0), (310.0, 167.0), (271.0, 175.0), (237.0, 188.0), (221.0, 208.0), (219.0, 222.0), (219.0, 239.0), (234.0, 245.0), (249.0, 255.0), (260.0, 269.0), (286.0, 288.0), (303.0, 300.0), (314.0, 310.0), (321.0, 313.0)]}
[DEBUG] mask nonzero = 231
[DEBUG] found 3 raw contours
[DEBUG] kept 3 candidates after filtering
[DEBUG] roi_desc = {'type': 'polygon', 'polygon': [(329.0, 318.0), (351.0, 301.0), (373.0, 280.0), (395.0, 264.0), (410.0, 237.0), (399.0, 194.0), (357.0, 161.0), (310.0, 167.0), (271.0, 175.0), (237.0, 188.0), (221.0, 208.0), (219.0, 222.0), (219.0, 239.0), (234.0, 245.0), (249.0, 255.0), (260.0, 269.0), (286.0, 288.0), (303.0, 300.0), (314.0, 310.0), (321.0, 313.0)]}
[DEBUG] mask nonzero = 232
[DEBUG] found 3 raw contours
[DEBUG] kept 3 candidates after filtering
[DEBUG] roi_desc = {'type': 'polygon', 'polygon': [(329.0, 318.0), (351.0, 301.0), (373.0, 280.0), (395.0, 264.0), (410.0, 237.0), (399.0, 194.0), (357.0, 161.0), (310.0, 167.0), (271.0, 175.0), (237.0, 188.0), (221.0, 208.0), (219.0, 222.0), (219.0, 239.0), (234.0, 245.0), (249.0, 255.0), (260.0, 269.0), (286.0, 288.0), (303.0, 300.0), (314.0, 310.0), (321.0, 313.0)]}
[DEBUG] mask nonzero = 235
[DEBUG] found 3 raw contours
[DEBUG] kept 3 candidates after filtering
[DEBUG] roi_desc = {'type': 'polygon', 'polygon': [(329.0, 318.0), (351.0, 301.0), (373.0, 280.0), (395.0, 264.0), (410.0, 237.0), (399.0, 194.0), (357.0, 161.0), (310.0, 167.0), (271.0, 175.0), (237.0, 188.0), (221.0, 208.0), (219.0, 222.0), (219.0, 239.0), (234.0, 245.0), (249.0, 255.0), (260.0, 269.0), (286.0, 288.0), (303.0, 300.0), (314.0, 310.0), (321.0, 313.0)]}
[DEBUG] mask nonzero = 229
[DEBUG] found 3 raw contours
[DEBUG] kept 3 candidates after filtering
[DEBUG] roi_desc = {'type': 'polygon', 'polygon': [(329.0, 318.0), (351.0, 301.0), (373.0, 280.0), (395.0, 264.0), (410.0, 237.0), (399.0, 194.0), (357.0, 161.0), (310.0, 167.0), (271.0, 175.0), (237.0, 188.0), (221.0, 208.0), (219.0, 222.0), (219.0, 239.0), (234.0, 245.0), (249.0, 255.0), (260.0, 269.0), (286.0, 288.0), (303.0, 300.0), (314.0, 310.0), (321.0, 313.0)]}
[DEBUG] mask nonzero = 229
[DEBUG] found 3 raw contours
[DEBUG] kept 3 candidates after filtering
[DEBUG] roi_desc = {'type': 'polygon', 'polygon': [(329.0, 318.0), (351.0, 301.0), (373.0, 280.0), (395.0, 264.0), (410.0, 237.0), (399.0, 194.0), (357.0, 161.0), (310.0, 167.0), (271.0, 175.0), (237.0, 188.0), (221.0, 208.0), (219.0, 222.0), (219.0, 239.0), (234.0, 245.0), (249.0, 255.0), (260.0, 269.0), (286.0, 288.0), (303.0, 300.0), (314.0, 310.0), (321.0, 313.0)]}
[DEBUG] mask nonzero = 236
[DEBUG] found 3 raw contours
[DEBUG] kept 3 candidates after filtering
[DEBUG] roi_desc = {'type': 'polygon', 'polygon': [(329.0, 318.0), (351.0, 301.0), (373.0, 280.0), (395.0, 264.0), (410.0, 237.0), (399.0, 194.0), (357.0, 161.0), (310.0, 167.0), (271.0, 175.0), (237.0, 188.0), (221.0, 208.0), (219.0, 222.0), (219.0, 239.0), (234.0, 245.0), (249.0, 255.0), (260.0, 269.0), (286.0, 288.0), (303.0, 300.0), (314.0, 310.0), (321.0, 313.0)]}
[DEBUG] mask nonzero = 233
[DEBUG] found 3 raw contours
[DEBUG] kept 3 candidates after filtering
[DEBUG] roi_desc = {'type': 'polygon', 'polygon': [(329.0, 318.0), (351.0, 301.0), (373.0, 280.0), (395.0, 264.0), (410.0, 237.0), (399.0, 194.0), (357.0, 161.0), (310.0, 167.0), (271.0, 175.0), (237.0, 188.0), (221.0, 208.0), (219.0, 222.0), (219.0, 239.0), (234.0, 245.0), (249.0, 255.0), (260.0, 269.0), (286.0, 288.0), (303.0, 300.0), (314.0, 310.0), (321.0, 313.0)]}
[DEBUG] mask nonzero = 234
[DEBUG] found 3 raw contours
[DEBUG] kept 3 candidates after filtering
[DEBUG] roi_desc = {'type': 'polygon', 'polygon': [(329.0, 318.0), (351.0, 301.0), (373.0, 280.0), (395.0, 264.0), (410.0, 237.0), (399.0, 194.0), (357.0, 161.0), (310.0, 167.0), (271.0, 175.0), (237.0, 188.0), (221.0, 208.0), (219.0, 222.0), (219.0, 239.0), (234.0, 245.0), (249.0, 255.0), (260.0, 269.0), (286.0, 288.0), (303.0, 300.0), (314.0, 310.0), (321.0, 313.0)]}
[DEBUG] mask nonzero = 231
[DEBUG] found 3 raw contours
[DEBUG] kept 3 candidates after filtering
[DEBUG] roi_desc = {'type': 'polygon', 'polygon': [(329.0, 318.0), (351.0, 301.0), (373.0, 280.0), (395.0, 264.0), (410.0, 237.0), (399.0, 194.0), (357.0, 161.0), (310.0, 167.0), (271.0, 175.0), (237.0, 188.0), (221.0, 208.0), (219.0, 222.0), (219.0, 239.0), (234.0, 245.0), (249.0, 255.0), (260.0, 269.0), (286.0, 288.0), (303.0, 300.0), (314.0, 310.0), (321.0, 313.0)]}
[DEBUG] mask nonzero = 235
[DEBUG] found 3 raw contours
[DEBUG] kept 3 candidates after filtering
[DEBUG] roi_desc = {'type': 'polygon', 'polygon': [(329.0, 318.0), (351.0, 301.0), (373.0, 280.0), (395.0, 264.0), (410.0, 237.0), (399.0, 194.0), (357.0, 161.0), (310.0, 167.0), (271.0, 175.0), (237.0, 188.0), (221.0, 208.0), (219.0, 222.0), (219.0, 239.0), (234.0, 245.0), (249.0, 255.0), (260.0, 269.0), (286.0, 288.0), (303.0, 300.0), (314.0, 310.0), (321.0, 313.0)]}
[DEBUG] mask nonzero = 233
[DEBUG] found 3 raw contours
[DEBUG] kept 3 candidates after filtering
[DEBUG] roi_desc = {'type': 'polygon', 'polygon': [(329.0, 318.0), (351.0, 301.0), (373.0, 280.0), (395.0, 264.0), (410.0, 237.0), (399.0, 194.0), (357.0, 161.0), (310.0, 167.0), (271.0, 175.0), (237.0, 188.0), (221.0, 208.0), (219.0, 222.0), (219.0, 239.0), (234.0, 245.0), (249.0, 255.0), (260.0, 269.0), (286.0, 288.0), (303.0, 300.0), (314.0, 310.0), (321.0, 313.0)]}
[DEBUG] mask nonzero = 228
[DEBUG] found 3 raw contours
[DEBUG] kept 3 candidates after filtering
[DEBUG] roi_desc = {'type': 'polygon', 'polygon': [(329.0, 318.0), (351.0, 301.0), (373.0, 280.0), (395.0, 264.0), (410.0, 237.0), (399.0, 194.0), (357.0, 161.0), (310.0, 167.0), (271.0, 175.0), (237.0, 188.0), (221.0, 208.0), (219.0, 222.0), (219.0, 239.0), (234.0, 245.0), (249.0, 255.0), (260.0, 269.0), (286.0, 288.0), (303.0, 300.0), (314.0, 310.0), (321.0, 313.0)]}
[DEBUG] mask nonzero = 230
[DEBUG] found 3 raw contours
[DEBUG] kept 3 candidates after filtering
[DEBUG] roi_desc = {'type': 'polygon', 'polygon': [(329.0, 318.0), (351.0, 301.0), (373.0, 280.0), (395.0, 264.0), (410.0, 237.0), (399.0, 194.0), (357.0, 161.0), (310.0, 167.0), (271.0, 175.0), (237.0, 188.0), (221.0, 208.0), (219.0, 222.0), (219.0, 239.0), (234.0, 245.0), (249.0, 255.0), (260.0, 269.0), (286.0, 288.0), (303.0, 300.0), (314.0, 310.0), (321.0, 313.0)]}
[DEBUG] mask nonzero = 234
[DEBUG] found 3 raw contours
[DEBUG] kept 3 candidates after filtering
[DEBUG] roi_desc = {'type': 'polygon', 'polygon': [(329.0, 318.0), (351.0, 301.0), (373.0, 280.0), (395.0, 264.0), (410.0, 237.0), (399.0, 194.0), (357.0, 161.0), (310.0, 167.0), (271.0, 175.0), (237.0, 188.0), (221.0, 208.0), (219.0, 222.0), (219.0, 239.0), (234.0, 245.0), (249.0, 255.0), (260.0, 269.0), (286.0, 288.0), (303.0, 300.0), (314.0, 310.0), (321.0, 313.0)]}
[DEBUG] mask nonzero = 228
[DEBUG] found 3 raw contours
[DEBUG] kept 3 candidates after filtering
[DEBUG] roi_desc = {'type': 'polygon', 'polygon': [(329.0, 318.0), (351.0, 301.0), (373.0, 280.0), (395.0, 264.0), (410.0, 237.0), (399.0, 194.0), (357.0, 161.0), (310.0, 167.0), (271.0, 175.0), (237.0, 188.0), (221.0, 208.0), (219.0, 222.0), (219.0, 239.0), (234.0, 245.0), (249.0, 255.0), (260.0, 269.0), (286.0, 288.0), (303.0, 300.0), (314.0, 310.0), (321.0, 313.0)]}
[DEBUG] mask nonzero = 233
[DEBUG] found 3 raw contours
[DEBUG] kept 3 candidates after filtering
[DEBUG] roi_desc = {'type': 'polygon', 'polygon': [(329.0, 318.0), (351.0, 301.0), (373.0, 280.0), (395.0, 264.0), (410.0, 237.0), (399.0, 194.0), (357.0, 161.0), (310.0, 167.0), (271.0, 175.0), (237.0, 188.0), (221.0, 208.0), (219.0, 222.0), (219.0, 239.0), (234.0, 245.0), (249.0, 255.0), (260.0, 269.0), (286.0, 288.0), (303.0, 300.0), (314.0, 310.0), (321.0, 313.0)]}
[DEBUG] mask nonzero = 236
[DEBUG] found 3 raw contours
[DEBUG] kept 3 candidates after filtering
[DEBUG] roi_desc = {'type': 'polygon', 'polygon': [(329.0, 318.0), (351.0, 301.0), (373.0, 280.0), (395.0, 264.0), (410.0, 237.0), (399.0, 194.0), (357.0, 161.0), (310.0, 167.0), (271.0, 175.0), (237.0, 188.0), (221.0, 208.0), (219.0, 222.0), (219.0, 239.0), (234.0, 245.0), (249.0, 255.0), (260.0, 269.0), (286.0, 288.0), (303.0, 300.0), (314.0, 310.0), (321.0, 313.0)]}
[DEBUG] mask nonzero = 232
[DEBUG] found 3 raw contours
[DEBUG] kept 3 candidates after filtering
[DEBUG] roi_desc = {'type': 'polygon', 'polygon': [(329.0, 318.0), (351.0, 301.0), (373.0, 280.0), (395.0, 264.0), (410.0, 237.0), (399.0, 194.0), (357.0, 161.0), (310.0, 167.0), (271.0, 175.0), (237.0, 188.0), (221.0, 208.0), (219.0, 222.0), (219.0, 239.0), (234.0, 245.0), (249.0, 255.0), (260.0, 269.0), (286.0, 288.0), (303.0, 300.0), (314.0, 310.0), (321.0, 313.0)]}
[DEBUG] mask nonzero = 235
[DEBUG] found 3 raw contours
[DEBUG] kept 3 candidates after filtering
[DEBUG] roi_desc = {'type': 'polygon', 'polygon': [(329.0, 318.0), (351.0, 301.0), (373.0, 280.0), (395.0, 264.0), (410.0, 237.0), (399.0, 194.0), (357.0, 161.0), (310.0, 167.0), (271.0, 175.0), (237.0, 188.0), (221.0, 208.0), (219.0, 222.0), (219.0, 239.0), (234.0, 245.0), (249.0, 255.0), (260.0, 269.0), (286.0, 288.0), (303.0, 300.0), (314.0, 310.0), (321.0, 313.0)]}
[DEBUG] mask nonzero = 235
[DEBUG] found 3 raw contours
[DEBUG] kept 3 candidates after filtering
[DEBUG] roi_desc = {'type': 'polygon', 'polygon': [(329.0, 318.0), (351.0, 301.0), (373.0, 280.0), (395.0, 264.0), (410.0, 237.0), (399.0, 194.0), (357.0, 161.0), (310.0, 167.0), (271.0, 175.0), (237.0, 188.0), (221.0, 208.0), (219.0, 222.0), (219.0, 239.0), (234.0, 245.0), (249.0, 255.0), (260.0, 269.0), (286.0, 288.0), (303.0, 300.0), (314.0, 310.0), (321.0, 313.0)]}
[DEBUG] mask nonzero = 235
[DEBUG] found 3 raw contours
[DEBUG] kept 3 candidates after filtering
[DEBUG] roi_desc = {'type': 'polygon', 'polygon': [(329.0, 318.0), (351.0, 301.0), (373.0, 280.0), (395.0, 264.0), (410.0, 237.0), (399.0, 194.0), (357.0, 161.0), (310.0, 167.0), (271.0, 175.0), (237.0, 188.0), (221.0, 208.0), (219.0, 222.0), (219.0, 239.0), (234.0, 245.0), (249.0, 255.0), (260.0, 269.0), (286.0, 288.0), (303.0, 300.0), (314.0, 310.0), (321.0, 313.0)]}
[DEBUG] mask nonzero = 225
[DEBUG] found 3 raw contours
[DEBUG] kept 3 candidates after filtering
[DEBUG] roi_desc = {'type': 'polygon', 'polygon': [(329.0, 318.0), (351.0, 301.0), (373.0, 280.0), (395.0, 264.0), (410.0, 237.0), (399.0, 194.0), (357.0, 161.0), (310.0, 167.0), (271.0, 175.0), (237.0, 188.0), (221.0, 208.0), (219.0, 222.0), (219.0, 239.0), (234.0, 245.0), (249.0, 255.0), (260.0, 269.0), (286.0, 288.0), (303.0, 300.0), (314.0, 310.0), (321.0, 313.0)]}
[DEBUG] mask nonzero = 234
[DEBUG] found 3 raw contours
[DEBUG] kept 3 candidates after filtering
[DEBUG] roi_desc = {'type': 'polygon', 'polygon': [(329.0, 318.0), (351.0, 301.0), (373.0, 280.0), (395.0, 264.0), (410.0, 237.0), (399.0, 194.0), (357.0, 161.0), (310.0, 167.0), (271.0, 175.0), (237.0, 188.0), (221.0, 208.0), (219.0, 222.0), (219.0, 239.0), (234.0, 245.0), (249.0, 255.0), (260.0, 269.0), (286.0, 288.0), (303.0, 300.0), (314.0, 310.0), (321.0, 313.0)]}
[DEBUG] mask nonzero = 234
[DEBUG] found 3 raw contours
[DEBUG] kept 3 candidates after filtering
[DEBUG] roi_desc = {'type': 'polygon', 'polygon': [(329.0, 318.0), (351.0, 301.0), (373.0, 280.0), (395.0, 264.0), (410.0, 237.0), (399.0, 194.0), (357.0, 161.0), (310.0, 167.0), (271.0, 175.0), (237.0, 188.0), (221.0, 208.0), (219.0, 222.0), (219.0, 239.0), (234.0, 245.0), (249.0, 255.0), (260.0, 269.0), (286.0, 288.0), (303.0, 300.0), (314.0, 310.0), (321.0, 313.0)]}
[DEBUG] mask nonzero = 223
[DEBUG] found 3 raw contours
[DEBUG] kept 3 candidates after filtering
[DEBUG] roi_desc = {'type': 'polygon', 'polygon': [(329.0, 318.0), (351.0, 301.0), (373.0, 280.0), (395.0, 264.0), (410.0, 237.0), (399.0, 194.0), (357.0, 161.0), (310.0, 167.0), (271.0, 175.0), (237.0, 188.0), (221.0, 208.0), (219.0, 222.0), (219.0, 239.0), (234.0, 245.0), (249.0, 255.0), (260.0, 269.0), (286.0, 288.0), (303.0, 300.0), (314.0, 310.0), (321.0, 313.0)]}
[DEBUG] mask nonzero = 235
[DEBUG] found 3 raw contours
[DEBUG] kept 3 candidates after filtering
[DEBUG] roi_desc = {'type': 'polygon', 'polygon': [(329.0, 318.0), (351.0, 301.0), (373.0, 280.0), (395.0, 264.0), (410.0, 237.0), (399.0, 194.0), (357.0, 161.0), (310.0, 167.0), (271.0, 175.0), (237.0, 188.0), (221.0, 208.0), (219.0, 222.0), (219.0, 239.0), (234.0, 245.0), (249.0, 255.0), (260.0, 269.0), (286.0, 288.0), (303.0, 300.0), (314.0, 310.0), (321.0, 313.0)]}
[DEBUG] mask nonzero = 232
[DEBUG] found 3 raw contours
[DEBUG] kept 3 candidates after filtering
[DEBUG] roi_desc = {'type': 'polygon', 'polygon': [(329.0, 318.0), (351.0, 301.0), (373.0, 280.0), (395.0, 264.0), (410.0, 237.0), (399.0, 194.0), (357.0, 161.0), (310.0, 167.0), (271.0, 175.0), (237.0, 188.0), (221.0, 208.0), (219.0, 222.0), (219.0, 239.0), (234.0, 245.0), (249.0, 255.0), (260.0, 269.0), (286.0, 288.0), (303.0, 300.0), (314.0, 310.0), (321.0, 313.0)]}
[DEBUG] mask nonzero = 235
[DEBUG] found 3 raw contours
[DEBUG] kept 3 candidates after filtering
[DEBUG] roi_desc = {'type': 'polygon', 'polygon': [(329.0, 318.0), (351.0, 301.0), (373.0, 280.0), (395.0, 264.0), (410.0, 237.0), (399.0, 194.0), (357.0, 161.0), (310.0, 167.0), (271.0, 175.0), (237.0, 188.0), (221.0, 208.0), (219.0, 222.0), (219.0, 239.0), (234.0, 245.0), (249.0, 255.0), (260.0, 269.0), (286.0, 288.0), (303.0, 300.0), (314.0, 310.0), (321.0, 313.0)]}
[DEBUG] mask nonzero = 232
[DEBUG] found 3 raw contours
[DEBUG] kept 3 candidates after filtering
[DEBUG] roi_desc = {'type': 'polygon', 'polygon': [(329.0, 318.0), (351.0, 301.0), (373.0, 280.0), (395.0, 264.0), (410.0, 237.0), (399.0, 194.0), (357.0, 161.0), (310.0, 167.0), (271.0, 175.0), (237.0, 188.0), (221.0, 208.0), (219.0, 222.0), (219.0, 239.0), (234.0, 245.0), (249.0, 255.0), (260.0, 269.0), (286.0, 288.0), (303.0, 300.0), (314.0, 310.0), (321.0, 313.0)]}
[DEBUG] mask nonzero = 234
[DEBUG] found 3 raw contours
[DEBUG] kept 3 candidates after filtering
[DEBUG] roi_desc = {'type': 'polygon', 'polygon': [(329.0, 318.0), (351.0, 301.0), (373.0, 280.0), (395.0, 264.0), (410.0, 237.0), (399.0, 194.0), (357.0, 161.0), (310.0, 167.0), (271.0, 175.0), (237.0, 188.0), (221.0, 208.0), (219.0, 222.0), (219.0, 239.0), (234.0, 245.0), (249.0, 255.0), (260.0, 269.0), (286.0, 288.0), (303.0, 300.0), (314.0, 310.0), (321.0, 313.0)]}
[DEBUG] mask nonzero = 233
[DEBUG] found 3 raw contours
[DEBUG] kept 3 candidates after filtering
[DEBUG] roi_desc = {'type': 'polygon', 'polygon': [(329.0, 318.0), (351.0, 301.0), (373.0, 280.0), (395.0, 264.0), (410.0, 237.0), (399.0, 194.0), (357.0, 161.0), (310.0, 167.0), (271.0, 175.0), (237.0, 188.0), (221.0, 208.0), (219.0, 222.0), (219.0, 239.0), (234.0, 245.0), (249.0, 255.0), (260.0, 269.0), (286.0, 288.0), (303.0, 300.0), (314.0, 310.0), (321.0, 313.0)]}
[DEBUG] mask nonzero = 231
[DEBUG] found 3 raw contours
[DEBUG] kept 3 candidates after filtering
[DEBUG] roi_desc = {'type': 'polygon', 'polygon': [(329.0, 318.0), (351.0, 301.0), (373.0, 280.0), (395.0, 264.0), (410.0, 237.0), (399.0, 194.0), (357.0, 161.0), (310.0, 167.0), (271.0, 175.0), (237.0, 188.0), (221.0, 208.0), (219.0, 222.0), (219.0, 239.0), (234.0, 245.0), (249.0, 255.0), (260.0, 269.0), (286.0, 288.0), (303.0, 300.0), (314.0, 310.0), (321.0, 313.0)]}
[DEBUG] mask nonzero = 235
[DEBUG] found 3 raw contours
[DEBUG] kept 3 candidates after filtering
[DEBUG] roi_desc = {'type': 'polygon', 'polygon': [(329.0, 318.0), (351.0, 301.0), (373.0, 280.0), (395.0, 264.0), (410.0, 237.0), (399.0, 194.0), (357.0, 161.0), (310.0, 167.0), (271.0, 175.0), (237.0, 188.0), (221.0, 208.0), (219.0, 222.0), (219.0, 239.0), (234.0, 245.0), (249.0, 255.0), (260.0, 269.0), (286.0, 288.0), (303.0, 300.0), (314.0, 310.0), (321.0, 313.0)]}
[DEBUG] mask nonzero = 236
[DEBUG] found 3 raw contours
[DEBUG] kept 3 candidates after filtering
[DEBUG] roi_desc = {'type': 'polygon', 'polygon': [(329.0, 318.0), (351.0, 301.0), (373.0, 280.0), (395.0, 264.0), (410.0, 237.0), (399.0, 194.0), (357.0, 161.0), (310.0, 167.0), (271.0, 175.0), (237.0, 188.0), (221.0, 208.0), (219.0, 222.0), (219.0, 239.0), (234.0, 245.0), (249.0, 255.0), (260.0, 269.0), (286.0, 288.0), (303.0, 300.0), (314.0, 310.0), (321.0, 313.0)]}
[DEBUG] mask nonzero = 237
[DEBUG] found 3 raw contours
[DEBUG] kept 3 candidates after filtering
RTDEReceiveInterface boost system Exception: (asio.misc:2) End of file
RTDEReceiveInterface boost system Exception: (asio.misc:2) End of file
/home/jack/Proper-Research/beam_direction_magnetisation/post_processing/post_processing.py:560: UserWarning: FigureCanvasAgg is non-interactive, and thus cannot be shown
  plt.show()
[DEBUG] roi_desc = {'type': 'polygon', 'polygon': [(329.0, 318.0), (351.0, 301.0), (373.0, 280.0), (395.0, 264.0), (410.0, 237.0), (399.0, 194.0), (357.0, 161.0), (310.0, 167.0), (271.0, 175.0), (237.0, 188.0), (221.0, 208.0), (219.0, 222.0), (219.0, 239.0), (234.0, 245.0), (249.0, 255.0), (260.0, 269.0), (286.0, 288.0), (303.0, 300.0), (314.0, 310.0), (321.0, 313.0)]}
[DEBUG] mask nonzero = 231
[DEBUG] found 3 raw contours
[DEBUG] kept 3 candidates after filtering
[DEBUG] roi_desc = {'type': 'polygon', 'polygon': [(329.0, 318.0), (351.0, 301.0), (373.0, 280.0), (395.0, 264.0), (410.0, 237.0), (399.0, 194.0), (357.0, 161.0), (310.0, 167.0), (271.0, 175.0), (237.0, 188.0), (221.0, 208.0), (219.0, 222.0), (219.0, 239.0), (234.0, 245.0), (249.0, 255.0), (260.0, 269.0), (286.0, 288.0), (303.0, 300.0), (314.0, 310.0), (321.0, 313.0)]}
[DEBUG] mask nonzero = 232
[DEBUG] found 3 raw contours
[DEBUG] kept 3 candidates after filtering
[beam] iter 1: 30.0 mm (target 30, err +0.0)
[worker] beam 30.0 mm; running mpc_ltv_offline
[path] LIVE (servoJ per tick)  control @ 10.0 Hz  ref=plan_dir
[path] log -> /home/jack/Proper-Research/close_loop_logs/compare_tri/runs/ltv_rep2_20260910T132811Z/path_follow.jsonl
[path] T_R_B  B.x(axial)=[-1.0, 0.0, 0.0]  B.y(sideways)=[0.0, 1.0, 0.0]  B.z(camera)=[0.0, 0.0, -1.0]
[path] advancer LIVE on /dev/ttyACM0
[path] camera + reader up; waiting for first tip + joints...
[path] planner->R fit: |t_fit|=0.000 m, det(R_fit)=+1.000
[path]   plan des[0] [495.6, -670.2, -16.6] mm  des[-1] [495.6, -670.2, -16.6] mm  (robot frame)
[path] loaded plan reference: 132 samples, 13.1s, source='/home/jack/Proper-Research/plans/triangle_8mm_2026-09-10/time_parameterized_configuration_path/time_parameterized_configuration_path.csv'
[path] start tip (mm) = [495.56, -670.24, -16.57]
[path] ref[0]     (mm) = [495.56, -670.24, -16.57]
[path] ref[-1]    (mm) = [495.56, -670.24, -16.57]
[path] building analytic beam Jacobian (forward-model solve + FK)...
[INIT] L_ins=0.040 -> L_model=0.040, wire_len=0.000, tip_len=0.040


tip position         : [ 0.79019416 -0.69343739 -0.09999488]
base position        : [ 0.82813282 -0.68127317 -0.1       ]
tip deflection       : [-3.79386605e-02 -1.21642204e-02  5.11568067e-06]
tip deflection norm  : 3.984106e-02



max violation        : 1.912274e-02

[path] model magnet in B = [+280, -0, -0] mm (coaxial: B.y/B.z ~0 -> magnet on the beam axis, ~280 mm ahead)
[path] |d(tip)/d(magnet)| per axis  B.z/out=0.005  B.y/in-plane=0.075  B.x/axial=0.075 mm/mm (axial should be ~0 for a coaxial axial-dipole magnet)
[path] ===== FROZEN BEAM JACOBIAN  d(tip_R xyz)/d[q1..q6, insertion] =====
[path] rows = tip R.x, R.y, R.z   cols = q1..q6 (rad), insertion (m)
[path]   R.x: [ 0.00231 -0.00006 -0.00148 -0.00076  0.00076 -0.00078 -0.99781]
[path]   R.y: [ 0.05099 -0.00358 -0.03426 -0.0177   0.01688 -0.0172   0.06712]
[path]   R.z: [ 0.00019  0.09656  0.07984  0.04366 -0.01113  0.00061  0.00165]
[path] --- J = J_beam[:, 0:3] @ Jv_robot ,  J[:,6] = J_beam[:,6] ---
[path] J_beam (3x7) d(tip)/d[magnet_xyz(3), magnet_rot(3), insertion]:
[path]   R.x: [ 0.00021  0.00342  0.00008  0.      -0.00001  0.00029 -0.99781]
[path]   R.y: [ 0.0048   0.07521  0.00001 -0.00002 -0.       0.00636  0.06712]
[path]   R.z: [ 0.00016  0.00001  0.07478  0.0011  -0.00626  0.       0.00165]
[path] Jv_robot (3x6) d(TCP_pos)/d(q):
[path]   R.x: [ 1.18706  0.04474  0.4168   0.2187   0.23479 -0.45275]
[path]   R.y: [ 0.60224 -0.05057 -0.48222 -0.24933  0.20953 -0.19984]
[path]   R.z: [ 0.       1.29123  1.06684  0.58339 -0.14931  0.00919]
[path] ================================================================
[path] cond(J[:, :6]) = 26107.06
[path] using external Jacobian schedule (132, 3, 7)
[path] controller = mpc_ltv_offline (horizon=30, freeze@0); closing the loop
Polishing not needed - no active set detected at optimal point
Polishing not needed - no active set detected at optimal point
Polishing not needed - no active set detected at optimal point
[  10] ref=   9/131 |e|=  0.29mm e=[ -0.05  +0.29  +0.00] |qd|=0.1030 ins= 31.5mm
[  20] ref=  19/131 |e|=  0.32mm e=[ +0.29  +0.12  +0.00] |qd|=0.1222 ins= 33.0mm
[  30] ref=  29/131 |e|=  0.82mm e=[ +0.45  +0.68  +0.00] |qd|=0.1635 ins= 34.5mm
[  40] ref=  39/131 |e|=  1.59mm e=[ +0.44  +1.53  +0.00] |qd|=0.1905 ins= 36.2mm
[  50] ref=  49/131 |e|=  2.26mm e=[ -0.35  +2.24  +0.00] |qd|=0.1841 ins= 37.6mm
[  60] ref=  59/131 |e|=  0.57mm e=[ +0.56  -0.07  +0.00] |qd|=0.0588 ins= 38.7mm
Polishing not needed - no active set detected at optimal point
[  70] ref=  69/131 |e|=  1.58mm e=[ +0.75  -1.39  +0.00] |qd|=0.1568 ins= 38.2mm
[  80] ref=  79/131 |e|=  3.08mm e=[ +0.24  -3.07  +0.00] |qd|=0.2125 ins= 38.1mm
[  90] ref=  89/131 |e|=  2.51mm e=[ +1.15  -2.23  +0.00] |qd|=0.2162 ins= 36.4mm
[path] wrote /home/jack/Proper-Research/close_loop_logs/compare_tri/runs/ltv_rep2_20260910T132811Z/path_follow_plot.png

=== PATH-FOLLOW SUMMARY ===
  timestamp_utc           : 2026-09-10T13:28:46.627592+00:00
  stop_reason             : stale_vision(age=0.541s)
  control_steps           : 95
  started_moving          : True
  reference_samples       : 132
  jacobian_condition      : 26107.06
  final_error_mm          : 2.48
  max_error_mm            : 3.083
  vision_detection_failures: 0
  log                     : /home/jack/Proper-Research/close_loop_logs/compare_tri/runs/ltv_rep2_20260910T132811Z/path_follow.jsonl
  csv                     : /home/jack/Proper-Research/close_loop_logs/compare_tri/runs/ltv_rep2_20260910T132811Z/tip_trajectory.csv
  plot                    : /home/jack/Proper-Research/close_loop_logs/compare_tri/runs/ltv_rep2_20260910T132811Z/path_follow_plot.png
[metrics] mpc_ltv_offline rep2: rms=1.62 max=3.08 hold=nan final=2.48 mm (stale_vision(age=0.541s))

========================================================================
  rep 3/3   naive_inverse_jacobian
========================================================================
[compare] settle 30s (RTDE)...
[reset] at reference joints (dq=0.0002)
[DEBUG] roi_desc = {'type': 'polygon', 'polygon': [(329.0, 318.0), (351.0, 301.0), (373.0, 280.0), (395.0, 264.0), (410.0, 237.0), (399.0, 194.0), (357.0, 161.0), (310.0, 167.0), (271.0, 175.0), (237.0, 188.0), (221.0, 208.0), (219.0, 222.0), (219.0, 239.0), (234.0, 245.0), (249.0, 255.0), (260.0, 269.0), (286.0, 288.0), (303.0, 300.0), (314.0, 310.0), (321.0, 313.0)]}
[DEBUG] mask nonzero = 224
[DEBUG] found 3 raw contours
[DEBUG] kept 3 candidates after filtering
[DEBUG] roi_desc = {'type': 'polygon', 'polygon': [(329.0, 318.0), (351.0, 301.0), (373.0, 280.0), (395.0, 264.0), (410.0, 237.0), (399.0, 194.0), (357.0, 161.0), (310.0, 167.0), (271.0, 175.0), (237.0, 188.0), (221.0, 208.0), (219.0, 222.0), (219.0, 239.0), (234.0, 245.0), (249.0, 255.0), (260.0, 269.0), (286.0, 288.0), (303.0, 300.0), (314.0, 310.0), (321.0, 313.0)]}
[DEBUG] mask nonzero = 229
[DEBUG] found 3 raw contours
[DEBUG] kept 3 candidates after filtering
[DEBUG] roi_desc = {'type': 'polygon', 'polygon': [(329.0, 318.0), (351.0, 301.0), (373.0, 280.0), (395.0, 264.0), (410.0, 237.0), (399.0, 194.0), (357.0, 161.0), (310.0, 167.0), (271.0, 175.0), (237.0, 188.0), (221.0, 208.0), (219.0, 222.0), (219.0, 239.0), (234.0, 245.0), (249.0, 255.0), (260.0, 269.0), (286.0, 288.0), (303.0, 300.0), (314.0, 310.0), (321.0, 313.0)]}
[DEBUG] mask nonzero = 237
[DEBUG] found 3 raw contours
[DEBUG] kept 3 candidates after filtering
[DEBUG] roi_desc = {'type': 'polygon', 'polygon': [(329.0, 318.0), (351.0, 301.0), (373.0, 280.0), (395.0, 264.0), (410.0, 237.0), (399.0, 194.0), (357.0, 161.0), (310.0, 167.0), (271.0, 175.0), (237.0, 188.0), (221.0, 208.0), (219.0, 222.0), (219.0, 239.0), (234.0, 245.0), (249.0, 255.0), (260.0, 269.0), (286.0, 288.0), (303.0, 300.0), (314.0, 310.0), (321.0, 313.0)]}
[DEBUG] mask nonzero = 229
[DEBUG] found 3 raw contours
[DEBUG] kept 3 candidates after filtering
[DEBUG] roi_desc = {'type': 'polygon', 'polygon': [(329.0, 318.0), (351.0, 301.0), (373.0, 280.0), (395.0, 264.0), (410.0, 237.0), (399.0, 194.0), (357.0, 161.0), (310.0, 167.0), (271.0, 175.0), (237.0, 188.0), (221.0, 208.0), (219.0, 222.0), (219.0, 239.0), (234.0, 245.0), (249.0, 255.0), (260.0, 269.0), (286.0, 288.0), (303.0, 300.0), (314.0, 310.0), (321.0, 313.0)]}
[DEBUG] mask nonzero = 227
[DEBUG] found 3 raw contours
[DEBUG] kept 3 candidates after filtering
[DEBUG] roi_desc = {'type': 'polygon', 'polygon': [(329.0, 318.0), (351.0, 301.0), (373.0, 280.0), (395.0, 264.0), (410.0, 237.0), (399.0, 194.0), (357.0, 161.0), (310.0, 167.0), (271.0, 175.0), (237.0, 188.0), (221.0, 208.0), (219.0, 222.0), (219.0, 239.0), (234.0, 245.0), (249.0, 255.0), (260.0, 269.0), (286.0, 288.0), (303.0, 300.0), (314.0, 310.0), (321.0, 313.0)]}
[DEBUG] mask nonzero = 235
[DEBUG] found 3 raw contours
[DEBUG] kept 3 candidates after filtering
[DEBUG] roi_desc = {'type': 'polygon', 'polygon': [(329.0, 318.0), (351.0, 301.0), (373.0, 280.0), (395.0, 264.0), (410.0, 237.0), (399.0, 194.0), (357.0, 161.0), (310.0, 167.0), (271.0, 175.0), (237.0, 188.0), (221.0, 208.0), (219.0, 222.0), (219.0, 239.0), (234.0, 245.0), (249.0, 255.0), (260.0, 269.0), (286.0, 288.0), (303.0, 300.0), (314.0, 310.0), (321.0, 313.0)]}
[DEBUG] mask nonzero = 233
[DEBUG] found 3 raw contours
[DEBUG] kept 3 candidates after filtering
[DEBUG] roi_desc = {'type': 'polygon', 'polygon': [(329.0, 318.0), (351.0, 301.0), (373.0, 280.0), (395.0, 264.0), (410.0, 237.0), (399.0, 194.0), (357.0, 161.0), (310.0, 167.0), (271.0, 175.0), (237.0, 188.0), (221.0, 208.0), (219.0, 222.0), (219.0, 239.0), (234.0, 245.0), (249.0, 255.0), (260.0, 269.0), (286.0, 288.0), (303.0, 300.0), (314.0, 310.0), (321.0, 313.0)]}
[DEBUG] mask nonzero = 234
[DEBUG] found 3 raw contours
[DEBUG] kept 3 candidates after filtering
[DEBUG] roi_desc = {'type': 'polygon', 'polygon': [(329.0, 318.0), (351.0, 301.0), (373.0, 280.0), (395.0, 264.0), (410.0, 237.0), (399.0, 194.0), (357.0, 161.0), (310.0, 167.0), (271.0, 175.0), (237.0, 188.0), (221.0, 208.0), (219.0, 222.0), (219.0, 239.0), (234.0, 245.0), (249.0, 255.0), (260.0, 269.0), (286.0, 288.0), (303.0, 300.0), (314.0, 310.0), (321.0, 313.0)]}
[DEBUG] mask nonzero = 234
[DEBUG] found 3 raw contours
[DEBUG] kept 3 candidates after filtering
[DEBUG] roi_desc = {'type': 'polygon', 'polygon': [(329.0, 318.0), (351.0, 301.0), (373.0, 280.0), (395.0, 264.0), (410.0, 237.0), (399.0, 194.0), (357.0, 161.0), (310.0, 167.0), (271.0, 175.0), (237.0, 188.0), (221.0, 208.0), (219.0, 222.0), (219.0, 239.0), (234.0, 245.0), (249.0, 255.0), (260.0, 269.0), (286.0, 288.0), (303.0, 300.0), (314.0, 310.0), (321.0, 313.0)]}
[DEBUG] mask nonzero = 220
[DEBUG] found 3 raw contours
[DEBUG] kept 3 candidates after filtering
[DEBUG] roi_desc = {'type': 'polygon', 'polygon': [(329.0, 318.0), (351.0, 301.0), (373.0, 280.0), (395.0, 264.0), (410.0, 237.0), (399.0, 194.0), (357.0, 161.0), (310.0, 167.0), (271.0, 175.0), (237.0, 188.0), (221.0, 208.0), (219.0, 222.0), (219.0, 239.0), (234.0, 245.0), (249.0, 255.0), (260.0, 269.0), (286.0, 288.0), (303.0, 300.0), (314.0, 310.0), (321.0, 313.0)]}
[DEBUG] mask nonzero = 223
[DEBUG] found 3 raw contours
[DEBUG] kept 3 candidates after filtering
[DEBUG] roi_desc = {'type': 'polygon', 'polygon': [(329.0, 318.0), (351.0, 301.0), (373.0, 280.0), (395.0, 264.0), (410.0, 237.0), (399.0, 194.0), (357.0, 161.0), (310.0, 167.0), (271.0, 175.0), (237.0, 188.0), (221.0, 208.0), (219.0, 222.0), (219.0, 239.0), (234.0, 245.0), (249.0, 255.0), (260.0, 269.0), (286.0, 288.0), (303.0, 300.0), (314.0, 310.0), (321.0, 313.0)]}
[DEBUG] mask nonzero = 216
[DEBUG] found 3 raw contours
[DEBUG] kept 3 candidates after filtering
[DEBUG] roi_desc = {'type': 'polygon', 'polygon': [(329.0, 318.0), (351.0, 301.0), (373.0, 280.0), (395.0, 264.0), (410.0, 237.0), (399.0, 194.0), (357.0, 161.0), (310.0, 167.0), (271.0, 175.0), (237.0, 188.0), (221.0, 208.0), (219.0, 222.0), (219.0, 239.0), (234.0, 245.0), (249.0, 255.0), (260.0, 269.0), (286.0, 288.0), (303.0, 300.0), (314.0, 310.0), (321.0, 313.0)]}
[DEBUG] mask nonzero = 221
[DEBUG] found 3 raw contours
[DEBUG] kept 3 candidates after filtering
[DEBUG] roi_desc = {'type': 'polygon', 'polygon': [(329.0, 318.0), (351.0, 301.0), (373.0, 280.0), (395.0, 264.0), (410.0, 237.0), (399.0, 194.0), (357.0, 161.0), (310.0, 167.0), (271.0, 175.0), (237.0, 188.0), (221.0, 208.0), (219.0, 222.0), (219.0, 239.0), (234.0, 245.0), (249.0, 255.0), (260.0, 269.0), (286.0, 288.0), (303.0, 300.0), (314.0, 310.0), (321.0, 313.0)]}
[DEBUG] mask nonzero = 226
[DEBUG] found 3 raw contours
[DEBUG] kept 3 candidates after filtering
[DEBUG] roi_desc = {'type': 'polygon', 'polygon': [(329.0, 318.0), (351.0, 301.0), (373.0, 280.0), (395.0, 264.0), (410.0, 237.0), (399.0, 194.0), (357.0, 161.0), (310.0, 167.0), (271.0, 175.0), (237.0, 188.0), (221.0, 208.0), (219.0, 222.0), (219.0, 239.0), (234.0, 245.0), (249.0, 255.0), (260.0, 269.0), (286.0, 288.0), (303.0, 300.0), (314.0, 310.0), (321.0, 313.0)]}
[DEBUG] mask nonzero = 221
[DEBUG] found 3 raw contours
[DEBUG] kept 3 candidates after filtering
[DEBUG] roi_desc = {'type': 'polygon', 'polygon': [(329.0, 318.0), (351.0, 301.0), (373.0, 280.0), (395.0, 264.0), (410.0, 237.0), (399.0, 194.0), (357.0, 161.0), (310.0, 167.0), (271.0, 175.0), (237.0, 188.0), (221.0, 208.0), (219.0, 222.0), (219.0, 239.0), (234.0, 245.0), (249.0, 255.0), (260.0, 269.0), (286.0, 288.0), (303.0, 300.0), (314.0, 310.0), (321.0, 313.0)]}
[DEBUG] mask nonzero = 234
[DEBUG] found 3 raw contours
[DEBUG] kept 3 candidates after filtering
[DEBUG] roi_desc = {'type': 'polygon', 'polygon': [(329.0, 318.0), (351.0, 301.0), (373.0, 280.0), (395.0, 264.0), (410.0, 237.0), (399.0, 194.0), (357.0, 161.0), (310.0, 167.0), (271.0, 175.0), (237.0, 188.0), (221.0, 208.0), (219.0, 222.0), (219.0, 239.0), (234.0, 245.0), (249.0, 255.0), (260.0, 269.0), (286.0, 288.0), (303.0, 300.0), (314.0, 310.0), (321.0, 313.0)]}
[DEBUG] mask nonzero = 228
[DEBUG] found 3 raw contours
[DEBUG] kept 3 candidates after filtering
[DEBUG] roi_desc = {'type': 'polygon', 'polygon': [(329.0, 318.0), (351.0, 301.0), (373.0, 280.0), (395.0, 264.0), (410.0, 237.0), (399.0, 194.0), (357.0, 161.0), (310.0, 167.0), (271.0, 175.0), (237.0, 188.0), (221.0, 208.0), (219.0, 222.0), (219.0, 239.0), (234.0, 245.0), (249.0, 255.0), (260.0, 269.0), (286.0, 288.0), (303.0, 300.0), (314.0, 310.0), (321.0, 313.0)]}
[DEBUG] mask nonzero = 226
[DEBUG] found 3 raw contours
[DEBUG] kept 3 candidates after filtering
[DEBUG] roi_desc = {'type': 'polygon', 'polygon': [(329.0, 318.0), (351.0, 301.0), (373.0, 280.0), (395.0, 264.0), (410.0, 237.0), (399.0, 194.0), (357.0, 161.0), (310.0, 167.0), (271.0, 175.0), (237.0, 188.0), (221.0, 208.0), (219.0, 222.0), (219.0, 239.0), (234.0, 245.0), (249.0, 255.0), (260.0, 269.0), (286.0, 288.0), (303.0, 300.0), (314.0, 310.0), (321.0, 313.0)]}
[DEBUG] mask nonzero = 230
[DEBUG] found 3 raw contours
[DEBUG] kept 3 candidates after filtering
[DEBUG] roi_desc = {'type': 'polygon', 'polygon': [(329.0, 318.0), (351.0, 301.0), (373.0, 280.0), (395.0, 264.0), (410.0, 237.0), (399.0, 194.0), (357.0, 161.0), (310.0, 167.0), (271.0, 175.0), (237.0, 188.0), (221.0, 208.0), (219.0, 222.0), (219.0, 239.0), (234.0, 245.0), (249.0, 255.0), (260.0, 269.0), (286.0, 288.0), (303.0, 300.0), (314.0, 310.0), (321.0, 313.0)]}
[DEBUG] mask nonzero = 224
[DEBUG] found 3 raw contours
[DEBUG] kept 3 candidates after filtering
[DEBUG] roi_desc = {'type': 'polygon', 'polygon': [(329.0, 318.0), (351.0, 301.0), (373.0, 280.0), (395.0, 264.0), (410.0, 237.0), (399.0, 194.0), (357.0, 161.0), (310.0, 167.0), (271.0, 175.0), (237.0, 188.0), (221.0, 208.0), (219.0, 222.0), (219.0, 239.0), (234.0, 245.0), (249.0, 255.0), (260.0, 269.0), (286.0, 288.0), (303.0, 300.0), (314.0, 310.0), (321.0, 313.0)]}
[DEBUG] mask nonzero = 229
[DEBUG] found 3 raw contours
[DEBUG] kept 3 candidates after filtering
[DEBUG] roi_desc = {'type': 'polygon', 'polygon': [(329.0, 318.0), (351.0, 301.0), (373.0, 280.0), (395.0, 264.0), (410.0, 237.0), (399.0, 194.0), (357.0, 161.0), (310.0, 167.0), (271.0, 175.0), (237.0, 188.0), (221.0, 208.0), (219.0, 222.0), (219.0, 239.0), (234.0, 245.0), (249.0, 255.0), (260.0, 269.0), (286.0, 288.0), (303.0, 300.0), (314.0, 310.0), (321.0, 313.0)]}
[DEBUG] mask nonzero = 217
[DEBUG] found 3 raw contours
[DEBUG] kept 3 candidates after filtering
[DEBUG] roi_desc = {'type': 'polygon', 'polygon': [(329.0, 318.0), (351.0, 301.0), (373.0, 280.0), (395.0, 264.0), (410.0, 237.0), (399.0, 194.0), (357.0, 161.0), (310.0, 167.0), (271.0, 175.0), (237.0, 188.0), (221.0, 208.0), (219.0, 222.0), (219.0, 239.0), (234.0, 245.0), (249.0, 255.0), (260.0, 269.0), (286.0, 288.0), (303.0, 300.0), (314.0, 310.0), (321.0, 313.0)]}
[DEBUG] mask nonzero = 227
[DEBUG] found 3 raw contours
[DEBUG] kept 3 candidates after filtering
[DEBUG] roi_desc = {'type': 'polygon', 'polygon': [(329.0, 318.0), (351.0, 301.0), (373.0, 280.0), (395.0, 264.0), (410.0, 237.0), (399.0, 194.0), (357.0, 161.0), (310.0, 167.0), (271.0, 175.0), (237.0, 188.0), (221.0, 208.0), (219.0, 222.0), (219.0, 239.0), (234.0, 245.0), (249.0, 255.0), (260.0, 269.0), (286.0, 288.0), (303.0, 300.0), (314.0, 310.0), (321.0, 313.0)]}
[DEBUG] mask nonzero = 224
[DEBUG] found 3 raw contours
[DEBUG] kept 3 candidates after filtering
[DEBUG] roi_desc = {'type': 'polygon', 'polygon': [(329.0, 318.0), (351.0, 301.0), (373.0, 280.0), (395.0, 264.0), (410.0, 237.0), (399.0, 194.0), (357.0, 161.0), (310.0, 167.0), (271.0, 175.0), (237.0, 188.0), (221.0, 208.0), (219.0, 222.0), (219.0, 239.0), (234.0, 245.0), (249.0, 255.0), (260.0, 269.0), (286.0, 288.0), (303.0, 300.0), (314.0, 310.0), (321.0, 313.0)]}
[DEBUG] mask nonzero = 229
[DEBUG] found 3 raw contours
[DEBUG] kept 3 candidates after filtering
[DEBUG] roi_desc = {'type': 'polygon', 'polygon': [(329.0, 318.0), (351.0, 301.0), (373.0, 280.0), (395.0, 264.0), (410.0, 237.0), (399.0, 194.0), (357.0, 161.0), (310.0, 167.0), (271.0, 175.0), (237.0, 188.0), (221.0, 208.0), (219.0, 222.0), (219.0, 239.0), (234.0, 245.0), (249.0, 255.0), (260.0, 269.0), (286.0, 288.0), (303.0, 300.0), (314.0, 310.0), (321.0, 313.0)]}
[DEBUG] mask nonzero = 224
[DEBUG] found 3 raw contours
[DEBUG] kept 3 candidates after filtering
[DEBUG] roi_desc = {'type': 'polygon', 'polygon': [(329.0, 318.0), (351.0, 301.0), (373.0, 280.0), (395.0, 264.0), (410.0, 237.0), (399.0, 194.0), (357.0, 161.0), (310.0, 167.0), (271.0, 175.0), (237.0, 188.0), (221.0, 208.0), (219.0, 222.0), (219.0, 239.0), (234.0, 245.0), (249.0, 255.0), (260.0, 269.0), (286.0, 288.0), (303.0, 300.0), (314.0, 310.0), (321.0, 313.0)]}
[DEBUG] mask nonzero = 226
[DEBUG] found 3 raw contours
[DEBUG] kept 3 candidates after filtering
[DEBUG] roi_desc = {'type': 'polygon', 'polygon': [(329.0, 318.0), (351.0, 301.0), (373.0, 280.0), (395.0, 264.0), (410.0, 237.0), (399.0, 194.0), (357.0, 161.0), (310.0, 167.0), (271.0, 175.0), (237.0, 188.0), (221.0, 208.0), (219.0, 222.0), (219.0, 239.0), (234.0, 245.0), (249.0, 255.0), (260.0, 269.0), (286.0, 288.0), (303.0, 300.0), (314.0, 310.0), (321.0, 313.0)]}
[DEBUG] mask nonzero = 226
[DEBUG] found 3 raw contours
[DEBUG] kept 3 candidates after filtering
[DEBUG] roi_desc = {'type': 'polygon', 'polygon': [(329.0, 318.0), (351.0, 301.0), (373.0, 280.0), (395.0, 264.0), (410.0, 237.0), (399.0, 194.0), (357.0, 161.0), (310.0, 167.0), (271.0, 175.0), (237.0, 188.0), (221.0, 208.0), (219.0, 222.0), (219.0, 239.0), (234.0, 245.0), (249.0, 255.0), (260.0, 269.0), (286.0, 288.0), (303.0, 300.0), (314.0, 310.0), (321.0, 313.0)]}
[DEBUG] mask nonzero = 227
[DEBUG] found 3 raw contours
[DEBUG] kept 3 candidates after filtering
[DEBUG] roi_desc = {'type': 'polygon', 'polygon': [(329.0, 318.0), (351.0, 301.0), (373.0, 280.0), (395.0, 264.0), (410.0, 237.0), (399.0, 194.0), (357.0, 161.0), (310.0, 167.0), (271.0, 175.0), (237.0, 188.0), (221.0, 208.0), (219.0, 222.0), (219.0, 239.0), (234.0, 245.0), (249.0, 255.0), (260.0, 269.0), (286.0, 288.0), (303.0, 300.0), (314.0, 310.0), (321.0, 313.0)]}
[DEBUG] mask nonzero = 225
[DEBUG] found 3 raw contours
[DEBUG] kept 3 candidates after filtering
[DEBUG] roi_desc = {'type': 'polygon', 'polygon': [(329.0, 318.0), (351.0, 301.0), (373.0, 280.0), (395.0, 264.0), (410.0, 237.0), (399.0, 194.0), (357.0, 161.0), (310.0, 167.0), (271.0, 175.0), (237.0, 188.0), (221.0, 208.0), (219.0, 222.0), (219.0, 239.0), (234.0, 245.0), (249.0, 255.0), (260.0, 269.0), (286.0, 288.0), (303.0, 300.0), (314.0, 310.0), (321.0, 313.0)]}
[DEBUG] mask nonzero = 228
[DEBUG] found 3 raw contours
[DEBUG] kept 3 candidates after filtering
[DEBUG] roi_desc = {'type': 'polygon', 'polygon': [(329.0, 318.0), (351.0, 301.0), (373.0, 280.0), (395.0, 264.0), (410.0, 237.0), (399.0, 194.0), (357.0, 161.0), (310.0, 167.0), (271.0, 175.0), (237.0, 188.0), (221.0, 208.0), (219.0, 222.0), (219.0, 239.0), (234.0, 245.0), (249.0, 255.0), (260.0, 269.0), (286.0, 288.0), (303.0, 300.0), (314.0, 310.0), (321.0, 313.0)]}
[DEBUG] mask nonzero = 234
[DEBUG] found 3 raw contours
[DEBUG] kept 3 candidates after filtering
[DEBUG] roi_desc = {'type': 'polygon', 'polygon': [(329.0, 318.0), (351.0, 301.0), (373.0, 280.0), (395.0, 264.0), (410.0, 237.0), (399.0, 194.0), (357.0, 161.0), (310.0, 167.0), (271.0, 175.0), (237.0, 188.0), (221.0, 208.0), (219.0, 222.0), (219.0, 239.0), (234.0, 245.0), (249.0, 255.0), (260.0, 269.0), (286.0, 288.0), (303.0, 300.0), (314.0, 310.0), (321.0, 313.0)]}
[DEBUG] mask nonzero = 222
[DEBUG] found 3 raw contours
[DEBUG] kept 3 candidates after filtering
[DEBUG] roi_desc = {'type': 'polygon', 'polygon': [(329.0, 318.0), (351.0, 301.0), (373.0, 280.0), (395.0, 264.0), (410.0, 237.0), (399.0, 194.0), (357.0, 161.0), (310.0, 167.0), (271.0, 175.0), (237.0, 188.0), (221.0, 208.0), (219.0, 222.0), (219.0, 239.0), (234.0, 245.0), (249.0, 255.0), (260.0, 269.0), (286.0, 288.0), (303.0, 300.0), (314.0, 310.0), (321.0, 313.0)]}
[DEBUG] mask nonzero = 218
[DEBUG] found 3 raw contours
[DEBUG] kept 3 candidates after filtering
[DEBUG] roi_desc = {'type': 'polygon', 'polygon': [(329.0, 318.0), (351.0, 301.0), (373.0, 280.0), (395.0, 264.0), (410.0, 237.0), (399.0, 194.0), (357.0, 161.0), (310.0, 167.0), (271.0, 175.0), (237.0, 188.0), (221.0, 208.0), (219.0, 222.0), (219.0, 239.0), (234.0, 245.0), (249.0, 255.0), (260.0, 269.0), (286.0, 288.0), (303.0, 300.0), (314.0, 310.0), (321.0, 313.0)]}
[DEBUG] mask nonzero = 227
[DEBUG] found 3 raw contours
[DEBUG] kept 3 candidates after filtering
[DEBUG] roi_desc = {'type': 'polygon', 'polygon': [(329.0, 318.0), (351.0, 301.0), (373.0, 280.0), (395.0, 264.0), (410.0, 237.0), (399.0, 194.0), (357.0, 161.0), (310.0, 167.0), (271.0, 175.0), (237.0, 188.0), (221.0, 208.0), (219.0, 222.0), (219.0, 239.0), (234.0, 245.0), (249.0, 255.0), (260.0, 269.0), (286.0, 288.0), (303.0, 300.0), (314.0, 310.0), (321.0, 313.0)]}
[DEBUG] mask nonzero = 229
[DEBUG] found 3 raw contours
[DEBUG] kept 3 candidates after filtering
[DEBUG] roi_desc = {'type': 'polygon', 'polygon': [(329.0, 318.0), (351.0, 301.0), (373.0, 280.0), (395.0, 264.0), (410.0, 237.0), (399.0, 194.0), (357.0, 161.0), (310.0, 167.0), (271.0, 175.0), (237.0, 188.0), (221.0, 208.0), (219.0, 222.0), (219.0, 239.0), (234.0, 245.0), (249.0, 255.0), (260.0, 269.0), (286.0, 288.0), (303.0, 300.0), (314.0, 310.0), (321.0, 313.0)]}
[DEBUG] mask nonzero = 233
[DEBUG] found 3 raw contours
[DEBUG] kept 3 candidates after filtering
[DEBUG] roi_desc = {'type': 'polygon', 'polygon': [(329.0, 318.0), (351.0, 301.0), (373.0, 280.0), (395.0, 264.0), (410.0, 237.0), (399.0, 194.0), (357.0, 161.0), (310.0, 167.0), (271.0, 175.0), (237.0, 188.0), (221.0, 208.0), (219.0, 222.0), (219.0, 239.0), (234.0, 245.0), (249.0, 255.0), (260.0, 269.0), (286.0, 288.0), (303.0, 300.0), (314.0, 310.0), (321.0, 313.0)]}
[DEBUG] mask nonzero = 235
[DEBUG] found 3 raw contours
[DEBUG] kept 3 candidates after filtering
[DEBUG] roi_desc = {'type': 'polygon', 'polygon': [(329.0, 318.0), (351.0, 301.0), (373.0, 280.0), (395.0, 264.0), (410.0, 237.0), (399.0, 194.0), (357.0, 161.0), (310.0, 167.0), (271.0, 175.0), (237.0, 188.0), (221.0, 208.0), (219.0, 222.0), (219.0, 239.0), (234.0, 245.0), (249.0, 255.0), (260.0, 269.0), (286.0, 288.0), (303.0, 300.0), (314.0, 310.0), (321.0, 313.0)]}
[DEBUG] mask nonzero = 235
[DEBUG] found 3 raw contours
[DEBUG] kept 3 candidates after filtering
[DEBUG] roi_desc = {'type': 'polygon', 'polygon': [(329.0, 318.0), (351.0, 301.0), (373.0, 280.0), (395.0, 264.0), (410.0, 237.0), (399.0, 194.0), (357.0, 161.0), (310.0, 167.0), (271.0, 175.0), (237.0, 188.0), (221.0, 208.0), (219.0, 222.0), (219.0, 239.0), (234.0, 245.0), (249.0, 255.0), (260.0, 269.0), (286.0, 288.0), (303.0, 300.0), (314.0, 310.0), (321.0, 313.0)]}
[DEBUG] mask nonzero = 228
[DEBUG] found 3 raw contours
[DEBUG] kept 3 candidates after filtering
[DEBUG] roi_desc = {'type': 'polygon', 'polygon': [(329.0, 318.0), (351.0, 301.0), (373.0, 280.0), (395.0, 264.0), (410.0, 237.0), (399.0, 194.0), (357.0, 161.0), (310.0, 167.0), (271.0, 175.0), (237.0, 188.0), (221.0, 208.0), (219.0, 222.0), (219.0, 239.0), (234.0, 245.0), (249.0, 255.0), (260.0, 269.0), (286.0, 288.0), (303.0, 300.0), (314.0, 310.0), (321.0, 313.0)]}
[DEBUG] mask nonzero = 228
[DEBUG] found 3 raw contours
[DEBUG] kept 3 candidates after filtering
[DEBUG] roi_desc = {'type': 'polygon', 'polygon': [(329.0, 318.0), (351.0, 301.0), (373.0, 280.0), (395.0, 264.0), (410.0, 237.0), (399.0, 194.0), (357.0, 161.0), (310.0, 167.0), (271.0, 175.0), (237.0, 188.0), (221.0, 208.0), (219.0, 222.0), (219.0, 239.0), (234.0, 245.0), (249.0, 255.0), (260.0, 269.0), (286.0, 288.0), (303.0, 300.0), (314.0, 310.0), (321.0, 313.0)]}
[DEBUG] mask nonzero = 233
[DEBUG] found 3 raw contours
[DEBUG] kept 3 candidates after filtering
[DEBUG] roi_desc = {'type': 'polygon', 'polygon': [(329.0, 318.0), (351.0, 301.0), (373.0, 280.0), (395.0, 264.0), (410.0, 237.0), (399.0, 194.0), (357.0, 161.0), (310.0, 167.0), (271.0, 175.0), (237.0, 188.0), (221.0, 208.0), (219.0, 222.0), (219.0, 239.0), (234.0, 245.0), (249.0, 255.0), (260.0, 269.0), (286.0, 288.0), (303.0, 300.0), (314.0, 310.0), (321.0, 313.0)]}
[DEBUG] mask nonzero = 226
[DEBUG] found 3 raw contours
[DEBUG] kept 3 candidates after filtering
[DEBUG] roi_desc = {'type': 'polygon', 'polygon': [(329.0, 318.0), (351.0, 301.0), (373.0, 280.0), (395.0, 264.0), (410.0, 237.0), (399.0, 194.0), (357.0, 161.0), (310.0, 167.0), (271.0, 175.0), (237.0, 188.0), (221.0, 208.0), (219.0, 222.0), (219.0, 239.0), (234.0, 245.0), (249.0, 255.0), (260.0, 269.0), (286.0, 288.0), (303.0, 300.0), (314.0, 310.0), (321.0, 313.0)]}
[DEBUG] mask nonzero = 223
[DEBUG] found 3 raw contours
[DEBUG] kept 3 candidates after filtering
[DEBUG] roi_desc = {'type': 'polygon', 'polygon': [(329.0, 318.0), (351.0, 301.0), (373.0, 280.0), (395.0, 264.0), (410.0, 237.0), (399.0, 194.0), (357.0, 161.0), (310.0, 167.0), (271.0, 175.0), (237.0, 188.0), (221.0, 208.0), (219.0, 222.0), (219.0, 239.0), (234.0, 245.0), (249.0, 255.0), (260.0, 269.0), (286.0, 288.0), (303.0, 300.0), (314.0, 310.0), (321.0, 313.0)]}
[DEBUG] mask nonzero = 221
[DEBUG] found 3 raw contours
[DEBUG] kept 3 candidates after filtering
[DEBUG] roi_desc = {'type': 'polygon', 'polygon': [(329.0, 318.0), (351.0, 301.0), (373.0, 280.0), (395.0, 264.0), (410.0, 237.0), (399.0, 194.0), (357.0, 161.0), (310.0, 167.0), (271.0, 175.0), (237.0, 188.0), (221.0, 208.0), (219.0, 222.0), (219.0, 239.0), (234.0, 245.0), (249.0, 255.0), (260.0, 269.0), (286.0, 288.0), (303.0, 300.0), (314.0, 310.0), (321.0, 313.0)]}
[DEBUG] mask nonzero = 219
[DEBUG] found 3 raw contours
[DEBUG] kept 3 candidates after filtering
[DEBUG] roi_desc = {'type': 'polygon', 'polygon': [(329.0, 318.0), (351.0, 301.0), (373.0, 280.0), (395.0, 264.0), (410.0, 237.0), (399.0, 194.0), (357.0, 161.0), (310.0, 167.0), (271.0, 175.0), (237.0, 188.0), (221.0, 208.0), (219.0, 222.0), (219.0, 239.0), (234.0, 245.0), (249.0, 255.0), (260.0, 269.0), (286.0, 288.0), (303.0, 300.0), (314.0, 310.0), (321.0, 313.0)]}
[DEBUG] mask nonzero = 223
[DEBUG] found 3 raw contours
[DEBUG] kept 3 candidates after filtering
[DEBUG] roi_desc = {'type': 'polygon', 'polygon': [(329.0, 318.0), (351.0, 301.0), (373.0, 280.0), (395.0, 264.0), (410.0, 237.0), (399.0, 194.0), (357.0, 161.0), (310.0, 167.0), (271.0, 175.0), (237.0, 188.0), (221.0, 208.0), (219.0, 222.0), (219.0, 239.0), (234.0, 245.0), (249.0, 255.0), (260.0, 269.0), (286.0, 288.0), (303.0, 300.0), (314.0, 310.0), (321.0, 313.0)]}
[DEBUG] mask nonzero = 221
[DEBUG] found 3 raw contours
[DEBUG] kept 3 candidates after filtering
[DEBUG] roi_desc = {'type': 'polygon', 'polygon': [(329.0, 318.0), (351.0, 301.0), (373.0, 280.0), (395.0, 264.0), (410.0, 237.0), (399.0, 194.0), (357.0, 161.0), (310.0, 167.0), (271.0, 175.0), (237.0, 188.0), (221.0, 208.0), (219.0, 222.0), (219.0, 239.0), (234.0, 245.0), (249.0, 255.0), (260.0, 269.0), (286.0, 288.0), (303.0, 300.0), (314.0, 310.0), (321.0, 313.0)]}
[DEBUG] mask nonzero = 226
[DEBUG] found 3 raw contours
[DEBUG] kept 3 candidates after filtering
[DEBUG] roi_desc = {'type': 'polygon', 'polygon': [(329.0, 318.0), (351.0, 301.0), (373.0, 280.0), (395.0, 264.0), (410.0, 237.0), (399.0, 194.0), (357.0, 161.0), (310.0, 167.0), (271.0, 175.0), (237.0, 188.0), (221.0, 208.0), (219.0, 222.0), (219.0, 239.0), (234.0, 245.0), (249.0, 255.0), (260.0, 269.0), (286.0, 288.0), (303.0, 300.0), (314.0, 310.0), (321.0, 313.0)]}
[DEBUG] mask nonzero = 227
[DEBUG] found 3 raw contours
[DEBUG] kept 3 candidates after filtering
[DEBUG] roi_desc = {'type': 'polygon', 'polygon': [(329.0, 318.0), (351.0, 301.0), (373.0, 280.0), (395.0, 264.0), (410.0, 237.0), (399.0, 194.0), (357.0, 161.0), (310.0, 167.0), (271.0, 175.0), (237.0, 188.0), (221.0, 208.0), (219.0, 222.0), (219.0, 239.0), (234.0, 245.0), (249.0, 255.0), (260.0, 269.0), (286.0, 288.0), (303.0, 300.0), (314.0, 310.0), (321.0, 313.0)]}
[DEBUG] mask nonzero = 226
[DEBUG] found 3 raw contours
[DEBUG] kept 3 candidates after filtering
[DEBUG] roi_desc = {'type': 'polygon', 'polygon': [(329.0, 318.0), (351.0, 301.0), (373.0, 280.0), (395.0, 264.0), (410.0, 237.0), (399.0, 194.0), (357.0, 161.0), (310.0, 167.0), (271.0, 175.0), (237.0, 188.0), (221.0, 208.0), (219.0, 222.0), (219.0, 239.0), (234.0, 245.0), (249.0, 255.0), (260.0, 269.0), (286.0, 288.0), (303.0, 300.0), (314.0, 310.0), (321.0, 313.0)]}
[DEBUG] mask nonzero = 223
[DEBUG] found 3 raw contours
[DEBUG] kept 3 candidates after filtering
[DEBUG] roi_desc = {'type': 'polygon', 'polygon': [(329.0, 318.0), (351.0, 301.0), (373.0, 280.0), (395.0, 264.0), (410.0, 237.0), (399.0, 194.0), (357.0, 161.0), (310.0, 167.0), (271.0, 175.0), (237.0, 188.0), (221.0, 208.0), (219.0, 222.0), (219.0, 239.0), (234.0, 245.0), (249.0, 255.0), (260.0, 269.0), (286.0, 288.0), (303.0, 300.0), (314.0, 310.0), (321.0, 313.0)]}
[DEBUG] mask nonzero = 213
[DEBUG] found 3 raw contours
[DEBUG] kept 3 candidates after filtering
[DEBUG] roi_desc = {'type': 'polygon', 'polygon': [(329.0, 318.0), (351.0, 301.0), (373.0, 280.0), (395.0, 264.0), (410.0, 237.0), (399.0, 194.0), (357.0, 161.0), (310.0, 167.0), (271.0, 175.0), (237.0, 188.0), (221.0, 208.0), (219.0, 222.0), (219.0, 239.0), (234.0, 245.0), (249.0, 255.0), (260.0, 269.0), (286.0, 288.0), (303.0, 300.0), (314.0, 310.0), (321.0, 313.0)]}
[DEBUG] mask nonzero = 226
[DEBUG] found 3 raw contours
[DEBUG] kept 3 candidates after filtering
[DEBUG] roi_desc = {'type': 'polygon', 'polygon': [(329.0, 318.0), (351.0, 301.0), (373.0, 280.0), (395.0, 264.0), (410.0, 237.0), (399.0, 194.0), (357.0, 161.0), (310.0, 167.0), (271.0, 175.0), (237.0, 188.0), (221.0, 208.0), (219.0, 222.0), (219.0, 239.0), (234.0, 245.0), (249.0, 255.0), (260.0, 269.0), (286.0, 288.0), (303.0, 300.0), (314.0, 310.0), (321.0, 313.0)]}
[DEBUG] mask nonzero = 238
[DEBUG] found 3 raw contours
[DEBUG] kept 3 candidates after filtering
[DEBUG] roi_desc = {'type': 'polygon', 'polygon': [(329.0, 318.0), (351.0, 301.0), (373.0, 280.0), (395.0, 264.0), (410.0, 237.0), (399.0, 194.0), (357.0, 161.0), (310.0, 167.0), (271.0, 175.0), (237.0, 188.0), (221.0, 208.0), (219.0, 222.0), (219.0, 239.0), (234.0, 245.0), (249.0, 255.0), (260.0, 269.0), (286.0, 288.0), (303.0, 300.0), (314.0, 310.0), (321.0, 313.0)]}
[DEBUG] mask nonzero = 231
[DEBUG] found 3 raw contours
[DEBUG] kept 3 candidates after filtering
[DEBUG] roi_desc = {'type': 'polygon', 'polygon': [(329.0, 318.0), (351.0, 301.0), (373.0, 280.0), (395.0, 264.0), (410.0, 237.0), (399.0, 194.0), (357.0, 161.0), (310.0, 167.0), (271.0, 175.0), (237.0, 188.0), (221.0, 208.0), (219.0, 222.0), (219.0, 239.0), (234.0, 245.0), (249.0, 255.0), (260.0, 269.0), (286.0, 288.0), (303.0, 300.0), (314.0, 310.0), (321.0, 313.0)]}
[DEBUG] mask nonzero = 228
[DEBUG] found 3 raw contours
[DEBUG] kept 3 candidates after filtering
[DEBUG] roi_desc = {'type': 'polygon', 'polygon': [(329.0, 318.0), (351.0, 301.0), (373.0, 280.0), (395.0, 264.0), (410.0, 237.0), (399.0, 194.0), (357.0, 161.0), (310.0, 167.0), (271.0, 175.0), (237.0, 188.0), (221.0, 208.0), (219.0, 222.0), (219.0, 239.0), (234.0, 245.0), (249.0, 255.0), (260.0, 269.0), (286.0, 288.0), (303.0, 300.0), (314.0, 310.0), (321.0, 313.0)]}
[DEBUG] mask nonzero = 225
[DEBUG] found 3 raw contours
[DEBUG] kept 3 candidates after filtering
[DEBUG] roi_desc = {'type': 'polygon', 'polygon': [(329.0, 318.0), (351.0, 301.0), (373.0, 280.0), (395.0, 264.0), (410.0, 237.0), (399.0, 194.0), (357.0, 161.0), (310.0, 167.0), (271.0, 175.0), (237.0, 188.0), (221.0, 208.0), (219.0, 222.0), (219.0, 239.0), (234.0, 245.0), (249.0, 255.0), (260.0, 269.0), (286.0, 288.0), (303.0, 300.0), (314.0, 310.0), (321.0, 313.0)]}
[DEBUG] mask nonzero = 224
[DEBUG] found 3 raw contours
[DEBUG] kept 3 candidates after filtering
[DEBUG] roi_desc = {'type': 'polygon', 'polygon': [(329.0, 318.0), (351.0, 301.0), (373.0, 280.0), (395.0, 264.0), (410.0, 237.0), (399.0, 194.0), (357.0, 161.0), (310.0, 167.0), (271.0, 175.0), (237.0, 188.0), (221.0, 208.0), (219.0, 222.0), (219.0, 239.0), (234.0, 245.0), (249.0, 255.0), (260.0, 269.0), (286.0, 288.0), (303.0, 300.0), (314.0, 310.0), (321.0, 313.0)]}
[DEBUG] mask nonzero = 231
[DEBUG] found 3 raw contours
[DEBUG] kept 3 candidates after filtering
[DEBUG] roi_desc = {'type': 'polygon', 'polygon': [(329.0, 318.0), (351.0, 301.0), (373.0, 280.0), (395.0, 264.0), (410.0, 237.0), (399.0, 194.0), (357.0, 161.0), (310.0, 167.0), (271.0, 175.0), (237.0, 188.0), (221.0, 208.0), (219.0, 222.0), (219.0, 239.0), (234.0, 245.0), (249.0, 255.0), (260.0, 269.0), (286.0, 288.0), (303.0, 300.0), (314.0, 310.0), (321.0, 313.0)]}
[DEBUG] mask nonzero = 231
[DEBUG] found 3 raw contours
[DEBUG] kept 3 candidates after filtering
[DEBUG] roi_desc = {'type': 'polygon', 'polygon': [(329.0, 318.0), (351.0, 301.0), (373.0, 280.0), (395.0, 264.0), (410.0, 237.0), (399.0, 194.0), (357.0, 161.0), (310.0, 167.0), (271.0, 175.0), (237.0, 188.0), (221.0, 208.0), (219.0, 222.0), (219.0, 239.0), (234.0, 245.0), (249.0, 255.0), (260.0, 269.0), (286.0, 288.0), (303.0, 300.0), (314.0, 310.0), (321.0, 313.0)]}
[DEBUG] mask nonzero = 231
[DEBUG] found 3 raw contours
[DEBUG] kept 3 candidates after filtering
[DEBUG] roi_desc = {'type': 'polygon', 'polygon': [(329.0, 318.0), (351.0, 301.0), (373.0, 280.0), (395.0, 264.0), (410.0, 237.0), (399.0, 194.0), (357.0, 161.0), (310.0, 167.0), (271.0, 175.0), (237.0, 188.0), (221.0, 208.0), (219.0, 222.0), (219.0, 239.0), (234.0, 245.0), (249.0, 255.0), (260.0, 269.0), (286.0, 288.0), (303.0, 300.0), (314.0, 310.0), (321.0, 313.0)]}
[DEBUG] mask nonzero = 230
[DEBUG] found 3 raw contours
[DEBUG] kept 3 candidates after filtering
[DEBUG] roi_desc = {'type': 'polygon', 'polygon': [(329.0, 318.0), (351.0, 301.0), (373.0, 280.0), (395.0, 264.0), (410.0, 237.0), (399.0, 194.0), (357.0, 161.0), (310.0, 167.0), (271.0, 175.0), (237.0, 188.0), (221.0, 208.0), (219.0, 222.0), (219.0, 239.0), (234.0, 245.0), (249.0, 255.0), (260.0, 269.0), (286.0, 288.0), (303.0, 300.0), (314.0, 310.0), (321.0, 313.0)]}
[DEBUG] mask nonzero = 224
[DEBUG] found 3 raw contours
[DEBUG] kept 3 candidates after filtering
[DEBUG] roi_desc = {'type': 'polygon', 'polygon': [(329.0, 318.0), (351.0, 301.0), (373.0, 280.0), (395.0, 264.0), (410.0, 237.0), (399.0, 194.0), (357.0, 161.0), (310.0, 167.0), (271.0, 175.0), (237.0, 188.0), (221.0, 208.0), (219.0, 222.0), (219.0, 239.0), (234.0, 245.0), (249.0, 255.0), (260.0, 269.0), (286.0, 288.0), (303.0, 300.0), (314.0, 310.0), (321.0, 313.0)]}
[DEBUG] mask nonzero = 225
[DEBUG] found 3 raw contours
[DEBUG] kept 3 candidates after filtering
[DEBUG] roi_desc = {'type': 'polygon', 'polygon': [(329.0, 318.0), (351.0, 301.0), (373.0, 280.0), (395.0, 264.0), (410.0, 237.0), (399.0, 194.0), (357.0, 161.0), (310.0, 167.0), (271.0, 175.0), (237.0, 188.0), (221.0, 208.0), (219.0, 222.0), (219.0, 239.0), (234.0, 245.0), (249.0, 255.0), (260.0, 269.0), (286.0, 288.0), (303.0, 300.0), (314.0, 310.0), (321.0, 313.0)]}
[DEBUG] mask nonzero = 228
[DEBUG] found 3 raw contours
[DEBUG] kept 3 candidates after filtering
[DEBUG] roi_desc = {'type': 'polygon', 'polygon': [(329.0, 318.0), (351.0, 301.0), (373.0, 280.0), (395.0, 264.0), (410.0, 237.0), (399.0, 194.0), (357.0, 161.0), (310.0, 167.0), (271.0, 175.0), (237.0, 188.0), (221.0, 208.0), (219.0, 222.0), (219.0, 239.0), (234.0, 245.0), (249.0, 255.0), (260.0, 269.0), (286.0, 288.0), (303.0, 300.0), (314.0, 310.0), (321.0, 313.0)]}
[DEBUG] mask nonzero = 233
[DEBUG] found 3 raw contours
[DEBUG] kept 3 candidates after filtering
[DEBUG] roi_desc = {'type': 'polygon', 'polygon': [(329.0, 318.0), (351.0, 301.0), (373.0, 280.0), (395.0, 264.0), (410.0, 237.0), (399.0, 194.0), (357.0, 161.0), (310.0, 167.0), (271.0, 175.0), (237.0, 188.0), (221.0, 208.0), (219.0, 222.0), (219.0, 239.0), (234.0, 245.0), (249.0, 255.0), (260.0, 269.0), (286.0, 288.0), (303.0, 300.0), (314.0, 310.0), (321.0, 313.0)]}
[DEBUG] mask nonzero = 223
[DEBUG] found 3 raw contours
[DEBUG] kept 3 candidates after filtering
[DEBUG] roi_desc = {'type': 'polygon', 'polygon': [(329.0, 318.0), (351.0, 301.0), (373.0, 280.0), (395.0, 264.0), (410.0, 237.0), (399.0, 194.0), (357.0, 161.0), (310.0, 167.0), (271.0, 175.0), (237.0, 188.0), (221.0, 208.0), (219.0, 222.0), (219.0, 239.0), (234.0, 245.0), (249.0, 255.0), (260.0, 269.0), (286.0, 288.0), (303.0, 300.0), (314.0, 310.0), (321.0, 313.0)]}
[DEBUG] mask nonzero = 225
[DEBUG] found 3 raw contours
[DEBUG] kept 3 candidates after filtering
[DEBUG] roi_desc = {'type': 'polygon', 'polygon': [(329.0, 318.0), (351.0, 301.0), (373.0, 280.0), (395.0, 264.0), (410.0, 237.0), (399.0, 194.0), (357.0, 161.0), (310.0, 167.0), (271.0, 175.0), (237.0, 188.0), (221.0, 208.0), (219.0, 222.0), (219.0, 239.0), (234.0, 245.0), (249.0, 255.0), (260.0, 269.0), (286.0, 288.0), (303.0, 300.0), (314.0, 310.0), (321.0, 313.0)]}
[DEBUG] mask nonzero = 226
[DEBUG] found 3 raw contours
[DEBUG] kept 3 candidates after filtering
[DEBUG] roi_desc = {'type': 'polygon', 'polygon': [(329.0, 318.0), (351.0, 301.0), (373.0, 280.0), (395.0, 264.0), (410.0, 237.0), (399.0, 194.0), (357.0, 161.0), (310.0, 167.0), (271.0, 175.0), (237.0, 188.0), (221.0, 208.0), (219.0, 222.0), (219.0, 239.0), (234.0, 245.0), (249.0, 255.0), (260.0, 269.0), (286.0, 288.0), (303.0, 300.0), (314.0, 310.0), (321.0, 313.0)]}
[DEBUG] mask nonzero = 222
[DEBUG] found 3 raw contours
[DEBUG] kept 3 candidates after filtering
[DEBUG] roi_desc = {'type': 'polygon', 'polygon': [(329.0, 318.0), (351.0, 301.0), (373.0, 280.0), (395.0, 264.0), (410.0, 237.0), (399.0, 194.0), (357.0, 161.0), (310.0, 167.0), (271.0, 175.0), (237.0, 188.0), (221.0, 208.0), (219.0, 222.0), (219.0, 239.0), (234.0, 245.0), (249.0, 255.0), (260.0, 269.0), (286.0, 288.0), (303.0, 300.0), (314.0, 310.0), (321.0, 313.0)]}
[DEBUG] mask nonzero = 224
[DEBUG] found 3 raw contours
[DEBUG] kept 3 candidates after filtering
[DEBUG] roi_desc = {'type': 'polygon', 'polygon': [(329.0, 318.0), (351.0, 301.0), (373.0, 280.0), (395.0, 264.0), (410.0, 237.0), (399.0, 194.0), (357.0, 161.0), (310.0, 167.0), (271.0, 175.0), (237.0, 188.0), (221.0, 208.0), (219.0, 222.0), (219.0, 239.0), (234.0, 245.0), (249.0, 255.0), (260.0, 269.0), (286.0, 288.0), (303.0, 300.0), (314.0, 310.0), (321.0, 313.0)]}
[DEBUG] mask nonzero = 227
[DEBUG] found 3 raw contours
[DEBUG] kept 3 candidates after filtering
[DEBUG] roi_desc = {'type': 'polygon', 'polygon': [(329.0, 318.0), (351.0, 301.0), (373.0, 280.0), (395.0, 264.0), (410.0, 237.0), (399.0, 194.0), (357.0, 161.0), (310.0, 167.0), (271.0, 175.0), (237.0, 188.0), (221.0, 208.0), (219.0, 222.0), (219.0, 239.0), (234.0, 245.0), (249.0, 255.0), (260.0, 269.0), (286.0, 288.0), (303.0, 300.0), (314.0, 310.0), (321.0, 313.0)]}
[DEBUG] mask nonzero = 225
[DEBUG] found 3 raw contours
[DEBUG] kept 3 candidates after filtering
[DEBUG] roi_desc = {'type': 'polygon', 'polygon': [(329.0, 318.0), (351.0, 301.0), (373.0, 280.0), (395.0, 264.0), (410.0, 237.0), (399.0, 194.0), (357.0, 161.0), (310.0, 167.0), (271.0, 175.0), (237.0, 188.0), (221.0, 208.0), (219.0, 222.0), (219.0, 239.0), (234.0, 245.0), (249.0, 255.0), (260.0, 269.0), (286.0, 288.0), (303.0, 300.0), (314.0, 310.0), (321.0, 313.0)]}
[DEBUG] mask nonzero = 229
[DEBUG] found 3 raw contours
[DEBUG] kept 3 candidates after filtering
[DEBUG] roi_desc = {'type': 'polygon', 'polygon': [(329.0, 318.0), (351.0, 301.0), (373.0, 280.0), (395.0, 264.0), (410.0, 237.0), (399.0, 194.0), (357.0, 161.0), (310.0, 167.0), (271.0, 175.0), (237.0, 188.0), (221.0, 208.0), (219.0, 222.0), (219.0, 239.0), (234.0, 245.0), (249.0, 255.0), (260.0, 269.0), (286.0, 288.0), (303.0, 300.0), (314.0, 310.0), (321.0, 313.0)]}
[DEBUG] mask nonzero = 227
[DEBUG] found 3 raw contours
[DEBUG] kept 3 candidates after filtering
[DEBUG] roi_desc = {'type': 'polygon', 'polygon': [(329.0, 318.0), (351.0, 301.0), (373.0, 280.0), (395.0, 264.0), (410.0, 237.0), (399.0, 194.0), (357.0, 161.0), (310.0, 167.0), (271.0, 175.0), (237.0, 188.0), (221.0, 208.0), (219.0, 222.0), (219.0, 239.0), (234.0, 245.0), (249.0, 255.0), (260.0, 269.0), (286.0, 288.0), (303.0, 300.0), (314.0, 310.0), (321.0, 313.0)]}
[DEBUG] mask nonzero = 232
[DEBUG] found 3 raw contours
[DEBUG] kept 3 candidates after filtering
[DEBUG] roi_desc = {'type': 'polygon', 'polygon': [(329.0, 318.0), (351.0, 301.0), (373.0, 280.0), (395.0, 264.0), (410.0, 237.0), (399.0, 194.0), (357.0, 161.0), (310.0, 167.0), (271.0, 175.0), (237.0, 188.0), (221.0, 208.0), (219.0, 222.0), (219.0, 239.0), (234.0, 245.0), (249.0, 255.0), (260.0, 269.0), (286.0, 288.0), (303.0, 300.0), (314.0, 310.0), (321.0, 313.0)]}
[DEBUG] mask nonzero = 227
[DEBUG] found 3 raw contours
[DEBUG] kept 3 candidates after filtering
[DEBUG] roi_desc = {'type': 'polygon', 'polygon': [(329.0, 318.0), (351.0, 301.0), (373.0, 280.0), (395.0, 264.0), (410.0, 237.0), (399.0, 194.0), (357.0, 161.0), (310.0, 167.0), (271.0, 175.0), (237.0, 188.0), (221.0, 208.0), (219.0, 222.0), (219.0, 239.0), (234.0, 245.0), (249.0, 255.0), (260.0, 269.0), (286.0, 288.0), (303.0, 300.0), (314.0, 310.0), (321.0, 313.0)]}
[DEBUG] mask nonzero = 236
[DEBUG] found 3 raw contours
[DEBUG] kept 3 candidates after filtering
[DEBUG] roi_desc = {'type': 'polygon', 'polygon': [(329.0, 318.0), (351.0, 301.0), (373.0, 280.0), (395.0, 264.0), (410.0, 237.0), (399.0, 194.0), (357.0, 161.0), (310.0, 167.0), (271.0, 175.0), (237.0, 188.0), (221.0, 208.0), (219.0, 222.0), (219.0, 239.0), (234.0, 245.0), (249.0, 255.0), (260.0, 269.0), (286.0, 288.0), (303.0, 300.0), (314.0, 310.0), (321.0, 313.0)]}
[DEBUG] mask nonzero = 220
[DEBUG] found 3 raw contours
[DEBUG] kept 3 candidates after filtering
[DEBUG] roi_desc = {'type': 'polygon', 'polygon': [(329.0, 318.0), (351.0, 301.0), (373.0, 280.0), (395.0, 264.0), (410.0, 237.0), (399.0, 194.0), (357.0, 161.0), (310.0, 167.0), (271.0, 175.0), (237.0, 188.0), (221.0, 208.0), (219.0, 222.0), (219.0, 239.0), (234.0, 245.0), (249.0, 255.0), (260.0, 269.0), (286.0, 288.0), (303.0, 300.0), (314.0, 310.0), (321.0, 313.0)]}
[DEBUG] mask nonzero = 225
[DEBUG] found 3 raw contours
[DEBUG] kept 3 candidates after filtering
[DEBUG] roi_desc = {'type': 'polygon', 'polygon': [(329.0, 318.0), (351.0, 301.0), (373.0, 280.0), (395.0, 264.0), (410.0, 237.0), (399.0, 194.0), (357.0, 161.0), (310.0, 167.0), (271.0, 175.0), (237.0, 188.0), (221.0, 208.0), (219.0, 222.0), (219.0, 239.0), (234.0, 245.0), (249.0, 255.0), (260.0, 269.0), (286.0, 288.0), (303.0, 300.0), (314.0, 310.0), (321.0, 313.0)]}
[DEBUG] mask nonzero = 226
[DEBUG] found 3 raw contours
[DEBUG] kept 3 candidates after filtering
[DEBUG] roi_desc = {'type': 'polygon', 'polygon': [(329.0, 318.0), (351.0, 301.0), (373.0, 280.0), (395.0, 264.0), (410.0, 237.0), (399.0, 194.0), (357.0, 161.0), (310.0, 167.0), (271.0, 175.0), (237.0, 188.0), (221.0, 208.0), (219.0, 222.0), (219.0, 239.0), (234.0, 245.0), (249.0, 255.0), (260.0, 269.0), (286.0, 288.0), (303.0, 300.0), (314.0, 310.0), (321.0, 313.0)]}
[DEBUG] mask nonzero = 222
[DEBUG] found 3 raw contours
[DEBUG] kept 3 candidates after filtering
[DEBUG] roi_desc = {'type': 'polygon', 'polygon': [(329.0, 318.0), (351.0, 301.0), (373.0, 280.0), (395.0, 264.0), (410.0, 237.0), (399.0, 194.0), (357.0, 161.0), (310.0, 167.0), (271.0, 175.0), (237.0, 188.0), (221.0, 208.0), (219.0, 222.0), (219.0, 239.0), (234.0, 245.0), (249.0, 255.0), (260.0, 269.0), (286.0, 288.0), (303.0, 300.0), (314.0, 310.0), (321.0, 313.0)]}
[DEBUG] mask nonzero = 233
[DEBUG] found 3 raw contours
[DEBUG] kept 3 candidates after filtering
[DEBUG] roi_desc = {'type': 'polygon', 'polygon': [(329.0, 318.0), (351.0, 301.0), (373.0, 280.0), (395.0, 264.0), (410.0, 237.0), (399.0, 194.0), (357.0, 161.0), (310.0, 167.0), (271.0, 175.0), (237.0, 188.0), (221.0, 208.0), (219.0, 222.0), (219.0, 239.0), (234.0, 245.0), (249.0, 255.0), (260.0, 269.0), (286.0, 288.0), (303.0, 300.0), (314.0, 310.0), (321.0, 313.0)]}
[DEBUG] mask nonzero = 227
[DEBUG] found 3 raw contours
[DEBUG] kept 3 candidates after filtering
[DEBUG] roi_desc = {'type': 'polygon', 'polygon': [(329.0, 318.0), (351.0, 301.0), (373.0, 280.0), (395.0, 264.0), (410.0, 237.0), (399.0, 194.0), (357.0, 161.0), (310.0, 167.0), (271.0, 175.0), (237.0, 188.0), (221.0, 208.0), (219.0, 222.0), (219.0, 239.0), (234.0, 245.0), (249.0, 255.0), (260.0, 269.0), (286.0, 288.0), (303.0, 300.0), (314.0, 310.0), (321.0, 313.0)]}
[DEBUG] mask nonzero = 225
[DEBUG] found 3 raw contours
[DEBUG] kept 3 candidates after filtering
[DEBUG] roi_desc = {'type': 'polygon', 'polygon': [(329.0, 318.0), (351.0, 301.0), (373.0, 280.0), (395.0, 264.0), (410.0, 237.0), (399.0, 194.0), (357.0, 161.0), (310.0, 167.0), (271.0, 175.0), (237.0, 188.0), (221.0, 208.0), (219.0, 222.0), (219.0, 239.0), (234.0, 245.0), (249.0, 255.0), (260.0, 269.0), (286.0, 288.0), (303.0, 300.0), (314.0, 310.0), (321.0, 313.0)]}
[DEBUG] mask nonzero = 225
[DEBUG] found 3 raw contours
[DEBUG] kept 3 candidates after filtering
[DEBUG] roi_desc = {'type': 'polygon', 'polygon': [(329.0, 318.0), (351.0, 301.0), (373.0, 280.0), (395.0, 264.0), (410.0, 237.0), (399.0, 194.0), (357.0, 161.0), (310.0, 167.0), (271.0, 175.0), (237.0, 188.0), (221.0, 208.0), (219.0, 222.0), (219.0, 239.0), (234.0, 245.0), (249.0, 255.0), (260.0, 269.0), (286.0, 288.0), (303.0, 300.0), (314.0, 310.0), (321.0, 313.0)]}
[DEBUG] mask nonzero = 228
[DEBUG] found 3 raw contours
[DEBUG] kept 3 candidates after filtering
[DEBUG] roi_desc = {'type': 'polygon', 'polygon': [(329.0, 318.0), (351.0, 301.0), (373.0, 280.0), (395.0, 264.0), (410.0, 237.0), (399.0, 194.0), (357.0, 161.0), (310.0, 167.0), (271.0, 175.0), (237.0, 188.0), (221.0, 208.0), (219.0, 222.0), (219.0, 239.0), (234.0, 245.0), (249.0, 255.0), (260.0, 269.0), (286.0, 288.0), (303.0, 300.0), (314.0, 310.0), (321.0, 313.0)]}
[DEBUG] mask nonzero = 232
[DEBUG] found 3 raw contours
[DEBUG] kept 3 candidates after filtering
[DEBUG] roi_desc = {'type': 'polygon', 'polygon': [(329.0, 318.0), (351.0, 301.0), (373.0, 280.0), (395.0, 264.0), (410.0, 237.0), (399.0, 194.0), (357.0, 161.0), (310.0, 167.0), (271.0, 175.0), (237.0, 188.0), (221.0, 208.0), (219.0, 222.0), (219.0, 239.0), (234.0, 245.0), (249.0, 255.0), (260.0, 269.0), (286.0, 288.0), (303.0, 300.0), (314.0, 310.0), (321.0, 313.0)]}
[DEBUG] mask nonzero = 225
[DEBUG] found 3 raw contours
[DEBUG] kept 3 candidates after filtering
[DEBUG] roi_desc = {'type': 'polygon', 'polygon': [(329.0, 318.0), (351.0, 301.0), (373.0, 280.0), (395.0, 264.0), (410.0, 237.0), (399.0, 194.0), (357.0, 161.0), (310.0, 167.0), (271.0, 175.0), (237.0, 188.0), (221.0, 208.0), (219.0, 222.0), (219.0, 239.0), (234.0, 245.0), (249.0, 255.0), (260.0, 269.0), (286.0, 288.0), (303.0, 300.0), (314.0, 310.0), (321.0, 313.0)]}
[DEBUG] mask nonzero = 222
[DEBUG] found 3 raw contours
[DEBUG] kept 3 candidates after filtering
[DEBUG] roi_desc = {'type': 'polygon', 'polygon': [(329.0, 318.0), (351.0, 301.0), (373.0, 280.0), (395.0, 264.0), (410.0, 237.0), (399.0, 194.0), (357.0, 161.0), (310.0, 167.0), (271.0, 175.0), (237.0, 188.0), (221.0, 208.0), (219.0, 222.0), (219.0, 239.0), (234.0, 245.0), (249.0, 255.0), (260.0, 269.0), (286.0, 288.0), (303.0, 300.0), (314.0, 310.0), (321.0, 313.0)]}
[DEBUG] mask nonzero = 226
[DEBUG] found 3 raw contours
[DEBUG] kept 3 candidates after filtering
[DEBUG] roi_desc = {'type': 'polygon', 'polygon': [(329.0, 318.0), (351.0, 301.0), (373.0, 280.0), (395.0, 264.0), (410.0, 237.0), (399.0, 194.0), (357.0, 161.0), (310.0, 167.0), (271.0, 175.0), (237.0, 188.0), (221.0, 208.0), (219.0, 222.0), (219.0, 239.0), (234.0, 245.0), (249.0, 255.0), (260.0, 269.0), (286.0, 288.0), (303.0, 300.0), (314.0, 310.0), (321.0, 313.0)]}
[DEBUG] mask nonzero = 234
[DEBUG] found 3 raw contours
[DEBUG] kept 3 candidates after filtering
[DEBUG] roi_desc = {'type': 'polygon', 'polygon': [(329.0, 318.0), (351.0, 301.0), (373.0, 280.0), (395.0, 264.0), (410.0, 237.0), (399.0, 194.0), (357.0, 161.0), (310.0, 167.0), (271.0, 175.0), (237.0, 188.0), (221.0, 208.0), (219.0, 222.0), (219.0, 239.0), (234.0, 245.0), (249.0, 255.0), (260.0, 269.0), (286.0, 288.0), (303.0, 300.0), (314.0, 310.0), (321.0, 313.0)]}
[DEBUG] mask nonzero = 233
[DEBUG] found 3 raw contours
[DEBUG] kept 3 candidates after filtering
[DEBUG] roi_desc = {'type': 'polygon', 'polygon': [(329.0, 318.0), (351.0, 301.0), (373.0, 280.0), (395.0, 264.0), (410.0, 237.0), (399.0, 194.0), (357.0, 161.0), (310.0, 167.0), (271.0, 175.0), (237.0, 188.0), (221.0, 208.0), (219.0, 222.0), (219.0, 239.0), (234.0, 245.0), (249.0, 255.0), (260.0, 269.0), (286.0, 288.0), (303.0, 300.0), (314.0, 310.0), (321.0, 313.0)]}
[DEBUG] mask nonzero = 228
[DEBUG] found 3 raw contours
[DEBUG] kept 3 candidates after filtering
[DEBUG] roi_desc = {'type': 'polygon', 'polygon': [(329.0, 318.0), (351.0, 301.0), (373.0, 280.0), (395.0, 264.0), (410.0, 237.0), (399.0, 194.0), (357.0, 161.0), (310.0, 167.0), (271.0, 175.0), (237.0, 188.0), (221.0, 208.0), (219.0, 222.0), (219.0, 239.0), (234.0, 245.0), (249.0, 255.0), (260.0, 269.0), (286.0, 288.0), (303.0, 300.0), (314.0, 310.0), (321.0, 313.0)]}
[DEBUG] mask nonzero = 227
[DEBUG] found 3 raw contours
[DEBUG] kept 3 candidates after filtering
[DEBUG] roi_desc = {'type': 'polygon', 'polygon': [(329.0, 318.0), (351.0, 301.0), (373.0, 280.0), (395.0, 264.0), (410.0, 237.0), (399.0, 194.0), (357.0, 161.0), (310.0, 167.0), (271.0, 175.0), (237.0, 188.0), (221.0, 208.0), (219.0, 222.0), (219.0, 239.0), (234.0, 245.0), (249.0, 255.0), (260.0, 269.0), (286.0, 288.0), (303.0, 300.0), (314.0, 310.0), (321.0, 313.0)]}
[DEBUG] mask nonzero = 228
[DEBUG] found 3 raw contours
[DEBUG] kept 3 candidates after filtering
[DEBUG] roi_desc = {'type': 'polygon', 'polygon': [(329.0, 318.0), (351.0, 301.0), (373.0, 280.0), (395.0, 264.0), (410.0, 237.0), (399.0, 194.0), (357.0, 161.0), (310.0, 167.0), (271.0, 175.0), (237.0, 188.0), (221.0, 208.0), (219.0, 222.0), (219.0, 239.0), (234.0, 245.0), (249.0, 255.0), (260.0, 269.0), (286.0, 288.0), (303.0, 300.0), (314.0, 310.0), (321.0, 313.0)]}
[DEBUG] mask nonzero = 228
[DEBUG] found 3 raw contours
[DEBUG] kept 3 candidates after filtering
[DEBUG] roi_desc = {'type': 'polygon', 'polygon': [(329.0, 318.0), (351.0, 301.0), (373.0, 280.0), (395.0, 264.0), (410.0, 237.0), (399.0, 194.0), (357.0, 161.0), (310.0, 167.0), (271.0, 175.0), (237.0, 188.0), (221.0, 208.0), (219.0, 222.0), (219.0, 239.0), (234.0, 245.0), (249.0, 255.0), (260.0, 269.0), (286.0, 288.0), (303.0, 300.0), (314.0, 310.0), (321.0, 313.0)]}
[DEBUG] mask nonzero = 230
[DEBUG] found 3 raw contours
[DEBUG] kept 3 candidates after filtering
[DEBUG] roi_desc = {'type': 'polygon', 'polygon': [(329.0, 318.0), (351.0, 301.0), (373.0, 280.0), (395.0, 264.0), (410.0, 237.0), (399.0, 194.0), (357.0, 161.0), (310.0, 167.0), (271.0, 175.0), (237.0, 188.0), (221.0, 208.0), (219.0, 222.0), (219.0, 239.0), (234.0, 245.0), (249.0, 255.0), (260.0, 269.0), (286.0, 288.0), (303.0, 300.0), (314.0, 310.0), (321.0, 313.0)]}
[DEBUG] mask nonzero = 232
[DEBUG] found 3 raw contours
[DEBUG] kept 3 candidates after filtering
[DEBUG] roi_desc = {'type': 'polygon', 'polygon': [(329.0, 318.0), (351.0, 301.0), (373.0, 280.0), (395.0, 264.0), (410.0, 237.0), (399.0, 194.0), (357.0, 161.0), (310.0, 167.0), (271.0, 175.0), (237.0, 188.0), (221.0, 208.0), (219.0, 222.0), (219.0, 239.0), (234.0, 245.0), (249.0, 255.0), (260.0, 269.0), (286.0, 288.0), (303.0, 300.0), (314.0, 310.0), (321.0, 313.0)]}
[DEBUG] mask nonzero = 230
[DEBUG] found 3 raw contours
[DEBUG] kept 3 candidates after filtering
[DEBUG] roi_desc = {'type': 'polygon', 'polygon': [(329.0, 318.0), (351.0, 301.0), (373.0, 280.0), (395.0, 264.0), (410.0, 237.0), (399.0, 194.0), (357.0, 161.0), (310.0, 167.0), (271.0, 175.0), (237.0, 188.0), (221.0, 208.0), (219.0, 222.0), (219.0, 239.0), (234.0, 245.0), (249.0, 255.0), (260.0, 269.0), (286.0, 288.0), (303.0, 300.0), (314.0, 310.0), (321.0, 313.0)]}
[DEBUG] mask nonzero = 232
[DEBUG] found 3 raw contours
[DEBUG] kept 3 candidates after filtering
[DEBUG] roi_desc = {'type': 'polygon', 'polygon': [(329.0, 318.0), (351.0, 301.0), (373.0, 280.0), (395.0, 264.0), (410.0, 237.0), (399.0, 194.0), (357.0, 161.0), (310.0, 167.0), (271.0, 175.0), (237.0, 188.0), (221.0, 208.0), (219.0, 222.0), (219.0, 239.0), (234.0, 245.0), (249.0, 255.0), (260.0, 269.0), (286.0, 288.0), (303.0, 300.0), (314.0, 310.0), (321.0, 313.0)]}
[DEBUG] mask nonzero = 229
[DEBUG] found 3 raw contours
[DEBUG] kept 3 candidates after filtering
[DEBUG] roi_desc = {'type': 'polygon', 'polygon': [(329.0, 318.0), (351.0, 301.0), (373.0, 280.0), (395.0, 264.0), (410.0, 237.0), (399.0, 194.0), (357.0, 161.0), (310.0, 167.0), (271.0, 175.0), (237.0, 188.0), (221.0, 208.0), (219.0, 222.0), (219.0, 239.0), (234.0, 245.0), (249.0, 255.0), (260.0, 269.0), (286.0, 288.0), (303.0, 300.0), (314.0, 310.0), (321.0, 313.0)]}
[DEBUG] mask nonzero = 229
[DEBUG] found 3 raw contours
[DEBUG] kept 3 candidates after filtering
[DEBUG] roi_desc = {'type': 'polygon', 'polygon': [(329.0, 318.0), (351.0, 301.0), (373.0, 280.0), (395.0, 264.0), (410.0, 237.0), (399.0, 194.0), (357.0, 161.0), (310.0, 167.0), (271.0, 175.0), (237.0, 188.0), (221.0, 208.0), (219.0, 222.0), (219.0, 239.0), (234.0, 245.0), (249.0, 255.0), (260.0, 269.0), (286.0, 288.0), (303.0, 300.0), (314.0, 310.0), (321.0, 313.0)]}
[DEBUG] mask nonzero = 228
[DEBUG] found 3 raw contours
[DEBUG] kept 3 candidates after filtering
[DEBUG] roi_desc = {'type': 'polygon', 'polygon': [(329.0, 318.0), (351.0, 301.0), (373.0, 280.0), (395.0, 264.0), (410.0, 237.0), (399.0, 194.0), (357.0, 161.0), (310.0, 167.0), (271.0, 175.0), (237.0, 188.0), (221.0, 208.0), (219.0, 222.0), (219.0, 239.0), (234.0, 245.0), (249.0, 255.0), (260.0, 269.0), (286.0, 288.0), (303.0, 300.0), (314.0, 310.0), (321.0, 313.0)]}
[DEBUG] mask nonzero = 219
[DEBUG] found 3 raw contours
[DEBUG] kept 3 candidates after filtering
[DEBUG] roi_desc = {'type': 'polygon', 'polygon': [(329.0, 318.0), (351.0, 301.0), (373.0, 280.0), (395.0, 264.0), (410.0, 237.0), (399.0, 194.0), (357.0, 161.0), (310.0, 167.0), (271.0, 175.0), (237.0, 188.0), (221.0, 208.0), (219.0, 222.0), (219.0, 239.0), (234.0, 245.0), (249.0, 255.0), (260.0, 269.0), (286.0, 288.0), (303.0, 300.0), (314.0, 310.0), (321.0, 313.0)]}
[DEBUG] mask nonzero = 221
[DEBUG] found 3 raw contours
[DEBUG] kept 3 candidates after filtering
[DEBUG] roi_desc = {'type': 'polygon', 'polygon': [(329.0, 318.0), (351.0, 301.0), (373.0, 280.0), (395.0, 264.0), (410.0, 237.0), (399.0, 194.0), (357.0, 161.0), (310.0, 167.0), (271.0, 175.0), (237.0, 188.0), (221.0, 208.0), (219.0, 222.0), (219.0, 239.0), (234.0, 245.0), (249.0, 255.0), (260.0, 269.0), (286.0, 288.0), (303.0, 300.0), (314.0, 310.0), (321.0, 313.0)]}
[DEBUG] mask nonzero = 228
[DEBUG] found 3 raw contours
[DEBUG] kept 3 candidates after filtering
[DEBUG] roi_desc = {'type': 'polygon', 'polygon': [(329.0, 318.0), (351.0, 301.0), (373.0, 280.0), (395.0, 264.0), (410.0, 237.0), (399.0, 194.0), (357.0, 161.0), (310.0, 167.0), (271.0, 175.0), (237.0, 188.0), (221.0, 208.0), (219.0, 222.0), (219.0, 239.0), (234.0, 245.0), (249.0, 255.0), (260.0, 269.0), (286.0, 288.0), (303.0, 300.0), (314.0, 310.0), (321.0, 313.0)]}
[DEBUG] mask nonzero = 225
[DEBUG] found 3 raw contours
[DEBUG] kept 3 candidates after filtering
[DEBUG] roi_desc = {'type': 'polygon', 'polygon': [(329.0, 318.0), (351.0, 301.0), (373.0, 280.0), (395.0, 264.0), (410.0, 237.0), (399.0, 194.0), (357.0, 161.0), (310.0, 167.0), (271.0, 175.0), (237.0, 188.0), (221.0, 208.0), (219.0, 222.0), (219.0, 239.0), (234.0, 245.0), (249.0, 255.0), (260.0, 269.0), (286.0, 288.0), (303.0, 300.0), (314.0, 310.0), (321.0, 313.0)]}
[DEBUG] mask nonzero = 227
[DEBUG] found 3 raw contours
[DEBUG] kept 3 candidates after filtering
[DEBUG] roi_desc = {'type': 'polygon', 'polygon': [(329.0, 318.0), (351.0, 301.0), (373.0, 280.0), (395.0, 264.0), (410.0, 237.0), (399.0, 194.0), (357.0, 161.0), (310.0, 167.0), (271.0, 175.0), (237.0, 188.0), (221.0, 208.0), (219.0, 222.0), (219.0, 239.0), (234.0, 245.0), (249.0, 255.0), (260.0, 269.0), (286.0, 288.0), (303.0, 300.0), (314.0, 310.0), (321.0, 313.0)]}
[DEBUG] mask nonzero = 225
[DEBUG] found 3 raw contours
[DEBUG] kept 3 candidates after filtering
[DEBUG] roi_desc = {'type': 'polygon', 'polygon': [(329.0, 318.0), (351.0, 301.0), (373.0, 280.0), (395.0, 264.0), (410.0, 237.0), (399.0, 194.0), (357.0, 161.0), (310.0, 167.0), (271.0, 175.0), (237.0, 188.0), (221.0, 208.0), (219.0, 222.0), (219.0, 239.0), (234.0, 245.0), (249.0, 255.0), (260.0, 269.0), (286.0, 288.0), (303.0, 300.0), (314.0, 310.0), (321.0, 313.0)]}
[DEBUG] mask nonzero = 223
[DEBUG] found 3 raw contours
[DEBUG] kept 3 candidates after filtering
[DEBUG] roi_desc = {'type': 'polygon', 'polygon': [(329.0, 318.0), (351.0, 301.0), (373.0, 280.0), (395.0, 264.0), (410.0, 237.0), (399.0, 194.0), (357.0, 161.0), (310.0, 167.0), (271.0, 175.0), (237.0, 188.0), (221.0, 208.0), (219.0, 222.0), (219.0, 239.0), (234.0, 245.0), (249.0, 255.0), (260.0, 269.0), (286.0, 288.0), (303.0, 300.0), (314.0, 310.0), (321.0, 313.0)]}
[DEBUG] mask nonzero = 227
[DEBUG] found 3 raw contours
[DEBUG] kept 3 candidates after filtering
[DEBUG] roi_desc = {'type': 'polygon', 'polygon': [(329.0, 318.0), (351.0, 301.0), (373.0, 280.0), (395.0, 264.0), (410.0, 237.0), (399.0, 194.0), (357.0, 161.0), (310.0, 167.0), (271.0, 175.0), (237.0, 188.0), (221.0, 208.0), (219.0, 222.0), (219.0, 239.0), (234.0, 245.0), (249.0, 255.0), (260.0, 269.0), (286.0, 288.0), (303.0, 300.0), (314.0, 310.0), (321.0, 313.0)]}
[DEBUG] mask nonzero = 225
[DEBUG] found 3 raw contours
[DEBUG] kept 3 candidates after filtering
[DEBUG] roi_desc = {'type': 'polygon', 'polygon': [(329.0, 318.0), (351.0, 301.0), (373.0, 280.0), (395.0, 264.0), (410.0, 237.0), (399.0, 194.0), (357.0, 161.0), (310.0, 167.0), (271.0, 175.0), (237.0, 188.0), (221.0, 208.0), (219.0, 222.0), (219.0, 239.0), (234.0, 245.0), (249.0, 255.0), (260.0, 269.0), (286.0, 288.0), (303.0, 300.0), (314.0, 310.0), (321.0, 313.0)]}
[DEBUG] mask nonzero = 224
[DEBUG] found 3 raw contours
[DEBUG] kept 3 candidates after filtering
[DEBUG] roi_desc = {'type': 'polygon', 'polygon': [(329.0, 318.0), (351.0, 301.0), (373.0, 280.0), (395.0, 264.0), (410.0, 237.0), (399.0, 194.0), (357.0, 161.0), (310.0, 167.0), (271.0, 175.0), (237.0, 188.0), (221.0, 208.0), (219.0, 222.0), (219.0, 239.0), (234.0, 245.0), (249.0, 255.0), (260.0, 269.0), (286.0, 288.0), (303.0, 300.0), (314.0, 310.0), (321.0, 313.0)]}
[DEBUG] mask nonzero = 227
[DEBUG] found 3 raw contours
[DEBUG] kept 3 candidates after filtering
[DEBUG] roi_desc = {'type': 'polygon', 'polygon': [(329.0, 318.0), (351.0, 301.0), (373.0, 280.0), (395.0, 264.0), (410.0, 237.0), (399.0, 194.0), (357.0, 161.0), (310.0, 167.0), (271.0, 175.0), (237.0, 188.0), (221.0, 208.0), (219.0, 222.0), (219.0, 239.0), (234.0, 245.0), (249.0, 255.0), (260.0, 269.0), (286.0, 288.0), (303.0, 300.0), (314.0, 310.0), (321.0, 313.0)]}
[DEBUG] mask nonzero = 221
[DEBUG] found 3 raw contours
[DEBUG] kept 3 candidates after filtering
[DEBUG] roi_desc = {'type': 'polygon', 'polygon': [(329.0, 318.0), (351.0, 301.0), (373.0, 280.0), (395.0, 264.0), (410.0, 237.0), (399.0, 194.0), (357.0, 161.0), (310.0, 167.0), (271.0, 175.0), (237.0, 188.0), (221.0, 208.0), (219.0, 222.0), (219.0, 239.0), (234.0, 245.0), (249.0, 255.0), (260.0, 269.0), (286.0, 288.0), (303.0, 300.0), (314.0, 310.0), (321.0, 313.0)]}
[DEBUG] mask nonzero = 226
[DEBUG] found 3 raw contours
[DEBUG] kept 3 candidates after filtering
[DEBUG] roi_desc = {'type': 'polygon', 'polygon': [(329.0, 318.0), (351.0, 301.0), (373.0, 280.0), (395.0, 264.0), (410.0, 237.0), (399.0, 194.0), (357.0, 161.0), (310.0, 167.0), (271.0, 175.0), (237.0, 188.0), (221.0, 208.0), (219.0, 222.0), (219.0, 239.0), (234.0, 245.0), (249.0, 255.0), (260.0, 269.0), (286.0, 288.0), (303.0, 300.0), (314.0, 310.0), (321.0, 313.0)]}
[DEBUG] mask nonzero = 226
[DEBUG] found 3 raw contours
[DEBUG] kept 3 candidates after filtering
[DEBUG] roi_desc = {'type': 'polygon', 'polygon': [(329.0, 318.0), (351.0, 301.0), (373.0, 280.0), (395.0, 264.0), (410.0, 237.0), (399.0, 194.0), (357.0, 161.0), (310.0, 167.0), (271.0, 175.0), (237.0, 188.0), (221.0, 208.0), (219.0, 222.0), (219.0, 239.0), (234.0, 245.0), (249.0, 255.0), (260.0, 269.0), (286.0, 288.0), (303.0, 300.0), (314.0, 310.0), (321.0, 313.0)]}
[DEBUG] mask nonzero = 230
[DEBUG] found 3 raw contours
[DEBUG] kept 3 candidates after filtering
[DEBUG] roi_desc = {'type': 'polygon', 'polygon': [(329.0, 318.0), (351.0, 301.0), (373.0, 280.0), (395.0, 264.0), (410.0, 237.0), (399.0, 194.0), (357.0, 161.0), (310.0, 167.0), (271.0, 175.0), (237.0, 188.0), (221.0, 208.0), (219.0, 222.0), (219.0, 239.0), (234.0, 245.0), (249.0, 255.0), (260.0, 269.0), (286.0, 288.0), (303.0, 300.0), (314.0, 310.0), (321.0, 313.0)]}
[DEBUG] mask nonzero = 230
[DEBUG] found 3 raw contours
[DEBUG] kept 3 candidates after filtering
[DEBUG] roi_desc = {'type': 'polygon', 'polygon': [(329.0, 318.0), (351.0, 301.0), (373.0, 280.0), (395.0, 264.0), (410.0, 237.0), (399.0, 194.0), (357.0, 161.0), (310.0, 167.0), (271.0, 175.0), (237.0, 188.0), (221.0, 208.0), (219.0, 222.0), (219.0, 239.0), (234.0, 245.0), (249.0, 255.0), (260.0, 269.0), (286.0, 288.0), (303.0, 300.0), (314.0, 310.0), (321.0, 313.0)]}
[DEBUG] mask nonzero = 228
[DEBUG] found 3 raw contours
[DEBUG] kept 3 candidates after filtering
[DEBUG] roi_desc = {'type': 'polygon', 'polygon': [(329.0, 318.0), (351.0, 301.0), (373.0, 280.0), (395.0, 264.0), (410.0, 237.0), (399.0, 194.0), (357.0, 161.0), (310.0, 167.0), (271.0, 175.0), (237.0, 188.0), (221.0, 208.0), (219.0, 222.0), (219.0, 239.0), (234.0, 245.0), (249.0, 255.0), (260.0, 269.0), (286.0, 288.0), (303.0, 300.0), (314.0, 310.0), (321.0, 313.0)]}
[DEBUG] mask nonzero = 227
[DEBUG] found 3 raw contours
[DEBUG] kept 3 candidates after filtering
[DEBUG] roi_desc = {'type': 'polygon', 'polygon': [(329.0, 318.0), (351.0, 301.0), (373.0, 280.0), (395.0, 264.0), (410.0, 237.0), (399.0, 194.0), (357.0, 161.0), (310.0, 167.0), (271.0, 175.0), (237.0, 188.0), (221.0, 208.0), (219.0, 222.0), (219.0, 239.0), (234.0, 245.0), (249.0, 255.0), (260.0, 269.0), (286.0, 288.0), (303.0, 300.0), (314.0, 310.0), (321.0, 313.0)]}
[DEBUG] mask nonzero = 228
[DEBUG] found 3 raw contours
[DEBUG] kept 3 candidates after filtering
[DEBUG] roi_desc = {'type': 'polygon', 'polygon': [(329.0, 318.0), (351.0, 301.0), (373.0, 280.0), (395.0, 264.0), (410.0, 237.0), (399.0, 194.0), (357.0, 161.0), (310.0, 167.0), (271.0, 175.0), (237.0, 188.0), (221.0, 208.0), (219.0, 222.0), (219.0, 239.0), (234.0, 245.0), (249.0, 255.0), (260.0, 269.0), (286.0, 288.0), (303.0, 300.0), (314.0, 310.0), (321.0, 313.0)]}
[DEBUG] mask nonzero = 223
[DEBUG] found 3 raw contours
[DEBUG] kept 3 candidates after filtering
[DEBUG] roi_desc = {'type': 'polygon', 'polygon': [(329.0, 318.0), (351.0, 301.0), (373.0, 280.0), (395.0, 264.0), (410.0, 237.0), (399.0, 194.0), (357.0, 161.0), (310.0, 167.0), (271.0, 175.0), (237.0, 188.0), (221.0, 208.0), (219.0, 222.0), (219.0, 239.0), (234.0, 245.0), (249.0, 255.0), (260.0, 269.0), (286.0, 288.0), (303.0, 300.0), (314.0, 310.0), (321.0, 313.0)]}
[DEBUG] mask nonzero = 227
[DEBUG] found 3 raw contours
[DEBUG] kept 3 candidates after filtering
[DEBUG] roi_desc = {'type': 'polygon', 'polygon': [(329.0, 318.0), (351.0, 301.0), (373.0, 280.0), (395.0, 264.0), (410.0, 237.0), (399.0, 194.0), (357.0, 161.0), (310.0, 167.0), (271.0, 175.0), (237.0, 188.0), (221.0, 208.0), (219.0, 222.0), (219.0, 239.0), (234.0, 245.0), (249.0, 255.0), (260.0, 269.0), (286.0, 288.0), (303.0, 300.0), (314.0, 310.0), (321.0, 313.0)]}
[DEBUG] mask nonzero = 227
[DEBUG] found 3 raw contours
[DEBUG] kept 3 candidates after filtering
[DEBUG] roi_desc = {'type': 'polygon', 'polygon': [(329.0, 318.0), (351.0, 301.0), (373.0, 280.0), (395.0, 264.0), (410.0, 237.0), (399.0, 194.0), (357.0, 161.0), (310.0, 167.0), (271.0, 175.0), (237.0, 188.0), (221.0, 208.0), (219.0, 222.0), (219.0, 239.0), (234.0, 245.0), (249.0, 255.0), (260.0, 269.0), (286.0, 288.0), (303.0, 300.0), (314.0, 310.0), (321.0, 313.0)]}
[DEBUG] mask nonzero = 226
[DEBUG] found 3 raw contours
[DEBUG] kept 3 candidates after filtering
[DEBUG] roi_desc = {'type': 'polygon', 'polygon': [(329.0, 318.0), (351.0, 301.0), (373.0, 280.0), (395.0, 264.0), (410.0, 237.0), (399.0, 194.0), (357.0, 161.0), (310.0, 167.0), (271.0, 175.0), (237.0, 188.0), (221.0, 208.0), (219.0, 222.0), (219.0, 239.0), (234.0, 245.0), (249.0, 255.0), (260.0, 269.0), (286.0, 288.0), (303.0, 300.0), (314.0, 310.0), (321.0, 313.0)]}
[DEBUG] mask nonzero = 226
[DEBUG] found 3 raw contours
[DEBUG] kept 3 candidates after filtering
[DEBUG] roi_desc = {'type': 'polygon', 'polygon': [(329.0, 318.0), (351.0, 301.0), (373.0, 280.0), (395.0, 264.0), (410.0, 237.0), (399.0, 194.0), (357.0, 161.0), (310.0, 167.0), (271.0, 175.0), (237.0, 188.0), (221.0, 208.0), (219.0, 222.0), (219.0, 239.0), (234.0, 245.0), (249.0, 255.0), (260.0, 269.0), (286.0, 288.0), (303.0, 300.0), (314.0, 310.0), (321.0, 313.0)]}
[DEBUG] mask nonzero = 228
[DEBUG] found 3 raw contours
[DEBUG] kept 3 candidates after filtering
[beam] iter 0: 35.5 mm (target 30, err -5.5)
[DEBUG] roi_desc = {'type': 'polygon', 'polygon': [(329.0, 318.0), (351.0, 301.0), (373.0, 280.0), (395.0, 264.0), (410.0, 237.0), (399.0, 194.0), (357.0, 161.0), (310.0, 167.0), (271.0, 175.0), (237.0, 188.0), (221.0, 208.0), (219.0, 222.0), (219.0, 239.0), (234.0, 245.0), (249.0, 255.0), (260.0, 269.0), (286.0, 288.0), (303.0, 300.0), (314.0, 310.0), (321.0, 313.0)]}
[DEBUG] mask nonzero = 233
[DEBUG] found 3 raw contours
[DEBUG] kept 3 candidates after filtering
[DEBUG] roi_desc = {'type': 'polygon', 'polygon': [(329.0, 318.0), (351.0, 301.0), (373.0, 280.0), (395.0, 264.0), (410.0, 237.0), (399.0, 194.0), (357.0, 161.0), (310.0, 167.0), (271.0, 175.0), (237.0, 188.0), (221.0, 208.0), (219.0, 222.0), (219.0, 239.0), (234.0, 245.0), (249.0, 255.0), (260.0, 269.0), (286.0, 288.0), (303.0, 300.0), (314.0, 310.0), (321.0, 313.0)]}
[DEBUG] mask nonzero = 243
[DEBUG] found 3 raw contours
[DEBUG] kept 3 candidates after filtering
[DEBUG] roi_desc = {'type': 'polygon', 'polygon': [(329.0, 318.0), (351.0, 301.0), (373.0, 280.0), (395.0, 264.0), (410.0, 237.0), (399.0, 194.0), (357.0, 161.0), (310.0, 167.0), (271.0, 175.0), (237.0, 188.0), (221.0, 208.0), (219.0, 222.0), (219.0, 239.0), (234.0, 245.0), (249.0, 255.0), (260.0, 269.0), (286.0, 288.0), (303.0, 300.0), (314.0, 310.0), (321.0, 313.0)]}
[DEBUG] mask nonzero = 227
[DEBUG] found 3 raw contours
[DEBUG] kept 3 candidates after filtering
[DEBUG] roi_desc = {'type': 'polygon', 'polygon': [(329.0, 318.0), (351.0, 301.0), (373.0, 280.0), (395.0, 264.0), (410.0, 237.0), (399.0, 194.0), (357.0, 161.0), (310.0, 167.0), (271.0, 175.0), (237.0, 188.0), (221.0, 208.0), (219.0, 222.0), (219.0, 239.0), (234.0, 245.0), (249.0, 255.0), (260.0, 269.0), (286.0, 288.0), (303.0, 300.0), (314.0, 310.0), (321.0, 313.0)]}
[DEBUG] mask nonzero = 229
[DEBUG] found 3 raw contours
[DEBUG] kept 3 candidates after filtering
[DEBUG] roi_desc = {'type': 'polygon', 'polygon': [(329.0, 318.0), (351.0, 301.0), (373.0, 280.0), (395.0, 264.0), (410.0, 237.0), (399.0, 194.0), (357.0, 161.0), (310.0, 167.0), (271.0, 175.0), (237.0, 188.0), (221.0, 208.0), (219.0, 222.0), (219.0, 239.0), (234.0, 245.0), (249.0, 255.0), (260.0, 269.0), (286.0, 288.0), (303.0, 300.0), (314.0, 310.0), (321.0, 313.0)]}
[DEBUG] mask nonzero = 236
[DEBUG] found 3 raw contours
[DEBUG] kept 3 candidates after filtering
[DEBUG] roi_desc = {'type': 'polygon', 'polygon': [(329.0, 318.0), (351.0, 301.0), (373.0, 280.0), (395.0, 264.0), (410.0, 237.0), (399.0, 194.0), (357.0, 161.0), (310.0, 167.0), (271.0, 175.0), (237.0, 188.0), (221.0, 208.0), (219.0, 222.0), (219.0, 239.0), (234.0, 245.0), (249.0, 255.0), (260.0, 269.0), (286.0, 288.0), (303.0, 300.0), (314.0, 310.0), (321.0, 313.0)]}
[DEBUG] mask nonzero = 228
[DEBUG] found 3 raw contours
[DEBUG] kept 3 candidates after filtering
[DEBUG] roi_desc = {'type': 'polygon', 'polygon': [(329.0, 318.0), (351.0, 301.0), (373.0, 280.0), (395.0, 264.0), (410.0, 237.0), (399.0, 194.0), (357.0, 161.0), (310.0, 167.0), (271.0, 175.0), (237.0, 188.0), (221.0, 208.0), (219.0, 222.0), (219.0, 239.0), (234.0, 245.0), (249.0, 255.0), (260.0, 269.0), (286.0, 288.0), (303.0, 300.0), (314.0, 310.0), (321.0, 313.0)]}
[DEBUG] mask nonzero = 218
[DEBUG] found 3 raw contours
[DEBUG] kept 3 candidates after filtering
[DEBUG] roi_desc = {'type': 'polygon', 'polygon': [(329.0, 318.0), (351.0, 301.0), (373.0, 280.0), (395.0, 264.0), (410.0, 237.0), (399.0, 194.0), (357.0, 161.0), (310.0, 167.0), (271.0, 175.0), (237.0, 188.0), (221.0, 208.0), (219.0, 222.0), (219.0, 239.0), (234.0, 245.0), (249.0, 255.0), (260.0, 269.0), (286.0, 288.0), (303.0, 300.0), (314.0, 310.0), (321.0, 313.0)]}
[DEBUG] mask nonzero = 218
[DEBUG] found 3 raw contours
[DEBUG] kept 3 candidates after filtering
[DEBUG] roi_desc = {'type': 'polygon', 'polygon': [(329.0, 318.0), (351.0, 301.0), (373.0, 280.0), (395.0, 264.0), (410.0, 237.0), (399.0, 194.0), (357.0, 161.0), (310.0, 167.0), (271.0, 175.0), (237.0, 188.0), (221.0, 208.0), (219.0, 222.0), (219.0, 239.0), (234.0, 245.0), (249.0, 255.0), (260.0, 269.0), (286.0, 288.0), (303.0, 300.0), (314.0, 310.0), (321.0, 313.0)]}
[DEBUG] mask nonzero = 235
[DEBUG] found 3 raw contours
[DEBUG] kept 3 candidates after filtering
[DEBUG] roi_desc = {'type': 'polygon', 'polygon': [(329.0, 318.0), (351.0, 301.0), (373.0, 280.0), (395.0, 264.0), (410.0, 237.0), (399.0, 194.0), (357.0, 161.0), (310.0, 167.0), (271.0, 175.0), (237.0, 188.0), (221.0, 208.0), (219.0, 222.0), (219.0, 239.0), (234.0, 245.0), (249.0, 255.0), (260.0, 269.0), (286.0, 288.0), (303.0, 300.0), (314.0, 310.0), (321.0, 313.0)]}
[DEBUG] mask nonzero = 240
[DEBUG] found 3 raw contours
[DEBUG] kept 3 candidates after filtering
[DEBUG] roi_desc = {'type': 'polygon', 'polygon': [(329.0, 318.0), (351.0, 301.0), (373.0, 280.0), (395.0, 264.0), (410.0, 237.0), (399.0, 194.0), (357.0, 161.0), (310.0, 167.0), (271.0, 175.0), (237.0, 188.0), (221.0, 208.0), (219.0, 222.0), (219.0, 239.0), (234.0, 245.0), (249.0, 255.0), (260.0, 269.0), (286.0, 288.0), (303.0, 300.0), (314.0, 310.0), (321.0, 313.0)]}
[DEBUG] mask nonzero = 233
[DEBUG] found 3 raw contours
[DEBUG] kept 3 candidates after filtering
[DEBUG] roi_desc = {'type': 'polygon', 'polygon': [(329.0, 318.0), (351.0, 301.0), (373.0, 280.0), (395.0, 264.0), (410.0, 237.0), (399.0, 194.0), (357.0, 161.0), (310.0, 167.0), (271.0, 175.0), (237.0, 188.0), (221.0, 208.0), (219.0, 222.0), (219.0, 239.0), (234.0, 245.0), (249.0, 255.0), (260.0, 269.0), (286.0, 288.0), (303.0, 300.0), (314.0, 310.0), (321.0, 313.0)]}
[DEBUG] mask nonzero = 242
[DEBUG] found 3 raw contours
[DEBUG] kept 3 candidates after filtering
[DEBUG] roi_desc = {'type': 'polygon', 'polygon': [(329.0, 318.0), (351.0, 301.0), (373.0, 280.0), (395.0, 264.0), (410.0, 237.0), (399.0, 194.0), (357.0, 161.0), (310.0, 167.0), (271.0, 175.0), (237.0, 188.0), (221.0, 208.0), (219.0, 222.0), (219.0, 239.0), (234.0, 245.0), (249.0, 255.0), (260.0, 269.0), (286.0, 288.0), (303.0, 300.0), (314.0, 310.0), (321.0, 313.0)]}
[DEBUG] mask nonzero = 230
[DEBUG] found 3 raw contours
[DEBUG] kept 3 candidates after filtering
[DEBUG] roi_desc = {'type': 'polygon', 'polygon': [(329.0, 318.0), (351.0, 301.0), (373.0, 280.0), (395.0, 264.0), (410.0, 237.0), (399.0, 194.0), (357.0, 161.0), (310.0, 167.0), (271.0, 175.0), (237.0, 188.0), (221.0, 208.0), (219.0, 222.0), (219.0, 239.0), (234.0, 245.0), (249.0, 255.0), (260.0, 269.0), (286.0, 288.0), (303.0, 300.0), (314.0, 310.0), (321.0, 313.0)]}
[DEBUG] mask nonzero = 232
[DEBUG] found 3 raw contours
[DEBUG] kept 3 candidates after filtering
[DEBUG] roi_desc = {'type': 'polygon', 'polygon': [(329.0, 318.0), (351.0, 301.0), (373.0, 280.0), (395.0, 264.0), (410.0, 237.0), (399.0, 194.0), (357.0, 161.0), (310.0, 167.0), (271.0, 175.0), (237.0, 188.0), (221.0, 208.0), (219.0, 222.0), (219.0, 239.0), (234.0, 245.0), (249.0, 255.0), (260.0, 269.0), (286.0, 288.0), (303.0, 300.0), (314.0, 310.0), (321.0, 313.0)]}
[DEBUG] mask nonzero = 230
[DEBUG] found 3 raw contours
[DEBUG] kept 3 candidates after filtering
[DEBUG] roi_desc = {'type': 'polygon', 'polygon': [(329.0, 318.0), (351.0, 301.0), (373.0, 280.0), (395.0, 264.0), (410.0, 237.0), (399.0, 194.0), (357.0, 161.0), (310.0, 167.0), (271.0, 175.0), (237.0, 188.0), (221.0, 208.0), (219.0, 222.0), (219.0, 239.0), (234.0, 245.0), (249.0, 255.0), (260.0, 269.0), (286.0, 288.0), (303.0, 300.0), (314.0, 310.0), (321.0, 313.0)]}
[DEBUG] mask nonzero = 236
[DEBUG] found 3 raw contours
[DEBUG] kept 3 candidates after filtering
[DEBUG] roi_desc = {'type': 'polygon', 'polygon': [(329.0, 318.0), (351.0, 301.0), (373.0, 280.0), (395.0, 264.0), (410.0, 237.0), (399.0, 194.0), (357.0, 161.0), (310.0, 167.0), (271.0, 175.0), (237.0, 188.0), (221.0, 208.0), (219.0, 222.0), (219.0, 239.0), (234.0, 245.0), (249.0, 255.0), (260.0, 269.0), (286.0, 288.0), (303.0, 300.0), (314.0, 310.0), (321.0, 313.0)]}
[DEBUG] mask nonzero = 220
[DEBUG] found 3 raw contours
[DEBUG] kept 3 candidates after filtering
[DEBUG] roi_desc = {'type': 'polygon', 'polygon': [(329.0, 318.0), (351.0, 301.0), (373.0, 280.0), (395.0, 264.0), (410.0, 237.0), (399.0, 194.0), (357.0, 161.0), (310.0, 167.0), (271.0, 175.0), (237.0, 188.0), (221.0, 208.0), (219.0, 222.0), (219.0, 239.0), (234.0, 245.0), (249.0, 255.0), (260.0, 269.0), (286.0, 288.0), (303.0, 300.0), (314.0, 310.0), (321.0, 313.0)]}
[DEBUG] mask nonzero = 226
[DEBUG] found 3 raw contours
[DEBUG] kept 3 candidates after filtering
[DEBUG] roi_desc = {'type': 'polygon', 'polygon': [(329.0, 318.0), (351.0, 301.0), (373.0, 280.0), (395.0, 264.0), (410.0, 237.0), (399.0, 194.0), (357.0, 161.0), (310.0, 167.0), (271.0, 175.0), (237.0, 188.0), (221.0, 208.0), (219.0, 222.0), (219.0, 239.0), (234.0, 245.0), (249.0, 255.0), (260.0, 269.0), (286.0, 288.0), (303.0, 300.0), (314.0, 310.0), (321.0, 313.0)]}
[DEBUG] mask nonzero = 225
[DEBUG] found 3 raw contours
[DEBUG] kept 3 candidates after filtering
[DEBUG] roi_desc = {'type': 'polygon', 'polygon': [(329.0, 318.0), (351.0, 301.0), (373.0, 280.0), (395.0, 264.0), (410.0, 237.0), (399.0, 194.0), (357.0, 161.0), (310.0, 167.0), (271.0, 175.0), (237.0, 188.0), (221.0, 208.0), (219.0, 222.0), (219.0, 239.0), (234.0, 245.0), (249.0, 255.0), (260.0, 269.0), (286.0, 288.0), (303.0, 300.0), (314.0, 310.0), (321.0, 313.0)]}
[DEBUG] mask nonzero = 236
[DEBUG] found 3 raw contours
[DEBUG] kept 3 candidates after filtering
[DEBUG] roi_desc = {'type': 'polygon', 'polygon': [(329.0, 318.0), (351.0, 301.0), (373.0, 280.0), (395.0, 264.0), (410.0, 237.0), (399.0, 194.0), (357.0, 161.0), (310.0, 167.0), (271.0, 175.0), (237.0, 188.0), (221.0, 208.0), (219.0, 222.0), (219.0, 239.0), (234.0, 245.0), (249.0, 255.0), (260.0, 269.0), (286.0, 288.0), (303.0, 300.0), (314.0, 310.0), (321.0, 313.0)]}
[DEBUG] mask nonzero = 233
[DEBUG] found 3 raw contours
[DEBUG] kept 3 candidates after filtering
[DEBUG] roi_desc = {'type': 'polygon', 'polygon': [(329.0, 318.0), (351.0, 301.0), (373.0, 280.0), (395.0, 264.0), (410.0, 237.0), (399.0, 194.0), (357.0, 161.0), (310.0, 167.0), (271.0, 175.0), (237.0, 188.0), (221.0, 208.0), (219.0, 222.0), (219.0, 239.0), (234.0, 245.0), (249.0, 255.0), (260.0, 269.0), (286.0, 288.0), (303.0, 300.0), (314.0, 310.0), (321.0, 313.0)]}
[DEBUG] mask nonzero = 225
[DEBUG] found 3 raw contours
[DEBUG] kept 3 candidates after filtering
[DEBUG] roi_desc = {'type': 'polygon', 'polygon': [(329.0, 318.0), (351.0, 301.0), (373.0, 280.0), (395.0, 264.0), (410.0, 237.0), (399.0, 194.0), (357.0, 161.0), (310.0, 167.0), (271.0, 175.0), (237.0, 188.0), (221.0, 208.0), (219.0, 222.0), (219.0, 239.0), (234.0, 245.0), (249.0, 255.0), (260.0, 269.0), (286.0, 288.0), (303.0, 300.0), (314.0, 310.0), (321.0, 313.0)]}
[DEBUG] mask nonzero = 226
[DEBUG] found 3 raw contours
[DEBUG] kept 3 candidates after filtering
[DEBUG] roi_desc = {'type': 'polygon', 'polygon': [(329.0, 318.0), (351.0, 301.0), (373.0, 280.0), (395.0, 264.0), (410.0, 237.0), (399.0, 194.0), (357.0, 161.0), (310.0, 167.0), (271.0, 175.0), (237.0, 188.0), (221.0, 208.0), (219.0, 222.0), (219.0, 239.0), (234.0, 245.0), (249.0, 255.0), (260.0, 269.0), (286.0, 288.0), (303.0, 300.0), (314.0, 310.0), (321.0, 313.0)]}
[DEBUG] mask nonzero = 236
[DEBUG] found 3 raw contours
[DEBUG] kept 3 candidates after filtering
[DEBUG] roi_desc = {'type': 'polygon', 'polygon': [(329.0, 318.0), (351.0, 301.0), (373.0, 280.0), (395.0, 264.0), (410.0, 237.0), (399.0, 194.0), (357.0, 161.0), (310.0, 167.0), (271.0, 175.0), (237.0, 188.0), (221.0, 208.0), (219.0, 222.0), (219.0, 239.0), (234.0, 245.0), (249.0, 255.0), (260.0, 269.0), (286.0, 288.0), (303.0, 300.0), (314.0, 310.0), (321.0, 313.0)]}
[DEBUG] mask nonzero = 244
[DEBUG] found 3 raw contours
[DEBUG] kept 3 candidates after filtering
[DEBUG] roi_desc = {'type': 'polygon', 'polygon': [(329.0, 318.0), (351.0, 301.0), (373.0, 280.0), (395.0, 264.0), (410.0, 237.0), (399.0, 194.0), (357.0, 161.0), (310.0, 167.0), (271.0, 175.0), (237.0, 188.0), (221.0, 208.0), (219.0, 222.0), (219.0, 239.0), (234.0, 245.0), (249.0, 255.0), (260.0, 269.0), (286.0, 288.0), (303.0, 300.0), (314.0, 310.0), (321.0, 313.0)]}
[DEBUG] mask nonzero = 239
[DEBUG] found 3 raw contours
[DEBUG] kept 3 candidates after filtering
[DEBUG] roi_desc = {'type': 'polygon', 'polygon': [(329.0, 318.0), (351.0, 301.0), (373.0, 280.0), (395.0, 264.0), (410.0, 237.0), (399.0, 194.0), (357.0, 161.0), (310.0, 167.0), (271.0, 175.0), (237.0, 188.0), (221.0, 208.0), (219.0, 222.0), (219.0, 239.0), (234.0, 245.0), (249.0, 255.0), (260.0, 269.0), (286.0, 288.0), (303.0, 300.0), (314.0, 310.0), (321.0, 313.0)]}
[DEBUG] mask nonzero = 235
[DEBUG] found 3 raw contours
[DEBUG] kept 3 candidates after filtering
[DEBUG] roi_desc = {'type': 'polygon', 'polygon': [(329.0, 318.0), (351.0, 301.0), (373.0, 280.0), (395.0, 264.0), (410.0, 237.0), (399.0, 194.0), (357.0, 161.0), (310.0, 167.0), (271.0, 175.0), (237.0, 188.0), (221.0, 208.0), (219.0, 222.0), (219.0, 239.0), (234.0, 245.0), (249.0, 255.0), (260.0, 269.0), (286.0, 288.0), (303.0, 300.0), (314.0, 310.0), (321.0, 313.0)]}
[DEBUG] mask nonzero = 237
[DEBUG] found 3 raw contours
[DEBUG] kept 3 candidates after filtering
[DEBUG] roi_desc = {'type': 'polygon', 'polygon': [(329.0, 318.0), (351.0, 301.0), (373.0, 280.0), (395.0, 264.0), (410.0, 237.0), (399.0, 194.0), (357.0, 161.0), (310.0, 167.0), (271.0, 175.0), (237.0, 188.0), (221.0, 208.0), (219.0, 222.0), (219.0, 239.0), (234.0, 245.0), (249.0, 255.0), (260.0, 269.0), (286.0, 288.0), (303.0, 300.0), (314.0, 310.0), (321.0, 313.0)]}
[DEBUG] mask nonzero = 244
[DEBUG] found 3 raw contours
[DEBUG] kept 3 candidates after filtering
[DEBUG] roi_desc = {'type': 'polygon', 'polygon': [(329.0, 318.0), (351.0, 301.0), (373.0, 280.0), (395.0, 264.0), (410.0, 237.0), (399.0, 194.0), (357.0, 161.0), (310.0, 167.0), (271.0, 175.0), (237.0, 188.0), (221.0, 208.0), (219.0, 222.0), (219.0, 239.0), (234.0, 245.0), (249.0, 255.0), (260.0, 269.0), (286.0, 288.0), (303.0, 300.0), (314.0, 310.0), (321.0, 313.0)]}
[DEBUG] mask nonzero = 233
[DEBUG] found 3 raw contours
[DEBUG] kept 3 candidates after filtering
[DEBUG] roi_desc = {'type': 'polygon', 'polygon': [(329.0, 318.0), (351.0, 301.0), (373.0, 280.0), (395.0, 264.0), (410.0, 237.0), (399.0, 194.0), (357.0, 161.0), (310.0, 167.0), (271.0, 175.0), (237.0, 188.0), (221.0, 208.0), (219.0, 222.0), (219.0, 239.0), (234.0, 245.0), (249.0, 255.0), (260.0, 269.0), (286.0, 288.0), (303.0, 300.0), (314.0, 310.0), (321.0, 313.0)]}
[DEBUG] mask nonzero = 240
[DEBUG] found 3 raw contours
[DEBUG] kept 3 candidates after filtering
[DEBUG] roi_desc = {'type': 'polygon', 'polygon': [(329.0, 318.0), (351.0, 301.0), (373.0, 280.0), (395.0, 264.0), (410.0, 237.0), (399.0, 194.0), (357.0, 161.0), (310.0, 167.0), (271.0, 175.0), (237.0, 188.0), (221.0, 208.0), (219.0, 222.0), (219.0, 239.0), (234.0, 245.0), (249.0, 255.0), (260.0, 269.0), (286.0, 288.0), (303.0, 300.0), (314.0, 310.0), (321.0, 313.0)]}
[DEBUG] mask nonzero = 233
[DEBUG] found 3 raw contours
[DEBUG] kept 3 candidates after filtering
[DEBUG] roi_desc = {'type': 'polygon', 'polygon': [(329.0, 318.0), (351.0, 301.0), (373.0, 280.0), (395.0, 264.0), (410.0, 237.0), (399.0, 194.0), (357.0, 161.0), (310.0, 167.0), (271.0, 175.0), (237.0, 188.0), (221.0, 208.0), (219.0, 222.0), (219.0, 239.0), (234.0, 245.0), (249.0, 255.0), (260.0, 269.0), (286.0, 288.0), (303.0, 300.0), (314.0, 310.0), (321.0, 313.0)]}
[DEBUG] mask nonzero = 224
[DEBUG] found 3 raw contours
[DEBUG] kept 3 candidates after filtering
[DEBUG] roi_desc = {'type': 'polygon', 'polygon': [(329.0, 318.0), (351.0, 301.0), (373.0, 280.0), (395.0, 264.0), (410.0, 237.0), (399.0, 194.0), (357.0, 161.0), (310.0, 167.0), (271.0, 175.0), (237.0, 188.0), (221.0, 208.0), (219.0, 222.0), (219.0, 239.0), (234.0, 245.0), (249.0, 255.0), (260.0, 269.0), (286.0, 288.0), (303.0, 300.0), (314.0, 310.0), (321.0, 313.0)]}
[DEBUG] mask nonzero = 234
[DEBUG] found 3 raw contours
[DEBUG] kept 3 candidates after filtering
[DEBUG] roi_desc = {'type': 'polygon', 'polygon': [(329.0, 318.0), (351.0, 301.0), (373.0, 280.0), (395.0, 264.0), (410.0, 237.0), (399.0, 194.0), (357.0, 161.0), (310.0, 167.0), (271.0, 175.0), (237.0, 188.0), (221.0, 208.0), (219.0, 222.0), (219.0, 239.0), (234.0, 245.0), (249.0, 255.0), (260.0, 269.0), (286.0, 288.0), (303.0, 300.0), (314.0, 310.0), (321.0, 313.0)]}
[DEBUG] mask nonzero = 239
[DEBUG] found 3 raw contours
[DEBUG] kept 3 candidates after filtering
[DEBUG] roi_desc = {'type': 'polygon', 'polygon': [(329.0, 318.0), (351.0, 301.0), (373.0, 280.0), (395.0, 264.0), (410.0, 237.0), (399.0, 194.0), (357.0, 161.0), (310.0, 167.0), (271.0, 175.0), (237.0, 188.0), (221.0, 208.0), (219.0, 222.0), (219.0, 239.0), (234.0, 245.0), (249.0, 255.0), (260.0, 269.0), (286.0, 288.0), (303.0, 300.0), (314.0, 310.0), (321.0, 313.0)]}
[DEBUG] mask nonzero = 233
[DEBUG] found 3 raw contours
[DEBUG] kept 3 candidates after filtering
[DEBUG] roi_desc = {'type': 'polygon', 'polygon': [(329.0, 318.0), (351.0, 301.0), (373.0, 280.0), (395.0, 264.0), (410.0, 237.0), (399.0, 194.0), (357.0, 161.0), (310.0, 167.0), (271.0, 175.0), (237.0, 188.0), (221.0, 208.0), (219.0, 222.0), (219.0, 239.0), (234.0, 245.0), (249.0, 255.0), (260.0, 269.0), (286.0, 288.0), (303.0, 300.0), (314.0, 310.0), (321.0, 313.0)]}
[DEBUG] mask nonzero = 233
[DEBUG] found 3 raw contours
[DEBUG] kept 3 candidates after filtering
[DEBUG] roi_desc = {'type': 'polygon', 'polygon': [(329.0, 318.0), (351.0, 301.0), (373.0, 280.0), (395.0, 264.0), (410.0, 237.0), (399.0, 194.0), (357.0, 161.0), (310.0, 167.0), (271.0, 175.0), (237.0, 188.0), (221.0, 208.0), (219.0, 222.0), (219.0, 239.0), (234.0, 245.0), (249.0, 255.0), (260.0, 269.0), (286.0, 288.0), (303.0, 300.0), (314.0, 310.0), (321.0, 313.0)]}
[DEBUG] mask nonzero = 232
[DEBUG] found 3 raw contours
[DEBUG] kept 3 candidates after filtering
[DEBUG] roi_desc = {'type': 'polygon', 'polygon': [(329.0, 318.0), (351.0, 301.0), (373.0, 280.0), (395.0, 264.0), (410.0, 237.0), (399.0, 194.0), (357.0, 161.0), (310.0, 167.0), (271.0, 175.0), (237.0, 188.0), (221.0, 208.0), (219.0, 222.0), (219.0, 239.0), (234.0, 245.0), (249.0, 255.0), (260.0, 269.0), (286.0, 288.0), (303.0, 300.0), (314.0, 310.0), (321.0, 313.0)]}
[DEBUG] mask nonzero = 230
[DEBUG] found 3 raw contours
[DEBUG] kept 3 candidates after filtering
[DEBUG] roi_desc = {'type': 'polygon', 'polygon': [(329.0, 318.0), (351.0, 301.0), (373.0, 280.0), (395.0, 264.0), (410.0, 237.0), (399.0, 194.0), (357.0, 161.0), (310.0, 167.0), (271.0, 175.0), (237.0, 188.0), (221.0, 208.0), (219.0, 222.0), (219.0, 239.0), (234.0, 245.0), (249.0, 255.0), (260.0, 269.0), (286.0, 288.0), (303.0, 300.0), (314.0, 310.0), (321.0, 313.0)]}
[DEBUG] mask nonzero = 236
[DEBUG] found 3 raw contours
[DEBUG] kept 3 candidates after filtering
[DEBUG] roi_desc = {'type': 'polygon', 'polygon': [(329.0, 318.0), (351.0, 301.0), (373.0, 280.0), (395.0, 264.0), (410.0, 237.0), (399.0, 194.0), (357.0, 161.0), (310.0, 167.0), (271.0, 175.0), (237.0, 188.0), (221.0, 208.0), (219.0, 222.0), (219.0, 239.0), (234.0, 245.0), (249.0, 255.0), (260.0, 269.0), (286.0, 288.0), (303.0, 300.0), (314.0, 310.0), (321.0, 313.0)]}
[DEBUG] mask nonzero = 228
[DEBUG] found 3 raw contours
[DEBUG] kept 3 candidates after filtering
[DEBUG] roi_desc = {'type': 'polygon', 'polygon': [(329.0, 318.0), (351.0, 301.0), (373.0, 280.0), (395.0, 264.0), (410.0, 237.0), (399.0, 194.0), (357.0, 161.0), (310.0, 167.0), (271.0, 175.0), (237.0, 188.0), (221.0, 208.0), (219.0, 222.0), (219.0, 239.0), (234.0, 245.0), (249.0, 255.0), (260.0, 269.0), (286.0, 288.0), (303.0, 300.0), (314.0, 310.0), (321.0, 313.0)]}
[DEBUG] mask nonzero = 240
[DEBUG] found 3 raw contours
[DEBUG] kept 3 candidates after filtering
[DEBUG] roi_desc = {'type': 'polygon', 'polygon': [(329.0, 318.0), (351.0, 301.0), (373.0, 280.0), (395.0, 264.0), (410.0, 237.0), (399.0, 194.0), (357.0, 161.0), (310.0, 167.0), (271.0, 175.0), (237.0, 188.0), (221.0, 208.0), (219.0, 222.0), (219.0, 239.0), (234.0, 245.0), (249.0, 255.0), (260.0, 269.0), (286.0, 288.0), (303.0, 300.0), (314.0, 310.0), (321.0, 313.0)]}
[DEBUG] mask nonzero = 230
[DEBUG] found 3 raw contours
[DEBUG] kept 3 candidates after filtering
[DEBUG] roi_desc = {'type': 'polygon', 'polygon': [(329.0, 318.0), (351.0, 301.0), (373.0, 280.0), (395.0, 264.0), (410.0, 237.0), (399.0, 194.0), (357.0, 161.0), (310.0, 167.0), (271.0, 175.0), (237.0, 188.0), (221.0, 208.0), (219.0, 222.0), (219.0, 239.0), (234.0, 245.0), (249.0, 255.0), (260.0, 269.0), (286.0, 288.0), (303.0, 300.0), (314.0, 310.0), (321.0, 313.0)]}
[DEBUG] mask nonzero = 237
[DEBUG] found 3 raw contours
[DEBUG] kept 3 candidates after filtering
[DEBUG] roi_desc = {'type': 'polygon', 'polygon': [(329.0, 318.0), (351.0, 301.0), (373.0, 280.0), (395.0, 264.0), (410.0, 237.0), (399.0, 194.0), (357.0, 161.0), (310.0, 167.0), (271.0, 175.0), (237.0, 188.0), (221.0, 208.0), (219.0, 222.0), (219.0, 239.0), (234.0, 245.0), (249.0, 255.0), (260.0, 269.0), (286.0, 288.0), (303.0, 300.0), (314.0, 310.0), (321.0, 313.0)]}
[DEBUG] mask nonzero = 237
[DEBUG] found 3 raw contours
[DEBUG] kept 3 candidates after filtering
[DEBUG] roi_desc = {'type': 'polygon', 'polygon': [(329.0, 318.0), (351.0, 301.0), (373.0, 280.0), (395.0, 264.0), (410.0, 237.0), (399.0, 194.0), (357.0, 161.0), (310.0, 167.0), (271.0, 175.0), (237.0, 188.0), (221.0, 208.0), (219.0, 222.0), (219.0, 239.0), (234.0, 245.0), (249.0, 255.0), (260.0, 269.0), (286.0, 288.0), (303.0, 300.0), (314.0, 310.0), (321.0, 313.0)]}
[DEBUG] mask nonzero = 232
[DEBUG] found 3 raw contours
[DEBUG] kept 3 candidates after filtering
[DEBUG] roi_desc = {'type': 'polygon', 'polygon': [(329.0, 318.0), (351.0, 301.0), (373.0, 280.0), (395.0, 264.0), (410.0, 237.0), (399.0, 194.0), (357.0, 161.0), (310.0, 167.0), (271.0, 175.0), (237.0, 188.0), (221.0, 208.0), (219.0, 222.0), (219.0, 239.0), (234.0, 245.0), (249.0, 255.0), (260.0, 269.0), (286.0, 288.0), (303.0, 300.0), (314.0, 310.0), (321.0, 313.0)]}
[DEBUG] mask nonzero = 240
[DEBUG] found 3 raw contours
[DEBUG] kept 3 candidates after filtering
[DEBUG] roi_desc = {'type': 'polygon', 'polygon': [(329.0, 318.0), (351.0, 301.0), (373.0, 280.0), (395.0, 264.0), (410.0, 237.0), (399.0, 194.0), (357.0, 161.0), (310.0, 167.0), (271.0, 175.0), (237.0, 188.0), (221.0, 208.0), (219.0, 222.0), (219.0, 239.0), (234.0, 245.0), (249.0, 255.0), (260.0, 269.0), (286.0, 288.0), (303.0, 300.0), (314.0, 310.0), (321.0, 313.0)]}
[DEBUG] mask nonzero = 235
[DEBUG] found 3 raw contours
[DEBUG] kept 3 candidates after filtering
[DEBUG] roi_desc = {'type': 'polygon', 'polygon': [(329.0, 318.0), (351.0, 301.0), (373.0, 280.0), (395.0, 264.0), (410.0, 237.0), (399.0, 194.0), (357.0, 161.0), (310.0, 167.0), (271.0, 175.0), (237.0, 188.0), (221.0, 208.0), (219.0, 222.0), (219.0, 239.0), (234.0, 245.0), (249.0, 255.0), (260.0, 269.0), (286.0, 288.0), (303.0, 300.0), (314.0, 310.0), (321.0, 313.0)]}
[DEBUG] mask nonzero = 240
[DEBUG] found 3 raw contours
[DEBUG] kept 3 candidates after filtering
[DEBUG] roi_desc = {'type': 'polygon', 'polygon': [(329.0, 318.0), (351.0, 301.0), (373.0, 280.0), (395.0, 264.0), (410.0, 237.0), (399.0, 194.0), (357.0, 161.0), (310.0, 167.0), (271.0, 175.0), (237.0, 188.0), (221.0, 208.0), (219.0, 222.0), (219.0, 239.0), (234.0, 245.0), (249.0, 255.0), (260.0, 269.0), (286.0, 288.0), (303.0, 300.0), (314.0, 310.0), (321.0, 313.0)]}
[DEBUG] mask nonzero = 234
[DEBUG] found 3 raw contours
[DEBUG] kept 3 candidates after filtering
[DEBUG] roi_desc = {'type': 'polygon', 'polygon': [(329.0, 318.0), (351.0, 301.0), (373.0, 280.0), (395.0, 264.0), (410.0, 237.0), (399.0, 194.0), (357.0, 161.0), (310.0, 167.0), (271.0, 175.0), (237.0, 188.0), (221.0, 208.0), (219.0, 222.0), (219.0, 239.0), (234.0, 245.0), (249.0, 255.0), (260.0, 269.0), (286.0, 288.0), (303.0, 300.0), (314.0, 310.0), (321.0, 313.0)]}
[DEBUG] mask nonzero = 230
[DEBUG] found 3 raw contours
[DEBUG] kept 3 candidates after filtering
[DEBUG] roi_desc = {'type': 'polygon', 'polygon': [(329.0, 318.0), (351.0, 301.0), (373.0, 280.0), (395.0, 264.0), (410.0, 237.0), (399.0, 194.0), (357.0, 161.0), (310.0, 167.0), (271.0, 175.0), (237.0, 188.0), (221.0, 208.0), (219.0, 222.0), (219.0, 239.0), (234.0, 245.0), (249.0, 255.0), (260.0, 269.0), (286.0, 288.0), (303.0, 300.0), (314.0, 310.0), (321.0, 313.0)]}
[DEBUG] mask nonzero = 234
[DEBUG] found 3 raw contours
[DEBUG] kept 3 candidates after filtering
[DEBUG] roi_desc = {'type': 'polygon', 'polygon': [(329.0, 318.0), (351.0, 301.0), (373.0, 280.0), (395.0, 264.0), (410.0, 237.0), (399.0, 194.0), (357.0, 161.0), (310.0, 167.0), (271.0, 175.0), (237.0, 188.0), (221.0, 208.0), (219.0, 222.0), (219.0, 239.0), (234.0, 245.0), (249.0, 255.0), (260.0, 269.0), (286.0, 288.0), (303.0, 300.0), (314.0, 310.0), (321.0, 313.0)]}
[DEBUG] mask nonzero = 235
[DEBUG] found 3 raw contours
[DEBUG] kept 3 candidates after filtering
[DEBUG] roi_desc = {'type': 'polygon', 'polygon': [(329.0, 318.0), (351.0, 301.0), (373.0, 280.0), (395.0, 264.0), (410.0, 237.0), (399.0, 194.0), (357.0, 161.0), (310.0, 167.0), (271.0, 175.0), (237.0, 188.0), (221.0, 208.0), (219.0, 222.0), (219.0, 239.0), (234.0, 245.0), (249.0, 255.0), (260.0, 269.0), (286.0, 288.0), (303.0, 300.0), (314.0, 310.0), (321.0, 313.0)]}
[DEBUG] mask nonzero = 228
[DEBUG] found 3 raw contours
[DEBUG] kept 3 candidates after filtering
[DEBUG] roi_desc = {'type': 'polygon', 'polygon': [(329.0, 318.0), (351.0, 301.0), (373.0, 280.0), (395.0, 264.0), (410.0, 237.0), (399.0, 194.0), (357.0, 161.0), (310.0, 167.0), (271.0, 175.0), (237.0, 188.0), (221.0, 208.0), (219.0, 222.0), (219.0, 239.0), (234.0, 245.0), (249.0, 255.0), (260.0, 269.0), (286.0, 288.0), (303.0, 300.0), (314.0, 310.0), (321.0, 313.0)]}
[DEBUG] mask nonzero = 229
[DEBUG] found 3 raw contours
[DEBUG] kept 3 candidates after filtering
[DEBUG] roi_desc = {'type': 'polygon', 'polygon': [(329.0, 318.0), (351.0, 301.0), (373.0, 280.0), (395.0, 264.0), (410.0, 237.0), (399.0, 194.0), (357.0, 161.0), (310.0, 167.0), (271.0, 175.0), (237.0, 188.0), (221.0, 208.0), (219.0, 222.0), (219.0, 239.0), (234.0, 245.0), (249.0, 255.0), (260.0, 269.0), (286.0, 288.0), (303.0, 300.0), (314.0, 310.0), (321.0, 313.0)]}
[DEBUG] mask nonzero = 230
[DEBUG] found 3 raw contours
[DEBUG] kept 3 candidates after filtering
[DEBUG] roi_desc = {'type': 'polygon', 'polygon': [(329.0, 318.0), (351.0, 301.0), (373.0, 280.0), (395.0, 264.0), (410.0, 237.0), (399.0, 194.0), (357.0, 161.0), (310.0, 167.0), (271.0, 175.0), (237.0, 188.0), (221.0, 208.0), (219.0, 222.0), (219.0, 239.0), (234.0, 245.0), (249.0, 255.0), (260.0, 269.0), (286.0, 288.0), (303.0, 300.0), (314.0, 310.0), (321.0, 313.0)]}
[DEBUG] mask nonzero = 234
[DEBUG] found 3 raw contours
[DEBUG] kept 3 candidates after filtering
[DEBUG] roi_desc = {'type': 'polygon', 'polygon': [(329.0, 318.0), (351.0, 301.0), (373.0, 280.0), (395.0, 264.0), (410.0, 237.0), (399.0, 194.0), (357.0, 161.0), (310.0, 167.0), (271.0, 175.0), (237.0, 188.0), (221.0, 208.0), (219.0, 222.0), (219.0, 239.0), (234.0, 245.0), (249.0, 255.0), (260.0, 269.0), (286.0, 288.0), (303.0, 300.0), (314.0, 310.0), (321.0, 313.0)]}
[DEBUG] mask nonzero = 235
[DEBUG] found 3 raw contours
[DEBUG] kept 3 candidates after filtering
[DEBUG] roi_desc = {'type': 'polygon', 'polygon': [(329.0, 318.0), (351.0, 301.0), (373.0, 280.0), (395.0, 264.0), (410.0, 237.0), (399.0, 194.0), (357.0, 161.0), (310.0, 167.0), (271.0, 175.0), (237.0, 188.0), (221.0, 208.0), (219.0, 222.0), (219.0, 239.0), (234.0, 245.0), (249.0, 255.0), (260.0, 269.0), (286.0, 288.0), (303.0, 300.0), (314.0, 310.0), (321.0, 313.0)]}
[DEBUG] mask nonzero = 229
[DEBUG] found 3 raw contours
[DEBUG] kept 3 candidates after filtering
[DEBUG] roi_desc = {'type': 'polygon', 'polygon': [(329.0, 318.0), (351.0, 301.0), (373.0, 280.0), (395.0, 264.0), (410.0, 237.0), (399.0, 194.0), (357.0, 161.0), (310.0, 167.0), (271.0, 175.0), (237.0, 188.0), (221.0, 208.0), (219.0, 222.0), (219.0, 239.0), (234.0, 245.0), (249.0, 255.0), (260.0, 269.0), (286.0, 288.0), (303.0, 300.0), (314.0, 310.0), (321.0, 313.0)]}
[DEBUG] mask nonzero = 235
[DEBUG] found 3 raw contours
[DEBUG] kept 3 candidates after filtering
[DEBUG] roi_desc = {'type': 'polygon', 'polygon': [(329.0, 318.0), (351.0, 301.0), (373.0, 280.0), (395.0, 264.0), (410.0, 237.0), (399.0, 194.0), (357.0, 161.0), (310.0, 167.0), (271.0, 175.0), (237.0, 188.0), (221.0, 208.0), (219.0, 222.0), (219.0, 239.0), (234.0, 245.0), (249.0, 255.0), (260.0, 269.0), (286.0, 288.0), (303.0, 300.0), (314.0, 310.0), (321.0, 313.0)]}
[DEBUG] mask nonzero = 229
[DEBUG] found 3 raw contours
[DEBUG] kept 3 candidates after filtering
[DEBUG] roi_desc = {'type': 'polygon', 'polygon': [(329.0, 318.0), (351.0, 301.0), (373.0, 280.0), (395.0, 264.0), (410.0, 237.0), (399.0, 194.0), (357.0, 161.0), (310.0, 167.0), (271.0, 175.0), (237.0, 188.0), (221.0, 208.0), (219.0, 222.0), (219.0, 239.0), (234.0, 245.0), (249.0, 255.0), (260.0, 269.0), (286.0, 288.0), (303.0, 300.0), (314.0, 310.0), (321.0, 313.0)]}
[DEBUG] mask nonzero = 233
[DEBUG] found 3 raw contours
[DEBUG] kept 3 candidates after filtering
[DEBUG] roi_desc = {'type': 'polygon', 'polygon': [(329.0, 318.0), (351.0, 301.0), (373.0, 280.0), (395.0, 264.0), (410.0, 237.0), (399.0, 194.0), (357.0, 161.0), (310.0, 167.0), (271.0, 175.0), (237.0, 188.0), (221.0, 208.0), (219.0, 222.0), (219.0, 239.0), (234.0, 245.0), (249.0, 255.0), (260.0, 269.0), (286.0, 288.0), (303.0, 300.0), (314.0, 310.0), (321.0, 313.0)]}
[DEBUG] mask nonzero = 233
[DEBUG] found 3 raw contours
[DEBUG] kept 3 candidates after filtering
[DEBUG] roi_desc = {'type': 'polygon', 'polygon': [(329.0, 318.0), (351.0, 301.0), (373.0, 280.0), (395.0, 264.0), (410.0, 237.0), (399.0, 194.0), (357.0, 161.0), (310.0, 167.0), (271.0, 175.0), (237.0, 188.0), (221.0, 208.0), (219.0, 222.0), (219.0, 239.0), (234.0, 245.0), (249.0, 255.0), (260.0, 269.0), (286.0, 288.0), (303.0, 300.0), (314.0, 310.0), (321.0, 313.0)]}
[DEBUG] mask nonzero = 234
[DEBUG] found 3 raw contours
[DEBUG] kept 3 candidates after filtering
[DEBUG] roi_desc = {'type': 'polygon', 'polygon': [(329.0, 318.0), (351.0, 301.0), (373.0, 280.0), (395.0, 264.0), (410.0, 237.0), (399.0, 194.0), (357.0, 161.0), (310.0, 167.0), (271.0, 175.0), (237.0, 188.0), (221.0, 208.0), (219.0, 222.0), (219.0, 239.0), (234.0, 245.0), (249.0, 255.0), (260.0, 269.0), (286.0, 288.0), (303.0, 300.0), (314.0, 310.0), (321.0, 313.0)]}
[DEBUG] mask nonzero = 230
[DEBUG] found 3 raw contours
[DEBUG] kept 3 candidates after filtering
[DEBUG] roi_desc = {'type': 'polygon', 'polygon': [(329.0, 318.0), (351.0, 301.0), (373.0, 280.0), (395.0, 264.0), (410.0, 237.0), (399.0, 194.0), (357.0, 161.0), (310.0, 167.0), (271.0, 175.0), (237.0, 188.0), (221.0, 208.0), (219.0, 222.0), (219.0, 239.0), (234.0, 245.0), (249.0, 255.0), (260.0, 269.0), (286.0, 288.0), (303.0, 300.0), (314.0, 310.0), (321.0, 313.0)]}
[DEBUG] mask nonzero = 229
[DEBUG] found 3 raw contours
[DEBUG] kept 3 candidates after filtering
[DEBUG] roi_desc = {'type': 'polygon', 'polygon': [(329.0, 318.0), (351.0, 301.0), (373.0, 280.0), (395.0, 264.0), (410.0, 237.0), (399.0, 194.0), (357.0, 161.0), (310.0, 167.0), (271.0, 175.0), (237.0, 188.0), (221.0, 208.0), (219.0, 222.0), (219.0, 239.0), (234.0, 245.0), (249.0, 255.0), (260.0, 269.0), (286.0, 288.0), (303.0, 300.0), (314.0, 310.0), (321.0, 313.0)]}
[DEBUG] mask nonzero = 231
[DEBUG] found 3 raw contours
[DEBUG] kept 3 candidates after filtering
[DEBUG] roi_desc = {'type': 'polygon', 'polygon': [(329.0, 318.0), (351.0, 301.0), (373.0, 280.0), (395.0, 264.0), (410.0, 237.0), (399.0, 194.0), (357.0, 161.0), (310.0, 167.0), (271.0, 175.0), (237.0, 188.0), (221.0, 208.0), (219.0, 222.0), (219.0, 239.0), (234.0, 245.0), (249.0, 255.0), (260.0, 269.0), (286.0, 288.0), (303.0, 300.0), (314.0, 310.0), (321.0, 313.0)]}
[DEBUG] mask nonzero = 233
[DEBUG] found 3 raw contours
[DEBUG] kept 3 candidates after filtering
[DEBUG] roi_desc = {'type': 'polygon', 'polygon': [(329.0, 318.0), (351.0, 301.0), (373.0, 280.0), (395.0, 264.0), (410.0, 237.0), (399.0, 194.0), (357.0, 161.0), (310.0, 167.0), (271.0, 175.0), (237.0, 188.0), (221.0, 208.0), (219.0, 222.0), (219.0, 239.0), (234.0, 245.0), (249.0, 255.0), (260.0, 269.0), (286.0, 288.0), (303.0, 300.0), (314.0, 310.0), (321.0, 313.0)]}
[DEBUG] mask nonzero = 234
[DEBUG] found 3 raw contours
[DEBUG] kept 3 candidates after filtering
[DEBUG] roi_desc = {'type': 'polygon', 'polygon': [(329.0, 318.0), (351.0, 301.0), (373.0, 280.0), (395.0, 264.0), (410.0, 237.0), (399.0, 194.0), (357.0, 161.0), (310.0, 167.0), (271.0, 175.0), (237.0, 188.0), (221.0, 208.0), (219.0, 222.0), (219.0, 239.0), (234.0, 245.0), (249.0, 255.0), (260.0, 269.0), (286.0, 288.0), (303.0, 300.0), (314.0, 310.0), (321.0, 313.0)]}
[DEBUG] mask nonzero = 236
[DEBUG] found 3 raw contours
[DEBUG] kept 3 candidates after filtering
[DEBUG] roi_desc = {'type': 'polygon', 'polygon': [(329.0, 318.0), (351.0, 301.0), (373.0, 280.0), (395.0, 264.0), (410.0, 237.0), (399.0, 194.0), (357.0, 161.0), (310.0, 167.0), (271.0, 175.0), (237.0, 188.0), (221.0, 208.0), (219.0, 222.0), (219.0, 239.0), (234.0, 245.0), (249.0, 255.0), (260.0, 269.0), (286.0, 288.0), (303.0, 300.0), (314.0, 310.0), (321.0, 313.0)]}
[DEBUG] mask nonzero = 229
[DEBUG] found 3 raw contours
[DEBUG] kept 3 candidates after filtering
[DEBUG] roi_desc = {'type': 'polygon', 'polygon': [(329.0, 318.0), (351.0, 301.0), (373.0, 280.0), (395.0, 264.0), (410.0, 237.0), (399.0, 194.0), (357.0, 161.0), (310.0, 167.0), (271.0, 175.0), (237.0, 188.0), (221.0, 208.0), (219.0, 222.0), (219.0, 239.0), (234.0, 245.0), (249.0, 255.0), (260.0, 269.0), (286.0, 288.0), (303.0, 300.0), (314.0, 310.0), (321.0, 313.0)]}
[DEBUG] mask nonzero = 235
[DEBUG] found 3 raw contours
[DEBUG] kept 3 candidates after filtering
[DEBUG] roi_desc = {'type': 'polygon', 'polygon': [(329.0, 318.0), (351.0, 301.0), (373.0, 280.0), (395.0, 264.0), (410.0, 237.0), (399.0, 194.0), (357.0, 161.0), (310.0, 167.0), (271.0, 175.0), (237.0, 188.0), (221.0, 208.0), (219.0, 222.0), (219.0, 239.0), (234.0, 245.0), (249.0, 255.0), (260.0, 269.0), (286.0, 288.0), (303.0, 300.0), (314.0, 310.0), (321.0, 313.0)]}
[DEBUG] mask nonzero = 235
[DEBUG] found 3 raw contours
[DEBUG] kept 3 candidates after filtering
[DEBUG] roi_desc = {'type': 'polygon', 'polygon': [(329.0, 318.0), (351.0, 301.0), (373.0, 280.0), (395.0, 264.0), (410.0, 237.0), (399.0, 194.0), (357.0, 161.0), (310.0, 167.0), (271.0, 175.0), (237.0, 188.0), (221.0, 208.0), (219.0, 222.0), (219.0, 239.0), (234.0, 245.0), (249.0, 255.0), (260.0, 269.0), (286.0, 288.0), (303.0, 300.0), (314.0, 310.0), (321.0, 313.0)]}
[DEBUG] mask nonzero = 229
[DEBUG] found 3 raw contours
[DEBUG] kept 3 candidates after filtering
[DEBUG] roi_desc = {'type': 'polygon', 'polygon': [(329.0, 318.0), (351.0, 301.0), (373.0, 280.0), (395.0, 264.0), (410.0, 237.0), (399.0, 194.0), (357.0, 161.0), (310.0, 167.0), (271.0, 175.0), (237.0, 188.0), (221.0, 208.0), (219.0, 222.0), (219.0, 239.0), (234.0, 245.0), (249.0, 255.0), (260.0, 269.0), (286.0, 288.0), (303.0, 300.0), (314.0, 310.0), (321.0, 313.0)]}
[DEBUG] mask nonzero = 229
[DEBUG] found 3 raw contours
[DEBUG] kept 3 candidates after filtering
[DEBUG] roi_desc = {'type': 'polygon', 'polygon': [(329.0, 318.0), (351.0, 301.0), (373.0, 280.0), (395.0, 264.0), (410.0, 237.0), (399.0, 194.0), (357.0, 161.0), (310.0, 167.0), (271.0, 175.0), (237.0, 188.0), (221.0, 208.0), (219.0, 222.0), (219.0, 239.0), (234.0, 245.0), (249.0, 255.0), (260.0, 269.0), (286.0, 288.0), (303.0, 300.0), (314.0, 310.0), (321.0, 313.0)]}
[DEBUG] mask nonzero = 234
[DEBUG] found 3 raw contours
[DEBUG] kept 3 candidates after filtering
[DEBUG] roi_desc = {'type': 'polygon', 'polygon': [(329.0, 318.0), (351.0, 301.0), (373.0, 280.0), (395.0, 264.0), (410.0, 237.0), (399.0, 194.0), (357.0, 161.0), (310.0, 167.0), (271.0, 175.0), (237.0, 188.0), (221.0, 208.0), (219.0, 222.0), (219.0, 239.0), (234.0, 245.0), (249.0, 255.0), (260.0, 269.0), (286.0, 288.0), (303.0, 300.0), (314.0, 310.0), (321.0, 313.0)]}
[DEBUG] mask nonzero = 235
[DEBUG] found 3 raw contours
[DEBUG] kept 3 candidates after filtering
[DEBUG] roi_desc = {'type': 'polygon', 'polygon': [(329.0, 318.0), (351.0, 301.0), (373.0, 280.0), (395.0, 264.0), (410.0, 237.0), (399.0, 194.0), (357.0, 161.0), (310.0, 167.0), (271.0, 175.0), (237.0, 188.0), (221.0, 208.0), (219.0, 222.0), (219.0, 239.0), (234.0, 245.0), (249.0, 255.0), (260.0, 269.0), (286.0, 288.0), (303.0, 300.0), (314.0, 310.0), (321.0, 313.0)]}
[DEBUG] mask nonzero = 229
[DEBUG] found 3 raw contours
[DEBUG] kept 3 candidates after filtering
[DEBUG] roi_desc = {'type': 'polygon', 'polygon': [(329.0, 318.0), (351.0, 301.0), (373.0, 280.0), (395.0, 264.0), (410.0, 237.0), (399.0, 194.0), (357.0, 161.0), (310.0, 167.0), (271.0, 175.0), (237.0, 188.0), (221.0, 208.0), (219.0, 222.0), (219.0, 239.0), (234.0, 245.0), (249.0, 255.0), (260.0, 269.0), (286.0, 288.0), (303.0, 300.0), (314.0, 310.0), (321.0, 313.0)]}
[DEBUG] mask nonzero = 241
[DEBUG] found 3 raw contours
[DEBUG] kept 3 candidates after filtering
[DEBUG] roi_desc = {'type': 'polygon', 'polygon': [(329.0, 318.0), (351.0, 301.0), (373.0, 280.0), (395.0, 264.0), (410.0, 237.0), (399.0, 194.0), (357.0, 161.0), (310.0, 167.0), (271.0, 175.0), (237.0, 188.0), (221.0, 208.0), (219.0, 222.0), (219.0, 239.0), (234.0, 245.0), (249.0, 255.0), (260.0, 269.0), (286.0, 288.0), (303.0, 300.0), (314.0, 310.0), (321.0, 313.0)]}
[DEBUG] mask nonzero = 233
[DEBUG] found 3 raw contours
[DEBUG] kept 3 candidates after filtering
[DEBUG] roi_desc = {'type': 'polygon', 'polygon': [(329.0, 318.0), (351.0, 301.0), (373.0, 280.0), (395.0, 264.0), (410.0, 237.0), (399.0, 194.0), (357.0, 161.0), (310.0, 167.0), (271.0, 175.0), (237.0, 188.0), (221.0, 208.0), (219.0, 222.0), (219.0, 239.0), (234.0, 245.0), (249.0, 255.0), (260.0, 269.0), (286.0, 288.0), (303.0, 300.0), (314.0, 310.0), (321.0, 313.0)]}
[DEBUG] mask nonzero = 235
[DEBUG] found 3 raw contours
[DEBUG] kept 3 candidates after filtering
[DEBUG] roi_desc = {'type': 'polygon', 'polygon': [(329.0, 318.0), (351.0, 301.0), (373.0, 280.0), (395.0, 264.0), (410.0, 237.0), (399.0, 194.0), (357.0, 161.0), (310.0, 167.0), (271.0, 175.0), (237.0, 188.0), (221.0, 208.0), (219.0, 222.0), (219.0, 239.0), (234.0, 245.0), (249.0, 255.0), (260.0, 269.0), (286.0, 288.0), (303.0, 300.0), (314.0, 310.0), (321.0, 313.0)]}
[DEBUG] mask nonzero = 237
[DEBUG] found 3 raw contours
[DEBUG] kept 3 candidates after filtering
[DEBUG] roi_desc = {'type': 'polygon', 'polygon': [(329.0, 318.0), (351.0, 301.0), (373.0, 280.0), (395.0, 264.0), (410.0, 237.0), (399.0, 194.0), (357.0, 161.0), (310.0, 167.0), (271.0, 175.0), (237.0, 188.0), (221.0, 208.0), (219.0, 222.0), (219.0, 239.0), (234.0, 245.0), (249.0, 255.0), (260.0, 269.0), (286.0, 288.0), (303.0, 300.0), (314.0, 310.0), (321.0, 313.0)]}
[DEBUG] mask nonzero = 240
[DEBUG] found 3 raw contours
[DEBUG] kept 3 candidates after filtering
[DEBUG] roi_desc = {'type': 'polygon', 'polygon': [(329.0, 318.0), (351.0, 301.0), (373.0, 280.0), (395.0, 264.0), (410.0, 237.0), (399.0, 194.0), (357.0, 161.0), (310.0, 167.0), (271.0, 175.0), (237.0, 188.0), (221.0, 208.0), (219.0, 222.0), (219.0, 239.0), (234.0, 245.0), (249.0, 255.0), (260.0, 269.0), (286.0, 288.0), (303.0, 300.0), (314.0, 310.0), (321.0, 313.0)]}
[DEBUG] mask nonzero = 230
[DEBUG] found 3 raw contours
[DEBUG] kept 3 candidates after filtering
[DEBUG] roi_desc = {'type': 'polygon', 'polygon': [(329.0, 318.0), (351.0, 301.0), (373.0, 280.0), (395.0, 264.0), (410.0, 237.0), (399.0, 194.0), (357.0, 161.0), (310.0, 167.0), (271.0, 175.0), (237.0, 188.0), (221.0, 208.0), (219.0, 222.0), (219.0, 239.0), (234.0, 245.0), (249.0, 255.0), (260.0, 269.0), (286.0, 288.0), (303.0, 300.0), (314.0, 310.0), (321.0, 313.0)]}
[DEBUG] mask nonzero = 236
[DEBUG] found 3 raw contours
[DEBUG] kept 3 candidates after filtering
[DEBUG] roi_desc = {'type': 'polygon', 'polygon': [(329.0, 318.0), (351.0, 301.0), (373.0, 280.0), (395.0, 264.0), (410.0, 237.0), (399.0, 194.0), (357.0, 161.0), (310.0, 167.0), (271.0, 175.0), (237.0, 188.0), (221.0, 208.0), (219.0, 222.0), (219.0, 239.0), (234.0, 245.0), (249.0, 255.0), (260.0, 269.0), (286.0, 288.0), (303.0, 300.0), (314.0, 310.0), (321.0, 313.0)]}
[DEBUG] mask nonzero = 230
[DEBUG] found 3 raw contours
[DEBUG] kept 3 candidates after filtering
[DEBUG] roi_desc = {'type': 'polygon', 'polygon': [(329.0, 318.0), (351.0, 301.0), (373.0, 280.0), (395.0, 264.0), (410.0, 237.0), (399.0, 194.0), (357.0, 161.0), (310.0, 167.0), (271.0, 175.0), (237.0, 188.0), (221.0, 208.0), (219.0, 222.0), (219.0, 239.0), (234.0, 245.0), (249.0, 255.0), (260.0, 269.0), (286.0, 288.0), (303.0, 300.0), (314.0, 310.0), (321.0, 313.0)]}
[DEBUG] mask nonzero = 229
[DEBUG] found 3 raw contours
[DEBUG] kept 3 candidates after filtering
[DEBUG] roi_desc = {'type': 'polygon', 'polygon': [(329.0, 318.0), (351.0, 301.0), (373.0, 280.0), (395.0, 264.0), (410.0, 237.0), (399.0, 194.0), (357.0, 161.0), (310.0, 167.0), (271.0, 175.0), (237.0, 188.0), (221.0, 208.0), (219.0, 222.0), (219.0, 239.0), (234.0, 245.0), (249.0, 255.0), (260.0, 269.0), (286.0, 288.0), (303.0, 300.0), (314.0, 310.0), (321.0, 313.0)]}
[DEBUG] mask nonzero = 234
[DEBUG] found 3 raw contours
[DEBUG] kept 3 candidates after filtering
[beam] iter 1: 31.6 mm (target 30, err -1.6)
[DEBUG] roi_desc = {'type': 'polygon', 'polygon': [(329.0, 318.0), (351.0, 301.0), (373.0, 280.0), (395.0, 264.0), (410.0, 237.0), (399.0, 194.0), (357.0, 161.0), (310.0, 167.0), (271.0, 175.0), (237.0, 188.0), (221.0, 208.0), (219.0, 222.0), (219.0, 239.0), (234.0, 245.0), (249.0, 255.0), (260.0, 269.0), (286.0, 288.0), (303.0, 300.0), (314.0, 310.0), (321.0, 313.0)]}
[DEBUG] mask nonzero = 232
[DEBUG] found 3 raw contours
[DEBUG] kept 3 candidates after filtering
[DEBUG] roi_desc = {'type': 'polygon', 'polygon': [(329.0, 318.0), (351.0, 301.0), (373.0, 280.0), (395.0, 264.0), (410.0, 237.0), (399.0, 194.0), (357.0, 161.0), (310.0, 167.0), (271.0, 175.0), (237.0, 188.0), (221.0, 208.0), (219.0, 222.0), (219.0, 239.0), (234.0, 245.0), (249.0, 255.0), (260.0, 269.0), (286.0, 288.0), (303.0, 300.0), (314.0, 310.0), (321.0, 313.0)]}
[DEBUG] mask nonzero = 234
[DEBUG] found 3 raw contours
[DEBUG] kept 3 candidates after filtering
[DEBUG] roi_desc = {'type': 'polygon', 'polygon': [(329.0, 318.0), (351.0, 301.0), (373.0, 280.0), (395.0, 264.0), (410.0, 237.0), (399.0, 194.0), (357.0, 161.0), (310.0, 167.0), (271.0, 175.0), (237.0, 188.0), (221.0, 208.0), (219.0, 222.0), (219.0, 239.0), (234.0, 245.0), (249.0, 255.0), (260.0, 269.0), (286.0, 288.0), (303.0, 300.0), (314.0, 310.0), (321.0, 313.0)]}
[DEBUG] mask nonzero = 228
[DEBUG] found 3 raw contours
[DEBUG] kept 3 candidates after filtering
[DEBUG] roi_desc = {'type': 'polygon', 'polygon': [(329.0, 318.0), (351.0, 301.0), (373.0, 280.0), (395.0, 264.0), (410.0, 237.0), (399.0, 194.0), (357.0, 161.0), (310.0, 167.0), (271.0, 175.0), (237.0, 188.0), (221.0, 208.0), (219.0, 222.0), (219.0, 239.0), (234.0, 245.0), (249.0, 255.0), (260.0, 269.0), (286.0, 288.0), (303.0, 300.0), (314.0, 310.0), (321.0, 313.0)]}
[DEBUG] mask nonzero = 241
[DEBUG] found 3 raw contours
[DEBUG] kept 3 candidates after filtering
[DEBUG] roi_desc = {'type': 'polygon', 'polygon': [(329.0, 318.0), (351.0, 301.0), (373.0, 280.0), (395.0, 264.0), (410.0, 237.0), (399.0, 194.0), (357.0, 161.0), (310.0, 167.0), (271.0, 175.0), (237.0, 188.0), (221.0, 208.0), (219.0, 222.0), (219.0, 239.0), (234.0, 245.0), (249.0, 255.0), (260.0, 269.0), (286.0, 288.0), (303.0, 300.0), (314.0, 310.0), (321.0, 313.0)]}
[DEBUG] mask nonzero = 245
[DEBUG] found 3 raw contours
[DEBUG] kept 3 candidates after filtering
[DEBUG] roi_desc = {'type': 'polygon', 'polygon': [(329.0, 318.0), (351.0, 301.0), (373.0, 280.0), (395.0, 264.0), (410.0, 237.0), (399.0, 194.0), (357.0, 161.0), (310.0, 167.0), (271.0, 175.0), (237.0, 188.0), (221.0, 208.0), (219.0, 222.0), (219.0, 239.0), (234.0, 245.0), (249.0, 255.0), (260.0, 269.0), (286.0, 288.0), (303.0, 300.0), (314.0, 310.0), (321.0, 313.0)]}
[DEBUG] mask nonzero = 241
[DEBUG] found 3 raw contours
[DEBUG] kept 3 candidates after filtering
[DEBUG] roi_desc = {'type': 'polygon', 'polygon': [(329.0, 318.0), (351.0, 301.0), (373.0, 280.0), (395.0, 264.0), (410.0, 237.0), (399.0, 194.0), (357.0, 161.0), (310.0, 167.0), (271.0, 175.0), (237.0, 188.0), (221.0, 208.0), (219.0, 222.0), (219.0, 239.0), (234.0, 245.0), (249.0, 255.0), (260.0, 269.0), (286.0, 288.0), (303.0, 300.0), (314.0, 310.0), (321.0, 313.0)]}
[DEBUG] mask nonzero = 234
[DEBUG] found 3 raw contours
[DEBUG] kept 3 candidates after filtering
[DEBUG] roi_desc = {'type': 'polygon', 'polygon': [(329.0, 318.0), (351.0, 301.0), (373.0, 280.0), (395.0, 264.0), (410.0, 237.0), (399.0, 194.0), (357.0, 161.0), (310.0, 167.0), (271.0, 175.0), (237.0, 188.0), (221.0, 208.0), (219.0, 222.0), (219.0, 239.0), (234.0, 245.0), (249.0, 255.0), (260.0, 269.0), (286.0, 288.0), (303.0, 300.0), (314.0, 310.0), (321.0, 313.0)]}
[DEBUG] mask nonzero = 243
[DEBUG] found 3 raw contours
[DEBUG] kept 3 candidates after filtering
[DEBUG] roi_desc = {'type': 'polygon', 'polygon': [(329.0, 318.0), (351.0, 301.0), (373.0, 280.0), (395.0, 264.0), (410.0, 237.0), (399.0, 194.0), (357.0, 161.0), (310.0, 167.0), (271.0, 175.0), (237.0, 188.0), (221.0, 208.0), (219.0, 222.0), (219.0, 239.0), (234.0, 245.0), (249.0, 255.0), (260.0, 269.0), (286.0, 288.0), (303.0, 300.0), (314.0, 310.0), (321.0, 313.0)]}
[DEBUG] mask nonzero = 224
[DEBUG] found 3 raw contours
[DEBUG] kept 3 candidates after filtering
[DEBUG] roi_desc = {'type': 'polygon', 'polygon': [(329.0, 318.0), (351.0, 301.0), (373.0, 280.0), (395.0, 264.0), (410.0, 237.0), (399.0, 194.0), (357.0, 161.0), (310.0, 167.0), (271.0, 175.0), (237.0, 188.0), (221.0, 208.0), (219.0, 222.0), (219.0, 239.0), (234.0, 245.0), (249.0, 255.0), (260.0, 269.0), (286.0, 288.0), (303.0, 300.0), (314.0, 310.0), (321.0, 313.0)]}
[DEBUG] mask nonzero = 230
[DEBUG] found 3 raw contours
[DEBUG] kept 3 candidates after filtering
[DEBUG] roi_desc = {'type': 'polygon', 'polygon': [(329.0, 318.0), (351.0, 301.0), (373.0, 280.0), (395.0, 264.0), (410.0, 237.0), (399.0, 194.0), (357.0, 161.0), (310.0, 167.0), (271.0, 175.0), (237.0, 188.0), (221.0, 208.0), (219.0, 222.0), (219.0, 239.0), (234.0, 245.0), (249.0, 255.0), (260.0, 269.0), (286.0, 288.0), (303.0, 300.0), (314.0, 310.0), (321.0, 313.0)]}
[DEBUG] mask nonzero = 238
[DEBUG] found 3 raw contours
[DEBUG] kept 3 candidates after filtering
[DEBUG] roi_desc = {'type': 'polygon', 'polygon': [(329.0, 318.0), (351.0, 301.0), (373.0, 280.0), (395.0, 264.0), (410.0, 237.0), (399.0, 194.0), (357.0, 161.0), (310.0, 167.0), (271.0, 175.0), (237.0, 188.0), (221.0, 208.0), (219.0, 222.0), (219.0, 239.0), (234.0, 245.0), (249.0, 255.0), (260.0, 269.0), (286.0, 288.0), (303.0, 300.0), (314.0, 310.0), (321.0, 313.0)]}
[DEBUG] mask nonzero = 228
[DEBUG] found 3 raw contours
[DEBUG] kept 3 candidates after filtering
[DEBUG] roi_desc = {'type': 'polygon', 'polygon': [(329.0, 318.0), (351.0, 301.0), (373.0, 280.0), (395.0, 264.0), (410.0, 237.0), (399.0, 194.0), (357.0, 161.0), (310.0, 167.0), (271.0, 175.0), (237.0, 188.0), (221.0, 208.0), (219.0, 222.0), (219.0, 239.0), (234.0, 245.0), (249.0, 255.0), (260.0, 269.0), (286.0, 288.0), (303.0, 300.0), (314.0, 310.0), (321.0, 313.0)]}
[DEBUG] mask nonzero = 232
[DEBUG] found 3 raw contours
[DEBUG] kept 3 candidates after filtering
[DEBUG] roi_desc = {'type': 'polygon', 'polygon': [(329.0, 318.0), (351.0, 301.0), (373.0, 280.0), (395.0, 264.0), (410.0, 237.0), (399.0, 194.0), (357.0, 161.0), (310.0, 167.0), (271.0, 175.0), (237.0, 188.0), (221.0, 208.0), (219.0, 222.0), (219.0, 239.0), (234.0, 245.0), (249.0, 255.0), (260.0, 269.0), (286.0, 288.0), (303.0, 300.0), (314.0, 310.0), (321.0, 313.0)]}
[DEBUG] mask nonzero = 243
[DEBUG] found 3 raw contours
[DEBUG] kept 3 candidates after filtering
[DEBUG] roi_desc = {'type': 'polygon', 'polygon': [(329.0, 318.0), (351.0, 301.0), (373.0, 280.0), (395.0, 264.0), (410.0, 237.0), (399.0, 194.0), (357.0, 161.0), (310.0, 167.0), (271.0, 175.0), (237.0, 188.0), (221.0, 208.0), (219.0, 222.0), (219.0, 239.0), (234.0, 245.0), (249.0, 255.0), (260.0, 269.0), (286.0, 288.0), (303.0, 300.0), (314.0, 310.0), (321.0, 313.0)]}
[DEBUG] mask nonzero = 232
[DEBUG] found 3 raw contours
[DEBUG] kept 3 candidates after filtering
[DEBUG] roi_desc = {'type': 'polygon', 'polygon': [(329.0, 318.0), (351.0, 301.0), (373.0, 280.0), (395.0, 264.0), (410.0, 237.0), (399.0, 194.0), (357.0, 161.0), (310.0, 167.0), (271.0, 175.0), (237.0, 188.0), (221.0, 208.0), (219.0, 222.0), (219.0, 239.0), (234.0, 245.0), (249.0, 255.0), (260.0, 269.0), (286.0, 288.0), (303.0, 300.0), (314.0, 310.0), (321.0, 313.0)]}
[DEBUG] mask nonzero = 230
[DEBUG] found 3 raw contours
[DEBUG] kept 3 candidates after filtering
[DEBUG] roi_desc = {'type': 'polygon', 'polygon': [(329.0, 318.0), (351.0, 301.0), (373.0, 280.0), (395.0, 264.0), (410.0, 237.0), (399.0, 194.0), (357.0, 161.0), (310.0, 167.0), (271.0, 175.0), (237.0, 188.0), (221.0, 208.0), (219.0, 222.0), (219.0, 239.0), (234.0, 245.0), (249.0, 255.0), (260.0, 269.0), (286.0, 288.0), (303.0, 300.0), (314.0, 310.0), (321.0, 313.0)]}
[DEBUG] mask nonzero = 243
[DEBUG] found 3 raw contours
[DEBUG] kept 3 candidates after filtering
[DEBUG] roi_desc = {'type': 'polygon', 'polygon': [(329.0, 318.0), (351.0, 301.0), (373.0, 280.0), (395.0, 264.0), (410.0, 237.0), (399.0, 194.0), (357.0, 161.0), (310.0, 167.0), (271.0, 175.0), (237.0, 188.0), (221.0, 208.0), (219.0, 222.0), (219.0, 239.0), (234.0, 245.0), (249.0, 255.0), (260.0, 269.0), (286.0, 288.0), (303.0, 300.0), (314.0, 310.0), (321.0, 313.0)]}
[DEBUG] mask nonzero = 235
[DEBUG] found 3 raw contours
[DEBUG] kept 3 candidates after filtering
[DEBUG] roi_desc = {'type': 'polygon', 'polygon': [(329.0, 318.0), (351.0, 301.0), (373.0, 280.0), (395.0, 264.0), (410.0, 237.0), (399.0, 194.0), (357.0, 161.0), (310.0, 167.0), (271.0, 175.0), (237.0, 188.0), (221.0, 208.0), (219.0, 222.0), (219.0, 239.0), (234.0, 245.0), (249.0, 255.0), (260.0, 269.0), (286.0, 288.0), (303.0, 300.0), (314.0, 310.0), (321.0, 313.0)]}
[DEBUG] mask nonzero = 241
[DEBUG] found 3 raw contours
[DEBUG] kept 3 candidates after filtering
[DEBUG] roi_desc = {'type': 'polygon', 'polygon': [(329.0, 318.0), (351.0, 301.0), (373.0, 280.0), (395.0, 264.0), (410.0, 237.0), (399.0, 194.0), (357.0, 161.0), (310.0, 167.0), (271.0, 175.0), (237.0, 188.0), (221.0, 208.0), (219.0, 222.0), (219.0, 239.0), (234.0, 245.0), (249.0, 255.0), (260.0, 269.0), (286.0, 288.0), (303.0, 300.0), (314.0, 310.0), (321.0, 313.0)]}
[DEBUG] mask nonzero = 233
[DEBUG] found 3 raw contours
[DEBUG] kept 3 candidates after filtering
[DEBUG] roi_desc = {'type': 'polygon', 'polygon': [(329.0, 318.0), (351.0, 301.0), (373.0, 280.0), (395.0, 264.0), (410.0, 237.0), (399.0, 194.0), (357.0, 161.0), (310.0, 167.0), (271.0, 175.0), (237.0, 188.0), (221.0, 208.0), (219.0, 222.0), (219.0, 239.0), (234.0, 245.0), (249.0, 255.0), (260.0, 269.0), (286.0, 288.0), (303.0, 300.0), (314.0, 310.0), (321.0, 313.0)]}
[DEBUG] mask nonzero = 237
[DEBUG] found 3 raw contours
[DEBUG] kept 3 candidates after filtering
[DEBUG] roi_desc = {'type': 'polygon', 'polygon': [(329.0, 318.0), (351.0, 301.0), (373.0, 280.0), (395.0, 264.0), (410.0, 237.0), (399.0, 194.0), (357.0, 161.0), (310.0, 167.0), (271.0, 175.0), (237.0, 188.0), (221.0, 208.0), (219.0, 222.0), (219.0, 239.0), (234.0, 245.0), (249.0, 255.0), (260.0, 269.0), (286.0, 288.0), (303.0, 300.0), (314.0, 310.0), (321.0, 313.0)]}
[DEBUG] mask nonzero = 233
[DEBUG] found 3 raw contours
[DEBUG] kept 3 candidates after filtering
[DEBUG] roi_desc = {'type': 'polygon', 'polygon': [(329.0, 318.0), (351.0, 301.0), (373.0, 280.0), (395.0, 264.0), (410.0, 237.0), (399.0, 194.0), (357.0, 161.0), (310.0, 167.0), (271.0, 175.0), (237.0, 188.0), (221.0, 208.0), (219.0, 222.0), (219.0, 239.0), (234.0, 245.0), (249.0, 255.0), (260.0, 269.0), (286.0, 288.0), (303.0, 300.0), (314.0, 310.0), (321.0, 313.0)]}
[DEBUG] mask nonzero = 238
[DEBUG] found 3 raw contours
[DEBUG] kept 3 candidates after filtering
[DEBUG] roi_desc = {'type': 'polygon', 'polygon': [(329.0, 318.0), (351.0, 301.0), (373.0, 280.0), (395.0, 264.0), (410.0, 237.0), (399.0, 194.0), (357.0, 161.0), (310.0, 167.0), (271.0, 175.0), (237.0, 188.0), (221.0, 208.0), (219.0, 222.0), (219.0, 239.0), (234.0, 245.0), (249.0, 255.0), (260.0, 269.0), (286.0, 288.0), (303.0, 300.0), (314.0, 310.0), (321.0, 313.0)]}
[DEBUG] mask nonzero = 234
[DEBUG] found 3 raw contours
[DEBUG] kept 3 candidates after filtering
[DEBUG] roi_desc = {'type': 'polygon', 'polygon': [(329.0, 318.0), (351.0, 301.0), (373.0, 280.0), (395.0, 264.0), (410.0, 237.0), (399.0, 194.0), (357.0, 161.0), (310.0, 167.0), (271.0, 175.0), (237.0, 188.0), (221.0, 208.0), (219.0, 222.0), (219.0, 239.0), (234.0, 245.0), (249.0, 255.0), (260.0, 269.0), (286.0, 288.0), (303.0, 300.0), (314.0, 310.0), (321.0, 313.0)]}
[DEBUG] mask nonzero = 236
[DEBUG] found 3 raw contours
[DEBUG] kept 3 candidates after filtering
[DEBUG] roi_desc = {'type': 'polygon', 'polygon': [(329.0, 318.0), (351.0, 301.0), (373.0, 280.0), (395.0, 264.0), (410.0, 237.0), (399.0, 194.0), (357.0, 161.0), (310.0, 167.0), (271.0, 175.0), (237.0, 188.0), (221.0, 208.0), (219.0, 222.0), (219.0, 239.0), (234.0, 245.0), (249.0, 255.0), (260.0, 269.0), (286.0, 288.0), (303.0, 300.0), (314.0, 310.0), (321.0, 313.0)]}
[DEBUG] mask nonzero = 238
[DEBUG] found 3 raw contours
[DEBUG] kept 3 candidates after filtering
[DEBUG] roi_desc = {'type': 'polygon', 'polygon': [(329.0, 318.0), (351.0, 301.0), (373.0, 280.0), (395.0, 264.0), (410.0, 237.0), (399.0, 194.0), (357.0, 161.0), (310.0, 167.0), (271.0, 175.0), (237.0, 188.0), (221.0, 208.0), (219.0, 222.0), (219.0, 239.0), (234.0, 245.0), (249.0, 255.0), (260.0, 269.0), (286.0, 288.0), (303.0, 300.0), (314.0, 310.0), (321.0, 313.0)]}
[DEBUG] mask nonzero = 244
[DEBUG] found 3 raw contours
[DEBUG] kept 3 candidates after filtering
[DEBUG] roi_desc = {'type': 'polygon', 'polygon': [(329.0, 318.0), (351.0, 301.0), (373.0, 280.0), (395.0, 264.0), (410.0, 237.0), (399.0, 194.0), (357.0, 161.0), (310.0, 167.0), (271.0, 175.0), (237.0, 188.0), (221.0, 208.0), (219.0, 222.0), (219.0, 239.0), (234.0, 245.0), (249.0, 255.0), (260.0, 269.0), (286.0, 288.0), (303.0, 300.0), (314.0, 310.0), (321.0, 313.0)]}
[DEBUG] mask nonzero = 234
[DEBUG] found 3 raw contours
[DEBUG] kept 3 candidates after filtering
[DEBUG] roi_desc = {'type': 'polygon', 'polygon': [(329.0, 318.0), (351.0, 301.0), (373.0, 280.0), (395.0, 264.0), (410.0, 237.0), (399.0, 194.0), (357.0, 161.0), (310.0, 167.0), (271.0, 175.0), (237.0, 188.0), (221.0, 208.0), (219.0, 222.0), (219.0, 239.0), (234.0, 245.0), (249.0, 255.0), (260.0, 269.0), (286.0, 288.0), (303.0, 300.0), (314.0, 310.0), (321.0, 313.0)]}
[DEBUG] mask nonzero = 239
[DEBUG] found 3 raw contours
[DEBUG] kept 3 candidates after filtering
[DEBUG] roi_desc = {'type': 'polygon', 'polygon': [(329.0, 318.0), (351.0, 301.0), (373.0, 280.0), (395.0, 264.0), (410.0, 237.0), (399.0, 194.0), (357.0, 161.0), (310.0, 167.0), (271.0, 175.0), (237.0, 188.0), (221.0, 208.0), (219.0, 222.0), (219.0, 239.0), (234.0, 245.0), (249.0, 255.0), (260.0, 269.0), (286.0, 288.0), (303.0, 300.0), (314.0, 310.0), (321.0, 313.0)]}
[DEBUG] mask nonzero = 238
[DEBUG] found 3 raw contours
[DEBUG] kept 3 candidates after filtering
[DEBUG] roi_desc = {'type': 'polygon', 'polygon': [(329.0, 318.0), (351.0, 301.0), (373.0, 280.0), (395.0, 264.0), (410.0, 237.0), (399.0, 194.0), (357.0, 161.0), (310.0, 167.0), (271.0, 175.0), (237.0, 188.0), (221.0, 208.0), (219.0, 222.0), (219.0, 239.0), (234.0, 245.0), (249.0, 255.0), (260.0, 269.0), (286.0, 288.0), (303.0, 300.0), (314.0, 310.0), (321.0, 313.0)]}
[DEBUG] mask nonzero = 243
[DEBUG] found 3 raw contours
[DEBUG] kept 3 candidates after filtering
[DEBUG] roi_desc = {'type': 'polygon', 'polygon': [(329.0, 318.0), (351.0, 301.0), (373.0, 280.0), (395.0, 264.0), (410.0, 237.0), (399.0, 194.0), (357.0, 161.0), (310.0, 167.0), (271.0, 175.0), (237.0, 188.0), (221.0, 208.0), (219.0, 222.0), (219.0, 239.0), (234.0, 245.0), (249.0, 255.0), (260.0, 269.0), (286.0, 288.0), (303.0, 300.0), (314.0, 310.0), (321.0, 313.0)]}
[DEBUG] mask nonzero = 238
[DEBUG] found 3 raw contours
[DEBUG] kept 3 candidates after filtering
[DEBUG] roi_desc = {'type': 'polygon', 'polygon': [(329.0, 318.0), (351.0, 301.0), (373.0, 280.0), (395.0, 264.0), (410.0, 237.0), (399.0, 194.0), (357.0, 161.0), (310.0, 167.0), (271.0, 175.0), (237.0, 188.0), (221.0, 208.0), (219.0, 222.0), (219.0, 239.0), (234.0, 245.0), (249.0, 255.0), (260.0, 269.0), (286.0, 288.0), (303.0, 300.0), (314.0, 310.0), (321.0, 313.0)]}
[DEBUG] mask nonzero = 246
[DEBUG] found 3 raw contours
[DEBUG] kept 3 candidates after filtering
[DEBUG] roi_desc = {'type': 'polygon', 'polygon': [(329.0, 318.0), (351.0, 301.0), (373.0, 280.0), (395.0, 264.0), (410.0, 237.0), (399.0, 194.0), (357.0, 161.0), (310.0, 167.0), (271.0, 175.0), (237.0, 188.0), (221.0, 208.0), (219.0, 222.0), (219.0, 239.0), (234.0, 245.0), (249.0, 255.0), (260.0, 269.0), (286.0, 288.0), (303.0, 300.0), (314.0, 310.0), (321.0, 313.0)]}
[DEBUG] mask nonzero = 239
[DEBUG] found 3 raw contours
[DEBUG] kept 3 candidates after filtering
[DEBUG] roi_desc = {'type': 'polygon', 'polygon': [(329.0, 318.0), (351.0, 301.0), (373.0, 280.0), (395.0, 264.0), (410.0, 237.0), (399.0, 194.0), (357.0, 161.0), (310.0, 167.0), (271.0, 175.0), (237.0, 188.0), (221.0, 208.0), (219.0, 222.0), (219.0, 239.0), (234.0, 245.0), (249.0, 255.0), (260.0, 269.0), (286.0, 288.0), (303.0, 300.0), (314.0, 310.0), (321.0, 313.0)]}
[DEBUG] mask nonzero = 238
[DEBUG] found 3 raw contours
[DEBUG] kept 3 candidates after filtering
[DEBUG] roi_desc = {'type': 'polygon', 'polygon': [(329.0, 318.0), (351.0, 301.0), (373.0, 280.0), (395.0, 264.0), (410.0, 237.0), (399.0, 194.0), (357.0, 161.0), (310.0, 167.0), (271.0, 175.0), (237.0, 188.0), (221.0, 208.0), (219.0, 222.0), (219.0, 239.0), (234.0, 245.0), (249.0, 255.0), (260.0, 269.0), (286.0, 288.0), (303.0, 300.0), (314.0, 310.0), (321.0, 313.0)]}
[DEBUG] mask nonzero = 237
[DEBUG] found 3 raw contours
[DEBUG] kept 3 candidates after filtering
[DEBUG] roi_desc = {'type': 'polygon', 'polygon': [(329.0, 318.0), (351.0, 301.0), (373.0, 280.0), (395.0, 264.0), (410.0, 237.0), (399.0, 194.0), (357.0, 161.0), (310.0, 167.0), (271.0, 175.0), (237.0, 188.0), (221.0, 208.0), (219.0, 222.0), (219.0, 239.0), (234.0, 245.0), (249.0, 255.0), (260.0, 269.0), (286.0, 288.0), (303.0, 300.0), (314.0, 310.0), (321.0, 313.0)]}
[DEBUG] mask nonzero = 237
[DEBUG] found 3 raw contours
[DEBUG] kept 3 candidates after filtering
[DEBUG] roi_desc = {'type': 'polygon', 'polygon': [(329.0, 318.0), (351.0, 301.0), (373.0, 280.0), (395.0, 264.0), (410.0, 237.0), (399.0, 194.0), (357.0, 161.0), (310.0, 167.0), (271.0, 175.0), (237.0, 188.0), (221.0, 208.0), (219.0, 222.0), (219.0, 239.0), (234.0, 245.0), (249.0, 255.0), (260.0, 269.0), (286.0, 288.0), (303.0, 300.0), (314.0, 310.0), (321.0, 313.0)]}
[DEBUG] mask nonzero = 236
[DEBUG] found 3 raw contours
[DEBUG] kept 3 candidates after filtering
[DEBUG] roi_desc = {'type': 'polygon', 'polygon': [(329.0, 318.0), (351.0, 301.0), (373.0, 280.0), (395.0, 264.0), (410.0, 237.0), (399.0, 194.0), (357.0, 161.0), (310.0, 167.0), (271.0, 175.0), (237.0, 188.0), (221.0, 208.0), (219.0, 222.0), (219.0, 239.0), (234.0, 245.0), (249.0, 255.0), (260.0, 269.0), (286.0, 288.0), (303.0, 300.0), (314.0, 310.0), (321.0, 313.0)]}
[DEBUG] mask nonzero = 234
[DEBUG] found 3 raw contours
[DEBUG] kept 3 candidates after filtering
[DEBUG] roi_desc = {'type': 'polygon', 'polygon': [(329.0, 318.0), (351.0, 301.0), (373.0, 280.0), (395.0, 264.0), (410.0, 237.0), (399.0, 194.0), (357.0, 161.0), (310.0, 167.0), (271.0, 175.0), (237.0, 188.0), (221.0, 208.0), (219.0, 222.0), (219.0, 239.0), (234.0, 245.0), (249.0, 255.0), (260.0, 269.0), (286.0, 288.0), (303.0, 300.0), (314.0, 310.0), (321.0, 313.0)]}
[DEBUG] mask nonzero = 236
[DEBUG] found 3 raw contours
[DEBUG] kept 3 candidates after filtering
[DEBUG] roi_desc = {'type': 'polygon', 'polygon': [(329.0, 318.0), (351.0, 301.0), (373.0, 280.0), (395.0, 264.0), (410.0, 237.0), (399.0, 194.0), (357.0, 161.0), (310.0, 167.0), (271.0, 175.0), (237.0, 188.0), (221.0, 208.0), (219.0, 222.0), (219.0, 239.0), (234.0, 245.0), (249.0, 255.0), (260.0, 269.0), (286.0, 288.0), (303.0, 300.0), (314.0, 310.0), (321.0, 313.0)]}
[DEBUG] mask nonzero = 239
[DEBUG] found 3 raw contours
[DEBUG] kept 3 candidates after filtering
[DEBUG] roi_desc = {'type': 'polygon', 'polygon': [(329.0, 318.0), (351.0, 301.0), (373.0, 280.0), (395.0, 264.0), (410.0, 237.0), (399.0, 194.0), (357.0, 161.0), (310.0, 167.0), (271.0, 175.0), (237.0, 188.0), (221.0, 208.0), (219.0, 222.0), (219.0, 239.0), (234.0, 245.0), (249.0, 255.0), (260.0, 269.0), (286.0, 288.0), (303.0, 300.0), (314.0, 310.0), (321.0, 313.0)]}
[DEBUG] mask nonzero = 232
[DEBUG] found 3 raw contours
[DEBUG] kept 3 candidates after filtering
[DEBUG] roi_desc = {'type': 'polygon', 'polygon': [(329.0, 318.0), (351.0, 301.0), (373.0, 280.0), (395.0, 264.0), (410.0, 237.0), (399.0, 194.0), (357.0, 161.0), (310.0, 167.0), (271.0, 175.0), (237.0, 188.0), (221.0, 208.0), (219.0, 222.0), (219.0, 239.0), (234.0, 245.0), (249.0, 255.0), (260.0, 269.0), (286.0, 288.0), (303.0, 300.0), (314.0, 310.0), (321.0, 313.0)]}
[DEBUG] mask nonzero = 237
[DEBUG] found 3 raw contours
[DEBUG] kept 3 candidates after filtering
[DEBUG] roi_desc = {'type': 'polygon', 'polygon': [(329.0, 318.0), (351.0, 301.0), (373.0, 280.0), (395.0, 264.0), (410.0, 237.0), (399.0, 194.0), (357.0, 161.0), (310.0, 167.0), (271.0, 175.0), (237.0, 188.0), (221.0, 208.0), (219.0, 222.0), (219.0, 239.0), (234.0, 245.0), (249.0, 255.0), (260.0, 269.0), (286.0, 288.0), (303.0, 300.0), (314.0, 310.0), (321.0, 313.0)]}
[DEBUG] mask nonzero = 241
[DEBUG] found 3 raw contours
[DEBUG] kept 3 candidates after filtering
[DEBUG] roi_desc = {'type': 'polygon', 'polygon': [(329.0, 318.0), (351.0, 301.0), (373.0, 280.0), (395.0, 264.0), (410.0, 237.0), (399.0, 194.0), (357.0, 161.0), (310.0, 167.0), (271.0, 175.0), (237.0, 188.0), (221.0, 208.0), (219.0, 222.0), (219.0, 239.0), (234.0, 245.0), (249.0, 255.0), (260.0, 269.0), (286.0, 288.0), (303.0, 300.0), (314.0, 310.0), (321.0, 313.0)]}
[DEBUG] mask nonzero = 240
[DEBUG] found 3 raw contours
[DEBUG] kept 3 candidates after filtering
[DEBUG] roi_desc = {'type': 'polygon', 'polygon': [(329.0, 318.0), (351.0, 301.0), (373.0, 280.0), (395.0, 264.0), (410.0, 237.0), (399.0, 194.0), (357.0, 161.0), (310.0, 167.0), (271.0, 175.0), (237.0, 188.0), (221.0, 208.0), (219.0, 222.0), (219.0, 239.0), (234.0, 245.0), (249.0, 255.0), (260.0, 269.0), (286.0, 288.0), (303.0, 300.0), (314.0, 310.0), (321.0, 313.0)]}
[DEBUG] mask nonzero = 242
[DEBUG] found 3 raw contours
[DEBUG] kept 3 candidates after filtering
[DEBUG] roi_desc = {'type': 'polygon', 'polygon': [(329.0, 318.0), (351.0, 301.0), (373.0, 280.0), (395.0, 264.0), (410.0, 237.0), (399.0, 194.0), (357.0, 161.0), (310.0, 167.0), (271.0, 175.0), (237.0, 188.0), (221.0, 208.0), (219.0, 222.0), (219.0, 239.0), (234.0, 245.0), (249.0, 255.0), (260.0, 269.0), (286.0, 288.0), (303.0, 300.0), (314.0, 310.0), (321.0, 313.0)]}
[DEBUG] mask nonzero = 244
[DEBUG] found 3 raw contours
[DEBUG] kept 3 candidates after filtering
[DEBUG] roi_desc = {'type': 'polygon', 'polygon': [(329.0, 318.0), (351.0, 301.0), (373.0, 280.0), (395.0, 264.0), (410.0, 237.0), (399.0, 194.0), (357.0, 161.0), (310.0, 167.0), (271.0, 175.0), (237.0, 188.0), (221.0, 208.0), (219.0, 222.0), (219.0, 239.0), (234.0, 245.0), (249.0, 255.0), (260.0, 269.0), (286.0, 288.0), (303.0, 300.0), (314.0, 310.0), (321.0, 313.0)]}
[DEBUG] mask nonzero = 236
[DEBUG] found 3 raw contours
[DEBUG] kept 3 candidates after filtering
[DEBUG] roi_desc = {'type': 'polygon', 'polygon': [(329.0, 318.0), (351.0, 301.0), (373.0, 280.0), (395.0, 264.0), (410.0, 237.0), (399.0, 194.0), (357.0, 161.0), (310.0, 167.0), (271.0, 175.0), (237.0, 188.0), (221.0, 208.0), (219.0, 222.0), (219.0, 239.0), (234.0, 245.0), (249.0, 255.0), (260.0, 269.0), (286.0, 288.0), (303.0, 300.0), (314.0, 310.0), (321.0, 313.0)]}
[DEBUG] mask nonzero = 245
[DEBUG] found 3 raw contours
[DEBUG] kept 3 candidates after filtering
[DEBUG] roi_desc = {'type': 'polygon', 'polygon': [(329.0, 318.0), (351.0, 301.0), (373.0, 280.0), (395.0, 264.0), (410.0, 237.0), (399.0, 194.0), (357.0, 161.0), (310.0, 167.0), (271.0, 175.0), (237.0, 188.0), (221.0, 208.0), (219.0, 222.0), (219.0, 239.0), (234.0, 245.0), (249.0, 255.0), (260.0, 269.0), (286.0, 288.0), (303.0, 300.0), (314.0, 310.0), (321.0, 313.0)]}
[DEBUG] mask nonzero = 234
[DEBUG] found 3 raw contours
[DEBUG] kept 3 candidates after filtering
[DEBUG] roi_desc = {'type': 'polygon', 'polygon': [(329.0, 318.0), (351.0, 301.0), (373.0, 280.0), (395.0, 264.0), (410.0, 237.0), (399.0, 194.0), (357.0, 161.0), (310.0, 167.0), (271.0, 175.0), (237.0, 188.0), (221.0, 208.0), (219.0, 222.0), (219.0, 239.0), (234.0, 245.0), (249.0, 255.0), (260.0, 269.0), (286.0, 288.0), (303.0, 300.0), (314.0, 310.0), (321.0, 313.0)]}
[DEBUG] mask nonzero = 231
[DEBUG] found 3 raw contours
[DEBUG] kept 3 candidates after filtering
[DEBUG] roi_desc = {'type': 'polygon', 'polygon': [(329.0, 318.0), (351.0, 301.0), (373.0, 280.0), (395.0, 264.0), (410.0, 237.0), (399.0, 194.0), (357.0, 161.0), (310.0, 167.0), (271.0, 175.0), (237.0, 188.0), (221.0, 208.0), (219.0, 222.0), (219.0, 239.0), (234.0, 245.0), (249.0, 255.0), (260.0, 269.0), (286.0, 288.0), (303.0, 300.0), (314.0, 310.0), (321.0, 313.0)]}
[DEBUG] mask nonzero = 241
[DEBUG] found 3 raw contours
[DEBUG] kept 3 candidates after filtering
[DEBUG] roi_desc = {'type': 'polygon', 'polygon': [(329.0, 318.0), (351.0, 301.0), (373.0, 280.0), (395.0, 264.0), (410.0, 237.0), (399.0, 194.0), (357.0, 161.0), (310.0, 167.0), (271.0, 175.0), (237.0, 188.0), (221.0, 208.0), (219.0, 222.0), (219.0, 239.0), (234.0, 245.0), (249.0, 255.0), (260.0, 269.0), (286.0, 288.0), (303.0, 300.0), (314.0, 310.0), (321.0, 313.0)]}
[DEBUG] mask nonzero = 241
[DEBUG] found 3 raw contours
[DEBUG] kept 3 candidates after filtering
[DEBUG] roi_desc = {'type': 'polygon', 'polygon': [(329.0, 318.0), (351.0, 301.0), (373.0, 280.0), (395.0, 264.0), (410.0, 237.0), (399.0, 194.0), (357.0, 161.0), (310.0, 167.0), (271.0, 175.0), (237.0, 188.0), (221.0, 208.0), (219.0, 222.0), (219.0, 239.0), (234.0, 245.0), (249.0, 255.0), (260.0, 269.0), (286.0, 288.0), (303.0, 300.0), (314.0, 310.0), (321.0, 313.0)]}
[DEBUG] mask nonzero = 238
[DEBUG] found 3 raw contours
[DEBUG] kept 3 candidates after filtering
[DEBUG] roi_desc = {'type': 'polygon', 'polygon': [(329.0, 318.0), (351.0, 301.0), (373.0, 280.0), (395.0, 264.0), (410.0, 237.0), (399.0, 194.0), (357.0, 161.0), (310.0, 167.0), (271.0, 175.0), (237.0, 188.0), (221.0, 208.0), (219.0, 222.0), (219.0, 239.0), (234.0, 245.0), (249.0, 255.0), (260.0, 269.0), (286.0, 288.0), (303.0, 300.0), (314.0, 310.0), (321.0, 313.0)]}
[DEBUG] mask nonzero = 238
[DEBUG] found 3 raw contours
[DEBUG] kept 3 candidates after filtering
[DEBUG] roi_desc = {'type': 'polygon', 'polygon': [(329.0, 318.0), (351.0, 301.0), (373.0, 280.0), (395.0, 264.0), (410.0, 237.0), (399.0, 194.0), (357.0, 161.0), (310.0, 167.0), (271.0, 175.0), (237.0, 188.0), (221.0, 208.0), (219.0, 222.0), (219.0, 239.0), (234.0, 245.0), (249.0, 255.0), (260.0, 269.0), (286.0, 288.0), (303.0, 300.0), (314.0, 310.0), (321.0, 313.0)]}
[DEBUG] mask nonzero = 239
[DEBUG] found 3 raw contours
[DEBUG] kept 3 candidates after filtering
[DEBUG] roi_desc = {'type': 'polygon', 'polygon': [(329.0, 318.0), (351.0, 301.0), (373.0, 280.0), (395.0, 264.0), (410.0, 237.0), (399.0, 194.0), (357.0, 161.0), (310.0, 167.0), (271.0, 175.0), (237.0, 188.0), (221.0, 208.0), (219.0, 222.0), (219.0, 239.0), (234.0, 245.0), (249.0, 255.0), (260.0, 269.0), (286.0, 288.0), (303.0, 300.0), (314.0, 310.0), (321.0, 313.0)]}
[DEBUG] mask nonzero = 237
[DEBUG] found 3 raw contours
[DEBUG] kept 3 candidates after filtering
[DEBUG] roi_desc = {'type': 'polygon', 'polygon': [(329.0, 318.0), (351.0, 301.0), (373.0, 280.0), (395.0, 264.0), (410.0, 237.0), (399.0, 194.0), (357.0, 161.0), (310.0, 167.0), (271.0, 175.0), (237.0, 188.0), (221.0, 208.0), (219.0, 222.0), (219.0, 239.0), (234.0, 245.0), (249.0, 255.0), (260.0, 269.0), (286.0, 288.0), (303.0, 300.0), (314.0, 310.0), (321.0, 313.0)]}
[DEBUG] mask nonzero = 243
[DEBUG] found 3 raw contours
[DEBUG] kept 3 candidates after filtering
[DEBUG] roi_desc = {'type': 'polygon', 'polygon': [(329.0, 318.0), (351.0, 301.0), (373.0, 280.0), (395.0, 264.0), (410.0, 237.0), (399.0, 194.0), (357.0, 161.0), (310.0, 167.0), (271.0, 175.0), (237.0, 188.0), (221.0, 208.0), (219.0, 222.0), (219.0, 239.0), (234.0, 245.0), (249.0, 255.0), (260.0, 269.0), (286.0, 288.0), (303.0, 300.0), (314.0, 310.0), (321.0, 313.0)]}
[DEBUG] mask nonzero = 243
[DEBUG] found 3 raw contours
[DEBUG] kept 3 candidates after filtering
[DEBUG] roi_desc = {'type': 'polygon', 'polygon': [(329.0, 318.0), (351.0, 301.0), (373.0, 280.0), (395.0, 264.0), (410.0, 237.0), (399.0, 194.0), (357.0, 161.0), (310.0, 167.0), (271.0, 175.0), (237.0, 188.0), (221.0, 208.0), (219.0, 222.0), (219.0, 239.0), (234.0, 245.0), (249.0, 255.0), (260.0, 269.0), (286.0, 288.0), (303.0, 300.0), (314.0, 310.0), (321.0, 313.0)]}
[DEBUG] mask nonzero = 241
[DEBUG] found 3 raw contours
[DEBUG] kept 3 candidates after filtering
[DEBUG] roi_desc = {'type': 'polygon', 'polygon': [(329.0, 318.0), (351.0, 301.0), (373.0, 280.0), (395.0, 264.0), (410.0, 237.0), (399.0, 194.0), (357.0, 161.0), (310.0, 167.0), (271.0, 175.0), (237.0, 188.0), (221.0, 208.0), (219.0, 222.0), (219.0, 239.0), (234.0, 245.0), (249.0, 255.0), (260.0, 269.0), (286.0, 288.0), (303.0, 300.0), (314.0, 310.0), (321.0, 313.0)]}
[DEBUG] mask nonzero = 242
[DEBUG] found 3 raw contours
[DEBUG] kept 3 candidates after filtering
[DEBUG] roi_desc = {'type': 'polygon', 'polygon': [(329.0, 318.0), (351.0, 301.0), (373.0, 280.0), (395.0, 264.0), (410.0, 237.0), (399.0, 194.0), (357.0, 161.0), (310.0, 167.0), (271.0, 175.0), (237.0, 188.0), (221.0, 208.0), (219.0, 222.0), (219.0, 239.0), (234.0, 245.0), (249.0, 255.0), (260.0, 269.0), (286.0, 288.0), (303.0, 300.0), (314.0, 310.0), (321.0, 313.0)]}
[DEBUG] mask nonzero = 238
[DEBUG] found 3 raw contours
[DEBUG] kept 3 candidates after filtering
[DEBUG] roi_desc = {'type': 'polygon', 'polygon': [(329.0, 318.0), (351.0, 301.0), (373.0, 280.0), (395.0, 264.0), (410.0, 237.0), (399.0, 194.0), (357.0, 161.0), (310.0, 167.0), (271.0, 175.0), (237.0, 188.0), (221.0, 208.0), (219.0, 222.0), (219.0, 239.0), (234.0, 245.0), (249.0, 255.0), (260.0, 269.0), (286.0, 288.0), (303.0, 300.0), (314.0, 310.0), (321.0, 313.0)]}
[DEBUG] mask nonzero = 240
[DEBUG] found 3 raw contours
[DEBUG] kept 3 candidates after filtering
[DEBUG] roi_desc = {'type': 'polygon', 'polygon': [(329.0, 318.0), (351.0, 301.0), (373.0, 280.0), (395.0, 264.0), (410.0, 237.0), (399.0, 194.0), (357.0, 161.0), (310.0, 167.0), (271.0, 175.0), (237.0, 188.0), (221.0, 208.0), (219.0, 222.0), (219.0, 239.0), (234.0, 245.0), (249.0, 255.0), (260.0, 269.0), (286.0, 288.0), (303.0, 300.0), (314.0, 310.0), (321.0, 313.0)]}
[DEBUG] mask nonzero = 241
[DEBUG] found 3 raw contours
[DEBUG] kept 3 candidates after filtering
[DEBUG] roi_desc = {'type': 'polygon', 'polygon': [(329.0, 318.0), (351.0, 301.0), (373.0, 280.0), (395.0, 264.0), (410.0, 237.0), (399.0, 194.0), (357.0, 161.0), (310.0, 167.0), (271.0, 175.0), (237.0, 188.0), (221.0, 208.0), (219.0, 222.0), (219.0, 239.0), (234.0, 245.0), (249.0, 255.0), (260.0, 269.0), (286.0, 288.0), (303.0, 300.0), (314.0, 310.0), (321.0, 313.0)]}
[DEBUG] mask nonzero = 246
[DEBUG] found 3 raw contours
[DEBUG] kept 3 candidates after filtering
[DEBUG] roi_desc = {'type': 'polygon', 'polygon': [(329.0, 318.0), (351.0, 301.0), (373.0, 280.0), (395.0, 264.0), (410.0, 237.0), (399.0, 194.0), (357.0, 161.0), (310.0, 167.0), (271.0, 175.0), (237.0, 188.0), (221.0, 208.0), (219.0, 222.0), (219.0, 239.0), (234.0, 245.0), (249.0, 255.0), (260.0, 269.0), (286.0, 288.0), (303.0, 300.0), (314.0, 310.0), (321.0, 313.0)]}
[DEBUG] mask nonzero = 240
[DEBUG] found 3 raw contours
[DEBUG] kept 3 candidates after filtering
[DEBUG] roi_desc = {'type': 'polygon', 'polygon': [(329.0, 318.0), (351.0, 301.0), (373.0, 280.0), (395.0, 264.0), (410.0, 237.0), (399.0, 194.0), (357.0, 161.0), (310.0, 167.0), (271.0, 175.0), (237.0, 188.0), (221.0, 208.0), (219.0, 222.0), (219.0, 239.0), (234.0, 245.0), (249.0, 255.0), (260.0, 269.0), (286.0, 288.0), (303.0, 300.0), (314.0, 310.0), (321.0, 313.0)]}
[DEBUG] mask nonzero = 242
[DEBUG] found 3 raw contours
[DEBUG] kept 3 candidates after filtering
[DEBUG] roi_desc = {'type': 'polygon', 'polygon': [(329.0, 318.0), (351.0, 301.0), (373.0, 280.0), (395.0, 264.0), (410.0, 237.0), (399.0, 194.0), (357.0, 161.0), (310.0, 167.0), (271.0, 175.0), (237.0, 188.0), (221.0, 208.0), (219.0, 222.0), (219.0, 239.0), (234.0, 245.0), (249.0, 255.0), (260.0, 269.0), (286.0, 288.0), (303.0, 300.0), (314.0, 310.0), (321.0, 313.0)]}
[DEBUG] mask nonzero = 241
[DEBUG] found 3 raw contours
[DEBUG] kept 3 candidates after filtering
[DEBUG] roi_desc = {'type': 'polygon', 'polygon': [(329.0, 318.0), (351.0, 301.0), (373.0, 280.0), (395.0, 264.0), (410.0, 237.0), (399.0, 194.0), (357.0, 161.0), (310.0, 167.0), (271.0, 175.0), (237.0, 188.0), (221.0, 208.0), (219.0, 222.0), (219.0, 239.0), (234.0, 245.0), (249.0, 255.0), (260.0, 269.0), (286.0, 288.0), (303.0, 300.0), (314.0, 310.0), (321.0, 313.0)]}
[DEBUG] mask nonzero = 240
[DEBUG] found 3 raw contours
[DEBUG] kept 3 candidates after filtering
[DEBUG] roi_desc = {'type': 'polygon', 'polygon': [(329.0, 318.0), (351.0, 301.0), (373.0, 280.0), (395.0, 264.0), (410.0, 237.0), (399.0, 194.0), (357.0, 161.0), (310.0, 167.0), (271.0, 175.0), (237.0, 188.0), (221.0, 208.0), (219.0, 222.0), (219.0, 239.0), (234.0, 245.0), (249.0, 255.0), (260.0, 269.0), (286.0, 288.0), (303.0, 300.0), (314.0, 310.0), (321.0, 313.0)]}
[DEBUG] mask nonzero = 242
[DEBUG] found 3 raw contours
[DEBUG] kept 3 candidates after filtering
[beam] iter 2: 29.7 mm (target 30, err +0.3)
[worker] beam 29.7 mm; running naive_inverse_jacobian
[path] LIVE (servoJ per tick)  control @ 10.0 Hz  ref=plan_dir
[path] log -> /home/jack/Proper-Research/close_loop_logs/compare_tri/runs/inv_rep3_20260910T132943Z/path_follow.jsonl
[path] T_R_B  B.x(axial)=[-1.0, 0.0, 0.0]  B.y(sideways)=[0.0, 1.0, 0.0]  B.z(camera)=[0.0, 0.0, -1.0]
[path] advancer LIVE on /dev/ttyACM0
[path] camera + reader up; waiting for first tip + joints...
[path] planner->R fit: |t_fit|=0.000 m, det(R_fit)=+1.000
[path]   plan des[0] [495.9, -670.2, -16.6] mm  des[-1] [495.9, -670.2, -16.6] mm  (robot frame)
RTDEReceiveInterface boost system Exception: (asio.misc:2) End of file
RTDEReceiveInterface boost system Exception: (asio.misc:2) End of file
/home/jack/Proper-Research/beam_direction_magnetisation/post_processing/post_processing.py:560: UserWarning: FigureCanvasAgg is non-interactive, and thus cannot be shown
  plt.show()
[path] loaded plan reference: 132 samples, 13.1s, source='/home/jack/Proper-Research/plans/triangle_8mm_2026-09-10/time_parameterized_configuration_path/time_parameterized_configuration_path.csv'
[path] start tip (mm) = [495.88, -670.24, -16.57]
[path] ref[0]     (mm) = [495.88, -670.24, -16.57]
[path] ref[-1]    (mm) = [495.88, -670.24, -16.57]
[path] building analytic beam Jacobian (forward-model solve + FK)...
[INIT] L_ins=0.040 -> L_model=0.040, wire_len=0.000, tip_len=0.040


tip position         : [ 0.79019416 -0.69343739 -0.09999488]
base position        : [ 0.82813282 -0.68127317 -0.1       ]
tip deflection       : [-3.79386605e-02 -1.21642203e-02  5.11586157e-06]
tip deflection norm  : 3.984106e-02



max violation        : 1.912274e-02

[path] model magnet in B = [+280, -0, -0] mm (coaxial: B.y/B.z ~0 -> magnet on the beam axis, ~280 mm ahead)
[path] |d(tip)/d(magnet)| per axis  B.z/out=0.005  B.y/in-plane=0.075  B.x/axial=0.075 mm/mm (axial should be ~0 for a coaxial axial-dipole magnet)
[path] ===== FROZEN BEAM JACOBIAN  d(tip_R xyz)/d[q1..q6, insertion] =====
[path] rows = tip R.x, R.y, R.z   cols = q1..q6 (rad), insertion (m)
[path]   R.x: [ 0.00231 -0.00005 -0.00147 -0.00076  0.00075 -0.00078 -0.99782]
[path]   R.y: [ 0.05097 -0.00357 -0.03427 -0.0177   0.01688 -0.01719  0.06694]
[path]   R.z: [ 0.0002   0.09659  0.07986  0.04367 -0.01113  0.00061  0.00174]
[path] --- J = J_beam[:, 0:3] @ Jv_robot ,  J[:,6] = J_beam[:,6] ---
[path] J_beam (3x7) d(tip)/d[magnet_xyz(3), magnet_rot(3), insertion]:
[path]   R.x: [ 0.00021  0.00342  0.00009  0.      -0.00001  0.00029 -0.99782]
[path]   R.y: [ 0.00478  0.07522  0.00001 -0.00002 -0.       0.00636  0.06694]
[path]   R.z: [ 0.00017  0.00001  0.0748   0.0011  -0.00627  0.       0.00174]
[path] Jv_robot (3x6) d(TCP_pos)/d(q):
[path]   R.x: [ 1.18707  0.04474  0.41681  0.2187   0.23479 -0.45274]
[path]   R.y: [ 0.60228 -0.05057 -0.48221 -0.24932  0.20954 -0.19985]
[path]   R.z: [ 0.       1.29126  1.06685  0.5834  -0.1493   0.00918]
[path] ================================================================
[path] cond(J[:, :6]) = 26221.75
[path] controller = naive_inverse_jacobian; closing the loop
[  10] ref=   9/131 |e|=  0.56mm e=[ -0.07  +0.55  +0.00] |qd|=0.0315 ins= 31.2mm
[  20] ref=  19/131 |e|=  0.71mm e=[ -0.26  +0.66  +0.00] |qd|=0.0372 ins= 32.3mm
[  30] ref=  29/131 |e|=  1.28mm e=[ -0.20  +1.26  +0.00] |qd|=0.0720 ins= 33.8mm
[  40] ref=  39/131 |e|=  1.79mm e=[ -0.55  +1.70  +0.00] |qd|=0.0960 ins= 35.2mm
[  50] ref=  49/131 |e|=  2.57mm e=[ -0.98  +2.38  +0.00] |qd|=0.1246 ins= 37.2mm
[  60] ref=  59/131 |e|=  0.45mm e=[ +0.41  +0.18  +0.00] |qd|=0.0119 ins= 37.4mm
[  70] ref=  69/131 |e|=  1.83mm e=[ -0.18  -1.83  +0.00] |qd|=0.1060 ins= 37.6mm
[  80] ref=  79/131 |e|=  3.60mm e=[ -0.02  -3.60  +0.00] |qd|=0.1528 ins= 37.3mm
[  90] ref=  89/131 |e|=  2.54mm e=[ +0.39  -2.51  +0.00] |qd|=0.1280 ins= 35.8mm
[ 100] ref=  99/131 |e|=  1.33mm e=[ +0.06  -1.33  +0.00] |qd|=0.0766 ins= 34.0mm
[ 110] ref= 109/131 |e|=  0.91mm e=[ +0.33  -0.85  +0.00] |qd|=0.0475 ins= 32.5mm
[ 120] ref= 119/131 |e|=  0.19mm e=[ -0.09  -0.17  +0.00] |qd|=0.0103 ins= 31.2mm
[ 130] ref= 129/131 |e|=  0.42mm e=[ +0.16  +0.38  +0.00] |qd|=0.0227 ins= 30.1mm
[ 135] ref= 131/131 |e|=  0.15mm e=[ -0.14  +0.03  +0.00] |qd|=0.0012 ins= 29.9mm TERM
[ 140] ref= 131/131 |e|=  0.02mm e=[ -0.01  -0.02  +0.00] |qd|=0.0014 ins= 30.0mm TERM
[ 145] ref= 131/131 |e|=  0.10mm e=[ +0.10  -0.03  +0.00] |qd|=0.0012 ins= 29.8mm TERM
[ 150] ref= 131/131 |e|=  0.56mm e=[ +0.13  -0.55  +0.00] |qd|=0.0310 ins= 30.0mm TERM
[path] wrote /home/jack/Proper-Research/close_loop_logs/compare_tri/runs/inv_rep3_20260910T132943Z/path_follow_plot.png

=== PATH-FOLLOW SUMMARY ===
  timestamp_utc           : 2026-09-10T13:30:28.892831+00:00
  stop_reason             : path_complete
  control_steps           : 153
  started_moving          : True
  reference_samples       : 132
  jacobian_condition      : 26221.75
  final_error_mm          : 0.026
  max_error_mm            : 3.597
  vision_detection_failures: 0
  log                     : /home/jack/Proper-Research/close_loop_logs/compare_tri/runs/inv_rep3_20260910T132943Z/path_follow.jsonl
  csv                     : /home/jack/Proper-Research/close_loop_logs/compare_tri/runs/inv_rep3_20260910T132943Z/tip_trajectory.csv
  plot                    : /home/jack/Proper-Research/close_loop_logs/compare_tri/runs/inv_rep3_20260910T132943Z/path_follow_plot.png
[metrics] naive_inverse_jacobian rep3: rms=1.60 max=3.60 hold=0.14 final=0.03 mm (path_complete)

========================================================================
  rep 3/3   mpc_lti
========================================================================
[compare] settle 30s (RTDE)...
[reset] at reference joints (dq=0.0001)
[DEBUG] roi_desc = {'type': 'polygon', 'polygon': [(329.0, 318.0), (351.0, 301.0), (373.0, 280.0), (395.0, 264.0), (410.0, 237.0), (399.0, 194.0), (357.0, 161.0), (310.0, 167.0), (271.0, 175.0), (237.0, 188.0), (221.0, 208.0), (219.0, 222.0), (219.0, 239.0), (234.0, 245.0), (249.0, 255.0), (260.0, 269.0), (286.0, 288.0), (303.0, 300.0), (314.0, 310.0), (321.0, 313.0)]}
[DEBUG] mask nonzero = 232
[DEBUG] found 3 raw contours
[DEBUG] kept 3 candidates after filtering
[DEBUG] roi_desc = {'type': 'polygon', 'polygon': [(329.0, 318.0), (351.0, 301.0), (373.0, 280.0), (395.0, 264.0), (410.0, 237.0), (399.0, 194.0), (357.0, 161.0), (310.0, 167.0), (271.0, 175.0), (237.0, 188.0), (221.0, 208.0), (219.0, 222.0), (219.0, 239.0), (234.0, 245.0), (249.0, 255.0), (260.0, 269.0), (286.0, 288.0), (303.0, 300.0), (314.0, 310.0), (321.0, 313.0)]}
[DEBUG] mask nonzero = 243
[DEBUG] found 3 raw contours
[DEBUG] kept 3 candidates after filtering
[DEBUG] roi_desc = {'type': 'polygon', 'polygon': [(329.0, 318.0), (351.0, 301.0), (373.0, 280.0), (395.0, 264.0), (410.0, 237.0), (399.0, 194.0), (357.0, 161.0), (310.0, 167.0), (271.0, 175.0), (237.0, 188.0), (221.0, 208.0), (219.0, 222.0), (219.0, 239.0), (234.0, 245.0), (249.0, 255.0), (260.0, 269.0), (286.0, 288.0), (303.0, 300.0), (314.0, 310.0), (321.0, 313.0)]}
[DEBUG] mask nonzero = 237
[DEBUG] found 3 raw contours
[DEBUG] kept 3 candidates after filtering
[DEBUG] roi_desc = {'type': 'polygon', 'polygon': [(329.0, 318.0), (351.0, 301.0), (373.0, 280.0), (395.0, 264.0), (410.0, 237.0), (399.0, 194.0), (357.0, 161.0), (310.0, 167.0), (271.0, 175.0), (237.0, 188.0), (221.0, 208.0), (219.0, 222.0), (219.0, 239.0), (234.0, 245.0), (249.0, 255.0), (260.0, 269.0), (286.0, 288.0), (303.0, 300.0), (314.0, 310.0), (321.0, 313.0)]}
[DEBUG] mask nonzero = 239
[DEBUG] found 3 raw contours
[DEBUG] kept 3 candidates after filtering
[DEBUG] roi_desc = {'type': 'polygon', 'polygon': [(329.0, 318.0), (351.0, 301.0), (373.0, 280.0), (395.0, 264.0), (410.0, 237.0), (399.0, 194.0), (357.0, 161.0), (310.0, 167.0), (271.0, 175.0), (237.0, 188.0), (221.0, 208.0), (219.0, 222.0), (219.0, 239.0), (234.0, 245.0), (249.0, 255.0), (260.0, 269.0), (286.0, 288.0), (303.0, 300.0), (314.0, 310.0), (321.0, 313.0)]}
[DEBUG] mask nonzero = 236
[DEBUG] found 3 raw contours
[DEBUG] kept 3 candidates after filtering
[DEBUG] roi_desc = {'type': 'polygon', 'polygon': [(329.0, 318.0), (351.0, 301.0), (373.0, 280.0), (395.0, 264.0), (410.0, 237.0), (399.0, 194.0), (357.0, 161.0), (310.0, 167.0), (271.0, 175.0), (237.0, 188.0), (221.0, 208.0), (219.0, 222.0), (219.0, 239.0), (234.0, 245.0), (249.0, 255.0), (260.0, 269.0), (286.0, 288.0), (303.0, 300.0), (314.0, 310.0), (321.0, 313.0)]}
[DEBUG] mask nonzero = 236
[DEBUG] found 3 raw contours
[DEBUG] kept 3 candidates after filtering
[DEBUG] roi_desc = {'type': 'polygon', 'polygon': [(329.0, 318.0), (351.0, 301.0), (373.0, 280.0), (395.0, 264.0), (410.0, 237.0), (399.0, 194.0), (357.0, 161.0), (310.0, 167.0), (271.0, 175.0), (237.0, 188.0), (221.0, 208.0), (219.0, 222.0), (219.0, 239.0), (234.0, 245.0), (249.0, 255.0), (260.0, 269.0), (286.0, 288.0), (303.0, 300.0), (314.0, 310.0), (321.0, 313.0)]}
[DEBUG] mask nonzero = 239
[DEBUG] found 3 raw contours
[DEBUG] kept 3 candidates after filtering
[DEBUG] roi_desc = {'type': 'polygon', 'polygon': [(329.0, 318.0), (351.0, 301.0), (373.0, 280.0), (395.0, 264.0), (410.0, 237.0), (399.0, 194.0), (357.0, 161.0), (310.0, 167.0), (271.0, 175.0), (237.0, 188.0), (221.0, 208.0), (219.0, 222.0), (219.0, 239.0), (234.0, 245.0), (249.0, 255.0), (260.0, 269.0), (286.0, 288.0), (303.0, 300.0), (314.0, 310.0), (321.0, 313.0)]}
[DEBUG] mask nonzero = 243
[DEBUG] found 3 raw contours
[DEBUG] kept 3 candidates after filtering
[DEBUG] roi_desc = {'type': 'polygon', 'polygon': [(329.0, 318.0), (351.0, 301.0), (373.0, 280.0), (395.0, 264.0), (410.0, 237.0), (399.0, 194.0), (357.0, 161.0), (310.0, 167.0), (271.0, 175.0), (237.0, 188.0), (221.0, 208.0), (219.0, 222.0), (219.0, 239.0), (234.0, 245.0), (249.0, 255.0), (260.0, 269.0), (286.0, 288.0), (303.0, 300.0), (314.0, 310.0), (321.0, 313.0)]}
[DEBUG] mask nonzero = 243
[DEBUG] found 3 raw contours
[DEBUG] kept 3 candidates after filtering
[DEBUG] roi_desc = {'type': 'polygon', 'polygon': [(329.0, 318.0), (351.0, 301.0), (373.0, 280.0), (395.0, 264.0), (410.0, 237.0), (399.0, 194.0), (357.0, 161.0), (310.0, 167.0), (271.0, 175.0), (237.0, 188.0), (221.0, 208.0), (219.0, 222.0), (219.0, 239.0), (234.0, 245.0), (249.0, 255.0), (260.0, 269.0), (286.0, 288.0), (303.0, 300.0), (314.0, 310.0), (321.0, 313.0)]}
[DEBUG] mask nonzero = 238
[DEBUG] found 3 raw contours
[DEBUG] kept 3 candidates after filtering
[DEBUG] roi_desc = {'type': 'polygon', 'polygon': [(329.0, 318.0), (351.0, 301.0), (373.0, 280.0), (395.0, 264.0), (410.0, 237.0), (399.0, 194.0), (357.0, 161.0), (310.0, 167.0), (271.0, 175.0), (237.0, 188.0), (221.0, 208.0), (219.0, 222.0), (219.0, 239.0), (234.0, 245.0), (249.0, 255.0), (260.0, 269.0), (286.0, 288.0), (303.0, 300.0), (314.0, 310.0), (321.0, 313.0)]}
[DEBUG] mask nonzero = 240
[DEBUG] found 3 raw contours
[DEBUG] kept 3 candidates after filtering
[DEBUG] roi_desc = {'type': 'polygon', 'polygon': [(329.0, 318.0), (351.0, 301.0), (373.0, 280.0), (395.0, 264.0), (410.0, 237.0), (399.0, 194.0), (357.0, 161.0), (310.0, 167.0), (271.0, 175.0), (237.0, 188.0), (221.0, 208.0), (219.0, 222.0), (219.0, 239.0), (234.0, 245.0), (249.0, 255.0), (260.0, 269.0), (286.0, 288.0), (303.0, 300.0), (314.0, 310.0), (321.0, 313.0)]}
[DEBUG] mask nonzero = 237
[DEBUG] found 3 raw contours
[DEBUG] kept 3 candidates after filtering
[DEBUG] roi_desc = {'type': 'polygon', 'polygon': [(329.0, 318.0), (351.0, 301.0), (373.0, 280.0), (395.0, 264.0), (410.0, 237.0), (399.0, 194.0), (357.0, 161.0), (310.0, 167.0), (271.0, 175.0), (237.0, 188.0), (221.0, 208.0), (219.0, 222.0), (219.0, 239.0), (234.0, 245.0), (249.0, 255.0), (260.0, 269.0), (286.0, 288.0), (303.0, 300.0), (314.0, 310.0), (321.0, 313.0)]}
[DEBUG] mask nonzero = 240
[DEBUG] found 3 raw contours
[DEBUG] kept 3 candidates after filtering
[DEBUG] roi_desc = {'type': 'polygon', 'polygon': [(329.0, 318.0), (351.0, 301.0), (373.0, 280.0), (395.0, 264.0), (410.0, 237.0), (399.0, 194.0), (357.0, 161.0), (310.0, 167.0), (271.0, 175.0), (237.0, 188.0), (221.0, 208.0), (219.0, 222.0), (219.0, 239.0), (234.0, 245.0), (249.0, 255.0), (260.0, 269.0), (286.0, 288.0), (303.0, 300.0), (314.0, 310.0), (321.0, 313.0)]}
[DEBUG] mask nonzero = 243
[DEBUG] found 3 raw contours
[DEBUG] kept 3 candidates after filtering
[DEBUG] roi_desc = {'type': 'polygon', 'polygon': [(329.0, 318.0), (351.0, 301.0), (373.0, 280.0), (395.0, 264.0), (410.0, 237.0), (399.0, 194.0), (357.0, 161.0), (310.0, 167.0), (271.0, 175.0), (237.0, 188.0), (221.0, 208.0), (219.0, 222.0), (219.0, 239.0), (234.0, 245.0), (249.0, 255.0), (260.0, 269.0), (286.0, 288.0), (303.0, 300.0), (314.0, 310.0), (321.0, 313.0)]}
[DEBUG] mask nonzero = 241
[DEBUG] found 3 raw contours
[DEBUG] kept 3 candidates after filtering
[DEBUG] roi_desc = {'type': 'polygon', 'polygon': [(329.0, 318.0), (351.0, 301.0), (373.0, 280.0), (395.0, 264.0), (410.0, 237.0), (399.0, 194.0), (357.0, 161.0), (310.0, 167.0), (271.0, 175.0), (237.0, 188.0), (221.0, 208.0), (219.0, 222.0), (219.0, 239.0), (234.0, 245.0), (249.0, 255.0), (260.0, 269.0), (286.0, 288.0), (303.0, 300.0), (314.0, 310.0), (321.0, 313.0)]}
[DEBUG] mask nonzero = 240
[DEBUG] found 3 raw contours
[DEBUG] kept 3 candidates after filtering
[DEBUG] roi_desc = {'type': 'polygon', 'polygon': [(329.0, 318.0), (351.0, 301.0), (373.0, 280.0), (395.0, 264.0), (410.0, 237.0), (399.0, 194.0), (357.0, 161.0), (310.0, 167.0), (271.0, 175.0), (237.0, 188.0), (221.0, 208.0), (219.0, 222.0), (219.0, 239.0), (234.0, 245.0), (249.0, 255.0), (260.0, 269.0), (286.0, 288.0), (303.0, 300.0), (314.0, 310.0), (321.0, 313.0)]}
[DEBUG] mask nonzero = 240
[DEBUG] found 3 raw contours
[DEBUG] kept 3 candidates after filtering
[DEBUG] roi_desc = {'type': 'polygon', 'polygon': [(329.0, 318.0), (351.0, 301.0), (373.0, 280.0), (395.0, 264.0), (410.0, 237.0), (399.0, 194.0), (357.0, 161.0), (310.0, 167.0), (271.0, 175.0), (237.0, 188.0), (221.0, 208.0), (219.0, 222.0), (219.0, 239.0), (234.0, 245.0), (249.0, 255.0), (260.0, 269.0), (286.0, 288.0), (303.0, 300.0), (314.0, 310.0), (321.0, 313.0)]}
[DEBUG] mask nonzero = 242
[DEBUG] found 3 raw contours
[DEBUG] kept 3 candidates after filtering
[DEBUG] roi_desc = {'type': 'polygon', 'polygon': [(329.0, 318.0), (351.0, 301.0), (373.0, 280.0), (395.0, 264.0), (410.0, 237.0), (399.0, 194.0), (357.0, 161.0), (310.0, 167.0), (271.0, 175.0), (237.0, 188.0), (221.0, 208.0), (219.0, 222.0), (219.0, 239.0), (234.0, 245.0), (249.0, 255.0), (260.0, 269.0), (286.0, 288.0), (303.0, 300.0), (314.0, 310.0), (321.0, 313.0)]}
[DEBUG] mask nonzero = 241
[DEBUG] found 3 raw contours
[DEBUG] kept 3 candidates after filtering
[DEBUG] roi_desc = {'type': 'polygon', 'polygon': [(329.0, 318.0), (351.0, 301.0), (373.0, 280.0), (395.0, 264.0), (410.0, 237.0), (399.0, 194.0), (357.0, 161.0), (310.0, 167.0), (271.0, 175.0), (237.0, 188.0), (221.0, 208.0), (219.0, 222.0), (219.0, 239.0), (234.0, 245.0), (249.0, 255.0), (260.0, 269.0), (286.0, 288.0), (303.0, 300.0), (314.0, 310.0), (321.0, 313.0)]}
[DEBUG] mask nonzero = 240
[DEBUG] found 3 raw contours
[DEBUG] kept 3 candidates after filtering
[DEBUG] roi_desc = {'type': 'polygon', 'polygon': [(329.0, 318.0), (351.0, 301.0), (373.0, 280.0), (395.0, 264.0), (410.0, 237.0), (399.0, 194.0), (357.0, 161.0), (310.0, 167.0), (271.0, 175.0), (237.0, 188.0), (221.0, 208.0), (219.0, 222.0), (219.0, 239.0), (234.0, 245.0), (249.0, 255.0), (260.0, 269.0), (286.0, 288.0), (303.0, 300.0), (314.0, 310.0), (321.0, 313.0)]}
[DEBUG] mask nonzero = 239
[DEBUG] found 3 raw contours
[DEBUG] kept 3 candidates after filtering
[DEBUG] roi_desc = {'type': 'polygon', 'polygon': [(329.0, 318.0), (351.0, 301.0), (373.0, 280.0), (395.0, 264.0), (410.0, 237.0), (399.0, 194.0), (357.0, 161.0), (310.0, 167.0), (271.0, 175.0), (237.0, 188.0), (221.0, 208.0), (219.0, 222.0), (219.0, 239.0), (234.0, 245.0), (249.0, 255.0), (260.0, 269.0), (286.0, 288.0), (303.0, 300.0), (314.0, 310.0), (321.0, 313.0)]}
[DEBUG] mask nonzero = 241
[DEBUG] found 3 raw contours
[DEBUG] kept 3 candidates after filtering
[DEBUG] roi_desc = {'type': 'polygon', 'polygon': [(329.0, 318.0), (351.0, 301.0), (373.0, 280.0), (395.0, 264.0), (410.0, 237.0), (399.0, 194.0), (357.0, 161.0), (310.0, 167.0), (271.0, 175.0), (237.0, 188.0), (221.0, 208.0), (219.0, 222.0), (219.0, 239.0), (234.0, 245.0), (249.0, 255.0), (260.0, 269.0), (286.0, 288.0), (303.0, 300.0), (314.0, 310.0), (321.0, 313.0)]}
[DEBUG] mask nonzero = 233
[DEBUG] found 3 raw contours
[DEBUG] kept 3 candidates after filtering
[DEBUG] roi_desc = {'type': 'polygon', 'polygon': [(329.0, 318.0), (351.0, 301.0), (373.0, 280.0), (395.0, 264.0), (410.0, 237.0), (399.0, 194.0), (357.0, 161.0), (310.0, 167.0), (271.0, 175.0), (237.0, 188.0), (221.0, 208.0), (219.0, 222.0), (219.0, 239.0), (234.0, 245.0), (249.0, 255.0), (260.0, 269.0), (286.0, 288.0), (303.0, 300.0), (314.0, 310.0), (321.0, 313.0)]}
[DEBUG] mask nonzero = 238
[DEBUG] found 3 raw contours
[DEBUG] kept 3 candidates after filtering
[DEBUG] roi_desc = {'type': 'polygon', 'polygon': [(329.0, 318.0), (351.0, 301.0), (373.0, 280.0), (395.0, 264.0), (410.0, 237.0), (399.0, 194.0), (357.0, 161.0), (310.0, 167.0), (271.0, 175.0), (237.0, 188.0), (221.0, 208.0), (219.0, 222.0), (219.0, 239.0), (234.0, 245.0), (249.0, 255.0), (260.0, 269.0), (286.0, 288.0), (303.0, 300.0), (314.0, 310.0), (321.0, 313.0)]}
[DEBUG] mask nonzero = 240
[DEBUG] found 3 raw contours
[DEBUG] kept 3 candidates after filtering
[DEBUG] roi_desc = {'type': 'polygon', 'polygon': [(329.0, 318.0), (351.0, 301.0), (373.0, 280.0), (395.0, 264.0), (410.0, 237.0), (399.0, 194.0), (357.0, 161.0), (310.0, 167.0), (271.0, 175.0), (237.0, 188.0), (221.0, 208.0), (219.0, 222.0), (219.0, 239.0), (234.0, 245.0), (249.0, 255.0), (260.0, 269.0), (286.0, 288.0), (303.0, 300.0), (314.0, 310.0), (321.0, 313.0)]}
[DEBUG] mask nonzero = 240
[DEBUG] found 3 raw contours
[DEBUG] kept 3 candidates after filtering
[DEBUG] roi_desc = {'type': 'polygon', 'polygon': [(329.0, 318.0), (351.0, 301.0), (373.0, 280.0), (395.0, 264.0), (410.0, 237.0), (399.0, 194.0), (357.0, 161.0), (310.0, 167.0), (271.0, 175.0), (237.0, 188.0), (221.0, 208.0), (219.0, 222.0), (219.0, 239.0), (234.0, 245.0), (249.0, 255.0), (260.0, 269.0), (286.0, 288.0), (303.0, 300.0), (314.0, 310.0), (321.0, 313.0)]}
[DEBUG] mask nonzero = 240
[DEBUG] found 3 raw contours
[DEBUG] kept 3 candidates after filtering
[DEBUG] roi_desc = {'type': 'polygon', 'polygon': [(329.0, 318.0), (351.0, 301.0), (373.0, 280.0), (395.0, 264.0), (410.0, 237.0), (399.0, 194.0), (357.0, 161.0), (310.0, 167.0), (271.0, 175.0), (237.0, 188.0), (221.0, 208.0), (219.0, 222.0), (219.0, 239.0), (234.0, 245.0), (249.0, 255.0), (260.0, 269.0), (286.0, 288.0), (303.0, 300.0), (314.0, 310.0), (321.0, 313.0)]}
[DEBUG] mask nonzero = 234
[DEBUG] found 3 raw contours
[DEBUG] kept 3 candidates after filtering
[DEBUG] roi_desc = {'type': 'polygon', 'polygon': [(329.0, 318.0), (351.0, 301.0), (373.0, 280.0), (395.0, 264.0), (410.0, 237.0), (399.0, 194.0), (357.0, 161.0), (310.0, 167.0), (271.0, 175.0), (237.0, 188.0), (221.0, 208.0), (219.0, 222.0), (219.0, 239.0), (234.0, 245.0), (249.0, 255.0), (260.0, 269.0), (286.0, 288.0), (303.0, 300.0), (314.0, 310.0), (321.0, 313.0)]}
[DEBUG] mask nonzero = 241
[DEBUG] found 3 raw contours
[DEBUG] kept 3 candidates after filtering
[DEBUG] roi_desc = {'type': 'polygon', 'polygon': [(329.0, 318.0), (351.0, 301.0), (373.0, 280.0), (395.0, 264.0), (410.0, 237.0), (399.0, 194.0), (357.0, 161.0), (310.0, 167.0), (271.0, 175.0), (237.0, 188.0), (221.0, 208.0), (219.0, 222.0), (219.0, 239.0), (234.0, 245.0), (249.0, 255.0), (260.0, 269.0), (286.0, 288.0), (303.0, 300.0), (314.0, 310.0), (321.0, 313.0)]}
[DEBUG] mask nonzero = 237
[DEBUG] found 3 raw contours
[DEBUG] kept 3 candidates after filtering
[DEBUG] roi_desc = {'type': 'polygon', 'polygon': [(329.0, 318.0), (351.0, 301.0), (373.0, 280.0), (395.0, 264.0), (410.0, 237.0), (399.0, 194.0), (357.0, 161.0), (310.0, 167.0), (271.0, 175.0), (237.0, 188.0), (221.0, 208.0), (219.0, 222.0), (219.0, 239.0), (234.0, 245.0), (249.0, 255.0), (260.0, 269.0), (286.0, 288.0), (303.0, 300.0), (314.0, 310.0), (321.0, 313.0)]}
[DEBUG] mask nonzero = 241
[DEBUG] found 3 raw contours
[DEBUG] kept 3 candidates after filtering
[DEBUG] roi_desc = {'type': 'polygon', 'polygon': [(329.0, 318.0), (351.0, 301.0), (373.0, 280.0), (395.0, 264.0), (410.0, 237.0), (399.0, 194.0), (357.0, 161.0), (310.0, 167.0), (271.0, 175.0), (237.0, 188.0), (221.0, 208.0), (219.0, 222.0), (219.0, 239.0), (234.0, 245.0), (249.0, 255.0), (260.0, 269.0), (286.0, 288.0), (303.0, 300.0), (314.0, 310.0), (321.0, 313.0)]}
[DEBUG] mask nonzero = 236
[DEBUG] found 3 raw contours
[DEBUG] kept 3 candidates after filtering
[DEBUG] roi_desc = {'type': 'polygon', 'polygon': [(329.0, 318.0), (351.0, 301.0), (373.0, 280.0), (395.0, 264.0), (410.0, 237.0), (399.0, 194.0), (357.0, 161.0), (310.0, 167.0), (271.0, 175.0), (237.0, 188.0), (221.0, 208.0), (219.0, 222.0), (219.0, 239.0), (234.0, 245.0), (249.0, 255.0), (260.0, 269.0), (286.0, 288.0), (303.0, 300.0), (314.0, 310.0), (321.0, 313.0)]}
[DEBUG] mask nonzero = 243
[DEBUG] found 3 raw contours
[DEBUG] kept 3 candidates after filtering
[DEBUG] roi_desc = {'type': 'polygon', 'polygon': [(329.0, 318.0), (351.0, 301.0), (373.0, 280.0), (395.0, 264.0), (410.0, 237.0), (399.0, 194.0), (357.0, 161.0), (310.0, 167.0), (271.0, 175.0), (237.0, 188.0), (221.0, 208.0), (219.0, 222.0), (219.0, 239.0), (234.0, 245.0), (249.0, 255.0), (260.0, 269.0), (286.0, 288.0), (303.0, 300.0), (314.0, 310.0), (321.0, 313.0)]}
[DEBUG] mask nonzero = 232
[DEBUG] found 3 raw contours
[DEBUG] kept 3 candidates after filtering
[DEBUG] roi_desc = {'type': 'polygon', 'polygon': [(329.0, 318.0), (351.0, 301.0), (373.0, 280.0), (395.0, 264.0), (410.0, 237.0), (399.0, 194.0), (357.0, 161.0), (310.0, 167.0), (271.0, 175.0), (237.0, 188.0), (221.0, 208.0), (219.0, 222.0), (219.0, 239.0), (234.0, 245.0), (249.0, 255.0), (260.0, 269.0), (286.0, 288.0), (303.0, 300.0), (314.0, 310.0), (321.0, 313.0)]}
[DEBUG] mask nonzero = 236
[DEBUG] found 3 raw contours
[DEBUG] kept 3 candidates after filtering
[DEBUG] roi_desc = {'type': 'polygon', 'polygon': [(329.0, 318.0), (351.0, 301.0), (373.0, 280.0), (395.0, 264.0), (410.0, 237.0), (399.0, 194.0), (357.0, 161.0), (310.0, 167.0), (271.0, 175.0), (237.0, 188.0), (221.0, 208.0), (219.0, 222.0), (219.0, 239.0), (234.0, 245.0), (249.0, 255.0), (260.0, 269.0), (286.0, 288.0), (303.0, 300.0), (314.0, 310.0), (321.0, 313.0)]}
[DEBUG] mask nonzero = 243
[DEBUG] found 3 raw contours
[DEBUG] kept 3 candidates after filtering
[DEBUG] roi_desc = {'type': 'polygon', 'polygon': [(329.0, 318.0), (351.0, 301.0), (373.0, 280.0), (395.0, 264.0), (410.0, 237.0), (399.0, 194.0), (357.0, 161.0), (310.0, 167.0), (271.0, 175.0), (237.0, 188.0), (221.0, 208.0), (219.0, 222.0), (219.0, 239.0), (234.0, 245.0), (249.0, 255.0), (260.0, 269.0), (286.0, 288.0), (303.0, 300.0), (314.0, 310.0), (321.0, 313.0)]}
[DEBUG] mask nonzero = 239
[DEBUG] found 3 raw contours
[DEBUG] kept 3 candidates after filtering
[DEBUG] roi_desc = {'type': 'polygon', 'polygon': [(329.0, 318.0), (351.0, 301.0), (373.0, 280.0), (395.0, 264.0), (410.0, 237.0), (399.0, 194.0), (357.0, 161.0), (310.0, 167.0), (271.0, 175.0), (237.0, 188.0), (221.0, 208.0), (219.0, 222.0), (219.0, 239.0), (234.0, 245.0), (249.0, 255.0), (260.0, 269.0), (286.0, 288.0), (303.0, 300.0), (314.0, 310.0), (321.0, 313.0)]}
[DEBUG] mask nonzero = 238
[DEBUG] found 3 raw contours
[DEBUG] kept 3 candidates after filtering
[DEBUG] roi_desc = {'type': 'polygon', 'polygon': [(329.0, 318.0), (351.0, 301.0), (373.0, 280.0), (395.0, 264.0), (410.0, 237.0), (399.0, 194.0), (357.0, 161.0), (310.0, 167.0), (271.0, 175.0), (237.0, 188.0), (221.0, 208.0), (219.0, 222.0), (219.0, 239.0), (234.0, 245.0), (249.0, 255.0), (260.0, 269.0), (286.0, 288.0), (303.0, 300.0), (314.0, 310.0), (321.0, 313.0)]}
[DEBUG] mask nonzero = 241
[DEBUG] found 3 raw contours
[DEBUG] kept 3 candidates after filtering
[DEBUG] roi_desc = {'type': 'polygon', 'polygon': [(329.0, 318.0), (351.0, 301.0), (373.0, 280.0), (395.0, 264.0), (410.0, 237.0), (399.0, 194.0), (357.0, 161.0), (310.0, 167.0), (271.0, 175.0), (237.0, 188.0), (221.0, 208.0), (219.0, 222.0), (219.0, 239.0), (234.0, 245.0), (249.0, 255.0), (260.0, 269.0), (286.0, 288.0), (303.0, 300.0), (314.0, 310.0), (321.0, 313.0)]}
[DEBUG] mask nonzero = 236
[DEBUG] found 3 raw contours
[DEBUG] kept 3 candidates after filtering
[DEBUG] roi_desc = {'type': 'polygon', 'polygon': [(329.0, 318.0), (351.0, 301.0), (373.0, 280.0), (395.0, 264.0), (410.0, 237.0), (399.0, 194.0), (357.0, 161.0), (310.0, 167.0), (271.0, 175.0), (237.0, 188.0), (221.0, 208.0), (219.0, 222.0), (219.0, 239.0), (234.0, 245.0), (249.0, 255.0), (260.0, 269.0), (286.0, 288.0), (303.0, 300.0), (314.0, 310.0), (321.0, 313.0)]}
[DEBUG] mask nonzero = 236
[DEBUG] found 3 raw contours
[DEBUG] kept 3 candidates after filtering
[DEBUG] roi_desc = {'type': 'polygon', 'polygon': [(329.0, 318.0), (351.0, 301.0), (373.0, 280.0), (395.0, 264.0), (410.0, 237.0), (399.0, 194.0), (357.0, 161.0), (310.0, 167.0), (271.0, 175.0), (237.0, 188.0), (221.0, 208.0), (219.0, 222.0), (219.0, 239.0), (234.0, 245.0), (249.0, 255.0), (260.0, 269.0), (286.0, 288.0), (303.0, 300.0), (314.0, 310.0), (321.0, 313.0)]}
[DEBUG] mask nonzero = 243
[DEBUG] found 3 raw contours
[DEBUG] kept 3 candidates after filtering
[DEBUG] roi_desc = {'type': 'polygon', 'polygon': [(329.0, 318.0), (351.0, 301.0), (373.0, 280.0), (395.0, 264.0), (410.0, 237.0), (399.0, 194.0), (357.0, 161.0), (310.0, 167.0), (271.0, 175.0), (237.0, 188.0), (221.0, 208.0), (219.0, 222.0), (219.0, 239.0), (234.0, 245.0), (249.0, 255.0), (260.0, 269.0), (286.0, 288.0), (303.0, 300.0), (314.0, 310.0), (321.0, 313.0)]}
[DEBUG] mask nonzero = 238
[DEBUG] found 3 raw contours
[DEBUG] kept 3 candidates after filtering
[DEBUG] roi_desc = {'type': 'polygon', 'polygon': [(329.0, 318.0), (351.0, 301.0), (373.0, 280.0), (395.0, 264.0), (410.0, 237.0), (399.0, 194.0), (357.0, 161.0), (310.0, 167.0), (271.0, 175.0), (237.0, 188.0), (221.0, 208.0), (219.0, 222.0), (219.0, 239.0), (234.0, 245.0), (249.0, 255.0), (260.0, 269.0), (286.0, 288.0), (303.0, 300.0), (314.0, 310.0), (321.0, 313.0)]}
[DEBUG] mask nonzero = 242
[DEBUG] found 3 raw contours
[DEBUG] kept 3 candidates after filtering
[DEBUG] roi_desc = {'type': 'polygon', 'polygon': [(329.0, 318.0), (351.0, 301.0), (373.0, 280.0), (395.0, 264.0), (410.0, 237.0), (399.0, 194.0), (357.0, 161.0), (310.0, 167.0), (271.0, 175.0), (237.0, 188.0), (221.0, 208.0), (219.0, 222.0), (219.0, 239.0), (234.0, 245.0), (249.0, 255.0), (260.0, 269.0), (286.0, 288.0), (303.0, 300.0), (314.0, 310.0), (321.0, 313.0)]}
[DEBUG] mask nonzero = 240
[DEBUG] found 3 raw contours
[DEBUG] kept 3 candidates after filtering
[DEBUG] roi_desc = {'type': 'polygon', 'polygon': [(329.0, 318.0), (351.0, 301.0), (373.0, 280.0), (395.0, 264.0), (410.0, 237.0), (399.0, 194.0), (357.0, 161.0), (310.0, 167.0), (271.0, 175.0), (237.0, 188.0), (221.0, 208.0), (219.0, 222.0), (219.0, 239.0), (234.0, 245.0), (249.0, 255.0), (260.0, 269.0), (286.0, 288.0), (303.0, 300.0), (314.0, 310.0), (321.0, 313.0)]}
[DEBUG] mask nonzero = 241
[DEBUG] found 3 raw contours
[DEBUG] kept 3 candidates after filtering
[DEBUG] roi_desc = {'type': 'polygon', 'polygon': [(329.0, 318.0), (351.0, 301.0), (373.0, 280.0), (395.0, 264.0), (410.0, 237.0), (399.0, 194.0), (357.0, 161.0), (310.0, 167.0), (271.0, 175.0), (237.0, 188.0), (221.0, 208.0), (219.0, 222.0), (219.0, 239.0), (234.0, 245.0), (249.0, 255.0), (260.0, 269.0), (286.0, 288.0), (303.0, 300.0), (314.0, 310.0), (321.0, 313.0)]}
[DEBUG] mask nonzero = 240
[DEBUG] found 3 raw contours
[DEBUG] kept 3 candidates after filtering
[DEBUG] roi_desc = {'type': 'polygon', 'polygon': [(329.0, 318.0), (351.0, 301.0), (373.0, 280.0), (395.0, 264.0), (410.0, 237.0), (399.0, 194.0), (357.0, 161.0), (310.0, 167.0), (271.0, 175.0), (237.0, 188.0), (221.0, 208.0), (219.0, 222.0), (219.0, 239.0), (234.0, 245.0), (249.0, 255.0), (260.0, 269.0), (286.0, 288.0), (303.0, 300.0), (314.0, 310.0), (321.0, 313.0)]}
[DEBUG] mask nonzero = 242
[DEBUG] found 3 raw contours
[DEBUG] kept 3 candidates after filtering
[DEBUG] roi_desc = {'type': 'polygon', 'polygon': [(329.0, 318.0), (351.0, 301.0), (373.0, 280.0), (395.0, 264.0), (410.0, 237.0), (399.0, 194.0), (357.0, 161.0), (310.0, 167.0), (271.0, 175.0), (237.0, 188.0), (221.0, 208.0), (219.0, 222.0), (219.0, 239.0), (234.0, 245.0), (249.0, 255.0), (260.0, 269.0), (286.0, 288.0), (303.0, 300.0), (314.0, 310.0), (321.0, 313.0)]}
[DEBUG] mask nonzero = 242
[DEBUG] found 3 raw contours
[DEBUG] kept 3 candidates after filtering
[DEBUG] roi_desc = {'type': 'polygon', 'polygon': [(329.0, 318.0), (351.0, 301.0), (373.0, 280.0), (395.0, 264.0), (410.0, 237.0), (399.0, 194.0), (357.0, 161.0), (310.0, 167.0), (271.0, 175.0), (237.0, 188.0), (221.0, 208.0), (219.0, 222.0), (219.0, 239.0), (234.0, 245.0), (249.0, 255.0), (260.0, 269.0), (286.0, 288.0), (303.0, 300.0), (314.0, 310.0), (321.0, 313.0)]}
[DEBUG] mask nonzero = 239
[DEBUG] found 3 raw contours
[DEBUG] kept 3 candidates after filtering
[DEBUG] roi_desc = {'type': 'polygon', 'polygon': [(329.0, 318.0), (351.0, 301.0), (373.0, 280.0), (395.0, 264.0), (410.0, 237.0), (399.0, 194.0), (357.0, 161.0), (310.0, 167.0), (271.0, 175.0), (237.0, 188.0), (221.0, 208.0), (219.0, 222.0), (219.0, 239.0), (234.0, 245.0), (249.0, 255.0), (260.0, 269.0), (286.0, 288.0), (303.0, 300.0), (314.0, 310.0), (321.0, 313.0)]}
[DEBUG] mask nonzero = 241
[DEBUG] found 3 raw contours
[DEBUG] kept 3 candidates after filtering
[DEBUG] roi_desc = {'type': 'polygon', 'polygon': [(329.0, 318.0), (351.0, 301.0), (373.0, 280.0), (395.0, 264.0), (410.0, 237.0), (399.0, 194.0), (357.0, 161.0), (310.0, 167.0), (271.0, 175.0), (237.0, 188.0), (221.0, 208.0), (219.0, 222.0), (219.0, 239.0), (234.0, 245.0), (249.0, 255.0), (260.0, 269.0), (286.0, 288.0), (303.0, 300.0), (314.0, 310.0), (321.0, 313.0)]}
[DEBUG] mask nonzero = 243
[DEBUG] found 3 raw contours
[DEBUG] kept 3 candidates after filtering
[DEBUG] roi_desc = {'type': 'polygon', 'polygon': [(329.0, 318.0), (351.0, 301.0), (373.0, 280.0), (395.0, 264.0), (410.0, 237.0), (399.0, 194.0), (357.0, 161.0), (310.0, 167.0), (271.0, 175.0), (237.0, 188.0), (221.0, 208.0), (219.0, 222.0), (219.0, 239.0), (234.0, 245.0), (249.0, 255.0), (260.0, 269.0), (286.0, 288.0), (303.0, 300.0), (314.0, 310.0), (321.0, 313.0)]}
[DEBUG] mask nonzero = 235
[DEBUG] found 3 raw contours
[DEBUG] kept 3 candidates after filtering
[DEBUG] roi_desc = {'type': 'polygon', 'polygon': [(329.0, 318.0), (351.0, 301.0), (373.0, 280.0), (395.0, 264.0), (410.0, 237.0), (399.0, 194.0), (357.0, 161.0), (310.0, 167.0), (271.0, 175.0), (237.0, 188.0), (221.0, 208.0), (219.0, 222.0), (219.0, 239.0), (234.0, 245.0), (249.0, 255.0), (260.0, 269.0), (286.0, 288.0), (303.0, 300.0), (314.0, 310.0), (321.0, 313.0)]}
[DEBUG] mask nonzero = 234
[DEBUG] found 3 raw contours
[DEBUG] kept 3 candidates after filtering
[DEBUG] roi_desc = {'type': 'polygon', 'polygon': [(329.0, 318.0), (351.0, 301.0), (373.0, 280.0), (395.0, 264.0), (410.0, 237.0), (399.0, 194.0), (357.0, 161.0), (310.0, 167.0), (271.0, 175.0), (237.0, 188.0), (221.0, 208.0), (219.0, 222.0), (219.0, 239.0), (234.0, 245.0), (249.0, 255.0), (260.0, 269.0), (286.0, 288.0), (303.0, 300.0), (314.0, 310.0), (321.0, 313.0)]}
[DEBUG] mask nonzero = 242
[DEBUG] found 3 raw contours
[DEBUG] kept 3 candidates after filtering
[DEBUG] roi_desc = {'type': 'polygon', 'polygon': [(329.0, 318.0), (351.0, 301.0), (373.0, 280.0), (395.0, 264.0), (410.0, 237.0), (399.0, 194.0), (357.0, 161.0), (310.0, 167.0), (271.0, 175.0), (237.0, 188.0), (221.0, 208.0), (219.0, 222.0), (219.0, 239.0), (234.0, 245.0), (249.0, 255.0), (260.0, 269.0), (286.0, 288.0), (303.0, 300.0), (314.0, 310.0), (321.0, 313.0)]}
[DEBUG] mask nonzero = 236
[DEBUG] found 3 raw contours
[DEBUG] kept 3 candidates after filtering
[DEBUG] roi_desc = {'type': 'polygon', 'polygon': [(329.0, 318.0), (351.0, 301.0), (373.0, 280.0), (395.0, 264.0), (410.0, 237.0), (399.0, 194.0), (357.0, 161.0), (310.0, 167.0), (271.0, 175.0), (237.0, 188.0), (221.0, 208.0), (219.0, 222.0), (219.0, 239.0), (234.0, 245.0), (249.0, 255.0), (260.0, 269.0), (286.0, 288.0), (303.0, 300.0), (314.0, 310.0), (321.0, 313.0)]}
[DEBUG] mask nonzero = 241
[DEBUG] found 3 raw contours
[DEBUG] kept 3 candidates after filtering
[DEBUG] roi_desc = {'type': 'polygon', 'polygon': [(329.0, 318.0), (351.0, 301.0), (373.0, 280.0), (395.0, 264.0), (410.0, 237.0), (399.0, 194.0), (357.0, 161.0), (310.0, 167.0), (271.0, 175.0), (237.0, 188.0), (221.0, 208.0), (219.0, 222.0), (219.0, 239.0), (234.0, 245.0), (249.0, 255.0), (260.0, 269.0), (286.0, 288.0), (303.0, 300.0), (314.0, 310.0), (321.0, 313.0)]}
[DEBUG] mask nonzero = 241
[DEBUG] found 3 raw contours
[DEBUG] kept 3 candidates after filtering
[DEBUG] roi_desc = {'type': 'polygon', 'polygon': [(329.0, 318.0), (351.0, 301.0), (373.0, 280.0), (395.0, 264.0), (410.0, 237.0), (399.0, 194.0), (357.0, 161.0), (310.0, 167.0), (271.0, 175.0), (237.0, 188.0), (221.0, 208.0), (219.0, 222.0), (219.0, 239.0), (234.0, 245.0), (249.0, 255.0), (260.0, 269.0), (286.0, 288.0), (303.0, 300.0), (314.0, 310.0), (321.0, 313.0)]}
[DEBUG] mask nonzero = 239
[DEBUG] found 3 raw contours
[DEBUG] kept 3 candidates after filtering
[DEBUG] roi_desc = {'type': 'polygon', 'polygon': [(329.0, 318.0), (351.0, 301.0), (373.0, 280.0), (395.0, 264.0), (410.0, 237.0), (399.0, 194.0), (357.0, 161.0), (310.0, 167.0), (271.0, 175.0), (237.0, 188.0), (221.0, 208.0), (219.0, 222.0), (219.0, 239.0), (234.0, 245.0), (249.0, 255.0), (260.0, 269.0), (286.0, 288.0), (303.0, 300.0), (314.0, 310.0), (321.0, 313.0)]}
[DEBUG] mask nonzero = 240
[DEBUG] found 3 raw contours
[DEBUG] kept 3 candidates after filtering
[DEBUG] roi_desc = {'type': 'polygon', 'polygon': [(329.0, 318.0), (351.0, 301.0), (373.0, 280.0), (395.0, 264.0), (410.0, 237.0), (399.0, 194.0), (357.0, 161.0), (310.0, 167.0), (271.0, 175.0), (237.0, 188.0), (221.0, 208.0), (219.0, 222.0), (219.0, 239.0), (234.0, 245.0), (249.0, 255.0), (260.0, 269.0), (286.0, 288.0), (303.0, 300.0), (314.0, 310.0), (321.0, 313.0)]}
[DEBUG] mask nonzero = 236
[DEBUG] found 3 raw contours
[DEBUG] kept 3 candidates after filtering
[DEBUG] roi_desc = {'type': 'polygon', 'polygon': [(329.0, 318.0), (351.0, 301.0), (373.0, 280.0), (395.0, 264.0), (410.0, 237.0), (399.0, 194.0), (357.0, 161.0), (310.0, 167.0), (271.0, 175.0), (237.0, 188.0), (221.0, 208.0), (219.0, 222.0), (219.0, 239.0), (234.0, 245.0), (249.0, 255.0), (260.0, 269.0), (286.0, 288.0), (303.0, 300.0), (314.0, 310.0), (321.0, 313.0)]}
[DEBUG] mask nonzero = 239
[DEBUG] found 3 raw contours
[DEBUG] kept 3 candidates after filtering
[DEBUG] roi_desc = {'type': 'polygon', 'polygon': [(329.0, 318.0), (351.0, 301.0), (373.0, 280.0), (395.0, 264.0), (410.0, 237.0), (399.0, 194.0), (357.0, 161.0), (310.0, 167.0), (271.0, 175.0), (237.0, 188.0), (221.0, 208.0), (219.0, 222.0), (219.0, 239.0), (234.0, 245.0), (249.0, 255.0), (260.0, 269.0), (286.0, 288.0), (303.0, 300.0), (314.0, 310.0), (321.0, 313.0)]}
[DEBUG] mask nonzero = 243
[DEBUG] found 3 raw contours
[DEBUG] kept 3 candidates after filtering
[DEBUG] roi_desc = {'type': 'polygon', 'polygon': [(329.0, 318.0), (351.0, 301.0), (373.0, 280.0), (395.0, 264.0), (410.0, 237.0), (399.0, 194.0), (357.0, 161.0), (310.0, 167.0), (271.0, 175.0), (237.0, 188.0), (221.0, 208.0), (219.0, 222.0), (219.0, 239.0), (234.0, 245.0), (249.0, 255.0), (260.0, 269.0), (286.0, 288.0), (303.0, 300.0), (314.0, 310.0), (321.0, 313.0)]}
[DEBUG] mask nonzero = 238
[DEBUG] found 3 raw contours
[DEBUG] kept 3 candidates after filtering
[DEBUG] roi_desc = {'type': 'polygon', 'polygon': [(329.0, 318.0), (351.0, 301.0), (373.0, 280.0), (395.0, 264.0), (410.0, 237.0), (399.0, 194.0), (357.0, 161.0), (310.0, 167.0), (271.0, 175.0), (237.0, 188.0), (221.0, 208.0), (219.0, 222.0), (219.0, 239.0), (234.0, 245.0), (249.0, 255.0), (260.0, 269.0), (286.0, 288.0), (303.0, 300.0), (314.0, 310.0), (321.0, 313.0)]}
[DEBUG] mask nonzero = 240
[DEBUG] found 3 raw contours
[DEBUG] kept 3 candidates after filtering
[DEBUG] roi_desc = {'type': 'polygon', 'polygon': [(329.0, 318.0), (351.0, 301.0), (373.0, 280.0), (395.0, 264.0), (410.0, 237.0), (399.0, 194.0), (357.0, 161.0), (310.0, 167.0), (271.0, 175.0), (237.0, 188.0), (221.0, 208.0), (219.0, 222.0), (219.0, 239.0), (234.0, 245.0), (249.0, 255.0), (260.0, 269.0), (286.0, 288.0), (303.0, 300.0), (314.0, 310.0), (321.0, 313.0)]}
[DEBUG] mask nonzero = 239
[DEBUG] found 3 raw contours
[DEBUG] kept 3 candidates after filtering
[DEBUG] roi_desc = {'type': 'polygon', 'polygon': [(329.0, 318.0), (351.0, 301.0), (373.0, 280.0), (395.0, 264.0), (410.0, 237.0), (399.0, 194.0), (357.0, 161.0), (310.0, 167.0), (271.0, 175.0), (237.0, 188.0), (221.0, 208.0), (219.0, 222.0), (219.0, 239.0), (234.0, 245.0), (249.0, 255.0), (260.0, 269.0), (286.0, 288.0), (303.0, 300.0), (314.0, 310.0), (321.0, 313.0)]}
[DEBUG] mask nonzero = 239
[DEBUG] found 3 raw contours
[DEBUG] kept 3 candidates after filtering
[DEBUG] roi_desc = {'type': 'polygon', 'polygon': [(329.0, 318.0), (351.0, 301.0), (373.0, 280.0), (395.0, 264.0), (410.0, 237.0), (399.0, 194.0), (357.0, 161.0), (310.0, 167.0), (271.0, 175.0), (237.0, 188.0), (221.0, 208.0), (219.0, 222.0), (219.0, 239.0), (234.0, 245.0), (249.0, 255.0), (260.0, 269.0), (286.0, 288.0), (303.0, 300.0), (314.0, 310.0), (321.0, 313.0)]}
[DEBUG] mask nonzero = 242
[DEBUG] found 3 raw contours
[DEBUG] kept 3 candidates after filtering
[DEBUG] roi_desc = {'type': 'polygon', 'polygon': [(329.0, 318.0), (351.0, 301.0), (373.0, 280.0), (395.0, 264.0), (410.0, 237.0), (399.0, 194.0), (357.0, 161.0), (310.0, 167.0), (271.0, 175.0), (237.0, 188.0), (221.0, 208.0), (219.0, 222.0), (219.0, 239.0), (234.0, 245.0), (249.0, 255.0), (260.0, 269.0), (286.0, 288.0), (303.0, 300.0), (314.0, 310.0), (321.0, 313.0)]}
[DEBUG] mask nonzero = 238
[DEBUG] found 3 raw contours
[DEBUG] kept 3 candidates after filtering
[DEBUG] roi_desc = {'type': 'polygon', 'polygon': [(329.0, 318.0), (351.0, 301.0), (373.0, 280.0), (395.0, 264.0), (410.0, 237.0), (399.0, 194.0), (357.0, 161.0), (310.0, 167.0), (271.0, 175.0), (237.0, 188.0), (221.0, 208.0), (219.0, 222.0), (219.0, 239.0), (234.0, 245.0), (249.0, 255.0), (260.0, 269.0), (286.0, 288.0), (303.0, 300.0), (314.0, 310.0), (321.0, 313.0)]}
[DEBUG] mask nonzero = 234
[DEBUG] found 3 raw contours
[DEBUG] kept 3 candidates after filtering
[DEBUG] roi_desc = {'type': 'polygon', 'polygon': [(329.0, 318.0), (351.0, 301.0), (373.0, 280.0), (395.0, 264.0), (410.0, 237.0), (399.0, 194.0), (357.0, 161.0), (310.0, 167.0), (271.0, 175.0), (237.0, 188.0), (221.0, 208.0), (219.0, 222.0), (219.0, 239.0), (234.0, 245.0), (249.0, 255.0), (260.0, 269.0), (286.0, 288.0), (303.0, 300.0), (314.0, 310.0), (321.0, 313.0)]}
[DEBUG] mask nonzero = 241
[DEBUG] found 3 raw contours
[DEBUG] kept 3 candidates after filtering
[DEBUG] roi_desc = {'type': 'polygon', 'polygon': [(329.0, 318.0), (351.0, 301.0), (373.0, 280.0), (395.0, 264.0), (410.0, 237.0), (399.0, 194.0), (357.0, 161.0), (310.0, 167.0), (271.0, 175.0), (237.0, 188.0), (221.0, 208.0), (219.0, 222.0), (219.0, 239.0), (234.0, 245.0), (249.0, 255.0), (260.0, 269.0), (286.0, 288.0), (303.0, 300.0), (314.0, 310.0), (321.0, 313.0)]}
[DEBUG] mask nonzero = 238
[DEBUG] found 3 raw contours
[DEBUG] kept 3 candidates after filtering
[DEBUG] roi_desc = {'type': 'polygon', 'polygon': [(329.0, 318.0), (351.0, 301.0), (373.0, 280.0), (395.0, 264.0), (410.0, 237.0), (399.0, 194.0), (357.0, 161.0), (310.0, 167.0), (271.0, 175.0), (237.0, 188.0), (221.0, 208.0), (219.0, 222.0), (219.0, 239.0), (234.0, 245.0), (249.0, 255.0), (260.0, 269.0), (286.0, 288.0), (303.0, 300.0), (314.0, 310.0), (321.0, 313.0)]}
[DEBUG] mask nonzero = 241
[DEBUG] found 3 raw contours
[DEBUG] kept 3 candidates after filtering
[DEBUG] roi_desc = {'type': 'polygon', 'polygon': [(329.0, 318.0), (351.0, 301.0), (373.0, 280.0), (395.0, 264.0), (410.0, 237.0), (399.0, 194.0), (357.0, 161.0), (310.0, 167.0), (271.0, 175.0), (237.0, 188.0), (221.0, 208.0), (219.0, 222.0), (219.0, 239.0), (234.0, 245.0), (249.0, 255.0), (260.0, 269.0), (286.0, 288.0), (303.0, 300.0), (314.0, 310.0), (321.0, 313.0)]}
[DEBUG] mask nonzero = 240
[DEBUG] found 3 raw contours
[DEBUG] kept 3 candidates after filtering
[DEBUG] roi_desc = {'type': 'polygon', 'polygon': [(329.0, 318.0), (351.0, 301.0), (373.0, 280.0), (395.0, 264.0), (410.0, 237.0), (399.0, 194.0), (357.0, 161.0), (310.0, 167.0), (271.0, 175.0), (237.0, 188.0), (221.0, 208.0), (219.0, 222.0), (219.0, 239.0), (234.0, 245.0), (249.0, 255.0), (260.0, 269.0), (286.0, 288.0), (303.0, 300.0), (314.0, 310.0), (321.0, 313.0)]}
[DEBUG] mask nonzero = 241
[DEBUG] found 3 raw contours
[DEBUG] kept 3 candidates after filtering
[DEBUG] roi_desc = {'type': 'polygon', 'polygon': [(329.0, 318.0), (351.0, 301.0), (373.0, 280.0), (395.0, 264.0), (410.0, 237.0), (399.0, 194.0), (357.0, 161.0), (310.0, 167.0), (271.0, 175.0), (237.0, 188.0), (221.0, 208.0), (219.0, 222.0), (219.0, 239.0), (234.0, 245.0), (249.0, 255.0), (260.0, 269.0), (286.0, 288.0), (303.0, 300.0), (314.0, 310.0), (321.0, 313.0)]}
[DEBUG] mask nonzero = 240
[DEBUG] found 3 raw contours
[DEBUG] kept 3 candidates after filtering
[DEBUG] roi_desc = {'type': 'polygon', 'polygon': [(329.0, 318.0), (351.0, 301.0), (373.0, 280.0), (395.0, 264.0), (410.0, 237.0), (399.0, 194.0), (357.0, 161.0), (310.0, 167.0), (271.0, 175.0), (237.0, 188.0), (221.0, 208.0), (219.0, 222.0), (219.0, 239.0), (234.0, 245.0), (249.0, 255.0), (260.0, 269.0), (286.0, 288.0), (303.0, 300.0), (314.0, 310.0), (321.0, 313.0)]}
[DEBUG] mask nonzero = 242
[DEBUG] found 3 raw contours
[DEBUG] kept 3 candidates after filtering
[DEBUG] roi_desc = {'type': 'polygon', 'polygon': [(329.0, 318.0), (351.0, 301.0), (373.0, 280.0), (395.0, 264.0), (410.0, 237.0), (399.0, 194.0), (357.0, 161.0), (310.0, 167.0), (271.0, 175.0), (237.0, 188.0), (221.0, 208.0), (219.0, 222.0), (219.0, 239.0), (234.0, 245.0), (249.0, 255.0), (260.0, 269.0), (286.0, 288.0), (303.0, 300.0), (314.0, 310.0), (321.0, 313.0)]}
[DEBUG] mask nonzero = 243
[DEBUG] found 3 raw contours
[DEBUG] kept 3 candidates after filtering
[DEBUG] roi_desc = {'type': 'polygon', 'polygon': [(329.0, 318.0), (351.0, 301.0), (373.0, 280.0), (395.0, 264.0), (410.0, 237.0), (399.0, 194.0), (357.0, 161.0), (310.0, 167.0), (271.0, 175.0), (237.0, 188.0), (221.0, 208.0), (219.0, 222.0), (219.0, 239.0), (234.0, 245.0), (249.0, 255.0), (260.0, 269.0), (286.0, 288.0), (303.0, 300.0), (314.0, 310.0), (321.0, 313.0)]}
[DEBUG] mask nonzero = 238
[DEBUG] found 3 raw contours
[DEBUG] kept 3 candidates after filtering
[DEBUG] roi_desc = {'type': 'polygon', 'polygon': [(329.0, 318.0), (351.0, 301.0), (373.0, 280.0), (395.0, 264.0), (410.0, 237.0), (399.0, 194.0), (357.0, 161.0), (310.0, 167.0), (271.0, 175.0), (237.0, 188.0), (221.0, 208.0), (219.0, 222.0), (219.0, 239.0), (234.0, 245.0), (249.0, 255.0), (260.0, 269.0), (286.0, 288.0), (303.0, 300.0), (314.0, 310.0), (321.0, 313.0)]}
[DEBUG] mask nonzero = 237
[DEBUG] found 3 raw contours
[DEBUG] kept 3 candidates after filtering
[DEBUG] roi_desc = {'type': 'polygon', 'polygon': [(329.0, 318.0), (351.0, 301.0), (373.0, 280.0), (395.0, 264.0), (410.0, 237.0), (399.0, 194.0), (357.0, 161.0), (310.0, 167.0), (271.0, 175.0), (237.0, 188.0), (221.0, 208.0), (219.0, 222.0), (219.0, 239.0), (234.0, 245.0), (249.0, 255.0), (260.0, 269.0), (286.0, 288.0), (303.0, 300.0), (314.0, 310.0), (321.0, 313.0)]}
[DEBUG] mask nonzero = 237
[DEBUG] found 3 raw contours
[DEBUG] kept 3 candidates after filtering
[DEBUG] roi_desc = {'type': 'polygon', 'polygon': [(329.0, 318.0), (351.0, 301.0), (373.0, 280.0), (395.0, 264.0), (410.0, 237.0), (399.0, 194.0), (357.0, 161.0), (310.0, 167.0), (271.0, 175.0), (237.0, 188.0), (221.0, 208.0), (219.0, 222.0), (219.0, 239.0), (234.0, 245.0), (249.0, 255.0), (260.0, 269.0), (286.0, 288.0), (303.0, 300.0), (314.0, 310.0), (321.0, 313.0)]}
[DEBUG] mask nonzero = 241
[DEBUG] found 3 raw contours
[DEBUG] kept 3 candidates after filtering
[DEBUG] roi_desc = {'type': 'polygon', 'polygon': [(329.0, 318.0), (351.0, 301.0), (373.0, 280.0), (395.0, 264.0), (410.0, 237.0), (399.0, 194.0), (357.0, 161.0), (310.0, 167.0), (271.0, 175.0), (237.0, 188.0), (221.0, 208.0), (219.0, 222.0), (219.0, 239.0), (234.0, 245.0), (249.0, 255.0), (260.0, 269.0), (286.0, 288.0), (303.0, 300.0), (314.0, 310.0), (321.0, 313.0)]}
[DEBUG] mask nonzero = 239
[DEBUG] found 3 raw contours
[DEBUG] kept 3 candidates after filtering
[DEBUG] roi_desc = {'type': 'polygon', 'polygon': [(329.0, 318.0), (351.0, 301.0), (373.0, 280.0), (395.0, 264.0), (410.0, 237.0), (399.0, 194.0), (357.0, 161.0), (310.0, 167.0), (271.0, 175.0), (237.0, 188.0), (221.0, 208.0), (219.0, 222.0), (219.0, 239.0), (234.0, 245.0), (249.0, 255.0), (260.0, 269.0), (286.0, 288.0), (303.0, 300.0), (314.0, 310.0), (321.0, 313.0)]}
[DEBUG] mask nonzero = 240
[DEBUG] found 3 raw contours
[DEBUG] kept 3 candidates after filtering
[DEBUG] roi_desc = {'type': 'polygon', 'polygon': [(329.0, 318.0), (351.0, 301.0), (373.0, 280.0), (395.0, 264.0), (410.0, 237.0), (399.0, 194.0), (357.0, 161.0), (310.0, 167.0), (271.0, 175.0), (237.0, 188.0), (221.0, 208.0), (219.0, 222.0), (219.0, 239.0), (234.0, 245.0), (249.0, 255.0), (260.0, 269.0), (286.0, 288.0), (303.0, 300.0), (314.0, 310.0), (321.0, 313.0)]}
[DEBUG] mask nonzero = 234
[DEBUG] found 3 raw contours
[DEBUG] kept 3 candidates after filtering
[DEBUG] roi_desc = {'type': 'polygon', 'polygon': [(329.0, 318.0), (351.0, 301.0), (373.0, 280.0), (395.0, 264.0), (410.0, 237.0), (399.0, 194.0), (357.0, 161.0), (310.0, 167.0), (271.0, 175.0), (237.0, 188.0), (221.0, 208.0), (219.0, 222.0), (219.0, 239.0), (234.0, 245.0), (249.0, 255.0), (260.0, 269.0), (286.0, 288.0), (303.0, 300.0), (314.0, 310.0), (321.0, 313.0)]}
[DEBUG] mask nonzero = 236
[DEBUG] found 3 raw contours
[DEBUG] kept 3 candidates after filtering
[DEBUG] roi_desc = {'type': 'polygon', 'polygon': [(329.0, 318.0), (351.0, 301.0), (373.0, 280.0), (395.0, 264.0), (410.0, 237.0), (399.0, 194.0), (357.0, 161.0), (310.0, 167.0), (271.0, 175.0), (237.0, 188.0), (221.0, 208.0), (219.0, 222.0), (219.0, 239.0), (234.0, 245.0), (249.0, 255.0), (260.0, 269.0), (286.0, 288.0), (303.0, 300.0), (314.0, 310.0), (321.0, 313.0)]}
[DEBUG] mask nonzero = 233
[DEBUG] found 3 raw contours
[DEBUG] kept 3 candidates after filtering
[DEBUG] roi_desc = {'type': 'polygon', 'polygon': [(329.0, 318.0), (351.0, 301.0), (373.0, 280.0), (395.0, 264.0), (410.0, 237.0), (399.0, 194.0), (357.0, 161.0), (310.0, 167.0), (271.0, 175.0), (237.0, 188.0), (221.0, 208.0), (219.0, 222.0), (219.0, 239.0), (234.0, 245.0), (249.0, 255.0), (260.0, 269.0), (286.0, 288.0), (303.0, 300.0), (314.0, 310.0), (321.0, 313.0)]}
[DEBUG] mask nonzero = 241
[DEBUG] found 3 raw contours
[DEBUG] kept 3 candidates after filtering
[DEBUG] roi_desc = {'type': 'polygon', 'polygon': [(329.0, 318.0), (351.0, 301.0), (373.0, 280.0), (395.0, 264.0), (410.0, 237.0), (399.0, 194.0), (357.0, 161.0), (310.0, 167.0), (271.0, 175.0), (237.0, 188.0), (221.0, 208.0), (219.0, 222.0), (219.0, 239.0), (234.0, 245.0), (249.0, 255.0), (260.0, 269.0), (286.0, 288.0), (303.0, 300.0), (314.0, 310.0), (321.0, 313.0)]}
[DEBUG] mask nonzero = 243
[DEBUG] found 3 raw contours
[DEBUG] kept 3 candidates after filtering
[DEBUG] roi_desc = {'type': 'polygon', 'polygon': [(329.0, 318.0), (351.0, 301.0), (373.0, 280.0), (395.0, 264.0), (410.0, 237.0), (399.0, 194.0), (357.0, 161.0), (310.0, 167.0), (271.0, 175.0), (237.0, 188.0), (221.0, 208.0), (219.0, 222.0), (219.0, 239.0), (234.0, 245.0), (249.0, 255.0), (260.0, 269.0), (286.0, 288.0), (303.0, 300.0), (314.0, 310.0), (321.0, 313.0)]}
[DEBUG] mask nonzero = 240
[DEBUG] found 3 raw contours
[DEBUG] kept 3 candidates after filtering
[DEBUG] roi_desc = {'type': 'polygon', 'polygon': [(329.0, 318.0), (351.0, 301.0), (373.0, 280.0), (395.0, 264.0), (410.0, 237.0), (399.0, 194.0), (357.0, 161.0), (310.0, 167.0), (271.0, 175.0), (237.0, 188.0), (221.0, 208.0), (219.0, 222.0), (219.0, 239.0), (234.0, 245.0), (249.0, 255.0), (260.0, 269.0), (286.0, 288.0), (303.0, 300.0), (314.0, 310.0), (321.0, 313.0)]}
[DEBUG] mask nonzero = 239
[DEBUG] found 3 raw contours
[DEBUG] kept 3 candidates after filtering
[DEBUG] roi_desc = {'type': 'polygon', 'polygon': [(329.0, 318.0), (351.0, 301.0), (373.0, 280.0), (395.0, 264.0), (410.0, 237.0), (399.0, 194.0), (357.0, 161.0), (310.0, 167.0), (271.0, 175.0), (237.0, 188.0), (221.0, 208.0), (219.0, 222.0), (219.0, 239.0), (234.0, 245.0), (249.0, 255.0), (260.0, 269.0), (286.0, 288.0), (303.0, 300.0), (314.0, 310.0), (321.0, 313.0)]}
[DEBUG] mask nonzero = 243
[DEBUG] found 3 raw contours
[DEBUG] kept 3 candidates after filtering
[DEBUG] roi_desc = {'type': 'polygon', 'polygon': [(329.0, 318.0), (351.0, 301.0), (373.0, 280.0), (395.0, 264.0), (410.0, 237.0), (399.0, 194.0), (357.0, 161.0), (310.0, 167.0), (271.0, 175.0), (237.0, 188.0), (221.0, 208.0), (219.0, 222.0), (219.0, 239.0), (234.0, 245.0), (249.0, 255.0), (260.0, 269.0), (286.0, 288.0), (303.0, 300.0), (314.0, 310.0), (321.0, 313.0)]}
[DEBUG] mask nonzero = 242
[DEBUG] found 3 raw contours
[DEBUG] kept 3 candidates after filtering
[DEBUG] roi_desc = {'type': 'polygon', 'polygon': [(329.0, 318.0), (351.0, 301.0), (373.0, 280.0), (395.0, 264.0), (410.0, 237.0), (399.0, 194.0), (357.0, 161.0), (310.0, 167.0), (271.0, 175.0), (237.0, 188.0), (221.0, 208.0), (219.0, 222.0), (219.0, 239.0), (234.0, 245.0), (249.0, 255.0), (260.0, 269.0), (286.0, 288.0), (303.0, 300.0), (314.0, 310.0), (321.0, 313.0)]}
[DEBUG] mask nonzero = 243
[DEBUG] found 3 raw contours
[DEBUG] kept 3 candidates after filtering
[DEBUG] roi_desc = {'type': 'polygon', 'polygon': [(329.0, 318.0), (351.0, 301.0), (373.0, 280.0), (395.0, 264.0), (410.0, 237.0), (399.0, 194.0), (357.0, 161.0), (310.0, 167.0), (271.0, 175.0), (237.0, 188.0), (221.0, 208.0), (219.0, 222.0), (219.0, 239.0), (234.0, 245.0), (249.0, 255.0), (260.0, 269.0), (286.0, 288.0), (303.0, 300.0), (314.0, 310.0), (321.0, 313.0)]}
[DEBUG] mask nonzero = 236
[DEBUG] found 3 raw contours
[DEBUG] kept 3 candidates after filtering
[DEBUG] roi_desc = {'type': 'polygon', 'polygon': [(329.0, 318.0), (351.0, 301.0), (373.0, 280.0), (395.0, 264.0), (410.0, 237.0), (399.0, 194.0), (357.0, 161.0), (310.0, 167.0), (271.0, 175.0), (237.0, 188.0), (221.0, 208.0), (219.0, 222.0), (219.0, 239.0), (234.0, 245.0), (249.0, 255.0), (260.0, 269.0), (286.0, 288.0), (303.0, 300.0), (314.0, 310.0), (321.0, 313.0)]}
[DEBUG] mask nonzero = 240
[DEBUG] found 3 raw contours
[DEBUG] kept 3 candidates after filtering
[DEBUG] roi_desc = {'type': 'polygon', 'polygon': [(329.0, 318.0), (351.0, 301.0), (373.0, 280.0), (395.0, 264.0), (410.0, 237.0), (399.0, 194.0), (357.0, 161.0), (310.0, 167.0), (271.0, 175.0), (237.0, 188.0), (221.0, 208.0), (219.0, 222.0), (219.0, 239.0), (234.0, 245.0), (249.0, 255.0), (260.0, 269.0), (286.0, 288.0), (303.0, 300.0), (314.0, 310.0), (321.0, 313.0)]}
[DEBUG] mask nonzero = 240
[DEBUG] found 3 raw contours
[DEBUG] kept 3 candidates after filtering
[DEBUG] roi_desc = {'type': 'polygon', 'polygon': [(329.0, 318.0), (351.0, 301.0), (373.0, 280.0), (395.0, 264.0), (410.0, 237.0), (399.0, 194.0), (357.0, 161.0), (310.0, 167.0), (271.0, 175.0), (237.0, 188.0), (221.0, 208.0), (219.0, 222.0), (219.0, 239.0), (234.0, 245.0), (249.0, 255.0), (260.0, 269.0), (286.0, 288.0), (303.0, 300.0), (314.0, 310.0), (321.0, 313.0)]}
[DEBUG] mask nonzero = 241
[DEBUG] found 3 raw contours
[DEBUG] kept 3 candidates after filtering
[DEBUG] roi_desc = {'type': 'polygon', 'polygon': [(329.0, 318.0), (351.0, 301.0), (373.0, 280.0), (395.0, 264.0), (410.0, 237.0), (399.0, 194.0), (357.0, 161.0), (310.0, 167.0), (271.0, 175.0), (237.0, 188.0), (221.0, 208.0), (219.0, 222.0), (219.0, 239.0), (234.0, 245.0), (249.0, 255.0), (260.0, 269.0), (286.0, 288.0), (303.0, 300.0), (314.0, 310.0), (321.0, 313.0)]}
[DEBUG] mask nonzero = 238
[DEBUG] found 3 raw contours
[DEBUG] kept 3 candidates after filtering
[DEBUG] roi_desc = {'type': 'polygon', 'polygon': [(329.0, 318.0), (351.0, 301.0), (373.0, 280.0), (395.0, 264.0), (410.0, 237.0), (399.0, 194.0), (357.0, 161.0), (310.0, 167.0), (271.0, 175.0), (237.0, 188.0), (221.0, 208.0), (219.0, 222.0), (219.0, 239.0), (234.0, 245.0), (249.0, 255.0), (260.0, 269.0), (286.0, 288.0), (303.0, 300.0), (314.0, 310.0), (321.0, 313.0)]}
[DEBUG] mask nonzero = 238
[DEBUG] found 3 raw contours
[DEBUG] kept 3 candidates after filtering
[DEBUG] roi_desc = {'type': 'polygon', 'polygon': [(329.0, 318.0), (351.0, 301.0), (373.0, 280.0), (395.0, 264.0), (410.0, 237.0), (399.0, 194.0), (357.0, 161.0), (310.0, 167.0), (271.0, 175.0), (237.0, 188.0), (221.0, 208.0), (219.0, 222.0), (219.0, 239.0), (234.0, 245.0), (249.0, 255.0), (260.0, 269.0), (286.0, 288.0), (303.0, 300.0), (314.0, 310.0), (321.0, 313.0)]}
[DEBUG] mask nonzero = 238
[DEBUG] found 3 raw contours
[DEBUG] kept 3 candidates after filtering
[DEBUG] roi_desc = {'type': 'polygon', 'polygon': [(329.0, 318.0), (351.0, 301.0), (373.0, 280.0), (395.0, 264.0), (410.0, 237.0), (399.0, 194.0), (357.0, 161.0), (310.0, 167.0), (271.0, 175.0), (237.0, 188.0), (221.0, 208.0), (219.0, 222.0), (219.0, 239.0), (234.0, 245.0), (249.0, 255.0), (260.0, 269.0), (286.0, 288.0), (303.0, 300.0), (314.0, 310.0), (321.0, 313.0)]}
[DEBUG] mask nonzero = 239
[DEBUG] found 3 raw contours
[DEBUG] kept 3 candidates after filtering
[DEBUG] roi_desc = {'type': 'polygon', 'polygon': [(329.0, 318.0), (351.0, 301.0), (373.0, 280.0), (395.0, 264.0), (410.0, 237.0), (399.0, 194.0), (357.0, 161.0), (310.0, 167.0), (271.0, 175.0), (237.0, 188.0), (221.0, 208.0), (219.0, 222.0), (219.0, 239.0), (234.0, 245.0), (249.0, 255.0), (260.0, 269.0), (286.0, 288.0), (303.0, 300.0), (314.0, 310.0), (321.0, 313.0)]}
[DEBUG] mask nonzero = 243
[DEBUG] found 3 raw contours
[DEBUG] kept 3 candidates after filtering
[DEBUG] roi_desc = {'type': 'polygon', 'polygon': [(329.0, 318.0), (351.0, 301.0), (373.0, 280.0), (395.0, 264.0), (410.0, 237.0), (399.0, 194.0), (357.0, 161.0), (310.0, 167.0), (271.0, 175.0), (237.0, 188.0), (221.0, 208.0), (219.0, 222.0), (219.0, 239.0), (234.0, 245.0), (249.0, 255.0), (260.0, 269.0), (286.0, 288.0), (303.0, 300.0), (314.0, 310.0), (321.0, 313.0)]}
[DEBUG] mask nonzero = 243
[DEBUG] found 3 raw contours
[DEBUG] kept 3 candidates after filtering
[DEBUG] roi_desc = {'type': 'polygon', 'polygon': [(329.0, 318.0), (351.0, 301.0), (373.0, 280.0), (395.0, 264.0), (410.0, 237.0), (399.0, 194.0), (357.0, 161.0), (310.0, 167.0), (271.0, 175.0), (237.0, 188.0), (221.0, 208.0), (219.0, 222.0), (219.0, 239.0), (234.0, 245.0), (249.0, 255.0), (260.0, 269.0), (286.0, 288.0), (303.0, 300.0), (314.0, 310.0), (321.0, 313.0)]}
[DEBUG] mask nonzero = 243
[DEBUG] found 3 raw contours
[DEBUG] kept 3 candidates after filtering
[DEBUG] roi_desc = {'type': 'polygon', 'polygon': [(329.0, 318.0), (351.0, 301.0), (373.0, 280.0), (395.0, 264.0), (410.0, 237.0), (399.0, 194.0), (357.0, 161.0), (310.0, 167.0), (271.0, 175.0), (237.0, 188.0), (221.0, 208.0), (219.0, 222.0), (219.0, 239.0), (234.0, 245.0), (249.0, 255.0), (260.0, 269.0), (286.0, 288.0), (303.0, 300.0), (314.0, 310.0), (321.0, 313.0)]}
[DEBUG] mask nonzero = 242
[DEBUG] found 3 raw contours
[DEBUG] kept 3 candidates after filtering
[DEBUG] roi_desc = {'type': 'polygon', 'polygon': [(329.0, 318.0), (351.0, 301.0), (373.0, 280.0), (395.0, 264.0), (410.0, 237.0), (399.0, 194.0), (357.0, 161.0), (310.0, 167.0), (271.0, 175.0), (237.0, 188.0), (221.0, 208.0), (219.0, 222.0), (219.0, 239.0), (234.0, 245.0), (249.0, 255.0), (260.0, 269.0), (286.0, 288.0), (303.0, 300.0), (314.0, 310.0), (321.0, 313.0)]}
[DEBUG] mask nonzero = 238
[DEBUG] found 3 raw contours
[DEBUG] kept 3 candidates after filtering
[DEBUG] roi_desc = {'type': 'polygon', 'polygon': [(329.0, 318.0), (351.0, 301.0), (373.0, 280.0), (395.0, 264.0), (410.0, 237.0), (399.0, 194.0), (357.0, 161.0), (310.0, 167.0), (271.0, 175.0), (237.0, 188.0), (221.0, 208.0), (219.0, 222.0), (219.0, 239.0), (234.0, 245.0), (249.0, 255.0), (260.0, 269.0), (286.0, 288.0), (303.0, 300.0), (314.0, 310.0), (321.0, 313.0)]}
[DEBUG] mask nonzero = 242
[DEBUG] found 3 raw contours
[DEBUG] kept 3 candidates after filtering
[DEBUG] roi_desc = {'type': 'polygon', 'polygon': [(329.0, 318.0), (351.0, 301.0), (373.0, 280.0), (395.0, 264.0), (410.0, 237.0), (399.0, 194.0), (357.0, 161.0), (310.0, 167.0), (271.0, 175.0), (237.0, 188.0), (221.0, 208.0), (219.0, 222.0), (219.0, 239.0), (234.0, 245.0), (249.0, 255.0), (260.0, 269.0), (286.0, 288.0), (303.0, 300.0), (314.0, 310.0), (321.0, 313.0)]}
[DEBUG] mask nonzero = 243
[DEBUG] found 3 raw contours
[DEBUG] kept 3 candidates after filtering
[DEBUG] roi_desc = {'type': 'polygon', 'polygon': [(329.0, 318.0), (351.0, 301.0), (373.0, 280.0), (395.0, 264.0), (410.0, 237.0), (399.0, 194.0), (357.0, 161.0), (310.0, 167.0), (271.0, 175.0), (237.0, 188.0), (221.0, 208.0), (219.0, 222.0), (219.0, 239.0), (234.0, 245.0), (249.0, 255.0), (260.0, 269.0), (286.0, 288.0), (303.0, 300.0), (314.0, 310.0), (321.0, 313.0)]}
[DEBUG] mask nonzero = 243
[DEBUG] found 3 raw contours
[DEBUG] kept 3 candidates after filtering
[DEBUG] roi_desc = {'type': 'polygon', 'polygon': [(329.0, 318.0), (351.0, 301.0), (373.0, 280.0), (395.0, 264.0), (410.0, 237.0), (399.0, 194.0), (357.0, 161.0), (310.0, 167.0), (271.0, 175.0), (237.0, 188.0), (221.0, 208.0), (219.0, 222.0), (219.0, 239.0), (234.0, 245.0), (249.0, 255.0), (260.0, 269.0), (286.0, 288.0), (303.0, 300.0), (314.0, 310.0), (321.0, 313.0)]}
[DEBUG] mask nonzero = 245
[DEBUG] found 3 raw contours
[DEBUG] kept 3 candidates after filtering
[DEBUG] roi_desc = {'type': 'polygon', 'polygon': [(329.0, 318.0), (351.0, 301.0), (373.0, 280.0), (395.0, 264.0), (410.0, 237.0), (399.0, 194.0), (357.0, 161.0), (310.0, 167.0), (271.0, 175.0), (237.0, 188.0), (221.0, 208.0), (219.0, 222.0), (219.0, 239.0), (234.0, 245.0), (249.0, 255.0), (260.0, 269.0), (286.0, 288.0), (303.0, 300.0), (314.0, 310.0), (321.0, 313.0)]}
[DEBUG] mask nonzero = 240
[DEBUG] found 3 raw contours
[DEBUG] kept 3 candidates after filtering
[DEBUG] roi_desc = {'type': 'polygon', 'polygon': [(329.0, 318.0), (351.0, 301.0), (373.0, 280.0), (395.0, 264.0), (410.0, 237.0), (399.0, 194.0), (357.0, 161.0), (310.0, 167.0), (271.0, 175.0), (237.0, 188.0), (221.0, 208.0), (219.0, 222.0), (219.0, 239.0), (234.0, 245.0), (249.0, 255.0), (260.0, 269.0), (286.0, 288.0), (303.0, 300.0), (314.0, 310.0), (321.0, 313.0)]}
[DEBUG] mask nonzero = 241
[DEBUG] found 3 raw contours
[DEBUG] kept 3 candidates after filtering
[DEBUG] roi_desc = {'type': 'polygon', 'polygon': [(329.0, 318.0), (351.0, 301.0), (373.0, 280.0), (395.0, 264.0), (410.0, 237.0), (399.0, 194.0), (357.0, 161.0), (310.0, 167.0), (271.0, 175.0), (237.0, 188.0), (221.0, 208.0), (219.0, 222.0), (219.0, 239.0), (234.0, 245.0), (249.0, 255.0), (260.0, 269.0), (286.0, 288.0), (303.0, 300.0), (314.0, 310.0), (321.0, 313.0)]}
[DEBUG] mask nonzero = 245
[DEBUG] found 3 raw contours
[DEBUG] kept 3 candidates after filtering
[DEBUG] roi_desc = {'type': 'polygon', 'polygon': [(329.0, 318.0), (351.0, 301.0), (373.0, 280.0), (395.0, 264.0), (410.0, 237.0), (399.0, 194.0), (357.0, 161.0), (310.0, 167.0), (271.0, 175.0), (237.0, 188.0), (221.0, 208.0), (219.0, 222.0), (219.0, 239.0), (234.0, 245.0), (249.0, 255.0), (260.0, 269.0), (286.0, 288.0), (303.0, 300.0), (314.0, 310.0), (321.0, 313.0)]}
[DEBUG] mask nonzero = 239
[DEBUG] found 3 raw contours
[DEBUG] kept 3 candidates after filtering
[DEBUG] roi_desc = {'type': 'polygon', 'polygon': [(329.0, 318.0), (351.0, 301.0), (373.0, 280.0), (395.0, 264.0), (410.0, 237.0), (399.0, 194.0), (357.0, 161.0), (310.0, 167.0), (271.0, 175.0), (237.0, 188.0), (221.0, 208.0), (219.0, 222.0), (219.0, 239.0), (234.0, 245.0), (249.0, 255.0), (260.0, 269.0), (286.0, 288.0), (303.0, 300.0), (314.0, 310.0), (321.0, 313.0)]}
[DEBUG] mask nonzero = 242
[DEBUG] found 3 raw contours
[DEBUG] kept 3 candidates after filtering
[DEBUG] roi_desc = {'type': 'polygon', 'polygon': [(329.0, 318.0), (351.0, 301.0), (373.0, 280.0), (395.0, 264.0), (410.0, 237.0), (399.0, 194.0), (357.0, 161.0), (310.0, 167.0), (271.0, 175.0), (237.0, 188.0), (221.0, 208.0), (219.0, 222.0), (219.0, 239.0), (234.0, 245.0), (249.0, 255.0), (260.0, 269.0), (286.0, 288.0), (303.0, 300.0), (314.0, 310.0), (321.0, 313.0)]}
[DEBUG] mask nonzero = 234
[DEBUG] found 3 raw contours
[DEBUG] kept 3 candidates after filtering
[DEBUG] roi_desc = {'type': 'polygon', 'polygon': [(329.0, 318.0), (351.0, 301.0), (373.0, 280.0), (395.0, 264.0), (410.0, 237.0), (399.0, 194.0), (357.0, 161.0), (310.0, 167.0), (271.0, 175.0), (237.0, 188.0), (221.0, 208.0), (219.0, 222.0), (219.0, 239.0), (234.0, 245.0), (249.0, 255.0), (260.0, 269.0), (286.0, 288.0), (303.0, 300.0), (314.0, 310.0), (321.0, 313.0)]}
[DEBUG] mask nonzero = 239
[DEBUG] found 3 raw contours
[DEBUG] kept 3 candidates after filtering
[DEBUG] roi_desc = {'type': 'polygon', 'polygon': [(329.0, 318.0), (351.0, 301.0), (373.0, 280.0), (395.0, 264.0), (410.0, 237.0), (399.0, 194.0), (357.0, 161.0), (310.0, 167.0), (271.0, 175.0), (237.0, 188.0), (221.0, 208.0), (219.0, 222.0), (219.0, 239.0), (234.0, 245.0), (249.0, 255.0), (260.0, 269.0), (286.0, 288.0), (303.0, 300.0), (314.0, 310.0), (321.0, 313.0)]}
[DEBUG] mask nonzero = 243
[DEBUG] found 3 raw contours
[DEBUG] kept 3 candidates after filtering
RTDEReceiveInterface boost system Exception: (asio.misc:2) End of file
RTDEReceiveInterface boost system Exception: (asio.misc:2) End of file
/home/jack/Proper-Research/beam_direction_magnetisation/post_processing/post_processing.py:560: UserWarning: FigureCanvasAgg is non-interactive, and thus cannot be shown
  plt.show()
[DEBUG] roi_desc = {'type': 'polygon', 'polygon': [(329.0, 318.0), (351.0, 301.0), (373.0, 280.0), (395.0, 264.0), (410.0, 237.0), (399.0, 194.0), (357.0, 161.0), (310.0, 167.0), (271.0, 175.0), (237.0, 188.0), (221.0, 208.0), (219.0, 222.0), (219.0, 239.0), (234.0, 245.0), (249.0, 255.0), (260.0, 269.0), (286.0, 288.0), (303.0, 300.0), (314.0, 310.0), (321.0, 313.0)]}
[DEBUG] mask nonzero = 242
[DEBUG] found 3 raw contours
[DEBUG] kept 3 candidates after filtering
[DEBUG] roi_desc = {'type': 'polygon', 'polygon': [(329.0, 318.0), (351.0, 301.0), (373.0, 280.0), (395.0, 264.0), (410.0, 237.0), (399.0, 194.0), (357.0, 161.0), (310.0, 167.0), (271.0, 175.0), (237.0, 188.0), (221.0, 208.0), (219.0, 222.0), (219.0, 239.0), (234.0, 245.0), (249.0, 255.0), (260.0, 269.0), (286.0, 288.0), (303.0, 300.0), (314.0, 310.0), (321.0, 313.0)]}
[DEBUG] mask nonzero = 239
[DEBUG] found 3 raw contours
[DEBUG] kept 3 candidates after filtering
[DEBUG] roi_desc = {'type': 'polygon', 'polygon': [(329.0, 318.0), (351.0, 301.0), (373.0, 280.0), (395.0, 264.0), (410.0, 237.0), (399.0, 194.0), (357.0, 161.0), (310.0, 167.0), (271.0, 175.0), (237.0, 188.0), (221.0, 208.0), (219.0, 222.0), (219.0, 239.0), (234.0, 245.0), (249.0, 255.0), (260.0, 269.0), (286.0, 288.0), (303.0, 300.0), (314.0, 310.0), (321.0, 313.0)]}
[DEBUG] mask nonzero = 240
[DEBUG] found 3 raw contours
[DEBUG] kept 3 candidates after filtering
[DEBUG] roi_desc = {'type': 'polygon', 'polygon': [(329.0, 318.0), (351.0, 301.0), (373.0, 280.0), (395.0, 264.0), (410.0, 237.0), (399.0, 194.0), (357.0, 161.0), (310.0, 167.0), (271.0, 175.0), (237.0, 188.0), (221.0, 208.0), (219.0, 222.0), (219.0, 239.0), (234.0, 245.0), (249.0, 255.0), (260.0, 269.0), (286.0, 288.0), (303.0, 300.0), (314.0, 310.0), (321.0, 313.0)]}
[DEBUG] mask nonzero = 241
[DEBUG] found 3 raw contours
[DEBUG] kept 3 candidates after filtering
[DEBUG] roi_desc = {'type': 'polygon', 'polygon': [(329.0, 318.0), (351.0, 301.0), (373.0, 280.0), (395.0, 264.0), (410.0, 237.0), (399.0, 194.0), (357.0, 161.0), (310.0, 167.0), (271.0, 175.0), (237.0, 188.0), (221.0, 208.0), (219.0, 222.0), (219.0, 239.0), (234.0, 245.0), (249.0, 255.0), (260.0, 269.0), (286.0, 288.0), (303.0, 300.0), (314.0, 310.0), (321.0, 313.0)]}
[DEBUG] mask nonzero = 237
[DEBUG] found 3 raw contours
[DEBUG] kept 3 candidates after filtering
[beam] iter 0: 29.7 mm (target 30, err +0.3)
[worker] beam 29.7 mm; running mpc_lti
[path] LIVE (servoJ per tick)  control @ 10.0 Hz  ref=plan_dir
[path] log -> /home/jack/Proper-Research/close_loop_logs/compare_tri/runs/lti_rep3_20260910T133116Z/path_follow.jsonl
[path] T_R_B  B.x(axial)=[-1.0, 0.0, 0.0]  B.y(sideways)=[0.0, 1.0, 0.0]  B.z(camera)=[0.0, 0.0, -1.0]
[path] advancer LIVE on /dev/ttyACM0
[path] camera + reader up; waiting for first tip + joints...
[path] planner->R fit: |t_fit|=0.000 m, det(R_fit)=+1.000
[path]   plan des[0] [495.8, -670.0, -16.6] mm  des[-1] [495.8, -670.0, -16.6] mm  (robot frame)
[path] loaded plan reference: 132 samples, 13.1s, source='/home/jack/Proper-Research/plans/triangle_8mm_2026-09-10/time_parameterized_configuration_path/time_parameterized_configuration_path.csv'
[path] start tip (mm) = [495.84, -670.04, -16.57]
[path] ref[0]     (mm) = [495.84, -670.04, -16.57]
[path] ref[-1]    (mm) = [495.84, -670.04, -16.57]
[path] building analytic beam Jacobian (forward-model solve + FK)...
[INIT] L_ins=0.040 -> L_model=0.040, wire_len=0.000, tip_len=0.040


tip position         : [ 0.79019416 -0.69343739 -0.09999488]
base position        : [ 0.82813282 -0.68127317 -0.1       ]
tip deflection       : [-3.79386605e-02 -1.21642203e-02  5.11578172e-06]
tip deflection norm  : 3.984106e-02



max violation        : 1.912274e-02

[path] model magnet in B = [+280, -0, -0] mm (coaxial: B.y/B.z ~0 -> magnet on the beam axis, ~280 mm ahead)
[path] |d(tip)/d(magnet)| per axis  B.z/out=0.005  B.y/in-plane=0.075  B.x/axial=0.075 mm/mm (axial should be ~0 for a coaxial axial-dipole magnet)
[path] ===== FROZEN BEAM JACOBIAN  d(tip_R xyz)/d[q1..q6, insertion] =====
[path] rows = tip R.x, R.y, R.z   cols = q1..q6 (rad), insertion (m)
[path]   R.x: [ 0.00231 -0.00006 -0.00147 -0.00076  0.00075 -0.00078 -0.99782]
[path]   R.y: [ 0.05097 -0.00358 -0.03426 -0.0177   0.01688 -0.0172   0.067  ]
[path]   R.z: [ 0.00019  0.09658  0.07986  0.04367 -0.01113  0.00061  0.00168]
[path] --- J = J_beam[:, 0:3] @ Jv_robot ,  J[:,6] = J_beam[:,6] ---
[path] J_beam (3x7) d(tip)/d[magnet_xyz(3), magnet_rot(3), insertion]:
[path]   R.x: [ 0.00021  0.00342  0.00008  0.      -0.00001  0.00029 -0.99782]
[path]   R.y: [ 0.00478  0.07521  0.00001 -0.00002 -0.       0.00636  0.067  ]
[path]   R.z: [ 0.00016  0.       0.07479  0.0011  -0.00627  0.       0.00168]
[path] Jv_robot (3x6) d(TCP_pos)/d(q):
[path]   R.x: [ 1.18707  0.04473  0.4168   0.21869  0.23479 -0.45274]
[path]   R.y: [ 0.6023  -0.05056 -0.4822  -0.24931  0.20953 -0.19985]
[path]   R.z: [ 0.       1.29127  1.06686  0.5834  -0.1493   0.00918]
[path] ================================================================
[path] cond(J[:, :6]) = 26179.71
[path] using external Jacobian schedule (132, 3, 7)
[path] controller = mpc_lti (horizon=30, freeze@0); closing the loop
Polishing not needed - no active set detected at optimal point
Polishing not needed - no active set detected at optimal point
[  10] ref=   9/131 |e|=  0.30mm e=[ -0.00  +0.30  +0.00] |qd|=0.1086 ins= 31.4mm
[  20] ref=  19/131 |e|=  0.33mm e=[ +0.12  +0.30  +0.00] |qd|=0.1401 ins= 33.0mm
[  30] ref=  29/131 |e|=  0.81mm e=[ +0.43  +0.69  +0.00] |qd|=0.1784 ins= 34.5mm
[  40] ref=  39/131 |e|=  1.91mm e=[ +0.60  +1.81  +0.00] |qd|=0.2110 ins= 36.1mm
[  50] ref=  49/131 |e|=  2.54mm e=[ -0.25  +2.52  +0.00] |qd|=0.2068 ins= 37.5mm
[  60] ref=  59/131 |e|=  0.85mm e=[ +0.76  -0.38  +0.00] |qd|=0.0690 ins= 38.6mm
[  70] ref=  69/131 |e|=  1.53mm e=[ +0.78  -1.31  +0.00] |qd|=0.1700 ins= 38.2mm
[  80] ref=  79/131 |e|=  2.72mm e=[ +0.37  -2.69  +0.00] |qd|=0.2119 ins= 38.0mm
[  90] ref=  89/131 |e|=  1.55mm e=[ +0.71  -1.38  +0.00] |qd|=0.2118 ins= 36.4mm
[ 100] ref=  99/131 |e|=  1.18mm e=[ +1.13  -0.35  +0.00] |qd|=0.1691 ins= 34.7mm
[ 110] ref= 109/131 |e|=  0.73mm e=[ +0.73  +0.09  +0.00] |qd|=0.1265 ins= 33.1mm
[ 120] ref= 119/131 |e|=  0.95mm e=[ +0.91  +0.26  +0.00] |qd|=0.0963 ins= 31.5mm
[ 130] ref= 129/131 |e|=  0.73mm e=[ +0.08  +0.73  +0.00] |qd|=0.1083 ins= 30.1mm
[ 135] ref= 131/131 |e|=  0.33mm e=[ +0.09  +0.32  +0.00] |qd|=0.1035 ins= 30.0mm TERM
[ 140] ref= 131/131 |e|=  0.44mm e=[ +0.12  +0.42  +0.00] |qd|=0.1040 ins= 30.0mm TERM
[ 145] ref= 131/131 |e|=  0.41mm e=[ +0.04  +0.41  +0.00] |qd|=0.1040 ins= 30.0mm TERM
[ 150] ref= 131/131 |e|=  0.29mm e=[ -0.02  +0.29  +0.00] |qd|=0.1034 ins= 30.0mm TERM
[path] wrote /home/jack/Proper-Research/close_loop_logs/compare_tri/runs/lti_rep3_20260910T133116Z/path_follow_plot.png

=== PATH-FOLLOW SUMMARY ===
  timestamp_utc           : 2026-09-10T13:32:04.654528+00:00
  stop_reason             : path_complete
  control_steps           : 152
  started_moving          : True
  reference_samples       : 132
  jacobian_condition      : 26179.71
  final_error_mm          : 0.368
  max_error_mm            : 3.361
  vision_detection_failures: 0
  log                     : /home/jack/Proper-Research/close_loop_logs/compare_tri/runs/lti_rep3_20260910T133116Z/path_follow.jsonl
  csv                     : /home/jack/Proper-Research/close_loop_logs/compare_tri/runs/lti_rep3_20260910T133116Z/tip_trajectory.csv
  plot                    : /home/jack/Proper-Research/close_loop_logs/compare_tri/runs/lti_rep3_20260910T133116Z/path_follow_plot.png
[metrics] mpc_lti rep3: rms=1.47 max=3.36 hold=0.38 final=0.37 mm (path_complete)

========================================================================
  rep 3/3   mpc_ltv_offline
========================================================================
[compare] settle 30s (RTDE)...
[reset] at reference joints (dq=0.0001)
[DEBUG] roi_desc = {'type': 'polygon', 'polygon': [(329.0, 318.0), (351.0, 301.0), (373.0, 280.0), (395.0, 264.0), (410.0, 237.0), (399.0, 194.0), (357.0, 161.0), (310.0, 167.0), (271.0, 175.0), (237.0, 188.0), (221.0, 208.0), (219.0, 222.0), (219.0, 239.0), (234.0, 245.0), (249.0, 255.0), (260.0, 269.0), (286.0, 288.0), (303.0, 300.0), (314.0, 310.0), (321.0, 313.0)]}
[DEBUG] mask nonzero = 241
[DEBUG] found 3 raw contours
[DEBUG] kept 3 candidates after filtering
[DEBUG] roi_desc = {'type': 'polygon', 'polygon': [(329.0, 318.0), (351.0, 301.0), (373.0, 280.0), (395.0, 264.0), (410.0, 237.0), (399.0, 194.0), (357.0, 161.0), (310.0, 167.0), (271.0, 175.0), (237.0, 188.0), (221.0, 208.0), (219.0, 222.0), (219.0, 239.0), (234.0, 245.0), (249.0, 255.0), (260.0, 269.0), (286.0, 288.0), (303.0, 300.0), (314.0, 310.0), (321.0, 313.0)]}
[DEBUG] mask nonzero = 240
[DEBUG] found 3 raw contours
[DEBUG] kept 3 candidates after filtering
[DEBUG] roi_desc = {'type': 'polygon', 'polygon': [(329.0, 318.0), (351.0, 301.0), (373.0, 280.0), (395.0, 264.0), (410.0, 237.0), (399.0, 194.0), (357.0, 161.0), (310.0, 167.0), (271.0, 175.0), (237.0, 188.0), (221.0, 208.0), (219.0, 222.0), (219.0, 239.0), (234.0, 245.0), (249.0, 255.0), (260.0, 269.0), (286.0, 288.0), (303.0, 300.0), (314.0, 310.0), (321.0, 313.0)]}
[DEBUG] mask nonzero = 243
[DEBUG] found 3 raw contours
[DEBUG] kept 3 candidates after filtering
[DEBUG] roi_desc = {'type': 'polygon', 'polygon': [(329.0, 318.0), (351.0, 301.0), (373.0, 280.0), (395.0, 264.0), (410.0, 237.0), (399.0, 194.0), (357.0, 161.0), (310.0, 167.0), (271.0, 175.0), (237.0, 188.0), (221.0, 208.0), (219.0, 222.0), (219.0, 239.0), (234.0, 245.0), (249.0, 255.0), (260.0, 269.0), (286.0, 288.0), (303.0, 300.0), (314.0, 310.0), (321.0, 313.0)]}
[DEBUG] mask nonzero = 241
[DEBUG] found 3 raw contours
[DEBUG] kept 3 candidates after filtering
[DEBUG] roi_desc = {'type': 'polygon', 'polygon': [(329.0, 318.0), (351.0, 301.0), (373.0, 280.0), (395.0, 264.0), (410.0, 237.0), (399.0, 194.0), (357.0, 161.0), (310.0, 167.0), (271.0, 175.0), (237.0, 188.0), (221.0, 208.0), (219.0, 222.0), (219.0, 239.0), (234.0, 245.0), (249.0, 255.0), (260.0, 269.0), (286.0, 288.0), (303.0, 300.0), (314.0, 310.0), (321.0, 313.0)]}
[DEBUG] mask nonzero = 243
[DEBUG] found 3 raw contours
[DEBUG] kept 3 candidates after filtering
[DEBUG] roi_desc = {'type': 'polygon', 'polygon': [(329.0, 318.0), (351.0, 301.0), (373.0, 280.0), (395.0, 264.0), (410.0, 237.0), (399.0, 194.0), (357.0, 161.0), (310.0, 167.0), (271.0, 175.0), (237.0, 188.0), (221.0, 208.0), (219.0, 222.0), (219.0, 239.0), (234.0, 245.0), (249.0, 255.0), (260.0, 269.0), (286.0, 288.0), (303.0, 300.0), (314.0, 310.0), (321.0, 313.0)]}
[DEBUG] mask nonzero = 240
[DEBUG] found 3 raw contours
[DEBUG] kept 3 candidates after filtering
[DEBUG] roi_desc = {'type': 'polygon', 'polygon': [(329.0, 318.0), (351.0, 301.0), (373.0, 280.0), (395.0, 264.0), (410.0, 237.0), (399.0, 194.0), (357.0, 161.0), (310.0, 167.0), (271.0, 175.0), (237.0, 188.0), (221.0, 208.0), (219.0, 222.0), (219.0, 239.0), (234.0, 245.0), (249.0, 255.0), (260.0, 269.0), (286.0, 288.0), (303.0, 300.0), (314.0, 310.0), (321.0, 313.0)]}
[DEBUG] mask nonzero = 241
[DEBUG] found 3 raw contours
[DEBUG] kept 3 candidates after filtering
[DEBUG] roi_desc = {'type': 'polygon', 'polygon': [(329.0, 318.0), (351.0, 301.0), (373.0, 280.0), (395.0, 264.0), (410.0, 237.0), (399.0, 194.0), (357.0, 161.0), (310.0, 167.0), (271.0, 175.0), (237.0, 188.0), (221.0, 208.0), (219.0, 222.0), (219.0, 239.0), (234.0, 245.0), (249.0, 255.0), (260.0, 269.0), (286.0, 288.0), (303.0, 300.0), (314.0, 310.0), (321.0, 313.0)]}
[DEBUG] mask nonzero = 236
[DEBUG] found 3 raw contours
[DEBUG] kept 3 candidates after filtering
[DEBUG] roi_desc = {'type': 'polygon', 'polygon': [(329.0, 318.0), (351.0, 301.0), (373.0, 280.0), (395.0, 264.0), (410.0, 237.0), (399.0, 194.0), (357.0, 161.0), (310.0, 167.0), (271.0, 175.0), (237.0, 188.0), (221.0, 208.0), (219.0, 222.0), (219.0, 239.0), (234.0, 245.0), (249.0, 255.0), (260.0, 269.0), (286.0, 288.0), (303.0, 300.0), (314.0, 310.0), (321.0, 313.0)]}
[DEBUG] mask nonzero = 230
[DEBUG] found 3 raw contours
[DEBUG] kept 3 candidates after filtering
[DEBUG] roi_desc = {'type': 'polygon', 'polygon': [(329.0, 318.0), (351.0, 301.0), (373.0, 280.0), (395.0, 264.0), (410.0, 237.0), (399.0, 194.0), (357.0, 161.0), (310.0, 167.0), (271.0, 175.0), (237.0, 188.0), (221.0, 208.0), (219.0, 222.0), (219.0, 239.0), (234.0, 245.0), (249.0, 255.0), (260.0, 269.0), (286.0, 288.0), (303.0, 300.0), (314.0, 310.0), (321.0, 313.0)]}
[DEBUG] mask nonzero = 238
[DEBUG] found 3 raw contours
[DEBUG] kept 3 candidates after filtering
[DEBUG] roi_desc = {'type': 'polygon', 'polygon': [(329.0, 318.0), (351.0, 301.0), (373.0, 280.0), (395.0, 264.0), (410.0, 237.0), (399.0, 194.0), (357.0, 161.0), (310.0, 167.0), (271.0, 175.0), (237.0, 188.0), (221.0, 208.0), (219.0, 222.0), (219.0, 239.0), (234.0, 245.0), (249.0, 255.0), (260.0, 269.0), (286.0, 288.0), (303.0, 300.0), (314.0, 310.0), (321.0, 313.0)]}
[DEBUG] mask nonzero = 241
[DEBUG] found 3 raw contours
[DEBUG] kept 3 candidates after filtering
[DEBUG] roi_desc = {'type': 'polygon', 'polygon': [(329.0, 318.0), (351.0, 301.0), (373.0, 280.0), (395.0, 264.0), (410.0, 237.0), (399.0, 194.0), (357.0, 161.0), (310.0, 167.0), (271.0, 175.0), (237.0, 188.0), (221.0, 208.0), (219.0, 222.0), (219.0, 239.0), (234.0, 245.0), (249.0, 255.0), (260.0, 269.0), (286.0, 288.0), (303.0, 300.0), (314.0, 310.0), (321.0, 313.0)]}
[DEBUG] mask nonzero = 245
[DEBUG] found 3 raw contours
[DEBUG] kept 3 candidates after filtering
[DEBUG] roi_desc = {'type': 'polygon', 'polygon': [(329.0, 318.0), (351.0, 301.0), (373.0, 280.0), (395.0, 264.0), (410.0, 237.0), (399.0, 194.0), (357.0, 161.0), (310.0, 167.0), (271.0, 175.0), (237.0, 188.0), (221.0, 208.0), (219.0, 222.0), (219.0, 239.0), (234.0, 245.0), (249.0, 255.0), (260.0, 269.0), (286.0, 288.0), (303.0, 300.0), (314.0, 310.0), (321.0, 313.0)]}
[DEBUG] mask nonzero = 237
[DEBUG] found 3 raw contours
[DEBUG] kept 3 candidates after filtering
[DEBUG] roi_desc = {'type': 'polygon', 'polygon': [(329.0, 318.0), (351.0, 301.0), (373.0, 280.0), (395.0, 264.0), (410.0, 237.0), (399.0, 194.0), (357.0, 161.0), (310.0, 167.0), (271.0, 175.0), (237.0, 188.0), (221.0, 208.0), (219.0, 222.0), (219.0, 239.0), (234.0, 245.0), (249.0, 255.0), (260.0, 269.0), (286.0, 288.0), (303.0, 300.0), (314.0, 310.0), (321.0, 313.0)]}
[DEBUG] mask nonzero = 240
[DEBUG] found 3 raw contours
[DEBUG] kept 3 candidates after filtering
[DEBUG] roi_desc = {'type': 'polygon', 'polygon': [(329.0, 318.0), (351.0, 301.0), (373.0, 280.0), (395.0, 264.0), (410.0, 237.0), (399.0, 194.0), (357.0, 161.0), (310.0, 167.0), (271.0, 175.0), (237.0, 188.0), (221.0, 208.0), (219.0, 222.0), (219.0, 239.0), (234.0, 245.0), (249.0, 255.0), (260.0, 269.0), (286.0, 288.0), (303.0, 300.0), (314.0, 310.0), (321.0, 313.0)]}
[DEBUG] mask nonzero = 237
[DEBUG] found 3 raw contours
[DEBUG] kept 3 candidates after filtering
[DEBUG] roi_desc = {'type': 'polygon', 'polygon': [(329.0, 318.0), (351.0, 301.0), (373.0, 280.0), (395.0, 264.0), (410.0, 237.0), (399.0, 194.0), (357.0, 161.0), (310.0, 167.0), (271.0, 175.0), (237.0, 188.0), (221.0, 208.0), (219.0, 222.0), (219.0, 239.0), (234.0, 245.0), (249.0, 255.0), (260.0, 269.0), (286.0, 288.0), (303.0, 300.0), (314.0, 310.0), (321.0, 313.0)]}
[DEBUG] mask nonzero = 246
[DEBUG] found 3 raw contours
[DEBUG] kept 3 candidates after filtering
[DEBUG] roi_desc = {'type': 'polygon', 'polygon': [(329.0, 318.0), (351.0, 301.0), (373.0, 280.0), (395.0, 264.0), (410.0, 237.0), (399.0, 194.0), (357.0, 161.0), (310.0, 167.0), (271.0, 175.0), (237.0, 188.0), (221.0, 208.0), (219.0, 222.0), (219.0, 239.0), (234.0, 245.0), (249.0, 255.0), (260.0, 269.0), (286.0, 288.0), (303.0, 300.0), (314.0, 310.0), (321.0, 313.0)]}
[DEBUG] mask nonzero = 246
[DEBUG] found 3 raw contours
[DEBUG] kept 3 candidates after filtering
[DEBUG] roi_desc = {'type': 'polygon', 'polygon': [(329.0, 318.0), (351.0, 301.0), (373.0, 280.0), (395.0, 264.0), (410.0, 237.0), (399.0, 194.0), (357.0, 161.0), (310.0, 167.0), (271.0, 175.0), (237.0, 188.0), (221.0, 208.0), (219.0, 222.0), (219.0, 239.0), (234.0, 245.0), (249.0, 255.0), (260.0, 269.0), (286.0, 288.0), (303.0, 300.0), (314.0, 310.0), (321.0, 313.0)]}
[DEBUG] mask nonzero = 243
[DEBUG] found 3 raw contours
[DEBUG] kept 3 candidates after filtering
[DEBUG] roi_desc = {'type': 'polygon', 'polygon': [(329.0, 318.0), (351.0, 301.0), (373.0, 280.0), (395.0, 264.0), (410.0, 237.0), (399.0, 194.0), (357.0, 161.0), (310.0, 167.0), (271.0, 175.0), (237.0, 188.0), (221.0, 208.0), (219.0, 222.0), (219.0, 239.0), (234.0, 245.0), (249.0, 255.0), (260.0, 269.0), (286.0, 288.0), (303.0, 300.0), (314.0, 310.0), (321.0, 313.0)]}
[DEBUG] mask nonzero = 245
[DEBUG] found 3 raw contours
[DEBUG] kept 3 candidates after filtering
[DEBUG] roi_desc = {'type': 'polygon', 'polygon': [(329.0, 318.0), (351.0, 301.0), (373.0, 280.0), (395.0, 264.0), (410.0, 237.0), (399.0, 194.0), (357.0, 161.0), (310.0, 167.0), (271.0, 175.0), (237.0, 188.0), (221.0, 208.0), (219.0, 222.0), (219.0, 239.0), (234.0, 245.0), (249.0, 255.0), (260.0, 269.0), (286.0, 288.0), (303.0, 300.0), (314.0, 310.0), (321.0, 313.0)]}
[DEBUG] mask nonzero = 238
[DEBUG] found 3 raw contours
[DEBUG] kept 3 candidates after filtering
[DEBUG] roi_desc = {'type': 'polygon', 'polygon': [(329.0, 318.0), (351.0, 301.0), (373.0, 280.0), (395.0, 264.0), (410.0, 237.0), (399.0, 194.0), (357.0, 161.0), (310.0, 167.0), (271.0, 175.0), (237.0, 188.0), (221.0, 208.0), (219.0, 222.0), (219.0, 239.0), (234.0, 245.0), (249.0, 255.0), (260.0, 269.0), (286.0, 288.0), (303.0, 300.0), (314.0, 310.0), (321.0, 313.0)]}
[DEBUG] mask nonzero = 242
[DEBUG] found 3 raw contours
[DEBUG] kept 3 candidates after filtering
[DEBUG] roi_desc = {'type': 'polygon', 'polygon': [(329.0, 318.0), (351.0, 301.0), (373.0, 280.0), (395.0, 264.0), (410.0, 237.0), (399.0, 194.0), (357.0, 161.0), (310.0, 167.0), (271.0, 175.0), (237.0, 188.0), (221.0, 208.0), (219.0, 222.0), (219.0, 239.0), (234.0, 245.0), (249.0, 255.0), (260.0, 269.0), (286.0, 288.0), (303.0, 300.0), (314.0, 310.0), (321.0, 313.0)]}
[DEBUG] mask nonzero = 237
[DEBUG] found 3 raw contours
[DEBUG] kept 3 candidates after filtering
[DEBUG] roi_desc = {'type': 'polygon', 'polygon': [(329.0, 318.0), (351.0, 301.0), (373.0, 280.0), (395.0, 264.0), (410.0, 237.0), (399.0, 194.0), (357.0, 161.0), (310.0, 167.0), (271.0, 175.0), (237.0, 188.0), (221.0, 208.0), (219.0, 222.0), (219.0, 239.0), (234.0, 245.0), (249.0, 255.0), (260.0, 269.0), (286.0, 288.0), (303.0, 300.0), (314.0, 310.0), (321.0, 313.0)]}
[DEBUG] mask nonzero = 244
[DEBUG] found 3 raw contours
[DEBUG] kept 3 candidates after filtering
[DEBUG] roi_desc = {'type': 'polygon', 'polygon': [(329.0, 318.0), (351.0, 301.0), (373.0, 280.0), (395.0, 264.0), (410.0, 237.0), (399.0, 194.0), (357.0, 161.0), (310.0, 167.0), (271.0, 175.0), (237.0, 188.0), (221.0, 208.0), (219.0, 222.0), (219.0, 239.0), (234.0, 245.0), (249.0, 255.0), (260.0, 269.0), (286.0, 288.0), (303.0, 300.0), (314.0, 310.0), (321.0, 313.0)]}
[DEBUG] mask nonzero = 241
[DEBUG] found 3 raw contours
[DEBUG] kept 3 candidates after filtering
[DEBUG] roi_desc = {'type': 'polygon', 'polygon': [(329.0, 318.0), (351.0, 301.0), (373.0, 280.0), (395.0, 264.0), (410.0, 237.0), (399.0, 194.0), (357.0, 161.0), (310.0, 167.0), (271.0, 175.0), (237.0, 188.0), (221.0, 208.0), (219.0, 222.0), (219.0, 239.0), (234.0, 245.0), (249.0, 255.0), (260.0, 269.0), (286.0, 288.0), (303.0, 300.0), (314.0, 310.0), (321.0, 313.0)]}
[DEBUG] mask nonzero = 241
[DEBUG] found 3 raw contours
[DEBUG] kept 3 candidates after filtering
[DEBUG] roi_desc = {'type': 'polygon', 'polygon': [(329.0, 318.0), (351.0, 301.0), (373.0, 280.0), (395.0, 264.0), (410.0, 237.0), (399.0, 194.0), (357.0, 161.0), (310.0, 167.0), (271.0, 175.0), (237.0, 188.0), (221.0, 208.0), (219.0, 222.0), (219.0, 239.0), (234.0, 245.0), (249.0, 255.0), (260.0, 269.0), (286.0, 288.0), (303.0, 300.0), (314.0, 310.0), (321.0, 313.0)]}
[DEBUG] mask nonzero = 241
[DEBUG] found 3 raw contours
[DEBUG] kept 3 candidates after filtering
[DEBUG] roi_desc = {'type': 'polygon', 'polygon': [(329.0, 318.0), (351.0, 301.0), (373.0, 280.0), (395.0, 264.0), (410.0, 237.0), (399.0, 194.0), (357.0, 161.0), (310.0, 167.0), (271.0, 175.0), (237.0, 188.0), (221.0, 208.0), (219.0, 222.0), (219.0, 239.0), (234.0, 245.0), (249.0, 255.0), (260.0, 269.0), (286.0, 288.0), (303.0, 300.0), (314.0, 310.0), (321.0, 313.0)]}
[DEBUG] mask nonzero = 237
[DEBUG] found 3 raw contours
[DEBUG] kept 3 candidates after filtering
[DEBUG] roi_desc = {'type': 'polygon', 'polygon': [(329.0, 318.0), (351.0, 301.0), (373.0, 280.0), (395.0, 264.0), (410.0, 237.0), (399.0, 194.0), (357.0, 161.0), (310.0, 167.0), (271.0, 175.0), (237.0, 188.0), (221.0, 208.0), (219.0, 222.0), (219.0, 239.0), (234.0, 245.0), (249.0, 255.0), (260.0, 269.0), (286.0, 288.0), (303.0, 300.0), (314.0, 310.0), (321.0, 313.0)]}
[DEBUG] mask nonzero = 245
[DEBUG] found 3 raw contours
[DEBUG] kept 3 candidates after filtering
[DEBUG] roi_desc = {'type': 'polygon', 'polygon': [(329.0, 318.0), (351.0, 301.0), (373.0, 280.0), (395.0, 264.0), (410.0, 237.0), (399.0, 194.0), (357.0, 161.0), (310.0, 167.0), (271.0, 175.0), (237.0, 188.0), (221.0, 208.0), (219.0, 222.0), (219.0, 239.0), (234.0, 245.0), (249.0, 255.0), (260.0, 269.0), (286.0, 288.0), (303.0, 300.0), (314.0, 310.0), (321.0, 313.0)]}
[DEBUG] mask nonzero = 239
[DEBUG] found 3 raw contours
[DEBUG] kept 3 candidates after filtering
[DEBUG] roi_desc = {'type': 'polygon', 'polygon': [(329.0, 318.0), (351.0, 301.0), (373.0, 280.0), (395.0, 264.0), (410.0, 237.0), (399.0, 194.0), (357.0, 161.0), (310.0, 167.0), (271.0, 175.0), (237.0, 188.0), (221.0, 208.0), (219.0, 222.0), (219.0, 239.0), (234.0, 245.0), (249.0, 255.0), (260.0, 269.0), (286.0, 288.0), (303.0, 300.0), (314.0, 310.0), (321.0, 313.0)]}
[DEBUG] mask nonzero = 238
[DEBUG] found 3 raw contours
[DEBUG] kept 3 candidates after filtering
[DEBUG] roi_desc = {'type': 'polygon', 'polygon': [(329.0, 318.0), (351.0, 301.0), (373.0, 280.0), (395.0, 264.0), (410.0, 237.0), (399.0, 194.0), (357.0, 161.0), (310.0, 167.0), (271.0, 175.0), (237.0, 188.0), (221.0, 208.0), (219.0, 222.0), (219.0, 239.0), (234.0, 245.0), (249.0, 255.0), (260.0, 269.0), (286.0, 288.0), (303.0, 300.0), (314.0, 310.0), (321.0, 313.0)]}
[DEBUG] mask nonzero = 241
[DEBUG] found 3 raw contours
[DEBUG] kept 3 candidates after filtering
[DEBUG] roi_desc = {'type': 'polygon', 'polygon': [(329.0, 318.0), (351.0, 301.0), (373.0, 280.0), (395.0, 264.0), (410.0, 237.0), (399.0, 194.0), (357.0, 161.0), (310.0, 167.0), (271.0, 175.0), (237.0, 188.0), (221.0, 208.0), (219.0, 222.0), (219.0, 239.0), (234.0, 245.0), (249.0, 255.0), (260.0, 269.0), (286.0, 288.0), (303.0, 300.0), (314.0, 310.0), (321.0, 313.0)]}
[DEBUG] mask nonzero = 230
[DEBUG] found 3 raw contours
[DEBUG] kept 3 candidates after filtering
[DEBUG] roi_desc = {'type': 'polygon', 'polygon': [(329.0, 318.0), (351.0, 301.0), (373.0, 280.0), (395.0, 264.0), (410.0, 237.0), (399.0, 194.0), (357.0, 161.0), (310.0, 167.0), (271.0, 175.0), (237.0, 188.0), (221.0, 208.0), (219.0, 222.0), (219.0, 239.0), (234.0, 245.0), (249.0, 255.0), (260.0, 269.0), (286.0, 288.0), (303.0, 300.0), (314.0, 310.0), (321.0, 313.0)]}
[DEBUG] mask nonzero = 242
[DEBUG] found 3 raw contours
[DEBUG] kept 3 candidates after filtering
[DEBUG] roi_desc = {'type': 'polygon', 'polygon': [(329.0, 318.0), (351.0, 301.0), (373.0, 280.0), (395.0, 264.0), (410.0, 237.0), (399.0, 194.0), (357.0, 161.0), (310.0, 167.0), (271.0, 175.0), (237.0, 188.0), (221.0, 208.0), (219.0, 222.0), (219.0, 239.0), (234.0, 245.0), (249.0, 255.0), (260.0, 269.0), (286.0, 288.0), (303.0, 300.0), (314.0, 310.0), (321.0, 313.0)]}
[DEBUG] mask nonzero = 240
[DEBUG] found 3 raw contours
[DEBUG] kept 3 candidates after filtering
[DEBUG] roi_desc = {'type': 'polygon', 'polygon': [(329.0, 318.0), (351.0, 301.0), (373.0, 280.0), (395.0, 264.0), (410.0, 237.0), (399.0, 194.0), (357.0, 161.0), (310.0, 167.0), (271.0, 175.0), (237.0, 188.0), (221.0, 208.0), (219.0, 222.0), (219.0, 239.0), (234.0, 245.0), (249.0, 255.0), (260.0, 269.0), (286.0, 288.0), (303.0, 300.0), (314.0, 310.0), (321.0, 313.0)]}
[DEBUG] mask nonzero = 239
[DEBUG] found 3 raw contours
[DEBUG] kept 3 candidates after filtering
[DEBUG] roi_desc = {'type': 'polygon', 'polygon': [(329.0, 318.0), (351.0, 301.0), (373.0, 280.0), (395.0, 264.0), (410.0, 237.0), (399.0, 194.0), (357.0, 161.0), (310.0, 167.0), (271.0, 175.0), (237.0, 188.0), (221.0, 208.0), (219.0, 222.0), (219.0, 239.0), (234.0, 245.0), (249.0, 255.0), (260.0, 269.0), (286.0, 288.0), (303.0, 300.0), (314.0, 310.0), (321.0, 313.0)]}
[DEBUG] mask nonzero = 229
[DEBUG] found 3 raw contours
[DEBUG] kept 3 candidates after filtering
[DEBUG] roi_desc = {'type': 'polygon', 'polygon': [(329.0, 318.0), (351.0, 301.0), (373.0, 280.0), (395.0, 264.0), (410.0, 237.0), (399.0, 194.0), (357.0, 161.0), (310.0, 167.0), (271.0, 175.0), (237.0, 188.0), (221.0, 208.0), (219.0, 222.0), (219.0, 239.0), (234.0, 245.0), (249.0, 255.0), (260.0, 269.0), (286.0, 288.0), (303.0, 300.0), (314.0, 310.0), (321.0, 313.0)]}
[DEBUG] mask nonzero = 242
[DEBUG] found 3 raw contours
[DEBUG] kept 3 candidates after filtering
[DEBUG] roi_desc = {'type': 'polygon', 'polygon': [(329.0, 318.0), (351.0, 301.0), (373.0, 280.0), (395.0, 264.0), (410.0, 237.0), (399.0, 194.0), (357.0, 161.0), (310.0, 167.0), (271.0, 175.0), (237.0, 188.0), (221.0, 208.0), (219.0, 222.0), (219.0, 239.0), (234.0, 245.0), (249.0, 255.0), (260.0, 269.0), (286.0, 288.0), (303.0, 300.0), (314.0, 310.0), (321.0, 313.0)]}
[DEBUG] mask nonzero = 230
[DEBUG] found 3 raw contours
[DEBUG] kept 3 candidates after filtering
[DEBUG] roi_desc = {'type': 'polygon', 'polygon': [(329.0, 318.0), (351.0, 301.0), (373.0, 280.0), (395.0, 264.0), (410.0, 237.0), (399.0, 194.0), (357.0, 161.0), (310.0, 167.0), (271.0, 175.0), (237.0, 188.0), (221.0, 208.0), (219.0, 222.0), (219.0, 239.0), (234.0, 245.0), (249.0, 255.0), (260.0, 269.0), (286.0, 288.0), (303.0, 300.0), (314.0, 310.0), (321.0, 313.0)]}
[DEBUG] mask nonzero = 237
[DEBUG] found 3 raw contours
[DEBUG] kept 3 candidates after filtering
[DEBUG] roi_desc = {'type': 'polygon', 'polygon': [(329.0, 318.0), (351.0, 301.0), (373.0, 280.0), (395.0, 264.0), (410.0, 237.0), (399.0, 194.0), (357.0, 161.0), (310.0, 167.0), (271.0, 175.0), (237.0, 188.0), (221.0, 208.0), (219.0, 222.0), (219.0, 239.0), (234.0, 245.0), (249.0, 255.0), (260.0, 269.0), (286.0, 288.0), (303.0, 300.0), (314.0, 310.0), (321.0, 313.0)]}
[DEBUG] mask nonzero = 229
[DEBUG] found 3 raw contours
[DEBUG] kept 3 candidates after filtering
[DEBUG] roi_desc = {'type': 'polygon', 'polygon': [(329.0, 318.0), (351.0, 301.0), (373.0, 280.0), (395.0, 264.0), (410.0, 237.0), (399.0, 194.0), (357.0, 161.0), (310.0, 167.0), (271.0, 175.0), (237.0, 188.0), (221.0, 208.0), (219.0, 222.0), (219.0, 239.0), (234.0, 245.0), (249.0, 255.0), (260.0, 269.0), (286.0, 288.0), (303.0, 300.0), (314.0, 310.0), (321.0, 313.0)]}
[DEBUG] mask nonzero = 243
[DEBUG] found 3 raw contours
[DEBUG] kept 3 candidates after filtering
[DEBUG] roi_desc = {'type': 'polygon', 'polygon': [(329.0, 318.0), (351.0, 301.0), (373.0, 280.0), (395.0, 264.0), (410.0, 237.0), (399.0, 194.0), (357.0, 161.0), (310.0, 167.0), (271.0, 175.0), (237.0, 188.0), (221.0, 208.0), (219.0, 222.0), (219.0, 239.0), (234.0, 245.0), (249.0, 255.0), (260.0, 269.0), (286.0, 288.0), (303.0, 300.0), (314.0, 310.0), (321.0, 313.0)]}
[DEBUG] mask nonzero = 235
[DEBUG] found 3 raw contours
[DEBUG] kept 3 candidates after filtering
[DEBUG] roi_desc = {'type': 'polygon', 'polygon': [(329.0, 318.0), (351.0, 301.0), (373.0, 280.0), (395.0, 264.0), (410.0, 237.0), (399.0, 194.0), (357.0, 161.0), (310.0, 167.0), (271.0, 175.0), (237.0, 188.0), (221.0, 208.0), (219.0, 222.0), (219.0, 239.0), (234.0, 245.0), (249.0, 255.0), (260.0, 269.0), (286.0, 288.0), (303.0, 300.0), (314.0, 310.0), (321.0, 313.0)]}
[DEBUG] mask nonzero = 245
[DEBUG] found 3 raw contours
[DEBUG] kept 3 candidates after filtering
[DEBUG] roi_desc = {'type': 'polygon', 'polygon': [(329.0, 318.0), (351.0, 301.0), (373.0, 280.0), (395.0, 264.0), (410.0, 237.0), (399.0, 194.0), (357.0, 161.0), (310.0, 167.0), (271.0, 175.0), (237.0, 188.0), (221.0, 208.0), (219.0, 222.0), (219.0, 239.0), (234.0, 245.0), (249.0, 255.0), (260.0, 269.0), (286.0, 288.0), (303.0, 300.0), (314.0, 310.0), (321.0, 313.0)]}
[DEBUG] mask nonzero = 243
[DEBUG] found 3 raw contours
[DEBUG] kept 3 candidates after filtering
[DEBUG] roi_desc = {'type': 'polygon', 'polygon': [(329.0, 318.0), (351.0, 301.0), (373.0, 280.0), (395.0, 264.0), (410.0, 237.0), (399.0, 194.0), (357.0, 161.0), (310.0, 167.0), (271.0, 175.0), (237.0, 188.0), (221.0, 208.0), (219.0, 222.0), (219.0, 239.0), (234.0, 245.0), (249.0, 255.0), (260.0, 269.0), (286.0, 288.0), (303.0, 300.0), (314.0, 310.0), (321.0, 313.0)]}
[DEBUG] mask nonzero = 241
[DEBUG] found 3 raw contours
[DEBUG] kept 3 candidates after filtering
[DEBUG] roi_desc = {'type': 'polygon', 'polygon': [(329.0, 318.0), (351.0, 301.0), (373.0, 280.0), (395.0, 264.0), (410.0, 237.0), (399.0, 194.0), (357.0, 161.0), (310.0, 167.0), (271.0, 175.0), (237.0, 188.0), (221.0, 208.0), (219.0, 222.0), (219.0, 239.0), (234.0, 245.0), (249.0, 255.0), (260.0, 269.0), (286.0, 288.0), (303.0, 300.0), (314.0, 310.0), (321.0, 313.0)]}
[DEBUG] mask nonzero = 241
[DEBUG] found 3 raw contours
[DEBUG] kept 3 candidates after filtering
[DEBUG] roi_desc = {'type': 'polygon', 'polygon': [(329.0, 318.0), (351.0, 301.0), (373.0, 280.0), (395.0, 264.0), (410.0, 237.0), (399.0, 194.0), (357.0, 161.0), (310.0, 167.0), (271.0, 175.0), (237.0, 188.0), (221.0, 208.0), (219.0, 222.0), (219.0, 239.0), (234.0, 245.0), (249.0, 255.0), (260.0, 269.0), (286.0, 288.0), (303.0, 300.0), (314.0, 310.0), (321.0, 313.0)]}
[DEBUG] mask nonzero = 239
[DEBUG] found 3 raw contours
[DEBUG] kept 3 candidates after filtering
[DEBUG] roi_desc = {'type': 'polygon', 'polygon': [(329.0, 318.0), (351.0, 301.0), (373.0, 280.0), (395.0, 264.0), (410.0, 237.0), (399.0, 194.0), (357.0, 161.0), (310.0, 167.0), (271.0, 175.0), (237.0, 188.0), (221.0, 208.0), (219.0, 222.0), (219.0, 239.0), (234.0, 245.0), (249.0, 255.0), (260.0, 269.0), (286.0, 288.0), (303.0, 300.0), (314.0, 310.0), (321.0, 313.0)]}
[DEBUG] mask nonzero = 243
[DEBUG] found 3 raw contours
[DEBUG] kept 3 candidates after filtering
[DEBUG] roi_desc = {'type': 'polygon', 'polygon': [(329.0, 318.0), (351.0, 301.0), (373.0, 280.0), (395.0, 264.0), (410.0, 237.0), (399.0, 194.0), (357.0, 161.0), (310.0, 167.0), (271.0, 175.0), (237.0, 188.0), (221.0, 208.0), (219.0, 222.0), (219.0, 239.0), (234.0, 245.0), (249.0, 255.0), (260.0, 269.0), (286.0, 288.0), (303.0, 300.0), (314.0, 310.0), (321.0, 313.0)]}
[DEBUG] mask nonzero = 239
[DEBUG] found 3 raw contours
[DEBUG] kept 3 candidates after filtering
[DEBUG] roi_desc = {'type': 'polygon', 'polygon': [(329.0, 318.0), (351.0, 301.0), (373.0, 280.0), (395.0, 264.0), (410.0, 237.0), (399.0, 194.0), (357.0, 161.0), (310.0, 167.0), (271.0, 175.0), (237.0, 188.0), (221.0, 208.0), (219.0, 222.0), (219.0, 239.0), (234.0, 245.0), (249.0, 255.0), (260.0, 269.0), (286.0, 288.0), (303.0, 300.0), (314.0, 310.0), (321.0, 313.0)]}
[DEBUG] mask nonzero = 242
[DEBUG] found 3 raw contours
[DEBUG] kept 3 candidates after filtering
[DEBUG] roi_desc = {'type': 'polygon', 'polygon': [(329.0, 318.0), (351.0, 301.0), (373.0, 280.0), (395.0, 264.0), (410.0, 237.0), (399.0, 194.0), (357.0, 161.0), (310.0, 167.0), (271.0, 175.0), (237.0, 188.0), (221.0, 208.0), (219.0, 222.0), (219.0, 239.0), (234.0, 245.0), (249.0, 255.0), (260.0, 269.0), (286.0, 288.0), (303.0, 300.0), (314.0, 310.0), (321.0, 313.0)]}
[DEBUG] mask nonzero = 241
[DEBUG] found 3 raw contours
[DEBUG] kept 3 candidates after filtering
[DEBUG] roi_desc = {'type': 'polygon', 'polygon': [(329.0, 318.0), (351.0, 301.0), (373.0, 280.0), (395.0, 264.0), (410.0, 237.0), (399.0, 194.0), (357.0, 161.0), (310.0, 167.0), (271.0, 175.0), (237.0, 188.0), (221.0, 208.0), (219.0, 222.0), (219.0, 239.0), (234.0, 245.0), (249.0, 255.0), (260.0, 269.0), (286.0, 288.0), (303.0, 300.0), (314.0, 310.0), (321.0, 313.0)]}
[DEBUG] mask nonzero = 240
[DEBUG] found 3 raw contours
[DEBUG] kept 3 candidates after filtering
[DEBUG] roi_desc = {'type': 'polygon', 'polygon': [(329.0, 318.0), (351.0, 301.0), (373.0, 280.0), (395.0, 264.0), (410.0, 237.0), (399.0, 194.0), (357.0, 161.0), (310.0, 167.0), (271.0, 175.0), (237.0, 188.0), (221.0, 208.0), (219.0, 222.0), (219.0, 239.0), (234.0, 245.0), (249.0, 255.0), (260.0, 269.0), (286.0, 288.0), (303.0, 300.0), (314.0, 310.0), (321.0, 313.0)]}
[DEBUG] mask nonzero = 242
[DEBUG] found 3 raw contours
[DEBUG] kept 3 candidates after filtering
[DEBUG] roi_desc = {'type': 'polygon', 'polygon': [(329.0, 318.0), (351.0, 301.0), (373.0, 280.0), (395.0, 264.0), (410.0, 237.0), (399.0, 194.0), (357.0, 161.0), (310.0, 167.0), (271.0, 175.0), (237.0, 188.0), (221.0, 208.0), (219.0, 222.0), (219.0, 239.0), (234.0, 245.0), (249.0, 255.0), (260.0, 269.0), (286.0, 288.0), (303.0, 300.0), (314.0, 310.0), (321.0, 313.0)]}
[DEBUG] mask nonzero = 238
[DEBUG] found 3 raw contours
[DEBUG] kept 3 candidates after filtering
[DEBUG] roi_desc = {'type': 'polygon', 'polygon': [(329.0, 318.0), (351.0, 301.0), (373.0, 280.0), (395.0, 264.0), (410.0, 237.0), (399.0, 194.0), (357.0, 161.0), (310.0, 167.0), (271.0, 175.0), (237.0, 188.0), (221.0, 208.0), (219.0, 222.0), (219.0, 239.0), (234.0, 245.0), (249.0, 255.0), (260.0, 269.0), (286.0, 288.0), (303.0, 300.0), (314.0, 310.0), (321.0, 313.0)]}
[DEBUG] mask nonzero = 241
[DEBUG] found 3 raw contours
[DEBUG] kept 3 candidates after filtering
[DEBUG] roi_desc = {'type': 'polygon', 'polygon': [(329.0, 318.0), (351.0, 301.0), (373.0, 280.0), (395.0, 264.0), (410.0, 237.0), (399.0, 194.0), (357.0, 161.0), (310.0, 167.0), (271.0, 175.0), (237.0, 188.0), (221.0, 208.0), (219.0, 222.0), (219.0, 239.0), (234.0, 245.0), (249.0, 255.0), (260.0, 269.0), (286.0, 288.0), (303.0, 300.0), (314.0, 310.0), (321.0, 313.0)]}
[DEBUG] mask nonzero = 238
[DEBUG] found 3 raw contours
[DEBUG] kept 3 candidates after filtering
[DEBUG] roi_desc = {'type': 'polygon', 'polygon': [(329.0, 318.0), (351.0, 301.0), (373.0, 280.0), (395.0, 264.0), (410.0, 237.0), (399.0, 194.0), (357.0, 161.0), (310.0, 167.0), (271.0, 175.0), (237.0, 188.0), (221.0, 208.0), (219.0, 222.0), (219.0, 239.0), (234.0, 245.0), (249.0, 255.0), (260.0, 269.0), (286.0, 288.0), (303.0, 300.0), (314.0, 310.0), (321.0, 313.0)]}
[DEBUG] mask nonzero = 227
[DEBUG] found 3 raw contours
[DEBUG] kept 3 candidates after filtering
[DEBUG] roi_desc = {'type': 'polygon', 'polygon': [(329.0, 318.0), (351.0, 301.0), (373.0, 280.0), (395.0, 264.0), (410.0, 237.0), (399.0, 194.0), (357.0, 161.0), (310.0, 167.0), (271.0, 175.0), (237.0, 188.0), (221.0, 208.0), (219.0, 222.0), (219.0, 239.0), (234.0, 245.0), (249.0, 255.0), (260.0, 269.0), (286.0, 288.0), (303.0, 300.0), (314.0, 310.0), (321.0, 313.0)]}
[DEBUG] mask nonzero = 237
[DEBUG] found 3 raw contours
[DEBUG] kept 3 candidates after filtering
[DEBUG] roi_desc = {'type': 'polygon', 'polygon': [(329.0, 318.0), (351.0, 301.0), (373.0, 280.0), (395.0, 264.0), (410.0, 237.0), (399.0, 194.0), (357.0, 161.0), (310.0, 167.0), (271.0, 175.0), (237.0, 188.0), (221.0, 208.0), (219.0, 222.0), (219.0, 239.0), (234.0, 245.0), (249.0, 255.0), (260.0, 269.0), (286.0, 288.0), (303.0, 300.0), (314.0, 310.0), (321.0, 313.0)]}
[DEBUG] mask nonzero = 242
[DEBUG] found 3 raw contours
[DEBUG] kept 3 candidates after filtering
[DEBUG] roi_desc = {'type': 'polygon', 'polygon': [(329.0, 318.0), (351.0, 301.0), (373.0, 280.0), (395.0, 264.0), (410.0, 237.0), (399.0, 194.0), (357.0, 161.0), (310.0, 167.0), (271.0, 175.0), (237.0, 188.0), (221.0, 208.0), (219.0, 222.0), (219.0, 239.0), (234.0, 245.0), (249.0, 255.0), (260.0, 269.0), (286.0, 288.0), (303.0, 300.0), (314.0, 310.0), (321.0, 313.0)]}
[DEBUG] mask nonzero = 234
[DEBUG] found 3 raw contours
[DEBUG] kept 3 candidates after filtering
[DEBUG] roi_desc = {'type': 'polygon', 'polygon': [(329.0, 318.0), (351.0, 301.0), (373.0, 280.0), (395.0, 264.0), (410.0, 237.0), (399.0, 194.0), (357.0, 161.0), (310.0, 167.0), (271.0, 175.0), (237.0, 188.0), (221.0, 208.0), (219.0, 222.0), (219.0, 239.0), (234.0, 245.0), (249.0, 255.0), (260.0, 269.0), (286.0, 288.0), (303.0, 300.0), (314.0, 310.0), (321.0, 313.0)]}
[DEBUG] mask nonzero = 239
[DEBUG] found 3 raw contours
[DEBUG] kept 3 candidates after filtering
[DEBUG] roi_desc = {'type': 'polygon', 'polygon': [(329.0, 318.0), (351.0, 301.0), (373.0, 280.0), (395.0, 264.0), (410.0, 237.0), (399.0, 194.0), (357.0, 161.0), (310.0, 167.0), (271.0, 175.0), (237.0, 188.0), (221.0, 208.0), (219.0, 222.0), (219.0, 239.0), (234.0, 245.0), (249.0, 255.0), (260.0, 269.0), (286.0, 288.0), (303.0, 300.0), (314.0, 310.0), (321.0, 313.0)]}
[DEBUG] mask nonzero = 241
[DEBUG] found 3 raw contours
[DEBUG] kept 3 candidates after filtering
[DEBUG] roi_desc = {'type': 'polygon', 'polygon': [(329.0, 318.0), (351.0, 301.0), (373.0, 280.0), (395.0, 264.0), (410.0, 237.0), (399.0, 194.0), (357.0, 161.0), (310.0, 167.0), (271.0, 175.0), (237.0, 188.0), (221.0, 208.0), (219.0, 222.0), (219.0, 239.0), (234.0, 245.0), (249.0, 255.0), (260.0, 269.0), (286.0, 288.0), (303.0, 300.0), (314.0, 310.0), (321.0, 313.0)]}
[DEBUG] mask nonzero = 244
[DEBUG] found 3 raw contours
[DEBUG] kept 3 candidates after filtering
[DEBUG] roi_desc = {'type': 'polygon', 'polygon': [(329.0, 318.0), (351.0, 301.0), (373.0, 280.0), (395.0, 264.0), (410.0, 237.0), (399.0, 194.0), (357.0, 161.0), (310.0, 167.0), (271.0, 175.0), (237.0, 188.0), (221.0, 208.0), (219.0, 222.0), (219.0, 239.0), (234.0, 245.0), (249.0, 255.0), (260.0, 269.0), (286.0, 288.0), (303.0, 300.0), (314.0, 310.0), (321.0, 313.0)]}
[DEBUG] mask nonzero = 237
[DEBUG] found 3 raw contours
[DEBUG] kept 3 candidates after filtering
[DEBUG] roi_desc = {'type': 'polygon', 'polygon': [(329.0, 318.0), (351.0, 301.0), (373.0, 280.0), (395.0, 264.0), (410.0, 237.0), (399.0, 194.0), (357.0, 161.0), (310.0, 167.0), (271.0, 175.0), (237.0, 188.0), (221.0, 208.0), (219.0, 222.0), (219.0, 239.0), (234.0, 245.0), (249.0, 255.0), (260.0, 269.0), (286.0, 288.0), (303.0, 300.0), (314.0, 310.0), (321.0, 313.0)]}
[DEBUG] mask nonzero = 236
[DEBUG] found 3 raw contours
[DEBUG] kept 3 candidates after filtering
[DEBUG] roi_desc = {'type': 'polygon', 'polygon': [(329.0, 318.0), (351.0, 301.0), (373.0, 280.0), (395.0, 264.0), (410.0, 237.0), (399.0, 194.0), (357.0, 161.0), (310.0, 167.0), (271.0, 175.0), (237.0, 188.0), (221.0, 208.0), (219.0, 222.0), (219.0, 239.0), (234.0, 245.0), (249.0, 255.0), (260.0, 269.0), (286.0, 288.0), (303.0, 300.0), (314.0, 310.0), (321.0, 313.0)]}
[DEBUG] mask nonzero = 243
[DEBUG] found 3 raw contours
[DEBUG] kept 3 candidates after filtering
[DEBUG] roi_desc = {'type': 'polygon', 'polygon': [(329.0, 318.0), (351.0, 301.0), (373.0, 280.0), (395.0, 264.0), (410.0, 237.0), (399.0, 194.0), (357.0, 161.0), (310.0, 167.0), (271.0, 175.0), (237.0, 188.0), (221.0, 208.0), (219.0, 222.0), (219.0, 239.0), (234.0, 245.0), (249.0, 255.0), (260.0, 269.0), (286.0, 288.0), (303.0, 300.0), (314.0, 310.0), (321.0, 313.0)]}
[DEBUG] mask nonzero = 239
[DEBUG] found 3 raw contours
[DEBUG] kept 3 candidates after filtering
[DEBUG] roi_desc = {'type': 'polygon', 'polygon': [(329.0, 318.0), (351.0, 301.0), (373.0, 280.0), (395.0, 264.0), (410.0, 237.0), (399.0, 194.0), (357.0, 161.0), (310.0, 167.0), (271.0, 175.0), (237.0, 188.0), (221.0, 208.0), (219.0, 222.0), (219.0, 239.0), (234.0, 245.0), (249.0, 255.0), (260.0, 269.0), (286.0, 288.0), (303.0, 300.0), (314.0, 310.0), (321.0, 313.0)]}
[DEBUG] mask nonzero = 231
[DEBUG] found 3 raw contours
[DEBUG] kept 3 candidates after filtering
[DEBUG] roi_desc = {'type': 'polygon', 'polygon': [(329.0, 318.0), (351.0, 301.0), (373.0, 280.0), (395.0, 264.0), (410.0, 237.0), (399.0, 194.0), (357.0, 161.0), (310.0, 167.0), (271.0, 175.0), (237.0, 188.0), (221.0, 208.0), (219.0, 222.0), (219.0, 239.0), (234.0, 245.0), (249.0, 255.0), (260.0, 269.0), (286.0, 288.0), (303.0, 300.0), (314.0, 310.0), (321.0, 313.0)]}
[DEBUG] mask nonzero = 241
[DEBUG] found 3 raw contours
[DEBUG] kept 3 candidates after filtering
[DEBUG] roi_desc = {'type': 'polygon', 'polygon': [(329.0, 318.0), (351.0, 301.0), (373.0, 280.0), (395.0, 264.0), (410.0, 237.0), (399.0, 194.0), (357.0, 161.0), (310.0, 167.0), (271.0, 175.0), (237.0, 188.0), (221.0, 208.0), (219.0, 222.0), (219.0, 239.0), (234.0, 245.0), (249.0, 255.0), (260.0, 269.0), (286.0, 288.0), (303.0, 300.0), (314.0, 310.0), (321.0, 313.0)]}
[DEBUG] mask nonzero = 235
[DEBUG] found 3 raw contours
[DEBUG] kept 3 candidates after filtering
[DEBUG] roi_desc = {'type': 'polygon', 'polygon': [(329.0, 318.0), (351.0, 301.0), (373.0, 280.0), (395.0, 264.0), (410.0, 237.0), (399.0, 194.0), (357.0, 161.0), (310.0, 167.0), (271.0, 175.0), (237.0, 188.0), (221.0, 208.0), (219.0, 222.0), (219.0, 239.0), (234.0, 245.0), (249.0, 255.0), (260.0, 269.0), (286.0, 288.0), (303.0, 300.0), (314.0, 310.0), (321.0, 313.0)]}
[DEBUG] mask nonzero = 237
[DEBUG] found 3 raw contours
[DEBUG] kept 3 candidates after filtering
[DEBUG] roi_desc = {'type': 'polygon', 'polygon': [(329.0, 318.0), (351.0, 301.0), (373.0, 280.0), (395.0, 264.0), (410.0, 237.0), (399.0, 194.0), (357.0, 161.0), (310.0, 167.0), (271.0, 175.0), (237.0, 188.0), (221.0, 208.0), (219.0, 222.0), (219.0, 239.0), (234.0, 245.0), (249.0, 255.0), (260.0, 269.0), (286.0, 288.0), (303.0, 300.0), (314.0, 310.0), (321.0, 313.0)]}
[DEBUG] mask nonzero = 240
[DEBUG] found 3 raw contours
[DEBUG] kept 3 candidates after filtering
[DEBUG] roi_desc = {'type': 'polygon', 'polygon': [(329.0, 318.0), (351.0, 301.0), (373.0, 280.0), (395.0, 264.0), (410.0, 237.0), (399.0, 194.0), (357.0, 161.0), (310.0, 167.0), (271.0, 175.0), (237.0, 188.0), (221.0, 208.0), (219.0, 222.0), (219.0, 239.0), (234.0, 245.0), (249.0, 255.0), (260.0, 269.0), (286.0, 288.0), (303.0, 300.0), (314.0, 310.0), (321.0, 313.0)]}
[DEBUG] mask nonzero = 243
[DEBUG] found 3 raw contours
[DEBUG] kept 3 candidates after filtering
[DEBUG] roi_desc = {'type': 'polygon', 'polygon': [(329.0, 318.0), (351.0, 301.0), (373.0, 280.0), (395.0, 264.0), (410.0, 237.0), (399.0, 194.0), (357.0, 161.0), (310.0, 167.0), (271.0, 175.0), (237.0, 188.0), (221.0, 208.0), (219.0, 222.0), (219.0, 239.0), (234.0, 245.0), (249.0, 255.0), (260.0, 269.0), (286.0, 288.0), (303.0, 300.0), (314.0, 310.0), (321.0, 313.0)]}
[DEBUG] mask nonzero = 242
[DEBUG] found 3 raw contours
[DEBUG] kept 3 candidates after filtering
[DEBUG] roi_desc = {'type': 'polygon', 'polygon': [(329.0, 318.0), (351.0, 301.0), (373.0, 280.0), (395.0, 264.0), (410.0, 237.0), (399.0, 194.0), (357.0, 161.0), (310.0, 167.0), (271.0, 175.0), (237.0, 188.0), (221.0, 208.0), (219.0, 222.0), (219.0, 239.0), (234.0, 245.0), (249.0, 255.0), (260.0, 269.0), (286.0, 288.0), (303.0, 300.0), (314.0, 310.0), (321.0, 313.0)]}
[DEBUG] mask nonzero = 237
[DEBUG] found 3 raw contours
[DEBUG] kept 3 candidates after filtering
[DEBUG] roi_desc = {'type': 'polygon', 'polygon': [(329.0, 318.0), (351.0, 301.0), (373.0, 280.0), (395.0, 264.0), (410.0, 237.0), (399.0, 194.0), (357.0, 161.0), (310.0, 167.0), (271.0, 175.0), (237.0, 188.0), (221.0, 208.0), (219.0, 222.0), (219.0, 239.0), (234.0, 245.0), (249.0, 255.0), (260.0, 269.0), (286.0, 288.0), (303.0, 300.0), (314.0, 310.0), (321.0, 313.0)]}
[DEBUG] mask nonzero = 239
[DEBUG] found 3 raw contours
[DEBUG] kept 3 candidates after filtering
[DEBUG] roi_desc = {'type': 'polygon', 'polygon': [(329.0, 318.0), (351.0, 301.0), (373.0, 280.0), (395.0, 264.0), (410.0, 237.0), (399.0, 194.0), (357.0, 161.0), (310.0, 167.0), (271.0, 175.0), (237.0, 188.0), (221.0, 208.0), (219.0, 222.0), (219.0, 239.0), (234.0, 245.0), (249.0, 255.0), (260.0, 269.0), (286.0, 288.0), (303.0, 300.0), (314.0, 310.0), (321.0, 313.0)]}
[DEBUG] mask nonzero = 242
[DEBUG] found 3 raw contours
[DEBUG] kept 3 candidates after filtering
[DEBUG] roi_desc = {'type': 'polygon', 'polygon': [(329.0, 318.0), (351.0, 301.0), (373.0, 280.0), (395.0, 264.0), (410.0, 237.0), (399.0, 194.0), (357.0, 161.0), (310.0, 167.0), (271.0, 175.0), (237.0, 188.0), (221.0, 208.0), (219.0, 222.0), (219.0, 239.0), (234.0, 245.0), (249.0, 255.0), (260.0, 269.0), (286.0, 288.0), (303.0, 300.0), (314.0, 310.0), (321.0, 313.0)]}
[DEBUG] mask nonzero = 239
[DEBUG] found 3 raw contours
[DEBUG] kept 3 candidates after filtering
[DEBUG] roi_desc = {'type': 'polygon', 'polygon': [(329.0, 318.0), (351.0, 301.0), (373.0, 280.0), (395.0, 264.0), (410.0, 237.0), (399.0, 194.0), (357.0, 161.0), (310.0, 167.0), (271.0, 175.0), (237.0, 188.0), (221.0, 208.0), (219.0, 222.0), (219.0, 239.0), (234.0, 245.0), (249.0, 255.0), (260.0, 269.0), (286.0, 288.0), (303.0, 300.0), (314.0, 310.0), (321.0, 313.0)]}
[DEBUG] mask nonzero = 231
[DEBUG] found 3 raw contours
[DEBUG] kept 3 candidates after filtering
[DEBUG] roi_desc = {'type': 'polygon', 'polygon': [(329.0, 318.0), (351.0, 301.0), (373.0, 280.0), (395.0, 264.0), (410.0, 237.0), (399.0, 194.0), (357.0, 161.0), (310.0, 167.0), (271.0, 175.0), (237.0, 188.0), (221.0, 208.0), (219.0, 222.0), (219.0, 239.0), (234.0, 245.0), (249.0, 255.0), (260.0, 269.0), (286.0, 288.0), (303.0, 300.0), (314.0, 310.0), (321.0, 313.0)]}
[DEBUG] mask nonzero = 231
[DEBUG] found 3 raw contours
[DEBUG] kept 3 candidates after filtering
[DEBUG] roi_desc = {'type': 'polygon', 'polygon': [(329.0, 318.0), (351.0, 301.0), (373.0, 280.0), (395.0, 264.0), (410.0, 237.0), (399.0, 194.0), (357.0, 161.0), (310.0, 167.0), (271.0, 175.0), (237.0, 188.0), (221.0, 208.0), (219.0, 222.0), (219.0, 239.0), (234.0, 245.0), (249.0, 255.0), (260.0, 269.0), (286.0, 288.0), (303.0, 300.0), (314.0, 310.0), (321.0, 313.0)]}
[DEBUG] mask nonzero = 236
[DEBUG] found 3 raw contours
[DEBUG] kept 3 candidates after filtering
[DEBUG] roi_desc = {'type': 'polygon', 'polygon': [(329.0, 318.0), (351.0, 301.0), (373.0, 280.0), (395.0, 264.0), (410.0, 237.0), (399.0, 194.0), (357.0, 161.0), (310.0, 167.0), (271.0, 175.0), (237.0, 188.0), (221.0, 208.0), (219.0, 222.0), (219.0, 239.0), (234.0, 245.0), (249.0, 255.0), (260.0, 269.0), (286.0, 288.0), (303.0, 300.0), (314.0, 310.0), (321.0, 313.0)]}
[DEBUG] mask nonzero = 238
[DEBUG] found 3 raw contours
[DEBUG] kept 3 candidates after filtering
[DEBUG] roi_desc = {'type': 'polygon', 'polygon': [(329.0, 318.0), (351.0, 301.0), (373.0, 280.0), (395.0, 264.0), (410.0, 237.0), (399.0, 194.0), (357.0, 161.0), (310.0, 167.0), (271.0, 175.0), (237.0, 188.0), (221.0, 208.0), (219.0, 222.0), (219.0, 239.0), (234.0, 245.0), (249.0, 255.0), (260.0, 269.0), (286.0, 288.0), (303.0, 300.0), (314.0, 310.0), (321.0, 313.0)]}
[DEBUG] mask nonzero = 240
[DEBUG] found 3 raw contours
[DEBUG] kept 3 candidates after filtering
[DEBUG] roi_desc = {'type': 'polygon', 'polygon': [(329.0, 318.0), (351.0, 301.0), (373.0, 280.0), (395.0, 264.0), (410.0, 237.0), (399.0, 194.0), (357.0, 161.0), (310.0, 167.0), (271.0, 175.0), (237.0, 188.0), (221.0, 208.0), (219.0, 222.0), (219.0, 239.0), (234.0, 245.0), (249.0, 255.0), (260.0, 269.0), (286.0, 288.0), (303.0, 300.0), (314.0, 310.0), (321.0, 313.0)]}
[DEBUG] mask nonzero = 229
[DEBUG] found 3 raw contours
[DEBUG] kept 3 candidates after filtering
[DEBUG] roi_desc = {'type': 'polygon', 'polygon': [(329.0, 318.0), (351.0, 301.0), (373.0, 280.0), (395.0, 264.0), (410.0, 237.0), (399.0, 194.0), (357.0, 161.0), (310.0, 167.0), (271.0, 175.0), (237.0, 188.0), (221.0, 208.0), (219.0, 222.0), (219.0, 239.0), (234.0, 245.0), (249.0, 255.0), (260.0, 269.0), (286.0, 288.0), (303.0, 300.0), (314.0, 310.0), (321.0, 313.0)]}
[DEBUG] mask nonzero = 243
[DEBUG] found 3 raw contours
[DEBUG] kept 3 candidates after filtering
[DEBUG] roi_desc = {'type': 'polygon', 'polygon': [(329.0, 318.0), (351.0, 301.0), (373.0, 280.0), (395.0, 264.0), (410.0, 237.0), (399.0, 194.0), (357.0, 161.0), (310.0, 167.0), (271.0, 175.0), (237.0, 188.0), (221.0, 208.0), (219.0, 222.0), (219.0, 239.0), (234.0, 245.0), (249.0, 255.0), (260.0, 269.0), (286.0, 288.0), (303.0, 300.0), (314.0, 310.0), (321.0, 313.0)]}
[DEBUG] mask nonzero = 243
[DEBUG] found 3 raw contours
[DEBUG] kept 3 candidates after filtering
[DEBUG] roi_desc = {'type': 'polygon', 'polygon': [(329.0, 318.0), (351.0, 301.0), (373.0, 280.0), (395.0, 264.0), (410.0, 237.0), (399.0, 194.0), (357.0, 161.0), (310.0, 167.0), (271.0, 175.0), (237.0, 188.0), (221.0, 208.0), (219.0, 222.0), (219.0, 239.0), (234.0, 245.0), (249.0, 255.0), (260.0, 269.0), (286.0, 288.0), (303.0, 300.0), (314.0, 310.0), (321.0, 313.0)]}
[DEBUG] mask nonzero = 231
[DEBUG] found 3 raw contours
[DEBUG] kept 3 candidates after filtering
[DEBUG] roi_desc = {'type': 'polygon', 'polygon': [(329.0, 318.0), (351.0, 301.0), (373.0, 280.0), (395.0, 264.0), (410.0, 237.0), (399.0, 194.0), (357.0, 161.0), (310.0, 167.0), (271.0, 175.0), (237.0, 188.0), (221.0, 208.0), (219.0, 222.0), (219.0, 239.0), (234.0, 245.0), (249.0, 255.0), (260.0, 269.0), (286.0, 288.0), (303.0, 300.0), (314.0, 310.0), (321.0, 313.0)]}
[DEBUG] mask nonzero = 236
[DEBUG] found 3 raw contours
[DEBUG] kept 3 candidates after filtering
[DEBUG] roi_desc = {'type': 'polygon', 'polygon': [(329.0, 318.0), (351.0, 301.0), (373.0, 280.0), (395.0, 264.0), (410.0, 237.0), (399.0, 194.0), (357.0, 161.0), (310.0, 167.0), (271.0, 175.0), (237.0, 188.0), (221.0, 208.0), (219.0, 222.0), (219.0, 239.0), (234.0, 245.0), (249.0, 255.0), (260.0, 269.0), (286.0, 288.0), (303.0, 300.0), (314.0, 310.0), (321.0, 313.0)]}
[DEBUG] mask nonzero = 244
[DEBUG] found 3 raw contours
[DEBUG] kept 3 candidates after filtering
[DEBUG] roi_desc = {'type': 'polygon', 'polygon': [(329.0, 318.0), (351.0, 301.0), (373.0, 280.0), (395.0, 264.0), (410.0, 237.0), (399.0, 194.0), (357.0, 161.0), (310.0, 167.0), (271.0, 175.0), (237.0, 188.0), (221.0, 208.0), (219.0, 222.0), (219.0, 239.0), (234.0, 245.0), (249.0, 255.0), (260.0, 269.0), (286.0, 288.0), (303.0, 300.0), (314.0, 310.0), (321.0, 313.0)]}
[DEBUG] mask nonzero = 240
[DEBUG] found 3 raw contours
[DEBUG] kept 3 candidates after filtering
[DEBUG] roi_desc = {'type': 'polygon', 'polygon': [(329.0, 318.0), (351.0, 301.0), (373.0, 280.0), (395.0, 264.0), (410.0, 237.0), (399.0, 194.0), (357.0, 161.0), (310.0, 167.0), (271.0, 175.0), (237.0, 188.0), (221.0, 208.0), (219.0, 222.0), (219.0, 239.0), (234.0, 245.0), (249.0, 255.0), (260.0, 269.0), (286.0, 288.0), (303.0, 300.0), (314.0, 310.0), (321.0, 313.0)]}
[DEBUG] mask nonzero = 243
[DEBUG] found 3 raw contours
[DEBUG] kept 3 candidates after filtering
[DEBUG] roi_desc = {'type': 'polygon', 'polygon': [(329.0, 318.0), (351.0, 301.0), (373.0, 280.0), (395.0, 264.0), (410.0, 237.0), (399.0, 194.0), (357.0, 161.0), (310.0, 167.0), (271.0, 175.0), (237.0, 188.0), (221.0, 208.0), (219.0, 222.0), (219.0, 239.0), (234.0, 245.0), (249.0, 255.0), (260.0, 269.0), (286.0, 288.0), (303.0, 300.0), (314.0, 310.0), (321.0, 313.0)]}
[DEBUG] mask nonzero = 232
[DEBUG] found 3 raw contours
[DEBUG] kept 3 candidates after filtering
[DEBUG] roi_desc = {'type': 'polygon', 'polygon': [(329.0, 318.0), (351.0, 301.0), (373.0, 280.0), (395.0, 264.0), (410.0, 237.0), (399.0, 194.0), (357.0, 161.0), (310.0, 167.0), (271.0, 175.0), (237.0, 188.0), (221.0, 208.0), (219.0, 222.0), (219.0, 239.0), (234.0, 245.0), (249.0, 255.0), (260.0, 269.0), (286.0, 288.0), (303.0, 300.0), (314.0, 310.0), (321.0, 313.0)]}
[DEBUG] mask nonzero = 239
[DEBUG] found 3 raw contours
[DEBUG] kept 3 candidates after filtering
[DEBUG] roi_desc = {'type': 'polygon', 'polygon': [(329.0, 318.0), (351.0, 301.0), (373.0, 280.0), (395.0, 264.0), (410.0, 237.0), (399.0, 194.0), (357.0, 161.0), (310.0, 167.0), (271.0, 175.0), (237.0, 188.0), (221.0, 208.0), (219.0, 222.0), (219.0, 239.0), (234.0, 245.0), (249.0, 255.0), (260.0, 269.0), (286.0, 288.0), (303.0, 300.0), (314.0, 310.0), (321.0, 313.0)]}
[DEBUG] mask nonzero = 241
[DEBUG] found 3 raw contours
[DEBUG] kept 3 candidates after filtering
[DEBUG] roi_desc = {'type': 'polygon', 'polygon': [(329.0, 318.0), (351.0, 301.0), (373.0, 280.0), (395.0, 264.0), (410.0, 237.0), (399.0, 194.0), (357.0, 161.0), (310.0, 167.0), (271.0, 175.0), (237.0, 188.0), (221.0, 208.0), (219.0, 222.0), (219.0, 239.0), (234.0, 245.0), (249.0, 255.0), (260.0, 269.0), (286.0, 288.0), (303.0, 300.0), (314.0, 310.0), (321.0, 313.0)]}
[DEBUG] mask nonzero = 230
[DEBUG] found 3 raw contours
[DEBUG] kept 3 candidates after filtering
[DEBUG] roi_desc = {'type': 'polygon', 'polygon': [(329.0, 318.0), (351.0, 301.0), (373.0, 280.0), (395.0, 264.0), (410.0, 237.0), (399.0, 194.0), (357.0, 161.0), (310.0, 167.0), (271.0, 175.0), (237.0, 188.0), (221.0, 208.0), (219.0, 222.0), (219.0, 239.0), (234.0, 245.0), (249.0, 255.0), (260.0, 269.0), (286.0, 288.0), (303.0, 300.0), (314.0, 310.0), (321.0, 313.0)]}
[DEBUG] mask nonzero = 243
[DEBUG] found 3 raw contours
[DEBUG] kept 3 candidates after filtering
[DEBUG] roi_desc = {'type': 'polygon', 'polygon': [(329.0, 318.0), (351.0, 301.0), (373.0, 280.0), (395.0, 264.0), (410.0, 237.0), (399.0, 194.0), (357.0, 161.0), (310.0, 167.0), (271.0, 175.0), (237.0, 188.0), (221.0, 208.0), (219.0, 222.0), (219.0, 239.0), (234.0, 245.0), (249.0, 255.0), (260.0, 269.0), (286.0, 288.0), (303.0, 300.0), (314.0, 310.0), (321.0, 313.0)]}
[DEBUG] mask nonzero = 242
[DEBUG] found 3 raw contours
[DEBUG] kept 3 candidates after filtering
[DEBUG] roi_desc = {'type': 'polygon', 'polygon': [(329.0, 318.0), (351.0, 301.0), (373.0, 280.0), (395.0, 264.0), (410.0, 237.0), (399.0, 194.0), (357.0, 161.0), (310.0, 167.0), (271.0, 175.0), (237.0, 188.0), (221.0, 208.0), (219.0, 222.0), (219.0, 239.0), (234.0, 245.0), (249.0, 255.0), (260.0, 269.0), (286.0, 288.0), (303.0, 300.0), (314.0, 310.0), (321.0, 313.0)]}
[DEBUG] mask nonzero = 241
[DEBUG] found 3 raw contours
[DEBUG] kept 3 candidates after filtering
[DEBUG] roi_desc = {'type': 'polygon', 'polygon': [(329.0, 318.0), (351.0, 301.0), (373.0, 280.0), (395.0, 264.0), (410.0, 237.0), (399.0, 194.0), (357.0, 161.0), (310.0, 167.0), (271.0, 175.0), (237.0, 188.0), (221.0, 208.0), (219.0, 222.0), (219.0, 239.0), (234.0, 245.0), (249.0, 255.0), (260.0, 269.0), (286.0, 288.0), (303.0, 300.0), (314.0, 310.0), (321.0, 313.0)]}
[DEBUG] mask nonzero = 239
[DEBUG] found 3 raw contours
[DEBUG] kept 3 candidates after filtering
[DEBUG] roi_desc = {'type': 'polygon', 'polygon': [(329.0, 318.0), (351.0, 301.0), (373.0, 280.0), (395.0, 264.0), (410.0, 237.0), (399.0, 194.0), (357.0, 161.0), (310.0, 167.0), (271.0, 175.0), (237.0, 188.0), (221.0, 208.0), (219.0, 222.0), (219.0, 239.0), (234.0, 245.0), (249.0, 255.0), (260.0, 269.0), (286.0, 288.0), (303.0, 300.0), (314.0, 310.0), (321.0, 313.0)]}
[DEBUG] mask nonzero = 243
[DEBUG] found 3 raw contours
[DEBUG] kept 3 candidates after filtering
[DEBUG] roi_desc = {'type': 'polygon', 'polygon': [(329.0, 318.0), (351.0, 301.0), (373.0, 280.0), (395.0, 264.0), (410.0, 237.0), (399.0, 194.0), (357.0, 161.0), (310.0, 167.0), (271.0, 175.0), (237.0, 188.0), (221.0, 208.0), (219.0, 222.0), (219.0, 239.0), (234.0, 245.0), (249.0, 255.0), (260.0, 269.0), (286.0, 288.0), (303.0, 300.0), (314.0, 310.0), (321.0, 313.0)]}
[DEBUG] mask nonzero = 243
[DEBUG] found 3 raw contours
[DEBUG] kept 3 candidates after filtering
[DEBUG] roi_desc = {'type': 'polygon', 'polygon': [(329.0, 318.0), (351.0, 301.0), (373.0, 280.0), (395.0, 264.0), (410.0, 237.0), (399.0, 194.0), (357.0, 161.0), (310.0, 167.0), (271.0, 175.0), (237.0, 188.0), (221.0, 208.0), (219.0, 222.0), (219.0, 239.0), (234.0, 245.0), (249.0, 255.0), (260.0, 269.0), (286.0, 288.0), (303.0, 300.0), (314.0, 310.0), (321.0, 313.0)]}
[DEBUG] mask nonzero = 242
[DEBUG] found 3 raw contours
[DEBUG] kept 3 candidates after filtering
[DEBUG] roi_desc = {'type': 'polygon', 'polygon': [(329.0, 318.0), (351.0, 301.0), (373.0, 280.0), (395.0, 264.0), (410.0, 237.0), (399.0, 194.0), (357.0, 161.0), (310.0, 167.0), (271.0, 175.0), (237.0, 188.0), (221.0, 208.0), (219.0, 222.0), (219.0, 239.0), (234.0, 245.0), (249.0, 255.0), (260.0, 269.0), (286.0, 288.0), (303.0, 300.0), (314.0, 310.0), (321.0, 313.0)]}
[DEBUG] mask nonzero = 240
[DEBUG] found 3 raw contours
[DEBUG] kept 3 candidates after filtering
[DEBUG] roi_desc = {'type': 'polygon', 'polygon': [(329.0, 318.0), (351.0, 301.0), (373.0, 280.0), (395.0, 264.0), (410.0, 237.0), (399.0, 194.0), (357.0, 161.0), (310.0, 167.0), (271.0, 175.0), (237.0, 188.0), (221.0, 208.0), (219.0, 222.0), (219.0, 239.0), (234.0, 245.0), (249.0, 255.0), (260.0, 269.0), (286.0, 288.0), (303.0, 300.0), (314.0, 310.0), (321.0, 313.0)]}
[DEBUG] mask nonzero = 235
[DEBUG] found 3 raw contours
[DEBUG] kept 3 candidates after filtering
[DEBUG] roi_desc = {'type': 'polygon', 'polygon': [(329.0, 318.0), (351.0, 301.0), (373.0, 280.0), (395.0, 264.0), (410.0, 237.0), (399.0, 194.0), (357.0, 161.0), (310.0, 167.0), (271.0, 175.0), (237.0, 188.0), (221.0, 208.0), (219.0, 222.0), (219.0, 239.0), (234.0, 245.0), (249.0, 255.0), (260.0, 269.0), (286.0, 288.0), (303.0, 300.0), (314.0, 310.0), (321.0, 313.0)]}
[DEBUG] mask nonzero = 232
[DEBUG] found 3 raw contours
[DEBUG] kept 3 candidates after filtering
[DEBUG] roi_desc = {'type': 'polygon', 'polygon': [(329.0, 318.0), (351.0, 301.0), (373.0, 280.0), (395.0, 264.0), (410.0, 237.0), (399.0, 194.0), (357.0, 161.0), (310.0, 167.0), (271.0, 175.0), (237.0, 188.0), (221.0, 208.0), (219.0, 222.0), (219.0, 239.0), (234.0, 245.0), (249.0, 255.0), (260.0, 269.0), (286.0, 288.0), (303.0, 300.0), (314.0, 310.0), (321.0, 313.0)]}
[DEBUG] mask nonzero = 247
[DEBUG] found 3 raw contours
[DEBUG] kept 3 candidates after filtering
[DEBUG] roi_desc = {'type': 'polygon', 'polygon': [(329.0, 318.0), (351.0, 301.0), (373.0, 280.0), (395.0, 264.0), (410.0, 237.0), (399.0, 194.0), (357.0, 161.0), (310.0, 167.0), (271.0, 175.0), (237.0, 188.0), (221.0, 208.0), (219.0, 222.0), (219.0, 239.0), (234.0, 245.0), (249.0, 255.0), (260.0, 269.0), (286.0, 288.0), (303.0, 300.0), (314.0, 310.0), (321.0, 313.0)]}
[DEBUG] mask nonzero = 241
[DEBUG] found 3 raw contours
[DEBUG] kept 3 candidates after filtering
[DEBUG] roi_desc = {'type': 'polygon', 'polygon': [(329.0, 318.0), (351.0, 301.0), (373.0, 280.0), (395.0, 264.0), (410.0, 237.0), (399.0, 194.0), (357.0, 161.0), (310.0, 167.0), (271.0, 175.0), (237.0, 188.0), (221.0, 208.0), (219.0, 222.0), (219.0, 239.0), (234.0, 245.0), (249.0, 255.0), (260.0, 269.0), (286.0, 288.0), (303.0, 300.0), (314.0, 310.0), (321.0, 313.0)]}
[DEBUG] mask nonzero = 242
[DEBUG] found 3 raw contours
[DEBUG] kept 3 candidates after filtering
[DEBUG] roi_desc = {'type': 'polygon', 'polygon': [(329.0, 318.0), (351.0, 301.0), (373.0, 280.0), (395.0, 264.0), (410.0, 237.0), (399.0, 194.0), (357.0, 161.0), (310.0, 167.0), (271.0, 175.0), (237.0, 188.0), (221.0, 208.0), (219.0, 222.0), (219.0, 239.0), (234.0, 245.0), (249.0, 255.0), (260.0, 269.0), (286.0, 288.0), (303.0, 300.0), (314.0, 310.0), (321.0, 313.0)]}
[DEBUG] mask nonzero = 237
[DEBUG] found 3 raw contours
[DEBUG] kept 3 candidates after filtering
[DEBUG] roi_desc = {'type': 'polygon', 'polygon': [(329.0, 318.0), (351.0, 301.0), (373.0, 280.0), (395.0, 264.0), (410.0, 237.0), (399.0, 194.0), (357.0, 161.0), (310.0, 167.0), (271.0, 175.0), (237.0, 188.0), (221.0, 208.0), (219.0, 222.0), (219.0, 239.0), (234.0, 245.0), (249.0, 255.0), (260.0, 269.0), (286.0, 288.0), (303.0, 300.0), (314.0, 310.0), (321.0, 313.0)]}
[DEBUG] mask nonzero = 235
[DEBUG] found 3 raw contours
[DEBUG] kept 3 candidates after filtering
[DEBUG] roi_desc = {'type': 'polygon', 'polygon': [(329.0, 318.0), (351.0, 301.0), (373.0, 280.0), (395.0, 264.0), (410.0, 237.0), (399.0, 194.0), (357.0, 161.0), (310.0, 167.0), (271.0, 175.0), (237.0, 188.0), (221.0, 208.0), (219.0, 222.0), (219.0, 239.0), (234.0, 245.0), (249.0, 255.0), (260.0, 269.0), (286.0, 288.0), (303.0, 300.0), (314.0, 310.0), (321.0, 313.0)]}
[DEBUG] mask nonzero = 238
[DEBUG] found 3 raw contours
[DEBUG] kept 3 candidates after filtering
[DEBUG] roi_desc = {'type': 'polygon', 'polygon': [(329.0, 318.0), (351.0, 301.0), (373.0, 280.0), (395.0, 264.0), (410.0, 237.0), (399.0, 194.0), (357.0, 161.0), (310.0, 167.0), (271.0, 175.0), (237.0, 188.0), (221.0, 208.0), (219.0, 222.0), (219.0, 239.0), (234.0, 245.0), (249.0, 255.0), (260.0, 269.0), (286.0, 288.0), (303.0, 300.0), (314.0, 310.0), (321.0, 313.0)]}
[DEBUG] mask nonzero = 232
[DEBUG] found 3 raw contours
[DEBUG] kept 3 candidates after filtering
[DEBUG] roi_desc = {'type': 'polygon', 'polygon': [(329.0, 318.0), (351.0, 301.0), (373.0, 280.0), (395.0, 264.0), (410.0, 237.0), (399.0, 194.0), (357.0, 161.0), (310.0, 167.0), (271.0, 175.0), (237.0, 188.0), (221.0, 208.0), (219.0, 222.0), (219.0, 239.0), (234.0, 245.0), (249.0, 255.0), (260.0, 269.0), (286.0, 288.0), (303.0, 300.0), (314.0, 310.0), (321.0, 313.0)]}
[DEBUG] mask nonzero = 236
[DEBUG] found 3 raw contours
[DEBUG] kept 3 candidates after filtering
[DEBUG] roi_desc = {'type': 'polygon', 'polygon': [(329.0, 318.0), (351.0, 301.0), (373.0, 280.0), (395.0, 264.0), (410.0, 237.0), (399.0, 194.0), (357.0, 161.0), (310.0, 167.0), (271.0, 175.0), (237.0, 188.0), (221.0, 208.0), (219.0, 222.0), (219.0, 239.0), (234.0, 245.0), (249.0, 255.0), (260.0, 269.0), (286.0, 288.0), (303.0, 300.0), (314.0, 310.0), (321.0, 313.0)]}
[DEBUG] mask nonzero = 230
[DEBUG] found 3 raw contours
[DEBUG] kept 3 candidates after filtering
[DEBUG] roi_desc = {'type': 'polygon', 'polygon': [(329.0, 318.0), (351.0, 301.0), (373.0, 280.0), (395.0, 264.0), (410.0, 237.0), (399.0, 194.0), (357.0, 161.0), (310.0, 167.0), (271.0, 175.0), (237.0, 188.0), (221.0, 208.0), (219.0, 222.0), (219.0, 239.0), (234.0, 245.0), (249.0, 255.0), (260.0, 269.0), (286.0, 288.0), (303.0, 300.0), (314.0, 310.0), (321.0, 313.0)]}
[DEBUG] mask nonzero = 241
[DEBUG] found 3 raw contours
[DEBUG] kept 3 candidates after filtering
[DEBUG] roi_desc = {'type': 'polygon', 'polygon': [(329.0, 318.0), (351.0, 301.0), (373.0, 280.0), (395.0, 264.0), (410.0, 237.0), (399.0, 194.0), (357.0, 161.0), (310.0, 167.0), (271.0, 175.0), (237.0, 188.0), (221.0, 208.0), (219.0, 222.0), (219.0, 239.0), (234.0, 245.0), (249.0, 255.0), (260.0, 269.0), (286.0, 288.0), (303.0, 300.0), (314.0, 310.0), (321.0, 313.0)]}
[DEBUG] mask nonzero = 229
[DEBUG] found 3 raw contours
[DEBUG] kept 3 candidates after filtering
[DEBUG] roi_desc = {'type': 'polygon', 'polygon': [(329.0, 318.0), (351.0, 301.0), (373.0, 280.0), (395.0, 264.0), (410.0, 237.0), (399.0, 194.0), (357.0, 161.0), (310.0, 167.0), (271.0, 175.0), (237.0, 188.0), (221.0, 208.0), (219.0, 222.0), (219.0, 239.0), (234.0, 245.0), (249.0, 255.0), (260.0, 269.0), (286.0, 288.0), (303.0, 300.0), (314.0, 310.0), (321.0, 313.0)]}
[DEBUG] mask nonzero = 243
[DEBUG] found 3 raw contours
[DEBUG] kept 3 candidates after filtering
[DEBUG] roi_desc = {'type': 'polygon', 'polygon': [(329.0, 318.0), (351.0, 301.0), (373.0, 280.0), (395.0, 264.0), (410.0, 237.0), (399.0, 194.0), (357.0, 161.0), (310.0, 167.0), (271.0, 175.0), (237.0, 188.0), (221.0, 208.0), (219.0, 222.0), (219.0, 239.0), (234.0, 245.0), (249.0, 255.0), (260.0, 269.0), (286.0, 288.0), (303.0, 300.0), (314.0, 310.0), (321.0, 313.0)]}
[DEBUG] mask nonzero = 230
[DEBUG] found 3 raw contours
[DEBUG] kept 3 candidates after filtering
[DEBUG] roi_desc = {'type': 'polygon', 'polygon': [(329.0, 318.0), (351.0, 301.0), (373.0, 280.0), (395.0, 264.0), (410.0, 237.0), (399.0, 194.0), (357.0, 161.0), (310.0, 167.0), (271.0, 175.0), (237.0, 188.0), (221.0, 208.0), (219.0, 222.0), (219.0, 239.0), (234.0, 245.0), (249.0, 255.0), (260.0, 269.0), (286.0, 288.0), (303.0, 300.0), (314.0, 310.0), (321.0, 313.0)]}
[DEBUG] mask nonzero = 231
[DEBUG] found 3 raw contours
[DEBUG] kept 3 candidates after filtering
RTDEReceiveInterface boost system Exception: (asio.misc:2) End of file
RTDEReceiveInterface boost system Exception: (asio.misc:2) End of file
/home/jack/Proper-Research/beam_direction_magnetisation/post_processing/post_processing.py:560: UserWarning: FigureCanvasAgg is non-interactive, and thus cannot be shown
  plt.show()
[DEBUG] roi_desc = {'type': 'polygon', 'polygon': [(329.0, 318.0), (351.0, 301.0), (373.0, 280.0), (395.0, 264.0), (410.0, 237.0), (399.0, 194.0), (357.0, 161.0), (310.0, 167.0), (271.0, 175.0), (237.0, 188.0), (221.0, 208.0), (219.0, 222.0), (219.0, 239.0), (234.0, 245.0), (249.0, 255.0), (260.0, 269.0), (286.0, 288.0), (303.0, 300.0), (314.0, 310.0), (321.0, 313.0)]}
[DEBUG] mask nonzero = 235
[DEBUG] found 3 raw contours
[DEBUG] kept 3 candidates after filtering
[DEBUG] roi_desc = {'type': 'polygon', 'polygon': [(329.0, 318.0), (351.0, 301.0), (373.0, 280.0), (395.0, 264.0), (410.0, 237.0), (399.0, 194.0), (357.0, 161.0), (310.0, 167.0), (271.0, 175.0), (237.0, 188.0), (221.0, 208.0), (219.0, 222.0), (219.0, 239.0), (234.0, 245.0), (249.0, 255.0), (260.0, 269.0), (286.0, 288.0), (303.0, 300.0), (314.0, 310.0), (321.0, 313.0)]}
[DEBUG] mask nonzero = 229
[DEBUG] found 3 raw contours
[DEBUG] kept 3 candidates after filtering
[DEBUG] roi_desc = {'type': 'polygon', 'polygon': [(329.0, 318.0), (351.0, 301.0), (373.0, 280.0), (395.0, 264.0), (410.0, 237.0), (399.0, 194.0), (357.0, 161.0), (310.0, 167.0), (271.0, 175.0), (237.0, 188.0), (221.0, 208.0), (219.0, 222.0), (219.0, 239.0), (234.0, 245.0), (249.0, 255.0), (260.0, 269.0), (286.0, 288.0), (303.0, 300.0), (314.0, 310.0), (321.0, 313.0)]}
[DEBUG] mask nonzero = 242
[DEBUG] found 3 raw contours
[DEBUG] kept 3 candidates after filtering
[DEBUG] roi_desc = {'type': 'polygon', 'polygon': [(329.0, 318.0), (351.0, 301.0), (373.0, 280.0), (395.0, 264.0), (410.0, 237.0), (399.0, 194.0), (357.0, 161.0), (310.0, 167.0), (271.0, 175.0), (237.0, 188.0), (221.0, 208.0), (219.0, 222.0), (219.0, 239.0), (234.0, 245.0), (249.0, 255.0), (260.0, 269.0), (286.0, 288.0), (303.0, 300.0), (314.0, 310.0), (321.0, 313.0)]}
[DEBUG] mask nonzero = 239
[DEBUG] found 3 raw contours
[DEBUG] kept 3 candidates after filtering
[DEBUG] roi_desc = {'type': 'polygon', 'polygon': [(329.0, 318.0), (351.0, 301.0), (373.0, 280.0), (395.0, 264.0), (410.0, 237.0), (399.0, 194.0), (357.0, 161.0), (310.0, 167.0), (271.0, 175.0), (237.0, 188.0), (221.0, 208.0), (219.0, 222.0), (219.0, 239.0), (234.0, 245.0), (249.0, 255.0), (260.0, 269.0), (286.0, 288.0), (303.0, 300.0), (314.0, 310.0), (321.0, 313.0)]}
[DEBUG] mask nonzero = 232
[DEBUG] found 3 raw contours
[DEBUG] kept 3 candidates after filtering
[DEBUG] roi_desc = {'type': 'polygon', 'polygon': [(329.0, 318.0), (351.0, 301.0), (373.0, 280.0), (395.0, 264.0), (410.0, 237.0), (399.0, 194.0), (357.0, 161.0), (310.0, 167.0), (271.0, 175.0), (237.0, 188.0), (221.0, 208.0), (219.0, 222.0), (219.0, 239.0), (234.0, 245.0), (249.0, 255.0), (260.0, 269.0), (286.0, 288.0), (303.0, 300.0), (314.0, 310.0), (321.0, 313.0)]}
[DEBUG] mask nonzero = 241
[DEBUG] found 3 raw contours
[DEBUG] kept 3 candidates after filtering
[DEBUG] roi_desc = {'type': 'polygon', 'polygon': [(329.0, 318.0), (351.0, 301.0), (373.0, 280.0), (395.0, 264.0), (410.0, 237.0), (399.0, 194.0), (357.0, 161.0), (310.0, 167.0), (271.0, 175.0), (237.0, 188.0), (221.0, 208.0), (219.0, 222.0), (219.0, 239.0), (234.0, 245.0), (249.0, 255.0), (260.0, 269.0), (286.0, 288.0), (303.0, 300.0), (314.0, 310.0), (321.0, 313.0)]}
[DEBUG] mask nonzero = 237
[DEBUG] found 3 raw contours
[DEBUG] kept 3 candidates after filtering
[beam] iter 0: 29.9 mm (target 30, err +0.1)
[worker] beam 29.9 mm; running mpc_ltv_offline
[path] LIVE (servoJ per tick)  control @ 10.0 Hz  ref=plan_dir
[path] log -> /home/jack/Proper-Research/close_loop_logs/compare_tri/runs/ltv_rep3_20260910T133252Z/path_follow.jsonl
[path] T_R_B  B.x(axial)=[-1.0, 0.0, 0.0]  B.y(sideways)=[0.0, 1.0, 0.0]  B.z(camera)=[0.0, 0.0, -1.0]
[path] advancer LIVE on /dev/ttyACM0
[path] camera + reader up; waiting for first tip + joints...
[path] planner->R fit: |t_fit|=0.000 m, det(R_fit)=+1.000
[path]   plan des[0] [495.6, -670.5, -16.6] mm  des[-1] [495.6, -670.5, -16.6] mm  (robot frame)
[path] loaded plan reference: 132 samples, 13.1s, source='/home/jack/Proper-Research/plans/triangle_8mm_2026-09-10/time_parameterized_configuration_path/time_parameterized_configuration_path.csv'
[path] start tip (mm) = [495.61, -670.51, -16.57]
[path] ref[0]     (mm) = [495.61, -670.51, -16.57]
[path] ref[-1]    (mm) = [495.61, -670.51, -16.57]
[path] building analytic beam Jacobian (forward-model solve + FK)...
[INIT] L_ins=0.040 -> L_model=0.040, wire_len=0.000, tip_len=0.040


tip position         : [ 0.79019416 -0.69343739 -0.09999488]
base position        : [ 0.82813282 -0.68127317 -0.1       ]
tip deflection       : [-3.79386605e-02 -1.21642204e-02  5.11588436e-06]
tip deflection norm  : 3.984106e-02



max violation        : 1.912274e-02

[path] model magnet in B = [+280, -0, -0] mm (coaxial: B.y/B.z ~0 -> magnet on the beam axis, ~280 mm ahead)
[path] |d(tip)/d(magnet)| per axis  B.z/out=0.005  B.y/in-plane=0.075  B.x/axial=0.075 mm/mm (axial should be ~0 for a coaxial axial-dipole magnet)
[path] ===== FROZEN BEAM JACOBIAN  d(tip_R xyz)/d[q1..q6, insertion] =====
[path] rows = tip R.x, R.y, R.z   cols = q1..q6 (rad), insertion (m)
[path]   R.x: [ 0.00231 -0.00006 -0.00147 -0.00076  0.00075 -0.00078 -0.99782]
[path]   R.y: [ 0.05097 -0.00358 -0.03426 -0.0177   0.01688 -0.01719  0.06699]
[path]   R.z: [ 0.00019  0.09656  0.07984  0.04366 -0.01113  0.00061  0.00169]
[path] --- J = J_beam[:, 0:3] @ Jv_robot ,  J[:,6] = J_beam[:,6] ---
[path] J_beam (3x7) d(tip)/d[magnet_xyz(3), magnet_rot(3), insertion]:
[path]   R.x: [ 0.00021  0.00342  0.00008  0.      -0.00001  0.00029 -0.99782]
[path]   R.y: [ 0.00478  0.0752   0.00001 -0.00002 -0.       0.00636  0.06699]
[path]   R.z: [ 0.00016  0.00001  0.07478  0.0011  -0.00626  0.       0.00169]
[path] Jv_robot (3x6) d(TCP_pos)/d(q):
[path]   R.x: [ 1.18708  0.04472  0.41679  0.21869  0.23479 -0.45275]
[path]   R.y: [ 0.60227 -0.05055 -0.48219 -0.24932  0.20953 -0.19984]
[path]   R.z: [ 0.       1.29126  1.06686  0.5834  -0.14931  0.00919]
[path] ================================================================
[path] cond(J[:, :6]) = 26203.60
[path] using external Jacobian schedule (132, 3, 7)
[path] controller = mpc_ltv_offline (horizon=30, freeze@0); closing the loop
Polishing not needed - no active set detected at optimal point
Polishing not needed - no active set detected at optimal point
Polishing not needed - no active set detected at optimal point
Polishing not needed - no active set detected at optimal point
[  10] ref=   9/131 |e|=  0.25mm e=[ -0.10  -0.23  +0.00] |qd|=0.0684 ins= 31.5mm
[  20] ref=  19/131 |e|=  0.33mm e=[ +0.31  -0.12  +0.00] |qd|=0.1105 ins= 33.0mm
[  30] ref=  30/131 |e|=  0.57mm e=[ +0.41  +0.40  +0.00] |qd|=0.1523 ins= 34.7mm
[  40] ref=  39/131 |e|=  1.25mm e=[ +0.23  +1.23  +0.00] |qd|=0.1818 ins= 36.2mm
[  50] ref=  49/131 |e|=  2.02mm e=[ -0.33  +1.99  +0.00] |qd|=0.1771 ins= 37.6mm
[  60] ref=  59/131 |e|=  0.69mm e=[ +0.53  -0.45  +0.00] |qd|=0.0427 ins= 38.7mm
[  70] ref=  69/131 |e|=  1.85mm e=[ +0.73  -1.71  +0.00] |qd|=0.1704 ins= 38.2mm
[  80] ref=  79/131 |e|=  3.17mm e=[ +0.37  -3.15  +0.00] |qd|=0.2123 ins= 38.1mm
[  90] ref=  89/131 |e|=  2.36mm e=[ +0.79  -2.22  +0.00] |qd|=0.2160 ins= 36.4mm
[ 100] ref=  99/131 |e|=  1.37mm e=[ +0.82  -1.10  +0.00] |qd|=0.1855 ins= 34.8mm
[ 110] ref= 109/131 |e|=  1.15mm e=[ +1.10  -0.32  +0.00] |qd|=0.1464 ins= 33.0mm
[ 120] ref= 119/131 |e|=  0.77mm e=[ +0.73  -0.22  +0.00] |qd|=0.1095 ins= 31.6mm
[ 130] ref= 129/131 |e|=  0.52mm e=[ +0.17  +0.49  +0.00] |qd|=0.1058 ins= 30.1mm
[ 135] ref= 131/131 |e|=  0.33mm e=[ -0.02  +0.33  +0.00] |qd|=0.1042 ins= 30.0mm TERM
[ 140] ref= 131/131 |e|=  0.29mm e=[ -0.09  +0.28  +0.00] |qd|=0.1040 ins= 30.1mm TERM
[ 145] ref= 131/131 |e|=  0.32mm e=[ -0.17  +0.27  +0.00] |qd|=0.1040 ins= 30.1mm TERM
[ 150] ref= 131/131 |e|=  0.30mm e=[ -0.07  +0.30  +0.00] |qd|=0.1041 ins= 30.1mm TERM
[path] wrote /home/jack/Proper-Research/close_loop_logs/compare_tri/runs/ltv_rep3_20260910T133252Z/path_follow_plot.png

=== PATH-FOLLOW SUMMARY ===
  timestamp_utc           : 2026-09-10T13:33:37.622415+00:00
  stop_reason             : path_complete
  control_steps           : 152
  started_moving          : True
  reference_samples       : 132
  jacobian_condition      : 26203.6
  final_error_mm          : 0.292
  max_error_mm            : 3.533
  vision_detection_failures: 0
  log                     : /home/jack/Proper-Research/close_loop_logs/compare_tri/runs/ltv_rep3_20260910T133252Z/path_follow.jsonl
  csv                     : /home/jack/Proper-Research/close_loop_logs/compare_tri/runs/ltv_rep3_20260910T133252Z/tip_trajectory.csv
  plot                    : /home/jack/Proper-Research/close_loop_logs/compare_tri/runs/ltv_rep3_20260910T133252Z/path_follow_plot.png
[metrics] mpc_ltv_offline rep3: rms=1.53 max=3.53 hold=0.32 final=0.29 mm (path_complete)

controller              n            rms           mean            max            p95      mean_hold          final
naive_inverse_jacobian  3     1.64+-0.07   1.33+-0.03   3.68+-0.34   3.19+-0.22   0.21+-0.13   0.18+-0.20
mpc_lti                 3     1.46+-0.08   1.23+-0.08   3.27+-0.27   2.66+-0.10   0.41+-0.03   0.46+-0.07
mpc_ltv_offline         3     1.53+-0.07   1.26+-0.06   3.34+-0.19   3.02+-0.10   0.33+-0.01   1.04+-1.02

wrote /home/jack/Proper-Research/close_loop_logs/compare_tri/compare_paths.png  /home/jack/Proper-Research/close_loop_logs/compare_tri/compare_bars.png  /home/jack/Proper-Research/close_loop_logs/compare_tri/summary.json

[compare] DONE -> /home/jack/Proper-Research/close_loop_logs/compare_tri
