pairing,dirname,rep,tick,s_mm,v_s_m_s,Kp,e_lag_measured_mm,e_lag_expected_dt_mm,e_lag_expected_literal_mm,e_excess_dt_mm
selective_contact,vessel_invjac_selective_contact_repaired_jac_20261008T142826Z,1,0,3.844898480634536e-06,0.0,0.6,3.844898480634536e-06,0.0,0.0,3.844898480634536e-06
selective_contact,vessel_invjac_selective_contact_repaired_jac_20261008T142826Z,1,1,0.0028631890992707426,5.7186884015802154e-05,0.6,0.0028631890992707426,0.009531147335967025,0.09531147335967026,-0.006667958236696283
selective_contact,vessel_invjac_selective_contact_repaired_jac_20261008T142826Z,1,2,0.011441221701641068,0.00011437376803160431,0.6,0.011441221701641068,0.01906229467193405,0.19062294671934052,-0.007621072970292984
selective_contact,vessel_invjac_selective_contact_repaired_jac_20261008T142826Z,1,3,0.02573794270559161,0.00017156065204740648,0.6,0.02573794270559161,0.02859344200790108,0.2859344200790108,-0.0028554993023094714
selective_contact,vessel_invjac_selective_contact_repaired_jac_20261008T142826Z,1,4,0.045753352111122365,0.00022874753606320862,0.6,0.045753352111122365,0.0381245893438681,0.38124589343868104,0.007628762767254262
selective_contact,vessel_invjac_selective_contact_repaired_jac_20261008T142826Z,1,5,0.07127290519262937,0.00027272064941796694,0.6,0.07127290519262937,0.04545344156966117,0.4545344156966116,0.0258194636229682
selective_contact,vessel_invjac_selective_contact_repaired_jac_20261008T142826Z,1,6,0.09936973000098082,0.0002892158467490614,0.6,0.09936973000098082,0.048202641124843564,0.4820264112484357,0.051167088876137246
selective_contact,vessel_invjac_selective_contact_repaired_jac_20261008T142826Z,1,7,0.12914573739369498,0.0003101053670244255,0.6,0.12914573739369498,0.051684227837404256,0.5168422783740425,0.07746150955629072
selective_contact,vessel_invjac_selective_contact_repaired_jac_20261008T142826Z,1,8,0.16260849670840183,0.0003591498192697113,0.6,0.16260849670840183,0.05985830321161856,0.5985830321161855,0.10275019349678327
selective_contact,vessel_invjac_selective_contact_repaired_jac_20261008T142826Z,1,9,0.20122498103708436,0.0004229948213487147,0.6,0.20122498103708436,0.07049913689145246,0.7049913689145244,0.1307258441456319
selective_contact,vessel_invjac_selective_contact_repaired_jac_20261008T142826Z,1,10,0.24817357743622837,0.0005159771066341652,0.6,0.24817357743622837,0.08599618443902754,0.8599618443902753,0.1621773929972008
selective_contact,vessel_invjac_selective_contact_repaired_jac_20261008T142826Z,1,11,0.30404088016050906,0.0006010907176689207,0.6,0.30404088016050906,0.10018178627815347,1.0018178627815344,0.20385909388235565
selective_contact,vessel_invjac_selective_contact_repaired_jac_20261008T142826Z,1,12,0.37273325943491403,0.0007868259372384436,0.6,0.37273325943491403,0.1311376562064073,1.3113765620640727,0.2415956032285067
selective_contact,vessel_invjac_selective_contact_repaired_jac_20261008T142826Z,1,13,0.4282819587522105,0.0003044694537592763,0.6,0.4282819587522105,0.05074490895987938,0.5074490895987939,0.37753704979233105
selective_contact,vessel_invjac_selective_contact_repaired_jac_20261008T142826Z,1,14,0.4429867696927522,0.00027815696824792487,0.6,0.4429867696927522,0.04635949470798748,0.4635949470798748,0.3966272749847647
selective_contact,vessel_invjac_selective_contact_repaired_jac_20261008T142826Z,1,15,0.505993093045208,0.000955982457846006,0.6,0.505993093045208,0.159330409641001,1.59330409641001,0.346662683404207
selective_contact,vessel_invjac_selective_contact_repaired_jac_20261008T142826Z,1,16,0.6023298197178989,0.0006640011772858505,0.6,0.6023298197178989,0.11066686288097509,1.106668628809751,0.49166295683692385
selective_contact,vessel_invjac_selective_contact_repaired_jac_20261008T142826Z,1,17,0.6309222100071165,0.0003733411385356965,0.6,0.6309222100071165,0.06222352308928275,0.6222352308928275,0.5686986869178337
selective_contact,vessel_invjac_selective_contact_repaired_jac_20261008T142826Z,1,18,0.7271339037178958,0.0015508927356798878,0.6,0.7271339037178958,0.25848212261331466,2.5848212261331462,0.4686517811045811
selective_contact,vessel_invjac_selective_contact_repaired_jac_20261008T142826Z,1,19,0.9322385585164984,0.002301951821204965,0.6,0.9322385585164984,0.38365863686749424,3.836586368674942,0.5485799216490042
selective_contact,vessel_invjac_selective_contact_repaired_jac_20261008T142826Z,1,20,1.162433740636995,0.002301951821204965,0.6,1.162433740636995,0.38365863686749424,3.836586368674942,0.7787751037695007
selective_contact,vessel_invjac_selective_contact_repaired_jac_20261008T142826Z,1,21,1.3926289227574926,0.002301951821204965,0.6,1.3926289227574926,0.38365863686749424,3.836586368674942,1.0089702858899985
selective_contact,vessel_invjac_selective_contact_repaired_jac_20261008T142826Z,1,22,1.6228241048779894,0.002301951821204965,0.6,1.6228241048779894,0.38365863686749424,3.836586368674942,1.2391654680104953
selective_contact,vessel_invjac_selective_contact_repaired_jac_20261008T142826Z,1,23,1.8530192869984865,0.002301951821204965,0.6,1.680685203698276,0.38365863686749424,3.836586368674942,1.2970265668307817
selective_contact,vessel_invjac_selective_contact_repaired_jac_20261008T142826Z,1,24,2.0832144691189844,0.002301951821204965,0.6,0.40616289545153395,0.38365863686749424,3.836586368674942,0.02250425858403972
selective_contact,vessel_invjac_selective_contact_repaired_jac_20261008T142826Z,1,25,2.3134096512394797,0.002301951821204965,0.6,0.27441336846160436,0.38365863686749424,3.836586368674942,-0.10924526840588986
selective_contact,vessel_invjac_selective_contact_repaired_jac_20261008T142826Z,1,26,2.543604833359978,0.002301951821204965,0.6,0.06811935349598519,0.38365863686749424,3.836586368674942,-0.31553928337150905
selective_contact,vessel_invjac_selective_contact_repaired_jac_20261008T142826Z,1,27,2.7738000154804716,0.002301951821204965,0.6,0.12589937700418607,0.38365863686749424,3.836586368674942,-0.25775925986330817
selective_contact,vessel_invjac_selective_contact_repaired_jac_20261008T142826Z,1,28,3.003995197600967,0.002301951821204965,0.6,-0.07076866060981146,0.38365863686749424,3.836586368674942,-0.4544272974773057
selective_contact,vessel_invjac_selective_contact_repaired_jac_20261008T142826Z,1,29,3.4643855618419557,0.002301951821204965,0.6,0.33554768521961575,0.38365863686749424,3.836586368674942,-0.04811095164787847
selective_contact,vessel_invjac_selective_contact_repaired_jac_20261008T142826Z,1,30,3.694580743962451,0.002301951821204965,0.6,0.5238335956410909,0.38365863686749424,3.836586368674942,0.14017495877359662
selective_contact,vessel_invjac_selective_contact_repaired_jac_20261008T142826Z,1,31,3.9247759260829467,0.002301951821204965,0.6,0.6585340538109712,0.38365863686749424,3.836586368674942,0.274875416943477
selective_contact,vessel_invjac_selective_contact_repaired_jac_20261008T142826Z,1,32,4.1549711082034415,0.002301951821204965,0.6,0.42058200395582546,0.38365863686749424,3.836586368674942,0.03692336708833121
selective_contact,vessel_invjac_selective_contact_repaired_jac_20261008T142826Z,1,33,4.3851662903239355,0.002301951821204965,0.6,0.5292022078715539,0.38365863686749424,3.836586368674942,0.14554357100405974
selective_contact,vessel_invjac_selective_contact_repaired_jac_20261008T142826Z,1,34,4.615361472444431,0.002301951821204965,0.6,0.6787574517046377,0.38365863686749424,3.836586368674942,0.29509881483714356
selective_contact,vessel_invjac_selective_contact_repaired_jac_20261008T142826Z,1,35,4.845556654564926,0.002301951821204965,0.6,0.7939849745316545,0.38365863686749424,3.836586368674942,0.4103263376641603
selective_contact,vessel_invjac_selective_contact_repaired_jac_20261008T142826Z,1,36,5.07575183668542,0.002301951821204965,0.6,0.9181637589017804,0.38365863686749424,3.836586368674942,0.5345051220342861
selective_contact,vessel_invjac_selective_contact_repaired_jac_20261008T142826Z,1,37,5.305947018805916,0.002301951821204965,0.6,0.4747163987382166,0.38365863686749424,3.836586368674942,0.09105776187072234
selective_contact,vessel_invjac_selective_contact_repaired_jac_20261008T142826Z,1,38,5.5361422009264105,0.002301951821204965,0.6,0.9109768686643607,0.38365863686749424,3.836586368674942,0.5273182317968664
selective_contact,vessel_invjac_selective_contact_repaired_jac_20261008T142826Z,1,39,5.766337383046903,0.002301951821204965,0.6,0.7826327530349557,0.38365863686749424,3.836586368674942,0.3989741161674615
selective_contact,vessel_invjac_selective_contact_repaired_jac_20261008T142826Z,1,40,5.9965325651674,0.002301951821204965,0.6,0.5501683708634406,0.38365863686749424,3.836586368674942,0.1665097339959464
selective_contact,vessel_invjac_selective_contact_repaired_jac_20261008T142826Z,1,41,6.226727747287894,0.002301951821204965,0.6,0.6691677542048051,0.38365863686749424,3.836586368674942,0.2855091173373109
selective_contact,vessel_invjac_selective_contact_repaired_jac_20261008T142826Z,1,42,6.456922929408388,0.002301951821204965,0.6,0.9038967250617214,0.38365863686749424,3.836586368674942,0.5202380881942271
selective_contact,vessel_invjac_selective_contact_repaired_jac_20261008T142826Z,1,43,6.687118111528883,0.002301951821204965,0.6,1.1036058558754034,0.38365863686749424,3.836586368674942,0.7199472190079093
selective_contact,vessel_invjac_selective_contact_repaired_jac_20261008T142826Z,1,44,6.917313293649377,0.002301951821204965,0.6,1.0643585483061715,0.38365863686749424,3.836586368674942,0.6806999114386774
selective_contact,vessel_invjac_selective_contact_repaired_jac_20261008T142826Z,1,45,7.1475084757698735,0.002301951821204965,0.6,1.3315627642357164,0.38365863686749424,3.836586368674942,0.9479041273682223
selective_contact,vessel_invjac_selective_contact_repaired_jac_20261008T142826Z,1,46,7.377703657890367,0.002301951821204965,0.6,0.839305123098808,0.38365863686749424,3.836586368674942,0.45564648623131376
selective_contact,vessel_invjac_selective_contact_repaired_jac_20261008T142826Z,1,47,7.607520780298999,0.0022636094779532848,0.6,1.1240803582147887,0.3772682463255475,3.7726824632554745,0.7468121118892412
selective_contact,vessel_invjac_selective_contact_repaired_jac_20261008T142826Z,1,48,7.797774137881475,0.0015428697949552755,0.6,0.8001418275268941,0.2571449658258793,2.5714496582587927,0.5429968617010148
selective_contact,vessel_invjac_selective_contact_repaired_jac_20261008T142826Z,1,49,7.935612872060842,0.0012955740375088986,0.6,0.9453556099159357,0.21592900625148315,2.1592900625148315,0.7294266036644526
selective_contact,vessel_invjac_selective_contact_repaired_jac_20261008T142826Z,1,50,8.067174081946284,0.0013505298312192562,0.6,-0.09986384130157688,0.22508830520320938,2.2508830520320937,-0.32495214650478627
selective_contact,vessel_invjac_selective_contact_repaired_jac_20261008T142826Z,1,51,8.204452235365263,0.0013826045986445525,0.6,-0.11183544906465315,0.23043409977409213,2.304340997740921,-0.3422695488387453
selective_contact,vessel_invjac_selective_contact_repaired_jac_20261008T142826Z,1,52,8.341696958414735,0.0013611986382208066,0.6,-0.13036402950586812,0.2268664397034678,2.268664397034678,-0.35723046920933593
selective_contact,vessel_invjac_selective_contact_repaired_jac_20261008T142826Z,1,53,8.477263727120345,0.001353948932958874,0.6,0.047722949173421014,0.22565815549314566,2.256581554931457,-0.17793520631972465
selective_contact,vessel_invjac_selective_contact_repaired_jac_20261008T142826Z,1,54,8.61285946036703,0.0013578487601446307,0.6,0.08307296324425906,0.2263081266907718,2.263081266907718,-0.14323516344651274
selective_contact,vessel_invjac_selective_contact_repaired_jac_20261008T142826Z,1,55,8.748651428902608,0.0013571263610505954,0.6,0.050058870424274815,0.2261877268417659,2.261877268417659,-0.17612885641749107
selective_contact,vessel_invjac_selective_contact_repaired_jac_20261008T142826Z,1,56,8.884215543433523,0.0013544341026526913,0.6,0.27000499264175204,0.22573901710878191,2.257390171087819,0.044265975532970146
selective_contact,vessel_invjac_selective_contact_repaired_jac_20261008T142826Z,1,57,9.019604669279351,0.0013535609037667996,0.6,0.27602892932839396,0.22559348396113327,2.255934839611333,0.05043544536726069
selective_contact,vessel_invjac_selective_contact_repaired_jac_20261008T142826Z,1,58,9.154908502474171,0.0013521388757325237,0.6,0.3884555929187261,0.225356479288754,2.2535647928875395,0.16309911362997212
selective_contact,vessel_invjac_selective_contact_repaired_jac_20261008T142826Z,1,59,9.289975100128364,0.0013492314310330049,0.6,0.3118122089396955,0.22487190517216749,2.248719051721675,0.08694030376752804
selective_contact,vessel_invjac_selective_contact_repaired_jac_20261008T142826Z,1,60,9.424901863392007,0.0013504198830756443,0.6,0.3053725581182185,0.2250699805126074,2.250699805126074,0.0803025776056111
selective_contact,vessel_invjac_selective_contact_repaired_jac_20261008T142826Z,1,61,9.560278852200549,0.001358157725627257,0.6,0.4318849667972362,0.2263596209378762,2.2635962093787616,0.20552534585935997
selective_contact,vessel_invjac_selective_contact_repaired_jac_20261008T142826Z,1,62,9.696792812567237,0.0013732660262342918,0.6,0.3198426338574478,0.22887767103904866,2.288776710390487,0.09096496281839919
selective_contact,vessel_invjac_selective_contact_repaired_jac_20261008T142826Z,1,63,9.835089585455204,0.0013913214889459669,0.6,0.552392143976455,0.23188691482432783,2.3188691482432784,0.32050522915212715
selective_contact,vessel_invjac_selective_contact_repaired_jac_20261008T142826Z,1,64,9.974579660977179,0.0013955073464515157,0.6,0.6430628692673803,0.2325845577419193,2.325845577419193,0.410478311525461
selective_contact,vessel_invjac_selective_contact_repaired_jac_20261008T142826Z,1,65,10.11387523084685,0.001390383305929669,0.6,0.5500768176460351,0.23173055098827816,2.317305509882782,0.3183462666577569
selective_contact,vessel_invjac_selective_contact_repaired_jac_20261008T142826Z,1,66,10.252777459566557,0.0013882237412341668,0.6,0.5830611236184868,0.23137062353902782,2.313706235390278,0.351690500079459
selective_contact,vessel_invjac_selective_contact_repaired_jac_20261008T142826Z,1,67,10.391569112834159,0.0013874728685137735,0.6,0.8879340539317155,0.23124547808562892,2.312454780856289,0.6566885758460866
selective_contact,vessel_invjac_selective_contact_repaired_jac_20261008T142826Z,1,68,10.530244087129185,0.0013858983994001115,0.6,1.0281443940542019,0.23098306656668524,2.3098306656668526,0.7971613274875167
selective_contact,vessel_invjac_selective_contact_repaired_jac_20261008T142826Z,1,69,10.668735268375018,0.0013838817319817354,0.6,0.8999400976324736,0.23064695533028926,2.3064695533028923,0.6692931423021844
selective_contact,vessel_invjac_selective_contact_repaired_jac_20261008T142826Z,1,70,10.80701677818435,0.0013818295091434277,0.6,0.6557526488876579,0.2303049181905713,2.303049181905713,0.42544773069708663
selective_contact,vessel_invjac_selective_contact_repaired_jac_20261008T142826Z,1,71,10.945159805753553,0.0013813299946486425,0.6,0.5926820019975576,0.2302216657747738,2.3022166577477376,0.3624603362227838
selective_contact,vessel_invjac_selective_contact_repaired_jac_20261008T142826Z,1,72,11.08330657745792,0.0013808869722242666,0.6,0.6017937328873444,0.23014782870404443,2.301478287040444,0.37164590418330007
selective_contact,vessel_invjac_selective_contact_repaired_jac_20261008T142826Z,1,73,11.221118074071585,0.001374056127410416,0.6,0.3509094161889337,0.2290093545684027,2.2900935456840266,0.12190006162053098
selective_contact,vessel_invjac_selective_contact_repaired_jac_20261008T142826Z,1,74,11.358220606336515,0.0013714599903452696,0.6,0.06914186148633839,0.22857666505754493,2.2857666505754493,-0.15943480357120657
selective_contact,vessel_invjac_selective_contact_repaired_jac_20261008T142826Z,1,75,11.496287315251154,0.0013944159768004075,0.6,0.25535511352686946,0.23240266280006794,2.324026628000679,0.022952450726801524
selective_contact,vessel_invjac_selective_contact_repaired_jac_20261008T142826Z,1,76,11.637440885935714,0.0014267388261875907,0.6,0.15176133918928336,0.23778980436459846,2.3778980436459847,-0.08602846517531508
selective_contact,vessel_invjac_selective_contact_repaired_jac_20261008T142826Z,1,77,11.78113121063833,0.0014444703736981508,0.6,-0.26578393144799506,0.24074506228302514,2.4074506228302517,-0.5065289937310202
selective_contact,vessel_invjac_selective_contact_repaired_jac_20261008T142826Z,1,78,11.92594319853516,0.001449944327846071,0.6,0.0479061259238005,0.2416573879743452,2.4165738797434515,-0.1937512620505447
selective_contact,vessel_invjac_selective_contact_repaired_jac_20261008T142826Z,1,79,12.070794223605544,0.0014463345868913598,0.6,-0.15112833286136507,0.2410557644818933,2.410557644818933,-0.39218409734325843
selective_contact,vessel_invjac_selective_contact_repaired_jac_20261008T142826Z,1,80,12.215249082085839,0.0014431386300747817,0.6,0.056185350563271896,0.24052310501246363,2.405231050124636,-0.18433775444919173
selective_contact,vessel_invjac_selective_contact_repaired_jac_20261008T142826Z,1,81,12.359470775514875,0.0014413339364746601,0.6,0.01052116183335805,0.2402223227457767,2.4022232274577666,-0.22970116091241866
selective_contact,vessel_invjac_selective_contact_repaired_jac_20261008T142826Z,1,82,12.503505637734788,0.0014393061835982171,0.6,-0.08133700122847998,0.23988436393303622,2.398843639330362,-0.32122136516151617
selective_contact,vessel_invjac_selective_contact_repaired_jac_20261008T142826Z,1,83,12.647319393785587,0.001436911292084328,0.6,0.2355424424964152,0.23948521534738804,2.39485215347388,-0.003942772850972832
selective_contact,vessel_invjac_selective_contact_repaired_jac_20261008T142826Z,1,84,12.790878515316678,0.0014343092154180679,0.6,0.1670464743829978,0.23905153590301131,2.390515359030113,-0.07200506152001351
selective_contact,vessel_invjac_selective_contact_repaired_jac_20261008T142826Z,1,85,12.934226020630241,0.0014329455433371007,0.6,0.09236569740907186,0.2388242572228501,2.388242572228501,-0.14645855981377826
selective_contact,vessel_invjac_selective_contact_repaired_jac_20261008T142826Z,1,86,13.077503349001095,0.0014320443836944683,0.6,0.3011670394659287,0.23867406394907806,2.386740639490781,0.06249297551685066
selective_contact,vessel_invjac_selective_contact_repaired_jac_20261008T142826Z,1,87,13.220422278471013,0.0014251218880496632,0.6,0.2886953497220297,0.23752031467494392,2.3752031467494388,0.051175035047085794
selective_contact,vessel_invjac_selective_contact_repaired_jac_20261008T142826Z,1,88,13.362627716692083,0.001422306539656699,0.6,0.48911949627322215,0.2370510899427832,2.3705108994278317,0.252068406330439
selective_contact,vessel_invjac_selective_contact_repaired_jac_20261008T142826Z,1,89,13.505755012934625,0.0014442641349966894,0.6,0.3398037870554784,0.24071068916611493,2.407106891661149,0.09909309788936349
selective_contact,vessel_invjac_selective_contact_repaired_jac_20261008T142826Z,1,90,13.651524710778018,0.001467169125336516,0.6,0.6263985830696122,0.24452818755608605,2.44528187556086,0.3818703955135261
selective_contact,vessel_invjac_selective_contact_repaired_jac_20261008T142826Z,1,91,13.798419164973067,0.001467631480513564,0.6,0.4507868965274966,0.24460524675226072,2.4460524675226067,0.2061816497752359
selective_contact,vessel_invjac_selective_contact_repaired_jac_20261008T142826Z,1,92,13.94497321376739,0.001463915560180018,0.6,0.6197543411708519,0.24398592669666969,2.4398592669666965,0.37576841447418224
selective_contact,vessel_invjac_selective_contact_repaired_jac_20261008T142826Z,1,93,14.091280498618751,0.0014622638862869305,0.6,0.7714194209727214,0.24371064771448844,2.437106477144884,0.527708773258233
selective_contact,vessel_invjac_selective_contact_repaired_jac_20261008T142826Z,1,94,14.383274607045994,0.001457455783956675,0.6,0.508881244381044,0.24290929732611252,2.4290929732611253,0.2659719470549315
selective_contact,vessel_invjac_selective_contact_repaired_jac_20261008T142826Z,1,95,14.528907591223494,0.001455238799141604,0.6,0.6549971815188513,0.24253979985693402,2.4253979985693404,0.4124573816619173
selective_contact,vessel_invjac_selective_contact_repaired_jac_20261008T142826Z,1,96,14.528907591223494,0.001455238799141604,0.6,0.5953873729717216,0.24253979985693402,2.4253979985693404,0.3528475731147876
selective_contact,vessel_invjac_selective_contact_repaired_jac_20261008T142826Z,1,97,14.819449303095912,0.001450057891592791,0.6,0.32304697907613544,0.24167631526546518,2.4167631526546516,0.08137066381067026
selective_contact,vessel_invjac_selective_contact_repaired_jac_20261008T142826Z,1,98,14.819449303095912,0.001450057891592791,0.6,0.4171300233622457,0.24167631526546518,2.4167631526546516,0.17545370809678054
selective_contact,vessel_invjac_selective_contact_repaired_jac_20261008T142826Z,1,99,15.10926360309702,0.0014473258175796081,0.6,0.7144010549030302,0.2412209695966014,2.412209695966014,0.4731800853064288
selective_contact,vessel_invjac_selective_contact_repaired_jac_20261008T142826Z,1,100,15.25360740734323,0.0014385231304794202,0.6,0.4837439906465839,0.23975385507990335,2.397538550799034,0.2439901355666806
selective_contact,vessel_invjac_selective_contact_repaired_jac_20261008T142826Z,1,101,15.397371067177636,0.0014414198834945225,0.6,0.5717330952117052,0.2402366472490871,2.402366472490871,0.33149644796261807
selective_contact,vessel_invjac_selective_contact_repaired_jac_20261008T142826Z,1,102,15.542798920918285,0.001470050746549266,0.6,0.4255557117357469,0.24500845775821106,2.45008457758211,0.18054725397753588
selective_contact,vessel_invjac_selective_contact_repaired_jac_20261008T142826Z,1,103,15.690875044678574,0.0014865652992172667,0.6,0.25345621643725025,0.24776088320287779,2.477608832028778,0.005695333234372447
selective_contact,vessel_invjac_selective_contact_repaired_jac_20261008T142826Z,1,104,15.690875044678574,0.0014865652992172667,0.6,-0.21333050524590114,0.24776088320287779,2.477608832028778,-0.4610913884487789
selective_contact,vessel_invjac_selective_contact_repaired_jac_20261008T142826Z,1,105,15.83918305171024,0.0014788201088320554,0.6,0.10315922856988458,0.24647001813867594,2.464700181386759,-0.14331078956879137
selective_contact,vessel_invjac_selective_contact_repaired_jac_20261008T142826Z,1,106,16.134225298790167,0.0014737100050821053,0.6,0.04855781845907714,0.2456183341803509,2.456183341803509,-0.19706051572127375
selective_contact,vessel_invjac_selective_contact_repaired_jac_20261008T142826Z,1,107,16.134225298790167,0.0014737100050821053,0.6,-0.3588925612634739,0.2456183341803509,2.456183341803509,-0.6045108954438249
selective_contact,vessel_invjac_selective_contact_repaired_jac_20261008T142826Z,1,108,16.428468570187814,0.00146860940831964,0.6,-0.16005979869452958,0.24476823471994008,2.4476823471994003,-0.40482803341446966
selective_contact,vessel_invjac_selective_contact_repaired_jac_20261008T142826Z,1,109,16.575222808537845,0.0014664681642595214,0.6,-0.04191099768280182,0.24441136070992026,2.4441136070992022,-0.2863223583927221
selective_contact,vessel_invjac_selective_contact_repaired_jac_20261008T142826Z,1,110,16.721743513564572,0.0014638328222699966,0.6,0.18222639970897347,0.24397213704499948,2.4397213704499947,-0.06174573733602599
selective_contact,vessel_invjac_selective_contact_repaired_jac_20261008T142826Z,1,111,16.721743513564572,0.0014638328222699966,0.6,-0.05956879243964153,0.24397213704499948,2.4397213704499947,-0.303540929484641
selective_contact,vessel_invjac_selective_contact_repaired_jac_20261008T142826Z,1,112,16.867991734512817,0.001461332432835323,0.6,0.08988556805881132,0.24355540547255383,2.435554054725538,-0.15366983741374252
selective_contact,vessel_invjac_selective_contact_repaired_jac_20261008T142826Z,1,113,17.014065291401405,0.0014602746821323635,0.6,0.28303154700168065,0.24337911368872725,2.4337911368872724,0.03965243331295341
selective_contact,vessel_invjac_selective_contact_repaired_jac_20261008T142826Z,1,114,17.305297182316114,0.001450980222981842,0.6,0.3905825403585901,0.24183003716364032,2.4183003716364033,0.14875250319494976
selective_contact,vessel_invjac_selective_contact_repaired_jac_20261008T142826Z,1,115,17.4510839530979,0.001470212089419882,0.6,0.580425610921715,0.245035348236647,2.4503534823664697,0.335390262685068
selective_contact,vessel_invjac_selective_contact_repaired_jac_20261008T142826Z,1,116,17.60009926439336,0.0015074194933887232,0.6,0.17074230779033783,0.25123658223145384,2.5123658223145386,-0.08049427444111604
selective_contact,vessel_invjac_selective_contact_repaired_jac_20261008T142826Z,1,117,17.7514234787954,0.0015126735384257766,0.6,0.3572854809475565,0.25211225640429613,2.521122564042961,0.10517322454326036
selective_contact,vessel_invjac_selective_contact_repaired_jac_20261008T142826Z,1,118,17.902099238426164,0.0015023660905254652,0.6,0.44856505620057874,0.2503943484209109,2.503943484209109,0.19817070777966783
selective_contact,vessel_invjac_selective_contact_repaired_jac_20261008T142826Z,1,119,18.052179059664955,0.0015002453488817662,0.6,0.29722499406927483,0.2500408914802944,2.500408914802944,0.04718410258898042
selective_contact,vessel_invjac_selective_contact_repaired_jac_20261008T142826Z,1,120,18.202138102248913,0.0014985733833994019,0.6,-0.10641416624109468,0.24976223056656702,2.49762230566567,-0.35617639680766167
selective_contact,vessel_invjac_selective_contact_repaired_jac_20261008T142826Z,1,121,18.351837424631924,0.0014953434811274043,0.6,-0.12392356301928587,0.2492239135212341,2.4922391352123405,-0.37314747654051994
selective_contact,vessel_invjac_selective_contact_repaired_jac_20261008T142826Z,1,122,18.501211234243154,0.0014921677732844037,0.6,0.037043933398067,0.248694628880734,2.4869462888073395,-0.21165069548266696
selective_contact,vessel_invjac_selective_contact_repaired_jac_20261008T142826Z,1,123,18.650286834624147,0.0014894505131290122,0.6,-0.082105474053769,0.24824175218816874,2.482417521881687,-0.33034722624193774
selective_contact,vessel_invjac_selective_contact_repaired_jac_20261008T142826Z,1,124,18.799119377934836,0.0014871885520795333,0.6,-0.10250347922666592,0.24786475867992225,2.478647586799222,-0.35036823790658816
selective_contact,vessel_invjac_selective_contact_repaired_jac_20261008T142826Z,1,125,18.947673901489612,0.0014835713728549328,0.6,0.012760795188761165,0.24726189547582222,2.4726189547582216,-0.23450110028706103
selective_contact,vessel_invjac_selective_contact_repaired_jac_20261008T142826Z,1,126,19.09581693229606,0.0014800585841144489,0.6,0.03756261679580675,0.2466764306857415,2.466764306857415,-0.20911381388993475
selective_contact,vessel_invjac_selective_contact_repaired_jac_20261008T142826Z,1,127,19.243899650967016,0.0014827731526380694,0.6,0.18949769698538432,0.24712885877301163,2.4712885877301156,-0.05763116178762731
selective_contact,vessel_invjac_selective_contact_repaired_jac_20261008T142826Z,1,128,19.392909932461638,0.001501576359793767,0.6,0.28468400199145805,0.25026272663229454,2.502627266322945,0.034421275359163506
selective_contact,vessel_invjac_selective_contact_repaired_jac_20261008T142826Z,1,129,19.545073290483135,0.0015440066207770258,0.6,0.27255260801752357,0.257334436796171,2.5733443679617096,0.01521817122135253
selective_contact,vessel_invjac_selective_contact_repaired_jac_20261008T142826Z,1,130,19.700854022524574,0.0015639993935435354,0.6,0.22879860837601385,0.2606665655905892,2.6066656559058923,-0.03186795721457538
selective_contact,vessel_invjac_selective_contact_repaired_jac_20261008T142826Z,1,131,19.856708597806307,0.001552479247652687,0.6,0.3987126584932206,0.2587465412754479,2.5874654127544785,0.1399661172177727
selective_contact,vessel_invjac_selective_contact_repaired_jac_20261008T142826Z,1,132,20.011639859818885,0.0015477380101809382,0.6,0.5744887614968803,0.25795633503015647,2.5795633503015636,0.3165324264667239
selective_contact,vessel_invjac_selective_contact_repaired_jac_20261008T142826Z,1,133,20.166357047852493,0.001546189100728114,0.6,0.48140769966522967,0.2576981834546857,2.5769818345468565,0.22370951621054397
selective_contact,vessel_invjac_selective_contact_repaired_jac_20261008T142826Z,1,134,20.32080259102712,0.0015424584361936498,0.6,0.3330157876478488,0.257076406032275,2.57076406032275,0.0759393816155738
selective_contact,vessel_invjac_selective_contact_repaired_jac_20261008T142826Z,1,135,20.4748303815052,0.0015380428684028372,0.6,0.2942457088974777,0.25634047806713955,2.5634047806713953,0.03790523083033816
selective_contact,vessel_invjac_selective_contact_repaired_jac_20261008T142826Z,1,136,20.62844732348591,0.001534825506366294,0.6,-0.012575551092488979,0.25580425106104904,2.5580425106104903,-0.26837980215353807
selective_contact,vessel_invjac_selective_contact_repaired_jac_20261008T142826Z,1,137,20.781924062098483,0.001534712327390735,0.6,0.16729123908226384,0.2557853878984559,2.5578538789845586,-0.08849414881619203
selective_contact,vessel_invjac_selective_contact_repaired_jac_20261008T142826Z,1,138,20.935088120068983,0.001526162121216734,0.6,-0.031070619280836098,0.2543603535361224,2.5436035353612234,-0.2854309728169585
selective_contact,vessel_invjac_selective_contact_repaired_jac_20261008T142826Z,1,139,21.086919165364414,0.001515421596005755,0.6,0.14913640146621887,0.25257026600095916,2.525702660009592,-0.10343386453474032
selective_contact,vessel_invjac_selective_contact_repaired_jac_20261008T142826Z,1,140,21.239812828310008,0.0015522972285924661,0.6,0.06464998368158348,0.2587162047654111,2.58716204765411,-0.19406622108382762
selective_contact,vessel_invjac_selective_contact_repaired_jac_20261008T142826Z,1,141,21.398342899810903,0.0016162861538909403,0.6,-0.2565903515197512,0.2693810256484901,2.6938102564849005,-0.5259713771682413
selective_contact,vessel_invjac_selective_contact_repaired_jac_20261008T142826Z,1,142,21.56236537112987,0.0016598091605159611,0.6,-0.028482809399676512,0.2766348600859936,2.7663486008599354,-0.30511766948567004
selective_contact,vessel_invjac_selective_contact_repaired_jac_20261008T142826Z,1,143,21.72905223958317,0.0016678706282343225,0.6,-0.07019886711869816,0.2779784380390538,2.7797843803905375,-0.348177305157752
selective_contact,vessel_invjac_selective_contact_repaired_jac_20261008T142826Z,1,144,21.89527203864037,0.0016571869919278467,0.6,0.09726076217111412,0.27619783198797443,2.7619783198797445,-0.17893706981686033
selective_contact,vessel_invjac_selective_contact_repaired_jac_20261008T142826Z,1,145,22.06076578176909,0.0016536206468409805,0.6,0.07992854504592728,0.27560344114016344,2.756034411401634,-0.19567489609423616
selective_contact,vessel_invjac_selective_contact_repaired_jac_20261008T142826Z,1,146,22.225965911200177,0.0016499852237909312,0.6,0.717575445726677,0.2749975372984885,2.7499753729848857,0.4425779084281884
selective_contact,vessel_invjac_selective_contact_repaired_jac_20261008T142826Z,1,147,22.390680983680756,0.0016438529557442857,0.6,0.6955635589294076,0.27397549262404763,2.7397549262404763,0.42158806630535994
selective_contact,vessel_invjac_selective_contact_repaired_jac_20261008T142826Z,1,148,22.554662084282846,0.001635857687043953,0.6,0.5109729169088837,0.2726429478406589,2.7264294784065886,0.23832996906822482
selective_contact,vessel_invjac_selective_contact_repaired_jac_20261008T142826Z,1,149,22.7181023938926,0.001634514119727097,0.6,0.34385478718303375,0.27241901995451623,2.724190199545162,0.07143576722851755
selective_contact,vessel_invjac_selective_contact_repaired_jac_20261008T142826Z,1,150,22.881506510849782,0.0016300616172465377,0.6,0.5509108526774718,0.27167693620775635,2.716769362077563,0.2792339164697154
selective_contact,vessel_invjac_selective_contact_repaired_jac_20261008T142826Z,1,151,23.043324059375248,0.0016081615363678825,0.6,0.14183815447626458,0.26802692272798045,2.6802692272798043,-0.12618876825171585
selective_contact,vessel_invjac_selective_contact_repaired_jac_20261008T142826Z,1,152,23.20634313166158,0.0016783322964515851,0.6,0.22134486548416277,0.2797220494085975,2.797220494085975,-0.058377183924434764
selective_contact,vessel_invjac_selective_contact_repaired_jac_20261008T142826Z,1,153,23.382563104448174,0.0018349067892668768,0.6,0.527004730850166,0.3058177982111462,3.058177982111461,0.22118693263901978
selective_contact,vessel_invjac_selective_contact_repaired_jac_20261008T142826Z,1,154,23.567303643460058,0.0018374445666526351,0.6,0.5193220753147401,0.3062407611087726,3.062407611087725,0.21308131420596746
selective_contact,vessel_invjac_selective_contact_repaired_jac_20261008T142826Z,1,155,23.7500447394264,0.0018226285580474617,0.6,0.15488887083112957,0.30377142634124366,3.0377142634124366,-0.1488825555101141
selective_contact,vessel_invjac_selective_contact_repaired_jac_20261008T142826Z,1,156,23.93224447015026,0.001819743688750561,0.6,0.4069637186777264,0.3032906147917602,3.0329061479176014,0.10367310388596622
selective_contact,vessel_invjac_selective_contact_repaired_jac_20261008T142826Z,1,157,24.113701217591746,0.001809379423322651,0.6,0.344717366775388,0.30156323722044187,3.0156323722044185,0.04315412955494609
selective_contact,vessel_invjac_selective_contact_repaired_jac_20261008T142826Z,1,158,24.294251372814173,0.0018021866494954686,0.6,0.5587977874469665,0.30036444158257813,3.003644415825781,0.25843334586438843
selective_contact,vessel_invjac_selective_contact_repaired_jac_20261008T142826Z,1,159,24.653222929829777,0.0017851678035777463,0.6,0.31756089924522257,0.2975279672629577,2.9752796726295774,0.020032931982264867
selective_contact,vessel_invjac_selective_contact_repaired_jac_20261008T142826Z,1,160,24.83106383719756,0.0017744010052992572,0.6,0.52924762774812,0.29573350088320954,2.9573350088320955,0.23351412686491038
selective_contact,vessel_invjac_selective_contact_repaired_jac_20261008T142826Z,1,161,25.00939574518133,0.001799967156830394,0.6,0.370050400598366,0.299994526138399,2.99994526138399,0.07005587445996703
selective_contact,vessel_invjac_selective_contact_repaired_jac_20261008T142826Z,1,162,25.192884252831234,0.0018802412754015936,0.6,0.33472153204926514,0.31337354590026567,3.133735459002656,0.02134798614899944
selective_contact,vessel_invjac_selective_contact_repaired_jac_20261008T142826Z,1,163,25.386810905818756,0.0019836144787667553,0.6,-0.18407392414820833,0.33060241312779254,3.3060241312779253,-0.5146763372760009
selective_contact,vessel_invjac_selective_contact_repaired_jac_20261008T142826Z,1,164,25.386810905818756,0.0019836144787667553,0.6,-0.4286766095278338,0.33060241312779254,3.3060241312779253,-0.7592790226556264
selective_contact,vessel_invjac_selective_contact_repaired_jac_20261008T142826Z,1,165,25.58480824666929,0.0019632768561948215,0.6,-0.1978141605067094,0.3272128093658036,3.2721280936580364,-0.5250269698725131
selective_contact,vessel_invjac_selective_contact_repaired_jac_20261008T142826Z,1,166,25.975307625879665,0.001949383014468676,0.6,0.27893347931773604,0.3248971690781127,3.248971690781127,-0.04596368976037669
selective_contact,vessel_invjac_selective_contact_repaired_jac_20261008T142826Z,1,167,26.169764036611888,0.0019379710767404087,0.6,0.4473832939500362,0.32299517945673484,3.2299517945673477,0.12438811449330135
selective_contact,vessel_invjac_selective_contact_repaired_jac_20261008T142826Z,1,168,26.36267456540056,0.0019213615445935902,0.6,0.6930822393340428,0.3202269240989317,3.202269240989317,0.372855315235111
selective_contact,vessel_invjac_selective_contact_repaired_jac_20261008T142826Z,1,169,26.55452433164838,0.0019163451073902645,0.6,0.9862893181787094,0.3193908512317108,3.193908512317108,0.6668984669469985
selective_contact,vessel_invjac_selective_contact_repaired_jac_20261008T142826Z,1,170,26.744874400896396,0.0018840677092845082,0.6,0.9175239323438547,0.3140112848807514,3.140112848807514,0.6035126474631032
selective_contact,vessel_invjac_selective_contact_repaired_jac_20261008T142826Z,1,171,26.744874400896396,0.0018840677092845082,0.6,0.2534586982695899,0.3140112848807514,3.140112848807514,-0.060552586611161516
selective_contact,vessel_invjac_selective_contact_repaired_jac_20261008T142826Z,1,172,26.932690502224823,0.0018912888689657371,0.6,0.14228911363504082,0.31521481149428954,3.1521481149428956,-0.17292569785924872
selective_contact,vessel_invjac_selective_contact_repaired_jac_20261008T142826Z,1,173,27.126679177105153,0.0019850929885101075,0.6,-0.09226034842051334,0.3308488314183513,3.3084883141835126,-0.42310917983886465
selective_contact,vessel_invjac_selective_contact_repaired_jac_20261008T142826Z,1,174,27.525889452935875,0.001993258405394628,0.6,0.3575348296569345,0.332209734232438,3.3220973423243803,0.025325095424496517
selective_contact,vessel_invjac_selective_contact_repaired_jac_20261008T142826Z,1,175,27.721833585596688,0.0019009127351068307,0.6,-0.03740521603137026,0.3168187891844718,3.168187891844718,-0.3542240052158421
selective_contact,vessel_invjac_selective_contact_repaired_jac_20261008T142826Z,1,176,27.906978344053336,0.0018452413585969885,0.6,0.0041040469669653135,0.30754022643283146,3.0754022643283143,-0.30343617946586615
selective_contact,vessel_invjac_selective_contact_repaired_jac_20261008T142826Z,1,177,28.098887008609818,0.001985908659275578,0.6,0.10004470751399097,0.3309847765459297,3.3098477654592964,-0.23094006903193873
selective_contact,vessel_invjac_selective_contact_repaired_jac_20261008T142826Z,1,178,28.098887008609818,0.001985908659275578,0.6,-0.12498655455837238,0.3309847765459297,3.3098477654592964,-0.45597133110430205
selective_contact,vessel_invjac_selective_contact_repaired_jac_20261008T142826Z,1,179,28.291633291747733,0.0018241956259263104,0.6,0.03622203772507859,0.3040326043210518,3.0403260432105177,-0.2678105665959732
selective_contact,vessel_invjac_selective_contact_repaired_jac_20261008T142826Z,1,180,28.470335014710635,0.001811106925960541,0.6,0.16601043671589366,0.30185115432675685,3.0185115432675684,-0.13584071761086317
selective_contact,vessel_invjac_selective_contact_repaired_jac_20261008T142826Z,1,181,28.843031792520662,0.0017849844852262041,0.6,0.5570175627177214,0.29749741420436737,2.9749741420436737,0.25952014851335403
selective_contact,vessel_invjac_selective_contact_repaired_jac_20261008T142826Z,1,182,29.02472118973645,0.0019011914120324709,0.6,0.5587679600106767,0.31686523533874517,3.1686523533874515,0.24190272467193152
selective_contact,vessel_invjac_selective_contact_repaired_jac_20261008T142826Z,1,183,29.22382090831624,0.002035416016369294,0.6,0.5771139168661996,0.3392360027282157,3.3923600272821566,0.2378779141379839
selective_contact,vessel_invjac_selective_contact_repaired_jac_20261008T142826Z,1,184,29.424911462027694,0.001974607606256614,0.6,0.3171475365547103,0.3291012677094357,3.291012677094357,-0.011953731154725453
selective_contact,vessel_invjac_selective_contact_repaired_jac_20261008T142826Z,1,185,29.424911462027694,0.001974607606256614,0.6,-0.17741767689574672,0.3291012677094357,3.291012677094357,-0.5065189446051824
selective_contact,vessel_invjac_selective_contact_repaired_jac_20261008T142826Z,1,186,29.61767475579786,0.0018783759030676697,0.6,-0.2068512372714686,0.31306265051127835,3.1306265051127826,-0.5199138877827469
selective_contact,vessel_invjac_selective_contact_repaired_jac_20261008T142826Z,1,187,29.80058153412606,0.0017862494693669225,0.6,-1.3271776987702353,0.2977082448944871,2.977082448944871,-1.6248859436647225
selective_contact,vessel_invjac_selective_contact_repaired_jac_20261008T142826Z,1,188,30.167535432424305,0.0019073526194454454,0.6,-0.13866309693751333,0.3178921032409076,3.1789210324090758,-0.45655520017842094
selective_contact,vessel_invjac_selective_contact_repaired_jac_20261008T142826Z,1,189,30.35577357736948,0.001855601698574884,0.6,-0.09369866583729447,0.30926694976248065,3.092669497624807,-0.4029656155997752
selective_contact,vessel_invjac_selective_contact_repaired_jac_20261008T142826Z,1,190,30.54178180770035,0.0018763747091420755,0.6,0.7966558962357269,0.31272911819034593,3.1272911819034594,0.4839267780453809
selective_contact,vessel_invjac_selective_contact_repaired_jac_20261008T142826Z,1,191,30.72824440766782,0.0018269943074083802,0.6,1.5545406532046897,0.3044990512347301,3.0449905123473004,1.2500416019699594
selective_contact,vessel_invjac_selective_contact_repaired_jac_20261008T142826Z,1,192,30.907326520302455,0.0017876632686047744,0.6,1.4435685458015008,0.29794387810079576,2.9794387810079574,1.1456246677007051
selective_contact,vessel_invjac_selective_contact_repaired_jac_20261008T142826Z,1,193,31.092158153686587,0.00191243186267781,0.6,1.2075432345908546,0.31873864377963507,3.1873864377963503,0.8888045908112194
selective_contact,vessel_invjac_selective_contact_repaired_jac_20261008T142826Z,1,194,31.2825127695536,0.0018560285156765915,0.6,-0.05415674915117208,0.3093380859460986,3.093380859460986,-0.36349483509727065
selective_contact,vessel_invjac_selective_contact_repaired_jac_20261008T142826Z,1,195,31.46413715463465,0.0018009405647529944,0.6,-0.6483552482994952,0.30015676079216574,3.0015676079216576,-0.9485120090916609
selective_contact,vessel_invjac_selective_contact_repaired_jac_20261008T142826Z,1,196,31.645244307309827,0.0018175280961846138,0.6,-0.9467781087304381,0.3029213493641023,3.029213493641023,-1.2496994580945404
selective_contact,vessel_invjac_selective_contact_repaired_jac_20261008T142826Z,1,197,31.826206311444803,0.0017986216401225713,0.6,-0.5978033660303943,0.29977027335376194,2.997702733537619,-0.8975736393841562
selective_contact,vessel_invjac_selective_contact_repaired_jac_20261008T142826Z,1,198,32.005649907165676,0.0017942045320226442,0.6,-0.01727143100661266,0.29903408867044073,2.990340886704407,-0.31630551967705334
selective_contact,vessel_invjac_selective_contact_repaired_jac_20261008T142826Z,1,199,32.18369182107292,0.0017519640560994735,0.6,0.1359965677978181,0.2919940093499123,2.9199400934991226,-0.1559974415520942
selective_contact,vessel_invjac_selective_contact_repaired_jac_20261008T142826Z,1,200,32.354488349924594,0.0016817301348422177,0.6,0.9718300763811847,0.2802883558070363,2.802883558070363,0.6915417205741484
selective_contact,vessel_invjac_selective_contact_repaired_jac_20261008T142826Z,1,201,32.51254617685955,0.001318178960166693,0.6,0.511544043377512,0.21969649336111552,2.196964933611155,0.2918475500163965
selective_contact,vessel_invjac_selective_contact_repaired_jac_20261008T142826Z,1,202,32.61692034833126,0.0013574262211309182,0.6,0.6682901257359362,0.22623770352181968,2.262377035218197,0.4420524222141165
selective_contact,vessel_invjac_selective_contact_repaired_jac_20261008T142826Z,1,203,32.7801589365969,0.001644296441091172,0.6,0.1570983396617649,0.2740494068485287,2.7404940684852868,-0.11695106718676376
selective_contact,vessel_invjac_selective_contact_repaired_jac_20261008T142826Z,1,204,32.94475202850436,0.0016344067865110652,0.6,0.4637851288368253,0.27240113108517755,2.7240113108517754,0.19138399775164774
selective_contact,vessel_invjac_selective_contact_repaired_jac_20261008T142826Z,1,205,33.11141209920781,0.0017106105084746957,0.6,0.5667031012163264,0.28510175141244937,2.851017514124493,0.28160134980387697
selective_contact,vessel_invjac_selective_contact_repaired_jac_20261008T142826Z,1,206,33.28851467127174,0.0018338727813484385,0.6,0.6811888861080817,0.3056454635580731,3.056454635580731,0.37554342255000855
selective_contact,vessel_invjac_selective_contact_repaired_jac_20261008T142826Z,1,207,33.473230938694726,0.0018177839515409982,0.6,0.5864550860274136,0.3029639919234997,3.0296399192349974,0.2834910941039138
selective_contact,vessel_invjac_selective_contact_repaired_jac_20261008T142826Z,1,208,33.64849833085596,0.0016982305626066661,0.6,0.30078308440979384,0.2830384271011111,2.8303842710111105,0.01774465730868273
selective_contact,vessel_invjac_selective_contact_repaired_jac_20261008T142826Z,1,209,33.81539153930332,0.0016512801292846541,0.6,0.5087344244081962,0.27521335488077575,2.752133548807757,0.23352106952742038
selective_contact,vessel_invjac_selective_contact_repaired_jac_20261008T142826Z,1,210,33.98150734226665,0.001684355525163383,0.6,0.39603607614348135,0.2807259208605639,2.8072592086056387,0.11531015528291742
selective_contact,vessel_invjac_selective_contact_repaired_jac_20261008T142826Z,1,211,34.15295434946293,0.0017319151530494562,0.6,-0.251765363656844,0.2886525255082427,2.886525255082427,-0.5404178891650867
selective_contact,vessel_invjac_selective_contact_repaired_jac_20261008T142826Z,1,212,34.325012959262665,0.0017003746475417764,0.6,0.020727811768864512,0.28339577459029613,2.8339577459029606,-0.26266796282143157
selective_contact,vessel_invjac_selective_contact_repaired_jac_20261008T142826Z,1,213,34.49308399679323,0.0016629801797323233,0.6,0.06124530182523813,0.2771633632887206,2.7716336328872058,-0.21591806146348247
selective_contact,vessel_invjac_selective_contact_repaired_jac_20261008T142826Z,1,214,34.65805271701208,0.0016387415025816417,0.6,0.2376140490060905,0.27312358376360696,2.7312358376360697,-0.035509534757516455
selective_contact,vessel_invjac_selective_contact_repaired_jac_20261008T142826Z,1,215,34.821305255377034,0.0016300693676701624,0.6,0.11217104429582747,0.2716782279450271,2.7167822794502707,-0.1595071836491996
selective_contact,vessel_invjac_selective_contact_repaired_jac_20261008T142826Z,1,216,34.985228336717874,0.001654610810571346,0.6,0.36012365640180377,0.27576846842855773,2.757684684285577,0.08435518797324607
selective_contact,vessel_invjac_selective_contact_repaired_jac_20261008T142826Z,1,217,35.15223815365971,0.0016769526778652474,0.6,0.3309772653370189,0.2794921129775413,2.794921129775412,0.051485152359477614
selective_contact,vessel_invjac_selective_contact_repaired_jac_20261008T142826Z,1,218,35.31888971897504,0.0016523220092628918,0.6,0.34383570900160976,0.27538700154381535,2.753870015438153,0.06844870745779442
selective_contact,vessel_invjac_selective_contact_repaired_jac_20261008T142826Z,1,219,35.48369763842959,0.0016501554271445805,0.6,0.44318462670309344,0.27502590452409675,2.7502590452409676,0.1681587221789967
selective_contact,vessel_invjac_selective_contact_repaired_jac_20261008T142826Z,1,220,35.64900233843386,0.0016483479963855254,0.6,0.3973227902251182,0.2747246660642543,2.7472466606425425,0.12259812416086391
selective_contact,vessel_invjac_selective_contact_repaired_jac_20261008T142826Z,1,221,35.811850339515125,0.0016041020840101225,0.6,0.45526636910496876,0.26735034733502044,2.6735034733502046,0.18791602176994832
selective_contact,vessel_invjac_selective_contact_repaired_jac_20261008T142826Z,1,222,35.97012593252968,0.00156381295337759,0.6,0.006424219491186989,0.2606354922295983,2.6063549222959836,-0.2542112727384113
selective_contact,vessel_invjac_selective_contact_repaired_jac_20261008T142826Z,1,223,36.12559954564685,0.0015548740922038554,0.6,0.2175341024908164,0.2591456820339759,2.591456820339759,-0.04161157954315952
selective_contact,vessel_invjac_selective_contact_repaired_jac_20261008T142826Z,1,224,36.28354234022189,0.0016110685399743719,0.6,0.0776303173853492,0.26851142332906197,2.68511423329062,-0.1908811059437128
selective_contact,vessel_invjac_selective_contact_repaired_jac_20261008T142826Z,1,225,36.44632921064928,0.0016269374511578244,0.6,0.3279744411813539,0.2711562418596374,2.711562418596374,0.05681819932171651
selective_contact,vessel_invjac_selective_contact_repaired_jac_20261008T142826Z,1,226,36.60644581887131,0.0015797993587928951,0.6,0.5308884034785066,0.26329989313214924,2.6329989313214917,0.26758851034635744
selective_contact,vessel_invjac_selective_contact_repaired_jac_20261008T142826Z,1,227,36.76423916870199,0.0015855081050222394,0.6,0.6064324716206997,0.26425135083703993,2.6425135083703992,0.34218112078365975
selective_contact,vessel_invjac_selective_contact_repaired_jac_20261008T142826Z,1,228,36.92389492316251,0.0016029739914239511,0.6,0.4022541984965926,0.2671623319039919,2.671623319039919,0.1350918665926007
selective_contact,vessel_invjac_selective_contact_repaired_jac_20261008T142826Z,1,229,37.05576153617751,0.0011849527865863579,0.6,0.08842945611303321,0.19749213109772634,1.9749213109772632,-0.10906267498469312
selective_contact,vessel_invjac_selective_contact_repaired_jac_20261008T142826Z,1,230,37.19151651215788,0.0014287909476533693,0.6,-0.3230730348525199,0.2381318246088949,2.381318246088949,-0.5612048594614149
selective_contact,vessel_invjac_selective_contact_repaired_jac_20261008T142826Z,1,231,37.33181148835381,0.0015233937752852137,0.6,-0.11848137681109705,0.2538989625475357,2.5389896254753563,-0.37238033935863274
selective_contact,vessel_invjac_selective_contact_repaired_jac_20261008T142826Z,1,232,37.49092969869577,0.001599472892086616,0.6,0.7076316266075224,0.26657881534776934,2.6657881534776933,0.44105281125975304
selective_contact,vessel_invjac_selective_contact_repaired_jac_20261008T142826Z,1,233,37.80383404057704,0.0015130966446411252,0.6,0.81861505563473,0.25218277410685425,2.521827741068542,0.5664322815278758
selective_contact,vessel_invjac_selective_contact_repaired_jac_20261008T142826Z,1,234,37.95470540267814,0.0015187084432947838,0.6,0.6941657968505481,0.253118073882464,2.53118073882464,0.4410477229680842
selective_contact,vessel_invjac_selective_contact_repaired_jac_20261008T142826Z,1,235,37.95470540267814,0.0015187084432947838,0.6,0.8352243630042793,0.253118073882464,2.53118073882464,0.5821062891218153
selective_contact,vessel_invjac_selective_contact_repaired_jac_20261008T142826Z,1,236,38.264716936746325,0.0015296969113350813,0.6,-0.1221707010248636,0.2549494852225136,2.549494852225136,-0.3771201862473772
selective_contact,vessel_invjac_selective_contact_repaired_jac_20261008T142826Z,1,237,38.41542450869635,0.0014960002121561732,0.6,-0.06454887492441941,0.24933336869269554,2.4933336869269556,-0.313882243617115
selective_contact,vessel_invjac_selective_contact_repaired_jac_20261008T142826Z,1,238,38.41542450869635,0.0014960002121561732,0.6,-0.3444151762605543,0.24933336869269554,2.4933336869269556,-0.5937485449532498
selective_contact,vessel_invjac_selective_contact_repaired_jac_20261008T142826Z,1,239,38.56577223102793,0.001514749777770916,0.6,-0.15194817559952867,0.2524582962951527,2.5245829629515266,-0.4044064718946814
selective_contact,vessel_invjac_selective_contact_repaired_jac_20261008T142826Z,1,240,38.71705270128555,0.0015027579594373234,0.6,0.027922460639068447,0.25045965990622054,2.5045965990622054,-0.22253719926715212
selective_contact,vessel_invjac_selective_contact_repaired_jac_20261008T142826Z,1,241,39.015050142630166,0.001396346509160002,0.6,0.21239718023125675,0.2327244181933337,2.3272441819333367,-0.02032723796207696
selective_contact,vessel_invjac_selective_contact_repaired_jac_20261008T142826Z,1,242,39.14013450333702,0.0015404004588551734,0.6,0.20357395633808295,0.25673340980919557,2.5673340980919557,-0.053159453471112623
selective_contact,vessel_invjac_selective_contact_repaired_jac_20261008T142826Z,1,243,39.28614397393909,0.0014086828815105448,0.6,0.4439038055888105,0.23478048025175746,2.3478048025175746,0.20912332533705302
selective_contact,vessel_invjac_selective_contact_repaired_jac_20261008T142826Z,1,244,39.42836984452573,0.001426706830562525,0.6,0.20193840262058416,0.23778447176042083,2.377844717604208,-0.0358460691398367
selective_contact,vessel_invjac_selective_contact_repaired_jac_20261008T142826Z,1,245,39.42836984452573,0.001426706830562525,0.6,0.23334275973390817,0.23778447176042083,2.377844717604208,-0.0044417120265126675
selective_contact,vessel_invjac_selective_contact_repaired_jac_20261008T142826Z,1,246,39.57545005421462,0.0015200346524676406,0.6,0.4331252992291965,0.2533391087446068,2.533391087446068,0.17978619048458971
selective_contact,vessel_invjac_selective_contact_repaired_jac_20261008T142826Z,1,247,39.72941098168268,0.0015372857119855437,0.6,0.17998810376244023,0.256214285330924,2.5621428533092394,-0.07622618156848376
selective_contact,vessel_invjac_selective_contact_repaired_jac_20261008T142826Z,1,248,40.027932972945415,0.001460838440844483,0.6,0.21842181683743433,0.2434730734740805,2.434730734740805,-0.02505125663664618
selective_contact,vessel_invjac_selective_contact_repaired_jac_20261008T142826Z,1,249,40.172932395750024,0.0014384264549109488,0.6,0.4046100592501176,0.23973774248515814,2.3973774248515816,0.1648723167649595
selective_contact,vessel_invjac_selective_contact_repaired_jac_20261008T142826Z,1,250,40.31547250767495,0.0013993240757823261,0.6,0.11919690143005823,0.23322067929705437,2.3322067929705437,-0.11402377786699613
selective_contact,vessel_invjac_selective_contact_repaired_jac_20261008T142826Z,1,251,40.42843801070351,0.000938740586671558,0.6,0.3811219769098315,0.15645676444525966,1.5645676444525967,0.22466521246457186
selective_contact,vessel_invjac_selective_contact_repaired_jac_20261008T142826Z,1,252,40.42843801070351,0.000938740586671558,0.6,0.22958849493545586,0.15645676444525966,1.5645676444525967,0.07313173049019618
selective_contact,vessel_invjac_selective_contact_repaired_jac_20261008T142826Z,1,253,40.49257757544918,0.000313088566386768,0.6,-0.12191442631667115,0.052181427731128,0.52181427731128,-0.17409585404779915
selective_contact,vessel_invjac_selective_contact_repaired_jac_20261008T142826Z,1,254,40.512768267068545,0.00048569731103995133,0.6,-0.030450771418401246,0.0809495518399919,0.809495518399919,-0.11140032325839314
selective_contact,vessel_invjac_selective_contact_repaired_jac_20261008T142826Z,1,255,40.70000643848871,0.0009083102050321101,0.6,0.14586371352997674,0.15138503417201835,1.5138503417201836,-0.005521320642041622
selective_contact,vessel_invjac_selective_contact_repaired_jac_20261008T142826Z,1,256,40.78791809527226,0.0009350103129569865,0.6,0.22492874735709023,0.15583505215949778,1.5583505215949776,0.06909369519759244
selective_contact,vessel_invjac_selective_contact_repaired_jac_20261008T142826Z,1,257,40.906135792835556,0.0011889854917000798,0.6,0.036171001959417026,0.19816424861667997,1.9816424861667996,-0.16199324665726295
selective_contact,vessel_invjac_selective_contact_repaired_jac_20261008T142826Z,1,258,41.02031247049011,0.0014455123280087362,0.6,0.3069424612264129,0.24091872133478942,2.4091872133478938,0.0660237398916235
selective_contact,vessel_invjac_selective_contact_repaired_jac_20261008T142826Z,1,259,41.164562831579005,0.0014344340702035093,0.6,-0.04021677660626466,0.23907234503391822,2.3907234503391823,-0.2792891216401829
selective_contact,vessel_invjac_selective_contact_repaired_jac_20261008T142826Z,1,260,41.164562831579005,0.0014344340702035093,0.6,0.09987853998313767,0.23907234503391822,2.3907234503391823,-0.13919380505078055
selective_contact,vessel_invjac_selective_contact_repaired_jac_20261008T142826Z,1,261,41.30709039026245,0.001417032430626592,0.6,0.11251420696460457,0.2361720717710987,2.3617207177109867,-0.12365786480649416
selective_contact,vessel_invjac_selective_contact_repaired_jac_20261008T142826Z,1,262,41.590395226225844,0.0014135959239864944,0.6,0.3209089931134912,0.23559932066441575,2.355993206644157,0.08530967244907545
selective_contact,vessel_invjac_selective_contact_repaired_jac_20261008T142826Z,1,263,41.72932899728439,0.0013549647279390464,0.6,0.1551868726945571,0.22582745465650775,2.2582745465650778,-0.07064058196195065
selective_contact,vessel_invjac_selective_contact_repaired_jac_20261008T142826Z,1,264,41.86199136477033,0.0013153188394435988,0.6,0.21506313840658464,0.21921980657393317,2.192198065739331,-0.004156668167348523
selective_contact,vessel_invjac_selective_contact_repaired_jac_20261008T142826Z,1,265,41.99669992346057,0.0014020452537416113,0.6,0.47469562453519387,0.23367420895693525,2.336742089569352,0.24102141557825862
selective_contact,vessel_invjac_selective_contact_repaired_jac_20261008T142826Z,1,266,42.1438780391019,0.001520033780743892,0.6,0.25015535473315254,0.2533389634573154,2.5333896345731532,-0.0031836087241628457
selective_contact,vessel_invjac_selective_contact_repaired_jac_20261008T142826Z,1,267,42.1438780391019,0.001520033780743892,0.6,0.1694185007009139,0.2533389634573154,2.5333896345731532,-0.08392046275640147
selective_contact,vessel_invjac_selective_contact_repaired_jac_20261008T142826Z,1,268,42.2951277710302,0.0014825670829071852,0.6,0.236163006782931,0.24709451381786424,2.4709451381786423,-0.010931507034933239
selective_contact,vessel_invjac_selective_contact_repaired_jac_20261008T142826Z,1,269,42.440045418378524,0.0014206085001009026,0.6,0.2881655866984403,0.23676808335015045,2.3676808335015043,0.05139750334828982
selective_contact,vessel_invjac_selective_contact_repaired_jac_20261008T142826Z,1,270,42.720896338105646,0.0014301419281909835,0.6,0.008884930129333668,0.23835698803183059,2.383569880318306,-0.22947205790249692
selective_contact,vessel_invjac_selective_contact_repaired_jac_20261008T142826Z,1,271,42.867290497414615,0.001488680729415129,0.6,0.2916303580189492,0.2481134549025215,2.4811345490252155,0.043516903116427676
selective_contact,vessel_invjac_selective_contact_repaired_jac_20261008T142826Z,1,272,43.01530005879504,0.0014582135628714065,0.6,0.38497065457065105,0.2430355938119011,2.430355938119011,0.14193506075874993
selective_contact,vessel_invjac_selective_contact_repaired_jac_20261008T142826Z,1,273,43.158799020825974,0.0014209893655163313,0.6,0.2418217688849964,0.23683156091938856,2.3683156091938855,0.004990207965607833
selective_contact,vessel_invjac_selective_contact_repaired_jac_20261008T142826Z,1,274,43.30096439531634,0.0014269068122354967,0.6,0.4607116804696503,0.23781780203924943,2.3781780203924945,0.22289387843040084
selective_contact,vessel_invjac_selective_contact_repaired_jac_20261008T142826Z,1,275,43.4437308785399,0.0014243551028592686,0.6,-0.005510976612271179,0.23739251714321147,2.3739251714321146,-0.24290349375548267
selective_contact,vessel_invjac_selective_contact_repaired_jac_20261008T142826Z,1,276,43.58529754372246,0.0014108270354726122,0.6,0.007135125738514603,0.23513783924543538,2.3513783924543534,-0.2280027135069208
selective_contact,vessel_invjac_selective_contact_repaired_jac_20261008T142826Z,1,277,43.72723617778703,0.0014363540579659586,0.6,0.07660890827294509,0.23939234299432646,2.393923429943264,-0.16278343472138138
selective_contact,vessel_invjac_selective_contact_repaired_jac_20261008T142826Z,1,278,43.87235481548312,0.001452335446756662,0.6,0.22594313645470265,0.242055907792777,2.4205590779277704,-0.01611277133807437
selective_contact,vessel_invjac_selective_contact_repaired_jac_20261008T142826Z,1,279,44.0139347684195,0.0013704801658831584,0.6,0.07869585450330163,0.2284133609805264,2.2841336098052643,-0.14971750647722476
selective_contact,vessel_invjac_selective_contact_repaired_jac_20261008T142826Z,1,280,44.14840231278944,0.0013436085074592934,0.6,0.18382580416416516,0.22393475124321557,2.239347512432156,-0.0401089470790504
selective_contact,vessel_invjac_selective_contact_repaired_jac_20261008T142826Z,1,281,44.2872578664595,0.0014537163144271127,0.6,0.0865538456412338,0.24228605240451884,2.422860524045188,-0.15573220676328503
selective_contact,vessel_invjac_selective_contact_repaired_jac_20261008T142826Z,1,282,44.437644393666865,0.0015288585116230331,0.6,0.2634421461593348,0.25480975193717226,2.548097519371722,0.008632394222162571
selective_contact,vessel_invjac_selective_contact_repaired_jac_20261008T142826Z,1,283,44.58755484671523,0.0014660746509562092,0.6,0.41769081604891767,0.24434577515936826,2.4434577515936824,0.17334504088954938
selective_contact,vessel_invjac_selective_contact_repaired_jac_20261008T142826Z,1,284,44.731858995319726,0.0014265080558953586,0.6,0.11873122172388406,0.23775134264922645,2.3775134264922646,-0.1190201209253424
selective_contact,vessel_invjac_selective_contact_repaired_jac_20261008T142826Z,1,285,44.87382855615679,0.0014165916995685177,0.6,0.15141974727858099,0.23609861659475295,2.36098616594753,-0.08467886931617195
selective_contact,vessel_invjac_selective_contact_repaired_jac_20261008T142826Z,1,286,45.0159598220508,0.0014288721523198207,0.6,0.16630580950736373,0.23814535871997014,2.3814535871997013,-0.07183954921260641
selective_contact,vessel_invjac_selective_contact_repaired_jac_20261008T142826Z,1,287,45.15977058918959,0.0014461811251432,0.6,0.33215744007818415,0.24103018752386668,2.410301875238667,0.09112725255431747
selective_contact,vessel_invjac_selective_contact_repaired_jac_20261008T142826Z,1,288,45.30508431624137,0.00146256563149279,0.6,0.3325556436663746,0.24376093858213171,2.437609385821317,0.08879470508424289
selective_contact,vessel_invjac_selective_contact_repaired_jac_20261008T142826Z,1,289,45.45435972598446,0.0015369342381519513,0.6,0.314688561054588,0.2561557063586586,2.5615570635865854,0.0585328546959294
selective_contact,vessel_invjac_selective_contact_repaired_jac_20261008T142826Z,1,290,45.61317908206006,0.0016076643352556635,0.6,0.04130417097316297,0.26794405587594394,2.679440558759439,-0.22663988490278097
selective_contact,vessel_invjac_selective_contact_repaired_jac_20261008T142826Z,1,291,45.76691830151027,0.0014430579854102638,0.6,0.14648742267150539,0.240509664235044,2.4050966423504394,-0.09402224156353862
selective_contact,vessel_invjac_selective_contact_repaired_jac_20261008T142826Z,1,292,45.905271684271376,0.0013638107337270136,0.6,0.40812771424697303,0.2273017889545023,2.273017889545023,0.18082592529247074
selective_contact,vessel_invjac_selective_contact_repaired_jac_20261008T142826Z,1,293,46.04609612531795,0.0014791849702474073,0.6,0.5759846602709047,0.2465308283745679,2.4653082837456792,0.32945383189633676
selective_contact,vessel_invjac_selective_contact_repaired_jac_20261008T142826Z,1,294,46.199327204430176,0.0015564804645395182,0.6,0.26015811232740305,0.2594134107565864,2.5941341075658637,0.0007447015708166374
selective_contact,vessel_invjac_selective_contact_repaired_jac_20261008T142826Z,1,295,46.35248344168847,0.001505610538068587,0.6,0.01491078610437313,0.25093508967809786,2.5093508967809783,-0.23602430357372475
selective_contact,vessel_invjac_selective_contact_repaired_jac_20261008T142826Z,1,296,46.50191427823787,0.0014908196323385127,0.6,0.19395277220329632,0.2484699387230855,2.4846993872308545,-0.05451716651978919
selective_contact,vessel_invjac_selective_contact_repaired_jac_20261008T142826Z,1,297,46.6513151217566,0.0014956330046394762,0.6,0.2741382435303734,0.2492721674399127,2.492721674399127,0.024866076090460716
selective_contact,vessel_invjac_selective_contact_repaired_jac_20261008T142826Z,1,298,46.80074626872192,0.001492013464538199,0.6,0.13500812401825613,0.24866891075636655,2.4866891075636652,-0.11366078673811042
selective_contact,vessel_invjac_selective_contact_repaired_jac_20261008T142826Z,1,299,46.949793738606495,0.0014897236896216587,0.6,0.4754267575302862,0.24828728160360983,2.4828728160360978,0.22713947592667638
selective_contact,vessel_invjac_selective_contact_repaired_jac_20261008T142826Z,1,300,47.09878768412961,0.001489675629210447,0.6,0.43668161112618264,0.2482792715350745,2.4827927153507447,0.18840233959110816
selective_contact,vessel_invjac_selective_contact_repaired_jac_20261008T142826Z,1,301,47.2475612310999,0.0014848936803538966,0.6,0.0009762461239404274,0.24748228005898282,2.474822800589828,-0.2465060339350424
selective_contact,vessel_invjac_selective_contact_repaired_jac_20261008T142826Z,1,302,47.39523291853098,0.0014647046034493168,0.6,0.22617495745975447,0.2441174339082195,2.441174339082195,-0.01794247644846503
selective_contact,vessel_invjac_selective_contact_repaired_jac_20261008T142826Z,1,303,47.53983494545175,0.0014266500604517558,0.6,0.0996480814939531,0.23777501007529264,2.3777501007529267,-0.13812692858133957
selective_contact,vessel_invjac_selective_contact_repaired_jac_20261008T142826Z,1,304,47.68147466613009,0.001412889915529058,0.6,0.04573744198415142,0.23548165258817635,2.3548165258817635,-0.18974421060402494
selective_contact,vessel_invjac_selective_contact_repaired_jac_20261008T142826Z,1,305,47.823685989892155,0.0014342533877887607,0.6,0.16740211211620704,0.2390422312981268,2.3904223129812676,-0.07164011918191977
selective_contact,vessel_invjac_selective_contact_repaired_jac_20261008T142826Z,1,306,47.96840387917648,0.0014599172682877727,0.6,0.23949366390690585,0.2433195447146288,2.433195447146288,-0.003825880807722953
selective_contact,vessel_invjac_selective_contact_repaired_jac_20261008T142826Z,1,307,48.1154739818214,0.0014789676864633582,0.6,0.3271740478989642,0.24649461441055975,2.464946144105597,0.08067943348840446
selective_contact,vessel_invjac_selective_contact_repaired_jac_20261008T142826Z,1,308,48.26355471961728,0.0014796837108966097,0.6,0.47255351148974967,0.24661395181610166,2.4661395181610164,0.225939559673648
selective_contact,vessel_invjac_selective_contact_repaired_jac_20261008T142826Z,1,309,48.411083858514246,0.0014704117090288532,0.6,0.5102115523821951,0.24506861817147557,2.4506861817147554,0.26514293421071955
selective_contact,vessel_invjac_selective_contact_repaired_jac_20261008T142826Z,1,310,48.55757547349404,0.0014597864418707254,0.6,-0.05041582586744653,0.24329774031178755,2.4329774031178757,-0.29371356617923405
selective_contact,vessel_invjac_selective_contact_repaired_jac_20261008T142826Z,1,311,48.70342106093334,0.0014592004944872878,0.6,-0.07067920994348498,0.243200082414548,2.43200082414548,-0.31387929235803297
selective_contact,vessel_invjac_selective_contact_repaired_jac_20261008T142826Z,1,312,48.8494983802018,0.001457763005603821,0.6,0.15070287880212163,0.24296050093397017,2.429605009339702,-0.09225762213184856
selective_contact,vessel_invjac_selective_contact_repaired_jac_20261008T142826Z,1,313,48.99377562613576,0.001421754508222432,0.6,0.37548927314518465,0.23695908470373866,2.369590847037387,0.138530188441446
selective_contact,vessel_invjac_selective_contact_repaired_jac_20261008T142826Z,1,314,49.13426086345443,0.001396768223011817,0.6,0.01567124499186434,0.23279470383530282,2.3279470383530287,-0.21712345884343848
selective_contact,vessel_invjac_selective_contact_repaired_jac_20261008T142826Z,1,315,49.27515064634276,0.001428879020969684,0.6,0.1813139986114365,0.23814650349494734,2.3814650349494735,-0.056832504883510854
selective_contact,vessel_invjac_selective_contact_repaired_jac_20261008T142826Z,1,316,49.42018164674958,0.001466812427610868,0.6,0.36237989095996426,0.2444687379351447,2.4446873793514468,0.11791115302481954
selective_contact,vessel_invjac_selective_contact_repaired_jac_20261008T142826Z,1,317,49.56744976390904,0.0014720472304384192,0.6,0.42400153837063925,0.2453412050730699,2.4534120507306985,0.17866033329756936
selective_contact,vessel_invjac_selective_contact_repaired_jac_20261008T142826Z,1,318,49.712954364361444,0.0014308775957950594,0.6,0.08468783516801182,0.23847959929917661,2.384795992991766,-0.15379176413116477
selective_contact,vessel_invjac_selective_contact_repaired_jac_20261008T142826Z,1,319,49.85349766599284,0.0013918403676676373,0.6,-0.14829633398492348,0.23197339461127292,2.319733946112729,-0.3802697285961964
selective_contact,vessel_invjac_selective_contact_repaired_jac_20261008T142826Z,1,320,49.99432483941775,0.0014414918266504088,0.6,-0.05339606695318366,0.24024863777506814,2.4024863777506815,-0.29364470472825177
selective_contact,vessel_invjac_selective_contact_repaired_jac_20261008T142826Z,1,321,50.1423824649234,0.0015037914846825963,0.6,0.10055451268556936,0.2506319141137661,2.5063191411376606,-0.15007740142819673
selective_contact,vessel_invjac_selective_contact_repaired_jac_20261008T142826Z,1,322,50.435956495567055,0.0014365482325566575,0.6,0.40029779376460084,0.2394247054261096,2.394247054261096,0.16087308833849123
selective_contact,vessel_invjac_selective_contact_repaired_jac_20261008T142826Z,1,323,50.580368357183346,0.001451700121094666,0.6,0.4559228977908063,0.24195002018244435,2.419500201824443,0.21397287760836195
selective_contact,vessel_invjac_selective_contact_repaired_jac_20261008T142826Z,1,324,50.725409775830336,0.0014433521422844966,0.6,0.5306043009061128,0.24055869038074945,2.4055869038074946,0.2900456105253633
selective_contact,vessel_invjac_selective_contact_repaired_jac_20261008T142826Z,1,325,50.86879100657942,0.001428637526755196,0.6,0.42821945471646927,0.23810625445919936,2.3810625445919937,0.19011320025726988
selective_contact,vessel_invjac_selective_contact_repaired_jac_20261008T142826Z,1,326,51.012461924763635,0.0014495525420139114,0.6,0.2310168591681716,0.2415920903356519,2.415920903356519,-0.010575231167480312
selective_contact,vessel_invjac_selective_contact_repaired_jac_20261008T142826Z,1,327,51.012461924763635,0.0014495525420139114,0.6,0.26961706357570847,0.2415920903356519,2.415920903356519,0.02802497324005658
selective_contact,vessel_invjac_selective_contact_repaired_jac_20261008T142826Z,1,328,51.158098590914385,0.0014523984397858695,0.6,0.08293601548146512,0.24206640663097828,2.4206640663097825,-0.15913039114951316
selective_contact,vessel_invjac_selective_contact_repaired_jac_20261008T142826Z,1,329,51.44090663446479,0.0013964720010314566,0.6,0.5264862979235474,0.23274533350524276,2.327453335052428,0.29374096441830466
selective_contact,vessel_invjac_selective_contact_repaired_jac_20261008T142826Z,1,330,51.44090663446479,0.0013964720010314566,0.6,0.19911429890606058,0.23274533350524276,2.327453335052428,-0.033631034599182166
selective_contact,vessel_invjac_selective_contact_repaired_jac_20261008T142826Z,1,331,51.724221857258236,0.0014059606894284212,0.6,0.13113063968906147,0.23432678157140355,2.3432678157140354,-0.1031961418823421
selective_contact,vessel_invjac_selective_contact_repaired_jac_20261008T142826Z,1,332,51.86255100312464,0.0013644251286655533,0.6,0.0603792786511832,0.22740418811092558,2.2740418811092553,-0.16702490945974238
selective_contact,vessel_invjac_selective_contact_repaired_jac_20261008T142826Z,1,333,51.99829041394966,0.0013555687400892665,0.6,0.06873362349389822,0.22592812334821108,2.259281233482111,-0.15719449985431289
selective_contact,vessel_invjac_selective_contact_repaired_jac_20261008T142826Z,1,334,52.13424182041583,0.001363182729831339,0.6,0.05659758768096168,0.2271971216385565,2.271971216385565,-0.1705995339575948
selective_contact,vessel_invjac_selective_contact_repaired_jac_20261008T142826Z,1,335,52.27084724490499,0.0013694955498661792,0.6,0.03636703051044776,0.22824925831102988,2.2824925831102987,-0.1918822278005821
selective_contact,vessel_invjac_selective_contact_repaired_jac_20261008T142826Z,1,336,52.408781569846205,0.0013953341783213458,0.6,0.22143827995783028,0.232555696386891,2.3255569638689098,-0.011117416429060745
selective_contact,vessel_invjac_selective_contact_repaired_jac_20261008T142826Z,1,337,52.550901496930386,0.0014456791891166994,0.6,0.19290889303968584,0.24094653151944992,2.409465315194499,-0.04803763847976408
selective_contact,vessel_invjac_selective_contact_repaired_jac_20261008T142826Z,1,338,52.69428845966034,0.0014009788434240023,0.6,0.21832005336509042,0.23349647390400038,2.3349647390400037,-0.015176420538909975
selective_contact,vessel_invjac_selective_contact_repaired_jac_20261008T142826Z,1,339,52.82861830194953,0.0012971911682437686,0.6,-0.026900011887363462,0.2161985280406281,2.161985280406281,-0.24309853992799157
selective_contact,vessel_invjac_selective_contact_repaired_jac_20261008T142826Z,1,340,52.95750249873071,0.001300707266243681,0.6,0.07530434953445564,0.21678454437394687,2.1678454437394685,-0.1414801948394912
selective_contact,vessel_invjac_selective_contact_repaired_jac_20261008T142826Z,1,341,53.091347840286296,0.0013707558800954446,0.6,0.17945122908005828,0.2284593133492408,2.284593133492408,-0.049008084269182496
selective_contact,vessel_invjac_selective_contact_repaired_jac_20261008T142826Z,1,342,53.22843730669046,0.0013503053136921276,0.6,0.10238909715695854,0.22505088561535463,2.2505088561535462,-0.1226617884583961
selective_contact,vessel_invjac_selective_contact_repaired_jac_20261008T142826Z,1,343,53.360347081333146,0.0012981615387105741,0.6,0.1827864830513235,0.21636025645176235,2.163602564517624,-0.033573773400438864
selective_contact,vessel_invjac_selective_contact_repaired_jac_20261008T142826Z,1,344,53.49085166786534,0.0013260494357407418,0.6,0.16809306843460092,0.22100823929012364,2.2100823929012368,-0.05291517085552274
selective_contact,vessel_invjac_selective_contact_repaired_jac_20261008T142826Z,1,345,53.62619917908356,0.0013716540973643734,0.6,0.4131618577553837,0.22860901622739557,2.286090162273956,0.18455284152798812
selective_contact,vessel_invjac_selective_contact_repaired_jac_20261008T142826Z,1,346,53.76206709818831,0.0013362031617178839,0.6,0.255936971785097,0.22270052695298065,2.2270052695298066,0.033236444832116366
selective_contact,vessel_invjac_selective_contact_repaired_jac_20261008T142826Z,1,347,53.89381177956557,0.0013110041159966228,0.6,0.16449020081955013,0.21850068599943717,2.1850068599943713,-0.05401048517988705
selective_contact,vessel_invjac_selective_contact_repaired_jac_20261008T142826Z,1,348,54.026522238417286,0.0013516666332518542,0.6,0.22240298879128773,0.2252777722086424,2.2527777220864236,-0.0028747834173546835
selective_contact,vessel_invjac_selective_contact_repaired_jac_20261008T142826Z,1,349,54.163470356869716,0.0013739878833442655,0.6,0.27272210738221503,0.22899798055737758,2.289979805573776,0.04372412682483744
selective_contact,vessel_invjac_selective_contact_repaired_jac_20261008T142826Z,1,350,54.29913185548911,0.0013333891410078538,0.6,0.3713741096254424,0.22223152350130895,2.2223152350130895,0.1491425861241334
selective_contact,vessel_invjac_selective_contact_repaired_jac_20261008T142826Z,1,351,54.431018137832574,0.0013108245708257215,0.6,-0.12270395318903837,0.21847076180428693,2.1847076180428693,-0.3411747149933253
selective_contact,vessel_invjac_selective_contact_repaired_jac_20261008T142826Z,1,352,54.562523845997916,0.001321911148422092,0.6,0.019862381318425548,0.22031852473701538,2.203185247370153,-0.2004561434185898
selective_contact,vessel_invjac_selective_contact_repaired_jac_20261008T142826Z,1,353,54.69521074803496,0.0013304103801787203,0.6,0.21528640343649386,0.22173506336312007,2.2173506336312006,-0.00644865992662622
selective_contact,vessel_invjac_selective_contact_repaired_jac_20261008T142826Z,1,354,54.82812698614145,0.0013231611632759394,0.6,0.22732240539613002,0.22052686054598994,2.205268605459899,0.0067955448501400804
selective_contact,vessel_invjac_selective_contact_repaired_jac_20261008T142826Z,1,355,54.9586695912671,0.0012819387035102692,0.6,0.005128436930469604,0.2136564505850449,2.136564505850449,-0.20852801365457527
selective_contact,vessel_invjac_selective_contact_repaired_jac_20261008T142826Z,1,356,55.08417633835279,0.001234390460579253,0.6,0.1964785199484993,0.20573174342987552,2.0573174342987555,-0.0092532234813762
selective_contact,vessel_invjac_selective_contact_repaired_jac_20261008T142826Z,1,357,55.20718432869838,0.0012351888938885167,0.6,0.3141034284718742,0.20586481564808615,2.0586481564808614,0.10823861282378808
selective_contact,vessel_invjac_selective_contact_repaired_jac_20261008T142826Z,1,358,55.33246858379273,0.0012706839979716145,0.6,0.36270036082738244,0.21178066632860243,2.1178066632860246,0.15091969449878
selective_contact,vessel_invjac_selective_contact_repaired_jac_20261008T142826Z,1,359,55.46057460989679,0.0012860887125976735,0.6,0.2199557508859158,0.21434811876627893,2.1434811876627893,0.0056076321196368555
selective_contact,vessel_invjac_selective_contact_repaired_jac_20261008T142826Z,1,360,55.58895049515823,0.0012802888223698032,0.6,0.28116186231270035,0.21338147039496724,2.133814703949672,0.06778039191773311
selective_contact,vessel_invjac_selective_contact_repaired_jac_20261008T142826Z,1,361,55.71669894488865,0.0012752871278614835,0.6,0.04284399254292026,0.21254785464358059,2.125478546435806,-0.16970386210066032
selective_contact,vessel_invjac_selective_contact_repaired_jac_20261008T142826Z,1,362,55.84413808281933,0.0012745796397552465,0.6,0.21848556507638506,0.21242993995920778,2.1242993995920774,0.006055625117177269
selective_contact,vessel_invjac_selective_contact_repaired_jac_20261008T142826Z,1,363,55.97182372101195,0.0012804068413747162,0.6,0.4778051181006191,0.2134011402291194,2.134011402291194,0.26440397787149966
selective_contact,vessel_invjac_selective_contact_repaired_jac_20261008T142826Z,1,364,56.09985785803347,0.001272922996065306,0.6,0.08289283192911512,0.21215383267755103,2.1215383267755104,-0.1292610007484359
selective_contact,vessel_invjac_selective_contact_repaired_jac_20261008T142826Z,1,365,56.22488577134294,0.0012198344799195012,0.6,0.16792413543026896,0.2033057466532502,2.0330574665325023,-0.035381611222981266
selective_contact,vessel_invjac_selective_contact_repaired_jac_20261008T142826Z,1,366,56.34385203573139,0.0011688555686575623,0.6,0.3747756031548093,0.19480926144292707,1.9480926144292707,0.17996634171188222
selective_contact,vessel_invjac_selective_contact_repaired_jac_20261008T142826Z,1,367,56.46065279596683,0.0011794242714851253,0.6,0.20986339659241082,0.19657071191418757,1.9657071191418758,0.013292684678223251
selective_contact,vessel_invjac_selective_contact_repaired_jac_20261008T142826Z,1,368,56.581215743140675,0.0012313741335015587,0.6,0.2584957341428904,0.20522902225025982,2.052290222502598,0.05326671189263057
selective_contact,vessel_invjac_selective_contact_repaired_jac_20261008T142826Z,1,369,56.705665787163205,0.0012487308711550324,0.6,0.22944345260103916,0.20812181185917208,2.0812181185917207,0.02132164074186707
selective_contact,vessel_invjac_selective_contact_repaired_jac_20261008T142826Z,1,370,56.82970405256594,0.001231336997895776,0.6,0.2949443163847789,0.20522283298262933,2.0522283298262938,0.08972148340214957
selective_contact,vessel_invjac_selective_contact_repaired_jac_20261008T142826Z,1,371,56.95240949254054,0.0012257692960764932,0.6,0.29649402334508324,0.20429488267941556,2.0429488267941553,0.0921991406656677
selective_contact,vessel_invjac_selective_contact_repaired_jac_20261008T142826Z,1,372,57.07522453171446,0.0012291456167834837,0.6,0.40526542462960435,0.2048576027972473,2.048576027972473,0.20040782183235706
selective_contact,vessel_invjac_selective_contact_repaired_jac_20261008T142826Z,1,373,57.197563798291256,0.0012141461828253765,0.6,0.15425141393613728,0.20235769713756277,2.0235769713756273,-0.04810628320142549
selective_contact,vessel_invjac_selective_contact_repaired_jac_20261008T142826Z,1,374,57.31745548853514,0.0011827009887173127,0.6,0.05050917211757877,0.19711683145288547,1.9711683145288545,-0.1466076593353067
selective_contact,vessel_invjac_selective_contact_repaired_jac_20261008T142826Z,1,375,57.43413620796705,0.0011512077221255048,0.6,0.09059509928673748,0.19186795368758416,1.9186795368758416,-0.1012728544008467
selective_contact,vessel_invjac_selective_contact_repaired_jac_20261008T142826Z,1,376,57.54791848515064,0.0011286710274969424,0.6,0.18213846359982,0.18811183791615707,1.8811183791615707,-0.00597337431633706
selective_contact,vessel_invjac_selective_contact_repaired_jac_20261008T142826Z,1,377,57.66158631171644,0.0011562006250943136,0.6,0.2874812502176738,0.19270010418238562,1.9270010418238561,0.09478114603528819
selective_contact,vessel_invjac_selective_contact_repaired_jac_20261008T142826Z,1,378,57.781398077961455,0.0012488944215576702,0.6,0.24445137522021554,0.20814907025961174,2.0814907025961173,0.0363023049606038
selective_contact,vessel_invjac_selective_contact_repaired_jac_20261008T142826Z,1,379,57.90977439326018,0.0012948116869675177,0.6,0.052748683507743976,0.21580194782791964,2.158019478279196,-0.16305326432017567
selective_contact,vessel_invjac_selective_contact_repaired_jac_20261008T142826Z,1,380,58.036419915267295,0.0012277610955069701,0.6,0.3807618202358398,0.2046268492511617,2.046268492511617,0.17613497098467812
selective_contact,vessel_invjac_selective_contact_repaired_jac_20261008T142826Z,1,381,58.15692398932813,0.0011993737038152868,0.6,0.19674110817202006,0.19989561730254782,1.9989561730254781,-0.0031545091305277533
selective_contact,vessel_invjac_selective_contact_repaired_jac_20261008T142826Z,1,382,58.27894399482107,0.001252167760469278,0.6,0.2639840054705189,0.20869462674487968,2.0869462674487966,0.055289378725639264
selective_contact,vessel_invjac_selective_contact_repaired_jac_20261008T142826Z,1,383,58.40684726401893,0.0012920928787944453,0.6,0.3381529368169467,0.21534881313240756,2.1534881313240755,0.12280412368453913
selective_contact,vessel_invjac_selective_contact_repaired_jac_20261008T142826Z,1,384,58.534969075340776,0.0012615064380730003,0.6,0.25571567194470646,0.21025107301216675,2.1025107301216672,0.045464598932539735
selective_contact,vessel_invjac_selective_contact_repaired_jac_20261008T142826Z,1,385,58.65939580895571,0.0012331369606465737,0.6,-0.07701035333916195,0.20552282677442898,2.0552282677442895,-0.28253318011359096
selective_contact,vessel_invjac_selective_contact_repaired_jac_20261008T142826Z,1,386,58.782536619713724,0.0012349526068162777,0.6,0.1089397977360349,0.20582543446937965,2.0582543446937964,-0.09688563673334474
selective_contact,vessel_invjac_selective_contact_repaired_jac_20261008T142826Z,1,387,58.90721536763331,0.0012637487128424058,0.6,0.13675908302847972,0.21062478547373434,2.1062478547373433,-0.0738657024452546
selective_contact,vessel_invjac_selective_contact_repaired_jac_20261008T142826Z,1,388,59.03604096115957,0.001307389293673689,0.6,0.362444139181882,0.2178982156122815,2.178982156122815,0.1445459235696005
selective_contact,vessel_invjac_selective_contact_repaired_jac_20261008T142826Z,1,389,59.16407827209815,0.0012209901581691628,0.6,0.4298175802790354,0.2034983596948605,2.0349835969486048,0.22631922058417486
selective_contact,vessel_invjac_selective_contact_repaired_jac_20261008T142826Z,1,390,59.27734685853494,0.0010510015471244154,0.6,0.5565462855167809,0.1751669245207359,1.7516692452073592,0.38137936099604497
selective_contact,vessel_invjac_selective_contact_repaired_jac_20261008T142826Z,1,391,59.37809577928972,0.0009885758676580288,0.6,0.41701051729535976,0.16476264460967147,1.6476264460967145,0.25224787268568827
selective_contact,vessel_invjac_selective_contact_repaired_jac_20261008T142826Z,1,392,59.48039256103689,0.001083662384758318,0.6,0.3033191811243441,0.18061039745971968,1.806103974597197,0.12270878366462437
selective_contact,vessel_invjac_selective_contact_repaired_jac_20261008T142826Z,1,393,59.59923601204488,0.001297325979485666,0.6,0.22288190358255378,0.21622099658094435,2.1622099658094434,0.006660907001609418
selective_contact,vessel_invjac_selective_contact_repaired_jac_20261008T142826Z,1,394,59.86953005515581,0.0013080561372625756,0.6,0.5819996466891411,0.21800935621042927,2.1800935621042927,0.3639902904787118
selective_contact,vessel_invjac_selective_contact_repaired_jac_20261008T142826Z,1,395,59.99791433598673,0.0012634533987911924,0.6,0.6474614184700584,0.21057556646519876,2.1057556646519875,0.43688585200485963
selective_contact,vessel_invjac_selective_contact_repaired_jac_20261008T142826Z,1,396,60.122198328161794,0.0012190532758309634,0.6,0.7068940128883625,0.20317554597182724,2.0317554597182728,0.5037184669165352
selective_contact,vessel_invjac_selective_contact_repaired_jac_20261008T142826Z,1,397,60.122198328161794,0.0012190532758309634,0.6,0.7189211725039115,0.20317554597182724,2.0317554597182728,0.5157456265320842
selective_contact,vessel_invjac_selective_contact_repaired_jac_20261008T142826Z,1,398,60.24099490014964,0.0011548024017919694,0.6,0.7901169891198734,0.19246706696532825,1.9246706696532823,0.5976499221545452
selective_contact,vessel_invjac_selective_contact_repaired_jac_20261008T142826Z,1,399,60.46886170833046,0.0011832339776300994,0.6,0.8273080080975745,0.1972056629383499,1.9720566293834991,0.6301023451592246
selective_contact,vessel_invjac_selective_contact_repaired_jac_20261008T142826Z,1,400,60.592545493374814,0.001275482672724751,0.6,0.8998297660757828,0.21258044545412516,2.1258044545412518,0.6872493206216576
selective_contact,vessel_invjac_selective_contact_repaired_jac_20261008T142826Z,1,401,60.71856027162954,0.0012127686155445564,0.6,0.9866154797404789,0.20212810259075942,2.021281025907594,0.7844873771497194
selective_contact,vessel_invjac_selective_contact_repaired_jac_20261008T142826Z,1,402,60.83359561744981,0.001105855372564739,0.6,0.8378291192862406,0.18430922876078987,1.8430922876078983,0.6535198905254508
selective_contact,vessel_invjac_selective_contact_repaired_jac_20261008T142826Z,1,403,60.94390179590326,0.0011213091443546294,0.6,0.8028361140258795,0.18688485739243826,1.8688485739243823,0.6159512566334413
selective_contact,vessel_invjac_selective_contact_repaired_jac_20261008T142826Z,1,404,60.94390179590326,0.0011213091443546294,0.6,0.748000347909155,0.18688485739243826,1.8688485739243823,0.5611154905167167
selective_contact,vessel_invjac_selective_contact_repaired_jac_20261008T142826Z,1,405,61.062275636373265,0.0012500182861565508,0.6,0.5824968585340287,0.20833638102609184,2.083363810260918,0.37416047750793685
selective_contact,vessel_invjac_selective_contact_repaired_jac_20261008T142826Z,1,406,61.18734762473393,0.0012218371257760883,0.6,0.6481869828862301,0.2036395209626814,2.036395209626814,0.4445474619235487
selective_contact,vessel_invjac_selective_contact_repaired_jac_20261008T142826Z,1,407,61.40508016268515,0.0010309094986278003,0.6,0.8230617041404642,0.17181824977130006,1.7181824977130005,0.6512434543691642
selective_contact,vessel_invjac_selective_contact_repaired_jac_20261008T142826Z,1,408,61.51119835544099,0.00111224708289412,0.6,0.9266331468346181,0.18537451381568668,1.8537451381568668,0.7412586330189314
selective_contact,vessel_invjac_selective_contact_repaired_jac_20261008T142826Z,1,409,61.62909493863886,0.0012357034841194467,0.6,0.981945602285414,0.20595058068657449,2.0595058068657446,0.7759950215988397
selective_contact,vessel_invjac_selective_contact_repaired_jac_20261008T142826Z,1,410,61.754463698457364,0.00125359975980419,0.6,0.9719068648818521,0.20893329330069835,2.0893329330069834,0.7629735715811536
selective_contact,vessel_invjac_selective_contact_repaired_jac_20261008T142826Z,1,411,61.87737851922005,0.0012040453369552217,0.6,1.3551871728857208,0.2006742228258703,2.006742228258703,1.1545129500598506
selective_contact,vessel_invjac_selective_contact_repaired_jac_20261008T142826Z,1,412,61.99514973476823,0.0011511211687851952,0.6,1.3906370140366988,0.1918535281308659,1.9185352813086587,1.1987834859058328
selective_contact,vessel_invjac_selective_contact_repaired_jac_20261008T142826Z,1,413,62.10886764139445,0.0011335792131864245,0.6,1.4883928121635748,0.1889298688644041,1.8892986886440408,1.2994629432991707
selective_contact,vessel_invjac_selective_contact_repaired_jac_20261008T142826Z,1,414,62.22428225356467,0.0011902258081019357,0.6,1.681493971499215,0.1983709680169893,1.9837096801698928,1.4831230034822256
selective_contact,vessel_invjac_selective_contact_repaired_jac_20261008T142826Z,1,415,62.34789054918011,0.0012680501911192918,0.6,1.8645867747700677,0.21134169851988197,2.1134169851988194,1.6532450762501856
selective_contact,vessel_invjac_selective_contact_repaired_jac_20261008T142826Z,1,416,62.47340440988657,0.0012158680721784118,0.6,1.9311233886369479,0.202644678696402,2.0264467869640197,1.7284787099405459
selective_contact,vessel_invjac_selective_contact_repaired_jac_20261008T142826Z,1,417,62.5899497777955,0.0011299945079451168,0.6,2.052787728848287,0.18833241799085282,1.883324179908528,1.8644553108574338
selective_contact,vessel_invjac_selective_contact_repaired_jac_20261008T142826Z,1,418,62.7027638188854,0.0011460680198680097,0.6,2.1993320949640704,0.1910113366446683,1.910113366446683,2.0083207583194023
selective_contact,vessel_invjac_selective_contact_repaired_jac_20261008T142826Z,1,419,62.82223882067736,0.0012456236435138281,0.6,2.2493816398352706,0.20760394058563805,2.0760394058563802,2.0417776992496326
selective_contact,vessel_invjac_selective_contact_repaired_jac_20261008T142826Z,1,420,62.94917283178906,0.0012740866694096195,0.6,2.4001239191967656,0.2123477782349366,2.123477782349366,2.1877761409618293
selective_contact,vessel_invjac_selective_contact_repaired_jac_20261008T142826Z,1,421,63.0738944878297,0.001219863630248644,0.6,2.5366977652662825,0.20331060504144066,2.033106050414407,2.3333871602248424
selective_contact,vessel_invjac_selective_contact_repaired_jac_20261008T142826Z,1,422,63.1946006498119,0.0012015166821932103,0.6,2.669376408869546,0.20025278036553507,2.0025278036553504,2.4691236285040112
selective_contact,vessel_invjac_selective_contact_repaired_jac_20261008T142826Z,1,423,63.31547715129864,0.0012158779216298334,0.6,2.8493067063890862,0.20264632027163892,2.026463202716389,2.6466603861174476
selective_contact,vessel_invjac_selective_contact_repaired_jac_20261008T142826Z,1,424,63.436494188471706,0.0011992022497512554,0.6,2.8918492109818104,0.19986704162520924,1.9986704162520923,2.691982169356601
selective_contact,vessel_invjac_selective_contact_repaired_jac_20261008T142826Z,1,425,63.55422679068548,0.001157414662329202,0.6,3.0919523977895835,0.1929024437215337,1.9290244372153367,2.89904995406805
selective_contact,vessel_invjac_selective_contact_repaired_jac_20261008T142826Z,1,426,63.66967544832007,0.0011608682068143957,0.6,2.9096406254706366,0.19347803446906597,1.9347803446906595,2.7161625910015705
selective_contact,vessel_invjac_selective_contact_repaired_jac_20261008T142826Z,1,427,63.78824704562289,0.0012173011916441592,0.6,3.016535002331409,0.20288353194069322,2.028835319406932,2.813651470390716
selective_contact,vessel_invjac_selective_contact_repaired_jac_v2_20261008T143054Z,2,0,3.844898480634536e-06,0.0,0.6,3.844898480634536e-06,0.0,0.0,3.844898480634536e-06
selective_contact,vessel_invjac_selective_contact_repaired_jac_v2_20261008T143054Z,2,1,0.0028631890992707426,5.7186884015802154e-05,0.6,0.0028631890992707426,0.009531147335967025,0.09531147335967026,-0.006667958236696283
selective_contact,vessel_invjac_selective_contact_repaired_jac_v2_20261008T143054Z,2,2,0.011441221701641068,0.00011437376803160431,0.6,0.011441221701641068,0.01906229467193405,0.19062294671934052,-0.007621072970292984
selective_contact,vessel_invjac_selective_contact_repaired_jac_v2_20261008T143054Z,2,3,0.02573794270559161,0.00017156065204740648,0.6,0.02573794270559161,0.02859344200790108,0.2859344200790108,-0.0028554993023094714
selective_contact,vessel_invjac_selective_contact_repaired_jac_v2_20261008T143054Z,2,4,0.045753352111122365,0.00022874753606320862,0.6,0.045753352111122365,0.0381245893438681,0.38124589343868104,0.007628762767254262
selective_contact,vessel_invjac_selective_contact_repaired_jac_v2_20261008T143054Z,2,5,0.07127290519262937,0.00027272064941796694,0.6,0.07127290519262937,0.04545344156966117,0.4545344156966116,0.0258194636229682
selective_contact,vessel_invjac_selective_contact_repaired_jac_v2_20261008T143054Z,2,6,0.09936973000098082,0.0002892158467490614,0.6,0.09936973000098082,0.048202641124843564,0.4820264112484357,0.051167088876137246
selective_contact,vessel_invjac_selective_contact_repaired_jac_v2_20261008T143054Z,2,7,0.12914573739369498,0.0003101053670244255,0.6,0.12914573739369498,0.051684227837404256,0.5168422783740425,0.07746150955629072
selective_contact,vessel_invjac_selective_contact_repaired_jac_v2_20261008T143054Z,2,8,0.16260849670840183,0.0003591498192697113,0.6,0.16260849670840183,0.05985830321161856,0.5985830321161855,0.10275019349678327
selective_contact,vessel_invjac_selective_contact_repaired_jac_v2_20261008T143054Z,2,9,0.20122498103708436,0.0004229948213487147,0.6,0.20122498103708436,0.07049913689145246,0.7049913689145244,0.1307258441456319
selective_contact,vessel_invjac_selective_contact_repaired_jac_v2_20261008T143054Z,2,10,0.24817357743622837,0.0005159771066341652,0.6,0.24817357743622837,0.08599618443902754,0.8599618443902753,0.1621773929972008
selective_contact,vessel_invjac_selective_contact_repaired_jac_v2_20261008T143054Z,2,11,0.30404088016050906,0.0006010907176689207,0.6,0.30404088016050906,0.10018178627815347,1.0018178627815344,0.20385909388235565
selective_contact,vessel_invjac_selective_contact_repaired_jac_v2_20261008T143054Z,2,12,0.37273325943491403,0.0007868259372384436,0.6,0.37273325943491403,0.1311376562064073,1.3113765620640727,0.2415956032285067
selective_contact,vessel_invjac_selective_contact_repaired_jac_v2_20261008T143054Z,2,13,0.4282819587522105,0.0003044694537592763,0.6,0.4282819587522105,0.05074490895987938,0.5074490895987939,0.37753704979233105
selective_contact,vessel_invjac_selective_contact_repaired_jac_v2_20261008T143054Z,2,14,0.4429867696927522,0.00027815696824792487,0.6,0.4429867696927522,0.04635949470798748,0.4635949470798748,0.3966272749847647
selective_contact,vessel_invjac_selective_contact_repaired_jac_v2_20261008T143054Z,2,15,0.505993093045208,0.000955982457846006,0.6,0.505993093045208,0.159330409641001,1.59330409641001,0.346662683404207
selective_contact,vessel_invjac_selective_contact_repaired_jac_v2_20261008T143054Z,2,16,0.6023298197178989,0.0006640011772858505,0.6,0.6023298197178989,0.11066686288097509,1.106668628809751,0.49166295683692385
selective_contact,vessel_invjac_selective_contact_repaired_jac_v2_20261008T143054Z,2,17,0.6309222100071165,0.0003733411385356965,0.6,0.6309222100071165,0.06222352308928275,0.6222352308928275,0.5686986869178337
selective_contact,vessel_invjac_selective_contact_repaired_jac_v2_20261008T143054Z,2,18,0.7271339037178958,0.0015508927356798878,0.6,0.7271339037178958,0.25848212261331466,2.5848212261331462,0.4686517811045811
selective_contact,vessel_invjac_selective_contact_repaired_jac_v2_20261008T143054Z,2,19,0.9322385585164984,0.002301951821204965,0.6,0.9322385585164984,0.38365863686749424,3.836586368674942,0.5485799216490042
selective_contact,vessel_invjac_selective_contact_repaired_jac_v2_20261008T143054Z,2,20,1.162433740636995,0.002301951821204965,0.6,1.162433740636995,0.38365863686749424,3.836586368674942,0.7787751037695007
selective_contact,vessel_invjac_selective_contact_repaired_jac_v2_20261008T143054Z,2,21,1.3926289227574926,0.002301951821204965,0.6,1.3926289227574926,0.38365863686749424,3.836586368674942,1.0089702858899985
selective_contact,vessel_invjac_selective_contact_repaired_jac_v2_20261008T143054Z,2,22,1.6228241048779894,0.002301951821204965,0.6,1.2441106660409822,0.38365863686749424,3.836586368674942,0.860452029173488
selective_contact,vessel_invjac_selective_contact_repaired_jac_v2_20261008T143054Z,2,23,1.8530192869984865,0.002301951821204965,0.6,0.5587580182400518,0.38365863686749424,3.836586368674942,0.1750993813725575
selective_contact,vessel_invjac_selective_contact_repaired_jac_v2_20261008T143054Z,2,24,2.0832144691189844,0.002301951821204965,0.6,1.168512592337371,0.38365863686749424,3.836586368674942,0.7848539554698768
selective_contact,vessel_invjac_selective_contact_repaired_jac_v2_20261008T143054Z,2,25,2.3134096512394797,0.002301951821204965,0.6,-0.07384563803009536,0.38365863686749424,3.836586368674942,-0.45750427489758955
selective_contact,vessel_invjac_selective_contact_repaired_jac_v2_20261008T143054Z,2,26,2.543604833359978,0.002301951821204965,0.6,0.45259056098204287,0.38365863686749424,3.836586368674942,0.06893192411454865
selective_contact,vessel_invjac_selective_contact_repaired_jac_v2_20261008T143054Z,2,27,2.7738000154804716,0.002301951821204965,0.6,0.24899533564903908,0.38365863686749424,3.836586368674942,-0.13466330121845516
selective_contact,vessel_invjac_selective_contact_repaired_jac_v2_20261008T143054Z,2,28,3.003995197600967,0.002301951821204965,0.6,-0.2592396674509083,0.38365863686749424,3.836586368674942,-0.6428983043184026
selective_contact,vessel_invjac_selective_contact_repaired_jac_v2_20261008T143054Z,2,29,3.2341903797214626,0.002301951821204965,0.6,0.2620375079004602,0.38365863686749424,3.836586368674942,-0.12162112896703403
selective_contact,vessel_invjac_selective_contact_repaired_jac_v2_20261008T143054Z,2,30,3.4643855618419557,0.002301951821204965,0.6,0.18144803012547106,0.38365863686749424,3.836586368674942,-0.20221060674202315
selective_contact,vessel_invjac_selective_contact_repaired_jac_v2_20261008T143054Z,2,31,3.694580743962451,0.002301951821204965,0.6,0.48510292905288876,0.38365863686749424,3.836586368674942,0.10144429218539454
selective_contact,vessel_invjac_selective_contact_repaired_jac_v2_20261008T143054Z,2,32,3.9247759260829467,0.002301951821204965,0.6,0.6531801543535347,0.38365863686749424,3.836586368674942,0.2695215174860405
selective_contact,vessel_invjac_selective_contact_repaired_jac_v2_20261008T143054Z,2,33,4.3851662903239355,0.002301951821204965,0.6,1.119223958558778,0.38365863686749424,3.836586368674942,0.7355653216912839
selective_contact,vessel_invjac_selective_contact_repaired_jac_v2_20261008T143054Z,2,34,4.3851662903239355,0.002301951821204965,0.6,0.5807752375188042,0.38365863686749424,3.836586368674942,0.19711660065131004
selective_contact,vessel_invjac_selective_contact_repaired_jac_v2_20261008T143054Z,2,35,4.845556654564926,0.002301951821204965,0.6,0.9781635751780007,0.38365863686749424,3.836586368674942,0.5945049383105064
selective_contact,vessel_invjac_selective_contact_repaired_jac_v2_20261008T143054Z,2,36,5.07575183668542,0.002301951821204965,0.6,0.9757392008367285,0.38365863686749424,3.836586368674942,0.5920805639692343
selective_contact,vessel_invjac_selective_contact_repaired_jac_v2_20261008T143054Z,2,37,5.305947018805916,0.002301951821204965,0.6,0.8294314790848833,0.38365863686749424,3.836586368674942,0.4457728422173891
selective_contact,vessel_invjac_selective_contact_repaired_jac_v2_20261008T143054Z,2,38,5.305947018805916,0.002301951821204965,0.6,0.784052812450283,0.38365863686749424,3.836586368674942,0.4003941755827887
selective_contact,vessel_invjac_selective_contact_repaired_jac_v2_20261008T143054Z,2,39,5.5361422009264105,0.002301951821204965,0.6,0.6683155029481966,0.38365863686749424,3.836586368674942,0.2846568660807024
selective_contact,vessel_invjac_selective_contact_repaired_jac_v2_20261008T143054Z,2,40,5.766337383046903,0.002301951821204965,0.6,0.8482608595264622,0.38365863686749424,3.836586368674942,0.464602222658968
selective_contact,vessel_invjac_selective_contact_repaired_jac_v2_20261008T143054Z,2,41,6.226727747287894,0.002301951821204965,0.6,1.2767168772098305,0.38365863686749424,3.836586368674942,0.8930582403423364
selective_contact,vessel_invjac_selective_contact_repaired_jac_v2_20261008T143054Z,2,42,6.456922929408388,0.002301951821204965,0.6,0.6879233962275704,0.38365863686749424,3.836586368674942,0.3042647593600762
selective_contact,vessel_invjac_selective_contact_repaired_jac_v2_20261008T143054Z,2,43,6.687118111528883,0.002301951821204965,0.6,0.9002800143033811,0.38365863686749424,3.836586368674942,0.5166213774358869
selective_contact,vessel_invjac_selective_contact_repaired_jac_v2_20261008T143054Z,2,44,6.917313293649377,0.002301951821204965,0.6,0.676726163472396,0.38365863686749424,3.836586368674942,0.29306752660490176
selective_contact,vessel_invjac_selective_contact_repaired_jac_v2_20261008T143054Z,2,45,6.917313293649377,0.002301951821204965,0.6,0.6134944055687672,0.38365863686749424,3.836586368674942,0.22983576870127295
selective_contact,vessel_invjac_selective_contact_repaired_jac_v2_20261008T143054Z,2,46,7.1475084757698735,0.002301951821204965,0.6,0.60164763128736,0.38365863686749424,3.836586368674942,0.2179889944198658
selective_contact,vessel_invjac_selective_contact_repaired_jac_v2_20261008T143054Z,2,47,7.377703657890367,0.002301951821204965,0.6,0.8782538943226958,0.38365863686749424,3.836586368674942,0.4945952574552016
selective_contact,vessel_invjac_selective_contact_repaired_jac_v2_20261008T143054Z,2,48,7.797774137881475,0.0015428697949552755,0.6,0.838532223405771,0.2571449658258793,2.5714496582587927,0.5813872575798917
selective_contact,vessel_invjac_selective_contact_repaired_jac_v2_20261008T143054Z,2,49,7.935612872060842,0.0012955740375088986,0.6,0.8307776286148476,0.21592900625148315,2.1592900625148315,0.6148486223633643
selective_contact,vessel_invjac_selective_contact_repaired_jac_v2_20261008T143054Z,2,50,8.067174081946284,0.0013505298312192562,0.6,-0.22086775860965702,0.22508830520320938,2.2508830520320937,-0.4459560638128664
selective_contact,vessel_invjac_selective_contact_repaired_jac_v2_20261008T143054Z,2,51,8.204452235365263,0.0013826045986445525,0.6,0.15395728585037816,0.23043409977409213,2.304340997740921,-0.07647681392371398
selective_contact,vessel_invjac_selective_contact_repaired_jac_v2_20261008T143054Z,2,52,8.341696958414735,0.0013611986382208066,0.6,0.021370349569508562,0.2268664397034678,2.268664397034678,-0.20549609013395922
selective_contact,vessel_invjac_selective_contact_repaired_jac_v2_20261008T143054Z,2,53,8.341696958414735,0.0013611986382208066,0.6,0.2478986501403302,0.2268664397034678,2.268664397034678,0.021032210436862393
selective_contact,vessel_invjac_selective_contact_repaired_jac_v2_20261008T143054Z,2,54,8.477263727120345,0.001353948932958874,0.6,0.1710937549648346,0.22565815549314566,2.256581554931457,-0.054564400528311095
selective_contact,vessel_invjac_selective_contact_repaired_jac_v2_20261008T143054Z,2,55,8.748651428902608,0.0013571263610505954,0.6,0.2791392183944392,0.2261877268417659,2.261877268417659,0.05295149155267332
selective_contact,vessel_invjac_selective_contact_repaired_jac_v2_20261008T143054Z,2,56,8.884215543433523,0.0013544341026526913,0.6,0.14257081319361653,0.22573901710878191,2.257390171087819,-0.08316820391516538
selective_contact,vessel_invjac_selective_contact_repaired_jac_v2_20261008T143054Z,2,57,9.019604669279351,0.0013535609037667996,0.6,0.23205143012992657,0.22559348396113327,2.255934839611333,0.0064579461687932944
selective_contact,vessel_invjac_selective_contact_repaired_jac_v2_20261008T143054Z,2,58,9.154908502474171,0.0013521388757325237,0.6,0.31431369832699474,0.225356479288754,2.2535647928875395,0.08895721903824075
selective_contact,vessel_invjac_selective_contact_repaired_jac_v2_20261008T143054Z,2,59,9.289975100128364,0.0013492314310330049,0.6,0.34785185686911113,0.22487190517216749,2.248719051721675,0.12297995169694365
selective_contact,vessel_invjac_selective_contact_repaired_jac_v2_20261008T143054Z,2,60,9.289975100128364,0.0013492314310330049,0.6,0.3061235167436518,0.22487190517216749,2.248719051721675,0.08125161157148428
selective_contact,vessel_invjac_selective_contact_repaired_jac_v2_20261008T143054Z,2,61,9.424901863392007,0.0013504198830756443,0.6,0.5217018572962004,0.2250699805126074,2.250699805126074,0.29663187678359304
selective_contact,vessel_invjac_selective_contact_repaired_jac_v2_20261008T143054Z,2,62,9.560278852200549,0.001358157725627257,0.6,0.5416703408231243,0.2263596209378762,2.2635962093787616,0.31531071988524806
selective_contact,vessel_invjac_selective_contact_repaired_jac_v2_20261008T143054Z,2,63,9.835089585455204,0.0013913214889459669,0.6,0.3735846983343354,0.23188691482432783,2.3188691482432784,0.14169778351000756
selective_contact,vessel_invjac_selective_contact_repaired_jac_v2_20261008T143054Z,2,64,9.974579660977179,0.0013955073464515157,0.6,0.36546257260667403,0.2325845577419193,2.325845577419193,0.13287801486475473
selective_contact,vessel_invjac_selective_contact_repaired_jac_v2_20261008T143054Z,2,65,10.11387523084685,0.001390383305929669,0.6,0.42986489555310925,0.23173055098827816,2.317305509882782,0.19813434456483106
selective_contact,vessel_invjac_selective_contact_repaired_jac_v2_20261008T143054Z,2,66,10.252777459566557,0.0013882237412341668,0.6,0.5360230633405116,0.23137062353902782,2.313706235390278,0.30465243980148377
selective_contact,vessel_invjac_selective_contact_repaired_jac_v2_20261008T143054Z,2,67,10.252777459566557,0.0013882237412341668,0.6,0.44039641188437173,0.23137062353902782,2.313706235390278,0.2090257883453439
selective_contact,vessel_invjac_selective_contact_repaired_jac_v2_20261008T143054Z,2,68,10.391569112834159,0.0013874728685137735,0.6,0.45833215913301295,0.23124547808562892,2.312454780856289,0.22708668104738403
selective_contact,vessel_invjac_selective_contact_repaired_jac_v2_20261008T143054Z,2,69,10.530244087129185,0.0013858983994001115,0.6,0.470590807445614,0.23098306656668524,2.3098306656668526,0.23960774087892875
selective_contact,vessel_invjac_selective_contact_repaired_jac_v2_20261008T143054Z,2,70,10.80701677818435,0.0013818295091434277,0.6,0.58006067245962,0.2303049181905713,2.303049181905713,0.3497557542690487
selective_contact,vessel_invjac_selective_contact_repaired_jac_v2_20261008T143054Z,2,71,10.945159805753553,0.0013813299946486425,0.6,0.47501339049379254,0.2302216657747738,2.3022166577477376,0.2447917247190188
selective_contact,vessel_invjac_selective_contact_repaired_jac_v2_20261008T143054Z,2,72,11.08330657745792,0.0013808869722242666,0.6,0.42464673824460064,0.23014782870404443,2.301478287040444,0.1944989095405562
selective_contact,vessel_invjac_selective_contact_repaired_jac_v2_20261008T143054Z,2,73,11.221118074071585,0.001374056127410416,0.6,0.4260245906214557,0.2290093545684027,2.2900935456840266,0.19701523605305302
selective_contact,vessel_invjac_selective_contact_repaired_jac_v2_20261008T143054Z,2,74,11.358220606336515,0.0013714599903452696,0.6,0.28344088779715193,0.22857666505754493,2.2857666505754493,0.054864222739606984
selective_contact,vessel_invjac_selective_contact_repaired_jac_v2_20261008T143054Z,2,75,11.496287315251154,0.0013944159768004075,0.6,0.2649882820394076,0.23240266280006794,2.324026628000679,0.0325856192393397
selective_contact,vessel_invjac_selective_contact_repaired_jac_v2_20261008T143054Z,2,76,11.637440885935714,0.0014267388261875907,0.6,-0.041471412193340385,0.23778980436459846,2.3778980436459847,-0.27926121655793884
selective_contact,vessel_invjac_selective_contact_repaired_jac_v2_20261008T143054Z,2,77,11.78113121063833,0.0014444703736981508,0.6,-0.31726807185378014,0.24074506228302514,2.4074506228302517,-0.5580131341368053
selective_contact,vessel_invjac_selective_contact_repaired_jac_v2_20261008T143054Z,2,78,11.92594319853516,0.001449944327846071,0.6,-0.005415425609974989,0.2416573879743452,2.4165738797434515,-0.24707281358432018
selective_contact,vessel_invjac_selective_contact_repaired_jac_v2_20261008T143054Z,2,79,12.070794223605544,0.0014463345868913598,0.6,-0.0793076840178859,0.2410557644818933,2.410557644818933,-0.32036344849977927
selective_contact,vessel_invjac_selective_contact_repaired_jac_v2_20261008T143054Z,2,80,12.215249082085839,0.0014431386300747817,0.6,-0.10715135423161648,0.24052310501246363,2.405231050124636,-0.34767445924408014
selective_contact,vessel_invjac_selective_contact_repaired_jac_v2_20261008T143054Z,2,81,12.359470775514875,0.0014413339364746601,0.6,-0.10699368339744808,0.2402223227457767,2.4022232274577666,-0.3472160061432248
selective_contact,vessel_invjac_selective_contact_repaired_jac_v2_20261008T143054Z,2,82,12.503505637734788,0.0014393061835982171,0.6,0.19072376391402557,0.23988436393303622,2.398843639330362,-0.04916060001901063
selective_contact,vessel_invjac_selective_contact_repaired_jac_v2_20261008T143054Z,2,83,12.647319393785587,0.001436911292084328,0.6,0.09285283683529855,0.23948521534738804,2.39485215347388,-0.1466323785120895
selective_contact,vessel_invjac_selective_contact_repaired_jac_v2_20261008T143054Z,2,84,12.790878515316678,0.0014343092154180679,0.6,0.27198325715777827,0.23905153590301131,2.390515359030113,0.03293172125476694
selective_contact,vessel_invjac_selective_contact_repaired_jac_v2_20261008T143054Z,2,85,12.934226020630241,0.0014329455433371007,0.6,0.03845616565024024,0.2388242572228501,2.388242572228501,-0.20036809157260987
selective_contact,vessel_invjac_selective_contact_repaired_jac_v2_20261008T143054Z,2,86,13.077503349001095,0.0014320443836944683,0.6,0.24093409729285042,0.23867406394907806,2.386740639490781,0.002260033343772373
selective_contact,vessel_invjac_selective_contact_repaired_jac_v2_20261008T143054Z,2,87,13.220422278471013,0.0014251218880496632,0.6,0.17447565657344732,0.23752031467494392,2.3752031467494388,-0.06304465810149658
selective_contact,vessel_invjac_selective_contact_repaired_jac_v2_20261008T143054Z,2,88,13.362627716692083,0.001422306539656699,0.6,0.19160829500021137,0.2370510899427832,2.3705108994278317,-0.04544279494257184
selective_contact,vessel_invjac_selective_contact_repaired_jac_v2_20261008T143054Z,2,89,13.505755012934625,0.0014442641349966894,0.6,0.5568850893974382,0.24071068916611493,2.407106891661149,0.31617440023132326
selective_contact,vessel_invjac_selective_contact_repaired_jac_v2_20261008T143054Z,2,90,13.651524710778018,0.001467169125336516,0.6,0.6105670305414428,0.24452818755608605,2.44528187556086,0.3660388429853567
selective_contact,vessel_invjac_selective_contact_repaired_jac_v2_20261008T143054Z,2,91,13.798419164973067,0.001467631480513564,0.6,0.3432590534922042,0.24460524675226072,2.4460524675226067,0.09865380673994349
selective_contact,vessel_invjac_selective_contact_repaired_jac_v2_20261008T143054Z,2,92,13.94497321376739,0.001463915560180018,0.6,0.5556213450017555,0.24398592669666969,2.4398592669666965,0.3116354183050859
selective_contact,vessel_invjac_selective_contact_repaired_jac_v2_20261008T143054Z,2,93,14.091280498618751,0.0014622638862869305,0.6,0.7038391903280541,0.24371064771448844,2.437106477144884,0.4601285426135656
selective_contact,vessel_invjac_selective_contact_repaired_jac_v2_20261008T143054Z,2,94,14.237402770844094,0.0014600273207783872,0.6,0.6342581519176651,0.2433378867963979,2.4333788679639787,0.39092026512126726
selective_contact,vessel_invjac_selective_contact_repaired_jac_v2_20261008T143054Z,2,95,14.383274607045994,0.001457455783956675,0.6,0.6618400698568276,0.24290929732611252,2.4290929732611253,0.41893077253071503
selective_contact,vessel_invjac_selective_contact_repaired_jac_v2_20261008T143054Z,2,96,14.528907591223494,0.001455238799141604,0.6,0.4526143578451993,0.24253979985693402,2.4253979985693404,0.2100745579882653
selective_contact,vessel_invjac_selective_contact_repaired_jac_v2_20261008T143054Z,2,97,14.674313243813662,0.0014527716431317241,0.6,0.3992827212166006,0.2421286071886207,2.421286071886207,0.15715411402797988
selective_contact,vessel_invjac_selective_contact_repaired_jac_v2_20261008T143054Z,2,98,14.819449303095912,0.001450057891592791,0.6,0.8123055032043531,0.24167631526546518,2.4167631526546516,0.570629187938888
selective_contact,vessel_invjac_selective_contact_repaired_jac_v2_20261008T143054Z,2,99,14.964391416480428,0.0014491466078649681,0.6,0.6210960231667126,0.24152443464416137,2.4152443464416136,0.3795715885225512
selective_contact,vessel_invjac_selective_contact_repaired_jac_v2_20261008T143054Z,2,100,15.10926360309702,0.0014473258175796081,0.6,0.39183027803289683,0.2412209695966014,2.412209695966014,0.1506093084362954
selective_contact,vessel_invjac_selective_contact_repaired_jac_v2_20261008T143054Z,2,101,15.25360740734323,0.0014385231304794202,0.6,0.594934197260578,0.23975385507990335,2.397538550799034,0.3551803421806746
selective_contact,vessel_invjac_selective_contact_repaired_jac_v2_20261008T143054Z,2,102,15.397371067177636,0.0014414198834945225,0.6,0.7876172763182581,0.2402366472490871,2.402366472490871,0.547380629069171
selective_contact,vessel_invjac_selective_contact_repaired_jac_v2_20261008T143054Z,2,103,15.542798920918285,0.001470050746549266,0.6,0.08347344089769138,0.24500845775821106,2.45008457758211,-0.1615350168605197
selective_contact,vessel_invjac_selective_contact_repaired_jac_v2_20261008T143054Z,2,104,15.690875044678574,0.0014865652992172667,0.6,-0.08380734175133497,0.24776088320287779,2.477608832028778,-0.3315682249542128
selective_contact,vessel_invjac_selective_contact_repaired_jac_v2_20261008T143054Z,2,105,15.83918305171024,0.0014788201088320554,0.6,-0.3048499129950457,0.24647001813867594,2.464700181386759,-0.5513199311337217
selective_contact,vessel_invjac_selective_contact_repaired_jac_v2_20261008T143054Z,2,106,15.98679881137012,0.0014746738643043069,0.6,-0.25507301052749476,0.2457789773840512,2.4577897738405112,-0.500851987911546
selective_contact,vessel_invjac_selective_contact_repaired_jac_v2_20261008T143054Z,2,107,16.134225298790167,0.0014737100050821053,0.6,0.07491685076580978,0.2456183341803509,2.456183341803509,-0.1707014834145411
selective_contact,vessel_invjac_selective_contact_repaired_jac_v2_20261008T143054Z,2,108,16.281482526840495,0.0014712232246937307,0.6,0.14512908014151904,0.2452038707822885,2.4520387078228847,-0.10007479064076945
selective_contact,vessel_invjac_selective_contact_repaired_jac_v2_20261008T143054Z,2,109,16.428468570187814,0.00146860940831964,0.6,-0.2757762248344626,0.24476823471994008,2.4476823471994003,-0.5205444595544028
selective_contact,vessel_invjac_selective_contact_repaired_jac_v2_20261008T143054Z,2,110,16.575222808537845,0.0014664681642595214,0.6,0.18310485293921275,0.24441136070992026,2.4441136070992022,-0.06130650777070752
selective_contact,vessel_invjac_selective_contact_repaired_jac_v2_20261008T143054Z,2,111,16.721743513564572,0.0014638328222699966,0.6,0.062080045541449635,0.24397213704499948,2.4397213704499947,-0.18189209150354982
selective_contact,vessel_invjac_selective_contact_repaired_jac_v2_20261008T143054Z,2,112,16.867991734512817,0.001461332432835323,0.6,0.1464716504851964,0.24355540547255383,2.435554054725538,-0.09708375498735744
selective_contact,vessel_invjac_selective_contact_repaired_jac_v2_20261008T143054Z,2,113,17.014065291401405,0.0014602746821323635,0.6,0.47683967486391765,0.24337911368872725,2.4337911368872724,0.23346056117519037
selective_contact,vessel_invjac_selective_contact_repaired_jac_v2_20261008T143054Z,2,114,17.159962258381455,0.0014567241441026206,0.6,0.35019593978971386,0.24278735735043677,2.427873573504368,0.10740858243927709
selective_contact,vessel_invjac_selective_contact_repaired_jac_v2_20261008T143054Z,2,115,17.4510839530979,0.001470212089419882,0.6,0.4114515869175719,0.245035348236647,2.4503534823664697,0.16641623868092492
selective_contact,vessel_invjac_selective_contact_repaired_jac_v2_20261008T143054Z,2,116,17.60009926439336,0.0015074194933887232,0.6,0.46660068176875313,0.25123658223145384,2.5123658223145386,0.21536409953729926
selective_contact,vessel_invjac_selective_contact_repaired_jac_v2_20261008T143054Z,2,117,17.7514234787954,0.0015126735384257766,0.6,0.3164106481966691,0.25211225640429613,2.521122564042961,0.06429839179237291
selective_contact,vessel_invjac_selective_contact_repaired_jac_v2_20261008T143054Z,2,118,17.902099238426164,0.0015023660905254652,0.6,-0.2946785596806336,0.2503943484209109,2.503943484209109,-0.5450729081015444
selective_contact,vessel_invjac_selective_contact_repaired_jac_v2_20261008T143054Z,2,119,18.052179059664955,0.0015002453488817662,0.6,-0.04020930067706274,0.2500408914802944,2.500408914802944,-0.29025019215735715
selective_contact,vessel_invjac_selective_contact_repaired_jac_v2_20261008T143054Z,2,120,18.052179059664955,0.0015002453488817662,0.6,-0.12019261907570566,0.2500408914802944,2.500408914802944,-0.37023351055600007
selective_contact,vessel_invjac_selective_contact_repaired_jac_v2_20261008T143054Z,2,121,18.202138102248913,0.0014985733833994019,0.6,0.06311467377974012,0.24976223056656702,2.49762230566567,-0.18664755678682693
selective_contact,vessel_invjac_selective_contact_repaired_jac_v2_20261008T143054Z,2,122,18.501211234243154,0.0014921677732844037,0.6,0.031924479253170546,0.248694628880734,2.4869462888073395,-0.21677014962756347
selective_contact,vessel_invjac_selective_contact_repaired_jac_v2_20261008T143054Z,2,123,18.650286834624147,0.0014894505131290122,0.6,0.16254409237765444,0.24824175218816874,2.482417521881687,-0.0856976598105143
selective_contact,vessel_invjac_selective_contact_repaired_jac_v2_20261008T143054Z,2,124,18.799119377934836,0.0014871885520795333,0.6,0.2835925400992707,0.24786475867992225,2.478647586799222,0.03572778141934844
selective_contact,vessel_invjac_selective_contact_repaired_jac_v2_20261008T143054Z,2,125,18.947673901489612,0.0014835713728549328,0.6,0.09492200617049917,0.24726189547582222,2.4726189547582216,-0.15233988930532305
selective_contact,vessel_invjac_selective_contact_repaired_jac_v2_20261008T143054Z,2,126,19.09581693229606,0.0014800585841144489,0.6,0.1359390941890517,0.2466764306857415,2.466764306857415,-0.1107373364966898
selective_contact,vessel_invjac_selective_contact_repaired_jac_v2_20261008T143054Z,2,127,19.09581693229606,0.0014800585841144489,0.6,0.20795390990162232,0.2466764306857415,2.466764306857415,-0.03872252078411918
selective_contact,vessel_invjac_selective_contact_repaired_jac_v2_20261008T143054Z,2,128,19.243899650967016,0.0014827731526380694,0.6,0.18254288351510084,0.24712885877301163,2.4712885877301156,-0.06458597525791078
selective_contact,vessel_invjac_selective_contact_repaired_jac_v2_20261008T143054Z,2,129,19.392909932461638,0.001501576359793767,0.6,0.33596277058411417,0.25026272663229454,2.502627266322945,0.08570004395181964
selective_contact,vessel_invjac_selective_contact_repaired_jac_v2_20261008T143054Z,2,130,19.700854022524574,0.0015639993935435354,0.6,0.28425750392928606,0.2606665655905892,2.6066656559058923,0.02359093833869682
selective_contact,vessel_invjac_selective_contact_repaired_jac_v2_20261008T143054Z,2,131,19.856708597806307,0.001552479247652687,0.6,0.2873569408819314,0.2587465412754479,2.5874654127544785,0.02861039960648352
selective_contact,vessel_invjac_selective_contact_repaired_jac_v2_20261008T143054Z,2,132,20.011639859818885,0.0015477380101809382,0.6,0.26569389069418037,0.25795633503015647,2.5795633503015636,0.007737555664023919
selective_contact,vessel_invjac_selective_contact_repaired_jac_v2_20261008T143054Z,2,133,20.166357047852493,0.001546189100728114,0.6,0.3933246812692346,0.2576981834546857,2.5769818345468565,0.13562649781454889
selective_contact,vessel_invjac_selective_contact_repaired_jac_v2_20261008T143054Z,2,134,20.166357047852493,0.001546189100728114,0.6,0.283866398766051,0.2576981834546857,2.5769818345468565,0.02616821531136533
selective_contact,vessel_invjac_selective_contact_repaired_jac_v2_20261008T143054Z,2,135,20.32080259102712,0.0015424584361936498,0.6,0.2597236687868474,0.257076406032275,2.57076406032275,0.002647262754572376
selective_contact,vessel_invjac_selective_contact_repaired_jac_v2_20261008T143054Z,2,136,20.4748303815052,0.0015380428684028372,0.6,0.16625804925011778,0.25634047806713955,2.5634047806713953,-0.09008242881702178
selective_contact,vessel_invjac_selective_contact_repaired_jac_v2_20261008T143054Z,2,137,20.781924062098483,0.001534712327390735,0.6,0.4186994057554294,0.2557853878984559,2.5578538789845586,0.16291401785697351
selective_contact,vessel_invjac_selective_contact_repaired_jac_v2_20261008T143054Z,2,138,20.935088120068983,0.001526162121216734,0.6,0.23783202192434771,0.2543603535361224,2.5436035353612234,-0.016528331611774662
selective_contact,vessel_invjac_selective_contact_repaired_jac_v2_20261008T143054Z,2,139,21.086919165364414,0.001515421596005755,0.6,0.16840339541865745,0.25257026600095916,2.525702660009592,-0.08416687058230174
selective_contact,vessel_invjac_selective_contact_repaired_jac_v2_20261008T143054Z,2,140,21.239812828310008,0.0015522972285924661,0.6,0.36717420590145977,0.2587162047654111,2.58716204765411,0.10845800113604868
selective_contact,vessel_invjac_selective_contact_repaired_jac_v2_20261008T143054Z,2,141,21.239812828310008,0.0015522972285924661,0.6,0.03506817417090602,0.2587162047654111,2.58716204765411,-0.22364803059450508
selective_contact,vessel_invjac_selective_contact_repaired_jac_v2_20261008T143054Z,2,142,21.398342899810903,0.0016162861538909403,0.6,0.2634545412111571,0.2693810256484901,2.6938102564849005,-0.005926484437332978
selective_contact,vessel_invjac_selective_contact_repaired_jac_v2_20261008T143054Z,2,143,21.56236537112987,0.0016598091605159611,0.6,0.3037400121740852,0.2766348600859936,2.7663486008599354,0.02710515208809161
selective_contact,vessel_invjac_selective_contact_repaired_jac_v2_20261008T143054Z,2,144,21.89527203864037,0.0016571869919278467,0.6,0.4491224472692359,0.27619783198797443,2.7619783198797445,0.17292461528126146
selective_contact,vessel_invjac_selective_contact_repaired_jac_v2_20261008T143054Z,2,145,22.06076578176909,0.0016536206468409805,0.6,0.19549564533392427,0.27560344114016344,2.756034411401634,-0.08010779580623915
selective_contact,vessel_invjac_selective_contact_repaired_jac_v2_20261008T143054Z,2,146,22.225965911200177,0.0016499852237909312,0.6,0.6723829909227632,0.2749975372984885,2.7499753729848857,0.3973854536242747
selective_contact,vessel_invjac_selective_contact_repaired_jac_v2_20261008T143054Z,2,147,22.390680983680756,0.0016438529557442857,0.6,0.3846914770216756,0.27397549262404763,2.7397549262404763,0.11071598439762798
selective_contact,vessel_invjac_selective_contact_repaired_jac_v2_20261008T143054Z,2,148,22.554662084282846,0.001635857687043953,0.6,-0.188878198452457,0.2726429478406589,2.7264294784065886,-0.4615211462931159
selective_contact,vessel_invjac_selective_contact_repaired_jac_v2_20261008T143054Z,2,149,22.7181023938926,0.001634514119727097,0.6,0.15184460027857938,0.27241901995451623,2.724190199545162,-0.12057441967593682
selective_contact,vessel_invjac_selective_contact_repaired_jac_v2_20261008T143054Z,2,150,22.881506510849782,0.0016300616172465377,0.6,0.20672280870754278,0.27167693620775635,2.716769362077563,-0.06495412750021355
selective_contact,vessel_invjac_selective_contact_repaired_jac_v2_20261008T143054Z,2,151,23.043324059375248,0.0016081615363678825,0.6,0.1977485060980868,0.26802692272798045,2.6802692272798043,-0.07027841662989362
selective_contact,vessel_invjac_selective_contact_repaired_jac_v2_20261008T143054Z,2,152,23.20634313166158,0.0016783322964515851,0.6,0.31802302545923666,0.2797220494085975,2.797220494085975,0.03830097605063914
selective_contact,vessel_invjac_selective_contact_repaired_jac_v2_20261008T143054Z,2,153,23.382563104448174,0.0018349067892668768,0.6,0.3721143914296121,0.3058177982111462,3.058177982111461,0.06629659321846597
selective_contact,vessel_invjac_selective_contact_repaired_jac_v2_20261008T143054Z,2,154,23.567303643460058,0.0018374445666526351,0.6,0.32519211792579483,0.3062407611087726,3.062407611087725,0.018951356817022234
selective_contact,vessel_invjac_selective_contact_repaired_jac_v2_20261008T143054Z,2,155,23.7500447394264,0.0018226285580474617,0.6,0.6009992906234807,0.30377142634124366,3.0377142634124366,0.29722786428223696
selective_contact,vessel_invjac_selective_contact_repaired_jac_v2_20261008T143054Z,2,156,23.93224447015026,0.001819743688750561,0.6,0.41162151908650557,0.3032906147917602,3.0329061479176014,0.10833090429474539
selective_contact,vessel_invjac_selective_contact_repaired_jac_v2_20261008T143054Z,2,157,24.113701217591746,0.001809379423322651,0.6,0.26772536584660145,0.30156323722044187,3.0156323722044185,-0.03383787137384043
selective_contact,vessel_invjac_selective_contact_repaired_jac_v2_20261008T143054Z,2,158,24.294251372814173,0.0018021866494954686,0.6,0.49153241742158826,0.30036444158257813,3.003644415825781,0.19116797583901007
selective_contact,vessel_invjac_selective_contact_repaired_jac_v2_20261008T143054Z,2,159,24.47414099084618,0.0017953823802167436,0.6,0.14213897683298882,0.2992303967027906,2.992303967027906,-0.15709141986980182
selective_contact,vessel_invjac_selective_contact_repaired_jac_v2_20261008T143054Z,2,160,24.653222929829777,0.0017851678035777463,0.6,0.12521074215797157,0.2975279672629577,2.9752796726295774,-0.17231722510498618
selective_contact,vessel_invjac_selective_contact_repaired_jac_v2_20261008T143054Z,2,161,24.83106383719756,0.0017744010052992572,0.6,0.17728632410280198,0.29573350088320954,2.9573350088320955,-0.11844717678040755
selective_contact,vessel_invjac_selective_contact_repaired_jac_v2_20261008T143054Z,2,162,25.00939574518133,0.001799967156830394,0.6,0.14020253382123826,0.299994526138399,2.99994526138399,-0.15979199231716074
selective_contact,vessel_invjac_selective_contact_repaired_jac_v2_20261008T143054Z,2,163,25.192884252831234,0.0018802412754015936,0.6,-0.36590737559798114,0.31337354590026567,3.133735459002656,-0.6792809214982468
selective_contact,vessel_invjac_selective_contact_repaired_jac_v2_20261008T143054Z,2,164,25.386810905818756,0.0019836144787667553,0.6,-0.13038925713307847,0.33060241312779254,3.3060241312779253,-0.460991670260871
selective_contact,vessel_invjac_selective_contact_repaired_jac_v2_20261008T143054Z,2,165,25.58480824666929,0.0019632768561948215,0.6,0.11461683478133011,0.3272128093658036,3.2721280936580364,-0.2125959745844735
selective_contact,vessel_invjac_selective_contact_repaired_jac_v2_20261008T143054Z,2,166,25.780201895772183,0.0019511363343189916,0.6,0.22959966131243803,0.3251893890531653,3.251893890531653,-0.09558972774072728
selective_contact,vessel_invjac_selective_contact_repaired_jac_v2_20261008T143054Z,2,167,25.975307625879665,0.001949383014468676,0.6,0.2792528463458872,0.3248971690781127,3.248971690781127,-0.045644322732225504
selective_contact,vessel_invjac_selective_contact_repaired_jac_v2_20261008T143054Z,2,168,26.169764036611888,0.0019379710767404087,0.6,0.2704724281400388,0.32299517945673484,3.2299517945673477,-0.05252275131669603
selective_contact,vessel_invjac_selective_contact_repaired_jac_v2_20261008T143054Z,2,169,26.36267456540056,0.0019213615445935902,0.6,0.43369014956955,0.3202269240989317,3.202269240989317,0.11346322547061825
selective_contact,vessel_invjac_selective_contact_repaired_jac_v2_20261008T143054Z,2,170,26.55452433164838,0.0019163451073902645,0.6,0.7702182217877969,0.3193908512317108,3.193908512317108,0.450827370556086
selective_contact,vessel_invjac_selective_contact_repaired_jac_v2_20261008T143054Z,2,171,26.744874400896396,0.0018840677092845082,0.6,0.8790242228473808,0.3140112848807514,3.140112848807514,0.5650129379666294
selective_contact,vessel_invjac_selective_contact_repaired_jac_v2_20261008T143054Z,2,172,26.932690502224823,0.0018912888689657371,0.6,0.4239699614837953,0.31521481149428954,3.1521481149428956,0.10875514998950578
selective_contact,vessel_invjac_selective_contact_repaired_jac_v2_20261008T143054Z,2,173,27.126679177105153,0.0019850929885101075,0.6,0.5081466812769442,0.3308488314183513,3.3084883141835126,0.17729784985859287
selective_contact,vessel_invjac_selective_contact_repaired_jac_v2_20261008T143054Z,2,174,27.326347220387298,0.0019967762724406196,0.6,0.6740158340551297,0.33279604540677,3.3279604540676995,0.3412197886483597
selective_contact,vessel_invjac_selective_contact_repaired_jac_v2_20261008T143054Z,2,175,27.525889452935875,0.001993258405394628,0.6,0.7320637281750315,0.332209734232438,3.3220973423243803,0.39985399394259347
selective_contact,vessel_invjac_selective_contact_repaired_jac_v2_20261008T143054Z,2,176,27.721833585596688,0.0019009127351068307,0.6,-0.49604403380391915,0.3168187891844718,3.168187891844718,-0.8128628229883909
selective_contact,vessel_invjac_selective_contact_repaired_jac_v2_20261008T143054Z,2,177,27.906978344053336,0.0018452413585969885,0.6,-0.2727529655864487,0.30754022643283146,3.0754022643283143,-0.5802931920192801
selective_contact,vessel_invjac_selective_contact_repaired_jac_v2_20261008T143054Z,2,178,28.098887008609818,0.001985908659275578,0.6,-1.0886716224026394,0.3309847765459297,3.3098477654592964,-1.419656398948569
selective_contact,vessel_invjac_selective_contact_repaired_jac_v2_20261008T143054Z,2,179,28.291633291747733,0.0018241956259263104,0.6,-0.9581419186768905,0.3040326043210518,3.0403260432105177,-1.2621745229979422
selective_contact,vessel_invjac_selective_contact_repaired_jac_v2_20261008T143054Z,2,180,28.470335014710635,0.001811106925960541,0.6,-0.8078020927645042,0.30185115432675685,3.0185115432675684,-1.109653247091261
selective_contact,vessel_invjac_selective_contact_repaired_jac_v2_20261008T143054Z,2,181,28.6585668958667,0.0019103856931043197,0.6,-0.1601352668810634,0.3183976155173866,3.183976155173866,-0.47853288239845004
selective_contact,vessel_invjac_selective_contact_repaired_jac_v2_20261008T143054Z,2,182,28.843031792520662,0.0017849844852262041,0.6,0.04531451031861877,0.29749741420436737,2.9749741420436737,-0.25218290388574865
selective_contact,vessel_invjac_selective_contact_repaired_jac_v2_20261008T143054Z,2,183,29.02472118973645,0.0019011914120324709,0.6,1.4957883649766295,0.31686523533874517,3.1686523533874515,1.1789231296378844
selective_contact,vessel_invjac_selective_contact_repaired_jac_v2_20261008T143054Z,2,184,29.22382090831624,0.002035416016369294,0.6,1.804083907182811,0.3392360027282157,3.3923600272821566,1.4648479044545955
selective_contact,vessel_invjac_selective_contact_repaired_jac_v2_20261008T143054Z,2,185,29.424911462027694,0.001974607606256614,0.6,1.8007791055989202,0.3291012677094357,3.291012677094357,1.4716778378894846
selective_contact,vessel_invjac_selective_contact_repaired_jac_v2_20261008T143054Z,2,186,29.61767475579786,0.0018783759030676697,0.6,1.9022674309292604,0.31306265051127835,3.1306265051127826,1.589204780417982
selective_contact,vessel_invjac_selective_contact_repaired_jac_v2_20261008T143054Z,2,187,29.80058153412606,0.0017862494693669225,0.6,0.7770271780618785,0.2977082448944871,2.977082448944871,0.4793189331673914
selective_contact,vessel_invjac_selective_contact_repaired_jac_v2_20261008T143054Z,2,188,29.97964348888709,0.0018254164699009088,0.6,-0.16575079583115837,0.30423607831681815,3.0423607831681814,-0.46998687414797646
selective_contact,vessel_invjac_selective_contact_repaired_jac_v2_20261008T143054Z,2,189,30.167535432424305,0.0019073526194454454,0.6,-1.6785676505381666,0.3178921032409076,3.1789210324090758,-1.9964597537790743
selective_contact,vessel_invjac_selective_contact_repaired_jac_v2_20261008T143054Z,2,190,30.35577357736948,0.001855601698574884,0.6,-1.2097864547549229,0.30926694976248065,3.092669497624807,-1.5190534045174033
selective_contact,vessel_invjac_selective_contact_repaired_jac_v2_20261008T143054Z,2,191,30.54178180770035,0.0018763747091420755,0.6,-1.1153221826539301,0.31272911819034593,3.1272911819034594,-1.4280513008442761
selective_contact,vessel_invjac_selective_contact_repaired_jac_v2_20261008T143054Z,2,192,30.72824440766782,0.0018269943074083802,0.6,-0.8373699685914815,0.3044990512347301,3.0449905123473004,-1.1418690198262116
selective_contact,vessel_invjac_selective_contact_repaired_jac_v2_20261008T143054Z,2,193,30.907326520302455,0.0017876632686047744,0.6,-0.15514136472765117,0.29794387810079576,2.9794387810079574,-0.4530852428284469
selective_contact,vessel_invjac_selective_contact_repaired_jac_v2_20261008T143054Z,2,194,31.092158153686587,0.00191243186267781,0.6,0.8947012321635306,0.31873864377963507,3.1873864377963503,0.5759625883838956
selective_contact,vessel_invjac_selective_contact_repaired_jac_v2_20261008T143054Z,2,195,31.2825127695536,0.0018560285156765915,0.6,1.4404627782273316,0.3093380859460986,3.093380859460986,1.131124692281233
selective_contact,vessel_invjac_selective_contact_repaired_jac_v2_20261008T143054Z,2,196,31.46413715463465,0.0018009405647529944,0.6,1.6857526551030766,0.30015676079216574,3.0015676079216576,1.3855958943109108
selective_contact,vessel_invjac_selective_contact_repaired_jac_v2_20261008T143054Z,2,197,31.826206311444803,0.0017986216401225713,0.6,1.3754977152606571,0.29977027335376194,2.997702733537619,1.0757274419068952
selective_contact,vessel_invjac_selective_contact_repaired_jac_v2_20261008T143054Z,2,198,31.826206311444803,0.0017986216401225713,0.6,0.9791599358072389,0.29977027335376194,2.997702733537619,0.6793896624534769
selective_contact,vessel_invjac_selective_contact_repaired_jac_v2_20261008T143054Z,2,199,32.005649907165676,0.0017942045320226442,0.6,-0.005325381927349326,0.29903408867044073,2.990340886704407,-0.30435947059779006
selective_contact,vessel_invjac_selective_contact_repaired_jac_v2_20261008T143054Z,2,200,32.354488349924594,0.0016817301348422177,0.6,0.24918224874144101,0.2802883558070363,2.802883558070363,-0.031106107065595304
selective_contact,vessel_invjac_selective_contact_repaired_jac_v2_20261008T143054Z,2,201,32.354488349924594,0.0016817301348422177,0.6,0.024001826772639845,0.2802883558070363,2.802883558070363,-0.25628652903439647
selective_contact,vessel_invjac_selective_contact_repaired_jac_v2_20261008T143054Z,2,202,32.51254617685955,0.001318178960166693,0.6,0.001795817928609722,0.21969649336111552,2.196964933611155,-0.21790067543250577
selective_contact,vessel_invjac_selective_contact_repaired_jac_v2_20261008T143054Z,2,203,32.61692034833126,0.0013574262211309182,0.6,0.0434976564610281,0.22623770352181968,2.262377035218197,-0.1827400470607916
selective_contact,vessel_invjac_selective_contact_repaired_jac_v2_20261008T143054Z,2,204,32.94475202850436,0.0016344067865110652,0.6,0.31292645217661885,0.27240113108517755,2.7240113108517754,0.040525321091441274
selective_contact,vessel_invjac_selective_contact_repaired_jac_v2_20261008T143054Z,2,205,33.11141209920781,0.0017106105084746957,0.6,0.4795865228800693,0.28510175141244937,2.851017514124493,0.19448477146761997
selective_contact,vessel_invjac_selective_contact_repaired_jac_v2_20261008T143054Z,2,206,33.28851467127174,0.0018338727813484385,0.6,0.5537292819438804,0.3056454635580731,3.056454635580731,0.24808381838580723
selective_contact,vessel_invjac_selective_contact_repaired_jac_v2_20261008T143054Z,2,207,33.473230938694726,0.0018177839515409982,0.6,0.5625986019567009,0.3029639919234997,3.0296399192349974,0.2596346100332011
selective_contact,vessel_invjac_selective_contact_repaired_jac_v2_20261008T143054Z,2,208,33.64849833085596,0.0016982305626066661,0.6,0.6059475161402617,0.2830384271011111,2.8303842710111105,0.32290908903915055
selective_contact,vessel_invjac_selective_contact_repaired_jac_v2_20261008T143054Z,2,209,33.81539153930332,0.0016512801292846541,0.6,0.16229819654060407,0.27521335488077575,2.752133548807757,-0.1129151583401717
selective_contact,vessel_invjac_selective_contact_repaired_jac_v2_20261008T143054Z,2,210,33.98150734226665,0.001684355525163383,0.6,0.030905974052025442,0.2807259208605639,2.8072592086056387,-0.24981994680853845
selective_contact,vessel_invjac_selective_contact_repaired_jac_v2_20261008T143054Z,2,211,34.15295434946293,0.0017319151530494562,0.6,0.2525047424535103,0.2886525255082427,2.886525255082427,-0.03614778305473243
selective_contact,vessel_invjac_selective_contact_repaired_jac_v2_20261008T143054Z,2,212,34.325012959262665,0.0017003746475417764,0.6,0.3701435042332122,0.28339577459029613,2.8339577459029606,0.08674772964291605
selective_contact,vessel_invjac_selective_contact_repaired_jac_v2_20261008T143054Z,2,213,34.49308399679323,0.0016629801797323233,0.6,0.6683344469814969,0.2771633632887206,2.7716336328872058,0.3911710836927763
selective_contact,vessel_invjac_selective_contact_repaired_jac_v2_20261008T143054Z,2,214,34.65805271701208,0.0016387415025816417,0.6,0.6375122814297995,0.27312358376360696,2.7312358376360697,0.36438869766619253
selective_contact,vessel_invjac_selective_contact_repaired_jac_v2_20261008T143054Z,2,215,34.821305255377034,0.0016300693676701624,0.6,-0.27773283038938246,0.2716782279450271,2.7167822794502707,-0.5494110583344095
selective_contact,vessel_invjac_selective_contact_repaired_jac_v2_20261008T143054Z,2,216,34.985228336717874,0.001654610810571346,0.6,-0.15078912226027796,0.27576846842855773,2.757684684285577,-0.4265575906888357
selective_contact,vessel_invjac_selective_contact_repaired_jac_v2_20261008T143054Z,2,217,35.15223815365971,0.0016769526778652474,0.6,0.09372431622490751,0.2794921129775413,2.794921129775412,-0.18576779675263377
selective_contact,vessel_invjac_selective_contact_repaired_jac_v2_20261008T143054Z,2,218,35.31888971897504,0.0016523220092628918,0.6,0.156041362565837,0.27538700154381535,2.753870015438153,-0.11934563897797835
selective_contact,vessel_invjac_selective_contact_repaired_jac_v2_20261008T143054Z,2,219,35.48369763842959,0.0016501554271445805,0.6,0.15522609557392997,0.27502590452409675,2.7502590452409676,-0.1197998089501668
selective_contact,vessel_invjac_selective_contact_repaired_jac_v2_20261008T143054Z,2,220,35.64900233843386,0.0016483479963855254,0.6,0.2323578437959526,0.2747246660642543,2.7472466606425425,-0.042366822268301685
selective_contact,vessel_invjac_selective_contact_repaired_jac_v2_20261008T143054Z,2,221,35.811850339515125,0.0016041020840101225,0.6,0.12393298898081184,0.26735034733502044,2.6735034733502046,-0.14341735835420863
selective_contact,vessel_invjac_selective_contact_repaired_jac_v2_20261008T143054Z,2,222,35.97012593252968,0.00156381295337759,0.6,0.23557314471484858,0.2606354922295983,2.6063549222959836,-0.025062347514749762
selective_contact,vessel_invjac_selective_contact_repaired_jac_v2_20261008T143054Z,2,223,36.12559954564685,0.0015548740922038554,0.6,0.22293908718114608,0.2591456820339759,2.591456820339759,-0.036206594852829836
selective_contact,vessel_invjac_selective_contact_repaired_jac_v2_20261008T143054Z,2,224,36.28354234022189,0.0016110685399743719,0.6,0.5060821709914265,0.26851142332906197,2.68511423329062,0.23757074766236447
selective_contact,vessel_invjac_selective_contact_repaired_jac_v2_20261008T143054Z,2,225,36.44632921064928,0.0016269374511578244,0.6,0.5608655211273472,0.2711562418596374,2.711562418596374,0.28970927926770984
selective_contact,vessel_invjac_selective_contact_repaired_jac_v2_20261008T143054Z,2,226,36.60644581887131,0.0015797993587928951,0.6,0.4326030103546188,0.26329989313214924,2.6329989313214917,0.16930311722246957
selective_contact,vessel_invjac_selective_contact_repaired_jac_v2_20261008T143054Z,2,227,36.76423916870199,0.0015855081050222394,0.6,0.12564506393452746,0.26425135083703993,2.6425135083703992,-0.13860628690251248
selective_contact,vessel_invjac_selective_contact_repaired_jac_v2_20261008T143054Z,2,228,36.92389492316251,0.0016029739914239511,0.6,0.17966940496688721,0.2671623319039919,2.671623319039919,-0.0874929269371047
selective_contact,vessel_invjac_selective_contact_repaired_jac_v2_20261008T143054Z,2,229,37.05576153617751,0.0011849527865863579,0.6,0.12684502348363225,0.19749213109772634,1.9749213109772632,-0.07064710761409408
selective_contact,vessel_invjac_selective_contact_repaired_jac_v2_20261008T143054Z,2,230,37.19151651215788,0.0014287909476533693,0.6,0.28034808979538894,0.2381318246088949,2.381318246088949,0.042216265186494024
selective_contact,vessel_invjac_selective_contact_repaired_jac_v2_20261008T143054Z,2,231,37.33181148835381,0.0015233937752852137,0.6,0.32553555213195295,0.2538989625475357,2.5389896254753563,0.07163658958441729
selective_contact,vessel_invjac_selective_contact_repaired_jac_v2_20261008T143054Z,2,232,37.49092969869577,0.001599472892086616,0.6,0.13855314367168603,0.26657881534776934,2.6657881534776933,-0.1280256716760833
selective_contact,vessel_invjac_selective_contact_repaired_jac_v2_20261008T143054Z,2,233,37.64972414275315,0.0015696491096282392,0.6,0.16174094048568577,0.2616081849380399,2.616081849380399,-0.09986724445235415
selective_contact,vessel_invjac_selective_contact_repaired_jac_v2_20261008T143054Z,2,234,37.80383404057704,0.0015130966446411252,0.6,0.16458103176186967,0.25218277410685425,2.521827741068542,-0.08760174234498457
selective_contact,vessel_invjac_selective_contact_repaired_jac_v2_20261008T143054Z,2,235,37.95470540267814,0.0015187084432947838,0.6,0.3987987398645103,0.253118073882464,2.53118073882464,0.14568066598204635
selective_contact,vessel_invjac_selective_contact_repaired_jac_v2_20261008T143054Z,2,236,38.10929171534605,0.0015653387960388049,0.6,-0.06801940021336605,0.26088979933980083,2.608897993398008,-0.3289091995531669
selective_contact,vessel_invjac_selective_contact_repaired_jac_v2_20261008T143054Z,2,237,38.264716936746325,0.0015296969113350813,0.6,0.01338149035265701,0.2549494852225136,2.549494852225136,-0.2415679948698566
selective_contact,vessel_invjac_selective_contact_repaired_jac_v2_20261008T143054Z,2,238,38.41542450869635,0.0014960002121561732,0.6,0.3635286306357912,0.24933336869269554,2.4933336869269556,0.11419526194309568
selective_contact,vessel_invjac_selective_contact_repaired_jac_v2_20261008T143054Z,2,239,38.56577223102793,0.001514749777770916,0.6,0.4223855456436354,0.2524582962951527,2.5245829629515266,0.16992724934848272
selective_contact,vessel_invjac_selective_contact_repaired_jac_v2_20261008T143054Z,2,240,38.71705270128555,0.0015027579594373234,0.6,0.04846046023273942,0.25045965990622054,2.5045965990622054,-0.20199919967348112
selective_contact,vessel_invjac_selective_contact_repaired_jac_v2_20261008T143054Z,2,241,38.865928228646936,0.0014831263351395504,0.6,0.38623341516079535,0.24718772252325846,2.4718772252325842,0.13904569263753686
selective_contact,vessel_invjac_selective_contact_repaired_jac_v2_20261008T143054Z,2,242,39.015050142630166,0.001396346509160002,0.6,0.39494099196599564,0.2327244181933337,2.3272441819333367,0.16221657377266194
selective_contact,vessel_invjac_selective_contact_repaired_jac_v2_20261008T143054Z,2,243,39.14013450333702,0.0015404004588551734,0.6,0.22144745877562144,0.25673340980919557,2.5673340980919557,-0.03528595103357413
selective_contact,vessel_invjac_selective_contact_repaired_jac_v2_20261008T143054Z,2,244,39.28614397393909,0.0014086828815105448,0.6,0.13521403744149296,0.23478048025175746,2.3478048025175746,-0.09956644281026451
selective_contact,vessel_invjac_selective_contact_repaired_jac_v2_20261008T143054Z,2,245,39.42836984452573,0.001426706830562525,0.6,0.12165142356828085,0.23778447176042083,2.377844717604208,-0.11613304819214
selective_contact,vessel_invjac_selective_contact_repaired_jac_v2_20261008T143054Z,2,246,39.57545005421462,0.0015200346524676406,0.6,0.2657492559435539,0.2533391087446068,2.533391087446068,0.01241014719894712
selective_contact,vessel_invjac_selective_contact_repaired_jac_v2_20261008T143054Z,2,247,39.72941098168268,0.0015372857119855437,0.6,0.4321350727915032,0.256214285330924,2.5621428533092394,0.1759207874605792
selective_contact,vessel_invjac_selective_contact_repaired_jac_v2_20261008T143054Z,2,248,39.880627757963055,0.0014882524384864316,0.6,0.2552068950980626,0.24804207308107198,2.480420730810719,0.007164822016990651
selective_contact,vessel_invjac_selective_contact_repaired_jac_v2_20261008T143054Z,2,249,40.027932972945415,0.001460838440844483,0.6,0.40298819464441493,0.2434730734740805,2.434730734740805,0.1595151211703344
selective_contact,vessel_invjac_selective_contact_repaired_jac_v2_20261008T143054Z,2,250,40.172932395750024,0.0014384264549109488,0.6,0.22041319163948003,0.23973774248515814,2.3973774248515816,-0.019324550845678107
selective_contact,vessel_invjac_selective_contact_repaired_jac_v2_20261008T143054Z,2,251,40.31547250767495,0.0013993240757823261,0.6,-0.03923954118005213,0.23322067929705437,2.3322067929705437,-0.2724602204771065
selective_contact,vessel_invjac_selective_contact_repaired_jac_v2_20261008T143054Z,2,252,40.42843801070351,0.000938740586671558,0.6,-0.007318233746602232,0.15645676444525966,1.5645676444525967,-0.1637749981918619
selective_contact,vessel_invjac_selective_contact_repaired_jac_v2_20261008T143054Z,2,253,40.49257757544918,0.000313088566386768,0.6,0.13082879829316596,0.052181427731128,0.52181427731128,0.07864737056203795
selective_contact,vessel_invjac_selective_contact_repaired_jac_v2_20261008T143054Z,2,254,40.512768267068545,0.00048569731103995133,0.6,0.09016086986037664,0.0809495518399919,0.809495518399919,0.009211318020384728
selective_contact,vessel_invjac_selective_contact_repaired_jac_v2_20261008T143054Z,2,255,40.60110167241723,0.001054527816190912,0.6,-0.04009685809369756,0.17575463603181865,1.7575463603181865,-0.2158514941255162
selective_contact,vessel_invjac_selective_contact_repaired_jac_v2_20261008T143054Z,2,256,40.70000643848871,0.0009083102050321101,0.6,0.0288911571237378,0.15138503417201835,1.5138503417201836,-0.12249387704828056
selective_contact,vessel_invjac_selective_contact_repaired_jac_v2_20261008T143054Z,2,257,40.78791809527226,0.0009350103129569865,0.6,0.2757485997624869,0.15583505215949778,1.5583505215949776,0.11991354760298911
selective_contact,vessel_invjac_selective_contact_repaired_jac_v2_20261008T143054Z,2,258,40.906135792835556,0.0011889854917000798,0.6,0.1561444003702519,0.19816424861667997,1.9816424861667996,-0.04201984824642806
selective_contact,vessel_invjac_selective_contact_repaired_jac_v2_20261008T143054Z,2,259,41.02031247049011,0.0014455123280087362,0.6,0.13026080682356422,0.24091872133478942,2.4091872133478938,-0.1106579145112252
selective_contact,vessel_invjac_selective_contact_repaired_jac_v2_20261008T143054Z,2,260,41.164562831579005,0.0014344340702035093,0.6,0.1189422728686651,0.23907234503391822,2.3907234503391823,-0.12013007216525312
selective_contact,vessel_invjac_selective_contact_repaired_jac_v2_20261008T143054Z,2,261,41.30709039026245,0.001417032430626592,0.6,0.25601283768528305,0.2361720717710987,2.3617207177109867,0.019840765914184315
selective_contact,vessel_invjac_selective_contact_repaired_jac_v2_20261008T143054Z,2,262,41.44856727197873,0.0014155996878966505,0.6,0.18229663027852894,0.23593328131610844,2.359332813161084,-0.0536366510375795
selective_contact,vessel_invjac_selective_contact_repaired_jac_v2_20261008T143054Z,2,263,41.590395226225844,0.0014135959239864944,0.6,0.18828490451521418,0.23559932066441575,2.355993206644157,-0.047314416149201566
selective_contact,vessel_invjac_selective_contact_repaired_jac_v2_20261008T143054Z,2,264,41.72932899728439,0.0013549647279390464,0.6,0.28819292423739284,0.22582745465650775,2.2582745465650778,0.06236546958088507
selective_contact,vessel_invjac_selective_contact_repaired_jac_v2_20261008T143054Z,2,265,41.86199136477033,0.0013153188394435988,0.6,0.3468331397186404,0.21921980657393317,2.192198065739331,0.1276133331447072
selective_contact,vessel_invjac_selective_contact_repaired_jac_v2_20261008T143054Z,2,266,41.99669992346057,0.0014020452537416113,0.6,0.1195424609178346,0.23367420895693525,2.336742089569352,-0.11413174803910063
selective_contact,vessel_invjac_selective_contact_repaired_jac_v2_20261008T143054Z,2,267,42.1438780391019,0.001520033780743892,0.6,0.1574457977002126,0.2533389634573154,2.5333896345731532,-0.09589316575710276
selective_contact,vessel_invjac_selective_contact_repaired_jac_v2_20261008T143054Z,2,268,42.440045418378524,0.0014206085001009026,0.6,0.49309978248003716,0.23676808335015045,2.3676808335015043,0.2563316991298867
selective_contact,vessel_invjac_selective_contact_repaired_jac_v2_20261008T143054Z,2,269,42.58034290248694,0.0013936690702262271,0.6,0.11659693019207396,0.23227817837103784,2.322781783710379,-0.11568124817896389
selective_contact,vessel_invjac_selective_contact_repaired_jac_v2_20261008T143054Z,2,270,42.720896338105646,0.0014301419281909835,0.6,0.22264951225221807,0.23835698803183059,2.383569880318306,-0.015707475779612515
selective_contact,vessel_invjac_selective_contact_repaired_jac_v2_20261008T143054Z,2,271,42.720896338105646,0.0014301419281909835,0.6,0.2744222802340559,0.23835698803183059,2.383569880318306,0.03606529220222533
selective_contact,vessel_invjac_selective_contact_repaired_jac_v2_20261008T143054Z,2,272,42.867290497414615,0.001488680729415129,0.6,0.16244383779620364,0.2481134549025215,2.4811345490252155,-0.08566961710631789
selective_contact,vessel_invjac_selective_contact_repaired_jac_v2_20261008T143054Z,2,273,43.01530005879504,0.0014582135628714065,0.6,0.31842717516697405,0.2430355938119011,2.430355938119011,0.07539158135507296
selective_contact,vessel_invjac_selective_contact_repaired_jac_v2_20261008T143054Z,2,274,43.30096439531634,0.0014269068122354967,0.6,-0.1058119259773207,0.23781780203924943,2.3781780203924945,-0.3436297280165701
selective_contact,vessel_invjac_selective_contact_repaired_jac_v2_20261008T143054Z,2,275,43.4437308785399,0.0014243551028592686,0.6,-0.0032239107010170187,0.23739251714321147,2.3739251714321146,-0.2406164278442285
selective_contact,vessel_invjac_selective_contact_repaired_jac_v2_20261008T143054Z,2,276,43.58529754372246,0.0014108270354726122,0.6,0.2160202892308405,0.23513783924543538,2.3513783924543534,-0.019117550014594906
selective_contact,vessel_invjac_selective_contact_repaired_jac_v2_20261008T143054Z,2,277,43.72723617778703,0.0014363540579659586,0.6,0.4116908172229117,0.23939234299432646,2.393923429943264,0.1722984742285852
selective_contact,vessel_invjac_selective_contact_repaired_jac_v2_20261008T143054Z,2,278,43.72723617778703,0.0014363540579659586,0.6,0.39500965285111533,0.23939234299432646,2.393923429943264,0.15561730985678887
selective_contact,vessel_invjac_selective_contact_repaired_jac_v2_20261008T143054Z,2,279,43.87235481548312,0.001452335446756662,0.6,0.40619684442935977,0.242055907792777,2.4205590779277704,0.16414093663658275
selective_contact,vessel_invjac_selective_contact_repaired_jac_v2_20261008T143054Z,2,280,44.0139347684195,0.0013704801658831584,0.6,0.26039595590889775,0.2284133609805264,2.2841336098052643,0.03198259492837133
selective_contact,vessel_invjac_selective_contact_repaired_jac_v2_20261008T143054Z,2,281,44.2872578664595,0.0014537163144271127,0.6,-0.03521456591514749,0.24228605240451884,2.422860524045188,-0.2775006183196663
selective_contact,vessel_invjac_selective_contact_repaired_jac_v2_20261008T143054Z,2,282,44.437644393666865,0.0015288585116230331,0.6,0.05209032493692689,0.25480975193717226,2.548097519371722,-0.20271942700024534
selective_contact,vessel_invjac_selective_contact_repaired_jac_v2_20261008T143054Z,2,283,44.58755484671523,0.0014660746509562092,0.6,0.010301118122882258,0.24434577515936826,2.4434577515936824,-0.234044657036486
selective_contact,vessel_invjac_selective_contact_repaired_jac_v2_20261008T143054Z,2,284,44.731858995319726,0.0014265080558953586,0.6,0.3479418553214657,0.23775134264922645,2.3775134264922646,0.11019051267223927
selective_contact,vessel_invjac_selective_contact_repaired_jac_v2_20261008T143054Z,2,285,44.87382855615679,0.0014165916995685177,0.6,0.12971642901887748,0.23609861659475295,2.36098616594753,-0.10638218757587546
selective_contact,vessel_invjac_selective_contact_repaired_jac_v2_20261008T143054Z,2,286,45.0159598220508,0.0014288721523198207,0.6,0.23447517656461514,0.23814535871997014,2.3814535871997013,-0.003670182155355006
selective_contact,vessel_invjac_selective_contact_repaired_jac_v2_20261008T143054Z,2,287,45.0159598220508,0.0014288721523198207,0.6,0.1598121946163218,0.23814535871997014,2.3814535871997013,-0.07833316410364835
selective_contact,vessel_invjac_selective_contact_repaired_jac_v2_20261008T143054Z,2,288,45.30508431624137,0.00146256563149279,0.6,0.2949707950273819,0.24376093858213171,2.437609385821317,0.051209856445250196
selective_contact,vessel_invjac_selective_contact_repaired_jac_v2_20261008T143054Z,2,289,45.45435972598446,0.0015369342381519513,0.6,0.2761284526339267,0.2561557063586586,2.5615570635865854,0.019972746275268134
selective_contact,vessel_invjac_selective_contact_repaired_jac_v2_20261008T143054Z,2,290,45.61317908206006,0.0016076643352556635,0.6,0.4395095298501204,0.26794405587594394,2.679440558759439,0.1715654739741764
selective_contact,vessel_invjac_selective_contact_repaired_jac_v2_20261008T143054Z,2,291,45.76691830151027,0.0014430579854102638,0.6,0.15509298719958053,0.240509664235044,2.4050966423504394,-0.08541667703546348
selective_contact,vessel_invjac_selective_contact_repaired_jac_v2_20261008T143054Z,2,292,45.905271684271376,0.0013638107337270136,0.6,0.05051067360462014,0.2273017889545023,2.273017889545023,-0.17679111534988215
selective_contact,vessel_invjac_selective_contact_repaired_jac_v2_20261008T143054Z,2,293,46.04609612531795,0.0014791849702474073,0.6,0.19710938385085797,0.2465308283745679,2.4653082837456792,-0.04942144452370993
selective_contact,vessel_invjac_selective_contact_repaired_jac_v2_20261008T143054Z,2,294,46.199327204430176,0.0015564804645395182,0.6,0.40045189602134457,0.2594134107565864,2.5941341075658637,0.14103848526475812
selective_contact,vessel_invjac_selective_contact_repaired_jac_v2_20261008T143054Z,2,295,46.35248344168847,0.001505610538068587,0.6,0.07765069212248221,0.25093508967809786,2.5093508967809783,-0.17328439755561564
selective_contact,vessel_invjac_selective_contact_repaired_jac_v2_20261008T143054Z,2,296,46.50191427823787,0.0014908196323385127,0.6,0.16125719947338268,0.2484699387230855,2.4846993872308545,-0.08721273924970283
selective_contact,vessel_invjac_selective_contact_repaired_jac_v2_20261008T143054Z,2,297,46.6513151217566,0.0014956330046394762,0.6,0.3034725440336956,0.2492721674399127,2.492721674399127,0.054200376593782865
selective_contact,vessel_invjac_selective_contact_repaired_jac_v2_20261008T143054Z,2,298,46.80074626872192,0.001492013464538199,0.6,0.14080937774611613,0.24866891075636655,2.4866891075636652,-0.1078595330102504
selective_contact,vessel_invjac_selective_contact_repaired_jac_v2_20261008T143054Z,2,299,46.949793738606495,0.0014897236896216587,0.6,0.30565117445126333,0.24828728160360983,2.4828728160360978,0.0573638928476535
selective_contact,vessel_invjac_selective_contact_repaired_jac_v2_20261008T143054Z,2,300,47.09878768412961,0.001489675629210447,0.6,0.23054770770621502,0.2482792715350745,2.4827927153507447,-0.017731563828859466
selective_contact,vessel_invjac_selective_contact_repaired_jac_v2_20261008T143054Z,2,301,47.2475612310999,0.0014848936803538966,0.6,0.2628646938441008,0.24748228005898282,2.474822800589828,0.015382413785118024
selective_contact,vessel_invjac_selective_contact_repaired_jac_v2_20261008T143054Z,2,302,47.39523291853098,0.0014647046034493168,0.6,0.24053998322600734,0.2441174339082195,2.441174339082195,-0.0035774506822121408
selective_contact,vessel_invjac_selective_contact_repaired_jac_v2_20261008T143054Z,2,303,47.53983494545175,0.0014266500604517558,0.6,0.22824610322869887,0.23777501007529264,2.3777501007529267,-0.009528906846593771
selective_contact,vessel_invjac_selective_contact_repaired_jac_v2_20261008T143054Z,2,304,47.68147466613009,0.001412889915529058,0.6,0.15876084616155595,0.23548165258817635,2.3548165258817635,-0.0767208064266204
selective_contact,vessel_invjac_selective_contact_repaired_jac_v2_20261008T143054Z,2,305,47.823685989892155,0.0014342533877887607,0.6,0.2396758141142712,0.2390422312981268,2.3904223129812676,0.0006335828161443773
selective_contact,vessel_invjac_selective_contact_repaired_jac_v2_20261008T143054Z,2,306,47.96840387917648,0.0014599172682877727,0.6,0.21882317657229322,0.2433195447146288,2.433195447146288,-0.024496368142335564
selective_contact,vessel_invjac_selective_contact_repaired_jac_v2_20261008T143054Z,2,307,48.1154739818214,0.0014789676864633582,0.6,0.3674366408850176,0.24649461441055975,2.464946144105597,0.12094202647445784
selective_contact,vessel_invjac_selective_contact_repaired_jac_v2_20261008T143054Z,2,308,48.26355471961728,0.0014796837108966097,0.6,0.30343785295664105,0.24661395181610166,2.4661395181610164,0.05682390114053942
selective_contact,vessel_invjac_selective_contact_repaired_jac_v2_20261008T143054Z,2,309,48.411083858514246,0.0014704117090288532,0.6,0.16019595807374998,0.24506861817147557,2.4506861817147554,-0.08487266009772561
selective_contact,vessel_invjac_selective_contact_repaired_jac_v2_20261008T143054Z,2,310,48.55757547349404,0.0014597864418707254,0.6,-0.03575064864857325,0.24329774031178755,2.4329774031178757,-0.27904838896036077
selective_contact,vessel_invjac_selective_contact_repaired_jac_v2_20261008T143054Z,2,311,48.70342106093334,0.0014592004944872878,0.6,0.17288708982692214,0.243200082414548,2.43200082414548,-0.07031299258762584
selective_contact,vessel_invjac_selective_contact_repaired_jac_v2_20261008T143054Z,2,312,48.8494983802018,0.001457763005603821,0.6,0.28571581225887144,0.24296050093397017,2.429605009339702,0.04275531132490128
selective_contact,vessel_invjac_selective_contact_repaired_jac_v2_20261008T143054Z,2,313,48.99377562613576,0.001421754508222432,0.6,0.24179476379278952,0.23695908470373866,2.369590847037387,0.004835679089050852
selective_contact,vessel_invjac_selective_contact_repaired_jac_v2_20261008T143054Z,2,314,49.13426086345443,0.001396768223011817,0.6,0.11650126895718671,0.23279470383530282,2.3279470383530287,-0.11629343487811611
selective_contact,vessel_invjac_selective_contact_repaired_jac_v2_20261008T143054Z,2,315,49.27515064634276,0.001428879020969684,0.6,0.17267111453082862,0.23814650349494734,2.3814650349494735,-0.06547538896411874
selective_contact,vessel_invjac_selective_contact_repaired_jac_v2_20261008T143054Z,2,316,49.42018164674958,0.001466812427610868,0.6,0.07791021759484096,0.2444687379351447,2.4446873793514468,-0.16655852034030375
selective_contact,vessel_invjac_selective_contact_repaired_jac_v2_20261008T143054Z,2,317,49.56744976390904,0.0014720472304384192,0.6,0.11416653452962322,0.2453412050730699,2.4534120507306985,-0.13117467054344667
selective_contact,vessel_invjac_selective_contact_repaired_jac_v2_20261008T143054Z,2,318,49.712954364361444,0.0014308775957950594,0.6,0.35902981051081184,0.23847959929917661,2.384795992991766,0.12055021121163526
selective_contact,vessel_invjac_selective_contact_repaired_jac_v2_20261008T143054Z,2,319,49.85349766599284,0.0013918403676676373,0.6,0.35760647083699837,0.23197339461127292,2.319733946112729,0.12563307622572542
selective_contact,vessel_invjac_selective_contact_repaired_jac_v2_20261008T143054Z,2,320,49.99432483941775,0.0014414918266504088,0.6,0.18726828458714806,0.24024863777506814,2.4024863777506815,-0.0529803531879201
selective_contact,vessel_invjac_selective_contact_repaired_jac_v2_20261008T143054Z,2,321,50.1423824649234,0.0015037914846825963,0.6,-0.01266557025809334,0.2506319141137661,2.5063191411376606,-0.2632974843718594
selective_contact,vessel_invjac_selective_contact_repaired_jac_v2_20261008T143054Z,2,322,50.291387949522175,0.0014641117115413854,0.6,0.281064694625492,0.2440186185902309,2.4401861859023093,0.03704607603526106
selective_contact,vessel_invjac_selective_contact_repaired_jac_v2_20261008T143054Z,2,323,50.435956495567055,0.0014365482325566575,0.6,0.3327851354927631,0.2394247054261096,2.394247054261096,0.0933604300666535
selective_contact,vessel_invjac_selective_contact_repaired_jac_v2_20261008T143054Z,2,324,50.580368357183346,0.001451700121094666,0.6,-0.02246058828807662,0.24195002018244435,2.419500201824443,-0.264410608470521
selective_contact,vessel_invjac_selective_contact_repaired_jac_v2_20261008T143054Z,2,325,50.725409775830336,0.0014433521422844966,0.6,0.26904778269438623,0.24055869038074945,2.4055869038074946,0.028489092313636746
selective_contact,vessel_invjac_selective_contact_repaired_jac_v2_20261008T143054Z,2,326,50.86879100657942,0.001428637526755196,0.6,0.4507668790724324,0.23810625445919936,2.3810625445919937,0.21266062461323307
selective_contact,vessel_invjac_selective_contact_repaired_jac_v2_20261008T143054Z,2,327,51.012461924763635,0.0014495525420139114,0.6,0.018371882767226566,0.2415920903356519,2.415920903356519,-0.22322020756842534
selective_contact,vessel_invjac_selective_contact_repaired_jac_v2_20261008T143054Z,2,328,51.158098590914385,0.0014523984397858695,0.6,0.25924111287407925,0.24206640663097828,2.4206640663097825,0.017174706243100957
selective_contact,vessel_invjac_selective_contact_repaired_jac_v2_20261008T143054Z,2,329,51.301210984623744,0.001406622630141311,0.6,0.18952541914552512,0.2344371050235519,2.3443710502355186,-0.044911685878026755
selective_contact,vessel_invjac_selective_contact_repaired_jac_v2_20261008T143054Z,2,330,51.58213340209305,0.00142520494655122,0.6,0.5212039183252983,0.23753415775853667,2.375341577585367,0.28366976056676163
selective_contact,vessel_invjac_selective_contact_repaired_jac_v2_20261008T143054Z,2,331,51.58213340209305,0.00142520494655122,0.6,0.30665564950925983,0.23753415775853667,2.375341577585367,0.06912149175072316
selective_contact,vessel_invjac_selective_contact_repaired_jac_v2_20261008T143054Z,2,332,51.724221857258236,0.0014059606894284212,0.6,0.12268765439736029,0.23432678157140355,2.3432678157140354,-0.11163912717404326
selective_contact,vessel_invjac_selective_contact_repaired_jac_v2_20261008T143054Z,2,333,51.86255100312464,0.0013644251286655533,0.6,0.0380465724945509,0.22740418811092558,2.2740418811092553,-0.18935761561637468
selective_contact,vessel_invjac_selective_contact_repaired_jac_v2_20261008T143054Z,2,334,52.13424182041583,0.001363182729831339,0.6,0.1444827765494523,0.2271971216385565,2.271971216385565,-0.08271434508910419
selective_contact,vessel_invjac_selective_contact_repaired_jac_v2_20261008T143054Z,2,335,52.27084724490499,0.0013694955498661792,0.6,0.01312764421720658,0.22824925831102988,2.2824925831102987,-0.2151216140938233
selective_contact,vessel_invjac_selective_contact_repaired_jac_v2_20261008T143054Z,2,336,52.408781569846205,0.0013953341783213458,0.6,0.1261586722597272,0.232555696386891,2.3255569638689098,-0.1063970241271638
selective_contact,vessel_invjac_selective_contact_repaired_jac_v2_20261008T143054Z,2,337,52.550901496930386,0.0014456791891166994,0.6,0.010792662935116937,0.24094653151944992,2.409465315194499,-0.23015386858433298
selective_contact,vessel_invjac_selective_contact_repaired_jac_v2_20261008T143054Z,2,338,52.550901496930386,0.0014456791891166994,0.6,-0.008413706485207229,0.24094653151944992,2.409465315194499,-0.24936023800465718
selective_contact,vessel_invjac_selective_contact_repaired_jac_v2_20261008T143054Z,2,339,52.69428845966034,0.0014009788434240023,0.6,0.3795265230439213,0.23349647390400038,2.3349647390400037,0.14603004913992093
selective_contact,vessel_invjac_selective_contact_repaired_jac_v2_20261008T143054Z,2,340,52.82861830194953,0.0012971911682437686,0.6,0.29226627551836515,0.2161985280406281,2.161985280406281,0.07606774747773702
selective_contact,vessel_invjac_selective_contact_repaired_jac_v2_20261008T143054Z,2,341,53.091347840286296,0.0013707558800954446,0.6,-0.04965007025298007,0.2284593133492408,2.284593133492408,-0.27810938360222087
selective_contact,vessel_invjac_selective_contact_repaired_jac_v2_20261008T143054Z,2,342,53.22843730669046,0.0013503053136921276,0.6,0.1150808285308571,0.22505088561535463,2.2505088561535462,-0.10997005708449753
selective_contact,vessel_invjac_selective_contact_repaired_jac_v2_20261008T143054Z,2,343,53.360347081333146,0.0012981615387105741,0.6,0.1747256300806015,0.21636025645176235,2.163602564517624,-0.04163462637116086
selective_contact,vessel_invjac_selective_contact_repaired_jac_v2_20261008T143054Z,2,344,53.49085166786534,0.0013260494357407418,0.6,0.4025670499101608,0.22100823929012364,2.2100823929012368,0.18155881062003715
selective_contact,vessel_invjac_selective_contact_repaired_jac_v2_20261008T143054Z,2,345,53.49085166786534,0.0013260494357407418,0.6,0.227088611404632,0.22100823929012364,2.2100823929012368,0.006080372114508338
selective_contact,vessel_invjac_selective_contact_repaired_jac_v2_20261008T143054Z,2,346,53.62619917908356,0.0013716540973643734,0.6,0.02129843421594302,0.22860901622739557,2.286090162273956,-0.20731058201145255
selective_contact,vessel_invjac_selective_contact_repaired_jac_v2_20261008T143054Z,2,347,53.76206709818831,0.0013362031617178839,0.6,0.2810991882034415,0.22270052695298065,2.2270052695298066,0.05839866125046083
selective_contact,vessel_invjac_selective_contact_repaired_jac_v2_20261008T143054Z,2,348,54.026522238417286,0.0013516666332518542,0.6,0.46632675852779926,0.2252777722086424,2.2527777220864236,0.24104898631915686
selective_contact,vessel_invjac_selective_contact_repaired_jac_v2_20261008T143054Z,2,349,54.163470356869716,0.0013739878833442655,0.6,0.4169816413876859,0.22899798055737758,2.289979805573776,0.1879836608303083
selective_contact,vessel_invjac_selective_contact_repaired_jac_v2_20261008T143054Z,2,350,54.29913185548911,0.0013333891410078538,0.6,0.35216724653473364,0.22223152350130895,2.2223152350130895,0.12993572303342465
selective_contact,vessel_invjac_selective_contact_repaired_jac_v2_20261008T143054Z,2,351,54.431018137832574,0.0013108245708257215,0.6,0.030210739973881573,0.21847076180428693,2.1847076180428693,-0.18826002183040536
selective_contact,vessel_invjac_selective_contact_repaired_jac_v2_20261008T143054Z,2,352,54.562523845997916,0.001321911148422092,0.6,0.1587535491561738,0.22031852473701538,2.203185247370153,-0.06156497558084157
selective_contact,vessel_invjac_selective_contact_repaired_jac_v2_20261008T143054Z,2,353,54.562523845997916,0.001321911148422092,0.6,0.07946020596320835,0.22031852473701538,2.203185247370153,-0.14085831877380703
selective_contact,vessel_invjac_selective_contact_repaired_jac_v2_20261008T143054Z,2,354,54.69521074803496,0.0013304103801787203,0.6,0.22272836729514722,0.22173506336312007,2.2173506336312006,0.000993303932027165
selective_contact,vessel_invjac_selective_contact_repaired_jac_v2_20261008T143054Z,2,355,54.9586695912671,0.0012819387035102692,0.6,0.5756635137713673,0.2136564505850449,2.136564505850449,0.3620070631863224
selective_contact,vessel_invjac_selective_contact_repaired_jac_v2_20261008T143054Z,2,356,55.08417633835279,0.001234390460579253,0.6,0.5000459229113119,0.20573174342987552,2.0573174342987555,0.2943141794814364
selective_contact,vessel_invjac_selective_contact_repaired_jac_v2_20261008T143054Z,2,357,55.20718432869838,0.0012351888938885167,0.6,0.06059146948955174,0.20586481564808615,2.0586481564808614,-0.1452733461585344
selective_contact,vessel_invjac_selective_contact_repaired_jac_v2_20261008T143054Z,2,358,55.33246858379273,0.0012706839979716145,0.6,0.28067468599302714,0.21178066632860243,2.1178066632860246,0.06889401966442472
selective_contact,vessel_invjac_selective_contact_repaired_jac_v2_20261008T143054Z,2,359,55.46057460989679,0.0012860887125976735,0.6,0.3166765258213644,0.21434811876627893,2.1434811876627893,0.10232840705508549
selective_contact,vessel_invjac_selective_contact_repaired_jac_v2_20261008T143054Z,2,360,55.46057460989679,0.0012860887125976735,0.6,0.3415230443067543,0.21434811876627893,2.1434811876627893,0.12717492554047535
selective_contact,vessel_invjac_selective_contact_repaired_jac_v2_20261008T143054Z,2,361,55.58895049515823,0.0012802888223698032,0.6,0.17592918222751308,0.21338147039496724,2.133814703949672,-0.03745228816745417
selective_contact,vessel_invjac_selective_contact_repaired_jac_v2_20261008T143054Z,2,362,55.71669894488865,0.0012752871278614835,0.6,0.1847172197144218,0.21254785464358059,2.125478546435806,-0.02783063492915879
selective_contact,vessel_invjac_selective_contact_repaired_jac_v2_20261008T143054Z,2,363,55.97182372101195,0.0012804068413747162,0.6,0.527467646615996,0.2134011402291194,2.134011402291194,0.31406650638687655
selective_contact,vessel_invjac_selective_contact_repaired_jac_v2_20261008T143054Z,2,364,56.09985785803347,0.001272922996065306,0.6,0.23035208035874888,0.21215383267755103,2.1215383267755104,0.01819824768119785
selective_contact,vessel_invjac_selective_contact_repaired_jac_v2_20261008T143054Z,2,365,56.22488577134294,0.0012198344799195012,0.6,0.22008496808779654,0.2033057466532502,2.0330574665325023,0.016779221434546313
selective_contact,vessel_invjac_selective_contact_repaired_jac_v2_20261008T143054Z,2,366,56.34385203573139,0.0011688555686575623,0.6,0.3502677381344199,0.19480926144292707,1.9480926144292707,0.15545847669149288
selective_contact,vessel_invjac_selective_contact_repaired_jac_v2_20261008T143054Z,2,367,56.34385203573139,0.0011688555686575623,0.6,0.34235507133551124,0.19480926144292707,1.9480926144292707,0.1475458098925842
selective_contact,vessel_invjac_selective_contact_repaired_jac_v2_20261008T143054Z,2,368,56.46065279596683,0.0011794242714851253,0.6,0.4363309105993949,0.19657071191418757,1.9657071191418758,0.23976019868520734
selective_contact,vessel_invjac_selective_contact_repaired_jac_v2_20261008T143054Z,2,369,56.581215743140675,0.0012313741335015587,0.6,0.3535356296851049,0.20522902225025982,2.052290222502598,0.14830660743484506
selective_contact,vessel_invjac_selective_contact_repaired_jac_v2_20261008T143054Z,2,370,56.82970405256594,0.001231336997895776,0.6,0.2674237058453741,0.20522283298262933,2.0522283298262938,0.062200872862744776
selective_contact,vessel_invjac_selective_contact_repaired_jac_v2_20261008T143054Z,2,371,56.95240949254054,0.0012257692960764932,0.6,0.18510968909027525,0.20429488267941556,2.0429488267941553,-0.01918519358914031
selective_contact,vessel_invjac_selective_contact_repaired_jac_v2_20261008T143054Z,2,372,57.07522453171446,0.0012291456167834837,0.6,0.20053870678307817,0.2048576027972473,2.048576027972473,-0.004318896014169146
selective_contact,vessel_invjac_selective_contact_repaired_jac_v2_20261008T143054Z,2,373,57.197563798291256,0.0012141461828253765,0.6,0.3401424352076532,0.20235769713756277,2.0235769713756273,0.13778473807009042
selective_contact,vessel_invjac_selective_contact_repaired_jac_v2_20261008T143054Z,2,374,57.31745548853514,0.0011827009887173127,0.6,0.49146271489048843,0.19711683145288547,1.9711683145288545,0.29434588343760293
selective_contact,vessel_invjac_selective_contact_repaired_jac_v2_20261008T143054Z,2,375,57.43413620796705,0.0011512077221255048,0.6,0.15876895594265505,0.19186795368758416,1.9186795368758416,-0.033098997744929116
selective_contact,vessel_invjac_selective_contact_repaired_jac_v2_20261008T143054Z,2,376,57.54791848515064,0.0011286710274969424,0.6,0.12505149808223592,0.18811183791615707,1.8811183791615707,-0.06306033983392113
selective_contact,vessel_invjac_selective_contact_repaired_jac_v2_20261008T143054Z,2,377,57.66158631171644,0.0011562006250943136,0.6,0.3461092274891797,0.19270010418238562,1.9270010418238561,0.1534091233067941
selective_contact,vessel_invjac_selective_contact_repaired_jac_v2_20261008T143054Z,2,378,57.781398077961455,0.0012488944215576702,0.6,0.4917744970739051,0.20814907025961174,2.0814907025961173,0.28362542681429337
selective_contact,vessel_invjac_selective_contact_repaired_jac_v2_20261008T143054Z,2,379,57.90977439326018,0.0012948116869675177,0.6,0.490956907709716,0.21580194782791964,2.158019478279196,0.27515495988179645
selective_contact,vessel_invjac_selective_contact_repaired_jac_v2_20261008T143054Z,2,380,58.036419915267295,0.0012277610955069701,0.6,0.19968624037296223,0.2046268492511617,2.046268492511617,-0.0049406088781994775
selective_contact,vessel_invjac_selective_contact_repaired_jac_v2_20261008T143054Z,2,381,58.15692398932813,0.0011993737038152868,0.6,0.28191774235965994,0.19989561730254782,1.9989561730254781,0.08202212505711211
selective_contact,vessel_invjac_selective_contact_repaired_jac_v2_20261008T143054Z,2,382,58.27894399482107,0.001252167760469278,0.6,0.49329234451485604,0.20869462674487968,2.0869462674487966,0.28459771776997644
selective_contact,vessel_invjac_selective_contact_repaired_jac_v2_20261008T143054Z,2,383,58.40684726401893,0.0012920928787944453,0.6,0.38987874659099475,0.21534881313240756,2.1534881313240755,0.17452993345858717
selective_contact,vessel_invjac_selective_contact_repaired_jac_v2_20261008T143054Z,2,384,58.534969075340776,0.0012615064380730003,0.6,0.43168349746934354,0.21025107301216675,2.1025107301216672,0.22143242445717679
selective_contact,vessel_invjac_selective_contact_repaired_jac_v2_20261008T143054Z,2,385,58.65939580895571,0.0012331369606465737,0.6,0.629670887701657,0.20552282677442898,2.0552282677442895,0.42414806092722807
selective_contact,vessel_invjac_selective_contact_repaired_jac_v2_20261008T143054Z,2,386,58.782536619713724,0.0012349526068162777,0.6,0.5929014560801775,0.20582543446937965,2.0582543446937964,0.38707602161079785
selective_contact,vessel_invjac_selective_contact_repaired_jac_v2_20261008T143054Z,2,387,58.90721536763331,0.0012637487128424058,0.6,0.37579821167406635,0.21062478547373434,2.1062478547373433,0.165173426200332
selective_contact,vessel_invjac_selective_contact_repaired_jac_v2_20261008T143054Z,2,388,59.03604096115957,0.001307389293673689,0.6,0.6979831517177715,0.2178982156122815,2.178982156122815,0.48008493610548997
selective_contact,vessel_invjac_selective_contact_repaired_jac_v2_20261008T143054Z,2,389,59.16407827209815,0.0012209901581691628,0.6,0.7446364480525887,0.2034983596948605,2.0349835969486048,0.5411380883577281
selective_contact,vessel_invjac_selective_contact_repaired_jac_v2_20261008T143054Z,2,390,59.27734685853494,0.0010510015471244154,0.6,0.7422893879331554,0.1751669245207359,1.7516692452073592,0.5671224634124195
selective_contact,vessel_invjac_selective_contact_repaired_jac_v2_20261008T143054Z,2,391,59.37809577928972,0.0009885758676580288,0.6,0.714241668904954,0.16476264460967147,1.6476264460967145,0.5494790242952825
selective_contact,vessel_invjac_selective_contact_repaired_jac_v2_20261008T143054Z,2,392,59.48039256103689,0.001083662384758318,0.6,0.8075096557507777,0.18061039745971968,1.806103974597197,0.626899258291058
selective_contact,vessel_invjac_selective_contact_repaired_jac_v2_20261008T143054Z,2,393,59.59923601204488,0.001297325979485666,0.6,0.7535392364844924,0.21622099658094435,2.1622099658094434,0.537318239903548
selective_contact,vessel_invjac_selective_contact_repaired_jac_v2_20261008T143054Z,2,394,59.73521182384114,0.0013772052074998739,0.6,0.9492714098805379,0.22953420124997903,2.29534201249979,0.7197372086305589
selective_contact,vessel_invjac_selective_contact_repaired_jac_v2_20261008T143054Z,2,395,59.86953005515581,0.0013080561372625756,0.6,1.0773929489261462,0.21800935621042927,2.1800935621042927,0.8593835927157168
selective_contact,vessel_invjac_selective_contact_repaired_jac_v2_20261008T143054Z,2,396,59.99791433598673,0.0012634533987911924,0.6,0.9607682715016921,0.21057556646519876,2.1057556646519875,0.7501927050364934
selective_contact,vessel_invjac_selective_contact_repaired_jac_v2_20261008T143054Z,2,397,60.122198328161794,0.0012190532758309634,0.6,0.8369077180522524,0.20317554597182724,2.0317554597182728,0.6337321720804251
selective_contact,vessel_invjac_selective_contact_repaired_jac_v2_20261008T143054Z,2,398,60.24099490014964,0.0011548024017919694,0.6,1.1068332600015154,0.19246706696532825,1.9246706696532823,0.914366193036187
selective_contact,vessel_invjac_selective_contact_repaired_jac_v2_20261008T143054Z,2,399,60.35436989492524,0.0011255052790551802,0.6,1.3364239881843005,0.18758421317586338,1.8758421317586338,1.148839775008437
selective_contact,vessel_invjac_selective_contact_repaired_jac_v2_20261008T143054Z,2,400,60.46886170833046,0.0011832339776300994,0.6,1.334955187944594,0.1972056629383499,1.9720566293834991,1.1377495250062442
selective_contact,vessel_invjac_selective_contact_repaired_jac_v2_20261008T143054Z,2,401,60.592545493374814,0.001275482672724751,0.6,1.4806003695242822,0.21258044545412516,2.1258044545412518,1.268019924070157
selective_contact,vessel_invjac_selective_contact_repaired_jac_v2_20261008T143054Z,2,402,60.71856027162954,0.0012127686155445564,0.6,1.5913686987527669,0.20212810259075942,2.021281025907594,1.3892405961620076
selective_contact,vessel_invjac_selective_contact_repaired_jac_v2_20261008T143054Z,2,403,60.83359561744981,0.001105855372564739,0.6,1.8480823004127558,0.18430922876078987,1.8430922876078983,1.6637730716519659
selective_contact,vessel_invjac_selective_contact_repaired_jac_v2_20261008T143054Z,2,404,60.94390179590326,0.0011213091443546294,0.6,2.0600624560007788,0.18688485739243826,1.8688485739243823,1.8731775986083405
selective_contact,vessel_invjac_selective_contact_repaired_jac_v2_20261008T143054Z,2,405,61.062275636373265,0.0012500182861565508,0.6,1.949948878441809,0.20833638102609184,2.083363810260918,1.7416124974157172
selective_contact,vessel_invjac_selective_contact_repaired_jac_v2_20261008T143054Z,2,406,61.18734762473393,0.0012218371257760883,0.6,2.013584354695759,0.2036395209626814,2.036395209626814,1.8099448337330775
selective_contact,vessel_invjac_selective_contact_repaired_jac_v2_20261008T143054Z,2,407,61.30133767557936,0.0010667954601144521,0.6,2.0819250323486003,0.1777992433524087,1.777992433524087,1.9041257889961918
selective_contact,vessel_invjac_selective_contact_repaired_jac_v2_20261008T143054Z,2,408,61.40508016268515,0.0010309094986278003,0.6,2.319107800789901,0.17181824977130006,1.7181824977130005,2.1472895510186008
selective_contact,vessel_invjac_selective_contact_repaired_jac_v2_20261008T143054Z,2,409,61.51119835544099,0.00111224708289412,0.6,2.296173243912392,0.18537451381568668,1.8537451381568668,2.1107987300967053
selective_contact,vessel_invjac_selective_contact_repaired_jac_v2_20261008T143054Z,2,410,61.62909493863886,0.0012357034841194467,0.6,2.315458898513917,0.20595058068657449,2.0595058068657446,2.1095083178273426
selective_contact,vessel_invjac_selective_contact_repaired_jac_v2_20261008T143054Z,2,411,61.754463698457364,0.00125359975980419,0.6,2.7022174383328235,0.20893329330069835,2.0893329330069834,2.493284145032125
selective_contact,vessel_invjac_selective_contact_repaired_jac_v2_20261008T143054Z,2,412,61.87737851922005,0.0012040453369552217,0.6,2.7614339447809115,0.2006742228258703,2.006742228258703,2.5607597219550415
selective_contact,vessel_invjac_selective_contact_repaired_jac_v2_20261008T143054Z,2,413,61.99514973476823,0.0011511211687851952,0.6,2.6850494941571483,0.1918535281308659,1.9185352813086587,2.4931959660262826
selective_contact,vessel_invjac_selective_contact_repaired_jac_v2_20261008T143054Z,2,414,62.10886764139445,0.0011335792131864245,0.6,2.8536244158251662,0.1889298688644041,1.8892986886440408,2.6646945469607624
selective_contact,vessel_invjac_selective_contact_repaired_jac_v2_20261008T143054Z,2,415,62.22428225356467,0.0011902258081019357,0.6,3.089141122362456,0.1983709680169893,1.9837096801698928,2.8907701543454665
selective_contact,vessel_invjac_selective_contact_repaired_jac_v3_20261008T143329Z,3,0,3.844898480634536e-06,0.0,0.6,3.844898480634536e-06,0.0,0.0,3.844898480634536e-06
selective_contact,vessel_invjac_selective_contact_repaired_jac_v3_20261008T143329Z,3,1,0.0028631890992707426,5.7186884015802154e-05,0.6,0.0028631890992707426,0.009531147335967025,0.09531147335967026,-0.006667958236696283
selective_contact,vessel_invjac_selective_contact_repaired_jac_v3_20261008T143329Z,3,2,0.011441221701641068,0.00011437376803160431,0.6,0.011441221701641068,0.01906229467193405,0.19062294671934052,-0.007621072970292984
selective_contact,vessel_invjac_selective_contact_repaired_jac_v3_20261008T143329Z,3,3,0.02573794270559161,0.00017156065204740648,0.6,0.02573794270559161,0.02859344200790108,0.2859344200790108,-0.0028554993023094714
selective_contact,vessel_invjac_selective_contact_repaired_jac_v3_20261008T143329Z,3,4,0.045753352111122365,0.00022874753606320862,0.6,0.045753352111122365,0.0381245893438681,0.38124589343868104,0.007628762767254262
selective_contact,vessel_invjac_selective_contact_repaired_jac_v3_20261008T143329Z,3,5,0.07127290519262937,0.00027272064941796694,0.6,0.07127290519262937,0.04545344156966117,0.4545344156966116,0.0258194636229682
selective_contact,vessel_invjac_selective_contact_repaired_jac_v3_20261008T143329Z,3,6,0.09936973000098082,0.0002892158467490614,0.6,0.09936973000098082,0.048202641124843564,0.4820264112484357,0.051167088876137246
selective_contact,vessel_invjac_selective_contact_repaired_jac_v3_20261008T143329Z,3,7,0.12914573739369498,0.0003101053670244255,0.6,0.12914573739369498,0.051684227837404256,0.5168422783740425,0.07746150955629072
selective_contact,vessel_invjac_selective_contact_repaired_jac_v3_20261008T143329Z,3,8,0.16260849670840183,0.0003591498192697113,0.6,0.16260849670840183,0.05985830321161856,0.5985830321161855,0.10275019349678327
selective_contact,vessel_invjac_selective_contact_repaired_jac_v3_20261008T143329Z,3,9,0.20122498103708436,0.0004229948213487147,0.6,0.20122498103708436,0.07049913689145246,0.7049913689145244,0.1307258441456319
selective_contact,vessel_invjac_selective_contact_repaired_jac_v3_20261008T143329Z,3,10,0.24817357743622837,0.0005159771066341652,0.6,0.24817357743622837,0.08599618443902754,0.8599618443902753,0.1621773929972008
selective_contact,vessel_invjac_selective_contact_repaired_jac_v3_20261008T143329Z,3,11,0.30404088016050906,0.0006010907176689207,0.6,0.30404088016050906,0.10018178627815347,1.0018178627815344,0.20385909388235565
selective_contact,vessel_invjac_selective_contact_repaired_jac_v3_20261008T143329Z,3,12,0.37273325943491403,0.0007868259372384436,0.6,0.37273325943491403,0.1311376562064073,1.3113765620640727,0.2415956032285067
selective_contact,vessel_invjac_selective_contact_repaired_jac_v3_20261008T143329Z,3,13,0.4282819587522105,0.0003044694537592763,0.6,0.4282819587522105,0.05074490895987938,0.5074490895987939,0.37753704979233105
selective_contact,vessel_invjac_selective_contact_repaired_jac_v3_20261008T143329Z,3,14,0.4429867696927522,0.00027815696824792487,0.6,0.4429867696927522,0.04635949470798748,0.4635949470798748,0.3966272749847647
selective_contact,vessel_invjac_selective_contact_repaired_jac_v3_20261008T143329Z,3,15,0.505993093045208,0.000955982457846006,0.6,0.505993093045208,0.159330409641001,1.59330409641001,0.346662683404207
selective_contact,vessel_invjac_selective_contact_repaired_jac_v3_20261008T143329Z,3,16,0.6023298197178989,0.0006640011772858505,0.6,0.6023298197178989,0.11066686288097509,1.106668628809751,0.49166295683692385
selective_contact,vessel_invjac_selective_contact_repaired_jac_v3_20261008T143329Z,3,17,0.6309222100071165,0.0003733411385356965,0.6,0.6309222100071165,0.06222352308928275,0.6222352308928275,0.5686986869178337
selective_contact,vessel_invjac_selective_contact_repaired_jac_v3_20261008T143329Z,3,18,0.7271339037178958,0.0015508927356798878,0.6,0.7271339037178958,0.25848212261331466,2.5848212261331462,0.4686517811045811
selective_contact,vessel_invjac_selective_contact_repaired_jac_v3_20261008T143329Z,3,19,0.9322385585164984,0.002301951821204965,0.6,0.9322385585164984,0.38365863686749424,3.836586368674942,0.5485799216490042
selective_contact,vessel_invjac_selective_contact_repaired_jac_v3_20261008T143329Z,3,20,1.162433740636995,0.002301951821204965,0.6,1.162433740636995,0.38365863686749424,3.836586368674942,0.7787751037695007
selective_contact,vessel_invjac_selective_contact_repaired_jac_v3_20261008T143329Z,3,21,1.3926289227574926,0.002301951821204965,0.6,1.3926289227574926,0.38365863686749424,3.836586368674942,1.0089702858899985
selective_contact,vessel_invjac_selective_contact_repaired_jac_v3_20261008T143329Z,3,22,1.6228241048779894,0.002301951821204965,0.6,1.43570792110389,0.38365863686749424,3.836586368674942,1.0520492842363955
selective_contact,vessel_invjac_selective_contact_repaired_jac_v3_20261008T143329Z,3,23,1.8530192869984865,0.002301951821204965,0.6,0.6500912282176885,0.38365863686749424,3.836586368674942,0.2664325913501942
selective_contact,vessel_invjac_selective_contact_repaired_jac_v3_20261008T143329Z,3,24,2.0832144691189844,0.002301951821204965,0.6,0.990775538322002,0.38365863686749424,3.836586368674942,0.6071169014545079
selective_contact,vessel_invjac_selective_contact_repaired_jac_v3_20261008T143329Z,3,25,2.3134096512394797,0.002301951821204965,0.6,0.6291633534009402,0.38365863686749424,3.836586368674942,0.24550471653344597
selective_contact,vessel_invjac_selective_contact_repaired_jac_v3_20261008T143329Z,3,26,2.543604833359978,0.002301951821204965,0.6,0.8284013458171555,0.38365863686749424,3.836586368674942,0.4447427089496613
selective_contact,vessel_invjac_selective_contact_repaired_jac_v3_20261008T143329Z,3,27,2.7738000154804716,0.002301951821204965,0.6,0.26613300544067586,0.38365863686749424,3.836586368674942,-0.11752563142681838
selective_contact,vessel_invjac_selective_contact_repaired_jac_v3_20261008T143329Z,3,28,3.2341903797214626,0.002301951821204965,0.6,0.5404399607470158,0.38365863686749424,3.836586368674942,0.15678132387952165
selective_contact,vessel_invjac_selective_contact_repaired_jac_v3_20261008T143329Z,3,29,3.4643855618419557,0.002301951821204965,0.6,0.36490538368455727,0.38365863686749424,3.836586368674942,-0.01875325318293695
selective_contact,vessel_invjac_selective_contact_repaired_jac_v3_20261008T143329Z,3,30,3.694580743962451,0.002301951821204965,0.6,0.5699364099010422,0.38365863686749424,3.836586368674942,0.18627777303354798
selective_contact,vessel_invjac_selective_contact_repaired_jac_v3_20261008T143329Z,3,31,3.694580743962451,0.002301951821204965,0.6,0.12788685994194982,0.38365863686749424,3.836586368674942,-0.2557717769255444
selective_contact,vessel_invjac_selective_contact_repaired_jac_v3_20261008T143329Z,3,32,3.9247759260829467,0.002301951821204965,0.6,0.08205261082997994,0.38365863686749424,3.836586368674942,-0.30160602603751424
selective_contact,vessel_invjac_selective_contact_repaired_jac_v3_20261008T143329Z,3,33,4.1549711082034415,0.002301951821204965,0.6,0.3722806174428741,0.38365863686749424,3.836586368674942,-0.0113780194246201
selective_contact,vessel_invjac_selective_contact_repaired_jac_v3_20261008T143329Z,3,34,4.615361472444431,0.002301951821204965,0.6,0.750998653650043,0.38365863686749424,3.836586368674942,0.36734001678254885
selective_contact,vessel_invjac_selective_contact_repaired_jac_v3_20261008T143329Z,3,35,4.845556654564926,0.002301951821204965,0.6,1.02619447563286,0.38365863686749424,3.836586368674942,0.6425358387653657
selective_contact,vessel_invjac_selective_contact_repaired_jac_v3_20261008T143329Z,3,36,5.07575183668542,0.002301951821204965,0.6,0.8838040338412769,0.38365863686749424,3.836586368674942,0.5001453969737828
selective_contact,vessel_invjac_selective_contact_repaired_jac_v3_20261008T143329Z,3,37,5.305947018805916,0.002301951821204965,0.6,1.1580110722841583,0.38365863686749424,3.836586368674942,0.7743524354166641
selective_contact,vessel_invjac_selective_contact_repaired_jac_v3_20261008T143329Z,3,38,5.305947018805916,0.002301951821204965,0.6,1.165796175854462,0.38365863686749424,3.836586368674942,0.7821375389869676
selective_contact,vessel_invjac_selective_contact_repaired_jac_v3_20261008T143329Z,3,39,5.766337383046903,0.002301951821204965,0.6,0.7017369295151159,0.38365863686749424,3.836586368674942,0.3180782926476217
selective_contact,vessel_invjac_selective_contact_repaired_jac_v3_20261008T143329Z,3,40,5.766337383046903,0.002301951821204965,0.6,0.8011111282955943,0.38365863686749424,3.836586368674942,0.41745249142810004
selective_contact,vessel_invjac_selective_contact_repaired_jac_v3_20261008T143329Z,3,41,6.226727747287894,0.002301951821204965,0.6,1.1306582599860855,0.38365863686749424,3.836586368674942,0.7469996231185912
selective_contact,vessel_invjac_selective_contact_repaired_jac_v3_20261008T143329Z,3,42,6.456922929408388,0.002301951821204965,0.6,1.4232883917290753,0.38365863686749424,3.836586368674942,1.039629754861581
selective_contact,vessel_invjac_selective_contact_repaired_jac_v3_20261008T143329Z,3,43,6.687118111528883,0.002301951821204965,0.6,1.2448747745965223,0.38365863686749424,3.836586368674942,0.861216137729028
selective_contact,vessel_invjac_selective_contact_repaired_jac_v3_20261008T143329Z,3,44,6.917313293649377,0.002301951821204965,0.6,1.1227046691451363,0.38365863686749424,3.836586368674942,0.7390460322776422
selective_contact,vessel_invjac_selective_contact_repaired_jac_v3_20261008T143329Z,3,45,7.1475084757698735,0.002301951821204965,0.6,0.8380448738731845,0.38365863686749424,3.836586368674942,0.45438623700569025
selective_contact,vessel_invjac_selective_contact_repaired_jac_v3_20261008T143329Z,3,46,7.377703657890367,0.002301951821204965,0.6,1.0881695779756768,0.38365863686749424,3.836586368674942,0.7045109411081826
selective_contact,vessel_invjac_selective_contact_repaired_jac_v3_20261008T143329Z,3,47,7.607520780298999,0.0022636094779532848,0.6,1.2975511599461722,0.3772682463255475,3.7726824632554745,0.9202829136206249
selective_contact,vessel_invjac_selective_contact_repaired_jac_v3_20261008T143329Z,3,48,7.797774137881475,0.0015428697949552755,0.6,0.9558671277706088,0.2571449658258793,2.5714496582587927,0.6987221619447295
selective_contact,vessel_invjac_selective_contact_repaired_jac_v3_20261008T143329Z,3,49,7.935612872060842,0.0012955740375088986,0.6,0.7856606728223907,0.21592900625148315,2.1592900625148315,0.5697316665709075
selective_contact,vessel_invjac_selective_contact_repaired_jac_v3_20261008T143329Z,3,50,8.067174081946284,0.0013505298312192562,0.6,-0.2023984298288095,0.22508830520320938,2.2508830520320937,-0.4274867350320189
selective_contact,vessel_invjac_selective_contact_repaired_jac_v3_20261008T143329Z,3,51,8.204452235365263,0.0013826045986445525,0.6,0.07574002655134926,0.23043409977409213,2.304340997740921,-0.15469407322274287
selective_contact,vessel_invjac_selective_contact_repaired_jac_v3_20261008T143329Z,3,52,8.341696958414735,0.0013611986382208066,0.6,0.06172268958887628,0.2268664397034678,2.268664397034678,-0.1651437501145915
selective_contact,vessel_invjac_selective_contact_repaired_jac_v3_20261008T143329Z,3,53,8.477263727120345,0.001353948932958874,0.6,0.3099976646921778,0.22565815549314566,2.256581554931457,0.08433950919903214
selective_contact,vessel_invjac_selective_contact_repaired_jac_v3_20261008T143329Z,3,54,8.61285946036703,0.0013578487601446307,0.6,0.22717378079877193,0.2263081266907718,2.263081266907718,0.0008656541080001448
selective_contact,vessel_invjac_selective_contact_repaired_jac_v3_20261008T143329Z,3,55,8.748651428902608,0.0013571263610505954,0.6,0.2963913881801332,0.2261877268417659,2.261877268417659,0.07020366133836733
selective_contact,vessel_invjac_selective_contact_repaired_jac_v3_20261008T143329Z,3,56,8.884215543433523,0.0013544341026526913,0.6,0.24941762667078748,0.22573901710878191,2.257390171087819,0.02367860956200554
selective_contact,vessel_invjac_selective_contact_repaired_jac_v3_20261008T143329Z,3,57,9.019604669279351,0.0013535609037667996,0.6,0.22659866389496308,0.22559348396113327,2.255934839611333,0.0010051799338298205
selective_contact,vessel_invjac_selective_contact_repaired_jac_v3_20261008T143329Z,3,58,9.154908502474171,0.0013521388757325237,0.6,0.30009056641400456,0.225356479288754,2.2535647928875395,0.07473408712525055
selective_contact,vessel_invjac_selective_contact_repaired_jac_v3_20261008T143329Z,3,59,9.289975100128364,0.0013492314310330049,0.6,0.3616363071640851,0.22487190517216749,2.248719051721675,0.1367644019919176
selective_contact,vessel_invjac_selective_contact_repaired_jac_v3_20261008T143329Z,3,60,9.424901863392007,0.0013504198830756443,0.6,0.37147086308041644,0.2250699805126074,2.250699805126074,0.146400882567809
selective_contact,vessel_invjac_selective_contact_repaired_jac_v3_20261008T143329Z,3,61,9.560278852200549,0.001358157725627257,0.6,0.6099115993593038,0.2263596209378762,2.2635962093787616,0.38355197842142763
selective_contact,vessel_invjac_selective_contact_repaired_jac_v3_20261008T143329Z,3,62,9.696792812567237,0.0013732660262342918,0.6,0.2388341312109521,0.22887767103904866,2.288776710390487,0.009956460171903441
selective_contact,vessel_invjac_selective_contact_repaired_jac_v3_20261008T143329Z,3,63,9.835089585455204,0.0013913214889459669,0.6,0.632446198535245,0.23188691482432783,2.3188691482432784,0.4005592837109171
selective_contact,vessel_invjac_selective_contact_repaired_jac_v3_20261008T143329Z,3,64,9.974579660977179,0.0013955073464515157,0.6,0.33450651668045595,0.2325845577419193,2.325845577419193,0.10192195893853664
selective_contact,vessel_invjac_selective_contact_repaired_jac_v3_20261008T143329Z,3,65,10.11387523084685,0.001390383305929669,0.6,0.6433330628718767,0.23173055098827816,2.317305509882782,0.41160251188359853
selective_contact,vessel_invjac_selective_contact_repaired_jac_v3_20261008T143329Z,3,66,10.252777459566557,0.0013882237412341668,0.6,0.6398044821987341,0.23137062353902782,2.313706235390278,0.4084338586597063
selective_contact,vessel_invjac_selective_contact_repaired_jac_v3_20261008T143329Z,3,67,10.391569112834159,0.0013874728685137735,0.6,0.5829378234055458,0.23124547808562892,2.312454780856289,0.3516923453199168
selective_contact,vessel_invjac_selective_contact_repaired_jac_v3_20261008T143329Z,3,68,10.530244087129185,0.0013858983994001115,0.6,0.4465445818316951,0.23098306656668524,2.3098306656668526,0.21556151526500983
selective_contact,vessel_invjac_selective_contact_repaired_jac_v3_20261008T143329Z,3,69,10.668735268375018,0.0013838817319817354,0.6,0.5725138265675529,0.23064695533028926,2.3064695533028923,0.3418668712372636
selective_contact,vessel_invjac_selective_contact_repaired_jac_v3_20261008T143329Z,3,70,10.80701677818435,0.0013818295091434277,0.6,0.8229830351985523,0.2303049181905713,2.303049181905713,0.592678117007981
selective_contact,vessel_invjac_selective_contact_repaired_jac_v3_20261008T143329Z,3,71,10.945159805753553,0.0013813299946486425,0.6,0.7753536725379,0.2302216657747738,2.3022166577477376,0.5451320067631262
selective_contact,vessel_invjac_selective_contact_repaired_jac_v3_20261008T143329Z,3,72,11.08330657745792,0.0013808869722242666,0.6,0.5795918066774224,0.23014782870404443,2.301478287040444,0.349443977973378
selective_contact,vessel_invjac_selective_contact_repaired_jac_v3_20261008T143329Z,3,73,11.221118074071585,0.001374056127410416,0.6,0.7699822809308241,0.2290093545684027,2.2900935456840266,0.5409729263624213
selective_contact,vessel_invjac_selective_contact_repaired_jac_v3_20261008T143329Z,3,74,11.358220606336515,0.0013714599903452696,0.6,0.634860447343458,0.22857666505754493,2.2857666505754493,0.40628378228591316
selective_contact,vessel_invjac_selective_contact_repaired_jac_v3_20261008T143329Z,3,75,11.496287315251154,0.0013944159768004075,0.6,0.2718592141846443,0.23240266280006794,2.324026628000679,0.03945655138457637
selective_contact,vessel_invjac_selective_contact_repaired_jac_v3_20261008T143329Z,3,76,11.637440885935714,0.0014267388261875907,0.6,0.4868501332115507,0.23778980436459846,2.3778980436459847,0.24906032884695223
selective_contact,vessel_invjac_selective_contact_repaired_jac_v3_20261008T143329Z,3,77,11.78113121063833,0.0014444703736981508,0.6,0.26936789008605544,0.24074506228302514,2.4074506228302517,0.02862282780303029
selective_contact,vessel_invjac_selective_contact_repaired_jac_v3_20261008T143329Z,3,78,11.92594319853516,0.001449944327846071,0.6,0.2521553238775365,0.2416573879743452,2.4165738797434515,0.010497935903191308
selective_contact,vessel_invjac_selective_contact_repaired_jac_v3_20261008T143329Z,3,79,12.070794223605544,0.0014463345868913598,0.6,0.14945278875379664,0.2410557644818933,2.410557644818933,-0.09160297572809668
selective_contact,vessel_invjac_selective_contact_repaired_jac_v3_20261008T143329Z,3,80,12.215249082085839,0.0014431386300747817,0.6,-0.041422779257855424,0.24052310501246363,2.405231050124636,-0.281945884270319
selective_contact,vessel_invjac_selective_contact_repaired_jac_v3_20261008T143329Z,3,81,12.359470775514875,0.0014413339364746601,0.6,0.15531742841309004,0.2402223227457767,2.4022232274577666,-0.08490489433268664
selective_contact,vessel_invjac_selective_contact_repaired_jac_v3_20261008T143329Z,3,82,12.503505637734788,0.0014393061835982171,0.6,0.027512366255908915,0.23988436393303622,2.398843639330362,-0.21237199767712728
selective_contact,vessel_invjac_selective_contact_repaired_jac_v3_20261008T143329Z,3,83,12.647319393785587,0.001436911292084328,0.6,-0.010824340363207341,0.23948521534738804,2.39485215347388,-0.2503095557105954
selective_contact,vessel_invjac_selective_contact_repaired_jac_v3_20261008T143329Z,3,84,12.790878515316678,0.0014343092154180679,0.6,0.130430305976434,0.23905153590301131,2.390515359030113,-0.1086212299265773
selective_contact,vessel_invjac_selective_contact_repaired_jac_v3_20261008T143329Z,3,85,12.934226020630241,0.0014329455433371007,0.6,0.08569174811820446,0.2388242572228501,2.388242572228501,-0.15313250910464565
selective_contact,vessel_invjac_selective_contact_repaired_jac_v3_20261008T143329Z,3,86,13.077503349001095,0.0014320443836944683,0.6,-0.021130791219839296,0.23867406394907806,2.386740639490781,-0.2598048551689173
selective_contact,vessel_invjac_selective_contact_repaired_jac_v3_20261008T143329Z,3,87,13.220422278471013,0.0014251218880496632,0.6,0.2384416835957488,0.23752031467494392,2.3752031467494388,0.0009213689208048754
selective_contact,vessel_invjac_selective_contact_repaired_jac_v3_20261008T143329Z,3,88,13.505755012934625,0.0014442641349966894,0.6,0.20669686557948275,0.24071068916611493,2.407106891661149,-0.034013823586632186
selective_contact,vessel_invjac_selective_contact_repaired_jac_v3_20261008T143329Z,3,89,13.651524710778018,0.001467169125336516,0.6,0.23638032784973362,0.24452818755608605,2.44528187556086,-0.008147859706352428
selective_contact,vessel_invjac_selective_contact_repaired_jac_v3_20261008T143329Z,3,90,13.798419164973067,0.001467631480513564,0.6,0.13629148147990655,0.24460524675226072,2.4460524675226067,-0.10831376527235416
selective_contact,vessel_invjac_selective_contact_repaired_jac_v3_20261008T143329Z,3,91,13.798419164973067,0.001467631480513564,0.6,0.16897748813556923,0.24460524675226072,2.4460524675226067,-0.07562775861669148
selective_contact,vessel_invjac_selective_contact_repaired_jac_v3_20261008T143329Z,3,92,13.94497321376739,0.001463915560180018,0.6,0.2100692120227201,0.24398592669666969,2.4398592669666965,-0.03391671467394957
selective_contact,vessel_invjac_selective_contact_repaired_jac_v3_20261008T143329Z,3,93,14.091280498618751,0.0014622638862869305,0.6,0.5549282170140089,0.24371064771448844,2.437106477144884,0.31121756929952044
selective_contact,vessel_invjac_selective_contact_repaired_jac_v3_20261008T143329Z,3,94,14.383274607045994,0.001457455783956675,0.6,0.5869205949233489,0.24290929732611252,2.4290929732611253,0.3440112975972363
selective_contact,vessel_invjac_selective_contact_repaired_jac_v3_20261008T143329Z,3,95,14.528907591223494,0.001455238799141604,0.6,0.6764701163287921,0.24253979985693402,2.4253979985693404,0.4339303164718581
selective_contact,vessel_invjac_selective_contact_repaired_jac_v3_20261008T143329Z,3,96,14.528907591223494,0.001455238799141604,0.6,0.3637684056233308,0.24253979985693402,2.4253979985693404,0.12122860576639678
selective_contact,vessel_invjac_selective_contact_repaired_jac_v3_20261008T143329Z,3,97,14.819449303095912,0.001450057891592791,0.6,0.5625791445505026,0.24167631526546518,2.4167631526546516,0.3209028292850375
selective_contact,vessel_invjac_selective_contact_repaired_jac_v3_20261008T143329Z,3,98,14.819449303095912,0.001450057891592791,0.6,0.5854828346981105,0.24167631526546518,2.4167631526546516,0.3438065194326453
selective_contact,vessel_invjac_selective_contact_repaired_jac_v3_20261008T143329Z,3,99,14.964391416480428,0.0014491466078649681,0.6,0.532701131027915,0.24152443464416137,2.4152443464416136,0.2911766963837537
selective_contact,vessel_invjac_selective_contact_repaired_jac_v3_20261008T143329Z,3,100,15.10926360309702,0.0014473258175796081,0.6,0.5552181515738539,0.2412209695966014,2.412209695966014,0.31399718197725257
selective_contact,vessel_invjac_selective_contact_repaired_jac_v3_20261008T143329Z,3,101,15.397371067177636,0.0014414198834945225,0.6,0.48717697882359445,0.2402366472490871,2.402366472490871,0.2469403315745074
selective_contact,vessel_invjac_selective_contact_repaired_jac_v3_20261008T143329Z,3,102,15.542798920918285,0.001470050746549266,0.6,0.40517516206199566,0.24500845775821106,2.45008457758211,0.16016670430378463
selective_contact,vessel_invjac_selective_contact_repaired_jac_v3_20261008T143329Z,3,103,15.690875044678574,0.0014865652992172667,0.6,0.33515649538377623,0.24776088320287779,2.477608832028778,0.08739561218089846
selective_contact,vessel_invjac_selective_contact_repaired_jac_v3_20261008T143329Z,3,104,15.83918305171024,0.0014788201088320554,0.6,0.4134901997367866,0.24647001813867594,2.464700181386759,0.16702018159811066
selective_contact,vessel_invjac_selective_contact_repaired_jac_v3_20261008T143329Z,3,105,15.83918305171024,0.0014788201088320554,0.6,0.35333008604200167,0.24647001813867594,2.464700181386759,0.10686006790332572
selective_contact,vessel_invjac_selective_contact_repaired_jac_v3_20261008T143329Z,3,106,16.134225298790167,0.0014737100050821053,0.6,0.14298443860348264,0.2456183341803509,2.456183341803509,-0.10263389557686826
selective_contact,vessel_invjac_selective_contact_repaired_jac_v3_20261008T143329Z,3,107,16.134225298790167,0.0014737100050821053,0.6,-0.015669121774930517,0.2456183341803509,2.456183341803509,-0.2612874559552814
selective_contact,vessel_invjac_selective_contact_repaired_jac_v3_20261008T143329Z,3,108,16.428468570187814,0.00146860940831964,0.6,0.1467321186010686,0.24476823471994008,2.4476823471994003,-0.09803611611887146
selective_contact,vessel_invjac_selective_contact_repaired_jac_v3_20261008T143329Z,3,109,16.575222808537845,0.0014664681642595214,0.6,-0.17482867614677744,0.24441136070992026,2.4441136070992022,-0.4192400368566977
selective_contact,vessel_invjac_selective_contact_repaired_jac_v3_20261008T143329Z,3,110,16.721743513564572,0.0014638328222699966,0.6,0.14738583637204883,0.24397213704499948,2.4397213704499947,-0.09658630067295064
selective_contact,vessel_invjac_selective_contact_repaired_jac_v3_20261008T143329Z,3,111,16.867991734512817,0.001461332432835323,0.6,-0.17690959105980752,0.24355540547255383,2.435554054725538,-0.42046499653236136
selective_contact,vessel_invjac_selective_contact_repaired_jac_v3_20261008T143329Z,3,112,17.014065291401405,0.0014602746821323635,0.6,0.25382218786223376,0.24337911368872725,2.4337911368872724,0.010443074173506511
selective_contact,vessel_invjac_selective_contact_repaired_jac_v3_20261008T143329Z,3,113,17.014065291401405,0.0014602746821323635,0.6,0.15381910393843867,0.24337911368872725,2.4337911368872724,-0.08956000975028858
selective_contact,vessel_invjac_selective_contact_repaired_jac_v3_20261008T143329Z,3,114,17.159962258381455,0.0014567241441026206,0.6,0.010499076085807246,0.24278735735043677,2.427873573504368,-0.23228828126462953
selective_contact,vessel_invjac_selective_contact_repaired_jac_v3_20261008T143329Z,3,115,17.4510839530979,0.001470212089419882,0.6,0.11547608072673654,0.245035348236647,2.4503534823664697,-0.12955926750991045
selective_contact,vessel_invjac_selective_contact_repaired_jac_v3_20261008T143329Z,3,116,17.4510839530979,0.001470212089419882,0.6,0.08106550213287633,0.245035348236647,2.4503534823664697,-0.16396984610377066
selective_contact,vessel_invjac_selective_contact_repaired_jac_v3_20261008T143329Z,3,117,17.7514234787954,0.0015126735384257766,0.6,0.08722402631575221,0.25211225640429613,2.521122564042961,-0.16488823008854395
selective_contact,vessel_invjac_selective_contact_repaired_jac_v3_20261008T143329Z,3,118,17.902099238426164,0.0015023660905254652,0.6,0.30056300408241654,0.2503943484209109,2.503943484209109,0.05016865566150562
selective_contact,vessel_invjac_selective_contact_repaired_jac_v3_20261008T143329Z,3,119,18.052179059664955,0.0015002453488817662,0.6,0.5210855562480923,0.2500408914802944,2.500408914802944,0.27104466476779787
selective_contact,vessel_invjac_selective_contact_repaired_jac_v3_20261008T143329Z,3,120,18.202138102248913,0.0014985733833994019,0.6,0.27077012891618324,0.24976223056656702,2.49762230566567,0.021007898349616184
selective_contact,vessel_invjac_selective_contact_repaired_jac_v3_20261008T143329Z,3,121,18.351837424631924,0.0014953434811274043,0.6,0.3049006205294127,0.2492239135212341,2.4922391352123405,0.05567670700817857
selective_contact,vessel_invjac_selective_contact_repaired_jac_v3_20261008T143329Z,3,122,18.501211234243154,0.0014921677732844037,0.6,0.49256467241453805,0.248694628880734,2.4869462888073395,0.24387004353380404
selective_contact,vessel_invjac_selective_contact_repaired_jac_v3_20261008T143329Z,3,123,18.650286834624147,0.0014894505131290122,0.6,0.0750701153345048,0.24824175218816874,2.482417521881687,-0.17317163685366393
selective_contact,vessel_invjac_selective_contact_repaired_jac_v3_20261008T143329Z,3,124,18.799119377934836,0.0014871885520795333,0.6,0.0805331605344044,0.24786475867992225,2.478647586799222,-0.16733159814551787
selective_contact,vessel_invjac_selective_contact_repaired_jac_v3_20261008T143329Z,3,125,18.947673901489612,0.0014835713728549328,0.6,0.11256179685219081,0.24726189547582222,2.4726189547582216,-0.13470009862363141
selective_contact,vessel_invjac_selective_contact_repaired_jac_v3_20261008T143329Z,3,126,19.09581693229606,0.0014800585841144489,0.6,-0.048440579466635825,0.2466764306857415,2.466764306857415,-0.29511701015237735
selective_contact,vessel_invjac_selective_contact_repaired_jac_v3_20261008T143329Z,3,127,19.243899650967016,0.0014827731526380694,0.6,-0.19301862530721792,0.24712885877301163,2.4712885877301156,-0.4401474840802296
selective_contact,vessel_invjac_selective_contact_repaired_jac_v3_20261008T143329Z,3,128,19.392909932461638,0.001501576359793767,0.6,-0.2448048829896834,0.25026272663229454,2.502627266322945,-0.495067609621978
selective_contact,vessel_invjac_selective_contact_repaired_jac_v3_20261008T143329Z,3,129,19.545073290483135,0.0015440066207770258,0.6,0.14562262237842205,0.257334436796171,2.5733443679617096,-0.11171181441774897
selective_contact,vessel_invjac_selective_contact_repaired_jac_v3_20261008T143329Z,3,130,19.700854022524574,0.0015639993935435354,0.6,-0.06908837084054653,0.2606665655905892,2.6066656559058923,-0.3297549364311358
selective_contact,vessel_invjac_selective_contact_repaired_jac_v3_20261008T143329Z,3,131,19.856708597806307,0.001552479247652687,0.6,0.22742845640433984,0.2587465412754479,2.5874654127544785,-0.03131808487110804
selective_contact,vessel_invjac_selective_contact_repaired_jac_v3_20261008T143329Z,3,132,20.011639859818885,0.0015477380101809382,0.6,0.3475104022973383,0.25795633503015647,2.5795633503015636,0.08955406726718189
selective_contact,vessel_invjac_selective_contact_repaired_jac_v3_20261008T143329Z,3,133,20.166357047852493,0.001546189100728114,0.6,0.1426700785730617,0.2576981834546857,2.5769818345468565,-0.11502810488162399
selective_contact,vessel_invjac_selective_contact_repaired_jac_v3_20261008T143329Z,3,134,20.32080259102712,0.0015424584361936498,0.6,0.4784161132383211,0.257076406032275,2.57076406032275,0.22133970720604615
selective_contact,vessel_invjac_selective_contact_repaired_jac_v3_20261008T143329Z,3,135,20.4748303815052,0.0015380428684028372,0.6,0.43935008819493504,0.25634047806713955,2.5634047806713953,0.18300961012779549
selective_contact,vessel_invjac_selective_contact_repaired_jac_v3_20261008T143329Z,3,136,20.62844732348591,0.001534825506366294,0.6,0.35077169203704983,0.25580425106104904,2.5580425106104903,0.09496744097600078
selective_contact,vessel_invjac_selective_contact_repaired_jac_v3_20261008T143329Z,3,137,20.781924062098483,0.001534712327390735,0.6,0.4915724988229577,0.2557853878984559,2.5578538789845586,0.23578711092450177
selective_contact,vessel_invjac_selective_contact_repaired_jac_v3_20261008T143329Z,3,138,20.935088120068983,0.001526162121216734,0.6,0.618240106134536,0.2543603535361224,2.5436035353612234,0.3638797525984136
selective_contact,vessel_invjac_selective_contact_repaired_jac_v3_20261008T143329Z,3,139,21.086919165364414,0.001515421596005755,0.6,0.5304111463036172,0.25257026600095916,2.525702660009592,0.27784088030265797
selective_contact,vessel_invjac_selective_contact_repaired_jac_v3_20261008T143329Z,3,140,21.239812828310008,0.0015522972285924661,0.6,0.43324745718171087,0.2587162047654111,2.58716204765411,0.1745312524162998
selective_contact,vessel_invjac_selective_contact_repaired_jac_v3_20261008T143329Z,3,141,21.398342899810903,0.0016162861538909403,0.6,0.22810110541275108,0.2693810256484901,2.6938102564849005,-0.041279920235739
selective_contact,vessel_invjac_selective_contact_repaired_jac_v3_20261008T143329Z,3,142,21.56236537112987,0.0016598091605159611,0.6,0.17496998505311367,0.2766348600859936,2.7663486008599354,-0.10166487503287991
selective_contact,vessel_invjac_selective_contact_repaired_jac_v3_20261008T143329Z,3,143,21.72905223958317,0.0016678706282343225,0.6,0.42740540386463266,0.2779784380390538,2.7797843803905375,0.14942696582557882
selective_contact,vessel_invjac_selective_contact_repaired_jac_v3_20261008T143329Z,3,144,21.89527203864037,0.0016571869919278467,0.6,0.451550794170263,0.27619783198797443,2.7619783198797445,0.17535296218228857
selective_contact,vessel_invjac_selective_contact_repaired_jac_v3_20261008T143329Z,3,145,22.06076578176909,0.0016536206468409805,0.6,-0.5219532665431323,0.27560344114016344,2.756034411401634,-0.7975567076832957
selective_contact,vessel_invjac_selective_contact_repaired_jac_v3_20261008T143329Z,3,146,22.225965911200177,0.0016499852237909312,0.6,-0.36062539194717047,0.2749975372984885,2.7499753729848857,-0.635622929245659
selective_contact,vessel_invjac_selective_contact_repaired_jac_v3_20261008T143329Z,3,147,22.390680983680756,0.0016438529557442857,0.6,-0.2552774191517706,0.27397549262404763,2.7397549262404763,-0.5292529117758182
selective_contact,vessel_invjac_selective_contact_repaired_jac_v3_20261008T143329Z,3,148,22.554662084282846,0.001635857687043953,0.6,0.03925203294513935,0.2726429478406589,2.7264294784065886,-0.23339091489551955
selective_contact,vessel_invjac_selective_contact_repaired_jac_v3_20261008T143329Z,3,149,22.7181023938926,0.001634514119727097,0.6,0.22742543003459303,0.27241901995451623,2.724190199545162,-0.044993589919923166
selective_contact,vessel_invjac_selective_contact_repaired_jac_v3_20261008T143329Z,3,150,22.881506510849782,0.0016300616172465377,0.6,0.3931851875085357,0.27167693620775635,2.716769362077563,0.12150825130077939
selective_contact,vessel_invjac_selective_contact_repaired_jac_v3_20261008T143329Z,3,151,23.043324059375248,0.0016081615363678825,0.6,0.08934176527812099,0.26802692272798045,2.6802692272798043,-0.17868515744985947
selective_contact,vessel_invjac_selective_contact_repaired_jac_v3_20261008T143329Z,3,152,23.20634313166158,0.0016783322964515851,0.6,0.21389000479505427,0.2797220494085975,2.797220494085975,-0.06583204461354326
selective_contact,vessel_invjac_selective_contact_repaired_jac_v3_20261008T143329Z,3,153,23.382563104448174,0.0018349067892668768,0.6,0.37904376684981855,0.3058177982111462,3.058177982111461,0.07322596863867237
selective_contact,vessel_invjac_selective_contact_repaired_jac_v3_20261008T143329Z,3,154,23.567303643460058,0.0018374445666526351,0.6,0.6381149396179211,0.3062407611087726,3.062407611087725,0.3318741785091485
selective_contact,vessel_invjac_selective_contact_repaired_jac_v3_20261008T143329Z,3,155,23.7500447394264,0.0018226285580474617,0.6,0.6593736076045786,0.30377142634124366,3.0377142634124366,0.355602181263335
selective_contact,vessel_invjac_selective_contact_repaired_jac_v3_20261008T143329Z,3,156,23.93224447015026,0.001819743688750561,0.6,0.523699545550155,0.3032906147917602,3.0329061479176014,0.22040893075839474
selective_contact,vessel_invjac_selective_contact_repaired_jac_v3_20261008T143329Z,3,157,24.113701217591746,0.001809379423322651,0.6,0.5793835154678533,0.30156323722044187,3.0156323722044185,0.27782027824741135
selective_contact,vessel_invjac_selective_contact_repaired_jac_v3_20261008T143329Z,3,158,24.294251372814173,0.0018021866494954686,0.6,0.7095774983968184,0.30036444158257813,3.003644415825781,0.40921305681424025
selective_contact,vessel_invjac_selective_contact_repaired_jac_v3_20261008T143329Z,3,159,24.47414099084618,0.0017953823802167436,0.6,0.47444319341868635,0.2992303967027906,2.992303967027906,0.17521279671589574
selective_contact,vessel_invjac_selective_contact_repaired_jac_v3_20261008T143329Z,3,160,24.653222929829777,0.0017851678035777463,0.6,0.4163985484807853,0.2975279672629577,2.9752796726295774,0.11887058121782754
selective_contact,vessel_invjac_selective_contact_repaired_jac_v3_20261008T143329Z,3,161,25.00939574518133,0.001799967156830394,0.6,0.03592281196824132,0.299994526138399,2.99994526138399,-0.2640717141701577
selective_contact,vessel_invjac_selective_contact_repaired_jac_v3_20261008T143329Z,3,162,25.192884252831234,0.0018802412754015936,0.6,0.3130685393570083,0.31337354590026567,3.133735459002656,-0.0003050065432573957
selective_contact,vessel_invjac_selective_contact_repaired_jac_v3_20261008T143329Z,3,163,25.386810905818756,0.0019836144787667553,0.6,-0.24886698472363378,0.33060241312779254,3.3060241312779253,-0.5794693978514263
selective_contact,vessel_invjac_selective_contact_repaired_jac_v3_20261008T143329Z,3,164,25.58480824666929,0.0019632768561948215,0.6,0.12496729526206707,0.3272128093658036,3.2721280936580364,-0.20224551410373653
selective_contact,vessel_invjac_selective_contact_repaired_jac_v3_20261008T143329Z,3,165,25.58480824666929,0.0019632768561948215,0.6,0.13680846144049497,0.3272128093658036,3.2721280936580364,-0.19040434792530866
selective_contact,vessel_invjac_selective_contact_repaired_jac_v3_20261008T143329Z,3,166,25.780201895772183,0.0019511363343189916,0.6,0.26632711056566194,0.3251893890531653,3.251893890531653,-0.05886227848750337
selective_contact,vessel_invjac_selective_contact_repaired_jac_v3_20261008T143329Z,3,167,25.975307625879665,0.001949383014468676,0.6,0.3263077031898156,0.3248971690781127,3.248971690781127,0.0014105341117028655
selective_contact,vessel_invjac_selective_contact_repaired_jac_v3_20261008T143329Z,3,168,26.36267456540056,0.0019213615445935902,0.6,0.6991849258965956,0.3202269240989317,3.202269240989317,0.3789580017976639
selective_contact,vessel_invjac_selective_contact_repaired_jac_v3_20261008T143329Z,3,169,26.55452433164838,0.0019163451073902645,0.6,0.7500542641636585,0.3193908512317108,3.193908512317108,0.4306634129319477
selective_contact,vessel_invjac_selective_contact_repaired_jac_v3_20261008T143329Z,3,170,26.744874400896396,0.0018840677092845082,0.6,0.12924769149697823,0.3140112848807514,3.140112848807514,-0.18476359338377318
selective_contact,vessel_invjac_selective_contact_repaired_jac_v3_20261008T143329Z,3,171,26.932690502224823,0.0018912888689657371,0.6,0.4506091059138342,0.31521481149428954,3.1521481149428956,0.13539429441954462
selective_contact,vessel_invjac_selective_contact_repaired_jac_v3_20261008T143329Z,3,172,27.126679177105153,0.0019850929885101075,0.6,0.4642032598713861,0.3308488314183513,3.3084883141835126,0.13335442845303486
selective_contact,vessel_invjac_selective_contact_repaired_jac_v3_20261008T143329Z,3,173,27.126679177105153,0.0019850929885101075,0.6,0.28518080676278856,0.3308488314183513,3.3084883141835126,-0.0456680246555627
selective_contact,vessel_invjac_selective_contact_repaired_jac_v3_20261008T143329Z,3,174,27.326347220387298,0.0019967762724406196,0.6,0.0641583061445381,0.33279604540677,3.3279604540676995,-0.2686377392622319
selective_contact,vessel_invjac_selective_contact_repaired_jac_v3_20261008T143329Z,3,175,27.721833585596688,0.0019009127351068307,0.6,0.46379255299089195,0.3168187891844718,3.168187891844718,0.14697376380642013
selective_contact,vessel_invjac_selective_contact_repaired_jac_v3_20261008T143329Z,3,176,27.906978344053336,0.0018452413585969885,0.6,-0.12508373983935073,0.30754022643283146,3.0754022643283143,-0.4326239662721822
selective_contact,vessel_invjac_selective_contact_repaired_jac_v3_20261008T143329Z,3,177,28.098887008609818,0.001985908659275578,0.6,-0.41901151605132014,0.3309847765459297,3.3098477654592964,-0.7499962925972499
selective_contact,vessel_invjac_selective_contact_repaired_jac_v3_20261008T143329Z,3,178,28.291633291747733,0.0018241956259263104,0.6,-0.3139841719274514,0.3040326043210518,3.0403260432105177,-0.6180167762485033
selective_contact,vessel_invjac_selective_contact_repaired_jac_v3_20261008T143329Z,3,179,28.470335014710635,0.001811106925960541,0.6,-0.23310896063626174,0.30185115432675685,3.0185115432675684,-0.5349601149630187
selective_contact,vessel_invjac_selective_contact_repaired_jac_v3_20261008T143329Z,3,180,28.470335014710635,0.001811106925960541,0.6,-0.35623269590583817,0.30185115432675685,3.0185115432675684,-0.658083850232595
selective_contact,vessel_invjac_selective_contact_repaired_jac_v3_20261008T143329Z,3,181,28.6585668958667,0.0019103856931043197,0.6,0.09699337300958533,0.3183976155173866,3.183976155173866,-0.2214042425078013
selective_contact,vessel_invjac_selective_contact_repaired_jac_v3_20261008T143329Z,3,182,28.843031792520662,0.0017849844852262041,0.6,0.21256335990670294,0.29749741420436737,2.9749741420436737,-0.08493405429766446
selective_contact,vessel_invjac_selective_contact_repaired_jac_v3_20261008T143329Z,3,183,29.22382090831624,0.002035416016369294,0.6,0.648526571430331,0.3392360027282157,3.3923600272821566,0.3092905687021153
selective_contact,vessel_invjac_selective_contact_repaired_jac_v3_20261008T143329Z,3,184,29.424911462027694,0.001974607606256614,0.6,0.934709288562054,0.3291012677094357,3.291012677094357,0.6056080208526183
selective_contact,vessel_invjac_selective_contact_repaired_jac_v3_20261008T143329Z,3,185,29.61767475579786,0.0018783759030676697,0.6,1.132996286478484,0.31306265051127835,3.1306265051127826,0.8199336359672057
selective_contact,vessel_invjac_selective_contact_repaired_jac_v3_20261008T143329Z,3,186,29.80058153412606,0.0017862494693669225,0.6,0.640231093895288,0.2977082448944871,2.977082448944871,0.34252284900080093
selective_contact,vessel_invjac_selective_contact_repaired_jac_v3_20261008T143329Z,3,187,29.80058153412606,0.0017862494693669225,0.6,0.4912151997114229,0.2977082448944871,2.977082448944871,0.19350695481693578
selective_contact,vessel_invjac_selective_contact_repaired_jac_v3_20261008T143329Z,3,188,29.97964348888709,0.0018254164699009088,0.6,-0.3099228095099278,0.30423607831681815,3.0423607831681814,-0.614158887826746
selective_contact,vessel_invjac_selective_contact_repaired_jac_v3_20261008T143329Z,3,189,30.167535432424305,0.0019073526194454454,0.6,-0.752511733052529,0.3178921032409076,3.1789210324090758,-1.0704038362934365
selective_contact,vessel_invjac_selective_contact_repaired_jac_v3_20261008T143329Z,3,190,30.54178180770035,0.0018763747091420755,0.6,-0.6999912392583454,0.31272911819034593,3.1272911819034594,-1.0127203574486912
selective_contact,vessel_invjac_selective_contact_repaired_jac_v3_20261008T143329Z,3,191,30.72824440766782,0.0018269943074083802,0.6,-0.3176659993098099,0.3044990512347301,3.0449905123473004,-0.62216505054454
selective_contact,vessel_invjac_selective_contact_repaired_jac_v3_20261008T143329Z,3,192,30.907326520302455,0.0017876632686047744,0.6,0.4914154000415536,0.29794387810079576,2.9794387810079574,0.1934715219407579
selective_contact,vessel_invjac_selective_contact_repaired_jac_v3_20261008T143329Z,3,193,31.092158153686587,0.00191243186267781,0.6,0.9991471291241076,0.31873864377963507,3.1873864377963503,0.6804084853444725
selective_contact,vessel_invjac_selective_contact_repaired_jac_v3_20261008T143329Z,3,194,31.092158153686587,0.00191243186267781,0.6,1.3171317866549295,0.31873864377963507,3.1873864377963503,0.9983931428752942
selective_contact,vessel_invjac_selective_contact_repaired_jac_v3_20261008T143329Z,3,195,31.2825127695536,0.0018560285156765915,0.6,1.3644138296971313,0.3093380859460986,3.093380859460986,1.055075743751033
selective_contact,vessel_invjac_selective_contact_repaired_jac_v3_20261008T143329Z,3,196,31.46413715463465,0.0018009405647529944,0.6,0.649507308682459,0.30015676079216574,3.0015676079216576,0.3493505478902932
selective_contact,vessel_invjac_selective_contact_repaired_jac_v3_20261008T143329Z,3,197,31.826206311444803,0.0017986216401225713,0.6,-0.2006938466596857,0.29977027335376194,2.997702733537619,-0.5004641200134476
selective_contact,vessel_invjac_selective_contact_repaired_jac_v3_20261008T143329Z,3,198,32.005649907165676,0.0017942045320226442,0.6,-0.12658464840379935,0.29903408867044073,2.990340886704407,-0.4256187370742401
selective_contact,vessel_invjac_selective_contact_repaired_jac_v3_20261008T143329Z,3,199,32.18369182107292,0.0017519640560994735,0.6,-0.275246278466895,0.2919940093499123,2.9199400934991226,-0.5672402878168072
selective_contact,vessel_invjac_selective_contact_repaired_jac_v3_20261008T143329Z,3,200,32.354488349924594,0.0016817301348422177,0.6,-0.13803548398837506,0.2802883558070363,2.802883558070363,-0.4183238397954113
selective_contact,vessel_invjac_selective_contact_repaired_jac_v3_20261008T143329Z,3,201,32.51254617685955,0.001318178960166693,0.6,0.11140567203601393,0.21969649336111552,2.196964933611155,-0.1082908213251016
selective_contact,vessel_invjac_selective_contact_repaired_jac_v3_20261008T143329Z,3,202,32.51254617685955,0.001318178960166693,0.6,0.12866121241773953,0.21969649336111552,2.196964933611155,-0.09103528094337598
selective_contact,vessel_invjac_selective_contact_repaired_jac_v3_20261008T143329Z,3,203,32.61692034833126,0.0013574262211309182,0.6,0.19334571840002468,0.22623770352181968,2.262377035218197,-0.03289198512179502
selective_contact,vessel_invjac_selective_contact_repaired_jac_v3_20261008T143329Z,3,204,32.94475202850436,0.0016344067865110652,0.6,0.6638553689074413,0.27240113108517755,2.7240113108517754,0.3914542378222638
selective_contact,vessel_invjac_selective_contact_repaired_jac_v3_20261008T143329Z,3,205,33.11141209920781,0.0017106105084746957,0.6,0.3986432283092114,0.28510175141244937,2.851017514124493,0.11354147689676203
selective_contact,vessel_invjac_selective_contact_repaired_jac_v3_20261008T143329Z,3,206,33.28851467127174,0.0018338727813484385,0.6,0.6825799097738638,0.3056454635580731,3.056454635580731,0.37693444621579075
selective_contact,vessel_invjac_selective_contact_repaired_jac_v3_20261008T143329Z,3,207,33.473230938694726,0.0018177839515409982,0.6,0.6886882306653419,0.3029639919234997,3.0296399192349974,0.38572423874184214
selective_contact,vessel_invjac_selective_contact_repaired_jac_v3_20261008T143329Z,3,208,33.64849833085596,0.0016982305626066661,0.6,0.7375352153639696,0.2830384271011111,2.8303842710111105,0.4544967882628585
selective_contact,vessel_invjac_selective_contact_repaired_jac_v3_20261008T143329Z,3,209,33.81539153930332,0.0016512801292846541,0.6,0.5478475080347067,0.27521335488077575,2.752133548807757,0.27263415315393097
selective_contact,vessel_invjac_selective_contact_repaired_jac_v3_20261008T143329Z,3,210,33.98150734226665,0.001684355525163383,0.6,0.07948583976859425,0.2807259208605639,2.8072592086056387,-0.20124008109196967
selective_contact,vessel_invjac_selective_contact_repaired_jac_v3_20261008T143329Z,3,211,34.15295434946293,0.0017319151530494562,0.6,0.2679791688536568,0.2886525255082427,2.886525255082427,-0.020673356654585934
selective_contact,vessel_invjac_selective_contact_repaired_jac_v3_20261008T143329Z,3,212,34.325012959262665,0.0017003746475417764,0.6,0.42532387944293504,0.28339577459029613,2.8339577459029606,0.14192810485263893
selective_contact,vessel_invjac_selective_contact_repaired_jac_v3_20261008T143329Z,3,213,34.49308399679323,0.0016629801797323233,0.6,0.5811741379244992,0.2771633632887206,2.7716336328872058,0.30401077463577864
selective_contact,vessel_invjac_selective_contact_repaired_jac_v3_20261008T143329Z,3,214,34.65805271701208,0.0016387415025816417,0.6,0.770539623294539,0.27312358376360696,2.7312358376360697,0.497416039530932
selective_contact,vessel_invjac_selective_contact_repaired_jac_v3_20261008T143329Z,3,215,34.821305255377034,0.0016300693676701624,0.6,0.39850572005681073,0.2716782279450271,2.7167822794502707,0.12682749211178365
selective_contact,vessel_invjac_selective_contact_repaired_jac_v3_20261008T143329Z,3,216,34.985228336717874,0.001654610810571346,0.6,-0.2516801172348764,0.27576846842855773,2.757684684285577,-0.5274485856634341
selective_contact,vessel_invjac_selective_contact_repaired_jac_v3_20261008T143329Z,3,217,35.15223815365971,0.0016769526778652474,0.6,-0.13102120570790987,0.2794921129775413,2.794921129775412,-0.4105133186854511
selective_contact,vessel_invjac_selective_contact_repaired_jac_v3_20261008T143329Z,3,218,35.31888971897504,0.0016523220092628918,0.6,0.020696935659906046,0.27538700154381535,2.753870015438153,-0.2546900658839093
selective_contact,vessel_invjac_selective_contact_repaired_jac_v3_20261008T143329Z,3,219,35.48369763842959,0.0016501554271445805,0.6,0.19873724560032002,0.27502590452409675,2.7502590452409676,-0.07628865892377674
selective_contact,vessel_invjac_selective_contact_repaired_jac_v3_20261008T143329Z,3,220,35.64900233843386,0.0016483479963855254,0.6,-0.10263586142559689,0.2747246660642543,2.7472466606425425,-0.37736052748985116
selective_contact,vessel_invjac_selective_contact_repaired_jac_v3_20261008T143329Z,3,221,35.811850339515125,0.0016041020840101225,0.6,0.1750688425623821,0.26735034733502044,2.6735034733502046,-0.09228150477263837
selective_contact,vessel_invjac_selective_contact_repaired_jac_v3_20261008T143329Z,3,222,35.97012593252968,0.00156381295337759,0.6,0.07444628149114862,0.2606354922295983,2.6063549222959836,-0.1861892107384497
selective_contact,vessel_invjac_selective_contact_repaired_jac_v3_20261008T143329Z,3,223,36.12559954564685,0.0015548740922038554,0.6,0.06284634118189558,0.2591456820339759,2.591456820339759,-0.1962993408520803
selective_contact,vessel_invjac_selective_contact_repaired_jac_v3_20261008T143329Z,3,224,36.28354234022189,0.0016110685399743719,0.6,0.4061109277909125,0.26851142332906197,2.68511423329062,0.1375995044618505
selective_contact,vessel_invjac_selective_contact_repaired_jac_v3_20261008T143329Z,3,225,36.44632921064928,0.0016269374511578244,0.6,0.26955939448137656,0.2711562418596374,2.711562418596374,-0.0015968473782608517
selective_contact,vessel_invjac_selective_contact_repaired_jac_v3_20261008T143329Z,3,226,36.60644581887131,0.0015797993587928951,0.6,0.3442948420683294,0.26329989313214924,2.6329989313214917,0.08099494893618016
selective_contact,vessel_invjac_selective_contact_repaired_jac_v3_20261008T143329Z,3,227,36.76423916870199,0.0015855081050222394,0.6,0.13151534714928204,0.26425135083703993,2.6425135083703992,-0.1327360036877579
selective_contact,vessel_invjac_selective_contact_repaired_jac_v3_20261008T143329Z,3,228,36.92389492316251,0.0016029739914239511,0.6,0.29281766366515427,0.2671623319039919,2.671623319039919,0.02565533176116235
selective_contact,vessel_invjac_selective_contact_repaired_jac_v3_20261008T143329Z,3,229,37.05576153617751,0.0011849527865863579,0.6,0.2736824892834022,0.19749213109772634,1.9749213109772632,0.0761903581856759
selective_contact,vessel_invjac_selective_contact_repaired_jac_v3_20261008T143329Z,3,230,37.19151651215788,0.0014287909476533693,0.6,0.18952973556786645,0.2381318246088949,2.381318246088949,-0.04860208904102845
selective_contact,vessel_invjac_selective_contact_repaired_jac_v3_20261008T143329Z,3,231,37.33181148835381,0.0015233937752852137,0.6,0.32329974201874023,0.2538989625475357,2.5389896254753563,0.06940077947120454
selective_contact,vessel_invjac_selective_contact_repaired_jac_v3_20261008T143329Z,3,232,37.49092969869577,0.001599472892086616,0.6,0.12069918531619805,0.26657881534776934,2.6657881534776933,-0.14587963003157128
selective_contact,vessel_invjac_selective_contact_repaired_jac_v3_20261008T143329Z,3,233,37.64972414275315,0.0015696491096282392,0.6,0.2794936293735759,0.2616081849380399,2.616081849380399,0.01788544443553599
selective_contact,vessel_invjac_selective_contact_repaired_jac_v3_20261008T143329Z,3,234,37.80383404057704,0.0015130966446411252,0.6,0.3683181531975279,0.25218277410685425,2.521827741068542,0.11613537909067369
selective_contact,vessel_invjac_selective_contact_repaired_jac_v3_20261008T143329Z,3,235,37.95470540267814,0.0015187084432947838,0.6,0.5247405874560513,0.253118073882464,2.53118073882464,0.27162251357358735
selective_contact,vessel_invjac_selective_contact_repaired_jac_v3_20261008T143329Z,3,236,38.10929171534605,0.0015653387960388049,0.6,0.21930738478052092,0.26088979933980083,2.608897993398008,-0.04158241455927991
selective_contact,vessel_invjac_selective_contact_repaired_jac_v3_20261008T143329Z,3,237,38.264716936746325,0.0015296969113350813,0.6,0.1795640455242733,0.2549494852225136,2.549494852225136,-0.07538543969824033
selective_contact,vessel_invjac_selective_contact_repaired_jac_v3_20261008T143329Z,3,238,38.41542450869635,0.0014960002121561732,0.6,-0.011730068400161997,0.24933336869269554,2.4933336869269556,-0.2610634370928575
selective_contact,vessel_invjac_selective_contact_repaired_jac_v3_20261008T143329Z,3,239,38.56577223102793,0.001514749777770916,0.6,-0.036722921449062085,0.2524582962951527,2.5245829629515266,-0.28918121774421474
selective_contact,vessel_invjac_selective_contact_repaired_jac_v3_20261008T143329Z,3,240,38.71705270128555,0.0015027579594373234,0.6,0.39174097882749237,0.25045965990622054,2.5045965990622054,0.14128131892127183
selective_contact,vessel_invjac_selective_contact_repaired_jac_v3_20261008T143329Z,3,241,38.865928228646936,0.0014831263351395504,0.6,0.2077876350899004,0.24718772252325846,2.4718772252325842,-0.03940008743335806
selective_contact,vessel_invjac_selective_contact_repaired_jac_v3_20261008T143329Z,3,242,39.015050142630166,0.001396346509160002,0.6,0.3589763281450544,0.2327244181933337,2.3272441819333367,0.1262519099517207
selective_contact,vessel_invjac_selective_contact_repaired_jac_v3_20261008T143329Z,3,243,39.14013450333702,0.0015404004588551734,0.6,0.36635506190174283,0.25673340980919557,2.5673340980919557,0.10962165209254723
selective_contact,vessel_invjac_selective_contact_repaired_jac_v3_20261008T143329Z,3,244,39.28614397393909,0.0014086828815105448,0.6,0.48334478800791203,0.23478048025175746,2.3478048025175746,0.2485643077561546
selective_contact,vessel_invjac_selective_contact_repaired_jac_v3_20261008T143329Z,3,245,39.42836984452573,0.001426706830562525,0.6,0.1685238658244259,0.23778447176042083,2.377844717604208,-0.06926060593599492
selective_contact,vessel_invjac_selective_contact_repaired_jac_v3_20261008T143329Z,3,246,39.57545005421462,0.0015200346524676406,0.6,0.12249296817279998,0.2533391087446068,2.533391087446068,-0.13084614057180682
selective_contact,vessel_invjac_selective_contact_repaired_jac_v3_20261008T143329Z,3,247,39.72941098168268,0.0015372857119855437,0.6,-0.0510944362824759,0.256214285330924,2.5621428533092394,-0.30730872161339984
selective_contact,vessel_invjac_selective_contact_repaired_jac_v3_20261008T143329Z,3,248,39.880627757963055,0.0014882524384864316,0.6,0.1907159884976508,0.24804207308107198,2.480420730810719,-0.05732608458342117
selective_contact,vessel_invjac_selective_contact_repaired_jac_v3_20261008T143329Z,3,249,40.027932972945415,0.001460838440844483,0.6,0.32471856007001776,0.2434730734740805,2.434730734740805,0.08124548659593724
selective_contact,vessel_invjac_selective_contact_repaired_jac_v3_20261008T143329Z,3,250,40.31547250767495,0.0013993240757823261,0.6,0.4257680831744466,0.23322067929705437,2.3322067929705437,0.19254740387739222
selective_contact,vessel_invjac_selective_contact_repaired_jac_v3_20261008T143329Z,3,251,40.31547250767495,0.0013993240757823261,0.6,0.047903543177945096,0.23322067929705437,2.3322067929705437,-0.18531713611910927
selective_contact,vessel_invjac_selective_contact_repaired_jac_v3_20261008T143329Z,3,252,40.49257757544918,0.000313088566386768,0.6,-0.05998383259049689,0.052181427731128,0.52181427731128,-0.11216526032162488
selective_contact,vessel_invjac_selective_contact_repaired_jac_v3_20261008T143329Z,3,253,40.512768267068545,0.00048569731103995133,0.6,0.021608081006824875,0.0809495518399919,0.809495518399919,-0.05934147083316702
selective_contact,vessel_invjac_selective_contact_repaired_jac_v3_20261008T143329Z,3,254,40.512768267068545,0.00048569731103995133,0.6,0.07282280455500256,0.0809495518399919,0.809495518399919,-0.008126747284989338
selective_contact,vessel_invjac_selective_contact_repaired_jac_v3_20261008T143329Z,3,255,40.60110167241723,0.001054527816190912,0.6,0.10423140335092285,0.17575463603181865,1.7575463603181865,-0.0715232326808958
selective_contact,vessel_invjac_selective_contact_repaired_jac_v3_20261008T143329Z,3,256,40.70000643848871,0.0009083102050321101,0.6,0.9194194406307474,0.15138503417201835,1.5138503417201836,0.7680344064587291
selective_contact,vessel_invjac_selective_contact_repaired_jac_v3_20261008T143329Z,3,257,40.906135792835556,0.0011889854917000798,0.6,0.9828147141590904,0.19816424861667997,1.9816424861667996,0.7846504655424104
selective_contact,vessel_invjac_selective_contact_repaired_jac_v3_20261008T143329Z,3,258,41.02031247049011,0.0014455123280087362,0.6,-0.0325370074573641,0.24091872133478942,2.4091872133478938,-0.2734557287921535
selective_contact,vessel_invjac_selective_contact_repaired_jac_v3_20261008T143329Z,3,259,41.164562831579005,0.0014344340702035093,0.6,0.013922248169777163,0.23907234503391822,2.3907234503391823,-0.22515009686414106
selective_contact,vessel_invjac_selective_contact_repaired_jac_v3_20261008T143329Z,3,260,41.30709039026245,0.001417032430626592,0.6,-0.23659150161135045,0.2361720717710987,2.3617207177109867,-0.4727635733824492
selective_contact,vessel_invjac_selective_contact_repaired_jac_v3_20261008T143329Z,3,261,41.30709039026245,0.001417032430626592,0.6,0.16979380217964746,0.2361720717710987,2.3617207177109867,-0.06637826959145127
selective_contact,vessel_invjac_selective_contact_repaired_jac_v3_20261008T143329Z,3,262,41.44856727197873,0.0014155996878966505,0.6,0.231239640041764,0.23593328131610844,2.359332813161084,-0.004693641274344448
selective_contact,vessel_invjac_selective_contact_repaired_jac_v3_20261008T143329Z,3,263,41.590395226225844,0.0014135959239864944,0.6,0.1893080444202866,0.23559932066441575,2.355993206644157,-0.04629127624412917
selective_contact,vessel_invjac_selective_contact_repaired_jac_v3_20261008T143329Z,3,264,41.86199136477033,0.0013153188394435988,0.6,-0.0034947016560309407,0.21921980657393317,2.192198065739331,-0.2227145082299641
selective_contact,vessel_invjac_selective_contact_repaired_jac_v3_20261008T143329Z,3,265,41.99669992346057,0.0014020452537416113,0.6,0.23911822598658006,0.23367420895693525,2.336742089569352,0.005444017029644822
selective_contact,vessel_invjac_selective_contact_repaired_jac_v3_20261008T143329Z,3,266,42.1438780391019,0.001520033780743892,0.6,0.11819199561462312,0.2533389634573154,2.5333896345731532,-0.13514696784269226
selective_contact,vessel_invjac_selective_contact_repaired_jac_v3_20261008T143329Z,3,267,42.2951277710302,0.0014825670829071852,0.6,0.387099937390154,0.24709451381786424,2.4709451381786423,0.1400054235722898
selective_contact,vessel_invjac_selective_contact_repaired_jac_v3_20261008T143329Z,3,268,42.440045418378524,0.0014206085001009026,0.6,0.3120546418267409,0.23676808335015045,2.3676808335015043,0.07528655847659048
selective_contact,vessel_invjac_selective_contact_repaired_jac_v3_20261008T143329Z,3,269,42.58034290248694,0.0013936690702262271,0.6,0.38203371252684803,0.23227817837103784,2.322781783710379,0.14975553415581017
selective_contact,vessel_invjac_selective_contact_repaired_jac_v3_20261008T143329Z,3,270,42.720896338105646,0.0014301419281909835,0.6,0.39628541087449065,0.23835698803183059,2.383569880318306,0.15792842284266007
selective_contact,vessel_invjac_selective_contact_repaired_jac_v3_20261008T143329Z,3,271,42.867290497414615,0.001488680729415129,0.6,-0.019172154114677653,0.2481134549025215,2.4811345490252155,-0.26728560901719917
selective_contact,vessel_invjac_selective_contact_repaired_jac_v3_20261008T143329Z,3,272,43.01530005879504,0.0014582135628714065,0.6,0.03981466002042566,0.2430355938119011,2.430355938119011,-0.20322093379147546
selective_contact,vessel_invjac_selective_contact_repaired_jac_v3_20261008T143329Z,3,273,43.158799020825974,0.0014209893655163313,0.6,0.27239269245914244,0.23683156091938856,2.3683156091938855,0.03556113153975387
selective_contact,vessel_invjac_selective_contact_repaired_jac_v3_20261008T143329Z,3,274,43.30096439531634,0.0014269068122354967,0.6,-0.09806467608265024,0.23781780203924943,2.3781780203924945,-0.3358824781218997
selective_contact,vessel_invjac_selective_contact_repaired_jac_v3_20261008T143329Z,3,275,43.4437308785399,0.0014243551028592686,0.6,0.06879292473356458,0.23739251714321147,2.3739251714321146,-0.16859959240964692
selective_contact,vessel_invjac_selective_contact_repaired_jac_v3_20261008T143329Z,3,276,43.58529754372246,0.0014108270354726122,0.6,0.20115564540961373,0.23513783924543538,2.3513783924543534,-0.03398219383582166
selective_contact,vessel_invjac_selective_contact_repaired_jac_v3_20261008T143329Z,3,277,43.72723617778703,0.0014363540579659586,0.6,0.3441370730382971,0.23939234299432646,2.393923429943264,0.10474473004397063
selective_contact,vessel_invjac_selective_contact_repaired_jac_v3_20261008T143329Z,3,278,43.87235481548312,0.001452335446756662,0.6,0.4546037299633099,0.242055907792777,2.4205590779277704,0.2125478221705329
selective_contact,vessel_invjac_selective_contact_repaired_jac_v3_20261008T143329Z,3,279,44.0139347684195,0.0013704801658831584,0.6,-0.08176053649104631,0.2284133609805264,2.2841336098052643,-0.3101738974715727
selective_contact,vessel_invjac_selective_contact_repaired_jac_v3_20261008T143329Z,3,280,44.14840231278944,0.0013436085074592934,0.6,0.2094746769106166,0.22393475124321557,2.239347512432156,-0.014460074332598962
selective_contact,vessel_invjac_selective_contact_repaired_jac_v3_20261008T143329Z,3,281,44.2872578664595,0.0014537163144271127,0.6,0.19126002222423466,0.24228605240451884,2.422860524045188,-0.051026030180284156
selective_contact,vessel_invjac_selective_contact_repaired_jac_v3_20261008T143329Z,3,282,44.437644393666865,0.0015288585116230331,0.6,0.263811630978104,0.25480975193717226,2.548097519371722,0.009001879040931752
selective_contact,vessel_invjac_selective_contact_repaired_jac_v3_20261008T143329Z,3,283,44.58755484671523,0.0014660746509562092,0.6,0.351526178681695,0.24434577515936826,2.4434577515936824,0.10718040352232673
selective_contact,vessel_invjac_selective_contact_repaired_jac_v3_20261008T143329Z,3,284,44.731858995319726,0.0014265080558953586,0.6,0.25580231316646973,0.23775134264922645,2.3775134264922646,0.01805097051724326
selective_contact,vessel_invjac_selective_contact_repaired_jac_v3_20261008T143329Z,3,285,44.87382855615679,0.0014165916995685177,0.6,0.15388896239993954,0.23609861659475295,2.36098616594753,-0.0822096541948134
selective_contact,vessel_invjac_selective_contact_repaired_jac_v3_20261008T143329Z,3,286,45.0159598220508,0.0014288721523198207,0.6,0.21556495224368177,0.23814535871997014,2.3814535871997013,-0.022580406476288357
selective_contact,vessel_invjac_selective_contact_repaired_jac_v3_20261008T143329Z,3,287,45.15977058918959,0.0014461811251432,0.6,0.018766361847234236,0.24103018752386668,2.410301875238667,-0.22226382567663244
selective_contact,vessel_invjac_selective_contact_repaired_jac_v3_20261008T143329Z,3,288,45.30508431624137,0.00146256563149279,0.6,0.2851675678235992,0.24376093858213171,2.437609385821317,0.041406629241467485
selective_contact,vessel_invjac_selective_contact_repaired_jac_v3_20261008T143329Z,3,289,45.45435972598446,0.0015369342381519513,0.6,0.40554464704042203,0.2561557063586586,2.5615570635865854,0.14938894068176348
selective_contact,vessel_invjac_selective_contact_repaired_jac_v3_20261008T143329Z,3,290,45.61317908206006,0.0016076643352556635,0.6,0.4555323091371122,0.26794405587594394,2.679440558759439,0.18758825326116826
selective_contact,vessel_invjac_selective_contact_repaired_jac_v3_20261008T143329Z,3,291,45.76691830151027,0.0014430579854102638,0.6,0.18097343984246805,0.240509664235044,2.4050966423504394,-0.05953622439257595
selective_contact,vessel_invjac_selective_contact_repaired_jac_v3_20261008T143329Z,3,292,45.905271684271376,0.0013638107337270136,0.6,0.2618851779435545,0.2273017889545023,2.273017889545023,0.03458338898905218
selective_contact,vessel_invjac_selective_contact_repaired_jac_v3_20261008T143329Z,3,293,46.04609612531795,0.0014791849702474073,0.6,0.06067612432360647,0.2465308283745679,2.4653082837456792,-0.18585470405096144
selective_contact,vessel_invjac_selective_contact_repaired_jac_v3_20261008T143329Z,3,294,46.199327204430176,0.0015564804645395182,0.6,0.2505805513517956,0.2594134107565864,2.5941341075658637,-0.008832859404790835
selective_contact,vessel_invjac_selective_contact_repaired_jac_v3_20261008T143329Z,3,295,46.35248344168847,0.001505610538068587,0.6,0.07315830251740607,0.25093508967809786,2.5093508967809783,-0.1777767871606918
selective_contact,vessel_invjac_selective_contact_repaired_jac_v3_20261008T143329Z,3,296,46.50191427823787,0.0014908196323385127,0.6,0.13326153385940387,0.2484699387230855,2.4846993872308545,-0.11520840486368164
selective_contact,vessel_invjac_selective_contact_repaired_jac_v3_20261008T143329Z,3,297,46.6513151217566,0.0014956330046394762,0.6,0.1629079608661499,0.2492721674399127,2.492721674399127,-0.08636420657376283
selective_contact,vessel_invjac_selective_contact_repaired_jac_v3_20261008T143329Z,3,298,46.80074626872192,0.001492013464538199,0.6,0.22293333527781556,0.24866891075636655,2.4866891075636652,-0.025735575478550998
selective_contact,vessel_invjac_selective_contact_repaired_jac_v3_20261008T143329Z,3,299,46.949793738606495,0.0014897236896216587,0.6,0.3232112703274481,0.24828728160360983,2.4828728160360978,0.07492398872383828
selective_contact,vessel_invjac_selective_contact_repaired_jac_v3_20261008T143329Z,3,300,47.09878768412961,0.001489675629210447,0.6,0.49072242279093814,0.2482792715350745,2.4827927153507447,0.2424431512558637
selective_contact,vessel_invjac_selective_contact_repaired_jac_v3_20261008T143329Z,3,301,47.2475612310999,0.0014848936803538966,0.6,0.05090243021052743,0.24748228005898282,2.474822800589828,-0.1965798498484554
selective_contact,vessel_invjac_selective_contact_repaired_jac_v3_20261008T143329Z,3,302,47.39523291853098,0.0014647046034493168,0.6,0.3684868720244552,0.2441174339082195,2.441174339082195,0.12436943811623571
selective_contact,vessel_invjac_selective_contact_repaired_jac_v3_20261008T143329Z,3,303,47.53983494545175,0.0014266500604517558,0.6,0.4232125673298839,0.23777501007529264,2.3777501007529267,0.18543755725459124
selective_contact,vessel_invjac_selective_contact_repaired_jac_v3_20261008T143329Z,3,304,47.68147466613009,0.001412889915529058,0.6,0.4581277737853071,0.23548165258817635,2.3548165258817635,0.22264612119713076
selective_contact,vessel_invjac_selective_contact_repaired_jac_v3_20261008T143329Z,3,305,47.823685989892155,0.0014342533877887607,0.6,0.017456228089066883,0.2390422312981268,2.3904223129812676,-0.22158600320905994
selective_contact,vessel_invjac_selective_contact_repaired_jac_v3_20261008T143329Z,3,306,47.96840387917648,0.0014599172682877727,0.6,0.1509130265497305,0.2433195447146288,2.433195447146288,-0.09240651816489831
selective_contact,vessel_invjac_selective_contact_repaired_jac_v3_20261008T143329Z,3,307,48.1154739818214,0.0014789676864633582,0.6,-0.09335703296559217,0.24649461441055975,2.464946144105597,-0.33985164737615187
selective_contact,vessel_invjac_selective_contact_repaired_jac_v3_20261008T143329Z,3,308,48.26355471961728,0.0014796837108966097,0.6,0.12994143084092968,0.24661395181610166,2.4661395181610164,-0.11667252097517197
selective_contact,vessel_invjac_selective_contact_repaired_jac_v3_20261008T143329Z,3,309,48.411083858514246,0.0014704117090288532,0.6,0.39727836348499324,0.24506861817147557,2.4506861817147554,0.15220974531351766
selective_contact,vessel_invjac_selective_contact_repaired_jac_v3_20261008T143329Z,3,310,48.55757547349404,0.0014597864418707254,0.6,0.35438238052176274,0.24329774031178755,2.4329774031178757,0.11108464020997519
selective_contact,vessel_invjac_selective_contact_repaired_jac_v3_20261008T143329Z,3,311,48.70342106093334,0.0014592004944872878,0.6,0.2718390480769983,0.243200082414548,2.43200082414548,0.028638965662450357
selective_contact,vessel_invjac_selective_contact_repaired_jac_v3_20261008T143329Z,3,312,48.8494983802018,0.001457763005603821,0.6,-0.09612640679917916,0.24296050093397017,2.429605009339702,-0.3390869077331493
selective_contact,vessel_invjac_selective_contact_repaired_jac_v3_20261008T143329Z,3,313,48.99377562613576,0.001421754508222432,0.6,0.16460316454398338,0.23695908470373866,2.369590847037387,-0.0723559201597553
selective_contact,vessel_invjac_selective_contact_repaired_jac_v3_20261008T143329Z,3,314,49.13426086345443,0.001396768223011817,0.6,0.24266400348386696,0.23279470383530282,2.3279470383530287,0.00986929964856415
selective_contact,vessel_invjac_selective_contact_repaired_jac_v3_20261008T143329Z,3,315,49.27515064634276,0.001428879020969684,0.6,0.28708056070569654,0.23814650349494734,2.3814650349494735,0.0489340572107492
selective_contact,vessel_invjac_selective_contact_repaired_jac_v3_20261008T143329Z,3,316,49.42018164674958,0.001466812427610868,0.6,0.12769519170357313,0.2444687379351447,2.4446873793514468,-0.11677354623157159
selective_contact,vessel_invjac_selective_contact_repaired_jac_v3_20261008T143329Z,3,317,49.56744976390904,0.0014720472304384192,0.6,0.33458348284263195,0.2453412050730699,2.4534120507306985,0.08924227776956203
selective_contact,vessel_invjac_selective_contact_repaired_jac_v3_20261008T143329Z,3,318,49.712954364361444,0.0014308775957950594,0.6,0.10491334764296312,0.23847959929917661,2.384795992991766,-0.1335662516562135
selective_contact,vessel_invjac_selective_contact_repaired_jac_v3_20261008T143329Z,3,319,49.85349766599284,0.0013918403676676373,0.6,0.1033953170016062,0.23197339461127292,2.319733946112729,-0.1285780776096667
selective_contact,vessel_invjac_selective_contact_repaired_jac_v3_20261008T143329Z,3,320,49.99432483941775,0.0014414918266504088,0.6,0.3811848336448733,0.24024863777506814,2.4024863777506815,0.14093619586980516
selective_contact,vessel_invjac_selective_contact_repaired_jac_v3_20261008T143329Z,3,321,50.1423824649234,0.0015037914846825963,0.6,0.03166015668716682,0.2506319141137661,2.5063191411376606,-0.21897175742659927
selective_contact,vessel_invjac_selective_contact_repaired_jac_v3_20261008T143329Z,3,322,50.291387949522175,0.0014641117115413854,0.6,0.22068612804071108,0.2440186185902309,2.4401861859023093,-0.023332490549519826
selective_contact,vessel_invjac_selective_contact_repaired_jac_v3_20261008T143329Z,3,323,50.435956495567055,0.0014365482325566575,0.6,0.2845119063367889,0.2394247054261096,2.394247054261096,0.04508720091067931
selective_contact,vessel_invjac_selective_contact_repaired_jac_v3_20261008T143329Z,3,324,50.580368357183346,0.001451700121094666,0.6,0.41056226572268173,0.24195002018244435,2.419500201824443,0.16861224554023735
selective_contact,vessel_invjac_selective_contact_repaired_jac_v3_20261008T143329Z,3,325,50.725409775830336,0.0014433521422844966,0.6,0.3743048850442037,0.24055869038074945,2.4055869038074946,0.13374619466345422
selective_contact,vessel_invjac_selective_contact_repaired_jac_v3_20261008T143329Z,3,326,50.86879100657942,0.001428637526755196,0.6,0.2765720716488147,0.23810625445919936,2.3810625445919937,0.03846581718961532
selective_contact,vessel_invjac_selective_contact_repaired_jac_v3_20261008T143329Z,3,327,51.012461924763635,0.0014495525420139114,0.6,0.009568736302263403,0.2415920903356519,2.415920903356519,-0.2320233540333885
selective_contact,vessel_invjac_selective_contact_repaired_jac_v3_20261008T143329Z,3,328,51.301210984623744,0.001406622630141311,0.6,0.2419714288650141,0.2344371050235519,2.3443710502355186,0.007534323841462231
selective_contact,vessel_invjac_selective_contact_repaired_jac_v3_20261008T143329Z,3,329,51.301210984623744,0.001406622630141311,0.6,0.38858888167114713,0.2344371050235519,2.3443710502355186,0.15415177664759527
selective_contact,vessel_invjac_selective_contact_repaired_jac_v3_20261008T143329Z,3,330,51.58213340209305,0.00142520494655122,0.6,0.12010933323631434,0.23753415775853667,2.375341577585367,-0.11742482452222233
selective_contact,vessel_invjac_selective_contact_repaired_jac_v3_20261008T143329Z,3,331,51.58213340209305,0.00142520494655122,0.6,0.10415439650466851,0.23753415775853667,2.375341577585367,-0.13337976125386813
selective_contact,vessel_invjac_selective_contact_repaired_jac_v3_20261008T143329Z,3,332,51.724221857258236,0.0014059606894284212,0.6,0.13837394516258428,0.23432678157140355,2.3432678157140354,-0.09595283640881927
selective_contact,vessel_invjac_selective_contact_repaired_jac_v3_20261008T143329Z,3,333,51.86255100312464,0.0013644251286655533,0.6,0.0736645460915284,0.22740418811092558,2.2740418811092553,-0.1537396420193972
selective_contact,vessel_invjac_selective_contact_repaired_jac_v3_20261008T143329Z,3,334,52.13424182041583,0.001363182729831339,0.6,0.1500394813905146,0.2271971216385565,2.271971216385565,-0.0771576402480419
selective_contact,vessel_invjac_selective_contact_repaired_jac_v3_20261008T143329Z,3,335,52.27084724490499,0.0013694955498661792,0.6,0.17918063201032197,0.22824925831102988,2.2824925831102987,-0.04906862630070789
selective_contact,vessel_invjac_selective_contact_repaired_jac_v3_20261008T143329Z,3,336,52.408781569846205,0.0013953341783213458,0.6,0.10875809977037676,0.232555696386891,2.3255569638689098,-0.12379759661651425
selective_contact,vessel_invjac_selective_contact_repaired_jac_v3_20261008T143329Z,3,337,52.550901496930386,0.0014456791891166994,0.6,0.32215345444823384,0.24094653151944992,2.409465315194499,0.08120692292878394
selective_contact,vessel_invjac_selective_contact_repaired_jac_v3_20261008T143329Z,3,338,52.69428845966034,0.0014009788434240023,0.6,-0.06597571911072464,0.23349647390400038,2.3349647390400037,-0.29947219301472505
selective_contact,vessel_invjac_selective_contact_repaired_jac_v3_20261008T143329Z,3,339,52.82861830194953,0.0012971911682437686,0.6,0.3300972509616429,0.2161985280406281,2.161985280406281,0.11389872292101474
selective_contact,vessel_invjac_selective_contact_repaired_jac_v3_20261008T143329Z,3,340,52.95750249873071,0.001300707266243681,0.6,0.03239791471520448,0.21678454437394687,2.1678454437394685,-0.1843866296587424
selective_contact,vessel_invjac_selective_contact_repaired_jac_v3_20261008T143329Z,3,341,53.091347840286296,0.0013707558800954446,0.6,0.015853285406983275,0.2284593133492408,2.284593133492408,-0.2126060279422575
selective_contact,vessel_invjac_selective_contact_repaired_jac_v3_20261008T143329Z,3,342,53.22843730669046,0.0013503053136921276,0.6,0.11660928588607788,0.22505088561535463,2.2505088561535462,-0.10844159972927676
selective_contact,vessel_invjac_selective_contact_repaired_jac_v3_20261008T143329Z,3,343,53.360347081333146,0.0012981615387105741,0.6,0.25757186246841,0.21636025645176235,2.163602564517624,0.04121160601664765
selective_contact,vessel_invjac_selective_contact_repaired_jac_v3_20261008T143329Z,3,344,53.49085166786534,0.0013260494357407418,0.6,0.14631597670740604,0.22100823929012364,2.2100823929012368,-0.07469226258271762
selective_contact,vessel_invjac_selective_contact_repaired_jac_v3_20261008T143329Z,3,345,53.62619917908356,0.0013716540973643734,0.6,0.22463091948161207,0.22860901622739557,2.286090162273956,-0.003978096745783498
selective_contact,vessel_invjac_selective_contact_repaired_jac_v3_20261008T143329Z,3,346,53.76206709818831,0.0013362031617178839,0.6,0.2947662611089328,0.22270052695298065,2.2270052695298066,0.07206573415595213
selective_contact,vessel_invjac_selective_contact_repaired_jac_v3_20261008T143329Z,3,347,53.89381177956557,0.0013110041159966228,0.6,0.1986474213769327,0.21850068599943717,2.1850068599943713,-0.01985326462250448
selective_contact,vessel_invjac_selective_contact_repaired_jac_v3_20261008T143329Z,3,348,54.026522238417286,0.0013516666332518542,0.6,0.28428768196791765,0.2252777722086424,2.2527777220864236,0.05900990975927527
selective_contact,vessel_invjac_selective_contact_repaired_jac_v3_20261008T143329Z,3,349,54.163470356869716,0.0013739878833442655,0.6,0.22785639692740034,0.22899798055737758,2.289979805573776,-0.0011415836299772406
selective_contact,vessel_invjac_selective_contact_repaired_jac_v3_20261008T143329Z,3,350,54.29913185548911,0.0013333891410078538,0.6,0.41842404093564056,0.22223152350130895,2.2223152350130895,0.19619251743433158
selective_contact,vessel_invjac_selective_contact_repaired_jac_v3_20261008T143329Z,3,351,54.431018137832574,0.0013108245708257215,0.6,0.14357029104934327,0.21847076180428693,2.1847076180428693,-0.07490047075494366
selective_contact,vessel_invjac_selective_contact_repaired_jac_v3_20261008T143329Z,3,352,54.562523845997916,0.001321911148422092,0.6,-0.04902178305809457,0.22031852473701538,2.203185247370153,-0.2693403077951099
selective_contact,vessel_invjac_selective_contact_repaired_jac_v3_20261008T143329Z,3,353,54.69521074803496,0.0013304103801787203,0.6,0.0806401062210611,0.22173506336312007,2.2173506336312006,-0.14109495714205894
selective_contact,vessel_invjac_selective_contact_repaired_jac_v3_20261008T143329Z,3,354,54.82812698614145,0.0013231611632759394,0.6,0.2068764511591965,0.22052686054598994,2.205268605459899,-0.013650409386793433
selective_contact,vessel_invjac_selective_contact_repaired_jac_v3_20261008T143329Z,3,355,54.9586695912671,0.0012819387035102692,0.6,0.30063080623806826,0.2136564505850449,2.136564505850449,0.08697435565302336
selective_contact,vessel_invjac_selective_contact_repaired_jac_v3_20261008T143329Z,3,356,55.08417633835279,0.001234390460579253,0.6,0.09531048371334805,0.20573174342987552,2.0573174342987555,-0.11042125971652747
selective_contact,vessel_invjac_selective_contact_repaired_jac_v3_20261008T143329Z,3,357,55.20718432869838,0.0012351888938885167,0.6,0.07830604350345993,0.20586481564808615,2.0586481564808614,-0.12755877214462624
selective_contact,vessel_invjac_selective_contact_repaired_jac_v3_20261008T143329Z,3,358,55.33246858379273,0.0012706839979716145,0.6,0.13197662703257151,0.21178066632860243,2.1178066632860246,-0.07980403929603092
selective_contact,vessel_invjac_selective_contact_repaired_jac_v3_20261008T143329Z,3,359,55.46057460989679,0.0012860887125976735,0.6,0.20386880007552577,0.21434811876627893,2.1434811876627893,-0.010479318690753156
selective_contact,vessel_invjac_selective_contact_repaired_jac_v3_20261008T143329Z,3,360,55.58895049515823,0.0012802888223698032,0.6,0.23126252897463218,0.21338147039496724,2.133814703949672,0.017881058579664936
selective_contact,vessel_invjac_selective_contact_repaired_jac_v3_20261008T143329Z,3,361,55.71669894488865,0.0012752871278614835,0.6,0.22450650082752333,0.21254785464358059,2.125478546435806,0.011958646183942736
selective_contact,vessel_invjac_selective_contact_repaired_jac_v3_20261008T143329Z,3,362,55.84413808281933,0.0012745796397552465,0.6,0.2445284956065521,0.21242993995920778,2.1242993995920774,0.03209855564734432
selective_contact,vessel_invjac_selective_contact_repaired_jac_v3_20261008T143329Z,3,363,55.97182372101195,0.0012804068413747162,0.6,0.046916353386230014,0.2134011402291194,2.134011402291194,-0.1664847868428894
selective_contact,vessel_invjac_selective_contact_repaired_jac_v3_20261008T143329Z,3,364,56.09985785803347,0.001272922996065306,0.6,0.3122247150156312,0.21215383267755103,2.1215383267755104,0.10007088233808019
selective_contact,vessel_invjac_selective_contact_repaired_jac_v3_20261008T143329Z,3,365,56.22488577134294,0.0012198344799195012,0.6,0.27672020693176336,0.2033057466532502,2.0330574665325023,0.07341446027851312
selective_contact,vessel_invjac_selective_contact_repaired_jac_v3_20261008T143329Z,3,366,56.34385203573139,0.0011688555686575623,0.6,0.31654997795554607,0.19480926144292707,1.9480926144292707,0.12174071651261902
selective_contact,vessel_invjac_selective_contact_repaired_jac_v3_20261008T143329Z,3,367,56.46065279596683,0.0011794242714851253,0.6,0.21538633628458825,0.19657071191418757,1.9657071191418758,0.018815624370400692
selective_contact,vessel_invjac_selective_contact_repaired_jac_v3_20261008T143329Z,3,368,56.581215743140675,0.0012313741335015587,0.6,0.28448540848317805,0.20522902225025982,2.052290222502598,0.07925638623291825
selective_contact,vessel_invjac_selective_contact_repaired_jac_v3_20261008T143329Z,3,369,56.705665787163205,0.0012487308711550324,0.6,0.34222170221997317,0.20812181185917208,2.0812181185917207,0.13409989036080108
selective_contact,vessel_invjac_selective_contact_repaired_jac_v3_20261008T143329Z,3,370,56.82970405256594,0.001231336997895776,0.6,0.35880921903218166,0.20522283298262933,2.0522283298262938,0.15358638604955233
selective_contact,vessel_invjac_selective_contact_repaired_jac_v3_20261008T143329Z,3,371,56.95240949254054,0.0012257692960764932,0.6,0.3242416133310968,0.20429488267941556,2.0429488267941553,0.11994673065168125
selective_contact,vessel_invjac_selective_contact_repaired_jac_v3_20261008T143329Z,3,372,57.07522453171446,0.0012291456167834837,0.6,0.044468198469260756,0.2048576027972473,2.048576027972473,-0.16038940432798654
selective_contact,vessel_invjac_selective_contact_repaired_jac_v3_20261008T143329Z,3,373,57.197563798291256,0.0012141461828253765,0.6,0.4358391583956376,0.20235769713756277,2.0235769713756273,0.23348146125807479
selective_contact,vessel_invjac_selective_contact_repaired_jac_v3_20261008T143329Z,3,374,57.31745548853514,0.0011827009887173127,0.6,0.26033708888719076,0.19711683145288547,1.9711683145288545,0.0632202574343053
selective_contact,vessel_invjac_selective_contact_repaired_jac_v3_20261008T143329Z,3,375,57.43413620796705,0.0011512077221255048,0.6,0.1054558468936122,0.19186795368758416,1.9186795368758416,-0.08641210679397196
selective_contact,vessel_invjac_selective_contact_repaired_jac_v3_20261008T143329Z,3,376,57.54791848515064,0.0011286710274969424,0.6,0.04467944877891483,0.18811183791615707,1.8811183791615707,-0.14343238913724224
selective_contact,vessel_invjac_selective_contact_repaired_jac_v3_20261008T143329Z,3,377,57.66158631171644,0.0011562006250943136,0.6,-0.03443161635024694,0.19270010418238562,1.9270010418238561,-0.22713172053263256
selective_contact,vessel_invjac_selective_contact_repaired_jac_v3_20261008T143329Z,3,378,57.781398077961455,0.0012488944215576702,0.6,0.2411432748220932,0.20814907025961174,2.0814907025961173,0.032994204562481456
selective_contact,vessel_invjac_selective_contact_repaired_jac_v3_20261008T143329Z,3,379,57.90977439326018,0.0012948116869675177,0.6,0.3594771496227125,0.21580194782791964,2.158019478279196,0.14367520179479282
selective_contact,vessel_invjac_selective_contact_repaired_jac_v3_20261008T143329Z,3,380,58.036419915267295,0.0012277610955069701,0.6,0.42330476991322286,0.2046268492511617,2.046268492511617,0.21867792066206115
selective_contact,vessel_invjac_selective_contact_repaired_jac_v3_20261008T143329Z,3,381,58.15692398932813,0.0011993737038152868,0.6,0.5678678941772972,0.19989561730254782,1.9989561730254781,0.3679722768747494
selective_contact,vessel_invjac_selective_contact_repaired_jac_v3_20261008T143329Z,3,382,58.27894399482107,0.001252167760469278,0.6,0.2759561612063379,0.20869462674487968,2.0869462674487966,0.06726153446145826
selective_contact,vessel_invjac_selective_contact_repaired_jac_v3_20261008T143329Z,3,383,58.40684726401893,0.0012920928787944453,0.6,-0.0036821441756274,0.21534881313240756,2.1534881313240755,-0.21903095730803498
selective_contact,vessel_invjac_selective_contact_repaired_jac_v3_20261008T143329Z,3,384,58.534969075340776,0.0012615064380730003,0.6,0.11810599250082987,0.21025107301216675,2.1025107301216672,-0.09214508051133687
selective_contact,vessel_invjac_selective_contact_repaired_jac_v3_20261008T143329Z,3,385,58.65939580895571,0.0012331369606465737,0.6,0.35900619282181623,0.20552282677442898,2.0552282677442895,0.15348336604738724
selective_contact,vessel_invjac_selective_contact_repaired_jac_v3_20261008T143329Z,3,386,58.782536619713724,0.0012349526068162777,0.6,0.4384311423062641,0.20582543446937965,2.0582543446937964,0.2326057078368845
selective_contact,vessel_invjac_selective_contact_repaired_jac_v3_20261008T143329Z,3,387,58.90721536763331,0.0012637487128424058,0.6,0.037757925647945,0.21062478547373434,2.1062478547373433,-0.17286685982578934
selective_contact,vessel_invjac_selective_contact_repaired_jac_v3_20261008T143329Z,3,388,59.16407827209815,0.0012209901581691628,0.6,0.3614262481097299,0.2034983596948605,2.0349835969486048,0.1579278884148694
selective_contact,vessel_invjac_selective_contact_repaired_jac_v3_20261008T143329Z,3,389,59.27734685853494,0.0010510015471244154,0.6,0.3368844019540802,0.1751669245207359,1.7516692452073592,0.16171747743334428
selective_contact,vessel_invjac_selective_contact_repaired_jac_v3_20261008T143329Z,3,390,59.37809577928972,0.0009885758676580288,0.6,0.42130772602492783,0.16476264460967147,1.6476264460967145,0.2565450814152564
selective_contact,vessel_invjac_selective_contact_repaired_jac_v3_20261008T143329Z,3,391,59.37809577928972,0.0009885758676580288,0.6,0.34483558614847,0.16476264460967147,1.6476264460967145,0.18007294153879852
selective_contact,vessel_invjac_selective_contact_repaired_jac_v3_20261008T143329Z,3,392,59.48039256103689,0.001083662384758318,0.6,0.4033681410131038,0.18061039745971968,1.806103974597197,0.2227577435533841
selective_contact,vessel_invjac_selective_contact_repaired_jac_v3_20261008T143329Z,3,393,59.59923601204488,0.001297325979485666,0.6,0.3155585354679147,0.21622099658094435,2.1622099658094434,0.0993375388869703
selective_contact,vessel_invjac_selective_contact_repaired_jac_v3_20261008T143329Z,3,394,59.86953005515581,0.0013080561372625756,0.6,0.4994000367853957,0.21800935621042927,2.1800935621042927,0.2813906805749664
selective_contact,vessel_invjac_selective_contact_repaired_jac_v3_20261008T143329Z,3,395,59.99791433598673,0.0012634533987911924,0.6,0.6083477999444185,0.21057556646519876,2.1057556646519875,0.39777223347921975
selective_contact,vessel_invjac_selective_contact_repaired_jac_v3_20261008T143329Z,3,396,60.122198328161794,0.0012190532758309634,0.6,0.7911886406627957,0.20317554597182724,2.0317554597182728,0.5880130946909685
selective_contact,vessel_invjac_selective_contact_repaired_jac_v3_20261008T143329Z,3,397,60.24099490014964,0.0011548024017919694,0.6,0.8952144621881573,0.19246706696532825,1.9246706696532823,0.702747395222829
selective_contact,vessel_invjac_selective_contact_repaired_jac_v3_20261008T143329Z,3,398,60.24099490014964,0.0011548024017919694,0.6,0.8184501063357033,0.19246706696532825,1.9246706696532823,0.625983039370375
selective_contact,vessel_invjac_selective_contact_repaired_jac_v3_20261008T143329Z,3,399,60.35436989492524,0.0011255052790551802,0.6,0.7636909174728999,0.18758421317586338,1.8758421317586338,0.5761067042970366
selective_contact,vessel_invjac_selective_contact_repaired_jac_v3_20261008T143329Z,3,400,60.46886170833046,0.0011832339776300994,0.6,0.7830741727242909,0.1972056629383499,1.9720566293834991,0.5858685097859411
selective_contact,vessel_invjac_selective_contact_repaired_jac_v3_20261008T143329Z,3,401,60.71856027162954,0.0012127686155445564,0.6,1.1817753542208251,0.20212810259075942,2.021281025907594,0.9796472516300657
selective_contact,vessel_invjac_selective_contact_repaired_jac_v3_20261008T143329Z,3,402,60.83359561744981,0.001105855372564739,0.6,1.1854071198829885,0.18430922876078987,1.8430922876078983,1.0010978911221986
selective_contact,vessel_invjac_selective_contact_repaired_jac_v3_20261008T143329Z,3,403,60.94390179590326,0.0011213091443546294,0.6,1.1766093222015925,0.18688485739243826,1.8688485739243823,0.9897244648091542
selective_contact,vessel_invjac_selective_contact_repaired_jac_v3_20261008T143329Z,3,404,61.062275636373265,0.0012500182861565508,0.6,0.8697228381612803,0.20833638102609184,2.083363810260918,0.6613864571351884
selective_contact,vessel_invjac_selective_contact_repaired_jac_v3_20261008T143329Z,3,405,61.18734762473393,0.0012218371257760883,0.6,0.7677593229684945,0.2036395209626814,2.036395209626814,0.5641198020058131
selective_contact,vessel_invjac_selective_contact_repaired_jac_v3_20261008T143329Z,3,406,61.18734762473393,0.0012218371257760883,0.6,0.7704585491456939,0.2036395209626814,2.036395209626814,0.5668190281830124
selective_contact,vessel_invjac_selective_contact_repaired_jac_v3_20261008T143329Z,3,407,61.30133767557936,0.0010667954601144521,0.6,0.7622037504566634,0.1777992433524087,1.777992433524087,0.5844045071042547
selective_contact,vessel_invjac_selective_contact_repaired_jac_v3_20261008T143329Z,3,408,61.51119835544099,0.00111224708289412,0.6,1.028730042478088,0.18537451381568668,1.8537451381568668,0.8433555286624015
selective_contact,vessel_invjac_selective_contact_repaired_jac_v3_20261008T143329Z,3,409,61.62909493863886,0.0012357034841194467,0.6,1.2080734511090085,0.20595058068657449,2.0595058068657446,1.002122870422434
selective_contact,vessel_invjac_selective_contact_repaired_jac_v3_20261008T143329Z,3,410,61.754463698457364,0.00125359975980419,0.6,1.3550038358209164,0.20893329330069835,2.0893329330069834,1.146070542520218
selective_contact,vessel_invjac_selective_contact_repaired_jac_v3_20261008T143329Z,3,411,61.87737851922005,0.0012040453369552217,0.6,1.4978794607432278,0.2006742228258703,2.006742228258703,1.2972052379173575
selective_contact,vessel_invjac_selective_contact_repaired_jac_v3_20261008T143329Z,3,412,61.99514973476823,0.0011511211687851952,0.6,1.5250068213067465,0.1918535281308659,1.9185352813086587,1.3331532931758807
selective_contact,vessel_invjac_selective_contact_repaired_jac_v3_20261008T143329Z,3,413,61.99514973476823,0.0011511211687851952,0.6,1.607950280311215,0.1918535281308659,1.9185352813086587,1.416096752180349
selective_contact,vessel_invjac_selective_contact_repaired_jac_v3_20261008T143329Z,3,414,62.10886764139445,0.0011335792131864245,0.6,1.628483671963572,0.1889298688644041,1.8892986886440408,1.439553803099168
selective_contact,vessel_invjac_selective_contact_repaired_jac_v3_20261008T143329Z,3,415,62.22428225356467,0.0011902258081019357,0.6,1.773683346948424,0.1983709680169893,1.9837096801698928,1.5753123789314345
selective_contact,vessel_invjac_selective_contact_repaired_jac_v3_20261008T143329Z,3,416,62.47340440988657,0.0012158680721784118,0.6,2.0530875135744537,0.202644678696402,2.0264467869640197,1.8504428348780517
selective_contact,vessel_invjac_selective_contact_repaired_jac_v3_20261008T143329Z,3,417,62.5899497777955,0.0011299945079451168,0.6,2.292012559189729,0.18833241799085282,1.883324179908528,2.103680141198876
selective_contact,vessel_invjac_selective_contact_repaired_jac_v3_20261008T143329Z,3,418,62.7027638188854,0.0011460680198680097,0.6,2.3177616649337196,0.1910113366446683,1.910113366446683,2.126750328289051
selective_contact,vessel_invjac_selective_contact_repaired_jac_v3_20261008T143329Z,3,419,62.82223882067736,0.0012456236435138281,0.6,2.3931170328684814,0.20760394058563805,2.0760394058563802,2.1855130922828434
selective_contact,vessel_invjac_selective_contact_repaired_jac_v3_20261008T143329Z,3,420,62.82223882067736,0.0012456236435138281,0.6,2.48487569669647,0.20760394058563805,2.0760394058563802,2.277271756110832
selective_contact,vessel_invjac_selective_contact_repaired_jac_v3_20261008T143329Z,3,421,62.94917283178906,0.0012740866694096195,0.6,2.5016254469587835,0.2123477782349366,2.123477782349366,2.289277668723847
selective_contact,vessel_invjac_selective_contact_repaired_jac_v3_20261008T143329Z,3,422,63.0738944878297,0.001219863630248644,0.6,2.6109591134567083,0.20331060504144066,2.033106050414407,2.4076485084152677
selective_contact,vessel_invjac_selective_contact_repaired_jac_v3_20261008T143329Z,3,423,63.31547715129864,0.0012158779216298334,0.6,2.779417108776343,0.20264632027163892,2.026463202716389,2.576770788504704
selective_contact,vessel_invjac_selective_contact_repaired_jac_v3_20261008T143329Z,3,424,63.436494188471706,0.0011992022497512554,0.6,2.9380295830102128,0.19986704162520924,1.9986704162520923,2.7381625413850035
selective_contact,vessel_invjac_selective_contact_repaired_jac_v3_20261008T143329Z,3,425,63.55422679068548,0.001157414662329202,0.6,2.9730197902581352,0.1929024437215337,1.9290244372153367,2.780117346536602
selective_contact,vessel_invjac_selective_contact_repaired_jac_v3_20261008T143329Z,3,426,63.66967544832007,0.0011608682068143957,0.6,2.8828579686830835,0.19347803446906597,1.9347803446906595,2.6893799342140174
selective_nocontact,vessel_invjac_clip_nocontact_floor255_20261008T151002Z,1,0,0.0,0.0,0.6,0.0,0.0,0.0,0.0
selective_nocontact,vessel_invjac_clip_nocontact_floor255_20261008T151002Z,1,1,0.27904014248587156,0.0025258943186664425,0.6,0.27904014248587156,0.42098238644440716,4.209823864444071,-0.1419422439585356
selective_nocontact,vessel_invjac_clip_nocontact_floor255_20261008T151002Z,1,2,0.531629574352516,0.0025258943186664425,0.6,0.531629574352516,0.42098238644440716,4.209823864444071,0.11064718790810885
selective_nocontact,vessel_invjac_clip_nocontact_floor255_20261008T151002Z,1,3,0.78421900621916,0.0025258943186664425,0.6,0.78421900621916,0.42098238644440716,4.209823864444071,0.36323661977475286
selective_nocontact,vessel_invjac_clip_nocontact_floor255_20261008T151002Z,1,4,0.78421900621916,0.0025258943186664425,0.6,0.78421900621916,0.42098238644440716,4.209823864444071,0.36323661977475286
selective_nocontact,vessel_invjac_clip_nocontact_floor255_20261008T151002Z,1,5,1.0368084380858043,0.0025258943186664425,0.6,0.8419265837491443,0.42098238644440716,4.209823864444071,0.42094419730473714
selective_nocontact,vessel_invjac_clip_nocontact_floor255_20261008T151002Z,1,6,1.289397869952449,0.0025258943186664425,0.6,0.6290966031877481,0.42098238644440716,4.209823864444071,0.20811421674334096
selective_nocontact,vessel_invjac_clip_nocontact_floor255_20261008T151002Z,1,7,1.794576733685738,0.0025258943186664425,0.6,0.15184616012142604,0.42098238644440716,4.209823864444071,-0.26913622632298106
selective_nocontact,vessel_invjac_clip_nocontact_floor255_20261008T151002Z,1,8,2.047166165552382,0.0025258943186664425,0.6,0.061652626493874374,0.42098238644440716,4.209823864444071,-0.35932975995053273
selective_nocontact,vessel_invjac_clip_nocontact_floor255_20261008T151002Z,1,9,2.2997555974190265,0.0025258943186664425,0.6,-0.08200421784533685,0.42098238644440716,4.209823864444071,-0.502986604289744
selective_nocontact,vessel_invjac_clip_nocontact_floor255_20261008T151002Z,1,10,2.552345029285671,0.0025258943186664425,0.6,0.297932848658339,0.42098238644440716,4.209823864444071,-0.12304953778606814
selective_nocontact,vessel_invjac_clip_nocontact_floor255_20261008T151002Z,1,11,2.804934461152316,0.0025258943186664425,0.6,0.2881174934083268,0.42098238644440716,4.209823864444071,-0.13286489303608032
selective_nocontact,vessel_invjac_clip_nocontact_floor255_20261008T151002Z,1,12,2.804934461152316,0.0025258943186664425,0.6,0.7091673755755612,0.42098238644440716,4.209823864444071,0.2881849891311541
selective_nocontact,vessel_invjac_clip_nocontact_floor255_20261008T151002Z,1,13,3.0575238930189594,0.0025258943186664425,0.6,0.6717828387528324,0.42098238644440716,4.209823864444071,0.25080045230842524
selective_nocontact,vessel_invjac_clip_nocontact_floor255_20261008T151002Z,1,14,3.562702756752245,0.0025258943186664425,0.6,0.8779899409753251,0.42098238644440716,4.209823864444071,0.45700755453091796
selective_nocontact,vessel_invjac_clip_nocontact_floor255_20261008T151002Z,1,15,3.8152921886188884,0.0025258943186664425,0.6,0.6986443173265742,0.42098238644440716,4.209823864444071,0.27766193088216706
selective_nocontact,vessel_invjac_clip_nocontact_floor255_20261008T151002Z,1,16,4.067881620485531,0.0025258943186664425,0.6,0.4945562198207436,0.42098238644440716,4.209823864444071,0.07357383337633643
selective_nocontact,vessel_invjac_clip_nocontact_floor255_20261008T151002Z,1,17,4.3204710523521745,0.0025258943186664425,0.6,0.1982537676470031,0.42098238644440716,4.209823864444071,-0.22272861879740408
selective_nocontact,vessel_invjac_clip_nocontact_floor255_20261008T151002Z,1,18,4.573060484218818,0.0025258943186664425,0.6,0.45720331027313765,0.42098238644440716,4.209823864444071,0.036220923828730475
selective_nocontact,vessel_invjac_clip_nocontact_floor255_20261008T151002Z,1,19,4.573060484218818,0.0025258943186664425,0.6,0.630325139680854,0.42098238644440716,4.209823864444071,0.2093427532364469
selective_nocontact,vessel_invjac_clip_nocontact_floor255_20261008T151002Z,1,20,4.825649916085461,0.0025258943186664425,0.6,0.7398600610055936,0.42098238644440716,4.209823864444071,0.3188776745611865
selective_nocontact,vessel_invjac_clip_nocontact_floor255_20261008T151002Z,1,21,5.078239347952104,0.0025258943186664425,0.6,0.8259379074476367,0.42098238644440716,4.209823864444071,0.4049555210032296
selective_nocontact,vessel_invjac_clip_nocontact_floor255_20261008T151002Z,1,22,5.583418211685391,0.0025258943186664425,0.6,1.2751640738577557,0.42098238644440716,4.209823864444071,0.8541816874133485
selective_nocontact,vessel_invjac_clip_nocontact_floor255_20261008T151002Z,1,23,5.836007643552035,0.0025258943186664425,0.6,1.1517973259767738,0.42098238644440716,4.209823864444071,0.7308149395323666
selective_nocontact,vessel_invjac_clip_nocontact_floor255_20261008T151002Z,1,24,6.08859707541868,0.0025258943186664425,0.6,0.7448952309653301,0.42098238644440716,4.209823864444071,0.3239128445209229
selective_nocontact,vessel_invjac_clip_nocontact_floor255_20261008T151002Z,1,25,6.341186507285327,0.0025258943186664425,0.6,0.635496322980937,0.42098238644440716,4.209823864444071,0.2145139365365298
selective_nocontact,vessel_invjac_clip_nocontact_floor255_20261008T151002Z,1,26,6.341186507285327,0.0025258943186664425,0.6,0.387760245480095,0.42098238644440716,4.209823864444071,-0.03322214096431213
selective_nocontact,vessel_invjac_clip_nocontact_floor255_20261008T151002Z,1,27,6.593775939151972,0.0025258943186664425,0.6,0.7316479581982742,0.42098238644440716,4.209823864444071,0.310665571753867
selective_nocontact,vessel_invjac_clip_nocontact_floor255_20261008T151002Z,1,28,6.84636537101862,0.0025258943186664425,0.6,1.0069325612591618,0.42098238644440716,4.209823864444071,0.5859501748147546
selective_nocontact,vessel_invjac_clip_nocontact_floor255_20261008T151002Z,1,29,7.351544234751909,0.0025258943186664425,0.6,0.9064583841275446,0.42098238644440716,4.209823864444071,0.4854759976831375
selective_nocontact,vessel_invjac_clip_nocontact_floor255_20261008T151002Z,1,30,7.603720067563821,0.002475708611405397,0.6,0.5952510467837957,0.41261810190089954,4.126181019008995,0.18263294488289616
selective_nocontact,vessel_invjac_clip_nocontact_floor255_20261008T151002Z,1,31,7.809431546768149,0.0016350363673224755,0.6,0.4938508629731402,0.27250606122041265,2.725060612204126,0.22134480175272758
selective_nocontact,vessel_invjac_clip_nocontact_floor255_20261008T151002Z,1,32,7.958191609215544,0.0014251986194254987,0.6,0.16352812680176854,0.23753310323758314,2.3753310323758314,-0.0740049764358146
selective_nocontact,vessel_invjac_clip_nocontact_floor255_20261008T151002Z,1,33,8.104049570163813,0.001498795120644812,0.6,0.2834420385593255,0.24979918677413537,2.4979918677413537,0.033642851785190137
selective_nocontact,vessel_invjac_clip_nocontact_floor255_20261008T151002Z,1,34,8.255341772543689,0.0015105311745166152,0.6,0.3592685147099024,0.2517551957527692,2.517551957527692,0.10751331895713316
selective_nocontact,vessel_invjac_clip_nocontact_floor255_20261008T151002Z,1,35,8.404982664192776,0.0014871259867361025,0.6,0.33879430726251236,0.2478543311226838,2.4785433112268374,0.09093997613982858
selective_nocontact,vessel_invjac_clip_nocontact_floor255_20261008T151002Z,1,36,8.553614052672371,0.0014884506120266064,0.6,0.10320367159595456,0.24807510200443447,2.480751020044344,-0.1448714304084799
selective_nocontact,vessel_invjac_clip_nocontact_floor255_20261008T151002Z,1,37,8.70260427847708,0.0014901042074226692,0.6,0.23113187666129953,0.24835070123711156,2.4835070123711156,-0.017218824575812034
selective_nocontact,vessel_invjac_clip_nocontact_floor255_20261008T151002Z,1,38,8.851450820192001,0.0014868183015455262,0.6,0.4088065239426424,0.24780305025758775,2.4780305025758773,0.1610034736850546
selective_nocontact,vessel_invjac_clip_nocontact_floor255_20261008T151002Z,1,39,9.000041065690816,0.0014853973090839404,0.6,0.6320955422036576,0.24756621818065677,2.4756621818065674,0.38452932402300083
selective_nocontact,vessel_invjac_clip_nocontact_floor255_20261008T151002Z,1,40,9.148526720901787,0.001483876174630068,0.6,0.4859312362832835,0.24731269577167803,2.4731269577167803,0.23861854051160547
selective_nocontact,vessel_invjac_clip_nocontact_floor255_20261008T151002Z,1,41,9.296739625241301,0.0014804253197215694,0.6,0.5892274543736242,0.24673755328692829,2.4673755328692826,0.34248990108669597
selective_nocontact,vessel_invjac_clip_nocontact_floor255_20261008T151002Z,1,42,9.444821152773178,0.0014826191366075238,0.6,0.0104677575467651,0.24710318943458737,2.4710318943458733,-0.23663543188782227
selective_nocontact,vessel_invjac_clip_nocontact_floor255_20261008T151002Z,1,43,9.593564823126025,0.0014938065505951525,0.6,0.08120517817993544,0.24896775843252544,2.489677584325254,-0.16776258025259003
selective_nocontact,vessel_invjac_clip_nocontact_floor255_20261008T151002Z,1,44,9.743895360280467,0.0015145212259498784,0.6,0.21159125134632362,0.25242020432497975,2.5242020432497974,-0.04082895297865611
selective_nocontact,vessel_invjac_clip_nocontact_floor255_20261008T151002Z,1,45,9.896338026843457,0.0015310506517358718,0.6,0.14741746880059914,0.25517510862264536,2.551751086226453,-0.1077576398220462
selective_nocontact,vessel_invjac_clip_nocontact_floor255_20261008T151002Z,1,46,10.049427526216315,0.0015282132750628974,0.6,0.29820818566448715,0.2547022125104829,2.5470221251048293,0.04350597315400421
selective_nocontact,vessel_invjac_clip_nocontact_floor255_20261008T151002Z,1,47,10.201984867156684,0.0015237952712097724,0.6,0.37057499503772107,0.2539658785349621,2.5396587853496206,0.11660911650275899
selective_nocontact,vessel_invjac_clip_nocontact_floor255_20261008T151002Z,1,48,10.35431375545476,0.0015228541526047538,0.6,0.47678912752643576,0.25380902543412565,2.5380902543412565,0.22298010209231015
selective_nocontact,vessel_invjac_clip_nocontact_floor255_20261008T151002Z,1,49,10.506523496432765,0.0015211507914507276,0.6,0.4517368256811043,0.25352513190845466,2.535251319084546,0.19821169377264963
selective_nocontact,vessel_invjac_clip_nocontact_floor255_20261008T151002Z,1,50,10.658520007807528,0.0015187339336370212,0.6,0.44148656871159453,0.25312232227283693,2.531223222728369,0.1883642464387576
selective_nocontact,vessel_invjac_clip_nocontact_floor255_20261008T151002Z,1,51,10.81026618960008,0.00151628533526946,0.6,0.0315026479036522,0.25271422254491005,2.5271422254491,-0.22121157464125782
selective_nocontact,vessel_invjac_clip_nocontact_floor255_20261008T151002Z,1,52,10.961854930914726,0.0015159020798812123,0.6,0.2927958755894178,0.25265034664686875,2.526503466468687,0.04014552894254905
selective_nocontact,vessel_invjac_clip_nocontact_floor255_20261008T151002Z,1,53,11.113428740514978,0.001514399046459749,0.6,0.48453375534977816,0.2523998410766249,2.5239984107662488,0.23213391427315325
selective_nocontact,vessel_invjac_clip_nocontact_floor255_20261008T151002Z,1,54,11.264424404435188,0.0015047405040067253,0.6,0.16045196369749526,0.2507900840011209,2.507900840011209,-0.09033812030362565
selective_nocontact,vessel_invjac_clip_nocontact_floor255_20261008T151002Z,1,55,11.414947742901443,0.001511857346861506,0.6,0.44580813001313935,0.2519762244769177,2.5197622447691765,0.19383190553622168
selective_nocontact,vessel_invjac_clip_nocontact_floor255_20261008T151002Z,1,56,11.567900363304995,0.001550181326097015,0.6,0.3907925499224181,0.25836355434950253,2.583635543495025,0.1324289955729156
selective_nocontact,vessel_invjac_clip_nocontact_floor255_20261008T151002Z,1,57,11.724548474004223,0.0015793450040556948,0.6,0.049504913995692235,0.26322416734261583,2.632241673426158,-0.2137192533469236
selective_nocontact,vessel_invjac_clip_nocontact_floor255_20261008T151002Z,1,58,11.883159507530893,0.0015903518058864709,0.6,0.1298137010672118,0.26505863431441185,2.650586343144118,-0.13524493324720005
selective_nocontact,vessel_invjac_clip_nocontact_floor255_20261008T151002Z,1,59,12.042161648302596,0.001588060535178287,0.6,0.33941565586698275,0.26467675586304784,2.6467675586304784,0.0747389000039349
selective_nocontact,vessel_invjac_clip_nocontact_floor255_20261008T151002Z,1,60,12.200737105937037,0.001583925877281857,0.6,0.2316071948490741,0.26398764621364285,2.639876462136429,-0.032380451364568755
selective_nocontact,vessel_invjac_clip_nocontact_floor255_20261008T151002Z,1,61,12.359017540539831,0.001581736854710502,0.6,-0.04873012939144594,0.26362280911841707,2.63622809118417,-0.312352938509863
selective_nocontact,vessel_invjac_clip_nocontact_floor255_20261008T151002Z,1,62,12.517071389985814,0.0015792552801848216,0.6,0.007025029659331494,0.263209213364137,2.6320921336413696,-0.2561841837048055
selective_nocontact,vessel_invjac_clip_nocontact_floor255_20261008T151002Z,1,63,12.674851986075074,0.0015762704654855657,0.6,0.19262693940266118,0.2627117442475943,2.627117442475943,-0.07008480484493315
selective_nocontact,vessel_invjac_clip_nocontact_floor255_20261008T151002Z,1,64,12.832317838128526,0.0015732496492272255,0.6,0.08314563290069543,0.2622082748712043,2.6220827487120424,-0.17906264197050886
selective_nocontact,vessel_invjac_clip_nocontact_floor255_20261008T151002Z,1,65,12.989579005914273,0.001572404460017079,0.6,0.020111635348373014,0.2620674100028465,2.6206741000284652,-0.2419557746544735
selective_nocontact,vessel_invjac_clip_nocontact_floor255_20261008T151002Z,1,66,13.146707912847063,0.0015687095294042127,0.6,0.12302448969617963,0.26145158823403547,2.6145158823403545,-0.13842709853785584
selective_nocontact,vessel_invjac_clip_nocontact_floor255_20261008T151002Z,1,67,13.303072093843644,0.0015590285263854574,0.6,0.15921067165492353,0.2598380877309096,2.598380877309096,-0.10062741607598605
selective_nocontact,vessel_invjac_clip_nocontact_floor255_20261008T151002Z,1,68,13.459440403856037,0.0015743682405794169,0.6,0.24365026848101223,0.2623947067632362,2.6239470676323617,-0.018744438282223972
selective_nocontact,vessel_invjac_clip_nocontact_floor255_20261008T151002Z,1,69,13.618621367846933,0.0016068831396283427,0.6,0.08723875525982905,0.26781385660472384,2.6781385660472377,-0.1805751013448948
selective_nocontact,vessel_invjac_clip_nocontact_floor255_20261008T151002Z,1,70,13.779756258039274,0.0016112404076086288,0.6,0.48889026991859375,0.26854006793477153,2.685400679347715,0.2203502019838222
selective_nocontact,vessel_invjac_clip_nocontact_floor255_20261008T151002Z,1,71,13.940612220998258,0.0016064876771288178,0.6,0.6490454762296949,0.26774794618813635,2.677479461881363,0.38129753004155853
selective_nocontact,vessel_invjac_clip_nocontact_floor255_20261008T151002Z,1,72,14.101158493353173,0.0016044635553509109,0.6,0.35365261440659346,0.2674105925584852,2.6741059255848514,0.08624202184810828
selective_nocontact,vessel_invjac_clip_nocontact_floor255_20261008T151002Z,1,73,14.261473043908438,0.0016016465861649627,0.6,0.4930350162156909,0.26694109769416047,2.6694109769416046,0.22609391852153038
selective_nocontact,vessel_invjac_clip_nocontact_floor255_20261008T151002Z,1,74,14.421481705391358,0.0015986209379372839,0.6,0.3733476941592446,0.2664368229895474,2.6643682298954734,0.10691087116969725
selective_nocontact,vessel_invjac_clip_nocontact_floor255_20261008T151002Z,1,75,14.581212042999772,0.0015959610397654471,0.6,0.5957258266271719,0.2659935066275746,2.6599350662757453,0.32973231999959723
selective_nocontact,vessel_invjac_clip_nocontact_floor255_20261008T151002Z,1,76,14.740651195860154,0.0015926906047648043,0.6,0.5225879429009854,0.26544843412746744,2.654484341274674,0.257139508773518
selective_nocontact,vessel_invjac_clip_nocontact_floor255_20261008T151002Z,1,77,14.899779025841008,0.0015903195206433223,0.6,0.5218042486968848,0.2650532534405537,2.6505325344055373,0.25675099525633105
selective_nocontact,vessel_invjac_clip_nocontact_floor255_20261008T151002Z,1,78,15.058789791436821,0.0015897533131368448,0.6,0.37671648530319146,0.2649588855228075,2.6495888552280746,0.11175759978038392
selective_nocontact,vessel_invjac_clip_nocontact_floor255_20261008T151002Z,1,79,15.217432176173725,0.0015814104645741117,0.6,0.3139238290088624,0.263568410762352,2.63568410762352,0.05035541824651042
selective_nocontact,vessel_invjac_clip_nocontact_floor255_20261008T151002Z,1,80,15.375201395416946,0.0015785008951887235,0.6,0.5625081116973405,0.26308348253145397,2.630834825314539,0.2994246291658865
selective_nocontact,vessel_invjac_clip_nocontact_floor255_20261008T151002Z,1,81,15.53447441764882,0.001611023163978677,0.6,0.59527640057272,0.2685038606631129,2.6850386066311285,0.32677253990960714
selective_nocontact,vessel_invjac_clip_nocontact_floor255_20261008T151002Z,1,82,15.69691484080096,0.0016309528392238393,0.6,0.0903398898034613,0.27182547320397327,2.718254732039732,-0.18148558340051194
selective_nocontact,vessel_invjac_clip_nocontact_floor255_20261008T151002Z,1,83,15.859569225243488,0.0016215469998993204,0.6,0.2531569213143996,0.27025783331655345,2.702578333165534,-0.017100912002153846
selective_nocontact,vessel_invjac_clip_nocontact_floor255_20261008T151002Z,1,84,16.021478383664128,0.0016179714742503226,0.6,0.4123269432684502,0.26966191237505377,2.6966191237505375,0.14266503089339638
selective_nocontact,vessel_invjac_clip_nocontact_floor255_20261008T151002Z,1,85,16.18322068506177,0.0016164691410927366,0.6,0.30923385664112146,0.26941152351545616,2.694115235154561,0.039822333125665306
selective_nocontact,vessel_invjac_clip_nocontact_floor255_20261008T151002Z,1,86,16.344699231340357,0.0016130561098390058,0.6,-0.22523041435290736,0.26884268497316766,2.6884268497316763,-0.49407309932607496
selective_nocontact,vessel_invjac_clip_nocontact_floor255_20261008T151002Z,1,87,16.50585406939302,0.0016101740292531776,0.6,-0.16198689598753901,0.26836233820886296,2.6836233820886295,-0.430349234196402
selective_nocontact,vessel_invjac_clip_nocontact_floor255_20261008T151002Z,1,88,16.666735014103473,0.001607332184543692,0.6,-0.16695273031443492,0.2678886974239487,2.6788869742394863,-0.4348414277383836
selective_nocontact,vessel_invjac_clip_nocontact_floor255_20261008T151002Z,1,89,16.827304747399353,0.0016041609911083415,0.6,0.014840778569247703,0.2673601651847236,2.6736016518472363,-0.2525193866154759
selective_nocontact,vessel_invjac_clip_nocontact_floor255_20261008T151002Z,1,90,16.987624882876208,0.0016025664409080285,0.6,0.16030104155638725,0.2670944068180048,2.670944068180048,-0.10679336526161755
selective_nocontact,vessel_invjac_clip_nocontact_floor255_20261008T151002Z,1,91,17.147754734539138,0.0015989373780928636,0.6,0.3179092119112248,0.2664895630154773,2.6648956301547724,0.051419648895747495
selective_nocontact,vessel_invjac_clip_nocontact_floor255_20261008T151002Z,1,92,17.307250106832328,0.0015920631807119483,0.6,0.4839456404042721,0.2653438634519914,2.6534386345199144,0.21860177695228075
selective_nocontact,vessel_invjac_clip_nocontact_floor255_20261008T151002Z,1,93,17.63150387608757,0.0016591376232703771,0.6,0.596162690360952,0.27652293721172955,2.7652293721172954,0.3196397531492225
selective_nocontact,vessel_invjac_clip_nocontact_floor255_20261008T151002Z,1,94,17.79752072124874,0.0016551535429594204,0.6,0.42238769701586776,0.2758589238265701,2.7585892382657007,0.14652877318929763
selective_nocontact,vessel_invjac_clip_nocontact_floor255_20261008T151002Z,1,95,17.962505440941534,0.0016467555888176034,0.6,0.5079633833360262,0.2744592648029339,2.744592648029339,0.23350411853309225
selective_nocontact,vessel_invjac_clip_nocontact_floor255_20261008T151002Z,1,96,18.127137414667217,0.0016458409149144825,0.6,-0.0016591414431523788,0.2743068191524138,2.7430681915241375,-0.27596596059556616
selective_nocontact,vessel_invjac_clip_nocontact_floor255_20261008T151002Z,1,97,18.29155891045424,0.0016421843537423309,0.6,-0.25945293216533827,0.27369739229038853,2.736973922903885,-0.5331503244557269
selective_nocontact,vessel_invjac_clip_nocontact_floor255_20261008T151002Z,1,98,18.455569052787013,0.001638176344896736,0.6,-0.004411284061365706,0.27302939081612265,2.7302939081612267,-0.27744067487748836
selective_nocontact,vessel_invjac_clip_nocontact_floor255_20261008T151002Z,1,99,18.619220222519456,0.0016349366353413679,0.6,0.06959839228286313,0.27248943922356134,2.7248943922356132,-0.2028910469406982
selective_nocontact,vessel_invjac_clip_nocontact_floor255_20261008T151002Z,1,100,18.782571074325844,0.0016320670493121837,0.6,-0.1229223757993303,0.27201117488536397,2.7201117488536397,-0.3949335506846942
selective_nocontact,vessel_invjac_clip_nocontact_floor255_20261008T151002Z,1,101,18.94558351437022,0.0016277761217466697,0.6,0.22218276054512742,0.27129602029111166,2.712960202911116,-0.04911325974598423
selective_nocontact,vessel_invjac_clip_nocontact_floor255_20261008T151002Z,1,102,19.10811324046393,0.0016238431412938866,0.6,0.08916739227415604,0.2706405235489811,2.706405235489811,-0.1814731312748251
selective_nocontact,vessel_invjac_clip_nocontact_floor255_20261008T151002Z,1,103,19.27064944747002,0.001629009729005721,0.6,0.2252590788394393,0.2715016215009536,2.715016215009535,-0.04624254266151427
selective_nocontact,vessel_invjac_clip_nocontact_floor255_20261008T151002Z,1,104,19.434713820402965,0.0016578805513472019,0.6,0.11383656511088702,0.27631342522453367,2.7631342522453366,-0.16247686011364665
selective_nocontact,vessel_invjac_clip_nocontact_floor255_20261008T151002Z,1,105,19.60317511293858,0.001707607102109382,0.6,0.0042353921595754684,0.28460118368489706,2.84601183684897,-0.28036579152532154
selective_nocontact,vessel_invjac_clip_nocontact_floor255_20261008T151002Z,1,106,19.774540057237434,0.0017107996832207743,0.6,0.1568927344793245,0.28513328053679576,2.851332805367957,-0.12824054605747123
selective_nocontact,vessel_invjac_clip_nocontact_floor255_20261008T151002Z,1,107,19.944932057676954,0.0016992362660736158,0.6,0.24353148044257011,0.28320604434560265,2.832060443456027,-0.03967456390303252
selective_nocontact,vessel_invjac_clip_nocontact_floor255_20261008T151002Z,1,108,20.11474098027397,0.0016972696988057526,0.6,0.4133404030395873,0.28287828313429214,2.828782831342921,0.1304621199052952
selective_nocontact,vessel_invjac_clip_nocontact_floor255_20261008T151002Z,1,109,20.2843467736569,0.0016945204036151542,0.6,0.47950497641423695,0.2824200672691924,2.8242006726919238,0.19708490914504456
selective_nocontact,vessel_invjac_clip_nocontact_floor255_20261008T151002Z,1,110,20.453547661321505,0.0016888675361725694,0.6,0.44120754724367117,0.28147792269542826,2.8147792269542826,0.15972962454824288
selective_nocontact,vessel_invjac_clip_nocontact_floor255_20261008T151002Z,1,111,20.62208486030753,0.0016826975229616438,0.6,0.688323614605693,0.28044958716027396,2.80449587160274,0.4078740274454191
selective_nocontact,vessel_invjac_clip_nocontact_floor255_20261008T151002Z,1,112,20.79033605667708,0.001682667330495169,0.6,0.5407981052366218,0.2804445550825282,2.804445550825282,0.2603535501540935
selective_nocontact,vessel_invjac_clip_nocontact_floor255_20261008T151002Z,1,113,20.95822028338145,0.0016717266183627958,0.6,0.41276645852594385,0.278621103060466,2.7862110306046595,0.13414535546547787
selective_nocontact,vessel_invjac_clip_nocontact_floor255_20261008T151002Z,1,114,21.124775897884728,0.0016671881237298328,0.6,0.5142969925077807,0.2778646872883055,2.778646872883055,0.23643230521947525
selective_nocontact,vessel_invjac_clip_nocontact_floor255_20261008T151002Z,1,115,21.294102690611094,0.0017284105556348876,0.6,0.6818420161986509,0.288068425939148,2.8806842593914794,0.3937735902595029
selective_nocontact,vessel_invjac_clip_nocontact_floor255_20261008T151002Z,1,116,21.47057577225264,0.0017968333834179995,0.6,0.20317413380641725,0.2994722305696666,2.994722305696666,-0.09629809676324935
selective_nocontact,vessel_invjac_clip_nocontact_floor255_20261008T151002Z,1,117,21.65236934220152,0.0018308032974863663,0.6,-0.09578021011483173,0.3051338829143944,3.051338829143944,-0.40091409302922615
selective_nocontact,vessel_invjac_clip_nocontact_floor255_20261008T151002Z,1,118,21.835213486672053,0.001822000705616573,0.6,-0.48373522756474685,0.3036667842694289,3.036667842694288,-0.7874020118341758
selective_nocontact,vessel_invjac_clip_nocontact_floor255_20261008T151002Z,1,119,22.016928693555236,0.0018139500638376907,0.6,-0.5644439630256812,0.30232501063961514,3.0232501063961514,-0.8667689736652964
selective_nocontact,vessel_invjac_clip_nocontact_floor255_20261008T151002Z,1,120,22.19811659102358,0.0018095842760292701,0.6,-0.3217801886965326,0.30159737933821174,3.0159737933821167,-0.6233775680347443
selective_nocontact,vessel_invjac_clip_nocontact_floor255_20261008T151002Z,1,121,22.3787837610209,0.0018032385345331408,0.6,-0.13792820248118787,0.3005397557555235,3.005397557555235,-0.4384679582367113
selective_nocontact,vessel_invjac_clip_nocontact_floor255_20261008T151002Z,1,122,22.558653766853844,0.0017943853548773655,0.6,0.035529385276067416,0.2990642258128943,2.9906422581289425,-0.2635348405368269
selective_nocontact,vessel_invjac_clip_nocontact_floor255_20261008T151002Z,1,123,22.73812630497897,0.0017977404005590234,0.6,0.25667712736629866,0.29962340009317057,2.9962340009317057,-0.04294627272687188
selective_nocontact,vessel_invjac_clip_nocontact_floor255_20261008T151002Z,1,124,22.917578373359547,0.0017813595346845806,0.6,0.845106289715094,0.2968932557807635,2.9689325578076344,0.5482130339343305
selective_nocontact,vessel_invjac_clip_nocontact_floor255_20261008T151002Z,1,125,23.09333762778276,0.0017508811890261983,0.6,0.6346760363956889,0.29181353150436645,2.918135315043664,0.3428625048913225
selective_nocontact,vessel_invjac_clip_nocontact_floor255_20261008T151002Z,1,126,23.274825553314887,0.0019222283804855242,0.6,0.5789100066549153,0.32037139674758736,3.2037139674758737,0.2585386099073279
selective_nocontact,vessel_invjac_clip_nocontact_floor255_20261008T151002Z,1,127,23.47652940844239,0.0020524292423613586,0.6,0.8497065526805336,0.3420715403935598,3.420715403935598,0.5076350122869737
selective_nocontact,vessel_invjac_clip_nocontact_floor255_20261008T151002Z,1,128,23.67855294690752,0.0019964451606571208,0.6,0.7807159228504759,0.33274086010952014,3.3274086010952013,0.4479750627409557
selective_nocontact,vessel_invjac_clip_nocontact_floor255_20261008T151002Z,1,129,23.878219735791106,0.001998652102634156,0.6,0.7851412034759377,0.33310868377235936,3.3310868377235936,0.4520325197035784
selective_nocontact,vessel_invjac_clip_nocontact_floor255_20261008T151002Z,1,130,24.07764778299263,0.0019878893514427135,0.6,0.6891603723352446,0.33131489190711894,3.3131489190711894,0.3578454804281257
selective_nocontact,vessel_invjac_clip_nocontact_floor255_20261008T151002Z,1,131,24.275842821040285,0.001976821282998761,0.6,-0.3754466026768206,0.3294702138331268,3.2947021383312682,-0.7049168165099474
selective_nocontact,vessel_invjac_clip_nocontact_floor255_20261008T151002Z,1,132,24.473154068678948,0.0019701148609756465,0.6,-0.9735858803450697,0.32835247682927443,3.2835247682927444,-1.301938357174344
selective_nocontact,vessel_invjac_clip_nocontact_floor255_20261008T151002Z,1,133,24.66973610205326,0.0019587549775325775,0.6,-0.5906006780474264,0.32645916292209626,3.2645916292209627,-0.9170598409695226
selective_nocontact,vessel_invjac_clip_nocontact_floor255_20261008T151002Z,1,134,24.864659738091827,0.0019456129078704247,0.6,-0.4585131386508827,0.3242688179784041,3.2426881797840412,-0.7827819566292868
selective_nocontact,vessel_invjac_clip_nocontact_floor255_20261008T151002Z,1,135,25.061075451470774,0.0019939232073737847,0.6,-0.19664749761398426,0.3323205345622975,3.323205345622975,-0.5289680321762817
selective_nocontact,vessel_invjac_clip_nocontact_floor255_20261008T151002Z,1,136,25.265907120239028,0.0021138319522859086,0.6,0.4431191214417822,0.3523053253809848,3.523053253809848,0.09081379606079738
selective_nocontact,vessel_invjac_clip_nocontact_floor255_20261008T151002Z,1,137,25.481861091474002,0.002173402004664824,0.6,0.5868323388089394,0.3622336674441374,3.6223366744413736,0.22459867136480197
selective_nocontact,vessel_invjac_clip_nocontact_floor255_20261008T151002Z,1,138,25.697354839452917,0.0021415449611216974,0.6,0.7589114125921554,0.3569241601869496,3.569241601869496,0.4019872524052059
selective_nocontact,vessel_invjac_clip_nocontact_floor255_20261008T151002Z,1,139,25.91122972025688,0.0021355922786650107,0.6,0.6885852373606234,0.3559320464441685,3.5593204644416847,0.3326531909164549
selective_nocontact,vessel_invjac_clip_nocontact_floor255_20261008T151002Z,1,140,26.124184262689553,0.0021227869355685994,0.6,-0.08012535379787877,0.3537978225947666,3.5379782259476658,-0.4339231763926454
selective_nocontact,vessel_invjac_clip_nocontact_floor255_20261008T151002Z,1,141,26.33579372752493,0.0021103445346429524,0.6,0.018862235083894063,0.35172408910715874,3.5172408910715878,-0.3328618540232647
selective_nocontact,vessel_invjac_clip_nocontact_floor255_20261008T151002Z,1,142,26.54663863926228,0.0021070482080202766,0.6,0.007933836865774424,0.3511747013367128,3.5117470133671276,-0.3432408644709384
selective_nocontact,vessel_invjac_clip_nocontact_floor255_20261008T151002Z,1,143,26.755856653857848,0.002069002319980216,0.6,0.4063615678184931,0.3448337199967027,3.4483371999670265,0.06152784782179039
selective_nocontact,vessel_invjac_clip_nocontact_floor255_20261008T151002Z,1,144,26.963140500979602,0.0021105475729046616,0.6,0.46817136340788323,0.3517579288174436,3.517579288174436,0.11641343459043964
selective_nocontact,vessel_invjac_clip_nocontact_floor255_20261008T151002Z,1,145,27.182074100475102,0.0022566234653445746,0.6,0.7305495140240765,0.37610391089076245,3.7610391089076245,0.354445603133314
selective_nocontact,vessel_invjac_clip_nocontact_floor255_20261008T151002Z,1,146,27.41013085181219,0.002290733863854719,0.6,0.560819605876933,0.3817889773091199,3.8178897730911987,0.1790306285678131
selective_nocontact,vessel_invjac_clip_nocontact_floor255_20261008T151002Z,1,147,27.63843638353603,0.002272907575282939,0.6,0.38659457353926285,0.37881792921382323,3.7881792921382322,0.0077766443254396024
selective_nocontact,vessel_invjac_clip_nocontact_floor255_20261008T151002Z,1,148,27.864982777214784,0.00225891581175203,0.6,0.05859640980772696,0.37648596862533834,3.7648596862533834,-0.31788955881761133
selective_nocontact,vessel_invjac_clip_nocontact_floor255_20261008T151002Z,1,149,28.090223484903305,0.0022454079729101388,0.6,0.17174463786260574,0.3742346621516898,3.742346621516898,-0.20249002428908405
selective_nocontact,vessel_invjac_clip_nocontact_floor255_20261008T151002Z,1,150,28.313887195036518,0.002227926737704714,0.6,0.15908055200808846,0.37132112295078573,3.713211229507857,-0.21224057094269724
selective_nocontact,vessel_invjac_clip_nocontact_floor255_20261008T151002Z,1,151,28.53660648954134,0.0022287079275146527,0.6,0.02948613984763071,0.3714513212524421,3.7145132125244213,-0.3419651814048114
selective_nocontact,vessel_invjac_clip_nocontact_floor255_20261008T151002Z,1,152,28.75743157181175,0.0021723636761249517,0.6,0.031914522440168014,0.36206061268749196,3.6206061268749195,-0.33014609024732394
selective_nocontact,vessel_invjac_clip_nocontact_floor255_20261008T151002Z,1,153,29.220131991154968,0.0025071457610159856,0.6,0.414361233739708,0.41785762683599764,4.1785762683599765,-0.003496393096289645
selective_nocontact,vessel_invjac_clip_nocontact_floor255_20261008T151002Z,1,154,29.467145535496595,0.0024473445421359695,0.6,0.317149528361508,0.4078907570226616,4.078907570226616,-0.09074122866115357
selective_nocontact,vessel_invjac_clip_nocontact_floor255_20261008T151002Z,1,155,29.711982270967397,0.0024448511756545253,0.6,0.2757465051840846,0.40747519594242093,4.074751959424209,-0.13172869075833635
selective_nocontact,vessel_invjac_clip_nocontact_floor255_20261008T151002Z,1,156,29.711982270967397,0.0024448511756545253,0.6,0.5804616148217363,0.40747519594242093,4.074751959424209,0.17298641887931532
selective_nocontact,vessel_invjac_clip_nocontact_floor255_20261008T151002Z,1,157,29.955334976004462,0.0024232357735904622,0.6,0.2751962554083818,0.4038726289317437,4.038726289317437,-0.12867637352336192
selective_nocontact,vessel_invjac_clip_nocontact_floor255_20261008T151002Z,1,158,30.19692897262926,0.0024096281735248868,0.6,0.6009223899165406,0.4016046955874812,4.0160469558748115,0.19931769432905944
selective_nocontact,vessel_invjac_clip_nocontact_floor255_20261008T151002Z,1,159,30.675967202319768,0.0023775117103840625,0.6,0.6385439518481881,0.3962519517306771,3.9625195173067707,0.24229200011751106
selective_nocontact,vessel_invjac_clip_nocontact_floor255_20261008T151002Z,1,160,30.913685978946617,0.0023930615408895655,0.6,0.890514013201912,0.39884359014826093,3.9884359014826094,0.49167042305365105
selective_nocontact,vessel_invjac_clip_nocontact_floor255_20261008T151002Z,1,161,31.157512552942116,0.0024726834979884927,0.6,0.371160100216791,0.4121139163314155,4.1211391633141545,-0.04095381611462443
selective_nocontact,vessel_invjac_clip_nocontact_floor255_20261008T151002Z,1,162,31.403973544660804,0.002450042996549041,0.6,0.35641704567200705,0.40834049942484024,4.083404994248402,-0.05192345375283316
selective_nocontact,vessel_invjac_clip_nocontact_floor255_20261008T151002Z,1,163,31.403973544660804,0.002450042996549041,0.6,0.16288150093308573,0.40834049942484024,4.083404994248402,-0.24545899849175448
selective_nocontact,vessel_invjac_clip_nocontact_floor255_20261008T151002Z,1,164,31.64819304581594,0.002439962343978591,0.6,0.08706104072980736,0.40666039066309856,4.066603906630985,-0.31959934993329114
selective_nocontact,vessel_invjac_clip_nocontact_floor255_20261008T151002Z,1,165,31.89222686732302,0.0023790993979467107,0.6,0.38832169630413915,0.3965165663244518,3.965165663244518,-0.00819487002031268
selective_nocontact,vessel_invjac_clip_nocontact_floor255_20261008T151002Z,1,166,32.34820427385904,0.0023129298595163474,0.6,0.6534556200766772,0.38548830991939126,3.8548830991939127,0.267967310157286
selective_nocontact,vessel_invjac_clip_nocontact_floor255_20261008T151002Z,1,167,32.57842545130998,0.0022890880750496977,0.6,0.8099726527459943,0.3815146791749497,3.8151467917494966,0.42845797357104454
selective_nocontact,vessel_invjac_clip_nocontact_floor255_20261008T151002Z,1,168,32.8077303006864,0.0023071761856559487,0.6,0.8270660547398201,0.3845293642759915,3.845293642759915,0.44253669046382865
selective_nocontact,vessel_invjac_clip_nocontact_floor255_20261008T151002Z,1,169,33.04086363757251,0.002357109233240689,0.6,0.5164540986632886,0.3928515388734482,3.928515388734482,0.12360255978984046
selective_nocontact,vessel_invjac_clip_nocontact_floor255_20261008T151002Z,1,170,33.04086363757251,0.002357109233240689,0.6,0.799605055274256,0.3928515388734482,3.928515388734482,0.4067535164008078
selective_nocontact,vessel_invjac_clip_nocontact_floor255_20261008T151002Z,1,171,33.51389119729507,0.002349798488298105,0.6,0.9483009868499224,0.3916330813830175,3.916330813830175,0.5566679054669048
selective_nocontact,vessel_invjac_clip_nocontact_floor255_20261008T151002Z,1,172,33.51389119729507,0.002349798488298105,0.6,0.9143618683673793,0.3916330813830175,3.916330813830175,0.5227287869843619
selective_nocontact,vessel_invjac_clip_nocontact_floor255_20261008T151002Z,1,173,33.979313028349274,0.002310205345670969,0.6,1.0613459356644128,0.3850342242784948,3.8503422427849485,0.6763117113859181
selective_nocontact,vessel_invjac_clip_nocontact_floor255_20261008T151002Z,1,174,34.21002311529316,0.002304487519877433,0.6,1.0665680571840497,0.38408125331290555,3.840812533129055,0.6824868038711442
selective_nocontact,vessel_invjac_clip_nocontact_floor255_20261008T151002Z,1,175,34.44018057860276,0.002297588395594047,0.6,1.2562082033846949,0.3829313992656745,3.8293139926567448,0.8732768041190204
selective_nocontact,vessel_invjac_clip_nocontact_floor255_20261008T151002Z,1,176,34.66968596082633,0.0022989389230273424,0.6,1.0905074335445946,0.38315648717122375,3.8315648717122377,0.7073509463733709
selective_nocontact,vessel_invjac_clip_nocontact_floor255_20261008T151002Z,1,177,34.90162048908089,0.0023496050396642665,0.6,1.2557268875146548,0.39160083994404443,3.9160083994404444,0.8641260475706104
selective_nocontact,vessel_invjac_clip_nocontact_floor255_20261008T151002Z,1,178,35.140979198909676,0.002426377431774052,0.6,0.9798806218653056,0.40439623862900864,4.043962386290087,0.5754843832362969
selective_nocontact,vessel_invjac_clip_nocontact_floor255_20261008T151002Z,1,179,35.38251505008512,0.0023967251710642285,0.6,0.8803087740317963,0.3994541951773714,3.9945419517737144,0.4808545788544249
selective_nocontact,vessel_invjac_clip_nocontact_floor255_20261008T151002Z,1,180,35.62123965266923,0.0023793658758752795,0.6,0.6744942861958734,0.3965609793125466,3.9656097931254655,0.2779333068833268
selective_nocontact,vessel_invjac_clip_nocontact_floor255_20261008T151002Z,1,181,35.854218971387,0.0020518567322434012,0.6,0.6822093975774806,0.34197612204056693,3.4197612204056687,0.3402332755369136
selective_nocontact,vessel_invjac_clip_nocontact_floor255_20261008T151002Z,1,182,36.002019401785944,0.0008793835955660757,0.6,0.7683081643310459,0.14656393259434597,1.4656393259434597,0.6217442317366998
selective_nocontact,vessel_invjac_clip_nocontact_floor255_20261008T151002Z,1,183,36.13470699098794,0.0015733643290336164,0.6,0.7886649919068773,0.2622273881722694,2.622273881722694,0.5264376037346079
selective_nocontact,vessel_invjac_clip_nocontact_floor255_20261008T151002Z,1,184,36.283673211691294,0.0015271945959502375,0.6,0.6580241953172674,0.25453243265837294,2.5453243265837293,0.40349176265889447
selective_nocontact,vessel_invjac_clip_nocontact_floor255_20261008T151002Z,1,185,36.46315391648296,0.0018384202546818187,0.6,0.6130875361732677,0.30640337578030313,3.064033757803031,0.30668416039296453
selective_nocontact,vessel_invjac_clip_nocontact_floor255_20261008T151002Z,1,186,36.68289749179735,0.0022955337892627855,0.6,0.48622205056161505,0.38258896487713095,3.8258896487713097,0.10363308568448408
selective_nocontact,vessel_invjac_clip_nocontact_floor255_20261008T151002Z,1,187,36.918100421522276,0.002400119853302577,0.6,0.2394114550196207,0.40001997555042956,4.000199755504296,-0.16060852053080885
selective_nocontact,vessel_invjac_clip_nocontact_floor255_20261008T151002Z,1,188,37.159386671928445,0.002415858751243695,0.6,0.4615686313274381,0.40264312520728257,4.026431252072825,0.05892550612015548
selective_nocontact,vessel_invjac_clip_nocontact_floor255_20261008T151002Z,1,189,37.40054440970581,0.0024077713525529447,0.6,0.5431076995933779,0.4012952254254908,4.012952254254908,0.14181247416788714
selective_nocontact,vessel_invjac_clip_nocontact_floor255_20261008T151002Z,1,190,37.64106730019407,0.002395190615676331,0.6,0.7192908895488443,0.39919843594605514,3.991984359460551,0.3200924536027892
selective_nocontact,vessel_invjac_clip_nocontact_floor255_20261008T151002Z,1,191,37.87761347545792,0.0023377940108499553,0.6,0.9361035103817699,0.3896323351416593,3.896323351416592,0.5464711752401106
selective_nocontact,vessel_invjac_clip_nocontact_floor255_20261008T151002Z,1,192,38.110924927394336,0.0023362310837743423,0.6,0.7111375935174706,0.38937184729572377,3.893718472957237,0.3217657462217469
selective_nocontact,vessel_invjac_clip_nocontact_floor255_20261008T151002Z,1,193,38.34540140191247,0.0023464444784057526,0.6,0.9077997109535971,0.39107407973429215,3.910740797342921,0.516725631219305
selective_nocontact,vessel_invjac_clip_nocontact_floor255_20261008T151002Z,1,194,38.576754580830816,0.0022756701863475785,0.6,1.0852778194548733,0.37927836439126306,3.792783643912631,0.7059994550636102
selective_nocontact,vessel_invjac_clip_nocontact_floor255_20261008T151002Z,1,195,38.80578617640274,0.0023332348850384744,0.6,1.2018695168223772,0.38887248083974574,3.8887248083974577,0.8129970359826314
selective_nocontact,vessel_invjac_clip_nocontact_floor255_20261008T151002Z,1,196,39.04288259987774,0.002392820783076978,0.6,1.546626686368171,0.39880346384616305,3.9880346384616305,1.1478232225220077
selective_nocontact,vessel_invjac_clip_nocontact_floor255_20261008T151002Z,1,197,39.281446586974674,0.0023664606875869647,0.6,1.7959086933024864,0.3944101145978275,3.9441011459782747,1.4014985787046588
selective_nocontact,vessel_invjac_clip_nocontact_floor255_20261008T151002Z,1,198,39.51633569334324,0.0023399975190169496,0.6,1.6693704049536535,0.38999958650282496,3.8999958650282496,1.2793708184508286
selective_nocontact,vessel_invjac_clip_nocontact_floor255_20261008T151002Z,1,199,39.743933901662814,0.0019197176527722525,0.6,1.553799445717658,0.3199529421287088,3.1995294212870875,1.2338465035889494
selective_nocontact,vessel_invjac_clip_nocontact_floor255_20261008T151002Z,1,200,39.913754147844976,0.0014760265300983832,0.6,1.82363268392713,0.24600442168306388,2.4600442168306387,1.577628262244066
selective_nocontact,vessel_invjac_clip_nocontact_floor255_20261008T151002Z,1,201,40.04073056231153,0.0008467549044676035,0.6,1.8387751328795616,0.14112581741126726,1.4112581741126724,1.6976493154682943
selective_nocontact,vessel_invjac_clip_nocontact_floor255_20261008T151002Z,1,202,40.10451502476626,0.0010277192746180823,0.6,1.898724124293551,0.17128654576968042,1.7128654576968039,1.7274375785238707
selective_nocontact,vessel_invjac_clip_nocontact_floor255_20261008T151002Z,1,203,40.232640627542764,0.0012732933264784974,0.6,2.1671645973199247,0.21221555441308293,2.122155544130829,1.954949042906842
selective_nocontact,vessel_invjac_clip_nocontact_floor255_20261008T151002Z,1,204,40.378648901607896,0.001927344101494286,0.6,2.1014337742423237,0.32122401691571434,3.2122401691571434,1.7802097573266094
selective_nocontact,vessel_invjac_clip_nocontact_floor255_20261008T151002Z,1,205,40.570447101439534,0.0023273854517611306,0.6,2.183810929504723,0.3878975752935218,3.878975752935218,1.7959133542112014
selective_nocontact,vessel_invjac_clip_nocontact_floor255_20261008T151002Z,1,206,40.79988388539735,0.002300726741414673,0.6,2.348807180988267,0.38345445690244556,3.8345445690244553,1.9653527240858213
selective_nocontact,vessel_invjac_clip_nocontact_floor255_20261008T151002Z,1,207,41.033642472806484,0.002376331290123888,0.6,2.4997658631383572,0.39605521502064805,3.960552150206481,2.1037106481177092
selective_nocontact,vessel_invjac_clip_nocontact_floor255_20261008T151002Z,1,208,41.270261533175216,0.0023166168593586,0.6,2.5189531596113497,0.38610280989310003,3.861028098931,2.1328503497182494
selective_nocontact,vessel_invjac_clip_nocontact_floor255_20261008T151002Z,1,209,41.501481798764964,0.0023252958598427576,0.6,2.9454671071919947,0.38754930997379294,3.8754930997379295,2.557917797218202
selective_nocontact,vessel_invjac_clip_nocontact_floor255_20261008T151002Z,1,210,41.73481308528334,0.002305629285982439,0.6,2.717613771461977,0.3842715476637399,3.842715476637399,2.3333422237982373
selective_nocontact,vessel_invjac_clip_nocontact_floor255_20261008T151002Z,1,211,41.96178477570937,0.002266706923911206,0.6,2.719526296095694,0.37778448731853437,3.7778448731853436,2.3417418087771593
selective_nocontact,vessel_invjac_clip_nocontact_floor255_20261008T151002Z,1,212,42.19116951057194,0.0022990349324953454,0.6,3.040771605717545,0.38317248874922427,3.8317248874922423,2.6575991169683206
selective_nocontact,vessel_invjac_clip_nocontact_floor255_20261008T151002Z,1,213,42.643459019049175,0.0022725132411769663,0.6,3.4051880065904285,0.37875220686282773,3.7875220686282773,3.0264357997276012
selective_nocontact,vessel_invjac_clip_nocontact_floor255_20261008T151002Z,1,214,42.872012556494326,0.0022973485950923953,0.6,3.3755497063676785,0.38289143251539925,3.8289143251539923,2.9926582738522796
selective_nocontact,vessel_invjac_clip_nocontact_floor255_20261008T151002Z,1,215,43.10261862075349,0.00230487430730202,0.6,3.259346472521351,0.38414571788367,3.8414571788367002,2.8752007546376808
selective_nocontact,vessel_invjac_clip_nocontact_floor255_20261008T151002Z,1,216,43.10261862075349,0.00230487430730202,0.6,3.283077055806892,0.38414571788367,3.8414571788367002,2.8989313379232224
selective_nocontact,vessel_invjac_clip_nocontact_floor255_20261008T151002Z,1,217,43.32923669968238,0.0021587428468381633,0.6,3.477070706693439,0.3597904744730273,3.5979047447302723,3.117280232220412
selective_nocontact,vessel_invjac_clip_nocontact_floor255_20261008T151002Z,1,218,43.62231856648083,0.0015584933872439866,0.6,3.473753560589799,0.25974889787399785,2.5974889787399777,3.214004662715801
selective_nocontact,vessel_invjac_clip_nocontact_floor255_20261008T151002Z,1,219,43.77169717175972,0.0014883651823851345,0.6,3.77319090528632,0.2480608637308558,2.4806086373085576,3.5251300415554643
selective_nocontact,vessel_invjac_clip_nocontact_floor255_20261008T151002Z,1,220,43.94919932808071,0.0017246285537135895,0.6,3.659186829661671,0.28743809228559825,2.8743809228559827,3.371748737376073
selective_nocontact,vessel_invjac_clip_nocontact_floor255_20261008T151002Z,1,221,44.16003777220224,0.0022005738107670598,0.6,3.6808612101199145,0.36676230179450997,3.6676230179451,3.3140989083254047
selective_nocontact,vessel_invjac_clip_nocontact_floor255_20261008T151002Z,1,222,44.380870843899594,0.0022117210953913778,0.6,3.802420303768109,0.3686201825652297,3.6862018256522964,3.433800121202879
selective_nocontact,vessel_invjac_clip_nocontact_floor255_20261008T151002Z,1,223,44.380870843899594,0.0022117210953913778,0.6,3.72711265153405,0.3686201825652297,3.6862018256522964,3.35849246896882
selective_nocontact,vessel_invjac_clip_nocontact_floor255_20261008T151002Z,1,224,44.600711844639356,0.0021865840360692722,0.6,4.272860215297442,0.36443067267821205,3.6443067267821205,3.9084295426192295
selective_nocontact,vessel_invjac_clip_nocontact_floor255_20261008T151002Z,1,225,44.82053345395247,0.002218730339167207,0.6,4.346255005265554,0.36978838986120116,3.6978838986120115,3.976466615404354
selective_nocontact,vessel_invjac_clip_nocontact_floor255_20261008T151002Z,1,226,45.26518653025424,0.0022201785758551892,0.6,4.528049898645456,0.37002976264253157,3.7002976264253156,4.158020136002924
selective_nocontact,vessel_invjac_clip_nocontact_floor255_20261008T151002Z,1,227,45.486728477409166,0.0022042628730260813,0.6,4.613204706444741,0.36737714550434697,3.673771455043469,4.245827560940394
selective_nocontact,vessel_invjac_clip_nocontact_floor255_20261008T151002Z,1,228,45.70609394096182,0.0021911064709805575,0.6,4.784577833275456,0.3651844118300929,3.6518441183009296,4.419393421445363
selective_nocontact,vessel_invjac_clip_nocontact_floor255_20261008T151002Z,1,229,45.925438808123296,0.002185234183704035,0.6,4.716230664893871,0.36420569728400587,3.6420569728400585,4.352024967609865
selective_nocontact,vessel_invjac_clip_nocontact_floor255_20261008T151002Z,1,230,46.14172437698017,0.0021543537982486715,0.6,4.820475447471843,0.3590589663747786,3.5905896637477857,4.461416481097064
selective_nocontact,vessel_invjac_clip_nocontact_floor255_20261008T151002Z,1,231,46.36025176658213,0.002218050851419737,0.6,4.953857316686367,0.36967514190328954,3.696751419032895,4.584182174783078
selective_nocontact,vessel_invjac_clip_nocontact_floor255_20261008T151002Z,1,232,46.58165922572111,0.0021991592508162506,0.6,5.11825091213219,0.3665265418027085,3.6652654180270843,4.751724370329481
selective_nocontact,vessel_invjac_clip_nocontact_floor255_20261008T151002Z,1,233,46.80208121352759,0.0022214037000964117,0.6,5.214244519609913,0.3702339500160687,3.702339500160686,4.844010569593845
selective_nocontact,vessel_invjac_clip_nocontact_floor255_20261008T151002Z,1,234,47.02530568598885,0.0022342247291132302,0.6,5.454154315568665,0.37237078818553837,3.723707881855384,5.081783527383127
selective_nocontact,vessel_invjac_clip_nocontact_floor255_20261008T151002Z,1,235,47.24821383272124,0.0022238644184306364,0.6,5.3324253006292395,0.3706440697384394,3.7064406973843944,4.9617812308908
selective_nocontact,vessel_invjac_clip_nocontact_floor255_20261008T151002Z,1,236,47.470062667959155,0.002213034484734996,0.6,5.3475481216228715,0.36883908078916605,3.6883908078916603,4.978709040833705
selective_nocontact,vessel_invjac_clip_nocontact_floor255_20261008T151002Z,1,237,47.69081819531721,0.0022021648282386434,0.6,5.580521307992839,0.3670274713731073,3.6702747137310725,5.213493836619732
selective_nocontact,vessel_invjac_clip_nocontact_floor255_20261008T151002Z,1,238,47.91051216712925,0.0021917188115178838,0.6,5.348470603175599,0.365286468586314,3.6528646858631397,4.983184134589285
selective_nocontact,vessel_invjac_clip_nocontact_floor255_20261008T151002Z,1,239,48.12916427577196,0.0021814396337833304,0.6,3.8597623447572005,0.36357327229722175,3.635732722972217,3.4961890724599782
selective_nocontact,vessel_invjac_clip_nocontact_floor255_20261008T151002Z,1,240,48.34683134995527,0.002171773193618142,0.6,3.3571643350812366,0.36196219893635706,3.61962198936357,2.9952021361448797
selective_nocontact,vessel_invjac_clip_nocontact_floor255_20261008T151002Z,1,241,48.56343943452705,0.0021603721840089854,0.6,3.4647843909816345,0.3600620306681643,3.6006203066816425,3.1047223603134704
selective_nocontact,vessel_invjac_clip_nocontact_floor255_20261008T151002Z,1,242,48.779237391671245,0.0021572724942837784,0.6,3.8251368056250143,0.3595454157139631,3.595454157139631,3.4655913899110513
selective_nocontact,vessel_invjac_clip_nocontact_floor255_20261008T151002Z,1,243,48.99486332094339,0.0021539121140288398,0.6,3.955223536081867,0.35898535233814,3.5898535233813997,3.596238183743727
selective_nocontact,vessel_invjac_clip_nocontact_floor255_20261008T151002Z,1,244,49.209858997114395,0.002145799753867576,0.6,3.6545914802530177,0.3576332923112627,3.5763329231126266,3.296958187941755
selective_nocontact,vessel_invjac_clip_nocontact_floor255_20261008T151002Z,1,245,49.42397525669426,0.002136146778924249,0.6,3.1209460425586,0.3560244631540415,3.560244631540415,2.7649215794045587
selective_nocontact,vessel_invjac_clip_nocontact_floor255_20261008T151002Z,1,246,49.63707647198635,0.002127069699292056,0.6,3.1963265462520667,0.35451161654867613,3.5451161654867605,2.8418149297033906
selective_nocontact,vessel_invjac_clip_nocontact_floor255_20261008T151002Z,1,247,49.8496417797345,0.0021220029520121193,0.6,3.3580396631992286,0.3536671586686866,3.536671586686866,3.0043725045305423
selective_nocontact,vessel_invjac_clip_nocontact_floor255_20261008T151002Z,1,248,50.06043516795906,0.002093224663950276,0.6,3.0139960806557866,0.34887077732504607,3.4887077732504603,2.6651253033307403
selective_nocontact,vessel_invjac_clip_nocontact_floor255_20261008T151002Z,1,249,50.27214106496485,0.0021623298021785243,0.6,3.103201940123988,0.3603883003630874,3.603883003630874,2.7428136397609006
selective_nocontact,vessel_invjac_clip_nocontact_floor255_20261008T151002Z,1,250,50.49132112365078,0.002188487429842229,0.6,2.6498302751064102,0.3647479049737048,3.647479049737048,2.2850823701327054
selective_nocontact,vessel_invjac_clip_nocontact_floor255_20261008T151002Z,1,251,50.7080531082003,0.002163827011546936,0.6,2.131466052326296,0.36063783525782267,3.6063783525782265,1.7708282170684733
selective_nocontact,vessel_invjac_clip_nocontact_floor255_20261008T151002Z,1,252,50.92627780585516,0.002195262189315139,0.6,1.638709693871661,0.3658770315525232,3.658770315525232,1.2728326623191377
selective_nocontact,vessel_invjac_clip_nocontact_floor255_20261008T151002Z,1,253,51.14540927910793,0.0021818130184376797,0.6,1.465385703569467,0.3636355030729466,3.636355030729466,1.1017502004965203
selective_nocontact,vessel_invjac_clip_nocontact_floor255_20261008T151002Z,1,254,51.36203399724616,0.002152433766511502,0.6,1.2850466543051908,0.3587389610852504,3.5873896108525036,0.9263076932199403
selective_nocontact,vessel_invjac_clip_nocontact_floor255_20261008T151002Z,1,255,51.576972615109085,0.0021480709748208844,0.6,1.163760545674947,0.3580118291368141,3.580118291368141,0.8057487165381327
selective_nocontact,vessel_invjac_clip_nocontact_floor255_20261008T151002Z,1,256,51.79039481103322,0.0021143544646314966,0.6,1.1646854248045386,0.35239241077191613,3.523924107719161,0.8122930140326226
selective_nocontact,vessel_invjac_clip_nocontact_floor255_20261008T151002Z,1,257,52.00062301010206,0.002098437018846143,0.6,1.2425927003790207,0.3497395031410238,3.497395031410238,0.8928531972379968
selective_nocontact,vessel_invjac_clip_nocontact_floor255_20261008T151002Z,1,258,52.20930538119474,0.002060305278564899,0.6,1.2825022467570832,0.34338421309414985,3.433842130941499,0.9391180336629334
selective_nocontact,vessel_invjac_clip_nocontact_floor255_20261008T151002Z,1,259,52.412295607893206,0.0020191866500513496,0.6,1.0512925710508654,0.33653110834189165,3.365311083418916,0.7147614627089738
selective_nocontact,vessel_invjac_clip_nocontact_floor255_20261008T151002Z,1,260,52.616499421523955,0.0020695340960179913,0.6,0.8787585775281315,0.3449223493363319,3.449223493363319,0.5338362281917994
selective_nocontact,vessel_invjac_clip_nocontact_floor255_20261008T151002Z,1,261,52.82463373211414,0.0020828564650546694,0.6,0.6163102183045126,0.3471427441757783,3.471427441757782,0.2691674741287343
selective_nocontact,vessel_invjac_clip_nocontact_floor255_20261008T151002Z,1,262,53.03086701942062,0.0020341376633341694,0.6,0.7083765455776359,0.33902294388902826,3.3902294388902825,0.3693536016886076
selective_nocontact,vessel_invjac_clip_nocontact_floor255_20261008T151002Z,1,263,53.23278437694137,0.0020192938852350317,0.6,0.8233061673366393,0.33654898087250534,3.365489808725053,0.486757186464134
selective_nocontact,vessel_invjac_clip_nocontact_floor255_20261008T151002Z,1,264,53.43616059126247,0.0020462390739576417,0.6,0.9522974077006836,0.341039845659607,3.4103984565960697,0.6112575620410767
selective_nocontact,vessel_invjac_clip_nocontact_floor255_20261008T151002Z,1,265,53.6409812293143,0.002040002770284885,0.6,0.6467396647152697,0.3400004617141475,3.400004617141475,0.3067392030011222
selective_nocontact,vessel_invjac_clip_nocontact_floor255_20261008T151002Z,1,266,53.84223183530445,0.00198771729215825,0.6,0.41472366969232155,0.3312862153597083,3.312862153597083,0.08343745433261321
selective_nocontact,vessel_invjac_clip_nocontact_floor255_20261008T151002Z,1,267,54.041424590968774,0.00200887635172619,0.6,0.5593919717740405,0.33481272528769834,3.3481272528769837,0.22457924648634223
selective_nocontact,vessel_invjac_clip_nocontact_floor255_20261008T151002Z,1,268,54.242112709716125,0.0019849624801979294,0.6,0.5053906895489533,0.3308270800329883,3.3082708003298826,0.17456360951596503
selective_nocontact,vessel_invjac_clip_nocontact_floor255_20261008T151002Z,1,269,54.42448912923874,0.0019359658892874965,0.6,0.5644162889126108,0.3226609815479161,3.226609815479161,0.24175530736469458
selective_nocontact,vessel_invjac_clip_nocontact_floor255_20261008T151002Z,1,270,54.62296974045882,0.002011181649945802,0.6,0.4082230289363977,0.33519694165763364,3.3519694165763365,0.0730260872787641
selective_nocontact,vessel_invjac_clip_nocontact_floor255_20261008T151002Z,1,271,54.81383992402505,0.0019694391406037395,0.6,0.38601528740876745,0.32823985676728995,3.2823985676728995,0.057775430641477485
selective_nocontact,vessel_invjac_clip_nocontact_floor255_20261008T151002Z,1,272,55.011271739998804,0.0019609530489872484,0.6,0.3751020479075251,0.3268255081645414,3.2682550816454143,0.04827653974298369
selective_nocontact,vessel_invjac_clip_nocontact_floor255_20261008T151002Z,1,273,55.20613051649533,0.0018181615580569839,0.6,0.5303694643899988,0.3030269263428307,3.0302692634283064,0.22734253804716803
selective_nocontact,vessel_invjac_clip_nocontact_floor255_20261008T151002Z,1,274,55.52205617377209,0.00162234672912567,0.6,0.35778438978748284,0.270391121520945,2.70391121520945,0.08739326826653779
selective_nocontact,vessel_invjac_clip_nocontact_floor255_20261008T151002Z,1,275,55.52205617377209,0.00162234672912567,0.6,0.2038792968646277,0.270391121520945,2.70391121520945,-0.06651182465631736
selective_nocontact,vessel_invjac_clip_nocontact_floor255_20261008T151002Z,1,276,55.70528479588121,0.0019126700832636887,0.6,0.3871079189737472,0.31877834721061477,3.187783472106148,0.0683295717631324
selective_nocontact,vessel_invjac_clip_nocontact_floor255_20261008T151002Z,1,277,55.89744938778644,0.0019297934046649426,0.6,0.2875285927642679,0.3216322341108238,3.2163223411082376,-0.0341036413465559
selective_nocontact,vessel_invjac_clip_nocontact_floor255_20261008T151002Z,1,278,56.28244205586659,0.0019072970328085756,0.6,0.4230494065438819,0.31788283880142926,3.178828388014293,0.10516656774245262
selective_nocontact,vessel_invjac_clip_nocontact_floor255_20261008T151002Z,1,279,56.47285921865495,0.0019093222470834884,0.6,0.48911454216619177,0.31822037451391477,3.1822037451391476,0.170894167652277
selective_nocontact,vessel_invjac_clip_nocontact_floor255_20261008T151002Z,1,280,56.65735028641291,0.0016362860222762206,0.6,0.6203155760982568,0.2727143370460368,2.7271433704603676,0.34760123905222
selective_nocontact,vessel_invjac_clip_nocontact_floor255_20261008T151002Z,1,281,56.815676919235116,0.0019080541789183649,0.6,0.44426895510231645,0.31800902981972756,3.180090298197275,0.12625992528258892
selective_nocontact,vessel_invjac_clip_nocontact_floor255_20261008T151002Z,1,282,56.9679038854328,0.00112913336131618,0.6,0.30497225423904695,0.18818889355269666,1.8818889355269666,0.11678336068635027
selective_nocontact,vessel_invjac_clip_nocontact_floor255_20261008T151002Z,1,283,56.9679038854328,0.00112913336131618,0.6,0.37227128818831545,0.18818889355269666,1.8818889355269666,0.1840823946356188
selective_nocontact,vessel_invjac_clip_nocontact_floor255_20261008T151002Z,1,284,57.065542274074986,0.0008331342736092824,0.6,0.3041293405488048,0.13885571226821375,1.3885571226821374,0.16527362828059106
selective_nocontact,vessel_invjac_clip_nocontact_floor255_20261008T151002Z,1,285,57.2759619300621,0.0011322399383955416,0.6,0.47529628026999404,0.18870665639925693,1.8870665639925694,0.28658962387073716
selective_nocontact,vessel_invjac_clip_nocontact_floor255_20261008T151002Z,1,286,57.41241665479428,0.00126884822592942,0.6,0.34945883186144755,0.21147470432157006,2.1147470432157003,0.1379841275398775
selective_nocontact,vessel_invjac_clip_nocontact_floor255_20261008T151002Z,1,287,57.550147841956075,0.0018284542062297154,0.6,0.3487070769314542,0.30474236770495255,3.047423677049526,0.0439647092265016
selective_nocontact,vessel_invjac_clip_nocontact_floor255_20261008T151002Z,1,288,57.73739308781764,0.0018692663640255522,0.6,0.2702411571450227,0.31154439400425876,3.115443940042587,-0.04130323685923602
selective_nocontact,vessel_invjac_clip_nocontact_floor255_20261008T151002Z,1,289,57.923628617502125,0.0018608332163170809,0.6,0.4803045792726053,0.3101388693861802,3.1013886938618014,0.1701657098864251
selective_nocontact,vessel_invjac_clip_nocontact_floor255_20261008T151002Z,1,290,57.923628617502125,0.0018608332163170809,0.6,0.5840970144417383,0.3101388693861802,3.1013886938618014,0.2739581450555582
selective_nocontact,vessel_invjac_clip_nocontact_floor255_20261008T151002Z,1,291,58.11046900284641,0.0018737457937432996,0.6,0.4503019018717609,0.3122909656238833,3.122909656238833,0.13801093624787755
selective_nocontact,vessel_invjac_clip_nocontact_floor255_20261008T151002Z,1,292,58.29705773195951,0.0018529249920731146,0.6,0.40308583744674564,0.3088208320121858,3.0882083201218578,0.09426500543455987
selective_nocontact,vessel_invjac_clip_nocontact_floor255_20261008T151002Z,1,293,58.665300765847824,0.001840077069508354,0.6,0.36605946793361,0.30667951158472573,3.066795115847257,0.05937995634888428
selective_nocontact,vessel_invjac_clip_nocontact_floor255_20261008T151002Z,1,294,58.84946996881605,0.0018425162748500923,0.6,0.23847298356344737,0.30708604580834875,3.0708604580834873,-0.06861306224490138
selective_nocontact,vessel_invjac_clip_nocontact_floor255_20261008T151002Z,1,295,58.84946996881605,0.0018425162748500923,0.6,0.2879763102528301,0.30708604580834875,3.0708604580834873,-0.01910973555551863
selective_nocontact,vessel_invjac_clip_nocontact_floor255_20261008T151002Z,1,296,59.2168375938713,0.0018309272987004858,0.6,0.27749598355312344,0.3051545497834143,3.0515454978341428,-0.02765856623029086
selective_nocontact,vessel_invjac_clip_nocontact_floor255_20261008T151002Z,1,297,59.2168375938713,0.0018309272987004858,0.6,0.21429701372600363,0.3051545497834143,3.0515454978341428,-0.09085753605741066
selective_nocontact,vessel_invjac_clip_nocontact_floor255_20261008T151002Z,1,298,59.399829622115924,0.0018293975908720188,0.6,0.25933422499136327,0.3048995984786698,3.048995984786698,-0.04556537348730653
selective_nocontact,vessel_invjac_clip_nocontact_floor255_20261008T151002Z,1,299,59.582755902784584,0.0018280795414835113,0.6,0.5283746661507251,0.30467992358058527,3.046799235805852,0.2236947425701399
selective_nocontact,vessel_invjac_clip_nocontact_floor255_20261008T151002Z,1,300,59.94612120110469,0.0018154309820363754,0.6,0.4424678185809938,0.30257183033939594,3.025718303393959,0.13989598824159788
selective_nocontact,vessel_invjac_clip_nocontact_floor255_20261008T151002Z,1,301,60.128857842127985,0.0018352004071951796,0.6,0.5638888613613062,0.30586673453253,3.0586673453252993,0.25802212682877623
selective_nocontact,vessel_invjac_clip_nocontact_floor255_20261008T151002Z,1,302,60.31166919045444,0.0018163215406697682,0.6,0.28996949554515794,0.3027202567782947,3.0272025677829473,-0.012750761233136813
selective_nocontact,vessel_invjac_clip_nocontact_floor255_20261008T151002Z,1,303,60.49223441079063,0.0017967713729264165,0.6,0.3795360761974109,0.2994618954877361,2.9946189548773607,0.08007418070967484
selective_nocontact,vessel_invjac_clip_nocontact_floor255_20261008T151002Z,1,304,60.49223441079063,0.0017967713729264165,0.6,0.18988338779170277,0.2994618954877361,2.9946189548773607,-0.1095785076960333
selective_nocontact,vessel_invjac_clip_nocontact_floor255_20261008T151002Z,1,305,60.85042968099865,0.001790759569789017,0.6,0.03051673526088905,0.2984599282981696,2.984599282981695,-0.26794319303728054
selective_nocontact,vessel_invjac_clip_nocontact_floor255_20261008T151002Z,1,306,60.85042968099865,0.001790759569789017,0.6,0.014570016716348277,0.2984599282981696,2.984599282981695,-0.28388991158182125
selective_nocontact,vessel_invjac_clip_nocontact_floor255_20261008T151002Z,1,307,61.20807501526739,0.0017893372638606783,0.6,0.22450033671856318,0.29822287731011304,2.9822287731011308,-0.0737225405915499
selective_nocontact,vessel_invjac_clip_nocontact_floor255_20261008T151002Z,1,308,61.387406337956385,0.0017949102000082017,0.6,0.12363798032733087,0.299151700001367,2.9915170000136695,-0.1755137196740361
selective_nocontact,vessel_invjac_clip_nocontact_floor255_20261008T151002Z,1,309,61.56641376442469,0.001782836257979175,0.6,0.02983890594134664,0.29713937632986254,2.971393763298625,-0.2673004703885159
selective_nocontact,vessel_invjac_clip_nocontact_floor255_20261008T151002Z,1,310,61.74377530101031,0.0017638915494576808,0.6,0.1436394384049109,0.2939819249096135,2.939819249096135,-0.1503424865047026
selective_nocontact,vessel_invjac_clip_nocontact_floor255_20261008T151002Z,1,311,61.91983384745096,0.0017641374278419026,0.6,0.30618405321857267,0.29402290464031716,2.940229046403171,0.012161148578255501
selective_nocontact,vessel_invjac_clip_nocontact_floor255_20261008T151002Z,1,312,62.09783288204989,0.0017965731984059645,0.6,0.2109688073207252,0.2994288664009941,2.9942886640099413,-0.0884600590802689
selective_nocontact,vessel_invjac_clip_nocontact_floor255_20261008T151002Z,1,313,62.27834900300363,0.001809025969375637,0.6,0.07036969644746449,0.30150432822927287,3.0150432822927287,-0.23113463178180838
selective_nocontact,vessel_invjac_clip_nocontact_floor255_20261008T151002Z,1,314,62.459344681156075,0.0018112705366060524,0.6,0.27347147374336345,0.30187842276767546,3.018784227676754,-0.028406949024312015
selective_nocontact,vessel_invjac_clip_nocontact_floor255_20261008T151002Z,1,315,62.64053261306399,0.0018105050598155733,0.6,0.41412910696845984,0.30175084330259555,3.017508433025956,0.11237826366586426
selective_nocontact,vessel_invjac_clip_nocontact_floor255_20261008T151002Z,1,316,62.821027857835986,0.0017990645533237598,0.6,0.4566354421279968,0.29984409222062663,2.9984409222062665,0.15679134990737015
selective_nocontact,vessel_invjac_clip_nocontact_floor255_20261008T151002Z,1,317,63.000889983941306,0.0018012685590288228,0.6,0.617367464438459,0.3002114265048038,3.002114265048038,0.3171560379336552
selective_nocontact,vessel_invjac_clip_nocontact_floor255_20261008T151002Z,1,318,63.1812088436835,0.0018014165749338025,0.6,0.6791701903316323,0.30023609582230043,3.0023609582230044,0.3789340945093318
selective_nocontact,vessel_invjac_clip_nocontact_floor255_20261008T151002Z,1,319,63.36059877631399,0.0017883895851408095,0.6,0.6925234036683392,0.29806493085680164,2.9806493085680157,0.39445847281153756
selective_nocontact,vessel_invjac_clip_nocontact_floor255_20261008T151002Z,1,320,63.5397629884971,0.0017980135005083299,0.6,0.7575048404805926,0.29966891675138835,2.996689167513883,0.45783592372920434
selective_nocontact,vessel_invjac_clip_nocontact_floor255_20261008T151002Z,1,321,63.719616657387206,0.0017928686701983764,0.6,0.429118240006666,0.2988114450330628,2.9881144503306274,0.13030679497360323
selective_nocontact,vessel_invjac_clip_nocontact_floor255_20261008T151002Z,1,322,63.89787479761214,0.0017757202058101798,0.6,0.6095075607859002,0.29595336763503,2.9595336763502997,0.31355419315087013
selective_nocontact,vessel_invjac_clip_nocontact_floor255_20261008T151002Z,1,323,64.0755879679429,0.0017812643413323576,0.6,0.770276194292201,0.29687739022205967,2.968773902220596,0.47339880407014134
selective_nocontact,vessel_invjac_clip_nocontact_floor255_20261008T151002Z,1,324,64.25417990648,0.001790163498134915,0.6,0.6382484886652122,0.29836058302248586,2.9836058302248585,0.33988790564272636
selective_nocontact,vessel_invjac_clip_nocontact_floor255_20261008T151002Z,1,325,64.43297350954566,0.0017805179602502458,0.6,0.6161887115017137,0.29675299337504096,2.9675299337504097,0.3194357181266727
selective_nocontact,vessel_invjac_clip_nocontact_floor255_20261008T151002Z,1,326,64.60957316890128,0.0017560275993405,0.6,0.582340305165431,0.29267126655675,2.9267126655675,0.289669038608681
selective_nocontact,vessel_invjac_clip_nocontact_floor255_20261008T151002Z,1,327,64.78582026910368,0.0017756181875892723,0.6,0.4867022584198253,0.2959363645982121,2.959363645982121,0.1907658938216132
selective_nocontact,vessel_invjac_clip_nocontact_floor255_20261008T151002Z,1,328,64.96421380953247,0.0017843958707144736,0.6,0.3893418579522745,0.29739931178574563,2.9739931178574563,0.09194254616652886
selective_nocontact,vessel_invjac_clip_nocontact_floor255_20261008T151002Z,1,329,65.14186911150166,0.0017705335644245723,0.6,0.478551491098969,0.2950889274040954,2.950889274040954,0.18346256369487363
selective_nocontact,vessel_invjac_clip_nocontact_floor255_20261008T151002Z,1,330,65.31892915725479,0.0017721057786302028,0.6,0.7350076836113288,0.29535096310503384,2.953509631050338,0.43965672050629506
selective_nocontact,vessel_invjac_clip_nocontact_floor255_20261008T151002Z,1,331,65.49594037612894,0.0017658486248999371,0.6,0.8217102618400247,0.2943081041499896,2.9430810414998954,0.5274021576900352
selective_nocontact,vessel_invjac_clip_nocontact_floor255_20261008T151002Z,1,332,65.67198694906455,0.0017564371215539629,0.6,0.9047484840454842,0.29273952025899386,2.927395202589938,0.6120089637864904
selective_nocontact,vessel_invjac_clip_nocontact_floor255_20261008T151002Z,1,333,65.84748844660739,0.0017541952716312499,0.6,0.6414995750283055,0.2923658786052084,2.923658786052083,0.3491336964230971
selective_nocontact,vessel_invjac_clip_nocontact_floor255_20261008T151002Z,1,334,66.02283279659449,0.001752691844510994,0.6,0.8349452388470269,0.292115307418499,2.92115307418499,0.542829931428528
selective_nocontact,vessel_invjac_clip_nocontact_floor255_20261008T151002Z,1,335,66.1980765129746,0.0017526240307577424,0.6,0.7142763056224339,0.2921040051262905,2.9210400512629042,0.4221723004961435
selective_nocontact,vessel_invjac_clip_nocontact_floor255_20261008T151002Z,1,336,66.37337216014663,0.0017523754819909916,0.6,0.7845721247332023,0.29206258033183197,2.9206258033183197,0.49250954440137024
selective_nocontact,vessel_invjac_clip_nocontact_floor255_20261008T151002Z,1,337,66.54827439094898,0.0017450513279943073,0.6,0.8407170504545576,0.29084188799905125,2.908418879990512,0.5498751624555063
selective_nocontact,vessel_invjac_clip_nocontact_floor255_20261008T151002Z,1,338,66.72261708298936,0.0017437320171859924,0.6,1.0971157089782224,0.29062200286433215,2.906220028643321,0.8064937061138902
selective_nocontact,vessel_invjac_clip_nocontact_floor255_20261008T151002Z,1,339,66.89704100099074,0.0017419433222512104,0.6,0.7888498769240044,0.29032388704186846,2.903238870418684,0.498525989882136
selective_nocontact,vessel_invjac_clip_nocontact_floor255_20261008T151002Z,1,340,67.06578633653581,0.0015202639990388766,0.6,0.9325626787725554,0.25337733317314615,2.533773331731461,0.6791853455994092
selective_nocontact,vessel_invjac_clip_nocontact_floor255_20261008T151002Z,1,341,67.23396127789897,0.0016613594582309782,0.6,0.9709224226068187,0.2768932430384964,2.7689324303849636,0.6940291795683223
selective_nocontact,vessel_invjac_clip_nocontact_floor255_20261008T151002Z,1,342,67.40619058321269,0.0017553344581465165,0.6,1.0460378755390423,0.29255574302441945,2.925557430244194,0.7534821325146227
selective_nocontact,vessel_invjac_clip_nocontact_floor255_20261008T151002Z,1,343,67.75358541047578,0.0017259733270346815,0.6,0.9043112630854182,0.28766222117244694,2.8766222117244693,0.6166490419129713
selective_nocontact,vessel_invjac_clip_nocontact_floor255_20261008T151002Z,1,344,67.75358541047578,0.0017259733270346815,0.6,0.9144078898609393,0.28766222117244694,2.8766222117244693,0.6267456686884925
selective_nocontact,vessel_invjac_clip_nocontact_floor255_20261008T151002Z,1,345,68.09877013311277,0.0017230903058967366,0.6,1.2670481406064198,0.2871817176494561,2.8718171764945613,0.9798664229569636
selective_nocontact,vessel_invjac_clip_nocontact_floor255_20261008T151002Z,1,346,68.27098746323387,0.0017216300571474572,0.6,1.4044030713271098,0.2869383428579096,2.8693834285790953,1.1174647284692
selective_nocontact,vessel_invjac_clip_nocontact_floor255_20261008T151002Z,1,347,68.44295115107771,0.0017161302797246518,0.6,1.3807244585739369,0.286021713287442,2.86021713287442,1.0947027452864948
selective_nocontact,vessel_invjac_clip_nocontact_floor255_20261008T151002Z,1,348,68.61407935476221,0.0017086570203639745,0.6,1.2798529661904894,0.28477617006066247,2.847761700606624,0.9950767961298269
selective_nocontact,vessel_invjac_clip_nocontact_floor255_20261008T151002Z,1,349,68.78537342333152,0.0017197585087169959,0.6,1.3221456839814039,0.2866264181194993,2.8662641811949934,1.0355192658619046
selective_nocontact,vessel_invjac_clip_nocontact_floor255_20261008T151002Z,1,350,68.78537342333152,0.0017197585087169959,0.6,1.2803819286887261,0.2866264181194993,2.8662641811949934,0.993755510569227
selective_nocontact,vessel_invjac_clip_nocontact_floor255_20261008T151002Z,1,351,68.9577650194995,0.0017244120630881185,0.6,1.4268692289578837,0.2874020105146865,2.8740201051468643,1.1394672184431973
selective_nocontact,vessel_invjac_clip_nocontact_floor255_20261008T151002Z,1,352,69.12984753067988,0.0017182505492085234,0.6,1.615995073899029,0.28637509153475393,2.863750915347539,1.329619982364275
selective_nocontact,vessel_invjac_clip_nocontact_floor255_20261008T151002Z,1,353,69.47421899930515,0.0017236381817949677,0.6,1.8635849096167902,0.28727303029916135,2.872730302991613,1.576311879317629
selective_nocontact,vessel_invjac_clip_nocontact_floor255_20261008T151002Z,1,354,69.64634194720897,0.0017182159454217638,0.6,1.8626721726869846,0.2863693242369607,2.8636932423696067,1.5763028484500239
selective_nocontact,vessel_invjac_clip_nocontact_floor255_20261008T151002Z,1,355,69.81778776038509,0.0017106833567321462,0.6,1.988527646065961,0.28511389278869104,2.8511389278869106,1.70341375327727
selective_nocontact,vessel_invjac_clip_nocontact_floor255_20261008T151002Z,1,356,69.98861110699984,0.0017065252510290512,0.6,2.1283644816237057,0.2844208751715086,2.8442087517150854,1.8439436064521968
selective_nocontact,vessel_invjac_clip_nocontact_floor255_20261008T151002Z,1,357,69.98861110699984,0.0017065252510290512,0.6,2.1372882305126666,0.2844208751715086,2.8442087517150854,1.8528673553411579
selective_nocontact,vessel_invjac_clip_nocontact_floor255_20261008T151002Z,1,358,70.15911266378266,0.0017028082768032876,0.6,1.950346194183254,0.2838013794672146,2.838013794672146,1.6665448147160395
selective_nocontact,vessel_invjac_clip_nocontact_floor255_20261008T151002Z,1,359,70.32905493495655,0.001696339093195259,0.6,2.1443093674565716,0.28272318219920983,2.8272318219920987,1.8615861852573619
selective_nocontact,vessel_invjac_clip_nocontact_floor255_20261008T151002Z,1,360,70.66841647912491,0.001696456432811628,0.6,2.3681060637303517,0.282742738801938,2.82742738801938,2.085363324928414
selective_nocontact,vessel_invjac_clip_nocontact_floor255_20261008T151002Z,1,361,70.83760836201628,0.0016872266539888286,0.6,2.5044594351406033,0.2812044423314714,2.8120444233147146,2.2232549928091316
selective_nocontact,vessel_invjac_clip_nocontact_floor255_20261008T151002Z,1,362,71.00609558102146,0.0016838388821400646,0.6,2.581762880344968,0.2806398136900108,2.806398136900108,2.301123066654957
selective_nocontact,vessel_invjac_clip_nocontact_floor255_20261008T151002Z,1,363,71.17433632092933,0.0016794407122502355,0.6,2.561011306053558,0.27990678537503927,2.7990678537503926,2.281104520678519
selective_nocontact,vessel_invjac_clip_nocontact_floor255_20261008T151002Z,1,364,71.17433632092933,0.0016794407122502355,0.6,2.6399529157968686,0.27990678537503927,2.7990678537503926,2.3600461304218294
selective_nocontact,vessel_invjac_clip_nocontact_floor255_20261008T151002Z,1,365,71.34174162424532,0.001669194283924724,0.6,2.715407654359865,0.2781990473207873,2.7819904732078733,2.4372086070390777
selective_nocontact,vessel_invjac_clip_nocontact_floor255_20261008T151002Z,1,366,71.50851368898857,0.0016681593318523334,0.6,2.8681767449014046,0.2780265553087223,2.7802655530872222,2.590150189592682
selective_nocontact,vessel_invjac_clip_nocontact_floor255_20261008T151002Z,1,367,71.8433604366658,0.0016788662726610545,0.6,2.8169724281569017,0.2798110454435091,2.798110454435091,2.5371613827133928
selective_nocontact,vessel_invjac_clip_nocontact_floor255_20261008T151002Z,1,368,72.01073073667443,0.00166523562480177,0.6,2.930999112584061,0.27753927080029506,2.7753927080029497,2.653459841783766
selective_nocontact,vessel_invjac_clip_nocontact_floor255_20261008T151002Z,1,369,72.17629588841622,0.00164769868074435,0.6,2.8884067344298074,0.274616446790725,2.74616446790725,2.613790287639082
selective_nocontact,vessel_invjac_clip_nocontact_floor255_20261008T151002Z,1,370,72.34065496227741,0.0016428378206438008,0.6,3.0417263108284374,0.2738063034406335,2.7380630344063346,2.767920007387804
selective_nocontact,vessel_invjac_clip_nocontact_floor255_20261008T151002Z,1,371,72.50564450793978,0.001636034486807178,0.6,3.126664826922564,0.27267241446786306,2.7267241446786303,2.853992412454701
selective_nocontact,vessel_invjac_clip_nocontact_floor255_20261008T151002Z,1,372,72.50564450793978,0.001636034486807178,0.6,3.175610678022977,0.27267241446786306,2.7267241446786303,2.9029382635551144
selective_nocontact,vessel_invjac_clip_nocontact_floor255_20261008T151002Z,1,373,72.65725537368102,0.001640431302434705,0.6,3.308313413039585,0.2734052170724509,2.7340521707245085,3.0349081959671342
selective_nocontact,vessel_invjac_clip_nocontact_floor255_20261008T151002Z,1,374,72.986860282962,0.0016417037934670167,0.6,3.203907269964702,0.2736172989111694,2.7361729891116946,2.930289971053533
selective_nocontact,vessel_invjac_clip_nocontact_floor255_20261008T151002Z,1,375,73.15123793845905,0.0016440965379337644,0.6,3.330241436423151,0.2740160896556274,2.7401608965562745,3.0562253467675236
selective_nocontact,vessel_invjac_clip_nocontact_floor255_20261008T151002Z,1,376,73.31529842262096,0.0016365213005746161,0.6,3.4262251492094293,0.27275355009576935,2.727535500957694,3.1534715991136597
selective_nocontact,vessel_invjac_clip_nocontact_floor255_20261008T151002Z,1,377,73.47899895382727,0.0016401699275273645,0.6,3.521922580485054,0.27336165458789413,2.7336165458789408,3.2485609258971597
selective_nocontact,vessel_invjac_clip_nocontact_floor255_20261008T151002Z,1,378,73.64330181839702,0.001641461720037937,0.6,3.5672738313976566,0.27357695333965615,2.7357695333965615,3.2936968780580003
selective_nocontact,vessel_invjac_clip_nocontact_floor255_20261008T151002Z,1,379,73.80640666833229,0.0016198684692220583,0.6,3.7103374095411965,0.2699780782036764,2.699780782036764,3.4403593313375205
selective_nocontact,vessel_invjac_clip_nocontact_floor255_20261008T151002Z,1,380,73.96890266764416,0.0016405788398353347,0.6,3.5118019343286875,0.2734298066392225,2.7342980663922245,3.2383721276894653
selective_nocontact,vessel_invjac_clip_nocontact_floor255_20261008T151002Z,1,381,74.13498383634028,0.0016680720025742145,0.6,3.7369159387021256,0.27801200042903584,2.7801200042903575,3.4589039382730897
selective_nocontact,vessel_invjac_clip_nocontact_floor255_20261008T151002Z,1,382,74.29920102644711,0.0016084327406590006,0.6,3.7941446782472923,0.26807212344316683,2.6807212344316675,3.5260725548041254
selective_nocontact,vessel_invjac_clip_nocontact_floor255_20261008T151002Z,1,383,74.45843331109187,0.0015903698715623743,0.6,3.8553490128984294,0.2650616452603958,2.6506164526039573,3.5902873676380334
selective_nocontact,vessel_invjac_clip_nocontact_floor255_20261008T151002Z,1,384,74.6189773050047,0.0016186487214269534,0.6,4.045907649385043,0.26977478690449225,2.6977478690449224,3.776132862480551
selective_nocontact,vessel_invjac_clip_nocontact_floor255_20261008T151002Z,1,385,74.78083574596862,0.0016142763283093261,0.6,4.17977630059589,0.2690460547182211,2.69046054718221,3.9107302458776685
selective_nocontact,vessel_invjac_clip_nocontact_floor255_20261008T151002Z,1,386,74.94261881726696,0.001630538142644139,0.6,3.8677138815716887,0.27175635710735657,2.717563571073565,3.5959575244643323
selective_nocontact,vessel_invjac_clip_nocontact_floor255_20261008T151002Z,1,387,75.10745213834281,0.0016422075752832665,0.6,3.920203083974002,0.2737012625472111,2.737012625472111,3.646501821426791
selective_nocontact,vessel_invjac_clip_nocontact_floor255_20261008T151002Z,1,388,75.26134087633801,0.0012759332074549418,0.6,4.085965263730529,0.21265553457582367,2.1265553457582365,3.8733097291547054
selective_nocontact,vessel_invjac_clip_nocontact_floor255_20261008T151002Z,1,389,75.32385027666655,0.0,0.6,4.166454306964852,0.0,0.0,4.166454306964852
selective_nocontact,vessel_invjac_clip_nocontact_floor255_20261008T151002Z,1,390,75.32385027666655,0.0,0.6,4.155444130375898,0.0,0.0,4.155444130375898
selective_nocontact,vessel_invjac_clip_nocontact_floor255_20261008T151002Z,1,391,75.32385027666655,0.0,0.6,4.166448996878259,0.0,0.0,4.166448996878259
selective_nocontact,vessel_invjac_clip_nocontact_floor255_20261008T151002Z,1,392,75.32385027666655,0.0,0.6,4.092473342020256,0.0,0.0,4.092473342020256
selective_nocontact,vessel_invjac_clip_nocontact_floor255_20261008T151002Z,1,393,75.32385027666655,0.0,0.6,4.1873215527440095,0.0,0.0,4.1873215527440095
selective_nocontact,vessel_invjac_clip_nocontact_floor255_20261008T151002Z,1,394,75.32385027666655,0.0,0.6,4.123026406697065,0.0,0.0,4.123026406697065
selective_nocontact,vessel_invjac_clip_nocontact_floor255_20261008T151002Z,1,395,75.32385027666655,0.0,0.6,4.075867551208134,0.0,0.0,4.075867551208134
selective_nocontact,vessel_invjac_clip_nocontact_floor255_20261008T151002Z,1,396,75.32385027666655,0.0,0.6,4.094728602082128,0.0,0.0,4.094728602082128
selective_nocontact,vessel_invjac_clip_nocontact_floor255_20261008T151002Z,1,397,75.32385027666655,0.0,0.6,4.080742763683716,0.0,0.0,4.080742763683716
selective_nocontact,vessel_invjac_clip_nocontact_floor255_20261008T151002Z,1,398,75.32385027666655,0.0,0.6,4.056750731163348,0.0,0.0,4.056750731163348
selective_nocontact,vessel_invjac_clip_nocontact_floor255_20261008T151002Z,1,399,75.32385027666655,0.0,0.6,4.007756488556325,0.0,0.0,4.007756488556325
selective_nocontact,vessel_invjac_clip_nocontact_floor255_20261008T151002Z,1,400,75.32385027666655,0.0,0.6,3.9347414504581764,0.0,0.0,3.9347414504581764
selective_nocontact,vessel_invjac_clip_nocontact_floor255_20261008T151002Z,1,401,75.32385027666655,0.0,0.6,4.09473568219758,0.0,0.0,4.09473568219758
selective_nocontact,vessel_invjac_clip_nocontact_floor255_20261008T151002Z,1,402,75.32385027666655,0.0,0.6,3.9107396827790666,0.0,0.0,3.9107396827790666
selective_nocontact,vessel_invjac_clip_nocontact_floor255_20261008T151002Z,1,403,75.32385027666655,0.0,0.6,3.901725080922091,0.0,0.0,3.901725080922091
selective_nocontact,vessel_invjac_clip_nocontact_floor255_20261008T151002Z,1,404,75.32385027666655,0.0,0.6,3.8977441091239626,0.0,0.0,3.8977441091239626
selective_nocontact,vessel_invjac_clip_nocontact_floor255_20261008T151002Z,1,405,75.32385027666655,0.0,0.6,3.906748090807767,0.0,0.0,3.9067480908077674
selective_nocontact,vessel_invjac_clip_nocontact_floor255_v2_20261008T151244Z,2,0,0.0,0.0,0.6,0.0,0.0,0.0,0.0
selective_nocontact,vessel_invjac_clip_nocontact_floor255_v2_20261008T151244Z,2,1,0.07089046787857123,0.0014178093575714246,0.6,0.07089046787857123,0.23630155959523746,2.363015595952375,-0.16541109171666624
selective_nocontact,vessel_invjac_clip_nocontact_floor255_v2_20261008T151244Z,2,2,0.27904014248587156,0.0025258943186664425,0.6,0.27904014248587156,0.42098238644440716,4.209823864444071,-0.1419422439585356
selective_nocontact,vessel_invjac_clip_nocontact_floor255_v2_20261008T151244Z,2,3,0.531629574352516,0.0025258943186664425,0.6,0.531629574352516,0.42098238644440716,4.209823864444071,0.11064718790810885
selective_nocontact,vessel_invjac_clip_nocontact_floor255_v2_20261008T151244Z,2,4,0.78421900621916,0.0025258943186664425,0.6,0.78421900621916,0.42098238644440716,4.209823864444071,0.36323661977475286
selective_nocontact,vessel_invjac_clip_nocontact_floor255_v2_20261008T151244Z,2,5,1.0368084380858043,0.0025258943186664425,0.6,0.8466726515110248,0.42098238644440716,4.209823864444071,0.42569026506661756
selective_nocontact,vessel_invjac_clip_nocontact_floor255_v2_20261008T151244Z,2,6,1.289397869952449,0.0025258943186664425,0.6,1.28576137328288,0.42098238644440716,4.209823864444071,0.864778986838473
selective_nocontact,vessel_invjac_clip_nocontact_floor255_v2_20261008T151244Z,2,7,1.5419873018190933,0.0025258943186664425,0.6,0.3825147047275792,0.42098238644440716,4.209823864444071,-0.038467681716827934
selective_nocontact,vessel_invjac_clip_nocontact_floor255_v2_20261008T151244Z,2,8,1.794576733685738,0.0025258943186664425,0.6,0.9725041236485331,0.42098238644440716,4.209823864444071,0.551521737204126
selective_nocontact,vessel_invjac_clip_nocontact_floor255_v2_20261008T151244Z,2,9,2.047166165552382,0.0025258943186664425,0.6,0.8339859746692759,0.42098238644440716,4.209823864444071,0.41300358822486877
selective_nocontact,vessel_invjac_clip_nocontact_floor255_v2_20261008T151244Z,2,10,2.2997555974190265,0.0025258943186664425,0.6,0.9569216098641014,0.42098238644440716,4.209823864444071,0.5359392234196942
selective_nocontact,vessel_invjac_clip_nocontact_floor255_v2_20261008T151244Z,2,11,2.552345029285671,0.0025258943186664425,0.6,0.1744239586487102,0.42098238644440716,4.209823864444071,-0.246558427795697
selective_nocontact,vessel_invjac_clip_nocontact_floor255_v2_20261008T151244Z,2,12,2.804934461152316,0.0025258943186664425,0.6,0.2203810257504646,0.42098238644440716,4.209823864444071,-0.20060136069394258
selective_nocontact,vessel_invjac_clip_nocontact_floor255_v2_20261008T151244Z,2,13,3.0575238930189594,0.0025258943186664425,0.6,0.36579660350821896,0.42098238644440716,4.209823864444071,-0.05518578293618818
selective_nocontact,vessel_invjac_clip_nocontact_floor255_v2_20261008T151244Z,2,14,3.3101133248856027,0.0025258943186664425,0.6,0.44604941209561355,0.42098238644440716,4.209823864444071,0.0250670256512064
selective_nocontact,vessel_invjac_clip_nocontact_floor255_v2_20261008T151244Z,2,15,3.562702756752245,0.0025258943186664425,0.6,-0.3987348687583263,0.42098238644440716,4.209823864444071,-0.8197172552027335
selective_nocontact,vessel_invjac_clip_nocontact_floor255_v2_20261008T151244Z,2,16,3.8152921886188884,0.0025258943186664425,0.6,0.6393094374814767,0.42098238644440716,4.209823864444071,0.21832705103706956
selective_nocontact,vessel_invjac_clip_nocontact_floor255_v2_20261008T151244Z,2,17,4.067881620485531,0.0025258943186664425,0.6,-0.017376062227576483,0.42098238644440716,4.209823864444071,-0.43835844867198365
selective_nocontact,vessel_invjac_clip_nocontact_floor255_v2_20261008T151244Z,2,18,4.3204710523521745,0.0025258943186664425,0.6,0.24768060646376,0.42098238644440716,4.209823864444071,-0.1733017799806472
selective_nocontact,vessel_invjac_clip_nocontact_floor255_v2_20261008T151244Z,2,19,4.573060484218818,0.0025258943186664425,0.6,0.4975625470833114,0.42098238644440716,4.209823864444071,0.07658016063890423
selective_nocontact,vessel_invjac_clip_nocontact_floor255_v2_20261008T151244Z,2,20,4.825649916085461,0.0025258943186664425,0.6,0.7482849512581913,0.42098238644440716,4.209823864444071,0.32730256481378406
selective_nocontact,vessel_invjac_clip_nocontact_floor255_v2_20261008T151244Z,2,21,5.078239347952104,0.0025258943186664425,0.6,0.8915049063686498,0.42098238644440716,4.209823864444071,0.47052251992424254
selective_nocontact,vessel_invjac_clip_nocontact_floor255_v2_20261008T151244Z,2,22,5.330828779818748,0.0025258943186664425,0.6,1.0151530379688039,0.42098238644440716,4.209823864444071,0.5941706515243967
selective_nocontact,vessel_invjac_clip_nocontact_floor255_v2_20261008T151244Z,2,23,5.583418211685391,0.0025258943186664425,0.6,0.7408768913245121,0.42098238644440716,4.209823864444071,0.3198945048801049
selective_nocontact,vessel_invjac_clip_nocontact_floor255_v2_20261008T151244Z,2,24,5.836007643552035,0.0025258943186664425,0.6,0.9259275582670963,0.42098238644440716,4.209823864444071,0.5049451718226892
selective_nocontact,vessel_invjac_clip_nocontact_floor255_v2_20261008T151244Z,2,25,6.08859707541868,0.0025258943186664425,0.6,1.003464149459159,0.42098238644440716,4.209823864444071,0.5824817630147517
selective_nocontact,vessel_invjac_clip_nocontact_floor255_v2_20261008T151244Z,2,26,6.341186507285327,0.0025258943186664425,0.6,0.7432285279008299,0.42098238644440716,4.209823864444071,0.3222461414564227
selective_nocontact,vessel_invjac_clip_nocontact_floor255_v2_20261008T151244Z,2,27,6.593775939151972,0.0025258943186664425,0.6,0.7136872771474447,0.42098238644440716,4.209823864444071,0.29270489070303757
selective_nocontact,vessel_invjac_clip_nocontact_floor255_v2_20261008T151244Z,2,28,6.84636537101862,0.0025258943186664425,0.6,0.5237763734919705,0.42098238644440716,4.209823864444071,0.10279398704756337
selective_nocontact,vessel_invjac_clip_nocontact_floor255_v2_20261008T151244Z,2,29,7.098954802885266,0.0025258943186664425,0.6,0.6569254158316786,0.42098238644440716,4.209823864444071,0.23594302938727144
selective_nocontact,vessel_invjac_clip_nocontact_floor255_v2_20261008T151244Z,2,30,7.351544234751909,0.0025258943186664425,0.6,1.0124340762094395,0.42098238644440716,4.209823864444071,0.5914516897650324
selective_nocontact,vessel_invjac_clip_nocontact_floor255_v2_20261008T151244Z,2,31,7.603720067563821,0.002475708611405397,0.6,1.252951156231168,0.41261810190089954,4.126181019008995,0.8403330543302684
selective_nocontact,vessel_invjac_clip_nocontact_floor255_v2_20261008T151244Z,2,32,7.958191609215544,0.0014251986194254987,0.6,0.7378962708837449,0.23753310323758314,2.3753310323758314,0.5003631676461617
selective_nocontact,vessel_invjac_clip_nocontact_floor255_v2_20261008T151244Z,2,33,8.104049570163813,0.001498795120644812,0.6,0.3745182300932717,0.24979918677413537,2.4979918677413537,0.12471904331913633
selective_nocontact,vessel_invjac_clip_nocontact_floor255_v2_20261008T151244Z,2,34,8.104049570163813,0.001498795120644812,0.6,0.21019915359882724,0.24979918677413537,2.4979918677413537,-0.039600033175308136
selective_nocontact,vessel_invjac_clip_nocontact_floor255_v2_20261008T151244Z,2,35,8.404982664192776,0.0014871259867361025,0.6,0.39503293944791906,0.2478543311226838,2.4785433112268374,0.14717860832523527
selective_nocontact,vessel_invjac_clip_nocontact_floor255_v2_20261008T151244Z,2,36,8.404982664192776,0.0014871259867361025,0.6,0.3961969956920228,0.2478543311226838,2.4785433112268374,0.14834266456933906
selective_nocontact,vessel_invjac_clip_nocontact_floor255_v2_20261008T151244Z,2,37,8.70260427847708,0.0014901042074226692,0.6,0.5217327908915195,0.24835070123711156,2.4835070123711156,0.27338208965440797
selective_nocontact,vessel_invjac_clip_nocontact_floor255_v2_20261008T151244Z,2,38,8.851450820192001,0.0014868183015455262,0.6,0.5528694997842809,0.24780305025758775,2.4780305025758773,0.30506644952669315
selective_nocontact,vessel_invjac_clip_nocontact_floor255_v2_20261008T151244Z,2,39,9.000041065690816,0.0014853973090839404,0.6,0.37014863139237164,0.24756621818065677,2.4756621818065674,0.12258241321171488
selective_nocontact,vessel_invjac_clip_nocontact_floor255_v2_20261008T151244Z,2,40,9.148526720901787,0.001483876174630068,0.6,0.49245197574715327,0.24731269577167803,2.4731269577167803,0.24513927997547527
selective_nocontact,vessel_invjac_clip_nocontact_floor255_v2_20261008T151244Z,2,41,9.296739625241301,0.0014804253197215694,0.6,0.3212487856216857,0.24673755328692829,2.4673755328692826,0.07451123233475743
selective_nocontact,vessel_invjac_clip_nocontact_floor255_v2_20261008T151244Z,2,42,9.444821152773178,0.0014826191366075238,0.6,0.3378734046089562,0.24710318943458737,2.4710318943458733,0.09077021517436883
selective_nocontact,vessel_invjac_clip_nocontact_floor255_v2_20261008T151244Z,2,43,9.593564823126025,0.0014938065505951525,0.6,0.48631278521315835,0.24896775843252544,2.489677584325254,0.2373450267806329
selective_nocontact,vessel_invjac_clip_nocontact_floor255_v2_20261008T151244Z,2,44,9.743895360280467,0.0015145212259498784,0.6,0.42951107943712685,0.25242020432497975,2.5242020432497974,0.1770908751121471
selective_nocontact,vessel_invjac_clip_nocontact_floor255_v2_20261008T151244Z,2,45,9.896338026843457,0.0015310506517358718,0.6,0.4094459077557122,0.25517510862264536,2.551751086226453,0.15427079913306688
selective_nocontact,vessel_invjac_clip_nocontact_floor255_v2_20261008T151244Z,2,46,10.049427526216315,0.0015282132750628974,0.6,0.18756530812658845,0.2547022125104829,2.5470221251048293,-0.0671369043838945
selective_nocontact,vessel_invjac_clip_nocontact_floor255_v2_20261008T151244Z,2,47,10.201984867156684,0.0015237952712097724,0.6,0.37795525062571933,0.2539658785349621,2.5396587853496206,0.12398937209075721
selective_nocontact,vessel_invjac_clip_nocontact_floor255_v2_20261008T151244Z,2,48,10.35431375545476,0.0015228541526047538,0.6,0.39255948510445116,0.25380902543412565,2.5380902543412565,0.1387504596703255
selective_nocontact,vessel_invjac_clip_nocontact_floor255_v2_20261008T151244Z,2,49,10.506523496432765,0.0015211507914507276,0.6,0.2027435647705289,0.25352513190845466,2.535251319084546,-0.05078156713792575
selective_nocontact,vessel_invjac_clip_nocontact_floor255_v2_20261008T151244Z,2,50,10.658520007807528,0.0015187339336370212,0.6,0.2881505389800534,0.25312232227283693,2.531223222728369,0.03502821670721645
selective_nocontact,vessel_invjac_clip_nocontact_floor255_v2_20261008T151244Z,2,51,10.81026618960008,0.00151628533526946,0.6,0.27162587544439454,0.25271422254491005,2.5271422254491,0.018911652899484512
selective_nocontact,vessel_invjac_clip_nocontact_floor255_v2_20261008T151244Z,2,52,10.961854930914726,0.0015159020798812123,0.6,0.40958304263424417,0.25265034664686875,2.526503466468687,0.15693269598737541
selective_nocontact,vessel_invjac_clip_nocontact_floor255_v2_20261008T151244Z,2,53,11.113428740514978,0.001514399046459749,0.6,0.24575542612679868,0.2523998410766249,2.5239984107662488,-0.0066444149498262215
selective_nocontact,vessel_invjac_clip_nocontact_floor255_v2_20261008T151244Z,2,54,11.264424404435188,0.0015047405040067253,0.6,0.3488684841406098,0.2507900840011209,2.507900840011209,0.09807840013948885
selective_nocontact,vessel_invjac_clip_nocontact_floor255_v2_20261008T151244Z,2,55,11.414947742901443,0.001511857346861506,0.6,0.4816039830772674,0.2519762244769177,2.5197622447691765,0.22962775860034967
selective_nocontact,vessel_invjac_clip_nocontact_floor255_v2_20261008T151244Z,2,56,11.567900363304995,0.001550181326097015,0.6,0.3052321442781558,0.25836355434950253,2.583635543495025,0.04686858992865333
selective_nocontact,vessel_invjac_clip_nocontact_floor255_v2_20261008T151244Z,2,57,11.724548474004223,0.0015793450040556948,0.6,0.19344021355407115,0.26322416734261583,2.632241673426158,-0.0697839537885447
selective_nocontact,vessel_invjac_clip_nocontact_floor255_v2_20261008T151244Z,2,58,11.883159507530893,0.0015903518058864709,0.6,0.35042529025276004,0.26505863431441185,2.650586343144118,0.0853666559383482
selective_nocontact,vessel_invjac_clip_nocontact_floor255_v2_20261008T151244Z,2,59,12.042161648302596,0.001588060535178287,0.6,-0.018895476246635567,0.26467675586304784,2.6467675586304784,-0.2835722321096834
selective_nocontact,vessel_invjac_clip_nocontact_floor255_v2_20261008T151244Z,2,60,12.200737105937037,0.001583925877281857,0.6,0.13003432252903657,0.26398764621364285,2.639876462136429,-0.13395332368460627
selective_nocontact,vessel_invjac_clip_nocontact_floor255_v2_20261008T151244Z,2,61,12.359017540539831,0.001581736854710502,0.6,0.331229274525386,0.26362280911841707,2.63622809118417,0.06760646540696894
selective_nocontact,vessel_invjac_clip_nocontact_floor255_v2_20261008T151244Z,2,62,12.517071389985814,0.0015792552801848216,0.6,-0.11164949654410883,0.263209213364137,2.6320921336413696,-0.3748587099082458
selective_nocontact,vessel_invjac_clip_nocontact_floor255_v2_20261008T151244Z,2,63,12.674851986075074,0.0015762704654855657,0.6,-0.044794941246088626,0.2627117442475943,2.627117442475943,-0.30750668549368293
selective_nocontact,vessel_invjac_clip_nocontact_floor255_v2_20261008T151244Z,2,64,12.832317838128526,0.0015732496492272255,0.6,0.1298142267012139,0.2622082748712043,2.6220827487120424,-0.1323940481699904
selective_nocontact,vessel_invjac_clip_nocontact_floor255_v2_20261008T151244Z,2,65,12.989579005914273,0.001572404460017079,0.6,0.009671400042163825,0.2620674100028465,2.6206741000284652,-0.2523960099606827
selective_nocontact,vessel_invjac_clip_nocontact_floor255_v2_20261008T151244Z,2,66,13.146707912847063,0.0015687095294042127,0.6,0.307176976600692,0.26145158823403547,2.6145158823403545,0.04572538836665653
selective_nocontact,vessel_invjac_clip_nocontact_floor255_v2_20261008T151244Z,2,67,13.303072093843644,0.0015590285263854574,0.6,0.15634092162561863,0.2598380877309096,2.598380877309096,-0.10349716610529096
selective_nocontact,vessel_invjac_clip_nocontact_floor255_v2_20261008T151244Z,2,68,13.459440403856037,0.0015743682405794169,0.6,0.24058441800816333,0.2623947067632362,2.6239470676323617,-0.02181028875507287
selective_nocontact,vessel_invjac_clip_nocontact_floor255_v2_20261008T151244Z,2,69,13.618621367846933,0.0016068831396283427,0.6,0.20663352306958238,0.26781385660472384,2.6781385660472377,-0.06118033353514146
selective_nocontact,vessel_invjac_clip_nocontact_floor255_v2_20261008T151244Z,2,70,13.779756258039274,0.0016112404076086288,0.6,0.14509295274561218,0.26854006793477153,2.685400679347715,-0.12344711518915934
selective_nocontact,vessel_invjac_clip_nocontact_floor255_v2_20261008T151244Z,2,71,13.940612220998258,0.0016064876771288178,0.6,0.290177376228808,0.26774794618813635,2.677479461881363,0.022429430040671664
selective_nocontact,vessel_invjac_clip_nocontact_floor255_v2_20261008T151244Z,2,72,14.101158493353173,0.0016044635553509109,0.6,0.5534395426574967,0.2674105925584852,2.6741059255848514,0.2860289500990115
selective_nocontact,vessel_invjac_clip_nocontact_floor255_v2_20261008T151244Z,2,73,14.261473043908438,0.0016016465861649627,0.6,0.4547608502544094,0.26694109769416047,2.6694109769416046,0.1878197525602489
selective_nocontact,vessel_invjac_clip_nocontact_floor255_v2_20261008T151244Z,2,74,14.421481705391358,0.0015986209379372839,0.6,0.6126022988615514,0.2664368229895474,2.6643682298954734,0.34616547587200397
selective_nocontact,vessel_invjac_clip_nocontact_floor255_v2_20261008T151244Z,2,75,14.581212042999772,0.0015959610397654471,0.6,0.4794569000403577,0.2659935066275746,2.6599350662757453,0.2134633934127831
selective_nocontact,vessel_invjac_clip_nocontact_floor255_v2_20261008T151244Z,2,76,14.740651195860154,0.0015926906047648043,0.6,0.632444956841768,0.26544843412746744,2.654484341274674,0.3669965227143006
selective_nocontact,vessel_invjac_clip_nocontact_floor255_v2_20261008T151244Z,2,77,14.899779025841008,0.0015903195206433223,0.6,0.6266198420471145,0.2650532534405537,2.6505325344055373,0.3615665886065609
selective_nocontact,vessel_invjac_clip_nocontact_floor255_v2_20261008T151244Z,2,78,15.058789791436821,0.0015897533131368448,0.6,0.4894579738194782,0.2649588855228075,2.6495888552280746,0.22449908829667067
selective_nocontact,vessel_invjac_clip_nocontact_floor255_v2_20261008T151244Z,2,79,15.217432176173725,0.0015814104645741117,0.6,0.4799191624999022,0.263568410762352,2.63568410762352,0.21635075173755022
selective_nocontact,vessel_invjac_clip_nocontact_floor255_v2_20261008T151244Z,2,80,15.375201395416946,0.0015785008951887235,0.6,0.6591456431879461,0.26308348253145397,2.630834825314539,0.39606216065649213
selective_nocontact,vessel_invjac_clip_nocontact_floor255_v2_20261008T151244Z,2,81,15.53447441764882,0.001611023163978677,0.6,0.3829582948020107,0.2685038606631129,2.6850386066311285,0.11445443413889779
selective_nocontact,vessel_invjac_clip_nocontact_floor255_v2_20261008T151244Z,2,82,15.69691484080096,0.0016309528392238393,0.6,0.12577780750928547,0.27182547320397327,2.718254732039732,-0.14604766569468777
selective_nocontact,vessel_invjac_clip_nocontact_floor255_v2_20261008T151244Z,2,83,15.859569225243488,0.0016215469998993204,0.6,-0.18505511620565507,0.27025783331655345,2.702578333165534,-0.4553129495222085
selective_nocontact,vessel_invjac_clip_nocontact_floor255_v2_20261008T151244Z,2,84,16.021478383664128,0.0016179714742503226,0.6,-0.2876496872575025,0.26966191237505377,2.6966191237505375,-0.5573115996325563
selective_nocontact,vessel_invjac_clip_nocontact_floor255_v2_20261008T151244Z,2,85,16.18322068506177,0.0016164691410927366,0.6,-0.10184299924319973,0.26941152351545616,2.694115235154561,-0.3712545227586559
selective_nocontact,vessel_invjac_clip_nocontact_floor255_v2_20261008T151244Z,2,86,16.344699231340357,0.0016130561098390058,0.6,-0.3272125656341487,0.26884268497316766,2.6884268497316763,-0.5960552506073163
selective_nocontact,vessel_invjac_clip_nocontact_floor255_v2_20261008T151244Z,2,87,16.666735014103473,0.001607332184543692,0.6,0.0875493299090877,0.2678886974239487,2.6788869742394863,-0.180339367514861
selective_nocontact,vessel_invjac_clip_nocontact_floor255_v2_20261008T151244Z,2,88,16.827304747399353,0.0016041609911083415,0.6,0.45443124536101465,0.2673601651847236,2.6736016518472363,0.18707108017629104
selective_nocontact,vessel_invjac_clip_nocontact_floor255_v2_20261008T151244Z,2,89,16.987624882876208,0.0016025664409080285,0.6,0.2804281671326265,0.2670944068180048,2.670944068180048,0.01333376031462173
selective_nocontact,vessel_invjac_clip_nocontact_floor255_v2_20261008T151244Z,2,90,17.147754734539138,0.0015989373780928636,0.6,0.4194678782091934,0.2664895630154773,2.6648956301547724,0.15297831519371607
selective_nocontact,vessel_invjac_clip_nocontact_floor255_v2_20261008T151244Z,2,91,17.307250106832328,0.0015920631807119483,0.6,0.46166872968131756,0.2653438634519914,2.6534386345199144,0.19632486622932616
selective_nocontact,vessel_invjac_clip_nocontact_floor255_v2_20261008T151244Z,2,92,17.46738761165138,0.001618123464003231,0.6,0.5159287628690521,0.2696872440005385,2.696872440005385,0.2462415188685136
selective_nocontact,vessel_invjac_clip_nocontact_floor255_v2_20261008T151244Z,2,93,17.63150387608757,0.0016591376232703771,0.6,0.6684894852123122,0.27652293721172955,2.7652293721172954,0.3919665480005827
selective_nocontact,vessel_invjac_clip_nocontact_floor255_v2_20261008T151244Z,2,94,17.79752072124874,0.0016551535429594204,0.6,0.05285844663633199,0.2758589238265701,2.7585892382657007,-0.2230004771902381
selective_nocontact,vessel_invjac_clip_nocontact_floor255_v2_20261008T151244Z,2,95,17.962505440941534,0.0016467555888176034,0.6,0.2572078357182619,0.2744592648029339,2.744592648029339,-0.017251429084672063
selective_nocontact,vessel_invjac_clip_nocontact_floor255_v2_20261008T151244Z,2,96,18.127137414667217,0.0016458409149144825,0.6,0.13474243019086884,0.2743068191524138,2.7430681915241375,-0.13956438896154494
selective_nocontact,vessel_invjac_clip_nocontact_floor255_v2_20261008T151244Z,2,97,18.29155891045424,0.0016421843537423309,0.6,-0.027262242392346536,0.27369739229038853,2.736973922903885,-0.30095963468273507
selective_nocontact,vessel_invjac_clip_nocontact_floor255_v2_20261008T151244Z,2,98,18.455569052787013,0.001638176344896736,0.6,-0.08830150636472212,0.27302939081612265,2.7302939081612267,-0.36133089718084477
selective_nocontact,vessel_invjac_clip_nocontact_floor255_v2_20261008T151244Z,2,99,18.619220222519456,0.0016349366353413679,0.6,0.2119894350443161,0.27248943922356134,2.7248943922356132,-0.060500004179245226
selective_nocontact,vessel_invjac_clip_nocontact_floor255_v2_20261008T151244Z,2,100,18.782571074325844,0.0016320670493121837,0.6,0.3721860292803143,0.27201117488536397,2.7201117488536397,0.10017485439495032
selective_nocontact,vessel_invjac_clip_nocontact_floor255_v2_20261008T151244Z,2,101,18.94558351437022,0.0016277761217466697,0.6,0.18879581766077536,0.27129602029111166,2.712960202911116,-0.08250020263033628
selective_nocontact,vessel_invjac_clip_nocontact_floor255_v2_20261008T151244Z,2,102,19.10811324046393,0.0016238431412938866,0.6,-0.21424354522413225,0.2706405235489811,2.706405235489811,-0.4848840687731134
selective_nocontact,vessel_invjac_clip_nocontact_floor255_v2_20261008T151244Z,2,103,19.27064944747002,0.001629009729005721,0.6,0.08825883376910326,0.2715016215009536,2.715016215009535,-0.18324278773185032
selective_nocontact,vessel_invjac_clip_nocontact_floor255_v2_20261008T151244Z,2,104,19.434713820402965,0.0016578805513472019,0.6,-0.08686612376513381,0.27631342522453367,2.7631342522453366,-0.3631795489896675
selective_nocontact,vessel_invjac_clip_nocontact_floor255_v2_20261008T151244Z,2,105,19.60317511293858,0.001707607102109382,0.6,0.011166956787114657,0.28460118368489706,2.84601183684897,-0.2734342268977824
selective_nocontact,vessel_invjac_clip_nocontact_floor255_v2_20261008T151244Z,2,106,19.774540057237434,0.0017107996832207743,0.6,0.13428437722439313,0.28513328053679576,2.851332805367957,-0.1508489033124026
selective_nocontact,vessel_invjac_clip_nocontact_floor255_v2_20261008T151244Z,2,107,19.944932057676954,0.0016992362660736158,0.6,0.2803421299433779,0.28320604434560265,2.832060443456027,-0.0028639144022247045
selective_nocontact,vessel_invjac_clip_nocontact_floor255_v2_20261008T151244Z,2,108,20.11474098027397,0.0016972696988057526,0.6,0.4405372181270657,0.28287828313429214,2.828782831342921,0.15765893499277356
selective_nocontact,vessel_invjac_clip_nocontact_floor255_v2_20261008T151244Z,2,109,20.2843467736569,0.0016945204036151542,0.6,0.7013027349771548,0.2824200672691924,2.8242006726919238,0.41888266770796234
selective_nocontact,vessel_invjac_clip_nocontact_floor255_v2_20261008T151244Z,2,110,20.453547661321505,0.0016888675361725694,0.6,0.6755721595150952,0.28147792269542826,2.8147792269542826,0.3940942368196669
selective_nocontact,vessel_invjac_clip_nocontact_floor255_v2_20261008T151244Z,2,111,20.62208486030753,0.0016826975229616438,0.6,0.9176601712751058,0.28044958716027396,2.80449587160274,0.6372105841148319
selective_nocontact,vessel_invjac_clip_nocontact_floor255_v2_20261008T151244Z,2,112,20.79033605667708,0.001682667330495169,0.6,0.5267108554269413,0.2804445550825282,2.804445550825282,0.2462663003444131
selective_nocontact,vessel_invjac_clip_nocontact_floor255_v2_20261008T151244Z,2,113,20.95822028338145,0.0016717266183627958,0.6,0.06521105045997899,0.278621103060466,2.7862110306046595,-0.21341005260048698
selective_nocontact,vessel_invjac_clip_nocontact_floor255_v2_20261008T151244Z,2,114,21.124775897884728,0.0016671881237298328,0.6,-0.38872220301687577,0.2778646872883055,2.778646872883055,-0.6665868903051811
selective_nocontact,vessel_invjac_clip_nocontact_floor255_v2_20261008T151244Z,2,115,21.294102690611094,0.0017284105556348876,0.6,-0.18548610881543937,0.288068425939148,2.8806842593914794,-0.47355453475458736
selective_nocontact,vessel_invjac_clip_nocontact_floor255_v2_20261008T151244Z,2,116,21.47057577225264,0.0017968333834179995,0.6,-0.048911888584193264,0.2994722305696666,2.994722305696666,-0.34838411915385986
selective_nocontact,vessel_invjac_clip_nocontact_floor255_v2_20261008T151244Z,2,117,21.65236934220152,0.0018308032974863663,0.6,-0.018026424723672108,0.3051338829143944,3.051338829143944,-0.3231603076380665
selective_nocontact,vessel_invjac_clip_nocontact_floor255_v2_20261008T151244Z,2,118,21.835213486672053,0.001822000705616573,0.6,0.052295536435046586,0.3036667842694289,3.036667842694288,-0.25137124783438225
selective_nocontact,vessel_invjac_clip_nocontact_floor255_v2_20261008T151244Z,2,119,22.016928693555236,0.0018139500638376907,0.6,0.31844520294621503,0.30232501063961514,3.0232501063961514,0.0161201923065999
selective_nocontact,vessel_invjac_clip_nocontact_floor255_v2_20261008T151244Z,2,120,22.19811659102358,0.0018095842760292701,0.6,0.5798787498799527,0.30159737933821174,3.0159737933821167,0.2782813705417409
selective_nocontact,vessel_invjac_clip_nocontact_floor255_v2_20261008T151244Z,2,121,22.3787837610209,0.0018032385345331408,0.6,0.5257453800098446,0.3005397557555235,3.005397557555235,0.22520562425432117
selective_nocontact,vessel_invjac_clip_nocontact_floor255_v2_20261008T151244Z,2,122,22.558653766853844,0.0017943853548773655,0.6,-0.11109213576115451,0.2990642258128943,2.9906422581289425,-0.41015636157404883
selective_nocontact,vessel_invjac_clip_nocontact_floor255_v2_20261008T151244Z,2,123,22.73812630497897,0.0017977404005590234,0.6,0.04878079277184,0.29962340009317057,2.9962340009317057,-0.25084260732133057
selective_nocontact,vessel_invjac_clip_nocontact_floor255_v2_20261008T151244Z,2,124,22.917578373359547,0.0017813595346845806,0.6,0.14180761550151288,0.2968932557807635,2.9689325578076344,-0.15508564027925062
selective_nocontact,vessel_invjac_clip_nocontact_floor255_v2_20261008T151244Z,2,125,23.09333762778276,0.0017508811890261983,0.6,0.3287113005674307,0.29181353150436645,2.918135315043664,0.036897769063064245
selective_nocontact,vessel_invjac_clip_nocontact_floor255_v2_20261008T151244Z,2,126,23.274825553314887,0.0019222283804855242,0.6,0.6300950357918005,0.32037139674758736,3.2037139674758737,0.30972363904421313
selective_nocontact,vessel_invjac_clip_nocontact_floor255_v2_20261008T151244Z,2,127,23.47652940844239,0.0020524292423613586,0.6,0.5570817725060984,0.3420715403935598,3.420715403935598,0.21501023211253853
selective_nocontact,vessel_invjac_clip_nocontact_floor255_v2_20261008T151244Z,2,128,23.67855294690752,0.0019964451606571208,0.6,0.4255185593091504,0.33274086010952014,3.3274086010952013,0.0927776991996302
selective_nocontact,vessel_invjac_clip_nocontact_floor255_v2_20261008T151244Z,2,129,23.878219735791106,0.001998652102634156,0.6,0.6195778391043589,0.33310868377235936,3.3310868377235936,0.2864691553319996
selective_nocontact,vessel_invjac_clip_nocontact_floor255_v2_20261008T151244Z,2,130,24.07764778299263,0.0019878893514427135,0.6,0.595883508861597,0.33131489190711894,3.3131489190711894,0.2645686169544781
selective_nocontact,vessel_invjac_clip_nocontact_floor255_v2_20261008T151244Z,2,131,24.275842821040285,0.001976821282998761,0.6,0.2760866832104014,0.3294702138331268,3.2947021383312682,-0.05338353062272539
selective_nocontact,vessel_invjac_clip_nocontact_floor255_v2_20261008T151244Z,2,132,24.66973610205326,0.0019587549775325775,0.6,-0.17242389540974656,0.32645916292209626,3.2645916292209627,-0.4988830583318428
selective_nocontact,vessel_invjac_clip_nocontact_floor255_v2_20261008T151244Z,2,133,24.864659738091827,0.0019456129078704247,0.6,-0.3870198433720553,0.3242688179784041,3.2426881797840412,-0.7112886613504594
selective_nocontact,vessel_invjac_clip_nocontact_floor255_v2_20261008T151244Z,2,134,25.061075451470774,0.0019939232073737847,0.6,0.1650109955753578,0.3323205345622975,3.323205345622975,-0.16730953898693968
selective_nocontact,vessel_invjac_clip_nocontact_floor255_v2_20261008T151244Z,2,135,25.265907120239028,0.0021138319522859086,0.6,0.2743674218161516,0.3523053253809848,3.523053253809848,-0.07793790356483324
selective_nocontact,vessel_invjac_clip_nocontact_floor255_v2_20261008T151244Z,2,136,25.481861091474002,0.002173402004664824,0.6,0.6098718061477442,0.3622336674441374,3.6223366744413736,0.24763813870360676
selective_nocontact,vessel_invjac_clip_nocontact_floor255_v2_20261008T151244Z,2,137,25.481861091474002,0.002173402004664824,0.6,0.4828462741122195,0.3622336674441374,3.6223366744413736,0.12061260666808207
selective_nocontact,vessel_invjac_clip_nocontact_floor255_v2_20261008T151244Z,2,138,25.697354839452917,0.0021415449611216974,0.6,-0.4599770915882324,0.3569241601869496,3.569241601869496,-0.8169012517751819
selective_nocontact,vessel_invjac_clip_nocontact_floor255_v2_20261008T151244Z,2,139,25.91122972025688,0.0021355922786650107,0.6,-0.18947085199366143,0.3559320464441685,3.5593204644416847,-0.54540289843783
selective_nocontact,vessel_invjac_clip_nocontact_floor255_v2_20261008T151244Z,2,140,26.33579372752493,0.0021103445346429524,0.6,0.2897035918953321,0.35172408910715874,3.5172408910715878,-0.06202049721182665
selective_nocontact,vessel_invjac_clip_nocontact_floor255_v2_20261008T151244Z,2,141,26.54663863926228,0.0021070482080202766,0.6,0.2189051876978496,0.3511747013367128,3.5117470133671276,-0.1322695136388632
selective_nocontact,vessel_invjac_clip_nocontact_floor255_v2_20261008T151244Z,2,142,26.755856653857848,0.002069002319980216,0.6,0.4987650870707441,0.3448337199967027,3.4483371999670265,0.15393136707404137
selective_nocontact,vessel_invjac_clip_nocontact_floor255_v2_20261008T151244Z,2,143,26.963140500979602,0.0021105475729046616,0.6,0.5449503737978993,0.3517579288174436,3.517579288174436,0.1931924449804557
selective_nocontact,vessel_invjac_clip_nocontact_floor255_v2_20261008T151244Z,2,144,26.963140500979602,0.0021105475729046616,0.6,0.21225646246020702,0.3517579288174436,3.517579288174436,-0.1395014663572366
selective_nocontact,vessel_invjac_clip_nocontact_floor255_v2_20261008T151244Z,2,145,27.182074100475102,0.0022566234653445746,0.6,0.033556426535440664,0.37610391089076245,3.7610391089076245,-0.3425474843553218
selective_nocontact,vessel_invjac_clip_nocontact_floor255_v2_20261008T151244Z,2,146,27.41013085181219,0.002290733863854719,0.6,0.25617262916096806,0.3817889773091199,3.8178897730911987,-0.12561634814815184
selective_nocontact,vessel_invjac_clip_nocontact_floor255_v2_20261008T151244Z,2,147,27.864982777214784,0.00225891581175203,0.6,0.547760577305084,0.37648596862533834,3.7648596862533834,0.17127460867974562
selective_nocontact,vessel_invjac_clip_nocontact_floor255_v2_20261008T151244Z,2,148,28.090223484903305,0.0022454079729101388,0.6,0.6581988061951449,0.3742346621516898,3.742346621516898,0.28396414404345516
selective_nocontact,vessel_invjac_clip_nocontact_floor255_v2_20261008T151244Z,2,149,28.313887195036518,0.002227926737704714,0.6,0.6496204738785742,0.37132112295078573,3.713211229507857,0.2782993509277885
selective_nocontact,vessel_invjac_clip_nocontact_floor255_v2_20261008T151244Z,2,150,28.53660648954134,0.0022287079275146527,0.6,0.4689115716308585,0.3714513212524421,3.7145132125244213,0.09746025037841635
selective_nocontact,vessel_invjac_clip_nocontact_floor255_v2_20261008T151244Z,2,151,28.75743157181175,0.0021723636761249517,0.6,0.06894976954386678,0.36206061268749196,3.6206061268749195,-0.2931108431436252
selective_nocontact,vessel_invjac_clip_nocontact_floor255_v2_20261008T151244Z,2,152,28.97674910842195,0.0022858643544616222,0.6,0.24678828537554764,0.3809773924102704,3.809773924102704,-0.13418910703472278
selective_nocontact,vessel_invjac_clip_nocontact_floor255_v2_20261008T151244Z,2,153,29.220131991154968,0.0025071457610159856,0.6,0.0392109951812607,0.41785762683599764,4.1785762683599765,-0.37864663165473694
selective_nocontact,vessel_invjac_clip_nocontact_floor255_v2_20261008T151244Z,2,154,29.467145535496595,0.0024473445421359695,0.6,0.11870191629687099,0.4078907570226616,4.078907570226616,-0.2891888407257906
selective_nocontact,vessel_invjac_clip_nocontact_floor255_v2_20261008T151244Z,2,155,29.711982270967397,0.0024448511756545253,0.6,0.024586773849719634,0.40747519594242093,4.074751959424209,-0.3828884220927013
selective_nocontact,vessel_invjac_clip_nocontact_floor255_v2_20261008T151244Z,2,156,29.955334976004462,0.0024232357735904622,0.6,0.6293898069429922,0.4038726289317437,4.038726289317437,0.2255171780112485
selective_nocontact,vessel_invjac_clip_nocontact_floor255_v2_20261008T151244Z,2,157,30.19692897262926,0.0024096281735248868,0.6,0.6730282006979955,0.4016046955874812,4.0160469558748115,0.2714235051105144
selective_nocontact,vessel_invjac_clip_nocontact_floor255_v2_20261008T151244Z,2,158,30.437300633130448,0.002396408456054759,0.6,0.5600084308227089,0.3994014093424598,3.9940140934245987,0.160607021480249
selective_nocontact,vessel_invjac_clip_nocontact_floor255_v2_20261008T151244Z,2,159,30.675967202319768,0.0023775117103840625,0.6,0.6260462279651513,0.3962519517306771,3.9625195173067707,0.2297942762344742
selective_nocontact,vessel_invjac_clip_nocontact_floor255_v2_20261008T151244Z,2,160,30.913685978946617,0.0023930615408895655,0.6,0.22908062585471356,0.39884359014826093,3.9884359014826094,-0.1697629642935474
selective_nocontact,vessel_invjac_clip_nocontact_floor255_v2_20261008T151244Z,2,161,31.157512552942116,0.0024726834979884927,0.6,0.4118373272811695,0.4121139163314155,4.1211391633141545,-0.0002765890502459266
selective_nocontact,vessel_invjac_clip_nocontact_floor255_v2_20261008T151244Z,2,162,31.403973544660804,0.002450042996549041,0.6,0.1369981903604014,0.40834049942484024,4.083404994248402,-0.2713423090644388
selective_nocontact,vessel_invjac_clip_nocontact_floor255_v2_20261008T151244Z,2,163,31.64819304581594,0.002439962343978591,0.6,0.5361566665853239,0.40666039066309856,4.066603906630985,0.12949627592222537
selective_nocontact,vessel_invjac_clip_nocontact_floor255_v2_20261008T151244Z,2,164,31.89222686732302,0.0023790993979467107,0.6,0.3328428749083301,0.3965165663244518,3.965165663244518,-0.06367369141612171
selective_nocontact,vessel_invjac_clip_nocontact_floor255_v2_20261008T151244Z,2,165,32.11668414247728,0.0023277767683638974,0.6,0.47573295233978286,0.38796279472731626,3.8796279472731623,0.08777015761246657
selective_nocontact,vessel_invjac_clip_nocontact_floor255_v2_20261008T151244Z,2,166,32.34820427385904,0.0023129298595163474,0.6,0.47430478466394277,0.38548830991939126,3.8548830991939127,0.08881647474455148
selective_nocontact,vessel_invjac_clip_nocontact_floor255_v2_20261008T151244Z,2,167,32.57842545130998,0.0022890880750496977,0.6,0.541484339257515,0.3815146791749497,3.8151467917494966,0.15996966008256536
selective_nocontact,vessel_invjac_clip_nocontact_floor255_v2_20261008T151244Z,2,168,32.8077303006864,0.0023071761856559487,0.6,0.7067654621137649,0.3845293642759915,3.845293642759915,0.32223609783777346
selective_nocontact,vessel_invjac_clip_nocontact_floor255_v2_20261008T151244Z,2,169,33.04086363757251,0.002357109233240689,0.6,0.9757093324734001,0.3928515388734482,3.928515388734482,0.5828577935999519
selective_nocontact,vessel_invjac_clip_nocontact_floor255_v2_20261008T151244Z,2,170,33.27779957719659,0.002370419712939668,0.6,1.0758760746465015,0.3950699521566114,3.9506995215661136,0.6808061224898901
selective_nocontact,vessel_invjac_clip_nocontact_floor255_v2_20261008T151244Z,2,171,33.51389119729507,0.002349798488298105,0.6,1.3592721124398395,0.3916330813830175,3.916330813830175,0.967639031056822
selective_nocontact,vessel_invjac_clip_nocontact_floor255_v2_20261008T151244Z,2,172,33.74764920682597,0.00232562633560759,0.6,1.1650097233852605,0.38760438926793167,3.8760438926793164,0.7774053341173289
selective_nocontact,vessel_invjac_clip_nocontact_floor255_v2_20261008T151244Z,2,173,33.979313028349274,0.002310205345670969,0.6,1.2994754171559535,0.3850342242784948,3.8503422427849485,0.9144411928774586
selective_nocontact,vessel_invjac_clip_nocontact_floor255_v2_20261008T151244Z,2,174,34.21002311529316,0.002304487519877433,0.6,1.0739539096054145,0.38408125331290555,3.840812533129055,0.689872656292509
selective_nocontact,vessel_invjac_clip_nocontact_floor255_v2_20261008T151244Z,2,175,34.44018057860276,0.002297588395594047,0.6,0.9490527211501814,0.3829313992656745,3.8293139926567448,0.5661213218845068
selective_nocontact,vessel_invjac_clip_nocontact_floor255_v2_20261008T151244Z,2,176,34.66968596082633,0.0022989389230273424,0.6,1.0071806243369537,0.38315648717122375,3.8315648717122377,0.62402413716573
selective_nocontact,vessel_invjac_clip_nocontact_floor255_v2_20261008T151244Z,2,177,34.90162048908089,0.0023496050396642665,0.6,0.8134029088488717,0.39160083994404443,3.9160083994404444,0.42180206890482724
selective_nocontact,vessel_invjac_clip_nocontact_floor255_v2_20261008T151244Z,2,178,35.140979198909676,0.002426377431774052,0.6,1.0339248981850915,0.40439623862900864,4.043962386290087,0.6295286595560828
selective_nocontact,vessel_invjac_clip_nocontact_floor255_v2_20261008T151244Z,2,179,35.38251505008512,0.0023967251710642285,0.6,0.7643340453686491,0.3994541951773714,3.9945419517737144,0.3648798501912777
selective_nocontact,vessel_invjac_clip_nocontact_floor255_v2_20261008T151244Z,2,180,35.62123965266923,0.0023793658758752795,0.6,0.6434494283526178,0.3965609793125466,3.9656097931254655,0.24688844904007115
selective_nocontact,vessel_invjac_clip_nocontact_floor255_v2_20261008T151244Z,2,181,35.854218971387,0.0020518567322434012,0.6,0.6508355422415093,0.34197612204056693,3.4197612204056687,0.30885942020094237
selective_nocontact,vessel_invjac_clip_nocontact_floor255_v2_20261008T151244Z,2,182,36.002019401785944,0.0008793835955660757,0.6,0.38614623756827626,0.14656393259434597,1.4656393259434597,0.23958230497393032
selective_nocontact,vessel_invjac_clip_nocontact_floor255_v2_20261008T151244Z,2,183,36.13470699098794,0.0015733643290336164,0.6,0.5111698351936127,0.2622273881722694,2.622273881722694,0.24894244702134333
selective_nocontact,vessel_invjac_clip_nocontact_floor255_v2_20261008T151244Z,2,184,36.283673211691294,0.0015271945959502375,0.6,0.4872805560460378,0.25453243265837294,2.5453243265837293,0.23274812338766485
selective_nocontact,vessel_invjac_clip_nocontact_floor255_v2_20261008T151244Z,2,185,36.68289749179735,0.0022955337892627855,0.6,0.8627621915361914,0.38258896487713095,3.8258896487713097,0.4801732266590605
selective_nocontact,vessel_invjac_clip_nocontact_floor255_v2_20261008T151244Z,2,186,36.918100421522276,0.002400119853302577,0.6,0.8190784070846036,0.40001997555042956,4.000199755504296,0.419058431534174
selective_nocontact,vessel_invjac_clip_nocontact_floor255_v2_20261008T151244Z,2,187,37.159386671928445,0.002415858751243695,0.6,0.5359709682557892,0.40264312520728257,4.026431252072825,0.13332784304850653
selective_nocontact,vessel_invjac_clip_nocontact_floor255_v2_20261008T151244Z,2,188,37.40054440970581,0.0024077713525529447,0.6,0.812977236577531,0.4012952254254908,4.012952254254908,0.4116820111520402
selective_nocontact,vessel_invjac_clip_nocontact_floor255_v2_20261008T151244Z,2,189,37.40054440970581,0.0024077713525529447,0.6,0.6721801886611871,0.4012952254254908,4.012952254254908,0.27088496323569633
selective_nocontact,vessel_invjac_clip_nocontact_floor255_v2_20261008T151244Z,2,190,37.64106730019407,0.002395190615676331,0.6,0.625161995678944,0.39919843594605514,3.991984359460551,0.22596355973288892
selective_nocontact,vessel_invjac_clip_nocontact_floor255_v2_20261008T151244Z,2,191,37.87761347545792,0.0023377940108499553,0.6,0.5976919856166774,0.3896323351416593,3.896323351416592,0.20805965047501812
selective_nocontact,vessel_invjac_clip_nocontact_floor255_v2_20261008T151244Z,2,192,38.34540140191247,0.0023464444784057526,0.6,0.6137970771289716,0.39107407973429215,3.910740797342921,0.2227229973946795
selective_nocontact,vessel_invjac_clip_nocontact_floor255_v2_20261008T151244Z,2,193,38.576754580830816,0.0022756701863475785,0.6,0.30833255248500535,0.37927836439126306,3.792783643912631,-0.0709458119062577
selective_nocontact,vessel_invjac_clip_nocontact_floor255_v2_20261008T151244Z,2,194,38.80578617640274,0.0023332348850384744,0.6,0.7671957987099631,0.38887248083974574,3.8887248083974577,0.37832331787021733
selective_nocontact,vessel_invjac_clip_nocontact_floor255_v2_20261008T151244Z,2,195,39.04288259987774,0.002392820783076978,0.6,0.7842860087542363,0.39880346384616305,3.9880346384616305,0.3854825449080732
selective_nocontact,vessel_invjac_clip_nocontact_floor255_v2_20261008T151244Z,2,196,39.281446586974674,0.0023664606875869647,0.6,0.7593671353944345,0.3944101145978275,3.9441011459782747,0.36495702079660697
selective_nocontact,vessel_invjac_clip_nocontact_floor255_v2_20261008T151244Z,2,197,39.281446586974674,0.0023664606875869647,0.6,0.6611923994493836,0.3944101145978275,3.9441011459782747,0.26678228485155614
selective_nocontact,vessel_invjac_clip_nocontact_floor255_v2_20261008T151244Z,2,198,39.51633569334324,0.0023399975190169496,0.6,0.5709650847939756,0.38999958650282496,3.8999958650282496,0.18096549829115058
selective_nocontact,vessel_invjac_clip_nocontact_floor255_v2_20261008T151244Z,2,199,39.913754147844976,0.0014760265300983832,0.6,0.6529702223517191,0.24600442168306388,2.4600442168306387,0.4069658006686552
selective_nocontact,vessel_invjac_clip_nocontact_floor255_v2_20261008T151244Z,2,200,39.913754147844976,0.0014760265300983832,0.6,0.7161677423366299,0.24600442168306388,2.4600442168306387,0.4701633206535661
selective_nocontact,vessel_invjac_clip_nocontact_floor255_v2_20261008T151244Z,2,201,40.10451502476626,0.0010277192746180823,0.6,0.3756999411879107,0.17128654576968042,1.7128654576968039,0.2044133954182303
selective_nocontact,vessel_invjac_clip_nocontact_floor255_v2_20261008T151244Z,2,202,40.232640627542764,0.0012732933264784974,0.6,0.495682850367416,0.21221555441308293,2.122155544130829,0.2834672959543331
selective_nocontact,vessel_invjac_clip_nocontact_floor255_v2_20261008T151244Z,2,203,40.378648901607896,0.001927344101494286,0.6,0.6350900572196281,0.32122401691571434,3.2122401691571434,0.31386604030391374
selective_nocontact,vessel_invjac_clip_nocontact_floor255_v2_20261008T151244Z,2,204,40.570447101439534,0.0023273854517611306,0.6,0.6025738105655734,0.3878975752935218,3.878975752935218,0.21467623527205154
selective_nocontact,vessel_invjac_clip_nocontact_floor255_v2_20261008T151244Z,2,205,40.79988388539735,0.002300726741414673,0.6,0.5694152906452246,0.38345445690244556,3.8345445690244553,0.18596083374277902
selective_nocontact,vessel_invjac_clip_nocontact_floor255_v2_20261008T151244Z,2,206,41.033642472806484,0.002376331290123888,0.6,0.8669612217659477,0.39605521502064805,3.960552150206481,0.47090600674529964
selective_nocontact,vessel_invjac_clip_nocontact_floor255_v2_20261008T151244Z,2,207,41.270261533175216,0.0023166168593586,0.6,0.8403222053136261,0.38610280989310003,3.861028098931,0.4542193954205261
selective_nocontact,vessel_invjac_clip_nocontact_floor255_v2_20261008T151244Z,2,208,41.501481798764964,0.0023252958598427576,0.6,1.0257223402890858,0.38754930997379294,3.8754930997379295,0.6381730303152927
selective_nocontact,vessel_invjac_clip_nocontact_floor255_v2_20261008T151244Z,2,209,41.73481308528334,0.002305629285982439,0.6,0.8087677421769399,0.3842715476637399,3.842715476637399,0.4244961945132001
selective_nocontact,vessel_invjac_clip_nocontact_floor255_v2_20261008T151244Z,2,210,41.96178477570937,0.002266706923911206,0.6,1.0357394326029663,0.37778448731853437,3.7778448731853436,0.657954945284432
selective_nocontact,vessel_invjac_clip_nocontact_floor255_v2_20261008T151244Z,2,211,42.19116951057194,0.0022990349324953454,0.6,0.893515868531658,0.38317248874922427,3.8317248874922423,0.5103433797824337
selective_nocontact,vessel_invjac_clip_nocontact_floor255_v2_20261008T151244Z,2,212,42.417786978079754,0.002245771311586854,0.6,1.1175117354784803,0.374295218597809,3.7429521859780905,0.7432165168806711
selective_nocontact,vessel_invjac_clip_nocontact_floor255_v2_20261008T151244Z,2,213,42.643459019049175,0.0022725132411769663,0.6,1.2940569142146572,0.37875220686282773,3.7875220686282773,0.9153047073518293
selective_nocontact,vessel_invjac_clip_nocontact_floor255_v2_20261008T151244Z,2,214,42.872012556494326,0.0022973485950923953,0.6,1.2214263777803183,0.38289143251539925,3.8289143251539923,0.8385349452649189
selective_nocontact,vessel_invjac_clip_nocontact_floor255_v2_20261008T151244Z,2,215,43.10261862075349,0.00230487430730202,0.6,1.2748861626270838,0.38414571788367,3.8414571788367002,0.8907404447434136
selective_nocontact,vessel_invjac_clip_nocontact_floor255_v2_20261008T151244Z,2,216,43.32923669968238,0.0021587428468381633,0.6,1.6138181592824736,0.3597904744730273,3.5979047447302723,1.2540276848094463
selective_nocontact,vessel_invjac_clip_nocontact_floor255_v2_20261008T151244Z,2,217,43.49460525300455,0.0010317766446497677,0.6,1.5526122640745683,0.17196277410829464,1.7196277410829461,1.3806494899662736
selective_nocontact,vessel_invjac_clip_nocontact_floor255_v2_20261008T151244Z,2,218,43.62231856648083,0.0015584933872439866,0.6,1.0829093712128213,0.25974889787399785,2.5974889787399777,0.8231604733388235
selective_nocontact,vessel_invjac_clip_nocontact_floor255_v2_20261008T151244Z,2,219,43.77169717175972,0.0014883651823851345,0.6,1.149222339584405,0.2480608637308558,2.4806086373085576,0.9011614758535492
selective_nocontact,vessel_invjac_clip_nocontact_floor255_v2_20261008T151244Z,2,220,43.94919932808071,0.0017246285537135895,0.6,1.2263357418524592,0.28743809228559825,2.8743809228559827,0.938897649566861
selective_nocontact,vessel_invjac_clip_nocontact_floor255_v2_20261008T151244Z,2,221,44.16003777220224,0.0022005738107670598,0.6,0.974219837932651,0.36676230179450997,3.6676230179451,0.6074575361381411
selective_nocontact,vessel_invjac_clip_nocontact_floor255_v2_20261008T151244Z,2,222,44.380870843899594,0.0022117210953913778,0.6,0.9411563809713854,0.3686201825652297,3.6862018256522964,0.5725361984061558
selective_nocontact,vessel_invjac_clip_nocontact_floor255_v2_20261008T151244Z,2,223,44.600711844639356,0.0021865840360692722,0.6,1.1543720989586603,0.36443067267821205,3.6443067267821205,0.7899414262804483
selective_nocontact,vessel_invjac_clip_nocontact_floor255_v2_20261008T151244Z,2,224,44.82053345395247,0.002218730339167207,0.6,1.3670634439603262,0.36978838986120116,3.6978838986120115,0.9972750540991251
selective_nocontact,vessel_invjac_clip_nocontact_floor255_v2_20261008T151244Z,2,225,45.043136574997284,0.002223915197809629,0.6,1.3228232947674528,0.37065253296827155,3.7065253296827145,0.9521707617991813
selective_nocontact,vessel_invjac_clip_nocontact_floor255_v2_20261008T151244Z,2,226,45.26518653025424,0.0022201785758551892,0.6,1.0320364789747885,0.37002976264253157,3.7002976264253156,0.6620067163322569
selective_nocontact,vessel_invjac_clip_nocontact_floor255_v2_20261008T151244Z,2,227,45.486728477409166,0.0022042628730260813,0.6,1.2892052915194938,0.36737714550434697,3.673771455043469,0.9218281460151467
selective_nocontact,vessel_invjac_clip_nocontact_floor255_v2_20261008T151244Z,2,228,45.925438808123296,0.002185234183704035,0.6,1.3122119736989575,0.36420569728400587,3.6420569728400585,0.9480062764149515
selective_nocontact,vessel_invjac_clip_nocontact_floor255_v2_20261008T151244Z,2,229,45.925438808123296,0.002185234183704035,0.6,0.9813940237017036,0.36420569728400587,3.6420569728400585,0.6171883264176977
selective_nocontact,vessel_invjac_clip_nocontact_floor255_v2_20261008T151244Z,2,230,46.36025176658213,0.002218050851419737,0.6,1.1464039513305337,0.36967514190328954,3.696751419032895,0.7767288094272442
selective_nocontact,vessel_invjac_clip_nocontact_floor255_v2_20261008T151244Z,2,231,46.58165922572111,0.0021991592508162506,0.6,0.874130534979912,0.3665265418027085,3.6652654180270843,0.5076039931772036
selective_nocontact,vessel_invjac_clip_nocontact_floor255_v2_20261008T151244Z,2,232,46.80208121352759,0.0022214037000964117,0.6,0.9032297557386357,0.3702339500160687,3.702339500160686,0.5329958057225671
selective_nocontact,vessel_invjac_clip_nocontact_floor255_v2_20261008T151244Z,2,233,47.02530568598885,0.0022342247291132302,0.6,1.1444963814900575,0.37237078818553837,3.723707881855384,0.772125593304519
selective_nocontact,vessel_invjac_clip_nocontact_floor255_v2_20261008T151244Z,2,234,47.24821383272124,0.0022238644184306364,0.6,0.8615679242805498,0.3706440697384394,3.7064406973843944,0.49092385454211035
selective_nocontact,vessel_invjac_clip_nocontact_floor255_v2_20261008T151244Z,2,235,47.24821383272124,0.0022238644184306364,0.6,0.8172791570013018,0.3706440697384394,3.7064406973843944,0.4466350872628624
selective_nocontact,vessel_invjac_clip_nocontact_floor255_v2_20261008T151244Z,2,236,47.470062667959155,0.002213034484734996,0.6,0.6478070409491039,0.36883908078916605,3.6883908078916603,0.2789679601599379
selective_nocontact,vessel_invjac_clip_nocontact_floor255_v2_20261008T151244Z,2,237,47.91051216712925,0.0021917188115178838,0.6,1.0138892207046126,0.365286468586314,3.6528646858631397,0.6486027521182987
selective_nocontact,vessel_invjac_clip_nocontact_floor255_v2_20261008T151244Z,2,238,47.91051216712925,0.0021917188115178838,0.6,0.8145282764897459,0.365286468586314,3.6528646858631397,0.44924180790343193
selective_nocontact,vessel_invjac_clip_nocontact_floor255_v2_20261008T151244Z,2,239,48.34683134995527,0.002171773193618142,0.6,1.0804066009123119,0.36196219893635706,3.61962198936357,0.7184444019759547
selective_nocontact,vessel_invjac_clip_nocontact_floor255_v2_20261008T151244Z,2,240,48.56343943452705,0.0021603721840089854,0.6,0.9447611429432428,0.3600620306681643,3.6006203066816425,0.5846991122750785
selective_nocontact,vessel_invjac_clip_nocontact_floor255_v2_20261008T151244Z,2,241,48.779237391671245,0.0021572724942837784,0.6,0.9679117690843881,0.3595454157139631,3.595454157139631,0.608366353370425
selective_nocontact,vessel_invjac_clip_nocontact_floor255_v2_20261008T151244Z,2,242,48.779237391671245,0.0021572724942837784,0.6,0.9220448727081276,0.3595454157139631,3.595454157139631,0.5624994569941646
selective_nocontact,vessel_invjac_clip_nocontact_floor255_v2_20261008T151244Z,2,243,48.99486332094339,0.0021539121140288398,0.6,0.7652027216744131,0.35898535233814,3.5898535233813997,0.40621736933627306
selective_nocontact,vessel_invjac_clip_nocontact_floor255_v2_20261008T151244Z,2,244,49.209858997114395,0.002145799753867576,0.6,0.8726767877731305,0.3576332923112627,3.5763329231126266,0.5150434954618679
selective_nocontact,vessel_invjac_clip_nocontact_floor255_v2_20261008T151244Z,2,245,49.63707647198635,0.002127069699292056,0.6,1.0090231783811134,0.35451161654867613,3.5451161654867605,0.6545115618324373
selective_nocontact,vessel_invjac_clip_nocontact_floor255_v2_20261008T151244Z,2,246,49.8496417797345,0.0021220029520121193,0.6,0.6996940237038061,0.3536671586686866,3.536671586686866,0.34602686503511954
selective_nocontact,vessel_invjac_clip_nocontact_floor255_v2_20261008T151244Z,2,247,49.8496417797345,0.0021220029520121193,0.6,0.5768828497077578,0.3536671586686866,3.536671586686866,0.22321569103907127
selective_nocontact,vessel_invjac_clip_nocontact_floor255_v2_20261008T151244Z,2,248,50.27214106496485,0.0021623298021785243,0.6,0.3978920241522559,0.3603883003630874,3.603883003630874,0.037503723789168504
selective_nocontact,vessel_invjac_clip_nocontact_floor255_v2_20261008T151244Z,2,249,50.27214106496485,0.0021623298021785243,0.6,0.3527346719560356,0.3603883003630874,3.603883003630874,-0.007653628407051807
selective_nocontact,vessel_invjac_clip_nocontact_floor255_v2_20261008T151244Z,2,250,50.49132112365078,0.002188487429842229,0.6,0.47905863264701054,0.3647479049737048,3.647479049737048,0.11431072767330573
selective_nocontact,vessel_invjac_clip_nocontact_floor255_v2_20261008T151244Z,2,251,50.7080531082003,0.002163827011546936,0.6,0.49656085383622184,0.36063783525782267,3.6063783525782265,0.13592301857839917
selective_nocontact,vessel_invjac_clip_nocontact_floor255_v2_20261008T151244Z,2,252,51.14540927910793,0.0021818130184376797,0.6,0.5883450998012449,0.3636355030729466,3.636355030729466,0.2247095967282983
selective_nocontact,vessel_invjac_clip_nocontact_floor255_v2_20261008T151244Z,2,253,51.36203399724616,0.002152433766511502,0.6,0.670819506454059,0.3587389610852504,3.5873896108525036,0.3120805453688085
selective_nocontact,vessel_invjac_clip_nocontact_floor255_v2_20261008T151244Z,2,254,51.576972615109085,0.0021480709748208844,0.6,0.5909082432424313,0.3580118291368141,3.580118291368141,0.2328964141056172
selective_nocontact,vessel_invjac_clip_nocontact_floor255_v2_20261008T151244Z,2,255,51.79039481103322,0.0021143544646314966,0.6,0.3257413337573567,0.35239241077191613,3.523924107719161,-0.02665107701455943
selective_nocontact,vessel_invjac_clip_nocontact_floor255_v2_20261008T151244Z,2,256,51.79039481103322,0.0021143544646314966,0.6,0.32046416560150703,0.35239241077191613,3.523924107719161,-0.03192824517040912
selective_nocontact,vessel_invjac_clip_nocontact_floor255_v2_20261008T151244Z,2,257,52.20930538119474,0.002060305278564899,0.6,0.5398167890809376,0.34338421309414985,3.433842130941499,0.19643257598678768
selective_nocontact,vessel_invjac_clip_nocontact_floor255_v2_20261008T151244Z,2,258,52.20930538119474,0.002060305278564899,0.6,0.08179150101963018,0.34338421309414985,3.433842130941499,-0.2615927120745197
selective_nocontact,vessel_invjac_clip_nocontact_floor255_v2_20261008T151244Z,2,259,52.616499421523955,0.0020695340960179913,0.6,0.4643995978469775,0.3449223493363319,3.449223493363319,0.11947724851064555
selective_nocontact,vessel_invjac_clip_nocontact_floor255_v2_20261008T151244Z,2,260,52.82463373211414,0.0020828564650546694,0.6,0.49227218269396644,0.3471427441757783,3.471427441757782,0.14512943851818821
selective_nocontact,vessel_invjac_clip_nocontact_floor255_v2_20261008T151244Z,2,261,53.03086701942062,0.0020341376633341694,0.6,0.15427870756569462,0.33902294388902826,3.3902294388902825,-0.18474423632333364
selective_nocontact,vessel_invjac_clip_nocontact_floor255_v2_20261008T151244Z,2,262,53.23278437694137,0.0020192938852350317,0.6,0.4298525628069214,0.33654898087250534,3.365489808725053,0.09330358193441605
selective_nocontact,vessel_invjac_clip_nocontact_floor255_v2_20261008T151244Z,2,263,53.43616059126247,0.0020462390739576417,0.6,0.40268608845192233,0.341039845659607,3.4103984565960697,0.061646242792315384
selective_nocontact,vessel_invjac_clip_nocontact_floor255_v2_20261008T151244Z,2,264,53.6409812293143,0.002040002770284885,0.6,0.2436079728892011,0.3400004617141475,3.400004617141475,-0.09639248882494642
selective_nocontact,vessel_invjac_clip_nocontact_floor255_v2_20261008T151244Z,2,265,53.84223183530445,0.00198771729215825,0.6,0.3961984659493325,0.3312862153597083,3.312862153597083,0.06491225058962417
selective_nocontact,vessel_invjac_clip_nocontact_floor255_v2_20261008T151244Z,2,266,54.041424590968774,0.00200887635172619,0.6,0.3378741277479307,0.33481272528769834,3.3481272528769837,0.003061402460232299
selective_nocontact,vessel_invjac_clip_nocontact_floor255_v2_20261008T151244Z,2,267,54.242112709716125,0.0019849624801979294,0.6,0.44828202573688003,0.3308270800329883,3.3082708003298826,0.11745494570389173
selective_nocontact,vessel_invjac_clip_nocontact_floor255_v2_20261008T151244Z,2,268,54.42448912923874,0.0019359658892874965,0.6,0.5086184956399862,0.3226609815479161,3.226609815479161,0.18595751409207
selective_nocontact,vessel_invjac_clip_nocontact_floor255_v2_20261008T151244Z,2,269,54.62296974045882,0.002011181649945802,0.6,0.4365620716398837,0.33519694165763364,3.3519694165763365,0.10136512998225003
selective_nocontact,vessel_invjac_clip_nocontact_floor255_v2_20261008T151244Z,2,270,54.81383992402505,0.0019694391406037395,0.6,0.272513211215788,0.32823985676728995,3.2823985676728995,-0.05572664555150199
selective_nocontact,vessel_invjac_clip_nocontact_floor255_v2_20261008T151244Z,2,271,55.011271739998804,0.0019609530489872484,0.6,0.4699450271895458,0.3268255081645414,3.2682550816454143,0.1431195190250044
selective_nocontact,vessel_invjac_clip_nocontact_floor255_v2_20261008T151244Z,2,272,55.20613051649533,0.0018181615580569839,0.6,0.4159540868378073,0.3030269263428307,3.0302692634283064,0.1129271604949766
selective_nocontact,vessel_invjac_clip_nocontact_floor255_v2_20261008T151244Z,2,273,55.357861628984466,0.0016386434548292025,0.6,0.3987644065624423,0.27310724247153384,2.7310724247153377,0.12565716409090844
selective_nocontact,vessel_invjac_clip_nocontact_floor255_v2_20261008T151244Z,2,274,55.52205617377209,0.00162234672912567,0.6,0.5665440581737116,0.270391121520945,2.70391121520945,0.2961529366527666
selective_nocontact,vessel_invjac_clip_nocontact_floor255_v2_20261008T151244Z,2,275,55.70528479588121,0.0019126700832636887,0.6,0.5656976971566863,0.31877834721061477,3.187783472106148,0.24691934994607154
selective_nocontact,vessel_invjac_clip_nocontact_floor255_v2_20261008T151244Z,2,276,55.89744938778644,0.0019297934046649426,0.6,0.5423113943246989,0.3216322341108238,3.2163223411082376,0.22067916021387504
selective_nocontact,vessel_invjac_clip_nocontact_floor255_v2_20261008T151244Z,2,277,56.09055447992385,0.0019284032421482426,0.6,0.652649390804207,0.32140054035804044,3.2140054035804044,0.33124885044616664
selective_nocontact,vessel_invjac_clip_nocontact_floor255_v2_20261008T151244Z,2,278,56.28244205586659,0.0019072970328085756,0.6,0.5950620154633697,0.31788283880142926,3.178828388014293,0.2771791766619404
selective_nocontact,vessel_invjac_clip_nocontact_floor255_v2_20261008T151244Z,2,279,56.47285921865495,0.0019093222470834884,0.6,0.497572158797432,0.31822037451391477,3.1822037451391476,0.17935178428351722
selective_nocontact,vessel_invjac_clip_nocontact_floor255_v2_20261008T151244Z,2,280,56.65735028641291,0.0016362860222762206,0.6,0.5925473030327097,0.2727143370460368,2.7271433704603676,0.3198329659866729
selective_nocontact,vessel_invjac_clip_nocontact_floor255_v2_20261008T151244Z,2,281,56.815676919235116,0.0019080541789183649,0.6,0.6198708001560647,0.31800902981972756,3.180090298197275,0.30186177033633715
selective_nocontact,vessel_invjac_clip_nocontact_floor255_v2_20261008T151244Z,2,282,56.9679038854328,0.00112913336131618,0.6,0.5592928382846765,0.18818889355269666,1.8818889355269666,0.3711039447319798
selective_nocontact,vessel_invjac_clip_nocontact_floor255_v2_20261008T151244Z,2,283,57.065542274074986,0.0008331342736092824,0.6,0.6420624035683176,0.13885571226821375,1.3885571226821374,0.5032066913001039
selective_nocontact,vessel_invjac_clip_nocontact_floor255_v2_20261008T151244Z,2,284,57.166461288823385,0.001113315377875725,0.6,0.5447335371863389,0.1855525629792875,1.855525629792875,0.35918097420705136
selective_nocontact,vessel_invjac_clip_nocontact_floor255_v2_20261008T151244Z,2,285,57.2759619300621,0.0011322399383955416,0.6,0.49070681538208305,0.18870665639925693,1.8870665639925694,0.3020001589828261
selective_nocontact,vessel_invjac_clip_nocontact_floor255_v2_20261008T151244Z,2,286,57.41241665479428,0.00126884822592942,0.6,0.24189598077501273,0.21147470432157006,2.1147470432157003,0.03042127645344267
selective_nocontact,vessel_invjac_clip_nocontact_floor255_v2_20261008T151244Z,2,287,57.550147841956075,0.0018284542062297154,0.6,0.3567992388443244,0.30474236770495255,3.047423677049526,0.052056871139371824
selective_nocontact,vessel_invjac_clip_nocontact_floor255_v2_20261008T151244Z,2,288,57.73739308781764,0.0018692663640255522,0.6,0.2575481236587578,0.31154439400425876,3.115443940042587,-0.05399627034550098
selective_nocontact,vessel_invjac_clip_nocontact_floor255_v2_20261008T151244Z,2,289,57.923628617502125,0.0018608332163170809,0.6,0.34010423663089995,0.3101388693861802,3.1013886938618014,0.029965367244719786
selective_nocontact,vessel_invjac_clip_nocontact_floor255_v2_20261008T151244Z,2,290,58.29705773195951,0.0018529249920731146,0.6,0.6386045909846203,0.3088208320121858,3.0882083201218578,0.3297837589724345
selective_nocontact,vessel_invjac_clip_nocontact_floor255_v2_20261008T151244Z,2,291,58.481409919973416,0.001838528232641504,0.6,0.5517526760349938,0.30642137210691733,3.064213721069174,0.24533130392807645
selective_nocontact,vessel_invjac_clip_nocontact_floor255_v2_20261008T151244Z,2,292,58.665300765847824,0.001840077069508354,0.6,0.6543400004432272,0.30667951158472573,3.066795115847257,0.3476604888585014
selective_nocontact,vessel_invjac_clip_nocontact_floor255_v2_20261008T151244Z,2,293,58.84946996881605,0.0018425162748500923,0.6,0.5483896904971672,0.30708604580834875,3.0708604580834873,0.24130364468881846
selective_nocontact,vessel_invjac_clip_nocontact_floor255_v2_20261008T151244Z,2,294,59.03350199161407,0.001836729792180453,0.6,0.5626248558661473,0.30612163203007553,3.0612163203007547,0.25650322383607177
selective_nocontact,vessel_invjac_clip_nocontact_floor255_v2_20261008T151244Z,2,295,59.03350199161407,0.001836729792180453,0.6,0.3755666586748774,0.30612163203007553,3.0612163203007547,0.06944502664480183
selective_nocontact,vessel_invjac_clip_nocontact_floor255_v2_20261008T151244Z,2,296,59.2168375938713,0.0018309272987004858,0.6,0.5147497683344469,0.3051545497834143,3.0515454978341428,0.20959521855103255
selective_nocontact,vessel_invjac_clip_nocontact_floor255_v2_20261008T151244Z,2,297,59.582755902784584,0.0018280795414835113,0.6,0.5126798575582825,0.30467992358058527,3.046799235805852,0.2079999339776972
selective_nocontact,vessel_invjac_clip_nocontact_floor255_v2_20261008T151244Z,2,298,59.764967624046,0.0018141116278193544,0.6,0.48478051649217946,0.3023519379698924,3.023519379698924,0.18242857852228703
selective_nocontact,vessel_invjac_clip_nocontact_floor255_v2_20261008T151244Z,2,299,59.94612120110469,0.0018154309820363754,0.6,0.5843994600221762,0.30257183033939594,3.025718303393959,0.2818276296827803
selective_nocontact,vessel_invjac_clip_nocontact_floor255_v2_20261008T151244Z,2,300,60.128857842127985,0.0018352004071951796,0.6,0.6204718342537987,0.30586673453253,3.0586673453252993,0.3146050997212687
selective_nocontact,vessel_invjac_clip_nocontact_floor255_v2_20261008T151244Z,2,301,60.31166919045444,0.0018163215406697682,0.6,0.7023612415758791,0.3027202567782947,3.0272025677829473,0.39964098479758436
selective_nocontact,vessel_invjac_clip_nocontact_floor255_v2_20261008T151244Z,2,302,60.31166919045444,0.0018163215406697682,0.6,0.6580228957367851,0.3027202567782947,3.0272025677829473,0.35530263895849035
selective_nocontact,vessel_invjac_clip_nocontact_floor255_v2_20261008T151244Z,2,303,60.49223441079063,0.0017967713729264165,0.6,0.4750850370269646,0.2994618954877361,2.9946189548773607,0.1756231415392285
selective_nocontact,vessel_invjac_clip_nocontact_floor255_v2_20261008T151244Z,2,304,60.67143282575459,0.001789268175751775,0.6,0.5319414266101461,0.2982113626252959,2.9821136262529584,0.23373006398485016
selective_nocontact,vessel_invjac_clip_nocontact_floor255_v2_20261008T151244Z,2,305,61.029369709941435,0.0017871624153619704,0.6,0.7191815959725147,0.2978604025603284,2.9786040256032837,0.4213211934121863
selective_nocontact,vessel_invjac_clip_nocontact_floor255_v2_20261008T151244Z,2,306,61.20807501526739,0.0017893372638606783,0.6,0.6224304724323844,0.29822287731011304,2.9822287731011308,0.32420759512227126
selective_nocontact,vessel_invjac_clip_nocontact_floor255_v2_20261008T151244Z,2,307,61.387406337956385,0.0017949102000082017,0.6,0.45477730679251493,0.299151700001367,2.9915170000136695,0.15562560679114792
selective_nocontact,vessel_invjac_clip_nocontact_floor255_v2_20261008T151244Z,2,308,61.56641376442469,0.001782836257979175,0.6,0.5275886502363321,0.29713937632986254,2.971393763298625,0.23044927390646952
selective_nocontact,vessel_invjac_clip_nocontact_floor255_v2_20261008T151244Z,2,309,61.56641376442469,0.001782836257979175,0.6,0.4855203624338671,0.29713937632986254,2.971393763298625,0.18838098610400453
selective_nocontact,vessel_invjac_clip_nocontact_floor255_v2_20261008T151244Z,2,310,61.74377530101031,0.0017638915494576808,0.6,0.4554958950378918,0.2939819249096135,2.939819249096135,0.16151397012827828
selective_nocontact,vessel_invjac_clip_nocontact_floor255_v2_20261008T151244Z,2,311,61.91983384745096,0.0017641374278419026,0.6,0.36890208429798577,0.29402290464031716,2.940229046403171,0.07487917965766859
selective_nocontact,vessel_invjac_clip_nocontact_floor255_v2_20261008T151244Z,2,312,62.27834900300363,0.001809025969375637,0.6,0.5710069493987433,0.30150432822927287,3.0150432822927287,0.26950262116947044
selective_nocontact,vessel_invjac_clip_nocontact_floor255_v2_20261008T151244Z,2,313,62.459344681156075,0.0018112705366060524,0.6,0.6141405065671179,0.30187842276767546,3.018784227676754,0.3122620837994424
selective_nocontact,vessel_invjac_clip_nocontact_floor255_v2_20261008T151244Z,2,314,62.64053261306399,0.0018105050598155733,0.6,0.41597085810096956,0.30175084330259555,3.017508433025956,0.114220014798374
selective_nocontact,vessel_invjac_clip_nocontact_floor255_v2_20261008T151244Z,2,315,62.821027857835986,0.0017990645533237598,0.6,0.607962304624273,0.29984409222062663,2.9984409222062665,0.3081182124036464
selective_nocontact,vessel_invjac_clip_nocontact_floor255_v2_20261008T151244Z,2,316,62.821027857835986,0.0017990645533237598,0.6,0.5678563111630908,0.29984409222062663,2.9984409222062665,0.26801221894246413
selective_nocontact,vessel_invjac_clip_nocontact_floor255_v2_20261008T151244Z,2,317,63.1812088436835,0.0018014165749338025,0.6,0.9345101490999852,0.30023609582230043,3.0023609582230044,0.6342740532776848
selective_nocontact,vessel_invjac_clip_nocontact_floor255_v2_20261008T151244Z,2,318,63.1812088436835,0.0018014165749338025,0.6,0.8944795434715829,0.30023609582230043,3.0023609582230044,0.5942434476492824
selective_nocontact,vessel_invjac_clip_nocontact_floor255_v2_20261008T151244Z,2,319,63.5397629884971,0.0017980135005083299,0.6,1.1711438247552621,0.29966891675138835,2.996689167513883,0.8714749080038737
selective_nocontact,vessel_invjac_clip_nocontact_floor255_v2_20261008T151244Z,2,320,63.719616657387206,0.0017928686701983764,0.6,1.3229565374029377,0.2988114450330628,2.9881144503306274,1.024145092369875
selective_nocontact,vessel_invjac_clip_nocontact_floor255_v2_20261008T151244Z,2,321,63.89787479761214,0.0017757202058101798,0.6,1.4298901641340294,0.29595336763503,2.9595336763502997,1.1339367964989995
selective_nocontact,vessel_invjac_clip_nocontact_floor255_v2_20261008T151244Z,2,322,64.0755879679429,0.0017812643413323576,0.6,1.5223159890649995,0.29687739022205967,2.968773902220596,1.22543859884294
selective_nocontact,vessel_invjac_clip_nocontact_floor255_v2_20261008T151244Z,2,323,64.25417990648,0.001790163498134915,0.6,1.6166405286297802,0.29836058302248586,2.9836058302248585,1.3182799456072944
selective_nocontact,vessel_invjac_clip_nocontact_floor255_v2_20261008T151244Z,2,324,64.43297350954566,0.0017805179602502458,0.6,1.2878652587300436,0.29675299337504096,2.9675299337504097,0.9911122653550026
selective_nocontact,vessel_invjac_clip_nocontact_floor255_v2_20261008T151244Z,2,325,64.60957316890128,0.0017560275993405,0.6,1.4700654511708464,0.29267126655675,2.9267126655675,1.1773941846140963
selective_nocontact,vessel_invjac_clip_nocontact_floor255_v2_20261008T151244Z,2,326,64.78582026910368,0.0017756181875892723,0.6,1.5870533829344922,0.2959363645982121,2.959363645982121,1.2911170183362801
selective_nocontact,vessel_invjac_clip_nocontact_floor255_v2_20261008T151244Z,2,327,64.96421380953247,0.0017843958707144736,0.6,1.7772486311327498,0.29739931178574563,2.9739931178574563,1.479849319347004
selective_nocontact,vessel_invjac_clip_nocontact_floor255_v2_20261008T151244Z,2,328,65.14186911150166,0.0017705335644245723,0.6,1.7966480570449619,0.2950889274040954,2.950889274040954,1.5015591296408666
selective_nocontact,vessel_invjac_clip_nocontact_floor255_v2_20261008T151244Z,2,329,65.31892915725479,0.0017721057786302028,0.6,1.9166063090910157,0.29535096310503384,2.953509631050338,1.621255345985982
selective_nocontact,vessel_invjac_clip_nocontact_floor255_v2_20261008T151244Z,2,330,65.49594037612894,0.0017658486248999371,0.6,1.9356998717686338,0.2943081041499896,2.9430810414998954,1.6413917676186442
selective_nocontact,vessel_invjac_clip_nocontact_floor255_v2_20261008T151244Z,2,331,65.67198694906455,0.0017564371215539629,0.6,2.1496471626039693,0.29273952025899386,2.927395202589938,1.8569076423449753
selective_nocontact,vessel_invjac_clip_nocontact_floor255_v2_20261008T151244Z,2,332,65.84748844660739,0.0017541952716312499,0.6,2.2825540712858228,0.2923658786052084,2.923658786052083,1.9901881926806144
selective_nocontact,vessel_invjac_clip_nocontact_floor255_v2_20261008T151244Z,2,333,66.02283279659449,0.001752691844510994,0.6,2.3250360061395767,0.292115307418499,2.92115307418499,2.0329206987210777
selective_nocontact,vessel_invjac_clip_nocontact_floor255_v2_20261008T151244Z,2,334,66.1980765129746,0.0017526240307577424,0.6,2.4125512205219977,0.2921040051262905,2.9210400512629042,2.120447215395707
selective_nocontact,vessel_invjac_clip_nocontact_floor255_v2_20261008T151244Z,2,335,66.37337216014663,0.0017523754819909916,0.6,2.599811832952163,0.29206258033183197,2.9206258033183197,2.3077492526203307
selective_nocontact,vessel_invjac_clip_nocontact_floor255_v2_20261008T151244Z,2,336,66.54827439094898,0.0017450513279943073,0.6,2.7007785150901427,0.29084188799905125,2.908418879990512,2.4099366270910916
selective_nocontact,vessel_invjac_clip_nocontact_floor255_v2_20261008T151244Z,2,337,66.72261708298936,0.0017437320171859924,0.6,2.8231680731028916,0.29062200286433215,2.906220028643321,2.53254607023856
selective_nocontact,vessel_invjac_clip_nocontact_floor255_v2_20261008T151244Z,2,338,66.89704100099074,0.0017419433222512104,0.6,3.0456909950110713,0.29032388704186846,2.903238870418684,2.755367107969203
selective_nocontact,vessel_invjac_clip_nocontact_floor255_v2_20261008T151244Z,2,339,67.06578633653581,0.0015202639990388766,0.6,3.0619851030791523,0.25337733317314615,2.533773331731461,2.808607769906006
selective_nocontact,vessel_invjac_clip_nocontact_floor255_v2_20261008T151244Z,2,340,67.23396127789897,0.0016613594582309782,0.6,3.3555647852929766,0.2768932430384964,2.7689324303849636,3.0786715422544804
selective_nocontact,vessel_invjac_clip_nocontact_floor255_v2_20261008T151244Z,2,341,67.40619058321269,0.0017553344581465165,0.6,3.5578843814350734,0.29255574302441945,2.925557430244194,3.265328638410654
selective_nocontact,vessel_invjac_clip_nocontact_floor255_v2_20261008T151244Z,2,342,67.58078351703168,0.0017339377711977418,0.6,3.7174074115019593,0.288989628532957,2.8898962853295695,3.4284177829690026
selective_nocontact,vessel_invjac_clip_nocontact_floor255_v2_20261008T151244Z,2,343,67.75358541047578,0.0017259733270346815,0.6,3.8880461432227946,0.28766222117244694,2.8766222117244693,3.600383922050348
selective_nocontact,vessel_invjac_clip_nocontact_floor255_v2_20261008T151244Z,2,344,67.92627356826378,0.0017267978024780122,0.6,4.060547764656974,0.2877996337463354,2.8779963374633537,3.772748130910638
selective_nocontact,vessel_invjac_clip_nocontact_floor255_v2_20261008T151244Z,2,345,68.09877013311277,0.0017230903058967366,0.6,4.2866709836909465,0.2871817176494561,2.8718171764945613,3.9994892660414902
selective_nocontact,vessel_invjac_clip_nocontact_floor255_v2_20261008T151244Z,2,346,68.27098746323387,0.0017216300571474572,0.6,4.387241372565619,0.2869383428579096,2.8693834285790953,4.100303029707709
selective_nocontact,vessel_invjac_clip_nocontact_floor255_v2_20261008T151244Z,2,347,68.44295115107771,0.0017161302797246518,0.6,4.450943141252367,0.286021713287442,2.86021713287442,4.164921427964925
selective_nocontact,vessel_invjac_clip_nocontact_floor255_v2_20261008T151244Z,2,348,68.61407935476221,0.0017086570203639745,0.6,4.6490449923888875,0.28477617006066247,2.847761700606624,4.364268822328226
selective_nocontact,vessel_invjac_clip_nocontact_floor255_v2_20261008T151244Z,2,349,68.78537342333152,0.0017197585087169959,0.6,4.86031848379082,0.2866264181194993,2.8662641811949934,4.573692065671321
selective_nocontact,vessel_invjac_clip_nocontact_floor255_v2_20261008T151244Z,2,350,69.12984753067988,0.0017182505492085234,0.6,5.175617795637876,0.28637509153475393,2.863750915347539,4.889242704103123
selective_nocontact,vessel_invjac_clip_nocontact_floor255_v2_20261008T151244Z,2,351,69.3018303346767,0.0017226291798815804,0.6,5.259195701550809,0.28710486331359675,2.8710486331359673,4.972090838237212
selective_nocontact,vessel_invjac_clip_nocontact_floor255_v2_20261008T151244Z,2,352,69.47421899930515,0.0017236381817949677,0.6,5.268086540446802,0.28727303029916135,2.872730302991613,4.980813510147641
selective_nocontact,vessel_invjac_clip_nocontact_floor255_v2_20261008T151244Z,2,353,69.64634194720897,0.0017182159454217638,0.6,5.363069880574358,0.2863693242369607,2.8636932423696067,5.076700556337397
selective_nocontact,vessel_invjac_clip_nocontact_floor255_v2_20261008T151244Z,2,354,69.64634194720897,0.0017182159454217638,0.6,5.453874167943098,0.2863693242369607,2.8636932423696067,5.167504843706138
selective_nocontact,vessel_invjac_clip_nocontact_floor255_v2_20261008T151244Z,2,355,69.81778776038509,0.0017106833567321462,0.6,5.504396293432308,0.28511389278869104,2.8511389278869106,5.219282400643617
selective_nocontact,vessel_invjac_clip_nocontact_floor255_v2_20261008T151244Z,2,356,69.98861110699984,0.0017065252510290512,0.6,5.6402810103389385,0.2844208751715086,2.8442087517150854,5.35586013516743
selective_nocontact,vessel_invjac_clip_nocontact_floor255_v3_20261008T151506Z,3,0,0.0,0.0,0.6,0.0,0.0,0.0,0.0
selective_nocontact,vessel_invjac_clip_nocontact_floor255_v3_20261008T151506Z,3,1,0.07089046787857123,0.0014178093575714246,0.6,0.07089046787857123,0.23630155959523746,2.363015595952375,-0.16541109171666624
selective_nocontact,vessel_invjac_clip_nocontact_floor255_v3_20261008T151506Z,3,2,0.27904014248587156,0.0025258943186664425,0.6,0.27904014248587156,0.42098238644440716,4.209823864444071,-0.1419422439585356
selective_nocontact,vessel_invjac_clip_nocontact_floor255_v3_20261008T151506Z,3,3,0.531629574352516,0.0025258943186664425,0.6,0.531629574352516,0.42098238644440716,4.209823864444071,0.11064718790810885
selective_nocontact,vessel_invjac_clip_nocontact_floor255_v3_20261008T151506Z,3,4,0.78421900621916,0.0025258943186664425,0.6,0.78421900621916,0.42098238644440716,4.209823864444071,0.36323661977475286
selective_nocontact,vessel_invjac_clip_nocontact_floor255_v3_20261008T151506Z,3,5,1.0368084380858043,0.0025258943186664425,0.6,0.8234220545777462,0.42098238644440716,4.209823864444071,0.402439668133339
selective_nocontact,vessel_invjac_clip_nocontact_floor255_v3_20261008T151506Z,3,6,1.289397869952449,0.0025258943186664425,0.6,0.7561330706318348,0.42098238644440716,4.209823864444071,0.3351506841874276
selective_nocontact,vessel_invjac_clip_nocontact_floor255_v3_20261008T151506Z,3,7,1.5419873018190933,0.0025258943186664425,0.6,0.607418917736395,0.42098238644440716,4.209823864444071,0.18643653129198784
selective_nocontact,vessel_invjac_clip_nocontact_floor255_v3_20261008T151506Z,3,8,1.794576733685738,0.0025258943186664425,0.6,0.3593218889797798,0.42098238644440716,4.209823864444071,-0.06166049746462738
selective_nocontact,vessel_invjac_clip_nocontact_floor255_v3_20261008T151506Z,3,9,2.047166165552382,0.0025258943186664425,0.6,0.2761224762515111,0.42098238644440716,4.209823864444071,-0.14485991019289604
selective_nocontact,vessel_invjac_clip_nocontact_floor255_v3_20261008T151506Z,3,10,2.2997555974190265,0.0025258943186664425,0.6,0.38460172992344055,0.42098238644440716,4.209823864444071,-0.036380656520966635
selective_nocontact,vessel_invjac_clip_nocontact_floor255_v3_20261008T151506Z,3,11,2.552345029285671,0.0025258943186664425,0.6,0.5575923393974715,0.42098238644440716,4.209823864444071,0.13660995295306444
selective_nocontact,vessel_invjac_clip_nocontact_floor255_v3_20261008T151506Z,3,12,2.804934461152316,0.0025258943186664425,0.6,0.7574745631646906,0.42098238644440716,4.209823864444071,0.3364921767202835
selective_nocontact,vessel_invjac_clip_nocontact_floor255_v3_20261008T151506Z,3,13,3.0575238930189594,0.0025258943186664425,0.6,0.5878450543531004,0.42098238644440716,4.209823864444071,0.16686266790869325
selective_nocontact,vessel_invjac_clip_nocontact_floor255_v3_20261008T151506Z,3,14,3.3101133248856027,0.0025258943186664425,0.6,0.6532721317257879,0.42098238644440716,4.209823864444071,0.23228974528138077
selective_nocontact,vessel_invjac_clip_nocontact_floor255_v3_20261008T151506Z,3,15,3.562702756752245,0.0025258943186664425,0.6,0.7128073116646378,0.42098238644440716,4.209823864444071,0.29182492522023074
selective_nocontact,vessel_invjac_clip_nocontact_floor255_v3_20261008T151506Z,3,16,3.8152921886188884,0.0025258943186664425,0.6,0.5386178602059228,0.42098238644440716,4.209823864444071,0.11763547376151563
selective_nocontact,vessel_invjac_clip_nocontact_floor255_v3_20261008T151506Z,3,17,4.067881620485531,0.0025258943186664425,0.6,0.6418275508298779,0.42098238644440716,4.209823864444071,0.22084516438547072
selective_nocontact,vessel_invjac_clip_nocontact_floor255_v3_20261008T151506Z,3,18,4.3204710523521745,0.0025258943186664425,0.6,0.3765899026758097,0.42098238644440716,4.209823864444071,-0.044392483768597425
selective_nocontact,vessel_invjac_clip_nocontact_floor255_v3_20261008T151506Z,3,19,4.573060484218818,0.0025258943186664425,0.6,0.35468541097453077,0.42098238644440716,4.209823864444071,-0.0662969754698764
selective_nocontact,vessel_invjac_clip_nocontact_floor255_v3_20261008T151506Z,3,20,4.825649916085461,0.0025258943186664425,0.6,0.7671413532912181,0.42098238644440716,4.209823864444071,0.346158966846811
selective_nocontact,vessel_invjac_clip_nocontact_floor255_v3_20261008T151506Z,3,21,5.078239347952104,0.0025258943186664425,0.6,0.9012035689094615,0.42098238644440716,4.209823864444071,0.4802211824650543
selective_nocontact,vessel_invjac_clip_nocontact_floor255_v3_20261008T151506Z,3,22,5.330828779818748,0.0025258943186664425,0.6,0.9976721969295514,0.42098238644440716,4.209823864444071,0.5766898104851443
selective_nocontact,vessel_invjac_clip_nocontact_floor255_v3_20261008T151506Z,3,23,5.583418211685391,0.0025258943186664425,0.6,0.6995957796214594,0.42098238644440716,4.209823864444071,0.27861339317705214
selective_nocontact,vessel_invjac_clip_nocontact_floor255_v3_20261008T151506Z,3,24,5.836007643552035,0.0025258943186664425,0.6,0.8986549921296465,0.42098238644440716,4.209823864444071,0.47767260568523934
selective_nocontact,vessel_invjac_clip_nocontact_floor255_v3_20261008T151506Z,3,25,6.08859707541868,0.0025258943186664425,0.6,0.5150733277701995,0.42098238644440716,4.209823864444071,0.09409094132579239
selective_nocontact,vessel_invjac_clip_nocontact_floor255_v3_20261008T151506Z,3,26,6.593775939151972,0.0025258943186664425,0.6,0.9097398101471574,0.42098238644440716,4.209823864444071,0.4887574237027503
selective_nocontact,vessel_invjac_clip_nocontact_floor255_v3_20261008T151506Z,3,27,6.84636537101862,0.0025258943186664425,0.6,1.1733976399385222,0.42098238644440716,4.209823864444071,0.752415253494115
selective_nocontact,vessel_invjac_clip_nocontact_floor255_v3_20261008T151506Z,3,28,7.098954802885266,0.0025258943186664425,0.6,1.098242141085036,0.42098238644440716,4.209823864444071,0.6772597546406288
selective_nocontact,vessel_invjac_clip_nocontact_floor255_v3_20261008T151506Z,3,29,7.098954802885266,0.0025258943186664425,0.6,1.1383250907608709,0.42098238644440716,4.209823864444071,0.7173427043164636
selective_nocontact,vessel_invjac_clip_nocontact_floor255_v3_20261008T151506Z,3,30,7.351544234751909,0.0025258943186664425,0.6,0.8466756683250809,0.42098238644440716,4.209823864444071,0.42569328188067374
selective_nocontact,vessel_invjac_clip_nocontact_floor255_v3_20261008T151506Z,3,31,7.809431546768149,0.0016350363673224755,0.6,1.371950500209091,0.27250606122041265,2.725060612204126,1.0994444389886784
selective_nocontact,vessel_invjac_clip_nocontact_floor255_v3_20261008T151506Z,3,32,7.958191609215544,0.0014251986194254987,0.6,0.8989871218053791,0.23753310323758314,2.3753310323758314,0.661454018567796
selective_nocontact,vessel_invjac_clip_nocontact_floor255_v3_20261008T151506Z,3,33,8.104049570163813,0.001498795120644812,0.6,0.04208529656493987,0.24979918677413537,2.4979918677413537,-0.2077138902091955
selective_nocontact,vessel_invjac_clip_nocontact_floor255_v3_20261008T151506Z,3,34,8.255341772543689,0.0015105311745166152,0.6,0.24105630789057386,0.2517551957527692,2.517551957527692,-0.01069888786219537
selective_nocontact,vessel_invjac_clip_nocontact_floor255_v3_20261008T151506Z,3,35,8.404982664192776,0.0014871259867361025,0.6,0.232064756054724,0.2478543311226838,2.4785433112268374,-0.015789575067959798
selective_nocontact,vessel_invjac_clip_nocontact_floor255_v3_20261008T151506Z,3,36,8.404982664192776,0.0014871259867361025,0.6,0.4022851263700371,0.2478543311226838,2.4785433112268374,0.15443079524735331
selective_nocontact,vessel_invjac_clip_nocontact_floor255_v3_20261008T151506Z,3,37,8.553614052672371,0.0014884506120266064,0.6,0.5014728569438134,0.24807510200443447,2.480751020044344,0.25339775493937894
selective_nocontact,vessel_invjac_clip_nocontact_floor255_v3_20261008T151506Z,3,38,8.70260427847708,0.0014901042074226692,0.6,0.5006425837845327,0.24835070123711156,2.4835070123711156,0.25229188254742124
selective_nocontact,vessel_invjac_clip_nocontact_floor255_v3_20261008T151506Z,3,39,9.000041065690816,0.0014853973090839404,0.6,0.7686422187934632,0.24756621818065677,2.4756621818065674,0.5210760006128065
selective_nocontact,vessel_invjac_clip_nocontact_floor255_v3_20261008T151506Z,3,40,9.148526720901787,0.001483876174630068,0.6,0.6384990640487089,0.24731269577167803,2.4731269577167803,0.39118636827703085
selective_nocontact,vessel_invjac_clip_nocontact_floor255_v3_20261008T151506Z,3,41,9.296739625241301,0.0014804253197215694,0.6,0.6041075971252248,0.24673755328692829,2.4673755328692826,0.3573700438382965
selective_nocontact,vessel_invjac_clip_nocontact_floor255_v3_20261008T151506Z,3,42,9.444821152773178,0.0014826191366075238,0.6,0.7189813646355088,0.24710318943458737,2.4710318943458733,0.47187817520092146
selective_nocontact,vessel_invjac_clip_nocontact_floor255_v3_20261008T151506Z,3,43,9.444821152773178,0.0014826191366075238,0.6,0.36901436162639634,0.24710318943458737,2.4710318943458733,0.12191117219180898
selective_nocontact,vessel_invjac_clip_nocontact_floor255_v3_20261008T151506Z,3,44,9.593564823126025,0.0014938065505951525,0.6,0.27696969206393973,0.24896775843252544,2.489677584325254,0.028001933631414302
selective_nocontact,vessel_invjac_clip_nocontact_floor255_v3_20261008T151506Z,3,45,9.743895360280467,0.0015145212259498784,0.6,0.5844098225370207,0.25242020432497975,2.5242020432497974,0.33198961821204087
selective_nocontact,vessel_invjac_clip_nocontact_floor255_v3_20261008T151506Z,3,46,10.049427526216315,0.0015282132750628974,0.6,0.4764240992648343,0.2547022125104829,2.5470221251048293,0.22172188675435134
selective_nocontact,vessel_invjac_clip_nocontact_floor255_v3_20261008T151506Z,3,47,10.201984867156684,0.0015237952712097724,0.6,0.33087458189940655,0.2539658785349621,2.5396587853496206,0.07690870336444443
selective_nocontact,vessel_invjac_clip_nocontact_floor255_v3_20261008T151506Z,3,48,10.35431375545476,0.0015228541526047538,0.6,0.3372140583585672,0.25380902543412565,2.5380902543412565,0.0834050329244416
selective_nocontact,vessel_invjac_clip_nocontact_floor255_v3_20261008T151506Z,3,49,10.506523496432765,0.0015211507914507276,0.6,0.16966122368032366,0.25352513190845466,2.535251319084546,-0.08386390822813099
selective_nocontact,vessel_invjac_clip_nocontact_floor255_v3_20261008T151506Z,3,50,10.506523496432765,0.0015211507914507276,0.6,0.10653610174270689,0.25352513190845466,2.535251319084546,-0.14698903016574777
selective_nocontact,vessel_invjac_clip_nocontact_floor255_v3_20261008T151506Z,3,51,10.81026618960008,0.00151628533526946,0.6,0.4594799321494243,0.25271422254491005,2.5271422254491,0.20676570960451424
selective_nocontact,vessel_invjac_clip_nocontact_floor255_v3_20261008T151506Z,3,52,10.81026618960008,0.00151628533526946,0.6,0.47599510993004124,0.25271422254491005,2.5271422254491,0.22328088738513122
selective_nocontact,vessel_invjac_clip_nocontact_floor255_v3_20261008T151506Z,3,53,11.113428740514978,0.001514399046459749,0.6,0.33711266720307265,0.2523998410766249,2.5239984107662488,0.08471282612644776
selective_nocontact,vessel_invjac_clip_nocontact_floor255_v3_20261008T151506Z,3,54,11.264424404435188,0.0015047405040067253,0.6,0.4092057511667502,0.2507900840011209,2.507900840011209,0.15841566716562924
selective_nocontact,vessel_invjac_clip_nocontact_floor255_v3_20261008T151506Z,3,55,11.414947742901443,0.001511857346861506,0.6,0.3117466596205105,0.2519762244769177,2.5197622447691765,0.05977043514359282
selective_nocontact,vessel_invjac_clip_nocontact_floor255_v3_20261008T151506Z,3,56,11.567900363304995,0.001550181326097015,0.6,0.07534831220256244,0.25836355434950253,2.583635543495025,-0.18301524214694007
selective_nocontact,vessel_invjac_clip_nocontact_floor255_v3_20261008T151506Z,3,57,11.724548474004223,0.0015793450040556948,0.6,0.08185762228043814,0.26322416734261583,2.632241673426158,-0.1813665450621777
selective_nocontact,vessel_invjac_clip_nocontact_floor255_v3_20261008T151506Z,3,58,11.883159507530893,0.0015903518058864709,0.6,0.36664465398149204,0.26505863431441185,2.650586343144118,0.10158601966708017
selective_nocontact,vessel_invjac_clip_nocontact_floor255_v3_20261008T151506Z,3,59,12.042161648302596,0.001588060535178287,0.6,0.18003116285749954,0.26467675586304784,2.6467675586304784,-0.08464559300554832
selective_nocontact,vessel_invjac_clip_nocontact_floor255_v3_20261008T151506Z,3,60,12.200737105937037,0.001583925877281857,0.6,-0.009020409057427514,0.26398764621364285,2.639876462136429,-0.27300805527107036
selective_nocontact,vessel_invjac_clip_nocontact_floor255_v3_20261008T151506Z,3,61,12.359017540539831,0.001581736854710502,0.6,-0.15479746184207066,0.26362280911841707,2.63622809118417,-0.41842027096048773
selective_nocontact,vessel_invjac_clip_nocontact_floor255_v3_20261008T151506Z,3,62,12.517071389985814,0.0015792552801848216,0.6,0.12032076935458313,0.263209213364137,2.6320921336413696,-0.14288844400955386
selective_nocontact,vessel_invjac_clip_nocontact_floor255_v3_20261008T151506Z,3,63,12.674851986075074,0.0015762704654855657,0.6,0.1236201340349048,0.2627117442475943,2.627117442475943,-0.13909161021268954
selective_nocontact,vessel_invjac_clip_nocontact_floor255_v3_20261008T151506Z,3,64,12.832317838128526,0.0015732496492272255,0.6,0.07698715669841505,0.2622082748712043,2.6220827487120424,-0.18522111817278925
selective_nocontact,vessel_invjac_clip_nocontact_floor255_v3_20261008T151506Z,3,65,12.989579005914273,0.001572404460017079,0.6,0.22342841900451305,0.2620674100028465,2.6206741000284652,-0.03863899099833346
selective_nocontact,vessel_invjac_clip_nocontact_floor255_v3_20261008T151506Z,3,66,13.146707912847063,0.0015687095294042127,0.6,0.21093276793445703,0.26145158823403547,2.6145158823403545,-0.050518820299578444
selective_nocontact,vessel_invjac_clip_nocontact_floor255_v3_20261008T151506Z,3,67,13.303072093843644,0.0015590285263854574,0.6,0.12617957557397474,0.2598380877309096,2.598380877309096,-0.13365851215693486
selective_nocontact,vessel_invjac_clip_nocontact_floor255_v3_20261008T151506Z,3,68,13.459440403856037,0.0015743682405794169,0.6,0.21114889003143844,0.2623947067632362,2.6239470676323617,-0.051245816731797754
selective_nocontact,vessel_invjac_clip_nocontact_floor255_v3_20261008T151506Z,3,69,13.618621367846933,0.0016068831396283427,0.6,0.3464377256609019,0.26781385660472384,2.6781385660472377,0.07862386905617809
selective_nocontact,vessel_invjac_clip_nocontact_floor255_v3_20261008T151506Z,3,70,13.779756258039274,0.0016112404076086288,0.6,0.33189174132983723,0.26854006793477153,2.685400679347715,0.06335167339506569
selective_nocontact,vessel_invjac_clip_nocontact_floor255_v3_20261008T151506Z,3,71,13.940612220998258,0.0016064876771288178,0.6,0.5049970990775119,0.26774794618813635,2.677479461881363,0.23724915288937556
selective_nocontact,vessel_invjac_clip_nocontact_floor255_v3_20261008T151506Z,3,72,14.101158493353173,0.0016044635553509109,0.6,0.463820966028738,0.2674105925584852,2.6741059255848514,0.19641037347025284
selective_nocontact,vessel_invjac_clip_nocontact_floor255_v3_20261008T151506Z,3,73,14.261473043908438,0.0016016465861649627,0.6,0.4158031995015232,0.26694109769416047,2.6694109769416046,0.14886210180736276
selective_nocontact,vessel_invjac_clip_nocontact_floor255_v3_20261008T151506Z,3,74,14.421481705391358,0.0015986209379372839,0.6,0.5147315675392647,0.2664368229895474,2.6643682298954734,0.24829474454971737
selective_nocontact,vessel_invjac_clip_nocontact_floor255_v3_20261008T151506Z,3,75,14.581212042999772,0.0015959610397654471,0.6,0.35781413531257833,0.2659935066275746,2.6599350662757453,0.09182062868500374
selective_nocontact,vessel_invjac_clip_nocontact_floor255_v3_20261008T151506Z,3,76,14.740651195860154,0.0015926906047648043,0.6,0.5836917463943472,0.26544843412746744,2.654484341274674,0.31824331226687974
selective_nocontact,vessel_invjac_clip_nocontact_floor255_v3_20261008T151506Z,3,77,14.899779025841008,0.0015903195206433223,0.6,0.7364792861664284,0.2650532534405537,2.6505325344055373,0.4714260327258747
selective_nocontact,vessel_invjac_clip_nocontact_floor255_v3_20261008T151506Z,3,78,15.058789791436821,0.0015897533131368448,0.6,0.762948529195489,0.2649588855228075,2.6495888552280746,0.49798964367268145
selective_nocontact,vessel_invjac_clip_nocontact_floor255_v3_20261008T151506Z,3,79,15.217432176173725,0.0015814104645741117,0.6,0.46142881107632405,0.263568410762352,2.63568410762352,0.1978604003139721
selective_nocontact,vessel_invjac_clip_nocontact_floor255_v3_20261008T151506Z,3,80,15.375201395416946,0.0015785008951887235,0.6,0.08870978936350404,0.26308348253145397,2.630834825314539,-0.17437369316794993
selective_nocontact,vessel_invjac_clip_nocontact_floor255_v3_20261008T151506Z,3,81,15.53447441764882,0.001611023163978677,0.6,0.28956171163248,0.2685038606631129,2.6850386066311285,0.021057850969367128
selective_nocontact,vessel_invjac_clip_nocontact_floor255_v3_20261008T151506Z,3,82,15.69691484080096,0.0016309528392238393,0.6,0.4678766434279851,0.27182547320397327,2.718254732039732,0.19605117022401183
selective_nocontact,vessel_invjac_clip_nocontact_floor255_v3_20261008T151506Z,3,83,15.859569225243488,0.0016215469998993204,0.6,0.17592833744974534,0.27025783331655345,2.702578333165534,-0.0943294958668081
selective_nocontact,vessel_invjac_clip_nocontact_floor255_v3_20261008T151506Z,3,84,16.021478383664128,0.0016179714742503226,0.6,-0.025833569877391938,0.26966191237505377,2.6966191237505375,-0.2954954822524457
selective_nocontact,vessel_invjac_clip_nocontact_floor255_v3_20261008T151506Z,3,85,16.18322068506177,0.0016164691410927366,0.6,-0.23755941249362422,0.26941152351545616,2.694115235154561,-0.5069709360090804
selective_nocontact,vessel_invjac_clip_nocontact_floor255_v3_20261008T151506Z,3,86,16.50585406939302,0.0016101740292531776,0.6,0.13185168600809405,0.26836233820886296,2.6836233820886295,-0.1365106522007689
selective_nocontact,vessel_invjac_clip_nocontact_floor255_v3_20261008T151506Z,3,87,16.666735014103473,0.001607332184543692,0.6,0.08064596123182355,0.2678886974239487,2.6788869742394863,-0.18724273619212517
selective_nocontact,vessel_invjac_clip_nocontact_floor255_v3_20261008T151506Z,3,88,16.666735014103473,0.001607332184543692,0.6,-0.1930718628274839,0.2678886974239487,2.6788869742394863,-0.4609605602514326
selective_nocontact,vessel_invjac_clip_nocontact_floor255_v3_20261008T151506Z,3,89,16.827304747399353,0.0016041609911083415,0.6,0.09388420853635182,0.2673601651847236,2.6736016518472363,-0.17347595664837176
selective_nocontact,vessel_invjac_clip_nocontact_floor255_v3_20261008T151506Z,3,90,16.987624882876208,0.0016025664409080285,0.6,0.02921107337058615,0.2670944068180048,2.670944068180048,-0.23788333344741863
selective_nocontact,vessel_invjac_clip_nocontact_floor255_v3_20261008T151506Z,3,91,17.307250106832328,0.0015920631807119483,0.6,0.534153313699175,0.2653438634519914,2.6534386345199144,0.2688094502471835
selective_nocontact,vessel_invjac_clip_nocontact_floor255_v3_20261008T151506Z,3,92,17.46738761165138,0.001618123464003231,0.6,0.6723730042287066,0.2696872440005385,2.696872440005385,0.40268576022816804
selective_nocontact,vessel_invjac_clip_nocontact_floor255_v3_20261008T151506Z,3,93,17.63150387608757,0.0016591376232703771,0.6,0.6345861440868639,0.27652293721172955,2.7652293721172954,0.3580632068751344
selective_nocontact,vessel_invjac_clip_nocontact_floor255_v3_20261008T151506Z,3,94,17.79752072124874,0.0016551535429594204,0.6,0.35572988363843905,0.2758589238265701,2.7585892382657007,0.07987095981186894
selective_nocontact,vessel_invjac_clip_nocontact_floor255_v3_20261008T151506Z,3,95,17.962505440941534,0.0016467555888176034,0.6,0.35976674128725605,0.2744592648029339,2.744592648029339,0.08530747648432212
selective_nocontact,vessel_invjac_clip_nocontact_floor255_v3_20261008T151506Z,3,96,17.962505440941534,0.0016467555888176034,0.6,0.17852338506616405,0.2744592648029339,2.744592648029339,-0.09593587973676988
selective_nocontact,vessel_invjac_clip_nocontact_floor255_v3_20261008T151506Z,3,97,18.127137414667217,0.0016458409149144825,0.6,-0.0936621850712882,0.2743068191524138,2.7430681915241375,-0.367969004223702
selective_nocontact,vessel_invjac_clip_nocontact_floor255_v3_20261008T151506Z,3,98,18.455569052787013,0.001638176344896736,0.6,0.2513714188650482,0.27302939081612265,2.7302939081612267,-0.021657971951074433
selective_nocontact,vessel_invjac_clip_nocontact_floor255_v3_20261008T151506Z,3,99,18.619220222519456,0.0016349366353413679,0.6,0.12586195064153927,0.27248943922356134,2.7248943922356132,-0.14662748858202207
selective_nocontact,vessel_invjac_clip_nocontact_floor255_v3_20261008T151506Z,3,100,18.782571074325844,0.0016320670493121837,0.6,0.18401408560063715,0.27201117488536397,2.7201117488536397,-0.08799708928472681
selective_nocontact,vessel_invjac_clip_nocontact_floor255_v3_20261008T151506Z,3,101,18.94558351437022,0.0016277761217466697,0.6,0.16651441687622537,0.27129602029111166,2.712960202911116,-0.10478160341488628
selective_nocontact,vessel_invjac_clip_nocontact_floor255_v3_20261008T151506Z,3,102,19.10811324046393,0.0016238431412938866,0.6,-0.08123910419981684,0.2706405235489811,2.706405235489811,-0.35187962774879794
selective_nocontact,vessel_invjac_clip_nocontact_floor255_v3_20261008T151506Z,3,103,19.10811324046393,0.0016238431412938866,0.6,-0.06614661177660963,0.2706405235489811,2.706405235489811,-0.33678713532559074
selective_nocontact,vessel_invjac_clip_nocontact_floor255_v3_20261008T151506Z,3,104,19.27064944747002,0.001629009729005721,0.6,-0.07258468704394261,0.2715016215009536,2.715016215009535,-0.3440863085448962
selective_nocontact,vessel_invjac_clip_nocontact_floor255_v3_20261008T151506Z,3,105,19.434713820402965,0.0016578805513472019,0.6,-0.13032967827988173,0.27631342522453367,2.7631342522453366,-0.4066431035044154
selective_nocontact,vessel_invjac_clip_nocontact_floor255_v3_20261008T151506Z,3,106,19.774540057237434,0.0017107996832207743,0.6,0.15901768503782066,0.28513328053679576,2.851332805367957,-0.1261155954989751
selective_nocontact,vessel_invjac_clip_nocontact_floor255_v3_20261008T151506Z,3,107,19.944932057676954,0.0016992362660736158,0.6,0.04784645333888449,0.28320604434560265,2.832060443456027,-0.23535959100671816
selective_nocontact,vessel_invjac_clip_nocontact_floor255_v3_20261008T151506Z,3,108,20.11474098027397,0.0016972696988057526,0.6,0.35847856605472117,0.28287828313429214,2.828782831342921,0.07560028292042904
selective_nocontact,vessel_invjac_clip_nocontact_floor255_v3_20261008T151506Z,3,109,20.2843467736569,0.0016945204036151542,0.6,0.4163288658593238,0.2824200672691924,2.8242006726919238,0.13390879859013144
selective_nocontact,vessel_invjac_clip_nocontact_floor255_v3_20261008T151506Z,3,110,20.2843467736569,0.0016945204036151542,0.6,0.371982097273591,0.2824200672691924,2.8242006726919238,0.08956203000439861
selective_nocontact,vessel_invjac_clip_nocontact_floor255_v3_20261008T151506Z,3,111,20.62208486030753,0.0016826975229616438,0.6,0.47344415252287675,0.28044958716027396,2.80449587160274,0.19299456536260282
selective_nocontact,vessel_invjac_clip_nocontact_floor255_v3_20261008T151506Z,3,112,20.62208486030753,0.0016826975229616438,0.6,0.5072166888430232,0.28044958716027396,2.80449587160274,0.22676710168274924
selective_nocontact,vessel_invjac_clip_nocontact_floor255_v3_20261008T151506Z,3,113,20.95822028338145,0.0016717266183627958,0.6,0.5341025526698502,0.278621103060466,2.7862110306046595,0.2554814496093842
selective_nocontact,vessel_invjac_clip_nocontact_floor255_v3_20261008T151506Z,3,114,21.124775897884728,0.0016671881237298328,0.6,0.10192078573507857,0.2778646872883055,2.778646872883055,-0.17594390155322692
selective_nocontact,vessel_invjac_clip_nocontact_floor255_v3_20261008T151506Z,3,115,21.294102690611094,0.0017284105556348876,0.6,0.3231490923221294,0.288068425939148,2.8806842593914794,0.0350806663829814
selective_nocontact,vessel_invjac_clip_nocontact_floor255_v3_20261008T151506Z,3,116,21.47057577225264,0.0017968333834179995,0.6,0.2236114719764437,0.2994722305696666,2.994722305696666,-0.0758607585932229
selective_nocontact,vessel_invjac_clip_nocontact_floor255_v3_20261008T151506Z,3,117,21.65236934220152,0.0018308032974863663,0.6,-0.09175636769835904,0.3051338829143944,3.051338829143944,-0.3968902506127534
selective_nocontact,vessel_invjac_clip_nocontact_floor255_v3_20261008T151506Z,3,118,21.835213486672053,0.001822000705616573,0.6,0.1958000953984218,0.3036667842694289,3.036667842694288,-0.10786668887100709
selective_nocontact,vessel_invjac_clip_nocontact_floor255_v3_20261008T151506Z,3,119,22.016928693555236,0.0018139500638376907,0.6,0.42841318156634856,0.30232501063961514,3.0232501063961514,0.12608817092673338
selective_nocontact,vessel_invjac_clip_nocontact_floor255_v3_20261008T151506Z,3,120,22.19811659102358,0.0018095842760292701,0.6,0.5774540786632727,0.30159737933821174,3.0159737933821167,0.2758566993250609
selective_nocontact,vessel_invjac_clip_nocontact_floor255_v3_20261008T151506Z,3,121,22.3787837610209,0.0018032385345331408,0.6,0.31382336515645903,0.3005397557555235,3.005397557555235,0.013283609400935531
selective_nocontact,vessel_invjac_clip_nocontact_floor255_v3_20261008T151506Z,3,122,22.558653766853844,0.0017943853548773655,0.6,0.32720030851447746,0.2990642258128943,2.9906422581289425,0.02813608270158316
selective_nocontact,vessel_invjac_clip_nocontact_floor255_v3_20261008T151506Z,3,123,22.73812630497897,0.0017977404005590234,0.6,0.3365946791820065,0.29962340009317057,2.9962340009317057,0.03697127908883593
selective_nocontact,vessel_invjac_clip_nocontact_floor255_v3_20261008T151506Z,3,124,22.917578373359547,0.0017813595346845806,0.6,0.6638305402080888,0.2968932557807635,2.9689325578076344,0.3669372844273254
selective_nocontact,vessel_invjac_clip_nocontact_floor255_v3_20261008T151506Z,3,125,23.09333762778276,0.0017508811890261983,0.6,0.20992578763257086,0.29181353150436645,2.918135315043664,-0.08188774387179557
selective_nocontact,vessel_invjac_clip_nocontact_floor255_v3_20261008T151506Z,3,126,23.274825553314887,0.0019222283804855242,0.6,0.4005880893178819,0.32037139674758736,3.2037139674758737,0.08021669257029455
selective_nocontact,vessel_invjac_clip_nocontact_floor255_v3_20261008T151506Z,3,127,23.47652940844239,0.0020524292423613586,0.6,0.1935326771461945,0.3420715403935598,3.420715403935598,-0.14853886324736534
selective_nocontact,vessel_invjac_clip_nocontact_floor255_v3_20261008T151506Z,3,128,23.67855294690752,0.0019964451606571208,0.6,0.08281834309673286,0.33274086010952014,3.3274086010952013,-0.2499225170127873
selective_nocontact,vessel_invjac_clip_nocontact_floor255_v3_20261008T151506Z,3,129,23.878219735791106,0.001998652102634156,0.6,0.18604901113550198,0.33310868377235936,3.3310868377235936,-0.14705967263685737
selective_nocontact,vessel_invjac_clip_nocontact_floor255_v3_20261008T151506Z,3,130,24.07764778299263,0.0019878893514427135,0.6,0.2423380055854345,0.33131489190711894,3.3131489190711894,-0.08897688632168445
selective_nocontact,vessel_invjac_clip_nocontact_floor255_v3_20261008T151506Z,3,131,24.275842821040285,0.001976821282998761,0.6,0.019303012229265448,0.3294702138331268,3.2947021383312682,-0.3101672016038614
selective_nocontact,vessel_invjac_clip_nocontact_floor255_v3_20261008T151506Z,3,132,24.473154068678948,0.0019701148609756465,0.6,-0.18451786301378803,0.32835247682927443,3.2835247682927444,-0.5128703398430624
selective_nocontact,vessel_invjac_clip_nocontact_floor255_v3_20261008T151506Z,3,133,24.66973610205326,0.0019587549775325775,0.6,-0.20178966754965444,0.32645916292209626,3.2645916292209627,-0.5282488304717506
selective_nocontact,vessel_invjac_clip_nocontact_floor255_v3_20261008T151506Z,3,134,24.864659738091827,0.0019456129078704247,0.6,0.254427141883685,0.3242688179784041,3.2426881797840412,-0.06984167609471917
selective_nocontact,vessel_invjac_clip_nocontact_floor255_v3_20261008T151506Z,3,135,25.061075451470774,0.0019939232073737847,0.6,0.39759929957938667,0.3323205345622975,3.323205345622975,0.06527876501708922
selective_nocontact,vessel_invjac_clip_nocontact_floor255_v3_20261008T151506Z,3,136,25.265907120239028,0.0021138319522859086,0.6,0.36304235009732366,0.3523053253809848,3.523053253809848,0.010737024716338868
selective_nocontact,vessel_invjac_clip_nocontact_floor255_v3_20261008T151506Z,3,137,25.481861091474002,0.002173402004664824,0.6,0.5495012108940323,0.3622336674441374,3.6223366744413736,0.18726754344989485
selective_nocontact,vessel_invjac_clip_nocontact_floor255_v3_20261008T151506Z,3,138,25.697354839452917,0.0021415449611216974,0.6,0.5905983185798327,0.3569241601869496,3.569241601869496,0.23367415839288308
selective_nocontact,vessel_invjac_clip_nocontact_floor255_v3_20261008T151506Z,3,139,25.91122972025688,0.0021355922786650107,0.6,0.32222400599376755,0.3559320464441685,3.5593204644416847,-0.03370804045040092
selective_nocontact,vessel_invjac_clip_nocontact_floor255_v3_20261008T151506Z,3,140,26.124184262689553,0.0021227869355685994,0.6,0.5314692842773177,0.3537978225947666,3.5379782259476658,0.17767146168255105
selective_nocontact,vessel_invjac_clip_nocontact_floor255_v3_20261008T151506Z,3,141,26.33579372752493,0.0021103445346429524,0.6,0.02618025852498107,0.35172408910715874,3.5172408910715878,-0.3255438305821777
selective_nocontact,vessel_invjac_clip_nocontact_floor255_v3_20261008T151506Z,3,142,26.54663863926228,0.0021070482080202766,0.6,0.13076940239092494,0.3511747013367128,3.5117470133671276,-0.22040529894578786
selective_nocontact,vessel_invjac_clip_nocontact_floor255_v3_20261008T151506Z,3,143,26.755856653857848,0.002069002319980216,0.6,0.07406630247784562,0.3448337199967027,3.4483371999670265,-0.270767417518857
selective_nocontact,vessel_invjac_clip_nocontact_floor255_v3_20261008T151506Z,3,144,26.963140500979602,0.0021105475729046616,0.6,-0.24518716044802602,0.3517579288174436,3.517579288174436,-0.5969450892654695
selective_nocontact,vessel_invjac_clip_nocontact_floor255_v3_20261008T151506Z,3,145,27.182074100475102,0.0022566234653445746,0.6,-0.3952422902819812,0.37610391089076245,3.7610391089076245,-0.7713462011727437
selective_nocontact,vessel_invjac_clip_nocontact_floor255_v3_20261008T151506Z,3,146,27.41013085181219,0.002290733863854719,0.6,-0.06302022064397406,0.3817889773091199,3.8178897730911987,-0.444809197953094
selective_nocontact,vessel_invjac_clip_nocontact_floor255_v3_20261008T151506Z,3,147,27.864982777214784,0.00225891581175203,0.6,0.7574306031238329,0.37648596862533834,3.7648596862533834,0.3809446344984946
selective_nocontact,vessel_invjac_clip_nocontact_floor255_v3_20261008T151506Z,3,148,27.864982777214784,0.00225891581175203,0.6,0.4590448632542774,0.37648596862533834,3.7648596862533834,0.08255889462893906
selective_nocontact,vessel_invjac_clip_nocontact_floor255_v3_20261008T151506Z,3,149,28.090223484903305,0.0022454079729101388,0.6,0.5766110577685026,0.3742346621516898,3.742346621516898,0.20237639561681284
selective_nocontact,vessel_invjac_clip_nocontact_floor255_v3_20261008T151506Z,3,150,28.313887195036518,0.002227926737704714,0.6,0.6266745064723054,0.37132112295078573,3.713211229507857,0.2553533835215197
selective_nocontact,vessel_invjac_clip_nocontact_floor255_v3_20261008T151506Z,3,151,28.75743157181175,0.0021723636761249517,0.6,0.38135744845016006,0.36206061268749196,3.6206061268749195,0.019296835762668083
selective_nocontact,vessel_invjac_clip_nocontact_floor255_v3_20261008T151506Z,3,152,28.97674910842195,0.0022858643544616222,0.6,0.3325863842196668,0.3809773924102704,3.809773924102704,-0.048391008190603636
selective_nocontact,vessel_invjac_clip_nocontact_floor255_v3_20261008T151506Z,3,153,29.220131991154968,0.0025071457610159856,0.6,0.30008127460711975,0.41785762683599764,4.1785762683599765,-0.11777635222887789
selective_nocontact,vessel_invjac_clip_nocontact_floor255_v3_20261008T151506Z,3,154,29.467145535496595,0.0024473445421359695,0.6,0.3006825097924768,0.4078907570226616,4.078907570226616,-0.10720824723018475
selective_nocontact,vessel_invjac_clip_nocontact_floor255_v3_20261008T151506Z,3,155,29.467145535496595,0.0024473445421359695,0.6,0.11046551059142118,0.4078907570226616,4.078907570226616,-0.2974252464312404
selective_nocontact,vessel_invjac_clip_nocontact_floor255_v3_20261008T151506Z,3,156,29.711982270967397,0.0024448511756545253,0.6,0.12334363032252682,0.40747519594242093,4.074751959424209,-0.2841315656198941
selective_nocontact,vessel_invjac_clip_nocontact_floor255_v3_20261008T151506Z,3,157,29.955334976004462,0.0024232357735904622,0.6,0.3211488225346315,0.4038726289317437,4.038726289317437,-0.08272380639711222
selective_nocontact,vessel_invjac_clip_nocontact_floor255_v3_20261008T151506Z,3,158,30.437300633130448,0.002396408456054759,0.6,0.6581612055563362,0.3994014093424598,3.9940140934245987,0.2587597962138763
selective_nocontact,vessel_invjac_clip_nocontact_floor255_v3_20261008T151506Z,3,159,30.675967202319768,0.0023775117103840625,0.6,0.9246415021695569,0.3962519517306771,3.9625195173067707,0.5283895504388798
selective_nocontact,vessel_invjac_clip_nocontact_floor255_v3_20261008T151506Z,3,160,30.913685978946617,0.0023930615408895655,0.6,0.5907397530362104,0.39884359014826093,3.9884359014826094,0.19189616288794945
selective_nocontact,vessel_invjac_clip_nocontact_floor255_v3_20261008T151506Z,3,161,31.157512552942116,0.0024726834979884927,0.6,0.5223766603515649,0.4121139163314155,4.1211391633141545,0.11026274402014949
selective_nocontact,vessel_invjac_clip_nocontact_floor255_v3_20261008T151506Z,3,162,31.403973544660804,0.002450042996549041,0.6,-0.03320241494819598,0.40834049942484024,4.083404994248402,-0.4415429143730362
selective_nocontact,vessel_invjac_clip_nocontact_floor255_v3_20261008T151506Z,3,163,31.403973544660804,0.002450042996549041,0.6,0.5856762883706352,0.40834049942484024,4.083404994248402,0.17733578894579502
selective_nocontact,vessel_invjac_clip_nocontact_floor255_v3_20261008T151506Z,3,164,31.64819304581594,0.002439962343978591,0.6,0.3131605064638947,0.40666039066309856,4.066603906630985,-0.09349988419920385
selective_nocontact,vessel_invjac_clip_nocontact_floor255_v3_20261008T151506Z,3,165,32.11668414247728,0.0023277767683638974,0.6,0.5921348923716003,0.38796279472731626,3.8796279472731623,0.20417209764428407
selective_nocontact,vessel_invjac_clip_nocontact_floor255_v3_20261008T151506Z,3,166,32.11668414247728,0.0023277767683638974,0.6,0.3180662740733311,0.38796279472731626,3.8796279472731623,-0.06989652065398522
selective_nocontact,vessel_invjac_clip_nocontact_floor255_v3_20261008T151506Z,3,167,32.57842545130998,0.0022890880750496977,0.6,0.6546211429037783,0.3815146791749497,3.8151467917494966,0.27310646372882863
selective_nocontact,vessel_invjac_clip_nocontact_floor255_v3_20261008T151506Z,3,168,32.8077303006864,0.0023071761856559487,0.6,0.6685926258740054,0.3845293642759915,3.845293642759915,0.2840632615980139
selective_nocontact,vessel_invjac_clip_nocontact_floor255_v3_20261008T151506Z,3,169,33.04086363757251,0.002357109233240689,0.6,0.7495074810946107,0.3928515388734482,3.928515388734482,0.35665594222116254
selective_nocontact,vessel_invjac_clip_nocontact_floor255_v3_20261008T151506Z,3,170,33.04086363757251,0.002357109233240689,0.6,0.7472553626946095,0.3928515388734482,3.928515388734482,0.35440382382116126
selective_nocontact,vessel_invjac_clip_nocontact_floor255_v3_20261008T151506Z,3,171,33.27779957719659,0.002370419712939668,0.6,0.6282801607267601,0.3950699521566114,3.9506995215661136,0.2332102085701487
selective_nocontact,vessel_invjac_clip_nocontact_floor255_v3_20261008T151506Z,3,172,33.51389119729507,0.002349798488298105,0.6,0.9134884628477238,0.3916330813830175,3.916330813830175,0.5218553814647063
selective_nocontact,vessel_invjac_clip_nocontact_floor255_v3_20261008T151506Z,3,173,33.979313028349274,0.002310205345670969,0.6,1.1505234910483892,0.3850342242784948,3.8503422427849485,0.7654892667698944
selective_nocontact,vessel_invjac_clip_nocontact_floor255_v3_20261008T151506Z,3,174,34.21002311529316,0.002304487519877433,0.6,1.2750846497556836,0.38408125331290555,3.840812533129055,0.8910033964427782
selective_nocontact,vessel_invjac_clip_nocontact_floor255_v3_20261008T151506Z,3,175,34.21002311529316,0.002304487519877433,0.6,1.1914266229645136,0.38408125331290555,3.840812533129055,0.8073453696516083
selective_nocontact,vessel_invjac_clip_nocontact_floor255_v3_20261008T151506Z,3,176,34.66968596082633,0.0022989389230273424,0.6,1.3297621111268754,0.38315648717122375,3.8315648717122377,0.9466056239556517
selective_nocontact,vessel_invjac_clip_nocontact_floor255_v3_20261008T151506Z,3,177,34.90162048908089,0.0023496050396642665,0.6,0.9928514039207315,0.39160083994404443,3.9160083994404444,0.601250563976687
selective_nocontact,vessel_invjac_clip_nocontact_floor255_v3_20261008T151506Z,3,178,35.140979198909676,0.002426377431774052,0.6,1.0894938577814557,0.40439623862900864,4.043962386290087,0.6850976191524469
selective_nocontact,vessel_invjac_clip_nocontact_floor255_v3_20261008T151506Z,3,179,35.38251505008512,0.0023967251710642285,0.6,0.94534088682137,0.3994541951773714,3.9945419517737144,0.5458866916439986
selective_nocontact,vessel_invjac_clip_nocontact_floor255_v3_20261008T151506Z,3,180,35.62123965266923,0.0023793658758752795,0.6,0.9417274975632921,0.3965609793125466,3.9656097931254655,0.5451665182507454
selective_nocontact,vessel_invjac_clip_nocontact_floor255_v3_20261008T151506Z,3,181,35.854218971387,0.0020518567322434012,0.6,0.48020301483808225,0.34197612204056693,3.4197612204056687,0.13822689279751535
selective_nocontact,vessel_invjac_clip_nocontact_floor255_v3_20261008T151506Z,3,182,36.002019401785944,0.0008793835955660757,0.6,0.5622981151122417,0.14656393259434597,1.4656393259434597,0.41573418251789573
selective_nocontact,vessel_invjac_clip_nocontact_floor255_v3_20261008T151506Z,3,183,36.13470699098794,0.0015733643290336164,0.6,0.6559925680604906,0.2622273881722694,2.622273881722694,0.39376517988822113
selective_nocontact,vessel_invjac_clip_nocontact_floor255_v3_20261008T151506Z,3,184,36.283673211691294,0.0015271945959502375,0.6,0.643754434024693,0.25453243265837294,2.5453243265837293,0.38922200136632
selective_nocontact,vessel_invjac_clip_nocontact_floor255_v3_20261008T151506Z,3,185,36.46315391648296,0.0018384202546818187,0.6,0.6697099590386983,0.30640337578030313,3.064033757803031,0.3633065832583952
selective_nocontact,vessel_invjac_clip_nocontact_floor255_v3_20261008T151506Z,3,186,36.68289749179735,0.0022955337892627855,0.6,0.7940580299140976,0.38258896487713095,3.8258896487713097,0.4114690650369667
selective_nocontact,vessel_invjac_clip_nocontact_floor255_v3_20261008T151506Z,3,187,36.918100421522276,0.002400119853302577,0.6,0.572533264259178,0.40001997555042956,4.000199755504296,0.17251328870874855
selective_nocontact,vessel_invjac_clip_nocontact_floor255_v3_20261008T151506Z,3,188,37.159386671928445,0.002415858751243695,0.6,0.43661720882884936,0.40264312520728257,4.026431252072825,0.03397408362156679
selective_nocontact,vessel_invjac_clip_nocontact_floor255_v3_20261008T151506Z,3,189,37.40054440970581,0.0024077713525529447,0.6,0.6731555477086957,0.4012952254254908,4.012952254254908,0.2718603222832049
selective_nocontact,vessel_invjac_clip_nocontact_floor255_v3_20261008T151506Z,3,190,37.64106730019407,0.002395190615676331,0.6,0.5352957160149359,0.39919843594605514,3.991984359460551,0.13609728006888075
selective_nocontact,vessel_invjac_clip_nocontact_floor255_v3_20261008T151506Z,3,191,37.87761347545792,0.0023377940108499553,0.6,0.5767129919213758,0.3896323351416593,3.896323351416592,0.18708065677971655
selective_nocontact,vessel_invjac_clip_nocontact_floor255_v3_20261008T151506Z,3,192,38.110924927394336,0.0023362310837743423,0.6,0.22314731026997237,0.38937184729572377,3.893718472957237,-0.1662245370257514
selective_nocontact,vessel_invjac_clip_nocontact_floor255_v3_20261008T151506Z,3,193,38.34540140191247,0.0023464444784057526,0.6,0.6718040269956873,0.39107407973429215,3.910740797342921,0.28072994726139516
selective_nocontact,vessel_invjac_clip_nocontact_floor255_v3_20261008T151506Z,3,194,38.576754580830816,0.0022756701863475785,0.6,0.6184617926897644,0.37927836439126306,3.792783643912631,0.2391834282985014
selective_nocontact,vessel_invjac_clip_nocontact_floor255_v3_20261008T151506Z,3,195,38.80578617640274,0.0023332348850384744,0.6,0.7620819418823643,0.38887248083974574,3.8887248083974577,0.37320946104261865
selective_nocontact,vessel_invjac_clip_nocontact_floor255_v3_20261008T151506Z,3,196,39.04288259987774,0.002392820783076978,0.6,1.0183705151285238,0.39880346384616305,3.9880346384616305,0.6195670512823608
selective_nocontact,vessel_invjac_clip_nocontact_floor255_v3_20261008T151506Z,3,197,39.281446586974674,0.0023664606875869647,0.6,0.9878921761401713,0.3944101145978275,3.9441011459782747,0.5934820615423437
selective_nocontact,vessel_invjac_clip_nocontact_floor255_v3_20261008T151506Z,3,198,39.51633569334324,0.0023399975190169496,0.6,0.7494281399022498,0.38999958650282496,3.8999958650282496,0.35942855339942476
selective_nocontact,vessel_invjac_clip_nocontact_floor255_v3_20261008T151506Z,3,199,39.743933901662814,0.0019197176527722525,0.6,0.9411167605904467,0.3199529421287088,3.1995294212870875,0.621163818461738
selective_nocontact,vessel_invjac_clip_nocontact_floor255_v3_20261008T151506Z,3,200,39.913754147844976,0.0014760265300983832,0.6,1.1707035885239065,0.24600442168306388,2.4600442168306387,0.9246991668408427
selective_nocontact,vessel_invjac_clip_nocontact_floor255_v3_20261008T151506Z,3,201,40.04073056231153,0.0008467549044676035,0.6,0.9899114606946924,0.14112581741126726,1.4112581741126724,0.8487856432834252
selective_nocontact,vessel_invjac_clip_nocontact_floor255_v3_20261008T151506Z,3,202,40.10451502476626,0.0010277192746180823,0.6,1.0546401945416832,0.17128654576968042,1.7128654576968039,0.8833536487720028
selective_nocontact,vessel_invjac_clip_nocontact_floor255_v3_20261008T151506Z,3,203,40.232640627542764,0.0012732933264784974,0.6,1.0951469948666102,0.21221555441308293,2.122155544130829,0.8829314404535271
selective_nocontact,vessel_invjac_clip_nocontact_floor255_v3_20261008T151506Z,3,204,40.378648901607896,0.001927344101494286,0.6,1.264490614605137,0.32122401691571434,3.2122401691571434,0.9432665976894224
selective_nocontact,vessel_invjac_clip_nocontact_floor255_v3_20261008T151506Z,3,205,40.570447101439534,0.0023273854517611306,0.6,1.5574116447370159,0.3878975752935218,3.878975752935218,1.1695140694434938
selective_nocontact,vessel_invjac_clip_nocontact_floor255_v3_20261008T151506Z,3,206,40.79988388539735,0.002300726741414673,0.6,1.822327231185639,0.38345445690244556,3.8345445690244553,1.4388727742831935
selective_nocontact,vessel_invjac_clip_nocontact_floor255_v3_20261008T151506Z,3,207,41.033642472806484,0.002376331290123888,0.6,1.822469726615644,0.39605521502064805,3.960552150206481,1.426414511594996
selective_nocontact,vessel_invjac_clip_nocontact_floor255_v3_20261008T151506Z,3,208,41.270261533175216,0.0023166168593586,0.6,1.9964871561089268,0.38610280989310003,3.861028098931,1.610384346215827
selective_nocontact,vessel_invjac_clip_nocontact_floor255_v3_20261008T151506Z,3,209,41.501481798764964,0.0023252958598427576,0.6,1.7582755696899497,0.38754930997379294,3.8754930997379295,1.3707262597161567
selective_nocontact,vessel_invjac_clip_nocontact_floor255_v3_20261008T151506Z,3,210,41.73481308528334,0.002305629285982439,0.6,2.0649039622886107,0.3842715476637399,3.842715476637399,1.6806324146248708
selective_nocontact,vessel_invjac_clip_nocontact_floor255_v3_20261008T151506Z,3,211,42.19116951057194,0.0022990349324953454,0.6,2.530327690534172,0.38317248874922427,3.8317248874922423,2.147155201784947
selective_nocontact,vessel_invjac_clip_nocontact_floor255_v3_20261008T151506Z,3,212,42.417786978079754,0.002245771311586854,0.6,2.488954894761058,0.374295218597809,3.7429521859780905,2.1146596761632486
selective_nocontact,vessel_invjac_clip_nocontact_floor255_v3_20261008T151506Z,3,213,42.417786978079754,0.002245771311586854,0.6,2.2245972844983584,0.374295218597809,3.7429521859780905,1.8503020659005494
selective_nocontact,vessel_invjac_clip_nocontact_floor255_v3_20261008T151506Z,3,214,42.872012556494326,0.0022973485950923953,0.6,2.467475907732215,0.38289143251539925,3.8289143251539923,2.084584475216816
selective_nocontact,vessel_invjac_clip_nocontact_floor255_v3_20261008T151506Z,3,215,42.872012556494326,0.0022973485950923953,0.6,2.516090627870078,0.38289143251539925,3.8289143251539923,2.133199195354679
selective_nocontact,vessel_invjac_clip_nocontact_floor255_v3_20261008T151506Z,3,216,43.10261862075349,0.00230487430730202,0.6,2.617037043455035,0.38414571788367,3.8414571788367002,2.2328913255713654
selective_nocontact,vessel_invjac_clip_nocontact_floor255_v3_20261008T151506Z,3,217,43.32923669968238,0.0021587428468381633,0.6,2.7262136462098283,0.3597904744730273,3.5979047447302723,2.366423171736801
selective_nocontact,vessel_invjac_clip_nocontact_floor255_v3_20261008T151506Z,3,218,43.62231856648083,0.0015584933872439866,0.6,2.8954335926150208,0.25974889787399785,2.5974889787399777,2.635684694741023
selective_nocontact,vessel_invjac_clip_nocontact_floor255_v3_20261008T151506Z,3,219,43.77169717175972,0.0014883651823851345,0.6,3.076069190693218,0.2480608637308558,2.4806086373085576,2.828008326962362
selective_nocontact,vessel_invjac_clip_nocontact_floor255_v3_20261008T151506Z,3,220,43.94919932808071,0.0017246285537135895,0.6,2.9751306101553183,0.28743809228559825,2.8743809228559827,2.68769251786972
selective_nocontact,vessel_invjac_clip_nocontact_floor255_v3_20261008T151506Z,3,221,44.16003777220224,0.0022005738107670598,0.6,3.1664219268753655,0.36676230179450997,3.6676230179451,2.7996596250808556
selective_nocontact,vessel_invjac_clip_nocontact_floor255_v3_20261008T151506Z,3,222,44.16003777220224,0.0022005738107670598,0.6,3.055820936389054,0.36676230179450997,3.6676230179451,2.6890586345945438
selective_nocontact,vessel_invjac_clip_nocontact_floor255_v3_20261008T151506Z,3,223,44.600711844639356,0.0021865840360692722,0.6,3.402675138321513,0.36443067267821205,3.6443067267821205,3.0382444656433005
selective_nocontact,vessel_invjac_clip_nocontact_floor255_v3_20261008T151506Z,3,224,44.600711844639356,0.0021865840360692722,0.6,3.3192069698116953,0.36443067267821205,3.6443067267821205,2.9547762971334834
selective_nocontact,vessel_invjac_clip_nocontact_floor255_v3_20261008T151506Z,3,225,45.043136574997284,0.002223915197809629,0.6,3.604099286787026,0.37065253296827155,3.7065253296827145,3.2334467538187543
selective_nocontact,vessel_invjac_clip_nocontact_floor255_v3_20261008T151506Z,3,226,45.26518653025424,0.0022201785758551892,0.6,3.660765402563868,0.37002976264253157,3.7002976264253156,3.2907356399213366
selective_nocontact,vessel_invjac_clip_nocontact_floor255_v3_20261008T151506Z,3,227,45.486728477409166,0.0022042628730260813,0.6,3.653621988161163,0.36737714550434697,3.673771455043469,3.286244842656816
selective_nocontact,vessel_invjac_clip_nocontact_floor255_v3_20261008T151506Z,3,228,45.70609394096182,0.0021911064709805575,0.6,3.85844298151882,0.3651844118300929,3.6518441183009296,3.4932585696887277
selective_nocontact,vessel_invjac_clip_nocontact_floor255_v3_20261008T151506Z,3,229,45.925438808123296,0.002185234183704035,0.6,4.010229807604084,0.36420569728400587,3.6420569728400585,3.646024110320078
selective_nocontact,vessel_invjac_clip_nocontact_floor255_v3_20261008T151506Z,3,230,45.925438808123296,0.002185234183704035,0.6,3.981065846240817,0.36420569728400587,3.6420569728400585,3.616860148956811
selective_nocontact,vessel_invjac_clip_nocontact_floor255_v3_20261008T151506Z,3,231,46.14172437698017,0.0021543537982486715,0.6,4.032149663249349,0.3590589663747786,3.5905896637477857,3.6730906968745707
selective_nocontact,vessel_invjac_clip_nocontact_floor255_v3_20261008T151506Z,3,232,46.36025176658213,0.002218050851419737,0.6,4.126732949458493,0.36967514190328954,3.696751419032895,3.7570578075552037
selective_nocontact,vessel_invjac_clip_nocontact_floor255_v3_20261008T151506Z,3,233,46.80208121352759,0.0022214037000964117,0.6,4.397212980933652,0.3702339500160687,3.702339500160686,4.026979030917584
selective_nocontact,vessel_invjac_clip_nocontact_floor255_v3_20261008T151506Z,3,234,47.02530568598885,0.0022342247291132302,0.6,4.537600956509586,0.37237078818553837,3.723707881855384,4.165230168324047
selective_nocontact,vessel_invjac_clip_nocontact_floor255_v3_20261008T151506Z,3,235,47.24821383272124,0.0022238644184306364,0.6,4.547411671957512,0.3706440697384394,3.7064406973843944,4.176767602219073
selective_nocontact,vessel_invjac_clip_nocontact_floor255_v3_20261008T151506Z,3,236,47.470062667959155,0.002213034484734996,0.6,4.483006773283236,0.36883908078916605,3.6883908078916603,4.11416769249407
selective_nocontact,vessel_invjac_clip_nocontact_floor255_v3_20261008T151506Z,3,237,47.470062667959155,0.002213034484734996,0.6,4.559450979167337,0.36883908078916605,3.6883908078916603,4.190611898378171
selective_nocontact,vessel_invjac_clip_nocontact_floor255_v3_20261008T151506Z,3,238,47.91051216712925,0.0021917188115178838,0.6,4.686198097692035,0.365286468586314,3.6528646858631397,4.320911629105721
selective_nocontact,vessel_invjac_clip_nocontact_floor255_v3_20261008T151506Z,3,239,47.91051216712925,0.0021917188115178838,0.6,4.360611086790811,0.365286468586314,3.6528646858631397,3.995324618204498
selective_nocontact,vessel_invjac_clip_nocontact_floor255_v3_20261008T151506Z,3,240,48.34683134995527,0.002171773193618142,0.6,2.762309054888213,0.36196219893635706,3.61962198936357,2.400346855951856
selective_nocontact,vessel_invjac_clip_nocontact_floor255_v3_20261008T151506Z,3,241,48.56343943452705,0.0021603721840089854,0.6,2.8578901562596357,0.3600620306681643,3.6006203066816425,2.497828125591471
selective_nocontact,vessel_invjac_clip_nocontact_floor255_v3_20261008T151506Z,3,242,48.779237391671245,0.0021572724942837784,0.6,2.88815450093945,0.3595454157139631,3.595454157139631,2.528609085225487
selective_nocontact,vessel_invjac_clip_nocontact_floor255_v3_20261008T151506Z,3,243,48.99486332094339,0.0021539121140288398,0.6,2.798465416706506,0.35898535233814,3.5898535233813997,2.439480064368366
selective_nocontact,vessel_invjac_clip_nocontact_floor255_v3_20261008T151506Z,3,244,49.209858997114395,0.002145799753867576,0.6,2.620130601622293,0.3576332923112627,3.5763329231126266,2.2624973093110303
selective_nocontact,vessel_invjac_clip_nocontact_floor255_v3_20261008T151506Z,3,245,49.42397525669426,0.002136146778924249,0.6,2.801286538571027,0.3560244631540415,3.560244631540415,2.4452620754169856
selective_nocontact,vessel_invjac_clip_nocontact_floor255_v3_20261008T151506Z,3,246,49.63707647198635,0.002127069699292056,0.6,2.6237186941864223,0.35451161654867613,3.5451161654867605,2.2692070776377467
selective_nocontact,vessel_invjac_clip_nocontact_floor255_v3_20261008T151506Z,3,247,49.8496417797345,0.0021220029520121193,0.6,2.157924610282194,0.3536671586686866,3.536671586686866,1.8042574516135075
selective_nocontact,vessel_invjac_clip_nocontact_floor255_v3_20261008T151506Z,3,248,50.06043516795906,0.002093224663950276,0.6,1.7674780524209979,0.34887077732504607,3.4887077732504603,1.4186072750959517
selective_nocontact,vessel_invjac_clip_nocontact_floor255_v3_20261008T151506Z,3,249,50.27214106496485,0.0021623298021785243,0.6,1.5134354242058734,0.3603883003630874,3.603883003630874,1.153047123842786
selective_nocontact,vessel_invjac_clip_nocontact_floor255_v3_20261008T151506Z,3,250,50.49132112365078,0.002188487429842229,0.6,1.2715337572090704,0.3647479049737048,3.647479049737048,0.9067858522353657
selective_nocontact,vessel_invjac_clip_nocontact_floor255_v3_20261008T151506Z,3,251,50.7080531082003,0.002163827011546936,0.6,1.3952036275477582,0.36063783525782267,3.6063783525782265,1.0345657922899354
selective_nocontact,vessel_invjac_clip_nocontact_floor255_v3_20261008T151506Z,3,252,50.92627780585516,0.002195262189315139,0.6,1.0140703119314196,0.3658770315525232,3.658770315525232,0.6481932803788965
selective_nocontact,vessel_invjac_clip_nocontact_floor255_v3_20261008T151506Z,3,253,51.14540927910793,0.0021818130184376797,0.6,1.0676145055828457,0.3636355030729466,3.636355030729466,0.7039790025098991
selective_nocontact,vessel_invjac_clip_nocontact_floor255_v3_20261008T151506Z,3,254,51.36203399724616,0.002152433766511502,0.6,0.9162360237131253,0.3587389610852504,3.5873896108525036,0.5574970626278749
selective_nocontact,vessel_invjac_clip_nocontact_floor255_v3_20261008T151506Z,3,255,51.576972615109085,0.0021480709748208844,0.6,0.9264894734501326,0.3580118291368141,3.580118291368141,0.5684776443133185
selective_nocontact,vessel_invjac_clip_nocontact_floor255_v3_20261008T151506Z,3,256,51.79039481103322,0.0021143544646314966,0.6,1.0424693419649387,0.35239241077191613,3.523924107719161,0.6900769311930225
selective_nocontact,vessel_invjac_clip_nocontact_floor255_v3_20261008T151506Z,3,257,52.00062301010206,0.002098437018846143,0.6,1.094740526808991,0.3497395031410238,3.497395031410238,0.745001023667967
selective_nocontact,vessel_invjac_clip_nocontact_floor255_v3_20261008T151506Z,3,258,52.20930538119474,0.002060305278564899,0.6,1.0882441582577727,0.34338421309414985,3.433842130941499,0.7448599451636227
selective_nocontact,vessel_invjac_clip_nocontact_floor255_v3_20261008T151506Z,3,259,52.412295607893206,0.0020191866500513496,0.6,0.7808344846325355,0.33653110834189165,3.365311083418916,0.4443033762906438
selective_nocontact,vessel_invjac_clip_nocontact_floor255_v3_20261008T151506Z,3,260,52.616499421523955,0.0020695340960179913,0.6,0.855030606732484,0.3449223493363319,3.449223493363319,0.5101082573961522
selective_nocontact,vessel_invjac_clip_nocontact_floor255_v3_20261008T151506Z,3,261,52.82463373211414,0.0020828564650546694,0.6,0.47442507837975256,0.3471427441757783,3.471427441757782,0.12728233420397428
selective_nocontact,vessel_invjac_clip_nocontact_floor255_v3_20261008T151506Z,3,262,53.03086701942062,0.0020341376633341694,0.6,0.5926371901462133,0.33902294388902826,3.3902294388902825,0.253614246257185
selective_nocontact,vessel_invjac_clip_nocontact_floor255_v3_20261008T151506Z,3,263,53.23278437694137,0.0020192938852350317,0.6,0.7180187422903401,0.33654898087250534,3.365489808725053,0.38146976141783484
selective_nocontact,vessel_invjac_clip_nocontact_floor255_v3_20261008T151506Z,3,264,53.43616059126247,0.0020462390739576417,0.6,0.5308775658213634,0.341039845659607,3.4103984565960697,0.18983772016175646
selective_nocontact,vessel_invjac_clip_nocontact_floor255_v3_20261008T151506Z,3,265,53.6409812293143,0.002040002770284885,0.6,0.609636152611678,0.3400004617141475,3.400004617141475,0.26963569089753053
selective_nocontact,vessel_invjac_clip_nocontact_floor255_v3_20261008T151506Z,3,266,53.84223183530445,0.00198771729215825,0.6,0.2733213839408748,0.3312862153597083,3.312862153597083,-0.05796483141883355
selective_nocontact,vessel_invjac_clip_nocontact_floor255_v3_20261008T151506Z,3,267,54.041424590968774,0.00200887635172619,0.6,0.25876384357416526,0.33481272528769834,3.3481272528769837,-0.07604888171353308
selective_nocontact,vessel_invjac_clip_nocontact_floor255_v3_20261008T151506Z,3,268,54.242112709716125,0.0019849624801979294,0.6,0.31736867368324795,0.3308270800329883,3.3082708003298826,-0.013458406349740307
selective_nocontact,vessel_invjac_clip_nocontact_floor255_v3_20261008T151506Z,3,269,54.42448912923874,0.0019359658892874965,0.6,0.44539272010170805,0.3226609815479161,3.226609815479161,0.12273173855379191
selective_nocontact,vessel_invjac_clip_nocontact_floor255_v3_20261008T151506Z,3,270,54.62296974045882,0.002011181649945802,0.6,0.5032656746743669,0.33519694165763364,3.3519694165763365,0.1680687330167332
selective_nocontact,vessel_invjac_clip_nocontact_floor255_v3_20261008T151506Z,3,271,55.011271739998804,0.0019609530489872484,0.6,0.3920934446515929,0.3268255081645414,3.2682550816454143,0.06526793648705147
selective_nocontact,vessel_invjac_clip_nocontact_floor255_v3_20261008T151506Z,3,272,55.20613051649533,0.0018181615580569839,0.6,0.5179205592186307,0.3030269263428307,3.0302692634283064,0.21489363287579996
selective_nocontact,vessel_invjac_clip_nocontact_floor255_v3_20261008T151506Z,3,273,55.357861628984466,0.0016386434548292025,0.6,0.42767626481279564,0.27310724247153384,2.7310724247153377,0.15456902234126182
selective_nocontact,vessel_invjac_clip_nocontact_floor255_v3_20261008T151506Z,3,274,55.52205617377209,0.00162234672912567,0.6,0.3715240119776624,0.270391121520945,2.70391121520945,0.10113289045671735
selective_nocontact,vessel_invjac_clip_nocontact_floor255_v3_20261008T151506Z,3,275,55.52205617377209,0.00162234672912567,0.6,0.14309228595762136,0.270391121520945,2.70391121520945,-0.12729883556332366
selective_nocontact,vessel_invjac_clip_nocontact_floor255_v3_20261008T151506Z,3,276,55.70528479588121,0.0019126700832636887,0.6,0.32186512030443026,0.31877834721061477,3.187783472106148,0.0030867730938154907
selective_nocontact,vessel_invjac_clip_nocontact_floor255_v3_20261008T151506Z,3,277,55.89744938778644,0.0019297934046649426,0.6,0.5035515303922224,0.3216322341108238,3.2163223411082376,0.1819192962813986
selective_nocontact,vessel_invjac_clip_nocontact_floor255_v3_20261008T151506Z,3,278,56.28244205586659,0.0019072970328085756,0.6,0.6488525359794792,0.31788283880142926,3.178828388014293,0.33096969717804997
selective_nocontact,vessel_invjac_clip_nocontact_floor255_v3_20261008T151506Z,3,279,56.47285921865495,0.0019093222470834884,0.6,0.6334752157761159,0.31822037451391477,3.1822037451391476,0.31525484126220105
selective_nocontact,vessel_invjac_clip_nocontact_floor255_v3_20261008T151506Z,3,280,56.65735028641291,0.0016362860222762206,0.6,0.5151025467652843,0.2727143370460368,2.7271433704603676,0.24238820971924752
selective_nocontact,vessel_invjac_clip_nocontact_floor255_v3_20261008T151506Z,3,281,56.815676919235116,0.0019080541789183649,0.6,0.4856791310262949,0.31800902981972756,3.180090298197275,0.16767010120656736
selective_nocontact,vessel_invjac_clip_nocontact_floor255_v3_20261008T151506Z,3,282,56.815676919235116,0.0019080541789183649,0.6,0.46739789177301816,0.31800902981972756,3.180090298197275,0.14938886195329062
selective_nocontact,vessel_invjac_clip_nocontact_floor255_v3_20261008T151506Z,3,283,56.9679038854328,0.00112913336131618,0.6,0.36725866056249146,0.18818889355269666,1.8818889355269666,0.17906976700979477
selective_nocontact,vessel_invjac_clip_nocontact_floor255_v3_20261008T151506Z,3,284,57.065542274074986,0.0008331342736092824,0.6,0.3670894715870432,0.13885571226821375,1.3885571226821374,0.22823375931882947
selective_nocontact,vessel_invjac_clip_nocontact_floor255_v3_20261008T151506Z,3,285,57.2759619300621,0.0011322399383955416,0.6,0.04799987261371541,0.18870665639925693,1.8870665639925694,-0.14070678378554152
selective_nocontact,vessel_invjac_clip_nocontact_floor255_v3_20261008T151506Z,3,286,57.41241665479428,0.00126884822592942,0.6,0.28815969825448207,0.21147470432157006,2.1147470432157003,0.07668499393291203
selective_nocontact,vessel_invjac_clip_nocontact_floor255_v3_20261008T151506Z,3,287,57.550147841956075,0.0018284542062297154,0.6,0.3115029593965275,0.30474236770495255,3.047423677049526,0.006760591691574937
selective_nocontact,vessel_invjac_clip_nocontact_floor255_v3_20261008T151506Z,3,288,57.73739308781764,0.0018692663640255522,0.6,0.4695437945276879,0.31154439400425876,3.115443940042587,0.15799940052342912
selective_nocontact,vessel_invjac_clip_nocontact_floor255_v3_20261008T151506Z,3,289,57.923628617502125,0.0018608332163170809,0.6,0.33819848531334173,0.3101388693861802,3.1013886938618014,0.028059615927161524
selective_nocontact,vessel_invjac_clip_nocontact_floor255_v3_20261008T151506Z,3,290,57.923628617502125,0.0018608332163170809,0.6,0.359942557345569,0.3101388693861802,3.1013886938618014,0.049803687959388845
selective_nocontact,vessel_invjac_clip_nocontact_floor255_v3_20261008T151506Z,3,291,58.11046900284641,0.0018737457937432996,0.6,0.3182450895334199,0.3122909656238833,3.122909656238833,0.005954123909536566
selective_nocontact,vessel_invjac_clip_nocontact_floor255_v3_20261008T151506Z,3,292,58.481409919973416,0.001838528232641504,0.6,0.4620830279036454,0.30642137210691733,3.064213721069174,0.15566165579672803
selective_nocontact,vessel_invjac_clip_nocontact_floor255_v3_20261008T151506Z,3,293,58.665300765847824,0.001840077069508354,0.6,0.5861473007148561,0.30667951158472573,3.066795115847257,0.2794677891301304
selective_nocontact,vessel_invjac_clip_nocontact_floor255_v3_20261008T151506Z,3,294,58.84946996881605,0.0018425162748500923,0.6,0.2937004053283587,0.30708604580834875,3.0708604580834873,-0.01338564047998999
selective_nocontact,vessel_invjac_clip_nocontact_floor255_v3_20261008T151506Z,3,295,59.03350199161407,0.001836729792180453,0.6,0.310911496829128,0.30612163203007553,3.0612163203007547,0.004789864799052463
selective_nocontact,vessel_invjac_clip_nocontact_floor255_v3_20261008T151506Z,3,296,59.2168375938713,0.0018309272987004858,0.6,0.4660426517066085,0.3051545497834143,3.0515454978341428,0.1608881019231942
selective_nocontact,vessel_invjac_clip_nocontact_floor255_v3_20261008T151506Z,3,297,59.399829622115924,0.0018293975908720188,0.6,0.318311471829837,0.3048995984786698,3.048995984786698,0.013411873351167166
selective_nocontact,vessel_invjac_clip_nocontact_floor255_v3_20261008T151506Z,3,298,59.582755902784584,0.0018280795414835113,0.6,0.2163137164963871,0.30467992358058527,3.046799235805852,-0.08836620708419816
selective_nocontact,vessel_invjac_clip_nocontact_floor255_v3_20261008T151506Z,3,299,59.764967624046,0.0018141116278193544,0.6,0.31799687935309606,0.3023519379698924,3.023519379698924,0.015644941383203638
selective_nocontact,vessel_invjac_clip_nocontact_floor255_v3_20261008T151506Z,3,300,59.94612120110469,0.0018154309820363754,0.6,0.41347918768752123,0.30257183033939594,3.025718303393959,0.1109073573481253
selective_nocontact,vessel_invjac_clip_nocontact_floor255_v3_20261008T151506Z,3,301,60.128857842127985,0.0018352004071951796,0.6,0.44168775422427586,0.30586673453253,3.0586673453252993,0.1358210196917459
selective_nocontact,vessel_invjac_clip_nocontact_floor255_v3_20261008T151506Z,3,302,60.31166919045444,0.0018163215406697682,0.6,0.40665545971822326,0.3027202567782947,3.0272025677829473,0.10393520293992851
selective_nocontact,vessel_invjac_clip_nocontact_floor255_v3_20261008T151506Z,3,303,60.49223441079063,0.0017967713729264165,0.6,0.5151172458834452,0.2994618954877361,2.9946189548773607,0.21565535039570907
selective_nocontact,vessel_invjac_clip_nocontact_floor255_v3_20261008T151506Z,3,304,60.67143282575459,0.001789268175751775,0.6,0.41162671033040965,0.2982113626252959,2.9821136262529584,0.11341534770511373
selective_nocontact,vessel_invjac_clip_nocontact_floor255_v3_20261008T151506Z,3,305,60.85042968099865,0.001790759569789017,0.6,0.3203323404992773,0.2984599282981696,2.984599282981695,0.0218724122011077
selective_nocontact,vessel_invjac_clip_nocontact_floor255_v3_20261008T151506Z,3,306,61.029369709941435,0.0017871624153619704,0.6,0.16975324458316976,0.2978604025603284,2.9786040256032837,-0.12810715797715866
selective_nocontact,vessel_invjac_clip_nocontact_floor255_v3_20261008T151506Z,3,307,61.20807501526739,0.0017893372638606783,0.6,0.3464629965633179,0.29822287731011304,2.9822287731011308,0.04824011925320487
selective_nocontact,vessel_invjac_clip_nocontact_floor255_v3_20261008T151506Z,3,308,61.387406337956385,0.0017949102000082017,0.6,0.4066397454913897,0.299151700001367,2.9915170000136695,0.10748804549002271
selective_nocontact,vessel_invjac_clip_nocontact_floor255_v3_20261008T151506Z,3,309,61.56641376442469,0.001782836257979175,0.6,0.17703618459414372,0.29713937632986254,2.971393763298625,-0.12010319173571882
selective_nocontact,vessel_invjac_clip_nocontact_floor255_v3_20261008T151506Z,3,310,61.74377530101031,0.0017638915494576808,0.6,0.2096041756879501,0.2939819249096135,2.939819249096135,-0.0843777492216634
selective_nocontact,vessel_invjac_clip_nocontact_floor255_v3_20261008T151506Z,3,311,61.91983384745096,0.0017641374278419026,0.6,0.17868449778949014,0.29402290464031716,2.940229046403171,-0.11533840685082702
selective_nocontact,vessel_invjac_clip_nocontact_floor255_v3_20261008T151506Z,3,312,62.09783288204989,0.0017965731984059645,0.6,0.43011829718944483,0.2994288664009941,2.9942886640099413,0.13068943078845072
selective_nocontact,vessel_invjac_clip_nocontact_floor255_v3_20261008T151506Z,3,313,62.27834900300363,0.001809025969375637,0.6,0.3835706432363537,0.30150432822927287,3.0150432822927287,0.0820663150070808
selective_nocontact,vessel_invjac_clip_nocontact_floor255_v3_20261008T151506Z,3,314,62.459344681156075,0.0018112705366060524,0.6,0.157181491651329,0.30187842276767546,3.018784227676754,-0.14469693111634646
selective_nocontact,vessel_invjac_clip_nocontact_floor255_v3_20261008T151506Z,3,315,62.64053261306399,0.0018105050598155733,0.6,0.34669430694018644,0.30175084330259555,3.017508433025956,0.044943463637590865
selective_nocontact,vessel_invjac_clip_nocontact_floor255_v3_20261008T151506Z,3,316,62.821027857835986,0.0017990645533237598,0.6,0.5336041495667985,0.29984409222062663,2.9984409222062665,0.23376005734617178
selective_nocontact,vessel_invjac_clip_nocontact_floor255_v3_20261008T151506Z,3,317,63.000889983941306,0.0018012685590288228,0.6,0.6685042337935343,0.3002114265048038,3.002114265048038,0.36829280728873054
selective_nocontact,vessel_invjac_clip_nocontact_floor255_v3_20261008T151506Z,3,318,63.1812088436835,0.0018014165749338025,0.6,0.8247512733316356,0.30023609582230043,3.0023609582230044,0.5245151775093351
selective_nocontact,vessel_invjac_clip_nocontact_floor255_v3_20261008T151506Z,3,319,63.36059877631399,0.0017883895851408095,0.6,0.6802013624724594,0.29806493085680164,2.9806493085680157,0.3821364316156578
selective_nocontact,vessel_invjac_clip_nocontact_floor255_v3_20261008T151506Z,3,320,63.5397629884971,0.0017980135005083299,0.6,0.8514547163371375,0.29966891675138835,2.996689167513883,0.5517857995857492
selective_nocontact,vessel_invjac_clip_nocontact_floor255_v3_20261008T151506Z,3,321,63.719616657387206,0.0017928686701983764,0.6,0.6081757855862406,0.2988114450330628,2.9881144503306274,0.3093643405531779
selective_nocontact,vessel_invjac_clip_nocontact_floor255_v3_20261008T151506Z,3,322,63.89787479761214,0.0017757202058101798,0.6,0.6764722923197226,0.29595336763503,2.9595336763502997,0.38051892468469256
selective_nocontact,vessel_invjac_clip_nocontact_floor255_v3_20261008T151506Z,3,323,64.0755879679429,0.0017812643413323576,0.6,0.9133922427341616,0.29687739022205967,2.968773902220596,0.616514852512102
selective_nocontact,vessel_invjac_clip_nocontact_floor255_v3_20261008T151506Z,3,324,64.25417990648,0.001790163498134915,0.6,0.8778509426722749,0.29836058302248586,2.9836058302248585,0.579490359649789
selective_nocontact,vessel_invjac_clip_nocontact_floor255_v3_20261008T151506Z,3,325,64.43297350954566,0.0017805179602502458,0.6,0.8170566682923521,0.29675299337504096,2.9675299337504097,0.5203036749173112
selective_nocontact,vessel_invjac_clip_nocontact_floor255_v3_20261008T151506Z,3,326,64.60957316890128,0.0017560275993405,0.6,0.6323866940524638,0.29267126655675,2.9267126655675,0.33971542749571376
selective_nocontact,vessel_invjac_clip_nocontact_floor255_v3_20261008T151506Z,3,327,64.96421380953247,0.0017843958707144736,0.6,0.7704626819970173,0.29739931178574563,2.9739931178574563,0.47306337021127165
selective_nocontact,vessel_invjac_clip_nocontact_floor255_v3_20261008T151506Z,3,328,64.96421380953247,0.0017843958707144736,0.6,0.4269072713051969,0.29739931178574563,2.9739931178574563,0.12950795951945127
selective_nocontact,vessel_invjac_clip_nocontact_floor255_v3_20261008T151506Z,3,329,65.14186911150166,0.0017705335644245723,0.6,0.6139969601937594,0.2950889274040954,2.950889274040954,0.31890803278966395
selective_nocontact,vessel_invjac_clip_nocontact_floor255_v3_20261008T151506Z,3,330,65.49594037612894,0.0017658486248999371,0.6,0.9005320920768725,0.2943081041499896,2.9430810414998954,0.6062239879268829
selective_nocontact,vessel_invjac_clip_nocontact_floor255_v3_20261008T151506Z,3,331,65.67198694906455,0.0017564371215539629,0.6,0.9431273131616962,0.29273952025899386,2.927395202589938,0.6503877929027023
selective_nocontact,vessel_invjac_clip_nocontact_floor255_v3_20261008T151506Z,3,332,65.84748844660739,0.0017541952716312499,0.6,1.0901333266011761,0.2923658786052084,2.923658786052083,0.7977674479959677
selective_nocontact,vessel_invjac_clip_nocontact_floor255_v3_20261008T151506Z,3,333,66.02283279659449,0.001752691844510994,0.6,0.7512964585677793,0.292115307418499,2.92115307418499,0.45918115114928026
selective_nocontact,vessel_invjac_clip_nocontact_floor255_v3_20261008T151506Z,3,334,66.1980765129746,0.0017526240307577424,0.6,0.9264895032944622,0.2921040051262905,2.9210400512629042,0.6343854981681718
selective_nocontact,vessel_invjac_clip_nocontact_floor255_v3_20261008T151506Z,3,335,66.1980765129746,0.0017526240307577424,0.6,0.8632199608734368,0.2921040051262905,2.9210400512629042,0.5711159557471462
selective_nocontact,vessel_invjac_clip_nocontact_floor255_v3_20261008T151506Z,3,336,66.37337216014663,0.0017523754819909916,0.6,1.0808557632286977,0.29206258033183197,2.9206258033183197,0.7887931828968657
selective_nocontact,vessel_invjac_clip_nocontact_floor255_v3_20261008T151506Z,3,337,66.54827439094898,0.0017450513279943073,0.6,1.2150693298971476,0.29084188799905125,2.908418879990512,0.9242274418980964
selective_nocontact,vessel_invjac_clip_nocontact_floor255_v3_20261008T151506Z,3,338,66.89704100099074,0.0017419433222512104,0.6,1.3810976034699394,0.29032388704186846,2.903238870418684,1.0907737164280709
selective_nocontact,vessel_invjac_clip_nocontact_floor255_v3_20261008T151506Z,3,339,67.06578633653581,0.0015202639990388766,0.6,1.434143539483955,0.25337733317314615,2.533773331731461,1.1807662063108089
selective_nocontact,vessel_invjac_clip_nocontact_floor255_v3_20261008T151506Z,3,340,67.23396127789897,0.0016613594582309782,0.6,1.5524072381161318,0.2768932430384964,2.7689324303849636,1.2755139950776355
selective_nocontact,vessel_invjac_clip_nocontact_floor255_v3_20261008T151506Z,3,341,67.40619058321269,0.0017553344581465165,0.6,1.6437181126542555,0.29255574302441945,2.925557430244194,1.351162369629836
selective_nocontact,vessel_invjac_clip_nocontact_floor255_v3_20261008T151506Z,3,342,67.40619058321269,0.0017553344581465165,0.6,1.6881027403175466,0.29255574302441945,2.925557430244194,1.3955469972931271
selective_nocontact,vessel_invjac_clip_nocontact_floor255_v3_20261008T151506Z,3,343,67.58078351703168,0.0017339377711977418,0.6,1.3601853934371775,0.288989628532957,2.8898962853295695,1.0711957649042205
selective_nocontact,vessel_invjac_clip_nocontact_floor255_v3_20261008T151506Z,3,344,67.75358541047578,0.0017259733270346815,0.6,1.4748932773578076,0.28766222117244694,2.8766222117244693,1.1872310561853605
selective_nocontact,vessel_invjac_clip_nocontact_floor255_v3_20261008T151506Z,3,345,68.09877013311277,0.0017230903058967366,0.6,1.7505848311545975,0.2871817176494561,2.8718171764945613,1.4634031135051413
selective_nocontact,vessel_invjac_clip_nocontact_floor255_v3_20261008T151506Z,3,346,68.27098746323387,0.0017216300571474572,0.6,1.8460936493711984,0.2869383428579096,2.8693834285790953,1.5591553065132888
selective_nocontact,vessel_invjac_clip_nocontact_floor255_v3_20261008T151506Z,3,347,68.44295115107771,0.0017161302797246518,0.6,1.9381624309265106,0.286021713287442,2.86021713287442,1.6521407176390688
selective_nocontact,vessel_invjac_clip_nocontact_floor255_v3_20261008T151506Z,3,348,68.61407935476221,0.0017086570203639745,0.6,1.795169898762012,0.28477617006066247,2.847761700606624,1.5103937287013496
selective_nocontact,vessel_invjac_clip_nocontact_floor255_v3_20261008T151506Z,3,349,68.61407935476221,0.0017086570203639745,0.6,1.8181029021287003,0.28477617006066247,2.847761700606624,1.533326732068038
selective_nocontact,vessel_invjac_clip_nocontact_floor255_v3_20261008T151506Z,3,350,68.78537342333152,0.0017197585087169959,0.6,1.8985452362080792,0.2866264181194993,2.8662641811949934,1.61191881808858
selective_nocontact,vessel_invjac_clip_nocontact_floor255_v3_20261008T151506Z,3,351,68.9577650194995,0.0017244120630881185,0.6,1.99227942858856,0.2874020105146865,2.8740201051468643,1.7048774180738735
selective_nocontact,vessel_invjac_clip_nocontact_floor255_v3_20261008T151506Z,3,352,69.3018303346767,0.0017226291798815804,0.6,2.260877189550058,0.28710486331359675,2.8710486331359673,1.9737723262364615
selective_nocontact,vessel_invjac_clip_nocontact_floor255_v3_20261008T151506Z,3,353,69.47421899930515,0.0017236381817949677,0.6,2.2906307750896815,0.28727303029916135,2.872730302991613,2.0033577447905198
selective_nocontact,vessel_invjac_clip_nocontact_floor255_v3_20261008T151506Z,3,354,69.64634194720897,0.0017182159454217638,0.6,2.376096157490906,0.2863693242369607,2.8636932423696067,2.089726833253945
selective_nocontact,vessel_invjac_clip_nocontact_floor255_v3_20261008T151506Z,3,355,69.81778776038509,0.0017106833567321462,0.6,2.2673957811201575,0.28511389278869104,2.8511389278869106,1.9822818883314663
selective_nocontact,vessel_invjac_clip_nocontact_floor255_v3_20261008T151506Z,3,356,69.98861110699984,0.0017065252510290512,0.6,2.3829396386585557,0.2844208751715086,2.8442087517150854,2.0985187634870472
selective_nocontact,vessel_invjac_clip_nocontact_floor255_v3_20261008T151506Z,3,357,70.15911266378266,0.0017028082768032876,0.6,2.4936281278149295,0.2838013794672146,2.838013794672146,2.209826748347715
selective_nocontact,vessel_invjac_clip_nocontact_floor255_v3_20261008T151506Z,3,358,70.15911266378266,0.0017028082768032876,0.6,2.442483177306258,0.2838013794672146,2.838013794672146,2.158681797839043
selective_nocontact,vessel_invjac_clip_nocontact_floor255_v3_20261008T151506Z,3,359,70.4986482352134,0.0016970128769390209,0.6,2.712905211717043,0.28283547948983684,2.8283547948983685,2.4300697322272065
selective_nocontact,vessel_invjac_clip_nocontact_floor255_v3_20261008T151506Z,3,360,70.66841647912491,0.001696456432811628,0.6,2.842588289734195,0.282742738801938,2.82742738801938,2.5598455509322573
selective_nocontact,vessel_invjac_clip_nocontact_floor255_v3_20261008T151506Z,3,361,70.83760836201628,0.0016872266539888286,0.6,2.947139026688987,0.2812044423314714,2.8120444233147146,2.6659345843575153
selective_nocontact,vessel_invjac_clip_nocontact_floor255_v3_20261008T151506Z,3,362,71.00609558102146,0.0016838388821400646,0.6,2.746402419618491,0.2806398136900108,2.806398136900108,2.46576260592848
selective_nocontact,vessel_invjac_clip_nocontact_floor255_v3_20261008T151506Z,3,363,71.17433632092933,0.0016794407122502355,0.6,2.8989989689923306,0.27990678537503927,2.7990678537503926,2.6190921836172913
selective_nocontact,vessel_invjac_clip_nocontact_floor255_v3_20261008T151506Z,3,364,71.34174162424532,0.001669194283924724,0.6,3.0150545173986245,0.2781990473207873,2.7819904732078733,2.7368554700778374
selective_nocontact,vessel_invjac_clip_nocontact_floor255_v3_20261008T151506Z,3,365,71.50851368898857,0.0016681593318523334,0.6,3.168860979888663,0.2780265553087223,2.7802655530872222,2.890834424579941
selective_nocontact,vessel_invjac_clip_nocontact_floor255_v3_20261008T151506Z,3,366,71.67560732821887,0.0016741768701447727,0.6,3.2941908638266,0.27902947835746217,2.7902947835746215,3.0151613854691375
selective_nocontact,vessel_invjac_clip_nocontact_floor255_v3_20261008T151506Z,3,367,71.8433604366658,0.0016788662726610545,0.6,3.3887512088233223,0.2798110454435091,2.798110454435091,3.108940163379813
selective_nocontact,vessel_invjac_clip_nocontact_floor255_v3_20261008T151506Z,3,368,72.01073073667443,0.00166523562480177,0.6,3.5002008023059545,0.27753927080029506,2.7753927080029497,3.2226615315056595
selective_nocontact,vessel_invjac_clip_nocontact_floor255_v3_20261008T151506Z,3,369,72.17629588841622,0.00164769868074435,0.6,3.694564107087132,0.274616446790725,2.74616446790725,3.4199476602964065
selective_nocontact,vessel_invjac_clip_nocontact_floor255_v3_20261008T151506Z,3,370,72.34065496227741,0.0016428378206438008,0.6,3.789969600650565,0.2738063034406335,2.7380630344063346,3.5161632972099315
selective_nocontact,vessel_invjac_clip_nocontact_floor255_v3_20261008T151506Z,3,371,72.50564450793978,0.001636034486807178,0.6,3.772788928498514,0.27267241446786306,2.7267241446786303,3.5001165140306507
selective_nocontact,vessel_invjac_clip_nocontact_floor255_v3_20261008T151506Z,3,372,72.65725537368102,0.001640431302434705,0.6,3.7322957176941145,0.2734052170724509,2.7340521707245085,3.458890500621664
selective_nocontact,vessel_invjac_clip_nocontact_floor255_v3_20261008T151506Z,3,373,72.82255839440943,0.0016487965261339644,0.6,3.833565851591203,0.2747994210223274,2.747994210223274,3.558766430568876
selective_nocontact,vessel_invjac_clip_nocontact_floor255_v3_20261008T151506Z,3,374,72.986860282962,0.0016417037934670167,0.6,3.9198158049222513,0.2736172989111694,2.7361729891116946,3.646198506011082
selective_nocontact,vessel_invjac_clip_nocontact_floor255_v3_20261008T151506Z,3,375,73.15123793845905,0.0016440965379337644,0.6,3.9701734714006705,0.2740160896556274,2.7401608965562745,3.6961573817450435
selective_nocontact,vessel_invjac_clip_nocontact_floor255_v3_20261008T151506Z,3,376,73.31529842262096,0.0016365213005746161,0.6,4.158234397002914,0.27275355009576935,2.727535500957694,3.8854808469071447
selective_nocontact,vessel_invjac_clip_nocontact_floor255_v3_20261008T151506Z,3,377,73.47899895382727,0.0016401699275273645,0.6,4.260923395315501,0.27336165458789413,2.7336165458789408,3.9875617407276076
selective_nocontact,vessel_invjac_clip_nocontact_floor255_v3_20261008T151506Z,3,378,73.64330181839702,0.001641461720037937,0.6,4.301158370102314,0.27357695333965615,2.7357695333965615,4.027581416762658
selective_nocontact,vessel_invjac_clip_nocontact_floor255_v3_20261008T151506Z,3,379,73.80640666833229,0.0016198684692220583,0.6,4.53926809449429,0.2699780782036764,2.699780782036764,4.269290016290613
selective_nocontact,vessel_invjac_clip_nocontact_floor255_v3_20261008T151506Z,3,380,73.96890266764416,0.0016405788398353347,0.6,4.60967134785443,0.2734298066392225,2.7342980663922245,4.336241541215207
selective_nocontact,vessel_invjac_clip_nocontact_floor255_v3_20261008T151506Z,3,381,74.13498383634028,0.0016680720025742145,0.6,4.322868613467264,0.27801200042903584,2.7801200042903575,4.044856613038229
selective_nocontact,vessel_invjac_clip_nocontact_floor255_v3_20261008T151506Z,3,382,74.29920102644711,0.0016084327406590006,0.6,4.467142612441194,0.26807212344316683,2.6807212344316675,4.199070488998027
selective_nocontact,vessel_invjac_clip_nocontact_floor255_v3_20261008T151506Z,3,383,74.45843331109187,0.0015903698715623743,0.6,4.596342946160576,0.2650616452603958,2.6506164526039573,4.33128130090018
selective_nocontact,vessel_invjac_clip_nocontact_floor255_v3_20261008T151506Z,3,384,74.6189773050047,0.0016186487214269534,0.6,4.8278700685335,0.26977478690449225,2.6977478690449224,4.558095281629007
selective_nocontact,vessel_invjac_clip_nocontact_floor255_v3_20261008T151506Z,3,385,74.78083574596862,0.0016142763283093261,0.6,4.9897356103596024,0.2690460547182211,2.69046054718221,4.720689555641382
selective_nocontact,vessel_invjac_clip_nocontact_floor255_v3_20261008T151506Z,3,386,74.94261881726696,0.001630538142644139,0.6,5.049522242134117,0.27175635710735657,2.717563571073565,4.77776588502676
selective_nocontact,vessel_invjac_clip_nocontact_floor255_v3_20261008T151506Z,3,387,75.10745213834281,0.0016422075752832665,0.6,5.193363553748057,0.2737012625472111,2.737012625472111,4.919662291200846
selective_nocontact,vessel_invjac_clip_nocontact_floor255_v3_20261008T151506Z,3,388,75.26134087633801,0.0012759332074549418,0.6,5.342229214433573,0.21265553457582367,2.1265553457582365,5.129573679857749
selective_nocontact,vessel_invjac_clip_nocontact_floor255_v3_20261008T151506Z,3,389,75.32385027666655,0.0,0.6,5.363731517940806,0.0,0.0,5.363731517940806
selective_nocontact,vessel_invjac_clip_nocontact_floor255_v3_20261008T151506Z,3,390,75.32385027666655,0.0,0.6,5.423718641716093,0.0,0.0,5.423718641716093
selective_nocontact,vessel_invjac_clip_nocontact_floor255_v3_20261008T151506Z,3,391,75.32385027666655,0.0,0.6,5.489749257684437,0.0,0.0,5.489749257684437
selective_nocontact,vessel_invjac_clip_nocontact_floor255_v3_20261008T151506Z,3,392,75.32385027666655,0.0,0.6,5.343727081871577,0.0,0.0,5.343727081871577
selective_nocontact,vessel_invjac_clip_nocontact_floor255_v3_20261008T151506Z,3,393,75.32385027666655,0.0,0.6,5.441730622648279,0.0,0.0,5.441730622648279
selective_nocontact,vessel_invjac_clip_nocontact_floor255_v3_20261008T151506Z,3,394,75.32385027666655,0.0,0.6,5.3687248603901025,0.0,0.0,5.3687248603901025
selective_nocontact,vessel_invjac_clip_nocontact_floor255_v3_20261008T151506Z,3,395,75.32385027666655,0.0,0.6,5.323720426782927,0.0,0.0,5.323720426782927
