k,status,infeasible,solver_mode,rollout_steps,i_ref,i_ref_mpc,idx_ref_0,idx_ref_terminal,u0_vx,u0_vy,u0_vz,u0_wx,u0_wy,u0_wz,u0_dL,p_now_x,p_now_y,p_now_z,p_now_qw,p_now_qx,p_now_qy,p_now_qz,p_now_L,tip_x,tip_y,tip_z,tip_tx,tip_ty,tip_tz,pred1_err_xy_m,pred1_err_xy_mm,pred1_err_xyz_m,pred1_err_xyz_mm,sqp_iters_done,sqp_du_final,sqp_du_rel_final,frame_path,i_seg,u_seg,rho_m,rho_mm,clearance_m,clearance_mm,tip_vessel_angle_deg,trust_vx,trust_vy,trust_vz,trust_wx,trust_wy,trust_wz,trust_dL,sqp_status_0,sqp_du_0,sqp_du_rel_0,u_applied_0_vx,u_applied_0_vy,u_applied_0_vz,u_applied_0_wx,u_applied_0_wy,u_applied_0_wz,u_applied_0_dL,x_rollout_0_x,x_rollout_0_y,x_rollout_0_z,x_rollout_0_tx,x_rollout_0_ty,x_rollout_0_tz,x_pred_0_x,x_pred_0_y,x_pred_0_z,x_pred_0_tx,x_pred_0_ty,x_pred_0_tz,rollout_err_xy_0_m,rollout_err_xy_0_mm,rollout_err_xyz_0_m,rollout_err_xyz_0_mm,u_plan_0_vx,u_plan_0_vy,u_plan_0_vz,u_plan_0_wx,u_plan_0_wy,u_plan_0_wz,u_plan_0_dL,u_plan_1_vx,u_plan_1_vy,u_plan_1_vz,u_plan_1_wx,u_plan_1_wy,u_plan_1_wz,u_plan_1_dL,u_plan_2_vx,u_plan_2_vy,u_plan_2_vz,u_plan_2_wx,u_plan_2_wy,u_plan_2_wz,u_plan_2_dL,u_plan_3_vx,u_plan_3_vy,u_plan_3_vz,u_plan_3_wx,u_plan_3_wy,u_plan_3_wz,u_plan_3_dL,u_plan_4_vx,u_plan_4_vy,u_plan_4_vz,u_plan_4_wx,u_plan_4_wy,u_plan_4_wz,u_plan_4_dL,u_plan_5_vx,u_plan_5_vy,u_plan_5_vz,u_plan_5_wx,u_plan_5_wy,u_plan_5_wz,u_plan_5_dL,u_plan_6_vx,u_plan_6_vy,u_plan_6_vz,u_plan_6_wx,u_plan_6_wy,u_plan_6_wz,u_plan_6_dL,u_plan_7_vx,u_plan_7_vy,u_plan_7_vz,u_plan_7_wx,u_plan_7_wy,u_plan_7_wz,u_plan_7_dL,u_plan_8_vx,u_plan_8_vy,u_plan_8_vz,u_plan_8_wx,u_plan_8_wy,u_plan_8_wz,u_plan_8_dL,u_plan_9_vx,u_plan_9_vy,u_plan_9_vz,u_plan_9_wx,u_plan_9_wy,u_plan_9_wz,u_plan_9_dL,u_plan_10_vx,u_plan_10_vy,u_plan_10_vz,u_plan_10_wx,u_plan_10_wy,u_plan_10_wz,u_plan_10_dL,u_plan_11_vx,u_plan_11_vy,u_plan_11_vz,u_plan_11_wx,u_plan_11_wy,u_plan_11_wz,u_plan_11_dL
0,solved,0,lti,1,18,18,18,29,0.010001227833204883,0.010000001577222507,6.279708161502405e-08,0.0,0.0,0.5235987756646087,0.04000338776640143,0.6623328465796172,-0.7097273166606557,-0.1,0.0005320061119357531,0.9999877151810278,-0.004917657110788785,0.0003210997747698011,0.016800067755328028,0.7813327682836867,-0.7099477344919476,-0.10000428890498811,-0.9999988141679227,-0.0015394309936273044,-4.260239407689095e-05,5.620345756894843e-05,0.056203457568948435,5.620347399203252e-05,0.056203473992032515,1,1.8155830694729043,26.205684347029457,,16,0.07022126994596835,0.0013440098888823412,1.344009888882341,0.002655990111117659,2.6559901111176587,2.9935908761576306,0.01,0.01,0.0001,0.17453292519943295,0.17453292519943295,0.5235987755982988,0.02,solved,1.8155830694729043,26.205684347029457,0.010001227833204883,0.010000001577222507,6.279708161502405e-08,0.0,0.0,0.5235987756646087,0.04000338776640143,0.7813327682836867,-0.7099477344919476,-0.10000428890498811,-0.9999988141679227,-0.0015394309936273044,-4.260239407689095e-05,0.7813327485200822,-0.7098915310378535,-0.10000433187088725,-0.9999999959501391,-6.354951089749915e-05,-6.372740021662791e-05,5.620345756894843e-05,0.056203457568948435,5.620347399203252e-05,0.056203473992032515,0.010001227833204883,0.010000001577222507,6.279708161502405e-08,0.0,0.0,0.5235987756646087,0.04000338776640143,0.01000061052018141,0.010000001482759938,6.282699774365835e-08,0.0,0.0,0.5235987756590512,0.040003793259569674,0.010000368019529539,0.0100000013030219,6.28963139526153e-08,0.0,0.0,0.523598775651458,0.040004195521549615,0.010000507163376254,0.010000001058563093,6.300542674129874e-08,0.0,0.0,0.5235987756418129,0.040004572294635304,0.010000433337599356,0.010000000806531451,6.314680594432074e-08,0.0,0.0,0.5235987756315582,0.04000491271195371,0.009999768888189436,0.010000000548358446,6.331600070427094e-08,0.0,0.0,0.5235987756202416,0.040005182220150565,0.009999054957988845,0.010000000229868893,6.351699664468408e-08,0.0,0.0,0.5235987756064454,0.040005300111551144,0.005085330745668141,0.009999999860185054,6.375162226141153e-08,0.0,0.0,0.5235987755920789,0.040005201990831143,-0.004307252399486879,0.010000000536711483,6.10260027631147e-08,0.0,0.0,0.5235987756194614,0.04000474115469969,-0.010001951130888885,0.010000000220776377,6.099123105044229e-08,0.0,0.0,0.5235987756064852,0.04000320944567871,-0.010002319376522765,0.010000000023411504,6.108712130821712e-08,0.0,0.0,0.5235987755964892,0.034253777209838694,-0.010000138908697302,0.010000000027214009,6.107424459229461e-08,0.0,0.0,0.5235987745157478,0.02492526779584226
1,solved,0,lti,1,19,19,19,30,-1.3135321114727472e-06,0.020000076006498564,6.089857870299765e-08,0.0,0.0,1.0471975573617367,0.06000369813150843,0.662332820308975,-0.7093273151405257,-0.1,0.0005286144541617812,0.9998813885755536,-0.015389043006446893,0.00032665322185072084,0.018000141717958197,0.7801327948225476,-0.7099864912055682,-0.10000393160105567,-0.9999887240179267,-0.004748863956258289,1.1319168468492345e-05,6.397070777804857e-05,0.06397070777804857,6.397072689520094e-05,0.06397072689520095,1,1.8150446643588096,0.9977997909462357,,16,0.8685486973131638,0.0012863976982711465,1.2863976982711465,0.0027136023017288536,2.7136023017288537,3.077190049468432,0.01,0.01,0.0001,0.17453292519943295,0.17453292519943295,0.5235987755982988,0.02,solved,1.8150446643588096,0.9977997909462357,-1.3135321114727472e-06,0.020000076006498564,6.089857870299765e-08,0.0,0.0,1.0471975573617367,0.06000369813150843,0.7801327948225476,-0.7099864912055682,-0.10000393160105567,-0.9999887240179267,-0.004748863956258289,1.1319168468492345e-05,0.7801326702992704,-0.7099225206189868,-0.10000398105685311,-0.9999951201049411,-0.003124056864191128,-5.917261509191403e-06,6.397070777804857e-05,0.06397070777804857,6.397072689520094e-05,0.06397072689520095,-1.3135321114727472e-06,0.020000076006498564,6.089857870299765e-08,0.0,0.0,1.0471975573617367,0.06000369813150843,0.013199273840754512,0.02000006375189226,6.091262584220872e-08,0.0,0.0,1.0471975571061716,0.060004151625154545,0.020002824846842137,0.020000046039802977,6.021378954215474e-08,0.0,0.0,1.0471975568070468,0.06000453456416581,0.020006847150988733,0.020000010934918707,5.95692924881104e-08,0.0,0.0,1.0471975566546654,0.052427010199316934,0.02001108951602848,0.019999961167306977,5.8956909881783186e-08,0.0,0.0,1.0471975565653744,0.03251862403303773,0.02001717476603416,0.01999988578238212,5.8343135529361884e-08,0.0,0.0,1.04719755617595,0.028320561271045003,0.008604568208159547,0.019999961903827804,5.768051846871249e-08,0.0,0.0,1.0471975545934837,0.025663110186307868,-0.014302356325024157,0.01999999167299387,5.720638504451626e-08,0.0,0.0,1.047197553184102,0.024981733235997332,-0.01999845094421915,0.01999998902368041,5.682799332969179e-08,0.0,0.0,1.047197552284112,0.024977197345392287,-0.019999617415332006,0.019999988917166416,5.655852247889407e-08,0.0,0.0,1.047197551617991,0.024871273642197322,-0.01999707932114563,0.019999972988709563,5.6147593926548185e-08,0.0,0.0,1.047197550193067,0.02550486710611706,-0.01999612286442646,0.019999956810019225,5.562640198874972e-08,0.0,0.0,1.047197550158808,0.026792057549551513
2,solved,0,lti,1,20,20,20,31,0.003199273840754512,0.030000063751892257,0.0,0.0,0.0,1.5707963327044703,0.08000415162515456,0.6623968057857901,-0.7087273138654878,-0.1,0.000523418394482083,0.9995163151065464,-0.031092598802008813,0.0003349160384514493,0.01960022475046129,0.7785331352525069,-0.7100593094529795,-0.10000335335088335,-0.9999497669951034,-0.010022837200083769,7.88726760446645e-05,7.482642897859214e-05,0.07482642897859214,7.482645009940963e-05,0.07482645009940962,1,1.8146420850539977,0.4997526220860609,,18,0.30558812440184036,0.0010513765646769824,1.0513765646769824,0.0029486234353230177,2.9486234353230176,15.796131370928157,0.01,0.01,0.0001,0.17453292519943295,0.17453292519943295,0.5235987755982988,0.02,solved,1.8146420850539977,0.4997526220860609,0.003199273840754512,0.030000063751892257,0.0,0.0,0.0,1.5707963327044703,0.08000415162515456,0.7785331352525069,-0.7100593094529795,-0.10000335335088335,-0.9999497669951034,-0.010022837200083769,7.88726760446645e-05,0.7785327550545197,-0.7099844839899125,-0.10000340957179712,-0.9999659989394886,-0.008246027202630677,6.324811726883675e-05,7.482642897859214e-05,0.07482642897859214,7.482645009940963e-05,0.07482645009940962,0.003199273840754512,0.030000063751892257,0.0,0.0,0.0,1.5707963327044703,0.08000415162515456,0.010002824846842137,0.030000046039802976,0.0,0.0,0.0,1.5707963324053456,0.05506640337200782,0.010006847150988733,0.030000010934918706,0.0,0.0,0.0,1.5707963322529643,0.0372393516539636,0.01001108951602848,0.02999996116730698,0.0,0.0,0.0,1.570796332163673,0.03239584700360125,0.010017174766034158,0.02999988578238212,0.0,0.0,0.0,1.5707963317742486,0.02819261539880761,-0.0013954317918404534,0.029999961903827803,0.0,0.0,0.0,1.5707963301917824,0.025536225584053097,-0.024302356325024158,0.029999991672993873,0.0,0.0,0.0,1.570796328782401,0.024862141931420455,-0.02999845094421915,0.02999998902368041,0.0,0.0,0.0,1.5707963278824106,0.02486699106384653,-0.029999617415332004,0.029999988917166417,0.0,0.0,0.0,1.5707963272162897,0.024536852906368457,-0.029997079321145627,0.029999972988709565,0.0,0.0,0.0,1.570796325791366,0.02546810733344074,-0.02999612286442646,0.029999956810019227,0.0,0.0,0.0,1.5707963257571067,0.026995323335645728,-0.02999612286442646,0.029999956810019227,0.0,0.0,0.0,1.5707963257571067,0.028368301130651922
3,solved,0,lti,1,22,22,22,33,2.8248468421365747e-06,0.04000004603980298,0.0,0.0,0.0,2.0943951080036443,0.07506640337200783,0.6623968622827269,-0.7079273129446918,-0.1,0.0005162896478562813,0.9986459503991871,-0.052018070088537066,0.0003458042336505602,0.021101552817901447,0.7770330070817576,-0.7101721577550724,-0.10000269021936964,-0.9998488414056623,-0.017386054205467783,0.0001394952299424803,8.805122727175735e-05,0.08805122727175735,8.805124577085042e-05,0.08805124577085043,1,1.8146187586187017,0.3333211000336936,,19,0.9012241223479067,0.00042598092419765386,0.4259809241976539,0.003574019075802346,3.574019075802346,24.515292332595724,0.01,0.01,0.0001,0.17453292519943295,0.17453292519943295,0.5235987755982988,0.02,solved,1.8146187586187017,0.3333211000336936,2.8248468421365747e-06,0.04000004603980298,0.0,0.0,0.0,2.0943951080036443,0.07506640337200783,0.7770330070817576,-0.7101721577550724,-0.10000269021936964,-0.9998488414056623,-0.017386054205467783,0.0001394952299424803,0.7770321354352216,-0.7100841108422566,-0.10000274729595013,-0.9998799221597112,-0.015495984362786198,0.00012542136276644404,8.805122727175735e-05,0.08805122727175735,8.805124577085042e-05,0.08805124577085043,2.8248468421365747e-06,0.04000004603980298,0.0,0.0,0.0,2.0943951080036443,0.07506640337200783,6.847150988732731e-06,0.04000001093491871,0.0,0.0,0.0,2.094395107851263,0.049161176074129426,1.1089516028479213e-05,0.03999996116730698,0.0,0.0,0.0,2.094395107761972,0.02797325055242635,1.717476603415799e-05,0.03999988578238212,0.0,0.0,0.0,2.0943951073725473,0.0253189042883932,-0.011395431791840454,0.039999961903827805,0.0,0.0,0.0,2.094395105790081,0.024654566284425614,-0.03430235632502416,0.039999991672993875,0.0,0.0,0.0,2.0943951043806996,0.024674214152697223,-0.03999845094421915,0.03999998902368041,0.0,0.0,0.0,2.0943951034807093,0.02459664841551707,-0.039999617415332006,0.03999998891716642,0.0,0.0,0.0,2.0943951028145884,0.02423945561124289,-0.03999707932114563,0.03999997298870957,0.0,0.0,0.0,2.0943951013896647,0.025370026787037432,-0.03999612286442646,0.03999995681001923,0.0,0.0,0.0,2.0943951013554054,0.02693808888215637,-0.03999612286442646,0.03999995681001923,0.0,0.0,0.0,2.0943951013554054,0.028574097344580607,-0.03999612286442646,0.03999995681001923,0.0,0.0,0.0,2.0943951013554054,0.029827254206899027
4,solved,0,lti,1,23,23,23,34,0.01000563660015254,0.05000114925518252,1.0174081690661763e-07,0.0,0.0,2.6179939401589447,0.048553830485956066,0.6625969750147299,-0.7069272899595882,-0.1,0.0005070606285163624,0.9969420649933628,-0.07814174883633786,0.0003592006229153921,0.022072629427620567,0.7760644689776748,-0.7103192291073405,-0.1000020876792332,-0.9996450721121205,-0.026640112836942953,0.000184905349803625,9.706150114264534e-05,0.09706150114264533,9.706151387474561e-05,0.09706151387474561,1,1.814457196301168,0.24999114665666863,,21,0.09561403462746851,0.0004925707845550967,0.4925707845550967,0.0035074292154449035,3.5074292154449034,42.51975882148429,0.01,0.01,0.0001,0.17453292519943295,0.17453292519943295,0.5235987755982988,0.02,solved,1.814457196301168,0.24999114665666863,0.01000563660015254,0.05000114925518252,1.0174081690661763e-07,0.0,0.0,2.6179939401589447,0.048553830485956066,0.7760644689776748,-0.7103192291073405,-0.1000020876792332,-0.9996450721121205,-0.026640112836942953,0.000184905349803625,0.7760628986776682,-0.7102221803095017,-0.1000021373943586,-0.9996909347754966,-0.024859651983806554,0.00018064035508873468,9.706150114264534e-05,0.09706150114264533,9.706151387474561e-05,0.09706151387474561,0.01000563660015254,0.05000114925518252,1.0174081690661763e-07,0.0,0.0,2.6179939401589447,0.048553830485956066,0.010016345033550762,0.05000100206727252,1.015386716139921e-07,0.0,0.0,2.6179939432638,0.027692302148367178,0.010030487319140108,0.05000067314929706,1.0116045474329345e-07,0.0,0.0,2.617993944331213,0.02504297970868066,-0.0013794167503309817,0.05000044859580159,1.0065979252443902e-07,0.0,0.0,2.6179939357878372,0.024395591533965803,-0.024292350758502754,0.050000369687158486,1.0014662430607053e-07,0.0,0.0,2.6179939178826133,0.024272720283083138,-0.029998644773183796,0.05000047750346436,9.914952285753274e-08,0.0,0.0,2.6179938975701007,0.024098463987930117,-0.030006097262449138,0.05000044397196785,9.537528927235627e-08,0.0,0.0,2.617993880653476,0.025184747354279752,-0.030005308566088417,0.05000016181196581,8.983636803263003e-08,0.0,0.0,2.617993864728312,0.026577117661274054,-0.03000855342930952,0.05000008858261728,8.2999830303855e-08,0.0,0.0,2.6179938523362165,0.028120994066983963,-0.03001191626400735,0.05000027076118107,7.581902073647015e-08,0.0,0.0,2.6179938509018763,0.029647964929641255,-0.030005283340151012,0.05000000418345086,6.889676105225506e-08,0.0,0.0,2.6179938616783094,0.03100290120964889,-0.031517942914758686,0.04999993480528692,6.209816509149406e-08,0.0,0.0,2.617993868676336,0.03256083941920529
5,solved,0,lti,1,24,24,24,35,0.020016345033550764,0.06000100206727252,0.0,0.0,0.0,3.141592718862099,0.026552072262615727,0.662997301915401,-0.7057272699182428,-0.1,0.0004955276602334274,0.9939956425473642,-0.10941789826753306,0.00037495053865516586,0.02260367087287288,0.7755379621181999,-0.7104958638439365,-0.10000155269446599,-0.9992869815199875,-0.037755524424320605,0.00022122413207104944,0.00010453405169862157,0.10453405169862157,0.00010453406318493536,0.10453406318493537,1,1.8144630103784434,0.20001550834858078,,21,0.7238187974148141,0.0012446897028186516,1.2446897028186517,0.0027553102971813485,2.7553102971813486,43.050110310037056,0.01,0.01,0.0001,0.17453292519943295,0.17453292519943295,0.5235987755982988,0.02,solved,1.8144630103784434,0.20001550834858078,0.020016345033550764,0.06000100206727252,0.0,0.0,0.0,3.141592718862099,0.026552072262615727,0.7755379621181999,-0.7104958638439365,-0.10000155269446599,-0.9992869815199875,-0.037755524424320605,0.00022122413207104944,0.7755354391485673,-0.7103913602430953,-0.10000160169877166,-0.9993534225372906,-0.03595399327006068,0.00021732680438423725,0.00010453405169862157,0.10453405169862157,0.00010453406318493536,0.10453406318493537,0.020016345033550764,0.06000100206727252,0.0,0.0,0.0,3.141592718862099,0.026552072262615727,0.02003048731914011,0.060000673149297065,0.0,0.0,0.0,3.1415927199295117,0.0246777883083414,0.00862058324966902,0.06000044859580159,0.0,0.0,0.0,3.141592711386136,0.024048475897310944,-0.014292350758502754,0.06000036968715849,0.0,0.0,0.0,3.141592693480912,0.023859634850390672,-0.019998644773183798,0.060000477503464364,0.0,0.0,0.0,3.1415926731683994,0.02390346509309328,-0.02000609726244914,0.060000443971967854,0.0,0.0,0.0,3.141592656251775,0.02506343685605132,-0.02000530856608842,0.06000016181196581,0.0,0.0,0.0,3.1415926403266106,0.026596114418356208,-0.020008553429309517,0.06000008858261728,0.0,0.0,0.0,3.141592627934515,0.02828857417963692,-0.02001191626400735,0.06000027076118107,0.0,0.0,0.0,3.141592626500175,0.029899815432654932,-0.02000528334015101,0.06000000418345086,0.0,0.0,0.0,3.141592637276608,0.031360424991442974,-0.021517942914758684,0.059999934805286925,0.0,0.0,0.0,3.1415926442746347,0.0335495733714315,-0.021517942914758684,0.059999934805286925,0.0,0.0,0.0,3.1415926442746347,0.03477616913115085
6,solved,0,lti,1,24,24,24,35,0.03003048731914011,0.07000067314929706,6.139756293877637e-06,0.0,0.0,3.6651914955278104,0.004677788308341399,0.6635979116617837,-0.7043272564552568,-0.1,0.0004814552821955005,0.9893185912017396,-0.14576809996373327,0.0003928566910977401,0.022697226639039707,0.7754515569201706,-0.7106932518838154,-0.1000011200225996,-0.9987126164077037,-0.05072521510922242,0.00024976028893820455,0.00010552281829508685,0.10552281829508685,0.00010552282507234174,0.10552282507234174,1,1.8144507022160627,0.16668601913521233,,21,1.0,0.00172595872755306,1.72595872755306,0.00227404127244694,2.27404127244694,43.68731212757357,0.01,0.01,0.0001,0.17453292519943295,0.17453292519943295,0.5235987755982988,0.02,solved,1.8144507022160627,0.16668601913521233,0.03003048731914011,0.07000067314929706,6.139756293877637e-06,0.0,0.0,3.6651914955278104,0.004677788308341399,0.7754515569201706,-0.7106932518838154,-0.1000011200225996,-0.9987126164077037,-0.05072521510922242,0.00024976028893820455,0.7754480491169577,-0.7105877873850608,-0.10000115784204061,-0.9987936468594547,-0.049103826344515725,0.0002554046169166105,0.00010552281829508685,0.10552281829508685,0.00010552282507234174,0.10552282507234174,0.03003048731914011,0.07000067314929706,6.139756293877637e-06,0.0,0.0,3.6651914955278104,0.004677788308341399,0.018620583249669018,0.0700004485958016,6.139756293877636e-06,0.0,0.0,3.6651914869844346,0.018224424189438152,-0.004292350758502754,0.07000036968715849,6.139756293877636e-06,0.0,0.0,3.6651914690792107,0.02344653528522439,-0.009998644773183797,0.07000047750346436,6.139756293877636e-06,0.0,0.0,3.665191448766698,0.023668002547233762,-0.010006097262449139,0.07000044397196785,6.139756293877636e-06,0.0,0.0,3.6651914318500736,0.024855014752565685,-0.010005308566088418,0.0700001618119658,6.139756293877636e-06,0.0,0.0,3.6651914159249093,0.026392085361558792,-0.010008553429309517,0.07000008858261728,6.139756293876148e-06,0.0,0.0,3.665191403532814,0.028164318992603177,-0.016393727857153283,0.07000027076118107,6.139754804799152e-06,0.0,0.0,3.6651914020984737,0.029542909233062624,-0.022691462185524328,0.07000000418345086,4.650674757184899e-06,0.0,0.0,3.665191412874907,0.031370461590551346,-0.02248776670554836,0.06999993480528692,3.274453534576439e-06,0.0,0.0,3.6651914198729334,0.03376267082180652,-0.022302076739844235,0.06999993480528692,2.0041007842529112e-06,0.0,0.0,3.6651914198729334,0.03552684018806471,-0.021671494334481605,0.06999993480528692,9.079845262294791e-07,0.0,0.0,3.6651914198729334,0.037295754705565495
7,solved,0,lti,1,24,24,24,35,0.02862058324966902,0.08000044859580159,1.4260439121563375e-05,0.0,0.0,4.188790262582733,-0.0017755758105618485,0.6641703233267771,-0.7027272474833408,-0.1,0.0004645818331130948,0.9823466561239341,-0.18706859989468255,0.0004126733439846712,0.022661715122828472,0.7754979270996742,-0.7109183420672961,-0.10000071904895592,-0.9978295226132761,-0.06584958032108124,0.00027671808618666513,0.00010714776414350994,0.10714776414350993,0.00010714777030886721,0.10714777030886721,1,1.8144051887025798,0.14287256468047219,,21,0.9349382521803234,0.0019310180659569444,1.9310180659569445,0.0020689819340430557,2.0689819340430557,44.43115561198607,0.01,0.01,0.0001,0.17453292519943295,0.17453292519943295,0.5235987755982988,0.02,solved,1.8144051887025798,0.14287256468047219,0.02862058324966902,0.08000044859580159,1.4260439121563375e-05,0.0,0.0,4.188790262582733,-0.0017755758105618485,0.7754979270996742,-0.7109183420672961,-0.10000071904895592,-0.9978295226132761,-0.06584958032108124,0.00027671808618666513,0.7754931961187067,-0.710811298799502,-0.10000075539738827,-0.9979336314999376,-0.06425252631823868,0.00028281278365721314,0.00010714776414350994,0.10714776414350993,0.00010714777030886721,0.10714777030886721,0.02862058324966902,0.08000044859580159,1.4260439121563375e-05,0.0,0.0,4.188790262582733,-0.0017755758105618485,0.005707649241497246,0.08000036968715848,1.4260439121563375e-05,0.0,0.0,4.188790244677509,0.017718377256412336,1.3552268162027314e-06,0.08000047750346435,1.4260439121563375e-05,0.0,0.0,4.188790224364997,0.0228530244108287,-6.097262449138857e-06,0.08000044397196784,1.4260439121563375e-05,0.0,0.0,4.188790207448372,0.023423988925235284,-5.308566088418204e-06,0.0800001618119658,1.4260439121560913e-05,0.0,0.0,4.188790191523208,0.02479321685192929,-0.013743021607608026,0.08000008858261727,1.4260436661350867e-05,0.0,0.0,4.188790179131113,0.026118162850750054,-0.021267398356995374,0.08000027076118106,1.1800221571316982e-05,0.0,0.0,4.188790177696773,0.028487769147717598,-0.021277371656269417,0.08000000418345085,9.343126954855666e-06,0.0,0.0,4.188790188473206,0.03034075863964488,-0.02128248835087064,0.07999993480528692,7.018630460479705e-06,0.0,0.0,4.188790195471232,0.0322907783180414,-0.020812777561562412,0.07999993480528692,4.8925347073192535e-06,0.0,0.0,4.188790195471232,0.03473861431304524,-0.020539446142191272,0.07999993480528692,2.971295225195277e-06,0.0,0.0,4.188790195471232,0.03700589603189592,-0.019655882211975454,0.07999993480528692,1.340357590578024e-06,0.0,0.0,4.188790195471232,0.03872010272394225
8,solved,0,lti,1,24,24,24,35,0.015707649241497246,0.09000036968715848,2.345449063187568e-05,0.0,0.0,4.7123890202758085,-0.002281622743587665,0.664484476311607,-0.7009272400895976,-0.1,0.0004446265124771774,0.9724439906316847,-0.23313579508251345,0.0004341000263724902,0.02261608266795672,0.775559762987332,-0.7111798591539936,-0.10000034235408756,-0.9965019658289814,-0.08356877594601618,0.0003029618129251698,0.00010846102114758517,0.10846102114758517,0.00010846102609202271,0.10846102609202271,1,1.8143780577794115,0.12501285775303064,,21,0.7508345570260058,0.002068798213254284,2.068798213254284,0.001931201786745716,1.9312017867457159,45.29920332867501,0.01,0.01,0.0001,0.17453292519943295,0.17453292519943295,0.5235987755982988,0.02,solved,1.8143780577794115,0.12501285775303064,0.015707649241497246,0.09000036968715848,2.345449063187568e-05,0.0,0.0,4.7123890202758085,-0.002281622743587665,0.775559762987332,-0.7111798591539936,-0.10000034235408756,-0.9965019658289814,-0.08356877594601618,0.0003029618129251698,0.7755535971900637,-0.7110715735314372,-0.10000037510401145,-0.9966326620438305,-0.08199537206279373,0.00030968970301192757,0.00010846102114758517,0.10846102114758517,0.00010846102609202271,0.10846102609202271,0.015707649241497246,0.09000036968715848,2.345449063187568e-05,0.0,0.0,4.7123890202758085,-0.002281622743587665,0.010001355226816203,0.09000047750346435,2.345449063187568e-05,0.0,0.0,4.712388999963296,0.017077691875972082,0.009993902737550861,0.09000044397196784,2.345449063187568e-05,0.0,0.0,4.712388983046671,0.022242774472507866,0.009994691433911582,0.0900001618119658,2.345449063187236e-05,0.0,0.0,4.712388967121507,0.023098601332534646,-0.01140245688840112,0.09000008858261727,2.3454487311245724e-05,0.0,0.0,4.712388954729412,0.023907254900530032,-0.018782101876101555,0.09000027076118106,2.013385387083665e-05,0.0,0.0,4.712388953295072,0.02635678117939604,-0.019234984492661193,0.09000000418345085,1.6542126988643598e-05,0.0,0.0,4.712388964071505,0.028525674140719586,-0.01920098851703462,0.08999993480528691,1.3009913786119311e-05,0.0,0.0,4.712388971069531,0.03054910817884371,-0.019132419247347533,0.08999993480528691,9.704921198523208e-06,0.0,0.0,4.712388971069531,0.03260174414198287,-0.018576901379482817,0.08999993480528691,6.718933891593328e-06,0.0,0.0,4.712388971069531,0.03531909690985148,-0.018077938831382638,0.08999993480528691,4.061890270508854e-06,0.0,0.0,4.712388971069531,0.037690450090105236,-0.016848922579701317,0.08999993480528691,1.8241237054789194e-06,0.0,0.0,4.712388971069531,0.03946096195401713
9,solved,0,lti,1,24,24,24,35,0.020001355226816203,0.10000047750346434,3.06720654837e-05,0.0,0.0,5.235987775561595,-0.0029223081240279183,0.6648845034161434,-0.6989272305395283,-0.1,0.00042129812721991073,0.9589099051137515,-0.28371007690804273,0.0004567750611572506,0.022557636505476163,0.7756418353633864,-0.7114824636334894,-0.09999996928703142,-0.9945503528852342,-0.10425683170673578,0.00032957294995711995,0.00011028357386498055,0.11028357386498054,0.00011028357764493063,0.11028357764493063,1,1.8143991399545407,0.11112460581839166,,21,0.5309708573608882,0.0022235975066119433,2.2235975066119433,0.0017764024933880568,1.776402493388057,46.31729833273425,0.01,0.01,0.0001,0.17453292519943295,0.17453292519943295,0.5235987755982988,0.02,solved,1.8143991399545407,0.11112460581839166,0.020001355226816203,0.10000047750346434,3.06720654837e-05,0.0,0.0,5.235987775561595,-0.0029223081240279183,0.7756418353633864,-0.7114824636334894,-0.09999996928703142,-0.9945503528852342,-0.10425683170673578,0.00032957294995711995,0.7756339338288454,-0.7113724634861426,-0.09999999816146342,-0.9947119180355556,-0.10270387770767868,0.0003370783773044965,0.00011028357386498055,0.11028357386498054,0.00011028357764493063,0.11028357764493063,0.020001355226816203,0.10000047750346434,3.06720654837e-05,0.0,0.0,5.235987775561595,-0.0029223081240279183,0.01999390273755086,0.10000044397196783,3.06720654837e-05,0.0,0.0,5.235987758644971,0.016043547618648693,0.019994691433911582,0.10000016181196579,3.06720654837e-05,0.0,0.0,5.235987742719806,0.02180179345472977,-0.0014024568884011199,0.10000008858261726,3.0672065483695506e-05,0.0,0.0,5.235987730327711,0.022663983153796242,-0.01243868188246757,0.10000027076118105,3.067206099196375e-05,0.0,0.0,5.235987728893371,0.023406660943038757,-0.015743264083007552,0.10000000418345084,2.6180320027309794e-05,0.0,0.0,5.235987739669804,0.026014223858062957,-0.016444296733753663,0.0999999348052869,2.140875973914401e-05,0.0,0.0,5.23598774666783,0.028379618242926657,-0.01637940182744374,0.0999999348052869,1.6761155558270828e-05,0.0,0.0,5.23598774666783,0.030552723735011923,-0.016299296469823546,0.0999999348052869,1.2441227986012886e-05,0.0,0.0,5.23598774666783,0.03275477464599944,-0.015569772371077156,0.0999999348052869,8.570274010434635e-06,0.0,0.0,5.23598774666783,0.035511191435913414,-0.014842256567365285,0.0999999348052869,5.166635046766338e-06,0.0,0.0,5.23598774666783,0.03793277746197319,-0.013153656219307964,0.0999999348052869,2.3142529294970405e-06,0.0,0.0,5.23598774666783,0.039779190079322665
10,solved,0,lti,1,24,24,24,35,0.029993902737550864,0.11000044397196783,3.210976154325386e-05,0.0,0.0,5.75958653424327,-0.003956452381351307,0.6654843814708944,-0.6967272216600889,-0.1,0.00039430572571711505,0.9409883621156037,-0.3384383492268941,0.000480269261103512,0.02247850745784914,0.7757549760121494,-0.7118326322828062,-0.09999960941994518,-0.9917112922920951,-0.12848574249564101,0.0003559714683961023,0.00011295476221323028,0.11295476221323028,0.00011295476643613173,0.11295476643613173,1,1.8144319987308077,0.10001451811583009,,21,0.2686796718523804,0.002395742682920924,2.395742682920924,0.001604257317079076,1.6042573170790762,47.50792156846938,0.01,0.01,0.0001,0.17453292519943295,0.17453292519943295,0.5235987755982988,0.02,solved,1.8144319987308077,0.10001451811583009,0.029993902737550864,0.11000044397196783,3.210976154325386e-05,0.0,0.0,5.75958653424327,-0.003956452381351307,0.7757549760121494,-0.7118326322828062,-0.09999960941994518,-0.9917112922920951,-0.12848574249564101,0.0003559714683961023,0.775744938910995,-0.7117201243501656,-0.09999964030673321,-0.9919090382318976,-0.1269500968039381,0.00036441095298257324,0.00011295476221323028,0.11295476221323028,0.00011295476643613173,0.11295476643613173,0.029993902737550864,0.11000044397196783,3.210976154325386e-05,0.0,0.0,5.75958653424327,-0.003956452381351307,0.029994691433911584,0.11000016181196579,3.210976154325386e-05,0.0,0.0,5.759586518318105,0.015108607538348147,0.00859754311159888,0.11000008858261726,3.210976154325386e-05,0.0,0.0,5.75958650592601,0.021238858765506463,-0.0024386818824675693,0.11000027076118105,3.210976154325386e-05,0.0,0.0,5.75958650449167,0.022153269554871447,-0.005743264083007552,0.11000000418345084,3.210976154324793e-05,0.0,0.0,5.759586515268103,0.023523650030123366,-0.010959558681353931,0.1099999348052869,3.210975561652205e-05,0.0,0.0,5.7595865222661295,0.0247561022693797,-0.012908694124159717,0.1099999348052869,2.618301758326392e-05,0.0,0.0,5.7595865222661295,0.02812157892775729,-0.012857033289128784,0.1099999348052869,2.0444712623098978e-05,0.0,0.0,5.7595865222661295,0.030481353780071142,-0.012624283213604674,0.1099999348052869,1.513341027378828e-05,0.0,0.0,5.7595865222661295,0.03279734844077633,-0.011779737392218347,0.1099999348052869,1.0387963551765713e-05,0.0,0.0,5.7595865222661295,0.03545407909282519,-0.01077071129390214,0.1099999348052869,6.254702776281599e-06,0.0,0.0,5.7595865222661295,0.03790230482471545,-0.008486037705330764,0.1099999348052869,2.799073573514358e-06,0.0,0.0,5.7595865222661295,0.03982956981408482
11,solved,0,lti,1,24,24,24,35,0.040008730464850525,0.11998174154319602,2.9697334600386485e-05,0.0,0.0,6.283184979970585,-0.004891384162608697,0.6662845560801914,-0.694327586829225,-0.1,0.0003633712986687346,0.9178808180532613,-0.39685566357846974,0.0005040802196059784,0.022380679774596964,0.7759016883708875,-0.7122408774835252,-0.09999928585005606,-0.9875808885440325,-0.15711092769890303,0.0003807626154141592,0.00023548734731306087,0.23548734731306087,0.0002354886683693598,0.2354886683693598,1,1.8144695983622807,0.09092461584478054,,20,1.0,0.002560629476489207,2.5606294764892072,0.001439370523510793,1.439370523510793,40.22631675398939,0.01,0.01,0.0001,0.17453292519943295,0.17453292519943295,0.5235987755982988,0.02,solved,1.8144695983622807,0.09092461584478054,0.040008730464850525,0.11998174154319602,2.9697334600386485e-05,0.0,0.0,6.283184979970585,-0.004891384162608697,0.7759016883708875,-0.7122408774835252,-0.09999928585005606,-0.9875808885440325,-0.15711092769890303,0.0003807626154141592,0.7758743148109174,-0.7120069865282509,-0.10000007463762706,-0.9889504866909637,-0.1482458033642331,0.00034155321593124725,0.00023548734731306087,0.23548734731306087,0.0002354886683693598,0.2354886683693598,0.040008730464850525,0.11998174154319602,2.9697334600386485e-05,0.0,0.0,6.283184979970585,-0.004891384162608697,0.018611101797431147,0.11998226320492487,2.96973342108623e-05,0.0,0.0,6.283184984682656,0.013909105945465105,0.007573932537072571,0.11998355489426898,2.96973266848621e-05,0.0,0.0,6.283185003796285,0.020517109296068793,0.004267975619256806,0.11998482384987434,2.9697308146978122e-05,0.0,0.0,6.283185035872031,0.021559545349852917,-0.000950075162292592,0.1199866191418404,2.9697275851621964e-05,0.0,0.0,6.283185070819489,0.02266512763827359,-0.002901286749250797,0.11998869326686346,2.9697228005558736e-05,0.0,0.0,6.283185104586201,0.024990567778783102,-0.006653426806051772,0.11999080120092122,2.9697158996681307e-05,0.0,0.0,6.283185137307113,0.02687733864509413,-0.008472049250687915,0.11999325272378605,2.3193624317497845e-05,0.0,0.0,6.2831851609558536,0.03028856750150841,-0.00806749886431417,0.11999483673533866,1.7159880333875482e-05,0.0,0.0,6.283185194749284,0.03273762690513385,-0.007136278884464053,0.1199962316082637,1.1765773559663951e-05,0.0,0.0,6.283185225362886,0.03526170563220485,-0.005766250819756054,0.11999766040630919,7.088757849271456e-06,0.0,0.0,6.283185255801711,0.03770475969519548,-0.002802174158382061,0.11999898175964252,3.173663189571438e-06,0.0,0.0,6.283185281403243,0.0396882401666834
12,solved,0,lti,1,24,24,24,35,0.02861110179743115,0.12998226320492487,7.167986108138755e-06,0.0,0.0,6.283185307179586,-0.004999999999999999,0.6668567781161401,-0.6917279415651265,-0.1,0.00033100280954157977,0.8911508166345193,-0.4537067730110063,0.0005259018050642105,0.022280679774596964,0.7760440536195832,-0.712537064616279,-0.09999980540459712,-0.9838349748336742,-0.1790771303768498,0.0003516674797037905,0.0003610764166825902,0.36107641668259016,0.0003610819413705244,0.3610819413705244,1,0.05386613362869201,0.002474348652213978,,20,0.9972336634300216,0.002824042730047852,2.8240427300478523,0.001175957269952148,1.1759572699521479,41.88346299312272,0.01,0.01,0.0001,0.17453292519943295,0.17453292519943295,0.5235987755982988,0.02,solved,0.05386613362869201,0.002474348652213978,0.02861110179743115,0.12998226320492487,7.167986108138755e-06,0.0,0.0,6.283185307179586,-0.004999999999999999,0.7760440536195832,-0.712537064616279,-0.09999980540459712,-0.9838349748336742,-0.1790771303768498,0.0003516674797037905,0.7759952229353986,-0.7121793052796204,-0.10000180282782901,-0.9872544297218617,-0.1591497248192046,0.00023682173310663325,0.0003610764166825902,0.36107641668259016,0.0003610819413705244,0.3610819413705244,0.02861110179743115,0.12998226320492487,7.167986108138755e-06,0.0,0.0,6.283185307179586,-0.004999999999999999,0.01757393253707257,0.129983554894269,7.167986108138755e-06,0.0,0.0,6.283185307179586,0.010971420868488665,0.014267975619256806,0.12998482384987434,7.167986108138755e-06,0.0,0.0,6.283185307179586,0.01955906978962154,0.009049924837707408,0.1299866191418404,7.167986108138755e-06,0.0,0.0,6.283185307179586,0.020521272878609716,0.007098713250749203,0.12998869326686346,7.167986108138755e-06,0.0,0.0,6.283185307179586,0.021828079140889245,0.0033465731939482284,0.1299908012009212,7.167986108138755e-06,0.0,0.0,6.283185307179586,0.023985248686025373,0.0015279507493120847,0.12999325272378606,7.167986108138755e-06,0.0,0.0,6.283185307179586,0.026847235807821803,0.0019325011356858303,0.12999483673533865,7.167986108138755e-06,0.0,0.0,6.283185307179586,0.029863749241207903,0.0028637211155359476,0.1299962316082637,7.167986108138755e-06,0.0,0.0,6.283185307179586,0.032488259129467185,0.004233749180243946,0.1299976604063092,7.167986108135383e-06,0.0,0.0,6.283185307179586,0.03491064747273253,0.007197825841617939,0.12999898175964253,7.167982734950851e-06,0.0,0.0,6.283185307179586,0.036918937505679116,0.006258003353542577,0.12999898175964253,3.7947912883000324e-06,0.0,0.0,6.283185307179586,0.03893853126650269
13,solved,0,lti,1,24,24,24,35,0.02757393253707257,0.139983554894269,6.6273090361572485e-06,0.0,0.0,6.283185307179586,-0.005000000000000001,0.6674082567668815,-0.6889282704672411,-0.1,0.0002973280035459636,0.8609038500706025,-0.5087673090893764,0.0005456478963595348,0.022180679774596965,0.7761581268742306,-0.7126185073757407,-0.10000149326339833,-0.9822541308002493,-0.18755469125948657,0.0002455858413809115,0.0003167676822338069,0.3167676822338069,0.0003167706744733382,0.3167706744733382,1,0.05339434976381009,0.0024526004818252916,,20,0.7166571589968997,0.002995666061895316,2.995666061895316,0.0010043339381046843,1.0043339381046843,43.16022566931059,0.01,0.01,0.0001,0.17453292519943295,0.17453292519943295,0.5235987755982988,0.02,solved,0.05339434976381009,0.0024526004818252916,0.02757393253707257,0.139983554894269,6.6273090361572485e-06,0.0,0.0,6.283185307179586,-0.005000000000000001,0.7761581268742306,-0.7126185073757407,-0.10000149326339833,-0.9822541308002493,-0.18755469125948657,0.0002455858413809115,0.7761123036214597,-0.7123050715864421,-0.10000287010707701,-0.9853280670425839,-0.17067094429084767,0.00017050805084593094,0.0003167676822338069,0.3167676822338069,0.0003167706744733382,0.3167706744733382,0.02757393253707257,0.139983554894269,6.6273090361572485e-06,0.0,0.0,6.283185307179586,-0.005000000000000001,0.024267975619256806,0.13998482384987435,6.627309036157248e-06,0.0,0.0,6.283185307179586,0.006901238959107999,0.019049924837707406,0.1399866191418404,6.627309036157248e-06,0.0,0.0,6.283185307179586,0.01850699871167277,0.017098713250749204,0.13998869326686347,6.627309036157248e-06,0.0,0.0,6.283185307179586,0.019198489769360973,0.01334657319394823,0.13999080120092122,6.627309036157248e-06,0.0,0.0,6.283185307179586,0.020833125358235186,0.011527950749312085,0.13999325272378607,6.627309036157248e-06,0.0,0.0,6.283185307179586,0.022751082532742606,0.01193250113568583,0.13999483673533866,6.627309036157248e-06,0.0,0.0,6.283185307179586,0.025730887922854655,0.012863721115535947,0.13999623160826372,6.627309036157248e-06,0.0,0.0,6.283185307179586,0.029290019378040967,0.014233749180243945,0.1399976604063092,6.627309036157248e-06,0.0,0.0,6.283185307179586,0.03212734319913876,0.01719782584161794,0.13999898175964254,6.627309036153636e-06,0.0,0.0,6.283185307179586,0.034399228199604844,0.014879673016105113,0.13999898175964254,6.627305425110591e-06,0.0,0.0,6.283185307179586,0.03612622799740905,0.01484306772371977,0.13999898175964254,3.0162549772208997e-06,0.0,0.0,6.283185307179586,0.03815581170779798
14,solved,0,lti,1,24,24,24,35,0.034267975619256805,0.14998482384987435,0.0,0.0,0.0,6.283185307179586,-0.004999999999999999,0.6680936162792667,-0.6859285739902437,-0.1,0.0002624797797565955,0.827259289320014,-0.5618199730324448,0.0005632405646907397,0.022080679774596965,0.7762723547066206,-0.7126966780229342,-0.10000299792882172,-0.9806037297903792,-0.1960007727349076,0.00014902521897248633,0.0002538257431993997,0.2538257431993997,0.00025382735860719383,0.25382735860719385,1,0.05424166730507211,0.002491431523926398,,20,0.5764839256412324,0.0030022142878608524,3.0022142878608524,0.0009977857121391477,0.9977857121391477,43.65432055830681,0.01,0.01,0.0001,0.17453292519943295,0.17453292519943295,0.5235987755982988,0.02,solved,0.05424166730507211,0.002491431523926398,0.034267975619256805,0.14998482384987435,0.0,0.0,0.0,6.283185307179586,-0.004999999999999999,0.7762723547066206,-0.7126966780229342,-0.10000299792882172,-0.9806037297903792,-0.1960007727349076,0.00014902521897248633,0.7762328178543164,-0.7124459503913884,-0.10000390350420642,-0.9830837293978977,-0.18315668395583928,0.00010057545352384183,0.0002538257431993997,0.2538257431993997,0.00025382735860719383,0.25382735860719385,0.034267975619256805,0.14998482384987435,0.0,0.0,0.0,6.283185307179586,-0.004999999999999999,0.029049924837707408,0.14998661914184042,0.0,0.0,0.0,6.283185307179586,0.0013354220482957833,0.027098713250749203,0.14998869326686348,0.0,0.0,0.0,6.283185307179586,0.017212701410663,0.023346573193948228,0.14999080120092123,0.0,0.0,0.0,6.283185307179586,0.01788029366794822,0.021527950749312085,0.14999325272378608,0.0,0.0,0.0,6.283185307179586,0.01924107747741333,0.02193250113568583,0.14999483673533867,0.0,0.0,0.0,6.283185307179586,0.021119737398205093,0.022863721115535945,0.14999623160826372,0.0,0.0,0.0,6.283185307179586,0.024480667303129134,0.024233749180243944,0.1499976604063092,0.0,0.0,0.0,6.283185307179586,0.028054147066224257,0.027197825841617937,0.14999898175964255,0.0,0.0,0.0,6.283185307179586,0.031427685276634754,0.024879673016105115,0.14999898175964255,0.0,0.0,0.0,6.283185307179586,0.03378028527664151,0.024843067723719768,0.14999898175964255,0.0,0.0,0.0,6.283185307179586,0.03605778572959985,0.024843067723719768,0.14999898175964255,0.0,0.0,0.0,6.283185307179586,0.03717905994958218
15,solved,0,lti,1,24,24,24,35,0.03904992483770741,0.15998661914184042,0.0,0.0,0.0,6.283185307179586,-0.005,0.6688746147760208,-0.6827288416074069,-0.1,0.00022659566819213287,0.7903499140932986,-0.6126553902130848,0.0005786103798332476,0.021980679774596966,0.7763872129788342,-0.712774650821363,-0.10000436844877394,-0.9788397873509145,-0.20462811935145472,5.890249025243667e-05,0.00015467988067835635,0.15467988067835634,0.00015468060887104395,0.15468060887104396,1,0.054828622592404105,0.0025182892672817687,,20,0.4379572938978034,0.0030059313222757364,3.0059313222757362,0.0009940686777242637,0.9940686777242638,44.147392639515814,0.01,0.01,0.0001,0.17453292519943295,0.17453292519943295,0.5235987755982988,0.02,solved,0.054828622592404105,0.0025182892672817687,0.03904992483770741,0.15998661914184042,0.0,0.0,0.0,6.283185307179586,-0.005,0.7763872129788342,-0.712774650821363,-0.10000436844877394,-0.9788397873509145,-0.20462811935145472,5.890249025243667e-05,0.7763607047422091,-0.7126222592898473,-0.10000484307920525,-0.980262997988244,-0.19769788462521484,3.449369351463197e-05,0.00015467988067835635,0.15467988067835634,0.00015468060887104395,0.15468060887104396,0.03904992483770741,0.15998661914184042,0.0,0.0,0.0,6.283185307179586,-0.005,0.037098713250749205,0.1599886932668635,0.0,0.0,0.0,6.283185307179586,-0.002787298589337,0.03334657319394823,0.15999080120092124,0.0,0.0,0.0,6.283185307179586,0.012336671161058936,0.031527950749312084,0.1599932527237861,0.0,0.0,0.0,6.283185307179586,0.016404418095483465,0.03193250113568583,0.15999483673533868,0.0,0.0,0.0,6.283185307179586,0.017159283159833793,0.03286372111553595,0.15999623160826373,0.0,0.0,0.0,6.283185307179586,0.019543900779618525,0.034233749180243946,0.15999766040630922,0.0,0.0,0.0,6.283185307179586,0.02202026704119691,0.03719782584161794,0.15999898175964256,0.0,0.0,0.0,6.283185307179586,0.026120868627559773,0.03487967301610512,0.15999898175964256,0.0,0.0,0.0,6.283185307179586,0.030391404580771355,0.03484306772371977,0.15999898175964256,0.0,0.0,0.0,6.283185307179586,0.03347372500845792,0.03484306772371977,0.15999898175964256,0.0,0.0,0.0,6.283185307179586,0.03527291771500731,0.03484306772371977,0.15999898175964256,0.0,0.0,0.0,6.283185307179586,0.036262674158967965
16,solved,0,lti,1,24,24,24,35,0.027098713250749203,0.1699886932668635,0.0,0.0,0.0,6.283185307179586,-0.005,0.6694165890410358,-0.6793290677420696,-0.1,0.00018981728704702957,0.7503213888321865,-0.6610729364641775,0.0005916966841484916,0.021880679774596967,0.7765028193161649,-0.7128528278701405,-0.10000566460079592,-0.9769433000271556,-0.21349891734233659,-2.8735014792286714e-05,7.53692108344422e-05,0.0753692108344422,7.53695288231699e-05,0.0753695288231699,1,0.05545629463621029,0.002547002303511329,,20,0.2990077206468066,0.0030091414482070343,3.009141448207034,0.0009908585517929658,0.9908585517929658,44.65192552169799,0.01,0.01,0.0001,0.17453292519943295,0.17453292519943295,0.5235987755982988,0.02,solved,0.05545629463621029,0.002547002303511329,0.027098713250749203,0.1699886932668635,0.0,0.0,0.0,6.283185307179586,-0.005,0.7765028193161649,-0.7128528278701405,-0.10000566460079592,-0.9769433000271556,-0.21349891734233659,-2.8735014792286714e-05,0.7764879796178953,-0.7127789340185893,-0.10000588353736216,-0.977465742667669,-0.21109410357204542,-3.671861857845884e-05,7.53692108344422e-05,0.0753692108344422,7.53695288231699e-05,0.0753695288231699,0.027098713250749203,0.1699886932668635,0.0,0.0,0.0,6.283185307179586,-0.005,0.023346573193948228,0.16999080120092125,0.0,0.0,0.0,6.283185307179586,-0.005,0.02152795074931208,0.1699932527237861,0.0,0.0,0.0,6.283185307179586,0.0029478420064538336,0.02193250113568583,0.1699948367353387,0.0,0.0,0.0,6.283185307179586,0.014082863137228736,0.022863721115535945,0.16999623160826374,0.0,0.0,0.0,6.283185307179586,0.015435195366869832,0.024233749180243944,0.16999766040630923,0.0,0.0,0.0,6.283185307179586,0.01648346012369205,0.027197825841617937,0.16999898175964256,0.0,0.0,0.0,6.283185307179586,0.019760197923426513,0.024879673016105115,0.16999898175964256,0.0,0.0,0.0,6.283185307179586,0.023340316226822207,0.024843067723719768,0.16999898175964256,0.0,0.0,0.0,6.283185307179586,0.028125121827211302,0.024843067723719768,0.16999898175964256,0.0,0.0,0.0,6.283185307179586,0.03229098660886287,0.024843067723719768,0.16999898175964256,0.0,0.0,0.0,6.283185307179586,0.03443594512996061,0.024843067723719768,0.16999898175964256,0.0,0.0,0.0,6.283185307179586,0.03534043652492598
17,solved,0,lti,1,24,24,24,35,0.013346573193948228,0.17999080120092126,0.0,0.0,0.0,6.283185307179586,-0.005000000000000001,0.6696835205049149,-0.6757292517180512,-0.1,0.0001522897837892212,0.7073316878385896,-0.7068815298505428,0.0006024478319719032,0.021780679774596967,0.7766191883384099,-0.7129312584436314,-0.10000689247074038,-0.9749167914168012,-0.22256962220585527,-0.00011438842741831391,3.0078079028990487e-05,0.030078079028990488,3.007813522048408e-05,0.03007813522048408,1,0.056790637799798524,0.0026081996653826113,,20,0.1593179672615857,0.0030121183489319405,3.0121183489319403,0.0009878816510680596,0.9878816510680596,45.17166727170865,0.01,0.01,0.0001,0.17453292519943295,0.17453292519943295,0.5235987755982988,0.02,solved,0.056790637799798524,0.0026081996653826113,0.013346573193948228,0.17999080120092126,0.0,0.0,0.0,6.283185307179586,-0.005000000000000001,0.7766191883384099,-0.7129312584436314,-0.10000689247074038,-0.9749167914168012,-0.22256962220585527,-0.00011438842741831391,0.7766113565290934,-0.7129022178926568,-0.10000695061080855,-0.9748843702646934,-0.22271158720747994,-0.00011634920240301177,3.0078079028990487e-05,0.030078079028990488,3.007813522048408e-05,0.03007813522048408,0.013346573193948228,0.17999080120092126,0.0,0.0,0.0,6.283185307179586,-0.005000000000000001,0.011527950749312081,0.1799932527237861,0.0,0.0,0.0,6.283185307179586,-0.005000000000000001,0.01193250113568583,0.1799948367353387,0.0,0.0,0.0,6.283185307179586,-0.005,0.012863721115535945,0.17999623160826375,0.0,0.0,0.0,6.283185307179586,0.004128869682125838,0.014233749180243943,0.17999766040630924,0.0,0.0,0.0,6.283185307179586,0.012186602121086782,0.017197825841617935,0.17999898175964257,0.0,0.0,0.0,6.283185307179586,0.014159051829596293,0.014879673016105115,0.17999898175964257,0.0,0.0,0.0,6.283185307179586,0.0157227683078014,0.014843067723719768,0.17999898175964257,0.0,0.0,0.0,6.283185307179586,0.01990029699965968,0.014843067723719768,0.17999898175964257,0.0,0.0,0.0,6.283185307179586,0.024324125970241393,0.014843067723719768,0.17999898175964257,0.0,0.0,0.0,6.283185307179586,0.029404857038999848,0.014843067723719768,0.17999898175964257,0.0,0.0,0.0,6.283185307179586,0.03314565886313614,0.014843067723719768,0.17999898175964257,0.0,0.0,0.0,6.283185307179586,0.03438685782116797
18,solved,0,lti,1,24,24,24,35,0.0015279507493120813,0.18999325272378612,0.0,0.0,0.0,6.283185307179586,-0.004999999999999999,0.6697140795199011,-0.6719293866635755,-0.1,0.00011416126232938096,0.6615504718222036,-0.7499003847820399,0.0006108213934347557,0.021680679774596968,0.7767353839169331,-0.7130057881210103,-0.1000079646377164,-0.9728900248605737,-0.2312681615739586,-0.0001922732261629248,3.100656481355629e-05,0.031006564813556292,3.100657215737567e-05,0.03100657215737567,1,0.05978395404593056,0.0027455675489074303,,20,0.018848984642332804,0.0030148953758380144,3.0148953758380146,0.0009851046241619857,0.9851046241619856,45.704190394284915,0.01,0.01,0.0001,0.17453292519943295,0.17453292519943295,0.5235987755982988,0.02,solved,0.05978395404593056,0.0027455675489074303,0.0015279507493120813,0.18999325272378612,0.0,0.0,0.0,6.283185307179586,-0.004999999999999999,0.7767353839169331,-0.7130057881210103,-0.1000079646377164,-0.9728900248605737,-0.2312681615739586,-0.0001922732261629248,0.7767263420226774,-0.7129761292065021,-0.10000798597813057,-0.97285520631394,-0.2314145847603847,-0.00019366992609111871,3.100656481355629e-05,0.031006564813556292,3.100657215737567e-05,0.03100657215737567,0.0015279507493120813,0.18999325272378612,0.0,0.0,0.0,6.283185307179586,-0.004999999999999999,0.0019325011356858303,0.1899948367353387,0.0,0.0,0.0,6.283185307179586,-0.004999999999999998,0.002863721115535945,0.18999623160826376,0.0,0.0,0.0,6.283185307179586,-0.005,0.004233749180243943,0.18999766040630925,0.0,0.0,0.0,6.283185307179586,-0.005000000000000001,0.007197825841617935,0.18999898175964258,0.0,0.0,0.0,6.283185307179586,-0.005000000000000001,0.004879673016105115,0.18999898175964258,0.0,0.0,0.0,6.283185307179586,0.009602068013936519,0.004843067723719768,0.18999898175964258,0.0,0.0,0.0,6.283185307179586,0.011879965855202622,0.004843067723719768,0.18999898175964258,0.0,0.0,0.0,6.283185307179586,0.014803095913276738,0.004843067723719768,0.18999898175964258,0.0,0.0,0.0,6.283185307179586,0.018703421434636717,0.004843067723719768,0.18999898175964258,0.0,0.0,0.0,6.283185307179586,0.023654131239481603,0.004843067723719768,0.18999898175964258,0.0,0.0,0.0,6.283185307179586,0.029032125015209444,0.004843067723719768,0.18999898175964258,0.0,0.0,0.0,6.283185307179586,0.032769867076862316
19,solved,0,lti,1,24,24,24,35,-0.00806749886431417,0.19999483673533872,0.0,0.0,0.0,6.283185307179586,-0.005,0.6695527295426149,-0.6679294899288687,-0.1,7.558219852244632e-05,0.613158418327197,-0.7899597254916998,0.0006167843219154714,0.02158067977459697,0.7768505761637884,-0.7130722594300218,-0.10000897887584781,-0.9709396681457988,-0.23932423342957723,-0.0002685410053443446,3.194812284122064e-05,0.031948122841220644,3.1948322145608407e-05,0.03194832214560841,1,0.06534512351204531,0.0030008346028799846,,19,1.0,0.0029966196284685405,2.9966196284685407,0.0010033803715314596,1.0033803715314595,37.31273413443138,0.01,0.01,0.0001,0.17453292519943295,0.17453292519943295,0.5235987755982988,0.02,solved,0.06534512351204531,0.0030008346028799846,-0.00806749886431417,0.19999483673533872,0.0,0.0,0.0,6.283185307179586,-0.005,0.7768505761637884,-0.7130722594300218,-0.10000897887584781,-0.9709396681457988,-0.23932423342957723,-0.0002685410053443446,0.7768402170498181,-0.7130420373964895,-0.10000909172460433,-0.9709026099779307,-0.23947452743837236,-0.00026952960987085,3.194812284122064e-05,0.031948122841220644,3.1948322145608407e-05,0.03194832214560841,-0.00806749886431417,0.19999483673533872,0.0,0.0,0.0,6.283185307179586,-0.005,-0.007136278884464055,0.19999623160826377,0.0,0.0,0.0,6.283185307179586,-0.004999999999999999,-0.005766250819756057,0.19999766040630926,0.0,0.0,0.0,6.283185307179586,-0.005000000000000001,-0.0028021741583820654,0.1999989817596426,0.0,0.0,0.0,6.283185307179586,-0.004999999999999999,-0.005120326983894885,0.1999989817596426,0.0,0.0,0.0,6.283185307179586,-0.005,-0.0051569322762802326,0.1999989817596426,0.0,0.0,0.0,6.283185307179586,-0.004999999999999999,-0.0051569322762802326,0.1999989817596426,0.0,0.0,0.0,6.283185307179586,-0.005,-0.0051569322762802326,0.1999989817596426,0.0,0.0,0.0,6.283185307179586,-0.0012965785653632836,-0.0051569322762802326,0.1999989817596426,0.0,0.0,0.0,6.283185307179586,0.009497397314236627,-0.0051569322762802326,0.1999989817596426,0.0,0.0,0.0,6.283185307179586,0.01599121140955028,-0.0051569322762802326,0.1999989817596426,0.0,0.0,0.0,6.283185307179586,0.020822499506002172,-0.0051569322762802326,0.1999989817596426,0.0,0.0,0.0,6.283185307179586,0.024618131892013992
20,solved,0,lti,1,24,24,24,35,-0.017136278884464055,0.20999623160826378,0.0,0.0,0.0,6.283185307179586,-0.005,0.6692100039649256,-0.6637295652967035,-0.1,3.670484630816553e-05,0.5623465086804883,-0.8269014560631134,0.0006203130844595399,0.02148067977459697,0.7769647309670822,-0.713131372162032,-0.10000994011794229,-0.9690868233788197,-0.24671970126277368,-0.0003431652025583765,3.32490621091812e-05,0.0332490621091812,3.3249163224522256e-05,0.03324916322452225,1,0.06499145989443048,0.0029844531548987186,,19,1.0,0.00301062587780236,3.0106258778023602,0.00098937412219764,0.9893741221976399,37.78764528748383,0.01,0.01,0.0001,0.17453292519943295,0.17453292519943295,0.5235987755982988,0.02,solved,0.06499145989443048,0.0029844531548987186,-0.017136278884464055,0.20999623160826378,0.0,0.0,0.0,6.283185307179586,-0.005,0.7769647309670822,-0.713131372162032,-0.10000994011794229,-0.9690868233788197,-0.24671970126277368,-0.0003431652025583765,0.7769528618771513,-0.7131003137519737,-0.10001002211788579,-0.9690478038692477,-0.24687291379229304,-0.00034387772682546025,3.32490621091812e-05,0.0332490621091812,3.3249163224522256e-05,0.03324916322452225,-0.017136278884464055,0.20999623160826378,0.0,0.0,0.0,6.283185307179586,-0.005,-0.015766250819756057,0.20999766040630927,0.0,0.0,0.0,6.283185307179586,-0.004999999999999999,-0.012802174158382066,0.2099989817596426,0.0,0.0,0.0,6.283185307179586,-0.005,-0.015120326983894886,0.2099989817596426,0.0,0.0,0.0,6.283185307179586,-0.005000000000000001,-0.015156932276280233,0.2099989817596426,0.0,0.0,0.0,6.283185307179586,-0.005,-0.015156932276280233,0.2099989817596426,0.0,0.0,0.0,6.283185307179586,-0.005,-0.015156932276280233,0.2099989817596426,0.0,0.0,0.0,6.283185307179586,-0.004999999999999999,-0.015156932276280233,0.2099989817596426,0.0,0.0,0.0,6.283185307179586,-0.005000000000000001,-0.015156932276280233,0.2099989817596426,0.0,0.0,0.0,6.283185307179586,-0.0040087885904497205,-0.015156932276280233,0.2099989817596426,0.0,0.0,0.0,6.283185307179586,0.0008224995060021716,-0.015156932276280233,0.2099989817596426,0.0,0.0,0.0,6.283185307179586,0.0046181318920139915,-0.015156932276280233,0.2099989817596426,0.0,0.0,0.0,6.283185307179586,0.0046181318920139915
21,solved,0,lti,1,24,24,24,35,-0.02576625081975606,0.21999766040630928,0.0,0.0,0.0,6.283185307179586,-0.005000000000000001,0.6686946789485304,-0.6593296120885773,-0.1,2.3173631656443923e-06,-0.5093152742756998,0.8605797843627866,-0.000621393754653338,0.02138067977459697,0.7770779505053482,-0.7131841705458329,-0.1000108484705042,-0.9673288847970336,-0.2535244678761878,-0.0004157227720589025,3.437718896610802e-05,0.03437718896610802,3.4378517197651394e-05,0.03437851719765139,1,0.052080796689685446,0.0023914612083436398,,19,1.0,0.003018328111833942,3.018328111833942,0.000981671888166058,0.981671888166058,38.224468787649045,0.01,0.01,0.0001,0.17453292519943295,0.17453292519943295,0.5235987755982988,0.02,solved,0.052080796689685446,0.0023914612083436398,-0.02576625081975606,0.21999766040630928,0.0,0.0,0.0,6.283185307179586,-0.005000000000000001,0.7770779505053482,-0.7131841705458329,-0.1000108484705042,-0.9673288847970336,-0.2535244678761878,-0.0004157227720589025,0.7770646014605547,-0.7131524909921064,-0.10001054627272507,-0.9672877551439635,-0.2536813463595336,-0.00041624243660125503,3.437718896610802e-05,0.03437718896610802,3.4378517197651394e-05,0.03437851719765139,-0.02576625081975606,0.21999766040630928,0.0,0.0,0.0,6.283185307179586,-0.005000000000000001,-0.022802174158382066,0.2199989817596426,0.0,0.0,0.0,6.283185307179586,-0.005000000000000001,-0.025120326983894888,0.2199989817596426,0.0,0.0,0.0,6.283185307179586,-0.004999999999999999,-0.025156932276280235,0.2199989817596426,0.0,0.0,0.0,6.283185307179586,-0.005000000000000001,-0.025156932276280235,0.2199989817596426,0.0,0.0,0.0,6.283185307179586,-0.005000000000000002,-0.025156932276280235,0.2199989817596426,0.0,0.0,0.0,6.283185307179586,-0.004999999999999999,-0.025156932276280235,0.2199989817596426,0.0,0.0,0.0,6.283185307179586,-0.005000000000000002,-0.025156932276280235,0.2199989817596426,0.0,0.0,0.0,6.283185307179586,-0.004999999999999999,-0.025156932276280235,0.2199989817596426,0.0,0.0,0.0,6.283185307179586,-0.005,-0.025156932276280235,0.2199989817596426,0.0,0.0,0.0,6.283185307179586,-0.005,-0.025156932276280235,0.2199989817596426,0.0,0.0,0.0,6.283185307179586,-0.005,-0.025156932276280235,0.2199989817596426,0.0,0.0,0.0,6.283185307179586,-0.005
22,solved,0,lti,1,24,24,24,35,-0.03280217415838207,0.22999898175964262,0.0,0.0,0.0,6.283185307179586,-0.005,0.6680386354653628,-0.6547296324533844,-0.1,4.133042706574204e-05,-0.45427400516736066,0.8908617974150852,-0.000620022067585322,0.02128067977459697,0.7771912157190556,-0.7132356009656262,-0.10001169153302737,-0.9655650175376616,-0.26016141495934925,-0.00048484414460826276,3.580677138625163e-05,0.03580677138625163,3.581123960824293e-05,0.03581123960824293,1,0.04898979485566359,0.0022493939042598885,,19,0.9632361148833789,0.0030206391855470186,3.0206391855470187,0.0009793608144529815,0.9793608144529815,38.627151853652,0.01,0.01,0.0001,0.17453292519943295,0.17453292519943295,0.5235987755982988,0.02,solved,0.04898979485566359,0.0022493939042598885,-0.03280217415838207,0.22999898175964262,0.0,0.0,0.0,6.283185307179586,-0.005,0.7771912157190556,-0.7132356009656262,-0.10001169153302737,-0.9655650175376616,-0.26016141495934925,-0.00048484414460826276,0.7771761868770063,-0.7132031008304917,-0.10001225722302348,-0.9655214587092901,-0.2603230249666768,-0.00048522580684290335,3.580677138625163e-05,0.03580677138625163,3.581123960824293e-05,0.03581123960824293,-0.03280217415838207,0.22999898175964262,0.0,0.0,0.0,6.283185307179586,-0.005,-0.03512032698389489,0.22999898175964262,0.0,0.0,0.0,6.283185307179586,-0.005000000000000001,-0.03515693227628024,0.22999898175964262,0.0,0.0,0.0,6.283185307179586,-0.004999999999999999,-0.03515693227628024,0.22999898175964262,0.0,0.0,0.0,6.283185307179586,-0.004999999999999999,-0.03515693227628024,0.22999898175964262,0.0,0.0,0.0,6.283185307179586,-0.004999999999999999,-0.03515693227628024,0.22999898175964262,0.0,0.0,0.0,6.283185307179586,-0.005000000000000001,-0.03515693227628024,0.22999898175964262,0.0,0.0,0.0,6.283185307179586,-0.005,-0.03515693227628024,0.22999898175964262,0.0,0.0,0.0,6.283185307179586,-0.004999999999999999,-0.03515693227628024,0.22999898175964262,0.0,0.0,0.0,6.283185307179586,-0.005,-0.03515693227628024,0.22999898175964262,0.0,0.0,0.0,6.283185307179586,-0.005,-0.03515693227628024,0.22999898175964262,0.0,0.0,0.0,6.283185307179586,-0.005,-0.03515693227628024,0.22999898175964262,0.0,0.0,0.0,6.283185307179586,-0.005
23,solved,0,lti,1,24,24,24,35,-0.04512032698389489,0.23999898175964263,0.0,0.0,0.0,6.283185307179586,-0.005,0.6671362289256849,-0.6499296528181916,-0.1,8.018037865228725e-05,-0.3974399240986776,0.9176279859490277,-0.0006162034366776854,0.02118067977459697,0.777304476695835,-0.7132865032116672,-0.10001244118649212,-0.9638514726745794,-0.2664395579780709,-0.0005482403621445731,3.609604066760529e-05,0.03609604066760529,3.610007264364206e-05,0.03610007264364206,1,0.04898979485566359,0.00224924845046694,,19,0.8386949564285994,0.0030216817984022913,3.0216817984022915,0.0009783182015977087,0.9783182015977088,39.020620104820146,0.01,0.01,0.0001,0.17453292519943295,0.17453292519943295,0.5235987755982988,0.02,solved,0.04898979485566359,0.00224924845046694,-0.04512032698389489,0.23999898175964263,0.0,0.0,0.0,6.283185307179586,-0.005,0.777304476695835,-0.7132865032116672,-0.10001244118649212,-0.9638514726745794,-0.2664395579780709,-0.0005482403621445731,0.7772883378742537,-0.7132542160224145,-0.10001298071684235,-0.9638062351048047,-0.2666031512408764,-0.0005485631563154419,3.609604066760529e-05,0.03609604066760529,3.610007264364206e-05,0.03610007264364206,-0.04512032698389489,0.23999898175964263,0.0,0.0,0.0,6.283185307179586,-0.005,-0.04515693227628024,0.23999898175964263,0.0,0.0,0.0,6.283185307179586,-0.004999999999999999,-0.04515693227628024,0.23999898175964263,0.0,0.0,0.0,6.283185307179586,-0.005,-0.04515693227628024,0.23999898175964263,0.0,0.0,0.0,6.283185307179586,-0.004999999999999998,-0.04515693227628024,0.23999898175964263,0.0,0.0,0.0,6.283185307179586,-0.005,-0.04515693227628024,0.23999898175964263,0.0,0.0,0.0,6.283185307179586,-0.004999999999999998,-0.04515693227628024,0.23999898175964263,0.0,0.0,0.0,6.283185307179586,-0.004999999999999999,-0.04515693227628024,0.23999898175964263,0.0,0.0,0.0,6.283185307179586,-0.005000000000000002,-0.04515693227628024,0.23999898175964263,0.0,0.0,0.0,6.283185307179586,-0.005000000000000001,-0.04515693227628024,0.23999898175964263,0.0,0.0,0.0,6.283185307179586,-0.005,-0.04515693227628024,0.23999898175964263,0.0,0.0,0.0,6.283185307179586,-0.005,-0.04515693227628024,0.23999898175964263,0.0,0.0,0.0,6.283185307179586,-0.005
24,solved,0,lti,1,24,24,24,35,-0.05515693227628024,0.24999898175964264,0.0,0.0,0.0,6.283185307179586,-0.005000000000000003,0.6660330902801593,-0.6449296731829988,-0.1,0.00011871389491522249,-0.3390373292226069,0.9407727160467789,-0.0006099529323220537,0.02108067977459697,0.7774176764011531,-0.7133368559641575,-0.10001310213269425,-0.9622051774639984,-0.2723248602021016,-0.0006057865803991235,3.776996511730557e-05,0.03776996511730557,3.777462192966703e-05,0.037774621929667025,1,0.04898979485566359,0.0022490919078019403,,19,0.7143722064051886,0.0030222436825042007,3.0222436825042007,0.0009777563174957994,0.9777563174957994,39.39348820885258,0.01,0.01,0.0001,0.17453292519943295,0.17453292519943295,0.5235987755982988,0.02,solved,0.04898979485566359,0.0022490919078019403,-0.05515693227628024,0.24999898175964264,0.0,0.0,0.0,6.283185307179586,-0.005000000000000003,0.7774176764011531,-0.7133368559641575,-0.10001310213269425,-0.9622051774639984,-0.2723248602021016,-0.0006057865803991235,0.7773999919018578,-0.7133034818911421,-0.10001369525744234,-0.962159101727842,-0.2724876064716311,-0.0006060376501792479,3.776996511730557e-05,0.03776996511730557,3.777462192966703e-05,0.037774621929667025,-0.05515693227628024,0.24999898175964264,0.0,0.0,0.0,6.283185307179586,-0.005000000000000003,-0.05515693227628024,0.24999898175964264,0.0,0.0,0.0,6.283185307179586,-0.005,-0.05515693227628024,0.24999898175964264,0.0,0.0,0.0,6.283185307179586,-0.005000000000000001,-0.05515693227628024,0.24999898175964264,0.0,0.0,0.0,6.283185307179586,-0.005000000000000001,-0.05515693227628024,0.24999898175964264,0.0,0.0,0.0,6.283185307179586,-0.005,-0.05515693227628024,0.24999898175964264,0.0,0.0,0.0,6.283185307179586,-0.005000000000000001,-0.05515693227628024,0.24999898175964264,0.0,0.0,0.0,6.283185307179586,-0.005,-0.05515693227628024,0.24999898175964264,0.0,0.0,0.0,6.283185307179586,-0.004999999999999999,-0.05515693227628024,0.24999898175964264,0.0,0.0,0.0,6.283185307179586,-0.005,-0.05515693227628024,0.24999898175964264,0.0,0.0,0.0,6.283185307179586,-0.005,-0.05515693227628024,0.24999898175964264,0.0,0.0,0.0,6.283185307179586,-0.005,-0.05515693227628024,0.24999898175964264,0.0,0.0,0.0,6.283185307179586,-0.005
25,solved,0,lti,1,24,24,24,35,-0.06515693227628024,0.25999898175964264,0.0,0.0,0.0,6.283185307179586,-0.005,0.6647299516346338,-0.639729693547806,-0.1,0.00015677890167014702,-0.2792967088995167,0.9602046460324645,-0.0006012952224035351,0.020980679774596972,0.777530774290146,-0.713386643000119,-0.10001368249972507,-0.9606380723468427,-0.2778021984413724,-0.000657646472308459,3.7922583969311086e-05,0.037922583969311086,3.7934300963417944e-05,0.03793430096341795,1,0.04898979485566357,0.0022489240295356944,,19,0.5903287206493836,0.003022328420462711,3.0223284204627108,0.000977671579537289,0.9776715795372891,39.743635136963796,0.01,0.01,0.0001,0.17453292519943295,0.17453292519943295,0.5235987755982988,0.02,solved,0.04898979485566357,0.0022489240295356944,-0.06515693227628024,0.25999898175964264,0.0,0.0,0.0,6.283185307179586,-0.005,0.777530774290146,-0.713386643000119,-0.10001368249972507,-0.9606380723468427,-0.2778021984413724,-0.000657646472308459,0.7775123442671696,-0.7133535000275909,-0.1000146252694073,-0.9605920487871983,-0.2779612977039124,-0.0006578644006941866,3.7922583969311086e-05,0.037922583969311086,3.7934300963417944e-05,0.03793430096341795,-0.06515693227628024,0.25999898175964264,0.0,0.0,0.0,6.283185307179586,-0.005,-0.06515693227628024,0.25999898175964264,0.0,0.0,0.0,6.283185307179586,-0.005,-0.06515693227628024,0.25999898175964264,0.0,0.0,0.0,6.283185307179586,-0.005000000000000001,-0.06515693227628024,0.25999898175964264,0.0,0.0,0.0,6.283185307179586,-0.005000000000000001,-0.06515693227628024,0.25999898175964264,0.0,0.0,0.0,6.283185307179586,-0.005000000000000001,-0.06515693227628024,0.25999898175964264,0.0,0.0,0.0,6.283185307179586,-0.005000000000000001,-0.06515693227628024,0.25999898175964264,0.0,0.0,0.0,6.283185307179586,-0.005,-0.06515693227628024,0.25999898175964264,0.0,0.0,0.0,6.283185307179586,-0.005000000000000001,-0.06515693227628024,0.25999898175964264,0.0,0.0,0.0,6.283185307179586,-0.005,-0.06515693227628024,0.25999898175964264,0.0,0.0,0.0,6.283185307179586,-0.005,-0.06515693227628024,0.25999898175964264,0.0,0.0,0.0,6.283185307179586,-0.005,-0.06515693227628024,0.25999898175964264,0.0,0.0,0.0,6.283185307179586,-0.005
26,solved,0,lti,1,24,24,24,35,-0.07515693227628023,0.26999898175964265,0.0,0.0,0.0,6.283185307179586,-0.005,0.6632268129891081,-0.6343297139126131,-0.1,0.00019422517372564652,-0.21845383206492908,0.9758470869560351,-0.0005902644749478464,0.020880679774596973,0.7776437558071372,-0.7134358780467637,-0.1000141929149463,-0.9591545027858628,-0.2828818546939472,-0.000704322736498799,3.7359356798285205e-05,0.037359356798285205,3.73593569089872e-05,0.0373593569089872,1,0.04898979485566357,0.0022487448171976923,,19,0.46660819712848844,0.0030219375761508394,3.0219375761508394,0.0009780624238491607,0.9780624238491606,40.07005517078993,0.01,0.01,0.0001,0.17453292519943295,0.17453292519943295,0.5235987755982988,0.02,solved,0.04898979485566357,0.0022487448171976923,-0.07515693227628023,0.26999898175964265,0.0,0.0,0.0,6.283185307179586,-0.005,0.7776437558071372,-0.7134358780467637,-0.1000141929149463,-0.9591545027858628,-0.2828818546939472,-0.000704322736498799,0.7776251819407479,-0.7134034630343815,-0.10001419579096968,-0.9591094169236439,-0.2830346799365965,-0.0007045009411009285,3.7359356798285205e-05,0.037359356798285205,3.73593569089872e-05,0.0373593569089872,-0.07515693227628023,0.26999898175964265,0.0,0.0,0.0,6.283185307179586,-0.005,-0.07515693227628023,0.26999898175964265,0.0,0.0,0.0,6.283185307179586,-0.005,-0.07515693227628023,0.26999898175964265,0.0,0.0,0.0,6.283185307179586,-0.004999999999999999,-0.07515693227628023,0.26999898175964265,0.0,0.0,0.0,6.283185307179586,-0.005000000000000002,-0.07515693227628023,0.26999898175964265,0.0,0.0,0.0,6.283185307179586,-0.005,-0.07515693227628023,0.26999898175964265,0.0,0.0,0.0,6.283185307179586,-0.005000000000000001,-0.07515693227628023,0.26999898175964265,0.0,0.0,0.0,6.283185307179586,-0.005000000000000001,-0.07515693227628023,0.26999898175964265,0.0,0.0,0.0,6.283185307179586,-0.005000000000000001,-0.07515693227628023,0.26999898175964265,0.0,0.0,0.0,6.283185307179586,-0.004999999999999999,-0.07515693227628023,0.26999898175964265,0.0,0.0,0.0,6.283185307179586,-0.005,-0.07515693227628023,0.26999898175964265,0.0,0.0,0.0,6.283185307179586,-0.005000000000000001,-0.07515693227628023,0.26999898175964265,0.0,0.0,0.0,6.283185307179586,-0.005
27,solved,0,lti,1,24,24,24,35,-0.08515693227628023,0.27999898175964266,0.0,0.0,0.0,6.283185307179586,-0.005000000000000001,0.6615236743435825,-0.6287297342774202,-0.1,0.00023090492775349234,-0.15674881775724372,0.987638305249517,-0.0005769042232757262,0.020780679774596973,0.7777566317474667,-0.7134846021527862,-0.10001464516782071,-0.9577515266682688,-0.2875959943210917,-0.0007464683938753386,3.6339434271528154e-05,0.03633943427152815,3.633951269311058e-05,0.03633951269311058,1,0.04898979485566357,0.0022485542789276638,,19,0.3432183849440379,0.003021089556234891,3.021089556234891,0.0009789104437651092,0.9789104437651093,40.37325684005423,0.01,0.01,0.0001,0.17453292519943295,0.17453292519943295,0.5235987755982988,0.02,solved,0.04898979485566357,0.0022485542789276638,-0.08515693227628023,0.27999898175964266,0.0,0.0,0.0,6.283185307179586,-0.005000000000000001,0.7777566317474667,-0.7134846021527862,-0.10001464516782071,-0.9577515266682688,-0.2875959943210917,-0.0007464683938753386,0.7777384247592882,-0.7134531528274414,-0.1000147206635029,-0.9577081650180417,-0.2877403574590964,-0.0007465568209077116,3.6339434271528154e-05,0.03633943427152815,3.633951269311058e-05,0.03633951269311058,-0.08515693227628023,0.27999898175964266,0.0,0.0,0.0,6.283185307179586,-0.005000000000000001,-0.08515693227628023,0.27999898175964266,0.0,0.0,0.0,6.283185307179586,-0.005000000000000001,-0.08515693227628023,0.27999898175964266,0.0,0.0,0.0,6.283185307179586,-0.005000000000000001,-0.08515693227628023,0.27999898175964266,0.0,0.0,0.0,6.283185307179586,-0.005000000000000002,-0.08515693227628023,0.27999898175964266,0.0,0.0,0.0,6.283185307179586,-0.005,-0.08515693227628023,0.27999898175964266,0.0,0.0,0.0,6.283185307179586,-0.005000000000000001,-0.08515693227628023,0.27999898175964266,0.0,0.0,0.0,6.283185307179586,-0.004999999999999999,-0.08515693227628023,0.27999898175964266,0.0,0.0,0.0,6.283185307179586,-0.005000000000000001,-0.08515693227628023,0.27999898175964266,0.0,0.0,0.0,6.283185307179586,-0.004999999999999999,-0.08515693227628023,0.27999898175964266,0.0,0.0,0.0,6.283185307179586,-0.005,-0.08515693227628023,0.27999898175964266,0.0,0.0,0.0,6.283185307179586,-0.005,-0.08515693227628023,0.27999898175964266,0.0,0.0,0.0,6.283185307179586,-0.005
28,solved,0,lti,1,24,24,24,35,-0.09515693227628022,0.28999898175964267,0.0,0.0,0.0,6.283185307179586,-0.005000000000000002,0.6596205356980569,-0.6229297546422273,-0.1,0.00026667340552192223,-0.09442518747759354,0.995531766361201,-0.0005612671941968057,0.020680679774596974,0.7778694345875262,-0.7135328779398316,-0.10001505087316474,-0.9564199403708156,-0.2919936329262964,-0.0007848513163115553,3.7408672297659e-05,0.037408672297659006,3.741373185096752e-05,0.03741373185096752,1,0.04898979485566357,0.0022483524233759605,,19,0.22013273546554896,0.003019817465598396,3.019817465598396,0.0009801825344016041,0.9801825344016042,40.655064999663495,0.01,0.01,0.0001,0.17453292519943295,0.17453292519943295,0.5235987755982988,0.02,solved,0.04898979485566357,0.0022483524233759605,-0.09515693227628022,0.28999898175964267,0.0,0.0,0.0,6.283185307179586,-0.005000000000000002,0.7778694345875262,-0.7135328779398316,-0.10001505087316474,-0.9564199403708156,-0.2919936329262964,-0.0007848513163115553,0.7778508172118207,-0.7135004310280384,-0.10001566615191658,-0.9563789524936791,-0.29212785392646734,-0.0007849760567682322,3.7408672297659e-05,0.037408672297659006,3.741373185096752e-05,0.03741373185096752,-0.09515693227628022,0.28999898175964267,0.0,0.0,0.0,6.283185307179586,-0.005000000000000002,-0.09515693227628022,0.28999898175964267,0.0,0.0,0.0,6.283185307179586,-0.005000000000000002,-0.09515693227628022,0.28999898175964267,0.0,0.0,0.0,6.283185307179586,-0.005,-0.09515693227628022,0.28999898175964267,0.0,0.0,0.0,6.283185307179586,-0.005000000000000001,-0.09515693227628022,0.28999898175964267,0.0,0.0,0.0,6.283185307179586,-0.004999999999999998,-0.09515693227628022,0.28999898175964267,0.0,0.0,0.0,6.283185307179586,-0.005,-0.09515693227628022,0.28999898175964267,0.0,0.0,0.0,6.283185307179586,-0.005,-0.09515693227628022,0.28999898175964267,0.0,0.0,0.0,6.283185307179586,-0.004999999999999998,-0.09515693227628022,0.28999898175964267,0.0,0.0,0.0,6.283185307179586,-0.005,-0.09515693227628022,0.28999898175964267,0.0,0.0,0.0,6.283185307179586,-0.005,-0.09515693227628022,0.28999898175964267,0.0,0.0,0.0,6.283185307179586,-0.005,-0.09515693227628022,0.28999898175964267,0.0,0.0,0.0,6.283185307179586,-0.005
29,solved,0,lti,1,24,24,24,35,-0.10515693227628022,0.2999989817596427,0.0,0.0,0.0,6.283185307179586,-0.005000000000000001,0.6575173970525313,-0.6169297750070345,-0.1,0.00030138944519024724,-0.031728904121734056,0.9994963184062587,-0.0005434150999209807,0.020580679774596974,0.777982099195341,-0.7135805044140434,-0.10001543503345169,-0.9551680417955212,-0.2960630631548105,-0.000821320826642767,3.5207663781793606e-05,0.03520766378179361,3.521566894929564e-05,0.03521566894929564,1,0.04898979485566357,0.002248139259702468,,19,0.09729609533182361,0.003018165339985004,3.018165339985004,0.0009818346600149962,0.9818346600149962,40.91832868332334,0.01,0.01,0.0001,0.17453292519943295,0.17453292519943295,0.5235987755982988,0.02,solved,0.04898979485566357,0.002248139259702468,-0.10515693227628022,0.2999989817596427,0.0,0.0,0.0,6.283185307179586,-0.005000000000000001,0.777982099195341,-0.7135805044140434,-0.10001543503345169,-0.9551680417955212,-0.2960630631548105,-0.000821320826642767,0.7779648745367341,-0.7135497978882737,-0.10001468420019818,-0.9551303356460493,-0.29618468437804957,-0.000821382091615222,3.5207663781793606e-05,0.03520766378179361,3.521566894929564e-05,0.03521566894929564,-0.10515693227628022,0.2999989817596427,0.0,0.0,0.0,6.283185307179586,-0.005000000000000001,-0.10515693227628022,0.2999989817596427,0.0,0.0,0.0,6.283185307179586,-0.005000000000000002,-0.10515693227628022,0.2999989817596427,0.0,0.0,0.0,6.283185307179586,-0.005000000000000002,-0.10515693227628022,0.2999989817596427,0.0,0.0,0.0,6.283185307179586,-0.004999999999999999,-0.10515693227628022,0.2999989817596427,0.0,0.0,0.0,6.283185307179586,-0.005000000000000001,-0.10515693227628022,0.2999989817596427,0.0,0.0,0.0,6.283185307179586,-0.005000000000000001,-0.10515693227628022,0.2999989817596427,0.0,0.0,0.0,6.283185307179586,-0.005,-0.10515693227628022,0.2999989817596427,0.0,0.0,0.0,6.283185307179586,-0.005,-0.10515693227628022,0.2999989817596427,0.0,0.0,0.0,6.283185307179586,-0.005000000000000001,-0.10515693227628022,0.2999989817596427,0.0,0.0,0.0,6.283185307179586,-0.005,-0.10515693227628022,0.2999989817596427,0.0,0.0,0.0,6.283185307179586,-0.005,-0.10515693227628022,0.2999989817596427,0.0,0.0,0.0,6.283185307179586,-0.005
30,solved,0,lti,1,24,24,24,35,-0.11515693227628021,0.3099989817596427,0.0,0.0,0.0,6.283185307179586,-0.005,0.6552142584070058,-0.6107297953718417,-0.1,0.0003349160384101464,0.031092598723136466,0.999516315109,-0.0005234183945085115,0.020480679774596975,0.7780936020854804,-0.7136234450369598,-0.10001584113631805,-0.9541076099774517,-0.29946273613862223,-0.0008592132942531278,3.415751028761679e-05,0.034157510287616794,3.415756324557269e-05,0.03415756324557269,1,0.04898979485566357,0.0022479147975754533,,18,1.0,0.0029871677638822567,2.987167763882257,0.0010128322361177434,1.0128322361177433,32.74529075620827,0.01,0.01,0.0001,0.17453292519943295,0.17453292519943295,0.5235987755982988,0.02,solved,0.04898979485566357,0.0022479147975754533,-0.11515693227628021,0.3099989817596427,0.0,0.0,0.0,6.283185307179586,-0.005,0.7780936020854804,-0.7136234450369598,-0.10001584113631805,-0.9541076099774517,-0.29946273613862223,-0.0008592132942531278,0.7780774418242309,-0.7135933521563168,-0.10001590128469003,-0.9540741361614031,-0.2995693648912399,-0.0008592592923684031,3.415751028761679e-05,0.034157510287616794,3.415756324557269e-05,0.03415756324557269,-0.11515693227628021,0.3099989817596427,0.0,0.0,0.0,6.283185307179586,-0.005,-0.11515693227628021,0.3099989817596427,0.0,0.0,0.0,6.283185307179586,-0.004999999999999999,-0.11515693227628021,0.3099989817596427,0.0,0.0,0.0,6.283185307179586,-0.004999999999999999,-0.11515693227628021,0.3099989817596427,0.0,0.0,0.0,6.283185307179586,-0.005,-0.11515693227628021,0.3099989817596427,0.0,0.0,0.0,6.283185307179586,-0.005,-0.11515693227628021,0.3099989817596427,0.0,0.0,0.0,6.283185307179586,-0.005000000000000001,-0.11515693227628021,0.3099989817596427,0.0,0.0,0.0,6.283185307179586,-0.005000000000000001,-0.11515693227628021,0.3099989817596427,0.0,0.0,0.0,6.283185307179586,-0.005,-0.11515693227628021,0.3099989817596427,0.0,0.0,0.0,6.283185307179586,-0.005000000000000002,-0.11515693227628021,0.3099989817596427,0.0,0.0,0.0,6.283185307179586,-0.005,-0.11515693227628021,0.3099989817596427,0.0,0.0,0.0,6.283185307179586,-0.005,-0.11515693227628021,0.3099989817596427,0.0,0.0,0.0,6.283185307179586,-0.005
31,solved,0,lti,1,24,24,24,35,-0.12515693227628022,0.3199989817596427,0.0,0.0,0.0,6.283185307179586,-0.005000000000000001,0.6527111197614801,-0.6043298157366488,-0.1,0.0003671208710350243,0.09379139328570395,0.9955916775515744,-0.0005013559958200355,0.020380679774596976,0.778203958283208,-0.7136609260821287,-0.10001624698649858,-0.9531773097434821,-0.3024106670770512,-0.0008970106972050589,3.365348347558574e-05,0.03365348347558574,3.3654212150043206e-05,0.0336542121500432,1,0.048989794855663606,0.0022476790471703503,,18,1.0,0.0029986995202613024,2.9986995202613023,0.0010013004797386977,1.0013004797386977,32.94933404645001,0.01,0.01,0.0001,0.17453292519943295,0.17453292519943295,0.5235987755982988,0.02,solved,0.048989794855663606,0.0022476790471703503,-0.12515693227628022,0.3199989817596427,0.0,0.0,0.0,6.283185307179586,-0.005000000000000001,0.778203958283208,-0.7136609260821287,-0.10001624698649858,-0.9531773097434821,-0.3024106670770512,-0.0008970106972050589,0.778188815081906,-0.7136308721239141,-0.10001646844845602,-0.9531479169864491,-0.3025032955097614,-0.0008969671829196002,3.365348347558574e-05,0.03365348347558574,3.3654212150043206e-05,0.0336542121500432,-0.12515693227628022,0.3199989817596427,0.0,0.0,0.0,6.283185307179586,-0.005000000000000001,-0.12515693227628022,0.3199989817596427,0.0,0.0,0.0,6.283185307179586,-0.005,-0.12515693227628022,0.3199989817596427,0.0,0.0,0.0,6.283185307179586,-0.005000000000000001,-0.12515693227628022,0.3199989817596427,0.0,0.0,0.0,6.283185307179586,-0.004999999999999999,-0.12515693227628022,0.3199989817596427,0.0,0.0,0.0,6.283185307179586,-0.004999999999999999,-0.12515693227628022,0.3199989817596427,0.0,0.0,0.0,6.283185307179586,-0.005,-0.12515693227628022,0.3199989817596427,0.0,0.0,0.0,6.283185307179586,-0.004999999999999999,-0.12515693227628022,0.3199989817596427,0.0,0.0,0.0,6.283185307179586,-0.005000000000000001,-0.12515693227628022,0.3199989817596427,0.0,0.0,0.0,6.283185307179586,-0.004999999999999999,-0.12515693227628022,0.3199989817596427,0.0,0.0,0.0,6.283185307179586,-0.005,-0.12515693227628022,0.3199989817596427,0.0,0.0,0.0,6.283185307179586,-0.005000000000000001,-0.12515693227628022,0.3199989817596427,0.0,0.0,0.0,6.283185307179586,-0.005
32,solved,0,lti,1,24,24,24,35,-0.13515693227628023,0.3299989817596427,0.0,0.0,0.0,6.283185307179586,-0.005000000000000001,0.6500079811159545,-0.5977298361014559,-0.1,0.000397876845303499,0.15612003606818448,0.987737894485425,-0.000477314974063825,0.020280679774596976,0.7783132384113514,-0.7136933105871973,-0.1000166664383487,-0.9523590414688347,-0.30497767182109436,-0.0009358542340635615,3.136349230565047e-05,0.03136349230565047,3.1366585611250984e-05,0.03136658561125098,1,0.048989794855663606,0.002247432019168477,,18,1.0,0.003005277850856752,3.005277850856752,0.000994722149143248,0.9947221491432481,33.12644942511635,0.01,0.01,0.0001,0.17453292519943295,0.17453292519943295,0.5235987755982988,0.02,solved,0.048989794855663606,0.002247432019168477,-0.13515693227628023,0.3299989817596427,0.0,0.0,0.0,6.283185307179586,-0.005000000000000001,0.7783132384113514,-0.7136933105871973,-0.1000166664383487,-0.9523590414688347,-0.30497767182109436,-0.0009358542340635615,0.7782999438684102,-0.7136649041833842,-0.10001710694181218,-0.9523334434643168,-0.30505759595360976,-0.000935740562932774,3.136349230565047e-05,0.03136349230565047,3.1366585611250984e-05,0.03136658561125098,-0.13515693227628023,0.3299989817596427,0.0,0.0,0.0,6.283185307179586,-0.005000000000000001,-0.13515693227628023,0.3299989817596427,0.0,0.0,0.0,6.283185307179586,-0.004999999999999999,-0.13515693227628023,0.3299989817596427,0.0,0.0,0.0,6.283185307179586,-0.005,-0.13515693227628023,0.3299989817596427,0.0,0.0,0.0,6.283185307179586,-0.005,-0.13515693227628023,0.3299989817596427,0.0,0.0,0.0,6.283185307179586,-0.005000000000000001,-0.13515693227628023,0.3299989817596427,0.0,0.0,0.0,6.283185307179586,-0.004999999999999999,-0.13515693227628023,0.3299989817596427,0.0,0.0,0.0,6.283185307179586,-0.005000000000000001,-0.13515693227628023,0.3299989817596427,0.0,0.0,0.0,6.283185307179586,-0.005000000000000001,-0.13515693227628023,0.3299989817596427,0.0,0.0,0.0,6.283185307179586,-0.004999999999999999,-0.13515693227628023,0.3299989817596427,0.0,0.0,0.0,6.283185307179586,-0.005,-0.13515693227628023,0.3299989817596427,0.0,0.0,0.0,6.283185307179586,-0.005,-0.13515693227628023,0.3299989817596427,0.0,0.0,0.0,6.283185307179586,-0.005
33,solved,0,lti,1,24,24,24,35,-0.14515693227628024,0.3399989817596427,0.0,0.0,0.0,6.283185307179586,-0.0049999999999999975,0.6471048424704289,-0.5909298564662631,-0.1,0.00042706258143620086,0.2178325443927638,0.9759859612042615,-0.00045139020816945354,0.020180679774596977,0.7784216188371911,-0.7137212655967752,-0.10001710962437996,-0.9516191957242731,-0.3072782979314005,-0.0009767033680475436,2.8797031401753548e-05,0.028797031401753548,2.879744254774089e-05,0.02879744254774089,1,0.048989794855663606,0.002247173724755703,,18,1.0,0.0030072336696928452,3.0072336696928454,0.0009927663303071549,0.9927663303071549,33.28082013951613,0.01,0.01,0.0001,0.17453292519943295,0.17453292519943295,0.5235987755982988,0.02,solved,0.048989794855663606,0.002247173724755703,-0.14515693227628024,0.3399989817596427,0.0,0.0,0.0,6.283185307179586,-0.0049999999999999975,0.7784216188371911,-0.7137212655967752,-0.10001710962437996,-0.9516191957242731,-0.3072782979314005,-0.0009767033680475436,0.7784104015518918,-0.7136947431246418,-0.10001726350659744,-0.951596740919763,-0.3073478308094395,-0.000976507868614577,2.8797031401753548e-05,0.028797031401753548,2.879744254774089e-05,0.02879744254774089,-0.14515693227628024,0.3399989817596427,0.0,0.0,0.0,6.283185307179586,-0.0049999999999999975,-0.14515693227628024,0.3399989817596427,0.0,0.0,0.0,6.283185307179586,-0.005000000000000002,-0.14515693227628024,0.3399989817596427,0.0,0.0,0.0,6.283185307179586,-0.004999999999999999,-0.14515693227628024,0.3399989817596427,0.0,0.0,0.0,6.283185307179586,-0.004999999999999997,-0.14515693227628024,0.3399989817596427,0.0,0.0,0.0,6.283185307179586,-0.005000000000000002,-0.14515693227628024,0.3399989817596427,0.0,0.0,0.0,6.283185307179586,-0.004999999999999999,-0.14515693227628024,0.3399989817596427,0.0,0.0,0.0,6.283185307179586,-0.005000000000000001,-0.14515693227628024,0.3399989817596427,0.0,0.0,0.0,6.283185307179586,-0.005,-0.14515693227628024,0.3399989817596427,0.0,0.0,0.0,6.283185307179586,-0.005,-0.14515693227628024,0.3399989817596427,0.0,0.0,0.0,6.283185307179586,-0.004999999999999999,-0.14515693227628024,0.3399989817596427,0.0,0.0,0.0,6.283185307179586,-0.005000000000000002,-0.14515693227628024,0.3399989817596427,0.0,0.0,0.0,6.283185307179586,-0.005
34,solved,0,lti,1,24,24,24,35,-0.15515693227628025,0.3499989817596427,0.0,0.0,0.0,6.283185307179586,-0.005000000000000003,0.6440017038249033,-0.5839298768310702,-0.1,0.00045456289666630874,0.2786853671828482,0.9603822572197973,-0.0004236840113440074,0.020080679774596977,0.7785298713532971,-0.7137480036016982,-0.10001760724602629,-0.9508783197501864,-0.30956320279033317,-0.0010220113762452073,2.5782662408004352e-05,0.02578266240800435,2.5782819780672732e-05,0.025782819780672733,1,0.048989794855663606,0.0022469041756210417,,18,0.9554154512768291,0.0030051625087528303,3.0051625087528304,0.0009948374912471698,0.9948374912471698,33.419285352494846,0.01,0.01,0.0001,0.17453292519943295,0.17453292519943295,0.5235987755982988,0.02,solved,0.048989794855663606,0.0022469041756210417,-0.15515693227628025,0.3499989817596427,0.0,0.0,0.0,6.283185307179586,-0.005000000000000003,0.7785298713532971,-0.7137480036016982,-0.10001760724602629,-0.9508783197501864,-0.30956320279033317,-0.0010220113762452073,0.7785207666015097,-0.7137238820516706,-0.10001769732930736,-0.9508580929264606,-0.3096253274511473,-0.0010216246982828459,2.5782662408004352e-05,0.02578266240800435,2.5782819780672732e-05,0.025782819780672733,-0.15515693227628025,0.3499989817596427,0.0,0.0,0.0,6.283185307179586,-0.005000000000000003,-0.15515693227628025,0.3499989817596427,0.0,0.0,0.0,6.283185307179586,-0.005000000000000003,-0.15515693227628025,0.3499989817596427,0.0,0.0,0.0,6.283185307179586,-0.005,-0.15515693227628025,0.3499989817596427,0.0,0.0,0.0,6.283185307179586,-0.005000000000000002,-0.15515693227628025,0.3499989817596427,0.0,0.0,0.0,6.283185307179586,-0.004999999999999999,-0.15515693227628025,0.3499989817596427,0.0,0.0,0.0,6.283185307179586,-0.005000000000000001,-0.15515693227628025,0.3499989817596427,0.0,0.0,0.0,6.283185307179586,-0.004999999999999999,-0.15515693227628025,0.3499989817596427,0.0,0.0,0.0,6.283185307179586,-0.004999999999999998,-0.15515693227628025,0.3499989817596427,0.0,0.0,0.0,6.283185307179586,-0.005,-0.15515693227628025,0.3499989817596427,0.0,0.0,0.0,6.283185307179586,-0.005000000000000002,-0.15515693227628025,0.3499989817596427,0.0,0.0,0.0,6.283185307179586,-0.005000000000000001,-0.15515693227628025,0.3499989817596427,0.0,0.0,0.0,6.283185307179586,-0.005
35,solved,0,lti,1,24,24,24,35,-0.16515693227628025,0.35999898175964273,0.0,0.0,0.0,5.759586531581287,-0.005000000000000001,0.6406985651793777,-0.5767298971958774,-0.1,0.00047819810587452154,0.33350672588316266,0.942747515326943,-0.00039681499471697654,0.019980679774596978,0.7786377418991677,-0.7137727250629785,-0.1000181876356298,-0.9501679679019684,-0.3117365541161672,-0.001074058109133348,2.5384877331600075e-05,0.025384877331600074,2.5384894502346162e-05,0.025384894502346163,1,1.8144608382923164,0.08320937371933466,,18,0.8438443758535857,0.0030019531673506237,3.001953167350624,0.0009980468326493764,0.9980468326493763,33.556911757246965,0.01,0.01,0.0001,0.17453292519943295,0.17453292519943295,0.5235987755982988,0.02,solved,1.8144608382923164,0.08320937371933466,-0.16515693227628025,0.35999898175964273,0.0,0.0,0.0,5.759586531581287,-0.005000000000000001,0.7786377418991677,-0.7137727250629785,-0.1000181876356298,-0.9501679679019684,-0.3117365541161672,-0.001074058109133348,0.7786298443736624,-0.7137485999497553,-0.10001815811013469,-0.9501491319114829,-0.31179394641404184,-0.001078010859428682,2.5384877331600075e-05,0.025384877331600074,2.5384894502346162e-05,0.025384894502346163,-0.16515693227628025,0.35999898175964273,0.0,0.0,0.0,5.759586531581287,-0.005000000000000001,-0.16515693227628025,0.35999898175964273,0.0,0.0,0.0,5.759586531581287,-0.005,-0.16515693227628025,0.35999898175964273,0.0,0.0,0.0,5.759586531581287,-0.005,-0.16515693227628025,0.35999898175964273,0.0,0.0,0.0,5.759586531581287,-0.005,-0.16515693227628025,0.35999898175964273,0.0,0.0,0.0,5.759586531581287,-0.005000000000000002,-0.16515693227628025,0.35999898175964273,0.0,0.0,0.0,5.759586531581287,-0.005,-0.16515693227628025,0.35999898175964273,0.0,0.0,0.0,5.759586531581287,-0.005000000000000002,-0.16515693227628025,0.35999898175964273,0.0,0.0,0.0,5.759586531581287,-0.005000000000000002,-0.16515693227628025,0.35999898175964273,0.0,0.0,0.0,5.759586531581287,-0.005000000000000003,-0.16515693227628025,0.35999898175964273,0.0,0.0,0.0,5.759586531581287,-0.005000000000000001,-0.16515693227628025,0.35999898175964273,0.0,0.0,0.0,5.759586531581287,-0.004999999999999999,-0.16515693227628025,0.35999898175964273,0.0,0.0,0.0,5.759586531581287,-0.004999999999999998
36,solved,0,lti,1,24,24,24,35,-0.17515693227628026,0.36999898175964274,0.0,0.0,0.0,5.235987755982988,-0.004999999999999998,0.6371954265338521,-0.5693299175606845,-0.1,0.0004983104441900435,0.3823892592165188,0.9240011192094268,-0.0003712442184133453,0.01988067977459698,0.7786802943852758,-0.7135345764697392,-0.10001831886647676,-0.9560072995080791,-0.29334084453621995,-0.0010918855468590668,2.3679628130678996e-05,0.023679628130678997,2.3681381022800966e-05,0.023681381022800967,1,1.8144608382923164,0.09072793487626123,,18,0.7331820115037797,0.002996903364742732,2.996903364742732,0.001003096635257268,1.0030966352572679,33.68791950943572,0.01,0.01,0.0001,0.17453292519943295,0.17453292519943295,0.5235987755982988,0.02,solved,1.8144608382923164,0.09072793487626123,-0.17515693227628026,0.36999898175964274,0.0,0.0,0.0,5.235987755982988,-0.004999999999999998,0.7786802943852758,-0.7135345764697392,-0.10001831886647676,-0.9560072995080791,-0.29334084453621995,-0.0010918855468590668,0.7786736930161956,-0.7135118356097142,-0.1000186069962042,-0.9558983978246395,-0.29369550579365117,-0.0010967738594139364,2.3679628130678996e-05,0.023679628130678997,2.3681381022800966e-05,0.023681381022800967,-0.17515693227628026,0.36999898175964274,0.0,0.0,0.0,5.235987755982988,-0.004999999999999998,-0.17515693227628026,0.36999898175964274,0.0,0.0,0.0,5.235987755982988,-0.005000000000000002,-0.17515693227628026,0.36999898175964274,0.0,0.0,0.0,5.235987755982988,-0.005000000000000001,-0.17515693227628026,0.36999898175964274,0.0,0.0,0.0,5.235987755982988,-0.005000000000000001,-0.17515693227628026,0.36999898175964274,0.0,0.0,0.0,5.235987755982988,-0.004999999999999999,-0.17515693227628026,0.36999898175964274,0.0,0.0,0.0,5.235987755982988,-0.005,-0.17515693227628026,0.36999898175964274,0.0,0.0,0.0,5.235987755982988,-0.005000000000000002,-0.17515693227628026,0.36999898175964274,0.0,0.0,0.0,5.235987755982988,-0.004999999999999999,-0.17515693227628026,0.36999898175964274,0.0,0.0,0.0,5.235987755982988,-0.005,-0.17515693227628026,0.36999898175964274,0.0,0.0,0.0,5.235987755982988,-0.005000000000000003,-0.17515693227628026,0.36999898175964274,0.0,0.0,0.0,5.235987755982988,-0.004999999999999998,-0.17515693227628026,0.36999898175964274,0.0,0.0,0.0,5.235987755982988,-0.004999999999999998
37,solved,0,lti,1,24,24,24,35,-0.18515693227628027,0.37999898175964275,0.0,0.0,0.0,4.712388980384689,-0.004999999999999999,0.6334922878883265,-0.5617299379254916,-0.1,0.0005152452547651644,0.4254911725032823,0.904962361640645,-0.0003473584545339224,0.01978067977459698,0.7786586176590057,-0.7129784583087017,-0.10001764752155487,-0.9683533838028484,-0.24958090619208506,-0.0010465858354093982,2.928836306281856e-05,0.02928836306281856,2.9288657619144474e-05,0.029288657619144474,1,1.8145346023807172,0.09973613350076287,,18,0.7559433720596799,0.0027560548126690522,2.7560548126690523,0.0012439451873309478,1.243945187330948,32.582079708141634,0.01,0.01,0.0001,0.17453292519943295,0.17453292519943295,0.5235987755982988,0.02,solved,1.8145346023807172,0.09973613350076287,-0.18515693227628027,0.37999898175964275,0.0,0.0,0.0,4.712388980384689,-0.004999999999999999,0.7786586176590057,-0.7129784583087017,-0.10001764752155487,-0.9683533838028484,-0.24958090619208506,-0.0010465858354093982,0.7786518058225704,-0.7129499731003422,-0.10001777887692018,-0.9683671616292748,-0.24952742740094977,-0.0010503583796729122,2.928836306281856e-05,0.02928836306281856,2.9288657619144474e-05,0.029288657619144474,-0.18515693227628027,0.37999898175964275,0.0,0.0,0.0,4.712388980384689,-0.004999999999999999,-0.18515693227628027,0.37999898175964275,0.0,0.0,0.0,4.712388980384689,-0.004999999999999998,-0.18515693227628027,0.37999898175964275,0.0,0.0,0.0,4.712388980384689,-0.004999999999999998,-0.18515693227628027,0.37999898175964275,0.0,0.0,0.0,4.712388980384689,0.000953646718231742,-0.18515693227628027,0.37999898175964275,0.0,0.0,0.0,4.712388980384689,0.002768058056149514,-0.18515693227628027,0.37999898175964275,0.0,0.0,0.0,4.712388980384689,0.0019429632361580922,-0.18515693227628027,0.37999898175964275,0.0,0.0,0.0,4.712388980384689,0.0011358607731792876,-0.18515693227628027,0.37999898175964275,0.0,0.0,0.0,4.712388980384689,0.00036792008692804944,-0.18515693227628027,0.37999898175964275,0.0,0.0,0.0,4.712388980384689,-0.00034850281863392046,-0.18515693227628027,0.37999898175964275,0.0,0.0,0.0,4.712388980384689,-0.001007290550749665,-0.18515693227628027,0.37999898175964275,0.0,0.0,0.0,4.712388980384689,-0.0016065476864727572,-0.18515693227628027,0.37999898175964275,0.0,0.0,0.0,4.712388980384689,-0.0021470822098050746
38,solved,0,lti,1,24,24,24,35,-0.19515693227628028,0.38999898175964276,0.0,0.0,0.0,4.18879020478639,0.00952414206007662,0.6295891492428008,-0.5539299582902988,-0.1,0.0005293391594979507,0.4630138349475833,0.8863508348907693,-0.000325477530278539,0.01997116261579851,0.7783989471676598,-0.7126287552439825,-0.1000173887407277,-0.9757343464114846,-0.21895538137010068,-0.001013016301208612,1.2443002869641715e-05,0.012443002869641714,1.2443752385922817e-05,0.012443752385922817,1,1.8146160044733233,0.11071658147147752,,18,0.9258397994886756,0.002226025972522532,2.226025972522532,0.001773974027477468,1.773974027477468,29.976717776509265,0.01,0.01,0.0001,0.17453292519943295,0.17453292519943295,0.5235987755982988,0.02,solved,1.8146160044733233,0.11071658147147752,-0.19515693227628028,0.38999898175964276,0.0,0.0,0.0,4.18879020478639,0.00952414206007662,0.7783989471676598,-0.7126287552439825,-0.1000173887407277,-0.9757343464114846,-0.21895538137010068,-0.001013016301208612,0.7783993375779048,-0.7126163183673547,-0.10001725216463811,-0.9775651442146045,-0.21063091676486378,-0.0010028556587742398,1.2443002869641715e-05,0.012443002869641714,1.2443752385922817e-05,0.012443752385922817,-0.19515693227628028,0.38999898175964276,0.0,0.0,0.0,4.18879020478639,0.00952414206007662,-0.19515693227628028,0.38999898175964276,0.0,0.0,0.0,4.18879020478639,0.007554255178494824,-0.19515693227628028,0.38999898175964276,0.0,0.0,0.0,4.18879020478639,0.0065065899323575385,-0.19515693227628028,0.38999898175964276,0.0,0.0,0.0,4.18879020478639,0.006188472873679577,-0.19515693227628028,0.38999898175964276,0.0,0.0,0.0,4.18879020478639,0.005721099688265388,-0.19515693227628028,0.38999898175964276,0.0,0.0,0.0,4.18879020478639,0.005205938304973994,-0.19515693227628028,0.38999898175964276,0.0,0.0,0.0,4.18879020478639,0.004663481179951423,-0.19515693227628028,0.38999898175964276,0.0,0.0,0.0,4.18879020478639,0.0041118072007195645,-0.19515693227628028,0.38999898175964276,0.0,0.0,0.0,4.18879020478639,0.003565858814992479,-0.19515693227628028,0.38999898175964276,0.0,0.0,0.0,4.18879020478639,0.003037249829015008,-0.19515693227628028,0.38999898175964276,0.0,0.0,0.0,4.18879020478639,0.002534454744663941,-0.19515693227628028,0.38999898175964276,0.0,0.0,0.0,4.18879020478639,0.0021464195382044147
39,solved,0,lti,1,24,24,24,35,-0.2051569322762803,0.39999898175964277,0.0,0.0,0.0,3.665191429188091,0.023335252128338674,0.6254860105972753,-0.545929978655106,-0.1,0.0005409103558352873,0.4951820537810146,0.8687890120608386,-0.00030586198757668015,0.020437867658365284,0.7778939255469982,-0.7124319500502522,-0.10001749636200886,-0.9801170608863393,-0.1984176573646293,-0.0009900532593615373,1.8879579324108803e-05,0.018879579324108803,1.88798668500306e-05,0.0188798668500306,1,1.814559947349732,0.12438005832862094,,18,1.0,0.001958578994930607,1.958578994930607,0.002041421005069393,2.041421005069393,28.171687634221236,0.01,0.01,0.0001,0.17453292519943295,0.17453292519943295,0.5235987755982988,0.02,solved,1.814559947349732,0.12438005832862094,-0.2051569322762803,0.39999898175964277,0.0,0.0,0.0,3.665191429188091,0.023335252128338674,0.7778939255469982,-0.7124319500502522,-0.10001749636200886,-0.9801170608863393,-0.1984176573646293,-0.0009900532593615373,0.7778926612844126,-0.7124131128488791,-0.10001739216594575,-0.9817482919320191,-0.19018236570697913,-0.000979317445863917,1.8879579324108803e-05,0.018879579324108803,1.88798668500306e-05,0.0188798668500306,-0.2051569322762803,0.39999898175964277,0.0,0.0,0.0,3.665191429188091,0.023335252128338674,-0.2051569322762803,0.39999898175964277,0.0,0.0,0.0,3.665191429188091,0.009582010801043131,-0.2051569322762803,0.39999898175964277,0.0,0.0,0.0,3.665191429188091,0.008592226846135257,-0.2051569322762803,0.39999898175964277,0.0,0.0,0.0,3.665191429188091,0.008304165524379273,-0.2051569322762803,0.39999898175964277,0.0,0.0,0.0,3.665191429188091,0.007986988304806835,-0.2051569322762803,0.39999898175964277,0.0,0.0,0.0,3.665191429188091,0.007642761650412312,-0.2051569322762803,0.39999898175964277,0.0,0.0,0.0,3.665191429188091,0.007281614788736673,-0.2051569322762803,0.39999898175964277,0.0,0.0,0.0,3.665191429188091,0.006912493494045354,-0.2051569322762803,0.39999898175964277,0.0,0.0,0.0,3.665191429188091,0.006543116819597251,-0.2051569322762803,0.39999898175964277,0.0,0.0,0.0,3.665191429188091,0.0061799266191211255,-0.2051569322762803,0.39999898175964277,0.0,0.0,0.0,3.665191429188091,0.005838341937880526,-0.2051569322762803,0.39999898175964277,0.0,0.0,0.0,3.665191429188091,0.005559868570448775
40,solved,0,lti,1,24,24,24,35,-0.2151569322762803,0.4099989817596428,0.0,0.0,0.0,3.1415926535897922,0.01633825379190264,0.6211828719517497,-0.5377299990199131,-0.1,0.0005502508064300605,0.5222270336770687,0.8528062729373427,-0.00028872065827938685,0.02076463273420334,0.7775282477796102,-0.7121936357692055,-0.1000173911257339,-0.98426195022171,-0.17671301758427144,-0.0009606050265587399,2.9309258029420188e-05,0.029309258029420186,2.930926337307329e-05,0.02930926337307329,1,1.814485453049466,0.14184794220282013,,19,0.5221809778370752,0.0020020236743607967,2.002023674360797,0.0019979763256392034,1.9979763256392034,35.38542593594333,0.01,0.01,0.0001,0.17453292519943295,0.17453292519943295,0.5235987755982988,0.02,solved,1.814485453049466,0.14184794220282013,-0.2151569322762803,0.4099989817596428,0.0,0.0,0.0,3.1415926535897922,0.01633825379190264,0.7775282477796102,-0.7121936357692055,-0.1000173911257339,-0.98426195022171,-0.17671301758427144,-0.0009606050265587399,0.7775244648774493,-0.7121645716632072,-0.1000174088242379,-0.9848952008047911,-0.17314885743831543,-0.0009573920284295484,2.9309258029420188e-05,0.029309258029420186,2.930926337307329e-05,0.02930926337307329,-0.2151569322762803,0.4099989817596428,0.0,0.0,0.0,3.1415926535897922,0.01633825379190264,-0.2151569322762803,0.4099989817596428,0.0,0.0,0.0,3.1415926535897922,0.010779480549898196,-0.2151569322762803,0.4099989817596428,0.0,0.0,0.0,3.1415926535897922,0.00982212591501225,-0.2151569322762803,0.4099989817596428,0.0,0.0,0.0,3.1415926535897922,0.00959372017800048,-0.2151569322762803,0.4099989817596428,0.0,0.0,0.0,3.1415926535897922,0.009356724595312699,-0.2151569322762803,0.4099989817596428,0.0,0.0,0.0,3.1415926535897922,0.009108964209888706,-0.2151569322762803,0.4099989817596428,0.0,0.0,0.0,3.1415926535897922,0.008856019169172964,-0.2151569322762803,0.4099989817596428,0.0,0.0,0.0,3.1415926535897922,0.008602301943608432,-0.2151569322762803,0.4099989817596428,0.0,0.0,0.0,3.1415926535897922,0.008351323963051561,-0.2151569322762803,0.4099989817596428,0.0,0.0,0.0,3.1415926535897922,0.008106801036699283,-0.2151569322762803,0.4099989817596428,0.0,0.0,0.0,3.1415926535897922,0.007874817068958276,-0.2151569322762803,0.4099989817596428,0.0,0.0,0.0,3.1415926535897922,0.0076799328460374185
41,solved,0,lti,1,24,24,24,35,-0.2251569322762803,0.4199989817596428,0.0,0.0,0.0,2.6179938779914935,0.015107891390668496,0.616679733306224,-0.5293300193847202,-0.1,0.0005576200749687121,0.5443719452388496,0.8388437274613804,-0.00027421783400446867,0.02106679056201671,0.7771946919752449,-0.7119755485101511,-0.1000172589188814,-0.987536069858191,-0.15739009893028968,-0.0009313902253180181,3.2160396044371245e-05,0.032160396044371244,3.216039778546167e-05,0.03216039778546167,1,1.8144758090534405,0.16494628293569505,,19,0.9536276633498033,0.0019326026636854578,1.9326026636854579,0.0020673973363145425,2.0673973363145426,34.11934257075661,0.01,0.01,0.0001,0.17453292519943295,0.17453292519943295,0.5235987755982988,0.02,solved,1.8144758090534405,0.16494628293569505,-0.2251569322762803,0.4199989817596428,0.0,0.0,0.0,2.6179938779914935,0.015107891390668496,0.7771946919752449,-0.7119755485101511,-0.1000172589188814,-0.987536069858191,-0.15739009893028968,-0.0009313902253180181,0.7771906650274132,-0.7119436412262665,-0.10001724833642808,-0.9879091730220468,-0.15503096808469521,-0.0009299428035076934,3.2160396044371245e-05,0.032160396044371244,3.216039778546167e-05,0.03216039778546167,-0.2251569322762803,0.4199989817596428,0.0,0.0,0.0,2.6179938779914935,0.015107891390668496,-0.2251569322762803,0.4199989817596428,0.0,0.0,0.0,2.6179938779914935,0.011987816625682431,-0.2251569322762803,0.4199989817596428,0.0,0.0,0.0,2.6179938779914935,0.011061319299422393,-0.2251569322762803,0.4199989817596428,0.0,0.0,0.0,2.6179938779914935,0.01087884415212559,-0.2251569322762803,0.4199989817596428,0.0,0.0,0.0,2.6179938779914935,0.010699604037825008,-0.2251569322762803,0.4199989817596428,0.0,0.0,0.0,2.6179938779914935,0.01051876994231525,-0.2251569322762803,0.4199989817596428,0.0,0.0,0.0,2.6179938779914935,0.01033948931010727,-0.2251569322762803,0.4199989817596428,0.0,0.0,0.0,2.6179938779914935,0.010163937406819132,-0.2251569322762803,0.4199989817596428,0.0,0.0,0.0,2.6179938779914935,0.009993667154987668,-0.2251569322762803,0.4199989817596428,0.0,0.0,0.0,2.6179938779914935,0.009829970823447137,-0.2251569322762803,0.4199989817596428,0.0,0.0,0.0,2.6179938779914935,0.009675272003278097,-0.2251569322762803,0.4199989817596428,0.0,0.0,0.0,2.6179938779914935,0.009542554910850999
42,solved,0,lti,1,24,24,24,35,-0.23515693227628032,0.4299989817596428,0.0,0.0,0.0,2.094395102393195,0.012531039412331116,0.6119765946606984,-0.5207300397495274,-0.1,0.0005632405646907398,0.5618199730324447,0.827259289320014,-0.00026247977975659564,0.02131741135026333,0.7769184714932315,-0.711772645127875,-0.10001708181755878,-0.9901389971727373,-0.14008551518882714,-0.0009026140075366032,3.460694631400437e-05,0.03460694631400437,3.4606947230999164e-05,0.03460694723099916,1,1.814468764289943,0.19683788106170302,,20,0.05372320791094474,0.0018998286328949638,1.8998286328949638,0.002100171367105036,2.100171367105036,41.899614435989506,0.01,0.01,0.0001,0.17453292519943295,0.17453292519943295,0.5235987755982988,0.02,solved,1.814468764289943,0.19683788106170302,-0.23515693227628032,0.4299989817596428,0.0,0.0,0.0,2.094395102393195,0.012531039412331116,0.7769184714932315,-0.711772645127875,-0.10001708181755878,-0.9901389971727373,-0.14008551518882714,-0.0009026140075366032,0.7769143100991035,-0.7117382892909314,-0.10001707385082921,-0.9902699486347768,-0.13915679146737098,-0.000903448605788487,3.460694631400437e-05,0.03460694631400437,3.4606947230999164e-05,0.03460694723099916,-0.23515693227628032,0.4299989817596428,0.0,0.0,0.0,2.094395102393195,0.012531039412331116,-0.23515693227628032,0.4299989817596428,0.0,0.0,0.0,2.094395102393195,0.013127980754614478,-0.23515693227628032,0.4299989817596428,0.0,0.0,0.0,2.094395102393195,0.012236740078543936,-0.23515693227628032,0.4299989817596428,0.0,0.0,0.0,2.094395102393195,0.012095985458273993,-0.23515693227628032,0.4299989817596428,0.0,0.0,0.0,2.094395102393195,0.011964077224612445,-0.23515693227628032,0.4299989817596428,0.0,0.0,0.0,2.094395102393195,0.011834382383094259,-0.23515693227628032,0.4299989817596428,0.0,0.0,0.0,2.094395102393195,0.011708619007206362,-0.23515693227628032,0.4299989817596428,0.0,0.0,0.0,2.094395102393195,0.011587827170502801,-0.23515693227628032,0.4299989817596428,0.0,0.0,0.0,2.094395102393195,0.011472597519218046,-0.23515693227628032,0.4299989817596428,0.0,0.0,0.0,2.094395102393195,0.01136329243778519,-0.23515693227628032,0.4299989817596428,0.0,0.0,0.0,2.094395102393195,0.011260680068794198,-0.23515693227628032,0.4299989817596428,0.0,0.0,0.0,2.094395102393195,0.01117115832748846
43,solved,0,lti,1,24,24,24,35,-0.24515693227628033,0.4399989817596428,0.0,0.0,0.0,1.5707963267948961,0.010643875508294508,0.6070734560151728,-0.5119300601143345,-0.1,0.0005672939322886195,0.5747446868531189,0.8183325478059282,-0.00025360040000506627,0.02153028886042922,0.7766854861147167,-0.7115921402794856,-0.10001688972269494,-0.9921465226683565,-0.1250780197722337,-0.000875515245693876,3.477142574942027e-05,0.03477142574942027,3.4771439607672906e-05,0.034771439607672906,1,1.8144693773754126,0.2435103276422514,,20,0.396238038025086,0.0018791686772247425,1.8791686772247425,0.0021208313227752576,2.1208313227752575,40.896968188776675,0.01,0.01,0.0001,0.17453292519943295,0.17453292519943295,0.5235987755982988,0.02,solved,1.8144693773754126,0.2435103276422514,-0.24515693227628033,0.4399989817596428,0.0,0.0,0.0,1.5707963267948961,0.010643875508294508,0.7766854861147167,-0.7115921402794856,-0.10001688972269494,-0.9921465226683565,-0.1250780197722337,-0.000875515245693876,0.776681615779701,-0.7115575849245386,-0.10001692076689886,-0.9921485945434921,-0.12506156841095478,-0.0008777539321034027,3.477142574942027e-05,0.03477142574942027,3.4771439607672906e-05,0.034771439607672906,-0.24515693227628033,0.4399989817596428,0.0,0.0,0.0,1.5707963267948961,0.010643875508294508,-0.24515693227628033,0.4399989817596428,0.0,0.0,0.0,1.5707963267948961,0.01425348050224008,-0.24515693227628033,0.4399989817596428,0.0,0.0,0.0,1.5707963267948961,0.013397625644314777,-0.24515693227628033,0.4399989817596428,0.0,0.0,0.0,1.5707963267948961,0.013293140138161507,-0.24515693227628033,0.4399989817596428,0.0,0.0,0.0,1.5707963267948961,0.013199622347869299,-0.24515693227628033,0.4399989817596428,0.0,0.0,0.0,1.5707963267948961,0.01310929238463713,-0.24515693227628033,0.4399989817596428,0.0,0.0,0.0,1.5707963267948961,0.013023041492848829,-0.24515693227628033,0.4399989817596428,0.0,0.0,0.0,1.5707963267948961,0.012941330167613601,-0.24515693227628033,0.4399989817596428,0.0,0.0,0.0,1.5707963267948961,0.012864341860884402,-0.24515693227628033,0.4399989817596428,0.0,0.0,0.0,1.5707963267948961,0.012792100139239955,-0.24515693227628033,0.4399989817596428,0.0,0.0,0.0,1.5707963267948961,0.012724782630492683,-0.24515693227628033,0.4399989817596428,0.0,0.0,0.0,1.5707963267948961,0.01266585340031091
44,solved,0,lti,1,24,24,24,35,-0.25515693227628033,0.4499989817596428,0.0,0.0,0.0,1.0471975511965974,0.00858037511435798,0.6019703173696472,-0.5029300804791417,-0.1,0.0005699184758430178,0.5832825750131913,0.8122690758304248,-0.00024764591534484506,0.02170189636271638,0.7764981646648783,-0.711432977790735,-0.10001668611739872,-0.9936890357032502,-0.11216673819220688,-0.0008503919482270692,3.3875642976285404e-05,0.033875642976285404,3.3875643596958134e-05,0.03387564359695813,1,1.8144851547751704,0.31752411471891884,,20,0.6902238947750711,0.0018538780992886088,1.8538780992886088,0.0021461219007113913,2.146121900711391,40.02943458057671,0.01,0.01,0.0001,0.17453292519943295,0.17453292519943295,0.5235987755982988,0.02,solved,1.8144851547751704,0.31752411471891884,-0.25515693227628033,0.4499989817596428,0.0,0.0,0.0,1.0471975511965974,0.00858037511435798,0.7764981646648783,-0.711432977790735,-0.10001668611739872,-0.9936890357032502,-0.11216673819220688,-0.0008503919482270692,0.7764946958696447,-0.7113992802144619,-0.10001669260210196,-0.9936036974017287,-0.11292016447710307,-0.0008537939317100916,3.3875642976285404e-05,0.033875642976285404,3.3875643596958134e-05,0.03387564359695813,-0.25515693227628033,0.4499989817596428,0.0,0.0,0.0,1.0471975511965974,0.00858037511435798,-0.25515693227628033,0.4499989817596428,0.0,0.0,0.0,1.0471975511965974,0.015285772320338615,-0.25515693227628033,0.4499989817596428,0.0,0.0,0.0,1.0471975511965974,0.014460665698783202,-0.25515693227628033,0.4499989817596428,0.0,0.0,0.0,1.0471975511965974,0.01438461686079435,-0.25515693227628033,0.4499989817596428,0.0,0.0,0.0,1.0471975511965974,0.014319952839680952,-0.25515693227628033,0.4499989817596428,0.0,0.0,0.0,1.0471975511965974,0.014258221390587668,-0.25515693227628033,0.4499989817596428,0.0,0.0,0.0,1.0471975511965974,0.014199861468447305,-0.25515693227628033,0.4499989817596428,0.0,0.0,0.0,1.0471975511965974,0.014145085846111365,-0.25515693227628033,0.4499989817596428,0.0,0.0,0.0,1.0471975511965974,0.01409423022424049,-0.25515693227628033,0.4499989817596428,0.0,0.0,0.0,1.0471975511965974,0.014158327813434846,-0.25515693227628033,0.4499989817596428,0.0,0.0,0.0,1.0471975511965974,0.016512550680579576,-0.25515693227628033,0.4499989817596428,0.0,0.0,0.0,1.0471975511965974,0.017662192425783152
45,solved,0,lti,1,24,24,24,35,-0.26515693227628034,0.4599989817596428,0.0,0.0,0.0,0.5235987755982986,0.00687880746443782,0.5966671787241217,-0.4937301008439488,-0.1,0.0005712073285973084,0.5875275910224015,0.8092038949806442,-0.0002446584481495399,0.021839472512005135,0.7763484553373037,-0.7112953740149969,-0.1000164828655328,-0.9948642137753644,-0.10121517332939443,-0.000827548806198169,3.194912067800719e-05,0.03194912067800719,3.194912172824953e-05,0.031949121728249534,1,1.8144948975014106,0.44842032077008,,20,0.9342113008533955,0.001821752268075294,1.821752268075294,0.002178247731924706,2.178247731924706,39.28440667766824,0.01,0.01,0.0001,0.17453292519943295,0.17453292519943295,0.5235987755982988,0.02,solved,1.8144948975014106,0.44842032077008,-0.26515693227628034,0.4599989817596428,0.0,0.0,0.0,0.5235987755982986,0.00687880746443782,0.7763484553373037,-0.7112953740149969,-0.1000164828655328,-0.9948642137753644,-0.10121517332939443,-0.000827548806198169,0.7763454664287498,-0.711263565010961,-0.10001647467354646,-0.9947344671131256,-0.10248242930240853,-0.0008316378075932493,3.194912067800719e-05,0.03194912067800719,3.194912172824953e-05,0.031949121728249534,-0.26515693227628034,0.4599989817596428,0.0,0.0,0.0,0.5235987755982986,0.00687880746443782,-0.26515693227628034,0.4599989817596428,0.0,0.0,0.0,0.5235987755982986,0.01621718869032225,-0.26515693227628034,0.4599989817596428,0.0,0.0,0.0,0.5235987755982986,0.015417184152486845,-0.26515693227628034,0.4599989817596428,0.0,0.0,0.0,0.5235987755982986,0.015362327353209821,-0.26515693227628034,0.4599989817596428,0.0,0.0,0.0,0.5235987755982986,0.015318535471464407,-0.26515693227628034,0.4599989817596428,0.0,0.0,0.0,0.5235987755982986,0.015277007313343732,-0.26515693227628034,0.4599989817596428,0.0,0.0,0.0,0.5235987755982986,0.015238064774338913,-0.26515693227628034,0.4599989817596428,0.0,0.0,0.0,0.5235987755982986,0.015219003501596459,-0.26515693227628034,0.4599989817596428,0.0,0.0,0.0,0.5235987755982986,0.017362073819933876,-0.26515693227628034,0.4599989817596428,0.0,0.0,0.0,0.5235987755982986,0.019334796499311586,-0.26515693227628034,0.4599989817596428,0.0,0.0,0.0,0.5235987755982986,0.020809932621450044,-0.26515693227628034,0.4599989817596428,0.0,0.0,0.0,0.5235987755982986,0.02150961182023329
46,solved,0,lti,1,24,24,24,35,-0.27515693227628035,0.46999898175964283,0.0,0.0,0.0,-2.2204460508693367e-16,0.005508499248785866,0.591164040078596,-0.48433012120875596,-0.1,0.0005712073285973084,0.5875275910224015,0.8092038949806442,-0.0002446584481495399,0.02194964249698085,0.7762289546058879,-0.7111778900984328,-0.1000162873765182,-0.995758396713207,-0.09200306554429322,-0.0008070350650519379,2.9351808613634128e-05,0.029351808613634126,2.935180861385806e-05,0.029351808613858058,1,1.8145025855911663,0.702238357284407,,20,1.0,0.0017873398923621744,1.7873398923621744,0.0022126601076378257,2.212660107637826,38.653322718482556,0.01,0.01,0.0001,0.17453292519943295,0.17453292519943295,0.5235987755982988,0.02,solved,1.8145025855911663,0.702238357284407,-0.27515693227628035,0.46999898175964283,0.0,0.0,0.0,-2.2204460508693367e-16,0.005508499248785866,0.7762289546058879,-0.7111778900984328,-0.1000162873765182,-0.995758396713207,-0.09200306554429322,-0.0008070350650519379,0.7762264474169508,-0.7111486455660802,-0.10001628726186419,-0.9956093122232693,-0.09360255843410265,-0.0008114609658571557,2.9351808613634128e-05,0.029351808613634126,2.935180861385806e-05,0.029351808613858058,-0.27515693227628035,0.46999898175964283,0.0,0.0,0.0,-2.2204460508693367e-16,0.005508499248785866,-0.27515693227628035,0.46999898175964283,0.0,0.0,0.0,-2.220445980200037e-16,0.01704731377085187,-0.27515693227628035,0.46999898175964283,0.0,0.0,0.0,-2.2204459822162446e-16,0.016267397311996723,-0.27515693227628035,0.46999898175964283,0.0,0.0,0.0,-2.2204462558117184e-16,0.016228114183145115,-0.27515693227628035,0.46999898175964283,0.0,0.0,0.0,-2.220446114698707e-16,0.016199326020961285,-0.27515693227628035,0.46999898175964283,0.0,0.0,0.0,-2.2204456350912046e-16,0.01617219090196932,-0.27515693227628035,0.46999898175964283,0.0,0.0,0.0,-2.2204459429175865e-16,0.0162507351051104,-0.27515693227628035,0.46999898175964283,0.0,0.0,0.0,-2.2204458046024095e-16,0.019199336796630898,-0.27515693227628035,0.46999898175964283,0.0,0.0,0.0,-2.2204458029344853e-16,0.021063484221678724,-0.27515693227628035,0.46999898175964283,0.0,0.0,0.0,-2.220445995752052e-16,0.022537960049045843,-0.27515693227628035,0.46999898175964283,0.0,0.0,0.0,-2.220446041231099e-16,0.02426116707331474,-0.27515693227628035,0.46999898175964283,0.0,0.0,0.0,-2.22044604060754e-16,0.025088832164696755
47,solved,0,lti,1,24,24,24,35,-0.28515693227628036,0.47999898175964284,0.0,0.0,0.0,-0.523598775598299,0.004437926965823071,0.5854609014330704,-0.4747301415735631,-0.1,0.0005699184758430178,0.5832825750131914,0.8122690758304248,-0.000247645915344845,0.02203840103629731,0.7761329993887457,-0.7110781759711808,-0.1000161038109569,-0.9964422631741076,-0.08427451607005712,-0.000788734188716182,2.633349356378067e-05,0.02633349356378067,2.6333499682689794e-05,0.026333499682689793,1,1.8145100272758554,0.9611352298774368,,21,0.030816371658013667,0.0017784598422629038,1.7784598422629037,0.002221540157737096,2.221540157737096,46.80238250600073,0.01,0.01,0.0001,0.17453292519943295,0.17453292519943295,0.5235987755982988,0.02,solved,1.8145100272758554,0.9611352298774368,-0.28515693227628036,0.47999898175964284,0.0,0.0,0.0,-0.523598775598299,0.004437926965823071,0.7761329993887457,-0.7110781759711808,-0.1000161038109569,-0.9964422631741076,-0.08427451607005712,-0.000788734188716182,0.7761309388978691,-0.7110519232139805,-0.1000161217626851,-0.9962879284930484,-0.08607981348641928,-0.0007932522763870341,2.633349356378067e-05,0.02633349356378067,2.6333499682689794e-05,0.026333499682689793,-0.28515693227628036,0.47999898175964284,0.0,0.0,0.0,-0.523598775598299,0.004437926965823071,-0.28515693227628036,0.47999898175964284,0.0,0.0,0.0,-0.523598775598299,0.017783555450586915,-0.28515693227628036,0.47999898175964284,0.0,0.0,0.0,-0.523598775598299,0.017019661495556438,-0.28515693227628036,0.47999898175964284,0.0,0.0,0.0,-0.523598775598299,0.01699184343237227,-0.28515693227628036,0.47999898175964284,0.0,0.0,0.0,-0.523598775598299,0.01697396058634767,-0.28515693227628036,0.47999898175964284,0.0,0.0,0.0,-0.523598775598299,0.01696361491233901,-0.28515693227628036,0.47999898175964284,0.0,0.0,0.0,-0.523598775598299,0.019551710129202635,-0.28515693227628036,0.47999898175964284,0.0,0.0,0.0,-0.523598775598299,0.021720908844508856,-0.28515693227628036,0.47999898175964284,0.0,0.0,0.0,-0.523598775598299,0.023366832522488057,-0.28515693227628036,0.47999898175964284,0.0,0.0,0.0,-0.523598775598299,0.025659285745705328,-0.28515693227628036,0.47999898175964284,0.0,0.0,0.0,-0.523598775598299,0.02706471452658418,-0.28515693227628036,0.47999898175964284,0.0,0.0,0.0,-0.523598775598299,0.02786409849861417
48,solved,0,lti,1,24,24,24,35,-0.29515693227628037,0.48999898175964285,0.0,0.0,0.0,-1.0471975511965979,0.003568999962313491,0.5795577627875448,-0.4649301619383702,-0.1,0.0005672939322886196,0.574744686853119,0.8183325478059282,-0.00025360040000506627,0.02210978103554358,0.7760560054296802,-0.7109932745455407,-0.10001593300154607,-0.9969719695149998,-0.07775792800528152,-0.0007724206805419616,2.3226457118299706e-05,0.023226457118299706,2.32264586216067e-05,0.0232264586216067,1,1.8145193450226458,0.684055192211653,,21,0.16888583684178365,0.001767416490992756,1.7674164909927559,0.002232583509007244,2.2325835090072443,46.357838082408676,0.01,0.01,0.0001,0.17453292519943295,0.17453292519943295,0.5235987755982988,0.02,solved,1.8145193450226458,0.684055192211653,-0.29515693227628037,0.48999898175964285,0.0,0.0,0.0,-1.0471975511965979,0.003568999962313491,0.7760560054296802,-0.7109932745455407,-0.10001593300154607,-0.9969719695149998,-0.07775792800528152,-0.0007724206805419616,0.7760543313101136,-0.7109701085006918,-0.10001592464493234,-0.9968191366904029,-0.07969319408233654,-0.0007768814292281493,2.3226457118299706e-05,0.023226457118299706,2.32264586216067e-05,0.0232264586216067,-0.29515693227628037,0.48999898175964285,0.0,0.0,0.0,-1.0471975511965979,0.003568999962313491,-0.29515693227628037,0.48999898175964285,0.0,0.0,0.0,-1.0471975511965979,0.018425928137930807,-0.29515693227628037,0.48999898175964285,0.0,0.0,0.0,-1.0471975511965979,0.0176747747245953,-0.29515693227628037,0.48999898175964285,0.0,0.0,0.0,-1.0471975511965979,0.01765543691180308,-0.29515693227628037,0.48999898175964285,0.0,0.0,0.0,-1.0471975511965979,0.017645721109788307,-0.29515693227628037,0.48999898175964285,0.0,0.0,0.0,-1.0471975511965979,0.018789997016787297,-0.29515693227628037,0.48999898175964285,0.0,0.0,0.0,-1.0471975511965979,0.02154297385048295,-0.29515693227628037,0.48999898175964285,0.0,0.0,0.0,-1.0471975511965979,0.023556926831701176,-0.29515693227628037,0.48999898175964285,0.0,0.0,0.0,-1.0471975511965979,0.025816366270078283,-0.29515693227628037,0.48999898175964285,0.0,0.0,0.0,-1.0471975511965979,0.027776150217739624,-0.29515693227628037,0.48999898175964285,0.0,0.0,0.0,-1.0471975511965979,0.029148391062798144,-0.29515693227628037,0.48999898175964285,0.0,0.0,0.0,-1.0471975511965979,0.0298801072698993
49,solved,0,lti,1,24,24,24,35,-0.3051569322762804,0.49999898175964286,0.0,0.0,0.0,-1.5707963267948966,0.0029122437024359,0.5734546241420192,-0.4549301823031774,-0.1,0.0005632405646907399,0.5618199730324448,0.827259289320014,-0.00026247977975659564,0.022168025909592298,0.7759933097278311,-0.7109203595487075,-0.10001577525136422,-0.9973895041243649,-0.07220528191819184,-0.0007578427726865975,2.0134792489623625e-05,0.020134792489623625,2.0134793232069023e-05,0.020134793232069022,1,1.8145291619620005,0.4388917775845597,,21,0.2829176013438376,0.0017548932965146392,1.7548932965146393,0.002245106703485361,2.245106703485361,45.98323307160637,0.01,0.01,0.0001,0.17453292519943295,0.17453292519943295,0.5235987755982988,0.02,solved,1.8145291619620005,0.4388917775845597,-0.3051569322762804,0.49999898175964286,0.0,0.0,0.0,-1.5707963267948966,0.0029122437024359,0.7759933097278311,-0.7109203595487075,-0.10001577525136422,-0.9973895041243649,-0.07220528191819184,-0.0007578427726865975,0.7759919641911434,-0.7109002697652437,-0.10001576978346073,-0.9972422984109203,-0.07421062865349515,-0.0007621384112431388,2.0134792489623625e-05,0.020134792489623625,2.0134793232069023e-05,0.020134793232069022,-0.3051569322762804,0.49999898175964286,0.0,0.0,0.0,-1.5707963267948966,0.0029122437024359,-0.3051569322762804,0.49999898175964286,0.0,0.0,0.0,-1.5707963267948966,0.018989220725889325,-0.3051569322762804,0.49999898175964286,0.0,0.0,0.0,-1.5707963267948966,0.018248310828082953,-0.3051569322762804,0.49999898175964286,0.0,0.0,0.0,-1.5707963267948966,0.01823535692089969,-0.3051569322762804,0.49999898175964286,0.0,0.0,0.0,-1.5707963267948966,0.018237004649476512,-0.3051569322762804,0.49999898175964286,0.0,0.0,0.0,-1.5707963267948966,0.020628530338064312,-0.3051569322762804,0.49999898175964286,0.0,0.0,0.0,-1.5707963267948966,0.022994656597432366,-0.3051569322762804,0.49999898175964286,0.0,0.0,0.0,-1.5707963267948966,0.02505413138937067,-0.3051569322762804,0.49999898175964286,0.0,0.0,0.0,-1.5707963267948966,0.027529451713630516,-0.3051569322762804,0.49999898175964286,0.0,0.0,0.0,-1.5707963267948966,0.029380315092535643,-0.3051569322762804,0.49999898175964286,0.0,0.0,0.0,-1.5707963267948966,0.03059693187152974,-0.3051569322762804,0.49999898175964286,0.0,0.0,0.0,-1.5707963267948966,0.03135554869601371
50,solved,0,lti,1,24,24,24,35,-0.3151569322762804,0.5099989817596429,0.0,0.0,0.0,-2.0943951023931953,0.002395962530181685,0.5671514854964936,-0.4447302026679845,-0.1,0.0005576200749687122,0.5443719452388498,0.8388437274613803,-0.00027421783400446867,0.02221594516019593,0.7759417775734868,-0.7108566289900778,-0.10001562938908454,-0.9977267255874295,-0.06738565439761038,-0.000744734846696564,1.7229256224072284e-05,0.017229256224072283,1.7229262340698522e-05,0.017229262340698524,1,1.814539561039179,0.31241678573183557,,21,0.3782813010831868,0.0017418654920937679,1.741865492093768,0.002258134507906232,2.258134507906232,45.66419141467837,0.01,0.01,0.0001,0.17453292519943295,0.17453292519943295,0.5235987755982988,0.02,solved,1.814539561039179,0.31241678573183557,-0.3151569322762804,0.5099989817596429,0.0,0.0,0.0,-2.0943951023931953,0.002395962530181685,0.7759417775734868,-0.7108566289900778,-0.10001562938908454,-0.9977267255874295,-0.06738565439761038,-0.000744734846696564,0.7759407024568201,-0.7108394333105569,-0.10001561487116875,-0.9975868853046199,-0.06942510753627536,-0.0007488069202410608,1.7229256224072284e-05,0.017229256224072283,1.7229262340698522e-05,0.017229262340698524,-0.3151569322762804,0.5099989817596429,0.0,0.0,0.0,-2.0943951023931953,0.002395962530181685,-0.3151569322762804,0.5099989817596429,0.0,0.0,0.0,-2.0943951023931953,0.019481878845471194,-0.3151569322762804,0.5099989817596429,0.0,0.0,0.0,-2.0943951023931953,0.01874928384959233,-0.3151569322762804,0.5099989817596429,0.0,0.0,0.0,-2.0943951023931953,0.018741235375951182,-0.3151569322762804,0.5099989817596429,0.0,0.0,0.0,-2.0943951023931953,0.01895718997907084,-0.3151569322762804,0.5099989817596429,0.0,0.0,0.0,-2.0943951023931953,0.02188766078008371,-0.3151569322762804,0.5099989817596429,0.0,0.0,0.0,-2.0943951023931953,0.02407574074546147,-0.3151569322762804,0.5099989817596429,0.0,0.0,0.0,-2.0943951023931953,0.02642380124110583,-0.3151569322762804,0.5099989817596429,0.0,0.0,0.0,-2.0943951023931953,0.02871788284855883,-0.3151569322762804,0.5099989817596429,0.0,0.0,0.0,-2.0943951023931953,0.030413622493026076,-0.3151569322762804,0.5099989817596429,0.0,0.0,0.0,-2.0943951023931953,0.03165716627534321,-0.3151569322762804,0.5099989817596429,0.0,0.0,0.0,-2.0943951023931953,0.032599205065200414
51,solved,0,lti,1,24,24,24,35,-0.3251569322762804,0.5199989817596429,0.0,0.0,0.0,-2.617993877991494,0.0020296200399018095,0.560648346850968,-0.4343302230327917,-0.1,0.0005502508064300607,0.522227033677069,0.8528062729373425,-0.0002887206582793869,0.022256537560993966,0.775898170992517,-0.7107996465543275,-0.10001549452779805,-0.9980068635378092,-0.06310121438078638,-0.000732854074698214,1.449051312700123e-05,0.01449051312700123,1.4490518367265648e-05,0.014490518367265648,1,1.8145486758784763,0.24042924417783829,,21,0.4591852055518594,0.001728313347037557,1.7283133470375571,0.002271686652962443,2.271686652962443,45.387371832748116,0.01,0.01,0.0001,0.17453292519943295,0.17453292519943295,0.5235987755982988,0.02,solved,1.8145486758784763,0.24042924417783829,-0.3251569322762804,0.5199989817596429,0.0,0.0,0.0,-2.617993877991494,0.0020296200399018095,0.775898170992517,-0.7107996465543275,-0.10001549452779805,-0.9980068635378092,-0.06310121438078638,-0.000732854074698214,0.7758973203719166,-0.7107851810292669,-0.10001548220431364,-0.997875653400748,-0.06514320904116354,-0.0007366585704833024,1.449051312700123e-05,0.01449051312700123,1.4490518367265648e-05,0.014490518367265648,-0.3251569322762804,0.5199989817596429,0.0,0.0,0.0,-2.617993877991494,0.0020296200399018095,-0.3251569322762804,0.5199989817596429,0.0,0.0,0.0,-2.617993877991494,0.01992301422843694,-0.3251569322762804,0.5199989817596429,0.0,0.0,0.0,-2.617993877991494,0.019197305885454943,-0.3251569322762804,0.5199989817596429,0.0,0.0,0.0,-2.617993877991494,0.019193319893879894,-0.3251569322762804,0.5199989817596429,0.0,0.0,0.0,-2.617993877991494,0.019843046090368795,-0.3251569322762804,0.5199989817596429,0.0,0.0,0.0,-2.617993877991494,0.022692013070340165,-0.3251569322762804,0.5199989817596429,0.0,0.0,0.0,-2.617993877991494,0.02479454196560131,-0.3251569322762804,0.5199989817596429,0.0,0.0,0.0,-2.617993877991494,0.027448335781321477,-0.3251569322762804,0.5199989817596429,0.0,0.0,0.0,-2.617993877991494,0.029553975796079077,-0.3251569322762804,0.5199989817596429,0.0,0.0,0.0,-2.617993877991494,0.03117213503984509,-0.3251569322762804,0.5199989817596429,0.0,0.0,0.0,-2.617993877991494,0.032503821890450785,-0.3251569322762804,0.5199989817596429,0.0,0.0,0.0,-2.617993877991494,0.03369280694507976
52,solved,0,lti,1,24,24,24,35,-0.3351569322762804,0.5299989817596429,0.0,0.0,0.0,-3.1415926535897927,0.0017508231505680596,0.5539452082054424,-0.4237302433975988,-0.1,0.0005409103558352876,0.49518205378101493,0.8687890120608385,-0.00030586198757668026,0.022291554024005327,0.7758605575514269,-0.7107471653285609,-0.10001536897592733,-0.9982472777005033,-0.05917644226766956,-0.0007219723509435862,1.199807034684836e-05,0.01199807034684836,1.1998071258800861e-05,0.011998071258800862,1,1.8145564710474127,0.19479988604071968,,21,0.5296723294058991,0.001714559365071897,1.714559365071897,0.002285440634928103,2.285440634928103,45.14136725062595,0.01,0.01,0.0001,0.17453292519943295,0.17453292519943295,0.5235987755982988,0.02,solved,1.8145564710474127,0.19479988604071968,-0.3351569322762804,0.5299989817596429,0.0,0.0,0.0,-3.1415926535897927,0.0017508231505680596,0.7758605575514269,-0.7107471653285609,-0.10001536897592733,-0.9982472777005033,-0.05917644226766956,-0.0007219723509435862,0.7758598898543793,-0.7107351858514145,-0.10001536429796395,-0.9981251480354916,-0.061201817935608034,-0.000725493283740585,1.199807034684836e-05,0.01199807034684836,1.1998071258800861e-05,0.011998071258800862,-0.3351569322762804,0.5299989817596429,0.0,0.0,0.0,-3.1415926535897927,0.0017508231505680596,-0.3351569322762804,0.5299989817596429,0.0,0.0,0.0,-3.1415926535897927,0.02032207607657893,-0.3351569322762804,0.5299989817596429,0.0,0.0,0.0,-3.1415926535897927,0.01960215804590623,-0.3351569322762804,0.5299989817596429,0.0,0.0,0.0,-3.1415926535897927,0.019601575560349048,-0.3351569322762804,0.5299989817596429,0.0,0.0,0.0,-3.1415926535897927,0.020553238185850076,-0.3351569322762804,0.5299989817596429,0.0,0.0,0.0,-3.1415926535897927,0.023309800669336536,-0.3351569322762804,0.5299989817596429,0.0,0.0,0.0,-3.1415926535897927,0.025497138268575418,-0.3351569322762804,0.5299989817596429,0.0,0.0,0.0,-3.1415926535897927,0.028087726540291194,-0.3351569322762804,0.5299989817596429,0.0,0.0,0.0,-3.1415926535897927,0.030146977604419915,-0.3351569322762804,0.5299989817596429,0.0,0.0,0.0,-3.1415926535897927,0.031759908398927145,-0.3351569322762804,0.5299989817596429,0.0,0.0,0.0,-3.1415926535897927,0.0332581077940444,-0.3351569322762804,0.5299989817596429,0.0,0.0,0.0,-3.1415926535897927,0.03458982346937281
53,solved,0,lti,1,24,24,24,35,-0.3451569322762804,0.5399989817596429,0.0,0.0,0.0,-3.6651914291880914,0.0015601530228903494,0.5470420695599167,-0.41293026376240594,-0.1,0.0005293391594979512,0.46301383494758364,0.886350834890769,-0.0003254775302785392,0.022322757084463133,0.7758270446186492,-0.7106973034812941,-0.10001525147382387,-0.9984603532465666,-0.05546545045563969,-0.0007118992164945284,9.734172244158928e-06,0.009734172244158928,9.734172381511999e-06,0.009734172381511998,1,1.8145631708669887,0.16350534497696012,,21,0.5926816805907483,0.0017002023755074785,1.7002023755074784,0.0022997976244925216,2.2997976244925216,44.916072845686706,0.01,0.01,0.0001,0.17453292519943295,0.17453292519943295,0.5235987755982988,0.02,solved,1.8145631708669887,0.16350534497696012,-0.3451569322762804,0.5399989817596429,0.0,0.0,0.0,-3.6651914291880914,0.0015601530228903494,0.7758270446186492,-0.7106973034812941,-0.10001525147382387,-0.9984603532465666,-0.05546545045563969,-0.0007118992164945284,0.7758265264506249,-0.7106875831103558,-0.1000152498385756,-0.9983478248892456,-0.05745527945049976,-0.0007151238892200731,9.734172244158928e-06,0.009734172244158928,9.734172381511999e-06,0.009734172381511998,-0.3451569322762804,0.5399989817596429,0.0,0.0,0.0,-3.6651914291880914,0.0015601530228903494,-0.3451569322762804,0.5399989817596429,0.0,0.0,0.0,-3.6651914291880914,0.02069304151075439,-0.3451569322762804,0.5399989817596429,0.0,0.0,0.0,-3.6651914291880914,0.019978092117613422,-0.3451569322762804,0.5399989817596429,0.0,0.0,0.0,-3.6651914291880914,0.019980139608651335,-0.3451569322762804,0.5399989817596429,0.0,0.0,0.0,-3.6651914291880914,0.021100894798679812,-0.3451569322762804,0.5399989817596429,0.0,0.0,0.0,-3.6651914291880914,0.02383393012183095,-0.3451569322762804,0.5399989817596429,0.0,0.0,0.0,-3.6651914291880914,0.026064942432781776,-0.3451569322762804,0.5399989817596429,0.0,0.0,0.0,-3.6651914291880914,0.028565069888255874,-0.3451569322762804,0.5399989817596429,0.0,0.0,0.0,-3.6651914291880914,0.030571665907245527,-0.3451569322762804,0.5399989817596429,0.0,0.0,0.0,-3.6651914291880914,0.03225014994737661,-0.3451569322762804,0.5399989817596429,0.0,0.0,0.0,-3.6651914291880914,0.033953682404872766,-0.3451569322762804,0.5399989817596429,0.0,0.0,0.0,-3.6651914291880914,0.03538051402849128
54,solved,0,lti,1,24,24,24,35,-0.3551569322762804,0.5499989817596429,0.0,0.0,0.0,-4.1887902047863905,0.0014309385728803236,0.5399389309143912,-0.4019302841272131,-0.1,0.0005152452547651648,0.4254911725032826,0.9049623616406449,-0.0003473584545339227,0.02235137585592074,0.7757963105288617,-0.7106484579211866,-0.1000151407740565,-0.998654834037021,-0.051846205094423656,-0.0007024754777629989,7.700526036223398e-06,0.007700526036223398,7.700526056502423e-06,0.0077005260565024235,1,1.8145690963659862,0.1407778073077571,,21,0.6508801969325303,0.0016850881541361064,1.6850881541361065,0.002314911845863894,2.314911845863894,44.70309846632609,0.01,0.01,0.0001,0.17453292519943295,0.17453292519943295,0.5235987755982988,0.02,solved,1.8145690963659862,0.1407778073077571,-0.3551569322762804,0.5499989817596429,0.0,0.0,0.0,-4.1887902047863905,0.0014309385728803236,0.7757963105288617,-0.7106484579211866,-0.1000151407740565,-0.998654834037021,-0.051846205094423656,-0.0007024754777629989,0.7757959138368342,-0.7106407676197185,-0.10001514133291098,-0.9985523059891,-0.05378470614077843,-0.0007054000290971429,7.700526036223398e-06,0.007700526036223398,7.700526056502423e-06,0.0077005260565024235,-0.3551569322762804,0.5499989817596429,0.0,0.0,0.0,-4.1887902047863905,0.0014309385728803236,-0.3551569322762804,0.5499989817596429,0.0,0.0,0.0,-4.1887902047863905,0.021046000198840287,-0.3551569322762804,0.5499989817596429,0.0,0.0,0.0,-4.1887902047863905,0.020335395419065358,-0.3551569322762804,0.5499989817596429,0.0,0.0,0.0,-4.1887902047863905,0.020339491168376765,-0.3551569322762804,0.5499989817596429,0.0,0.0,0.0,-4.1887902047863905,0.02154306123234374,-0.3551569322762804,0.5499989817596429,0.0,0.0,0.0,-4.1887902047863905,0.024262065345076248,-0.3551569322762804,0.5499989817596429,0.0,0.0,0.0,-4.1887902047863905,0.026524417643225936,-0.3551569322762804,0.5499989817596429,0.0,0.0,0.0,-4.1887902047863905,0.028935851389622142,-0.3551569322762804,0.5499989817596429,0.0,0.0,0.0,-4.1887902047863905,0.030917634786420987,-0.3551569322762804,0.5499989817596429,0.0,0.0,0.0,-4.1887902047863905,0.03267496584669664,-0.3551569322762804,0.5499989817596429,0.0,0.0,0.0,-4.1887902047863905,0.034552025676723136,-0.3551569322762804,0.5499989817596429,0.0,0.0,0.0,-4.1887902047863905,0.03612958555702513
55,solved,0,lti,1,24,24,24,35,-0.36515693227628043,0.5599989817596429,0.0,0.0,0.0,-4.71238898038469,0.0013512216989523204,0.5326357922688656,-0.39073030449202023,-0.1,0.000498310444190044,0.3823892592165191,0.9240011192094268,-0.0003712442184133457,0.022378400289899788,0.7757673042504893,-0.7105993251197698,-0.10001503588452425,-0.9988364745842421,-0.04822049349376119,-0.0006935757643838912,5.886626334279637e-06,0.005886626334279637,5.886626354646789e-06,0.005886626354646788,1,1.814574330773403,0.12355057799982896,,21,0.7063219984079616,0.0016688926570581264,1.6688926570581264,0.0023311073429418735,2.3311073429418734,44.495431807170846,0.01,0.01,0.0001,0.17453292519943295,0.17453292519943295,0.5235987755982988,0.02,solved,1.814574330773403,0.12355057799982896,-0.36515693227628043,0.5599989817596429,0.0,0.0,0.0,-4.71238898038469,0.0013512216989523204,0.7757673042504893,-0.7105993251197698,-0.10001503588452425,-0.9988364745842421,-0.04822049349376119,-0.0006935757643838912,0.7757670058490904,-0.7105934460614944,-0.1000150363742054,-0.9987443553343334,-0.0500921949631025,-0.0006961979498160412,5.886626334279637e-06,0.005886626334279637,5.886626354646789e-06,0.005886626354646788,-0.36515693227628043,0.5599989817596429,0.0,0.0,0.0,-4.71238898038469,0.0013512216989523204,-0.36515693227628043,0.5599989817596429,0.0,0.0,0.0,-4.71238898038469,0.021390081743075263,-0.36515693227628043,0.5599989817596429,0.0,0.0,0.0,-4.71238898038469,0.02068334188334588,-0.36515693227628043,0.5599989817596429,0.0,0.0,0.0,-4.71238898038469,0.020689012685905207,-0.36515693227628043,0.5599989817596429,0.0,0.0,0.0,-4.71238898038469,0.021931081120921143,-0.36515693227628043,0.5599989817596429,0.0,0.0,0.0,-4.71238898038469,0.024599466312353307,-0.36515693227628043,0.5599989817596429,0.0,0.0,0.0,-4.71238898038469,0.026907715313695225,-0.36515693227628043,0.5599989817596429,0.0,0.0,0.0,-4.71238898038469,0.029244012245244956,-0.36515693227628043,0.5599989817596429,0.0,0.0,0.0,-4.71238898038469,0.031210321895687218,-0.36515693227628043,0.5599989817596429,0.0,0.0,0.0,-4.71238898038469,0.033032168188987694,-0.36515693227628043,0.5599989817596429,0.0,0.0,0.0,-4.71238898038469,0.03510158803822689,-0.36515693227628043,0.5599989817596429,0.0,0.0,0.0,-4.71238898038469,0.03680686587896116
56,solved,0,lti,1,24,24,24,35,-0.37515693227628044,0.5699989817596429,0.0,0.0,0.0,-5.235987755982989,0.0013900817430752626,0.5251326536233399,-0.3793303248568274,-0.1,0.00047819810587452187,0.333506725883163,0.9427475153269429,-0.00039681499471697686,0.022406201924761292,0.775737623256183,-0.7105490281523484,-0.10001493725873467,-0.9990082857494135,-0.04451938478760762,-0.000685114699266549,4.2881443012822154e-06,0.004288144301282215,4.288144813909515e-06,0.004288144813909514,1,1.8145781220404444,0.11005479072613589,,21,0.7606596304482116,0.0016513367087428764,1.6513367087428765,0.0023486632912571234,2.3486632912571235,44.28743329846569,0.01,0.01,0.0001,0.17453292519943295,0.17453292519943295,0.5235987755982988,0.02,solved,1.8145781220404444,0.11005479072613589,-0.37515693227628044,0.5699989817596429,0.0,0.0,0.0,-5.235987755982989,0.0013900817430752626,0.775737623256183,-0.7105490281523484,-0.10001493725873467,-0.9990082857494135,-0.04451938478760762,-0.000685114699266549,0.7757374035993441,-0.7105447456376174,-0.1000149393555036,-0.998927253647839,-0.04630193692161778,-0.0006874277360200163,4.2881443012822154e-06,0.004288144301282215,4.288144813909515e-06,0.004288144813909514,-0.37515693227628044,0.5699989817596429,0.0,0.0,0.0,-5.235987755982989,0.0013900817430752626,-0.37515693227628044,0.5699989817596429,0.0,0.0,0.0,-5.235987755982989,0.02164298185622638,-0.37515693227628044,0.5699989817596429,0.0,0.0,0.0,-5.235987755982989,0.021027577651921037,-0.37515693227628044,0.5699989817596429,0.0,0.0,0.0,-5.235987755982989,0.02103439942268188,-0.37515693227628044,0.5699989817596429,0.0,0.0,0.0,-5.235987755982989,0.022286704777892415,-0.37515693227628044,0.5699989817596429,0.0,0.0,0.0,-5.235987755982989,0.02487103224852889,-0.37515693227628044,0.5699989817596429,0.0,0.0,0.0,-5.235987755982989,0.027241235182425563,-0.37515693227628044,0.5699989817596429,0.0,0.0,0.0,-5.235987755982989,0.029510325961172944,-0.37515693227628044,0.5699989817596429,0.0,0.0,0.0,-5.235987755982989,0.031459123817046526,-0.37515693227628044,0.5699989817596429,0.0,0.0,0.0,-5.235987755982989,0.03334910816672222,-0.37515693227628044,0.5699989817596429,0.0,0.0,0.0,-5.235987755982989,0.03559829463906276,-0.37515693227628044,0.5699989817596429,0.0,0.0,0.0,-5.235987755982989,0.037426037492156436
57,solved,0,lti,1,24,24,24,35,-0.38515693227628045,0.5799989817596429,0.0,0.0,0.0,-5.759586531581288,0.0016429818562263801,0.5174295149778143,-0.3677303452216345,-0.1,0.000454562896666309,0.27868536718284853,0.9603822572197971,-0.00042368401134400773,0.02243906156188582,0.7757029791451762,-0.7104970866758114,-0.10001484706654014,-0.9991711400591339,-0.04070103788765935,-0.0006770434241526317,2.8544455342533653e-06,0.0028544455342533652,2.8544460883698083e-06,0.002854446088369808,1,1.8145783904442196,0.09920250856178377,,21,0.8162753416287315,0.00163335646986173,1.63335646986173,0.00236664353013827,2.36664353013827,44.07514700735966,0.01,0.01,0.0001,0.17453292519943295,0.17453292519943295,0.5235987755982988,0.02,solved,1.8145783904442196,0.09920250856178377,-0.38515693227628045,0.5799989817596429,0.0,0.0,0.0,-5.759586531581288,0.0016429818562263801,0.7757029791451762,-0.7104970866758114,-0.10001484706654014,-0.9991711400591339,-0.04070103788765935,-0.0006770434241526317,0.7757028236516675,-0.7104942364686124,-0.10001484884513248,-0.9991022335465332,-0.04235877526490048,-0.0006790290025936224,2.8544455342533653e-06,0.0028544455342533652,2.8544460883698083e-06,0.002854446088369808,-0.38515693227628045,0.5799989817596429,0.0,0.0,0.0,-5.759586531581288,0.0016429818562263801,-0.38515693227628045,0.5799989817596429,0.0,0.0,0.0,-5.759586531581288,0.021625277535254575,-0.38515693227628045,0.5799989817596429,0.0,0.0,0.0,-5.759586531581288,0.02137433782523941,-0.38515693227628045,0.5799989817596429,0.0,0.0,0.0,-5.759586531581288,0.021381865986123554,-0.38515693227628045,0.5799989817596429,0.0,0.0,0.0,-5.759586531581288,0.022617477161782754,-0.38515693227628045,0.5799989817596429,0.0,0.0,0.0,-5.759586531581288,0.025105641887046715,-0.38515693227628045,0.5799989817596429,0.0,0.0,0.0,-5.759586531581288,0.02753927345266876,-0.38515693227628045,0.5799989817596429,0.0,0.0,0.0,-5.759586531581288,0.0297459652233769,-0.38515693227628045,0.5799989817596429,0.0,0.0,0.0,-5.759586531581288,0.03167975898899027,-0.38515693227628045,0.5799989817596429,0.0,0.0,0.0,-5.759586531581288,0.0336358904649034,-0.38515693227628045,0.5799989817596429,0.0,0.0,0.0,-5.759586531581288,0.036051627293792084,-0.38515693227628045,0.5799989817596429,0.0,0.0,0.0,-4.71238898038469,0.03799511072760978
58,solved,0,lti,1,24,24,24,35,-0.39515693227628046,0.5899989817596429,0.0,0.0,0.0,-5.235987755982989,0.001625277535254575,0.5095263763322887,-0.35593036558644164,-0.1,0.0004317660261360327,0.22804091478236066,0.9736513518963839,-0.0004468933510010118,0.02247156711259091,0.7756688141066885,-0.7104439355718306,-0.10001477053551285,-0.9993220826551203,-0.03680932246772005,-0.0006699979851779169,3.2691634964588014e-06,0.0032691634964588014,3.2691905294949085e-06,0.0032691905294949084,1,1.8145785984536578,0.09284568337266007,,21,0.8767014504281103,0.0016174352137419063,1.6174352137419064,0.0023825647862580936,2.3825647862580936,43.8561729223394,0.01,0.01,0.0001,0.17453292519943295,0.17453292519943295,0.5235987755982988,0.02,solved,1.8145785984536578,0.09284568337266007,-0.39515693227628046,0.5899989817596429,0.0,0.0,0.0,-5.235987755982989,0.001625277535254575,0.7756688141066885,-0.7104439355718306,-0.10001477053551285,-0.9993220826551203,-0.03680932246772005,-0.0006699979851779169,0.7756686584543618,-0.7104406701159176,-0.10001475724071836,-0.9992687456059415,-0.03822988164076874,-0.0006709730703949022,3.2691634964588014e-06,0.0032691634964588014,3.2691905294949085e-06,0.0032691905294949084,-0.39515693227628046,0.5899989817596429,0.0,0.0,0.0,-5.235987755982989,0.001625277535254575,-0.39515693227628046,0.5899989817596429,0.0,0.0,0.0,-5.235987755982989,0.02162069719385916,-0.39515693227628046,0.5899989817596429,0.0,0.0,0.0,-5.235987755982989,0.021726036486137034,-0.39515693227628046,0.5899989817596429,0.0,0.0,0.0,-5.235987755982989,0.02173379158384747,-0.39515693227628046,0.5899989817596429,0.0,0.0,0.0,-5.235987755982989,0.02292387244765404,-0.39515693227628046,0.5899989817596429,0.0,0.0,0.0,-5.235987755982989,0.025356518876918685,-0.39515693227628046,0.5899989817596429,0.0,0.0,0.0,-5.235987755982989,0.027785904416819274,-0.39515693227628046,0.5899989817596429,0.0,0.0,0.0,-5.235987755982989,0.029962708100853257,-0.39515693227628046,0.5899989817596429,0.0,0.0,0.0,-5.235987755982989,0.03188121850557124,-0.39515693227628046,0.5899989817596429,0.0,0.0,0.0,-5.235987755982989,0.033947514363228216,-0.39515693227628046,0.5899989817596429,0.0,0.0,0.0,-4.1887902047863905,0.03646878192661835,-0.39515693227628046,0.5899989817596429,0.0,0.0,0.0,-4.1887902047863905,0.038490833484520044
59,solved,0,lti,1,24,24,24,35,-0.40515693227628047,0.599998981759643,0.0,0.0,0.0,-4.71238898038469,0.0016206971938591578,0.5014232376867631,-0.3439303859512488,-0.1,0.00041023515224845224,0.18192250143668154,0.983312675264309,-0.0004667362085310117,0.022503981056468093,0.7756349487501407,-0.7103923405760478,-0.1000147079697723,-0.9994537262985762,-0.03304251983406027,-0.0006639811039221182,4.167704915000481e-06,0.004167704915000481,4.167724529084184e-06,0.004167724529084185,1,1.8145787055116294,0.10382766277683356,,21,0.9375711954685252,0.0016002907548348828,1.6002907548348828,0.0023997092451651172,2.399709245165117,43.633026352676154,0.01,0.01,0.0001,0.17453292519943295,0.17453292519943295,0.5235987755982988,0.02,solved,1.8145787055116294,0.10382766277683356,-0.40515693227628047,0.599998981759643,0.0,0.0,0.0,-4.71238898038469,0.0016206971938591578,0.7756349487501407,-0.7103923405760478,-0.1000147079697723,-0.9994537262985762,-0.03304251983406027,-0.0006639811039221182,0.7756347840209832,-0.7103881761278775,-0.10001469518338067,-0.9994124876935799,-0.03426715046475994,-0.0006647113322972694,4.167704915000481e-06,0.004167704915000481,4.167724529084184e-06,0.004167724529084185,-0.40515693227628047,0.599998981759643,0.0,0.0,0.0,-4.71238898038469,0.0016206971938591578,-0.40515693227628047,0.599998981759643,0.0,0.0,0.0,-4.71238898038469,0.021567087019692784,-0.40515693227628047,0.599998981759643,0.0,0.0,0.0,-4.71238898038469,0.022058956039241677,-0.40515693227628047,0.599998981759643,0.0,0.0,0.0,-4.71238898038469,0.022061447975929502,-0.40515693227628047,0.599998981759643,0.0,0.0,0.0,-4.71238898038469,0.02328109222083642,-0.40515693227628047,0.599998981759643,0.0,0.0,0.0,-4.71238898038469,0.025630384318295778,-0.40515693227628047,0.599998981759643,0.0,0.0,0.0,-4.71238898038469,0.028006662862422566,-0.40515693227628047,0.599998981759643,0.0,0.0,0.0,-4.71238898038469,0.030149708316170466,-0.40515693227628047,0.599998981759643,0.0,0.0,0.0,-4.71238898038469,0.032086561863084444,-0.40515693227628047,0.599998981759643,0.0,0.0,0.0,-3.665191429188092,0.03426870180207304,-0.40515693227628047,0.599998981759643,0.0,0.0,0.0,-3.665191429188092,0.03687235164388357,-0.40515693227628047,0.599998981759643,0.0,0.0,0.0,-3.665191429188092,0.03890210412492828
60,solved,0,lti,1,24,24,24,35,-0.4151569322762805,0.609998981759643,0.0,0.0,0.0,-4.1887902047863905,0.0015670870196927836,0.4931200990412375,-0.33173040631605594,-0.1,0.00039033042246918543,0.14058606339717977,0.9900682666578683,-0.000483505666760217,0.022535322796861948,0.7756023890690033,-0.7103439989023556,-0.10001465804476199,-0.9995638891292284,-0.029522827600566067,-0.0006589380234646375,4.683537820587079e-06,0.004683537820587079,4.683551737221196e-06,0.004683551737221196,1,1.8145789474381566,0.11769882477829748,,21,0.9971838458394997,0.001584112674382713,1.584112674382713,0.002415887325617287,2.415887325617287,43.4170726528977,0.01,0.01,0.0001,0.17453292519943295,0.17453292519943295,0.5235987755982988,0.02,solved,1.8145789474381566,0.11769882477829748,-0.4151569322762805,0.609998981759643,0.0,0.0,0.0,-4.1887902047863905,0.0015670870196927836,0.7756023890690033,-0.7103439989023556,-0.10001465804476199,-0.9995638891292284,-0.029522827600566067,-0.0006589380234646375,0.7756022309949443,-0.7103393180328734,-0.10001464662730351,-0.9995322399871669,-0.03057558374393855,-0.0006594732398308753,4.683537820587079e-06,0.004683537820587079,4.683551737221196e-06,0.004683551737221196,-0.4151569322762805,0.609998981759643,0.0,0.0,0.0,-4.1887902047863905,0.0015670870196927836,-0.4151569322762805,0.609998981759643,0.0,0.0,0.0,-4.1887902047863905,0.021454831856570416,-0.4151569322762805,0.609998981759643,0.0,0.0,0.0,-4.1887902047863905,0.02237371402210264,-0.4151569322762805,0.609998981759643,0.0,0.0,0.0,-4.1887902047863905,0.022372528347061767,-0.4151569322762805,0.609998981759643,0.0,0.0,0.0,-4.1887902047863905,0.02362617636367976,-0.4151569322762805,0.609998981759643,0.0,0.0,0.0,-4.1887902047863905,0.025893068352646192,-0.4151569322762805,0.609998981759643,0.0,0.0,0.0,-4.1887902047863905,0.02821517864069384,-0.4151569322762805,0.609998981759643,0.0,0.0,0.0,-4.1887902047863905,0.030327891045879532,-0.4151569322762805,0.609998981759643,0.0,0.0,0.0,-3.141592653589793,0.03228961636312124,-0.4151569322762805,0.609998981759643,0.0,0.0,0.0,-3.141592653589793,0.034568558068983235,-0.4151569322762805,0.609998981759643,0.0,0.0,0.0,-3.141592653589793,0.03726871291578594,-0.4151569322762805,0.609998981759643,0.0,0.0,0.0,-3.141592653589793,0.039253038095611516
61,solved,0,lti,1,24,24,24,35,-0.4251569322762805,0.619998981759643,0.0,0.0,0.0,-3.665191429188092,0.0014548318565704155,0.4846169603957119,-0.3193304266808631,-0.1,0.00037235083331834475,0.10421187175935201,0.9945549254057536,-0.0004974840956466338,0.022564419433993357,0.7755723002882748,-0.710299876267348,-0.10001461889981168,-0.999653380579562,-0.02631900364987687,-0.0006547844920080803,4.909525314807976e-06,0.004909525314807975,4.909535491190929e-06,0.0049095354911909295,1,1.8145793510238513,0.13573638480965008,,21,1.0,0.0015695047449066407,1.5695047449066406,0.002430495255093359,2.430495255093359,43.21531035603855,0.01,0.01,0.0001,0.17453292519943295,0.17453292519943295,0.5235987755982988,0.02,solved,1.8145793510238513,0.13573638480965008,-0.4251569322762805,0.619998981759643,0.0,0.0,0.0,-3.665191429188092,0.0014548318565704155,0.7755723002882748,-0.710299876267348,-0.10001461889981168,-0.999653380579562,-0.02631900364987687,-0.0006547844920080803,0.7755721572140277,-0.7102949688272234,-0.10001460890368628,-0.9996291503816189,-0.027223748143252877,-0.0006551674255239619,4.909525314807976e-06,0.004909525314807975,4.909535491190929e-06,0.0049095354911909295,-0.4251569322762805,0.619998981759643,0.0,0.0,0.0,-3.665191429188092,0.0014548318565704155,-0.4251569322762805,0.619998981759643,0.0,0.0,0.0,-3.665191429188092,0.02131414647919193,-0.4251569322762805,0.619998981759643,0.0,0.0,0.0,-3.665191429188092,0.022663830003854395,-0.4251569322762805,0.619998981759643,0.0,0.0,0.0,-3.665191429188092,0.0226601239991909,-0.4251569322762805,0.619998981759643,0.0,0.0,0.0,-3.665191429188092,0.023938643368631687,-0.4251569322762805,0.619998981759643,0.0,0.0,0.0,-3.665191429188092,0.02613306626631231,-0.4251569322762805,0.619998981759643,0.0,0.0,0.0,-3.665191429188092,0.02840887449169011,-0.4251569322762805,0.619998981759643,0.0,0.0,0.0,-2.6179938779914944,0.030496458960301474,-0.4251569322762805,0.619998981759643,0.0,0.0,0.0,-2.6179938779914944,0.032477770985186956,-0.4251569322762805,0.619998981759643,0.0,0.0,0.0,-2.6179938779914944,0.034860234635258,-0.4251569322762805,0.619998981759643,0.0,0.0,0.0,-2.6179938779914944,0.037632575343874944,-0.4251569322762805,0.619998981759643,0.0,0.0,0.0,-2.6179938779914944,0.0395622366325724
62,solved,0,lti,1,24,24,24,35,-0.4351569322762805,0.629998981759643,0.0,0.0,0.0,-3.141592653589793,0.0013141464791919274,0.47591382175018626,-0.3067304470456702,-0.1,0.0003565407475857756,0.07292072433957865,0.9973375465840152,-0.0005089344395943263,0.022590702363577197,0.7755452268327967,-0.710260443390245,-0.10001458887677397,-0.9997244959101689,-0.023462905295170422,-0.0006514232638275288,4.9265784743380306e-06,0.004926578474338031,4.92658606304686e-06,0.0049265860630468596,1,1.8145799096418878,0.16006398154716728,,21,1.0,0.0015564175201546167,1.5564175201546167,0.0024435824798453836,2.4435824798453836,43.031673148330505,0.01,0.01,0.0001,0.17453292519943295,0.17453292519943295,0.5235987755982988,0.02,solved,1.8145799096418878,0.16006398154716728,-0.4351569322762805,0.629998981759643,0.0,0.0,0.0,-3.141592653589793,0.0013141464791919274,0.7755452268327967,-0.710260443390245,-0.10001458887677397,-0.9997244959101689,-0.023462905295170422,-0.0006514232638275288,0.7755451020896953,-0.7102555183912985,-0.10001458022964747,-0.9997059016825627,-0.02424222434809787,-0.0006516898884765478,4.9265784743380306e-06,0.004926578474338031,4.92658606304686e-06,0.0049265860630468596,-0.4351569322762805,0.629998981759643,0.0,0.0,0.0,-3.141592653589793,0.0013141464791919274,-0.4351569322762805,0.629998981759643,0.0,0.0,0.0,-3.141592653589793,0.021161143670468154,-0.4351569322762805,0.629998981759643,0.0,0.0,0.0,-3.141592653589793,0.022925420638926046,-0.4351569322762805,0.629998981759643,0.0,0.0,0.0,-3.141592653589793,0.022920036654286914,-0.4351569322762805,0.629998981759643,0.0,0.0,0.0,-3.141592653589793,0.02421056102157587,-0.4351569322762805,0.629998981759643,0.0,0.0,0.0,-3.141592653589793,0.02634625268298002,-0.4351569322762805,0.629998981759643,0.0,0.0,0.0,-2.0943951023931957,0.02858395395199139,-0.4351569322762805,0.629998981759643,0.0,0.0,0.0,-2.0943951023931957,0.0306497280414015,-0.4351569322762805,0.629998981759643,0.0,0.0,0.0,-2.0943951023931957,0.03265264198958361,-0.4351569322762805,0.629998981759643,0.0,0.0,0.0,-2.0943951023931957,0.03513036435535545,-0.4351569322762805,0.629998981759643,0.0,0.0,0.0,-2.0943951023931957,0.037955028202572724,-0.4351569322762805,0.629998981759643,0.0,0.0,0.0,-2.0943951023931957,0.03984732563324202
63,solved,0,lti,1,24,24,24,35,-0.4451569322762805,0.639998981759643,0.0,0.0,0.0,-2.6179938779914944,0.0011611436704681535,0.46701068310466065,-0.29393046741047735,-0.1,0.0003430962194590248,0.04678848282615241,0.9989046259474718,-0.000518093189192002,0.02261392523698656,0.7755213841675358,-0.7102258043068926,-0.10001456645821115,-0.9997801106774665,-0.020959709277434867,-0.0006487532337275583,4.794399312509828e-06,0.0047943993125098274,4.794405847315749e-06,0.0047944058473157495,1,1.8145805672568613,0.19443170986585975,,21,1.0,0.0015448425034867068,1.5448425034867068,0.0024551574965132935,2.4551574965132934,42.86798004058317,0.01,0.01,0.0001,0.17453292519943295,0.17453292519943295,0.5235987755982988,0.02,solved,1.8145805672568613,0.19443170986585975,-0.4451569322762805,0.639998981759643,0.0,0.0,0.0,-2.6179938779914944,0.0011611436704681535,0.7755213841675358,-0.7102258043068926,-0.10001456645821115,-0.9997801106774665,-0.020959709277434867,-0.0006487532337275583,0.7755212781155969,-0.7102210110806562,-0.10001455854234223,-0.9997657411326955,-0.02163427240886798,-0.0006489335337137598,4.794399312509828e-06,0.0047943993125098274,4.794405847315749e-06,0.0047944058473157495,-0.4451569322762805,0.639998981759643,0.0,0.0,0.0,-2.6179938779914944,0.0011611436704681535,-0.4451569322762805,0.639998981759643,0.0,0.0,0.0,-2.6179938779914944,0.021009641781818522,-0.4451569322762805,0.639998981759643,0.0,0.0,0.0,-2.6179938779914944,0.023157346394046388,-0.4451569322762805,0.639998981759643,0.0,0.0,0.0,-2.6179938779914944,0.023150890829543955,-0.4451569322762805,0.639998981759643,0.0,0.0,0.0,-2.6179938779914944,0.024441001607882665,-0.4451569322762805,0.639998981759643,0.0,0.0,0.0,-1.570796326794897,0.026531294640798175,-0.4451569322762805,0.639998981759643,0.0,0.0,0.0,-1.570796326794897,0.028738319064056907,-0.4451569322762805,0.639998981759643,0.0,0.0,0.0,-1.570796326794897,0.03078665120851339,-0.4451569322762805,0.639998981759643,0.0,0.0,0.0,-1.570796326794897,0.032809491458929516,-0.4451569322762805,0.639998981759643,0.0,0.0,0.0,-1.570796326794897,0.03537258338014826,-0.4451569322762805,0.639998981759643,0.0,0.0,0.0,-1.570796326794897,0.03824996530130003,-0.4451569322762805,0.639998981759643,0.0,0.0,0.0,-1.570796326794897,0.040104452549171485
64,solved,0,lti,1,24,24,24,35,-0.4551569322762805,0.649998981759643,0.0,0.0,0.0,-2.0943951023931957,0.0010096417818185217,0.45790754445913506,-0.2809304877752845,-0.1,0.000332170847681613,0.02585874123866215,0.9996654137089988,-0.0005251648278823454,0.02263411807262293,0.7755007108754169,-0.7101958110743846,-0.10001455032404194,-0.999823120012128,-0.018796555530445604,-0.0006466756565040143,4.561383418363211e-06,0.004561383418363211,4.561388873213438e-06,0.004561388873213438,1,1.8145812851957952,0.24588920881791107,,21,1.0,0.001534714745479283,1.534714745479283,0.0024652852545207172,2.465285254520717,42.72452208248109,0.01,0.01,0.0001,0.17453292519943295,0.17453292519943295,0.5235987755982988,0.02,solved,1.8145812851957952,0.24588920881791107,-0.4551569322762805,0.649998981759643,0.0,0.0,0.0,-2.0943951023931957,0.0010096417818185217,0.7755007108754169,-0.7101958110743846,-0.10001455032404194,-0.999823120012128,-0.018796555530445604,-0.0006466756565040143,0.7755006222146,-0.7101912505527095,-0.1000145432697272,-0.9998118879389098,-0.019384798000060977,-0.0006467940394326917,4.561383418363211e-06,0.004561383418363211,4.561388873213438e-06,0.004561388873213438,-0.4551569322762805,0.649998981759643,0.0,0.0,0.0,-2.0943951023931957,0.0010096417818185217,-0.4551569322762805,0.649998981759643,0.0,0.0,0.0,-2.0943951023931957,0.020866063719915447,-0.4551569322762805,0.649998981759643,0.0,0.0,0.0,-2.0943951023931957,0.023359893247194948,-0.4551569322762805,0.649998981759643,0.0,0.0,0.0,-2.0943951023931957,0.023352807754900857,-0.4551569322762805,0.649998981759643,0.0,0.0,0.0,-1.0471975511965983,0.024632635936604547,-0.4551569322762805,0.649998981759643,0.0,0.0,0.0,-1.0471975511965983,0.02668961827150455,-0.4551569322762805,0.649998981759643,0.0,0.0,0.0,-1.0471975511965983,0.028871963807668086,-0.4551569322762805,0.649998981759643,0.0,0.0,0.0,-1.0471975511965983,0.030906163804492508,-0.4551569322762805,0.649998981759643,0.0,0.0,0.0,-1.0471975511965983,0.03294673596921925,-0.4551569322762805,0.649998981759643,0.0,0.0,0.0,-1.0471975511965983,0.03559025450658023,-0.4551569322762805,0.649998981759643,0.0,0.0,0.0,-1.0471975511965983,0.03851460955961935,-0.4551569322762805,0.649998981759643,0.0,0.0,0.0,-1.0471975511965983,0.040332269335976924
65,solved,0,lti,1,24,24,24,35,-0.4651569322762805,0.659998981759643,0.0,0.0,0.0,-1.570796326794897,0.0008660637199154471,0.44860440581360944,-0.26773050814009164,-0.1,0.00032388093799591415,0.010153489251148416,0.9999482589216596,-0.000530317552507082,0.02265143934702124,0.775483019823072,-0.7101701490563896,-0.10001453931282718,-0.9998561479967066,-0.016948957539225443,-0.000645098071126973,4.262928737855377e-06,0.004262928737855377,4.26293315780278e-06,0.0042629331578027795,1,1.814582019300092,0.32804891941244585,,22,0.01892328593545408,0.0015427834150915723,1.5427834150915722,0.002457216584908428,2.457216584908428,50.39515391976381,0.01,0.01,0.0001,0.17453292519943295,0.17453292519943295,0.5235987755982988,0.02,solved,1.814582019300092,0.32804891941244585,-0.4651569322762805,0.659998981759643,0.0,0.0,0.0,-1.570796326794897,0.0008660637199154471,0.775483019823072,-0.7101701490563896,-0.10001453931282718,-0.9998561479967066,-0.016948957539225443,-0.000645098071126973,0.7754829465169627,-0.7101658867579911,-0.10001453317410898,-0.9998472324536736,-0.017466983272816882,-0.0006451744544573769,4.262928737855377e-06,0.004262928737855377,4.26293315780278e-06,0.0042629331578027795,-0.4651569322762805,0.659998981759643,0.0,0.0,0.0,-1.570796326794897,0.0008660637199154471,-0.4651569322762805,0.659998981759643,0.0,0.0,0.0,-1.570796326794897,0.020735153376228305,-0.4651569322762805,0.659998981759643,0.0,0.0,0.0,-1.570796326794897,0.02353462924577249,-0.4651569322762805,0.659998981759643,0.0,0.0,0.0,-0.5235987755982995,0.02352304338261772,-0.4651569322762805,0.659998981759643,0.0,0.0,0.0,-0.5235987755982995,0.024794327883272675,-0.4651569322762805,0.659998981759643,0.0,0.0,0.0,-0.5235987755982995,0.02682325243458505,-0.4651569322762805,0.659998981759643,0.0,0.0,0.0,-0.5235987755982995,0.028985928254228095,-0.4651569322762805,0.659998981759643,0.0,0.0,0.0,-0.5235987755982995,0.031008664384100264,-0.4651569322762805,0.659998981759643,0.0,0.0,0.0,-0.5235987755982995,0.03306621590342638,-0.4651569322762805,0.659998981759643,0.0,0.0,0.0,-0.5235987755982995,0.03578244839344976,-0.4651569322762805,0.659998981759643,0.0,0.0,0.0,-0.5235987755982995,0.038748037923499644,-0.4651569322762805,0.659998981759643,0.0,0.0,0.0,-0.5235987755982995,0.04053107076413546
66,solved,0,lti,1,24,24,24,35,-0.47515693227628053,0.669998981759643,0.0,0.0,0.0,-1.0471975511965983,0.0007351533762283045,0.43910126716808384,-0.2543305285048988,-0.1,0.0003183098084756753,-0.000318309765952967,0.9999997562716326,-0.0005336800861212584,0.022666142414545808,0.7754680331718006,-0.7101484052740875,-0.10001453243520944,-0.9998814248724625,-0.015385757714087338,-0.0006439367809292712,3.927361196262022e-06,0.003927361196262022,3.927365191125917e-06,0.003927365191125917,1,1.8145827385078914,0.4607287146698074,,22,0.04993443561925154,0.0015394712493441663,1.5394712493441662,0.0024605287506558335,2.4605287506558335,50.28927745570744,0.01,0.01,0.0001,0.17453292519943295,0.17453292519943295,0.5235987755982988,0.02,solved,1.8145827385078914,0.4607287146698074,-0.47515693227628053,0.669998981759643,0.0,0.0,0.0,-1.0471975511965983,0.0007351533762283045,0.7754680331718006,-0.7101484052740875,-0.10001453243520944,-0.9998814248724625,-0.015385757714087338,-0.0006439367809292712,0.7754679729581144,-0.7101444783745118,-0.10001452683355229,-0.9998742148992958,-0.015847386539743775,-0.0006439870937793313,3.927361196262022e-06,0.003927361196262022,3.927365191125917e-06,0.003927365191125917,-0.47515693227628053,0.669998981759643,0.0,0.0,0.0,-1.0471975511965983,0.0007351533762283045,-0.47515693227628053,0.669998981759643,0.0,0.0,0.0,-1.0471975511965983,0.020618008140556053,-0.47515693227628053,0.669998981759643,0.0,0.0,0.0,-6.66133814995774e-16,0.023680408081197053,-0.47515693227628053,0.669998981759643,0.0,0.0,0.0,-6.661338143522765e-16,0.023672879869526535,-0.47515693227628053,0.669998981759643,0.0,0.0,0.0,-6.661338126059218e-16,0.024924922576862994,-0.47515693227628053,0.669998981759643,0.0,0.0,0.0,-6.661338149934538e-16,0.0269350066892686,-0.47515693227628053,0.669998981759643,0.0,0.0,0.0,-6.661338140164611e-16,0.02908202526526784,-0.47515693227628053,0.669998981759643,0.0,0.0,0.0,-6.661338149881458e-16,0.031095841480848048,-0.47515693227628053,0.669998981759643,0.0,0.0,0.0,-6.66133814610837e-16,0.03316893419758512,-0.47515693227628053,0.669998981759643,0.0,0.0,0.0,-6.661338148290413e-16,0.03594961488037765,-0.47515693227628053,0.669998981759643,0.0,0.0,0.0,-6.661338149642567e-16,0.03895091201390501,-0.47515693227628053,0.669998981759643,0.0,0.0,0.0,-6.661338149519212e-16,0.04070232364626046
67,solved,0,lti,1,24,24,24,35,-0.48515693227628054,0.679998981759643,0.0,0.0,0.0,-0.5235987755982995,0.0006180081405560529,0.4293981285225582,-0.24073054886970593,-0.1,0.00031551111553509926,-0.005554267957908124,0.9999843818639785,-0.0005353394292110492,0.02267850257735693,0.7754554555645623,-0.7101301165639136,-0.10001452884116165,-0.9999007693319863,-0.014072593546928087,-0.000643117535563862,3.5734113836375006e-06,0.0035734113836375005,3.573414778392139e-06,0.003573414778392139,1,1.8145834135286494,0.5981001333172692,,22,0.0762085112762693,0.0015366623635923076,1.5366623635923076,0.0024633376364076925,2.4633376364076924,50.199701008984576,0.01,0.01,0.0001,0.17453292519943295,0.17453292519943295,0.5235987755982988,0.02,solved,1.8145834135286494,0.5981001333172692,-0.48515693227628054,0.679998981759643,0.0,0.0,0.0,-0.5235987755982995,0.0006180081405560529,0.7754554555645623,-0.7101301165639136,-0.10001452884116165,-0.9999007693319863,-0.014072593546928087,-0.000643117535563862,0.7754554062938411,-0.710126543492222,-0.10001452391554277,-0.9998948149414393,-0.014489492939941291,-0.0006431543892704451,3.5734113836375006e-06,0.0035734113836375005,3.573414778392139e-06,0.003573414778392139,-0.48515693227628054,0.679998981759643,0.0,0.0,0.0,-0.5235987755982995,0.0006180081405560529,-0.48515693227628054,0.679998981759643,0.0,0.0,0.0,0.5235987755982981,0.020513501741267315,-0.48515693227628054,0.679998981759643,0.0,0.0,0.0,0.5235987755982981,0.02380697327027795,-0.48515693227628054,0.679998981759643,0.0,0.0,0.0,0.5235987755982981,0.02379997995695149,-0.48515693227628054,0.679998981759643,0.0,0.0,0.0,0.5235987755982981,0.025029553512051283,-0.48515693227628054,0.679998981759643,0.0,0.0,0.0,0.5235987755982981,0.02702774209237048,-0.48515693227628054,0.679998981759643,0.0,0.0,0.0,0.5235987755982981,0.029162381707823606,-0.48515693227628054,0.679998981759643,0.0,0.0,0.0,0.5235987755982981,0.031169260893189943,-0.48515693227628054,0.679998981759643,0.0,0.0,0.0,0.5235987755982981,0.03325629031748121,-0.48515693227628054,0.679998981759643,0.0,0.0,0.0,0.5235987755982981,0.03609313044138492,-0.48515693227628054,0.679998981759643,0.0,0.0,0.0,0.5235987755982981,0.03912492165004846,-0.48515693227628054,0.679998981759643,0.0,0.0,0.0,0.5235987755982981,0.04084821117569562
68,solved,0,lti,1,24,24,24,35,-0.49515693227628055,0.689998981759643,0.0,0.0,0.0,1.047197551196597,0.0005135017412673142,0.4194949898770326,-0.22693056923451307,-0.1,0.00032109977479205884,0.004917657152625194,0.999987715180822,-0.0005320061119223197,0.022688772612182277,0.7754450438470027,-0.71011723467087,-0.10001453297635207,-0.99991335831083,-0.013147718183437978,-0.0006429448862785845,3.030655716790614e-06,0.003030655716790614,3.03065838267898e-06,0.00303065838267898,1,1.814584029728651,0.5310618961019498,,22,0.09828960445179391,0.0015342788214005633,1.5342788214005634,0.002465721178599437,2.465721178599437,50.124454092699764,0.01,0.01,0.0001,0.17453292519943295,0.17453292519943295,0.5235987755982988,0.02,solved,1.814584029728651,0.5310618961019498,-0.49515693227628055,0.689998981759643,0.0,0.0,0.0,1.047197551196597,0.0005135017412673142,0.7754450438470027,-0.71011723467087,-0.10001453297635207,-0.99991335831083,-0.013147718183437978,-0.0006429448862785845,0.7754450063554447,-0.7101142042470618,-0.10001452895655273,-0.9999081298886963,-0.01353951037753118,-0.0006429939555080181,3.030655716790614e-06,0.003030655716790614,3.03065838267898e-06,0.00303065838267898,-0.49515693227628055,0.689998981759643,0.0,0.0,0.0,1.047197551196597,0.0005135017412673142,-0.49515693227628055,0.689998981759643,0.0,0.0,0.0,1.047197551196597,0.02042701836234814,-0.49515693227628055,0.689998981759643,0.0,0.0,0.0,1.047197551196597,0.023913288749663645,-0.49515693227628055,0.689998981759643,0.0,0.0,0.0,1.047197551196597,0.02390715808540648,-0.49515693227628055,0.689998981759643,0.0,0.0,0.0,1.047197551196597,0.02511285283694381,-0.49515693227628055,0.689998981759643,0.0,0.0,0.0,1.047197551196597,0.027104290084491178,-0.49515693227628055,0.689998981759643,0.0,0.0,0.0,1.047197551196597,0.02922913314721682,-0.49515693227628055,0.689998981759643,0.0,0.0,0.0,1.047197551196597,0.031230622259798155,-0.49515693227628055,0.689998981759643,0.0,0.0,0.0,1.047197551196597,0.03332995848481424,-0.49515693227628055,0.689998981759643,0.0,0.0,0.0,1.047197551196597,0.036215054052498405,-0.49515693227628055,0.689998981759643,0.0,0.0,0.0,1.047197551196597,0.039272468001343576,-0.49515693227628055,0.689998981759643,0.0,0.0,0.0,1.047197551196597,0.04097133823585916
69,solved,0,lti,1,24,24,24,35,-0.5051569322762806,0.699998981759643,0.0,0.0,0.0,1.5707963267948957,0.000427018362348139,0.409391851231507,-0.2129305895993202,-0.1,0.0003294165503214953,0.02062417482373395,0.9997871059767033,-0.0005268968635971375,0.02269731297942924,0.775436390991405,-0.71010632815418,-0.10001453819854951,-0.9999233383974538,-0.012365434526896039,-0.0006429284968015243,2.6327742420042004e-06,0.0026327742420042006,2.6327766855733444e-06,0.0026327766855733445,1,1.8145846922445243,0.3884017993500016,,22,0.11485534175132363,0.001533777279237368,1.533777279237368,0.002466222720762632,2.466222720762632,50.071457732328234,0.01,0.01,0.0001,0.17453292519943295,0.17453292519943295,0.5235987755982988,0.02,solved,1.8145846922445243,0.3884017993500016,-0.5051569322762806,0.699998981759643,0.0,0.0,0.0,1.5707963267948957,0.000427018362348139,0.775436390991405,-0.71010632815418,-0.10001453819854951,-0.9999233383974538,-0.012365434526896039,-0.0006429284968015243,0.7754363606411414,-0.7101036955548806,-0.10001453461152598,-0.9999186607295616,-0.012738072166632933,-0.0006429947723874928,2.6327742420042004e-06,0.0026327742420042006,2.6327766855733444e-06,0.0026327766855733445,-0.5051569322762806,0.699998981759643,0.0,0.0,0.0,1.5707963267948957,0.000427018362348139,-0.5051569322762806,0.699998981759643,0.0,0.0,0.0,1.5707963267948957,0.020297355899893874,-0.5051569322762806,0.699998981759643,0.0,0.0,0.0,1.5707963267948957,0.023987466225130243,-0.5051569322762806,0.699998981759643,0.0,0.0,0.0,1.5707963267948957,0.02398257016445116,-0.5051569322762806,0.699998981759643,0.0,0.0,0.0,1.5707963267948957,0.025176339125495127,-0.5051569322762806,0.699998981759643,0.0,0.0,0.0,1.5707963267948957,0.027167402661501517,-0.5051569322762806,0.699998981759643,0.0,0.0,0.0,1.5707963267948957,0.029285287225435466,-0.5051569322762806,0.699998981759643,0.0,0.0,0.0,1.5707963267948957,0.031282832754167114,-0.5051569322762806,0.699998981759643,0.0,0.0,0.0,1.5707963267948957,0.03339344136253475,-0.5051569322762806,0.699998981759643,0.0,0.0,0.0,1.5707963267948957,0.036319545045020885,-0.5051569322762806,0.699998981759643,0.0,0.0,0.0,1.5707963267948957,0.03939716104302783,-0.5051569322762806,0.699998981759643,0.0,0.0,0.0,1.5707963267948957,0.04107433033227698
70,solved,0,lti,1,24,24,24,35,-0.5151569322762806,0.709998981759643,0.0,0.0,0.0,2.0943951023931944,0.000297355899893874,0.3990887125859814,-0.19873060996412734,-0.1,0.0003403787991810255,0.041557612968707844,0.9991359160138198,-0.0005198825266945388,0.022703260097427118,0.7754303522391118,-0.7100969052172972,-0.10001454334411247,-0.9999314533711888,-0.011690811695216515,-0.0006430247967024534,2.2567583919619153e-06,0.0022567583919619154,2.256760572951535e-06,0.002256760572951535,1,1.814585164499122,0.29220740634644593,,22,0.12877496029587487,0.0015332295868540839,1.533229586854084,0.002466770413145916,2.466770413145916,50.026632534108046,0.01,0.01,0.0001,0.17453292519943295,0.17453292519943295,0.5235987755982988,0.02,solved,1.814585164499122,0.29220740634644593,-0.5151569322762806,0.709998981759643,0.0,0.0,0.0,2.0943951023931944,0.000297355899893874,0.7754303522391118,-0.7100969052172972,-0.10001454334411247,-0.9999314533711888,-0.011690811695216515,-0.0006430247967024534,0.7754303277679592,-0.7100946485915856,-0.10001454020660741,-0.9999272047796022,-0.012048715653343993,-0.000643111775947471,2.2567583919619153e-06,0.0022567583919619154,2.256760572951535e-06,0.002256760572951535,-0.5151569322762806,0.709998981759643,0.0,0.0,0.0,2.0943951023931944,0.000297355899893874,-0.5151569322762806,0.709998981759643,0.0,0.0,0.0,2.0943951023931944,0.020249701775031503,-0.5151569322762806,0.709998981759643,0.0,0.0,0.0,2.0943951023931944,0.024050219874367534,-0.5151569322762806,0.709998981759643,0.0,0.0,0.0,2.0943951023931944,0.024046235569574626,-0.5151569322762806,0.709998981759643,0.0,0.0,0.0,2.0943951023931944,0.025221155741883307,-0.5151569322762806,0.709998981759643,0.0,0.0,0.0,2.0943951023931944,0.027213380254948596,-0.5151569322762806,0.709998981759643,0.0,0.0,0.0,2.0943951023931944,0.029326811419701657,-0.5151569322762806,0.709998981759643,0.0,0.0,0.0,2.0943951023931944,0.03132260841690455,-0.5151569322762806,0.709998981759643,0.0,0.0,0.0,2.0943951023931944,0.03344363537405893,-0.5151569322762806,0.709998981759643,0.0,0.0,0.0,2.0943951023931944,0.03640261242430945,-0.5151569322762806,0.709998981759643,0.0,0.0,0.0,2.0943951023931944,0.03949545606663418,-0.5151569322762806,0.709998981759643,0.0,0.0,0.0,2.0943951023931944,0.04115718147783179
71,solved,0,lti,1,24,24,24,35,-0.5251569322762806,0.719998981759643,0.0,0.0,0.0,2.617993877991493,0.0002497017750315023,0.3885855739404558,-0.18433063032893449,-0.1,0.00035387109789514583,0.06769770143870125,0.9977056856028977,-0.0005107942977057388,0.02270825413292775,0.7754252814208283,-0.710088573132826,-0.10001454895372983,-0.999938244786437,-0.011094724443406314,-0.0006431974382093403,1.9013836324651878e-06,0.0019013836324651878,1.9013856365558363e-06,0.0019013856365558363,1,1.8145855352515994,0.23066868864522874,,22,0.13986380205692203,0.00153166659792587,1.53166659792587,0.00246833340207413,2.4683334020741303,49.987976696052776,0.01,0.01,0.0001,0.17453292519943295,0.17453292519943295,0.5235987755982988,0.02,solved,1.8145855352515994,0.23066868864522874,-0.5251569322762806,0.719998981759643,0.0,0.0,0.0,2.617993877991493,0.0002497017750315023,0.7754252814208283,-0.710088573132826,-0.10001454895372983,-0.999938244786437,-0.011094724443406314,-0.0006431974382093403,0.7754252618548109,-0.7100866718498674,-0.10001454619309687,-0.9999343426969096,-0.011440998688715577,-0.0006433073168593256,1.9013836324651878e-06,0.0019013836324651878,1.9013856365558363e-06,0.0019013856365558363,-0.5251569322762806,0.719998981759643,0.0,0.0,0.0,2.617993877991493,0.0002497017750315023,-0.5251569322762806,0.719998981759643,0.0,0.0,0.0,2.617993877991493,0.0202141232733548,-0.5251569322762806,0.719998981759643,0.0,0.0,0.0,2.617993877991493,0.024104400071444102,-0.5251569322762806,0.719998981759643,0.0,0.0,0.0,2.617993877991493,0.024101079820463462,-0.5251569322762806,0.719998981759643,0.0,0.0,0.0,2.617993877991493,0.025256745517837777,-0.5251569322762806,0.719998981759643,0.0,0.0,0.0,2.617993877991493,0.027249982066347954,-0.5251569322762806,0.719998981759643,0.0,0.0,0.0,2.617993877991493,0.029359541477132742,-0.5251569322762806,0.719998981759643,0.0,0.0,0.0,2.617993877991493,0.03135398927635117,-0.5251569322762806,0.719998981759643,0.0,0.0,0.0,2.617993877991493,0.03348337640247034,-0.5251569322762806,0.719998981759643,0.0,0.0,0.0,2.617993877991493,0.03646877373555252,-0.5251569322762806,0.719998981759643,0.0,0.0,0.0,2.617993877991493,0.039573384975696464,-0.5251569322762806,0.719998981759643,0.0,0.0,0.0,2.617993877991493,0.041223582123529466
72,solved,0,lti,1,24,24,24,35,-0.535164205620772,0.7300089197414625,2.279830815786017e-09,0.0,0.0,3.141592658611509,0.0002141166239619672,0.37788228982804034,-0.16973045193410524,-0.1,0.0003697409205188187,0.09900298968098437,0.9950869418792804,-0.0004994268917350279,0.02271253646540699,0.7754209323002416,-0.7100809471492507,-0.10001455472278535,-0.9999441452437071,-0.010549521865066734,-0.0006434137476308119,1.568636652103721e-06,0.001568636652103721,1.5686384492860756e-06,0.0015686384492860756,1,1.7577026695994926,0.18346350164000147,,22,0.14949357798546448,0.0015300806668957596,1.5300806668957596,0.0024699193331042405,2.4699193331042406,49.95382119375454,0.01,0.01,0.0001,0.17453292519943295,0.17453292519943295,0.5235987755982988,0.02,solved,1.7577026695994926,0.18346350164000147,-0.535164205620772,0.7300089197414625,2.279830815786017e-09,0.0,0.0,3.141592658611509,0.0002141166239619672,0.7754209323002416,-0.7100809471492507,-0.10001455472278535,-0.9999441452437071,-0.010549521865066734,-0.0006434137476308119,0.775420916834012,-0.7100793785888464,-0.10001455234828426,-0.999940537588076,-0.010886098223038555,-0.0006435476267937073,1.568636652103721e-06,0.001568636652103721,1.5686384492860756e-06,0.0015686384492860756,-0.535164205620772,0.7300089197414625,2.279830815786017e-09,0.0,0.0,3.141592658611509,0.0002141166239619672,-0.5351640900702312,0.7300087622152227,2.245629498750141e-09,0.0,0.0,3.1415926584476344,0.020188340752809564,-0.535163861286242,0.7300084499353933,2.1781650474638343e-09,0.0,0.0,3.1415926581467204,0.024152344707870657,-0.5351635233939935,0.7300079881859066,2.078857589447187e-09,0.0,0.0,3.1415926577362487,0.02414937132577626,-0.5351630821938315,0.7300073845653499,1.949447782662927e-09,0.0,0.0,3.141592657244802,0.025286173980534666,-0.5351625442212811,0.7300066485759966,1.7896103865557526e-09,0.0,0.0,3.1415926567010066,0.027280446333168083,-0.5351619178626482,0.7300057919056714,1.600477827171535e-09,0.0,0.0,3.141592656132706,0.02938644812626196,-0.5351612129645361,0.7300048281487119,1.3839806126395447e-09,0.0,0.0,3.1415926555662046,0.031379440514186056,-0.5351604406389185,0.7300037725731388,1.1427791890452578e-09,0.0,0.0,3.141592655025621,0.03351550719828632,-0.5351596130450561,0.7300026418588471,8.798308549417574e-10,0.0,0.0,3.141592654532237,0.03652272571200584,-0.5351587432078346,0.7300014538297931,5.987169064149485e-10,0.0,0.0,3.1415926550821833,0.039635795606560456,-0.5351578447821332,0.7300002271436794,3.0343958827285533e-10,0.0,0.0,2.8843580067437604,0.041277089401556055
73,solved,0,lti,1,24,24,24,35,-0.5451640900702311,0.7400087622152226,0.0,0.0,0.0,3.665191434045933,0.00018834075280956328,0.36697900802663574,-0.15493027668980078,-0.1,0.00038779345378085907,0.1354001747412363,0.9907907985768107,-0.00048554279492020843,0.02271630328046318,0.7754171049632598,-0.7100736830680802,-0.10001456036694642,-0.9999494859418255,-0.010030517752081046,-0.0006436445478952249,1.2585659115479153e-06,0.0012585659115479154,1.2585676159348451e-06,0.0012585676159348452,1,1.7535483346569658,0.15672996292510788,,22,0.15811684243314497,0.0015284077211226246,1.5284077211226246,0.0024715922788773755,2.4715922788773756,49.92258155502871,0.01,0.01,0.0001,0.17453292519943295,0.17453292519943295,0.5235987755982988,0.02,solved,1.7535483346569658,0.15672996292510788,-0.5451640900702311,0.7400087622152226,0.0,0.0,0.0,3.665191434045933,0.00018834075280956328,0.7754171049632598,-0.7100736830680802,-0.10001456036694642,-0.9999494859418255,-0.010030517752081046,-0.0006436445478952249,0.7754170929371456,-0.7100724245596272,-0.10001455829567399,-0.9999461447005338,-0.010358243908177965,-0.0006438025146612631,1.2585659115479153e-06,0.0012585659115479154,1.2585676159348451e-06,0.0012585676159348452,-0.5451640900702311,0.7400087622152226,0.0,0.0,0.0,3.665191434045933,0.00018834075280956328,-0.545163861286242,0.7400084499353932,0.0,0.0,0.0,3.665191433745019,0.02017179714437275,-0.5451635233939934,0.7400079881859065,0.0,0.0,0.0,3.6651914333345474,0.02419634919257115,-0.5451630821938314,0.7400073845653498,0.0,0.0,0.0,3.6651914328431006,0.024193390211279704,-0.545162544221281,0.7400066485759965,0.0,0.0,0.0,3.6651914322993053,0.02531136989031054,-0.5451619178626481,0.7400057919056713,0.0,0.0,0.0,3.665191431731005,0.027306666965069174,-0.545161212964536,0.7400048281487118,0.0,0.0,0.0,3.6651914311645033,0.029409290689707206,-0.5451604406389184,0.7400037725731387,0.0,0.0,0.0,3.6651914306239197,0.03140069952164475,-0.545159613045056,0.740002641858847,0.0,0.0,0.0,3.6651914301305357,0.033542320877202526,-0.5451587432078345,0.740001453829793,0.0,0.0,0.0,3.665191430680482,0.0365678040368232,-0.5451578447821331,0.7400002271436793,0.0,0.0,0.0,3.407956782342059,0.039686573730406405,-0.5451578447821331,0.7400002271436793,0.0,0.0,0.0,2.6469451148709844,0.04132114971693083
74,solved,0,lti,1,24,24,24,35,-0.5551597664315782,0.7500028391363446,-2.041148679032701e-09,0.0,0.0,4.188790137093717,0.0001718076598595773,0.35587581269800417,-0.13993021990707388,-0.1,0.0004077857146687333,0.1767714175163574,0.9842517359972952,-0.00046887778728185167,0.02271973943366037,0.7754136117514792,-0.7100664769029764,-0.10001456563283395,-0.9999545151761733,-0.009515934988748352,-0.0006438633970045445,9.711474663855003e-07,0.0009711474663855003,9.711491187241134e-07,0.0009711491187241134,1,1.7691623902473248,0.1413389119953836,,22,0.1661251647614752,0.0015265749947854447,1.5265749947854448,0.0024734250052145554,2.473425005214555,49.89284323251372,0.01,0.01,0.0001,0.17453292519943295,0.17453292519943295,0.5235987755982988,0.02,solved,1.7691623902473248,0.1413389119953836,-0.5551597664315782,0.7500028391363446,-2.041148679032701e-09,0.0,0.0,4.188790137093717,0.0001718076598595773,0.7754136117514792,-0.7100664769029764,-0.10001456563283395,-0.9999545151761733,-0.009515934988748352,-0.0006438633970045445,0.7754136026121832,-0.7100655057985151,-0.1000145638413732,-0.9999514302194361,-0.009834755137219632,-0.0006440446375183856,9.711474663855003e-07,0.0009711474663855003,9.711491187241134e-07,0.0009711491187241134,-0.5551597664315782,0.7500028391363446,-2.041148679032701e-09,0.0,0.0,4.188790137093717,0.0001718076598595773,-0.5551595020448127,0.7500024783630542,-2.010667405597833e-09,0.0,0.0,4.188790138875821,0.02016330629573,-0.5551592041335927,0.750002071646954,-1.9504835169108365e-09,0.0,0.0,4.188790142437331,0.024238402201229102,-0.5551588744054042,0.7500016219085213,-1.8618187242946266e-09,0.0,0.0,4.188790147453273,0.024235166694960692,-0.5551585154411235,0.7500011329066953,-1.7461905747882057e-09,0.0,0.0,4.188790153585508,0.025333795357181253,-0.5551581308662191,0.7500006093235158,-1.603297463094483e-09,0.0,0.0,4.188790160492429,0.027330032953533846,-0.5551577247446602,0.7500000565531902,-1.4341209633119254e-09,0.0,0.0,4.188790167838181,0.029429326839316258,-0.5551573016435922,0.7499994807149216,-1.2403836429629383e-09,0.0,0.0,4.188790175301492,0.03141901900460176,-0.5551568666435184,0.7499988886310174,-1.0244254068432438e-09,0.0,0.0,4.188790183562153,0.03356537815892445,-0.555156425293711,0.7499982877630689,-7.888813634390037e-10,0.0,0.0,3.9315555424063846,0.03660638613151411,-0.5551568965054242,0.7499989322994517,-5.369216646558574e-10,0.0,0.0,3.1705438621823157,0.03972884914406524,-0.5551573740185625,0.7499995847990569,-2.7216824576673226e-10,0.0,0.0,2.3132235673245902,0.04135869820662532
75,solved,0,lti,1,24,24,24,35,-0.5651519935321999,0.7599922555083302,4.827298673904093e-09,0.0,0.0,4.712388917129503,0.00016329649260076612,0.34457277282736015,-0.12473037479690728,-0.1,0.00042942018962805807,0.22293978441076942,0.9748320195763531,-0.00044914793691390545,0.022723005363512384,0.7754102902271502,-0.7100590651534934,-0.10001457028223222,-0.9999594094146077,-0.008986919822013115,-0.0006440460399463558,7.066940469816136e-07,0.0007066940469816136,7.066957279286096e-07,0.0007066957279286097,1,1.5472650823952234,0.11313516438069361,,22,0.17387160784081515,0.0015245266407190694,1.5245266407190694,0.0024754733592809307,2.475473359280931,49.86335840114947,0.01,0.01,0.0001,0.17453292519943295,0.17453292519943295,0.5235987755982988,0.02,solved,1.5472650823952234,0.11313516438069361,-0.5651519935321999,0.7599922555083302,4.827298673904093e-09,0.0,0.0,4.712388917129503,0.00016329649260076612,0.7754102902271502,-0.7100590651534934,-0.10001457028223222,-0.9999594094146077,-0.008986919822013115,-0.0006440460399463558,0.7754102834956879,-0.7100583584915067,-0.10001456874085839,-0.9999565841949921,-0.009295949033940607,-0.0006442488975703559,7.066940469816136e-07,0.0007066940469816136,7.066957279286096e-07,0.0007066957279286097,-0.5651519935321999,0.7599922555083302,4.827298673904093e-09,0.0,0.0,4.712388917129503,0.00016329649260076612,-0.5651517913942965,0.7599919791395983,4.753618929221249e-09,0.0,0.0,4.7123889205919225,0.020161722307815214,-0.5651516545539356,0.7599917921528996,4.6083335823912424e-09,0.0,0.0,4.71238892542472,0.02428020201574206,-0.565151588263022,0.7599917021619182,4.394781955146598e-09,0.0,0.0,4.712388931305244,0.024276473096753383,-0.5651515990443577,0.759991718022862,4.117168139458619e-09,0.0,0.0,4.712388937908187,0.02535458975549154,-0.5651516939167133,0.7599918486427146,3.775411292360306e-09,0.0,0.0,4.712388944913929,0.027351622056450302,-0.565151878065724,0.7599921007254565,3.3724912046689227e-09,0.0,0.0,4.712388951977028,0.02944749822350473,-0.5651521538451848,0.7599924771960206,2.913039580216281e-09,0.0,0.0,4.7123887410513,0.03143527424355306,-0.5651525198699985,0.759992975936577,2.402996958361918e-09,0.0,0.0,4.3091995090452775,0.03358573354412519,-0.5651538853145428,0.7599948375955119,1.8485934392281478e-09,0.0,0.0,3.371482407189086,0.03664014094601177,-0.565155326362555,0.7599968008804826,1.25714739161331e-09,0.0,0.0,2.39003401500256,0.0397649583568218,-0.5651563381296324,0.7599981766935571,6.369207734036422e-10,0.0,0.0,2.2181433694589927,0.0413914438113445
76,solved,0,lti,1,24,24,24,35,-0.5751397440772319,0.7699755913411243,5.599132454875899e-09,0.0,0.0,5.235987697528128,0.0001617148831274063,0.3330699779458155,-0.10933086297008479,-0.1,0.00045233827070637143,0.2736530185429449,0.9618282795316253,-0.0004260582792865131,0.022726239661174933,0.775407000540845,-0.7100512267715413,-0.1000145740897494,-0.9999642790519044,-0.008427672575929435,-0.000644170131060527,4.655676622097287e-07,0.0004655676622097287,4.6556950061776066e-07,0.00046556950061776067,1,1.3976265901430702,0.09605485653334084,,22,0.18166206395083465,0.0015222140769884692,1.5222140769884693,0.0024777859230115306,2.4777859230115307,49.83304676554738,0.01,0.01,0.0001,0.17453292519943295,0.17453292519943295,0.5235987755982988,0.02,solved,1.3976265901430702,0.09605485653334084,-0.5751397440772319,0.7699755913411243,5.599132454875899e-09,0.0,0.0,5.235987697528128,0.0001617148831274063,0.775407000540845,-0.7100512267715413,-0.1000145740897494,-0.9999642790519044,-0.008427672575929435,-0.000644170131060527,0.7754069957929737,-0.7100507612280892,-0.10001457278138781,-0.9999617261486428,-0.00872530782063341,-0.000644392164689387,4.655676622097287e-07,0.0004655676622097287,4.6556950061776066e-07,0.00046556950061776067,-0.5751397440772319,0.7699755913411243,5.599132454875899e-09,0.0,0.0,5.235987697528128,0.0001617148831274063,-0.5751397967928442,0.7699756622391459,5.5158489778410625e-09,0.0,0.0,5.235987702317219,0.020166297910093302,-0.575140106107511,0.7699760836348218,5.351297010491458e-09,0.0,0.0,5.235987708116494,0.024323380995209268,-0.5751406725375677,0.7699768565548787,5.1087086165175265e-09,0.0,0.0,5.235987714607081,0.024319047840766873,-0.5751414941751408,0.7699779780861423,4.792172285622592e-09,0.0,0.0,5.235987721476155,0.025374873019726647,-0.5751425658715897,0.7699794398825626,4.400825579887369e-09,0.0,0.0,5.235987731533914,0.0273725391577901,-0.5751438765826302,0.7699812261606434,3.937250439878177e-09,0.0,0.0,5.1447804756808075,0.029464776000586373,-0.5751454097158767,0.7699833136514372,3.4060602089311387e-09,0.0,0.0,4.53162501664723,0.031450338611313744,-0.5751480557825824,0.7699869175222572,2.81366510601969e-09,0.0,0.0,3.4949565270068024,0.03360462741159206,-0.5751508706561197,0.769990748751125,2.167234829239582e-09,0.0,0.0,2.455989317384414,0.03667103621490549,-0.5751533275936601,0.769994088467213,1.4752915507322158e-09,0.0,0.0,2.142944439840908,0.039797420452865676,-0.5751548208796206,0.7699961167679735,7.479555346467362e-10,0.0,0.0,2.00864874814353,0.04142121511230958
77,solved,0,lti,1,24,24,24,35,-0.5851610756586292,0.7800045688151339,-4.7806616012957e-10,0.0,0.0,4.920983626492241,0.00016629669115646607,0.3213667564326429,-0.09373077159378211,-0.1,0.0004727484854159075,0.3206340566774277,0.9472029431769137,-0.0004032920009511475,0.02272956559499806,0.7754036196975378,-0.7100429159832551,-0.10001457568771492,-0.9999690993667262,-0.007834883839124052,-0.0006441326926656643,3.2239324524050736e-07,0.00032239324524050735,3.2239454997177824e-07,0.00032239454997177823,1,1.739499571190896,0.11568758995296582,,22,0.18975547957142058,0.0015195992649502514,1.5195992649502514,0.0024804007350497487,2.4804007350497486,49.80100304279671,0.01,0.01,0.0001,0.17453292519943295,0.17453292519943295,0.5235987755982988,0.02,solved,1.739499571190896,0.11568758995296582,-0.5851610756586292,0.7800045688151339,-4.7806616012957e-10,0.0,0.0,4.920983626492241,0.00016629669115646607,0.7754036196975378,-0.7100429159832551,-0.10001457568771492,-0.9999690993667262,-0.007834883839124052,-0.0006441326926656643,0.7754036161079139,-0.7100425936099944,-0.10001457660492526,-0.9999669079802435,-0.008109724064956912,-0.0006444532733367297,3.2239324524050736e-07,0.00032239324524050735,3.2239454997177824e-07,0.00032239454997177823,-0.5851610756586292,0.7800045688151339,-4.7806616012957e-10,0.0,0.0,4.920983626492241,0.00016629669115646607,-0.5851610496360454,0.780004534515176,-4.709689517008998e-10,0.0,0.0,4.80915168317557,0.020175730665205713,-0.585160951234878,0.7800044033883291,-4.569394548749255e-10,0.0,0.0,4.712388937725523,0.024369177445813135,-0.5851607896768614,0.7800041870399641,-4.362529087595882e-10,0.0,0.0,4.712388945762478,0.02436422530054982,-0.5851605758004429,0.7800038983339461,-4.09255546099223e-10,0.0,0.0,4.712388955827603,0.025395710743631478,-0.5851603171432003,0.780003548463782,-3.7587035530615345e-10,0.0,0.0,4.6211816999844935,0.02739351283281917,-0.5851600210273892,0.7800031475230411,-3.363114636383648e-10,0.0,0.0,4.008026240962711,0.029481944683340245,-0.5851606062745186,0.7800039496817046,-2.9097510510637643e-10,0.0,0.0,2.971357752021704,0.03146508476891397,-0.5851611608998168,0.7800047099398524,-2.404031253246308e-10,0.0,0.0,1.9323987648672996,0.03362326973754724,-0.5851611934210104,0.7800047575831951,-1.8520238137835566e-10,0.0,0.0,1.6193172746865432,0.03670063668366305,-0.5851601366468596,0.7800033251789992,-1.2609030524052046e-10,0.0,0.0,1.4850499722079586,0.03982791989820506,-0.5851575008085992,0.779999749970212,-6.393851507267935e-11,0.0,0.0,1.4850499725310367,0.04144972289565576
78,solved,0,lti,1,24,24,24,35,-0.5951472655229202,0.789985841042793,-2.6508051356751347e-09,0.0,0.0,4.285552907955816,0.0001757403518903312,0.3094638111221845,-0.07793105477292625,-0.1,0.0004895924299324997,0.36092012302504745,0.9325965251168461,-0.00038266802982089474,0.02273308040203587,0.7754000538121029,-0.7100345895764641,-0.10001457533855308,-0.9999735758511525,-0.007241058654563294,-0.0006439479951933006,5.468515315600744e-07,0.0005468515315600744,5.468525683799791e-07,0.0005468525683799791,1,1.7417873544294988,0.13753245150375604,,22,0.19826681009043182,0.0015167456382412122,1.5167456382412121,0.0024832543617587877,2.483254361758788,49.76703762869453,0.01,0.01,0.0001,0.17453292519943295,0.17453292519943295,0.5235987755982988,0.02,solved,1.7417873544294988,0.13753245150375604,-0.5951472655229202,0.789985841042793,-2.6508051356751347e-09,0.0,0.0,4.285552907955816,0.0001757403518903312,0.7754000538121029,-0.7100345895764641,-0.10001457533855308,-0.9999735758511525,-0.007241058654563294,-0.0006439479951933006,0.7754000490613439,-0.710034042745569,-0.10001457640343532,-0.9999717811032214,-0.007484778609220958,-0.0006442720092759732,5.468515315600744e-07,0.0005468515315600744,5.468525683799791e-07,0.0005468525683799791,-0.5951472655229202,0.789985841042793,-2.6508051356751347e-09,0.0,0.0,4.285552907955816,0.0001757403518903312,-0.5951473837757355,0.7899860038847507,-2.6115282706223892e-09,0.0,0.0,4.188790162493486,0.020186132642763067,-0.5951476518417812,0.7899863708439163,-2.5338807131324697e-09,0.0,0.0,4.188790170508064,0.024417442721496988,-0.5951480735435811,0.7899869455926664,-2.4193467437386916e-09,0.0,0.0,4.1887901805429175,0.02441206861675329,-0.595148646233947,0.7899877258261981,-2.269828454480696e-09,0.0,0.0,4.097582924663926,0.025419414471983173,-0.5951493653862067,0.7899887044768347,-2.08485816766283e-09,0.0,0.0,3.4844274656029217,0.0274151575813532,-0.5951511345356395,0.7899911144294108,-1.8655964665106627e-09,0.0,0.0,2.4477589766215466,0.02949962053069994,-0.5951530235159908,0.7899936856869145,-1.614235588522999e-09,0.0,0.0,1.408799989427679,0.031480143161175006,-0.5951545201350095,0.7899957192263403,-1.333772519479893e-09,0.0,0.0,1.0957184937559978,0.033642649485866136,-0.5951550343406345,0.7899964164485039,-1.0275656840205717e-09,0.0,0.0,0.9688406540706422,0.03672998938552674,-0.5951540520101515,0.7899950813564367,-6.996021785471237e-10,0.0,0.0,1.0630975751224205,0.03985765408653927,-0.5951557618174604,0.7899973964787792,-3.547615328035508e-10,0.0,0.0,1.140006792906654,0.04147792527487746
79,solved,0,lti,1,24,24,24,35,-0.6051473837757355,0.7999860038847507,0.0,0.0,0.0,3.6651913868951875,0.00018613264276306696,0.2973608634466698,-0.06193133469523124,-0.1,0.0005032859922725578,0.39485152184358013,0.9187447358011039,-0.00036447054541683034,0.02273680305489113,0.7753962859739646,-0.7100266232781047,-0.10001457376868124,-0.9999775284371701,-0.00667295388707916,-0.0006436669244654154,6.765623138297899e-07,0.0006765623138297899,6.765628016271399e-07,0.0006765628016271399,1,1.8145867513389577,0.17528673017843205,,22,0.20691068402938004,0.0015140221548730966,1.5140221548730965,0.0024859778451269037,2.4859778451269037,49.733012989114904,0.01,0.01,0.0001,0.17453292519943295,0.17453292519943295,0.5235987755982988,0.02,solved,1.8145867513389577,0.17528673017843205,-0.6051473837757355,0.7999860038847507,0.0,0.0,0.0,3.6651913868951875,0.00018613264276306696,0.7753962859739646,-0.7100266232781047,-0.10001457376868124,-0.9999775284371701,-0.00667295388707916,-0.0006436669244654154,0.7753962808850743,-0.7100259467349297,-0.10001457458111637,-0.9999760519924761,-0.0068906271519752205,-0.0006439712674839606,6.765623138297899e-07,0.0006765623138297899,6.765628016271399e-07,0.0006765628016271399,-0.6051473837757355,0.7999860038847507,0.0,0.0,0.0,3.6651913868951875,0.00018613264276306696,-0.6051476518417812,0.7999863708439163,0.0,0.0,0.0,3.665191394909765,0.020186125637416452,-0.6051480735435811,0.7999869455926664,0.0,0.0,0.0,3.665191404944619,0.0244658184727065,-0.605148646233947,0.7999877258261981,0.0,0.0,0.0,3.5739841490656272,0.0244601915104977,-0.6051493653862067,0.7999887044768347,0.0,0.0,0.0,2.960828690004623,0.025444838065718005,-0.6051511345356395,0.7999911144294108,0.0,0.0,0.0,1.924160201023248,0.02743779519919037,-0.6051530235159908,0.7999936856869145,0.0,0.0,0.0,0.8852012138293802,0.029518333967013546,-0.6051545201350095,0.7999957192263403,0.0,0.0,0.0,0.572119718157699,0.03149616261492299,-0.6051550343406346,0.7999964164485039,0.0,0.0,0.0,0.4452418784723434,0.03366368485925762,-0.6051540520101515,0.7999950813564367,0.0,0.0,0.0,0.5394987995241217,0.03675993997834801,-0.6051557618174604,0.7999973964787792,0.0,0.0,0.0,0.6164080173083551,0.03988759811312122,-0.6051557618174604,0.7999973964787792,0.0,0.0,0.0,0.6164080173083551,0.04150648924370597
80,maximum iterations reached,1,lti,1,24,24,24,35,0.0,0.0,0.0,0.0,0.0,0.0,0.0,0.2973608634466698,-0.06193133469523124,-0.1,0.0005032859922725578,0.39485152184358013,0.9187447358011039,-0.00036447054541683034,0.02273680305489113,0.7753962859739646,-0.7100266232781047,-0.10001457376868124,-0.9999775284371701,-0.00667295388707916,-0.0006436669244654154,nan,nan,nan,nan,0,nan,nan,,22,0.21541303223576727,0.0015116865598391756,1.5116865598391755,0.0024883134401608243,2.4883134401608245,49.70046220139133,0.01,0.01,0.0001,0.17453292519943295,0.17453292519943295,0.5235987755982988,0.02,0.0,0.0,0.0,0.0,0.0,0.0,0.0,0.0,0.0,0.0,0.0,0.0,0.0,0.0,0.0,0.0,0.0,0.0,0.0,0.0,0.0,0.0,0.0,0.0,0.0,0.0,0.0,0.0,0.0,0.0,0.0,0.0,0.0,0.0,0.0,0.0,0.0,0.0,0.0,0.0,0.0,0.0,0.0,0.0,0.0,0.0,0.0,0.0,0.0,0.0,0.0,0.0,0.0,0.0,0.0,0.0,0.0,0.0,0.0,0.0,0.0,0.0,0.0,0.0,0.0,0.0,0.0,0.0,0.0,0.0,0.0,0.0,0.0,0.0,0.0,0.0,0.0,0.0,0.0,0.0,0.0,0.0,0.0,0.0
